particle_id,phase,source_path,source_folder,stl_size_bytes,stl_size_mib,stl_format,metadata_volume_um3,metadata_evsd_um,size_rank,size_bin_index,size_bin,input_unit,input_scale_to_meters,target_edge_length_native,target_edge_length_m,surface_path,surface_file_size_bytes,surface_n_points_surface,surface_n_triangles_surface,surface_surface_area,surface_surface_volume,surface_bbox_xmin,surface_bbox_xmax,surface_bbox_ymin,surface_bbox_ymax,surface_bbox_zmin,surface_bbox_zmax,surface_bbox_diagonal,surface_boundary_edge_count,surface_non_manifold_edge_count,surface_connected_components,surface_is_watertight,surface_area_min,surface_area_median,surface_area_p95,surface_area_max,surface_min_angle_min,surface_min_angle_median,surface_min_angle_p95,surface_min_angle_max,surface_max_angle_min,surface_max_angle_median,surface_max_angle_p95,surface_max_angle_max,surface_aspect_ratio_min,surface_aspect_ratio_median,surface_aspect_ratio_p95,surface_aspect_ratio_max,msh_path,merrill_msh_path,merrill_msh_size_bytes,merrill_msh_size_mib,mesh_strategy,voxel_spacing_native,voxel_cells,voxel_points,msh_size_bytes,msh_size_mib,n_nodes,n_tets,bbox_xmin,bbox_xmax,bbox_ymin,bbox_ymax,bbox_zmin,bbox_zmax,volume_min,volume_median,volume_p95,volume_max,scaled_jacobian_min,scaled_jacobian_median,scaled_jacobian_p95,scaled_jacobian_max,radius_ratio_min,radius_ratio_median,radius_ratio_p95,radius_ratio_max,aspect_ratio_min,aspect_ratio_median,aspect_ratio_p95,aspect_ratio_max,min_angle_min,min_angle_median,min_angle_p95,min_angle_max,max_angle_min,max_angle_median,max_angle_p95,max_angle_max,edge_length_min,edge_length_median,edge_length_p95,edge_length_max,edge_length_min_m,edge_length_median_m,edge_length_p95_m,edge_length_max_m,bbox_xmin_m,bbox_xmax_m,bbox_ymin_m,bbox_ymax_m,bbox_zmin_m,bbox_zmax_m,mesh_storage_bytes,vector_state_bytes,scalar_state_bytes,tet_workspace_bytes,sparse_operator_bytes,estimated_memory_bytes,estimated_memory_mib,estimated_memory_gib,estimated_memory_human,estimate_note,status,attempted_mesh_strategies,strategy_errors
PLAG185,PLAG,data/Nikolaisen2022/Plag Binary meshes/PLAG185-binary.stl,Plag Binary meshes,26937,0.025689125061035156,ascii,0.0003078596026586,0.0837756926829327,62,1,01_small,um,1e-06,0.009,9e-09,data/Nikolaisen2022/Plag Binary meshes/PLAG185-binary.stl,26937,85,166,0.04168429134508772,0.0003541172464720251,23.0048770904541,23.20963478088379,9.865006446838379,9.927267074584961,15.219371795654297,15.299371719360352,0.22847775679587012,0,0,1,True,0.00020474879875109764,0.00021247166841931175,0.00036075548898968916,0.0003607779723713267,34.44980179266129,44.32774165145066,59.16471640478044,59.16703377057601,60.99449031283514,90.0,90.0,90.0,1.0101326346934139,1.3941744924291908,1.4639931274490585,1.479224314564088,,data/Nikolaisen2022_merrill_msh/PLAG185.msh,115939,0.11056804656982422,voxel,0.009,540.0,897.0,115939,0.11056804656982422,897,3240,23.013778686523438,23.20963478088379,9.865006446838379,9.927267074584961,15.219371795654297,15.299371719360352,1.1728112677781659e-07,1.1730628765495993e-07,1.1733142292122412e-07,1.1733142292122412e-07,0.4083792697365941,0.5768239296807454,0.706312739524363,0.7063487419202399,1.3660261495524204,1.3937874953826404,1.6055607239673368,1.6055783401786394,1.3664654397107807,1.7070340867796165,1.9664022623867623,1.9664238377512082,35.226758415574764,54.70665528597272,59.96807584514676,59.96807584514676,-1.0,-1.0,-1.0,-1.0,0.00888824462890625,0.012574596998971892,0.015407008434787019,0.015408109150866186,8.88824462890625e-09,1.2574596998971891e-08,1.5407008434787017e-08,1.5408109150866186e-08,2.3013778686523436e-05,2.320963478088379e-05,9.865006446838378e-06,9.92726707458496e-06,1.5219371795654296e-05,1.529937171936035e-05,125208,258336,86112,207360,3444480,6182244.0,5.895847320556641,0.005757663398981094,5.90 MiB,Screening estimate; calibrate with real Merrill.jl runs.,ok,gmsh;pymeshfix_gmsh;voxel,gmsh: Exception: Invalid boundary mesh (overlapping facets) on surface 14 surface 20 | pymeshfix_gmsh: Exception: Wrong topology of boundary mesh for parametrization
PLAG183,PLAG,data/Nikolaisen2022/Plag Binary meshes/PLAG183-binary.stl,Plag Binary meshes,27261,0.02599811553955078,ascii,0.0004275236177801,0.0934660372020625,63,1,01_small,um,1e-06,0.009,9e-09,data/Nikolaisen2022/Plag Binary meshes/PLAG183-binary.stl,27261,87,168,0.044189339983944725,0.003559994964640601,13.422203063964844,13.606485366821289,8.744327545166016,8.868847846984863,11.67937183380127,11.739372253417969,0.23035911760838018,4,2,1,False,0.0002047392622444022,0.00021249146084301174,0.0003607667305938688,0.0003607779723713267,34.44980179266129,44.61301551601138,59.16548789094651,59.16703377057601,60.99373314760741,90.0,90.0,90.0,1.0101251340138815,1.393955405098647,1.4791986645084598,1.479224314564088,,data/Nikolaisen2022_merrill_msh/PLAG183.msh,170142,0.1622600555419922,pymeshfix_gmsh,,,,219795,0.20961284637451172,1290,4781,13.44267845153809,13.60648536682129,8.744327545166016,8.868847846984865,11.67937183380127,11.73937225341797,2.1075128786475294e-09,8.86580702784717e-08,1.8751177441609026e-07,3.97983714416012e-07,0.008509379138735644,0.5599540328744939,0.7985866604534856,0.9696060697004334,1.004711368028029,1.30026125623705,2.127220507113467,2962.5510466547,1.0375295194983212,1.5385693227768331,2.4873928306783846,101.70820598876952,0.7670088366125555,49.68164196018208,67.57554894190334,83.67133605847046,-1.0,-1.0,-1.0,-1.0,0.0037137554649240654,0.010011011234440101,0.014369181994489121,0.017470349756966635,3.7137554649240654e-09,1.0011011234440101e-08,1.436918199448912e-08,1.7470349756966633e-08,1.344267845153809e-05,1.360648536682129e-05,8.744327545166015e-06,8.868847846984865e-06,1.1679371833801269e-05,1.173937225341797e-05,183952,371520,123840,305984,4953600,8908344.0,8.495658874511719,0.00829654186964035,8.50 MiB,Screening estimate; calibrate with real Merrill.jl runs.,ok,gmsh;pymeshfix_gmsh,gmsh: Exception: Wrong topology of triangulation for parametrization: one edge is incident to 3 triangles
PLAG182,PLAG,data/Nikolaisen2022/Plag Binary meshes/PLAG182-binary.stl,Plag Binary meshes,28425,0.027108192443847656,ascii,0.0003762916415321,0.0895726280225599,64,1,01_small,um,1e-06,0.009,9e-09,data/Nikolaisen2022/Plag Binary meshes/PLAG182-binary.stl,28425,88,172,0.044509409841694186,0.0030257344868421295,13.217445373535156,13.422203063964844,13.123278617858887,13.206292152404785,14.379371643066406,14.479372024536133,0.24252223609804038,3,3,1,False,0.00020474879875109764,0.00021247166841931175,0.00036075549404576153,0.0003607779723713267,34.45042416714881,44.327058820313106,59.16548000192535,59.16703377057601,60.99449031283514,90.0,90.0,90.0,1.0101326346934139,1.3941751588452869,1.4708325433124223,1.4792136550338595,,data/Nikolaisen2022_merrill_msh/PLAG182.msh,175714,0.1675739288330078,pymeshfix_gmsh,,,,228794,0.21819496154785156,1359,4911,13.21744537353516,13.42220306396484,13.12327861785888,13.20629215240479,14.3793716430664,14.47937202453613,6.108242862367872e-09,7.759595670905053e-08,1.7003771449727745e-07,3.542824062820641e-07,0.018362749897293373,0.5466131645594091,0.7925917242877776,0.9510329381999401,1.0033876244478555,1.31883926798315,2.223631938430004,622.8133170396094,1.0263122074118387,1.5615616544896684,2.5769444878979018,41.49014992896963,2.3797309518815526,48.60079011474891,67.14766519253232,82.98315739552297,-1.0,-1.0,-1.0,-1.0,0.0030824660108446757,0.009610565009895815,0.013970067092319313,0.02018291953041442,3.0824660108446757e-09,9.610565009895814e-09,1.3970067092319312e-08,2.018291953041442e-08,1.321744537353516e-05,1.342220306396484e-05,1.312327861785888e-05,1.320629215240479e-05,1.4379371643066398e-05,1.4479372024536128e-05,189768,391392,130464,314304,5218560,9366732.0,8.932811737060547,0.00872344896197319,8.93 MiB,Screening estimate; calibrate with real Merrill.jl runs.,ok,gmsh;pymeshfix_gmsh,gmsh: Exception: Wrong topology of triangulation for parametrization: one edge is incident to 3 triangles
PLAG181,PLAG,data/Nikolaisen2022/Plag Binary meshes/PLAG181-binary.stl,Plag Binary meshes,28719,0.027388572692871094,ascii,0.0004344165789377,0.0939656789894343,65,1,01_small,um,1e-06,0.009,9e-09,data/Nikolaisen2022/Plag Binary meshes/PLAG181-binary.stl,28719,91,177,0.042949836360736474,0.0018508828653386058,26.710996627807617,26.895278930664062,11.4630126953125,11.546026229858398,9.319372177124023,9.379371643066406,0.21083441364551675,2,1,1,False,0.00020474879875109764,0.00021247166841931175,0.000360744254220975,0.0003607779723713267,34.45042416714881,44.61301551601138,59.16467692102466,59.166248488915194,60.99449031283514,90.0,90.0,90.0,1.0101326346934139,1.393955405098647,1.4639737687760097,1.4792136550338595,,data/Nikolaisen2022_merrill_msh/PLAG181.msh,161602,0.1541156768798828,pymeshfix_gmsh,,,,207771,0.19814586639404297,1233,4533,26.71099662780762,26.87480354309082,11.4630126953125,11.5460262298584,9.319372177124022,9.379371643066408,1.1456945600371244e-08,9.522397894162905e-08,1.9652640824315814e-07,3.5445419604679315e-07,0.07169327756156403,0.556905326930381,0.8036038194605659,0.9811110186266063,1.0010535668409797,1.3053652158068658,2.120376800690555,32.088224295423636,1.020585391110948,1.5418301998537307,2.457687425308494,9.888893821170244,9.073150756276695,49.52387608212232,66.9764184156905,81.1856154420067,-1.0,-1.0,-1.0,-1.0,0.0036495250748978954,0.010108183632143265,0.01475752121889188,0.018472524671934037,3.6495250748978953e-09,1.0108183632143263e-08,1.4757521218891879e-08,1.8472524671934035e-08,2.6710996627807618e-05,2.6874803543090818e-05,1.14630126953125e-05,1.15460262298584e-05,9.319372177124021e-06,9.379371643066408e-06,174648,355104,118368,290112,4734720,8509428.0,8.115222930908203,0.007925022393465042,8.12 MiB,Screening estimate; calibrate with real Merrill.jl runs.,ok,gmsh;pymeshfix_gmsh,gmsh: Exception: Invalid boundary mesh (overlapping facets) on surface 6 surface 7
PLAG180,PLAG,data/Nikolaisen2022/Plag Binary meshes/PLAG180-binary.stl,Plag Binary meshes,29043,0.02769756317138672,ascii,0.0005292896911068,0.100360990226057,66,1,01_small,um,1e-06,0.009,9e-09,data/Nikolaisen2022/Plag Binary meshes/PLAG180-binary.stl,29043,91,179,0.04682543409690379,0.001840454268924544,23.06630516052246,23.23011016845703,5.7558488845825195,5.901122093200684,12.399372100830078,12.459371566772461,0.22701612647570307,3,4,1,False,0.00020474879875109764,0.0002124816965078935,0.0003607504353808134,0.00036078359104281164,34.448262609097725,44.61433184461598,59.16546225162776,59.16703377057601,60.99449031283514,90.0,90.0,90.0,1.0101326346934139,1.3939546678003747,1.463988556278136,1.4792506797935838,,data/Nikolaisen2022_merrill_msh/PLAG180.msh,189294,0.1805248260498047,pymeshfix_gmsh,,,,245640,0.23426055908203125,1396,5359,23.06630516052246,23.23011016845703,5.75584888458252,5.901122093200684,12.39937210083008,12.45937156677246,5.234806966120957e-09,9.647699460320454e-08,2.043171798424326e-07,3.935626588106453e-07,0.03273468975446386,0.5543234411123733,0.8033285938891601,0.9928021930616284,1.0001768330183851,1.309571453606954,2.3272433158842736,59.79177091403949,1.008986601318389,1.5481847437003395,2.6837711356639806,14.764091309756838,5.792759884695283,49.631134408161564,67.10348256160967,81.44690680642223,-1.0,-1.0,-1.0,-1.0,0.0016211208925070524,0.010333493508418065,0.014796135300561224,0.025363734231574838,1.6211208925070524e-09,1.0333493508418066e-08,1.4796135300561223e-08,2.5363734231574837e-08,2.306630516052246e-05,2.323011016845703e-05,5.7558488845825205e-06,5.901122093200683e-06,1.2399372100830079e-05,1.245937156677246e-05,204992,402048,134016,342976,5360640,9667008.0,9.21917724609375,0.009003102779388428,9.22 MiB,Screening estimate; calibrate with real Merrill.jl runs.,ok,gmsh;pymeshfix_gmsh,gmsh: Exception: Wrong topology of triangulation for parametrization: one edge is incident to 3 triangles
PLAG179,PLAG,data/Nikolaisen2022/Plag Binary meshes/PLAG179-binary.stl,Plag Binary meshes,30573,0.02915668487548828,ascii,0.0004484517452846,0.0949669227042816,67,1,01_small,um,1e-06,0.009,9e-09,data/Nikolaisen2022/Plag Binary meshes/PLAG179-binary.stl,30573,98,192,0.04543989908141022,0.0004773505967503859,25.052457809448242,25.175312042236328,1.9994980096817017,2.1862781047821045,5.259372234344482,5.29937219619751,0.22711222641660747,0,0,1,True,0.0002047536804639094,0.00021247410927571764,0.000360738634821562,0.00036077516410649795,34.449055406897266,44.614002756717504,59.16506958921053,59.16664113262965,60.995270544327674,90.0,90.0,90.0,1.010140617789955,1.3939548518925715,1.4639785188313361,1.4792370990823347,,data/Nikolaisen2022_merrill_msh/PLAG179.msh,172354,0.1643695831298828,gmsh,,,,214382,0.2044506072998047,1300,4850,25.052458,25.17531200000001,1.999498,2.186278000000001,5.259371999999999,5.299372000000001,1.0488607847620443e-08,9.304171387895305e-08,1.7794849728947846e-07,3.424349816531442e-07,0.1370538835265441,0.5654722102682603,0.7987686809978398,0.9773940860057813,1.0005658947007057,1.2946025391620197,2.086383877095326,5.249885495449859,1.0119501737085685,1.5321908929949564,2.4246986086748135,4.0436381730939495,12.707756781164155,50.25002498919207,66.83527285831863,81.38534777281043,-1.0,-1.0,-1.0,-1.0,0.0037010742007768677,0.009962468191473034,0.014243302020932679,0.017132906882823526,3.7010742007768674e-09,9.962468191473034e-09,1.4243302020932678e-08,1.7132906882823525e-08,2.5052458e-05,2.517531200000001e-05,1.999498e-06,2.186278000000001e-06,5.259371999999999e-06,5.2993720000000005e-06,186400,374400,124800,310400,4992000,8982000.0,8.565902709960938,0.008365139365196228,8.57 MiB,Screening estimate; calibrate with real Merrill.jl runs.,ok,gmsh,
PLAG178,PLAG,data/Nikolaisen2022/Plag Binary meshes/PLAG178-binary.stl,Plag Binary meshes,30825,0.029397010803222656,ascii,0.0002555305101236,0.0787314131292121,68,1,01_small,um,1e-06,0.009,9e-09,data/Nikolaisen2022/Plag Binary meshes/PLAG178-binary.stl,30825,101,190,0.04601875826960514,0.0063544646034981245,21.489667892456055,21.551095962524414,11.379999160766602,11.753559112548828,9.61937141418457,9.67937183380127,0.3833020945964719,13,5,1,False,0.0002075239221994707,0.00021247166841931175,0.00036075549516933315,0.0003607779723713267,35.38975863716515,44.61301551601138,59.16546225162776,59.16703377057601,60.99449031283514,90.0,90.0,90.0,1.0101326346934139,1.393955405098647,1.45581380789501,1.4639931274490585,,data/Nikolaisen2022_merrill_msh/PLAG178.msh,108071,0.10306453704833984,voxel,0.009,497.0,874.0,108071,0.10306453704833984,874,2982,21.489667892456055,21.551095962524414,11.424470901489258,11.709087371826172,9.61937141418457,9.67937183380127,1.1146717380135691e-07,1.1150381164920509e-07,1.1151576788034911e-07,1.1151576788034911e-07,0.41207509980624457,0.5683731562843859,0.6892786977759858,0.6892786977759858,1.3665592070438677,1.3927196791043561,1.615884314245607,1.6159259382459992,1.3800902011353309,1.705726284269199,1.9790460266344216,1.9790970054154282,34.57704467985116,53.916505493527204,58.99804088836849,58.999818405168085,-1.0,-1.0,-1.0,-1.0,0.008570671081542969,0.01226660129738721,0.015152178020629983,0.015152737824351562,8.570671081542969e-09,1.226660129738721e-08,1.5152178020629983e-08,1.515273782435156e-08,2.1489667892456053e-05,2.1551095962524413e-05,1.1424470901489258e-05,1.1709087371826172e-05,9.61937141418457e-06,9.67937183380127e-06,116400,251712,83904,190848,3356160,5998536.0,5.720649719238281,0.005586571991443634,5.72 MiB,Screening estimate; calibrate with real Merrill.jl runs.,ok,gmsh;pymeshfix_gmsh;voxel,gmsh: Exception: Wrong topology of triangulation for parametrization: one edge is incident to 3 triangles | pymeshfix_gmsh: Exception: Wrong topology of boundary mesh for parametrization
PLAG177,PLAG,data/Nikolaisen2022/Plag Binary meshes/PLAG177-binary.stl,Plag Binary meshes,30900,0.029468536376953125,ascii,0.0004270945348056,0.0934347577529594,69,1,01_small,um,1e-06,0.009,9e-09,data/Nikolaisen2022/Plag Binary meshes/PLAG177-binary.stl,30900,96,187,0.046307049634004366,0.0013380752257527663,19.544466018676758,19.605894088745117,14.326971054077148,14.534503936767578,11.779372215270996,11.879371643066406,0.23841810071706462,2,1,1,False,0.00020474879875109764,0.0002124521415680647,0.00036075548898968916,0.0003607779723713267,34.44981838010005,43.94219106381195,59.16471640478044,59.16856589390032,60.99373345506567,90.0,90.0,90.0,1.010124648649406,1.394658344241152,1.4639590019994253,1.4792240304577058,,data/Nikolaisen2022_merrill_msh/PLAG177.msh,151416,0.14440155029296875,voxel,0.009,715.0,1114.0,151416,0.14440155029296875,1114,4290,19.544466018676758,19.605894088745117,14.326971054077148,14.534503936767578,11.78846263885498,11.879371643066406,1.1993830673998987e-07,1.199769657213879e-07,1.1998964693539504e-07,1.1998964693539504e-07,0.40509565436957923,0.5672930359249496,0.6919789752769601,0.6919789752769601,1.3665527915275608,1.3956038619815136,1.598841336587141,1.5988413365871412,1.3806790496459023,1.7092586724561534,1.9581727271539744,1.9581727271539748,34.976745183901045,55.01886462057006,60.71037349425962,60.713990010330775,-1.0,-1.0,-1.0,-1.0,0.0087738037109375,0.012586597999598586,0.01552660492535313,0.015527163296123648,8.7738037109375e-09,1.2586597999598586e-08,1.552660492535313e-08,1.5527163296123648e-08,1.9544466018676757e-05,1.9605894088745117e-05,1.4326971054077147e-05,1.4534503936767578e-05,1.178846263885498e-05,1.1879371643066406e-05,164016,320832,106944,274560,4277760,7716168.0,7.358711242675781,0.007186241447925568,7.36 MiB,Screening estimate; calibrate with real Merrill.jl runs.,ok,gmsh;pymeshfix_gmsh;voxel,gmsh: Exception: Wrong topology of boundary mesh for parametrization | pymeshfix_gmsh: Exception: Wrong topology of boundary mesh for parametrization
PLAG176,PLAG,data/Nikolaisen2022/Plag Binary meshes/PLAG176-binary.stl,Plag Binary meshes,31050,0.029611587524414062,ascii,0.0004921343697551,0.0979553945048908,70,1,01_small,um,1e-06,0.009,9e-09,data/Nikolaisen2022/Plag Binary meshes/PLAG176-binary.stl,31050,100,195,0.04891060462855463,4.451371817534036e-05,24.069618225097656,24.23342514038086,2.248538017272949,2.393810987472534,2.959372043609619,3.039371967315674,0.23310282957995718,2,1,1,False,0.0002047536804639094,0.0002124816965078935,0.0003607526807982293,0.00036077516410649795,34.44967771784042,44.61433184461598,59.16506958921053,59.16664113262965,60.995270544327674,90.0,90.0,90.0,1.010140617789955,1.3939546678003747,1.463983940870843,1.4792264397106363,,data/Nikolaisen2022_merrill_msh/PLAG176.msh,180530,0.1721668243408203,pymeshfix_gmsh,,,,235812,0.22488784790039062,1399,5043,24.06961822509766,24.23342514038086,2.248538017272949,2.393810987472534,2.959372043609619,3.039371967315674,8.475386181600043e-09,9.270319627469397e-08,1.9844762853369077e-07,3.5908747267039874e-07,0.05397315063411535,0.5460958074195316,0.7963777738099428,0.9889383900745244,1.000440534887256,1.3117522420912142,2.160145406484719,8.088932581471898,1.016062483928917,1.554337840080006,2.4873437759631245,6.140357797953435,10.682321523623596,49.70116139867459,67.07155736607001,79.84195100660236,-1.0,-1.0,-1.0,-1.0,0.002496663177391583,0.010160543321633965,0.014578887493044411,0.018758648832861196,2.4966631773915828e-09,1.0160543321633965e-08,1.457888749304441e-08,1.8758648832861196e-08,2.4069618225097657e-05,2.423342514038086e-05,2.248538017272949e-06,2.3938109874725343e-06,2.959372043609619e-06,3.0393719673156736e-06,194952,402912,134304,322752,5372160,9640620.0,9.194011688232422,0.008978527039289474,9.19 MiB,Screening estimate; calibrate with real Merrill.jl runs.,ok,gmsh;pymeshfix_gmsh,gmsh: ValueError: zero-size array to reduction operation maximum which has no identity
PLAG175,PLAG,data/Nikolaisen2022/Plag Binary meshes/PLAG175-binary.stl,Plag Binary meshes,32445,0.03094196319580078,ascii,0.0006609443641062,0.108074216017045,71,1,01_small,um,1e-06,0.009,9e-09,data/Nikolaisen2022/Plag Binary meshes/PLAG175-binary.stl,32445,101,200,0.05064891758108795,0.0006912370723490928,18.52067756652832,18.66400718688965,11.608285903930664,11.732806205749512,8.61937141418457,8.699371337890625,0.20603075845842517,0,1,1,True,0.00020474879875109764,0.00021247166841931175,0.00036075548898968916,0.0003607667372703575,34.44980179266129,44.61301551601138,59.16546225162776,59.16703377057601,60.99449031283514,90.0,90.0,90.0,1.0101326346934139,1.393955405098647,1.4639836269373365,1.479224314564088,,data/Nikolaisen2022_merrill_msh/PLAG175.msh,244650,0.23331642150878906,gmsh,,,,313713,0.2991800308227539,1745,6987,18.520678,18.664007,11.608286,11.732806,8.619370999999997,8.699371,7.353575502137438e-10,9.244417398505224e-08,1.8404332928904878e-07,3.2744884492700765e-07,0.016674551204977857,0.5759884382819185,0.8065536056833537,0.9629586060916845,1.002281461319621,1.2873032009006473,2.099312456209546,514.7309631882298,1.0313593888812387,1.522046318122974,2.4527756365451445,60.83252444357882,1.4769706827597775,49.780685292421275,66.88526889009556,80.88439813891317,-1.0,-1.0,-1.0,-1.0,0.0026224625053881943,0.010018537015682675,0.014226202448526529,0.02098315273089767,2.622462505388194e-09,1.0018537015682674e-08,1.4226202448526529e-08,2.0983152730897668e-08,1.8520678e-05,1.8664007000000002e-05,1.1608285999999999e-05,1.1732806e-05,8.619370999999996e-06,8.699370999999999e-06,265464,502560,167520,447168,6700800,12125268.0,11.563556671142578,0.011292535811662674,11.56 MiB,Screening estimate; calibrate with real Merrill.jl runs.,ok,gmsh,
PLAG174,PLAG,data/Nikolaisen2022/Plag Binary meshes/PLAG174-binary.stl,Plag Binary meshes,33276,0.031734466552734375,ascii,0.0006350559560582,0.106644334987632,72,1,01_small,um,1e-06,0.009,9e-09,data/Nikolaisen2022/Plag Binary meshes/PLAG174-binary.stl,33276,107,209,0.0540201902996814,0.002110836543885127,8.037067413330078,8.221349716186523,10.798906326293945,10.923426628112793,7.9993720054626465,8.07937240600586,0.23635849212204338,2,1,1,False,0.00020472949927352602,0.00021248156463116175,0.0003607667333294247,0.0003607892076581378,34.44729928410998,44.61301551601138,59.16571390244386,59.167819029164136,60.992172706015516,90.0,90.0,90.0,1.0101091684924066,1.393955405098647,1.4639785188313361,1.4792671833471656,,data/Nikolaisen2022_merrill_msh/PLAG174.msh,233002,0.22220802307128906,pymeshfix_gmsh,,,,304678,0.29056358337402344,1686,6630,8.037067413330078,8.221349716186523,10.79890632629394,10.92342662811279,7.999372005462646,8.079372406005861,1.47013798349504e-08,9.548230095800595e-08,1.9421256798403111e-07,3.3277791475962624e-07,0.11753790575249796,0.5779416601568603,0.8124779558327156,0.9642671332875825,1.0043528368845396,1.284417908241112,2.082272593475627,4.505979298450562,1.029130652079125,1.518257792087097,2.423995888569137,5.428731990467881,13.60079719014206,49.69876936399195,66.63427172096607,81.44077397015333,-1.0,-1.0,-1.0,-1.0,0.0038556012063720203,0.010125604000854795,0.01446359295596048,0.017995425775126438,3.85560120637202e-09,1.0125604000854796e-08,1.446359295596048e-08,1.7995425775126438e-08,8.037067413330079e-06,8.221349716186522e-06,1.079890632629394e-05,1.0923426628112788e-05,7.999372005462646e-06,8.07937240600586e-06,252624,485568,161856,424320,6474240,11697912.0,11.155998229980469,0.010894529521465302,11.16 MiB,Screening estimate; calibrate with real Merrill.jl runs.,ok,gmsh;pymeshfix_gmsh,gmsh: ValueError: zero-size array to reduction operation maximum which has no identity
PLAG173,PLAG,data/Nikolaisen2022/Plag Binary meshes/PLAG173-binary.stl,Plag Binary meshes,33579,0.03202342987060547,ascii,0.0005019330451091,0.0986012427640289,73,1,01_small,um,1e-06,0.009,9e-09,data/Nikolaisen2022/Plag Binary meshes/PLAG173-binary.stl,33579,106,207,0.05255429657810773,0.0017825834500402947,10.187026977539062,10.39178466796875,9.823500633239746,9.927267074584961,13.739372253417969,13.799371719360352,0.23726171636595905,2,1,1,False,0.00020474879875109764,0.0002124816965078935,0.000360744254220975,0.0003607779723713267,34.44980179266129,44.61301551601138,59.16470455965371,59.166248488915194,60.99449031283514,90.0,90.0,90.0,1.0101326346934139,1.393955405098647,1.4791918293676452,1.479224314564088,,data/Nikolaisen2022_merrill_msh/PLAG173.msh,204834,0.1953449249267578,pymeshfix_gmsh,,,,267932,0.2555198669433594,1543,5767,10.18702697753906,10.39178466796875,9.823500633239746,9.927267074584961,13.73937225341797,13.79937171936035,7.488072951379295e-09,8.922124696988964e-08,1.7954119326562608e-07,2.847583537507725e-07,0.09226739881905963,0.5637794463347274,0.7980534841241077,0.9469870493758671,1.0049239203603015,1.2922736247109583,2.1190495725339944,23.339162985640947,1.049125815554183,1.5242501185391504,2.48187496991428,8.350997223180087,10.242490598115154,49.26791492739292,66.7890313760698,80.69731791395002,-1.0,-1.0,-1.0,-1.0,0.003119335993084161,0.009925158125452638,0.014176684621665731,0.01790280443732245,3.119335993084161e-09,9.925158125452637e-09,1.417668462166573e-08,1.790280443732245e-08,1.0187026977539061e-05,1.039178466796875e-05,9.823500633239746e-06,9.92726707458496e-06,1.373937225341797e-05,1.379937171936035e-05,221576,444384,148128,369088,5925120,10662444.0,10.168498992919922,0.009930174797773361,10.17 MiB,Screening estimate; calibrate with real Merrill.jl runs.,ok,gmsh;pymeshfix_gmsh,gmsh: ValueError: zero-size array to reduction operation maximum which has no identity
PLAG172,PLAG,data/Nikolaisen2022/Plag Binary meshes/PLAG172-binary.stl,Plag Binary meshes,33593,0.032036781311035156,ascii,0.0007007966733278,0.110204112918967,74,1,01_small,um,1e-06,0.009,9e-09,data/Nikolaisen2022/Plag Binary meshes/PLAG172-binary.stl,33593,107,210,0.053875967314808856,0.000733733761764811,8.303253173828125,8.467060089111328,13.600605010986328,13.72512435913086,9.919371604919434,10.01937198638916,0.2287746704751824,0,0,1,True,0.00020474879875109764,0.00021247166841931175,0.00036075548898968916,0.0003607779723713267,34.45042416714881,44.32774165145066,59.16546225162776,59.16703377057601,60.99449031283514,90.0,90.0,90.0,1.0101326346934139,1.3941744924291908,1.4639931274490585,1.4792136550338595,,data/Nikolaisen2022_merrill_msh/PLAG172.msh,258566,0.24658775329589844,gmsh,,,,330521,0.31520938873291016,1861,7368,8.303253,8.46706,13.600605,13.725124,9.919371999999997,10.019372,6.173074043772421e-09,9.331429903263473e-08,1.8716092749225152e-07,2.9564886478712817e-07,0.13179509687980878,0.5758905344070725,0.809023898452125,0.9786542572717275,1.0017918692196104,1.2838222017058376,2.1036294599532273,7.658968392586726,1.032744359809234,1.514163301354265,2.443793152691683,4.139382814883143,12.078306086659339,50.09129027193984,66.96586652954119,82.98209586002517,-1.0,-1.0,-1.0,-1.0,0.0033716357681634213,0.010024021892104874,0.014344711794207442,0.02132126872833714,3.3716357681634214e-09,1.0024021892104873e-08,1.4344711794207442e-08,2.132126872833714e-08,8.303252999999999e-06,8.46706e-06,1.3600604999999999e-05,1.3725123999999999e-05,9.919371999999997e-06,1.0019372e-05,280440,535968,178656,471552,7146240,12919284.0,12.320789337158203,0.012032020837068558,12.32 MiB,Screening estimate; calibrate with real Merrill.jl runs.,ok,gmsh,
PLAG171,PLAG,data/Nikolaisen2022/Plag Binary meshes/PLAG171-binary.stl,Plag Binary meshes,33753,0.032189369201660156,ascii,0.0005945181214509,0.104325103644478,75,1,01_small,um,1e-06,0.009,9e-09,data/Nikolaisen2022/Plag Binary meshes/PLAG171-binary.stl,33753,108,212,0.052350437180158506,0.000637419138840681,4.576656818389893,4.719987869262695,13.704371452331543,13.870397567749023,9.339371681213379,9.399372100830078,0.22739505601287927,0,0,1,True,0.00020474403049774992,0.00021247180075079086,0.0003607554935611831,0.0003607667305938688,34.449187774232996,44.61368260839613,59.16585514036257,59.16624802309894,60.994111733273925,90.0,90.0,90.0,1.0101288842680125,1.3939550311346791,1.4639641339417198,1.4792348317382649,,data/Nikolaisen2022_merrill_msh/PLAG171.msh,231910,0.22116661071777344,gmsh,,,,294255,0.2806234359741211,1674,6603,4.576657,4.719988000000001,13.704371,13.870398,9.339371999999997,9.399372000000001,1.2394008311952117e-08,9.227729899487282e-08,1.7296786457749433e-07,3.1057463283977745e-07,0.13432702730316795,0.5820920868114138,0.8101039784049517,0.987455451030873,1.0008157103362498,1.2752775750293166,2.091438471672856,6.357013020037649,1.0131126147460172,1.509317846361601,2.4311557021261185,4.0431177452943725,12.96082730571993,50.11346667314386,66.74155019707293,81.09680047657739,-1.0,-1.0,-1.0,-1.0,0.002990215017208846,0.009948772730093966,0.014076169478032769,0.017123822402375633,2.990215017208846e-09,9.948772730093966e-09,1.4076169478032769e-08,1.712382240237563e-08,4.576657e-06,4.719988e-06,1.3704371e-05,1.3870398e-05,9.339371999999997e-06,9.399372e-06,251472,482112,160704,422592,6428160,11617560.0,11.079368591308594,0.010819695889949799,11.08 MiB,Screening estimate; calibrate with real Merrill.jl runs.,ok,gmsh,
PLAG170,PLAG,data/Nikolaisen2022/Plag Binary meshes/PLAG170-binary.stl,Plag Binary meshes,33870,0.03230094909667969,ascii,0.000602438229653,0.104786330898684,76,1,01_small,um,1e-06,0.009,9e-09,data/Nikolaisen2022/Plag Binary meshes/PLAG170-binary.stl,33870,105,205,0.05581761569545313,0.0014309572306150725,16.595951080322266,16.75975799560547,13.870397567749023,13.994917869567871,14.959371566772461,15.11937141418457,0.26064911707418786,4,3,1,False,0.0002047390353254741,0.00029154813145568914,0.00036076673515312863,0.0003607892076581378,34.44919606749968,44.32774165145066,59.166090684161205,59.167819029164136,60.99292988461106,90.0,90.0,90.0,1.0101166691413204,1.3941744924291908,1.4640026286372831,1.4792346896825654,,data/Nikolaisen2022_merrill_msh/PLAG170.msh,248710,0.23718833923339844,pymeshfix_gmsh,,,,328017,0.3128213882446289,1853,7024,16.59595108032227,16.75975799560547,13.87039756774902,13.99491786956787,14.95937156677246,15.11937141418457,6.485399645302891e-09,8.504096749120421e-08,1.798773139547182e-07,3.291339380548797e-07,0.07910441467943498,0.5510645161647884,0.7986138279775239,0.9882525353145859,1.0004596516210567,1.3168451020572318,2.1843195780471385,28.50534198944751,1.0132875297940933,1.5564493457769375,2.533158332937776,13.176776331726064,5.084653047245372,49.08232740294301,66.9214413615436,83.80998365183615,-1.0,-1.0,-1.0,-1.0,0.002495222688759663,0.009873013797273894,0.014163226540766728,0.02412338075240662,2.495222688759663e-09,9.873013797273894e-09,1.4163226540766727e-08,2.4123380752406618e-08,1.659595108032227e-05,1.6759757995605468e-05,1.3870397567749019e-05,1.399491786956787e-05,1.495937156677246e-05,1.511937141418457e-05,269240,533664,177888,449536,7115520,12818772.0,12.224933624267578,0.011938411742448807,12.22 MiB,Screening estimate; calibrate with real Merrill.jl runs.,ok,gmsh;pymeshfix_gmsh,gmsh: ValueError: zero-size array to reduction operation maximum which has no identity
PLAG169,PLAG,data/Nikolaisen2022/Plag Binary meshes/PLAG169-binary.stl,Plag Binary meshes,33912,0.03234100341796875,ascii,0.0002592874654216,0.0791153888026828,77,1,01_small,um,1e-06,0.009,9e-09,data/Nikolaisen2022/Plag Binary meshes/PLAG169-binary.stl,33912,109,213,0.05524523741711143,0.0018251780780780351,5.948535919189453,6.276147842407227,13.144031524658203,13.247797966003418,8.799371719360352,8.879371643066406,0.3528413728247763,6,5,1,False,0.00020474403049774992,0.00021248156463116175,0.0003607498749183434,0.00036076111644303666,34.45011714047594,44.61234840830084,59.16506954293493,59.16624802309894,60.994111733273925,90.0,90.0,90.0,1.0101288842680125,1.3939557797166227,1.4639932633691919,1.4792189134431564,,data/Nikolaisen2022_merrill_msh/PLAG169.msh,111095,0.10594844818115234,voxel,0.009,496.0,988.0,111095,0.10594844818115234,988,2976,5.948535919189453,6.276147842407227,13.144031524658203,13.221856117248535,8.799371719360352,8.879371643066406,1.1656494150700618e-07,1.1658355712350528e-07,1.165964151313495e-07,1.165964151313495e-07,0.40765182126349453,0.5555237329039702,0.6807186402105794,0.6807556365511267,1.3670218738265212,1.3949549549440952,1.6056454543687833,1.60565861862378,1.3845852115412272,1.7084639268900652,1.9665060355113846,1.9665221583651777,34.25690471466905,53.67072431720031,60.07926886608291,60.08011248700384,-1.0,-1.0,-1.0,-1.0,0.008646965026855469,0.012401122959219385,0.015381996204367353,0.015382532331108175,8.646965026855469e-09,1.2401122959219385e-08,1.5381996204367352e-08,1.5382532331108173e-08,5.948535919189453e-06,6.276147842407226e-06,1.3144031524658202e-05,1.3221856117248534e-05,8.799371719360352e-06,8.879371643066406e-06,118944,284544,94848,190464,3793920,6724080.0,6.4125823974609375,0.006262287497520447,6.41 MiB,Screening estimate; calibrate with real Merrill.jl runs.,ok,gmsh;pymeshfix_gmsh;voxel,gmsh: Exception: Wrong topology of triangulation for parametrization: one edge is incident to 3 triangles | pymeshfix_gmsh: Exception: Wrong topology of boundary mesh for parametrization
PLAG167,PLAG,data/Nikolaisen2022/Plag Binary meshes/PLAG167-binary.stl,Plag Binary meshes,34230,0.03264427185058594,ascii,0.000433426738466,0.0938942561742799,78,1,01_small,um,1e-06,0.009,9e-09,data/Nikolaisen2022/Plag Binary meshes/PLAG167-binary.stl,34230,110,215,0.055104170299776954,0.0014973547731385126,21.059675216674805,21.121103286743164,9.44994068145752,9.761240005493164,5.719371795654297,5.79937219619751,0.3272319376595857,2,1,1,False,0.00020475856217672117,0.0002124816965078935,0.00036075548898968916,0.0003607779723713267,35.39006918509901,44.61301551601138,59.16546225162776,59.16703377057601,60.99449031283514,90.0,90.0,90.0,1.0101326346934139,1.393955405098647,1.4639785188313361,1.463988377108634,,data/Nikolaisen2022_merrill_msh/PLAG167.msh,185962,0.17734718322753906,pymeshfix_gmsh,,,,243659,0.23237133026123047,1461,5175,21.0596752166748,21.12110328674317,9.44994068145752,9.761240005493164,5.719371795654296,5.799372196197511,9.701778601196405e-09,8.763289497334332e-08,1.8042955557001647e-07,3.6027280117856495e-07,0.14510118698541966,0.5527597894548805,0.7958975708548208,0.9356289998014424,1.0051316929038596,1.3141542291882624,2.166736840995113,5.782945170421445,1.0342305033776484,1.5505939420165302,2.5249138285277666,3.997961917259694,13.292192398688044,49.30467962913634,67.4204720326909,80.41052582713478,-1.0,-1.0,-1.0,-1.0,0.003644106690383853,0.00989435968354955,0.014416037900283191,0.017828785763201335,3.644106690383853e-09,9.89435968354955e-09,1.441603790028319e-08,1.7828785763201333e-08,2.10596752166748e-05,2.1121103286743172e-05,9.449940681457519e-06,9.761240005493163e-06,5.719371795654296e-06,5.7993721961975106e-06,200664,420768,140256,331200,5610240,10054692.0,9.58890151977539,0.009364161640405655,9.59 MiB,Screening estimate; calibrate with real Merrill.jl runs.,ok,gmsh;pymeshfix_gmsh,gmsh: ValueError: zero-size array to reduction operation maximum which has no identity
PLAG168,PLAG,data/Nikolaisen2022/Plag Binary meshes/PLAG168-binary.stl,Plag Binary meshes,34230,0.03264427185058594,ascii,0.0007156780561439,0.110978715275274,79,1,01_small,um,1e-06,0.009,9e-09,data/Nikolaisen2022/Plag Binary meshes/PLAG168-binary.stl,34230,109,215,0.05650944991915822,0.0020846682313898288,7.607076168060303,7.79135799407959,10.38383960723877,10.508359909057617,9.239372253417969,9.339371681213379,0.24385442896422688,1,2,1,False,0.00020474403049774992,0.00021248156463116175,0.00036075549419053754,0.0003607667372703575,34.449187774232996,44.32840863663338,59.165069821995466,59.166248488915194,60.994111733273925,90.0,90.0,90.0,1.0101288842680125,1.3941738424621095,1.4792077453030243,1.4792348317382649,,data/Nikolaisen2022_merrill_msh/PLAG168.msh,258874,0.24688148498535156,pymeshfix_gmsh,,,,339912,0.32416534423828125,1869,7371,7.607076168060303,7.79135799407959,10.38383960723877,10.50835990905762,9.239372253417969,9.33937168121338,3.740844699471257e-09,9.676962330555748e-08,1.9538354614575922e-07,3.0879380420078353e-07,0.06547338099891568,0.5709346446337344,0.8055867710160095,0.9994752057732492,1.0004667423020137,1.2863229793300741,2.1008689142003547,16.588175752162414,1.0104039601311017,1.5182945432912431,2.4423627309742697,14.59668133612941,5.408271229901889,49.6054180085623,66.795037039687,82.78744941627559,-1.0,-1.0,-1.0,-1.0,0.0033166035947480694,0.010168780787724808,0.014454478063663876,0.018281793532694057,3.3166035947480692e-09,1.0168780787724808e-08,1.4454478063663875e-08,1.8281793532694056e-08,7.607076168060302e-06,7.79135799407959e-06,1.0383839607238769e-05,1.050835990905762e-05,9.239372253417968e-06,9.33937168121338e-06,280728,538272,179424,471744,7176960,12970692.0,12.369815826416016,0.01207989826798439,12.37 MiB,Screening estimate; calibrate with real Merrill.jl runs.,ok,gmsh;pymeshfix_gmsh,gmsh: Exception: Wrong topology of triangulation for parametrization: one edge is incident to 3 triangles
PLAG166,PLAG,data/Nikolaisen2022/Plag Binary meshes/PLAG166-binary.stl,Plag Binary meshes,35025,0.033402442932128906,ascii,0.0004390552199316,0.0942989464966172,80,1,01_small,um,1e-06,0.009,9e-09,data/Nikolaisen2022/Plag Binary meshes/PLAG166-binary.stl,35025,112,220,0.0554496425051346,0.000492929096244823,19.62636947631836,19.728748321533203,8.16323471069336,8.433027267456055,9.11937141418457,9.199371337890625,0.299448558896268,0,0,1,True,0.00020474879875109764,0.00021247166841931175,0.00036075548898968916,0.0003607667372703575,34.44984819799493,44.61301551601138,59.16546225162776,59.16703377057601,60.99449031283514,90.0,90.0,90.0,1.0101326346934139,1.393955405098647,1.463983286949876,1.4792235197440629,,data/Nikolaisen2022_merrill_msh/PLAG166.msh,197750,0.18858909606933594,gmsh,,,,253675,0.24192333221435547,1558,5499,19.626369,19.728748,8.163235,8.433027,9.119370999999997,9.199371000000001,9.0549669279975e-09,8.267061454564597e-08,1.6791513490033796e-07,3.1455957302268097e-07,0.1254961887272011,0.5547970481881622,0.7949180248516055,0.9994750466642672,1.0004668838890585,1.3074363812643581,2.0557270679531032,3.3198862388344503,1.0104209845889045,1.5418577226158467,2.386206016138675,3.9674348860146686,11.75898301071785,50.21282836716354,67.314915368001,81.61937619172299,-1.0,-1.0,-1.0,-1.0,0.003504480162621723,0.009734174432852403,0.013942100682299499,0.017231413644460986,3.5044801626217227e-09,9.734174432852403e-09,1.3942100682299499e-08,1.7231413644460984e-08,1.9626369e-05,1.9728747999999998e-05,8.163234999999999e-06,8.433027e-06,9.119370999999997e-06,9.199371000000001e-06,213360,448704,149568,351936,5982720,10719432.0,10.222846984863281,0.009983249008655548,10.22 MiB,Screening estimate; calibrate with real Merrill.jl runs.,ok,gmsh,
PLAG165,PLAG,data/Nikolaisen2022/Plag Binary meshes/PLAG165-binary.stl,Plag Binary meshes,35184,0.0335540771484375,ascii,0.0004518893921174,0.0952089644270797,81,1,01_small,um,1e-06,0.009,9e-09,data/Nikolaisen2022/Plag Binary meshes/PLAG165-binary.stl,35184,112,221,0.057270791479652805,0.0062795912299978916,13.626960754394531,13.811243057250977,6.0463948249816895,6.1709160804748535,6.959372043609619,7.0593719482421875,0.2438554718315569,7,8,1,False,0.0002047536804639094,0.0002124816965078935,0.00036076111766603677,0.00036077235479761076,35.389746931669144,44.613673672650606,59.165109053640805,59.16664113262965,60.995270544327674,90.0,90.0,90.0,1.010140617789955,1.393955036139686,1.463988377108634,1.4639933065074122,,data/Nikolaisen2022_merrill_msh/PLAG165.msh,157324,0.15003585815429688,voxel,0.009,736.0,1199.0,157324,0.15003585815429688,1199,4416,13.626960754394531,13.80202865600586,6.0463948249816895,6.1709160804748535,6.959372043609619,7.050281047821045,1.2415760228300446e-07,1.2417711092575258e-07,1.2417711092575258e-07,1.2417711092575258e-07,0.40751648411773606,0.5624952348085522,0.6898766141840728,0.6898766141840728,1.3665099811200483,1.3945675086826244,1.604345684862336,1.604345684862336,1.379344834308834,1.7079894040683883,1.9649141494743714,1.9649141494743714,34.60369709784949,53.96094328664141,60.1448838865483,60.14578471691273,-1.0,-1.0,-1.0,-1.0,0.008893966674804688,0.012718317335820375,0.015705438107886268,0.015705438107886268,8.893966674804687e-09,1.2718317335820374e-08,1.5705438107886267e-08,1.5705438107886267e-08,1.362696075439453e-05,1.3802028656005858e-05,6.046394824981689e-06,6.170916080474853e-06,6.959372043609619e-06,7.050281047821045e-06,170088,345312,115104,282624,4604160,8275932.0,7.892543792724609,0.007707562297582626,7.89 MiB,Screening estimate; calibrate with real Merrill.jl runs.,ok,gmsh;pymeshfix_gmsh;voxel,gmsh: Exception: Invalid boundary mesh (overlapping facets) on surface 31 surface 46 | pymeshfix_gmsh: Exception: Wrong topology of boundary mesh for parametrization
PLAG164,PLAG,data/Nikolaisen2022/Plag Binary meshes/PLAG164-binary.stl,Plag Binary meshes,35979,0.03431224822998047,ascii,0.0002463904495367,0.0777812794160549,82,1,01_small,um,1e-06,0.009,9e-09,data/Nikolaisen2022/Plag Binary meshes/PLAG164-binary.stl,35979,117,226,0.05499427550622071,0.0003159450631768389,4.617609024047852,4.6790361404418945,13.974164962768555,14.409984588623047,9.419371604919434,9.5393705368042,0.45619270112740895,5,1,1,False,0.00020752356249431614,0.00021247180075079086,0.0003607554935611831,0.0003607667305938688,34.45010880363506,44.61368260839613,59.164323049797886,59.16624802309894,60.99486857797673,90.0,90.0,90.0,1.0101363852900807,1.3939550311346791,1.4639738559564173,1.47921905622987,,data/Nikolaisen2022_merrill_msh/PLAG164.msh,158494,0.1511516571044922,pymeshfix_gmsh,,,,209787,0.20006847381591797,1380,4275,4.617609024047852,4.679036140441895,13.99491786956787,14.40998458862305,9.419371604919434,9.5393705368042,5.080051916813768e-09,6.646631537897974e-08,1.446398854872952e-07,3.4651197427515543e-07,0.18403679058921926,0.5403195266734987,0.7918170157190926,0.999474974032105,1.0004669485225923,1.3249980168756437,2.0378720180160874,3.68213939001434,1.0104115969526546,1.5650051706388066,2.3570481444631657,4.051764937520357,13.109537259286235,49.39144353906224,67.05759511384332,80.463897950777,-1.0,-1.0,-1.0,-1.0,0.0036053065044616282,0.008977772009717444,0.013344766459835636,0.019711459736876227,3.605306504461628e-09,8.977772009717444e-09,1.3344766459835635e-08,1.9711459736876227e-08,4.617609024047852e-06,4.679036140441895e-06,1.399491786956787e-05,1.440998458862305e-05,9.419371604919434e-06,9.539370536804198e-06,169920,397440,132480,273600,5299200,9408960.0,8.97308349609375,0.008762776851654053,8.97 MiB,Screening estimate; calibrate with real Merrill.jl runs.,ok,gmsh;pymeshfix_gmsh,gmsh: Exception: Invalid boundary mesh (overlapping facets) on surface 55 surface 56
PLAG163,PLAG,data/Nikolaisen2022/Plag Binary meshes/PLAG163-binary.stl,Plag Binary meshes,36861,0.03515338897705078,ascii,0.0006425833003957,0.107064034319921,83,1,01_small,um,1e-06,0.009,9e-09,data/Nikolaisen2022/Plag Binary meshes/PLAG163-binary.stl,36861,120,236,0.058270217863870266,0.0006969016500275773,8.426107406616211,8.548961639404297,6.502968788146973,6.7105021476745605,5.819372177124023,5.8793721199035645,0.24852213375131088,0,0,1,True,0.0002047536804639094,0.00021247166841931175,0.0003607498715821029,0.00036077235479761076,34.45043902681189,44.61301551601138,59.16506958921053,59.16817326110164,60.9945136934832,90.0,90.0,90.0,1.0101326317160813,1.393955405098647,1.4639834478832743,1.4792134005389648,,data/Nikolaisen2022_merrill_msh/PLAG163.msh,252770,0.2410602569580078,gmsh,,,,322163,0.3072385787963867,1834,7188,8.426106999999998,8.548962,6.502969,6.710502,5.819372,5.879372000000001,1.2407459819508796e-08,9.194172093430144e-08,1.7670120899342984e-07,3.123860015690332e-07,0.10191323919608823,0.5797869114932988,0.8055789246387507,0.9773643844199603,1.0008106423533416,1.2817565545234064,2.1056496830694718,6.798948169757365,1.0149603960852487,1.514300412224686,2.4532245420480834,4.2209038774657035,13.630752000824067,50.007807843066374,66.56661493289535,79.7016972084338,-1.0,-1.0,-1.0,-1.0,0.0033679722942504806,0.009938854363424253,0.01414057397966745,0.02100592413832953,3.3679722942504804e-09,9.938854363424253e-09,1.414057397966745e-08,2.1005924138329528e-08,8.426106999999998e-06,8.548961999999998e-06,6.502969e-06,6.710502e-06,5.819372e-06,5.879372000000001e-06,274032,528192,176064,460032,7042560,12721320.0,12.131996154785156,0.01184765249490738,12.13 MiB,Screening estimate; calibrate with real Merrill.jl runs.,ok,gmsh,
PLAG162,PLAG,data/Nikolaisen2022/Plag Binary meshes/PLAG162-binary.stl,Plag Binary meshes,37728,0.035980224609375,ascii,0.0007144500188755,0.110915202534702,84,1,01_small,um,1e-06,0.009,9e-09,data/Nikolaisen2022/Plag Binary meshes/PLAG162-binary.stl,37728,121,237,0.06156566563367054,0.00034523306153792023,14.875984191894531,15.06026554107666,7.893441200256348,8.038714408874512,7.4393720626831055,7.5593719482421875,0.26356003743510725,2,1,1,False,0.0002047441437298403,0.00021247655013212352,0.00036076111766603677,0.00036077797342578215,34.44983329645115,44.32705882826191,59.16506958921053,59.16664113262965,60.9945136934832,90.0,90.0,90.0,1.0101326317160813,1.394175158499121,1.4792059394104156,1.479223774973854,,data/Nikolaisen2022_merrill_msh/PLAG162.msh,271810,0.2592182159423828,pymeshfix_gmsh,,,,358836,0.3422126770019531,1993,7709,14.87598419189453,15.06026554107666,7.893441200256348,8.038714408874512,7.439372062683104,7.559371948242188,6.5847629739662195e-09,9.25616559773067e-08,1.933837677857126e-07,3.303377572859551e-07,0.11789996572928914,0.5700706520558979,0.8032505339817466,0.9889134422841699,1.000434996048784,1.2952533255844791,2.1792347412734308,7.559692018517969,1.0135504068880545,1.5298778123559875,2.556206580841305,4.6354004865276,11.408225511434683,49.47063545931483,66.71931682048927,81.61380688033677,-1.0,-1.0,-1.0,-1.0,0.002962430312533642,0.010147533154533123,0.014380809475752434,0.01779058897732834,2.962430312533642e-09,1.0147533154533122e-08,1.4380809475752433e-08,1.7790588977328338e-08,1.4875984191894529e-05,1.5060265541076659e-05,7.893441200256348e-06,8.038714408874511e-06,7.439372062683103e-06,7.559371948242188e-06,294520,573984,191328,493376,7653120,13809492.0,13.169757843017578,0.012861091643571854,13.17 MiB,Screening estimate; calibrate with real Merrill.jl runs.,ok,gmsh;pymeshfix_gmsh,gmsh: ValueError: zero-size array to reduction operation maximum which has no identity
PLAG161,PLAG,data/Nikolaisen2022/Plag Binary meshes/PLAG161-binary.stl,Plag Binary meshes,37953,0.036194801330566406,ascii,0.000743418869332,0.112394480920768,85,1,01_small,um,1e-06,0.009,9e-09,data/Nikolaisen2022/Plag Binary meshes/PLAG161-binary.stl,37953,119,234,0.06028782034027577,0.0007961489500831222,7.7299299240112305,7.832308769226074,12.770471572875977,12.978005409240723,11.699371337890625,11.779372215270996,0.24485069239318746,2,2,1,False,0.00020474403049774992,0.00021247661652523675,0.00036076307865417183,0.0003607779723713267,34.45011714047594,44.613664736491685,59.16562540200369,59.16703377057601,60.994111733273925,90.0,90.0,90.0,1.0101288842680125,1.39395504114504,1.4639736335523064,1.4792189134431564,,data/Nikolaisen2022_merrill_msh/PLAG161.msh,271054,0.2584972381591797,pymeshfix_gmsh,,,,355768,0.33928680419921875,1935,7740,7.729929924011229,7.832308769226074,12.77047157287598,12.97800540924072,11.69937133789062,11.779372215271,1.1160448887225978e-08,9.847470798806286e-08,1.8674181862217738e-07,3.74495962028875e-07,0.170950944244499,0.5798899649517765,0.8054973919125762,0.9862564850858884,1.000697959463948,1.281200458754377,2.077594101931451,10.263932250283858,1.014140878492199,1.5144314410550859,2.412291549092472,4.270664084155505,13.844344865294534,50.102918327633915,66.50933585414718,82.2203170129611,-1.0,-1.0,-1.0,-1.0,0.0027695818799329404,0.010110388912292505,0.014470840881445079,0.018133297823290723,2.7695818799329404e-09,1.0110388912292505e-08,1.4470840881445078e-08,1.8133297823290723e-08,7.729929924011228e-06,7.832308769226074e-06,1.277047157287598e-05,1.297800540924072e-05,1.1699371337890619e-05,1.1779372215270999e-05,294120,557280,185760,495360,7430400,13444380.0,12.82155990600586,0.012521054595708847,12.82 MiB,Screening estimate; calibrate with real Merrill.jl runs.,ok,gmsh;pymeshfix_gmsh,gmsh: Exception: Wrong topology of triangulation for parametrization: one edge is incident to 3 triangles
PLAG160,PLAG,data/Nikolaisen2022/Plag Binary meshes/PLAG160-binary.stl,Plag Binary meshes,38421,0.03664112091064453,ascii,0.0008220812228305,0.116226555915842,86,1,01_small,um,1e-06,0.009,9e-09,data/Nikolaisen2022/Plag Binary meshes/PLAG160-binary.stl,38421,125,246,0.06257203235436919,0.00038391663026676525,2.9385929107666016,3.1433520317077637,6.004889011383057,6.129408836364746,4.3793721199035645,4.459372043609619,0.25264891097141623,3,3,1,False,0.00020474891209687485,0.0002124693268115152,0.00036075549232100106,0.00036076392121891344,34.450600863119206,44.6133580072176,59.16565892924019,59.16565892924019,60.994891968109066,90.0,90.0,90.0,1.010136867356901,1.3939552130215795,1.4639787412453455,1.4792106288685394,,data/Nikolaisen2022_merrill_msh/PLAG160.msh,281974,0.26891136169433594,pymeshfix_gmsh,,,,371564,0.3543510437011719,2027,8038,2.959069013595581,3.143352031707764,6.004889011383056,6.129408836364746,4.379372119903564,4.45937204360962,8.182437786822248e-09,9.802059334116992e-08,2.0618460147897082e-07,3.4274125777167604e-07,0.09871697459713154,0.5765222595394053,0.8134456345940162,0.999475411466068,1.0004665592612656,1.2831736239628677,2.0808195177871247,8.075725729483478,1.0104113835830202,1.5170250523796966,2.430538115453995,9.876794677387498,6.800800049664693,49.77729604477438,67.06645805570193,82.08835991658964,-1.0,-1.0,-1.0,-1.0,0.0032111646798668363,0.010262034773091249,0.014685553618357232,0.01841094006429309,3.211164679866836e-09,1.0262034773091248e-08,1.4685553618357232e-08,1.841094006429309e-08,2.959069013595581e-06,3.143352031707764e-06,6.004889011383055e-06,6.1294088363647455e-06,4.379372119903563e-06,4.45937204360962e-06,305864,583776,194592,514432,7783680,14073516.0,13.421550750732422,0.01310698315501213,13.42 MiB,Screening estimate; calibrate with real Merrill.jl runs.,ok,gmsh;pymeshfix_gmsh,gmsh: Exception: Invalid boundary mesh (overlapping facets) on surface 13 surface 17
PLAG159,PLAG,data/Nikolaisen2022/Plag Binary meshes/PLAG159-binary.stl,Plag Binary meshes,39735,0.037894248962402344,ascii,0.0008131598277194,0.115804587594004,87,1,01_small,um,1e-06,0.009,9e-09,data/Nikolaisen2022/Plag Binary meshes/PLAG159-binary.stl,39735,125,245,0.06529474231807339,0.0013535658418406457,18.582103729248047,18.74591064453125,14.368476867675781,14.513750076293945,9.639371871948242,9.759371757507324,0.24967375346841703,2,1,1,False,0.00020474879875109764,0.00021249146084301174,0.00036075548898968916,0.0003607779723713267,34.448573760498284,44.32774165145066,59.16550169673353,59.16778062253444,60.99373345506567,90.0,90.0,90.0,1.010124648649406,1.3941744924291908,1.4639931274490585,1.4792453495867504,,data/Nikolaisen2022_merrill_msh/PLAG159.msh,288806,0.27542686462402344,pymeshfix_gmsh,,,,381677,0.3639955520629883,2104,8205,18.58210372924805,18.74591064453125,14.36847686767578,14.51375007629395,9.639371871948242,9.759371757507326,1.1099314472722232e-08,9.658413611112417e-08,2.0397311359068714e-07,3.6939233500998366e-07,0.03301905671712041,0.575532068467828,0.8108774082958234,0.976801793904192,1.001158646815919,1.2769247267246213,2.084554699202492,74.17830958425482,1.024365434564597,1.5064311849613414,2.437680787067188,14.573397263338807,5.926445518443674,50.08250191482419,66.76079434030734,83.15766953228157,-1.0,-1.0,-1.0,-1.0,0.0029395991014822377,0.010228628527836642,0.014621941727808146,0.02942380278513715,2.9395991014822375e-09,1.0228628527836642e-08,1.4621941727808146e-08,2.942380278513715e-08,1.858210372924805e-05,1.874591064453125e-05,1.436847686767578e-05,1.451375007629395e-05,9.639371871948242e-06,9.759371757507325e-06,313056,605952,201984,525120,8079360,14588208.0,13.912399291992188,0.01358632743358612,13.91 MiB,Screening estimate; calibrate with real Merrill.jl runs.,ok,gmsh;pymeshfix_gmsh,gmsh: ValueError: zero-size array to reduction operation maximum which has no identity
PLAG158,PLAG,data/Nikolaisen2022/Plag Binary meshes/PLAG158-binary.stl,Plag Binary meshes,39795,0.03795146942138672,ascii,0.0006808617009667,0.109149083748452,88,1,01_small,um,1e-06,0.009,9e-09,data/Nikolaisen2022/Plag Binary meshes/PLAG158-binary.stl,39795,127,250,0.06177757883091331,0.0033474400038100123,18.643531799316406,18.848289489746094,4.98797607421875,5.133248805999756,7.199371814727783,7.259372234344482,0.25812773726082944,7,7,1,False,0.0002047536804639094,0.00021247166841931175,0.00036075858476168035,0.0003607779723713267,34.45043902681189,44.613673672650606,59.165109053640805,59.16664113262965,60.99449031283514,90.0,90.0,90.0,1.0101326346934139,1.393955036139686,1.4639811314547908,1.4792134005389648,,data/Nikolaisen2022_merrill_msh/PLAG158.msh,221242,0.21099281311035156,pymeshfix_gmsh,,,,288683,0.27530956268310547,1599,6297,18.70495796203613,18.84828948974609,4.98797607421875,5.133248805999756,7.199371814727782,7.259372234344484,3.5628527517982166e-09,1.0139499377293681e-07,1.9434649070795542e-07,3.5730062757546513e-07,0.09914807630968547,0.575835766054763,0.8028790796249698,0.9863387141953799,1.0008078921794832,1.283884919388415,2.072378452846379,5.925197933413564,1.0131325918808614,1.5185746042434498,2.4205241639595387,5.322163347338014,10.880172027269948,49.70989043906909,66.5035281766677,83.49696834367458,-1.0,-1.0,-1.0,-1.0,0.0027016263671309007,0.010286607731182092,0.014476845247473828,0.017837218328065188,2.7016263671309005e-09,1.0286607731182092e-08,1.4476845247473827e-08,1.7837218328065187e-08,1.870495796203613e-05,1.884828948974609e-05,4.987976074218749e-06,5.133248805999756e-06,7.199371814727782e-06,7.259372234344484e-06,239880,460512,153504,403008,6140160,11095596.0,10.581584930419922,0.010333579033613205,10.58 MiB,Screening estimate; calibrate with real Merrill.jl runs.,ok,gmsh;pymeshfix_gmsh,gmsh: Exception: Wrong topology of triangulation for parametrization: one edge is incident to 3 triangles
PLAG157,PLAG,data/Nikolaisen2022/Plag Binary meshes/PLAG157-binary.stl,Plag Binary meshes,41067,0.03916454315185547,ascii,0.0008062857636182,0.115477344878909,89,1,01_small,um,1e-06,0.009,9e-09,data/Nikolaisen2022/Plag Binary meshes/PLAG157-binary.stl,41067,136,258,0.06626016799577432,0.01043696741286472,26.81337547302246,27.01813316345215,9.65747356414795,9.802746772766113,8.639371871948242,8.77937126159668,0.28745407639178017,22,14,1,False,0.00020474879875109764,0.00021247166841931175,0.00036075548898968916,0.0003607779723713267,34.44984819799493,44.61433184461598,59.16546225162776,59.16703377057601,60.99449031283514,90.0,90.0,90.0,1.0101326346934139,1.3939546678003747,1.463983269055799,1.4792235197440629,,data/Nikolaisen2022_merrill_msh/PLAG157.msh,233758,0.2229290008544922,pymeshfix_gmsh,,,,306442,0.29224586486816406,1703,6640,26.85432815551758,26.99765777587891,9.65747356414795,9.802746772766113,8.63937187194824,8.73937225341797,1.2595671821420205e-08,9.827455835355975e-08,1.9666472169345228e-07,3.3853368973945975e-07,0.1365735026414841,0.5736674161383164,0.8079664338001906,0.9787648910897808,1.0005836923509603,1.282821828261254,2.1628707797083138,10.738550898090775,1.0144803379408172,1.5172178875706055,2.513797236149422,4.978305173561176,12.441075559644199,49.62873239405961,66.95155489802868,80.5420819469327,-1.0,-1.0,-1.0,-1.0,0.002665530651596438,0.010200886957064512,0.014534004677671892,0.019764680437703016,2.6655306515964377e-09,1.0200886957064512e-08,1.4534004677671892e-08,1.9764680437703014e-08,2.685432815551758e-05,2.699765777587891e-05,9.65747356414795e-06,9.802746772766113e-06,8.63937187194824e-06,8.73937225341797e-06,253352,490464,163488,424960,6539520,11807676.0,11.260677337646484,0.010996755212545395,11.26 MiB,Screening estimate; calibrate with real Merrill.jl runs.,ok,gmsh;pymeshfix_gmsh,gmsh: Exception: Wrong topology of triangulation for parametrization: one edge is incident to 3 triangles
PLAG156,PLAG,data/Nikolaisen2022/Plag Binary meshes/PLAG156-binary.stl,Plag Binary meshes,41355,0.03943920135498047,ascii,0.0009172496964062,0.120548825878131,90,1,01_small,um,1e-06,0.009,9e-09,data/Nikolaisen2022/Plag Binary meshes/PLAG156-binary.stl,41355,131,255,0.06824694484288543,0.006134264649815899,22.656787872314453,22.882022857666016,8.142480850219727,8.246247291564941,14.839371681213379,14.939372062683105,0.2673917524342501,7,4,1,False,0.00020474879875109764,0.0002124816965078935,0.0003607555002254055,0.0003607779723713267,34.45042416714881,44.61433184461598,59.16546225162776,59.16703377057601,60.99449031283514,90.0,90.0,90.0,1.0101326346934139,1.3939546678003747,1.4639836269373365,1.4792136550338595,,data/Nikolaisen2022_merrill_msh/PLAG156.msh,290436,0.2769813537597656,voxel,0.009,1396.0,1993.0,290436,0.2769813537597656,1993,8376,22.66579818725586,22.87301254272461,8.142480850219727,8.246247291564941,14.839371681213379,14.939372062683105,1.1801700809087785e-07,1.1804199581226064e-07,1.1806739979673224e-07,1.1806739979673224e-07,0.40378211654465146,0.5623757102829234,0.6861558160503113,0.6861955418364859,1.3671060780572921,1.3966343835932802,1.5968655071044309,1.5968773808944927,1.3873196745114729,1.7105207985150221,1.9557528401282802,1.9557673824917623,34.81245054531261,53.49734087236013,60.98220614722235,60.98220614722235,-1.0,-1.0,-1.0,-1.0,0.008646965026855469,0.012487509968749429,0.015446409953618661,0.015447505094938651,8.646965026855469e-09,1.2487509968749428e-08,1.544640995361866e-08,1.544750509493865e-08,2.2665798187255858e-05,2.287301254272461e-05,8.142480850219726e-06,8.246247291564942e-06,1.4839371681213378e-05,1.4939372062683104e-05,315864,573984,191328,536064,7653120,13905540.0,13.261356353759766,0.012950543314218521,13.26 MiB,Screening estimate; calibrate with real Merrill.jl runs.,ok,gmsh;pymeshfix_gmsh;voxel,gmsh: Exception: Wrong topology of boundary mesh for parametrization | pymeshfix_gmsh: Exception: Wrong topology of boundary mesh for parametrization
PLAG155,PLAG,data/Nikolaisen2022/Plag Binary meshes/PLAG155-binary.stl,Plag Binary meshes,41625,0.039696693420410156,ascii,0.0007320058521364,0.111816349666482,91,1,01_small,um,1e-06,0.009,9e-09,data/Nikolaisen2022/Plag Binary meshes/PLAG155-binary.stl,41625,128,252,0.06514719570976027,0.0007748113954238614,12.910308837890625,13.053638458251953,15.074090957641602,15.260869979858398,14.0393705368042,14.159371376037598,0.2642536369284349,0,0,1,True,0.00020474879875109764,0.00021247166841931175,0.00036075548898968916,0.0003607892076581378,34.44980179266129,44.32637598917555,59.16582001782855,59.16856589390032,60.992173012993774,90.0,90.0,90.0,1.0101086831570603,1.3941758252613832,1.4639778832630788,1.479224314564088,,data/Nikolaisen2022_merrill_msh/PLAG155.msh,227296,0.216766357421875,voxel,0.009,1078.0,1646.0,227296,0.216766357421875,1646,6468,12.919266700744629,13.053638458251953,15.082984924316406,15.260869979858398,14.0393705368042,14.159371376037598,1.2256860213149395e-07,1.225812654853664e-07,1.2259479513759136e-07,1.2260746119763244e-07,0.40335396437127485,0.5772008034714075,0.6834095350892386,0.6834470016581492,1.3666183800616571,1.3963887764794078,1.5950189968994377,1.595033283628704,1.3766526673341555,1.7102199924619301,1.9534913362247421,1.9535088338231408,35.56111815219151,54.14114859472226,61.10594490807898,61.107678542445846,-1.0,-1.0,-1.0,-1.0,0.008893966674804688,0.012623230573972709,0.015638646560240357,0.015639751850611998,8.893966674804687e-09,1.2623230573972708e-08,1.5638646560240355e-08,1.5639751850612e-08,1.2919266700744628e-05,1.3053638458251952e-05,1.5082984924316405e-05,1.5260869979858396e-05,1.4039370536804199e-05,1.4159371376037596e-05,246480,474048,158016,413952,6320640,11419704.0,10.890678405761719,0.010635428130626678,10.89 MiB,Screening estimate; calibrate with real Merrill.jl runs.,ok,gmsh;pymeshfix_gmsh;voxel,gmsh: Exception: Wrong topology of boundary mesh for parametrization | pymeshfix_gmsh: Exception: Wrong topology of boundary mesh for parametrization
PLAG154,PLAG,data/Nikolaisen2022/Plag Binary meshes/PLAG154-binary.stl,Plag Binary meshes,41790,0.03985404968261719,ascii,0.0007835730553376,0.114382685927207,92,1,01_small,um,1e-06,0.009,9e-09,data/Nikolaisen2022/Plag Binary meshes/PLAG154-binary.stl,41790,129,253,0.06764596312101606,0.0007476285447177192,15.346927642822266,15.490259170532227,12.562938690185547,12.687458992004395,12.479372024536133,12.659371376037598,0.2616275959100571,2,1,1,False,0.00020472949927352602,0.0002915547390151206,0.0003607667372703575,0.0003607892076581378,34.449187774232996,44.32507386968824,59.16550123145944,59.167819029164136,60.99292957636011,90.0,90.0,90.0,1.010117156136064,1.3941770985995885,1.479180521833752,1.4792348317382653,,data/Nikolaisen2022_merrill_msh/PLAG154.msh,289730,0.2763080596923828,pymeshfix_gmsh,,,,383058,0.3653125762939453,2121,8221,15.36740303039551,15.49025917053223,12.56293869018555,12.6874589920044,12.47937202453613,12.6593713760376,5.910468302379723e-09,9.422867985614558e-08,1.98701678225528e-07,3.362495125540372e-07,0.12872945172267095,0.5748487718630548,0.808944618965015,0.9712880007543538,1.0014670219567785,1.286061785302331,2.083641153195889,6.915078058149028,1.024719815923045,1.5178160292597624,2.440307424250508,6.5954395091850095,10.587842606257327,49.762723696292255,66.26071255724727,83.64263262938111,-1.0,-1.0,-1.0,-1.0,0.0038435313570923646,0.010097821318539354,0.014536918957373971,0.018213331246106843,3.843531357092365e-09,1.0097821318539354e-08,1.453691895737397e-08,1.821333124610684e-08,1.536740303039551e-05,1.549025917053223e-05,1.256293869018555e-05,1.26874589920044e-05,1.2479372024536128e-05,1.2659371376037599e-05,313976,610848,203616,526144,8144640,14698836.0,14.017902374267578,0.013689357787370682,14.02 MiB,Screening estimate; calibrate with real Merrill.jl runs.,ok,gmsh;pymeshfix_gmsh,gmsh: ValueError: zero-size array to reduction operation maximum which has no identity
PLAG153,PLAG,data/Nikolaisen2022/Plag Binary meshes/PLAG153-binary.stl,Plag Binary meshes,42165,0.04021167755126953,ascii,0.0010819856995819,0.127372097173753,93,1,01_small,um,1e-06,0.009,9e-09,data/Nikolaisen2022/Plag Binary meshes/PLAG153-binary.stl,42165,132,260,0.0705308791859888,0.0011289240139502337,7.873260974884033,8.05754280090332,10.466853141784668,10.632880210876465,10.57937240600586,10.699371337890625,0.2755440486123765,0,0,1,True,0.00020474403049774992,0.00025200282839541225,0.00036075549565903127,0.0003607667305938688,34.449187774232996,44.61368260839613,59.16546227489475,59.16624802309894,60.994111733273925,90.0,90.0,90.0,1.0101288842680125,1.3939550311346791,1.4792139179543242,1.4792348317382653,,data/Nikolaisen2022_merrill_msh/PLAG153.msh,308524,0.2942314147949219,voxel,0.009,1486.0,2099.0,308524,0.2942314147949219,2099,8916,7.882474899291992,8.05754280090332,10.466853141784668,10.632880210876465,10.57937240600586,10.699371337890625,1.3072930882335304e-07,1.3074959301188904e-07,1.3076310159676474e-07,1.3076986882243347e-07,0.4080506185742025,0.5770214445683047,0.7062293794737241,0.7062293794737241,1.3660265892776589,1.3939195871218937,1.6047657122616965,1.6047657122616967,1.3666384572033092,1.7071958654598212,1.9654285758775822,1.9654285758775825,35.25876911683989,54.739830649016554,60.0436025405237,60.04787448976393,-1.0,-1.0,-1.0,-1.0,0.009213447570800781,0.013037539453717495,0.01597440654430443,0.015975232663754314,9.21344757080078e-09,1.3037539453717494e-08,1.597440654430443e-08,1.5975232663754314e-08,7.882474899291992e-06,8.05754280090332e-06,1.0466853141784668e-05,1.0632880210876465e-05,1.0579372406005859e-05,1.0699371337890625e-05,335688,604512,201504,570624,8060160,14658732.0,13.979656219482422,0.013652008026838303,13.98 MiB,Screening estimate; calibrate with real Merrill.jl runs.,ok,gmsh;pymeshfix_gmsh;voxel,gmsh: Exception: Wrong topology of boundary mesh for parametrization | pymeshfix_gmsh: Exception: Wrong topology of boundary mesh for parametrization
PLAG152,PLAG,data/Nikolaisen2022/Plag Binary meshes/PLAG152-binary.stl,Plag Binary meshes,42180,0.040225982666015625,ascii,0.0004942033499872,0.0980924738861744,94,1,01_small,um,1e-06,0.009,9e-09,data/Nikolaisen2022/Plag Binary meshes/PLAG152-binary.stl,42180,137,265,0.06256858770011571,0.0001774250255860439,8.241825103759766,8.323728561401367,14.908063888549805,15.260869979858398,2.8193719387054443,2.899372100830078,0.3709182394788171,7,2,1,False,0.0002047536804639094,0.00021247166841931175,0.0003607498715821029,0.0003607864054878452,34.45167546877683,44.32705882826191,59.16353748792633,59.16895898566561,60.99451338578494,90.0,90.0,90.0,1.0101326317160813,1.394175158499121,1.4558166515445452,1.4791922260912513,,data/Nikolaisen2022_merrill_msh/PLAG152.msh,193410,0.1844501495361328,pymeshfix_gmsh,,,,254993,0.2431802749633789,1543,5359,8.241825103759766,8.323728561401367,14.94957160949707,15.2608699798584,2.819371938705444,2.899372100830079,2.102985184981755e-09,9.644592777331093e-08,1.9980384171029347e-07,3.198496341161423e-07,0.020904000555742097,0.5569313159816028,0.8072496636311234,0.9762389051981457,1.0031832150163278,1.2998056626772287,1.992322299765,417.6747847079463,1.027330543582368,1.535158444614622,2.3317421990628997,40.08662274174533,2.0515283801222237,50.432652168470604,67.30461928850762,82.23240679779686,-1.0,-1.0,-1.0,-1.0,0.0035901688932595587,0.010262663327465138,0.014645969178158915,0.018344218548582744,3.5901688932595586e-09,1.0262663327465138e-08,1.4645969178158914e-08,1.8344218548582743e-08,8.241825103759765e-06,8.323728561401367e-06,1.494957160949707e-05,1.52608699798584e-05,2.819371938705444e-06,2.899372100830079e-06,208520,444384,148128,342976,5925120,10603692.0,10.112468719482422,0.009875457733869553,10.11 MiB,Screening estimate; calibrate with real Merrill.jl runs.,ok,gmsh;pymeshfix_gmsh,gmsh: Exception: Wrong topology of triangulation for parametrization: one edge is incident to 3 triangles
PLAG151,PLAG,data/Nikolaisen2022/Plag Binary meshes/PLAG151-binary.stl,Plag Binary meshes,43461,0.04144763946533203,ascii,0.0011028871420482,0.128187049199353,95,1,01_small,um,1e-06,0.009,9e-09,data/Nikolaisen2022/Plag Binary meshes/PLAG151-binary.stl,43461,136,268,0.07043264300981714,0.0011473434015907796,13.565532684326172,13.708864212036133,11.276232719421387,11.442259788513184,8.07937240600586,8.199371337890625,0.25001731572106806,0,0,1,True,0.00020474879875109764,0.00021249146084301174,0.0003607515568206392,0.0003607779723713267,34.448573760498284,44.32637598917555,59.16546225162776,59.166248488915194,60.99449031283514,90.0,90.0,90.0,1.0101326346934139,1.3941758252613832,1.4639898022699558,1.4792453495867504,,data/Nikolaisen2022_merrill_msh/PLAG151.msh,356007,0.33951473236083984,pymeshfix_gmsh,,,,469836,0.4480705261230469,2462,10247,13.56553268432617,13.70886421203613,11.27623271942138,11.44225978851318,8.07937240600586,8.199371337890625,6.283744555422356e-09,1.0769583665041296e-07,2.0279066433597165e-07,3.584142828821547e-07,0.05305580188562966,0.5838890293656124,0.8159450804732334,0.9607809268831794,1.0033886565406254,1.2725242296013615,2.136301207084666,82.61003716456946,1.0328672042878122,1.501936305729055,2.477666898113884,16.851447489134454,3.9165466779428346,49.77735059983712,66.77569213159659,81.97878484415982,-1.0,-1.0,-1.0,-1.0,0.0033110361745487737,0.010488667093152675,0.014703483938922806,0.029498972763712522,3.3110361745487736e-09,1.0488667093152675e-08,1.4703483938922805e-08,2.949897276371252e-08,1.356553268432617e-05,1.3708864212036128e-05,1.1276232719421379e-05,1.1442259788513179e-05,8.079372406005859e-06,8.199371337890625e-06,386992,709056,236352,655808,9454080,17163432.0,16.368324279785156,0.01598469167947769,16.37 MiB,Screening estimate; calibrate with real Merrill.jl runs.,ok,gmsh;pymeshfix_gmsh,gmsh: Exception: Wrong topology of boundary mesh for parametrization
PLAG150,PLAG,data/Nikolaisen2022/Plag Binary meshes/PLAG150-binary.stl,Plag Binary meshes,43611,0.04159069061279297,ascii,0.0006699257124309,0.108561543193176,96,1,01_small,um,1e-06,0.009,9e-09,data/Nikolaisen2022/Plag Binary meshes/PLAG150-binary.stl,43611,140,274,0.06885029642726433,0.005418915224013241,6.603761196136475,6.747091770172119,5.506809234619141,5.7558488845825195,11.699371337890625,11.759371757507324,0.2935378187924848,8,6,1,False,0.00020475379369599978,0.00021247661652523675,0.0003607518406446983,0.00036077797008604383,35.38912865971606,44.61368260839613,59.165069821995466,59.16624802309894,60.994111733273925,90.0,90.0,90.0,1.0101288842680125,1.3939550311346791,1.4639737113937452,1.46400276455011,,data/Nikolaisen2022_merrill_msh/PLAG150.msh,223314,0.2129688262939453,pymeshfix_gmsh,,,,293931,0.28031444549560547,1700,6270,6.603761196136475,6.747091770172119,5.506809234619141,5.735095977783203,11.69937133789062,11.75937175750733,5.186586720258078e-09,1.0985797983790821e-07,2.1358525438048364e-07,3.5191971303711016e-07,0.12192236153165219,0.5560003152409665,0.7977432065131037,0.9421768109157371,1.0046846980141915,1.2978539310389707,2.1434034873449317,5.00394976576731,1.034947223388286,1.5411542888868144,2.507154879147435,5.839035074538852,9.6377462311082,49.98020041219899,66.57011086494772,81.40524162746495,-1.0,-1.0,-1.0,-1.0,0.0029585754010355634,0.010596498376549298,0.015124505279059926,0.018527191094782167,2.9585754010355632e-09,1.0596498376549297e-08,1.5124505279059927e-08,1.8527191094782165e-08,6.603761196136474e-06,6.7470917701721185e-06,5.50680923461914e-06,5.735095977783203e-06,1.1699371337890619e-05,1.1759371757507328e-05,241440,489600,163200,401280,6528000,11735280.0,11.191635131835938,0.010929331183433533,11.19 MiB,Screening estimate; calibrate with real Merrill.jl runs.,ok,gmsh;pymeshfix_gmsh,gmsh: ValueError: zero-size array to reduction operation maximum which has no identity
PLAG149,PLAG,data/Nikolaisen2022/Plag Binary meshes/PLAG149-binary.stl,Plag Binary meshes,43770,0.04174232482910156,ascii,0.0009937134540894,0.123809560664968,97,1,01_small,um,1e-06,0.009,9e-09,data/Nikolaisen2022/Plag Binary meshes/PLAG149-binary.stl,43770,140,275,0.06966514593356898,0.002367471854836603,26.321956634521484,26.50623893737793,8.7235746383667,8.84809398651123,8.699371337890625,8.799371719360352,0.24385469341906144,2,1,1,False,0.00020474879875109764,0.00021247166841931175,0.00036075549236040406,0.0003607779723713267,34.44980179266129,44.61301551601138,59.16546225162776,59.16703377057601,60.99449031283514,90.0,90.0,90.0,1.0101326346934139,1.393955405098647,1.4639836269373365,1.479224314564088,,data/Nikolaisen2022_merrill_msh/PLAG149.msh,350939,0.33468151092529297,pymeshfix_gmsh,,,,463113,0.44165897369384766,2431,10097,26.32195663452148,26.50623893737793,8.723574638366697,8.84809398651123,8.699371337890623,8.799371719360352,7.72092087011593e-09,9.918724236355605e-08,1.9200419875238893e-07,3.8753349230444126e-07,0.0404016678718567,0.5828526898459641,0.8101223678465763,0.9770854027031227,1.0011586468491163,1.2783041589857187,2.1298513968159574,80.66425857449069,1.0211660205069444,1.5107182686600842,2.472089410639249,15.326270465902011,4.5957835821294335,49.53423410915921,65.98903689684404,82.03767559612005,-1.0,-1.0,-1.0,-1.0,0.00276518524755349,0.010231194747612487,0.014506585609922417,0.018204481141891885,2.76518524755349e-09,1.0231194747612486e-08,1.4506585609922416e-08,1.8204481141891885e-08,2.632195663452148e-05,2.650623893737793e-05,8.723574638366697e-06,8.84809398651123e-06,8.699371337890624e-06,8.799371719360352e-06,381448,700128,233376,646208,9335040,16944300.0,16.159343719482422,0.015780609101057053,16.16 MiB,Screening estimate; calibrate with real Merrill.jl runs.,ok,gmsh;pymeshfix_gmsh,gmsh: ValueError: zero-size array to reduction operation maximum which has no identity
PLAG148,PLAG,data/Nikolaisen2022/Plag Binary meshes/PLAG148-binary.stl,Plag Binary meshes,44037,0.04199695587158203,ascii,0.0009440652663514,0.121712298983285,98,1,01_small,um,1e-06,0.009,9e-09,data/Nikolaisen2022/Plag Binary meshes/PLAG148-binary.stl,44037,143,282,0.06949235459483753,0.0009858660048433915,3.3276329040527344,3.5323920249938965,6.357696056365967,6.523722171783447,2.8193719387054443,2.8793718814849854,0.27035340157424353,2,2,1,False,0.00020474891209687485,0.00021247661652523675,0.00036075549232100106,0.00036076392121891344,34.44997850859797,44.61401614884146,59.165462484063276,59.16719107165099,60.994891968109066,90.0,90.0,90.0,1.010136867356901,1.3939548443979344,1.4792028130991257,1.4792212878366704,,data/Nikolaisen2022_merrill_msh/PLAG148.msh,289092,0.2756996154785156,voxel,0.009,1394.0,1957.0,289092,0.2756996154785156,1957,8364,3.3365354537963867,3.523489475250244,6.357696056365967,6.523722171783447,2.8193719387054443,2.8793718814849854,1.173027387329349e-07,1.1730600158344623e-07,1.173120661029925e-07,1.1731520782945482e-07,0.41480541500026313,0.5557855868501214,0.6685817627493081,0.6686010111102008,1.3680848522964117,1.3929114183761746,1.6263254333043915,1.6263301307573228,1.3928607028909803,1.7059611159590031,1.9918337336532568,1.991839486834644,33.79894192818618,53.22879586259006,58.15007337271769,58.151008439026285,-1.0,-1.0,-1.0,-1.0,0.008571386337280273,0.012358157454941223,0.015420915135720893,0.015421200343309453,8.571386337280273e-09,1.2358157454941223e-08,1.5420915135720892e-08,1.5421200343309452e-08,3.3365354537963866e-06,3.523489475250244e-06,6.357696056365967e-06,6.523722171783447e-06,2.8193719387054443e-06,2.879371881484985e-06,314616,563616,187872,535296,7514880,13674420.0,13.040943145751953,0.012735296040773392,13.04 MiB,Screening estimate; calibrate with real Merrill.jl runs.,ok,gmsh;pymeshfix_gmsh;voxel,gmsh: Exception: Wrong topology of triangulation for parametrization: one edge is incident to 3 triangles | pymeshfix_gmsh: Exception: Wrong topology of boundary mesh for parametrization
PLAG147,PLAG,data/Nikolaisen2022/Plag Binary meshes/PLAG147-binary.stl,Plag Binary meshes,45420,0.043315887451171875,ascii,0.0007828794533854,0.114348926269411,99,1,01_small,um,1e-06,0.009,9e-09,data/Nikolaisen2022/Plag Binary meshes/PLAG147-binary.stl,45420,139,275,0.0702565733965611,0.0026944981305278507,14.036476135253906,14.241233825683594,15.157103538513184,15.260869979858398,14.659371376037598,14.779372215270996,0.2590239130973617,4,4,1,False,0.00020474879875109764,0.00021247166841931175,0.00036075548898968916,0.0003607779723713267,34.449187774232996,44.32774165145066,59.166209076944696,59.16856589390032,60.99373345506567,90.0,90.0,90.0,1.010124648649406,1.3941744924291908,1.4792023877261773,1.4792348317382649,,data/Nikolaisen2022_merrill_msh/PLAG147.msh,216622,0.2065868377685547,pymeshfix_gmsh,,,,284262,0.27109336853027344,1653,6078,14.05695247650146,14.24123382568359,15.15710353851318,15.2608699798584,14.6593713760376,14.779372215271,8.239496784098137e-09,9.541318310553452e-08,2.0343960517289504e-07,3.558566738640908e-07,0.00971595003654945,0.5523186038915733,0.7991085646468766,0.9658496916169591,1.0023780500410877,1.3151442041903048,2.2661483200672765,227.0687099185998,1.0326726529894381,1.5554541922922138,2.608064276708935,23.4682307981793,6.962354499319643,49.13351110754732,67.40598535291005,81.52482503392307,-1.0,-1.0,-1.0,-1.0,0.0018193442002244617,0.01015886842240494,0.014905885182408117,0.03527465491304847,1.8193442002244616e-09,1.0158868422404941e-08,1.4905885182408116e-08,3.527465491304847e-08,1.4056952476501459e-05,1.4241233825683589e-05,1.515710353851318e-05,1.52608699798584e-05,1.4659371376037598e-05,1.4779372215270999e-05,234168,476064,158688,388992,6347520,11408148.0,10.879657745361328,0.010624665766954422,10.88 MiB,Screening estimate; calibrate with real Merrill.jl runs.,ok,gmsh;pymeshfix_gmsh,gmsh: ValueError: zero-size array to reduction operation maximum which has no identity
PLAG146,PLAG,data/Nikolaisen2022/Plag Binary meshes/PLAG146-binary.stl,Plag Binary meshes,46053,0.04391956329345703,ascii,0.0008475199156311,0.117413246536376,100,1,01_small,um,1e-06,0.009,9e-09,data/Nikolaisen2022/Plag Binary meshes/PLAG146-binary.stl,46053,147,284,0.07697902304939197,0.008207306686174327,5.5185441970825195,5.723301887512207,12.91574478149414,13.061017990112305,15.51937198638916,15.659371376037598,0.28745407639178017,13,8,1,False,0.00020474380335144815,0.0002915341388973078,0.0003607611094587771,0.0003607779657145398,34.449494782860526,44.32910725808506,59.16546271696755,59.1670333061565,60.992551298365726,90.0,90.0,90.0,1.0101129187312334,1.3941731626812677,1.4769100256181624,1.479229573066887,,data/Nikolaisen2022_merrill_msh/PLAG146.msh,281756,0.2687034606933594,voxel,0.009,1340.0,2019.0,281756,0.2687034606933594,2019,8040,5.563056945800781,5.723301887512207,12.91574478149414,13.0519380569458,15.51937198638916,15.659371376037598,1.1786451979342583e-07,1.1788321456499574e-07,1.1788321456499574e-07,1.1788321456499574e-07,0.4116846733677112,0.5659781343258409,0.6870977727371286,0.6870977727371286,1.3665483508701486,1.3928754168289625,1.6148126743654503,1.6148126743654503,1.3787563865063972,1.7059170232486938,1.9777335411872212,1.9777335411872212,34.499041943781705,54.001626467300746,59.1012727457169,59.10217519784469,-1.0,-1.0,-1.0,-1.0,0.008749961853027344,0.01248267697121247,0.015435751056421445,0.015435751056421445,8.749961853027343e-09,1.248267697121247e-08,1.5435751056421444e-08,1.5435751056421444e-08,5.563056945800781e-06,5.723301887512206e-06,1.291574478149414e-05,1.30519380569458e-05,1.551937198638916e-05,1.5659371376037595e-05,305736,581472,193824,514560,7752960,14022828.0,13.373210906982422,0.013059776276350021,13.37 MiB,Screening estimate; calibrate with real Merrill.jl runs.,ok,gmsh;pymeshfix_gmsh;voxel,gmsh: Exception: Wrong topology of triangulation for parametrization: one edge is incident to 3 triangles | pymeshfix_gmsh: Exception: Wrong topology of boundary mesh for parametrization
PLAG145,PLAG,data/Nikolaisen2022/Plag Binary meshes/PLAG145-binary.stl,Plag Binary meshes,46689,0.044526100158691406,ascii,0.0007138055864985,0.110881844078408,101,1,01_small,um,1e-06,0.009,9e-09,data/Nikolaisen2022/Plag Binary meshes/PLAG145-binary.stl,46689,151,299,0.07508225470915379,0.0003289067461865116,1.894327998161316,2.0376579761505127,8.370767593383789,8.599054336547852,5.8793721199035645,5.959372043609619,0.28117309168519816,2,3,1,False,0.00020475010418863349,0.00021247661652523675,0.0003607568975124945,0.00036075830270669546,35.38959670114914,44.61384937909773,59.16556070683918,59.16565892924019,60.994986612736106,90.0,90.0,90.0,1.0101378049491077,1.3939549377458706,1.4639763324206356,1.4639956045987985,,data/Nikolaisen2022_merrill_msh/PLAG145.msh,258790,0.24680137634277344,pymeshfix_gmsh,,,,342364,0.3265037536621094,1956,7281,1.894327998161316,2.037657976150513,8.370767593383789,8.599054336547852,5.879372119903564,5.95937204360962,1.4324390399364411e-08,9.92837722866243e-08,1.9904483158027913e-07,3.4413747556080856e-07,0.1445936729998283,0.5701133386612517,0.8006964227936049,0.9611049187078846,1.0016635516153356,1.289372878983155,2.044067846479933,3.3289641096772904,1.0275996838205368,1.5279320608283502,2.384503953005481,4.063932099395403,13.45277280130059,50.09857951175329,66.51892100029424,81.78837161570947,-1.0,-1.0,-1.0,-1.0,0.0026979420578261185,0.01026407966985114,0.014756121310266993,0.01811508290159272,2.6979420578261184e-09,1.026407966985114e-08,1.4756121310266993e-08,1.8115082901592722e-08,1.8943279981613159e-06,2.037657976150513e-06,8.370767593383789e-06,8.599054336547852e-06,5.879372119903563e-06,5.95937204360962e-06,279936,563328,187776,465984,7511040,13512096.0,12.886138916015625,0.012584120035171509,12.89 MiB,Screening estimate; calibrate with real Merrill.jl runs.,ok,gmsh;pymeshfix_gmsh,gmsh: Exception: Invalid boundary mesh (overlapping facets) on surface 23 surface 13
PLAG144,PLAG,data/Nikolaisen2022/Plag Binary meshes/PLAG144-binary.stl,Plag Binary meshes,49494,0.04720115661621094,ascii,0.0012044361992644,0.13200642180689,102,1,01_small,um,1e-06,0.009,9e-09,data/Nikolaisen2022/Plag Binary meshes/PLAG144-binary.stl,49494,158,311,0.08448339791399735,0.0014559887099877778,15.674539566040039,15.899774551391602,9.221653938293457,9.387680053710938,8.479372024536133,8.57937240600586,0.29714566448297364,2,1,1,False,0.00020472949927352602,0.00029154083691999307,0.00036076672850858337,0.0003607892076581378,34.44914965899189,44.61301551601138,59.16624755915589,59.167819029164136,60.992172706015516,90.0,90.0,90.0,1.0101091684924066,1.393955405098647,1.4639931274490585,1.479235484617538,,data/Nikolaisen2022_merrill_msh/PLAG144.msh,434827,0.41468334197998047,pymeshfix_gmsh,,,,579583,0.5527334213256836,3019,12505,15.67453956604004,15.8997745513916,9.221653938293457,9.387680053710938,8.479372024536131,8.579372406005861,3.5340662272821934e-09,9.856361452783821e-08,1.8793043089888625e-07,3.2238967506764993e-07,0.022306744049327715,0.5850179557790489,0.812999999525786,0.9862589355154593,1.000825648155241,1.275328200528474,2.1618760166625943,42.10233498024412,1.014130544416791,1.5073212687364268,2.509492194230789,15.300247883807046,3.944102885733096,49.55974976861316,66.66362181147888,82.88057736078498,-1.0,-1.0,-1.0,-1.0,0.002484941696758047,0.01018412591342728,0.014380933505218062,0.02846588552086421,2.484941696758047e-09,1.018412591342728e-08,1.438093350521806e-08,2.8465885520864208e-08,1.567453956604004e-05,1.58997745513916e-05,9.221653938293456e-06,9.387680053710937e-06,8.479372024536131e-06,8.579372406005861e-06,472616,869472,289824,800320,11592960,21037788.0,20.06319808959961,0.01959296688437462,20.06 MiB,Screening estimate; calibrate with real Merrill.jl runs.,ok,gmsh;pymeshfix_gmsh,gmsh: ValueError: zero-size array to reduction operation maximum which has no identity
PLAG143,PLAG,data/Nikolaisen2022/Plag Binary meshes/PLAG143-binary.stl,Plag Binary meshes,49779,0.04747295379638672,ascii,0.0012008278056375,0.131874463078549,103,1,01_small,um,1e-06,0.009,9e-09,data/Nikolaisen2022/Plag Binary meshes/PLAG143-binary.stl,49779,156,307,0.07916810955996698,0.00080955478985607,21.735376358032227,21.96061134338379,9.491447448730469,9.615966796875,13.579371452331543,13.67937183380127,0.276108571005589,3,2,1,False,0.00020474879875109764,0.00021247166841931175,0.00036075548898968916,0.0003607779723713267,34.44919606749968,44.61301551601138,59.16546225162776,59.16703377057601,60.99449031283514,90.0,90.0,90.0,1.0101326346934139,1.393955405098647,1.463983269055799,1.4792346896825654,,data/Nikolaisen2022_merrill_msh/PLAG143.msh,384343,0.36653804779052734,pymeshfix_gmsh,,,,509617,0.4860086441040039,2670,11051,21.73537635803223,21.96061134338379,9.491447448730469,9.615966796875002,13.57937145233154,13.67937183380127,7.340510276028694e-09,1.0823962488923403e-07,2.076571932934737e-07,3.4840999533338265e-07,0.10208075600590462,0.5791351610108343,0.8161985384207453,0.9743537853236899,1.003152779689823,1.2826219798211034,2.0748068408170743,17.829893199360566,1.0241405370055876,1.514321374852323,2.4303015337848604,7.203679993395501,10.820678873062798,49.76653885156247,66.7775220973478,82.26591589752054,-1.0,-1.0,-1.0,-1.0,0.0025312014640695066,0.010493292736984147,0.014777533382786841,0.018433511289919203,2.5312014640695065e-09,1.0493292736984146e-08,1.477753338278684e-08,1.8433511289919202e-08,2.173537635803223e-05,2.1960611343383787e-05,9.491447448730468e-06,9.615966796875001e-06,1.3579371452331538e-05,1.3679371833801268e-05,417712,768960,256320,707264,10252800,18604584.0,17.742713928222656,0.017326869070529938,17.74 MiB,Screening estimate; calibrate with real Merrill.jl runs.,ok,gmsh;pymeshfix_gmsh,gmsh: Exception: Wrong topology of triangulation for parametrization: one edge is incident to 3 triangles
PLAG142,PLAG,data/Nikolaisen2022/Plag Binary meshes/PLAG142-binary.stl,Plag Binary meshes,50913,0.048554420471191406,ascii,0.0009876021300806,0.123555229543607,104,1,01_small,um,1e-06,0.009,9e-09,data/Nikolaisen2022/Plag Binary meshes/PLAG142-binary.stl,50913,159,314,0.08288487375845746,0.0010666050307161419,13.954572677612305,14.159330368041992,12.251638412475586,12.376158714294434,6.539371013641357,6.7393717765808105,0.31213990858510865,0,0,1,True,0.00020474391703828587,0.00021247166841931175,0.00036076110644373173,0.00036078358999150307,34.45043902681189,44.32842445874217,59.165108587667724,59.166640667512006,60.993710092929526,90.0,90.0,90.0,1.0101246518105373,1.3941738270515422,1.463982201995881,1.4792134005389648,,data/Nikolaisen2022_merrill_msh/PLAG142.msh,390531,0.3724393844604492,pymeshfix_gmsh,,,,520269,0.4961671829223633,2789,11153,13.9545726776123,14.15933036804199,12.25163841247559,12.37615871429443,6.539371013641357,6.739371776580811,7.123169410232289e-09,9.012644800578885e-08,1.7549011925631638e-07,3.273659948430499e-07,0.10811634255850747,0.5851193034115688,0.8135895843142016,0.975129761284374,1.0025367936902991,1.2749619346787966,2.1307775695650486,8.066475831526503,1.0275768291223617,1.5054793400779871,2.4969030030983856,5.907754152788874,11.351570432867758,50.11399271978137,67.14347793480958,83.7942711262401,-1.0,-1.0,-1.0,-1.0,0.0019244949753654734,0.00985680442761877,0.013993616273402332,0.017788858351793557,1.9244949753654734e-09,9.85680442761877e-09,1.3993616273402331e-08,1.7788858351793558e-08,1.3954572677612299e-05,1.415933036804199e-05,1.225163841247559e-05,1.237615871429443e-05,6.5393710136413575e-06,6.739371776580811e-06,423832,803232,267744,713792,10709760,19377540.0,18.479862213134766,0.01804674044251442,18.48 MiB,Screening estimate; calibrate with real Merrill.jl runs.,ok,gmsh;pymeshfix_gmsh,gmsh: Exception: Invalid boundary mesh (overlapping facets) on surface 23 surface 33
PLAG141,PLAG,data/Nikolaisen2022/Plag Binary meshes/PLAG141-binary.stl,Plag Binary meshes,51561,0.049172401428222656,ascii,0.00049471181609,0.0981261034992316,105,1,01_small,um,1e-06,0.009,9e-09,data/Nikolaisen2022/Plag Binary meshes/PLAG141-binary.stl,51561,170,324,0.08812428175187459,0.0013189350453384643,2.344794988632202,2.610980987548828,13.974164962768555,14.119438171386719,6.319372177124023,6.4393720626831055,0.32612768005131276,19,7,1,False,0.00020474891209687485,0.00029153774075325965,0.00036075549232100106,0.00036075830270669546,34.44997850859797,44.32755906587548,59.16565892924019,59.16565892924019,60.994891968109066,90.0,90.0,90.0,1.010136867356901,1.3941746704888667,1.476919797912744,1.4792212878366704,,data/Nikolaisen2022_merrill_msh/PLAG141.msh,196244,0.18715286254882812,voxel,0.009,891.0,1659.0,196244,0.18715286254882812,1659,5346,2.344794988632202,2.610980987548828,13.974164962768555,14.119438171386719,6.319372177124023,6.4393720626831055,1.239294379357797e-07,1.239424557338822e-07,1.2395218899723115e-07,1.2395218899723115e-07,0.40414906975860954,0.5699178218793113,0.6872769143339111,0.6872769143339111,1.3666285977701882,1.3960660956159452,1.5967864118357995,1.5967864118357997,1.3806636313753902,1.709824790729309,1.9556559686036734,1.9556559686036734,35.16444651740941,54.83488428510087,60.925566580940014,60.92725834104697,-1.0,-1.0,-1.0,-1.0,0.008872747421264648,0.012695307523244017,0.015696339144692692,0.01569675433598658,8.872747421264648e-09,1.2695307523244016e-08,1.5696339144692692e-08,1.569675433598658e-08,2.344794988632202e-06,2.610980987548828e-06,1.3974164962768553e-05,1.4119438171386718e-05,6.319372177124023e-06,6.439372062683105e-06,210888,477792,159264,342144,6370560,11340972.0,10.815593719482422,0.010562103241682053,10.82 MiB,Screening estimate; calibrate with real Merrill.jl runs.,ok,gmsh;pymeshfix_gmsh;voxel,gmsh: Exception: Wrong topology of boundary mesh for parametrization | pymeshfix_gmsh: Exception: Wrong topology of boundary mesh for parametrization
PLAG140,PLAG,data/Nikolaisen2022/Plag Binary meshes/PLAG140-binary.stl,Plag Binary meshes,53151,0.050688743591308594,ascii,0.0011059033821014,0.128303800636173,106,1,01_small,um,1e-06,0.009,9e-09,data/Nikolaisen2022/Plag Binary meshes/PLAG140-binary.stl,53151,169,334,0.09228015255459499,0.0012881382973377186,1.7714730501174927,1.9762309789657593,12.978005409240723,13.123278617858887,4.139371871948242,4.359372138977051,0.3338116715472895,4,4,1,False,0.00020474891209687485,0.0002915453667148479,0.0003607568975124945,0.00036076392017657844,34.44997850859797,44.32622511960586,59.16556070683918,59.16595336160902,60.99420637873661,90.0,90.0,90.0,1.0101298218583066,1.3941759726701577,1.4792093143159586,1.4792212878366704,,data/Nikolaisen2022_merrill_msh/PLAG140.msh,336216,0.32064056396484375,voxel,0.009,1598.0,2416.0,336216,0.32064056396484375,2416,9588,1.7714730501174927,1.967328429222107,12.987085342407227,13.123278617858887,4.139371871948242,4.359372138977051,1.234768765988499e-07,1.2349627092635672e-07,1.2349792462111597e-07,1.2349792462111597e-07,0.4054558609081659,0.5706130786496644,0.6933731735680279,0.6934099413981305,1.3663645169635152,1.395296388099781,1.599251229494271,1.5992668214466315,1.3773548761867427,1.7088820953964148,1.9586747413898011,1.9586938375534886,35.11990464941275,54.87922879676217,60.64213873962758,60.64236083029865,-1.0,-1.0,-1.0,-1.0,0.008902430534362793,0.012716070766055554,0.015675687097835657,0.015675754798678776,8.902430534362792e-09,1.2716070766055552e-08,1.5675687097835658e-08,1.5675754798678776e-08,1.7714730501174925e-06,1.9673284292221067e-06,1.2987085342407226e-05,1.3123278617858886e-05,4.139371871948242e-06,4.3593721389770505e-06,364800,695808,231936,613632,9277440,16775424.0,15.998291015625,0.015623331069946289,16.00 MiB,Screening estimate; calibrate with real Merrill.jl runs.,ok,gmsh;pymeshfix_gmsh;voxel,gmsh: Exception: Wrong topology of triangulation for parametrization: one edge is incident to 3 triangles | pymeshfix_gmsh: Exception: Wrong topology of boundary mesh for parametrization
PLAG139,PLAG,data/Nikolaisen2022/Plag Binary meshes/PLAG139-binary.stl,Plag Binary meshes,55536,0.0529632568359375,ascii,0.0009948335234831,0.123856060732871,107,1,01_small,um,1e-06,0.009,9e-09,data/Nikolaisen2022/Plag Binary meshes/PLAG139-binary.stl,55536,176,349,0.08544228056909539,0.002387168106538681,4.208093166351318,4.474277973175049,13.538344383239746,13.642111778259277,3.099371910095215,3.2593719959259033,0.3274477838049203,2,3,1,False,0.00020474891209687485,0.00020753840681209113,0.00036074987615716635,0.0003607611131032198,34.450132014376,44.32639185934991,59.165462484063276,59.16585537291742,60.994891968109066,90.0,90.0,90.0,1.010136867356901,1.394175809757175,1.479207999773914,1.4792186586952911,,data/Nikolaisen2022_merrill_msh/PLAG139.msh,342740,0.3268623352050781,voxel,0.009,1642.0,2385.0,342740,0.3268623352050781,2385,9852,4.216966152191162,4.474277973175049,13.546991348266602,13.642111778259277,3.099371910095215,3.2593719959259033,1.136575259483022e-07,1.1366668302281492e-07,1.1367921932843121e-07,1.1367921932843121e-07,0.4061073261367131,0.5676067468428547,0.696694450269302,0.6967134107849182,1.3663862913231273,1.3950489367019612,1.600801263564683,1.600809492428045,1.3783189862770349,1.708579030566015,1.960573137668021,1.9605832159262206,34.93539902967232,54.012007801384314,60.488634620534434,60.488634620534434,-1.0,-1.0,-1.0,-1.0,0.008646965026855469,0.012389506926820344,0.015248393020922948,0.015248933844926612,8.646965026855469e-09,1.2389506926820344e-08,1.5248393020922946e-08,1.5248933844926613e-08,4.216966152191162e-06,4.474277973175049e-06,1.3546991348266602e-05,1.3642111778259277e-05,3.099371910095215e-06,3.259371995925903e-06,372504,686880,228960,630528,9158400,16615908.0,15.84616470336914,0.015474770218133926,15.85 MiB,Screening estimate; calibrate with real Merrill.jl runs.,ok,gmsh;pymeshfix_gmsh;voxel,gmsh: Exception: Wrong topology of boundary mesh for parametrization | pymeshfix_gmsh: Exception: Wrong topology of boundary mesh for parametrization
PLAG138,PLAG,data/Nikolaisen2022/Plag Binary meshes/PLAG138-binary.stl,Plag Binary meshes,55695,0.053114891052246094,ascii,0.0009849687128749,0.123445312777919,108,1,01_small,um,1e-06,0.009,9e-09,data/Nikolaisen2022/Plag Binary meshes/PLAG138-binary.stl,55695,176,350,0.08480966780415508,0.0010977802752419241,-0.5218170285224915,-0.3784860074520111,6.004889011383057,6.27468204498291,3.339371919631958,3.399372100830078,0.31133917890931334,3,5,1,False,0.0002047596409227026,0.0002124687083266963,0.00036075147226592654,0.0003607628673143126,34.45131086881779,44.61384937909773,59.16556070683918,59.16580614581015,60.99457283306252,90.0,90.0,90.0,1.0101335789781825,1.3939549377458706,1.463966475011332,1.4791984696592069,,data/Nikolaisen2022_merrill_msh/PLAG138.msh,356147,0.3396482467651367,pymeshfix_gmsh,,,,477893,0.45575428009033203,2554,10160,-0.5218170285224915,-0.3784860074520111,6.004889011383057,6.27468204498291,3.339371919631958,3.399372100830079,2.9418914090940457e-09,1.0133799278391129e-07,2.0100916562377675e-07,4.741053859880999e-07,0.05954837134079361,0.5774865827295812,0.8035978489393352,0.9789186212938654,1.0010511702799003,1.2839211922027496,2.107028501646704,44.636889466353146,1.0204778838621236,1.5206125135281319,2.458925367145368,10.635343198853317,7.585220892270152,49.74528585025341,66.57849754426292,81.89438108307475,-1.0,-1.0,-1.0,-1.0,0.0029324336389431075,0.01040559172662792,0.014652145897815059,0.024030295225933657,2.9324336389431073e-09,1.040559172662792e-08,1.4652145897815058e-08,2.4030295225933656e-08,-5.218170285224914e-07,-3.784860074520111e-07,6.004889011383056e-06,6.27468204498291e-06,3.3393719196319578e-06,3.3993721008300788e-06,386416,735552,245184,650240,9807360,17737128.0,16.915443420410156,0.016518987715244293,16.92 MiB,Screening estimate; calibrate with real Merrill.jl runs.,ok,gmsh;pymeshfix_gmsh,gmsh: Exception: Invalid boundary mesh (overlapping facets) on surface 35 surface 42
PLAG137,PLAG,data/Nikolaisen2022/Plag Binary meshes/PLAG137-binary.stl,Plag Binary meshes,55935,0.053343772888183594,ascii,0.0009545961552045,0.122163186647973,109,1,01_small,um,1e-06,0.009,9e-09,data/Nikolaisen2022/Plag Binary meshes/PLAG137-binary.stl,55935,176,345,0.0932164830361013,0.005375085095694123,11.620332717895508,11.845565795898438,14.119438171386719,14.264711380004883,9.359371185302734,9.599371910095215,0.3597701939708268,8,5,1,False,0.0002047390353254741,0.00029156203323575094,0.0003607644805386685,0.0003607892121980496,34.448573760498284,44.32774165145066,59.16550169673353,59.16860472817821,60.99292957636011,90.0,90.0,90.0,1.0101166691413201,1.3941744924291908,1.4640026286372831,1.4792453495867504,,data/Nikolaisen2022_merrill_msh/PLAG137.msh,343714,0.3277912139892578,pymeshfix_gmsh,,,,460724,0.4393806457519531,2658,9612,11.62033271789551,11.84556579589844,14.11943817138672,14.26471138000488,9.359371185302734,9.599371910095215,1.0386110208438753e-08,8.559184816541452e-08,1.8577423812137632e-07,3.479851865619964e-07,0.10875106558446498,0.5547167989402155,0.7978208068451268,0.999473649163888,1.0004681274912177,1.309466284995707,2.098472807376299,8.97424480928013,1.0104244915538667,1.5502616194650751,2.4315337344875343,7.992324149355446,6.714636414938423,49.620024226998765,67.1326057406208,82.81037507604243,-1.0,-1.0,-1.0,-1.0,0.002713773710864213,0.00977900413407663,0.01438693803100169,0.018126751695467597,2.713773710864213e-09,9.77900413407663e-09,1.4386938031001689e-08,1.8126751695467596e-08,1.1620332717895509e-05,1.1845565795898439e-05,1.411943817138672e-05,1.4264711380004878e-05,9.359371185302734e-06,9.599371910095215e-06,371376,765504,255168,615168,10206720,18320904.0,17.47217559814453,0.01706267148256302,17.47 MiB,Screening estimate; calibrate with real Merrill.jl runs.,ok,gmsh;pymeshfix_gmsh,gmsh: Exception: Wrong topology of triangulation for parametrization: one edge is incident to 3 triangles
PLAG136,PLAG,data/Nikolaisen2022/Plag Binary meshes/PLAG136-binary.stl,Plag Binary meshes,56517,0.05389881134033203,ascii,0.0016164663525924,0.145609378740044,110,1,01_small,um,1e-06,0.009,9e-09,data/Nikolaisen2022/Plag Binary meshes/PLAG136-binary.stl,56517,183,362,0.09659715195709419,0.0016742604883477877,8.835624694824219,9.019905090332031,9.65747356414795,9.823500633239746,6.219371795654297,6.3793721199035645,0.29516835128380353,0,0,1,True,0.0002047536804639094,0.00029153439176086456,0.0003607498715821029,0.00036077235479761076,34.44921098410805,44.32705882826191,59.16506958921053,59.16664113262965,60.99449031283514,90.0,90.0,90.0,1.0101326346934139,1.394175158499121,1.4792027417111042,1.4792344341757253,,data/Nikolaisen2022_merrill_msh/PLAG136.msh,463869,0.4423799514770508,voxel,0.009,2249.0,3069.0,463869,0.4423799514770508,3069,13494,8.844839096069336,9.019905090332031,9.65747356414795,9.823500633239746,6.219371795654297,6.3793721199035645,1.2588723245046617e-07,1.2590701684977307e-07,1.2592003587746925e-07,1.2592003587746925e-07,0.4128311310402866,0.5730387589266798,0.6936153914418235,0.693634681743225,1.3666992188307905,1.392530770358061,1.6181634047121334,1.6181634047121334,1.3829547074250932,1.7054949192510136,1.9818373309947372,1.9818373309947372,34.74212017429562,53.74531860536633,58.789078329398926,58.7908103771414,-1.0,-1.0,-1.0,-1.0,0.008888721466064453,0.012802556877979937,0.015779594152542393,0.015779862762131096,8.888721466064452e-09,1.2802556877979936e-08,1.577959415254239e-08,1.5779862762131095e-08,8.844839096069336e-06,9.01990509033203e-06,9.65747356414795e-06,9.823500633239746e-06,6.219371795654297e-06,6.379372119903564e-06,505464,883872,294624,863616,11784960,21498804.0,20.502857208251953,0.020022321492433548,20.50 MiB,Screening estimate; calibrate with real Merrill.jl runs.,ok,gmsh;pymeshfix_gmsh;voxel,gmsh: Exception: Wrong topology of boundary mesh for parametrization | pymeshfix_gmsh: Exception: Wrong topology of boundary mesh for parametrization
PLAG135,PLAG,data/Nikolaisen2022/Plag Binary meshes/PLAG135-binary.stl,Plag Binary meshes,56967,0.054327964782714844,ascii,0.0014206846357209,0.139476065286309,111,1,01_small,um,1e-06,0.009,9e-09,data/Nikolaisen2022/Plag Binary meshes/PLAG135-binary.stl,56967,182,358,0.09065724301542322,0.0014446759524722138,16.944040298461914,17.169273376464844,3.742777109146118,3.9088029861450195,8.339371681213379,8.439371109008789,0.29714376456412067,7,5,1,False,0.00020474879875109764,0.00021247410927571764,0.0003607555002254055,0.00036076954655758856,34.44919606749968,44.61433184461598,59.16546225162776,59.16703377057601,60.99449031283514,90.0,90.0,90.0,1.0101326346934139,1.3939546678003747,1.4639955921557577,1.4792346896825654,,data/Nikolaisen2022_merrill_msh/PLAG135.msh,431915,0.41190624237060547,pymeshfix_gmsh,,,,574715,0.548090934753418,2963,12457,16.94404029846191,17.16927337646484,3.742777109146118,3.888050079345704,8.339371681213379,8.439371109008789,1.1024976269955616e-08,1.1486830578317593e-07,2.1040957067400997e-07,3.556272472758783e-07,0.11396263221519982,0.5842910870192392,0.8134191024339749,0.9703384950400589,1.0031478382034673,1.2737567737713995,2.06991897606125,5.612862187920342,1.0263367611698553,1.50582419377552,2.4227992562192027,6.513094062502554,9.020019141843443,50.20904898568106,66.96896141310997,83.48410304526043,-1.0,-1.0,-1.0,-1.0,0.0033787343696075676,0.010688803055861769,0.014960205596852605,0.018008840581510806,3.3787343696075675e-09,1.0688803055861767e-08,1.4960205596852603e-08,1.8008840581510804e-08,1.694404029846191e-05,1.7169273376464838e-05,3.742777109146118e-06,3.888050079345704e-06,8.339371681213379e-06,8.439371109008788e-06,469736,853344,284448,797248,11377920,20674044.0,19.716304779052734,0.019254203885793686,19.72 MiB,Screening estimate; calibrate with real Merrill.jl runs.,ok,gmsh;pymeshfix_gmsh,gmsh: Exception: Wrong topology of triangulation for parametrization: one edge is incident to 3 triangles
PLAG134,PLAG,data/Nikolaisen2022/Plag Binary meshes/PLAG134-binary.stl,Plag Binary meshes,57444,0.054782867431640625,ascii,0.0013670508941823,0.137698334379529,112,1,01_small,um,1e-06,0.009,9e-09,data/Nikolaisen2022/Plag Binary meshes/PLAG134-binary.stl,57444,183,361,0.09238220635524966,0.0004881044511510758,14.445992469787598,14.589323043823242,8.6405611038208,8.88960075378418,6.01937198638916,6.1193718910217285,0.30424395085817635,2,1,1,False,0.00020474391703828587,0.00021247166841931175,0.00036074988283123693,0.00036078358999150307,34.44916454878702,44.61301551601138,59.165854908276245,59.167426402754224,60.993710092929526,90.0,90.0,90.0,1.0101246518105373,1.393955405098647,1.4639785188313361,1.4792352295685989,,data/Nikolaisen2022_merrill_msh/PLAG134.msh,424221,0.4045686721801758,voxel,0.009,2049.0,2853.0,424221,0.4045686721801758,2853,12294,14.445992469787598,14.589323043823242,8.6405611038208,8.88960075378418,6.01937198638916,6.1193718910217285,1.2071342078917927e-07,1.207262722126637e-07,1.2073921734157347e-07,1.2073921734157347e-07,0.4056581444077961,0.5759357807539816,0.694186522500247,0.694224016605479,1.366214671588152,1.395082913083657,1.599441436925012,1.599456934707233,1.3727600930166155,1.7086206429652466,1.9589076969651023,1.9589266777943957,35.36074952239499,54.34370617598965,60.604382896935014,60.604382896935014,-1.0,-1.0,-1.0,-1.0,0.008893966674804688,0.012623902523718707,0.01555658655989423,0.015557135728418778,8.893966674804687e-09,1.2623902523718706e-08,1.555658655989423e-08,1.5557135728418776e-08,1.4445992469787597e-05,1.458932304382324e-05,8.640561103820801e-06,8.88960075378418e-06,6.01937198638916e-06,6.119371891021728e-06,461880,821664,273888,786816,10955520,19949652.0,19.025470733642578,0.01857956126332283,19.03 MiB,Screening estimate; calibrate with real Merrill.jl runs.,ok,gmsh;pymeshfix_gmsh;voxel,gmsh: Exception: Wrong topology of boundary mesh for parametrization | pymeshfix_gmsh: Exception: Wrong topology of boundary mesh for parametrization
PLAG133,PLAG,data/Nikolaisen2022/Plag Binary meshes/PLAG133-binary.stl,Plag Binary meshes,57879,0.055197715759277344,ascii,0.0013474841194269,0.137038210169476,113,1,01_small,um,1e-06,0.009,9e-09,data/Nikolaisen2022/Plag Binary meshes/PLAG133-binary.stl,57879,181,357,0.0934788933689212,0.00016051318537315307,25.441497802734375,25.56435203552246,14.389230728149414,14.63827133178711,8.359371185302734,8.479372024536133,0.3025137785141312,2,1,1,False,0.00020474879875109764,0.00021249146084301174,0.00036075548898968916,0.0003607779723713267,34.44980179266129,44.32507386968824,59.16564317277576,59.16856589390032,60.99373345506567,90.0,90.0,90.0,1.010124648649406,1.3941770985995885,1.4639734113562142,1.479224314564088,,data/Nikolaisen2022_merrill_msh/PLAG133.msh,426595,0.4068326950073242,pymeshfix_gmsh,,,,570001,0.5435953140258789,3023,12207,25.44149780273437,25.56435203552246,14.38923072814941,14.63827133178711,8.359371185302733,8.479372024536133,7.045263737680744e-09,1.0839324153167191e-07,2.143635217506689e-07,3.729621644075376e-07,0.04571682672037626,0.5766689092999713,0.8104998938419226,0.9581623390722976,1.0031552015236804,1.2817605035550659,2.1131839553687053,27.152590067531445,1.0310191471392145,1.5134434630503857,2.481979509302989,8.980427615238744,6.303733212838652,50.13872537538958,66.97059357304563,84.47486550003775,-1.0,-1.0,-1.0,-1.0,0.0033080775808317533,0.010606765461365639,0.01497108042411465,0.02522324025764181,3.3080775808317533e-09,1.0606765461365638e-08,1.497108042411465e-08,2.522324025764181e-08,2.544149780273437e-05,2.556435203552246e-05,1.438923072814941e-05,1.4638271331787109e-05,8.359371185302732e-06,8.479372024536133e-06,463176,870624,290208,781248,11608320,21020364.0,20.046581268310547,0.01957673951983452,20.05 MiB,Screening estimate; calibrate with real Merrill.jl runs.,ok,gmsh;pymeshfix_gmsh,gmsh: Exception: Wrong topology of boundary mesh for parametrization
PLAG132,PLAG,data/Nikolaisen2022/Plag Binary meshes/PLAG132-binary.stl,Plag Binary meshes,58041,0.055352210998535156,ascii,0.0011586505703946,0.130312062669275,114,1,01_small,um,1e-06,0.009,9e-09,data/Nikolaisen2022/Plag Binary meshes/PLAG132-binary.stl,58041,181,358,0.08962895523912083,0.0012195934231690863,22.20631980895996,22.349651336669922,3.5144898891448975,3.805037021636963,12.67937183380127,12.759371757507324,0.3337087814667269,0,0,1,True,0.00020474879875109764,0.00021247410927571764,0.00036075548898968916,0.0003607807817018705,34.45092065582164,44.614002756717504,59.165170220848005,59.16778062253444,60.99373345506567,90.0,90.0,90.0,1.010124648649406,1.3939548518925715,1.4639511821706006,1.479205152130692,,data/Nikolaisen2022_merrill_msh/PLAG132.msh,363035,0.34621715545654297,gmsh,,,,469773,0.4480104446411133,2628,10332,22.20632,22.34965100000001,3.514489999999999,3.805037,12.679372,12.759372,3.9696051398829905e-09,1.124902034447538e-07,2.1464183535654654e-07,3.95497730819639e-07,0.09591192656905392,0.5638412542628204,0.800711052866082,0.9789210231621782,1.0010523653038028,1.2937129750700804,2.1296193523377047,12.273171146510258,1.0240730167941892,1.5307352282192568,2.484852462013487,7.330846877478526,9.428360027489358,49.91166409268749,66.79646699042877,82.28198864319103,-1.0,-1.0,-1.0,-1.0,0.002947822748496065,0.010689098577166557,0.015069267669856617,0.01887023561604212,2.947822748496065e-09,1.0689098577166557e-08,1.5069267669856617e-08,1.8870235616042118e-08,2.220632e-05,2.2349651000000007e-05,3.514489999999999e-06,3.805037e-06,1.2679372000000001e-05,1.2759372e-05,393696,756864,252288,661248,10091520,18233424.0,17.388748168945312,0.016981199383735657,17.39 MiB,Screening estimate; calibrate with real Merrill.jl runs.,ok,gmsh,
PLAG131,PLAG,data/Nikolaisen2022/Plag Binary meshes/PLAG131-binary.stl,Plag Binary meshes,58557,0.05584430694580078,ascii,0.0010847504054799,0.127480492591836,115,1,01_small,um,1e-06,0.009,9e-09,data/Nikolaisen2022/Plag Binary meshes/PLAG131-binary.stl,58557,187,368,0.0905425784365113,0.0048419653921769725,7.934688091278076,8.139446258544922,7.9141950607299805,8.16323471069336,10.01937198638916,10.07937240600586,0.3279431424356055,6,4,1,False,0.0002047390353254741,0.00021247193217277527,0.000360755491238085,0.000360783584379904,34.44984819799493,44.61433184461598,59.16585514036257,59.16817256540916,60.992172706015516,90.0,90.0,90.0,1.0101086831570603,1.3939546678003747,1.463977158355831,1.4792235197440629,,data/Nikolaisen2022_merrill_msh/PLAG131.msh,358869,0.34224414825439453,voxel,0.009,1725.0,2463.0,358869,0.34224414825439453,2463,10350,7.934688091278076,8.139446258544922,7.9141950607299805,8.145445823669434,10.01937198638916,10.07937240600586,1.1309677541834415e-07,1.131154185769756e-07,1.1312754761606814e-07,1.1312754761606814e-07,0.4129500059534095,0.5729656110507506,0.693293873461567,0.693331727537343,1.3667376736993315,1.392516075552006,1.61855047607144,1.6185710285915873,1.3834440630222158,1.7054769218626622,1.9823113946569104,1.982336566250554,34.73083533001232,53.71940245792051,58.755560075226796,58.7564557756808,-1.0,-1.0,-1.0,-1.0,0.008570671081542969,0.012352141278652768,0.015225990480293952,0.015226547570302148,8.570671081542969e-09,1.2352141278652767e-08,1.5225990480293953e-08,1.5226547570302147e-08,7.934688091278076e-06,8.139446258544921e-06,7.91419506072998e-06,8.145445823669434e-06,1.0019371986389159e-05,1.0079372406005859e-05,390312,709344,236448,662400,9457920,17184636.0,16.388545989990234,0.016004439443349838,16.39 MiB,Screening estimate; calibrate with real Merrill.jl runs.,ok,gmsh;pymeshfix_gmsh;voxel,gmsh: Exception: Wrong topology of triangulation for parametrization: one edge is incident to 3 triangles | pymeshfix_gmsh: Exception: Invalid boundary mesh (overlapping facets) on surface 9 surface 15
PLAG130,PLAG,data/Nikolaisen2022/Plag Binary meshes/PLAG130-binary.stl,Plag Binary meshes,59034,0.05629920959472656,ascii,0.0014792462817413,0.141366754637589,116,1,01_small,um,1e-06,0.009,9e-09,data/Nikolaisen2022/Plag Binary meshes/PLAG130-binary.stl,59034,188,371,0.09901444728938219,0.0021061331402566965,12.173179626464844,12.377937316894531,6.523722171783447,6.7105021476745605,3.2593719959259033,3.399372100830078,0.3105036240644617,5,4,1,False,0.0002047536804639094,0.00021249146084301174,0.0003607498715821029,0.00036077516357866106,34.44921098410805,44.61301551601138,59.165109053640805,59.16817326110164,60.9945136934832,90.0,90.0,90.0,1.0101326317160813,1.393955405098647,1.4639907522577051,1.4792344341757253,,data/Nikolaisen2022_merrill_msh/PLAG130.msh,468965,0.44723987579345703,voxel,0.009,2269.0,3131.0,468965,0.44723987579345703,3131,13614,12.173179626464844,12.377937316894531,6.53261661529541,6.7105021476745605,3.2593719959259033,3.399372100830078,1.1545647405434197e-07,1.1547503420233513e-07,1.1547818066103275e-07,1.1547818066103275e-07,0.41044774754946134,0.5752604184385377,0.7006587383094661,0.7007344815252097,1.366168456045404,1.3930560106093617,1.6109143411481501,1.6109143411481501,1.3737212488396249,1.7061382045550422,1.9729590775723564,1.9729590775723564,35.016472043681425,54.27970924288352,59.442554899755194,59.44522750109832,-1.0,-1.0,-1.0,-1.0,0.008749961853027344,0.012476896962663932,0.015327372565287793,0.015327508672935882,8.749961853027343e-09,1.2476896962663933e-08,1.532737256528779e-08,1.5327508672935882e-08,1.2173179626464843e-05,1.2377937316894531e-05,6.53261661529541e-06,6.71050214767456e-06,3.259371995925903e-06,3.399372100830078e-06,510792,901728,300576,871296,12023040,21911148.0,20.896099090576172,0.020406346768140793,20.90 MiB,Screening estimate; calibrate with real Merrill.jl runs.,ok,gmsh;pymeshfix_gmsh;voxel,gmsh: Exception: Wrong topology of triangulation for parametrization: one edge is incident to 3 triangles | pymeshfix_gmsh: Exception: Wrong topology of boundary mesh for parametrization
PLAG129,PLAG,data/Nikolaisen2022/Plag Binary meshes/PLAG129-binary.stl,Plag Binary meshes,59175,0.056433677673339844,ascii,0.0013860232122266,0.138332415491063,117,1,01_small,um,1e-06,0.009,9e-09,data/Nikolaisen2022/Plag Binary meshes/PLAG129-binary.stl,59175,185,365,0.09973782831991009,0.0033722746682707176,11.436050415039062,11.661282539367676,6.668994903564453,6.83502197265625,11.279372215270996,11.419371604919434,0.31288069068372887,6,5,1,False,0.00020474879875109764,0.00029154473695312805,0.00036075549565903127,0.0003607779723713267,34.44919606749968,44.61301551601138,59.16550169673353,59.167780157574526,60.99449031283514,90.0,90.0,90.0,1.0101321510050811,1.393955405098647,1.4761435630270239,1.4792346896825654,,data/Nikolaisen2022_merrill_msh/PLAG129.msh,455491,0.4343900680541992,pymeshfix_gmsh,,,,610047,0.5817861557006836,3230,13032,11.43605041503906,11.66128253936768,6.668994903564452,6.83502197265625,11.27937221527099,11.41937160491944,5.3348357459001406e-09,1.0678217580034316e-07,2.1409983429812087e-07,3.97332812497594e-07,0.007927061864898622,0.5710068142185352,0.8080096058571943,0.9760945078574086,1.0014890208423004,1.2930275549684098,2.1798595618781755,590.6520607185482,1.0159074988042984,1.5270261692863527,2.5176378715303827,43.364034690665825,1.9748791793597613,49.23999892449356,66.72996907227825,82.97979453393788,-1.0,-1.0,-1.0,-1.0,0.0029807440820625516,0.010529432028339005,0.015026087076145282,0.027262583010750307,2.9807440820625515e-09,1.0529432028339004e-08,1.502608707614528e-08,2.7262583010750304e-08,1.143605041503906e-05,1.1661282539367679e-05,6.668994903564452e-06,6.83502197265625e-06,1.127937221527099e-05,1.141937160491944e-05,494544,930240,310080,834048,12403200,22458168.0,21.41777801513672,0.020915798842906952,21.42 MiB,Screening estimate; calibrate with real Merrill.jl runs.,ok,gmsh;pymeshfix_gmsh,gmsh: Exception: Wrong topology of triangulation for parametrization: one edge is incident to 3 triangles
PLAG128,PLAG,data/Nikolaisen2022/Plag Binary meshes/PLAG128-binary.stl,Plag Binary meshes,59445,0.05669116973876953,ascii,0.0008668613478056,0.118299707862715,118,1,01_small,um,1e-06,0.009,9e-09,data/Nikolaisen2022/Plag Binary meshes/PLAG128-binary.stl,59445,183,360,0.10063157321776925,0.014160394262736268,12.357461929321289,12.623647689819336,12.562938690185547,12.74971866607666,14.11937141418457,14.319372177124023,0.3817616057989223,10,8,1,False,0.00020474879875109764,0.00029154813145568914,0.0003607555002254055,0.0003607779723713267,34.44919606749968,44.61301551601138,59.16546225162776,59.16703377057601,60.99449031283514,90.0,90.0,90.0,1.0101326346934139,1.393955405098647,1.4792128612444826,1.4792346896825654,,data/Nikolaisen2022_merrill_msh/PLAG128.msh,302420,0.2884101867675781,voxel,0.009,1410.0,2337.0,302420,0.2884101867675781,2337,8460,12.357461929321289,12.614774703979492,12.580727577209473,12.74971866607666,14.11937141418457,14.319372177124023,1.195505216662618e-07,1.1957591578246976e-07,1.195887375619875e-07,1.195887375619875e-07,0.40494674895412713,0.5784067330764568,0.6908250373346885,0.6908628810245813,1.3662978248693032,1.3954476541549747,1.5980042204744525,1.5980198044190976,1.3723631222598047,1.7090673577217292,1.9571474734882,1.957166559844479,35.519608498552344,54.47599497008258,60.76225288013953,60.76401841331426,-1.0,-1.0,-1.0,-1.0,0.008872032165527344,0.012563141363791304,0.015507600116696094,0.01550814709061095,8.872032165527343e-09,1.2563141363791304e-08,1.5507600116696094e-08,1.550814709061095e-08,1.2357461929321288e-05,1.2614774703979491e-05,1.2580727577209472e-05,1.2749718666076659e-05,1.4119371414184569e-05,1.4319372177124022e-05,326808,673056,224352,541440,8974080,16109604.0,15.36331558227539,0.015003237873315811,15.36 MiB,Screening estimate; calibrate with real Merrill.jl runs.,ok,gmsh;pymeshfix_gmsh;voxel,gmsh: Exception: Wrong topology of boundary mesh for parametrization | pymeshfix_gmsh: Exception: Wrong topology of boundary mesh for parametrization
PLAG127,PLAG,data/Nikolaisen2022/Plag Binary meshes/PLAG127-binary.stl,Plag Binary meshes,61578,0.05872535705566406,ascii,0.0019776178884119,0.15573321635487,119,1,01_small,um,1e-06,0.009,9e-09,data/Nikolaisen2022/Plag Binary meshes/PLAG127-binary.stl,61578,193,382,0.10340563707342895,0.0020538887087357557,14.405040740966797,14.609798431396484,9.948019981384277,10.114047050476074,5.5593719482421875,5.699371814727783,0.298480589113089,0,0,1,True,0.00020474391703828587,0.0002915411351754163,0.0003607611131032198,0.00036078359209554045,34.44854218524559,44.32842445874217,59.16585537291742,59.16738751254068,60.99295322823579,90.0,90.0,90.0,1.0101166657964007,1.3941738270515422,1.4792027417111042,1.4792458904805985,,data/Nikolaisen2022_merrill_msh/PLAG127.msh,590317,0.5629701614379883,voxel,0.009,2880.0,3799.0,590317,0.5629701614379883,3799,17280,14.405040740966797,14.609798431396484,9.948019981384277,10.114047050476074,5.5593719482421875,5.699371814727783,1.197275960304033e-07,1.1975280446094305e-07,1.197593304993333e-07,1.197593304993333e-07,0.4125052186769253,0.5582650878017986,0.6759853171832575,0.6760047045153101,1.3671293240148135,1.3930372443372945,1.6181407179837826,1.6181407179837826,1.3828771344262307,1.7061152206595738,1.9818095455405422,1.9818095455405422,34.07870646028307,53.79294037262206,58.84234773356809,58.84586790494806,-1.0,-1.0,-1.0,-1.0,0.008749961853027344,0.01248267697121247,0.01552089740895468,0.015521166232617912,8.749961853027343e-09,1.248267697121247e-08,1.5520897408954678e-08,1.5521166232617913e-08,1.4405040740966797e-05,1.4609798431396484e-05,9.948019981384278e-06,1.0114047050476074e-05,5.559371948242187e-06,5.699371814727783e-06,644136,1094112,364704,1105920,14588160,26695548.0,25.458858489990234,0.024862166494131088,25.46 MiB,Screening estimate; calibrate with real Merrill.jl runs.,ok,gmsh;pymeshfix_gmsh;voxel,gmsh: Exception: Wrong topology of boundary mesh for parametrization | pymeshfix_gmsh: Exception: Wrong topology of boundary mesh for parametrization
PLAG126,PLAG,data/Nikolaisen2022/Plag Binary meshes/PLAG126-binary.stl,Plag Binary meshes,61920,0.059051513671875,ascii,0.000875050965105,0.118671083771595,120,1,01_small,um,1e-06,0.009,9e-09,data/Nikolaisen2022/Plag Binary meshes/PLAG126-binary.stl,61920,191,375,0.09957505439417806,0.0012804823973820566,26.690521240234375,26.895278930664062,13.787384986877441,13.911904335021973,13.35937213897705,13.699371337890625,0.4159690314366094,6,3,1,False,0.0002047390353254741,0.0002124816965078935,0.00036075548898968916,0.0003607779723713267,34.44914965899189,44.32637598917555,59.16546318418245,59.16703377057601,60.99292988461106,90.0,90.0,90.0,1.0101166691413201,1.3941758252613832,1.4685527380246346,1.479235484617538,,data/Nikolaisen2022_merrill_msh/PLAG126.msh,371155,0.3539609909057617,pymeshfix_gmsh,,,,498991,0.4758749008178711,2862,10388,26.71099662780762,26.89527893066407,13.78738498687744,13.91190433502198,13.35937213897705,13.69937133789062,3.1136853966842374e-09,8.576792578634388e-08,1.874953299493543e-07,3.6074595095011344e-07,0.01142551526554414,0.5476189190718179,0.7962331190808545,0.9862589353478469,1.0008256481571811,1.3123294115268571,2.1828553687571084,145.29691522889746,1.0141305443093658,1.554371318887162,2.529482016569743,51.299853808207764,1.8339130891946185,49.33116548311629,67.11243426115057,82.04937293577983,-1.0,-1.0,-1.0,-1.0,0.0022138564190102255,0.009929571052356864,0.014396732208146574,0.029170207624977705,2.2138564190102253e-09,9.929571052356863e-09,1.4396732208146573e-08,2.9170207624977704e-08,2.6710996627807618e-05,2.6895278930664067e-05,1.3787384986877439e-05,1.3911904335021979e-05,1.335937213897705e-05,1.369937133789062e-05,401104,824256,274752,664832,10990080,19732536.0,18.81841278076172,0.018377356231212616,18.82 MiB,Screening estimate; calibrate with real Merrill.jl runs.,ok,gmsh;pymeshfix_gmsh,gmsh: Exception: Invalid boundary mesh (overlapping facets) on surface 25 surface 30
PLAG125,PLAG,data/Nikolaisen2022/Plag Binary meshes/PLAG125-binary.stl,Plag Binary meshes,64035,0.06106853485107422,ascii,0.0006861722691933,0.109432128563443,121,1,01_small,um,1e-06,0.009,9e-09,data/Nikolaisen2022/Plag Binary meshes/PLAG125-binary.stl,64035,200,395,0.09696623826175207,0.00045864521614683246,10.084648132324219,10.187026977539062,12.417664527893066,12.874238967895508,6.919372081756592,7.01937198638916,0.4784784510692103,4,3,1,False,0.00020476321719797852,0.00021247180075079086,0.00036074987615716635,0.00036077235479761076,34.44982500311328,44.61301551601138,59.165081428539615,59.16664113262965,60.99451338578494,90.0,90.0,90.0,1.0101331170951215,1.393955405098647,1.4639457633207982,1.479223917020194,,data/Nikolaisen2022_merrill_msh/PLAG125.msh,288274,0.2749195098876953,pymeshfix_gmsh,,,,386836,0.3689155578613281,2320,7970,10.08464813232422,10.18702697753906,12.41766452789307,12.87423896789551,6.919372081756591,7.019371986389161,7.847566567514445e-09,8.872466866597373e-08,1.905785797950522e-07,3.3906175942317194e-07,0.14980167810911507,0.5493050875931373,0.7916115079524656,0.984694492449128,1.0003168521221066,1.3070001202556236,2.09978618960648,5.559712107607929,1.0061620665245075,1.5472498080745778,2.4554051938704706,4.261832558835263,11.805759696559646,49.80662490114905,67.54073441022614,82.67054844123145,-1.0,-1.0,-1.0,-1.0,0.0028610374201433735,0.010109231495658665,0.014521111666179427,0.021026130110343887,2.8610374201433735e-09,1.0109231495658664e-08,1.4521111666179426e-08,2.1026130110343886e-08,1.008464813232422e-05,1.0187026977539061e-05,1.2417664527893069e-05,1.287423896789551e-05,6.91937208175659e-06,7.019371986389161e-06,310720,668160,222720,510080,8908800,15930720.0,15.192718505859375,0.014836639165878296,15.19 MiB,Screening estimate; calibrate with real Merrill.jl runs.,ok,gmsh;pymeshfix_gmsh,gmsh: Exception: Wrong topology of triangulation for parametrization: one edge is incident to 3 triangles
PLAG124,PLAG,data/Nikolaisen2022/Plag Binary meshes/PLAG124-binary.stl,Plag Binary meshes,64785,0.061783790588378906,ascii,0.0008090073675322,0.115607129565664,122,1,01_small,um,1e-06,0.009,9e-09,data/Nikolaisen2022/Plag Binary meshes/PLAG124-binary.stl,64785,209,415,0.10273621007189349,0.007384761831953086,8.262299537658691,8.385156631469727,2.103264093399048,2.5183310508728027,4.839372158050537,4.9393720626831055,0.4442684161773557,10,10,1,False,0.0002047536804639094,0.00021247410927571764,0.00036076111766603677,0.0003607864060205303,34.44844140102193,44.61433184461598,59.165626694048186,59.167426868346574,60.995270544327674,90.0,90.0,90.0,1.010140617789955,1.3939546678003747,1.4639785188313361,1.4792476169588842,,data/Nikolaisen2022_merrill_msh/PLAG124.msh,220822,0.21059226989746094,pymeshfix_gmsh,,,,293509,0.27991199493408203,1790,6091,8.262299537658691,8.385156631469727,2.103264093399048,2.476824045181274,4.839372158050536,4.939372062683106,3.7652799658936675e-09,9.588856173580998e-08,1.9621978041355197e-07,3.6323865826165585e-07,0.05086851022879181,0.5422110797601407,0.7905297893265215,0.9783392758527578,1.0016856608562081,1.306846234712661,2.163058442738474,4.260324462340532,1.025770242404028,1.5487431189937528,2.515767472032847,4.2886508027840895,9.577523213586758,49.95268005746256,67.9115662891083,83.96512581256869,-1.0,-1.0,-1.0,-1.0,0.0011550591944736637,0.010131315702482924,0.014764929989543625,0.018876154768431297,1.1550591944736637e-09,1.0131315702482924e-08,1.4764929989543624e-08,1.8876154768431297e-08,8.262299537658691e-06,8.385156631469727e-06,2.1032640933990477e-06,2.476824045181274e-06,4.839372158050536e-06,4.939372062683106e-06,237872,515520,171840,389824,6873600,12282984.0,11.713966369628906,0.011439420282840729,11.71 MiB,Screening estimate; calibrate with real Merrill.jl runs.,ok,gmsh;pymeshfix_gmsh,gmsh: Exception: Invalid boundary mesh (overlapping facets) on surface 86 surface 92
