particle_id,phase,source_path,source_folder,stl_size_bytes,stl_size_mib,stl_format,metadata_volume_um3,metadata_evsd_um,size_rank,size_bin_index,size_bin,input_unit,input_scale_to_meters,target_edge_length_native,target_edge_length_m,surface_path,surface_file_size_bytes,surface_n_points_surface,surface_n_triangles_surface,surface_surface_area,surface_surface_volume,surface_bbox_xmin,surface_bbox_xmax,surface_bbox_ymin,surface_bbox_ymax,surface_bbox_zmin,surface_bbox_zmax,surface_bbox_diagonal,surface_boundary_edge_count,surface_non_manifold_edge_count,surface_connected_components,surface_is_watertight,surface_area_min,surface_area_median,surface_area_p95,surface_area_max,surface_min_angle_min,surface_min_angle_median,surface_min_angle_p95,surface_min_angle_max,surface_max_angle_min,surface_max_angle_median,surface_max_angle_p95,surface_max_angle_max,surface_aspect_ratio_min,surface_aspect_ratio_median,surface_aspect_ratio_p95,surface_aspect_ratio_max,msh_path,merrill_msh_path,merrill_msh_size_bytes,merrill_msh_size_mib,mesh_strategy,msh_size_bytes,msh_size_mib,n_nodes,n_tets,bbox_xmin,bbox_xmax,bbox_ymin,bbox_ymax,bbox_zmin,bbox_zmax,volume_min,volume_median,volume_p95,volume_max,scaled_jacobian_min,scaled_jacobian_median,scaled_jacobian_p95,scaled_jacobian_max,radius_ratio_min,radius_ratio_median,radius_ratio_p95,radius_ratio_max,aspect_ratio_min,aspect_ratio_median,aspect_ratio_p95,aspect_ratio_max,min_angle_min,min_angle_median,min_angle_p95,min_angle_max,max_angle_min,max_angle_median,max_angle_p95,max_angle_max,edge_length_min,edge_length_median,edge_length_p95,edge_length_max,edge_length_min_m,edge_length_median_m,edge_length_p95_m,edge_length_max_m,bbox_xmin_m,bbox_xmax_m,bbox_ymin_m,bbox_ymax_m,bbox_zmin_m,bbox_zmax_m,mesh_storage_bytes,vector_state_bytes,scalar_state_bytes,tet_workspace_bytes,sparse_operator_bytes,estimated_memory_bytes,estimated_memory_mib,estimated_memory_gib,estimated_memory_human,estimate_note,status,attempted_mesh_strategies,strategy_errors,voxel_spacing_native,voxel_cells,voxel_points
PLAG065,PLAG,data/Nikolaisen2022/Plag Binary meshes/PLAG065-binary.stl,Plag Binary meshes,207567,0.1979513168334961,ascii,0.0049232509046359,0.211065758280221,184,3,03_largest,um,1e-06,0.009,9e-09,data/Nikolaisen2022/Plag Binary meshes/PLAG065-binary.stl,207567,643,1281,0.31168515041163314,0.007417248649803032,20.58873176574707,20.752538681030273,4.69743013381958,5.589822769165039,13.559371948242188,13.779372215270996,0.9335938295673119,2,1,1,False,0.00020474879875109764,0.00021247166841931175,0.00036075548898968916,0.00036078359104281164,34.448884913299,44.613673672650606,59.16546225162776,59.16856589390032,60.99373345506567,90.0,90.0,90.0,1.010124648649406,1.393955036139686,1.4639836269373365,1.4792400195497433,,data/Nikolaisen2022_merrill_msh/PLAG065.msh,1451703,1.3844518661499023,pymeshfix_gmsh,1985534,1.8935527801513672,9932,41909,20.58873176574707,20.75253868103027,4.69743013381958,5.58982276916504,13.55937194824219,13.779372215271,1.3467427648338838e-09,1.1592644233056541e-07,2.1312581096424166e-07,3.892255592517148e-07,0.028868465031623162,0.5896438265478479,0.8131291382708636,0.9902948967758064,1.0012255761832423,1.267115410629758,2.0595125375385157,144.38702569077614,1.0157979980615424,1.498624717257457,2.4149370470993965,29.89469771019786,2.547059462960906,50.3671047546971,66.83883031190962,83.71033206494589,-1.0,-1.0,-1.0,-1.0,0.0023457909747548705,0.010711970353377818,0.015027273822721452,0.021884481227371792,2.3457909747548703e-09,1.0711970353377817e-08,1.502727382272145e-08,2.188448122737179e-08,2.058873176574707e-05,2.075253868103027e-05,4.69743013381958e-06,5.5898227691650394e-06,1.3559371948242188e-05,1.3779372215270998e-05,1579456,2860416,953472,2682176,38138880,69321600.0,66.1102294921875,0.06456077098846436,66.11 MiB,Screening estimate; calibrate with real Merrill.jl runs.,ok,gmsh;pymeshfix_gmsh,gmsh: Exception: Wrong topology of boundary mesh for parametrization,,,
PLAG064,PLAG,data/Nikolaisen2022/Plag Binary meshes/PLAG064-binary.stl,Plag Binary meshes,210750,0.2009868621826172,ascii,0.0104921206653528,0.271615709520243,185,3,03_largest,um,1e-06,0.009,9e-09,data/Nikolaisen2022/Plag Binary meshes/PLAG064-binary.stl,210750,641,1277,0.3315647745896425,0.013042555514612676,10.883204460144043,11.251768112182617,12.002598762512207,12.313899040222168,15.419371604919434,15.659371376037598,0.5388384903132674,2,1,1,False,0.0002047390353254741,0.00021248156463116175,0.00036075548898968916,0.0003607892076581378,34.44729928410998,44.61301551601138,59.16546225162776,59.168565430335356,60.992173012993774,90.0,90.0,90.0,1.0101086831570603,1.393955405098647,1.479202487493161,1.4792671833471656,,data/Nikolaisen2022_merrill_msh/PLAG064.msh,3058938,2.9172306060791016,voxel,3058938,2.9172306060791016,17984,91260,10.883204460144043,11.251768112182617,12.002598762512207,12.313899040222168,15.419371604919434,15.659371376037598,1.1843710102932281e-07,1.1844980887278089e-07,1.1846250990311252e-07,1.1847507753624462e-07,0.409023981735397,0.5721571444930192,0.6994136142784058,0.6994136142784058,1.3660860830632564,1.3935750732372982,1.6072105805040524,1.6072465728274958,1.3687642222874117,1.706773923846539,1.9684229157186357,1.968466997132183,34.96531590102853,54.5762381113959,59.806137541449765,59.806137541449765,-1.0,-1.0,-1.0,-1.0,0.00888824462890625,0.012574596998971892,0.01545731598188553,0.015458419352318611,8.88824462890625e-09,1.2574596998971891e-08,1.545731598188553e-08,1.545841935231861e-08,1.0883204460144042e-05,1.1251768112182616e-05,1.2002598762512207e-05,1.2313899040222167e-05,1.5419371604919432e-05,1.5659371376037595e-05,3351936,5179392,1726464,5840640,69058560,127735488.0,121.81805419921875,0.11896294355392456,121.82 MiB,Screening estimate; calibrate with real Merrill.jl runs.,ok,gmsh;pymeshfix_gmsh;voxel,gmsh: Exception: Wrong topology of boundary mesh for parametrization | pymeshfix_gmsh: Exception: Wrong topology of boundary mesh for parametrization,0.009,15210.0,17984.0
PLAG063,PLAG,data/Nikolaisen2022/Plag Binary meshes/PLAG063-binary.stl,Plag Binary meshes,212853,0.20299243927001953,ascii,0.0083532041004753,0.251739572430042,186,3,03_largest,um,1e-06,0.009,9e-09,data/Nikolaisen2022/Plag Binary meshes/PLAG063-binary.stl,212853,671,1337,0.3660449782123771,0.007341682712999461,24.499610900878906,24.76579475402832,5.527562141418457,5.880369186401367,9.57937240600586,10.0393705368042,0.6379066820507594,14,13,1,False,0.0002047390353254741,0.0002950629283111731,0.0003607555002254055,0.00036078359104281164,34.44914965899189,43.942240560388214,59.16546225162776,59.16703377057601,60.99449031283514,90.0,90.0,90.0,1.0101326346934139,1.3946582682586561,1.463983269055799,1.479235484617538,,data/Nikolaisen2022_merrill_msh/PLAG063.msh,2451506,2.3379383087158203,voxel,2451506,2.3379383087158203,15178,72372,24.499610900878906,24.76579475402832,5.536608695983887,5.880369186401367,9.57937240600586,10.0393705368042,1.206254544018221e-07,1.2066414767480013e-07,1.2067050812747393e-07,1.2067050812747393e-07,0.4072561996648592,0.569618505091575,0.6992264379750494,0.6992264379750494,1.366190860693691,1.3943942649744598,1.6031789314102138,1.6031881999530573,1.3742325239042548,1.7077772247253133,1.9634851741677062,1.9634965257680195,34.957260557715756,54.91971345889132,60.22478126833105,60.22836289841857,-1.0,-1.0,-1.0,-1.0,0.008871078491210938,0.012651893100774666,0.01555374952838199,0.015554026862231219,8.871078491210937e-09,1.2651893100774665e-08,1.555374952838199e-08,1.555402686223122e-08,2.4499610900878905e-05,2.476579475402832e-05,5.536608695983887e-06,5.880369186401367e-06,9.579372406005858e-06,1.0039370536804198e-05,2680176,4371264,1457088,4631808,58283520,107135784.0,102.17264556884766,0.09977797418832779,102.17 MiB,Screening estimate; calibrate with real Merrill.jl runs.,ok,gmsh;pymeshfix_gmsh;voxel,gmsh: Exception: Wrong topology of boundary mesh for parametrization | pymeshfix_gmsh: Exception: Wrong topology of boundary mesh for parametrization,0.009,12062.0,15178.0
PLAG062,PLAG,data/Nikolaisen2022/Plag Binary meshes/PLAG062-binary.stl,Plag Binary meshes,219069,0.20892047882080078,ascii,0.004952307425496,0.211480173538732,187,3,03_largest,um,1e-06,0.009,9e-09,data/Nikolaisen2022/Plag Binary meshes/PLAG062-binary.stl,219069,678,1352,0.38070432736408133,5.1139902945783376e-05,0.7272070050239563,1.1776750087738037,14.472244262695312,14.721284866333008,12.67937183380127,13.339371681213379,0.8369841356003158,5,6,1,False,0.00020473545930599357,0.00029155231770468444,0.0003607625149719945,0.000360774452642702,34.448795925115036,44.32690794232769,59.16670019525265,59.16831989045945,60.99184174004443,90.0,90.0,90.0,1.010105401105293,1.3941753057743282,1.4792097170251841,1.4792415438945523,,data/Nikolaisen2022_merrill_msh/PLAG062.msh,1594118,1.5202693939208984,voxel,1594118,1.5202693939208984,11017,45912,0.7362163662910461,1.1776750087738037,14.481138229370117,14.721284866333008,12.67937183380127,13.339371681213379,1.2073795072889068e-07,1.2075148567419064e-07,1.2076443350666696e-07,1.2076443350666696e-07,0.406834843755894,0.5727221503312442,0.7001072062955926,0.7001072062955926,1.3661377703885007,1.3945249361445553,1.602068650637755,1.602068650637755,1.3727049840538326,1.7079372635707273,1.9621253634858342,1.9621253634858344,35.135683347437585,54.33946735540244,60.33217201300006,60.33228036654266,-1.0,-1.0,-1.0,-1.0,0.008893966674804688,0.012659827552280286,0.015557147910345296,0.015557702145027759,8.893966674804687e-09,1.2659827552280285e-08,1.5557147910345294e-08,1.5557702145027757e-08,7.362163662910461e-07,1.1776750087738037e-06,1.4481138229370117e-05,1.4721284866333007e-05,1.267937183380127e-05,1.3339371681213378e-05,1733592,3172896,1057632,2938368,42305280,76811652.0,73.25329971313477,0.07153642550110817,73.25 MiB,Screening estimate; calibrate with real Merrill.jl runs.,ok,gmsh;pymeshfix_gmsh;voxel,gmsh: Exception: Wrong topology of triangulation for parametrization: one edge is incident to 3 triangles | pymeshfix_gmsh: Exception: Wrong topology of boundary mesh for parametrization,0.009,7652.0,11017.0
PLAG061,PLAG,data/Nikolaisen2022/Plag Binary meshes/PLAG061-binary.stl,Plag Binary meshes,225600,0.21514892578125,ascii,0.0052000305637853,0.2149491628242,188,3,03_largest,um,1e-06,0.009,9e-09,data/Nikolaisen2022/Plag Binary meshes/PLAG061-binary.stl,225600,693,1367,0.37916737108559795,0.001183294144082026,-0.7060989737510681,-0.3580099940299988,14.140191078186035,14.43073844909668,13.319372177124023,14.059371948242188,0.8678613793695845,39,27,1,False,0.00020474462652941838,0.00029153883433334594,0.0003607625149719945,0.000360774452642702,34.44814353970989,43.94355617301423,59.16595336160902,59.16753461005166,60.99259862198027,90.0,90.0,90.0,1.0101133875231285,1.3946562499597672,1.4792167687858175,1.4792527195736322,,data/Nikolaisen2022_merrill_msh/PLAG061.msh,1640486,1.5644893646240234,voxel,1640486,1.5644893646240234,11185,47400,-0.7060989737510681,-0.3669353425502777,14.176509857177734,14.421658515930176,13.319372177124023,14.059371948242188,1.2186880387655974e-07,1.218824976355048e-07,1.2189530041886989e-07,1.2189530041886989e-07,0.4078677007628538,0.5701648803010436,0.6989405254626809,0.6989405254626809,1.366139909331666,1.394101938978359,1.6045228504865372,1.6045238378388795,1.3724781140456797,1.7074191999608148,1.965131132163999,1.9651323414187172,34.948315142152694,54.80438266688181,60.08472881033447,60.084840106111656,-1.0,-1.0,-1.0,-1.0,0.008925318717956543,0.01269271765127597,0.015606097131672294,0.01560613122037766,8.925318717956542e-09,1.2692717651275969e-08,1.5606097131672293e-08,1.560613122037766e-08,-7.060989737510681e-07,-3.669353425502777e-07,1.4176509857177734e-05,1.4421658515930175e-05,1.3319372177124024e-05,1.4059371948242187e-05,1785240,3221280,1073760,3033600,42950400,78096420.0,74.47854995727539,0.07273295894265175,74.48 MiB,Screening estimate; calibrate with real Merrill.jl runs.,ok,gmsh;pymeshfix_gmsh;voxel,gmsh: TimeoutError: Mesh conversion exceeded 30 seconds. Increase mesh_timeout_seconds to retry this STL. | pymeshfix_gmsh: Exception: Wrong topology of boundary mesh for parametrization,0.009,7900.0,11185.0
PLAG060,PLAG,data/Nikolaisen2022/Plag Binary meshes/PLAG060-binary.stl,Plag Binary meshes,227655,0.21710872650146484,ascii,0.0057337240671489,0.222064629151024,189,3,03_largest,um,1e-06,0.009,9e-09,data/Nikolaisen2022/Plag Binary meshes/PLAG060-binary.stl,227655,702,1405,0.35548675405760016,0.008484225821173108,13.115066528320312,13.25839614868164,7.519880771636963,8.474534034729004,13.17937183380127,13.439372062683105,0.9997531454433195,1,4,1,False,0.00020474879875109764,0.00021247166841931175,0.00036075548898968916,0.00036078359104281164,34.44980179266129,44.61301551601138,59.16531693697584,59.16856589390032,60.99373345506567,90.0,90.0,90.0,1.010124648649406,1.393955405098647,1.4639737687760097,1.479224314564088,,data/Nikolaisen2022_merrill_msh/PLAG060.msh,1808794,1.7250003814697266,voxel,1808794,1.7250003814697266,11676,52920,13.115066528320312,13.25839614868164,7.519880771636963,8.465527534484863,13.17937183380127,13.43040657043457,1.2054171733390587e-07,1.2055448252688838e-07,1.2056731702944634e-07,1.2058014197541267e-07,0.4084750510498335,0.5748517091542411,0.7036539241442865,0.7037289533161307,1.3660373428417085,1.3937553223795127,1.605804760880307,1.6058137723356427,1.3673918462751662,1.7069946830590392,1.9667011453443537,1.9667121820780575,35.12974098920032,54.685660394915736,59.94045082223739,59.94397141014258,-1.0,-1.0,-1.0,-1.0,0.008957862854003906,0.012673727082815339,0.015548003242133445,0.015549102634018201,8.957862854003907e-09,1.2673727082815338e-08,1.5548003242133443e-08,1.5549102634018202e-08,1.3115066528320312e-05,1.325839614868164e-05,7.5198807716369624e-06,8.465527534484863e-06,1.317937183380127e-05,1.343040657043457e-05,1973664,3362688,1120896,3386880,44835840,82019952.0,78.22032165527344,0.07638703286647797,78.22 MiB,Screening estimate; calibrate with real Merrill.jl runs.,ok,gmsh;pymeshfix_gmsh;voxel,gmsh: Exception: Wrong topology of triangulation for parametrization: one edge is incident to 3 triangles | pymeshfix_gmsh: Exception: Invalid boundary mesh (overlapping facets) on surface 22 surface 23,0.009,8820.0,11676.0
PLAG059,PLAG,data/Nikolaisen2022/Plag Binary meshes/PLAG059-binary.stl,Plag Binary meshes,228627,0.21803569793701172,ascii,0.0072617810233423,0.240260019960282,190,3,03_largest,um,1e-06,0.009,9e-09,data/Nikolaisen2022/Plag Binary meshes/PLAG059-binary.stl,228627,708,1411,0.3533095383571039,0.01565509570362449,12.193655014038086,12.357461929321289,2.497576951980591,3.327709913253784,14.899372100830078,15.11937141418457,0.874272918923632,6,5,1,False,0.00020474879875109764,0.00021247410927571764,0.00036074706341544116,0.00036079201703199644,34.44714371090589,44.61268644343895,59.16509895447916,59.167819029164136,60.99292988461106,90.0,90.0,90.0,1.0101166691413204,1.3939555898104825,1.4639735900661122,1.4792698487805285,,data/Nikolaisen2022_merrill_msh/PLAG059.msh,2170582,2.070028305053711,voxel,2170582,2.070028305053711,13449,64068,12.193655014038086,12.357461929321289,2.5066001415252686,3.300640344619751,14.899372100830078,15.11937141418457,1.2543118276127883e-07,1.2544754823991255e-07,1.2546069512193309e-07,1.2546069512193309e-07,0.40663060696298353,0.5747573014240235,0.6989740043287385,0.6990475628353072,1.366119775168708,1.3945992692033196,1.6015258703027249,1.6015582759012477,1.3715908962271217,1.7080283026032241,1.9614605960542133,1.9615002846448073,35.242429672583434,54.40777864834997,60.381461421855505,60.38189855705476,-1.0,-1.0,-1.0,-1.0,0.009022951126098633,0.012815117147917809,0.01575613968511246,0.015756690499059724,9.022951126098632e-09,1.2815117147917809e-08,1.575613968511246e-08,1.5756690499059723e-08,1.2193655014038085e-05,1.2357461929321288e-05,2.5066001415252683e-06,3.3006403446197507e-06,1.4899372100830077e-05,1.511937141418457e-05,2372952,3873312,1291104,4100352,51644160,94922820.0,90.52545547485352,0.08840376511216164,90.53 MiB,Screening estimate; calibrate with real Merrill.jl runs.,ok,gmsh;pymeshfix_gmsh;voxel,gmsh: Exception: Wrong topology of boundary mesh for parametrization | pymeshfix_gmsh: Exception: Wrong topology of boundary mesh for parametrization,0.009,10678.0,13449.0
PLAG058,PLAG,data/Nikolaisen2022/Plag Binary meshes/PLAG058-binary.stl,Plag Binary meshes,231045,0.22034168243408203,ascii,0.0107948608770924,0.274203383294677,191,3,03_largest,um,1e-06,0.009,9e-09,data/Nikolaisen2022/Plag Binary meshes/PLAG058-binary.stl,231045,702,1400,0.38178801236463145,0.011117871737092552,10.002744674682617,10.289405822753906,10.819659233093262,11.089452743530273,11.099371910095215,11.559371948242188,0.6054446194184004,0,0,1,True,0.00020472949927352602,0.0002915413424890376,0.0003607560634346966,0.0003607892076581378,34.44791328730243,44.32507386968824,59.16624755915589,59.167819029164136,60.99292988461106,90.0,90.0,90.0,1.0101166691413201,1.3941770985995885,1.4792136550338595,1.4792566641127072,,data/Nikolaisen2022_merrill_msh/PLAG058.msh,3088814,2.9457225799560547,voxel,3088814,2.9457225799560547,18583,91728,10.002744674682617,10.289405822753906,10.819659233093262,11.089452743530273,11.099371910095215,11.559371948242188,1.2107998455549926e-07,1.2110563035912236e-07,1.2111852353812366e-07,1.2111852353812366e-07,0.4075616283154567,0.5761178222534388,0.7036938034861047,0.7037315132681001,1.3660425938685532,1.3941442072617456,1.6036105992861962,1.603627352735683,1.3684058890218445,1.7074709678241156,1.964013857184961,1.9640343758862981,35.24959916019071,54.74898291793982,60.163029211319795,60.16477695657338,-1.0,-1.0,-1.0,-1.0,0.008957862854003906,0.012693306595085083,0.015571697297612626,0.015572245933244138,8.957862854003907e-09,1.2693306595085083e-08,1.5571697297612624e-08,1.5572245933244137e-08,1.0002744674682617e-05,1.0289405822753905e-05,1.081965923309326e-05,1.1089452743530273e-05,1.1099371910095214e-05,1.1559371948242187e-05,3381288,5351904,1783968,5870592,71358720,131619708.0,125.52233505249023,0.1225804053246975,125.52 MiB,Screening estimate; calibrate with real Merrill.jl runs.,ok,gmsh;pymeshfix_gmsh;voxel,gmsh: Exception: Wrong topology of boundary mesh for parametrization | pymeshfix_gmsh: Exception: Wrong topology of boundary mesh for parametrization,0.009,15288.0,18583.0
PLAG057,PLAG,data/Nikolaisen2022/Plag Binary meshes/PLAG057-binary.stl,Plag Binary meshes,242235,0.23101329803466797,ascii,0.0055087529638218,0.219121449240598,192,3,03_largest,um,1e-06,0.009,9e-09,data/Nikolaisen2022/Plag Binary meshes/PLAG057-binary.stl,242235,752,1495,0.37794209187704864,0.02315331681864905,26.81337547302246,26.977182388305664,5.63132905960083,6.7105021476745605,12.5393705368042,12.819372177124023,1.1268754048691374,21,16,1,False,0.00020474879875109764,0.00021247655013212352,0.00036075548898968916,0.00036078359104281164,34.448262609097725,44.61301551601138,59.16546225162776,59.16856589390032,60.99292988461106,90.0,90.0,90.0,1.0101166691413204,1.393955405098647,1.4639737687760097,1.4792506797935838,,data/Nikolaisen2022_merrill_msh/PLAG057.msh,1645604,1.5693702697753906,pymeshfix_gmsh,2296317,2.189938545227051,11454,47312,26.81337547302246,26.97718238830566,5.672834873199463,6.710502147674561,12.5393705368042,12.81937217712403,7.477256465596872e-09,1.1598592007348063e-07,2.170856164160819e-07,4.005928257236484e-07,0.0185621065963204,0.5856969713864276,0.8103649927653652,0.9801034489957818,1.0012332041950238,1.2721099280842116,2.0633071336042437,181.24502257591766,1.02416311235108,1.5033871281131497,2.41227932850379,32.39375123203281,3.819708592452206,50.09314396985251,66.80954570529231,84.18418519065766,-1.0,-1.0,-1.0,-1.0,0.002830795496800383,0.01073568567954098,0.015114542936670292,0.027747853368662607,2.830795496800383e-09,1.073568567954098e-08,1.511454293667029e-08,2.7747853368662604e-08,2.681337547302246e-05,2.697718238830566e-05,5.672834873199463e-06,6.710502147674561e-06,1.2539370536804198e-05,1.281937217712403e-05,1788880,3298752,1099584,3027968,43983360,79797816.0,76.10112762451172,0.07431750744581223,76.10 MiB,Screening estimate; calibrate with real Merrill.jl runs.,ok,gmsh;pymeshfix_gmsh,gmsh: Exception: Wrong topology of triangulation for parametrization: one edge is incident to 3 triangles,,,
PLAG056,PLAG,data/Nikolaisen2022/Plag Binary meshes/PLAG056-binary.stl,Plag Binary meshes,244080,0.2327728271484375,ascii,0.0028294097909998,0.175481933094614,193,3,03_largest,um,1e-06,0.009,9e-09,data/Nikolaisen2022/Plag Binary meshes/PLAG056-binary.stl,244080,740,1479,0.3746012559532387,0.010159873069403096,10.821775436401367,12.459840774536133,14.389230728149414,14.576011657714844,14.659371376037598,15.099371910095215,1.7063837896613054,8,7,1,False,0.00020472949927352602,0.00021247166841931175,0.00036075548898968916,0.0003607892076581378,34.448573760498284,44.32774165145066,59.16550169673353,59.16856589390032,60.99141581081264,90.0,90.0,90.0,1.010101181517113,1.3941744924291908,1.4639931274490585,1.4792453495867504,,data/Nikolaisen2022_merrill_msh/PLAG056.msh,1240555,1.1830854415893555,pymeshfix_gmsh,1727220,1.6472053527832031,9823,34477,10.82177543640137,12.45984077453613,14.38923072814941,14.57601165771484,14.6593713760376,15.09937191009522,3.334082844220961e-09,8.660179890508069e-08,1.8486710687821842e-07,3.758724350679499e-07,0.009756473355364136,0.5375206761236642,0.7841925218037964,0.9844336578475371,1.000811627529805,1.3298322283022683,2.189339728519717,1173.9167334805582,1.0188204386580324,1.5727220678758405,2.5246122987784623,56.44188315311857,1.862786674855439,49.20930558503859,67.28162301324869,85.78582186782442,-1.0,-1.0,-1.0,-1.0,0.0023966309946818138,0.009944857252828097,0.014570944661901786,0.02863949924503923,2.3966309946818136e-09,9.944857252828096e-09,1.4570944661901786e-08,2.863949924503923e-08,1.082177543640137e-05,1.2459840774536129e-05,1.438923072814941e-05,1.457601165771484e-05,1.4659371376037598e-05,1.509937191009522e-05,1339016,2829024,943008,2206528,37720320,67556844.0,64.42722702026367,0.06291721388697624,64.43 MiB,Screening estimate; calibrate with real Merrill.jl runs.,ok,gmsh;pymeshfix_gmsh,gmsh: Exception: Wrong topology of triangulation for parametrization: one edge is incident to 3 triangles,,,
PLAG055,PLAG,data/Nikolaisen2022/Plag Binary meshes/PLAG055-binary.stl,Plag Binary meshes,247449,0.23598575592041016,ascii,0.0057740484470011,0.222583995380739,194,3,03_largest,um,1e-06,0.009,9e-09,data/Nikolaisen2022/Plag Binary meshes/PLAG055-binary.stl,247449,780,1556,0.3932481225960742,0.0001939886585531822,10.98558235168457,11.169864654541016,4.386128902435303,5.465301990509033,7.6793718338012695,7.9393720626831055,1.1252442580112432,9,9,1,False,0.0002047536804639094,0.0002124766826909763,0.0003607611088825498,0.00036078359104281164,34.44889983003652,44.61433184461598,59.165109053640805,59.16817326110164,60.99449031283514,90.0,90.0,90.0,1.0101326317160813,1.3939546678003747,1.4639785188313361,1.4792397640314003,,data/Nikolaisen2022_merrill_msh/PLAG055.msh,1710598,1.6313533782958984,voxel,1710598,1.6313533782958984,11385,49704,10.98558235168457,11.169864654541016,4.4131083488464355,5.456308841705322,7.6793718338012695,7.9393720626831055,1.2380375279632803e-07,1.2382313297673123e-07,1.2382315288029787e-07,1.238297186129921e-07,0.4101701669358074,0.5652927317014163,0.6889082910360549,0.6889271100538202,1.3663672876236228,1.3933432138288742,1.6106034495345165,1.6106034495345165,1.3732595875928024,1.706489955225187,1.9725783146630005,1.9725783146630005,34.56863612005516,54.327169368011226,59.49905673625822,59.5017165479829,-1.0,-1.0,-1.0,-1.0,0.008965492248535156,0.012698691927290442,0.01568954961017838,0.01568982209450807,8.965492248535156e-09,1.2698691927290442e-08,1.568954961017838e-08,1.568982209450807e-08,1.0985582351684569e-05,1.1169864654541015e-05,4.413108348846435e-06,5.456308841705322e-06,7.67937183380127e-06,7.939372062683105e-06,1863768,3278880,1092960,3181056,43718400,79702596.0,76.01031875610352,0.07422882691025734,76.01 MiB,Screening estimate; calibrate with real Merrill.jl runs.,ok,gmsh;pymeshfix_gmsh;voxel,gmsh: Exception: Wrong topology of boundary mesh for parametrization | pymeshfix_gmsh: Exception: Wrong topology of boundary mesh for parametrization,0.009,8284.0,11385.0
PLAG054,PLAG,data/Nikolaisen2022/Plag Binary meshes/PLAG054-binary.stl,Plag Binary meshes,248085,0.23659229278564453,ascii,0.0035239584679921,0.188803795090576,195,3,03_largest,um,1e-06,0.009,9e-09,data/Nikolaisen2022/Plag Binary meshes/PLAG054-binary.stl,248085,779,1560,0.38193571938052107,0.0017020624919449076,18.66400718688965,18.80733871459961,2.061758041381836,3.6182570457458496,5.659371852874756,6.01937198638916,1.604005353342758,10,16,1,False,0.0002047536804639094,0.00021247410927571764,0.0003607442521425079,0.00036077516410649795,34.44983329645115,44.614002756717504,59.16506958921053,59.16703377057601,60.99449031283514,90.0,90.0,90.0,1.0101326317160813,1.3939548518925715,1.4639785188313361,1.479223774973854,,data/Nikolaisen2022_merrill_msh/PLAG054.msh,1280791,1.2214574813842773,pymeshfix_gmsh,1773641,1.6914758682250977,9735,36002,18.66400718688965,18.80733871459961,2.061758041381836,3.597502946853638,5.659371852874755,6.019371986389161,2.5464025425790867e-09,1.0272767895279347e-07,2.0247090242611983e-07,3.992744562384532e-07,0.03858787664173465,0.559998920271747,0.7959635933624254,0.9938511687905747,1.0000926152576846,1.2989294200978443,2.1273523344240877,84.19597902323105,1.007808666588855,1.5368585587794306,2.47850577268877,14.31937309628957,6.6437786404428865,49.97552771104198,67.41866026909975,83.35453819771116,-1.0,-1.0,-1.0,-1.0,0.0013471041278670464,0.010447233887202364,0.01482019655818418,0.023033117891786088,1.3471041278670464e-09,1.0447233887202364e-08,1.482019655818418e-08,2.3033117891786088e-08,1.8664007186889646e-05,1.880733871459961e-05,2.0617580413818357e-06,3.597502946853638e-06,5.659371852874755e-06,6.019371986389161e-06,1385704,2803680,934560,2304128,37382400,67215708.0,64.10189437866211,0.06259950622916222,64.10 MiB,Screening estimate; calibrate with real Merrill.jl runs.,ok,gmsh;pymeshfix_gmsh,gmsh: Exception: Wrong topology of triangulation for parametrization: one edge is incident to 3 triangles,,,
PLAG053,PLAG,data/Nikolaisen2022/Plag Binary meshes/PLAG053-binary.stl,Plag Binary meshes,259245,0.24723529815673828,ascii,0.0126814082983747,0.289327437816714,196,3,03_largest,um,1e-06,0.009,9e-09,data/Nikolaisen2022/Plag Binary meshes/PLAG053-binary.stl,259245,802,1600,0.4263074715935665,0.016065207371250983,18.00878143310547,18.500200271606445,1.9372379779815674,2.1655240058898926,10.599371910095215,11.059371948242188,0.7107791643450346,2,2,1,False,0.0002047390353254741,0.0002915274410326915,0.0003607569069759083,0.0003607906123437674,34.448418184622966,44.32637598917555,59.16546225162776,59.16762751851468,60.99292988461106,90.0,90.0,90.0,1.0101166691413204,1.3941758252613832,1.4639955921557577,1.4792480146689386,,data/Nikolaisen2022_merrill_msh/PLAG053.msh,3568679,3.40335750579834,voxel,3568679,3.40335750579834,21261,106188,18.00878143310547,18.500200271606445,1.9463694095611572,2.1655240058898926,10.608391761779785,11.059371948242188,1.2262755339521406e-07,1.226405202508126e-07,1.2266670311166886e-07,1.226699058976509e-07,0.4083768293577578,0.5677672390547942,0.6951017904595046,0.6951017904595046,1.3662060450301285,1.3939471366027445,1.6058624898361826,1.6058974779340485,1.373201504995623,1.7072296065452013,1.9667718485869925,1.9668147000804121,34.80180478012399,54.699059273731926,59.95676042515361,59.95676042515361,-1.0,-1.0,-1.0,-1.0,0.00893402099609375,0.012695450191713954,0.015638873981018587,0.015639563189206798,8.93402099609375e-09,1.2695450191713953e-08,1.5638873981018585e-08,1.5639563189206798e-08,1.8008781433105467e-05,1.8500200271606444e-05,1.9463694095611572e-06,2.1655240058898924e-06,1.0608391761779784e-05,1.1059371948242187e-05,3908280,6123168,2041056,6796032,81642240,150766164.0,143.78181838989258,0.14041193202137947,143.78 MiB,Screening estimate; calibrate with real Merrill.jl runs.,ok,gmsh;pymeshfix_gmsh;voxel,gmsh: Exception: Wrong topology of triangulation for parametrization: one edge is incident to 3 triangles | pymeshfix_gmsh: Exception: Wrong topology of boundary mesh for parametrization,0.009,17698.0,21261.0
PLAG052,PLAG,data/Nikolaisen2022/Plag Binary meshes/PLAG052-binary.stl,Plag Binary meshes,266847,0.2544851303100586,ascii,0.0063369723045812,0.229594279044495,197,3,03_largest,um,1e-06,0.009,9e-09,data/Nikolaisen2022/Plag Binary meshes/PLAG052-binary.stl,266847,841,1678,0.42630971503909576,0.007032746183899277,7.23851203918457,7.402318000793457,7.39536190032959,8.495287895202637,13.319372177124023,13.599371910095215,1.1467647700029908,0,0,1,True,0.00020474403049774992,0.00021247661652523675,0.00036075549565903127,0.0003607779657145398,34.44853561736147,44.61368260839613,59.16546271696755,59.167780157574526,60.992551298365726,90.0,90.0,90.0,1.0101129187312334,1.3939550311346791,1.4639834045134337,1.479246002990736,,data/Nikolaisen2022_merrill_msh/PLAG052.msh,1998634,1.906045913696289,voxel,1998634,1.906045913696289,13152,58224,7.23851203918457,7.39321756362915,7.404377460479736,8.495287895202637,13.319372177124023,13.599371910095215,1.2349629157065029e-07,1.2350935581391387e-07,1.235158276938035e-07,1.235158276938035e-07,0.4086144400340037,0.573038818383567,0.7011716357519716,0.7011903504395969,1.3660624229333775,1.393724201095304,1.6061553151427939,1.6061553151427939,1.3685802733257653,1.706956567425814,1.967130484879477,1.967130484879477,35.035861272674424,54.58576094417028,59.90737694915395,59.9082566742232,-1.0,-1.0,-1.0,-1.0,0.009015083312988281,0.0127617340107167,0.015674176582576096,0.015674450857280895,9.015083312988281e-09,1.27617340107167e-08,1.5674176582576094e-08,1.5674450857280894e-08,7.23851203918457e-06,7.39321756362915e-06,7.404377460479736e-06,8.495287895202636e-06,1.3319372177124024e-05,1.3599371910095214e-05,2178816,3787776,1262592,3726336,50503680,92188800.0,87.9180908203125,0.08585751056671143,87.92 MiB,Screening estimate; calibrate with real Merrill.jl runs.,ok,gmsh;pymeshfix_gmsh;voxel,gmsh: Exception: Wrong topology of boundary mesh for parametrization | pymeshfix_gmsh: Exception: Wrong topology of boundary mesh for parametrization,0.009,9704.0,13152.0
PLAG051,PLAG,data/Nikolaisen2022/Plag Binary meshes/PLAG051-binary.stl,Plag Binary meshes,295881,0.28217411041259766,ascii,0.0139593128433878,0.298736626703346,198,3,03_largest,um,1e-06,0.009,9e-09,data/Nikolaisen2022/Plag Binary meshes/PLAG051-binary.stl,295881,931,1854,0.47894658026590153,0.013032028930896765,10.98558235168457,11.722711563110352,9.781993865966797,10.093293190002441,4.359372138977051,4.5593719482421875,0.8247828000075743,6,3,1,False,0.0002047441437298403,0.0002124814318449353,0.00036076110850898367,0.0003607835966652597,34.44859696979778,44.61301551601138,59.165109053640805,59.16817326110164,60.99451338578494,90.0,90.0,90.0,1.0101326317160813,1.393955405098647,1.4639916722781259,1.479244952005542,,data/Nikolaisen2022_merrill_msh/PLAG051.msh,4110983,3.920538902282715,voxel,4110983,3.920538902282715,24345,122472,10.98558235168457,11.722711563110352,9.781993865966797,10.075504302978516,4.359372138977051,4.5593719482421875,1.211375177641652e-07,1.211375177641652e-07,1.2115050698974575e-07,1.2116335979125113e-07,0.4059059361821884,0.5742700279429985,0.6954207183948014,0.6954580183230202,1.366207437628055,1.394977138965931,1.5999971361679304,1.6000142157116013,1.3735285179546937,1.7084910966570364,1.9595882867629022,1.9596092048464198,35.265977621879706,54.295487325847255,60.54697823972047,60.54697823972047,-1.0,-1.0,-1.0,-1.0,0.008893966674804688,0.012645583058516412,0.01557418509447501,0.015575280185770408,8.893966674804687e-09,1.2645583058516412e-08,1.5574185094475008e-08,1.5575280185770408e-08,1.0985582351684569e-05,1.1722711563110352e-05,9.781993865966796e-06,1.0075504302978515e-05,4.3593721389770505e-06,4.559371948242187e-06,4503384,7011360,2337120,7838208,93484800,172762308.0,164.75897598266602,0.16089743748307228,164.76 MiB,Screening estimate; calibrate with real Merrill.jl runs.,ok,gmsh;pymeshfix_gmsh;voxel,gmsh: Exception: Wrong topology of boundary mesh for parametrization | pymeshfix_gmsh: Exception: Wrong topology of boundary mesh for parametrization,0.009,20412.0,24345.0
PLAG050,PLAG,data/Nikolaisen2022/Plag Binary meshes/PLAG050-binary.stl,Plag Binary meshes,301689,0.28771305084228516,ascii,0.0126063330036061,0.288755357599534,199,3,03_largest,um,1e-06,0.009,9e-09,data/Nikolaisen2022/Plag Binary meshes/PLAG050-binary.stl,301689,933,1862,0.5060780973069762,0.009245414978747342,1.9148030281066895,2.1400370597839355,12.91574478149414,13.31005859375,13.919371604919434,14.599371910095215,0.8176883065083489,11,9,1,False,0.00020473545930599357,0.00029154645697338204,0.0003607526852832725,0.0003607751552557157,34.44822029065904,43.943605604587056,59.16585514036257,59.166836871655654,60.9926459454994,90.0,90.0,90.0,1.0101138563176995,1.394656174175202,1.4784095030553712,1.479251404748346,,data/Nikolaisen2022_merrill_msh/PLAG050.msh,3666651,3.496790885925293,voxel,3666651,3.496790885925293,22444,108504,1.9238123893737793,2.1400370597839355,12.92470645904541,13.30109691619873,13.919371604919434,14.590424537658691,1.2040030320219913e-07,1.2040030320219913e-07,1.2040030320219913e-07,1.2040030320219913e-07,0.4088184775215233,0.5746378173430284,0.7027893658508942,0.7027893658508942,1.3660454327565428,1.3936280447764995,1.606593840489241,1.606593840489241,1.3679801498191637,1.7068388004675055,1.9676675665485146,1.9676675665485146,35.099634482626215,54.620905022489104,59.85939939865283,59.85939939865283,-1.0,-1.0,-1.0,-1.0,0.008947372436523438,0.012663614730825777,0.015541419770784338,0.015541419770784338,8.947372436523437e-09,1.2663614730825777e-08,1.5541419770784336e-08,1.5541419770784336e-08,1.923812389373779e-06,2.1400370597839355e-06,1.292470645904541e-05,1.330109691619873e-05,1.3919371604919433e-05,1.459042453765869e-05,4010784,6463872,2154624,6944256,86184960,158637744.0,151.2887420654297,0.14774291217327118,151.29 MiB,Screening estimate; calibrate with real Merrill.jl runs.,ok,gmsh;pymeshfix_gmsh;voxel,gmsh: Exception: Wrong topology of boundary mesh for parametrization | pymeshfix_gmsh: Exception: Wrong topology of boundary mesh for parametrization,0.009,18084.0,22444.0
PLAG049,PLAG,data/Nikolaisen2022/Plag Binary meshes/PLAG049-binary.stl,Plag Binary meshes,302499,0.2884855270385742,ascii,0.0057798923223574,0.222659061980083,200,3,03_largest,um,1e-06,0.009,9e-09,data/Nikolaisen2022/Plag Binary meshes/PLAG049-binary.stl,302499,935,1867,0.46244411915686084,0.013074168671255269,26.81337547302246,26.956707000732422,4.033322811126709,5.48605489730835,12.17937183380127,12.51937198638916,1.4988577466915003,8,9,1,False,0.00020474879875109764,0.00021247166841931175,0.0003607555002254055,0.00036078359104281164,34.448573760498284,44.613673672650606,59.16546225162776,59.16856589390032,60.99449031283514,90.0,90.0,90.0,1.0101326346934139,1.393955036139686,1.4639737687760097,1.4792453495867504,,data/Nikolaisen2022_merrill_msh/PLAG049.msh,1824614,1.7400875091552734,voxel,1824614,1.7400875091552734,12487,52674,26.81337547302246,26.956707000732422,4.042346000671387,5.477031707763672,12.17937183380127,12.51937198638916,1.2051457256671375e-07,1.2054660618119004e-07,1.2054660618119004e-07,1.2054660618119004e-07,0.40887882480718934,0.5737754010701184,0.7015921235483208,0.7016294898540113,1.3660566982142524,1.393605711612866,1.6068073537519365,1.6068073537519365,1.3682099787214272,1.7068114480398835,1.9679290658219746,1.9679290658219746,35.051146391442806,54.604636360873535,59.842919570032514,59.843791783501274,-1.0,-1.0,-1.0,-1.0,0.008947372436523438,0.012661590228165046,0.01554779137579181,0.01554779137579181,8.947372436523437e-09,1.2661590228165046e-08,1.554779137579181e-08,1.554779137579181e-08,2.681337547302246e-05,2.695670700073242e-05,4.0423460006713865e-06,5.4770317077636715e-06,1.2179371833801269e-05,1.2519371986389159e-05,1985256,3596256,1198752,3371136,47950080,87152220.0,83.11483383178711,0.0811668299138546,83.11 MiB,Screening estimate; calibrate with real Merrill.jl runs.,ok,gmsh;pymeshfix_gmsh;voxel,gmsh: Exception: Wrong topology of boundary mesh for parametrization | pymeshfix_gmsh: Exception: Wrong topology of boundary mesh for parametrization,0.009,8779.0,12487.0
PLAG048,PLAG,data/Nikolaisen2022/Plag Binary meshes/PLAG048-binary.stl,Plag Binary meshes,306780,0.2925682067871094,ascii,0.0041289635993728,0.19904326054804,201,3,03_largest,um,1e-06,0.009,9e-09,data/Nikolaisen2022/Plag Binary meshes/PLAG048-binary.stl,306780,929,1859,0.4549749520911447,0.014574810866125774,25.011505126953125,25.13435935974121,10.985686302185059,13.144031524658203,12.839371681213379,13.35937213897705,2.223498985374409,9,13,1,False,0.00020474879875109764,0.00021247166841931175,0.000360744254220975,0.0003607892076581378,34.448573760498284,44.61301551601138,59.16471556645881,59.167819029164136,60.99292988461106,90.0,90.0,90.0,1.0101166691413204,1.393955405098647,1.4639734470981938,1.4792453495867504,,data/Nikolaisen2022_merrill_msh/PLAG048.msh,1119595,1.0677289962768555,pymeshfix_gmsh,1543590,1.4720821380615234,8320,31660,25.03198051452637,25.13435935974121,10.98568630218506,12.29314517974854,12.83937168121338,13.1593713760376,6.8543892974175576e-09,9.85615730799662e-08,1.9931411293798122e-07,3.6030540994588566e-07,0.03335978019647612,0.5667546590277378,0.8028665562091846,0.9867974366348026,1.0005848106860311,1.2920861690561112,2.091336239437156,188.22060005383983,1.0144966640353228,1.530585828484861,2.4350696718064713,21.786931520564686,3.8788270165674708,49.98706389013786,66.76793206698949,83.60815710941986,-1.0,-1.0,-1.0,-1.0,0.0025271201033531102,0.01027997738204741,0.014686750939787661,0.01861661089573583,2.52712010335311e-09,1.0279977382047409e-08,1.468675093978766e-08,1.861661089573583e-08,2.5031980514526368e-05,2.513435935974121e-05,1.0985686302185059e-05,1.229314517974854e-05,1.283937168121338e-05,1.3159371376037599e-05,1212800,2396160,798720,2026240,31948800,57574080.0,54.90692138671875,0.05362004041671753,54.91 MiB,Screening estimate; calibrate with real Merrill.jl runs.,ok,gmsh;pymeshfix_gmsh,gmsh: Exception: Invalid boundary mesh (overlapping facets) on surface 158 surface 166,,,
PLAG047,PLAG,data/Nikolaisen2022/Plag Binary meshes/PLAG047-binary.stl,Plag Binary meshes,308817,0.2945108413696289,ascii,0.007578859081813,0.243707224257572,202,3,03_largest,um,1e-06,0.009,9e-09,data/Nikolaisen2022/Plag Binary meshes/PLAG047-binary.stl,308817,955,1906,0.4904911713816701,0.005675078632495663,25.011505126953125,25.216262817382812,14.057177543640137,15.260869979858398,5.6793718338012695,6.01937198638916,1.267438872908253,9,10,1,False,0.0002047536804639094,0.0002124816965078935,0.0003607498715821029,0.00036077235479761076,34.44921098410805,44.61301551601138,59.165109053640805,59.16817326110164,60.99373345506567,90.0,90.0,90.0,1.010124648649406,1.393955405098647,1.4639399835740106,1.4792344341757253,,data/Nikolaisen2022_merrill_msh/PLAG047.msh,2228318,2.125089645385742,voxel,2228318,2.125089645385742,14749,64830,25.011505126953125,25.198457717895508,14.066160202026367,15.260869979858398,5.688319206237793,6.01937198638916,1.1923864490862487e-07,1.1926419422186862e-07,1.1927685630852558e-07,1.1927685630852558e-07,0.4081572157024397,0.5735163751662542,0.7025838351845857,0.7025838351845857,1.3660555416916,1.393904424895982,1.605044539884285,1.605062750640252,1.3691807071227482,1.7071772956013966,1.965770068578351,1.9657923721083246,35.08596403644747,54.74936061078838,60.02007536159511,60.02007536159511,-1.0,-1.0,-1.0,-1.0,0.008901596069335938,0.01262116817491457,0.015492449719633017,0.015493002687860215,8.901596069335938e-09,1.2621168174914568e-08,1.5492449719633016e-08,1.5493002687860216e-08,2.5011505126953125e-05,2.5198457717895505e-05,1.4066160202026367e-05,1.5260869979858396e-05,5.6883192062377925e-06,6.01937198638916e-06,2428536,4247712,1415904,4149120,56636160,103316148.0,98.52995681762695,0.09622066095471382,98.53 MiB,Screening estimate; calibrate with real Merrill.jl runs.,ok,gmsh;pymeshfix_gmsh;voxel,gmsh: Exception: Wrong topology of triangulation for parametrization: one edge is incident to 4 triangles | pymeshfix_gmsh: Exception: Wrong topology of boundary mesh for parametrization,0.009,10805.0,14749.0
PLAG046,PLAG,data/Nikolaisen2022/Plag Binary meshes/PLAG046-binary.stl,Plag Binary meshes,309090,0.2947711944580078,ascii,0.0100931581080204,0.268128400878542,203,3,03_largest,um,1e-06,0.009,9e-09,data/Nikolaisen2022/Plag Binary meshes/PLAG046-binary.stl,309090,939,1873,0.5265139859824262,0.004271155841908689,26.73147201538086,27.222890853881836,14.825050354003906,15.198610305786133,13.579371452331543,14.399372100830078,1.0263725327322466,18,18,1,False,0.0002047390353254741,0.00029154813145568914,0.00036075999099083995,0.0003607892076581378,34.44729928410998,44.32637598917555,59.166994397252914,59.16935114219168,60.992173012993774,90.0,90.0,90.0,1.0101086831570603,1.3941758252613832,1.479224314564088,1.4792671833471656,,data/Nikolaisen2022_merrill_msh/PLAG046.msh,2985858,2.847536087036133,voxel,2985858,2.847536087036133,19238,87396,26.740406036376953,27.222890853881836,14.833944320678711,15.171927452087402,13.588382720947266,14.399372100830078,1.1932492980741097e-07,1.1935035567831043e-07,1.1937583611291297e-07,1.1937583611291297e-07,0.40673661350361767,0.5764125274680756,0.6995422475874395,0.6996170769027542,1.3660908275361547,1.3945256349335882,1.6017522743836068,1.6017853641745012,1.3700158134806788,1.7079381194090109,1.9617378832911359,1.9617784098428288,35.311651513410254,54.49813474038105,60.358536840613944,60.358536840613944,-1.0,-1.0,-1.0,-1.0,0.008893966674804688,0.012606995644317978,0.015496428660841846,0.015497528366291324,8.893966674804687e-09,1.2606995644317978e-08,1.5496428660841847e-08,1.5497528366291324e-08,2.6740406036376953e-05,2.7222890853881835e-05,1.483394432067871e-05,1.5171927452087402e-05,1.3588382720947264e-05,1.4399372100830077e-05,3258384,5540544,1846848,5593344,73873920,135169560.0,128.9077377319336,0.1258864626288414,128.91 MiB,Screening estimate; calibrate with real Merrill.jl runs.,ok,gmsh;pymeshfix_gmsh;voxel,gmsh: Exception: Wrong topology of triangulation for parametrization: one edge is incident to 4 triangles | pymeshfix_gmsh: Exception: Wrong topology of boundary mesh for parametrization,0.009,14566.0,19238.0
PLAG045,PLAG,data/Nikolaisen2022/Plag Binary meshes/PLAG045-binary.stl,Plag Binary meshes,344757,0.32878589630126953,ascii,0.0186772988546219,0.329183820914268,204,3,03_largest,um,1e-06,0.009,9e-09,data/Nikolaisen2022/Plag Binary meshes/PLAG045-binary.stl,344757,1086,2168,0.6165200533753972,0.019438693974747942,26.485763549804688,26.936229705810547,5.527562141418457,5.859614849090576,8.11937141418457,8.759371757507324,0.8501642181557184,14,14,1,False,0.0002047390353254741,0.00029506970338925886,0.0003607611074756598,0.0003607948264162529,34.448262609097725,44.32774165145066,59.16624816349944,59.167819029164136,60.99292988461106,90.0,90.0,90.0,1.0101166691413201,1.3941744924291908,1.479202487493161,1.4792506797935838,,data/Nikolaisen2022_merrill_msh/PLAG045.msh,5361855,5.113463401794434,voxel,5361855,5.113463401794434,31981,159510,26.485763549804688,26.936229705810547,5.536536693572998,5.859614849090576,8.11937141418457,8.759371757507324,1.2144072117417173e-07,1.2146002411536164e-07,1.214857408259514e-07,1.214857408259514e-07,0.40789857573376387,0.5759410939793514,0.7054000065055928,0.7054748201798352,1.3660338060070059,1.393993792327696,1.6043904691783217,1.6044248563104129,1.3678651212982154,1.7072867479050562,1.9649689988356946,1.965011114299365,35.21413930001114,54.62382742245245,60.084185628519904,60.084185628519904,-1.0,-1.0,-1.0,-1.0,0.008974075317382812,0.012715895317755447,0.015587634082444035,0.01558790861086529,8.974075317382812e-09,1.2715895317755446e-08,1.5587634082444036e-08,1.558790861086529e-08,2.6485763549804687e-05,2.6936229705810546e-05,5.536536693572998e-06,5.8596148490905755e-06,8.11937141418457e-06,8.759371757507323e-06,5871864,9210528,3070176,10208640,122807040,226752372.0,216.2479133605957,0.21117960289120674,216.25 MiB,Screening estimate; calibrate with real Merrill.jl runs.,ok,gmsh;pymeshfix_gmsh;voxel,gmsh: Exception: Wrong topology of triangulation for parametrization: one edge is incident to 3 triangles | pymeshfix_gmsh: Exception: Wrong topology of boundary mesh for parametrization,0.009,26585.0,31981.0
PLAG044,PLAG,data/Nikolaisen2022/Plag Binary meshes/PLAG044-binary.stl,Plag Binary meshes,346315,0.33027172088623047,ascii,0.0066762719400716,0.233620956996187,205,3,03_largest,um,1e-06,0.009,9e-09,data/Nikolaisen2022/Plag Binary meshes/PLAG044-binary.stl,346315,1087,2174,0.5616116984878792,0.006834938305776508,4.760940074920654,4.904270172119141,8.308507919311523,10.17630672454834,10.659372329711914,11.139371871948242,1.9338085360640258,4,8,1,False,0.00020474380335144815,0.00021247661652523675,0.0003607554935611831,0.00036077796779290637,34.449187774232996,44.61368260839613,59.16546271696755,59.167780157574526,60.992551298365726,90.0,90.0,90.0,1.0101129187312334,1.3939550311346791,1.4639736335523061,1.4792348317382653,,data/Nikolaisen2022_merrill_msh/PLAG044.msh,1980042,1.888315200805664,voxel,1980042,1.888315200805664,14132,56580,4.760940074920654,4.904270172119141,8.308507919311523,10.167326927185059,10.659372329711914,11.139371871948242,1.2141168539980818e-07,1.214244709606127e-07,1.2143093452235873e-07,1.2144383075584665e-07,0.4068895448273954,0.5772206690256296,0.700278321495163,0.7003158186789225,1.3660749380799275,1.3944524247693681,1.6020713155728556,1.6020882180663927,1.3690889988240178,1.7078484556358493,1.9621286273514305,1.9621493285937033,35.34198158507494,54.65373941727734,60.32328723976205,60.32328723976205,-1.0,-1.0,-1.0,-1.0,0.008957862854003906,0.012684187427968861,0.015585574465485509,0.015586398013781755,8.957862854003907e-09,1.268418742796886e-08,1.5585574465485508e-08,1.5586398013781755e-08,4.760940074920654e-06,4.904270172119141e-06,8.308507919311523e-06,1.0167326927185059e-05,1.0659372329711913e-05,1.1139371871948241e-05,2149728,4070016,1356672,3621120,54266880,98196624.0,93.64759826660156,0.09145273268222809,93.65 MiB,Screening estimate; calibrate with real Merrill.jl runs.,ok,gmsh;pymeshfix_gmsh;voxel,gmsh: Exception: Wrong topology of triangulation for parametrization: one edge is incident to 3 triangles | pymeshfix_gmsh: Exception: Wrong topology of boundary mesh for parametrization,0.009,9430.0,14132.0
PLAG043,PLAG,data/Nikolaisen2022/Plag Binary meshes/PLAG043-binary.stl,Plag Binary meshes,358431,0.3418264389038086,ascii,0.0159175068743783,0.312098830490374,206,3,03_largest,um,1e-06,0.009,9e-09,data/Nikolaisen2022/Plag Binary meshes/PLAG043-binary.stl,358431,1130,2254,0.6333115604655839,0.01794407348697941,10.657970428466797,11.210817337036133,6.004889011383057,6.316188812255859,4.459372043609619,5.319372177124023,1.0687130110478265,10,8,1,False,0.0002047343807589641,0.0002950663158292788,0.00036076111766603677,0.0003607892087063026,34.44889983003652,44.32705882826191,59.16585537291742,59.167426402754224,60.99295292101754,90.0,90.0,90.0,1.010117151146311,1.394175158499121,1.4792027417111042,1.4792397640314003,,data/Nikolaisen2022_merrill_msh/PLAG043.msh,4672159,4.455718040466309,voxel,4672159,4.455718040466309,28631,138228,10.657970428466797,11.210817337036133,6.004889011383057,6.316188812255859,4.459372043609619,5.319372177124023,1.2033985184994184e-07,1.2035270986671264e-07,1.2036537457363328e-07,1.2036537457363328e-07,0.40850270484615814,0.5690052549867805,0.6963772874173653,0.6963772874173653,1.3661626479607314,1.3938586808689375,1.6060728130887767,1.6060904861115333,1.3720263929447216,1.707121270838876,1.9670294409119404,1.9670510858559243,34.85113302692952,54.38451077813279,59.929031050961825,59.929031050961825,-1.0,-1.0,-1.0,-1.0,0.008893966674804688,0.012623568957897239,0.015540164787678713,0.015540720974073434,8.893966674804687e-09,1.2623568957897239e-08,1.5540164787678713e-08,1.5540720974073434e-08,1.0657970428466797e-05,1.1210817337036132e-05,6.004889011383056e-06,6.316188812255859e-06,4.459372043609619e-06,5.319372177124023e-06,5110440,8245728,2748576,8846592,109943040,202341564.0,192.96795272827148,0.18844526633620262,192.97 MiB,Screening estimate; calibrate with real Merrill.jl runs.,ok,gmsh;pymeshfix_gmsh;voxel,gmsh: Exception: Wrong topology of triangulation for parametrization: one edge is incident to 3 triangles | pymeshfix_gmsh: Exception: Wrong topology of boundary mesh for parametrization,0.009,23038.0,28631.0
PLAG042,PLAG,data/Nikolaisen2022/Plag Binary meshes/PLAG042-binary.stl,Plag Binary meshes,361770,0.34501075744628906,ascii,0.0182112028166254,0.326422437089803,207,3,03_largest,um,1e-06,0.009,9e-09,data/Nikolaisen2022/Plag Binary meshes/PLAG042-binary.stl,361770,1138,2275,0.6370691670704622,0.017956984092400506,22.656787872314453,23.23011016845703,3.5975029468536377,3.9088029861450195,8.939371109008789,9.739372253417969,1.0322829073335522,6,9,1,False,0.0002047390353254741,0.00029156864111024814,0.0003607583101094834,0.00036079201703199644,34.44837170511388,44.32774165145066,59.166209076944696,59.16856589390032,60.992173012993774,90.0,90.0,90.0,1.0101086831570603,1.3941744924291908,1.479205152130692,1.47924881089248,,data/Nikolaisen2022_merrill_msh/PLAG042.msh,5417211,5.166254997253418,voxel,5417211,5.166254997253418,32518,160950,22.656787872314453,23.23011016845703,3.5975029468536377,3.8999087810516357,8.939371109008789,9.739372253417969,1.1934260285735576e-07,1.1936801652917377e-07,1.1938388169620978e-07,1.1938388169620978e-07,0.4072588982207138,0.5748842425070834,0.7022135808585207,0.7022230915865256,1.3660692394789478,1.3942888122961044,1.6029584048693062,1.6029625048075615,1.370038535631034,1.7076480720983231,1.9632150854177237,1.9632201067960768,35.21040081364177,54.49533926144367,60.232151263552545,60.23565211725956,-1.0,-1.0,-1.0,-1.0,0.008894205093383789,0.012624075325792355,0.015497040382729768,0.015497730371022233,8.894205093383789e-09,1.2624075325792355e-08,1.549704038272977e-08,1.5497730371022233e-08,2.2656787872314452e-05,2.323011016845703e-05,3.5975029468536374e-06,3.899908781051635e-06,8.939371109008788e-06,9.739372253417969e-06,5930832,9365184,3121728,10300800,124869120,230381496.0,219.70891571044922,0.21455948799848557,219.71 MiB,Screening estimate; calibrate with real Merrill.jl runs.,ok,gmsh;pymeshfix_gmsh;voxel,gmsh: Exception: Wrong topology of triangulation for parametrization: one edge is incident to 3 triangles | pymeshfix_gmsh: Exception: Wrong topology of boundary mesh for parametrization,0.009,26825.0,32518.0
PLAG041,PLAG,data/Nikolaisen2022/Plag Binary meshes/PLAG041-binary.stl,Plag Binary meshes,369567,0.3524465560913086,ascii,0.007849042861532,0.246569502812689,208,3,03_largest,um,1e-06,0.009,9e-09,data/Nikolaisen2022/Plag Binary meshes/PLAG041-binary.stl,369567,1142,2281,0.5871645899233237,0.007165131654449695,-0.23515599966049194,-0.050873998552560806,13.766631126403809,15.260869979858398,7.51937198638916,7.9993720054626465,1.5802245490487035,2,2,1,False,0.00020474980616569383,0.00021247800818002816,0.0003607570731616215,0.00036076277844764775,34.45004087028493,43.94092501044982,59.16475035772579,59.167503916446535,60.99342585005575,90.0,90.0,90.0,1.0101216010130898,1.3946602889786297,1.4558271027418517,1.4792202197429016,,data/Nikolaisen2022_merrill_msh/PLAG041.msh,2234758,2.1312313079833984,voxel,2234758,2.1312313079833984,15465,64344,-0.2075137048959732,-0.06008809804916382,13.766631126403809,15.260869979858398,7.51937198638916,7.9993720054626465,1.251828513501192e-07,1.251962162900096e-07,1.2520270675323006e-07,1.2520290923291664e-07,0.4089201926654726,0.5667153901807472,0.6927648363697874,0.6927839590145978,1.366249580563869,1.3937568149047384,1.6072630247024926,1.6072630247024926,1.3729263155961315,1.706996511021654,1.968487146481711,1.968487146481711,34.716796468856714,54.339741606004,59.81909106012047,59.82086217617649,-1.0,-1.0,-1.0,-1.0,0.009000778198242188,0.012769205272219811,0.01574649688556185,0.015746775502038502,9.000778198242188e-09,1.276920527221981e-08,1.5746496885561852e-08,1.5746775502038502e-08,-2.075137048959732e-07,-6.008809804916382e-08,1.3766631126403809e-05,1.5260869979858396e-05,7.51937198638916e-06,7.999372005462646e-06,2430168,4453920,1484640,4118016,59385600,107808516.0,102.81421279907227,0.10040450468659401,102.81 MiB,Screening estimate; calibrate with real Merrill.jl runs.,ok,gmsh;pymeshfix_gmsh;voxel,gmsh: Exception: Wrong topology of boundary mesh for parametrization | pymeshfix_gmsh: Exception: Wrong topology of boundary mesh for parametrization,0.009,10724.0,15465.0
PLAG040,PLAG,data/Nikolaisen2022/Plag Binary meshes/PLAG040-binary.stl,Plag Binary meshes,387051,0.36912059783935547,ascii,0.0170316875782059,0.31921725097203,209,3,03_largest,um,1e-06,0.009,9e-09,data/Nikolaisen2022/Plag Binary meshes/PLAG040-binary.stl,387051,1217,2434,0.6762534907790073,0.01773475281495995,18.193063735961914,18.82781410217285,3.037163019180298,3.348464012145996,4.779372215270996,5.719371795654297,1.1761868672737044,10,12,1,False,0.00020474391703828587,0.00029154778796755684,0.00036076111766603677,0.0003607863993437041,34.44855882882489,44.32705882826191,59.16551132461599,59.167426402754224,60.993710092929526,90.0,90.0,90.0,1.0101246518105373,1.394175158499121,1.4792054063543767,1.4792456053706866,,data/Nikolaisen2022_merrill_msh/PLAG040.msh,4965655,4.735617637634277,voxel,4965655,4.735617637634277,30431,146910,18.193063735961914,18.81887435913086,3.037163019180298,3.348464012145996,4.779372215270996,5.719371795654297,1.1977737887625389e-07,1.1978058963563938e-07,1.1980614555405963e-07,1.1981246611040644e-07,0.40634622860644565,0.5763985639054211,0.6976102433297361,0.6976197436393874,1.366128121834525,1.3947207838073294,1.6009070008086241,1.6009110146499441,1.3709303768048529,1.708177126991284,1.9607026388152526,1.9607075547468233,35.33623573365428,54.4497002094891,60.446782797554576,60.44851981443971,-1.0,-1.0,-1.0,-1.0,0.008894205093383789,0.012610714929945347,0.01551527245413493,0.015516649294894961,8.894205093383789e-09,1.2610714929945346e-08,1.551527245413493e-08,1.551664929489496e-08,1.8193063735961912e-05,1.881887435913086e-05,3.037163019180298e-06,3.348464012145996e-06,4.7793722152709955e-06,5.719371795654297e-06,5431464,8764128,2921376,9402240,116855040,215061372.0,205.09850692749023,0.20029151067137718,205.10 MiB,Screening estimate; calibrate with real Merrill.jl runs.,ok,gmsh;pymeshfix_gmsh;voxel,gmsh: Exception: Wrong topology of triangulation for parametrization: one edge is incident to 3 triangles | pymeshfix_gmsh: Exception: Wrong topology of boundary mesh for parametrization,0.009,24485.0,30431.0
PLAG039,PLAG,data/Nikolaisen2022/Plag Binary meshes/PLAG039-binary.stl,Plag Binary meshes,391437,0.3733034133911133,ascii,0.0132372973951457,0.293494680749829,210,3,03_largest,um,1e-06,0.009,9e-09,data/Nikolaisen2022/Plag Binary meshes/PLAG039-binary.stl,391437,1212,2416,0.6623465672191029,0.014157184333095756,13.708864212036133,14.527894973754883,8.806587219238281,9.076380729675293,10.379371643066406,11.299371719360352,1.260952047976602,29,23,1,False,0.00020472949927352602,0.00029154813145568914,0.00036076672600321446,0.0003607892097558845,34.44791328730243,44.32770997394605,59.166247675141655,59.16856589390032,60.99141581081264,90.0,90.0,90.0,1.010101181517113,1.3941745233145078,1.4792018363290653,1.4792566641127072,,data/Nikolaisen2022_merrill_msh/PLAG039.msh,3896139,3.7156476974487305,voxel,3896139,3.7156476974487305,24730,114414,13.708864212036133,14.527894973754883,8.815580368041992,9.076380729675293,10.379371643066406,11.299371719360352,1.2164716429790765e-07,1.2167293023517914e-07,1.2168582341418044e-07,1.2168582341418044e-07,0.4078861083751051,0.5772260379417946,0.7053473887025469,0.7053848362285581,1.366028709169021,1.3939939434365591,1.6043591563292872,1.6043764391111395,1.36684842753275,1.7072869329748614,1.964930648584431,1.9649518155828678,35.278606993588134,54.68555865308214,60.085768232755456,60.08752144288146,-1.0,-1.0,-1.0,-1.0,0.008992195129394531,0.012722954901242816,0.015595874174883218,0.01559642452587404,8.992195129394531e-09,1.2722954901242815e-08,1.559587417488322e-08,1.5596424525874038e-08,1.3708864212036131e-05,1.4527894973754882e-05,8.815580368041992e-06,9.076380729675293e-06,1.0379371643066406e-05,1.1299371719360352e-05,4254768,7122240,2374080,7322496,94963200,174055176.0,165.99195098876953,0.16210151463747025,165.99 MiB,Screening estimate; calibrate with real Merrill.jl runs.,ok,gmsh;pymeshfix_gmsh;voxel,gmsh: Exception: Wrong topology of triangulation for parametrization: one edge is incident to 3 triangles | pymeshfix_gmsh: Exception: Wrong topology of boundary mesh for parametrization,0.009,19069.0,24730.0
PLAG038,PLAG,data/Nikolaisen2022/Plag Binary meshes/PLAG038-binary.stl,Plag Binary meshes,396135,0.37778377532958984,ascii,0.0117713837823286,0.282234195873225,211,3,03_largest,um,1e-06,0.009,9e-09,data/Nikolaisen2022/Plag Binary meshes/PLAG038-binary.stl,396135,1223,2445,0.623993587139738,0.018755610192947858,-0.4808650016784668,-0.2761070132255554,3.680516004562378,5.050236225128174,11.61937141418457,11.959371566772461,1.4260643113905782,8,10,1,False,0.0002047547590677823,0.000212477853551718,0.00036075163139515494,0.0003607684848197274,34.449243255328014,44.61384937909773,59.16519260231864,59.167510055170496,60.99418271740671,90.0,90.0,90.0,1.010129337541427,1.3939549377458706,1.4639611232412075,1.4792338814029702,,data/Nikolaisen2022_merrill_msh/PLAG038.msh,3462391,3.3019933700561523,voxel,3462391,3.3019933700561523,22019,101634,-0.4808650016784668,-0.2761070132255554,3.680516004562378,5.050236225128174,11.61937141418457,11.959371566772461,1.1963084099749876e-07,1.1963084099749876e-07,1.196371713415033e-07,1.1963757184221246e-07,0.4083726627957633,0.5719956175957167,0.7002962469350944,0.7002974333288432,1.3660824299868657,1.3938447252398263,1.6055794654566047,1.605588750401256,1.3699784366583312,1.7071041787536954,1.966425215929625,1.9664365876179686,35.00314878723286,54.70837046398871,59.96602902516094,59.96602902516094,-1.0,-1.0,-1.0,-1.0,0.008902519941329956,0.012621819790491262,0.015508491122231878,0.015508785302646452,8.902519941329956e-09,1.2621819790491262e-08,1.5508491122231877e-08,1.550878530264645e-08,-4.808650016784667e-07,-2.761070132255554e-07,3.6805160045623776e-06,5.050236225128174e-06,1.161937141418457e-05,1.195937156677246e-05,3780744,6341472,2113824,6504576,84552960,154940364.0,147.76264572143555,0.1442994587123394,147.76 MiB,Screening estimate; calibrate with real Merrill.jl runs.,ok,gmsh;pymeshfix_gmsh;voxel,gmsh: Exception: Wrong topology of triangulation for parametrization: one edge is incident to 3 triangles | pymeshfix_gmsh: Exception: Wrong topology of boundary mesh for parametrization,0.009,16939.0,22019.0
PLAG037,PLAG,data/Nikolaisen2022/Plag Binary meshes/PLAG037-binary.stl,Plag Binary meshes,405021,0.3862581253051758,ascii,0.0276571245448376,0.375205734802633,212,3,03_largest,um,1e-06,0.009,9e-09,data/Nikolaisen2022/Plag Binary meshes/PLAG037-binary.stl,405021,1301,2596,0.7000929282735583,0.02987878973462011,6.235198020935059,6.8699469566345215,1.6674439907073975,1.9372379779815674,6.359372138977051,6.979372024536133,0.9274129959377163,6,4,1,False,0.000204739148898625,0.00029153524035304844,0.000360756901510698,0.00036078499466630386,34.44878805921833,44.32772581307149,59.16566385894397,59.167426402754224,60.99342611783904,90.0,90.0,90.0,1.0101218997534969,1.3941745078713033,1.4792082336519377,1.479241678636112,,data/Nikolaisen2022_merrill_msh/PLAG037.msh,7790015,7.429137229919434,voxel,7790015,7.429137229919434,44913,233298,6.235198020935059,6.8699469566345215,1.6674439907073975,1.9372379779815674,6.359372138977051,6.979372024536133,1.2039264261264277e-07,1.2040704989336784e-07,1.2040704989336784e-07,1.2040704989336784e-07,0.40795217629280905,0.5749973775605071,0.7047174975279772,0.7047268705551285,1.366040850454285,1.3939811091178982,1.6044990915185693,1.6045163619279112,1.3685137034973365,1.707271214208905,1.965102033489832,1.9651231853350992,35.17165514947702,54.7926187079718,60.070560602559944,60.07077904115997,-1.0,-1.0,-1.0,-1.0,0.008939743041992188,0.012675452281488843,0.015541679958935848,0.015541679958935848,8.939743041992188e-09,1.2675452281488842e-08,1.5541679958935848e-08,1.5541679958935848e-08,6.235198020935058e-06,6.8699469566345214e-06,1.6674439907073975e-06,1.9372379779815675e-06,6.359372138977051e-06,6.979372024536133e-06,8543448,12934944,4311648,14931072,172465920,319780548.0,304.966495513916,0.2978188432753086,304.97 MiB,Screening estimate; calibrate with real Merrill.jl runs.,ok,gmsh;pymeshfix_gmsh;voxel,gmsh: Exception: Wrong topology of triangulation for parametrization: one edge is incident to 3 triangles | pymeshfix_gmsh: Exception: Wrong topology of boundary mesh for parametrization,0.009,38883.0,44913.0
PLAG036,PLAG,data/Nikolaisen2022/Plag Binary meshes/PLAG036-binary.stl,Plag Binary meshes,451062,0.43016624450683594,ascii,0.0194983542245003,0.333938463461536,213,3,03_largest,um,1e-06,0.009,9e-09,data/Nikolaisen2022/Plag Binary meshes/PLAG036-binary.stl,451062,1371,2735,0.7501194293539325,0.02207987716817095,9.9617919921875,10.596542358398438,-0.32487401366233826,-0.09658800065517426,14.51937198638916,15.659371376037598,1.3246211305646745,8,5,1,False,0.00020472949927352602,0.0002915553754449628,0.0003607572447620879,0.00036079096351558095,34.448476525535206,44.32637598917555,59.16605697569214,59.16767539610456,60.992243663666315,90.0,90.0,90.0,1.010109917305608,1.3941758252613832,1.479192828538052,1.4792470152581423,,data/Nikolaisen2022_merrill_msh/PLAG036.msh,5567879,5.309943199157715,voxel,5567879,5.309943199157715,33993,164856,9.9617919921875,10.596542358398438,-0.32487401366233826,-0.09658800065517426,14.51937198638916,15.659371376037598,1.2212221144637195e-07,1.2213523920522051e-07,1.2214841507800076e-07,1.2214861440602907e-07,0.4090616430427967,0.5675359139200965,0.6936097303027948,0.6936108837739979,1.3662179960896736,1.3936726900667098,1.6075687500992732,1.6075693614999111,1.3719195656376932,1.7068934795577224,1.9688615820934707,1.968862330903266,34.74748599975135,54.561220108881336,59.7880595628816,59.78808632007127,-1.0,-1.0,-1.0,-1.0,0.008939743041992188,0.012668357055177309,0.015616895799356293,0.015617459165969974,8.939743041992188e-09,1.2668357055177309e-08,1.561689579935629e-08,1.5617459165969973e-08,9.9617919921875e-06,1.0596542358398436e-05,-3.2487401366233823e-07,-9.658800065517425e-08,1.451937198638916e-05,1.5659371376037595e-05,6091224,9789984,3263328,10550784,130533120,240342660.0,229.20862197875977,0.22383654490113258,229.21 MiB,Screening estimate; calibrate with real Merrill.jl runs.,ok,gmsh;pymeshfix_gmsh;voxel,gmsh: Exception: Wrong topology of boundary mesh for parametrization | pymeshfix_gmsh: Exception: Wrong topology of boundary mesh for parametrization,0.009,27476.0,33993.0
PLAG035,PLAG,data/Nikolaisen2022/Plag Binary meshes/PLAG035-binary.stl,Plag Binary meshes,471951,0.4500875473022461,ascii,0.0152825444984464,0.307892433059827,214,3,03_largest,um,1e-06,0.009,9e-09,data/Nikolaisen2022/Plag Binary meshes/PLAG035-binary.stl,471951,1457,2913,0.8055220494393098,0.016449558008570255,12.275558471679688,13.38125228881836,8.536794662475586,8.84809398651123,11.999371528625488,13.279372215270996,1.7198452965940592,24,25,1,False,0.0002047390353254741,0.0002950629283111731,0.0003607555002254055,0.0003607892076581378,34.44729928410998,44.32774165145066,59.16546318418245,59.167819029164136,60.99292988461106,90.0,90.0,90.0,1.0101166691413201,1.3941744924291908,1.4791918293676452,1.4792671833471656,,data/Nikolaisen2022_merrill_msh/PLAG035.msh,4524683,4.3150739669799805,voxel,4524683,4.3150739669799805,29058,132534,12.302526473999023,13.38125228881836,8.54568862915039,8.839200019836426,11.999371528625488,13.279372215270996,1.2010182852233153e-07,1.2011453636578961e-07,1.2012741590003428e-07,1.2014016016227702e-07,0.40711651601989896,0.573502610871739,0.7014164211274954,0.7015285355830533,1.3661001841301923,1.394382456027786,1.602628098761469,1.602679360160347,1.371479802610864,1.7077627617784386,1.962810544706163,1.9628733268415388,35.152139326090186,54.4097425719674,60.26762805619445,60.26762805619445,-1.0,-1.0,-1.0,-1.0,0.008893966674804688,0.012645583058516412,0.015529497868012991,0.015530596110288385,8.893966674804687e-09,1.2645583058516412e-08,1.552949786801299e-08,1.5530596110288384e-08,1.2302526473999023e-05,1.3381252288818359e-05,8.54568862915039e-06,8.839200019836426e-06,1.1999371528625488e-05,1.3279372215270996e-05,4938480,8368704,2789568,8482176,111582720,204242472.0,194.78079986572266,0.19021562486886978,194.78 MiB,Screening estimate; calibrate with real Merrill.jl runs.,ok,gmsh;pymeshfix_gmsh;voxel,gmsh: Exception: Wrong topology of triangulation for parametrization: one edge is incident to 3 triangles | pymeshfix_gmsh: Exception: Wrong topology of boundary mesh for parametrization,0.009,22089.0,29058.0
PLAG034,PLAG,data/Nikolaisen2022/Plag Binary meshes/PLAG034-binary.stl,Plag Binary meshes,474183,0.45221614837646484,ascii,0.0153723781104418,0.308494537650205,215,3,03_largest,um,1e-06,0.009,9e-09,data/Nikolaisen2022/Plag Binary meshes/PLAG034-binary.stl,474183,1494,2982,0.8217028233226035,0.014214721753025074,18.868764877319336,19.749225616455078,8.702820777893066,9.076380729675293,3.1993720531463623,4.659371852874756,1.7453817822877453,23,22,1,False,0.0002047536804639094,0.00029154778796755684,0.00036076111766603677,0.00036078359209554045,34.44858867736524,44.32439104799563,59.166601739983356,59.16836957822205,60.99412357282599,90.0,90.0,90.0,1.0101286401560348,1.394177767312314,1.4792027417111042,1.4792450940568984,,data/Nikolaisen2022_merrill_msh/PLAG034.msh,4719899,4.501246452331543,voxel,4719899,4.501246452331543,30270,138294,18.868764877319336,19.749225616455078,8.702820777893066,9.067486763000488,3.1993720531463623,4.659371852874756,1.2001267948175132e-07,1.2002554809417698e-07,1.2005103122540717e-07,1.200573831318212e-07,0.40709564278147303,0.573787433908034,0.7013786654078118,0.7014167624443076,1.3660969394855587,1.3943818381503923,1.602608125694501,1.6026241626842386,1.3713098080889832,1.7077620050362696,1.962786082794827,1.9628057240157604,35.165041722759256,54.421261072166146,60.27196836002941,60.27284099458085,-1.0,-1.0,-1.0,-1.0,0.008893966674804688,0.012642187060458004,0.015525625406942186,0.01552700591316097,8.893966674804687e-09,1.2642187060458004e-08,1.5525625406942185e-08,1.552700591316097e-08,1.8868764877319335e-05,1.9749225616455077e-05,8.702820777893065e-06,9.067486763000488e-06,3.199372053146362e-06,4.659371852874755e-06,5151888,8717760,2905920,8850816,116236800,212794776.0,202.9369125366211,0.19818057864904404,202.94 MiB,Screening estimate; calibrate with real Merrill.jl runs.,ok,gmsh;pymeshfix_gmsh;voxel,gmsh: Exception: Wrong topology of triangulation for parametrization: one edge is incident to 3 triangles | pymeshfix_gmsh: Exception: Wrong topology of boundary mesh for parametrization,0.009,23049.0,30270.0
PLAG033,PLAG,data/Nikolaisen2022/Plag Binary meshes/PLAG033-binary.stl,Plag Binary meshes,495603,0.4726438522338867,ascii,0.0187853168695256,0.329817200405768,216,3,03_largest,um,1e-06,0.009,9e-09,data/Nikolaisen2022/Plag Binary meshes/PLAG033-binary.stl,495603,1530,3059,0.7830619057385506,0.021477579670472872,11.395099639892578,11.599857330322266,6.918035984039307,8.267001152038574,10.099371910095215,10.499371528625488,1.4218412116301018,1,2,1,False,0.00020474879875109764,0.00021247180075079086,0.00036075548898968916,0.00036078359104281164,34.44949060751884,44.61301551601138,59.16546225162776,59.167780157574526,60.99373345506567,90.0,90.0,90.0,1.010124648649406,1.393955405098647,1.4639737687760097,1.4792296445839697,,data/Nikolaisen2022_merrill_msh/PLAG033.msh,5530443,5.2742414474487305,voxel,5530443,5.2742414474487305,33628,163884,11.395099639892578,11.599857330322266,6.918035984039307,8.267001152038574,10.099371910095215,10.499371528625488,1.2127365751554708e-07,1.2129951334459896e-07,1.2131223884956585e-07,1.2131223884956585e-07,0.40598482315959544,0.5744462387076567,0.695911575486435,0.695911575486435,1.3661925843198766,1.394925041796739,1.6002043786701419,1.6002043786701419,1.3731879923818502,1.7084272909162534,1.9598421059546212,1.9598421059546212,35.26851846474277,54.72861724653876,60.52581563197977,60.529322244095795,-1.0,-1.0,-1.0,-1.0,0.008901596069335938,0.012654331959605448,0.015581292677084801,0.015581567886340594,8.901596069335938e-09,1.2654331959605447e-08,1.5581292677084802e-08,1.5581567886340594e-08,1.1395099639892578e-05,1.1599857330322264e-05,6.918035984039306e-06,8.267001152038574e-06,1.0099371910095215e-05,1.0499371528625487e-05,6051360,9684864,3228288,10488576,129131520,237876912.0,226.8571014404297,0.22154013812541962,226.86 MiB,Screening estimate; calibrate with real Merrill.jl runs.,ok,gmsh;pymeshfix_gmsh;voxel,gmsh: Exception: Wrong topology of triangulation for parametrization: one edge is incident to 3 triangles | pymeshfix_gmsh: Exception: Wrong topology of boundary mesh for parametrization,0.009,27314.0,33628.0
PLAG032,PLAG,data/Nikolaisen2022/Plag Binary meshes/PLAG032-binary.stl,Plag Binary meshes,520227,0.4961271286010742,ascii,0.0133128453835714,0.294051966815281,217,3,03_largest,um,1e-06,0.009,9e-09,data/Nikolaisen2022/Plag Binary meshes/PLAG032-binary.stl,520227,1605,3211,0.8184761022204772,0.011860932090990881,26.772424697875977,26.977182388305664,6.938787937164307,9.138640403747559,12.839371681213379,13.379371643066406,2.274395863811704,3,6,1,False,0.00020474879875109764,0.00021247655013212352,0.0003607555002254055,0.0003607892076581378,34.44729928410998,44.61301551601138,59.16546225162776,59.16856589390032,60.992173012993774,90.0,90.0,90.0,1.0101086831570603,1.393955405098647,1.4639591585769671,1.4792671833471656,,data/Nikolaisen2022_merrill_msh/PLAG032.msh,4080653,3.8916139602661133,pymeshfix_gmsh,6019969,5.741089820861816,27545,118187,26.77242469787598,26.97718238830566,6.938787937164307,9.138640403747559,12.83937168121338,13.37937164306641,7.127240736609155e-09,1.1396890593841723e-07,2.1184712931508863e-07,4.005630934055379e-07,0.042127173546134496,0.5934026259689456,0.8134079461744501,0.9994762480844273,1.000204897056063,1.2655510721136656,2.068074880595791,68.75346836578659,1.0095574570706378,1.4951820475221953,2.4302485846540804,13.470474820073509,5.568687318527671,50.08871820559447,66.61006113750402,83.73244550397118,-1.0,-1.0,-1.0,-1.0,0.002553336037520552,0.0106529459742034,0.014931237196938124,0.028818773594692485,2.5533360375205517e-09,1.06529459742034e-08,1.4931237196938124e-08,2.8818773594692484e-08,2.677242469787598e-05,2.697718238830566e-05,6.938787937164307e-06,9.138640403747558e-06,1.283937168121338e-05,1.3379371643066409e-05,4443064,7932960,2644320,7563968,105772800,192535668.0,183.6163215637207,0.179312814027071,183.62 MiB,Screening estimate; calibrate with real Merrill.jl runs.,ok,gmsh;pymeshfix_gmsh,gmsh: Exception: Invalid boundary mesh (overlapping facets) on surface 42 surface 62,,,
PLAG031,PLAG,data/Nikolaisen2022/Plag Binary meshes/PLAG031-binary.stl,Plag Binary meshes,524361,0.5000696182250977,ascii,0.0146096827089745,0.303305803741367,218,3,03_largest,um,1e-06,0.009,9e-09,data/Nikolaisen2022/Plag Binary meshes/PLAG031-binary.stl,524361,1681,3361,0.8691044969576619,0.017016230686205322,2.201464891433716,2.406222105026245,5.963381767272949,7.934947967529297,7.319372177124023,7.819372177124023,2.0442599635348313,8,11,1,False,0.00020474891209687485,0.00021247909057819925,0.000360752684236064,0.00036076953873211506,34.44982083499836,44.613664736491685,59.16565892924019,59.16719107165099,60.99335486371183,90.0,90.0,90.0,1.0101208977284575,1.39395504114504,1.4639688836624458,1.4792239884107379,,data/Nikolaisen2022_merrill_msh/PLAG031.msh,4426487,4.221426963806152,voxel,4426487,4.221426963806152,28791,129294,2.201464891433716,2.406222105026245,5.963381767272949,7.934947967529297,7.319372177124023,7.819372177124023,1.1925300424746581e-07,1.1926256720206068e-07,1.1926888440992137e-07,1.1926888440992137e-07,0.40858691221232507,0.5722517150772229,0.700255706947183,0.7002745597694054,1.366076431704049,1.393749031684001,1.6061191997449,1.6061191997449002,1.3692652191107053,1.7069869785619733,1.9670862527311306,1.9670862527311308,35.001299701035194,54.66482128914821,59.91323099908516,59.914102902026386,-1.0,-1.0,-1.0,-1.0,0.008902311325073242,0.012608327172240698,0.015492660554122708,0.015492797554184552,8.902311325073242e-09,1.2608327172240698e-08,1.5492660554122707e-08,1.549279755418455e-08,2.201464891433716e-06,2.406222105026245e-06,5.963381767272949e-06,7.934947967529296e-06,7.319372177124023e-06,7.819372177124024e-06,4828392,8291808,2763936,8274816,110557440,202074588.0,192.7133445739746,0.18819662556052208,192.71 MiB,Screening estimate; calibrate with real Merrill.jl runs.,ok,gmsh;pymeshfix_gmsh;voxel,gmsh: Exception: Wrong topology of boundary mesh for parametrization | pymeshfix_gmsh: Exception: Wrong topology of boundary mesh for parametrization,0.009,21549.0,28791.0
PLAG030,PLAG,data/Nikolaisen2022/Plag Binary meshes/PLAG030-binary.stl,Plag Binary meshes,527448,0.5030136108398438,ascii,0.0130981331655657,0.292462548253926,219,3,03_largest,um,1e-06,0.009,9e-09,data/Nikolaisen2022/Plag Binary meshes/PLAG030-binary.stl,527448,1663,3317,0.849612532953891,0.014832780739044971,5.068077087402344,5.21140718460083,13.185538291931152,15.260869979858398,3.9393720626831055,4.539371967315674,2.1650739057216897,17,12,1,False,0.00020474891209687485,0.00021247661652523675,0.00036075549232100106,0.0003607667305938688,34.44982500311328,43.94155801478111,59.165462484063276,59.167780157574526,60.99335486371183,90.0,90.0,90.0,1.0101208977284577,1.3946593163528025,1.4558212799485637,1.479223917020194,,data/Nikolaisen2022_merrill_msh/PLAG030.msh,3605051,3.438044548034668,voxel,3605051,3.438044548034668,23754,104994,5.087187767028809,5.21140718460083,13.185538291931152,15.260869979858398,3.9393720626831055,4.539371967315674,1.40827924601742e-07,1.408421625882552e-07,1.4084932648258824e-07,1.4084932648258824e-07,0.4098981970625587,0.5705349701025381,0.6958435900547434,0.6958435900547434,1.3661699642827505,1.3932859731732117,1.6095155357084645,1.6095319866486961,1.3718860030448994,1.7064198500257293,1.9712458977840273,1.9712660459887057,34.83311790952463,54.3946110127124,59.58338648638151,59.58338648638151,-1.0,-1.0,-1.0,-1.0,0.009374618530273438,0.013299247744982338,0.016376310985754865,0.016376583955833024,9.374618530273438e-09,1.3299247744982338e-08,1.6376310985754865e-08,1.6376583955833023e-08,5.087187767028808e-06,5.21140718460083e-06,1.3185538291931152e-05,1.5260869979858396e-05,3.939372062683105e-06,4.539371967315674e-06,3929904,6841152,2280384,6719616,91215360,166479624.0,158.76734161376953,0.1550462320446968,158.77 MiB,Screening estimate; calibrate with real Merrill.jl runs.,ok,gmsh;pymeshfix_gmsh;voxel,gmsh: Exception: Wrong topology of triangulation for parametrization: one edge is incident to 3 triangles | pymeshfix_gmsh: Exception: Wrong topology of boundary mesh for parametrization,0.009433325854214756,17499.0,23754.0
PLAG029,PLAG,data/Nikolaisen2022/Plag Binary meshes/PLAG029-binary.stl,Plag Binary meshes,551457,0.5259103775024414,ascii,0.0292544695901142,0.382294340439509,220,3,03_largest,um,1e-06,0.009,9e-09,data/Nikolaisen2022/Plag Binary meshes/PLAG029-binary.stl,551457,1737,3468,0.9833547061751949,0.03759545912128531,15.838345527648926,16.616426467895508,5.029482841491699,5.403042793273926,8.499371528625488,9.639371871948242,1.429880334128189,13,11,1,False,0.0002047390353254741,0.00029506318385541037,0.0003607667239442284,0.0003607892076581378,34.44761043156833,44.32637598917555,59.16623409038197,59.16935114219168,60.992173012993774,90.0,90.0,90.0,1.0101086831570603,1.3941758252613832,1.4792128612444826,1.4792618526078105,,data/Nikolaisen2022_merrill_msh/PLAG029.msh,8537587,8.142077445983887,voxel,8537587,8.142077445983887,51074,253836,15.838345527648926,16.607379913330078,5.029482841491699,5.403042793273926,8.499371528625488,9.639371871948242,1.2036756077277166e-07,1.203868035246948e-07,1.2041218551995617e-07,1.2041218551995617e-07,0.4081075322995053,0.5700391195987772,0.6983541540835765,0.6983731923775778,1.36613578687332,1.3939953288755502,1.6051199419232391,1.6051199419232394,1.3720426908051018,1.70728862978416,1.965862416838853,1.9658624168388532,34.923364420151245,54.38018928983528,60.026103380590065,60.026997370186045,-1.0,-1.0,-1.0,-1.0,0.008893966674804688,0.012636431070840838,0.015541732034081133,0.015542560099806988,8.893966674804687e-09,1.2636431070840838e-08,1.5541732034081133e-08,1.5542560099806988e-08,1.5838345527648926e-05,1.6607379913330076e-05,5.029482841491699e-06,5.403042793273926e-06,8.499371528625488e-06,9.639371871948242e-06,9348528,14709312,4903104,16245504,196124160,361995912.0,345.22620391845703,0.3371349647641182,345.23 MiB,Screening estimate; calibrate with real Merrill.jl runs.,ok,gmsh;pymeshfix_gmsh;voxel,gmsh: Exception: Wrong topology of triangulation for parametrization: one edge is incident to 3 triangles | pymeshfix_gmsh: Exception: Wrong topology of boundary mesh for parametrization,0.009,42306.0,51074.0
PLAG027,PLAG,data/Nikolaisen2022/Plag Binary meshes/PLAG027-binary.stl,Plag Binary meshes,563858,0.5377368927001953,ascii,0.0303511702328668,0.387013046884609,221,3,03_largest,um,1e-06,0.009,9e-09,data/Nikolaisen2022/Plag Binary meshes/PLAG027-binary.stl,563858,1726,3450,0.930259286491443,0.029128209473306157,26.608617782592773,27.222890853881836,14.991077423095703,15.260869979858398,9.319372177124023,10.479372024536133,1.340044430528916,12,12,1,False,0.0002047390353254741,0.0002915274410326915,0.00036075549810130585,0.0003607892076581378,34.44729928410998,44.32637598917555,59.166248488915194,59.16856589390032,60.992173012993774,90.0,90.0,90.0,1.0101086831570603,1.3941758252613832,1.4792136550338595,1.4792671833471656,,data/Nikolaisen2022_merrill_msh/PLAG027.msh,8747783,8.342535972595215,voxel,8747783,8.342535972595215,51429,260988,26.608617782592773,27.222890853881836,14.991077423095703,15.260869979858398,9.328364372253418,10.479372024536133,1.2173682495397742e-07,1.2174973584855309e-07,1.2177544314075084e-07,1.2178835813100863e-07,0.4085396992320535,0.5752003792045708,0.703926937786551,0.7039644324210829,1.3660354963158392,1.3937261730470925,1.6059490525066453,1.6059849313224877,1.3670483878496327,1.7069589825636524,1.9668778657736952,1.9669218081693898,35.135895657047115,54.67284022249816,59.923041153080355,59.92831118407616,-1.0,-1.0,-1.0,-1.0,0.008992195129394531,0.01271755867494993,0.015599200535550018,0.015600854851004937,8.992195129394531e-09,1.2717558674949929e-08,1.5599200535550018e-08,1.5600854851004938e-08,2.6608617782592772e-05,2.7222890853881835e-05,1.4991077423095703e-05,1.5260869979858396e-05,9.328364372253418e-06,1.0479372024536132e-05,9585912,14811552,4937184,16703232,197487360,365287860.0,348.36565017700195,0.34020083025097847,348.37 MiB,Screening estimate; calibrate with real Merrill.jl runs.,ok,gmsh;pymeshfix_gmsh;voxel,gmsh: Exception: Wrong topology of triangulation for parametrization: one edge is incident to 3 triangles | pymeshfix_gmsh: Exception: Wrong topology of boundary mesh for parametrization,0.009,43498.0,51429.0
PLAG026,PLAG,data/Nikolaisen2022/Plag Binary meshes/PLAG026-binary.stl,Plag Binary meshes,589725,0.5624055862426758,ascii,0.0227590260413611,0.35160228068348,222,3,03_largest,um,1e-06,0.009,9e-09,data/Nikolaisen2022/Plag Binary meshes/PLAG026-binary.stl,589725,1826,3640,1.049294917391427,0.03143692779668242,16.145483016967773,17.025943756103516,13.35156536102295,13.766631126403809,8.57937240600586,9.999371528625488,1.7215946709348202,25,16,1,False,0.0002047390353254741,0.0002950629283111731,0.00036076673515312863,0.0003607892076581378,34.4479215804267,44.32637598917555,59.16550169673353,59.167819029164136,60.99292988461106,90.0,90.0,90.0,1.0101166691413201,1.3941758252613832,1.4792136550338595,1.4792565220382874,,data/Nikolaisen2022_merrill_msh/PLAG026.msh,6830427,6.514002799987793,voxel,6830427,6.514002799987793,42922,201018,16.145483016967773,17.025943756103516,13.35156536102295,13.757608413696289,8.57937240600586,9.999371528625488,1.2140208518161832e-07,1.2142780198010072e-07,1.2145358282977803e-07,1.2145358282977803e-07,0.40848294194106044,0.5753008164256767,0.704260983270842,0.704260983270842,1.3660336982744865,1.3937547485222663,1.605808274445339,1.6058434486998487,1.3669993329105146,1.706993980230319,1.9667054485651059,1.9667485280529222,35.14861548318916,54.68711762925956,59.94227240718556,59.94227240718556,-1.0,-1.0,-1.0,-1.0,0.008983612060546875,0.012707443699715824,0.015585431670381268,0.015586531164773805,8.983612060546875e-09,1.2707443699715824e-08,1.5585431670381267e-08,1.5586531164773804e-08,1.6145483016967774e-05,1.7025943756103513e-05,1.3351565361022949e-05,1.375760841369629e-05,8.57937240600586e-06,9.999371528625488e-06,7462704,12361536,4120512,12865152,164820480,302445576.0,288.43457794189453,0.2816743925213814,288.43 MiB,Screening estimate; calibrate with real Merrill.jl runs.,ok,gmsh;pymeshfix_gmsh;voxel,gmsh: Exception: Wrong topology of triangulation for parametrization: one edge is incident to 4 triangles | pymeshfix_gmsh: Exception: Wrong topology of boundary mesh for parametrization,0.009,33503.0,42922.0
PLAG025,PLAG,data/Nikolaisen2022/Plag Binary meshes/PLAG025-binary.stl,Plag Binary meshes,625851,0.596858024597168,ascii,0.0200448293198259,0.337029497945384,223,3,03_largest,um,1e-06,0.009,9e-09,data/Nikolaisen2022/Plag Binary meshes/PLAG025-binary.stl,625851,1934,3863,0.9916059972276445,0.019879173390801308,10.98558235168457,11.128913879394531,13.123278617858887,15.260869979858398,4.199371814727783,4.819372177124023,2.2303006988076897,2,1,1,False,0.0002047536804639094,0.00021247180075079086,0.0003607498715821029,0.0003607779723713267,34.44921098410805,43.94155801478111,59.16506958921053,59.16817326110164,60.99373345506567,90.0,90.0,90.0,1.010124648649406,1.3946593163528025,1.4558351662057347,1.4792344341757253,,data/Nikolaisen2022_merrill_msh/PLAG025.msh,4820671,4.597350120544434,voxel,4820671,4.597350120544434,30611,141552,10.98558235168457,11.128913879394531,13.123278617858887,15.260869979858398,4.199371814727783,4.819372177124023,1.4988926540573932e-07,1.4990422590732688e-07,1.4991893971041947e-07,1.4992631906362436e-07,0.40746345566245484,0.5706356785519414,0.7001693095227878,0.7001865916709729,1.3661459450894498,1.3942705148510905,1.603565814438518,1.6035658144385183,1.3729949443661917,1.707625662396383,1.9639590071724513,1.9639590071724515,34.995186275640584,54.882242648956165,60.18010089581075,60.18172605561807,-1.0,-1.0,-1.0,-1.0,0.009554862976074219,0.013607013758600323,0.016720081499598367,0.016720911966794868,9.554862976074219e-09,1.3607013758600322e-08,1.6720081499598365e-08,1.6720911966794866e-08,1.0985582351684569e-05,1.112891387939453e-05,1.3123278617858886e-05,1.5260869979858396e-05,4.199371814727783e-06,4.8193721771240236e-06,5264328,8815968,2938656,9059328,117546240,215436780.0,205.45652389526367,0.20064113661646843,205.46 MiB,Screening estimate; calibrate with real Merrill.jl runs.,ok,gmsh;pymeshfix_gmsh;voxel,gmsh: Exception: Wrong topology of boundary mesh for parametrization | pymeshfix_gmsh: Exception: Wrong topology of boundary mesh for parametrization,0.009716324372725054,23592.0,30611.0
PLAG024,PLAG,data/Nikolaisen2022/Plag Binary meshes/PLAG024-binary.stl,Plag Binary meshes,641133,0.6114320755004883,ascii,0.0215401650850377,0.34521007993297,224,3,03_largest,um,1e-06,0.009,9e-09,data/Nikolaisen2022/Plag Binary meshes/PLAG024-binary.stl,641133,2019,4032,1.1298284912476697,0.02621913169139815,6.358051776885986,7.4842209815979,8.16323471069336,8.599054336547852,11.339371681213379,13.099371910095215,2.134431219221067,47,38,1,False,0.00020473426729950006,0.00029506308692411946,0.00036076111433549807,0.0003607779723713267,34.44822029065904,44.32704297361163,59.16585514036257,59.16703377057601,60.992551298365726,90.0,90.0,90.0,1.0101129187312334,1.3941751739728123,1.4792023449688985,1.479251404748346,,data/Nikolaisen2022_merrill_msh/PLAG024.msh,6638319,6.330794334411621,voxel,6638319,6.330794334411621,42193,194886,6.358051776885986,7.4842209815979,8.172314643859863,8.589974403381348,11.339371681213379,13.099371910095215,1.2239881449239523e-07,1.224182941128582e-07,1.2243115317736586e-07,1.2243115317736586e-07,0.40919475992700693,0.5732642097724483,0.7005009087049733,0.7005009087049733,1.3660741411233996,1.3934936813911836,1.6076155204714009,1.6076340435814598,1.3693067702532038,1.7066742396004364,1.9689188638668673,1.9689415499509142,35.00744304521251,54.54164179999234,59.76392322768591,59.76480410697229,-1.0,-1.0,-1.0,-1.0,0.008978843688964844,0.012720273233171197,0.015628516802137983,0.015628516802137983,8.978843688964844e-09,1.2720273233171197e-08,1.5628516802137983e-08,1.5628516802137983e-08,6.358051776885986e-06,7.4842209815979e-06,8.172314643859863e-06,8.589974403381346e-06,1.1339371681213379e-05,1.3099371910095214e-05,7248984,12151584,4050528,12472704,162021120,296917380.0,283.16247940063477,0.2765258587896824,283.16 MiB,Screening estimate; calibrate with real Merrill.jl runs.,ok,gmsh;pymeshfix_gmsh;voxel,gmsh: Exception: Wrong topology of triangulation for parametrization: one edge is incident to 3 triangles | pymeshfix_gmsh: Exception: Wrong topology of boundary mesh for parametrization,0.009,32481.0,42193.0
PLAG023,PLAG,data/Nikolaisen2022/Plag Binary meshes/PLAG023-binary.stl,Plag Binary meshes,641928,0.6121902465820312,ascii,0.0326433383489378,0.396520198334342,225,3,03_largest,um,1e-06,0.009,9e-09,data/Nikolaisen2022/Plag Binary meshes/PLAG023-binary.stl,641928,2021,4037,1.0491113976690758,0.0417137939075486,25.216262817382812,25.461973190307617,5.569068908691406,7.1048150062561035,6.639371871948242,7.099371910095215,1.6218784475549515,18,16,1,False,0.0002047536804639094,0.0002124816965078935,0.00036075549002475177,0.00036078359104281164,34.44921098410805,44.32705882826191,59.16506958921053,59.16817326110164,60.99449031283514,90.0,90.0,90.0,1.0101326317160813,1.394175158499121,1.4639547670838833,1.4792344341757253,,data/Nikolaisen2022_merrill_msh/PLAG023.msh,9116151,8.693839073181152,voxel,9116151,8.693839073181152,53635,271938,25.23446273803711,25.461973190307617,5.569068908691406,7.095834255218506,6.639371871948242,7.099371910095215,1.2285061710753595e-07,1.2285713991825632e-07,1.228893873178131e-07,1.228893873178131e-07,0.40853221137260437,0.5714258456661261,0.6993359330412368,0.6993359330412368,1.3660941703731253,1.3937863463454874,1.6060340884954045,1.606051648515152,1.3700412976009846,1.7070326795022563,1.9669820131648126,1.9670035197089395,34.960973969533626,54.499768039855965,59.92630057918874,59.92630057918874,-1.0,-1.0,-1.0,-1.0,0.008980751037597656,0.012728376831961798,0.015646753387416598,0.015648136430174972,8.980751037597656e-09,1.2728376831961797e-08,1.5646753387416596e-08,1.5648136430174972e-08,2.523446273803711e-05,2.5461973190307616e-05,5.569068908691406e-06,7.095834255218506e-06,6.639371871948242e-06,7.099371910095214e-06,9989256,15446880,5148960,17404032,205958400,380921292.0,363.27485275268555,0.3547605983912945,363.27 MiB,Screening estimate; calibrate with real Merrill.jl runs.,ok,gmsh;pymeshfix_gmsh;voxel,gmsh: Exception: Wrong topology of triangulation for parametrization: one edge is incident to 3 triangles | pymeshfix_gmsh: Exception: Wrong topology of boundary mesh for parametrization,0.009,45323.0,53635.0
PLAG022,PLAG,data/Nikolaisen2022/Plag Binary meshes/PLAG022-binary.stl,Plag Binary meshes,711873,0.6788949966430664,ascii,0.0336563336723733,0.400580121664773,226,3,03_largest,um,1e-06,0.009,9e-09,data/Nikolaisen2022/Plag Binary meshes/PLAG022-binary.stl,711873,2198,4394,1.1460192983961286,0.03985795583369006,19.523990631103516,19.892555236816406,7.68590784072876,8.910353660583496,14.999371528625488,15.439372062683105,1.3522972692108137,23,23,1,False,0.0002047390353254741,0.0002124816965078935,0.00036075548898968916,0.0003607948264162529,34.4479215804267,43.942240560388214,59.16546225162776,59.16856589390032,60.992173012993774,90.0,90.0,90.0,1.0101086831570603,1.3946582682586561,1.4558218383971964,1.4792565220382874,,data/Nikolaisen2022_merrill_msh/PLAG022.msh,9804363,9.35016918182373,voxel,9804363,9.35016918182373,57910,292242,19.523990631103516,19.892555236816406,7.68590784072876,8.89234733581543,14.999371528625488,15.439372062683105,1.211068655082581e-07,1.211261439308664e-07,1.211325591707335e-07,1.2115826096559257e-07,0.4084925720621258,0.576497231409944,0.7056819477617681,0.7057569124339456,1.3660278867970062,1.3937450884598979,1.6058116419732218,1.6058553905226047,1.3668486454035258,1.7069821491184771,1.9667095729276098,1.966763153739098,35.20568555456057,54.685468853234376,59.9403308030987,59.9403308030987,-1.0,-1.0,-1.0,-1.0,0.008978843688964844,0.01270609650376125,0.01557246997994102,0.015573846757127299,8.978843688964844e-09,1.2706096503761249e-08,1.557246997994102e-08,1.5573846757127297e-08,1.9523990631103514e-05,1.9892555236816406e-05,7.68590784072876e-06,8.892347335815429e-06,1.4999371528625488e-05,1.5439372062683105e-05,10741584,16678080,5559360,18703488,222374400,411085368.0,392.0415573120117,0.38285308331251144,392.04 MiB,Screening estimate; calibrate with real Merrill.jl runs.,ok,gmsh;pymeshfix_gmsh;voxel,gmsh: Exception: Wrong topology of boundary mesh for parametrization | pymeshfix_gmsh: Exception: Wrong topology of boundary mesh for parametrization,0.009,48707.0,57910.0
PLAG019,PLAG,data/Nikolaisen2022/Plag Binary meshes/PLAG019-binary.stl,Plag Binary meshes,743301,0.708867073059082,ascii,0.0202584635009657,0.338222602531603,227,3,03_largest,um,1e-06,0.009,9e-09,data/Nikolaisen2022/Plag Binary meshes/PLAG019-binary.stl,743301,2292,4588,1.2474720615503174,0.024870506042698488,10.61701774597168,12.336984634399414,8.246247291564941,8.619807243347168,13.339371681213379,15.659371376037598,2.91208374172993,24,28,1,False,0.00020472949927352602,0.0002915413424890376,0.0003607555002254055,0.0003608004497750061,34.44852729518899,44.32637598917555,59.16546271696755,59.16860472817821,60.992172706015516,90.0,90.0,90.0,1.0101091684924068,1.3941758252613832,1.4791918293676452,1.4792461455525676,,data/Nikolaisen2022_merrill_msh/PLAG019.msh,3796907,3.6210126876831055,voxel,3796907,3.6210126876831055,25992,109608,10.627570152282715,12.336984634399414,8.246247291564941,8.619807243347168,13.339371681213379,15.659371376037598,1.9790983750087032e-07,1.979454228862032e-07,1.979633138318726e-07,1.979633138318726e-07,0.40907245856393787,0.5717869511302696,0.698844933309215,0.6988768735361627,1.3660948215996132,1.3935616140562879,1.607356287386358,1.607370680601846,1.3689467768236734,1.7067574397836232,1.9686013694754672,1.9686189974923174,34.94579413117854,54.565099568988984,59.79213895279635,59.79361132945398,-1.0,-1.0,-1.0,-1.0,0.010544776916503906,0.014917961872825737,0.018343109839571416,0.01834365843540588,1.0544776916503905e-08,1.4917961872825738e-08,1.8343109839571413e-08,1.834365843540588e-08,1.0627570152282715e-05,1.2336984634399414e-05,8.246247291564942e-06,8.619807243347168e-06,1.3339371681213378e-05,1.5659371376037595e-05,4131264,7485696,2495232,7014912,99809280,181404576.0,173.00088500976562,0.16894617676734924,173.00 MiB,Screening estimate; calibrate with real Merrill.jl runs.,ok,gmsh;pymeshfix_gmsh;voxel,gmsh: Exception: Wrong topology of triangulation for parametrization: one edge is incident to 3 triangles | pymeshfix_gmsh: Exception: Wrong topology of boundary mesh for parametrization,0.010545453158291904,18268.0,25992.0
PLAG018,PLAG,data/Nikolaisen2022/Plag Binary meshes/PLAG018-binary.stl,Plag Binary meshes,806794,0.7694187164306641,ascii,0.0196248907378163,0.334659282076627,228,3,03_largest,um,1e-06,0.009,9e-09,data/Nikolaisen2022/Plag Binary meshes/PLAG018-binary.stl,806794,2499,4986,1.3777598186485167,0.013214481416109739,7.7504072189331055,9.941316604614258,12.4384183883667,13.102524757385254,9.819372177124023,12.85937213897705,3.80561702930066,32,21,1,False,0.0002047390353254741,0.0002950629283111731,0.0003607555002254055,0.00036078921432204663,34.44729928410998,44.32637598917555,59.16546318418245,59.1678194940584,60.99292988461106,90.0,90.0,90.0,1.0101166691413201,1.3941758252613832,1.479202487493161,1.4792671833471656,,data/Nikolaisen2022_merrill_msh/PLAG018.msh,1752318,1.6711406707763672,voxel,1752318,1.6711406707763672,13397,49182,7.7504072189331055,9.941316604614258,12.4384183883667,13.102524757385254,9.819372177124023,12.85937213897705,4.390083353997265e-07,4.390688987387925e-07,4.390992883358813e-07,4.390992883358813e-07,0.4081283836302591,0.5756627890115005,0.7052507928148248,0.705275159227004,1.3660318486086056,1.3938973066347267,1.604940354356658,1.604940354356658,1.3675708929228414,1.7071685775474303,1.9656424678877173,1.9656424678877173,35.19070466267132,54.75675262062937,60.027535415758436,60.02868214503888,-1.0,-1.0,-1.0,-1.0,0.0137786865234375,0.019514346677926647,0.023921581224754712,0.02392213210689005,1.3778686523437499e-08,1.9514346677926647e-08,2.392158122475471e-08,2.392213210689005e-08,7.750407218933104e-06,9.941316604614257e-06,1.2438418388366699e-05,1.3102524757385253e-05,9.819372177124023e-06,1.285937213897705e-05,1895352,3858336,1286112,3147648,51444480,92447892.0,88.16518020629883,0.0860988087952137,88.17 MiB,Screening estimate; calibrate with real Merrill.jl runs.,ok,gmsh;pymeshfix_gmsh;voxel,gmsh: Exception: Wrong topology of triangulation for parametrization: one edge is incident to 3 triangles | pymeshfix_gmsh: Exception: Wrong topology of boundary mesh for parametrization,0.013818181644786489,8197.0,13397.0
PLAG017,PLAG,data/Nikolaisen2022/Plag Binary meshes/PLAG017-binary.stl,Plag Binary meshes,838611,0.7997617721557617,ascii,0.0447217537301505,0.440392655754973,229,3,03_largest,um,1e-06,0.009,9e-09,data/Nikolaisen2022/Plag Binary meshes/PLAG017-binary.stl,838611,2640,5274,1.4219691853022494,0.048961103858497786,19.421611785888672,20.65015983581543,3.950309991836548,4.572908878326416,7.4393720626831055,8.879371643066406,1.9926260251089127,8,6,1,False,0.0002047390353254741,0.00029154618110206786,0.0003607611074756598,0.0003607892076581378,34.448262609097725,44.32705882826191,59.1654815100483,59.16817326110164,60.99292988461106,90.0,90.0,90.0,1.0101166691413201,1.394175158499121,1.4639931274490585,1.4792506797935838,,data/Nikolaisen2022_merrill_msh/PLAG017.msh,12914967,12.316672325134277,voxel,12914967,12.316672325134277,76225,385020,19.430580139160156,20.641191482543945,3.950309991836548,4.572908878326416,7.4393720626831055,8.879371643066406,1.2135013230298725e-07,1.2138236052886228e-07,1.2139522291738924e-07,1.2139522291738924e-07,0.40814908326562754,0.5747557772212508,0.7040525344383481,0.7041085992938378,1.3660395134622163,1.3938928077616275,1.6050382342764462,1.6050382342764462,1.3682084141112876,1.7071630675756746,1.965762345817488,1.965762345817488,35.144176287040146,54.75101374636967,60.01873532339967,60.023110856034705,-1.0,-1.0,-1.0,-1.0,0.008966445922851562,0.012704431395294778,0.015583521791391764,0.015584072578606592,8.966445922851561e-09,1.2704431395294778e-08,1.5583521791391762e-08,1.558407257860659e-08,1.9430580139160156e-05,2.0641191482543943e-05,3.950309991836548e-06,4.572908878326416e-06,7.439372062683105e-06,8.879371643066406e-06,14150040,21952800,7317600,24641280,292704000,541148580.0,516.0795021057129,0.5039838887751102,516.08 MiB,Screening estimate; calibrate with real Merrill.jl runs.,ok,gmsh;pymeshfix_gmsh;voxel,gmsh: Exception: Wrong topology of triangulation for parametrization: one edge is incident to 3 triangles | pymeshfix_gmsh: Exception: Wrong topology of boundary mesh for parametrization,0.009,64170.0,76225.0
PLAG016,PLAG,data/Nikolaisen2022/Plag Binary meshes/PLAG016-binary.stl,Plag Binary meshes,840339,0.8014097213745117,ascii,0.0475004428479622,0.449330961914421,230,3,03_largest,um,1e-06,0.009,9e-09,data/Nikolaisen2022/Plag Binary meshes/PLAG016-binary.stl,840339,2598,5187,1.3281267860479713,0.051907258703785285,25.70768165588379,27.222890853881836,11.774312019348145,12.127119064331055,7.719371795654297,8.219371795654297,1.6341149667901147,12,7,1,False,0.0002047390353254741,0.00021247166841931175,0.0003607555002254055,0.0003607892076581378,34.44852729518899,44.61301551601138,59.165109053640805,59.167819029164136,60.99292988461106,90.0,90.0,90.0,1.0101166691413201,1.393955405098647,1.463988377108634,1.4792461455525676,,data/Nikolaisen2022_merrill_msh/PLAG016.msh,13706667,13.071696281433105,voxel,13706667,13.071696281433105,79018,410502,25.71670150756836,27.222890853881836,11.774312019348145,12.127119064331055,7.719371795654297,8.219371795654297,1.2138427964158982e-07,1.2141643732450103e-07,1.214357230865798e-07,1.214357230865798e-07,0.40976494738190156,0.5749082201805328,0.7014386567247572,0.7015130513206981,1.3660955261255736,1.3932721373662733,1.60911481814767,1.6091148181476704,1.3712647719206166,1.7064029046921394,1.9707551210065684,1.9707551210065684,35.04354568140884,54.422462037617514,59.618213460512564,59.621734068263294,-1.0,-1.0,-1.0,-1.0,0.008928298950195312,0.012690404134892539,0.015585647117171662,0.01558619345283806,8.928298950195311e-09,1.2690404134892538e-08,1.558564711717166e-08,1.558619345283806e-08,2.571670150756836e-05,2.7222890853881835e-05,1.1774312019348145e-05,1.2127119064331054e-05,7.719371795654297e-06,8.219371795654297e-06,15032496,22757184,7585728,26272128,303429120,562614984.0,536.5514602661133,0.5239760354161263,536.55 MiB,Screening estimate; calibrate with real Merrill.jl runs.,ok,gmsh;pymeshfix_gmsh;voxel,gmsh: Exception: Wrong topology of triangulation for parametrization: one edge is incident to 3 triangles | pymeshfix_gmsh: Exception: Wrong topology of boundary mesh for parametrization,0.009,68417.0,79018.0
PLAG015,PLAG,data/Nikolaisen2022/Plag Binary meshes/PLAG015-binary.stl,Plag Binary meshes,859281,0.8194742202758789,ascii,0.0422740504152775,0.432206950058075,231,3,03_largest,um,1e-06,0.009,9e-09,data/Nikolaisen2022/Plag Binary meshes/PLAG015-binary.stl,859281,2703,5404,1.5129278928846055,0.041907353286405484,16.616426467895508,17.844974517822266,6.419954776763916,6.897282123565674,2.8193719387054443,4.659371852874756,2.263354013654673,35,33,1,False,0.0002047536804639094,0.0002950663158292788,0.00036076111766603677,0.00036078078222848907,34.44921098410805,44.32705882826191,59.16587508694979,59.16836957822205,60.99373345506567,90.0,90.0,90.0,1.010124648649406,1.394175158499121,1.4792080710401116,1.4792344341757253,,data/Nikolaisen2022_merrill_msh/PLAG015.msh,12311651,11.741305351257324,voxel,12311651,11.741305351257324,74040,365658,16.616426467895508,17.844974517822266,6.437967300415039,6.879269599914551,2.8193719387054443,4.659371852874756,1.2138879247158667e-07,1.2141461438021708e-07,1.2142425250515065e-07,1.2142746215471067e-07,0.4077337329650939,0.5758548239700263,0.7045757880028817,0.7045944791699635,1.366038670266161,1.394065500643906,1.6040137608302114,1.6040223044745539,1.368279256455729,1.707374572297571,1.9645076272183357,1.9645180910029263,35.22326402780856,54.77349357265126,60.12272796888846,60.12360126937437,-1.0,-1.0,-1.0,-1.0,0.008966445922851562,0.012709831549208659,0.015585032610723162,0.015585446142523336,8.966445922851561e-09,1.2709831549208659e-08,1.558503261072316e-08,1.5585446142523336e-08,1.6616426467895508e-05,1.7844974517822264e-05,6.437967300415039e-06,6.879269599914551e-06,2.8193719387054443e-06,4.659371852874755e-06,13478016,21323520,7107840,23402112,284313600,524437632.0,500.1427001953125,0.48842060565948486,500.14 MiB,Screening estimate; calibrate with real Merrill.jl runs.,ok,gmsh;pymeshfix_gmsh;voxel,gmsh: Exception: Wrong topology of triangulation for parametrization: one edge is incident to 4 triangles | pymeshfix_gmsh: Exception: Wrong topology of boundary mesh for parametrization,0.009,60943.0,74040.0
PLAG014,PLAG,data/Nikolaisen2022/Plag Binary meshes/PLAG014-binary.stl,Plag Binary meshes,963426,0.9187946319580078,ascii,0.0309558206655357,0.389566167854921,232,3,03_largest,um,1e-06,0.009,9e-09,data/Nikolaisen2022/Plag Binary meshes/PLAG014-binary.stl,963426,3031,6059,1.556930169943644,0.04230986070700963,10.821775436401367,11.067485809326172,3.7220230102539062,6.9595417976379395,6.039371013641357,6.839372158050537,3.343935303961999,19,20,1,False,0.0002047343807589641,0.00021248156463116175,0.00036075549002475177,0.0003607892087063026,34.4476253784362,44.61301551601138,59.165109053640805,59.16856589390032,60.99295292101754,90.0,90.0,90.0,1.010117151146311,1.393955405098647,1.4639691062851592,1.47926159653521,,data/Nikolaisen2022_merrill_msh/PLAG014.msh,2157338,2.0573978424072266,voxel,2157338,2.0573978424072266,15172,61872,10.821775436401367,11.038578987121582,3.7220230102539062,6.9595417976379395,6.039371013641357,6.839372158050537,5.251317176219704e-07,5.251832721170184e-07,5.252002898180688e-07,5.252002898180688e-07,0.40600318289797266,0.5710381402898393,0.6959950476974007,0.696017800774001,1.366273916325233,1.3949911418813064,1.6003425989049196,1.6003524228732384,1.3758723915293092,1.7085082466558263,1.9600113904782868,1.9600234223331017,35.10653493487809,54.8921306602526,60.51957467956664,60.52010296326277,-1.0,-1.0,-1.0,-1.0,0.014452934265136719,0.020626823929510523,0.025395782221258493,0.025396058529129246,1.4452934265136719e-08,2.0626823929510524e-08,2.539578222125849e-08,2.5396058529129246e-08,1.0821775436401366e-05,1.1038578987121581e-05,3.722023010253906e-06,6.959541797637939e-06,6.039371013641357e-06,6.839372158050537e-06,2344032,4369536,1456512,3959808,58260480,105585552.0,100.69422912597656,0.09833420813083649,100.69 MiB,Screening estimate; calibrate with real Merrill.jl runs.,ok,gmsh;pymeshfix_gmsh;voxel,gmsh: Exception: Wrong topology of triangulation for parametrization: one edge is incident to 3 triangles | pymeshfix_gmsh: Exception: Wrong topology of boundary mesh for parametrization,0.014715994488109242,10312.0,15172.0
PLAG013,PLAG,data/Nikolaisen2022/Plag Binary meshes/PLAG013-binary.stl,Plag Binary meshes,997803,0.9515790939331055,ascii,0.0322057034066991,0.394740229168002,233,3,03_largest,um,1e-06,0.009,9e-09,data/Nikolaisen2022/Plag Binary meshes/PLAG013-binary.stl,997803,3082,6159,1.5445006511688906,0.03504432070184941,22.226797103881836,22.390602111816406,1.2938849925994873,5.1124958992004395,13.699371337890625,14.659371376037598,3.9408401908575765,2,1,1,False,0.00020474879875109764,0.00021247410927571764,0.00036074706341544116,0.00036079201703199644,34.44821611538904,44.61268644343895,59.165079222953814,59.16856589390032,60.99292988461106,90.0,90.0,90.0,1.0101166691413201,1.3939555898104825,1.463949660181344,1.4792514762748532,,data/Nikolaisen2022_merrill_msh/PLAG013.msh,1299529,1.2393274307250977,voxel,1299529,1.2393274307250977,9466,36942,22.226797103881836,22.390602111816406,1.2938849925994873,5.1124958992004395,13.716825485229492,14.659371376037598,9.18942540349225e-07,9.190179973547416e-07,9.191143102867637e-07,9.19126935136497e-07,0.41034704593417864,0.5550097880134124,0.675592808226153,0.6755976678854015,1.3670560049383007,1.3938690585774811,1.6123665997554903,1.612368484345828,1.3791518756830403,1.7071339808841923,1.9747377238536319,1.9747400319959827,34.0651187257173,54.02841652649649,59.409514565903784,59.409982446226195,-1.0,-1.0,-1.0,-1.0,0.01735687255859375,0.02461554056633929,0.03061364469071521,0.030614913829062007,1.735687255859375e-08,2.4615540566339287e-08,3.0613644690715205e-08,3.061491382906201e-08,2.2226797103881836e-05,2.2390602111816407e-05,1.2938849925994873e-06,5.1124958992004396e-06,1.3716825485229492e-05,1.4659371376037597e-05,1409328,2726208,908736,2364288,36349440,65637000.0,62.59632110595703,0.06112921983003616,62.60 MiB,Screening estimate; calibrate with real Merrill.jl runs.,ok,gmsh;pymeshfix_gmsh;voxel,gmsh: Exception: Wrong topology of boundary mesh for parametrization | pymeshfix_gmsh: Exception: Wrong topology of boundary mesh for parametrization,0.0173573223027316,6157.0,9466.0
PLAG012,PLAG,data/Nikolaisen2022/Plag Binary meshes/PLAG012-binary.stl,Plag Binary meshes,1025307,0.977808952331543,ascii,0.103373582891805,0.582286849803792,234,3,03_largest,um,1e-06,0.009,9e-09,data/Nikolaisen2022/Plag Binary meshes/PLAG012-binary.stl,1025307,3189,6374,1.785445241502791,0.10181882574746896,11.210817337036133,12.214130401611328,-0.013574999757111073,1.0033379793167114,9.659372329711914,10.599371910095215,1.7100726077207506,13,13,1,False,0.0002047390353254741,0.00029506364231824924,0.0003607575959170549,0.00036080185448382425,34.447202050816415,44.32774165145066,59.1660560457192,59.168461096164094,60.99222001114032,90.0,90.0,90.0,1.010109667700555,1.3941744924291908,1.4792138895935483,1.4792688492380415,,data/Nikolaisen2022_merrill_msh/PLAG012.msh,28452644,27.13455581665039,voxel,28452644,27.13455581665039,158456,857706,11.210817337036133,12.214130401611328,-0.013574999757111073,1.0033379793167114,9.659372329711914,10.599371910095215,1.225168895325015e-07,1.2252984270712146e-07,1.2254274652383616e-07,1.2254355816195545e-07,0.4079380572956046,0.5756561686007293,0.7055489377244466,0.7055886695774758,1.3660348007420173,1.3939808671796714,1.604494929101947,1.6044959818491518,1.3679837142684987,1.7072709178963021,1.9650969355914194,1.965098224938161,35.20342306371939,54.61807033473711,60.0728520129668,60.07459209476985,-1.0,-1.0,-1.0,-1.0,0.008999228477478027,0.01275425583728352,0.015632992345678873,0.015633026657536287,8.999228477478028e-09,1.2754255837283518e-08,1.5632992345678873e-08,1.5633026657536285e-08,1.1210817337036132e-05,1.2214130401611328e-05,-1.3574999757111071e-08,1.0033379793167113e-06,9.659372329711914e-06,1.0599371910095214e-05,31249536,45635328,15211776,54893184,608471040,1133191296.0,1080.6954345703125,1.0553666353225708,1.06 GiB,Screening estimate; calibrate with real Merrill.jl runs.,ok,gmsh;pymeshfix_gmsh;voxel,gmsh: Exception: Wrong topology of triangulation for parametrization: one edge is incident to 3 triangles | pymeshfix_gmsh: Exception: Wrong topology of boundary mesh for parametrization,0.009,142951.0,158456.0
PLAG011,PLAG,data/Nikolaisen2022/Plag Binary meshes/PLAG011-binary.stl,Plag Binary meshes,1028775,0.9811162948608398,ascii,0.0636024446698874,0.495250659082452,235,3,03_largest,um,1e-06,0.009,9e-09,data/Nikolaisen2022/Plag Binary meshes/PLAG011-binary.stl,1028775,3234,6470,1.8334389909286468,0.0687527037657274,12.398412704467773,13.504107475280762,4.69743013381958,5.19550895690918,6.639371871948242,8.439371109008789,2.17040104442291,21,25,1,False,0.0002047390353254741,0.00029506650748521495,0.00036076111766603677,0.0003607892076581378,34.4479215804267,44.32705882826191,59.16587508694979,59.167819029164136,60.99292988461106,90.0,90.0,90.0,1.0101166691413201,1.394175158499121,1.4792055330158724,1.4792565220382874,,data/Nikolaisen2022_merrill_msh/PLAG011.msh,17794556,16.970211029052734,voxel,17794556,16.970211029052734,104288,531228,12.398412704467773,13.504107475280762,4.69743013381958,5.19550895690918,6.639371871948242,8.439371109008789,1.221035352935891e-07,1.2210996484102177e-07,1.2212290433077921e-07,1.221358602934708e-07,0.40856699437226074,0.5739065663888655,0.7023247635013653,0.7023995219623412,1.3660485745437412,1.3937285104168895,1.60603213934928,1.6060491021047474,1.3679390240953786,1.7069618452453235,1.9669796259580918,1.9670004010058555,35.08050279400327,54.6675334347535,59.9181513206385,59.92077363100848,-1.0,-1.0,-1.0,-1.0,0.008989334106445312,0.012720258218242146,0.015614664867628256,0.015615763585058933,8.989334106445313e-09,1.2720258218242145e-08,1.5614664867628256e-08,1.561576358505893e-08,1.2398412704467772e-05,1.3504107475280762e-05,4.69743013381958e-06,5.195508956909179e-06,6.639371871948242e-06,8.439371109008788e-06,19502208,30034944,10011648,33998592,400465920,741019968.0,706.6917114257812,0.6901286244392395,706.69 MiB,Screening estimate; calibrate with real Merrill.jl runs.,ok,gmsh;pymeshfix_gmsh;voxel,gmsh: Exception: Wrong topology of triangulation for parametrization: one edge is incident to 3 triangles | pymeshfix_gmsh: Exception: Wrong topology of boundary mesh for parametrization,0.009,88538.0,104288.0
PLAG010,PLAG,data/Nikolaisen2022/Plag Binary meshes/PLAG010-binary.stl,Plag Binary meshes,1056870,1.0079097747802734,ascii,0.0464847554138525,0.446105224340376,236,3,03_largest,um,1e-06,0.009,9e-09,data/Nikolaisen2022/Plag Binary meshes/PLAG010-binary.stl,1056870,3325,6644,1.711474902077629,0.05054415330810861,25.216262817382812,25.441497802734375,7.250089168548584,10.093293190002441,7.079371929168701,7.839372158050537,2.9516334891273592,14,12,1,False,0.0002047536804639094,0.00021247655013212352,0.0003607498715821029,0.0003607892097558845,34.44889983003652,43.94155801478111,59.16506958921053,59.16856589390032,60.99373345506567,90.0,90.0,90.0,1.010124648649406,1.3946593163528025,1.4639399835740106,1.4792397640314003,,data/Nikolaisen2022_merrill_msh/PLAG010.msh,4409743,4.205458641052246,voxel,4409743,4.205458641052246,28085,129402,25.229511260986328,25.441497802734375,7.250089168548584,10.08036994934082,7.079371929168701,7.839372158050537,3.6757336113572847e-07,3.6760048631919357e-07,3.676534089345577e-07,3.6766701867058105e-07,0.41023564223903025,0.5650083668632306,0.6884128467499883,0.6884259461899982,1.3663868541374378,1.3933346585008586,1.6108061809289653,1.6108118885541787,1.3735252635785766,1.7064794771310787,1.9728266088986213,1.97283359928333,34.548504253043625,54.314335575314445,59.482633871385886,59.48386445512586,-1.0,-1.0,-1.0,-1.0,0.012881278991699219,0.018246574956965717,0.02254957661710314,0.022550969664794508,1.2881278991699219e-08,1.8246574956965715e-08,2.254957661710314e-08,2.2550969664794508e-08,2.5229511260986328e-05,2.5441497802734373e-05,7.250089168548583e-06,1.008036994934082e-05,7.079371929168701e-06,7.839372158050537e-06,4814904,8088480,2696160,8281728,107846400,197591508.0,188.43794631958008,0.18402143195271492,188.44 MiB,Screening estimate; calibrate with real Merrill.jl runs.,ok,gmsh;pymeshfix_gmsh;voxel,gmsh: Exception: Wrong topology of triangulation for parametrization: one edge is incident to 3 triangles | pymeshfix_gmsh: Exception: Wrong topology of boundary mesh for parametrization,0.01292365464297208,21567.0,28085.0
PLAG009,PLAG,data/Nikolaisen2022/Plag Binary meshes/PLAG009-binary.stl,Plag Binary meshes,1160217,1.1064691543579102,ascii,0.0916088663979432,0.55930190117457,237,3,03_largest,um,1e-06,0.009,9e-09,data/Nikolaisen2022/Plag Binary meshes/PLAG009-binary.stl,1160217,3719,7437,2.079990722546158,0.09444431983067192,7.361365795135498,8.671817779541016,0.6090250015258789,1.12785804271698,5.219371795654297,6.979372024536133,2.2547888889490477,13,16,1,False,0.0002047343807589641,0.00029505988360716413,0.0003607625177331731,0.0003607969390732565,34.447205848785934,44.32705882826191,59.16570329550726,59.167627983515956,60.993000225709594,90.0,90.0,90.0,1.0101176503563294,1.394175158499121,1.4792041026439318,1.4792687841673537,,data/Nikolaisen2022_merrill_msh/PLAG009.msh,25864688,24.666488647460938,voxel,25864688,24.666488647460938,147665,776070,7.3703413009643555,8.662841796875,0.6090250015258789,1.12785804271698,5.219371795654297,6.979372024536133,1.2015040020939565e-07,1.2016396789817042e-07,1.201703490764349e-07,1.2017114979038604e-07,0.4079479972908052,0.5760774102059237,0.7056364010149712,0.7056387607825217,1.3660318868597694,1.3939739397403839,1.6044972304550575,1.6044982952482119,1.3676402863701567,1.7072624335505637,1.965099754161839,1.9651010582617943,35.22315099481545,54.63836571468415,60.07139517857808,60.0723821158534,-1.0,-1.0,-1.0,-1.0,0.008945345878601074,0.012672311458783602,0.015531154008287064,0.015531463908623548,8.945345878601074e-09,1.2672311458783601e-08,1.5531154008287064e-08,1.553146390862355e-08,7.370341300964355e-06,8.662841796875e-06,6.090250015258789e-07,1.12785804271698e-06,5.219371795654296e-06,6.979372024536133e-06,28378200,42527520,14175840,49668480,567033600,1052675460.0,1003.9095497131348,0.9803804196417332,1003.91 MiB,Screening estimate; calibrate with real Merrill.jl runs.,ok,gmsh;pymeshfix_gmsh;voxel,gmsh: Exception: Wrong topology of triangulation for parametrization: one edge is incident to 3 triangles | pymeshfix_gmsh: Exception: Wrong topology of boundary mesh for parametrization,0.009,129345.0,147665.0
PLAG008,PLAG,data/Nikolaisen2022/Plag Binary meshes/PLAG008-binary.stl,Plag Binary meshes,1292817,1.232926368713379,ascii,0.0311457594217662,0.390361310617268,238,3,03_largest,um,1e-06,0.009,9e-09,data/Nikolaisen2022/Plag Binary meshes/PLAG008-binary.stl,1292817,4144,8287,2.095534676425791,0.03000699964969588,9.716083526611328,9.920841217041016,2.2692909240722656,8.017962455749512,3.279371976852417,4.6793718338012695,5.920232232806693,15,17,1,False,0.0002047536804639094,0.00021247655013212352,0.0003607526807982293,0.00036077797342578215,34.44921098410805,44.613673672650606,59.16506958921053,59.16817326110164,60.99373345506567,90.0,90.0,90.0,1.010124648649406,1.393955036139686,1.4639785188313361,1.4792344341757253,,data/Nikolaisen2022_merrill_msh/PLAG008.msh,435449,0.41527652740478516,voxel,435449,0.41527652740478516,4046,11502,9.716083526611328,9.895246505737305,2.2692909240722656,7.991832256317139,3.279371976852417,4.6793718338012695,2.8898222684150925e-06,2.889875211652289e-06,2.8899281553744494e-06,2.8899281553744494e-06,0.4078537851498868,0.568640628718457,0.6970001632980287,0.6970001632980288,1.3661927896197994,1.3941546907591633,1.6045402443514618,1.6045435314383207,1.3737753762303382,1.7074838074338121,1.9651524352108594,1.9651564610536323,34.877950449207454,54.80607284868625,60.08482695889411,60.08482695889411,-1.0,-1.0,-1.0,-1.0,0.025594711303710938,0.036431308324066956,0.04483346864850056,0.044833746564206946,2.5594711303710935e-08,3.6431308324066953e-08,4.483346864850056e-08,4.483374656420695e-08,9.716083526611327e-06,9.895246505737305e-06,2.2692909240722656e-06,7.991832256317138e-06,3.279371976852417e-06,4.67937183380127e-06,465168,1165248,388416,736128,15536640,27437400.0,26.166343688964844,0.02555307000875473,26.17 MiB,Screening estimate; calibrate with real Merrill.jl runs.,ok,gmsh;pymeshfix_gmsh;voxel,gmsh: Exception: Wrong topology of triangulation for parametrization: one edge is incident to 3 triangles | pymeshfix_gmsh: Exception: Wrong topology of boundary mesh for parametrization,0.02613032514398748,1917.0,4046.0
PLAG007,PLAG,data/Nikolaisen2022/Plag Binary meshes/PLAG007-binary.stl,Plag Binary meshes,1315929,1.2549676895141602,ascii,0.0428660593217579,0.434215157291043,239,3,03_largest,um,1e-06,0.009,9e-09,data/Nikolaisen2022/Plag Binary meshes/PLAG007-binary.stl,1315929,4136,8276,2.160654228362675,0.05813190976016241,13.360774993896484,13.626960754394531,3.639009952545166,7.39536190032959,8.059371948242188,9.01937198638916,3.8862108650918503,25,30,1,False,0.0002047392622444022,0.0002124816965078935,0.0003607555002254055,0.0003607892076581378,34.44852729518899,44.61301551601138,59.16546225162776,59.16856589390032,60.992172706015516,90.0,90.0,90.0,1.0101091684924068,1.393955405098647,1.4639545880759746,1.4792461455525676,,data/Nikolaisen2022_merrill_msh/PLAG007.msh,1983402,1.891519546508789,voxel,1983402,1.891519546508789,14534,56298,13.360774993896484,13.626960754394531,3.6560842990875244,7.3782877922058105,8.059371948242188,9.01937198638916,8.115250450296008e-07,8.115942319239511e-07,8.116393832025004e-07,8.116393832025004e-07,0.40577109530809874,0.567717746641386,0.6950637531937682,0.6950686251972253,1.366429568375514,1.395222389052784,1.6001038389748403,1.6001062651194247,1.3789772754782248,1.7087914654431178,1.9597189704784286,1.9597219418865652,34.960836302788614,55.03764335871569,60.56437053622169,60.56482381249291,-1.0,-1.0,-1.0,-1.0,0.016635894775390625,0.02383925113255501,0.029362994574586347,0.029363534898711317,1.6635894775390623e-08,2.383925113255501e-08,2.9362994574586346e-08,2.9363534898711315e-08,1.3360774993896483e-05,1.362696075439453e-05,3.6560842990875243e-06,7.37828779220581e-06,8.059371948242187e-06,9.01937198638916e-06,2150352,4185792,1395264,3603072,55810560,100717560.0,96.05175018310547,0.09380053728818893,96.05 MiB,Screening estimate; calibrate with real Merrill.jl runs.,ok,gmsh;pymeshfix_gmsh;voxel,gmsh: Exception: Wrong topology of triangulation for parametrization: one edge is incident to 3 triangles | pymeshfix_gmsh: Exception: Wrong topology of boundary mesh for parametrization,0.017074327035383745,9383.0,14534.0
PLAG006,PLAG,data/Nikolaisen2022/Plag Binary meshes/PLAG006-binary.stl,Plag Binary meshes,1331595,1.2699079513549805,ascii,0.098247921809597,0.572499243063564,240,3,03_largest,um,1e-06,0.009,9e-09,data/Nikolaisen2022/Plag Binary meshes/PLAG006-binary.stl,1331595,4037,8070,2.20066145971225,0.10003302058895454,13.565532684326172,14.753129959106445,13.123278617858887,13.579851150512695,11.659371376037598,13.099371910095215,1.9215741731001872,36,31,1,False,0.00020472949927352602,0.0002915413424890376,0.0003607555002254055,0.0003607892076581378,34.44729928410998,44.32643946538678,59.16550169673353,59.167819029164136,60.992172706015516,90.0,90.0,90.0,1.0101091684924066,1.394175763251127,1.4792023449688985,1.4792671833471656,,data/Nikolaisen2022_merrill_msh/PLAG006.msh,27629808,26.349838256835938,voxel,27629808,26.349838256835938,156825,829950,13.574529647827148,14.753129959106445,13.132230758666992,13.579851150512695,11.659371376037598,13.099371910095215,1.2079796473394092e-07,1.2081077062440354e-07,1.2083644381627456e-07,1.2083644381627456e-07,0.4078383182970205,0.5754581855479229,0.705151720903951,0.705151720903951,1.3660382099331574,1.3940194496202478,1.6042802424994032,1.6042802424994036,1.3683064921770005,1.7073181715425234,1.9648339992759982,1.9648339992759987,35.20106921443073,54.59630107594123,60.09492100204243,60.09843278138179,-1.0,-1.0,-1.0,-1.0,0.008952140808105469,0.012691972946947676,0.015559017280905231,0.015560117648110163,8.952140808105468e-09,1.2691972946947675e-08,1.555901728090523e-08,1.556011764811016e-08,1.3574529647827147e-05,1.4753129959106445e-05,1.3132230758666992e-05,1.3579851150512694e-05,1.1659371376037596e-05,1.3099371910095214e-05,30322200,45165600,15055200,53116800,602208000,1118801700.0,1066.9724464416504,1.0419652797281742,1.04 GiB,Screening estimate; calibrate with real Merrill.jl runs.,ok,gmsh;pymeshfix_gmsh;voxel,gmsh: TimeoutError: Mesh conversion exceeded 30 seconds. Increase mesh_timeout_seconds to retry this STL. | pymeshfix_gmsh: Exception: Wrong topology of boundary mesh for parametrization,0.009,138325.0,156825.0
PLAG005,PLAG,data/Nikolaisen2022/Plag Binary meshes/PLAG005-binary.stl,Plag Binary meshes,1403450,1.3384342193603516,ascii,0.0382736398182842,0.41811946023283,241,3,03_largest,um,1e-06,0.009,9e-09,data/Nikolaisen2022/Plag Binary meshes/PLAG005-binary.stl,1403450,4339,8663,2.2507762935145115,0.03328686416067489,15.838345527648926,16.04310417175293,9.989526748657227,15.260869979858398,6.039371013641357,7.3793721199035645,5.442847465091196,32,21,1,False,0.00020474391703828587,0.0002124816965078935,0.00036075548898968916,0.00036078358999150307,34.44731423110721,44.61301551601138,59.165109053640805,59.16895852093037,60.99295322823579,90.0,90.0,90.0,1.0101166657964007,1.393955405098647,1.4639399835740106,1.4792669272630388,,data/Nikolaisen2022_merrill_msh/PLAG005.msh,653541,0.623265266418457,voxel,653541,0.623265266418457,5685,17652,15.838345527648926,16.020353317260742,10.037447929382324,15.260869979858398,6.039371013641357,7.3793721199035645,2.1739258992542476e-06,2.174055750529813e-06,2.174146882980791e-06,2.174146882980791e-06,0.40442682065910446,0.5573119657794993,0.6881177589562237,0.6881329270579367,1.3673551021039883,1.3965863912158578,1.5986964811881847,1.5987023068554644,1.390038767794743,1.7104620200969085,1.9579953162470096,1.9580024512031333,34.53214256782724,55.41416220383797,60.82036651563789,60.82036651563789,-1.0,-1.0,-1.0,-1.0,0.0227508544921875,0.0330178936510411,0.04079600522723195,0.04079653707388707,2.27508544921875e-08,3.30178936510411e-08,4.079600522723195e-08,4.079653707388707e-08,1.5838345527648926e-05,1.6020353317260742e-05,1.0037447929382324e-05,1.5260869979858396e-05,6.039371013641357e-06,7.379372119903564e-06,701304,1637280,545760,1129728,21830400,38766708.0,36.9708137512207,0.03610431030392647,36.97 MiB,Screening estimate; calibrate with real Merrill.jl runs.,ok,gmsh;pymeshfix_gmsh;voxel,gmsh: Exception: Wrong topology of triangulation for parametrization: one edge is incident to 3 triangles | pymeshfix_gmsh: Exception: Wrong topology of boundary mesh for parametrization,0.023960651050914418,2942.0,5685.0
PLAG004,PLAG,data/Nikolaisen2022/Plag Binary meshes/PLAG004-binary.stl,Plag Binary meshes,1462368,1.394622802734375,ascii,0.0913743854293519,0.558824299282169,242,3,03_largest,um,1e-06,0.009,9e-09,data/Nikolaisen2022/Plag Binary meshes/PLAG004-binary.stl,1462368,4601,9197,2.7035582252947887,0.09063319964731109,22.513458251953125,23.680578231811523,6.54447603225708,7.312347888946533,2.8193719387054443,4.279372215270996,2.02074170621875,32,27,1,False,0.0002047536804639094,0.0002950938022117501,0.00036076111766603677,0.00036078078222848907,34.44889983003652,44.61433184461598,59.166601739983356,59.16836957822205,60.99373345506567,90.0,90.0,90.0,1.010124648649406,1.3939546678003747,1.4792134005389648,1.4792397640314003,,data/Nikolaisen2022_merrill_msh/PLAG004.msh,25796704,24.601654052734375,voxel,25796704,24.601654052734375,152545,768762,22.522436141967773,23.680578231811523,6.54447603225708,7.312347888946533,2.8193719387054443,4.279372215270996,1.2179440854291623e-07,1.2182351196668873e-07,1.2182994234472867e-07,1.2183316527381374e-07,0.40812364874646473,0.5747383602953857,0.7040838242368042,0.7040931589848678,1.3660403712566391,1.3939023059526872,1.6049524348910562,1.6049610983413287,1.3683147056800233,1.707174700436464,1.9656572634602638,1.965667873976555,35.14429770746439,54.75529601224346,60.024826084807536,60.02922527638694,-1.0,-1.0,-1.0,-1.0,0.008975982666015625,0.012720953569611086,0.01560238221548905,0.015602796023378033,8.975982666015625e-09,1.2720953569611085e-08,1.560238221548905e-08,1.5602796023378032e-08,2.2522436141967772e-05,2.3680578231811523e-05,6.54447603225708e-06,7.3123478889465326e-06,2.8193719387054443e-06,4.279372215270996e-06,28261464,43932960,14644320,49200768,585772800,1082718468.0,1032.5607948303223,1.0083601512014866,1.01 GiB,Screening estimate; calibrate with real Merrill.jl runs.,ok,gmsh;pymeshfix_gmsh;voxel,gmsh: Exception: Wrong topology of triangulation for parametrization: one edge is incident to 3 triangles | pymeshfix_gmsh: Exception: Wrong topology of boundary mesh for parametrization,0.009,128127.0,152545.0
PLAG003,PLAG,data/Nikolaisen2022/Plag Binary meshes/PLAG003-binary.stl,Plag Binary meshes,1772706,1.6905841827392578,ascii,0.120201105329538,0.612308017856329,243,3,03_largest,um,1e-06,0.009,9e-09,data/Nikolaisen2022/Plag Binary meshes/PLAG003-binary.stl,1772706,5421,10829,3.0614335258113563,0.12903823739256745,19.25780487060547,20.22016716003418,13.227045059204102,13.870397567749023,8.719371795654297,11.659371376037598,3.1596900416052676,42,32,1,False,0.0002047390353254741,0.00029154813145568914,0.0003607667239442284,0.0003607892076581378,34.44729928410998,43.942240560388214,59.16550169673353,59.167819029164136,60.99292988461106,90.0,90.0,90.0,1.0101166691413201,1.3946582682586561,1.479224314564088,1.4792671833471656,,data/Nikolaisen2022_merrill_msh/PLAG003.msh,10459619,9.975069999694824,voxel,10459619,9.975069999694824,63678,309876,19.27117156982422,20.193435668945312,13.253850936889648,13.85699462890625,8.719371795654297,11.659371376037598,3.989433229762788e-07,3.9902873355535107e-07,3.990571260936715e-07,3.990571260936715e-07,0.4084503563022191,0.5760193410085398,0.7051165946025617,0.7051165946025617,1.3660294692246682,1.3937626398658145,1.6057153861398954,1.6057273290634033,1.3667114829377913,1.707003645112858,1.9665916840894018,1.9666063111237169,35.18359766647595,54.6933026838451,59.95051846865764,59.95051846865764,-1.0,-1.0,-1.0,-1.0,0.013362884521484375,0.018900670113492234,0.023171093822933794,0.023171645473245375,1.3362884521484375e-08,1.8900670113492233e-08,2.3171093822933794e-08,2.3171645473245374e-08,1.9271171569824217e-05,2.019343566894531e-05,1.3253850936889648e-05,1.3856994628906249e-05,8.719371795654296e-06,1.1659371376037596e-05,11444304,18339264,6113088,19832064,244523520,450378360.0,429.51427459716797,0.41944753378629684,429.51 MiB,Screening estimate; calibrate with real Merrill.jl runs.,ok,gmsh;pymeshfix_gmsh;voxel,gmsh: Exception: Wrong topology of triangulation for parametrization: one edge is incident to 3 triangles | pymeshfix_gmsh: Exception: Wrong topology of boundary mesh for parametrization,0.01336363445628773,51646.0,63678.0
PLAG002,PLAG,data/Nikolaisen2022/Plag Binary meshes/PLAG002-binary.stl,Plag Binary meshes,1977085,1.8854951858520508,ascii,0.0855992635967967,0.546794077652769,244,3,03_largest,um,1e-06,0.009,9e-09,data/Nikolaisen2022/Plag Binary meshes/PLAG002-binary.stl,1977085,6180,12345,3.4246851471852047,0.08697649638151507,16.41166877746582,20.158740997314453,9.40843391418457,10.321579933166504,2.8193719387054443,7.639371871948242,6.173069352372812,56,43,1,False,0.00020474391703828587,0.00029505954083494315,0.00036076111766603677,0.0003607864009199045,34.44858867736524,44.32705882826191,59.16546225162776,59.16836957822205,60.993710092929526,90.0,90.0,90.0,1.010124648649406,1.394175158499121,1.4792027417111042,1.4792450940568984,,data/Nikolaisen2022_merrill_msh/PLAG002.msh,1819714,1.7354145050048828,voxel,1819714,1.7354145050048828,13620,51366,16.41166877746582,20.158740997314453,9.43017578125,10.321579933166504,2.8193719387054443,7.639371871948242,1.7394776145318591e-06,1.7396479626899646e-06,1.7397432051453078e-06,1.7397432051453078e-06,0.407719736523007,0.5743047309292039,0.7043134273618052,0.7043134273618052,1.3660557820906716,1.3940897200640114,1.6039845491096085,1.603988063904245,1.3695539465115916,1.707404234908133,1.9644718503133423,1.9644761550400474,35.154327041314254,54.52570954491205,60.125206938895516,60.12593433501708,-1.0,-1.0,-1.0,-1.0,0.02174091339111328,0.030865880051129772,0.0378534635900611,0.03785401133532626,2.174091339111328e-08,3.086588005112977e-08,3.78534635900611e-08,3.785401133532626e-08,1.641166877746582e-05,2.015874099731445e-05,9.43017578125e-06,1.0321579933166503e-05,2.8193719387054443e-06,7.639371871948243e-06,1970592,3922560,1307520,3287424,52300800,94183344.0,89.82023620605469,0.08771507441997528,89.82 MiB,Screening estimate; calibrate with real Merrill.jl runs.,ok,gmsh;pymeshfix_gmsh;voxel,gmsh: Exception: Wrong topology of triangulation for parametrization: one edge is incident to 4 triangles | pymeshfix_gmsh: Exception: Wrong topology of boundary mesh for parametrization,0.021909090605649082,8561.0,13620.0
