particle_id,phase,source_path,source_folder,stl_size_bytes,stl_size_mib,stl_format,metadata_volume_um3,metadata_evsd_um,size_rank,size_bin_index,size_bin,input_unit,input_scale_to_meters,target_edge_length_native,target_edge_length_m,surface_path,surface_file_size_bytes,surface_n_points_surface,surface_n_triangles_surface,surface_surface_area,surface_surface_volume,surface_bbox_xmin,surface_bbox_xmax,surface_bbox_ymin,surface_bbox_ymax,surface_bbox_zmin,surface_bbox_zmax,surface_bbox_diagonal,surface_boundary_edge_count,surface_non_manifold_edge_count,surface_connected_components,surface_is_watertight,surface_area_min,surface_area_median,surface_area_p95,surface_area_max,surface_min_angle_min,surface_min_angle_median,surface_min_angle_p95,surface_min_angle_max,surface_max_angle_min,surface_max_angle_median,surface_max_angle_p95,surface_max_angle_max,surface_aspect_ratio_min,surface_aspect_ratio_median,surface_aspect_ratio_p95,surface_aspect_ratio_max,msh_path,merrill_msh_path,merrill_msh_size_bytes,merrill_msh_size_mib,mesh_strategy,voxel_spacing_native,voxel_cells,voxel_points,msh_size_bytes,msh_size_mib,n_nodes,n_tets,bbox_xmin,bbox_xmax,bbox_ymin,bbox_ymax,bbox_zmin,bbox_zmax,volume_min,volume_median,volume_p95,volume_max,scaled_jacobian_min,scaled_jacobian_median,scaled_jacobian_p95,scaled_jacobian_max,radius_ratio_min,radius_ratio_median,radius_ratio_p95,radius_ratio_max,aspect_ratio_min,aspect_ratio_median,aspect_ratio_p95,aspect_ratio_max,min_angle_min,min_angle_median,min_angle_p95,min_angle_max,max_angle_min,max_angle_median,max_angle_p95,max_angle_max,edge_length_min,edge_length_median,edge_length_p95,edge_length_max,edge_length_min_m,edge_length_median_m,edge_length_p95_m,edge_length_max_m,bbox_xmin_m,bbox_xmax_m,bbox_ymin_m,bbox_ymax_m,bbox_zmin_m,bbox_zmax_m,mesh_storage_bytes,vector_state_bytes,scalar_state_bytes,tet_workspace_bytes,sparse_operator_bytes,estimated_memory_bytes,estimated_memory_mib,estimated_memory_gib,estimated_memory_human,estimate_note,status,attempted_mesh_strategies,strategy_errors
PLAG123,PLAG,data/Nikolaisen2022/Plag Binary meshes/PLAG123-binary.stl,Plag Binary meshes,67275,0.06415843963623047,ascii,0.0008645248892496,0.118193327502627,123,2,02_large,um,1e-06,0.009,9e-09,data/Nikolaisen2022/Plag Binary meshes/PLAG123-binary.stl,67275,210,415,0.10532673221972538,0.0006126865281089091,7.340889930725098,7.422793865203857,14.057177543640137,14.576011657714844,10.739372253417969,10.879371643066406,0.543596285411078,2,1,1,False,0.00020475356700444536,0.00021247661652523675,0.0003607611097701182,0.0003607667305938688,34.45073950369273,44.32570902063745,59.165069821995466,59.167780157574526,60.99411204031386,90.0,90.0,90.0,1.0101283997416157,1.3941764771801746,1.4558213876280173,1.4792082544988039,,data/Nikolaisen2022_merrill_msh/PLAG123.msh,314908,0.3003196716308594,voxel,0.009,1474.0,2399.0,314908,0.3003196716308594,2399,8844,7.340889930725098,7.422793865203857,14.066123008728027,14.576011657714844,10.739372253417969,10.879371643066406,1.187063051027801e-07,1.1871896170850595e-07,1.1871896170850595e-07,1.1871896170850595e-07,0.41212304030301516,0.5666884440639779,0.6871124890871632,0.6871124890871632,1.3666190369255633,1.3927537035055506,1.616085984621108,1.616085984621108,1.3803916805516516,1.7057679554800644,1.9792930213925277,1.9792930213925277,34.501066926891035,53.90469311156184,58.98123215810921,58.98302819117652,-1.0,-1.0,-1.0,-1.0,0.008749961853027344,0.012513320025800656,0.01547259301634982,0.01547259301634982,8.749961853027343e-09,1.2513320025800655e-08,1.547259301634982e-08,1.547259301634982e-08,7.3408899307250975e-06,7.422793865203857e-06,1.4066123008728026e-05,1.4576011657714843e-05,1.0739372253417968e-05,1.0879371643066406e-05,340584,690912,230304,566016,9212160,16559964.0,15.79281234741211,0.015422668308019638,15.79 MiB,Screening estimate; calibrate with real Merrill.jl runs.,ok,gmsh;pymeshfix_gmsh;voxel,gmsh: Exception: Wrong topology of boundary mesh for parametrization | pymeshfix_gmsh: Exception: Wrong topology of boundary mesh for parametrization
PLAG122,PLAG,data/Nikolaisen2022/Plag Binary meshes/PLAG122-binary.stl,Plag Binary meshes,67938,0.06479072570800781,ascii,0.001739025191349,0.149200089490851,124,2,02_large,um,1e-06,0.009,9e-09,data/Nikolaisen2022/Plag Binary meshes/PLAG122-binary.stl,67938,216,427,0.1109593692587831,0.00017722171400831374,3.7166740894317627,3.9419069290161133,8.993367195129395,9.180147171020508,13.11937141418457,13.259371757507324,0.32437121874729213,2,1,1,False,0.00020474403049774992,0.00021247661652523675,0.0003607526831902696,0.00036076392017657844,34.4493412784001,44.613664736491685,59.16585514036257,59.16605158248057,60.994111733273925,90.0,90.0,90.0,1.0101288842680125,1.39395504114504,1.463993155997168,1.4792322023815037,,data/Nikolaisen2022_merrill_msh/PLAG122.msh,538993,0.5140237808227539,voxel,0.009,2613.0,3568.0,538993,0.5140237808227539,3568,15678,3.7166740894317627,3.9419069290161133,8.993367195129395,9.180147171020508,13.11937141418457,13.259371757507324,1.1685112987710039e-07,1.1685422224034375e-07,1.1686695839535632e-07,1.1687948970121043e-07,0.4111697256346187,0.5694266026032112,0.6922368480924835,0.6922943747521556,1.3663507703215787,1.3929153823539748,1.6131303235712822,1.6131303235712824,1.3765667411344,1.7059659708204855,1.975673090680182,1.9756730906801825,34.69600198544341,54.119460895269626,59.245171611697806,59.24880277292742,-1.0,-1.0,-1.0,-1.0,0.008749961853027344,0.012476557042789091,0.015389381601705403,0.015390475009721212,8.749961853027343e-09,1.2476557042789091e-08,1.5389381601705404e-08,1.5390475009721212e-08,3.7166740894317626e-06,3.9419069290161135e-06,8.993367195129393e-06,9.180147171020508e-06,1.311937141418457e-05,1.3259371757507324e-05,587328,1027584,342528,1003392,13701120,24992928.0,23.835113525390625,0.023276478052139282,23.84 MiB,Screening estimate; calibrate with real Merrill.jl runs.,ok,gmsh;pymeshfix_gmsh;voxel,gmsh: Exception: Wrong topology of boundary mesh for parametrization | pymeshfix_gmsh: Exception: Wrong topology of boundary mesh for parametrization
PLAG121,PLAG,data/Nikolaisen2022/Plag Binary meshes/PLAG121-binary.stl,Plag Binary meshes,69141,0.06593799591064453,ascii,0.0015768945413867,0.144411354848491,125,2,02_large,um,1e-06,0.009,9e-09,data/Nikolaisen2022/Plag Binary meshes/PLAG121-binary.stl,69141,221,434,0.11973491036735748,0.0019179701200925537,5.887107849121094,6.0713911056518555,9.844253540039062,10.031034469604492,13.219371795654297,13.51937198638916,0.3985568324942666,10,6,1,False,0.00020474403049774992,0.00029506970338925886,0.0003607611097701182,0.00036077235146093895,34.448880766778835,44.32570902063745,59.16585514036257,59.16664089983677,60.994111733273925,90.0,90.0,90.0,1.0101288842680125,1.3941764771801746,1.4639903623347952,1.4792400905782201,,data/Nikolaisen2022_merrill_msh/PLAG121.msh,477869,0.4557313919067383,voxel,0.009,2289.0,3329.0,477869,0.4557313919067383,3329,13734,5.90553617477417,6.062176704406738,9.853147506713867,10.022140502929688,13.219371795654297,13.51937198638916,1.241575153260871e-07,1.241708283772694e-07,1.2419028184908892e-07,1.2419028184908892e-07,0.40751237534020207,0.562504584065029,0.6898409516867782,0.6898775208360182,1.366509491584771,1.3945676298487413,1.6043597266961573,1.604369631137851,1.3793207762955642,1.707989552465969,1.9649313471383316,1.9649434775524974,34.60301005590201,53.96090225308655,60.14667736422897,60.14667736422897,-1.0,-1.0,-1.0,-1.0,0.008893966674804688,0.012718309988102501,0.01570516433090935,0.015705984170881312,8.893966674804687e-09,1.27183099881025e-08,1.570516433090935e-08,1.570598417088131e-08,5.905536174774169e-06,6.062176704406738e-06,9.853147506713867e-06,1.0022140502929686e-05,1.3219371795654297e-05,1.351937198638916e-05,519384,958752,319584,878976,12783360,23190084.0,22.115787506103516,0.021597448736429214,22.12 MiB,Screening estimate; calibrate with real Merrill.jl runs.,ok,gmsh;pymeshfix_gmsh;voxel,gmsh: Exception: Wrong topology of triangulation for parametrization: one edge is incident to 3 triangles | pymeshfix_gmsh: Exception: Wrong topology of boundary mesh for parametrization
PLAG120,PLAG,data/Nikolaisen2022/Plag Binary meshes/PLAG120-binary.stl,Plag Binary meshes,69210,0.06600379943847656,ascii,0.0009906818385181,0.123683526566367,126,2,02_large,um,1e-06,0.009,9e-09,data/Nikolaisen2022/Plag Binary meshes/PLAG120-binary.stl,69210,217,435,0.11842307785555214,0.0007357134293826502,6.583285808563232,6.8699469566345215,12.479925155639648,12.625198364257812,7.079371929168701,7.419372081756592,0.46784508409895154,17,19,1,False,0.00020474891209687485,0.00029154452948006984,0.00036075549232100106,0.000360766733928757,34.449517993023896,44.32639185934991,59.165462484063276,59.166248255772906,60.994111733273925,90.0,90.0,90.0,1.0101288842680125,1.3941758097571748,1.4791974838168822,1.4792291755136726,,data/Nikolaisen2022_merrill_msh/PLAG120.msh,332548,0.3171424865722656,voxel,0.009,1550.0,2573.0,332548,0.3171424865722656,2573,9300,6.5922441482543945,6.843072414398193,12.479925155639648,12.625198364257812,7.079371929168701,7.419372081756592,1.2127902841718718e-07,1.2129176781092849e-07,1.2129822430873594e-07,1.2129822430873594e-07,0.40928299072729746,0.5707272524845192,0.6972153042123589,0.6972153042123589,1.3661260511106212,1.393503964192705,1.6079141505404795,1.6079141505404795,1.369724048308332,1.7066868334088638,1.9692846095124144,1.9692846095124144,34.88388580473342,54.522130816895356,59.73863143354975,59.73952006346976,-1.0,-1.0,-1.0,-1.0,0.008947372436523438,0.012660915465676341,0.015580242833062006,0.01558051699553925,8.947372436523437e-09,1.266091546567634e-08,1.5580242833062005e-08,1.558051699553925e-08,6.592244148254394e-06,6.8430724143981934e-06,1.2479925155639648e-05,1.2625198364257812e-05,7.079371929168701e-06,7.419372081756591e-06,359352,741024,247008,595200,9880320,17734356.0,16.912799835205078,0.01651640608906746,16.91 MiB,Screening estimate; calibrate with real Merrill.jl runs.,ok,gmsh;pymeshfix_gmsh;voxel,gmsh: Exception: Wrong topology of triangulation for parametrization: one edge is incident to 4 triangles | pymeshfix_gmsh: Exception: Wrong topology of boundary mesh for parametrization
PLAG119,PLAG,data/Nikolaisen2022/Plag Binary meshes/PLAG119-binary.stl,Plag Binary meshes,70959,0.0676717758178711,ascii,0.0018941812322301,0.153511518969992,127,2,02_large,um,1e-06,0.009,9e-09,data/Nikolaisen2022/Plag Binary meshes/PLAG119-binary.stl,70959,225,446,0.11226040461240336,0.00870302111021032,18.60257911682129,18.848289489746094,1.1486120223999023,1.3768980503082275,9.01937198638916,9.099371910095215,0.34480151637424944,5,5,1,False,0.0002047390353254741,0.0002124728888475147,0.00036075689154222064,0.0003607906123437674,34.447843793080885,44.61416730018779,59.16527143648075,59.16762751851468,60.99292988461106,90.0,90.0,90.0,1.0101166691413204,1.3939547598271083,1.4639845013170214,1.4792578546647464,,data/Nikolaisen2022_merrill_msh/PLAG119.msh,549745,0.5242776870727539,voxel,0.009,2677.0,3568.0,549745,0.5242776870727539,3568,16062,18.611679077148438,18.848289489746094,1.1486120223999023,1.3677666187286377,9.01937198638916,9.099371910095215,1.2309576650817075e-07,1.2310897420843986e-07,1.231347778081482e-07,1.2313638531177493e-07,0.4114971809015871,0.5732626585790818,0.6963685522195076,0.6964069162219132,1.3663528975914585,1.3927850760671674,1.613956068812598,1.613996300408637,1.3776685716717434,1.7058063788640074,1.976684417929559,1.9767336913704754,34.850215762104334,54.053178655838124,59.16441238341364,59.16441238341364,-1.0,-1.0,-1.0,-1.0,0.00888824462890625,0.012721129054832045,0.015659187945817072,0.015660365943084856,8.88824462890625e-09,1.2721129054832044e-08,1.565918794581707e-08,1.5660365943084855e-08,1.8611679077148438e-05,1.8848289489746092e-05,1.1486120223999023e-06,1.3677666187286377e-06,9.01937198638916e-06,9.099371910095215e-06,599616,1027584,342528,1027968,13701120,25048224.0,23.887847900390625,0.02332797646522522,23.89 MiB,Screening estimate; calibrate with real Merrill.jl runs.,ok,gmsh;pymeshfix_gmsh;voxel,gmsh: ValueError: zero-size array to reduction operation maximum which has no identity | pymeshfix_gmsh: Exception: Wrong topology of boundary mesh for parametrization
PLAG118,PLAG,data/Nikolaisen2022/Plag Binary meshes/PLAG118-binary.stl,Plag Binary meshes,71716,0.06839370727539062,ascii,0.0015705991709162,0.1442189227267,128,2,02_large,um,1e-06,0.009,9e-09,data/Nikolaisen2022/Plag Binary meshes/PLAG118-binary.stl,71716,229,450,0.11906918864623439,0.0016827367129552818,1.5667150020599365,1.7919490337371826,9.865006446838379,10.031034469604492,12.639371871948242,12.939372062683105,0.41023869613941355,7,3,1,False,0.00020474522256108685,0.000212477853551718,0.0003607512800994542,0.0003607751573292372,34.44941803059364,44.32690794232769,59.16595336160902,59.16595336160902,60.99420637873661,90.0,90.0,90.0,1.0101298218583066,1.3941753057743282,1.4639814406545766,1.4792308877189269,,data/Nikolaisen2022_merrill_msh/PLAG118.msh,497043,0.4740171432495117,pymeshfix_gmsh,,,,672247,0.6411046981811523,3708,14038,1.566715002059936,1.791949033737183,9.865006446838379,10.03103446960449,12.63937187194824,12.93937206268311,6.7308437524608365e-09,8.717776724633872e-08,1.9157557708346413e-07,3.30828635080738e-07,0.02337498636901366,0.5534277464663618,0.7976690362433125,0.9789152513905883,1.001052053677732,1.3094864831455237,2.1921226679797674,25.08900546765167,1.0223665268565982,1.5520306258302474,2.5461727252817705,10.475195905509604,5.400480059839712,49.36165693913506,67.19865883388508,82.78167076445357,-1.0,-1.0,-1.0,-1.0,0.0029427141302157313,0.009981343113717055,0.014406009374245486,0.0290825522009352,2.9427141302157312e-09,9.981343113717055e-09,1.4406009374245485e-08,2.90825522009352e-08,1.566715002059936e-06,1.791949033737183e-06,9.865006446838378e-06,1.003103446960449e-05,1.263937187194824e-05,1.293937206268311e-05,538208,1067904,355968,898432,14238720,25648848.0,24.460647583007812,0.023887351155281067,24.46 MiB,Screening estimate; calibrate with real Merrill.jl runs.,ok,gmsh;pymeshfix_gmsh,gmsh: ValueError: zero-size array to reduction operation maximum which has no identity
PLAG117,PLAG,data/Nikolaisen2022/Plag Binary meshes/PLAG117-binary.stl,Plag Binary meshes,72297,0.06894779205322266,ascii,0.0019319585313596,0.154525346454056,129,2,02_large,um,1e-06,0.009,9e-09,data/Nikolaisen2022/Plag Binary meshes/PLAG117-binary.stl,72297,225,446,0.11140167020192923,0.002015637005995637,26.096723556518555,26.240053176879883,6.918035984039307,7.167075157165527,12.199371337890625,12.319372177124023,0.31139057667346665,0,0,1,True,0.00020474879875109764,0.00021247166841931175,0.000360744254220975,0.00036078359104281164,34.448262609097725,44.32637598917555,59.16546225162776,59.16703377057601,60.99373345506567,90.0,90.0,90.0,1.010124648649406,1.3941758252613832,1.463973679421061,1.4792506797935838,,data/Nikolaisen2022_merrill_msh/PLAG117.msh,620467,0.5917234420776367,gmsh,,,,813394,0.7757129669189453,4118,18036,26.096724,26.240053,6.918035999999999,7.167075,12.199371,12.319372,9.743056985528227e-09,1.0753946144019913e-07,1.9744550607503893e-07,3.6239526465434554e-07,0.055659311659948064,0.6003709190373854,0.8159409561509497,0.9742326483083447,1.0019391616723126,1.2584584522592928,2.076096406466527,14.290435550932912,1.0173783516344816,1.4870360857488012,2.444464865613231,6.325007903826092,8.374889877165383,50.064615445042264,66.46358609346788,83.90776717166302,-1.0,-1.0,-1.0,-1.0,0.0030965796766195025,0.010428276114905771,0.01457841880516439,0.026152309429127753,3.0965796766195026e-09,1.0428276114905771e-08,1.4578418805164389e-08,2.615230942912775e-08,2.6096723999999996e-05,2.6240052999999998e-05,6.918035999999999e-06,7.1670749999999995e-06,1.2199371e-05,1.2319372e-05,675984,1185984,395328,1154304,15813120,28837080.0,27.501182556152344,0.026856623589992523,27.50 MiB,Screening estimate; calibrate with real Merrill.jl runs.,ok,gmsh,
PLAG116,PLAG,data/Nikolaisen2022/Plag Binary meshes/PLAG116-binary.stl,Plag Binary meshes,73593,0.07018375396728516,ascii,0.0020401233852183,0.157356952914541,130,2,02_large,um,1e-06,0.009,9e-09,data/Nikolaisen2022/Plag Binary meshes/PLAG116-binary.stl,73593,230,454,0.11649334470825096,0.002135582254929829,17.35355567932129,17.537837982177734,6.585981845855713,6.855774879455566,13.139371871948242,13.239372253417969,0.3416845393329601,4,2,1,False,0.00020474879875109764,0.0002124816965078935,0.00036075548898968916,0.0003607779723713267,34.44980179266129,44.613673672650606,59.16546225162776,59.16703377057601,60.99373345506567,90.0,90.0,90.0,1.010124648649406,1.393955036139686,1.4639836269373365,1.479224314564088,,data/Nikolaisen2022_merrill_msh/PLAG116.msh,647151,0.6171712875366211,pymeshfix_gmsh,,,,869364,0.8290901184082031,4311,18796,17.35355567932129,17.53783798217773,6.585981845855713,6.855774879455568,13.13937187194824,13.23937225341797,3.0318495221903035e-09,1.0959543526533592e-07,2.0073658433533376e-07,3.8746927478688797e-07,0.030111041951145934,0.5959479171058688,0.8167360331301725,0.978921329648345,1.001051169381842,1.2662625910595438,2.073726871339055,152.2416956923964,1.0240591013284062,1.4951274273504969,2.424901801235067,19.134562065699264,6.81817524697542,49.83982161713871,66.78273058917338,83.35735428049043,-1.0,-1.0,-1.0,-1.0,0.0020601817919051317,0.010491126364625764,0.014658921520047457,0.024906240861519997,2.0601817919051315e-09,1.0491126364625763e-08,1.4658921520047456e-08,2.4906240861519995e-08,1.7353555679321287e-05,1.753783798217773e-05,6.585981845855713e-06,6.855774879455568e-06,1.3139371871948239e-05,1.3239372253417969e-05,704936,1241568,413856,1202944,16554240,30176316.0,28.778377532958984,0.028103884309530258,28.78 MiB,Screening estimate; calibrate with real Merrill.jl runs.,ok,gmsh;pymeshfix_gmsh,gmsh: ValueError: zero-size array to reduction operation maximum which has no identity
PLAG115,PLAG,data/Nikolaisen2022/Plag Binary meshes/PLAG115-binary.stl,Plag Binary meshes,73755,0.07033824920654297,ascii,0.0014674188678629,0.140988976836896,131,2,02_large,um,1e-06,0.009,9e-09,data/Nikolaisen2022/Plag Binary meshes/PLAG115-binary.stl,73755,229,455,0.11782507906860887,0.003304251935606402,1.5257630348205566,1.62814199924469,14.63827133178711,14.94957160949707,11.899372100830078,12.0393705368042,0.3563549878057789,1,2,1,False,0.00020473545930599357,0.000212477853551718,0.0003607512800994542,0.0003607625149719945,34.44941803059364,43.94355617301423,59.16442127243771,59.1674855002659,60.993449512122695,90.0,90.0,90.0,1.0101218354426387,1.3946562499597672,1.4558269580980314,1.4792308877189269,,data/Nikolaisen2022_merrill_msh/PLAG115.msh,487803,0.46520519256591797,pymeshfix_gmsh,,,,655845,0.625462532043457,3521,13895,1.525763034820557,1.62814199924469,14.63827133178711,14.94957160949707,11.89937210083008,12.0393705368042,9.756668942469676e-09,1.0560071637776553e-07,2.0648973504699964e-07,3.3032613760737454e-07,0.12752898142844574,0.5711301332703761,0.804157107317363,0.9719713817004234,1.0012425571351484,1.2879192156663604,2.0352365992836647,3.8334975130455065,1.0271170898544912,1.52442397085471,2.388669051866613,4.234950449625882,11.69559266767786,49.86313358099016,66.78187346327901,80.40197486791189,-1.0,-1.0,-1.0,-1.0,0.002518294681889276,0.010447571015814556,0.014862556752292923,0.018956856683000452,2.5182946818892757e-09,1.0447571015814554e-08,1.4862556752292922e-08,1.895685668300045e-08,1.525763034820557e-06,1.62814199924469e-06,1.4638271331787109e-05,1.494957160949707e-05,1.1899372100830079e-05,1.20393705368042e-05,529144,1014048,338016,889280,13520640,24436692.0,23.304645538330078,0.022758442908525467,23.30 MiB,Screening estimate; calibrate with real Merrill.jl runs.,ok,gmsh;pymeshfix_gmsh,gmsh: Exception: Wrong topology of triangulation for parametrization: one edge is incident to 3 triangles
PLAG114,PLAG,data/Nikolaisen2022/Plag Binary meshes/PLAG114-binary.stl,Plag Binary meshes,74613,0.07115650177001953,ascii,0.0016759520223926,0.147374039126146,132,2,02_large,um,1e-06,0.009,9e-09,data/Nikolaisen2022/Plag Binary meshes/PLAG114-binary.stl,74613,242,478,0.11728579397905271,0.0017464170970144454,8.48753547668457,8.671817779541016,4.3238701820373535,4.655922889709473,9.799371719360352,9.879371643066406,0.38809658026248445,4,2,1,False,0.00020474879875109764,0.00021247655013212352,0.0003607450966696244,0.00036078359104281164,34.44953704125263,44.61433184461598,59.16546225162776,59.16703377057601,60.99449031283514,90.0,90.0,90.0,1.0101326346934139,1.3939546678003747,1.4639751938179781,1.4792288492485905,,data/Nikolaisen2022_merrill_msh/PLAG114.msh,503343,0.4800252914428711,pymeshfix_gmsh,,,,675727,0.6444234848022461,3525,14446,8.50801086425781,8.671817779541016,4.323870182037354,4.655922889709473,9.79937171936035,9.879371643066408,4.937609708121962e-12,1.1639162989949958e-07,2.1359637009376842e-07,3.5519968221720504e-07,1.0009030850198286e-05,0.582945885727102,0.8069370166824308,0.9755688901668019,1.0027947198798175,1.2741838269939132,2.076091039697447,255778619.3843529,1.0267021854545961,1.5052429914350998,2.4196361338541195,25932.41710719333,0.006143021769220419,50.426138370000174,66.75825071722599,82.4646139847899,-1.0,-1.0,-1.0,-1.0,4.966822827950943e-06,0.010740085192722234,0.01499787243862335,0.026719023026036307,4.966822827950943e-12,1.0740085192722233e-08,1.4997872438623348e-08,2.6719023026036304e-08,8.50801086425781e-06,8.671817779541015e-06,4.323870182037354e-06,4.655922889709472e-06,9.799371719360349e-06,9.879371643066407e-06,546872,1015200,338400,924544,13536000,24541524.0,23.404621124267578,0.022856075316667557,23.40 MiB,Screening estimate; calibrate with real Merrill.jl runs.,ok,gmsh;pymeshfix_gmsh,gmsh: Exception: Wrong topology of triangulation for parametrization: one edge is incident to 3 triangles
PLAG113,PLAG,data/Nikolaisen2022/Plag Binary meshes/PLAG113-binary.stl,Plag Binary meshes,81693,0.07790851593017578,ascii,0.0028440566446878,0.175784214723851,133,2,02_large,um,1e-06,0.009,9e-09,data/Nikolaisen2022/Plag Binary meshes/PLAG113-binary.stl,81693,254,504,0.1371623252964465,0.0029267704270780357,21.510143280029297,21.776329040527344,8.183987617492676,8.412274360656738,14.879371643066406,15.01937198638916,0.3775841526426489,3,3,1,False,0.00020474879875109764,0.0002915413424890376,0.0003607555002254055,0.0003607779723713267,34.448573760498284,44.61301551601138,59.16546225162776,59.16703377057601,60.99449031283514,90.0,90.0,90.0,1.0101326346934139,1.393955405098647,1.4639931274490585,1.4792453495867504,,data/Nikolaisen2022_merrill_msh/PLAG113.msh,837501,0.7987031936645508,voxel,0.009,4100.0,5307.0,837501,0.7987031936645508,5307,24600,21.510143280029297,21.7674560546875,8.183987617492676,8.412274360656738,14.879371643066406,15.01937198638916,1.1813271913781408e-07,1.1815811856140852e-07,1.1817099683046155e-07,1.1818333844892948e-07,0.4117543314549515,0.56195629507522,0.6818627513782246,0.681901491797503,1.3667488534484138,1.393012519412286,1.615431573999648,1.6154535487209378,1.37946512576165,1.706084938934474,1.9784915353401118,1.9785184487673118,34.2993416561477,53.972853689974954,59.06446830497078,59.069821400017666,-1.0,-1.0,-1.0,-1.0,0.008749961853027344,0.012461609452374177,0.015449102007438233,0.015450205846736734,8.749961853027343e-09,1.2461609452374175e-08,1.5449102007438234e-08,1.5450205846736732e-08,2.1510143280029296e-05,2.17674560546875e-05,8.183987617492676e-06,8.412274360656739e-06,1.4879371643066405e-05,1.5019371986389159e-05,914568,1528416,509472,1574400,20378880,37358604.0,35.6279411315918,0.034792911261320114,35.63 MiB,Screening estimate; calibrate with real Merrill.jl runs.,ok,gmsh;pymeshfix_gmsh;voxel,gmsh: Exception: Wrong topology of triangulation for parametrization: one edge is incident to 3 triangles | pymeshfix_gmsh: Exception: Wrong topology of boundary mesh for parametrization
PLAG112,PLAG,data/Nikolaisen2022/Plag Binary meshes/PLAG112-binary.stl,Plag Binary meshes,81771,0.07798290252685547,ascii,0.0025203248365236,0.16884412960667,134,2,02_large,um,1e-06,0.009,9e-09,data/Nikolaisen2022/Plag Binary meshes/PLAG112-binary.stl,81771,259,514,0.13839643665906165,0.0026162208484687656,3.000020980834961,3.245729923248291,13.35156536102295,13.538344383239746,9.059371948242188,9.219371795654297,0.34764815358928364,0,0,1,True,0.00020474403049774992,0.0002915350214632644,0.0003607526852832725,0.00036076392017657844,34.4493412784001,44.327074682165176,59.16585514036257,59.16605158248057,60.994111733273925,90.0,90.0,90.0,1.0101288842680125,1.394175143026523,1.4792103742711722,1.4792322023815037,,data/Nikolaisen2022_merrill_msh/PLAG112.msh,762825,0.7274866104125977,voxel,0.009,3720.0,4920.0,762825,0.7274866104125977,4920,22320,3.000020980834961,3.245729923248291,13.35156536102295,13.538344383239746,9.059371948242188,9.219371795654297,1.1989777501560106e-07,1.199137728783578e-07,1.199266391630014e-07,1.199266391630014e-07,0.40977859540977274,0.5662183014392822,0.6907303686620031,0.6907488841756929,1.3662994820692458,1.3934472745132687,1.6094888421503217,1.6095053269158752,1.371791200927341,1.7066174030147134,1.9712132049855928,1.97123339461766,34.63832803793577,54.41298791504909,59.60454126394823,59.60454126394823,-1.0,-1.0,-1.0,-1.0,0.00888824462890625,0.012574596998971892,0.015522192057439774,0.015522738517179195,8.88824462890625e-09,1.2574596998971891e-08,1.5522192057439772e-08,1.5522738517179195e-08,3.000020980834961e-06,3.2457299232482907e-06,1.3351565361022949e-05,1.3538344383239746e-05,9.059371948242187e-06,9.219371795654296e-06,832320,1416960,472320,1428480,18892800,34564320.0,32.963104248046875,0.032190531492233276,32.96 MiB,Screening estimate; calibrate with real Merrill.jl runs.,ok,gmsh;pymeshfix_gmsh;voxel,gmsh: Exception: Wrong topology of boundary mesh for parametrization | pymeshfix_gmsh: Exception: Wrong topology of boundary mesh for parametrization
PLAG111,PLAG,data/Nikolaisen2022/Plag Binary meshes/PLAG111-binary.stl,Plag Binary meshes,82665,0.07883548736572266,ascii,0.0022776472183139,0.163241011988103,135,2,02_large,um,1e-06,0.009,9e-09,data/Nikolaisen2022/Plag Binary meshes/PLAG111-binary.stl,82665,257,510,0.12717693520864454,0.0023527335989920843,23.312013626098633,23.455345153808594,12.18937873840332,12.521431922912598,4.01937198638916,4.159371852874756,0.38781852301612424,0,0,1,True,0.0002047536804639094,0.00021247166841931175,0.0003607498715821029,0.00036077235479761076,34.44921098410805,44.32705882826191,59.165109053640805,59.16817326110164,60.9945136934832,90.0,90.0,90.0,1.0101326317160813,1.394175158499121,1.4639883771086337,1.4792344341757253,,data/Nikolaisen2022_merrill_msh/PLAG111.msh,685993,0.6542139053344727,voxel,0.009,3344.0,4432.0,685993,0.6542139053344727,4432,20064,23.312013626098633,23.455345153808594,12.18937873840332,12.521431922912598,4.01937198638916,4.159371852874756,1.1722028960918045e-07,1.1724525134035786e-07,1.1725771098449606e-07,1.1726410105048976e-07,0.41139029960161744,0.5740560135022337,0.6975156256549145,0.6975351113207533,1.366327524657246,1.3928025091821794,1.6136692118425644,1.6136692118425644,1.3772509247279738,1.705827729982211,1.9763330913266886,1.9763330913266888,34.89130238277929,54.07288973800619,59.19192137672261,59.19373792738416,-1.0,-1.0,-1.0,-1.0,0.008749961853027344,0.012522868122660197,0.01540637055959639,0.015407196898223988,8.749961853027343e-09,1.2522868122660198e-08,1.5406370559596388e-08,1.540719689822399e-08,2.3312013626098632e-05,2.345534515380859e-05,1.218937873840332e-05,1.2521431922912596e-05,4.01937198638916e-06,4.159371852874756e-06,748416,1276416,425472,1284096,17018880,31129920.0,29.68780517578125,0.028991997241973877,29.69 MiB,Screening estimate; calibrate with real Merrill.jl runs.,ok,gmsh;pymeshfix_gmsh;voxel,gmsh: Exception: Wrong topology of boundary mesh for parametrization | pymeshfix_gmsh: Exception: Wrong topology of boundary mesh for parametrization
PLAG110,PLAG,data/Nikolaisen2022/Plag Binary meshes/PLAG110-binary.stl,Plag Binary meshes,83313,0.0794534683227539,ascii,0.0010532582406573,0.126234698701416,136,2,02_large,um,1e-06,0.009,9e-09,data/Nikolaisen2022/Plag Binary meshes/PLAG110-binary.stl,83313,261,514,0.13688788466724244,0.0049431370111546365,4.18761682510376,4.494753837585449,13.496838569641113,13.642111778259277,13.419371604919434,13.85937213897705,0.5559117911587974,12,9,1,False,0.00020473426729950006,0.0002915307899452404,0.00036075549565903127,0.0003607723448077223,34.449187774232996,44.327074682165176,59.16585514036257,59.166640435655275,60.993308156917955,90.0,90.0,90.0,1.0101204197226628,1.394175143026523,1.4791971370527432,1.4792348317382653,,data/Nikolaisen2022_merrill_msh/PLAG110.msh,481671,0.45935726165771484,pymeshfix_gmsh,,,,656975,0.6265401840209961,3804,13393,4.18761682510376,4.474277973175049,13.49683856964111,13.64211177825928,13.41937160491943,13.85937213897705,4.599417666535459e-09,8.203376128705737e-08,1.8635668303597502e-07,3.797796697346494e-07,0.06594826542286152,0.5413706357371768,0.7963811474526256,0.9994746909385205,1.0004672004405433,1.3282285441078354,2.16790065185328,36.4370498464262,1.0104197403054975,1.568624374491776,2.534500237017559,8.698585778000018,7.438519576620862,49.091741080262615,67.23763208844022,82.72488522566887,-1.0,-1.0,-1.0,-1.0,0.0031813719084854606,0.00979922472463666,0.014373226332587129,0.02099388895769854,3.1813719084854606e-09,9.799224724636659e-09,1.4373226332587128e-08,2.099388895769854e-08,4.18761682510376e-06,4.474277973175049e-06,1.3496838569641109e-05,1.3642111778259279e-05,1.341937160491943e-05,1.3859372138977051e-05,519872,1095552,365184,857152,14607360,26167680.0,24.9554443359375,0.024370551109313965,24.96 MiB,Screening estimate; calibrate with real Merrill.jl runs.,ok,gmsh;pymeshfix_gmsh,gmsh: Exception: Wrong topology of triangulation for parametrization: one edge is incident to 3 triangles
PLAG109,PLAG,data/Nikolaisen2022/Plag Binary meshes/PLAG109-binary.stl,Plag Binary meshes,84474,0.08056068420410156,ascii,0.0019807147235515,0.155814463694156,137,2,02_large,um,1e-06,0.009,9e-09,data/Nikolaisen2022/Plag Binary meshes/PLAG109-binary.stl,84474,271,531,0.1464656988394315,0.003334553137608303,3.3071579933166504,3.470963954925537,14.534503936767578,14.742036819458008,3.579371929168701,3.839371919631958,0.370813006105915,11,4,1,False,0.00020474891209687485,0.0002915480049650075,0.00036075830270669546,0.0003607611114358296,34.44997850859797,44.32605838085539,59.16709279240999,59.16738739641846,60.99413510547198,90.0,90.0,90.0,1.0101288807874642,1.394176135622527,1.479199970579772,1.4792212878366704,,data/Nikolaisen2022_merrill_msh/PLAG109.msh,747559,0.7129278182983398,pymeshfix_gmsh,,,,1013885,0.9669160842895508,5210,21483,3.30715799331665,3.470963954925537,14.53450393676758,14.74203681945801,3.579371929168701,3.839371919631958,7.1525294006685804e-09,9.39304850862953e-08,1.805753970538595e-07,5.339076071540473e-07,0.08832296288888536,0.5813191694275499,0.8070704433535445,0.9898776241170328,1.0006071594136783,1.2793798811749577,2.074242176110671,19.429506211720827,1.0142929993602663,1.5104479293635846,2.4166942728013665,6.722362107756543,8.833654823867084,49.51073292781649,66.69098585988421,84.34572347024873,-1.0,-1.0,-1.0,-1.0,0.002464727114021326,0.009995391382599151,0.014143349316983168,0.027955037776769005,2.464727114021326e-09,9.995391382599151e-09,1.4143349316983168e-08,2.7955037776769003e-08,3.30715799331665e-06,3.470963954925537e-06,1.453450393676758e-05,1.4742036819458009e-05,3.579371929168701e-06,3.839371919631958e-06,812496,1500480,500160,1374912,20006400,36291672.0,34.610435485839844,0.03379925340414047,34.61 MiB,Screening estimate; calibrate with real Merrill.jl runs.,ok,gmsh;pymeshfix_gmsh,gmsh: Exception: Invalid boundary mesh (overlapping facets) on surface 5 surface 20
PLAG108,PLAG,data/Nikolaisen2022/Plag Binary meshes/PLAG108-binary.stl,Plag Binary meshes,85020,0.08108139038085938,ascii,0.0023940199917798,0.165975142484808,138,2,02_large,um,1e-06,0.009,9e-09,data/Nikolaisen2022/Plag Binary meshes/PLAG108-binary.stl,85020,260,515,0.14320151145539178,0.0028855731910351987,10.76034927368164,10.944631576538086,12.874238967895508,13.081771850585938,12.659371376037598,12.919371604919434,0.38030248955598667,8,8,1,False,0.0002047392622444022,0.0002950559600402421,0.00036076673515312863,0.0003607779723713267,34.448573760498284,44.32640772877653,59.16624802309894,59.16703377057601,60.99373314760741,90.0,90.0,90.0,1.0101251340138813,1.3941757942540631,1.4791918293676452,1.4792453495867504,,data/Nikolaisen2022_merrill_msh/PLAG108.msh,703213,0.6706361770629883,voxel,0.009,3412.0,4639.0,703213,0.6706361770629883,4639,20472,10.76034927368164,10.935417175292969,12.874238967895508,13.054702758789062,12.659371376037598,12.919371604919434,1.2421732914852957e-07,1.2423045855653597e-07,1.2424331752129703e-07,1.2425653348954735e-07,0.41039384738692936,0.5665786057499106,0.6901024847340264,0.6901401865506311,1.3663354315940603,1.3932231982985328,1.611135030857769,1.611135030857769,1.3739343277408296,1.7063429668199153,1.9732293661623823,1.9732293661623823,34.61307820815221,54.28160653869194,59.44387219462641,59.44740950380331,-1.0,-1.0,-1.0,-1.0,0.008965492248535156,0.012719646058793397,0.0157065141316269,0.01570760636647464,8.965492248535156e-09,1.2719646058793396e-08,1.5706514131626902e-08,1.5707606366474642e-08,1.0760349273681641e-05,1.0935417175292969e-05,1.2874238967895508e-05,1.3054702758789063e-05,1.2659371376037597e-05,1.2919371604919432e-05,766440,1336032,445344,1310208,17813760,32507676.0,31.00173568725586,0.0302751325070858,31.00 MiB,Screening estimate; calibrate with real Merrill.jl runs.,ok,gmsh;pymeshfix_gmsh;voxel,gmsh: Exception: Wrong topology of triangulation for parametrization: one edge is incident to 3 triangles | pymeshfix_gmsh: Exception: Wrong topology of boundary mesh for parametrization
PLAG107,PLAG,data/Nikolaisen2022/Plag Binary meshes/PLAG107-binary.stl,Plag Binary meshes,87813,0.08374500274658203,ascii,0.0024260719058647,0.166712570867301,139,2,02_large,um,1e-06,0.009,9e-09,data/Nikolaisen2022/Plag Binary meshes/PLAG107-binary.stl,87813,277,552,0.14469669942675983,0.0025213341637311724,25.19578742980957,25.33911895751953,7.893441200256348,8.183987617492676,9.67937183380127,9.819372177124023,0.35293234979954263,0,1,1,True,0.00020474879875109764,0.0002124816965078935,0.0003607611074756598,0.00036078359104281164,34.448262609097725,44.61301551601138,59.16550169673353,59.16856589390032,60.99373345506567,90.0,90.0,90.0,1.010124648649406,1.393955405098647,1.463983269055799,1.4792506797935838,,data/Nikolaisen2022_merrill_msh/PLAG107.msh,802691,0.7655057907104492,gmsh,,,,1066898,1.0174732208251953,5393,23269,25.195787,25.339119,7.893440999999999,8.183988,9.679371999999999,9.819372000000001,5.7722204727004246e-09,1.0336978383680296e-07,1.9625857265290908e-07,3.2789259701765424e-07,0.03115603678647041,0.5924435312686288,0.813630632365991,0.9724981554622453,1.0016131379659055,1.2683617183353628,2.057155527291005,131.93102491910292,1.0204460318314885,1.4983714135701809,2.413873197031889,16.738062547065898,2.9599922893163684,50.11289251376404,66.72712676850323,82.53208840700178,-1.0,-1.0,-1.0,-1.0,0.0030963630420756593,0.010314853181787854,0.014509301037996485,0.028696499500450133,3.0963630420756593e-09,1.0314853181787853e-08,1.4509301037996485e-08,2.869649950045013e-08,2.5195786999999998e-05,2.5339118999999998e-05,7.893440999999998e-06,8.183987999999999e-06,9.679372e-06,9.819372000000001e-06,874040,1553184,517728,1489216,20709120,37714932.0,35.9677619934082,0.0351247675716877,35.97 MiB,Screening estimate; calibrate with real Merrill.jl runs.,ok,gmsh,
PLAG106,PLAG,data/Nikolaisen2022/Plag Binary meshes/PLAG106-binary.stl,Plag Binary meshes,89475,0.08533000946044922,ascii,0.0026147032048668,0.170925919797537,140,2,02_large,um,1e-06,0.009,9e-09,data/Nikolaisen2022/Plag Binary meshes/PLAG106-binary.stl,89475,275,542,0.15073845313560377,0.0033970730864444805,23.721529006958008,23.926288604736328,12.91574478149414,13.144031524658203,15.199371337890625,15.439372062683105,0.3894119642328804,9,7,1,False,0.00020474879875109764,0.0002950629283111731,0.0003607555002254055,0.0003607779723713267,34.448573760498284,44.32774165145066,59.16546225162776,59.16703377057601,60.99449031283514,90.0,90.0,90.0,1.0101326346934139,1.3941744924291908,1.479202487493161,1.4792453495867504,,data/Nikolaisen2022_merrill_msh/PLAG106.msh,861183,0.8212881088256836,pymeshfix_gmsh,,,,1165339,1.111353874206543,5769,24982,23.72152900695801,23.92628860473633,12.91574478149414,13.1440315246582,15.19937133789062,15.43937206268311,1.2925741871519546e-09,1.0554326483523981e-07,1.9809943162441774e-07,3.499928693533301e-07,0.03501461965265326,0.5913969892162162,0.8176098950133791,0.9862730177056697,1.00069565207678,1.269657511556659,2.0912596499807226,87.37294483788374,1.01413807530653,1.4991555888712114,2.444871407130914,21.53536169580509,2.657094878153307,49.54565927376679,66.32297300851273,84.34827206060123,-1.0,-1.0,-1.0,-1.0,0.002807483563533811,0.010361457716495347,0.014583338004616656,0.024339250308742132,2.807483563533811e-09,1.0361457716495346e-08,1.4583338004616655e-08,2.433925030874213e-08,2.372152900695801e-05,2.3926288604736332e-05,1.291574478149414e-05,1.3144031524658199e-05,1.5199371337890619e-05,1.543937206268311e-05,937880,1661472,553824,1598848,22152960,40357476.0,38.48788833618164,0.03758582845330238,38.49 MiB,Screening estimate; calibrate with real Merrill.jl runs.,ok,gmsh;pymeshfix_gmsh,gmsh: TimeoutError: Mesh conversion exceeded 30 seconds. Increase mesh_timeout_seconds to retry this STL.
PLAG105,PLAG,data/Nikolaisen2022/Plag Binary meshes/PLAG105-binary.stl,Plag Binary meshes,90525,0.08633136749267578,ascii,0.0019673337018044,0.15546279442297,141,2,02_large,um,1e-06,0.009,9e-09,data/Nikolaisen2022/Plag Binary meshes/PLAG105-binary.stl,90525,292,580,0.14729395189952035,0.002137445205005453,4.371899127960205,4.494753837585449,8.453781127929688,8.951860427856445,5.319372177124023,5.479372024536133,0.5373790281212419,0,0,1,True,0.00020474891209687485,0.00021247180075079086,0.0003607501567353406,0.0003607723502156211,34.450132014376,43.94155801478111,59.165462484063276,59.16738751254068,60.99413510547198,90.0,90.0,90.0,1.0101288807874642,1.3946593163528025,1.4639597311099266,1.4792186586952911,,data/Nikolaisen2022_merrill_msh/PLAG105.msh,647515,0.617518424987793,gmsh,,,,853646,0.8141002655029297,4565,18555,4.371899,4.494754,8.453781,8.95186,5.319372,5.479372000000001,8.421159269166668e-09,1.0875846025118725e-07,2.0964504039166505e-07,3.750935982667665e-07,0.04485262632948485,0.5783628019450052,0.8103451253913772,0.9835253313902542,1.0008403592394743,1.2795692338618776,2.083039211681846,70.9774189145411,1.0123070162368426,1.5094279370142358,2.441679705633186,13.284621739152206,10.76694385061344,50.04584508917113,67.01744133520802,83.97859075649363,-1.0,-1.0,-1.0,-1.0,0.0030872285142520372,0.010588565036365499,0.014878571217983283,0.02571925200863918,3.0872285142520372e-09,1.0588565036365498e-08,1.4878571217983281e-08,2.571925200863918e-08,4.371899e-06,4.4947540000000006e-06,8.453780999999998e-06,8.951859999999999e-06,5.319372e-06,5.4793720000000005e-06,703320,1314720,438240,1187520,17529600,31760100.0,30.28879165649414,0.02957889810204506,30.29 MiB,Screening estimate; calibrate with real Merrill.jl runs.,ok,gmsh,
PLAG104,PLAG,data/Nikolaisen2022/Plag Binary meshes/PLAG104-binary.stl,Plag Binary meshes,93519,0.0891866683959961,ascii,0.0031322321395412,0.181531406708366,142,2,02_large,um,1e-06,0.009,9e-09,data/Nikolaisen2022/Plag Binary meshes/PLAG104-binary.stl,93519,291,577,0.14513382834379016,0.005489037709564415,14.548372268676758,14.875984191894531,4.635169982910156,4.821949005126953,13.699371337890625,13.799371719360352,0.39014875582116343,2,1,1,False,0.0002047392622444022,0.00021247655013212352,0.00036074987262030316,0.00036078359104281164,34.44949060751884,44.613691543728315,59.16546225162776,59.16703377057601,60.99373314760741,90.0,90.0,90.0,1.0101251340138813,1.3939550261300195,1.4640078307395101,1.4792296445839697,,data/Nikolaisen2022_merrill_msh/PLAG104.msh,902713,0.8608942031860352,voxel,0.009,4437.0,5614.0,902713,0.8608942031860352,5614,26622,14.548372268676758,14.875984191894531,4.635169982910156,4.821949005126953,13.699371337890625,13.799371719360352,1.2262185077281199e-07,1.2264127640434358e-07,1.2265414267337467e-07,1.2265414267337467e-07,0.4067268791971047,0.5684416328279511,0.698655345927551,0.698655345927551,1.3662799801602004,1.394695351190391,1.6020775578752129,1.6020849034842506,1.3763310845808863,1.7081459785241224,1.9621362725792284,1.9621452690762247,34.93563495423428,54.129130765269366,60.34812320614034,60.3490166961997,-1.0,-1.0,-1.0,-1.0,0.008893966674804688,0.012717976502720788,0.01563884726557309,0.01563940221051643,8.893966674804687e-09,1.2717976502720787e-08,1.5638847265573088e-08,1.563940221051643e-08,1.4548372268676757e-05,1.487598419189453e-05,4.635169982910156e-06,4.821949005126953e-06,1.3699371337890625e-05,1.3799371719360352e-05,986640,1616832,538944,1703808,21557760,39605976.0,37.771202087402344,0.03688593953847885,37.77 MiB,Screening estimate; calibrate with real Merrill.jl runs.,ok,gmsh;pymeshfix_gmsh;voxel,gmsh: Exception: Wrong topology of boundary mesh for parametrization | pymeshfix_gmsh: Exception: Wrong topology of boundary mesh for parametrization
PLAG103,PLAG,data/Nikolaisen2022/Plag Binary meshes/PLAG103-binary.stl,Plag Binary meshes,97389,0.09287738800048828,ascii,0.0034840400187409,0.188088180028302,143,2,02_large,um,1e-06,0.009,9e-09,data/Nikolaisen2022/Plag Binary meshes/PLAG103-binary.stl,97389,314,624,0.16011670576207582,0.0035850545507084526,0.05150600150227547,0.25626298785209656,4.386128902435303,4.655922889709473,5.4393720626831055,5.579370975494385,0.36648862822289036,0,1,1,True,0.000204739893920447,0.00021247800818002816,0.0003607569853370527,0.00036077401454498844,34.44907277492312,44.61321208378941,59.16557206382337,59.1663644267655,60.993390664007194,90.0,90.0,90.0,1.010121487384275,1.393955294838046,1.463986348071067,1.479236801580275,,data/Nikolaisen2022_merrill_msh/PLAG103.msh,988779,0.9429731369018555,pymeshfix_gmsh,,,,1341522,1.2793750762939453,6344,28964,0.05150600150227547,0.2562629878520966,4.386128902435303,4.655922889709473,5.439372062683105,5.579370975494386,7.743505245731574e-09,1.20995299644249e-07,2.1328973523714034e-07,3.944040046364412e-07,0.11994106688852164,0.610831773867305,0.8225069961021423,0.987671786143375,1.00024989704085,1.2494755487406217,2.02524648653822,4.223882655711763,1.0121484348559713,1.4743723655185335,2.3808543526395423,4.441811484221056,12.553712816705826,50.10702088996334,66.58763992508378,84.13864929438733,-1.0,-1.0,-1.0,-1.0,0.003096485991684164,0.010770097297309695,0.014958035205437484,0.01836731223275527,3.0964859916841638e-09,1.0770097297309695e-08,1.4958035205437484e-08,1.836731223275527e-08,5.1506001502275465e-08,2.562629878520966e-07,4.386128902435302e-06,4.655922889709472e-06,5.439372062683105e-06,5.579370975494386e-06,1079104,1827072,609024,1853696,24360960,44594784.0,42.528900146484375,0.04153212904930115,42.53 MiB,Screening estimate; calibrate with real Merrill.jl runs.,ok,gmsh;pymeshfix_gmsh,gmsh: TimeoutError: Mesh conversion exceeded 30 seconds. Increase mesh_timeout_seconds to retry this STL.
PLAG102,PLAG,data/Nikolaisen2022/Plag Binary meshes/PLAG102-binary.stl,Plag Binary meshes,102759,0.09799861907958984,ascii,0.0024856333916562,0.168065853009435,144,2,02_large,um,1e-06,0.009,9e-09,data/Nikolaisen2022/Plag Binary meshes/PLAG102-binary.stl,102759,326,646,0.16005210993064573,0.0026350131599492095,21.448715209960938,21.571571350097656,4.614416122436523,5.133248805999756,5.199371814727783,5.359372138977051,0.5566696403277164,5,3,1,False,0.0002047536804639094,0.00021247166841931175,0.0003607611151184425,0.00036078359104281164,34.44983329645115,44.32705882826191,59.16506958921053,59.16703377057601,60.99449031283514,90.0,90.0,90.0,1.0101326346934139,1.394175158499121,1.4639785188313361,1.479223774973854,,data/Nikolaisen2022_merrill_msh/PLAG102.msh,754419,0.7194700241088867,pymeshfix_gmsh,,,,1022307,0.9749479293823242,5204,21734,21.44871520996094,21.57157135009766,4.635169982910156,5.133248805999756,5.199371814727782,5.359372138977052,7.95686422058843e-09,1.1550464143599154e-07,2.1597132997982336e-07,3.761541384498046e-07,0.07894578123930313,0.5860281830377724,0.8114932993120638,0.9813996534233451,1.001052027121063,1.2699543994482143,2.0725556033381847,7.3428816617061505,1.0223440136744946,1.5013004163501378,2.4263538758980605,5.656739331735128,10.50246790803947,50.29346926661347,66.75049990954557,82.88578732997284,-1.0,-1.0,-1.0,-1.0,0.0024772133087427517,0.010746190474632836,0.015031532931318472,0.021987944175591946,2.4772133087427517e-09,1.0746190474632836e-08,1.503153293131847e-08,2.1987944175591945e-08,2.144871520996094e-05,2.157157135009766e-05,4.635169982910156e-06,5.133248805999756e-06,5.199371814727782e-06,5.359372138977051e-06,820384,1498752,499584,1390976,19983360,36289584.0,34.60844421386719,0.033797308802604675,34.61 MiB,Screening estimate; calibrate with real Merrill.jl runs.,ok,gmsh;pymeshfix_gmsh,gmsh: ValueError: zero-size array to reduction operation maximum which has no identity
PLAG101,PLAG,data/Nikolaisen2022/Plag Binary meshes/PLAG101-binary.stl,Plag Binary meshes,109275,0.10421276092529297,ascii,0.0020431594624265,0.157434972878988,145,2,02_large,um,1e-06,0.009,9e-09,data/Nikolaisen2022/Plag Binary meshes/PLAG101-binary.stl,109275,334,662,0.1745640079535014,0.0005571814400538075,21.61252212524414,22.001562118530273,14.03642463684082,14.160944938659668,13.919371604919434,14.159371376037598,0.4737692603767179,9,7,1,False,0.0002047390353254741,0.0002915274410326915,0.00036075548898968916,0.0003607779723713267,34.44919606749968,44.32637598917555,59.16546225162776,59.16703377057601,60.99292988461106,90.0,90.0,90.0,1.0101166691413204,1.3941758252613832,1.4640026286372831,1.4792346896825652,,data/Nikolaisen2022_merrill_msh/PLAG101.msh,635873,0.6064157485961914,voxel,0.009,3035.0,4496.0,635873,0.6064157485961914,4496,18210,21.62156867980957,22.001562118530273,14.03642463684082,14.152050971984863,13.919371604919434,14.159371376037598,1.1919099728030513e-07,1.1921612715533789e-07,1.1924170315730231e-07,1.1924170315730231e-07,0.4094217309951109,0.5690800921654506,0.6948898960662532,0.6949277822739023,1.366177320037405,1.393489325849387,1.60840330464092,1.6084200861031313,1.3703097501853885,1.7066689051729595,1.9698836984882502,1.9699042514980276,34.791952059311036,54.49018639809626,59.701668771018674,59.701668771018674,-1.0,-1.0,-1.0,-1.0,0.00888824462890625,0.012574596998971892,0.015491229738340877,0.015492324470571377,8.88824462890625e-09,1.2574596998971891e-08,1.5491229738340875e-08,1.5492324470571375e-08,2.162156867980957e-05,2.2001562118530273e-05,1.4036424636840819e-05,1.4152050971984862e-05,1.3919371604919433e-05,1.4159371376037596e-05,690624,1294848,431616,1165440,17264640,31270752.0,29.822113037109375,0.029123157262802124,29.82 MiB,Screening estimate; calibrate with real Merrill.jl runs.,ok,gmsh;pymeshfix_gmsh;voxel,gmsh: Exception: Wrong topology of triangulation for parametrization: one edge is incident to 3 triangles | pymeshfix_gmsh: Exception: Wrong topology of boundary mesh for parametrization
PLAG100,PLAG,data/Nikolaisen2022/Plag Binary meshes/PLAG100-binary.stl,Plag Binary meshes,110232,0.10512542724609375,ascii,0.0048422886503845,0.209902374085807,146,2,02_large,um,1e-06,0.009,9e-09,data/Nikolaisen2022/Plag Binary meshes/PLAG100-binary.stl,110232,350,693,0.18935402758974582,0.004704497104136499,21.96061134338379,22.20631980895996,9.740487098693848,9.989526748657227,2.9993720054626465,3.1993720531463623,0.4029806650239782,6,3,1,False,0.0002047536804639094,0.00029153439176086456,0.00036076111766603677,0.00036077516357866106,34.44983329645115,44.61301551601138,59.165109053640805,59.16683745232384,60.99488042713304,90.0,90.0,90.0,1.0101366262149762,1.393955405098647,1.4792027417111042,1.479223774973854,,data/Nikolaisen2022_merrill_msh/PLAG100.msh,1377957,1.314122200012207,voxel,0.009,6794.0,8445.0,1377957,1.314122200012207,8445,40764,21.96061134338379,22.197219848632812,9.740487098693848,9.989526748657227,2.9993720054626465,3.1993720531463623,1.226282828883582e-07,1.226282828883582e-07,1.22667137567381e-07,1.226703546441596e-07,0.40673059586454097,0.5684464806556572,0.6986561600615521,0.6986653305092996,1.366279316051187,1.3946962776155551,1.602079596724922,1.6020942815080486,1.3763182120521147,1.7081471131585901,1.9621387696499533,1.9621567547627756,34.93350652860395,54.128416518716456,60.347287978251735,60.348152352510326,-1.0,-1.0,-1.0,-1.0,0.008893966674804688,0.012717983868509452,0.01563843747218078,0.01564008978899214,8.893966674804687e-09,1.2717983868509452e-08,1.5638437472180777e-08,1.5640089788992137e-08,2.1960611343383787e-05,2.2197219848632813e-05,9.740487098693847e-06,9.989526748657225e-06,2.9993720054626464e-06,3.199372053146362e-06,1507128,2432160,810720,2608896,32428800,59681556.0,56.91676712036133,0.05558278039097786,56.92 MiB,Screening estimate; calibrate with real Merrill.jl runs.,ok,gmsh;pymeshfix_gmsh;voxel,gmsh: Exception: Wrong topology of boundary mesh for parametrization | pymeshfix_gmsh: Exception: Wrong topology of boundary mesh for parametrization
PLAG099,PLAG,data/Nikolaisen2022/Plag Binary meshes/PLAG099-binary.stl,Plag Binary meshes,112797,0.10757160186767578,ascii,0.0021946723424992,0.161234146422036,147,2,02_large,um,1e-06,0.009,9e-09,data/Nikolaisen2022/Plag Binary meshes/PLAG099-binary.stl,112797,350,696,0.16889548387462558,0.002324388111178304,18.131635665893555,18.23401641845703,14.804298400878906,15.260869979858398,3.779371976852417,3.9993720054626465,0.5170487770179834,2,2,1,False,0.0002047536804639094,0.00020754088086505362,0.0003607498715821029,0.00036077235479761076,34.45043902681189,43.94058374018463,59.16353748792633,59.16679806933928,60.99412357282599,90.0,90.0,90.0,1.0101286401560348,1.3946608135901017,1.4558173178631857,1.4792134005389648,,data/Nikolaisen2022_merrill_msh/PLAG099.msh,693379,0.6612577438354492,pymeshfix_gmsh,,,,941387,0.8977766036987305,4924,19834,18.13163566589355,18.23401641845703,14.82505035400391,15.2608699798584,3.779371976852417,3.999372005462647,4.569308092528166e-09,1.1200559227041022e-07,2.0805154677184812e-07,4.09533910087823e-07,0.03575898633599203,0.5764456506487916,0.8037702662061817,0.9765521039437546,1.0033708621156343,1.2812588735980115,2.08933356289771,47.62796673901151,1.035923600797764,1.5157119261257723,2.444982847105268,12.1878083121305,5.1658523580846305,50.08767581614323,67.03504536305117,82.86556038032602,-1.0,-1.0,-1.0,-1.0,0.0028076493230529942,0.010650973747476766,0.014980801063461804,0.030198050941853034,2.807649323052994e-09,1.0650973747476765e-08,1.4980801063461803e-08,3.019805094185303e-08,1.813163566589355e-05,1.823401641845703e-05,1.482505035400391e-05,1.52608699798584e-05,3.779371976852417e-06,3.999372005462647e-06,752864,1418112,472704,1269376,18908160,34231824.0,32.64601135253906,0.03188087046146393,32.65 MiB,Screening estimate; calibrate with real Merrill.jl runs.,ok,gmsh;pymeshfix_gmsh,gmsh: Exception: Wrong topology of triangulation for parametrization: one edge is incident to 3 triangles
PLAG098,PLAG,data/Nikolaisen2022/Plag Binary meshes/PLAG098-binary.stl,Plag Binary meshes,113931,0.10865306854248047,ascii,0.0018207092799839,0.151500475000783,148,2,02_large,um,1e-06,0.009,9e-09,data/Nikolaisen2022/Plag Binary meshes/PLAG098-binary.stl,113931,354,703,0.17191061301481247,0.004268913382148677,10.637495040893555,10.76034927368164,3.016411066055298,3.639009952545166,12.459371566772461,12.599371910095215,0.6498635488338009,7,6,1,False,0.00020476787176448852,0.00021247410927571764,0.00036075548692376,0.00036079201703199644,34.44837170511388,44.614002756717504,59.16546225162776,59.167819029164136,60.99292988461106,90.0,90.0,90.0,1.0101166691413201,1.3939548518925715,1.463976591692866,1.47924881089248,,data/Nikolaisen2022_merrill_msh/PLAG098.msh,596723,0.5690793991088867,pymeshfix_gmsh,,,,812138,0.7745151519775391,4452,16854,10.63749504089355,10.76034927368164,3.037163019180298,3.639009952545166,12.45937156677246,12.59937191009522,3.89779165069631e-09,1.0810552402318198e-07,2.1084502356492818e-07,3.829383616036074e-07,0.022003883429067773,0.5652832730458172,0.7976101658471966,0.9698679435277721,1.0030673885161523,1.2929450292664235,2.106267758514538,370.0981488429832,1.0287057202849434,1.5311355437992207,2.452148499852081,29.23285186435072,3.3474666857787048,50.425749014053864,67.33352323954361,84.12064161449177,-1.0,-1.0,-1.0,-1.0,0.0027506910527229553,0.010634605132574085,0.01504861728574302,0.02644467948237561,2.7506910527229554e-09,1.0634605132574085e-08,1.504861728574302e-08,2.644467948237561e-08,1.0637495040893549e-05,1.0760349273681641e-05,3.037163019180298e-06,3.639009952545166e-06,1.245937156677246e-05,1.259937191009522e-05,646176,1282176,427392,1078656,17095680,30795120.0,29.368515014648438,0.028680190443992615,29.37 MiB,Screening estimate; calibrate with real Merrill.jl runs.,ok,gmsh;pymeshfix_gmsh,gmsh: Exception: PLC Error:  A segment and a facet intersect at point
PLAG097,PLAG,data/Nikolaisen2022/Plag Binary meshes/PLAG097-binary.stl,Plag Binary meshes,116037,0.11066150665283203,ascii,0.005000313566544,0.212161318516755,149,2,02_large,um,1e-06,0.009,9e-09,data/Nikolaisen2022/Plag Binary meshes/PLAG097-binary.stl,116037,359,716,0.19490050015891727,0.005103520638339432,4.719987869262695,4.924746036529541,14.098684310913086,14.347724914550781,10.11937141418457,10.339371681213379,0.3903168543830157,0,1,1,True,0.00020474403049774992,0.000291530880880581,0.0003607611097701182,0.0003607667305938688,34.449187774232996,44.327074682165176,59.16585514036257,59.16624802309894,60.994111733273925,90.0,90.0,90.0,1.0101288842680125,1.394175143026523,1.4792144808218868,1.4792348317382653,,data/Nikolaisen2022_merrill_msh/PLAG097.msh,1425697,1.3596506118774414,voxel,0.009,7036.0,8698.0,1425697,1.3596506118774414,8698,42216,4.719987869262695,4.924746036529541,14.098684310913086,14.347724914550781,10.11937141418457,10.339371681213379,1.2094949466403757e-07,1.2096855845147858e-07,1.2098152956004082e-07,1.2098152956004082e-07,0.4039608555599456,0.5795594071803946,0.6861328590085269,0.6862063633288178,1.3664731555505085,1.3960163793405598,1.5960806575144675,1.5961102499914535,1.373529607838406,1.7097639009760055,1.954791599618159,1.95482784285258,35.639595507087634,54.31938005331422,60.97819725810352,60.97907348953484,-1.0,-1.0,-1.0,-1.0,0.008893966674804688,0.012584038904530642,0.015568774692077066,0.015569319516836037,8.893966674804687e-09,1.2584038904530641e-08,1.5568774692077067e-08,1.5569319516836037e-08,4.719987869262695e-06,4.924746036529541e-06,1.4098684310913085e-05,1.4347724914550781e-05,1.011937141418457e-05,1.0339371681213378e-05,1559664,2505024,835008,2701824,33400320,61502760.0,58.653602600097656,0.05727890878915787,58.65 MiB,Screening estimate; calibrate with real Merrill.jl runs.,ok,gmsh;pymeshfix_gmsh;voxel,gmsh: Exception: Wrong topology of boundary mesh for parametrization | pymeshfix_gmsh: Exception: Wrong topology of boundary mesh for parametrization
PLAG096,PLAG,data/Nikolaisen2022/Plag Binary meshes/PLAG096-binary.stl,Plag Binary meshes,119277,0.11375141143798828,ascii,0.0052997481540863,0.216314452480651,150,2,02_large,um,1e-06,0.009,9e-09,data/Nikolaisen2022/Plag Binary meshes/PLAG096-binary.stl,119277,370,736,0.20280147552832223,0.005392505707140553,8.917526245117188,9.122285842895508,10.964933395385742,11.213973045349121,10.339371681213379,10.61937141418457,0.427021182847128,0,0,1,True,0.0002047390353254741,0.00029505589817333677,0.0003607667239442284,0.0003607892076581378,34.44852729518899,43.94426341205642,59.166209076944696,59.16856589390032,60.992173012993774,90.0,90.0,90.0,1.0101086831570603,1.3946551663299873,1.4640026286372831,1.4792461455525676,,data/Nikolaisen2022_merrill_msh/PLAG096.msh,1533497,1.4624567031860352,voxel,0.009,7567.0,9362.0,1533497,1.4624567031860352,9362,45402,8.917526245117188,9.122285842895508,10.964933395385742,11.213973045349121,10.339371681213379,10.61937141418457,1.1919405088368223e-07,1.1919405088368223e-07,1.1920683171693161e-07,1.1921960159713696e-07,0.4061537486830294,0.5783125385123324,0.6965769786872994,0.696614825255115,1.3661383614998823,1.3948143282982515,1.6004449342432225,1.6004614253032157,1.3698314771068467,1.7082916951267877,1.960136725159034,1.9601569225001862,35.442385811336734,54.51534454169541,60.49315777861597,60.49315777861597,-1.0,-1.0,-1.0,-1.0,0.008893966674804688,0.012584038904530642,0.01548998274014903,0.015491078441166187,8.893966674804687e-09,1.2584038904530641e-08,1.548998274014903e-08,1.5491078441166186e-08,8.917526245117188e-06,9.122285842895508e-06,1.0964933395385741e-05,1.121397304534912e-05,1.0339371681213378e-05,1.061937141418457e-05,1677552,2696256,898752,2905728,35950080,66192552.0,63.126136779785156,0.06164661794900894,63.13 MiB,Screening estimate; calibrate with real Merrill.jl runs.,ok,gmsh;pymeshfix_gmsh;voxel,gmsh: Exception: Wrong topology of boundary mesh for parametrization | pymeshfix_gmsh: Exception: Wrong topology of boundary mesh for parametrization
PLAG095,PLAG,data/Nikolaisen2022/Plag Binary meshes/PLAG095-binary.stl,Plag Binary meshes,119613,0.11407184600830078,ascii,0.0029636122921132,0.178213632196575,151,2,02_large,um,1e-06,0.009,9e-09,data/Nikolaisen2022/Plag Binary meshes/PLAG095-binary.stl,119613,378,752,0.1835946981769275,0.00043249058649199386,8.303253173828125,8.426107406616211,8.88960075378418,9.40843391418457,13.779372215270996,13.959371566772461,0.5627439714345721,2,2,1,False,0.00020474879875109764,0.00021246190499368822,0.00036075548898968916,0.0003607779744816612,34.44922588591055,44.32637598917555,59.16546225162776,59.16778062253444,60.99373345506567,90.0,90.0,90.0,1.010124648649406,1.3941758252613832,1.4639639113083969,1.4792341789229402,,data/Nikolaisen2022_merrill_msh/PLAG095.msh,960561,0.9160623550415039,voxel,0.009,4684.0,6198.0,960561,0.9160623550415039,6198,28104,8.303253173828125,8.426107406616211,8.88960075378418,9.40843391418457,13.779372215270996,13.959371566772461,1.1772658097550584e-07,1.1775192946284856e-07,1.177644071495565e-07,1.177644071495565e-07,0.405979900847029,0.570527867267071,0.6960181420512574,0.6960181420512574,1.3662900066175532,1.3950097763289946,1.600372801926892,1.600372801926892,1.376263259188955,1.7085310691000632,1.960048381474548,1.960048381474548,35.08187910508932,54.91661955037848,60.520890844628646,60.52443252848485,-1.0,-1.0,-1.0,-1.0,0.008774757385253906,0.012531338724962099,0.015428262757069917,0.01542881908681564,8.774757385253905e-09,1.2531338724962098e-08,1.5428262757069917e-08,1.542881908681564e-08,8.303253173828124e-06,8.426107406616211e-06,8.88960075378418e-06,9.40843391418457e-06,1.3779372215270995e-05,1.395937156677246e-05,1048080,1785024,595008,1798656,23800320,43540632.0,41.523582458496094,0.04055037349462509,41.52 MiB,Screening estimate; calibrate with real Merrill.jl runs.,ok,gmsh;pymeshfix_gmsh;voxel,gmsh: Exception: Wrong topology of triangulation for parametrization: one edge is incident to 3 triangles | pymeshfix_gmsh: Exception: Wrong topology of boundary mesh for parametrization
PLAG094,PLAG,data/Nikolaisen2022/Plag Binary meshes/PLAG094-binary.stl,Plag Binary meshes,122640,0.1169586181640625,ascii,0.0028597206552835,0.176106342174913,152,2,02_large,um,1e-06,0.009,9e-09,data/Nikolaisen2022/Plag Binary meshes/PLAG094-binary.stl,122640,379,743,0.20524112686190524,0.0033676641696410415,25.154836654663086,25.461973190307617,11.940339088439941,12.147871971130371,14.739372253417969,15.139371871948242,0.5453461687312824,14,3,1,False,0.0002047390353254741,0.0002915413424890376,0.0003607555021422634,0.0003607779723713267,34.448573760498284,44.32774165145066,59.16550169673353,59.16703377057601,60.99292988461106,90.0,90.0,90.0,1.0101166691413201,1.3941744924291908,1.4792136550338595,1.4792453495867504,,data/Nikolaisen2022_merrill_msh/PLAG094.msh,854049,0.8144845962524414,voxel,0.009,4105.0,5868.0,854049,0.8144845962524414,5868,24630,25.154836654663086,25.461973190307617,11.940339088439941,12.120802879333496,14.739372253417969,15.139371871948242,1.2348430885230263e-07,1.2349736078220985e-07,1.235234370830507e-07,1.2353639589936238e-07,0.40728218794008675,0.5775083710397874,0.7022682875802531,0.7023428854996226,1.3660492170909726,1.3942625575135905,1.6029591365490239,1.6029929562877672,1.3679688737864477,1.7076159166880895,1.9632159815387071,1.9632574020902842,35.327917712267414,54.61913596061291,60.23130359084422,60.23130359084422,-1.0,-1.0,-1.0,-1.0,0.009022712707519531,0.012768136656074208,0.01567358426629636,0.015675232588200215,9.02271270751953e-09,1.2768136656074208e-08,1.567358426629636e-08,1.5675232588200213e-08,2.5154836654663085e-05,2.5461973190307616e-05,1.1940339088439941e-05,1.2120802879333496e-05,1.4739372253417968e-05,1.5139371871948242e-05,928992,1689984,563328,1576320,22533120,40937616.0,39.04115295410156,0.03812612593173981,39.04 MiB,Screening estimate; calibrate with real Merrill.jl runs.,ok,gmsh;pymeshfix_gmsh;voxel,gmsh: Exception: Wrong topology of boundary mesh for parametrization | pymeshfix_gmsh: Exception: Wrong topology of boundary mesh for parametrization
PLAG093,PLAG,data/Nikolaisen2022/Plag Binary meshes/PLAG093-binary.stl,Plag Binary meshes,122661,0.11697864532470703,ascii,0.0022718087677871,0.163101410313897,153,2,02_large,um,1e-06,0.009,9e-09,data/Nikolaisen2022/Plag Binary meshes/PLAG093-binary.stl,122661,395,786,0.1958106507829322,0.008518145523920433,8.037067413330078,8.159921646118164,7.7689208984375,8.516040802001953,8.819372177124023,8.999371528625488,0.7782551505496477,7,7,1,False,0.00020474879875109764,0.00021247180075079086,0.00036075549565903127,0.00036078359104281164,34.44919606749968,44.61301551601138,59.16546225162776,59.16703377057601,60.99373314760741,90.0,90.0,90.0,1.010124648649406,1.393955405098647,1.4639643567830258,1.4792346896825654,,data/Nikolaisen2022_merrill_msh/PLAG093.msh,763049,0.7277002334594727,voxel,0.009,3658.0,5300.0,763049,0.7277002334594727,5300,21948,8.037067413330078,8.151145935058594,7.7779221534729,8.516040802001953,8.819372177124023,8.999371528625488,1.1846715761241328e-07,1.184863098331659e-07,1.1850514275955903e-07,1.1850514275955903e-07,0.40639772808516,0.5675445861326825,0.6980237547093402,0.6980981915259761,1.3663511623689166,1.3948904621483267,1.601456157759695,1.6014561577596955,1.377714713469565,1.7083849396692063,1.9613752159746647,1.9613752159746651,34.9130875717753,55.078436935191455,60.41887315679212,60.42236274559505,-1.0,-1.0,-1.0,-1.0,0.008774757385253906,0.01256953494094049,0.015460677160940963,0.015461509935334706,8.774757385253905e-09,1.256953494094049e-08,1.5460677160940963e-08,1.5461509935334705e-08,8.037067413330079e-06,8.151145935058594e-06,7.7779221534729e-06,8.516040802001952e-06,8.819372177124023e-06,8.999371528625488e-06,829536,1526400,508800,1404672,20352000,36932112.0,35.22120666503906,0.03439570963382721,35.22 MiB,Screening estimate; calibrate with real Merrill.jl runs.,ok,gmsh;pymeshfix_gmsh;voxel,gmsh: Exception: Wrong topology of boundary mesh for parametrization | pymeshfix_gmsh: Exception: Wrong topology of boundary mesh for parametrization
PLAG092,PLAG,data/Nikolaisen2022/Plag Binary meshes/PLAG092-binary.stl,Plag Binary meshes,124137,0.11838626861572266,ascii,0.0042067947737602,0.200286142033488,154,2,02_large,um,1e-06,0.009,9e-09,data/Nikolaisen2022/Plag Binary meshes/PLAG092-binary.stl,124137,385,766,0.1959090172212205,3.265042326106455e-05,13.626960754394531,13.790767669677734,5.361536026000977,5.776601791381836,13.399372100830078,13.5393705368042,0.46766639515898206,3,3,1,False,0.0002047390353254741,0.00021247166841931175,0.0003607611074756598,0.00036078359104281164,34.446988138051914,44.61301551601138,59.16546318418245,59.16703377057601,60.99449031283514,90.0,90.0,90.0,1.0101326346934139,1.393955405098647,1.4639737687760097,1.4792725142563485,,data/Nikolaisen2022_merrill_msh/PLAG092.msh,1238657,1.1812753677368164,voxel,0.009,6089.0,7700.0,1238657,1.1812753677368164,7700,36534,13.626960754394531,13.790767669677734,5.361536026000977,5.776601791381836,13.399372100830078,13.5393705368042,1.1972482206849822e-07,1.1974420048909673e-07,1.197567496612293e-07,1.197567496612293e-07,0.4126610168049614,0.5699654304884179,0.6901664726892855,0.6901664726892855,1.3666764992473346,1.392582421640911,1.6176348792111401,1.6176764358185671,1.3823306677874703,1.7055581788947847,1.9811900220979954,1.9812409183398154,34.61158770842824,53.78582623921296,58.83659747816409,58.83748490836513,-1.0,-1.0,-1.0,-1.0,0.008749008178710938,0.012569000834935739,0.015517379287247276,0.015517938576069765,8.749008178710937e-09,1.2569000834935738e-08,1.5517379287247276e-08,1.5517938576069765e-08,1.362696075439453e-05,1.3790767669677734e-05,5.361536026000976e-06,5.776601791381836e-06,1.3399372100830078e-05,1.3539370536804199e-05,1353888,2217600,739200,2338176,29568000,54325296.0,51.80863952636719,0.05059437453746796,51.81 MiB,Screening estimate; calibrate with real Merrill.jl runs.,ok,gmsh;pymeshfix_gmsh;voxel,gmsh: Exception: Wrong topology of boundary mesh for parametrization | pymeshfix_gmsh: Exception: Wrong topology of boundary mesh for parametrization
PLAG090,PLAG,data/Nikolaisen2022/Plag Binary meshes/PLAG090-binary.stl,Plag Binary meshes,130725,0.12466907501220703,ascii,0.0018668248755299,0.152768911998327,155,2,02_large,um,1e-06,0.009,9e-09,data/Nikolaisen2022/Plag Binary meshes/PLAG090-binary.stl,130725,399,792,0.19821096078271633,0.005809764773985632,21.6739501953125,21.776329040527344,14.119438171386719,15.094844818115234,12.51937198638916,12.779372215270996,1.0146426333681724,6,4,1,False,0.00020474879875109764,0.00021247166841931175,0.00036075548898968916,0.0003607779723713267,34.4504705156794,43.943605604587056,59.16550169673353,59.16856589390032,60.99292988461106,90.0,90.0,90.0,1.0101166691413204,1.394656174175202,1.4558396874053077,1.4792128612444826,,data/Nikolaisen2022_merrill_msh/PLAG090.msh,708891,0.676051139831543,pymeshfix_gmsh,,,,973006,0.9279308319091797,5434,19878,21.69442558288574,21.77632904052734,14.11943817138672,15.09484481811523,12.51937198638916,12.779372215271,5.1803812398912125e-09,9.222035629738258e-08,1.9191302486285464e-07,3.593396250925773e-07,0.08916566601106454,0.5543916715692151,0.7916769392427443,0.9551255791878018,1.0053433774100942,1.3096232058075954,2.1336532511325688,21.889868370145262,1.0291602071001833,1.5475554265050446,2.484371882352276,7.364679346272486,8.357584136674626,49.54754991407252,67.20310132474745,83.02428961217004,-1.0,-1.0,-1.0,-1.0,0.002490603184054919,0.010108253654026884,0.014619537588745148,0.022792337397428176,2.490603184054919e-09,1.0108253654026883e-08,1.4619537588745148e-08,2.2792337397428175e-08,2.1694425582885738e-05,2.1776329040527338e-05,1.411943817138672e-05,1.509484481811523e-05,1.2519371986389159e-05,1.2779372215271e-05,766512,1564992,521664,1272192,20866560,37487880.0,35.75122833251953,0.034913308918476105,35.75 MiB,Screening estimate; calibrate with real Merrill.jl runs.,ok,gmsh;pymeshfix_gmsh,gmsh: Exception: Invalid boundary mesh (overlapping facets) on surface 2 surface 4
PLAG091,PLAG,data/Nikolaisen2022/Plag Binary meshes/PLAG091-binary.stl,Plag Binary meshes,130725,0.12466907501220703,ascii,0.0048559806676706,0.210100027342216,156,2,02_large,um,1e-06,0.009,9e-09,data/Nikolaisen2022/Plag Binary meshes/PLAG091-binary.stl,130725,398,792,0.20954456595192716,0.004963311096620101,14.93741226196289,15.265024185180664,10.4876070022583,10.715892791748047,13.999371528625488,14.17937183380127,0.43800009564014863,0,0,1,True,0.00020472949927352602,0.00021249146084301174,0.00036075549104686147,0.0003607779723713267,34.44914965899189,44.61168128526417,59.16546225162776,59.16703377057601,60.992172706015516,90.0,90.0,90.0,1.0101091684924066,1.3939561549886528,1.4640029007042645,1.479235484617538,,data/Nikolaisen2022_merrill_msh/PLAG091.msh,1378013,1.3141756057739258,voxel,0.009,6783.0,8513.0,1378013,1.3141756057739258,8513,40698,14.93741226196289,15.255924224853516,10.4876070022583,10.715892791748047,13.999371528625488,14.17937183380127,1.2464106743965744e-07,1.2465412980262533e-07,1.2466733888705922e-07,1.2466733888705922e-07,0.40992915328146884,0.5745895890058352,0.7007805977707244,0.7008174425047923,1.366112128818988,1.393221475148183,1.6095195041874126,1.6095195041874126,1.3718532619375052,1.7063408564003621,1.9712507581582681,1.9712507581582681,35.02125345664357,54.38947852624609,59.577810598370846,59.579554032700024,-1.0,-1.0,-1.0,-1.0,0.008999824523925781,0.012798676471304813,0.01572279646953296,0.015723348451546236,8.99982452392578e-09,1.2798676471304812e-08,1.5722796469532957e-08,1.5723348451546236e-08,1.493741226196289e-05,1.5255924224853515e-05,1.04876070022583e-05,1.0715892791748047e-05,1.3999371528625487e-05,1.4179371833801269e-05,1506648,2451744,817248,2604672,32689920,60105348.0,57.320926666259766,0.0559774674475193,57.32 MiB,Screening estimate; calibrate with real Merrill.jl runs.,ok,gmsh;pymeshfix_gmsh;voxel,gmsh: Exception: Wrong topology of boundary mesh for parametrization | pymeshfix_gmsh: Exception: Wrong topology of boundary mesh for parametrization
PLAG089,PLAG,data/Nikolaisen2022/Plag Binary meshes/PLAG089-binary.stl,Plag Binary meshes,131055,0.1249837875366211,ascii,0.0026891580381665,0.172533156512237,157,2,02_large,um,1e-06,0.009,9e-09,data/Nikolaisen2022/Plag Binary meshes/PLAG089-binary.stl,131055,400,794,0.206704916458606,0.00607443589099194,18.3978214263916,18.52067756652832,14.576011657714844,14.94957160949707,13.219371795654297,13.479372024536133,0.4714242121098996,4,2,1,False,0.00020474879875109764,0.00021247193217277527,0.00036075548898968916,0.0003607779723713267,34.448573760498284,43.94092501044982,59.16550169673353,59.16856589390032,60.99373345506567,90.0,90.0,90.0,1.010124648649406,1.3946602889786297,1.4558396874053077,1.4792453495867504,,data/Nikolaisen2022_merrill_msh/PLAG089.msh,823361,0.7852182388305664,voxel,0.009,3951.0,5696.0,823361,0.7852182388305664,5696,23706,18.3978214263916,18.51190185546875,14.576011657714844,14.940677642822266,13.219371795654297,13.479372024536133,1.1660208088422792e-07,1.1662742916268103e-07,1.1663993478450846e-07,1.1665234196829577e-07,0.40613616361542426,0.5729318360282462,0.6967333120712278,0.6967333120712278,1.3662044117502739,1.39486427132691,1.600596687607868,1.6005966876078686,1.3740621600755567,1.708352862594999,1.9603225843141026,1.9603225843141026,35.182851080333265,54.81126005534396,60.487615293561646,60.49296854761543,-1.0,-1.0,-1.0,-1.0,0.0087738037109375,0.012494628758534647,0.015378419914677354,0.015379527466918307,8.7738037109375e-09,1.2494628758534646e-08,1.5378419914677354e-08,1.5379527466918307e-08,1.83978214263916e-05,1.851190185546875e-05,1.4576011657714843e-05,1.4940677642822265e-05,1.3219371795654297e-05,1.3479372024536132e-05,895296,1640448,546816,1517184,21872640,39708576.0,37.869049072265625,0.0369814932346344,37.87 MiB,Screening estimate; calibrate with real Merrill.jl runs.,ok,gmsh;pymeshfix_gmsh;voxel,gmsh: Exception: Wrong topology of boundary mesh for parametrization | pymeshfix_gmsh: Exception: Wrong topology of boundary mesh for parametrization
PLAG088,PLAG,data/Nikolaisen2022/Plag Binary meshes/PLAG088-binary.stl,Plag Binary meshes,131550,0.1254558563232422,ascii,0.0038468787659636,0.194403147660931,158,2,02_large,um,1e-06,0.009,9e-09,data/Nikolaisen2022/Plag Binary meshes/PLAG088-binary.stl,131550,401,797,0.2050622373967873,0.005073594202452912,12.00937271118164,12.214130401611328,12.91574478149414,13.185538291931152,10.259371757507324,10.57937240600586,0.4659556471419879,5,4,1,False,0.0002047392622444022,0.00021247166841931175,0.00036075549123683245,0.00036078921432204663,34.44729928410998,43.94092501044982,59.16546225162776,59.1678194940584,60.99292988461106,90.0,90.0,90.0,1.0101166691413204,1.3946602889786297,1.4791918293676452,1.4792671833471656,,data/Nikolaisen2022_merrill_msh/PLAG088.msh,1156113,1.102555274963379,voxel,0.009,5654.0,7362.0,1156113,1.102555274963379,7362,33924,12.00937271118164,12.187422752380371,12.91574478149414,13.185538291931152,10.259371757507324,10.57937240600586,1.1857642551876824e-07,1.1861443179658065e-07,1.1861443179658065e-07,1.1861443179658065e-07,0.40910333420591927,0.572321395198518,0.6994165718759822,0.699491551860071,1.366085563047777,1.393539995469735,1.6074404906082302,1.6074404906082305,1.3690283743914766,1.706730962530616,1.96870449693961,1.96870449693961,34.96827804244263,54.55883387531523,59.78307277466977,59.78660632023768,-1.0,-1.0,-1.0,-1.0,0.00888824462890625,0.012579995410233075,0.015464474249644197,0.015464474249644197,8.88824462890625e-09,1.2579995410233074e-08,1.5464474249644195e-08,1.5464474249644195e-08,1.200937271118164e-05,1.2187422752380371e-05,1.291574478149414e-05,1.3185538291931152e-05,1.0259371757507324e-05,1.0579372406005859e-05,1262256,2120256,706752,2171136,28270080,51795720.0,49.39624786376953,0.04823852330446243,49.40 MiB,Screening estimate; calibrate with real Merrill.jl runs.,ok,gmsh;pymeshfix_gmsh;voxel,gmsh: Exception: Wrong topology of boundary mesh for parametrization | pymeshfix_gmsh: Exception: Wrong topology of boundary mesh for parametrization
PLAG087,PLAG,data/Nikolaisen2022/Plag Binary meshes/PLAG087-binary.stl,Plag Binary meshes,138717,0.13229084014892578,ascii,0.0023348640341313,0.164596649685888,159,2,02_large,um,1e-06,0.009,9e-09,data/Nikolaisen2022/Plag Binary meshes/PLAG087-binary.stl,138717,430,856,0.21019652692047414,0.002560973546818568,10.16655158996582,10.268930435180664,14.098684310913086,14.866558074951172,7.599371910095215,7.839372158050537,0.8109942444087745,2,2,1,False,0.0002047536804639094,0.00021246190499368822,0.0003607498715821029,0.00036077235479761076,34.45043902681189,43.94155801478111,59.16506958921053,59.16817326110164,60.99373345506567,90.0,90.0,90.0,1.010124648649406,1.3946593163528025,1.4639686612477332,1.4792134005389648,,data/Nikolaisen2022_merrill_msh/PLAG087.msh,824867,0.7866544723510742,pymeshfix_gmsh,,,,1128578,1.0762958526611328,6044,23410,10.18702697753906,10.26893043518066,14.09868431091308,14.86655807495117,7.599371910095215,7.839372158050537,2.3122930078504223e-09,1.0235900501914827e-07,2.0202662797276266e-07,3.7681345800885154e-07,0.047478727768023414,0.5673228698144219,0.8010890401329064,0.9994743699601892,1.0004674860713723,1.292695801397874,2.069281470075306,80.32447378149928,1.0096972359040663,1.5293742600678435,2.4256247801978392,21.159151555463705,3.567706257095707,49.8761340735144,66.98107863820483,81.85264221674792,-1.0,-1.0,-1.0,-1.0,0.0035270495622400835,0.010386455566918126,0.014795119942156442,0.01867897335272225,3.527049562240083e-09,1.0386455566918127e-08,1.479511994215644e-08,1.8678973352722247e-08,1.0187026977539061e-05,1.026893043518066e-05,1.409868431091308e-05,1.486655807495117e-05,7.5993719100952145e-06,7.839372158050537e-06,894176,1740672,580224,1498240,23208960,41883408.0,39.94313049316406,0.03900696337223053,39.94 MiB,Screening estimate; calibrate with real Merrill.jl runs.,ok,gmsh;pymeshfix_gmsh,gmsh: Exception: Wrong topology of triangulation for parametrization: one edge is incident to 3 triangles
PLAG086,PLAG,data/Nikolaisen2022/Plag Binary meshes/PLAG086-binary.stl,Plag Binary meshes,145530,0.13878822326660156,ascii,0.0036381466414407,0.190821450422791,160,2,02_large,um,1e-06,0.009,9e-09,data/Nikolaisen2022/Plag Binary meshes/PLAG086-binary.stl,145530,462,915,0.2533893849116609,0.004528964984803145,15.244548797607422,15.674539566040039,7.208581924438477,7.436869144439697,4.539371967315674,5.0593719482421875,0.7123251335708526,14,9,1,False,0.00020474391703828587,0.0002950525726380432,0.00036076111766603677,0.0003607892087063026,34.44951383217119,44.32774165145066,59.165855839432744,59.167426402754224,60.993710092929526,90.0,90.0,90.0,1.0101246518105373,1.3941744924291908,1.4791843104297648,1.4792292467823884,,data/Nikolaisen2022_merrill_msh/PLAG086.msh,1086309,1.035984992980957,voxel,0.009,5227.0,7431.0,1086309,1.035984992980957,7431,31362,15.253506660461426,15.656622886657715,7.217713356018066,7.418606281280518,4.539371967315674,5.0593719482421875,1.2222672280759808e-07,1.2222672280759808e-07,1.2224611861663104e-07,1.2225262037807218e-07,0.4093662458862257,0.5681786615336551,0.6938769601023956,0.6938957499439008,1.3662042374010581,1.3935371452914735,1.6082759284083634,1.6082857072286374,1.3707353466869652,1.7067274717894074,1.969727695100688,1.969739671660668,34.75775479102209,54.501589505979354,59.71187249264754,59.71363673445804,-1.0,-1.0,-1.0,-1.0,0.008957862854003906,0.012673727082815339,0.015620704237082835,0.015621803563148145,8.957862854003907e-09,1.2673727082815338e-08,1.5620704237082834e-08,1.5621803563148144e-08,1.5253506660461425e-05,1.5656622886657713e-05,7.2177133560180665e-06,7.418606281280518e-06,4.539371967315674e-06,5.0593719482421876e-06,1181928,2140128,713376,2007168,28535040,51866460.0,49.46371078491211,0.04830440506339073,49.46 MiB,Screening estimate; calibrate with real Merrill.jl runs.,ok,gmsh;pymeshfix_gmsh;voxel,gmsh: Exception: Wrong topology of triangulation for parametrization: one edge is incident to 3 triangles | pymeshfix_gmsh: Exception: Wrong topology of boundary mesh for parametrization
PLAG085,PLAG,data/Nikolaisen2022/Plag Binary meshes/PLAG085-binary.stl,Plag Binary meshes,145673,0.13892459869384766,ascii,0.0029961787902645,0.178864039347503,161,2,02_large,um,1e-06,0.009,9e-09,data/Nikolaisen2022/Plag Binary meshes/PLAG085-binary.stl,145673,454,904,0.22870445562840563,0.014928198766676413,17.1487979888916,17.333080291748047,5.921875,6.585981845855713,9.959371566772461,10.11937141418457,0.7075293782101182,6,5,1,False,0.00020475856217672117,0.0002124816965078935,0.0003607555002254055,0.0003607892076581378,34.4504705156794,44.61433184461598,59.16546225162776,59.16935114219168,60.992173012993774,90.0,90.0,90.0,1.0101086831570603,1.3939546678003747,1.4639836269373365,1.4792128612444826,,data/Nikolaisen2022_merrill_msh/PLAG085.msh,913963,0.8716230392456055,pymeshfix_gmsh,,,,1246036,1.1883125305175781,6433,26203,17.1487979888916,17.33308029174805,5.921875,6.56522798538208,9.95937156677246,10.11937141418457,2.765427399422465e-09,1.1776284574186219e-07,2.2176229975217634e-07,4.143659703454944e-07,0.03153748353097042,0.5812501309806017,0.8043786201054796,0.9759188629494282,1.0020456285376083,1.277228255942142,2.081292838272617,130.79499857772763,1.0330554618197831,1.5105986477764761,2.435519725449495,24.830479537961246,2.7636721874271175,49.89636951446407,66.94716553313711,82.7580264702809,-1.0,-1.0,-1.0,-1.0,0.002891394564666435,0.010807597746091017,0.015218798787296128,0.0298333447639117,2.8913945646664347e-09,1.0807597746091017e-08,1.5218798787296128e-08,2.9833344763911695e-08,1.7148797988891602e-05,1.733308029174805e-05,5.921875e-06,6.56522798538208e-06,9.959371566772458e-06,1.011937141418457e-05,992888,1852704,617568,1676992,24702720,44764308.0,42.69057083129883,0.04169001057744026,42.69 MiB,Screening estimate; calibrate with real Merrill.jl runs.,ok,gmsh;pymeshfix_gmsh,gmsh: Exception: Invalid boundary mesh (overlapping facets) on surface 132 surface 134
PLAG084,PLAG,data/Nikolaisen2022/Plag Binary meshes/PLAG084-binary.stl,Plag Binary meshes,146813,0.14001178741455078,ascii,0.0052431776153612,0.215542036828119,162,2,02_large,um,1e-06,0.009,9e-09,data/Nikolaisen2022/Plag Binary meshes/PLAG084-binary.stl,146813,462,911,0.24283970339543903,0.004211792562557367,14.527894973754883,14.855508804321289,8.951860427856445,9.138640403747559,9.939371109008789,10.17937183380127,0.4470099878897503,16,7,1,False,0.00020472949927352602,0.00021249146084301174,0.0003607555023552476,0.0003607892076581378,34.44852729518899,44.3291072501368,59.16550169673353,59.167819029164136,60.99292957636011,90.0,90.0,90.0,1.0101166691413201,1.3941731623661267,1.4791918293676452,1.4792461455525676,,data/Nikolaisen2022_merrill_msh/PLAG084.msh,1601425,1.527237892150879,voxel,0.009,7880.0,9910.0,1601425,1.527237892150879,9910,47280,14.527894973754883,14.855508804321289,8.96075439453125,9.138640403747559,9.939371109008789,10.17937183380127,1.1989463378122198e-07,1.1990749801231437e-07,1.1993292297956745e-07,1.1993292297956745e-07,0.40977704334649684,0.566232175701074,0.6907295229283361,0.6907674001969265,1.3662988616004077,1.3934473802518552,1.6094952145588555,1.6095154421471283,1.3717845478915984,1.706617532517506,1.971221009560263,1.971245783195261,34.63692413858259,54.41333502147125,59.60497121250397,59.60497121250397,-1.0,-1.0,-1.0,-1.0,0.00888824462890625,0.012574596998971892,0.015522458969084137,0.015523018074887497,8.88824462890625e-09,1.2574596998971891e-08,1.5522458969084137e-08,1.5523018074887495e-08,1.4527894973754882e-05,1.4855508804321288e-05,8.96075439453125e-06,9.138640403747558e-06,9.939371109008789e-06,1.017937183380127e-05,1750800,2854080,951360,3025920,38054400,69954840.0,66.7141342163086,0.06515052169561386,66.71 MiB,Screening estimate; calibrate with real Merrill.jl runs.,ok,gmsh;pymeshfix_gmsh;voxel,gmsh: Exception: Wrong topology of triangulation for parametrization: one edge is incident to 3 triangles | pymeshfix_gmsh: Exception: Wrong topology of boundary mesh for parametrization
PLAG083,PLAG,data/Nikolaisen2022/Plag Binary meshes/PLAG083-binary.stl,Plag Binary meshes,148113,0.1412515640258789,ascii,0.0035886135640682,0.189951483926685,163,2,02_large,um,1e-06,0.009,9e-09,data/Nikolaisen2022/Plag Binary meshes/PLAG083-binary.stl,148113,459,914,0.25429456604530587,0.003119368785184104,13.708864212036133,14.097904205322266,10.425346374511719,10.612126350402832,3.079371929168701,3.599371910095215,0.6757505870759816,4,3,1,False,0.0002047441437298403,0.00029154778796755684,0.00036076111470020574,0.00036077516357866106,34.44921098410805,44.32705882826191,59.16585537291742,59.16683745232384,60.99451338578494,90.0,90.0,90.0,1.0101331170951215,1.394175158499121,1.4792134005389648,1.4792344341757253,,data/Nikolaisen2022_merrill_msh/PLAG083.msh,1228717,1.1717958450317383,voxel,0.009,5942.0,8227.0,1228717,1.1717958450317383,8227,35652,13.708864212036133,14.097904205322266,10.425346374511719,10.612126350402832,3.079371929168701,3.599371910095215,1.2022688470302023e-07,1.2023955884224677e-07,1.202524517822899e-07,1.2025564964559653e-07,0.4082775819169055,0.5698943172910015,0.697868672673913,0.6979525612030018,1.3661350410873365,1.3939277565208055,1.605493396988221,1.6054933969882212,1.3717572067197281,1.7072058708892401,1.9663198040143834,1.966319804014384,34.91061035254802,54.396147356757304,59.98307453191893,59.985683155768584,-1.0,-1.0,-1.0,-1.0,0.008893966674804688,0.012628645789279242,0.015535124712063106,0.015535808307285303,8.893966674804687e-09,1.2628645789279241e-08,1.5535124712063104e-08,1.55358083072853e-08,1.3708864212036131e-05,1.4097904205322266e-05,1.0425346374511719e-05,1.0612126350402832e-05,3.079371929168701e-06,3.5993719100952147e-06,1338312,2369376,789792,2281728,31591680,57556332.0,54.88999557495117,0.053603511303663254,54.89 MiB,Screening estimate; calibrate with real Merrill.jl runs.,ok,gmsh;pymeshfix_gmsh;voxel,gmsh: Exception: Wrong topology of triangulation for parametrization: one edge is incident to 3 triangles | pymeshfix_gmsh: Exception: Wrong topology of boundary mesh for parametrization
PLAG020,PLAG,data/Nikolaisen2022/Plag Binary meshes/PLAG020-binary.stl,Plag Binary meshes,148384,0.141510009765625,binary,0.0042933613995235,0.201650641686787,164,2,02_large,um,1e-06,0.009,9e-09,data/Nikolaisen2022/Plag Binary meshes/PLAG020-binary.stl,148384,1485,2966,0.6559097385058255,0.015090490860978249,24.336042404174805,24.489540100097656,10.612214088439941,12.26187801361084,11.829428672790527,12.258959770202637,1.7115634876649861,0,0,1,True,1.5776772090063944e-05,0.00020754785049320699,0.00031547316215530023,0.0005688367824877815,16.16957183835972,44.991387963392384,57.414046722977254,59.76714624119426,60.29059305598396,84.12629036292151,91.34816746857058,127.3510293325824,1.0029692200639868,1.3132125961713856,1.4434694174029299,2.562202731091479,,data/Nikolaisen2022_merrill_msh/PLAG020.msh,4263919,4.066390037536621,voxel,0.009,20948.0,26591.0,4263919,4.066390037536621,26591,125688,24.336042404174805,24.489540100097656,10.612214088439941,12.26187801361084,11.829428672790527,12.258959770202637,1.2136150100728696e-07,1.2139998504905047e-07,1.21412923340114e-07,1.21412923340114e-07,0.4093140019686457,0.5758535199733087,0.7033908038932751,0.7035401824264093,1.3660586020383445,1.393424474402089,1.6079257071277684,1.6079257071277684,1.3696691481573946,1.7065894786954792,1.9692987633834271,1.9692987633834274,35.11952863665217,54.514596319646785,59.732838838581905,59.7363394354938,-1.0,-1.0,-1.0,-1.0,0.008948326110839844,0.01270145949600757,0.01558441520220417,0.015584966833202742,8.948326110839843e-09,1.270145949600757e-08,1.558441520220417e-08,1.558496683320274e-08,2.4336042404174805e-05,2.4489540100097654e-05,1.0612214088439941e-05,1.2261878013610839e-05,1.1829428672790527e-05,1.2258959770202636e-05,4660200,7658208,2552736,8044032,102109440,187536924.0,178.84914779663086,0.17465737089514732,178.85 MiB,Screening estimate; calibrate with real Merrill.jl runs.,ok,gmsh;pymeshfix_gmsh;voxel,gmsh: Exception: Wrong topology of boundary mesh for parametrization | pymeshfix_gmsh: Exception: Wrong topology of boundary mesh for parametrization
PLAG021,PLAG,data/Nikolaisen2022/Plag Binary meshes/PLAG021-binary.stl,Plag Binary meshes,149584,0.1426544189453125,binary,0.0150904914492761,0.30659724900879,165,2,02_large,um,1e-06,0.009,9e-09,data/Nikolaisen2022/Plag Binary meshes/PLAG021-binary.stl,149584,1497,2990,0.7469615984189711,0.0158560827424218,24.335803985595703,24.499610900878906,10.612126350402832,12.272392272949219,11.819372177124023,12.259371757507324,1.7253739507135502,0,0,1,True,8.32795966183962e-05,0.00021247166841931175,0.00036075548898968916,0.0004178194657109292,30.45583056166096,43.943605604587056,59.16546225162776,59.3142873688249,60.59139914683833,90.0,90.0,111.10170038862614,1.0060331327116265,1.3941758252613832,1.4558268112669512,1.8622893569878924,,data/Nikolaisen2022_merrill_msh/PLAG021.msh,4287377,4.088761329650879,pymeshfix_gmsh,,,,6312792,6.020347595214844,27782,125333,24.3358039855957,24.49961090087891,10.61212635040283,12.27239227294922,11.81937217712402,12.25937175750733,1.940449318808779e-11,1.2254980093182765e-07,2.1888627627674844e-07,3.8332635039837053e-07,6.10515634821117e-05,0.6017303004583371,0.818204968084164,0.9826544557036246,1.0005298101513498,1.255411438655643,2.0568809642513304,16878013.746199526,1.0088582692359451,1.4823267332013377,2.412630947732916,5942.115088307869,0.008241074661617583,50.1950192880016,66.64129134160852,84.73709539032207,-1.0,-1.0,-1.0,-1.0,0.0008959667369669982,0.010880568493797588,0.015109665231767072,0.038643179416320776,8.959667369669982e-10,1.0880568493797588e-08,1.510966523176707e-08,3.8643179416320775e-08,2.43358039855957e-05,2.449961090087891e-05,1.061212635040283e-05,1.227239227294922e-05,1.181937217712402e-05,1.2259371757507329e-05,4677424,8001216,2667072,8021312,106682880,195074856.0,186.03787994384766,0.18167761713266373,186.04 MiB,Screening estimate; calibrate with real Merrill.jl runs.,ok,gmsh;pymeshfix_gmsh,gmsh: Exception: Invalid boundary mesh (overlapping facets) on surface 35 surface 35
PLAG082,PLAG,data/Nikolaisen2022/Plag Binary meshes/PLAG082-binary.stl,Plag Binary meshes,149664,0.142730712890625,ascii,0.0072196827721977,0.239794838611011,166,2,02_large,um,1e-06,0.009,9e-09,data/Nikolaisen2022/Plag Binary meshes/PLAG082-binary.stl,149664,472,941,0.24493337915338897,0.008488915675378668,19.216854095458984,19.421611785888672,2.248538017272949,2.5183310508728027,7.659371852874756,7.9393720626831055,0.43944750569531194,1,2,1,False,0.0002047536804639094,0.00021247410927571764,0.0003607526807982293,0.0003607807817018705,34.449055406897266,44.32705882826191,59.16506958921053,59.16703377057601,60.99449031283514,90.0,90.0,90.0,1.0101326346934139,1.394175158499121,1.4792054063543767,1.4792370990823347,,data/Nikolaisen2022_merrill_msh/PLAG082.msh,2104894,2.007383346557617,voxel,0.009,10442.0,12519.0,2104894,2.007383346557617,12519,62652,19.216854095458984,19.421611785888672,2.248538017272949,2.509337902069092,7.659371852874756,7.9393720626831055,1.2050715177494044e-07,1.2051670871185185e-07,1.2053616844226456e-07,1.2054253187634978e-07,0.4069157704955274,0.5738285662419573,0.7004885040727625,0.7004885040727625,1.3661083843484694,1.3944694533435902,1.6022087739996917,1.6022087739996917,1.3716204723434926,1.707869311294795,1.9622969788547284,1.9622969788547284,35.18339914347237,54.815885510223644,60.31268495047051,60.314860479829704,-1.0,-1.0,-1.0,-1.0,0.008901596069335938,0.012653661050751457,0.015547550946955193,0.01554796587050978,8.901596069335938e-09,1.2653661050751456e-08,1.5547550946955194e-08,1.554796587050978e-08,1.9216854095458983e-05,1.9421611785888672e-05,2.248538017272949e-06,2.5093379020690915e-06,7.659371852874756e-06,7.939372062683105e-06,2305320,3605472,1201824,4009728,48072960,88792956.0,84.67956161499023,0.0826948843896389,84.68 MiB,Screening estimate; calibrate with real Merrill.jl runs.,ok,gmsh;pymeshfix_gmsh;voxel,gmsh: Exception: Wrong topology of triangulation for parametrization: one edge is incident to 3 triangles | pymeshfix_gmsh: Exception: Wrong topology of boundary mesh for parametrization
PLAG081,PLAG,data/Nikolaisen2022/Plag Binary meshes/PLAG081-binary.stl,Plag Binary meshes,153660,0.14654159545898438,ascii,0.0036498431548298,0.191025726414292,167,2,02_large,um,1e-06,0.009,9e-09,data/Nikolaisen2022/Plag Binary meshes/PLAG081-binary.stl,153660,469,931,0.25480881576463393,0.00715549836503695,22.779644012451172,23.14820671081543,12.293145179748535,12.521431922912598,11.719371795654297,12.17937183380127,0.6321023135736918,22,19,1,False,0.0002047390353254741,0.00029156152766983607,0.00036075548898968916,0.0003607892076581378,34.44729928410998,44.32774165145066,59.166209076944696,59.16935114219168,60.99292988461106,90.0,90.0,90.0,1.0101166691413201,1.3941744924291908,1.4791806643392322,1.4792671833471656,,data/Nikolaisen2022_merrill_msh/PLAG081.msh,1167425,1.1133432388305664,voxel,0.009,5645.0,7820.0,1167425,1.1133432388305664,7820,33870,22.788633346557617,23.139217376708984,12.302276611328125,12.521431922912598,11.719371795654297,12.17937183380127,1.233867760784893e-07,1.233998232156447e-07,1.234127109256411e-07,1.234127109256411e-07,0.40881944822740457,0.5701280158344129,0.6972146036484782,0.6972146036484782,1.3661298639098223,1.3937007225453237,1.6067901535367732,1.606809075216953,1.370445777553643,1.706927812192137,1.9679079999466669,1.9679311741774244,34.883139557479815,54.61691851315189,59.85361907916521,59.85361907916521,-1.0,-1.0,-1.0,-1.0,0.008989334106445312,0.012734435680034937,0.01566999983349322,0.015670555590492356,8.989334106445313e-09,1.2734435680034937e-08,1.566999983349322e-08,1.5670555590492355e-08,2.2788633346557616e-05,2.3139217376708982e-05,1.2302276611328125e-05,1.2521431922912596e-05,1.1719371795654296e-05,1.2179371833801269e-05,1271520,2252160,750720,2167680,30028800,54706320.0,52.17201232910156,0.050949230790138245,52.17 MiB,Screening estimate; calibrate with real Merrill.jl runs.,ok,gmsh;pymeshfix_gmsh;voxel,gmsh: Exception: Wrong topology of triangulation for parametrization: one edge is incident to 3 triangles | pymeshfix_gmsh: Exception: Wrong topology of boundary mesh for parametrization
PLAG080,PLAG,data/Nikolaisen2022/Plag Binary meshes/PLAG080-binary.stl,Plag Binary meshes,158853,0.15149402618408203,ascii,0.0031785316031425,0.182421478168439,168,2,02_large,um,1e-06,0.009,9e-09,data/Nikolaisen2022/Plag Binary meshes/PLAG080-binary.stl,158853,512,1018,0.2594975423999524,0.006637214189567258,7.873260974884033,8.016592025756836,5.63132905960083,6.440709114074707,7.6793718338012695,7.859372138977051,0.8414511112285802,11,9,1,False,0.00020476321719797852,0.00021247661652523675,0.0003607554935611831,0.0003607723491725946,34.44951383217119,44.613691543728315,59.16585537291742,59.16738751254068,60.994111733273925,90.0,90.0,90.0,1.0101288807874644,1.3939550261300195,1.4639688836624458,1.4792292467823884,,data/Nikolaisen2022_merrill_msh/PLAG080.msh,1126371,1.0741910934448242,pymeshfix_gmsh,,,,1539248,1.4679412841796875,7874,32348,7.873260974884033,8.016592025756836,5.652081966400146,6.419954776763916,7.679371833801268,7.859372138977052,2.0388457649042943e-09,1.0991210568512207e-07,2.1151102244324304e-07,4.3884750501132694e-07,0.016631624947936897,0.5804641504921493,0.8100913009890348,0.9814751888062319,1.0004093680642445,1.2783405726272035,2.1330902545448343,956.859666338844,1.0088215915075653,1.510583451507244,2.4930334598610204,48.35357529685137,1.8252044439027515,50.02264180786789,66.96878106476092,82.92362083542622,-1.0,-1.0,-1.0,-1.0,0.0010137853654210984,0.01061566428681359,0.014919027149367391,0.028392896225406555,1.0137853654210984e-09,1.061566428681359e-08,1.491902714936739e-08,2.8392896225406553e-08,7.873260974884033e-06,8.016592025756836e-06,5.652081966400146e-06,6.419954776763916e-06,7.679371833801268e-06,7.85937213897705e-06,1224112,2267712,755904,2070272,30236160,54831240.0,52.29114532470703,0.05106557160615921,52.29 MiB,Screening estimate; calibrate with real Merrill.jl runs.,ok,gmsh;pymeshfix_gmsh,gmsh: Exception: Wrong topology of triangulation for parametrization: one edge is incident to 3 triangles
PLAG079,PLAG,data/Nikolaisen2022/Plag Binary meshes/PLAG079-binary.stl,Plag Binary meshes,165564,0.15789413452148438,ascii,0.0078225068405578,0.24629132193626,169,2,02_large,um,1e-06,0.009,9e-09,data/Nikolaisen2022/Plag Binary meshes/PLAG079-binary.stl,165564,523,1041,0.2862733512422947,0.009771784565503958,8.467060089111328,8.733243942260742,0.6920379996299744,0.9410780072212219,10.17937183380127,10.51937198638916,0.49847253968328725,5,4,1,False,0.00020474879875109764,0.00029506336769995314,0.0003607575959170549,0.00036078007936825985,34.448457078559,44.32637598917555,59.16536649416932,59.16693801451119,60.99453761562034,90.0,90.0,90.0,1.0101331338433586,1.3941758252613832,1.4791924954805864,1.4792473483944115,,data/Nikolaisen2022_merrill_msh/PLAG079.msh,2337322,2.229043960571289,voxel,0.009,11561.0,14106.0,2337322,2.229043960571289,14106,69366,8.475933074951172,8.733243942260742,0.6920379996299744,0.9410780072212219,10.17937183380127,10.51937198638916,1.1767316178602381e-07,1.176858107338671e-07,1.1768659940175387e-07,1.1768659940175387e-07,0.4072530222365449,0.5769890503913075,0.7020522809986218,0.7020522809986218,1.3660537238553971,1.3942806252713287,1.6028641311971659,1.6028641311971663,1.3684972843526177,1.707638045081718,1.9630996242212637,1.963099624221264,35.31033666252384,54.688017614554106,60.237953946852834,60.23806438027185,-1.0,-1.0,-1.0,-1.0,0.008872032165527344,0.012563352348504154,0.015423789928241508,0.015423824299863269,8.872032165527343e-09,1.2563352348504153e-08,1.542378992824151e-08,1.542382429986327e-08,8.475933074951172e-06,8.733243942260742e-06,6.920379996299743e-07,9.410780072212218e-07,1.017937183380127e-05,1.051937198638916e-05,2558256,4062528,1354176,4439424,54167040,99872136.0,95.24549102783203,0.09301317483186722,95.25 MiB,Screening estimate; calibrate with real Merrill.jl runs.,ok,gmsh;pymeshfix_gmsh;voxel,gmsh: Exception: Wrong topology of boundary mesh for parametrization | pymeshfix_gmsh: Exception: Wrong topology of boundary mesh for parametrization
PLAG078,PLAG,data/Nikolaisen2022/Plag Binary meshes/PLAG078-binary.stl,Plag Binary meshes,170469,0.16257190704345703,ascii,0.0033704319992779,0.18602114605696,170,2,02_large,um,1e-06,0.009,9e-09,data/Nikolaisen2022/Plag Binary meshes/PLAG078-binary.stl,170469,528,1052,0.26048880906246596,0.0038242003907227222,1.1162470579147339,1.2391020059585571,14.63827133178711,15.260869979858398,11.439372062683105,11.699371337890625,0.6858002901337115,3,3,1,False,0.00020474522256108685,0.000212467957339868,0.0003607512800994542,0.0003607737500303651,34.44941803059364,43.94219106381195,59.16516804630088,59.16827078220309,60.99188906503766,90.0,90.0,90.0,1.0101058699618033,1.394658344241152,1.4558269580980314,1.4792308877189269,,data/Nikolaisen2022_merrill_msh/PLAG078.msh,1150675,1.0973691940307617,pymeshfix_gmsh,,,,1572447,1.4996023178100586,7999,33091,1.116247057914734,1.218626022338867,14.63827133178711,15.2608699798584,11.4393720626831,11.69937133789063,6.075900290276178e-09,1.1023054856697413e-07,2.079614837278536e-07,3.7753757989859574e-07,0.05962586752183107,0.5852591882906526,0.8068620737166728,0.9957524962036809,1.0003776913145628,1.2731380281950453,2.0787837766615493,20.07353272435063,1.0111173374934712,1.5047458650988592,2.43129071389584,9.773579615451894,5.198382980118847,50.04990989106708,66.67627586486708,82.65199139819926,-1.0,-1.0,-1.0,-1.0,0.0031436021925394728,0.01058174307714012,0.014912210815375098,0.020365435211040492,3.1436021925394724e-09,1.058174307714012e-08,1.4912210815375096e-08,2.036543521104049e-08,1.116247057914734e-06,1.218626022338867e-06,1.4638271331787109e-05,1.52608699798584e-05,1.1439372062683099e-05,1.169937133789063e-05,1250888,2303712,767904,2117824,30716160,55734732.0,53.15278244018555,0.0519070141017437,53.15 MiB,Screening estimate; calibrate with real Merrill.jl runs.,ok,gmsh;pymeshfix_gmsh,gmsh: Exception: Wrong topology of triangulation for parametrization: one edge is incident to 3 triangles
PLAG077,PLAG,data/Nikolaisen2022/Plag Binary meshes/PLAG077-binary.stl,Plag Binary meshes,173832,0.16577911376953125,ascii,0.0047688524144683,0.208835865545106,171,2,02_large,um,1e-06,0.009,9e-09,data/Nikolaisen2022/Plag Binary meshes/PLAG077-binary.stl,173832,549,1093,0.30045414146042165,0.009700710237450191,4.474277973175049,4.904270172119141,8.32926082611084,8.536794662475586,10.199371337890625,10.699371337890625,0.6913491045694965,15,13,1,False,0.00020473426729950006,0.0002915585931773175,0.00036076110495224044,0.0003607723448077223,34.44853561736147,44.327074682165176,59.16585514036257,59.1670333061565,60.993308156917955,90.0,90.0,90.0,1.0101204197226628,1.394175143026523,1.4791970870839792,1.479246002990736,,data/Nikolaisen2022_merrill_msh/PLAG077.msh,1473969,1.405686378479004,voxel,0.009,7155.0,9708.0,1473969,1.405686378479004,9708,42930,4.474277973175049,4.8773956298828125,8.32926082611084,8.51874828338623,10.199371337890625,10.699371337890625,1.202704709010391e-07,1.2028331756530966e-07,1.2030243465343052e-07,1.2030243465343052e-07,0.4091555682205318,0.5735471023846412,0.7008553905054533,0.7008932120916224,1.3660689121204044,1.3935020935432532,1.6075279713724007,1.6075279713724007,1.3691633487442376,1.7066845423405426,1.9688116385568728,1.9688116385568728,35.02235346422921,54.548320685314735,59.773089134264936,59.77483475988277,-1.0,-1.0,-1.0,-1.0,0.008928298950195312,0.012647781313981877,0.01553681907782395,0.015537372925474755,8.928298950195311e-09,1.2647781313981877e-08,1.553681907782395e-08,1.5537372925474754e-08,4.474277973175049e-06,4.877395629882813e-06,8.32926082611084e-06,8.51874828338623e-06,1.0199371337890624e-05,1.0699371337890625e-05,1606752,2795904,931968,2747520,37278720,68041296.0,64.88923645019531,0.06336839497089386,64.89 MiB,Screening estimate; calibrate with real Merrill.jl runs.,ok,gmsh;pymeshfix_gmsh;voxel,gmsh: Exception: Wrong topology of triangulation for parametrization: one edge is incident to 3 triangles | pymeshfix_gmsh: Exception: Wrong topology of boundary mesh for parametrization
PLAG028,PLAG,data/Nikolaisen2022/Plag Binary meshes/PLAG028-binary.stl,Plag Binary meshes,174284,0.16621017456054688,binary,0.0238071926846525,0.356919153970687,172,2,02_large,um,1e-06,0.009,9e-09,data/Nikolaisen2022/Plag Binary meshes/PLAG028-binary.stl,174284,1744,3484,0.7748862207642215,0.023807194312898062,14.327038764953613,15.278665542602539,1.9438631534576416,2.3225245475769043,2.8193881511688232,4.299277305603027,1.7997360597450964,0,0,1,True,2.5874151649577515e-05,0.00021283526672053463,0.00033315241973917877,0.00036862235332833066,10.777639309207983,44.09939208419186,58.18083992030622,59.92933846805868,60.10821914950137,82.3482144370168,100.95063610655443,138.67637114583783,1.001091464281512,1.3074679547922368,1.661596665008696,3.429219893424465,,data/Nikolaisen2022_merrill_msh/PLAG028.msh,6513041,6.211319923400879,gmsh,,,,9650533,9.203465461730957,39289,193314,14.32748231538032,15.27722524457966,1.94467752618465,2.321977613675148,2.819393149967111,4.299238117654062,9.77749808874899e-10,1.1889550669230688e-07,2.2523732706855704e-07,3.9068086982039517e-07,0.009487538448866217,0.6159411148858147,0.8237761906529364,0.9862082454413094,1.0012228594933936,1.2408231094501292,2.0027563268032065,943.4717886559214,1.0230618743896116,1.4625880957893065,2.3754975914136,62.802390667313404,1.2316641663475136,50.384775083509275,66.37046080006651,84.82549655560152,-1.0,-1.0,-1.0,-1.0,0.0022509247440622685,0.010605335661618216,0.015187636329319073,0.02187669126420733,2.2509247440622682e-09,1.0605335661618215e-08,1.518763632931907e-08,2.187669126420733e-08,1.432748231538032e-05,1.5277225244579657e-05,1.94467752618465e-06,2.321977613675148e-06,2.819393149967111e-06,4.299238117654062e-06,7128984,11315232,3771744,12372096,150869760,278186724.0,265.29953384399414,0.25908157601952553,265.30 MiB,Screening estimate; calibrate with real Merrill.jl runs.,ok,gmsh,
PLAG076,PLAG,data/Nikolaisen2022/Plag Binary meshes/PLAG076-binary.stl,Plag Binary meshes,175275,0.16715526580810547,ascii,0.0024301560668009,0.166806068954937,173,2,02_large,um,1e-06,0.009,9e-09,data/Nikolaisen2022/Plag Binary meshes/PLAG076-binary.stl,175275,546,1081,0.27164010759446,0.02414890270344765,13.995525360107422,14.159330368041992,-0.09658800065517426,0.920324981212616,10.779372215270996,10.999371528625488,1.0532539063265483,30,24,1,False,0.00020474879875109764,0.00021247302123583722,0.0003607565470259303,0.00036076883755601746,34.44972399624434,44.61418514858696,59.165318615512575,59.16615226633724,60.99453761562034,90.0,90.0,90.0,1.0101331338433586,1.3939547498429212,1.4558022109241424,1.4792256470531355,,data/Nikolaisen2022_merrill_msh/PLAG076.msh,845027,0.8058805465698242,pymeshfix_gmsh,,,,1169034,1.114877700805664,6376,23798,13.99552536010742,14.13885498046875,-0.01357499975711107,0.8373119831085205,10.79937171936035,10.99937152862549,5.681304742252038e-09,1.0715820077501585e-07,2.146717984016718e-07,4.225639970211887e-07,0.04790177175757665,0.5556079923286908,0.7988900964457137,0.9896906654249283,1.000204590133575,1.301651569400207,2.118561527562962,12.211073140412497,1.0112396697354638,1.5404267451979705,2.466020183045367,14.341191036550294,4.168721353548554,50.04489254879003,67.07799253627633,81.35254916005206,-1.0,-1.0,-1.0,-1.0,0.002382370722503626,0.010629038623128247,0.01510434589697712,0.01978232198582238,2.3823707225036257e-09,1.0629038623128247e-08,1.5104345896977118e-08,1.978232198582238e-08,1.399552536010742e-05,1.413885498046875e-05,-1.357499975711107e-08,8.373119831085204e-07,1.079937171936035e-05,1.0999371528625489e-05,914560,1836288,612096,1523072,24483840,44054784.0,42.013916015625,0.04102921485900879,42.01 MiB,Screening estimate; calibrate with real Merrill.jl runs.,ok,gmsh;pymeshfix_gmsh,gmsh: Exception: Wrong topology of triangulation for parametrization: one edge is incident to 4 triangles
PLAG075,PLAG,data/Nikolaisen2022/Plag Binary meshes/PLAG075-binary.stl,Plag Binary meshes,181050,0.17266273498535156,ascii,0.0043544432074445,0.202602439095614,174,2,02_large,um,1e-06,0.009,9e-09,data/Nikolaisen2022/Plag Binary meshes/PLAG075-binary.stl,181050,552,1097,0.2853572158145405,0.0075380132231750736,25.666730880737305,25.810062408447266,13.579851150512695,14.07793140411377,11.199371337890625,11.459371566772461,0.5798516921434211,5,2,1,False,0.00020474879875109764,0.0002124816965078935,0.00036075548898968916,0.0003607779723713267,34.448573760498284,43.94092501044982,59.16546225162776,59.16703377057601,60.99449031283514,90.0,90.0,90.0,1.0101326346934139,1.3946602889786297,1.4558218383971964,1.4792453495867504,,data/Nikolaisen2022_merrill_msh/PLAG075.msh,1318709,1.2576189041137695,voxel,0.009,6393.0,8735.0,1318709,1.2576189041137695,8735,38358,25.666730880737305,25.810062408447266,13.579851150512695,14.068875312805176,11.199371337890625,11.459371566772461,1.2119260355686334e-07,1.2123117773312395e-07,1.2123117773312395e-07,1.2124407329505704e-07,0.40882614903446074,0.5722203483640733,0.6997339760885586,0.6998460228592881,1.3660795866224642,1.3936410221632805,1.6067671148423555,1.6067671148423555,1.3686882727455936,1.7068546944554102,1.967879783423836,1.967879783423836,34.98038279873822,54.610576567432936,59.84993147394093,59.85518995595712,-1.0,-1.0,-1.0,-1.0,0.0089569091796875,0.012674401163236438,0.01557733079305426,0.015577879697350146,8.9569091796875e-09,1.2674401163236438e-08,1.5577330793054258e-08,1.5577879697350145e-08,2.5666730880737305e-05,2.5810062408447264e-05,1.3579851150512694e-05,1.4068875312805175e-05,1.1199371337890625e-05,1.145937156677246e-05,1437096,2515680,838560,2454912,33542400,61182972.0,58.348628997802734,0.05698108300566673,58.35 MiB,Screening estimate; calibrate with real Merrill.jl runs.,ok,gmsh;pymeshfix_gmsh;voxel,gmsh: Exception: Wrong topology of boundary mesh for parametrization | pymeshfix_gmsh: Exception: Wrong topology of boundary mesh for parametrization
PLAG074,PLAG,data/Nikolaisen2022/Plag Binary meshes/PLAG074-binary.stl,Plag Binary meshes,186557,0.17791461944580078,ascii,0.0076947417123237,0.244943061331592,175,2,02_large,um,1e-06,0.009,9e-09,data/Nikolaisen2022/Plag Binary meshes/PLAG074-binary.stl,186557,585,1165,0.32103060516952053,0.008186330815824044,24.45865821838379,25.011505126953125,8.038714408874512,8.28775405883789,9.819372177124023,10.11937141418457,0.6765057234092438,6,4,1,False,0.0002047390353254741,0.0002950629283111731,0.0003607555023552476,0.0003607892076581378,34.44729928410998,44.61301551601138,59.16546318418245,59.167819029164136,60.99292988461106,90.0,90.0,90.0,1.0101166691413201,1.393955405098647,1.4639931274490585,1.4792671833471656,,data/Nikolaisen2022_merrill_msh/PLAG074.msh,2221430,2.118520736694336,voxel,0.009,10934.0,13729.0,2221430,2.118520736694336,13729,65604,24.467721939086914,25.00244140625,8.038714408874512,8.28775405883789,9.819372177124023,10.11937141418457,1.2210782079682034e-07,1.221335222956199e-07,1.221594326944464e-07,1.221594326944464e-07,0.40644861232938223,0.5703852568453274,0.6983113882159937,0.6983496420113774,1.366236716097881,1.3947714660739963,1.601366405866081,1.6013813106086585,1.3753284305452496,1.7082391998374549,1.961265292803265,1.9612835473102954,35.04586390525771,54.18489316917517,60.41572536412523,60.41750731685963,-1.0,-1.0,-1.0,-1.0,0.008893966674804688,0.012698569848482666,0.01561696120034408,0.015618059465062038,8.893966674804687e-09,1.2698569848482666e-08,1.561696120034408e-08,1.5618059465062037e-08,2.4467721939086913e-05,2.500244140625e-05,8.038714408874511e-06,8.28775405883789e-06,9.819372177124023e-06,1.011937141418457e-05,2428824,3953952,1317984,4198656,52719360,96928164.0,92.43790054321289,0.09027138724923134,92.44 MiB,Screening estimate; calibrate with real Merrill.jl runs.,ok,gmsh;pymeshfix_gmsh;voxel,gmsh: Exception: Wrong topology of triangulation for parametrization: one edge is incident to 4 triangles | pymeshfix_gmsh: Exception: Wrong topology of boundary mesh for parametrization
PLAG073,PLAG,data/Nikolaisen2022/Plag Binary meshes/PLAG073-binary.stl,Plag Binary meshes,186993,0.1783304214477539,ascii,0.0071084281188523,0.238556718020394,176,2,02_large,um,1e-06,0.009,9e-09,data/Nikolaisen2022/Plag Binary meshes/PLAG073-binary.stl,186993,582,1154,0.30210277601359503,0.005338625818443792,-0.39896199107170105,-0.23515599966049194,8.16323471069336,8.599054336547852,13.939372062683105,14.219371795654297,0.5432964196146494,13,7,1,False,0.0002047351613043702,0.0002124781628083383,0.00036075162930396905,0.00036077410133644896,34.44877673723337,43.942240560388214,59.16519260231864,59.16676320833125,60.99262228375176,90.0,90.0,90.0,1.0101136219200795,1.3946582682586561,1.46397158266757,1.4792418725801302,,data/Nikolaisen2022_merrill_msh/PLAG073.msh,1980266,1.888528823852539,voxel,0.009,9757.0,12178.0,1980266,1.888528823852539,12178,58542,-0.39896199107170105,-0.23515599966049194,8.18139362335205,8.58089542388916,13.939372062683105,14.219371795654297,1.2437648366520754e-07,1.2438954842189506e-07,1.2438995578100515e-07,1.2438995578100515e-07,0.4090986585398797,0.5757514568815183,0.7036570727821266,0.7036570727821266,1.3660480077361938,1.3935114888443256,1.6073031576387022,1.6073031576387025,1.3689237317925826,1.7066960491873449,1.9685362990895054,1.968536299089506,35.13113604683233,54.56296155504858,59.79027234068953,59.79027234068953,-1.0,-1.0,-1.0,-1.0,0.009032249450683594,0.012806615429493276,0.015711222209935108,0.015711239472176133,9.032249450683594e-09,1.2806615429493275e-08,1.5711222209935106e-08,1.5711239472176132e-08,-3.98961991071701e-07,-2.3515599966049193e-07,8.181393623352051e-06,8.58089542388916e-06,1.3939372062683105e-05,1.4219371795654296e-05,2165616,3507264,1169088,3746688,46763520,86028264.0,82.0429458618164,0.08012006431818008,82.04 MiB,Screening estimate; calibrate with real Merrill.jl runs.,ok,gmsh;pymeshfix_gmsh;voxel,gmsh: Exception: Wrong topology of boundary mesh for parametrization | pymeshfix_gmsh: Exception: Wrong topology of boundary mesh for parametrization
PLAG072,PLAG,data/Nikolaisen2022/Plag Binary meshes/PLAG072-binary.stl,Plag Binary meshes,187713,0.1790170669555664,ascii,0.0059865888701035,0.225282230401977,177,2,02_large,um,1e-06,0.009,9e-09,data/Nikolaisen2022/Plag Binary meshes/PLAG072-binary.stl,187713,604,1203,0.32323691495497686,0.006700124391790233,4.556180953979492,4.986173152923584,9.304667472839355,9.636720657348633,2.899372100830078,3.219372034072876,0.6305176966358064,7,6,1,False,0.00020474891209687485,0.000295059444233661,0.00036075549232100106,0.00036076392184273686,34.44982500311328,44.32639185934991,59.165462484063276,59.166051698729234,60.99450184924309,90.0,90.0,90.0,1.010132875785748,1.394175809757175,1.4639980138750865,1.479223917020194,,data/Nikolaisen2022_merrill_msh/PLAG072.msh,1813050,1.7290592193603516,voxel,0.009,8853.0,11630.0,1813050,1.7290592193603516,11630,53118,4.58305549621582,4.986173152923584,9.304667472839355,9.636720657348633,2.899372100830078,3.219372034072876,1.1909188416458702e-07,1.1910141808356104e-07,1.1911407498240096e-07,1.1911407498240096e-07,0.40940141615388653,0.575716636452447,0.7031117143403863,0.7031117143403863,1.366064650908894,1.3934020033223498,1.6080899297164652,1.6080990917207203,1.369975839081681,1.7065619573558126,1.969499894156701,1.9695111152744251,35.10778636539435,54.50159629910994,59.71427085418895,59.71427085418895,-1.0,-1.0,-1.0,-1.0,0.008888721466064453,0.012619703433201011,0.015485460459899545,0.015486013149125706,8.888721466064452e-09,1.2619703433201011e-08,1.5485460459899543e-08,1.5486013149125707e-08,4.58305549621582e-06,4.986173152923583e-06,9.304667472839355e-06,9.636720657348633e-06,2.899372100830078e-06,3.2193720340728758e-06,1978896,3349440,1116480,3399552,44659200,81755352.0,77.96797943115234,0.07614060491323471,77.97 MiB,Screening estimate; calibrate with real Merrill.jl runs.,ok,gmsh;pymeshfix_gmsh;voxel,gmsh: Exception: Wrong topology of triangulation for parametrization: one edge is incident to 3 triangles | pymeshfix_gmsh: Exception: Wrong topology of boundary mesh for parametrization
PLAG071,PLAG,data/Nikolaisen2022/Plag Binary meshes/PLAG071-binary.stl,Plag Binary meshes,190521,0.18169498443603516,ascii,0.0088997849695261,0.257114733473045,178,2,02_large,um,1e-06,0.009,9e-09,data/Nikolaisen2022/Plag Binary meshes/PLAG071-binary.stl,190521,612,1221,0.33401332248717097,0.009599071214894906,7.033752918243408,7.402318000793457,9.159394264221191,9.429186820983887,2.8193719387054443,3.1993720531463623,0.5941618725017512,2,2,1,False,0.00020474891209687485,0.00029153774075325965,0.00036075830103975235,0.00036077235479761076,34.44921098410805,44.32772581307149,59.16585537291742,59.16683745232384,60.99450184924309,90.0,90.0,90.0,1.010132875785748,1.3941745078713033,1.4792081425512191,1.4792344341757253,,data/Nikolaisen2022_merrill_msh/PLAG071.msh,2553706,2.435403823852539,voxel,0.009,12615.0,15510.0,2553706,2.435403823852539,15510,75690,7.0427422523498535,7.402318000793457,9.168387413024902,9.429186820983887,2.8193719387054443,3.1993720531463623,1.2189081517819528e-07,1.2190695479344718e-07,1.2191342131979947e-07,1.2191342131979947e-07,0.4073776830975317,0.5777591863608711,0.7026955526191163,0.7027143092590539,1.3660451789997365,1.394220265892904,1.6031513200781684,1.6031597687236434,1.367564165426939,1.7075641202425518,1.9634513573303924,1.9634617047656089,35.33979829765638,54.659847803675476,60.2070214333256,60.20877144132899,-1.0,-1.0,-1.0,-1.0,0.008989334106445312,0.01271553589444772,0.01560597874778199,0.015606253419724278,8.989334106445313e-09,1.2715535894447721e-08,1.560597874778199e-08,1.5606253419724276e-08,7.042742252349853e-06,7.402318000793457e-06,9.168387413024901e-06,9.429186820983887e-06,2.8193719387054443e-06,3.199372053146362e-06,2794320,4466880,1488960,4844160,59558400,109729080.0,104.64580535888672,0.10219316929578781,104.65 MiB,Screening estimate; calibrate with real Merrill.jl runs.,ok,gmsh;pymeshfix_gmsh;voxel,gmsh: Exception: Wrong topology of boundary mesh for parametrization | pymeshfix_gmsh: Exception: Wrong topology of boundary mesh for parametrization
PLAG070,PLAG,data/Nikolaisen2022/Plag Binary meshes/PLAG070-binary.stl,Plag Binary meshes,190756,0.18191909790039062,ascii,0.003673975298796,0.19144581182804,179,2,02_large,um,1e-06,0.009,9e-09,data/Nikolaisen2022/Plag Binary meshes/PLAG070-binary.stl,190756,599,1193,0.28984023133413295,0.0034532700040244228,19.831127166748047,20.035886764526367,-0.22110800445079803,0.5052589774131775,2.8593719005584717,3.01937198638916,0.7714502658566839,6,5,1,False,0.0002047536804639094,0.00021247304140104006,0.0003607514517648948,0.0003607767877153536,34.44912104099038,44.61420393695023,59.164925952612826,59.16669381805782,60.994951380949814,90.0,90.0,90.0,1.0101373749422724,1.393954739333429,1.4639794718962138,1.4792359748196815,,data/Nikolaisen2022_merrill_msh/PLAG070.msh,1085463,1.0351781845092773,pymeshfix_gmsh,,,,1498627,1.4292020797729492,7714,31047,19.83112716674805,20.03588676452637,-0.221108004450798,0.5052589774131775,2.859371900558471,3.019371986389161,7.223479168103381e-09,1.2332631695080897e-07,2.2802353491234523e-07,3.925968049113658e-07,0.0989796779401011,0.5788565584922807,0.8038445722833998,0.9774439880203446,1.0005292012250997,1.2753101638929172,2.0491654776483563,17.4909026533799,1.0088560123473755,1.507901105027897,2.395927916963541,7.223783083279316,9.384704603334068,50.655596567759076,67.1142783255124,82.13308883575536,-1.0,-1.0,-1.0,-1.0,0.0026286742444248446,0.010972927438355094,0.015368750082089447,0.022110818880483833,2.6286742444248443e-09,1.0972927438355093e-08,1.5368750082089447e-08,2.211081888048383e-08,1.983112716674805e-05,2.003588676452637e-05,-2.21108004450798e-07,5.052589774131775e-07,2.8593719005584707e-06,3.019371986389161e-06,1178640,2221632,740544,1987008,29621760,53624376.0,51.14019012451172,0.049941591918468475,51.14 MiB,Screening estimate; calibrate with real Merrill.jl runs.,ok,gmsh;pymeshfix_gmsh,gmsh: Exception: Invalid boundary mesh (overlapping facets) on surface 48 surface 56
PLAG069,PLAG,data/Nikolaisen2022/Plag Binary meshes/PLAG069-binary.stl,Plag Binary meshes,194025,0.18503665924072266,ascii,0.0118319404082632,0.282717342871928,180,2,02_large,um,1e-06,0.009,9e-09,data/Nikolaisen2022/Plag Binary meshes/PLAG069-binary.stl,194025,612,1220,0.33188749624403535,0.012075393970033581,1.7509969472885132,2.1809890270233154,10.38383960723877,10.69513988494873,7.9993720054626465,8.239372253417969,0.582581471174269,0,0,1,True,0.00020473545930599357,0.00029505524619737066,0.0003607526852832725,0.0003607751552557157,34.4493412784001,44.32690794232769,59.165304794171725,59.166836871655654,60.992551298365726,90.0,90.0,90.0,1.0101129187312334,1.3941753057743282,1.4791970870839795,1.4792322023815037,,data/Nikolaisen2022_merrill_msh/PLAG069.msh,3424591,3.265944480895996,voxel,0.009,17051.0,19997.0,3424591,3.265944480895996,19997,102306,1.7509969472885132,2.1809890270233154,10.38383960723877,10.69513988494873,7.9993720054626465,8.239372253417969,1.1802559932566163e-07,1.180382630165764e-07,1.1805249087217798e-07,1.1805406182631949e-07,0.40879934599689105,0.5738366728546656,0.7018650695107713,0.7018744787042537,1.3660535496718165,1.3936399463790992,1.606601251882339,1.6066208613372965,1.3679359566849931,1.7068533768942513,1.9676766436142015,1.9677006601935922,35.06116660569992,54.622904352524,59.863539810980264,59.863539810980264,-1.0,-1.0,-1.0,-1.0,0.00888824462890625,0.012574596998971892,0.015439242335308877,0.015439860896830498,8.88824462890625e-09,1.2574596998971891e-08,1.5439242335308876e-08,1.5439860896830497e-08,1.750996947288513e-06,2.1809890270233155e-06,1.0383839607238769e-05,1.0695139884948729e-05,7.999372005462646e-06,8.239372253417968e-06,3753720,5759136,1919712,6547584,76788480,142152948.0,135.5676155090332,0.13239024952054024,135.57 MiB,Screening estimate; calibrate with real Merrill.jl runs.,ok,gmsh;pymeshfix_gmsh;voxel,gmsh: Exception: Wrong topology of boundary mesh for parametrization | pymeshfix_gmsh: Exception: Wrong topology of boundary mesh for parametrization
PLAG068,PLAG,data/Nikolaisen2022/Plag Binary meshes/PLAG068-binary.stl,Plag Binary meshes,194490,0.18548011779785156,ascii,0.004068714786252,0.198070383126387,181,2,02_large,um,1e-06,0.009,9e-09,data/Nikolaisen2022/Plag Binary meshes/PLAG068-binary.stl,194490,608,1206,0.3357199624665981,0.002975242448599902,-0.3784860074520111,0.15388500690460205,12.54218578338623,12.770471572875977,3.039371967315674,3.7993719577789307,0.9555800772903317,15,8,1,False,0.00020474976891282637,0.0002915454713693688,0.0003607570731616215,0.00036076005753603145,34.45003607323037,44.326204277207715,59.165576054114055,59.16578159038937,60.99456987540766,90.0,90.0,90.0,1.0101335496783774,1.3941759930370499,1.479209488904366,1.4792203019037138,,data/Nikolaisen2022_merrill_msh/PLAG068.msh,1313753,1.2528924942016602,voxel,0.009,6279.0,9242.0,1313753,1.2528924942016602,9242,37674,-0.3694627583026886,0.15388500690460205,12.54218578338623,12.770471572875977,3.039371967315674,3.7993719577789307,1.2424477133258442e-07,1.2424518169418461e-07,1.2424845578456342e-07,1.2424845578456342e-07,0.4086701966325724,0.5718733423857606,0.6996374004973618,0.6996376927885445,1.366085250887085,1.3937225465986474,1.6063160231601707,1.606316152404634,1.36940762597593,1.7069545410895188,1.967327311199552,1.9673274694910456,34.97916411671986,54.64813580871308,59.89312492445364,59.89315243098344,-1.0,-1.0,-1.0,-1.0,0.009023219347000122,0.01277795871310487,0.015705516536237918,0.015705533658450285,9.023219347000122e-09,1.2777958713104869e-08,1.5705516536237917e-08,1.5705533658450285e-08,-3.694627583026886e-07,1.5388500690460204e-07,1.254218578338623e-05,1.2770471572875977e-05,3.0393719673156736e-06,3.7993719577789305e-06,1427376,2661696,887232,2411136,35489280,64315080.0,61.33563995361328,0.05989808589220047,61.34 MiB,Screening estimate; calibrate with real Merrill.jl runs.,ok,gmsh;pymeshfix_gmsh;voxel,gmsh: Exception: Wrong topology of boundary mesh for parametrization | pymeshfix_gmsh: Exception: Wrong topology of boundary mesh for parametrization
PLAG067,PLAG,data/Nikolaisen2022/Plag Binary meshes/PLAG067-binary.stl,Plag Binary meshes,204678,0.19519615173339844,ascii,0.007324170199347,0.240946118905391,182,2,02_large,um,1e-06,0.009,9e-09,data/Nikolaisen2022/Plag Binary meshes/PLAG067-binary.stl,204678,649,1287,0.3461439233898126,0.005506023808517616,8.610389709472656,8.938003540039062,5.83886194229126,6.253928184509277,12.499371528625488,12.839371681213379,0.628658024021939,11,6,1,False,0.0002047390353254741,0.0002950561534005904,0.0003607611074756598,0.0003607948264162529,34.448262609097725,44.32774165145066,59.16549591991213,59.167819029164136,60.99292988461106,90.0,90.0,90.0,1.0101166691413201,1.3941744924291908,1.4639931274490585,1.4792506797935838,,data/Nikolaisen2022_merrill_msh/PLAG067.msh,2069530,1.9736576080322266,voxel,0.009,10144.0,13044.0,2069530,1.9736576080322266,13044,60864,8.62859058380127,8.938003540039062,5.83886194229126,6.226858615875244,12.499371528625488,12.839371681213379,1.224393155272128e-07,1.2244578626579897e-07,1.2245861856366794e-07,1.2245861856366794e-07,0.4099169999020509,0.5724145790790923,0.6981270448717333,0.6981270448717333,1.366134976032682,1.393249289072033,1.6095055453055178,1.6095055453055178,1.371866136682863,1.7063749213609511,1.9712336620892552,1.9712336620892552,34.91833854432333,54.39306117749029,59.58017665729015,59.581058103319904,-1.0,-1.0,-1.0,-1.0,0.008947372436523438,0.012707219329068061,0.015629545771797607,0.01563010104698942,8.947372436523437e-09,1.2707219329068061e-08,1.5629545771797607e-08,1.5630101046989418e-08,8.628590583801269e-06,8.938003540039062e-06,5.838861942291259e-06,6.226858615875244e-06,1.2499371528625488e-05,1.2839371681213378e-05,2260704,3756672,1252224,3895296,50088960,91880784.0,87.62434387207031,0.08557064831256866,87.62 MiB,Screening estimate; calibrate with real Merrill.jl runs.,ok,gmsh;pymeshfix_gmsh;voxel,gmsh: Exception: Wrong topology of boundary mesh for parametrization | pymeshfix_gmsh: Exception: Wrong topology of boundary mesh for parametrization
PLAG066,PLAG,data/Nikolaisen2022/Plag Binary meshes/PLAG066-binary.stl,Plag Binary meshes,204967,0.19547176361083984,ascii,0.0118322310143337,0.282719657474059,183,2,02_large,um,1e-06,0.009,9e-09,data/Nikolaisen2022/Plag Binary meshes/PLAG066-binary.stl,204967,644,1283,0.35820816918233955,0.013664615627472844,17.967830657958984,18.254491806030273,2.248538017272949,2.580590009689331,9.739372253417969,10.099371910095215,0.5674794201457648,10,9,1,False,0.0002047390353254741,0.0002915498287213957,0.00036076673515312863,0.0003607807817018705,34.44837170511388,44.61268644343895,59.16620934956453,59.167819029164136,60.99292988461106,90.0,90.0,90.0,1.0101166691413204,1.3939555898104825,1.479205152130692,1.47924881089248,,data/Nikolaisen2022_merrill_msh/PLAG066.msh,3374191,3.217879295349121,voxel,0.009,16767.0,19901.0,3374191,3.217879295349121,19901,100602,17.967830657958984,18.254491806030273,2.275461196899414,2.580590009689331,9.739372253417969,10.099371910095215,1.205708187682758e-07,1.2059649398521964e-07,1.2060927309870753e-07,1.2061247729820007e-07,0.40771088417744866,0.5769523561292614,0.7044882700548186,0.7044976544228889,1.366033539163114,1.3940643463450093,1.6039667504973063,1.6039710806217953,1.367465472094901,1.7073731585759173,1.9644500515542074,1.9644553548519694,35.275637191393166,54.72075575305981,60.125943780140105,60.12944436792606,-1.0,-1.0,-1.0,-1.0,0.0089569091796875,0.012680642752620227,0.015549776271092643,0.015550465849505406,8.9569091796875e-09,1.2680642752620226e-08,1.5549776271092642e-08,1.5550465849505406e-08,1.7967830657958984e-05,1.8254491806030273e-05,2.275461196899414e-06,2.580590009689331e-06,9.739372253417969e-06,1.0099371910095215e-05,3696888,5731488,1910496,6438528,76419840,141295860.0,134.7502326965332,0.1315920241177082,134.75 MiB,Screening estimate; calibrate with real Merrill.jl runs.,ok,gmsh;pymeshfix_gmsh;voxel,gmsh: Exception: Wrong topology of triangulation for parametrization: one edge is incident to 3 triangles | pymeshfix_gmsh: Exception: Wrong topology of boundary mesh for parametrization
