particle_id,phase,source_path,source_folder,stl_size_bytes,stl_size_mib,stl_format,metadata_volume_um3,metadata_evsd_um,size_rank,size_bin_index,size_bin,input_unit,input_scale_to_meters,target_edge_length_native,target_edge_length_m,surface_path,surface_file_size_bytes,surface_n_points_surface,surface_n_triangles_surface,surface_surface_area,surface_surface_volume,surface_bbox_xmin,surface_bbox_xmax,surface_bbox_ymin,surface_bbox_ymax,surface_bbox_zmin,surface_bbox_zmax,surface_bbox_diagonal,surface_boundary_edge_count,surface_non_manifold_edge_count,surface_connected_components,surface_is_watertight,surface_area_min,surface_area_median,surface_area_p95,surface_area_max,surface_min_angle_min,surface_min_angle_median,surface_min_angle_p95,surface_min_angle_max,surface_max_angle_min,surface_max_angle_median,surface_max_angle_p95,surface_max_angle_max,surface_aspect_ratio_min,surface_aspect_ratio_median,surface_aspect_ratio_p95,surface_aspect_ratio_max,msh_path,merrill_msh_path,merrill_msh_size_bytes,merrill_msh_size_mib,mesh_strategy,msh_size_bytes,msh_size_mib,n_nodes,n_tets,bbox_xmin,bbox_xmax,bbox_ymin,bbox_ymax,bbox_zmin,bbox_zmax,volume_min,volume_median,volume_p95,volume_max,scaled_jacobian_min,scaled_jacobian_median,scaled_jacobian_p95,scaled_jacobian_max,radius_ratio_min,radius_ratio_median,radius_ratio_p95,radius_ratio_max,aspect_ratio_min,aspect_ratio_median,aspect_ratio_p95,aspect_ratio_max,min_angle_min,min_angle_median,min_angle_p95,min_angle_max,max_angle_min,max_angle_median,max_angle_p95,max_angle_max,edge_length_min,edge_length_median,edge_length_p95,edge_length_max,edge_length_min_m,edge_length_median_m,edge_length_p95_m,edge_length_max_m,bbox_xmin_m,bbox_xmax_m,bbox_ymin_m,bbox_ymax_m,bbox_zmin_m,bbox_zmax_m,mesh_storage_bytes,vector_state_bytes,scalar_state_bytes,tet_workspace_bytes,sparse_operator_bytes,estimated_memory_bytes,estimated_memory_mib,estimated_memory_gib,estimated_memory_human,estimate_note,status,attempted_mesh_strategies,strategy_errors,voxel_spacing_native,voxel_cells,voxel_points
PLAG246,PLAG,/Users/yimingzhang/Github/stl2fem.jl/data/Nikolaisen2022/Plag Binary meshes/PLAG246-binary.stl,Plag Binary meshes,7173,0.006840705871582031,ascii,3.84640588890761e-05,0.0418811722974026,0,0,00_smallest,um,1e-06,0.009,9e-09,/Users/yimingzhang/Github/stl2fem.jl/data/Nikolaisen2022/Plag Binary meshes/PLAG246-binary.stl,7173,24,44,0.010484310587145872,5.382517665317574e-05,22.882022857666016,22.98440170288086,10.632880210876465,10.69513988494873,9.27937126159668,9.299371719360352,0.12148132891052066,0,0,1,True,0.00020475856217672117,0.00021246190499368822,0.0003607442521425079,0.00036075548898968916,34.4504705156794,44.61433184461598,59.16546225162776,59.16546225162776,60.99449031283514,90.0,90.0,90.0,1.0101326346934139,1.3939546678003747,1.3946582682586561,1.4792128612444826,,/Users/yimingzhang/Github/stl2fem.jl/data/Nikolaisen2022_merrill_msh/PLAG246.msh,29496,0.02812957763671875,gmsh,34365,0.03277301788330078,272,776,22.882023,22.984402,10.63288,10.69514,9.279370999999998,9.299372000000002,1.3577601146697649e-08,6.178355496363242e-08,1.4431019293215214e-07,2.1709591772318634e-07,0.1722511472994757,0.5154234777976523,0.7789737311698745,0.9040951344540646,1.0052975079715905,1.3476114212148145,2.1354418955627574,3.315043716520733,1.0355577588693166,1.5919888802717592,2.5186320999838223,3.9395996312311596,15.011490950072057,49.607563959233666,66.80487957011516,78.19666220940502,-1.0,-1.0,-1.0,-1.0,0.00409268951163293,0.008660598333322474,0.013239551502441665,0.01597654908085078,4.09268951163293e-09,8.660598333322473e-09,1.3239551502441664e-08,1.597654908085078e-08,2.2882023e-05,2.2984402e-05,1.063288e-05,1.069514e-05,9.279370999999997e-06,9.299372000000001e-06,31360,78336,26112,49664,1044480,1844928.0,1.75946044921875,0.0017182230949401855,1.76 MiB,Screening estimate; calibrate with real Merrill.jl runs.,ok,gmsh,,,,
PLAG245,PLAG,/Users/yimingzhang/Github/stl2fem.jl/data/Nikolaisen2022/Plag Binary meshes/PLAG245-binary.stl,Plag Binary meshes,8130,0.0077533721923828125,ascii,4.69969985248397e-05,0.0447737874649074,1,0,00_smallest,um,1e-06,0.009,9e-09,/Users/yimingzhang/Github/stl2fem.jl/data/Nikolaisen2022/Plag Binary meshes/PLAG245-binary.stl,8130,27,49,0.011406757777586922,0.0019795527993395,18.00878143310547,18.09068489074707,14.243958473205566,14.306217193603516,11.939372062683105,11.959371566772461,0.10480603419202439,2,1,1,False,0.00020474879875109764,0.00021246190499368822,0.0003607330175470724,0.0003607555002254055,34.45042416714881,44.61433184461598,59.16467692102466,59.166248488915194,60.996050787406936,90.0,90.0,90.0,1.010148601100164,1.3939546678003747,1.4639737687760097,1.4792136550338595,,/Users/yimingzhang/Github/stl2fem.jl/data/Nikolaisen2022_merrill_msh/PLAG245.msh,31008,0.029571533203125,pymeshfix_gmsh,38444,0.036663055419921875,283,819,18.00878143310547,18.09068489074707,14.24395847320557,14.30621719360352,11.9393720626831,11.95937156677246,1.2901729610439355e-08,6.567364260347939e-08,1.4684604054915624e-07,2.7119380372706165e-07,0.19698492352111222,0.534675729619855,0.7772419716408735,0.9499627525465206,1.006572808377564,1.3428717366354033,1.943309311646801,3.2714407351252963,1.0476839717670694,1.575499085505554,2.261554319503947,3.881296932677681,14.135792789206628,50.187471196756874,67.94279218520917,78.7086860047774,-1.0,-1.0,-1.0,-1.0,0.0040963487488108,0.008946291258451547,0.013428277385509458,0.01624259120343295,4.0963487488108e-09,8.946291258451546e-09,1.3428277385509457e-08,1.6242591203432952e-08,1.8008781433105467e-05,1.809068489074707e-05,1.4243958473205569e-05,1.4306217193603519e-05,1.1939372062683099e-05,1.1959371566772459e-05,33000,81504,27168,52416,1086720,1921212.0,1.8322105407714844,0.0017892681062221527,1.83 MiB,Screening estimate; calibrate with real Merrill.jl runs.,ok,gmsh;pymeshfix_gmsh,gmsh: ValueError: zero-size array to reduction operation maximum which has no identity,,,
PLAG244,PLAG,/Users/yimingzhang/Github/stl2fem.jl/data/Nikolaisen2022/Plag Binary meshes/PLAG244-binary.stl,Plag Binary meshes,8461,0.008069038391113281,ascii,4.27812525837605e-05,0.0433928616043066,2,0,00_smallest,um,1e-06,0.009,9e-09,/Users/yimingzhang/Github/stl2fem.jl/data/Nikolaisen2022/Plag Binary meshes/PLAG244-binary.stl,8461,28,52,0.012165666673664328,6.232362873892013e-05,26.485763549804688,26.58814239501953,8.806587219238281,8.868847846984863,15.639371871948242,15.659371376037598,0.12148166066836402,0,0,1,True,0.00020474879875109764,0.00021247166841931175,0.000360744254220975,0.0003607667372703575,35.94463321634594,44.61367368031368,59.16383426248813,59.16471640478044,60.996050787406936,90.0,90.0,90.0,1.010148601100164,1.3939550364495108,1.3943953045114725,1.4557942858243378,,/Users/yimingzhang/Github/stl2fem.jl/data/Nikolaisen2022_merrill_msh/PLAG244.msh,33080,0.03154754638671875,gmsh,38439,0.036658287048339844,305,871,26.485764,26.588142,8.806587,8.868848000000002,15.639372,15.659371,1.1963706749540876e-08,6.461570466249542e-08,1.4755065538169217e-07,2.6859950563459747e-07,0.21213463098916657,0.5260625115449293,0.7893524477776881,0.9432144414500326,1.002756402843772,1.3401244769340759,2.1078606268165965,3.2236370969708967,1.0303151074282342,1.5894167373630554,2.4386243874213234,3.8235331048881553,14.426790246954859,50.16162533052756,66.2652059740582,78.40599789472955,-1.0,-1.0,-1.0,-1.0,0.004492611034311138,0.008762163942652222,0.013467333676492822,0.017122509277877902,4.492611034311138e-09,8.762163942652222e-09,1.346733367649282e-08,1.7122509277877903e-08,2.6485763999999998e-05,2.6588142e-05,8.806587e-06,8.868848000000002e-06,1.5639371999999998e-05,1.5659371e-05,35192,87840,29280,55744,1171200,2068884.0,1.9730415344238281,0.0019267983734607697,1.97 MiB,Screening estimate; calibrate with real Merrill.jl runs.,ok,gmsh,,,,
PLAG243,PLAG,/Users/yimingzhang/Github/stl2fem.jl/data/Nikolaisen2022/Plag Binary meshes/PLAG243-binary.stl,Plag Binary meshes,8955,0.008540153503417969,ascii,2.97097646768663e-05,0.0384267389352994,3,0,00_smallest,um,1e-06,0.009,9e-09,/Users/yimingzhang/Github/stl2fem.jl/data/Nikolaisen2022/Plag Binary meshes/PLAG243-binary.stl,8955,29,54,0.014310728330274955,0.008038273079907173,21.694425582885742,21.796804428100586,11.649792671203613,11.712052345275879,14.559371948242188,14.61937141418457,0.13400608522183174,5,5,1,False,0.00020474879875109764,0.0002124816965078935,0.0003607594324501086,0.0003607779723713267,35.38975863716515,44.61433184461598,59.166248488915194,59.16703377057601,60.99449031283514,90.0,90.0,90.0,1.0101326346934139,1.3939546678003747,1.4639867194934397,1.4639931274490585,,/Users/yimingzhang/Github/stl2fem.jl/data/Nikolaisen2022_merrill_msh/PLAG243.msh,35236,0.033603668212890625,pymeshfix_gmsh,43577,0.041558265686035156,317,936,21.69442558288574,21.79680442810059,11.64979267120361,11.71205234527588,14.55937194824219,14.61937141418457,6.286156052043942e-09,5.922981607564612e-08,1.2213590466855948e-07,2.23695854734563e-07,0.16728058629276873,0.5553161894772458,0.7931723438623302,0.9994762480844273,1.0004658147769299,1.3148554750967973,2.0946051868350737,3.0560697048268852,1.0093778495979258,1.5563474247682314,2.4204173738790953,3.725027373628816,16.001051557996444,49.33621593483113,66.4670213303054,78.93825555373054,-1.0,-1.0,-1.0,-1.0,0.003832955050795919,0.008404316834450639,0.013031333605663427,0.01610920498316525,3.832955050795919e-09,8.404316834450639e-09,1.3031333605663426e-08,1.6109204983165248e-08,2.1694425582885738e-05,2.1796804428100588e-05,1.164979267120361e-05,1.171205234527588e-05,1.4559371948242189e-05,1.461937141418457e-05,37560,91296,30432,59904,1217280,2154708.0,2.054889678955078,0.0020067282021045685,2.05 MiB,Screening estimate; calibrate with real Merrill.jl runs.,ok,gmsh;pymeshfix_gmsh,gmsh: Exception: Invalid boundary mesh (overlapping facets) on surface 13 surface 3,,,
PLAG242,PLAG,/Users/yimingzhang/Github/stl2fem.jl/data/Nikolaisen2022/Plag Binary meshes/PLAG242-binary.stl,Plag Binary meshes,9117,0.008694648742675781,ascii,3.26354413361744e-05,0.0396488220624467,4,0,00_smallest,um,1e-06,0.009,9e-09,/Users/yimingzhang/Github/stl2fem.jl/data/Nikolaisen2022/Plag Binary meshes/PLAG242-binary.stl,9117,29,56,0.013548322445889611,0.004034221831868452,10.76034927368164,10.862728118896484,9.491447448730469,9.595213890075684,11.399372100830078,11.419371604919434,0.14713559209380644,2,4,1,False,0.00020474879875109764,0.00021247166841931175,0.0003607555002254055,0.0003607667372703575,34.44980179266129,44.61301551601138,59.165099425814134,59.166248488915194,60.996050787406936,90.0,90.0,90.0,1.010148601100164,1.393955405098647,1.4677911339614673,1.479224314564088,,/Users/yimingzhang/Github/stl2fem.jl/data/Nikolaisen2022_merrill_msh/PLAG242.msh,15614,0.014890670776367188,voxel,15614,0.014890670776367188,158,396,10.76965618133545,10.853421211242676,9.50874137878418,9.586566925048828,11.399372100830078,11.419371604919434,1.3411778685681539e-07,1.34130578252796e-07,1.3414632321628872e-07,1.3415911733390592e-07,0.38978500783370224,0.5536800330476656,0.6302777777766975,0.6303175466976368,1.3741143999251946,1.4086179952294497,1.5804845081252188,1.580499404946649,1.4219493530329264,1.7251976654071697,1.93569029564022,1.9357085404458663,35.09552250523222,51.76679685961564,63.538130398804014,63.538130398804014,-1.0,-1.0,-1.0,-1.0,0.008646965026855469,0.012703878708968478,0.016167656352770746,0.016168715411398298,8.646965026855469e-09,1.2703878708968478e-08,1.6167656352770746e-08,1.6168715411398297e-08,1.0769656181335449e-05,1.0853421211242676e-05,9.508741378784179e-06,9.586566925048828e-06,1.1399372100830078e-05,1.1419371604919433e-05,16464,45504,15168,25344,606720,1063800.0,1.0145187377929688,0.000990740954875946,1.01 MiB,Screening estimate; calibrate with real Merrill.jl runs.,ok,gmsh;pymeshfix_gmsh;voxel,gmsh: Exception: Wrong topology of triangulation for parametrization: one edge is incident to 3 triangles | pymeshfix_gmsh: RuntimeError: Mesh worker exited with code -11 without a result.,0.009,66.0,158.0
PLAG241,PLAG,/Users/yimingzhang/Github/stl2fem.jl/data/Nikolaisen2022/Plag Binary meshes/PLAG241-binary.stl,Plag Binary meshes,9120,0.008697509765625,ascii,5.09825926968688e-05,0.0460052891952411,5,0,00_smallest,um,1e-06,0.009,9e-09,/Users/yimingzhang/Github/stl2fem.jl/data/Nikolaisen2022/Plag Binary meshes/PLAG241-binary.stl,9120,30,55,0.012740026820353221,0.0023187955017363064,13.176492691040039,13.237920761108398,11.587532997131348,11.691299438476562,12.919371604919434,12.939372062683105,0.12223297612563315,2,1,1,False,0.00020475856217672117,0.00021247166841931175,0.0003161344164823923,0.00036076673515312863,35.3904031314035,44.61433184461598,48.981538762184385,59.16703377057601,60.99449031283514,90.0,90.0,90.0,1.0101326346934139,1.3939546678003747,1.455803326202319,1.463983269055799,,/Users/yimingzhang/Github/stl2fem.jl/data/Nikolaisen2022_merrill_msh/PLAG241.msh,32212,0.030719757080078125,pymeshfix_gmsh,39909,0.03806018829345703,293,852,13.17649269104004,13.2379207611084,11.58753299713135,11.67054557800293,12.91937160491943,12.93937206268311,9.063410963581885e-09,7.152814096181522e-08,1.6957020875206156e-07,2.583840367510544e-07,0.14227930742818762,0.5388597165402867,0.789626545485752,0.9604544056136018,1.0024861258553381,1.3182803951220738,2.129193894964621,3.2512962752434316,1.0287623488444622,1.5518730998065395,2.4443496502724518,3.947032860834253,12.245999731807366,49.18964306965553,67.63030032196609,82.52257113958578,-1.0,-1.0,-1.0,-1.0,0.003699307630009931,0.009319737045839285,0.013718499370624507,0.01676899440694701,3.699307630009931e-09,9.319737045839285e-09,1.3718499370624506e-08,1.6768994406947008e-08,1.317649269104004e-05,1.32379207611084e-05,1.1587532997131349e-05,1.167054557800293e-05,1.2919371604919429e-05,1.293937206268311e-05,34296,84384,28128,54528,1125120,1989684.0,1.8975105285644531,0.0018530376255512238,1.90 MiB,Screening estimate; calibrate with real Merrill.jl runs.,ok,gmsh;pymeshfix_gmsh,gmsh: ValueError: zero-size array to reduction operation maximum which has no identity,,,
PLAG240,PLAG,/Users/yimingzhang/Github/stl2fem.jl/data/Nikolaisen2022/Plag Binary meshes/PLAG240-binary.stl,Plag Binary meshes,9603,0.009158134460449219,ascii,4.37692952294603e-05,0.0437243783666744,6,0,00_smallest,um,1e-06,0.009,9e-09,/Users/yimingzhang/Github/stl2fem.jl/data/Nikolaisen2022/Plag Binary meshes/PLAG240-binary.stl,9603,32,59,0.014617580981309969,0.0010534701702820865,-0.6651470065116882,-0.5832440257072449,11.213973045349121,11.276232719421387,6.6193718910217285,6.659371852874756,0.11038279860776046,2,1,1,False,0.00020475010418863349,0.00021246808984187737,0.00036074678432365773,0.0003607568975124945,35.390241208915626,44.61384937909773,59.164853493404905,59.16556070683918,60.994986612736106,90.0,90.0,90.0,1.0101378049491077,1.3939549377458706,1.463966475011332,1.4639857458006889,,/Users/yimingzhang/Github/stl2fem.jl/data/Nikolaisen2022_merrill_msh/PLAG240.msh,38877,0.03707599639892578,pymeshfix_gmsh,48977,0.046708106994628906,349,1034,-0.6651470065116882,-0.5832440257072449,11.21397304534912,11.27623271942139,6.619371891021728,6.659371852874757,1.1163078088223217e-08,6.287686275874005e-08,1.4488153514255082e-07,2.1722953448968764e-07,0.16677643275528414,0.5698153627517593,0.7924094244827414,0.9787641006262304,1.0005846545232893,1.2983403689521067,1.9933910633994172,4.079863034935052,1.014493388979903,1.5285180989460623,2.308417052087669,4.773086920189067,13.313471862035158,49.71580993199433,67.26219372901603,79.18152675886834,-1.0,-1.0,-1.0,-1.0,0.004288576985827226,0.008739956950483335,0.012997672754405012,0.01585060241212174,4.288576985827226e-09,8.739956950483334e-09,1.2997672754405012e-08,1.585060241212174e-08,-6.651470065116882e-07,-5.832440257072449e-07,1.1213973045349118e-05,1.1276232719421389e-05,6.6193718910217276e-06,6.6593718528747564e-06,41464,100512,33504,66176,1340160,2372724.0,2.262805938720703,0.0022097714245319366,2.26 MiB,Screening estimate; calibrate with real Merrill.jl runs.,ok,gmsh;pymeshfix_gmsh,gmsh: ValueError: zero-size array to reduction operation maximum which has no identity,,,
PLAG239,PLAG,/Users/yimingzhang/Github/stl2fem.jl/data/Nikolaisen2022/Plag Binary meshes/PLAG239-binary.stl,Plag Binary meshes,9765,0.009312629699707031,ascii,7.59469690081865e-05,0.052541678331426,7,0,00_smallest,um,1e-06,0.009,9e-09,/Users/yimingzhang/Github/stl2fem.jl/data/Nikolaisen2022/Plag Binary meshes/PLAG239-binary.stl,9765,33,60,0.016391451633075288,0.009351876355391302,4.924746036529541,5.047601222991943,13.559098243713379,13.662864685058594,11.899372100830078,11.939372062683105,0.16571321051263596,6,4,1,False,0.00020474879875109764,0.0002520061772882011,0.0003607557700287106,0.0003607611097701182,34.45011714047594,44.614998937413766,59.165069821995466,59.16585514036257,60.99449031283514,90.0,90.0,90.0,1.0101326346934139,1.393954295109688,1.4639839730610753,1.4792189134431564,,/Users/yimingzhang/Github/stl2fem.jl/data/Nikolaisen2022_merrill_msh/PLAG239.msh,49573,0.04727649688720703,pymeshfix_gmsh,61322,0.05848121643066406,419,1346,4.924746036529541,5.027124881744385,13.55909824371338,13.66286468505859,11.89937210083008,11.93937206268311,9.32293000670943e-09,6.805022487761912e-08,1.4126065401261205e-07,2.4960447091879604e-07,0.1157879300945097,0.5255409528780954,0.7848852894805609,0.9495591881911211,1.0043257977900153,1.3360322343703852,2.30074888303316,4.24713993079624,1.039100389043293,1.5766170717003043,2.654461167415145,4.377612185724417,12.312491776977154,48.33737063072469,66.73666003871375,79.81459609430503,-1.0,-1.0,-1.0,-1.0,0.003043322803079084,0.009131039226132606,0.013388046897395561,0.016092934733107793,3.0433228030790837e-09,9.131039226132606e-09,1.3388046897395561e-08,1.6092934733107793e-08,4.924746036529541e-06,5.027124881744385e-06,1.355909824371338e-05,1.366286468505859e-05,1.1899372100830079e-05,1.1939372062683111e-05,53128,120672,40224,86144,1608960,2863692.0,2.731029510498047,0.002667021006345749,2.73 MiB,Screening estimate; calibrate with real Merrill.jl runs.,ok,gmsh;pymeshfix_gmsh,gmsh: Exception: Wrong topology of triangulation for parametrization: one edge is incident to 3 triangles,,,
PLAG238,PLAG,/Users/yimingzhang/Github/stl2fem.jl/data/Nikolaisen2022/Plag Binary meshes/PLAG238-binary.stl,Plag Binary meshes,10251,0.009776115417480469,ascii,4.66399513025332e-05,0.0446601134522148,8,0,00_smallest,um,1e-06,0.009,9e-09,/Users/yimingzhang/Github/stl2fem.jl/data/Nikolaisen2022/Plag Binary meshes/PLAG238-binary.stl,10251,34,63,0.01505251149872946,0.0025565900498335137,8.733243942260742,8.835624694824219,10.051786422729492,10.13479995727539,12.939372062683105,12.959371566772461,0.13331558639966684,6,5,1,False,0.00020474879875109764,0.00021247166841931175,0.0003607431305535847,0.0003607667372703575,35.39102426263919,44.61433184461598,59.16467692102466,59.166248488915194,60.996050787406936,90.0,90.0,90.0,1.010148601100164,1.3939546678003747,1.455810946332698,1.4639737687760097,,/Users/yimingzhang/Github/stl2fem.jl/data/Nikolaisen2022_merrill_msh/PLAG238.msh,33556,0.032001495361328125,pymeshfix_gmsh,41723,0.03979015350341797,307,886,8.733243942260742,8.815147399902344,10.05178642272949,10.13479995727539,12.9393720626831,12.95937156677246,1.274417545314874e-08,7.068279304682545e-08,1.5877076170232525e-07,2.7967840158173693e-07,0.1695221680184055,0.5612501400537778,0.7901264418730867,0.9513468731477881,1.004898829412203,1.3019191503432828,1.932708112234296,4.068221189602475,1.040830938598331,1.541688103662623,2.2465025673443835,4.789336358179515,13.206816917979117,49.94610043568461,67.88732169122073,79.91887506153016,-1.0,-1.0,-1.0,-1.0,0.003763940844420486,0.00891380083435617,0.013616302441018382,0.016621224209520225,3.763940844420486e-09,8.91380083435617e-09,1.3616302441018381e-08,1.6621224209520223e-08,8.733243942260742e-06,8.815147399902344e-06,1.005178642272949e-05,1.013479995727539e-05,1.29393720626831e-05,1.2959371566772458e-05,35720,88416,29472,56704,1178880,2083788.0,1.9872550964355469,0.0019406788051128387,1.99 MiB,Screening estimate; calibrate with real Merrill.jl runs.,ok,gmsh;pymeshfix_gmsh,gmsh: Exception: Invalid boundary mesh (overlapping facets) on surface 2 surface 10,,,
PLAG237,PLAG,/Users/yimingzhang/Github/stl2fem.jl/data/Nikolaisen2022/Plag Binary meshes/PLAG237-binary.stl,Plag Binary meshes,10440,0.00995635986328125,ascii,8.38789345444235e-05,0.0543106200432981,9,0,00_smallest,um,1e-06,0.009,9e-09,/Users/yimingzhang/Github/stl2fem.jl/data/Nikolaisen2022/Plag Binary meshes/PLAG237-binary.stl,10440,34,63,0.016851120907622516,0.00210275697770543,12.214130401611328,12.29603385925293,14.181697845458984,14.243958473205566,11.579371452331543,11.639371871948242,0.11909917084189993,2,1,1,False,0.00020474879875109764,0.0002950629283111731,0.00036075548898968916,0.0003607779723713267,34.44980179266129,43.939559905881936,59.164602244471176,59.16550169673353,60.99449031283514,90.0,90.0,90.0,1.0101326346934139,1.394662388477074,1.4639931274490585,1.479224314564088,,/Users/yimingzhang/Github/stl2fem.jl/data/Nikolaisen2022_merrill_msh/PLAG237.msh,53577,0.051095008850097656,pymeshfix_gmsh,66656,0.063568115234375,461,1447,12.21413040161133,12.29603385925293,14.18169784545898,14.24395847320557,11.57937145233154,11.63937187194824,4.760493826598049e-09,6.59431644978553e-08,1.5037529674191577e-07,2.5962563132222953e-07,0.19516606760517619,0.5592975849093613,0.8045883362161775,0.9773612952463844,1.0008117618296704,1.3055807704354945,1.9897850805907547,3.1706864534884036,1.014949376415744,1.5361246103318746,2.3182821842274994,3.7916822611393743,13.340909745088355,49.5392495873898,67.46108606590286,79.13939121823222,-1.0,-1.0,-1.0,-1.0,0.003709210099582944,0.00891431337152743,0.013496779730297554,0.017332025963878995,3.7092100995829437e-09,8.91431337152743e-09,1.3496779730297554e-08,1.7332025963878996e-08,1.221413040161133e-05,1.229603385925293e-05,1.418169784545898e-05,1.4243958473205569e-05,1.1579371452331539e-05,1.163937187194824e-05,57368,132768,44256,92608,1770240,3145860.0,3.0001258850097656,0.0029298104345798492,3.00 MiB,Screening estimate; calibrate with real Merrill.jl runs.,ok,gmsh;pymeshfix_gmsh,gmsh: ValueError: zero-size array to reduction operation maximum which has no identity,,,
PLAG236,PLAG,/Users/yimingzhang/Github/stl2fem.jl/data/Nikolaisen2022/Plag Binary meshes/PLAG236-binary.stl,Plag Binary meshes,10539,0.010050773620605469,ascii,0.0001042111229926,0.0583855198228483,10,0,00_smallest,um,1e-06,0.009,9e-09,/Users/yimingzhang/Github/stl2fem.jl/data/Nikolaisen2022/Plag Binary meshes/PLAG236-binary.stl,10539,35,66,0.016660106010715506,0.00012181762882132542,0.11293300241231918,0.1743600070476532,10.674386024475098,10.798906326293945,4.5593719482421875,4.599371910095215,0.14449421930226103,0,0,1,True,0.00020475971542843752,0.00021247793086587308,0.00036075443959022026,0.0003607572488107909,34.45065843091505,44.61389107162345,59.16556684575022,59.16558526247458,60.99496295161513,90.0,90.0,90.0,1.0101375705500524,1.3939549144050551,1.4558002021605088,1.4792096429531159,,/Users/yimingzhang/Github/stl2fem.jl/data/Nikolaisen2022_merrill_msh/PLAG236.msh,54277,0.05176258087158203,gmsh,63012,0.060092926025390625,454,1479,0.112933,0.17436,10.674386,10.798906,4.559372,4.599372000000001,1.6386292108243415e-08,7.537156800670302e-08,1.608143824409373e-07,2.626216018748546e-07,0.17355208766206784,0.5522035448648945,0.7958920056260999,0.9688404247933581,1.0009996841020963,1.3135384041038032,2.07785019250004,3.3301756257850172,1.0184188396495313,1.554241320643822,2.380889749720166,4.024292869393838,15.996884532027934,49.90923531289433,66.68773855919478,81.81281189857049,-1.0,-1.0,-1.0,-1.0,0.004252924154830906,0.009428175346740762,0.013758437736785952,0.016890716827739093,4.252924154830906e-09,9.428175346740762e-09,1.3758437736785951e-08,1.6890716827739093e-08,1.12933e-07,1.7435999999999998e-07,1.0674385999999999e-05,1.0798906e-05,4.559371999999999e-06,4.5993720000000005e-06,58224,130752,43584,94656,1743360,3105864.0,2.9619827270507812,0.0028925612568855286,2.96 MiB,Screening estimate; calibrate with real Merrill.jl runs.,ok,gmsh,,,,
PLAG235,PLAG,/Users/yimingzhang/Github/stl2fem.jl/data/Nikolaisen2022/Plag Binary meshes/PLAG235-binary.stl,Plag Binary meshes,11223,0.010703086853027344,ascii,0.0001036510382874,0.0582807338363972,11,0,00_smallest,um,1e-06,0.009,9e-09,/Users/yimingzhang/Github/stl2fem.jl/data/Nikolaisen2022/Plag Binary meshes/PLAG235-binary.stl,11223,37,69,0.0170143900120596,0.0017484153119529924,7.054228782653809,7.115655899047852,15.136350631713867,15.240118026733398,10.759371757507324,10.799371719360352,0.12704707728188944,3,2,1,False,0.00020475356700444536,0.00021247180075079086,0.000360755494819892,0.0003607667305938688,34.45073119499505,44.613664736491685,59.16530537293836,59.16624802309894,60.994111733273925,90.0,90.0,90.0,1.0101288842680125,1.39395504114504,1.4731155000961038,1.4792083967931524,,/Users/yimingzhang/Github/stl2fem.jl/data/Nikolaisen2022_merrill_msh/PLAG235.msh,36110,0.03443717956542969,voxel,36110,0.03443717956542969,302,984,7.054228782653809,7.115655899047852,15.136350631713867,15.214176177978516,10.759371757507324,10.799371719360352,1.2645607293400828e-07,1.264681335990473e-07,1.2648208177745238e-07,1.2648895468305352e-07,0.3845033579815903,0.5792693576688158,0.6101650396947881,0.6102222704434829,1.3759172365010939,1.4124725999776537,1.5740119157973815,1.574021575043957,1.4128818255174576,1.7299185728037743,1.9277630213820929,1.9277748514947977,36.69737451235709,52.663852817185,64.44323873563266,64.44323873563266,-1.0,-1.0,-1.0,-1.0,0.008646965026855469,0.012319689112711175,0.015867555499287214,0.015868338922276917,8.646965026855469e-09,1.2319689112711174e-08,1.5867555499287214e-08,1.5868338922276918e-08,7.054228782653808e-06,7.115655899047851e-06,1.5136350631713866e-05,1.5214176177978516e-05,1.0759371757507324e-05,1.0799371719360351e-05,38736,86976,28992,62976,1159680,2066040.0,1.9703292846679688,0.0019241496920585632,1.97 MiB,Screening estimate; calibrate with real Merrill.jl runs.,ok,gmsh;pymeshfix_gmsh;voxel,gmsh: Exception: Wrong topology of triangulation for parametrization: one edge is incident to 3 triangles | pymeshfix_gmsh: Exception: Wrong topology of boundary mesh for parametrization,0.009,164.0,302.0
PLAG233,PLAG,/Users/yimingzhang/Github/stl2fem.jl/data/Nikolaisen2022/Plag Binary meshes/PLAG233-binary.stl,Plag Binary meshes,11385,0.010857582092285156,ascii,6.55611673548624e-05,0.0500283314519201,12,0,00_smallest,um,1e-06,0.009,9e-09,/Users/yimingzhang/Github/stl2fem.jl/data/Nikolaisen2022/Plag Binary meshes/PLAG233-binary.stl,11385,37,70,0.01662842447669764,8.78160063401816e-05,14.016000747680664,14.118379592895508,13.849644660949707,13.953411102294922,8.01937198638916,8.0393705368042,0.1471354624680186,2,2,1,False,0.0002047390353254741,0.00021247180075079086,0.0003607330221602777,0.0003607442609100445,35.39290535177423,44.61433184461598,59.16355573902634,59.164677387763135,60.9976113083249,90.0,90.0,90.0,1.0101645683616023,1.3939546678003747,1.4282809062241606,1.4639450017456392,,/Users/yimingzhang/Github/stl2fem.jl/data/Nikolaisen2022_merrill_msh/PLAG233.msh,42181,0.04022693634033203,pymeshfix_gmsh,52590,0.05015373229980469,383,1118,14.01600074768066,14.11837959289551,13.84964466094971,13.95341110229492,8.01937198638916,8.0393705368042,1.1975369306292636e-08,6.924222566857596e-08,1.5696205686664059e-07,2.6668537560546965e-07,0.19828935089046315,0.5375262583428817,0.7890064472887094,0.9862354386458967,1.0008275210829443,1.3171255629051333,2.002064128303239,3.258191420463448,1.0141294082301737,1.5497478282174524,2.275173428624339,3.830161398047991,14.251625039605045,49.940495145550415,67.91140670398578,80.33774337046643,-1.0,-1.0,-1.0,-1.0,0.004447341701879082,0.009131226021445567,0.013821383309799378,0.016705760848780612,4.447341701879082e-09,9.131226021445566e-09,1.3821383309799377e-08,1.670576084878061e-08,1.401600074768066e-05,1.4118379592895509e-05,1.384964466094971e-05,1.395341110229492e-05,8.01937198638916e-06,8.039370536804199e-06,44968,110304,36768,71552,1470720,2601468.0,2.4809532165527344,0.0024228058755397797,2.48 MiB,Screening estimate; calibrate with real Merrill.jl runs.,ok,gmsh;pymeshfix_gmsh,gmsh: Exception: Wrong topology of triangulation for parametrization: one edge is incident to 3 triangles,,,
PLAG234,PLAG,/Users/yimingzhang/Github/stl2fem.jl/data/Nikolaisen2022/Plag Binary meshes/PLAG234-binary.stl,Plag Binary meshes,11385,0.010857582092285156,ascii,6.84632827869791e-05,0.0507558804462064,13,0,00_smallest,um,1e-06,0.009,9e-09,/Users/yimingzhang/Github/stl2fem.jl/data/Nikolaisen2022/Plag Binary meshes/PLAG234-binary.stl,11385,37,70,0.016136685930514115,9.206760974612047e-05,14.445992469787598,14.548372268676758,12.168625831604004,12.251638412475586,8.239372253417969,8.259371757507324,0.13331426018009465,0,0,1,True,0.00020474879875109764,0.00021247166841931175,0.00036073414380756897,0.0003607667372703575,35.94523542985815,44.61301551601138,59.165873214954985,59.166209076944696,60.9952939434882,90.0,90.0,90.0,1.0101406149964298,1.393955405098647,1.394662388477074,1.4557856984474014,,/Users/yimingzhang/Github/stl2fem.jl/data/Nikolaisen2022_merrill_msh/PLAG234.msh,43385,0.041375160217285156,gmsh,52039,0.049628257751464844,394,1150,14.445992,14.548372,12.168626,12.251638,8.239371999999998,8.259372000000003,1.6333559028167655e-08,7.053688709612242e-08,1.713886083106564e-07,2.5994955663928824e-07,0.18267607391869273,0.5613517404825079,0.7990285901566384,0.976805652568558,1.0011558695054104,1.2793369971379234,1.948493672404581,3.2224420866758776,1.0243174300823934,1.5153127906828825,2.2250771703656405,3.7963587497041016,15.821694314092728,51.49484890387687,68.93308913109423,78.49490878190507,-1.0,-1.0,-1.0,-1.0,0.004521100955338597,0.009032558205967251,0.013693593352264815,0.01590237808654193,4.5211009553385975e-09,9.032558205967251e-09,1.3693593352264814e-08,1.5902378086541932e-08,1.4445992e-05,1.4548372e-05,1.2168625999999998e-05,1.2251637999999999e-05,8.239371999999998e-06,8.259372000000003e-06,46256,113472,37824,73600,1512960,2676168.0,2.5521926879882812,0.002492375671863556,2.55 MiB,Screening estimate; calibrate with real Merrill.jl runs.,ok,gmsh,,,,
PLAG232,PLAG,/Users/yimingzhang/Github/stl2fem.jl/data/Nikolaisen2022/Plag Binary meshes/PLAG232-binary.stl,Plag Binary meshes,11430,0.010900497436523438,ascii,6.22026132077735e-05,0.0491590335258114,14,0,00_smallest,um,1e-06,0.009,9e-09,/Users/yimingzhang/Github/stl2fem.jl/data/Nikolaisen2022/Plag Binary meshes/PLAG232-binary.stl,11430,38,69,0.01646627924038833,0.00260523082031919,24.110570907592773,24.274375915527344,10.446100234985352,10.508359909057617,13.919371604919434,13.939372062683105,0.17637563876790302,7,4,1,False,0.00020475856217672117,0.00021247166841931175,0.0003607509942508167,0.0003607779723713267,34.45107625123885,44.61301551601138,59.16546225162776,59.16703377057601,60.99449031283514,90.0,90.0,90.0,1.0101326346934139,1.393955405098647,1.463983269055799,1.479202487493161,,/Users/yimingzhang/Github/stl2fem.jl/data/Nikolaisen2022_merrill_msh/PLAG232.msh,40081,0.038224220275878906,pymeshfix_gmsh,49827,0.04751873016357422,359,1067,24.15152168273926,24.27437591552734,10.44610023498535,10.50835990905762,13.91937160491943,13.93937206268311,7.924931255502874e-09,6.298980594535898e-08,1.4400977391191906e-07,3.171032838625325e-07,0.07134430061612462,0.5468507173167824,0.7747042760530456,0.9559658461244163,1.002320737971538,1.3143743359954114,2.0425636322120595,33.03127521771292,1.0292174163559429,1.5574060420642548,2.338293031852782,14.556149187612654,4.3790575205526,49.491971299051194,66.91596527034098,78.38138832553764,-1.0,-1.0,-1.0,-1.0,0.004032237323579112,0.008822632953071506,0.013433432007002484,0.016323221140878568,4.0322373235791114e-09,8.822632953071506e-09,1.3433432007002483e-08,1.6323221140878567e-08,2.415152168273926e-05,2.427437591552734e-05,1.0446100234985349e-05,1.050835990905762e-05,1.391937160491943e-05,1.393937206268311e-05,42760,103392,34464,68288,1378560,2441196.0,2.328105926513672,0.0022735409438610077,2.33 MiB,Screening estimate; calibrate with real Merrill.jl runs.,ok,gmsh;pymeshfix_gmsh,gmsh: Exception: Wrong topology of triangulation for parametrization: one edge is incident to 3 triangles,,,
PLAG231,PLAG,/Users/yimingzhang/Github/stl2fem.jl/data/Nikolaisen2022/Plag Binary meshes/PLAG231-binary.stl,Plag Binary meshes,11709,0.011166572570800781,ascii,9.47340913626249e-05,0.056559108739734,15,0,00_smallest,um,1e-06,0.009,9e-09,/Users/yimingzhang/Github/stl2fem.jl/data/Nikolaisen2022/Plag Binary meshes/PLAG231-binary.stl,11709,39,72,0.017644153755265932,0.0016770673111471234,10.248453140258789,10.33035659790039,13.683618545532227,13.82889175415039,6.2393717765808105,6.279372215270996,0.1715007772905812,4,2,1,False,0.0002047536804639094,0.00021246190499368822,0.0003607442521425079,0.00036076673515312863,34.44983329645115,44.32740023985629,59.16546225162776,59.16703377057601,60.99449031283514,90.0,90.0,90.0,1.0101326346934139,1.394174825464156,1.4792027417111042,1.479223774973854,,/Users/yimingzhang/Github/stl2fem.jl/data/Nikolaisen2022_merrill_msh/PLAG231.msh,59933,0.05715656280517578,pymeshfix_gmsh,74255,0.0708150863647461,497,1638,10.24845314025879,10.33035659790039,13.70437145233154,13.80813789367676,6.23937177658081,6.279372215270997,1.0497431049727651e-08,6.40117171511527e-08,1.4523006705557416e-07,2.4122794772077677e-07,0.15917806687185018,0.555947794378014,0.8065779335420072,0.9812126707340244,1.002534857277855,1.3080271637196121,2.0876346951223765,4.071127478943853,1.0281614026602874,1.539760622092305,2.4515342591161176,4.474104449242613,12.1751604708873,48.96207763802019,67.29396741554628,79.52159138265084,-1.0,-1.0,-1.0,-1.0,0.0037837838189616617,0.008872193310345704,0.013289500707359321,0.016024160629621392,3.783783818961661e-09,8.872193310345704e-09,1.3289500707359322e-08,1.602416062962139e-08,1.024845314025879e-05,1.033035659790039e-05,1.370437145233154e-05,1.3808137893676758e-05,6.23937177658081e-06,6.279372215270996e-06,64344,143136,47712,104832,1908480,3402756.0,3.2451210021972656,0.003169063478708267,3.25 MiB,Screening estimate; calibrate with real Merrill.jl runs.,ok,gmsh;pymeshfix_gmsh,gmsh: ValueError: zero-size array to reduction operation maximum which has no identity,,,
PLAG230,PLAG,/Users/yimingzhang/Github/stl2fem.jl/data/Nikolaisen2022/Plag Binary meshes/PLAG230-binary.stl,Plag Binary meshes,11970,0.011415481567382812,ascii,7.186291299488e-05,0.051582461782147,16,0,00_smallest,um,1e-06,0.009,9e-09,/Users/yimingzhang/Github/stl2fem.jl/data/Nikolaisen2022/Plag Binary meshes/PLAG230-binary.stl,11970,40,75,0.017690584403702237,0.001717583106965125,4.167140960693359,4.269519805908203,6.980295181274414,7.084062099456787,10.159372329711914,10.17937183380127,0.14713592838057055,2,1,1,False,0.00020475356700444536,0.00021247180075079086,0.0003607459436352286,0.00036075549565903127,35.38942749214574,44.61368260839613,59.165069821995466,59.16546271696755,60.99642935417678,90.0,90.0,90.0,1.0101523517121416,1.3939550311346791,1.4582355274019454,1.4639981930572092,,/Users/yimingzhang/Github/stl2fem.jl/data/Nikolaisen2022_merrill_msh/PLAG230.msh,51673,0.049279212951660156,pymeshfix_gmsh,64541,0.06155109405517578,457,1383,4.167140960693359,4.269519805908203,6.980295181274414,7.084062099456787,10.15937232971191,10.17937183380127,1.3690840379487407e-08,6.455637003775034e-08,1.4361408857529835e-07,2.53995108261836e-07,0.1616047383651395,0.5432044262954147,0.7879146956859349,0.9862450125293593,1.0005850593590588,1.3160188909742123,1.9700770547756101,3.31741315481025,1.0141226637222995,1.5544576683897322,2.318822486442746,4.0569141147454655,13.353614931531245,50.624560931343225,67.4417992850532,80.1945563613702,-1.0,-1.0,-1.0,-1.0,0.0034948348733389355,0.008813413786863188,0.013260257069005516,0.01614066278715194,3.4948348733389352e-09,8.813413786863188e-09,1.3260257069005515e-08,1.614066278715194e-08,4.167140960693359e-06,4.269519805908203e-06,6.980295181274413e-06,7.0840620994567866e-06,1.015937232971191e-05,1.017937183380127e-05,55224,131616,43872,88512,1754880,3111156.0,2.967029571533203,0.0028974898159503937,2.97 MiB,Screening estimate; calibrate with real Merrill.jl runs.,ok,gmsh;pymeshfix_gmsh,gmsh: ValueError: zero-size array to reduction operation maximum which has no identity,,,
PLAG229,PLAG,/Users/yimingzhang/Github/stl2fem.jl/data/Nikolaisen2022/Plag Binary meshes/PLAG229-binary.stl,Plag Binary meshes,12129,0.011567115783691406,ascii,8.44669704444338e-05,0.0544372400462605,17,0,00_smallest,um,1e-06,0.009,9e-09,/Users/yimingzhang/Github/stl2fem.jl/data/Nikolaisen2022/Plag Binary meshes/PLAG229-binary.stl,12129,40,76,0.01724688866205036,0.00010481673114911583,3.348109006881714,3.470963954925537,8.516040802001953,8.599054336547852,12.639371871948242,12.659371376037598,0.14961472300704143,0,0,1,True,0.00020475356700444536,0.0002124693268115152,0.00036073863471311647,0.0003607526852832725,34.4493412784001,44.61401614884146,59.16358683389427,59.165069821995466,60.9956722145313,90.0,90.0,90.0,1.0101448506594604,1.3939548443979342,1.415802177035562,1.4792322023815037,,/Users/yimingzhang/Github/stl2fem.jl/data/Nikolaisen2022_merrill_msh/PLAG229.msh,47445,0.04524707794189453,gmsh,55291,0.05272960662841797,423,1266,3.348109,3.470964,8.516040999999998,8.599054000000002,12.639372,12.659371,1.639055239011264e-08,7.660790551053539e-08,1.6314263912700635e-07,2.632503961507758e-07,0.1908997576248428,0.5481171374688832,0.7985036152394818,0.9795069845856963,1.0009583117432528,1.3043040034075202,1.8953817425270738,3.2774707836152843,1.0160453556639133,1.5462228219721788,2.223317168145155,4.005118971803818,15.926890248337106,50.74334797239308,66.95280110915856,78.27036342963929,-1.0,-1.0,-1.0,-1.0,0.004958080065475729,0.009408983033017989,0.013583896597658376,0.016657996175471552,4.958080065475729e-09,9.408983033017987e-09,1.3583896597658375e-08,1.6657996175471552e-08,3.348109e-06,3.4709639999999997e-06,8.516040999999997e-06,8.599054000000001e-06,1.2639372e-05,1.2659371e-05,50664,121824,40608,81024,1624320,2877660.0,2.7443504333496094,0.002680029720067978,2.74 MiB,Screening estimate; calibrate with real Merrill.jl runs.,ok,gmsh,,,,
PLAG228,PLAG,/Users/yimingzhang/Github/stl2fem.jl/data/Nikolaisen2022/Plag Binary meshes/PLAG228-binary.stl,Plag Binary meshes,12195,0.011630058288574219,ascii,7.65434078659292e-05,0.052678862734108,18,0,00_smallest,um,1e-06,0.009,9e-09,/Users/yimingzhang/Github/stl2fem.jl/data/Nikolaisen2022/Plag Binary meshes/PLAG228-binary.stl,12195,40,75,0.01872118847286653,0.000661939369491833,15.203596115112305,15.367403030395508,13.247797966003418,13.31005859375,4.699371814727783,4.7393717765808105,0.17974728985506455,3,2,1,False,0.0002047536804639094,0.00021247166841931175,0.0003607498715821029,0.00036077235479761076,35.39006918509901,44.61301551601138,59.16506958921053,59.16664113262965,60.995270544327674,90.0,90.0,90.0,1.010140617789955,1.393955405098647,1.4639883771086337,1.463988377108634,,/Users/yimingzhang/Github/stl2fem.jl/data/Nikolaisen2022_merrill_msh/PLAG228.msh,51981,0.04957294464111328,pymeshfix_gmsh,64850,0.06184577941894531,455,1396,15.22407341003418,15.36740303039551,13.24779796600342,13.31005859375,4.699371814727782,4.739371776580811,1.0496963703012423e-08,6.487280158204377e-08,1.519018149143464e-07,2.5483010701392255e-07,0.1660875120380211,0.5522877906589855,0.7838477945484679,0.9821133778087416,1.0006977861253297,1.3228252941291472,2.1675404870732633,3.7042698609457174,1.0206527776605474,1.5529344753252425,2.5006730668395036,3.9616044183953876,14.412749929145365,49.26386684017335,66.82652260365047,78.51128917769617,-1.0,-1.0,-1.0,-1.0,0.003639022859399044,0.008839025063150204,0.01345408340580551,0.016358636017543088,3.639022859399044e-09,8.839025063150204e-09,1.3454083405805509e-08,1.6358636017543086e-08,1.5224073410034179e-05,1.536740303039551e-05,1.324779796600342e-05,1.331005859375e-05,4.6993718147277824e-06,4.739371776580811e-06,55592,131040,43680,89344,1747200,3100284.0,2.9566612243652344,0.002887364476919174,2.96 MiB,Screening estimate; calibrate with real Merrill.jl runs.,ok,gmsh;pymeshfix_gmsh,gmsh: Exception: Wrong topology of triangulation for parametrization: one edge is incident to 3 triangles,,,
PLAG227,PLAG,/Users/yimingzhang/Github/stl2fem.jl/data/Nikolaisen2022/Plag Binary meshes/PLAG227-binary.stl,Plag Binary meshes,12213,0.011647224426269531,ascii,8.44927722703226e-05,0.0544427823988473,19,0,00_smallest,um,1e-06,0.009,9e-09,/Users/yimingzhang/Github/stl2fem.jl/data/Nikolaisen2022/Plag Binary meshes/PLAG227-binary.stl,12213,41,78,0.018560782644082747,0.0001090683526772863,0.3381670117378235,0.4405460059642792,9.761240005493164,9.844253540039062,7.319372177124023,7.339372158050537,0.13331430761056606,0,0,1,True,0.0002047596409227026,0.000212477853551718,0.0003607568975124945,0.0003607572488107909,34.45003607323037,44.61384937909773,59.16403229591911,59.16558526247458,60.99574375601493,90.0,90.0,90.0,1.0101453060721195,1.3939549377458706,1.4639878268972937,1.4792203019037138,,/Users/yimingzhang/Github/stl2fem.jl/data/Nikolaisen2022_merrill_msh/PLAG227.msh,45429,0.04332447052001953,pymeshfix_gmsh,57010,0.05436897277832031,401,1216,0.3381670117378235,0.4405460059642792,9.761240005493164,9.844253540039062,7.319372177124023,7.339372158050538,1.4573282753565209e-08,8.196106810053655e-08,1.7348070137805652e-07,3.328211899730667e-07,0.17756757750412142,0.5314076969615916,0.7755436235009635,0.9042104701296867,1.0109425720756535,1.3284144420362018,2.0695689126247,3.32212152360933,1.068353079965553,1.568758576389714,2.456529867111401,3.9612302176808143,14.61549620789686,50.448102515317224,67.34900642576835,77.67860449215775,-1.0,-1.0,-1.0,-1.0,0.003696087874034704,0.009805571989648583,0.01419470625438371,0.017415163575635037,3.6960878740347037e-09,9.805571989648582e-09,1.4194706254383709e-08,1.7415163575635038e-08,3.381670117378235e-07,4.4054600596427917e-07,9.761240005493163e-06,9.844253540039062e-06,7.319372177124023e-06,7.339372158050538e-06,48536,115488,38496,77824,1539840,2730276.0,2.6037940979003906,0.0025427676737308502,2.60 MiB,Screening estimate; calibrate with real Merrill.jl runs.,ok,gmsh;pymeshfix_gmsh,gmsh: Exception: Invalid boundary mesh (overlapping facets) on surface 2 surface 6,,,
PLAG226,PLAG,/Users/yimingzhang/Github/stl2fem.jl/data/Nikolaisen2022/Plag Binary meshes/PLAG226-binary.stl,Plag Binary meshes,12585,0.012001991271972656,ascii,5.96923603618885e-05,0.0484886444661517,20,0,00_smallest,um,1e-06,0.009,9e-09,/Users/yimingzhang/Github/stl2fem.jl/data/Nikolaisen2022/Plag Binary meshes/PLAG226-binary.stl,12585,39,76,0.019809321914498863,0.0007450775092903122,19.155426025390625,19.237329483032227,13.102524757385254,13.227045059204102,14.939372062683105,14.979372024536133,0.15431616534553397,3,7,1,False,0.00020475856217672117,0.0002124816965078935,0.0003607667372703575,0.0003607779723713267,34.45107625123885,44.61433184461598,59.16568839477895,59.16703377057601,60.99449031283514,90.0,90.0,90.0,1.0101326346934139,1.3939546678003747,1.463983269055799,1.479202487493161,,/Users/yimingzhang/Github/stl2fem.jl/data/Nikolaisen2022_merrill_msh/PLAG226.msh,43833,0.041802406311035156,pymeshfix_gmsh,54529,0.052002906799316406,388,1172,19.15542602539062,19.23732948303223,13.12327861785889,13.2270450592041,14.93937206268311,14.97937202453613,7.301458576134606e-09,6.53871980049292e-08,1.614542469371585e-07,2.754912830457414e-07,0.11488269802474368,0.5215466915022604,0.7823323201847882,0.8985781623753221,1.0121531115231932,1.3590920493139536,2.2971986434139615,5.280890637638775,1.0697548912293757,1.5954901069483025,2.6347382350016826,3.8938314855418223,12.148723314717726,48.16102014100939,66.52088334233873,81.47244002513051,-1.0,-1.0,-1.0,-1.0,0.0031271994584026793,0.009179344155812516,0.013749197338665265,0.016083078673224678,3.1271994584026793e-09,9.179344155812516e-09,1.3749197338665265e-08,1.6083078673224676e-08,1.915542602539062e-05,1.923732948303223e-05,1.312327861785889e-05,1.32270450592041e-05,1.493937206268311e-05,1.4979372024536128e-05,46816,111744,37248,75008,1489920,2641104.0,2.5187530517578125,0.0024597197771072388,2.52 MiB,Screening estimate; calibrate with real Merrill.jl runs.,ok,gmsh;pymeshfix_gmsh,gmsh: Exception: Invalid boundary mesh (overlapping facets) on surface 17 surface 27,,,
PLAG225,PLAG,/Users/yimingzhang/Github/stl2fem.jl/data/Nikolaisen2022/Plag Binary meshes/PLAG225-binary.stl,Plag Binary meshes,13005,0.012402534484863281,ascii,3.95799499262421e-05,0.0422823262306764,21,0,00_smallest,um,1e-06,0.009,9e-09,/Users/yimingzhang/Github/stl2fem.jl/data/Nikolaisen2022/Plag Binary meshes/PLAG225-binary.stl,13005,42,80,0.02045005434086518,0.005268615629830922,20.179216384887695,20.28159523010254,9.553707122802734,9.636720657348633,13.919371604919434,13.959371566772461,0.137741322098968,10,8,1,False,0.00020474879875109764,0.00021247668246360263,0.00036075548898968916,0.0003607667372703575,35.39037973393262,44.61433184461598,59.16546225162776,59.16703377057601,60.99449031283514,90.0,90.0,90.0,1.0101326346934139,1.3939546678003747,1.4639455651325906,1.4639836269373365,,/Users/yimingzhang/Github/stl2fem.jl/data/Nikolaisen2022_merrill_msh/PLAG225.msh,14432,0.013763427734375,pymeshfix_gmsh,17453,0.01664447784423828,141,369,20.1792163848877,20.22016716003418,9.57446002960205,9.636720657348633,13.91937160491943,13.95937156677246,8.853188812873209e-09,4.723779315237157e-08,1.0955981748063861e-07,1.7498888939862607e-07,0.12466631411370752,0.5572719087999235,0.7945342752182901,0.8876861048278137,1.027544749421156,1.327942547008548,2.243921827585389,11.659383509027098,1.0808306021977416,1.5523760166545997,2.645057625919322,5.3913031918980145,8.755094627687924,48.49524795191245,66.0634506784511,72.18482933315092,-1.0,-1.0,-1.0,-1.0,0.0031745086099267757,0.00816127525894262,0.012093414598829724,0.01361797953419169,3.1745086099267757e-09,8.16127525894262e-09,1.2093414598829724e-08,1.361797953419169e-08,2.0179216384887697e-05,2.022016716003418e-05,9.57446002960205e-06,9.636720657348633e-06,1.391937160491943e-05,1.3959371566772459e-05,15192,40608,13536,23616,541440,951588.0,0.9075050354003906,0.000886235386133194,929.29 KiB,Screening estimate; calibrate with real Merrill.jl runs.,ok,gmsh;pymeshfix_gmsh,gmsh: Exception: Wrong topology of triangulation for parametrization: one edge is incident to 3 triangles,,,
PLAG224,PLAG,/Users/yimingzhang/Github/stl2fem.jl/data/Nikolaisen2022/Plag Binary meshes/PLAG224-binary.stl,Plag Binary meshes,13401,0.012780189514160156,ascii,0.0001405239471156,0.0645035929072324,22,0,00_smallest,um,1e-06,0.009,9e-09,/Users/yimingzhang/Github/stl2fem.jl/data/Nikolaisen2022/Plag Binary meshes/PLAG224-binary.stl,13401,44,84,0.019808981181659226,0.00016147718303310057,8.753721237182617,8.835624694824219,12.562938690185547,12.645952224731445,7.4993720054626465,7.539371967315674,0.1232859287984494,0,0,1,True,0.0002047536804639094,0.0002124667867065,0.0003607498715821029,0.00036077235479761076,34.45106140664113,44.61301551601138,59.16506958921053,59.16664113262965,60.995270544327674,90.0,90.0,90.0,1.010140617789955,1.393955405098647,1.463986898367039,1.4792027417111042,,/Users/yimingzhang/Github/stl2fem.jl/data/Nikolaisen2022_merrill_msh/PLAG224.msh,65841,0.0627908706665039,gmsh,77501,0.07391071319580078,542,1804,8.753720999999999,8.835625,12.562939,12.645952,7.499371999999999,7.539372000000001,1.454211832796158e-08,8.113888481856332e-08,1.753214854862561e-07,2.863966800014779e-07,0.17423020268500142,0.5469802168783895,0.7914106000016689,0.9820976040769629,1.0006832068831681,1.3163662963858704,2.0901100450821777,3.8224539408829954,1.0152892890140912,1.556815926513718,2.425991854698668,4.135107882969955,12.760963621585157,49.62564555800208,66.74857766319134,80.62224071758078,-1.0,-1.0,-1.0,-1.0,0.003511565760773047,0.009621320702095097,0.014233087931822333,0.017000631014958436,3.511565760773047e-09,9.621320702095097e-09,1.4233087931822332e-08,1.7000631014958436e-08,8.753720999999998e-06,8.835625e-06,1.2562939e-05,1.2645952e-05,7.499371999999999e-06,7.539372000000001e-06,70736,156096,52032,115456,2081280,3713400.0,3.5413742065429688,0.003458373248577118,3.54 MiB,Screening estimate; calibrate with real Merrill.jl runs.,ok,gmsh,,,,
PLAG223,PLAG,/Users/yimingzhang/Github/stl2fem.jl/data/Nikolaisen2022/Plag Binary meshes/PLAG223-binary.stl,Plag Binary meshes,13878,0.013235092163085938,ascii,9.00799514531175e-05,0.055617292139545,23,0,00_smallest,um,1e-06,0.009,9e-09,/Users/yimingzhang/Github/stl2fem.jl/data/Nikolaisen2022/Plag Binary meshes/PLAG223-binary.stl,13878,46,87,0.02128314286488394,0.0013767563449961044,5.498067855834961,5.641398906707764,12.334651947021484,12.396912574768066,8.699371337890625,8.739372253417969,0.16130793270861205,2,1,1,False,0.00020475379369599978,0.00021247180075079086,0.0003607611097701182,0.0003607667305938688,34.45108457369708,44.32840863663338,59.164323049797886,59.16585514036257,60.99486857797673,90.0,90.0,90.0,1.0101363852900807,1.3941738424621095,1.46400276455011,1.4792023449688985,,/Users/yimingzhang/Github/stl2fem.jl/data/Nikolaisen2022_merrill_msh/PLAG223.msh,60129,0.057343482971191406,pymeshfix_gmsh,75220,0.07173538208007812,525,1617,5.498067855834961,5.641398906707764,12.33465194702148,12.39691257476807,8.699371337890625,8.73937225341797,9.187441416326658e-09,6.666213578580895e-08,1.554209984362709e-07,2.83296831382893e-07,0.1781384275673174,0.5441689014849348,0.780105113820899,0.9417124223583645,1.010086998563485,1.3249976824437242,2.0555719899533598,3.353553135758573,1.0458877501732702,1.561923310213371,2.404461208631443,3.8750127069901437,14.081413698057858,48.13884325480858,67.41400379228797,82.70020264145809,-1.0,-1.0,-1.0,-1.0,0.003979560993545129,0.008944142706237274,0.013666278669567499,0.017297345031828608,3.979560993545129e-09,8.944142706237274e-09,1.3666278669567498e-08,1.7297345031828606e-08,5.498067855834961e-06,5.641398906707764e-06,1.233465194702148e-05,1.239691257476807e-05,8.699371337890625e-06,8.73937225341797e-06,64344,151200,50400,103488,2016000,3578148.0,3.4123878479003906,0.0033324100077152252,3.41 MiB,Screening estimate; calibrate with real Merrill.jl runs.,ok,gmsh;pymeshfix_gmsh,gmsh: ValueError: zero-size array to reduction operation maximum which has no identity,,,
PLAG222,PLAG,/Users/yimingzhang/Github/stl2fem.jl/data/Nikolaisen2022/Plag Binary meshes/PLAG222-binary.stl,Plag Binary meshes,13905,0.013260841369628906,ascii,0.0001340363165813,0.0634952573020216,24,0,00_smallest,um,1e-06,0.009,9e-09,/Users/yimingzhang/Github/stl2fem.jl/data/Nikolaisen2022/Plag Binary meshes/PLAG222-binary.stl,13905,44,84,0.0212137451143962,0.00016005850277328362,15.22407341003418,15.326452255249023,11.25547981262207,11.31773853302002,13.879371643066406,13.939372062683105,0.13400606914350907,0,0,1,True,0.00020474879875109764,0.00021246190499368822,0.00036075381301297086,0.00036076673515312863,34.45042416714881,44.32774165145066,59.16613055332208,59.16703377057601,60.99449031283514,90.0,90.0,90.0,1.0101326346934139,1.3941744924291908,1.4791918293676452,1.4792136550338595,,/Users/yimingzhang/Github/stl2fem.jl/data/Nikolaisen2022_merrill_msh/PLAG222.msh,78357,0.07472705841064453,gmsh,92178,0.08790779113769531,631,2162,15.224073,15.326452,11.25548,11.317739,13.879372,13.939372,1.124882835489503e-08,6.688869865108408e-08,1.398381203491324e-07,2.3312959901593155e-07,0.1959617727852356,0.5611716548279428,0.7979972035999555,0.9629369359400972,1.004930185965988,1.3067455368358099,2.2151792937317527,3.7867866775206878,1.0402823432981034,1.544533775100562,2.6226295667796493,3.988273817686283,13.241714019977424,49.470457258623725,66.55567783879856,80.77223016652454,-1.0,-1.0,-1.0,-1.0,0.004004463549908421,0.009031999433339372,0.013134593049143382,0.015443770132341493,4.004463549908421e-09,9.031999433339372e-09,1.3134593049143382e-08,1.5443770132341492e-08,1.5224073e-05,1.5326452e-05,1.125548e-05,1.1317738999999998e-05,1.3879372e-05,1.3939371999999999e-05,84328,181728,60576,138368,2423040,4332060.0,4.131374359130859,0.00403454527258873,4.13 MiB,Screening estimate; calibrate with real Merrill.jl runs.,ok,gmsh,,,,
PLAG220,PLAG,/Users/yimingzhang/Github/stl2fem.jl/data/Nikolaisen2022/Plag Binary meshes/PLAG220-binary.stl,Plag Binary meshes,13929,0.013283729553222656,ascii,7.49047964851239e-05,0.0523002384212618,25,0,00_smallest,um,1e-06,0.009,9e-09,/Users/yimingzhang/Github/stl2fem.jl/data/Nikolaisen2022/Plag Binary meshes/PLAG220-binary.stl,13929,46,89,0.021459155250318728,0.0011344421281722862,5.723301887512207,5.846157073974609,5.672834873199463,5.776601791381836,6.139371871948242,6.159371852874756,0.1620523661871059,6,7,1,False,0.00020474891209687485,0.00021247180075079086,0.00036074987615716635,0.0003607611131032198,35.39037689918725,44.614349685455466,59.165462484063276,59.16585537291742,60.994891968109066,90.0,90.0,90.0,1.010136867356901,1.3939546578246742,1.4557973559449324,1.4639836702969233,,/Users/yimingzhang/Github/stl2fem.jl/data/Nikolaisen2022_merrill_msh/PLAG220.msh,32100,0.030612945556640625,pymeshfix_gmsh,39821,0.03797626495361328,293,848,5.764254093170166,5.846157073974609,5.693589210510254,5.776601791381836,6.139371871948241,6.159371852874757,9.950066061916384e-09,5.7606419935349073e-08,1.3256717540521924e-07,1.9784942391173339e-07,0.12532436207081707,0.5568957106839323,0.7891682974019246,0.986270682164577,1.0008247134800856,1.3032166473747695,2.096422129694179,3.6842313417748613,1.014131113745764,1.5408405111659786,2.4397585306159444,4.245649812872831,11.412901189238758,49.53291561143028,67.06595450133992,79.69980701649756,-1.0,-1.0,-1.0,-1.0,0.001626533291491611,0.008430390653004055,0.012720799730895136,0.014312007105491424,1.626533291491611e-09,8.430390653004055e-09,1.2720799730895136e-08,1.4312007105491424e-08,5.764254093170166e-06,5.846157073974609e-06,5.693589210510254e-06,5.776601791381836e-06,6.139371871948241e-06,6.159371852874756e-06,34168,84384,28128,54272,1125120,1989108.0,1.8969612121582031,0.0018525011837482452,1.90 MiB,Screening estimate; calibrate with real Merrill.jl runs.,ok,gmsh;pymeshfix_gmsh,gmsh: Exception: Invalid boundary mesh (overlapping facets) on surface 19 surface 6,,,
PLAG221,PLAG,/Users/yimingzhang/Github/stl2fem.jl/data/Nikolaisen2022/Plag Binary meshes/PLAG221-binary.stl,Plag Binary meshes,13929,0.013283729553222656,ascii,0.0001128315104305,0.0599529549240397,26,0,00_smallest,um,1e-06,0.009,9e-09,/Users/yimingzhang/Github/stl2fem.jl/data/Nikolaisen2022/Plag Binary meshes/PLAG221-binary.stl,13929,47,89,0.01954143969337245,0.00032092392466909306,5.78472900390625,5.907584190368652,6.378448009490967,6.461462020874023,8.139371871948242,8.159372329711914,0.14961531083874513,2,1,1,False,0.00020476333065744257,0.00021246685287223954,0.00029154817708097855,0.00036074987283018573,34.450462222270346,44.61368260839613,44.615666014885385,59.16585514036257,60.99486888629095,90.0,90.0,90.0,1.0101363852900807,1.3939550311346791,1.4791865718198982,1.4792130032814637,,/Users/yimingzhang/Github/stl2fem.jl/data/Nikolaisen2022_merrill_msh/PLAG221.msh,56321,0.053711891174316406,pymeshfix_gmsh,70459,0.06719493865966797,490,1516,5.784729003906249,5.887107849121094,6.378448009490966,6.461462020874023,8.13937187194824,8.159372329711916,1.957346777857537e-08,7.940869708821581e-08,1.6293985590785196e-07,2.369264942757862e-07,0.1828157890571171,0.5358717782773044,0.8046968915224462,0.963903579422157,1.0031415440384857,1.3092758570741383,1.9341813694944308,3.3257252677464146,1.0327123905066509,1.5556009339102805,2.2311657558424325,4.000521120215317,12.843454545078316,51.33158016631333,67.19844223100588,80.53326506689997,-1.0,-1.0,-1.0,-1.0,0.004877518610772229,0.009721305162576748,0.013696315156384696,0.015722335534674736,4.877518610772229e-09,9.721305162576749e-09,1.3696315156384696e-08,1.5722335534674736e-08,5.784729003906249e-06,5.8871078491210934e-06,6.3784480094909655e-06,6.461462020874023e-06,8.13937187194824e-06,8.159372329711915e-06,60272,141120,47040,97024,1881600,3340584.0,3.1858291625976562,0.0031111612915992737,3.19 MiB,Screening estimate; calibrate with real Merrill.jl runs.,ok,gmsh;pymeshfix_gmsh,gmsh: ValueError: zero-size array to reduction operation maximum which has no identity,,,
PLAG219,PLAG,/Users/yimingzhang/Github/stl2fem.jl/data/Nikolaisen2022/Plag Binary meshes/PLAG219-binary.stl,Plag Binary meshes,13977,0.013329505920410156,ascii,0.0001034149279986,0.0582364469580017,27,0,00_smallest,um,1e-06,0.009,9e-09,/Users/yimingzhang/Github/stl2fem.jl/data/Nikolaisen2022/Plag Binary meshes/PLAG219-binary.stl,13977,46,86,0.022062667045115954,0.006427072998362678,13.504107475280762,13.626960754394531,14.555257797241211,14.679777145385742,5.79937219619751,5.839372158050537,0.17943799263140564,7,5,1,False,0.0002047536804639094,0.00021247166841931175,0.00036074987842115125,0.00036077235479761076,34.45105305520226,44.61301551601138,59.16622856839772,59.16817326110164,60.9945136934832,90.0,90.0,90.0,1.0101326317160813,1.393955405098647,1.463988377108634,1.479202884732055,,/Users/yimingzhang/Github/stl2fem.jl/data/Nikolaisen2022_merrill_msh/PLAG219.msh,62873,0.059960365295410156,pymeshfix_gmsh,78556,0.07491683959960938,537,1703,13.50410747528076,13.62696075439453,14.57601165771484,14.67977714538574,5.79937219619751,5.839372158050538,1.108822894887971e-08,6.789973485036371e-08,1.5289756212682013e-07,3.0053139173111773e-07,0.15858172007995203,0.5247332289463391,0.7867187188228756,0.9668517017120818,1.0034730591008165,1.3422467218417844,2.1737483070769543,3.4298991410207083,1.0301027153200997,1.5873481150402664,2.4934582394008316,3.970102285079965,13.562136680928804,48.95674931185679,67.19175182356207,80.25621357103309,-1.0,-1.0,-1.0,-1.0,0.0035737824062748425,0.00916465224995802,0.01354618885937772,0.017227197072295967,3.5737824062748424e-09,9.16465224995802e-09,1.354618885937772e-08,1.7227197072295965e-08,1.3504107475280759e-05,1.3626960754394528e-05,1.457601165771484e-05,1.467977714538574e-05,5.79937219619751e-06,5.839372158050538e-06,67384,154656,51552,108992,2062080,3666996.0,3.497119903564453,0.0034151561558246613,3.50 MiB,Screening estimate; calibrate with real Merrill.jl runs.,ok,gmsh;pymeshfix_gmsh,gmsh: Exception: Invalid boundary mesh (overlapping facets) on surface 17 surface 5,,,
PLAG218,PLAG,/Users/yimingzhang/Github/stl2fem.jl/data/Nikolaisen2022/Plag Binary meshes/PLAG218-binary.stl,Plag Binary meshes,14301,0.013638496398925781,ascii,7.05037541119206e-05,0.0512551930244669,28,0,00_smallest,um,1e-06,0.009,9e-09,/Users/yimingzhang/Github/stl2fem.jl/data/Nikolaisen2022/Plag Binary meshes/PLAG218-binary.stl,14301,46,88,0.022509275622367382,0.0001147334595002946,2.1400370597839355,2.1809890270233154,12.832732200622559,13.040265083312988,13.299371719360352,13.35937213897705,0.2198795383221342,0,0,1,True,0.00020476571489780326,0.00021247661652523675,0.0003607526852832725,0.00036076392017657844,34.45139160446653,44.61401614884146,59.165197513348794,59.16605158248057,60.99486888629095,90.0,90.0,90.0,1.0101363852900807,1.3939548443979342,1.4558079539897697,1.4791970870839795,,/Users/yimingzhang/Github/stl2fem.jl/data/Nikolaisen2022_merrill_msh/PLAG218.msh,54613,0.05208301544189453,pymeshfix_gmsh,68945,0.0657510757446289,498,1447,2.140037059783935,2.180989027023316,12.83273220062256,13.04026508331299,13.29937171936035,13.35937213897705,1.1625209733742051e-08,7.108254502901933e-08,1.5548144703660812e-07,3.4161004802799255e-07,0.1578810731313,0.5339327038195535,0.7811119702057887,0.9075464146701108,1.0203887324779537,1.318788440446182,2.101232682296362,3.3267487598353056,1.0712396018921386,1.557017489809331,2.405766376654967,3.8949081677408364,14.413779794361261,48.43655925666014,65.81364237285703,82.09908864432535,-1.0,-1.0,-1.0,-1.0,0.0035573285748690593,0.009047636977030718,0.013976974564926426,0.017072503626883704,3.557328574869059e-09,9.047636977030718e-09,1.3976974564926426e-08,1.7072503626883705e-08,2.140037059783935e-06,2.180989027023316e-06,1.283273220062256e-05,1.3040265083312989e-05,1.329937171936035e-05,1.335937213897705e-05,58256,143424,47808,92608,1912320,3381624.0,3.2249679565429688,0.003149382770061493,3.22 MiB,Screening estimate; calibrate with real Merrill.jl runs.,ok,gmsh;pymeshfix_gmsh,gmsh: Exception: Invalid boundary mesh (overlapping facets) on surface 2 surface 10,,,
PLAG217,PLAG,/Users/yimingzhang/Github/stl2fem.jl/data/Nikolaisen2022/Plag Binary meshes/PLAG217-binary.stl,Plag Binary meshes,14709,0.014027595520019531,ascii,0.0001203071697849,0.0612488063410174,29,0,00_smallest,um,1e-06,0.009,9e-09,/Users/yimingzhang/Github/stl2fem.jl/data/Nikolaisen2022/Plag Binary meshes/PLAG217-binary.stl,14709,49,94,0.020623936719017986,0.0001374007172415913,1.3210049867630005,1.4233839511871338,9.595213890075684,9.698980331420898,9.639371871948242,9.659372329711914,0.1471358046729765,0,0,1,True,0.00020475498581618012,0.00021246808984187737,0.0002915479049397239,0.0003607512780088739,34.45069248258365,44.61384937909773,44.61516570821848,59.16595336160902,60.994963528700936,90.0,90.0,90.0,1.0101373229660064,1.3939549377458706,1.4791984015394044,1.4792090597818301,,/Users/yimingzhang/Github/stl2fem.jl/data/Nikolaisen2022_merrill_msh/PLAG217.msh,55901,0.05331134796142578,gmsh,67696,0.0645599365234375,494,1497,1.321005,1.423384,9.595214,9.698980000000002,9.639371999999998,9.659372000000001,1.824854972774121e-08,8.546271356980262e-08,1.7838097315188147e-07,3.113012403092053e-07,0.18715807767272297,0.5435452184122718,0.810934886562765,0.9682878722056518,1.005844449891309,1.3090138033186973,1.8579821637146348,3.3104591364984683,1.0412310953284245,1.5557808428527458,2.1655495207753344,3.9891521036919313,15.123379215724915,51.713340203900586,68.2666474061323,79.5150909938943,-1.0,-1.0,-1.0,-1.0,0.00475337414698073,0.009968425658688447,0.0139385138031394,0.018233027549105184,4.75337414698073e-09,9.968425658688447e-09,1.3938513803139399e-08,1.8233027549105182e-08,1.3210049999999999e-06,1.423384e-06,9.595214e-06,9.698980000000002e-06,9.639371999999998e-06,9.659372000000001e-06,59760,142272,47424,95808,1896960,3363336.0,3.2075271606445312,0.003132350742816925,3.21 MiB,Screening estimate; calibrate with real Merrill.jl runs.,ok,gmsh,,,,
PLAG216,PLAG,/Users/yimingzhang/Github/stl2fem.jl/data/Nikolaisen2022/Plag Binary meshes/PLAG216-binary.stl,Plag Binary meshes,15150,0.014448165893554688,ascii,0.000108308589529,0.0591409222425376,30,0,00_smallest,um,1e-06,0.009,9e-09,/Users/yimingzhang/Github/stl2fem.jl/data/Nikolaisen2022/Plag Binary meshes/PLAG216-binary.stl,15150,49,95,0.022487163145295686,0.0010206243947396838,12.480316162109375,12.603170394897461,4.90496301651001,5.008728981018066,4.539371967315674,4.5593719482421875,0.16205103252154054,1,2,1,False,0.0002047536804639094,0.0002124667867065,0.00036074200584972424,0.00036077235479761076,34.44983329645115,44.61433184461598,59.163997118311585,59.16664113262965,60.995270544327674,90.0,90.0,90.0,1.010140617789955,1.3939546678003747,1.45826863563682,1.479223774973854,,/Users/yimingzhang/Github/stl2fem.jl/data/Nikolaisen2022_merrill_msh/PLAG216.msh,58561,0.055848121643066406,pymeshfix_gmsh,73282,0.06988716125488281,511,1575,12.48031616210938,12.60317039489746,4.90496301651001,5.008728981018066,4.539371967315673,4.559371948242188,6.501314171355193e-09,7.911635364831227e-08,1.7580326204754714e-07,3.7938640875981243e-07,0.16500378571081903,0.5285269849935021,0.77629315198633,0.8967035884645822,1.0118912569846095,1.3254724388911303,2.1171184781183006,3.2926843760042273,1.0547541652477461,1.5735789268460267,2.4648381233021333,3.95606549873026,14.112371181981388,49.68033258274246,66.65050631393868,81.41152656815113,-1.0,-1.0,-1.0,-1.0,0.002212691630086196,0.009697653713765455,0.014140373217293091,0.01659074610362802,2.212691630086196e-09,9.697653713765454e-09,1.414037321729309e-08,1.6590746103628017e-08,1.248031616210938e-05,1.260317039489746e-05,4.90496301651001e-06,5.008728981018066e-06,4.539371967315673e-06,4.559371948242188e-06,62664,147168,49056,100800,1962240,3482892.0,3.321544647216797,0.003243695944547653,3.32 MiB,Screening estimate; calibrate with real Merrill.jl runs.,ok,gmsh;pymeshfix_gmsh,gmsh: Exception: Wrong topology of triangulation for parametrization: one edge is incident to 3 triangles,,,
PLAG215,PLAG,/Users/yimingzhang/Github/stl2fem.jl/data/Nikolaisen2022/Plag Binary meshes/PLAG215-binary.stl,Plag Binary meshes,15273,0.014565467834472656,ascii,0.0001190136833294,0.061028508753306,31,0,00_smallest,um,1e-06,0.009,9e-09,/Users/yimingzhang/Github/stl2fem.jl/data/Nikolaisen2022/Plag Binary meshes/PLAG215-binary.stl,15273,49,94,0.023971149367942327,0.00015581344927714474,26.281003952026367,26.424335479736328,11.25547981262207,11.31773853302002,8.859371185302734,8.899372100830078,0.16130762023006542,0,0,1,True,0.00020475856217672117,0.0002124816965078935,0.0003607442521425079,0.00036076673515312863,35.3904031314035,44.61433184461598,59.16546225162776,59.16703377057601,60.99449031283514,90.0,90.0,90.0,1.0101326346934139,1.3939546678003747,1.463983269055799,1.463983269055799,,/Users/yimingzhang/Github/stl2fem.jl/data/Nikolaisen2022_merrill_msh/PLAG215.msh,66177,0.0631113052368164,gmsh,79337,0.07566165924072266,569,1789,26.281004,26.424335,11.25548,11.317739,8.859370999999998,8.899372,1.2630758798822469e-08,7.823259322796889e-08,1.736857285841497e-07,2.9984847487866645e-07,0.1785459332822603,0.5351899555130077,0.7789469973879434,0.9657315881626622,1.0025375268075756,1.3218459233618562,2.0792391072918974,3.7374336476078267,1.0319557261216052,1.5586239457081668,2.4020881982369406,4.400367404697458,12.511549389196524,49.43033780729185,67.45245406148933,80.6202414112809,-1.0,-1.0,-1.0,-1.0,0.00394249767863309,0.009597525952349717,0.014075127821946455,0.0170595315681862,3.94249767863309e-09,9.597525952349717e-09,1.4075127821946455e-08,1.70595315681862e-08,2.6281004e-05,2.6424335e-05,1.125548e-05,1.1317738999999998e-05,8.859370999999998e-06,8.899372e-06,70904,163872,54624,114496,2184960,3883284.0,3.703388214111328,0.003616590052843094,3.70 MiB,Screening estimate; calibrate with real Merrill.jl runs.,ok,gmsh,,,,
PLAG214,PLAG,/Users/yimingzhang/Github/stl2fem.jl/data/Nikolaisen2022/Plag Binary meshes/PLAG214-binary.stl,Plag Binary meshes,15390,0.014677047729492188,ascii,8.73913749046551e-05,0.0550583657646763,32,0,00_smallest,um,1e-06,0.009,9e-09,/Users/yimingzhang/Github/stl2fem.jl/data/Nikolaisen2022/Plag Binary meshes/PLAG214-binary.stl,15390,49,93,0.023161247733083413,0.0013863738649079083,23.680578231811523,23.86486053466797,14.804298400878906,14.94957160949707,11.159371376037598,11.199371337890625,0.23804257862099984,2,1,1,False,0.00020474879875109764,0.00021247166841931175,0.00036075548898968916,0.0003607779723713267,34.448573760498284,44.61301551601138,59.16393015548985,59.166994397252914,60.99373345506567,90.0,90.0,90.0,1.010124648649406,1.393955405098647,1.4792235197440629,1.4792453495867504,,/Users/yimingzhang/Github/stl2fem.jl/data/Nikolaisen2022_merrill_msh/PLAG214.msh,67269,0.06415271759033203,pymeshfix_gmsh,84860,0.08092880249023438,601,1796,23.68057823181152,23.86486053466797,14.8042984008789,14.94957160949707,11.1593713760376,11.19937133789063,1.348930564495623e-08,6.09977926888445e-08,1.3518185067544796e-07,2.4058287509637673e-07,0.1549515278629137,0.552095800501363,0.8007194312673622,0.9862634457461537,1.0008267534900486,1.3177777210376878,2.030705679177374,7.665315397773941,1.014144819136036,1.5468656327845025,2.374752480143294,4.277142902200757,14.023890581497009,49.275904508711676,67.7763981912319,81.16140631157704,-1.0,-1.0,-1.0,-1.0,0.0035138492514158264,0.008623538951624418,0.01306980238484345,0.01567445156638626,3.5138492514158263e-09,8.623538951624418e-09,1.306980238484345e-08,1.567445156638626e-08,2.368057823181152e-05,2.386486053466797e-05,1.48042984008789e-05,1.494957160949707e-05,1.11593713760376e-05,1.119937133789063e-05,71896,173088,57696,114944,2307840,4088196.0,3.8988075256347656,0.003807429224252701,3.90 MiB,Screening estimate; calibrate with real Merrill.jl runs.,ok,gmsh;pymeshfix_gmsh,gmsh: ValueError: zero-size array to reduction operation maximum which has no identity,,,
PLAG213,PLAG,/Users/yimingzhang/Github/stl2fem.jl/data/Nikolaisen2022/Plag Binary meshes/PLAG213-binary.stl,Plag Binary meshes,15786,0.015054702758789062,ascii,0.0002059044278614,0.073263729249269,33,0,00_smallest,um,1e-06,0.009,9e-09,/Users/yimingzhang/Github/stl2fem.jl/data/Nikolaisen2022/Plag Binary meshes/PLAG213-binary.stl,15786,53,99,0.0268661636082537,0.0030542420885466834,20.261119842529297,20.383974075317383,5.174756050109863,5.27852201461792,5.839372158050537,5.899372100830078,0.1716407033246621,8,5,1,False,0.0002047536804639094,0.00021249146084301174,0.0003607515662518535,0.00036077235479761076,35.39006918509901,44.61433184461598,59.16587508694979,59.16817326110164,60.9945136934832,90.0,90.0,90.0,1.0101326317160813,1.3939546678003747,1.463949839073843,1.463988377108634,,/Users/yimingzhang/Github/stl2fem.jl/data/Nikolaisen2022_merrill_msh/PLAG213.msh,95941,0.09149646759033203,pymeshfix_gmsh,119152,0.1136322021484375,763,2658,20.28159523010254,20.38397407531738,5.174756050109863,5.27852201461792,5.839372158050536,5.899372100830079,6.707181481552849e-09,7.66389145170085e-08,1.7977802845967796e-07,3.2503536825249145e-07,0.1166897009354254,0.5382779892381887,0.7918864691218375,0.999473901056109,1.0004679033380843,1.326087087082883,2.193774986889374,3.3219439512194673,1.0104314124952236,1.5621992886476228,2.5281537843896293,3.988843180351985,13.328575121286233,48.8572425623076,66.68063226400292,79.42763197265049,-1.0,-1.0,-1.0,-1.0,0.0034450439486583143,0.009520728205451238,0.014055243806663831,0.01808605343984897,3.4450439486583142e-09,9.520728205451238e-09,1.405524380666383e-08,1.808605343984897e-08,2.0281595230102536e-05,2.038397407531738e-05,5.174756050109863e-06,5.27852201461792e-06,5.839372158050536e-06,5.8993721008300785e-06,103368,219744,73248,170112,2929920,5244588.0,5.001628875732422,0.004884403198957443,5.00 MiB,Screening estimate; calibrate with real Merrill.jl runs.,ok,gmsh;pymeshfix_gmsh,gmsh: Exception: Wrong topology of triangulation for parametrization: one edge is incident to 3 triangles,,,
PLAG212,PLAG,/Users/yimingzhang/Github/stl2fem.jl/data/Nikolaisen2022/Plag Binary meshes/PLAG212-binary.stl,Plag Binary meshes,15921,0.015183448791503906,ascii,0.0001108684037179,0.0596032201964322,34,0,00_smallest,um,1e-06,0.009,9e-09,/Users/yimingzhang/Github/stl2fem.jl/data/Nikolaisen2022/Plag Binary meshes/PLAG212-binary.stl,15921,51,98,0.024260589300241598,0.00014589625882751396,19.953983306884766,20.117788314819336,13.040265083312988,13.102524757385254,7.199371814727783,7.2393717765808105,0.17974522132249587,0,0,1,True,0.0002047536804639094,0.00021247166841931175,0.0003607403203356431,0.0003607498715821029,34.45043902681189,44.61301551601138,59.16506958921053,59.16506958921053,60.995270544327674,90.0,90.0,90.0,1.010140617789955,1.393955405098647,1.4639883771086337,1.4792134005389648,,/Users/yimingzhang/Github/stl2fem.jl/data/Nikolaisen2022_merrill_msh/PLAG212.msh,65393,0.062363624572753906,gmsh,77489,0.0738992691040039,578,1752,19.953983,20.117788,13.040265,13.102525,7.199371999999999,7.239372000000001,4.575210963205979e-09,7.255419121876125e-08,1.7784676179238918e-07,3.0332984121746174e-07,0.03370842475379351,0.5295784475756382,0.7832462053454122,0.9537574209998293,1.0067701223750267,1.3527144275905874,2.330073730094227,95.31104995786245,1.0529210683751808,1.5926788856685072,2.7109114624413015,19.74920823352073,5.352852593510056,48.480120661762044,66.63451882005207,79.14128927992056,-1.0,-1.0,-1.0,-1.0,0.0025563598820111796,0.009256672382802688,0.014528257509910408,0.021366555827543442,2.5563598820111796e-09,9.256672382802688e-09,1.4528257509910408e-08,2.1366555827543443e-08,1.9953983e-05,2.0117788e-05,1.3040264999999999e-05,1.3102524999999999e-05,7.199371999999999e-06,7.239372000000001e-06,69936,166464,55488,112128,2219520,3935304.0,3.7529983520507812,0.003665037453174591,3.75 MiB,Screening estimate; calibrate with real Merrill.jl runs.,ok,gmsh,,,,
PLAG211,PLAG,/Users/yimingzhang/Github/stl2fem.jl/data/Nikolaisen2022/Plag Binary meshes/PLAG211-binary.stl,Plag Binary meshes,16104,0.01535797119140625,ascii,0.0001586403896046,0.067164282836747,35,0,00_smallest,um,1e-06,0.009,9e-09,/Users/yimingzhang/Github/stl2fem.jl/data/Nikolaisen2022/Plag Binary meshes/PLAG211-binary.stl,16104,54,101,0.02557209459926976,0.0008042134251610055,17.66069221496582,17.742595672607422,1.8542239665985107,1.9579910039901733,3.4993720054626465,3.579371929168701,0.1545178378559152,6,3,1,False,0.0002047536804639094,0.0002124728888475147,0.00036075127618886657,0.0003607625222983854,34.45036122972719,44.61285097924624,59.16487807384357,59.16644962004991,60.995365148935285,90.0,90.0,90.0,1.0101416160961891,1.3939554974352022,1.4639797510780626,1.479214732940216,,/Users/yimingzhang/Github/stl2fem.jl/data/Nikolaisen2022_merrill_msh/PLAG211.msh,77993,0.07437992095947266,pymeshfix_gmsh,97350,0.09284019470214844,650,2130,17.66069221496582,17.74259567260742,1.854223966598511,1.957991003990174,3.499372005462646,3.579371929168702,1.0645573188298709e-08,7.604547070245655e-08,1.744075361683465e-07,2.8390482243882815e-07,0.15708576872624622,0.5502213537911076,0.7794629379559218,0.9977205838781956,1.000490417077117,1.314414365346659,2.1086501187112647,3.3133367485783127,1.0118315103363145,1.5528762985797306,2.440769803400785,3.9675989285248736,13.348050097526393,49.14363275130965,66.82372034399587,83.09440886686686,-1.0,-1.0,-1.0,-1.0,0.0035433412009870757,0.009454108692541232,0.013965879652581017,0.017233021031419594,3.5433412009870757e-09,9.454108692541231e-09,1.3965879652581017e-08,1.723302103141959e-08,1.766069221496582e-05,1.7742595672607418e-05,1.8542239665985108e-06,1.957991003990174e-06,3.499372005462646e-06,3.579371929168702e-06,83760,187200,62400,136320,2496000,4448520.0,4.242439270019531,0.0041430070996284485,4.24 MiB,Screening estimate; calibrate with real Merrill.jl runs.,ok,gmsh;pymeshfix_gmsh,gmsh: Exception: Wrong topology of triangulation for parametrization: one edge is incident to 3 triangles,,,
PLAG210,PLAG,/Users/yimingzhang/Github/stl2fem.jl/data/Nikolaisen2022/Plag Binary meshes/PLAG210-binary.stl,Plag Binary meshes,16380,0.015621185302734375,ascii,8.688511288014e-05,0.054951841298663,36,0,00_smallest,um,1e-06,0.009,9e-09,/Users/yimingzhang/Github/stl2fem.jl/data/Nikolaisen2022/Plag Binary meshes/PLAG210-binary.stl,16380,52,99,0.024778499625506222,0.0004495702545702178,26.342432022094727,26.50623893737793,14.119438171386719,14.181697845458984,10.719371795654297,10.759371757507324,0.17974695952484668,4,3,1,False,0.00020474879875109764,0.0002124816965078935,0.0003607442521425079,0.0003607779723713267,35.39037973393262,44.61301551601138,59.164680869400236,59.16703377057601,60.99449031283514,90.0,90.0,90.0,1.0101326346934139,1.393955405098647,1.4639836269373365,1.4639836269373365,,/Users/yimingzhang/Github/stl2fem.jl/data/Nikolaisen2022_merrill_msh/PLAG210.msh,61165,0.05833148956298828,pymeshfix_gmsh,76780,0.07322311401367188,543,1636,26.34243202209473,26.50623893737793,14.11943817138672,14.18169784545898,10.7193717956543,10.75937175750733,3.0778071841930935e-09,6.729817527854641e-08,1.6122136255576643e-07,2.9808428789217813e-07,0.056083417488903074,0.5429149547350618,0.7799154713837175,0.9821406109254612,1.0006956520914383,1.3348646165444364,2.145247393292863,25.561627583419448,1.0206248980010515,1.5751137963886641,2.4641903206512707,16.251169898012908,3.814288620934069,48.25033316804068,66.1660657974725,77.3270366573316,-1.0,-1.0,-1.0,-1.0,0.003550824919935958,0.008886482412466652,0.01441199855143967,0.017419680591142638,3.5508249199359576e-09,8.886482412466652e-09,1.441199855143967e-08,1.7419680591142637e-08,2.634243202209473e-05,2.650623893737793e-05,1.411943817138672e-05,1.418169784545898e-05,1.07193717956543e-05,1.075937175750733e-05,65384,156384,52128,104704,2085120,3695580.0,3.5243797302246094,0.00344177708029747,3.52 MiB,Screening estimate; calibrate with real Merrill.jl runs.,ok,gmsh;pymeshfix_gmsh,gmsh: Exception: Wrong topology of triangulation for parametrization: one edge is incident to 3 triangles,,,
PLAG209,PLAG,/Users/yimingzhang/Github/stl2fem.jl/data/Nikolaisen2022/Plag Binary meshes/PLAG209-binary.stl,Plag Binary meshes,16581,0.01581287384033203,ascii,0.0001266386065508,0.0623049426058665,37,0,00_smallest,um,1e-06,0.009,9e-09,/Users/yimingzhang/Github/stl2fem.jl/data/Nikolaisen2022/Plag Binary meshes/PLAG209-binary.stl,16581,55,104,0.02717542064163142,0.0012493032018302149,0.8295860290527344,0.8910130262374878,13.600605010986328,13.808137893676758,3.919372081756592,3.979372024536133,0.22459556209881698,5,3,1,False,0.0002047596409227026,0.000212477853551718,0.0003607568975124945,0.0003607568975124945,35.38959670114914,44.61384937909773,59.16556070683918,59.16556070683918,60.994986612736106,90.0,90.0,90.0,1.0101378049491077,1.3939549377458706,1.4557953352501336,1.4639956045987983,,/Users/yimingzhang/Github/stl2fem.jl/data/Nikolaisen2022_merrill_msh/PLAG209.msh,76229,0.07269763946533203,pymeshfix_gmsh,96350,0.09188652038574219,652,2065,0.8295860290527344,0.8910130262374879,13.62135791778564,13.80813789367676,3.919372081756591,3.979372024536133,1.45735753766041e-08,7.168471780456257e-08,1.6812655298318682e-07,2.6410112174345726e-07,0.11641575392920105,0.5551681954404258,0.7951484521363539,0.9956195024300448,1.0003677429942737,1.2952443676369887,2.0523537568653234,14.361600627557769,1.0121752431609314,1.5348113609555996,2.370681874992862,6.369206793154846,13.298018909996742,49.58630721232525,67.29973543238863,81.05408884549028,-1.0,-1.0,-1.0,-1.0,0.003580784056592055,0.009224749634784316,0.013838347182537401,0.018179080285320632,3.5807840565920548e-09,9.224749634784316e-09,1.3838347182537401e-08,1.8179080285320632e-08,8.295860290527344e-07,8.910130262374879e-07,1.3621357917785639e-05,1.3808137893676758e-05,3.919372081756591e-06,3.979372024536133e-06,81728,187776,62592,132160,2503680,4451904.0,4.24566650390625,0.004146158695220947,4.25 MiB,Screening estimate; calibrate with real Merrill.jl runs.,ok,gmsh;pymeshfix_gmsh,gmsh: Exception: Invalid boundary mesh (overlapping facets) on surface 43 surface 35,,,
PLAG208,PLAG,/Users/yimingzhang/Github/stl2fem.jl/data/Nikolaisen2022/Plag Binary meshes/PLAG208-binary.stl,Plag Binary meshes,16893,0.01611042022705078,ascii,0.0002093644666429,0.0736718288318103,38,0,00_smallest,um,1e-06,0.009,9e-09,/Users/yimingzhang/Github/stl2fem.jl/data/Nikolaisen2022/Plag Binary meshes/PLAG208-binary.stl,16893,54,104,0.026152211617161625,0.00023655017256656364,13.483631134033203,13.606485366821289,13.019512176513672,13.123278617858887,6.719371795654297,6.759372234344482,0.16571261858653497,0,0,1,True,0.00020474902521527838,0.00021247166841931175,0.00036074987615716635,0.00036076111766603677,34.4504705156794,44.61301551601138,59.16546225162776,59.16664113262965,60.99373314760741,90.0,90.0,90.0,1.0101251340138815,1.393955405098647,1.4639949009215196,1.4792128612444826,,/Users/yimingzhang/Github/stl2fem.jl/data/Nikolaisen2022_merrill_msh/PLAG208.msh,96725,0.09224414825439453,gmsh,114583,0.10927486419677734,759,2690,13.483631,13.606485,13.019512,13.123279,6.719371999999999,6.759372000000001,1.4110758583218741e-08,8.04651120591078e-08,1.676027363223222e-07,3.005125975412285e-07,0.15057496355230537,0.5581431103953903,0.7927418741690698,0.9807906035263421,1.0015210295305643,1.291252584324198,2.023165942321757,3.313311230645508,1.0205873208322314,1.5275836471138475,2.3557423016855927,4.016116763682994,13.89975951223761,50.13492471341612,66.7799386094149,81.03993660065352,-1.0,-1.0,-1.0,-1.0,0.003885706935768444,0.009609325628715056,0.01388449645816007,0.017261172631223613,3.885706935768444e-09,9.609325628715055e-09,1.388449645816007e-08,1.7261172631223613e-08,1.3483631e-05,1.3606484999999998e-05,1.3019512e-05,1.3123279e-05,6.719371999999999e-06,6.759372e-06,104296,218592,72864,172160,2914560,5223708.0,4.981716156005859,0.004864957183599472,4.98 MiB,Screening estimate; calibrate with real Merrill.jl runs.,ok,gmsh,,,,
PLAG207,PLAG,/Users/yimingzhang/Github/stl2fem.jl/data/Nikolaisen2022/Plag Binary meshes/PLAG207-binary.stl,Plag Binary meshes,16899,0.01611614227294922,ascii,0.0001798231117013,0.0700297047611338,39,0,00_smallest,um,1e-06,0.009,9e-09,/Users/yimingzhang/Github/stl2fem.jl/data/Nikolaisen2022/Plag Binary meshes/PLAG207-binary.stl,16899,55,106,0.02647498542321243,0.0002096388318528125,16.739282608032227,16.84166145324707,1.8127180337905884,1.9372379779815674,6.51937198638916,6.5593719482421875,0.16609226772217034,0,0,1,True,0.00020474391703828587,0.0002124728888475147,0.0003607597051646,0.00036076252442105724,34.452258057333474,44.61416730018779,59.16428424707025,59.165855839432744,60.99380469926843,90.0,90.0,90.0,1.0101256501093017,1.3939547598271083,1.463970251107552,1.4791822501441592,,/Users/yimingzhang/Github/stl2fem.jl/data/Nikolaisen2022_merrill_msh/PLAG207.msh,55487,0.052916526794433594,voxel,55487,0.052916526794433594,460,1518,16.739282608032227,16.84166145324707,1.8127180337905884,1.928343653678894,6.51937198638916,6.5593719482421875,1.3794501830036426e-07,1.3797514077587789e-07,1.3798172010641893e-07,1.3798172010641893e-07,0.3927927413512419,0.5648043182726588,0.6403728293569814,0.6403728293569814,1.3713901447311498,1.4049641202001355,1.5816209377913975,1.5816209377913977,1.4075337950366151,1.7207226007043115,1.9370821320455678,1.937082132045568,35.52671977561245,52.547557988998506,63.08047251251324,63.08069021880242,-1.0,-1.0,-1.0,-1.0,0.008894205093383789,0.012874127805283705,0.016301543738547187,0.016301836246074737,8.894205093383789e-09,1.2874127805283705e-08,1.6301543738547187e-08,1.6301836246074738e-08,1.6739282608032225e-05,1.684166145324707e-05,1.8127180337905883e-06,1.928343653678894e-06,6.5193719863891596e-06,6.559371948242188e-06,59616,132480,44160,97152,1766400,3149712.0,3.0037994384765625,0.002933397889137268,3.00 MiB,Screening estimate; calibrate with real Merrill.jl runs.,ok,gmsh;pymeshfix_gmsh;voxel,gmsh: Exception: Wrong topology of boundary mesh for parametrization | pymeshfix_gmsh: Exception: Wrong topology of boundary mesh for parametrization,0.009,253.0,460.0
PLAG206,PLAG,/Users/yimingzhang/Github/stl2fem.jl/data/Nikolaisen2022/Plag Binary meshes/PLAG206-binary.stl,Plag Binary meshes,17049,0.016259193420410156,ascii,0.0001129043971224,0.0599658615785422,40,0,00_smallest,um,1e-06,0.009,9e-09,/Users/yimingzhang/Github/stl2fem.jl/data/Nikolaisen2022/Plag Binary meshes/PLAG206-binary.stl,17049,58,109,0.025242366388510656,0.004124336451992693,4.18761682510376,4.310472011566162,8.910353660583496,9.05562686920166,6.8793721199035645,6.899372100830078,0.19130525664494735,7,4,1,False,0.00020474891209687485,0.00021247180075079086,0.0003607476278813818,0.0003607611131032198,35.38943920526901,44.614349685455466,59.165148165781666,59.16585537291742,60.994891968109066,90.0,90.0,90.0,1.010136867356901,1.3939546578246742,1.4639690172360738,1.4639980138750865,,/Users/yimingzhang/Github/stl2fem.jl/data/Nikolaisen2022_merrill_msh/PLAG206.msh,65085,0.06206989288330078,pymeshfix_gmsh,81470,0.07769584655761719,559,1760,4.18761682510376,4.310472011566162,8.951860427856445,9.05562686920166,6.879372119903564,6.899372100830079,1.1343243882969654e-08,7.442440236656688e-08,1.588754632639952e-07,2.5939868875790757e-07,0.17475893593677203,0.536316080975251,0.783223026731024,0.9402666430594304,1.005902973996809,1.3200984485730163,2.0645698551922664,3.334804464188776,1.0387845841324947,1.5651305874733303,2.3622099149628313,3.9529220923921278,12.72960043542664,50.93447737785212,67.10648101314989,79.78068498912592,-1.0,-1.0,-1.0,-1.0,0.004338238775234648,0.00936309978798058,0.0135345416393523,0.016985230453997014,4.338238775234647e-09,9.363099787980579e-09,1.3534541639352298e-08,1.6985230453997014e-08,4.18761682510376e-06,4.310472011566162e-06,8.951860427856446e-06,9.05562686920166e-06,6.879372119903563e-06,6.899372100830078e-06,69736,160992,53664,112640,2146560,3815388.0,3.6386375427246094,0.0035533569753170013,3.64 MiB,Screening estimate; calibrate with real Merrill.jl runs.,ok,gmsh;pymeshfix_gmsh,gmsh: Exception: Invalid boundary mesh (overlapping facets) on surface 22 surface 23,,,
PLAG205,PLAG,/Users/yimingzhang/Github/stl2fem.jl/data/Nikolaisen2022/Plag Binary meshes/PLAG205-binary.stl,Plag Binary meshes,17376,0.016571044921875,ascii,0.0001475171211327,0.0655563253612693,41,0,00_smallest,um,1e-06,0.009,9e-09,/Users/yimingzhang/Github/stl2fem.jl/data/Nikolaisen2022/Plag Binary meshes/PLAG205-binary.stl,17376,57,109,0.028086145114036586,0.0008190993525303438,9.838937759399414,9.941316604614258,14.140191078186035,14.306217193603516,3.219372034072876,3.2593719959259033,0.19911327403361917,4,3,1,False,0.0002047536804639094,0.0002124816965078935,0.00036076111766603677,0.00036077235479761076,34.45106140664113,44.61433184461598,59.165109053640805,59.16664113262965,60.995270544327674,90.0,90.0,90.0,1.010140617789955,1.3939546678003747,1.4639785188313361,1.4792027417111042,,/Users/yimingzhang/Github/stl2fem.jl/data/Nikolaisen2022_merrill_msh/PLAG205.msh,82977,0.0791330337524414,pymeshfix_gmsh,103589,0.09879016876220703,693,2265,9.838937759399414,9.920841217041016,14.16094493865967,14.30621719360352,3.219372034072876,3.259371995925904,8.457616901943784e-09,7.298395997649269e-08,1.5117685959724957e-07,3.2568008407715547e-07,0.10999096493198536,0.5517621888268025,0.7784103053812547,0.9806706755819692,1.0008927722104914,1.3150165638019327,2.0547639435354546,6.119429087327043,1.0248830584123292,1.5491678673502287,2.3530624116625107,7.3747015570913135,9.295081754096387,49.327134223835614,67.42471047418714,78.92210167485469,-1.0,-1.0,-1.0,-1.0,0.0039864241306850545,0.00919463520924027,0.013551333946995993,0.018609865691024872,3.986424130685054e-09,9.19463520924027e-09,1.3551333946995992e-08,1.8609865691024873e-08,9.838937759399414e-06,9.920841217041016e-06,1.416094493865967e-05,1.4306217193603519e-05,3.2193720340728758e-06,3.2593719959259042e-06,89112,199584,66528,144960,2661120,4741956.0,4.522281646728516,0.004416290670633316,4.52 MiB,Screening estimate; calibrate with real Merrill.jl runs.,ok,gmsh;pymeshfix_gmsh,gmsh: Exception: Invalid boundary mesh (overlapping facets) on surface 10 surface 19,,,
PLAG204,PLAG,/Users/yimingzhang/Github/stl2fem.jl/data/Nikolaisen2022/Plag Binary meshes/PLAG204-binary.stl,Plag Binary meshes,17379,0.01657390594482422,ascii,0.000234203815105,0.0764771651201241,42,0,00_smallest,um,1e-06,0.009,9e-09,/Users/yimingzhang/Github/stl2fem.jl/data/Nikolaisen2022/Plag Binary meshes/PLAG204-binary.stl,17379,55,107,0.027130045953700742,0.002366752135111308,11.04701042175293,11.149389266967773,7.167075157165527,7.291594982147217,11.659371376037598,11.699371337890625,0.1660921783505748,1,2,1,False,0.00020474879875109764,0.00021248156463116175,0.0003607481884740946,0.0003607554935611831,34.44981011497667,44.61433184461598,59.16546225162776,59.16624802309894,60.99449031283514,90.0,90.0,90.0,1.0101326346934139,1.3939546678003747,1.463963998951905,1.4792241720210417,,/Users/yimingzhang/Github/stl2fem.jl/data/Nikolaisen2022_merrill_msh/PLAG204.msh,94205,0.08984088897705078,pymeshfix_gmsh,116607,0.1112051010131836,738,2621,11.04701042175293,11.14938926696777,7.167075157165526,7.291594982147217,11.6593713760376,11.69937133789063,8.683554565318002e-09,8.98545688732578e-08,1.8830481537244884e-07,3.3348785999242215e-07,0.1385418117396845,0.5586666818017368,0.7925526002426156,0.9789157520882381,1.0010522331227278,1.305111645670435,2.13384326441636,3.3232817245190236,1.0240636226685778,1.5459918004536142,2.453916951563538,3.964010233685975,12.229304634586379,49.82520903875433,67.27968668292188,79.84453473181286,-1.0,-1.0,-1.0,-1.0,0.0033078373626240555,0.009984548276146896,0.014345728549730456,0.017443022826419647,3.3078373626240554e-09,9.984548276146895e-09,1.4345728549730455e-08,1.7443022826419646e-08,1.1047010421752929e-05,1.114938926696777e-05,7.1670751571655254e-06,7.2915949821472164e-06,1.1659371376037598e-05,1.169937133789063e-05,101584,212544,70848,167744,2833920,5079960.0,4.844627380371094,0.004731081426143646,4.84 MiB,Screening estimate; calibrate with real Merrill.jl runs.,ok,gmsh;pymeshfix_gmsh,gmsh: Exception: Wrong topology of triangulation for parametrization: one edge is incident to 3 triangles,,,
PLAG203,PLAG,/Users/yimingzhang/Github/stl2fem.jl/data/Nikolaisen2022/Plag Binary meshes/PLAG203-binary.stl,Plag Binary meshes,17541,0.01672840118408203,ascii,0.0001661516709983,0.0682080075985948,43,0,00_smallest,um,1e-06,0.009,9e-09,/Users/yimingzhang/Github/stl2fem.jl/data/Nikolaisen2022/Plag Binary meshes/PLAG203-binary.stl,17541,56,108,0.029143102225320863,0.0002053906707794666,14.118379592895508,14.179807662963867,13.953411102294922,14.098684310913086,3.959372043609619,4.01937198638916,0.16875338831587378,0,0,1,True,0.0002047536804639094,0.0002950938022117501,0.0003607459387159136,0.00036077235479761076,35.39006918509901,43.94155801478111,59.16506958921053,59.16664113262965,60.995270544327674,90.0,90.0,90.0,1.010140617789955,1.3946593163528025,1.4639785188313361,1.463988377108634,,/Users/yimingzhang/Github/stl2fem.jl/data/Nikolaisen2022_merrill_msh/PLAG203.msh,88941,0.08482074737548828,gmsh,106209,0.1012887954711914,739,2432,14.11838,14.179808,13.953411,14.098684,3.959372,4.019372,6.621405437185647e-09,7.590675232803931e-08,1.6793514439703044e-07,3.4572693379135816e-07,0.14330626697170676,0.5457916220435362,0.7894603402915593,0.9705527294558954,1.0024035209068314,1.3220482855964188,2.0769676189392383,3.365611379626969,1.022081198379478,1.5613225926349459,2.443512772616687,3.7819908949348577,11.098797705954015,48.96977310508173,66.4126945834213,86.40482189190004,-1.0,-1.0,-1.0,-1.0,0.003365446584613726,0.00944275809407014,0.014162641832978653,0.017013633544754093,3.365446584613726e-09,9.442758094070139e-09,1.4162641832978653e-08,1.701363354475409e-08,1.4118379999999999e-05,1.4179808e-05,1.3953410999999998e-05,1.4098684e-05,3.959372e-06,4.019371999999999e-06,95560,212832,70944,155648,2837760,5059116.0,4.824748992919922,0.004711668938398361,4.82 MiB,Screening estimate; calibrate with real Merrill.jl runs.,ok,gmsh,,,,
PLAG202,PLAG,/Users/yimingzhang/Github/stl2fem.jl/data/Nikolaisen2022/Plag Binary meshes/PLAG202-binary.stl,Plag Binary meshes,17865,0.017037391662597656,ascii,0.0002080976155846,0.0735229335929345,44,0,00_smallest,um,1e-06,0.009,9e-09,/Users/yimingzhang/Github/stl2fem.jl/data/Nikolaisen2022/Plag Binary meshes/PLAG202-binary.stl,17865,57,110,0.027072705164170176,0.0002365463223852126,15.87929916381836,15.981678009033203,8.308507919311523,8.433027267456055,11.279372215270996,11.319372177124023,0.16609182086456742,0,0,1,True,0.00020474879875109764,0.00021247166841931175,0.0003607504333437678,0.0003607779723713267,34.45042416714881,44.61301551601138,59.16546225162776,59.166248488915194,60.99449031283514,90.0,90.0,90.0,1.0101326346934139,1.393955405098647,1.4639789939298937,1.4792136550338595,,/Users/yimingzhang/Github/stl2fem.jl/data/Nikolaisen2022_merrill_msh/PLAG202.msh,93337,0.08901309967041016,gmsh,110823,0.10568904876708984,744,2584,15.879299,15.981678,8.308508,8.433027,11.279372,11.319372,1.1312502442972486e-08,8.29774532936917e-08,1.779896738826242e-07,2.9639404874238593e-07,0.11010271295479743,0.5573915673204015,0.8021675548718108,0.9814348541206527,1.0014811548685323,1.304403986765397,2.1158341669509277,3.284747826924645,1.0263487755822596,1.5388181646013404,2.476857875087767,3.932645207405765,11.885950455728663,50.142705771827934,66.99707585605262,80.6893378015145,-1.0,-1.0,-1.0,-1.0,0.0036091999305885823,0.00964859242939183,0.014217313004644107,0.017395085235877343,3.6091999305885822e-09,9.64859242939183e-09,1.4217313004644106e-08,1.7395085235877343e-08,1.5879299e-05,1.5981678e-05,8.308507999999999e-06,8.433027e-06,1.1279372e-05,1.1319371999999999e-05,100544,214272,71424,165376,2856960,5112864.0,4.876007080078125,0.004761725664138794,4.88 MiB,Screening estimate; calibrate with real Merrill.jl runs.,ok,gmsh,,,,
PLAG201,PLAG,/Users/yimingzhang/Github/stl2fem.jl/data/Nikolaisen2022/Plag Binary meshes/PLAG201-binary.stl,Plag Binary meshes,18012,0.017177581787109375,ascii,0.000146760369418,0.0654440334558538,45,0,00_smallest,um,1e-06,0.009,9e-09,/Users/yimingzhang/Github/stl2fem.jl/data/Nikolaisen2022/Plag Binary meshes/PLAG201-binary.stl,18012,60,113,0.028229760370594298,0.0017124332134880167,26.915754318237305,27.059085845947266,9.65747356414795,9.781993865966797,8.5393705368042,8.599371910095215,0.19912156386874832,9,6,1,False,0.00020474879875109764,0.00021247166841931175,0.00036075548692376,0.00036075548898968916,34.4504705156794,44.61433184461598,59.16546225162776,59.16624755915589,60.99292988461106,90.0,90.0,90.0,1.0101166691413204,1.3939546678003747,1.4639737687760097,1.4792128612444826,,/Users/yimingzhang/Github/stl2fem.jl/data/Nikolaisen2022_merrill_msh/PLAG201.msh,83873,0.0799875259399414,pymeshfix_gmsh,104758,0.09990501403808594,693,2297,26.95670700073242,27.05908584594727,9.678227424621582,9.781993865966797,8.5393705368042,8.599371910095215,9.960257114482959e-09,6.754529774543782e-08,1.559677884333879e-07,2.883645956323098e-07,0.18887014334175012,0.5554731458054395,0.792204625856956,0.9501163755951695,1.0043709811747576,1.307955439187951,2.115696309536319,3.31681611447959,1.0330844002144395,1.537951377341269,2.451036252466369,4.029827479122865,13.639633998555928,49.62851774151634,67.06412435391266,81.3138606576689,-1.0,-1.0,-1.0,-1.0,0.003506623107538171,0.008995911698587501,0.013332042444567309,0.017237526230201854,3.5066231075381707e-09,8.9959116985875e-09,1.3332042444567309e-08,1.7237526230201853e-08,2.6956707000732417e-05,2.7059085845947267e-05,9.678227424621581e-06,9.781993865966796e-06,8.539370536804199e-06,8.599371910095214e-06,90136,199584,66528,147008,2661120,4746564.0,4.526676177978516,0.004420582205057144,4.53 MiB,Screening estimate; calibrate with real Merrill.jl runs.,ok,gmsh;pymeshfix_gmsh,gmsh: Exception: Invalid boundary mesh (overlapping facets) on surface 26 surface 37,,,
PLAG200,PLAG,/Users/yimingzhang/Github/stl2fem.jl/data/Nikolaisen2022/Plag Binary meshes/PLAG200-binary.stl,Plag Binary meshes,18189,0.01734638214111328,ascii,0.0003067180000139,0.0836720122920157,46,0,00_smallest,um,1e-06,0.009,9e-09,/Users/yimingzhang/Github/stl2fem.jl/data/Nikolaisen2022/Plag Binary meshes/PLAG200-binary.stl,18189,58,112,0.02981579433193766,0.0003286217624464669,24.929601669311523,25.052457809448242,9.761240005493164,9.865006446838379,12.659371376037598,12.719371795654297,0.17164252349847042,0,0,1,True,0.00020474879875109764,0.00021249146084301174,0.00036076055594288093,0.0003607779723713267,34.448573760498284,44.61301551601138,59.16548000192535,59.16703377057601,60.99449031283514,90.0,90.0,90.0,1.0101326346934139,1.393955405098647,1.4639879021676114,1.4792453495867504,,/Users/yimingzhang/Github/stl2fem.jl/data/Nikolaisen2022_merrill_msh/PLAG200.msh,119937,0.1143808364868164,gmsh,144086,0.13741111755371094,924,3354,24.929602,25.05245800000001,9.76124,9.865006000000001,12.659371,12.719372,5.9527898603427235e-09,8.756837354808267e-08,1.9725166006608843e-07,3.280093008818016e-07,0.09081672044135683,0.5413586325248141,0.8085412093756557,0.9814516789630507,1.0010531384717385,1.327893909504744,2.221223910266278,20.627585112078513,1.0146237687660096,1.5661168129799758,2.5923061208870064,7.672608887331533,10.298628435944751,49.40457551055081,67.19557703452445,79.99470712100826,-1.0,-1.0,-1.0,-1.0,0.00366950094577292,0.01002238153473303,0.014667557267713526,0.022648956670310083,3.66950094577292e-09,1.002238153473303e-08,1.4667557267713525e-08,2.2648956670310083e-08,2.4929601999999998e-05,2.5052458000000006e-05,9.76124e-06,9.865006000000001e-06,1.2659371e-05,1.2719371999999999e-05,129504,266112,88704,214656,3548160,6370704.0,6.0755767822265625,0.0059331804513931274,6.08 MiB,Screening estimate; calibrate with real Merrill.jl runs.,ok,gmsh,,,,
PLAG199,PLAG,/Users/yimingzhang/Github/stl2fem.jl/data/Nikolaisen2022/Plag Binary meshes/PLAG199-binary.stl,Plag Binary meshes,18489,0.017632484436035156,ascii,0.0001534286771393,0.0664205762960362,47,0,00_smallest,um,1e-06,0.009,9e-09,/Users/yimingzhang/Github/stl2fem.jl/data/Nikolaisen2022/Plag Binary meshes/PLAG199-binary.stl,18489,60,116,0.026849589570398007,0.00017988878716979423,4.3923749923706055,4.515230178833008,4.012568950653076,4.13709020614624,14.779372215270996,14.799371719360352,0.1760651018064785,0,0,1,True,0.00020474403049774992,0.0002124742086380138,0.0003607498749183434,0.00036075549565903127,34.449494782860526,44.61368260839613,59.163635946275036,59.164696663139964,60.996807760917605,90.0,90.0,90.0,1.0101563447668949,1.3939550311346791,1.4578475009538305,1.479229573066887,,/Users/yimingzhang/Github/stl2fem.jl/data/Nikolaisen2022_merrill_msh/PLAG199.msh,78917,0.07526111602783203,gmsh,92893,0.08858966827392578,676,2137,4.392374999999999,4.51523,4.012569,4.13709,14.779372,14.799372,1.2995014846118128e-08,7.692249389539045e-08,1.705069262360219e-07,2.6837383220869313e-07,0.18968719227697328,0.5424296136242077,0.785239049542975,0.9857634036947976,1.0005577446589446,1.2963801280061762,2.0165939328598204,3.323964719902269,1.0182191111130454,1.532866089973464,2.3496811640289117,4.070190038278469,12.17585674018423,51.821825378516344,67.24830831570657,81.7571900036372,-1.0,-1.0,-1.0,-1.0,0.003556203913379999,0.009473182757195008,0.013808987955341755,0.015686420153842542,3.556203913379999e-09,9.473182757195008e-09,1.3808987955341755e-08,1.568642015384254e-08,4.392374999999999e-06,4.51523e-06,4.012569e-06,4.13709e-06,1.4779372e-05,1.4799372e-05,84608,194688,64896,136768,2595840,4615200.0,4.401397705078125,0.0042982399463653564,4.40 MiB,Screening estimate; calibrate with real Merrill.jl runs.,ok,gmsh,,,,
PLAG197,PLAG,/Users/yimingzhang/Github/stl2fem.jl/data/Nikolaisen2022/Plag Binary meshes/PLAG197-binary.stl,Plag Binary meshes,21105,0.020127296447753906,ascii,0.0002167764119708,0.0745311462417984,48,0,00_smallest,um,1e-06,0.009,9e-09,/Users/yimingzhang/Github/stl2fem.jl/data/Nikolaisen2022/Plag Binary meshes/PLAG197-binary.stl,21105,67,130,0.03231651834742276,0.002544067444362505,21.510143280029297,21.653474807739258,11.50451946258545,11.608285903930664,6.719371795654297,6.759372234344482,0.18141509386081553,4,3,1,False,0.0002047536804639094,0.00021247166841931175,0.00036075296115627533,0.00036077235479761076,34.44921098410805,44.61301551601138,59.16530331253363,59.16703377057601,60.99449031283514,90.0,90.0,90.0,1.0101326346934139,1.393955405098647,1.463988377108634,1.4792344341757253,,/Users/yimingzhang/Github/stl2fem.jl/data/Nikolaisen2022_merrill_msh/PLAG197.msh,92749,0.08845233917236328,pymeshfix_gmsh,115444,0.11009597778320312,745,2562,21.5101432800293,21.65347480773926,11.50451946258545,11.60828590393066,6.719371795654296,6.759372234344483,1.3892620460497861e-08,9.023566377440784e-08,1.9244097394547094e-07,3.604070403810823e-07,0.122483308041204,0.5509308697296704,0.7975207548976159,0.9477663257103172,1.0060975211874463,1.312076568508716,2.0695399721139385,3.3238161488036373,1.0377697625773863,1.5529503454633011,2.405079251389548,4.034901629010195,13.573030722630065,49.46224169979299,66.82923424304003,82.36679251900992,-1.0,-1.0,-1.0,-1.0,0.003087316719333907,0.009954930820634459,0.014573294523810626,0.017918407667965104,3.087316719333907e-09,9.954930820634459e-09,1.4573294523810624e-08,1.7918407667965103e-08,2.15101432800293e-05,2.165347480773926e-05,1.1504519462585448e-05,1.160828590393066e-05,6.7193717956542955e-06,6.759372234344483e-06,99864,214560,71520,163968,2860800,5116068.0,4.879062652587891,0.004764709621667862,4.88 MiB,Screening estimate; calibrate with real Merrill.jl runs.,ok,gmsh;pymeshfix_gmsh,gmsh: Exception: Wrong topology of triangulation for parametrization: one edge is incident to 4 triangles,,,
PLAG198,PLAG,/Users/yimingzhang/Github/stl2fem.jl/data/Nikolaisen2022/Plag Binary meshes/PLAG198-binary.stl,Plag Binary meshes,21105,0.020127296447753906,ascii,0.0002398134343929,0.0770829444112548,49,0,00_smallest,um,1e-06,0.009,9e-09,/Users/yimingzhang/Github/stl2fem.jl/data/Nikolaisen2022/Plag Binary meshes/PLAG198-binary.stl,21105,67,130,0.03150577698114454,0.00026606524900522487,14.916934967041016,15.101217269897461,8.246247291564941,8.32926082611084,14.799371719360352,14.839371681213379,0.20603691662447618,2,2,1,False,0.0002047392622444022,0.00021247166841931175,0.00036073919405352477,0.0003607667305938688,34.448573760498284,44.61301551601138,59.16434083064763,59.16546225162776,60.99373314760741,90.0,90.0,90.0,1.0101251340138813,1.393955405098647,1.463983269055799,1.4792453495867504,,/Users/yimingzhang/Github/stl2fem.jl/data/Nikolaisen2022_merrill_msh/PLAG198.msh,103277,0.09849262237548828,pymeshfix_gmsh,128861,0.12289142608642578,832,2851,14.91693496704102,15.10121726989746,8.246247291564941,8.32926082611084,14.79937171936035,14.83937168121338,2.3447734879728533e-09,8.572784036425812e-08,1.8246482380958462e-07,3.0169214267033715e-07,0.01133758473599878,0.5469457346110188,0.7884575530916231,0.9404565303334664,1.0111766532100162,1.3227912848660486,2.129017525622976,1163.3556853197927,1.0602458648642703,1.5638101838293132,2.4626393743141985,56.161407715553956,1.7703693777893594,49.39727099493008,67.44091013487741,79.82611105621473,-1.0,-1.0,-1.0,-1.0,0.0029954081887190345,0.009943705642834137,0.014452375406024698,0.0239163576308298,2.9954081887190344e-09,9.943705642834137e-09,1.4452375406024697e-08,2.39163576308298e-08,1.4916934967041018e-05,1.5101217269897459e-05,8.246247291564942e-06,8.32926082611084e-06,1.4799371719360349e-05,1.483937168121338e-05,111200,239616,79872,182464,3194880,5712048.0,5.4474334716796875,0.005319759249687195,5.45 MiB,Screening estimate; calibrate with real Merrill.jl runs.,ok,gmsh;pymeshfix_gmsh,gmsh: Exception: Wrong topology of triangulation for parametrization: one edge is incident to 3 triangles,,,
PLAG196,PLAG,/Users/yimingzhang/Github/stl2fem.jl/data/Nikolaisen2022/Plag Binary meshes/PLAG196-binary.stl,Plag Binary meshes,21828,0.020816802978515625,ascii,0.0002427600613453,0.0773973703600915,50,0,00_smallest,um,1e-06,0.009,9e-09,/Users/yimingzhang/Github/stl2fem.jl/data/Nikolaisen2022/Plag Binary meshes/PLAG196-binary.stl,21828,71,137,0.03437607680488258,0.0012251529074747479,10.719396591186523,10.903678894042969,9.283913612365723,9.346174240112305,6.2393717765808105,6.29937219619751,0.20355933598745374,2,1,1,False,0.00020474902521527838,0.00021247166841931175,0.0003607498715821029,0.00036077235479761076,35.39006918509901,44.61301551601138,59.16475508277257,59.16664113262965,60.99373314760741,90.0,90.0,90.0,1.0101251340138813,1.393955405098647,1.463988377108634,1.463988377108634,,/Users/yimingzhang/Github/stl2fem.jl/data/Nikolaisen2022_merrill_msh/PLAG196.msh,115737,0.11037540435791016,pymeshfix_gmsh,144387,0.13769817352294922,926,3202,10.7398738861084,10.90367889404297,9.28391361236572,9.346174240112305,6.23937177658081,6.299372196197511,1.3454856399521254e-08,8.112122828373953e-08,1.6803515333605575e-07,2.8712916461678074e-07,0.1629031356960893,0.5647492073273714,0.8056370338043736,0.9909664118470496,1.000475125200113,1.2964122610082498,2.0230359050994533,3.3095527401232756,1.0108758172230234,1.532974003247662,2.3658202674384587,4.045306328118428,12.686673065196418,49.79709209272825,67.29245419972801,80.91916408889853,-1.0,-1.0,-1.0,-1.0,0.003947669342014069,0.009539456049511754,0.014038906742085194,0.017041147242726866,3.947669342014069e-09,9.539456049511754e-09,1.4038906742085194e-08,1.7041147242726864e-08,1.07398738861084e-05,1.090367889404297e-05,9.28391361236572e-06,9.346174240112305e-06,6.23937177658081e-06,6.29937219619751e-06,124688,266688,88896,204928,3555840,6361560.0,6.066856384277344,0.0059246644377708435,6.07 MiB,Screening estimate; calibrate with real Merrill.jl runs.,ok,gmsh;pymeshfix_gmsh,gmsh: ValueError: zero-size array to reduction operation maximum which has no identity,,,
PLAG195,PLAG,/Users/yimingzhang/Github/stl2fem.jl/data/Nikolaisen2022/Plag Binary meshes/PLAG195-binary.stl,Plag Binary meshes,22155,0.02112865447998047,ascii,0.00024220596378,0.0773384392432099,51,0,00_smallest,um,1e-06,0.009,9e-09,/Users/yimingzhang/Github/stl2fem.jl/data/Nikolaisen2022/Plag Binary meshes/PLAG195-binary.stl,22155,69,134,0.03372756171316427,0.0002804626825233449,23.127731323242188,23.312013626098633,12.625198364257812,12.708211898803711,14.459371566772461,14.51937198638916,0.21083468504507907,0,0,1,True,0.00020474879875109764,0.00021247166841931175,0.00036075548898968916,0.0003607779723713267,34.448573760498284,44.32774165145066,59.16546225162776,59.16703377057601,60.99449031283514,90.0,90.0,90.0,1.0101326346934139,1.3941744924291908,1.4639931274490585,1.4792453495867504,,/Users/yimingzhang/Github/stl2fem.jl/data/Nikolaisen2022_merrill_msh/PLAG195.msh,113805,0.10853290557861328,pymeshfix_gmsh,142277,0.13568592071533203,920,3139,23.12773132324219,23.31201362609863,12.62519836425781,12.70821189880371,14.45937156677246,14.51937198638916,5.221042442009798e-09,7.908579398027584e-08,1.7951894139266667e-07,2.914818032239587e-07,0.1259354084513996,0.5374881624653676,0.7969202497636398,0.9640208755142804,1.003715437987861,1.3264057609019526,2.1965634554760824,9.077647034742396,1.0410203864947485,1.56904616153243,2.5275744576773915,5.371838975058101,12.305674927212129,48.880429483791296,67.27945428009313,81.04172739203582,-1.0,-1.0,-1.0,-1.0,0.0030871497553645747,0.009711174944696628,0.014406885386297256,0.019231005730632616,3.0871497553645744e-09,9.711174944696628e-09,1.4406885386297255e-08,1.9231005730632614e-08,2.312773132324219e-05,2.331201362609863e-05,1.262519836425781e-05,1.270821189880371e-05,1.4459371566772459e-05,1.451937198638916e-05,122528,264960,88320,200896,3532800,6314256.0,6.0217437744140625,0.005880609154701233,6.02 MiB,Screening estimate; calibrate with real Merrill.jl runs.,ok,gmsh;pymeshfix_gmsh,gmsh: Exception: Invalid boundary mesh (overlapping facets) on surface 14 surface 22,,,
PLAG194,PLAG,/Users/yimingzhang/Github/stl2fem.jl/data/Nikolaisen2022/Plag Binary meshes/PLAG194-binary.stl,Plag Binary meshes,23100,0.022029876708984375,ascii,0.0002029180290993,0.0729078018175196,52,0,00_smallest,um,1e-06,0.009,9e-09,/Users/yimingzhang/Github/stl2fem.jl/data/Nikolaisen2022/Plag Binary meshes/PLAG194-binary.stl,23100,75,145,0.034744041324167654,0.013215166183287136,3.737149953842163,3.9623830318450928,6.150162220001221,6.253928184509277,13.35937213897705,13.399372100830078,0.25119178283774474,8,6,1,False,0.00020475356700444536,0.0002124693268115152,0.0003607414484702301,0.00036076392017657844,35.38912865971606,44.614998937413766,59.16495938445619,59.16605158248057,60.994111733273925,90.0,90.0,90.0,1.0101288842680125,1.393954295109688,1.4558102679488136,1.46400276455011,,/Users/yimingzhang/Github/stl2fem.jl/data/Nikolaisen2022_merrill_msh/PLAG194.msh,82501,0.07867908477783203,pymeshfix_gmsh,104307,0.09947490692138672,726,2215,3.737149953842163,3.941906929016113,6.150162220001221,6.253928184509277,13.35937213897705,13.39937210083008,9.358340031136558e-09,8.136483180085234e-08,1.751786774499691e-07,3.0287220087163703e-07,0.16314423702848704,0.5333085153855973,0.7865159629424201,0.958548949624504,1.0019430828104772,1.3166719683724724,2.111170642037598,3.721292370576942,1.0212453063713758,1.5601605424370333,2.498760062554524,4.134614693050027,13.705866006472249,49.65976813075342,67.56163912893885,79.20437695211503,-1.0,-1.0,-1.0,-1.0,0.0033334096332020683,0.009795607877795832,0.014170303268510969,0.017227168272314772,3.333409633202068e-09,9.795607877795832e-09,1.4170303268510969e-08,1.7227168272314773e-08,3.737149953842163e-06,3.941906929016113e-06,6.15016222000122e-06,6.253928184509277e-06,1.335937213897705e-05,1.339937210083008e-05,88304,209088,69696,141760,2787840,4945032.0,4.715950012207031,0.004605419933795929,4.72 MiB,Screening estimate; calibrate with real Merrill.jl runs.,ok,gmsh;pymeshfix_gmsh,gmsh: Exception: Wrong topology of triangulation for parametrization: one edge is incident to 3 triangles,,,
PLAG193,PLAG,/Users/yimingzhang/Github/stl2fem.jl/data/Nikolaisen2022/Plag Binary meshes/PLAG193-binary.stl,Plag Binary meshes,23259,0.02218151092529297,ascii,0.0003643369772181,0.0886138371664994,53,0,00_smallest,um,1e-06,0.009,9e-09,/Users/yimingzhang/Github/stl2fem.jl/data/Nikolaisen2022/Plag Binary meshes/PLAG193-binary.stl,23259,76,146,0.03814216630575165,0.001591544478393421,3.3890609741210938,3.511915922164917,8.080221176147461,8.16323471069336,13.559371948242188,13.659371376037598,0.17884202732037857,3,1,1,False,0.00020474403049774992,0.00021247909057819925,0.0003607526852832725,0.00036076392017657844,34.45061572907253,44.32704297361163,59.16506970572024,59.16605158248057,60.994111733273925,90.0,90.0,90.0,1.0101288842680125,1.3941751739728123,1.4639908203396894,1.4792103742711722,,/Users/yimingzhang/Github/stl2fem.jl/data/Nikolaisen2022_merrill_msh/PLAG193.msh,148638,0.1417522430419922,pymeshfix_gmsh,189049,0.18029117584228516,1145,4158,3.389060974121094,3.511915922164917,8.080221176147461,8.163234710693361,13.55937194824219,13.6593713760376,9.225093006775198e-09,8.430759129641366e-08,1.9931975423010086e-07,3.4854359639626006e-07,0.10133184483494677,0.5545831322700246,0.8022850732168271,0.9821622236078215,1.0006951547590266,1.3133240917649331,2.142985153765002,3.6241407686527594,1.0206234862381747,1.549873796917288,2.5165743385973016,4.437448157246513,12.175557195962323,49.419081439318475,66.48334501935813,85.95147216564756,-1.0,-1.0,-1.0,-1.0,0.003343215818596013,0.009938187886373202,0.014464055764779734,0.019403138290860045,3.343215818596013e-09,9.938187886373202e-09,1.4464055764779734e-08,1.9403138290860043e-08,3.389060974121094e-06,3.511915922164917e-06,8.08022117614746e-06,8.16323471069336e-06,1.3559371948242188e-05,1.36593713760376e-05,160536,329760,109920,266112,4396800,7894692.0,7.528964996337891,0.007352504879236221,7.53 MiB,Screening estimate; calibrate with real Merrill.jl runs.,ok,gmsh;pymeshfix_gmsh,gmsh: ValueError: zero-size array to reduction operation maximum which has no identity,,,
PLAG192,PLAG,/Users/yimingzhang/Github/stl2fem.jl/data/Nikolaisen2022/Plag Binary meshes/PLAG192-binary.stl,Plag Binary meshes,23577,0.022484779357910156,ascii,0.000160770091234,0.0674635015598257,54,0,00_smallest,um,1e-06,0.009,9e-09,/Users/yimingzhang/Github/stl2fem.jl/data/Nikolaisen2022/Plag Binary meshes/PLAG192-binary.stl,23577,77,148,0.03547443471769072,0.0001664543867875409,23.250585556030273,23.373441696166992,5.1540021896362305,5.320028781890869,6.9993720054626465,7.039371967315674,0.21037694135343057,15,13,1,False,0.0002047536804639094,0.00021247166841931175,0.0003607498715821029,0.00036077235479761076,34.45106140664113,44.613673672650606,59.16506958921053,59.16817326110164,60.9945136934832,90.0,90.0,90.0,1.0101326317160813,1.393955036139686,1.4558166515445452,1.4792027417111042,,/Users/yimingzhang/Github/stl2fem.jl/data/Nikolaisen2022_merrill_msh/PLAG192.msh,58449,0.055741310119628906,pymeshfix_gmsh,73111,0.06972408294677734,512,1570,23.29153823852539,23.37344169616699,5.19550895690918,5.32002878189087,6.999372005462646,7.039371967315674,8.988661905842512e-09,7.406129461876845e-08,1.6624326528170354e-07,2.464304812610164e-07,0.07354891448533779,0.5248290276555753,0.7592708010171966,0.9267981573713808,1.0153866978553598,1.3411699814434757,2.147151976913973,48.03904406039741,1.065599529313885,1.5763866156900626,2.495154253291179,12.064438412234072,5.937166313460739,48.900874750827796,67.43702703684178,81.04261815600078,-1.0,-1.0,-1.0,-1.0,0.0030175151519004515,0.009304456251931454,0.013990404800385879,0.016190600853474606,3.0175151519004514e-09,9.304456251931454e-09,1.3990404800385878e-08,1.6190600853474607e-08,2.329153823852539e-05,2.337344169616699e-05,5.195508956909179e-06,5.3200287818908694e-06,6.999372005462645e-06,7.0393719673156735e-06,62528,147456,49152,100480,1966080,3488544.0,3.326934814453125,0.00324895977973938,3.33 MiB,Screening estimate; calibrate with real Merrill.jl runs.,ok,gmsh;pymeshfix_gmsh,gmsh: Exception: Invalid boundary mesh (overlapping facets) on surface 5 surface 26,,,
PLAG191,PLAG,/Users/yimingzhang/Github/stl2fem.jl/data/Nikolaisen2022/Plag Binary meshes/PLAG191-binary.stl,Plag Binary meshes,24183,0.023062705993652344,ascii,0.0003630577671065,0.0885100059613473,55,0,00_smallest,um,1e-06,0.009,9e-09,/Users/yimingzhang/Github/stl2fem.jl/data/Nikolaisen2022/Plag Binary meshes/PLAG191-binary.stl,24183,77,149,0.03769308388001251,0.0010327987219699599,17.35355567932129,17.49688720703125,10.238566398620605,10.363086700439453,3.7393720149993896,3.7993719577789307,0.1991211328168771,2,1,1,False,0.0002047536804639094,0.0002124816965078935,0.0003607566192324632,0.00036077235479761076,34.44983329645115,44.61301551601138,59.1650932678687,59.16664113262965,60.995270544327674,90.0,90.0,90.0,1.010140617789955,1.393955405098647,1.4639883771086337,1.479223774973854,,/Users/yimingzhang/Github/stl2fem.jl/data/Nikolaisen2022_merrill_msh/PLAG191.msh,140350,0.1338481903076172,pymeshfix_gmsh,176649,0.16846561431884766,1083,3924,17.35355567932129,17.47641181945801,10.23856639862061,10.36308670043945,3.739372014999389,3.799371957778931,4.574865729867041e-09,9.37100224890651e-08,2.046261697150516e-07,3.6538864938764155e-07,0.11348569057473659,0.5671599736366644,0.8167224780857802,0.9850698503079047,1.000660924634046,1.2810956412848251,2.1351779034473974,11.02296731442485,1.0204358811215364,1.512901268159411,2.4580548257414057,7.3195239802994765,8.47424748109975,50.55172465598332,67.32676553455782,81.60327441820112,-1.0,-1.0,-1.0,-1.0,0.002878175570675693,0.010128687888129841,0.014481660113016319,0.01854750487891185,2.878175570675693e-09,1.0128687888129841e-08,1.4481660113016318e-08,1.854750487891185e-08,1.7353555679321287e-05,1.747641181945801e-05,1.0238566398620611e-05,1.036308670043945e-05,3.7393720149993892e-06,3.799371957778931e-06,151560,311904,103968,251136,4158720,7465932.0,7.120067596435547,0.006953191012144089,7.12 MiB,Screening estimate; calibrate with real Merrill.jl runs.,ok,gmsh;pymeshfix_gmsh,gmsh: ValueError: zero-size array to reduction operation maximum which has no identity,,,
PLAG190,PLAG,/Users/yimingzhang/Github/stl2fem.jl/data/Nikolaisen2022/Plag Binary meshes/PLAG190-binary.stl,Plag Binary meshes,24213,0.02309131622314453,ascii,0.0003430946856609,0.0868570595955939,56,0,00_smallest,um,1e-06,0.009,9e-09,/Users/yimingzhang/Github/stl2fem.jl/data/Nikolaisen2022/Plag Binary meshes/PLAG190-binary.stl,24213,78,152,0.036066280363396125,0.0003682777822714571,11.477001190185547,11.57938003540039,6.523722171783447,6.689748764038086,3.5593719482421875,3.6193718910217285,0.2040741297096748,0,0,1,True,0.0002047536804639094,0.00021247166841931175,0.0003607498715821029,0.0003607611131032198,34.45043902681189,44.61301551601138,59.16432328278005,59.166601739983356,60.9945136934832,90.0,90.0,90.0,1.0101326317160813,1.393955405098647,1.479202663588377,1.4792134005389648,,/Users/yimingzhang/Github/stl2fem.jl/data/Nikolaisen2022_merrill_msh/PLAG190.msh,126125,0.12028217315673828,gmsh,149564,0.14263534545898438,981,3518,11.477001,11.57938,6.523721999999999,6.689749,3.559372,3.619371836189734,8.938308228716506e-09,9.848728989468659e-08,1.9382372894265192e-07,3.010751681444377e-07,0.16662295601805902,0.5674961936195229,0.8087374394795486,0.9862747404509971,1.0008259831386372,1.2941097044190912,2.065201586940481,3.320890984695969,1.0141466038636175,1.5244772371387936,2.4059245285508335,3.9091650146267747,13.356457823220298,49.85045855751825,67.24722819162851,82.01573076028744,-1.0,-1.0,-1.0,-1.0,0.0032451935470037517,0.010270258330272675,0.014549270537098372,0.017428333068842977,3.2451935470037516e-09,1.0270258330272675e-08,1.4549270537098371e-08,1.7428333068842976e-08,1.1477001e-05,1.157938e-05,6.523721999999999e-06,6.6897489999999995e-06,3.5593720000000002e-06,3.619371836189734e-06,136120,282528,94176,225152,3767040,6757524.0,6.444477081298828,0.006293434649705887,6.44 MiB,Screening estimate; calibrate with real Merrill.jl runs.,ok,gmsh,,,,
PLAG189,PLAG,/Users/yimingzhang/Github/stl2fem.jl/data/Nikolaisen2022/Plag Binary meshes/PLAG189-binary.stl,Plag Binary meshes,25641,0.024453163146972656,ascii,0.0001354744807144,0.0637215440734112,57,0,00_smallest,um,1e-06,0.009,9e-09,/Users/yimingzhang/Github/stl2fem.jl/data/Nikolaisen2022/Plag Binary meshes/PLAG189-binary.stl,25641,82,158,0.03914401400853533,0.007287941803249918,27.16146469116211,27.222890853881836,8.453781127929688,8.619807243347168,14.819372177124023,14.999371528625488,0.25246308840707143,8,5,1,False,0.00020474879875109764,0.00020754335491801612,0.000360744254220975,0.00036075548898968916,34.44980179266129,43.94092501044982,59.16479472061512,59.16546225162776,60.99449031283514,90.0,90.0,90.0,1.0101326346934139,1.3946602889786297,1.4639931274490585,1.479224314564088,,/Users/yimingzhang/Github/stl2fem.jl/data/Nikolaisen2022_merrill_msh/PLAG189.msh,95521,0.0910959243774414,pymeshfix_gmsh,121119,0.1155080795288086,841,2565,27.18194007873535,27.22289085388184,8.453781127929688,8.619807243347168,14.81937217712402,14.99937152862549,8.720409586836624e-09,6.594573081641744e-08,1.4947751731474244e-07,2.610834173281446e-07,0.13335755950175096,0.5324010630357313,0.7886530201799364,0.9814214857983684,1.001099020602567,1.3289245044988667,2.1862410235957315,6.187584745600769,1.0263719175694617,1.5726495159681881,2.527094319441569,6.1186799610929254,10.973747796876737,48.855086823730666,66.86371910051193,79.52922751826335,-1.0,-1.0,-1.0,-1.0,0.0019944431932015995,0.008918689276638178,0.013625596170637995,0.016240062622513214,1.9944431932015996e-09,8.918689276638178e-09,1.3625596170637994e-08,1.6240062622513215e-08,2.718194007873535e-05,2.7222890853881838e-05,8.453781127929687e-06,8.619807243347168e-06,1.481937217712402e-05,1.499937152862549e-05,102264,242208,80736,164160,3229440,5728212.0,5.462848663330078,0.005334813147783279,5.46 MiB,Screening estimate; calibrate with real Merrill.jl runs.,ok,gmsh;pymeshfix_gmsh,gmsh: ValueError: zero-size array to reduction operation maximum which has no identity,,,
PLAG188,PLAG,/Users/yimingzhang/Github/stl2fem.jl/data/Nikolaisen2022/Plag Binary meshes/PLAG188-binary.stl,Plag Binary meshes,25962,0.024759292602539062,ascii,0.0004076382105487,0.0919938415231561,58,0,00_smallest,um,1e-06,0.009,9e-09,/Users/yimingzhang/Github/stl2fem.jl/data/Nikolaisen2022/Plag Binary meshes/PLAG188-binary.stl,25962,84,163,0.04068340001508279,0.0013750558022350323,23.782957077026367,23.967239379882812,6.523722171783447,6.648241996765137,5.659371852874756,5.719371795654297,0.23035873565613568,2,1,1,False,0.0002047536804639094,0.00021247166841931175,0.0003607498715821029,0.00036077235479761076,35.39006918509901,44.61301551601138,59.165105107197775,59.16817326110164,60.9945136934832,90.0,90.0,90.0,1.0101326317160813,1.393955405098647,1.4639686612477332,1.463988377108634,,/Users/yimingzhang/Github/stl2fem.jl/data/Nikolaisen2022_merrill_msh/PLAG188.msh,160874,0.15342140197753906,pymeshfix_gmsh,205870,0.1963329315185547,1218,4522,23.78295707702637,23.96723937988281,6.54447603225708,6.648241996765138,5.659371852874755,5.719371795654298,1.3167165775205894e-08,8.9637175828437e-08,1.8007971959246685e-07,3.4107825699450086e-07,0.17887466436171065,0.5662341258986143,0.7980675262205091,0.9889336616102103,1.0004401135914542,1.295379868703789,2.023199556819208,3.3260949273764644,1.0100670473873978,1.5295917908378796,2.3793369532972735,3.994560473962923,11.66888138667241,49.80296253155009,67.02531684801922,81.16757205303183,-1.0,-1.0,-1.0,-1.0,0.004058499399831709,0.009952634600124551,0.014168345051773024,0.016775626539633243,4.058499399831709e-09,9.952634600124551e-09,1.4168345051773023e-08,1.6775626539633243e-08,2.378295707702637e-05,2.3967239379882808e-05,6.54447603225708e-06,6.648241996765137e-06,5.659371852874755e-06,5.7193717956542975e-06,173936,350784,116928,289408,4677120,8412264.0,8.022560119628906,0.007834531366825104,8.02 MiB,Screening estimate; calibrate with real Merrill.jl runs.,ok,gmsh;pymeshfix_gmsh,gmsh: ValueError: zero-size array to reduction operation maximum which has no identity,,,
PLAG187,PLAG,/Users/yimingzhang/Github/stl2fem.jl/data/Nikolaisen2022/Plag Binary meshes/PLAG187-binary.stl,Plag Binary meshes,26127,0.024916648864746094,ascii,0.000382560693624,0.090067320210991,59,0,00_smallest,um,1e-06,0.009,9e-09,/Users/yimingzhang/Github/stl2fem.jl/data/Nikolaisen2022/Plag Binary meshes/PLAG187-binary.stl,26127,83,161,0.04082425858362798,0.0012412796046336577,16.595951080322266,16.69832992553711,14.43073844909668,14.617517471313477,5.099371910095215,5.159371852874756,0.22128674660118222,2,1,1,False,0.0002047536804639094,0.00021247166841931175,0.00036074988070083404,0.00036077235479761076,34.44921098410805,44.61301551601138,59.165109053640805,59.16817326110164,60.9945136934832,90.0,90.0,90.0,1.0101326317160813,1.393955405098647,1.479192083562634,1.4792344341757253,,/Users/yimingzhang/Github/stl2fem.jl/data/Nikolaisen2022_merrill_msh/PLAG187.msh,159474,0.1520862579345703,pymeshfix_gmsh,203880,0.19443511962890625,1206,4484,16.59595108032227,16.69832992553711,14.45149040222168,14.61751747131348,5.099371910095214,5.159371852874757,7.557061384279345e-10,8.571459823323369e-08,1.720572903323909e-07,3.069299274751981e-07,0.010985097087843655,0.563546080869264,0.8016630450559308,0.9468914868552553,1.0077583432385544,1.3021062469352143,2.1164732887828706,556.2519970518887,1.0548151975255395,1.5386494093645968,2.475096524428954,88.75557725615741,0.6428798077883815,50.174942070022844,67.06099588943414,81.53885278626552,-1.0,-1.0,-1.0,-1.0,0.003971266320495136,0.009817991321286877,0.014018645019389986,0.017552103022903262,3.971266320495136e-09,9.817991321286877e-09,1.4018645019389984e-08,1.7552103022903262e-08,1.659595108032227e-05,1.6698329925537108e-05,1.4451490402221679e-05,1.4617517471313479e-05,5.099371910095214e-06,5.159371852874756e-06,172432,347328,115776,286976,4631040,8330328.0,7.944419860839844,0.00775822252035141,7.94 MiB,Screening estimate; calibrate with real Merrill.jl runs.,ok,gmsh;pymeshfix_gmsh,gmsh: Exception: Invalid boundary mesh (overlapping facets) on surface 2 surface 6,,,
PLAG186,PLAG,/Users/yimingzhang/Github/stl2fem.jl/data/Nikolaisen2022/Plag Binary meshes/PLAG186-binary.stl,Plag Binary meshes,26775,0.025534629821777344,ascii,0.0003567320702635,0.0879929431368576,60,0,00_smallest,um,1e-06,0.009,9e-09,/Users/yimingzhang/Github/stl2fem.jl/data/Nikolaisen2022/Plag Binary meshes/PLAG186-binary.stl,26775,85,165,0.042640373626038404,0.003673136953716609,19.790176391601562,19.872079849243164,14.181697845458984,14.409984588623047,8.01937198638916,8.099371910095215,0.25538794268931103,4,3,1,False,0.000204787400434725,0.00021249146084301174,0.00036075548898968916,0.0003607892076581378,35.38913754399767,43.94492121952579,59.16546225162776,59.16935114219168,60.992173012993774,90.0,90.0,90.0,1.0101086831570603,1.394654158484773,1.4639526885089464,1.4640026286372831,,/Users/yimingzhang/Github/stl2fem.jl/data/Nikolaisen2022_merrill_msh/PLAG186.msh,142646,0.13603782653808594,pymeshfix_gmsh,181645,0.17323017120361328,1124,3965,19.79017639160156,19.87207984924317,14.2024507522583,14.40998458862305,8.01937198638916,8.099371910095215,1.238479534614057e-08,9.071529889070897e-08,1.952557809393314e-07,3.200097068740653e-07,0.13688452608146626,0.5445822024844695,0.7899101258444035,0.9773656139980568,1.000810095257205,1.3184827722642494,2.1286557506154398,4.687332227306971,1.0149457326374134,1.5637321251232543,2.438754669106127,4.520421054216125,14.08433289435707,49.53809138125015,67.02748772050397,84.1932369117769,-1.0,-1.0,-1.0,-1.0,0.0034824713906292507,0.010001218351078305,0.014780277462132067,0.018434514696521062,3.4824713906292504e-09,1.0001218351078303e-08,1.4780277462132067e-08,1.8434514696521062e-08,1.979017639160156e-05,1.987207984924317e-05,1.42024507522583e-05,1.440998458862305e-05,8.01937198638916e-06,8.099371910095214e-06,153856,323712,107904,253760,4316160,7733088.0,7.374847412109375,0.0072019994258880615,7.37 MiB,Screening estimate; calibrate with real Merrill.jl runs.,ok,gmsh;pymeshfix_gmsh,gmsh: Exception: Invalid boundary mesh (overlapping facets) on surface 3 surface 16,,,
PLAG184,PLAG,/Users/yimingzhang/Github/stl2fem.jl/data/Nikolaisen2022/Plag Binary meshes/PLAG184-binary.stl,Plag Binary meshes,26937,0.025689125061035156,ascii,0.0002815260249781,0.0813154947383054,61,0,00_smallest,um,1e-06,0.009,9e-09,/Users/yimingzhang/Github/stl2fem.jl/data/Nikolaisen2022/Plag Binary meshes/PLAG184-binary.stl,26937,85,166,0.0425121527063096,0.0003229583601703539,21.407764434814453,21.632997512817383,13.102524757385254,13.185538291931152,5.7393717765808105,5.79937219619751,0.24742925594734522,0,0,1,True,0.0002047536804639094,0.00021247166841931175,0.0003607498715821029,0.0003607779723713267,35.38975863716515,44.32774165145066,59.16506958921053,59.16703377057601,60.99449031283514,90.0,90.0,90.0,1.0101326346934139,1.3941744924291908,1.4639931274490585,1.4639931274490585,,/Users/yimingzhang/Github/stl2fem.jl/data/Nikolaisen2022_merrill_msh/PLAG184.msh,128058,0.12212562561035156,gmsh,156114,0.1488819122314453,1060,3508,21.407764,21.632998,13.102525,13.185538,5.739371999999999,5.799372000000001,1.2163429055785083e-08,8.280350308132853e-08,1.7852596863787757e-07,3.519715342162867e-07,0.17450861392506087,0.5337760792472728,0.7763704373484022,0.9691817672871468,1.002036997941016,1.3382485345169772,2.059576510977272,3.96854079618582,1.0295979911006792,1.587559932268193,2.392725130828453,4.050548469261598,12.39269332869691,49.49522797703548,67.96028741564228,81.77744084665379,-1.0,-1.0,-1.0,-1.0,0.0038501378350785953,0.009700514631451754,0.014577963346379298,0.017344411594201498,3.8501378350785955e-09,9.700514631451754e-09,1.4577963346379297e-08,1.7344411594201496e-08,2.1407764e-05,2.1632998e-05,1.3102524999999999e-05,1.3185537999999998e-05,5.739371999999998e-06,5.799372000000001e-06,137696,305280,101760,224512,4070400,7259472.0,6.9231719970703125,0.006760910153388977,6.92 MiB,Screening estimate; calibrate with real Merrill.jl runs.,ok,gmsh,,,,
