particle_id,phase,source_path,source_folder,stl_size_bytes,stl_size_mib,stl_format,metadata_volume_um3,metadata_evsd_um,size_rank,size_bin_index,size_bin,input_unit,input_scale_to_meters,target_edge_length_native,target_edge_length_m,surface_path,surface_file_size_bytes,surface_n_points_surface,surface_n_triangles_surface,surface_surface_area,surface_surface_volume,surface_bbox_xmin,surface_bbox_xmax,surface_bbox_ymin,surface_bbox_ymax,surface_bbox_zmin,surface_bbox_zmax,surface_bbox_diagonal,surface_boundary_edge_count,surface_non_manifold_edge_count,surface_connected_components,surface_is_watertight,surface_area_min,surface_area_median,surface_area_p95,surface_area_max,surface_min_angle_min,surface_min_angle_median,surface_min_angle_p95,surface_min_angle_max,surface_max_angle_min,surface_max_angle_median,surface_max_angle_p95,surface_max_angle_max,surface_aspect_ratio_min,surface_aspect_ratio_median,surface_aspect_ratio_p95,surface_aspect_ratio_max,msh_path,merrill_msh_path,merrill_msh_size_bytes,merrill_msh_size_mib,mesh_strategy,msh_size_bytes,msh_size_mib,n_nodes,n_tets,bbox_xmin,bbox_xmax,bbox_ymin,bbox_ymax,bbox_zmin,bbox_zmax,volume_min,volume_median,volume_p95,volume_max,scaled_jacobian_min,scaled_jacobian_median,scaled_jacobian_p95,scaled_jacobian_max,radius_ratio_min,radius_ratio_median,radius_ratio_p95,radius_ratio_max,aspect_ratio_min,aspect_ratio_median,aspect_ratio_p95,aspect_ratio_max,min_angle_min,min_angle_median,min_angle_p95,min_angle_max,max_angle_min,max_angle_median,max_angle_p95,max_angle_max,edge_length_min,edge_length_median,edge_length_p95,edge_length_max,edge_length_min_m,edge_length_median_m,edge_length_p95_m,edge_length_max_m,bbox_xmin_m,bbox_xmax_m,bbox_ymin_m,bbox_ymax_m,bbox_zmin_m,bbox_zmax_m,mesh_storage_bytes,vector_state_bytes,scalar_state_bytes,tet_workspace_bytes,sparse_operator_bytes,estimated_memory_bytes,estimated_memory_mib,estimated_memory_gib,estimated_memory_human,estimate_note,status,attempted_mesh_strategies,strategy_errors,voxel_spacing_native,voxel_cells,voxel_points
PLAG246,PLAG,data/Nikolaisen2022/Plag Binary meshes/PLAG246-binary.stl,Plag Binary meshes,7173,0.006840705871582031,ascii,3.84640588890761e-05,0.0418811722974026,0,0,00_smallest,um,1e-06,0.009,9e-09,data/Nikolaisen2022/Plag Binary meshes/PLAG246-binary.stl,7173,24,44,0.010484310587145872,5.382517665317574e-05,22.882022857666016,22.98440170288086,10.632880210876465,10.69513988494873,9.27937126159668,9.299371719360352,0.12148132891052066,0,0,1,True,0.00020475856217672117,0.00021246190499368822,0.0003607442521425079,0.00036075548898968916,34.4504705156794,44.61433184461598,59.16546225162776,59.16546225162776,60.99449031283514,90.0,90.0,90.0,1.0101326346934139,1.3939546678003747,1.3946582682586561,1.4792128612444826,,data/Nikolaisen2022_merrill_msh/PLAG246.msh,29496,0.02812957763671875,gmsh,34365,0.03277301788330078,272,776,22.882023,22.984402,10.63288,10.69514,9.279370999999998,9.299372000000002,1.3577601146697649e-08,6.178355496363242e-08,1.4431019293215214e-07,2.1709591772318634e-07,0.1722511472994757,0.5154234777976523,0.7789737311698745,0.9040951344540646,1.0052975079715905,1.3476114212148145,2.1354418955627574,3.315043716520733,1.0355577588693166,1.5919888802717592,2.5186320999838223,3.9395996312311596,15.011490950072057,49.607563959233666,66.80487957011516,78.19666220940502,-1.0,-1.0,-1.0,-1.0,0.00409268951163293,0.008660598333322474,0.013239551502441665,0.01597654908085078,4.09268951163293e-09,8.660598333322473e-09,1.3239551502441664e-08,1.597654908085078e-08,2.2882023e-05,2.2984402e-05,1.063288e-05,1.069514e-05,9.279370999999997e-06,9.299372000000001e-06,31360,78336,26112,49664,1044480,1844928.0,1.75946044921875,0.0017182230949401855,1.76 MiB,Screening estimate; calibrate with real Merrill.jl runs.,ok,gmsh,,,,
PLAG245,PLAG,data/Nikolaisen2022/Plag Binary meshes/PLAG245-binary.stl,Plag Binary meshes,8130,0.0077533721923828125,ascii,4.69969985248397e-05,0.0447737874649074,1,0,00_smallest,um,1e-06,0.009,9e-09,data/Nikolaisen2022/Plag Binary meshes/PLAG245-binary.stl,8130,27,49,0.011406757777586922,0.0019795527993395,18.00878143310547,18.09068489074707,14.243958473205566,14.306217193603516,11.939372062683105,11.959371566772461,0.10480603419202439,2,1,1,False,0.00020474879875109764,0.00021246190499368822,0.0003607330175470724,0.0003607555002254055,34.45042416714881,44.61433184461598,59.16467692102466,59.166248488915194,60.996050787406936,90.0,90.0,90.0,1.010148601100164,1.3939546678003747,1.4639737687760097,1.4792136550338595,,data/Nikolaisen2022_merrill_msh/PLAG245.msh,31008,0.029571533203125,pymeshfix_gmsh,38444,0.036663055419921875,283,819,18.00878143310547,18.09068489074707,14.24395847320557,14.30621719360352,11.9393720626831,11.95937156677246,1.2901729610439355e-08,6.567364260347939e-08,1.4684604054915624e-07,2.7119380372706165e-07,0.19698492352111222,0.534675729619855,0.7772419716408735,0.9499627525465206,1.006572808377564,1.3428717366354033,1.943309311646801,3.2714407351252963,1.0476839717670694,1.575499085505554,2.261554319503947,3.881296932677681,14.135792789206628,50.187471196756874,67.94279218520917,78.7086860047774,-1.0,-1.0,-1.0,-1.0,0.0040963487488108,0.008946291258451547,0.013428277385509458,0.01624259120343295,4.0963487488108e-09,8.946291258451546e-09,1.3428277385509457e-08,1.6242591203432952e-08,1.8008781433105467e-05,1.809068489074707e-05,1.4243958473205569e-05,1.4306217193603519e-05,1.1939372062683099e-05,1.1959371566772459e-05,33000,81504,27168,52416,1086720,1921212.0,1.8322105407714844,0.0017892681062221527,1.83 MiB,Screening estimate; calibrate with real Merrill.jl runs.,ok,gmsh;pymeshfix_gmsh,gmsh: ValueError: zero-size array to reduction operation maximum which has no identity,,,
PLAG244,PLAG,data/Nikolaisen2022/Plag Binary meshes/PLAG244-binary.stl,Plag Binary meshes,8461,0.008069038391113281,ascii,4.27812525837605e-05,0.0433928616043066,2,0,00_smallest,um,1e-06,0.009,9e-09,data/Nikolaisen2022/Plag Binary meshes/PLAG244-binary.stl,8461,28,52,0.012165666673664328,6.232362873892013e-05,26.485763549804688,26.58814239501953,8.806587219238281,8.868847846984863,15.639371871948242,15.659371376037598,0.12148166066836402,0,0,1,True,0.00020474879875109764,0.00021247166841931175,0.000360744254220975,0.0003607667372703575,35.94463321634594,44.61367368031368,59.16383426248813,59.16471640478044,60.996050787406936,90.0,90.0,90.0,1.010148601100164,1.3939550364495108,1.3943953045114725,1.4557942858243378,,data/Nikolaisen2022_merrill_msh/PLAG244.msh,33080,0.03154754638671875,gmsh,38439,0.036658287048339844,305,871,26.485764,26.588142,8.806587,8.868848000000002,15.639372,15.659371,1.1963706749540876e-08,6.461570466249542e-08,1.4755065538169217e-07,2.6859950563459747e-07,0.21213463098916657,0.5260625115449293,0.7893524477776881,0.9432144414500326,1.002756402843772,1.3401244769340759,2.1078606268165965,3.2236370969708967,1.0303151074282342,1.5894167373630554,2.4386243874213234,3.8235331048881553,14.426790246954859,50.16162533052756,66.2652059740582,78.40599789472955,-1.0,-1.0,-1.0,-1.0,0.004492611034311138,0.008762163942652222,0.013467333676492822,0.017122509277877902,4.492611034311138e-09,8.762163942652222e-09,1.346733367649282e-08,1.7122509277877903e-08,2.6485763999999998e-05,2.6588142e-05,8.806587e-06,8.868848000000002e-06,1.5639371999999998e-05,1.5659371e-05,35192,87840,29280,55744,1171200,2068884.0,1.9730415344238281,0.0019267983734607697,1.97 MiB,Screening estimate; calibrate with real Merrill.jl runs.,ok,gmsh,,,,
PLAG243,PLAG,data/Nikolaisen2022/Plag Binary meshes/PLAG243-binary.stl,Plag Binary meshes,8955,0.008540153503417969,ascii,2.97097646768663e-05,0.0384267389352994,3,0,00_smallest,um,1e-06,0.009,9e-09,data/Nikolaisen2022/Plag Binary meshes/PLAG243-binary.stl,8955,29,54,0.014310728330274955,0.008038273079907173,21.694425582885742,21.796804428100586,11.649792671203613,11.712052345275879,14.559371948242188,14.61937141418457,0.13400608522183174,5,5,1,False,0.00020474879875109764,0.0002124816965078935,0.0003607594324501086,0.0003607779723713267,35.38975863716515,44.61433184461598,59.166248488915194,59.16703377057601,60.99449031283514,90.0,90.0,90.0,1.0101326346934139,1.3939546678003747,1.4639867194934397,1.4639931274490585,,data/Nikolaisen2022_merrill_msh/PLAG243.msh,35236,0.033603668212890625,pymeshfix_gmsh,43577,0.041558265686035156,317,936,21.69442558288574,21.79680442810059,11.64979267120361,11.71205234527588,14.55937194824219,14.61937141418457,6.286156052043942e-09,5.922981607564612e-08,1.2213590466855948e-07,2.23695854734563e-07,0.16728058629276873,0.5553161894772458,0.7931723438623302,0.9994762480844273,1.0004658147769299,1.3148554750967973,2.0946051868350737,3.0560697048268852,1.0093778495979258,1.5563474247682314,2.4204173738790953,3.725027373628816,16.001051557996444,49.33621593483113,66.4670213303054,78.93825555373054,-1.0,-1.0,-1.0,-1.0,0.003832955050795919,0.008404316834450639,0.013031333605663427,0.01610920498316525,3.832955050795919e-09,8.404316834450639e-09,1.3031333605663426e-08,1.6109204983165248e-08,2.1694425582885738e-05,2.1796804428100588e-05,1.164979267120361e-05,1.171205234527588e-05,1.4559371948242189e-05,1.461937141418457e-05,37560,91296,30432,59904,1217280,2154708.0,2.054889678955078,0.0020067282021045685,2.05 MiB,Screening estimate; calibrate with real Merrill.jl runs.,ok,gmsh;pymeshfix_gmsh,gmsh: Exception: Invalid boundary mesh (overlapping facets) on surface 13 surface 3,,,
PLAG242,PLAG,data/Nikolaisen2022/Plag Binary meshes/PLAG242-binary.stl,Plag Binary meshes,9117,0.008694648742675781,ascii,3.26354413361744e-05,0.0396488220624467,4,0,00_smallest,um,1e-06,0.009,9e-09,data/Nikolaisen2022/Plag Binary meshes/PLAG242-binary.stl,9117,29,56,0.013548322445889611,0.004034221831868452,10.76034927368164,10.862728118896484,9.491447448730469,9.595213890075684,11.399372100830078,11.419371604919434,0.14713559209380644,2,4,1,False,0.00020474879875109764,0.00021247166841931175,0.0003607555002254055,0.0003607667372703575,34.44980179266129,44.61301551601138,59.165099425814134,59.166248488915194,60.996050787406936,90.0,90.0,90.0,1.010148601100164,1.393955405098647,1.4677911339614673,1.479224314564088,,data/Nikolaisen2022_merrill_msh/PLAG242.msh,15614,0.014890670776367188,voxel,15614,0.014890670776367188,158,396,10.76965618133545,10.853421211242676,9.50874137878418,9.586566925048828,11.399372100830078,11.419371604919434,1.3411778685681539e-07,1.34130578252796e-07,1.3414632321628872e-07,1.3415911733390592e-07,0.38978500783370224,0.5536800330476656,0.6302777777766975,0.6303175466976368,1.3741143999251946,1.4086179952294497,1.5804845081252188,1.580499404946649,1.4219493530329264,1.7251976654071697,1.93569029564022,1.9357085404458663,35.09552250523222,51.76679685961564,63.538130398804014,63.538130398804014,-1.0,-1.0,-1.0,-1.0,0.008646965026855469,0.012703878708968478,0.016167656352770746,0.016168715411398298,8.646965026855469e-09,1.2703878708968478e-08,1.6167656352770746e-08,1.6168715411398297e-08,1.0769656181335449e-05,1.0853421211242676e-05,9.508741378784179e-06,9.586566925048828e-06,1.1399372100830078e-05,1.1419371604919433e-05,16464,45504,15168,25344,606720,1063800.0,1.0145187377929688,0.000990740954875946,1.01 MiB,Screening estimate; calibrate with real Merrill.jl runs.,ok,gmsh;pymeshfix_gmsh;voxel,gmsh: Exception: Wrong topology of triangulation for parametrization: one edge is incident to 3 triangles | pymeshfix_gmsh: RuntimeError: Mesh worker exited with code -11 without a result.,0.009,66.0,158.0
PLAG241,PLAG,data/Nikolaisen2022/Plag Binary meshes/PLAG241-binary.stl,Plag Binary meshes,9120,0.008697509765625,ascii,5.09825926968688e-05,0.0460052891952411,5,0,00_smallest,um,1e-06,0.009,9e-09,data/Nikolaisen2022/Plag Binary meshes/PLAG241-binary.stl,9120,30,55,0.012740026820353221,0.0023187955017363064,13.176492691040039,13.237920761108398,11.587532997131348,11.691299438476562,12.919371604919434,12.939372062683105,0.12223297612563315,2,1,1,False,0.00020475856217672117,0.00021247166841931175,0.0003161344164823923,0.00036076673515312863,35.3904031314035,44.61433184461598,48.981538762184385,59.16703377057601,60.99449031283514,90.0,90.0,90.0,1.0101326346934139,1.3939546678003747,1.455803326202319,1.463983269055799,,data/Nikolaisen2022_merrill_msh/PLAG241.msh,32212,0.030719757080078125,pymeshfix_gmsh,39909,0.03806018829345703,293,852,13.17649269104004,13.2379207611084,11.58753299713135,11.67054557800293,12.91937160491943,12.93937206268311,9.063410963581885e-09,7.152814096181522e-08,1.6957020875206156e-07,2.583840367510544e-07,0.14227930742818762,0.5388597165402867,0.789626545485752,0.9604544056136018,1.0024861258553381,1.3182803951220738,2.129193894964621,3.2512962752434316,1.0287623488444622,1.5518730998065395,2.4443496502724518,3.947032860834253,12.245999731807366,49.18964306965553,67.63030032196609,82.52257113958578,-1.0,-1.0,-1.0,-1.0,0.003699307630009931,0.009319737045839285,0.013718499370624507,0.01676899440694701,3.699307630009931e-09,9.319737045839285e-09,1.3718499370624506e-08,1.6768994406947008e-08,1.317649269104004e-05,1.32379207611084e-05,1.1587532997131349e-05,1.167054557800293e-05,1.2919371604919429e-05,1.293937206268311e-05,34296,84384,28128,54528,1125120,1989684.0,1.8975105285644531,0.0018530376255512238,1.90 MiB,Screening estimate; calibrate with real Merrill.jl runs.,ok,gmsh;pymeshfix_gmsh,gmsh: ValueError: zero-size array to reduction operation maximum which has no identity,,,
PLAG240,PLAG,data/Nikolaisen2022/Plag Binary meshes/PLAG240-binary.stl,Plag Binary meshes,9603,0.009158134460449219,ascii,4.37692952294603e-05,0.0437243783666744,6,0,00_smallest,um,1e-06,0.009,9e-09,data/Nikolaisen2022/Plag Binary meshes/PLAG240-binary.stl,9603,32,59,0.014617580981309969,0.0010534701702820865,-0.6651470065116882,-0.5832440257072449,11.213973045349121,11.276232719421387,6.6193718910217285,6.659371852874756,0.11038279860776046,2,1,1,False,0.00020475010418863349,0.00021246808984187737,0.00036074678432365773,0.0003607568975124945,35.390241208915626,44.61384937909773,59.164853493404905,59.16556070683918,60.994986612736106,90.0,90.0,90.0,1.0101378049491077,1.3939549377458706,1.463966475011332,1.4639857458006889,,data/Nikolaisen2022_merrill_msh/PLAG240.msh,38877,0.03707599639892578,pymeshfix_gmsh,48977,0.046708106994628906,349,1034,-0.6651470065116882,-0.5832440257072449,11.21397304534912,11.27623271942139,6.619371891021728,6.659371852874757,1.1163078088223217e-08,6.287686275874005e-08,1.4488153514255082e-07,2.1722953448968764e-07,0.16677643275528414,0.5698153627517593,0.7924094244827414,0.9787641006262304,1.0005846545232893,1.2983403689521067,1.9933910633994172,4.079863034935052,1.014493388979903,1.5285180989460623,2.308417052087669,4.773086920189067,13.313471862035158,49.71580993199433,67.26219372901603,79.18152675886834,-1.0,-1.0,-1.0,-1.0,0.004288576985827226,0.008739956950483335,0.012997672754405012,0.01585060241212174,4.288576985827226e-09,8.739956950483334e-09,1.2997672754405012e-08,1.585060241212174e-08,-6.651470065116882e-07,-5.832440257072449e-07,1.1213973045349118e-05,1.1276232719421389e-05,6.6193718910217276e-06,6.6593718528747564e-06,41464,100512,33504,66176,1340160,2372724.0,2.262805938720703,0.0022097714245319366,2.26 MiB,Screening estimate; calibrate with real Merrill.jl runs.,ok,gmsh;pymeshfix_gmsh,gmsh: ValueError: zero-size array to reduction operation maximum which has no identity,,,
PLAG239,PLAG,data/Nikolaisen2022/Plag Binary meshes/PLAG239-binary.stl,Plag Binary meshes,9765,0.009312629699707031,ascii,7.59469690081865e-05,0.052541678331426,7,0,00_smallest,um,1e-06,0.009,9e-09,data/Nikolaisen2022/Plag Binary meshes/PLAG239-binary.stl,9765,33,60,0.016391451633075288,0.009351876355391302,4.924746036529541,5.047601222991943,13.559098243713379,13.662864685058594,11.899372100830078,11.939372062683105,0.16571321051263596,6,4,1,False,0.00020474879875109764,0.0002520061772882011,0.0003607557700287106,0.0003607611097701182,34.45011714047594,44.614998937413766,59.165069821995466,59.16585514036257,60.99449031283514,90.0,90.0,90.0,1.0101326346934139,1.393954295109688,1.4639839730610753,1.4792189134431564,,data/Nikolaisen2022_merrill_msh/PLAG239.msh,49573,0.04727649688720703,pymeshfix_gmsh,61322,0.05848121643066406,419,1346,4.924746036529541,5.027124881744385,13.55909824371338,13.66286468505859,11.89937210083008,11.93937206268311,9.32293000670943e-09,6.805022487761912e-08,1.4126065401261205e-07,2.4960447091879604e-07,0.1157879300945097,0.5255409528780954,0.7848852894805609,0.9495591881911211,1.0043257977900153,1.3360322343703852,2.30074888303316,4.24713993079624,1.039100389043293,1.5766170717003043,2.654461167415145,4.377612185724417,12.312491776977154,48.33737063072469,66.73666003871375,79.81459609430503,-1.0,-1.0,-1.0,-1.0,0.003043322803079084,0.009131039226132606,0.013388046897395561,0.016092934733107793,3.0433228030790837e-09,9.131039226132606e-09,1.3388046897395561e-08,1.6092934733107793e-08,4.924746036529541e-06,5.027124881744385e-06,1.355909824371338e-05,1.366286468505859e-05,1.1899372100830079e-05,1.1939372062683111e-05,53128,120672,40224,86144,1608960,2863692.0,2.731029510498047,0.002667021006345749,2.73 MiB,Screening estimate; calibrate with real Merrill.jl runs.,ok,gmsh;pymeshfix_gmsh,gmsh: Exception: Wrong topology of triangulation for parametrization: one edge is incident to 3 triangles,,,
PLAG238,PLAG,data/Nikolaisen2022/Plag Binary meshes/PLAG238-binary.stl,Plag Binary meshes,10251,0.009776115417480469,ascii,4.66399513025332e-05,0.0446601134522148,8,0,00_smallest,um,1e-06,0.009,9e-09,data/Nikolaisen2022/Plag Binary meshes/PLAG238-binary.stl,10251,34,63,0.01505251149872946,0.0025565900498335137,8.733243942260742,8.835624694824219,10.051786422729492,10.13479995727539,12.939372062683105,12.959371566772461,0.13331558639966684,6,5,1,False,0.00020474879875109764,0.00021247166841931175,0.0003607431305535847,0.0003607667372703575,35.39102426263919,44.61433184461598,59.16467692102466,59.166248488915194,60.996050787406936,90.0,90.0,90.0,1.010148601100164,1.3939546678003747,1.455810946332698,1.4639737687760097,,data/Nikolaisen2022_merrill_msh/PLAG238.msh,33556,0.032001495361328125,pymeshfix_gmsh,41723,0.03979015350341797,307,886,8.733243942260742,8.815147399902344,10.05178642272949,10.13479995727539,12.9393720626831,12.95937156677246,1.274417545314874e-08,7.068279304682545e-08,1.5877076170232525e-07,2.7967840158173693e-07,0.1695221680184055,0.5612501400537778,0.7901264418730867,0.9513468731477881,1.004898829412203,1.3019191503432828,1.932708112234296,4.068221189602475,1.040830938598331,1.541688103662623,2.2465025673443835,4.789336358179515,13.206816917979117,49.94610043568461,67.88732169122073,79.91887506153016,-1.0,-1.0,-1.0,-1.0,0.003763940844420486,0.00891380083435617,0.013616302441018382,0.016621224209520225,3.763940844420486e-09,8.91380083435617e-09,1.3616302441018381e-08,1.6621224209520223e-08,8.733243942260742e-06,8.815147399902344e-06,1.005178642272949e-05,1.013479995727539e-05,1.29393720626831e-05,1.2959371566772458e-05,35720,88416,29472,56704,1178880,2083788.0,1.9872550964355469,0.0019406788051128387,1.99 MiB,Screening estimate; calibrate with real Merrill.jl runs.,ok,gmsh;pymeshfix_gmsh,gmsh: Exception: Invalid boundary mesh (overlapping facets) on surface 2 surface 10,,,
PLAG237,PLAG,data/Nikolaisen2022/Plag Binary meshes/PLAG237-binary.stl,Plag Binary meshes,10440,0.00995635986328125,ascii,8.38789345444235e-05,0.0543106200432981,9,0,00_smallest,um,1e-06,0.009,9e-09,data/Nikolaisen2022/Plag Binary meshes/PLAG237-binary.stl,10440,34,63,0.016851120907622516,0.00210275697770543,12.214130401611328,12.29603385925293,14.181697845458984,14.243958473205566,11.579371452331543,11.639371871948242,0.11909917084189993,2,1,1,False,0.00020474879875109764,0.0002950629283111731,0.00036075548898968916,0.0003607779723713267,34.44980179266129,43.939559905881936,59.164602244471176,59.16550169673353,60.99449031283514,90.0,90.0,90.0,1.0101326346934139,1.394662388477074,1.4639931274490585,1.479224314564088,,data/Nikolaisen2022_merrill_msh/PLAG237.msh,53577,0.051095008850097656,pymeshfix_gmsh,66656,0.063568115234375,461,1447,12.21413040161133,12.29603385925293,14.18169784545898,14.24395847320557,11.57937145233154,11.63937187194824,4.760493826598049e-09,6.59431644978553e-08,1.5037529674191577e-07,2.5962563132222953e-07,0.19516606760517619,0.5592975849093613,0.8045883362161775,0.9773612952463844,1.0008117618296704,1.3055807704354945,1.9897850805907547,3.1706864534884036,1.014949376415744,1.5361246103318746,2.3182821842274994,3.7916822611393743,13.340909745088355,49.5392495873898,67.46108606590286,79.13939121823222,-1.0,-1.0,-1.0,-1.0,0.003709210099582944,0.00891431337152743,0.013496779730297554,0.017332025963878995,3.7092100995829437e-09,8.91431337152743e-09,1.3496779730297554e-08,1.7332025963878996e-08,1.221413040161133e-05,1.229603385925293e-05,1.418169784545898e-05,1.4243958473205569e-05,1.1579371452331539e-05,1.163937187194824e-05,57368,132768,44256,92608,1770240,3145860.0,3.0001258850097656,0.0029298104345798492,3.00 MiB,Screening estimate; calibrate with real Merrill.jl runs.,ok,gmsh;pymeshfix_gmsh,gmsh: ValueError: zero-size array to reduction operation maximum which has no identity,,,
PLAG236,PLAG,data/Nikolaisen2022/Plag Binary meshes/PLAG236-binary.stl,Plag Binary meshes,10539,0.010050773620605469,ascii,0.0001042111229926,0.0583855198228483,10,0,00_smallest,um,1e-06,0.009,9e-09,data/Nikolaisen2022/Plag Binary meshes/PLAG236-binary.stl,10539,35,66,0.016660106010715506,0.00012181762882132542,0.11293300241231918,0.1743600070476532,10.674386024475098,10.798906326293945,4.5593719482421875,4.599371910095215,0.14449421930226103,0,0,1,True,0.00020475971542843752,0.00021247793086587308,0.00036075443959022026,0.0003607572488107909,34.45065843091505,44.61389107162345,59.16556684575022,59.16558526247458,60.99496295161513,90.0,90.0,90.0,1.0101375705500524,1.3939549144050551,1.4558002021605088,1.4792096429531159,,data/Nikolaisen2022_merrill_msh/PLAG236.msh,54277,0.05176258087158203,gmsh,63012,0.060092926025390625,454,1479,0.112933,0.17436,10.674386,10.798906,4.559372,4.599372000000001,1.6386292108243415e-08,7.537156800670302e-08,1.608143824409373e-07,2.626216018748546e-07,0.17355208766206784,0.5522035448648945,0.7958920056260999,0.9688404247933581,1.0009996841020963,1.3135384041038032,2.07785019250004,3.3301756257850172,1.0184188396495313,1.554241320643822,2.380889749720166,4.024292869393838,15.996884532027934,49.90923531289433,66.68773855919478,81.81281189857049,-1.0,-1.0,-1.0,-1.0,0.004252924154830906,0.009428175346740762,0.013758437736785952,0.016890716827739093,4.252924154830906e-09,9.428175346740762e-09,1.3758437736785951e-08,1.6890716827739093e-08,1.12933e-07,1.7435999999999998e-07,1.0674385999999999e-05,1.0798906e-05,4.559371999999999e-06,4.5993720000000005e-06,58224,130752,43584,94656,1743360,3105864.0,2.9619827270507812,0.0028925612568855286,2.96 MiB,Screening estimate; calibrate with real Merrill.jl runs.,ok,gmsh,,,,
PLAG235,PLAG,data/Nikolaisen2022/Plag Binary meshes/PLAG235-binary.stl,Plag Binary meshes,11223,0.010703086853027344,ascii,0.0001036510382874,0.0582807338363972,11,0,00_smallest,um,1e-06,0.009,9e-09,data/Nikolaisen2022/Plag Binary meshes/PLAG235-binary.stl,11223,37,69,0.0170143900120596,0.0017484153119529924,7.054228782653809,7.115655899047852,15.136350631713867,15.240118026733398,10.759371757507324,10.799371719360352,0.12704707728188944,3,2,1,False,0.00020475356700444536,0.00021247180075079086,0.000360755494819892,0.0003607667305938688,34.45073119499505,44.613664736491685,59.16530537293836,59.16624802309894,60.994111733273925,90.0,90.0,90.0,1.0101288842680125,1.39395504114504,1.4731155000961038,1.4792083967931524,,data/Nikolaisen2022_merrill_msh/PLAG235.msh,36110,0.03443717956542969,voxel,36110,0.03443717956542969,302,984,7.054228782653809,7.115655899047852,15.136350631713867,15.214176177978516,10.759371757507324,10.799371719360352,1.2645607293400828e-07,1.264681335990473e-07,1.2648208177745238e-07,1.2648895468305352e-07,0.3845033579815903,0.5792693576688158,0.6101650396947881,0.6102222704434829,1.3759172365010939,1.4124725999776537,1.5740119157973815,1.574021575043957,1.4128818255174576,1.7299185728037743,1.9277630213820929,1.9277748514947977,36.69737451235709,52.663852817185,64.44323873563266,64.44323873563266,-1.0,-1.0,-1.0,-1.0,0.008646965026855469,0.012319689112711175,0.015867555499287214,0.015868338922276917,8.646965026855469e-09,1.2319689112711174e-08,1.5867555499287214e-08,1.5868338922276918e-08,7.054228782653808e-06,7.115655899047851e-06,1.5136350631713866e-05,1.5214176177978516e-05,1.0759371757507324e-05,1.0799371719360351e-05,38736,86976,28992,62976,1159680,2066040.0,1.9703292846679688,0.0019241496920585632,1.97 MiB,Screening estimate; calibrate with real Merrill.jl runs.,ok,gmsh;pymeshfix_gmsh;voxel,gmsh: Exception: Wrong topology of triangulation for parametrization: one edge is incident to 3 triangles | pymeshfix_gmsh: Exception: Wrong topology of boundary mesh for parametrization,0.009,164.0,302.0
PLAG233,PLAG,data/Nikolaisen2022/Plag Binary meshes/PLAG233-binary.stl,Plag Binary meshes,11385,0.010857582092285156,ascii,6.55611673548624e-05,0.0500283314519201,12,0,00_smallest,um,1e-06,0.009,9e-09,data/Nikolaisen2022/Plag Binary meshes/PLAG233-binary.stl,11385,37,70,0.01662842447669764,8.78160063401816e-05,14.016000747680664,14.118379592895508,13.849644660949707,13.953411102294922,8.01937198638916,8.0393705368042,0.1471354624680186,2,2,1,False,0.0002047390353254741,0.00021247180075079086,0.0003607330221602777,0.0003607442609100445,35.39290535177423,44.61433184461598,59.16355573902634,59.164677387763135,60.9976113083249,90.0,90.0,90.0,1.0101645683616023,1.3939546678003747,1.4282809062241606,1.4639450017456392,,data/Nikolaisen2022_merrill_msh/PLAG233.msh,42181,0.04022693634033203,pymeshfix_gmsh,52590,0.05015373229980469,383,1118,14.01600074768066,14.11837959289551,13.84964466094971,13.95341110229492,8.01937198638916,8.0393705368042,1.1975369306292636e-08,6.924222566857596e-08,1.5696205686664059e-07,2.6668537560546965e-07,0.19828935089046315,0.5375262583428817,0.7890064472887094,0.9862354386458967,1.0008275210829443,1.3171255629051333,2.002064128303239,3.258191420463448,1.0141294082301737,1.5497478282174524,2.275173428624339,3.830161398047991,14.251625039605045,49.940495145550415,67.91140670398578,80.33774337046643,-1.0,-1.0,-1.0,-1.0,0.004447341701879082,0.009131226021445567,0.013821383309799378,0.016705760848780612,4.447341701879082e-09,9.131226021445566e-09,1.3821383309799377e-08,1.670576084878061e-08,1.401600074768066e-05,1.4118379592895509e-05,1.384964466094971e-05,1.395341110229492e-05,8.01937198638916e-06,8.039370536804199e-06,44968,110304,36768,71552,1470720,2601468.0,2.4809532165527344,0.0024228058755397797,2.48 MiB,Screening estimate; calibrate with real Merrill.jl runs.,ok,gmsh;pymeshfix_gmsh,gmsh: Exception: Wrong topology of triangulation for parametrization: one edge is incident to 3 triangles,,,
PLAG234,PLAG,data/Nikolaisen2022/Plag Binary meshes/PLAG234-binary.stl,Plag Binary meshes,11385,0.010857582092285156,ascii,6.84632827869791e-05,0.0507558804462064,13,0,00_smallest,um,1e-06,0.009,9e-09,data/Nikolaisen2022/Plag Binary meshes/PLAG234-binary.stl,11385,37,70,0.016136685930514115,9.206760974612047e-05,14.445992469787598,14.548372268676758,12.168625831604004,12.251638412475586,8.239372253417969,8.259371757507324,0.13331426018009465,0,0,1,True,0.00020474879875109764,0.00021247166841931175,0.00036073414380756897,0.0003607667372703575,35.94523542985815,44.61301551601138,59.165873214954985,59.166209076944696,60.9952939434882,90.0,90.0,90.0,1.0101406149964298,1.393955405098647,1.394662388477074,1.4557856984474014,,data/Nikolaisen2022_merrill_msh/PLAG234.msh,43385,0.041375160217285156,gmsh,52039,0.049628257751464844,394,1150,14.445992,14.548372,12.168626,12.251638,8.239371999999998,8.259372000000003,1.6333559028167655e-08,7.053688709612242e-08,1.713886083106564e-07,2.5994955663928824e-07,0.18267607391869273,0.5613517404825079,0.7990285901566384,0.976805652568558,1.0011558695054104,1.2793369971379234,1.948493672404581,3.2224420866758776,1.0243174300823934,1.5153127906828825,2.2250771703656405,3.7963587497041016,15.821694314092728,51.49484890387687,68.93308913109423,78.49490878190507,-1.0,-1.0,-1.0,-1.0,0.004521100955338597,0.009032558205967251,0.013693593352264815,0.01590237808654193,4.5211009553385975e-09,9.032558205967251e-09,1.3693593352264814e-08,1.5902378086541932e-08,1.4445992e-05,1.4548372e-05,1.2168625999999998e-05,1.2251637999999999e-05,8.239371999999998e-06,8.259372000000003e-06,46256,113472,37824,73600,1512960,2676168.0,2.5521926879882812,0.002492375671863556,2.55 MiB,Screening estimate; calibrate with real Merrill.jl runs.,ok,gmsh,,,,
PLAG232,PLAG,data/Nikolaisen2022/Plag Binary meshes/PLAG232-binary.stl,Plag Binary meshes,11430,0.010900497436523438,ascii,6.22026132077735e-05,0.0491590335258114,14,0,00_smallest,um,1e-06,0.009,9e-09,data/Nikolaisen2022/Plag Binary meshes/PLAG232-binary.stl,11430,38,69,0.01646627924038833,0.00260523082031919,24.110570907592773,24.274375915527344,10.446100234985352,10.508359909057617,13.919371604919434,13.939372062683105,0.17637563876790302,7,4,1,False,0.00020475856217672117,0.00021247166841931175,0.0003607509942508167,0.0003607779723713267,34.45107625123885,44.61301551601138,59.16546225162776,59.16703377057601,60.99449031283514,90.0,90.0,90.0,1.0101326346934139,1.393955405098647,1.463983269055799,1.479202487493161,,data/Nikolaisen2022_merrill_msh/PLAG232.msh,40081,0.038224220275878906,pymeshfix_gmsh,49827,0.04751873016357422,359,1067,24.15152168273926,24.27437591552734,10.44610023498535,10.50835990905762,13.91937160491943,13.93937206268311,7.924931255502874e-09,6.298980594535898e-08,1.4400977391191906e-07,3.171032838625325e-07,0.07134430061612462,0.5468507173167824,0.7747042760530456,0.9559658461244163,1.002320737971538,1.3143743359954114,2.0425636322120595,33.03127521771292,1.0292174163559429,1.5574060420642548,2.338293031852782,14.556149187612654,4.3790575205526,49.491971299051194,66.91596527034098,78.38138832553764,-1.0,-1.0,-1.0,-1.0,0.004032237323579112,0.008822632953071506,0.013433432007002484,0.016323221140878568,4.0322373235791114e-09,8.822632953071506e-09,1.3433432007002483e-08,1.6323221140878567e-08,2.415152168273926e-05,2.427437591552734e-05,1.0446100234985349e-05,1.050835990905762e-05,1.391937160491943e-05,1.393937206268311e-05,42760,103392,34464,68288,1378560,2441196.0,2.328105926513672,0.0022735409438610077,2.33 MiB,Screening estimate; calibrate with real Merrill.jl runs.,ok,gmsh;pymeshfix_gmsh,gmsh: Exception: Wrong topology of triangulation for parametrization: one edge is incident to 3 triangles,,,
PLAG231,PLAG,data/Nikolaisen2022/Plag Binary meshes/PLAG231-binary.stl,Plag Binary meshes,11709,0.011166572570800781,ascii,9.47340913626249e-05,0.056559108739734,15,0,00_smallest,um,1e-06,0.009,9e-09,data/Nikolaisen2022/Plag Binary meshes/PLAG231-binary.stl,11709,39,72,0.017644153755265932,0.0016770673111471234,10.248453140258789,10.33035659790039,13.683618545532227,13.82889175415039,6.2393717765808105,6.279372215270996,0.1715007772905812,4,2,1,False,0.0002047536804639094,0.00021246190499368822,0.0003607442521425079,0.00036076673515312863,34.44983329645115,44.32740023985629,59.16546225162776,59.16703377057601,60.99449031283514,90.0,90.0,90.0,1.0101326346934139,1.394174825464156,1.4792027417111042,1.479223774973854,,data/Nikolaisen2022_merrill_msh/PLAG231.msh,59933,0.05715656280517578,pymeshfix_gmsh,74255,0.0708150863647461,497,1638,10.24845314025879,10.33035659790039,13.70437145233154,13.80813789367676,6.23937177658081,6.279372215270997,1.0497431049727651e-08,6.40117171511527e-08,1.4523006705557416e-07,2.4122794772077677e-07,0.15917806687185018,0.555947794378014,0.8065779335420072,0.9812126707340244,1.002534857277855,1.3080271637196121,2.0876346951223765,4.071127478943853,1.0281614026602874,1.539760622092305,2.4515342591161176,4.474104449242613,12.1751604708873,48.96207763802019,67.29396741554628,79.52159138265084,-1.0,-1.0,-1.0,-1.0,0.0037837838189616617,0.008872193310345704,0.013289500707359321,0.016024160629621392,3.783783818961661e-09,8.872193310345704e-09,1.3289500707359322e-08,1.602416062962139e-08,1.024845314025879e-05,1.033035659790039e-05,1.370437145233154e-05,1.3808137893676758e-05,6.23937177658081e-06,6.279372215270996e-06,64344,143136,47712,104832,1908480,3402756.0,3.2451210021972656,0.003169063478708267,3.25 MiB,Screening estimate; calibrate with real Merrill.jl runs.,ok,gmsh;pymeshfix_gmsh,gmsh: ValueError: zero-size array to reduction operation maximum which has no identity,,,
PLAG230,PLAG,data/Nikolaisen2022/Plag Binary meshes/PLAG230-binary.stl,Plag Binary meshes,11970,0.011415481567382812,ascii,7.186291299488e-05,0.051582461782147,16,0,00_smallest,um,1e-06,0.009,9e-09,data/Nikolaisen2022/Plag Binary meshes/PLAG230-binary.stl,11970,40,75,0.017690584403702237,0.001717583106965125,4.167140960693359,4.269519805908203,6.980295181274414,7.084062099456787,10.159372329711914,10.17937183380127,0.14713592838057055,2,1,1,False,0.00020475356700444536,0.00021247180075079086,0.0003607459436352286,0.00036075549565903127,35.38942749214574,44.61368260839613,59.165069821995466,59.16546271696755,60.99642935417678,90.0,90.0,90.0,1.0101523517121416,1.3939550311346791,1.4582355274019454,1.4639981930572092,,data/Nikolaisen2022_merrill_msh/PLAG230.msh,51673,0.049279212951660156,pymeshfix_gmsh,64541,0.06155109405517578,457,1383,4.167140960693359,4.269519805908203,6.980295181274414,7.084062099456787,10.15937232971191,10.17937183380127,1.3690840379487407e-08,6.455637003775034e-08,1.4361408857529835e-07,2.53995108261836e-07,0.1616047383651395,0.5432044262954147,0.7879146956859349,0.9862450125293593,1.0005850593590588,1.3160188909742123,1.9700770547756101,3.31741315481025,1.0141226637222995,1.5544576683897322,2.318822486442746,4.0569141147454655,13.353614931531245,50.624560931343225,67.4417992850532,80.1945563613702,-1.0,-1.0,-1.0,-1.0,0.0034948348733389355,0.008813413786863188,0.013260257069005516,0.01614066278715194,3.4948348733389352e-09,8.813413786863188e-09,1.3260257069005515e-08,1.614066278715194e-08,4.167140960693359e-06,4.269519805908203e-06,6.980295181274413e-06,7.0840620994567866e-06,1.015937232971191e-05,1.017937183380127e-05,55224,131616,43872,88512,1754880,3111156.0,2.967029571533203,0.0028974898159503937,2.97 MiB,Screening estimate; calibrate with real Merrill.jl runs.,ok,gmsh;pymeshfix_gmsh,gmsh: ValueError: zero-size array to reduction operation maximum which has no identity,,,
PLAG229,PLAG,data/Nikolaisen2022/Plag Binary meshes/PLAG229-binary.stl,Plag Binary meshes,12129,0.011567115783691406,ascii,8.44669704444338e-05,0.0544372400462605,17,0,00_smallest,um,1e-06,0.009,9e-09,data/Nikolaisen2022/Plag Binary meshes/PLAG229-binary.stl,12129,40,76,0.01724688866205036,0.00010481673114911583,3.348109006881714,3.470963954925537,8.516040802001953,8.599054336547852,12.639371871948242,12.659371376037598,0.14961472300704143,0,0,1,True,0.00020475356700444536,0.0002124693268115152,0.00036073863471311647,0.0003607526852832725,34.4493412784001,44.61401614884146,59.16358683389427,59.165069821995466,60.9956722145313,90.0,90.0,90.0,1.0101448506594604,1.3939548443979342,1.415802177035562,1.4792322023815037,,data/Nikolaisen2022_merrill_msh/PLAG229.msh,47445,0.04524707794189453,gmsh,55291,0.05272960662841797,423,1266,3.348109,3.470964,8.516040999999998,8.599054000000002,12.639372,12.659371,1.639055239011264e-08,7.660790551053539e-08,1.6314263912700635e-07,2.632503961507758e-07,0.1908997576248428,0.5481171374688832,0.7985036152394818,0.9795069845856963,1.0009583117432528,1.3043040034075202,1.8953817425270738,3.2774707836152843,1.0160453556639133,1.5462228219721788,2.223317168145155,4.005118971803818,15.926890248337106,50.74334797239308,66.95280110915856,78.27036342963929,-1.0,-1.0,-1.0,-1.0,0.004958080065475729,0.009408983033017989,0.013583896597658376,0.016657996175471552,4.958080065475729e-09,9.408983033017987e-09,1.3583896597658375e-08,1.6657996175471552e-08,3.348109e-06,3.4709639999999997e-06,8.516040999999997e-06,8.599054000000001e-06,1.2639372e-05,1.2659371e-05,50664,121824,40608,81024,1624320,2877660.0,2.7443504333496094,0.002680029720067978,2.74 MiB,Screening estimate; calibrate with real Merrill.jl runs.,ok,gmsh,,,,
PLAG228,PLAG,data/Nikolaisen2022/Plag Binary meshes/PLAG228-binary.stl,Plag Binary meshes,12195,0.011630058288574219,ascii,7.65434078659292e-05,0.052678862734108,18,0,00_smallest,um,1e-06,0.009,9e-09,data/Nikolaisen2022/Plag Binary meshes/PLAG228-binary.stl,12195,40,75,0.01872118847286653,0.000661939369491833,15.203596115112305,15.367403030395508,13.247797966003418,13.31005859375,4.699371814727783,4.7393717765808105,0.17974728985506455,3,2,1,False,0.0002047536804639094,0.00021247166841931175,0.0003607498715821029,0.00036077235479761076,35.39006918509901,44.61301551601138,59.16506958921053,59.16664113262965,60.995270544327674,90.0,90.0,90.0,1.010140617789955,1.393955405098647,1.4639883771086337,1.463988377108634,,data/Nikolaisen2022_merrill_msh/PLAG228.msh,51981,0.04957294464111328,pymeshfix_gmsh,64850,0.06184577941894531,455,1396,15.22407341003418,15.36740303039551,13.24779796600342,13.31005859375,4.699371814727782,4.739371776580811,1.0496963703012423e-08,6.487280158204377e-08,1.519018149143464e-07,2.5483010701392255e-07,0.1660875120380211,0.5522877906589855,0.7838477945484679,0.9821133778087416,1.0006977861253297,1.3228252941291472,2.1675404870732633,3.7042698609457174,1.0206527776605474,1.5529344753252425,2.5006730668395036,3.9616044183953876,14.412749929145365,49.26386684017335,66.82652260365047,78.51128917769617,-1.0,-1.0,-1.0,-1.0,0.003639022859399044,0.008839025063150204,0.01345408340580551,0.016358636017543088,3.639022859399044e-09,8.839025063150204e-09,1.3454083405805509e-08,1.6358636017543086e-08,1.5224073410034179e-05,1.536740303039551e-05,1.324779796600342e-05,1.331005859375e-05,4.6993718147277824e-06,4.739371776580811e-06,55592,131040,43680,89344,1747200,3100284.0,2.9566612243652344,0.002887364476919174,2.96 MiB,Screening estimate; calibrate with real Merrill.jl runs.,ok,gmsh;pymeshfix_gmsh,gmsh: Exception: Wrong topology of triangulation for parametrization: one edge is incident to 3 triangles,,,
PLAG227,PLAG,data/Nikolaisen2022/Plag Binary meshes/PLAG227-binary.stl,Plag Binary meshes,12213,0.011647224426269531,ascii,8.44927722703226e-05,0.0544427823988473,19,0,00_smallest,um,1e-06,0.009,9e-09,data/Nikolaisen2022/Plag Binary meshes/PLAG227-binary.stl,12213,41,78,0.018560782644082747,0.0001090683526772863,0.3381670117378235,0.4405460059642792,9.761240005493164,9.844253540039062,7.319372177124023,7.339372158050537,0.13331430761056606,0,0,1,True,0.0002047596409227026,0.000212477853551718,0.0003607568975124945,0.0003607572488107909,34.45003607323037,44.61384937909773,59.16403229591911,59.16558526247458,60.99574375601493,90.0,90.0,90.0,1.0101453060721195,1.3939549377458706,1.4639878268972937,1.4792203019037138,,data/Nikolaisen2022_merrill_msh/PLAG227.msh,45429,0.04332447052001953,pymeshfix_gmsh,57010,0.05436897277832031,401,1216,0.3381670117378235,0.4405460059642792,9.761240005493164,9.844253540039062,7.319372177124023,7.339372158050538,1.4573282753565209e-08,8.196106810053655e-08,1.7348070137805652e-07,3.328211899730667e-07,0.17756757750412142,0.5314076969615916,0.7755436235009635,0.9042104701296867,1.0109425720756535,1.3284144420362018,2.0695689126247,3.32212152360933,1.068353079965553,1.568758576389714,2.456529867111401,3.9612302176808143,14.61549620789686,50.448102515317224,67.34900642576835,77.67860449215775,-1.0,-1.0,-1.0,-1.0,0.003696087874034704,0.009805571989648583,0.01419470625438371,0.017415163575635037,3.6960878740347037e-09,9.805571989648582e-09,1.4194706254383709e-08,1.7415163575635038e-08,3.381670117378235e-07,4.4054600596427917e-07,9.761240005493163e-06,9.844253540039062e-06,7.319372177124023e-06,7.339372158050538e-06,48536,115488,38496,77824,1539840,2730276.0,2.6037940979003906,0.0025427676737308502,2.60 MiB,Screening estimate; calibrate with real Merrill.jl runs.,ok,gmsh;pymeshfix_gmsh,gmsh: Exception: Invalid boundary mesh (overlapping facets) on surface 2 surface 6,,,
PLAG226,PLAG,data/Nikolaisen2022/Plag Binary meshes/PLAG226-binary.stl,Plag Binary meshes,12585,0.012001991271972656,ascii,5.96923603618885e-05,0.0484886444661517,20,0,00_smallest,um,1e-06,0.009,9e-09,data/Nikolaisen2022/Plag Binary meshes/PLAG226-binary.stl,12585,39,76,0.019809321914498863,0.0007450775092903122,19.155426025390625,19.237329483032227,13.102524757385254,13.227045059204102,14.939372062683105,14.979372024536133,0.15431616534553397,3,7,1,False,0.00020475856217672117,0.0002124816965078935,0.0003607667372703575,0.0003607779723713267,34.45107625123885,44.61433184461598,59.16568839477895,59.16703377057601,60.99449031283514,90.0,90.0,90.0,1.0101326346934139,1.3939546678003747,1.463983269055799,1.479202487493161,,data/Nikolaisen2022_merrill_msh/PLAG226.msh,43833,0.041802406311035156,pymeshfix_gmsh,54529,0.052002906799316406,388,1172,19.15542602539062,19.23732948303223,13.12327861785889,13.2270450592041,14.93937206268311,14.97937202453613,7.301458576134606e-09,6.53871980049292e-08,1.614542469371585e-07,2.754912830457414e-07,0.11488269802474368,0.5215466915022604,0.7823323201847882,0.8985781623753221,1.0121531115231932,1.3590920493139536,2.2971986434139615,5.280890637638775,1.0697548912293757,1.5954901069483025,2.6347382350016826,3.8938314855418223,12.148723314717726,48.16102014100939,66.52088334233873,81.47244002513051,-1.0,-1.0,-1.0,-1.0,0.0031271994584026793,0.009179344155812516,0.013749197338665265,0.016083078673224678,3.1271994584026793e-09,9.179344155812516e-09,1.3749197338665265e-08,1.6083078673224676e-08,1.915542602539062e-05,1.923732948303223e-05,1.312327861785889e-05,1.32270450592041e-05,1.493937206268311e-05,1.4979372024536128e-05,46816,111744,37248,75008,1489920,2641104.0,2.5187530517578125,0.0024597197771072388,2.52 MiB,Screening estimate; calibrate with real Merrill.jl runs.,ok,gmsh;pymeshfix_gmsh,gmsh: Exception: Invalid boundary mesh (overlapping facets) on surface 17 surface 27,,,
PLAG225,PLAG,data/Nikolaisen2022/Plag Binary meshes/PLAG225-binary.stl,Plag Binary meshes,13005,0.012402534484863281,ascii,3.95799499262421e-05,0.0422823262306764,21,0,00_smallest,um,1e-06,0.009,9e-09,data/Nikolaisen2022/Plag Binary meshes/PLAG225-binary.stl,13005,42,80,0.02045005434086518,0.005268615629830922,20.179216384887695,20.28159523010254,9.553707122802734,9.636720657348633,13.919371604919434,13.959371566772461,0.137741322098968,10,8,1,False,0.00020474879875109764,0.00021247668246360263,0.00036075548898968916,0.0003607667372703575,35.39037973393262,44.61433184461598,59.16546225162776,59.16703377057601,60.99449031283514,90.0,90.0,90.0,1.0101326346934139,1.3939546678003747,1.4639455651325906,1.4639836269373365,,data/Nikolaisen2022_merrill_msh/PLAG225.msh,14432,0.013763427734375,pymeshfix_gmsh,17453,0.01664447784423828,141,369,20.1792163848877,20.22016716003418,9.57446002960205,9.636720657348633,13.91937160491943,13.95937156677246,8.853188812873209e-09,4.723779315237157e-08,1.0955981748063861e-07,1.7498888939862607e-07,0.12466631411370752,0.5572719087999235,0.7945342752182901,0.8876861048278137,1.027544749421156,1.327942547008548,2.243921827585389,11.659383509027098,1.0808306021977416,1.5523760166545997,2.645057625919322,5.3913031918980145,8.755094627687924,48.49524795191245,66.0634506784511,72.18482933315092,-1.0,-1.0,-1.0,-1.0,0.0031745086099267757,0.00816127525894262,0.012093414598829724,0.01361797953419169,3.1745086099267757e-09,8.16127525894262e-09,1.2093414598829724e-08,1.361797953419169e-08,2.0179216384887697e-05,2.022016716003418e-05,9.57446002960205e-06,9.636720657348633e-06,1.391937160491943e-05,1.3959371566772459e-05,15192,40608,13536,23616,541440,951588.0,0.9075050354003906,0.000886235386133194,929.29 KiB,Screening estimate; calibrate with real Merrill.jl runs.,ok,gmsh;pymeshfix_gmsh,gmsh: Exception: Wrong topology of triangulation for parametrization: one edge is incident to 3 triangles,,,
PLAG224,PLAG,data/Nikolaisen2022/Plag Binary meshes/PLAG224-binary.stl,Plag Binary meshes,13401,0.012780189514160156,ascii,0.0001405239471156,0.0645035929072324,22,0,00_smallest,um,1e-06,0.009,9e-09,data/Nikolaisen2022/Plag Binary meshes/PLAG224-binary.stl,13401,44,84,0.019808981181659226,0.00016147718303310057,8.753721237182617,8.835624694824219,12.562938690185547,12.645952224731445,7.4993720054626465,7.539371967315674,0.1232859287984494,0,0,1,True,0.0002047536804639094,0.0002124667867065,0.0003607498715821029,0.00036077235479761076,34.45106140664113,44.61301551601138,59.16506958921053,59.16664113262965,60.995270544327674,90.0,90.0,90.0,1.010140617789955,1.393955405098647,1.463986898367039,1.4792027417111042,,data/Nikolaisen2022_merrill_msh/PLAG224.msh,65841,0.0627908706665039,gmsh,77501,0.07391071319580078,542,1804,8.753720999999999,8.835625,12.562939,12.645952,7.499371999999999,7.539372000000001,1.454211832796158e-08,8.113888481856332e-08,1.753214854862561e-07,2.863966800014779e-07,0.17423020268500142,0.5469802168783895,0.7914106000016689,0.9820976040769629,1.0006832068831681,1.3163662963858704,2.0901100450821777,3.8224539408829954,1.0152892890140912,1.556815926513718,2.425991854698668,4.135107882969955,12.760963621585157,49.62564555800208,66.74857766319134,80.62224071758078,-1.0,-1.0,-1.0,-1.0,0.003511565760773047,0.009621320702095097,0.014233087931822333,0.017000631014958436,3.511565760773047e-09,9.621320702095097e-09,1.4233087931822332e-08,1.7000631014958436e-08,8.753720999999998e-06,8.835625e-06,1.2562939e-05,1.2645952e-05,7.499371999999999e-06,7.539372000000001e-06,70736,156096,52032,115456,2081280,3713400.0,3.5413742065429688,0.003458373248577118,3.54 MiB,Screening estimate; calibrate with real Merrill.jl runs.,ok,gmsh,,,,
PLAG223,PLAG,data/Nikolaisen2022/Plag Binary meshes/PLAG223-binary.stl,Plag Binary meshes,13878,0.013235092163085938,ascii,9.00799514531175e-05,0.055617292139545,23,0,00_smallest,um,1e-06,0.009,9e-09,data/Nikolaisen2022/Plag Binary meshes/PLAG223-binary.stl,13878,46,87,0.02128314286488394,0.0013767563449961044,5.498067855834961,5.641398906707764,12.334651947021484,12.396912574768066,8.699371337890625,8.739372253417969,0.16130793270861205,2,1,1,False,0.00020475379369599978,0.00021247180075079086,0.0003607611097701182,0.0003607667305938688,34.45108457369708,44.32840863663338,59.164323049797886,59.16585514036257,60.99486857797673,90.0,90.0,90.0,1.0101363852900807,1.3941738424621095,1.46400276455011,1.4792023449688985,,data/Nikolaisen2022_merrill_msh/PLAG223.msh,60129,0.057343482971191406,pymeshfix_gmsh,75220,0.07173538208007812,525,1617,5.498067855834961,5.641398906707764,12.33465194702148,12.39691257476807,8.699371337890625,8.73937225341797,9.187441416326658e-09,6.666213578580895e-08,1.554209984362709e-07,2.83296831382893e-07,0.1781384275673174,0.5441689014849348,0.780105113820899,0.9417124223583645,1.010086998563485,1.3249976824437242,2.0555719899533598,3.353553135758573,1.0458877501732702,1.561923310213371,2.404461208631443,3.8750127069901437,14.081413698057858,48.13884325480858,67.41400379228797,82.70020264145809,-1.0,-1.0,-1.0,-1.0,0.003979560993545129,0.008944142706237274,0.013666278669567499,0.017297345031828608,3.979560993545129e-09,8.944142706237274e-09,1.3666278669567498e-08,1.7297345031828606e-08,5.498067855834961e-06,5.641398906707764e-06,1.233465194702148e-05,1.239691257476807e-05,8.699371337890625e-06,8.73937225341797e-06,64344,151200,50400,103488,2016000,3578148.0,3.4123878479003906,0.0033324100077152252,3.41 MiB,Screening estimate; calibrate with real Merrill.jl runs.,ok,gmsh;pymeshfix_gmsh,gmsh: ValueError: zero-size array to reduction operation maximum which has no identity,,,
PLAG222,PLAG,data/Nikolaisen2022/Plag Binary meshes/PLAG222-binary.stl,Plag Binary meshes,13905,0.013260841369628906,ascii,0.0001340363165813,0.0634952573020216,24,0,00_smallest,um,1e-06,0.009,9e-09,data/Nikolaisen2022/Plag Binary meshes/PLAG222-binary.stl,13905,44,84,0.0212137451143962,0.00016005850277328362,15.22407341003418,15.326452255249023,11.25547981262207,11.31773853302002,13.879371643066406,13.939372062683105,0.13400606914350907,0,0,1,True,0.00020474879875109764,0.00021246190499368822,0.00036075381301297086,0.00036076673515312863,34.45042416714881,44.32774165145066,59.16613055332208,59.16703377057601,60.99449031283514,90.0,90.0,90.0,1.0101326346934139,1.3941744924291908,1.4791918293676452,1.4792136550338595,,data/Nikolaisen2022_merrill_msh/PLAG222.msh,78357,0.07472705841064453,gmsh,92178,0.08790779113769531,631,2162,15.224073,15.326452,11.25548,11.317739,13.879372,13.939372,1.124882835489503e-08,6.688869865108408e-08,1.398381203491324e-07,2.3312959901593155e-07,0.1959617727852356,0.5611716548279428,0.7979972035999555,0.9629369359400972,1.004930185965988,1.3067455368358099,2.2151792937317527,3.7867866775206878,1.0402823432981034,1.544533775100562,2.6226295667796493,3.988273817686283,13.241714019977424,49.470457258623725,66.55567783879856,80.77223016652454,-1.0,-1.0,-1.0,-1.0,0.004004463549908421,0.009031999433339372,0.013134593049143382,0.015443770132341493,4.004463549908421e-09,9.031999433339372e-09,1.3134593049143382e-08,1.5443770132341492e-08,1.5224073e-05,1.5326452e-05,1.125548e-05,1.1317738999999998e-05,1.3879372e-05,1.3939371999999999e-05,84328,181728,60576,138368,2423040,4332060.0,4.131374359130859,0.00403454527258873,4.13 MiB,Screening estimate; calibrate with real Merrill.jl runs.,ok,gmsh,,,,
PLAG220,PLAG,data/Nikolaisen2022/Plag Binary meshes/PLAG220-binary.stl,Plag Binary meshes,13929,0.013283729553222656,ascii,7.49047964851239e-05,0.0523002384212618,25,0,00_smallest,um,1e-06,0.009,9e-09,data/Nikolaisen2022/Plag Binary meshes/PLAG220-binary.stl,13929,46,89,0.021459155250318728,0.0011344421281722862,5.723301887512207,5.846157073974609,5.672834873199463,5.776601791381836,6.139371871948242,6.159371852874756,0.1620523661871059,6,7,1,False,0.00020474891209687485,0.00021247180075079086,0.00036074987615716635,0.0003607611131032198,35.39037689918725,44.614349685455466,59.165462484063276,59.16585537291742,60.994891968109066,90.0,90.0,90.0,1.010136867356901,1.3939546578246742,1.4557973559449324,1.4639836702969233,,data/Nikolaisen2022_merrill_msh/PLAG220.msh,32100,0.030612945556640625,pymeshfix_gmsh,39821,0.03797626495361328,293,848,5.764254093170166,5.846157073974609,5.693589210510254,5.776601791381836,6.139371871948241,6.159371852874757,9.950066061916384e-09,5.7606419935349073e-08,1.3256717540521924e-07,1.9784942391173339e-07,0.12532436207081707,0.5568957106839323,0.7891682974019246,0.986270682164577,1.0008247134800856,1.3032166473747695,2.096422129694179,3.6842313417748613,1.014131113745764,1.5408405111659786,2.4397585306159444,4.245649812872831,11.412901189238758,49.53291561143028,67.06595450133992,79.69980701649756,-1.0,-1.0,-1.0,-1.0,0.001626533291491611,0.008430390653004055,0.012720799730895136,0.014312007105491424,1.626533291491611e-09,8.430390653004055e-09,1.2720799730895136e-08,1.4312007105491424e-08,5.764254093170166e-06,5.846157073974609e-06,5.693589210510254e-06,5.776601791381836e-06,6.139371871948241e-06,6.159371852874756e-06,34168,84384,28128,54272,1125120,1989108.0,1.8969612121582031,0.0018525011837482452,1.90 MiB,Screening estimate; calibrate with real Merrill.jl runs.,ok,gmsh;pymeshfix_gmsh,gmsh: Exception: Invalid boundary mesh (overlapping facets) on surface 19 surface 6,,,
PLAG221,PLAG,data/Nikolaisen2022/Plag Binary meshes/PLAG221-binary.stl,Plag Binary meshes,13929,0.013283729553222656,ascii,0.0001128315104305,0.0599529549240397,26,0,00_smallest,um,1e-06,0.009,9e-09,data/Nikolaisen2022/Plag Binary meshes/PLAG221-binary.stl,13929,47,89,0.01954143969337245,0.00032092392466909306,5.78472900390625,5.907584190368652,6.378448009490967,6.461462020874023,8.139371871948242,8.159372329711914,0.14961531083874513,2,1,1,False,0.00020476333065744257,0.00021246685287223954,0.00029154817708097855,0.00036074987283018573,34.450462222270346,44.61368260839613,44.615666014885385,59.16585514036257,60.99486888629095,90.0,90.0,90.0,1.0101363852900807,1.3939550311346791,1.4791865718198982,1.4792130032814637,,data/Nikolaisen2022_merrill_msh/PLAG221.msh,56321,0.053711891174316406,pymeshfix_gmsh,70459,0.06719493865966797,490,1516,5.784729003906249,5.887107849121094,6.378448009490966,6.461462020874023,8.13937187194824,8.159372329711916,1.957346777857537e-08,7.940869708821581e-08,1.6293985590785196e-07,2.369264942757862e-07,0.1828157890571171,0.5358717782773044,0.8046968915224462,0.963903579422157,1.0031415440384857,1.3092758570741383,1.9341813694944308,3.3257252677464146,1.0327123905066509,1.5556009339102805,2.2311657558424325,4.000521120215317,12.843454545078316,51.33158016631333,67.19844223100588,80.53326506689997,-1.0,-1.0,-1.0,-1.0,0.004877518610772229,0.009721305162576748,0.013696315156384696,0.015722335534674736,4.877518610772229e-09,9.721305162576749e-09,1.3696315156384696e-08,1.5722335534674736e-08,5.784729003906249e-06,5.8871078491210934e-06,6.3784480094909655e-06,6.461462020874023e-06,8.13937187194824e-06,8.159372329711915e-06,60272,141120,47040,97024,1881600,3340584.0,3.1858291625976562,0.0031111612915992737,3.19 MiB,Screening estimate; calibrate with real Merrill.jl runs.,ok,gmsh;pymeshfix_gmsh,gmsh: ValueError: zero-size array to reduction operation maximum which has no identity,,,
PLAG219,PLAG,data/Nikolaisen2022/Plag Binary meshes/PLAG219-binary.stl,Plag Binary meshes,13977,0.013329505920410156,ascii,0.0001034149279986,0.0582364469580017,27,0,00_smallest,um,1e-06,0.009,9e-09,data/Nikolaisen2022/Plag Binary meshes/PLAG219-binary.stl,13977,46,86,0.022062667045115954,0.006427072998362678,13.504107475280762,13.626960754394531,14.555257797241211,14.679777145385742,5.79937219619751,5.839372158050537,0.17943799263140564,7,5,1,False,0.0002047536804639094,0.00021247166841931175,0.00036074987842115125,0.00036077235479761076,34.45105305520226,44.61301551601138,59.16622856839772,59.16817326110164,60.9945136934832,90.0,90.0,90.0,1.0101326317160813,1.393955405098647,1.463988377108634,1.479202884732055,,data/Nikolaisen2022_merrill_msh/PLAG219.msh,62873,0.059960365295410156,pymeshfix_gmsh,78556,0.07491683959960938,537,1703,13.50410747528076,13.62696075439453,14.57601165771484,14.67977714538574,5.79937219619751,5.839372158050538,1.108822894887971e-08,6.789973485036371e-08,1.5289756212682013e-07,3.0053139173111773e-07,0.15858172007995203,0.5247332289463391,0.7867187188228756,0.9668517017120818,1.0034730591008165,1.3422467218417844,2.1737483070769543,3.4298991410207083,1.0301027153200997,1.5873481150402664,2.4934582394008316,3.970102285079965,13.562136680928804,48.95674931185679,67.19175182356207,80.25621357103309,-1.0,-1.0,-1.0,-1.0,0.0035737824062748425,0.00916465224995802,0.01354618885937772,0.017227197072295967,3.5737824062748424e-09,9.16465224995802e-09,1.354618885937772e-08,1.7227197072295965e-08,1.3504107475280759e-05,1.3626960754394528e-05,1.457601165771484e-05,1.467977714538574e-05,5.79937219619751e-06,5.839372158050538e-06,67384,154656,51552,108992,2062080,3666996.0,3.497119903564453,0.0034151561558246613,3.50 MiB,Screening estimate; calibrate with real Merrill.jl runs.,ok,gmsh;pymeshfix_gmsh,gmsh: Exception: Invalid boundary mesh (overlapping facets) on surface 17 surface 5,,,
PLAG218,PLAG,data/Nikolaisen2022/Plag Binary meshes/PLAG218-binary.stl,Plag Binary meshes,14301,0.013638496398925781,ascii,7.05037541119206e-05,0.0512551930244669,28,0,00_smallest,um,1e-06,0.009,9e-09,data/Nikolaisen2022/Plag Binary meshes/PLAG218-binary.stl,14301,46,88,0.022509275622367382,0.0001147334595002946,2.1400370597839355,2.1809890270233154,12.832732200622559,13.040265083312988,13.299371719360352,13.35937213897705,0.2198795383221342,0,0,1,True,0.00020476571489780326,0.00021247661652523675,0.0003607526852832725,0.00036076392017657844,34.45139160446653,44.61401614884146,59.165197513348794,59.16605158248057,60.99486888629095,90.0,90.0,90.0,1.0101363852900807,1.3939548443979342,1.4558079539897697,1.4791970870839795,,data/Nikolaisen2022_merrill_msh/PLAG218.msh,54613,0.05208301544189453,pymeshfix_gmsh,68945,0.0657510757446289,498,1447,2.140037059783935,2.180989027023316,12.83273220062256,13.04026508331299,13.29937171936035,13.35937213897705,1.1625209733742051e-08,7.108254502901933e-08,1.5548144703660812e-07,3.4161004802799255e-07,0.1578810731313,0.5339327038195535,0.7811119702057887,0.9075464146701108,1.0203887324779537,1.318788440446182,2.101232682296362,3.3267487598353056,1.0712396018921386,1.557017489809331,2.405766376654967,3.8949081677408364,14.413779794361261,48.43655925666014,65.81364237285703,82.09908864432535,-1.0,-1.0,-1.0,-1.0,0.0035573285748690593,0.009047636977030718,0.013976974564926426,0.017072503626883704,3.557328574869059e-09,9.047636977030718e-09,1.3976974564926426e-08,1.7072503626883705e-08,2.140037059783935e-06,2.180989027023316e-06,1.283273220062256e-05,1.3040265083312989e-05,1.329937171936035e-05,1.335937213897705e-05,58256,143424,47808,92608,1912320,3381624.0,3.2249679565429688,0.003149382770061493,3.22 MiB,Screening estimate; calibrate with real Merrill.jl runs.,ok,gmsh;pymeshfix_gmsh,gmsh: Exception: Invalid boundary mesh (overlapping facets) on surface 2 surface 10,,,
PLAG217,PLAG,data/Nikolaisen2022/Plag Binary meshes/PLAG217-binary.stl,Plag Binary meshes,14709,0.014027595520019531,ascii,0.0001203071697849,0.0612488063410174,29,0,00_smallest,um,1e-06,0.009,9e-09,data/Nikolaisen2022/Plag Binary meshes/PLAG217-binary.stl,14709,49,94,0.020623936719017986,0.0001374007172415913,1.3210049867630005,1.4233839511871338,9.595213890075684,9.698980331420898,9.639371871948242,9.659372329711914,0.1471358046729765,0,0,1,True,0.00020475498581618012,0.00021246808984187737,0.0002915479049397239,0.0003607512780088739,34.45069248258365,44.61384937909773,44.61516570821848,59.16595336160902,60.994963528700936,90.0,90.0,90.0,1.0101373229660064,1.3939549377458706,1.4791984015394044,1.4792090597818301,,data/Nikolaisen2022_merrill_msh/PLAG217.msh,55901,0.05331134796142578,gmsh,67696,0.0645599365234375,494,1497,1.321005,1.423384,9.595214,9.698980000000002,9.639371999999998,9.659372000000001,1.824854972774121e-08,8.546271356980262e-08,1.7838097315188147e-07,3.113012403092053e-07,0.18715807767272297,0.5435452184122718,0.810934886562765,0.9682878722056518,1.005844449891309,1.3090138033186973,1.8579821637146348,3.3104591364984683,1.0412310953284245,1.5557808428527458,2.1655495207753344,3.9891521036919313,15.123379215724915,51.713340203900586,68.2666474061323,79.5150909938943,-1.0,-1.0,-1.0,-1.0,0.00475337414698073,0.009968425658688447,0.0139385138031394,0.018233027549105184,4.75337414698073e-09,9.968425658688447e-09,1.3938513803139399e-08,1.8233027549105182e-08,1.3210049999999999e-06,1.423384e-06,9.595214e-06,9.698980000000002e-06,9.639371999999998e-06,9.659372000000001e-06,59760,142272,47424,95808,1896960,3363336.0,3.2075271606445312,0.003132350742816925,3.21 MiB,Screening estimate; calibrate with real Merrill.jl runs.,ok,gmsh,,,,
PLAG216,PLAG,data/Nikolaisen2022/Plag Binary meshes/PLAG216-binary.stl,Plag Binary meshes,15150,0.014448165893554688,ascii,0.000108308589529,0.0591409222425376,30,0,00_smallest,um,1e-06,0.009,9e-09,data/Nikolaisen2022/Plag Binary meshes/PLAG216-binary.stl,15150,49,95,0.022487163145295686,0.0010206243947396838,12.480316162109375,12.603170394897461,4.90496301651001,5.008728981018066,4.539371967315674,4.5593719482421875,0.16205103252154054,1,2,1,False,0.0002047536804639094,0.0002124667867065,0.00036074200584972424,0.00036077235479761076,34.44983329645115,44.61433184461598,59.163997118311585,59.16664113262965,60.995270544327674,90.0,90.0,90.0,1.010140617789955,1.3939546678003747,1.45826863563682,1.479223774973854,,data/Nikolaisen2022_merrill_msh/PLAG216.msh,58561,0.055848121643066406,pymeshfix_gmsh,73282,0.06988716125488281,511,1575,12.48031616210938,12.60317039489746,4.90496301651001,5.008728981018066,4.539371967315673,4.559371948242188,6.501314171355193e-09,7.911635364831227e-08,1.7580326204754714e-07,3.7938640875981243e-07,0.16500378571081903,0.5285269849935021,0.77629315198633,0.8967035884645822,1.0118912569846095,1.3254724388911303,2.1171184781183006,3.2926843760042273,1.0547541652477461,1.5735789268460267,2.4648381233021333,3.95606549873026,14.112371181981388,49.68033258274246,66.65050631393868,81.41152656815113,-1.0,-1.0,-1.0,-1.0,0.002212691630086196,0.009697653713765455,0.014140373217293091,0.01659074610362802,2.212691630086196e-09,9.697653713765454e-09,1.414037321729309e-08,1.6590746103628017e-08,1.248031616210938e-05,1.260317039489746e-05,4.90496301651001e-06,5.008728981018066e-06,4.539371967315673e-06,4.559371948242188e-06,62664,147168,49056,100800,1962240,3482892.0,3.321544647216797,0.003243695944547653,3.32 MiB,Screening estimate; calibrate with real Merrill.jl runs.,ok,gmsh;pymeshfix_gmsh,gmsh: Exception: Wrong topology of triangulation for parametrization: one edge is incident to 3 triangles,,,
PLAG215,PLAG,data/Nikolaisen2022/Plag Binary meshes/PLAG215-binary.stl,Plag Binary meshes,15273,0.014565467834472656,ascii,0.0001190136833294,0.061028508753306,31,0,00_smallest,um,1e-06,0.009,9e-09,data/Nikolaisen2022/Plag Binary meshes/PLAG215-binary.stl,15273,49,94,0.023971149367942327,0.00015581344927714474,26.281003952026367,26.424335479736328,11.25547981262207,11.31773853302002,8.859371185302734,8.899372100830078,0.16130762023006542,0,0,1,True,0.00020475856217672117,0.0002124816965078935,0.0003607442521425079,0.00036076673515312863,35.3904031314035,44.61433184461598,59.16546225162776,59.16703377057601,60.99449031283514,90.0,90.0,90.0,1.0101326346934139,1.3939546678003747,1.463983269055799,1.463983269055799,,data/Nikolaisen2022_merrill_msh/PLAG215.msh,66177,0.0631113052368164,gmsh,79337,0.07566165924072266,569,1789,26.281004,26.424335,11.25548,11.317739,8.859370999999998,8.899372,1.2630758798822469e-08,7.823259322796889e-08,1.736857285841497e-07,2.9984847487866645e-07,0.1785459332822603,0.5351899555130077,0.7789469973879434,0.9657315881626622,1.0025375268075756,1.3218459233618562,2.0792391072918974,3.7374336476078267,1.0319557261216052,1.5586239457081668,2.4020881982369406,4.400367404697458,12.511549389196524,49.43033780729185,67.45245406148933,80.6202414112809,-1.0,-1.0,-1.0,-1.0,0.00394249767863309,0.009597525952349717,0.014075127821946455,0.0170595315681862,3.94249767863309e-09,9.597525952349717e-09,1.4075127821946455e-08,1.70595315681862e-08,2.6281004e-05,2.6424335e-05,1.125548e-05,1.1317738999999998e-05,8.859370999999998e-06,8.899372e-06,70904,163872,54624,114496,2184960,3883284.0,3.703388214111328,0.003616590052843094,3.70 MiB,Screening estimate; calibrate with real Merrill.jl runs.,ok,gmsh,,,,
PLAG214,PLAG,data/Nikolaisen2022/Plag Binary meshes/PLAG214-binary.stl,Plag Binary meshes,15390,0.014677047729492188,ascii,8.73913749046551e-05,0.0550583657646763,32,0,00_smallest,um,1e-06,0.009,9e-09,data/Nikolaisen2022/Plag Binary meshes/PLAG214-binary.stl,15390,49,93,0.023161247733083413,0.0013863738649079083,23.680578231811523,23.86486053466797,14.804298400878906,14.94957160949707,11.159371376037598,11.199371337890625,0.23804257862099984,2,1,1,False,0.00020474879875109764,0.00021247166841931175,0.00036075548898968916,0.0003607779723713267,34.448573760498284,44.61301551601138,59.16393015548985,59.166994397252914,60.99373345506567,90.0,90.0,90.0,1.010124648649406,1.393955405098647,1.4792235197440629,1.4792453495867504,,data/Nikolaisen2022_merrill_msh/PLAG214.msh,67269,0.06415271759033203,pymeshfix_gmsh,84860,0.08092880249023438,601,1796,23.68057823181152,23.86486053466797,14.8042984008789,14.94957160949707,11.1593713760376,11.19937133789063,1.348930564495623e-08,6.09977926888445e-08,1.3518185067544796e-07,2.4058287509637673e-07,0.1549515278629137,0.552095800501363,0.8007194312673622,0.9862634457461537,1.0008267534900486,1.3177777210376878,2.030705679177374,7.665315397773941,1.014144819136036,1.5468656327845025,2.374752480143294,4.277142902200757,14.023890581497009,49.275904508711676,67.7763981912319,81.16140631157704,-1.0,-1.0,-1.0,-1.0,0.0035138492514158264,0.008623538951624418,0.01306980238484345,0.01567445156638626,3.5138492514158263e-09,8.623538951624418e-09,1.306980238484345e-08,1.567445156638626e-08,2.368057823181152e-05,2.386486053466797e-05,1.48042984008789e-05,1.494957160949707e-05,1.11593713760376e-05,1.119937133789063e-05,71896,173088,57696,114944,2307840,4088196.0,3.8988075256347656,0.003807429224252701,3.90 MiB,Screening estimate; calibrate with real Merrill.jl runs.,ok,gmsh;pymeshfix_gmsh,gmsh: ValueError: zero-size array to reduction operation maximum which has no identity,,,
PLAG213,PLAG,data/Nikolaisen2022/Plag Binary meshes/PLAG213-binary.stl,Plag Binary meshes,15786,0.015054702758789062,ascii,0.0002059044278614,0.073263729249269,33,0,00_smallest,um,1e-06,0.009,9e-09,data/Nikolaisen2022/Plag Binary meshes/PLAG213-binary.stl,15786,53,99,0.0268661636082537,0.0030542420885466834,20.261119842529297,20.383974075317383,5.174756050109863,5.27852201461792,5.839372158050537,5.899372100830078,0.1716407033246621,8,5,1,False,0.0002047536804639094,0.00021249146084301174,0.0003607515662518535,0.00036077235479761076,35.39006918509901,44.61433184461598,59.16587508694979,59.16817326110164,60.9945136934832,90.0,90.0,90.0,1.0101326317160813,1.3939546678003747,1.463949839073843,1.463988377108634,,data/Nikolaisen2022_merrill_msh/PLAG213.msh,95941,0.09149646759033203,pymeshfix_gmsh,119152,0.1136322021484375,763,2658,20.28159523010254,20.38397407531738,5.174756050109863,5.27852201461792,5.839372158050536,5.899372100830079,6.707181481552849e-09,7.66389145170085e-08,1.7977802845967796e-07,3.2503536825249145e-07,0.1166897009354254,0.5382779892381887,0.7918864691218375,0.999473901056109,1.0004679033380843,1.326087087082883,2.193774986889374,3.3219439512194673,1.0104314124952236,1.5621992886476228,2.5281537843896293,3.988843180351985,13.328575121286233,48.8572425623076,66.68063226400292,79.42763197265049,-1.0,-1.0,-1.0,-1.0,0.0034450439486583143,0.009520728205451238,0.014055243806663831,0.01808605343984897,3.4450439486583142e-09,9.520728205451238e-09,1.405524380666383e-08,1.808605343984897e-08,2.0281595230102536e-05,2.038397407531738e-05,5.174756050109863e-06,5.27852201461792e-06,5.839372158050536e-06,5.8993721008300785e-06,103368,219744,73248,170112,2929920,5244588.0,5.001628875732422,0.004884403198957443,5.00 MiB,Screening estimate; calibrate with real Merrill.jl runs.,ok,gmsh;pymeshfix_gmsh,gmsh: Exception: Wrong topology of triangulation for parametrization: one edge is incident to 3 triangles,,,
PLAG212,PLAG,data/Nikolaisen2022/Plag Binary meshes/PLAG212-binary.stl,Plag Binary meshes,15921,0.015183448791503906,ascii,0.0001108684037179,0.0596032201964322,34,0,00_smallest,um,1e-06,0.009,9e-09,data/Nikolaisen2022/Plag Binary meshes/PLAG212-binary.stl,15921,51,98,0.024260589300241598,0.00014589625882751396,19.953983306884766,20.117788314819336,13.040265083312988,13.102524757385254,7.199371814727783,7.2393717765808105,0.17974522132249587,0,0,1,True,0.0002047536804639094,0.00021247166841931175,0.0003607403203356431,0.0003607498715821029,34.45043902681189,44.61301551601138,59.16506958921053,59.16506958921053,60.995270544327674,90.0,90.0,90.0,1.010140617789955,1.393955405098647,1.4639883771086337,1.4792134005389648,,data/Nikolaisen2022_merrill_msh/PLAG212.msh,65393,0.062363624572753906,gmsh,77489,0.0738992691040039,578,1752,19.953983,20.117788,13.040265,13.102525,7.199371999999999,7.239372000000001,4.575210963205979e-09,7.255419121876125e-08,1.7784676179238918e-07,3.0332984121746174e-07,0.03370842475379351,0.5295784475756382,0.7832462053454122,0.9537574209998293,1.0067701223750267,1.3527144275905874,2.330073730094227,95.31104995786245,1.0529210683751808,1.5926788856685072,2.7109114624413015,19.74920823352073,5.352852593510056,48.480120661762044,66.63451882005207,79.14128927992056,-1.0,-1.0,-1.0,-1.0,0.0025563598820111796,0.009256672382802688,0.014528257509910408,0.021366555827543442,2.5563598820111796e-09,9.256672382802688e-09,1.4528257509910408e-08,2.1366555827543443e-08,1.9953983e-05,2.0117788e-05,1.3040264999999999e-05,1.3102524999999999e-05,7.199371999999999e-06,7.239372000000001e-06,69936,166464,55488,112128,2219520,3935304.0,3.7529983520507812,0.003665037453174591,3.75 MiB,Screening estimate; calibrate with real Merrill.jl runs.,ok,gmsh,,,,
PLAG211,PLAG,data/Nikolaisen2022/Plag Binary meshes/PLAG211-binary.stl,Plag Binary meshes,16104,0.01535797119140625,ascii,0.0001586403896046,0.067164282836747,35,0,00_smallest,um,1e-06,0.009,9e-09,data/Nikolaisen2022/Plag Binary meshes/PLAG211-binary.stl,16104,54,101,0.02557209459926976,0.0008042134251610055,17.66069221496582,17.742595672607422,1.8542239665985107,1.9579910039901733,3.4993720054626465,3.579371929168701,0.1545178378559152,6,3,1,False,0.0002047536804639094,0.0002124728888475147,0.00036075127618886657,0.0003607625222983854,34.45036122972719,44.61285097924624,59.16487807384357,59.16644962004991,60.995365148935285,90.0,90.0,90.0,1.0101416160961891,1.3939554974352022,1.4639797510780626,1.479214732940216,,data/Nikolaisen2022_merrill_msh/PLAG211.msh,77993,0.07437992095947266,pymeshfix_gmsh,97350,0.09284019470214844,650,2130,17.66069221496582,17.74259567260742,1.854223966598511,1.957991003990174,3.499372005462646,3.579371929168702,1.0645573188298709e-08,7.604547070245655e-08,1.744075361683465e-07,2.8390482243882815e-07,0.15708576872624622,0.5502213537911076,0.7794629379559218,0.9977205838781956,1.000490417077117,1.314414365346659,2.1086501187112647,3.3133367485783127,1.0118315103363145,1.5528762985797306,2.440769803400785,3.9675989285248736,13.348050097526393,49.14363275130965,66.82372034399587,83.09440886686686,-1.0,-1.0,-1.0,-1.0,0.0035433412009870757,0.009454108692541232,0.013965879652581017,0.017233021031419594,3.5433412009870757e-09,9.454108692541231e-09,1.3965879652581017e-08,1.723302103141959e-08,1.766069221496582e-05,1.7742595672607418e-05,1.8542239665985108e-06,1.957991003990174e-06,3.499372005462646e-06,3.579371929168702e-06,83760,187200,62400,136320,2496000,4448520.0,4.242439270019531,0.0041430070996284485,4.24 MiB,Screening estimate; calibrate with real Merrill.jl runs.,ok,gmsh;pymeshfix_gmsh,gmsh: Exception: Wrong topology of triangulation for parametrization: one edge is incident to 3 triangles,,,
PLAG210,PLAG,data/Nikolaisen2022/Plag Binary meshes/PLAG210-binary.stl,Plag Binary meshes,16380,0.015621185302734375,ascii,8.688511288014e-05,0.054951841298663,36,0,00_smallest,um,1e-06,0.009,9e-09,data/Nikolaisen2022/Plag Binary meshes/PLAG210-binary.stl,16380,52,99,0.024778499625506222,0.0004495702545702178,26.342432022094727,26.50623893737793,14.119438171386719,14.181697845458984,10.719371795654297,10.759371757507324,0.17974695952484668,4,3,1,False,0.00020474879875109764,0.0002124816965078935,0.0003607442521425079,0.0003607779723713267,35.39037973393262,44.61301551601138,59.164680869400236,59.16703377057601,60.99449031283514,90.0,90.0,90.0,1.0101326346934139,1.393955405098647,1.4639836269373365,1.4639836269373365,,data/Nikolaisen2022_merrill_msh/PLAG210.msh,61165,0.05833148956298828,pymeshfix_gmsh,76780,0.07322311401367188,543,1636,26.34243202209473,26.50623893737793,14.11943817138672,14.18169784545898,10.7193717956543,10.75937175750733,3.0778071841930935e-09,6.729817527854641e-08,1.6122136255576643e-07,2.9808428789217813e-07,0.056083417488903074,0.5429149547350618,0.7799154713837175,0.9821406109254612,1.0006956520914383,1.3348646165444364,2.145247393292863,25.561627583419448,1.0206248980010515,1.5751137963886641,2.4641903206512707,16.251169898012908,3.814288620934069,48.25033316804068,66.1660657974725,77.3270366573316,-1.0,-1.0,-1.0,-1.0,0.003550824919935958,0.008886482412466652,0.01441199855143967,0.017419680591142638,3.5508249199359576e-09,8.886482412466652e-09,1.441199855143967e-08,1.7419680591142637e-08,2.634243202209473e-05,2.650623893737793e-05,1.411943817138672e-05,1.418169784545898e-05,1.07193717956543e-05,1.075937175750733e-05,65384,156384,52128,104704,2085120,3695580.0,3.5243797302246094,0.00344177708029747,3.52 MiB,Screening estimate; calibrate with real Merrill.jl runs.,ok,gmsh;pymeshfix_gmsh,gmsh: Exception: Wrong topology of triangulation for parametrization: one edge is incident to 3 triangles,,,
PLAG209,PLAG,data/Nikolaisen2022/Plag Binary meshes/PLAG209-binary.stl,Plag Binary meshes,16581,0.01581287384033203,ascii,0.0001266386065508,0.0623049426058665,37,0,00_smallest,um,1e-06,0.009,9e-09,data/Nikolaisen2022/Plag Binary meshes/PLAG209-binary.stl,16581,55,104,0.02717542064163142,0.0012493032018302149,0.8295860290527344,0.8910130262374878,13.600605010986328,13.808137893676758,3.919372081756592,3.979372024536133,0.22459556209881698,5,3,1,False,0.0002047596409227026,0.000212477853551718,0.0003607568975124945,0.0003607568975124945,35.38959670114914,44.61384937909773,59.16556070683918,59.16556070683918,60.994986612736106,90.0,90.0,90.0,1.0101378049491077,1.3939549377458706,1.4557953352501336,1.4639956045987983,,data/Nikolaisen2022_merrill_msh/PLAG209.msh,76229,0.07269763946533203,pymeshfix_gmsh,96350,0.09188652038574219,652,2065,0.8295860290527344,0.8910130262374879,13.62135791778564,13.80813789367676,3.919372081756591,3.979372024536133,1.45735753766041e-08,7.168471780456257e-08,1.6812655298318682e-07,2.6410112174345726e-07,0.11641575392920105,0.5551681954404258,0.7951484521363539,0.9956195024300448,1.0003677429942737,1.2952443676369887,2.0523537568653234,14.361600627557769,1.0121752431609314,1.5348113609555996,2.370681874992862,6.369206793154846,13.298018909996742,49.58630721232525,67.29973543238863,81.05408884549028,-1.0,-1.0,-1.0,-1.0,0.003580784056592055,0.009224749634784316,0.013838347182537401,0.018179080285320632,3.5807840565920548e-09,9.224749634784316e-09,1.3838347182537401e-08,1.8179080285320632e-08,8.295860290527344e-07,8.910130262374879e-07,1.3621357917785639e-05,1.3808137893676758e-05,3.919372081756591e-06,3.979372024536133e-06,81728,187776,62592,132160,2503680,4451904.0,4.24566650390625,0.004146158695220947,4.25 MiB,Screening estimate; calibrate with real Merrill.jl runs.,ok,gmsh;pymeshfix_gmsh,gmsh: Exception: Invalid boundary mesh (overlapping facets) on surface 43 surface 35,,,
PLAG208,PLAG,data/Nikolaisen2022/Plag Binary meshes/PLAG208-binary.stl,Plag Binary meshes,16893,0.01611042022705078,ascii,0.0002093644666429,0.0736718288318103,38,0,00_smallest,um,1e-06,0.009,9e-09,data/Nikolaisen2022/Plag Binary meshes/PLAG208-binary.stl,16893,54,104,0.026152211617161625,0.00023655017256656364,13.483631134033203,13.606485366821289,13.019512176513672,13.123278617858887,6.719371795654297,6.759372234344482,0.16571261858653497,0,0,1,True,0.00020474902521527838,0.00021247166841931175,0.00036074987615716635,0.00036076111766603677,34.4504705156794,44.61301551601138,59.16546225162776,59.16664113262965,60.99373314760741,90.0,90.0,90.0,1.0101251340138815,1.393955405098647,1.4639949009215196,1.4792128612444826,,data/Nikolaisen2022_merrill_msh/PLAG208.msh,96725,0.09224414825439453,gmsh,114583,0.10927486419677734,759,2690,13.483631,13.606485,13.019512,13.123279,6.719371999999999,6.759372000000001,1.4110758583218741e-08,8.04651120591078e-08,1.676027363223222e-07,3.005125975412285e-07,0.15057496355230537,0.5581431103953903,0.7927418741690698,0.9807906035263421,1.0015210295305643,1.291252584324198,2.023165942321757,3.313311230645508,1.0205873208322314,1.5275836471138475,2.3557423016855927,4.016116763682994,13.89975951223761,50.13492471341612,66.7799386094149,81.03993660065352,-1.0,-1.0,-1.0,-1.0,0.003885706935768444,0.009609325628715056,0.01388449645816007,0.017261172631223613,3.885706935768444e-09,9.609325628715055e-09,1.388449645816007e-08,1.7261172631223613e-08,1.3483631e-05,1.3606484999999998e-05,1.3019512e-05,1.3123279e-05,6.719371999999999e-06,6.759372e-06,104296,218592,72864,172160,2914560,5223708.0,4.981716156005859,0.004864957183599472,4.98 MiB,Screening estimate; calibrate with real Merrill.jl runs.,ok,gmsh,,,,
PLAG207,PLAG,data/Nikolaisen2022/Plag Binary meshes/PLAG207-binary.stl,Plag Binary meshes,16899,0.01611614227294922,ascii,0.0001798231117013,0.0700297047611338,39,0,00_smallest,um,1e-06,0.009,9e-09,data/Nikolaisen2022/Plag Binary meshes/PLAG207-binary.stl,16899,55,106,0.02647498542321243,0.0002096388318528125,16.739282608032227,16.84166145324707,1.8127180337905884,1.9372379779815674,6.51937198638916,6.5593719482421875,0.16609226772217034,0,0,1,True,0.00020474391703828587,0.0002124728888475147,0.0003607597051646,0.00036076252442105724,34.452258057333474,44.61416730018779,59.16428424707025,59.165855839432744,60.99380469926843,90.0,90.0,90.0,1.0101256501093017,1.3939547598271083,1.463970251107552,1.4791822501441592,,data/Nikolaisen2022_merrill_msh/PLAG207.msh,55487,0.052916526794433594,voxel,55487,0.052916526794433594,460,1518,16.739282608032227,16.84166145324707,1.8127180337905884,1.928343653678894,6.51937198638916,6.5593719482421875,1.3794501830036426e-07,1.3797514077587789e-07,1.3798172010641893e-07,1.3798172010641893e-07,0.3927927413512419,0.5648043182726588,0.6403728293569814,0.6403728293569814,1.3713901447311498,1.4049641202001355,1.5816209377913975,1.5816209377913977,1.4075337950366151,1.7207226007043115,1.9370821320455678,1.937082132045568,35.52671977561245,52.547557988998506,63.08047251251324,63.08069021880242,-1.0,-1.0,-1.0,-1.0,0.008894205093383789,0.012874127805283705,0.016301543738547187,0.016301836246074737,8.894205093383789e-09,1.2874127805283705e-08,1.6301543738547187e-08,1.6301836246074738e-08,1.6739282608032225e-05,1.684166145324707e-05,1.8127180337905883e-06,1.928343653678894e-06,6.5193719863891596e-06,6.559371948242188e-06,59616,132480,44160,97152,1766400,3149712.0,3.0037994384765625,0.002933397889137268,3.00 MiB,Screening estimate; calibrate with real Merrill.jl runs.,ok,gmsh;pymeshfix_gmsh;voxel,gmsh: Exception: Wrong topology of boundary mesh for parametrization | pymeshfix_gmsh: Exception: Wrong topology of boundary mesh for parametrization,0.009,253.0,460.0
PLAG206,PLAG,data/Nikolaisen2022/Plag Binary meshes/PLAG206-binary.stl,Plag Binary meshes,17049,0.016259193420410156,ascii,0.0001129043971224,0.0599658615785422,40,0,00_smallest,um,1e-06,0.009,9e-09,data/Nikolaisen2022/Plag Binary meshes/PLAG206-binary.stl,17049,58,109,0.025242366388510656,0.004124336451992693,4.18761682510376,4.310472011566162,8.910353660583496,9.05562686920166,6.8793721199035645,6.899372100830078,0.19130525664494735,7,4,1,False,0.00020474891209687485,0.00021247180075079086,0.0003607476278813818,0.0003607611131032198,35.38943920526901,44.614349685455466,59.165148165781666,59.16585537291742,60.994891968109066,90.0,90.0,90.0,1.010136867356901,1.3939546578246742,1.4639690172360738,1.4639980138750865,,data/Nikolaisen2022_merrill_msh/PLAG206.msh,65085,0.06206989288330078,pymeshfix_gmsh,81470,0.07769584655761719,559,1760,4.18761682510376,4.310472011566162,8.951860427856445,9.05562686920166,6.879372119903564,6.899372100830079,1.1343243882969654e-08,7.442440236656688e-08,1.588754632639952e-07,2.5939868875790757e-07,0.17475893593677203,0.536316080975251,0.783223026731024,0.9402666430594304,1.005902973996809,1.3200984485730163,2.0645698551922664,3.334804464188776,1.0387845841324947,1.5651305874733303,2.3622099149628313,3.9529220923921278,12.72960043542664,50.93447737785212,67.10648101314989,79.78068498912592,-1.0,-1.0,-1.0,-1.0,0.004338238775234648,0.00936309978798058,0.0135345416393523,0.016985230453997014,4.338238775234647e-09,9.363099787980579e-09,1.3534541639352298e-08,1.6985230453997014e-08,4.18761682510376e-06,4.310472011566162e-06,8.951860427856446e-06,9.05562686920166e-06,6.879372119903563e-06,6.899372100830078e-06,69736,160992,53664,112640,2146560,3815388.0,3.6386375427246094,0.0035533569753170013,3.64 MiB,Screening estimate; calibrate with real Merrill.jl runs.,ok,gmsh;pymeshfix_gmsh,gmsh: Exception: Invalid boundary mesh (overlapping facets) on surface 22 surface 23,,,
PLAG205,PLAG,data/Nikolaisen2022/Plag Binary meshes/PLAG205-binary.stl,Plag Binary meshes,17376,0.016571044921875,ascii,0.0001475171211327,0.0655563253612693,41,0,00_smallest,um,1e-06,0.009,9e-09,data/Nikolaisen2022/Plag Binary meshes/PLAG205-binary.stl,17376,57,109,0.028086145114036586,0.0008190993525303438,9.838937759399414,9.941316604614258,14.140191078186035,14.306217193603516,3.219372034072876,3.2593719959259033,0.19911327403361917,4,3,1,False,0.0002047536804639094,0.0002124816965078935,0.00036076111766603677,0.00036077235479761076,34.45106140664113,44.61433184461598,59.165109053640805,59.16664113262965,60.995270544327674,90.0,90.0,90.0,1.010140617789955,1.3939546678003747,1.4639785188313361,1.4792027417111042,,data/Nikolaisen2022_merrill_msh/PLAG205.msh,82977,0.0791330337524414,pymeshfix_gmsh,103589,0.09879016876220703,693,2265,9.838937759399414,9.920841217041016,14.16094493865967,14.30621719360352,3.219372034072876,3.259371995925904,8.457616901943784e-09,7.298395997649269e-08,1.5117685959724957e-07,3.2568008407715547e-07,0.10999096493198536,0.5517621888268025,0.7784103053812547,0.9806706755819692,1.0008927722104914,1.3150165638019327,2.0547639435354546,6.119429087327043,1.0248830584123292,1.5491678673502287,2.3530624116625107,7.3747015570913135,9.295081754096387,49.327134223835614,67.42471047418714,78.92210167485469,-1.0,-1.0,-1.0,-1.0,0.0039864241306850545,0.00919463520924027,0.013551333946995993,0.018609865691024872,3.986424130685054e-09,9.19463520924027e-09,1.3551333946995992e-08,1.8609865691024873e-08,9.838937759399414e-06,9.920841217041016e-06,1.416094493865967e-05,1.4306217193603519e-05,3.2193720340728758e-06,3.2593719959259042e-06,89112,199584,66528,144960,2661120,4741956.0,4.522281646728516,0.004416290670633316,4.52 MiB,Screening estimate; calibrate with real Merrill.jl runs.,ok,gmsh;pymeshfix_gmsh,gmsh: Exception: Invalid boundary mesh (overlapping facets) on surface 10 surface 19,,,
PLAG204,PLAG,data/Nikolaisen2022/Plag Binary meshes/PLAG204-binary.stl,Plag Binary meshes,17379,0.01657390594482422,ascii,0.000234203815105,0.0764771651201241,42,0,00_smallest,um,1e-06,0.009,9e-09,data/Nikolaisen2022/Plag Binary meshes/PLAG204-binary.stl,17379,55,107,0.027130045953700742,0.002366752135111308,11.04701042175293,11.149389266967773,7.167075157165527,7.291594982147217,11.659371376037598,11.699371337890625,0.1660921783505748,1,2,1,False,0.00020474879875109764,0.00021248156463116175,0.0003607481884740946,0.0003607554935611831,34.44981011497667,44.61433184461598,59.16546225162776,59.16624802309894,60.99449031283514,90.0,90.0,90.0,1.0101326346934139,1.3939546678003747,1.463963998951905,1.4792241720210417,,data/Nikolaisen2022_merrill_msh/PLAG204.msh,94205,0.08984088897705078,pymeshfix_gmsh,116607,0.1112051010131836,738,2621,11.04701042175293,11.14938926696777,7.167075157165526,7.291594982147217,11.6593713760376,11.69937133789063,8.683554565318002e-09,8.98545688732578e-08,1.8830481537244884e-07,3.3348785999242215e-07,0.1385418117396845,0.5586666818017368,0.7925526002426156,0.9789157520882381,1.0010522331227278,1.305111645670435,2.13384326441636,3.3232817245190236,1.0240636226685778,1.5459918004536142,2.453916951563538,3.964010233685975,12.229304634586379,49.82520903875433,67.27968668292188,79.84453473181286,-1.0,-1.0,-1.0,-1.0,0.0033078373626240555,0.009984548276146896,0.014345728549730456,0.017443022826419647,3.3078373626240554e-09,9.984548276146895e-09,1.4345728549730455e-08,1.7443022826419646e-08,1.1047010421752929e-05,1.114938926696777e-05,7.1670751571655254e-06,7.2915949821472164e-06,1.1659371376037598e-05,1.169937133789063e-05,101584,212544,70848,167744,2833920,5079960.0,4.844627380371094,0.004731081426143646,4.84 MiB,Screening estimate; calibrate with real Merrill.jl runs.,ok,gmsh;pymeshfix_gmsh,gmsh: Exception: Wrong topology of triangulation for parametrization: one edge is incident to 3 triangles,,,
PLAG203,PLAG,data/Nikolaisen2022/Plag Binary meshes/PLAG203-binary.stl,Plag Binary meshes,17541,0.01672840118408203,ascii,0.0001661516709983,0.0682080075985948,43,0,00_smallest,um,1e-06,0.009,9e-09,data/Nikolaisen2022/Plag Binary meshes/PLAG203-binary.stl,17541,56,108,0.029143102225320863,0.0002053906707794666,14.118379592895508,14.179807662963867,13.953411102294922,14.098684310913086,3.959372043609619,4.01937198638916,0.16875338831587378,0,0,1,True,0.0002047536804639094,0.0002950938022117501,0.0003607459387159136,0.00036077235479761076,35.39006918509901,43.94155801478111,59.16506958921053,59.16664113262965,60.995270544327674,90.0,90.0,90.0,1.010140617789955,1.3946593163528025,1.4639785188313361,1.463988377108634,,data/Nikolaisen2022_merrill_msh/PLAG203.msh,88941,0.08482074737548828,gmsh,106209,0.1012887954711914,739,2432,14.11838,14.179808,13.953411,14.098684,3.959372,4.019372,6.621405437185647e-09,7.590675232803931e-08,1.6793514439703044e-07,3.4572693379135816e-07,0.14330626697170676,0.5457916220435362,0.7894603402915593,0.9705527294558954,1.0024035209068314,1.3220482855964188,2.0769676189392383,3.365611379626969,1.022081198379478,1.5613225926349459,2.443512772616687,3.7819908949348577,11.098797705954015,48.96977310508173,66.4126945834213,86.40482189190004,-1.0,-1.0,-1.0,-1.0,0.003365446584613726,0.00944275809407014,0.014162641832978653,0.017013633544754093,3.365446584613726e-09,9.442758094070139e-09,1.4162641832978653e-08,1.701363354475409e-08,1.4118379999999999e-05,1.4179808e-05,1.3953410999999998e-05,1.4098684e-05,3.959372e-06,4.019371999999999e-06,95560,212832,70944,155648,2837760,5059116.0,4.824748992919922,0.004711668938398361,4.82 MiB,Screening estimate; calibrate with real Merrill.jl runs.,ok,gmsh,,,,
PLAG202,PLAG,data/Nikolaisen2022/Plag Binary meshes/PLAG202-binary.stl,Plag Binary meshes,17865,0.017037391662597656,ascii,0.0002080976155846,0.0735229335929345,44,0,00_smallest,um,1e-06,0.009,9e-09,data/Nikolaisen2022/Plag Binary meshes/PLAG202-binary.stl,17865,57,110,0.027072705164170176,0.0002365463223852126,15.87929916381836,15.981678009033203,8.308507919311523,8.433027267456055,11.279372215270996,11.319372177124023,0.16609182086456742,0,0,1,True,0.00020474879875109764,0.00021247166841931175,0.0003607504333437678,0.0003607779723713267,34.45042416714881,44.61301551601138,59.16546225162776,59.166248488915194,60.99449031283514,90.0,90.0,90.0,1.0101326346934139,1.393955405098647,1.4639789939298937,1.4792136550338595,,data/Nikolaisen2022_merrill_msh/PLAG202.msh,93337,0.08901309967041016,gmsh,110823,0.10568904876708984,744,2584,15.879299,15.981678,8.308508,8.433027,11.279372,11.319372,1.1312502442972486e-08,8.29774532936917e-08,1.779896738826242e-07,2.9639404874238593e-07,0.11010271295479743,0.5573915673204015,0.8021675548718108,0.9814348541206527,1.0014811548685323,1.304403986765397,2.1158341669509277,3.284747826924645,1.0263487755822596,1.5388181646013404,2.476857875087767,3.932645207405765,11.885950455728663,50.142705771827934,66.99707585605262,80.6893378015145,-1.0,-1.0,-1.0,-1.0,0.0036091999305885823,0.00964859242939183,0.014217313004644107,0.017395085235877343,3.6091999305885822e-09,9.64859242939183e-09,1.4217313004644106e-08,1.7395085235877343e-08,1.5879299e-05,1.5981678e-05,8.308507999999999e-06,8.433027e-06,1.1279372e-05,1.1319371999999999e-05,100544,214272,71424,165376,2856960,5112864.0,4.876007080078125,0.004761725664138794,4.88 MiB,Screening estimate; calibrate with real Merrill.jl runs.,ok,gmsh,,,,
PLAG201,PLAG,data/Nikolaisen2022/Plag Binary meshes/PLAG201-binary.stl,Plag Binary meshes,18012,0.017177581787109375,ascii,0.000146760369418,0.0654440334558538,45,0,00_smallest,um,1e-06,0.009,9e-09,data/Nikolaisen2022/Plag Binary meshes/PLAG201-binary.stl,18012,60,113,0.028229760370594298,0.0017124332134880167,26.915754318237305,27.059085845947266,9.65747356414795,9.781993865966797,8.5393705368042,8.599371910095215,0.19912156386874832,9,6,1,False,0.00020474879875109764,0.00021247166841931175,0.00036075548692376,0.00036075548898968916,34.4504705156794,44.61433184461598,59.16546225162776,59.16624755915589,60.99292988461106,90.0,90.0,90.0,1.0101166691413204,1.3939546678003747,1.4639737687760097,1.4792128612444826,,data/Nikolaisen2022_merrill_msh/PLAG201.msh,83873,0.0799875259399414,pymeshfix_gmsh,104758,0.09990501403808594,693,2297,26.95670700073242,27.05908584594727,9.678227424621582,9.781993865966797,8.5393705368042,8.599371910095215,9.960257114482959e-09,6.754529774543782e-08,1.559677884333879e-07,2.883645956323098e-07,0.18887014334175012,0.5554731458054395,0.792204625856956,0.9501163755951695,1.0043709811747576,1.307955439187951,2.115696309536319,3.31681611447959,1.0330844002144395,1.537951377341269,2.451036252466369,4.029827479122865,13.639633998555928,49.62851774151634,67.06412435391266,81.3138606576689,-1.0,-1.0,-1.0,-1.0,0.003506623107538171,0.008995911698587501,0.013332042444567309,0.017237526230201854,3.5066231075381707e-09,8.9959116985875e-09,1.3332042444567309e-08,1.7237526230201853e-08,2.6956707000732417e-05,2.7059085845947267e-05,9.678227424621581e-06,9.781993865966796e-06,8.539370536804199e-06,8.599371910095214e-06,90136,199584,66528,147008,2661120,4746564.0,4.526676177978516,0.004420582205057144,4.53 MiB,Screening estimate; calibrate with real Merrill.jl runs.,ok,gmsh;pymeshfix_gmsh,gmsh: Exception: Invalid boundary mesh (overlapping facets) on surface 26 surface 37,,,
PLAG200,PLAG,data/Nikolaisen2022/Plag Binary meshes/PLAG200-binary.stl,Plag Binary meshes,18189,0.01734638214111328,ascii,0.0003067180000139,0.0836720122920157,46,0,00_smallest,um,1e-06,0.009,9e-09,data/Nikolaisen2022/Plag Binary meshes/PLAG200-binary.stl,18189,58,112,0.02981579433193766,0.0003286217624464669,24.929601669311523,25.052457809448242,9.761240005493164,9.865006446838379,12.659371376037598,12.719371795654297,0.17164252349847042,0,0,1,True,0.00020474879875109764,0.00021249146084301174,0.00036076055594288093,0.0003607779723713267,34.448573760498284,44.61301551601138,59.16548000192535,59.16703377057601,60.99449031283514,90.0,90.0,90.0,1.0101326346934139,1.393955405098647,1.4639879021676114,1.4792453495867504,,data/Nikolaisen2022_merrill_msh/PLAG200.msh,119937,0.1143808364868164,gmsh,144086,0.13741111755371094,924,3354,24.929602,25.05245800000001,9.76124,9.865006000000001,12.659371,12.719372,5.9527898603427235e-09,8.756837354808267e-08,1.9725166006608843e-07,3.280093008818016e-07,0.09081672044135683,0.5413586325248141,0.8085412093756557,0.9814516789630507,1.0010531384717385,1.327893909504744,2.221223910266278,20.627585112078513,1.0146237687660096,1.5661168129799758,2.5923061208870064,7.672608887331533,10.298628435944751,49.40457551055081,67.19557703452445,79.99470712100826,-1.0,-1.0,-1.0,-1.0,0.00366950094577292,0.01002238153473303,0.014667557267713526,0.022648956670310083,3.66950094577292e-09,1.002238153473303e-08,1.4667557267713525e-08,2.2648956670310083e-08,2.4929601999999998e-05,2.5052458000000006e-05,9.76124e-06,9.865006000000001e-06,1.2659371e-05,1.2719371999999999e-05,129504,266112,88704,214656,3548160,6370704.0,6.0755767822265625,0.0059331804513931274,6.08 MiB,Screening estimate; calibrate with real Merrill.jl runs.,ok,gmsh,,,,
PLAG199,PLAG,data/Nikolaisen2022/Plag Binary meshes/PLAG199-binary.stl,Plag Binary meshes,18489,0.017632484436035156,ascii,0.0001534286771393,0.0664205762960362,47,0,00_smallest,um,1e-06,0.009,9e-09,data/Nikolaisen2022/Plag Binary meshes/PLAG199-binary.stl,18489,60,116,0.026849589570398007,0.00017988878716979423,4.3923749923706055,4.515230178833008,4.012568950653076,4.13709020614624,14.779372215270996,14.799371719360352,0.1760651018064785,0,0,1,True,0.00020474403049774992,0.0002124742086380138,0.0003607498749183434,0.00036075549565903127,34.449494782860526,44.61368260839613,59.163635946275036,59.164696663139964,60.996807760917605,90.0,90.0,90.0,1.0101563447668949,1.3939550311346791,1.4578475009538305,1.479229573066887,,data/Nikolaisen2022_merrill_msh/PLAG199.msh,78917,0.07526111602783203,gmsh,92893,0.08858966827392578,676,2137,4.392374999999999,4.51523,4.012569,4.13709,14.779372,14.799372,1.2995014846118128e-08,7.692249389539045e-08,1.705069262360219e-07,2.6837383220869313e-07,0.18968719227697328,0.5424296136242077,0.785239049542975,0.9857634036947976,1.0005577446589446,1.2963801280061762,2.0165939328598204,3.323964719902269,1.0182191111130454,1.532866089973464,2.3496811640289117,4.070190038278469,12.17585674018423,51.821825378516344,67.24830831570657,81.7571900036372,-1.0,-1.0,-1.0,-1.0,0.003556203913379999,0.009473182757195008,0.013808987955341755,0.015686420153842542,3.556203913379999e-09,9.473182757195008e-09,1.3808987955341755e-08,1.568642015384254e-08,4.392374999999999e-06,4.51523e-06,4.012569e-06,4.13709e-06,1.4779372e-05,1.4799372e-05,84608,194688,64896,136768,2595840,4615200.0,4.401397705078125,0.0042982399463653564,4.40 MiB,Screening estimate; calibrate with real Merrill.jl runs.,ok,gmsh,,,,
PLAG197,PLAG,data/Nikolaisen2022/Plag Binary meshes/PLAG197-binary.stl,Plag Binary meshes,21105,0.020127296447753906,ascii,0.0002167764119708,0.0745311462417984,48,0,00_smallest,um,1e-06,0.009,9e-09,data/Nikolaisen2022/Plag Binary meshes/PLAG197-binary.stl,21105,67,130,0.03231651834742276,0.002544067444362505,21.510143280029297,21.653474807739258,11.50451946258545,11.608285903930664,6.719371795654297,6.759372234344482,0.18141509386081553,4,3,1,False,0.0002047536804639094,0.00021247166841931175,0.00036075296115627533,0.00036077235479761076,34.44921098410805,44.61301551601138,59.16530331253363,59.16703377057601,60.99449031283514,90.0,90.0,90.0,1.0101326346934139,1.393955405098647,1.463988377108634,1.4792344341757253,,data/Nikolaisen2022_merrill_msh/PLAG197.msh,92749,0.08845233917236328,pymeshfix_gmsh,115444,0.11009597778320312,745,2562,21.5101432800293,21.65347480773926,11.50451946258545,11.60828590393066,6.719371795654296,6.759372234344483,1.3892620460497861e-08,9.023566377440784e-08,1.9244097394547094e-07,3.604070403810823e-07,0.122483308041204,0.5509308697296704,0.7975207548976159,0.9477663257103172,1.0060975211874463,1.312076568508716,2.0695399721139385,3.3238161488036373,1.0377697625773863,1.5529503454633011,2.405079251389548,4.034901629010195,13.573030722630065,49.46224169979299,66.82923424304003,82.36679251900992,-1.0,-1.0,-1.0,-1.0,0.003087316719333907,0.009954930820634459,0.014573294523810626,0.017918407667965104,3.087316719333907e-09,9.954930820634459e-09,1.4573294523810624e-08,1.7918407667965103e-08,2.15101432800293e-05,2.165347480773926e-05,1.1504519462585448e-05,1.160828590393066e-05,6.7193717956542955e-06,6.759372234344483e-06,99864,214560,71520,163968,2860800,5116068.0,4.879062652587891,0.004764709621667862,4.88 MiB,Screening estimate; calibrate with real Merrill.jl runs.,ok,gmsh;pymeshfix_gmsh,gmsh: Exception: Wrong topology of triangulation for parametrization: one edge is incident to 4 triangles,,,
PLAG198,PLAG,data/Nikolaisen2022/Plag Binary meshes/PLAG198-binary.stl,Plag Binary meshes,21105,0.020127296447753906,ascii,0.0002398134343929,0.0770829444112548,49,0,00_smallest,um,1e-06,0.009,9e-09,data/Nikolaisen2022/Plag Binary meshes/PLAG198-binary.stl,21105,67,130,0.03150577698114454,0.00026606524900522487,14.916934967041016,15.101217269897461,8.246247291564941,8.32926082611084,14.799371719360352,14.839371681213379,0.20603691662447618,2,2,1,False,0.0002047392622444022,0.00021247166841931175,0.00036073919405352477,0.0003607667305938688,34.448573760498284,44.61301551601138,59.16434083064763,59.16546225162776,60.99373314760741,90.0,90.0,90.0,1.0101251340138813,1.393955405098647,1.463983269055799,1.4792453495867504,,data/Nikolaisen2022_merrill_msh/PLAG198.msh,103277,0.09849262237548828,pymeshfix_gmsh,128861,0.12289142608642578,832,2851,14.91693496704102,15.10121726989746,8.246247291564941,8.32926082611084,14.79937171936035,14.83937168121338,2.3447734879728533e-09,8.572784036425812e-08,1.8246482380958462e-07,3.0169214267033715e-07,0.01133758473599878,0.5469457346110188,0.7884575530916231,0.9404565303334664,1.0111766532100162,1.3227912848660486,2.129017525622976,1163.3556853197927,1.0602458648642703,1.5638101838293132,2.4626393743141985,56.161407715553956,1.7703693777893594,49.39727099493008,67.44091013487741,79.82611105621473,-1.0,-1.0,-1.0,-1.0,0.0029954081887190345,0.009943705642834137,0.014452375406024698,0.0239163576308298,2.9954081887190344e-09,9.943705642834137e-09,1.4452375406024697e-08,2.39163576308298e-08,1.4916934967041018e-05,1.5101217269897459e-05,8.246247291564942e-06,8.32926082611084e-06,1.4799371719360349e-05,1.483937168121338e-05,111200,239616,79872,182464,3194880,5712048.0,5.4474334716796875,0.005319759249687195,5.45 MiB,Screening estimate; calibrate with real Merrill.jl runs.,ok,gmsh;pymeshfix_gmsh,gmsh: Exception: Wrong topology of triangulation for parametrization: one edge is incident to 3 triangles,,,
PLAG196,PLAG,data/Nikolaisen2022/Plag Binary meshes/PLAG196-binary.stl,Plag Binary meshes,21828,0.020816802978515625,ascii,0.0002427600613453,0.0773973703600915,50,0,00_smallest,um,1e-06,0.009,9e-09,data/Nikolaisen2022/Plag Binary meshes/PLAG196-binary.stl,21828,71,137,0.03437607680488258,0.0012251529074747479,10.719396591186523,10.903678894042969,9.283913612365723,9.346174240112305,6.2393717765808105,6.29937219619751,0.20355933598745374,2,1,1,False,0.00020474902521527838,0.00021247166841931175,0.0003607498715821029,0.00036077235479761076,35.39006918509901,44.61301551601138,59.16475508277257,59.16664113262965,60.99373314760741,90.0,90.0,90.0,1.0101251340138813,1.393955405098647,1.463988377108634,1.463988377108634,,data/Nikolaisen2022_merrill_msh/PLAG196.msh,115737,0.11037540435791016,pymeshfix_gmsh,144387,0.13769817352294922,926,3202,10.7398738861084,10.90367889404297,9.28391361236572,9.346174240112305,6.23937177658081,6.299372196197511,1.3454856399521254e-08,8.112122828373953e-08,1.6803515333605575e-07,2.8712916461678074e-07,0.1629031356960893,0.5647492073273714,0.8056370338043736,0.9909664118470496,1.000475125200113,1.2964122610082498,2.0230359050994533,3.3095527401232756,1.0108758172230234,1.532974003247662,2.3658202674384587,4.045306328118428,12.686673065196418,49.79709209272825,67.29245419972801,80.91916408889853,-1.0,-1.0,-1.0,-1.0,0.003947669342014069,0.009539456049511754,0.014038906742085194,0.017041147242726866,3.947669342014069e-09,9.539456049511754e-09,1.4038906742085194e-08,1.7041147242726864e-08,1.07398738861084e-05,1.090367889404297e-05,9.28391361236572e-06,9.346174240112305e-06,6.23937177658081e-06,6.29937219619751e-06,124688,266688,88896,204928,3555840,6361560.0,6.066856384277344,0.0059246644377708435,6.07 MiB,Screening estimate; calibrate with real Merrill.jl runs.,ok,gmsh;pymeshfix_gmsh,gmsh: ValueError: zero-size array to reduction operation maximum which has no identity,,,
PLAG195,PLAG,data/Nikolaisen2022/Plag Binary meshes/PLAG195-binary.stl,Plag Binary meshes,22155,0.02112865447998047,ascii,0.00024220596378,0.0773384392432099,51,0,00_smallest,um,1e-06,0.009,9e-09,data/Nikolaisen2022/Plag Binary meshes/PLAG195-binary.stl,22155,69,134,0.03372756171316427,0.0002804626825233449,23.127731323242188,23.312013626098633,12.625198364257812,12.708211898803711,14.459371566772461,14.51937198638916,0.21083468504507907,0,0,1,True,0.00020474879875109764,0.00021247166841931175,0.00036075548898968916,0.0003607779723713267,34.448573760498284,44.32774165145066,59.16546225162776,59.16703377057601,60.99449031283514,90.0,90.0,90.0,1.0101326346934139,1.3941744924291908,1.4639931274490585,1.4792453495867504,,data/Nikolaisen2022_merrill_msh/PLAG195.msh,113805,0.10853290557861328,pymeshfix_gmsh,142277,0.13568592071533203,920,3139,23.12773132324219,23.31201362609863,12.62519836425781,12.70821189880371,14.45937156677246,14.51937198638916,5.221042442009798e-09,7.908579398027584e-08,1.7951894139266667e-07,2.914818032239587e-07,0.1259354084513996,0.5374881624653676,0.7969202497636398,0.9640208755142804,1.003715437987861,1.3264057609019526,2.1965634554760824,9.077647034742396,1.0410203864947485,1.56904616153243,2.5275744576773915,5.371838975058101,12.305674927212129,48.880429483791296,67.27945428009313,81.04172739203582,-1.0,-1.0,-1.0,-1.0,0.0030871497553645747,0.009711174944696628,0.014406885386297256,0.019231005730632616,3.0871497553645744e-09,9.711174944696628e-09,1.4406885386297255e-08,1.9231005730632614e-08,2.312773132324219e-05,2.331201362609863e-05,1.262519836425781e-05,1.270821189880371e-05,1.4459371566772459e-05,1.451937198638916e-05,122528,264960,88320,200896,3532800,6314256.0,6.0217437744140625,0.005880609154701233,6.02 MiB,Screening estimate; calibrate with real Merrill.jl runs.,ok,gmsh;pymeshfix_gmsh,gmsh: Exception: Invalid boundary mesh (overlapping facets) on surface 14 surface 22,,,
PLAG194,PLAG,data/Nikolaisen2022/Plag Binary meshes/PLAG194-binary.stl,Plag Binary meshes,23100,0.022029876708984375,ascii,0.0002029180290993,0.0729078018175196,52,0,00_smallest,um,1e-06,0.009,9e-09,data/Nikolaisen2022/Plag Binary meshes/PLAG194-binary.stl,23100,75,145,0.034744041324167654,0.013215166183287136,3.737149953842163,3.9623830318450928,6.150162220001221,6.253928184509277,13.35937213897705,13.399372100830078,0.25119178283774474,8,6,1,False,0.00020475356700444536,0.0002124693268115152,0.0003607414484702301,0.00036076392017657844,35.38912865971606,44.614998937413766,59.16495938445619,59.16605158248057,60.994111733273925,90.0,90.0,90.0,1.0101288842680125,1.393954295109688,1.4558102679488136,1.46400276455011,,data/Nikolaisen2022_merrill_msh/PLAG194.msh,82501,0.07867908477783203,pymeshfix_gmsh,104307,0.09947490692138672,726,2215,3.737149953842163,3.941906929016113,6.150162220001221,6.253928184509277,13.35937213897705,13.39937210083008,9.358340031136558e-09,8.136483180085234e-08,1.751786774499691e-07,3.0287220087163703e-07,0.16314423702848704,0.5333085153855973,0.7865159629424201,0.958548949624504,1.0019430828104772,1.3166719683724724,2.111170642037598,3.721292370576942,1.0212453063713758,1.5601605424370333,2.498760062554524,4.134614693050027,13.705866006472249,49.65976813075342,67.56163912893885,79.20437695211503,-1.0,-1.0,-1.0,-1.0,0.0033334096332020683,0.009795607877795832,0.014170303268510969,0.017227168272314772,3.333409633202068e-09,9.795607877795832e-09,1.4170303268510969e-08,1.7227168272314773e-08,3.737149953842163e-06,3.941906929016113e-06,6.15016222000122e-06,6.253928184509277e-06,1.335937213897705e-05,1.339937210083008e-05,88304,209088,69696,141760,2787840,4945032.0,4.715950012207031,0.004605419933795929,4.72 MiB,Screening estimate; calibrate with real Merrill.jl runs.,ok,gmsh;pymeshfix_gmsh,gmsh: Exception: Wrong topology of triangulation for parametrization: one edge is incident to 3 triangles,,,
PLAG193,PLAG,data/Nikolaisen2022/Plag Binary meshes/PLAG193-binary.stl,Plag Binary meshes,23259,0.02218151092529297,ascii,0.0003643369772181,0.0886138371664994,53,0,00_smallest,um,1e-06,0.009,9e-09,data/Nikolaisen2022/Plag Binary meshes/PLAG193-binary.stl,23259,76,146,0.03814216630575165,0.001591544478393421,3.3890609741210938,3.511915922164917,8.080221176147461,8.16323471069336,13.559371948242188,13.659371376037598,0.17884202732037857,3,1,1,False,0.00020474403049774992,0.00021247909057819925,0.0003607526852832725,0.00036076392017657844,34.45061572907253,44.32704297361163,59.16506970572024,59.16605158248057,60.994111733273925,90.0,90.0,90.0,1.0101288842680125,1.3941751739728123,1.4639908203396894,1.4792103742711722,,data/Nikolaisen2022_merrill_msh/PLAG193.msh,148638,0.1417522430419922,pymeshfix_gmsh,189049,0.18029117584228516,1145,4158,3.389060974121094,3.511915922164917,8.080221176147461,8.163234710693361,13.55937194824219,13.6593713760376,9.225093006775198e-09,8.430759129641366e-08,1.9931975423010086e-07,3.4854359639626006e-07,0.10133184483494677,0.5545831322700246,0.8022850732168271,0.9821622236078215,1.0006951547590266,1.3133240917649331,2.142985153765002,3.6241407686527594,1.0206234862381747,1.549873796917288,2.5165743385973016,4.437448157246513,12.175557195962323,49.419081439318475,66.48334501935813,85.95147216564756,-1.0,-1.0,-1.0,-1.0,0.003343215818596013,0.009938187886373202,0.014464055764779734,0.019403138290860045,3.343215818596013e-09,9.938187886373202e-09,1.4464055764779734e-08,1.9403138290860043e-08,3.389060974121094e-06,3.511915922164917e-06,8.08022117614746e-06,8.16323471069336e-06,1.3559371948242188e-05,1.36593713760376e-05,160536,329760,109920,266112,4396800,7894692.0,7.528964996337891,0.007352504879236221,7.53 MiB,Screening estimate; calibrate with real Merrill.jl runs.,ok,gmsh;pymeshfix_gmsh,gmsh: ValueError: zero-size array to reduction operation maximum which has no identity,,,
PLAG192,PLAG,data/Nikolaisen2022/Plag Binary meshes/PLAG192-binary.stl,Plag Binary meshes,23577,0.022484779357910156,ascii,0.000160770091234,0.0674635015598257,54,0,00_smallest,um,1e-06,0.009,9e-09,data/Nikolaisen2022/Plag Binary meshes/PLAG192-binary.stl,23577,77,148,0.03547443471769072,0.0001664543867875409,23.250585556030273,23.373441696166992,5.1540021896362305,5.320028781890869,6.9993720054626465,7.039371967315674,0.21037694135343057,15,13,1,False,0.0002047536804639094,0.00021247166841931175,0.0003607498715821029,0.00036077235479761076,34.45106140664113,44.613673672650606,59.16506958921053,59.16817326110164,60.9945136934832,90.0,90.0,90.0,1.0101326317160813,1.393955036139686,1.4558166515445452,1.4792027417111042,,data/Nikolaisen2022_merrill_msh/PLAG192.msh,58449,0.055741310119628906,pymeshfix_gmsh,73111,0.06972408294677734,512,1570,23.29153823852539,23.37344169616699,5.19550895690918,5.32002878189087,6.999372005462646,7.039371967315674,8.988661905842512e-09,7.406129461876845e-08,1.6624326528170354e-07,2.464304812610164e-07,0.07354891448533779,0.5248290276555753,0.7592708010171966,0.9267981573713808,1.0153866978553598,1.3411699814434757,2.147151976913973,48.03904406039741,1.065599529313885,1.5763866156900626,2.495154253291179,12.064438412234072,5.937166313460739,48.900874750827796,67.43702703684178,81.04261815600078,-1.0,-1.0,-1.0,-1.0,0.0030175151519004515,0.009304456251931454,0.013990404800385879,0.016190600853474606,3.0175151519004514e-09,9.304456251931454e-09,1.3990404800385878e-08,1.6190600853474607e-08,2.329153823852539e-05,2.337344169616699e-05,5.195508956909179e-06,5.3200287818908694e-06,6.999372005462645e-06,7.0393719673156735e-06,62528,147456,49152,100480,1966080,3488544.0,3.326934814453125,0.00324895977973938,3.33 MiB,Screening estimate; calibrate with real Merrill.jl runs.,ok,gmsh;pymeshfix_gmsh,gmsh: Exception: Invalid boundary mesh (overlapping facets) on surface 5 surface 26,,,
PLAG191,PLAG,data/Nikolaisen2022/Plag Binary meshes/PLAG191-binary.stl,Plag Binary meshes,24183,0.023062705993652344,ascii,0.0003630577671065,0.0885100059613473,55,0,00_smallest,um,1e-06,0.009,9e-09,data/Nikolaisen2022/Plag Binary meshes/PLAG191-binary.stl,24183,77,149,0.03769308388001251,0.0010327987219699599,17.35355567932129,17.49688720703125,10.238566398620605,10.363086700439453,3.7393720149993896,3.7993719577789307,0.1991211328168771,2,1,1,False,0.0002047536804639094,0.0002124816965078935,0.0003607566192324632,0.00036077235479761076,34.44983329645115,44.61301551601138,59.1650932678687,59.16664113262965,60.995270544327674,90.0,90.0,90.0,1.010140617789955,1.393955405098647,1.4639883771086337,1.479223774973854,,data/Nikolaisen2022_merrill_msh/PLAG191.msh,140350,0.1338481903076172,pymeshfix_gmsh,176649,0.16846561431884766,1083,3924,17.35355567932129,17.47641181945801,10.23856639862061,10.36308670043945,3.739372014999389,3.799371957778931,4.574865729867041e-09,9.37100224890651e-08,2.046261697150516e-07,3.6538864938764155e-07,0.11348569057473659,0.5671599736366644,0.8167224780857802,0.9850698503079047,1.000660924634046,1.2810956412848251,2.1351779034473974,11.02296731442485,1.0204358811215364,1.512901268159411,2.4580548257414057,7.3195239802994765,8.47424748109975,50.55172465598332,67.32676553455782,81.60327441820112,-1.0,-1.0,-1.0,-1.0,0.002878175570675693,0.010128687888129841,0.014481660113016319,0.01854750487891185,2.878175570675693e-09,1.0128687888129841e-08,1.4481660113016318e-08,1.854750487891185e-08,1.7353555679321287e-05,1.747641181945801e-05,1.0238566398620611e-05,1.036308670043945e-05,3.7393720149993892e-06,3.799371957778931e-06,151560,311904,103968,251136,4158720,7465932.0,7.120067596435547,0.006953191012144089,7.12 MiB,Screening estimate; calibrate with real Merrill.jl runs.,ok,gmsh;pymeshfix_gmsh,gmsh: ValueError: zero-size array to reduction operation maximum which has no identity,,,
PLAG190,PLAG,data/Nikolaisen2022/Plag Binary meshes/PLAG190-binary.stl,Plag Binary meshes,24213,0.02309131622314453,ascii,0.0003430946856609,0.0868570595955939,56,0,00_smallest,um,1e-06,0.009,9e-09,data/Nikolaisen2022/Plag Binary meshes/PLAG190-binary.stl,24213,78,152,0.036066280363396125,0.0003682777822714571,11.477001190185547,11.57938003540039,6.523722171783447,6.689748764038086,3.5593719482421875,3.6193718910217285,0.2040741297096748,0,0,1,True,0.0002047536804639094,0.00021247166841931175,0.0003607498715821029,0.0003607611131032198,34.45043902681189,44.61301551601138,59.16432328278005,59.166601739983356,60.9945136934832,90.0,90.0,90.0,1.0101326317160813,1.393955405098647,1.479202663588377,1.4792134005389648,,data/Nikolaisen2022_merrill_msh/PLAG190.msh,126125,0.12028217315673828,gmsh,149564,0.14263534545898438,981,3518,11.477001,11.57938,6.523721999999999,6.689749,3.559372,3.619371836189734,8.938308228716506e-09,9.848728989468659e-08,1.9382372894265192e-07,3.010751681444377e-07,0.16662295601805902,0.5674961936195229,0.8087374394795486,0.9862747404509971,1.0008259831386372,1.2941097044190912,2.065201586940481,3.320890984695969,1.0141466038636175,1.5244772371387936,2.4059245285508335,3.9091650146267747,13.356457823220298,49.85045855751825,67.24722819162851,82.01573076028744,-1.0,-1.0,-1.0,-1.0,0.0032451935470037517,0.010270258330272675,0.014549270537098372,0.017428333068842977,3.2451935470037516e-09,1.0270258330272675e-08,1.4549270537098371e-08,1.7428333068842976e-08,1.1477001e-05,1.157938e-05,6.523721999999999e-06,6.6897489999999995e-06,3.5593720000000002e-06,3.619371836189734e-06,136120,282528,94176,225152,3767040,6757524.0,6.444477081298828,0.006293434649705887,6.44 MiB,Screening estimate; calibrate with real Merrill.jl runs.,ok,gmsh,,,,
PLAG189,PLAG,data/Nikolaisen2022/Plag Binary meshes/PLAG189-binary.stl,Plag Binary meshes,25641,0.024453163146972656,ascii,0.0001354744807144,0.0637215440734112,57,0,00_smallest,um,1e-06,0.009,9e-09,data/Nikolaisen2022/Plag Binary meshes/PLAG189-binary.stl,25641,82,158,0.03914401400853533,0.007287941803249918,27.16146469116211,27.222890853881836,8.453781127929688,8.619807243347168,14.819372177124023,14.999371528625488,0.25246308840707143,8,5,1,False,0.00020474879875109764,0.00020754335491801612,0.000360744254220975,0.00036075548898968916,34.44980179266129,43.94092501044982,59.16479472061512,59.16546225162776,60.99449031283514,90.0,90.0,90.0,1.0101326346934139,1.3946602889786297,1.4639931274490585,1.479224314564088,,data/Nikolaisen2022_merrill_msh/PLAG189.msh,95521,0.0910959243774414,pymeshfix_gmsh,121119,0.1155080795288086,841,2565,27.18194007873535,27.22289085388184,8.453781127929688,8.619807243347168,14.81937217712402,14.99937152862549,8.720409586836624e-09,6.594573081641744e-08,1.4947751731474244e-07,2.610834173281446e-07,0.13335755950175096,0.5324010630357313,0.7886530201799364,0.9814214857983684,1.001099020602567,1.3289245044988667,2.1862410235957315,6.187584745600769,1.0263719175694617,1.5726495159681881,2.527094319441569,6.1186799610929254,10.973747796876737,48.855086823730666,66.86371910051193,79.52922751826335,-1.0,-1.0,-1.0,-1.0,0.0019944431932015995,0.008918689276638178,0.013625596170637995,0.016240062622513214,1.9944431932015996e-09,8.918689276638178e-09,1.3625596170637994e-08,1.6240062622513215e-08,2.718194007873535e-05,2.7222890853881838e-05,8.453781127929687e-06,8.619807243347168e-06,1.481937217712402e-05,1.499937152862549e-05,102264,242208,80736,164160,3229440,5728212.0,5.462848663330078,0.005334813147783279,5.46 MiB,Screening estimate; calibrate with real Merrill.jl runs.,ok,gmsh;pymeshfix_gmsh,gmsh: ValueError: zero-size array to reduction operation maximum which has no identity,,,
PLAG188,PLAG,data/Nikolaisen2022/Plag Binary meshes/PLAG188-binary.stl,Plag Binary meshes,25962,0.024759292602539062,ascii,0.0004076382105487,0.0919938415231561,58,0,00_smallest,um,1e-06,0.009,9e-09,data/Nikolaisen2022/Plag Binary meshes/PLAG188-binary.stl,25962,84,163,0.04068340001508279,0.0013750558022350323,23.782957077026367,23.967239379882812,6.523722171783447,6.648241996765137,5.659371852874756,5.719371795654297,0.23035873565613568,2,1,1,False,0.0002047536804639094,0.00021247166841931175,0.0003607498715821029,0.00036077235479761076,35.39006918509901,44.61301551601138,59.165105107197775,59.16817326110164,60.9945136934832,90.0,90.0,90.0,1.0101326317160813,1.393955405098647,1.4639686612477332,1.463988377108634,,data/Nikolaisen2022_merrill_msh/PLAG188.msh,160874,0.15342140197753906,pymeshfix_gmsh,205870,0.1963329315185547,1218,4522,23.78295707702637,23.96723937988281,6.54447603225708,6.648241996765138,5.659371852874755,5.719371795654298,1.3167165775205894e-08,8.9637175828437e-08,1.8007971959246685e-07,3.4107825699450086e-07,0.17887466436171065,0.5662341258986143,0.7980675262205091,0.9889336616102103,1.0004401135914542,1.295379868703789,2.023199556819208,3.3260949273764644,1.0100670473873978,1.5295917908378796,2.3793369532972735,3.994560473962923,11.66888138667241,49.80296253155009,67.02531684801922,81.16757205303183,-1.0,-1.0,-1.0,-1.0,0.004058499399831709,0.009952634600124551,0.014168345051773024,0.016775626539633243,4.058499399831709e-09,9.952634600124551e-09,1.4168345051773023e-08,1.6775626539633243e-08,2.378295707702637e-05,2.3967239379882808e-05,6.54447603225708e-06,6.648241996765137e-06,5.659371852874755e-06,5.7193717956542975e-06,173936,350784,116928,289408,4677120,8412264.0,8.022560119628906,0.007834531366825104,8.02 MiB,Screening estimate; calibrate with real Merrill.jl runs.,ok,gmsh;pymeshfix_gmsh,gmsh: ValueError: zero-size array to reduction operation maximum which has no identity,,,
PLAG187,PLAG,data/Nikolaisen2022/Plag Binary meshes/PLAG187-binary.stl,Plag Binary meshes,26127,0.024916648864746094,ascii,0.000382560693624,0.090067320210991,59,0,00_smallest,um,1e-06,0.009,9e-09,data/Nikolaisen2022/Plag Binary meshes/PLAG187-binary.stl,26127,83,161,0.04082425858362798,0.0012412796046336577,16.595951080322266,16.69832992553711,14.43073844909668,14.617517471313477,5.099371910095215,5.159371852874756,0.22128674660118222,2,1,1,False,0.0002047536804639094,0.00021247166841931175,0.00036074988070083404,0.00036077235479761076,34.44921098410805,44.61301551601138,59.165109053640805,59.16817326110164,60.9945136934832,90.0,90.0,90.0,1.0101326317160813,1.393955405098647,1.479192083562634,1.4792344341757253,,data/Nikolaisen2022_merrill_msh/PLAG187.msh,159474,0.1520862579345703,pymeshfix_gmsh,203880,0.19443511962890625,1206,4484,16.59595108032227,16.69832992553711,14.45149040222168,14.61751747131348,5.099371910095214,5.159371852874757,7.557061384279345e-10,8.571459823323369e-08,1.720572903323909e-07,3.069299274751981e-07,0.010985097087843655,0.563546080869264,0.8016630450559308,0.9468914868552553,1.0077583432385544,1.3021062469352143,2.1164732887828706,556.2519970518887,1.0548151975255395,1.5386494093645968,2.475096524428954,88.75557725615741,0.6428798077883815,50.174942070022844,67.06099588943414,81.53885278626552,-1.0,-1.0,-1.0,-1.0,0.003971266320495136,0.009817991321286877,0.014018645019389986,0.017552103022903262,3.971266320495136e-09,9.817991321286877e-09,1.4018645019389984e-08,1.7552103022903262e-08,1.659595108032227e-05,1.6698329925537108e-05,1.4451490402221679e-05,1.4617517471313479e-05,5.099371910095214e-06,5.159371852874756e-06,172432,347328,115776,286976,4631040,8330328.0,7.944419860839844,0.00775822252035141,7.94 MiB,Screening estimate; calibrate with real Merrill.jl runs.,ok,gmsh;pymeshfix_gmsh,gmsh: Exception: Invalid boundary mesh (overlapping facets) on surface 2 surface 6,,,
PLAG186,PLAG,data/Nikolaisen2022/Plag Binary meshes/PLAG186-binary.stl,Plag Binary meshes,26775,0.025534629821777344,ascii,0.0003567320702635,0.0879929431368576,60,0,00_smallest,um,1e-06,0.009,9e-09,data/Nikolaisen2022/Plag Binary meshes/PLAG186-binary.stl,26775,85,165,0.042640373626038404,0.003673136953716609,19.790176391601562,19.872079849243164,14.181697845458984,14.409984588623047,8.01937198638916,8.099371910095215,0.25538794268931103,4,3,1,False,0.000204787400434725,0.00021249146084301174,0.00036075548898968916,0.0003607892076581378,35.38913754399767,43.94492121952579,59.16546225162776,59.16935114219168,60.992173012993774,90.0,90.0,90.0,1.0101086831570603,1.394654158484773,1.4639526885089464,1.4640026286372831,,data/Nikolaisen2022_merrill_msh/PLAG186.msh,142646,0.13603782653808594,pymeshfix_gmsh,181645,0.17323017120361328,1124,3965,19.79017639160156,19.87207984924317,14.2024507522583,14.40998458862305,8.01937198638916,8.099371910095215,1.238479534614057e-08,9.071529889070897e-08,1.952557809393314e-07,3.200097068740653e-07,0.13688452608146626,0.5445822024844695,0.7899101258444035,0.9773656139980568,1.000810095257205,1.3184827722642494,2.1286557506154398,4.687332227306971,1.0149457326374134,1.5637321251232543,2.438754669106127,4.520421054216125,14.08433289435707,49.53809138125015,67.02748772050397,84.1932369117769,-1.0,-1.0,-1.0,-1.0,0.0034824713906292507,0.010001218351078305,0.014780277462132067,0.018434514696521062,3.4824713906292504e-09,1.0001218351078303e-08,1.4780277462132067e-08,1.8434514696521062e-08,1.979017639160156e-05,1.987207984924317e-05,1.42024507522583e-05,1.440998458862305e-05,8.01937198638916e-06,8.099371910095214e-06,153856,323712,107904,253760,4316160,7733088.0,7.374847412109375,0.0072019994258880615,7.37 MiB,Screening estimate; calibrate with real Merrill.jl runs.,ok,gmsh;pymeshfix_gmsh,gmsh: Exception: Invalid boundary mesh (overlapping facets) on surface 3 surface 16,,,
PLAG184,PLAG,data/Nikolaisen2022/Plag Binary meshes/PLAG184-binary.stl,Plag Binary meshes,26937,0.025689125061035156,ascii,0.0002815260249781,0.0813154947383054,61,0,00_smallest,um,1e-06,0.009,9e-09,data/Nikolaisen2022/Plag Binary meshes/PLAG184-binary.stl,26937,85,166,0.0425121527063096,0.0003229583601703539,21.407764434814453,21.632997512817383,13.102524757385254,13.185538291931152,5.7393717765808105,5.79937219619751,0.24742925594734522,0,0,1,True,0.0002047536804639094,0.00021247166841931175,0.0003607498715821029,0.0003607779723713267,35.38975863716515,44.32774165145066,59.16506958921053,59.16703377057601,60.99449031283514,90.0,90.0,90.0,1.0101326346934139,1.3941744924291908,1.4639931274490585,1.4639931274490585,,data/Nikolaisen2022_merrill_msh/PLAG184.msh,128058,0.12212562561035156,gmsh,156114,0.1488819122314453,1060,3508,21.407764,21.632998,13.102525,13.185538,5.739371999999999,5.799372000000001,1.2163429055785083e-08,8.280350308132853e-08,1.7852596863787757e-07,3.519715342162867e-07,0.17450861392506087,0.5337760792472728,0.7763704373484022,0.9691817672871468,1.002036997941016,1.3382485345169772,2.059576510977272,3.96854079618582,1.0295979911006792,1.587559932268193,2.392725130828453,4.050548469261598,12.39269332869691,49.49522797703548,67.96028741564228,81.77744084665379,-1.0,-1.0,-1.0,-1.0,0.0038501378350785953,0.009700514631451754,0.014577963346379298,0.017344411594201498,3.8501378350785955e-09,9.700514631451754e-09,1.4577963346379297e-08,1.7344411594201496e-08,2.1407764e-05,2.1632998e-05,1.3102524999999999e-05,1.3185537999999998e-05,5.739371999999998e-06,5.799372000000001e-06,137696,305280,101760,224512,4070400,7259472.0,6.9231719970703125,0.006760910153388977,6.92 MiB,Screening estimate; calibrate with real Merrill.jl runs.,ok,gmsh,,,,
PLAG185,PLAG,data/Nikolaisen2022/Plag Binary meshes/PLAG185-binary.stl,Plag Binary meshes,26937,0.025689125061035156,ascii,0.0003078596026586,0.0837756926829327,62,1,01_small,um,1e-06,0.009,9e-09,data/Nikolaisen2022/Plag Binary meshes/PLAG185-binary.stl,26937,85,166,0.04168429134508772,0.0003541172464720251,23.0048770904541,23.20963478088379,9.865006446838379,9.927267074584961,15.219371795654297,15.299371719360352,0.22847775679587012,0,0,1,True,0.00020474879875109764,0.00021247166841931175,0.00036075548898968916,0.0003607779723713267,34.44980179266129,44.32774165145066,59.16471640478044,59.16703377057601,60.99449031283514,90.0,90.0,90.0,1.0101326346934139,1.3941744924291908,1.4639931274490585,1.479224314564088,,data/Nikolaisen2022_merrill_msh/PLAG185.msh,115939,0.11056804656982422,voxel,115939,0.11056804656982422,897,3240,23.013778686523438,23.20963478088379,9.865006446838379,9.927267074584961,15.219371795654297,15.299371719360352,1.1728112677781659e-07,1.1730628765495993e-07,1.1733142292122412e-07,1.1733142292122412e-07,0.4083792697365941,0.5768239296807454,0.706312739524363,0.7063487419202399,1.3660261495524204,1.3937874953826404,1.6055607239673368,1.6055783401786394,1.3664654397107807,1.7070340867796165,1.9664022623867623,1.9664238377512082,35.226758415574764,54.70665528597272,59.96807584514676,59.96807584514676,-1.0,-1.0,-1.0,-1.0,0.00888824462890625,0.012574596998971892,0.015407008434787019,0.015408109150866186,8.88824462890625e-09,1.2574596998971891e-08,1.5407008434787017e-08,1.5408109150866186e-08,2.3013778686523436e-05,2.320963478088379e-05,9.865006446838378e-06,9.92726707458496e-06,1.5219371795654296e-05,1.529937171936035e-05,125208,258336,86112,207360,3444480,6182244.0,5.895847320556641,0.005757663398981094,5.90 MiB,Screening estimate; calibrate with real Merrill.jl runs.,ok,gmsh;pymeshfix_gmsh;voxel,gmsh: Exception: Invalid boundary mesh (overlapping facets) on surface 14 surface 20 | pymeshfix_gmsh: Exception: Wrong topology of boundary mesh for parametrization,0.009,540.0,897.0
PLAG183,PLAG,data/Nikolaisen2022/Plag Binary meshes/PLAG183-binary.stl,Plag Binary meshes,27261,0.02599811553955078,ascii,0.0004275236177801,0.0934660372020625,63,1,01_small,um,1e-06,0.009,9e-09,data/Nikolaisen2022/Plag Binary meshes/PLAG183-binary.stl,27261,87,168,0.044189339983944725,0.003559994964640601,13.422203063964844,13.606485366821289,8.744327545166016,8.868847846984863,11.67937183380127,11.739372253417969,0.23035911760838018,4,2,1,False,0.0002047392622444022,0.00021249146084301174,0.0003607667305938688,0.0003607779723713267,34.44980179266129,44.61301551601138,59.16548789094651,59.16703377057601,60.99373314760741,90.0,90.0,90.0,1.0101251340138815,1.393955405098647,1.4791986645084598,1.479224314564088,,data/Nikolaisen2022_merrill_msh/PLAG183.msh,170142,0.1622600555419922,pymeshfix_gmsh,219795,0.20961284637451172,1290,4781,13.44267845153809,13.60648536682129,8.744327545166016,8.868847846984865,11.67937183380127,11.73937225341797,2.1075128786475294e-09,8.86580702784717e-08,1.8751177441609026e-07,3.97983714416012e-07,0.008509379138735644,0.5599540328744939,0.7985866604534856,0.9696060697004334,1.004711368028029,1.30026125623705,2.127220507113467,2962.5510466547,1.0375295194983212,1.5385693227768331,2.4873928306783846,101.70820598876952,0.7670088366125555,49.68164196018208,67.57554894190334,83.67133605847046,-1.0,-1.0,-1.0,-1.0,0.0037137554649240654,0.010011011234440101,0.014369181994489121,0.017470349756966635,3.7137554649240654e-09,1.0011011234440101e-08,1.436918199448912e-08,1.7470349756966633e-08,1.344267845153809e-05,1.360648536682129e-05,8.744327545166015e-06,8.868847846984865e-06,1.1679371833801269e-05,1.173937225341797e-05,183952,371520,123840,305984,4953600,8908344.0,8.495658874511719,0.00829654186964035,8.50 MiB,Screening estimate; calibrate with real Merrill.jl runs.,ok,gmsh;pymeshfix_gmsh,gmsh: Exception: Wrong topology of triangulation for parametrization: one edge is incident to 3 triangles,,,
PLAG182,PLAG,data/Nikolaisen2022/Plag Binary meshes/PLAG182-binary.stl,Plag Binary meshes,28425,0.027108192443847656,ascii,0.0003762916415321,0.0895726280225599,64,1,01_small,um,1e-06,0.009,9e-09,data/Nikolaisen2022/Plag Binary meshes/PLAG182-binary.stl,28425,88,172,0.044509409841694186,0.0030257344868421295,13.217445373535156,13.422203063964844,13.123278617858887,13.206292152404785,14.379371643066406,14.479372024536133,0.24252223609804038,3,3,1,False,0.00020474879875109764,0.00021247166841931175,0.00036075549404576153,0.0003607779723713267,34.45042416714881,44.327058820313106,59.16548000192535,59.16703377057601,60.99449031283514,90.0,90.0,90.0,1.0101326346934139,1.3941751588452869,1.4708325433124223,1.4792136550338595,,data/Nikolaisen2022_merrill_msh/PLAG182.msh,175714,0.1675739288330078,pymeshfix_gmsh,228794,0.21819496154785156,1359,4911,13.21744537353516,13.42220306396484,13.12327861785888,13.20629215240479,14.3793716430664,14.47937202453613,6.108242862367872e-09,7.759595670905053e-08,1.7003771449727745e-07,3.542824062820641e-07,0.018362749897293373,0.5466131645594091,0.7925917242877776,0.9510329381999401,1.0033876244478555,1.31883926798315,2.223631938430004,622.8133170396094,1.0263122074118387,1.5615616544896684,2.5769444878979018,41.49014992896963,2.3797309518815526,48.60079011474891,67.14766519253232,82.98315739552297,-1.0,-1.0,-1.0,-1.0,0.0030824660108446757,0.009610565009895815,0.013970067092319313,0.02018291953041442,3.0824660108446757e-09,9.610565009895814e-09,1.3970067092319312e-08,2.018291953041442e-08,1.321744537353516e-05,1.342220306396484e-05,1.312327861785888e-05,1.320629215240479e-05,1.4379371643066398e-05,1.4479372024536128e-05,189768,391392,130464,314304,5218560,9366732.0,8.932811737060547,0.00872344896197319,8.93 MiB,Screening estimate; calibrate with real Merrill.jl runs.,ok,gmsh;pymeshfix_gmsh,gmsh: Exception: Wrong topology of triangulation for parametrization: one edge is incident to 3 triangles,,,
PLAG181,PLAG,data/Nikolaisen2022/Plag Binary meshes/PLAG181-binary.stl,Plag Binary meshes,28719,0.027388572692871094,ascii,0.0004344165789377,0.0939656789894343,65,1,01_small,um,1e-06,0.009,9e-09,data/Nikolaisen2022/Plag Binary meshes/PLAG181-binary.stl,28719,91,177,0.042949836360736474,0.0018508828653386058,26.710996627807617,26.895278930664062,11.4630126953125,11.546026229858398,9.319372177124023,9.379371643066406,0.21083441364551675,2,1,1,False,0.00020474879875109764,0.00021247166841931175,0.000360744254220975,0.0003607779723713267,34.45042416714881,44.61301551601138,59.16467692102466,59.166248488915194,60.99449031283514,90.0,90.0,90.0,1.0101326346934139,1.393955405098647,1.4639737687760097,1.4792136550338595,,data/Nikolaisen2022_merrill_msh/PLAG181.msh,161602,0.1541156768798828,pymeshfix_gmsh,207771,0.19814586639404297,1233,4533,26.71099662780762,26.87480354309082,11.4630126953125,11.5460262298584,9.319372177124022,9.379371643066408,1.1456945600371244e-08,9.522397894162905e-08,1.9652640824315814e-07,3.5445419604679315e-07,0.07169327756156403,0.556905326930381,0.8036038194605659,0.9811110186266063,1.0010535668409797,1.3053652158068658,2.120376800690555,32.088224295423636,1.020585391110948,1.5418301998537307,2.457687425308494,9.888893821170244,9.073150756276695,49.52387608212232,66.9764184156905,81.1856154420067,-1.0,-1.0,-1.0,-1.0,0.0036495250748978954,0.010108183632143265,0.01475752121889188,0.018472524671934037,3.6495250748978953e-09,1.0108183632143263e-08,1.4757521218891879e-08,1.8472524671934035e-08,2.6710996627807618e-05,2.6874803543090818e-05,1.14630126953125e-05,1.15460262298584e-05,9.319372177124021e-06,9.379371643066408e-06,174648,355104,118368,290112,4734720,8509428.0,8.115222930908203,0.007925022393465042,8.12 MiB,Screening estimate; calibrate with real Merrill.jl runs.,ok,gmsh;pymeshfix_gmsh,gmsh: Exception: Invalid boundary mesh (overlapping facets) on surface 6 surface 7,,,
PLAG180,PLAG,data/Nikolaisen2022/Plag Binary meshes/PLAG180-binary.stl,Plag Binary meshes,29043,0.02769756317138672,ascii,0.0005292896911068,0.100360990226057,66,1,01_small,um,1e-06,0.009,9e-09,data/Nikolaisen2022/Plag Binary meshes/PLAG180-binary.stl,29043,91,179,0.04682543409690379,0.001840454268924544,23.06630516052246,23.23011016845703,5.7558488845825195,5.901122093200684,12.399372100830078,12.459371566772461,0.22701612647570307,3,4,1,False,0.00020474879875109764,0.0002124816965078935,0.0003607504353808134,0.00036078359104281164,34.448262609097725,44.61433184461598,59.16546225162776,59.16703377057601,60.99449031283514,90.0,90.0,90.0,1.0101326346934139,1.3939546678003747,1.463988556278136,1.4792506797935838,,data/Nikolaisen2022_merrill_msh/PLAG180.msh,189294,0.1805248260498047,pymeshfix_gmsh,245640,0.23426055908203125,1396,5359,23.06630516052246,23.23011016845703,5.75584888458252,5.901122093200684,12.39937210083008,12.45937156677246,5.234806966120957e-09,9.647699460320454e-08,2.043171798424326e-07,3.935626588106453e-07,0.03273468975446386,0.5543234411123733,0.8033285938891601,0.9928021930616284,1.0001768330183851,1.309571453606954,2.3272433158842736,59.79177091403949,1.008986601318389,1.5481847437003395,2.6837711356639806,14.764091309756838,5.792759884695283,49.631134408161564,67.10348256160967,81.44690680642223,-1.0,-1.0,-1.0,-1.0,0.0016211208925070524,0.010333493508418065,0.014796135300561224,0.025363734231574838,1.6211208925070524e-09,1.0333493508418066e-08,1.4796135300561223e-08,2.5363734231574837e-08,2.306630516052246e-05,2.323011016845703e-05,5.7558488845825205e-06,5.901122093200683e-06,1.2399372100830079e-05,1.245937156677246e-05,204992,402048,134016,342976,5360640,9667008.0,9.21917724609375,0.009003102779388428,9.22 MiB,Screening estimate; calibrate with real Merrill.jl runs.,ok,gmsh;pymeshfix_gmsh,gmsh: Exception: Wrong topology of triangulation for parametrization: one edge is incident to 3 triangles,,,
PLAG179,PLAG,data/Nikolaisen2022/Plag Binary meshes/PLAG179-binary.stl,Plag Binary meshes,30573,0.02915668487548828,ascii,0.0004484517452846,0.0949669227042816,67,1,01_small,um,1e-06,0.009,9e-09,data/Nikolaisen2022/Plag Binary meshes/PLAG179-binary.stl,30573,98,192,0.04543989908141022,0.0004773505967503859,25.052457809448242,25.175312042236328,1.9994980096817017,2.1862781047821045,5.259372234344482,5.29937219619751,0.22711222641660747,0,0,1,True,0.0002047536804639094,0.00021247410927571764,0.000360738634821562,0.00036077516410649795,34.449055406897266,44.614002756717504,59.16506958921053,59.16664113262965,60.995270544327674,90.0,90.0,90.0,1.010140617789955,1.3939548518925715,1.4639785188313361,1.4792370990823347,,data/Nikolaisen2022_merrill_msh/PLAG179.msh,172354,0.1643695831298828,gmsh,214382,0.2044506072998047,1300,4850,25.052458,25.17531200000001,1.999498,2.186278000000001,5.259371999999999,5.299372000000001,1.0488607847620443e-08,9.304171387895305e-08,1.7794849728947846e-07,3.424349816531442e-07,0.1370538835265441,0.5654722102682603,0.7987686809978398,0.9773940860057813,1.0005658947007057,1.2946025391620197,2.086383877095326,5.249885495449859,1.0119501737085685,1.5321908929949564,2.4246986086748135,4.0436381730939495,12.707756781164155,50.25002498919207,66.83527285831863,81.38534777281043,-1.0,-1.0,-1.0,-1.0,0.0037010742007768677,0.009962468191473034,0.014243302020932679,0.017132906882823526,3.7010742007768674e-09,9.962468191473034e-09,1.4243302020932678e-08,1.7132906882823525e-08,2.5052458e-05,2.517531200000001e-05,1.999498e-06,2.186278000000001e-06,5.259371999999999e-06,5.2993720000000005e-06,186400,374400,124800,310400,4992000,8982000.0,8.565902709960938,0.008365139365196228,8.57 MiB,Screening estimate; calibrate with real Merrill.jl runs.,ok,gmsh,,,,
PLAG178,PLAG,data/Nikolaisen2022/Plag Binary meshes/PLAG178-binary.stl,Plag Binary meshes,30825,0.029397010803222656,ascii,0.0002555305101236,0.0787314131292121,68,1,01_small,um,1e-06,0.009,9e-09,data/Nikolaisen2022/Plag Binary meshes/PLAG178-binary.stl,30825,101,190,0.04601875826960514,0.0063544646034981245,21.489667892456055,21.551095962524414,11.379999160766602,11.753559112548828,9.61937141418457,9.67937183380127,0.3833020945964719,13,5,1,False,0.0002075239221994707,0.00021247166841931175,0.00036075549516933315,0.0003607779723713267,35.38975863716515,44.61301551601138,59.16546225162776,59.16703377057601,60.99449031283514,90.0,90.0,90.0,1.0101326346934139,1.393955405098647,1.45581380789501,1.4639931274490585,,data/Nikolaisen2022_merrill_msh/PLAG178.msh,108071,0.10306453704833984,voxel,108071,0.10306453704833984,874,2982,21.489667892456055,21.551095962524414,11.424470901489258,11.709087371826172,9.61937141418457,9.67937183380127,1.1146717380135691e-07,1.1150381164920509e-07,1.1151576788034911e-07,1.1151576788034911e-07,0.41207509980624457,0.5683731562843859,0.6892786977759858,0.6892786977759858,1.3665592070438677,1.3927196791043561,1.615884314245607,1.6159259382459992,1.3800902011353309,1.705726284269199,1.9790460266344216,1.9790970054154282,34.57704467985116,53.916505493527204,58.99804088836849,58.999818405168085,-1.0,-1.0,-1.0,-1.0,0.008570671081542969,0.01226660129738721,0.015152178020629983,0.015152737824351562,8.570671081542969e-09,1.226660129738721e-08,1.5152178020629983e-08,1.515273782435156e-08,2.1489667892456053e-05,2.1551095962524413e-05,1.1424470901489258e-05,1.1709087371826172e-05,9.61937141418457e-06,9.67937183380127e-06,116400,251712,83904,190848,3356160,5998536.0,5.720649719238281,0.005586571991443634,5.72 MiB,Screening estimate; calibrate with real Merrill.jl runs.,ok,gmsh;pymeshfix_gmsh;voxel,gmsh: Exception: Wrong topology of triangulation for parametrization: one edge is incident to 3 triangles | pymeshfix_gmsh: Exception: Wrong topology of boundary mesh for parametrization,0.009,497.0,874.0
PLAG177,PLAG,data/Nikolaisen2022/Plag Binary meshes/PLAG177-binary.stl,Plag Binary meshes,30900,0.029468536376953125,ascii,0.0004270945348056,0.0934347577529594,69,1,01_small,um,1e-06,0.009,9e-09,data/Nikolaisen2022/Plag Binary meshes/PLAG177-binary.stl,30900,96,187,0.046307049634004366,0.0013380752257527663,19.544466018676758,19.605894088745117,14.326971054077148,14.534503936767578,11.779372215270996,11.879371643066406,0.23841810071706462,2,1,1,False,0.00020474879875109764,0.0002124521415680647,0.00036075548898968916,0.0003607779723713267,34.44981838010005,43.94219106381195,59.16471640478044,59.16856589390032,60.99373345506567,90.0,90.0,90.0,1.010124648649406,1.394658344241152,1.4639590019994253,1.4792240304577058,,data/Nikolaisen2022_merrill_msh/PLAG177.msh,151416,0.14440155029296875,voxel,151416,0.14440155029296875,1114,4290,19.544466018676758,19.605894088745117,14.326971054077148,14.534503936767578,11.78846263885498,11.879371643066406,1.1993830673998987e-07,1.199769657213879e-07,1.1998964693539504e-07,1.1998964693539504e-07,0.40509565436957923,0.5672930359249496,0.6919789752769601,0.6919789752769601,1.3665527915275608,1.3956038619815136,1.598841336587141,1.5988413365871412,1.3806790496459023,1.7092586724561534,1.9581727271539744,1.9581727271539748,34.976745183901045,55.01886462057006,60.71037349425962,60.713990010330775,-1.0,-1.0,-1.0,-1.0,0.0087738037109375,0.012586597999598586,0.01552660492535313,0.015527163296123648,8.7738037109375e-09,1.2586597999598586e-08,1.552660492535313e-08,1.5527163296123648e-08,1.9544466018676757e-05,1.9605894088745117e-05,1.4326971054077147e-05,1.4534503936767578e-05,1.178846263885498e-05,1.1879371643066406e-05,164016,320832,106944,274560,4277760,7716168.0,7.358711242675781,0.007186241447925568,7.36 MiB,Screening estimate; calibrate with real Merrill.jl runs.,ok,gmsh;pymeshfix_gmsh;voxel,gmsh: Exception: Wrong topology of boundary mesh for parametrization | pymeshfix_gmsh: Exception: Wrong topology of boundary mesh for parametrization,0.009,715.0,1114.0
PLAG176,PLAG,data/Nikolaisen2022/Plag Binary meshes/PLAG176-binary.stl,Plag Binary meshes,31050,0.029611587524414062,ascii,0.0004921343697551,0.0979553945048908,70,1,01_small,um,1e-06,0.009,9e-09,data/Nikolaisen2022/Plag Binary meshes/PLAG176-binary.stl,31050,100,195,0.04891060462855463,4.451371817534036e-05,24.069618225097656,24.23342514038086,2.248538017272949,2.393810987472534,2.959372043609619,3.039371967315674,0.23310282957995718,2,1,1,False,0.0002047536804639094,0.0002124816965078935,0.0003607526807982293,0.00036077516410649795,34.44967771784042,44.61433184461598,59.16506958921053,59.16664113262965,60.995270544327674,90.0,90.0,90.0,1.010140617789955,1.3939546678003747,1.463983940870843,1.4792264397106363,,data/Nikolaisen2022_merrill_msh/PLAG176.msh,180530,0.1721668243408203,pymeshfix_gmsh,235812,0.22488784790039062,1399,5043,24.06961822509766,24.23342514038086,2.248538017272949,2.393810987472534,2.959372043609619,3.039371967315674,8.475386181600043e-09,9.270319627469397e-08,1.9844762853369077e-07,3.5908747267039874e-07,0.05397315063411535,0.5460958074195316,0.7963777738099428,0.9889383900745244,1.000440534887256,1.3117522420912142,2.160145406484719,8.088932581471898,1.016062483928917,1.554337840080006,2.4873437759631245,6.140357797953435,10.682321523623596,49.70116139867459,67.07155736607001,79.84195100660236,-1.0,-1.0,-1.0,-1.0,0.002496663177391583,0.010160543321633965,0.014578887493044411,0.018758648832861196,2.4966631773915828e-09,1.0160543321633965e-08,1.457888749304441e-08,1.8758648832861196e-08,2.4069618225097657e-05,2.423342514038086e-05,2.248538017272949e-06,2.3938109874725343e-06,2.959372043609619e-06,3.0393719673156736e-06,194952,402912,134304,322752,5372160,9640620.0,9.194011688232422,0.008978527039289474,9.19 MiB,Screening estimate; calibrate with real Merrill.jl runs.,ok,gmsh;pymeshfix_gmsh,gmsh: ValueError: zero-size array to reduction operation maximum which has no identity,,,
PLAG175,PLAG,data/Nikolaisen2022/Plag Binary meshes/PLAG175-binary.stl,Plag Binary meshes,32445,0.03094196319580078,ascii,0.0006609443641062,0.108074216017045,71,1,01_small,um,1e-06,0.009,9e-09,data/Nikolaisen2022/Plag Binary meshes/PLAG175-binary.stl,32445,101,200,0.05064891758108795,0.0006912370723490928,18.52067756652832,18.66400718688965,11.608285903930664,11.732806205749512,8.61937141418457,8.699371337890625,0.20603075845842517,0,1,1,True,0.00020474879875109764,0.00021247166841931175,0.00036075548898968916,0.0003607667372703575,34.44980179266129,44.61301551601138,59.16546225162776,59.16703377057601,60.99449031283514,90.0,90.0,90.0,1.0101326346934139,1.393955405098647,1.4639836269373365,1.479224314564088,,data/Nikolaisen2022_merrill_msh/PLAG175.msh,244650,0.23331642150878906,gmsh,313713,0.2991800308227539,1745,6987,18.520678,18.664007,11.608286,11.732806,8.619370999999997,8.699371,7.353575502137438e-10,9.244417398505224e-08,1.8404332928904878e-07,3.2744884492700765e-07,0.016674551204977857,0.5759884382819185,0.8065536056833537,0.9629586060916845,1.002281461319621,1.2873032009006473,2.099312456209546,514.7309631882298,1.0313593888812387,1.522046318122974,2.4527756365451445,60.83252444357882,1.4769706827597775,49.780685292421275,66.88526889009556,80.88439813891317,-1.0,-1.0,-1.0,-1.0,0.0026224625053881943,0.010018537015682675,0.014226202448526529,0.02098315273089767,2.622462505388194e-09,1.0018537015682674e-08,1.4226202448526529e-08,2.0983152730897668e-08,1.8520678e-05,1.8664007000000002e-05,1.1608285999999999e-05,1.1732806e-05,8.619370999999996e-06,8.699370999999999e-06,265464,502560,167520,447168,6700800,12125268.0,11.563556671142578,0.011292535811662674,11.56 MiB,Screening estimate; calibrate with real Merrill.jl runs.,ok,gmsh,,,,
PLAG174,PLAG,data/Nikolaisen2022/Plag Binary meshes/PLAG174-binary.stl,Plag Binary meshes,33276,0.031734466552734375,ascii,0.0006350559560582,0.106644334987632,72,1,01_small,um,1e-06,0.009,9e-09,data/Nikolaisen2022/Plag Binary meshes/PLAG174-binary.stl,33276,107,209,0.0540201902996814,0.002110836543885127,8.037067413330078,8.221349716186523,10.798906326293945,10.923426628112793,7.9993720054626465,8.07937240600586,0.23635849212204338,2,1,1,False,0.00020472949927352602,0.00021248156463116175,0.0003607667333294247,0.0003607892076581378,34.44729928410998,44.61301551601138,59.16571390244386,59.167819029164136,60.992172706015516,90.0,90.0,90.0,1.0101091684924066,1.393955405098647,1.4639785188313361,1.4792671833471656,,data/Nikolaisen2022_merrill_msh/PLAG174.msh,233002,0.22220802307128906,pymeshfix_gmsh,304678,0.29056358337402344,1686,6630,8.037067413330078,8.221349716186523,10.79890632629394,10.92342662811279,7.999372005462646,8.079372406005861,1.47013798349504e-08,9.548230095800595e-08,1.9421256798403111e-07,3.3277791475962624e-07,0.11753790575249796,0.5779416601568603,0.8124779558327156,0.9642671332875825,1.0043528368845396,1.284417908241112,2.082272593475627,4.505979298450562,1.029130652079125,1.518257792087097,2.423995888569137,5.428731990467881,13.60079719014206,49.69876936399195,66.63427172096607,81.44077397015333,-1.0,-1.0,-1.0,-1.0,0.0038556012063720203,0.010125604000854795,0.01446359295596048,0.017995425775126438,3.85560120637202e-09,1.0125604000854796e-08,1.446359295596048e-08,1.7995425775126438e-08,8.037067413330079e-06,8.221349716186522e-06,1.079890632629394e-05,1.0923426628112788e-05,7.999372005462646e-06,8.07937240600586e-06,252624,485568,161856,424320,6474240,11697912.0,11.155998229980469,0.010894529521465302,11.16 MiB,Screening estimate; calibrate with real Merrill.jl runs.,ok,gmsh;pymeshfix_gmsh,gmsh: ValueError: zero-size array to reduction operation maximum which has no identity,,,
PLAG173,PLAG,data/Nikolaisen2022/Plag Binary meshes/PLAG173-binary.stl,Plag Binary meshes,33579,0.03202342987060547,ascii,0.0005019330451091,0.0986012427640289,73,1,01_small,um,1e-06,0.009,9e-09,data/Nikolaisen2022/Plag Binary meshes/PLAG173-binary.stl,33579,106,207,0.05255429657810773,0.0017825834500402947,10.187026977539062,10.39178466796875,9.823500633239746,9.927267074584961,13.739372253417969,13.799371719360352,0.23726171636595905,2,1,1,False,0.00020474879875109764,0.0002124816965078935,0.000360744254220975,0.0003607779723713267,34.44980179266129,44.61301551601138,59.16470455965371,59.166248488915194,60.99449031283514,90.0,90.0,90.0,1.0101326346934139,1.393955405098647,1.4791918293676452,1.479224314564088,,data/Nikolaisen2022_merrill_msh/PLAG173.msh,204834,0.1953449249267578,pymeshfix_gmsh,267932,0.2555198669433594,1543,5767,10.18702697753906,10.39178466796875,9.823500633239746,9.927267074584961,13.73937225341797,13.79937171936035,7.488072951379295e-09,8.922124696988964e-08,1.7954119326562608e-07,2.847583537507725e-07,0.09226739881905963,0.5637794463347274,0.7980534841241077,0.9469870493758671,1.0049239203603015,1.2922736247109583,2.1190495725339944,23.339162985640947,1.049125815554183,1.5242501185391504,2.48187496991428,8.350997223180087,10.242490598115154,49.26791492739292,66.7890313760698,80.69731791395002,-1.0,-1.0,-1.0,-1.0,0.003119335993084161,0.009925158125452638,0.014176684621665731,0.01790280443732245,3.119335993084161e-09,9.925158125452637e-09,1.417668462166573e-08,1.790280443732245e-08,1.0187026977539061e-05,1.039178466796875e-05,9.823500633239746e-06,9.92726707458496e-06,1.373937225341797e-05,1.379937171936035e-05,221576,444384,148128,369088,5925120,10662444.0,10.168498992919922,0.009930174797773361,10.17 MiB,Screening estimate; calibrate with real Merrill.jl runs.,ok,gmsh;pymeshfix_gmsh,gmsh: ValueError: zero-size array to reduction operation maximum which has no identity,,,
PLAG172,PLAG,data/Nikolaisen2022/Plag Binary meshes/PLAG172-binary.stl,Plag Binary meshes,33593,0.032036781311035156,ascii,0.0007007966733278,0.110204112918967,74,1,01_small,um,1e-06,0.009,9e-09,data/Nikolaisen2022/Plag Binary meshes/PLAG172-binary.stl,33593,107,210,0.053875967314808856,0.000733733761764811,8.303253173828125,8.467060089111328,13.600605010986328,13.72512435913086,9.919371604919434,10.01937198638916,0.2287746704751824,0,0,1,True,0.00020474879875109764,0.00021247166841931175,0.00036075548898968916,0.0003607779723713267,34.45042416714881,44.32774165145066,59.16546225162776,59.16703377057601,60.99449031283514,90.0,90.0,90.0,1.0101326346934139,1.3941744924291908,1.4639931274490585,1.4792136550338595,,data/Nikolaisen2022_merrill_msh/PLAG172.msh,258566,0.24658775329589844,gmsh,330521,0.31520938873291016,1861,7368,8.303253,8.46706,13.600605,13.725124,9.919371999999997,10.019372,6.173074043772421e-09,9.331429903263473e-08,1.8716092749225152e-07,2.9564886478712817e-07,0.13179509687980878,0.5758905344070725,0.809023898452125,0.9786542572717275,1.0017918692196104,1.2838222017058376,2.1036294599532273,7.658968392586726,1.032744359809234,1.514163301354265,2.443793152691683,4.139382814883143,12.078306086659339,50.09129027193984,66.96586652954119,82.98209586002517,-1.0,-1.0,-1.0,-1.0,0.0033716357681634213,0.010024021892104874,0.014344711794207442,0.02132126872833714,3.3716357681634214e-09,1.0024021892104873e-08,1.4344711794207442e-08,2.132126872833714e-08,8.303252999999999e-06,8.46706e-06,1.3600604999999999e-05,1.3725123999999999e-05,9.919371999999997e-06,1.0019372e-05,280440,535968,178656,471552,7146240,12919284.0,12.320789337158203,0.012032020837068558,12.32 MiB,Screening estimate; calibrate with real Merrill.jl runs.,ok,gmsh,,,,
PLAG171,PLAG,data/Nikolaisen2022/Plag Binary meshes/PLAG171-binary.stl,Plag Binary meshes,33753,0.032189369201660156,ascii,0.0005945181214509,0.104325103644478,75,1,01_small,um,1e-06,0.009,9e-09,data/Nikolaisen2022/Plag Binary meshes/PLAG171-binary.stl,33753,108,212,0.052350437180158506,0.000637419138840681,4.576656818389893,4.719987869262695,13.704371452331543,13.870397567749023,9.339371681213379,9.399372100830078,0.22739505601287927,0,0,1,True,0.00020474403049774992,0.00021247180075079086,0.0003607554935611831,0.0003607667305938688,34.449187774232996,44.61368260839613,59.16585514036257,59.16624802309894,60.994111733273925,90.0,90.0,90.0,1.0101288842680125,1.3939550311346791,1.4639641339417198,1.4792348317382649,,data/Nikolaisen2022_merrill_msh/PLAG171.msh,231910,0.22116661071777344,gmsh,294255,0.2806234359741211,1674,6603,4.576657,4.719988000000001,13.704371,13.870398,9.339371999999997,9.399372000000001,1.2394008311952117e-08,9.227729899487282e-08,1.7296786457749433e-07,3.1057463283977745e-07,0.13432702730316795,0.5820920868114138,0.8101039784049517,0.987455451030873,1.0008157103362498,1.2752775750293166,2.091438471672856,6.357013020037649,1.0131126147460172,1.509317846361601,2.4311557021261185,4.0431177452943725,12.96082730571993,50.11346667314386,66.74155019707293,81.09680047657739,-1.0,-1.0,-1.0,-1.0,0.002990215017208846,0.009948772730093966,0.014076169478032769,0.017123822402375633,2.990215017208846e-09,9.948772730093966e-09,1.4076169478032769e-08,1.712382240237563e-08,4.576657e-06,4.719988e-06,1.3704371e-05,1.3870398e-05,9.339371999999997e-06,9.399372e-06,251472,482112,160704,422592,6428160,11617560.0,11.079368591308594,0.010819695889949799,11.08 MiB,Screening estimate; calibrate with real Merrill.jl runs.,ok,gmsh,,,,
PLAG170,PLAG,data/Nikolaisen2022/Plag Binary meshes/PLAG170-binary.stl,Plag Binary meshes,33870,0.03230094909667969,ascii,0.000602438229653,0.104786330898684,76,1,01_small,um,1e-06,0.009,9e-09,data/Nikolaisen2022/Plag Binary meshes/PLAG170-binary.stl,33870,105,205,0.05581761569545313,0.0014309572306150725,16.595951080322266,16.75975799560547,13.870397567749023,13.994917869567871,14.959371566772461,15.11937141418457,0.26064911707418786,4,3,1,False,0.0002047390353254741,0.00029154813145568914,0.00036076673515312863,0.0003607892076581378,34.44919606749968,44.32774165145066,59.166090684161205,59.167819029164136,60.99292988461106,90.0,90.0,90.0,1.0101166691413204,1.3941744924291908,1.4640026286372831,1.4792346896825654,,data/Nikolaisen2022_merrill_msh/PLAG170.msh,248710,0.23718833923339844,pymeshfix_gmsh,328017,0.3128213882446289,1853,7024,16.59595108032227,16.75975799560547,13.87039756774902,13.99491786956787,14.95937156677246,15.11937141418457,6.485399645302891e-09,8.504096749120421e-08,1.798773139547182e-07,3.291339380548797e-07,0.07910441467943498,0.5510645161647884,0.7986138279775239,0.9882525353145859,1.0004596516210567,1.3168451020572318,2.1843195780471385,28.50534198944751,1.0132875297940933,1.5564493457769375,2.533158332937776,13.176776331726064,5.084653047245372,49.08232740294301,66.9214413615436,83.80998365183615,-1.0,-1.0,-1.0,-1.0,0.002495222688759663,0.009873013797273894,0.014163226540766728,0.02412338075240662,2.495222688759663e-09,9.873013797273894e-09,1.4163226540766727e-08,2.4123380752406618e-08,1.659595108032227e-05,1.6759757995605468e-05,1.3870397567749019e-05,1.399491786956787e-05,1.495937156677246e-05,1.511937141418457e-05,269240,533664,177888,449536,7115520,12818772.0,12.224933624267578,0.011938411742448807,12.22 MiB,Screening estimate; calibrate with real Merrill.jl runs.,ok,gmsh;pymeshfix_gmsh,gmsh: ValueError: zero-size array to reduction operation maximum which has no identity,,,
PLAG169,PLAG,data/Nikolaisen2022/Plag Binary meshes/PLAG169-binary.stl,Plag Binary meshes,33912,0.03234100341796875,ascii,0.0002592874654216,0.0791153888026828,77,1,01_small,um,1e-06,0.009,9e-09,data/Nikolaisen2022/Plag Binary meshes/PLAG169-binary.stl,33912,109,213,0.05524523741711143,0.0018251780780780351,5.948535919189453,6.276147842407227,13.144031524658203,13.247797966003418,8.799371719360352,8.879371643066406,0.3528413728247763,6,5,1,False,0.00020474403049774992,0.00021248156463116175,0.0003607498749183434,0.00036076111644303666,34.45011714047594,44.61234840830084,59.16506954293493,59.16624802309894,60.994111733273925,90.0,90.0,90.0,1.0101288842680125,1.3939557797166227,1.4639932633691919,1.4792189134431564,,data/Nikolaisen2022_merrill_msh/PLAG169.msh,111095,0.10594844818115234,voxel,111095,0.10594844818115234,988,2976,5.948535919189453,6.276147842407227,13.144031524658203,13.221856117248535,8.799371719360352,8.879371643066406,1.1656494150700618e-07,1.1658355712350528e-07,1.165964151313495e-07,1.165964151313495e-07,0.40765182126349453,0.5555237329039702,0.6807186402105794,0.6807556365511267,1.3670218738265212,1.3949549549440952,1.6056454543687833,1.60565861862378,1.3845852115412272,1.7084639268900652,1.9665060355113846,1.9665221583651777,34.25690471466905,53.67072431720031,60.07926886608291,60.08011248700384,-1.0,-1.0,-1.0,-1.0,0.008646965026855469,0.012401122959219385,0.015381996204367353,0.015382532331108175,8.646965026855469e-09,1.2401122959219385e-08,1.5381996204367352e-08,1.5382532331108173e-08,5.948535919189453e-06,6.276147842407226e-06,1.3144031524658202e-05,1.3221856117248534e-05,8.799371719360352e-06,8.879371643066406e-06,118944,284544,94848,190464,3793920,6724080.0,6.4125823974609375,0.006262287497520447,6.41 MiB,Screening estimate; calibrate with real Merrill.jl runs.,ok,gmsh;pymeshfix_gmsh;voxel,gmsh: Exception: Wrong topology of triangulation for parametrization: one edge is incident to 3 triangles | pymeshfix_gmsh: Exception: Wrong topology of boundary mesh for parametrization,0.009,496.0,988.0
PLAG167,PLAG,data/Nikolaisen2022/Plag Binary meshes/PLAG167-binary.stl,Plag Binary meshes,34230,0.03264427185058594,ascii,0.000433426738466,0.0938942561742799,78,1,01_small,um,1e-06,0.009,9e-09,data/Nikolaisen2022/Plag Binary meshes/PLAG167-binary.stl,34230,110,215,0.055104170299776954,0.0014973547731385126,21.059675216674805,21.121103286743164,9.44994068145752,9.761240005493164,5.719371795654297,5.79937219619751,0.3272319376595857,2,1,1,False,0.00020475856217672117,0.0002124816965078935,0.00036075548898968916,0.0003607779723713267,35.39006918509901,44.61301551601138,59.16546225162776,59.16703377057601,60.99449031283514,90.0,90.0,90.0,1.0101326346934139,1.393955405098647,1.4639785188313361,1.463988377108634,,data/Nikolaisen2022_merrill_msh/PLAG167.msh,185962,0.17734718322753906,pymeshfix_gmsh,243659,0.23237133026123047,1461,5175,21.0596752166748,21.12110328674317,9.44994068145752,9.761240005493164,5.719371795654296,5.799372196197511,9.701778601196405e-09,8.763289497334332e-08,1.8042955557001647e-07,3.6027280117856495e-07,0.14510118698541966,0.5527597894548805,0.7958975708548208,0.9356289998014424,1.0051316929038596,1.3141542291882624,2.166736840995113,5.782945170421445,1.0342305033776484,1.5505939420165302,2.5249138285277666,3.997961917259694,13.292192398688044,49.30467962913634,67.4204720326909,80.41052582713478,-1.0,-1.0,-1.0,-1.0,0.003644106690383853,0.00989435968354955,0.014416037900283191,0.017828785763201335,3.644106690383853e-09,9.89435968354955e-09,1.441603790028319e-08,1.7828785763201333e-08,2.10596752166748e-05,2.1121103286743172e-05,9.449940681457519e-06,9.761240005493163e-06,5.719371795654296e-06,5.7993721961975106e-06,200664,420768,140256,331200,5610240,10054692.0,9.58890151977539,0.009364161640405655,9.59 MiB,Screening estimate; calibrate with real Merrill.jl runs.,ok,gmsh;pymeshfix_gmsh,gmsh: ValueError: zero-size array to reduction operation maximum which has no identity,,,
PLAG168,PLAG,data/Nikolaisen2022/Plag Binary meshes/PLAG168-binary.stl,Plag Binary meshes,34230,0.03264427185058594,ascii,0.0007156780561439,0.110978715275274,79,1,01_small,um,1e-06,0.009,9e-09,data/Nikolaisen2022/Plag Binary meshes/PLAG168-binary.stl,34230,109,215,0.05650944991915822,0.0020846682313898288,7.607076168060303,7.79135799407959,10.38383960723877,10.508359909057617,9.239372253417969,9.339371681213379,0.24385442896422688,1,2,1,False,0.00020474403049774992,0.00021248156463116175,0.00036075549419053754,0.0003607667372703575,34.449187774232996,44.32840863663338,59.165069821995466,59.166248488915194,60.994111733273925,90.0,90.0,90.0,1.0101288842680125,1.3941738424621095,1.4792077453030243,1.4792348317382649,,data/Nikolaisen2022_merrill_msh/PLAG168.msh,258874,0.24688148498535156,pymeshfix_gmsh,339912,0.32416534423828125,1869,7371,7.607076168060303,7.79135799407959,10.38383960723877,10.50835990905762,9.239372253417969,9.33937168121338,3.740844699471257e-09,9.676962330555748e-08,1.9538354614575922e-07,3.0879380420078353e-07,0.06547338099891568,0.5709346446337344,0.8055867710160095,0.9994752057732492,1.0004667423020137,1.2863229793300741,2.1008689142003547,16.588175752162414,1.0104039601311017,1.5182945432912431,2.4423627309742697,14.59668133612941,5.408271229901889,49.6054180085623,66.795037039687,82.78744941627559,-1.0,-1.0,-1.0,-1.0,0.0033166035947480694,0.010168780787724808,0.014454478063663876,0.018281793532694057,3.3166035947480692e-09,1.0168780787724808e-08,1.4454478063663875e-08,1.8281793532694056e-08,7.607076168060302e-06,7.79135799407959e-06,1.0383839607238769e-05,1.050835990905762e-05,9.239372253417968e-06,9.33937168121338e-06,280728,538272,179424,471744,7176960,12970692.0,12.369815826416016,0.01207989826798439,12.37 MiB,Screening estimate; calibrate with real Merrill.jl runs.,ok,gmsh;pymeshfix_gmsh,gmsh: Exception: Wrong topology of triangulation for parametrization: one edge is incident to 3 triangles,,,
PLAG166,PLAG,data/Nikolaisen2022/Plag Binary meshes/PLAG166-binary.stl,Plag Binary meshes,35025,0.033402442932128906,ascii,0.0004390552199316,0.0942989464966172,80,1,01_small,um,1e-06,0.009,9e-09,data/Nikolaisen2022/Plag Binary meshes/PLAG166-binary.stl,35025,112,220,0.0554496425051346,0.000492929096244823,19.62636947631836,19.728748321533203,8.16323471069336,8.433027267456055,9.11937141418457,9.199371337890625,0.299448558896268,0,0,1,True,0.00020474879875109764,0.00021247166841931175,0.00036075548898968916,0.0003607667372703575,34.44984819799493,44.61301551601138,59.16546225162776,59.16703377057601,60.99449031283514,90.0,90.0,90.0,1.0101326346934139,1.393955405098647,1.463983286949876,1.4792235197440629,,data/Nikolaisen2022_merrill_msh/PLAG166.msh,197750,0.18858909606933594,gmsh,253675,0.24192333221435547,1558,5499,19.626369,19.728748,8.163235,8.433027,9.119370999999997,9.199371000000001,9.0549669279975e-09,8.267061454564597e-08,1.6791513490033796e-07,3.1455957302268097e-07,0.1254961887272011,0.5547970481881622,0.7949180248516055,0.9994750466642672,1.0004668838890585,1.3074363812643581,2.0557270679531032,3.3198862388344503,1.0104209845889045,1.5418577226158467,2.386206016138675,3.9674348860146686,11.75898301071785,50.21282836716354,67.314915368001,81.61937619172299,-1.0,-1.0,-1.0,-1.0,0.003504480162621723,0.009734174432852403,0.013942100682299499,0.017231413644460986,3.5044801626217227e-09,9.734174432852403e-09,1.3942100682299499e-08,1.7231413644460984e-08,1.9626369e-05,1.9728747999999998e-05,8.163234999999999e-06,8.433027e-06,9.119370999999997e-06,9.199371000000001e-06,213360,448704,149568,351936,5982720,10719432.0,10.222846984863281,0.009983249008655548,10.22 MiB,Screening estimate; calibrate with real Merrill.jl runs.,ok,gmsh,,,,
PLAG165,PLAG,data/Nikolaisen2022/Plag Binary meshes/PLAG165-binary.stl,Plag Binary meshes,35184,0.0335540771484375,ascii,0.0004518893921174,0.0952089644270797,81,1,01_small,um,1e-06,0.009,9e-09,data/Nikolaisen2022/Plag Binary meshes/PLAG165-binary.stl,35184,112,221,0.057270791479652805,0.0062795912299978916,13.626960754394531,13.811243057250977,6.0463948249816895,6.1709160804748535,6.959372043609619,7.0593719482421875,0.2438554718315569,7,8,1,False,0.0002047536804639094,0.0002124816965078935,0.00036076111766603677,0.00036077235479761076,35.389746931669144,44.613673672650606,59.165109053640805,59.16664113262965,60.995270544327674,90.0,90.0,90.0,1.010140617789955,1.393955036139686,1.463988377108634,1.4639933065074122,,data/Nikolaisen2022_merrill_msh/PLAG165.msh,157324,0.15003585815429688,voxel,157324,0.15003585815429688,1199,4416,13.626960754394531,13.80202865600586,6.0463948249816895,6.1709160804748535,6.959372043609619,7.050281047821045,1.2415760228300446e-07,1.2417711092575258e-07,1.2417711092575258e-07,1.2417711092575258e-07,0.40751648411773606,0.5624952348085522,0.6898766141840728,0.6898766141840728,1.3665099811200483,1.3945675086826244,1.604345684862336,1.604345684862336,1.379344834308834,1.7079894040683883,1.9649141494743714,1.9649141494743714,34.60369709784949,53.96094328664141,60.1448838865483,60.14578471691273,-1.0,-1.0,-1.0,-1.0,0.008893966674804688,0.012718317335820375,0.015705438107886268,0.015705438107886268,8.893966674804687e-09,1.2718317335820374e-08,1.5705438107886267e-08,1.5705438107886267e-08,1.362696075439453e-05,1.3802028656005858e-05,6.046394824981689e-06,6.170916080474853e-06,6.959372043609619e-06,7.050281047821045e-06,170088,345312,115104,282624,4604160,8275932.0,7.892543792724609,0.007707562297582626,7.89 MiB,Screening estimate; calibrate with real Merrill.jl runs.,ok,gmsh;pymeshfix_gmsh;voxel,gmsh: Exception: Invalid boundary mesh (overlapping facets) on surface 31 surface 46 | pymeshfix_gmsh: Exception: Wrong topology of boundary mesh for parametrization,0.009,736.0,1199.0
PLAG164,PLAG,data/Nikolaisen2022/Plag Binary meshes/PLAG164-binary.stl,Plag Binary meshes,35979,0.03431224822998047,ascii,0.0002463904495367,0.0777812794160549,82,1,01_small,um,1e-06,0.009,9e-09,data/Nikolaisen2022/Plag Binary meshes/PLAG164-binary.stl,35979,117,226,0.05499427550622071,0.0003159450631768389,4.617609024047852,4.6790361404418945,13.974164962768555,14.409984588623047,9.419371604919434,9.5393705368042,0.45619270112740895,5,1,1,False,0.00020752356249431614,0.00021247180075079086,0.0003607554935611831,0.0003607667305938688,34.45010880363506,44.61368260839613,59.164323049797886,59.16624802309894,60.99486857797673,90.0,90.0,90.0,1.0101363852900807,1.3939550311346791,1.4639738559564173,1.47921905622987,,data/Nikolaisen2022_merrill_msh/PLAG164.msh,158494,0.1511516571044922,pymeshfix_gmsh,209787,0.20006847381591797,1380,4275,4.617609024047852,4.679036140441895,13.99491786956787,14.40998458862305,9.419371604919434,9.5393705368042,5.080051916813768e-09,6.646631537897974e-08,1.446398854872952e-07,3.4651197427515543e-07,0.18403679058921926,0.5403195266734987,0.7918170157190926,0.999474974032105,1.0004669485225923,1.3249980168756437,2.0378720180160874,3.68213939001434,1.0104115969526546,1.5650051706388066,2.3570481444631657,4.051764937520357,13.109537259286235,49.39144353906224,67.05759511384332,80.463897950777,-1.0,-1.0,-1.0,-1.0,0.0036053065044616282,0.008977772009717444,0.013344766459835636,0.019711459736876227,3.605306504461628e-09,8.977772009717444e-09,1.3344766459835635e-08,1.9711459736876227e-08,4.617609024047852e-06,4.679036140441895e-06,1.399491786956787e-05,1.440998458862305e-05,9.419371604919434e-06,9.539370536804198e-06,169920,397440,132480,273600,5299200,9408960.0,8.97308349609375,0.008762776851654053,8.97 MiB,Screening estimate; calibrate with real Merrill.jl runs.,ok,gmsh;pymeshfix_gmsh,gmsh: Exception: Invalid boundary mesh (overlapping facets) on surface 55 surface 56,,,
PLAG163,PLAG,data/Nikolaisen2022/Plag Binary meshes/PLAG163-binary.stl,Plag Binary meshes,36861,0.03515338897705078,ascii,0.0006425833003957,0.107064034319921,83,1,01_small,um,1e-06,0.009,9e-09,data/Nikolaisen2022/Plag Binary meshes/PLAG163-binary.stl,36861,120,236,0.058270217863870266,0.0006969016500275773,8.426107406616211,8.548961639404297,6.502968788146973,6.7105021476745605,5.819372177124023,5.8793721199035645,0.24852213375131088,0,0,1,True,0.0002047536804639094,0.00021247166841931175,0.0003607498715821029,0.00036077235479761076,34.45043902681189,44.61301551601138,59.16506958921053,59.16817326110164,60.9945136934832,90.0,90.0,90.0,1.0101326317160813,1.393955405098647,1.4639834478832743,1.4792134005389648,,data/Nikolaisen2022_merrill_msh/PLAG163.msh,252770,0.2410602569580078,gmsh,322163,0.3072385787963867,1834,7188,8.426106999999998,8.548962,6.502969,6.710502,5.819372,5.879372000000001,1.2407459819508796e-08,9.194172093430144e-08,1.7670120899342984e-07,3.123860015690332e-07,0.10191323919608823,0.5797869114932988,0.8055789246387507,0.9773643844199603,1.0008106423533416,1.2817565545234064,2.1056496830694718,6.798948169757365,1.0149603960852487,1.514300412224686,2.4532245420480834,4.2209038774657035,13.630752000824067,50.007807843066374,66.56661493289535,79.7016972084338,-1.0,-1.0,-1.0,-1.0,0.0033679722942504806,0.009938854363424253,0.01414057397966745,0.02100592413832953,3.3679722942504804e-09,9.938854363424253e-09,1.414057397966745e-08,2.1005924138329528e-08,8.426106999999998e-06,8.548961999999998e-06,6.502969e-06,6.710502e-06,5.819372e-06,5.879372000000001e-06,274032,528192,176064,460032,7042560,12721320.0,12.131996154785156,0.01184765249490738,12.13 MiB,Screening estimate; calibrate with real Merrill.jl runs.,ok,gmsh,,,,
PLAG162,PLAG,data/Nikolaisen2022/Plag Binary meshes/PLAG162-binary.stl,Plag Binary meshes,37728,0.035980224609375,ascii,0.0007144500188755,0.110915202534702,84,1,01_small,um,1e-06,0.009,9e-09,data/Nikolaisen2022/Plag Binary meshes/PLAG162-binary.stl,37728,121,237,0.06156566563367054,0.00034523306153792023,14.875984191894531,15.06026554107666,7.893441200256348,8.038714408874512,7.4393720626831055,7.5593719482421875,0.26356003743510725,2,1,1,False,0.0002047441437298403,0.00021247655013212352,0.00036076111766603677,0.00036077797342578215,34.44983329645115,44.32705882826191,59.16506958921053,59.16664113262965,60.9945136934832,90.0,90.0,90.0,1.0101326317160813,1.394175158499121,1.4792059394104156,1.479223774973854,,data/Nikolaisen2022_merrill_msh/PLAG162.msh,271810,0.2592182159423828,pymeshfix_gmsh,358836,0.3422126770019531,1993,7709,14.87598419189453,15.06026554107666,7.893441200256348,8.038714408874512,7.439372062683104,7.559371948242188,6.5847629739662195e-09,9.25616559773067e-08,1.933837677857126e-07,3.303377572859551e-07,0.11789996572928914,0.5700706520558979,0.8032505339817466,0.9889134422841699,1.000434996048784,1.2952533255844791,2.1792347412734308,7.559692018517969,1.0135504068880545,1.5298778123559875,2.556206580841305,4.6354004865276,11.408225511434683,49.47063545931483,66.71931682048927,81.61380688033677,-1.0,-1.0,-1.0,-1.0,0.002962430312533642,0.010147533154533123,0.014380809475752434,0.01779058897732834,2.962430312533642e-09,1.0147533154533122e-08,1.4380809475752433e-08,1.7790588977328338e-08,1.4875984191894529e-05,1.5060265541076659e-05,7.893441200256348e-06,8.038714408874511e-06,7.439372062683103e-06,7.559371948242188e-06,294520,573984,191328,493376,7653120,13809492.0,13.169757843017578,0.012861091643571854,13.17 MiB,Screening estimate; calibrate with real Merrill.jl runs.,ok,gmsh;pymeshfix_gmsh,gmsh: ValueError: zero-size array to reduction operation maximum which has no identity,,,
PLAG161,PLAG,data/Nikolaisen2022/Plag Binary meshes/PLAG161-binary.stl,Plag Binary meshes,37953,0.036194801330566406,ascii,0.000743418869332,0.112394480920768,85,1,01_small,um,1e-06,0.009,9e-09,data/Nikolaisen2022/Plag Binary meshes/PLAG161-binary.stl,37953,119,234,0.06028782034027577,0.0007961489500831222,7.7299299240112305,7.832308769226074,12.770471572875977,12.978005409240723,11.699371337890625,11.779372215270996,0.24485069239318746,2,2,1,False,0.00020474403049774992,0.00021247661652523675,0.00036076307865417183,0.0003607779723713267,34.45011714047594,44.613664736491685,59.16562540200369,59.16703377057601,60.994111733273925,90.0,90.0,90.0,1.0101288842680125,1.39395504114504,1.4639736335523064,1.4792189134431564,,data/Nikolaisen2022_merrill_msh/PLAG161.msh,271054,0.2584972381591797,pymeshfix_gmsh,355768,0.33928680419921875,1935,7740,7.729929924011229,7.832308769226074,12.77047157287598,12.97800540924072,11.69937133789062,11.779372215271,1.1160448887225978e-08,9.847470798806286e-08,1.8674181862217738e-07,3.74495962028875e-07,0.170950944244499,0.5798899649517765,0.8054973919125762,0.9862564850858884,1.000697959463948,1.281200458754377,2.077594101931451,10.263932250283858,1.014140878492199,1.5144314410550859,2.412291549092472,4.270664084155505,13.844344865294534,50.102918327633915,66.50933585414718,82.2203170129611,-1.0,-1.0,-1.0,-1.0,0.0027695818799329404,0.010110388912292505,0.014470840881445079,0.018133297823290723,2.7695818799329404e-09,1.0110388912292505e-08,1.4470840881445078e-08,1.8133297823290723e-08,7.729929924011228e-06,7.832308769226074e-06,1.277047157287598e-05,1.297800540924072e-05,1.1699371337890619e-05,1.1779372215270999e-05,294120,557280,185760,495360,7430400,13444380.0,12.82155990600586,0.012521054595708847,12.82 MiB,Screening estimate; calibrate with real Merrill.jl runs.,ok,gmsh;pymeshfix_gmsh,gmsh: Exception: Wrong topology of triangulation for parametrization: one edge is incident to 3 triangles,,,
PLAG160,PLAG,data/Nikolaisen2022/Plag Binary meshes/PLAG160-binary.stl,Plag Binary meshes,38421,0.03664112091064453,ascii,0.0008220812228305,0.116226555915842,86,1,01_small,um,1e-06,0.009,9e-09,data/Nikolaisen2022/Plag Binary meshes/PLAG160-binary.stl,38421,125,246,0.06257203235436919,0.00038391663026676525,2.9385929107666016,3.1433520317077637,6.004889011383057,6.129408836364746,4.3793721199035645,4.459372043609619,0.25264891097141623,3,3,1,False,0.00020474891209687485,0.0002124693268115152,0.00036075549232100106,0.00036076392121891344,34.450600863119206,44.6133580072176,59.16565892924019,59.16565892924019,60.994891968109066,90.0,90.0,90.0,1.010136867356901,1.3939552130215795,1.4639787412453455,1.4792106288685394,,data/Nikolaisen2022_merrill_msh/PLAG160.msh,281974,0.26891136169433594,pymeshfix_gmsh,371564,0.3543510437011719,2027,8038,2.959069013595581,3.143352031707764,6.004889011383056,6.129408836364746,4.379372119903564,4.45937204360962,8.182437786822248e-09,9.802059334116992e-08,2.0618460147897082e-07,3.4274125777167604e-07,0.09871697459713154,0.5765222595394053,0.8134456345940162,0.999475411466068,1.0004665592612656,1.2831736239628677,2.0808195177871247,8.075725729483478,1.0104113835830202,1.5170250523796966,2.430538115453995,9.876794677387498,6.800800049664693,49.77729604477438,67.06645805570193,82.08835991658964,-1.0,-1.0,-1.0,-1.0,0.0032111646798668363,0.010262034773091249,0.014685553618357232,0.01841094006429309,3.211164679866836e-09,1.0262034773091248e-08,1.4685553618357232e-08,1.841094006429309e-08,2.959069013595581e-06,3.143352031707764e-06,6.004889011383055e-06,6.1294088363647455e-06,4.379372119903563e-06,4.45937204360962e-06,305864,583776,194592,514432,7783680,14073516.0,13.421550750732422,0.01310698315501213,13.42 MiB,Screening estimate; calibrate with real Merrill.jl runs.,ok,gmsh;pymeshfix_gmsh,gmsh: Exception: Invalid boundary mesh (overlapping facets) on surface 13 surface 17,,,
PLAG159,PLAG,data/Nikolaisen2022/Plag Binary meshes/PLAG159-binary.stl,Plag Binary meshes,39735,0.037894248962402344,ascii,0.0008131598277194,0.115804587594004,87,1,01_small,um,1e-06,0.009,9e-09,data/Nikolaisen2022/Plag Binary meshes/PLAG159-binary.stl,39735,125,245,0.06529474231807339,0.0013535658418406457,18.582103729248047,18.74591064453125,14.368476867675781,14.513750076293945,9.639371871948242,9.759371757507324,0.24967375346841703,2,1,1,False,0.00020474879875109764,0.00021249146084301174,0.00036075548898968916,0.0003607779723713267,34.448573760498284,44.32774165145066,59.16550169673353,59.16778062253444,60.99373345506567,90.0,90.0,90.0,1.010124648649406,1.3941744924291908,1.4639931274490585,1.4792453495867504,,data/Nikolaisen2022_merrill_msh/PLAG159.msh,288806,0.27542686462402344,pymeshfix_gmsh,381677,0.3639955520629883,2104,8205,18.58210372924805,18.74591064453125,14.36847686767578,14.51375007629395,9.639371871948242,9.759371757507326,1.1099314472722232e-08,9.658413611112417e-08,2.0397311359068714e-07,3.6939233500998366e-07,0.03301905671712041,0.575532068467828,0.8108774082958234,0.976801793904192,1.001158646815919,1.2769247267246213,2.084554699202492,74.17830958425482,1.024365434564597,1.5064311849613414,2.437680787067188,14.573397263338807,5.926445518443674,50.08250191482419,66.76079434030734,83.15766953228157,-1.0,-1.0,-1.0,-1.0,0.0029395991014822377,0.010228628527836642,0.014621941727808146,0.02942380278513715,2.9395991014822375e-09,1.0228628527836642e-08,1.4621941727808146e-08,2.942380278513715e-08,1.858210372924805e-05,1.874591064453125e-05,1.436847686767578e-05,1.451375007629395e-05,9.639371871948242e-06,9.759371757507325e-06,313056,605952,201984,525120,8079360,14588208.0,13.912399291992188,0.01358632743358612,13.91 MiB,Screening estimate; calibrate with real Merrill.jl runs.,ok,gmsh;pymeshfix_gmsh,gmsh: ValueError: zero-size array to reduction operation maximum which has no identity,,,
PLAG158,PLAG,data/Nikolaisen2022/Plag Binary meshes/PLAG158-binary.stl,Plag Binary meshes,39795,0.03795146942138672,ascii,0.0006808617009667,0.109149083748452,88,1,01_small,um,1e-06,0.009,9e-09,data/Nikolaisen2022/Plag Binary meshes/PLAG158-binary.stl,39795,127,250,0.06177757883091331,0.0033474400038100123,18.643531799316406,18.848289489746094,4.98797607421875,5.133248805999756,7.199371814727783,7.259372234344482,0.25812773726082944,7,7,1,False,0.0002047536804639094,0.00021247166841931175,0.00036075858476168035,0.0003607779723713267,34.45043902681189,44.613673672650606,59.165109053640805,59.16664113262965,60.99449031283514,90.0,90.0,90.0,1.0101326346934139,1.393955036139686,1.4639811314547908,1.4792134005389648,,data/Nikolaisen2022_merrill_msh/PLAG158.msh,221242,0.21099281311035156,pymeshfix_gmsh,288683,0.27530956268310547,1599,6297,18.70495796203613,18.84828948974609,4.98797607421875,5.133248805999756,7.199371814727782,7.259372234344484,3.5628527517982166e-09,1.0139499377293681e-07,1.9434649070795542e-07,3.5730062757546513e-07,0.09914807630968547,0.575835766054763,0.8028790796249698,0.9863387141953799,1.0008078921794832,1.283884919388415,2.072378452846379,5.925197933413564,1.0131325918808614,1.5185746042434498,2.4205241639595387,5.322163347338014,10.880172027269948,49.70989043906909,66.5035281766677,83.49696834367458,-1.0,-1.0,-1.0,-1.0,0.0027016263671309007,0.010286607731182092,0.014476845247473828,0.017837218328065188,2.7016263671309005e-09,1.0286607731182092e-08,1.4476845247473827e-08,1.7837218328065187e-08,1.870495796203613e-05,1.884828948974609e-05,4.987976074218749e-06,5.133248805999756e-06,7.199371814727782e-06,7.259372234344484e-06,239880,460512,153504,403008,6140160,11095596.0,10.581584930419922,0.010333579033613205,10.58 MiB,Screening estimate; calibrate with real Merrill.jl runs.,ok,gmsh;pymeshfix_gmsh,gmsh: Exception: Wrong topology of triangulation for parametrization: one edge is incident to 3 triangles,,,
PLAG157,PLAG,data/Nikolaisen2022/Plag Binary meshes/PLAG157-binary.stl,Plag Binary meshes,41067,0.03916454315185547,ascii,0.0008062857636182,0.115477344878909,89,1,01_small,um,1e-06,0.009,9e-09,data/Nikolaisen2022/Plag Binary meshes/PLAG157-binary.stl,41067,136,258,0.06626016799577432,0.01043696741286472,26.81337547302246,27.01813316345215,9.65747356414795,9.802746772766113,8.639371871948242,8.77937126159668,0.28745407639178017,22,14,1,False,0.00020474879875109764,0.00021247166841931175,0.00036075548898968916,0.0003607779723713267,34.44984819799493,44.61433184461598,59.16546225162776,59.16703377057601,60.99449031283514,90.0,90.0,90.0,1.0101326346934139,1.3939546678003747,1.463983269055799,1.4792235197440629,,data/Nikolaisen2022_merrill_msh/PLAG157.msh,233758,0.2229290008544922,pymeshfix_gmsh,306442,0.29224586486816406,1703,6640,26.85432815551758,26.99765777587891,9.65747356414795,9.802746772766113,8.63937187194824,8.73937225341797,1.2595671821420205e-08,9.827455835355975e-08,1.9666472169345228e-07,3.3853368973945975e-07,0.1365735026414841,0.5736674161383164,0.8079664338001906,0.9787648910897808,1.0005836923509603,1.282821828261254,2.1628707797083138,10.738550898090775,1.0144803379408172,1.5172178875706055,2.513797236149422,4.978305173561176,12.441075559644199,49.62873239405961,66.95155489802868,80.5420819469327,-1.0,-1.0,-1.0,-1.0,0.002665530651596438,0.010200886957064512,0.014534004677671892,0.019764680437703016,2.6655306515964377e-09,1.0200886957064512e-08,1.4534004677671892e-08,1.9764680437703014e-08,2.685432815551758e-05,2.699765777587891e-05,9.65747356414795e-06,9.802746772766113e-06,8.63937187194824e-06,8.73937225341797e-06,253352,490464,163488,424960,6539520,11807676.0,11.260677337646484,0.010996755212545395,11.26 MiB,Screening estimate; calibrate with real Merrill.jl runs.,ok,gmsh;pymeshfix_gmsh,gmsh: Exception: Wrong topology of triangulation for parametrization: one edge is incident to 3 triangles,,,
PLAG156,PLAG,data/Nikolaisen2022/Plag Binary meshes/PLAG156-binary.stl,Plag Binary meshes,41355,0.03943920135498047,ascii,0.0009172496964062,0.120548825878131,90,1,01_small,um,1e-06,0.009,9e-09,data/Nikolaisen2022/Plag Binary meshes/PLAG156-binary.stl,41355,131,255,0.06824694484288543,0.006134264649815899,22.656787872314453,22.882022857666016,8.142480850219727,8.246247291564941,14.839371681213379,14.939372062683105,0.2673917524342501,7,4,1,False,0.00020474879875109764,0.0002124816965078935,0.0003607555002254055,0.0003607779723713267,34.45042416714881,44.61433184461598,59.16546225162776,59.16703377057601,60.99449031283514,90.0,90.0,90.0,1.0101326346934139,1.3939546678003747,1.4639836269373365,1.4792136550338595,,data/Nikolaisen2022_merrill_msh/PLAG156.msh,290436,0.2769813537597656,voxel,290436,0.2769813537597656,1993,8376,22.66579818725586,22.87301254272461,8.142480850219727,8.246247291564941,14.839371681213379,14.939372062683105,1.1801700809087785e-07,1.1804199581226064e-07,1.1806739979673224e-07,1.1806739979673224e-07,0.40378211654465146,0.5623757102829234,0.6861558160503113,0.6861955418364859,1.3671060780572921,1.3966343835932802,1.5968655071044309,1.5968773808944927,1.3873196745114729,1.7105207985150221,1.9557528401282802,1.9557673824917623,34.81245054531261,53.49734087236013,60.98220614722235,60.98220614722235,-1.0,-1.0,-1.0,-1.0,0.008646965026855469,0.012487509968749429,0.015446409953618661,0.015447505094938651,8.646965026855469e-09,1.2487509968749428e-08,1.544640995361866e-08,1.544750509493865e-08,2.2665798187255858e-05,2.287301254272461e-05,8.142480850219726e-06,8.246247291564942e-06,1.4839371681213378e-05,1.4939372062683104e-05,315864,573984,191328,536064,7653120,13905540.0,13.261356353759766,0.012950543314218521,13.26 MiB,Screening estimate; calibrate with real Merrill.jl runs.,ok,gmsh;pymeshfix_gmsh;voxel,gmsh: Exception: Wrong topology of boundary mesh for parametrization | pymeshfix_gmsh: Exception: Wrong topology of boundary mesh for parametrization,0.009,1396.0,1993.0
PLAG155,PLAG,data/Nikolaisen2022/Plag Binary meshes/PLAG155-binary.stl,Plag Binary meshes,41625,0.039696693420410156,ascii,0.0007320058521364,0.111816349666482,91,1,01_small,um,1e-06,0.009,9e-09,data/Nikolaisen2022/Plag Binary meshes/PLAG155-binary.stl,41625,128,252,0.06514719570976027,0.0007748113954238614,12.910308837890625,13.053638458251953,15.074090957641602,15.260869979858398,14.0393705368042,14.159371376037598,0.2642536369284349,0,0,1,True,0.00020474879875109764,0.00021247166841931175,0.00036075548898968916,0.0003607892076581378,34.44980179266129,44.32637598917555,59.16582001782855,59.16856589390032,60.992173012993774,90.0,90.0,90.0,1.0101086831570603,1.3941758252613832,1.4639778832630788,1.479224314564088,,data/Nikolaisen2022_merrill_msh/PLAG155.msh,227296,0.216766357421875,voxel,227296,0.216766357421875,1646,6468,12.919266700744629,13.053638458251953,15.082984924316406,15.260869979858398,14.0393705368042,14.159371376037598,1.2256860213149395e-07,1.225812654853664e-07,1.2259479513759136e-07,1.2260746119763244e-07,0.40335396437127485,0.5772008034714075,0.6834095350892386,0.6834470016581492,1.3666183800616571,1.3963887764794078,1.5950189968994377,1.595033283628704,1.3766526673341555,1.7102199924619301,1.9534913362247421,1.9535088338231408,35.56111815219151,54.14114859472226,61.10594490807898,61.107678542445846,-1.0,-1.0,-1.0,-1.0,0.008893966674804688,0.012623230573972709,0.015638646560240357,0.015639751850611998,8.893966674804687e-09,1.2623230573972708e-08,1.5638646560240355e-08,1.5639751850612e-08,1.2919266700744628e-05,1.3053638458251952e-05,1.5082984924316405e-05,1.5260869979858396e-05,1.4039370536804199e-05,1.4159371376037596e-05,246480,474048,158016,413952,6320640,11419704.0,10.890678405761719,0.010635428130626678,10.89 MiB,Screening estimate; calibrate with real Merrill.jl runs.,ok,gmsh;pymeshfix_gmsh;voxel,gmsh: Exception: Wrong topology of boundary mesh for parametrization | pymeshfix_gmsh: Exception: Wrong topology of boundary mesh for parametrization,0.009,1078.0,1646.0
PLAG154,PLAG,data/Nikolaisen2022/Plag Binary meshes/PLAG154-binary.stl,Plag Binary meshes,41790,0.03985404968261719,ascii,0.0007835730553376,0.114382685927207,92,1,01_small,um,1e-06,0.009,9e-09,data/Nikolaisen2022/Plag Binary meshes/PLAG154-binary.stl,41790,129,253,0.06764596312101606,0.0007476285447177192,15.346927642822266,15.490259170532227,12.562938690185547,12.687458992004395,12.479372024536133,12.659371376037598,0.2616275959100571,2,1,1,False,0.00020472949927352602,0.0002915547390151206,0.0003607667372703575,0.0003607892076581378,34.449187774232996,44.32507386968824,59.16550123145944,59.167819029164136,60.99292957636011,90.0,90.0,90.0,1.010117156136064,1.3941770985995885,1.479180521833752,1.4792348317382653,,data/Nikolaisen2022_merrill_msh/PLAG154.msh,289730,0.2763080596923828,pymeshfix_gmsh,383058,0.3653125762939453,2121,8221,15.36740303039551,15.49025917053223,12.56293869018555,12.6874589920044,12.47937202453613,12.6593713760376,5.910468302379723e-09,9.422867985614558e-08,1.98701678225528e-07,3.362495125540372e-07,0.12872945172267095,0.5748487718630548,0.808944618965015,0.9712880007543538,1.0014670219567785,1.286061785302331,2.083641153195889,6.915078058149028,1.024719815923045,1.5178160292597624,2.440307424250508,6.5954395091850095,10.587842606257327,49.762723696292255,66.26071255724727,83.64263262938111,-1.0,-1.0,-1.0,-1.0,0.0038435313570923646,0.010097821318539354,0.014536918957373971,0.018213331246106843,3.843531357092365e-09,1.0097821318539354e-08,1.453691895737397e-08,1.821333124610684e-08,1.536740303039551e-05,1.549025917053223e-05,1.256293869018555e-05,1.26874589920044e-05,1.2479372024536128e-05,1.2659371376037599e-05,313976,610848,203616,526144,8144640,14698836.0,14.017902374267578,0.013689357787370682,14.02 MiB,Screening estimate; calibrate with real Merrill.jl runs.,ok,gmsh;pymeshfix_gmsh,gmsh: ValueError: zero-size array to reduction operation maximum which has no identity,,,
PLAG153,PLAG,data/Nikolaisen2022/Plag Binary meshes/PLAG153-binary.stl,Plag Binary meshes,42165,0.04021167755126953,ascii,0.0010819856995819,0.127372097173753,93,1,01_small,um,1e-06,0.009,9e-09,data/Nikolaisen2022/Plag Binary meshes/PLAG153-binary.stl,42165,132,260,0.0705308791859888,0.0011289240139502337,7.873260974884033,8.05754280090332,10.466853141784668,10.632880210876465,10.57937240600586,10.699371337890625,0.2755440486123765,0,0,1,True,0.00020474403049774992,0.00025200282839541225,0.00036075549565903127,0.0003607667305938688,34.449187774232996,44.61368260839613,59.16546227489475,59.16624802309894,60.994111733273925,90.0,90.0,90.0,1.0101288842680125,1.3939550311346791,1.4792139179543242,1.4792348317382653,,data/Nikolaisen2022_merrill_msh/PLAG153.msh,308524,0.2942314147949219,voxel,308524,0.2942314147949219,2099,8916,7.882474899291992,8.05754280090332,10.466853141784668,10.632880210876465,10.57937240600586,10.699371337890625,1.3072930882335304e-07,1.3074959301188904e-07,1.3076310159676474e-07,1.3076986882243347e-07,0.4080506185742025,0.5770214445683047,0.7062293794737241,0.7062293794737241,1.3660265892776589,1.3939195871218937,1.6047657122616965,1.6047657122616967,1.3666384572033092,1.7071958654598212,1.9654285758775822,1.9654285758775825,35.25876911683989,54.739830649016554,60.0436025405237,60.04787448976393,-1.0,-1.0,-1.0,-1.0,0.009213447570800781,0.013037539453717495,0.01597440654430443,0.015975232663754314,9.21344757080078e-09,1.3037539453717494e-08,1.597440654430443e-08,1.5975232663754314e-08,7.882474899291992e-06,8.05754280090332e-06,1.0466853141784668e-05,1.0632880210876465e-05,1.0579372406005859e-05,1.0699371337890625e-05,335688,604512,201504,570624,8060160,14658732.0,13.979656219482422,0.013652008026838303,13.98 MiB,Screening estimate; calibrate with real Merrill.jl runs.,ok,gmsh;pymeshfix_gmsh;voxel,gmsh: Exception: Wrong topology of boundary mesh for parametrization | pymeshfix_gmsh: Exception: Wrong topology of boundary mesh for parametrization,0.009,1486.0,2099.0
PLAG152,PLAG,data/Nikolaisen2022/Plag Binary meshes/PLAG152-binary.stl,Plag Binary meshes,42180,0.040225982666015625,ascii,0.0004942033499872,0.0980924738861744,94,1,01_small,um,1e-06,0.009,9e-09,data/Nikolaisen2022/Plag Binary meshes/PLAG152-binary.stl,42180,137,265,0.06256858770011571,0.0001774250255860439,8.241825103759766,8.323728561401367,14.908063888549805,15.260869979858398,2.8193719387054443,2.899372100830078,0.3709182394788171,7,2,1,False,0.0002047536804639094,0.00021247166841931175,0.0003607498715821029,0.0003607864054878452,34.45167546877683,44.32705882826191,59.16353748792633,59.16895898566561,60.99451338578494,90.0,90.0,90.0,1.0101326317160813,1.394175158499121,1.4558166515445452,1.4791922260912513,,data/Nikolaisen2022_merrill_msh/PLAG152.msh,193410,0.1844501495361328,pymeshfix_gmsh,254993,0.2431802749633789,1543,5359,8.241825103759766,8.323728561401367,14.94957160949707,15.2608699798584,2.819371938705444,2.899372100830079,2.102985184981755e-09,9.644592777331093e-08,1.9980384171029347e-07,3.198496341161423e-07,0.020904000555742097,0.5569313159816028,0.8072496636311234,0.9762389051981457,1.0031832150163278,1.2998056626772287,1.992322299765,417.6747847079463,1.027330543582368,1.535158444614622,2.3317421990628997,40.08662274174533,2.0515283801222237,50.432652168470604,67.30461928850762,82.23240679779686,-1.0,-1.0,-1.0,-1.0,0.0035901688932595587,0.010262663327465138,0.014645969178158915,0.018344218548582744,3.5901688932595586e-09,1.0262663327465138e-08,1.4645969178158914e-08,1.8344218548582743e-08,8.241825103759765e-06,8.323728561401367e-06,1.494957160949707e-05,1.52608699798584e-05,2.819371938705444e-06,2.899372100830079e-06,208520,444384,148128,342976,5925120,10603692.0,10.112468719482422,0.009875457733869553,10.11 MiB,Screening estimate; calibrate with real Merrill.jl runs.,ok,gmsh;pymeshfix_gmsh,gmsh: Exception: Wrong topology of triangulation for parametrization: one edge is incident to 3 triangles,,,
PLAG151,PLAG,data/Nikolaisen2022/Plag Binary meshes/PLAG151-binary.stl,Plag Binary meshes,43461,0.04144763946533203,ascii,0.0011028871420482,0.128187049199353,95,1,01_small,um,1e-06,0.009,9e-09,data/Nikolaisen2022/Plag Binary meshes/PLAG151-binary.stl,43461,136,268,0.07043264300981714,0.0011473434015907796,13.565532684326172,13.708864212036133,11.276232719421387,11.442259788513184,8.07937240600586,8.199371337890625,0.25001731572106806,0,0,1,True,0.00020474879875109764,0.00021249146084301174,0.0003607515568206392,0.0003607779723713267,34.448573760498284,44.32637598917555,59.16546225162776,59.166248488915194,60.99449031283514,90.0,90.0,90.0,1.0101326346934139,1.3941758252613832,1.4639898022699558,1.4792453495867504,,data/Nikolaisen2022_merrill_msh/PLAG151.msh,356007,0.33951473236083984,pymeshfix_gmsh,469836,0.4480705261230469,2462,10247,13.56553268432617,13.70886421203613,11.27623271942138,11.44225978851318,8.07937240600586,8.199371337890625,6.283744555422356e-09,1.0769583665041296e-07,2.0279066433597165e-07,3.584142828821547e-07,0.05305580188562966,0.5838890293656124,0.8159450804732334,0.9607809268831794,1.0033886565406254,1.2725242296013615,2.136301207084666,82.61003716456946,1.0328672042878122,1.501936305729055,2.477666898113884,16.851447489134454,3.9165466779428346,49.77735059983712,66.77569213159659,81.97878484415982,-1.0,-1.0,-1.0,-1.0,0.0033110361745487737,0.010488667093152675,0.014703483938922806,0.029498972763712522,3.3110361745487736e-09,1.0488667093152675e-08,1.4703483938922805e-08,2.949897276371252e-08,1.356553268432617e-05,1.3708864212036128e-05,1.1276232719421379e-05,1.1442259788513179e-05,8.079372406005859e-06,8.199371337890625e-06,386992,709056,236352,655808,9454080,17163432.0,16.368324279785156,0.01598469167947769,16.37 MiB,Screening estimate; calibrate with real Merrill.jl runs.,ok,gmsh;pymeshfix_gmsh,gmsh: Exception: Wrong topology of boundary mesh for parametrization,,,
PLAG150,PLAG,data/Nikolaisen2022/Plag Binary meshes/PLAG150-binary.stl,Plag Binary meshes,43611,0.04159069061279297,ascii,0.0006699257124309,0.108561543193176,96,1,01_small,um,1e-06,0.009,9e-09,data/Nikolaisen2022/Plag Binary meshes/PLAG150-binary.stl,43611,140,274,0.06885029642726433,0.005418915224013241,6.603761196136475,6.747091770172119,5.506809234619141,5.7558488845825195,11.699371337890625,11.759371757507324,0.2935378187924848,8,6,1,False,0.00020475379369599978,0.00021247661652523675,0.0003607518406446983,0.00036077797008604383,35.38912865971606,44.61368260839613,59.165069821995466,59.16624802309894,60.994111733273925,90.0,90.0,90.0,1.0101288842680125,1.3939550311346791,1.4639737113937452,1.46400276455011,,data/Nikolaisen2022_merrill_msh/PLAG150.msh,223314,0.2129688262939453,pymeshfix_gmsh,293931,0.28031444549560547,1700,6270,6.603761196136475,6.747091770172119,5.506809234619141,5.735095977783203,11.69937133789062,11.75937175750733,5.186586720258078e-09,1.0985797983790821e-07,2.1358525438048364e-07,3.5191971303711016e-07,0.12192236153165219,0.5560003152409665,0.7977432065131037,0.9421768109157371,1.0046846980141915,1.2978539310389707,2.1434034873449317,5.00394976576731,1.034947223388286,1.5411542888868144,2.507154879147435,5.839035074538852,9.6377462311082,49.98020041219899,66.57011086494772,81.40524162746495,-1.0,-1.0,-1.0,-1.0,0.0029585754010355634,0.010596498376549298,0.015124505279059926,0.018527191094782167,2.9585754010355632e-09,1.0596498376549297e-08,1.5124505279059927e-08,1.8527191094782165e-08,6.603761196136474e-06,6.7470917701721185e-06,5.50680923461914e-06,5.735095977783203e-06,1.1699371337890619e-05,1.1759371757507328e-05,241440,489600,163200,401280,6528000,11735280.0,11.191635131835938,0.010929331183433533,11.19 MiB,Screening estimate; calibrate with real Merrill.jl runs.,ok,gmsh;pymeshfix_gmsh,gmsh: ValueError: zero-size array to reduction operation maximum which has no identity,,,
PLAG149,PLAG,data/Nikolaisen2022/Plag Binary meshes/PLAG149-binary.stl,Plag Binary meshes,43770,0.04174232482910156,ascii,0.0009937134540894,0.123809560664968,97,1,01_small,um,1e-06,0.009,9e-09,data/Nikolaisen2022/Plag Binary meshes/PLAG149-binary.stl,43770,140,275,0.06966514593356898,0.002367471854836603,26.321956634521484,26.50623893737793,8.7235746383667,8.84809398651123,8.699371337890625,8.799371719360352,0.24385469341906144,2,1,1,False,0.00020474879875109764,0.00021247166841931175,0.00036075549236040406,0.0003607779723713267,34.44980179266129,44.61301551601138,59.16546225162776,59.16703377057601,60.99449031283514,90.0,90.0,90.0,1.0101326346934139,1.393955405098647,1.4639836269373365,1.479224314564088,,data/Nikolaisen2022_merrill_msh/PLAG149.msh,350939,0.33468151092529297,pymeshfix_gmsh,463113,0.44165897369384766,2431,10097,26.32195663452148,26.50623893737793,8.723574638366697,8.84809398651123,8.699371337890623,8.799371719360352,7.72092087011593e-09,9.918724236355605e-08,1.9200419875238893e-07,3.8753349230444126e-07,0.0404016678718567,0.5828526898459641,0.8101223678465763,0.9770854027031227,1.0011586468491163,1.2783041589857187,2.1298513968159574,80.66425857449069,1.0211660205069444,1.5107182686600842,2.472089410639249,15.326270465902011,4.5957835821294335,49.53423410915921,65.98903689684404,82.03767559612005,-1.0,-1.0,-1.0,-1.0,0.00276518524755349,0.010231194747612487,0.014506585609922417,0.018204481141891885,2.76518524755349e-09,1.0231194747612486e-08,1.4506585609922416e-08,1.8204481141891885e-08,2.632195663452148e-05,2.650623893737793e-05,8.723574638366697e-06,8.84809398651123e-06,8.699371337890624e-06,8.799371719360352e-06,381448,700128,233376,646208,9335040,16944300.0,16.159343719482422,0.015780609101057053,16.16 MiB,Screening estimate; calibrate with real Merrill.jl runs.,ok,gmsh;pymeshfix_gmsh,gmsh: ValueError: zero-size array to reduction operation maximum which has no identity,,,
PLAG148,PLAG,data/Nikolaisen2022/Plag Binary meshes/PLAG148-binary.stl,Plag Binary meshes,44037,0.04199695587158203,ascii,0.0009440652663514,0.121712298983285,98,1,01_small,um,1e-06,0.009,9e-09,data/Nikolaisen2022/Plag Binary meshes/PLAG148-binary.stl,44037,143,282,0.06949235459483753,0.0009858660048433915,3.3276329040527344,3.5323920249938965,6.357696056365967,6.523722171783447,2.8193719387054443,2.8793718814849854,0.27035340157424353,2,2,1,False,0.00020474891209687485,0.00021247661652523675,0.00036075549232100106,0.00036076392121891344,34.44997850859797,44.61401614884146,59.165462484063276,59.16719107165099,60.994891968109066,90.0,90.0,90.0,1.010136867356901,1.3939548443979344,1.4792028130991257,1.4792212878366704,,data/Nikolaisen2022_merrill_msh/PLAG148.msh,289092,0.2756996154785156,voxel,289092,0.2756996154785156,1957,8364,3.3365354537963867,3.523489475250244,6.357696056365967,6.523722171783447,2.8193719387054443,2.8793718814849854,1.173027387329349e-07,1.1730600158344623e-07,1.173120661029925e-07,1.1731520782945482e-07,0.41480541500026313,0.5557855868501214,0.6685817627493081,0.6686010111102008,1.3680848522964117,1.3929114183761746,1.6263254333043915,1.6263301307573228,1.3928607028909803,1.7059611159590031,1.9918337336532568,1.991839486834644,33.79894192818618,53.22879586259006,58.15007337271769,58.151008439026285,-1.0,-1.0,-1.0,-1.0,0.008571386337280273,0.012358157454941223,0.015420915135720893,0.015421200343309453,8.571386337280273e-09,1.2358157454941223e-08,1.5420915135720892e-08,1.5421200343309452e-08,3.3365354537963866e-06,3.523489475250244e-06,6.357696056365967e-06,6.523722171783447e-06,2.8193719387054443e-06,2.879371881484985e-06,314616,563616,187872,535296,7514880,13674420.0,13.040943145751953,0.012735296040773392,13.04 MiB,Screening estimate; calibrate with real Merrill.jl runs.,ok,gmsh;pymeshfix_gmsh;voxel,gmsh: Exception: Wrong topology of triangulation for parametrization: one edge is incident to 3 triangles | pymeshfix_gmsh: Exception: Wrong topology of boundary mesh for parametrization,0.009,1394.0,1957.0
PLAG147,PLAG,data/Nikolaisen2022/Plag Binary meshes/PLAG147-binary.stl,Plag Binary meshes,45420,0.043315887451171875,ascii,0.0007828794533854,0.114348926269411,99,1,01_small,um,1e-06,0.009,9e-09,data/Nikolaisen2022/Plag Binary meshes/PLAG147-binary.stl,45420,139,275,0.0702565733965611,0.0026944981305278507,14.036476135253906,14.241233825683594,15.157103538513184,15.260869979858398,14.659371376037598,14.779372215270996,0.2590239130973617,4,4,1,False,0.00020474879875109764,0.00021247166841931175,0.00036075548898968916,0.0003607779723713267,34.449187774232996,44.32774165145066,59.166209076944696,59.16856589390032,60.99373345506567,90.0,90.0,90.0,1.010124648649406,1.3941744924291908,1.4792023877261773,1.4792348317382649,,data/Nikolaisen2022_merrill_msh/PLAG147.msh,216622,0.2065868377685547,pymeshfix_gmsh,284262,0.27109336853027344,1653,6078,14.05695247650146,14.24123382568359,15.15710353851318,15.2608699798584,14.6593713760376,14.779372215271,8.239496784098137e-09,9.541318310553452e-08,2.0343960517289504e-07,3.558566738640908e-07,0.00971595003654945,0.5523186038915733,0.7991085646468766,0.9658496916169591,1.0023780500410877,1.3151442041903048,2.2661483200672765,227.0687099185998,1.0326726529894381,1.5554541922922138,2.608064276708935,23.4682307981793,6.962354499319643,49.13351110754732,67.40598535291005,81.52482503392307,-1.0,-1.0,-1.0,-1.0,0.0018193442002244617,0.01015886842240494,0.014905885182408117,0.03527465491304847,1.8193442002244616e-09,1.0158868422404941e-08,1.4905885182408116e-08,3.527465491304847e-08,1.4056952476501459e-05,1.4241233825683589e-05,1.515710353851318e-05,1.52608699798584e-05,1.4659371376037598e-05,1.4779372215270999e-05,234168,476064,158688,388992,6347520,11408148.0,10.879657745361328,0.010624665766954422,10.88 MiB,Screening estimate; calibrate with real Merrill.jl runs.,ok,gmsh;pymeshfix_gmsh,gmsh: ValueError: zero-size array to reduction operation maximum which has no identity,,,
PLAG146,PLAG,data/Nikolaisen2022/Plag Binary meshes/PLAG146-binary.stl,Plag Binary meshes,46053,0.04391956329345703,ascii,0.0008475199156311,0.117413246536376,100,1,01_small,um,1e-06,0.009,9e-09,data/Nikolaisen2022/Plag Binary meshes/PLAG146-binary.stl,46053,147,284,0.07697902304939197,0.008207306686174327,5.5185441970825195,5.723301887512207,12.91574478149414,13.061017990112305,15.51937198638916,15.659371376037598,0.28745407639178017,13,8,1,False,0.00020474380335144815,0.0002915341388973078,0.0003607611094587771,0.0003607779657145398,34.449494782860526,44.32910725808506,59.16546271696755,59.1670333061565,60.992551298365726,90.0,90.0,90.0,1.0101129187312334,1.3941731626812677,1.4769100256181624,1.479229573066887,,data/Nikolaisen2022_merrill_msh/PLAG146.msh,281756,0.2687034606933594,voxel,281756,0.2687034606933594,2019,8040,5.563056945800781,5.723301887512207,12.91574478149414,13.0519380569458,15.51937198638916,15.659371376037598,1.1786451979342583e-07,1.1788321456499574e-07,1.1788321456499574e-07,1.1788321456499574e-07,0.4116846733677112,0.5659781343258409,0.6870977727371286,0.6870977727371286,1.3665483508701486,1.3928754168289625,1.6148126743654503,1.6148126743654503,1.3787563865063972,1.7059170232486938,1.9777335411872212,1.9777335411872212,34.499041943781705,54.001626467300746,59.1012727457169,59.10217519784469,-1.0,-1.0,-1.0,-1.0,0.008749961853027344,0.01248267697121247,0.015435751056421445,0.015435751056421445,8.749961853027343e-09,1.248267697121247e-08,1.5435751056421444e-08,1.5435751056421444e-08,5.563056945800781e-06,5.723301887512206e-06,1.291574478149414e-05,1.30519380569458e-05,1.551937198638916e-05,1.5659371376037595e-05,305736,581472,193824,514560,7752960,14022828.0,13.373210906982422,0.013059776276350021,13.37 MiB,Screening estimate; calibrate with real Merrill.jl runs.,ok,gmsh;pymeshfix_gmsh;voxel,gmsh: Exception: Wrong topology of triangulation for parametrization: one edge is incident to 3 triangles | pymeshfix_gmsh: Exception: Wrong topology of boundary mesh for parametrization,0.009,1340.0,2019.0
PLAG145,PLAG,data/Nikolaisen2022/Plag Binary meshes/PLAG145-binary.stl,Plag Binary meshes,46689,0.044526100158691406,ascii,0.0007138055864985,0.110881844078408,101,1,01_small,um,1e-06,0.009,9e-09,data/Nikolaisen2022/Plag Binary meshes/PLAG145-binary.stl,46689,151,299,0.07508225470915379,0.0003289067461865116,1.894327998161316,2.0376579761505127,8.370767593383789,8.599054336547852,5.8793721199035645,5.959372043609619,0.28117309168519816,2,3,1,False,0.00020475010418863349,0.00021247661652523675,0.0003607568975124945,0.00036075830270669546,35.38959670114914,44.61384937909773,59.16556070683918,59.16565892924019,60.994986612736106,90.0,90.0,90.0,1.0101378049491077,1.3939549377458706,1.4639763324206356,1.4639956045987985,,data/Nikolaisen2022_merrill_msh/PLAG145.msh,258790,0.24680137634277344,pymeshfix_gmsh,342364,0.3265037536621094,1956,7281,1.894327998161316,2.037657976150513,8.370767593383789,8.599054336547852,5.879372119903564,5.95937204360962,1.4324390399364411e-08,9.92837722866243e-08,1.9904483158027913e-07,3.4413747556080856e-07,0.1445936729998283,0.5701133386612517,0.8006964227936049,0.9611049187078846,1.0016635516153356,1.289372878983155,2.044067846479933,3.3289641096772904,1.0275996838205368,1.5279320608283502,2.384503953005481,4.063932099395403,13.45277280130059,50.09857951175329,66.51892100029424,81.78837161570947,-1.0,-1.0,-1.0,-1.0,0.0026979420578261185,0.01026407966985114,0.014756121310266993,0.01811508290159272,2.6979420578261184e-09,1.026407966985114e-08,1.4756121310266993e-08,1.8115082901592722e-08,1.8943279981613159e-06,2.037657976150513e-06,8.370767593383789e-06,8.599054336547852e-06,5.879372119903563e-06,5.95937204360962e-06,279936,563328,187776,465984,7511040,13512096.0,12.886138916015625,0.012584120035171509,12.89 MiB,Screening estimate; calibrate with real Merrill.jl runs.,ok,gmsh;pymeshfix_gmsh,gmsh: Exception: Invalid boundary mesh (overlapping facets) on surface 23 surface 13,,,
PLAG144,PLAG,data/Nikolaisen2022/Plag Binary meshes/PLAG144-binary.stl,Plag Binary meshes,49494,0.04720115661621094,ascii,0.0012044361992644,0.13200642180689,102,1,01_small,um,1e-06,0.009,9e-09,data/Nikolaisen2022/Plag Binary meshes/PLAG144-binary.stl,49494,158,311,0.08448339791399735,0.0014559887099877778,15.674539566040039,15.899774551391602,9.221653938293457,9.387680053710938,8.479372024536133,8.57937240600586,0.29714566448297364,2,1,1,False,0.00020472949927352602,0.00029154083691999307,0.00036076672850858337,0.0003607892076581378,34.44914965899189,44.61301551601138,59.16624755915589,59.167819029164136,60.992172706015516,90.0,90.0,90.0,1.0101091684924066,1.393955405098647,1.4639931274490585,1.479235484617538,,data/Nikolaisen2022_merrill_msh/PLAG144.msh,434827,0.41468334197998047,pymeshfix_gmsh,579583,0.5527334213256836,3019,12505,15.67453956604004,15.8997745513916,9.221653938293457,9.387680053710938,8.479372024536131,8.579372406005861,3.5340662272821934e-09,9.856361452783821e-08,1.8793043089888625e-07,3.2238967506764993e-07,0.022306744049327715,0.5850179557790489,0.812999999525786,0.9862589355154593,1.000825648155241,1.275328200528474,2.1618760166625943,42.10233498024412,1.014130544416791,1.5073212687364268,2.509492194230789,15.300247883807046,3.944102885733096,49.55974976861316,66.66362181147888,82.88057736078498,-1.0,-1.0,-1.0,-1.0,0.002484941696758047,0.01018412591342728,0.014380933505218062,0.02846588552086421,2.484941696758047e-09,1.018412591342728e-08,1.438093350521806e-08,2.8465885520864208e-08,1.567453956604004e-05,1.58997745513916e-05,9.221653938293456e-06,9.387680053710937e-06,8.479372024536131e-06,8.579372406005861e-06,472616,869472,289824,800320,11592960,21037788.0,20.06319808959961,0.01959296688437462,20.06 MiB,Screening estimate; calibrate with real Merrill.jl runs.,ok,gmsh;pymeshfix_gmsh,gmsh: ValueError: zero-size array to reduction operation maximum which has no identity,,,
PLAG143,PLAG,data/Nikolaisen2022/Plag Binary meshes/PLAG143-binary.stl,Plag Binary meshes,49779,0.04747295379638672,ascii,0.0012008278056375,0.131874463078549,103,1,01_small,um,1e-06,0.009,9e-09,data/Nikolaisen2022/Plag Binary meshes/PLAG143-binary.stl,49779,156,307,0.07916810955996698,0.00080955478985607,21.735376358032227,21.96061134338379,9.491447448730469,9.615966796875,13.579371452331543,13.67937183380127,0.276108571005589,3,2,1,False,0.00020474879875109764,0.00021247166841931175,0.00036075548898968916,0.0003607779723713267,34.44919606749968,44.61301551601138,59.16546225162776,59.16703377057601,60.99449031283514,90.0,90.0,90.0,1.0101326346934139,1.393955405098647,1.463983269055799,1.4792346896825654,,data/Nikolaisen2022_merrill_msh/PLAG143.msh,384343,0.36653804779052734,pymeshfix_gmsh,509617,0.4860086441040039,2670,11051,21.73537635803223,21.96061134338379,9.491447448730469,9.615966796875002,13.57937145233154,13.67937183380127,7.340510276028694e-09,1.0823962488923403e-07,2.076571932934737e-07,3.4840999533338265e-07,0.10208075600590462,0.5791351610108343,0.8161985384207453,0.9743537853236899,1.003152779689823,1.2826219798211034,2.0748068408170743,17.829893199360566,1.0241405370055876,1.514321374852323,2.4303015337848604,7.203679993395501,10.820678873062798,49.76653885156247,66.7775220973478,82.26591589752054,-1.0,-1.0,-1.0,-1.0,0.0025312014640695066,0.010493292736984147,0.014777533382786841,0.018433511289919203,2.5312014640695065e-09,1.0493292736984146e-08,1.477753338278684e-08,1.8433511289919202e-08,2.173537635803223e-05,2.1960611343383787e-05,9.491447448730468e-06,9.615966796875001e-06,1.3579371452331538e-05,1.3679371833801268e-05,417712,768960,256320,707264,10252800,18604584.0,17.742713928222656,0.017326869070529938,17.74 MiB,Screening estimate; calibrate with real Merrill.jl runs.,ok,gmsh;pymeshfix_gmsh,gmsh: Exception: Wrong topology of triangulation for parametrization: one edge is incident to 3 triangles,,,
PLAG142,PLAG,data/Nikolaisen2022/Plag Binary meshes/PLAG142-binary.stl,Plag Binary meshes,50913,0.048554420471191406,ascii,0.0009876021300806,0.123555229543607,104,1,01_small,um,1e-06,0.009,9e-09,data/Nikolaisen2022/Plag Binary meshes/PLAG142-binary.stl,50913,159,314,0.08288487375845746,0.0010666050307161419,13.954572677612305,14.159330368041992,12.251638412475586,12.376158714294434,6.539371013641357,6.7393717765808105,0.31213990858510865,0,0,1,True,0.00020474391703828587,0.00021247166841931175,0.00036076110644373173,0.00036078358999150307,34.45043902681189,44.32842445874217,59.165108587667724,59.166640667512006,60.993710092929526,90.0,90.0,90.0,1.0101246518105373,1.3941738270515422,1.463982201995881,1.4792134005389648,,data/Nikolaisen2022_merrill_msh/PLAG142.msh,390531,0.3724393844604492,pymeshfix_gmsh,520269,0.4961671829223633,2789,11153,13.9545726776123,14.15933036804199,12.25163841247559,12.37615871429443,6.539371013641357,6.739371776580811,7.123169410232289e-09,9.012644800578885e-08,1.7549011925631638e-07,3.273659948430499e-07,0.10811634255850747,0.5851193034115688,0.8135895843142016,0.975129761284374,1.0025367936902991,1.2749619346787966,2.1307775695650486,8.066475831526503,1.0275768291223617,1.5054793400779871,2.4969030030983856,5.907754152788874,11.351570432867758,50.11399271978137,67.14347793480958,83.7942711262401,-1.0,-1.0,-1.0,-1.0,0.0019244949753654734,0.00985680442761877,0.013993616273402332,0.017788858351793557,1.9244949753654734e-09,9.85680442761877e-09,1.3993616273402331e-08,1.7788858351793558e-08,1.3954572677612299e-05,1.415933036804199e-05,1.225163841247559e-05,1.237615871429443e-05,6.5393710136413575e-06,6.739371776580811e-06,423832,803232,267744,713792,10709760,19377540.0,18.479862213134766,0.01804674044251442,18.48 MiB,Screening estimate; calibrate with real Merrill.jl runs.,ok,gmsh;pymeshfix_gmsh,gmsh: Exception: Invalid boundary mesh (overlapping facets) on surface 23 surface 33,,,
PLAG141,PLAG,data/Nikolaisen2022/Plag Binary meshes/PLAG141-binary.stl,Plag Binary meshes,51561,0.049172401428222656,ascii,0.00049471181609,0.0981261034992316,105,1,01_small,um,1e-06,0.009,9e-09,data/Nikolaisen2022/Plag Binary meshes/PLAG141-binary.stl,51561,170,324,0.08812428175187459,0.0013189350453384643,2.344794988632202,2.610980987548828,13.974164962768555,14.119438171386719,6.319372177124023,6.4393720626831055,0.32612768005131276,19,7,1,False,0.00020474891209687485,0.00029153774075325965,0.00036075549232100106,0.00036075830270669546,34.44997850859797,44.32755906587548,59.16565892924019,59.16565892924019,60.994891968109066,90.0,90.0,90.0,1.010136867356901,1.3941746704888667,1.476919797912744,1.4792212878366704,,data/Nikolaisen2022_merrill_msh/PLAG141.msh,196244,0.18715286254882812,voxel,196244,0.18715286254882812,1659,5346,2.344794988632202,2.610980987548828,13.974164962768555,14.119438171386719,6.319372177124023,6.4393720626831055,1.239294379357797e-07,1.239424557338822e-07,1.2395218899723115e-07,1.2395218899723115e-07,0.40414906975860954,0.5699178218793113,0.6872769143339111,0.6872769143339111,1.3666285977701882,1.3960660956159452,1.5967864118357995,1.5967864118357997,1.3806636313753902,1.709824790729309,1.9556559686036734,1.9556559686036734,35.16444651740941,54.83488428510087,60.925566580940014,60.92725834104697,-1.0,-1.0,-1.0,-1.0,0.008872747421264648,0.012695307523244017,0.015696339144692692,0.01569675433598658,8.872747421264648e-09,1.2695307523244016e-08,1.5696339144692692e-08,1.569675433598658e-08,2.344794988632202e-06,2.610980987548828e-06,1.3974164962768553e-05,1.4119438171386718e-05,6.319372177124023e-06,6.439372062683105e-06,210888,477792,159264,342144,6370560,11340972.0,10.815593719482422,0.010562103241682053,10.82 MiB,Screening estimate; calibrate with real Merrill.jl runs.,ok,gmsh;pymeshfix_gmsh;voxel,gmsh: Exception: Wrong topology of boundary mesh for parametrization | pymeshfix_gmsh: Exception: Wrong topology of boundary mesh for parametrization,0.009,891.0,1659.0
PLAG140,PLAG,data/Nikolaisen2022/Plag Binary meshes/PLAG140-binary.stl,Plag Binary meshes,53151,0.050688743591308594,ascii,0.0011059033821014,0.128303800636173,106,1,01_small,um,1e-06,0.009,9e-09,data/Nikolaisen2022/Plag Binary meshes/PLAG140-binary.stl,53151,169,334,0.09228015255459499,0.0012881382973377186,1.7714730501174927,1.9762309789657593,12.978005409240723,13.123278617858887,4.139371871948242,4.359372138977051,0.3338116715472895,4,4,1,False,0.00020474891209687485,0.0002915453667148479,0.0003607568975124945,0.00036076392017657844,34.44997850859797,44.32622511960586,59.16556070683918,59.16595336160902,60.99420637873661,90.0,90.0,90.0,1.0101298218583066,1.3941759726701577,1.4792093143159586,1.4792212878366704,,data/Nikolaisen2022_merrill_msh/PLAG140.msh,336216,0.32064056396484375,voxel,336216,0.32064056396484375,2416,9588,1.7714730501174927,1.967328429222107,12.987085342407227,13.123278617858887,4.139371871948242,4.359372138977051,1.234768765988499e-07,1.2349627092635672e-07,1.2349792462111597e-07,1.2349792462111597e-07,0.4054558609081659,0.5706130786496644,0.6933731735680279,0.6934099413981305,1.3663645169635152,1.395296388099781,1.599251229494271,1.5992668214466315,1.3773548761867427,1.7088820953964148,1.9586747413898011,1.9586938375534886,35.11990464941275,54.87922879676217,60.64213873962758,60.64236083029865,-1.0,-1.0,-1.0,-1.0,0.008902430534362793,0.012716070766055554,0.015675687097835657,0.015675754798678776,8.902430534362792e-09,1.2716070766055552e-08,1.5675687097835658e-08,1.5675754798678776e-08,1.7714730501174925e-06,1.9673284292221067e-06,1.2987085342407226e-05,1.3123278617858886e-05,4.139371871948242e-06,4.3593721389770505e-06,364800,695808,231936,613632,9277440,16775424.0,15.998291015625,0.015623331069946289,16.00 MiB,Screening estimate; calibrate with real Merrill.jl runs.,ok,gmsh;pymeshfix_gmsh;voxel,gmsh: Exception: Wrong topology of triangulation for parametrization: one edge is incident to 3 triangles | pymeshfix_gmsh: Exception: Wrong topology of boundary mesh for parametrization,0.009,1598.0,2416.0
PLAG139,PLAG,data/Nikolaisen2022/Plag Binary meshes/PLAG139-binary.stl,Plag Binary meshes,55536,0.0529632568359375,ascii,0.0009948335234831,0.123856060732871,107,1,01_small,um,1e-06,0.009,9e-09,data/Nikolaisen2022/Plag Binary meshes/PLAG139-binary.stl,55536,176,349,0.08544228056909539,0.002387168106538681,4.208093166351318,4.474277973175049,13.538344383239746,13.642111778259277,3.099371910095215,3.2593719959259033,0.3274477838049203,2,3,1,False,0.00020474891209687485,0.00020753840681209113,0.00036074987615716635,0.0003607611131032198,34.450132014376,44.32639185934991,59.165462484063276,59.16585537291742,60.994891968109066,90.0,90.0,90.0,1.010136867356901,1.394175809757175,1.479207999773914,1.4792186586952911,,data/Nikolaisen2022_merrill_msh/PLAG139.msh,342740,0.3268623352050781,voxel,342740,0.3268623352050781,2385,9852,4.216966152191162,4.474277973175049,13.546991348266602,13.642111778259277,3.099371910095215,3.2593719959259033,1.136575259483022e-07,1.1366668302281492e-07,1.1367921932843121e-07,1.1367921932843121e-07,0.4061073261367131,0.5676067468428547,0.696694450269302,0.6967134107849182,1.3663862913231273,1.3950489367019612,1.600801263564683,1.600809492428045,1.3783189862770349,1.708579030566015,1.960573137668021,1.9605832159262206,34.93539902967232,54.012007801384314,60.488634620534434,60.488634620534434,-1.0,-1.0,-1.0,-1.0,0.008646965026855469,0.012389506926820344,0.015248393020922948,0.015248933844926612,8.646965026855469e-09,1.2389506926820344e-08,1.5248393020922946e-08,1.5248933844926613e-08,4.216966152191162e-06,4.474277973175049e-06,1.3546991348266602e-05,1.3642111778259277e-05,3.099371910095215e-06,3.259371995925903e-06,372504,686880,228960,630528,9158400,16615908.0,15.84616470336914,0.015474770218133926,15.85 MiB,Screening estimate; calibrate with real Merrill.jl runs.,ok,gmsh;pymeshfix_gmsh;voxel,gmsh: Exception: Wrong topology of boundary mesh for parametrization | pymeshfix_gmsh: Exception: Wrong topology of boundary mesh for parametrization,0.009,1642.0,2385.0
PLAG138,PLAG,data/Nikolaisen2022/Plag Binary meshes/PLAG138-binary.stl,Plag Binary meshes,55695,0.053114891052246094,ascii,0.0009849687128749,0.123445312777919,108,1,01_small,um,1e-06,0.009,9e-09,data/Nikolaisen2022/Plag Binary meshes/PLAG138-binary.stl,55695,176,350,0.08480966780415508,0.0010977802752419241,-0.5218170285224915,-0.3784860074520111,6.004889011383057,6.27468204498291,3.339371919631958,3.399372100830078,0.31133917890931334,3,5,1,False,0.0002047596409227026,0.0002124687083266963,0.00036075147226592654,0.0003607628673143126,34.45131086881779,44.61384937909773,59.16556070683918,59.16580614581015,60.99457283306252,90.0,90.0,90.0,1.0101335789781825,1.3939549377458706,1.463966475011332,1.4791984696592069,,data/Nikolaisen2022_merrill_msh/PLAG138.msh,356147,0.3396482467651367,pymeshfix_gmsh,477893,0.45575428009033203,2554,10160,-0.5218170285224915,-0.3784860074520111,6.004889011383057,6.27468204498291,3.339371919631958,3.399372100830079,2.9418914090940457e-09,1.0133799278391129e-07,2.0100916562377675e-07,4.741053859880999e-07,0.05954837134079361,0.5774865827295812,0.8035978489393352,0.9789186212938654,1.0010511702799003,1.2839211922027496,2.107028501646704,44.636889466353146,1.0204778838621236,1.5206125135281319,2.458925367145368,10.635343198853317,7.585220892270152,49.74528585025341,66.57849754426292,81.89438108307475,-1.0,-1.0,-1.0,-1.0,0.0029324336389431075,0.01040559172662792,0.014652145897815059,0.024030295225933657,2.9324336389431073e-09,1.040559172662792e-08,1.4652145897815058e-08,2.4030295225933656e-08,-5.218170285224914e-07,-3.784860074520111e-07,6.004889011383056e-06,6.27468204498291e-06,3.3393719196319578e-06,3.3993721008300788e-06,386416,735552,245184,650240,9807360,17737128.0,16.915443420410156,0.016518987715244293,16.92 MiB,Screening estimate; calibrate with real Merrill.jl runs.,ok,gmsh;pymeshfix_gmsh,gmsh: Exception: Invalid boundary mesh (overlapping facets) on surface 35 surface 42,,,
PLAG137,PLAG,data/Nikolaisen2022/Plag Binary meshes/PLAG137-binary.stl,Plag Binary meshes,55935,0.053343772888183594,ascii,0.0009545961552045,0.122163186647973,109,1,01_small,um,1e-06,0.009,9e-09,data/Nikolaisen2022/Plag Binary meshes/PLAG137-binary.stl,55935,176,345,0.0932164830361013,0.005375085095694123,11.620332717895508,11.845565795898438,14.119438171386719,14.264711380004883,9.359371185302734,9.599371910095215,0.3597701939708268,8,5,1,False,0.0002047390353254741,0.00029156203323575094,0.0003607644805386685,0.0003607892121980496,34.448573760498284,44.32774165145066,59.16550169673353,59.16860472817821,60.99292957636011,90.0,90.0,90.0,1.0101166691413201,1.3941744924291908,1.4640026286372831,1.4792453495867504,,data/Nikolaisen2022_merrill_msh/PLAG137.msh,343714,0.3277912139892578,pymeshfix_gmsh,460724,0.4393806457519531,2658,9612,11.62033271789551,11.84556579589844,14.11943817138672,14.26471138000488,9.359371185302734,9.599371910095215,1.0386110208438753e-08,8.559184816541452e-08,1.8577423812137632e-07,3.479851865619964e-07,0.10875106558446498,0.5547167989402155,0.7978208068451268,0.999473649163888,1.0004681274912177,1.309466284995707,2.098472807376299,8.97424480928013,1.0104244915538667,1.5502616194650751,2.4315337344875343,7.992324149355446,6.714636414938423,49.620024226998765,67.1326057406208,82.81037507604243,-1.0,-1.0,-1.0,-1.0,0.002713773710864213,0.00977900413407663,0.01438693803100169,0.018126751695467597,2.713773710864213e-09,9.77900413407663e-09,1.4386938031001689e-08,1.8126751695467596e-08,1.1620332717895509e-05,1.1845565795898439e-05,1.411943817138672e-05,1.4264711380004878e-05,9.359371185302734e-06,9.599371910095215e-06,371376,765504,255168,615168,10206720,18320904.0,17.47217559814453,0.01706267148256302,17.47 MiB,Screening estimate; calibrate with real Merrill.jl runs.,ok,gmsh;pymeshfix_gmsh,gmsh: Exception: Wrong topology of triangulation for parametrization: one edge is incident to 3 triangles,,,
PLAG136,PLAG,data/Nikolaisen2022/Plag Binary meshes/PLAG136-binary.stl,Plag Binary meshes,56517,0.05389881134033203,ascii,0.0016164663525924,0.145609378740044,110,1,01_small,um,1e-06,0.009,9e-09,data/Nikolaisen2022/Plag Binary meshes/PLAG136-binary.stl,56517,183,362,0.09659715195709419,0.0016742604883477877,8.835624694824219,9.019905090332031,9.65747356414795,9.823500633239746,6.219371795654297,6.3793721199035645,0.29516835128380353,0,0,1,True,0.0002047536804639094,0.00029153439176086456,0.0003607498715821029,0.00036077235479761076,34.44921098410805,44.32705882826191,59.16506958921053,59.16664113262965,60.99449031283514,90.0,90.0,90.0,1.0101326346934139,1.394175158499121,1.4792027417111042,1.4792344341757253,,data/Nikolaisen2022_merrill_msh/PLAG136.msh,463869,0.4423799514770508,voxel,463869,0.4423799514770508,3069,13494,8.844839096069336,9.019905090332031,9.65747356414795,9.823500633239746,6.219371795654297,6.3793721199035645,1.2588723245046617e-07,1.2590701684977307e-07,1.2592003587746925e-07,1.2592003587746925e-07,0.4128311310402866,0.5730387589266798,0.6936153914418235,0.693634681743225,1.3666992188307905,1.392530770358061,1.6181634047121334,1.6181634047121334,1.3829547074250932,1.7054949192510136,1.9818373309947372,1.9818373309947372,34.74212017429562,53.74531860536633,58.789078329398926,58.7908103771414,-1.0,-1.0,-1.0,-1.0,0.008888721466064453,0.012802556877979937,0.015779594152542393,0.015779862762131096,8.888721466064452e-09,1.2802556877979936e-08,1.577959415254239e-08,1.5779862762131095e-08,8.844839096069336e-06,9.01990509033203e-06,9.65747356414795e-06,9.823500633239746e-06,6.219371795654297e-06,6.379372119903564e-06,505464,883872,294624,863616,11784960,21498804.0,20.502857208251953,0.020022321492433548,20.50 MiB,Screening estimate; calibrate with real Merrill.jl runs.,ok,gmsh;pymeshfix_gmsh;voxel,gmsh: Exception: Wrong topology of boundary mesh for parametrization | pymeshfix_gmsh: Exception: Wrong topology of boundary mesh for parametrization,0.009,2249.0,3069.0
PLAG135,PLAG,data/Nikolaisen2022/Plag Binary meshes/PLAG135-binary.stl,Plag Binary meshes,56967,0.054327964782714844,ascii,0.0014206846357209,0.139476065286309,111,1,01_small,um,1e-06,0.009,9e-09,data/Nikolaisen2022/Plag Binary meshes/PLAG135-binary.stl,56967,182,358,0.09065724301542322,0.0014446759524722138,16.944040298461914,17.169273376464844,3.742777109146118,3.9088029861450195,8.339371681213379,8.439371109008789,0.29714376456412067,7,5,1,False,0.00020474879875109764,0.00021247410927571764,0.0003607555002254055,0.00036076954655758856,34.44919606749968,44.61433184461598,59.16546225162776,59.16703377057601,60.99449031283514,90.0,90.0,90.0,1.0101326346934139,1.3939546678003747,1.4639955921557577,1.4792346896825654,,data/Nikolaisen2022_merrill_msh/PLAG135.msh,431915,0.41190624237060547,pymeshfix_gmsh,574715,0.548090934753418,2963,12457,16.94404029846191,17.16927337646484,3.742777109146118,3.888050079345704,8.339371681213379,8.439371109008789,1.1024976269955616e-08,1.1486830578317593e-07,2.1040957067400997e-07,3.556272472758783e-07,0.11396263221519982,0.5842910870192392,0.8134191024339749,0.9703384950400589,1.0031478382034673,1.2737567737713995,2.06991897606125,5.612862187920342,1.0263367611698553,1.50582419377552,2.4227992562192027,6.513094062502554,9.020019141843443,50.20904898568106,66.96896141310997,83.48410304526043,-1.0,-1.0,-1.0,-1.0,0.0033787343696075676,0.010688803055861769,0.014960205596852605,0.018008840581510806,3.3787343696075675e-09,1.0688803055861767e-08,1.4960205596852603e-08,1.8008840581510804e-08,1.694404029846191e-05,1.7169273376464838e-05,3.742777109146118e-06,3.888050079345704e-06,8.339371681213379e-06,8.439371109008788e-06,469736,853344,284448,797248,11377920,20674044.0,19.716304779052734,0.019254203885793686,19.72 MiB,Screening estimate; calibrate with real Merrill.jl runs.,ok,gmsh;pymeshfix_gmsh,gmsh: Exception: Wrong topology of triangulation for parametrization: one edge is incident to 3 triangles,,,
PLAG134,PLAG,data/Nikolaisen2022/Plag Binary meshes/PLAG134-binary.stl,Plag Binary meshes,57444,0.054782867431640625,ascii,0.0013670508941823,0.137698334379529,112,1,01_small,um,1e-06,0.009,9e-09,data/Nikolaisen2022/Plag Binary meshes/PLAG134-binary.stl,57444,183,361,0.09238220635524966,0.0004881044511510758,14.445992469787598,14.589323043823242,8.6405611038208,8.88960075378418,6.01937198638916,6.1193718910217285,0.30424395085817635,2,1,1,False,0.00020474391703828587,0.00021247166841931175,0.00036074988283123693,0.00036078358999150307,34.44916454878702,44.61301551601138,59.165854908276245,59.167426402754224,60.993710092929526,90.0,90.0,90.0,1.0101246518105373,1.393955405098647,1.4639785188313361,1.4792352295685989,,data/Nikolaisen2022_merrill_msh/PLAG134.msh,424221,0.4045686721801758,voxel,424221,0.4045686721801758,2853,12294,14.445992469787598,14.589323043823242,8.6405611038208,8.88960075378418,6.01937198638916,6.1193718910217285,1.2071342078917927e-07,1.207262722126637e-07,1.2073921734157347e-07,1.2073921734157347e-07,0.4056581444077961,0.5759357807539816,0.694186522500247,0.694224016605479,1.366214671588152,1.395082913083657,1.599441436925012,1.599456934707233,1.3727600930166155,1.7086206429652466,1.9589076969651023,1.9589266777943957,35.36074952239499,54.34370617598965,60.604382896935014,60.604382896935014,-1.0,-1.0,-1.0,-1.0,0.008893966674804688,0.012623902523718707,0.01555658655989423,0.015557135728418778,8.893966674804687e-09,1.2623902523718706e-08,1.555658655989423e-08,1.5557135728418776e-08,1.4445992469787597e-05,1.458932304382324e-05,8.640561103820801e-06,8.88960075378418e-06,6.01937198638916e-06,6.119371891021728e-06,461880,821664,273888,786816,10955520,19949652.0,19.025470733642578,0.01857956126332283,19.03 MiB,Screening estimate; calibrate with real Merrill.jl runs.,ok,gmsh;pymeshfix_gmsh;voxel,gmsh: Exception: Wrong topology of boundary mesh for parametrization | pymeshfix_gmsh: Exception: Wrong topology of boundary mesh for parametrization,0.009,2049.0,2853.0
PLAG133,PLAG,data/Nikolaisen2022/Plag Binary meshes/PLAG133-binary.stl,Plag Binary meshes,57879,0.055197715759277344,ascii,0.0013474841194269,0.137038210169476,113,1,01_small,um,1e-06,0.009,9e-09,data/Nikolaisen2022/Plag Binary meshes/PLAG133-binary.stl,57879,181,357,0.0934788933689212,0.00016051318537315307,25.441497802734375,25.56435203552246,14.389230728149414,14.63827133178711,8.359371185302734,8.479372024536133,0.3025137785141312,2,1,1,False,0.00020474879875109764,0.00021249146084301174,0.00036075548898968916,0.0003607779723713267,34.44980179266129,44.32507386968824,59.16564317277576,59.16856589390032,60.99373345506567,90.0,90.0,90.0,1.010124648649406,1.3941770985995885,1.4639734113562142,1.479224314564088,,data/Nikolaisen2022_merrill_msh/PLAG133.msh,426595,0.4068326950073242,pymeshfix_gmsh,570001,0.5435953140258789,3023,12207,25.44149780273437,25.56435203552246,14.38923072814941,14.63827133178711,8.359371185302733,8.479372024536133,7.045263737680744e-09,1.0839324153167191e-07,2.143635217506689e-07,3.729621644075376e-07,0.04571682672037626,0.5766689092999713,0.8104998938419226,0.9581623390722976,1.0031552015236804,1.2817605035550659,2.1131839553687053,27.152590067531445,1.0310191471392145,1.5134434630503857,2.481979509302989,8.980427615238744,6.303733212838652,50.13872537538958,66.97059357304563,84.47486550003775,-1.0,-1.0,-1.0,-1.0,0.0033080775808317533,0.010606765461365639,0.01497108042411465,0.02522324025764181,3.3080775808317533e-09,1.0606765461365638e-08,1.497108042411465e-08,2.522324025764181e-08,2.544149780273437e-05,2.556435203552246e-05,1.438923072814941e-05,1.4638271331787109e-05,8.359371185302732e-06,8.479372024536133e-06,463176,870624,290208,781248,11608320,21020364.0,20.046581268310547,0.01957673951983452,20.05 MiB,Screening estimate; calibrate with real Merrill.jl runs.,ok,gmsh;pymeshfix_gmsh,gmsh: Exception: Wrong topology of boundary mesh for parametrization,,,
PLAG132,PLAG,data/Nikolaisen2022/Plag Binary meshes/PLAG132-binary.stl,Plag Binary meshes,58041,0.055352210998535156,ascii,0.0011586505703946,0.130312062669275,114,1,01_small,um,1e-06,0.009,9e-09,data/Nikolaisen2022/Plag Binary meshes/PLAG132-binary.stl,58041,181,358,0.08962895523912083,0.0012195934231690863,22.20631980895996,22.349651336669922,3.5144898891448975,3.805037021636963,12.67937183380127,12.759371757507324,0.3337087814667269,0,0,1,True,0.00020474879875109764,0.00021247410927571764,0.00036075548898968916,0.0003607807817018705,34.45092065582164,44.614002756717504,59.165170220848005,59.16778062253444,60.99373345506567,90.0,90.0,90.0,1.010124648649406,1.3939548518925715,1.4639511821706006,1.479205152130692,,data/Nikolaisen2022_merrill_msh/PLAG132.msh,363035,0.34621715545654297,gmsh,469773,0.4480104446411133,2628,10332,22.20632,22.34965100000001,3.514489999999999,3.805037,12.679372,12.759372,3.9696051398829905e-09,1.124902034447538e-07,2.1464183535654654e-07,3.95497730819639e-07,0.09591192656905392,0.5638412542628204,0.800711052866082,0.9789210231621782,1.0010523653038028,1.2937129750700804,2.1296193523377047,12.273171146510258,1.0240730167941892,1.5307352282192568,2.484852462013487,7.330846877478526,9.428360027489358,49.91166409268749,66.79646699042877,82.28198864319103,-1.0,-1.0,-1.0,-1.0,0.002947822748496065,0.010689098577166557,0.015069267669856617,0.01887023561604212,2.947822748496065e-09,1.0689098577166557e-08,1.5069267669856617e-08,1.8870235616042118e-08,2.220632e-05,2.2349651000000007e-05,3.514489999999999e-06,3.805037e-06,1.2679372000000001e-05,1.2759372e-05,393696,756864,252288,661248,10091520,18233424.0,17.388748168945312,0.016981199383735657,17.39 MiB,Screening estimate; calibrate with real Merrill.jl runs.,ok,gmsh,,,,
PLAG131,PLAG,data/Nikolaisen2022/Plag Binary meshes/PLAG131-binary.stl,Plag Binary meshes,58557,0.05584430694580078,ascii,0.0010847504054799,0.127480492591836,115,1,01_small,um,1e-06,0.009,9e-09,data/Nikolaisen2022/Plag Binary meshes/PLAG131-binary.stl,58557,187,368,0.0905425784365113,0.0048419653921769725,7.934688091278076,8.139446258544922,7.9141950607299805,8.16323471069336,10.01937198638916,10.07937240600586,0.3279431424356055,6,4,1,False,0.0002047390353254741,0.00021247193217277527,0.000360755491238085,0.000360783584379904,34.44984819799493,44.61433184461598,59.16585514036257,59.16817256540916,60.992172706015516,90.0,90.0,90.0,1.0101086831570603,1.3939546678003747,1.463977158355831,1.4792235197440629,,data/Nikolaisen2022_merrill_msh/PLAG131.msh,358869,0.34224414825439453,voxel,358869,0.34224414825439453,2463,10350,7.934688091278076,8.139446258544922,7.9141950607299805,8.145445823669434,10.01937198638916,10.07937240600586,1.1309677541834415e-07,1.131154185769756e-07,1.1312754761606814e-07,1.1312754761606814e-07,0.4129500059534095,0.5729656110507506,0.693293873461567,0.693331727537343,1.3667376736993315,1.392516075552006,1.61855047607144,1.6185710285915873,1.3834440630222158,1.7054769218626622,1.9823113946569104,1.982336566250554,34.73083533001232,53.71940245792051,58.755560075226796,58.7564557756808,-1.0,-1.0,-1.0,-1.0,0.008570671081542969,0.012352141278652768,0.015225990480293952,0.015226547570302148,8.570671081542969e-09,1.2352141278652767e-08,1.5225990480293953e-08,1.5226547570302147e-08,7.934688091278076e-06,8.139446258544921e-06,7.91419506072998e-06,8.145445823669434e-06,1.0019371986389159e-05,1.0079372406005859e-05,390312,709344,236448,662400,9457920,17184636.0,16.388545989990234,0.016004439443349838,16.39 MiB,Screening estimate; calibrate with real Merrill.jl runs.,ok,gmsh;pymeshfix_gmsh;voxel,gmsh: Exception: Wrong topology of triangulation for parametrization: one edge is incident to 3 triangles | pymeshfix_gmsh: Exception: Invalid boundary mesh (overlapping facets) on surface 9 surface 15,0.009,1725.0,2463.0
PLAG130,PLAG,data/Nikolaisen2022/Plag Binary meshes/PLAG130-binary.stl,Plag Binary meshes,59034,0.05629920959472656,ascii,0.0014792462817413,0.141366754637589,116,1,01_small,um,1e-06,0.009,9e-09,data/Nikolaisen2022/Plag Binary meshes/PLAG130-binary.stl,59034,188,371,0.09901444728938219,0.0021061331402566965,12.173179626464844,12.377937316894531,6.523722171783447,6.7105021476745605,3.2593719959259033,3.399372100830078,0.3105036240644617,5,4,1,False,0.0002047536804639094,0.00021249146084301174,0.0003607498715821029,0.00036077516357866106,34.44921098410805,44.61301551601138,59.165109053640805,59.16817326110164,60.9945136934832,90.0,90.0,90.0,1.0101326317160813,1.393955405098647,1.4639907522577051,1.4792344341757253,,data/Nikolaisen2022_merrill_msh/PLAG130.msh,468965,0.44723987579345703,voxel,468965,0.44723987579345703,3131,13614,12.173179626464844,12.377937316894531,6.53261661529541,6.7105021476745605,3.2593719959259033,3.399372100830078,1.1545647405434197e-07,1.1547503420233513e-07,1.1547818066103275e-07,1.1547818066103275e-07,0.41044774754946134,0.5752604184385377,0.7006587383094661,0.7007344815252097,1.366168456045404,1.3930560106093617,1.6109143411481501,1.6109143411481501,1.3737212488396249,1.7061382045550422,1.9729590775723564,1.9729590775723564,35.016472043681425,54.27970924288352,59.442554899755194,59.44522750109832,-1.0,-1.0,-1.0,-1.0,0.008749961853027344,0.012476896962663932,0.015327372565287793,0.015327508672935882,8.749961853027343e-09,1.2476896962663933e-08,1.532737256528779e-08,1.5327508672935882e-08,1.2173179626464843e-05,1.2377937316894531e-05,6.53261661529541e-06,6.71050214767456e-06,3.259371995925903e-06,3.399372100830078e-06,510792,901728,300576,871296,12023040,21911148.0,20.896099090576172,0.020406346768140793,20.90 MiB,Screening estimate; calibrate with real Merrill.jl runs.,ok,gmsh;pymeshfix_gmsh;voxel,gmsh: Exception: Wrong topology of triangulation for parametrization: one edge is incident to 3 triangles | pymeshfix_gmsh: Exception: Wrong topology of boundary mesh for parametrization,0.009,2269.0,3131.0
PLAG129,PLAG,data/Nikolaisen2022/Plag Binary meshes/PLAG129-binary.stl,Plag Binary meshes,59175,0.056433677673339844,ascii,0.0013860232122266,0.138332415491063,117,1,01_small,um,1e-06,0.009,9e-09,data/Nikolaisen2022/Plag Binary meshes/PLAG129-binary.stl,59175,185,365,0.09973782831991009,0.0033722746682707176,11.436050415039062,11.661282539367676,6.668994903564453,6.83502197265625,11.279372215270996,11.419371604919434,0.31288069068372887,6,5,1,False,0.00020474879875109764,0.00029154473695312805,0.00036075549565903127,0.0003607779723713267,34.44919606749968,44.61301551601138,59.16550169673353,59.167780157574526,60.99449031283514,90.0,90.0,90.0,1.0101321510050811,1.393955405098647,1.4761435630270239,1.4792346896825654,,data/Nikolaisen2022_merrill_msh/PLAG129.msh,455491,0.4343900680541992,pymeshfix_gmsh,610047,0.5817861557006836,3230,13032,11.43605041503906,11.66128253936768,6.668994903564452,6.83502197265625,11.27937221527099,11.41937160491944,5.3348357459001406e-09,1.0678217580034316e-07,2.1409983429812087e-07,3.97332812497594e-07,0.007927061864898622,0.5710068142185352,0.8080096058571943,0.9760945078574086,1.0014890208423004,1.2930275549684098,2.1798595618781755,590.6520607185482,1.0159074988042984,1.5270261692863527,2.5176378715303827,43.364034690665825,1.9748791793597613,49.23999892449356,66.72996907227825,82.97979453393788,-1.0,-1.0,-1.0,-1.0,0.0029807440820625516,0.010529432028339005,0.015026087076145282,0.027262583010750307,2.9807440820625515e-09,1.0529432028339004e-08,1.502608707614528e-08,2.7262583010750304e-08,1.143605041503906e-05,1.1661282539367679e-05,6.668994903564452e-06,6.83502197265625e-06,1.127937221527099e-05,1.141937160491944e-05,494544,930240,310080,834048,12403200,22458168.0,21.41777801513672,0.020915798842906952,21.42 MiB,Screening estimate; calibrate with real Merrill.jl runs.,ok,gmsh;pymeshfix_gmsh,gmsh: Exception: Wrong topology of triangulation for parametrization: one edge is incident to 3 triangles,,,
PLAG128,PLAG,data/Nikolaisen2022/Plag Binary meshes/PLAG128-binary.stl,Plag Binary meshes,59445,0.05669116973876953,ascii,0.0008668613478056,0.118299707862715,118,1,01_small,um,1e-06,0.009,9e-09,data/Nikolaisen2022/Plag Binary meshes/PLAG128-binary.stl,59445,183,360,0.10063157321776925,0.014160394262736268,12.357461929321289,12.623647689819336,12.562938690185547,12.74971866607666,14.11937141418457,14.319372177124023,0.3817616057989223,10,8,1,False,0.00020474879875109764,0.00029154813145568914,0.0003607555002254055,0.0003607779723713267,34.44919606749968,44.61301551601138,59.16546225162776,59.16703377057601,60.99449031283514,90.0,90.0,90.0,1.0101326346934139,1.393955405098647,1.4792128612444826,1.4792346896825654,,data/Nikolaisen2022_merrill_msh/PLAG128.msh,302420,0.2884101867675781,voxel,302420,0.2884101867675781,2337,8460,12.357461929321289,12.614774703979492,12.580727577209473,12.74971866607666,14.11937141418457,14.319372177124023,1.195505216662618e-07,1.1957591578246976e-07,1.195887375619875e-07,1.195887375619875e-07,0.40494674895412713,0.5784067330764568,0.6908250373346885,0.6908628810245813,1.3662978248693032,1.3954476541549747,1.5980042204744525,1.5980198044190976,1.3723631222598047,1.7090673577217292,1.9571474734882,1.957166559844479,35.519608498552344,54.47599497008258,60.76225288013953,60.76401841331426,-1.0,-1.0,-1.0,-1.0,0.008872032165527344,0.012563141363791304,0.015507600116696094,0.01550814709061095,8.872032165527343e-09,1.2563141363791304e-08,1.5507600116696094e-08,1.550814709061095e-08,1.2357461929321288e-05,1.2614774703979491e-05,1.2580727577209472e-05,1.2749718666076659e-05,1.4119371414184569e-05,1.4319372177124022e-05,326808,673056,224352,541440,8974080,16109604.0,15.36331558227539,0.015003237873315811,15.36 MiB,Screening estimate; calibrate with real Merrill.jl runs.,ok,gmsh;pymeshfix_gmsh;voxel,gmsh: Exception: Wrong topology of boundary mesh for parametrization | pymeshfix_gmsh: Exception: Wrong topology of boundary mesh for parametrization,0.009,1410.0,2337.0
PLAG127,PLAG,data/Nikolaisen2022/Plag Binary meshes/PLAG127-binary.stl,Plag Binary meshes,61578,0.05872535705566406,ascii,0.0019776178884119,0.15573321635487,119,1,01_small,um,1e-06,0.009,9e-09,data/Nikolaisen2022/Plag Binary meshes/PLAG127-binary.stl,61578,193,382,0.10340563707342895,0.0020538887087357557,14.405040740966797,14.609798431396484,9.948019981384277,10.114047050476074,5.5593719482421875,5.699371814727783,0.298480589113089,0,0,1,True,0.00020474391703828587,0.0002915411351754163,0.0003607611131032198,0.00036078359209554045,34.44854218524559,44.32842445874217,59.16585537291742,59.16738751254068,60.99295322823579,90.0,90.0,90.0,1.0101166657964007,1.3941738270515422,1.4792027417111042,1.4792458904805985,,data/Nikolaisen2022_merrill_msh/PLAG127.msh,590317,0.5629701614379883,voxel,590317,0.5629701614379883,3799,17280,14.405040740966797,14.609798431396484,9.948019981384277,10.114047050476074,5.5593719482421875,5.699371814727783,1.197275960304033e-07,1.1975280446094305e-07,1.197593304993333e-07,1.197593304993333e-07,0.4125052186769253,0.5582650878017986,0.6759853171832575,0.6760047045153101,1.3671293240148135,1.3930372443372945,1.6181407179837826,1.6181407179837826,1.3828771344262307,1.7061152206595738,1.9818095455405422,1.9818095455405422,34.07870646028307,53.79294037262206,58.84234773356809,58.84586790494806,-1.0,-1.0,-1.0,-1.0,0.008749961853027344,0.01248267697121247,0.01552089740895468,0.015521166232617912,8.749961853027343e-09,1.248267697121247e-08,1.5520897408954678e-08,1.5521166232617913e-08,1.4405040740966797e-05,1.4609798431396484e-05,9.948019981384278e-06,1.0114047050476074e-05,5.559371948242187e-06,5.699371814727783e-06,644136,1094112,364704,1105920,14588160,26695548.0,25.458858489990234,0.024862166494131088,25.46 MiB,Screening estimate; calibrate with real Merrill.jl runs.,ok,gmsh;pymeshfix_gmsh;voxel,gmsh: Exception: Wrong topology of boundary mesh for parametrization | pymeshfix_gmsh: Exception: Wrong topology of boundary mesh for parametrization,0.009,2880.0,3799.0
PLAG126,PLAG,data/Nikolaisen2022/Plag Binary meshes/PLAG126-binary.stl,Plag Binary meshes,61920,0.059051513671875,ascii,0.000875050965105,0.118671083771595,120,1,01_small,um,1e-06,0.009,9e-09,data/Nikolaisen2022/Plag Binary meshes/PLAG126-binary.stl,61920,191,375,0.09957505439417806,0.0012804823973820566,26.690521240234375,26.895278930664062,13.787384986877441,13.911904335021973,13.35937213897705,13.699371337890625,0.4159690314366094,6,3,1,False,0.0002047390353254741,0.0002124816965078935,0.00036075548898968916,0.0003607779723713267,34.44914965899189,44.32637598917555,59.16546318418245,59.16703377057601,60.99292988461106,90.0,90.0,90.0,1.0101166691413201,1.3941758252613832,1.4685527380246346,1.479235484617538,,data/Nikolaisen2022_merrill_msh/PLAG126.msh,371155,0.3539609909057617,pymeshfix_gmsh,498991,0.4758749008178711,2862,10388,26.71099662780762,26.89527893066407,13.78738498687744,13.91190433502198,13.35937213897705,13.69937133789062,3.1136853966842374e-09,8.576792578634388e-08,1.874953299493543e-07,3.6074595095011344e-07,0.01142551526554414,0.5476189190718179,0.7962331190808545,0.9862589353478469,1.0008256481571811,1.3123294115268571,2.1828553687571084,145.29691522889746,1.0141305443093658,1.554371318887162,2.529482016569743,51.299853808207764,1.8339130891946185,49.33116548311629,67.11243426115057,82.04937293577983,-1.0,-1.0,-1.0,-1.0,0.0022138564190102255,0.009929571052356864,0.014396732208146574,0.029170207624977705,2.2138564190102253e-09,9.929571052356863e-09,1.4396732208146573e-08,2.9170207624977704e-08,2.6710996627807618e-05,2.6895278930664067e-05,1.3787384986877439e-05,1.3911904335021979e-05,1.335937213897705e-05,1.369937133789062e-05,401104,824256,274752,664832,10990080,19732536.0,18.81841278076172,0.018377356231212616,18.82 MiB,Screening estimate; calibrate with real Merrill.jl runs.,ok,gmsh;pymeshfix_gmsh,gmsh: Exception: Invalid boundary mesh (overlapping facets) on surface 25 surface 30,,,
PLAG125,PLAG,data/Nikolaisen2022/Plag Binary meshes/PLAG125-binary.stl,Plag Binary meshes,64035,0.06106853485107422,ascii,0.0006861722691933,0.109432128563443,121,1,01_small,um,1e-06,0.009,9e-09,data/Nikolaisen2022/Plag Binary meshes/PLAG125-binary.stl,64035,200,395,0.09696623826175207,0.00045864521614683246,10.084648132324219,10.187026977539062,12.417664527893066,12.874238967895508,6.919372081756592,7.01937198638916,0.4784784510692103,4,3,1,False,0.00020476321719797852,0.00021247180075079086,0.00036074987615716635,0.00036077235479761076,34.44982500311328,44.61301551601138,59.165081428539615,59.16664113262965,60.99451338578494,90.0,90.0,90.0,1.0101331170951215,1.393955405098647,1.4639457633207982,1.479223917020194,,data/Nikolaisen2022_merrill_msh/PLAG125.msh,288274,0.2749195098876953,pymeshfix_gmsh,386836,0.3689155578613281,2320,7970,10.08464813232422,10.18702697753906,12.41766452789307,12.87423896789551,6.919372081756591,7.019371986389161,7.847566567514445e-09,8.872466866597373e-08,1.905785797950522e-07,3.3906175942317194e-07,0.14980167810911507,0.5493050875931373,0.7916115079524656,0.984694492449128,1.0003168521221066,1.3070001202556236,2.09978618960648,5.559712107607929,1.0061620665245075,1.5472498080745778,2.4554051938704706,4.261832558835263,11.805759696559646,49.80662490114905,67.54073441022614,82.67054844123145,-1.0,-1.0,-1.0,-1.0,0.0028610374201433735,0.010109231495658665,0.014521111666179427,0.021026130110343887,2.8610374201433735e-09,1.0109231495658664e-08,1.4521111666179426e-08,2.1026130110343886e-08,1.008464813232422e-05,1.0187026977539061e-05,1.2417664527893069e-05,1.287423896789551e-05,6.91937208175659e-06,7.019371986389161e-06,310720,668160,222720,510080,8908800,15930720.0,15.192718505859375,0.014836639165878296,15.19 MiB,Screening estimate; calibrate with real Merrill.jl runs.,ok,gmsh;pymeshfix_gmsh,gmsh: Exception: Wrong topology of triangulation for parametrization: one edge is incident to 3 triangles,,,
PLAG124,PLAG,data/Nikolaisen2022/Plag Binary meshes/PLAG124-binary.stl,Plag Binary meshes,64785,0.061783790588378906,ascii,0.0008090073675322,0.115607129565664,122,1,01_small,um,1e-06,0.009,9e-09,data/Nikolaisen2022/Plag Binary meshes/PLAG124-binary.stl,64785,209,415,0.10273621007189349,0.007384761831953086,8.262299537658691,8.385156631469727,2.103264093399048,2.5183310508728027,4.839372158050537,4.9393720626831055,0.4442684161773557,10,10,1,False,0.0002047536804639094,0.00021247410927571764,0.00036076111766603677,0.0003607864060205303,34.44844140102193,44.61433184461598,59.165626694048186,59.167426868346574,60.995270544327674,90.0,90.0,90.0,1.010140617789955,1.3939546678003747,1.4639785188313361,1.4792476169588842,,data/Nikolaisen2022_merrill_msh/PLAG124.msh,220822,0.21059226989746094,pymeshfix_gmsh,293509,0.27991199493408203,1790,6091,8.262299537658691,8.385156631469727,2.103264093399048,2.476824045181274,4.839372158050536,4.939372062683106,3.7652799658936675e-09,9.588856173580998e-08,1.9621978041355197e-07,3.6323865826165585e-07,0.05086851022879181,0.5422110797601407,0.7905297893265215,0.9783392758527578,1.0016856608562081,1.306846234712661,2.163058442738474,4.260324462340532,1.025770242404028,1.5487431189937528,2.515767472032847,4.2886508027840895,9.577523213586758,49.95268005746256,67.9115662891083,83.96512581256869,-1.0,-1.0,-1.0,-1.0,0.0011550591944736637,0.010131315702482924,0.014764929989543625,0.018876154768431297,1.1550591944736637e-09,1.0131315702482924e-08,1.4764929989543624e-08,1.8876154768431297e-08,8.262299537658691e-06,8.385156631469727e-06,2.1032640933990477e-06,2.476824045181274e-06,4.839372158050536e-06,4.939372062683106e-06,237872,515520,171840,389824,6873600,12282984.0,11.713966369628906,0.011439420282840729,11.71 MiB,Screening estimate; calibrate with real Merrill.jl runs.,ok,gmsh;pymeshfix_gmsh,gmsh: Exception: Invalid boundary mesh (overlapping facets) on surface 86 surface 92,,,
PLAG123,PLAG,data/Nikolaisen2022/Plag Binary meshes/PLAG123-binary.stl,Plag Binary meshes,67275,0.06415843963623047,ascii,0.0008645248892496,0.118193327502627,123,2,02_large,um,1e-06,0.009,9e-09,data/Nikolaisen2022/Plag Binary meshes/PLAG123-binary.stl,67275,210,415,0.10532673221972538,0.0006126865281089091,7.340889930725098,7.422793865203857,14.057177543640137,14.576011657714844,10.739372253417969,10.879371643066406,0.543596285411078,2,1,1,False,0.00020475356700444536,0.00021247661652523675,0.0003607611097701182,0.0003607667305938688,34.45073950369273,44.32570902063745,59.165069821995466,59.167780157574526,60.99411204031386,90.0,90.0,90.0,1.0101283997416157,1.3941764771801746,1.4558213876280173,1.4792082544988039,,data/Nikolaisen2022_merrill_msh/PLAG123.msh,314908,0.3003196716308594,voxel,314908,0.3003196716308594,2399,8844,7.340889930725098,7.422793865203857,14.066123008728027,14.576011657714844,10.739372253417969,10.879371643066406,1.187063051027801e-07,1.1871896170850595e-07,1.1871896170850595e-07,1.1871896170850595e-07,0.41212304030301516,0.5666884440639779,0.6871124890871632,0.6871124890871632,1.3666190369255633,1.3927537035055506,1.616085984621108,1.616085984621108,1.3803916805516516,1.7057679554800644,1.9792930213925277,1.9792930213925277,34.501066926891035,53.90469311156184,58.98123215810921,58.98302819117652,-1.0,-1.0,-1.0,-1.0,0.008749961853027344,0.012513320025800656,0.01547259301634982,0.01547259301634982,8.749961853027343e-09,1.2513320025800655e-08,1.547259301634982e-08,1.547259301634982e-08,7.3408899307250975e-06,7.422793865203857e-06,1.4066123008728026e-05,1.4576011657714843e-05,1.0739372253417968e-05,1.0879371643066406e-05,340584,690912,230304,566016,9212160,16559964.0,15.79281234741211,0.015422668308019638,15.79 MiB,Screening estimate; calibrate with real Merrill.jl runs.,ok,gmsh;pymeshfix_gmsh;voxel,gmsh: Exception: Wrong topology of boundary mesh for parametrization | pymeshfix_gmsh: Exception: Wrong topology of boundary mesh for parametrization,0.009,1474.0,2399.0
PLAG122,PLAG,data/Nikolaisen2022/Plag Binary meshes/PLAG122-binary.stl,Plag Binary meshes,67938,0.06479072570800781,ascii,0.001739025191349,0.149200089490851,124,2,02_large,um,1e-06,0.009,9e-09,data/Nikolaisen2022/Plag Binary meshes/PLAG122-binary.stl,67938,216,427,0.1109593692587831,0.00017722171400831374,3.7166740894317627,3.9419069290161133,8.993367195129395,9.180147171020508,13.11937141418457,13.259371757507324,0.32437121874729213,2,1,1,False,0.00020474403049774992,0.00021247661652523675,0.0003607526831902696,0.00036076392017657844,34.4493412784001,44.613664736491685,59.16585514036257,59.16605158248057,60.994111733273925,90.0,90.0,90.0,1.0101288842680125,1.39395504114504,1.463993155997168,1.4792322023815037,,data/Nikolaisen2022_merrill_msh/PLAG122.msh,538993,0.5140237808227539,voxel,538993,0.5140237808227539,3568,15678,3.7166740894317627,3.9419069290161133,8.993367195129395,9.180147171020508,13.11937141418457,13.259371757507324,1.1685112987710039e-07,1.1685422224034375e-07,1.1686695839535632e-07,1.1687948970121043e-07,0.4111697256346187,0.5694266026032112,0.6922368480924835,0.6922943747521556,1.3663507703215787,1.3929153823539748,1.6131303235712822,1.6131303235712824,1.3765667411344,1.7059659708204855,1.975673090680182,1.9756730906801825,34.69600198544341,54.119460895269626,59.245171611697806,59.24880277292742,-1.0,-1.0,-1.0,-1.0,0.008749961853027344,0.012476557042789091,0.015389381601705403,0.015390475009721212,8.749961853027343e-09,1.2476557042789091e-08,1.5389381601705404e-08,1.5390475009721212e-08,3.7166740894317626e-06,3.9419069290161135e-06,8.993367195129393e-06,9.180147171020508e-06,1.311937141418457e-05,1.3259371757507324e-05,587328,1027584,342528,1003392,13701120,24992928.0,23.835113525390625,0.023276478052139282,23.84 MiB,Screening estimate; calibrate with real Merrill.jl runs.,ok,gmsh;pymeshfix_gmsh;voxel,gmsh: Exception: Wrong topology of boundary mesh for parametrization | pymeshfix_gmsh: Exception: Wrong topology of boundary mesh for parametrization,0.009,2613.0,3568.0
PLAG121,PLAG,data/Nikolaisen2022/Plag Binary meshes/PLAG121-binary.stl,Plag Binary meshes,69141,0.06593799591064453,ascii,0.0015768945413867,0.144411354848491,125,2,02_large,um,1e-06,0.009,9e-09,data/Nikolaisen2022/Plag Binary meshes/PLAG121-binary.stl,69141,221,434,0.11973491036735748,0.0019179701200925537,5.887107849121094,6.0713911056518555,9.844253540039062,10.031034469604492,13.219371795654297,13.51937198638916,0.3985568324942666,10,6,1,False,0.00020474403049774992,0.00029506970338925886,0.0003607611097701182,0.00036077235146093895,34.448880766778835,44.32570902063745,59.16585514036257,59.16664089983677,60.994111733273925,90.0,90.0,90.0,1.0101288842680125,1.3941764771801746,1.4639903623347952,1.4792400905782201,,data/Nikolaisen2022_merrill_msh/PLAG121.msh,477869,0.4557313919067383,voxel,477869,0.4557313919067383,3329,13734,5.90553617477417,6.062176704406738,9.853147506713867,10.022140502929688,13.219371795654297,13.51937198638916,1.241575153260871e-07,1.241708283772694e-07,1.2419028184908892e-07,1.2419028184908892e-07,0.40751237534020207,0.562504584065029,0.6898409516867782,0.6898775208360182,1.366509491584771,1.3945676298487413,1.6043597266961573,1.604369631137851,1.3793207762955642,1.707989552465969,1.9649313471383316,1.9649434775524974,34.60301005590201,53.96090225308655,60.14667736422897,60.14667736422897,-1.0,-1.0,-1.0,-1.0,0.008893966674804688,0.012718309988102501,0.01570516433090935,0.015705984170881312,8.893966674804687e-09,1.27183099881025e-08,1.570516433090935e-08,1.570598417088131e-08,5.905536174774169e-06,6.062176704406738e-06,9.853147506713867e-06,1.0022140502929686e-05,1.3219371795654297e-05,1.351937198638916e-05,519384,958752,319584,878976,12783360,23190084.0,22.115787506103516,0.021597448736429214,22.12 MiB,Screening estimate; calibrate with real Merrill.jl runs.,ok,gmsh;pymeshfix_gmsh;voxel,gmsh: Exception: Wrong topology of triangulation for parametrization: one edge is incident to 3 triangles | pymeshfix_gmsh: Exception: Wrong topology of boundary mesh for parametrization,0.009,2289.0,3329.0
PLAG120,PLAG,data/Nikolaisen2022/Plag Binary meshes/PLAG120-binary.stl,Plag Binary meshes,69210,0.06600379943847656,ascii,0.0009906818385181,0.123683526566367,126,2,02_large,um,1e-06,0.009,9e-09,data/Nikolaisen2022/Plag Binary meshes/PLAG120-binary.stl,69210,217,435,0.11842307785555214,0.0007357134293826502,6.583285808563232,6.8699469566345215,12.479925155639648,12.625198364257812,7.079371929168701,7.419372081756592,0.46784508409895154,17,19,1,False,0.00020474891209687485,0.00029154452948006984,0.00036075549232100106,0.000360766733928757,34.449517993023896,44.32639185934991,59.165462484063276,59.166248255772906,60.994111733273925,90.0,90.0,90.0,1.0101288842680125,1.3941758097571748,1.4791974838168822,1.4792291755136726,,data/Nikolaisen2022_merrill_msh/PLAG120.msh,332548,0.3171424865722656,voxel,332548,0.3171424865722656,2573,9300,6.5922441482543945,6.843072414398193,12.479925155639648,12.625198364257812,7.079371929168701,7.419372081756592,1.2127902841718718e-07,1.2129176781092849e-07,1.2129822430873594e-07,1.2129822430873594e-07,0.40928299072729746,0.5707272524845192,0.6972153042123589,0.6972153042123589,1.3661260511106212,1.393503964192705,1.6079141505404795,1.6079141505404795,1.369724048308332,1.7066868334088638,1.9692846095124144,1.9692846095124144,34.88388580473342,54.522130816895356,59.73863143354975,59.73952006346976,-1.0,-1.0,-1.0,-1.0,0.008947372436523438,0.012660915465676341,0.015580242833062006,0.01558051699553925,8.947372436523437e-09,1.266091546567634e-08,1.5580242833062005e-08,1.558051699553925e-08,6.592244148254394e-06,6.8430724143981934e-06,1.2479925155639648e-05,1.2625198364257812e-05,7.079371929168701e-06,7.419372081756591e-06,359352,741024,247008,595200,9880320,17734356.0,16.912799835205078,0.01651640608906746,16.91 MiB,Screening estimate; calibrate with real Merrill.jl runs.,ok,gmsh;pymeshfix_gmsh;voxel,gmsh: Exception: Wrong topology of triangulation for parametrization: one edge is incident to 4 triangles | pymeshfix_gmsh: Exception: Wrong topology of boundary mesh for parametrization,0.009,1550.0,2573.0
PLAG119,PLAG,data/Nikolaisen2022/Plag Binary meshes/PLAG119-binary.stl,Plag Binary meshes,70959,0.0676717758178711,ascii,0.0018941812322301,0.153511518969992,127,2,02_large,um,1e-06,0.009,9e-09,data/Nikolaisen2022/Plag Binary meshes/PLAG119-binary.stl,70959,225,446,0.11226040461240336,0.00870302111021032,18.60257911682129,18.848289489746094,1.1486120223999023,1.3768980503082275,9.01937198638916,9.099371910095215,0.34480151637424944,5,5,1,False,0.0002047390353254741,0.0002124728888475147,0.00036075689154222064,0.0003607906123437674,34.447843793080885,44.61416730018779,59.16527143648075,59.16762751851468,60.99292988461106,90.0,90.0,90.0,1.0101166691413204,1.3939547598271083,1.4639845013170214,1.4792578546647464,,data/Nikolaisen2022_merrill_msh/PLAG119.msh,549745,0.5242776870727539,voxel,549745,0.5242776870727539,3568,16062,18.611679077148438,18.848289489746094,1.1486120223999023,1.3677666187286377,9.01937198638916,9.099371910095215,1.2309576650817075e-07,1.2310897420843986e-07,1.231347778081482e-07,1.2313638531177493e-07,0.4114971809015871,0.5732626585790818,0.6963685522195076,0.6964069162219132,1.3663528975914585,1.3927850760671674,1.613956068812598,1.613996300408637,1.3776685716717434,1.7058063788640074,1.976684417929559,1.9767336913704754,34.850215762104334,54.053178655838124,59.16441238341364,59.16441238341364,-1.0,-1.0,-1.0,-1.0,0.00888824462890625,0.012721129054832045,0.015659187945817072,0.015660365943084856,8.88824462890625e-09,1.2721129054832044e-08,1.565918794581707e-08,1.5660365943084855e-08,1.8611679077148438e-05,1.8848289489746092e-05,1.1486120223999023e-06,1.3677666187286377e-06,9.01937198638916e-06,9.099371910095215e-06,599616,1027584,342528,1027968,13701120,25048224.0,23.887847900390625,0.02332797646522522,23.89 MiB,Screening estimate; calibrate with real Merrill.jl runs.,ok,gmsh;pymeshfix_gmsh;voxel,gmsh: ValueError: zero-size array to reduction operation maximum which has no identity | pymeshfix_gmsh: Exception: Wrong topology of boundary mesh for parametrization,0.009,2677.0,3568.0
PLAG118,PLAG,data/Nikolaisen2022/Plag Binary meshes/PLAG118-binary.stl,Plag Binary meshes,71716,0.06839370727539062,ascii,0.0015705991709162,0.1442189227267,128,2,02_large,um,1e-06,0.009,9e-09,data/Nikolaisen2022/Plag Binary meshes/PLAG118-binary.stl,71716,229,450,0.11906918864623439,0.0016827367129552818,1.5667150020599365,1.7919490337371826,9.865006446838379,10.031034469604492,12.639371871948242,12.939372062683105,0.41023869613941355,7,3,1,False,0.00020474522256108685,0.000212477853551718,0.0003607512800994542,0.0003607751573292372,34.44941803059364,44.32690794232769,59.16595336160902,59.16595336160902,60.99420637873661,90.0,90.0,90.0,1.0101298218583066,1.3941753057743282,1.4639814406545766,1.4792308877189269,,data/Nikolaisen2022_merrill_msh/PLAG118.msh,497043,0.4740171432495117,pymeshfix_gmsh,672247,0.6411046981811523,3708,14038,1.566715002059936,1.791949033737183,9.865006446838379,10.03103446960449,12.63937187194824,12.93937206268311,6.7308437524608365e-09,8.717776724633872e-08,1.9157557708346413e-07,3.30828635080738e-07,0.02337498636901366,0.5534277464663618,0.7976690362433125,0.9789152513905883,1.001052053677732,1.3094864831455237,2.1921226679797674,25.08900546765167,1.0223665268565982,1.5520306258302474,2.5461727252817705,10.475195905509604,5.400480059839712,49.36165693913506,67.19865883388508,82.78167076445357,-1.0,-1.0,-1.0,-1.0,0.0029427141302157313,0.009981343113717055,0.014406009374245486,0.0290825522009352,2.9427141302157312e-09,9.981343113717055e-09,1.4406009374245485e-08,2.90825522009352e-08,1.566715002059936e-06,1.791949033737183e-06,9.865006446838378e-06,1.003103446960449e-05,1.263937187194824e-05,1.293937206268311e-05,538208,1067904,355968,898432,14238720,25648848.0,24.460647583007812,0.023887351155281067,24.46 MiB,Screening estimate; calibrate with real Merrill.jl runs.,ok,gmsh;pymeshfix_gmsh,gmsh: ValueError: zero-size array to reduction operation maximum which has no identity,,,
PLAG117,PLAG,data/Nikolaisen2022/Plag Binary meshes/PLAG117-binary.stl,Plag Binary meshes,72297,0.06894779205322266,ascii,0.0019319585313596,0.154525346454056,129,2,02_large,um,1e-06,0.009,9e-09,data/Nikolaisen2022/Plag Binary meshes/PLAG117-binary.stl,72297,225,446,0.11140167020192923,0.002015637005995637,26.096723556518555,26.240053176879883,6.918035984039307,7.167075157165527,12.199371337890625,12.319372177124023,0.31139057667346665,0,0,1,True,0.00020474879875109764,0.00021247166841931175,0.000360744254220975,0.00036078359104281164,34.448262609097725,44.32637598917555,59.16546225162776,59.16703377057601,60.99373345506567,90.0,90.0,90.0,1.010124648649406,1.3941758252613832,1.463973679421061,1.4792506797935838,,data/Nikolaisen2022_merrill_msh/PLAG117.msh,620467,0.5917234420776367,gmsh,813394,0.7757129669189453,4118,18036,26.096724,26.240053,6.918035999999999,7.167075,12.199371,12.319372,9.743056985528227e-09,1.0753946144019913e-07,1.9744550607503893e-07,3.6239526465434554e-07,0.055659311659948064,0.6003709190373854,0.8159409561509497,0.9742326483083447,1.0019391616723126,1.2584584522592928,2.076096406466527,14.290435550932912,1.0173783516344816,1.4870360857488012,2.444464865613231,6.325007903826092,8.374889877165383,50.064615445042264,66.46358609346788,83.90776717166302,-1.0,-1.0,-1.0,-1.0,0.0030965796766195025,0.010428276114905771,0.01457841880516439,0.026152309429127753,3.0965796766195026e-09,1.0428276114905771e-08,1.4578418805164389e-08,2.615230942912775e-08,2.6096723999999996e-05,2.6240052999999998e-05,6.918035999999999e-06,7.1670749999999995e-06,1.2199371e-05,1.2319372e-05,675984,1185984,395328,1154304,15813120,28837080.0,27.501182556152344,0.026856623589992523,27.50 MiB,Screening estimate; calibrate with real Merrill.jl runs.,ok,gmsh,,,,
PLAG116,PLAG,data/Nikolaisen2022/Plag Binary meshes/PLAG116-binary.stl,Plag Binary meshes,73593,0.07018375396728516,ascii,0.0020401233852183,0.157356952914541,130,2,02_large,um,1e-06,0.009,9e-09,data/Nikolaisen2022/Plag Binary meshes/PLAG116-binary.stl,73593,230,454,0.11649334470825096,0.002135582254929829,17.35355567932129,17.537837982177734,6.585981845855713,6.855774879455566,13.139371871948242,13.239372253417969,0.3416845393329601,4,2,1,False,0.00020474879875109764,0.0002124816965078935,0.00036075548898968916,0.0003607779723713267,34.44980179266129,44.613673672650606,59.16546225162776,59.16703377057601,60.99373345506567,90.0,90.0,90.0,1.010124648649406,1.393955036139686,1.4639836269373365,1.479224314564088,,data/Nikolaisen2022_merrill_msh/PLAG116.msh,647151,0.6171712875366211,pymeshfix_gmsh,869364,0.8290901184082031,4311,18796,17.35355567932129,17.53783798217773,6.585981845855713,6.855774879455568,13.13937187194824,13.23937225341797,3.0318495221903035e-09,1.0959543526533592e-07,2.0073658433533376e-07,3.8746927478688797e-07,0.030111041951145934,0.5959479171058688,0.8167360331301725,0.978921329648345,1.001051169381842,1.2662625910595438,2.073726871339055,152.2416956923964,1.0240591013284062,1.4951274273504969,2.424901801235067,19.134562065699264,6.81817524697542,49.83982161713871,66.78273058917338,83.35735428049043,-1.0,-1.0,-1.0,-1.0,0.0020601817919051317,0.010491126364625764,0.014658921520047457,0.024906240861519997,2.0601817919051315e-09,1.0491126364625763e-08,1.4658921520047456e-08,2.4906240861519995e-08,1.7353555679321287e-05,1.753783798217773e-05,6.585981845855713e-06,6.855774879455568e-06,1.3139371871948239e-05,1.3239372253417969e-05,704936,1241568,413856,1202944,16554240,30176316.0,28.778377532958984,0.028103884309530258,28.78 MiB,Screening estimate; calibrate with real Merrill.jl runs.,ok,gmsh;pymeshfix_gmsh,gmsh: ValueError: zero-size array to reduction operation maximum which has no identity,,,
PLAG115,PLAG,data/Nikolaisen2022/Plag Binary meshes/PLAG115-binary.stl,Plag Binary meshes,73755,0.07033824920654297,ascii,0.0014674188678629,0.140988976836896,131,2,02_large,um,1e-06,0.009,9e-09,data/Nikolaisen2022/Plag Binary meshes/PLAG115-binary.stl,73755,229,455,0.11782507906860887,0.003304251935606402,1.5257630348205566,1.62814199924469,14.63827133178711,14.94957160949707,11.899372100830078,12.0393705368042,0.3563549878057789,1,2,1,False,0.00020473545930599357,0.000212477853551718,0.0003607512800994542,0.0003607625149719945,34.44941803059364,43.94355617301423,59.16442127243771,59.1674855002659,60.993449512122695,90.0,90.0,90.0,1.0101218354426387,1.3946562499597672,1.4558269580980314,1.4792308877189269,,data/Nikolaisen2022_merrill_msh/PLAG115.msh,487803,0.46520519256591797,pymeshfix_gmsh,655845,0.625462532043457,3521,13895,1.525763034820557,1.62814199924469,14.63827133178711,14.94957160949707,11.89937210083008,12.0393705368042,9.756668942469676e-09,1.0560071637776553e-07,2.0648973504699964e-07,3.3032613760737454e-07,0.12752898142844574,0.5711301332703761,0.804157107317363,0.9719713817004234,1.0012425571351484,1.2879192156663604,2.0352365992836647,3.8334975130455065,1.0271170898544912,1.52442397085471,2.388669051866613,4.234950449625882,11.69559266767786,49.86313358099016,66.78187346327901,80.40197486791189,-1.0,-1.0,-1.0,-1.0,0.002518294681889276,0.010447571015814556,0.014862556752292923,0.018956856683000452,2.5182946818892757e-09,1.0447571015814554e-08,1.4862556752292922e-08,1.895685668300045e-08,1.525763034820557e-06,1.62814199924469e-06,1.4638271331787109e-05,1.494957160949707e-05,1.1899372100830079e-05,1.20393705368042e-05,529144,1014048,338016,889280,13520640,24436692.0,23.304645538330078,0.022758442908525467,23.30 MiB,Screening estimate; calibrate with real Merrill.jl runs.,ok,gmsh;pymeshfix_gmsh,gmsh: Exception: Wrong topology of triangulation for parametrization: one edge is incident to 3 triangles,,,
PLAG114,PLAG,data/Nikolaisen2022/Plag Binary meshes/PLAG114-binary.stl,Plag Binary meshes,74613,0.07115650177001953,ascii,0.0016759520223926,0.147374039126146,132,2,02_large,um,1e-06,0.009,9e-09,data/Nikolaisen2022/Plag Binary meshes/PLAG114-binary.stl,74613,242,478,0.11728579397905271,0.0017464170970144454,8.48753547668457,8.671817779541016,4.3238701820373535,4.655922889709473,9.799371719360352,9.879371643066406,0.38809658026248445,4,2,1,False,0.00020474879875109764,0.00021247655013212352,0.0003607450966696244,0.00036078359104281164,34.44953704125263,44.61433184461598,59.16546225162776,59.16703377057601,60.99449031283514,90.0,90.0,90.0,1.0101326346934139,1.3939546678003747,1.4639751938179781,1.4792288492485905,,data/Nikolaisen2022_merrill_msh/PLAG114.msh,503343,0.4800252914428711,pymeshfix_gmsh,675727,0.6444234848022461,3525,14446,8.50801086425781,8.671817779541016,4.323870182037354,4.655922889709473,9.79937171936035,9.879371643066408,4.937609708121962e-12,1.1639162989949958e-07,2.1359637009376842e-07,3.5519968221720504e-07,1.0009030850198286e-05,0.582945885727102,0.8069370166824308,0.9755688901668019,1.0027947198798175,1.2741838269939132,2.076091039697447,255778619.3843529,1.0267021854545961,1.5052429914350998,2.4196361338541195,25932.41710719333,0.006143021769220419,50.426138370000174,66.75825071722599,82.4646139847899,-1.0,-1.0,-1.0,-1.0,4.966822827950943e-06,0.010740085192722234,0.01499787243862335,0.026719023026036307,4.966822827950943e-12,1.0740085192722233e-08,1.4997872438623348e-08,2.6719023026036304e-08,8.50801086425781e-06,8.671817779541015e-06,4.323870182037354e-06,4.655922889709472e-06,9.799371719360349e-06,9.879371643066407e-06,546872,1015200,338400,924544,13536000,24541524.0,23.404621124267578,0.022856075316667557,23.40 MiB,Screening estimate; calibrate with real Merrill.jl runs.,ok,gmsh;pymeshfix_gmsh,gmsh: Exception: Wrong topology of triangulation for parametrization: one edge is incident to 3 triangles,,,
PLAG113,PLAG,data/Nikolaisen2022/Plag Binary meshes/PLAG113-binary.stl,Plag Binary meshes,81693,0.07790851593017578,ascii,0.0028440566446878,0.175784214723851,133,2,02_large,um,1e-06,0.009,9e-09,data/Nikolaisen2022/Plag Binary meshes/PLAG113-binary.stl,81693,254,504,0.1371623252964465,0.0029267704270780357,21.510143280029297,21.776329040527344,8.183987617492676,8.412274360656738,14.879371643066406,15.01937198638916,0.3775841526426489,3,3,1,False,0.00020474879875109764,0.0002915413424890376,0.0003607555002254055,0.0003607779723713267,34.448573760498284,44.61301551601138,59.16546225162776,59.16703377057601,60.99449031283514,90.0,90.0,90.0,1.0101326346934139,1.393955405098647,1.4639931274490585,1.4792453495867504,,data/Nikolaisen2022_merrill_msh/PLAG113.msh,837501,0.7987031936645508,voxel,837501,0.7987031936645508,5307,24600,21.510143280029297,21.7674560546875,8.183987617492676,8.412274360656738,14.879371643066406,15.01937198638916,1.1813271913781408e-07,1.1815811856140852e-07,1.1817099683046155e-07,1.1818333844892948e-07,0.4117543314549515,0.56195629507522,0.6818627513782246,0.681901491797503,1.3667488534484138,1.393012519412286,1.615431573999648,1.6154535487209378,1.37946512576165,1.706084938934474,1.9784915353401118,1.9785184487673118,34.2993416561477,53.972853689974954,59.06446830497078,59.069821400017666,-1.0,-1.0,-1.0,-1.0,0.008749961853027344,0.012461609452374177,0.015449102007438233,0.015450205846736734,8.749961853027343e-09,1.2461609452374175e-08,1.5449102007438234e-08,1.5450205846736732e-08,2.1510143280029296e-05,2.17674560546875e-05,8.183987617492676e-06,8.412274360656739e-06,1.4879371643066405e-05,1.5019371986389159e-05,914568,1528416,509472,1574400,20378880,37358604.0,35.6279411315918,0.034792911261320114,35.63 MiB,Screening estimate; calibrate with real Merrill.jl runs.,ok,gmsh;pymeshfix_gmsh;voxel,gmsh: Exception: Wrong topology of triangulation for parametrization: one edge is incident to 3 triangles | pymeshfix_gmsh: Exception: Wrong topology of boundary mesh for parametrization,0.009,4100.0,5307.0
PLAG112,PLAG,data/Nikolaisen2022/Plag Binary meshes/PLAG112-binary.stl,Plag Binary meshes,81771,0.07798290252685547,ascii,0.0025203248365236,0.16884412960667,134,2,02_large,um,1e-06,0.009,9e-09,data/Nikolaisen2022/Plag Binary meshes/PLAG112-binary.stl,81771,259,514,0.13839643665906165,0.0026162208484687656,3.000020980834961,3.245729923248291,13.35156536102295,13.538344383239746,9.059371948242188,9.219371795654297,0.34764815358928364,0,0,1,True,0.00020474403049774992,0.0002915350214632644,0.0003607526852832725,0.00036076392017657844,34.4493412784001,44.327074682165176,59.16585514036257,59.16605158248057,60.994111733273925,90.0,90.0,90.0,1.0101288842680125,1.394175143026523,1.4792103742711722,1.4792322023815037,,data/Nikolaisen2022_merrill_msh/PLAG112.msh,762825,0.7274866104125977,voxel,762825,0.7274866104125977,4920,22320,3.000020980834961,3.245729923248291,13.35156536102295,13.538344383239746,9.059371948242188,9.219371795654297,1.1989777501560106e-07,1.199137728783578e-07,1.199266391630014e-07,1.199266391630014e-07,0.40977859540977274,0.5662183014392822,0.6907303686620031,0.6907488841756929,1.3662994820692458,1.3934472745132687,1.6094888421503217,1.6095053269158752,1.371791200927341,1.7066174030147134,1.9712132049855928,1.97123339461766,34.63832803793577,54.41298791504909,59.60454126394823,59.60454126394823,-1.0,-1.0,-1.0,-1.0,0.00888824462890625,0.012574596998971892,0.015522192057439774,0.015522738517179195,8.88824462890625e-09,1.2574596998971891e-08,1.5522192057439772e-08,1.5522738517179195e-08,3.000020980834961e-06,3.2457299232482907e-06,1.3351565361022949e-05,1.3538344383239746e-05,9.059371948242187e-06,9.219371795654296e-06,832320,1416960,472320,1428480,18892800,34564320.0,32.963104248046875,0.032190531492233276,32.96 MiB,Screening estimate; calibrate with real Merrill.jl runs.,ok,gmsh;pymeshfix_gmsh;voxel,gmsh: Exception: Wrong topology of boundary mesh for parametrization | pymeshfix_gmsh: Exception: Wrong topology of boundary mesh for parametrization,0.009,3720.0,4920.0
PLAG111,PLAG,data/Nikolaisen2022/Plag Binary meshes/PLAG111-binary.stl,Plag Binary meshes,82665,0.07883548736572266,ascii,0.0022776472183139,0.163241011988103,135,2,02_large,um,1e-06,0.009,9e-09,data/Nikolaisen2022/Plag Binary meshes/PLAG111-binary.stl,82665,257,510,0.12717693520864454,0.0023527335989920843,23.312013626098633,23.455345153808594,12.18937873840332,12.521431922912598,4.01937198638916,4.159371852874756,0.38781852301612424,0,0,1,True,0.0002047536804639094,0.00021247166841931175,0.0003607498715821029,0.00036077235479761076,34.44921098410805,44.32705882826191,59.165109053640805,59.16817326110164,60.9945136934832,90.0,90.0,90.0,1.0101326317160813,1.394175158499121,1.4639883771086337,1.4792344341757253,,data/Nikolaisen2022_merrill_msh/PLAG111.msh,685993,0.6542139053344727,voxel,685993,0.6542139053344727,4432,20064,23.312013626098633,23.455345153808594,12.18937873840332,12.521431922912598,4.01937198638916,4.159371852874756,1.1722028960918045e-07,1.1724525134035786e-07,1.1725771098449606e-07,1.1726410105048976e-07,0.41139029960161744,0.5740560135022337,0.6975156256549145,0.6975351113207533,1.366327524657246,1.3928025091821794,1.6136692118425644,1.6136692118425644,1.3772509247279738,1.705827729982211,1.9763330913266886,1.9763330913266888,34.89130238277929,54.07288973800619,59.19192137672261,59.19373792738416,-1.0,-1.0,-1.0,-1.0,0.008749961853027344,0.012522868122660197,0.01540637055959639,0.015407196898223988,8.749961853027343e-09,1.2522868122660198e-08,1.5406370559596388e-08,1.540719689822399e-08,2.3312013626098632e-05,2.345534515380859e-05,1.218937873840332e-05,1.2521431922912596e-05,4.01937198638916e-06,4.159371852874756e-06,748416,1276416,425472,1284096,17018880,31129920.0,29.68780517578125,0.028991997241973877,29.69 MiB,Screening estimate; calibrate with real Merrill.jl runs.,ok,gmsh;pymeshfix_gmsh;voxel,gmsh: Exception: Wrong topology of boundary mesh for parametrization | pymeshfix_gmsh: Exception: Wrong topology of boundary mesh for parametrization,0.009,3344.0,4432.0
PLAG110,PLAG,data/Nikolaisen2022/Plag Binary meshes/PLAG110-binary.stl,Plag Binary meshes,83313,0.0794534683227539,ascii,0.0010532582406573,0.126234698701416,136,2,02_large,um,1e-06,0.009,9e-09,data/Nikolaisen2022/Plag Binary meshes/PLAG110-binary.stl,83313,261,514,0.13688788466724244,0.0049431370111546365,4.18761682510376,4.494753837585449,13.496838569641113,13.642111778259277,13.419371604919434,13.85937213897705,0.5559117911587974,12,9,1,False,0.00020473426729950006,0.0002915307899452404,0.00036075549565903127,0.0003607723448077223,34.449187774232996,44.327074682165176,59.16585514036257,59.166640435655275,60.993308156917955,90.0,90.0,90.0,1.0101204197226628,1.394175143026523,1.4791971370527432,1.4792348317382653,,data/Nikolaisen2022_merrill_msh/PLAG110.msh,481671,0.45935726165771484,pymeshfix_gmsh,656975,0.6265401840209961,3804,13393,4.18761682510376,4.474277973175049,13.49683856964111,13.64211177825928,13.41937160491943,13.85937213897705,4.599417666535459e-09,8.203376128705737e-08,1.8635668303597502e-07,3.797796697346494e-07,0.06594826542286152,0.5413706357371768,0.7963811474526256,0.9994746909385205,1.0004672004405433,1.3282285441078354,2.16790065185328,36.4370498464262,1.0104197403054975,1.568624374491776,2.534500237017559,8.698585778000018,7.438519576620862,49.091741080262615,67.23763208844022,82.72488522566887,-1.0,-1.0,-1.0,-1.0,0.0031813719084854606,0.00979922472463666,0.014373226332587129,0.02099388895769854,3.1813719084854606e-09,9.799224724636659e-09,1.4373226332587128e-08,2.099388895769854e-08,4.18761682510376e-06,4.474277973175049e-06,1.3496838569641109e-05,1.3642111778259279e-05,1.341937160491943e-05,1.3859372138977051e-05,519872,1095552,365184,857152,14607360,26167680.0,24.9554443359375,0.024370551109313965,24.96 MiB,Screening estimate; calibrate with real Merrill.jl runs.,ok,gmsh;pymeshfix_gmsh,gmsh: Exception: Wrong topology of triangulation for parametrization: one edge is incident to 3 triangles,,,
PLAG109,PLAG,data/Nikolaisen2022/Plag Binary meshes/PLAG109-binary.stl,Plag Binary meshes,84474,0.08056068420410156,ascii,0.0019807147235515,0.155814463694156,137,2,02_large,um,1e-06,0.009,9e-09,data/Nikolaisen2022/Plag Binary meshes/PLAG109-binary.stl,84474,271,531,0.1464656988394315,0.003334553137608303,3.3071579933166504,3.470963954925537,14.534503936767578,14.742036819458008,3.579371929168701,3.839371919631958,0.370813006105915,11,4,1,False,0.00020474891209687485,0.0002915480049650075,0.00036075830270669546,0.0003607611114358296,34.44997850859797,44.32605838085539,59.16709279240999,59.16738739641846,60.99413510547198,90.0,90.0,90.0,1.0101288807874642,1.394176135622527,1.479199970579772,1.4792212878366704,,data/Nikolaisen2022_merrill_msh/PLAG109.msh,747559,0.7129278182983398,pymeshfix_gmsh,1013885,0.9669160842895508,5210,21483,3.30715799331665,3.470963954925537,14.53450393676758,14.74203681945801,3.579371929168701,3.839371919631958,7.1525294006685804e-09,9.39304850862953e-08,1.805753970538595e-07,5.339076071540473e-07,0.08832296288888536,0.5813191694275499,0.8070704433535445,0.9898776241170328,1.0006071594136783,1.2793798811749577,2.074242176110671,19.429506211720827,1.0142929993602663,1.5104479293635846,2.4166942728013665,6.722362107756543,8.833654823867084,49.51073292781649,66.69098585988421,84.34572347024873,-1.0,-1.0,-1.0,-1.0,0.002464727114021326,0.009995391382599151,0.014143349316983168,0.027955037776769005,2.464727114021326e-09,9.995391382599151e-09,1.4143349316983168e-08,2.7955037776769003e-08,3.30715799331665e-06,3.470963954925537e-06,1.453450393676758e-05,1.4742036819458009e-05,3.579371929168701e-06,3.839371919631958e-06,812496,1500480,500160,1374912,20006400,36291672.0,34.610435485839844,0.03379925340414047,34.61 MiB,Screening estimate; calibrate with real Merrill.jl runs.,ok,gmsh;pymeshfix_gmsh,gmsh: Exception: Invalid boundary mesh (overlapping facets) on surface 5 surface 20,,,
PLAG108,PLAG,data/Nikolaisen2022/Plag Binary meshes/PLAG108-binary.stl,Plag Binary meshes,85020,0.08108139038085938,ascii,0.0023940199917798,0.165975142484808,138,2,02_large,um,1e-06,0.009,9e-09,data/Nikolaisen2022/Plag Binary meshes/PLAG108-binary.stl,85020,260,515,0.14320151145539178,0.0028855731910351987,10.76034927368164,10.944631576538086,12.874238967895508,13.081771850585938,12.659371376037598,12.919371604919434,0.38030248955598667,8,8,1,False,0.0002047392622444022,0.0002950559600402421,0.00036076673515312863,0.0003607779723713267,34.448573760498284,44.32640772877653,59.16624802309894,59.16703377057601,60.99373314760741,90.0,90.0,90.0,1.0101251340138813,1.3941757942540631,1.4791918293676452,1.4792453495867504,,data/Nikolaisen2022_merrill_msh/PLAG108.msh,703213,0.6706361770629883,voxel,703213,0.6706361770629883,4639,20472,10.76034927368164,10.935417175292969,12.874238967895508,13.054702758789062,12.659371376037598,12.919371604919434,1.2421732914852957e-07,1.2423045855653597e-07,1.2424331752129703e-07,1.2425653348954735e-07,0.41039384738692936,0.5665786057499106,0.6901024847340264,0.6901401865506311,1.3663354315940603,1.3932231982985328,1.611135030857769,1.611135030857769,1.3739343277408296,1.7063429668199153,1.9732293661623823,1.9732293661623823,34.61307820815221,54.28160653869194,59.44387219462641,59.44740950380331,-1.0,-1.0,-1.0,-1.0,0.008965492248535156,0.012719646058793397,0.0157065141316269,0.01570760636647464,8.965492248535156e-09,1.2719646058793396e-08,1.5706514131626902e-08,1.5707606366474642e-08,1.0760349273681641e-05,1.0935417175292969e-05,1.2874238967895508e-05,1.3054702758789063e-05,1.2659371376037597e-05,1.2919371604919432e-05,766440,1336032,445344,1310208,17813760,32507676.0,31.00173568725586,0.0302751325070858,31.00 MiB,Screening estimate; calibrate with real Merrill.jl runs.,ok,gmsh;pymeshfix_gmsh;voxel,gmsh: Exception: Wrong topology of triangulation for parametrization: one edge is incident to 3 triangles | pymeshfix_gmsh: Exception: Wrong topology of boundary mesh for parametrization,0.009,3412.0,4639.0
PLAG107,PLAG,data/Nikolaisen2022/Plag Binary meshes/PLAG107-binary.stl,Plag Binary meshes,87813,0.08374500274658203,ascii,0.0024260719058647,0.166712570867301,139,2,02_large,um,1e-06,0.009,9e-09,data/Nikolaisen2022/Plag Binary meshes/PLAG107-binary.stl,87813,277,552,0.14469669942675983,0.0025213341637311724,25.19578742980957,25.33911895751953,7.893441200256348,8.183987617492676,9.67937183380127,9.819372177124023,0.35293234979954263,0,1,1,True,0.00020474879875109764,0.0002124816965078935,0.0003607611074756598,0.00036078359104281164,34.448262609097725,44.61301551601138,59.16550169673353,59.16856589390032,60.99373345506567,90.0,90.0,90.0,1.010124648649406,1.393955405098647,1.463983269055799,1.4792506797935838,,data/Nikolaisen2022_merrill_msh/PLAG107.msh,802691,0.7655057907104492,gmsh,1066898,1.0174732208251953,5393,23269,25.195787,25.339119,7.893440999999999,8.183988,9.679371999999999,9.819372000000001,5.7722204727004246e-09,1.0336978383680296e-07,1.9625857265290908e-07,3.2789259701765424e-07,0.03115603678647041,0.5924435312686288,0.813630632365991,0.9724981554622453,1.0016131379659055,1.2683617183353628,2.057155527291005,131.93102491910292,1.0204460318314885,1.4983714135701809,2.413873197031889,16.738062547065898,2.9599922893163684,50.11289251376404,66.72712676850323,82.53208840700178,-1.0,-1.0,-1.0,-1.0,0.0030963630420756593,0.010314853181787854,0.014509301037996485,0.028696499500450133,3.0963630420756593e-09,1.0314853181787853e-08,1.4509301037996485e-08,2.869649950045013e-08,2.5195786999999998e-05,2.5339118999999998e-05,7.893440999999998e-06,8.183987999999999e-06,9.679372e-06,9.819372000000001e-06,874040,1553184,517728,1489216,20709120,37714932.0,35.9677619934082,0.0351247675716877,35.97 MiB,Screening estimate; calibrate with real Merrill.jl runs.,ok,gmsh,,,,
PLAG106,PLAG,data/Nikolaisen2022/Plag Binary meshes/PLAG106-binary.stl,Plag Binary meshes,89475,0.08533000946044922,ascii,0.0026147032048668,0.170925919797537,140,2,02_large,um,1e-06,0.009,9e-09,data/Nikolaisen2022/Plag Binary meshes/PLAG106-binary.stl,89475,275,542,0.15073845313560377,0.0033970730864444805,23.721529006958008,23.926288604736328,12.91574478149414,13.144031524658203,15.199371337890625,15.439372062683105,0.3894119642328804,9,7,1,False,0.00020474879875109764,0.0002950629283111731,0.0003607555002254055,0.0003607779723713267,34.448573760498284,44.32774165145066,59.16546225162776,59.16703377057601,60.99449031283514,90.0,90.0,90.0,1.0101326346934139,1.3941744924291908,1.479202487493161,1.4792453495867504,,data/Nikolaisen2022_merrill_msh/PLAG106.msh,861183,0.8212881088256836,pymeshfix_gmsh,1165339,1.111353874206543,5769,24982,23.72152900695801,23.92628860473633,12.91574478149414,13.1440315246582,15.19937133789062,15.43937206268311,1.2925741871519546e-09,1.0554326483523981e-07,1.9809943162441774e-07,3.499928693533301e-07,0.03501461965265326,0.5913969892162162,0.8176098950133791,0.9862730177056697,1.00069565207678,1.269657511556659,2.0912596499807226,87.37294483788374,1.01413807530653,1.4991555888712114,2.444871407130914,21.53536169580509,2.657094878153307,49.54565927376679,66.32297300851273,84.34827206060123,-1.0,-1.0,-1.0,-1.0,0.002807483563533811,0.010361457716495347,0.014583338004616656,0.024339250308742132,2.807483563533811e-09,1.0361457716495346e-08,1.4583338004616655e-08,2.433925030874213e-08,2.372152900695801e-05,2.3926288604736332e-05,1.291574478149414e-05,1.3144031524658199e-05,1.5199371337890619e-05,1.543937206268311e-05,937880,1661472,553824,1598848,22152960,40357476.0,38.48788833618164,0.03758582845330238,38.49 MiB,Screening estimate; calibrate with real Merrill.jl runs.,ok,gmsh;pymeshfix_gmsh,gmsh: TimeoutError: Mesh conversion exceeded 30 seconds. Increase mesh_timeout_seconds to retry this STL.,,,
PLAG105,PLAG,data/Nikolaisen2022/Plag Binary meshes/PLAG105-binary.stl,Plag Binary meshes,90525,0.08633136749267578,ascii,0.0019673337018044,0.15546279442297,141,2,02_large,um,1e-06,0.009,9e-09,data/Nikolaisen2022/Plag Binary meshes/PLAG105-binary.stl,90525,292,580,0.14729395189952035,0.002137445205005453,4.371899127960205,4.494753837585449,8.453781127929688,8.951860427856445,5.319372177124023,5.479372024536133,0.5373790281212419,0,0,1,True,0.00020474891209687485,0.00021247180075079086,0.0003607501567353406,0.0003607723502156211,34.450132014376,43.94155801478111,59.165462484063276,59.16738751254068,60.99413510547198,90.0,90.0,90.0,1.0101288807874642,1.3946593163528025,1.4639597311099266,1.4792186586952911,,data/Nikolaisen2022_merrill_msh/PLAG105.msh,647515,0.617518424987793,gmsh,853646,0.8141002655029297,4565,18555,4.371899,4.494754,8.453781,8.95186,5.319372,5.479372000000001,8.421159269166668e-09,1.0875846025118725e-07,2.0964504039166505e-07,3.750935982667665e-07,0.04485262632948485,0.5783628019450052,0.8103451253913772,0.9835253313902542,1.0008403592394743,1.2795692338618776,2.083039211681846,70.9774189145411,1.0123070162368426,1.5094279370142358,2.441679705633186,13.284621739152206,10.76694385061344,50.04584508917113,67.01744133520802,83.97859075649363,-1.0,-1.0,-1.0,-1.0,0.0030872285142520372,0.010588565036365499,0.014878571217983283,0.02571925200863918,3.0872285142520372e-09,1.0588565036365498e-08,1.4878571217983281e-08,2.571925200863918e-08,4.371899e-06,4.4947540000000006e-06,8.453780999999998e-06,8.951859999999999e-06,5.319372e-06,5.4793720000000005e-06,703320,1314720,438240,1187520,17529600,31760100.0,30.28879165649414,0.02957889810204506,30.29 MiB,Screening estimate; calibrate with real Merrill.jl runs.,ok,gmsh,,,,
PLAG104,PLAG,data/Nikolaisen2022/Plag Binary meshes/PLAG104-binary.stl,Plag Binary meshes,93519,0.0891866683959961,ascii,0.0031322321395412,0.181531406708366,142,2,02_large,um,1e-06,0.009,9e-09,data/Nikolaisen2022/Plag Binary meshes/PLAG104-binary.stl,93519,291,577,0.14513382834379016,0.005489037709564415,14.548372268676758,14.875984191894531,4.635169982910156,4.821949005126953,13.699371337890625,13.799371719360352,0.39014875582116343,2,1,1,False,0.0002047392622444022,0.00021247655013212352,0.00036074987262030316,0.00036078359104281164,34.44949060751884,44.613691543728315,59.16546225162776,59.16703377057601,60.99373314760741,90.0,90.0,90.0,1.0101251340138813,1.3939550261300195,1.4640078307395101,1.4792296445839697,,data/Nikolaisen2022_merrill_msh/PLAG104.msh,902713,0.8608942031860352,voxel,902713,0.8608942031860352,5614,26622,14.548372268676758,14.875984191894531,4.635169982910156,4.821949005126953,13.699371337890625,13.799371719360352,1.2262185077281199e-07,1.2264127640434358e-07,1.2265414267337467e-07,1.2265414267337467e-07,0.4067268791971047,0.5684416328279511,0.698655345927551,0.698655345927551,1.3662799801602004,1.394695351190391,1.6020775578752129,1.6020849034842506,1.3763310845808863,1.7081459785241224,1.9621362725792284,1.9621452690762247,34.93563495423428,54.129130765269366,60.34812320614034,60.3490166961997,-1.0,-1.0,-1.0,-1.0,0.008893966674804688,0.012717976502720788,0.01563884726557309,0.01563940221051643,8.893966674804687e-09,1.2717976502720787e-08,1.5638847265573088e-08,1.563940221051643e-08,1.4548372268676757e-05,1.487598419189453e-05,4.635169982910156e-06,4.821949005126953e-06,1.3699371337890625e-05,1.3799371719360352e-05,986640,1616832,538944,1703808,21557760,39605976.0,37.771202087402344,0.03688593953847885,37.77 MiB,Screening estimate; calibrate with real Merrill.jl runs.,ok,gmsh;pymeshfix_gmsh;voxel,gmsh: Exception: Wrong topology of boundary mesh for parametrization | pymeshfix_gmsh: Exception: Wrong topology of boundary mesh for parametrization,0.009,4437.0,5614.0
PLAG103,PLAG,data/Nikolaisen2022/Plag Binary meshes/PLAG103-binary.stl,Plag Binary meshes,97389,0.09287738800048828,ascii,0.0034840400187409,0.188088180028302,143,2,02_large,um,1e-06,0.009,9e-09,data/Nikolaisen2022/Plag Binary meshes/PLAG103-binary.stl,97389,314,624,0.16011670576207582,0.0035850545507084526,0.05150600150227547,0.25626298785209656,4.386128902435303,4.655922889709473,5.4393720626831055,5.579370975494385,0.36648862822289036,0,1,1,True,0.000204739893920447,0.00021247800818002816,0.0003607569853370527,0.00036077401454498844,34.44907277492312,44.61321208378941,59.16557206382337,59.1663644267655,60.993390664007194,90.0,90.0,90.0,1.010121487384275,1.393955294838046,1.463986348071067,1.479236801580275,,data/Nikolaisen2022_merrill_msh/PLAG103.msh,988779,0.9429731369018555,pymeshfix_gmsh,1341522,1.2793750762939453,6344,28964,0.05150600150227547,0.2562629878520966,4.386128902435303,4.655922889709473,5.439372062683105,5.579370975494386,7.743505245731574e-09,1.20995299644249e-07,2.1328973523714034e-07,3.944040046364412e-07,0.11994106688852164,0.610831773867305,0.8225069961021423,0.987671786143375,1.00024989704085,1.2494755487406217,2.02524648653822,4.223882655711763,1.0121484348559713,1.4743723655185335,2.3808543526395423,4.441811484221056,12.553712816705826,50.10702088996334,66.58763992508378,84.13864929438733,-1.0,-1.0,-1.0,-1.0,0.003096485991684164,0.010770097297309695,0.014958035205437484,0.01836731223275527,3.0964859916841638e-09,1.0770097297309695e-08,1.4958035205437484e-08,1.836731223275527e-08,5.1506001502275465e-08,2.562629878520966e-07,4.386128902435302e-06,4.655922889709472e-06,5.439372062683105e-06,5.579370975494386e-06,1079104,1827072,609024,1853696,24360960,44594784.0,42.528900146484375,0.04153212904930115,42.53 MiB,Screening estimate; calibrate with real Merrill.jl runs.,ok,gmsh;pymeshfix_gmsh,gmsh: TimeoutError: Mesh conversion exceeded 30 seconds. Increase mesh_timeout_seconds to retry this STL.,,,
PLAG102,PLAG,data/Nikolaisen2022/Plag Binary meshes/PLAG102-binary.stl,Plag Binary meshes,102759,0.09799861907958984,ascii,0.0024856333916562,0.168065853009435,144,2,02_large,um,1e-06,0.009,9e-09,data/Nikolaisen2022/Plag Binary meshes/PLAG102-binary.stl,102759,326,646,0.16005210993064573,0.0026350131599492095,21.448715209960938,21.571571350097656,4.614416122436523,5.133248805999756,5.199371814727783,5.359372138977051,0.5566696403277164,5,3,1,False,0.0002047536804639094,0.00021247166841931175,0.0003607611151184425,0.00036078359104281164,34.44983329645115,44.32705882826191,59.16506958921053,59.16703377057601,60.99449031283514,90.0,90.0,90.0,1.0101326346934139,1.394175158499121,1.4639785188313361,1.479223774973854,,data/Nikolaisen2022_merrill_msh/PLAG102.msh,754419,0.7194700241088867,pymeshfix_gmsh,1022307,0.9749479293823242,5204,21734,21.44871520996094,21.57157135009766,4.635169982910156,5.133248805999756,5.199371814727782,5.359372138977052,7.95686422058843e-09,1.1550464143599154e-07,2.1597132997982336e-07,3.761541384498046e-07,0.07894578123930313,0.5860281830377724,0.8114932993120638,0.9813996534233451,1.001052027121063,1.2699543994482143,2.0725556033381847,7.3428816617061505,1.0223440136744946,1.5013004163501378,2.4263538758980605,5.656739331735128,10.50246790803947,50.29346926661347,66.75049990954557,82.88578732997284,-1.0,-1.0,-1.0,-1.0,0.0024772133087427517,0.010746190474632836,0.015031532931318472,0.021987944175591946,2.4772133087427517e-09,1.0746190474632836e-08,1.503153293131847e-08,2.1987944175591945e-08,2.144871520996094e-05,2.157157135009766e-05,4.635169982910156e-06,5.133248805999756e-06,5.199371814727782e-06,5.359372138977051e-06,820384,1498752,499584,1390976,19983360,36289584.0,34.60844421386719,0.033797308802604675,34.61 MiB,Screening estimate; calibrate with real Merrill.jl runs.,ok,gmsh;pymeshfix_gmsh,gmsh: ValueError: zero-size array to reduction operation maximum which has no identity,,,
PLAG101,PLAG,data/Nikolaisen2022/Plag Binary meshes/PLAG101-binary.stl,Plag Binary meshes,109275,0.10421276092529297,ascii,0.0020431594624265,0.157434972878988,145,2,02_large,um,1e-06,0.009,9e-09,data/Nikolaisen2022/Plag Binary meshes/PLAG101-binary.stl,109275,334,662,0.1745640079535014,0.0005571814400538075,21.61252212524414,22.001562118530273,14.03642463684082,14.160944938659668,13.919371604919434,14.159371376037598,0.4737692603767179,9,7,1,False,0.0002047390353254741,0.0002915274410326915,0.00036075548898968916,0.0003607779723713267,34.44919606749968,44.32637598917555,59.16546225162776,59.16703377057601,60.99292988461106,90.0,90.0,90.0,1.0101166691413204,1.3941758252613832,1.4640026286372831,1.4792346896825652,,data/Nikolaisen2022_merrill_msh/PLAG101.msh,635873,0.6064157485961914,voxel,635873,0.6064157485961914,4496,18210,21.62156867980957,22.001562118530273,14.03642463684082,14.152050971984863,13.919371604919434,14.159371376037598,1.1919099728030513e-07,1.1921612715533789e-07,1.1924170315730231e-07,1.1924170315730231e-07,0.4094217309951109,0.5690800921654506,0.6948898960662532,0.6949277822739023,1.366177320037405,1.393489325849387,1.60840330464092,1.6084200861031313,1.3703097501853885,1.7066689051729595,1.9698836984882502,1.9699042514980276,34.791952059311036,54.49018639809626,59.701668771018674,59.701668771018674,-1.0,-1.0,-1.0,-1.0,0.00888824462890625,0.012574596998971892,0.015491229738340877,0.015492324470571377,8.88824462890625e-09,1.2574596998971891e-08,1.5491229738340875e-08,1.5492324470571375e-08,2.162156867980957e-05,2.2001562118530273e-05,1.4036424636840819e-05,1.4152050971984862e-05,1.3919371604919433e-05,1.4159371376037596e-05,690624,1294848,431616,1165440,17264640,31270752.0,29.822113037109375,0.029123157262802124,29.82 MiB,Screening estimate; calibrate with real Merrill.jl runs.,ok,gmsh;pymeshfix_gmsh;voxel,gmsh: Exception: Wrong topology of triangulation for parametrization: one edge is incident to 3 triangles | pymeshfix_gmsh: Exception: Wrong topology of boundary mesh for parametrization,0.009,3035.0,4496.0
PLAG100,PLAG,data/Nikolaisen2022/Plag Binary meshes/PLAG100-binary.stl,Plag Binary meshes,110232,0.10512542724609375,ascii,0.0048422886503845,0.209902374085807,146,2,02_large,um,1e-06,0.009,9e-09,data/Nikolaisen2022/Plag Binary meshes/PLAG100-binary.stl,110232,350,693,0.18935402758974582,0.004704497104136499,21.96061134338379,22.20631980895996,9.740487098693848,9.989526748657227,2.9993720054626465,3.1993720531463623,0.4029806650239782,6,3,1,False,0.0002047536804639094,0.00029153439176086456,0.00036076111766603677,0.00036077516357866106,34.44983329645115,44.61301551601138,59.165109053640805,59.16683745232384,60.99488042713304,90.0,90.0,90.0,1.0101366262149762,1.393955405098647,1.4792027417111042,1.479223774973854,,data/Nikolaisen2022_merrill_msh/PLAG100.msh,1377957,1.314122200012207,voxel,1377957,1.314122200012207,8445,40764,21.96061134338379,22.197219848632812,9.740487098693848,9.989526748657227,2.9993720054626465,3.1993720531463623,1.226282828883582e-07,1.226282828883582e-07,1.22667137567381e-07,1.226703546441596e-07,0.40673059586454097,0.5684464806556572,0.6986561600615521,0.6986653305092996,1.366279316051187,1.3946962776155551,1.602079596724922,1.6020942815080486,1.3763182120521147,1.7081471131585901,1.9621387696499533,1.9621567547627756,34.93350652860395,54.128416518716456,60.347287978251735,60.348152352510326,-1.0,-1.0,-1.0,-1.0,0.008893966674804688,0.012717983868509452,0.01563843747218078,0.01564008978899214,8.893966674804687e-09,1.2717983868509452e-08,1.5638437472180777e-08,1.5640089788992137e-08,2.1960611343383787e-05,2.2197219848632813e-05,9.740487098693847e-06,9.989526748657225e-06,2.9993720054626464e-06,3.199372053146362e-06,1507128,2432160,810720,2608896,32428800,59681556.0,56.91676712036133,0.05558278039097786,56.92 MiB,Screening estimate; calibrate with real Merrill.jl runs.,ok,gmsh;pymeshfix_gmsh;voxel,gmsh: Exception: Wrong topology of boundary mesh for parametrization | pymeshfix_gmsh: Exception: Wrong topology of boundary mesh for parametrization,0.009,6794.0,8445.0
PLAG099,PLAG,data/Nikolaisen2022/Plag Binary meshes/PLAG099-binary.stl,Plag Binary meshes,112797,0.10757160186767578,ascii,0.0021946723424992,0.161234146422036,147,2,02_large,um,1e-06,0.009,9e-09,data/Nikolaisen2022/Plag Binary meshes/PLAG099-binary.stl,112797,350,696,0.16889548387462558,0.002324388111178304,18.131635665893555,18.23401641845703,14.804298400878906,15.260869979858398,3.779371976852417,3.9993720054626465,0.5170487770179834,2,2,1,False,0.0002047536804639094,0.00020754088086505362,0.0003607498715821029,0.00036077235479761076,34.45043902681189,43.94058374018463,59.16353748792633,59.16679806933928,60.99412357282599,90.0,90.0,90.0,1.0101286401560348,1.3946608135901017,1.4558173178631857,1.4792134005389648,,data/Nikolaisen2022_merrill_msh/PLAG099.msh,693379,0.6612577438354492,pymeshfix_gmsh,941387,0.8977766036987305,4924,19834,18.13163566589355,18.23401641845703,14.82505035400391,15.2608699798584,3.779371976852417,3.999372005462647,4.569308092528166e-09,1.1200559227041022e-07,2.0805154677184812e-07,4.09533910087823e-07,0.03575898633599203,0.5764456506487916,0.8037702662061817,0.9765521039437546,1.0033708621156343,1.2812588735980115,2.08933356289771,47.62796673901151,1.035923600797764,1.5157119261257723,2.444982847105268,12.1878083121305,5.1658523580846305,50.08767581614323,67.03504536305117,82.86556038032602,-1.0,-1.0,-1.0,-1.0,0.0028076493230529942,0.010650973747476766,0.014980801063461804,0.030198050941853034,2.807649323052994e-09,1.0650973747476765e-08,1.4980801063461803e-08,3.019805094185303e-08,1.813163566589355e-05,1.823401641845703e-05,1.482505035400391e-05,1.52608699798584e-05,3.779371976852417e-06,3.999372005462647e-06,752864,1418112,472704,1269376,18908160,34231824.0,32.64601135253906,0.03188087046146393,32.65 MiB,Screening estimate; calibrate with real Merrill.jl runs.,ok,gmsh;pymeshfix_gmsh,gmsh: Exception: Wrong topology of triangulation for parametrization: one edge is incident to 3 triangles,,,
PLAG098,PLAG,data/Nikolaisen2022/Plag Binary meshes/PLAG098-binary.stl,Plag Binary meshes,113931,0.10865306854248047,ascii,0.0018207092799839,0.151500475000783,148,2,02_large,um,1e-06,0.009,9e-09,data/Nikolaisen2022/Plag Binary meshes/PLAG098-binary.stl,113931,354,703,0.17191061301481247,0.004268913382148677,10.637495040893555,10.76034927368164,3.016411066055298,3.639009952545166,12.459371566772461,12.599371910095215,0.6498635488338009,7,6,1,False,0.00020476787176448852,0.00021247410927571764,0.00036075548692376,0.00036079201703199644,34.44837170511388,44.614002756717504,59.16546225162776,59.167819029164136,60.99292988461106,90.0,90.0,90.0,1.0101166691413201,1.3939548518925715,1.463976591692866,1.47924881089248,,data/Nikolaisen2022_merrill_msh/PLAG098.msh,596723,0.5690793991088867,pymeshfix_gmsh,812138,0.7745151519775391,4452,16854,10.63749504089355,10.76034927368164,3.037163019180298,3.639009952545166,12.45937156677246,12.59937191009522,3.89779165069631e-09,1.0810552402318198e-07,2.1084502356492818e-07,3.829383616036074e-07,0.022003883429067773,0.5652832730458172,0.7976101658471966,0.9698679435277721,1.0030673885161523,1.2929450292664235,2.106267758514538,370.0981488429832,1.0287057202849434,1.5311355437992207,2.452148499852081,29.23285186435072,3.3474666857787048,50.425749014053864,67.33352323954361,84.12064161449177,-1.0,-1.0,-1.0,-1.0,0.0027506910527229553,0.010634605132574085,0.01504861728574302,0.02644467948237561,2.7506910527229554e-09,1.0634605132574085e-08,1.504861728574302e-08,2.644467948237561e-08,1.0637495040893549e-05,1.0760349273681641e-05,3.037163019180298e-06,3.639009952545166e-06,1.245937156677246e-05,1.259937191009522e-05,646176,1282176,427392,1078656,17095680,30795120.0,29.368515014648438,0.028680190443992615,29.37 MiB,Screening estimate; calibrate with real Merrill.jl runs.,ok,gmsh;pymeshfix_gmsh,gmsh: Exception: PLC Error:  A segment and a facet intersect at point,,,
PLAG097,PLAG,data/Nikolaisen2022/Plag Binary meshes/PLAG097-binary.stl,Plag Binary meshes,116037,0.11066150665283203,ascii,0.005000313566544,0.212161318516755,149,2,02_large,um,1e-06,0.009,9e-09,data/Nikolaisen2022/Plag Binary meshes/PLAG097-binary.stl,116037,359,716,0.19490050015891727,0.005103520638339432,4.719987869262695,4.924746036529541,14.098684310913086,14.347724914550781,10.11937141418457,10.339371681213379,0.3903168543830157,0,1,1,True,0.00020474403049774992,0.000291530880880581,0.0003607611097701182,0.0003607667305938688,34.449187774232996,44.327074682165176,59.16585514036257,59.16624802309894,60.994111733273925,90.0,90.0,90.0,1.0101288842680125,1.394175143026523,1.4792144808218868,1.4792348317382653,,data/Nikolaisen2022_merrill_msh/PLAG097.msh,1425697,1.3596506118774414,voxel,1425697,1.3596506118774414,8698,42216,4.719987869262695,4.924746036529541,14.098684310913086,14.347724914550781,10.11937141418457,10.339371681213379,1.2094949466403757e-07,1.2096855845147858e-07,1.2098152956004082e-07,1.2098152956004082e-07,0.4039608555599456,0.5795594071803946,0.6861328590085269,0.6862063633288178,1.3664731555505085,1.3960163793405598,1.5960806575144675,1.5961102499914535,1.373529607838406,1.7097639009760055,1.954791599618159,1.95482784285258,35.639595507087634,54.31938005331422,60.97819725810352,60.97907348953484,-1.0,-1.0,-1.0,-1.0,0.008893966674804688,0.012584038904530642,0.015568774692077066,0.015569319516836037,8.893966674804687e-09,1.2584038904530641e-08,1.5568774692077067e-08,1.5569319516836037e-08,4.719987869262695e-06,4.924746036529541e-06,1.4098684310913085e-05,1.4347724914550781e-05,1.011937141418457e-05,1.0339371681213378e-05,1559664,2505024,835008,2701824,33400320,61502760.0,58.653602600097656,0.05727890878915787,58.65 MiB,Screening estimate; calibrate with real Merrill.jl runs.,ok,gmsh;pymeshfix_gmsh;voxel,gmsh: Exception: Wrong topology of boundary mesh for parametrization | pymeshfix_gmsh: Exception: Wrong topology of boundary mesh for parametrization,0.009,7036.0,8698.0
PLAG096,PLAG,data/Nikolaisen2022/Plag Binary meshes/PLAG096-binary.stl,Plag Binary meshes,119277,0.11375141143798828,ascii,0.0052997481540863,0.216314452480651,150,2,02_large,um,1e-06,0.009,9e-09,data/Nikolaisen2022/Plag Binary meshes/PLAG096-binary.stl,119277,370,736,0.20280147552832223,0.005392505707140553,8.917526245117188,9.122285842895508,10.964933395385742,11.213973045349121,10.339371681213379,10.61937141418457,0.427021182847128,0,0,1,True,0.0002047390353254741,0.00029505589817333677,0.0003607667239442284,0.0003607892076581378,34.44852729518899,43.94426341205642,59.166209076944696,59.16856589390032,60.992173012993774,90.0,90.0,90.0,1.0101086831570603,1.3946551663299873,1.4640026286372831,1.4792461455525676,,data/Nikolaisen2022_merrill_msh/PLAG096.msh,1533497,1.4624567031860352,voxel,1533497,1.4624567031860352,9362,45402,8.917526245117188,9.122285842895508,10.964933395385742,11.213973045349121,10.339371681213379,10.61937141418457,1.1919405088368223e-07,1.1919405088368223e-07,1.1920683171693161e-07,1.1921960159713696e-07,0.4061537486830294,0.5783125385123324,0.6965769786872994,0.696614825255115,1.3661383614998823,1.3948143282982515,1.6004449342432225,1.6004614253032157,1.3698314771068467,1.7082916951267877,1.960136725159034,1.9601569225001862,35.442385811336734,54.51534454169541,60.49315777861597,60.49315777861597,-1.0,-1.0,-1.0,-1.0,0.008893966674804688,0.012584038904530642,0.01548998274014903,0.015491078441166187,8.893966674804687e-09,1.2584038904530641e-08,1.548998274014903e-08,1.5491078441166186e-08,8.917526245117188e-06,9.122285842895508e-06,1.0964933395385741e-05,1.121397304534912e-05,1.0339371681213378e-05,1.061937141418457e-05,1677552,2696256,898752,2905728,35950080,66192552.0,63.126136779785156,0.06164661794900894,63.13 MiB,Screening estimate; calibrate with real Merrill.jl runs.,ok,gmsh;pymeshfix_gmsh;voxel,gmsh: Exception: Wrong topology of boundary mesh for parametrization | pymeshfix_gmsh: Exception: Wrong topology of boundary mesh for parametrization,0.009,7567.0,9362.0
PLAG095,PLAG,data/Nikolaisen2022/Plag Binary meshes/PLAG095-binary.stl,Plag Binary meshes,119613,0.11407184600830078,ascii,0.0029636122921132,0.178213632196575,151,2,02_large,um,1e-06,0.009,9e-09,data/Nikolaisen2022/Plag Binary meshes/PLAG095-binary.stl,119613,378,752,0.1835946981769275,0.00043249058649199386,8.303253173828125,8.426107406616211,8.88960075378418,9.40843391418457,13.779372215270996,13.959371566772461,0.5627439714345721,2,2,1,False,0.00020474879875109764,0.00021246190499368822,0.00036075548898968916,0.0003607779744816612,34.44922588591055,44.32637598917555,59.16546225162776,59.16778062253444,60.99373345506567,90.0,90.0,90.0,1.010124648649406,1.3941758252613832,1.4639639113083969,1.4792341789229402,,data/Nikolaisen2022_merrill_msh/PLAG095.msh,960561,0.9160623550415039,voxel,960561,0.9160623550415039,6198,28104,8.303253173828125,8.426107406616211,8.88960075378418,9.40843391418457,13.779372215270996,13.959371566772461,1.1772658097550584e-07,1.1775192946284856e-07,1.177644071495565e-07,1.177644071495565e-07,0.405979900847029,0.570527867267071,0.6960181420512574,0.6960181420512574,1.3662900066175532,1.3950097763289946,1.600372801926892,1.600372801926892,1.376263259188955,1.7085310691000632,1.960048381474548,1.960048381474548,35.08187910508932,54.91661955037848,60.520890844628646,60.52443252848485,-1.0,-1.0,-1.0,-1.0,0.008774757385253906,0.012531338724962099,0.015428262757069917,0.01542881908681564,8.774757385253905e-09,1.2531338724962098e-08,1.5428262757069917e-08,1.542881908681564e-08,8.303253173828124e-06,8.426107406616211e-06,8.88960075378418e-06,9.40843391418457e-06,1.3779372215270995e-05,1.395937156677246e-05,1048080,1785024,595008,1798656,23800320,43540632.0,41.523582458496094,0.04055037349462509,41.52 MiB,Screening estimate; calibrate with real Merrill.jl runs.,ok,gmsh;pymeshfix_gmsh;voxel,gmsh: Exception: Wrong topology of triangulation for parametrization: one edge is incident to 3 triangles | pymeshfix_gmsh: Exception: Wrong topology of boundary mesh for parametrization,0.009,4684.0,6198.0
PLAG094,PLAG,data/Nikolaisen2022/Plag Binary meshes/PLAG094-binary.stl,Plag Binary meshes,122640,0.1169586181640625,ascii,0.0028597206552835,0.176106342174913,152,2,02_large,um,1e-06,0.009,9e-09,data/Nikolaisen2022/Plag Binary meshes/PLAG094-binary.stl,122640,379,743,0.20524112686190524,0.0033676641696410415,25.154836654663086,25.461973190307617,11.940339088439941,12.147871971130371,14.739372253417969,15.139371871948242,0.5453461687312824,14,3,1,False,0.0002047390353254741,0.0002915413424890376,0.0003607555021422634,0.0003607779723713267,34.448573760498284,44.32774165145066,59.16550169673353,59.16703377057601,60.99292988461106,90.0,90.0,90.0,1.0101166691413201,1.3941744924291908,1.4792136550338595,1.4792453495867504,,data/Nikolaisen2022_merrill_msh/PLAG094.msh,854049,0.8144845962524414,voxel,854049,0.8144845962524414,5868,24630,25.154836654663086,25.461973190307617,11.940339088439941,12.120802879333496,14.739372253417969,15.139371871948242,1.2348430885230263e-07,1.2349736078220985e-07,1.235234370830507e-07,1.2353639589936238e-07,0.40728218794008675,0.5775083710397874,0.7022682875802531,0.7023428854996226,1.3660492170909726,1.3942625575135905,1.6029591365490239,1.6029929562877672,1.3679688737864477,1.7076159166880895,1.9632159815387071,1.9632574020902842,35.327917712267414,54.61913596061291,60.23130359084422,60.23130359084422,-1.0,-1.0,-1.0,-1.0,0.009022712707519531,0.012768136656074208,0.01567358426629636,0.015675232588200215,9.02271270751953e-09,1.2768136656074208e-08,1.567358426629636e-08,1.5675232588200213e-08,2.5154836654663085e-05,2.5461973190307616e-05,1.1940339088439941e-05,1.2120802879333496e-05,1.4739372253417968e-05,1.5139371871948242e-05,928992,1689984,563328,1576320,22533120,40937616.0,39.04115295410156,0.03812612593173981,39.04 MiB,Screening estimate; calibrate with real Merrill.jl runs.,ok,gmsh;pymeshfix_gmsh;voxel,gmsh: Exception: Wrong topology of boundary mesh for parametrization | pymeshfix_gmsh: Exception: Wrong topology of boundary mesh for parametrization,0.009,4105.0,5868.0
PLAG093,PLAG,data/Nikolaisen2022/Plag Binary meshes/PLAG093-binary.stl,Plag Binary meshes,122661,0.11697864532470703,ascii,0.0022718087677871,0.163101410313897,153,2,02_large,um,1e-06,0.009,9e-09,data/Nikolaisen2022/Plag Binary meshes/PLAG093-binary.stl,122661,395,786,0.1958106507829322,0.008518145523920433,8.037067413330078,8.159921646118164,7.7689208984375,8.516040802001953,8.819372177124023,8.999371528625488,0.7782551505496477,7,7,1,False,0.00020474879875109764,0.00021247180075079086,0.00036075549565903127,0.00036078359104281164,34.44919606749968,44.61301551601138,59.16546225162776,59.16703377057601,60.99373314760741,90.0,90.0,90.0,1.010124648649406,1.393955405098647,1.4639643567830258,1.4792346896825654,,data/Nikolaisen2022_merrill_msh/PLAG093.msh,763049,0.7277002334594727,voxel,763049,0.7277002334594727,5300,21948,8.037067413330078,8.151145935058594,7.7779221534729,8.516040802001953,8.819372177124023,8.999371528625488,1.1846715761241328e-07,1.184863098331659e-07,1.1850514275955903e-07,1.1850514275955903e-07,0.40639772808516,0.5675445861326825,0.6980237547093402,0.6980981915259761,1.3663511623689166,1.3948904621483267,1.601456157759695,1.6014561577596955,1.377714713469565,1.7083849396692063,1.9613752159746647,1.9613752159746651,34.9130875717753,55.078436935191455,60.41887315679212,60.42236274559505,-1.0,-1.0,-1.0,-1.0,0.008774757385253906,0.01256953494094049,0.015460677160940963,0.015461509935334706,8.774757385253905e-09,1.256953494094049e-08,1.5460677160940963e-08,1.5461509935334705e-08,8.037067413330079e-06,8.151145935058594e-06,7.7779221534729e-06,8.516040802001952e-06,8.819372177124023e-06,8.999371528625488e-06,829536,1526400,508800,1404672,20352000,36932112.0,35.22120666503906,0.03439570963382721,35.22 MiB,Screening estimate; calibrate with real Merrill.jl runs.,ok,gmsh;pymeshfix_gmsh;voxel,gmsh: Exception: Wrong topology of boundary mesh for parametrization | pymeshfix_gmsh: Exception: Wrong topology of boundary mesh for parametrization,0.009,3658.0,5300.0
PLAG092,PLAG,data/Nikolaisen2022/Plag Binary meshes/PLAG092-binary.stl,Plag Binary meshes,124137,0.11838626861572266,ascii,0.0042067947737602,0.200286142033488,154,2,02_large,um,1e-06,0.009,9e-09,data/Nikolaisen2022/Plag Binary meshes/PLAG092-binary.stl,124137,385,766,0.1959090172212205,3.265042326106455e-05,13.626960754394531,13.790767669677734,5.361536026000977,5.776601791381836,13.399372100830078,13.5393705368042,0.46766639515898206,3,3,1,False,0.0002047390353254741,0.00021247166841931175,0.0003607611074756598,0.00036078359104281164,34.446988138051914,44.61301551601138,59.16546318418245,59.16703377057601,60.99449031283514,90.0,90.0,90.0,1.0101326346934139,1.393955405098647,1.4639737687760097,1.4792725142563485,,data/Nikolaisen2022_merrill_msh/PLAG092.msh,1238657,1.1812753677368164,voxel,1238657,1.1812753677368164,7700,36534,13.626960754394531,13.790767669677734,5.361536026000977,5.776601791381836,13.399372100830078,13.5393705368042,1.1972482206849822e-07,1.1974420048909673e-07,1.197567496612293e-07,1.197567496612293e-07,0.4126610168049614,0.5699654304884179,0.6901664726892855,0.6901664726892855,1.3666764992473346,1.392582421640911,1.6176348792111401,1.6176764358185671,1.3823306677874703,1.7055581788947847,1.9811900220979954,1.9812409183398154,34.61158770842824,53.78582623921296,58.83659747816409,58.83748490836513,-1.0,-1.0,-1.0,-1.0,0.008749008178710938,0.012569000834935739,0.015517379287247276,0.015517938576069765,8.749008178710937e-09,1.2569000834935738e-08,1.5517379287247276e-08,1.5517938576069765e-08,1.362696075439453e-05,1.3790767669677734e-05,5.361536026000976e-06,5.776601791381836e-06,1.3399372100830078e-05,1.3539370536804199e-05,1353888,2217600,739200,2338176,29568000,54325296.0,51.80863952636719,0.05059437453746796,51.81 MiB,Screening estimate; calibrate with real Merrill.jl runs.,ok,gmsh;pymeshfix_gmsh;voxel,gmsh: Exception: Wrong topology of boundary mesh for parametrization | pymeshfix_gmsh: Exception: Wrong topology of boundary mesh for parametrization,0.009,6089.0,7700.0
PLAG090,PLAG,data/Nikolaisen2022/Plag Binary meshes/PLAG090-binary.stl,Plag Binary meshes,130725,0.12466907501220703,ascii,0.0018668248755299,0.152768911998327,155,2,02_large,um,1e-06,0.009,9e-09,data/Nikolaisen2022/Plag Binary meshes/PLAG090-binary.stl,130725,399,792,0.19821096078271633,0.005809764773985632,21.6739501953125,21.776329040527344,14.119438171386719,15.094844818115234,12.51937198638916,12.779372215270996,1.0146426333681724,6,4,1,False,0.00020474879875109764,0.00021247166841931175,0.00036075548898968916,0.0003607779723713267,34.4504705156794,43.943605604587056,59.16550169673353,59.16856589390032,60.99292988461106,90.0,90.0,90.0,1.0101166691413204,1.394656174175202,1.4558396874053077,1.4792128612444826,,data/Nikolaisen2022_merrill_msh/PLAG090.msh,708891,0.676051139831543,pymeshfix_gmsh,973006,0.9279308319091797,5434,19878,21.69442558288574,21.77632904052734,14.11943817138672,15.09484481811523,12.51937198638916,12.779372215271,5.1803812398912125e-09,9.222035629738258e-08,1.9191302486285464e-07,3.593396250925773e-07,0.08916566601106454,0.5543916715692151,0.7916769392427443,0.9551255791878018,1.0053433774100942,1.3096232058075954,2.1336532511325688,21.889868370145262,1.0291602071001833,1.5475554265050446,2.484371882352276,7.364679346272486,8.357584136674626,49.54754991407252,67.20310132474745,83.02428961217004,-1.0,-1.0,-1.0,-1.0,0.002490603184054919,0.010108253654026884,0.014619537588745148,0.022792337397428176,2.490603184054919e-09,1.0108253654026883e-08,1.4619537588745148e-08,2.2792337397428175e-08,2.1694425582885738e-05,2.1776329040527338e-05,1.411943817138672e-05,1.509484481811523e-05,1.2519371986389159e-05,1.2779372215271e-05,766512,1564992,521664,1272192,20866560,37487880.0,35.75122833251953,0.034913308918476105,35.75 MiB,Screening estimate; calibrate with real Merrill.jl runs.,ok,gmsh;pymeshfix_gmsh,gmsh: Exception: Invalid boundary mesh (overlapping facets) on surface 2 surface 4,,,
PLAG091,PLAG,data/Nikolaisen2022/Plag Binary meshes/PLAG091-binary.stl,Plag Binary meshes,130725,0.12466907501220703,ascii,0.0048559806676706,0.210100027342216,156,2,02_large,um,1e-06,0.009,9e-09,data/Nikolaisen2022/Plag Binary meshes/PLAG091-binary.stl,130725,398,792,0.20954456595192716,0.004963311096620101,14.93741226196289,15.265024185180664,10.4876070022583,10.715892791748047,13.999371528625488,14.17937183380127,0.43800009564014863,0,0,1,True,0.00020472949927352602,0.00021249146084301174,0.00036075549104686147,0.0003607779723713267,34.44914965899189,44.61168128526417,59.16546225162776,59.16703377057601,60.992172706015516,90.0,90.0,90.0,1.0101091684924066,1.3939561549886528,1.4640029007042645,1.479235484617538,,data/Nikolaisen2022_merrill_msh/PLAG091.msh,1378013,1.3141756057739258,voxel,1378013,1.3141756057739258,8513,40698,14.93741226196289,15.255924224853516,10.4876070022583,10.715892791748047,13.999371528625488,14.17937183380127,1.2464106743965744e-07,1.2465412980262533e-07,1.2466733888705922e-07,1.2466733888705922e-07,0.40992915328146884,0.5745895890058352,0.7007805977707244,0.7008174425047923,1.366112128818988,1.393221475148183,1.6095195041874126,1.6095195041874126,1.3718532619375052,1.7063408564003621,1.9712507581582681,1.9712507581582681,35.02125345664357,54.38947852624609,59.577810598370846,59.579554032700024,-1.0,-1.0,-1.0,-1.0,0.008999824523925781,0.012798676471304813,0.01572279646953296,0.015723348451546236,8.99982452392578e-09,1.2798676471304812e-08,1.5722796469532957e-08,1.5723348451546236e-08,1.493741226196289e-05,1.5255924224853515e-05,1.04876070022583e-05,1.0715892791748047e-05,1.3999371528625487e-05,1.4179371833801269e-05,1506648,2451744,817248,2604672,32689920,60105348.0,57.320926666259766,0.0559774674475193,57.32 MiB,Screening estimate; calibrate with real Merrill.jl runs.,ok,gmsh;pymeshfix_gmsh;voxel,gmsh: Exception: Wrong topology of boundary mesh for parametrization | pymeshfix_gmsh: Exception: Wrong topology of boundary mesh for parametrization,0.009,6783.0,8513.0
PLAG089,PLAG,data/Nikolaisen2022/Plag Binary meshes/PLAG089-binary.stl,Plag Binary meshes,131055,0.1249837875366211,ascii,0.0026891580381665,0.172533156512237,157,2,02_large,um,1e-06,0.009,9e-09,data/Nikolaisen2022/Plag Binary meshes/PLAG089-binary.stl,131055,400,794,0.206704916458606,0.00607443589099194,18.3978214263916,18.52067756652832,14.576011657714844,14.94957160949707,13.219371795654297,13.479372024536133,0.4714242121098996,4,2,1,False,0.00020474879875109764,0.00021247193217277527,0.00036075548898968916,0.0003607779723713267,34.448573760498284,43.94092501044982,59.16550169673353,59.16856589390032,60.99373345506567,90.0,90.0,90.0,1.010124648649406,1.3946602889786297,1.4558396874053077,1.4792453495867504,,data/Nikolaisen2022_merrill_msh/PLAG089.msh,823361,0.7852182388305664,voxel,823361,0.7852182388305664,5696,23706,18.3978214263916,18.51190185546875,14.576011657714844,14.940677642822266,13.219371795654297,13.479372024536133,1.1660208088422792e-07,1.1662742916268103e-07,1.1663993478450846e-07,1.1665234196829577e-07,0.40613616361542426,0.5729318360282462,0.6967333120712278,0.6967333120712278,1.3662044117502739,1.39486427132691,1.600596687607868,1.6005966876078686,1.3740621600755567,1.708352862594999,1.9603225843141026,1.9603225843141026,35.182851080333265,54.81126005534396,60.487615293561646,60.49296854761543,-1.0,-1.0,-1.0,-1.0,0.0087738037109375,0.012494628758534647,0.015378419914677354,0.015379527466918307,8.7738037109375e-09,1.2494628758534646e-08,1.5378419914677354e-08,1.5379527466918307e-08,1.83978214263916e-05,1.851190185546875e-05,1.4576011657714843e-05,1.4940677642822265e-05,1.3219371795654297e-05,1.3479372024536132e-05,895296,1640448,546816,1517184,21872640,39708576.0,37.869049072265625,0.0369814932346344,37.87 MiB,Screening estimate; calibrate with real Merrill.jl runs.,ok,gmsh;pymeshfix_gmsh;voxel,gmsh: Exception: Wrong topology of boundary mesh for parametrization | pymeshfix_gmsh: Exception: Wrong topology of boundary mesh for parametrization,0.009,3951.0,5696.0
PLAG088,PLAG,data/Nikolaisen2022/Plag Binary meshes/PLAG088-binary.stl,Plag Binary meshes,131550,0.1254558563232422,ascii,0.0038468787659636,0.194403147660931,158,2,02_large,um,1e-06,0.009,9e-09,data/Nikolaisen2022/Plag Binary meshes/PLAG088-binary.stl,131550,401,797,0.2050622373967873,0.005073594202452912,12.00937271118164,12.214130401611328,12.91574478149414,13.185538291931152,10.259371757507324,10.57937240600586,0.4659556471419879,5,4,1,False,0.0002047392622444022,0.00021247166841931175,0.00036075549123683245,0.00036078921432204663,34.44729928410998,43.94092501044982,59.16546225162776,59.1678194940584,60.99292988461106,90.0,90.0,90.0,1.0101166691413204,1.3946602889786297,1.4791918293676452,1.4792671833471656,,data/Nikolaisen2022_merrill_msh/PLAG088.msh,1156113,1.102555274963379,voxel,1156113,1.102555274963379,7362,33924,12.00937271118164,12.187422752380371,12.91574478149414,13.185538291931152,10.259371757507324,10.57937240600586,1.1857642551876824e-07,1.1861443179658065e-07,1.1861443179658065e-07,1.1861443179658065e-07,0.40910333420591927,0.572321395198518,0.6994165718759822,0.699491551860071,1.366085563047777,1.393539995469735,1.6074404906082302,1.6074404906082305,1.3690283743914766,1.706730962530616,1.96870449693961,1.96870449693961,34.96827804244263,54.55883387531523,59.78307277466977,59.78660632023768,-1.0,-1.0,-1.0,-1.0,0.00888824462890625,0.012579995410233075,0.015464474249644197,0.015464474249644197,8.88824462890625e-09,1.2579995410233074e-08,1.5464474249644195e-08,1.5464474249644195e-08,1.200937271118164e-05,1.2187422752380371e-05,1.291574478149414e-05,1.3185538291931152e-05,1.0259371757507324e-05,1.0579372406005859e-05,1262256,2120256,706752,2171136,28270080,51795720.0,49.39624786376953,0.04823852330446243,49.40 MiB,Screening estimate; calibrate with real Merrill.jl runs.,ok,gmsh;pymeshfix_gmsh;voxel,gmsh: Exception: Wrong topology of boundary mesh for parametrization | pymeshfix_gmsh: Exception: Wrong topology of boundary mesh for parametrization,0.009,5654.0,7362.0
PLAG087,PLAG,data/Nikolaisen2022/Plag Binary meshes/PLAG087-binary.stl,Plag Binary meshes,138717,0.13229084014892578,ascii,0.0023348640341313,0.164596649685888,159,2,02_large,um,1e-06,0.009,9e-09,data/Nikolaisen2022/Plag Binary meshes/PLAG087-binary.stl,138717,430,856,0.21019652692047414,0.002560973546818568,10.16655158996582,10.268930435180664,14.098684310913086,14.866558074951172,7.599371910095215,7.839372158050537,0.8109942444087745,2,2,1,False,0.0002047536804639094,0.00021246190499368822,0.0003607498715821029,0.00036077235479761076,34.45043902681189,43.94155801478111,59.16506958921053,59.16817326110164,60.99373345506567,90.0,90.0,90.0,1.010124648649406,1.3946593163528025,1.4639686612477332,1.4792134005389648,,data/Nikolaisen2022_merrill_msh/PLAG087.msh,824867,0.7866544723510742,pymeshfix_gmsh,1128578,1.0762958526611328,6044,23410,10.18702697753906,10.26893043518066,14.09868431091308,14.86655807495117,7.599371910095215,7.839372158050537,2.3122930078504223e-09,1.0235900501914827e-07,2.0202662797276266e-07,3.7681345800885154e-07,0.047478727768023414,0.5673228698144219,0.8010890401329064,0.9994743699601892,1.0004674860713723,1.292695801397874,2.069281470075306,80.32447378149928,1.0096972359040663,1.5293742600678435,2.4256247801978392,21.159151555463705,3.567706257095707,49.8761340735144,66.98107863820483,81.85264221674792,-1.0,-1.0,-1.0,-1.0,0.0035270495622400835,0.010386455566918126,0.014795119942156442,0.01867897335272225,3.527049562240083e-09,1.0386455566918127e-08,1.479511994215644e-08,1.8678973352722247e-08,1.0187026977539061e-05,1.026893043518066e-05,1.409868431091308e-05,1.486655807495117e-05,7.5993719100952145e-06,7.839372158050537e-06,894176,1740672,580224,1498240,23208960,41883408.0,39.94313049316406,0.03900696337223053,39.94 MiB,Screening estimate; calibrate with real Merrill.jl runs.,ok,gmsh;pymeshfix_gmsh,gmsh: Exception: Wrong topology of triangulation for parametrization: one edge is incident to 3 triangles,,,
PLAG086,PLAG,data/Nikolaisen2022/Plag Binary meshes/PLAG086-binary.stl,Plag Binary meshes,145530,0.13878822326660156,ascii,0.0036381466414407,0.190821450422791,160,2,02_large,um,1e-06,0.009,9e-09,data/Nikolaisen2022/Plag Binary meshes/PLAG086-binary.stl,145530,462,915,0.2533893849116609,0.004528964984803145,15.244548797607422,15.674539566040039,7.208581924438477,7.436869144439697,4.539371967315674,5.0593719482421875,0.7123251335708526,14,9,1,False,0.00020474391703828587,0.0002950525726380432,0.00036076111766603677,0.0003607892087063026,34.44951383217119,44.32774165145066,59.165855839432744,59.167426402754224,60.993710092929526,90.0,90.0,90.0,1.0101246518105373,1.3941744924291908,1.4791843104297648,1.4792292467823884,,data/Nikolaisen2022_merrill_msh/PLAG086.msh,1086309,1.035984992980957,voxel,1086309,1.035984992980957,7431,31362,15.253506660461426,15.656622886657715,7.217713356018066,7.418606281280518,4.539371967315674,5.0593719482421875,1.2222672280759808e-07,1.2222672280759808e-07,1.2224611861663104e-07,1.2225262037807218e-07,0.4093662458862257,0.5681786615336551,0.6938769601023956,0.6938957499439008,1.3662042374010581,1.3935371452914735,1.6082759284083634,1.6082857072286374,1.3707353466869652,1.7067274717894074,1.969727695100688,1.969739671660668,34.75775479102209,54.501589505979354,59.71187249264754,59.71363673445804,-1.0,-1.0,-1.0,-1.0,0.008957862854003906,0.012673727082815339,0.015620704237082835,0.015621803563148145,8.957862854003907e-09,1.2673727082815338e-08,1.5620704237082834e-08,1.5621803563148144e-08,1.5253506660461425e-05,1.5656622886657713e-05,7.2177133560180665e-06,7.418606281280518e-06,4.539371967315674e-06,5.0593719482421876e-06,1181928,2140128,713376,2007168,28535040,51866460.0,49.46371078491211,0.04830440506339073,49.46 MiB,Screening estimate; calibrate with real Merrill.jl runs.,ok,gmsh;pymeshfix_gmsh;voxel,gmsh: Exception: Wrong topology of triangulation for parametrization: one edge is incident to 3 triangles | pymeshfix_gmsh: Exception: Wrong topology of boundary mesh for parametrization,0.009,5227.0,7431.0
PLAG085,PLAG,data/Nikolaisen2022/Plag Binary meshes/PLAG085-binary.stl,Plag Binary meshes,145673,0.13892459869384766,ascii,0.0029961787902645,0.178864039347503,161,2,02_large,um,1e-06,0.009,9e-09,data/Nikolaisen2022/Plag Binary meshes/PLAG085-binary.stl,145673,454,904,0.22870445562840563,0.014928198766676413,17.1487979888916,17.333080291748047,5.921875,6.585981845855713,9.959371566772461,10.11937141418457,0.7075293782101182,6,5,1,False,0.00020475856217672117,0.0002124816965078935,0.0003607555002254055,0.0003607892076581378,34.4504705156794,44.61433184461598,59.16546225162776,59.16935114219168,60.992173012993774,90.0,90.0,90.0,1.0101086831570603,1.3939546678003747,1.4639836269373365,1.4792128612444826,,data/Nikolaisen2022_merrill_msh/PLAG085.msh,913963,0.8716230392456055,pymeshfix_gmsh,1246036,1.1883125305175781,6433,26203,17.1487979888916,17.33308029174805,5.921875,6.56522798538208,9.95937156677246,10.11937141418457,2.765427399422465e-09,1.1776284574186219e-07,2.2176229975217634e-07,4.143659703454944e-07,0.03153748353097042,0.5812501309806017,0.8043786201054796,0.9759188629494282,1.0020456285376083,1.277228255942142,2.081292838272617,130.79499857772763,1.0330554618197831,1.5105986477764761,2.435519725449495,24.830479537961246,2.7636721874271175,49.89636951446407,66.94716553313711,82.7580264702809,-1.0,-1.0,-1.0,-1.0,0.002891394564666435,0.010807597746091017,0.015218798787296128,0.0298333447639117,2.8913945646664347e-09,1.0807597746091017e-08,1.5218798787296128e-08,2.9833344763911695e-08,1.7148797988891602e-05,1.733308029174805e-05,5.921875e-06,6.56522798538208e-06,9.959371566772458e-06,1.011937141418457e-05,992888,1852704,617568,1676992,24702720,44764308.0,42.69057083129883,0.04169001057744026,42.69 MiB,Screening estimate; calibrate with real Merrill.jl runs.,ok,gmsh;pymeshfix_gmsh,gmsh: Exception: Invalid boundary mesh (overlapping facets) on surface 132 surface 134,,,
PLAG084,PLAG,data/Nikolaisen2022/Plag Binary meshes/PLAG084-binary.stl,Plag Binary meshes,146813,0.14001178741455078,ascii,0.0052431776153612,0.215542036828119,162,2,02_large,um,1e-06,0.009,9e-09,data/Nikolaisen2022/Plag Binary meshes/PLAG084-binary.stl,146813,462,911,0.24283970339543903,0.004211792562557367,14.527894973754883,14.855508804321289,8.951860427856445,9.138640403747559,9.939371109008789,10.17937183380127,0.4470099878897503,16,7,1,False,0.00020472949927352602,0.00021249146084301174,0.0003607555023552476,0.0003607892076581378,34.44852729518899,44.3291072501368,59.16550169673353,59.167819029164136,60.99292957636011,90.0,90.0,90.0,1.0101166691413201,1.3941731623661267,1.4791918293676452,1.4792461455525676,,data/Nikolaisen2022_merrill_msh/PLAG084.msh,1601425,1.527237892150879,voxel,1601425,1.527237892150879,9910,47280,14.527894973754883,14.855508804321289,8.96075439453125,9.138640403747559,9.939371109008789,10.17937183380127,1.1989463378122198e-07,1.1990749801231437e-07,1.1993292297956745e-07,1.1993292297956745e-07,0.40977704334649684,0.566232175701074,0.6907295229283361,0.6907674001969265,1.3662988616004077,1.3934473802518552,1.6094952145588555,1.6095154421471283,1.3717845478915984,1.706617532517506,1.971221009560263,1.971245783195261,34.63692413858259,54.41333502147125,59.60497121250397,59.60497121250397,-1.0,-1.0,-1.0,-1.0,0.00888824462890625,0.012574596998971892,0.015522458969084137,0.015523018074887497,8.88824462890625e-09,1.2574596998971891e-08,1.5522458969084137e-08,1.5523018074887495e-08,1.4527894973754882e-05,1.4855508804321288e-05,8.96075439453125e-06,9.138640403747558e-06,9.939371109008789e-06,1.017937183380127e-05,1750800,2854080,951360,3025920,38054400,69954840.0,66.7141342163086,0.06515052169561386,66.71 MiB,Screening estimate; calibrate with real Merrill.jl runs.,ok,gmsh;pymeshfix_gmsh;voxel,gmsh: Exception: Wrong topology of triangulation for parametrization: one edge is incident to 3 triangles | pymeshfix_gmsh: Exception: Wrong topology of boundary mesh for parametrization,0.009,7880.0,9910.0
PLAG083,PLAG,data/Nikolaisen2022/Plag Binary meshes/PLAG083-binary.stl,Plag Binary meshes,148113,0.1412515640258789,ascii,0.0035886135640682,0.189951483926685,163,2,02_large,um,1e-06,0.009,9e-09,data/Nikolaisen2022/Plag Binary meshes/PLAG083-binary.stl,148113,459,914,0.25429456604530587,0.003119368785184104,13.708864212036133,14.097904205322266,10.425346374511719,10.612126350402832,3.079371929168701,3.599371910095215,0.6757505870759816,4,3,1,False,0.0002047441437298403,0.00029154778796755684,0.00036076111470020574,0.00036077516357866106,34.44921098410805,44.32705882826191,59.16585537291742,59.16683745232384,60.99451338578494,90.0,90.0,90.0,1.0101331170951215,1.394175158499121,1.4792134005389648,1.4792344341757253,,data/Nikolaisen2022_merrill_msh/PLAG083.msh,1228717,1.1717958450317383,voxel,1228717,1.1717958450317383,8227,35652,13.708864212036133,14.097904205322266,10.425346374511719,10.612126350402832,3.079371929168701,3.599371910095215,1.2022688470302023e-07,1.2023955884224677e-07,1.202524517822899e-07,1.2025564964559653e-07,0.4082775819169055,0.5698943172910015,0.697868672673913,0.6979525612030018,1.3661350410873365,1.3939277565208055,1.605493396988221,1.6054933969882212,1.3717572067197281,1.7072058708892401,1.9663198040143834,1.966319804014384,34.91061035254802,54.396147356757304,59.98307453191893,59.985683155768584,-1.0,-1.0,-1.0,-1.0,0.008893966674804688,0.012628645789279242,0.015535124712063106,0.015535808307285303,8.893966674804687e-09,1.2628645789279241e-08,1.5535124712063104e-08,1.55358083072853e-08,1.3708864212036131e-05,1.4097904205322266e-05,1.0425346374511719e-05,1.0612126350402832e-05,3.079371929168701e-06,3.5993719100952147e-06,1338312,2369376,789792,2281728,31591680,57556332.0,54.88999557495117,0.053603511303663254,54.89 MiB,Screening estimate; calibrate with real Merrill.jl runs.,ok,gmsh;pymeshfix_gmsh;voxel,gmsh: Exception: Wrong topology of triangulation for parametrization: one edge is incident to 3 triangles | pymeshfix_gmsh: Exception: Wrong topology of boundary mesh for parametrization,0.009,5942.0,8227.0
PLAG020,PLAG,data/Nikolaisen2022/Plag Binary meshes/PLAG020-binary.stl,Plag Binary meshes,148384,0.141510009765625,binary,0.0042933613995235,0.201650641686787,164,2,02_large,um,1e-06,0.009,9e-09,data/Nikolaisen2022/Plag Binary meshes/PLAG020-binary.stl,148384,1485,2966,0.6559097385058255,0.015090490860978249,24.336042404174805,24.489540100097656,10.612214088439941,12.26187801361084,11.829428672790527,12.258959770202637,1.7115634876649861,0,0,1,True,1.5776772090063944e-05,0.00020754785049320699,0.00031547316215530023,0.0005688367824877815,16.16957183835972,44.991387963392384,57.414046722977254,59.76714624119426,60.29059305598396,84.12629036292151,91.34816746857058,127.3510293325824,1.0029692200639868,1.3132125961713856,1.4434694174029299,2.562202731091479,,data/Nikolaisen2022_merrill_msh/PLAG020.msh,4263919,4.066390037536621,voxel,4263919,4.066390037536621,26591,125688,24.336042404174805,24.489540100097656,10.612214088439941,12.26187801361084,11.829428672790527,12.258959770202637,1.2136150100728696e-07,1.2139998504905047e-07,1.21412923340114e-07,1.21412923340114e-07,0.4093140019686457,0.5758535199733087,0.7033908038932751,0.7035401824264093,1.3660586020383445,1.393424474402089,1.6079257071277684,1.6079257071277684,1.3696691481573946,1.7065894786954792,1.9692987633834271,1.9692987633834274,35.11952863665217,54.514596319646785,59.732838838581905,59.7363394354938,-1.0,-1.0,-1.0,-1.0,0.008948326110839844,0.01270145949600757,0.01558441520220417,0.015584966833202742,8.948326110839843e-09,1.270145949600757e-08,1.558441520220417e-08,1.558496683320274e-08,2.4336042404174805e-05,2.4489540100097654e-05,1.0612214088439941e-05,1.2261878013610839e-05,1.1829428672790527e-05,1.2258959770202636e-05,4660200,7658208,2552736,8044032,102109440,187536924.0,178.84914779663086,0.17465737089514732,178.85 MiB,Screening estimate; calibrate with real Merrill.jl runs.,ok,gmsh;pymeshfix_gmsh;voxel,gmsh: Exception: Wrong topology of boundary mesh for parametrization | pymeshfix_gmsh: Exception: Wrong topology of boundary mesh for parametrization,0.009,20948.0,26591.0
PLAG021,PLAG,data/Nikolaisen2022/Plag Binary meshes/PLAG021-binary.stl,Plag Binary meshes,149584,0.1426544189453125,binary,0.0150904914492761,0.30659724900879,165,2,02_large,um,1e-06,0.009,9e-09,data/Nikolaisen2022/Plag Binary meshes/PLAG021-binary.stl,149584,1497,2990,0.7469615984189711,0.0158560827424218,24.335803985595703,24.499610900878906,10.612126350402832,12.272392272949219,11.819372177124023,12.259371757507324,1.7253739507135502,0,0,1,True,8.32795966183962e-05,0.00021247166841931175,0.00036075548898968916,0.0004178194657109292,30.45583056166096,43.943605604587056,59.16546225162776,59.3142873688249,60.59139914683833,90.0,90.0,111.10170038862614,1.0060331327116265,1.3941758252613832,1.4558268112669512,1.8622893569878924,,data/Nikolaisen2022_merrill_msh/PLAG021.msh,4287377,4.088761329650879,pymeshfix_gmsh,6312792,6.020347595214844,27782,125333,24.3358039855957,24.49961090087891,10.61212635040283,12.27239227294922,11.81937217712402,12.25937175750733,1.940449318808779e-11,1.2254980093182765e-07,2.1888627627674844e-07,3.8332635039837053e-07,6.10515634821117e-05,0.6017303004583371,0.818204968084164,0.9826544557036246,1.0005298101513498,1.255411438655643,2.0568809642513304,16878013.746199526,1.0088582692359451,1.4823267332013377,2.412630947732916,5942.115088307869,0.008241074661617583,50.1950192880016,66.64129134160852,84.73709539032207,-1.0,-1.0,-1.0,-1.0,0.0008959667369669982,0.010880568493797588,0.015109665231767072,0.038643179416320776,8.959667369669982e-10,1.0880568493797588e-08,1.510966523176707e-08,3.8643179416320775e-08,2.43358039855957e-05,2.449961090087891e-05,1.061212635040283e-05,1.227239227294922e-05,1.181937217712402e-05,1.2259371757507329e-05,4677424,8001216,2667072,8021312,106682880,195074856.0,186.03787994384766,0.18167761713266373,186.04 MiB,Screening estimate; calibrate with real Merrill.jl runs.,ok,gmsh;pymeshfix_gmsh,gmsh: Exception: Invalid boundary mesh (overlapping facets) on surface 35 surface 35,,,
PLAG082,PLAG,data/Nikolaisen2022/Plag Binary meshes/PLAG082-binary.stl,Plag Binary meshes,149664,0.142730712890625,ascii,0.0072196827721977,0.239794838611011,166,2,02_large,um,1e-06,0.009,9e-09,data/Nikolaisen2022/Plag Binary meshes/PLAG082-binary.stl,149664,472,941,0.24493337915338897,0.008488915675378668,19.216854095458984,19.421611785888672,2.248538017272949,2.5183310508728027,7.659371852874756,7.9393720626831055,0.43944750569531194,1,2,1,False,0.0002047536804639094,0.00021247410927571764,0.0003607526807982293,0.0003607807817018705,34.449055406897266,44.32705882826191,59.16506958921053,59.16703377057601,60.99449031283514,90.0,90.0,90.0,1.0101326346934139,1.394175158499121,1.4792054063543767,1.4792370990823347,,data/Nikolaisen2022_merrill_msh/PLAG082.msh,2104894,2.007383346557617,voxel,2104894,2.007383346557617,12519,62652,19.216854095458984,19.421611785888672,2.248538017272949,2.509337902069092,7.659371852874756,7.9393720626831055,1.2050715177494044e-07,1.2051670871185185e-07,1.2053616844226456e-07,1.2054253187634978e-07,0.4069157704955274,0.5738285662419573,0.7004885040727625,0.7004885040727625,1.3661083843484694,1.3944694533435902,1.6022087739996917,1.6022087739996917,1.3716204723434926,1.707869311294795,1.9622969788547284,1.9622969788547284,35.18339914347237,54.815885510223644,60.31268495047051,60.314860479829704,-1.0,-1.0,-1.0,-1.0,0.008901596069335938,0.012653661050751457,0.015547550946955193,0.01554796587050978,8.901596069335938e-09,1.2653661050751456e-08,1.5547550946955194e-08,1.554796587050978e-08,1.9216854095458983e-05,1.9421611785888672e-05,2.248538017272949e-06,2.5093379020690915e-06,7.659371852874756e-06,7.939372062683105e-06,2305320,3605472,1201824,4009728,48072960,88792956.0,84.67956161499023,0.0826948843896389,84.68 MiB,Screening estimate; calibrate with real Merrill.jl runs.,ok,gmsh;pymeshfix_gmsh;voxel,gmsh: Exception: Wrong topology of triangulation for parametrization: one edge is incident to 3 triangles | pymeshfix_gmsh: Exception: Wrong topology of boundary mesh for parametrization,0.009,10442.0,12519.0
PLAG081,PLAG,data/Nikolaisen2022/Plag Binary meshes/PLAG081-binary.stl,Plag Binary meshes,153660,0.14654159545898438,ascii,0.0036498431548298,0.191025726414292,167,2,02_large,um,1e-06,0.009,9e-09,data/Nikolaisen2022/Plag Binary meshes/PLAG081-binary.stl,153660,469,931,0.25480881576463393,0.00715549836503695,22.779644012451172,23.14820671081543,12.293145179748535,12.521431922912598,11.719371795654297,12.17937183380127,0.6321023135736918,22,19,1,False,0.0002047390353254741,0.00029156152766983607,0.00036075548898968916,0.0003607892076581378,34.44729928410998,44.32774165145066,59.166209076944696,59.16935114219168,60.99292988461106,90.0,90.0,90.0,1.0101166691413201,1.3941744924291908,1.4791806643392322,1.4792671833471656,,data/Nikolaisen2022_merrill_msh/PLAG081.msh,1167425,1.1133432388305664,voxel,1167425,1.1133432388305664,7820,33870,22.788633346557617,23.139217376708984,12.302276611328125,12.521431922912598,11.719371795654297,12.17937183380127,1.233867760784893e-07,1.233998232156447e-07,1.234127109256411e-07,1.234127109256411e-07,0.40881944822740457,0.5701280158344129,0.6972146036484782,0.6972146036484782,1.3661298639098223,1.3937007225453237,1.6067901535367732,1.606809075216953,1.370445777553643,1.706927812192137,1.9679079999466669,1.9679311741774244,34.883139557479815,54.61691851315189,59.85361907916521,59.85361907916521,-1.0,-1.0,-1.0,-1.0,0.008989334106445312,0.012734435680034937,0.01566999983349322,0.015670555590492356,8.989334106445313e-09,1.2734435680034937e-08,1.566999983349322e-08,1.5670555590492355e-08,2.2788633346557616e-05,2.3139217376708982e-05,1.2302276611328125e-05,1.2521431922912596e-05,1.1719371795654296e-05,1.2179371833801269e-05,1271520,2252160,750720,2167680,30028800,54706320.0,52.17201232910156,0.050949230790138245,52.17 MiB,Screening estimate; calibrate with real Merrill.jl runs.,ok,gmsh;pymeshfix_gmsh;voxel,gmsh: Exception: Wrong topology of triangulation for parametrization: one edge is incident to 3 triangles | pymeshfix_gmsh: Exception: Wrong topology of boundary mesh for parametrization,0.009,5645.0,7820.0
PLAG080,PLAG,data/Nikolaisen2022/Plag Binary meshes/PLAG080-binary.stl,Plag Binary meshes,158853,0.15149402618408203,ascii,0.0031785316031425,0.182421478168439,168,2,02_large,um,1e-06,0.009,9e-09,data/Nikolaisen2022/Plag Binary meshes/PLAG080-binary.stl,158853,512,1018,0.2594975423999524,0.006637214189567258,7.873260974884033,8.016592025756836,5.63132905960083,6.440709114074707,7.6793718338012695,7.859372138977051,0.8414511112285802,11,9,1,False,0.00020476321719797852,0.00021247661652523675,0.0003607554935611831,0.0003607723491725946,34.44951383217119,44.613691543728315,59.16585537291742,59.16738751254068,60.994111733273925,90.0,90.0,90.0,1.0101288807874644,1.3939550261300195,1.4639688836624458,1.4792292467823884,,data/Nikolaisen2022_merrill_msh/PLAG080.msh,1126371,1.0741910934448242,pymeshfix_gmsh,1539248,1.4679412841796875,7874,32348,7.873260974884033,8.016592025756836,5.652081966400146,6.419954776763916,7.679371833801268,7.859372138977052,2.0388457649042943e-09,1.0991210568512207e-07,2.1151102244324304e-07,4.3884750501132694e-07,0.016631624947936897,0.5804641504921493,0.8100913009890348,0.9814751888062319,1.0004093680642445,1.2783405726272035,2.1330902545448343,956.859666338844,1.0088215915075653,1.510583451507244,2.4930334598610204,48.35357529685137,1.8252044439027515,50.02264180786789,66.96878106476092,82.92362083542622,-1.0,-1.0,-1.0,-1.0,0.0010137853654210984,0.01061566428681359,0.014919027149367391,0.028392896225406555,1.0137853654210984e-09,1.061566428681359e-08,1.491902714936739e-08,2.8392896225406553e-08,7.873260974884033e-06,8.016592025756836e-06,5.652081966400146e-06,6.419954776763916e-06,7.679371833801268e-06,7.85937213897705e-06,1224112,2267712,755904,2070272,30236160,54831240.0,52.29114532470703,0.05106557160615921,52.29 MiB,Screening estimate; calibrate with real Merrill.jl runs.,ok,gmsh;pymeshfix_gmsh,gmsh: Exception: Wrong topology of triangulation for parametrization: one edge is incident to 3 triangles,,,
PLAG079,PLAG,data/Nikolaisen2022/Plag Binary meshes/PLAG079-binary.stl,Plag Binary meshes,165564,0.15789413452148438,ascii,0.0078225068405578,0.24629132193626,169,2,02_large,um,1e-06,0.009,9e-09,data/Nikolaisen2022/Plag Binary meshes/PLAG079-binary.stl,165564,523,1041,0.2862733512422947,0.009771784565503958,8.467060089111328,8.733243942260742,0.6920379996299744,0.9410780072212219,10.17937183380127,10.51937198638916,0.49847253968328725,5,4,1,False,0.00020474879875109764,0.00029506336769995314,0.0003607575959170549,0.00036078007936825985,34.448457078559,44.32637598917555,59.16536649416932,59.16693801451119,60.99453761562034,90.0,90.0,90.0,1.0101331338433586,1.3941758252613832,1.4791924954805864,1.4792473483944115,,data/Nikolaisen2022_merrill_msh/PLAG079.msh,2337322,2.229043960571289,voxel,2337322,2.229043960571289,14106,69366,8.475933074951172,8.733243942260742,0.6920379996299744,0.9410780072212219,10.17937183380127,10.51937198638916,1.1767316178602381e-07,1.176858107338671e-07,1.1768659940175387e-07,1.1768659940175387e-07,0.4072530222365449,0.5769890503913075,0.7020522809986218,0.7020522809986218,1.3660537238553971,1.3942806252713287,1.6028641311971659,1.6028641311971663,1.3684972843526177,1.707638045081718,1.9630996242212637,1.963099624221264,35.31033666252384,54.688017614554106,60.237953946852834,60.23806438027185,-1.0,-1.0,-1.0,-1.0,0.008872032165527344,0.012563352348504154,0.015423789928241508,0.015423824299863269,8.872032165527343e-09,1.2563352348504153e-08,1.542378992824151e-08,1.542382429986327e-08,8.475933074951172e-06,8.733243942260742e-06,6.920379996299743e-07,9.410780072212218e-07,1.017937183380127e-05,1.051937198638916e-05,2558256,4062528,1354176,4439424,54167040,99872136.0,95.24549102783203,0.09301317483186722,95.25 MiB,Screening estimate; calibrate with real Merrill.jl runs.,ok,gmsh;pymeshfix_gmsh;voxel,gmsh: Exception: Wrong topology of boundary mesh for parametrization | pymeshfix_gmsh: Exception: Wrong topology of boundary mesh for parametrization,0.009,11561.0,14106.0
PLAG078,PLAG,data/Nikolaisen2022/Plag Binary meshes/PLAG078-binary.stl,Plag Binary meshes,170469,0.16257190704345703,ascii,0.0033704319992779,0.18602114605696,170,2,02_large,um,1e-06,0.009,9e-09,data/Nikolaisen2022/Plag Binary meshes/PLAG078-binary.stl,170469,528,1052,0.26048880906246596,0.0038242003907227222,1.1162470579147339,1.2391020059585571,14.63827133178711,15.260869979858398,11.439372062683105,11.699371337890625,0.6858002901337115,3,3,1,False,0.00020474522256108685,0.000212467957339868,0.0003607512800994542,0.0003607737500303651,34.44941803059364,43.94219106381195,59.16516804630088,59.16827078220309,60.99188906503766,90.0,90.0,90.0,1.0101058699618033,1.394658344241152,1.4558269580980314,1.4792308877189269,,data/Nikolaisen2022_merrill_msh/PLAG078.msh,1150675,1.0973691940307617,pymeshfix_gmsh,1572447,1.4996023178100586,7999,33091,1.116247057914734,1.218626022338867,14.63827133178711,15.2608699798584,11.4393720626831,11.69937133789063,6.075900290276178e-09,1.1023054856697413e-07,2.079614837278536e-07,3.7753757989859574e-07,0.05962586752183107,0.5852591882906526,0.8068620737166728,0.9957524962036809,1.0003776913145628,1.2731380281950453,2.0787837766615493,20.07353272435063,1.0111173374934712,1.5047458650988592,2.43129071389584,9.773579615451894,5.198382980118847,50.04990989106708,66.67627586486708,82.65199139819926,-1.0,-1.0,-1.0,-1.0,0.0031436021925394728,0.01058174307714012,0.014912210815375098,0.020365435211040492,3.1436021925394724e-09,1.058174307714012e-08,1.4912210815375096e-08,2.036543521104049e-08,1.116247057914734e-06,1.218626022338867e-06,1.4638271331787109e-05,1.52608699798584e-05,1.1439372062683099e-05,1.169937133789063e-05,1250888,2303712,767904,2117824,30716160,55734732.0,53.15278244018555,0.0519070141017437,53.15 MiB,Screening estimate; calibrate with real Merrill.jl runs.,ok,gmsh;pymeshfix_gmsh,gmsh: Exception: Wrong topology of triangulation for parametrization: one edge is incident to 3 triangles,,,
PLAG077,PLAG,data/Nikolaisen2022/Plag Binary meshes/PLAG077-binary.stl,Plag Binary meshes,173832,0.16577911376953125,ascii,0.0047688524144683,0.208835865545106,171,2,02_large,um,1e-06,0.009,9e-09,data/Nikolaisen2022/Plag Binary meshes/PLAG077-binary.stl,173832,549,1093,0.30045414146042165,0.009700710237450191,4.474277973175049,4.904270172119141,8.32926082611084,8.536794662475586,10.199371337890625,10.699371337890625,0.6913491045694965,15,13,1,False,0.00020473426729950006,0.0002915585931773175,0.00036076110495224044,0.0003607723448077223,34.44853561736147,44.327074682165176,59.16585514036257,59.1670333061565,60.993308156917955,90.0,90.0,90.0,1.0101204197226628,1.394175143026523,1.4791970870839792,1.479246002990736,,data/Nikolaisen2022_merrill_msh/PLAG077.msh,1473969,1.405686378479004,voxel,1473969,1.405686378479004,9708,42930,4.474277973175049,4.8773956298828125,8.32926082611084,8.51874828338623,10.199371337890625,10.699371337890625,1.202704709010391e-07,1.2028331756530966e-07,1.2030243465343052e-07,1.2030243465343052e-07,0.4091555682205318,0.5735471023846412,0.7008553905054533,0.7008932120916224,1.3660689121204044,1.3935020935432532,1.6075279713724007,1.6075279713724007,1.3691633487442376,1.7066845423405426,1.9688116385568728,1.9688116385568728,35.02235346422921,54.548320685314735,59.773089134264936,59.77483475988277,-1.0,-1.0,-1.0,-1.0,0.008928298950195312,0.012647781313981877,0.01553681907782395,0.015537372925474755,8.928298950195311e-09,1.2647781313981877e-08,1.553681907782395e-08,1.5537372925474754e-08,4.474277973175049e-06,4.877395629882813e-06,8.32926082611084e-06,8.51874828338623e-06,1.0199371337890624e-05,1.0699371337890625e-05,1606752,2795904,931968,2747520,37278720,68041296.0,64.88923645019531,0.06336839497089386,64.89 MiB,Screening estimate; calibrate with real Merrill.jl runs.,ok,gmsh;pymeshfix_gmsh;voxel,gmsh: Exception: Wrong topology of triangulation for parametrization: one edge is incident to 3 triangles | pymeshfix_gmsh: Exception: Wrong topology of boundary mesh for parametrization,0.009,7155.0,9708.0
PLAG028,PLAG,data/Nikolaisen2022/Plag Binary meshes/PLAG028-binary.stl,Plag Binary meshes,174284,0.16621017456054688,binary,0.0238071926846525,0.356919153970687,172,2,02_large,um,1e-06,0.009,9e-09,data/Nikolaisen2022/Plag Binary meshes/PLAG028-binary.stl,174284,1744,3484,0.7748862207642215,0.023807194312898062,14.327038764953613,15.278665542602539,1.9438631534576416,2.3225245475769043,2.8193881511688232,4.299277305603027,1.7997360597450964,0,0,1,True,2.5874151649577515e-05,0.00021283526672053463,0.00033315241973917877,0.00036862235332833066,10.777639309207983,44.09939208419186,58.18083992030622,59.92933846805868,60.10821914950137,82.3482144370168,100.95063610655443,138.67637114583783,1.001091464281512,1.3074679547922368,1.661596665008696,3.429219893424465,,data/Nikolaisen2022_merrill_msh/PLAG028.msh,6513041,6.211319923400879,gmsh,9650533,9.203465461730957,39289,193314,14.32748231538032,15.27722524457966,1.94467752618465,2.321977613675148,2.819393149967111,4.299238117654062,9.77749808874899e-10,1.1889550669230688e-07,2.2523732706855704e-07,3.9068086982039517e-07,0.009487538448866217,0.6159411148858147,0.8237761906529364,0.9862082454413094,1.0012228594933936,1.2408231094501292,2.0027563268032065,943.4717886559214,1.0230618743896116,1.4625880957893065,2.3754975914136,62.802390667313404,1.2316641663475136,50.384775083509275,66.37046080006651,84.82549655560152,-1.0,-1.0,-1.0,-1.0,0.0022509247440622685,0.010605335661618216,0.015187636329319073,0.02187669126420733,2.2509247440622682e-09,1.0605335661618215e-08,1.518763632931907e-08,2.187669126420733e-08,1.432748231538032e-05,1.5277225244579657e-05,1.94467752618465e-06,2.321977613675148e-06,2.819393149967111e-06,4.299238117654062e-06,7128984,11315232,3771744,12372096,150869760,278186724.0,265.29953384399414,0.25908157601952553,265.30 MiB,Screening estimate; calibrate with real Merrill.jl runs.,ok,gmsh,,,,
PLAG076,PLAG,data/Nikolaisen2022/Plag Binary meshes/PLAG076-binary.stl,Plag Binary meshes,175275,0.16715526580810547,ascii,0.0024301560668009,0.166806068954937,173,2,02_large,um,1e-06,0.009,9e-09,data/Nikolaisen2022/Plag Binary meshes/PLAG076-binary.stl,175275,546,1081,0.27164010759446,0.02414890270344765,13.995525360107422,14.159330368041992,-0.09658800065517426,0.920324981212616,10.779372215270996,10.999371528625488,1.0532539063265483,30,24,1,False,0.00020474879875109764,0.00021247302123583722,0.0003607565470259303,0.00036076883755601746,34.44972399624434,44.61418514858696,59.165318615512575,59.16615226633724,60.99453761562034,90.0,90.0,90.0,1.0101331338433586,1.3939547498429212,1.4558022109241424,1.4792256470531355,,data/Nikolaisen2022_merrill_msh/PLAG076.msh,845027,0.8058805465698242,pymeshfix_gmsh,1169034,1.114877700805664,6376,23798,13.99552536010742,14.13885498046875,-0.01357499975711107,0.8373119831085205,10.79937171936035,10.99937152862549,5.681304742252038e-09,1.0715820077501585e-07,2.146717984016718e-07,4.225639970211887e-07,0.04790177175757665,0.5556079923286908,0.7988900964457137,0.9896906654249283,1.000204590133575,1.301651569400207,2.118561527562962,12.211073140412497,1.0112396697354638,1.5404267451979705,2.466020183045367,14.341191036550294,4.168721353548554,50.04489254879003,67.07799253627633,81.35254916005206,-1.0,-1.0,-1.0,-1.0,0.002382370722503626,0.010629038623128247,0.01510434589697712,0.01978232198582238,2.3823707225036257e-09,1.0629038623128247e-08,1.5104345896977118e-08,1.978232198582238e-08,1.399552536010742e-05,1.413885498046875e-05,-1.357499975711107e-08,8.373119831085204e-07,1.079937171936035e-05,1.0999371528625489e-05,914560,1836288,612096,1523072,24483840,44054784.0,42.013916015625,0.04102921485900879,42.01 MiB,Screening estimate; calibrate with real Merrill.jl runs.,ok,gmsh;pymeshfix_gmsh,gmsh: Exception: Wrong topology of triangulation for parametrization: one edge is incident to 4 triangles,,,
PLAG075,PLAG,data/Nikolaisen2022/Plag Binary meshes/PLAG075-binary.stl,Plag Binary meshes,181050,0.17266273498535156,ascii,0.0043544432074445,0.202602439095614,174,2,02_large,um,1e-06,0.009,9e-09,data/Nikolaisen2022/Plag Binary meshes/PLAG075-binary.stl,181050,552,1097,0.2853572158145405,0.0075380132231750736,25.666730880737305,25.810062408447266,13.579851150512695,14.07793140411377,11.199371337890625,11.459371566772461,0.5798516921434211,5,2,1,False,0.00020474879875109764,0.0002124816965078935,0.00036075548898968916,0.0003607779723713267,34.448573760498284,43.94092501044982,59.16546225162776,59.16703377057601,60.99449031283514,90.0,90.0,90.0,1.0101326346934139,1.3946602889786297,1.4558218383971964,1.4792453495867504,,data/Nikolaisen2022_merrill_msh/PLAG075.msh,1318709,1.2576189041137695,voxel,1318709,1.2576189041137695,8735,38358,25.666730880737305,25.810062408447266,13.579851150512695,14.068875312805176,11.199371337890625,11.459371566772461,1.2119260355686334e-07,1.2123117773312395e-07,1.2123117773312395e-07,1.2124407329505704e-07,0.40882614903446074,0.5722203483640733,0.6997339760885586,0.6998460228592881,1.3660795866224642,1.3936410221632805,1.6067671148423555,1.6067671148423555,1.3686882727455936,1.7068546944554102,1.967879783423836,1.967879783423836,34.98038279873822,54.610576567432936,59.84993147394093,59.85518995595712,-1.0,-1.0,-1.0,-1.0,0.0089569091796875,0.012674401163236438,0.01557733079305426,0.015577879697350146,8.9569091796875e-09,1.2674401163236438e-08,1.5577330793054258e-08,1.5577879697350145e-08,2.5666730880737305e-05,2.5810062408447264e-05,1.3579851150512694e-05,1.4068875312805175e-05,1.1199371337890625e-05,1.145937156677246e-05,1437096,2515680,838560,2454912,33542400,61182972.0,58.348628997802734,0.05698108300566673,58.35 MiB,Screening estimate; calibrate with real Merrill.jl runs.,ok,gmsh;pymeshfix_gmsh;voxel,gmsh: Exception: Wrong topology of boundary mesh for parametrization | pymeshfix_gmsh: Exception: Wrong topology of boundary mesh for parametrization,0.009,6393.0,8735.0
PLAG074,PLAG,data/Nikolaisen2022/Plag Binary meshes/PLAG074-binary.stl,Plag Binary meshes,186557,0.17791461944580078,ascii,0.0076947417123237,0.244943061331592,175,2,02_large,um,1e-06,0.009,9e-09,data/Nikolaisen2022/Plag Binary meshes/PLAG074-binary.stl,186557,585,1165,0.32103060516952053,0.008186330815824044,24.45865821838379,25.011505126953125,8.038714408874512,8.28775405883789,9.819372177124023,10.11937141418457,0.6765057234092438,6,4,1,False,0.0002047390353254741,0.0002950629283111731,0.0003607555023552476,0.0003607892076581378,34.44729928410998,44.61301551601138,59.16546318418245,59.167819029164136,60.99292988461106,90.0,90.0,90.0,1.0101166691413201,1.393955405098647,1.4639931274490585,1.4792671833471656,,data/Nikolaisen2022_merrill_msh/PLAG074.msh,2221430,2.118520736694336,voxel,2221430,2.118520736694336,13729,65604,24.467721939086914,25.00244140625,8.038714408874512,8.28775405883789,9.819372177124023,10.11937141418457,1.2210782079682034e-07,1.221335222956199e-07,1.221594326944464e-07,1.221594326944464e-07,0.40644861232938223,0.5703852568453274,0.6983113882159937,0.6983496420113774,1.366236716097881,1.3947714660739963,1.601366405866081,1.6013813106086585,1.3753284305452496,1.7082391998374549,1.961265292803265,1.9612835473102954,35.04586390525771,54.18489316917517,60.41572536412523,60.41750731685963,-1.0,-1.0,-1.0,-1.0,0.008893966674804688,0.012698569848482666,0.01561696120034408,0.015618059465062038,8.893966674804687e-09,1.2698569848482666e-08,1.561696120034408e-08,1.5618059465062037e-08,2.4467721939086913e-05,2.500244140625e-05,8.038714408874511e-06,8.28775405883789e-06,9.819372177124023e-06,1.011937141418457e-05,2428824,3953952,1317984,4198656,52719360,96928164.0,92.43790054321289,0.09027138724923134,92.44 MiB,Screening estimate; calibrate with real Merrill.jl runs.,ok,gmsh;pymeshfix_gmsh;voxel,gmsh: Exception: Wrong topology of triangulation for parametrization: one edge is incident to 4 triangles | pymeshfix_gmsh: Exception: Wrong topology of boundary mesh for parametrization,0.009,10934.0,13729.0
PLAG073,PLAG,data/Nikolaisen2022/Plag Binary meshes/PLAG073-binary.stl,Plag Binary meshes,186993,0.1783304214477539,ascii,0.0071084281188523,0.238556718020394,176,2,02_large,um,1e-06,0.009,9e-09,data/Nikolaisen2022/Plag Binary meshes/PLAG073-binary.stl,186993,582,1154,0.30210277601359503,0.005338625818443792,-0.39896199107170105,-0.23515599966049194,8.16323471069336,8.599054336547852,13.939372062683105,14.219371795654297,0.5432964196146494,13,7,1,False,0.0002047351613043702,0.0002124781628083383,0.00036075162930396905,0.00036077410133644896,34.44877673723337,43.942240560388214,59.16519260231864,59.16676320833125,60.99262228375176,90.0,90.0,90.0,1.0101136219200795,1.3946582682586561,1.46397158266757,1.4792418725801302,,data/Nikolaisen2022_merrill_msh/PLAG073.msh,1980266,1.888528823852539,voxel,1980266,1.888528823852539,12178,58542,-0.39896199107170105,-0.23515599966049194,8.18139362335205,8.58089542388916,13.939372062683105,14.219371795654297,1.2437648366520754e-07,1.2438954842189506e-07,1.2438995578100515e-07,1.2438995578100515e-07,0.4090986585398797,0.5757514568815183,0.7036570727821266,0.7036570727821266,1.3660480077361938,1.3935114888443256,1.6073031576387022,1.6073031576387025,1.3689237317925826,1.7066960491873449,1.9685362990895054,1.968536299089506,35.13113604683233,54.56296155504858,59.79027234068953,59.79027234068953,-1.0,-1.0,-1.0,-1.0,0.009032249450683594,0.012806615429493276,0.015711222209935108,0.015711239472176133,9.032249450683594e-09,1.2806615429493275e-08,1.5711222209935106e-08,1.5711239472176132e-08,-3.98961991071701e-07,-2.3515599966049193e-07,8.181393623352051e-06,8.58089542388916e-06,1.3939372062683105e-05,1.4219371795654296e-05,2165616,3507264,1169088,3746688,46763520,86028264.0,82.0429458618164,0.08012006431818008,82.04 MiB,Screening estimate; calibrate with real Merrill.jl runs.,ok,gmsh;pymeshfix_gmsh;voxel,gmsh: Exception: Wrong topology of boundary mesh for parametrization | pymeshfix_gmsh: Exception: Wrong topology of boundary mesh for parametrization,0.009,9757.0,12178.0
PLAG072,PLAG,data/Nikolaisen2022/Plag Binary meshes/PLAG072-binary.stl,Plag Binary meshes,187713,0.1790170669555664,ascii,0.0059865888701035,0.225282230401977,177,2,02_large,um,1e-06,0.009,9e-09,data/Nikolaisen2022/Plag Binary meshes/PLAG072-binary.stl,187713,604,1203,0.32323691495497686,0.006700124391790233,4.556180953979492,4.986173152923584,9.304667472839355,9.636720657348633,2.899372100830078,3.219372034072876,0.6305176966358064,7,6,1,False,0.00020474891209687485,0.000295059444233661,0.00036075549232100106,0.00036076392184273686,34.44982500311328,44.32639185934991,59.165462484063276,59.166051698729234,60.99450184924309,90.0,90.0,90.0,1.010132875785748,1.394175809757175,1.4639980138750865,1.479223917020194,,data/Nikolaisen2022_merrill_msh/PLAG072.msh,1813050,1.7290592193603516,voxel,1813050,1.7290592193603516,11630,53118,4.58305549621582,4.986173152923584,9.304667472839355,9.636720657348633,2.899372100830078,3.219372034072876,1.1909188416458702e-07,1.1910141808356104e-07,1.1911407498240096e-07,1.1911407498240096e-07,0.40940141615388653,0.575716636452447,0.7031117143403863,0.7031117143403863,1.366064650908894,1.3934020033223498,1.6080899297164652,1.6080990917207203,1.369975839081681,1.7065619573558126,1.969499894156701,1.9695111152744251,35.10778636539435,54.50159629910994,59.71427085418895,59.71427085418895,-1.0,-1.0,-1.0,-1.0,0.008888721466064453,0.012619703433201011,0.015485460459899545,0.015486013149125706,8.888721466064452e-09,1.2619703433201011e-08,1.5485460459899543e-08,1.5486013149125707e-08,4.58305549621582e-06,4.986173152923583e-06,9.304667472839355e-06,9.636720657348633e-06,2.899372100830078e-06,3.2193720340728758e-06,1978896,3349440,1116480,3399552,44659200,81755352.0,77.96797943115234,0.07614060491323471,77.97 MiB,Screening estimate; calibrate with real Merrill.jl runs.,ok,gmsh;pymeshfix_gmsh;voxel,gmsh: Exception: Wrong topology of triangulation for parametrization: one edge is incident to 3 triangles | pymeshfix_gmsh: Exception: Wrong topology of boundary mesh for parametrization,0.009,8853.0,11630.0
PLAG071,PLAG,data/Nikolaisen2022/Plag Binary meshes/PLAG071-binary.stl,Plag Binary meshes,190521,0.18169498443603516,ascii,0.0088997849695261,0.257114733473045,178,2,02_large,um,1e-06,0.009,9e-09,data/Nikolaisen2022/Plag Binary meshes/PLAG071-binary.stl,190521,612,1221,0.33401332248717097,0.009599071214894906,7.033752918243408,7.402318000793457,9.159394264221191,9.429186820983887,2.8193719387054443,3.1993720531463623,0.5941618725017512,2,2,1,False,0.00020474891209687485,0.00029153774075325965,0.00036075830103975235,0.00036077235479761076,34.44921098410805,44.32772581307149,59.16585537291742,59.16683745232384,60.99450184924309,90.0,90.0,90.0,1.010132875785748,1.3941745078713033,1.4792081425512191,1.4792344341757253,,data/Nikolaisen2022_merrill_msh/PLAG071.msh,2553706,2.435403823852539,voxel,2553706,2.435403823852539,15510,75690,7.0427422523498535,7.402318000793457,9.168387413024902,9.429186820983887,2.8193719387054443,3.1993720531463623,1.2189081517819528e-07,1.2190695479344718e-07,1.2191342131979947e-07,1.2191342131979947e-07,0.4073776830975317,0.5777591863608711,0.7026955526191163,0.7027143092590539,1.3660451789997365,1.394220265892904,1.6031513200781684,1.6031597687236434,1.367564165426939,1.7075641202425518,1.9634513573303924,1.9634617047656089,35.33979829765638,54.659847803675476,60.2070214333256,60.20877144132899,-1.0,-1.0,-1.0,-1.0,0.008989334106445312,0.01271553589444772,0.01560597874778199,0.015606253419724278,8.989334106445313e-09,1.2715535894447721e-08,1.560597874778199e-08,1.5606253419724276e-08,7.042742252349853e-06,7.402318000793457e-06,9.168387413024901e-06,9.429186820983887e-06,2.8193719387054443e-06,3.199372053146362e-06,2794320,4466880,1488960,4844160,59558400,109729080.0,104.64580535888672,0.10219316929578781,104.65 MiB,Screening estimate; calibrate with real Merrill.jl runs.,ok,gmsh;pymeshfix_gmsh;voxel,gmsh: Exception: Wrong topology of boundary mesh for parametrization | pymeshfix_gmsh: Exception: Wrong topology of boundary mesh for parametrization,0.009,12615.0,15510.0
PLAG070,PLAG,data/Nikolaisen2022/Plag Binary meshes/PLAG070-binary.stl,Plag Binary meshes,190756,0.18191909790039062,ascii,0.003673975298796,0.19144581182804,179,2,02_large,um,1e-06,0.009,9e-09,data/Nikolaisen2022/Plag Binary meshes/PLAG070-binary.stl,190756,599,1193,0.28984023133413295,0.0034532700040244228,19.831127166748047,20.035886764526367,-0.22110800445079803,0.5052589774131775,2.8593719005584717,3.01937198638916,0.7714502658566839,6,5,1,False,0.0002047536804639094,0.00021247304140104006,0.0003607514517648948,0.0003607767877153536,34.44912104099038,44.61420393695023,59.164925952612826,59.16669381805782,60.994951380949814,90.0,90.0,90.0,1.0101373749422724,1.393954739333429,1.4639794718962138,1.4792359748196815,,data/Nikolaisen2022_merrill_msh/PLAG070.msh,1085463,1.0351781845092773,pymeshfix_gmsh,1498627,1.4292020797729492,7714,31047,19.83112716674805,20.03588676452637,-0.221108004450798,0.5052589774131775,2.859371900558471,3.019371986389161,7.223479168103381e-09,1.2332631695080897e-07,2.2802353491234523e-07,3.925968049113658e-07,0.0989796779401011,0.5788565584922807,0.8038445722833998,0.9774439880203446,1.0005292012250997,1.2753101638929172,2.0491654776483563,17.4909026533799,1.0088560123473755,1.507901105027897,2.395927916963541,7.223783083279316,9.384704603334068,50.655596567759076,67.1142783255124,82.13308883575536,-1.0,-1.0,-1.0,-1.0,0.0026286742444248446,0.010972927438355094,0.015368750082089447,0.022110818880483833,2.6286742444248443e-09,1.0972927438355093e-08,1.5368750082089447e-08,2.211081888048383e-08,1.983112716674805e-05,2.003588676452637e-05,-2.21108004450798e-07,5.052589774131775e-07,2.8593719005584707e-06,3.019371986389161e-06,1178640,2221632,740544,1987008,29621760,53624376.0,51.14019012451172,0.049941591918468475,51.14 MiB,Screening estimate; calibrate with real Merrill.jl runs.,ok,gmsh;pymeshfix_gmsh,gmsh: Exception: Invalid boundary mesh (overlapping facets) on surface 48 surface 56,,,
PLAG069,PLAG,data/Nikolaisen2022/Plag Binary meshes/PLAG069-binary.stl,Plag Binary meshes,194025,0.18503665924072266,ascii,0.0118319404082632,0.282717342871928,180,2,02_large,um,1e-06,0.009,9e-09,data/Nikolaisen2022/Plag Binary meshes/PLAG069-binary.stl,194025,612,1220,0.33188749624403535,0.012075393970033581,1.7509969472885132,2.1809890270233154,10.38383960723877,10.69513988494873,7.9993720054626465,8.239372253417969,0.582581471174269,0,0,1,True,0.00020473545930599357,0.00029505524619737066,0.0003607526852832725,0.0003607751552557157,34.4493412784001,44.32690794232769,59.165304794171725,59.166836871655654,60.992551298365726,90.0,90.0,90.0,1.0101129187312334,1.3941753057743282,1.4791970870839795,1.4792322023815037,,data/Nikolaisen2022_merrill_msh/PLAG069.msh,3424591,3.265944480895996,voxel,3424591,3.265944480895996,19997,102306,1.7509969472885132,2.1809890270233154,10.38383960723877,10.69513988494873,7.9993720054626465,8.239372253417969,1.1802559932566163e-07,1.180382630165764e-07,1.1805249087217798e-07,1.1805406182631949e-07,0.40879934599689105,0.5738366728546656,0.7018650695107713,0.7018744787042537,1.3660535496718165,1.3936399463790992,1.606601251882339,1.6066208613372965,1.3679359566849931,1.7068533768942513,1.9676766436142015,1.9677006601935922,35.06116660569992,54.622904352524,59.863539810980264,59.863539810980264,-1.0,-1.0,-1.0,-1.0,0.00888824462890625,0.012574596998971892,0.015439242335308877,0.015439860896830498,8.88824462890625e-09,1.2574596998971891e-08,1.5439242335308876e-08,1.5439860896830497e-08,1.750996947288513e-06,2.1809890270233155e-06,1.0383839607238769e-05,1.0695139884948729e-05,7.999372005462646e-06,8.239372253417968e-06,3753720,5759136,1919712,6547584,76788480,142152948.0,135.5676155090332,0.13239024952054024,135.57 MiB,Screening estimate; calibrate with real Merrill.jl runs.,ok,gmsh;pymeshfix_gmsh;voxel,gmsh: Exception: Wrong topology of boundary mesh for parametrization | pymeshfix_gmsh: Exception: Wrong topology of boundary mesh for parametrization,0.009,17051.0,19997.0
PLAG068,PLAG,data/Nikolaisen2022/Plag Binary meshes/PLAG068-binary.stl,Plag Binary meshes,194490,0.18548011779785156,ascii,0.004068714786252,0.198070383126387,181,2,02_large,um,1e-06,0.009,9e-09,data/Nikolaisen2022/Plag Binary meshes/PLAG068-binary.stl,194490,608,1206,0.3357199624665981,0.002975242448599902,-0.3784860074520111,0.15388500690460205,12.54218578338623,12.770471572875977,3.039371967315674,3.7993719577789307,0.9555800772903317,15,8,1,False,0.00020474976891282637,0.0002915454713693688,0.0003607570731616215,0.00036076005753603145,34.45003607323037,44.326204277207715,59.165576054114055,59.16578159038937,60.99456987540766,90.0,90.0,90.0,1.0101335496783774,1.3941759930370499,1.479209488904366,1.4792203019037138,,data/Nikolaisen2022_merrill_msh/PLAG068.msh,1313753,1.2528924942016602,voxel,1313753,1.2528924942016602,9242,37674,-0.3694627583026886,0.15388500690460205,12.54218578338623,12.770471572875977,3.039371967315674,3.7993719577789307,1.2424477133258442e-07,1.2424518169418461e-07,1.2424845578456342e-07,1.2424845578456342e-07,0.4086701966325724,0.5718733423857606,0.6996374004973618,0.6996376927885445,1.366085250887085,1.3937225465986474,1.6063160231601707,1.606316152404634,1.36940762597593,1.7069545410895188,1.967327311199552,1.9673274694910456,34.97916411671986,54.64813580871308,59.89312492445364,59.89315243098344,-1.0,-1.0,-1.0,-1.0,0.009023219347000122,0.01277795871310487,0.015705516536237918,0.015705533658450285,9.023219347000122e-09,1.2777958713104869e-08,1.5705516536237917e-08,1.5705533658450285e-08,-3.694627583026886e-07,1.5388500690460204e-07,1.254218578338623e-05,1.2770471572875977e-05,3.0393719673156736e-06,3.7993719577789305e-06,1427376,2661696,887232,2411136,35489280,64315080.0,61.33563995361328,0.05989808589220047,61.34 MiB,Screening estimate; calibrate with real Merrill.jl runs.,ok,gmsh;pymeshfix_gmsh;voxel,gmsh: Exception: Wrong topology of boundary mesh for parametrization | pymeshfix_gmsh: Exception: Wrong topology of boundary mesh for parametrization,0.009,6279.0,9242.0
PLAG067,PLAG,data/Nikolaisen2022/Plag Binary meshes/PLAG067-binary.stl,Plag Binary meshes,204678,0.19519615173339844,ascii,0.007324170199347,0.240946118905391,182,2,02_large,um,1e-06,0.009,9e-09,data/Nikolaisen2022/Plag Binary meshes/PLAG067-binary.stl,204678,649,1287,0.3461439233898126,0.005506023808517616,8.610389709472656,8.938003540039062,5.83886194229126,6.253928184509277,12.499371528625488,12.839371681213379,0.628658024021939,11,6,1,False,0.0002047390353254741,0.0002950561534005904,0.0003607611074756598,0.0003607948264162529,34.448262609097725,44.32774165145066,59.16549591991213,59.167819029164136,60.99292988461106,90.0,90.0,90.0,1.0101166691413201,1.3941744924291908,1.4639931274490585,1.4792506797935838,,data/Nikolaisen2022_merrill_msh/PLAG067.msh,2069530,1.9736576080322266,voxel,2069530,1.9736576080322266,13044,60864,8.62859058380127,8.938003540039062,5.83886194229126,6.226858615875244,12.499371528625488,12.839371681213379,1.224393155272128e-07,1.2244578626579897e-07,1.2245861856366794e-07,1.2245861856366794e-07,0.4099169999020509,0.5724145790790923,0.6981270448717333,0.6981270448717333,1.366134976032682,1.393249289072033,1.6095055453055178,1.6095055453055178,1.371866136682863,1.7063749213609511,1.9712336620892552,1.9712336620892552,34.91833854432333,54.39306117749029,59.58017665729015,59.581058103319904,-1.0,-1.0,-1.0,-1.0,0.008947372436523438,0.012707219329068061,0.015629545771797607,0.01563010104698942,8.947372436523437e-09,1.2707219329068061e-08,1.5629545771797607e-08,1.5630101046989418e-08,8.628590583801269e-06,8.938003540039062e-06,5.838861942291259e-06,6.226858615875244e-06,1.2499371528625488e-05,1.2839371681213378e-05,2260704,3756672,1252224,3895296,50088960,91880784.0,87.62434387207031,0.08557064831256866,87.62 MiB,Screening estimate; calibrate with real Merrill.jl runs.,ok,gmsh;pymeshfix_gmsh;voxel,gmsh: Exception: Wrong topology of boundary mesh for parametrization | pymeshfix_gmsh: Exception: Wrong topology of boundary mesh for parametrization,0.009,10144.0,13044.0
PLAG066,PLAG,data/Nikolaisen2022/Plag Binary meshes/PLAG066-binary.stl,Plag Binary meshes,204967,0.19547176361083984,ascii,0.0118322310143337,0.282719657474059,183,2,02_large,um,1e-06,0.009,9e-09,data/Nikolaisen2022/Plag Binary meshes/PLAG066-binary.stl,204967,644,1283,0.35820816918233955,0.013664615627472844,17.967830657958984,18.254491806030273,2.248538017272949,2.580590009689331,9.739372253417969,10.099371910095215,0.5674794201457648,10,9,1,False,0.0002047390353254741,0.0002915498287213957,0.00036076673515312863,0.0003607807817018705,34.44837170511388,44.61268644343895,59.16620934956453,59.167819029164136,60.99292988461106,90.0,90.0,90.0,1.0101166691413204,1.3939555898104825,1.479205152130692,1.47924881089248,,data/Nikolaisen2022_merrill_msh/PLAG066.msh,3374191,3.217879295349121,voxel,3374191,3.217879295349121,19901,100602,17.967830657958984,18.254491806030273,2.275461196899414,2.580590009689331,9.739372253417969,10.099371910095215,1.205708187682758e-07,1.2059649398521964e-07,1.2060927309870753e-07,1.2061247729820007e-07,0.40771088417744866,0.5769523561292614,0.7044882700548186,0.7044976544228889,1.366033539163114,1.3940643463450093,1.6039667504973063,1.6039710806217953,1.367465472094901,1.7073731585759173,1.9644500515542074,1.9644553548519694,35.275637191393166,54.72075575305981,60.125943780140105,60.12944436792606,-1.0,-1.0,-1.0,-1.0,0.0089569091796875,0.012680642752620227,0.015549776271092643,0.015550465849505406,8.9569091796875e-09,1.2680642752620226e-08,1.5549776271092642e-08,1.5550465849505406e-08,1.7967830657958984e-05,1.8254491806030273e-05,2.275461196899414e-06,2.580590009689331e-06,9.739372253417969e-06,1.0099371910095215e-05,3696888,5731488,1910496,6438528,76419840,141295860.0,134.7502326965332,0.1315920241177082,134.75 MiB,Screening estimate; calibrate with real Merrill.jl runs.,ok,gmsh;pymeshfix_gmsh;voxel,gmsh: Exception: Wrong topology of triangulation for parametrization: one edge is incident to 3 triangles | pymeshfix_gmsh: Exception: Wrong topology of boundary mesh for parametrization,0.009,16767.0,19901.0
PLAG065,PLAG,data/Nikolaisen2022/Plag Binary meshes/PLAG065-binary.stl,Plag Binary meshes,207567,0.1979513168334961,ascii,0.0049232509046359,0.211065758280221,184,3,03_largest,um,1e-06,0.009,9e-09,data/Nikolaisen2022/Plag Binary meshes/PLAG065-binary.stl,207567,643,1281,0.31168515041163314,0.007417248649803032,20.58873176574707,20.752538681030273,4.69743013381958,5.589822769165039,13.559371948242188,13.779372215270996,0.9335938295673119,2,1,1,False,0.00020474879875109764,0.00021247166841931175,0.00036075548898968916,0.00036078359104281164,34.448884913299,44.613673672650606,59.16546225162776,59.16856589390032,60.99373345506567,90.0,90.0,90.0,1.010124648649406,1.393955036139686,1.4639836269373365,1.4792400195497433,,data/Nikolaisen2022_merrill_msh/PLAG065.msh,1451703,1.3844518661499023,pymeshfix_gmsh,1985534,1.8935527801513672,9932,41909,20.58873176574707,20.75253868103027,4.69743013381958,5.58982276916504,13.55937194824219,13.779372215271,1.3467427648338838e-09,1.1592644233056541e-07,2.1312581096424166e-07,3.892255592517148e-07,0.028868465031623162,0.5896438265478479,0.8131291382708636,0.9902948967758064,1.0012255761832423,1.267115410629758,2.0595125375385157,144.38702569077614,1.0157979980615424,1.498624717257457,2.4149370470993965,29.89469771019786,2.547059462960906,50.3671047546971,66.83883031190962,83.71033206494589,-1.0,-1.0,-1.0,-1.0,0.0023457909747548705,0.010711970353377818,0.015027273822721452,0.021884481227371792,2.3457909747548703e-09,1.0711970353377817e-08,1.502727382272145e-08,2.188448122737179e-08,2.058873176574707e-05,2.075253868103027e-05,4.69743013381958e-06,5.5898227691650394e-06,1.3559371948242188e-05,1.3779372215270998e-05,1579456,2860416,953472,2682176,38138880,69321600.0,66.1102294921875,0.06456077098846436,66.11 MiB,Screening estimate; calibrate with real Merrill.jl runs.,ok,gmsh;pymeshfix_gmsh,gmsh: Exception: Wrong topology of boundary mesh for parametrization,,,
PLAG064,PLAG,data/Nikolaisen2022/Plag Binary meshes/PLAG064-binary.stl,Plag Binary meshes,210750,0.2009868621826172,ascii,0.0104921206653528,0.271615709520243,185,3,03_largest,um,1e-06,0.009,9e-09,data/Nikolaisen2022/Plag Binary meshes/PLAG064-binary.stl,210750,641,1277,0.3315647745896425,0.013042555514612676,10.883204460144043,11.251768112182617,12.002598762512207,12.313899040222168,15.419371604919434,15.659371376037598,0.5388384903132674,2,1,1,False,0.0002047390353254741,0.00021248156463116175,0.00036075548898968916,0.0003607892076581378,34.44729928410998,44.61301551601138,59.16546225162776,59.168565430335356,60.992173012993774,90.0,90.0,90.0,1.0101086831570603,1.393955405098647,1.479202487493161,1.4792671833471656,,data/Nikolaisen2022_merrill_msh/PLAG064.msh,3058938,2.9172306060791016,voxel,3058938,2.9172306060791016,17984,91260,10.883204460144043,11.251768112182617,12.002598762512207,12.313899040222168,15.419371604919434,15.659371376037598,1.1843710102932281e-07,1.1844980887278089e-07,1.1846250990311252e-07,1.1847507753624462e-07,0.409023981735397,0.5721571444930192,0.6994136142784058,0.6994136142784058,1.3660860830632564,1.3935750732372982,1.6072105805040524,1.6072465728274958,1.3687642222874117,1.706773923846539,1.9684229157186357,1.968466997132183,34.96531590102853,54.5762381113959,59.806137541449765,59.806137541449765,-1.0,-1.0,-1.0,-1.0,0.00888824462890625,0.012574596998971892,0.01545731598188553,0.015458419352318611,8.88824462890625e-09,1.2574596998971891e-08,1.545731598188553e-08,1.545841935231861e-08,1.0883204460144042e-05,1.1251768112182616e-05,1.2002598762512207e-05,1.2313899040222167e-05,1.5419371604919432e-05,1.5659371376037595e-05,3351936,5179392,1726464,5840640,69058560,127735488.0,121.81805419921875,0.11896294355392456,121.82 MiB,Screening estimate; calibrate with real Merrill.jl runs.,ok,gmsh;pymeshfix_gmsh;voxel,gmsh: Exception: Wrong topology of boundary mesh for parametrization | pymeshfix_gmsh: Exception: Wrong topology of boundary mesh for parametrization,0.009,15210.0,17984.0
PLAG063,PLAG,data/Nikolaisen2022/Plag Binary meshes/PLAG063-binary.stl,Plag Binary meshes,212853,0.20299243927001953,ascii,0.0083532041004753,0.251739572430042,186,3,03_largest,um,1e-06,0.009,9e-09,data/Nikolaisen2022/Plag Binary meshes/PLAG063-binary.stl,212853,671,1337,0.3660449782123771,0.007341682712999461,24.499610900878906,24.76579475402832,5.527562141418457,5.880369186401367,9.57937240600586,10.0393705368042,0.6379066820507594,14,13,1,False,0.0002047390353254741,0.0002950629283111731,0.0003607555002254055,0.00036078359104281164,34.44914965899189,43.942240560388214,59.16546225162776,59.16703377057601,60.99449031283514,90.0,90.0,90.0,1.0101326346934139,1.3946582682586561,1.463983269055799,1.479235484617538,,data/Nikolaisen2022_merrill_msh/PLAG063.msh,2451506,2.3379383087158203,voxel,2451506,2.3379383087158203,15178,72372,24.499610900878906,24.76579475402832,5.536608695983887,5.880369186401367,9.57937240600586,10.0393705368042,1.206254544018221e-07,1.2066414767480013e-07,1.2067050812747393e-07,1.2067050812747393e-07,0.4072561996648592,0.569618505091575,0.6992264379750494,0.6992264379750494,1.366190860693691,1.3943942649744598,1.6031789314102138,1.6031881999530573,1.3742325239042548,1.7077772247253133,1.9634851741677062,1.9634965257680195,34.957260557715756,54.91971345889132,60.22478126833105,60.22836289841857,-1.0,-1.0,-1.0,-1.0,0.008871078491210938,0.012651893100774666,0.01555374952838199,0.015554026862231219,8.871078491210937e-09,1.2651893100774665e-08,1.555374952838199e-08,1.555402686223122e-08,2.4499610900878905e-05,2.476579475402832e-05,5.536608695983887e-06,5.880369186401367e-06,9.579372406005858e-06,1.0039370536804198e-05,2680176,4371264,1457088,4631808,58283520,107135784.0,102.17264556884766,0.09977797418832779,102.17 MiB,Screening estimate; calibrate with real Merrill.jl runs.,ok,gmsh;pymeshfix_gmsh;voxel,gmsh: Exception: Wrong topology of boundary mesh for parametrization | pymeshfix_gmsh: Exception: Wrong topology of boundary mesh for parametrization,0.009,12062.0,15178.0
PLAG062,PLAG,data/Nikolaisen2022/Plag Binary meshes/PLAG062-binary.stl,Plag Binary meshes,219069,0.20892047882080078,ascii,0.004952307425496,0.211480173538732,187,3,03_largest,um,1e-06,0.009,9e-09,data/Nikolaisen2022/Plag Binary meshes/PLAG062-binary.stl,219069,678,1352,0.38070432736408133,5.1139902945783376e-05,0.7272070050239563,1.1776750087738037,14.472244262695312,14.721284866333008,12.67937183380127,13.339371681213379,0.8369841356003158,5,6,1,False,0.00020473545930599357,0.00029155231770468444,0.0003607625149719945,0.000360774452642702,34.448795925115036,44.32690794232769,59.16670019525265,59.16831989045945,60.99184174004443,90.0,90.0,90.0,1.010105401105293,1.3941753057743282,1.4792097170251841,1.4792415438945523,,data/Nikolaisen2022_merrill_msh/PLAG062.msh,1594118,1.5202693939208984,voxel,1594118,1.5202693939208984,11017,45912,0.7362163662910461,1.1776750087738037,14.481138229370117,14.721284866333008,12.67937183380127,13.339371681213379,1.2073795072889068e-07,1.2075148567419064e-07,1.2076443350666696e-07,1.2076443350666696e-07,0.406834843755894,0.5727221503312442,0.7001072062955926,0.7001072062955926,1.3661377703885007,1.3945249361445553,1.602068650637755,1.602068650637755,1.3727049840538326,1.7079372635707273,1.9621253634858342,1.9621253634858344,35.135683347437585,54.33946735540244,60.33217201300006,60.33228036654266,-1.0,-1.0,-1.0,-1.0,0.008893966674804688,0.012659827552280286,0.015557147910345296,0.015557702145027759,8.893966674804687e-09,1.2659827552280285e-08,1.5557147910345294e-08,1.5557702145027757e-08,7.362163662910461e-07,1.1776750087738037e-06,1.4481138229370117e-05,1.4721284866333007e-05,1.267937183380127e-05,1.3339371681213378e-05,1733592,3172896,1057632,2938368,42305280,76811652.0,73.25329971313477,0.07153642550110817,73.25 MiB,Screening estimate; calibrate with real Merrill.jl runs.,ok,gmsh;pymeshfix_gmsh;voxel,gmsh: Exception: Wrong topology of triangulation for parametrization: one edge is incident to 3 triangles | pymeshfix_gmsh: Exception: Wrong topology of boundary mesh for parametrization,0.009,7652.0,11017.0
PLAG061,PLAG,data/Nikolaisen2022/Plag Binary meshes/PLAG061-binary.stl,Plag Binary meshes,225600,0.21514892578125,ascii,0.0052000305637853,0.2149491628242,188,3,03_largest,um,1e-06,0.009,9e-09,data/Nikolaisen2022/Plag Binary meshes/PLAG061-binary.stl,225600,693,1367,0.37916737108559795,0.001183294144082026,-0.7060989737510681,-0.3580099940299988,14.140191078186035,14.43073844909668,13.319372177124023,14.059371948242188,0.8678613793695845,39,27,1,False,0.00020474462652941838,0.00029153883433334594,0.0003607625149719945,0.000360774452642702,34.44814353970989,43.94355617301423,59.16595336160902,59.16753461005166,60.99259862198027,90.0,90.0,90.0,1.0101133875231285,1.3946562499597672,1.4792167687858175,1.4792527195736322,,data/Nikolaisen2022_merrill_msh/PLAG061.msh,1640486,1.5644893646240234,voxel,1640486,1.5644893646240234,11185,47400,-0.7060989737510681,-0.3669353425502777,14.176509857177734,14.421658515930176,13.319372177124023,14.059371948242188,1.2186880387655974e-07,1.218824976355048e-07,1.2189530041886989e-07,1.2189530041886989e-07,0.4078677007628538,0.5701648803010436,0.6989405254626809,0.6989405254626809,1.366139909331666,1.394101938978359,1.6045228504865372,1.6045238378388795,1.3724781140456797,1.7074191999608148,1.965131132163999,1.9651323414187172,34.948315142152694,54.80438266688181,60.08472881033447,60.084840106111656,-1.0,-1.0,-1.0,-1.0,0.008925318717956543,0.01269271765127597,0.015606097131672294,0.01560613122037766,8.925318717956542e-09,1.2692717651275969e-08,1.5606097131672293e-08,1.560613122037766e-08,-7.060989737510681e-07,-3.669353425502777e-07,1.4176509857177734e-05,1.4421658515930175e-05,1.3319372177124024e-05,1.4059371948242187e-05,1785240,3221280,1073760,3033600,42950400,78096420.0,74.47854995727539,0.07273295894265175,74.48 MiB,Screening estimate; calibrate with real Merrill.jl runs.,ok,gmsh;pymeshfix_gmsh;voxel,gmsh: TimeoutError: Mesh conversion exceeded 30 seconds. Increase mesh_timeout_seconds to retry this STL. | pymeshfix_gmsh: Exception: Wrong topology of boundary mesh for parametrization,0.009,7900.0,11185.0
PLAG060,PLAG,data/Nikolaisen2022/Plag Binary meshes/PLAG060-binary.stl,Plag Binary meshes,227655,0.21710872650146484,ascii,0.0057337240671489,0.222064629151024,189,3,03_largest,um,1e-06,0.009,9e-09,data/Nikolaisen2022/Plag Binary meshes/PLAG060-binary.stl,227655,702,1405,0.35548675405760016,0.008484225821173108,13.115066528320312,13.25839614868164,7.519880771636963,8.474534034729004,13.17937183380127,13.439372062683105,0.9997531454433195,1,4,1,False,0.00020474879875109764,0.00021247166841931175,0.00036075548898968916,0.00036078359104281164,34.44980179266129,44.61301551601138,59.16531693697584,59.16856589390032,60.99373345506567,90.0,90.0,90.0,1.010124648649406,1.393955405098647,1.4639737687760097,1.479224314564088,,data/Nikolaisen2022_merrill_msh/PLAG060.msh,1808794,1.7250003814697266,voxel,1808794,1.7250003814697266,11676,52920,13.115066528320312,13.25839614868164,7.519880771636963,8.465527534484863,13.17937183380127,13.43040657043457,1.2054171733390587e-07,1.2055448252688838e-07,1.2056731702944634e-07,1.2058014197541267e-07,0.4084750510498335,0.5748517091542411,0.7036539241442865,0.7037289533161307,1.3660373428417085,1.3937553223795127,1.605804760880307,1.6058137723356427,1.3673918462751662,1.7069946830590392,1.9667011453443537,1.9667121820780575,35.12974098920032,54.685660394915736,59.94045082223739,59.94397141014258,-1.0,-1.0,-1.0,-1.0,0.008957862854003906,0.012673727082815339,0.015548003242133445,0.015549102634018201,8.957862854003907e-09,1.2673727082815338e-08,1.5548003242133443e-08,1.5549102634018202e-08,1.3115066528320312e-05,1.325839614868164e-05,7.5198807716369624e-06,8.465527534484863e-06,1.317937183380127e-05,1.343040657043457e-05,1973664,3362688,1120896,3386880,44835840,82019952.0,78.22032165527344,0.07638703286647797,78.22 MiB,Screening estimate; calibrate with real Merrill.jl runs.,ok,gmsh;pymeshfix_gmsh;voxel,gmsh: Exception: Wrong topology of triangulation for parametrization: one edge is incident to 3 triangles | pymeshfix_gmsh: Exception: Invalid boundary mesh (overlapping facets) on surface 22 surface 23,0.009,8820.0,11676.0
PLAG059,PLAG,data/Nikolaisen2022/Plag Binary meshes/PLAG059-binary.stl,Plag Binary meshes,228627,0.21803569793701172,ascii,0.0072617810233423,0.240260019960282,190,3,03_largest,um,1e-06,0.009,9e-09,data/Nikolaisen2022/Plag Binary meshes/PLAG059-binary.stl,228627,708,1411,0.3533095383571039,0.01565509570362449,12.193655014038086,12.357461929321289,2.497576951980591,3.327709913253784,14.899372100830078,15.11937141418457,0.874272918923632,6,5,1,False,0.00020474879875109764,0.00021247410927571764,0.00036074706341544116,0.00036079201703199644,34.44714371090589,44.61268644343895,59.16509895447916,59.167819029164136,60.99292988461106,90.0,90.0,90.0,1.0101166691413204,1.3939555898104825,1.4639735900661122,1.4792698487805285,,data/Nikolaisen2022_merrill_msh/PLAG059.msh,2170582,2.070028305053711,voxel,2170582,2.070028305053711,13449,64068,12.193655014038086,12.357461929321289,2.5066001415252686,3.300640344619751,14.899372100830078,15.11937141418457,1.2543118276127883e-07,1.2544754823991255e-07,1.2546069512193309e-07,1.2546069512193309e-07,0.40663060696298353,0.5747573014240235,0.6989740043287385,0.6990475628353072,1.366119775168708,1.3945992692033196,1.6015258703027249,1.6015582759012477,1.3715908962271217,1.7080283026032241,1.9614605960542133,1.9615002846448073,35.242429672583434,54.40777864834997,60.381461421855505,60.38189855705476,-1.0,-1.0,-1.0,-1.0,0.009022951126098633,0.012815117147917809,0.01575613968511246,0.015756690499059724,9.022951126098632e-09,1.2815117147917809e-08,1.575613968511246e-08,1.5756690499059723e-08,1.2193655014038085e-05,1.2357461929321288e-05,2.5066001415252683e-06,3.3006403446197507e-06,1.4899372100830077e-05,1.511937141418457e-05,2372952,3873312,1291104,4100352,51644160,94922820.0,90.52545547485352,0.08840376511216164,90.53 MiB,Screening estimate; calibrate with real Merrill.jl runs.,ok,gmsh;pymeshfix_gmsh;voxel,gmsh: Exception: Wrong topology of boundary mesh for parametrization | pymeshfix_gmsh: Exception: Wrong topology of boundary mesh for parametrization,0.009,10678.0,13449.0
PLAG058,PLAG,data/Nikolaisen2022/Plag Binary meshes/PLAG058-binary.stl,Plag Binary meshes,231045,0.22034168243408203,ascii,0.0107948608770924,0.274203383294677,191,3,03_largest,um,1e-06,0.009,9e-09,data/Nikolaisen2022/Plag Binary meshes/PLAG058-binary.stl,231045,702,1400,0.38178801236463145,0.011117871737092552,10.002744674682617,10.289405822753906,10.819659233093262,11.089452743530273,11.099371910095215,11.559371948242188,0.6054446194184004,0,0,1,True,0.00020472949927352602,0.0002915413424890376,0.0003607560634346966,0.0003607892076581378,34.44791328730243,44.32507386968824,59.16624755915589,59.167819029164136,60.99292988461106,90.0,90.0,90.0,1.0101166691413201,1.3941770985995885,1.4792136550338595,1.4792566641127072,,data/Nikolaisen2022_merrill_msh/PLAG058.msh,3088814,2.9457225799560547,voxel,3088814,2.9457225799560547,18583,91728,10.002744674682617,10.289405822753906,10.819659233093262,11.089452743530273,11.099371910095215,11.559371948242188,1.2107998455549926e-07,1.2110563035912236e-07,1.2111852353812366e-07,1.2111852353812366e-07,0.4075616283154567,0.5761178222534388,0.7036938034861047,0.7037315132681001,1.3660425938685532,1.3941442072617456,1.6036105992861962,1.603627352735683,1.3684058890218445,1.7074709678241156,1.964013857184961,1.9640343758862981,35.24959916019071,54.74898291793982,60.163029211319795,60.16477695657338,-1.0,-1.0,-1.0,-1.0,0.008957862854003906,0.012693306595085083,0.015571697297612626,0.015572245933244138,8.957862854003907e-09,1.2693306595085083e-08,1.5571697297612624e-08,1.5572245933244137e-08,1.0002744674682617e-05,1.0289405822753905e-05,1.081965923309326e-05,1.1089452743530273e-05,1.1099371910095214e-05,1.1559371948242187e-05,3381288,5351904,1783968,5870592,71358720,131619708.0,125.52233505249023,0.1225804053246975,125.52 MiB,Screening estimate; calibrate with real Merrill.jl runs.,ok,gmsh;pymeshfix_gmsh;voxel,gmsh: Exception: Wrong topology of boundary mesh for parametrization | pymeshfix_gmsh: Exception: Wrong topology of boundary mesh for parametrization,0.009,15288.0,18583.0
PLAG057,PLAG,data/Nikolaisen2022/Plag Binary meshes/PLAG057-binary.stl,Plag Binary meshes,242235,0.23101329803466797,ascii,0.0055087529638218,0.219121449240598,192,3,03_largest,um,1e-06,0.009,9e-09,data/Nikolaisen2022/Plag Binary meshes/PLAG057-binary.stl,242235,752,1495,0.37794209187704864,0.02315331681864905,26.81337547302246,26.977182388305664,5.63132905960083,6.7105021476745605,12.5393705368042,12.819372177124023,1.1268754048691374,21,16,1,False,0.00020474879875109764,0.00021247655013212352,0.00036075548898968916,0.00036078359104281164,34.448262609097725,44.61301551601138,59.16546225162776,59.16856589390032,60.99292988461106,90.0,90.0,90.0,1.0101166691413204,1.393955405098647,1.4639737687760097,1.4792506797935838,,data/Nikolaisen2022_merrill_msh/PLAG057.msh,1645604,1.5693702697753906,pymeshfix_gmsh,2296317,2.189938545227051,11454,47312,26.81337547302246,26.97718238830566,5.672834873199463,6.710502147674561,12.5393705368042,12.81937217712403,7.477256465596872e-09,1.1598592007348063e-07,2.170856164160819e-07,4.005928257236484e-07,0.0185621065963204,0.5856969713864276,0.8103649927653652,0.9801034489957818,1.0012332041950238,1.2721099280842116,2.0633071336042437,181.24502257591766,1.02416311235108,1.5033871281131497,2.41227932850379,32.39375123203281,3.819708592452206,50.09314396985251,66.80954570529231,84.18418519065766,-1.0,-1.0,-1.0,-1.0,0.002830795496800383,0.01073568567954098,0.015114542936670292,0.027747853368662607,2.830795496800383e-09,1.073568567954098e-08,1.511454293667029e-08,2.7747853368662604e-08,2.681337547302246e-05,2.697718238830566e-05,5.672834873199463e-06,6.710502147674561e-06,1.2539370536804198e-05,1.281937217712403e-05,1788880,3298752,1099584,3027968,43983360,79797816.0,76.10112762451172,0.07431750744581223,76.10 MiB,Screening estimate; calibrate with real Merrill.jl runs.,ok,gmsh;pymeshfix_gmsh,gmsh: Exception: Wrong topology of triangulation for parametrization: one edge is incident to 3 triangles,,,
PLAG056,PLAG,data/Nikolaisen2022/Plag Binary meshes/PLAG056-binary.stl,Plag Binary meshes,244080,0.2327728271484375,ascii,0.0028294097909998,0.175481933094614,193,3,03_largest,um,1e-06,0.009,9e-09,data/Nikolaisen2022/Plag Binary meshes/PLAG056-binary.stl,244080,740,1479,0.3746012559532387,0.010159873069403096,10.821775436401367,12.459840774536133,14.389230728149414,14.576011657714844,14.659371376037598,15.099371910095215,1.7063837896613054,8,7,1,False,0.00020472949927352602,0.00021247166841931175,0.00036075548898968916,0.0003607892076581378,34.448573760498284,44.32774165145066,59.16550169673353,59.16856589390032,60.99141581081264,90.0,90.0,90.0,1.010101181517113,1.3941744924291908,1.4639931274490585,1.4792453495867504,,data/Nikolaisen2022_merrill_msh/PLAG056.msh,1240555,1.1830854415893555,pymeshfix_gmsh,1727220,1.6472053527832031,9823,34477,10.82177543640137,12.45984077453613,14.38923072814941,14.57601165771484,14.6593713760376,15.09937191009522,3.334082844220961e-09,8.660179890508069e-08,1.8486710687821842e-07,3.758724350679499e-07,0.009756473355364136,0.5375206761236642,0.7841925218037964,0.9844336578475371,1.000811627529805,1.3298322283022683,2.189339728519717,1173.9167334805582,1.0188204386580324,1.5727220678758405,2.5246122987784623,56.44188315311857,1.862786674855439,49.20930558503859,67.28162301324869,85.78582186782442,-1.0,-1.0,-1.0,-1.0,0.0023966309946818138,0.009944857252828097,0.014570944661901786,0.02863949924503923,2.3966309946818136e-09,9.944857252828096e-09,1.4570944661901786e-08,2.863949924503923e-08,1.082177543640137e-05,1.2459840774536129e-05,1.438923072814941e-05,1.457601165771484e-05,1.4659371376037598e-05,1.509937191009522e-05,1339016,2829024,943008,2206528,37720320,67556844.0,64.42722702026367,0.06291721388697624,64.43 MiB,Screening estimate; calibrate with real Merrill.jl runs.,ok,gmsh;pymeshfix_gmsh,gmsh: Exception: Wrong topology of triangulation for parametrization: one edge is incident to 3 triangles,,,
PLAG055,PLAG,data/Nikolaisen2022/Plag Binary meshes/PLAG055-binary.stl,Plag Binary meshes,247449,0.23598575592041016,ascii,0.0057740484470011,0.222583995380739,194,3,03_largest,um,1e-06,0.009,9e-09,data/Nikolaisen2022/Plag Binary meshes/PLAG055-binary.stl,247449,780,1556,0.3932481225960742,0.0001939886585531822,10.98558235168457,11.169864654541016,4.386128902435303,5.465301990509033,7.6793718338012695,7.9393720626831055,1.1252442580112432,9,9,1,False,0.0002047536804639094,0.0002124766826909763,0.0003607611088825498,0.00036078359104281164,34.44889983003652,44.61433184461598,59.165109053640805,59.16817326110164,60.99449031283514,90.0,90.0,90.0,1.0101326317160813,1.3939546678003747,1.4639785188313361,1.4792397640314003,,data/Nikolaisen2022_merrill_msh/PLAG055.msh,1710598,1.6313533782958984,voxel,1710598,1.6313533782958984,11385,49704,10.98558235168457,11.169864654541016,4.4131083488464355,5.456308841705322,7.6793718338012695,7.9393720626831055,1.2380375279632803e-07,1.2382313297673123e-07,1.2382315288029787e-07,1.238297186129921e-07,0.4101701669358074,0.5652927317014163,0.6889082910360549,0.6889271100538202,1.3663672876236228,1.3933432138288742,1.6106034495345165,1.6106034495345165,1.3732595875928024,1.706489955225187,1.9725783146630005,1.9725783146630005,34.56863612005516,54.327169368011226,59.49905673625822,59.5017165479829,-1.0,-1.0,-1.0,-1.0,0.008965492248535156,0.012698691927290442,0.01568954961017838,0.01568982209450807,8.965492248535156e-09,1.2698691927290442e-08,1.568954961017838e-08,1.568982209450807e-08,1.0985582351684569e-05,1.1169864654541015e-05,4.413108348846435e-06,5.456308841705322e-06,7.67937183380127e-06,7.939372062683105e-06,1863768,3278880,1092960,3181056,43718400,79702596.0,76.01031875610352,0.07422882691025734,76.01 MiB,Screening estimate; calibrate with real Merrill.jl runs.,ok,gmsh;pymeshfix_gmsh;voxel,gmsh: Exception: Wrong topology of boundary mesh for parametrization | pymeshfix_gmsh: Exception: Wrong topology of boundary mesh for parametrization,0.009,8284.0,11385.0
PLAG054,PLAG,data/Nikolaisen2022/Plag Binary meshes/PLAG054-binary.stl,Plag Binary meshes,248085,0.23659229278564453,ascii,0.0035239584679921,0.188803795090576,195,3,03_largest,um,1e-06,0.009,9e-09,data/Nikolaisen2022/Plag Binary meshes/PLAG054-binary.stl,248085,779,1560,0.38193571938052107,0.0017020624919449076,18.66400718688965,18.80733871459961,2.061758041381836,3.6182570457458496,5.659371852874756,6.01937198638916,1.604005353342758,10,16,1,False,0.0002047536804639094,0.00021247410927571764,0.0003607442521425079,0.00036077516410649795,34.44983329645115,44.614002756717504,59.16506958921053,59.16703377057601,60.99449031283514,90.0,90.0,90.0,1.0101326317160813,1.3939548518925715,1.4639785188313361,1.479223774973854,,data/Nikolaisen2022_merrill_msh/PLAG054.msh,1280791,1.2214574813842773,pymeshfix_gmsh,1773641,1.6914758682250977,9735,36002,18.66400718688965,18.80733871459961,2.061758041381836,3.597502946853638,5.659371852874755,6.019371986389161,2.5464025425790867e-09,1.0272767895279347e-07,2.0247090242611983e-07,3.992744562384532e-07,0.03858787664173465,0.559998920271747,0.7959635933624254,0.9938511687905747,1.0000926152576846,1.2989294200978443,2.1273523344240877,84.19597902323105,1.007808666588855,1.5368585587794306,2.47850577268877,14.31937309628957,6.6437786404428865,49.97552771104198,67.41866026909975,83.35453819771116,-1.0,-1.0,-1.0,-1.0,0.0013471041278670464,0.010447233887202364,0.01482019655818418,0.023033117891786088,1.3471041278670464e-09,1.0447233887202364e-08,1.482019655818418e-08,2.3033117891786088e-08,1.8664007186889646e-05,1.880733871459961e-05,2.0617580413818357e-06,3.597502946853638e-06,5.659371852874755e-06,6.019371986389161e-06,1385704,2803680,934560,2304128,37382400,67215708.0,64.10189437866211,0.06259950622916222,64.10 MiB,Screening estimate; calibrate with real Merrill.jl runs.,ok,gmsh;pymeshfix_gmsh,gmsh: Exception: Wrong topology of triangulation for parametrization: one edge is incident to 3 triangles,,,
PLAG053,PLAG,data/Nikolaisen2022/Plag Binary meshes/PLAG053-binary.stl,Plag Binary meshes,259245,0.24723529815673828,ascii,0.0126814082983747,0.289327437816714,196,3,03_largest,um,1e-06,0.009,9e-09,data/Nikolaisen2022/Plag Binary meshes/PLAG053-binary.stl,259245,802,1600,0.4263074715935665,0.016065207371250983,18.00878143310547,18.500200271606445,1.9372379779815674,2.1655240058898926,10.599371910095215,11.059371948242188,0.7107791643450346,2,2,1,False,0.0002047390353254741,0.0002915274410326915,0.0003607569069759083,0.0003607906123437674,34.448418184622966,44.32637598917555,59.16546225162776,59.16762751851468,60.99292988461106,90.0,90.0,90.0,1.0101166691413204,1.3941758252613832,1.4639955921557577,1.4792480146689386,,data/Nikolaisen2022_merrill_msh/PLAG053.msh,3568679,3.40335750579834,voxel,3568679,3.40335750579834,21261,106188,18.00878143310547,18.500200271606445,1.9463694095611572,2.1655240058898926,10.608391761779785,11.059371948242188,1.2262755339521406e-07,1.226405202508126e-07,1.2266670311166886e-07,1.226699058976509e-07,0.4083768293577578,0.5677672390547942,0.6951017904595046,0.6951017904595046,1.3662060450301285,1.3939471366027445,1.6058624898361826,1.6058974779340485,1.373201504995623,1.7072296065452013,1.9667718485869925,1.9668147000804121,34.80180478012399,54.699059273731926,59.95676042515361,59.95676042515361,-1.0,-1.0,-1.0,-1.0,0.00893402099609375,0.012695450191713954,0.015638873981018587,0.015639563189206798,8.93402099609375e-09,1.2695450191713953e-08,1.5638873981018585e-08,1.5639563189206798e-08,1.8008781433105467e-05,1.8500200271606444e-05,1.9463694095611572e-06,2.1655240058898924e-06,1.0608391761779784e-05,1.1059371948242187e-05,3908280,6123168,2041056,6796032,81642240,150766164.0,143.78181838989258,0.14041193202137947,143.78 MiB,Screening estimate; calibrate with real Merrill.jl runs.,ok,gmsh;pymeshfix_gmsh;voxel,gmsh: Exception: Wrong topology of triangulation for parametrization: one edge is incident to 3 triangles | pymeshfix_gmsh: Exception: Wrong topology of boundary mesh for parametrization,0.009,17698.0,21261.0
PLAG052,PLAG,data/Nikolaisen2022/Plag Binary meshes/PLAG052-binary.stl,Plag Binary meshes,266847,0.2544851303100586,ascii,0.0063369723045812,0.229594279044495,197,3,03_largest,um,1e-06,0.009,9e-09,data/Nikolaisen2022/Plag Binary meshes/PLAG052-binary.stl,266847,841,1678,0.42630971503909576,0.007032746183899277,7.23851203918457,7.402318000793457,7.39536190032959,8.495287895202637,13.319372177124023,13.599371910095215,1.1467647700029908,0,0,1,True,0.00020474403049774992,0.00021247661652523675,0.00036075549565903127,0.0003607779657145398,34.44853561736147,44.61368260839613,59.16546271696755,59.167780157574526,60.992551298365726,90.0,90.0,90.0,1.0101129187312334,1.3939550311346791,1.4639834045134337,1.479246002990736,,data/Nikolaisen2022_merrill_msh/PLAG052.msh,1998634,1.906045913696289,voxel,1998634,1.906045913696289,13152,58224,7.23851203918457,7.39321756362915,7.404377460479736,8.495287895202637,13.319372177124023,13.599371910095215,1.2349629157065029e-07,1.2350935581391387e-07,1.235158276938035e-07,1.235158276938035e-07,0.4086144400340037,0.573038818383567,0.7011716357519716,0.7011903504395969,1.3660624229333775,1.393724201095304,1.6061553151427939,1.6061553151427939,1.3685802733257653,1.706956567425814,1.967130484879477,1.967130484879477,35.035861272674424,54.58576094417028,59.90737694915395,59.9082566742232,-1.0,-1.0,-1.0,-1.0,0.009015083312988281,0.0127617340107167,0.015674176582576096,0.015674450857280895,9.015083312988281e-09,1.27617340107167e-08,1.5674176582576094e-08,1.5674450857280894e-08,7.23851203918457e-06,7.39321756362915e-06,7.404377460479736e-06,8.495287895202636e-06,1.3319372177124024e-05,1.3599371910095214e-05,2178816,3787776,1262592,3726336,50503680,92188800.0,87.9180908203125,0.08585751056671143,87.92 MiB,Screening estimate; calibrate with real Merrill.jl runs.,ok,gmsh;pymeshfix_gmsh;voxel,gmsh: Exception: Wrong topology of boundary mesh for parametrization | pymeshfix_gmsh: Exception: Wrong topology of boundary mesh for parametrization,0.009,9704.0,13152.0
PLAG051,PLAG,data/Nikolaisen2022/Plag Binary meshes/PLAG051-binary.stl,Plag Binary meshes,295881,0.28217411041259766,ascii,0.0139593128433878,0.298736626703346,198,3,03_largest,um,1e-06,0.009,9e-09,data/Nikolaisen2022/Plag Binary meshes/PLAG051-binary.stl,295881,931,1854,0.47894658026590153,0.013032028930896765,10.98558235168457,11.722711563110352,9.781993865966797,10.093293190002441,4.359372138977051,4.5593719482421875,0.8247828000075743,6,3,1,False,0.0002047441437298403,0.0002124814318449353,0.00036076110850898367,0.0003607835966652597,34.44859696979778,44.61301551601138,59.165109053640805,59.16817326110164,60.99451338578494,90.0,90.0,90.0,1.0101326317160813,1.393955405098647,1.4639916722781259,1.479244952005542,,data/Nikolaisen2022_merrill_msh/PLAG051.msh,4110983,3.920538902282715,voxel,4110983,3.920538902282715,24345,122472,10.98558235168457,11.722711563110352,9.781993865966797,10.075504302978516,4.359372138977051,4.5593719482421875,1.211375177641652e-07,1.211375177641652e-07,1.2115050698974575e-07,1.2116335979125113e-07,0.4059059361821884,0.5742700279429985,0.6954207183948014,0.6954580183230202,1.366207437628055,1.394977138965931,1.5999971361679304,1.6000142157116013,1.3735285179546937,1.7084910966570364,1.9595882867629022,1.9596092048464198,35.265977621879706,54.295487325847255,60.54697823972047,60.54697823972047,-1.0,-1.0,-1.0,-1.0,0.008893966674804688,0.012645583058516412,0.01557418509447501,0.015575280185770408,8.893966674804687e-09,1.2645583058516412e-08,1.5574185094475008e-08,1.5575280185770408e-08,1.0985582351684569e-05,1.1722711563110352e-05,9.781993865966796e-06,1.0075504302978515e-05,4.3593721389770505e-06,4.559371948242187e-06,4503384,7011360,2337120,7838208,93484800,172762308.0,164.75897598266602,0.16089743748307228,164.76 MiB,Screening estimate; calibrate with real Merrill.jl runs.,ok,gmsh;pymeshfix_gmsh;voxel,gmsh: Exception: Wrong topology of boundary mesh for parametrization | pymeshfix_gmsh: Exception: Wrong topology of boundary mesh for parametrization,0.009,20412.0,24345.0
PLAG050,PLAG,data/Nikolaisen2022/Plag Binary meshes/PLAG050-binary.stl,Plag Binary meshes,301689,0.28771305084228516,ascii,0.0126063330036061,0.288755357599534,199,3,03_largest,um,1e-06,0.009,9e-09,data/Nikolaisen2022/Plag Binary meshes/PLAG050-binary.stl,301689,933,1862,0.5060780973069762,0.009245414978747342,1.9148030281066895,2.1400370597839355,12.91574478149414,13.31005859375,13.919371604919434,14.599371910095215,0.8176883065083489,11,9,1,False,0.00020473545930599357,0.00029154645697338204,0.0003607526852832725,0.0003607751552557157,34.44822029065904,43.943605604587056,59.16585514036257,59.166836871655654,60.9926459454994,90.0,90.0,90.0,1.0101138563176995,1.394656174175202,1.4784095030553712,1.479251404748346,,data/Nikolaisen2022_merrill_msh/PLAG050.msh,3666651,3.496790885925293,voxel,3666651,3.496790885925293,22444,108504,1.9238123893737793,2.1400370597839355,12.92470645904541,13.30109691619873,13.919371604919434,14.590424537658691,1.2040030320219913e-07,1.2040030320219913e-07,1.2040030320219913e-07,1.2040030320219913e-07,0.4088184775215233,0.5746378173430284,0.7027893658508942,0.7027893658508942,1.3660454327565428,1.3936280447764995,1.606593840489241,1.606593840489241,1.3679801498191637,1.7068388004675055,1.9676675665485146,1.9676675665485146,35.099634482626215,54.620905022489104,59.85939939865283,59.85939939865283,-1.0,-1.0,-1.0,-1.0,0.008947372436523438,0.012663614730825777,0.015541419770784338,0.015541419770784338,8.947372436523437e-09,1.2663614730825777e-08,1.5541419770784336e-08,1.5541419770784336e-08,1.923812389373779e-06,2.1400370597839355e-06,1.292470645904541e-05,1.330109691619873e-05,1.3919371604919433e-05,1.459042453765869e-05,4010784,6463872,2154624,6944256,86184960,158637744.0,151.2887420654297,0.14774291217327118,151.29 MiB,Screening estimate; calibrate with real Merrill.jl runs.,ok,gmsh;pymeshfix_gmsh;voxel,gmsh: Exception: Wrong topology of boundary mesh for parametrization | pymeshfix_gmsh: Exception: Wrong topology of boundary mesh for parametrization,0.009,18084.0,22444.0
PLAG049,PLAG,data/Nikolaisen2022/Plag Binary meshes/PLAG049-binary.stl,Plag Binary meshes,302499,0.2884855270385742,ascii,0.0057798923223574,0.222659061980083,200,3,03_largest,um,1e-06,0.009,9e-09,data/Nikolaisen2022/Plag Binary meshes/PLAG049-binary.stl,302499,935,1867,0.46244411915686084,0.013074168671255269,26.81337547302246,26.956707000732422,4.033322811126709,5.48605489730835,12.17937183380127,12.51937198638916,1.4988577466915003,8,9,1,False,0.00020474879875109764,0.00021247166841931175,0.0003607555002254055,0.00036078359104281164,34.448573760498284,44.613673672650606,59.16546225162776,59.16856589390032,60.99449031283514,90.0,90.0,90.0,1.0101326346934139,1.393955036139686,1.4639737687760097,1.4792453495867504,,data/Nikolaisen2022_merrill_msh/PLAG049.msh,1824614,1.7400875091552734,voxel,1824614,1.7400875091552734,12487,52674,26.81337547302246,26.956707000732422,4.042346000671387,5.477031707763672,12.17937183380127,12.51937198638916,1.2051457256671375e-07,1.2054660618119004e-07,1.2054660618119004e-07,1.2054660618119004e-07,0.40887882480718934,0.5737754010701184,0.7015921235483208,0.7016294898540113,1.3660566982142524,1.393605711612866,1.6068073537519365,1.6068073537519365,1.3682099787214272,1.7068114480398835,1.9679290658219746,1.9679290658219746,35.051146391442806,54.604636360873535,59.842919570032514,59.843791783501274,-1.0,-1.0,-1.0,-1.0,0.008947372436523438,0.012661590228165046,0.01554779137579181,0.01554779137579181,8.947372436523437e-09,1.2661590228165046e-08,1.554779137579181e-08,1.554779137579181e-08,2.681337547302246e-05,2.695670700073242e-05,4.0423460006713865e-06,5.4770317077636715e-06,1.2179371833801269e-05,1.2519371986389159e-05,1985256,3596256,1198752,3371136,47950080,87152220.0,83.11483383178711,0.0811668299138546,83.11 MiB,Screening estimate; calibrate with real Merrill.jl runs.,ok,gmsh;pymeshfix_gmsh;voxel,gmsh: Exception: Wrong topology of boundary mesh for parametrization | pymeshfix_gmsh: Exception: Wrong topology of boundary mesh for parametrization,0.009,8779.0,12487.0
PLAG048,PLAG,data/Nikolaisen2022/Plag Binary meshes/PLAG048-binary.stl,Plag Binary meshes,306780,0.2925682067871094,ascii,0.0041289635993728,0.19904326054804,201,3,03_largest,um,1e-06,0.009,9e-09,data/Nikolaisen2022/Plag Binary meshes/PLAG048-binary.stl,306780,929,1859,0.4549749520911447,0.014574810866125774,25.011505126953125,25.13435935974121,10.985686302185059,13.144031524658203,12.839371681213379,13.35937213897705,2.223498985374409,9,13,1,False,0.00020474879875109764,0.00021247166841931175,0.000360744254220975,0.0003607892076581378,34.448573760498284,44.61301551601138,59.16471556645881,59.167819029164136,60.99292988461106,90.0,90.0,90.0,1.0101166691413204,1.393955405098647,1.4639734470981938,1.4792453495867504,,data/Nikolaisen2022_merrill_msh/PLAG048.msh,1119595,1.0677289962768555,pymeshfix_gmsh,1543590,1.4720821380615234,8320,31660,25.03198051452637,25.13435935974121,10.98568630218506,12.29314517974854,12.83937168121338,13.1593713760376,6.8543892974175576e-09,9.85615730799662e-08,1.9931411293798122e-07,3.6030540994588566e-07,0.03335978019647612,0.5667546590277378,0.8028665562091846,0.9867974366348026,1.0005848106860311,1.2920861690561112,2.091336239437156,188.22060005383983,1.0144966640353228,1.530585828484861,2.4350696718064713,21.786931520564686,3.8788270165674708,49.98706389013786,66.76793206698949,83.60815710941986,-1.0,-1.0,-1.0,-1.0,0.0025271201033531102,0.01027997738204741,0.014686750939787661,0.01861661089573583,2.52712010335311e-09,1.0279977382047409e-08,1.468675093978766e-08,1.861661089573583e-08,2.5031980514526368e-05,2.513435935974121e-05,1.0985686302185059e-05,1.229314517974854e-05,1.283937168121338e-05,1.3159371376037599e-05,1212800,2396160,798720,2026240,31948800,57574080.0,54.90692138671875,0.05362004041671753,54.91 MiB,Screening estimate; calibrate with real Merrill.jl runs.,ok,gmsh;pymeshfix_gmsh,gmsh: Exception: Invalid boundary mesh (overlapping facets) on surface 158 surface 166,,,
PLAG047,PLAG,data/Nikolaisen2022/Plag Binary meshes/PLAG047-binary.stl,Plag Binary meshes,308817,0.2945108413696289,ascii,0.007578859081813,0.243707224257572,202,3,03_largest,um,1e-06,0.009,9e-09,data/Nikolaisen2022/Plag Binary meshes/PLAG047-binary.stl,308817,955,1906,0.4904911713816701,0.005675078632495663,25.011505126953125,25.216262817382812,14.057177543640137,15.260869979858398,5.6793718338012695,6.01937198638916,1.267438872908253,9,10,1,False,0.0002047536804639094,0.0002124816965078935,0.0003607498715821029,0.00036077235479761076,34.44921098410805,44.61301551601138,59.165109053640805,59.16817326110164,60.99373345506567,90.0,90.0,90.0,1.010124648649406,1.393955405098647,1.4639399835740106,1.4792344341757253,,data/Nikolaisen2022_merrill_msh/PLAG047.msh,2228318,2.125089645385742,voxel,2228318,2.125089645385742,14749,64830,25.011505126953125,25.198457717895508,14.066160202026367,15.260869979858398,5.688319206237793,6.01937198638916,1.1923864490862487e-07,1.1926419422186862e-07,1.1927685630852558e-07,1.1927685630852558e-07,0.4081572157024397,0.5735163751662542,0.7025838351845857,0.7025838351845857,1.3660555416916,1.393904424895982,1.605044539884285,1.605062750640252,1.3691807071227482,1.7071772956013966,1.965770068578351,1.9657923721083246,35.08596403644747,54.74936061078838,60.02007536159511,60.02007536159511,-1.0,-1.0,-1.0,-1.0,0.008901596069335938,0.01262116817491457,0.015492449719633017,0.015493002687860215,8.901596069335938e-09,1.2621168174914568e-08,1.5492449719633016e-08,1.5493002687860216e-08,2.5011505126953125e-05,2.5198457717895505e-05,1.4066160202026367e-05,1.5260869979858396e-05,5.6883192062377925e-06,6.01937198638916e-06,2428536,4247712,1415904,4149120,56636160,103316148.0,98.52995681762695,0.09622066095471382,98.53 MiB,Screening estimate; calibrate with real Merrill.jl runs.,ok,gmsh;pymeshfix_gmsh;voxel,gmsh: Exception: Wrong topology of triangulation for parametrization: one edge is incident to 4 triangles | pymeshfix_gmsh: Exception: Wrong topology of boundary mesh for parametrization,0.009,10805.0,14749.0
PLAG046,PLAG,data/Nikolaisen2022/Plag Binary meshes/PLAG046-binary.stl,Plag Binary meshes,309090,0.2947711944580078,ascii,0.0100931581080204,0.268128400878542,203,3,03_largest,um,1e-06,0.009,9e-09,data/Nikolaisen2022/Plag Binary meshes/PLAG046-binary.stl,309090,939,1873,0.5265139859824262,0.004271155841908689,26.73147201538086,27.222890853881836,14.825050354003906,15.198610305786133,13.579371452331543,14.399372100830078,1.0263725327322466,18,18,1,False,0.0002047390353254741,0.00029154813145568914,0.00036075999099083995,0.0003607892076581378,34.44729928410998,44.32637598917555,59.166994397252914,59.16935114219168,60.992173012993774,90.0,90.0,90.0,1.0101086831570603,1.3941758252613832,1.479224314564088,1.4792671833471656,,data/Nikolaisen2022_merrill_msh/PLAG046.msh,2985858,2.847536087036133,voxel,2985858,2.847536087036133,19238,87396,26.740406036376953,27.222890853881836,14.833944320678711,15.171927452087402,13.588382720947266,14.399372100830078,1.1932492980741097e-07,1.1935035567831043e-07,1.1937583611291297e-07,1.1937583611291297e-07,0.40673661350361767,0.5764125274680756,0.6995422475874395,0.6996170769027542,1.3660908275361547,1.3945256349335882,1.6017522743836068,1.6017853641745012,1.3700158134806788,1.7079381194090109,1.9617378832911359,1.9617784098428288,35.311651513410254,54.49813474038105,60.358536840613944,60.358536840613944,-1.0,-1.0,-1.0,-1.0,0.008893966674804688,0.012606995644317978,0.015496428660841846,0.015497528366291324,8.893966674804687e-09,1.2606995644317978e-08,1.5496428660841847e-08,1.5497528366291324e-08,2.6740406036376953e-05,2.7222890853881835e-05,1.483394432067871e-05,1.5171927452087402e-05,1.3588382720947264e-05,1.4399372100830077e-05,3258384,5540544,1846848,5593344,73873920,135169560.0,128.9077377319336,0.1258864626288414,128.91 MiB,Screening estimate; calibrate with real Merrill.jl runs.,ok,gmsh;pymeshfix_gmsh;voxel,gmsh: Exception: Wrong topology of triangulation for parametrization: one edge is incident to 4 triangles | pymeshfix_gmsh: Exception: Wrong topology of boundary mesh for parametrization,0.009,14566.0,19238.0
PLAG045,PLAG,data/Nikolaisen2022/Plag Binary meshes/PLAG045-binary.stl,Plag Binary meshes,344757,0.32878589630126953,ascii,0.0186772988546219,0.329183820914268,204,3,03_largest,um,1e-06,0.009,9e-09,data/Nikolaisen2022/Plag Binary meshes/PLAG045-binary.stl,344757,1086,2168,0.6165200533753972,0.019438693974747942,26.485763549804688,26.936229705810547,5.527562141418457,5.859614849090576,8.11937141418457,8.759371757507324,0.8501642181557184,14,14,1,False,0.0002047390353254741,0.00029506970338925886,0.0003607611074756598,0.0003607948264162529,34.448262609097725,44.32774165145066,59.16624816349944,59.167819029164136,60.99292988461106,90.0,90.0,90.0,1.0101166691413201,1.3941744924291908,1.479202487493161,1.4792506797935838,,data/Nikolaisen2022_merrill_msh/PLAG045.msh,5361855,5.113463401794434,voxel,5361855,5.113463401794434,31981,159510,26.485763549804688,26.936229705810547,5.536536693572998,5.859614849090576,8.11937141418457,8.759371757507324,1.2144072117417173e-07,1.2146002411536164e-07,1.214857408259514e-07,1.214857408259514e-07,0.40789857573376387,0.5759410939793514,0.7054000065055928,0.7054748201798352,1.3660338060070059,1.393993792327696,1.6043904691783217,1.6044248563104129,1.3678651212982154,1.7072867479050562,1.9649689988356946,1.965011114299365,35.21413930001114,54.62382742245245,60.084185628519904,60.084185628519904,-1.0,-1.0,-1.0,-1.0,0.008974075317382812,0.012715895317755447,0.015587634082444035,0.01558790861086529,8.974075317382812e-09,1.2715895317755446e-08,1.5587634082444036e-08,1.558790861086529e-08,2.6485763549804687e-05,2.6936229705810546e-05,5.536536693572998e-06,5.8596148490905755e-06,8.11937141418457e-06,8.759371757507323e-06,5871864,9210528,3070176,10208640,122807040,226752372.0,216.2479133605957,0.21117960289120674,216.25 MiB,Screening estimate; calibrate with real Merrill.jl runs.,ok,gmsh;pymeshfix_gmsh;voxel,gmsh: Exception: Wrong topology of triangulation for parametrization: one edge is incident to 3 triangles | pymeshfix_gmsh: Exception: Wrong topology of boundary mesh for parametrization,0.009,26585.0,31981.0
PLAG044,PLAG,data/Nikolaisen2022/Plag Binary meshes/PLAG044-binary.stl,Plag Binary meshes,346315,0.33027172088623047,ascii,0.0066762719400716,0.233620956996187,205,3,03_largest,um,1e-06,0.009,9e-09,data/Nikolaisen2022/Plag Binary meshes/PLAG044-binary.stl,346315,1087,2174,0.5616116984878792,0.006834938305776508,4.760940074920654,4.904270172119141,8.308507919311523,10.17630672454834,10.659372329711914,11.139371871948242,1.9338085360640258,4,8,1,False,0.00020474380335144815,0.00021247661652523675,0.0003607554935611831,0.00036077796779290637,34.449187774232996,44.61368260839613,59.16546271696755,59.167780157574526,60.992551298365726,90.0,90.0,90.0,1.0101129187312334,1.3939550311346791,1.4639736335523061,1.4792348317382653,,data/Nikolaisen2022_merrill_msh/PLAG044.msh,1980042,1.888315200805664,voxel,1980042,1.888315200805664,14132,56580,4.760940074920654,4.904270172119141,8.308507919311523,10.167326927185059,10.659372329711914,11.139371871948242,1.2141168539980818e-07,1.214244709606127e-07,1.2143093452235873e-07,1.2144383075584665e-07,0.4068895448273954,0.5772206690256296,0.700278321495163,0.7003158186789225,1.3660749380799275,1.3944524247693681,1.6020713155728556,1.6020882180663927,1.3690889988240178,1.7078484556358493,1.9621286273514305,1.9621493285937033,35.34198158507494,54.65373941727734,60.32328723976205,60.32328723976205,-1.0,-1.0,-1.0,-1.0,0.008957862854003906,0.012684187427968861,0.015585574465485509,0.015586398013781755,8.957862854003907e-09,1.268418742796886e-08,1.5585574465485508e-08,1.5586398013781755e-08,4.760940074920654e-06,4.904270172119141e-06,8.308507919311523e-06,1.0167326927185059e-05,1.0659372329711913e-05,1.1139371871948241e-05,2149728,4070016,1356672,3621120,54266880,98196624.0,93.64759826660156,0.09145273268222809,93.65 MiB,Screening estimate; calibrate with real Merrill.jl runs.,ok,gmsh;pymeshfix_gmsh;voxel,gmsh: Exception: Wrong topology of triangulation for parametrization: one edge is incident to 3 triangles | pymeshfix_gmsh: Exception: Wrong topology of boundary mesh for parametrization,0.009,9430.0,14132.0
PLAG043,PLAG,data/Nikolaisen2022/Plag Binary meshes/PLAG043-binary.stl,Plag Binary meshes,358431,0.3418264389038086,ascii,0.0159175068743783,0.312098830490374,206,3,03_largest,um,1e-06,0.009,9e-09,data/Nikolaisen2022/Plag Binary meshes/PLAG043-binary.stl,358431,1130,2254,0.6333115604655839,0.01794407348697941,10.657970428466797,11.210817337036133,6.004889011383057,6.316188812255859,4.459372043609619,5.319372177124023,1.0687130110478265,10,8,1,False,0.0002047343807589641,0.0002950663158292788,0.00036076111766603677,0.0003607892087063026,34.44889983003652,44.32705882826191,59.16585537291742,59.167426402754224,60.99295292101754,90.0,90.0,90.0,1.010117151146311,1.394175158499121,1.4792027417111042,1.4792397640314003,,data/Nikolaisen2022_merrill_msh/PLAG043.msh,4672159,4.455718040466309,voxel,4672159,4.455718040466309,28631,138228,10.657970428466797,11.210817337036133,6.004889011383057,6.316188812255859,4.459372043609619,5.319372177124023,1.2033985184994184e-07,1.2035270986671264e-07,1.2036537457363328e-07,1.2036537457363328e-07,0.40850270484615814,0.5690052549867805,0.6963772874173653,0.6963772874173653,1.3661626479607314,1.3938586808689375,1.6060728130887767,1.6060904861115333,1.3720263929447216,1.707121270838876,1.9670294409119404,1.9670510858559243,34.85113302692952,54.38451077813279,59.929031050961825,59.929031050961825,-1.0,-1.0,-1.0,-1.0,0.008893966674804688,0.012623568957897239,0.015540164787678713,0.015540720974073434,8.893966674804687e-09,1.2623568957897239e-08,1.5540164787678713e-08,1.5540720974073434e-08,1.0657970428466797e-05,1.1210817337036132e-05,6.004889011383056e-06,6.316188812255859e-06,4.459372043609619e-06,5.319372177124023e-06,5110440,8245728,2748576,8846592,109943040,202341564.0,192.96795272827148,0.18844526633620262,192.97 MiB,Screening estimate; calibrate with real Merrill.jl runs.,ok,gmsh;pymeshfix_gmsh;voxel,gmsh: Exception: Wrong topology of triangulation for parametrization: one edge is incident to 3 triangles | pymeshfix_gmsh: Exception: Wrong topology of boundary mesh for parametrization,0.009,23038.0,28631.0
PLAG042,PLAG,data/Nikolaisen2022/Plag Binary meshes/PLAG042-binary.stl,Plag Binary meshes,361770,0.34501075744628906,ascii,0.0182112028166254,0.326422437089803,207,3,03_largest,um,1e-06,0.009,9e-09,data/Nikolaisen2022/Plag Binary meshes/PLAG042-binary.stl,361770,1138,2275,0.6370691670704622,0.017956984092400506,22.656787872314453,23.23011016845703,3.5975029468536377,3.9088029861450195,8.939371109008789,9.739372253417969,1.0322829073335522,6,9,1,False,0.0002047390353254741,0.00029156864111024814,0.0003607583101094834,0.00036079201703199644,34.44837170511388,44.32774165145066,59.166209076944696,59.16856589390032,60.992173012993774,90.0,90.0,90.0,1.0101086831570603,1.3941744924291908,1.479205152130692,1.47924881089248,,data/Nikolaisen2022_merrill_msh/PLAG042.msh,5417211,5.166254997253418,voxel,5417211,5.166254997253418,32518,160950,22.656787872314453,23.23011016845703,3.5975029468536377,3.8999087810516357,8.939371109008789,9.739372253417969,1.1934260285735576e-07,1.1936801652917377e-07,1.1938388169620978e-07,1.1938388169620978e-07,0.4072588982207138,0.5748842425070834,0.7022135808585207,0.7022230915865256,1.3660692394789478,1.3942888122961044,1.6029584048693062,1.6029625048075615,1.370038535631034,1.7076480720983231,1.9632150854177237,1.9632201067960768,35.21040081364177,54.49533926144367,60.232151263552545,60.23565211725956,-1.0,-1.0,-1.0,-1.0,0.008894205093383789,0.012624075325792355,0.015497040382729768,0.015497730371022233,8.894205093383789e-09,1.2624075325792355e-08,1.549704038272977e-08,1.5497730371022233e-08,2.2656787872314452e-05,2.323011016845703e-05,3.5975029468536374e-06,3.899908781051635e-06,8.939371109008788e-06,9.739372253417969e-06,5930832,9365184,3121728,10300800,124869120,230381496.0,219.70891571044922,0.21455948799848557,219.71 MiB,Screening estimate; calibrate with real Merrill.jl runs.,ok,gmsh;pymeshfix_gmsh;voxel,gmsh: Exception: Wrong topology of triangulation for parametrization: one edge is incident to 3 triangles | pymeshfix_gmsh: Exception: Wrong topology of boundary mesh for parametrization,0.009,26825.0,32518.0
PLAG041,PLAG,data/Nikolaisen2022/Plag Binary meshes/PLAG041-binary.stl,Plag Binary meshes,369567,0.3524465560913086,ascii,0.007849042861532,0.246569502812689,208,3,03_largest,um,1e-06,0.009,9e-09,data/Nikolaisen2022/Plag Binary meshes/PLAG041-binary.stl,369567,1142,2281,0.5871645899233237,0.007165131654449695,-0.23515599966049194,-0.050873998552560806,13.766631126403809,15.260869979858398,7.51937198638916,7.9993720054626465,1.5802245490487035,2,2,1,False,0.00020474980616569383,0.00021247800818002816,0.0003607570731616215,0.00036076277844764775,34.45004087028493,43.94092501044982,59.16475035772579,59.167503916446535,60.99342585005575,90.0,90.0,90.0,1.0101216010130898,1.3946602889786297,1.4558271027418517,1.4792202197429016,,data/Nikolaisen2022_merrill_msh/PLAG041.msh,2234758,2.1312313079833984,voxel,2234758,2.1312313079833984,15465,64344,-0.2075137048959732,-0.06008809804916382,13.766631126403809,15.260869979858398,7.51937198638916,7.9993720054626465,1.251828513501192e-07,1.251962162900096e-07,1.2520270675323006e-07,1.2520290923291664e-07,0.4089201926654726,0.5667153901807472,0.6927648363697874,0.6927839590145978,1.366249580563869,1.3937568149047384,1.6072630247024926,1.6072630247024926,1.3729263155961315,1.706996511021654,1.968487146481711,1.968487146481711,34.716796468856714,54.339741606004,59.81909106012047,59.82086217617649,-1.0,-1.0,-1.0,-1.0,0.009000778198242188,0.012769205272219811,0.01574649688556185,0.015746775502038502,9.000778198242188e-09,1.276920527221981e-08,1.5746496885561852e-08,1.5746775502038502e-08,-2.075137048959732e-07,-6.008809804916382e-08,1.3766631126403809e-05,1.5260869979858396e-05,7.51937198638916e-06,7.999372005462646e-06,2430168,4453920,1484640,4118016,59385600,107808516.0,102.81421279907227,0.10040450468659401,102.81 MiB,Screening estimate; calibrate with real Merrill.jl runs.,ok,gmsh;pymeshfix_gmsh;voxel,gmsh: Exception: Wrong topology of boundary mesh for parametrization | pymeshfix_gmsh: Exception: Wrong topology of boundary mesh for parametrization,0.009,10724.0,15465.0
PLAG040,PLAG,data/Nikolaisen2022/Plag Binary meshes/PLAG040-binary.stl,Plag Binary meshes,387051,0.36912059783935547,ascii,0.0170316875782059,0.31921725097203,209,3,03_largest,um,1e-06,0.009,9e-09,data/Nikolaisen2022/Plag Binary meshes/PLAG040-binary.stl,387051,1217,2434,0.6762534907790073,0.01773475281495995,18.193063735961914,18.82781410217285,3.037163019180298,3.348464012145996,4.779372215270996,5.719371795654297,1.1761868672737044,10,12,1,False,0.00020474391703828587,0.00029154778796755684,0.00036076111766603677,0.0003607863993437041,34.44855882882489,44.32705882826191,59.16551132461599,59.167426402754224,60.993710092929526,90.0,90.0,90.0,1.0101246518105373,1.394175158499121,1.4792054063543767,1.4792456053706866,,data/Nikolaisen2022_merrill_msh/PLAG040.msh,4965655,4.735617637634277,voxel,4965655,4.735617637634277,30431,146910,18.193063735961914,18.81887435913086,3.037163019180298,3.348464012145996,4.779372215270996,5.719371795654297,1.1977737887625389e-07,1.1978058963563938e-07,1.1980614555405963e-07,1.1981246611040644e-07,0.40634622860644565,0.5763985639054211,0.6976102433297361,0.6976197436393874,1.366128121834525,1.3947207838073294,1.6009070008086241,1.6009110146499441,1.3709303768048529,1.708177126991284,1.9607026388152526,1.9607075547468233,35.33623573365428,54.4497002094891,60.446782797554576,60.44851981443971,-1.0,-1.0,-1.0,-1.0,0.008894205093383789,0.012610714929945347,0.01551527245413493,0.015516649294894961,8.894205093383789e-09,1.2610714929945346e-08,1.551527245413493e-08,1.551664929489496e-08,1.8193063735961912e-05,1.881887435913086e-05,3.037163019180298e-06,3.348464012145996e-06,4.7793722152709955e-06,5.719371795654297e-06,5431464,8764128,2921376,9402240,116855040,215061372.0,205.09850692749023,0.20029151067137718,205.10 MiB,Screening estimate; calibrate with real Merrill.jl runs.,ok,gmsh;pymeshfix_gmsh;voxel,gmsh: Exception: Wrong topology of triangulation for parametrization: one edge is incident to 3 triangles | pymeshfix_gmsh: Exception: Wrong topology of boundary mesh for parametrization,0.009,24485.0,30431.0
PLAG039,PLAG,data/Nikolaisen2022/Plag Binary meshes/PLAG039-binary.stl,Plag Binary meshes,391437,0.3733034133911133,ascii,0.0132372973951457,0.293494680749829,210,3,03_largest,um,1e-06,0.009,9e-09,data/Nikolaisen2022/Plag Binary meshes/PLAG039-binary.stl,391437,1212,2416,0.6623465672191029,0.014157184333095756,13.708864212036133,14.527894973754883,8.806587219238281,9.076380729675293,10.379371643066406,11.299371719360352,1.260952047976602,29,23,1,False,0.00020472949927352602,0.00029154813145568914,0.00036076672600321446,0.0003607892097558845,34.44791328730243,44.32770997394605,59.166247675141655,59.16856589390032,60.99141581081264,90.0,90.0,90.0,1.010101181517113,1.3941745233145078,1.4792018363290653,1.4792566641127072,,data/Nikolaisen2022_merrill_msh/PLAG039.msh,3896139,3.7156476974487305,voxel,3896139,3.7156476974487305,24730,114414,13.708864212036133,14.527894973754883,8.815580368041992,9.076380729675293,10.379371643066406,11.299371719360352,1.2164716429790765e-07,1.2167293023517914e-07,1.2168582341418044e-07,1.2168582341418044e-07,0.4078861083751051,0.5772260379417946,0.7053473887025469,0.7053848362285581,1.366028709169021,1.3939939434365591,1.6043591563292872,1.6043764391111395,1.36684842753275,1.7072869329748614,1.964930648584431,1.9649518155828678,35.278606993588134,54.68555865308214,60.085768232755456,60.08752144288146,-1.0,-1.0,-1.0,-1.0,0.008992195129394531,0.012722954901242816,0.015595874174883218,0.01559642452587404,8.992195129394531e-09,1.2722954901242815e-08,1.559587417488322e-08,1.5596424525874038e-08,1.3708864212036131e-05,1.4527894973754882e-05,8.815580368041992e-06,9.076380729675293e-06,1.0379371643066406e-05,1.1299371719360352e-05,4254768,7122240,2374080,7322496,94963200,174055176.0,165.99195098876953,0.16210151463747025,165.99 MiB,Screening estimate; calibrate with real Merrill.jl runs.,ok,gmsh;pymeshfix_gmsh;voxel,gmsh: Exception: Wrong topology of triangulation for parametrization: one edge is incident to 3 triangles | pymeshfix_gmsh: Exception: Wrong topology of boundary mesh for parametrization,0.009,19069.0,24730.0
PLAG038,PLAG,data/Nikolaisen2022/Plag Binary meshes/PLAG038-binary.stl,Plag Binary meshes,396135,0.37778377532958984,ascii,0.0117713837823286,0.282234195873225,211,3,03_largest,um,1e-06,0.009,9e-09,data/Nikolaisen2022/Plag Binary meshes/PLAG038-binary.stl,396135,1223,2445,0.623993587139738,0.018755610192947858,-0.4808650016784668,-0.2761070132255554,3.680516004562378,5.050236225128174,11.61937141418457,11.959371566772461,1.4260643113905782,8,10,1,False,0.0002047547590677823,0.000212477853551718,0.00036075163139515494,0.0003607684848197274,34.449243255328014,44.61384937909773,59.16519260231864,59.167510055170496,60.99418271740671,90.0,90.0,90.0,1.010129337541427,1.3939549377458706,1.4639611232412075,1.4792338814029702,,data/Nikolaisen2022_merrill_msh/PLAG038.msh,3462391,3.3019933700561523,voxel,3462391,3.3019933700561523,22019,101634,-0.4808650016784668,-0.2761070132255554,3.680516004562378,5.050236225128174,11.61937141418457,11.959371566772461,1.1963084099749876e-07,1.1963084099749876e-07,1.196371713415033e-07,1.1963757184221246e-07,0.4083726627957633,0.5719956175957167,0.7002962469350944,0.7002974333288432,1.3660824299868657,1.3938447252398263,1.6055794654566047,1.605588750401256,1.3699784366583312,1.7071041787536954,1.966425215929625,1.9664365876179686,35.00314878723286,54.70837046398871,59.96602902516094,59.96602902516094,-1.0,-1.0,-1.0,-1.0,0.008902519941329956,0.012621819790491262,0.015508491122231878,0.015508785302646452,8.902519941329956e-09,1.2621819790491262e-08,1.5508491122231877e-08,1.550878530264645e-08,-4.808650016784667e-07,-2.761070132255554e-07,3.6805160045623776e-06,5.050236225128174e-06,1.161937141418457e-05,1.195937156677246e-05,3780744,6341472,2113824,6504576,84552960,154940364.0,147.76264572143555,0.1442994587123394,147.76 MiB,Screening estimate; calibrate with real Merrill.jl runs.,ok,gmsh;pymeshfix_gmsh;voxel,gmsh: Exception: Wrong topology of triangulation for parametrization: one edge is incident to 3 triangles | pymeshfix_gmsh: Exception: Wrong topology of boundary mesh for parametrization,0.009,16939.0,22019.0
PLAG037,PLAG,data/Nikolaisen2022/Plag Binary meshes/PLAG037-binary.stl,Plag Binary meshes,405021,0.3862581253051758,ascii,0.0276571245448376,0.375205734802633,212,3,03_largest,um,1e-06,0.009,9e-09,data/Nikolaisen2022/Plag Binary meshes/PLAG037-binary.stl,405021,1301,2596,0.7000929282735583,0.02987878973462011,6.235198020935059,6.8699469566345215,1.6674439907073975,1.9372379779815674,6.359372138977051,6.979372024536133,0.9274129959377163,6,4,1,False,0.000204739148898625,0.00029153524035304844,0.000360756901510698,0.00036078499466630386,34.44878805921833,44.32772581307149,59.16566385894397,59.167426402754224,60.99342611783904,90.0,90.0,90.0,1.0101218997534969,1.3941745078713033,1.4792082336519377,1.479241678636112,,data/Nikolaisen2022_merrill_msh/PLAG037.msh,7790015,7.429137229919434,voxel,7790015,7.429137229919434,44913,233298,6.235198020935059,6.8699469566345215,1.6674439907073975,1.9372379779815674,6.359372138977051,6.979372024536133,1.2039264261264277e-07,1.2040704989336784e-07,1.2040704989336784e-07,1.2040704989336784e-07,0.40795217629280905,0.5749973775605071,0.7047174975279772,0.7047268705551285,1.366040850454285,1.3939811091178982,1.6044990915185693,1.6045163619279112,1.3685137034973365,1.707271214208905,1.965102033489832,1.9651231853350992,35.17165514947702,54.7926187079718,60.070560602559944,60.07077904115997,-1.0,-1.0,-1.0,-1.0,0.008939743041992188,0.012675452281488843,0.015541679958935848,0.015541679958935848,8.939743041992188e-09,1.2675452281488842e-08,1.5541679958935848e-08,1.5541679958935848e-08,6.235198020935058e-06,6.8699469566345214e-06,1.6674439907073975e-06,1.9372379779815675e-06,6.359372138977051e-06,6.979372024536133e-06,8543448,12934944,4311648,14931072,172465920,319780548.0,304.966495513916,0.2978188432753086,304.97 MiB,Screening estimate; calibrate with real Merrill.jl runs.,ok,gmsh;pymeshfix_gmsh;voxel,gmsh: Exception: Wrong topology of triangulation for parametrization: one edge is incident to 3 triangles | pymeshfix_gmsh: Exception: Wrong topology of boundary mesh for parametrization,0.009,38883.0,44913.0
PLAG036,PLAG,data/Nikolaisen2022/Plag Binary meshes/PLAG036-binary.stl,Plag Binary meshes,451062,0.43016624450683594,ascii,0.0194983542245003,0.333938463461536,213,3,03_largest,um,1e-06,0.009,9e-09,data/Nikolaisen2022/Plag Binary meshes/PLAG036-binary.stl,451062,1371,2735,0.7501194293539325,0.02207987716817095,9.9617919921875,10.596542358398438,-0.32487401366233826,-0.09658800065517426,14.51937198638916,15.659371376037598,1.3246211305646745,8,5,1,False,0.00020472949927352602,0.0002915553754449628,0.0003607572447620879,0.00036079096351558095,34.448476525535206,44.32637598917555,59.16605697569214,59.16767539610456,60.992243663666315,90.0,90.0,90.0,1.010109917305608,1.3941758252613832,1.479192828538052,1.4792470152581423,,data/Nikolaisen2022_merrill_msh/PLAG036.msh,5567879,5.309943199157715,voxel,5567879,5.309943199157715,33993,164856,9.9617919921875,10.596542358398438,-0.32487401366233826,-0.09658800065517426,14.51937198638916,15.659371376037598,1.2212221144637195e-07,1.2213523920522051e-07,1.2214841507800076e-07,1.2214861440602907e-07,0.4090616430427967,0.5675359139200965,0.6936097303027948,0.6936108837739979,1.3662179960896736,1.3936726900667098,1.6075687500992732,1.6075693614999111,1.3719195656376932,1.7068934795577224,1.9688615820934707,1.968862330903266,34.74748599975135,54.561220108881336,59.7880595628816,59.78808632007127,-1.0,-1.0,-1.0,-1.0,0.008939743041992188,0.012668357055177309,0.015616895799356293,0.015617459165969974,8.939743041992188e-09,1.2668357055177309e-08,1.561689579935629e-08,1.5617459165969973e-08,9.9617919921875e-06,1.0596542358398436e-05,-3.2487401366233823e-07,-9.658800065517425e-08,1.451937198638916e-05,1.5659371376037595e-05,6091224,9789984,3263328,10550784,130533120,240342660.0,229.20862197875977,0.22383654490113258,229.21 MiB,Screening estimate; calibrate with real Merrill.jl runs.,ok,gmsh;pymeshfix_gmsh;voxel,gmsh: Exception: Wrong topology of boundary mesh for parametrization | pymeshfix_gmsh: Exception: Wrong topology of boundary mesh for parametrization,0.009,27476.0,33993.0
PLAG035,PLAG,data/Nikolaisen2022/Plag Binary meshes/PLAG035-binary.stl,Plag Binary meshes,471951,0.4500875473022461,ascii,0.0152825444984464,0.307892433059827,214,3,03_largest,um,1e-06,0.009,9e-09,data/Nikolaisen2022/Plag Binary meshes/PLAG035-binary.stl,471951,1457,2913,0.8055220494393098,0.016449558008570255,12.275558471679688,13.38125228881836,8.536794662475586,8.84809398651123,11.999371528625488,13.279372215270996,1.7198452965940592,24,25,1,False,0.0002047390353254741,0.0002950629283111731,0.0003607555002254055,0.0003607892076581378,34.44729928410998,44.32774165145066,59.16546318418245,59.167819029164136,60.99292988461106,90.0,90.0,90.0,1.0101166691413201,1.3941744924291908,1.4791918293676452,1.4792671833471656,,data/Nikolaisen2022_merrill_msh/PLAG035.msh,4524683,4.3150739669799805,voxel,4524683,4.3150739669799805,29058,132534,12.302526473999023,13.38125228881836,8.54568862915039,8.839200019836426,11.999371528625488,13.279372215270996,1.2010182852233153e-07,1.2011453636578961e-07,1.2012741590003428e-07,1.2014016016227702e-07,0.40711651601989896,0.573502610871739,0.7014164211274954,0.7015285355830533,1.3661001841301923,1.394382456027786,1.602628098761469,1.602679360160347,1.371479802610864,1.7077627617784386,1.962810544706163,1.9628733268415388,35.152139326090186,54.4097425719674,60.26762805619445,60.26762805619445,-1.0,-1.0,-1.0,-1.0,0.008893966674804688,0.012645583058516412,0.015529497868012991,0.015530596110288385,8.893966674804687e-09,1.2645583058516412e-08,1.552949786801299e-08,1.5530596110288384e-08,1.2302526473999023e-05,1.3381252288818359e-05,8.54568862915039e-06,8.839200019836426e-06,1.1999371528625488e-05,1.3279372215270996e-05,4938480,8368704,2789568,8482176,111582720,204242472.0,194.78079986572266,0.19021562486886978,194.78 MiB,Screening estimate; calibrate with real Merrill.jl runs.,ok,gmsh;pymeshfix_gmsh;voxel,gmsh: Exception: Wrong topology of triangulation for parametrization: one edge is incident to 3 triangles | pymeshfix_gmsh: Exception: Wrong topology of boundary mesh for parametrization,0.009,22089.0,29058.0
PLAG034,PLAG,data/Nikolaisen2022/Plag Binary meshes/PLAG034-binary.stl,Plag Binary meshes,474183,0.45221614837646484,ascii,0.0153723781104418,0.308494537650205,215,3,03_largest,um,1e-06,0.009,9e-09,data/Nikolaisen2022/Plag Binary meshes/PLAG034-binary.stl,474183,1494,2982,0.8217028233226035,0.014214721753025074,18.868764877319336,19.749225616455078,8.702820777893066,9.076380729675293,3.1993720531463623,4.659371852874756,1.7453817822877453,23,22,1,False,0.0002047536804639094,0.00029154778796755684,0.00036076111766603677,0.00036078359209554045,34.44858867736524,44.32439104799563,59.166601739983356,59.16836957822205,60.99412357282599,90.0,90.0,90.0,1.0101286401560348,1.394177767312314,1.4792027417111042,1.4792450940568984,,data/Nikolaisen2022_merrill_msh/PLAG034.msh,4719899,4.501246452331543,voxel,4719899,4.501246452331543,30270,138294,18.868764877319336,19.749225616455078,8.702820777893066,9.067486763000488,3.1993720531463623,4.659371852874756,1.2001267948175132e-07,1.2002554809417698e-07,1.2005103122540717e-07,1.200573831318212e-07,0.40709564278147303,0.573787433908034,0.7013786654078118,0.7014167624443076,1.3660969394855587,1.3943818381503923,1.602608125694501,1.6026241626842386,1.3713098080889832,1.7077620050362696,1.962786082794827,1.9628057240157604,35.165041722759256,54.421261072166146,60.27196836002941,60.27284099458085,-1.0,-1.0,-1.0,-1.0,0.008893966674804688,0.012642187060458004,0.015525625406942186,0.01552700591316097,8.893966674804687e-09,1.2642187060458004e-08,1.5525625406942185e-08,1.552700591316097e-08,1.8868764877319335e-05,1.9749225616455077e-05,8.702820777893065e-06,9.067486763000488e-06,3.199372053146362e-06,4.659371852874755e-06,5151888,8717760,2905920,8850816,116236800,212794776.0,202.9369125366211,0.19818057864904404,202.94 MiB,Screening estimate; calibrate with real Merrill.jl runs.,ok,gmsh;pymeshfix_gmsh;voxel,gmsh: Exception: Wrong topology of triangulation for parametrization: one edge is incident to 3 triangles | pymeshfix_gmsh: Exception: Wrong topology of boundary mesh for parametrization,0.009,23049.0,30270.0
PLAG033,PLAG,data/Nikolaisen2022/Plag Binary meshes/PLAG033-binary.stl,Plag Binary meshes,495603,0.4726438522338867,ascii,0.0187853168695256,0.329817200405768,216,3,03_largest,um,1e-06,0.009,9e-09,data/Nikolaisen2022/Plag Binary meshes/PLAG033-binary.stl,495603,1530,3059,0.7830619057385506,0.021477579670472872,11.395099639892578,11.599857330322266,6.918035984039307,8.267001152038574,10.099371910095215,10.499371528625488,1.4218412116301018,1,2,1,False,0.00020474879875109764,0.00021247180075079086,0.00036075548898968916,0.00036078359104281164,34.44949060751884,44.61301551601138,59.16546225162776,59.167780157574526,60.99373345506567,90.0,90.0,90.0,1.010124648649406,1.393955405098647,1.4639737687760097,1.4792296445839697,,data/Nikolaisen2022_merrill_msh/PLAG033.msh,5530443,5.2742414474487305,voxel,5530443,5.2742414474487305,33628,163884,11.395099639892578,11.599857330322266,6.918035984039307,8.267001152038574,10.099371910095215,10.499371528625488,1.2127365751554708e-07,1.2129951334459896e-07,1.2131223884956585e-07,1.2131223884956585e-07,0.40598482315959544,0.5744462387076567,0.695911575486435,0.695911575486435,1.3661925843198766,1.394925041796739,1.6002043786701419,1.6002043786701419,1.3731879923818502,1.7084272909162534,1.9598421059546212,1.9598421059546212,35.26851846474277,54.72861724653876,60.52581563197977,60.529322244095795,-1.0,-1.0,-1.0,-1.0,0.008901596069335938,0.012654331959605448,0.015581292677084801,0.015581567886340594,8.901596069335938e-09,1.2654331959605447e-08,1.5581292677084802e-08,1.5581567886340594e-08,1.1395099639892578e-05,1.1599857330322264e-05,6.918035984039306e-06,8.267001152038574e-06,1.0099371910095215e-05,1.0499371528625487e-05,6051360,9684864,3228288,10488576,129131520,237876912.0,226.8571014404297,0.22154013812541962,226.86 MiB,Screening estimate; calibrate with real Merrill.jl runs.,ok,gmsh;pymeshfix_gmsh;voxel,gmsh: Exception: Wrong topology of triangulation for parametrization: one edge is incident to 3 triangles | pymeshfix_gmsh: Exception: Wrong topology of boundary mesh for parametrization,0.009,27314.0,33628.0
PLAG032,PLAG,data/Nikolaisen2022/Plag Binary meshes/PLAG032-binary.stl,Plag Binary meshes,520227,0.4961271286010742,ascii,0.0133128453835714,0.294051966815281,217,3,03_largest,um,1e-06,0.009,9e-09,data/Nikolaisen2022/Plag Binary meshes/PLAG032-binary.stl,520227,1605,3211,0.8184761022204772,0.011860932090990881,26.772424697875977,26.977182388305664,6.938787937164307,9.138640403747559,12.839371681213379,13.379371643066406,2.274395863811704,3,6,1,False,0.00020474879875109764,0.00021247655013212352,0.0003607555002254055,0.0003607892076581378,34.44729928410998,44.61301551601138,59.16546225162776,59.16856589390032,60.992173012993774,90.0,90.0,90.0,1.0101086831570603,1.393955405098647,1.4639591585769671,1.4792671833471656,,data/Nikolaisen2022_merrill_msh/PLAG032.msh,4080653,3.8916139602661133,pymeshfix_gmsh,6019969,5.741089820861816,27545,118187,26.77242469787598,26.97718238830566,6.938787937164307,9.138640403747559,12.83937168121338,13.37937164306641,7.127240736609155e-09,1.1396890593841723e-07,2.1184712931508863e-07,4.005630934055379e-07,0.042127173546134496,0.5934026259689456,0.8134079461744501,0.9994762480844273,1.000204897056063,1.2655510721136656,2.068074880595791,68.75346836578659,1.0095574570706378,1.4951820475221953,2.4302485846540804,13.470474820073509,5.568687318527671,50.08871820559447,66.61006113750402,83.73244550397118,-1.0,-1.0,-1.0,-1.0,0.002553336037520552,0.0106529459742034,0.014931237196938124,0.028818773594692485,2.5533360375205517e-09,1.06529459742034e-08,1.4931237196938124e-08,2.8818773594692484e-08,2.677242469787598e-05,2.697718238830566e-05,6.938787937164307e-06,9.138640403747558e-06,1.283937168121338e-05,1.3379371643066409e-05,4443064,7932960,2644320,7563968,105772800,192535668.0,183.6163215637207,0.179312814027071,183.62 MiB,Screening estimate; calibrate with real Merrill.jl runs.,ok,gmsh;pymeshfix_gmsh,gmsh: Exception: Invalid boundary mesh (overlapping facets) on surface 42 surface 62,,,
PLAG031,PLAG,data/Nikolaisen2022/Plag Binary meshes/PLAG031-binary.stl,Plag Binary meshes,524361,0.5000696182250977,ascii,0.0146096827089745,0.303305803741367,218,3,03_largest,um,1e-06,0.009,9e-09,data/Nikolaisen2022/Plag Binary meshes/PLAG031-binary.stl,524361,1681,3361,0.8691044969576619,0.017016230686205322,2.201464891433716,2.406222105026245,5.963381767272949,7.934947967529297,7.319372177124023,7.819372177124023,2.0442599635348313,8,11,1,False,0.00020474891209687485,0.00021247909057819925,0.000360752684236064,0.00036076953873211506,34.44982083499836,44.613664736491685,59.16565892924019,59.16719107165099,60.99335486371183,90.0,90.0,90.0,1.0101208977284575,1.39395504114504,1.4639688836624458,1.4792239884107379,,data/Nikolaisen2022_merrill_msh/PLAG031.msh,4426487,4.221426963806152,voxel,4426487,4.221426963806152,28791,129294,2.201464891433716,2.406222105026245,5.963381767272949,7.934947967529297,7.319372177124023,7.819372177124023,1.1925300424746581e-07,1.1926256720206068e-07,1.1926888440992137e-07,1.1926888440992137e-07,0.40858691221232507,0.5722517150772229,0.700255706947183,0.7002745597694054,1.366076431704049,1.393749031684001,1.6061191997449,1.6061191997449002,1.3692652191107053,1.7069869785619733,1.9670862527311306,1.9670862527311308,35.001299701035194,54.66482128914821,59.91323099908516,59.914102902026386,-1.0,-1.0,-1.0,-1.0,0.008902311325073242,0.012608327172240698,0.015492660554122708,0.015492797554184552,8.902311325073242e-09,1.2608327172240698e-08,1.5492660554122707e-08,1.549279755418455e-08,2.201464891433716e-06,2.406222105026245e-06,5.963381767272949e-06,7.934947967529296e-06,7.319372177124023e-06,7.819372177124024e-06,4828392,8291808,2763936,8274816,110557440,202074588.0,192.7133445739746,0.18819662556052208,192.71 MiB,Screening estimate; calibrate with real Merrill.jl runs.,ok,gmsh;pymeshfix_gmsh;voxel,gmsh: Exception: Wrong topology of boundary mesh for parametrization | pymeshfix_gmsh: Exception: Wrong topology of boundary mesh for parametrization,0.009,21549.0,28791.0
PLAG030,PLAG,data/Nikolaisen2022/Plag Binary meshes/PLAG030-binary.stl,Plag Binary meshes,527448,0.5030136108398438,ascii,0.0130981331655657,0.292462548253926,219,3,03_largest,um,1e-06,0.009,9e-09,data/Nikolaisen2022/Plag Binary meshes/PLAG030-binary.stl,527448,1663,3317,0.849612532953891,0.014832780739044971,5.068077087402344,5.21140718460083,13.185538291931152,15.260869979858398,3.9393720626831055,4.539371967315674,2.1650739057216897,17,12,1,False,0.00020474891209687485,0.00021247661652523675,0.00036075549232100106,0.0003607667305938688,34.44982500311328,43.94155801478111,59.165462484063276,59.167780157574526,60.99335486371183,90.0,90.0,90.0,1.0101208977284577,1.3946593163528025,1.4558212799485637,1.479223917020194,,data/Nikolaisen2022_merrill_msh/PLAG030.msh,3605051,3.438044548034668,voxel,3605051,3.438044548034668,23754,104994,5.087187767028809,5.21140718460083,13.185538291931152,15.260869979858398,3.9393720626831055,4.539371967315674,1.40827924601742e-07,1.408421625882552e-07,1.4084932648258824e-07,1.4084932648258824e-07,0.4098981970625587,0.5705349701025381,0.6958435900547434,0.6958435900547434,1.3661699642827505,1.3932859731732117,1.6095155357084645,1.6095319866486961,1.3718860030448994,1.7064198500257293,1.9712458977840273,1.9712660459887057,34.83311790952463,54.3946110127124,59.58338648638151,59.58338648638151,-1.0,-1.0,-1.0,-1.0,0.009374618530273438,0.013299247744982338,0.016376310985754865,0.016376583955833024,9.374618530273438e-09,1.3299247744982338e-08,1.6376310985754865e-08,1.6376583955833023e-08,5.087187767028808e-06,5.21140718460083e-06,1.3185538291931152e-05,1.5260869979858396e-05,3.939372062683105e-06,4.539371967315674e-06,3929904,6841152,2280384,6719616,91215360,166479624.0,158.76734161376953,0.1550462320446968,158.77 MiB,Screening estimate; calibrate with real Merrill.jl runs.,ok,gmsh;pymeshfix_gmsh;voxel,gmsh: Exception: Wrong topology of triangulation for parametrization: one edge is incident to 3 triangles | pymeshfix_gmsh: Exception: Wrong topology of boundary mesh for parametrization,0.009433325854214756,17499.0,23754.0
PLAG029,PLAG,data/Nikolaisen2022/Plag Binary meshes/PLAG029-binary.stl,Plag Binary meshes,551457,0.5259103775024414,ascii,0.0292544695901142,0.382294340439509,220,3,03_largest,um,1e-06,0.009,9e-09,data/Nikolaisen2022/Plag Binary meshes/PLAG029-binary.stl,551457,1737,3468,0.9833547061751949,0.03759545912128531,15.838345527648926,16.616426467895508,5.029482841491699,5.403042793273926,8.499371528625488,9.639371871948242,1.429880334128189,13,11,1,False,0.0002047390353254741,0.00029506318385541037,0.0003607667239442284,0.0003607892076581378,34.44761043156833,44.32637598917555,59.16623409038197,59.16935114219168,60.992173012993774,90.0,90.0,90.0,1.0101086831570603,1.3941758252613832,1.4792128612444826,1.4792618526078105,,data/Nikolaisen2022_merrill_msh/PLAG029.msh,8537587,8.142077445983887,voxel,8537587,8.142077445983887,51074,253836,15.838345527648926,16.607379913330078,5.029482841491699,5.403042793273926,8.499371528625488,9.639371871948242,1.2036756077277166e-07,1.203868035246948e-07,1.2041218551995617e-07,1.2041218551995617e-07,0.4081075322995053,0.5700391195987772,0.6983541540835765,0.6983731923775778,1.36613578687332,1.3939953288755502,1.6051199419232391,1.6051199419232394,1.3720426908051018,1.70728862978416,1.965862416838853,1.9658624168388532,34.923364420151245,54.38018928983528,60.026103380590065,60.026997370186045,-1.0,-1.0,-1.0,-1.0,0.008893966674804688,0.012636431070840838,0.015541732034081133,0.015542560099806988,8.893966674804687e-09,1.2636431070840838e-08,1.5541732034081133e-08,1.5542560099806988e-08,1.5838345527648926e-05,1.6607379913330076e-05,5.029482841491699e-06,5.403042793273926e-06,8.499371528625488e-06,9.639371871948242e-06,9348528,14709312,4903104,16245504,196124160,361995912.0,345.22620391845703,0.3371349647641182,345.23 MiB,Screening estimate; calibrate with real Merrill.jl runs.,ok,gmsh;pymeshfix_gmsh;voxel,gmsh: Exception: Wrong topology of triangulation for parametrization: one edge is incident to 3 triangles | pymeshfix_gmsh: Exception: Wrong topology of boundary mesh for parametrization,0.009,42306.0,51074.0
PLAG027,PLAG,data/Nikolaisen2022/Plag Binary meshes/PLAG027-binary.stl,Plag Binary meshes,563858,0.5377368927001953,ascii,0.0303511702328668,0.387013046884609,221,3,03_largest,um,1e-06,0.009,9e-09,data/Nikolaisen2022/Plag Binary meshes/PLAG027-binary.stl,563858,1726,3450,0.930259286491443,0.029128209473306157,26.608617782592773,27.222890853881836,14.991077423095703,15.260869979858398,9.319372177124023,10.479372024536133,1.340044430528916,12,12,1,False,0.0002047390353254741,0.0002915274410326915,0.00036075549810130585,0.0003607892076581378,34.44729928410998,44.32637598917555,59.166248488915194,59.16856589390032,60.992173012993774,90.0,90.0,90.0,1.0101086831570603,1.3941758252613832,1.4792136550338595,1.4792671833471656,,data/Nikolaisen2022_merrill_msh/PLAG027.msh,8747783,8.342535972595215,voxel,8747783,8.342535972595215,51429,260988,26.608617782592773,27.222890853881836,14.991077423095703,15.260869979858398,9.328364372253418,10.479372024536133,1.2173682495397742e-07,1.2174973584855309e-07,1.2177544314075084e-07,1.2178835813100863e-07,0.4085396992320535,0.5752003792045708,0.703926937786551,0.7039644324210829,1.3660354963158392,1.3937261730470925,1.6059490525066453,1.6059849313224877,1.3670483878496327,1.7069589825636524,1.9668778657736952,1.9669218081693898,35.135895657047115,54.67284022249816,59.923041153080355,59.92831118407616,-1.0,-1.0,-1.0,-1.0,0.008992195129394531,0.01271755867494993,0.015599200535550018,0.015600854851004937,8.992195129394531e-09,1.2717558674949929e-08,1.5599200535550018e-08,1.5600854851004938e-08,2.6608617782592772e-05,2.7222890853881835e-05,1.4991077423095703e-05,1.5260869979858396e-05,9.328364372253418e-06,1.0479372024536132e-05,9585912,14811552,4937184,16703232,197487360,365287860.0,348.36565017700195,0.34020083025097847,348.37 MiB,Screening estimate; calibrate with real Merrill.jl runs.,ok,gmsh;pymeshfix_gmsh;voxel,gmsh: Exception: Wrong topology of triangulation for parametrization: one edge is incident to 3 triangles | pymeshfix_gmsh: Exception: Wrong topology of boundary mesh for parametrization,0.009,43498.0,51429.0
PLAG026,PLAG,data/Nikolaisen2022/Plag Binary meshes/PLAG026-binary.stl,Plag Binary meshes,589725,0.5624055862426758,ascii,0.0227590260413611,0.35160228068348,222,3,03_largest,um,1e-06,0.009,9e-09,data/Nikolaisen2022/Plag Binary meshes/PLAG026-binary.stl,589725,1826,3640,1.049294917391427,0.03143692779668242,16.145483016967773,17.025943756103516,13.35156536102295,13.766631126403809,8.57937240600586,9.999371528625488,1.7215946709348202,25,16,1,False,0.0002047390353254741,0.0002950629283111731,0.00036076673515312863,0.0003607892076581378,34.4479215804267,44.32637598917555,59.16550169673353,59.167819029164136,60.99292988461106,90.0,90.0,90.0,1.0101166691413201,1.3941758252613832,1.4792136550338595,1.4792565220382874,,data/Nikolaisen2022_merrill_msh/PLAG026.msh,6830427,6.514002799987793,voxel,6830427,6.514002799987793,42922,201018,16.145483016967773,17.025943756103516,13.35156536102295,13.757608413696289,8.57937240600586,9.999371528625488,1.2140208518161832e-07,1.2142780198010072e-07,1.2145358282977803e-07,1.2145358282977803e-07,0.40848294194106044,0.5753008164256767,0.704260983270842,0.704260983270842,1.3660336982744865,1.3937547485222663,1.605808274445339,1.6058434486998487,1.3669993329105146,1.706993980230319,1.9667054485651059,1.9667485280529222,35.14861548318916,54.68711762925956,59.94227240718556,59.94227240718556,-1.0,-1.0,-1.0,-1.0,0.008983612060546875,0.012707443699715824,0.015585431670381268,0.015586531164773805,8.983612060546875e-09,1.2707443699715824e-08,1.5585431670381267e-08,1.5586531164773804e-08,1.6145483016967774e-05,1.7025943756103513e-05,1.3351565361022949e-05,1.375760841369629e-05,8.57937240600586e-06,9.999371528625488e-06,7462704,12361536,4120512,12865152,164820480,302445576.0,288.43457794189453,0.2816743925213814,288.43 MiB,Screening estimate; calibrate with real Merrill.jl runs.,ok,gmsh;pymeshfix_gmsh;voxel,gmsh: Exception: Wrong topology of triangulation for parametrization: one edge is incident to 4 triangles | pymeshfix_gmsh: Exception: Wrong topology of boundary mesh for parametrization,0.009,33503.0,42922.0
PLAG025,PLAG,data/Nikolaisen2022/Plag Binary meshes/PLAG025-binary.stl,Plag Binary meshes,625851,0.596858024597168,ascii,0.0200448293198259,0.337029497945384,223,3,03_largest,um,1e-06,0.009,9e-09,data/Nikolaisen2022/Plag Binary meshes/PLAG025-binary.stl,625851,1934,3863,0.9916059972276445,0.019879173390801308,10.98558235168457,11.128913879394531,13.123278617858887,15.260869979858398,4.199371814727783,4.819372177124023,2.2303006988076897,2,1,1,False,0.0002047536804639094,0.00021247180075079086,0.0003607498715821029,0.0003607779723713267,34.44921098410805,43.94155801478111,59.16506958921053,59.16817326110164,60.99373345506567,90.0,90.0,90.0,1.010124648649406,1.3946593163528025,1.4558351662057347,1.4792344341757253,,data/Nikolaisen2022_merrill_msh/PLAG025.msh,4820671,4.597350120544434,voxel,4820671,4.597350120544434,30611,141552,10.98558235168457,11.128913879394531,13.123278617858887,15.260869979858398,4.199371814727783,4.819372177124023,1.4988926540573932e-07,1.4990422590732688e-07,1.4991893971041947e-07,1.4992631906362436e-07,0.40746345566245484,0.5706356785519414,0.7001693095227878,0.7001865916709729,1.3661459450894498,1.3942705148510905,1.603565814438518,1.6035658144385183,1.3729949443661917,1.707625662396383,1.9639590071724513,1.9639590071724515,34.995186275640584,54.882242648956165,60.18010089581075,60.18172605561807,-1.0,-1.0,-1.0,-1.0,0.009554862976074219,0.013607013758600323,0.016720081499598367,0.016720911966794868,9.554862976074219e-09,1.3607013758600322e-08,1.6720081499598365e-08,1.6720911966794866e-08,1.0985582351684569e-05,1.112891387939453e-05,1.3123278617858886e-05,1.5260869979858396e-05,4.199371814727783e-06,4.8193721771240236e-06,5264328,8815968,2938656,9059328,117546240,215436780.0,205.45652389526367,0.20064113661646843,205.46 MiB,Screening estimate; calibrate with real Merrill.jl runs.,ok,gmsh;pymeshfix_gmsh;voxel,gmsh: Exception: Wrong topology of boundary mesh for parametrization | pymeshfix_gmsh: Exception: Wrong topology of boundary mesh for parametrization,0.009716324372725054,23592.0,30611.0
PLAG024,PLAG,data/Nikolaisen2022/Plag Binary meshes/PLAG024-binary.stl,Plag Binary meshes,641133,0.6114320755004883,ascii,0.0215401650850377,0.34521007993297,224,3,03_largest,um,1e-06,0.009,9e-09,data/Nikolaisen2022/Plag Binary meshes/PLAG024-binary.stl,641133,2019,4032,1.1298284912476697,0.02621913169139815,6.358051776885986,7.4842209815979,8.16323471069336,8.599054336547852,11.339371681213379,13.099371910095215,2.134431219221067,47,38,1,False,0.00020473426729950006,0.00029506308692411946,0.00036076111433549807,0.0003607779723713267,34.44822029065904,44.32704297361163,59.16585514036257,59.16703377057601,60.992551298365726,90.0,90.0,90.0,1.0101129187312334,1.3941751739728123,1.4792023449688985,1.479251404748346,,data/Nikolaisen2022_merrill_msh/PLAG024.msh,6638319,6.330794334411621,voxel,6638319,6.330794334411621,42193,194886,6.358051776885986,7.4842209815979,8.172314643859863,8.589974403381348,11.339371681213379,13.099371910095215,1.2239881449239523e-07,1.224182941128582e-07,1.2243115317736586e-07,1.2243115317736586e-07,0.40919475992700693,0.5732642097724483,0.7005009087049733,0.7005009087049733,1.3660741411233996,1.3934936813911836,1.6076155204714009,1.6076340435814598,1.3693067702532038,1.7066742396004364,1.9689188638668673,1.9689415499509142,35.00744304521251,54.54164179999234,59.76392322768591,59.76480410697229,-1.0,-1.0,-1.0,-1.0,0.008978843688964844,0.012720273233171197,0.015628516802137983,0.015628516802137983,8.978843688964844e-09,1.2720273233171197e-08,1.5628516802137983e-08,1.5628516802137983e-08,6.358051776885986e-06,7.4842209815979e-06,8.172314643859863e-06,8.589974403381346e-06,1.1339371681213379e-05,1.3099371910095214e-05,7248984,12151584,4050528,12472704,162021120,296917380.0,283.16247940063477,0.2765258587896824,283.16 MiB,Screening estimate; calibrate with real Merrill.jl runs.,ok,gmsh;pymeshfix_gmsh;voxel,gmsh: Exception: Wrong topology of triangulation for parametrization: one edge is incident to 3 triangles | pymeshfix_gmsh: Exception: Wrong topology of boundary mesh for parametrization,0.009,32481.0,42193.0
PLAG023,PLAG,data/Nikolaisen2022/Plag Binary meshes/PLAG023-binary.stl,Plag Binary meshes,641928,0.6121902465820312,ascii,0.0326433383489378,0.396520198334342,225,3,03_largest,um,1e-06,0.009,9e-09,data/Nikolaisen2022/Plag Binary meshes/PLAG023-binary.stl,641928,2021,4037,1.0491113976690758,0.0417137939075486,25.216262817382812,25.461973190307617,5.569068908691406,7.1048150062561035,6.639371871948242,7.099371910095215,1.6218784475549515,18,16,1,False,0.0002047536804639094,0.0002124816965078935,0.00036075549002475177,0.00036078359104281164,34.44921098410805,44.32705882826191,59.16506958921053,59.16817326110164,60.99449031283514,90.0,90.0,90.0,1.0101326317160813,1.394175158499121,1.4639547670838833,1.4792344341757253,,data/Nikolaisen2022_merrill_msh/PLAG023.msh,9116151,8.693839073181152,voxel,9116151,8.693839073181152,53635,271938,25.23446273803711,25.461973190307617,5.569068908691406,7.095834255218506,6.639371871948242,7.099371910095215,1.2285061710753595e-07,1.2285713991825632e-07,1.228893873178131e-07,1.228893873178131e-07,0.40853221137260437,0.5714258456661261,0.6993359330412368,0.6993359330412368,1.3660941703731253,1.3937863463454874,1.6060340884954045,1.606051648515152,1.3700412976009846,1.7070326795022563,1.9669820131648126,1.9670035197089395,34.960973969533626,54.499768039855965,59.92630057918874,59.92630057918874,-1.0,-1.0,-1.0,-1.0,0.008980751037597656,0.012728376831961798,0.015646753387416598,0.015648136430174972,8.980751037597656e-09,1.2728376831961797e-08,1.5646753387416596e-08,1.5648136430174972e-08,2.523446273803711e-05,2.5461973190307616e-05,5.569068908691406e-06,7.095834255218506e-06,6.639371871948242e-06,7.099371910095214e-06,9989256,15446880,5148960,17404032,205958400,380921292.0,363.27485275268555,0.3547605983912945,363.27 MiB,Screening estimate; calibrate with real Merrill.jl runs.,ok,gmsh;pymeshfix_gmsh;voxel,gmsh: Exception: Wrong topology of triangulation for parametrization: one edge is incident to 3 triangles | pymeshfix_gmsh: Exception: Wrong topology of boundary mesh for parametrization,0.009,45323.0,53635.0
PLAG022,PLAG,data/Nikolaisen2022/Plag Binary meshes/PLAG022-binary.stl,Plag Binary meshes,711873,0.6788949966430664,ascii,0.0336563336723733,0.400580121664773,226,3,03_largest,um,1e-06,0.009,9e-09,data/Nikolaisen2022/Plag Binary meshes/PLAG022-binary.stl,711873,2198,4394,1.1460192983961286,0.03985795583369006,19.523990631103516,19.892555236816406,7.68590784072876,8.910353660583496,14.999371528625488,15.439372062683105,1.3522972692108137,23,23,1,False,0.0002047390353254741,0.0002124816965078935,0.00036075548898968916,0.0003607948264162529,34.4479215804267,43.942240560388214,59.16546225162776,59.16856589390032,60.992173012993774,90.0,90.0,90.0,1.0101086831570603,1.3946582682586561,1.4558218383971964,1.4792565220382874,,data/Nikolaisen2022_merrill_msh/PLAG022.msh,9804363,9.35016918182373,voxel,9804363,9.35016918182373,57910,292242,19.523990631103516,19.892555236816406,7.68590784072876,8.89234733581543,14.999371528625488,15.439372062683105,1.211068655082581e-07,1.211261439308664e-07,1.211325591707335e-07,1.2115826096559257e-07,0.4084925720621258,0.576497231409944,0.7056819477617681,0.7057569124339456,1.3660278867970062,1.3937450884598979,1.6058116419732218,1.6058553905226047,1.3668486454035258,1.7069821491184771,1.9667095729276098,1.966763153739098,35.20568555456057,54.685468853234376,59.9403308030987,59.9403308030987,-1.0,-1.0,-1.0,-1.0,0.008978843688964844,0.01270609650376125,0.01557246997994102,0.015573846757127299,8.978843688964844e-09,1.2706096503761249e-08,1.557246997994102e-08,1.5573846757127297e-08,1.9523990631103514e-05,1.9892555236816406e-05,7.68590784072876e-06,8.892347335815429e-06,1.4999371528625488e-05,1.5439372062683105e-05,10741584,16678080,5559360,18703488,222374400,411085368.0,392.0415573120117,0.38285308331251144,392.04 MiB,Screening estimate; calibrate with real Merrill.jl runs.,ok,gmsh;pymeshfix_gmsh;voxel,gmsh: Exception: Wrong topology of boundary mesh for parametrization | pymeshfix_gmsh: Exception: Wrong topology of boundary mesh for parametrization,0.009,48707.0,57910.0
PLAG019,PLAG,data/Nikolaisen2022/Plag Binary meshes/PLAG019-binary.stl,Plag Binary meshes,743301,0.708867073059082,ascii,0.0202584635009657,0.338222602531603,227,3,03_largest,um,1e-06,0.009,9e-09,data/Nikolaisen2022/Plag Binary meshes/PLAG019-binary.stl,743301,2292,4588,1.2474720615503174,0.024870506042698488,10.61701774597168,12.336984634399414,8.246247291564941,8.619807243347168,13.339371681213379,15.659371376037598,2.91208374172993,24,28,1,False,0.00020472949927352602,0.0002915413424890376,0.0003607555002254055,0.0003608004497750061,34.44852729518899,44.32637598917555,59.16546271696755,59.16860472817821,60.992172706015516,90.0,90.0,90.0,1.0101091684924068,1.3941758252613832,1.4791918293676452,1.4792461455525676,,data/Nikolaisen2022_merrill_msh/PLAG019.msh,3796907,3.6210126876831055,voxel,3796907,3.6210126876831055,25992,109608,10.627570152282715,12.336984634399414,8.246247291564941,8.619807243347168,13.339371681213379,15.659371376037598,1.9790983750087032e-07,1.979454228862032e-07,1.979633138318726e-07,1.979633138318726e-07,0.40907245856393787,0.5717869511302696,0.698844933309215,0.6988768735361627,1.3660948215996132,1.3935616140562879,1.607356287386358,1.607370680601846,1.3689467768236734,1.7067574397836232,1.9686013694754672,1.9686189974923174,34.94579413117854,54.565099568988984,59.79213895279635,59.79361132945398,-1.0,-1.0,-1.0,-1.0,0.010544776916503906,0.014917961872825737,0.018343109839571416,0.01834365843540588,1.0544776916503905e-08,1.4917961872825738e-08,1.8343109839571413e-08,1.834365843540588e-08,1.0627570152282715e-05,1.2336984634399414e-05,8.246247291564942e-06,8.619807243347168e-06,1.3339371681213378e-05,1.5659371376037595e-05,4131264,7485696,2495232,7014912,99809280,181404576.0,173.00088500976562,0.16894617676734924,173.00 MiB,Screening estimate; calibrate with real Merrill.jl runs.,ok,gmsh;pymeshfix_gmsh;voxel,gmsh: Exception: Wrong topology of triangulation for parametrization: one edge is incident to 3 triangles | pymeshfix_gmsh: Exception: Wrong topology of boundary mesh for parametrization,0.010545453158291904,18268.0,25992.0
PLAG018,PLAG,data/Nikolaisen2022/Plag Binary meshes/PLAG018-binary.stl,Plag Binary meshes,806794,0.7694187164306641,ascii,0.0196248907378163,0.334659282076627,228,3,03_largest,um,1e-06,0.009,9e-09,data/Nikolaisen2022/Plag Binary meshes/PLAG018-binary.stl,806794,2499,4986,1.3777598186485167,0.013214481416109739,7.7504072189331055,9.941316604614258,12.4384183883667,13.102524757385254,9.819372177124023,12.85937213897705,3.80561702930066,32,21,1,False,0.0002047390353254741,0.0002950629283111731,0.0003607555002254055,0.00036078921432204663,34.44729928410998,44.32637598917555,59.16546318418245,59.1678194940584,60.99292988461106,90.0,90.0,90.0,1.0101166691413201,1.3941758252613832,1.479202487493161,1.4792671833471656,,data/Nikolaisen2022_merrill_msh/PLAG018.msh,1752318,1.6711406707763672,voxel,1752318,1.6711406707763672,13397,49182,7.7504072189331055,9.941316604614258,12.4384183883667,13.102524757385254,9.819372177124023,12.85937213897705,4.390083353997265e-07,4.390688987387925e-07,4.390992883358813e-07,4.390992883358813e-07,0.4081283836302591,0.5756627890115005,0.7052507928148248,0.705275159227004,1.3660318486086056,1.3938973066347267,1.604940354356658,1.604940354356658,1.3675708929228414,1.7071685775474303,1.9656424678877173,1.9656424678877173,35.19070466267132,54.75675262062937,60.027535415758436,60.02868214503888,-1.0,-1.0,-1.0,-1.0,0.0137786865234375,0.019514346677926647,0.023921581224754712,0.02392213210689005,1.3778686523437499e-08,1.9514346677926647e-08,2.392158122475471e-08,2.392213210689005e-08,7.750407218933104e-06,9.941316604614257e-06,1.2438418388366699e-05,1.3102524757385253e-05,9.819372177124023e-06,1.285937213897705e-05,1895352,3858336,1286112,3147648,51444480,92447892.0,88.16518020629883,0.0860988087952137,88.17 MiB,Screening estimate; calibrate with real Merrill.jl runs.,ok,gmsh;pymeshfix_gmsh;voxel,gmsh: Exception: Wrong topology of triangulation for parametrization: one edge is incident to 3 triangles | pymeshfix_gmsh: Exception: Wrong topology of boundary mesh for parametrization,0.013818181644786489,8197.0,13397.0
PLAG017,PLAG,data/Nikolaisen2022/Plag Binary meshes/PLAG017-binary.stl,Plag Binary meshes,838611,0.7997617721557617,ascii,0.0447217537301505,0.440392655754973,229,3,03_largest,um,1e-06,0.009,9e-09,data/Nikolaisen2022/Plag Binary meshes/PLAG017-binary.stl,838611,2640,5274,1.4219691853022494,0.048961103858497786,19.421611785888672,20.65015983581543,3.950309991836548,4.572908878326416,7.4393720626831055,8.879371643066406,1.9926260251089127,8,6,1,False,0.0002047390353254741,0.00029154618110206786,0.0003607611074756598,0.0003607892076581378,34.448262609097725,44.32705882826191,59.1654815100483,59.16817326110164,60.99292988461106,90.0,90.0,90.0,1.0101166691413201,1.394175158499121,1.4639931274490585,1.4792506797935838,,data/Nikolaisen2022_merrill_msh/PLAG017.msh,12914967,12.316672325134277,voxel,12914967,12.316672325134277,76225,385020,19.430580139160156,20.641191482543945,3.950309991836548,4.572908878326416,7.4393720626831055,8.879371643066406,1.2135013230298725e-07,1.2138236052886228e-07,1.2139522291738924e-07,1.2139522291738924e-07,0.40814908326562754,0.5747557772212508,0.7040525344383481,0.7041085992938378,1.3660395134622163,1.3938928077616275,1.6050382342764462,1.6050382342764462,1.3682084141112876,1.7071630675756746,1.965762345817488,1.965762345817488,35.144176287040146,54.75101374636967,60.01873532339967,60.023110856034705,-1.0,-1.0,-1.0,-1.0,0.008966445922851562,0.012704431395294778,0.015583521791391764,0.015584072578606592,8.966445922851561e-09,1.2704431395294778e-08,1.5583521791391762e-08,1.558407257860659e-08,1.9430580139160156e-05,2.0641191482543943e-05,3.950309991836548e-06,4.572908878326416e-06,7.439372062683105e-06,8.879371643066406e-06,14150040,21952800,7317600,24641280,292704000,541148580.0,516.0795021057129,0.5039838887751102,516.08 MiB,Screening estimate; calibrate with real Merrill.jl runs.,ok,gmsh;pymeshfix_gmsh;voxel,gmsh: Exception: Wrong topology of triangulation for parametrization: one edge is incident to 3 triangles | pymeshfix_gmsh: Exception: Wrong topology of boundary mesh for parametrization,0.009,64170.0,76225.0
PLAG016,PLAG,data/Nikolaisen2022/Plag Binary meshes/PLAG016-binary.stl,Plag Binary meshes,840339,0.8014097213745117,ascii,0.0475004428479622,0.449330961914421,230,3,03_largest,um,1e-06,0.009,9e-09,data/Nikolaisen2022/Plag Binary meshes/PLAG016-binary.stl,840339,2598,5187,1.3281267860479713,0.051907258703785285,25.70768165588379,27.222890853881836,11.774312019348145,12.127119064331055,7.719371795654297,8.219371795654297,1.6341149667901147,12,7,1,False,0.0002047390353254741,0.00021247166841931175,0.0003607555002254055,0.0003607892076581378,34.44852729518899,44.61301551601138,59.165109053640805,59.167819029164136,60.99292988461106,90.0,90.0,90.0,1.0101166691413201,1.393955405098647,1.463988377108634,1.4792461455525676,,data/Nikolaisen2022_merrill_msh/PLAG016.msh,13706667,13.071696281433105,voxel,13706667,13.071696281433105,79018,410502,25.71670150756836,27.222890853881836,11.774312019348145,12.127119064331055,7.719371795654297,8.219371795654297,1.2138427964158982e-07,1.2141643732450103e-07,1.214357230865798e-07,1.214357230865798e-07,0.40976494738190156,0.5749082201805328,0.7014386567247572,0.7015130513206981,1.3660955261255736,1.3932721373662733,1.60911481814767,1.6091148181476704,1.3712647719206166,1.7064029046921394,1.9707551210065684,1.9707551210065684,35.04354568140884,54.422462037617514,59.618213460512564,59.621734068263294,-1.0,-1.0,-1.0,-1.0,0.008928298950195312,0.012690404134892539,0.015585647117171662,0.01558619345283806,8.928298950195311e-09,1.2690404134892538e-08,1.558564711717166e-08,1.558619345283806e-08,2.571670150756836e-05,2.7222890853881835e-05,1.1774312019348145e-05,1.2127119064331054e-05,7.719371795654297e-06,8.219371795654297e-06,15032496,22757184,7585728,26272128,303429120,562614984.0,536.5514602661133,0.5239760354161263,536.55 MiB,Screening estimate; calibrate with real Merrill.jl runs.,ok,gmsh;pymeshfix_gmsh;voxel,gmsh: Exception: Wrong topology of triangulation for parametrization: one edge is incident to 3 triangles | pymeshfix_gmsh: Exception: Wrong topology of boundary mesh for parametrization,0.009,68417.0,79018.0
PLAG015,PLAG,data/Nikolaisen2022/Plag Binary meshes/PLAG015-binary.stl,Plag Binary meshes,859281,0.8194742202758789,ascii,0.0422740504152775,0.432206950058075,231,3,03_largest,um,1e-06,0.009,9e-09,data/Nikolaisen2022/Plag Binary meshes/PLAG015-binary.stl,859281,2703,5404,1.5129278928846055,0.041907353286405484,16.616426467895508,17.844974517822266,6.419954776763916,6.897282123565674,2.8193719387054443,4.659371852874756,2.263354013654673,35,33,1,False,0.0002047536804639094,0.0002950663158292788,0.00036076111766603677,0.00036078078222848907,34.44921098410805,44.32705882826191,59.16587508694979,59.16836957822205,60.99373345506567,90.0,90.0,90.0,1.010124648649406,1.394175158499121,1.4792080710401116,1.4792344341757253,,data/Nikolaisen2022_merrill_msh/PLAG015.msh,12311651,11.741305351257324,voxel,12311651,11.741305351257324,74040,365658,16.616426467895508,17.844974517822266,6.437967300415039,6.879269599914551,2.8193719387054443,4.659371852874756,1.2138879247158667e-07,1.2141461438021708e-07,1.2142425250515065e-07,1.2142746215471067e-07,0.4077337329650939,0.5758548239700263,0.7045757880028817,0.7045944791699635,1.366038670266161,1.394065500643906,1.6040137608302114,1.6040223044745539,1.368279256455729,1.707374572297571,1.9645076272183357,1.9645180910029263,35.22326402780856,54.77349357265126,60.12272796888846,60.12360126937437,-1.0,-1.0,-1.0,-1.0,0.008966445922851562,0.012709831549208659,0.015585032610723162,0.015585446142523336,8.966445922851561e-09,1.2709831549208659e-08,1.558503261072316e-08,1.5585446142523336e-08,1.6616426467895508e-05,1.7844974517822264e-05,6.437967300415039e-06,6.879269599914551e-06,2.8193719387054443e-06,4.659371852874755e-06,13478016,21323520,7107840,23402112,284313600,524437632.0,500.1427001953125,0.48842060565948486,500.14 MiB,Screening estimate; calibrate with real Merrill.jl runs.,ok,gmsh;pymeshfix_gmsh;voxel,gmsh: Exception: Wrong topology of triangulation for parametrization: one edge is incident to 4 triangles | pymeshfix_gmsh: Exception: Wrong topology of boundary mesh for parametrization,0.009,60943.0,74040.0
PLAG014,PLAG,data/Nikolaisen2022/Plag Binary meshes/PLAG014-binary.stl,Plag Binary meshes,963426,0.9187946319580078,ascii,0.0309558206655357,0.389566167854921,232,3,03_largest,um,1e-06,0.009,9e-09,data/Nikolaisen2022/Plag Binary meshes/PLAG014-binary.stl,963426,3031,6059,1.556930169943644,0.04230986070700963,10.821775436401367,11.067485809326172,3.7220230102539062,6.9595417976379395,6.039371013641357,6.839372158050537,3.343935303961999,19,20,1,False,0.0002047343807589641,0.00021248156463116175,0.00036075549002475177,0.0003607892087063026,34.4476253784362,44.61301551601138,59.165109053640805,59.16856589390032,60.99295292101754,90.0,90.0,90.0,1.010117151146311,1.393955405098647,1.4639691062851592,1.47926159653521,,data/Nikolaisen2022_merrill_msh/PLAG014.msh,2157338,2.0573978424072266,voxel,2157338,2.0573978424072266,15172,61872,10.821775436401367,11.038578987121582,3.7220230102539062,6.9595417976379395,6.039371013641357,6.839372158050537,5.251317176219704e-07,5.251832721170184e-07,5.252002898180688e-07,5.252002898180688e-07,0.40600318289797266,0.5710381402898393,0.6959950476974007,0.696017800774001,1.366273916325233,1.3949911418813064,1.6003425989049196,1.6003524228732384,1.3758723915293092,1.7085082466558263,1.9600113904782868,1.9600234223331017,35.10653493487809,54.8921306602526,60.51957467956664,60.52010296326277,-1.0,-1.0,-1.0,-1.0,0.014452934265136719,0.020626823929510523,0.025395782221258493,0.025396058529129246,1.4452934265136719e-08,2.0626823929510524e-08,2.539578222125849e-08,2.5396058529129246e-08,1.0821775436401366e-05,1.1038578987121581e-05,3.722023010253906e-06,6.959541797637939e-06,6.039371013641357e-06,6.839372158050537e-06,2344032,4369536,1456512,3959808,58260480,105585552.0,100.69422912597656,0.09833420813083649,100.69 MiB,Screening estimate; calibrate with real Merrill.jl runs.,ok,gmsh;pymeshfix_gmsh;voxel,gmsh: Exception: Wrong topology of triangulation for parametrization: one edge is incident to 3 triangles | pymeshfix_gmsh: Exception: Wrong topology of boundary mesh for parametrization,0.014715994488109242,10312.0,15172.0
PLAG013,PLAG,data/Nikolaisen2022/Plag Binary meshes/PLAG013-binary.stl,Plag Binary meshes,997803,0.9515790939331055,ascii,0.0322057034066991,0.394740229168002,233,3,03_largest,um,1e-06,0.009,9e-09,data/Nikolaisen2022/Plag Binary meshes/PLAG013-binary.stl,997803,3082,6159,1.5445006511688906,0.03504432070184941,22.226797103881836,22.390602111816406,1.2938849925994873,5.1124958992004395,13.699371337890625,14.659371376037598,3.9408401908575765,2,1,1,False,0.00020474879875109764,0.00021247410927571764,0.00036074706341544116,0.00036079201703199644,34.44821611538904,44.61268644343895,59.165079222953814,59.16856589390032,60.99292988461106,90.0,90.0,90.0,1.0101166691413201,1.3939555898104825,1.463949660181344,1.4792514762748532,,data/Nikolaisen2022_merrill_msh/PLAG013.msh,1299529,1.2393274307250977,voxel,1299529,1.2393274307250977,9466,36942,22.226797103881836,22.390602111816406,1.2938849925994873,5.1124958992004395,13.716825485229492,14.659371376037598,9.18942540349225e-07,9.190179973547416e-07,9.191143102867637e-07,9.19126935136497e-07,0.41034704593417864,0.5550097880134124,0.675592808226153,0.6755976678854015,1.3670560049383007,1.3938690585774811,1.6123665997554903,1.612368484345828,1.3791518756830403,1.7071339808841923,1.9747377238536319,1.9747400319959827,34.0651187257173,54.02841652649649,59.409514565903784,59.409982446226195,-1.0,-1.0,-1.0,-1.0,0.01735687255859375,0.02461554056633929,0.03061364469071521,0.030614913829062007,1.735687255859375e-08,2.4615540566339287e-08,3.0613644690715205e-08,3.061491382906201e-08,2.2226797103881836e-05,2.2390602111816407e-05,1.2938849925994873e-06,5.1124958992004396e-06,1.3716825485229492e-05,1.4659371376037597e-05,1409328,2726208,908736,2364288,36349440,65637000.0,62.59632110595703,0.06112921983003616,62.60 MiB,Screening estimate; calibrate with real Merrill.jl runs.,ok,gmsh;pymeshfix_gmsh;voxel,gmsh: Exception: Wrong topology of boundary mesh for parametrization | pymeshfix_gmsh: Exception: Wrong topology of boundary mesh for parametrization,0.0173573223027316,6157.0,9466.0
PLAG012,PLAG,data/Nikolaisen2022/Plag Binary meshes/PLAG012-binary.stl,Plag Binary meshes,1025307,0.977808952331543,ascii,0.103373582891805,0.582286849803792,234,3,03_largest,um,1e-06,0.009,9e-09,data/Nikolaisen2022/Plag Binary meshes/PLAG012-binary.stl,1025307,3189,6374,1.785445241502791,0.10181882574746896,11.210817337036133,12.214130401611328,-0.013574999757111073,1.0033379793167114,9.659372329711914,10.599371910095215,1.7100726077207506,13,13,1,False,0.0002047390353254741,0.00029506364231824924,0.0003607575959170549,0.00036080185448382425,34.447202050816415,44.32774165145066,59.1660560457192,59.168461096164094,60.99222001114032,90.0,90.0,90.0,1.010109667700555,1.3941744924291908,1.4792138895935483,1.4792688492380415,,data/Nikolaisen2022_merrill_msh/PLAG012.msh,28452644,27.13455581665039,voxel,28452644,27.13455581665039,158456,857706,11.210817337036133,12.214130401611328,-0.013574999757111073,1.0033379793167114,9.659372329711914,10.599371910095215,1.225168895325015e-07,1.2252984270712146e-07,1.2254274652383616e-07,1.2254355816195545e-07,0.4079380572956046,0.5756561686007293,0.7055489377244466,0.7055886695774758,1.3660348007420173,1.3939808671796714,1.604494929101947,1.6044959818491518,1.3679837142684987,1.7072709178963021,1.9650969355914194,1.965098224938161,35.20342306371939,54.61807033473711,60.0728520129668,60.07459209476985,-1.0,-1.0,-1.0,-1.0,0.008999228477478027,0.01275425583728352,0.015632992345678873,0.015633026657536287,8.999228477478028e-09,1.2754255837283518e-08,1.5632992345678873e-08,1.5633026657536285e-08,1.1210817337036132e-05,1.2214130401611328e-05,-1.3574999757111071e-08,1.0033379793167113e-06,9.659372329711914e-06,1.0599371910095214e-05,31249536,45635328,15211776,54893184,608471040,1133191296.0,1080.6954345703125,1.0553666353225708,1.06 GiB,Screening estimate; calibrate with real Merrill.jl runs.,ok,gmsh;pymeshfix_gmsh;voxel,gmsh: Exception: Wrong topology of triangulation for parametrization: one edge is incident to 3 triangles | pymeshfix_gmsh: Exception: Wrong topology of boundary mesh for parametrization,0.009,142951.0,158456.0
PLAG011,PLAG,data/Nikolaisen2022/Plag Binary meshes/PLAG011-binary.stl,Plag Binary meshes,1028775,0.9811162948608398,ascii,0.0636024446698874,0.495250659082452,235,3,03_largest,um,1e-06,0.009,9e-09,data/Nikolaisen2022/Plag Binary meshes/PLAG011-binary.stl,1028775,3234,6470,1.8334389909286468,0.0687527037657274,12.398412704467773,13.504107475280762,4.69743013381958,5.19550895690918,6.639371871948242,8.439371109008789,2.17040104442291,21,25,1,False,0.0002047390353254741,0.00029506650748521495,0.00036076111766603677,0.0003607892076581378,34.4479215804267,44.32705882826191,59.16587508694979,59.167819029164136,60.99292988461106,90.0,90.0,90.0,1.0101166691413201,1.394175158499121,1.4792055330158724,1.4792565220382874,,data/Nikolaisen2022_merrill_msh/PLAG011.msh,17794556,16.970211029052734,voxel,17794556,16.970211029052734,104288,531228,12.398412704467773,13.504107475280762,4.69743013381958,5.19550895690918,6.639371871948242,8.439371109008789,1.221035352935891e-07,1.2210996484102177e-07,1.2212290433077921e-07,1.221358602934708e-07,0.40856699437226074,0.5739065663888655,0.7023247635013653,0.7023995219623412,1.3660485745437412,1.3937285104168895,1.60603213934928,1.6060491021047474,1.3679390240953786,1.7069618452453235,1.9669796259580918,1.9670004010058555,35.08050279400327,54.6675334347535,59.9181513206385,59.92077363100848,-1.0,-1.0,-1.0,-1.0,0.008989334106445312,0.012720258218242146,0.015614664867628256,0.015615763585058933,8.989334106445313e-09,1.2720258218242145e-08,1.5614664867628256e-08,1.561576358505893e-08,1.2398412704467772e-05,1.3504107475280762e-05,4.69743013381958e-06,5.195508956909179e-06,6.639371871948242e-06,8.439371109008788e-06,19502208,30034944,10011648,33998592,400465920,741019968.0,706.6917114257812,0.6901286244392395,706.69 MiB,Screening estimate; calibrate with real Merrill.jl runs.,ok,gmsh;pymeshfix_gmsh;voxel,gmsh: Exception: Wrong topology of triangulation for parametrization: one edge is incident to 3 triangles | pymeshfix_gmsh: Exception: Wrong topology of boundary mesh for parametrization,0.009,88538.0,104288.0
PLAG010,PLAG,data/Nikolaisen2022/Plag Binary meshes/PLAG010-binary.stl,Plag Binary meshes,1056870,1.0079097747802734,ascii,0.0464847554138525,0.446105224340376,236,3,03_largest,um,1e-06,0.009,9e-09,data/Nikolaisen2022/Plag Binary meshes/PLAG010-binary.stl,1056870,3325,6644,1.711474902077629,0.05054415330810861,25.216262817382812,25.441497802734375,7.250089168548584,10.093293190002441,7.079371929168701,7.839372158050537,2.9516334891273592,14,12,1,False,0.0002047536804639094,0.00021247655013212352,0.0003607498715821029,0.0003607892097558845,34.44889983003652,43.94155801478111,59.16506958921053,59.16856589390032,60.99373345506567,90.0,90.0,90.0,1.010124648649406,1.3946593163528025,1.4639399835740106,1.4792397640314003,,data/Nikolaisen2022_merrill_msh/PLAG010.msh,4409743,4.205458641052246,voxel,4409743,4.205458641052246,28085,129402,25.229511260986328,25.441497802734375,7.250089168548584,10.08036994934082,7.079371929168701,7.839372158050537,3.6757336113572847e-07,3.6760048631919357e-07,3.676534089345577e-07,3.6766701867058105e-07,0.41023564223903025,0.5650083668632306,0.6884128467499883,0.6884259461899982,1.3663868541374378,1.3933346585008586,1.6108061809289653,1.6108118885541787,1.3735252635785766,1.7064794771310787,1.9728266088986213,1.97283359928333,34.548504253043625,54.314335575314445,59.482633871385886,59.48386445512586,-1.0,-1.0,-1.0,-1.0,0.012881278991699219,0.018246574956965717,0.02254957661710314,0.022550969664794508,1.2881278991699219e-08,1.8246574956965715e-08,2.254957661710314e-08,2.2550969664794508e-08,2.5229511260986328e-05,2.5441497802734373e-05,7.250089168548583e-06,1.008036994934082e-05,7.079371929168701e-06,7.839372158050537e-06,4814904,8088480,2696160,8281728,107846400,197591508.0,188.43794631958008,0.18402143195271492,188.44 MiB,Screening estimate; calibrate with real Merrill.jl runs.,ok,gmsh;pymeshfix_gmsh;voxel,gmsh: Exception: Wrong topology of triangulation for parametrization: one edge is incident to 3 triangles | pymeshfix_gmsh: Exception: Wrong topology of boundary mesh for parametrization,0.01292365464297208,21567.0,28085.0
PLAG009,PLAG,data/Nikolaisen2022/Plag Binary meshes/PLAG009-binary.stl,Plag Binary meshes,1160217,1.1064691543579102,ascii,0.0916088663979432,0.55930190117457,237,3,03_largest,um,1e-06,0.009,9e-09,data/Nikolaisen2022/Plag Binary meshes/PLAG009-binary.stl,1160217,3719,7437,2.079990722546158,0.09444431983067192,7.361365795135498,8.671817779541016,0.6090250015258789,1.12785804271698,5.219371795654297,6.979372024536133,2.2547888889490477,13,16,1,False,0.0002047343807589641,0.00029505988360716413,0.0003607625177331731,0.0003607969390732565,34.447205848785934,44.32705882826191,59.16570329550726,59.167627983515956,60.993000225709594,90.0,90.0,90.0,1.0101176503563294,1.394175158499121,1.4792041026439318,1.4792687841673537,,data/Nikolaisen2022_merrill_msh/PLAG009.msh,25864688,24.666488647460938,voxel,25864688,24.666488647460938,147665,776070,7.3703413009643555,8.662841796875,0.6090250015258789,1.12785804271698,5.219371795654297,6.979372024536133,1.2015040020939565e-07,1.2016396789817042e-07,1.201703490764349e-07,1.2017114979038604e-07,0.4079479972908052,0.5760774102059237,0.7056364010149712,0.7056387607825217,1.3660318868597694,1.3939739397403839,1.6044972304550575,1.6044982952482119,1.3676402863701567,1.7072624335505637,1.965099754161839,1.9651010582617943,35.22315099481545,54.63836571468415,60.07139517857808,60.0723821158534,-1.0,-1.0,-1.0,-1.0,0.008945345878601074,0.012672311458783602,0.015531154008287064,0.015531463908623548,8.945345878601074e-09,1.2672311458783601e-08,1.5531154008287064e-08,1.553146390862355e-08,7.370341300964355e-06,8.662841796875e-06,6.090250015258789e-07,1.12785804271698e-06,5.219371795654296e-06,6.979372024536133e-06,28378200,42527520,14175840,49668480,567033600,1052675460.0,1003.9095497131348,0.9803804196417332,1003.91 MiB,Screening estimate; calibrate with real Merrill.jl runs.,ok,gmsh;pymeshfix_gmsh;voxel,gmsh: Exception: Wrong topology of triangulation for parametrization: one edge is incident to 3 triangles | pymeshfix_gmsh: Exception: Wrong topology of boundary mesh for parametrization,0.009,129345.0,147665.0
PLAG008,PLAG,data/Nikolaisen2022/Plag Binary meshes/PLAG008-binary.stl,Plag Binary meshes,1292817,1.232926368713379,ascii,0.0311457594217662,0.390361310617268,238,3,03_largest,um,1e-06,0.009,9e-09,data/Nikolaisen2022/Plag Binary meshes/PLAG008-binary.stl,1292817,4144,8287,2.095534676425791,0.03000699964969588,9.716083526611328,9.920841217041016,2.2692909240722656,8.017962455749512,3.279371976852417,4.6793718338012695,5.920232232806693,15,17,1,False,0.0002047536804639094,0.00021247655013212352,0.0003607526807982293,0.00036077797342578215,34.44921098410805,44.613673672650606,59.16506958921053,59.16817326110164,60.99373345506567,90.0,90.0,90.0,1.010124648649406,1.393955036139686,1.4639785188313361,1.4792344341757253,,data/Nikolaisen2022_merrill_msh/PLAG008.msh,435449,0.41527652740478516,voxel,435449,0.41527652740478516,4046,11502,9.716083526611328,9.895246505737305,2.2692909240722656,7.991832256317139,3.279371976852417,4.6793718338012695,2.8898222684150925e-06,2.889875211652289e-06,2.8899281553744494e-06,2.8899281553744494e-06,0.4078537851498868,0.568640628718457,0.6970001632980287,0.6970001632980288,1.3661927896197994,1.3941546907591633,1.6045402443514618,1.6045435314383207,1.3737753762303382,1.7074838074338121,1.9651524352108594,1.9651564610536323,34.877950449207454,54.80607284868625,60.08482695889411,60.08482695889411,-1.0,-1.0,-1.0,-1.0,0.025594711303710938,0.036431308324066956,0.04483346864850056,0.044833746564206946,2.5594711303710935e-08,3.6431308324066953e-08,4.483346864850056e-08,4.483374656420695e-08,9.716083526611327e-06,9.895246505737305e-06,2.2692909240722656e-06,7.991832256317138e-06,3.279371976852417e-06,4.67937183380127e-06,465168,1165248,388416,736128,15536640,27437400.0,26.166343688964844,0.02555307000875473,26.17 MiB,Screening estimate; calibrate with real Merrill.jl runs.,ok,gmsh;pymeshfix_gmsh;voxel,gmsh: Exception: Wrong topology of triangulation for parametrization: one edge is incident to 3 triangles | pymeshfix_gmsh: Exception: Wrong topology of boundary mesh for parametrization,0.02613032514398748,1917.0,4046.0
PLAG007,PLAG,data/Nikolaisen2022/Plag Binary meshes/PLAG007-binary.stl,Plag Binary meshes,1315929,1.2549676895141602,ascii,0.0428660593217579,0.434215157291043,239,3,03_largest,um,1e-06,0.009,9e-09,data/Nikolaisen2022/Plag Binary meshes/PLAG007-binary.stl,1315929,4136,8276,2.160654228362675,0.05813190976016241,13.360774993896484,13.626960754394531,3.639009952545166,7.39536190032959,8.059371948242188,9.01937198638916,3.8862108650918503,25,30,1,False,0.0002047392622444022,0.0002124816965078935,0.0003607555002254055,0.0003607892076581378,34.44852729518899,44.61301551601138,59.16546225162776,59.16856589390032,60.992172706015516,90.0,90.0,90.0,1.0101091684924068,1.393955405098647,1.4639545880759746,1.4792461455525676,,data/Nikolaisen2022_merrill_msh/PLAG007.msh,1983402,1.891519546508789,voxel,1983402,1.891519546508789,14534,56298,13.360774993896484,13.626960754394531,3.6560842990875244,7.3782877922058105,8.059371948242188,9.01937198638916,8.115250450296008e-07,8.115942319239511e-07,8.116393832025004e-07,8.116393832025004e-07,0.40577109530809874,0.567717746641386,0.6950637531937682,0.6950686251972253,1.366429568375514,1.395222389052784,1.6001038389748403,1.6001062651194247,1.3789772754782248,1.7087914654431178,1.9597189704784286,1.9597219418865652,34.960836302788614,55.03764335871569,60.56437053622169,60.56482381249291,-1.0,-1.0,-1.0,-1.0,0.016635894775390625,0.02383925113255501,0.029362994574586347,0.029363534898711317,1.6635894775390623e-08,2.383925113255501e-08,2.9362994574586346e-08,2.9363534898711315e-08,1.3360774993896483e-05,1.362696075439453e-05,3.6560842990875243e-06,7.37828779220581e-06,8.059371948242187e-06,9.01937198638916e-06,2150352,4185792,1395264,3603072,55810560,100717560.0,96.05175018310547,0.09380053728818893,96.05 MiB,Screening estimate; calibrate with real Merrill.jl runs.,ok,gmsh;pymeshfix_gmsh;voxel,gmsh: Exception: Wrong topology of triangulation for parametrization: one edge is incident to 3 triangles | pymeshfix_gmsh: Exception: Wrong topology of boundary mesh for parametrization,0.017074327035383745,9383.0,14534.0
PLAG006,PLAG,data/Nikolaisen2022/Plag Binary meshes/PLAG006-binary.stl,Plag Binary meshes,1331595,1.2699079513549805,ascii,0.098247921809597,0.572499243063564,240,3,03_largest,um,1e-06,0.009,9e-09,data/Nikolaisen2022/Plag Binary meshes/PLAG006-binary.stl,1331595,4037,8070,2.20066145971225,0.10003302058895454,13.565532684326172,14.753129959106445,13.123278617858887,13.579851150512695,11.659371376037598,13.099371910095215,1.9215741731001872,36,31,1,False,0.00020472949927352602,0.0002915413424890376,0.0003607555002254055,0.0003607892076581378,34.44729928410998,44.32643946538678,59.16550169673353,59.167819029164136,60.992172706015516,90.0,90.0,90.0,1.0101091684924066,1.394175763251127,1.4792023449688985,1.4792671833471656,,data/Nikolaisen2022_merrill_msh/PLAG006.msh,27629808,26.349838256835938,voxel,27629808,26.349838256835938,156825,829950,13.574529647827148,14.753129959106445,13.132230758666992,13.579851150512695,11.659371376037598,13.099371910095215,1.2079796473394092e-07,1.2081077062440354e-07,1.2083644381627456e-07,1.2083644381627456e-07,0.4078383182970205,0.5754581855479229,0.705151720903951,0.705151720903951,1.3660382099331574,1.3940194496202478,1.6042802424994032,1.6042802424994036,1.3683064921770005,1.7073181715425234,1.9648339992759982,1.9648339992759987,35.20106921443073,54.59630107594123,60.09492100204243,60.09843278138179,-1.0,-1.0,-1.0,-1.0,0.008952140808105469,0.012691972946947676,0.015559017280905231,0.015560117648110163,8.952140808105468e-09,1.2691972946947675e-08,1.555901728090523e-08,1.556011764811016e-08,1.3574529647827147e-05,1.4753129959106445e-05,1.3132230758666992e-05,1.3579851150512694e-05,1.1659371376037596e-05,1.3099371910095214e-05,30322200,45165600,15055200,53116800,602208000,1118801700.0,1066.9724464416504,1.0419652797281742,1.04 GiB,Screening estimate; calibrate with real Merrill.jl runs.,ok,gmsh;pymeshfix_gmsh;voxel,gmsh: TimeoutError: Mesh conversion exceeded 30 seconds. Increase mesh_timeout_seconds to retry this STL. | pymeshfix_gmsh: Exception: Wrong topology of boundary mesh for parametrization,0.009,138325.0,156825.0
PLAG005,PLAG,data/Nikolaisen2022/Plag Binary meshes/PLAG005-binary.stl,Plag Binary meshes,1403450,1.3384342193603516,ascii,0.0382736398182842,0.41811946023283,241,3,03_largest,um,1e-06,0.009,9e-09,data/Nikolaisen2022/Plag Binary meshes/PLAG005-binary.stl,1403450,4339,8663,2.2507762935145115,0.03328686416067489,15.838345527648926,16.04310417175293,9.989526748657227,15.260869979858398,6.039371013641357,7.3793721199035645,5.442847465091196,32,21,1,False,0.00020474391703828587,0.0002124816965078935,0.00036075548898968916,0.00036078358999150307,34.44731423110721,44.61301551601138,59.165109053640805,59.16895852093037,60.99295322823579,90.0,90.0,90.0,1.0101166657964007,1.393955405098647,1.4639399835740106,1.4792669272630388,,data/Nikolaisen2022_merrill_msh/PLAG005.msh,653541,0.623265266418457,voxel,653541,0.623265266418457,5685,17652,15.838345527648926,16.020353317260742,10.037447929382324,15.260869979858398,6.039371013641357,7.3793721199035645,2.1739258992542476e-06,2.174055750529813e-06,2.174146882980791e-06,2.174146882980791e-06,0.40442682065910446,0.5573119657794993,0.6881177589562237,0.6881329270579367,1.3673551021039883,1.3965863912158578,1.5986964811881847,1.5987023068554644,1.390038767794743,1.7104620200969085,1.9579953162470096,1.9580024512031333,34.53214256782724,55.41416220383797,60.82036651563789,60.82036651563789,-1.0,-1.0,-1.0,-1.0,0.0227508544921875,0.0330178936510411,0.04079600522723195,0.04079653707388707,2.27508544921875e-08,3.30178936510411e-08,4.079600522723195e-08,4.079653707388707e-08,1.5838345527648926e-05,1.6020353317260742e-05,1.0037447929382324e-05,1.5260869979858396e-05,6.039371013641357e-06,7.379372119903564e-06,701304,1637280,545760,1129728,21830400,38766708.0,36.9708137512207,0.03610431030392647,36.97 MiB,Screening estimate; calibrate with real Merrill.jl runs.,ok,gmsh;pymeshfix_gmsh;voxel,gmsh: Exception: Wrong topology of triangulation for parametrization: one edge is incident to 3 triangles | pymeshfix_gmsh: Exception: Wrong topology of boundary mesh for parametrization,0.023960651050914418,2942.0,5685.0
PLAG004,PLAG,data/Nikolaisen2022/Plag Binary meshes/PLAG004-binary.stl,Plag Binary meshes,1462368,1.394622802734375,ascii,0.0913743854293519,0.558824299282169,242,3,03_largest,um,1e-06,0.009,9e-09,data/Nikolaisen2022/Plag Binary meshes/PLAG004-binary.stl,1462368,4601,9197,2.7035582252947887,0.09063319964731109,22.513458251953125,23.680578231811523,6.54447603225708,7.312347888946533,2.8193719387054443,4.279372215270996,2.02074170621875,32,27,1,False,0.0002047536804639094,0.0002950938022117501,0.00036076111766603677,0.00036078078222848907,34.44889983003652,44.61433184461598,59.166601739983356,59.16836957822205,60.99373345506567,90.0,90.0,90.0,1.010124648649406,1.3939546678003747,1.4792134005389648,1.4792397640314003,,data/Nikolaisen2022_merrill_msh/PLAG004.msh,25796704,24.601654052734375,voxel,25796704,24.601654052734375,152545,768762,22.522436141967773,23.680578231811523,6.54447603225708,7.312347888946533,2.8193719387054443,4.279372215270996,1.2179440854291623e-07,1.2182351196668873e-07,1.2182994234472867e-07,1.2183316527381374e-07,0.40812364874646473,0.5747383602953857,0.7040838242368042,0.7040931589848678,1.3660403712566391,1.3939023059526872,1.6049524348910562,1.6049610983413287,1.3683147056800233,1.707174700436464,1.9656572634602638,1.965667873976555,35.14429770746439,54.75529601224346,60.024826084807536,60.02922527638694,-1.0,-1.0,-1.0,-1.0,0.008975982666015625,0.012720953569611086,0.01560238221548905,0.015602796023378033,8.975982666015625e-09,1.2720953569611085e-08,1.560238221548905e-08,1.5602796023378032e-08,2.2522436141967772e-05,2.3680578231811523e-05,6.54447603225708e-06,7.3123478889465326e-06,2.8193719387054443e-06,4.279372215270996e-06,28261464,43932960,14644320,49200768,585772800,1082718468.0,1032.5607948303223,1.0083601512014866,1.01 GiB,Screening estimate; calibrate with real Merrill.jl runs.,ok,gmsh;pymeshfix_gmsh;voxel,gmsh: Exception: Wrong topology of triangulation for parametrization: one edge is incident to 3 triangles | pymeshfix_gmsh: Exception: Wrong topology of boundary mesh for parametrization,0.009,128127.0,152545.0
PLAG003,PLAG,data/Nikolaisen2022/Plag Binary meshes/PLAG003-binary.stl,Plag Binary meshes,1772706,1.6905841827392578,ascii,0.120201105329538,0.612308017856329,243,3,03_largest,um,1e-06,0.009,9e-09,data/Nikolaisen2022/Plag Binary meshes/PLAG003-binary.stl,1772706,5421,10829,3.0614335258113563,0.12903823739256745,19.25780487060547,20.22016716003418,13.227045059204102,13.870397567749023,8.719371795654297,11.659371376037598,3.1596900416052676,42,32,1,False,0.0002047390353254741,0.00029154813145568914,0.0003607667239442284,0.0003607892076581378,34.44729928410998,43.942240560388214,59.16550169673353,59.167819029164136,60.99292988461106,90.0,90.0,90.0,1.0101166691413201,1.3946582682586561,1.479224314564088,1.4792671833471656,,data/Nikolaisen2022_merrill_msh/PLAG003.msh,10459619,9.975069999694824,voxel,10459619,9.975069999694824,63678,309876,19.27117156982422,20.193435668945312,13.253850936889648,13.85699462890625,8.719371795654297,11.659371376037598,3.989433229762788e-07,3.9902873355535107e-07,3.990571260936715e-07,3.990571260936715e-07,0.4084503563022191,0.5760193410085398,0.7051165946025617,0.7051165946025617,1.3660294692246682,1.3937626398658145,1.6057153861398954,1.6057273290634033,1.3667114829377913,1.707003645112858,1.9665916840894018,1.9666063111237169,35.18359766647595,54.6933026838451,59.95051846865764,59.95051846865764,-1.0,-1.0,-1.0,-1.0,0.013362884521484375,0.018900670113492234,0.023171093822933794,0.023171645473245375,1.3362884521484375e-08,1.8900670113492233e-08,2.3171093822933794e-08,2.3171645473245374e-08,1.9271171569824217e-05,2.019343566894531e-05,1.3253850936889648e-05,1.3856994628906249e-05,8.719371795654296e-06,1.1659371376037596e-05,11444304,18339264,6113088,19832064,244523520,450378360.0,429.51427459716797,0.41944753378629684,429.51 MiB,Screening estimate; calibrate with real Merrill.jl runs.,ok,gmsh;pymeshfix_gmsh;voxel,gmsh: Exception: Wrong topology of triangulation for parametrization: one edge is incident to 3 triangles | pymeshfix_gmsh: Exception: Wrong topology of boundary mesh for parametrization,0.01336363445628773,51646.0,63678.0
PLAG002,PLAG,data/Nikolaisen2022/Plag Binary meshes/PLAG002-binary.stl,Plag Binary meshes,1977085,1.8854951858520508,ascii,0.0855992635967967,0.546794077652769,244,3,03_largest,um,1e-06,0.009,9e-09,data/Nikolaisen2022/Plag Binary meshes/PLAG002-binary.stl,1977085,6180,12345,3.4246851471852047,0.08697649638151507,16.41166877746582,20.158740997314453,9.40843391418457,10.321579933166504,2.8193719387054443,7.639371871948242,6.173069352372812,56,43,1,False,0.00020474391703828587,0.00029505954083494315,0.00036076111766603677,0.0003607864009199045,34.44858867736524,44.32705882826191,59.16546225162776,59.16836957822205,60.993710092929526,90.0,90.0,90.0,1.010124648649406,1.394175158499121,1.4792027417111042,1.4792450940568984,,data/Nikolaisen2022_merrill_msh/PLAG002.msh,1819714,1.7354145050048828,voxel,1819714,1.7354145050048828,13620,51366,16.41166877746582,20.158740997314453,9.43017578125,10.321579933166504,2.8193719387054443,7.639371871948242,1.7394776145318591e-06,1.7396479626899646e-06,1.7397432051453078e-06,1.7397432051453078e-06,0.407719736523007,0.5743047309292039,0.7043134273618052,0.7043134273618052,1.3660557820906716,1.3940897200640114,1.6039845491096085,1.603988063904245,1.3695539465115916,1.707404234908133,1.9644718503133423,1.9644761550400474,35.154327041314254,54.52570954491205,60.125206938895516,60.12593433501708,-1.0,-1.0,-1.0,-1.0,0.02174091339111328,0.030865880051129772,0.0378534635900611,0.03785401133532626,2.174091339111328e-08,3.086588005112977e-08,3.78534635900611e-08,3.785401133532626e-08,1.641166877746582e-05,2.015874099731445e-05,9.43017578125e-06,1.0321579933166503e-05,2.8193719387054443e-06,7.639371871948243e-06,1970592,3922560,1307520,3287424,52300800,94183344.0,89.82023620605469,0.08771507441997528,89.82 MiB,Screening estimate; calibrate with real Merrill.jl runs.,ok,gmsh;pymeshfix_gmsh;voxel,gmsh: Exception: Wrong topology of triangulation for parametrization: one edge is incident to 4 triangles | pymeshfix_gmsh: Exception: Wrong topology of boundary mesh for parametrization,0.021909090605649082,8561.0,13620.0
