grain_id,locality,source_pat,source_sha256,msh_file,msh_sha256,msh_bytes,n_nodes,n_orphan_nodes,property_ids,skipped_non_tet_elements,n_nodes_used,n_tets,volume_um3,esd_nm,n_components,n_negative_tets,n_degenerate_tets,shape_min,shape_p01,shape_median,edge_min_nm,edge_median_nm,edge_p95_nm,edge_max_nm,n_boundary_triangles,boundary_closed_manifold,extent_x_nm,extent_y_nm,extent_z_nm,published_esd_nm,published_volume_um3,published_flinn_ratio,published_lem_states,published_ground_state,esd_rel_diff_vs_published
H008,Hekla,H008_mesh.pat,59fd14ef083889eebfc2d2abd4775b8116fbb16598d1b08daca28fd762cabe85,H008.msh,745906cd8c943df1b26c0994e8bf070be98148dd34eddaa07b3fa6ebd186add6,42616131,224812,0,1,0,224812,1297187,0.09201255706638237,560.1222515874723,1,0,0,0.013623143345869074,0.5279677423980328,0.7992611264054926,0.0034154648290776477,9.05058805655444,11.921554956789702,17.599174317694704,37496,True,863.5752299999995,549.7501600000005,555.703244,,,,,,
H009,Hekla,H009_mesh.pat,65126034aa11aefca6b45a5b37e124db39d091390a961913d937f1ede0da2026,H009.msh,3e3cbcd855756b6334f2ecc2aa2c4bdb9d3b9123f9b37c759ce7311e0e75ce0e,29254558,155880,0,1,0,155880,888920,0.0639211303511761,496.0764471475652,1,0,0,0.025827903386801042,0.5331114961645358,0.7931248087781622,0.029370725220643275,9.061261728332966,12.097462257816105,17.1317852426743,33788,True,703.4436499999993,546.0703600000002,731.3764999999999,560.1948673,0.09204827,1.537369856,MV;SV;BSV,SV,-0.11445735028146486
H011,Hekla,H011_mesh.pat,2a66a62e9c95c9a4d4806de1f0060519593308ec69d408590829d56983657093,H011.msh,446aa95b5199a1f337d6ff234144dc8a630150051659500de8edb94ab01060c9,31121066,164347,0,1,0,164347,947114,0.06777760986581914,505.8586831290083,1,0,0,0.054793107451201306,0.5362900301729154,0.8011668812637087,0.33596554291361264,9.039973656626682,11.988790253842808,17.55544830906801,28744,True,612.6192900000001,548.0669120000001,548.5465969999999,505.9595187,0.067818092,1.116119075,BSV;SV,BSV,-0.0001992957287388908
H012,Hekla,H012_mesh.pat,ff625d5fa9f31d80389eeca0a8828e99c30353bf1f049d67762186cb506dbf33,H012.msh,21f22e30babb8a1b84ec8daeec7e3db1711ae1e31e16d71acda3a4c017f8db0d,37565799,198198,0,1,0,198198,1143432,0.07790173655000654,529.8864802184149,1,0,0,0.021150967299335834,0.5286809806296944,0.8014628891884217,0.04813510507908929,8.935750127312572,11.857709124154127,17.58502594917925,33698,True,579.2280599999997,707.3188619999999,525.6656699999999,529.9765,0.07794138,1.107930199,SV;SV,SV,-0.00016985617585885127
H015,Hekla,H015_mesh.pat,161b08bf56d81dfe085dd6ae695ae1f2918e39c953d4ecf1048b751cc626c20f,H015.msh,9a35c1d41e6e51922b2b5124f6993bbdc6ba522290dc1fe837c68874130c9e83,27030854,142571,0,1,0,142571,822811,0.058860942500482925,482.62468353440727,1,0,0,0.33761213991578637,0.5421574643584485,0.8070402024555071,2.0753465033537926,9.013284795384518,11.903057224239957,16.814775274759533,23628,True,551.8783799999997,523.9761100000001,560.059766,482.7253777,0.058897742,0.962883439,SV;BSV;MV,SV,-0.00020859513554583042
H017,Hekla,H017_mesh.pat,86c0469cae043873275b90bd3b01ebb6103c9056e32980c05b18a8aac6b45abf,H017.msh,f59ee345ad9726e888fa34b88391686065b449ae8c1421fbc91fe51588921884,22321534,117907,0,1,0,117907,679285,0.04803894295241733,451.0225680508356,1,0,0,0.009951584443705029,0.5365614714277886,0.7981314818646807,0.15586641748609267,9.0032299693056,11.968295084528425,17.38891600056969,20466,True,462.2076900000002,423.3973500000002,652.2564900000002,451.1087128,0.048066434,1.292294826,MV,MV,-0.00019096228186255004
H018,Hekla,H018_mesh.pat,e4444f1aef657e484dd514b24ece6371b6a0830bebcd40da8e3bfa5d4799870d,H018.msh,c086cafc1d5348b1dc64d68a85ba4c188c2823471372070c2fbb4b41b6e4c556,22074434,116796,0,1,0,116796,671571,0.048220904524481384,451.5913106038422,1,0,0,0.012110204087911053,0.5387414401896121,0.8019700268589098,0.25206959230527404,9.02782418810117,11.983432801963216,17.00868498983745,21112,True,592.5109029999999,456.2120699999998,506.9946244000001,451.69867,0.048255263,1.050829932,SV;BSV,SV,-0.00023767923903295074
H020,Hekla,H020_mesh.pat,d74d12ef8d09497f948efaf0b14a579bdeb190a3e9703375a6ce3d0c78290a32,H020.msh,e66e139d4d5d28c97a2b5ad1f57a919d7c52efc93b4df4e1aa70acea79b1ae81,17348201,92027,0,1,0,92027,527546,0.036453971248210815,411.3852738953828,1,0,0,0.31394806644267337,0.5442942178282992,0.8051302122719275,0.023014488827960977,8.942974738742052,11.807791869685234,16.11977431558504,17628,True,497.90872000000036,372.0356459999998,460.955232,411.5036663,0.036485423,0.872155545,SV,SV,-0.00028770680388279235
H022,Hekla,H022_mesh.pat,31b00c55650b611c70e54d2713849a27df1ef6b6075cc1012d17e4cb24e5b0ef,H022.msh,a662e8c2b14f5fdcd7d0d93501ce687e92e0504a3d48e96a9022a641dec178e0,15452601,81698,0,1,0,81698,470175,0.03306119900120163,398.2049543843624,1,0,0,0.007024811819076355,0.5328840611554662,0.803423865376917,0.03930680130687321,9.005488689942347,11.838402270384877,16.62495566872464,14692,True,421.6766600000001,382.518875,433.33868799999993,398.3156381,0.033088747,0.93251268,SV,SV,-0.000277879412833415
H023,Hekla,H023_mesh.pat,6a2b8fc446568cfce9deab3f1c6a813a99156ad316628941ae02f0c053bd6dfc,H023.msh,9065dcea00091ff3dfaa7f4652dfff9e201233ea25c3da809ee18528346bb285,10969241,58471,0,1,0,58471,333282,0.023820880672649064,356.987544633808,1,0,0,0.35201412746019584,0.5383826162391714,0.8025386685032021,1.4648801200440598,9.028923580432739,11.924851437513098,16.403458215476764,12440,True,421.68003,369.8785599999992,370.3345200000001,357.1175318,0.023846891,1.136014753,SV,SV,-0.00036398987620911427
H024,Hekla,H024_mesh.pat,526ec7e8d090d2392c6b1f4fb5e1917e055c8881a0d05d8b8748e9040f7804af,H024.msh,bd32a312687828c6700e7e77357f61e98cc74a1a63f568730a338945da7a35b0,6050201,34243,0,1,0,34243,181830,0.01210454423103527,284.8721148982625,1,0,0,0.0022698345079432028,0.5266558510398375,0.7985810045354166,0.0074100545882168625,8.881950080582218,11.85512499988125,16.594474693352137,15140,True,311.06373799999994,539.97497,438.56076199999995,,,,,,
H026,Hekla,H026_mesh.pat,e9cb1ee50a986a95172fe86914d8f4e97bc32c74f85e8bd51c99be0d9a5b4a8d,H026.msh,cd28a73296cd9cd1583bb534e1d6c6dac66a61417ac8f68818a227c16d274c49,9817601,52450,0,1,0,52450,298173,0.02101641177942581,342.3891408816795,1,0,0,0.3396182028566939,0.5439557354062933,0.8008516643342714,0.8326038201497873,8.999432285775669,11.896660595759595,15.752257601593598,11596,True,333.76038999999946,452.1135299999996,361.9361140000001,342.5369373,0.021043622,1.151711016,SV,SV,-0.0004314758562549148
H027,Hekla,H027_mesh.pat,d9a9b97ea186dec7f5d6b7ced9fbcd077eedcfaad385afd7bc432d6dea5e2888,H027.msh,4dee3fa66b3e201758bfc55e6a9eb2b095958add531dfecc4081d216843b63fc,8898277,47496,0,1,0,47496,270294,0.019316071613108016,332.89458299036704,1,0,0,0.01015774130168755,0.5290673449072394,0.7983980673292717,0.30492261149339317,9.06266317927733,11.962134601039034,16.36659797327806,10500,True,353.8179700000003,343.39516000000003,374.50781000000006,333.0359829,0.01934068,1.025877433,SV,SV,-0.00042457847467924914
H028,Hekla,H028_mesh.pat,93d34934d5a6ccd7ca481829c4c17b41904aa69349695937c53e1e4478de289e,H028.msh,7d014423eadb64e57b3e8bb5a90230a4c26019c4e88ab412018e42eb39cae94a,11990457,63670,0,1,0,63670,364555,0.018009602526616656,325.2134524659385,1,0,0,0.3198952984271158,0.5500606335602888,0.8073423891089616,1.9560375901548532,7.981558930547555,10.490314156783265,14.204033871798556,12302,True,327.03678000000014,334.60689999999977,367.91273,325.3215428,0.018027551,1.073706664,SV,SV,-0.00033225692074123625
H030,Hekla,H030_mesh.pat,22ca80cbbdfe02a8664d6a40668aa3ff4b864f4f7b7f570aff56422a1872c001,H030.msh,01bf6e409404412ae16b58fc0a5bec60dc447b096e40a6d417efa0b7b43f79b1,11518965,61141,0,1,0,61141,350245,0.017192871551433356,320.2210904417463,1,0,0,0.3459597161088822,0.5410544086407043,0.8046142204129422,1.6737135511791892,7.964878080080756,10.516462780993393,14.87771718581517,11838,True,357.7739200000001,299.90957000000003,297.43820000000005,320.3291723,0.017210272,1.183172332,SV,SV,-0.0003374087270218151
H031,Hekla,H031_mesh.pat,4e21062e83db52eab341535c7fcfb17f003c9d427b59a70e327db19cc8725f7d,H031.msh,348d2bdbf55325c2d7c2c2efee0974678aaf43df726c97bb3114ec100e1b35c6,7312777,39503,0,1,0,39503,221662,0.01114020570185636,277.09681200338593,1,0,0,0.35290868034219247,0.5458707951148397,0.8018179747651255,0.9811776384167702,8.049993266635653,10.604060061755417,14.879804349278487,10492,True,361.22019,355.6576550000001,226.03019000000018,277.2446412,0.011158035,0.645491334,SV,SV,-0.0005332084904300372
H033,Hekla,H033_mesh.pat,1252a4bda636a8b98f4cb582b73b8aa860757d7cdffa0eb325c5e9dc96ba24c0,H033.msh,a3570ab7facc15dc6d01c29b836378a7358329645a8cb33424e893dc44f1944c,7211613,39132,0,1,0,39132,218420,0.010790737615450598,274.16846679483,1,0,0,0.15115947471957983,0.5442087399210418,0.8038146194176576,0.650859842746616,8.007247641162278,10.573700955349334,14.633161484716984,11200,True,375.3868899999993,331.6720399999999,217.11016000000018,274.2936451,0.010805516,0.740245623,SV,SV,-0.0004563660420362492
H034,Hekla,H034_mesh.pat,a87be6f6ecffcfa1f3236c1db72e2cb07e08c2ad6ac99a1f07addaf03eb9a29a,H034.msh,1aa32bc10553b439ed998b9159faae49abc7ae31f6d1cc21af5bd59a798d829c,6864917,36701,0,1,0,36701,208469,0.010456890276725594,271.31135867379766,1,0,0,0.013496808075478149,0.5317690337604537,0.8031833928104737,0.37647843577032225,8.04983321112306,10.58827259501836,14.447254416817142,8246,True,282.6600800000001,265.24548000000004,272.50397799999985,271.4432429,0.010472138,1.009912607,SV,SV,-0.0004858629921795643
H035,Hekla,H035_mesh.pat,e890d2ffcd00ff5b9bc267ebc38d3a7a8ac26541953f5b7b578c344632d32926,H035.msh,4898885e9530d50464ef7479fbad563e44d2bbbb6e2de3690e0dc7445cc60ff3,4946161,26900,0,1,0,26900,149743,0.007646448395099633,244.42955279408437,1,0,0,0.01767410414565168,0.53481908702871,0.7929083401354653,0.07492033635889615,8.072613918979519,10.75543186149105,15.016857045071278,8032,True,309.8956300000009,249.4719699999996,332.2348999999999,244.5954209,0.007662019,0.863097854,SV,SV,-0.0006781325067546362
H036,Hekla,H036_mesh.pat,4eeab56089e08d59060394c7da5bae53d24e598bb45033fb2b2b1cca623ee5af,H036.msh,44105b3ca5919050c752ccba706acd59d956ad1959d937d2ebbe895ec74425c6,5344153,28860,0,1,0,28860,161997,0.008102064875956907,249.19100676285714,1,0,0,0.05220071621400817,0.531536494103008,0.7928228429498981,0.1871312909411743,8.051309964679657,10.710443765239733,14.859640450751252,7770,True,280.0337499999996,269.5224100000005,274.43455600000004,249.3426244,0.008116856,1.003574276,SV,SV,-0.0006080694686987353
H037,Hekla,H037_mesh.pat,f0020257a34eaf77405579fe5af450f9b96e4f0903d82e34a5c29c31901144bf,H037.msh,3fe9fcc049a41e583aa601be03092dfbc7ad840c6becc23fd7ec3c3e0dab5ba5,5951053,32026,0,1,0,32026,180506,0.008898332340977342,257.1007439019183,1,0,0,0.08080533931796405,0.5369903916197556,0.8004694259791809,0.15193999866035368,7.999175266924319,10.580470014831551,14.297038945407769,8010,True,281.84817999999996,248.32785199999995,275.21690600000005,257.2396282,0.008912753,0.924759059,SV,SV,-0.0005399024211532044
H038,Hekla,H038_mesh.pat,156a8bbe6ea00c5e27856d04ceeb957461d3a5935f63219e53ede1773c14d06a,H038.msh,0c0f45a462d536e63271b5d24c62b0378e1f4401b20a1edd363c9a31c8e7bcd8,4512861,24639,0,1,0,24639,136529,0.006952642018243934,236.801118185076,1,0,0,0.35917310254910273,0.5493044191016112,0.8076685142219708,2.1489583623507094,8.062642032009798,10.56692902343577,14.239437109229968,7644,True,295.6388499999998,346.81907999999976,287.71509500000013,236.9846542,0.006968815,1.141848669,MV;BSV,BSV,-0.0007744637117688136
H039,Hekla,H039_mesh.pat,fe94e90b6151f712239a540dca9460fad488f417090604265a976aa9edabcccc,H039.msh,55515ebc60a871d5a6e759abd482b6cf14ea2466384809c5638ea19927b5df14,5167669,27905,0,1,0,27905,156649,0.007853033487374738,246.61128285040158,1,0,0,0.3695445768659979,0.5442548198075272,0.7998000053533507,1.7237998238193397,8.048625022509825,10.613504528481712,14.412926976526043,7470,True,286.17778,261.5243300000002,280.6463510000001,246.7662103,0.007867837,0.950698127,SV;SV,SV,-0.0006278308906639829
H040,Hekla,H040_mesh.pat,d49dc6017d0c3d91887560f4f16a02fe5bec17a06f5c101419ff3a9ea02b201b,H040.msh,805c4e29d90abcaa06028ba106a3df1c55f4703d2d58fa06d7212fc779924a8f,3557361,19407,0,1,0,19407,107636,0.007639751450294525,244.3581728426845,1,0,0,0.32261361127605553,0.5414694001413128,0.7991430249978566,0.9464981821562718,9.019564462247105,11.934197565333172,16.408951041910036,6002,True,238.1196100000002,263.44250999999986,305.081092,244.5514947,0.007657892,1.046102893,SV;SV,SV,-0.0007905159506493842
H042,Hekla,H042_mesh.pat,e5fd09e61b1f2e8c48c1c7e3fd6f1812f55bca7ebea67eab0526e4265d13490d,H042.msh,df0d189e98b2069d8e6aef3d6a760e746b1f579e7a02d9708795798dbc45ab35,4475397,24347,0,1,0,24347,135483,0.0067504782660767525,234.48333032300343,1,0,0,0.375292959945563,0.5489687470162394,0.8064313437729209,1.607976827968687,8.026250487707687,10.491801972218077,14.270570870580407,7146,True,240.64600000000019,227.76181999999972,347.1617850000001,234.6824261,0.006767682,1.364585114,MV;BSV,BSV,-0.0008483625310389264
H043,Hekla,H043_mesh.pat,b45ba9bef2c9cc1a8a62dbdb7e50e6f219b42c7fb64844eb44affce55ddc582e,H043.msh,b0c7a32413dec98fc53e727ce058110840921d8fd4d6bcf9b015078688c32a71,3963333,21635,0,1,0,21635,119907,0.006104069679785735,226.74634056451708,1,0,0,0.3650561469208156,0.5387378827211909,0.7978869223446439,2.7536657358151055,8.097183538833166,10.68608663173874,14.44325526120422,6736,True,271.02761999999984,323.27470000000017,165.28845,226.9185117,0.00611798,0.727974362,SV;BSV,BSV,-0.0007587355222501424
H044,Hekla,H044_mesh.pat,b2f4ab1738932b6ef9308427fd507d7a0c1e8655afe6416c8784bc4b26766a5c,H044.msh,a67f0601ac5daab397d96f4f460505e91fc873164eb96061064166c341ba3922,4654009,25476,0,1,0,25476,140733,0.006798975861064453,235.04352533175015,1,0,0,0.007357665743079965,0.5354217304163169,0.7960873575823458,0.26056296102108506,7.963896268180128,10.633825962544773,14.39700704046182,8176,True,305.76044,259.4336699999999,236.78179599999999,235.201953,0.006812728,1.075421263,SV,SV,-0.0006735814317403443
H046,Hekla,H046_mesh.pat,f38dceab39bc409a63382b037a4e2d0279b0b44cfdded0f99f524aacf6cda724,H046.msh,87300dcc21f40a1566255e16650253e3c4b3120de7af17d9cd9ebf4ad0856297,4922725,26539,0,1,0,26539,149267,0.007541129269582645,243.30213563850734,1,0,0,0.34234152128671924,0.5422368627126904,0.7999082899168493,1.9982650740578987,8.055450757481415,10.645261477051935,14.023792547762723,6840,True,258.0322200000005,223.55144999999993,268.4817400000002,243.4529184,0.007555152,0.901246555,SV,SV,-0.0006193508070619913
H047,Hekla,H047_mesh.pat,c750d152a1c32fb71022853ae261068e0fd929838744094a19ef4140860fade8,H047.msh,e5f9c6fbf403f84bab800c774b5dbdae2eb0f74c212276fb41601797ecd235ed,4685453,25333,0,1,0,25333,141999,0.0070480266788913275,237.87911039137785,1,0,0,0.015105365760003493,0.5308742523162313,0.8006126576775954,0.06331433506674843,8.034123534072902,10.601416089558642,14.664784087689526,6890,True,239.42340400000006,242.76404000000002,264.60165000000006,238.0351164,0.007061897,1.074772128,SV,SV,-0.0006553907296601436
H048,Hekla,H048_mesh.pat,3667c25805b0e1c4d9e9c7dcabec57e0be44d5b7500c03a74316817b5bac66e8,H048.msh,709db68473c30d38983f2908ba6a3f99c8dfd33fd3d2c9cfd21e08b944200a92,3655837,20428,0,1,0,20428,110132,0.005092407916069909,213.45591182310795,1,0,0,0.1514460662886115,0.5350405938118045,0.7961877640866157,0.3028827393557879,7.841349741149064,10.537786939221903,15.415840939452382,8178,True,191.85863999999992,324.1712800000005,252.99658,213.7113403,0.005110707,0.970553416,BSV;MV,MV,-0.0011952031957380704
H049,Hekla,H049_mesh.pat,9aeaab85a728911b4c5bf4f638ecfbb2e123ce97ae31d6260dc1191b8ff1265b,H049.msh,cb21bdb4f9cdabcb90eb44659d42a5fd13512129fd3bd4fb18e240d9f3643a40,4869805,26254,0,1,0,26254,147662,0.007324847421775996,240.9535449610605,1,0,0,0.3172500212193623,0.5449357349456255,0.801527120040505,2.0761397830177435,8.003733270535804,10.554860104031848,14.086248881866908,6800,True,244.51028000000042,261.49928,224.39716599999986,241.0935514,0.007337617,0.982428745,SV,SV,-0.0005807141589914133
H050,Hekla,H050_mesh.pat,22a8d52a1fe0f1d202243e5af381e8e9371b71a3e6d9dbde4fac86b2aaf1ea24,H050.msh,b3200e598cbabd662a8c31f930bc59d9b9a6c87f755d236952564e480150deff,4332009,23447,0,1,0,23447,131262,0.0063964021759114606,230.30977975463583,1,0,0,0.28018531722982976,0.5455098592332548,0.8046165220687322,1.7383380228824368,7.956320176067886,10.508491502736133,14.928324954190701,6418,True,235.45036999999957,276.2683299999999,222.58592,230.4629779,0.00640917,1.106873875,SV,SV,-0.0006647408046192016
H052,Hekla,H052_mesh.pat,94f00156b72f39a2cc52c87bbd0362af2e93d241326da4e580cac005818472dc,H052.msh,1d4c94d3f67f17f8baa1174c7aa3126ed92791c868bcde6a8df5fc9202a8f5be,4105125,22149,0,1,0,22149,124457,0.006199062266127046,227.91651315358618,1,0,0,0.3911464918521583,0.5530678785745475,0.8121516785209646,2.216022191285159,8.019198577576175,10.437874787390069,14.200825756700018,5732,True,232.16729999999984,224.6723400000003,250.33388900000023,228.0720026,0.006211753,1.042613996,SV,SV,-0.0006817559570716503
H053,Hekla,H053_mesh.pat,344f4543ba30b527e85cfe663054cf809c969755a9651ff092bc4113609d4020,H053.msh,333ad96806fc25976de81ae0714726719cadca3d6235e849dec6d1e5f0bdb70b,3989765,21703,0,1,0,21703,120783,0.006060600918653312,226.20681678718555,1,0,0,0.32851123062336834,0.546842648959844,0.8053506517668928,0.8196305363394469,8.024165023318815,10.544938630005579,13.800514143473471,6334,True,258.18065000000024,228.28934000000027,209.87986999999976,226.3591665,0.006072849,1.03997614,SV,SV,-0.0006730441500121254
H054,Hekla,H054_mesh.pat,2b0f3728e7b096b9b5ed3f85fc4a748a16918926a31fab69beb5fa064ee5c753,H054.msh,7985d24a128001f3472cab0f61132c2610f12971340c6f7d687cafc7b7fd3c7c,3591521,19442,0,1,0,19442,108821,0.005424598030314301,217.99990944735003,1,0,0,0.36098540427588316,0.5463401614301931,0.8020918145549681,1.6214727278928796,8.028323673644234,10.55605223038758,14.018465705083482,5348,True,229.63116000000036,194.76415999999972,243.8438410000001,218.1592727,0.005436499,0.899009122,SV,SV,-0.0007304903920775097
H055,Hekla,H055_mesh.pat,4385335b0869968cba12a8acc74f994e81a4f9b6194df8e1925b4ee8cda9b83d,H055.msh,d12633e8abf5964f2090ed02bd7fab1ceb5b746cb8bbeb0362854389572ec3cf,2956368,16300,0,1,0,16300,89279,0.004495256219572686,204.76321638791205,1,0,0,0.2867500794426851,0.5348223705389044,0.8017623802796794,0.1005485805172558,8.05370125451715,10.664127547269104,14.452057950487163,5686,True,241.1469100000004,243.95445000000018,201.85916299999997,204.9518489,0.004507687,0.847423231,SV,SV,-0.0009203747763211201
H056,Hekla,H056_mesh.pat,81e6307d191cf74144ced1d1c167c75f79f97684ba03ff662f5569770584b4e8,H056.msh,47c22a3404127aac84cb26c2d5dc0ddcaf93c3f1713a22fa6136c7048cfb9b21,3335153,18162,0,1,0,18162,100945,0.005008732972330528,212.28032909381116,1,0,0,0.24013518919897014,0.5295977563925405,0.7991500089737762,0.15667623358057603,8.017466495768115,10.643160444657665,14.043324263473595,5468,True,243.31024000000025,214.71348999999964,210.81955100000005,212.4560614,0.005021178,1.112012328,SV,SV,-0.0008271465875383521
H057,Hekla,H057_mesh.pat,cb8fbe0fde614faa8d83fc220dff69323c1f812420f5e84a95e354dd2fc336b6,H057.msh,c31965204ef74d08df849c4319685a7bd20fd4fe377afe0105adb52ecbc72e9f,2348516,13158,0,1,0,13158,70712,0.003584430566906352,189.87765082208944,1,0,0,0.3422965564022473,0.5413055042643622,0.8035987903049719,1.7751367029046936,8.064719464870791,10.628732621860143,14.281183359210909,5338,True,211.4004600000003,303.378917,149.8385699999999,190.1415036,0.003599391,1.019301918,MV;BSV,MV,-0.0013876653592980182
H058,Hekla,H058_mesh.pat,d3a5651e7f0ff4ee107608e69550dbeaa54405b49a1ea4f3d4c85681820f4df9,H058.msh,458889d01154c113592063fc52af1c562a933d1d4677338e9aa5cdb6b23722ad,11542905,61763,0,1,0,61763,350478,0.0043338150975584,202.28200606662523,1,0,0,0.23378635636178297,0.565018494142407,0.8100637162587092,1.8346061746601259,5.0327130864573535,6.568347317650031,9.139250264857546,13870,True,266.1598100000001,241.65998999999988,161.99818000000005,202.358336,0.004338719,0.737969166,SV,SV,-0.000377201823673734
H059,Hekla,H059_mesh.pat,5af55a0c0dde49b5c6a126c6bec15584c4a9182557d7dd5cd63c895288b989f2,H059.msh,033c3647ca63780b24684c5248324ac1e0daf70ae8002c340a2dd717852d79c4,3288252,17869,0,1,0,17869,99563,0.004978371610920866,211.85053399906363,1,0,0,0.3323524311603434,0.5445068789567281,0.8065012741839158,2.226175485214409,8.010108769021922,10.545098129444881,14.628327019873485,5204,True,218.04425000000015,206.18316000000027,234.742414,212.0145293,0.004989938,1.015577769,SV,SV,-0.0007735097282144388
H060,Hekla,H060_mesh.pat,aa16da2147d6a94696f6bd2d2b7a9a1104e90c2d4aed6df86981f8ef7d71ac1e,H060.msh,531d825caad461d4b1402723de722346183283d739a2a90a0993a33fad028234,3018164,16479,0,1,0,16479,91307,0.0045319817059732885,205.31933167010982,1,0,0,0.34199070809059373,0.5534748366003923,0.8113505876695079,0.9064115245297413,7.993320330362215,10.471726888041411,13.636353899247679,5034,True,205.18041900000014,221.6268900000009,196.88545999999997,205.4917493,0.004543405,1.038356744,SV,SV,-0.0008390489179128657
H061,Hekla,H061_mesh.pat,24d2d11e8bc575ec47fbf1701c00d82d30f8ec642c207ffcd9e5e5021ac42749,H061.msh,735c6e7972e5692ea64fa21fed4160fa8da0a8abcfaa2e34286fa3cd45558411,2970088,16208,0,1,0,16208,89861,0.004496792106270468,204.7865341013888,1,0,0,0.310828025961692,0.5439371299841419,0.8017210435044444,1.6223511812802185,8.034680609613789,10.594150042327929,14.261170729319263,4974,True,213.8065999999999,205.7102100000002,245.61709999999994,204.9688639,0.00450881,1.105376628,SV,SV,-0.0008895487594650087
H062,Hekla,H062_mesh.pat,ff1b5c445004ef51b5b958a89228b8c37698ac2274d34ef91f3d9ef241da13a9,H062.msh,8e435c569795896db824c3e4eb852ad4f0641a59df349e18af144517b92cb439,11106833,59065,0,1,0,59065,337602,0.004065322605360063,198.0153225471221,1,0,0,0.3720094310854946,0.5508994842718059,0.8149370020556925,0.564589585628156,4.994893295396825,6.477252506018251,8.680398127113138,11742,True,201.72722,184.2139300000008,225.2905780000001,198.0829431,0.004069485,1.020222275,SV,SV,-0.00034137494031349913
H063,Hekla,H063_mesh.pat,53093d6e257e456b6bee2877876c80ad73ea087b4402928ac4ccff08b4ab17af,H063.msh,6d2f8dfead12fce3d501f6105207bbf09001cb80f18157dffaa1d347e6f347cd,5635493,31309,0,1,0,31309,169953,0.002057848510032017,157.81135888038503,1,0,0,0.14169809743230002,0.5386527993532053,0.798702474319479,0.1366610310076681,5.019981218320733,6.665972613197879,9.00217290644451,11698,True,244.48289899999997,347.0999099999999,128.8114800000003,157.9855634,0.002064669,0.748737257,MV;MV,MV,-0.0011026610018404215
H064,Hekla,H064_mesh.pat,a3063eb1c5c4c2b91be46b343810a02f4ac2b18c8b31421cfad1e57479a84fca,H064.msh,f07431d184c60192e809c37ff08837a95a573955b1766e7a8e749ee0332c08b5,1358183,7979,0,1,0,7979,40522,0.001969856721902854,155.52922412912022,1,0,0,0.352030127617369,0.5375746857432228,0.7975843804306781,1.3677382960200024,7.9522157835408525,10.623464234864795,14.774267613777438,4614,True,211.69665000000032,275.43686999999954,184.06210999999985,155.9742105,0.001986811,1.131844463,BSV;BSV,BSV,-0.0028529483781536413
H065,Hekla,H065_mesh.pat,50cec89fe06b335393f146a7b78499fdfa7b4f36f2d745180dd960dec4897c12,H065.msh,5816a395be23727c1bd5b353e9b1816f74f29cc62ca373d992ebadf0a29a14f6,2679364,14649,0,1,0,14649,81037,0.0040250870690001226,197.359886015811,1,0,0,0.38063809659393144,0.5475682563044022,0.8025748771954186,2.255822242914368,8.015138005428494,10.545995933106582,13.58686799826273,4598,True,216.02088000000003,211.87678000000028,195.329836,197.5380475,0.004035994,0.940197962,SV,SV,-0.0009019097153372124
H066,Hekla,H066_mesh.pat,23c8f11d582fae03bd5bbe6033bed819d382ab0f4a4b0bc57b00b7706dcaa626,H066.msh,4957d5c2d8a44f39bfe8644b600930779c5b61c191d46a47f15a5e25a842f2cd,2905184,16163,0,1,0,16163,87588,0.004058740116399592,197.90839066391683,1,0,0,0.07332228598156429,0.5247928409726362,0.7994429793347484,0.005179617842884935,7.860804547096194,10.494806426940887,13.820998248890326,6198,True,214.8725000000004,189.22568,201.845281,198.0806474,0.004069344,0.997262637,SV,SV,-0.0008696293067708138
H069,Hekla,H069_mesh.pat,c0e26d072c53522dd3849915f2e50e39d53b6b2ae933282912986a3e343523a9,H069.msh,90c02825c3b6742687f83f79a2d9afb169f6a8bb27cf4b49cf04b947662bfa3b,10396221,55465,0,1,0,55465,315823,0.003840197241267198,194.29053149861818,1,0,0,0.30280276413596163,0.5606985709811022,0.8160568709703065,0.9503516768019239,5.004585416333839,6.4976151636586055,8.890244764751873,11686,True,192.4461099999994,206.72203000000036,228.69193399999983,194.3613602,0.003844395,1.029255258,SV,SV,-0.0003644176049649728
H070,Hekla,H070_mesh.pat,f6f621b3e04498ff5cffc2336ff037287298d04963a19dc146837a4a8eab37e2,H070.msh,e82af0b80ce0feedf2282c5a5428b79975791a5937131a98ac3d18b74e6d0a26,9983389,53260,0,1,0,53260,303284,0.0036931495717057662,191.77828246604307,1,0,0,0.3448408710110089,0.5586031886830026,0.8167413995467403,1.725496658037798,5.00216926046509,6.490309177319265,9.10083223296663,11254,True,192.34465999999975,189.3415799999998,203.67264,191.8471257,0.003697125,1.042644974,SV,SV,-0.000358844229256694
H071,Hekla,H071_mesh.pat,f9fd7be52619f627c790180d7573d103e10ea96d1d9a52dfcea6b674aa7e71d0,H071.msh,9ff71b4c70c012ac319d49e3f71d3534e211f8fe7da8cf7ce9c4f0ddc8e65bc7,8589157,45924,0,1,0,45924,260826,0.0032030632663739224,182.8895809598373,1,0,0,0.3973688389865924,0.5502254512034961,0.8077711965675795,0.5307312452641348,5.025131147944865,6.5783830443477616,9.12812884095057,10206,True,198.94822999999997,191.52158000000009,201.32894000000033,182.9651974,0.003207035,0.972872603,SV,SV,-0.0004132831884818833
H072,Hekla,H072_mesh.pat,80ce05a8309b0bd8339e1a2578e49797496a95a248dabff1cd6cbd5e331a707e,H072.msh,93b3f445de6b429835c0c263accbea8fcbeec90d4c8334d8c550fd4b83100faa,8652381,46370,0,1,0,46370,262638,0.003195370033745901,182.74303998216044,1,0,0,0.34225861556366294,0.5609770143333687,0.8173081022474242,1.5358300709989696,5.003570354246497,6.486917957533751,9.13435155425898,10656,True,194.3985184,219.11803999999938,185.10273899999993,182.822845,0.003199555,1.072382384,SV,SV,-0.0004365155669662224
H073,Hekla,H073_mesh.pat,d918fa68a74075210e78188077676455d33315dece55d3a005f3922526316cf6,H073.msh,64b6f7327a001ee51ccc1cafa5a40db32dad44f3c3f8228b79b3db584728b213,6864497,36973,0,1,0,36973,208182,0.002533399848249287,169.13560424654358,1,0,0,0.2116462532884084,0.5381125633579577,0.7995025273934463,0.4046922120587238,5.0137093803571,6.633630157912121,9.345961963182939,9408,True,187.68250999999964,176.03528100000005,234.09935100000007,169.2375476,0.002537981,1.168672584,BSV,BSV,-0.0006023684158870113
H074,Hekla,H074_mesh.pat,0ed57626adf1906a48708dbcea056cf55be71842db4467ad5f135ec2929237ee,H074.msh,3253cdeed189c06be4775d2c55a75df91cec1587f531ac4555d287a839815845,7943001,42476,0,1,0,42476,241197,0.00296945565667194,178.33068344416856,1,0,0,0.38302882361509544,0.5433303742233417,0.8078629165725304,1.1331965525843888,5.037004115017362,6.580696809325493,9.054062006545458,9466,True,212.98333000000002,174.17351000000053,180.229305,178.4098485,0.00297341,1.143838047,SV,SV,-0.0004437258172519387
H075,Hekla,H075_mesh.pat,840be63cb088ed94ec96c5d6208cb3ccdd1594cd9b3c22c6e5d05e2ceb655fa5,H075.msh,7fcdf9d56384c9ab98285afe7c688dddeb8ad6f6f1b8a2ce0084c237ee28bcf7,9273421,49618,0,1,0,49618,281570,0.0033413823756822908,185.48516686898878,1,0,0,0.1914707296312317,0.5464164179338308,0.8040406250098981,0.4121685212386276,4.974410531067147,6.571148373297499,9.397847346142784,11146,True,175.6798700000004,182.9463499999997,193.88132999999993,185.5568059,0.003345253,1.016619511,SV,SV,-0.00038607600871198855
H076,Hekla,H076_mesh.pat,2b72e8708a7394ef6200d4b0ccb22bed080e874cf13df45e5ae53ff1a6b53c32,H076.msh,76dac3e8bcafdcde03bbcacbdd39460497ae33eb3ac5a4e59f0d87c45c5f2e58,7065201,38033,0,1,0,38033,214290,0.0026550242040979696,171.80005061033418,1,0,0,0.1586560056064717,0.5382176247521009,0.7975352180590694,0.41491252801097245,5.03221245112629,6.691347023580299,9.121404070564166,9598,True,146.76377000000048,207.20184999999947,222.6267700000003,171.8832996,0.002658883,0.76118019,SV,SV,-0.00048433437023576165
H077,Hekla,H077_mesh.pat,d9f667a6a9bf2257398f4d7fc61160b6448fcf9ec97ed76e264e065d2dfbc845,H077.msh,4d0866fadb934ce668ec7499ee28588f8a462529afa5e4c4e2f8489dc3f49c4c,7554333,40329,0,1,0,40329,229463,0.002837999646955243,175.6593366045585,1,0,0,0.3884102943140945,0.5441946621676521,0.8059444572034175,1.6583083357316468,5.047125725638911,6.601891015213028,9.200874619586598,8828,True,186.4619900000007,192.1619599999999,158.02589999999998,175.7403534,0.002841926,0.873539013,SV,SV,-0.000461002802567001
H078,Hekla,H078_mesh.pat,3d158674c04b2bfda04bfd1525fbed3a50f4661941e93c32c4e92a420de61ae6,H078.msh,c5f95010840c47228de07160cd59f6febb4ea25da14dc068f2464c67b3f0eb82,8241173,43941,0,1,0,43941,250381,0.0030365318968623195,179.66345278235409,1,0,0,0.34561627211900314,0.5506099615332815,0.8137280887197704,1.8198679732945322,5.009884532809431,6.501854014199338,9.170386764513585,9330,True,176.59941999999955,182.91685000000007,186.61167200000006,179.7384342,0.003040333,0.984575479,SV,SV,-0.00041716963864546486
H079,Hekla,H079_mesh.pat,dd1ea37a1cca472a8e44249a7a80e742a500f0b992fa21e39e3a69207e9f78c5,H079.msh,0183dddcd5737389d9e8fc94a2267f4f06505b6a761565de524f4d6e6f9c27dd,4848917,27175,0,1,0,27175,145995,0.0017044847910036517,148.2056757963977,1,0,0,0.16054409054081592,0.5433666111214093,0.8026864380735612,0.11352462552295518,4.961252845841621,6.61508440838625,8.989124568744026,11088,True,212.45006999999987,160.1016299999992,228.14804999999978,148.3222196,0.001708508,0.810526588,PSD,BSV,-0.0007857474349871607
H080,Hekla,H080_mesh.pat,3c7d15265288aac66387367f4a93ab6c35d844f1e5e58f0a5af3a96a26f58073,H080.msh,a13d07dd73da209a4431b8ae7eb181043c632da792745d82580a83f08ecc04b5,7838617,41988,0,1,0,41988,237957,0.002878874937189914,176.49865173573014,1,0,0,0.34891564345966314,0.5627040275553052,0.8183012552152078,0.43505381515990066,4.993759176671812,6.467499214135004,8.701066407849362,9492,True,185.9762300000002,182.12755099999998,177.85824199999996,176.5740102,0.002882562,0.99755475,SV,SV,-0.00042678117909034086
H081,Hekla,H081_mesh.pat,2d2360ec1bdb3fb90421160d81c89cb96cc898279eedd9599a55ff52d60ec133,H081.msh,b0a6a2f7d322b11ea367564778086d073c20813afe44e32c8dbce51361daf365,6072713,32889,0,1,0,32889,183988,0.0023177971890831965,164.19462513524695,1,0,0,0.38324691258591104,0.5573395710693411,0.8229040236946377,1.687018887564638,5.041937951357774,6.533307817514814,9.076077333760473,9012,True,136.5264199999997,262.1501699999999,165.31268999999998,164.2917149,0.002321909,1.30934487,SV;BSV,BSV,-0.000590959591675877
H082,Hekla,H082_mesh.pat,4ace085e549981203e00bab9097828521f2342c56c97bcefaf8f52df6bcb3525,H082.msh,01a1cb95260d2bde25e55e50d6cd058383469d1bb41448f54965e722bb2bcd15,7277861,39058,0,1,0,39058,220860,0.002705540135280687,172.88279937846823,1,0,0,0.2666605312544107,0.5677502089180194,0.8203770003121474,1.6870227037741892,5.001967778004726,6.482952770684388,8.670473686456006,9174,True,202.02145999999993,177.51260699999997,167.3100199999999,172.9601708,0.002709172,1.071800123,SV,SV,-0.00044733663926144196
H083,Hekla,H083_mesh.pat,9d64950893f3082029d40cf3ce875d8b682d1e0810cfd825ca5515f99182361c,H083.msh,29e49f2d3c1227e54d9a01ee3c81810b614d05a95995504ec6cacb75b33efc8e,6867129,36925,0,1,0,36925,208324,0.002548478782325988,169.47050878001224,1,0,0,0.3524182727684294,0.5639683109919011,0.8170033576253939,1.8392414801771304,5.006287572021739,6.493677740734517,9.09330049111394,9022,True,190.9141399999994,181.32006,146.65450899999996,169.548691,0.002552005,0.853354155,SV,SV,-0.0004611195729476991
H084,Hekla,H084_mesh.pat,93fb86cd94b3f0ff000ff67d5ce1dcf38e458b98e96c0dffad96791fc711ba6c,H084.msh,d15f7bb5eb175f4ef5418114239100b9c3cb43396ee116a7c728d5092e5ea4ea,7494861,40102,0,1,0,40102,227566,0.0027449512074815873,173.71820595037985,1,0,0,0.3969519924155962,0.5547705947435811,0.8154935975377202,1.6932569162109852,4.991665509262969,6.474611691651498,8.983630287233462,9040,True,180.13763999999992,174.42200000000003,170.699701,173.7936962,0.002748529,1.009776727,SV,SV,-0.000434367018313897
H085,Hekla,H085_mesh.pat,debc0d115d4a9161b6e5d3547fb1d9eba38ecc04b4f917b3a0a23408ece7c3f7,H085.msh,07a7cc8c204920ef76b13e91c56d50ece0302ba5874d4a44b7f1b106fc9c0edd,1862772,10285,0,1,0,10285,56237,0.0027484905778695926,173.79283860630844,1,0,0,0.33467317664040136,0.545154528233636,0.802641140888761,1.382980557202246,7.987283960465366,10.489047276465673,15.174893561847364,3620,True,178.5525400000006,182.84149000000025,161.45530999999983,173.9823343,0.002757489,0.926808229,SV,SV,-0.0010891662906694632
H086,Hekla,H086_mesh.pat,492c962c3d3daf6bf335a0b7bf207b70309751bf356b3547983e7da39c7f3fad,H086.msh,eb7b346d7d7ac2019c965223d8ca469d4bdad1bb9f30dde609ac9719a998c61f,1263263,7302,0,1,0,7302,37809,0.0018265656389017497,151.66273622972912,1,0,0,0.16466452447693364,0.5462656510197019,0.7999301095889015,0.812246135003832,7.946426562932297,10.602413263690714,13.815777035201693,3836,True,261.0080399999997,178.96749699999998,133.82142,151.91227,0.001835595,1.093578973,PSD;SD;SV,SD,-0.001642617612592323
H087,Hekla,H087_mesh.pat,b33d4971f174a0bd2f00555d3236dc86fadf9d3700dcaf8e7d0581f4c4463cdf,H087.msh,29dd4b8dccc724310b33d3fb5c6a1a6b49ce20af4995a7153122325eb7206616,5777173,31249,0,1,0,31249,175073,0.0021787597514233837,160.84352183377268,1,0,0,0.3890347738371568,0.5519113960361084,0.8103224033015073,1.790056883034846,5.036701549019394,6.5875337721619465,9.225086126286767,8504,True,173.39448999999968,156.54663000000073,225.3171400000001,160.9350342,0.002182479,1.173105648,SV,SV,-0.000568629240253471
H088,Hekla,H088_mesh.pat,27d1f84372747a6212d2c62f2592fa9c9e96bf66a6b20a41dae000bd6f90b004,H088.msh,46a5c573135d7199fedadb8d222f9e29f32e83c6afeabb8dd186d6e372cf93f7,6471797,34780,0,1,0,34780,196350,0.0023804988376574243,165.66208275733143,1,0,0,0.013746133461332324,0.537651215476779,0.8039447368513475,0.09246853735178862,4.995474258116065,6.594573102329122,8.990132789169143,8590,True,173.88377000000037,165.4691199999993,183.26782999999978,165.7440504,0.002384032,1.00314499,SV,SV,-0.0004945434992733588
H089,Hekla,H089_mesh.pat,11f72f48cce21d178912834072b796b4bc4a7e1aec3cf874c32d675d688dbb10,H089.msh,461f0b10efcbf8c3a52a0420802fef40723347b480938c46e5ebf7de58b08ff3,6816169,36540,0,1,0,36540,206889,0.0025148446156762544,168.7216619813463,1,0,0,0.3061055865320636,0.5541569398519159,0.8114683752075486,0.48791025611676336,5.011830513697166,6.526207466827536,8.82956070876231,8538,True,147.6026099999999,186.77360899999996,197.89021000000002,168.8018145,0.002518428,0.83709378,SV,SV,-0.00047483209165211093
H090,Hekla,H090_mesh.pat,9a239f4d92859f91d7cc973e5cda541c2c97429738d0d49d913ad4b3947b02a7,H090.msh,2095779d6d33a40182a79070d465b055b5316f146aabdba31db9ac9cf6dbf57c,6111717,32842,0,1,0,32842,185428,0.002249261129138636,162.56002294310102,1,0,0,0.3332118335503364,0.555504907724198,0.8149417934471291,0.4860709762051693,5.0055395204426825,6.501994301865256,9.08428966928325,7910,True,163.55141000000003,156.24967000000015,189.02853399999992,162.6439236,0.002252744,1.104744029,SV,SV,-0.0005158548505341809
H091,Hekla,H091_mesh.pat,68431397f6ca4261b26cfcdf417bc5cbee99a0c5486ad523219173f48b052e8a,H091.msh,7ccca0e3d5fde9e56c69a721800bbe9a06a54737975a755b085ef1f0d4e087b6,5828273,31556,0,1,0,31556,176591,0.0021464942864690257,160.04558742816926,1,0,0,0.1507403102484722,0.5348465108665565,0.7996023965947753,0.049575717453071017,5.01179824732286,6.652786147948474,8.763532129473505,8722,True,166.3194249999999,170.40476000000035,160.2836400000001,160.1328779,0.002150007,0.987783999,SV,SV,-0.0005451127399662692
H092,Hekla,H092_mesh.pat,3900b15e960cba93521d3e262a6db3d5202f37c2dfc8cd1dd446208ca9a49865,H092.msh,6c4b42b89c4bfaca7b4848f3f80af2327a7be21844d9944e2884b9cb57b51b7d,4530613,24762,0,1,0,24762,137040,0.0017276946555768976,148.87534782877353,1,0,0,0.39583911822636036,0.5504812193501383,0.8122631070228692,0.8242724022212774,5.070780631829353,6.615658852809164,8.829769895528626,7718,True,194.37370999999985,194.4125899999999,170.1351095,148.9844558,0.001731495,0.876565631,SD;SV,SD,-0.0007323446640161713
H093,Hekla,H093_mesh.pat,aee447eaa4e7d56c482b29783a3dd675df55d2d082b63cf7cac85f9515ede580,H093.msh,95c9ed7d660a17a9caeaec805f1eec83396231dade896919cf4c0e3f8f89f5d5,6729453,36073,0,1,0,36073,204259,0.0024609684593328105,167.5080984117754,1,0,0,0.3537506442188017,0.554327168798462,0.8167905219017425,1.833789247569078,4.987689998596353,6.46415596547247,8.643225360905438,8394,True,169.71925800000008,163.8664200000003,164.1017199999999,167.5851657,0.002464365,1.032712133,SV,SV,-0.00045986939179676334
H094,Hekla,H094_mesh.pat,6c544f5e06c27b6eb4bc150528533779437b96e8a38c772397b318d1fd796c14,H094.msh,cdb95bd4ff685ffeca71178495db7381ada5f30804a8b3b268f1f8f6916f55d5,4917629,26860,0,1,0,26860,148764,0.0018297936211862185,151.75202520374827,1,0,0,0.2201176715499848,0.5333272570694807,0.8039786712487523,0.15420615230593843,5.0268309805714235,6.664099074463268,9.031076915637819,8328,True,142.77774,180.96398100000005,192.29634999999962,151.8482597,0.001833275,0.837284316,SV,SV,-0.0006337543574214122
H095,Hekla,H095_mesh.pat,2e2bde7f140d2014ad699a5f6db15f78483085c6ba2a14327209669095cd511a,H095.msh,6529c044e175f2297dc3a8e17a7a0acad8ef251de2cdb27ff469d8848df88b9f,6000613,32244,0,1,0,32244,182058,0.002210279907340559,161.61545322691435,1,0,0,0.4098931248794651,0.5565894331403626,0.8119391758997827,1.8374723805543287,5.005749078100203,6.523947162089502,8.971632704731146,7852,True,157.6589100000001,150.86373000000003,205.89233999999942,161.702942,0.00221387,1.249569964,SV,SV,-0.0005410462667132521
H096,Hekla,H096_mesh.pat,d53dfb4f3dce591369f7b8c5ee61689c2b196922a8e53ce4f58c407d658febee,H096.msh,1fe200dcc10976e0428f727d438564448ff8e562ee7835c71749245033217de5,4649025,25385,0,1,0,25385,140646,0.0016773823200167545,147.41595138448372,1,0,0,0.2955659361486098,0.5381466102239463,0.8000720661453306,0.2593565365744641,4.985167548027834,6.606040340608243,9.513319762111166,7838,True,188.44726000000082,147.99131000000034,195.28482999999994,147.544445,0.001681771,0.813624321,BSV;MV,BSV,-0.0008708807404865793
H097,Hekla,H097_mesh.pat,e4af6b339f0903665bdbd3fa4f23660c6ed2838da244b8e3ebe20e1844cf92e4,H097.msh,1161bb70ec65a913b2f8945b698048226104169cdb90667af40c4fdbd807d970,5643557,30346,0,1,0,30346,171204,0.0020543508100330453,157.72189816252975,1,0,0,0.06744176061795398,0.5361924502097318,0.7991308656521476,0.42986587024319733,5.006850606019843,6.61864884318372,9.439096919880482,7518,True,161.97235000000023,145.63639000000057,161.2057000000002,157.8093841,0.00205777,0.907933445,SV,SV,-0.0005543772822457216
H098,Hekla,H098_mesh.pat,cf3b6d4fdebb53a5b86fea3a454ed4810757054963a595ef9330e43701d6d329,H098.msh,9c2d10f450c49d9f1a0c83eb4ddef92b84948ebe19549aaa55d07d18feb50670,6034325,32477,0,1,0,32477,183029,0.0022055396164834067,161.49983399651347,1,0,0,0.21835673546715886,0.5633825822184573,0.8165064065041485,0.7011008417363045,4.990526589805558,6.470760468312606,8.82280505075401,8006,True,164.4418000000005,162.31538999999998,160.284759,161.5793623,0.002208798,1.000142448,SV,SV,-0.000492193448188516
H099,Hekla,H099_mesh.pat,ff9d2bb6483e1a5ff6786531b89bcc3de7bfbffbb23b66149fdc8355d9bcece5,H099.msh,eb8efd9b8c9e0ae66c88910864cbae977859b5da9f6d1c8ff37dfcd01722b87b,6206301,33231,0,1,0,33231,188417,0.002291717606064902,163.57646791849777,1,0,0,0.3814614759743787,0.5569692084660625,0.8143269837871736,1.6371081135540226,5.014818125278604,6.492943774548182,8.766531689798835,7524,True,168.0011300000001,163.5298299999995,169.436765,163.6605664,0.002295252,0.979539352,SV,SV,-0.0005138591619967547
H100,Hekla,H100_mesh.pat,3aa7444db3fde705c33fef32bd47822e3d44ffc10d1598cc75fa663ace608f0a,H100.msh,f1d915329c3bd3639f7c9b7c1c34f6b693becdcab90bea1df59b3a17f26dad90,6073133,32576,0,1,0,32576,184316,0.0022237890709821254,161.94404759380123,1,0,0,0.35828996255543977,0.5637917863304815,0.8164900054783989,0.8756564480433818,4.996715762400769,6.4690586746026035,8.660316150850637,7574,True,156.10869000000002,160.070573,165.05145300000004,162.0256188,0.002227149,1.004646242,SV,SV,-0.0005034463488113872
H102,Hekla,H102_mesh.pat,845ed986d68daceb1cc47da68728c0a53f51c60de2e913a003cab6332cf3bfbe,H102.msh,b2184a1ac20468ed0636cd2b87f95586f5379546e97631c385db065a94b97540,6141117,32957,0,1,0,32957,186363,0.00224856981244132,162.54336681068347,1,0,0,0.36123434291139606,0.5531482643377582,0.8151185616518953,1.8593996670427255,4.9949803334693925,6.474683367593549,9.241190963296004,7826,True,150.61528999999973,161.65895,176.16681999999992,162.6239918,0.002251916,1.016100381,SV,SV,-0.0004957754905910994
H103,Hekla,H103_mesh.pat,1a124d7184816b4242ad8ec27f7a4aabed0e281415ebc6fc0ce7799d30f4668a,H103.msh,aa4c6bb6641357ec86c95b738b60ead8139f2fcd43e97171a47950face2d509f,5613653,30124,0,1,0,30124,170358,0.0020768984090148842,158.29682727836374,1,0,0,0.38456321951857586,0.5545239949391532,0.8165356078731376,0.7323127585935938,5.018514734509784,6.495769661249569,9.137698649014625,7074,True,161.49628000000007,166.22779999999966,169.10474999999997,158.3853432,0.002080383,0.98686331,SV,SV,-0.0005588643484800704
H104,Hekla,H104_mesh.pat,fbd95b614503b2f6170d6613c69575464c401a229dbb8c07911e423e13f829a7,H104.msh,809bba618d5430c5e4317252fa9c640f2a07e2afc2edfb523309d8014f3f7951,6049165,32465,0,1,0,32465,183571,0.002207366787581513,161.54441966558184,1,0,0,0.28992660178540264,0.5480851200553223,0.8130284517397414,0.36760706100407553,4.999624110320255,6.499301347270571,8.781727232453038,7666,True,169.12452999999914,166.93440000000055,148.00426000000016,161.6289419,0.002210832,0.897705455,SV,SV,-0.0005229399724119288
H105,Hekla,H105_mesh.pat,cc600c47cd442f6f33749dced3b7eb0fec90015c420d714ba83bbe407f367d47,H105.msh,bf9b264ac7cfca4d4e255c0c00cb08adebe482f935b0e81357eab9cd5b30055a,4104229,22469,0,1,0,22469,124105,0.0015325498845659088,143.0447750633489,1,0,0,0.3665921682756561,0.5599102777167743,0.8153176826047333,1.69243107394137,5.017911495499127,6.537204716165167,8.95965298311474,7164,True,117.43392999999969,131.68064099999992,246.40033699999998,143.1586276,0.001536211,1.666323684,BSV;BSV,BSV,-0.0007952893832511299
H106,Hekla,H106_mesh.pat,f4c3a7d4eea1817491a831902aa75ffbd2cfef4978261f72fa557cf8a54cd299,H106.msh,8e4f9157b5b1d5e2ab137aef72b9c4b954b8e2098c31a6bfbb7a9ebafd6fc289,3924889,21733,0,1,0,21733,118436,0.0014004354226628253,138.81023463700217,1,0,0,0.1380731357443564,0.538811674546154,0.7971368186089264,0.5459876839829925,4.970349089700906,6.632164302149586,9.081029608730788,7946,True,160.46168299999988,226.96578500000004,157.6787680000001,138.9447381,0.001404509,1.385602987,BSV,BSV,-0.0009680356725781936
H107,Hekla,H107_mesh.pat,f73bc60e7184a32c06975d4e81d6213b069f9daa96ce7d6212caecf4535e61c9,H107.msh,3a3883ab94048fa921e90d3aa879bb1ef656e80b7c4b3eb246f06f2e06718014,4862021,26476,0,1,0,26476,147162,0.0017978179567059995,150.86286945133395,1,0,0,0.1561078756715232,0.5575903045336545,0.8141088564726235,0.4895576653102548,5.019996010854883,6.540387433604583,9.041590120421557,7756,True,176.11508300000003,163.8480599999998,134.19012999999995,150.9513153,0.00180098,0.880343859,SV,SV,-0.0005859230076284971
H108,Hekla,H108_mesh.pat,ba9482d7d7cc1bd5af2757d7573dc3f4def3e4758886fe9beac9a45f6b0a57a3,H108.msh,6ba71e204dfdd8efe7b1adb0af04e4f661df313b9cfb88003d468f4cf7819efb,4551921,24692,0,1,0,24692,137871,0.0017044995276538515,148.206102914496,1,0,0,0.37944858314498775,0.5541604899715823,0.8092924313362675,1.6220769709244842,5.026031778456588,6.58357457033477,8.669165450110969,7004,True,158.68718599999988,144.97485000000006,183.65098000000012,148.3026163,0.00170783,1.055464974,SV,SV,-0.0006507868027679775
H110,Hekla,H110_mesh.pat,bf51a92c70c66130915a23257dd1b244264ba3253ea3965ff78eb51e8bc478a5,H110.msh,78e101668ead58b9df89789247c1a032a047ff7b752ff1da58ddfbed87935625,1302407,7245,0,1,0,7245,39264,0.0019574960743284032,155.20323137651908,1,0,0,0.4036077196113469,0.5483204368891617,0.8084737895042579,2.112550835007775,8.034382177671548,10.49976612183848,14.383588183299244,2770,True,147.16737999999987,148.15574900000001,178.05442199999993,155.4298753,0.001966083,1.193736737,SV,SV,-0.0014581747752383523
H112,Hekla,H112_mesh.pat,e53dc5854ebfc047ac616c5abd63e7dc94a8d12f4369cb2eded1e47f479b553c,H112.msh,39d8625c1b67a3bc0e209536491657402914afe129af7ff741b9ac1292e6eb96,4119209,22506,0,1,0,22506,124603,0.0015653584151525993,144.058334675897,1,0,0,0.39525796869522956,0.5511822439723306,0.8119904594903382,0.4582929615429243,5.062913615206217,6.612702856355995,9.05562250965641,6932,True,153.76264999999967,173.79229999999984,155.54166000000032,144.162428,0.001568753,1.106655322,SV,SV,-0.0007220558473323146
H113,Hekla,H113_mesh.pat,ae2ed62cab3c3ab6ad3850894a9fdd5440601ed3370aa294fad19fe9dd1648bd,H113.msh,76d2f4dc9ace5f20af2f0cc96cc4971e78aa0714784a1bf2a31337f7d11dae1e,4445913,23982,0,1,0,23982,134795,0.0016722111675518939,147.2643073488659,1,0,0,0.40284682846067144,0.5518043029135296,0.8148536375426156,1.2003461427309794,5.047842891951019,6.556804870627396,8.95799947067045,6154,True,126.95977299999993,165.83320000000003,164.12570700000003,147.3600239,0.001675473,0.782365082,SV,SV,-0.0006495421797639844
H114,Hekla,H114_mesh.pat,f8b3bba54131630660b6bc3fe6b484f5ceeb9895a7834614bcbb9b17516b560b,H114.msh,11314a21272d62c6eabaa64603dffb54c2a21d9f42ea02fc2b73f2b61a97dc89,3011276,16697,0,1,0,16697,90843,0.0011296700440960176,129.2164077624754,1,0,0,0.09359988066559344,0.5367978120154063,0.7978548943707897,0.1982089956991502,5.060589101780684,6.69813295698976,9.144396971489291,6196,True,111.80335999999988,231.48334000000068,140.81928800000003,129.3508303,0.001133198,1.297362823,SD,SD,-0.00103920892670617
H115,Hekla,H115_mesh.pat,36723a4743c4d91a6b8f2bf462270c4ab63de95cea36978c72f1c1c68822f7c5,H115.msh,3e4e712629800fd9e4d161e37b170b35b6f57121a2d51ac55dff393f75691924,5109261,27502,0,1,0,27502,154966,0.0018598784091747133,152.57919181301625,1,0,0,0.39944926504281847,0.5570008518708344,0.8174619182033893,1.8360548810153356,4.983302433462135,6.456792680357527,8.644914488240902,6838,True,148.00457000000006,145.93699000000015,158.33523999999989,152.6635611,0.001862964,1.054475728,SV,SV,-0.0005526484930381548
H116,Hekla,H116_mesh.pat,6b0313a641222b627b4122707776e2108ceba7b70bbca94b2d28d92bba08ac0e,H116.msh,9c238cde7dc0a914cef6438efa21e5673a7a7f9b06e3900a8086b35894449d1b,3424193,18904,0,1,0,18904,103383,0.0012519541167691248,133.72007045911934,1,0,0,0.36510480067827983,0.5592924413222503,0.8134488621868041,0.7271059368488241,5.008987237656281,6.514391046169351,8.766184508359617,6570,True,191.4519029999999,119.76069000000098,176.9429299999997,133.8616441,0.001255934,0.733301645,PSD;BSV,BSV,-0.0010576116992474516
H117,Hekla,H117_mesh.pat,0613bd0e8b0b0aaaa474262924145614b604dce307ed2ad579497e14361aabc8,H117.msh,ef715d973af3095497bbdaeb2c20ac95a16534ba2d44f68dcf110e5126882691,4143877,22479,0,1,0,22479,125511,0.0015315712347293965,143.0143202516291,1,0,0,0.35931390280544157,0.5478831121577376,0.8056399759537642,0.5144051201147052,5.022528408998322,6.589895555637477,9.78471252918511,6356,True,157.50840000000062,163.69028999999955,153.98329000000058,143.110961,0.001534677,1.01597173,SV,SV,-0.0006752854407210407
H118,Hekla,H118_mesh.pat,175bc4ddf619abec31dc72bdf61ac88ac1f4a5467eb89956ae7f16d22393457f,H118.msh,703da6c0d07ef37abd22b66d68cf6658841957a5eae95a35af6d1b7d9d9a7210,4490097,24250,0,1,0,24250,136105,0.001684869186543839,147.63495244937133,1,0,0,0.38421229408759516,0.5726878884806987,0.8203886299272443,1.4410994632625416,5.033749180500333,6.501827093795495,8.79784346182047,6248,True,132.6201299999998,160.12083999999868,156.35237900000004,147.7299724,0.001688123,0.87147182,SV,SV,-0.0006432002191905095
H119,Hekla,H119_mesh.pat,9f3dab411c5485191c3c50c750e45f8f7d06963e500aa212c26f320cd3df22ab,H119.msh,23f53a712c63339dbe85d37259526f1c60031f0afc061759ef35ddbcee063c8f,4446249,24041,0,1,0,24041,134748,0.0016206856193476853,145.73595752709997,1,0,0,0.3670914159808037,0.5401811435752257,0.8010775521057933,0.4110110583670614,5.000693986443347,6.619466161528653,8.97739687149825,6456,True,139.6177026,146.2852200000002,148.9640389999999,145.8285793,0.001623776,0.971165195,SV,SV,-0.0006351414334874184
H120,Hekla,H120_mesh.pat,f10e65b7c182be4dfdab4688dd8ec15520bda3570c43d77380f47e160598829f,H120.msh,e54766e63ea204abb80e997ce9552134918db4ad8af1b70005f00a36ce8f9082,4041313,21951,0,1,0,21951,122376,0.0014961451943174319,141.90304230772395,1,0,0,0.373994417361118,0.5662105080275841,0.8185250840582652,1.7634155753902265,5.0101484624707995,6.488261964139701,8.917555317108445,6230,True,164.26663000000008,137.40174000000002,158.10348499999986,142.0042867,0.001499349,0.902419745,SV,SV,-0.0007129671549277461
H121,Hekla,H121_mesh.pat,a06be8908cccd10ce9bb9e7f8b33c412c2289028456ea7e44b72a5870ba14aa6,H121.msh,8ce9e2b0000074f7d5de0bf7da79f84cd45c0a696e4272e43cbada97ab2f460e,4385405,23648,0,1,0,23648,132968,0.001609444590568867,145.39823537434845,1,0,0,0.3810552152075982,0.5497873823415197,0.8128375389223719,1.8457443093506383,5.006280754342789,6.496466832993536,9.271057673625423,6080,True,158.58188999999948,136.2702500000005,143.30502100000012,145.490092,0.001612495,1.052487351,SV,SV,-0.0006313600080173343
H122,Hekla,H122_mesh.pat,2da1a1121d73cce369d3c9f4cdad9024db43607cf3dd2076696f2dc192b4d257,H122.msh,da144bae9cdab2a2abd11a8ee22e0139623edee5f0066000b22be11ad18e9035,3842121,21494,0,1,0,21494,115719,0.001296631994219718,135.29218280565945,1,0,0,0.07757598007919883,0.537622360442975,0.8021542013689894,0.011602525587011851,4.895008784169015,6.580083299317048,8.878089398902278,8590,True,161.1987999999999,156.7205700000004,116.19479000000047,,,,,,
H123,Hekla,H123_mesh.pat,0803b1d8954bf69ebec6362d6fa6272fc0c0442ab8d3137eb267f0a58c26929b,H123.msh,66917249e0dab0103ed0596dd04a567b983d0e08c9b00db0a556b25b86f7c0bd,3814261,20806,0,1,0,20806,115412,0.0013914235504388966,138.51184338924048,1,0,0,0.38260337133549654,0.5453766897425852,0.8072866591602627,0.6683238966993231,5.002054090897154,6.577601260881364,8.802420813129817,6298,True,148.1280012,150.14562999999998,146.36063999999988,138.606208,0.001394268,0.997591937,SV,SV,-0.000680810853432523
H124,Hekla,H124_mesh.pat,3e7cce9d6ef49a3fc41f7a1e710f2ec78ec6bd97829b252b8ca4ba00ce4d1fc3,H124.msh,30cedfe16b0dbdd2b34c15772ff02b8463f0fda572485595e5f2e27c9200990a,4274777,23144,0,1,0,23144,129521,0.0015680202168720503,144.13994273378694,1,0,0,0.39087796945229547,0.5480276310637318,0.8075405120850202,0.5239485999597661,5.018937651675592,6.563746920414252,9.158022065604872,6294,True,142.4629299999997,141.02954000000045,155.14561000000003,144.2335178,0.001571075,1.077752563,SV,SV,-0.0006487747622074824
H125,Hekla,H125_mesh.pat,287c63a88922e8dd7d56a63ff5103961910b9e13a15b3468ad1a10a529c45c2a,H125.msh,39c2a321c4e5dc458a7d414371bfb57d2be07ab5272c594ff21002c03864de15,4048873,21975,0,1,0,21975,122622,0.0014927416689805653,141.7953572835906,1,0,0,0.375538714611797,0.5686810253475654,0.817123382244799,1.916307598116364,4.997413221227133,6.481505212012269,8.680363219255359,6162,True,160.24686999999994,127.67624999999998,143.80151000000023,141.8886169,0.001495688,0.98905988,SV,SV,-0.0006572734194394414
H126,Hekla,H126_mesh.pat,81642ce499fe0c1fa1e260eca62cea838404b65dc21281e962a3b84a9c86a591,H126.msh,f398f40bb3091f252c9a3c06383eb65520b3f2cc6ab83154fbf631cb111e02bc,2753984,15454,0,1,0,15454,82897,0.001021778655997532,124.96433086103858,1,0,0,0.4095611947492117,0.5504237638286561,0.8051150552042551,0.5511365923254727,5.046573593112439,6.654663569618009,9.177872792439404,6402,True,194.15741000000025,204.45694000000003,94.2639200000001,125.0951243,0.001024989,0.512681172,SV,SV,-0.0010455518525865903
H127,Hekla,H127_mesh.pat,16c1449de16a5e0113eb46d3d0c581fee9862cd1cce9f124618dd4c31cefe60a,H127.msh,17994632ebe66fdddab36f3bd1837fb1b55fc161aa00cac6db6dee6d68f18888,4037085,21878,0,1,0,21878,122298,0.0014875031024891576,141.62929259799068,1,0,0,0.38042374218695074,0.5603255943480226,0.8165691571351645,1.8677134517039033,5.000637455701366,6.482563604536829,8.893260856013718,6040,True,149.32956000000013,140.5967999999998,153.77218000000002,141.7225953,0.001490444,0.96918322,SV,SV,-0.0006583473990989797
H128,Hekla,H128_mesh.pat,d3b2bcd921a0278739ae0a1303404849d42a1201568821eb1989ecbf5d19b3aa,H128.msh,43e46c46b7f1ff1672c78f078b998a136bfc9a7d6a27ba8f9625bfd743f2b5e6,3664881,19961,0,1,0,19961,110922,0.0012179626930861264,132.4987520428152,1,0,0,0.4158091199582231,0.5527263781113093,0.8113161983813011,0.3124343609466168,4.848725385798041,6.4863067612754435,8.51587959898586,5876,True,157.23063000000002,140.985613,115.61618999999973,132.6019023,0.001220808,0.915451966,SV,SV,-0.000777894248843003
H129,Hekla,H129_mesh.pat,736c50c8b12ff8cab60d845849c26203a5609641829e864e53485b8a3293f5bc,H129.msh,f108f5cfffe40c607149caf1a2a1a041aae7da481729a2cb8d74ef687356f37b,2909664,16092,0,1,0,16092,87819,0.0010765107558199515,127.1568957426879,1,0,0,0.4058037557998049,0.5529197583801873,0.8138756216044817,1.7874367533160052,5.025663371077681,6.517333748929917,8.782894548946013,5786,True,132.15908000000036,185.1442446,187.82929400000003,127.3048103,0.001080271,0.722693288,PSD;BSV,BSV,-0.0011618929164070035
H130,Hekla,H130_mesh.pat,36f4a56b2be3639dbde15a9b839500b22afdfd51e50505354162f241b8365d04,H130.msh,8e7b5ed5bb083277ec9401dcd849d785b1582acc1c6272ef014e4919d9df15ac,3001700,16990,0,1,0,16990,90208,0.0010500958315251866,126.10823209999192,1,0,0,0.16060174331291177,0.5392202336406702,0.7986269386345951,0.31651784151908396,4.950885457147833,6.675801768400563,9.066280510975403,7548,True,151.86383000000023,129.52840000000015,147.08046999999965,126.2076443,0.00105258,0.910384009,SV,SV,-0.0007876876282689738
H131,Hekla,H131_mesh.pat,e2182d35e12c1943726c633dd1ee3fdec2b753a37fe9374f8668a3276a9504ea,H131.msh,1d857fc9a0cc55c892b39af9e6e33a89ff295228192176e0d227b37a275deef2,4189489,22648,0,1,0,22648,126971,0.00152292419533973,142.74466577762573,1,0,0,0.4249218407528423,0.5643359616075349,0.8146607319543204,1.9305581994077214,4.9822155654188185,6.462435226121564,9.222671174995947,6050,True,134.13554,153.79241000000002,146.91812000000004,142.8340969,0.001525787,0.958318155,SV,SV,-0.0006261188631793146
H132,Hekla,H132_mesh.pat,9aecff256862b73cb9bd19a7d33fa5aee80fff4bf1f89c868a382bbf54a10cf2,H132.msh,de7afa6c23d2758cc8dd449fed6e46e2d6134bb7a4cd887d981047a6f7e039b0,3256220,17756,0,1,0,17756,98532,0.0012370366329951617,133.18683935274842,1,0,0,0.4136528178516966,0.5738717927446366,0.81863552265216,1.8884805483151466,5.057459605124908,6.532904624632387,8.842063759609486,5256,True,136.21079300000002,131.28557999999975,153.60948000000008,133.2946082,0.001240041,1.087186272,SV,SV,-0.0008085011742551274
H133,Hekla,H133_mesh.pat,769497d5eb1a5d30d9eef9f6d73632791d4a70475dd78c673cdb94e9d361c46d,H133.msh,7c29d54faa44ad7916691dfcb34819091fef10f125c5b3992bedbc9c7575efe6,3223292,17684,0,1,0,17684,97428,0.0012068427566759433,132.0942830218715,1,0,0,0.40950839514785586,0.5583886625880603,0.8117603649830389,0.5112181501455426,5.034373131424125,6.581483196588755,8.768848508226693,5746,True,137.750289,145.3485599999999,157.2221380000001,132.2041311,0.001209855,1.023296719,SV,SV,-0.0008308974705596439
H134,Hekla,H134_mesh.pat,2ec302262c56e9af73ce3ebe28a288cf7d3eff3a3c1a5a31651dfda38f159ad3,H134.msh,2cc003736b6b5e52d4e90dcbb8adfd3337f4fbefed73c366f37e7df3e399b7dc,3620697,19608,0,1,0,19608,109697,0.0013245415733055736,136.25600684420536,1,0,0,0.38135391157316345,0.5580052103528323,0.8133895054983747,0.48680258970249335,5.011296519053125,6.500186427419543,8.659202691975311,5340,True,125.42992000000004,134.34663999999975,146.784308,136.3571484,0.001327492,1.019335258,SV,SV,-0.0007417400332980773
H135,Hekla,H135_mesh.pat,a07e84354b1f6a7e880a87b95fbe9df9b4072daa90e72894dce66efb55fc5d09,H135.msh,e6a723a0a17738c53044992dcc529096944cf2cb452201db0130bc3b5346169c,3886613,21090,0,1,0,21090,117712,0.0014191947246748576,139.42729077019723,1,0,0,0.32253366958643276,0.5489072210691804,0.8065936211180327,0.5010978121127627,4.992453253972096,6.559096030643899,8.984014530799985,5972,True,142.1946200000002,135.66081000000008,148.4474610000001,139.5201561,0.001422031,0.995994177,SV,SV,-0.0006656051168421051
H136,Hekla,H136_mesh.pat,829b65535dc03f65f8b6176b940ce20154dbb50e8b3b78b039199ef564f1f08f,H136.msh,99d331e05302f9f4ecc0a2a423dbfcbf542cab6e9835ffadc5effe7e1df2fa80,3307125,18060,0,1,0,18060,100046,0.0012214698181956544,132.625806943647,1,0,0,0.41990194152795324,0.5558850318043826,0.8137575320830901,0.4686084683402357,5.030912918924514,6.534950963495083,8.681528078149551,5520,True,152.51377000000002,138.08853,136.1956499999999,132.7359601,0.001224515,1.087312659,SV,SV,-0.0008298667239081681
H137,Hekla,H137_mesh.pat,4a0ffe35771549219d76318c8e1b2b87eec2e7ac7b8c21ae011a6541e4b41ff3,H137.msh,599594f5654c0b70ae641dd54ec3ca12241555f4a9e2db665954cfdeefe4f3f4,3845257,20791,0,1,0,20791,116534,0.0014245612017038272,139.60281101530083,1,0,0,0.36808213375159793,0.5526621391632904,0.8122895987082868,2.015794622028728,5.020769938127774,6.536423148777995,8.902031798533487,5556,True,136.92926999999963,160.9327800000001,128.15313999999944,139.7041158,0.001427664,1.101549308,SV,SV,-0.0007251381544420843
H138,Hekla,H138_mesh.pat,302cf82a601cda26b97778a6c855b2e8d877706c05682e31857eced3a7cad62f,H138.msh,54d7b6dc2dcc3a99a06b6b81eea5a9217c429ee283927643e73d729363ef3a45,3447097,18732,0,1,0,18732,104373,0.001291265859312637,135.1052883660452,1,0,0,0.3946826721118865,0.5616798975322116,0.8153675054641464,0.8886973785267529,5.041618951345217,6.544439378132433,8.560649000356285,5320,True,137.72146999999995,155.09699999999884,127.7872899999993,135.212028,0.001294328,1.045252802,SV,SV,-0.0007894241032669891
H139,Hekla,H139_mesh.pat,0834dcdf4dd3be2e7ba835ad59bdd2f2fc815c79fa860883932aba12b9889dc2,H139.msh,81d97ef7556c25d367c5138c69274fb1c80489130420b7ff6e3e63cea803a01a,2622804,14519,0,1,0,14519,79147,0.00098296988925962,123.36175259283337,1,0,0,0.1614009537937164,0.5550089785292691,0.8096057044562821,0.4569145019585825,5.0510612237508195,6.612273262987867,9.216834901699986,5214,True,123.13491000000022,148.47979999999916,134.81843999999955,123.4763761,0.000985712,1.008532454,SV,SV,-0.0009283031360897143
H140,Hekla,H140_mesh.pat,05eaf9faba9cb3e2f5432c89b2a6f4d79944aaf4d8c5d2495f0a20a1ce13d4ca,H140.msh,65a33633400fd59f4ea88498c5c3bdbecbf8724c51907fb2b430f1f500cc3cfa,2530068,14098,0,1,0,14098,76256,0.0009337337408138213,121.26667691877023,1,0,0,0.36018520520346986,0.5490015581151725,0.8026812274556381,0.38618084649572826,5.033264822481728,6.650846997221933,9.010342907004173,5454,True,177.32615999999962,121.54031999999961,122.15643,121.3834306,0.000936432,1.444944425,SV,SV,-0.0009618584732088431
H141,Hekla,H141_mesh.pat,f5722a61d3be610eb0aa86590c89115473ed27ead9bd53b1253ed1b184499478,H141.msh,ead968221349c966a88c59bdc87ce8ad476129f03b7cd4221e4b8d6428800d9a,3279180,17886,0,1,0,17886,99222,0.0012249952411531827,132.7532798590581,1,0,0,0.4226063791283495,0.5688106146139792,0.8179345206326367,0.7821199387995745,5.037052670567352,6.526863272885996,8.600521343698379,5322,True,144.40902999999992,150.03459900000007,116.86743000000024,132.8636465,0.001228052,0.840197618,SV,SV,-0.0008306759888747628
H142,Hekla,H142_mesh.pat,1baf3b9a6a8e06c6901cfcffd73433ee093f5d19e62bda0eeaef3cf1e2685580,H142.msh,e497bb670629680ad099b1b4bdf165a9b2923f46a9d110f5d119a7271a5f8e95,3528297,19112,0,1,0,19112,106893,0.001308650898484074,135.70892025628788,1,0,0,0.3566489762419121,0.5582177935769136,0.8148516490113419,1.5110637959538609,5.020688428427745,6.516587633128931,8.635203764804508,5208,True,134.48969999999917,142.80358200000006,146.51264199999991,135.809704,0.001311568,0.966140498,SV,SV,-0.0007420953050021328
H143,Hekla,H143_mesh.pat,e26474d14278fb7940c0bc96f7528cf136a98d6efc6350a4e82459c2d6c9617a,H143.msh,f354388fd9fe3ead511debaabe9618a09763ad076c5ccce3135d327e532f8102,2880992,15747,0,1,0,15747,87140,0.0010784719807790276,127.23406852346376,1,0,0,0.3704910529266427,0.5641374610539954,0.8138780727163795,1.2038352178344462,5.04364040090563,6.554834907516021,8.929791256317461,4840,True,123.29159999999956,119.5315700000001,157.33651999999984,127.3489907,0.001081396,1.23567506,SV,SV,-0.0009024192174947876
H144,Hekla,H144_mesh.pat,f42843ff71b1c02581193f36e19149dd428bf10845ec83e874a721478ba6ffa8,H144.msh,7c454e273c8dcc4b96c8785ed95d70e4c4ba45682c03bcce2590d89d9dd72ab6,2194824,12729,0,1,0,12729,65652,0.0007365245181114958,112.04595831751385,1,0,0,0.022431774019381453,0.5250611269040016,0.789025540961036,0.06540589958087371,4.9031836511694165,6.668760006152415,9.014693145271174,6964,True,107.03593999999998,147.9966499999996,147.65215999999964,112.1576719,0.000738729,0.728652476,SV,SV,-0.0009960404900857256
H145,Hekla,H145_mesh.pat,8cefb6fd428a854dabd80607a281b89d5d3c65a582a30b50fe200650b21a73e0,H145.msh,961968fefb1b352f82d1180a3e8944a1bb8c963e56aacc7aa1213ebd6e4836cc,3691257,20013,0,1,0,20013,111812,0.0013438740001342352,136.9157184947029,1,0,0,0.3857049505120272,0.557371724595804,0.8156467250358256,1.8659228689844585,4.985883285178627,6.466237209472656,8.812483428071188,5594,True,139.79394999999977,143.97839999999997,134.6120831,137.0093035,0.00134663,0.990375692,SV,SV,-0.0006830558429711253
H146,Hekla,H146_mesh.pat,91b3888c06a21c45a0b989d0df40b0ec2cfae5e3d24cc7c5fcb9b57c9d71eb05,H146.msh,bf73a58940749c7180b3849a0c74f1913ea06bcd2464063bb7496ab7c930d2ba,3343301,18173,0,1,0,18173,101225,0.001237816679300667,133.21482830354404,1,0,0,0.42173801152119944,0.5613704369884935,0.8129637063020588,0.9048661713034977,5.022135466497524,6.529698355753427,8.809849895615615,5242,True,145.39223999999922,146.50969199999997,110.0919100000001,133.3194997,0.001240736,0.762189515,SV,SV,-0.000785116931067753
H147,Hekla,H147_mesh.pat,1781de05fde112bf6ac2a17280c5a8105ae0b25cbf6c2ab70f6c2d8f64384d4f,H147.msh,60d59e896dc2ee7a113c0d9ae1b5a89ded4eef8ff3c5db9c13449226b517c399,3688093,19974,0,1,0,19974,111738,0.0013415282766591026,136.83601026287607,1,0,0,0.33356159823073,0.5583032131886784,0.8171179519281007,1.9027472761771713,4.9876540835796455,6.448398123319203,9.351652580859211,5502,True,140.64723999999978,154.63428000000022,121.02196000000004,136.9311793,0.001344328,0.946493479,SV,SV,-0.0006950136383140348
H148,Hekla,H148_mesh.pat,8616ba7a4d8040aca39e62b61cdac7090f82cbfe5c3c88f22eb102a9a7bd93f1,H148.msh,7ba220b2571ae8541dfcee8f6b0d081e1b902154993c9e2197f41e31a375997f,2117880,11954,0,1,0,11954,63679,0.0008059856448473547,115.46301529448992,1,0,0,0.14795089536765232,0.5445366984317205,0.798570269774962,1.032772407890811,5.093756038384703,6.7245313818020085,10.074557925877976,5278,True,160.71516100000008,201.03866000000016,115.4758768,115.6117229,0.000809103,0.898935452,SV;BSV,BSV,-0.001286267532218277
H149,Hekla,H149_mesh.pat,827dc5e82d7ca16d34712b54c462e965adcd62f670e2c3314ee8d365f80a03d3,H149.msh,d80d212173b2f10f4ba12f204f52c0c140b97dd41fc827b34fd0fafc700b2a9e,3598437,19515,0,1,0,19515,108995,0.001309468867618555,135.73718921333577,1,0,0,0.39194307705129083,0.5637108137153334,0.8175412777605146,1.9816896428296151,4.987379153294766,6.440053674492134,8.619710310142452,5450,True,130.35614999999962,140.04653999999937,139.05371899999994,135.8323026,0.001312222,0.943656203,SV,SV,-0.0007002265649895811
H150,Hekla,H150_mesh.pat,60e4c6c0add13aad3e0e435106fc92004c3d71292aa1ab3f1b4b9039daefbda6,H150.msh,3a9bb5c57419a764f6ecd9cf73da6e318a42bff53396fcfeaadd71d3340f948e,2665896,14628,0,1,0,14628,80577,0.0009977887964324056,123.97858261227265,1,0,0,0.049462397348427695,0.5329878589764634,0.8018483378629848,0.42051179575648173,5.061531619720826,6.647574580102591,8.810446420728072,4842,True,157.6762349999999,131.58321399999988,155.5933,124.1055829,0.001000857,0.858815168,SV;SD;BSV,SD,-0.001023324533511838
H151,Hekla,H151_mesh.pat,2a9a31350dd3c1c1a75bfe35f22e3c545283e701e7337bcd72a5af8d0173f1d9,H151.msh,4872c10c8fab280d132575a88dd929c4353304902c564824f0e7498f41a2e779,3024100,16647,0,1,0,16647,91351,0.001115809780342168,128.6857665347747,1,0,0,0.4421738118173955,0.5601919437429997,0.8128523189653152,0.490217183500797,5.010983796646194,6.548348482689642,8.497401142437715,5630,True,146.84252000000106,144.0524300000002,115.62142999999992,128.7933865,0.001118611,0.818078754,SV,SV,-0.0008356016419003298
H152,Hekla,H152_mesh.pat,8a98c018438e5e6f418517e96ddba626510a3e30df06ee614cb697f36bab4530,H152.msh,1ba458d8c386cc7621597b19fca6036e81a97e5023a79825e01a172618ab642f,3051820,16720,0,1,0,16720,92268,0.0011335765023419108,129.3651821086701,1,0,0,0.3690428119699674,0.5607485751407785,0.8141528401739799,1.0541416562320067,5.030265758748191,6.540572140804751,9.236691056245617,5310,True,116.70347999999967,147.571128,150.3676170000001,129.4753407,0.001136474,0.806877654,SV,SV,-0.0008508075030684292
H153,Hekla,H153_mesh.pat,eb556a7c6ff8b9bb5ec4c9dea3575508a8da5ffba52bde4ddf84987ab1dfb6ab,H153.msh,9d87e769d70c2f419e39191ced1efe82c990ef8657e9240154e91182843ff251,3040172,16653,0,1,0,16653,91919,0.0011014307354407463,128.1305989676642,1,0,0,0.2514898216850608,0.5335028331964523,0.7969053535790519,0.4189778138515455,5.007659246614239,6.669512540246286,8.962251452759851,5352,True,127.50916999999981,150.51051000000007,133.69194999999968,128.2421561,0.001104309,1.074515569,SV,SV,-0.0008698943914260404
H154,Hekla,H154_mesh.pat,1dff4b5de9c000a5950e6cc85d688289336d133c18fdfaee6b81d631d8632cc0,H154.msh,fce11f5158efa7d51f7b0e5ac0b1d4f52c225b81e369a9f2e6dc879314e72544,2027272,11388,0,1,0,11388,61009,0.00077431670743072,113.93049980650163,1,0,0,0.33310123812402875,0.5604986276944454,0.8126120350388024,1.6446625059385664,5.085702934885246,6.606225456720135,8.801232129625497,4730,True,202.04961000000003,111.04965800000002,143.1538599999999,114.1093702,0.000777969,1.095108156,SD;BSV,SD,-0.0015675346659512757
H155,Hekla,H155_mesh.pat,6d6b7a2d7d157b15712d7d11e0ad87c4a29c0aec61d2b65edea704d1110f0e73,H155.msh,d617ddfd7f4a4e87a1a6cc0f74c719fffb996e4c98ce4b7eea6c8754bd380a95,3100344,16807,0,1,0,16807,93914,0.0011429443097506365,129.72056029533266,1,0,0,0.3682300410298329,0.5510144129803725,0.8141403722633689,1.0136047654781764,5.025500797612118,6.513713630113436,8.52152549401214,4626,True,138.72497999999996,128.34490000000005,121.45305000000008,129.8314429,0.001145877,1.020285384,SV,SV,-0.0008540504687508665
H156,Hekla,H156_mesh.pat,830e586e1a4f04c5538de8d09c819ee8889edcf0b080f6efcd7d56d92f15fa2f,H156.msh,c7ff6c5efaf71e6a74953bafe769f406a649aec374378a27f7a5adee1434831b,3272684,17882,0,1,0,17882,98994,0.001191433306418382,131.5296622059814,1,0,0,0.40276448516835595,0.5668082933842953,0.8153697366009516,0.685323790207515,4.9898904476100725,6.48187908435357,9.005775469258705,5466,True,124.69938000000002,128.1805060000001,138.26452999999992,131.6276279,0.001194096,1.0487138,SV,SV,-0.0007442639177014376
H157,Hekla,H157_mesh.pat,3589dc0ec025178584c4de7b3207d1c5e2389e1040aa7166ccd73264f54d768a,H157.msh,f958c14c8517ebd34d22178aca2ef03b407bd3da766d19aaad0bef13bfb9ffd8,3249220,17660,0,1,0,17660,98378,0.0011851507069725682,131.29806302403745,1,0,0,0.3832763214205068,0.5544433484260831,0.8131593978307957,1.9222041510063554,4.99507440309182,6.488047191059652,8.827278261360231,5102,True,122.18152999999984,119.9670232,149.168698,131.4004791,0.001187925,1.201309847,SV,SV,-0.0007794193496404311
H158,Hekla,H158_mesh.pat,768b94b8092fea9807e29ec14d7dea4e2f0df58d08acb8117c68d6cd7af55794,H158.msh,ad356e88af2ffc89128022cffd0cd1d4ab32f2a54ff6f339b5faf7e1e9aa2912,2760844,15109,0,1,0,15109,83487,0.0010225396704563116,124.99534738369474,1,0,0,0.3789287303550618,0.5478906296405075,0.8094653966298919,1.1335195152267725,5.032263705434239,6.575812382209971,8.570983303704717,4742,True,145.25029999999992,143.98322000000007,99.56969000000004,125.1019003,0.001025156,0.69757636,SV,SV,-0.0008517289989180554
H159,Hekla,H159_mesh.pat,669d1c65daa99fcd13865a87cfda445fb8a11831413acd447d4f703029ab2f67,H159.msh,92ea48623c51e29662b3274e0b5b478837ce3ee8d7d220cb861af752bbcb6495,2831152,15466,0,1,0,15466,85641,0.0010431984919626732,125.83151999919794,1,0,0,0.3793149190319269,0.5529365466985935,0.8139728962424772,1.2425679980182267,5.003422783484767,6.526957410938474,8.743131621244203,4768,True,129.12297999999987,120.7147500000001,133.96819300000004,125.9359217,0.001045796,0.970166625,SV,SV,-0.0008290065248480749
H160,Hekla,H160_mesh.pat,64226f92b1e8b0e9bd06a649b1b72b3ed4f3d5fcda273f4cfca62c33c14a2ded,H160.msh,ced0cb13d4c5ad3797ae8b4c4d550bc484eb907ac2d253aad20018c6245bfd94,2980336,16224,0,1,0,16224,90211,0.0011156390368110072,128.6792022788063,1,0,0,0.42220092157427197,0.5651709909943875,0.8156947863350669,1.8075716521618554,5.041471210285381,6.519720938043179,8.740043193085196,4760,True,126.85595999999987,131.46107999999958,139.21342000000004,128.7883335,0.001118479,1.021366387,SV,SV,-0.0008473688433410231
H161,Hekla,H161_mesh.pat,6c97cd83b68e2da2822f73b57dad4546fc6d01082c107057162c41b9a12270ca,H161.msh,b030d3f30d24b820a08272738783dc27793fed70e02a19be30672c1da3aedafe,2911904,15905,0,1,0,15905,88086,0.0010704846144828162,126.91918339385795,1,0,0,0.3414369298508255,0.5663636478326289,0.8126539442601584,0.8627103661136885,5.020235420665025,6.52334911507678,8.656568769575998,4838,True,108.65941000000021,145.6842399999996,137.72371999999996,127.0275636,0.001073228,0.830586433,SV,SV,-0.0008532022741404299
H162,Hekla,H162_mesh.pat,a53f2c53a865f45d89c2f7b940e5b40fff891eb9df8568a037f7fd96821126e7,H162.msh,491871ecb5cc9e7bfaf9663e7e944630a51cc3dbbc7134e1fbd043263d91c0f9,2802928,15266,0,1,0,15266,84833,0.0010646486492713158,126.68812105105175,1,0,0,0.3642435154250551,0.5631796188226964,0.8141909485305577,1.9218277014595961,5.079460259822831,6.566628280546843,9.177466197556697,4460,True,122.49477000000002,136.57816999999977,129.35555999999997,126.8041338,0.001067575,0.999251085,SV,SV,-0.0009148972156635127
H163,Hekla,H163_mesh.pat,24a516dbc55d877aea0ef6a96bd2f8315b361ee3dd2cd43bc03add38140db76a,H163.msh,d26f1431ababc367ef386ef6ed592bc2a7d600d30b67301d8efb403e0823af8d,2961352,16159,0,1,0,16159,89598,0.001086579482927411,127.55210376907532,1,0,0,0.0697668773832062,0.5390661199152819,0.8011628022859807,0.06347564645575583,5.008256381913167,6.634468638580692,9.100256339813553,4936,True,126.2177900000006,133.60903300000007,132.576503,127.658297,0.001089295,0.961013779,SV,SV,-0.0008318552998141104
H164,Hekla,H164_mesh.pat,f395cfb4d3b901daec4f039b4619106b3e8b4d58b8d4f466b92d1f8d4c65cbbf,H164.msh,2c73d0f6f226ea867bd6e8acbfee1b3240034295b067657651bd037f6f67bae5,3060528,16661,0,1,0,16661,92638,0.0011176369243809875,128.75596942275646,1,0,0,0.4019788933944631,0.551915340909958,0.8139448293918683,2.05992484464839,4.993189821006488,6.483637436944373,8.631593435710695,4938,True,118.10226999999986,129.14606000000003,138.12102000000004,128.8574444,0.001120281,0.974432646,SV,SV,-0.000787497980547669
H165,Hekla,H165_mesh.pat,f290639d254cc876ee22bd4c8574711434fd21ff6b6c88f94c83ac93957a8cf0,H165.msh,a4f2a0abc8be0ae6182faa62e40bb13a840e5894b3a2b9e72110ea1f4205d106,3282652,17853,0,1,0,17853,99379,0.001196808209074045,131.72715505872236,1,0,0,0.4277309649963194,0.5561414858849137,0.8146290838243878,1.8890870821908152,4.989596409654961,6.483019127467985,8.719599732722639,5198,True,119.46518000000015,130.24584000000004,138.91136000000006,131.8236011,0.001199438,0.97806486,SV,SV,-0.000731629544883039
H166,Hekla,H166_mesh.pat,a92ec3f4e3737de2c162e42adeea65401b0787e83472af30fdfbe0b6a66142b0,H166.msh,c33e09b3852ca42d893db6936a0844023c9f1f43e3f1c3c840daa5c9fc92cd05,1810692,11635,0,1,0,11635,53027,0.0002566605538870833,78.84730158904662,1,0,0,0.03912729684124757,0.516835631787301,0.7804377981010016,0.10444383658200146,3.089539930201722,5.792381802282055,8.95727609114506,10282,True,171.22389999999996,117.61761999999976,224.91974000000005,78.882,0.000257,0.902285994,PSD?,BSV,-0.00043987742391649043
H167,Hekla,H167_mesh.pat,e2b7b19dfd0356c0dc45776fd5c3e0e54ccd01f296cee2309835e69bd43d159e,H167.msh,668210319a27a7cb187f8d222ed520d65ca7bec1c84647f64ea5e8254b60001c,2460516,13577,0,1,0,13577,74293,0.0009091098629862532,120.19117541234777,1,0,0,0.34590015063037843,0.5613505060158733,0.8161572456795678,2.126412544263478,5.019996687699731,6.508809186146519,8.899735392086088,4702,True,121.65212999999994,187.4019599999997,118.55974680000003,120.3332604,0.000912337,1.504180356,PSD;BSV,BSV,-0.0011807623858932637
H168,Hekla,H168_mesh.pat,b7ab4d0e46e713f7c1c41ae4bb830ecd8b4fb7a829f946b7ee63e2c25a444418,H168.msh,0a606f0698a329429bd7b87f5438a367947a13aacb4436ad6ecf56d1025a6bb3,2844144,15561,0,1,0,15561,86010,0.0010543888117671948,126.2798494738528,1,0,0,0.388122940338326,0.5698476739176033,0.8192305445815093,0.8382960161482451,5.01112043309643,6.48541724200502,8.50887815613215,4826,True,137.40537399999994,135.1841280000001,118.63063999999986,126.3880752,0.001057101,0.890978482,SV,SV,-0.000856296972447268
H169,Hekla,H169_mesh.pat,65d6eb34c3fc2482cc19ddcf996cacc9edb8c1c77bb95044f7b9e5d58a1c3563,H169.msh,38c13d1d579ef96331128b306beddb968b00d03b961959c2967f7fde375ae9c7,1963264,11068,0,1,0,11068,59043,0.0007248330622871502,111.44992764266767,1,0,0,0.34359983489910817,0.5467645104124185,0.8112636724130674,0.35708606357573847,5.036736671556056,6.573222605559171,8.792252353276368,4756,True,117.58589000000075,165.1154000000006,134.09910999999988,111.6091819,0.000727944,1.082013402,PSD,BSV,-0.0014268920766304927
H170,Hekla,H170_mesh.pat,84fb0346f7474182ee6137753a4811b5508dea0fa66bb1ba4e3b5c7b5b982f4d,H170.msh,edf3b7f630bd2d9c4b93c53354a44c12f014eff8f3f356edc3672d6c9709d7e1,2778148,15168,0,1,0,15168,84046,0.0010131888223892742,124.61316382885968,1,0,0,0.40334674790664476,0.558055127112222,0.8144602427420866,0.9951394940887885,4.993636248086419,6.474539382617514,8.741567380939196,4654,True,117.01918999999998,120.79169999999976,138.34683700000005,124.7189628,0.001015771,1.108699459,SV,SV,-0.0008482989977232069
H171,Hekla,H171_mesh.pat,098f472092ddd8575b90f7ef72fb409dd07dc386255a70317eea3b326078fcce,H171.msh,d13471760435dcc2b63949877ba973b8e6582c661d9999ba8a1f9b87090b698e,2874076,15846,0,1,0,15846,86794,0.001002889837580877,124.18949738299399,1,0,0,0.25179511956264117,0.5421177373527175,0.8002895430584769,0.2436078910873718,4.939695041295157,6.577221122396185,9.261418956671438,5454,True,134.5238400000003,114.98547000000053,130.86721999999986,124.2951013,0.00100545,0.904069552,SV,SV,-0.0008496225185183892
H172,Hekla,H172_mesh.pat,2db9af580c05a2f9049eb0b7340216a37100ac3a53dfe89a7d9b85d3d46ba5e1,H172.msh,61d1d03f177a52e003511c066723021dc30c8d76d71248344ab519c465db3335,2774900,15093,0,1,0,15093,84005,0.0010271783049997565,125.18407133964917,1,0,0,0.3967955639763181,0.5605020578547951,0.8160067854915846,1.7369035453417125,5.028581361953695,6.5115337217332,8.70282593524915,4348,True,126.85597000000007,135.9417000000003,113.59989130000002,125.2976756,0.001029976,0.959550871,SV,SV,-0.0009066749227935045
H173,Hekla,H173_mesh.pat,4e7251be021c0af284a8d3e36047ff9e7e2e8fb0798ff9036696f75e80273506,H173.msh,45f2b8b3dabb315002a0264d1c13612114d4eef0b01f722ee5bd6287ef9a69f9,1899760,10690,0,1,0,10690,57153,0.0006930629999348947,109.79722499339914,1,0,0,0.4054073550701509,0.5507134029834134,0.8104927866870676,0.7066431825188842,5.006170947749171,6.553846743039521,8.693779390793907,4516,True,135.84879,151.25734999999986,118.92904000000021,109.9489665,0.00069594,0.976351926,PSD,BSV,-0.0013801085306323069
H174,Hekla,H174_mesh.pat,29c8857966720a4ee71a13442a84f1dad15c78e07ecbeaa054fa99613e692891,H174.msh,07034e893be81eb53851cc6491f2ab47ec17d5aff52116293c7063990db5b5a5,2963872,16210,0,1,0,16210,89637,0.0010733299413706657,127.0315334691077,1,0,0,0.3984136223882755,0.5557519905156224,0.8120159834695042,0.3732916180414427,4.994494368341685,6.491443937546385,8.648351636358507,5048,True,110.32339000000002,131.01449000000048,122.74195000000009,127.1378821,0.001076027,0.960543702,SV,SV,-0.000836482637084135
H175,Hekla,H175_mesh.pat,001ed8d5538343d3cc6f9fc1d84213dcb19cdb4ee8eb6e17c43ecda8cb5ac8b9,H175.msh,05dd6d789f1a808d02837cbdb9f9150a2db227834db7ba6bef95d06222d0b79b,2925820,15900,0,1,0,15900,88588,0.0010682391926731146,126.83038043747032,1,0,0,0.3654550855517224,0.5537819789104893,0.813271869511644,1.9957957455020845,5.00091637206852,6.489689520356368,8.616173293250984,4588,True,122.03614000000016,122.97681,136.8726499999998,126.9380222,0.00107096,1.104014455,SV,SV,-0.0008479867628635729
H176,Hekla,H176_mesh.pat,cbe58ab611ce14ba8a031900a4393f050625fc07325f516674b715c58e8a14f5,H176.msh,e7233eaf9cf94ce319aa47b52d7dd5560b58c106752140f3a386013c20c42a7c,2785484,15209,0,1,0,15209,84267,0.00102347047641291,125.03326315106173,1,0,0,0.3950148532840059,0.5571424012205589,0.8149976102847776,2.1461507985246597,4.996996955606449,6.50622490951509,9.04365698810417,4672,True,126.29997999999978,108.99290000000019,130.51293299999998,125.137719,0.001026037,0.891993092,SV,SV,-0.000834727129222057
H177,Hekla,H177_mesh.pat,fda6b6e018891c6749e93d7712457d7a7bcfe00bdd63ebbfdd4d76aab4d60761,H177.msh,a37b7dd3a6de685dc227fcf5f9e51bb886cf832c05e5b898f2220283609b75e0,2220612,12262,0,1,0,12262,67040,0.0008431068098010374,117.20909831276737,1,0,0,0.43303394585532007,0.5745862432528376,0.8177091937684778,1.3831853892011658,5.061006881591869,6.557339134755728,8.836894975527033,4242,True,159.02365999999984,107.81912000000102,117.22116399999999,117.339887,0.000845932,1.243885238,SV;SD,SV,-0.0011146140547471095
H178,Hekla,H178_mesh.pat,3bd253a5e3825529bc302d47e5e560e441fa4e6cf580243a5feaee8cffaa9022,H178.msh,b2e51316885aad8813901a5761e4b214856032b17652310966a35a56ddac3b8b,2740124,14954,0,1,0,14954,82902,0.0010056974448321722,124.30527961259197,1,0,0,0.2793992219466051,0.567693239367647,0.8150421414245114,1.5352644259231056,5.002688890382154,6.482120492852551,8.651252757907434,4534,True,114.35591000000022,133.64070599999997,125.590172,124.4114837,0.001008277,0.966932777,SV,SV,-0.0008536518032702389
H179,Hekla,H179_mesh.pat,0876a44ecaccd68e398125934ea46a492c81e244da73b885f663f89631eb6007,H179.msh,19dacadeebd1f15158b3f1684da493e5ce6748f1cbae31dbc6fd703cb3dc03ff,2262640,12496,0,1,0,12496,68307,0.000840137497264471,117.07133806107404,1,0,0,0.3303367309868187,0.5614751610378057,0.8116217476616672,1.017440485593555,5.035214053796722,6.562969141091616,8.777986702622817,4360,True,121.18619199999989,123.57821999999942,124.45623999999998,117.1893262,0.000842679,0.986144001,SV,SV,-0.0010068164290371051
H180,Hekla,H180_mesh.pat,be9228c17c40264f6e4d352ced1f8a87707d8491b0cf806a3724c924e5d16e64,H180.msh,69cf213a7db41ecbb14c894b78a763a8c9e0c6f22aef94880d470430340186a4,2841624,15515,0,1,0,15515,85966,0.0010249529241167525,125.09360224806781,1,0,0,0.3522116239917863,0.5440666570878437,0.804084588263539,0.7343809941026191,4.99391487593744,6.53380763219971,9.082953371635366,4802,True,109.61864000000014,128.57112999999936,128.43657000000007,125.1976574,0.001027512,0.856182308,SV,SV,-0.0008311269882609329
H181,Hekla,H181_mesh.pat,4ffff686382aba853e6d7d5adb8fb925efeb8abc14403b9d2dc2a1bc6d0d52f1,H181.msh,69b239d2688562b39596759ac480122562b1fca61ce49aba1b3cdfcba30967c5,2217784,12350,0,1,0,12350,66851,0.0008142746337526291,115.85748441157172,1,0,0,0.1707179417084278,0.5494178310465404,0.8024916171718801,0.4326013096373418,5.038347191381249,6.643342729259023,8.85423513248887,4722,True,138.68840000000023,126.86524999999983,112.83132999999998,115.979127,0.000816841,0.973293483,SV;SD,SD,-0.0010488317301119432
H182,Hekla,H182_mesh.pat,954cab65071a47117357251422a6132e5223d095bef1ed59565919897253c07f,H182.msh,557f40b455533cebfc7d24989739dd077c1bcf8bf4adbc9b7a703813aa6bd42e,1785492,10173,0,1,0,10173,53589,0.0006283901509776116,106.2698944134346,1,0,0,0.14261560816325056,0.5492060362182866,0.8044990803354932,0.4979241549924176,4.9645207283937225,6.5890079565513835,9.332750329295497,4746,True,120.76636000000008,104.66980999999987,179.34177499999998,106.4339216,0.000631304,1.28903042,BSV;BSV,BSV,-0.001541117569470507
H183,Hekla,H183_mesh.pat,1fa81c424e3a294307bc52a218ad09702506450be631aa85e73a9b5d4bc8dac0,H183.msh,929863b5f23d902f5bcf7b852202c316e64a889beca788c14759864c30848ca1,2433020,13307,0,1,0,13307,73581,0.0008979083234932056,119.69549130944424,1,0,0,0.3919921304313805,0.5717800127434625,0.8174077428491991,1.8534813591995762,5.018154389842755,6.482973932659151,8.752888533701364,4116,True,110.8230900000001,124.58422999999993,118.58835999999974,119.8104268,0.000900497,0.982028596,SV,SV,-0.0009593112521636415
H184,Hekla,H184_mesh.pat,d996c46b0f2f2856188a90db2fa46568eac91a39d97f861397f6f8dcc481112f,H184.msh,557df7ed712adf6678b9f261a235c428f808918e771e068d8fd243bbaf50fd28,2318892,12852,0,1,0,12852,69960,0.0008104877152842834,115.67760048354387,1,0,0,0.20054587545889402,0.5336051363424629,0.7938574686734631,0.16573552510253808,4.956504553580907,6.638696207870702,8.900187451532485,4722,True,124.83414099999999,124.30825000000004,104.0736300000001,115.7953015,0.000812964,0.841755538,SV,SV,-0.0010164576190176966
H185,Hekla,H185_mesh.pat,879dba02292fc58f48b21a7edacba6dc78d8f4bee8a45b77aef15cff8dd4cc26,H185.msh,706260a80208087386ffe0016c2a35fbcdd0e0d83b5f00eb78435241ae99b471,2165256,12028,0,1,0,12028,65297,0.0007823028268807601,114.32084497010712,1,0,0,0.16378993421307206,0.5576148217409732,0.8134967967606507,0.5546972887982599,5.004209937985002,6.531549029267343,8.605425449906491,4472,True,112.86235000000033,124.48430999999982,115.46240999999964,114.4354332,0.000784657,1.054020121,SV,SV,-0.0010013352218680716
H186,Hekla,H186_mesh.pat,445163d1cb0257785693c13bd8f551baee04c5f919c8d1f1d2010dae738a844a,H186.msh,83e8e1d5de45425a49f4b3c36a97ba84802440a21c1b06b17a460d491c8d4b28,2101332,11665,0,1,0,11665,63377,0.0007635437646038432,113.39966480984137,1,0,0,0.339091354644754,0.5315769737394108,0.7964943934382583,0.4191746935347255,5.025889020322318,6.66597493918603,8.985225164017665,4366,True,154.26791000000003,111.15152999999964,97.38860000000068,113.5289356,0.000766157,1.216861859,SV;SD,SD,-0.0011386594041019604
H187,Hekla,H187_mesh.pat,00874bfc1f29157ea2ebb5a5dbd8591d38905ebfb9e21bb2c910965974fe793f,H187.msh,4487d759087311a0c568bed21f578989dccd7d9402d26a1687a4fd806bc608a5,2096488,11950,0,1,0,11950,62919,0.0007131309401258857,110.8469001034189,1,0,0,0.15881059079826557,0.550286129521775,0.8074519820112389,0.41496937152022056,4.90699078785477,6.550863509865531,8.861534548687585,5616,True,133.82272999999896,141.3139799999999,91.34510000000023,110.9471531,0.000715067,0.720049219,SV,SV,-0.0009036103566418818
H188,Hekla,H188_mesh.pat,4149185c824d529e6893a4b07d6ce7cc87d2d32f82ca8831b30b8edf5ca4845c,H188.msh,8190acfc95b0ccd4d5bbbe0e19c3efea6389f2dbb885839e65759642389b931b,2268800,12447,0,1,0,12447,68576,0.000848998162106624,117.48147105086011,1,0,0,0.40400884643290097,0.5563098454449058,0.8172239752564691,1.8651003079334996,5.037344475541491,6.521097354031072,9.510785907899832,4022,True,112.75449399999997,139.19296999999983,115.89455699999996,117.6017147,0.000851607,1.172200776,SV,SV,-0.0010224651013519548
H189,Hekla,H189_mesh.pat,cfa4d5b611120de030da5afb34857eb6b1ac4a97741873b69e1c9a9cecbbdf73,H189.msh,f7986c56e4e9963aa32430d13db7782b139f63f7ecffe3de42d47643ecc502f4,1869380,10418,0,1,0,10418,56340,0.0006968621810720375,109.99748559698764,1,0,0,0.40804813954619923,0.5658413028042125,0.8204012956984689,1.1212583803030816,5.030690932282532,6.508276617638403,8.908395326302818,3970,True,158.59397000000013,126.30790999999999,92.39255000000003,110.1346622,0.000699472,0.914157308,SD,SD,-0.0012455352408784481
H190,Hekla,H190_mesh.pat,4d08e7d179c1bf56a77dd9440242ee41bf078aa4bd7c2b2a8eced01f27e34a74,H190.msh,a77308aa96d19ca09e2554fb6f735de4e81bc2fa42f0c42544c9bb6fae45bcae,1581063,9129,0,1,0,9129,47332,0.0005745047164057522,103.14107621413527,1,0,0,0.3223712942727712,0.5489202300872843,0.8060332711875808,0.3019094079356408,5.026580516454638,6.645009399888113,9.181006760645039,4726,True,141.7312300000001,109.6216199999999,155.7607599999999,103.287403,0.000576953,0.852150869,SD,SD,-0.001416695372471799
H191,Hekla,H191_mesh.pat,553b68fc113c2d2ec8e2061948d15b7621200da8c6f488f8f542e5be90fcacc7,H191.msh,45065af5feebef0d416689e0551965245cbd7a334655a53d17570b5b13921197,2257768,12358,0,1,0,12358,68271,0.0008246666278196986,116.34827067541852,1,0,0,0.34603481276225834,0.5741479358186186,0.8179857130918315,1.8272475553684466,5.002748161088933,6.451919436165113,8.555070856801844,3888,True,114.83457999999996,138.25801000000047,109.21389999999997,116.4626742,0.000827101,1.140844813,SV,SV,-0.0009823192311814166
H192,Hekla,H192_mesh.pat,d402797d0981d7f239ffb593ef75b7f6d3f144c4670c31dc1f2138b6b1b0627f,H192.msh,a08d17b1445d9555cde506fec7d1d22cbe114ca0a6e52b7fafda8e6559fdd402,1802096,10137,0,1,0,10137,54218,0.0006501229133988929,107.48114479953314,1,0,0,0.16540704087242095,0.5466955709988476,0.8006923133633379,0.18042029375818736,4.999366382647712,6.6223514812435615,8.553420955074289,4298,True,92.93894,129.50889000000097,146.66688,107.6243111,0.000652724,0.808751475,PSD,BSV,-0.0013302412717312029
H193,Hekla,H193_mesh.pat,8e5c004f2b545d22b848e0df3f1cf69a9cd79092e0f0ff620d4ae2674a522ec7,H193.msh,dc5ea4f16cf91e0301023efe84a47429acedb431176dd175ee102629af5ae694,2449064,13406,0,1,0,13406,74055,0.0008812749908688608,118.95177888164754,1,0,0,0.46000005336882094,0.5607942950397128,0.8142964937446024,0.4488433296997418,4.987243416906223,6.482415837003369,8.566265260754145,4198,True,114.7705699999999,112.72540000000117,116.5397539999999,119.0666205,0.000883829,0.995304814,SV,SV,-0.0009645156456965509
H194,Hekla,H194_mesh.pat,48b52cf487c3e38a2a4daeb5b43a5efa476a42ee4853ba74280add318750aaf4,H194.msh,156d2fca5e9c4b9dfa5f88a83dfce71b00b380543a7f23488c4e5f68e5017869,2046060,11283,0,1,0,11283,61785,0.0007628967193948818,113.36762322974592,1,0,0,0.41596594559582606,0.5622891383723785,0.8098051354988277,0.8816402720855271,5.04132948940179,6.573840455190437,9.259698536760988,3876,True,119.10962999999992,106.72506000000067,135.801733,113.4910216,0.00076539,1.019114874,SV,SV,-0.001087296321016451
H195,Hekla,H195_mesh.pat,3acc55fa435c58fbc0164d89da618e322b8b5c8110cdcab9eeca4a79eb30fa62,H195.msh,0ddaee1db980fe616f8beb2f4c1363ecb6caee072a8f5520229a0d746015d849,2387464,13086,0,1,0,13086,72175,0.0008676081686100131,118.33367074266073,1,0,0,0.36730646227160163,0.5633669604791665,0.813825360762353,2.0275979789223757,4.9814618622391675,6.477222924370871,8.797522617801855,4216,True,116.96438000000035,126.5934870000001,114.27358600000002,118.4409942,0.00086997,1.059411684,SV,SV,-0.0009061343841647584
H196,Hekla,H196_mesh.pat,fce743ece16ce3117df729f2cad72d1997967eb2cefaf40e3ef62db12af5b2af,H196.msh,115f2178b5d27ff3208e8b2e44f5f6a7e16e2a7eb29293a740c9ec5fdb5dd85b,2060704,11326,0,1,0,11326,62265,0.0007776790836033382,114.09517146229757,1,0,0,0.37282578849298187,0.5499989951933854,0.8134254729967256,2.0055313162599795,5.059280389322642,6.573720913656276,8.94953051842389,3760,True,125.6276899999998,116.07595000000038,127.53158000000008,114.2210033,0.000780254,0.938082554,SV,SV,-0.001101652358734273
H197,Hekla,H197_mesh.pat,132e36f13cb960ae0ff76cb1d6d3d6af827e0cb7c0a1b2c5fe8373757bc3f8a0,H197.msh,2c624fc10c72682bc4e68a02d55dd1ae9b1a592a7f95d3e59057404cd5d912f8,2307104,12643,0,1,0,12643,69748,0.0008492296206073108,117.49214622686986,1,0,0,0.3147582985069718,0.5632476248960404,0.810926669808892,1.553866018741613,5.011093408938323,6.519002827975183,9.089279774844345,4058,True,95.53219000000036,132.62470999999914,126.56673999999975,117.6071799,0.000851726,0.793451627,SV,SV,-0.0009781177750197712
H198,Hekla,H198_mesh.pat,857e3134e8e8ef94d7b3f90e919fb75641f68cb9860ee94f0000f050b3b0121d,H198.msh,eced4c70d792dc60cb5256d1f114b00213e87bc37c696d0a9f87ec0cf311cfc0,2259784,12373,0,1,0,12373,68328,0.0008277105886232602,116.49124752770499,1,0,0,0.37189103283923175,0.5689719450413314,0.815443510755591,2.0745942992787643,5.003507270337862,6.475370446899694,8.333673532884132,3934,True,114.9668899999997,118.24901,122.27143099999995,116.6060256,0.000830159,1.003971953,SV,SV,-0.000984323680568111
H199,Hekla,H199_mesh.pat,e96a1946d6b5d63673d0402c194130a927e7d720499c94a77e38528da407c3f8,H199.msh,f11ca2e3df6de0d36f4cb7f215ee7cfb684dbd43785c9d601b8f093290ec94c2,1831244,10330,0,1,0,10330,55066,0.0006448820232315884,107.19154964266046,1,0,0,0.14127292196002653,0.5537625570731922,0.8065870051583597,0.4258657920393123,4.9645894374182795,6.568600951482774,9.579935084176272,4432,True,91.77085799999998,123.57353000000057,117.08442999999988,107.31361,0.000647087,0.828323441,SV,SV,-0.001137417307455535
H200,Hekla,H200_mesh.pat,20b1f9e02db1faae9341df0b875e4c2250a9aeb0293518410e3e3b79d7616b19,H200.msh,40b3ecf13179f5243712c110e67509bcd251163fcb83f6c2b8590e04d657450b,2381136,13048,0,1,0,13048,71987,0.000865351029438212,118.23096404057783,1,0,0,0.3883158980240285,0.5692807578563003,0.8144998527695874,2.1622030805468997,4.980579076321519,6.46026383893943,8.681827366494009,4188,True,120.29269999999997,106.52046999999948,127.95393200000001,118.3387965,0.00086772,0.940549458,SV,SV,-0.0009112181517088036
H201,Hekla,H201_mesh.pat,6b366f9d5ec6f62aee6acc33f8fa74cc7a37482b7dbacf5c6f71abd2a8aec8a0,H201.msh,5cd3389f544548e04f1e62e9e089bc5fe008fb93502e445833bc30ea02e3f6c1,1567232,10162,0,1,0,10162,45805,0.0003528709509342564,87.67432450429526,1,0,0,0.14295809407910273,0.531599248752808,0.7842929252785704,0.14486993684009233,3.9657218281914126,6.438328977989115,8.640378666621158,9356,True,110.88579999999979,236.3811800000003,98.75358000000051,87.85985218,0.000355116,1.897547374,PSD,BSV,-0.0021116320037126712
H202,Hekla,H202_mesh.pat,1e511f9315a40ba2a5c545ad89ee9bfd098cdea3b98e4a8ad97078040f2b868c,H202.msh,f2604cb18914eec981fca6b556501938983d9e4eb6e2493f61ad2629a94bdf6d,2379624,13005,0,1,0,13005,71976,0.0008738051104310654,118.61473766469408,1,0,0,0.41794558026647355,0.5622512685474286,0.8170768246482201,1.935343486005253,5.002505538837915,6.491125939504174,8.455748144067599,4006,True,115.34808999999996,124.15294999999969,113.74167560000001,118.7279865,0.00087631,1.067181991,SV,SV,-0.0009538512245040875
H203,Hekla,H203_mesh.pat,0d191ceaec92c0ad920efee3618c8b07774b36f5e8dfc1005d2d7d86257af9cd,H203.msh,d6917321dcf654bada38beb70ac96bd07bb9203040576ea08d25ad085fe60fe0,2251664,12321,0,1,0,12321,68090,0.0008213289275869165,116.19109171119,1,0,0,0.391920554469739,0.5544267719100869,0.8160812100956056,1.989677167633303,4.996063234031503,6.472485272965046,8.527821314649795,3872,True,110.28744999999981,128.49776999999995,112.11353999999983,116.3051171,0.000823749,1.128324059,SV,SV,-0.000980398727529419
H204,Hekla,H204_mesh.pat,41197910cc7e5c3149186f6b917ec80fd700efac168db0e7cc0deaf05ecf16c0,H204.msh,58dacb068147f24cb736ea510ae286ffd50dd0b51534f6142e80cb8dafccdb39,1553511,8875,0,1,0,8875,46602,0.0005703974916550171,102.89469754225264,1,0,0,0.3822498808289493,0.5477161876195247,0.8001814152279108,0.6462140745138408,5.047527556151266,6.666047054756841,8.690135632765772,4286,True,69.3734599999998,168.64474000000018,123.18061100000011,103.0378423,0.000572781,0.770149423,SD;SV,SV,-0.0013892445198006032
H205,Hekla,H205_mesh.pat,914d4dc45d20959ff89ffabfd41f37b36801fc254fc1184491e8f13675c3f9df,H205.msh,313566a26dd12a93ad97debaaf91e596355bdf2392a224b5b13c29eacbd8761e,2245336,12399,0,1,0,12399,67786,0.0007960957853177971,114.98880679703927,1,0,0,0.1441608881277217,0.5450933503046446,0.8023724833782506,0.49600426873188586,4.957335508859861,6.572852139423634,8.636638024908843,4334,True,122.31683999999996,118.1257599999999,111.63604000000032,115.1010126,0.000798428,0.978742174,SV,SV,-0.0009748463582216482
H206,Hekla,H206_mesh.pat,aab0fbdf03b7413d1ea0521faa65006aafd31b928cb0cb7fb5894c493d014e6c,H206.msh,b718f65d5fa3a3d3b3c7242c05d708f7638e4c204ad40c013ff92961e072c171,1813660,10043,0,1,0,10043,54725,0.0006793854139564589,109.07013870177441,1,0,0,0.334972532450846,0.5627147108453545,0.8165732163065231,1.8586020791246953,5.044782664375494,6.529359774802777,8.762223563796658,3620,True,132.82581000000027,106.80081000000064,136.28261400000002,109.2088076,0.000681979,0.826597147,PSD,BSV,-0.001269759292066408
H207,Hekla,H207_mesh.pat,6a777f295eb1cd44f8f186de8f13fdbfaed66f75741f8c548666a9766b9f14c7,H207.msh,ed17b60aa0bf072f2ece10bfce2dac3a6d065066f707463dbe36f7287223c470,1806296,10028,0,1,0,10028,54477,0.0006888630684704522,109.57498667524715,1,0,0,0.3702944510077082,0.5523997950590566,0.8144111115747664,2.0931604516763,5.057339000411561,6.598449432044509,8.656353838118063,3744,True,103.57742999999982,126.21710000000007,137.71251800000005,109.7086328,0.000691386,0.89638864,SV;SD,SV,-0.0012181915072854155
H208,Hekla,H208_mesh.pat,f7a7cafce43d061c957f81efc08a1de5ae6656ddaa09c4ae216b1529aad38c6a,H208.msh,fa7347fbaa08b8f46eae91273fb1f62449d34f69a9c46fdf5f365509f794b820,1925408,10843,0,1,0,10843,57916,0.0006740909999279734,108.78607360732244,1,0,0,0.15220583038365088,0.5403278210849339,0.8015486883835381,0.20091986778068854,4.949444432905307,6.623325424627151,8.77583981977312,4636,True,106.13957399999998,113.48969000000034,121.94607000000019,108.9047479,0.000676299,1.003271571,SV,SV,-0.001089707243861704
H209,Hekla,H209_mesh.pat,fd6b272eeaed3f6ab7b3ba7561fc9b315d86d00bddb90000a097665cdfcd6dee,H209.msh,4df1a18690481acbe4c3a7f68213424f4f6dcd9d79d8d5436da421e9ce0852ab,1348159,7702,0,1,0,7702,40441,0.0004916149566246259,97.92092070289358,1,0,0,0.39719060166817927,0.555132672447229,0.8076257751660056,0.4704358107119429,5.024573054110933,6.6463488426599735,8.775228954197981,3676,True,86.81613000000016,118.31869000000097,144.2589499999997,98.07360785,0.000493918,0.896188517,SV;SD,SV,-0.0015568627529227719
H210,Hekla,H210_mesh.pat,a6b3fb7df749157e135a284421fe1f5de9a574afa5d0bfbc06cfe1034f938517,H210.msh,92239af1fa204357ad4816a8d51425afd9956582cc43fafa155cabe4d17b853a,1905584,10490,0,1,0,10490,57561,0.0007269977481444796,111.56076434289695,1,0,0,0.39701782171325634,0.5554220838404914,0.8161640633818797,1.3992299463990892,5.085763357943543,6.5894522780725175,8.796451184960624,3502,True,123.14620999999988,104.68973000000005,108.96402999999987,111.6902876,0.000729532,1.086925197,SV,SV,-0.0011596644604132678
H211,Hekla,H211_mesh.pat,69b9d2949f3378e54532a1f35a31f83ca044c40a127002652ccd59b1eb171c16,H211.msh,eb5288a7cd5bc8e712c92701215d0311879ffc3695c59a4141eff69c29d94604,1613151,9088,0,1,0,9088,48519,0.0005948936982955188,104.34706756441257,1,0,0,0.37945548780467714,0.5639158208407378,0.8109536923320024,0.5604200211446853,5.022099511843084,6.58427519441883,8.852010950908236,3880,True,129.30059999999958,130.5715600000001,86.71551999999974,104.4749277,0.000597083,0.674816734,SV,SV,-0.001223835597709888
H212,Hekla,H212_mesh.pat,6ee9c465c715402257b2416cb34d3b70d784153af5f21d5e0cee737f15f4d708,H212.msh,91b1255cf079ff25853f301db43b85c619c55202be7498990bec51910d4c3e14,1507563,8567,0,1,0,8567,45269,0.000557623789008597,102.1208035851711,1,0,0,0.39478359887701414,0.5673183158021702,0.8147324459401317,0.6389777903810188,5.0337058991533326,6.591382617059225,8.87086236992788,3890,True,129.31884000000036,134.8140999999996,97.55036000000018,102.248216,0.000559713,0.782980008,SV;BSV,SV,-0.0012461089279923732
H213,Hekla,H213_mesh.pat,aa1732cc07453997ea6783cd6304b04004886c7d555c42e293a4ed0eb7e701eb,H213.msh,4f424f522115f9c381a9d69a3149b3af3b632244639f9c91650d32075a77efeb,1845804,10178,0,1,0,10178,55738,0.0006941589777504664,109.85507059934243,1,0,0,0.41673550702227474,0.5659934219841013,0.8128832853857826,1.8698433086222968,5.0485807340679765,6.547622443321817,8.576291004793365,3512,True,116.79163999999992,126.49857999999949,107.0618999999997,109.9832708,0.000696591,0.993909103,SV,SV,-0.0011656336434174852
H214,Hekla,H214_mesh.pat,d0c1101cab74129d01be3be9d8cf6f535882bc7e1b76474f401e282d38499977,H214.msh,ce64be6d3126b64dafede04d82aa9313109d7b5e17f416229247f4bf3ae3e900,2084084,11694,0,1,0,11694,62732,0.0007068773802655449,110.52193693034917,1,0,0,0.11609348751632922,0.5366665211868612,0.7960414134309293,0.22285351429577324,4.917952238920931,6.609990174997861,8.867817529809203,4838,True,108.58506899999998,102.6026900000004,120.6287880000001,110.6416503,0.000709176,1.050810936,SV,SV,-0.0010819919020208513
H215,Hekla,H215_mesh.pat,22b31f7f62a0043d96cd94c4ee4e87e49ba0e0f049c0bde77dcd62c7a2bfe387,H215.msh,5f516f270ff8857e7f80d9cb9e7963633cd279e05a0eeb71c8f61e7c2f6ac77a,1957636,10777,0,1,0,10777,59133,0.0007141061025342739,110.89740251510307,1,0,0,0.4466481285173549,0.5513470583077156,0.8078823320013512,1.2178503119518918,5.001531527964427,6.542650053078512,8.404028613088249,3656,True,119.39057999999932,106.1869200000001,109.16088400000001,111.0164847,0.000716408,1.060704254,SD,SD,-0.001072653175956173
H216,Hekla,H216_mesh.pat,784decfda189fdef7ec8cb68a29cbab23c7f8f308096ca2eeafab0c5589f7dbe,H216.msh,e59196cc43a9f2c913a93e8fffd19ab68374a5967aea19200c06696d305a51a1,1506387,8701,0,1,0,8701,45093,0.0005207293885279458,99.81699443959383,1,0,0,0.1937887469868166,0.5336944135776547,0.7942183228797095,0.20216058186759692,4.925263242609879,6.662391140778722,9.75556636854096,4548,True,121.16528500000015,143.01045000000067,96.06219999999985,99.95441549,0.000522883,0.936250062,SD,SD,-0.0013748372168703726
H217,Hekla,H217_mesh.pat,2d4d57d6616fcd3123a8f649dede2358deb4fef9a62f5e58bd77a290f1034408,H217.msh,2ba9bbd4f0ba1fb2ebea44fb577c964558dffea2c9753ad3933ccb1ebf9bb5b7,1669431,9328,0,1,0,9328,50289,0.0006127729171003559,105.38213186369862,1,0,0,0.159091095585542,0.5397716260280749,0.7962316083969457,0.48995658299919015,5.0425084706263945,6.686005674134993,9.057575354868618,3720,True,116.62202999999954,128.018353,89.37364000000025,105.5136284,0.000615069,0.842124296,SV;SD,SV,-0.0012462516766353904
H218,Hekla,H218_mesh.pat,73b96a79cae451b7ff701f04112363764b2babd2e26581b5cd8f37c076fd2ad8,H218.msh,599ff393c9c9ae6b2c803b32b0395ffe788fe73829a3f1b41a4d9d387985e500,1906452,10459,0,1,0,10459,57623,0.0006997482636164218,110.14912943563314,1,0,0,0.43942237212696,0.5606454424784735,0.8147915418127937,1.5504642202382344,5.016523075594869,6.495776741679662,8.635264270462095,3352,True,112.23169999999936,106.73675999999887,108.85315000000014,110.2747546,0.000702145,1.01198929,SV,SV,-0.0011392014865282407
H219,Hekla,H219_mesh.pat,8b52e98e6c8bde8ea940f56bf2b795a80e0fba6795e3afe08a17592714a82523,H219.msh,4326338082896dbfe411b1f2f1f0682a32d60ccc652c4a95ed8740d46dd07054,1962032,10803,0,1,0,10803,59264,0.0007111087217123113,110.74202508731095,1,0,0,0.43009701905649367,0.5580094733794548,0.8119632277264754,1.1852663532488317,4.996559909629489,6.484999948224216,8.735281089647954,3662,True,119.30783000000065,104.64431000000059,108.64849600000002,110.8623198,0.000713428,1.05984098,SV,SV,-0.0010850820450633014
H220,Hekla,H220_mesh.pat,fa2498411a89f105670177f58fd8dc17cb2360cc4313d61445d14a527ebc7ab8,H220.msh,7ddf8be6626ad5f120c203cf8e4987c4d112c489868d0e53a1729b5abfde63fa,1351687,7658,0,1,0,7658,40611,0.00051118211371705,99.20319869350682,1,0,0,0.4103350067294957,0.5461463000994037,0.8011308572526626,0.47277863145086385,5.091579591748449,6.707571884366936,8.995606785601584,3448,True,161.17388000000074,99.82663200000002,104.65571000000006,99.37411687,0.000513828,1.473352611,SD,SD,-0.0017199466206755387
H221,Hekla,H221_mesh.pat,e205ff5bf10236c8edb5a3ad10669133af7418b62d8483f464ed4e09dca5a8af,H221.msh,b4774199c6d939fe40b9835e1b4d0ec7373d20b868c44c7bca3f85ec1d4f4d1f,1911660,10509,0,1,0,10509,57759,0.0007156952392756382,110.97960345239188,1,0,0,0.38296293781734575,0.5605032104073883,0.8156006496953588,1.6353623371596049,5.0476545660706105,6.535270969047501,8.657767440472249,3498,True,119.77534999999989,115.63266999999996,97.62374999999975,111.1064439,0.000718151,0.87651092,SV,SV,-0.0011416119817702075
H222,Hekla,H222_mesh.pat,45c1e8066f14ac5d3f40ad7283dc729c06232d686717c810661d3281de7b0330,H222.msh,f697b11720e0d14095433e16848c95f80cdfa47794bab307581b383ea6ea9bee,1943636,10717,0,1,0,10717,58693,0.0007137860586950954,110.88083292604944,1,0,0,0.3850215808139939,0.5697726568584006,0.8189416851961092,1.7996276931979645,4.994932471446476,6.457473831849934,8.57051831567523,3672,True,111.02500199999997,115.99186799999995,96.77415999999994,110.9984951,0.00071606,0.911081514,SV,SV,-0.0010600339567177208
H223,Hekla,H223_mesh.pat,e601dab1b2629c3c4b747feeb9c8336a740932cc37e4c3006dbb78d53a2f53dc,H223.msh,13631275e5c9034ad9bcf8b93141c913338fdf6300f2615eb6fd6601581b1442,1301231,7443,0,1,0,7443,39024,0.0004659738600840508,96.18801831978192,1,0,0,0.36448750147574815,0.5475911450453261,0.8015993572069088,0.5137273608880603,4.995998040525376,6.623515658971221,8.796319238105967,3622,True,139.67007599999994,90.05375000000004,123.96178699999996,96.37184452,0.00046865,0.817840788,SD,SD,-0.0019074679034489783
H224,Hekla,H224_mesh.pat,17a678011e879c1fb935f29de976a2b6629bb074366a52026e2076332590ccce,H224.msh,cfbf290ff21f9c22fe2263ece2e19517b6b0faa90d4bd2ef349a56bdcaf2bc81,1874028,10318,0,1,0,10318,56606,0.0006935579087360262,109.82335377903598,1,0,0,0.40248269336627046,0.5497963799836965,0.8143659986588869,1.5658690959656347,5.01880991177703,6.529111812512826,9.287630931367815,3510,True,103.71403999999984,120.81966999999986,103.04606999999987,109.9470844,0.000695904,1.158702024,SV,SV,-0.0011253651848908142
H225,Hekla,H225_mesh.pat,e343467dbf67bea5477d7ccda24626ac5dc009b6cee1d8b03a7ea70855a5a86c,H225.msh,f5afd9a016a3e9d110a8c6f44303fad115c3e8063667cc892cf3116165fb40c0,1728231,9544,0,1,0,9544,52173,0.0006425700368161679,107.06329767762799,1,0,0,0.33723365799986854,0.5563903232906584,0.8148552630979544,1.9638699533902306,5.035632070056369,6.531877184864652,9.083070437501982,3320,True,108.97084000000007,114.46976000000018,110.97783999999979,107.1932381,0.000644912,1.014651004,SV,SV,-0.0012122072686225893
H226,Hekla,H226_mesh.pat,a69ece6be94ef9f91675817ecb92f9fc42630072c4efcea7cf09ba12dedcc131,H226.msh,e88c7bd05a63f6dd2b827e886966690986a51537d83c7c04ff170a6f3f929369,1654115,9155,0,1,0,9155,49915,0.0006194872485439641,105.76563544637246,1,0,0,0.39111794509289055,0.56409203590292,0.816546221901305,1.737237574676865,5.059564325630237,6.525251440694481,8.538213302226708,3246,True,103.80551700000001,97.41598000000022,118.83735999999953,105.9034832,0.000621912,1.069950729,SV;BSV,BSV,-0.001301635691880021
H227,Hekla,H227_mesh.pat,e6b4c790f50efe91a8f1a819f04945018356c8b7aceea93258155bbcc297c957,H227.msh,1610d2434320e95021541939a3ad6b33f5b415491d3e15bcb0718a3816e230fe,1782691,9787,0,1,0,9787,53875,0.0006577395054906552,107.89925226268714,1,0,0,0.0951720515088488,0.5358645625338183,0.7982320036585897,0.1970321306288819,5.046257052715577,6.630921493631334,8.735390641642418,3232,True,115.70545999999968,114.21489999999994,94.55849000000012,108.0313089,0.000660157,0.838540057,SV,SV,-0.0012223922736611659
H228,Hekla,H228_mesh.pat,fb6c7909344755b2de1f1f1f32e339d50ef65b2d4ba6f7badb7418710e71a692,H228.msh,8eb5e9dbd6d993c145182e3e14d78e6b89effe4b588ae7e077c80cb2d0831957,1979504,10884,0,1,0,10884,59807,0.0007227717903018125,111.3441806613663,1,0,0,0.3888944593080772,0.554849128681684,0.814681509891627,1.8706881457095021,4.996098855903748,6.474989256073606,8.572369981014537,3680,True,106.52765,116.88616000000002,107.80473000000006,111.4597506,0.000725024,1.072981303,SV,SV,-0.001036875984483987
H229,Hekla,H229_mesh.pat,2d1c600c1a43cf6cd13edefb850bf369e90ca38cec379f2357dcf755f972d8f4,H229.msh,1429450d912b797433d8aa26eb7351d86336c2a96e804b95910373900e379b56,1446467,8263,0,1,0,8263,43391,0.0005264285693931304,100.17982669789944,1,0,0,0.4112072895421778,0.5409116527430046,0.7990454154182499,0.4709895612446212,5.014074716096314,6.685068166370311,9.19556726187673,3952,True,116.74193999999989,104.5343899999998,128.2434800000001,100.3108041,0.000528496,0.984635868,SV;SD,SD,-0.001305715802756291
H231,Hekla,H231_mesh.pat,0d36ce8b066a13ada6c188ae9998878a4a2b547b42c4b9674c4e6e0dfd89bb5c,H231.msh,d9feaee22f728960209d45444581c16c5499a62305347e339f3404631ac9c856,1344883,9014,0,1,0,9014,39012,0.00015139757438320138,66.12617949213781,1,0,0,0.01590077002568771,0.48075001696145736,0.7793856434347491,0.004947029411752224,1.823307315850852,5.775130378465778,9.517331577375144,9186,True,95.32706999999982,198.45318999999995,78.98928000000001,66.068,0.000151,1.723475758,SD;BSV,SD,0.0008806001716081813
H232,Hekla,H232_mesh.pat,73256554c2c6dbc1c7cb9d2fc0f11829799e66f7767c4d587e9e1d03e17f289d,H232.msh,ef70e1070ba99f75918cade9fa96cc91ab80df9bc23303f90e69283d69fd8f36,1537019,8564,0,1,0,8564,46324,0.0005860378424314249,103.82669093645625,1,0,0,0.3945108349647065,0.5489576812827285,0.8116008256670337,1.0182249782829051,5.082169240914248,6.634560385812715,8.732965879814142,3268,True,102.18569999999954,102.09454000000005,121.82488000000012,103.9628632,0.000588346,1.190854351,SV,SV,-0.0013098164032072646
H233,Hekla,H233_mesh.pat,4f728b89003d383212d92a847e5f4183a739993a3332f10ccb9e1d462173aebe,H233.msh,1abcbe0cd795df1a8025ed762496526abf4c32bab072282cb1f61f7656ceed27,1778379,9873,0,1,0,9873,53635,0.0006456196695126676,107.23240430882316,1,0,0,0.39753493140914237,0.5663435633715286,0.8148829953658989,1.0134205825321332,4.9980437954964305,6.495904954404955,8.332137698610017,3632,True,112.83537999999999,119.29259000000047,96.80130000000008,107.3529337,0.000647799,0.905265095,SV,SV,-0.0011227396124418032
H234,Hekla,H234_mesh.pat,cd05c535238a80457babf7e06a6d71b25012fd9c1c495491bbccf74bf8a0d10c,H234.msh,d4c5a6537d0fd6f4e21d6a7de9346ba3dd47d1ca25fec5682ac0d477fb6bde3e,1388059,7884,0,1,0,7884,41684,0.000516219085980762,99.52796974777277,1,0,0,0.4199758442717283,0.5529841187938033,0.8094440164986396,0.8178632944441603,5.0545790081109665,6.627132414101044,8.9036763364636,3606,True,72.79709999999977,125.73826999999983,129.97820000000002,99.66700418,0.000518385,0.600668267,SV;SD,SV,-0.0013949895792607636
H236,Hekla,H236_mesh.pat,21be86be797ea0944f0df1b83425a9037168cd06605d5299d58a3201d01172d5,H236.msh,da6b46ba43b8bb33c42e7d08abcf046b7a44e4f1de304327fe7d5a9d7a7a467f,1630623,9033,0,1,0,9033,49198,0.0006154236884286766,105.53386947589192,1,0,0,0.27684413883834935,0.5487705649424355,0.8118739149538405,1.4539754738304504,5.0710964758758745,6.602037506405259,8.738136553310234,3256,True,113.45856000000003,123.12480000000005,85.3426199999999,105.6670517,0.000617756,0.816420895,SV,SV,-0.0012603950045487755
H237,Hekla,H237_mesh.pat,82f23d5acff898a945d0ab4f91b8792d4988362a0dbf0876f1014d294db7a1f5,H237.msh,707de291663c525e8b8d51fb05c9e8a36b4a476fe7c44dadcee36f39117206a8,1062587,6742,0,1,0,6742,31202,0.0002908757853068238,82.20589881793376,1,0,0,0.197427885070171,0.5473914136248318,0.7938713083370368,0.20713672851489232,4.468598701942135,6.492961406826997,8.660496345193266,5692,True,152.11146000000008,129.7246799999998,118.63220999999976,82.36095782,0.000292525,1.073124224,SD,SD,-0.0018826760417857136
H238,Hekla,H238_mesh.pat,0bb433d1562796cb3aae6a96499786990c145ae6d88098b81b85df310decb210,H238.msh,be3743f2c0b5f6b7f547f0eccd8d82f94d36d9febbc95833c1aa1cd88f8f38bb,1118055,6849,0,1,0,6849,33076,0.00035061113188589085,87.48676531965714,1,0,0,0.256878879110487,0.5345932263653275,0.7905262090020191,0.4439739400008013,4.761771971745397,6.684132465091062,9.063813095783482,5042,True,154.19446999999946,126.43722999999954,62.52186000000006,87.61420908,0.000352145,0.602413332,SD,SD,-0.0014546015044943905
H239,Hekla,H239_mesh.pat,1883f9029806a3147bab9cf590413eddb34c052ccb8650c05b9041a15f8eef84,H239.msh,f88b676ba006ff457ae7ba69737b6d5089e50d260078cb5f3a126f3a2d76ba08,1516579,8425,0,1,0,8425,45733,0.0005685860892071191,102.78566167564284,1,0,0,0.43712085985096705,0.5492472145264393,0.8053812552295632,1.7536697989135195,5.0372976706081385,6.624029907424981,8.846421447417391,3138,True,104.9352600000002,98.11412099999995,129.5530300000005,102.9232748,0.000570872,1.151108826,SD;SV,SD,-0.0013370457228898402
H240,Hekla,H240_mesh.pat,338e482819f8dd6355c81c92c17f70643b724dc377e5146556bcca8925e6df6d,H240.msh,3c324b2792ce724d9de454373062a8dd98c0d255c42ad4d226959af4989ad581,1577983,8925,0,1,0,8925,47426,0.0005494773223226104,101.62105912972311,1,0,0,0.16348555665459022,0.5413962907992026,0.8002715207196522,0.4386177582243384,4.951055346506209,6.62243953722005,8.665675345728227,3932,True,110.61794100000003,97.60894000000098,114.04949999999997,101.7524157,0.00055161,0.907306557,SV;BSV,SV,-0.001290943014701229
H241,Hekla,H241_mesh.pat,25012a432ee18a460e380c00c56527e80c8a2c40c080ad2da8636b0703b087fb,H241.msh,791dde520228d6c38e1c88c328f92aff45aaee2caae33c4926299835b97464b2,1378875,7751,0,1,0,7751,41489,0.0005059812927339774,98.86561660859145,1,0,0,0.32985403708684574,0.5432276271011678,0.7974671792219136,0.6560802885318489,5.006659077161241,6.666057689109043,8.972997705937388,3272,True,121.4357799999998,93.71055100000001,100.00741000000016,98.99773698,0.000508012,1.13720574,SV,SV,-0.0013345797130215331
H242,Hekla,H242_mesh.pat,ce5763f5f22ab82772e52313c63dbf6f5175d2d37940956399b9fe70a1000607,H242.msh,8e69d45b3c38129a32ad25de52be1715c8b2f6ea717eeb4b051e54316b495e9c,1409927,7865,0,1,0,7865,42484,0.0005358526614404193,100.77409884917654,1,0,0,0.40511940125420437,0.5664717591064079,0.8166725282702296,1.0550910381307181,5.065286904127024,6.568505369582735,8.906323685902262,3038,True,89.93088999999964,105.24648200000001,116.41184999999996,100.9131575,0.000538074,0.947416648,SV,SV,-0.001378003168947095
H243,Hekla,H243_mesh.pat,fa4fc94b49b4d89df4707270e028a9d660c26e0f7b071c0f1869c0b358653652,H243.msh,501827f0fe420775ab84d3c443a53887da216bc3b7534d7568ebe0c34e207a4b,1561435,8634,0,1,0,8634,47126,0.0005723506801000645,103.01200975489665,1,0,0,0.38266533690983545,0.5450763245037047,0.8023366427950881,2.1975249271170267,5.005595279629666,6.596754713057238,9.008680100686323,3150,True,91.22547000000031,101.73223000000053,117.4198399999998,103.1408051,0.0005745,1.034133192,SV,SV,-0.0012487331757636833
H244,Hekla,H244_mesh.pat,665b7046e48f254d1704c87b9c6c9904214db4336f4dbee6c7aa499460ca91f5,H244.msh,620e5f2461cb00647a3f5bcd6fb66c94eff8bc719b78623ccc04675c51dfb2db,1137375,6544,0,1,0,6544,34071,0.0004133569090011788,92.42203487189187,1,0,0,0.3931293823413549,0.5442090992042642,0.800435680093026,0.5114321292028193,5.034733115865099,6.635172704038865,8.827873608378136,3352,True,66.88708999999972,134.045998,99.00572999999986,92.58015262,0.000415482,0.916392297,SV;SD;BSV,SD,-0.001707901138996215
H245,Hekla,H245_mesh.pat,0fcc75c754b6b2085b03cf1dc4a7b6b1f56d723245bff918a16b26a71f7fa977,H245.msh,b8dc0a65928e1bcf2e67a0bc3a34b7bc9b7ffd49c901e63641ee24a99ec6abf4,1348271,7654,0,1,0,7654,40493,0.000484083221251018,97.41828262701925,1,0,0,0.29889367597542105,0.5585843997548677,0.8157129834751401,0.45283295483430613,4.99613364991634,6.5162703448211134,8.40495591105413,3466,True,107.34144999999967,114.84721400000012,102.15214999999989,97.55208487,0.00048608,1.017304139,SV;BSV,SV,-0.0013715979843901271
H246,Hekla,H246_mesh.pat,985053fa4ec8da7c428c5925478f0a64c22300c1df57dcd5b3612c7842f67d50,H246.msh,562c086869a8e3a5d346aab821c9c6093526b8504ff44c737fc147040bed8a9f,1611779,8892,0,1,0,8892,48666,0.0005857470543834006,103.80951539271852,1,0,0,0.4660460562443295,0.565752619761952,0.8168350553756121,1.2998849222203552,5.0018290108279375,6.475655103659539,8.803655088649743,3036,True,104.80600999999933,98.87825000000066,103.15964499999995,103.9403784,0.000587965,0.976196301,SV,SV,-0.0012590199236900412
H247,Hekla,H247_mesh.pat,d8ddfa389f598ed13be29036f8e8f3824aff364852cbccc30d1011127084c095,H247.msh,3193b47fa11517a99f5e1a37cc2ca4c6120ac073410e01452e2ee1c0df59fb1c,1581791,8750,0,1,0,8750,47737,0.0005819864621922472,103.58688021913186,1,0,0,0.41523621127125326,0.5649942437857371,0.8139834337204992,1.6619674436719218,5.013862818309203,6.497605051861479,8.685642651989813,3122,True,112.85088999999971,95.83333999999923,98.73908900000004,103.7160741,0.000584166,1.10585112,SV,SV,-0.0012456495484353125
H248,Hekla,H248_mesh.pat,1624a6284b17860feae7df2feb9327c7a2208b6c2b68d8ef8a7e3a88238d0caa,H248.msh,e28ae74ef959a98383472c238ffc03270ad559e3bde83d28bd5962ab5cb44397,1093387,6604,0,1,0,6604,32440,0.0003470219942916689,87.18721252520241,1,0,0,0.20154449730991508,0.5202599759520254,0.7845198362498478,0.09129777981931399,4.793209206919229,6.699034700764628,8.9875486619766,4546,True,148.8448599999997,120.25716000000011,75.04957000000013,87.35287854,0.000349004,0.773458273,SD,SD,-0.001896514660610027
H249,Hekla,H249_mesh.pat,3a4cdcfdf1368c5161995c6a0ad53bb0322839abada0c7665e8bea7a5adaf56b,H249.msh,7f893fa7d599d2e9a4bd40f193e62d435848d0bee1ba05d4f2eb51ebf3c2f234,1727867,9527,0,1,0,9527,52177,0.0006376417353784567,106.78888145667023,1,0,0,0.4418197879957354,0.5539052195520923,0.8136013568339031,1.9619147469245,5.018842942384472,6.516824079181,8.659500524397455,3280,True,110.35580000000004,106.90837499999986,96.14982999999984,106.9167278,0.000639934,0.92876179,SV,SV,-0.0011957562297354452
H250,Hekla,H250_mesh.pat,783b9b275f59f22c38c0684823f61e0d6cef62faab25084585aa0de536c07671,H250.msh,40868d6044c67e3d8c04eb9d08c138067b4b5c2707a90bec2ec5143454854287,1718879,9477,0,1,0,9477,51906,0.0006309606321533094,106.4145991743617,1,0,0,0.4079815401950533,0.5502527522582873,0.8078468726003941,1.5818369459036288,5.012774742937326,6.560185681993453,8.821413365501536,3252,True,108.6277399999999,114.90983600000004,98.2276844,106.5419561,0.000633228,0.960973036,SV,SV,-0.0011953687570628313
H251,Hekla,H251_mesh.pat,59959be8c8f0d50d90722ce9c80132f7f8f962c273076b9057c433a597a90cdf,H251.msh,923e86755c4e53c9c7a42f1e55b4ef685de47362376632cb344034d6d561dfc6,1613599,8925,0,1,0,8925,48698,0.0005902010399035881,104.07197172438684,1,0,0,0.395841163475036,0.5611784570132706,0.8146567958165998,2.015481264338575,5.000038433100901,6.49364454651543,9.251972566701589,3188,True,112.02174999999988,94.01851999999963,103.70235000000002,104.1980561,0.000592348,0.981407319,SV,SV,-0.001210045372556201
H252,Hekla,H252_mesh.pat,f837ddd266be43073b8db9e7998a22af2037e5a0eb609fab52b3ef6fb45b9797,H252.msh,e355e0cf980e6cd3775345ade54ea098ff8925b6a563071710593002033dbcf3,1396151,7791,0,1,0,7791,42066,0.0005231518893106797,99.97154223765598,1,0,0,0.3938253710910135,0.5504209820752769,0.8111498930126293,2.0205822482882403,5.040218863656332,6.579037010681839,8.948853129367597,3064,True,125.37035999999989,120.19701999999961,69.01448000000005,100.1137379,0.000525387,0.597046484,SV;SD,SV,-0.0014203411572351055
H253,Hekla,H253_mesh.pat,ff368e1574d861d263c54cf9175a6d7841a9ccc33d9a02c2976975844a279262,H253.msh,d87840dd08a968c881083ba316fc80942f6813887e91441ebcfedda7f1cce369,1505715,8342,0,1,0,8342,45428,0.0005446311429335047,101.32142357399866,1,0,0,0.4163126133746144,0.5536292343843103,0.8110095359781041,0.6429265486823269,5.009394316301993,6.517699416856103,8.794402548149618,3028,True,112.3168599999999,98.10300000000007,92.93568000000005,101.4551324,0.00054679,1.084696165,SV,SV,-0.0013179109113393705
H254,Hekla,H254_mesh.pat,994b6d3c2f1c309c2f718cc4781c9a65df72e6f54df6842cbb57fc4ffd2be068,H254.msh,4823fc7df278aa8df25240d0dada84bf9e2853280dbae1eab312f7a00ceebc51,1509131,8337,0,1,0,8337,45555,0.0005652206633862234,102.5824662594814,1,0,0,0.41639201244046053,0.5582200831452494,0.8148606775776442,1.8177053144118998,5.058685984234767,6.531891512169947,8.418221102139093,2916,True,118.60843999999997,104.9669899999999,85.57385199999999,102.7224467,0.000567537,0.92324262,SV,SV,-0.0013627054749525414
H255,Hekla,H255_mesh.pat,dd499e3ad2517f556dedc82bec1f20760955a296389826361dc36f0cfbfbc3ae,H255.msh,9cca1ba8f9b27b044b58ac15dba5318f49a1ba9d0c0cc0ef6529158d6928b688,1216139,6863,0,1,0,6863,36565,0.00045210932141859906,95.22440761983974,1,0,0,0.4304233454440124,0.564426731091837,0.8054899574014561,1.233676679318871,5.058301460439947,6.6030623361729495,8.819792658473952,2974,True,123.29583000000002,96.85340000000087,108.07206000000002,95.38381108,0.000454383,1.021929736,SV;SD,SV,-0.0016711793998938074
H256,Hekla,H256_mesh.pat,bea4798e3738d0a20648ca597b5f68559334ed33c7a322e4abe06c888daf8f29,H256.msh,e05e34c1164420b69504a972ba2d3fb9f2dada3b8be68050e1377829562a9523,1492191,8285,0,1,0,8285,45002,0.0005511360136240598,101.7232099294185,1,0,0,0.4423090387305697,0.5622286814397196,0.8127278370263487,2.1136628815186524,5.013786085748308,6.518639489655212,8.778469200640535,3078,True,105.38884000000002,112.0618300000001,89.86977999999999,101.8513046,0.00055322,0.912728525,SV,SV,-0.001257663523158259
H257,Hekla,H257_mesh.pat,a27b75a589a8815625426c0cc39be0029f3e67bb6f7aa174bdb4f48b4ad5e356,H257.msh,e8aec90b2d7bb75fcafce09a6cea30152d31298806f60e815706ceaedde552c7,1579439,8742,0,1,0,8742,47661,0.0005725434039584108,103.02357064158969,1,0,0,0.3964743671368554,0.5529584841340502,0.8136929385092733,0.9940130100281495,4.9939600584287,6.486520697529483,8.40977547701118,3134,True,94.79116999999951,109.43562899999995,107.88701999999995,103.1546935,0.000574732,0.893458866,SV,SV,-0.0012711283797310902
H258,Hekla,H258_mesh.pat,853816281ac4b436b558c8f9520788be86e048a88b10e83a042593aca811aa84,H258.msh,597eda17a83a949cf12a01e8d1b987161a3dd7c3a6b87f5935840125c83eb44e,1383551,7887,0,1,0,7887,41520,0.0004842034767211904,97.42634880993808,1,0,0,0.13751138110667233,0.5567199001250079,0.8107758319313383,0.45678218958709893,4.949562436147311,6.536673613160834,8.874882303322043,3682,True,106.53983999999997,107.51124399999992,91.02092000000016,97.55494432,0.000486123,0.862996146,PSD;SV;SD,BSV,-0.0013181854693096184
H259,Hekla,H259_mesh.pat,20e6c373db45168dacb33027bb36c56ac24d19fdef30a71b0fa0a8ef55aae709,H259.msh,f5720af68c8312d5630c5835c0eee51e038d71a85df7314816b73ef2acf2f853,1469651,8693,0,1,0,8693,43789,0.00045117642641021824,95.15886628460423,1,0,0,0.16099822666418057,0.5358201647842834,0.7906367379486392,0.3811051984689605,4.734165174044469,6.618868978595699,9.22760268435406,5318,True,126.51202999999987,125.20388999999977,56.35835999999995,95.2784969,0.00045288,0.45603166,SV;SD,SV,-0.0012555888189684783
H260,Hekla,H260_mesh.pat,1ba3730c4c8836aa9c0b3b1e7253e78c583b5c9de44fd7fe62f4c71aae73de09,H260.msh,8a7ae2ea8d05a49bccde6d413165750986f02ea6263386058f57c0b6b9514f48,1514591,8380,0,1,0,8380,45707,0.0005586289480020855,102.18212690694499,1,0,0,0.4615470729733724,0.5753342705974006,0.8175927414996891,2.0712599838216645,5.015134690703652,6.4783078118935675,9.079812260246532,2940,True,98.9519499999999,97.67891000000009,109.52168900000001,102.3175966,0.000560853,1.092063186,SV,SV,-0.001324011680851167
H261,Hekla,H261_mesh.pat,917328e791e99b2c6239eb03614873692a218b5080f459658700554565297526,H261.msh,de86f35fb635c5a5eb36f749a6699656ef05ae4243eb4e1347b7d361d9e10dd4,1599151,8849,0,1,0,8849,48258,0.0005736453735735949,103.08962449036275,1,0,0,0.39772657562227526,0.5517431744213865,0.8155582075429428,2.137485659773506,4.970834784584016,6.436230892943161,8.811527839862212,3202,True,100.9038300000002,106.82715000000007,97.080185,103.2141616,0.000575726,1.021992711,SV,SV,-0.001206589364353694
H262,Hekla,H262_mesh.pat,8180c6700f13320a84006d178786edf919f682fe73ff56e4aca27023cc6211a5,H262.msh,9bd84e6aaabfeac9ce605734e7f216d41d7f8aefcc212a4bdbee2178048dcfb4,1591955,8831,0,1,0,8831,48019,0.0005680570282299433,102.75377160134421,1,0,0,0.39083511643732943,0.5396609111680353,0.8051282942568385,0.3430300607819795,4.979994195147452,6.526379910011725,8.41585572098897,3264,True,90.06531000000086,103.54393999999957,107.13012000000003,102.8879379,0.000570285,0.900050769,SV,SV,-0.0013040041563101568
H263,Hekla,H263_mesh.pat,603be50b8fe41956a8dd1c9a228bc9dcfdf10a81c8f95b2611998f169eaab08d,H263.msh,220da7e523e197fabc6bb1d87e0c7fce0a3dde539d966878271f7b5117054968,1305347,7349,0,1,0,7349,39265,0.0004761758809459655,96.88493610994156,1,0,0,0.400802361625979,0.5678476978855127,0.8156545589368794,0.698357199024207,5.009552962200663,6.538394024913285,8.712206932145442,3068,True,117.28990099999999,82.05625000000009,99.54770000000008,97.02756955,0.000478282,0.967776448,SV;SD,SV,-0.001470030020538915
H264,Hekla,H264_mesh.pat,86e02e46ba71c48a5c75800c9283fbb7a07813c93e2ba460e7c113e6d84727da,H264.msh,14ad219fe0dcecd9321c0d5f460c000b749635b3547e21e9c6ad88cb44a1967d,1298683,7351,0,1,0,7351,39025,0.0004585604265928561,95.67518635444272,1,0,0,0.3934046347467233,0.5423919583365258,0.7991672189941,0.396588134593623,4.969541347448698,6.586368962454062,8.794943906620283,3274,True,96.26744000000008,86.9773499999992,106.68369000000007,95.8097149,0.000460497,1.001438854,SV;SD;BSV,SV,-0.0014041221779826918
H265,Hekla,H265_mesh.pat,1a864443aad5b22ab62cdc62a3c0626cfedcdb617d5fd2baf7ae9cf7d00d2ee4,H265.msh,21283c2002085dd1befe7c3b2b25d7ec80c2ceeca5b20a9ff3db757f2c3c486b,1332059,7562,0,1,0,7562,40006,0.00046944535056866544,96.42629347729942,1,0,0,0.35877194676963964,0.5486443504232869,0.8041106806459628,0.4063934744677953,4.959936599599594,6.594304911976801,9.024371508091992,3438,True,86.2087019999999,109.50449800000001,114.29595000000018,96.56814896,0.00047152,0.821322226,SD,SD,-0.0014689676071075741
H266,Hekla,H266_mesh.pat,2facd2357054ca5d325a779592474337af74a72c42b13e0e59a7711cd7d1e525,H266.msh,945345a4e2eb4943ee367915f2092edaf40c5ef3475f50a51aff3366ad34f0a1,1425047,7882,0,1,0,7882,43007,0.0005296771533192837,100.38547373485568,1,0,0,0.3835851667690837,0.5497479879511644,0.8100811105922401,1.7539308025402258,5.03837226609588,6.573560549139232,8.477777513481291,2816,True,103.20024000000012,110.71620999999959,83.35215999999991,100.5237229,0.000531868,0.866533905,SV,SV,-0.0013752889482798736
H267,Hekla,H267_mesh.pat,28a96d4fe5543fde11dfa48d0b4e92b9856942b5b59627a262237ffda4f8e4a8,H267.msh,00c2f8e38b7d145d16db60d6a46969684ac318aea3ad1733733074cfff379e28,1377699,7669,0,1,0,7669,41529,0.0005152461998931429,99.46540569765155,1,0,0,0.06139689913514779,0.5330484043128014,0.802498221558938,0.328314720682743,5.06161785807987,6.656081153561108,9.017820345492243,2958,True,96.96344199999987,115.69150200000001,97.29811200000003,99.60662975,0.000517444,1.185537707,SV,SV,-0.0014178177968966477
H268,Hekla,H268_mesh.pat,2fd9adafcddc61acc921327f4672566923ac7fe9efdd5dc305c8dd0b4f5c31f5,H268.msh,0d38256b7e5a739e6360dd2a1b25e07cc800168a4cfebd092742ce44c3ceec92,938575,5568,0,1,0,5568,27947,0.0003194588407051779,84.81488866491637,1,0,0,0.31394597582247846,0.52997544192524,0.7930562345167479,0.3428228834252538,4.922711181714954,6.662943614586574,8.73287007570933,3420,True,115.28988000000027,152.20638000000008,108.59554500000002,85.04339495,0.000322048,1.249138111,SD;BSV;BSV,SD,-0.0026869374772489074
H269,Hekla,H269_mesh.pat,d4ebf43aeb7ac08bbfa17ea379baa47fbe8f8e426b81e040979246698bfd801f,H269.msh,a4e266f80d73cf3e5dac69f8b849e01fd54e8228d777903cbbb1d29aeaff886c,1213255,6802,0,1,0,6802,36523,0.0004523824722485529,95.24358099835678,1,0,0,0.37433138453128195,0.5587260782947063,0.8111221918152137,1.1948328854634735,5.046601797215384,6.576996994588589,8.312989582043627,2756,True,103.18810100000002,81.90052999999989,126.78348700000004,95.39748754,0.000454579,0.975550938,SV;SD,SV,-0.0016133186063069793
H270,Hekla,H270_mesh.pat,bfb14c4bdf4d0ee4111892701a5b48a51989e9eaa5a83d9a118e4728eb92c1b4,H270.msh,96e01dd5d0b613052957f9d61d0652b1c8a2bb1a7e58718845365c4f8711abb2,1215075,6920,0,1,0,6920,36470,0.00043490994011367905,94.00123739229375,1,0,0,0.3944097247783938,0.5478424804663818,0.8016240084691775,0.47242939038817916,4.991658419325257,6.619631242044646,8.678181538825214,3240,True,100.65888100000006,120.52388999999948,84.17427600000002,94.13741051,0.000436802,1.000619724,SV;SD,SV,-0.0014465356224323545
H271,Hekla,H271_mesh.pat,43a08f6700f93bcb42c2d27dc0f81cb81757e44966f3620497ba92b8f9b64f92,H271.msh,a3153f4dd3f7e78d1ed2921ca010eab6c7fa0d041fa7b2c33b7fe8f26f9e2c0c,1190407,6965,0,1,0,6965,35544,0.0003952005840869221,91.04853980235077,1,0,0,0.17441600250096176,0.5438444587640322,0.7988443748470894,0.46198422825424396,4.840244455648496,6.590220357902294,8.641489205920545,3944,True,96.81988999999976,113.47105000000101,95.29585699999996,91.172264,0.000396814,1.152894416,SV,SV,-0.0013570376803325734
H272,Hekla,H272_mesh.pat,9949d089149d8bf7f681097cc49d7cec22cd0fb7aa10104f1a272530d3396053,H272.msh,2f114af29a14508225be8ba87e318b35c6d5654555fa95ea6c83bd2e5d473d88,1122227,6370,0,1,0,6370,33704,0.0004183241350485255,92.79076740708639,1,0,0,0.40905677572897836,0.5655207022403046,0.8124512160586819,1.1417813118544984,5.05297082088074,6.577901798709439,8.978569651759788,2878,True,95.03976000000011,125.47730000000001,88.28152999999975,92.94538491,0.000420418,1.219601964,SV,SV,-0.0016635307182096826
H273,Hekla,H273_mesh.pat,84d4da78e1e54c3a31eebdfb9ffb6e870c5c06061d249bc212eaa060bd98d0b7,H273.msh,7452510559e6ff0b587d85a7b9083648e7e048204dfed8e9fc78dc475e6bbf34,1342335,7453,0,1,0,7453,40482,0.0004942228845496425,98.09376631522605,1,0,0,0.41012758734993643,0.5513570318614193,0.8156733924362524,1.752796451788453,5.011566771828905,6.519721271098715,8.336479858027728,2758,True,101.0969099999993,99.78818000000047,97.71064999999999,98.23092037,0.000496298,0.993450673,SV,SV,-0.0013962411657892915
H274,Hekla,H274_mesh.pat,dda8f19f8af1dff401729b48ccd1a4a95bee5d7f60d8690a8ee5b52e1aea5c5f,H274.msh,7e2f13a84ed60f1a89d45931963ec603a51102841d383bd1bd8f42c510333a0e,1186879,6665,0,1,0,6665,35718,0.0004598959191252271,95.7679764929236,1,0,0,0.396413783246339,0.5568190616897372,0.8142334810524419,1.3242776281568942,5.115471497907037,6.643003423326514,8.560648996712576,2752,True,80.1672900000001,117.252388,107.31377199999999,95.91704614,0.000462046,0.816323148,SD;SV,SV,-0.001554151770466583
H275,Hekla,H275_mesh.pat,dfa6a3670a5fc1e7c562dbd7620439059c033ce5daea1c1e9237b32aaa99d485,H275.msh,477ef4aaa82f7ce6ba89abfe1da6ba9a9e9e3b8280bc4f1898109de5c325b638,1250243,6984,0,1,0,6984,37662,0.00046556321347182437,96.15975429323086,1,0,0,0.3840443627542032,0.5495779079917311,0.8145520427968307,0.870139688719519,5.038630901940882,6.546422130724132,8.769624496478178,2740,True,82.98899300000005,102.80739999999992,106.66642800000011,96.30297563,0.000467646,0.839612958,PSD;SV,SV,-0.0014871953419114403
H276,Hekla,H276_mesh.pat,371bd692075e84a03b165ca8098fc90e8613d7871fd15ccb21455be6424d335f,H276.msh,9776ea7cf06798c5f47b10251bd4bfc66462c6da3c6ec4a7805f7fbf40472651,1238623,7032,0,1,0,7032,37199,0.00044465117074580195,94.69788349718732,1,0,0,0.4225726098908861,0.5560789080055054,0.8110799761497859,0.4533618449154762,4.981980637655934,6.532814810007305,8.905548202272332,3208,True,93.30954000000065,98.50898999999981,98.32369799999998,94.83255781,0.000446551,0.952963947,SD;SV,SV,-0.0014201273900309452
H277,Hekla,H277_mesh.pat,aa11b156085d58b7e078cbd7fb44f2adf05a2b4794db5d2bbf7c09d4d6ea325e,H277.msh,f8d8e9c3ea3eb449dffa436159092f47c8f22fc016b5d9596af5279e535790bd,1303555,7481,0,1,0,7481,39069,0.0004331805390436516,93.8764745532584,1,0,0,0.302470719724487,0.541098630250069,0.7989699664763653,0.5491587915496553,4.868092762889762,6.551917677789674,9.314539413282144,3712,True,112.45591999999988,91.09742999999935,77.45746099999997,94.00075956,0.000434903,1.041885131,PSD;SV,BSV,-0.0013221702390848744
H278,Hekla,H278_mesh.pat,4f2a31a31300fafdd5cf87353b0b546a134f38309b4f8382362992cd958dee7c,H278.msh,a1e06991173dca23285c19a2c9abc690944237010c52cfdfc0e371fafe3a0a88,1263655,7111,0,1,0,7111,38014,0.0004573497150411996,95.59091018589561,1,0,0,0.3862000690395131,0.5443952321773282,0.8048925498225292,0.6994041098676843,5.005659358806561,6.570425971817833,8.874928592095845,3020,True,102.41249000000016,98.8140099999996,96.84513000000015,95.73144774,0.000459369,1.015967389,SD;SV,SD,-0.0014680395776116573
H279,Hekla,H279_mesh.pat,82b18918b1e38f5f87a5e8a4a46ae61d6e4b5d775a0af8c9048225ec207fc975,H279.msh,1999f9e35a00021a52c1f56c9aa3668d69f0a4d89487958e1e56e588f76b2e8b,1234003,7016,0,1,0,7016,37050,0.0004406665542561105,94.41416482470555,1,0,0,0.2557819716770899,0.5317582069969303,0.7934435797711106,0.3730174363877244,5.001145805646265,6.677740774154116,8.81562821588179,3272,True,82.10313999999994,107.73916999999983,109.59660499999995,94.56162903,0.000442734,0.772698805,SV;BSV,BSV,-0.0015594507709640881
H280,Hekla,H280_mesh.pat,cc4a61c2747f9a93e8ef9b93de9b72d8626ed5b35f06306547d971fcf93a4a91,H280.msh,306825f8401e51763048e2a195c435ab0fd48e3958586262efe0437610e517df,1143339,6399,0,1,0,6399,34429,0.00042570898074953525,93.33360984610245,1,0,0,0.21501703118740806,0.5639078940035592,0.815428182232587,2.112754822255658,5.044725734642096,6.528564511757786,8.529589596039616,2554,True,95.63550099999992,115.85919200000006,85.62820999999985,93.48721375,0.000427814,1.085092869,PSD;SV,BSV,-0.0016430471904779198
H281,Hekla,H281_mesh.pat,78bd94f9299065d54b606313171cc5361c446675eeff9e67e61101ae85068712,H281.msh,bdce85d1b57324f098821425e3c6f07e1dc6179151fbadf95c92f1b840e02887,1098427,6200,0,1,0,6200,33024,0.00041083744555999287,92.23387734748364,1,0,0,0.41107429545223956,0.5531822232058186,0.8104280649122104,1.0039496590457937,5.063966499516715,6.600986696332029,8.50655711804665,2694,True,111.73346999999922,88.43114000000014,107.45035000000007,92.3907685,0.000412937,0.856936948,SD;SV,SD,-0.0016981258524367826
H282,Hekla,H282_mesh.pat,b253ee09ace2e06dd437af157705e54a4386c37328b72e9606371f48ce835140,H282.msh,cf50f5f38d691ecaee86f145ad4d929dbc82c59115e3a010d8e44f748acad082,1392651,7730,0,1,0,7730,42002,0.0004970517396804176,98.2805681932048,1,0,0,0.16013509370665388,0.5356801661082926,0.7996732992777058,0.3661035499810693,4.976463597105666,6.582998143349174,8.336230871348393,2892,True,102.74473000000035,96.67386999999962,92.26429400000006,98.41636187,0.000499114,1.013120338,SV,SV,-0.0013797876106675933
H283,Hekla,H283_mesh.pat,10078b586f9db1886b4eea09182de96e030fd951af68755224e454fda3e9ceae,H283.msh,0d47526968ee6829da3faf87ee62d6c20f015cce41dcc7a76d3924373d41fa09,1105679,6290,0,1,0,6290,33193,0.0003903885920368197,90.67749177564178,1,0,0,0.2912066738692859,0.5375992193970562,0.7982270316770391,0.3949057360483771,4.977191359707954,6.604604938171442,8.903169138346312,2904,True,103.6287599999996,101.62888999999996,89.63311099999999,90.82453163,0.00039229,0.898807698,PSD;SV,BSV,-0.0016189442622971395
H284,Hekla,H284_mesh.pat,eb6f6e17162f79a75373b7d2ca98cb4a5103403422a2f094d3c96567a83f811d,H284.msh,14a1e8fb98d342d84af03d78baa331e02ede06d254a60f28cff6a912d1352b08,1290451,7182,0,1,0,7182,38900,0.0004711161351916377,96.54055371700869,1,0,0,0.38299384468953296,0.5679027921815232,0.814770114423374,1.6951631067741462,5.000384169121029,6.467207741209642,8.598101676905587,2730,True,100.53933000000052,103.09770500000002,91.41132980000002,96.67878645,0.000473142,0.925008316,SV,SV,-0.0014298145236111282
H285,Hekla,H285_mesh.pat,cb71003bc0ed7954cd374d3fe5f9f5c2913fa63c94340d1f6712464996ca3690,H285.msh,2414ea0f84488d28a36c967c3f071a95f5377c33e93b4e6b8c8f73858ad645de,1220003,6811,0,1,0,6811,36755,0.000457587673364532,95.60748591054714,1,0,0,0.38657379680217,0.5538434786233845,0.813126500936637,1.638495978255534,5.051637417767218,6.552888316197836,8.991286981818508,2664,True,107.31844000000001,98.30062399999997,77.17018999999982,95.75108171,0.000459652,0.855428407,SV,SV,-0.001499678091238299
H286,Hekla,H286_mesh.pat,96e24ed6ac4eb5e3a34b7df8d1ae83b72d61eee1aeb941c71e6c824ac11076ea,H286.msh,cad4d02de13291b3b04e638153dd6a785b27676799acc9453dd5df0cae32131e,1218323,6816,0,1,0,6816,36690,0.0004468317494452348,94.85243127453906,1,0,0,0.39596809016655965,0.5538388031167661,0.8112605481284668,2.058504963559658,5.007622720678492,6.5322168308907385,9.655250660003901,2738,True,104.75718999999981,102.85460999999964,75.69972999999982,94.98670712,0.000448732,0.747202914,SV,SV,-0.0014136277541584308
H287,Hekla,H287_mesh.pat,27c60b84d7a5ece4c33b98980fd22855e1af38821803ca54e79c62429ea0c593,H287.msh,0ba5e85a99298cbca2c05341aed2eeeb769d0454f449aed8fe70f42c4ce519b5,1249655,7041,0,1,0,7041,37584,0.00043996728502437523,94.36419819095924,1,0,0,0.31761150138096694,0.5295895254036201,0.7944974008829587,0.5216076400897045,4.967013425424217,6.628182499112615,9.09560894601872,3024,True,96.13719999999967,113.25777999999991,79.23733000000016,94.50433821,0.00044193,0.973865464,SV;BSV,SV,-0.001482895089211178
H288,Hekla,H288_mesh.pat,5f6c09ec6826b113a1208d7082a86b10d7a34c81f6bac34851d27313c17cb1f0,H288.msh,8952c91d4ec02fd7457edacb967d7f9f16375c5cea202af99260ca2923242930,1061915,6039,0,1,0,6039,31881,0.0003775832157783017,89.67499329379024,1,0,0,0.43006213476465394,0.5600906492845776,0.810212953973644,0.7278254597086553,4.968611857380108,6.513484248716873,8.628558015166373,2776,True,86.3402100000003,104.98151000000053,83.73811999999998,89.81512484,0.000379356,1.180076084,SV;SD,SD,-0.001560222139193046
H289,Hekla,H289_mesh.pat,646c4fc5f2819d546cb08b8b3e7d959854ddf1e5cf0171e1f4bb74adf0a70f38,H289.msh,bc53bc2c52361b4f0afc4e67013e750ae525c69a08533c6c84a0647e1e814e8e,1196679,6722,0,1,0,6722,36011,0.00045225092482077504,95.23434820421303,1,0,0,0.3670052642739525,0.5644432312612635,0.8161151843553681,1.3091496210783204,5.054087501193139,6.591159416208685,8.670278300929434,2768,True,89.64380599999998,100.8755900000001,102.69575999999961,95.37841815,0.000454306,0.907395371,SV;BSV,SV,-0.001510508861243598
H290,Hekla,H290_mesh.pat,611cc0f7fc52f8cd2e62e5166b2fcf5cec77680dc0742ba0a073cfad35d98b62,H290.msh,aa4d86707c68c63eade519ad2f3ed0b637f585f2ca5352e90e74459240d7c82e,1228487,6877,0,1,0,6877,36992,0.0004466126929491141,94.83692846866957,1,0,0,0.3540661429346541,0.5586738605614704,0.8146710031563892,1.0262146838743325,5.002023232932394,6.500763353364073,8.406565289504314,2762,True,92.4067100000002,106.35397999999986,83.48416999999995,94.97659344,0.000448588,1.040027996,SV;BSV,SV,-0.0014705199067669428
H291,Hekla,H291_mesh.pat,874d64ff4010c6dc27eee2aa85c502f250ef496dcd3371ce680e630da5f0a332,H291.msh,5b25cdac1e6158fbb8c2fdab1b023953f86725a703d3969b344089b9f0ec174e,1036547,5924,0,1,0,5924,31090,0.00038205535211409956,90.02764475391777,1,0,0,0.4290121611553586,0.548450107909308,0.8009245308700722,0.5963698644808392,5.047144119635603,6.683136898686227,9.348706763501424,2844,True,62.4664700000003,112.83796199999995,113.77496500000018,90.18598954,0.000384075,0.558609621,SV;SD,SD,-0.0017557581492411156
H292,Hekla,H292_mesh.pat,b01a54f37cceb118ae12ec4e5ae552458405c84fdfcbbbfeb90344292a0587e0,H292.msh,c59e2f9f7356569ba4271b344f2b1f8de9eae9d109abed380cb92c388a0113e7,1172067,6743,0,1,0,6743,35111,0.0003884633956252923,90.52818777389577,1,0,0,0.3964344752843254,0.5365079161717685,0.7959042903454903,0.333258956530245,4.868362378647357,6.60424323389666,8.804955579276816,3414,True,93.31642699999998,107.8431516,98.63565999999992,90.67380164,0.000390341,1.036597156,SV;SD,SD,-0.0016059089116209346
H293,Hekla,H293_mesh.pat,a48fe7fd604801218ffda48fd067e21ea2b47824a9ee3168ca41b3110395e792,H293.msh,3738ccc8784e7a04e85b2b062b1fcc01db698a2678fe28bb185e6c751171bf04,1212695,6762,0,1,0,6762,36543,0.00045801307790790225,95.63710446890278,1,0,0,0.4082223894166553,0.5543525128236049,0.81799138309253,2.218937641147637,5.052515920085726,6.555987005399157,8.49465008374711,2608,True,93.6227399999998,113.04106999999931,76.4752499999995,95.78350904,0.000460119,0.98613384,SV;BSV,SV,-0.0015284945452987975
H294,Hekla,H294_mesh.pat,e59baf42534a47a410fb8f6d95f5b25016fffe2a8de1751aced22732e1597879,H294.msh,e8890b3f2b6c188b53acc6573cdcdfc40ee19cdc17a533e232bcb10a37d73782,1002555,5689,0,1,0,5689,30111,0.0003883183859850611,90.51692193874634,1,0,0,0.4751441988618938,0.5665427185703933,0.8112636454664989,1.1539286330187546,5.112888724908776,6.654555485164769,8.895700419068111,2552,True,71.92815999999948,97.51153999999951,135.17087000000015,90.68696716,0.000390511,1.019836629,SV;SD,SD,-0.001875078928967211
H295,Hekla,H295_mesh.pat,b19ef652b3ca1c73b083482b5d433f910356a8cd8763d5f8d39fb099827ae2f2,H295.msh,62385fa1298bdc81fdbe3fb0e5ab085d069a0e07d0e4ff16376cf77c0aea26da,1130067,6517,0,1,0,6517,33837,0.0003863509480026957,90.36379326225686,1,0,0,0.18076629811153205,0.5391677246811145,0.7925006356044695,0.5874479184579305,4.9179853926288715,6.635871683798791,8.612408311750253,3350,True,94.38267999999971,114.55508000000009,67.25165000000015,90.49668915,0.000388058,0.871015769,SV;SD,SV,-0.001468516572168177
H296,Hekla,H296_mesh.pat,b94965ac79e3211dcc1a97446d1d638e06475fabaab6d6879574462f4e2d7c25,H296.msh,15d13c13817933125810dc3b88da2a54cd179fd0e8a89c9a70077394e0b10566,987911,5631,0,1,0,5631,29646,0.0003689957051579604,88.989936389643,1,0,0,0.45968247946805596,0.563888344510026,0.8181799043086474,1.2793777792741459,5.0547641694499355,6.567346825557664,8.876024712933246,2624,True,82.72253999999998,140.1925000000001,75.14048000000025,89.14632681,0.000370944,1.539170104,SD,SD,-0.0017543114332722043
H297,Hekla,H297_mesh.pat,bc0b770ce61a4f02c47ad86deae85a86cfd11784e55573a228713ead6657e02c,H297.msh,22f89ca9937e91aa4bfa02747f9df702128e35ab9a1b8d6da546edee6c47b29b,820247,4735,0,1,0,4735,24554,0.0003062558663887563,83.62996814843567,1,0,0,0.3451655594274742,0.5645772684360956,0.8128809678068033,2.1129704234087883,5.047059730438372,6.560231010263244,8.974858825786752,2424,True,69.15014999999994,160.84453800000006,75.40949499999999,83.84246597,0.000308596,1.956993814,SD,SD,-0.0025344891649582424
H298,Hekla,H298_mesh.pat,5b1cfdd72b9e4521c0c9eaf7ee662c81110a47941de986b607e7a8d59a842a6b,H298.msh,f7b70a8b520019b82495994fdc225a18a6c76b763656fcd0a08d823e7f55e3d0,1147035,6385,0,1,0,6385,34575,0.0004236968167451415,93.18632675805674,1,0,0,0.44773880281586736,0.5686420015034911,0.8133939550044889,2.0237532560552327,5.041606716734698,6.5202664202176095,8.347943558737454,2412,True,94.14647000000059,91.86032999999998,105.58859400000006,93.33483104,0.000425725,1.094746423,SV,SV,-0.0015910917745125541
H299,Hekla,H299_mesh.pat,b7722213f3fac6a12c3cea5300830696f6b7242f2e0d9b5f92139286f18a33dd,H299.msh,978fee6c4f8ee56f640b8844bc653de77b74f7d7df16e8749e32d8ca5ab5b969,1098035,6175,0,1,0,6175,33035,0.00040339324490786205,91.67339877180305,1,0,0,0.37298453774469065,0.5655550885801361,0.8156614588680672,1.6845063083287701,5.002718555137889,6.519295616984489,8.598755057873097,2566,True,104.65772999999945,88.14725999999996,80.82676000000015,91.81846706,0.000405311,1.087817512,SV;SD,SV,-0.001579946745376981
H300,Hekla,H300_mesh.pat,63a76ad6db84c34893b5f50596f8c6e2411bae8331f32af3f0413304d7462583,H300.msh,a24041dcdd605110dabca487cc75c7dea0af64ff93644e241ffe8951e92f6a01,1138439,6355,0,1,0,6355,34298,0.0004159296668350277,92.61338516337675,1,0,0,0.39528177256621033,0.5563180845359684,0.8120441616798593,1.5405876611209235,5.023308728119416,6.507512581512146,8.610257136264705,2482,True,103.68642000000045,86.21394000000055,87.34422100000006,92.7550378,0.000417841,1.175232659,SV;BSV,SV,-0.001527169197307443
H301,Hekla,H301_mesh.pat,b5ce6fa7188e380ec7abc0d4ce8f582b19ba41bdb6972703dee9bdaa25557fc7,H301.msh,f2ec76c1dc5e608c9e831317df09886761b4d129c040a03f26456739c7bdea25,702507,4167,0,1,0,4167,20917,0.0002443906568612667,77.57027399161566,1,0,0,0.05101283630745207,0.5399106796649804,0.7912035054665939,0.0631415963452556,4.944429529725728,6.677568914644884,8.803659903620158,2562,True,109.79392000000007,72.55108999999993,118.01447000000007,77.5289,0.000244,0.714235569,SD;BSV,BSV,0.0005336589531861335
H302,Hekla,H302_mesh.pat,32c085d4e6cccbb208598622669e310bdf72734e1f72a22908fa8a216981550b,H302.msh,36d7125298568cc5b0f85915a20b8c89bc712c35aade78c8cf52967297fb51c9,980687,5698,0,1,0,5698,29321,0.00034763012364089866,87.23811243164683,1,0,0,0.3151542069875722,0.5313224327586371,0.7941790650712527,0.2547978122829239,4.987939600610841,6.687587851393859,8.78928587681674,3082,True,77.99660600000004,98.57104000000004,121.94478000000026,87.39672346,0.000349529,0.981848407,SD,SD,-0.0018148395280032092
H303,Hekla,H303_mesh.pat,ed661a0b38d189e46d878fca43bf875898daa5e3d635e98e01cf2c060da255ef,H303.msh,251da239d7bcf7e348d3c567b9cb443ac0f7f18d8660c79006fd7ea96c0e2572,928579,5346,0,1,0,5346,27812,0.00034107037869196387,86.68589956847248,1,0,0,0.42725109379679077,0.5458493755165464,0.7973113442412327,0.4809309897519666,5.0542177020299786,6.6924651262464225,8.919925464913934,2714,True,79.57896000000028,96.11133000000063,107.66475700000001,86.84475543,0.000342949,0.924034003,SV;SD,SD,-0.001829193492928538
H304,Hekla,H304_mesh.pat,f06f8c15c22fd15f347c5b348536b8f3af254a504c3a361229c2e3ca6714d111,H304.msh,aa959e19a388c60065e83954c046944d995f5972544419f515af45ddc6bb9a9c,1163611,6580,0,1,0,6580,34972,0.00041187218533340826,92.3112461872468,1,0,0,0.3995896679384981,0.5473772638098499,0.8076611685214229,0.23617700438433498,4.96922523948959,6.53257703587645,8.35881918616553,2884,True,99.76125999999954,94.50748999999973,91.70628800000003,92.45889057,0.000413851,1.022399091,PSD;SV,BSV,-0.0015968651780590148
H305,Hekla,H305_mesh.pat,1fdf1ce30605addf29e60baa47c3e00f811dd8cd2a2c3a794f5b83cad494e8a2,H305.msh,e487f7a83022233bd07111bd8fa2a15dc3e193495fb98956c41f47834aa1bed7,1192955,6650,0,1,0,6650,35950,0.0004325868987400551,93.83357147506733,1,0,0,0.40984607076270957,0.5525297490518537,0.8147424833614811,1.5628359777663057,4.997328738646333,6.460845994939075,8.755703072494889,2568,True,91.33896000000004,100.3070700000003,88.02611000000002,93.97382009,0.000434529,1.058363716,SV,SV,-0.0014924221958664274
H306,Hekla,H306_mesh.pat,eaf964144f4846f0d52fb2abb7a2e419fa3b4acb03ad3119b8cbe4c44ab1c9f5,H306.msh,e37e3ac41bd55ef2aac82517018275b2400a9fce10466290402179a606b276b6,873027,5020,0,1,0,5020,26154,0.0003321706085182762,85.92526098776169,1,0,0,0.43103144082115646,0.5600376325640332,0.8109177296161462,0.9586728619296468,5.099028432576751,6.646103557324833,8.905596205218396,2506,True,73.60185999999885,109.31399000000056,130.68943999999988,86.11261735,0.000334348,0.808895499,SD,SD,-0.002175713246257538
H307,Hekla,H307_mesh.pat,263477230b715bcbcf7890ce05dd5c09356de161200bac295734d7075e693b84,H307.msh,1b7d202366da8b33765eaf10e3bf2615d08692d41755223ffaf1c1395d9dfc03,1013111,5778,0,1,0,5778,30399,0.00037057903118308905,89.11703726520894,1,0,0,0.481170059789782,0.5744689358220411,0.8209290041691137,0.6844596490841695,5.011990164635982,6.510780389503922,8.53238806285273,2680,True,95.62837000000013,104.33883199999991,89.31514999999945,89.27212572,0.000372517,1.019833063,PSD,BSV,-0.0017372550898754335
H308,Hekla,H308_mesh.pat,84bf61b7004c1e3c266fd3f0a29e969518adbff6dd6ab2c832e3065f70983c00,H308.msh,8c11d08b41f0f6b9b0cfa30325755c338f6173b70fee2f18fc5b356551f44cc3,886859,5062,0,1,0,5062,26606,0.0003319436106133654,85.90568339874605,1,0,0,0.3991521269443919,0.570808946295302,0.8100713185321864,1.635431451007676,5.056833899618017,6.589651969804727,8.50804677562082,2386,True,70.59271000000001,144.36701000000016,76.23415600000004,86.09395979,0.000334131,1.757028442,SD,SD,-0.0021868710849540784
H309,Hekla,H309_mesh.pat,590802e8f29b90752b185f603f9218b2622d39d60decb7ab2d7c620629b79e74,H309.msh,72ea158452644b377a69eb16d8c5ae9c232efde210a8df5dd79c71b048ee8aa9,1098063,6138,0,1,0,6138,33073,0.0003985250762466325,91.30313232543122,1,0,0,0.3574507564575888,0.5663426835339609,0.813593000120679,1.761518433653262,4.99712284127371,6.480076993666227,9.155625863380187,2430,True,101.7209700000003,86.47918000000027,79.53785500000004,91.44704616,0.000400412,1.080648205,PSD;SV,SV,-0.0015737395641733931
H310,Hekla,H310_mesh.pat,4e61676f5552f530c504343db60c01812647a11d10c1c7f47e916bf7cf5c40e5,H310.msh,1261cc7f042b17c1cb27de5ad9bf724085575aff57235b1a600c3e1e51d90135,1008827,5648,0,1,0,5648,30376,0.00037466121933197444,89.44307191936288,1,0,0,0.4044556420227997,0.5530199734195592,0.8149323729016473,1.3207036426842498,5.055582302257865,6.529233825367279,8.375846518973603,2270,True,87.54068000000007,98.2804500000002,88.49896999999964,89.59818229,0.000376613,1.095133954,SV;BSV,SV,-0.0017311776497326292
H311,Hekla,H311_mesh.pat,70e34a4ecd892029044ef6136ff1ba32787311e40f133b12d903a3d77c5f6cb1,H311.msh,b6aae9274cee8ccb81c190a89f954114d12b3369b8db98c2f291dcd3d6cf0022,1056175,6146,0,1,0,6146,31569,0.00033972619409263486,86.5718710391091,1,0,0,0.2991138235220266,0.531402342402709,0.7931083815131975,0.5787683825158177,4.806078572453631,6.57658597504609,8.84457671334247,3354,True,91.68193999999994,86.03441999999995,93.58847000000014,86.70198941,0.00034126,0.960438209,SV;BSV,SV,-0.0015007541554276083
H312,Hekla,H312_mesh.pat,8adc133a731ef45a170faee6d35a51904cecef094f9a23f17b8f2804089d9a69,H312.msh,5b6ffdc2b1f764d15309b361d58ac894634486bcde3e331144e18eb344865a82,961899,5668,0,1,0,5668,28680,0.00031190839283813584,84.14135073472468,1,0,0,0.24957707235708645,0.5447221964826088,0.802701268290692,0.40882300688589623,4.811277311643436,6.538400803087914,8.523903983818354,3360,True,78.83448659999999,94.08175999999912,99.66621000000032,84.28467614,0.000313505,0.887718481,PSD,BSV,-0.001700491854975561
H313,Hekla,H313_mesh.pat,e2e4cf7ba4ecff9d83cc3e6b551645ace63b547aa7584d1fc8f3e0504b778e68,H313.msh,22c6bde6bc755c94dd3e8f68baa973f17c39cbb8e94c98f5e0aa4f2089712f77,771219,4654,0,1,0,4654,22884,0.00025317288960635616,78.4885294098883,1,0,0,0.4202816436063511,0.55011858373913,0.80219823544378,0.3657227559227755,4.848570418980501,6.587049763787125,8.676633582790226,3130,True,107.61144000000013,99.03615000000082,109.12962000000016,78.65928911,0.000254829,0.935796414,SD,SD,-0.002170877744304356
H314,Hekla,H314_mesh.pat,49874eb38f1053c06732de3911b74a6d53f62cf069fce483d588e9cbaf543231,H314.msh,d205bfe2c70d9cd3777b09d0af8d768ea7f06e9d091c018991118f11dc8ea72a,1050183,5866,0,1,0,5866,31635,0.0003853151490436059,90.28296649606554,1,0,0,0.42432793441255595,0.5727132126586836,0.8165563019406366,1.9323528726721098,5.022382973509102,6.495596136756312,8.302733710303256,2274,True,94.89308999999957,84.01588999999967,88.27353600000004,90.43688098,0.000387289,1.022308998,SV;BSV,BSV,-0.0017018995156246053
H315,Hekla,H315_mesh.pat,4bc8fd63645b0a403608280389337bc0b888853b54e22d0dbd967d732ff5f352,H315.msh,861d711ebfa69ec77b388618f48f462f2a78c684a1ea59d0bc93433b9759e55f,1116739,6459,0,1,0,6459,33419,0.00034267187063125455,86.82136530284767,1,0,0,0.1493166186276975,0.5363638005538436,0.7956334126812367,0.123099942587347,4.729056015240103,6.51791133171274,8.645542984635563,3406,True,95.46553999999992,89.61089800000002,78.96887600000002,86.95942658,0.000344309,0.936291993,SV;BSV,BSV,-0.0015876516506847516
H316,Hekla,H316_mesh.pat,10d607269a0abdf08eaf5c8814f98729d18172cd9efbd6e6b283f567458eae60,H316.msh,27b9ccd48bc80b8250cab35872b99503c2b16116d09abe16b29e6e0905e403ef,1184751,6627,0,1,0,6627,35680,0.0004322696820601974,93.8106297626473,1,0,0,0.4246207683440936,0.5553815143455181,0.8129124344306007,2.1544156589780394,4.988642315610043,6.506136459023373,8.521408130468568,2634,True,85.31093999999939,103.34075899999993,86.6802974,93.94483426,0.000434127,1.174524597,SV,SV,-0.0014285457887048825
H318,Hekla,H318_mesh.pat,aa5c857819f0a02f57a285d4090b604ecfed1fdd4f49d8143d2efe9ca41b678a,H318.msh,ff76612206c360dba01b192c2f6a9fb90e9a3de737851d69789a326aec8fd601,913487,5362,0,1,0,5362,27257,0.0003002930065090882,83.08364318515365,1,0,0,0.1957717127877051,0.5511121146839525,0.8013842774973521,0.38439746526212076,4.862419084734221,6.552344127219243,8.541643269072965,3088,True,83.35090999999966,75.76279999999952,114.58453999999938,83.24831113,0.000302082,1.251809515,SD,SD,-0.001978033459312023
H319,Hekla,H319_mesh.pat,f49bcce0ac65d09f0d2597936b198c683f4cd497dc779dd5240e6a9d6dcc040a,H319.msh,98d2cd71d6d15bd4da971c7676d6c3dda99c2c05827d66f75b494d590a4ce485,898507,5083,0,1,0,5083,27001,0.0003385970888549199,86.47585524082335,1,0,0,0.21245842913890567,0.5665965316564239,0.8177239092885756,1.4518736155741643,5.0623719009470785,6.562615093107591,8.98401202503653,2192,True,85.58855999999992,102.83595000000014,87.39489000000026,86.63148932,0.000340428,1.149356835,PSD;SV,SV,-0.0017965070253123105
H320,Hekla,H320_mesh.pat,88291709086cf49f1eab1c175238f3bb36f3d64b33a1352a42d9321551fedd3c,H320.msh,466a67d1750c09b71b2919d8f007e81ceb89431ec0193818a8083bbad8f407cf,881735,5008,0,1,0,5008,26477,0.0003201516821395519,84.87615982192504,1,0,0,0.3298512554970945,0.5425638112220509,0.7967051761185485,0.6822821117399873,5.0347898031796765,6.656055845421265,8.495500319657872,2298,True,90.38540999999987,65.22388000000046,113.02685999999949,85.04704828,0.000322089,0.897948891,SD,SD,-0.0020093402596682575
H321,Hekla,H321_mesh.pat,b32fc9df1db0fd36a972254b828172a3bbcac3fe186d5ec5eca2453196b83cfc,H321.msh,8916efb3b03da1a99832d49f499d129bd520190d8f62f27cb2879af0ee27bfd8,917659,5250,0,1,0,5250,27518,0.00033139481417118093,85.85831517416801,1,0,0,0.13945804944227672,0.5461994424261242,0.8016900232989339,0.5111542163568724,5.018522227815476,6.631951969944778,9.479580908394349,2522,True,103.93061999999918,98.10989000000018,71.79992000000016,86.01382215,0.000333198,0.774536276,SV;SD,SD,-0.0018079300738524928
H322,Hekla,H322_mesh.pat,37599b9fc3f3ad988b1a7229f047d51369c564bd27eeb5d7c560d281af2287d2,H322.msh,34def672867eea8b2f0252f562869d05498249ad06e96f341b57a6def5ce6e1a,852559,4983,0,1,0,4983,25460,0.0003016814244386107,83.21149330699318,1,0,0,0.3924538432682974,0.5562899976199647,0.8131804540581076,0.564732988501148,4.9594515337151135,6.550069945719327,8.651775726057354,2788,True,71.58854999999994,125.72832999999991,77.57493400000007,83.37174057,0.000303427,1.473365372,SD,SD,-0.0019220812941079801
H323,Hekla,H323_mesh.pat,974a6bff749a62c7a4773a86ce3268889bcf9594b59ff22f59a4e852ecff8759,H323.msh,be5a0d1596fbdbb06010c1caf79b0e37b223058c7ce29401a5dfd4b4e432b8b9,1074039,6321,0,1,0,6321,32032,0.0003327509480889464,85.97527225259151,1,0,0,0.16503716541657276,0.5389497154662971,0.7977102650948533,0.26215116555913065,4.74954350876844,6.546917820845574,8.627611618929139,3728,True,81.15486100000004,85.65851400000008,92.95571099999995,86.10960278,0.000334313,1.031681307,SV;BSV,SV,-0.0015599947400952718
H324,Hekla,H324_mesh.pat,d8def104f32c2b9f57c3f39f1e89237fe309cf040ed73848688d4fc9e2cab53d,H324.msh,3b8ed832c61f0dbdffed0db73beaa5625d57ca7876fe5f9e295779696bdf4654,980771,5487,0,1,0,5487,29535,0.00036074610207824934,88.32175191288023,1,0,0,0.3333790357143462,0.5535229818311934,0.8159493466865364,1.3991275928346476,5.032907156646445,6.519462257041775,8.700212053428643,2166,True,91.71943999999985,95.94317000000024,78.6158654,88.48413513,0.000362739,0.894231592,SV,SV,-0.0018351675911302268
H325,Hekla,H325_mesh.pat,d15e93decf428721eb194fe79a306106d5456cedb440d7b28723b5eece7616c7,H325.msh,289b5c87adbdc279dd8a6b07818efd53456b716afb7e53aca081f5f5454f4ae3,1104167,6259,0,1,0,6259,33170,0.0003754162294615357,89.50311292934309,1,0,0,0.2754224172023085,0.5354359301533604,0.8001260129564629,0.10401671067695488,4.9164427577668794,6.545414899443887,8.631072548333572,2852,True,84.88709000000017,83.4018500000011,85.96924000000013,89.64737057,0.000377234,0.994052101,SV,SV,-0.0016091675610749867
H326,Hekla,H326_mesh.pat,51bb4e3bf26163e0d75c0289d786266d465f20c4eac2aeeda8c9d9fabf29addc,H326.msh,f7525e84772c4604c99f4eed10680a0c120f3b8254f86b77a1ec24d27bbea634,974695,5511,0,1,0,5511,29294,0.00035818977286839626,88.11263448396862,1,0,0,0.45155643432723935,0.5558863862235206,0.8114458494387331,1.264688151738789,5.017529434611662,6.548998105029184,8.954272614768753,2412,True,83.36137999999983,93.45974000000024,92.97800599999994,88.26363637,0.000360034,0.893557665,SV;SD,SD,-0.0017108051768723875
H327,Hekla,H327_mesh.pat,98c01172c6c14172af0d33a350476d1bf794c7d5292a84837ff3b237973fd688,H327.msh,b33886d9b8b7b2b4e93929201e5938808cca92b7f121ac1b2300c5eec56e8843,508187,3263,0,1,0,3263,14881,0.0001579980206575025,67.07350600798877,1,0,0,0.17213706961824124,0.5540489802221603,0.7961511463624198,0.49125948967913774,4.75463362140896,6.553937240211671,8.206032806935475,2842,True,71.27097999999933,212.86545999999998,98.08807999999954,67.38151788,0.000160185,1.580948645,PSD;SD,BSV,-0.004571162563594577
H328,Hekla,H328_mesh.pat,772a6b119367573ba2b1be3064b7534d6f21d7a1df7d83c59266c4920547c63c,H328.msh,acf1e426d1cb86a58e6bb2e884389d359c84274e87276e552880464066d39905,765115,4370,0,1,0,4370,22950,0.00029972470160580104,83.03119811970615,1,0,0,0.4260323273272627,0.5534440459284573,0.8093313232433035,1.9648093338795796,5.141945276449806,6.696939062146075,8.950866891703269,2084,True,66.67938999999978,98.25338999999985,109.2512700000002,83.21444785,0.000301713,0.75633588,SD;SV,SV,-0.0022021383909699432
H329,Hekla,H329_mesh.pat,155664fe51d3f93cc61186f78f3e800446fa8595cbe62f8b8d9151a7a566700f,H329.msh,a08eadb8efabbd90bc7efc065fe0c4a115e3b09668f0889eb591ff9ecb983e71,949019,5538,0,1,0,5538,28350,0.0003193364183605912,84.80405308629302,1,0,0,0.15370055458437992,0.5296326636725713,0.7913858590613807,0.03934653226124529,4.905075889583315,6.654613161498363,8.56483045726078,3088,True,84.72905999999978,77.77389400000004,107.23047999999972,84.96336928,0.000321139,1.162452839,SD;SV,SD,-0.0018751162419411438
H330,Hekla,H330_mesh.pat,a8643bcee383f4a596db3f5a6cf33b8029a7ce8b2d057d498985c4dac37a0614,H330.msh,daa7e6395411558fc16b95898b1e355afc9a57f6529ccc71a8ff30b568223fb7,1051443,5976,0,1,0,5976,31570,0.00036276726319692053,88.48639230517227,1,0,0,0.31486822106346235,0.5477770225263551,0.8035142845766622,0.3777497712454245,4.935038977864174,6.539451033014417,8.556901181368241,2770,True,86.54458599999998,89.93183000000022,84.04771000000005,88.62779998,0.000364509,1.002306418,SV,SV,-0.0015955227914903336
H331,Hekla,H331_mesh.pat,29a00fd7ffdf119766f202085b3a8d3bb747540bd4e98b55d86d46e86fe06ca0,H331.msh,97061e416c7b3d7a92cbe87cd75b7c6759a0d541d4a1b52c992bd60602b842ba,884563,5054,0,1,0,5054,26532,0.0003205186937010387,84.90858053366868,1,0,0,0.4327896518378173,0.5636504234296233,0.8112491191281899,0.619044144577943,5.022111589809928,6.52253587118801,8.832171726008838,2392,True,92.76339999999982,71.73043999999936,108.82155,85.07530012,0.00032241,0.912077916,SD,SD,-0.0019596708574186605
H332,Hekla,H332_mesh.pat,4a1c7ddd49edfe80d147c7837a6c78e8cfab75335386f1b74874abf7827b67bd,H332.msh,212261be4203caf6acf1748db81094d4fda1e98962cbfb7d31e5647b6f4123b9,830719,4786,0,1,0,4786,24877,0.00031245817814660136,84.19075896509138,1,0,0,0.38003885858877323,0.5577925592563471,0.8143513359547031,0.8973023119327733,5.064321926001021,6.615710245710654,8.735861983742765,2412,True,85.50287000000003,107.4366799999998,65.88290000000006,84.35100848,0.000314246,0.966041484,SV;SD,SV,-0.0018997937048568225
H333,Hekla,H333_mesh.pat,531562c84a9e7b43b1d843fb14198f7555cd5f5de7e098676e4b93ff950d12ff,H333.msh,f3bc342685778928ad1a95b99ac65185e9ac99fe64835a0f38427ca6b957c7f3,670139,3930,0,1,0,3930,19998,0.00025098461263946026,78.26173856628941,1,0,0,0.4416580849862489,0.553685656320383,0.8095982975586224,1.21832688470711,5.06375652597381,6.640924179912646,8.826441828766745,2250,True,84.13932999999997,116.97778999999991,89.07603999999992,78.44897696,0.00025279,1.236419292,SD,SD,-0.002386753798026664
H334,Hekla,H334_mesh.pat,aca2eeb2026ac2f7f3cc618297e9c16f7e450c6f7d2adf5ac8fb72cce6c26324,H334.msh,7c687e95623028bc87d1c4b4ecf8db3ccb11134a9568446ee11964b6199e316e,880391,5041,0,1,0,5041,26396,0.00030820056276964437,83.80660897355916,1,0,0,0.4021859398982216,0.5475122017098146,0.804473421563807,0.5291858303090745,4.95683806843604,6.5644407305471875,8.402067540082248,2456,True,73.05742000000009,76.20321999999987,96.59555,83.96685616,0.000309972,1.218973018,SV;BSV,SV,-0.0019084576197003766
H335,Hekla,H335_mesh.pat,1286e7378adc79ee907422095dd96bdd0c4e2961c7d239b1ef6ac4d95e1d59be,H335.msh,b5379f9b26ede7ee6ca6dc7b8cda081669c8a769e39eeab1f64259c4f3aef439,819071,4665,0,1,0,4665,24582,0.0003105213414297399,84.01644033317645,1,0,0,0.434489577026122,0.5570456878050447,0.8127921154513775,1.4620849005432341,5.088219695883738,6.595896311984226,8.532781948771177,2152,True,92.40372699999999,94.13842999999997,87.80028300000015,84.18045482,0.000312343,0.970881302,SV;SD,SD,-0.0019483677912438546
H336,Hekla,H336_mesh.pat,d0fda00eb2de25b16e1cb16de011dc1bd9af57ae370aaf8d6e1f5ec839e05f5e,H336.msh,66df3a31fbd5474174b24ca15f2c907008a5bb794093f32e1ca433ced667bdbf,876471,5111,0,1,0,5111,26186,0.00030438615749329485,83.45943211499093,1,0,0,0.4018023718186837,0.5388794222825284,0.7980830984797371,0.6243064037963503,4.9495464881589255,6.647438180489987,8.648775536672481,2858,True,81.51703999999995,94.7659799999999,110.25524600000006,83.61577528,0.0003061,1.000458332,SD,SD,-0.0018697807260116273
H337,Hekla,H337_mesh.pat,0893d58d1310c5e6b1674b5123fc982c95eb43415e2dcd62df4618a759259b97,H337.msh,47c38d6a3a6c7127d5692f6227b83148d329b0b09a210991fb467890305e809e,899459,5074,0,1,0,5074,27044,0.0003255948119073268,85.35447287528125,1,0,0,0.4440473333386157,0.5508821225761458,0.810223630963975,1.2304689574704186,5.006040685002517,6.533533412704111,8.48142628576725,2194,True,73.84832000000006,96.82350000000042,85.3257000000001,85.50934273,0.00032737,0.9826348,SD;SV,SV,-0.0018111454231120039
H338,Hekla,H338_mesh.pat,13baf9da1029d57a4f2b92c5bf30e9a560cc6e69df70e9f866974be84e42060e,H338.msh,893eecc5c992a937d6bdfaa68370567cf1ba151943f34bd4a1e8779af2907ea9,920991,5187,0,1,0,5187,27700,0.0003490363060387451,87.35558179024669,1,0,0,0.43547055237216037,0.5635456612481948,0.8103846841070648,1.3631171023588038,5.080990918346386,6.601551346823659,8.972875743934187,2192,True,89.41398000000004,76.08959999999934,96.01298999999995,87.51180487,0.000350912,0.912774189,SV;SD,SD,-0.0017851657840377566
H339,Hekla,H339_mesh.pat,6e47a333114ea272e5f1ab6af65ec3b959d75507b6454196cc6a91621e350f55,H339.msh,e5f95e7a32fa0914c7c10e08119a0e994899d5a6c1ad22074c01ed7b20ae49f1,883639,4981,0,1,0,4981,26572,0.0003312648057085177,85.84708610329666,1,0,0,0.44372567153282716,0.5484023260503027,0.8121341369031523,1.4601549827692313,5.07036403168295,6.589222287505159,8.429390875224353,2124,True,88.39985200000001,85.28064300000003,88.47933000000012,86.01374702,0.000333198,0.966480653,SV;SD,SD,-0.0019376079112630729
H340,Hekla,H340_mesh.pat,a0847350e0906f44e98ad427190dcfdf0267098cb9dbec37ffce970e90c85bd4,H340.msh,2dba7d8e8ee63990a436bf641f7540a4cf167d333ded37eaeb25b87e19289074,947003,5310,0,1,0,5310,28506,0.000346012090117786,87.10255287365591,1,0,0,0.41179873395063205,0.5557130077222459,0.8154605813765282,2.287420673314396,5.015113859913324,6.482188306599929,8.376717123707564,2160,True,88.96092000000021,91.65620000000035,85.4736924,87.25560183,0.000347839,0.988372878,SV,SV,-0.0017540301497465105
H341,Hekla,H341_mesh.pat,804c41a96d8447765b995bdc6c8fd4d42b6b4716584dcc473c922a95352e52ff,H341.msh,dba37ab19cc3ab13af254863a697de53b89e7eee941e6a2883b6bd057f0a54c7,857123,4875,0,1,0,4875,25731,0.00031856384793581396,84.7356090610811,1,0,0,0.4720841618369733,0.5664100414413007,0.8127123203794961,1.3527476557250304,5.049757750468423,6.570657587263088,8.423395837843241,2216,True,72.20912399999997,110.26508999999987,92.3311799999999,84.90120169,0.000320435,0.936598088,SD;SV,SD,-0.0019504156080559776
H342,Hekla,H342_mesh.pat,97a694fad1867117b12038b7c50bf0003cd3408c1348614f9c184af72edc803a,H342.msh,691ea8caa841cea7bd135c5f6a503a18bf2acc70526549a8288f1aa3f94a981a,753187,4353,0,1,0,4353,22541,0.00028462563218236054,81.61283456596622,1,0,0,0.4265581706167999,0.5664234861466343,0.8122398128997458,0.9866327293374195,5.076909341893032,6.622308166270033,8.80653163539797,2248,True,117.61289799999997,95.16265999999996,56.02213999999981,81.78368858,0.000286417,0.726757062,SV;SD,SD,-0.0020890964567665815
H343,Hekla,H343_mesh.pat,7bf5439c75f2753aa8e22a4478e0b46bfb47cf72c53516f09ed044e6ecf8c0c5,H343.msh,ea8132168c9c2916d6ea6710c89e6c87b08bb8934373a0a046991d0d5ab1aed3,952491,5364,0,1,0,5364,28648,0.00034483377400198063,87.00356686522919,1,0,0,0.43158211518116446,0.5632473802905605,0.8152015273423194,1.6389559232070654,4.984630024667215,6.4610038745739065,8.359765436598316,2282,True,76.43263000000024,91.0940709,88.73134800000003,87.14910342,0.000346567,0.884622084,PSD;SV,BSV,-0.0016699719108919098
H344,Hekla,H344_mesh.pat,85a995c117f6878348a8495e3d5908a48d233d86768f2bad8490dfafcf3ec62a,H344.msh,05f9f0edca6e561bc7cd6da03aa0d62f7dc6916933f979431fc35244fc9a8d8a,930679,5215,0,1,0,5215,28018,0.00034485591846800367,87.00542921789044,1,0,0,0.29093383871804673,0.5415523690282149,0.802641574795874,1.3342691384054828,5.038524940911486,6.634941418400622,8.77899126210954,2124,True,90.80730999999923,82.93792000000008,86.43343000000004,87.16867047,0.0003468,1.010957274,SV,SV,-0.0018727055400683534
H345,Hekla,H345_mesh.pat,80c5202ef92f07e703e0cb5b89684a36c8f4f320e7deb5f78c48e1257dcfd01b,H345.msh,f22a28d95c660c3ab0b399dcc8b39f936bb6fc7e5682c30fbebda10d1fdd19ff,892739,5108,0,1,0,5108,26770,0.0003195887463617592,84.82638356324522,1,0,0,0.17316288678198358,0.5596700245232353,0.811613130318602,0.6058669276796046,4.9931742926945315,6.534757967654468,8.881661814286065,2452,True,84.72906999999987,91.49382500000002,86.64477000000011,84.97745226,0.000321299,1.030364758,SD,SD,-0.001777750364797659
H346,Hekla,H346_mesh.pat,9b7bb3cfb2ff8df5c2567da7dddedc0e3c40097785cb873b99eaa738033d3c18,H346.msh,0c77a8d04bd445f3cd3f0fd5dee8e1ccb5a01b91eb02be37f2ba2796dcad378d,871767,4942,0,1,0,4942,26187,0.0003090682703232481,83.885184959508,1,0,0,0.44418353201797056,0.564720505091784,0.8182269042236154,0.476800191125238,4.970830827929802,6.474013079903505,8.560087622308998,2202,True,84.362347,91.05019000000016,87.07260000000008,84.05050466,0.000310899,1.015893992,SD,SD,-0.001966909076402956
H347,Hekla,H347_mesh.pat,ecf3323b0aa909e49613126c774085c41a99db8e264264253d89f6691d868b26,H347.msh,cc894f16fae533c53e821544ae4dd6953cc63736fa42dbb08f837193362de7f7,869471,5163,0,1,0,5163,25884,0.00027391976687108244,80.57647241751144,1,0,0,0.23107451899077067,0.5347475695663733,0.7940974209661524,0.4440432297645196,4.779396895445901,6.608080464482134,8.85110438534126,3214,True,91.66421999999966,106.41264000000001,65.25819999999999,80.71522894,0.000275337,0.826483364,SV;SD,SD,-0.001719087269042019
H348,Hekla,H348_mesh.pat,007bcfbeaadbad0975fedf9fdf90c1bb389924c94116611de94728f7f7acd99b,H348.msh,f5ed598b5d14066cbadaf1912084323f96a504fc4917eb39f4a10e719564306d,914747,5120,0,1,0,5120,27544,0.0003382427993712895,86.44568351251512,1,0,0,0.2972512234230868,0.5472959025902439,0.8060966509381824,2.007415845782946,5.050338096068395,6.578221857562269,11.246540511437399,2060,True,80.66637000000014,88.77395999999953,86.73427000000015,86.61157837,0.000340194,0.953294441,SV;SD,SD,-0.0019153889192065066
H349,Hekla,H349_mesh.pat,a534351aafa388b3181978c679d4cfa9edd687dfc93dfeb6d93891804ddc3199,H349.msh,e69d2ca5c0a734dcc5250f99c74e3def03820e87fcacef3c9f7373c4905881a5,798015,4533,0,1,0,4533,23962,0.0002955565037020475,82.644501809223,1,0,0,0.38711402318556376,0.5638805929459466,0.8098985181890609,1.711602759763502,5.042741319555219,6.559765848472502,8.6180189538212,2064,True,65.78636000000006,83.247026,106.02334000000008,82.81292451,0.000297367,1.010115316,SD,SD,-0.0020337731311090845
H350,Hekla,H350_mesh.pat,e8c2bf4d89f90e951bb4121cb82eabd212453906817f57ce0eb6c9b2b6d0d245,H350.msh,923571b6d18db261f45d46652d1d4115a6e4fbf029a2803dedce6306952eee51,819519,4629,0,1,0,4629,24634,0.000310803343853192,84.04186603715645,1,0,0,0.43511394038713963,0.5491196047833932,0.80488734274002,2.2011822760736024,5.074900315271826,6.670311513139864,9.27294572544684,2032,True,80.92059999999992,100.5034700000001,76.53841799999998,84.21149314,0.000312689,1.175619472,SV;SD,SD,-0.002014298720028007
H351,Hekla,H351_mesh.pat,6174e294ba4730d5f561cf1aac5208ac2801b2de0fe7dea89cc68ea119d13efb,H351.msh,811bc9954c4d5bd6bd9f6c7fd376b74e711ab8eb8aa79571954100bd87cb44b3,887531,5050,0,1,0,5050,26642,0.000316159254651712,84.5218690725764,1,0,0,0.3952717548839658,0.5558200486207029,0.8134467528002784,0.43437424612869996,4.982395107787237,6.4854048602034275,8.392767234023546,2310,True,80.71009000000004,102.6599799999999,74.55022999999983,84.68479129,0.000317991,1.166101193,SD;SV,SD,-0.001923866315802658
H352,Hekla,H352_mesh.pat,96a776decb848d76fc53c014f691b617217c87ebb8ff98717dbffb6bbbdb5cdd,H352.msh,33855c503ae7d973859c1df588d97813c4fff375765bbf781efa1b1b731829ee,699315,4325,0,1,0,4325,20645,0.00019715546787417516,72.21100698749005,1,0,0,0.26518114787253455,0.5246116777081856,0.7877882911660191,0.3002299931784914,4.568011926934349,6.547251093290226,8.938730247053346,3310,True,80.58683000000019,138.21942000000035,73.54981399999997,72.43155742,0.000198967,1.557028112,SD;BSV,SD,-0.0030449494718313153
H353,Hekla,H353_mesh.pat,0933f378f30453f79ba6c2ef2a20c57c065543d1f519fcac139771cea6c6d5a2,H353.msh,0f5771cf1cfde687ae348d2afb30f6ebe32838ef312cc95fdac614d3902ac156,709983,4121,0,1,0,4121,21230,0.00026051587342995044,79.24013182057001,1,0,0,0.4478137666930646,0.5540743157904992,0.813143851401587,0.4181099661570987,5.044205977120667,6.610994051961643,8.620223932665402,2196,True,95.4354699999999,85.45401000000038,86.33186999999998,79.41999525,0.000262294,1.088242093,SD,SD,-0.0022647121655422486
H354,Hekla,H354_mesh.pat,4fa6193cd96a2db2a9c97cbbf0335e95479793cb5fc2745a6ab688f4589493c1,H354.msh,1af4efb91cc8007393d56870fa5eaacee8887dbeabbad266ae0bebc9f193776c,823019,4635,0,1,0,4635,24753,0.00030926233008322376,83.90273807483699,1,0,0,0.4470010247897443,0.5690299565793148,0.8165388476914517,2.1661067020610267,5.065147874436949,6.564860433491871,8.54423786030815,1940,True,84.17080539999999,79.85544999999979,95.58357000000001,84.07881825,0.000311213,1.070447489,SD,SD,-0.0020942275216030426
H355,Hekla,H355_mesh.pat,e142bae19438332154e01292f7a60396f6cd5b22151d5da1a2315228575ee6b1,H355.msh,6146e50cc5e65b1a1e03f2ed2bb7a336b0ebe5b2875897f6fe23c5378b1206ac,771695,4482,0,1,0,4482,23073,0.000273738809452797,80.558724979284,1,0,0,0.4168375245788793,0.555769290395162,0.8086022259540356,0.6157322269371132,4.971536860282181,6.582068923024213,8.482112966814174,2394,True,100.39058999999997,80.57510300000013,74.75990999999976,80.72158344,0.000275402,1.154346444,SD,SD,-0.0020175330286609228
H356,Hekla,H356_mesh.pat,712b578054d1596dd655adbd4943d259871de535c8d6713fe3c90f3bebaa491a,H356.msh,5c97736c3c8eaa7fce56c09c0365ce34ddc48546d3cc9c6f0f52dbaadb0b9dd8,764275,4349,0,1,0,4349,22941,0.0002865239840787669,81.793875542837,1,0,0,0.4185028179509482,0.5765615924451315,0.8189155001929845,1.746173222420788,5.040905311722983,6.526033592545943,8.650187148885879,1990,True,69.21495000000027,112.31609000000026,68.71225400000003,81.96793656,0.000288357,1.615281172,SD;SV,SD,-0.0021235256670830704
H357,Hekla,H357_mesh.pat,0f55ebbb90dfea1cd0ebcc84ab056186890612c51c1e62b3e051d66f1eae87d7,H357.msh,14eede84e4e9c27a49cd6962406ff358103da7f185b6f83eb15a37c7ccf30140,875099,4955,0,1,0,4955,26293,0.0003101073324008486,83.97908483847807,1,0,0,0.3971147064132768,0.543874028765282,0.801915193114347,0.8106283556496185,4.964404657208657,6.525459905392705,8.624003027208971,2234,True,86.45743000000039,84.78998000000047,87.74392,84.12947548,0.000311776,0.991385643,SD;SV,SD,-0.0017876094040034651
H358,Hekla,H358_mesh.pat,b919834b3e43a02fcc07e80854eec323334f1c6006230ea996aa60e9c55075a5,H358.msh,a0b9a3db386440d1cc99370f03cfb86d390170edf78581a4afcc3f2dd30e7bd2,654683,3765,0,1,0,3765,19611,0.0002468141778160567,77.82584182044272,1,0,0,0.43554478662073237,0.5483528734469933,0.8012474440544679,2.1496755846731017,5.086747227677999,6.6726748191048575,8.633556868204385,1894,True,71.6313980000001,101.9422599999998,77.5913800000003,78.00821493,0.000248553,1.211480519,SV;SD,SD,-0.002337870565567002
H359,Hekla,H359_mesh.pat,f8f3d6c11fc0d96040926a87befb4c6999c795bf4ced42d4e277944e1bd60d83,H359.msh,1e685d0cf9082710ab6116fc31e71bd591fc440020ddc10a49b808ea0dfd4155,765591,4418,0,1,0,4418,22919,0.00027131564294131163,80.32031516918971,1,0,0,0.41744706299411793,0.5579692990064243,0.8105715088416261,0.7234025293015238,4.971189152662264,6.562594038187624,8.68759184661645,2270,True,66.57028999999989,79.09444000000008,102.565516,80.49796275,0.00027312,1.090163636,SD,SD,-0.002206858096049036
H360,Hekla,H360_mesh.pat,4a0a0cb5a2747cd53cf51f5bd06afc2ae65abb7e1362c15628d019f08000f4e0,H360.msh,5c20f04f2bae875b4d2874412766a415109c6f221cf014c7ea51518490e3a9e6,870479,4891,0,1,0,4891,26192,0.00031690099746216257,84.58791650815377,1,0,0,0.3704164841203098,0.5552136582454751,0.8146318355361528,1.6396050821108734,5.00684267940199,6.481942209235334,8.398221036015688,2024,True,82.12202000000002,89.59922000000006,75.89790800000003,84.74818232,0.000318705,1.013672695,SV,SV,-0.0018910825867755054
H361,Hekla,H361_mesh.pat,1434c00c7589524aa86510144a004e10ffbc058ad613a184cf1f9fc385325dd3,H361.msh,c36808e24c97791fe6e166b72513aecc9a96820b91621a747af057ba003b7674,923987,5200,0,1,0,5200,27794,0.00033127693498525597,85.84813385556635,1,0,0,0.45432718318621534,0.5606793846742073,0.8123434890178115,2.006677519017133,4.974718804147024,6.475997754986018,8.333734787189492,2210,True,77.60552999999891,87.68122300000002,84.00261,85.99523686,0.000332983,0.966909942,SV,SV,-0.0017105947934434873
H362,Hekla,H362_mesh.pat,4ca0dbed62e4360546d86a64f0c49abdc2d4b93edb595b63ead52d485fa8a205,H362.msh,393657a002dddc1ceb811068225a272576ddeb9af4c73320e06809c3af9c602c,695199,3963,0,1,0,3963,20860,0.000264763647671359,79.66848853142729,1,0,0,0.4312783587051948,0.566668753086225,0.8161123671071433,1.8998228400853645,5.075078857322707,6.6069232003456175,8.380825204754444,1842,True,78.659602,102.64183000000003,72.26500999999985,79.84893367,0.000266567,1.197587936,SD,SD,-0.00225983153786935
H363,Hekla,H363_mesh.pat,5c63367381521640dd13fd57145e049ae4f0f5351ce044b212c4f9ca7c2f5734,H363.msh,bbbe4737a25890140163c872b4e41eedb51230aab64fc82272766a3a666dc5f7,772339,4364,0,1,0,4364,23214,0.0002891559018014965,82.0435567301095,1,0,0,0.4570933198042146,0.5480005238305286,0.8070686696590055,2.142085189038783,5.05415135124566,6.621714252988999,8.294947601878015,1916,True,71.14776999999958,92.64693000000034,95.59942999999998,82.21352961,0.000290957,0.796204531,SV;SD,SD,-0.002067456301861781
H364,Hekla,H364_mesh.pat,058fa38fb3b6b45cdde803b5b18e6707af4140e24d79bcd5a5ab1546c61ffc61,H364.msh,23a56e42e1fb7c2f41bccf80ea336866a8d8011e477e127dc36aadba8f9ab7c8,754027,4346,0,1,0,4346,22578,0.000266775674428208,79.86978856178877,1,0,0,0.19051728105547153,0.5370099426386575,0.7957387427537594,0.5365054579722387,4.988970981968507,6.6363482874690245,9.04352117788166,2238,True,81.88977800000009,84.40297099999998,86.91212300000004,80.03566748,0.000268441,0.990900045,SV;SD,SD,-0.002072562439148551
H365,Hekla,H365_mesh.pat,98fbad430e55cfa143fcb8c1b059076b2de6d428c69c949fc7dee65d75ecd67a,H365.msh,a210e43c34220208b6cd928e58e155fe0fb44797e847c85e4117d5cbf4caa908,821535,4780,0,1,0,4780,24555,0.0002749207031824658,80.67449854103498,1,0,0,0.14422708850756014,0.5452358340553595,0.8019183152799656,0.3795370533953313,4.904986110013007,6.603731334963993,8.672458937068788,2592,True,78.63249999999994,88.3753824,82.84760999999997,80.84136312,0.00027663,1.022812045,SD;SV,SD,-0.0020640990270949233
H366,Hekla,H366_mesh.pat,c53ed53db51d1b593e35f882726dcd48ee1620e9b0414cd1c54b96e3573918d5,H366.msh,453731f75580ea07aaecc151029400218b8f16eae8b04b6531ae89db7dc201b0,763491,4327,0,1,0,4327,22935,0.0002825316253430344,81.41219831788172,1,0,0,0.4076526425018323,0.5535015466006942,0.8091466234114852,1.1803946983108913,5.048972749731583,6.564980053127867,8.884663813937996,1930,True,81.40151999999989,86.3414899999998,78.65669000000003,81.58005274,0.000284283,1.02623062,SD;SV,SD,-0.0020575424565272282
H367,Hekla,H367_mesh.pat,bbd2b5ac0d745956b7926d3b832be77a3ee42bfec13d147f0d55f8bf06f6336b,H367.msh,2e46509c3a6e8e9783422f8f19bddcbc6412bda8cab7256e2d23975a20f060d2,785191,4474,0,1,0,4474,23563,0.0002794376931612621,81.11393212854064,1,0,0,0.38977690240115376,0.5427332771471133,0.8025977868605716,0.4291749988055781,4.984736772419378,6.572363426298565,8.99230550524094,2096,True,73.58055000000058,78.53322000000003,88.88686000000007,81.28177315,0.000281176,1.057991515,PSD,BSV,-0.002064928150000256
H368,Hekla,H368_mesh.pat,421d4ac81cd44d1d4390d2f1a96f11f3736a16f7fe9d2d6e7bc74f627a645fee,H368.msh,7ea8328ddac74c5753ce478bcbeb136e20e6d0e67045536bf566c79a5e34616b,796923,4710,0,1,0,4710,23746,0.00025574397265699716,78.75333031536,1,0,0,0.21417327065915615,0.5437428857273185,0.7974485792374022,0.33337306324886273,4.8175814784813005,6.58547732512745,9.166125675277643,2844,True,69.16294999999991,89.89240999999947,76.95365000000038,78.90646637,0.000257239,1.045844831,SV;SD,SV,-0.0019407288361125152
H369,Hekla,H369_mesh.pat,2818fe1e345b9bd7ccd7d2a879bb6e3503182bb2b159eee9a89d1ed55ee91fde,H369.msh,d5d3593733982a854a018689560af558f9f12602023b53a970c32163ee61f62e,792891,4562,0,1,0,4562,23750,0.0002721704531565356,80.4045794422742,1,0,0,0.35467296126109343,0.5442447799988929,0.7992537926072368,0.4502382981267634,4.934765334417307,6.544070570204071,8.325781518206076,2310,True,81.06624999999985,83.24712,75.18774000000008,80.56566346,0.000273809,0.954013229,SV;BSV,BSV,-0.0019994127871332257
H370,Hekla,H370_mesh.pat,fca38a7c306af5b6d49b23cf8779ea79cbf17716084ebd00d702aa05f034b1f4,H370.msh,a2c309c91b91d4f61a70c652dfbf1047bdb0d185d9f5fb08b950be8ce2e90557,699903,3993,0,1,0,3993,20998,0.0002710211958109367,80.29124859726907,1,0,0,0.45754006554883087,0.5592219019438774,0.8091478051674404,2.207468339500795,5.1188465112464385,6.681630258603109,8.772779935881426,1882,True,63.57435000000032,84.27579999999944,104.10965999999962,80.4730503,0.000272866,0.931999133,SV;SD,SD,-0.0022591625650223435
H371,Hekla,H371_mesh.pat,591b19bfd86898117f64c15ac4d5c8a192fe60e107aa3d0c04929d05a6f6a3a2,H371.msh,37980dc0039bedaaff9f1d33528a19f8d64358fb4f2f8a10d32ae6b15f5ea24e,771163,4365,0,1,0,4365,23171,0.0002816501929176092,81.32744779946849,1,0,0,0.4199694212847861,0.550761324205054,0.8099451572921936,1.9586580572090497,5.011146855751631,6.5237601271608145,8.818810343557148,1950,True,86.97728999999981,85.62116700000001,68.54114000000004,81.48539071,0.000283294,0.815840389,SD;SV,SV,-0.0019382972721284641
H372,Hekla,H372_mesh.pat,614be794f23bc3056fb66000f0a4faa3897a02c6b3666972ab27a898bc4a54d5,H372.msh,8d0cb24ca095b36099b9f97e821318a896a1615bc1778a57eb5816e676b30d11,759123,4583,0,1,0,4583,22523,0.0002345874734006079,76.51890240178034,1,0,0,0.21213529282740645,0.5447641367052809,0.800473840237488,0.3712612861581669,4.723413312982619,6.577111537624214,8.63207948886584,3082,True,85.47937000000002,89.06570999999985,76.10609999999951,76.65994752,0.000235887,0.928233294,PSD;SD,SD,-0.0018398801823190647
H373,Hekla,H373_mesh.pat,98557ef79c592efd231f6614dafbe4270c4d7089814d3f86ce87f6616c857e36,H373.msh,719371fbd193a0330363d6dd7909226c1321d66a4f8188fa8b742107f12de543,839959,4762,0,1,0,4762,25231,0.00029330063902344747,82.43370042354077,1,0,0,0.4190046679163692,0.5522685878594014,0.8109077581879074,0.41676159456100725,4.959396240828718,6.451103179157304,8.367927296095335,2122,True,75.50329999999985,80.73060000000032,80.510873,82.59840894,0.000295062,0.936483099,PSD;SV,SV,-0.0019940882466498167
H374,Hekla,H374_mesh.pat,975476aee838f097fa70d28cb2bfb8845b6e73b00be0adface00d13422a4c38f,H374.msh,b3506e00ff0fc76e5471ef776a33b3fe2592d2433a7804d031f42d80c62a5758,661403,3961,0,1,0,3961,19655,0.00022439686898519478,75.39445222287986,1,0,0,0.16239319967313634,0.5491762625190895,0.7985528451065218,0.4143298583255758,4.91659038430682,6.661750069527575,8.835512057028907,2578,True,93.2132700000002,100.52672999999959,47.41423000000009,75.55193273,0.000225806,0.546731877,SV;SD,SD,-0.0020844007748012094
H375,Hekla,H375_mesh.pat,d5a49c2e06aa2e4ec8dae56a39e34b7a473f5cddae781f60fccf9c6ce8ff7650,H375.msh,34bba9b57865a573eda4c69e422383991259ced5e1494b77df7294ef982ae721,754783,4348,0,1,0,4348,22603,0.00026910189972602204,80.10126605458396,1,0,0,0.41371850860943243,0.5427662429800085,0.8112606032733566,0.34693957647954665,4.999671976670687,6.5489726394031536,8.54049536724999,2204,True,90.32654799999995,83.19787409999999,63.84775000000013,80.27109995,0.000270817,0.834448634,SD;SV,SD,-0.00211575393288288
H376,Hekla,H376_mesh.pat,ef72390a22ba5078423cd1e3cd93b7e95cd577fe0b20ce177f767cf24cfc4f28,H376.msh,caebdfe33c7452a7812342a989c6813469f860199a5fc22f28f60c0efb9e84c8,624527,3688,0,1,0,3688,18611,0.0002102454741117782,73.77502145064817,1,0,0,0.3978951036862929,0.5387356982118942,0.7993640151730221,0.4823783239320126,4.907354661956794,6.619934466327204,8.793926609626844,2216,True,106.35154999999986,74.63302999999996,68.2634800000003,73.95983074,0.000211829,1.296463725,SD;SD,SD,-0.002498779236008719
H377,Hekla,H377_mesh.pat,767003fce86a5fbaf9d01adaaed868a2c093e7974aa3bec0efa4a5c455c36015,H377.msh,d510e0e4f3edbece9f36104c3954b5a609972c33523de38e3f83315a344d7c5b,672491,3833,0,1,0,3833,20179,0.000254867006416609,78.66321010125257,1,0,0,0.4372285693487844,0.569269643838531,0.8137519950102408,2.2819750190131534,5.0669608421420245,6.582739199176601,8.332556063778185,1784,True,65.83761000000004,87.39855999999963,89.14272000000005,78.84297471,0.000256618,0.769948977,SD;SV,SD,-0.0022800333118915272
H378,Hekla,H378_mesh.pat,56879553bfb7d129bea92878a350cb98ca7ca2be0eb7a614518a0dfb73231f9e,H378.msh,56da43e7016901640b7871c8e730a6e656e8cc17e014cd4496a7b225ddd02e51,650511,3720,0,1,0,3720,19507,0.0002466353476367274,77.80704093944681,1,0,0,0.4564994201546373,0.5553678277669122,0.8090028086957757,1.7917304659415574,5.081658754365828,6.630620860913695,8.864041165618334,1786,True,98.9689800000001,76.7253799999994,74.265714,77.99533349,0.00024843,1.257602018,SD,SD,-0.002414151489939176
H379,Hekla,H379_mesh.pat,3c74b823506a1553a175297ab2d3c08cbd81e35385266428d84d068ebc252b50,H379.msh,d1d05087749200651132689349ccc98f44933e090de313b183dc9795fe436dd3,590787,3420,0,1,0,3420,17674,0.00022040128103959294,74.94428099146975,1,0,0,0.46805954768768954,0.5614684151926101,0.8107855845891503,1.4765754764457193,5.044903085929485,6.592666113315735,8.755707319880116,1784,True,75.3918000000001,79.47809000000052,87.36459500000001,75.12161271,0.000221969,1.044036167,SD,SD,-0.002360595202006821
H380,Hekla,H380_mesh.pat,0a567c68c2924fb53ecfb5219ae9bb7c4c3eb44a32461c602464fa622390aad8,H380.msh,2330101945f4d618f26e79c74241585abbb225c394db32f82acd253c748173c7,680891,3881,0,1,0,3881,20431,0.0002480175951323395,77.95212462407233,1,0,0,0.3787727818884007,0.546575421182901,0.7997987478160984,1.0131721189414613,5.008214491832491,6.609734157374579,9.11119163431978,1848,True,82.20376999999985,76.06142999999975,77.90445000000022,78.11374649,0.000249563,1.031178914,SD,SD,-0.0020690579211735116
H381,Hekla,H381_mesh.pat,14eaa4565c91cdaa4779b5f57bcf5049ffd120b268a4b9cfc5efc1d842a7fc4f,H381.msh,ee6a20334a350fe29ed65d39ba6d721ee2a7352a9e8b544f0b4fa513b77c4df6,630043,3679,0,1,0,3679,18817,0.00022230625680574187,75.15958173761477,1,0,0,0.44316490389705493,0.5635333317877226,0.808449560437125,0.39650268208430006,4.976596168798459,6.5474170677543535,8.3591474611349,2036,True,71.65905999999995,85.13611999999989,84.39999399999988,75.33364215,0.000223854,0.854723755,SD;SV,SD,-0.0023105269759644553
H382,Hekla,H382_mesh.pat,31e7ce4f37cbc3c2534e36cd1fc949bdd3a7b206a6647364727012c48edca64f,H382.msh,840a213a42ec0cf11cc329a2ed95d1249d72a76084f001893fa356e30617dd5b,608903,3511,0,1,0,3511,18230,0.00022746186160786528,75.73616709739328,1,0,0,0.3357319360656251,0.5608426489210646,0.8098442044939707,1.1293790302638982,5.05374615183538,6.601210789229191,8.92983440178452,1784,True,81.92633999999998,82.55641000000014,75.17821000000004,75.91717077,0.000229096,0.917799942,SD;SV,SD,-0.0023842257393270616
H383,Hekla,H383_mesh.pat,9ea734422b430169a1508886e475a60bcd0e96e5417aee0992b5e778daad39e1,H383.msh,88d1cfbda25206c4b31547d769cba21374c49a714c14052f52c2129fb5786063,614307,3598,0,1,0,3598,18336,0.0002147438417693314,74.2974711525094,1,0,0,0.4292865361171849,0.5490692800412081,0.7996202497431395,0.39122492469200393,4.968364279222255,6.657454295174568,8.516281427418678,2034,True,63.60593000000017,92.19596000000001,78.05785300000002,74.47484023,0.000216285,0.965243373,SD,SD,-0.0023815972876588543
H384,Hekla,H384_mesh.pat,c8d1a83c36c3af6b0ad00e741f5c617398e85b1531cb9b54947b9335feb085cf,H384.msh,978a1500dd44bd4419c011d9187b7bf18a3c4622cbafee94bb6ecc73480ae14b,618563,3558,0,1,0,3558,18528,0.00022716968471643876,75.70372526417636,1,0,0,0.42731050804304505,0.5586740206804867,0.8092392314526504,0.91401373738321,5.042229555161369,6.585343373868738,8.613118972979485,1760,True,61.28251800000004,72.18499000000065,88.89159999999993,75.88183989,0.000228777,1.044909776,SD,SD,-0.002347262877150036
H386,Hekla,H386_mesh.pat,d0896fd52d179f6b4525f115283214b17cbfb2b45526827a7ff0a1e0ed85d52a,H386.msh,8578b0175f86a15a7c1c652ff9e794a7a3e16217a3c9054eb818ada8aa04089b,541983,3158,0,1,0,3158,16193,0.0001998981398923208,72.54431376937791,1,0,0,0.4358097341046319,0.5538039984399775,0.8119766244489401,1.3007166272008521,5.0280034799967455,6.598849539355655,9.248522583007686,1722,True,69.91179,77.58048999999983,87.09960000000046,72.73466512,0.000201476,1.013313813,SD,SD,-0.002617065058429069
H387,Hekla,H387_mesh.pat,9ab9c51219252f691d15a2361fe1d5763b3b526da6ac11d2cf85e2d7d41bd89d,H387.msh,da145504b5896470bd2ca39541d54a1623ad09c2f86f47a83a2c4c771f74bf77,664959,3783,0,1,0,3783,19960,0.0002441180493279407,77.54142113122424,1,0,0,0.39592758639953946,0.5535468216820638,0.8113856872784351,1.4969501580393452,5.023998779878724,6.537932752436781,8.426539152420084,1724,True,67.97807000000012,84.23899399999999,79.53359799999998,77.71649607,0.000245775,0.905257816,SD,SD,-0.002252738448450753
H388,Hekla,H388_mesh.pat,edeae564acad4f30c44c1694a49316f779f78b9ace5e607d84046c6e7312b1a6,H388.msh,010cf95cce9c7251aaba1b8f842771c50b0d7592e7e1a8bb2f34204368bf5b27,672715,3937,0,1,0,3937,20083,0.00023056507767813892,76.07903031326695,1,0,0,0.25755538442148757,0.5427696743649992,0.8016187490462727,0.4391591149003902,4.940325695021653,6.625983988695903,9.243696573697951,2234,True,84.01048999999989,96.90665999999965,54.932129999999916,76.2467908,0.000232093,0.761591922,SD,SD,-0.002200230133922454
H389,Hekla,H389_mesh.pat,ace32bb18b14f2923666476e335adda4acbc6dd223e7e132818185ebcc288b4b,H389.msh,7bda45d9a0945773fc1d8f0b5c13150c4ac2e8fbb468af0d6a9519a99c994cf9,569787,3304,0,1,0,3304,17040,0.00020851435385239829,73.57198010959601,1,0,0,0.4328188516324303,0.561984742833321,0.8109491919794057,1.0830705968217051,5.024555969292081,6.583330980839586,8.277416600292636,1742,True,75.56551000000013,81.69889000000057,68.1529300000002,73.7517317,0.000210046,0.973601475,SD,SD,-0.002437252472052509
H390,Hekla,H390_mesh.pat,4e18a8d7b0ac5b1360091570334f09c70cf98a1701375f5ea8b832c7fec09ba0,H390.msh,99f4d1ebfbb0bc7f54825c12eb3a63debbcde6b1be856460993d3ed42648c3d9,598571,3421,0,1,0,3421,17951,0.00022130017436097424,75.04602803565861,1,0,0,0.42599421649351066,0.5709969794348717,0.812439501370624,1.5113118833611952,5.048708085221804,6.543425390989759,8.646180280444506,1614,True,77.4685199999999,67.96025000000009,86.20743800000002,75.23547724,0.00022298,0.975628155,SD,SD,-0.002518083373579838
H391,Hekla,H391_mesh.pat,6ea5c5723f249b02c51e0a02537c20a8965fb94c58b4448fccd249fe41e719f7,H391.msh,bcee05cddea74585ef2ff62d6900df697ce44fe4a016262801a087581b66d66b,565559,3253,0,1,0,3253,16940,0.00020923472926124672,73.65660822110037,1,0,0,0.45168334403859917,0.5662618738317877,0.8121620372639259,1.9984094330995583,5.043710541837556,6.559976602181371,8.524927499233526,1630,True,80.82386999999994,69.50907999999981,84.92372499999999,73.85146331,0.0002109,0.905576281,SD,SD,-0.0026384729586427236
H392,Hekla,H392_mesh.pat,4af8406d3a9c01e789781d57dc6d18a3e2be9fb70d9a34f64267013cb0405a0a,H392.msh,70460f46a01aa9639e1a4bd18e6e6e2462e23af6eb762b649eab8273e92b6e25,624583,3672,0,1,0,3672,18629,0.00019761483165440976,72.26704633614519,1,0,0,0.16962388770012876,0.5507475676609925,0.8017230162803899,0.4228343526722418,4.792960292210979,6.473468808771145,8.615373117729305,2140,True,66.32772,84.28877999999986,67.50834999999984,72.44823764,0.000199105,1.228891172,SD,SD,-0.0025009760037941753
H393,Hekla,H393_mesh.pat,ca2c97650e1b7ff901f9cd010cc483266169e8e2e9fd4dd8a81cb287de32e6c4,H393.msh,4357960d5c29999d9ba16a8a00fa9afa5bfa0f765a4ea7f528ae9755fced3a0a,673723,3900,0,1,0,3900,20156,0.00022911538246588067,75.91924408556281,1,0,0,0.40339700530764605,0.5530050876318882,0.809537434088974,0.47768255431790024,4.91688629343315,6.488455176254426,8.35888935228866,2042,True,80.73126999999977,73.71406000000025,68.920782,76.08738133,0.000230641,1.024510213,SD,SD,-0.0022097914463367063
H394,Hekla,H394_mesh.pat,1476380490ae29ac2b94cefc983ba17986f7d2a00b3d64f2bc11ef3dd28e9b65,H394.msh,6224460153ffc52a8786ac6c1b755f058d063110ea7bd3c5682cdde3778ec34c,661571,3785,0,1,0,3785,19837,0.0002397020667567164,77.07101030847632,1,0,0,0.45498070584334926,0.5639113362152729,0.8147647596635381,0.9772190604981996,4.996292767987277,6.497427907245869,8.543060489419783,1816,True,79.50368000000071,76.42106000000013,74.80184699999995,77.24310802,0.000241311,1.016826964,SD,SD,-0.002228000865515667
H395,Hekla,H395_mesh.pat,6b9a4ae30d50600b18c6310cdfdd9a77487c82311bbc46706352c1512fdb421c,H395.msh,e39741747f2cb08dc0a27872c97648c49d94d6975950051e6c3cf156aba244f4,622623,3648,0,1,0,3648,18583,0.00022181034321590775,75.10365227575285,1,0,0,0.3227338124462517,0.5383062220244109,0.8041699556410645,0.47979178504854697,4.987484623465264,6.668073268019488,8.930878290655473,2076,True,75.13445999999976,90.8714500000001,62.55913999999984,75.27019948,0.000223289,1.006963948,SD,SD,-0.002212657936311202
H396,Hekla,H396_mesh.pat,602715e62f08befd4feb1992c45ec5ac0a2917df4293822626357ed49b12391d,H396.msh,57dec9f600e39123b5c9b006f2b3f76151806368726398022b8ff9bb6a1fe72a,627523,3928,0,1,0,3928,18478,0.0001754643014487959,69.45924363287767,1,0,0,0.169936268628905,0.5164563938802261,0.7831767303646301,0.37752568770331674,4.516245436227106,6.577456100811444,8.640037341117093,3120,True,58.219982999999985,77.22903000000042,84.89379000000054,69.6230983,0.000176709,0.829060097,SD,SD,-0.0023534526776772813
H397,Hekla,H397_mesh.pat,6ba978867dbf2cacfdd85157dfd7b81f0bf2df6fd4fff674f8bfc2e1a6e9500b,H397.msh,03a0e6ed7bbf1061004e63b737cf71f0587f86188318ed8888e0f0ca02fa77f3,632927,3604,0,1,0,3604,18995,0.0002328966801730591,76.33462185568621,1,0,0,0.37413026011382045,0.5552845157604425,0.8120878462767758,2.0736024087507303,5.030326848078624,6.551494130275194,8.680958573296811,1662,True,75.67279999999982,80.34132999999974,80.85748999999998,76.51973016,0.000234595,0.946236448,SD,SD,-0.0024190924866923647
H398,Hekla,H398_mesh.pat,c89dcd5fedd633c211d8fe469faba72800d1c507f456d2a671e17813d306a3e2,H398.msh,946d8014b62eab6836c6fd711e0b208deb3b3095aafea0c671143e07f9c0665d,663503,3839,0,1,0,3839,19852,0.00022949481453268605,75.96113027156181,1,0,0,0.3695220048714085,0.5397310070777174,0.806902676780325,0.3818832464300178,4.950807119352928,6.533786340685051,8.407321376704331,2002,True,72.875898,72.27027999999996,88.65545999999995,76.13718217,0.000231094,1.209393015,SD,SD,-0.0023122985829066023
H399,Hekla,H399_mesh.pat,2b92f988dadd1d0836ccc8b47b342e578ac142ea288c222874f1f9871edb9826,H399.msh,2f1382e04093d0f5946829b61991c452c46f4192513557bcefb6533e1ef19de1,691699,3965,0,1,0,3965,20733,0.00023830052716030525,76.92050501920298,1,0,0,0.38237287226692895,0.5390475863708097,0.7969263269753448,0.41893438184201137,4.935763751726757,6.58514340497793,8.410282303740605,1936,True,76.65925000000061,74.98426999999992,80.19006499999989,77.09592294,0.000239934,1.022332393,SD,SD,-0.0022753203296306257
H400,Hekla,H400_mesh.pat,9b116d10dfa9d0b57371a0dd70fc3b96f4897172b3c78b02b0bfe60da9854898,H400.msh,53464b8a7586efcdac06330d85d2dde96eb61ab433cf0540955880beaf9e2f34,554415,3216,0,1,0,3216,16579,0.00019722450090793847,72.21943411563792,1,0,0,0.463280009918673,0.5673912621218248,0.8115634665239596,0.9832095738081772,5.001108418678578,6.503349734493541,8.098974125242584,1712,True,104.06933499999998,58.410319999999956,59.01451499999996,72.41291906,0.000198814,1.728956381,SD,SD,-0.002671967196927305
H401,Hekla,H401_mesh.pat,7f60c81ff66ceb4a5a951dc89b8478adc6082e4b46a34051253f19d8bf672b4d,H401.msh,04c21fade190259d4bdcdba702804f3ef759ce467e609d53a750cd4aab416128,470499,2810,0,1,0,2810,13988,0.00017048538280796296,68.79594525984464,1,0,0,0.4264795398847929,0.553376674280098,0.8081889344262313,1.0450700910488018,5.010964179528365,6.625714723811633,8.630205301455007,1786,True,81.21658100000002,68.78169000000071,77.55411000000004,68.98464312,0.000171892,0.929301472,SD,SD,-0.002735360387776664
H402,Hekla,H402_mesh.pat,e4ba70e47415dfee3097cd7b6b961172365309d7963934b620210e1f1dfedcc8,H402.msh,f8d483beaaebd4eba44dd46e3326819e6c77ba8e6ad4c5f324e058be94bc2a32,587147,3379,0,1,0,3379,17585,0.00021396266610014742,74.20727082261143,1,0,0,0.4400092064487258,0.5616440575733777,0.8124360320471318,1.098522932651459,5.015365137429315,6.5192210745132995,8.267183193120657,1690,True,68.19825599999996,79.76994999999988,80.76894000000004,74.38555076,0.000215508,0.866330449,SD,SD,-0.0023967011814400863
H403,Hekla,H403_mesh.pat,39da01ff3b78cf100b5ca731bcebcd718824543532d5a66ba5b43f62e45719b9,H403.msh,90ff7db8c9e8411a01e5a624f73e3b9b2bae7a1023a5e2de2e2ea5ec2662f68c,649531,3706,0,1,0,3706,19486,0.00023259566431496167,76.30172051598089,1,0,0,0.39713371471690184,0.5664895545349258,0.8119542291977118,1.797071687746462,4.967437720616077,6.4969281131979635,8.300344607713308,1756,True,68.97701999999981,79.60768999999982,77.8571300000001,76.47105676,0.000234148,0.911099823,SD,SD,-0.0022143834699520637
H404,Hekla,H404_mesh.pat,a9f9f11571da17ac17a3bca043045800ac28d0731e97689e0330233f26bdf414,H404.msh,1316c0e4473e0382c8ca8dd9b030fb3160243adb893670a915ca35a335a7c1fd,662495,3757,0,1,0,3757,19898,0.00024324602940290854,77.44898178684335,1,0,0,0.4337523598496738,0.5639612658520816,0.8175857388729804,2.057706250267561,5.023106697028115,6.4965075230232,8.445641895240518,1678,True,73.85684000000037,84.09462800000006,78.8187982,77.62817985,0.000244938,1.003226442,SD,SD,-0.002308415107798556
H405,Hekla,H405_mesh.pat,51d0fd7742058b82dab2676b2a3b54d0c88a6b9c8c9a9fd6e8f936177c94c5a2,H405.msh,86307270c67e8f0a5fc44f3434e2b775d4dab556a7a42a0e45be1e20ae9559ee,630575,3591,0,1,0,3591,18924,0.00023481946629668485,76.54411828805374,1,0,0,0.4421682636190136,0.5677382442519493,0.8136563264563988,2.1128962999930536,5.057634744015209,6.5591146984078454,8.55524487898507,1648,True,75.4723399999998,83.81565999999998,76.56958,76.72291911,0.000236469,1.080556457,SD,SD,-0.002330474700655172
H406,Hekla,H406_mesh.pat,a17e462886069eb5fa30dee4d0dc1e15ce2dbb0110b6995cc9ddab8edeec8afe,H406.msh,90c87ba2466f145586c531f81b3ed3ce340539a49f955597b8bf0a4b9ab56148,575275,3298,0,1,0,3298,17242,0.00021222382744622554,74.00570044711966,1,0,0,0.42234316942160277,0.5594223025795224,0.8106002237719113,1.9283618920213035,5.04249714990682,6.558258098671534,8.37543387049293,1606,True,93.5320999999999,58.01537999999937,69.59410000000003,74.19519822,0.000213858,1.103948105,SD,SD,-0.0025540436231256125
H407,Hekla,H407_mesh.pat,488bf678bae4625fdb25f73d6dbeed62bc15f434c1e1b0beea12bb3236c889d4,H407.msh,6092465a18df118b0060752f5e101eb55330f259dbc4d68b3b1efe69514e7e9e,640347,3733,0,1,0,3733,19131,0.00021173715884949447,73.94908755151901,1,0,0,0.3384237128238174,0.5422247535320878,0.7992096042103956,0.44425611896297446,4.871202724830669,6.561949283066873,8.65335539036313,2054,True,83.68705,80.32151999999996,58.12885000000006,74.1311172,0.000213304,0.75436492,SD,SD,-0.0024555093104814407
H408,Hekla,H408_mesh.pat,5d2910269f87bcc80d3071a9287216b489aecb01b909423173ae4d3d067ce46b,H408.msh,5d0fc11889ffe141e28363b5e341dafcca8e2ec0de90d3d9d4b803e26f841053,568135,3293,0,1,0,3293,16992,0.000204302523767796,73.07324096854961,1,0,0,0.40922585711378007,0.5578384731266901,0.806532135375057,1.0735274133383026,5.0057067618020294,6.5933460152423935,8.664678988615435,1736,True,73.19581700000003,74.5021700000002,73.77500000000009,73.25811291,0.000205857,0.992068168,SD,SD,-0.0025235695284357984
H409,Hekla,H409_mesh.pat,8bf2b78ef75a7ec940676c682add04230d4ae04933a6de0b0534eea50656d45b,H409.msh,48f1f0ccffee18e5313c9ddff26fa2779c703e02cbeb07ebbe8fbc05174b82af,581043,3371,0,1,0,3371,17375,0.00020642895744664053,73.32588819705455,1,0,0,0.46053998496809695,0.5581986604320304,0.8095486807877185,0.8900203971260687,4.970061808003251,6.534334789279593,8.571217904854684,1786,True,63.27703999999994,76.10919000000035,77.91029000000003,73.50075297,0.000207909,0.850294596,SD,SD,-0.002379088184536138
H410,Hekla,H410_mesh.pat,5fe55f41b235ce162309a77e333e6485ea0a231cbd2b4c8046db5fb04ad6a252,H410.msh,016d86b26e465c705d9808c9775091743f8a38f637c5878b1b45353abbc2d88d,534087,3185,0,1,0,3185,15884,0.00018522442330642607,70.72395562624949,1,0,0,0.19949690663408912,0.5649040285468279,0.8100830879575331,0.7580271598143485,4.943181458201716,6.54951064202495,8.440053073057538,1998,True,94.86968999999954,97.22368000000006,62.18766099999999,70.921041,0.000186777,0.673331678,SD,SD,-0.00277894079065355
H411,Hekla,H411_mesh.pat,64d310b4b77188f9fa76bbac019a76e2509c15a46145dc732aecda74edfc19ed,H411.msh,bfaab767e20db9dbce13016cc9ce690e69c17dbd83628edee11dc62a0220aaf8,573651,3402,0,1,0,3402,17080,0.00019309505179468262,71.71183586382868,1,0,0,0.342853273431771,0.5297118274111463,0.7919894722375247,0.45246712947563683,4.885185426143147,6.658643921058653,8.536516395750676,2092,True,83.257206,71.01940000000013,71.26436999999987,71.885043,0.000194497,1.167634748,SD,SD,-0.0024095017397612883
H412,Hekla,H412_mesh.pat,c5b3cc4597eba339a9294fce1fdbac87f3f4341abdc789d46593113f8df5d5f9,H412.msh,c16741e981dcf7283c3070f3af2796a8361059f7f3bca5d98313d2fe6a40c27d,633263,3612,0,1,0,3612,18999,0.0002293151728857051,75.94130506748131,1,0,0,0.43829307653461763,0.5537005286215031,0.8122969335362779,1.344594442016344,5.003392303117985,6.49561143035316,8.620974857893723,1696,True,76.19978000000015,76.68767999999977,71.30468899999994,76.11656495,0.000230906,0.942351384,SD,SD,-0.0023025195978537694
H414,Hekla,H414_mesh.pat,2a703a4f0a567b6887ebfaa78e9509ae0f23430b4f9a2f5701cd67094ace8222,H414.msh,db29ed3d34e767ad618749d6984a34e411601e948468cea725e7a9b221c334fe,621727,3828,0,1,0,3828,18371,0.00018286156382663486,70.42193202087014,1,0,0,0.2205082085823898,0.5486364073777763,0.799754727654338,0.43372705668418576,4.6462239850009155,6.559582982120548,8.658560577792345,2850,True,79.71854000000076,95.52458000000001,46.61118999999985,70.57702633,0.000184072,0.69883995,SD,SD,-0.002197518331314652
H415,Hekla,H415_mesh.pat,d33c71e74b5a7f317bed9ad55c04a3e3699470433b3ce73f461be085848a43e1,H415.msh,e2202ab4e34a968160ae86aa16ac9243357f0e5e80bf7c744420abd0b86f475d,554835,3395,0,1,0,3395,16415,0.00017747722807886178,69.72384652543766,1,0,0,0.25893349383476155,0.5316259486249785,0.7920009064882181,0.38185829884929606,4.781663208322744,6.672630912319183,8.798741494651425,2450,True,86.71307999999999,92.05054999999993,46.15286999999989,69.88773356,0.000178732,0.567245163,SD,SD,-0.0023450042835003737
H416,Hekla,H416_mesh.pat,aaf2350e2a8d46b15bc3fc31fba1f68bbfc2c96653123f8ee59ab5aab3d8cf0b,H416.msh,9ba11f6c585392a625c94c93cfe34efa7fff3d5a0ea26604a2cc8079ad57c8a0,590899,3416,0,1,0,3416,17682,0.00020525421347776355,73.18652941635511,1,0,0,0.4686306431001425,0.5435666987602271,0.7993492290000147,0.5352082033648146,4.9535253193884285,6.606368184779683,8.672929004387592,1788,True,61.40373999999997,82.86868300000009,76.47657000000004,73.37041446,0.000206805,0.871303328,SD,SD,-0.0025062560297399727
H417,Hekla,H417_mesh.pat,920f3cfb1f1add563068b3131da390164a178f5cc8d800e272695fd7ad4662bf,H417.msh,752959beb2a66dcf4872247b952cb58ca0a3d26ad84ff917c03810788e956876,567267,3414,0,1,0,3414,16840,0.00017822658628220185,69.82183989159016,1,0,0,0.3761029905877602,0.5350234958076795,0.7970279269001832,0.4875741220818792,4.772537300034955,6.545561670665402,8.875000685648597,2260,True,64.79900900000007,84.04002000000037,72.89889999999991,70.00403813,0.000179625,1.032067681,SD,SD,-0.002602681834889209
H418,Hekla,H418_mesh.pat,15b570b357e3d9e73debf0e820cfa86360baa3847e212c90a57171d81c40a9f9,H418.msh,d53db40dcd40846c4e37ecb173e87af62d559fb2428ffc97b41129584f327644,686855,4020,0,1,0,4020,20505,0.0002147734575075438,74.30088649811759,1,0,0,0.392489849989411,0.5573548853648035,0.806949654257657,0.35170283066826685,4.7751809097274425,6.432328402267364,8.521113710530843,2264,True,84.4964700000005,68.18267999999898,68.40920000000017,74.47061028,0.000216248,1.234471753,SD,SD,-0.0022790706460477095
H419,Hekla,H419_mesh.pat,d51287181491dfd6c2b5d4abba9ba55b15c5054eeec9e05e05da1327c734c0be,H419.msh,a01259c7ce9a76f57e11360de992bf17cfbbcfbeae85baa39534b0255095f7b4,547975,3308,0,1,0,3308,16257,0.00017226699413458817,69.03475975841084,1,0,0,0.14393546743830787,0.5321214508773195,0.7917880458070289,0.14849728718014493,4.778326264980053,6.612725612325227,8.728968635211757,2244,True,76.62117000000035,72.32152000000042,78.44454999999971,69.21669847,0.000173632,0.962926684,SD,SD,-0.0026285378472364895
H420,Hekla,H420_mesh.pat,13b5604e38a430d1b838e78b7e4fc0853903e5b3992518c606de368f2c76909c,H420.msh,28a98ad0bdcbb1d6ce1618a2b80ed9678735ceb9ecb5550851f544a37a7f057a,594175,3441,0,1,0,3441,17774,0.000208746796996297,73.59930828687969,1,0,0,0.35952371688329643,0.5630914460099099,0.8097753920975944,0.9413787316001011,4.963721335264832,6.501864709738951,8.192644218016019,1794,True,66.75146699999993,77.1888100000001,71.0626870000001,73.77413255,0.000210238,1.0212008,SD,SD,-0.002369723059797768
H421,Hekla,H421_mesh.pat,2421209698296804ed2eb972dacc4bd9319df6afec8114a54c1af543f26478b7,H421.msh,902d5201fddb38ecc4b90b5c6d675975ccfd5717e0a87fd45a1c7c9c174c5d22,546407,3133,0,1,0,3133,16376,0.0002017598357611074,72.76882534326276,1,0,0,0.35305723696893976,0.5540151483775283,0.8108763499719904,1.8863095265889451,5.047579796080118,6.540555319215585,8.406680990081881,1522,True,60.91786000000002,79.4612900000011,73.61865999999986,72.96234376,0.000203374,0.887131691,SD,SD,-0.0026523053778780836
H422,Hekla,H422_mesh.pat,d24d39c54bc4108479ad72b182548b26f4b04fdbb830fd2d91d9f801e0cb92ff,H422.msh,3e91cf0300f74dfa2329e39caea652dc305d0a0167fee534864cfdaedd0c7ea7,512751,3219,0,1,0,3219,15088,0.00014717445748726942,65.50552631900119,1,0,0,0.3174642743089425,0.5396510975091603,0.7929809324817635,0.45001293846020546,4.581603154941705,6.5627193813803855,9.162652522731321,2600,True,72.80274800000007,78.42452000000048,84.23478999999998,65.67802219,0.00014834,0.996699562,SD,SD,-0.002626386502623146
H423,Hekla,H423_mesh.pat,c8c4be4641886af7adbba7bd6a485575bd19b4368e12068b9d8c6ae6121f9654,H423.msh,f52f020c9f7ae0b1b449349f20fe247c8713bcdb4de7e7f78119ff168454f7f1,548143,3164,0,1,0,3164,16407,0.00019854464431510866,72.38021210221893,1,0,0,0.4349988454023599,0.5638984533418959,0.8117053689023126,0.6411814725372333,5.025756368781973,6.56108784782508,8.572829110511607,1618,True,76.66416000000027,81.08709600000009,65.40708999999993,72.56648033,0.000200081,0.905386654,SD,SD,-0.0025668631981874412
H424,Hekla,H424_mesh.pat,facb3f1a89f16d2aa5c1779c952896b88ff5e4119d27b2cfc86a43c34f816b9e,H424.msh,c3a979d2cb3153038cf7ad24c830ddd601d0cda70eb2e56fc6175a2cd27be790,548899,3317,0,1,0,3317,16281,0.00016848634441863025,68.52599682390259,1,0,0,0.16866012853662937,0.55107017309503,0.8007744319882087,0.36860439674505946,4.7372488847007075,6.517921404864983,8.597437019228412,2248,True,66.64892999999984,73.46532999999954,73.77611999999999,68.70279161,0.000169794,0.910584466,SD,SD,-0.002573327545422277
H425,Hekla,H425_mesh.pat,b0dac32f2ce4f57cdee0b70af8710b518d6dcbac7649dff141b37bd446410dda,H425.msh,a643a4295e64241e92ee684ca76dc42855f07b46516c55ad08cc51e811ba2ea5,560659,3360,0,1,0,3360,16658,0.00017764510224236424,69.7458233239576,1,0,0,0.39035514520723846,0.541788730838577,0.8024631380706473,0.45459520495650635,4.79014646045562,6.492006379117262,8.489165318839865,2174,True,85.82106999999996,60.36595999999918,64.58998499999996,69.91570187,0.000178946,1.243656432,SD,SD,-0.0024297624353150082
H426,Hekla,H426_mesh.pat,081110033fd45d0badb3217d8769bd56fd46b3dd9731c471701d39792c54f70e,H426.msh,47fee393de785dc91d310e8a966a8a5863e12d3f2c77bc29d9cfaf93ffee73b9,359787,2336,0,1,0,2336,10508,0.00010024659076840726,57.6355351340955,1,0,0,0.23590329481815336,0.544480687758703,0.7922352790487791,0.3689616260545063,4.502931204353743,6.494145090758557,8.808238663500815,2116,True,85.86981999999989,75.71857499999999,78.41489000000024,57.5959,0.0001,1.055662896,SD,SD,0.0006881589504721397
H427,Hekla,H427_mesh.pat,cf567f1270f6d72700ec724f5340c102394ad9f7cc52d0cbd4f0aa54b80c710f,H427.msh,e1f8b99e049600567e7b074498f7dba0b221e41a0764272404b83fc8a0627686,473747,2916,0,1,0,2916,13998,0.0001468107058574004,65.45151468320563,1,0,0,0.1297105042381883,0.5393182064566356,0.7956254815692868,0.6133281023238862,4.747128583904374,6.544594314265895,8.778601846592503,2170,True,69.57648999999992,104.44267999999965,54.62034999999992,65.64356958,0.000148107,1.182711876,SD,SD,-0.0029257229310224453
H428,Hekla,H428_mesh.pat,fb2991de855433d3d8bc73c6705972cf4ff34e5d58c8fa1da111d5afbea33f0b,H428.msh,a39987d8d0e7d52d77e215f929e86bd0a565ae15770c67579174218e12c21e91,507991,2929,0,1,0,2929,15208,0.000185223684295868,70.72386156770419,1,0,0,0.46413816529475094,0.5751422677963939,0.813695119768487,1.9354727035172334,5.015047576469294,6.505834569600982,8.290605615490147,1470,True,74.00081999999998,69.07492350000003,68.1947015,70.90787193,0.000186673,1.050634431,SD,SD,-0.002595062540834192
H429,Hekla,H429_mesh.pat,e56e83e2b75cb84a553691c4ba4e1639fb6f3b0364a33b46a78ed6397fbdb62d,H429.msh,97352a20dc055a3652b3bef1d442c091d56ff987d0890e5534c743b87439126e,496903,2860,0,1,0,2860,14881,0.00018502190307537235,70.6981702305072,1,0,0,0.42809599944429133,0.554242385650357,0.8130590583404258,1.6891362738349744,5.051196836543999,6.593949247429664,8.840618210259693,1428,True,80.93523400000004,71.31357000000003,60.022530200000006,70.89691199,0.000186586,0.963672195,SD,SD,-0.0028032498724462895
H430,Hekla,H430_mesh.pat,1ed585e99e2299926278916814d49abc07b87fe7f6aafb8b37307da228df57d9,H430.msh,737efaaddf9613fd8f8f1f06e925ce4dd35d4b6d5e79a10ca3c6ddb493761052,379723,2298,0,1,0,2298,11258,0.00013777647567042865,64.08043968684576,1,0,0,0.451080109943012,0.5570133400995306,0.8072726766356799,1.4411359997931736,5.034698957890965,6.5983682454674195,8.306158830620562,1558,True,106.32989999999995,85.23654999999962,59.59064999999987,64.35544547,0.000139558,0.863686143,SD,SD,-0.0042732325313860064
H431,Hekla,H431_mesh.pat,0cb6ac50fb0b7db5aae525d1e3b042847f39a5737ca1ddac6df1a920610f2e29,H431.msh,04c85b82e627aea5f3e54ec4ea9d9297cb53760bf5f5efd2f065bc3a40390a0d,496399,2917,0,1,0,2917,14806,0.0001765341062237288,69.60012190312258,1,0,0,0.14517023177360477,0.5399742517541666,0.7966901487852154,0.6176489706529423,5.0098796436219795,6.637663719515825,8.43343856094172,1686,True,98.38860000000022,76.91258000000016,47.29969799999992,69.80322243,0.000178084,0.784910932,SD,SD,-0.0029096153416282577
H432,Hekla,H432_mesh.pat,e65783d1ad901798c800697759c22fe24e74b432c011806bd37d2e0b481e31b1,H432.msh,8e7d1322d175c9c7c97f0115ed5c6154fe4d16a3635d6a98e94aea4231055938,534059,3062,0,1,0,3062,16006,0.00019757607674724572,72.26232184970635,1,0,0,0.4211230222288705,0.5713245193370883,0.8144596050814481,1.6940655607775406,5.052523872232721,6.520400759284284,8.53060810080399,1458,True,73.68066999999974,69.63338000000022,74.46026499999982,72.45291197,0.000199143,0.953422656,SD,SD,-0.0026305377535765784
H433,Hekla,H433_mesh.pat,73b6fc593021edb264a73391f7d8c94793df5b2e7db04b93026b5293a61a770f,H433.msh,3232e627bdca55dd6c5a659c9d10133fd30011bf6e5326b5b258824bd12a8fc5,553155,3229,0,1,0,3229,16521,0.0001977620046970892,72.28498210506957,1,0,0,0.4124210572669996,0.55318604597983,0.8029295425107909,1.6135275638490714,4.986877772710002,6.607123429495548,8.618105264917583,1790,True,77.05116999999973,95.35483999999997,54.87017999999989,72.45711579,0.000199178,0.879782241,SD,SD,-0.002375662942882273
H434,Hekla,H434_mesh.pat,656c005602121c08fbebb6829872bfee60dfbaec452d806e182b7da7091981d9,H434.msh,295563836d1a13ee05310a17ac595310b435c9f0c63bee170ce8c156237c2332,487019,2798,0,1,0,2798,14590,0.00018505069793325012,70.70183761282262,1,0,0,0.4014127359683347,0.5667909197279581,0.8129721042412412,1.8943342533100112,5.091539906235677,6.6199490713251485,8.769911751398167,1382,True,64.07944399999997,75.82476999999972,78.91727000000014,70.90523755,0.000186652,0.883455223,SD,SD,-0.002868616539560276
H435,Hekla,H435_mesh.pat,991c6bbcb34ccaa46b1a7834f94f295baf2d1d2e64c695eadcdf54a987247a68,H435.msh,19859951f0276c54efde50a02d5a037208e585c99155c8b6c3fae4f43348abfd,538287,3162,0,1,0,3162,16057,0.00018775487245699566,71.0445658508503,1,0,0,0.31706743926533854,0.5417754695033727,0.8020482274629493,0.820235725507695,4.95945394845557,6.622339444541672,8.804452443059873,1818,True,74.09598000000005,75.76622000000043,69.10111000000006,71.21979292,0.000189147,0.947760348,SD,SD,-0.0024603703825217815
H436,Hekla,H436_mesh.pat,3459ec439716b25b0773b0ce41d94be999b2c27fa239c1fc8b1f7dd0b32cd55f,H436.msh,5569c37f7281f9dd41fca44923769ec3b79e03475697451085916dc47afbf42f,553183,3483,0,1,0,3483,16268,0.00015005674984179776,65.93038894002851,1,0,0,0.16365461411747997,0.5381645969897273,0.7917272247418474,0.4158253088739241,4.437429133912352,6.5370592480944225,8.794907760886412,2862,True,88.09398000000056,70.1907000000001,77.04619000000048,66.06945991,0.000151008,1.039912299,SD,SD,-0.002104920642017394
H437,Hekla,H437_mesh.pat,0c6d31ed4add4bac32a2ae066280aa34f1e51cd7953d9c8813861199c4b6aeb1,H437.msh,842fb925193d04252687048981061a9743e9ea2603be5f27304761dbd2931328,496847,2872,0,1,0,2872,14867,0.00018522082301378144,70.72349739188623,1,0,0,0.45617884220821514,0.5647709677131653,0.8186995134943987,1.9924746366417616,5.053269081633767,6.526808367977947,8.708948854752679,1476,True,79.65183999999999,72.89023999999972,63.256375000000006,70.92460754,0.000186805,0.957731564,SD,SD,-0.002835548268636523
H438,Hekla,H438_mesh.pat,f6d79a4bb2ff1a7bfce1d2414e1866deb73db34dac4016a24a6a59afe86071bb,H438.msh,38dba1857f6bb09edbdbc011cd0a51cab4250aee0b618303bcf940c6bd63fbfb,543299,3109,0,1,0,3109,16289,0.0001982747663735117,72.3474022186413,1,0,0,0.44013795756382995,0.5554160538553027,0.8104963051883138,1.7284979341322084,5.031078779615507,6.539316778059255,8.57991651708197,1500,True,65.88593000000014,75.82011000000011,80.1227600000002,72.5395251,0.000199858,0.918273675,SD,SD,-0.0026485268699215636
H439,Hekla,H439_mesh.pat,ac8e6da09c0e6114e7e9c850d8110eefcbaa0b4fbbd281653762ac595edc3ae5,H439.msh,31a013ff4f945785f8175bdf21225629cb610cfc62df918b2b769bcd5ef9d984,492843,2960,0,1,0,2960,14636,0.00016617600148519443,68.21133679177639,1,0,0,0.4534385679216563,0.5594887114167971,0.8073160282200689,0.5707080397192866,4.891221860373993,6.542098490705875,8.499148571269059,1932,True,72.07934000000023,85.08539000000019,59.084060000000136,68.37992934,0.000167411,0.971364664,SD,SD,-0.0024655267978610507
H440,Hekla,H440_mesh.pat,56c174f561cb17ffa617a2f65a67c09e84f0e47cc667ef41bc5c3ba55a83aad9,H440.msh,14ef57ee446a2cc1a689d5370b1939513e9b885d92855f69666f6f105daf1b99,611563,3899,0,1,0,3899,17937,0.00013297334799707692,63.326962933156416,1,0,0,0.15518208947272918,0.536112473508362,0.7858383518038369,0.4470216595417716,3.8761117273162906,6.335643286828649,8.500852524270693,3378,True,73.71991000000003,92.30433999999968,39.04781000000003,63.46922653,0.000133871,0.6586572,SD,SD,-0.002241457862675267
H441,Hekla,H441_mesh.pat,db7bc6943a5dd41bdcc4455c9f59eb3e9ee33ff3e68a977a606c2ded3047d44d,H441.msh,509946067800d0d9a3bd30b942b39585987c2f544dae8dd7d2c667456529c515,490463,2878,0,1,0,2878,14633,0.00018041862907043702,70.10692500447122,1,0,0,0.4261752054706262,0.5588144630983208,0.808203524015192,0.9500680320908448,5.043350380511031,6.604743149228074,8.52295016674385,1646,True,72.83942200000001,85.68650000000002,64.72358000000008,70.29448067,0.00018187,1.040410214,SD,SD,-0.0026681421320866594
H442,Hekla,H442_mesh.pat,c1585114f1d6415503ced2d1907dc055fad7398e641edb4bed8006d6a184b3f1,H442.msh,e244759d0bfa5782a34f73bde37364d2f0b09d74147e9baf64c6de2e0730675c,501439,2953,0,1,0,2953,14950,0.00017554569055751242,69.46998152851995,1,0,0,0.42235158064759004,0.5491409695459896,0.805720132843522,0.7006018740547924,4.973229499602716,6.581439229829286,8.629781825841647,1740,True,57.44836999999961,81.88610000000017,72.56562200000008,69.66066898,0.000176995,0.891767747,SD,SD,-0.002737376115850898
H443,Hekla,H443_mesh.pat,9e4030616480c7dde855179abab52818a12078f99d9f798896fa2c06813794dd,H443.msh,d9e0887f59132144528ba13fe9bd1e84ff1bec9d93a0c29553308cf5e5380f83,556571,3306,0,1,0,3306,16566,0.00018318448474555113,70.46336106964223,1,0,0,0.32390798264759474,0.5513706901511256,0.8098965644648439,0.46892441427249004,4.886260112200047,6.528727550457443,8.440251100790825,2048,True,66.20186000000012,93.18017419999998,57.699240000000145,70.64978918,0.000184642,1.221199741,SD,SD,-0.002638763859334259
H444,Hekla,H444_mesh.pat,0247d2a6cd4b6b451cbcb09fde6e2117b3d68a4bae121e300027f553f639041f,H444.msh,1bbd272b4228a30c95c02478e9650c86aaf8945532d4f69720bfc9026ab29ead,526275,3256,0,1,0,3256,15534,0.00015769691296632258,67.03087004772588,1,0,0,0.2911309248626928,0.5392442179427229,0.7936849057390727,0.774280025636904,4.651104045062546,6.5722362912118895,8.202663558456226,2482,True,74.75313699999992,81.09562000000005,62.30780000000004,67.16618559,0.000158654,0.914697391,SD,SD,-0.0020146378878818094
H445,Hekla,H445_mesh.pat,40aba707525e5a16899fd2fce6a42acbea38696543ce8771b44979964a1d7192,H445.msh,ab7f5d30cc1fa7ad8d67af1b76df13c119b0f4fb58a19528ab26fa6db300127d,555171,3319,0,1,0,3319,16503,0.00017838285602797907,69.84224061481588,1,0,0,0.36933821034677794,0.5384628339509466,0.7955958868072198,0.4188376584083358,4.806129290032411,6.538648924878635,8.836302908647491,2128,True,73.12006999999971,77.78182000000015,71.85394299999999,70.00212156,0.000179611,1.042614408,SD,SD,-0.0022839442808471055
H446,Hekla,H446_mesh.pat,3b717a2745a449418c0782a1200f231944bc8654375bdbc357ca242dd70d0373,H446.msh,6631cbc5a244a97868613b1d800757ade39dc1f0f53573492263fed4fe904baf,674871,4212,0,1,0,4212,19885,0.00015529871893469322,66.68933962948745,1,0,0,0.18902041797756766,0.5231533669365095,0.7796373770541051,0.15557203186935759,4.141241908232698,6.291372424242391,8.468896014812252,3358,True,81.95806000000016,65.17031000000043,58.00171999999975,66.83658216,0.00015633,1.112715778,SD,SD,-0.002203023041484564
H447,Hekla,H447_mesh.pat,3cc6a8d874bf193f94f5e50f733478d9169b2e900149e6d4c1702871ee52a834,H447.msh,1cb6a1e700ef35fc30362fa092d6db5134b60274514508ad7a7e7ab07182d321,411419,2676,0,1,0,2676,12012,0.00011552562300003026,60.42637835239552,1,0,0,0.1605793692300562,0.544812229336907,0.7901034734203964,0.4098191798785786,4.482243708202646,6.591722077000333,8.85580415891305,2472,True,112.43026000000009,88.38334000000032,36.315723000000105,60.61146169,0.00011659,0.522421822,SD,SD,-0.0030536029398383624
H448,Hekla,H448_mesh.pat,4be2e170ddbac6bc21dda4f15ccc4befdcc8341252b050cefcff86c842902b39,H448.msh,d54b6b7cd9de97ade88c4b278ee1a2711d0dbae0fff3a569ef5528fbc913615e,566763,3340,0,1,0,3340,16896,0.00018762363459812068,71.02800896151678,1,0,0,0.17044320691195208,0.5508758336468904,0.804405723731402,0.5826627743868752,4.867279235877955,6.490586970838578,8.52979516969162,1960,True,74.14502999999968,71.75997999999936,73.77373200000005,71.20293054,0.000189013,0.979926836,SD,SD,-0.002456662628302242
H449,Hekla,H449_mesh.pat,ab45cd018af5b2203a8c59904a4489da93092a7104b2dd4bef71437f6b1c3768,H449.msh,58b57bc2f93d1e802a0ba0d46f47900fcd8bf6bf28901c399ebc5949b98cc783,406743,2391,0,1,0,2391,12130,0.0001566973697690249,66.88894736155446,1,0,0,0.4353063502230343,0.55675564876658,0.8104026820815677,2.064350298519833,5.138290407022623,6.6557698925965925,8.843289421737216,1378,True,89.17231000000083,65.40633000000025,67.04336000000012,67.10913933,0.00015825,1.303068101,SD,SD,-0.0032811025538977967
H450,Hekla,H450_mesh.pat,f9495c1201fe520b94708638a70d7d9cde80584fee1fab9fce7dbe7abbf12da1,H450.msh,8d007a469d323d42da113e2897dd51a59ada39244cba36ae8babc7a1d9f2b50e,491191,2848,0,1,0,2848,14689,0.00018246458698682175,70.3709350994549,1,0,0,0.39768463961445094,0.5654951562488892,0.8132989300378192,2.1222136551118775,5.033315676589079,6.555442329192718,8.464547231353901,1510,True,68.2465400000001,81.20429100000001,66.94254000000001,70.56339904,0.000183966,1.181913296,SD,SD,-0.002727532164883306
H451,Hekla,H451_mesh.pat,0adee44654a83a3e049d9de9403433966975edf7a0f3325d1010d5f32a4d620e,H451.msh,bcb9c78a291a07e19cc8588df70232648b7cad42b43762db454150048562a27f,481671,2768,0,1,0,2768,14429,0.00018015138203763325,70.07229235353583,1,0,0,0.4507642806508056,0.5447498509325046,0.8061757120704106,1.9571938269322717,5.073953263147329,6.625429124135688,8.37948889110658,1380,True,64.999234,69.04363000000012,78.33876100000003,70.27194191,0.000181695,1.06863994,SD,SD,-0.0028410991789562523
H452,Hekla,H452_mesh.pat,ccedf7743fa3b0f1101896d0703216529240f6c471219b2bdea951c58ff15a63,H452.msh,9941941ee3d51d4055d75b642d3f27d1c6155daa5dcf224fd7ae325ef40b09d2,477107,2891,0,1,0,2891,14143,0.0001541906188726884,66.53034513583651,1,0,0,0.4654781599278933,0.5537681371982798,0.8015338338576316,0.5437927918794404,4.803338010745984,6.532674419803896,8.281480002282184,1970,True,67.93231000000014,74.8876899999998,68.71544999999992,66.70441926,0.000155404,1.082249215,SD,SD,-0.002609634055653509
H453,Hekla,H453_mesh.pat,98ebe4bd75237eddec776020121f7d4ee7f128d74c58a445f1ac60ca4757eaa3,H453.msh,3b51db2bb3dd04447e5ed19a6790407ccd477b4662651bff058c189883741682,491779,2980,0,1,0,2980,14578,0.0001550257508059105,66.65024349153016,1,0,0,0.21861831546145533,0.558332722727813,0.8050226227441242,0.47460512365578245,4.757560510642659,6.501970564146529,8.565320846097995,2048,True,80.282355,78.9340400000001,50.66983000000016,66.81611986,0.000156186,0.653622327,SD,SD,-0.002482580084228192
H454,Hekla,H454_mesh.pat,8e4534e750f1be512b10cc146cc39d468cc13ab607edb167401f35f9de4d4b17,H454.msh,361dcb10078b000597f645e9aa55342f79e28d6eef6772d46c574e81d8014e2c,521711,3035,0,1,0,3035,15592,0.00018209161061272407,70.32295391648664,1,0,0,0.39571781759438496,0.5609853303007243,0.810822289987468,0.48685481741085485,4.961572069868806,6.511163445075122,8.44217023530061,1638,True,62.44275000000016,71.86392000000069,83.52022800000009,70.51071266,0.000183554,1.006089596,SD,SD,-0.00266283996332195
H455,Hekla,H455_mesh.pat,9f3f6d6f53c602059c4d9c610dab13ac377ded8d380683caf8b7f99b5d73f889,H455.msh,1a31730e3e7215637dff77bd71b985711b26fb72f83c9ac23d21e26d857cbef4,529943,3086,0,1,0,3086,15835,0.00018704505245396226,70.95492319249533,1,0,0,0.41942002230593445,0.5522027489334259,0.8080190905631696,0.6629336070784532,4.986310466777756,6.524844466799142,8.638907652673671,1674,True,70.05315100000007,72.49454999999989,73.45049100000006,71.14034558,0.000188515,0.980211596,SD,SD,-0.002606430795253245
H456,Hekla,H456_mesh.pat,8ab744b76efd150ea4b0528f421b187287781a0aec754b53c9f5c8ede5eedd06,H456.msh,98b63c52278a1f8a2f81c9651553dea9150b1fc9422f336fe4ab8e5c45939734,476043,2750,0,1,0,2750,14246,0.00018009565002028647,70.06506570345914,1,0,0,0.45070520132658376,0.5477746963500906,0.8034638248865613,2.2436958330810155,5.090262244409507,6.667251018077682,8.485682915378218,1422,True,54.19363000000021,94.78826500000002,65.04343000000017,70.27315417,0.000181705,1.218907024,SD,SD,-0.00296113742151749
H457,Hekla,H457_mesh.pat,06754833df8ccf7715e92680dcdcf536c04ba7dc2081004628a4093c5150c9b5,H457.msh,c640857f4b003b6e43be41fcf2459a022de1cb5d1ac3e736f370764e0ef1a4b8,486123,2788,0,1,0,2788,14568,0.00017737067368627722,69.70989005053703,1,0,0,0.4331525215881016,0.5567183644802433,0.8110411545905601,1.718762034144386,5.037895548587569,6.531593392505735,8.266238452976777,1354,True,65.50757999999996,74.92618999999968,68.802694,69.90445644,0.00017886,1.042781201,SD,SD,-0.002783318823599945
H458,Hekla,H458_mesh.pat,0057d21428eb8a12d11a3d5f0972e33a6d16d3e52aa10cb5be798e5b2d62b9d0,H458.msh,a14b2b4555a0db40d6c5c3d1002092b70fb254adc0ed8b43b18adbc181d0bc1f,488195,2799,0,1,0,2799,14631,0.00018269135027419836,70.40007488822489,1,0,0,0.4365135261334201,0.5643033991851151,0.814189205734026,2.111738912163932,5.077616451710701,6.549100630066201,8.46907734071948,1362,True,74.01655000000005,75.59203480000001,60.552625500000005,70.60185981,0.000184267,0.835805725,SD,SD,-0.0028580680780666556
H459,Hekla,H459_mesh.pat,c0e1b212c048689b7ab923fa5de204787d12aeb913081ab9630e3af3710cf3de,H459.msh,708eccf47310f15baa7057af8f8bfab4d1a4c79f5f355da8b5e491846aa0ef82,503063,2931,0,1,0,2931,15030,0.00017686701564893732,69.64384525164316,1,0,0,0.43510992468633025,0.552573761311753,0.806526175062769,0.47026013346216594,4.9956558887802425,6.567525387016388,8.642710185977734,1598,True,69.63464000000022,67.39735999999994,71.99858699999999,69.83762947,0.000178347,0.998560921,SD,SD,-0.002774782303286538
H460,Hekla,H460_mesh.pat,511051782306a00be47c163a075d30b99428a3c878d6a6e852493dd4e460fa26,H460.msh,697b57a5b5990f7d938bf412d55e27cc8be7e1579fcdde20c2e994ecd1515b11,666975,4197,0,1,0,4197,19618,0.00015740836015962884,66.98996086612587,1,0,0,0.15220976889485288,0.5417813612807916,0.7990490485043622,0.40063439565734404,4.155820510056055,6.242140547424174,8.304817056572933,3430,True,67.21143000000006,77.48003999999946,62.814913000000004,67.12555043,0.000158366,1.078499777,SD,SD,-0.0020199396951765536
H461,Hekla,H461_mesh.pat,569461ce9bcc01b7dbd2c2894810442d2cac7de092f61468c7a5c005b2a9b041,H461.msh,1b3f68b9e1b3b273b0ff9c8c1d68cd2307c36cc4f4541475dd14ebf544ba1b50,465235,2715,0,1,0,2715,13895,0.00016904985100855432,68.60230742206238,1,0,0,0.4266617535315085,0.5592902019117159,0.811876097636551,1.057886865984915,5.0151422944500474,6.552415252411559,8.576351871941325,1480,True,67.54626999999982,80.44054299999993,63.91653000000008,68.79608837,0.000170486,1.132974117,SD,SD,-0.0028167436918132838
H462,Hekla,H462_mesh.pat,f2b517d47f32967476d6bd638cfe9c8f40977dcdeec4c92af9fdf6f8c47b1037,H462.msh,308922a3a267d92528df1fdc52de1bf0dc3ba8798d8c2d4c182441cc370d9534,330582,2111,0,1,0,2111,9690,0.00010003014030312063,57.59402340503443,1,0,0,0.2159806136445721,0.5406000065791163,0.7930077506168896,0.44246787431440177,4.69849372837922,6.574784538092568,8.506721406499603,1804,True,47.05635000000029,122.74622,51.92957999999999,63.959,0.0001,2.156296987,SD,SD,-0.09951651206187673
H463,Hekla,H463_mesh.pat,f3e848e8eb66ad3640584ce99a28ad6d10cc5bbd940fc3c603d37d1df67de641,H463.msh,258a91889bd4286d785b353dd5d24f8646a74e365c70588cc4aa736e543799a7,370707,2230,0,1,0,2230,11004,0.00013737536072108038,64.01819246924028,1,0,0,0.1726692242491221,0.552961280744192,0.7976961997939283,1.549389473147562,5.067086105494757,6.691875492153819,8.855948460616824,1480,True,49.49571999999989,73.10476999999992,91.63144000000011,,0.000137,0.850844266,SD,SD,
H464,Hekla,H464_mesh.pat,93ae1573f88dabea6d0fa201169f4ae40198c77acd565abf9ba3ce6280de14c6,H464.msh,534a88f469336bf785cfffd9fede599b1e07b14b43524ea8901c367195ea2855,589751,3684,0,1,0,3684,17373,0.00014801987208886046,65.6307147698344,1,0,0,0.14125145281443002,0.5319539355244072,0.7844560233055722,0.1475082516331743,4.254114233302234,6.483996779473308,8.58631933465148,2936,True,66.9720299999999,64.35113999999885,84.62364999999954,65.78921656,0.000149095,1.21265326,SD,SD,-0.002409236626507716
H465,Hekla,H465_mesh.pat,62c413cd5555f4f52b8b4601cd7bc4701e6392cd7d43a12eaf1f547369715731,H465.msh,4ee07d53014a3ba8b64cfd196e2949e69f9ba2db3392bf2c1a72af8a604ff209,560939,3500,0,1,0,3500,16528,0.00014446175978185787,65.10056526703458,1,0,0,0.12078524637289342,0.5412846472880258,0.7893992220825888,0.4409646341826061,4.3286418684038175,6.470522758341498,8.86939860827594,2776,True,72.16273999999976,85.47831000000042,55.95674000000008,65.25348095,0.000145482,0.919427341,SD,SD,-0.002343410355113207
H466,Hekla,H466_mesh.pat,c1b93e1a7b2f4ee3b7c209d504896787d961c44ebc64bf59ab2f57b5462e5afa,H466.msh,812cc3bfe576e6d705398d71e49f6941fce72737e7c26db8ea9163c3c6e87ff6,487635,2840,0,1,0,2840,14570,0.00017151825024243117,68.93459658993103,1,0,0,0.3604432479652112,0.5547371136059956,0.8128883473508726,1.1261482965794958,4.973341483061034,6.495764732203965,8.24531995646222,1538,True,67.567591,76.6076680000001,57.93319699999999,69.1173037,0.000172886,0.970381924,SD,SD,-0.002643435149929929
H467,Hekla,H467_mesh.pat,3889f8b5739c1f21c219812bb83b5fac41f538dd8615f462ebeb39d9a8dd133d,H467.msh,3c4bad440fd9c5429a9591eb2ea0742d22aef0c1b7e7e76b555b1546522143ea,394339,2365,0,1,0,2365,11713,0.0001416943524904048,64.68217864753845,1,0,0,0.47227209962760025,0.5637004206162499,0.8034542009494358,0.9066310134776553,5.005850051190192,6.626245710460509,8.407507148816016,1528,True,71.42594000000008,70.17709000000013,90.02318000000014,64.90246185,0.000143147,1.231637161,SD,SD,-0.003394065435771254
H468,Hekla,H468_mesh.pat,59e275def9c4c8bbafc5b3741f34eb6ec89365022d940814780c3c4108ded4d6,H468.msh,1af8737e8f5ea5ebbc450583f85b29e65b1f07f04ce119d0f49317241dee8226,502391,2895,0,1,0,2895,15042,0.00018092074738266479,70.17190233872356,1,0,0,0.36638255518317775,0.560235285497388,0.8129811500570758,1.981638397171547,4.984062052076045,6.508221783774007,8.505190500467043,1464,True,67.87383000000023,70.15248799999998,69.8104800000001,70.35779968,0.000182362,0.975281393,SD,SD,-0.002642171047445241
H469,Hekla,H469_mesh.pat,4440b1f5a91ae2a636920d286c9d799e2c1ebe790ae12589b4c3c03e5915fbba,H469.msh,ce1917253936ab3a3db690cfa7f153d51e089e2719d5055d5d29562e3a19a7b3,480047,2909,0,1,0,2909,14230,0.00015496303980484734,66.64125516284606,1,0,0,0.39064327336982974,0.5555636163942284,0.8094722465332095,0.5017940713083369,4.806168640807469,6.467612155106586,8.64496875925533,1976,True,54.544549999999845,67.73925999999983,76.80417000000011,66.8139057,0.00015617,0.906486649,SD,SD,-0.0025840509598279437
H470,Hekla,H470_mesh.pat,508e81dc7acd490435631cc3c900495682d12e2e1578953e7d0a94207813e904,H470.msh,1f7564007ecee1ffc842dd13cccae9b5ea0b65d1ad54add99691df3f9d61231f,474307,2791,0,1,0,2791,14143,0.0001663906408738089,68.24069229528835,1,0,0,0.37705939698259844,0.5433849247984,0.7983346585697274,0.7183959112048146,4.962781669321293,6.610353561915012,8.42822061866236,1630,True,65.12815,71.98654999999985,66.89641899999998,68.42812833,0.000167765,1.053021849,SD,SD,-0.0027391664697845597
H471,Hekla,H471_mesh.pat,529bcb244a4211afe96d1e915b69f31a5c90c949fdbbad7825dcd038d40cfdaf,H471.msh,9b62ad360822ba57c88d4a2b1a47bc9d6b64c7ee9d48140921334c02d6e55ea5,418419,2428,0,1,0,2428,12510,0.00015678572795768445,66.90151739960989,1,0,0,0.38548572480109256,0.549717481331316,0.808691601486046,2.2016920058119758,5.070531523469203,6.59142704947058,8.520901104416254,1294,True,75.10368999999992,73.9184600000001,60.2902059999999,67.10421388,0.000158215,0.830065366,SD,SD,-0.003020622233241399
H472,Hekla,H472_mesh.pat,d0894751fad5df060cd9d3659a417c56b7c4bcd8a8c7fb9da75a61768fb49ddd,H472.msh,d1d0dbcd1264376bfa3bf5f257996a29bbdc0b8dacac7f7b4755f2f1fabd2a8f,489679,3100,0,1,0,3100,14383,0.0001310737440480614,63.02396092837347,1,0,0,0.23834080250376258,0.5284043912848294,0.7845281988203155,0.44077444152263495,4.384212348459189,6.560672610289061,8.888791776800025,2604,True,69.87510999999995,91.84019999999964,36.67587000000003,63.18195249,0.000132062,0.703248751,SD,SD,-0.0025005805518836244
H473,Hekla,H473_mesh.pat,19139ac890cade379f41542bd016dc1d47ee0a06b0026b55a184c64d1c1aa853,H473.msh,9b259fa9927d7d6c37ed6eb12a283098234d0b8973eaa02c266825c105b3e185,457871,2772,0,1,0,2772,13575,0.0001493158997192595,65.82170752010595,1,0,0,0.45229133344985256,0.5560195308600635,0.8052923298948523,0.4389584779909178,4.841100592902722,6.556883557814016,8.439939023908616,1890,True,68.56964999999946,86.10692999999901,51.95218999999997,65.99509674,0.000150499,0.952050641,SD,SD,-0.002627304579568168
H474,Hekla,H474_mesh.pat,a1f94990978289d7faa1bbc94265045ceb57fcd051b5a14bac75f8bafb0cf7ed,H474.msh,2d9f9f2c352630730c880daf874336c07bc7c2e12dadf79ed0a0637910df31c3,391203,2382,0,1,0,2382,11584,0.0001310440171505143,63.01919605728223,1,0,0,0.4608645154863385,0.5423978729920879,0.7989250425951114,0.924478774932349,4.872614054821274,6.55441932368332,8.554262461688175,1678,True,64.31448,79.3451399999999,59.58574599999997,63.20930779,0.000132233,1.151786273,SD,SD,-0.003007654083942435
H475,Hekla,H475_mesh.pat,2ea8dcdbb0d5e8ea49d954822da247d125cc8f57010fd2f1179a7528c31c510c,H475.msh,b5c5eecb326b4850488a45f10e72d0a2fd198a9a036217dc6714961c9c197a84,316330,1916,0,1,0,1916,9376,0.00011888588802769765,61.00665706454499,1,0,0,0.45515451542645263,0.5457776480339991,0.797260039308259,1.523533810880604,5.0838093817062,6.760369187323389,8.476734187586453,1314,True,96.60593999999992,65.77089999999998,59.619321000000014,61.2455312,0.000120288,1.347829408,SD,SD,-0.0039002704487117734
H476,Hekla,H476_mesh.pat,2671838d03670b50f7ab0ecd76e8196327131c27e0bd2fdc5e43457d56c94b2c,H476.msh,61e040aa8c72b27ddd453812337ee6a9dcebd0f3360ff3dd41b3280ab015499a,396635,2310,0,1,0,2310,11850,0.00014658338468484262,65.41771560188955,1,0,0,0.39123200228091914,0.5488142136461928,0.8072355167835574,1.6832276976689808,5.061061668537392,6.593691220664003,8.287555293124756,1270,True,58.38189000000011,62.9688900000001,77.77264999999989,65.63346651,0.000148038,1.146355289,SD,SD,-0.0032872087912281245
H477,Hekla,H477_mesh.pat,429021e1f5bfa6086686935964e4edbc475c443f322f1956c20adf21cc537678,H477.msh,537a6b639fa1544d39e2430a1f2338a33ed7eb959ec675b5f76c7bd583caff53,383587,2262,0,1,0,2262,11432,0.00014391686968211615,65.01861198382996,1,0,0,0.4051030095814624,0.5504286692822644,0.807683257701307,2.089444777494327,5.065329929251707,6.65012221449041,8.777648711585966,1334,True,68.8809199999996,67.42487999999958,68.55118000000039,65.22729596,0.000145307,0.982780786,SD,SD,-0.0031993350804856435
H478,Hekla,H478_mesh.pat,5f2b4a87a0b83961fac538ab83a1155eb0e0d246ccfa0dafae008199052d3df7,H478.msh,0de069c4f314c85813541426af21d5eb689b5992da62480bccc631405334ace5,503959,3183,0,1,0,3183,14810,0.00013488767936645527,63.62940862688958,1,0,0,0.17493638138226503,0.5369221065337868,0.7873324348876446,0.4743978367619762,4.409262892802149,6.500883479988678,9.092554199007575,2660,True,72.02750100000003,98.49139999999989,35.32909000000018,63.77453545,0.000135813,0.670574936,SD,SD,-0.0022756233673266735
H479,Hekla,H479_mesh.pat,f0ba382b7bf35b34638d38ead167e28e86753154eee0c56cc4e4d7aeededf4b7,H479.msh,6b6e407f751b88aca45c38b0a6752f41e2cc4026e1f4f2d1c7f474b955b2e9a2,481867,3273,0,1,0,3273,13931,8.155182601539564e-05,53.80364383659718,1,0,0,0.16142884221894602,0.5383303147651056,0.78073268847214,0.18520997840283537,2.892537448368989,6.257313934239368,8.912772922211245,3472,True,88.4987000000001,70.66321000000016,48.15464999999995,53.94175399,8.22E-05,0.858306379,SD,SD,-0.0025603571109019674
H480,Hekla,H480_mesh.pat,3dc7701cac8464638dabc63cca6e735e1b5991c38ed0620f8e672193fc7eebf0,H480.msh,4ac0daa405b25a86f1396e558e8fc786bc671a48ddc10f1312c577fe8bc35f5a,408115,2376,0,1,0,2376,12194,0.00015056961188748401,66.0054155439799,1,0,0,0.41963607205338643,0.5702453406779072,0.8133821780935038,1.7570470417915534,5.03321753867975,6.523105450109228,8.386736187658736,1282,True,61.05237299999999,73.19025999999985,70.06258999999977,66.21056132,0.000151978,0.90889446,SD,SD,-0.0030983844862546572
H481,Hekla,H481_mesh.pat,16429b1d2774b9dd7e8014ca73565ca9de39eb80b5ab44b5be8d074f17791870,H481.msh,51ab7cda5ed6f1cf9a1bce81a2089f32e23a2b752611d843cfd154dd36b4dc34,431971,2653,0,1,0,2653,12769,0.00013094129045206182,63.0027246292303,1,0,0,0.4808054907454372,0.5494064205135542,0.8009114774464128,0.4365243238359088,4.69589395568075,6.48202568838827,8.412225659157954,1948,True,63.385119999999915,79.35937999999987,54.55688999999984,63.16947217,0.000131984,1.08065408,SD,SD,-0.002639685516461987
H482,Hekla,H482_mesh.pat,3ebe403940a9726a57ab9e3a60cba943095d3a750a464f4583634c08b1d99733,H482.msh,92d94d491bb59af498c51704c2ad013dd273108cc11e699b911e3341511d4e51,382999,2268,0,1,0,2268,11405,0.00014249652997376354,64.80401125790696,1,0,0,0.4675385093374751,0.5703142153080591,0.8128609956648091,1.1425271218647837,5.060578791946037,6.592127338057367,8.873339288319627,1364,True,75.29470999999967,61.78165300000002,65.85006999999996,65.01697668,0.000143906,1.086264103,SD,SD,-0.003275535605742008
H483,Hekla,H483_mesh.pat,0cb03af3b6eb9d857f77306788f88304a6a3170c6a418b0056de0065184688b4,H483.msh,21cd9610a89c7db256d1742cda7b3dbe3b5f87608237ea6a22f8c9a6a0351c03,589947,4029,0,1,0,4029,17035,8.151318685076854e-05,53.79514512532355,1,0,0,0.13655748058574213,0.521731070462942,0.7776362069398006,0.11709447662465744,2.639936885361008,5.957942327572088,8.5542266363628,4372,True,60.575309999999945,121.55927999999994,34.9599290000001,53.98408606,8.24E-05,1.222126581,SD,SD,-0.003499937638408057
H484,Hekla,H484_mesh.pat,54542e3994e321c52defc86671564c9470e9d6040aa2363fd5d78be8b1b3bab3,H484.msh,dc5c28e2d47c8e35f58f04ffe689ac9633bbef2f8f8c7b3b82399274058b6515,365499,2144,0,1,0,2144,10904,0.00013918270142419372,64.29771604948358,1,0,0,0.4305974566692987,0.5583640541293944,0.8057886277578017,2.361377504635933,5.1124169992516855,6.639081494286226,9.091185969757635,1212,True,66.33501999999953,72.54182999999921,76.271781,64.52419717,0.000140659,0.96136625,SD,SD,-0.00351001841866716
H485,Hekla,H485_mesh.pat,228e3498c6f03645f640305c4e54832964a5f17841c59a84269a1eddb9522d19,H485.msh,e0dab6c2f108f62bc2532449a3ed3b2dc06a0afe3fc8f8674bdad4d2f9ca59ae,463611,2776,0,1,0,2776,13776,0.0001438268239903478,65.00504890542811,1,0,0,0.38527686207109135,0.5556050188311424,0.8082830739354598,0.56154746557435,4.744609975301261,6.388460169718524,8.135071140549357,1778,True,59.088656000000015,74.62802899999997,59.918441999999914,65.18519295,0.000145026,1.23254272,SD,SD,-0.002763573081851045
H486,Hekla,H486_mesh.pat,d3ec9629c636cb63a87a84519c22e48af9ab780a0542d2481c726ce4c06c6ab1,H486.msh,c396e178349297ef6a3668ffe9273d943144846583af0b875a57af71f75f6ada,387647,2330,0,1,0,2330,11509,0.00013057678331453206,62.94420912898272,1,0,0,0.4811460022165157,0.5601938035957446,0.8113940779432907,0.755027896991928,4.894749448489577,6.481770913368188,8.47560272400017,1518,True,69.45659,71.30547000000024,58.453181000000086,63.13491086,0.000131767,0.864661174,SD,SD,-0.003020543284525279
H487,Hekla,H487_mesh.pat,8b28b14d2d0d6bb73bf051898ab2e98ac287dc433bb51198b49a3ea25ad5ccb4,H487.msh,4e5a6de515a9008e6af3c5eddb5e3074eb6c2d25a2211be87d10aada21ccae05,422675,2460,0,1,0,2460,12630,0.00015250145016025722,66.28650437410784,1,0,0,0.38919468746361074,0.562800638521878,0.8108973317418902,1.6431863680449135,5.007728616970292,6.530534385385804,8.479521528948126,1320,True,72.7971480000001,63.131761699999984,62.59590520000001,66.48023317,0.000153842,1.143761108,SD,SD,-0.0029140811735237637
H488,Hekla,H488_mesh.pat,b7506d8a94cdec113618d03120dbcb786ba9b294b619045598fffb9ba781af6d,H488.msh,028a1ab7eedcb361fe42b48aea90e8b93ccdba64e2c77335a020219ff4960106,390447,2293,0,1,0,2293,11646,0.0001433335264618434,64.93064562874338,1,0,0,0.3978634905600125,0.548200099898014,0.8056360729161299,1.245064344723017,5.0420487812334,6.642553311298116,8.635327750762292,1302,True,60.72411000000011,64.54760000000078,68.60442599999996,65.14054908,0.000144728,0.999235353,SD,SD,-0.0032223162718330034
H489,Hekla,H489_mesh.pat,a44809ce9325cbd106ef8c357cd9114d13b3df01ac1077f8f6e87c7174f8d2ef,H489.msh,158e4830f1b4322b08552d8053fa6835351da76351272f1902d7bd599bfe3da4,433455,2648,0,1,0,2648,12827,0.00012946304545366272,62.764739728182434,1,0,0,0.20849086378572093,0.547444483728171,0.7988125829543096,0.4195012678993931,4.689074717574829,6.476730423652811,8.680819093167615,1890,True,59.46887600000002,81.71266000000014,49.48213999999962,62.94611362,0.000130589,1.140319859,SD,SD,-0.0028814152516627445
H490,Hekla,H490_mesh.pat,6373ce756386277759ddd2cba6ae6ab0c2ab14b37ecf5ad8a02e96118f9672bc,H490.msh,852546c41b4207917caf31aafde7dfc6522ce628d3e415afae96ce4b6536646b,463303,3256,0,1,0,3256,13285,8.704726758345922e-05,54.98600580850418,1,0,0,0.1668750185954802,0.5319317932660581,0.7842680673704344,0.1136363278186487,3.280571264673538,6.28544204051671,8.5269623719292,3748,True,59.0808999999997,142.76458000000002,22.89462000000003,55.138027,8.78E-05,0.931306544,SD,SD,-0.0027571024892824036
H491,Hekla,H491_mesh.pat,e772936b0044e11e0b5140123b8ea24998b82c3395e4c2acfd21213dcbb32b51,H491.msh,822d3277dd374f054d4203a3d10a5e3f2e6a97383aa8aa32b0d8acf2f7a33905,406015,2373,0,1,0,2373,12122,0.0001460773896315602,65.34235644431347,1,0,0,0.4036664228123912,0.565445913690497,0.8157027507186323,1.1914515613106034,5.002386725834755,6.474241253130221,8.5086224845171,1316,True,64.51852099999996,74.59434999999985,55.80134999999996,65.54567388,0.000147445,0.997064463,SD,SD,-0.0031019199842046152
H492,Hekla,H492_mesh.pat,f40ee09a796416bd39be97e81ac8e6fd9dcef4363d5e10a9bcec06fb84861841,H492.msh,971e31afba82c5a851103deb5fa3cbfe6770f5c3e95f127c24c2186b17769c80,513619,3128,0,1,0,3128,15210,0.0001299184309680768,62.838245146927534,1,0,0,0.37746042468110175,0.5351728123356874,0.7848063603587752,0.3418126940070905,4.338115254553011,6.3988480500300735,8.304594406901264,2212,True,54.357307899999995,84.24114999999892,55.78789999999981,63.0254551,0.000131083,1.434713431,SD,SD,-0.002970386374448686
H493,Hekla,H493_mesh.pat,2fb5878f33a1cb9de384eff68d613c0b3afea5a38794d5660de96c0719678a60,H493.msh,544be0bbf362e46c7c347ff9bc66e04b4477ef76c9757f91b9ee291af1dc7612,466383,2848,0,1,0,2848,13803,0.00014147895710392208,64.64938668312344,1,0,0,0.410497568578412,0.540322970424208,0.8002984207362983,0.48902220825702725,4.715910819947946,6.480599247013329,8.537080156259668,2036,True,61.262660000000324,71.88378999999986,63.197774000000095,64.81604252,0.000142576,1.092563859,SD,SD,-0.0025712127800017193
H494,Hekla,H494_mesh.pat,fdc39dc2f622dbc5add80ca2a6cf407fa4f3470ca3feb0e108efe6b1a5c7174b,H494.msh,2d6c63e7cc38b36d398c60d56e4f7f3ddd0332d45d4cd170bf590ef81f7cf15d,568891,3985,0,1,0,3985,16327,8.380932477911092e-05,54.29559205157124,1,0,0,0.1364787267980421,0.5253826892544152,0.7870034668567878,0.08589644637578112,2.6392793407798356,6.0025718732905435,8.60338538805513,4578,True,49.84263999999985,102.09099999999944,62.29684000000043,54.40218888,8.43E-05,1.312116937,SD,SD,-0.0019594216817983012
H495,Hekla,H495_mesh.pat,349d3b5a928e8a1a6530cc87e070374f3f58d3e81647354ed13198bf09e393c3,H495.msh,8631ed3ea983da44c7fc9608056c1faa7b3d71ddaedd2154807d7465b2a18890,387479,2248,0,1,0,2248,11585,0.00014212927149097256,64.74828990400611,1,0,0,0.480023112297928,0.5705614799660247,0.8155344239848958,2.0630408065912493,5.0299880969323905,6.5097804882266015,8.29855180363873,1180,True,62.908816,67.1642999999998,59.24208900000002,64.95465438,0.000143492,1.019514585,SD,SD,-0.003177054484603925
H496,Hekla,H496_mesh.pat,ea8b9a4b6dda14d526bf6fadb96098a161d46eeb434134d5603eda883622813c,H496.msh,8c3961fb5f7251050c93be66d8092757cae7b81f0fbef2c5ebf2368cc815c270,445215,2761,0,1,0,2761,13134,0.00012525823090175724,62.07773801826547,1,0,0,0.4232464624411378,0.5495055270412642,0.7998724041113827,0.5463540149938506,4.5570439770754945,6.437049301894992,8.230039071292165,2116,True,60.42632999999978,63.603439999999864,70.29424999999992,62.24574384,0.000126278,1.043724515,SD,SD,-0.0026990732437286447
H497,Hekla,H497_mesh.pat,a6f3327b7c9dfc0750fe5f7162d04fef8a6941d334ba61991d5173c5d7b1b009,H497.msh,252c8d4f99c8582c5741abdea6551d5a6b13b3d869e296d903cc5e86e52b1243,519023,3342,0,1,0,3342,15189,0.00010887900806123886,59.244564461410796,1,0,0,0.1402068509834949,0.5368326287571247,0.7903076585869367,0.402522649549055,3.8119221704669783,6.227689974991641,8.399872447525123,2990,True,68.51085999999987,75.51846000000023,52.670460000000276,59.3825888,0.000109642,0.86167356,SD,SD,-0.0023243233644472117
H498,Hekla,H498_mesh.pat,7f335ee6e1d046f23631a32f197ada45b3ae1e14ed84681d14fcde5f0ec25d48,H498.msh,b1c9359fc91178a907de07b59c5ddfe950a036dde02340d4a951b2c5e795688a,389159,2313,0,1,0,2313,11580,0.00013508129564927636,63.65983838843864,1,0,0,0.39513130190137774,0.5499617198508331,0.8131000189684479,0.4800168822881737,4.946450359285057,6.527556111592881,8.097054405854385,1424,True,68.82261000000017,67.45301000000018,56.32565559999999,63.86728663,0.000136406,0.861627729,SD,SD,-0.0032481142147648967
H499,Hekla,H499_mesh.pat,760bd6a19e1a1847df58c775d71db47fee23aee8f35d7c53aa5149d96adf9bbb,H499.msh,b2a4cb570d0992ac014ecc9fa9c513f19df7792c72fad62cdf53ad41c238e6cd,386415,2284,0,1,0,2284,11511,0.000134906339169604,63.63234256792839,1,0,0,0.4345835293531192,0.5432267637454494,0.8045802845722274,0.6843664840689865,4.971819336052293,6.5643802905352455,8.832510645253869,1366,True,57.040210000000116,66.30274999999995,66.72365400000004,63.84503584,0.000136264,0.862235642,SD,SD,-0.0033313987418636115
H500,Hekla,H500_mesh.pat,203261d49d5a90b21a62096884637f868014484c4a9001f6238c73c9600f736d,H500.msh,4d56c4f9a9a2a041a36c21253d33ac933e146e1fc0def961223f14daf959a02a,356259,2187,0,1,0,2187,10531,0.00011591714560293214,60.4945641398638,1,0,0,0.4045113382225701,0.5441517488809373,0.7978132143197807,0.7566984374244197,4.811406914348319,6.5654180658219765,8.350321925183072,1598,True,61.14099999999962,66.86781999999948,67.55323999999928,60.67845242,0.000116977,0.925410015,SD,SD,-0.0030305367523775217
H501,Hekla,H501_mesh.pat,f07a80bcedd4207f630ff014c15dcb93fae2a51ba4229762ae640650fae9d6bc,H501.msh,52cf90b1c565e524d846d84e409801dbd50fb1ebb598485cf1fc6735f2580228,299026,1759,0,1,0,1759,8915,0.00010901564988130838,59.26933783485821,1,0,0,0.44311049244236744,0.5531310882176377,0.8036807675092569,2.0686057358069307,5.02906756312283,6.622481116054775,8.649623747229109,1002,True,58.42899999999963,62.74202600000001,54.96516999999983,59.50009171,0.000110294,1.013241,SD,SD,-0.003878210411279115
H502,Hekla,H502_mesh.pat,6337a2a6fae51705334b98012f0ece117ad092a30d6d3837e26290554f3f7fbb,H502.msh,65e3fb807e6ed5744aebe3b7ea2a4fc18232375a6fd9f92bb09bba6292bcc20a,265062,1610,0,1,0,1610,7851,9.804440720000921e-05,57.210367065295536,1,0,0,0.41404778468030506,0.5499784501516257,0.8054150613376405,1.5151864067502194,5.064518728457466,6.679359511369328,8.515540465818798,1110,True,57.00608000000011,61.461639999999534,64.84456,57.43526299,9.92E-05,0.971601325,SD,SD,-0.003915641941843573
H503,Hekla,H503_mesh.pat,2df6d17b3554526095ebe231bfc555cb5ee6bffa7757befddef40949a72f748f,H503.msh,1275775879f83d5dc920b76adf21b4c02e12dad1bd51aa817c9e852a98d26f0c,282870,1824,0,1,0,1824,8273,7.991162814095706e-05,53.44049255051856,1,0,0,0.3353047578122429,0.535701580246445,0.7865685009326326,0.2469427239260454,4.589394491781235,6.6268106827708335,9.13826868754148,1608,True,42.52877000000035,116.55313999999998,46.579339999999775,53.437,7.99E-05,2.29082032,SD,SD,6.535828206244432e-05
H504,Hekla,H504_mesh.pat,5fa2fa1635ad1fd59423eaf74339fec5c125a7ca9e70c550c6bface04da1e1fb,H504.msh,6fa0818a9af9284484e76aa2198a7a469405999815c84dac8c8f4d457a7b9fca,278586,1686,0,1,0,1686,8258,0.0001010184271395069,57.78307637330271,1,0,0,0.4473132581601058,0.5512721649926143,0.8075612229811306,1.1935462237787893,5.026428239436188,6.592149204164026,8.35963877253915,1136,True,59.21867999999995,55.77278279999997,67.24828000000025,58.00310059,0.000102177,1.073782771,SD,SD,-0.0037933181926350645
H505,Hekla,H505_mesh.pat,99c15939cf8def93829e1751cddbe8657bf4c9042c021610964c85e60e5fc7c8,H505.msh,9be2636d0c6c8b4b7b1a3ca3289476dd7ba92afe2a8415d4ddf3616bb5829f36,414387,2684,0,1,0,2684,12110,9.439790472965405e-05,56.492124922498746,1,0,0,0.4015414241871089,0.5527713878882516,0.7955122665944545,0.40392302447386913,4.011824805220201,6.2941075759646425,8.521620459167265,2434,True,63.65675000000056,70.29069000000027,51.044430000000375,56.64661394,9.52E-05,0.886678521,SD,SD,-0.0027272418730074355
H506,Hekla,H506_mesh.pat,84d25898a42f13fcd635ce6242291062cb5b5139e1e788c54dee78f7229c779a,H506.msh,73eca4e43f5b8404b645883c22317c108e5b46487669d25c5c193476e9e537a8,268310,1623,0,1,0,1623,7954,0.0001011047309222585,57.7995270966047,1,0,0,0.4398368400053166,0.5745601948643263,0.8178747045108302,1.154093585893137,5.064944713404641,6.644823433550681,8.153591701073111,1084,True,59.305639999999585,67.2511799999993,52.45625000000018,58.02974878,0.000102318,1.005409756,SD,SD,-0.003967304498734059
H507,Hekla,H507_mesh.pat,a5e1967d2ec99c339c7fc2ed49dd73c56ccb0060af21597e6990b266a7448073,H507.msh,a0d0d0834c3213ab678a1978abd5bc873dc7cb0b84c6fef303bf255eb2314b5a,294826,1767,0,1,0,1767,8757,0.00010414268906649674,58.372736717551774,1,0,0,0.42804931335472673,0.5633968237258938,0.8129121926272218,0.7773657083744105,4.9726803666237664,6.5165797612619745,8.439189501855761,1128,True,67.22763000000009,56.06096999999954,53.850192000000106,58.58996161,0.00010531,1.157406165,SD,SD,-0.003707544543110841
H508,Hekla,H508_mesh.pat,38ad8f6daddac89b8a559c4554326243a2447ffd53cfb4998a639c12cdfeaa5a,H508.msh,381e379a2ad36211c09e411730f0a6df963e43848b20b3e5a7ec20f7635892f3,339207,2105,0,1,0,2105,10004,0.00010082632740194303,57.74642577509066,1,0,0,0.27632503601238917,0.5458490445518837,0.8029771482770243,0.4595771322639783,4.71063190840656,6.476478974784797,8.179662320346834,1602,True,72.9629700000005,54.33712999999989,53.72788000000037,57.95316282,0.000101913,1.324557184,SD,SD,-0.0035673125477458933
H509,Hekla,H509_mesh.pat,3188cf60024d3181c691a6e4d2e57522109f517c4377e3ec8807a8ec38cbb736,H509.msh,6d1a7364bdfa87f1ae9710d1507a9899bae1fb283e4e9261c1a1876f3beeaacf,280070,1658,0,1,0,1658,8339,0.0001053138375679378,58.590734002512676,1,0,0,0.45213774301800885,0.5436283209065959,0.8089498088237095,2.0710425643726547,5.069103331997974,6.623277853050469,8.56886832769755,996,True,55.44052599999998,64.80341300000009,57.117647000000005,58.81287901,0.000106516,1.102981811,SD,SD,-0.0037771490059099744
H510,Hekla,H510_mesh.pat,6ef958a0ab1d7bfc2e0725516a2ce3b0066af1aebe3d8feb4d5c707c148f844d,H510.msh,ace688158de204ea33d39d1c7c6d2c192f1ae18c97a58db4cfb7c9ca2805aadc,284130,1665,0,1,0,1665,8477,0.00010497091142806214,58.527069870533055,1,0,0,0.4986096928393493,0.5532017522543208,0.7969691252328399,2.207868770733485,5.0618005477424255,6.658411919886069,8.574612933299175,952,True,56.40408500000001,67.51558999999997,50.41415000000006,58.76517498,0.000106257,1.066918479,SD,SD,-0.004051806355515497
H511,Hekla,H511_mesh.pat,fdd2d52ee2d5516882a26235bc78b070e4fadbb31b92fa4b53d9d007b667bb51,H511.msh,af52a39637f515c975be18481efb41f63643a5a0e5b231c6c1dd1a380d9b7b1e,280126,1729,0,1,0,1729,8270,9.379347348189055e-05,56.37129334157523,1,0,0,0.36917954352659305,0.5508904459035666,0.8037572231259007,0.8236635991715827,4.87017097492062,6.554849454839667,8.284763246424735,1288,True,54.61267999999973,56.138110000000324,75.78337000000056,56.59481018,9.49E-05,1.316750871,SD,SD,-0.003949422883721576
H512,Hekla,H512_mesh.pat,df605a97bc3322179c298fc1476dd6f374f94a91a370db38093fcd34b8f4066f,H512.msh,bea68243a1506b2bce3d1f1fcf6c24c1030ecd4a05814d15f7f58efc149adc59,289338,1720,0,1,0,1720,8608,0.00010397770041995219,58.3418946446956,1,0,0,0.44215794204591724,0.543206858154791,0.802601518807242,0.8394952951028052,5.0387167080868815,6.599078512253013,8.104298279175252,1060,True,59.176370000000134,61.05983000000106,55.91608799999983,58.57596098,0.000105234,0.969440559,SD,SD,-0.003995945288619573
H513,Hekla,H513_mesh.pat,1bfbd16b386d72057ab9e02935a199638661aa206d9b66abb01a2bf9a8bee06b,H513.msh,44e768a5ca1d47e513aa70df88a2e5f2cf9598635f6a894d73df1bdf9d6a4d83,293118,1780,0,1,0,1780,8683,0.00010045348108355565,57.67515756313166,1,0,0,0.3795001069506838,0.5616463415700104,0.8093902443185953,0.44408949684052196,4.92875384387135,6.547307324688809,8.27619942511052,1218,True,60.13403800000003,66.85116999999991,47.74483000000009,57.89254273,0.000101594,0.878919692,SD,SD,-0.0037549770076982236
H514,Hekla,H514_mesh.pat,6152f72ef50f5b05c487477f64ba9bc8ae14b1eefd9b1c82130432813b64093a,H514.msh,40cfc59045c471a99fe77e2087bc2597a7a47dd3e7beeb6426af8c5735869b81,286986,1737,0,1,0,1737,8507,0.00010124980443696186,57.827159081365444,1,0,0,0.1872475843464794,0.5268365712046894,0.7902402586275634,0.6388216429336949,4.989972797426923,6.6966774851977755,8.440411364788474,1182,True,48.30614000000014,61.863909000000035,59.64847299999997,58.04525327,0.0001024,0.830280596,SD,SD,-0.0037573130677901467
H515,Hekla,H515_mesh.pat,01423d37adb4866b840eb868702c143eb2579481d84bf56fcd392db5ac2c378f,H515.msh,8cf6a860b46566b7f8a8ee7dce2eed930228091c916345c4b8a824f55b58fec6,288778,1904,0,1,0,1904,8404,7.719973303679838e-05,52.82900025074138,1,0,0,0.1861131882413523,0.5321737858930178,0.7829342339309266,0.3377540591913298,4.412801745886861,6.547832377786756,9.423823293637692,1850,True,49.39301000000023,99.80924999999934,27.407799999999952,53.02875827,7.81E-05,1.113333041,SD,SD,-0.003766975237125769
H516,Hekla,H516_mesh.pat,f1af57f878184682fc56a839b61cebd06f9adf7147f9e94947219016baf56337,H516.msh,767500180d6c50dce6e3b5087a3964bcc36fb3720d158346272b78553f48fef0,328762,2062,0,1,0,2062,9674,9.747860848704126e-05,57.10010403960771,1,0,0,0.3754192399155163,0.528918321706676,0.7998621538296873,0.4198897944700655,4.6598483172844185,6.456874639281869,8.304281924965228,1644,True,55.26451999999972,69.93214000000035,51.95029999999997,57.28589056,9.84E-05,1.183059012,SD,SD,-0.0032431462368155417
H517,Hekla,H517_mesh.pat,b898937d128f206638611ff8d64c5f01d5e508a41909122f170c2c1df27bc2ec,H517.msh,6d4538174c2b92b8faa2e8036165633cfe2817421ed46a1f367e7fe45fc02685,278502,1639,0,1,0,1639,8302,0.00010231956473764835,58.030104668466734,1,0,0,0.39110396613151327,0.5556755217661612,0.8048885417088154,1.9735533957304168,5.056518453477974,6.590308758299743,8.668377769098468,936,True,54.99398000000019,60.67198999999982,57.655110000000036,58.26709507,0.000103578,1.006225714,SD,SD,-0.004067311082671221
H518,Hekla,H518_mesh.pat,25f11ab2e829f9510d64ab471ec0bf40efc2037563774c1cd7292951c724c432,H518.msh,4cd9516a2798e153cf2fa30b854bc446afb35db90c51b0601c02cb7135dbe33a,287350,1736,0,1,0,1736,8521,9.932934488523526e-05,57.459209864860725,1,0,0,0.4860582576994076,0.5635543461635302,0.8051117328919607,0.4819033880611905,4.951545492607853,6.567536710590569,8.63832502649783,1162,True,54.86803999999984,59.32243500000004,62.67147000000023,57.68441151,0.000100502,0.973199234,SD,SD,-0.003904029515846452
H519,Hekla,H519_mesh.pat,e6f14ae2ee35306843d32e800fcf6ddb1fd7abd2128f3ecb482315cf1dfd825b,H519.msh,887ca023ef9bb1535bd78fcf102b0e7785110258fc63b8911d72c30c168fea14,357099,2317,0,1,0,2317,10431,8.375006877265035e-05,54.28279276574937,1,0,0,0.12852259025467336,0.5319831705151631,0.7840417169500665,0.4350143959410623,4.075914782371647,6.490280382269438,8.74001297091718,2128,True,44.05909099999997,84.38979999999992,51.32950000000005,54.48295267,8.47E-05,1.395469436,SD,SD,-0.003673807942513485
H520,Hekla,H520_mesh.pat,ef127657f56dd355febf4eba8f15b856ee0c9fec256892224bc1f6e9ac17e3cc,H520.msh,87334632ee300cd404ffb7c69a5de53e8a60871189cb31c7f04b5e95a4534a6c,275310,1648,0,1,0,1648,8179,9.77007935601191e-05,57.14345428188786,1,0,0,0.479015606738076,0.5695674523325006,0.8062352206035523,1.2013178516569252,5.006197174684127,6.554439330422639,7.984131170147489,1040,True,47.44410599999992,58.895660000000134,67.35204999999985,57.37287051,9.89E-05,0.924989028,SD,SD,-0.003998688336016687
H521,Hekla,H521_mesh.pat,cf6e77d8c142070ade358f7d701d7c8298be56b47c728f9f90c08ebb68feb4fe,H521.msh,2dc5625448912b6e1902ae8312eb79a9ec2aeccef9c69409d2508c9002e021ae,311346,1886,0,1,0,1886,9228,9.80691323955681e-05,57.21517583397154,1,0,0,0.43381703835875646,0.5453737727389123,0.8033309000480993,0.45251407646618436,4.7860990251343445,6.508659639290464,8.226715056120517,1278,True,57.207980000000134,66.8795599999994,50.21500999999989,57.43663119,9.92E-05,1.02641512,SD,SD,-0.0038556466742606377
H522,Hekla,H522_mesh.pat,7e87883052cfc737b27e0155e275c68cb6a6e8d7dc4a52e1193ac2e5ec05b1a2,H522.msh,d4dff8bbd2b8d6b54cec1fd509f5de76d2b5f1b8d604df4a0f9641bb97f78558,330554,2161,0,1,0,2161,9639,7.813891019223119e-05,53.04236859644654,1,0,0,0.14587904818564743,0.5445752163157507,0.7900627272635036,0.404640570780173,4.072528148644813,6.459057786735594,8.667638798420578,2030,True,59.28956999999946,95.93372000000022,34.734034000000065,53.2616852,7.91E-05,0.947941983,SD,SD,-0.004117718069375997
H523,Hekla,H523_mesh.pat,537630bc13e80d29630dfcaaebf23026bd96c78026d64f88f2c74242d014ed4b,H523.msh,98cbf814c57c6d4c862b9e522b849791c560ce4f084af9f780b504573b3f9da7,352563,2236,0,1,0,2236,10350,9.057341006786554e-05,55.71866456528145,1,0,0,0.16926419845579863,0.541796645397927,0.7934791965622725,0.39064394690824156,4.344898077840736,6.43600427503779,8.478577411594284,1880,True,43.14985600000006,77.83719000000019,53.259959999999865,55.91971553,9.16E-05,1.184201078,SD,SD,-0.0035953502769642265
H524,Hekla,H524_mesh.pat,1ea5e3538ae50fd013eacf66ac9b4e01c35f2bb0d2617badaf0fb4df734926d0,H524.msh,2e2f6b57d1a81d1d1ecde619a0075ca4d1aad2465e0f6ebd1159402987aa0e34,259798,1544,0,1,0,1544,7729,9.619186386424469e-05,56.847744628063815,1,0,0,0.4956774780631223,0.5708309740526123,0.811502795229084,1.8806064722696043,5.045389140314741,6.576318618429833,8.3869309980479,938,True,54.65359999999964,69.25109800000007,52.272164700000005,57.08852012,9.74E-05,1.220879443,SD,SD,-0.004217581598368159
H525,Hekla,H525_mesh.pat,71d5ed017112bb2aa7baf0686a2cb11b870084c28e2617c7189b0f30da0351f0,H525.msh,b867cd649b3103fa7d7afb6a0441933ec8d3772630f60a2204d4ad6bc86262df,492927,3384,0,1,0,3384,14215,6.688110792256682e-05,50.3618426943516,1,0,0,0.15033292352243288,0.5332218970495248,0.7757264835098721,0.14292990659777585,2.2153244450094105,6.085921102765971,8.743240690624914,3702,True,83.93787999999972,64.96154999999999,44.55586999999991,50.51301687,6.75E-05,0.88759292,SD,SD,-0.002992776615133863
H526,Hekla,H526_mesh.pat,820717b9b94ebb9d2cde743b81a1e5b87fe2a4c5a5c80bf1a83960272443d69e,H526.msh,da1618950e08587fddbe0483983213adef782a53cee09dccee6b0f557a9fe531,265370,1574,0,1,0,1574,7898,9.722186926870122e-05,57.04992986795076,1,0,0,0.4849197626786723,0.5659010185114807,0.812050436599742,2.1245513145155432,5.009635694589077,6.562585350886255,8.481937713188955,944,True,55.643449999999575,59.44798999999966,57.168676000000005,57.2828248,9.84E-05,0.995074746,SD,SD,-0.004065702640580038
H527,Hekla,H527_mesh.pat,36aecf8c268cad58003578d03e3ad299a7954ba3b741c36ac6e30e75f6d5e60e,H527.msh,c3dd0e8d62462cf51b12f5ffb49eb3c57bd33e208f72a924b94a384974f622cb,265314,1687,0,1,0,1687,7783,8.219358862856991e-05,53.944409074453276,1,0,0,0.46037933140287796,0.561193335056603,0.8004127812844514,0.6278002792290543,4.730179617001749,6.57512661566353,8.483750654734555,1416,True,57.47909000000027,56.92244000000028,68.71452999999974,54.15954845,8.32E-05,1.186944531,SD,SD,-0.003972325872423799
H528,Hekla,H528_mesh.pat,86875d69553e3dc890a69c4a4160d444d36c6fc5f2e07fd07152f350c42bc228,H528.msh,b407bcd12eccb42381cdf78f24c26bd403280c37e0679e7ee16b647ef70c4ceb,403271,2513,0,1,0,2513,11884,9.272099271343845e-05,56.15561012107884,1,0,0,0.22089591445028517,0.5282578906750647,0.7863161635001159,0.020208770372832287,4.139295661920128,6.441258060738569,8.620015697212484,2002,True,75.45259999999985,54.581199999999626,46.426897000000054,56.36722371,9.38E-05,1.174526028,SD,SD,-0.0037541957008540017
H529,Hekla,H529_mesh.pat,aa60af8026a066578d17615efd2c503f1f66cb8cc5d9227fd2315d25dce2a8bb,H529.msh,96877ba37c0c7cdb49f9742e3814d3ff1f8eb4a28435c70095d8011539b6d2b3,266042,1575,0,1,0,1575,7921,9.453518327441831e-05,56.51949629418879,1,0,0,0.4808927934563743,0.5569445526226945,0.8101680759687822,2.022441833642877,4.992059316362685,6.485381469205079,9.013428847095263,938,True,54.23588000000018,61.86333100000002,47.293859999999995,56.75714541,9.57E-05,0.997618243,SD,SD,-0.0041871224159441
H530,Hekla,H530_mesh.pat,8fa17efc117e96d6d477e0add6f61f9a2dc1cab7b05f3298e11aafd82dec6b50,H530.msh,8d4a3fb13a9a6bc41a178877f162255f9ba308cba491f1adc67d222bec83f365,248934,1508,0,1,0,1508,7377,8.99732983722547e-05,55.5953335052697,1,0,0,0.422761622958499,0.5564807328270135,0.8082334713858566,1.6814546381707338,5.002230986760796,6.581716150699864,8.222757026798957,1026,True,47.344740000000456,70.69559800000002,50.724357,55.82195886,9.11E-05,1.286744384,SD,SD,-0.004059788645157991
H531,Hekla,H531_mesh.pat,276f9847275bd8d0d38573473c7d2d55095f56d57b359a20937d223d32a18452,H531.msh,8a33bb38ed27f6fefb4d3f0371b5a56d4f04afc6d6a063ceb7cebea30cd19fe6,259826,1550,0,1,0,1550,7724,9.24306739722119e-05,56.096939225033324,1,0,0,0.41862959753216317,0.5424445937208606,0.8074139021395621,1.21558981362941,4.990876011030977,6.56993022825333,8.178606812128024,966,True,49.26706300000001,61.10856000000058,53.330129999999826,56.32537143,9.36E-05,1.052495563,SD,SD,-0.004055582753689668
H532,Hekla,H532_mesh.pat,b801fb9d9c2e768f9bfb636552f886dc326641b0add7d86038f0f55b1bec755d,H532.msh,368a2550c65e5683e5bf32c4b6e42db7bc47358c450df2c944845cd21cee5dd7,259350,1558,0,1,0,1558,7699,9.112227886549978e-05,55.83098843644361,1,0,0,0.4450134635355173,0.5517498184994366,0.8006276277593148,0.982598785364693,4.9822111909214595,6.567396098819775,8.562812319781086,1026,True,55.80335000000014,66.4642300000005,46.70581999999996,56.05780642,9.22E-05,0.998369285,SD,SD,-0.0040461444719581685
H533,Hekla,H533_mesh.pat,79b092ebe5fbda014e150ec182f566ba1d6fe98512294f11e248571c91c19b3b,H533.msh,f6e27d8b7efcd3e9a97efe23a9023ae6724908ec1112d5ccca99b438cf98413d,290542,1824,0,1,0,1824,8547,8.48910395379017e-05,54.52818930555315,1,0,0,0.4162238476288526,0.5558264917012083,0.8015011024883238,0.46149460802466985,4.651316568500759,6.496283254814614,8.74894100634573,1468,True,54.937929999999824,55.00053000000025,57.003738999999996,54.74006735,8.59E-05,1.03005454,SD,SD,-0.0038706208213470372
H534,Hekla,H534_mesh.pat,9934cf3bd6485dec390d1a2613acd4bc06ee774a8a044a34f740a1423a935500,H534.msh,1dd20296eb8d8aa46a785107c026b269b952ec25ddf140b773e83272c44dc42f,247030,1482,0,1,0,1482,7335,9.000034933100708e-05,55.60090462620812,1,0,0,0.47337754756354916,0.5640695161400404,0.8131019860246081,1.921751639416586,5.002459574168594,6.551473505573471,8.47411243342522,950,True,50.118940000000066,63.299998000000016,55.86268999999993,55.8298581,9.11E-05,1.022298756,SD,SD,-0.004100914485252516
H535,Hekla,H535_mesh.pat,be7270bec0a33e664a0336615697014e16bbb294fb30c37f784085d5c95b1de4,H535.msh,b8f0d42e367dccddce38b8fb5021de007371e53a4ea990cafb6d794dd298e49e,258230,1571,0,1,0,1571,7646,8.964231654347582e-05,55.52707749491339,1,0,0,0.4206647634555505,0.5474466969380909,0.808643202779783,0.7301023104207603,4.9498227817496625,6.545205167359872,8.583409429633502,1070,True,57.08150999999998,62.47510000000011,54.72414600000002,55.76001451,9.08E-05,1.047228782,SD,SD,-0.004177492009885153
H536,Hekla,H536_mesh.pat,ac80edf77f6a0f94bb15efc99826805e0f447a1081c85cdb88cbdf724e467856,H536.msh,f1712bb8bcef119a51d50c5594648cad7e47a2fc3aa2ddd0e2aeec7ba899fcd0,321090,2032,0,1,0,2032,9430,8.445941998781683e-05,54.43561795948541,1,0,0,0.39226035384043095,0.5380303313066432,0.794917840268159,0.3263058820738335,4.446718935850074,6.412161053646798,8.23390014980639,1700,True,56.216489999999794,59.6809200000007,58.02597700000001,54.63339043,8.54E-05,0.981910993,SD,SD,-0.003619992626450408
H537,Hekla,H537_mesh.pat,0260e5533cd9f2e935279194885a1d344594a7e43de75220104080b7192f7cf3,H537.msh,2b8ebdb6c3b0c0510b1187575b8b58d14999a25c5a8636982356d5d844ab0871,249690,1655,0,1,0,1655,7257,6.563008859009462e-05,50.04585608833596,1,0,0,0.1769343198409645,0.5536583789653968,0.788575461289728,0.42621481386503507,4.34736822487084,6.531007553701839,8.507193744508541,1608,True,90.29172000000005,64.92899499999999,36.73094039,50.27059606,6.65E-05,0.784162823,SD,SD,-0.004470604871997241
H538,Hekla,H538_mesh.pat,881717c728e42728654c855753e5f3b26c181bc060900a3fc615279676b8c065,H538.msh,1099be22ab772e3f93a8b9db1ecd74570783722723f32d208e3bd54d5f423625,229474,1440,0,1,0,1440,6750,7.636839569856626e-05,52.6386830168514,1,0,0,0.18061698484948246,0.5382009278655393,0.7909854341235159,0.4243306863757586,4.902475879422022,6.691952552182943,8.601819355979217,1138,True,68.51056999999946,57.689930000000004,64.68067000000008,52.90026612,7.75E-05,0.923070786,SD,SD,-0.004944835297335137
H539,Hekla,H539_mesh.pat,310af6523e8840dc65f665b6872204db94f8a3a9d6f5c0d6deb212951355ce37,H539.msh,aede5ce8519e11b6c2d93b67ea255a1e3925e7d09b0a8a193cf24740226210ab,251314,1598,0,1,0,1598,7372,7.887015196874324e-05,53.20731599158071,1,0,0,0.19513483572985485,0.5450389882324601,0.795620830059846,0.6905691402296096,4.746491747687885,6.580816315256782,8.764412381271542,1350,True,60.81504799999999,69.70621000000028,41.2372558,53.40725188,7.98E-05,0.778216832,SD,SD,-0.003743609367292011
H540,Hekla,H540_mesh.pat,dc0413f9ec9dd0c5aedc197b33c6a5bed99e57c90725109ad04a05e6ab0406e4,H540.msh,e341eacc73187f3aa5dbe4b0c8c5df450404609452b35e4a66d29c1ee3b6b91b,225750,1360,0,1,0,1360,6697,8.563858646619064e-05,54.687779418473966,1,0,0,0.5035237737820736,0.5713320745596174,0.8179067716579669,2.293582131950189,5.076977850800135,6.5741673415728075,8.102654199047151,892,True,61.13993199999999,54.8781199999994,46.859269999999924,54.93124042,8.68E-05,0.950210573,SD,SD,-0.004432104566810313
H541,Hekla,H541_mesh.pat,73b89669d352f75dd506358758d2747162c64523d8b28d4c4e835d4e90771d06,H541.msh,ec5517daf96e0485721a8d8c557a17f87d4a22bf2c26b3f14d0acaacdd8324db,279258,1687,0,1,0,1687,8281,8.636586268405603e-05,54.84215321037191,1,0,0,0.4279103232008995,0.5366214445079335,0.8031669319704208,0.3400474139542541,4.796836649956099,6.449222120054356,8.753202570843245,1132,True,44.320580000000064,63.291827000000126,55.47339800000009,55.08147051,8.75E-05,0.903821004,SD,SD,-0.004344787773678638
H542,Hekla,H542_mesh.pat,8eb91a09a0d830c9cd9eecd5b4c7459745fc597f6dd5b8b05f9249f120c3c0c3,H542.msh,1ab032a64503f9893651d84376459dad6b653a71b0d4688760012a89ef3c1e92,222838,1361,0,1,0,1361,6592,8.329326944808707e-05,54.183920956236854,1,0,0,0.4401750344581773,0.5520362017639654,0.8093526102248096,1.4718929788200028,5.059888727626557,6.671210407611279,8.227517535150268,956,True,56.902190000000246,66.16150999999991,45.330900000000156,54.42970152,8.44E-05,0.922911734,SD,SD,-0.004515559646654288
H543,Hekla,H543_mesh.pat,91e6025881767ea1565d85423503a594d499d78504f56657fcae5a20704bd9d3,H543.msh,5084891883ded156d04b7bd0ee0aa875eeb07b6a3c423d89e9c5bd0de9b6fe29,243502,1489,0,1,0,1489,7202,8.494178273758694e-05,54.539051793472034,1,0,0,0.3816292658801867,0.55214411428902,0.801787073510605,0.9611919829555698,4.973708983944642,6.590797637355341,8.414386784394305,1060,True,52.55312999999933,62.989910000001146,52.04431999999997,54.76688854,8.60E-05,1.189180025,SD,SD,-0.004160118505939225
H544,Hekla,H544_mesh.pat,e8a179b48311493063e356d3df58b8040a73c55ab592182f80df82217265e006,H544.msh,504825b08814659f8dfb5f4b77f6150208a1746fadc310033288f0d61cad0b0f,309358,1996,0,1,0,1996,9047,7.921080957627418e-05,53.283810681383294,1,0,0,0.18940531540221422,0.5530267013698846,0.7968543581304297,0.2685985829945142,4.308959904641858,6.429765013800034,8.718675993534509,1780,True,69.7256971,55.54642000000058,45.30158,53.47493008,8.01E-05,1.022717789,SD,SD,-0.0035739999721511317
H545,Hekla,H545_mesh.pat,1e8291279cd7772a808cc19498c6b0a397b6aa93b9021c834b5fa323a3ebb84b,H545.msh,28a5cfe949a87ebd427477b656273748504bfe5e4d0fd0d7276044b51e70eb68,224826,1345,0,1,0,1345,6679,8.478234570428944e-05,54.50490687454894,1,0,0,0.4487249925028411,0.5625328188878385,0.8106692247278446,2.5225726507799617,5.0893487187204665,6.6206017345827535,8.482117540341214,840,True,52.3279799999998,58.255960000000414,56.11165299999993,54.7623669,8.60E-05,0.973779507,SD,SD,-0.004701404267664411
H546,Hekla,H546_mesh.pat,60268f5e32f779e10cb422926299dba7f48ca3d80875524a4f68b366f97ff265,H546.msh,04d78825d0a336ca1282743919f1e0b01ae8c3d163239d885f4e099ccc81bf19,271726,1661,0,1,0,1661,8038,8.30464602347372e-05,54.13034991525615,1,0,0,0.45476763024727057,0.5528715376248831,0.8069042111216387,0.5031825514665311,4.738265604359207,6.468269184149572,8.698204028125371,1164,True,55.57528000000002,54.25008000000025,56.69389000000001,54.36398291,8.41E-05,1.004020387,SD,SD,-0.004297569498000753
H547,Hekla,H547_mesh.pat,0ba2481b3f1980e69b4c91d8ba8c3e9761d2e581259ebe2efc19e70a1018d0a5,H547.msh,3fc693e084121a3c72cb580c43d98c175a731c6917cefa140bc49949cd0cfc7d,555563,3737,0,1,0,3737,16099,6.837427841230811e-05,50.73387617248572,1,0,0,0.17750797987114422,0.5376044188672656,0.7853955345883842,0.2798231323534068,2.0983834167525757,5.857689077793322,9.09085209934211,3852,True,52.94241000000011,81.16801999999961,35.24226999999996,50.87720528,6.90E-05,1.018699657,SD,SD,-0.0028171576391720077
H548,Hekla,H548_mesh.pat,a256c50ab59b118e34f8736d907a73b85582fa1c6925241e9695828a779ce09a,H548.msh,c6d7e929029f96a70f0e203908b997d9fa4940a101dd25a57564c0d642f2d0fc,364603,2455,0,1,0,2455,10561,6.0092183922559386e-05,48.59666374913938,1,0,0,0.2279270724149032,0.5320326585628106,0.7781484837617106,0.3078707938402477,3.1625093971452323,6.087584246876938,8.490434837604127,2538,True,50.64237000000003,84.50789000000009,44.39682000000016,48.75456014,6.07E-05,1.464108359,SD,SD,-0.0032385973826287717
H549,Hekla,H549_mesh.pat,c11ca672e24499657a0cb5a0af2d21e5697395032eb2f313d528afbd8fb14c38,H549.msh,08ea2f4bd34c9a0d24cab354857626d3c05503051beb58f841d016fd7b3fe44d,281190,1778,0,1,0,1778,8259,7.735216750808069e-05,52.86374849790164,1,0,0,0.41241718381701875,0.5401513236976775,0.7980188732398347,0.4674144351911532,4.552231494768393,6.46548995250088,8.624262091227202,1462,True,56.71502999999984,52.29021399999999,56.820605999999884,53.0965382,7.84E-05,0.922827453,SD,SD,-0.004384272685000745
H550,Hekla,H550_mesh.pat,48e68c93256185f641d8b6b742455f6a40cf94e175ac2de187400f1bc98608ea,H550.msh,a47c477e41a41a3aef3c0a32e5b67b6546b546e4d9f07a9845c18c3b8c687283,212534,1286,0,1,0,1286,6299,7.954397406793645e-05,53.358410948762874,1,0,0,0.3883338912971588,0.5698747128579895,0.8154388584360068,1.7189294481951811,5.075809231452547,6.600339362043357,8.17362677901727,860,True,65.07708999999977,52.12666000000013,45.6693555,53.61445936,8.07E-05,1.092560633,SD,SD,-0.0047757342756710175
H551,Hekla,H551_mesh.pat,dcd291d894a89c5e841fa5a16e58e0d8dbd9e46d2063ca8fbdb8a3a705c19c44,H551.msh,1bbebc03674c65dc5e5a5d7250a17c29dc6ec5e21e75fa31950acf24e0b41886,247282,1557,0,1,0,1557,7269,7.758972997029305e-05,52.91781122657088,1,0,0,0.41862515169997255,0.5406778971468045,0.7961203472989303,0.48170723648715785,4.787326048991061,6.607385247132066,9.230906684613348,1264,True,58.97589999999991,52.36565000000019,56.22178799999995,53.14771122,7.86E-05,0.972150537,SD,SD,-0.004325680036859292
H552,Hekla,H552_mesh.pat,fcdedcf4dd560d1bde32866a623668096c190669dfc889cdece917f7ebeb77e1,H552.msh,42cfa0fe60f6a6452672a2bd3400164c8973fb06a443a940205326b80d36d2ae,233198,1445,0,1,0,1445,6878,7.806448103593148e-05,53.025521876992215,1,0,0,0.4473866118760792,0.5398419130367756,0.7999462214937889,0.7157462872859571,4.904755109126441,6.612805970824547,9.188328565729217,1086,True,58.85023999999976,56.545930000000226,49.314345,53.25992516,7.91E-05,0.913140023,SD,SD,-0.004401119271264631
H553,Hekla,H553_mesh.pat,4da583135da55638b4edfd7972e1f1478c5bad2505b661bbd2f33d3955464208,H553.msh,a3d293ea1b37024b9f637066808cac53d9c6f4100ba71015cf539aa6fae8ef36,214830,1281,0,1,0,1281,6386,8.004244180275497e-05,53.469636975754796,1,0,0,0.45628772635597115,0.5589646510349287,0.812087568631243,2.549796468345668,5.082476679227955,6.584828792116887,8.671677433853855,796,True,53.58179999999993,56.70293000000038,54.292146,53.72909698,8.12E-05,1.032781334,SD,SD,-0.004829040851771382
H554,Hekla,H554_mesh.pat,6038e77080849ad019e1f0108d591377132650900a697d44a01595c8d39a03c7,H554.msh,80291cf69b3f22090a5df774fce30273a137e9aeed42882c8b3ee03474d95a63,207858,1285,0,1,0,1285,6133,7.617757866754867e-05,52.59480476726005,1,0,0,0.4660053510030183,0.5574333226036923,0.8118150323888326,1.2358611637396342,5.032039707120064,6.626077698836238,8.140253298146884,952,True,64.29486999999972,56.742879999999786,42.26302599999997,52.83288411,7.72E-05,0.844122296,SD,SD,-0.004506271931781325
H555,Hekla,H555_mesh.pat,ad9eaf13e6aa2ededd9ad2bc0679b9ddf44c5a3cc93def0889cf6d2a01d19449,H555.msh,a889ed3cb2f72f58e1ce30fe43bbf34a211a8858c162113dcf4b96fe71392708,203910,1267,0,1,0,1267,6010,7.381497654434719e-05,52.04535253115552,1,0,0,0.46279942086824,0.5571689624082761,0.8041165945141895,1.3006152260839619,5.026758865571252,6.6636059210190535,9.128261643540151,962,True,52.26571200000001,69.16182000000026,37.299079999999776,52.28886538,7.49E-05,0.942116616,SD,SD,-0.004657068901281147
H556,Hekla,H556_mesh.pat,13ca79bb374f478fef23b15dafb211f94c9ca7be3e0c7a357f1fca32cc750b82,H556.msh,b9747333195a72be162f48afaea72da27ad717911ecc3fc6347483678bcaf768,271054,1700,0,1,0,1700,7975,7.843265222847727e-05,53.10875161482827,1,0,0,0.4642933067174766,0.5511420640908858,0.8040561391560297,0.43926020673963656,4.604117233428518,6.387083794269861,8.577864089697647,1354,True,51.05219299999999,54.91344099999992,53.29071999999974,53.30985958,7.93E-05,0.98088811,SD,SD,-0.0037724347195087216
H557,Hekla,H557_mesh.pat,b107838d61a6f25a02653ac7b165866099996a023c16794641879ca851697074,H557.msh,552b7b3f892dc3b03fec227e30428f134ffc72c2607abaff2ad244aee21a4bfe,211414,1295,0,1,0,1295,6250,7.528317106817761e-05,52.388153811335954,1,0,0,0.4672360294484581,0.5491802346142387,0.8030528996870294,1.4674767491857716,4.997729486485764,6.605790160286582,8.24089401879681,926,True,43.33091899999988,63.56637999999998,56.163122000000044,52.64116967,7.64E-05,0.87528772,SD,SD,-0.004806425469839781
H558,Hekla,H558_mesh.pat,450ab60abfd52bfe8b4e8803da7faa10eda1d7f0f29955c536bdf112648fb2c2,H558.msh,c5b0ffe2a6b20e918686b9a1ef406ffed5d0d7b90e63a583787a9361797dbd74,217854,1393,0,1,0,1393,6382,6.67453976534824e-05,50.32775610186566,1,0,0,0.4498828778102029,0.559305075223784,0.7973168984536034,0.5274548341803087,4.745953748447411,6.542982441803557,8.739276700797335,1186,True,34.759019999999964,74.90185999999949,65.30285999999978,50.58277646,6.78E-05,0.609946982,SD,SD,-0.0050416441322869154
H559,Hekla,H559_mesh.pat,eec078d70f8d5be4a3d8bbc63a3658790a3e9a1e84a10fbe2bbb1ccedc5494f6,H559.msh,87e54436f1840416aba26ad70bd2a54f63817196bcafe5ce87e33db226d3d76b,217546,1323,0,1,0,1323,6441,7.534912624231363e-05,52.4034483373301,1,0,0,0.4362940056175656,0.5407119092752845,0.8022145818821151,1.014474834273408,4.9693183028071966,6.5503624159735505,8.620249587414303,908,True,40.30997459999999,71.85251999999991,47.95309,52.66192823,7.65E-05,1.242597101,SD,SD,-0.004908287663546895
H560,Hekla,H560_mesh.pat,f1b4b6fd7a5e7d2d2c5569d619c9be065ef94951754079d3a25a52ea50868156,H560.msh,01bb19a2292dc40b9d49128a2b39194470a83f835be5f2daf107c40dbd88330a,200942,1221,0,1,0,1221,5950,7.355740326865247e-05,51.98474552231403,1,0,0,0.4999392467467576,0.5472598174614768,0.7975735141512823,2.211542391537636,5.039559328682065,6.689908646306929,8.678181994064397,842,True,43.231070000000045,52.317189999999755,57.849099000000024,52.23746979,7.46E-05,0.911253972,SD,SD,-0.004837988300389506
H561,Hekla,H561_mesh.pat,1d6fcc54ef6475203b796ca1defe8b29cdc591bb1575487e7acef007d4460d0b,H561.msh,4852e086c2e8f9245bd0fd6ca0dcafefb1e4dba4d131b1f876d6fbc81948a7ed,207970,1312,0,1,0,1312,6110,7.035905985610534e-05,51.220105477762964,1,0,0,0.4070877668982521,0.5565992267333278,0.8020193317411284,0.7516400252119531,4.877743360345281,6.575464016791388,8.083847161599495,1060,True,41.54902000000038,65.7186999999999,52.450790000000325,51.44474997,7.13E-05,0.990559245,SD,SD,-0.004366713656262955
H562,Hekla,H562_mesh.pat,45c042d19086fe8a2b554101b7c352c37dcc28b80f5984cc991bbfeab73add21,H562.msh,1e6027504bf611f2ac31f0a816a29a83a619fa05bc5af906d8e88f15127bb800,234010,1468,0,1,0,1468,6884,7.279493888363023e-05,51.80450414574465,1,0,0,0.4689873138788736,0.5546396489109519,0.8038989026954958,0.6443556420174066,4.761756911786369,6.463679440746128,8.579074864097754,1166,True,56.96005000000059,51.77548999999976,46.86848000000032,52.01499725,7.37E-05,0.997832189,SD,SD,-0.004046777187041939
H563,Hekla,H563_mesh.pat,306a38a24f42ca7cbeb1fe39d4a4d2babf342ba01144e9f31e3aee4626c53a6d,H563.msh,b30a9ef355560629821260f9bc23c6292f3844fef5021f09dd80e3d60eedd81d,240786,1522,0,1,0,1522,7072,7.152606777168146e-05,51.50174084660738,1,0,0,0.37785909724815114,0.5291733552835395,0.7988377395889936,0.4054818398560068,4.6563628944794,6.477286982717303,8.586850700335091,1252,True,51.55697000000009,64.27282599999998,45.593413,51.72999224,7.25E-05,1.104845609,SD,SD,-0.004412360866664189
H564,Hekla,H564_mesh.pat,ddec481c4e52a42bba6a32bcbdaddd46ff72477d6899749707435ed2bda3d63c,H564.msh,23a910ee03341a46d91e67342e37380bf834547c5983bb177747eab092ab6b74,195790,1208,0,1,0,1208,5779,6.85402221260285e-05,50.77488655567594,1,0,0,0.4215960610597293,0.5463883282460688,0.8075488146160104,0.9104829323175762,4.978904681367899,6.603507102501694,8.439135118774185,892,True,40.80401000000006,66.3225480000001,54.082760000000235,51.04702755,6.96E-05,0.925977093,SD,SD,-0.005331181997962564
H565,Hekla,H565_mesh.pat,e376d17110effaa62f0f46b17739ecef49aa1fcea80e81ce67dd225e74a4f253,H565.msh,6689c7f2533889ed6da06e45b560b92f7516298d7db1d9ff60012c9cd9d59c18,210294,1313,0,1,0,1313,6192,7.1605296898918e-05,51.52074991749086,1,0,0,0.3713812006993997,0.5394803316620431,0.7973722565044703,1.0253504196128416,4.88590684444577,6.603559706975493,8.32429374914793,1026,True,54.61605000000009,54.28220999999985,45.9701500000001,51.74496596,7.25E-05,0.852783525,SD,SD,-0.004333098657026135
H566,Hekla,H566_mesh.pat,dc4c8873d9cd5411bed214ff452af53ff08490853a9edb7a7a72f2d9dbd1c482,H566.msh,75385bdbec7ffbb97f0458a94ae5cfd3924bbdd8ba12a572f6fd2515df26152d,256858,1686,0,1,0,1686,7482,5.917654173853179e-05,48.348572174776365,1,0,0,0.17151999549302632,0.5501220534675978,0.7957829977607473,0.39746792827135174,4.080125361102912,6.331466463810317,8.36945395352704,1582,True,60.43343999999979,69.28544899999997,49.2156100000002,48.3549,5.92E-05,0.929659873,SD,SD,-0.00013086213028334903
H567,Hekla,H567_mesh.pat,ac84f55983012e1a0843fb516527b4cd9e9da0fa78e7cba671a8c17c22bd0776,H567.msh,a1306fc40170c8e269bde8434218b16d401f515e0c4e1556edc31e71f0b9ebbe,197274,1205,0,1,0,1205,5835,7.156660212558561e-05,51.51146781575495,1,0,0,0.466164382229986,0.5592450802802428,0.8102385909289976,1.3549506041597046,5.0156742048200815,6.596374149714677,8.838847727180077,846,True,48.41735999999946,58.822855000000004,53.718121999999994,51.76773434,7.26E-05,0.989462572,SD,SD,-0.0049503136946643655
H568,Hekla,H568_mesh.pat,ac7cc753dfae67934a2cfdf54c1379effaf3fc7eb071e5102fb09022af725cf8,H568.msh,f979b5919ef3cb4ea9dd46a7637cf7d90ed41b2683474af3084b678b50a082a2,192710,1176,0,1,0,1176,5701,7.049597219732495e-05,51.25330717590179,1,0,0,0.46265154068545494,0.552568037064018,0.8125665279644775,1.7132712597617752,5.043184969879901,6.592987071386658,8.502578761554052,818,True,44.8269929999999,66.01602999999977,45.257500000000164,51.51817708,7.16E-05,1.445293204,SD,SD,-0.005141290300060719
H569,Hekla,H569_mesh.pat,13a22af430d2152b31c0bf15fad8fb15e91a1a2758893755fbfc34862694cf9e,H569.msh,ab4e21c12fc4e28ef0e472fcd950c1d289016859fc8d417ed51ef86db357021f,215810,1365,0,1,0,1365,6337,6.679181836904707e-05,50.339420871422,1,0,0,0.17054167733895462,0.5635740330908916,0.8052476091984355,0.4996965532361891,4.762763300434071,6.599530798809252,8.864075907617275,1112,True,58.653299999999945,55.36830000000009,46.39288299999998,50.58669357,6.78E-05,0.884348404,SD,SD,-0.004888097662201107
H570,Hekla,H570_mesh.pat,497a1ec2c24960a8a19c682f68f33320ebc6eb6916e17dd51092ff463555f851,H570.msh,1bec2f250c7955b7b2a36909fdf6b21b15a0b3da19fe2d101480bcc44cc29ccd,217714,1349,0,1,0,1349,6421,7.154081919980583e-05,51.50528115030319,1,0,0,0.40558529073636657,0.5370292589512461,0.788779811741701,0.5345802911630145,4.880289916935373,6.603742302638497,8.10020641229598,1022,True,61.977620000000115,49.16559999999981,47.33785000000012,51.74462135,7.25E-05,1.198626256,SD,SD,-0.004625412138547058
H571,Hekla,H571_mesh.pat,143eed3105f476be48cfd458f88c1e5a6cf1b96fa7c1a1ee967452953161cf99,H571.msh,a102f32db525c40a2b364d60d4664b01220108a6be9943ed6ff3fdbc151fa5f5,272874,1797,0,1,0,1797,7943,6.42031440304519e-05,49.68049235473624,1,0,0,0.17017190272923569,0.5465479050111957,0.7941198427076555,0.4384595371296402,4.09973403862392,6.408846804115425,8.919767343098224,1714,True,52.720180000000255,52.51083999999992,51.55297000000019,49.88761808,6.50E-05,0.989945777,SD,SD,-0.004151846354572775
H572,Hekla,H572_mesh.pat,c6b2954441a531e5dbbfe96c0dd11a9bcad88849a37dc054962a442f6b0250bc,H572.msh,31befb0036335ac59bbeaca57913ab2a9db73b44a30f7522bda3670c7a3a5328,197918,1188,0,1,0,1188,5875,7.055216497382193e-05,51.26692166877954,1,0,0,0.5042998682247762,0.5502409440836682,0.7960834401581112,1.9671842166673368,5.007398389525882,6.638628309779223,8.318487934555757,776,True,44.871219999999994,59.29229299999997,45.737168,51.53209691,7.17E-05,1.270131571,SD,SD,-0.005145826720065139
H573,Hekla,H573_mesh.pat,9687ac0eb6b37addbb71181788c1c6619fc52f065be449abf224c5a74706684c,H573.msh,c88e75ec996036076ba36f8063b9f8adb8acbeb8abee17b70c9f6516f3225cb3,237230,1522,0,1,0,1522,6945,6.639765177433391e-05,50.24020074091303,1,0,0,0.22573452744441846,0.5094776049555599,0.7849817268252116,0.19939582167101505,4.5164018538291195,6.595860551539461,10.032471109920595,1342,True,51.83190999999988,60.41083999999955,48.17705999999998,50.4645202,6.73E-05,1.089097218,SD,SD,-0.004445092476812462
H574,Hekla,H574_mesh.pat,75e92101e004504cd3ef86b2b30939fbb4d8f1569b07976599472d40676ba25c,H574.msh,b4853f8926488e07dadcbd816b40ed6c04cc5d18dde299e2fd62e91997174617,207018,1328,0,1,0,1328,6060,6.51832339047184e-05,49.932015148671226,1,0,0,0.49639606222719845,0.5633044129155598,0.8036238320069041,1.0587798407598683,4.745421415267823,6.510066671174277,8.418396861728265,1150,True,53.218267,68.60482999999931,35.13214999999991,50.14270203,6.60E-05,0.845173381,SD,SD,-0.004201745673831581
H575,Hekla,H575_mesh.pat,4afe10bac285c000af79183ea9f50c9f6c1368f5db51419d4ef7b484b16a352a,H575.msh,1ca4d8995fbc2b3e91787fcfa4fb789240a65b2418ebd54302236354453784f8,281918,1894,0,1,0,1894,8169,5.663787844001163e-05,47.64706109936302,1,0,0,0.1365677169033118,0.5210626964196058,0.7835320495289397,0.0306812613821538,3.7513727769311376,6.2387279377819675,8.595333787084629,1908,True,52.90464999999995,58.098329999999805,65.72978999999987,47.6364,5.66E-05,1.030491998,SD,SD,0.00022380153334466968
H576,Hekla,H576_mesh.pat,bc5db5b1ab7ec6d48bf6381afe3eba39c97801a13f70f6d3462fc857f8f0fe43,H576.msh,b84c1484e8b48aa7fe631052457efe8afc36f2afeaf898ad31dda50a82447f27,327306,2416,0,1,0,2416,9268,3.924556065224192e-05,42.1629159298808,1,0,0,0.14120055053038189,0.5080448568816017,0.7850054972363041,0.14501498612226013,1.9883183173850716,6.001020884342664,8.612393218153517,3148,True,100.55613999999991,55.83608000000004,33.39717999999948,42.39483186,3.99E-05,1.073244239,SD,SD,-0.005470382118392347
H577,Hekla,H577_mesh.pat,0735a6192e37e35158480b8206a8a80ae75aa1f5c3151478cac1a0c0beb38e49,H577.msh,aa63c2e7e00d76cdcc3bc093b25c6666aee1c8dc4b72ba8b613906eb1caf3744,203070,1280,0,1,0,1280,5967,6.536010534933411e-05,49.977137036390346,1,0,0,0.4247944870966467,0.5431075749191725,0.8027024278633347,0.7383022953195958,4.807714297003527,6.525045538979992,8.554486524622193,1038,True,42.414327999999955,65.06857399999998,46.30639800000006,50.20391272,6.63E-05,1.296417599,SD,SD,-0.004517091822592412
H578,Hekla,H578_mesh.pat,54c625fd6c3e9dcb9b42c691d19a28df198c96e9759bd6f4cfba805f71841151,H578.msh,459c8de67e8ceca53b22b507b7b2ea62549af626c110d65d15d0533874552a42,204974,1268,0,1,0,1268,6047,6.627191103468536e-05,50.208466526440226,1,0,0,0.5128661078645618,0.5650774277296943,0.8107128779337425,0.9411543766404443,4.816139149040354,6.449231154703275,8.385217198237724,944,True,51.97726999999941,49.27988000000005,55.34979100000004,50.4462296,6.72E-05,0.997239301,SD,SD,-0.004713198101127802
H579,Hekla,H579_mesh.pat,ea559de378099bad0f7679bc90ab7b5db762443a7ce8fc5ae7e9acda78dcd306,H579.msh,d649379fa040114986c8edf86ce5731272b0238865038a59682a3d8f54397ce5,197638,1227,0,1,0,1227,5826,6.65069821943801e-05,50.26776080291318,1,0,0,0.47215628558440426,0.5558541935997556,0.8067542643271737,1.0734738054121171,4.885189020542772,6.516909067443343,8.708574661915355,922,True,48.547379999999066,54.535438,51.250809000000004,50.51150413,6.75E-05,1.004522321,SD,SD,-0.004825501265206866
H580,Hekla,H580_mesh.pat,9c1b424b0dbea4221729e22d961f966366097fa428e441421c74585f816b9aa8,H580.msh,b70d676ac0359084823854de3a05ed12588259d41e61bb708a7d1196f675bb61,210966,1317,0,1,0,1317,6212,6.51878369536124e-05,49.93319047185047,1,0,0,0.334067651307907,0.563298576616486,0.8056730935600422,1.0711553226304218,4.714596528969061,6.440575056750563,8.898441026762313,1026,True,61.37329,48.497809999999845,46.833781999999985,50.17135722,6.61E-05,1.221837694,SD,SD,-0.004747066082050999
H581,Hekla,H581_mesh.pat,c80f3234b9e570b1e4f19b4e261c31bce259697acf47600c35a6dffddbaf2397,H581.msh,37f1c4b2d3a66b86057d8d96438db6e1f965bf18dc383fc3062241ac4640f84a,343322,2370,0,1,0,2370,9886,4.7723669386088575e-05,45.00337334766827,1,0,0,0.1455088133183783,0.5381359531114506,0.7772855466309632,0.4319786925299765,2.6027497125718075,5.950524707585855,8.628086269124918,2614,True,66.52948800000001,85.51969999999983,34.17084999999997,45.18122019,4.83E-05,0.666920736,SD,SD,-0.003936300117257319
H582,Hekla,H582_mesh.pat,d80e774bfb673540fd9635356f212d2e45c2c768cae654a8f700ac3e33f86263,H582.msh,d73eacf54ad0949e5e7ae872ce6d041b688f6f712a08dc35e8ab99d80e0e3e0a,228746,1485,0,1,0,1485,6679,5.9898465730552216e-05,48.54438744429407,1,0,0,0.23955291085269745,0.5432086907526371,0.7989294441099593,0.47390546588972704,4.422769742525846,6.332527516222953,8.99883680119887,1344,True,51.678499999999985,59.67434999999978,41.0359099999996,48.75072454,6.07E-05,0.922126168,SD,SD,-0.004232492904523544
H583,Hekla,H583_mesh.pat,1fdbacc3c431c0a5ecccd828b88b7c8e145064449be09b0c20e693b72498bbe0,H583.msh,f592c7f85cfde6becc3a77e5debd859a75655a9a35ec633efd4f7db39015d66c,213430,1376,0,1,0,1376,6241,6.119514242380102e-05,48.892184564776315,1,0,0,0.3703583452741625,0.5442938907026595,0.7932938866943663,0.3832723453487707,4.579969929796282,6.555293262064738,8.491295289555914,1218,True,57.16277999999966,55.36815999999999,40.68694400000001,49.11477139,6.20E-05,0.759659809,SD,SD,-0.004531973150322055
H584,Hekla,H584_mesh.pat,46e8d7cbdf5e6bbae6a270fea94c18e91233bcf63b79694bebe2338691935ed2,H584.msh,e22267d4b1e5ca5ebe453650b83dfb74d3a5ec9f7b26b6dac7a21b228b5bebc6,206430,1292,0,1,0,1292,6075,6.338456288494871e-05,49.4684488235101,1,0,0,0.474751267779047,0.5655247895987661,0.8070024631757546,1.028770176259243,4.722343839904666,6.456010889235997,8.21534617255177,1014,True,48.591759999999795,47.48829999999998,54.738879,49.70098638,6.43E-05,1.101256494,SD,SD,-0.004678731216961829
H585,Hekla,H585_mesh.pat,604e786001874596e56bae00b018a3d0e81e736541d6cc19cc53c71b0cb125b3,H585.msh,58647d941d12ef0a512caaee5896e6e3eec007d04096ea9354dd41c99b04d30d,175574,1093,0,1,0,1093,5172,6.228003910240826e-05,49.179421758251316,1,0,0,0.3741177079468433,0.5427378138039066,0.7955740521046808,1.2175205424558906,4.988834945317043,6.704708872958788,8.82008438878663,838,True,49.31663999999978,54.24222000000003,49.94457099999997,49.43867176,6.33E-05,1.060455062,SD,SD,-0.005243870689067287
H586,Hekla,H586_mesh.pat,4229457df24e7485154c04e2e54012047c9cb93685f5b1a70c064f4f40166415,H586.msh,1e6612e85e436016f0c59e036c40c98d939e42d42e5e7efdcd1683ab9a6c8314,223958,1471,0,1,0,1471,6522,5.688351638245264e-05,47.715843376553686,1,0,0,0.39602925507047926,0.5380857340952562,0.794990229896362,0.6730472835548181,4.258619761293624,6.444511819775722,8.732650587015284,1392,True,59.963730000000396,49.47576000000004,49.004599999999755,47.91698004,5.76E-05,1.200836482,SD,SD,-0.004197607263195846
H587,Hekla,H587_mesh.pat,8e79e8b5102dcb846c79d0f1a6067dcbc0a21350668b249a700c0c7b12a19117,H587.msh,b6dca92b6ba527aef11d90d24f1259ee20534cec74f685a74159a6f7c0828030,266014,1865,0,1,0,1865,7630,3.964242628595308e-05,42.30456187534582,1,0,0,0.158914187702369,0.5331748352088349,0.7753116530569619,0.17547074959927528,3.0805562284665666,5.933929548397436,8.35735390702068,2148,True,81.14130000000023,52.18280899999996,45.19361399999997,42.52228315,4.03E-05,1.347747619,SD,SD,-0.005120168968494876
H588,Hekla,H588_mesh.pat,27c3033affd8cd245ba8189f5beaf864e60bec6d7459fa0bbcb0a43918a5900d,H588.msh,0ce37805cf90adca8c1e90c79d070d6069cfb4db4fad58214575e014ccf4f98e,198898,1274,0,1,0,1274,5824,5.9773228659564704e-05,48.51053126872222,1,0,0,0.4184975705435582,0.5462580770039167,0.8034729992253364,0.8765028185921809,4.670209070898598,6.462035069780338,8.530226127570511,1092,True,43.330279999999675,60.78485999999975,47.72247000000016,48.73825653,6.06E-05,1.151760373,SD,SD,-0.004672412956290506
H589,Hekla,H589_mesh.pat,3c3149a010fae9f9b9309b229120cb940fa5a92cefc459eac2632e9012814d14,H589.msh,1d6d771e9123b0850d59c1e15feda55f5b328b6dc58d14a4994bee27b900157e,177590,1157,0,1,0,1157,5180,5.6192204072539906e-05,47.52175616421925,1,0,0,0.46813456146326055,0.5640853527648526,0.8011905453242334,0.8904121230783556,4.745918811383307,6.591583837065474,8.5887269311969,1056,True,57.06936999999999,61.82991700000002,29.312760000000026,47.7520402,5.70E-05,0.559489545,SD,SD,-0.004822496270656784
H590,Hekla,H590_mesh.pat,41d12c23d1a36c8e8de56d9eea10d5722421c7bda3c98987c98eb46f88919fcc,H590.msh,61a1784a8d8eb773c1585ba6cc11587b493705d6958e2a2fd42e2101f270fb79,173306,1058,0,1,0,1058,5126,6.351022955470693e-05,49.50111940418452,1,0,0,0.5045234586245256,0.556611049726421,0.8052307131853453,1.6060873870241574,5.046606749417407,6.672117877215081,8.086421140044122,736,True,46.502286000000026,57.93509999999969,44.74021999999991,49.76971167,6.45E-05,1.199051042,SD,SD,-0.005396701262735615
H591,Hekla,H591_mesh.pat,27d04c3f0a85647de882f479ec0a22b7931e35f005c53a81cbf5de0bd18c2302,H591.msh,510f4de656918d2a6297f5c40eedb12ebfd13c284a5db0795c3e1eab53b944eb,234346,1589,0,1,0,1589,6775,5.0264807946517536e-05,45.78836488942763,1,0,0,0.14900459261789406,0.5452315817648629,0.7881469394244537,0.4306832030620808,3.7826478961043746,6.359328130772127,8.300689761134207,1668,True,60.67552999999998,69.36384999999973,27.724190000000362,45.96759931,5.09E-05,0.521985226,SD,SD,-0.0038991468613278624
H592,Hekla,H592_mesh.pat,047ba6aaee907ad1487a07c0460edf82ab13fc351d12ef3a50b3657e3870c829,H592.msh,3c4d9eed33ee387480f9bf026fb95ebc6a1bd31b1ba29f90d4e87571bbba8cb6,219842,1425,0,1,0,1425,6421,5.8614627610214116e-05,48.19505304679312,1,0,0,0.4155508686744521,0.5514831986129832,0.7967103336373721,0.4227221829394134,4.43078241413558,6.390557609019222,8.496415892608244,1296,True,45.43453199999999,58.03429900000003,51.139850000000024,48.40254909,5.94E-05,1.001519369,SD,SD,-0.004286882552839599
H593,Hekla,H593_mesh.pat,8d6e81be853695e17efe6390f008b942b51e0d4caf2c1318d60dcacd01d9804e,H593.msh,400eeb4c530d8488d79cbc7e573879d05e0a232affe4085d896fb6917fa0b41a,234570,1536,0,1,0,1536,6836,5.648592060384237e-05,47.60441102497007,1,0,0,0.10081831009038066,0.5268689171212873,0.7881076779436156,0.12741466077328586,4.218811170581222,6.447597841429354,8.420241600088891,1442,True,71.17704399999991,42.88104300000009,47.28883999999994,47.8294646,5.73E-05,1.362366294,SD,SD,-0.00470533335282064
H594,Hekla,H594_mesh.pat,6487086b019400d83c79a67984ef60121fdf706e74a505ada3c4aca6db1422c1,H594.msh,4705379288d119c5569f1f41924c0f81c9ded757da3427ef444baa2b8c54f360,164934,1011,0,1,0,1011,4874,6.177088408700239e-05,49.045036824309484,1,0,0,0.4456933018770572,0.5558776962046014,0.7994953218212996,1.6311964247219966,5.084722368168775,6.719019744634994,8.320453689160194,716,True,54.003929999999855,56.66892999999993,36.49299999999971,49.32302942,6.28E-05,0.709798405,SD,SD,-0.00563616223414265
H595,Hekla,H595_mesh.pat,c259ea2dd5839209e4be9b17bcd06e5b232186a6f56f27fbdf9fe009aa3c882f,H595.msh,489ea106d3bf81d88685a1dbd6a00d83cf182c04726e14268ce212e64a754ef4,201054,1260,0,1,0,1260,5915,6.250584656238183e-05,49.23878634378421,1,0,0,0.44397396112630605,0.5417445877491439,0.7954441630707513,0.4229927679048427,4.792687658513887,6.556510829301338,8.361559816882147,1000,True,57.086340000000746,47.54247000000032,46.23951999999986,49.493589,6.35E-05,1.157666628,SD,SD,-0.005148195177678172
H596,Hekla,H596_mesh.pat,bf16b94473862adf95ad416c0d202f9ef6bb1cfb752fab45fe5f3c19209ab534,H596.msh,6cdd284c615ac02059e7fba2bcfb245a17554bab9f4689c1ff5c21772095ddab,178010,1119,0,1,0,1119,5233,5.898785207936488e-05,48.2971295540123,1,0,0,0.4585973956285972,0.5522049500597817,0.80780841038868,0.813036950021321,4.8787289061184484,6.523385971813111,8.088892124889849,884,True,41.871030000000246,49.04827999999998,56.10254999999984,48.54294562,5.99E-05,0.976033775,SD,SD,-0.005063888539273531
H597,Hekla,H597_mesh.pat,19dcbd26bdafb98f0a190ceb71dd764ab3eac62633d66484679d4d197e347c35,H597.msh,15f6497efe68d3c4d4ceab64432f9e90146be78bfefa58984ba2dec80b1a5ce0,181454,1195,0,1,0,1195,5280,5.2295066798309214e-05,46.39672932059829,1,0,0,0.34574583925821356,0.5368918091342089,0.7912660038344058,0.4143769136907951,4.585435850895042,6.6383715266229695,8.506799149274723,1140,True,54.64679000000001,62.492089999999735,29.19408999999996,46.62713939,5.31E-05,0.611183909,SD,SD,-0.0049415441825524375
H598,Hekla,H598_mesh.pat,70b81ccc714404547bd42e4591d83682a9d26ae81f0cadad32d52a13304a8fef,H598.msh,91f87178382ddb0bc268687db9fbfcb598626f8b2417d33c6dee5232d3a8bc5a,176050,1108,0,1,0,1108,5174,5.936072009614548e-05,48.39867952046386,1,0,0,0.3883166124807648,0.5504546992508996,0.8034726569035576,0.86524263782647,4.884508943422945,6.589607852207738,8.557145319960341,888,True,40.701619999999934,59.18244800000002,45.575053000000025,48.65420975,6.03E-05,1.159304067,SD,SD,-0.005251965469157405
H599,Hekla,H599_mesh.pat,8eee7fa25e1698e6f36122ca2a41ff1cf3ff32fe9c1854fb30b076e22c0c85fe,H599.msh,8d4e112f71d5beea57f18f302f02013dba409af65efdf71d45d74a9d0cfd3a63,183050,1165,0,1,0,1165,5367,5.7010908486345226e-05,47.751437106553674,1,0,0,0.4525608074842333,0.5496016043782023,0.8018736534438954,0.8040049807680621,4.760860631249875,6.498580451566808,8.293617659174348,968,True,43.95742000000007,63.378969999999754,44.103565,47.99790074,5.79E-05,1.422044621,SD,SD,-0.00513488360212655
H600,Hekla,H600_mesh.pat,cae846c08055672b53be4103504b6602919530a1e1088c14181abcddf6e8b86f,H600.msh,49d27eeb111f01283ff5737d16ef8d7a7be682c941dca135b6f3cd0aa7de261c,243558,1530,0,1,0,1530,7163,5.859857558301604e-05,48.19065312726341,1,0,0,0.34173943722599065,0.5381606066696009,0.783603275935915,0.37880049432424023,4.262970050137091,6.266937687869554,8.229256339803804,1236,True,45.398189999999886,63.32539999999972,40.071770000000015,48.42212701,5.94E-05,1.234380822,SD,SD,-0.004780332815383814
H601,Hekla,H601_mesh.pat,f4ebc168dd52153b886c8b555d5a9519d5b3e2ddefe26e45cd57d181ed7e50ab,H601.msh,236515a03372c4081732f74ef3e758602eeffe4af8185a22bf91a4dfee12fa8a,180950,1154,0,1,0,1154,5303,5.6441681909283764e-05,47.5919801572567,1,0,0,0.4881113463347963,0.5496659083657376,0.8004984599879644,0.6334752252455578,4.762907845525501,6.5100350105940485,8.712880242851343,972,True,39.25934809999999,53.47877999999946,53.51326999999992,47.83647956,5.73E-05,0.739062646,SD,SD,-0.005111149586930486
H602,Hekla,H602_mesh.pat,a995de697e91e4ff7d6477266e7c6278ba3fc08416244d84dd2beab680fc9950,H602.msh,566078c22c47b066d42b5f508b070bfd9d4d415ef4bfea022b5b1c300686dfb9,177982,1155,0,1,0,1155,5196,5.482729682322625e-05,47.133830673137595,1,0,0,0.4806158303492181,0.5540539258390956,0.8010881507567997,0.5308819463308104,4.69632592427281,6.563853772411259,8.644111394035406,1038,True,49.21662299999991,50.48760000000004,45.59071200000005,47.36271311,5.56E-05,0.953082862,SD,SD,-0.004832544882528711
H604,Hekla,H604_mesh.pat,179ffaaf8423a9357d5df2abef5f78c861fafaa9a5338e4f61034aa85b1a8e62,H604.msh,bca3f19bf847f7dded4247d7b4cede4b5cd8dada40fe6e286e2faf5bc2294a57,369447,2584,0,1,0,2584,10605,3.966467418328568e-05,42.31247437064467,1,0,0,0.1466011902835201,0.5391056590739087,0.7751632953201935,0.34034038691237883,2.211744580272564,5.738354559004998,9.076070400034478,2966,True,58.35544500000003,74.45201999999972,24.116039999999884,42.42870171,4.00E-05,0.528896893,SD,SD,-0.0027393564891459166
H605,Hekla,H605_mesh.pat,ec6c1bea0fd77e160131bc69b9150bae7fa1ce29e5f0d458af0bc27c3f3c5b34,H605.msh,a4f34b00f60eb72f8d2be7de093a370e75325d00fe9a9eb3aa7b8e56689d3ca3,224686,1444,0,1,0,1444,6575,5.8579623159938706e-05,48.185457164048,1,0,0,0.4577122301051389,0.5405033699748328,0.7937509841117503,0.4814541625117344,4.441571947174726,6.309516623868111,8.302663815432753,1264,True,50.031850000000304,46.342169999999896,47.67341999999985,48.41561707,5.94E-05,1.000160551,SD,SD,-0.004753836052925453
H606,Hekla,H606_mesh.pat,c7e6219641f9d01a8d6453b627b87c218cffe6b242027997a6173d8432e554db,H606.msh,374894ac76627155beaec8590fc79b8632c47141106c19a412f8bc9d37a105c0,163590,1034,0,1,0,1034,4803,5.6895370412500074e-05,47.71915766858528,1,0,0,0.4832776617953333,0.5538679479833144,0.8029241666287297,1.0749818293180462,4.950441472285456,6.607188381867031,8.384454962932532,846,True,52.72505000000024,54.15237400000001,43.46607999999992,47.96511509,5.78E-05,0.85181733,SD,SD,-0.005127839700857839
H607,Hekla,H607_mesh.pat,c5c845adaff48823ccec83dee5c2a737691946fb99e19dd1f8dd49db220fb1a0,H607.msh,f8efb5b8fb25a652ac842d73a9663dd6446e9722d97dfa36f753661c46832d8b,178766,1142,0,1,0,1142,5237,5.757508269208939e-05,47.90843483191925,1,0,0,0.4492340887925869,0.54752087103213,0.8063140393349073,0.401738969228993,4.81729402753936,6.557085171333634,8.565502212402153,964,True,51.113290000000006,56.15333000000055,39.7211612,48.15688189,5.85E-05,0.864029928,SD,SD,-0.005159118454725831
H608,Hekla,H608_mesh.pat,76d2e0c79e4df9813da1746e860a373064263cf467c8e78d21341997ce4f82b1,H608.msh,8f532ca0b722b3cc758a3bf89519805cadd6b026b6433d4838a9b39f99249156,225470,1405,0,1,0,1405,6642,5.780848730345165e-05,47.97308648713166,1,0,0,0.3688280471745134,0.5452043719921065,0.8021133412011237,0.4064109962696882,4.41923238749213,6.313773422838157,8.290731767056826,1086,True,42.9844139999999,56.28819999999996,46.16956000000005,48.22267676,5.87E-05,1.125165226,SD,SD,-0.005175786365209989
H609,Hekla,H609_mesh.pat,f81861217e2863b888c86167585b5aa56e28fd96194e5b4cf692350b8dd3abbe,H609.msh,9fdcafff3220db3d42d5efb7e43eeea54cb171e4825f263f7b062f78d5b3b249,249158,1700,0,1,0,1700,7193,5.1194186227704954e-05,46.068846742210205,1,0,0,0.06961192814636147,0.5495856664362571,0.7946935069797696,0.2903206981943362,3.5755020357566454,6.288708228242926,8.258336994516597,1794,True,52.04328999999984,72.15003999999999,40.31437000000028,46.29771942,5.20E-05,1.078441942,SD,SD,-0.004943497879744907
H610,Hekla,H610_mesh.pat,0aa5eb5eaec83806ad19d93f350e35eec0bb8181795200bc96ba2ba53d38e623,H610.msh,ce8a68f1f1a698903cf888f329ca5fcacaf8598959e90a0c2cf5f27d1f5777c4,202118,1305,0,1,0,1305,5908,5.537552369164333e-05,47.290409500061344,1,0,0,0.4500594287398223,0.5548847558370191,0.8036099216954514,0.4360250278370092,4.498635576638464,6.357141495506956,8.540745662832961,1154,True,44.667779999999766,62.23937999999998,40.35667000000012,47.52390691,5.62E-05,1.273513223,SD,SD,-0.004913262084719872
H611,Hekla,H611_mesh.pat,a7ffecdb48ae19c5a13f15c89a5359643de3e5cb109e23e21bf5fdc75b55414d,H611.msh,39bbe536ff6b64b1361d3da09d82bc44a50b03ba21217b86e7886af6bb027717,167510,1061,0,1,0,1061,4916,5.5651914218783e-05,47.368957652716645,1,0,0,0.4785205801694451,0.5602422524855947,0.8058582891451491,0.8682568268111004,4.857215905215803,6.589046924448456,8.139980014582289,864,True,49.7806099999998,55.085979999999836,40.845099000000005,47.62398935,5.66E-05,0.910695434,SD,SD,-0.005355109909190303
H612,Hekla,H612_mesh.pat,a7d5914fe3d5848653a291df7ee41b2e309c2b61c70f302f562d116cc488df34,H612.msh,638c46a48caa8422d932afac65afb5218561c5c1ddcee8560278467f2b1a8145,150513,920,0,1,0,920,4450,5.622633397022599e-05,47.531375436987396,1,0,0,0.43774035579617815,0.5549707612962669,0.8048171460537783,2.3284813544359992,5.106085490390036,6.602853183263717,8.290122767637426,646,True,42.61755500000004,56.51415999999995,45.026029999999764,47.82391187,5.73E-05,1.186910963,SD,SD,-0.0061169490653087966
H613,Hekla,H613_mesh.pat,85874a6e1cc4e166ac43f6d881234cbf8d41e2d260573672ce49a52d64a0f6ca,H613.msh,224820ef87daa89b2a8e0e8d4b2bb28aa0a107701b90c96de870e365a60d9546,154882,1008,0,1,0,1008,4518,5.033253620460376e-05,45.80892118249422,1,0,0,0.4959607264724404,0.5582752382288902,0.7906339527258238,1.3438179543744857,4.774322929031155,6.684689051485862,8.243879876720376,918,True,49.43044999999984,63.08916000000136,29.595190000000002,46.04246373,5.11E-05,0.757207568,SD,SD,-0.005072329510325768
H614,Hekla,H614_mesh.pat,e55f6bf817f0e8cc7e1dfacd16e0d18de283e20e7d85c50138bd11a43e2c7fae,H614.msh,2b1bd3f8cbe94e5b0f6cb9efaf244739a39f6f5ed70a3ead8c7fe08da3463fc5,182602,1179,0,1,0,1179,5337,5.277097383083702e-05,46.53704775484923,1,0,0,0.4978645060149546,0.5601613948416091,0.8022364117165421,0.7197567249574036,4.611986723066599,6.4328395951578745,8.356786116154844,1040,True,39.93384399999999,58.70683000000008,46.38723000000027,46.77848565,5.36E-05,1.087865643,SD,SD,-0.005161302077139163
H615,Hekla,H615_mesh.pat,0496247d3725df676668c743004079eeb04eb78150420e3d8d51645e0ab40cfe,H615.msh,2a7b05196864a857444f0aa4df1e40377d3bade6075975341c69d2b4a9422aae,170702,1062,0,1,0,1062,5029,5.494849896712993e-05,47.1685367245331,1,0,0,0.43608206864075016,0.5497042789628221,0.7949057308810561,0.7637610456814335,4.822869626064865,6.540214354118223,8.591998546816729,824,True,52.509379999999965,54.374089999999796,37.59804000000008,47.42220676,5.58E-05,0.740869753,SD,SD,-0.00534918243578808
H616,Hekla,H616_mesh.pat,f27808c43d0159f0a130c1ec074b9554096b01500a484e191467f5e258c22374,H616.msh,6161fdcf836635d679c78baf2a2d808e94a5ed18b09b3fc6f785b9e7acac8c50,246302,1623,0,1,0,1623,7168,5.207596025933085e-05,46.33184074262688,1,0,0,0.15751832594281234,0.5441033189535104,0.7813412142833521,0.4492882418892213,3.8609867159747226,6.334096925298755,8.14560031192877,1568,True,45.74285999999938,61.18460999999934,38.25337999999965,46.52770634,5.27E-05,1.118000755,SD,SD,-0.0042096551233761215
H617,Hekla,H617_mesh.pat,55656fb6a27c72c1838061fd38ecbd47f5f91bc18ba8e34571d635547bf0828b,H617.msh,7922209a2b6d01e74412c9000ea2a58482e0a528f5b289eb91fe47ca67f0ffaa,160230,1003,0,1,0,1003,4714,5.449073615945868e-05,47.03718803418836,1,0,0,0.46507254540371634,0.5534366277771462,0.8023548195020679,1.1747813644968839,4.9225649167464915,6.498482181563682,8.057769763055983,784,True,53.33855999999969,48.71939999999995,39.84431099999995,47.29587509,5.54E-05,0.8995917,SD,SD,-0.00546954793244403
H618,Hekla,H618_mesh.pat,88ae3836232c5293a97272d38602dc9ad875427a1f5fa3727393896c94e6ee99,H618.msh,a92cdb65a9d26fdb24ad455d686940c3deebec267d060f08cd3f082aca508cfb,153817,950,0,1,0,950,4538,5.407603450944735e-05,46.91755856056076,1,0,0,0.47540109232364514,0.5451751376076827,0.8000682806842901,1.835670535717098,4.976545175055525,6.602884514242972,8.75376193294091,694,True,45.796010000000024,50.50514999999996,44.359719999999925,47.18669755,5.50E-05,1.060478096,SD,SD,-0.00570370471792514
H619,Hekla,H619_mesh.pat,c6cd7f4cce37f3654ce22fa50f7bd233bac60cde617a6c1bd4a63654a960e2a8,H619.msh,c42775dc84501f40c71b757eb6f3e0837cd6272963b64f8fec39920814f99e20,226786,1504,0,1,0,1504,6590,4.9249017108269034e-05,45.47782104385266,1,0,0,0.14875895585703816,0.5575867580795488,0.795922629608968,0.43745047628315625,3.8781892480872866,6.323338855637841,8.1193776918923,1466,True,52.81179999999995,60.71205000000009,36.100610000000415,45.69835153,5.00E-05,0.790644795,SD,SD,-0.004825786461959525
H620,Hekla,H620_mesh.pat,2846ea8cd1a935654d54756361db877134ab68b0e4748cc54faf29c4931b37f4,H620.msh,3fa3ba68f2ce53018752627cea0cffaabcc212eba0b1b35431a9fd9469f9126b,157122,1004,0,1,0,1004,4602,5.1020395668965503e-05,46.016657173337116,1,0,0,0.197744776080385,0.5347794341162758,0.7885788767079633,0.954480267527489,4.834914223737577,6.618435525546142,8.384684034148524,856,True,59.13866999999982,44.41098000000011,42.74059999999986,46.26776561,5.19E-05,1.284736196,SD,SD,-0.00542728686704963
H621,Hekla,H621_mesh.pat,a1f1daad99607341b566592c903256bcde12b04b660cd76f7899f35fd6f3f17e,H621.msh,55c7d56817b3aa39b0a265160efa218d9d581f637ed67fb6d62ea82333733514,263158,1786,0,1,0,1786,7607,4.559749679796671e-05,44.32486889736533,1,0,0,0.1401830276997212,0.5530392434899969,0.7850177520893908,0.3893557306624929,2.9113552258185016,6.25447454098202,8.725855444424951,1878,True,49.480980000000045,60.50743999999986,41.451129999999694,44.5221777,4.62E-05,1.02644704,SD,SD,-0.00443169702893198
H622,Hekla,H622_mesh.pat,f0682f25e771a6c32a87889034a2f4a5887000bf9bf642793e6f026c6c799da4,H622.msh,efd2e893411685acc8a6fbb516d3cc7c07aa97060e8118096d095a3552442e70,213514,1497,0,1,0,1497,6123,3.9744473074864483e-05,42.34083064177534,1,0,0,0.26661001324004213,0.5272121198079552,0.7762644368417014,0.34204380026557835,3.2903072671755442,6.286826345668534,8.730597599443238,1702,True,44.337070000000494,74.32681999999977,52.36369999999988,42.56561542,4.04E-05,1.196244793,SD,SD,-0.005280900464064264
H623,Hekla,H623_mesh.pat,b43e190c9799a058f093682b4b2f9f8877d181aea8762479179d909774940d25,H623.msh,540d703e65bb04fe31509103ec77bf9c4860bb87959ef855be5604761bf243b3,145361,893,0,1,0,893,4293,5.403612696110057e-05,46.90601416424487,1,0,0,0.45026818982074696,0.5553438645172967,0.8145657837652086,1.8239654463920034,5.060078680642549,6.5885511296199635,8.388242226679745,630,True,44.615162,50.179258000000004,46.79953999999975,47.19218262,5.50E-05,1.01337906,SD,SD,-0.006063895329008306
H624,Hekla,H624_mesh.pat,0266078e83de99f980fa8dc535931d325447bee57914ab285768da18dfc82c84,H624.msh,877fd2a4f8e4269e90a0a771e79bd104b6916863e07a014988b57a2110a0a1b1,211694,1407,0,1,0,1407,6148,4.624424449799769e-05,44.53345146536624,1,0,0,0.3704307503225194,0.5573462245528331,0.8027245688940162,0.4224550367790263,3.8783107078883514,6.261081938473579,7.87245215374868,1370,True,54.0964899999999,51.42429000000038,49.06438600000001,44.7581274,4.69E-05,1.004302132,SD,SD,-0.005019779595018536
H625,Hekla,H625_mesh.pat,ede9f8c401606010274110eef47486eb1e45bb0d34fbe6005fa92f64a3279346,H625.msh,50b3f06d59f6e4fff5c1587806ecd0ae766bb2280608d80c9da7f89e1af2cec4,147657,934,0,1,0,934,4334,5.136728127376481e-05,46.12071017415056,1,0,0,0.5012208316030808,0.5449338541673121,0.7989411133704676,1.9033724675159247,4.925410231034748,6.625204096048676,8.314581949039482,766,True,36.47787999999946,47.74489999999969,52.00199999999995,46.37215282,5.22E-05,0.829778872,SD,SD,-0.0054222767449561005
H626,Hekla,H626_mesh.pat,a5d5a566b28988ebdccd1fcc54276b6c8015ff7760e64e61f15983eabe4bb2c2,H626.msh,71f3b7194a3aa6e8c5f85ef37d8495f3d23add8202424cdc1efe955c1cc3756b,146397,912,0,1,0,912,4311,5.129749109476153e-05,46.09981339985378,1,0,0,0.4674628395741483,0.5581827880386816,0.8074051869093092,1.7412188625911855,4.978950425929295,6.543160841213361,8.108637460788355,694,True,49.550030000000106,52.86344000000008,37.40526200000011,46.37993698,5.22E-05,0.798467139,SD,SD,-0.006039757670800894
H627,Hekla,H627_mesh.pat,9731cfc5d8990187074e3f022ba419632e377410517fe229bd4f9fee8e47ef40,H627.msh,d38f6af3a5c4f699c281e5288354e6fed38d0713568ca3ccd8dd9fb4eb700bc5,187922,1241,0,1,0,1241,5465,4.724470542958309e-05,44.852312676726925,1,0,0,0.464532632497412,0.5404425097564705,0.8026142087120554,0.560250170726955,4.306135447019512,6.324469067750748,8.237718050073324,1186,True,35.54744000000028,51.12888000000021,53.49499999999989,45.0798247,4.80E-05,0.728923534,SD,SD,-0.005046870186100727
H628,Hekla,H628_mesh.pat,a984ff688735224f6d2c2b6621f0f9acff1cd5545c30c694ef9e00e155b26f12,H628.msh,fb49a2ee0f4409fa947cad6470a61304f09f83950797ec1b1bf34591f9e7d4bf,178010,1137,0,1,0,1137,5215,4.825639581678342e-05,45.17020760405201,1,0,0,0.4620536174415583,0.5513354237013363,0.8046272870907998,0.4666470055892573,4.547236047921329,6.452109613334738,8.515762921811657,962,True,55.96987999999965,40.934549999999945,47.106858999999986,45.44572437,4.91E-05,1.030093415,SD,SD,-0.006062545371812056
H629,Hekla,H629_mesh.pat,79797ea8f6e6c912e9df5180fa21634ce572e112e83e31efd9fd48a0703a0592,H629.msh,8d1522cec1cad5759aae4c113b0473445282f6216e5614e194ee89b7210bcc7f,141973,890,0,1,0,890,4175,5.0369563923811875e-05,45.82015171861435,1,0,0,0.4071133589484821,0.5733208116654066,0.8125109544436189,1.3602145000861852,4.985821451225138,6.4965359217767835,8.325537058436483,690,True,43.63110999999981,50.23998499999993,43.07682,46.08570172,5.13E-05,1.142288066,SD,SD,-0.005762090875800041
H630,Hekla,H630_mesh.pat,c2b7a4e1cfb8a5e4424e2a4f9f38add62c28879f1c41f6643ffbecb40ceb9e23,H630.msh,788516ea8034c7dc4ac591ee98ab778b85d2fcb95092edb3615deb2e051c3384,198170,1265,0,1,0,1265,5807,4.9380751034140075e-05,45.51833378585344,1,0,0,0.4661819138120501,0.5593465384780492,0.8021511456935172,0.6492197647946197,4.318505387943592,6.319796506947168,8.205354124600392,1072,True,48.61846000000014,48.70432000000028,45.92927000000009,45.76489801,5.02E-05,0.951132326,SD,SD,-0.005387627523887106
H631,Hekla,H631_mesh.pat,8869b50de11bd1658985b54a75ef9d09f147ca19986fb25546dd6ccf35d5d864,H631.msh,9298e3cf3d0d92bb6cb5bea11d68563896673d615f3f89ccb79b4826c964cba4,136961,854,0,1,0,854,4032,4.981178315766118e-05,45.65038965290498,1,0,0,0.46653326579536014,0.5456942348187952,0.8014974944641071,2.3003626274783198,5.007767261348867,6.664151170541788,8.351987567045935,650,True,47.51893000000018,52.664529999999104,36.48793999999998,45.93380659,5.07E-05,0.870311911,SD,SD,-0.0061701164814136344
H632,Hekla,H632_mesh.pat,f293c7af64ada3569f1a13fd2eb60d6d2d6f46d2b980db4c882ba69c573d1331,H632.msh,66328311e2db688551d4b4d0192574e35ae0b2d7c900ff93bf9593b63949e006,133881,833,0,1,0,833,3943,5.0005919030819674e-05,45.70961854201118,1,0,0,0.51382149113934,0.5688355862815059,0.8135221058316455,2.0034003096951154,5.054483101486207,6.624705583245077,8.561351186966498,628,True,46.79080000000022,50.63729000000012,38.5203173,46.00438038,5.10E-05,0.893449752,SD,SD,-0.006407255908112752
H633,Hekla,H633_mesh.pat,930b753e151a16f9760c45763f2e6b3315968831e4b145406739154dd53b66ec,H633.msh,062e1296eff8fe728ab6978471d7cd86612f352fb764b7d25d9e5708098456fb,147237,944,0,1,0,944,4309,4.852495166008193e-05,45.2538461840592,1,0,0,0.4574358277156844,0.5582191936053641,0.8039740818025932,1.273275695732796,4.848138909914564,6.521572072244964,8.233678575473688,810,True,45.13145199999997,57.07528999999977,35.64960999999994,45.50772296,4.93E-05,0.996754795,SD,SD,-0.005578762447946528
H634,Hekla,H634_mesh.pat,8e5d832f732b192b100873dbe81301f9f767d14a48dd3817f8216aa9c5a3d4ae,H634.msh,7126347e02e1f32d84f279d89f6836e59478f4047bb04770f8e62f4ab3239b65,228270,1439,0,1,0,1439,6708,4.822341853558865e-05,45.1599158416271,1,0,0,0.4179979132256878,0.5524934907389378,0.8024492318020369,0.4381809682083268,3.9721319806638142,6.131581927385675,8.06746535141587,1168,True,42.41680000000042,51.713010000000395,44.871140000000196,45.40565001,4.90E-05,1.055101096,SD,SD,-0.005411973362759559
H635,Hekla,H635_mesh.pat,8c4997952285314b4fc4a3b1211939c1662e5c5ce3d1c0908175aa3c5039274b,H635.msh,66644c382e996f9ba592e8d7aa145add3d1c28a7d1d3240293e4a286d2b82423,138781,860,0,1,0,860,4091,4.9995513055162724e-05,45.70644767621146,1,0,0,0.5027858497285062,0.5455846175254636,0.7976548003505279,1.8184240960373526,5.036553863620531,6.651019643738385,8.293899744548051,644,True,46.16648999999984,48.84324000000015,44.11840799999996,45.98950575,5.09E-05,1.012367136,SD,SD,-0.006154840526602978
H636,Hekla,H636_mesh.pat,6c1782434ef929cff6e1c5a33f84af85dd59bf56c075f0e2316c67f5add591a2,H636.msh,16c656f67e4719c05bda15962746d6f4f79f11d6b8b79184a9e330863e4de0bd,201586,1302,0,1,0,1302,5892,4.744501555734793e-05,44.91561222026192,1,0,0,0.42610073865846393,0.550717288910334,0.7924368114925069,0.441262585429564,4.104186083135064,6.31842318141179,8.652662855005806,1156,True,37.04950000000008,43.034149999999954,55.835380000000214,45.14814313,4.82E-05,1.11656473,SD,SD,-0.005150398081013585
H637,Hekla,H637_mesh.pat,f6c2947bf1fd6fa6731026ee923c92a6956a93fd8cce3d4575eb05a57a2d1f34,H637.msh,a371b56e5d487e9f9f0eeb5eaca037e7652372f2781d3b21f658f1cdbf7f6f70,143037,884,0,1,0,884,4219,4.9915650593758506e-05,45.682097659357126,1,0,0,0.4726306392301037,0.5529760746921245,0.8053662953160546,1.7479394592459996,4.974374601700704,6.545281963690703,8.31022065256274,654,True,42.489487,46.34904199999994,46.18010000000004,45.95654387,5.08E-05,0.932656644,SD,SD,-0.005971863580934489
H638,Hekla,H638_mesh.pat,48b8b1682045ee550c08d249b64849ca7e65cfcee0215fd18d84d72a6bf7576e,H638.msh,32a5c170ba2a38820ca879410808e8c3424df12be05bac4b2172751c20e64332,226954,1540,0,1,0,1540,6560,4.333261917817421e-05,43.578482788120745,1,0,0,0.4854393465335133,0.5560452605709378,0.7904831726649841,0.45750524729450415,3.5056869289411243,6.143844326892403,8.810437302413385,1612,True,50.928840000000264,53.73353499999999,34.54154600000001,43.74886353,4.38E-05,0.722855238,SD,SD,-0.003894518123023216
H639,Hekla,H639_mesh.pat,a5adee53900d40e9d203d784ec7d27087533dc60319495ded4a2b26627ddd5d7,H639.msh,dee24dda85ca2dfa518252b19c80b441fb7643d2b00f05da67f89481a00bee80,167818,1098,0,1,0,1098,4890,4.570405097159236e-05,44.35936878520687,1,0,0,0.4243952925729631,0.5555316390783052,0.7950734843355474,0.4694061637749117,4.497384643904535,6.457448662723098,8.104561351501642,1020,True,49.743562999999995,55.29574000000002,31.880872100000005,44.60664019,4.65E-05,0.730116698,SD,SD,-0.005543376585635862
H640,Hekla,H640_mesh.pat,ad5e543724ca094f21b5754c161c6bdb5b46f28c1595e75b5e5ad791faa835c9,H640.msh,69dd9801fc06460fae11d7ac65e6207d9a9db4b75c3640986f142955039a7ab7,215054,1442,0,1,0,1442,6233,4.421221736363607e-05,43.87137284038296,1,0,0,0.390196095418452,0.5255247661871039,0.7869353309226338,0.3724275410063159,3.7220926677609905,6.267991573851348,8.711907236724914,1458,True,38.222929999999906,65.98716999999988,36.96086000000014,44.09961368,4.49E-05,1.662773176,SD,SD,-0.005175574581519515
H641,Hekla,H641_mesh.pat,40978a398832b7a07543743d7dbf4316a75a5c2855c232ccbd89eb6dac22c063,H641.msh,8da8aef243f8b6aa5dc47d0979443b64340e81473902a81821193d260a23db14,167062,1072,0,1,0,1072,4889,4.687290901107938e-05,44.734346260819194,1,0,0,0.39376352768184597,0.5556735821524099,0.7954840031235701,0.7611523593206573,4.536419430581345,6.485087162057948,8.488912669346947,928,True,46.8152799999998,55.34952000000021,34.03423000000021,44.98893744,4.77E-05,0.86052686,SD,SD,-0.00565897293129769
H642,Hekla,H642_mesh.pat,d7f261d3ab40e233ed186d28bfe04cae4e8a9510f0de7f834a3a229998601678,H642.msh,7bd3d2ba42efc5187c434da6e02b3e2b4030524d070d7b3a851ce1f76887e738,149421,968,0,1,0,968,4363,4.620517112898762e-05,44.52090531096441,1,0,0,0.4295569180868532,0.5541252671100301,0.8003393159236597,0.6339175152740206,4.740315444127882,6.530044081770421,8.254183064974766,856,True,50.08358599999997,49.30809000000045,35.86012399999993,44.78221251,4.70E-05,0.743410239,SD,SD,-0.005835066746138096
H643,Hekla,H643_mesh.pat,486fc0dcb0405839a87a8de380f1fe14c63dc758b16fc3ea79d5509b7300448a,H643.msh,1449a15de49d44ac094d380547888a3e775473b86b6fdb9eb0b2e046379a6e4f,159138,1013,0,1,0,1013,4665,4.7079744578436546e-05,44.80004929807374,1,0,0,0.3645032364902865,0.5595091466549563,0.8034482407364719,0.45310184527986785,4.740611987315031,6.443708271384297,7.863167261948875,842,True,55.76296000000002,43.35153999999966,39.42713500000002,45.07319022,4.79E-05,1.159383329,SD,SD,-0.006059942076278024
H644,Hekla,H644_mesh.pat,627e9a7bb85de612b3c7589318c8a0d36fc62847ec57db4ec88863487b7e6cdb,H644.msh,21197c4ac81a69a37c1ad65425c2f709af18191357716e2b0aa41e9bcb78ffad,245938,1700,0,1,0,1700,7078,3.800847828452524e-05,41.715163813594025,1,0,0,0.2751831931509143,0.5350185550576106,0.7858357054192044,0.40930558706190856,2.896408991566183,6.03778642215775,8.300840893224239,1888,True,42.46843499999997,73.32934999999998,25.624630000000252,41.89710843,3.85E-05,1.036023672,SD,SD,-0.004342653305298261
H645,Hekla,H645_mesh.pat,5e31381264c39acee93177800b5ab88ebc39f57205e2a2c62de01f64397ed972,H645.msh,d9c4fb44d5eb5b55f28dd0c3782836e73298fb0bb974edf62633550b9578d97d,144353,929,0,1,0,929,4221,4.56186291009993e-05,44.33171533968483,1,0,0,0.4238730036319678,0.5650697847601374,0.8084248556606833,0.836048000050821,4.795059189018339,6.497066212614721,8.198112972467074,804,True,39.51706000000013,55.20551499999999,42.45521899999994,44.58936495,4.64E-05,1.208985132,SD,SD,-0.0057782749452495175
H646,Hekla,H646_mesh.pat,cfa26c6645bbd7cbfbfcc6176c5ce1eeb1bbaabdd0c67d1158e381081d27ac33,H646.msh,9ccf2bf9a1389f6d888a5652f430663cb90a0aecc360765481663674c4a07428,270634,1913,0,1,0,1913,7747,3.1740749106073746e-05,39.28313896464764,1,0,0,0.1757454578498712,0.5320385762394731,0.7794374400808429,0.371544758150351,2.40753601122061,5.735314788021285,7.84038401867629,2236,True,34.61528999999973,81.11237039999999,35.130080000000135,,,,,,
H647,Hekla,H647_mesh.pat,2cca2953d7e390b902ef8558201cef914af6c773243d0f0da3922996ee4a5fe4,H647.msh,050d519bf4115da19c6dc78b9b0449ee3c9c8834f9484c659f196bdda96057f0,232918,1607,0,1,0,1607,6706,3.980482422697009e-05,42.36225102557379,1,0,0,0.16321296892114234,0.5220701888179361,0.7792125723564549,0.16192447900163548,2.553447749509351,6.29899643852813,8.114224245218944,1728,True,36.904729999999745,69.37483999999995,58.75144,39.46266742,3.22E-05,2.26040159,SD,SD,0.07347662474798278
H648,Hekla,H648_mesh.pat,e49f22077b61c0e590a723d7adfba9b330d111596e02e7b763311eb7a2d8f57a,H648.msh,2a940cefd5c73c101c90075968818bc0750efcc7df34133af77c5f753cae2ab7,156366,1000,0,1,0,1000,4579,4.6752031826208975e-05,44.69585909166773,1,0,0,0.5104986622600002,0.5658821880869315,0.8041410255592162,0.9730572623314895,4.684734683471747,6.401601814739747,8.368520164396728,852,True,48.10159999999996,46.256160000000364,41.25030699999991,44.711,4.68E-05,0.741147669,SD,SD,-0.0003386394473903209
H649,Hekla,H649_mesh.pat,59d11653569a27b721eff5eff796a9e2e6ac56dd6375c8d880f4acc4436146f1,H649.msh,2c18ea22c098704542a080544d983a1e78d70b81986a286de282560b12244502,196378,1314,0,1,0,1314,5694,4.2271664594895185e-05,43.21988190845815,1,0,0,0.225653673850382,0.5294946953394594,0.7950972511185578,0.31700854451616955,3.9460138220906806,6.239427468022488,8.133861738709529,1316,True,59.42313000000013,39.490099999999984,43.85671000000002,44.93911311,4.75E-05,0.930766585,SD,SD,-0.03825690100589196
H651,Hekla,H651_mesh.pat,04443c01ee55850aad49e508e93bab8e56788519b0465a4556fbd1fe3b137679,H651.msh,af4e9cf04c0c223372b52e9cffa591916853f2962ac5f4ebcf36555d18b8a397,172830,1121,0,1,0,1121,5046,4.451221644502141e-05,43.97037801367364,1,0,0,0.33761705637515865,0.5268976148701209,0.7934231438296867,0.42909458928451016,4.383898258203965,6.394938619781422,9.0532589540267,1010,True,45.67823499999997,46.82940999999994,47.18739000000028,43.4547431,4.30E-05,1.20230979,SD,SD,0.011866021448729613
H652,Hekla,H652_mesh.pat,34bc4ebb7a245ad77ef81c20ce1b131c3fca12c056a42b9bf70ae3d988c97d45,H652.msh,b3e2ec870b19c6462c147f39160303e49e166ee63ff3886303ad5ee01239e06d,136933,889,0,1,0,889,3996,4.418178765044334e-05,43.86130548972748,1,0,0,0.5020163305234678,0.5546752042871317,0.7980734170356001,0.9282496932298904,4.783565366222817,6.554396769607709,8.493536047767416,800,True,49.36566000000016,48.46175000000039,35.81310799999994,44.2207495,4.53E-05,0.990754502,SD,SD,-0.008128401583797684
H653,Hekla,H653_mesh.pat,78ee7e0bfbf7690c50761b20af99de5e08c9060d759ec3fe82baaa20eb76c448,H653.msh,0cb8e73f53cd476f6f183aad1b9372b1fba1a0a69d9ef48cf50dc4e63fb9cb87,314734,2176,0,1,0,2176,9059,3.751810964549115e-05,41.53498984848183,1,0,0,0.15337330976534527,0.5389075378414646,0.7845583361646413,0.35847951391914673,2.113069480779109,5.859525445891914,8.41560467958153,2418,True,42.02085999999963,63.70602999999937,30.5918700000002,44.10277072,4.49E-05,0.758325231,SD,SD,-0.05822266559669276
H654,Hekla,H654_mesh.pat,2a1c652201cdc57bd0494e8a6e99a1b12a02dbe97abdfce1956e18eaba57ebaa,H654.msh,7dce0aff3433fc898cb175bc64dc7fdec8eaf148c7f8dfb916888d5461f34703,155778,1029,0,1,0,1029,4529,4.30166763307127e-05,43.472312513556815,1,0,0,0.4196510120004264,0.5514737180473768,0.7996539285460363,0.44378677639127667,4.541013397901604,6.43241019192401,8.23213597190892,970,True,36.169199999999364,54.47416999999996,43.58865000000014,41.72328376,3.80E-05,1.104892329,SD,SD,0.041919729128166106
H655,Hekla,H655_mesh.pat,68f9e83a165a6fdcb7c7165a49816bea673bd33a902cf812a975bba2e7eb9f62,H655.msh,d5ac6896c9b563f45e93df129b12999a8edb5b557db8e05e65e94117db229e2f,205870,1345,0,1,0,1345,6002,4.413995006736531e-05,43.84745641568041,1,0,0,0.21252065716048615,0.5332601243034194,0.7831599233996234,0.4597296293489245,3.9452033258030257,6.260914709517668,8.493151671870951,1254,True,52.041549999999916,41.67108999999982,38.18764599999997,43.73347763,4.38E-05,1.007623044,SD,SD,0.0026062136344313647
H657,Hekla,H657_mesh.pat,be186663f534b5001f1592e61f0f08cefd5fa23faa27c8b18262d959d7a9ad25,H657.msh,d20744dfa8f0ff966a3e9856467479c50847fe32835838b3e805f7c8ad396356,236390,1551,0,1,0,1551,6886,4.17284595209132e-05,43.03395320919151,1,0,0,0.43868474533215296,0.5382935032030817,0.7948278085611291,0.5034402347857488,3.450111348897937,6.003955744556248,8.17851604624557,1464,True,40.53709000000026,55.1572799999999,31.849881000000096,44.07416416,4.48E-05,1.142109005,SD,SD,-0.02360137669388973
H658,Hekla,H658_mesh.pat,d55bf51723287a58ce549251b1d6f6c1292bbcc630fb0e8fd79fae90c0406027,H658.msh,b3e1db5487f655e471bad192d1969cb38f4d1c03d09f09a51cbf735ead4be707,126881,815,0,1,0,815,3711,4.28618932495978e-05,43.42010899822082,1,0,0,0.4695303734560542,0.5609100017850998,0.7975992151489022,1.1740470664147173,4.886914309208321,6.582246147866007,8.385408119821808,706,True,46.65088000000014,50.26709699999992,37.126146999999946,43.23289363,4.23E-05,1.057036907,SD,SD,0.004330391803589739
H660,Hekla,H660_mesh.pat,6dccb3bc6e3c04cf7c94762e867c8d6e4c8ef4824726de9eaf2094121314c220,H660.msh,a50c6b6183c3484c64c5209e3cd2e0b54820cfe000bb1d792f958b70389bb8c4,146817,969,0,1,0,969,4269,4.1193105314381615e-05,42.84912619517752,1,0,0,0.48234746306055337,0.5608743393351383,0.7980780984610397,0.8285070656305477,4.52986978629582,6.389858778514839,8.391060834739704,922,True,48.01596000000063,40.69644999999991,47.18253999999979,43.68660587,4.37E-05,0.865647053,SD,SD,-0.01917017031065782
H661,Hekla,H661_mesh.pat,ed456c7c1dd6a67547183b321ce4a8de9269172adcb3a26fb66eadfe2a9d8f3b,H661.msh,e70980ae5dcfa974d7b44037274bc718b844ecf1c559142cc88fe50f4b843d48,127637,833,0,1,0,833,3720,4.2381214228644155e-05,43.257185368109475,1,0,0,0.4710678736796748,0.5607196686770424,0.8095730139767476,1.4955225287100697,4.824086784310669,6.537119289583497,8.579670301368322,758,True,52.93692999999985,44.73797000000013,32.98055199999999,43.09437511,4.19E-05,0.881074232,SD,SD,0.0037779932460766386
H662,Hekla,H662_mesh.pat,b573edfb17cca63f7411ece501f2848aca85e10bc6090954ec6feba41e69e4e6,H662.msh,89bdddc7446ec84f54725f569ee234ffd582e5713778a51a04cf11b3e5eb42bd,175210,1159,0,1,0,1159,5093,4.2900439768204036e-05,43.43312127583095,1,0,0,0.14707105621896358,0.5500414239259825,0.7958642534543102,0.5184773034660247,4.251929213678126,6.3046739295202405,8.381799838640239,1118,True,48.46365000000014,46.15162999999984,38.40543500000001,43.49846482,4.31E-05,0.877746121,SD,SD,-0.001502203455672535
H663,Hekla,H663_mesh.pat,a369a7c61ff0fc8ce3ecf3cab5d285c5035c6580a7fdda5eab994d18d72a65b7,H663.msh,da3782df68e6095d265381bc48fc264020198ed27c5f14c8642756341dd51313,145977,966,0,1,0,966,4242,4.162505297274019e-05,42.998376582821344,1,0,0,0.5084888296802423,0.5499091499988036,0.799411548795387,0.7486306954868577,4.517141515994592,6.536581308440766,8.60102587324321,924,True,52.08649000000014,45.96379999999999,35.82280199999991,43.66836244,4.36E-05,0.872785583,SD,SD,-0.015342591747039114
H665,Hekla,H665_mesh.pat,8db8d265be669f70e9b621b989fe55fa4d319b0bdd2e0cc1df579d559399eb36,H665.msh,24a052f6803e00aeccc7de1cb8d93a63d92d1cb3d18016bfa873d4f042d0770f,173502,1188,0,1,0,1188,5003,3.700439644557791e-05,41.3445466583808,1,0,0,0.22844269396577857,0.5606288347113816,0.790578464332986,0.464539744801057,3.7842308237217286,6.2642200882674315,8.053478402758154,1266,True,55.73381999999947,38.89418999999998,44.227530000000115,43.23306727,4.23E-05,0.895128165,SD,SD,-0.04368231843984083
H666,Hekla,H666_mesh.pat,be7913203c19889f2fdcb330145622e5f1498a16631f5f5789d2820eba3e6b0b,H666.msh,e4250861b19cee99a3af6622268520fb1588d6f0fb051dd9b463b29dda359ca4,261842,1795,0,1,0,1795,7551,3.791358494148552e-05,41.68041901971563,1,0,0,0.1403137888202652,0.5416496398643652,0.7817548444603588,0.39604740701070196,2.6996508575477773,6.049157794675805,9.25659828195022,1950,True,50.01092000000017,51.513650000000325,33.86726599999997,41.55420451,3.76E-05,1.081670477,SD,SD,0.0030373463095716424
H667,Hekla,H667_mesh.pat,0b0b2d3316f0c95af877e4fb483745a55e951bf6aebfaac110c29a7a46649d89,H667.msh,7785bb6252e405085f547f29ece201985734246767191629f4d6d647366fd48b,154742,1033,0,1,0,1033,4488,4.014718628794315e-05,42.48335731991701,1,0,0,0.4947218817543852,0.561257187983572,0.8015132755089587,0.6250103321414493,4.366250299464903,6.337235736770495,8.359102757157833,1012,True,42.668099699999985,54.62376999999992,35.60858999999982,41.84470253,3.84E-05,0.697537475,SD,SD,0.015262500419476854
H668,Hekla,H668_mesh.pat,f71888670580803aa341abd17af2588a2631043d8526b2c47ef7bf1802993a8c,H668.msh,664c08c029ae075321693a3d6fa3d0c2850076e415d2697b1487b52a94a83268,152642,1010,0,1,0,1010,4436,4.070233072753237e-05,42.67827775308549,1,0,0,0.3400413959967572,0.5440006876013841,0.7956770604846841,0.47078636925444156,4.39527398806965,6.451070543240258,8.693616618973428,972,True,51.00930000000017,43.70690000000013,39.82232799999997,42.69761779,4.08E-05,1.075282114,SD,SD,-0.0004529535350106251
H669,Hekla,H669_mesh.pat,f17bff116448884dcd3270670f4db768b768b9506eabe12b8b3a627cfdbeb4ad,H669.msh,79a90407c38628abe3a8c7d4929fb50bef8a8fbbdf9383de057bc43509d905ad,156086,1056,0,1,0,1056,4513,3.807015741534788e-05,41.737716365389815,1,0,0,0.4729807669992013,0.5677429089674774,0.7962903530049956,0.5074020146155992,4.211739095207397,6.346196446179008,7.909648711987789,1082,True,44.70781100000002,55.083920000000035,33.62892499999998,42.92862667,4.14E-05,1.065302727,SD,SD,-0.027741635290709943
H670,Hekla,H670_mesh.pat,ce691a4e770e4036ca4beee94fffc86a277d285a5a257b02671c341e0049f510,H670.msh,9e55d1eea13afac49a50cc0f59fd11e6ae8b90037eb11b835f155a3ff9c326fd,137409,909,0,1,0,909,3993,3.97770489822011e-05,42.3523954724935,1,0,0,0.4839713699781447,0.5662494807479498,0.8033774384594957,0.6325250894064955,4.572520435220051,6.436260324196692,8.23846780957591,866,True,53.49648000000025,44.89969999999994,33.777017,41.97126797,3.87E-05,0.926036551,SD,SD,0.009080676399052745
H671,Hekla,H671_mesh.pat,8085d18c4f18e5e2fc5cf2d02a1e8ad68dbe10555161d07815ccadd1cf69680e,H671.msh,d07cfcc4435a1e4747dae07a3c6c4334e3e87529b27f6fb9fada3b53e139ea28,127105,843,0,1,0,843,3691,3.894872611354713e-05,42.056346793883826,1,0,0,0.46884120769496196,0.5398924354989667,0.7952396305837179,0.7028772266906793,4.68158694220286,6.612345702869126,8.17164600146749,820,True,43.014940000000024,52.11522999999943,37.46106399999985,42.59230285,4.05E-05,0.900610026,SD,SD,-0.012583401700623886
H672,Hekla,H672_mesh.pat,eedb70d6f1b715920f4b0eb522d944f46e718fb981364b406391d66270975cb9,H672.msh,14eab028fd0347d7d79489d77f69b23c9c7eb03908cd58188c630c20ee9b10e2,195202,1317,0,1,0,1317,5649,3.866513530518664e-05,41.954025450825355,1,0,0,0.17810229524373491,0.5403474046365933,0.7919126285417136,0.3919554367525949,3.6074380335220404,6.28501440735775,8.690069787694373,1348,True,47.76818000000003,39.735349999999926,44.08203999999978,42.30848036,3.97E-05,1.080892903,SD,SD,-0.008377869073968314
H673,Hekla,H673_mesh.pat,611851ed0df5e8312a22665c180afcdbfb8a3ba0fc38aaafd7e1b4bd90526004,H673.msh,c40b5accdd2fa7e0f4afe0d1a28eff51267ef7514f23c97d512787bf1d727a24,170030,1127,0,1,0,1127,4940,3.791056457446867e-05,41.67931217365864,1,0,0,0.4094352195880377,0.5481182293895908,0.7959113001631525,0.8965344145038704,3.9935696831708074,6.1825062376724915,8.234269628246627,1094,True,41.172070000000076,48.37869999999975,41.88733900000011,42.18433731,3.93E-05,0.965595389,SD,SD,-0.011971863695050655
H674,Hekla,H674_mesh.pat,a91b988f5251e93b6a9a49b6d4957cf0f154f4bb7adf8b53ee7fe29b2f2fa0be,H674.msh,32d8ada01b6aa9f1c5d8ccc04a174d0e803f1a8ccf6b8b1fc946215a2304b465,112293,726,0,1,0,726,3279,3.890370333174683e-05,42.04013553378493,1,0,0,0.48134313170326576,0.5479854830176363,0.7945795193402683,1.962956388011739,4.904695808308951,6.659792411651237,8.390458392312102,642,True,38.17077599999999,49.740499999999884,44.849010000000135,41.88198475,3.85E-05,1.124065,SD,SD,0.0037761052808016338
H675,Hekla,H675_mesh.pat,c9c8094faa62877eca85874d20ecc40cfa05ffae07ad9a17a3df632f6229924a,H675.msh,628b281c01f3afaaa8fb11072178fdba81124a217849e6f454eece3150799ab5,181426,1199,0,1,0,1199,5275,3.766111415597611e-05,41.58769470920503,1,0,0,0.1778303898492409,0.5374559963107552,0.7863335682745157,0.3245321954755297,3.851079580637395,6.241285089556825,8.236570692551526,1144,True,51.10510999999997,36.31894999999986,47.22865999999999,42.31997967,3.97E-05,0.944615339,SD,SD,-0.017303528179955063
H676,Hekla,H676_mesh.pat,b468bbdb8f4043afb1b467b1b44db22803a218f2232924013179574997ef80d5,H676.msh,65208fc025d1c34021f4b9a50fd7f83176f2f2b774b607371d93fdff590d5f73,117249,753,0,1,0,753,3429,3.8944941651957044e-05,42.054984611683615,1,0,0,0.46912123446782433,0.5474855240223266,0.8005479813206703,0.8095454891486727,4.8872446817154795,6.572205515335932,8.37692954102171,646,True,45.76897999999983,39.479355,44.22279000000026,41.82075308,3.83E-05,0.843018516,SD,SD,0.005600844423713447
H677,Hekla,H677_mesh.pat,feed987ad32be0aae092baf1676d3d76e72e4b18a1c0d45ebdac866e6834547e,H677.msh,394f39620622e1667ffa912b88cb3bb7962e8f5488175194522cde86bc19de1d,125229,853,0,1,0,853,3614,3.557153856457618e-05,40.80386880829763,1,0,0,0.45861439819553973,0.553892288597473,0.7967612689550392,0.9792243386478372,4.506751606972168,6.468604592204901,8.279076406004783,890,True,49.135009999999966,54.35967999999957,27.548526000000038,42.36177911,3.98E-05,0.930521049,SD,SD,-0.036776318993991586
H678,Hekla,H678_mesh.pat,2185b84bab9565484191ae348053560597c88d8baa95d8f24b3c005e649bcc62,H678.msh,2f43e45980ad13c25f07991114f89c7ab9ed3a5cbd66fc65cdd504d6bee4b832,165214,1122,0,1,0,1122,4773,3.636526762611348e-05,41.10513276347359,1,0,0,0.4790693984758815,0.5552938806052076,0.7948310027419649,0.4451287100974576,3.8586208255622028,6.2579134578348485,7.905833782568836,1172,True,42.94043499999998,50.247907000000026,35.78364799999997,41.0361685,3.62E-05,0.618365926,SD,SD,0.001680572675141212
H679,Hekla,H679_mesh.pat,d158826f242c04320e57fe9af9c6b6a9b554d53f276d63eebc70b4d93b0de4ff,H679.msh,72c208b47bbf8000acfd3e49c2bfc09e1360dbe8bd764377320b62fec3b4f1a2,113917,725,0,1,0,725,3338,3.89904432535066e-05,42.0713566513813,1,0,0,0.4913939056466546,0.5438419647491282,0.7970872542580874,1.3028901587079509,4.9459275215010825,6.659891068876836,8.623320534297314,600,True,38.560669999999845,51.637969999999996,36.2403547,41.31338411,3.69E-05,0.972639469,SD,SD,0.018346900349851314
H680,Hekla,H680_mesh.pat,6c7d59de65b154f61a2ade70517b18512fc9212f07d50f9e0147b0207b3f27b5,H680.msh,ff677540994abaec269e55239aab0585ef8fc8cc94bb5a4f0a29d0f8e29decac,109633,704,0,1,0,704,3206,3.947091984591627e-05,42.24346577237177,1,0,0,0.48719015846477576,0.5555164055414957,0.8077414246399724,1.5717925210917159,5.022307043335058,6.634095553068685,9.643136280584196,598,True,42.28971999999976,48.70372999999927,36.12465208,42.37594098,3.98E-05,1.257507771,SD,SD,-0.0031261891668850073
H681,Hekla,H681_mesh.pat,6b67af5f22647e7da6a7908cdc67516c260d113d180c467e3c2bdbfb7228ff73,H681.msh,75d220ef6b6023c818fcaf5ae6a4d8ccfc0d58a93997f5a256a0864011065c47,206094,1439,0,1,0,1439,5916,3.196948901937248e-05,39.37727791933292,1,0,0,0.45861173789014814,0.5512840095397582,0.7885954676247179,0.4925930650141416,3.0884139280377974,5.897600653436556,8.673431929985757,1622,True,39.94376000000011,63.179209999999784,36.345340000000306,42.54683049,4.03E-05,0.976748119,SD,SD,-0.07449562127576193
H682,Hekla,H682_mesh.pat,9c7e900c2592e21ef89691fa0afcd1bcfe3fb5322177df616aee3c2b3e44c75b,H682.msh,8da2aa79988c558cc3d5959706db860a536777df82bedc346a0f8ba7b8cd3059,264026,1889,0,1,0,1889,7535,2.964536985667854e-05,38.398956005899215,1,0,0,0.1393280287668795,0.5397744368132174,0.7779673808057893,0.255215096340195,2.199298288829911,5.752652210539989,8.338429272692602,2284,True,48.36336999999958,56.97730999999976,30.157789999999977,39.53854102,3.24E-05,1.437488406,SD,SD,-0.028822131133375395
H683,Hekla,H683_mesh.pat,759acebb18768daca3d2856010427d273ad887ea61fe3e14fc85df35a38e429b,H683.msh,6ce56a92408deb187e2f76f43ad0b451bffec356a85d672c6aa2627cef926f0b,155918,1065,0,1,0,1065,4498,3.3487093642341426e-05,39.99075573782121,1,0,0,0.46682791927132783,0.5531469813340925,0.7951564055482697,0.4505135010180276,3.8137706630122947,6.309165984958388,8.455666284344343,1120,True,43.3080200000004,43.26224999999977,43.70586000000003,38.55846246,3.00E-05,0.733221825,SD,SD,0.03714601637207515
H684,Hekla,H684_mesh.pat,c072c6ba8a4bb10f93c91a92c97be3d2301e8edc9bc59d194853fbd561295423,H684.msh,cc136f16cec177d0124df1f6f08025cbdbcd47b4623dc50a8e3f644a7cf5854a,123493,826,0,1,0,826,3579,3.5531383224680094e-05,40.78850905517164,1,0,0,0.3923951092077881,0.5484860023342758,0.7968043041918357,1.0088772638180594,4.561361028914412,6.503345414037621,8.672653647896892,818,True,54.84649999999965,45.113430000000335,28.140191000000016,40.22223977,3.41E-05,1.015257745,SD,SD,0.014078511997583698
H685,Hekla,H685_mesh.pat,e344204764e87d749bcc73ad6aea6d96028e3feb4865af43ef132dbb83a41467,H685.msh,298022ae9232b78ba87ee524ad38079b6b1ed1b01359cce0a5aa130a563e43e8,117277,755,0,1,0,755,3428,3.8828132437096535e-05,42.012896738753454,1,0,0,0.4974187214731346,0.5375629991501976,0.7913288772546436,0.7034542034995336,4.887962283618531,6.590500163099489,8.49116574428965,662,True,41.99215400000003,46.01872000000003,36.117794,41.03608805,3.62E-05,0.757316036,SD,SD,0.02380365027882969
H686,Hekla,H686_mesh.pat,32a349dca8e86a7f4ed0dafd6b61c9b752eeaf5637f2fdf22c070c6ac705d1c4,H686.msh,024db8b0b4ac09160b510dbc5e294ef963f84ce21837b1b821b07fca1b9582e9,175154,1133,0,1,0,1133,5117,3.7009745088219344e-05,41.34653855279424,1,0,0,0.442730456083494,0.5448208783944846,0.8029937509404563,0.3638244116890967,3.9035638562418886,6.279599007599133,8.186565418628946,1010,True,40.37233999999967,52.65828999999985,37.73135399999995,42.28775974,3.96E-05,0.942478687,SD,SD,-0.022257532510417066
H687,Hekla,H687_mesh.pat,99349dd2f44e983e7031df96ce74c85654dde935f37098fd579f37a02c79209d,H687.msh,e0508850cfeacacd73bffd41d39a87e31d8e1d42090d369146bdaada9f34644c,179746,1228,0,1,0,1228,5186,3.385126488592474e-05,40.13519952032517,1,0,0,0.17109390121833973,0.5443465205709576,0.7901912767077315,0.4441438940250929,3.325594169319439,6.227639468231339,8.364789291204096,1310,True,57.03576999999996,42.46653000000015,30.132924000000003,41.618595,3.77E-05,1.211784664,SD,SD,-0.03564261310779049
H688,Hekla,H688_mesh.pat,1ef8d179994987dfd85ae6f930218642fb8c852ce245e0ddb4e72ceb11f7e280,H688.msh,89064e1bcc010319f8a23f4c216b764bceaf6b77e206d5f35254e02336142288,140965,944,0,1,0,944,4085,3.647254548039568e-05,41.14551324769543,1,0,0,0.48735099966801665,0.5601078733454317,0.798650308429195,0.7913426464494335,4.323591153460042,6.3357160319309624,8.462555331446366,940,True,47.60530000000017,45.19390000000021,30.86854699999992,40.34918287,3.44E-05,0.954282189,SD,SD,0.019735972851324224
H689,Hekla,H689_mesh.pat,9d6f8e260f6fac133c495caae832c9e5aab35ed17cd3b7e7550d20f0114ec45c,H689.msh,e0a7e6c463aa588d1262bc2fd7a55306d08f8546ada1c6061fbb6baa53e6fef4,150430,1024,0,1,0,1024,4343,3.455568502826599e-05,40.41168522271532,1,0,0,0.40103704116428296,0.5271403766811243,0.7779730055276997,0.44630517277884046,4.034827918725242,6.38780223280284,8.536746283828203,1074,True,48.230158000000074,51.7971,25.69443000000024,41.36628395,3.71E-05,0.725790608,SD,SD,-0.023076733903352742
H690,Hekla,H690_mesh.pat,03e5784e4449fcebe36dfd52209066dd8f6dd77da312e268dbef5b2eb3fbf14b,H690.msh,f0831ddb16cb2fc5dc0ec3d60ad3536fe4f9e8306fcd6d3c88aa86dbeb41e094,108065,700,0,1,0,700,3154,3.691316371414271e-05,41.31054096880508,1,0,0,0.5013168917856273,0.5450378749064175,0.7919778695233946,1.7427977307598208,4.908666248911684,6.664082138079546,8.640740581810007,624,True,41.79036999999971,50.54215999999997,32.18033899999989,40.6495916,3.52E-05,0.571156981,SD,SD,0.016259680424564937
H691,Hekla,H691_mesh.pat,d2281725df1c368b24cd6e5a0d97d2dbaaddd577972f69c7f319aee2bd78bd8b,H691.msh,fa3f28b35636529981e5155a8a2f213bacee08d154b331577034df11459a72e7,128729,846,0,1,0,846,3746,3.702824752666463e-05,41.353427588217016,1,0,0,0.16148529403909312,0.5562454810221253,0.7931664137173364,0.8706849927063441,4.586409052858086,6.4501492457503815,8.284218630485169,794,True,42.803788000000026,49.03422999999998,36.330558899999986,41.5954603,3.77E-05,0.937767953,SD,SD,-0.005818729016035973
H692,Hekla,H692_mesh.pat,bbec6664fa7ef6c63803eb712f7573af6504785953ba281d8afd4f953cf0dc59,H692.msh,67b1582b384064fe3b58501b7793b0103e3624b1b5de420b0e8f73b437f47f08,210714,1437,0,1,0,1437,6083,3.3959114420715264e-05,40.17777768121707,1,0,0,0.1735274676904529,0.5541023672439663,0.7918236368455567,0.4347059439449482,3.141909850316586,5.939313310677624,7.817330117714699,1522,True,39.170916000000034,53.164339999999356,36.07616999999982,41.6059249,3.77E-05,0.976834024,SD,SD,-0.034325573153715094
H693,Hekla,H693_mesh.pat,eba4f974da1ea8fb1126a66051ff73ebe340ebead80f4c5d780a76fefe98fdea,H693.msh,823c0c056a5cf5fcbdd4bbdc5a57ec52a65ebf63a6ea58b973c2b69faf0d8c3c,118089,778,0,1,0,778,3434,3.564297963454767e-05,40.83116706243779,1,0,0,0.4044535043990643,0.5485631022636906,0.80792278837365,1.3692927261082273,4.647010945109356,6.449367887903226,8.081501382889053,728,True,38.99664999999999,53.03689300000002,35.50706300000002,40.38680126,3.45E-05,1.251735681,SD,SD,0.01100274813984603
H694,Hekla,H694_mesh.pat,ee27a2e9c61b4d037e4fed675501cd91c4c6e99495cced6421bda2623a9255fd,H694.msh,c6a8c40052360feb86d8439ae50089356766a43f7a44614611e461fa3275ecdc,125425,829,0,1,0,829,3645,3.695563322756284e-05,41.32637783191477,1,0,0,0.40660700327523763,0.5312544568418754,0.7937587901849347,0.8127766637400321,4.6401780234598595,6.523504999287094,8.296729516599298,796,True,43.52786999999989,47.24346000000014,35.21868799999993,41.0925752,3.63E-05,1.256904753,SD,SD,0.005689656361929973
H695,Hekla,H695_mesh.pat,d6efe75c244da8ae56c3b98920401ec34bdb48139b75460deac053566316f995,H695.msh,d014363695d25ad4ffb0ddeb8374a0e9bc9604df4f0d55913bee1c8333cbb8e3,155918,1069,0,1,0,1069,4494,3.394308321829688e-05,40.17145439630801,1,0,0,0.35504113608377863,0.5358195132287582,0.7825268634191764,0.37876620098651964,3.889111525043977,6.286303437771293,7.954740081551271,1144,True,48.014388000000054,50.617789999999786,30.69067700000005,41.58262491,3.76E-05,0.893296631,SD,SD,-0.03393654240794752
H696,Hekla,H696_mesh.pat,7d767a45f8dc71445d383f688c781005735493fdadfe826021fbf4278bb5cc36,H696.msh,17f87d8b8fbbbd5354ba0d4e49aa0cec8a57be5271b0da8421d082f4e91f128d,154854,1027,0,1,0,1027,4498,3.6071677829750744e-05,40.99421492572281,1,0,0,0.4594020902328895,0.5452387873151537,0.7957483029083894,0.46194244798362183,4.17563341195639,6.226990726916455,8.35329954340441,990,True,46.35878000000048,44.53699999999981,35.582154,40.3767122,3.45E-05,0.674597011,SD,SD,0.015293536597633217
H697,Hekla,H697_mesh.pat,65061dfec256b3126eb6496a851dba072b6719967d77ee815b1795d637160058,H697.msh,49d029d9f7acb1e34fde95946b08368ae89e78acfc5a2bd011585e3f88036f0d,283150,1959,0,1,0,1959,8148,2.9941265532146963e-05,38.52628888549264,1,0,0,0.21753308393484902,0.5474392178901887,0.7852909648709157,0.39544991718247396,2.083102957102411,5.63890204729964,8.440803063044516,2180,True,52.7475800000002,47.22838999999976,31.87882000000036,41.24150882,3.67E-05,0.83244919,SD,SD,-0.06583706591235616
H698,Hekla,H698_mesh.pat,5480f75f4a762acf4f79d1c5e2338c8df3988bd873d0047cea56be7b8d15fb4a,H698.msh,0fe7bcf3d8bde581236294d62fa8426c14c6de72b17f0f71f9adf9c2343b9c2c,111733,725,0,1,0,725,3260,3.660852013617431e-05,41.19658187689837,1,0,0,0.45316396404653186,0.5595683986864529,0.8014935748746059,1.8086387369010386,4.815980226874224,6.512933821142608,8.017881667214331,650,True,42.63267000000087,46.38470100000001,35.2908966,38.67938968,3.03E-05,0.764556147,SD,SD,0.06507838457957726
H699,Hekla,H699_mesh.pat,029ef4a927c891ea5d02f7aaa1011aeb16b35c34e111992704bb795166c71195,H699.msh,07887f36031dfe2fcbf189915b4d3c09ebc94523d8524dfe8765819237e739c0,117249,790,0,1,0,790,3392,3.385831572790601e-05,40.13798589876877,1,0,0,0.45169868156435744,0.5482599434779674,0.7918969916226744,0.8524218892658677,4.518139911658507,6.539786268332011,8.426279814597711,802,True,43.11505999999963,54.560894000000076,28.687752499999995,41.46922452,3.73E-05,0.903163577,SD,SD,-0.032101845082470604
H700,Hekla,H700_mesh.pat,42612c91bc52b1d08107d236794ebf8738a05fdec5c983ed1b110d111e9fab74,H700.msh,00c63701964ba6117ef6d2f9d24d798234ffc1c678c174cf321a684b6a8e86f8,111257,716,0,1,0,716,3252,3.630336966860164e-05,41.08179759713275,1,0,0,0.4529536706956447,0.5527049939728444,0.800754890101596,1.2881710517241938,4.850104576715552,6.5042773581599835,7.9081363167440895,622,True,33.75411000000031,45.717970000000605,45.02956999999992,40.36991549,3.44E-05,0.842515468,SD,SD,0.01763397565964908
H701,Hekla,H701_mesh.pat,e8f6051fff6559bdaa0a3298936d59b3096039ae90a6134aad19ed536f2b2632,H701.msh,f779291a043c4f68e9453ec439b3bd8321e89638f155a86b0e64050016031ccc,112909,735,0,1,0,735,3292,3.589566561684024e-05,40.9274289147233,1,0,0,0.48609135856295344,0.5622411923268117,0.7939389908916942,1.4761005022003735,4.772706167891451,6.499700929488391,7.932568044367802,666,True,50.35938499999986,42.12275000000045,34.40126000000032,41.37038832,3.71E-05,0.759919649,SD,SD,-0.010707160925114145
H702,Hekla,H702_mesh.pat,10c5506c9ae77d2cba801f7231e62fbaa5c9a9b0cf3cefdac78301889f38ab6f,H702.msh,024e6b0d7dd2a2701edf946c8634209f6528c9920ddaa695f5bc65815669c0ce,114421,742,0,1,0,742,3339,3.595947995261234e-05,40.95166777912563,1,0,0,0.4588678343181199,0.5594761879270478,0.801459970539885,0.9373515190386364,4.760884363841889,6.430062143540237,8.259643315520682,654,True,37.697000000000116,44.39153999999985,40.349880999999996,41.18583407,3.66E-05,0.995480066,SD,SD,-0.005685602736037243
H704,Hekla,H704_mesh.pat,5bfd8a347a25624cdeb30699467da6e4930a25a2c8c0b58a03512d7b358b029b,H704.msh,f8e2f9b9fab4ae674b3123f90e0bf5512f41ddeca2d1c0cb3f46ed5b0da0381e,174006,1187,0,1,0,1187,5022,3.282663179873924e-05,39.72609716823335,1,0,0,0.2232714622501985,0.5492438943437521,0.7874433609543033,0.5627151530589354,3.471495603657929,6.223683325966209,8.257437282227992,1256,True,44.22059899999999,54.50942100000009,30.172759999999926,41.22144075,3.67E-05,1.028480621,SD,SD,-0.03627586893033685
H705,Hekla,H705_mesh.pat,a9e712236f148157cf82cda690b91e4081a6ce917e95d5e478c1ffa48365d356,H705.msh,e7df45efa00d0fa69e26084ee2daf1cb8c93b637a56764e356e142d608432429,106021,688,0,1,0,688,3093,3.55892133559688e-05,40.810625900074676,1,0,0,0.44241484069481635,0.5474230922705298,0.8000561786884727,1.5189084749394963,4.8810910303830575,6.56084257842628,8.859261436392913,610,True,43.33267999999953,43.469339999999875,36.9972977,39.93955832,3.34E-05,0.843096149,SD,SD,0.021809644791151328
H706,Hekla,H706_mesh.pat,4fa0fd27d93fc0629cd1434df3c90f79db5cabefc5a021fa0f3e232afeedc108,H706.msh,d9c57c132255e0737729094353db10f195b4483712ecf90f21e124581ef59568,120917,792,0,1,0,792,3521,3.588843440165337e-05,40.92468044062818,1,0,0,0.43704586977792853,0.5466216323779778,0.7882708689782083,0.849969225655152,4.6472054180147655,6.462788370029169,8.229264977484739,738,True,37.51406200000008,43.96122900000012,40.18405000000007,41.09836745,3.63E-05,0.864904668,SD,SD,-0.004226129166398751
H707,Hekla,H707_mesh.pat,87f2f9a9aa7e6f52086265dd9ef4d4550acc8f9dedb3d3d590dc0f9e17e334ac,H707.msh,199ea8639a097c9deb3cf4255fc8df349c97c7d2e9c629b73cc1104f782e8ed7,150066,1006,0,1,0,1006,4348,3.26205751579157e-05,39.642800837728515,1,0,0,0.323165660956353,0.5474167786772813,0.7939386946153517,0.3263065255249818,3.913747826397312,6.266283066487635,8.504228640786572,1008,True,47.05261999999948,37.11755700000003,44.32004000000006,41.17981291,3.66E-05,1.024830563,SD,SD,-0.03732440639375134
H708,Hekla,H708_mesh.pat,34f311cada6a2101f50f98db1b6303cae504fffabed5481d02ae6ce42a994429,H708.msh,909316f94df37b74bce50d6e99e3e5c957b568656695b9e4b127df6a6ccdef21,130577,863,0,1,0,863,3795,3.4312572619627245e-05,40.31669156737024,1,0,0,0.46184492499451923,0.541240556313715,0.7944495714530391,0.7284281961180241,4.382314619387617,6.40249434377016,8.074596982450842,826,True,43.73309000000063,45.326820000000225,35.030809999999974,39.88965959,3.32E-05,0.892358848,SD,SD,0.010705330197334995
H709,Hekla,H709_mesh.pat,b3b574d848fbdfce016c872a83e80f6c8be251da98dbc70383f491c381932e5b,H709.msh,880ed3351b188ab050cf72ef819d49f4d9719145246c26cc41532a69e9d8c9ca,144185,954,0,1,0,954,4190,3.323808520402369e-05,39.89138590589786,1,0,0,0.47609439812641413,0.5580591101503859,0.8034810423024525,0.660562073437114,4.11451908329567,6.212302901744318,8.1146462854872,910,True,45.755359999999655,45.13039000000026,36.30123699999996,40.56394682,3.49E-05,0.843762874,SD,SD,-0.016580263185103306
H710,Hekla,H710_mesh.pat,96959ffcb46463b0ec52115759d6158fcc2bb572f45904b8a19f34fe77458d1c,H710.msh,2680714ba756d3ca0c6c25e95fc14a9545764ae12b45879008bd0a01777c4be8,144101,970,0,1,0,970,4171,3.3495373915762445e-05,39.99405160563794,1,0,0,0.4294699496680409,0.5472794682404652,0.799331694555412,0.4583377000826465,4.150445833796783,6.199162564710517,8.330414526353541,978,True,35.74732999999992,48.243708999999996,35.6651270000001,40.13987806,3.39E-05,0.82499706,SD,SD,-0.003632957084325983
H711,Hekla,H711_mesh.pat,69f454e57ebb0582e6c4fd95cf9a76f3fb4f47059b7fec0d7c2fd57c2b640344,H711.msh,0a84d511bdebb197f76ca69e2c3c24a50077226fda8af23914b06a7623d75b20,108121,721,0,1,0,721,3135,3.154387331308863e-05,39.20175100304182,1,0,0,0.4755191653498967,0.5467132699949692,0.7876268118229224,0.8331806778463793,4.672110883081534,6.522767692375857,8.126018901998282,704,True,49.81004999999959,45.622389999999996,27.40678600000001,40.23269728,3.41E-05,1.344349898,SD,SD,-0.025624587627900985
H712,Hekla,H712_mesh.pat,8664e91eedb1e9a98bb3e4238b5996e5e69b995c94fc2a88e88d752d298fd9af,H712.msh,511630dcb6041ec3308a8c40ba5674a7bc4276ce9ae7eb21e6ab0caa20b20c56,141217,959,0,1,0,959,4079,3.2593801904478216e-05,39.63195229349448,1,0,0,0.4724397593275512,0.5540543643928868,0.7955979191734615,0.4611363041323847,4.029494690638604,6.326943791082532,8.530481169856827,990,True,43.936829999999645,47.78407999999996,27.738560000000007,39.48635468,3.22E-05,0.653058139,SD,SD,0.003687289309798558
H714,Hekla,H714_mesh.pat,8795b668d190c834b2117a55d573f77f320511d6b8cab476aaa4ef7bf046f673,H714.msh,ef848fa967b32ccd2db1e6876dc3a3c49bf40e78560d7e1859fd3945a38a1cd8,99525,659,0,1,0,659,2890,3.206233688158671e-05,39.4153617555435,1,0,0,0.4414483934658372,0.5590454992255608,0.8069048830870595,1.249292080299738,4.79722440369441,6.4708731735397915,8.480532706297446,622,True,35.10889200000008,44.45902000000024,45.63698999999997,39.87665488,3.32E-05,0.687369143,SD,SD,-0.011567999518632077
H715,Hekla,H715_mesh.pat,c1c19eb5bf9abb2b4c44af4a59d06d6353ecbf0de79177c4601071b64861c20d,H715.msh,f28e7bd4e7b10dd50a1edb3b653f9fed31b45c02dc034f3b07d14df4ba7eef9f,127665,860,0,1,0,860,3694,3.2441573714941565e-05,39.57015611447512,1,0,0,0.511642198503704,0.5709754700594324,0.8077758690902372,0.7401161465077141,4.343745270266723,6.16399742480942,8.12114257023189,866,True,40.112919999999576,47.74428000000012,33.62872420000001,39.70490539,3.28E-05,0.807431228,SD,SD,-0.0033937689613238176
H716,Hekla,H716_mesh.pat,875d788bb3e2db206336f4d060167231442a5434f8714a399282acfd01c06e61,H716.msh,9c67ff695159b5f9d953bf73a1b430794b6c26afa0394cacd910c7810b805b46,103109,678,0,1,0,678,2999,3.152284769219473e-05,39.193039069795375,1,0,0,0.4739136004001264,0.5613855377957221,0.8025080980973274,1.0678552797289689,4.722511742433895,6.484976310720589,7.847259831449137,628,True,33.143019999999524,56.732447000000036,34.729025999999976,39.80603112,3.30E-05,0.99569135,SD,SD,-0.015399476736494666
H717,Hekla,H717_mesh.pat,9011225a38ce73434a379dc649f05430180f0f0bdab7584144df9e4cf60f7304,H717.msh,13ca3a94758eb2896d9f706a9652b759f0b603e2121f7fd044b061ab7c4dfe1f,102857,677,0,1,0,677,2991,3.2353624887900925e-05,39.53436563488565,1,0,0,0.4907316677290788,0.5482616630313517,0.8003791833599343,1.2708680559796792,4.751634628235169,6.470498737806468,7.945549249897768,630,True,37.89477999999963,49.76070000000004,34.8596060000001,39.51042243,3.23E-05,1.553555525,SD,SD,0.0006059971879084358
H718,Hekla,H718_mesh.pat,16e864864001a3d59483b241294d4f8f4b7227caf986e05ff5163cfeb4d5296a,H718.msh,89ac4098130a1e70d8725321c254a54650ccc9ccb8184ab249e0a96d0a522217,94933,612,0,1,0,612,2773,3.2949738997245206e-05,39.77569579586472,1,0,0,0.4801188140338566,0.5527560771175972,0.7962475955022054,1.8422653162353955,4.9347295823409745,6.646967309028626,8.161096388080614,532,True,43.557259999999815,40.146090000000186,35.43385799999999,39.8127716,3.30E-05,1.206258624,SD,SD,-0.0009312540334488473
H719,Hekla,H719_mesh.pat,40746616690b304628e678c7f26a172c1318b1c78341e80090a92b931000b94e,H719.msh,85135e203650257b856f91ab53e9f80acd3cd09ad7a9d3c1f2e6837d84588553,110641,733,0,1,0,733,3213,3.170961612714402e-05,39.27029111394859,1,0,0,0.48707083963405623,0.5597996640635905,0.7971691227203396,0.9047647022161379,4.565443329977954,6.445046683765234,8.179608233531889,696,True,35.85163999999895,48.78041999999982,35.90021300000001,40.07838059,3.37E-05,0.962040272,SD,SD,-0.020162727738880726
H720,Hekla,H720_mesh.pat,12e32fe9b480a645b7de9e18b2cf5b88e35fee57d935bcba95f82178c880b5ab,H720.msh,495747b2f6ceb41a4bd36f41fb9302bf0addff1e4f04e93c8146b06b6763bd3d,196238,1369,0,1,0,1369,5634,2.6361432591019572e-05,36.9252514899115,1,0,0,0.2144299374742515,0.5394853362033247,0.7827134485737024,0.4060665672337554,2.7161665001481863,5.7950001298726015,8.329888187617923,1538,True,39.402069999999185,37.584356999999954,50.20345999999995,39.54677928,3.24E-05,1.361221378,SD,SD,-0.06628928670847001
H721,Hekla,H721_mesh.pat,a2320fbfd40cfa342fc5b86d53f2e0ff8aa6eef02fba117b6a25e7f697b6a4b0,H721.msh,4119a54d050caa8c1bb0cef9a2677011681925b0fd9fb1813ff6801a38337686,173726,1184,0,1,0,1184,5015,3.038661080216111e-05,38.71636245770619,1,0,0,0.20823918633872923,0.5488745782991645,0.7853385403905406,0.4815467879656664,3.4006154468951966,6.028581931345544,8.208864891995088,1252,True,42.612010000000055,47.677329999999984,31.97502700000001,36.9432,2.64E-05,1.227214036,SD,SD,0.047996991535822264
H722,Hekla,H722_mesh.pat,daef85d9f4b77048ebe6298030592f6e980e579695f67bc89eb0435921fadc85,H722.msh,2978472da5958511375a99c9a5cca900faa16ba5c441faa41d413320518b0297,100869,659,0,1,0,659,2938,3.1843899681197394e-05,39.32564685475675,1,0,0,0.39179493550906225,0.5581315796183759,0.8010335313834476,1.0664667258111309,4.780613821189061,6.501665892889832,8.03576179818532,598,True,41.61186999999995,44.84195000000045,34.2119623,38.89696749,3.08E-05,0.844069802,SD,SD,0.011020894234671452
H724,Hekla,H724_mesh.pat,ef738393878be6db34fed095f66624755a300537685ca493b09f73978b759231,H724.msh,9ea2ea019aa6b38397c07ce7d4bfc72170765f388350d1eef9e2bdb190a55485,129009,879,0,1,0,879,3723,3.0088936919024464e-05,38.5895227178137,1,0,0,0.466993388361275,0.5570204465033384,0.7976557458470787,0.9445898984446408,4.031991008682798,6.284973707978209,8.201405586340263,916,True,46.886784000000034,42.218459999999595,30.612081000000046,39.62492418,3.26E-05,0.889545423,SD,SD,-0.026130055353112858
H725,Hekla,H725_mesh.pat,a117680457dfc07459a9374891c6095ce5501e30c85338f035e4f8b5bc034f57,H725.msh,0517e96a025714a672c2c4ce21f7acb230196b64c6d43ee7c59ac36658cb58b8,104229,697,0,1,0,697,3020,3.067346140870197e-05,38.83780901460471,1,0,0,0.44981175574117566,0.5611303449133143,0.7988919350147763,0.6812756941089302,4.605020135014199,6.490040773553627,7.933204490138505,680,True,42.874127999999985,45.08854000000065,32.462369999999964,38.82611343,3.06E-05,0.799320051,SD,SD,0.00030122985721448003
H726,Hekla,H726_mesh.pat,9b7313726ae041614a218e142957a8532351a2deba5261dd494d52b669095878,H726.msh,5b0e68497bff7b9d7a6976898b6c8eb768bbf5473343d440a3cb907d6dbfbf1c,137437,930,0,1,0,930,3973,3.057849694461406e-05,38.797687203310296,1,0,0,0.3784185187607481,0.5283093638112195,0.7890920707640204,0.3399045846944229,3.9453641877987318,6.3226459354972375,8.541036890065016,952,True,43.14379000000008,41.80162999999993,32.593906000000004,39.12466293,3.14E-05,0.80164834,SD,SD,-0.008357279071636081
H727,Hekla,H727_mesh.pat,fa6d4dd7fcef33190837d855fb442f8f6d93f7756078becf4d20d72b6fbe9ed3,H727.msh,8509a4abeb713914537d96592ce2d8c7222a6410b1b12308fec63fa4f2336b90,100477,691,0,1,0,691,2892,2.8134433831668657e-05,37.73518810388982,1,0,0,0.49307310831367934,0.5483768625148312,0.7935054079039878,1.0035017060773481,4.506764223309128,6.403722926330795,8.82328661996714,736,True,36.17262000000028,57.22722999999996,26.751819999999952,39.04674918,3.12E-05,0.810746513,SD,SD,-0.03358950754297285
H728,Hekla,H728_mesh.pat,38f5452278f725ef75abcf4d9cccd4bb7ebb3e047a7d967ef07e9d9b0579d609,H728.msh,458303a6c723a86ea26bf30d2fffeb13c80801c7ef677632ab79886696cf0fc4,99357,669,0,1,0,669,2874,2.8557718214533847e-05,37.923489685754205,1,0,0,0.5236201306521403,0.5656418458644541,0.7997536194625487,1.3232540994948907,4.577634941943666,6.348903159572409,7.825931708800038,670,True,32.76779499999998,57.25050599999997,28.252055999999925,37.99063283,2.87E-05,1.196639439,SD,SD,-0.0017673605108461388
H729,Hekla,H729_mesh.pat,b99ced24be246f052f3f67114104e54c9a9b5ba9d6e11160f7ed5977cd160ee4,H729.msh,06ac957030250937279e1e9188e93b0b710616cf9ca0572c9775c1440aa0d559,111285,739,0,1,0,739,3230,3.0264563310213407e-05,38.664458288407225,1,0,0,0.4905346159509095,0.5614816494682171,0.8029603812102908,0.7683092277201816,4.448902427659585,6.360473202278014,7.910608058335328,712,True,39.518940000000384,41.18087000000014,36.09751000000006,38.19976326,2.92E-05,1.499127991,SD,SD,0.012164866709889255
H730,Hekla,H730_mesh.pat,f09ad539210de40746005f41cc276fd15b57efc2ee30351be8ffceff74b1eef2,H730.msh,5f6f287c47f306e84442893dbd5da461db5567ba742d7e0d5fdb87ff4a02e528,201838,1407,0,1,0,1407,5796,2.6673164926870213e-05,37.07023245372389,1,0,0,0.14362541028814357,0.5335363784024567,0.7761113135230161,0.4238252552042736,2.6010894577318417,5.84042997311737,8.26985537719013,1588,True,40.096939999999904,51.09617000000003,32.228538000000015,38.91942914,3.09E-05,0.958308788,SD,SD,-0.047513458628188676
H731,Hekla,H731_mesh.pat,53438919c8e6a888a63d9a30f97e9a3376a70e034419492714d3e3e9c968b321,H731.msh,5bf6ab377b13092917674def55e6a6fe3ac6ab33ba0c2102b3f91fcc0db3d74d,160566,1110,0,1,0,1110,4619,2.7861127298359885e-05,37.61259988634397,1,0,0,0.2718557142725775,0.5408762384516563,0.7868548293474863,0.5260851962373785,3.224057903372829,6.136332398141516,8.706908964093177,1218,True,39.98483999999962,50.66217000000006,28.61110000000008,37.26582756,2.71E-05,1.025498592,SD,SD,0.00930537033655443
H732,Hekla,H732_mesh.pat,a41bdea370d5e68c6da5cabf58a79abb4d0481d93ea0f412d3c13e1edc14872a,H732.msh,60465af0ccc3340ab5f1b806f4cefb1288975b8da95f4309af584fe890a7cfb4,162302,1134,0,1,0,1134,4657,2.6807838357713708e-05,37.132517234240254,1,0,0,0.48289072021482116,0.56209393195887,0.7864051131168892,0.6345664662582772,3.2215587524983125,5.958040135071975,8.741076481057734,1286,True,42.0299200000004,48.56133,33.29887000000008,37.82357649,2.83E-05,0.909784692,SD,SD,-0.01827059521836738
H733,Hekla,H733_mesh.pat,e57014bde6d2f8ff39dd3c6a617d46928b7443f130bec6d68d24ed736079e92d,H733.msh,c12c97b6c8a1716b87a6c8b85704770d1206947d87cc9e1934caa81b98d8aaba,95045,639,0,1,0,639,2750,2.8694963621356903e-05,37.98414473032014,1,0,0,0.4592656116865827,0.5447106692314432,0.7925458980606748,0.9668653355091594,4.670732765847365,6.4974590799499286,8.36088045992188,636,True,35.52924000000007,47.09400000000005,35.365904,37.30888542,2.72E-05,0.92756656,SD,SD,0.018099155274098777
H734,Hekla,H734_mesh.pat,96952fd54399b5724acb0318c4f9a6ed36614afd6412f171b0d6bbf71c699693,H734.msh,2146fa72b1d31efb9b11c7ce6e3e0a296a9605ce039e9da2b00aa91f72c236a5,96697,655,0,1,0,655,2793,2.7959778845999536e-05,37.656940881331,1,0,0,0.4434982204149166,0.5494838637693925,0.8004645557251922,1.0660817209296654,4.604926837953117,6.446209840033274,7.875793588845828,670,True,37.80263999999988,48.43993999999975,27.805339999999887,38.26096882,2.93E-05,1.335676244,SD,SD,-0.015787052897449305
H735,Hekla,H735_mesh.pat,883c7df24fb1d6b55902a2a469c2c5ca93166cb6e47d83c5ccf5bb9a1508ab09,H735.msh,fde432f69a6abf94009e0e928afb80843405bc21c89afa237d0130908e876709,95129,641,0,1,0,641,2751,2.7785850507172284e-05,37.57869470601883,1,0,0,0.2502153677680688,0.5471633990184017,0.7905889497250298,1.17463322075461,4.602564363992629,6.504288069090185,7.998907634071035,650,True,49.36221000000023,40.76202999999987,29.27458999999999,37.91063894,2.85E-05,0.942644839,SD,SD,-0.008755965166045487
H736,Hekla,H736_mesh.pat,8850552bb35274c3f574d8ac69adbb88751e7779908ac803199dd68061874fce,H736.msh,e1c73c5dc3f43e6380ae2fea1aa6a223cfb8c12ca74061cb8c131608e427707c,123605,840,0,1,0,840,3569,2.8680015782368647e-05,37.977547992004794,1,0,0,0.43282366040876397,0.530679728750173,0.7957931475810766,0.3912241868836064,4.170990205445268,6.188178948593349,7.784559826783674,870,True,41.362520000000586,39.036548999999994,35.69459000000006,37.85146954,2.84E-05,0.885489044,SD,SD,0.003330873372606069
H738,Hekla,H738_mesh.pat,0e29f3a448716611a9907f48b13b9d507d19b5615a87a7e69904faedbee65ec2,H738.msh,51f2fdb6c394d08ac39b5337af5dc0ce9c66660035db9651d9e27e80f4f417b4,97509,649,0,1,0,649,2828,2.8258697421940365e-05,37.79066251273742,1,0,0,0.5018056238918361,0.5438747442776574,0.799781636935766,1.3473125323936235,4.594332449006398,6.3743270617109165,8.000669697924488,628,True,37.121347000000014,45.28760000000011,32.379990000000134,38.22256637,2.92E-05,0.973845311,SD,SD,-0.011299708478015091
H739,Hekla,H739_mesh.pat,9624ecb9e455ad0198c45d1dd61fdebd2405e828888b6345b210b2c59e1ddf92,H739.msh,168d60423d61cb16fef1fc467be2cdd0b18fc6b224d8bbbab658c9c9f0d0c028,97873,658,0,1,0,658,2832,2.7662368830426213e-05,37.522944854371275,1,0,0,0.45748989085499836,0.556382530250711,0.79926942757901,1.2429142983123012,4.548479506888939,6.375262865032804,8.162879998081355,654,True,34.744660000000295,46.04887300000007,36.522269999999935,38.06419321,2.89E-05,1.075597924,SD,SD,-0.014219357090866414
H740,Hekla,H740_mesh.pat,e4b76c8d4d207c68ec69c75c57710474ff6289dd4995018f0fb78e3aa03a95b6,H740.msh,1fc70ea063a0b0ed274b3480d9f6628f525c8c6dc90436fecaf9b014c2d56083,186606,1346,0,1,0,1346,5313,1.9063114955599195e-05,33.14350352702219,1,0,0,0.3247196213220808,0.5403868010924034,0.7789671066467637,0.49571346370675384,2.4334252950724626,5.586976111705562,7.90256466108266,1650,True,46.90835000000061,56.52084999999988,15.70315000000005,37.5399,2.77E-05,1.205699074,SD,SD,-0.11711263143955664
H741,Hekla,H741_mesh.pat,737d6209f62a3bc7a940ce6bc4925f478a94a30ee23f41fc68e13cc419b0b8e2,H741.msh,7e8b50bee4cb08ad386a319ae494a9f16b098169176aa61f5e9bca61e01d4e9e,99777,669,0,1,0,669,2889,2.681834273817506e-05,37.13736660140604,1,0,0,0.3133032633198121,0.5537472213098742,0.7949884395649689,0.8519782919185076,4.4933791153873734,6.348041064067894,7.741524198708976,666,True,34.597729999999956,47.2195899999997,31.29514999999992,33.28684513,1.93E-05,0.409192476,SD,SD,0.11567697258085086
H742,Hekla,H742_mesh.pat,134c275ed087a27c851626037372d96273ea26829c12feda665e5e80e4faf80f,H742.msh,737cef204fd3fe98c86f881136c8f23bdb3c8383996510212fc616c9eb1656f1,160594,1157,0,1,0,1157,4573,2.165209110781045e-05,34.580696890217645,1,0,0,0.06608521985833075,0.4569162807686858,0.7767419506483433,0.004214320822870488,2.8240709028458544,5.87541395589613,8.121704269252868,1368,True,31.682940000000144,63.64763999999991,33.53430000000026,37.41036529,2.74E-05,1.235468919,SD,SD,-0.0756386198810719
H743,Hekla,H743_mesh.pat,d389d2177b3564afbaf88a7729963395478c97e845d429f81a6443f37ce6f911,H743.msh,0c631f98323452ccc1cb14a7ac86af4f4138bb49f85beececd508c258540e34e,123101,866,0,1,0,866,3525,2.3610373078047533e-05,35.59328530393277,1,0,0,0.48459941261823636,0.5513605886918564,0.78497800786731,0.4457497624778698,3.567207276722674,6.161769115368715,7.971877481164946,980,True,35.295318000000066,55.68482999999924,21.834009999999807,34.606,2.17E-05,1.794392043,SD,SD,0.02852931005989623
H744,Hekla,H744_mesh.pat,afd14f2640f55443fe5c4dc94216dcb677a21018e484b1301699a0dff5dae384,H744.msh,255c7cf0e40488c008c1d068a38e190bc9f85f477bb2e24cda9a4a6790414a87,111313,744,0,1,0,744,3226,2.661253106381411e-05,37.04212159478628,1,0,0,0.5065873292834672,0.5615089565778575,0.7965951746326015,0.8490780633045897,4.172711248816384,6.202119495738874,8.145653300799129,730,True,40.55882600000001,41.617591000000004,28.38025000000016,35.82313409,2.41E-05,0.977635376,SD,SD,0.03402794132204523
H745,Hekla,H745_mesh.pat,7c39e4f396dc64153aa76c5f4f73123bdb615a06b42cecb9d25fc19bd1895c7b,H745.msh,d4a8f65af82fface4e7f38f8c950bc01d8923dcd4b1c416195c483ac0a647f03,115961,754,0,1,0,754,3382,2.714847855891611e-05,37.28913346818941,1,0,0,0.4188686228081701,0.5255212488077917,0.7780099242271084,0.4681599116413604,4.2676281476714495,6.2905846131124195,8.249416053195059,684,True,33.79851599999995,42.81357000000003,34.528993000000014,37.29047679,2.72E-05,0.71983362,SD,SD,-3.602318678175287e-05
H746,Hekla,H746_mesh.pat,0c0f2ef067acc8fde2fef42a9063c21597f91fb6ba1d5677342d0f069452f7f9,H746.msh,d054a738119d672eef23b06d2388b14264f8690e2ac43a4387b1255e6e8c091d,90201,604,0,1,0,604,2612,2.6763048334553185e-05,37.11182560657034,1,0,0,0.4440366853101771,0.5429860742349637,0.7976048273379989,1.1653470989089885,4.684805800948546,6.42422926860675,8.357415269601969,592,True,34.85317000000009,41.03068999999982,33.94434899999999,37.59481714,2.78E-05,1.214525741,SD,SD,-0.012847290402585032
H747,Hekla,H747_mesh.pat,7e8fe38a5bc698ec9222bd1963add2c53fdb8a7f8d84b0d5a46d9a544f20a13d,H747.msh,80b801f0a90427f03d6de7490d847fe889c17d353ef6ce5a8e241f214611c9bc,105881,732,0,1,0,732,3044,2.518437953195028e-05,36.36728481227164,1,0,0,0.22746466669218657,0.554810604362859,0.7977551831331011,0.45234526763314936,4.15155589143252,6.3954220686263215,8.143614636045747,798,True,42.433974000000006,43.28266000000076,28.739796000000013,37.40104638,2.74E-05,1.142806544,SD,SD,-0.027639910317620253
H748,Hekla,H748_mesh.pat,8e3316cf3c5acfa8dd22c2aa7cfb927341a9258d6d249d160446cb610f0fa247,H748.msh,38a7ef4f86cb49b9fb7384dc5afa0c1f6cb9d37379b2e4e9765d0974c36786af,221578,1550,0,1,0,1550,6358,2.3323776850344293e-05,35.44868139509148,1,0,0,0.38293391531002074,0.5399642430586803,0.7834158079962763,0.40311668521712846,2.208112681576751,5.5684253092288305,7.9683373797410955,1758,True,47.35671000000002,39.11642999999958,26.125575000000026,36.61820434,2.57E-05,0.699458469,SD,SD,-0.03193829315193897
H749,Hekla,H749_mesh.pat,17fd521fd5befd919e013e5cfa5fe55623d56cc9e53b004bf94e6e83e17d6b82,H749.msh,e193928f5df071e64980d108c958c2f6671c5610492df3d7a77e8c9ffeb5ee74,91909,626,0,1,0,626,2651,2.54005885740004e-05,36.47106000209298,1,0,0,0.5008614721815547,0.5435768112222148,0.792636157795092,0.7594137016863178,4.498320344524245,6.456178420530087,8.245927885526434,648,True,36.42419399999994,45.231279999999515,29.291420000000016,35.6222511,2.37E-05,0.817508017,SD,SD,0.023828053418358586
H750,Hekla,H750_mesh.pat,74e1fabde996db8d702ab865b77034763e13763755c2aad80e0295895e2d7bd9,H750.msh,db80f6bea61a6562039c0c7456bed2543fedf9906c8b0721bd89de3ecdf26870,118621,792,0,1,0,792,3439,2.571950778017053e-05,36.62306407693461,1,0,0,0.47114613313255127,0.5456255170267368,0.7857527679679607,1.0478682133209716,4.054719659902265,6.0417769591398205,8.037899833895226,782,True,32.8799444,42.293329999999514,37.62499000000025,36.75230435,2.60E-05,1.006922728,SD,SD,-0.003516521626361402
H751,Hekla,H751_mesh.pat,4c20f9d5050e6529ec042812f574dde3079685952d64b9e62a359d5ae37ffd10,H751.msh,0330db31570263150b0b72b26b4cd0370953597ae877804bcd16eabea929d4e6,205590,1469,0,1,0,1469,5868,1.9013336604530923e-05,33.114629842989984,1,0,0,0.17751638807266729,0.5427559498845063,0.7772747808161553,0.45692348812514494,2.256931476474164,5.416265267182633,7.979062176352149,1756,True,44.628490000000056,53.2859099999996,17.820929999999862,36.85034184,2.62E-05,0.989332203,SD,SD,-0.10137523318589692
H752,Hekla,H752_mesh.pat,171ebd5cc5de967cf90a9c8096c60566ea8df4e9920003ace01cdde81a552c2c,H752.msh,6ed77e728e0c34bb1f73e926df9c76a95e22afe5d43819cc82868c0a34e0fe2d,145782,1016,0,1,0,1016,4185,2.4073770244819702e-05,35.824639571551394,1,0,0,0.21784429973748085,0.5505596906181193,0.7894372026710962,0.3901223605537879,3.2452292710900608,5.945499092745442,8.440866906570056,1130,True,39.95173999999997,44.30395999999996,26.976656419999994,33.24442357,1.92E-05,0.479612588,SD,SD,0.07761349797864425
H753,Hekla,H753_mesh.pat,0f8846548b51e4a5f12876d09c1b824d7271d5e05158c4cc9a0f31a76f608595,H753.msh,80d2846b1118b5617769e4f8d7aaf2d85451a8027c69ee4b7f01e553b4f83c5f,131333,987,0,1,0,987,3698,1.850141585437754e-05,32.81472589098084,1,0,0,0.04579859490357673,0.1499836782234404,0.7702603370059891,0.12109025105674774,2.997325355987225,5.7741481527439165,7.792010248968524,1292,True,30.91877900000003,45.455920000000106,41.5786260000001,36.04114096,2.45E-05,0.752552273,SD,SD,-0.08952033656759018
H754,Hekla,H754_mesh.pat,a64ce23e8d688e31404eab5ed18cd25c51def0bc4574164ed6ae9f12c733580d,H754.msh,4a38856b156bdec1bb58f101758b5803fb586c1ec569b4cc956fcac2a31435d8,103585,728,0,1,0,728,2966,2.3641377907134232e-05,35.60885869921105,1,0,0,0.4842704436063255,0.5620541106985216,0.7957921172247732,0.47760208715654207,3.972607484224946,6.282739917065835,8.14529656701321,826,True,44.65544999999997,43.390789999999924,27.148532000000046,35.83817003,2.41E-05,0.649644875,SD,SD,-0.006398522318438626
H755,Hekla,H755_mesh.pat,851cb45733b8f47bc6c1843cc76695925a338c9e91223144d6fa4395766e6d57,H755.msh,b29d93f9f5e05a7d3c19ea27fa10b55f1e4ee2e7c484d2fc3f11318ed51a6706,102689,715,0,1,0,715,2947,2.4489628969836817e-05,36.02974549288169,1,0,0,0.487591469126536,0.5625452725786801,0.8021070220964955,0.8757146634244029,4.118512132863915,6.233925864878499,8.365835063266747,786,True,36.1534200000001,45.71010299999995,31.094750199999993,36.27102093,2.50E-05,1.109318195,SD,SD,-0.006652016704573938
H756,Hekla,H756_mesh.pat,761906a046760bf43ec3ea546c47c2ba03f92a98c988979ec9b76a6e9ed56cca,H756.msh,56dabfc251466c13f4f9ce3633ad08d3795601360af15e908f7adef92b39f52e,76285,523,0,1,0,523,2196,2.375411125160423e-05,35.66536896823546,1,0,0,0.4590246133979893,0.5501584449875618,0.8007480500347257,1.198598394252705,4.723958875526497,6.556542673254036,7.884802226969423,544,True,31.537717000000015,51.12439499999999,32.69325700000002,35.98289667,2.44E-05,1.490231975,SD,SD,-0.008824406347176406
H757,Hekla,H757_mesh.pat,b752a36fe2cd68b00f8a2d858fd1839271ef72a09e4340c3bea6d5ba912d71a4,H757.msh,0d69587103cf7cd861c92cc57ea23245424be4bc2c94c30f954779575a3e2ce2,121505,825,0,1,0,825,3509,2.3586845547701457e-05,35.58145857544783,1,0,0,0.45340685871416503,0.549270561218221,0.7924386136896439,0.7702163239635663,3.7782257985390384,5.981244311225692,8.154708241807597,858,True,27.879809999999907,38.81901000000016,45.24425000000019,35.80826819,2.40E-05,0.833850664,SD,SD,-0.006334001224206243
H758,Hekla,H758_mesh.pat,b5d74b93fdefef02d087aca5a63e320bd28c2aba57a4cbce76f5b53e23b14de8,H758.msh,6fd54b012f38a422c9d144c0ff93da911bf1ec0573a40068d633add8e104af6a,100757,683,0,1,0,683,2910,2.43843809073599e-05,35.978056861143045,1,0,0,0.4552312349342199,0.5576370372199919,0.7979405813719171,0.9929245353384019,4.2044377941022715,6.193777535704655,8.153853235482854,700,True,37.56411400000002,44.244934,31.00010400000008,36.23348691,2.49E-05,0.976923576,SD,SD,-0.007049557485080515
H759,Hekla,H759_mesh.pat,d325cd86bfc209215efb030f702f1ee712784da1db31710cfb80caef0166f147,H759.msh,2fbda1c4f14920ea13dfcc93b419469f856328f79feab70ec53029fadcec3716,187250,1315,0,1,0,1315,5367,2.2871175117070047e-05,35.217886186512146,1,0,0,0.16735221975400913,0.5155825158270453,0.7718163714028589,0.1185268919526734,2.2987022860953843,5.850882580014063,8.297931490625995,1514,True,42.38801799999999,45.04412000000002,24.890300000000025,35.41857294,2.33E-05,0.635562408,SD,SD,-0.005666144534615225
H760,Hekla,H760_mesh.pat,cfba83ebe7b7dba5c9f5b8f307eb4261196ac6a6a4a441fd5ae68e28c4b9f51c,H760.msh,50380ce1ac2e2fbde1eeba979f164d9e61af996ba312ff8ae8adee0f287c1f8a,97145,674,0,1,0,674,2790,2.4592049045307106e-05,36.0799032808587,1,0,0,0.5310443207021263,0.5773119724586679,0.7948180553433595,1.0337619938341798,4.2491725512009975,6.291699807695915,8.441819634150148,734,True,37.825039999999944,44.29410000000007,31.56114500000001,36.32336686,2.51E-05,0.970449969,SD,SD,-0.006702671040371144
H761,Hekla,H761_mesh.pat,0a9b9713e3c700a1fabfbe1ae2014dfe34eaa6401a2732daa5729b33a551e88d,H761.msh,7541198d127d29d1f02b8adb4656a7e9dedce59394e0c58bc4832465c7f372a3,101989,704,0,1,0,704,2933,2.3575082597371936e-05,35.57554267166968,1,0,0,0.4787821539674405,0.559341719054267,0.8018363961458062,0.8783838100734616,4.078066589941128,6.266714874325065,8.114508303883598,762,True,32.687479999999596,47.977350000000115,32.939389999999776,35.82792492,2.41E-05,1.41068124,SD,SD,-0.007044288746665184
H762,Hekla,H762_mesh.pat,e118bf2867cc52eaa3ad99740f6c48679287596cedb91d88886b3d650e067793,H762.msh,a46623d0b4d25d6071d8aa8f3a601aa970c5057602cc6f0d4b3eae3ee2d5f6e7,134273,934,0,1,0,934,3856,2.2814739961737018e-05,35.18889534442704,1,0,0,0.43597199315988167,0.5513117310953698,0.788746352630559,0.4881675190953092,3.33408489851429,5.970189759799012,7.9538885197115246,1040,True,40.89495999999963,43.87934999999925,28.300719999999956,35.39000785,2.32E-05,0.743701009,SD,SD,-0.005682748261186532
H763,Hekla,H763_mesh.pat,bb239050eea6d8036af8a19d1f51c26568ad85e99f2a31b312292cab9c0ab162,H763.msh,0c05585f49070a136a688d454353592581383b0ae96427b81538e22a37660611,119881,834,0,1,0,834,3442,2.200339252371299e-05,34.76671637652384,1,0,0,0.49083980891227535,0.557569283236531,0.788778549573373,0.5095049940872266,3.566710262945224,6.078832048499744,8.498206902082707,920,True,44.12473,41.63588000000027,31.121320000000196,34.6476,2.20E-05,0.789385861,SD,SD,0.003437940189907618
H764,Hekla,H764_mesh.pat,8c85a53518a49350e5cf43956ba3b96cad5d2e7613456e14ac587d4eb2a920e0,H764.msh,5b2c7e1d47da830f9f434c24510bfda895e5c6206d1bb12dbe25b9a634ba67a9,122513,872,0,1,0,872,3498,2.186988276752855e-05,34.69625579155866,1,0,0,0.23713337313391836,0.5294574506333221,0.7882808571623664,0.5008087581099755,3.417651453130183,6.064189935521342,8.08890400857935,1020,True,35.316589999999906,51.64117000000033,27.28510700000004,34.90930653,2.23E-05,1.129862364,SD,SD,-0.006102978249030833
H765,Hekla,H765_mesh.pat,2ff9e4d5b93188b0d78e776f649ac1eb24d1e976d01d1215863b41e9c828b131,H765.msh,8f53eb306110a9ab4cdb97300c5d2da8767e9f7e2d9099e9dea0d352e4f8a91d,135029,951,0,1,0,951,3866,2.1898965767304327e-05,34.711628899957034,1,0,0,0.39095828472391075,0.5290660195338555,0.780329297993053,0.5205437112755094,3.132142501003974,6.079326466550441,8.078912185296785,1092,True,46.53960300000006,40.137892400000005,26.987209999999777,34.92235869,2.23E-05,0.790799549,SD,SD,-0.006034237031741774
H766,Hekla,H766_mesh.pat,bc2e83d4d32300a1dcaa540258a0e0e5a3e5fa9b5337e3dc4a149e0ef9173866,H766.msh,05d6e9cb69ecd3ed96a829f79c923920a40eb849c0ab85cde96cd5dd6e9e12d5,103025,724,0,1,0,724,2950,2.1832736877491666e-05,34.67660085190085,1,0,0,0.36010377907100505,0.5513192792629313,0.7883906528490974,0.6457166810604845,3.8298073291615835,6.25967512569951,8.132080024673819,816,True,32.386819999999716,53.47743999999966,27.13688000000002,34.92552037,2.23E-05,1.381836332,SD,SD,-0.007127152737084641
H767,Hekla,H767_mesh.pat,9c369c44a1459411475f1834515634f4a484eeaa1cfbd4cce883eb9ec57d6ed4,H767.msh,10a1212f6ae8327444dbdd979dfd4bb1f68636270770cf72891e42eee9fcc0d1,96921,653,0,1,0,653,2803,2.37889496676601e-05,35.6827963797695,1,0,0,0.450612367459091,0.5569097243570111,0.7906305400834568,0.45900799954786037,4.335746606127601,6.39411858314145,7.809776009358944,660,True,34.16071299999987,38.46049999999968,32.43990000000008,35.98329667,2.44E-05,1.076642556,SD,SD,-0.008351105041496498
H768,Hekla,H768_mesh.pat,675342a5f6e607eb35b0d158440c331725045d9fba02f8a2765829bdd4d31f11,H768.msh,798d4c08ee4436be6503a94d94802da687fe359b31106924d382c1bb81d8fa9d,75473,498,0,1,0,498,2192,2.4094712082788984e-05,35.8350245445073,1,0,0,0.4831500613949145,0.5498538096809354,0.7971996596236481,1.857937372685893,4.823153294936278,6.50204486918491,8.090692643936096,466,True,32.61193900000006,40.69488999999976,32.13251999999966,36.14878751,2.47E-05,1.214357581,SD,SD,-0.008679764581478788
H770,Hekla,H770_mesh.pat,0b74daef077fc4b18a758443f038ac9610f4feac328fdbeeebfd40ef57d27014,H770.msh,0dfa234663247236c8bde36fe84d92a2ebec3194cffd97dc2dc8017ea2fa3649,80793,558,0,1,0,558,2322,2.218001596181647e-05,34.85949387895922,1,0,0,0.4996513630839174,0.5484782289401207,0.7829588261017872,0.9702820739351358,4.485312283899343,6.472695994992699,8.11925879654057,600,True,45.615499999999884,41.50675000000001,25.996810000000096,35.1378452,2.27E-05,0.690743883,SD,SD,-0.007921695808506213
H771,Hekla,H771_mesh.pat,6150222f41a9c83e13775421bef8b61c774cd5f6aa9cc21d4fe53067797eabd0,H771.msh,9986072fa69602a031a360d41e5937ffefa44c32d2831e44372635af476e602d,109157,760,0,1,0,760,3133,2.21010582896642e-05,34.81807976625554,1,0,0,0.15013233345074367,0.5433065724766106,0.7876590272253545,0.7534847168377289,3.7597979294727484,6.236757397817115,8.225080951583147,840,True,36.91185199999995,41.760299999999916,31.157876000000044,35.05620056,2.26E-05,0.949874701,SD,SD,-0.006792544255812993
H772,Hekla,H772_mesh.pat,25013c04c8e419f721427c9b859766aa9d0f5e8bf69c2ab523c552bfeebe37be,H772.msh,3caa7f7fb0dacf97d71ac04b38ad855d21a9088bfc938eb86fee901266577c7d,79589,533,0,1,0,533,2304,2.33938701951621e-05,35.48415637786973,1,0,0,0.457739363066544,0.5366128345272515,0.784624049847702,1.1888203844986138,4.660533377490526,6.447351060041793,7.97667228803455,526,True,32.11509000000001,38.91928000000007,38.4545700000001,35.77775421,2.40E-05,0.840887362,SD,SD,-0.008206155993106035
H773,Hekla,H773_mesh.pat,1f26f024682f7dc4ff3610e9ca54974deb150a3b463f094e9772778bc85ccee3,H773.msh,c55964ec0fcd13f07d3f2bfbe99168406e93532725642b251e33c1ee2b2f92e2,106161,718,0,1,0,718,3068,2.342542367982008e-05,35.50010280258098,1,0,0,0.4167996017488933,0.5095627038930526,0.7909836603269298,0.4328119201224344,4.043712634355869,6.131407606379001,7.764314578718669,734,True,35.15120999999999,34.233180000000175,35.383980000000065,35.78518983,2.40E-05,0.983490706,SD,SD,-0.007966620514613498
H774,Hekla,H774_mesh.pat,9608e0aea84e423f5933c6822af95a1f7d8ab3f6b9dfff11dc9269a253305c62,H774.msh,7d8cc7793132dd324283e91e0f3e0d312e7de677903449010cde326b58965bdc,126293,908,0,1,0,908,3597,1.8864840168216893e-05,33.02819468607837,1,0,0,0.3313793341417703,0.5438387583780298,0.7837438161396478,0.38940670679950473,3.0847825460800147,5.930629353053492,8.347388239760411,1090,True,36.656699999999546,50.92924999999968,18.247779999999693,33.19959967,1.92E-05,0.700233616,SD,SD,-0.005162862975016891
H775,Hekla,H775_mesh.pat,f1467375434f376272a463119e71aee5a5f0ca4384de7228412b50f7bc83dfb6,H775.msh,ce1e6cc1fec461e168b6a1428795e7a22155af53b62a33780e2dcdf6aaf45505,142926,1034,0,1,0,1034,4065,1.8577719494645783e-05,32.85977557346126,1,0,0,0.22193201988478575,0.558933030572391,0.7870112793652523,0.4615504788384628,2.6170241743936096,5.841636811173878,8.28398171735094,1254,True,49.64819,43.974390000000085,26.211579999999913,33.07670391,1.89E-05,0.680020261,SD,SD,-0.006558342001941497
H776,Hekla,H776_mesh.pat,a1389b759701683bf3be8165e0c623b9d4884f904f86ca00d15f25775ebb244b,H776.msh,b3259ca7db1847e27da466a7ab5948b3870355c6de7035d5e5618a756afa38cc,124697,865,0,1,0,865,3583,2.066482543943893e-05,34.04691027682507,1,0,0,0.4394796425341257,0.5442692177705025,0.7809207388359468,0.39633368952086045,3.2091466484486784,6.077997368416915,7.966202983711529,954,True,30.861676000000017,46.444320000000516,31.05269999999996,34.31199825,2.12E-05,1.486037604,SD,SD,-0.007725809824408292
H777,Hekla,H777_mesh.pat,7fc0e2deb78284751daf6e1969dc87f0cc69a6a93c49c9a11b332168f7cf6a68,H777.msh,742e1123e07d0d46996213daf948e37ee1a2be0066be04f70e5e3d8827080502,82781,583,0,1,0,583,2368,2.0777033362587477e-05,34.10842284096224,1,0,0,0.1617686529910803,0.5645955721187473,0.7986368876442967,1.1541061079902963,4.223187815738218,6.290322909970318,8.45122294999981,658,True,37.839710000000196,40.93357999999989,30.202009999999973,34.34840357,2.12E-05,0.868657519,SD,SD,-0.006986663253466641
H778,Hekla,H778_mesh.pat,02b740818b47c5af262a85de9d330d7bc3faf4622a4fdc5912d7636b41b46d43,H778.msh,7eb44cb8b2647bee62fc1926eeb2879d51a3ddcfaaafeda56b59846ce89f880c,125145,887,0,1,0,887,3577,1.879603774054783e-05,32.98799312298333,1,0,0,0.37817669719384767,0.5339227319384742,0.7826646451886679,0.40511509006739904,2.984067251139145,6.02230945538334,7.979866368477451,1032,True,36.23632800000007,49.838500000000295,27.914340000000266,33.21510692,1.92E-05,1.103544847,SD,SD,-0.006837665691207251
H779,Hekla,H779_mesh.pat,36ef484d5c4eeb7a6660ec3710141222ade0c42c17e8961e13f9a619ba48b0b6,H779.msh,d39a0387a2540986f30d7cc553e1b14dcf55e7566b2b6f45718ac8fa4b8a34d4,104005,728,0,1,0,728,2981,2.0761904692243435e-05,34.100142217333065,1,0,0,0.4932148912854151,0.5505711196105624,0.7857256736943948,0.8081050605608945,3.8368420901096014,6.022679026445367,8.145799596826683,818,True,40.43624,38.82042000000001,27.217480999999964,34.30412167,2.11E-05,0.734927548,SD,SD,-0.005946208290338539
H780,Hekla,H780_mesh.pat,5beccb78228a244f0b0cc50777afbd1d1d3dbd0ecbed3bcdf1daa84c3834b80e,H780.msh,198c4568737674ebd820c1ca0977edaf73c1e414cf8b59ef78486be973c9a3c4,166362,1169,0,1,0,1169,4767,1.921655263581584e-05,33.232189257145166,1,0,0,0.45075361239246586,0.5514597566649094,0.7833958566566327,0.4980163244309184,2.5725668348925055,5.588689883684992,8.37609967244271,1334,True,35.276810000000296,39.99992999999995,35.75310999999965,33.40993807,1.95E-05,1.093953821,SD,SD,-0.005320237723351107
H781,Hekla,H781_mesh.pat,edc7e6489be67f57eb0c95cd4aaa6ff89ce0ebc9804dc5dd2241e553d29f0640,H781.msh,8ecfbd0e83cc2a083bfa575cb41ba2b06b97fbdbcdc94fcdda5b28b16882c4c6,68305,462,0,1,0,462,1972,2.0507813369740523e-05,33.960461084249644,1,0,0,0.44298048241315363,0.5411685242314701,0.7901376718258786,1.4066403604946482,4.684285915871754,6.497498962906454,8.16489820925201,464,True,26.63241999999991,45.669696000000044,31.81394399999988,34.30035393,2.11E-05,1.155428862,SD,SD,-0.009909310161755447
H782,Hekla,H782_mesh.pat,ee0bdd8be36820c890b1a84df4e12d61d4d746bec298e1d0022ab5a4813437b3,H782.msh,3afd1fb7a9cfb270eb8d5a6868966dc3fc8dc5c5a286b7ad13c3a8370328b386,108709,771,0,1,0,771,3106,2.018215802778257e-05,33.77974188089449,1,0,0,0.4850539418485068,0.5552330691961711,0.7916258891258343,0.4855893887071852,3.5709341926578433,6.013950600824942,8.598882511793049,892,True,39.64281000000028,40.840689999999995,27.041041999999834,33.99331983,2.06E-05,0.714085522,SD,SD,-0.006282938829558438
H783,Hekla,H783_mesh.pat,4919bb6f07dba0906d7e19a08656478902c6b18b761964f5d069d6269daf82fc,H783.msh,ac802bcdd8830cf74f467c2cb0ee21f56a3b66403ea57737899d547db56304fc,216006,1577,0,1,0,1577,6132,1.3386965052367317e-05,29.459667157819204,1,0,0,0.3606224138182215,0.533489520022047,0.7776445960280702,0.38656187434881517,1.8480772042688414,4.810107935322247,7.704182719263521,1980,True,28.418279999999868,70.01316999999995,23.28361000000018,,,,,,
H784,Hekla,H784_mesh.pat,219a1f89aba26beb0370c3765bd3ee1b8adb3de9c8d3e0cfb58ad1e2dcea3bf1,H784.msh,271c20cd96f84e83bb15150778587d65a62fd52873148b534a31c4df46a80b1f,165354,1181,0,1,0,1181,4719,1.655168315095271e-05,31.618979371699876,1,0,0,0.1162890785149213,0.5281962174518084,0.779734265023965,0.08942842053822991,2.3398832905508,5.454604969720429,8.157987098004122,1404,True,33.83302000000003,62.46169000000009,24.61573999999996,29.61919301,1.36E-05,2.026194354,SD,SD,0.06751657146853085
H785,Hekla,H785_mesh.pat,f64d1c68f5103d05a857faa27444d0376a16429cd29342433c38a8842559dd38,H785.msh,ed97cfbc0dac6df19ac21c1728305f040c9cc5def4d50ee05ca1e3c833b77729,104593,734,0,1,0,734,2996,1.987423130524719e-05,33.60706396398764,1,0,0,0.47061506095188677,0.5539335428722241,0.7917430967162662,0.4789660357734006,3.606878052498388,6.116093893922218,7.846786047492476,826,True,36.64960600000006,41.13536000000022,24.465619999999944,31.649,1.66E-05,1.335586413,SD,SD,0.06186811475836973
H786,Hekla,H786_mesh.pat,4139593a3c06a748e0ebe8deb026111200d10b93549f249e95a079070726a996,H786.msh,3335b925112d3b486eb2c4066e1d9cf8eaa19f17802b15d67c18b40c70140606,102353,714,0,1,0,714,2936,2.087329520710994e-05,34.16101748528723,1,0,0,0.3816012645908239,0.5333254622548022,0.7846390332074769,0.41046807342361036,3.797022688859562,6.069157580487348,8.52232636589944,794,True,32.55875999999989,39.26494999999977,33.40337899999997,33.84392865,2.03E-05,0.750103242,SD,SD,0.009369149739276272
H787,Hekla,H787_mesh.pat,1424795132cbd1e221a9e8995af75a5da2fe245964282e14486cfaccffbc2584,H787.msh,4c38b91b493987da206df919becaff02ddee2d932ccfac49af2baf7083d9c87a,93869,661,0,1,0,661,2686,1.918873484095849e-05,33.21614592417836,1,0,0,0.458216409216,0.5485235760560317,0.7832646467398395,0.6380883292687338,3.7973915123291246,6.175889588180008,7.907591076215629,748,True,39.94858000000022,43.018573999999944,25.328179999999975,34.4212514,2.14E-05,1.146503892,SD,SD,-0.03501050736992206
H788,Hekla,H788_mesh.pat,d9e897ea1e5a9d9d5967e3f8aa8364f7b013da14e79d7e7f89af02247d378a18,H788.msh,8d130a090d3828c42ac17f284406c1db65d6956ba55e16a18495e0d3051ce5d8,96669,678,0,1,0,678,2769,1.8966966059972162e-05,33.08768746632661,1,0,0,0.5079529824481636,0.567599375653064,0.7944271568967245,0.5027684394640521,3.7487204271974366,6.158414825357422,7.781690138421113,758,True,29.081440299999997,50.046730000000025,29.145690000000286,33.222244,1.92E-05,0.690298341,SD,SD,-0.0040501940107777745
H789,Hekla,H789_mesh.pat,3d477f60d2dbf464337fe8805be8c3b12bac484a5cfe17eb217305cb4b8f0d78,H789.msh,07a78748367056b24c4aace5875310b3c4ac236dd3c15b0ad2e769a27f4938a7,132061,935,0,1,0,935,3776,1.9027264415389123e-05,33.1227136727591,1,0,0,0.4673831176109895,0.5459390716759649,0.7851022052452742,0.3567475950416552,2.9562353312914116,5.849039054358004,8.475913066189854,1086,True,33.40744500000005,47.19472999999971,25.23848799999996,33.33974543,1.94E-05,1.704540639,SD,SD,-0.006509700492362214
H790,Hekla,H790_mesh.pat,60ea0518c231e269df0e5de67b4f9c0f88557057cf98571f3262da9a4e647c9f,H790.msh,2640dd03744da9e5ae82bf620b03ee03ea2f4ce5f8e19fda9903d660279f5c8f,82697,576,0,1,0,576,2372,2.0105102206832924e-05,33.736696509589535,1,0,0,0.4677179144591648,0.5617383535472715,0.7924372699765541,0.7954568713443904,4.272863663351844,6.2329091260493605,7.77383872474585,634,True,31.955825000000004,42.522981999999956,27.781653000000006,33.32401424,1.94E-05,1.057849893,SD,SD,0.01238393029775442
H791,Hekla,H791_mesh.pat,499b149559ac26c5d2bd2796c951636f74232dc19f20e33735fbd0ce8a0d045b,H791.msh,e30f20b74fb979c639a63db054a7d4bc004bfb1fdda4fb659e4f25ca9acbf0da,153034,1089,0,1,0,1089,4371,1.653963440112495e-05,31.611305194437694,1,0,0,0.25820567314617154,0.5516275269485126,0.78282774183084,0.42302416622487593,2.5291426779518917,5.515026386894113,7.914421619430693,1286,True,35.930145800000005,53.15574000000015,19.526129999999966,34.01314851,2.06E-05,1.159504916,SD,SD,-0.07061514210765152
H792,Hekla,H792_mesh.pat,7b74790a03be9da095eb4951c721e52674a778ba585c1c687d014f81e58858bf,H792.msh,4378cdca917794a7b89b525ae38ba59625a127d58abbfa22c708695b55cca34d,109381,790,0,1,0,790,3111,1.6713482858988058e-05,31.72167509888961,1,0,0,0.4703186002248813,0.5458977229795571,0.7802673347031094,0.7519103701907321,3.2263032676734205,5.867275002119334,9.116244890721164,962,True,34.32992999999897,53.68008999999893,17.172860000000128,31.77621557,1.68E-05,0.820214004,SD,SD,-0.00171639290998149
H793,Hekla,H793_mesh.pat,96d4076d4a40efdd934c9a9bf9aa9c8340c28d1ffa66039535d032aa7ff06f68,H793.msh,9341ae188e18d665a0c509b92b5223721e57f978fed11259cb702f52a1215cc1,256914,1819,0,1,0,1819,7351,1.5721211400719478e-05,31.081058095263106,1,0,0,0.16502953147242932,0.5171651936889399,0.7724637420987499,0.2498820699851916,1.833363376280371,4.858451895090174,7.921039366213811,2148,True,38.622119999999995,42.877480000000105,33.33498999999938,31.8975558,1.70E-05,0.782860907,SD,SD,-0.025597500631596715
H794,Hekla,H794_mesh.pat,bd3bc46de50bdedf9fb6b1b6eafe9374d332c94168c514aa73eea3898eae5aac,H794.msh,8ea6c55525412e72fc2c9366d0468a2ddc803c93707ba642cf3780ae4797bb8a,206570,1380,0,1,0,1380,5992,1.808581719027535e-05,32.56715627417394,1,0,0,0.21390151512940292,0.5417126271137536,0.7789267953289545,0.39512990182468194,2.407115186674839,5.177075948078937,7.725168681877599,1384,True,45.20739000000003,37.48149000000012,23.443846000000008,31.21701048,1.59E-05,0.958726466,SD,SD,0.043250323250490164
H795,Hekla,H795_mesh.pat,a77499e0dca1dc053f31aa765ddd27bf526d73c17ad175167a5ee422900790ae,H795.msh,96ab9ba0fe93c112da90dda35c7dc0ecc72bde54cdab6ca5d09db4685a6b68e3,94009,659,0,1,0,659,2693,1.870917662551594e-05,32.93709943397243,1,0,0,0.4529509957393454,0.5384196585013542,0.7920078991621644,0.48660533217403745,3.8110392566296056,6.0322831124448015,8.095145628887764,738,True,32.36040999999932,44.99332999999979,25.601650000000063,32.7493873,1.84E-05,0.751352471,SD,SD,0.005731775445228626
H796,Hekla,H796_mesh.pat,70c6aef8576eca52aeb358c4b634e1990ef8b29bc8f4bbc1c1e42b790a386d13,H796.msh,22542af144a6373f6deb9d167ecd9296bbeff31b99a8cb624d6827b16b3355b3,178262,1288,0,1,0,1288,5073,1.3524761374494192e-05,29.560401579338606,1,0,0,0.18707172814529072,0.5368196638504305,0.7768004330843321,0.45647032913558067,2.113715712354917,5.154381709709398,8.348685987944132,1584,True,32.284700999999984,60.34789000000001,13.514200000000073,,,,,,
H797,Hekla,H797_mesh.pat,3bb3185bd7e492a2416be0e8df58c48329eb419ccea137a5c6e0508dce73b266,H797.msh,f3eff4274063929337d36217257d646a12961f13d9c73c345959160b423575bb,96193,661,0,1,0,661,2769,1.9867642334027867e-05,33.6033495988973,1,0,0,0.45099683174437755,0.5384334352818685,0.7869770830555888,0.9048489590181447,3.9189954559134863,6.031347463403054,8.004019858401401,708,True,34.61640999999963,38.025930000000244,29.561665999999946,33.18853036,1.91E-05,1.102059988,SD,SD,0.012498873387815301
H798,Hekla,H798_mesh.pat,77ae560ac35ab00ba829d3b7bad65703d19d7e7c2a6c055a9886f8701b4e28f2,H798.msh,16d7a408bf5d04f4cb0056df9a53ebd7bba34a3a6f116de605168a0675a56fb4,76873,531,0,1,0,531,2209,1.8931575794354862e-05,33.067095328957194,1,0,0,0.4700183731592536,0.5286123924757984,0.7896944757036611,0.8144768976366207,4.286725317286282,6.300528070634278,7.694227880547886,572,True,30.522189999999682,46.618299999999635,27.890526999999906,29.71387608,1.37E-05,0.785379297,SD,SD,0.11285028045244494
H799,Hekla,H799_mesh.pat,d2e94d85bd78da1f5584e6f10a91fcf2a62f0a8fceba330bc1030984b15ae822,H799.msh,fa71711cbd28684ba6fc70c172b81f90c0eeae0be8a40dcb389ef906293f9c8f,138193,994,0,1,0,994,3936,1.5704006597174756e-05,31.069715909803996,1,0,0,0.4434895372081946,0.5445744092388631,0.7811408157239075,0.529018435784858,2.6701179264218364,5.602627473527524,7.9279343469030685,1204,True,42.13018000000011,43.19772000000012,16.352539999999863,33.84618654,2.03E-05,0.953339747,SD,SD,-0.08203200756205498
H800,Hekla,H800_mesh.pat,f196000cfdc68648df614dee72436a1b413afecab5fcadeea6df803bfe81cb1a,H800.msh,dbdf226a450ebe7a9418d29842c308b532398d698d06137ad439709661c5d4e9,155722,1091,0,1,0,1091,4465,1.669468563736652e-05,31.70977845548626,1,0,0,0.37585442841200756,0.5383700256294683,0.7862204368044704,0.3436386036230462,2.0084309359097343,5.733027951711864,8.029748056278924,1238,True,33.919189999999844,43.734190000001036,26.044679999999744,33.35876783,1.94E-05,1.399295957,SD,SD,-0.04943196292252683
H801,Hekla,H801_mesh.pat,7363b7aadac49b0a03e8388aa3f6120c8f60223bfaadd53c650562494920d596,H801.msh,8b2fda2a229446c459d572232743c1828d54cf2574f4198abe32ac39fad9752a,99357,702,0,1,0,702,2841,1.7095481888797113e-05,31.961531040353798,1,0,0,0.48478557329071237,0.5573161528456966,0.7950002214399088,0.4516871184703164,3.4203874600532207,6.0388364318103225,8.444779302668255,802,True,29.261338000000023,47.518190000000004,26.782809000000043,31.22684187,1.59E-05,0.399282484,SD,SD,0.023527488735888502
H802,Hekla,H802_mesh.pat,94e20846d7a465076b703878e80435ba8b7c5ac39a5ccb6c662855eff47f9e39,H802.msh,681a9279689af54aa85f741a2e5efd1ebb62168d2ea1c1214b854f51e7ee6126,87009,617,0,1,0,617,2485,1.6629856604244723e-05,31.6686799286075,1,0,0,0.2247849306119444,0.5430011329568729,0.7850904710478046,0.6885847324766904,3.7299609032130285,6.097764813127855,7.824313551807363,716,True,32.512940000000526,45.45940999999948,21.490420000000086,31.95881811,1.71E-05,0.997215182,SD,SD,-0.009078501601462952
H803,Hekla,H803_mesh.pat,5cafcf1d2c06500558983cc194967b6088933d85f83f2e1e0216694ef425d226,H803.msh,0392c061e13c9208dfeaf6d459b41f41781758261be1874b2d2ff9124de66bce,60465,418,0,1,0,418,1736,1.8151069054438667e-05,32.606275639851674,1,0,0,0.44612932432012975,0.5420750340603915,0.7972560142079066,1.1638652053812522,4.671973026472598,6.429389124726786,8.204091014597783,442,True,29.529809000000057,37.277626,32.89647999999988,32.21589245,1.75E-05,1.497294152,SD,SD,0.012117720794404763
H804,Hekla,H804_mesh.pat,9cb95910ae92afd583e521b9c6cb679687682854fc187c81be3f01465f052b88,H804.msh,3d0e3521f6b19349befeae0b6efe3243c31e73a59497e0be3fd024b25165572a,95381,684,0,1,0,684,2717,1.68486960271433e-05,31.806988920637405,1,0,0,0.46995511916338706,0.5415205036376626,0.7836317063525856,0.8779731203250671,3.477715081333764,5.982321213866397,7.733577478920798,812,True,36.58650000000023,40.16748000000007,23.240654699999993,31.91953158,1.70E-05,0.941423488,SD,SD,-0.0035258242772306936
H805,Hekla,H805_mesh.pat,1cdd404582abe0dcb10b34378527fdfa2f0dcb8555a5180667bf8e27b962e696,H805.msh,6f18f9d887482b640587bae384b162f8530a3b505e183ca4083f9bdb11a96ebb,153678,1096,0,1,0,1096,4387,1.4489106591582037e-05,30.24690867316819,1,0,0,0.42575122239243535,0.5453826037227505,0.7865941870454157,0.5079251631335622,2.4807250770595344,5.221907766445062,8.25134241789412,1304,True,36.036190000000715,46.74170000000004,18.23067499999999,32.94088021,1.87E-05,1.005875228,SD,SD,-0.08178201431344856
H806,Hekla,H806_mesh.pat,a8bf76e918d027f8187cb5c03a255a4ccedd0a650c5bb91f4f46c53cff862d8b,H806.msh,415d887dd438b5b1e36a664cf78ea76e0cfce4675bb7a68818aadb483dea2904,73597,517,0,1,0,517,2106,1.7552806043548195e-05,32.24402955431644,1,0,0,0.5098866316569134,0.5654929381397631,0.7921630373937267,0.9038850207885751,4.186644601596059,6.287781696177994,7.864724813210434,576,True,35.91766099999995,36.74893999999995,25.871830000000045,32.00774717,1.72E-05,0.702673586,SD,SD,0.007382037325572854
H807,Hekla,H807_mesh.pat,780af6ce938252af3b169b4d6aa47a2c7228bd9f16b9e4cdf8b201ecb70af3b0,H807.msh,c0a3d3256774a003e651d162a3dfbfb13670c0b3a8e835e24ef70e8686987ee0,67129,467,0,1,0,467,1925,1.7474079865921926e-05,32.195751352210486,1,0,0,0.4464264488648806,0.5511858120351476,0.7961167315178906,0.9503017082889743,4.387672078221265,6.332195312511078,7.759508509322647,506,True,38.595810000000256,32.82386790000001,25.990670000000136,30.39307008,1.47E-05,0.673864812,SD,SD,0.05931224675445779
H808,Hekla,H808_mesh.pat,16ad6fa9e91ddac1113fc0411f5d9d69eb11e2506a401eb1779ceeeee706080d,H808.msh,2731894f52c3c99e0dfc814887c7075472597cbe5cc054a1bd87d9b0a309d2ff,170786,1218,0,1,0,1218,4876,1.4991076220614585e-05,30.592248379455302,1,0,0,0.41867609497610364,0.5523941862141201,0.7829876973345982,0.40821748929830914,2.178428821777058,5.322182116303028,8.30404527028751,1446,True,43.12321999999995,36.296479999999974,21.899459999999863,32.52808608,1.80E-05,0.737873041,SD,SD,-0.05951280674133963
H809,Hekla,H809_mesh.pat,e0624a31e3233b3e9f342b3d1f9ade7eb1f1777b01cc538a7028ca7f126dacdd,H809.msh,cc88278335f9a144a664db7e0fde262fcbe79f74d346de3e002fff4691a5f0d0,115205,821,0,1,0,821,3288,1.6081570525677856e-05,31.316744742089814,1,0,0,0.4884206363069718,0.5596594064077058,0.7871856873070073,0.6508093973268301,3.1685107620028994,5.558803446726453,7.850180344571482,964,True,36.37821100000002,40.83482999999978,22.75306000000012,32.50753444,1.80E-05,0.916714935,SD,SD,-0.03663119084309696
H810,Hekla,H810_mesh.pat,b0d9e78c6c932678085633329b56d3795c98f002067de89acf31fa850837958b,H810.msh,6df275f77d5e1262abf43250058f71f88e3f894e5f4ecce0b8bcd5f7ea9f6bc9,147098,1084,0,1,0,1084,4164,1.3742937489428559e-05,29.718506685141474,1,0,0,0.1608610806344949,0.5441643963820608,0.7887192751287075,0.3783281446046856,2.2654706446018356,5.256718693715106,7.776298528329513,1366,True,28.654259999999795,53.215509999999995,22.791299999999865,,,,,,
H811,Hekla,H811_mesh.pat,010102a9abc7141db90b4f68e64e7b99c8e17e1bce8db066694a88a172660774,H811.msh,acc1e7bdd4280cce429661dd6e9e0cdb56a1fa5091d185e690ec79060f84bb29,103193,729,0,1,0,729,2951,1.7208073825843834e-05,32.03154445612984,1,0,0,0.44047692252260523,0.5223131651726568,0.7796667143108875,0.4174063956876776,3.2674840377142464,6.036584273815264,7.789173916950656,838,True,34.785147999999936,38.353149999999914,25.757860000000164,30.75928867,1.52E-05,0.721027642,SD,SD,0.04136167776112121
H812,Hekla,H812_mesh.pat,0ee3ac7402bf54faacef4cfd2120d3b3aa986d21d4ad8356f4f296098bcd0381,H812.msh,8a81b7806d448fd601c4582d6211f4be80c530a1f3f78d3a94cb828d192f3656,78777,551,0,1,0,551,2257,1.710257601327299e-05,31.965951462174083,1,0,0,0.4578747337820759,0.5430410712463243,0.7831076365515355,0.6627076737755833,3.9941107018739905,6.327141587943319,8.443540451678821,616,True,31.96010000000024,40.36151400000006,25.188668000000007,31.48379694,1.63E-05,0.710730306,SD,SD,0.01531437021693871
H813,Hekla,H813_mesh.pat,5fdd8350e0d6e5694e2dca7eba4012c55ec2bfdf2f92822cf73aba396f670ed2,H813.msh,2213841a96c42c33d4cfa183203e808be6a6b4e8519a8e30d386d5b003921f9c,271054,1961,0,1,0,1961,7714,1.0775007677048937e-05,27.403518117827254,1,0,0,0.16647051351873038,0.5349571572881385,0.7801993505319798,0.36144592320294866,1.6230371156257308,4.083178913308385,6.865938422160983,2406,True,26.39348999999993,42.470180000000255,35.26487999999972,,,,,,
H814,Hekla,H814_mesh.pat,7b1810aa586ef5e044d284c7713bc3e7f3cb008d030f28cedd7f33a0d9dbd6c7,H814.msh,c00060ff7b8c57018cea90290b4a8049df2a6b343d507145dd49fbb11403e748,96025,672,0,1,0,672,2752,1.6763774200236518e-05,31.75346037755367,1,0,0,0.4606726258604573,0.5474677861292186,0.7814478264431434,0.48119708592206484,3.478879077533419,5.9777275196404345,7.833956151173346,752,True,29.962510000001203,37.92615999999998,27.343659999999772,29.8999916,1.40E-05,1.470462274,SD,SD,0.061988939741162596
H815,Hekla,H815_mesh.pat,cbf7713584822bceacbae84ae9fe138b9301e97b93baf70e2178e290f0423ace,H815.msh,8a388ee933b507cb9c4d09da360668eb1f736223290e6df4f166e6a711ccdf0d,161742,1143,0,1,0,1143,4628,1.4329781176013334e-05,30.1356325698038,1,0,0,0.1959690559542337,0.5314159295050328,0.7774896889811347,0.4847791334204691,2.3880518675091627,5.203591740878108,7.886017977446161,1328,True,34.185309999999845,46.63229999999976,18.252599999999802,32.2926845,1.76E-05,0.823170668,SD,SD,-0.06679692207676946
H817,Hekla,H817_mesh.pat,ebd729f27fbc2eeb237c3c93aaa06a0eb06f0788a7cbdcc97627f89abf0aac99,H817.msh,4b8d7f7e1d05eab727b343f87ebc391aea83367598b74fe8e1ae3c930e6caeec,146398,1019,0,1,0,1019,4204,1.531960776866458e-05,30.814113265273495,1,0,0,0.36028175552036595,0.5312686544254386,0.77921701274475,0.391200686120004,2.7403554216393586,5.34257481463219,7.378608093747009,1134,True,35.929036599999996,39.57996000000003,25.050520000000233,32.25580395,1.76E-05,0.992761154,SD,SD,-0.0446955433806977
H818,Hekla,H818_mesh.pat,4e7136f32e9762dd0505b8cc45666c923eb4ae75ae8d4e825bb000184984bc7f,H818.msh,c1efcea76c600b779aac668d5b7f044bc8768c61c8cb5a1e56d82610bd472685,182182,1360,0,1,0,1360,5141,1.0172720319898731e-05,26.883109070754653,1,0,0,0.13206524746941556,0.5404290892963344,0.7756070129394457,0.3266452519171181,1.8277418836835628,4.73659422764092,7.314081158491478,1788,True,37.34873999999991,52.68613999999934,15.192400000000134,,,,,,
H819,Hekla,H819_mesh.pat,08647b91e5c9fac21f837a9ec1aab37dd789b3a886f78977305fcb48b402ccaf,H819.msh,46c265c42a51ca29063d87f796eec922ee587de7264654c0b9d7b830f96229d7,113833,806,0,1,0,806,3254,1.571236377554469e-05,31.07522637427613,1,0,0,0.4263705720619112,0.5522610715383122,0.7793755623324877,0.48750627832357185,3.0544875653552177,5.641072527534504,7.805039359718469,934,True,28.981750000000375,42.66100299999994,25.013746000000083,27.52960001,1.09E-05,0.898743313,SD,SD,0.12879323938554132
H822,Hekla,H822_mesh.pat,7fe302c40a298ba84ee55b4e1407032c7293fcbec32943ae4dda6385c5252b32,H822.msh,8661d9d5a38782ddd3f26adb14b987574dc7197afc71eccc0b08d8ea8b4a45fe,98825,705,0,1,0,705,2819,1.486762425637675e-05,30.508040775009324,1,0,0,0.49186840764397605,0.5559512159097107,0.7817239121916563,0.47635138304523916,3.2047520846534474,5.848882029097313,7.886769504830263,824,True,36.34064999999964,36.679319999999734,22.97859200000005,32.01783821,1.72E-05,1.198105727,SD,SD,-0.04715488363355924
H823,Hekla,H823_mesh.pat,8cd5bc003eb9cb49f5df81a0c856b6defc90bed4e4f99b91ee578c856ae40764,H823.msh,43f874b762c57a4655c7fcc0017d71c54a1c50c55f1582bad0e4c75f70ddd1a6,101205,709,0,1,0,709,2900,1.4574844605943989e-05,30.306452519577174,1,0,0,0.4821247047422276,0.5511029760990097,0.792068328640258,0.8441122925886305,3.18025411372186,5.762170152708411,7.614922352289634,796,True,34.29165000000012,40.25265999999965,23.847260000000006,30.27930663,1.45E-05,0.742177623,SD,SD,0.0008965162217511313
H824,Hekla,H824_mesh.pat,c107485feee25f5f1b706cca37515b4cf2e6fa7680d7be5debc6ee446782a599,H824.msh,54e4c4011965a4c7dd2df3e28a2be96c6f2d29159f1e1959d67320f36ee86d3c,169470,1271,0,1,0,1271,4776,9.549188309004838e-06,26.322225889208166,1,0,0,0.1492279026238174,0.5401520243755749,0.7746788551497873,0.38941832250198893,1.9327666151765235,4.631244640621468,7.829783365189551,1684,True,42.13514000000032,42.68253000000004,11.466609999999491,,,,,,
H825,Hekla,H825_mesh.pat,8b889bebb3a3e38211865c40d909d798f99b1f429c12d93f0b6cf03b94046f28,H825.msh,11baa1b6267331bbdf1cec8acb3652093f456a3f5c7ee6bf5a9aa41a80e220f8,117641,847,0,1,0,847,3349,1.3089056268405165e-05,29.23949746057381,1,0,0,0.42799362985678585,0.5453789901769738,0.7792346223263272,0.5766999810994303,2.7350288332663766,5.53204901489029,7.781210239223737,1024,True,36.85831999999982,40.73797000000013,16.58091000000013,,,,,,
H827,Hekla,H827_mesh.pat,566335b2f793364cf114d218e9168778254e9a21b3bc3fae0196fdb636ea28ea,H827.msh,59090011eaf1c0b683e6ae99336ef0aec4b266f48123c5509053d1c4aecf5394,123493,838,0,1,0,838,3567,1.5125708050067564e-05,30.683556518336392,1,0,0,0.4480207942724278,0.5422437105081243,0.7883749634468121,0.37755843534500816,2.828181633837482,5.556888398765176,7.586236197331601,864,True,35.384599999999864,36.36439999999993,25.380789999999934,30.97917253,1.56E-05,0.785339377,SD,SD,-0.009542411482338142
H828,Hekla,H828_mesh.pat,502d691eddbccde790d7028e41b10158d8418ae3b21114f4a7f088376b49d831,H828.msh,f1bc6deb8fd05724b8de295d949edcb34058a93f32782de55ab296dd639a9677,78049,553,0,1,0,553,2229,1.5514484476143195e-05,30.94422253404362,1,0,0,0.46688472952808074,0.5396036014559102,0.7897072859522116,0.8174138829866399,3.7977658089194386,6.014586254465413,8.170294429266688,636,True,31.67283000000043,35.1743899999999,26.10726999999997,31.20724709,1.59E-05,0.925853637,SD,SD,-0.008428316512437917
H829,Hekla,H829_mesh.pat,709b0db9352b593166d52d582b91fbedfad691bb1f7995a694e39e27a597b96e,H829.msh,f5929cff2e431bed279a32712a3ae88d3fcd99ce347013ac3234c22e8105d2ab,118649,849,0,1,0,849,3383,1.3819027006619603e-05,29.773252534366424,1,0,0,0.2883415409334797,0.5616410010676408,0.7934316008339429,0.4570355011376287,2.3457732113645906,5.749307585372289,8.2224330783656,1008,True,33.92592000000013,39.20980000000009,25.528984999999977,30.02015685,1.42E-05,0.88495671,SD,SD,-0.008224617774892695
H830,Hekla,H830_mesh.pat,fece7207d80eb2fbcca0789360e5e78b5892db09c33b5d6826c80c9e0c9601d0,H830.msh,38165054ea3a3c768b4c28e8d0ca2c25446a68a88cd2a70d3384304a5c191e3c,83761,605,0,1,0,605,2381,1.430971929123898e-05,30.121562572517906,1,0,0,0.41276873082755877,0.5438364019451759,0.784409527700276,0.8716766044289046,3.41508185164811,5.9106026281926,7.905844193785051,728,True,37.08150999999998,34.967069999999694,26.353662999999983,30.35385246,1.46E-05,0.78678892,SD,SD,-0.007652731652043276
H831,Hekla,H831_mesh.pat,9d7c9521fc52d295ef5db52db393e1f895e54fa157da9ca620aafa7d81690c9b,H831.msh,fdd5e511774e7bb3ec382ab7bbd7c66c0d38b3fbe5c9fa1ed6578c144d6c57bd,232890,1633,0,1,0,1633,6679,1.1690451944064578e-05,28.158589256595402,1,0,0,0.207353129338266,0.5504645229601745,0.7811514470545882,0.4235133412878878,1.970651989172032,4.262916306195566,6.678217376034073,1866,True,41.48667000000023,41.22838000000047,15.803863999999976,28.25931949,1.18E-05,0.386213231,SD,SD,-0.003564496075011414
H832,Hekla,H832_mesh.pat,db81e82eac837c1d8d645ab1c7dd1187c6351a84f346b59fb851adfce95c0d3b,H832.msh,490b8171816b578af71c71053fb3ed2478a31818147249e94aeb2abfb0c01c3d,160006,1197,0,1,0,1197,4512,9.284524254547673e-06,26.07676286105178,1,0,0,0.39431920864905823,0.5623459237799077,0.7802732483485669,0.45219749888723887,1.9653739774482943,4.664631212254624,7.019561575811052,1572,True,36.10754999999972,46.19625000000042,13.834749999999985,26.18623071,9.40E-06,0.496169794,SD,SD,-0.004180359142196721
H833,Hekla,H833_mesh.pat,bcfc58113707a95206717e47315cc9d254d6727b8b6a098503421d57b39e6ced,H833.msh,732b1c9fd997d4d24b712ddbd6b407bb5006299d934fff9ffa41cb032cc6e6d4,132901,965,0,1,0,965,3776,1.2061970251208397e-05,28.453773946921906,1,0,0,0.4448791449373576,0.5484931992336833,0.7767357372611119,0.42519257695818524,2.463941757752913,5.238222761794592,9.125545915948615,1186,True,39.29379999999992,37.335080000000744,15.402539999999817,28.58663866,1.22E-05,0.437079336,SD,SD,-0.004647790691950204
H834,Hekla,H834_mesh.pat,25473cc546dfda07bcd2c1f9bf67d471087dd7ca5bf2f64ec5c275c4679f478b,H834.msh,d3983af416f48cabee5aa0432e887588aac80ceac3086a49c43309fb13fd1f28,116885,791,0,1,0,791,3378,1.4775518542246214e-05,30.44491059105563,1,0,0,0.16401360160386538,0.5480131424425645,0.7929991318439339,0.38996652858415737,3.1533714398286294,5.333495095269116,7.432932848359607,808,True,33.45532000000003,34.08897200000001,26.00423999999998,30.66564118,1.51E-05,0.797339506,SD,SD,-0.007197977294808089
H835,Hekla,H835_mesh.pat,f8aabd8ad05b331b482ca4887e147d139df1cb2f6bbc4d5a2b7b0b6c7bc297e0,H835.msh,2d004c0b1325968c473a45f458e07c0a7dfdd03487d5d51438c52c20b77d069f,76789,552,0,1,0,552,2185,1.412732231305836e-05,29.993034733074445,1,0,0,0.5262020348524364,0.5665776027944822,0.7936536478862634,0.7148143138250561,3.607528732190994,5.932284811184915,7.778743200520387,656,True,33.81566399999997,35.15971000000013,21.711543000000006,30.21459299,1.44E-05,0.685320135,SD,SD,-0.007332822818393869
H836,Hekla,H836_mesh.pat,edd5d568da8d1c40ad0c563002702f24b4e93e6417b5c2be0c8a8403a8da180c,H836.msh,6f461f1262fc6b1d09432b8c04bb2d2075ca9ec8ca2d287e80295ef5842a5e31,86029,623,0,1,0,623,2444,1.3564113975346426e-05,29.58904416114026,1,0,0,0.4868469663084715,0.5609713686464404,0.7867764845647682,0.7749949314189697,3.336727559682207,5.791032876790513,7.530723500027472,754,True,29.4657500000003,40.18559000000005,22.76988799999998,29.79929842,1.39E-05,1.062520115,SD,SD,-0.007055678153772393
H837,Hekla,H837_mesh.pat,7594a90b264faacebf4610d770447ec480b0afb1ade5df946ba88d7bd431fe23,H837.msh,6457f00f85386f9798a9126c20e6c3b4a8d56611a22a08ed5feb01a4e8a45da6,81577,597,0,1,0,597,2311,1.2797182079844374e-05,29.020523493304644,1,0,0,0.19102031894037927,0.5632982814540396,0.7896587416609686,1.0591815249989736,3.2984187676161634,5.841898254493976,8.06552332087026,738,True,36.634520000000066,40.47369999999955,18.311229999999796,29.23202358,1.31E-05,0.559422511,SD,SD,-0.007235218804354737
H838,Hekla,H838_mesh.pat,d81760bfee50720f4baf353a34a3e306e170d131e4173ef2f224539e8ee9ad31,H838.msh,d180bd0639b5cc09186dff58355f46db63b649372daceb951be84c1de262bcc4,72673,527,0,1,0,527,2063,1.3885745949225305e-05,29.821091203876506,1,0,0,0.4685241982043094,0.5653206855600925,0.7872450078631513,0.8255906278667754,3.618240082902918,6.0730329968042085,8.109014492062677,640,True,34.28587999999945,34.230099999999766,23.545267999999965,30.07523078,1.42E-05,0.714595793,SD,SD,-0.008450128877896868
H839,Hekla,H839_mesh.pat,2565f2f0752fc69437dcaee95c758af83393edc9e1c418ea54b6109a6a92d9f4,H839.msh,3c376b4597e6f7b69201ecea7fc8883877992156274afe380ce28f830d4382b6,97201,690,0,1,0,690,2776,1.3946434453378187e-05,29.864473033394663,1,0,0,0.49278744480878944,0.5636637326894699,0.7920386012808212,0.4632819323404018,3.045284918421646,5.773130901167739,8.253552256871972,802,True,32.90760400000005,34.00083699999999,24.681960000000117,30.08191339,1.43E-05,0.794135834,SD,SD,-0.007228275468595058
H840,Hekla,H840_mesh.pat,effbcfd7f8ed0c4d3a5e39dfbaf9bad9793b217c10692746f0fcf9b5a4b11b5d,H840.msh,7319f920ce5429db2fc008b45879893253850fd7fe4e81c2fbecd4a8f5fc0990,91377,647,0,1,0,647,2611,1.3474445370896287e-05,29.52369829308976,1,0,0,0.4969678223517455,0.5451855352814945,0.789351875315631,1.0649283492412862,3.3869729888726736,5.547214205789498,7.579958585619167,748,True,31.890672999999992,38.00545999999986,23.407579,29.70615846,1.37E-05,0.880436884,SD,SD,-0.006142166350991851
H841,Hekla,H841_mesh.pat,f61b7d0c2017f545cc713d594a85fda60045a5414065900626722e29bc8f0af3,H841.msh,4baab2f20738eb6530d5d4fa5b9568ae6f076fd35f76eef52f157a1bd3c9471d,82613,596,0,1,0,596,2349,1.3230266136046027e-05,29.34427063280645,1,0,0,0.40800014370967075,0.5557206819060211,0.786473456688991,0.6736357428908342,3.291817002583737,5.834700199001721,7.731735047413151,710,True,41.8884700000001,28.23066000000017,21.393760000000157,29.58457392,1.36E-05,1.111529963,SD,SD,-0.008122587394476577
H842,Hekla,H842_mesh.pat,5b45aac7958ca69242b0f49fd98844f4da9dc2023cb4dca049a169956068f340,H842.msh,b85ab4de33c242f9889d9e557bafeee0df6b40982140b42b017e07bcda9f45ad,125537,905,0,1,0,905,3573,1.1520827603938605e-05,28.021734799371917,1,0,0,0.47719110887872357,0.545608841926239,0.7829860501405037,0.36878158102023023,2.2204786337778137,5.3920362230199785,7.48654003281867,1090,True,30.756880000000365,49.28971999999976,18.682039999999915,28.004,1.15E-05,0.97928278,SD,SD,0.000633295221108332
H843,Hekla,H843_mesh.pat,157e6980e67ec5f58a0f43615771bdf20eb7ed3bcb3320076480ddeb36768c91,H843.msh,f2e612f0830c409eb3737be22ce794a49a89ffab2dddaf85c69a4c18f722e1fe,146454,1052,0,1,0,1052,4173,1.1606860072048371e-05,28.091313218032383,1,0,0,0.14486715546776593,0.5624581595435537,0.7840061629193008,0.4634874274459519,2.229957019504551,5.04430071495102,7.717403901863424,1260,True,31.80215999999973,43.613540000000285,22.8416900000002,28.26059696,1.18E-05,0.988846458,SD,SD,-0.005990097881061085
H844,Hekla,H844_mesh.pat,eca858a9b3a0a2998ee366e69d65cd583d0ad7d7b4b73206d18dfa5582e0f939,H844.msh,0f2cbcc8f1e2f3fcc50e970e862108f597d90915e41bae8d230efd54106a89fa,62257,442,0,1,0,442,1776,1.3632349319718985e-05,29.638577865572092,1,0,0,0.486445437817635,0.5553470170643939,0.7920397173216237,1.1944678513532132,4.026075468817268,6.01905180261635,7.921350942103125,506,True,29.140859999999975,36.297540000000026,27.690478999999982,,,,,,
H845,Hekla,H845_mesh.pat,c4cbede0470403ca00cbe55531010975e251574a1d41aec0974df5177878a95a,H845.msh,024f06adf1d3bb955c7939a9088d0fd12f3c46b51f91e537bc82676c6254d4e8,134413,944,0,1,0,944,3851,1.261170871310257e-05,28.879639634638334,1,0,0,0.14790180397342567,0.553498534746666,0.7809378228722682,0.41399264256757545,2.5012239340185465,5.198234375391761,7.891455137989293,1072,True,34.271060000000034,34.48928000000069,31.51151000000027,,,,,,
H847,Hekla,H847_mesh.pat,bafb893969af96bf86abca1745468b3234e69e2864cad8375f328a6cc3279747,H847.msh,71f7b750f34c9ab7c57685ba423ad3c9f405ecd708f2e11ec7ea965098b0a499,152894,1078,0,1,0,1078,4377,1.1495627134468148e-05,28.001288456314164,1,0,0,0.15575594288114766,0.5426278861496306,0.7840846839813789,0.433552629558378,2.3721258706836066,4.758751605323639,6.96960134160874,1248,True,31.65218999999979,43.04753620000001,17.90004180000001,28.1444781,1.17E-05,0.769783567,SD,SD,-0.005087663845713242
H848,Hekla,H848_mesh.pat,a02143c0ed8179754fd73d4c9b59b05ac2ff8c02df9e313d67cc3078d4d6c9e1,H848.msh,f83cc5c3aac04ea9564ec1c80563b9bb52cea1cda95194bbb0eaf9f40c7c15a1,136541,993,0,1,0,993,3878,1.1207083843507027e-05,27.765020570851362,1,0,0,0.4497211954732954,0.5607084584076615,0.7831525485157057,0.5271263736751927,2.2113518289208045,5.176437123680211,7.844479180212751,1226,True,33.00308019999999,42.87819000000036,18.986009999999624,27.92677821,1.14E-05,0.753532812,SD,SD,-0.005792205528767913
H849,Hekla,H849_mesh.pat,3341d5cd46e600ec0134fc8572c3a438c061f1a5288a592948378bcf5faf867a,H849.msh,7c061a4732b8dbe8976756d46f7454da26a07a9a14e4507d4ebb8264f1c7c038,175658,1248,0,1,0,1248,5020,1.0622634749509646e-05,27.27373033667482,1,0,0,0.14530328931417488,0.5442625642452363,0.7824931685906391,0.1298970688661442,1.6787734297998524,4.8845069037167335,7.3430496387671775,1478,True,28.92249000000038,48.3741,15.803309999999783,27.46105495,1.08E-05,0.917677963,SD,SD,-0.006821464567412061
V002,Vesuvius,V002_mesh.pat,338b22cabf97f49586adae88d0cf30e70bfeb095427901af93c07e99bef340b4,V002.msh,034b83fcd6de2011b7b17bd6d3c406eff61c4888d7acc3d918aa815c354d8983,59365843,311924,0,1,0,311924,1808279,0.1271016274772025,623.8078415550348,1,0,0,0.3343469270563518,0.5325396112300389,0.8002731995281956,0.5506920073225403,8.988545394623678,11.936325315664412,17.052785254697344,47116,True,747.9513399999996,836.5046000000002,699.4211519999999,623.9303672,0.127176429,1.045094536,,MV,-0.0001963771141882953
V004,Vesuvius,V004_mesh.pat,cf66573ce38cdfd536457fb533d519d506354a7a1af53a522963798c42aa386d,V004.msh,d516486ba398ef5f59a617d2cb60eee7eca76140e6f40c061387413698e6170a,33529991,177184,0,1,0,177184,1020310,0.07224763550379067,516.743479607505,1,0,0,0.27701375280665325,0.5329616572303622,0.8011320132625052,0.8625902421776223,8.99589141135836,11.941167532264085,17.302764984316287,31178,True,545.2786100000012,740.3294000000005,587.4720399999999,516.8623135,0.07229743,1.170098978,,MV,-0.00022991402040961617
V005,Vesuvius,V005_mesh.pat,3b6f2dd5c75a4790addd29ce7bcfc1b46c3de1a83fc49b954b190a6408f15a7b,V005.msh,1bdd95f8cbf0f5f14c8f5dfdafabd1b3105bcba3fc3fe21e82ede2f3c46d61dd,24430074,130253,0,1,0,130253,742244,0.05292290525123111,465.8166612900135,1,0,0,0.27635992270929494,0.5379808656186587,0.802163198398125,1.095427583450307,9.021791158697635,11.93592510714753,16.942264350650195,27768,True,711.9410300000009,664.0945099999999,584.903381,465.977133,0.052977574,0.944104894,,MV,-0.00034437679152488077
V006,Vesuvius,V006_mesh.pat,1ee33e330bb39fc7e7e9aeca728d29602f4e8d7e45fe8695b80f25fa102fa2c2,V006.msh,fec897220c9e4a0e40568c92aa6a2ef362c4c2c92c6ca2a454b61fe19a2360d1,20064678,110087,0,1,0,110087,606503,0.040311232048671056,425.4114255536706,1,0,0,0.12059617421751027,0.5370491802376341,0.7988697118811159,0.3016305319422845,8.844892464247522,11.982386916271007,16.879473641802424,36146,True,540.4586600000002,647.259011,687.88716,425.5853588,0.040360663,0.887252001,,MV,-0.0004086917999712725
V007,Vesuvius,V007_mesh.pat,ee279bfc55d33af018d2810474e17ab088a34f4baf658aa3b7af084cc6dc9f08,V007.msh,c818c2b24f989fa1ec4d163ed54eb9dd416987b2b515595cd761e69e6d7da89d,23897066,126922,0,1,0,126922,726539,0.050887879458442614,459.7678266156902,1,0,0,0.3070662460253954,0.5383147790230555,0.8010828893892299,0.2851779584835863,8.975368531577807,11.953542776557937,16.307541248256296,24900,True,489.90419999999995,570.9009500000006,627.4865510000002,,,,,,
V008,Vesuvius,V008_mesh.pat,f8dfc27cd7d8591baa4258d8bd46a05133fa65c0c1166f1605938fd972fd6e84,V008.msh,a636fc78dbf1131694ee9cf32ff1c914362dbdef6e76cadeb3aeead40c3a0ae9,19927002,110325,0,1,0,110325,601348,0.03197721100996028,393.80448092937553,1,0,0,0.11475638554842554,0.5362133630042507,0.7983003576308692,0.25902725937650983,8.150130594361539,11.707220758718405,17.987246077601228,40086,True,616.4291900000007,622.40191,459.3890299999998,394.0050933,0.032026078,0.752394154,,MV,-0.0005091618713459756
V009,Vesuvius,V009_mesh.pat,9f889b85ad91fc706d6fc53bc65388d159fd00f72481f9e3a3bfa753e62f0c52,V009.msh,acb579e026df0b3d80aa5d144ee3946139a0e7ff31e844c7e76196c820d290dd,19836590,105443,0,1,0,105443,603001,0.043105613282545724,435.0225154983389,1,0,0,0.19073454491770248,0.5310402678092294,0.7978540236739523,0.4061683479789012,9.03181286623024,12.042252220853152,17.186336213180944,21268,True,630.8643599999996,585.1522600000003,418.3382899999997,435.1460846,0.04314232,0.771105764,,MV,-0.0002839715351562466
V010,Vesuvius,V010_mesh.pat,9da898a5b9071bde35e37226faf72b2d2cf688efe52def6e14ca9bfe41d1f319,V010.msh,0a2505c3e0f01f1e81c07774c29edaee15c592f77857e72acdd5cca49eb4d8d4,16351065,87388,0,1,0,87388,496573,0.035071164189644614,406.1163928329873,1,0,0,0.2780419507051872,0.542912544023016,0.8062315181987452,0.810771033540786,9.007526819523742,11.850575972153774,16.435840907496058,19378,True,562.1927500000002,605.4912400000001,486.88666099999995,406.2791439,0.035113316,0.932213319,,MV,-0.0004005892733021099
V011,Vesuvius,V011_mesh.pat,2572c376e528bc16c7b0f636d01131088e17968956b8be04b1997558962aae78,V011.msh,19fc1c8f63a347b05e2bbba92dbd3a762d526e6c3a480214712eadb1c8849c76,13525781,72857,0,1,0,72857,410201,0.0288171492752304,380.3798165368441,1,0,0,0.23064793764030542,0.5348776687780709,0.7985740529994886,0.1002582324002177,8.999023302230368,12.037312899797234,17.11739900200564,18674,True,555.4045930000002,462.3872299999998,425.676328,380.5598092,0.028858052,1.105556377,,MV,-0.00047296813484931644
V012,Vesuvius,V012_mesh.pat,5183ec3ec994f0e5f858f6791900a6ea78ae72a6e28bbe5a7e315591123d22fe,V012.msh,7e43ad41f58e8aa2128d4d032c9cf10dfa60b5e41bfc2d424ba5515ecf705ca8,19051722,100891,0,1,0,100891,579522,0.03912515434312075,421.1975281653021,1,0,0,0.1305526545473992,0.5364610723705266,0.7993328395796979,0.09987765565928029,8.908641318305163,11.867407291489906,16.759085795523166,18748,True,454.64238000000023,449.4846399999997,437.17776000000003,421.3133979,0.03915742,0.984146181,,MV,-0.0002750202943353486
V013,Vesuvius,V013_mesh.pat,2b2e0830ebd2a57f4f12afa2a9eb170e7b1cbaa54a332df90c213a0b4b0d3a59,V013.msh,9729a229e445c8a512d90df859793939f727144e26bb5a62adecb155d2d747ca,15201945,80858,0,1,0,80858,462063,0.03265985376735677,396.58705825352484,1,0,0,0.2695668752793437,0.5475554614885146,0.8072097363737375,2.256109864368232,9.001059345355149,11.800905806844538,16.766582096721258,16354,True,430.00985000000037,519.3733,479.3578200000002,396.7141201,0.032691228,0.972223089,,MV,-0.00032028566677466674
V014,Vesuvius,V014_mesh.pat,5a6bd0fda64d48b54112169760f3127666ed7f1d28891166ec3fab94da1ccb1d,V014.msh,0d69db5e3cb9eec2e0e916aa09854fc56d2c633c62f6b7570fb9c8d6af5f50f0,15322205,81416,0,1,0,81416,465800,0.03322615211704928,398.8661141950642,1,0,0,0.3604136850112344,0.5452232288099721,0.8050598345078426,2.2286952962363618,9.024582424258245,11.871846196269592,16.663941827080752,16066,True,406.8537700000006,567.1095899999996,348.3232753,398.9895024,0.033256969,1.19302864,,MV,-0.00030925175773699465
V015,Vesuvius,V015_mesh.pat,d439e783efce570dd39874c6e3af95d58690215860d3db7aafd5b34f3151ad7e,V015.msh,2fd0878fbe7842470f3eb483f31d8faedae3937964169a5263bbf3da1422fe06,11208501,60369,0,1,0,60369,339929,0.02476437124338966,361.63980622527095,1,0,0,0.30928303633342913,0.5330958785416249,0.7984633476359194,2.1276894855037893,9.098703445153024,12.056038958554037,16.72571941710342,15416,True,511.85738000000015,717.66309,231.64451799999998,361.8103378,0.0247994,0.634426147,,MV,-0.0004713286407623807
V016,Vesuvius,V016_mesh.pat,98a22569bd706f8388b963aad0f9332c274d86ef2b8edc6bc677c72a4c6d8eaa,V016.msh,67294bb23748b4c19138626524ba2339ba56754ddf6c6d20f96b16611523b066,13257317,70965,0,1,0,70965,402505,0.02807726031173234,377.096095237909,1,0,0,0.2248002259323254,0.537964117570494,0.8006308001665479,0.5697012460059092,8.957041525108012,11.917055471234432,16.419180057075682,16156,True,527.1000700000004,467.56925000000047,415.2248899999995,377.2262856,0.028106327,1.001311365,,MV,-0.0003451253718543823
V017,Vesuvius,V017_mesh.pat,ff3ea18011bc64cccffe2d0ac81fafa74df70d58f65e836dd35eeb51b86ae740,V017.msh,a81df8ce069485241ab779073aeb0432d80aa32a76a6550cf9400866716fd4a0,13530877,72455,0,1,0,72455,410785,0.028599335487758032,379.4190276024013,1,0,0,0.25494001159027874,0.5335219254456205,0.7988144876264521,0.3979269264576819,8.966998605576173,11.94999922261815,16.689294261127774,16614,True,457.91682000000037,473.8164400000005,337.6625100000001,379.5391985,0.028626494,0.763271234,,SV,-0.00031662315269054275
V018,Vesuvius,V018_mesh.pat,7a5b6432fe5775cbb6dca37fd11323b9725db47fa5a83399363d578177333486,V018.msh,0d06d75e7d27ac4b89304f439a8d14f080019ba6273b70a0013f037ea2b8fd68,11144213,59496,0,1,0,59496,338506,0.023712214444863086,356.4438811667255,1,0,0,0.3525496277394526,0.5410432607350568,0.8018246223830894,0.6442735961528041,8.985638544719158,11.880676903500266,16.4815188902172,12838,True,295.68824999999924,371.05663000000004,367.3980999999999,356.5705821,0.023737489,0.813457742,,SV,-0.0003553319865265969
V020,Vesuvius,V020_mesh.pat,147a7bed26e020caf3c62205952b855f728803a163eeed49a9911b4b9482e38e,V020.msh,472589325515babd5e072841b41e48a229528cd57fc2e3e32815a82e71240a6c,9102873,48662,0,1,0,48662,276435,0.019610993231631933,334.58026630358785,1,0,0,0.29106133155988767,0.5364189043291698,0.8021823497570699,1.7565576672000924,9.001823452434426,11.916989580939338,16.50733320462773,10918,True,359.2369699999999,415.05901000000017,329.42096000000015,334.7271258,0.019636812,1.058247265,,MV,-0.000438743935261221
V021,Vesuvius,V021_mesh.pat,0d479e62c67ad232ef58d48e386930be197632dc6010a0f1f7fc794dce4f3594,V021.msh,cb6d04b615cf99b6e6afe35b9ef6c15fb1366e13238a77d197690d1deab0c7d9,8176157,43802,0,1,0,43802,248198,0.01754229893290639,322.37594510864614,1,0,0,0.3629557803590104,0.5511274963881008,0.8108320971759042,2.4787234118395376,8.999126712643292,11.760321121889936,16.060216172312558,10088,True,383.2892899999997,396.1686199999999,362.3437000000001,322.5268701,0.017566934,0.977073489,,SV,-0.0004679454809674022
V022,Vesuvius,V022_mesh.pat,de81c1d2f2fcf4f0d57916ccfa1e6aefe71bf14cdf420996bbd1367fc76476ed,V022.msh,4725cc3591c8b93632ba5507212622bf7d590f7f62e84cfc340bc0ff28eba0e0,7797653,41719,0,1,0,41719,236763,0.016960927726423762,318.7745639960351,1,0,0,0.3776112882498919,0.5511659192215559,0.8104192056617517,2.5959096870461016,9.041999422962173,11.807788342443024,16.045916213071585,9350,True,347.8200400000005,416.63227000000006,278.4479600000002,318.9184884,0.016983897,0.95768764,,SV,-0.00045128899452318016
V023,Vesuvius,V023_mesh.pat,9d0ba76627e4e1a3c9deb576ca736316bf0eda316f408fa28ad6a6d84375f46b,V023.msh,45ebbd970f9544582febe4c0dee319457c55b020fac415a1668bbb8c2b2653fa,6594269,35657,0,1,0,35657,199847,0.014284552094275094,301.03893459222974,1,0,0,0.33685916658677173,0.5388089108954842,0.8009010459306596,1.8613485708484097,9.027213596501754,11.962830865497157,16.447106979223353,9660,True,412.54679999999917,352.87140000000045,314.70618099999996,301.2210727,0.014310484,1.042413499,,SV,-0.0006046658892010504
V024,Vesuvius,V024_mesh.pat,9ad10e794e18045526c1fc374b9aaf88f15de424fbecb71a82018041d12215f8,V024.msh,11094f860bf084bc57939e23723eba0722148b7e1e1bc01f1960daade72e7ca9,6559185,35411,0,1,0,35411,198840,0.014215960428692434,300.55631764347913,1,0,0,0.3252552910951801,0.5406373693484003,0.8008096838809231,0.8250307237162361,9.052105102801063,11.959309297150034,16.656799730806494,9316,True,361.38465399999995,424.46756000000005,277.2438800000002,300.7244371,0.014239817,0.899788973,,SV,-0.0005590482042034939
V025,Vesuvius,V025_mesh.pat,fc117643ed39dc1091713ee71c4e85f5f545909917b78a540d772f7adb9c6dd6,V025.msh,07e4323a3d325e448b8d2ba4579536bd9b4ae90e80e07b7a56ac880a3f0653f4,6124121,34951,0,1,0,34951,183762,0.011387527674163022,279.1324158606182,1,0,0,0.1419782715612426,0.5355477203224777,0.7975645434352051,0.20557968041552577,8.625022159438236,11.85139183926271,16.670743373206413,16702,True,396.10433999999987,398.23946000000024,346.00846999999976,279.3272826,0.011411384,0.878115664,,SV,-0.0006976287370425993
V026,Vesuvius,V026_mesh.pat,ea0ee265d9e86091d0954e5f38422b6226b80dfc2112987f45b3ffa15c159967,V026.msh,4a25fc39f0ff3df216c2d2964ce7bc6260bba09097eccad6db3fd9f1c3319e51,7476521,40202,0,1,0,40202,226811,0.015923959115219093,312.1409950664571,1,0,0,0.16328030281311534,0.5424991621544957,0.8048287761442217,0.39988761311649235,8.982735988499046,11.881123655294475,15.936355814131023,9864,True,313.80184999999983,385.317402,259.19346799999994,312.2825319,0.015945617,1.013474012,,SV,-0.00045323327142809955
V027,Vesuvius,V027_mesh.pat,26f54f67a0c3fb6a491b5ad4a43f99a873686e9f62feae744eaeb50065618316,V027.msh,9c1d3cdd35ad1fff0a23c426d557991f7e0b2dde5c00f9f38260e3b756a811ae,6782009,36344,0,1,0,36344,205865,0.014694901795022279,303.8943939617508,1,0,0,0.41705500070283397,0.5503167826108598,0.8099284835652953,2.682225883309954,9.037176186336774,11.797914265757878,16.47951209507157,8394,True,290.4865600000012,348.1733499999996,335.95721000000026,304.0463936,0.01471695,0.896895549,,SV,-0.0004999225165919219
V028,Vesuvius,V028_mesh.pat,14a64f665e9e61ee6498407899d51023ebbf8c0a2c1126c11eba3fe4ba4fd88e,V028.msh,62dabdb9764179ddcb54853bddb36de6e41510af0e0584093c9c8f7882a6edba,6698429,35895,0,1,0,35895,203329,0.014400320475491425,301.8499987113413,1,0,0,0.29661799498934094,0.5350823742601234,0.8051838304383295,1.6253873232636316,8.993579606904627,11.891740390256786,15.759293875720193,8336,True,283.83671000000004,330.61700600000006,297.112201,302.0000186,0.01442179,1.064333037,,SV,-0.0004967545676126672
V030,Vesuvius,V030_mesh.pat,d9f2d68b4da1f9e8588e15608462033e4344d4113c57bc90599c228a5d8e25fe,V030.msh,05ff90ae2d38c84c9efae5ad40306320b551ca36682c434b7bedb9c107f89d40,5238537,28398,0,1,0,28398,158687,0.011379153603660798,279.06397701529613,1,0,0,0.3936696465685767,0.5503381481428877,0.8108985654520767,2.930062417755154,9.03581304406839,11.811153289625125,16.29715869417795,7916,True,281.65467999999964,396.8219825,313.53659000000016,279.2492717,0.011401826,1.137556628,,SV,-0.00066354581186856
V031,Vesuvius,V031_mesh.pat,5b7f4825c0d45bb5da4dc3eac43de56486398642e3fbd7bad452f3d9f10d9fee,V031.msh,4e6e25ef35353770256563e139b1a6c151312e02bbc86a8662b2cee4ad8912d7,4835477,26286,0,1,0,26286,146404,0.010420389922318198,270.9953148928505,1,0,0,0.27257341969279236,0.5357913011830812,0.8003343562599003,1.6771193351702418,9.020921191191393,11.936584644994117,15.838446910426569,7648,True,291.43334999999934,334.6610299999993,328.27228000000014,271.1864824,0.010442449,0.906460517,,SV,-0.0007049300741602815
V032,Vesuvius,V032_mesh.pat,fa7c9ad00c11cd2b6955917b72b10ea35a46cc943d0041a2fc6d188346a3a530,V032.msh,2bdfe35d3570826bf888e0c22d691134df0a99cdb5a6814232d8841d201610f2,4304961,25029,0,1,0,25029,128714,0.007267469073165675,240.32273434119628,1,0,0,0.14772585399305677,0.5361938268072081,0.7909613946292742,0.39295608037076174,8.295662194548418,11.751663965609032,15.694537254277257,13714,True,541.8003899999994,380.7577299999998,254.13122999999973,240.5560762,0.007288653,0.95007558,,SV,-0.0009700102466325689
V033,Vesuvius,V033_mesh.pat,da0d7158c941bbfd7bbce1eb38e9ca9b4c371983981578de983101cb61f4a3b2,V033.msh,68cb7d74c1a50f36be794cb417e52bf8037fef8a898ace16892fff82c9be158a,7339265,39302,0,1,0,39302,222809,0.011148453726937964,277.16518110713054,1,0,0,0.39622625666520234,0.5554468665900981,0.8122295045955524,2.7282546776751917,8.024574425575238,10.448010504920061,14.80327781117324,9000,True,283.19606999999905,347.0538099999999,242.75102800000002,277.2933195,0.011163914,1.04982177,,SV,-0.0004621041469751175
V034,Vesuvius,V034_mesh.pat,85f12329296cebb82d48c40c7945501bbe186c350fe03feb7dbd63f65e4bbf6a,V034.msh,93e53187b728d579917e0125324b5440b345cc6509acad723001fa110a97ec58,7008361,37637,0,1,0,37637,212656,0.010698856828703062,273.38808601568115,1,0,0,0.3516269051049494,0.5556482897906637,0.8177340924074625,2.8501346269044223,8.021951414411493,10.420588601150243,14.507862892890643,9038,True,260.2265900000002,364.0434399999999,216.42628,273.5186547,0.010714184,1.163557589,,SV,-0.0004773666515071051
V035,Vesuvius,V035_mesh.pat,c152fac2df75e90e4448c9d7ff8dd05cf4dcbf2d96e74e24f35364172e5598e6,V035.msh,899bd029fbe0c35f7eeb849a0c465005e17d6417987b134c999a76434cd8a2b6,5872765,31838,0,1,0,31838,177898,0.008961930492974134,257.7118071354952,1,0,0,0.3214449492945497,0.5414014623790365,0.8049860573024974,0.8947858026369818,8.03200910186814,10.61158771603498,14.22603754511638,8860,True,277.36618,392.3352289999999,191.12208999999984,257.8616772,0.008977567,0.974103152,,SV,-0.0005812033262645455
V036,Vesuvius,V036_mesh.pat,79fdd6bb81332a58c63525360a835486651bef50696b6c9b8766ce70d1e6ec4a,V036.msh,69689378620cf630effc6d5a7f963f49e3b3ef17d09fafe9c7ae045665e681ca,5525901,29955,0,1,0,29955,167393,0.008501656432385764,253.2221213151771,1,0,0,0.34984220111217323,0.5451958479398409,0.8026765696772737,2.6844488078009205,8.0424597771565,10.644867719788376,15.00857118595283,8468,True,368.28678000000036,283.89979999999923,247.22397,253.3776733,0.008517326,1.129241562,,MV,-0.0006139135417773112
V037,Vesuvius,V037_mesh.pat,43bbf19c473abff06659c1eb31638959e86cc49ed6fa37c5c5b4689b1ce958a7,V037.msh,3d9c156256deaa57636b68745af875e4c68040dde5accb9b50ca7be76c7661b9,5065105,29155,0,1,0,29155,151736,0.006495489417966779,231.49294098456244,1,0,0,0.14876454369230646,0.5354549413513132,0.7960049721696817,0.14355914216887267,7.6012433199377725,10.523917277392878,14.789407483909166,14862,True,305.07064999999966,305.30762000000027,219.2102600000003,231.6054332,0.006504958,0.71990948,,SV,-0.00048570628885213907
V038,Vesuvius,V038_mesh.pat,1a7b99f7d9f6d65c9482751e72e308ae11dcee1d6fddc2ad227ed58bf1200dbc,V038.msh,c0c66210ad59ba6e17ec14c234819f875d526dda1a51b301b512eb0a939e3dce,5102625,27721,0,1,0,27721,154510,0.007695565457112403,244.95180164535498,1,0,0,0.35519650931540386,0.5483347533715027,0.8072058161498854,1.3643479372670737,8.010293131885337,10.516903780748434,13.961712789251516,7968,True,272.1959399999996,276.33336599999996,266.0196199999996,245.1052259,0.007710028,0.990052431,,SV,-0.0006259526049746666
V039,Vesuvius,V039_mesh.pat,aa8c9157a3c5bfbd14c6369005d09e68c00cf74d9ffa040ae627fcb2058916f7,V039.msh,30db2e4bf3e574fc5f32572f1281035acdb8edbc3532ce4e5891ba114e19d009,5584281,30105,0,1,0,30105,169328,0.008516503770746425,253.36944507605762,1,0,0,0.34965478125852567,0.5576499727253491,0.8166302525185594,2.562354608271285,8.015766501311264,10.43366681753593,14.537733652602213,7670,True,262.5879100000002,322.1359699999998,218.0525479999999,253.5081117,0.008530487,1.018598598,,SV,-0.0005469908754102137
V040,Vesuvius,V040_mesh.pat,79eadc4a469bf4f666bc777abecbd48823d45fa8cf0ae4e42341e1737ebf85df,V040.msh,b7a72a48dd2ee76a76ae003ebef2e407eea873e7b698831e564d59e8d0d94ac0,5420173,29327,0,1,0,29327,164245,0.008210588191181464,250.2986742636864,1,0,0,0.3745997972882601,0.5448193446654315,0.8061763687863212,1.3621750349039055,8.008408506426477,10.583873797845046,14.574156904484337,7974,True,282.3695499999999,322.6243899999995,218.04362600000002,250.4305076,0.008223562,0.882144029,,SV,-0.0005264268222631152
V041,Vesuvius,V041_mesh.pat,0d3237e70fe8d73c80895c9c49b496fae4ae4fee760099513c97b79b33a5cf0a,V041.msh,e2448b5e5ea471c8c92841dcbc37f799ccb2d0b94bb59a794de985027921542a,5021229,28169,0,1,0,28169,151155,0.006900395254929446,236.20646593271135,1,0,0,0.12331402729494484,0.5391340364576261,0.800472575446053,0.11168916923801196,7.798910038424479,10.531772278681085,14.404999670457432,11502,True,266.03920000000016,305.589383,245.94939999999997,236.3638699,0.006914194,1.061112912,,SV,-0.0006659392036322265
V042,Vesuvius,V042_mesh.pat,8246775ba875b4c87d285dc12ed45f8f7eaaa2fa03c5b0ef9b98aa976fcdea51,V042.msh,5cbd49066b39bdba786bc4e6364766bb5293c740b467149ccd0b95000025e9fe,5258109,28308,0,1,0,28308,159476,0.007908679893633188,247.1924062666629,1,0,0,0.36967305349300567,0.5492715745163049,0.8080902154236265,2.06906719707861,7.9968138774834125,10.474699162962596,13.78013416256025,7160,True,266.4631500000005,278.5321200000003,234.72814,247.3328495,0.007922161,0.920115054,,SV,-0.0005678308951723166
V043,Vesuvius,V043_mesh.pat,8028c2a2dbfdb507091dad2df6279e05a67c7ee2e84b79700417c886240d740f,V043.msh,0fdb34aaf3e50e33bd3d62fc0cf667b016512cc935bc048950da49ead3d6c81d,5023189,27095,0,1,0,27095,152299,0.00761298188201769,244.072429778065,1,0,0,0.3715595999345734,0.5474761653403525,0.8118297901216553,2.405917148822025,8.021956283826784,10.46150686786929,14.209375182632868,7028,True,265.28215,291.5636999999997,219.132113,244.2149026,0.007626315,0.908048935,,SV,-0.0005833911870987141
V044,Vesuvius,V044_mesh.pat,39fe268314ab4dc7f0384cfc5268e10266b2bf53213e76f29b32b73db83757d3,V044.msh,95b87aff83ff7c486e04362904fd9a5fc327d6d94d3411532dd65543a9f29358,4708357,25399,0,1,0,25399,142751,0.0072478943397594935,240.1067727121063,1,0,0,0.39155549395186184,0.5477935728380933,0.8062700104525236,2.1937669269101328,8.06317359579316,10.586221848878829,14.323752945117384,6588,True,250.34918000000016,306.87139999999954,187.42603199999996,240.2593419,0.007261713,0.918131261,,SV,-0.0006350187538480823
V045,Vesuvius,V045_mesh.pat,b0d70429d536fab9e3bba5af16661f971a3ab49e5a969c429686a2177212161a,V045.msh,4eecde15051f3b75c3f23b34b69e03f6611e569331b14d17fe2b8c27acf5deab,4625057,24903,0,1,0,24903,140272,0.007155438912466848,239.08145234075636,1,0,0,0.35193898016256553,0.549250473094821,0.8081817755235384,2.681609983901871,8.09446655207601,10.56211207784763,14.177908073362794,6262,True,279.5561399999997,284.4274700000001,196.31622090000002,239.238243,0.00716952,0.713795151,,SV,-0.0006553745641897368
V046,Vesuvius,V046_mesh.pat,8e8290c1aa3904c9aae86dde415c52e1aadc5f91d2367ff9c181c1bb4f72f7f9,V046.msh,22b17b09a596217c4d7e83b155e14ced2a6f79df1507cff0f025e787c52500ac,4710429,25432,0,1,0,25432,142792,0.007089969722775729,238.35005295445512,1,0,0,0.37350488283708716,0.5607930596749943,0.8166060774763914,2.930796380611237,7.996447534386705,10.363576045481445,13.885018930390821,6626,True,219.7447400000001,294.9798300000002,224.8221500000002,238.4954448,0.007102946,1.283535801,,SV,-0.0006096210586613582
V047,Vesuvius,V047_mesh.pat,631f6b07ac0a885cc25db9a3be872cb3b3a7893ecd4618fd944ffb0b22766ef6,V047.msh,e90e42e96cfcf64cfafba7497957c477326481198bc7dcf9f05e5cb9467c2b5b,3765233,20582,0,1,0,20582,113885,0.005728261982716608,221.99409203291694,1,0,0,0.3601186548126712,0.543849780981137,0.8054516571828526,2.273949747378168,8.023887229834612,10.553427735264728,14.39950346912619,6482,True,316.6228200000005,218.64864000000034,256.6650199999999,222.1807642,0.00574272,1.0515248,,BSV,-0.0008401814970581123
V048,Vesuvius,V048_mesh.pat,0cbafb35b27046b0ccd67ee4a6cb6b4bd1c3c68d7434b3d3bff44b6ec45839a3,V048.msh,48e394eedfab65af9bb85b7a61cc68237a9f00a2cf145b0a33962bac339dbe57,4146649,22838,0,1,0,22838,125251,0.006056197190691269,226.15201503465,1,0,0,0.15782425628070754,0.5487858651014121,0.8039748310849859,0.6658379338098293,7.959398735897008,10.52186600168637,14.65558951018381,7730,True,280.759759999999,283.71385999999984,225.23619999999983,226.2934661,0.006067563,0.810073396,,SV,-0.0006250779918121063
V049,Vesuvius,V049_mesh.pat,661423f6791212f19d1481dd6218f18a79f152f5902c1f126b89b8f3d239e7a5,V049.msh,787186e7f65a3f5e1f03854eeb63409cee2cbaf387459be2f398ad010b51948f,4321705,23375,0,1,0,23375,130966,0.006457088847660432,231.03585269032644,1,0,0,0.34577033677882285,0.5462277763794182,0.8066045155855934,2.2505125099856076,7.9837694258618255,10.483688831147882,14.15370621577784,6374,True,250.25755000000026,243.89353000000028,218.58563900000001,231.1871218,0.006469775,0.919550688,,SV,-0.0006543146023697544
V050,Vesuvius,V050_mesh.pat,5d14bbba1efb0d8a8505f8c7fb038edccfaa125d8e961ff579f5a7ae6a301881,V050.msh,57794f6012a67408805a1ecedba17fcd4dc3f20bfa8c0575a4eb88af33f238e8,3440965,18891,0,1,0,18891,103995,0.0054655577776481605,218.54722133281615,1,0,0,0.3684790632369047,0.5477698020974279,0.8087716380731158,1.4691597548601891,8.179882902455692,10.693724433865881,14.527499617677298,6182,True,277.46533,308.4327000000003,158.85843999999997,218.7096731,0.00547775,0.635562001,,SV,-0.0007427735814390379
V051,Vesuvius,V051_mesh.pat,9d9a884138e34c0dea479dcd8fdf319d339e8d86d14084a6500828c63fa056a6,V051.msh,dc67261cc750179c6c953b4be45ec5d2473c7eac35233cc7f2eadbec70246012,4043301,21923,0,1,0,21923,122475,0.0061518762409841785,227.33675464562737,1,0,0,0.3887331855643641,0.5507778709612512,0.8098321089079188,2.3181852276166732,8.025289356252518,10.496353616197293,14.052387518464649,6162,True,211.3458700000001,261.0587300000002,221.123922,227.4888045,0.006164223,1.129699858,,SV,-0.0006683839000640734
V052,Vesuvius,V052_mesh.pat,15e8b95f24934ed180bb0e851c205526e9067e8017f0eba0a56ab323fbe28b51,V052.msh,7138ad6a8f7424d2f6dbcac52a81e0723d7730727acc4b0e8cc86ef452268f1e,3588245,19601,0,1,0,19601,108545,0.005131390944744649,213.9992052079633,1,0,0,0.17113178256926082,0.5416365977030033,0.8011652896885837,0.07635982627680027,7.908881403636827,10.568005888002839,13.775952682246553,6062,True,228.6205000000009,259.05317000000014,209.02633499999996,214.18791,0.005144973,1.035437,,SV,-0.000881024480031023
V053,Vesuvius,V053_mesh.pat,ad7b6d18474aef0a322f77f32180a3a81d316e9468ce9610def2b6eefee6f300,V053.msh,f4d3800f6e2a6a56aaf00497598ba1b14e0cf6d13a6e95ae3189bcc49714259e,3688933,20078,0,1,0,20078,111664,0.005473230582879307,218.6494424450434,1,0,0,0.3063248043478699,0.5497192277366538,0.8095310162110794,0.9150870332921339,7.988778675297282,10.459824219890518,14.379693029522596,5910,True,236.60908000000018,245.79719999999998,177.27061000000003,218.8099813,0.005485291,0.777598539,,SV,-0.000733690730207126
V054,Vesuvius,V054_mesh.pat,5d65795f740cf1d6bd15798105a7ef9c3f34f4fe437ee5f9c1d7ccd6dcf27b05,V054.msh,4879f7e55dbff9aeea4b670b367ff466eb04cec94ff6dfe70d0394a5a4a02332,2712740,15047,0,1,0,15047,81831,0.004119120497458552,198.8849672317806,1,0,0,0.42352292130945784,0.5505909915991684,0.8098820868308241,0.8059817823004717,8.044277642180905,10.55739584795926,14.48912652906323,5568,True,249.6359399999992,286.7366400000001,139.53659000000016,199.0534127,0.004129592,0.640830157,,SV,-0.0008462325058112841
V055,Vesuvius,V055_mesh.pat,77fe10aa33be0a66a24708e61e9e0d33dcfc9deb713e0c13be7f40b7b8775899,V055.msh,d9cf2af60b5290e5157d88fadb01cf8a94a5ea3333f213fceb846acf560d6f05,2397852,13428,0,1,0,13428,72204,0.0036075840866235044,190.28560997348978,1,0,0,0.3661116220636405,0.5420421392265282,0.7993685458888625,0.8141374179459656,8.037357548235677,10.638274005097996,14.71978756207432,5470,True,153.01802000000134,332.38446999999906,218.50617999999986,190.5081035,0.00362025,1.065437288,,SV,-0.0011678953410515502
V056,Vesuvius,V056_mesh.pat,268628a6481c50f28d6e51821fb7339b70446c0be02a6a0162ddb37f04dc2075,V056.msh,362b80e3643bc403d7bdb7f80002edacdfa71380bbb6e3d9c5a8b510116c6bb4,3006684,16381,0,1,0,16381,90995,0.0045305055006866395,205.29703631696339,1,0,0,0.3565273729077039,0.5448180201867485,0.8004359553186884,1.902960370290732,8.013036436562103,10.575362175674162,14.194162845600271,4940,True,222.1511500000006,193.50385000000006,234.4674200000004,205.4672464,0.00454178,0.918395554,,SV,-0.0008284049454054809
V057,Vesuvius,V057_mesh.pat,c414cb6df717b573a7346ba7349a90ef445ec5cdf1e9597d565814847eda056f,V057.msh,622c2e464cfd4d488156dc8d9f7e95d0a01b8e891167aa8d796e17e68e3489d6,2589344,14223,0,1,0,14223,78248,0.003973305594566997,196.50990641249422,1,0,0,0.3530251817268582,0.5387201827727647,0.8023448359978206,1.839046868869398,8.027331499788952,10.646885227180837,14.187041359851502,4748,True,210.4041100000004,255.24051599999996,148.02642000000014,196.6880973,0.003984121,0.853131872,,SV,-0.000905956638718175
V058,Vesuvius,V058_mesh.pat,bba02bc29b2e76c74795e34a998aa4bbee5abc460bdaad77540d721c717ca787,V058.msh,0b8ac54c9445a3a070297533116858abc4011e2684814087dad7248cec77156f,1899508,10849,0,1,0,10849,56985,0.0027886842593141583,174.63591915173828,1,0,0,0.4139613983923874,0.5481530227042838,0.8093617046916354,0.7541363302480691,7.970054019941153,10.546690140885223,14.454458701362615,5200,True,160.73247999999967,341.61879,182.94430999999986,174.8641646,0.00279963,1.642212067,,SV,-0.0013052728601302688
V059,Vesuvius,V059_mesh.pat,ec61d18730a44a1405e239ef14a9860b3b387046335fda3f1a10cd3b308b0b53,V059.msh,b0eab3ea317b181691cb5aed893a0c1646bd10e4572521180d951c2ac6f900ad,2369124,12975,0,1,0,12975,71631,0.0036226979548631276,190.5509717457355,1,0,0,0.38863198566855967,0.5507221283235559,0.8074678728452827,2.37404736781404,8.059101513207402,10.537128728481168,13.66958718424557,4158,True,189.83780000000024,224.41048899999998,187.69812000000002,190.7409789,0.003633543,1.169765129,,SV,-0.0009961527688505667
V060,Vesuvius,V060_mesh.pat,6065ec476eab6c5e87e8a8d7f7cdd3f1df451834b323aa5a3cdb05377d503f37,V060.msh,f1436a0529ca727323b24b1e78caddb7008123b841b901103c1f26ea8c6fa548,2478968,13551,0,1,0,13551,74978,0.0036840228706080352,191.62017470257268,1,0,0,0.39550376825691724,0.5462159148277922,0.807512053386274,2.41431305571439,7.979693676733171,10.457017572681316,13.895401682315647,4274,True,176.77297999999973,187.12493999999924,208.20105999999987,191.7958422,0.003694161,1.051194198,,SV,-0.00091590878828407
V061,Vesuvius,V061_mesh.pat,64916cf8265445505cf2e8e2d1ae9668cf24fbd282e739717cfc323f9f9c0c4f,V061.msh,8f37ab2cce09966b5484dfe40c4409af243753ea284ead211195fded3ec16dfe,2165228,11879,0,1,0,11879,65445,0.0033711937802864377,186.03515976019318,1,0,0,0.33267887073728114,0.5461736357572796,0.8037116583276013,1.8710077156510803,8.136131474789243,10.660365093239571,14.590690996825495,3828,True,192.72791000000052,218.5841300000002,179.246142,186.2390528,0.003382287,1.055493842,,SV,-0.0010947920790048693
V062,Vesuvius,V062_mesh.pat,38fffb2db24a7978459a42245699e439c15fb9d547c16aab16fcf73406d53df6,V062.msh,4fe5dba564f96b273ab42f1b2bdd0f3fe7292b9edad1a9607bc8ecd5f246d985,2179536,11987,0,1,0,11987,65848,0.0033190564953275124,185.07112893407586,1,0,0,0.3968511392484531,0.5609492805244178,0.8207977171337515,2.8635256070168187,8.020268098951743,10.372256730562805,14.448946739525411,3996,True,180.2752900000005,213.649163,166.23118999999997,185.2547298,0.003328942,1.092526496,,SV,-0.000991072487716571
V063,Vesuvius,V063_mesh.pat,28d0255c1b454a59c3c7d1b9879ad7302f844e81564375a11e64bfc0515ab54d,V063.msh,e022ccd669fcf55814065ab5545255349cc7396de1c301f901ea3bfe6ec8c443,2121604,11669,0,1,0,11669,64097,0.0032484441704898957,183.74925838722788,1,0,0,0.40637941713092995,0.553661150921395,0.811430233970947,2.5709509416359455,8.037814918851478,10.503817159479224,14.071097098747746,3916,True,202.8379699999996,202.0652,156.3280830000001,183.9344355,0.003258272,0.776404537,,SV,-0.0010067560882155435
V064,Vesuvius,V064_mesh.pat,1406a512516ded5e877143bc8385dd6234c23e08be73f19a5d3a6176d3b5ce41,V064.msh,6c26e36877e701a3eb403fa833d7cbb3785ca3fe62a4d95d50815eb10ae4cf9c,1354487,7794,0,1,0,7794,40575,0.002094719084898273,158.74828995706423,1,0,0,0.24953786373076223,0.5467177846030168,0.8063648953753271,1.6069028524713613,8.127875466311473,10.657393581443088,14.992906792281726,3944,True,227.13738999999987,354.1393200000002,116.99694459999998,159.0943785,0.002108447,0.801975132,,MV,-0.0021753662586876388
V065,Vesuvius,V065_mesh.pat,37304d19c36a45a0a50e7fa8c44d006ea5edd30cb5f92cb2e1dcfe3d149f1b1e,V065.msh,117a5aba6f23e76c6c095f194b105713a981588fcc600dcd7342c5fb0ff08f5b,1330939,8385,0,1,0,8385,39143,0.0015154281572962636,142.51007763939168,1,0,0,0.3818746970035503,0.5340618577776651,0.7830749193514092,0.6428962000978024,7.199643883422268,10.581676080916335,14.37343770741655,6952,True,221.98372999999992,338.26251999999977,136.42073000000028,142.84511,0.00152614,0.933653555,,BSV,-0.002345424079328473
V066,Vesuvius,V066_mesh.pat,b78d5b197aa35953e84e370164499054fd3e897691a7cd9b9015d619cd6844c8,V066.msh,8d222c36e26e360368851c88d164d2278905c9e6edb22a44ead7499841ac2a1d,2013272,11096,0,1,0,11096,60801,0.00306298377551088,180.1836407888237,1,0,0,0.34378801176198703,0.5471913327352583,0.8062192013690115,1.7834410915095162,8.05127976038113,10.551512956371358,13.721662146389523,3802,True,178.760538,211.50135,170.89777000000004,180.3784365,0.003072926,1.131935899,,SV,-0.0010799279279498641
V067,Vesuvius,V067_mesh.pat,7893623a13baa97f0844d01ba700c7631e6fa17eaaa9d9945bfcd0236af424df,V067.msh,bd51eefd4aa49a520a3b42add95dbe5f0a400e10798938eb3087bf17a7c56b6a,1935656,10680,0,1,0,10680,58445,0.002918886122025303,177.31256395543497,1,0,0,0.3826422843613895,0.5476571575488619,0.8073639487790276,2.2711849922468974,8.014160178258212,10.509974777873948,13.937059454777636,3732,True,169.83167999999932,199.02343999999994,186.2013239999999,177.504312,0.002928363,0.976039594,,SV,-0.0010802444312735249
V068,Vesuvius,V068_mesh.pat,8eaa871d37aec282871e686f18b05dd568d71aeb89d2f0960db081585e80b981,V068.msh,4d06847935cb508c36d91fc58faa81cb9c751abeb880e7f59f338c4b0bd288c6,1724143,9543,0,1,0,9543,52028,0.002686293107873681,172.47186457645748,1,0,0,0.36148978555213246,0.5361617764777257,0.7961545689749279,2.367869033920643,8.138732812851071,10.75542741016579,14.250277488950944,3436,True,137.13845000000015,154.98477000000003,240.48108000000002,172.6922364,0.002696601,1.371753927,,SV,-0.001276095718814485
V069,Vesuvius,V069_mesh.pat,65679766f9f8b282ba5afd2092af8045d6cf71878fb8fd5c65fa3a568bac6895,V069.msh,6b4a791f55f0cbc46cfba263b2818b71e50a20b54e8f3488dc2d486bcce97361,1804895,9966,0,1,0,9966,54489,0.0027434799549471696,173.68716362236233,1,0,0,0.36976465463097646,0.5455340324866293,0.8040943079944776,2.2447469543136,8.03519042984568,10.570718890619268,14.59030250841243,3524,True,152.35812999999962,188.86293000000023,196.962896,173.8848874,0.002752858,0.840697322,,SV,-0.001137095814329303
V070,Vesuvius,V070_mesh.pat,fb1cf8a39323e8fdd27f3ca2e2289403eaa62c380c409bbe889eabc327164b02,V070.msh,75d2aceb985d4e189fdb6ed4f2aeff49e3db4a17ebd1b4ee0ef5ed9992921e81,1600971,8897,0,1,0,8897,48275,0.0025109616289594548,168.63478034469586,1,0,0,0.32108080783545523,0.5408371935476707,0.80394361150231,2.1455739709690467,8.14861356227498,10.703251826378198,14.302829674645105,3326,True,227.6228299999998,192.20100000000002,126.77279999999996,168.8712652,0.002521538,0.780138786,,SV,-0.001400385406149951
V071,Vesuvius,V071_mesh.pat,cd4347aa338dfa487d0af78324aa7f31d10b31543ff9ad2fb985ec3fd7278c71,V071.msh,7f69fc248ebd9cbe048b0680888282bc34c44dcd76a6a4baa0de6e6442dc7fe9,1362439,7781,0,1,0,7781,40872,0.002064995804036074,157.99385058740796,1,0,0,0.3627318296838042,0.540188321023602,0.8000989941322435,0.7063874206128238,8.074259303948528,10.710179578663897,14.723762632300305,3762,True,247.13416999999936,191.26434999999992,154.90571999999975,158.25197,0.002075132,1.045766811,,SV,-0.0016310660309127867
V072,Vesuvius,V072_mesh.pat,9e6160041c9df409643405af401f1614d47f13619655d66c9481fcc133ad2d4d,V072.msh,719deb588bf4b723e175cc7ffa435a9f42df3c25b77489e9d7b17bc3d02ea276,1293755,7364,0,1,0,7364,38836,0.0019763675435787342,155.7003887671702,1,0,0,0.36857342977496166,0.5469684656628513,0.8042614800885226,1.5104908140569884,8.059839050248426,10.64576741569227,14.143541548225404,3420,True,125.27116999999998,245.06109000000015,226.94399699999997,155.9900222,0.001987416,0.597438421,,SD,-0.0018567433272009826
V073,Vesuvius,V073_mesh.pat,7d1954f99763e6aa74f61356cbbaeca87a35ca90d1080b58f3ca2e9ddea11023,V073.msh,52228c0e80b9c63dc0172435dcacd377a6bc2e9a157887735bb4284a4358c0d1,1617015,8964,0,1,0,8964,48781,0.0024925496529930977,168.2215894260824,1,0,0,0.40153499696141914,0.5568546138528203,0.8165818236683946,3.251710783890251,8.050147755620888,10.477612807641552,14.123820666578851,3276,True,184.9300200000007,184.58690000000024,138.48432000000003,,,,,,
V074,Vesuvius,V074_mesh.pat,65ba660ffd7c36264c874b32b7b5cb8a096f7e4d521891dcc824c4c53d1f793d,V074.msh,99a5ca967ff7bf360a47635c529580c245aff2498f17b35b4e56d2f3231d17f5,1527023,8451,0,1,0,8451,46080,0.002407813467015563,166.29329510367262,1,0,0,0.34911053325864494,0.5488187770848965,0.8115704865890397,1.2096457222673223,8.172070446071022,10.63083168865625,14.763395389855463,3010,True,191.28909999999996,191.71668000000045,139.11204500000002,,,,,,
V075,Vesuvius,V075_mesh.pat,238488a680bd9c147181b6bcedac728355f0ee3c0da586f733356dc7d4e4d3d8,V075.msh,37b598c34efb547719e020463c6c123263a848151ef3f0cd9758a23210837a8d,1609455,8986,0,1,0,8986,48489,0.0023962132981014505,166.0258136314928,1,0,0,0.43786633649891843,0.5675277182642516,0.818449792538766,1.0985346251934096,7.985696303516885,10.374203437251941,15.047932128317184,3486,True,156.97342000000026,206.7210594,142.9592,,,,,,
V076,Vesuvius,V076_mesh.pat,cd0c7b21fdeb73758de669d2523cdf344022bc436d1b9019eb1e400f9ccd24b9,V076.msh,6d27c3a9bd09de69ace4d6ae8be4b2d29a7a398fbc9ee760c70e76dc8786dae8,1637539,9259,0,1,0,9259,49219,0.0023218199089221543,164.28956114105202,1,0,0,0.22497991732285086,0.5501540501160569,0.8054017797160522,0.5115266450540297,7.902685567178541,10.52453260959809,14.147223649302516,4088,True,156.17799000000014,205.52009999999996,154.61931000000004,,,,,,
V077,Vesuvius,V077_mesh.pat,5000ceb1e9768316fe203d565499380e4869c239788d8b365ffec275072a8a6d,V077.msh,c3b01f56a018454133505d2adcaa79182b09a4fd6c6cc38481b78da4a2c05147,1366163,7661,0,1,0,7661,41125,0.002121911040948949,159.43225303449324,1,0,0,0.36158979719000933,0.5501092366236378,0.8097054137457902,1.8371430689248538,8.125213574072761,10.616702658745092,14.538592838986434,3132,True,178.7112500000003,195.2774300000001,137.52010999999993,,,,,,
V078,Vesuvius,V078_mesh.pat,743fbe8220c5ede0d9d51e1a51be1d324264f8227de677891bfd160672bd31b1,V078.msh,a2550e4525079d1987a81fa8eac5bc3bd29bad8ac7118611cc5d821f7ead5479,1355831,7555,0,1,0,7555,40862,0.002091394977229638,158.66427299717347,1,0,0,0.3509705423417738,0.5369779610092543,0.7985221790339654,1.7362229506035838,8.125795500485044,10.683713655298948,14.477616498436904,2944,True,123.62283999999909,156.8422599999999,213.68335000000002,,,,,,
V079,Vesuvius,V079_mesh.pat,b8c88866ff7957cd205c4da91b2887ecf18c115ae0c66ccbe428a26b8bd8af85,V079.msh,84200aeb78680d01811e69bfdbf8a97cb6bc2d498c089c7d9445384e6b8633dc,1306103,8120,0,1,0,8120,38521,0.0014412918690668304,140.1472040920605,1,0,0,0.16685049543889002,0.5435045485019713,0.7880050459591006,0.6034151057935921,7.094642188031224,10.500250309864914,13.681703379002295,6346,True,229.18039000000044,209.74737000000005,89.82556999999997,,,,,,
V080,Vesuvius,V080_mesh.pat,eb41112d91fa8edbfe7fc3856b57ed601a359a0a4e22f68b7af965b8d78dbd65,V080.msh,bc91c6f8a195172d911a7e4aa215c4612ee6be9e12234cceccc07022be233e21,1041531,5875,0,1,0,5875,31317,0.00166890420378313,147.16716668460407,1,0,0,0.40984754951585245,0.5479404802522232,0.8110987683153867,3.268612122229265,8.22042924306153,10.698512190991567,14.662967819777135,2524,True,200.57095000000027,187.4989999999998,96.3824005,,,,,,
V081,Vesuvius,V081_mesh.pat,a5eef99b069245c1edc3c586dc6bd7f0628d0b35bab25420511f0e728d6fbd89,V081.msh,f6b747573da596e47c1d014a4be51cd8496005632637f8631338752a64b1c164,1282695,7144,0,1,0,7144,38661,0.0019297113915834722,154.46541163255174,1,0,0,0.40758831305341015,0.5554335318659959,0.8103590832280196,2.942254862192792,8.012991499870171,10.430365866827533,14.925134026804747,2758,True,150.1240000000007,163.4642799999997,155.72017000000005,,,,,,
V082,Vesuvius,V082_mesh.pat,1c73fe10b27cb7eb6e8689580158ed515a77accc66291cf4306e7f004772c61f,V082.msh,d35c2fea906e6233d32ea84e6b8e9f1080a8b737570c60bcd4d723568f53e29a,1164507,6522,0,1,0,6522,35062,0.001826421850046222,151.6587564505811,1,0,0,0.43402459817965494,0.5529466295124695,0.8144427010370007,2.803298737734374,8.115676573033767,10.592924051093615,13.692032900386225,2634,True,160.022030000001,188.4115099999999,118.13523499999997,,,,,,
V083,Vesuvius,V083_mesh.pat,c4fe7a6e4c31b2ac927087072e2337bd7dc3240a00d981c561b0cf44376ff05d,V083.msh,2ac9d671176e72685de2b27cbe8aa72bc1da2283564336c3e5e0eada7ee5e226,1543319,9679,0,1,0,9679,45434,0.0014469202999380388,140.32939811041965,1,0,0,0.1377790638469082,0.5362273474829606,0.7849045112080624,0.12560643693732584,6.3893324825913895,10.23070478894135,14.79014537738664,7862,True,145.3754799999997,222.69925000000012,123.31665999999996,,,,,,
V084,Vesuvius,V084_mesh.pat,b4f86564d563d68c5866eae65ba6d211fcbc4f33fe934027127657385c6a43f7,V084.msh,fe5a0e17da84bee4708cb9ff60ca219596219276bb0cc54e14d35600056f27f3,1140987,6359,0,1,0,6359,34385,0.001738354837986556,149.18091598370378,1,0,0,0.3780761189098304,0.550783908593965,0.8090204198098613,2.149625362118295,8.061455923478622,10.5297137718266,13.961085979078359,2444,True,148.81534899999997,167.9119699999992,125.04200999999989,,,,,,
V085,Vesuvius,V085_mesh.pat,07c699fe38d5dfa8ea4f38d6a4a0e3a43d042e8dddfdbfcdcf4f02eb49dd2bc8,V085.msh,07786dbb723735fa1e7d238fbf4fbd2679b7adac70fe1e16c772c3480061ef4d,1087283,6615,0,1,0,6615,32211,0.0012966243707032107,135.29191765609895,1,0,0,0.12903412351893065,0.5363208157492749,0.792745395009403,0.20427974569126606,7.355987530094415,10.528204439454717,14.359948696109091,4664,True,160.4959800000006,158.70297000000028,155.1933100000001,,,,,,
V086,Vesuvius,V086_mesh.pat,3efed7d8c7aa8c975807904349289c9082bb63c476afa6b81e141f8685c2b154,V086.msh,e6fa923f59acaa91863ca1f0dfd6fa5485dddda0d64a8fecf008ae9405a52609,888511,5061,0,1,0,5061,26666,0.001397078638547357,138.6992384968187,1,0,0,0.43308178702809424,0.5492154274441604,0.8027179974941783,2.203820939459913,8.159854493261754,10.755686267000275,14.182879708416172,2366,True,160.66613000000052,187.2197799999999,88.38675000000012,138.9596643,0.001404962,0.63907533,,SV,-0.0018741107679927094
V087,Vesuvius,V087_mesh.pat,ca452cd9e5dc0ae1c658b936040ae0a1981e5b83e37e17a530524cb81d936070,V087.msh,c7e3975231d37feaafcaf6bfcb4077c729678e5c7006affba138886db1dbc970,1024003,5748,0,1,0,5748,30818,0.0015376691779723178,143.20387250790768,1,0,0,0.3395814944918625,0.5485962730723312,0.811337463699916,2.674421847689325,7.997726313372338,10.44632745237473,13.861811212829215,2380,True,145.80701000000045,157.8788300000001,136.06197999999995,143.4405974,0.001545306,1.010632398,,SV,-0.0016503339806386297
V088,Vesuvius,V088_mesh.pat,2cb2fe40e834e6adaa803ea41652a37b4cce697914ba0c6c7f6fb6c012bc51dc,V088.msh,ac93b6315c7e342c5b527997581c85f55dfbfbc8c83298b56d1e234fec4bdb5c,1000175,5621,0,1,0,5621,30094,0.0015112349687317356,142.37851446060515,1,0,0,0.4417780297826769,0.5492088107628494,0.8067911356812734,2.438325185469994,8.027014145185104,10.54992655257212,13.97303313167898,2362,True,154.90649999999914,158.37441000000035,125.37131999999997,142.6154498,0.001518791,0.828441688,,SV,-0.0016613581468706284
V089,Vesuvius,V089_mesh.pat,1da196a0d0e6f3a22a50525bb2ff66c543a3d37592ed049d03f44e1ef313b365,V089.msh,146b26edfb37f4add1ed7a6e3cf92d90c73a49cbf40033b906313c2156a12dce,712391,4181,0,1,0,4181,21256,0.0011191178924056253,128.81281534690115,1,0,0,0.39565788122689494,0.5442584362055907,0.800583893601906,1.6383688587691096,8.169596088812584,10.761222979792318,14.108459318557413,2418,True,142.12368999999944,216.88367000000017,119.87648100000001,129.1096778,0.001126872,1.285706489,,SV,-0.0022993044220798176
V090,Vesuvius,V090_mesh.pat,05e78ed86667eb1d69aa9a6c05eba8f25d51813bc9707acd4d5e9ee42a63efd2,V090.msh,1d0e3ecd1e900ea17692073b7cbc38e4b59ae7ef15f9ab86cdc942911a35ff56,3343721,18228,0,1,0,18228,101185,0.001293970403026197,135.19954815628472,1,0,0,0.39074999817501044,0.5471237299988412,0.8042362403836543,1.4032891880814122,5.073219628201345,6.702730323720756,8.878981288826646,5622,True,154.96615999999995,186.106015,88.0936899999997,135.3089089,0.001297112,0.682997099,,SV,-0.0008082301794045677
V091,Vesuvius,V091_mesh.pat,179ddc2dbb004cc41ab37e55d73c1af4d6219d86bfb82c40492156423d0ff25a,V091.msh,654a78cc3902a97f86832cf15ad6df5a4442316f7df313b6dec45fe37169a91b,781075,4500,0,1,0,4500,23390,0.0012009718496811595,131.8797358221613,1,0,0,0.40355109580797194,0.5546285617581327,0.8072683619095089,1.5348585120456029,8.095931838485008,10.634331268045406,15.542020967731972,2276,True,98.77613999999994,111.05933000000005,210.56852000000003,132.1751188,0.001209059,1.686334817,,BSV,-0.002234785037610987
V092,Vesuvius,V092_mesh.pat,041961feab96236e533eba981f790f4073eaa890cfce53aa795a1d0f799b56ab,V092.msh,edb9121e479f39cb22b3e629f943e06254e5fc4dac6e930c043819163da1e088,883863,4982,0,1,0,4982,26579,0.0013180171436293043,136.03191512129607,1,0,0,0.43665518758218747,0.5614256417096068,0.8120416789529799,3.459835211191092,7.991922360352949,10.410471856889345,13.649007206043116,2134,True,134.91707000000042,146.01318000000083,134.04798000000028,136.2780963,0.001325185,1.074458012,,SV,-0.0018064618261321996
V093,Vesuvius,V093_mesh.pat,16171a579f6c96a04b118b17b893d035ca9a9311842721cfa08cf2cf3244997f,V093.msh,5002c7c51ce33aa9255575069e5144a20b8bbd0c97daf5a5230a88567c4c0c32,736863,4186,0,1,0,4186,22125,0.0011444430120447736,129.77723485246807,1,0,0,0.3973577114727682,0.5436310179406982,0.8026993388039909,2.3607904526541805,8.147871524504984,10.681662674821258,15.276354307132566,1922,True,166.04585000000043,145.01861999999983,105.91558699999996,130.0732787,0.001152292,0.828733184,,SV,-0.0022759774374160324
V094,Vesuvius,V094_mesh.pat,b6ff4e941e36f73d899de89c09a5a8671aa9a62dfe23d22515259f64efef964b,V094.msh,039440495452b4eaab3db073f8b06bc29b1d579f9d89d5ff86944749fed69a54,1060795,5969,0,1,0,5969,31911,0.0011031236898721578,128.19621308650827,1,0,0,0.4494403231222492,0.559805844749157,0.8120308006795034,2.669533578438838,7.069035343121193,9.2565602718711,12.059800921356114,2512,True,130.60160000000087,139.35478999999987,135.8373620000001,128.4120713,0.001108704,0.988034065,,SV,-0.0016809806999176224
V095,Vesuvius,V095_mesh.pat,e2bb62147849b4d776e97fd766b267e31dacead82b6bdfa51f535a0c10aa1d60,V095.msh,6c2c1723eefceef12b0ce47f12178e574d93f5c8561dd4c76f39e42a056c9d4a,1019691,5798,0,1,0,5798,30614,0.0010454254436155514,125.92099531663807,1,0,0,0.43161108163368994,0.5596177914949982,0.8180877469421983,1.7348380643812091,7.028875330606798,9.160894266948244,13.251952384325232,2680,True,135.45037000000048,175.09447999999975,113.31981299999995,126.1364954,0.001050801,1.081558793,,SV,-0.00170846734466934
V096,Vesuvius,V096_mesh.pat,1c40e1d172ccfa2b58fe66da29d9fb9438b7f2f687d0268023d318023f6785f3,V096.msh,c487a86bd8654a9fc655a6b2681452f36cc9c32e257f9c1b64cd7ea6a8736a58,1195335,6659,0,1,0,6659,36026,0.0011802338389770499,131.1162380247329,1,0,0,0.42571852863504184,0.5677781122424297,0.8140400122337914,2.6681885587297223,6.963756825329382,9.034940054010965,11.900419137866395,2568,True,133.45574000000033,140.5698400000001,117.63849900000002,131.3134436,0.001185566,0.926963567,,SV,-0.0015017927324167957
V097,Vesuvius,V097_mesh.pat,fd5ffe9420b5acd755c0e832de5af660abefb45ea7a776a679a8c98c77647bb3,V097.msh,ffa28005a91cd553e829b7c41f49d510b32596a20f490269531317663f6b13b5,1045423,5863,0,1,0,5863,31468,0.0010902023916288073,127.69370929647255,1,0,0,0.4352277084143392,0.5635457234360891,0.811754154027635,3.0864110061039285,7.105256861746598,9.233772234777788,12.102311601876263,2402,True,131.4808699999994,152.02516000000014,106.19635000000017,127.9094613,0.001095737,0.934265983,,SV,-0.0016867556264773542
V098,Vesuvius,V098_mesh.pat,4b83a2ffd33f95a2cb2d9e14f956bbcb80054a7b49c8354842ef379c9ad79c01,V098.msh,c87097f83c87fd8530bea952f33ef281f1b6921420a55a70787a8502014207f8,987043,5550,0,1,0,5550,29696,0.0010316119037869708,125.36392304830449,1,0,0,0.39470428861075674,0.5463961354708651,0.8111205081340013,1.9831097449716257,7.1045689524116975,9.280101691580127,12.384564387320882,2318,True,121.6918099999998,130.58170999999993,134.6343399999996,125.5855542,0.001037092,0.960373673,,SV,-0.0017647822084899678
V099,Vesuvius,V099_mesh.pat,c65716847d15ade84911fe5ddbe300cddcdcdc9644a160cead09ee0a5239fc3c,V099.msh,7ed8ba54bd3fd786d80b73de1e88452f2d31f13299d17e2a1268290750e6fabb,940059,5307,0,1,0,5307,28261,0.0009794413801007982,123.21396747873531,1,0,0,0.31208822427699734,0.5445880032116315,0.7988261709112147,1.9715926590451822,7.0972477696262155,9.380726275319702,12.495011807583285,2328,True,96.01737000000003,135.15446700000007,154.13743999999951,123.4332717,0.00098468,0.808377199,,SV,-0.0017767026527313323
V100,Vesuvius,V100_mesh.pat,9c5067b164398dc501f60c3cc33d39c4f62c8a2ae46a5f94fd8f13056c29a53c,V100.msh,2b9ada9a3a8d0d993c5ce1ac4d59b8296754b15c0eb4fb79cb97885798da5071,1530159,8489,0,1,0,8489,46154,0.0009902025401920904,123.66357705020647,1,0,0,0.3996451089610045,0.5661743030827846,0.8159544614604832,2.664495427014343,6.038043139751779,7.8461848631896185,10.793855466395256,3096,True,119.46592000000055,147.64156000000003,107.726,123.8208854,0.000993985,1.112761958,,SV,-0.0012704508555672067
V101,Vesuvius,V101_mesh.pat,65ef2477169c6406c317668246d71c9c61266974a25a7bee37bb4220e46b2d63,V101.msh,8bc67efb663cdeb357b8cbc3cd8fa01a16409c9223b1f040c2dd121d71968d80,1541331,8517,0,1,0,8517,46525,0.0009724391153613282,122.91963606696898,1,0,0,0.3560578263801975,0.5699826191699126,0.8144019464555455,2.1909418093690816,6.005444454378482,7.774354375806838,10.272879719592973,2976,True,112.89718999999968,153.51533000000018,106.54968100000002,123.0802582,0.000976255,1.281599333,,SV,-0.0013050194676227367
V102,Vesuvius,V102_mesh.pat,3f742acf65cb8d98d9f3407fb2a69f6fda1d51a31f236545f1b15dbbf0b83737,V102.msh,20a5954f19c1dd1b1eb4e25970f72004adae7bf3202a2ae4f7c7cfd6d3796991,1429191,7967,0,1,0,7967,43070,0.000914615231099835,120.43330436030855,1,0,0,0.41517175229589326,0.5520674267139069,0.8120022830244822,2.0069973878655554,6.019271208708519,7.872590391011886,10.648760950711292,3086,True,113.1605099999997,142.33250999999973,114.81978000000026,120.59283,0.000918254,1.223222695,,SV,-0.0013228451450343348
V103,Vesuvius,V103_mesh.pat,98a9f1258dfaed0a947b29e69e254f89ca865e99af4b54b11a23eaed4e2c08dd,V103.msh,1db17857958ac0d1504bcffdb5c2b5f9a98914031bb279065c1bccf599c00ffe,1440195,8207,0,1,0,8207,43223,0.0008648154321614609,118.20656652278637,1,0,0,0.1478411670715307,0.5418078149061789,0.7987189928430548,0.4889814183583502,5.918854412426548,7.959659093416068,10.50077610817892,3864,True,100.10106000000007,125.63686999999982,145.68459000000007,118.362318,0.000868238,0.924060871,,SV,-0.0013158873520340286
V104,Vesuvius,V104_mesh.pat,320130193b69fba110942e00a595f77b42683072a04ccbf8bf3439993f7b63d1,V104.msh,b029799552a0ff26bc98b1e186ffb74ec6d7e5b85a8711fd3e61b5ceedb1a998,1331499,7467,0,1,0,7467,40081,0.0008571594618249272,117.85671549295029,1,0,0,0.4277535645383695,0.5506027490330334,0.8160632592210784,0.6932676145625425,6.0637914543676175,7.869666209365614,10.398320880877911,3042,True,115.37181000000055,152.3195599999999,99.03666000000021,118.0245374,0.000860826,1.128205116,,SV,-0.0014219238706350001
V105,Vesuvius,V105_mesh.pat,c97385bc7ae30f87c422f3fd3df6e3c769d2a5ce8bcb0627ee662e45ba0a9971,V105.msh,1b57b1086dc13f6fd1593fc9a70105b349c9adbe5e8b7d32ddac3c2875a14993,1304815,7260,0,1,0,7260,39335,0.0008547433749197023,117.74587651674743,1,0,0,0.34969493343140406,0.5467664594944032,0.802137951215874,1.3614575267370028,6.08523571994849,8.000105214826926,10.922768329192829,2756,True,119.87992000000031,153.01266999999984,91.399903,117.9189837,0.000858518,0.968835016,,SV,-0.0014680179375780034
V106,Vesuvius,V106_mesh.pat,29a729c4f8cb55586bde2db014c40c868929ecb696601e8e4e151c84cc9226bd,V106.msh,73b1803e97118e65e46233090a214fc3a3a0b79f75fabc1193f88ca4a36537d7,1313355,7315,0,1,0,7315,39585,0.0008460301563751442,117.3444103721832,1,0,0,0.4190821533532142,0.5608856535125939,0.8174599897912032,2.210428795252729,6.032076673005321,7.851855029525385,10.96057196840345,2774,True,107.29476000000068,152.7881900000002,97.29131499999994,117.5129106,0.000849679,1.287863708,,SV,-0.0014338869402218402
V107,Vesuvius,V107_mesh.pat,50a6a9b382437bfe4c48161c9e88c92eaa5a5b1dda7b9870a7180608a56d0889,V107.msh,950640021d73caaa76d8e82cd3f2c5eed6c93535346791b4b6329e84ad9a5a1d,1013195,5732,0,1,0,5732,30448,0.0006830768431085963,109.26732557906391,1,0,0,0.4183455376662691,0.5504259893146959,0.8130459508716763,2.0755487686123213,6.1206158124231695,7.995644240750417,10.499838612036935,2542,True,117.29967000000033,158.06887000000097,77.87420000000003,109.4582577,0.000686663,0.894628742,,BSV,-0.0017443372930290302
V108,Vesuvius,V108_mesh.pat,37420fe1ff53eedd8cebe63e85a39e902a66f8155179b11fa2c40dc768f4f4db,V108.msh,d0ba96065658d4d2d561ac8215b36e67ca363a25bf8315a04abcb52e3780ab6a,1030443,5980,0,1,0,5980,30816,0.0006272555151786978,106.20589475131814,1,0,0,0.4379435976780368,0.558682564044172,0.8089225234386463,0.5670531097382472,5.948438575738317,7.889973168026248,10.447755979855128,3182,True,94.66772200000003,98.92276999999922,149.98603000000026,106.3942386,0.000630598,1.449308744,,SD,-0.001770244809871202
V109,Vesuvius,V109_mesh.pat,d656c5bac91bd4b6af777f0c722966f4545b985c84a697486b04c8cc8ecec43f,V109.msh,376d0fe08dc59a5571489269ce5e25d72d39f296444d112df34b621e79a94324,1107163,6325,0,1,0,6325,33211,0.0006776864806715054,108.97914589074475,1,0,0,0.25245101530842085,0.5464096321113161,0.8123395638066113,0.42887424054135836,5.976067334944957,7.849477846408789,10.295702698747535,3000,True,94.50386999999955,149.5679399999999,93.77064999999948,109.1628459,0.000681119,1.569359789,,SV,-0.0016828070736037981
V110,Vesuvius,V110_mesh.pat,a1ea0430b3827f607e473d7167a317f7fa20d410344b42fd1eb24daa680b8cc4,V110.msh,a71bff852416f18271905d80924c52aa645696159c03e7abd74776fa4ac1f33a,1077735,6017,0,1,0,6017,32468,0.0006872397065660179,109.48884484732056,1,0,0,0.23489138705179982,0.5378503230138996,0.7986146896059556,1.1287045215475098,6.04451233585154,7.971162856367514,10.596929957682498,2370,True,103.95654200000001,126.37898999999925,96.48906999999963,109.6707798,0.000690671,1.129407679,,SV,-0.001658919112376367
V111,Vesuvius,V111_mesh.pat,2627caa878ed1ff37a575b12e6bef1dbc91b018ea7e4b16a000cc33964a17ee3,V111.msh,cc51e8e66993146c3d5d42358562b39a3638198516e336622d16989f17824c94,1009863,5700,0,1,0,5700,30361,0.0006601529253679435,108.0310614596709,1,0,0,0.40606046050570394,0.5599083256090457,0.817055153930905,1.9620279240887246,6.03846583570726,7.888027996784337,10.129494007935742,2470,True,109.94473999999991,134.16259999999988,93.9097899999997,108.2111393,0.000663459,1.041135611,,SV,-0.0016641340391940762
V112,Vesuvius,V112_mesh.pat,c2dd7fc7cae75153f42bc7cae072ef866f02d59ac60439b5c9829a13af8e5411,V112.msh,ea094ac2924ea24b632786e75a6e30edfab1b93e63ffbd58a4f2f3b37d5a8802,907355,5122,0,1,0,5122,27278,0.000603187276995955,104.8297419411909,1,0,0,0.43618401430580556,0.568548207790282,0.8187243335866079,2.6333183740703276,6.085735581275485,7.919010262801616,10.431918099956391,2208,True,115.54571000000033,125.17866000000049,85.11876200000006,105.0202647,0.000606482,0.798481687,,SV,-0.0018141523386304703
V113,Vesuvius,V113_mesh.pat,42caf18483bb71adf6ed2b92e91949a3042493a0cf5f745064d64437f4693992,V113.msh,39c12c439fb9ced507acde2db2ebdb89c5e1ff4e37c3fc79c853b19abe2e3938,916791,5400,0,1,0,5400,27337,0.000528867100934711,100.33427337570315,1,0,0,0.4122785380999533,0.5442909047652625,0.7983707529420658,0.5203818346179153,5.867604464993014,7.953378895700718,10.679394342218291,3194,True,99.22241000000031,146.75440000000003,79.27315999999973,100.5220359,0.000531841,1.179060608,,SD,-0.0018678742687190386
V114,Vesuvius,V114_mesh.pat,f00c52a771fe1ab63f327e011991adb0f86ae102172153f0b76a423a808d19ca,V114.msh,a326a4d3355945c82be43914c1d027a93681c9066758ffcad6baf0325ed58981,922363,5191,0,1,0,5191,27745,0.0005908758313215682,104.1116193029651,1,0,0,0.42157634593745186,0.5614264222513703,0.8092076508945608,2.533266666856097,6.034810127771012,7.87885736082774,10.260426896743171,2190,True,87.85748000000058,116.5857500000011,104.94752999999992,104.2963393,0.000594026,0.93018715,,SV,-0.001771107195848609
V115,Vesuvius,V115_mesh.pat,8e2d38389ccdd8f4452957c6cd7da12127535138ba2de152310249cbb8d720c8,V115.msh,8723d4bb32e594eb7e97b5cfc6516bf0248b10d994ed7d82f9eaeddb5825707d,824503,4680,0,1,0,4680,24761,0.0005435006750520899,101.251272146995,1,0,0,0.44480687231679567,0.5639774416194449,0.8147804251758863,2.5694839575178174,6.078197892946447,7.912780412497206,10.545804277106505,2116,True,105.98273000000063,129.2704299999998,77.08305890000001,101.4477004,0.00054667,0.888751777,,SV,-0.0019362514106332496
V116,Vesuvius,V116_mesh.pat,80ddafe417c778c4c08e352bbabf778953e353111decc66a4ebd399dfb4dfba0,V116.msh,af5a5f6b2015d084945ae1d5870cf341133d373b464cbc0ff82b42f63c6d3cd7,823187,4656,0,1,0,4656,24738,0.0005361437553728103,100.7923435524605,1,0,0,0.43386239883148325,0.5538015072787775,0.8057361164540537,1.952113601816853,6.097933856536871,7.969096335267599,13.671728175095284,2044,True,82.36434999999983,100.2824899999996,124.65194999999994,101.0047426,0.00053954,1.024363322,,BSV,-0.002102862123817828
V117,Vesuvius,V117_mesh.pat,4392af2098ff5d1db00c899b327c308fe0fb62b8bfcdcd0cb7f2a887a7abbaa9,V117.msh,b5e99225a9126885f3fd65c288d25c4302f94fbc0594b2b69a9da89acba46391,889491,5021,0,1,0,5021,26741,0.0005682470872518564,102.76523001880602,1,0,0,0.4016209054295185,0.5527081419013617,0.8140321573250299,2.688444748586254,6.015614428983444,7.840766286398205,10.397823546001552,2188,True,85.33789999999954,116.28018999999995,104.60473000000002,102.9456872,0.000571245,0.907274618,,SV,-0.0017529358062702283
V119,Vesuvius,V119_mesh.pat,f49ffababe48209a2600be73f487e9343a7cd17afdee91a1f80bd243b9cec6ee,V119.msh,9f203c811e95d06b90cfd69db04b31df8cbd53a7f75f4b03dc7270567d53fb94,787599,4607,0,1,0,4607,23516,0.000495529757554944,98.18015329340474,1,0,0,0.2579230783679054,0.5403730959025042,0.8073696424286771,0.581133573471736,6.034874718973228,8.028223363285578,10.825677320828435,2608,True,106.94665000000009,138.26372299999997,64.67833999999993,98.37861524,0.00049854,0.780518743,,SV,-0.0020173281165942747
V120,Vesuvius,V120_mesh.pat,0a6b71962667e933b4561a569a7757fb004443c1fccaab2ed7ab93189cf6c35c,V120.msh,9416700dd42476d208bc800b4e4f2106e8ea54166c5403bdc92995a543cb868e,782307,4467,0,1,0,4467,23467,0.0005064656029437038,98.89715029001725,1,0,0,0.44833135108931194,0.5704796713217499,0.8131539229712488,0.9972672512421186,6.066262368854763,7.880435465746572,10.414117718961819,2098,True,96.00018000000046,110.75682000000052,115.42001000000005,99.11101867,0.000509758,0.906942278,,SV,-0.0021578668331000417
V121,Vesuvius,V121_mesh.pat,7f04539c917e70a59d5a106fec2e4aaf5498875a884d490fe7e8bc7a63236c3f,V121.msh,be325af2b4ba2651ad4154054f880bf596500b37dc83a4d6a027d0833653e914,1359723,7633,0,1,0,7633,40923,0.0005102782816156362,99.14469642973232,1,0,0,0.3739506540556226,0.5720978711796276,0.8186684508907951,0.7544384711822683,5.032379534583852,6.549434895896913,8.786355356290334,3140,True,103.52642000000105,121.98915000000034,94.82214999999997,99.28483738,0.000512445,1.080050882,,SV,-0.0014115040520367161
V122,Vesuvius,V122_mesh.pat,e1208c66d63474eec671e56f55f33d9cef84979e0a2a6cf90f9cf287ca09646b,V122.msh,a831e1eaaea03e3064039740ad68c111eafcedd0b278078f4e60e873309e32a7,1250327,7194,0,1,0,7194,37455,0.00044790407673895135,94.92824772693703,1,0,0,0.4097298931315091,0.5450464873585982,0.8035331334806722,0.42903087400612777,4.9957963409533175,6.65251749471939,8.707956010906045,3650,True,100.95606999999973,141.44192999999996,69.46108213,95.06754987,0.000449878,0.961691733,,BSV,-0.0014652964471415508
V123,Vesuvius,V123_mesh.pat,529d44c17c212d25528d2b49d0ba7a51904896a03ede36daea163f1f771f4230,V123.msh,8bb05fc527e828927defeaabc2292bb5d24045520b80128c2bd29cd22a55f573,1127603,6529,0,1,0,6529,33737,0.0004147997504944561,92.52944446465932,1,0,0,0.4345341119268692,0.5557116436500189,0.8053892736988645,0.460204927504456,5.036083234817815,6.674787978337032,8.913114471322473,3446,True,109.42720999999983,128.60742000000027,51.894129999999905,92.67346756,0.000416739,0.557701794,,BSV,-0.0015540920085616028
V124,Vesuvius,V124_mesh.pat,0e03825e50e0911d89577e9e36c203e27d98f62035462b64dae4ac761e9cd788,V124.msh,dd1a9d56ebc7af7cfb03ab43cf1186599efe8e0cc862db612f6fb3d86f522ae3,1294539,7198,0,1,0,7198,39030,0.0004818167205516314,97.26600571010421,1,0,0,0.3657140777958073,0.5610283333000827,0.8149619467520811,1.826486371397132,5.042181546419891,6.536161511442937,8.87912879608176,2686,True,92.94999000000007,125.42475000000013,84.50013000000013,97.41382975,0.000484016,1.22371577,,BSV,-0.0015174851484144325
V125,Vesuvius,V125_mesh.pat,3fda2ae5a871c8471eb67a669dd8a6a2e9f16027182bf318edd8950c69f12788,V125.msh,1d4c28d0374d81a43efdffdf9cfef84e0f3c22a7e64cfed18fbad295b0fa01a6,1160531,6736,0,1,0,6736,34706,0.0004095992168155066,92.14112244063541,1,0,0,0.42993891839891035,0.5449998131572441,0.7975908588584866,0.43227981273692445,4.97769596203934,6.683136114164437,8.650545823443633,3616,True,92.26623999999993,117.84393999999975,103.63402000000019,92.2814302,0.000411473,1.014012461,,BSV,-0.001520433299099344
V126,Vesuvius,V126_mesh.pat,9ba5346a9a66786c566a3fdd0c32a94fe548624a170956d7dac6cb9590242958,V126.msh,e81a782b7cd6344f58f596c63d23f9ef7e490655d2f22a6b29823269705f4985,1129703,6392,0,1,0,6392,33949,0.000424663752520045,93.25716100560003,1,0,0,0.4268107932283643,0.5550776066563816,0.8180057716132603,0.9214656569639967,5.059906767407542,6.5700919447397705,8.652311460650177,2816,True,82.37550999999985,140.45633999999973,84.73781199999996,93.40882617,0.000426739,1.611786732,,SD,-0.001623670595366944
V127,Vesuvius,V127_mesh.pat,250d3fe78c7f432682ace36b138b06fc06296fe16afdacec702bc029e630b6cd,V127.msh,016f253f32ec415e8a3830e4950651e919d695971bb47f0d184a2ccc295c7417,1055531,5914,0,1,0,5914,31778,0.00039895017259807696,91.33558434980029,1,0,0,0.36915027541901674,0.5667382232098278,0.8174248135166542,2.078948905914242,5.060082301125767,6.557358794143189,8.579379916316428,2382,True,89.01976000000013,108.41712000000007,84.0309100000004,91.48985489,0.000400975,1.150011227,,SV,-0.0016862037915045258
V128,Vesuvius,V128_mesh.pat,423827b2eb724ec70e9782bb85877941dc6882462fbb7f2e645530e4b7ebcd72,V128.msh,7fb10811da39cc3ac4b60ce974a82b09c77ab94f29348be50db5aff1c0c28fad,1047691,5880,0,1,0,5880,31532,0.000388548173646323,90.53477290087422,1,0,0,0.4084587148384334,0.5673976159911868,0.8158897599793582,1.1077453637448682,5.029240572776529,6.520080878328501,8.993626449686598,2394,True,81.19200999999975,106.59465999999975,90.29214000000047,90.68722175,0.000390514,1.064099283,,SV,-0.0016810400206773712
V129,Vesuvius,V129_mesh.pat,cd9903c7fe31b21b1b0b9beb1497372358bda2e054ec2360106bee21411d7b76,V129.msh,40a1a0f66741948f51f1666ec2ec2fca8f1c02ca177c28909e874ddd0ce159f8,997907,5600,0,1,0,5600,30034,0.00037735711015762227,89.65708989504387,1,0,0,0.42777693154547713,0.5517072156678654,0.8126595093306603,1.6831940936148377,5.078658839533786,6.603854424850973,8.938604088078868,2290,True,93.62799000000086,114.48557000000005,72.24968899999999,89.82108155,0.000379431,0.94301072,,SV,-0.0018257590771142418
V130,Vesuvius,V130_mesh.pat,792af5e260945a0b7d9d88e8138b24caf7a4bcdefd5311d9b5319e49e4606c4f,V130.msh,aaaf6eb43a21ba1b1dbe7331136c930bfe6c90b461ddebc97bd1e49322adeff9,934739,5413,0,1,0,5413,27965,0.00034060995999328025,86.64687557778838,1,0,0,0.39148419349244284,0.5423007216047415,0.8081710138498961,0.41883974691918907,5.020921039439234,6.626399239585736,9.083294372996647,2858,True,96.00408999999945,123.28745999999865,57.5954999999999,86.79881148,0.000342405,0.772274331,,SV,-0.0017504375880380563
V131,Vesuvius,V131_mesh.pat,cee2ac4ee7b41d13a37d41a8e105a897173dbcff993d45479df00f21583648d5,V131.msh,56e72233418e26fb52f0ee390451c502f5a87bcbb5f081c361e1c17f241c9849,1027055,5786,0,1,0,5786,30889,0.0003720054085242747,89.23122953350097,1,0,0,0.4371849470068445,0.5590226754413562,0.812008804156986,0.836389736127668,5.001138202818668,6.507589144258321,8.906390115529277,2452,True,82.22886000000017,102.8076500000002,83.56533900000002,89.38174117,0.000373891,1.213677522,,BSV,-0.0016839192717533757
V132,Vesuvius,V132_mesh.pat,13a054914595487a991ef187eb48db27b18c8c9cfa029b87bf879498a5631b04,V132.msh,4ff94aa0bed873e7bbe834071678309ed4817d7392a60d5cfa79ac38f2ef8bb4,948655,5345,0,1,0,5345,28530,0.0003521329950157688,87.61316433511568,1,0,0,0.410376636671629,0.5599435610063088,0.8145262557484659,2.0373064977557473,5.015806435071093,6.526760099750944,8.950348915260557,2294,True,82.06840000000011,109.09821000000011,74.57167199999981,87.76461967,0.000353962,1.207068768,,SV,-0.001725699210613607
V133,Vesuvius,V133_mesh.pat,15ab808b0476dde27ac00daa130bbad74c11a306d3192210597f12ae0af6617e,V133.msh,eeb906cc519028897fee2a87368fcf1314c11df1196d7f00017267d8171f828b,832511,4708,0,1,0,4708,25019,0.00032022051199390514,84.88224193386719,1,0,0,0.43039355469008594,0.5669478349915293,0.8206215621898514,1.7546016259053223,5.08887460970297,6.570067406838758,8.494594236899427,2044,True,86.6575799999996,98.1522428,73.51693000000023,85.04542514,0.000322071,0.95967441,,SV,-0.0019187770049262642
V134,Vesuvius,V134_mesh.pat,b0f8be1d1704a17b95e84482144c69c9299eb2c38e7f59dfe7ae4dd68d930fe1,V134.msh,80fef72e51b52c12e2cb1e35d9d794cf8dc250b7ff8fb8599ee947ed35aa9194,747391,4287,0,1,0,4287,22400,0.0002897832865988116,82.10285080826759,1,0,0,0.4055344863771517,0.5562852091207707,0.8116596389917451,1.175761375814042,5.121352056255111,6.687480918745956,8.533341748300002,2092,True,96.7862299999997,91.34630000000016,79.69964300000004,82.27516203,0.000291611,0.924823395,,SD,-0.002094328561389913
V135,Vesuvius,V135_mesh.pat,ed442d0f38e6925ff43fdfa4865000826fbe2c2900ffc92e341f8777368d5162,V135.msh,4d79cb3d8a872eaa2c5e84539617d7f46d8011520283bbd693561cb9ec7fa15c,806303,4561,0,1,0,4561,24230,0.0003092847063342827,83.90476158182042,1,0,0,0.3915899916999107,0.5734070662608278,0.8168159019620207,1.9312575396160363,5.097586462933039,6.596852519640106,8.550374436910232,1998,True,81.45533000000069,105.76524999999992,69.36193500000002,84.07414115,0.000311161,1.106777517,,SV,-0.002014645238865853
V136,Vesuvius,V136_mesh.pat,1e354735ef85ef1710ddfa6e7a1e6567b1d1c3fcc124fdfd4464f4c420e92649,V136.msh,08d7c82f771366033edc3d4b08435ddf2beeac564366af0cda5075273aa6e185,789475,4438,0,1,0,4438,23752,0.00029700690512827923,82.77946997575035,1,0,0,0.421647045767394,0.5604639772420867,0.8134074438822945,2.0112740766734296,5.078504936158916,6.57480498240928,9.195134699905605,1838,True,76.60484000000088,102.6914999999999,74.24084999999968,82.95552626,0.000298906,1.295748594,,SD,-0.002122297237894144
V137,Vesuvius,V137_mesh.pat,df3adda242177d23c4c27725b7f88516e943c6aa6fd9e129e958fe3d00f17f8b,V137.msh,c6dbc304b4dd96f21b08a9a667b90228b78e478023f120d4728bfd921a66b505,773403,4380,0,1,0,4380,23236,0.0002866340704995843,81.80434964220959,1,0,0,0.5001766234552628,0.5509207455794648,0.8058090797139068,1.4309456159510836,5.027428138545551,6.61996635422494,8.588737350324802,1982,True,78.65505,94.82056000000102,71.44486000000006,81.96342874,0.000288309,1.096131942,,SD,-0.0019408546010810657
V138,Vesuvius,V138_mesh.pat,10b36b78004a9a3d62e087c02dbfadcbc26d085aaa1ee9f84b771b937127b1f9,V138.msh,261f2815d573c41176aa51d4f4c06ba54b8e24a4dc3a1db32c771423fa97bf6a,780207,4422,0,1,0,4422,23437,0.00028622878848769004,81.76577610554783,1,0,0,0.4340165512234935,0.5764782955148863,0.8194640153428595,2.0680841494721833,5.005593665630804,6.451957636245382,8.315813392489117,1978,True,77.03464999999983,94.11506000000008,74.7505199999996,81.92443408,0.000287898,1.183927741,,BSV,-0.0019366380278835749
V139,Vesuvius,V139_mesh.pat,567538b1baac12662343be18ad886dc2de76f59aaa9908fd5b1fc474c2986381,V139.msh,fe5de33f2020f9053a8e769d6042220b7f264d209f45a5b53bdc96b85e935e6a,730003,4172,0,1,0,4172,21894,0.0002745180578233517,80.63509435024795,1,0,0,0.43427143167705895,0.5446008951701453,0.8062879110434327,1.012154503274949,5.075243529821967,6.656799549044135,8.377960831347634,1988,True,77.56708999999955,100.93712000000005,72.69002,80.80291293,0.000276235,1.22084134,,SD,-0.002076887746577105
V140,Vesuvius,V140_mesh.pat,20b32a5e52f24dc05b8fdb1ca77cc116f51612e883d56923c7a68f088863d69b,V140.msh,286ebb39b077c224cec12bcb09d347391557f23a8a5cf3a7eb3e6ffcf94fbaaf,671567,3927,0,1,0,3927,20052,0.00023915330728374652,77.0121514601119,1,0,0,0.4029366125771096,0.5490093591589372,0.8093838556413946,0.40298852264540147,5.0010779272474934,6.607659448131236,8.851275785701075,2196,True,77.9943400000002,128.50733999999989,53.431595000000016,77.20155681,0.000240922,1.124100613,,SD,-0.0024533876998652504
V141,Vesuvius,V141_mesh.pat,9b84c10ba93e6f0bf8276d7cf046aec63b51dceb9cda80474b2be05c79c2eb9b,V141.msh,65149c5857638f0f0cb776ad3da18fb3eeecba58fa0b68864021912ec8deeecb,665883,3800,0,1,0,3800,19976,0.0002624141712783401,79.43213225901481,1,0,0,0.448953875562979,0.556543073456819,0.8130235435778038,2.1458422100806955,5.14766156472184,6.702457480550055,8.452087253548516,1784,True,86.26252000000022,93.74270999999999,69.6807060000001,79.61623507,0.000264243,0.875421975,,SD,-0.002312377755910311
V142,Vesuvius,V142_mesh.pat,f0b03efa87c6e808fe3c22709aca31e83d5853617338f4c78cce902a64601e07,V142.msh,28d4a9c550cdbba0b6c8d6c1f1d5252b825f26e58b595fb0d67aa99ecba62ae4,735939,4739,0,1,0,4739,21539,0.00018071696452241054,70.14554604094882,1,0,0,0.15816650596425175,0.5394080372292772,0.7811358906273783,0.08878448175172833,4.169414948703067,6.554242005833503,8.946420534744686,4246,True,77.01082000000042,137.57548999999995,37.64901000000009,70.30188633,0.000181928,0.872041434,,SD,-0.00222384202206638
V145,Vesuvius,V145_mesh.pat,83701f365b7e430a83bf58083945ec7088f4fe5e410454cccdef38b208bba100,V145.msh,e68437f718758c6d91907a2a4993eed7b2d4207e263c52973911f75921b2b575,507515,3235,0,1,0,3235,14885,0.00015123014789889945,66.10179478309657,1,0,0,0.20260024980322158,0.5439389790797888,0.7884052216327048,0.4420130486764243,4.666947022637283,6.696270170688842,9.352059189723816,2800,True,60.61329999999998,162.21551,28.170750000000226,75.24052344,0.000223025,1.119123213,,SD,-0.12146019510604611
V146,Vesuvius,V146_mesh.pat,8848f314c819d0db7cc751c8f32a29752fb7e4587385b0f291265e533f9a7635,V146.msh,95053d93439181515c0e119618ec60ce630299bf8a814d1a0ea7c626cc89636d,597367,3520,0,1,0,3520,17809,0.00021609753797550404,74.45326235710408,1,0,0,0.4168504207063695,0.5622768259276836,0.8125145753515948,0.7169043615433046,4.997382740064554,6.580376429388496,8.620252185023753,2052,True,83.05717999999979,90.29260000000022,66.73987000000034,74.62079719,0.000217559,0.872110415,,SD,-0.002245149331081886
V147,Vesuvius,V147_mesh.pat,5813e7d01d335e1922e373a29039226a989398ab507765771612414df9ea63cc,V147.msh,2527f4bf5ca302907f3c8c576e4a4b94a0f26b112c9fffa741bd942b04671389,524679,3031,0,1,0,3031,15702,0.0002041936909058255,73.06026318381146,1,0,0,0.3911422133771215,0.5518916024563357,0.8075360507680149,1.4605391874233875,5.132737838181544,6.694086787251306,8.462702053776834,1558,True,78.3149000000003,94.00911999999971,55.073330000000624,73.2545059,0.000205826,0.843497424,,SD,-0.002651614584005313
V148,Vesuvius,V148_mesh.pat,333ba63264dcab2f396178e456fb228531a80b503372f39055f864e0f0fe29bf,V148.msh,8ec9d44ba95959572b43950d7d5b4a2fa5e554a3aedf808502aeb1fcb1f95aac,571495,3455,0,1,0,3455,16950,0.0001858299595717169,70.80094211808185,1,0,0,0.41700027512569093,0.5547693657339179,0.8057172951758864,0.4001449107504852,4.8316944532118065,6.540618532171635,8.690121425268183,2344,True,61.70320999999967,90.60185000000001,80.01664000000028,70.97572368,0.000187209,0.871629528,,SD,-0.002462554136202555
V149,Vesuvius,V149_mesh.pat,f36033108b7ea328a84ed95602d2047275657f8a98fe7e61b1f31fadfa7410be,V149.msh,b40878fd261f203c72d073281db580b4630de84434f3ac0b134b97bd1d8e8023,530923,3143,0,1,0,3143,15813,0.0001895612972591387,71.27168337982238,1,0,0,0.3634452637996664,0.5561029744802437,0.8117711721651404,0.6492365769888648,5.005173809919414,6.583522301266713,8.773141719184826,1888,True,76.5890900000013,92.29477000000043,54.834789999999884,71.45203525,0.000191004,0.863953336,,SD,-0.0025240970330179247
V150,Vesuvius,V150_mesh.pat,ab12c38680ec7f4b92ed573d7a90be049424844ecbc9c7050ce218b74847eb04,V150.msh,d8a44b2699b71d3b9fdbbc452263d2bec31a14d5367890c4b03c23d0d64542a6,474167,2794,0,1,0,2794,14135,0.0001787777476192267,69.89373993392392,1,0,0,0.4383253428552368,0.5523996270646697,0.8082918338841006,1.4411504994618864,5.088769223505792,6.6578993524006505,8.927467359173177,1642,True,79.13922999999977,104.30732999999964,46.69450000000006,70.10026955,0.000180367,0.775926633,,SD,-0.002946202880557469
V151,Vesuvius,V151_mesh.pat,fcf0775d0d1208b141c199f95b76f0e0c742be40ac88be05bbad8383a24f9802,V151.msh,8ed5328cf29d82105a6ad80263837196cff42ced0c54beef14212f01d1303ed6,579139,3473,0,1,0,3473,17205,0.00018774077823405314,71.04278810203478,1,0,0,0.4124922496232478,0.5446330191230095,0.8092835000416146,0.40315729188523747,4.816664915402167,6.492437425007059,8.946698797884613,2238,True,79.04612000000088,83.80803000000014,54.904669999999896,71.21837669,0.000189136,0.73792296,,SD,-0.0024654955100917864
V152,Vesuvius,V152_mesh.pat,8bf98258791bba53a25d9d9d8f570fea2ed197cdb000a2cf34b80314916a8e6c,V152.msh,3cd06d7b38071174a63da37264e773ed36c6b2e44e8fc557f13bbf824a44f649,496399,2857,0,1,0,2857,14866,0.0001893684345363611,71.24750419094177,1,0,0,0.4463892240744328,0.5700150121712002,0.819832061862382,2.0904130048571625,5.096379689700568,6.563008545700084,8.802730988949216,1418,True,67.76393999999982,89.93139999999948,63.13241399999981,71.45129459,0.000190998,1.237493716,,SD,-0.002852158246083869
V153,Vesuvius,V153_mesh.pat,0da4a020eb7cb1c390395a7d99151a9fc5165c3e751aa67482fc052aa95dc62e,V153.msh,37d39d7ffcf77c3afedb2f0932416936d94afec4f2fb899a2f4c2e4178ba59a2,447847,2600,0,1,0,2600,13389,0.00017002565235799824,68.73405126835698,1,0,0,0.4651984810026907,0.546908861562656,0.8031490174065941,1.8841037978253456,5.0939590675431505,6.680372086963722,8.808729750861776,1388,True,70.26081699999997,85.60154000000057,55.671066999999994,68.9293547,0.000171479,0.963031259,,SD,-0.0028333854639005507
V154,Vesuvius,V154_mesh.pat,73669763fbe520be2b793e491d36af05460565896c8a86e1584c43efbbafd3ed,V154.msh,d64cc355bed14375e322fecc2906263e90eb28e841d04fa6c1f299cca40077bd,426819,2527,0,1,0,2527,12711,0.00016002069103345683,67.35851536582324,1,0,0,0.44032672606608975,0.556147376645623,0.8100633708301509,0.813369771607072,5.078005283095288,6.6445295677561385,8.63865804730112,1532,True,74.70161999999982,88.59323999999992,49.94865000000004,67.55431949,0.00016142,0.791563167,,SD,-0.002898469345187449
V155,Vesuvius,V155_mesh.pat,3cb63db04c2a956debde491b82ade88f1ddfcb22e101b7362120c553a6977b58,V155.msh,31ab3d7e13e364e7a19ae98e281dce5cfd117a585365a93894f3ecbe0ff803d3,494859,3140,0,1,0,3140,14528,0.00013596029029793607,63.79762139544497,1,0,0,0.20140756665685697,0.5471560290266068,0.7850845182116022,0.4392984208939621,4.443397791746743,6.622591173117594,8.644047984053058,2652,True,94.31906000000072,84.1550599999996,37.04904000000033,63.96060343,0.000137005,0.493639095,,SD,-0.0025481628661211397
V156,Vesuvius,V156_mesh.pat,3f0b9e4e32584fcd1ee971e1a3c8416a8752db1c63c0ce25e81117c3e8b7f135,V156.msh,f92b33c9b85836bccbb7ed88eca2124d83c869cc5ec3531790a62c9c0e3efe13,565223,3713,0,1,0,3713,16468,0.0001142553668558659,60.20408990129339,1,0,0,0.44982238073397035,0.539015605955181,0.7789671469533097,0.3562125211167278,3.615415394349799,6.293645972923799,8.566447519934592,3578,True,81.88737000000037,96.64189000000033,25.387810000000172,60.32541763,0.000114947,0.365856413,,SD,-0.002011220700547045
V157,Vesuvius,V157_mesh.pat,3f38f38358697a27130b083b2b011f96553c5c5f24afb08435af767b6dc9606f,V157.msh,33ac4f9297cac62256f22fa702fac1242a1a804813563e5f7531ac1cb35c0189,422199,2461,0,1,0,2461,12612,0.00015820675500153716,67.10303039332668,1,0,0,0.4498197452704386,0.5584287611542733,0.8076024773607222,1.4683661037329203,5.076493544284713,6.636713290914553,8.436752110098741,1338,True,67.54845899999998,84.94828999999936,50.813297999999975,67.30789283,0.00015966,0.946658258,,SD,-0.0030436614200766154
V158,Vesuvius,V158_mesh.pat,f163e42f8b0bbf1f8ce48229bbaa227e8ef9784bc84306504fd7052069a1d40e,V158.msh,43d2a976bc36d49e7ce8509fead04b9e423678fd5c2a7155c7df3b706381f44b,425951,2474,0,1,0,2474,12733,0.00016064268637427928,67.44567600252871,1,0,0,0.467410776067008,0.5661898442913774,0.8153974154848745,2.123639055034317,5.053100876425194,6.570070459540716,8.940040601978167,1312,True,64.92854,79.63537999999971,58.79498999999987,67.6455474,0.000162075,1.112497271,,SD,-0.0029546866741931854
V159,Vesuvius,V159_mesh.pat,a47e2244d91efa0c458ca9048d263eaa178e0617d443221529efc08679e47be0,V159.msh,5129564f970cb11e31b0ce17810befb19589737bf3d86557a89984d1431cb329,415871,2446,0,1,0,2446,12401,0.0001505302503466981,65.99966338445167,1,0,0,0.4386475062291024,0.5712164905188315,0.812461570223802,0.8317592364382539,5.007829427236235,6.562393996504094,8.45940085082261,1400,True,65.4691899999998,78.93019000000004,54.85415000000012,66.2013378,0.000151914,1.008121381,,SD,-0.0030463797598413445
V160,Vesuvius,V160_mesh.pat,ec7a3b2ee8505ff2cc01cef8615cf0dd3940f50885afe3582fe8167437b7f30c,V160.msh,9faae4c9927ac1d2047f5718996eb2d434ae83e50c3e0efd9047926c6fc51109,309106,1842,0,1,0,1842,9192,0.00012247540474056703,61.61456977247992,1,0,0,0.5112509475681709,0.5636974707033321,0.8132161358196293,1.7435178012735055,5.16394451100692,6.737963941415485,8.542120227035603,1136,True,64.17166399999996,78.61443000000054,47.92406900000003,61.84309977,0.000123843,0.916256662,,SD,-0.0036953192574435967
V161,Vesuvius,V161_mesh.pat,7e975e590c62fa83611927df71365bbd2176fa5e54d7ff48a6ae721907b53127,V161.msh,67122acecf185438541dfbec16f8e59f307bfa4dc33a0c560ba6b4c2b2b465f0,315098,1901,0,1,0,1901,9347,0.00011553783819935754,60.428508022054665,1,0,0,0.4409109083425368,0.5539112589305121,0.807950942564973,0.8807565622238286,5.037261501172732,6.6625387819983635,8.331865276988799,1264,True,67.81574,80.0663199999999,43.03592000000003,60.65414921,0.000116837,0.749199862,,SD,-0.0037201278211670408
V162,Vesuvius,V162_mesh.pat,2c687752e858eead344fc6ae75bb908f966fddba2d945c20e78a74eb4b909601,V162.msh,b0dc24c6244ac6acf458f2264238dd110b44954dce80b352feebb14d6337fc07,305438,1915,0,1,0,1915,8988,0.00010298658578446678,58.15593102313423,1,0,0,0.4634302125873504,0.5586307232198915,0.7961811551099198,1.058783471866841,4.855988948497068,6.659764187433155,8.934630074048671,1528,True,75.65085999999974,73.27984000000015,51.315650000000005,58.34643301,0.000104002,0.724635521,,SD,-0.0032650151352545675
V163,Vesuvius,V163_mesh.pat,4f1ce2fcf77cc4debfeb421c1e2aa42746b0342e193db9ec5a9eae72fa1de80c,V163.msh,9eee7b3bf531a0b938f4fea92509ba713fab56f520a75ce796facd19534760f9,316806,1900,0,1,0,1900,9409,0.00011535199364924435,60.396090545006615,1,0,0,0.4452862772068227,0.5560161383240717,0.8118518295423036,0.9297456404846125,5.024233969374842,6.585861411091047,8.833441684932675,1220,True,59.098499000000004,71.02024000000029,56.819709999999986,60.60891091,0.000116576,1.155736098,,SD,-0.00351137088256559
V164,Vesuvius,V164_mesh.pat,32f28006f64335e7c002d01b391c342be464368b1869d183117f56fecb89876b,V164.msh,c5777063d126d041c36e41f796e809bb3137c92e7f52fbf6ff3b92f34d8c705b,279678,1701,0,1,0,1701,8282,0.00010299117751702319,58.156795318586624,1,0,0,0.4844438785784985,0.5528686486492698,0.8031161234451323,0.7989510588893955,5.053949299913646,6.703930181445402,8.321186047229249,1178,True,59.66726999999901,80.68859999999995,40.47371999999996,58.37883445,0.000104175,0.917386066,,SD,-0.003803418370806
V165,Vesuvius,V165_mesh.pat,9acb7643f6c3f3eddf22dcc2bd76b72bbc2c2c8ef2b8cbd70f410e96384a663b,V165.msh,81b069b462b7acd26ca5e88c501c1657a1ea4e07b11fd3e8ed112bf1cac6f567,278614,1756,0,1,0,1756,8189,9.136866634541462e-05,55.881264018048114,1,0,0,0.44560538383596554,0.5505032497843558,0.8002950199380157,0.7562811364249717,4.81625938631378,6.595469822837034,8.680934173632574,1428,True,62.404169999999795,74.75795999999946,43.890089300000014,56.07190616,9.23E-05,0.843868935,,SD,-0.003399958285846272
V166,Vesuvius,V166_mesh.pat,ac6a3c85c9d9fd3ccb7417a7894c34cba54f4720e5f1d42c12bf53578e3a7dd9,V166.msh,5a8ef1915286ccecdc870077c03833792ff7f5e35312311abf314efbb7a3d9e3,280854,1773,0,1,0,1773,8252,8.637986688150811e-05,54.845117262798446,1,0,0,0.45769354473853635,0.5607893169459672,0.8017393720179162,0.5975936178539117,4.7412530372785495,6.5514085087032905,8.16502531937885,1446,True,61.94748000000072,52.70506999999998,71.14442000000008,55.08053683,8.75E-05,0.973079096,,SD,-0.004274097181154013
V167,Vesuvius,V167_mesh.pat,1c48102dca7ca41c04e4e7f8873f9f87ba889e017c55006d5376024d190f1065,V167.msh,b892cb808d26c4af1cc3bd12f801b5d42770a8637d53463a628f42540b6e9680,472543,3352,0,1,0,3352,13519,4.889281806977642e-05,45.367914499264934,1,0,0,0.17081095080883615,0.5435066735423209,0.7776065920149694,0.2195239399241166,2.195645999253613,5.668854361002865,8.2336135032561,3972,True,50.69386000000031,119.35475999999926,17.936460000000352,45.49269578,4.93E-05,0.832455738,,SD,-0.0027428860522686893
V168,Vesuvius,V168_mesh.pat,791422c6ab73b48c2c84204fad57d818cc6f38aba24acb15d4c2de05b2dace83,V168.msh,35cea1377fd6ba95db8fa0387b572b05e2a025bfc6810a5ead8ee91e43614005,495811,3572,0,1,0,3572,14130,4.107767581821219e-05,42.8090654448328,1,0,0,0.17396362967962137,0.5307498598185911,0.7770334845180062,0.10033708885520849,1.798893450708065,5.538864955955789,8.38958085543639,4424,True,68.92119000000002,81.28491000000008,17.55731999999989,42.90010969,4.13E-05,0.300723058,,SD,-0.0021222380507904814
V169,Vesuvius,V169_mesh.pat,0e28e6167c8e38dd8823f4823d4f893ea1623a41583fafa88b1c9d9d76eeb036,V169.msh,a21c95401e086f67d2cb4613d8dab277e5eb4594af229f9c2e26c0b5b7714e88,203546,1261,0,1,0,1261,6003,6.595540611553667e-05,50.12840952198761,1,0,0,0.4477554911010408,0.5444645631026322,0.79912534416439,0.6822238029414996,4.83355628519068,6.570173387990588,8.388378059630996,952,True,54.254149999998845,59.53634999999986,40.228290000000015,50.37444524,6.69E-05,0.813719328,,SD,-0.004884137519335474
V170,Vesuvius,V170_mesh.pat,3c37dafad1b37792442b757fb924c6e24d3a19d9e1e808d127c1fe893a7a4dd1,V170.msh,c3e4daa4a2395ca4a34ae21829dd3753f34adb495b7f3c3270fd0dabbe71745d,197526,1267,0,1,0,1267,5782,5.9266029841887247e-05,48.37293116787683,1,0,0,0.2758125165885096,0.5469902728671343,0.7940153185709842,0.5090993564133338,4.675712642080728,6.54984523577685,8.43966684962198,1100,True,54.064839999998185,56.92728000000079,40.336900000000014,48.60707709,6.01E-05,0.786514497,,SD,-0.004817115863388177
V171,Vesuvius,V171_mesh.pat,76ce39dd02fdba884166de9272d73cd910a27a7b04b9dfa18589fbc71d189190,V171.msh,5f6ea3ec039e2aa567f6941d6420bc8e5681b7d93e756d752cafd9b83bb69043,193970,1243,0,1,0,1243,5679,5.973686483693423e-05,48.5006919351917,1,0,0,0.43234369183515325,0.5496564011422015,0.7986672133955719,0.8597726539086967,4.6891426410193136,6.503027565730639,8.36622767278686,1076,True,53.070379999999204,60.368832999999995,40.053759999999784,48.71450278,6.05E-05,0.862833922,,SD,-0.004389059368498205
V172,Vesuvius,V172_mesh.pat,7834cbfd3fb53da48656b8799207e27d90e3c754ea62fc0c0bc4d45a01e73650,V172.msh,d2a79aa9e3bebc85e6c600f38abddc522e9780ad47e00de3473e061f0d9f1e6b,166614,1034,0,1,0,1034,4911,5.908047846800532e-05,48.32239605101871,1,0,0,0.4953083459841831,0.547080711866999,0.80159767518968,1.2607652327454948,4.988319882064646,6.659617464005586,8.637623605864333,786,True,47.70311999999922,59.50913999999966,39.94853000000012,48.58241146,6.00E-05,1.042025227,,SD,-0.005352048224188666
V175,Vesuvius,V175_mesh.pat,3d19e0ed4e38f2e9075e9e3b321a2c3111c59429936d927a050b213e5d92103f,V175.msh,2d9d933dd1346f8ecf4a0e39910e14ed432c2962628d14522284a99d96284ac5,338254,2301,0,1,0,2301,9774,4.5172677218804845e-05,44.18678489212882,1,0,0,0.36758728221001596,0.5423690585083997,0.7831205026812134,0.43128304244382,2.577658859026574,5.835148224277316,8.368761354668893,2440,True,50.95024000000012,57.246090000000095,34.993670000000066,44.32963232,4.56E-05,0.77027164,,SD,-0.003222391443267969
V176,Vesuvius,V176_mesh.pat,1d177cd7aa55e8d5468c0a63c89cb51fc5f83d0d448033c01d0d0e5eb1137236,V176.msh,a01f1dab6a099d53e3d74a6fa9a40d1714165871d2bb2a559bc9eb4548450f6e,369363,2565,0,1,0,2565,10621,3.307758033681207e-05,39.82707117487016,1,0,0,0.15920139718405948,0.5498557756463283,0.7787076164396652,0.30880441981956247,2.0918280721392373,5.498399648097389,8.58899711334193,2898,True,56.23407000000043,68.45397000000048,16.960499999999683,39.93137797,3.33E-05,0.368141327,,SD,-0.002612151156120901
V177,Vesuvius,V177_mesh.pat,34a44f8e718277cea668c83f66ec652ccf959b7323d29def29eaf4dd7adcdb77,V177.msh,b3c6a5de8e037562f95e288de568ef209a8e6432403e9e6ccd085ef82d1da559,160342,1053,0,1,0,1053,4668,4.658529722789191e-05,44.6426619530174,1,0,0,0.4124375067835002,0.5423265542627798,0.7943439080303454,0.9217227447014951,4.5565394809285245,6.509217690729086,8.472514400566507,992,True,48.86553999999978,54.74900000000025,33.34195,44.8716895,4.73E-05,0.763573464,,SD,-0.005104054461390395
V178,Vesuvius,V178_mesh.pat,aad0dab6004651b6719e02278f41c9a59cd3acc3742d2c29cd3ff8838d492328,V178.msh,4a3ebd50622ffa717a4628ad4390517581e067d7d6b69e7a05562b7e123ed73c,354243,2476,0,1,0,2476,10170,3.166760590154323e-05,39.25294114169341,1,0,0,0.20795456434144158,0.5404098508448113,0.7780818426190613,0.4218148310573444,2.0299333061803004,5.541440322315691,8.32208561423107,2834,True,53.26020999999946,67.83638000000064,17.338850000000093,39.36486522,3.19E-05,0.415724503,,SD,-0.0028432481016020805
V179,Vesuvius,V179_mesh.pat,db02ded0d073400bed544e679a34013d2a34a3ab019692e1a65fed135697c613,V179.msh,b97e922fb5712364061775403c382d30b004c5a3c948128688a320c52730770c,161574,1069,0,1,0,1069,4696,4.274750649278357e-05,43.38144909249993,1,0,0,0.4929503508091718,0.5708363820235425,0.8082129340683368,0.8080519861372091,4.404741480619885,6.285014255405325,8.348198075902962,1020,True,45.803750000000036,51.403789999999844,38.385840000000144,43.60618337,4.34E-05,0.946363671,,SD,-0.005153725002557286
V180,Vesuvius,V180_mesh.pat,00439dca5561f2b19d1455ea6d368079a700fcbbfeae23c45693113ae41526b2,V180.msh,bd76a6e620ba0deadc3737861a0aa80e94d6586e2fd34c612919fe2da9b6525c,136737,918,0,1,0,918,3960,3.899139775537025e-05,42.07169995653761,1,0,0,0.4443764339009153,0.5318932029407621,0.794793957333275,0.9644757063294761,4.489793325889411,6.511116026450049,8.024150104141423,928,True,47.80713000000014,51.42795000000024,30.51026999999999,42.2974864,3.96E-05,0.690107624,,SD,-0.005338058184525818
