solid "PLAG020-R"
  facet normal -0.0722830966115 -0.992332041264 0.10026076436
    outer loop
      vertex 24.4195747375 10.6151742935 11.8412895203
      vertex 24.3989601135 10.6322546005 11.8410654068
      vertex 24.4177532196 10.6349124908 11.839427948
    endloop
  endfacet
  facet normal -0.0984901934862 -0.995125412941 -0.00500675337389
    outer loop
      vertex 24.4381561279 10.6122140884 11.8394355774
      vertex 24.4195747375 10.6151742935 11.8412895203
      vertex 24.4380569458 10.6330089569 11.8395500183
    endloop
  endfacet
  facet normal -0.00284173549153 -0.99555337429 0.0941562578082
    outer loop
      vertex 24.4380569458 10.6330089569 11.8395500183
      vertex 24.4195747375 10.6151742935 11.8412895203
      vertex 24.4177532196 10.6349124908 11.839427948
    endloop
  endfacet
  facet normal 0.0374079048634 -0.999283969402 -0.00567780993879
    outer loop
      vertex 24.456949234 10.6335811615 11.8402605057
      vertex 24.4381561279 10.6122140884 11.8394355774
      vertex 24.4380569458 10.6330089569 11.8395500183
    endloop
  endfacet
  facet normal -0.01855411008 -0.9965518713 0.0808710232377
    outer loop
      vertex 24.3989601135 10.6322546005 11.8410654068
      vertex 24.3795375824 10.6347951889 11.8412208557
      vertex 24.3968963623 10.6532821655 11.8393974304
    endloop
  endfacet
  facet normal -0.0561974793673 -0.997377514839 0.0456063263118
    outer loop
      vertex 24.3968963623 10.6532821655 11.8393974304
      vertex 24.3795375824 10.6347951889 11.8412208557
      vertex 24.3764190674 10.6536750793 11.8405332565
    endloop
  endfacet
  facet normal -0.0495456680655 -0.997091591358 0.0579105019569
    outer loop
      vertex 24.4171600342 10.6559944153 11.8382329941
      vertex 24.4177532196 10.6349124908 11.839427948
      vertex 24.3968963623 10.6532821655 11.8393974304
    endloop
  endfacet
  facet normal -0.0743867531419 -0.993504822254 0.0861090198159
    outer loop
      vertex 24.3989601135 10.6322546005 11.8410654068
      vertex 24.3968963623 10.6532821655 11.8393974304
      vertex 24.4177532196 10.6349124908 11.839427948
    endloop
  endfacet
  facet normal 0.00579229462892 -0.999980449677 0.00234628585167
    outer loop
      vertex 24.4380569458 10.6330089569 11.8395500183
      vertex 24.4177532196 10.6349124908 11.839427948
      vertex 24.4378910065 10.6537361145 11.8395004272
    endloop
  endfacet
  facet normal 0.0549647696316 -0.996974408627 0.0549632310867
    outer loop
      vertex 24.4378910065 10.6537361145 11.8395004272
      vertex 24.4177532196 10.6349124908 11.839427948
      vertex 24.4171600342 10.6559944153 11.8382329941
    endloop
  endfacet
  facet normal 0.0361001603305 -0.998217284679 -0.0475297048688
    outer loop
      vertex 24.456949234 10.6335811615 11.8402605057
      vertex 24.4380569458 10.6330089569 11.8395500183
      vertex 24.456243515 10.652964592 11.8411579132
    endloop
  endfacet
  facet normal 0.0898781940341 -0.995951354504 0.001663466217
    outer loop
      vertex 24.456243515 10.652964592 11.8411579132
      vertex 24.4380569458 10.6330089569 11.8395500183
      vertex 24.4378910065 10.6537361145 11.8395004272
    endloop
  endfacet
  facet normal -0.0557019114494 -0.997538268566 0.0425986722112
    outer loop
      vertex 24.3988208771 10.6737232208 11.8384170532
      vertex 24.3968963623 10.6532821655 11.8393974304
      vertex 24.3770217896 10.6746025085 11.8395967484
    endloop
  endfacet
  facet normal -0.0561543777585 -0.99749481678 0.043020863086
    outer loop
      vertex 24.3764190674 10.6536750793 11.8405332565
      vertex 24.3770217896 10.6746025085 11.8395967484
      vertex 24.3968963623 10.6532821655 11.8393974304
    endloop
  endfacet
  facet normal -0.38488048315 -0.836780130863 0.389443278313
    outer loop
      vertex 24.4176979065 10.6743803024 11.8294286728
      vertex 24.4171600342 10.6559944153 11.8382329941
      vertex 24.3988208771 10.6737232208 11.8384170532
    endloop
  endfacet
  facet normal -0.0515793003142 -0.997742891312 0.0429966263473
    outer loop
      vertex 24.4171600342 10.6559944153 11.8382329941
      vertex 24.3968963623 10.6532821655 11.8393974304
      vertex 24.3988208771 10.6737232208 11.8384170532
    endloop
  endfacet
  facet normal 0.414647877216 -0.815948903561 0.402857899666
    outer loop
      vertex 24.4176979065 10.6743803024 11.8294286728
      vertex 24.4369564056 10.6753425598 11.8387403488
      vertex 24.4171600342 10.6559944153 11.8382329941
    endloop
  endfacet
  facet normal 0.0574505254626 -0.997815430164 0.0326161831617
    outer loop
      vertex 24.4369564056 10.6753425598 11.8387403488
      vertex 24.4378910065 10.6537361145 11.8395004272
      vertex 24.4171600342 10.6559944153 11.8382329941
    endloop
  endfacet
  facet normal 0.0901497527957 -0.995916306973 -0.00487138517201
    outer loop
      vertex 24.456243515 10.652964592 11.8411579132
      vertex 24.4378910065 10.6537361145 11.8395004272
      vertex 24.4566688538 10.6739501953 11.841299057
    endloop
  endfacet
  facet normal 0.126623377204 -0.991515040398 0.0294024273753
    outer loop
      vertex 24.4566688538 10.6739501953 11.841299057
      vertex 24.4378910065 10.6537361145 11.8395004272
      vertex 24.4369564056 10.6753425598 11.8387403488
    endloop
  endfacet
  facet normal -0.115276440978 -0.993332862854 0.00108213094063
    outer loop
      vertex 24.3770217896 10.6746025085 11.8395967484
      vertex 24.3587684631 10.6940355301 11.8416938782
      vertex 24.3778362274 10.6972703934 11.8394775391
    endloop
  endfacet
  facet normal -0.0524829886854 -0.997909843922 -0.0377019308507
    outer loop
      vertex 24.3988208771 10.6737232208 11.8384170532
      vertex 24.3770217896 10.6746025085 11.8395967484
      vertex 24.3973693848 10.6951274872 11.839302063
    endloop
  endfacet
  facet normal -0.00952245295048 -0.999942600727 0.0049165491946
    outer loop
      vertex 24.3973693848 10.6951274872 11.839302063
      vertex 24.3770217896 10.6746025085 11.8395967484
      vertex 24.3778362274 10.6972703934 11.8394775391
    endloop
  endfacet
  facet normal -0.40513241291 -0.821512103081 -0.401230126619
    outer loop
      vertex 24.4176979065 10.6743803024 11.8294286728
      vertex 24.3988208771 10.6737232208 11.8384170532
      vertex 24.4178352356 10.6929264069 11.8384189606
    endloop
  endfacet
  facet normal -0.0389289855957 -0.998494386673 -0.0386452414095
    outer loop
      vertex 24.3988208771 10.6737232208 11.8384170532
      vertex 24.3973693848 10.6951274872 11.839302063
      vertex 24.4178352356 10.6929264069 11.8384189606
    endloop
  endfacet
  facet normal 0.382511168718 -0.832523882389 -0.4007358253
    outer loop
      vertex 24.4176979065 10.6743803024 11.8294286728
      vertex 24.4178352356 10.6929264069 11.8384189606
      vertex 24.4369564056 10.6753425598 11.8387403488
    endloop
  endfacet
  facet normal 0.0568685494363 -0.997428774834 -0.0436094552279
    outer loop
      vertex 24.4178352356 10.6929264069 11.8384189606
      vertex 24.4379920959 10.6972436905 11.8397569656
      vertex 24.4369564056 10.6753425598 11.8387403488
    endloop
  endfacet
  facet normal 0.131651803851 -0.990319728851 -0.0439840480685
    outer loop
      vertex 24.4566688538 10.6739501953 11.841299057
      vertex 24.4369564056 10.6753425598 11.8387403488
      vertex 24.4558982849 10.6944437027 11.8421068192
    endloop
  endfacet
  facet normal 0.136086151004 -0.989908695221 -0.0395142436028
    outer loop
      vertex 24.4558982849 10.6944437027 11.8421068192
      vertex 24.4369564056 10.6753425598 11.8387403488
      vertex 24.4379920959 10.6972436905 11.8397569656
    endloop
  endfacet
  facet normal -0.162753805518 -0.986650586128 0.00564291328192
    outer loop
      vertex 24.3763504028 10.7187805176 11.8395996094
      vertex 24.3778362274 10.6972703934 11.8394775391
      vertex 24.3593139648 10.7132415771 11.8424415588
    endloop
  endfacet
  facet normal -0.122395895422 -0.991588950157 -0.0420777834952
    outer loop
      vertex 24.3587684631 10.6940355301 11.8416938782
      vertex 24.3593139648 10.7132415771 11.8424415588
      vertex 24.3778362274 10.6972703934 11.8394775391
    endloop
  endfacet
  facet normal -0.0085478592664 -0.99995559454 -0.00396820763126
    outer loop
      vertex 24.3973693848 10.6951274872 11.839302063
      vertex 24.3778362274 10.6972703934 11.8394775391
      vertex 24.3972759247 10.7160739899 11.8393859863
    endloop
  endfacet
  facet normal -0.00955984741449 -0.999941706657 -0.00501449825242
    outer loop
      vertex 24.3972759247 10.7160739899 11.8393859863
      vertex 24.3778362274 10.6972703934 11.8394775391
      vertex 24.3763504028 10.7187805176 11.8395996094
    endloop
  endfacet
  facet normal -0.0381564348936 -0.998225271702 -0.0457205623388
    outer loop
      vertex 24.4178352356 10.6929264069 11.8384189606
      vertex 24.3973693848 10.6951274872 11.839302063
      vertex 24.4185619354 10.7150001526 11.8394021988
    endloop
  endfacet
  facet normal 0.000963945931289 -0.999991476536 -0.00401079189032
    outer loop
      vertex 24.4185619354 10.7150001526 11.8394021988
      vertex 24.3973693848 10.6951274872 11.839302063
      vertex 24.3972759247 10.7160739899 11.8393859863
    endloop
  endfacet
  facet normal 0.0570975020528 -0.997461438179 -0.0425506345928
    outer loop
      vertex 24.4178352356 10.6929264069 11.8384189606
      vertex 24.4185619354 10.7150001526 11.8394021988
      vertex 24.4379920959 10.6972436905 11.8397569656
    endloop
  endfacet
  facet normal 0.0238921772689 -0.99969547987 -0.00617075990885
    outer loop
      vertex 24.4384460449 10.7163438797 11.8398857117
      vertex 24.4379920959 10.6972436905 11.8397569656
      vertex 24.4185619354 10.7150001526 11.8394021988
    endloop
  endfacet
  facet normal 0.137588217854 -0.989242911339 -0.0496788993478
    outer loop
      vertex 24.4558982849 10.6944437027 11.8421068192
      vertex 24.4379920959 10.6972436905 11.8397569656
      vertex 24.4549617767 10.7150020599 11.8430089951
    endloop
  endfacet
  facet normal 0.185988217592 -0.982549488544 -0.00220268848352
    outer loop
      vertex 24.4549617767 10.7150020599 11.8430089951
      vertex 24.4379920959 10.6972436905 11.8397569656
      vertex 24.4384460449 10.7163438797 11.8398857117
    endloop
  endfacet
  facet normal -0.141749888659 -0.989895522594 -0.00371637823991
    outer loop
      vertex 24.3769931793 10.7405014038 11.839589119
      vertex 24.3763504028 10.7187805176 11.8395996094
      vertex 24.3589859009 10.7344436646 11.8421449661
    endloop
  endfacet
  facet normal -0.159369796515 -0.987084805965 0.0162741839886
    outer loop
      vertex 24.3593139648 10.7132415771 11.8424415588
      vertex 24.3589859009 10.7344436646 11.8421449661
      vertex 24.3763504028 10.7187805176 11.8395996094
    endloop
  endfacet
  facet normal -0.0101022170857 -0.999948620796 -0.000821700785309
    outer loop
      vertex 24.3972759247 10.7160739899 11.8393859863
      vertex 24.3763504028 10.7187805176 11.8395996094
      vertex 24.3971824646 10.7369718552 11.8394041061
    endloop
  endfacet
  facet normal -0.0092005468905 -0.999957680702 0.000210954734939
    outer loop
      vertex 24.3971824646 10.7369718552 11.8394041061
      vertex 24.3763504028 10.7187805176 11.8395996094
      vertex 24.3769931793 10.7405014038 11.839589119
    endloop
  endfacet
  facet normal 0.00111231033225 -0.999975204468 -0.00695197796449
    outer loop
      vertex 24.4185619354 10.7150001526 11.8394021988
      vertex 24.3972759247 10.7160739899 11.8393859863
      vertex 24.4176235199 10.7365493774 11.839550972
    endloop
  endfacet
  facet normal 0.00720317941159 -0.999973654747 -0.000899115228094
    outer loop
      vertex 24.4176235199 10.7365493774 11.839550972
      vertex 24.3972759247 10.7160739899 11.8393859863
      vertex 24.3971824646 10.7369718552 11.8394041061
    endloop
  endfacet
  facet normal 0.0239341203123 -0.999698102474 -0.00555106764659
    outer loop
      vertex 24.4384460449 10.7163438797 11.8398857117
      vertex 24.4185619354 10.7150001526 11.8394021988
      vertex 24.4373683929 10.7359313965 11.8399686813
    endloop
  endfacet
  facet normal 0.0213949587196 -0.999740421772 -0.00783361587673
    outer loop
      vertex 24.4373683929 10.7359313965 11.8399686813
      vertex 24.4185619354 10.7150001526 11.8394021988
      vertex 24.4176235199 10.7365493774 11.839550972
    endloop
  endfacet
  facet normal 0.191032752395 -0.978877305984 -0.0728401839733
    outer loop
      vertex 24.4549617767 10.7150020599 11.8430089951
      vertex 24.4384460449 10.7163438797 11.8398857117
      vertex 24.4529914856 10.7345876694 11.8440818787
    endloop
  endfacet
  facet normal 0.256021112204 -0.966500222683 -0.0181792657822
    outer loop
      vertex 24.4529914856 10.7345876694 11.8440818787
      vertex 24.4384460449 10.7163438797 11.8398857117
      vertex 24.4373683929 10.7359313965 11.8399686813
    endloop
  endfacet
  facet normal -0.117383673787 -0.993086576462 -0.00028546876274
    outer loop
      vertex 24.3784751892 10.7593717575 11.8394193649
      vertex 24.3769931793 10.7405014038 11.839589119
      vertex 24.359621048 10.7566204071 11.8416471481
    endloop
  endfacet
  facet normal -0.134434878826 -0.990751802921 0.0183894466609
    outer loop
      vertex 24.3589859009 10.7344436646 11.8421449661
      vertex 24.359621048 10.7566204071 11.8416471481
      vertex 24.3769931793 10.7405014038 11.839589119
    endloop
  endfacet
  facet normal -0.00935306120664 -0.999955654144 0.00108344270848
    outer loop
      vertex 24.3971824646 10.7369718552 11.8394041061
      vertex 24.3769931793 10.7405014038 11.839589119
      vertex 24.3972492218 10.7575178146 11.839381218
    endloop
  endfacet
  facet normal -0.00289785466157 -0.999957382679 0.00876764208078
    outer loop
      vertex 24.3972492218 10.7575178146 11.839381218
      vertex 24.3769931793 10.7405014038 11.839589119
      vertex 24.3784751892 10.7593717575 11.8394193649
    endloop
  endfacet
  facet normal 0.00720936479047 -0.999973297119 -0.00119850924239
    outer loop
      vertex 24.4176235199 10.7365493774 11.839550972
      vertex 24.3971824646 10.7369718552 11.8394041061
      vertex 24.4176044464 10.757358551 11.8395757675
    endloop
  endfacet
  facet normal 0.00954851694405 -0.999953746796 0.00114485458471
    outer loop
      vertex 24.4176044464 10.757358551 11.8395757675
      vertex 24.3971824646 10.7369718552 11.8394041061
      vertex 24.3972492218 10.7575178146 11.839381218
    endloop
  endfacet
  facet normal 0.0236184056848 -0.996424913406 -0.0811141803861
    outer loop
      vertex 24.4373683929 10.7359313965 11.8399686813
      vertex 24.4176235199 10.7365493774 11.839550972
      vertex 24.4368476868 10.7562799454 11.8416128159
    endloop
  endfacet
  facet normal 0.10534029454 -0.994435429573 -0.00128185318317
    outer loop
      vertex 24.4368476868 10.7562799454 11.8416128159
      vertex 24.4176235199 10.7365493774 11.839550972
      vertex 24.4176044464 10.757358551 11.8395757675
    endloop
  endfacet
  facet normal 0.260473817587 -0.961786866188 -0.0843764469028
    outer loop
      vertex 24.4368476868 10.7562799454 11.8416128159
      vertex 24.4529914856 10.7345876694 11.8440818787
      vertex 24.4373683929 10.7359313965 11.8399686813
    endloop
  endfacet
  facet normal -0.115168020129 -0.993232548237 0.0150158349425
    outer loop
      vertex 24.3784751892 10.7593717575 11.8394193649
      vertex 24.359621048 10.7566204071 11.8416471481
      vertex 24.3751564026 10.7781400681 11.8395204544
    endloop
  endfacet
  facet normal -0.99089217186 0.133575379848 0.017037384212
    outer loop
      vertex 24.3740844727 10.8596105576 11.9198579788
      vertex 24.3767738342 10.8623142242 11.9401531219
      vertex 24.3737621307 10.8802270889 11.9200963974
    endloop
  endfacet
  facet normal -0.00194667920005 -0.999997735023 -0.000865179870743
    outer loop
      vertex 24.3972492218 10.7575178146 11.839381218
      vertex 24.3784751892 10.7593717575 11.8394193649
      vertex 24.3965015411 10.7789773941 11.8394012451
    endloop
  endfacet
  facet normal -0.00575607409701 -0.999973893166 -0.00436773896217
    outer loop
      vertex 24.3965015411 10.7789773941 11.8394012451
      vertex 24.3784751892 10.7593717575 11.8394193649
      vertex 24.3751564026 10.7781400681 11.8395204544
    endloop
  endfacet
  facet normal 0.00954415928572 -0.99995303154 0.00170093623456
    outer loop
      vertex 24.4176044464 10.757358551 11.8395757675
      vertex 24.3972492218 10.7575178146 11.839381218
      vertex 24.4176082611 10.7781248093 11.8395404816
    endloop
  endfacet
  facet normal 0.00664403941482 -0.999977231026 -0.00116447242908
    outer loop
      vertex 24.4176082611 10.7781248093 11.8395404816
      vertex 24.3972492218 10.7575178146 11.839381218
      vertex 24.3965015411 10.7789773941 11.8394012451
    endloop
  endfacet
  facet normal 0.106860339642 -0.993835330009 -0.0295340139419
    outer loop
      vertex 24.4368476868 10.7562799454 11.8416128159
      vertex 24.4176044464 10.757358551 11.8395757675
      vertex 24.4356651306 10.7771501541 11.8421058655
    endloop
  endfacet
  facet normal 0.14056918025 -0.990069389343 0.0017082085833
    outer loop
      vertex 24.4356651306 10.7771501541 11.8421058655
      vertex 24.4176044464 10.757358551 11.8395757675
      vertex 24.4176082611 10.7781248093 11.8395404816
    endloop
  endfacet
  facet normal -0.990901648998 0.133539974689 0.0167621765286
    outer loop
      vertex 24.3768138885 10.8419322968 11.9378919601
      vertex 24.3767738342 10.8623142242 11.9401531219
      vertex 24.3740844727 10.8596105576 11.9198579788
    endloop
  endfacet
  facet normal -0.990624368191 0.13585755229 0.0143551370129
    outer loop
      vertex 24.3743629456 10.838886261 11.9196987152
      vertex 24.3768138885 10.8419322968 11.9378919601
      vertex 24.3740844727 10.8596105576 11.9198579788
    endloop
  endfacet
  facet normal -0.0112885637209 -0.999874353409 -0.0111285531893
    outer loop
      vertex 24.3972244263 10.8007898331 11.839635849
      vertex 24.3965015411 10.7789773941 11.8394012451
      vertex 24.3782138824 10.7974433899 11.8398132324
    endloop
  endfacet
  facet normal -0.980612933636 0.152672052383 0.122839383781
    outer loop
      vertex 24.3796062469 10.8210363388 11.9390144348
      vertex 24.3768138885 10.8419322968 11.9378919601
      vertex 24.3743629456 10.838886261 11.9196987152
    endloop
  endfacet
  facet normal 0.00697950460017 -0.999930739403 -0.00947675388306
    outer loop
      vertex 24.4176082611 10.7781248093 11.8395404816
      vertex 24.3965015411 10.7789773941 11.8394012451
      vertex 24.4174671173 10.7988567352 11.8397359848
    endloop
  endfacet
  facet normal 0.00595453288406 -0.999926507473 -0.010557660833
    outer loop
      vertex 24.4174671173 10.7988567352 11.8397359848
      vertex 24.3965015411 10.7789773941 11.8394012451
      vertex 24.3972244263 10.8007898331 11.839635849
    endloop
  endfacet
  facet normal 0.14339967072 -0.988081395626 -0.0559620074928
    outer loop
      vertex 24.4356651306 10.7771501541 11.8421058655
      vertex 24.4176082611 10.7781248093 11.8395404816
      vertex 24.4347133636 10.7965116501 11.8430643082
    endloop
  endfacet
  facet normal 0.19086509943 -0.981559514999 -0.0105554135516
    outer loop
      vertex 24.4347133636 10.7965116501 11.8430643082
      vertex 24.4176082611 10.7781248093 11.8395404816
      vertex 24.4174671173 10.7988567352 11.8397359848
    endloop
  endfacet
  facet normal -0.969276368618 0.245210200548 0.0193723943084
    outer loop
      vertex 24.3747653961 10.8183879852 11.919670105
      vertex 24.3796062469 10.8210363388 11.9390144348
      vertex 24.3743629456 10.838886261 11.9196987152
    endloop
  endfacet
  facet normal 0.28822696209 0.937677800655 0.194127753377
    outer loop
      vertex 24.4212627411 11.6526231766 12.1591033936
      vertex 24.4240055084 11.6321706772 12.1540260315
      vertex 24.4524326324 11.6600189209 12.1510534286
    endloop
  endfacet
  facet normal -0.970606803894 0.237955957651 -0.0360474213958
    outer loop
      vertex 24.3782806396 10.8000240326 11.9367904663
      vertex 24.3796062469 10.8210363388 11.9390144348
      vertex 24.3747653961 10.8183879852 11.919670105
    endloop
  endfacet
  facet normal -0.983742177486 0.178213596344 0.0221636053175
    outer loop
      vertex 24.375207901 10.7979726791 11.9195737839
      vertex 24.3782806396 10.8000240326 11.9367904663
      vertex 24.3747653961 10.8183879852 11.919670105
    endloop
  endfacet
  facet normal 0.00712953461334 -0.999712944031 -0.0228730756789
    outer loop
      vertex 24.4174671173 10.7988567352 11.8397359848
      vertex 24.3972244263 10.8007898331 11.839635849
      vertex 24.4167079926 10.8186426163 11.8401832581
    endloop
  endfacet
  facet normal -0.987223088741 0.158756047487 -0.0136797148734
    outer loop
      vertex 24.3588085175 10.9441738129 11.9199743271
      vertex 24.3555965424 10.9449720383 11.8999319077
      vertex 24.3579502106 10.9225959778 11.9164962769
    endloop
  endfacet
  facet normal 0.974690079689 -0.223032742739 0.0153500316665
    outer loop
      vertex 24.4786815643 10.8408327103 11.9397287369
      vertex 24.4744148254 10.8416624069 11.9210252762
      vertex 24.4786911011 10.8611841202 11.938369751
    endloop
  endfacet
  facet normal 0.970448493958 -0.225226581097 0.0866181775928
    outer loop
      vertex 24.4769268036 10.8203544617 11.9400434494
      vertex 24.4744148254 10.8416624069 11.9210252762
      vertex 24.4786815643 10.8408327103 11.9397287369
    endloop
  endfacet
  facet normal -0.670903086662 0.655006706715 0.347642421722
    outer loop
      vertex 24.3731803894 10.9016256332 11.9209661484
      vertex 24.3579502106 10.9225959778 11.9164962769
      vertex 24.3556518555 10.901922226 11.903169632
    endloop
  endfacet
  facet normal 0.803238511086 -0.488299190998 0.341133058071
    outer loop
      vertex 24.4622249603 10.8177814484 11.9176568985
      vertex 24.4744148254 10.8416624069 11.9210252762
      vertex 24.4769268036 10.8203544617 11.9400434494
    endloop
  endfacet
  facet normal -0.111733257771 -0.0135051449761 0.99364644289
    outer loop
      vertex 24.4168052673 10.6152391434 11.8594312668
      vertex 24.4195747375 10.6151742935 11.8412895203
      vertex 24.4361038208 10.613070488 11.8593273163
    endloop
  endfacet
  facet normal -0.154685765505 0.026559183374 0.98760664463
    outer loop
      vertex 24.4381561279 10.6122140884 11.8394355774
      vertex 24.4361038208 10.613070488 11.8593273163
      vertex 24.4195747375 10.6151742935 11.8412895203
    endloop
  endfacet
  facet normal -0.129441171885 0.0270417947322 0.991218328476
    outer loop
      vertex 24.3989601135 10.6322546005 11.8410654068
      vertex 24.3972873688 10.632973671 11.859416008
      vertex 24.3795375824 10.6347951889 11.8412208557
    endloop
  endfacet
  facet normal -0.107085347176 0.00493092695251 0.994237601757
    outer loop
      vertex 24.3795375824 10.6347951889 11.8412208557
      vertex 24.3972873688 10.632973671 11.859416008
      vertex 24.3773193359 10.6351242065 11.8593950272
    endloop
  endfacet
  facet normal -0.634569406509 -0.0941296666861 0.767112314701
    outer loop
      vertex 24.4168052673 10.6152391434 11.8594312668
      vertex 24.3989601135 10.6322546005 11.8410654068
      vertex 24.4195747375 10.6151742935 11.8412895203
    endloop
  endfacet
  facet normal -0.672121107578 -0.0322803817689 0.739737212658
    outer loop
      vertex 24.3972873688 10.632973671 11.859416008
      vertex 24.3989601135 10.6322546005 11.8410654068
      vertex 24.4168052673 10.6152391434 11.8594312668
    endloop
  endfacet
  facet normal 0.629926323891 0.522925972939 0.574231028557
    outer loop
      vertex 24.456949234 10.6335811615 11.8402605057
      vertex 24.4396533966 10.6323862076 11.8597831726
      vertex 24.4381561279 10.6122140884 11.8394355774
    endloop
  endfacet
  facet normal 0.977247536182 0.108668297529 0.182149574161
    outer loop
      vertex 24.4396533966 10.6323862076 11.8597831726
      vertex 24.4361038208 10.613070488 11.8593273163
      vertex 24.4381561279 10.6122140884 11.8394355774
    endloop
  endfacet
  facet normal -0.542764544487 -0.575621426105 0.611609876156
    outer loop
      vertex 24.3564300537 10.653637886 11.8594207764
      vertex 24.3764190674 10.6536750793 11.8405332565
      vertex 24.3773193359 10.6351242065 11.8593950272
    endloop
  endfacet
  facet normal -0.979220449924 -0.116513319314 0.165987670422
    outer loop
      vertex 24.3764190674 10.6536750793 11.8405332565
      vertex 24.3795375824 10.6347951889 11.8412208557
      vertex 24.3773193359 10.6351242065 11.8593950272
    endloop
  endfacet
  facet normal 0.657111883163 0.550650179386 0.514770209789
    outer loop
      vertex 24.456949234 10.6335811615 11.8402605057
      vertex 24.4575252533 10.6537237167 11.8584032059
      vertex 24.4396533966 10.6323862076 11.8597831726
    endloop
  endfacet
  facet normal 0.996328890324 -0.0758023709059 -0.0397842004895
    outer loop
      vertex 24.4575252533 10.6537237167 11.8584032059
      vertex 24.456949234 10.6335811615 11.8402605057
      vertex 24.456243515 10.652964592 11.8411579132
    endloop
  endfacet
  facet normal -0.722405195236 -0.691395699978 0.0101344166324
    outer loop
      vertex 24.3764190674 10.6536750793 11.8405332565
      vertex 24.3580608368 10.6743888855 11.8594112396
      vertex 24.3770217896 10.6746025085 11.8395967484
    endloop
  endfacet
  facet normal -0.685863137245 -0.725756347179 -0.0535674132407
    outer loop
      vertex 24.3564300537 10.653637886 11.8594207764
      vertex 24.3580608368 10.6743888855 11.8594112396
      vertex 24.3764190674 10.6536750793 11.8405332565
    endloop
  endfacet
  facet normal 0.997119307518 -0.073241867125 0.0197170842439
    outer loop
      vertex 24.456243515 10.652964592 11.8411579132
      vertex 24.4566688538 10.6739501953 11.841299057
      vertex 24.4575252533 10.6537237167 11.8584032059
    endloop
  endfacet
  facet normal 0.994588553905 -0.0961979404092 0.0392366498709
    outer loop
      vertex 24.4575252533 10.6537237167 11.8584032059
      vertex 24.4566688538 10.6739501953 11.841299057
      vertex 24.4584350586 10.6743869781 11.8593816757
    endloop
  endfacet
  facet normal -0.988840520382 -0.12659072876 0.0785441622138
    outer loop
      vertex 24.3587684631 10.6940355301 11.8416938782
      vertex 24.3580608368 10.6743888855 11.8594112396
      vertex 24.3563423157 10.696018219 11.8594150543
    endloop
  endfacet
  facet normal -0.616586863995 -0.595578551292 0.514885306358
    outer loop
      vertex 24.3770217896 10.6746025085 11.8395967484
      vertex 24.3580608368 10.6743888855 11.8594112396
      vertex 24.3587684631 10.6940355301 11.8416938782
    endloop
  endfacet
  facet normal 0.994319498539 -0.0981160774827 -0.0412542745471
    outer loop
      vertex 24.4566688538 10.6739501953 11.841299057
      vertex 24.4558982849 10.6944437027 11.8421068192
      vertex 24.4584350586 10.6743869781 11.8593816757
    endloop
  endfacet
  facet normal 0.989833295345 -0.142206728458 -0.00271158781834
    outer loop
      vertex 24.4584350586 10.6743869781 11.8593816757
      vertex 24.4558982849 10.6944437027 11.8421068192
      vertex 24.4583816528 10.6951332092 11.8594055176
    endloop
  endfacet
  facet normal -0.989689946175 -0.139246448874 -0.0335304886103
    outer loop
      vertex 24.3587684631 10.6940355301 11.8416938782
      vertex 24.3563423157 10.696018219 11.8594150543
      vertex 24.3593139648 10.7132415771 11.8424415588
    endloop
  endfacet
  facet normal -0.985889554024 -0.167316019535 -0.00521242944524
    outer loop
      vertex 24.3563423157 10.696018219 11.8594150543
      vertex 24.3564147949 10.7174711227 11.8596563339
      vertex 24.3593139648 10.7132415771 11.8424415588
    endloop
  endfacet
  facet normal 0.988257169724 -0.143918424845 -0.0513342767954
    outer loop
      vertex 24.4558982849 10.6944437027 11.8421068192
      vertex 24.4549617767 10.7150020599 11.8430089951
      vertex 24.4583816528 10.6951332092 11.8594055176
    endloop
  endfacet
  facet normal 0.982589960098 -0.185061529279 -0.0164060033858
    outer loop
      vertex 24.4583816528 10.6951332092 11.8594055176
      vertex 24.4549617767 10.7150020599 11.8430089951
      vertex 24.4580459595 10.7158517838 11.859459877
    endloop
  endfacet
  facet normal -0.986658394337 -0.161857649684 0.0175309963524
    outer loop
      vertex 24.3593139648 10.7132415771 11.8424415588
      vertex 24.3564147949 10.7174711227 11.8596563339
      vertex 24.3589859009 10.7344436646 11.8421449661
    endloop
  endfacet
  facet normal -0.989997327328 -0.14101497829 -0.00447920802981
    outer loop
      vertex 24.3564147949 10.7174711227 11.8596563339
      vertex 24.3565254211 10.7391004562 11.8595666885
      vertex 24.3589859009 10.7344436646 11.8421449661
    endloop
  endfacet
  facet normal 0.976041257381 -0.188591808081 -0.10851983726
    outer loop
      vertex 24.4549617767 10.7150020599 11.8430089951
      vertex 24.4529914856 10.7345876694 11.8440818787
      vertex 24.4580459595 10.7158517838 11.859459877
    endloop
  endfacet
  facet normal 0.973085284233 -0.213165536523 -0.0875527560711
    outer loop
      vertex 24.4580459595 10.7158517838 11.859459877
      vertex 24.4529914856 10.7345876694 11.8440818787
      vertex 24.4564723969 10.7363128662 11.8606805801
    endloop
  endfacet
  facet normal -0.988914906979 -0.146357268095 -0.0250374116004
    outer loop
      vertex 24.3589859009 10.7344436646 11.8421449661
      vertex 24.3565254211 10.7391004562 11.8595666885
      vertex 24.359621048 10.7566204071 11.8416471481
    endloop
  endfacet
  facet normal -0.982859373093 -0.183799132705 0.014328318648
    outer loop
      vertex 24.3565254211 10.7391004562 11.8595666885
      vertex 24.3564891815 10.7587375641 11.8582296371
      vertex 24.359621048 10.7566204071 11.8416471481
    endloop
  endfacet
  facet normal 0.853765189648 -0.227708503604 -0.468224197626
    outer loop
      vertex 24.4529914856 10.7345876694 11.8440818787
      vertex 24.4432506561 10.7589550018 11.857665062
      vertex 24.4564723969 10.7363128662 11.8606805801
    endloop
  endfacet
  facet normal 0.7594794631 -0.389742553234 -0.520856738091
    outer loop
      vertex 24.4368476868 10.7562799454 11.8416128159
      vertex 24.4432506561 10.7589550018 11.857665062
      vertex 24.4529914856 10.7345876694 11.8440818787
    endloop
  endfacet
  facet normal -0.887884438038 0.148178294301 -0.435550749302
    outer loop
      vertex 24.3579502106 10.9225959778 11.9164962769
      vertex 24.3554019928 10.9235496521 11.8984241486
      vertex 24.3443489075 10.9011383057 11.8980693817
    endloop
  endfacet
  facet normal -0.331562459469 0.809318602085 0.484839916229
    outer loop
      vertex 24.3579502106 10.9225959778 11.9164962769
      vertex 24.3443489075 10.9011383057 11.8980693817
      vertex 24.3556518555 10.901922226 11.903169632
    endloop
  endfacet
  facet normal 0.923532903194 -0.378592759371 -0.0612737610936
    outer loop
      vertex 24.4368476868 10.7562799454 11.8416128159
      vertex 24.4356651306 10.7771501541 11.8421058655
      vertex 24.4432506561 10.7589550018 11.857665062
    endloop
  endfacet
  facet normal 0.9460734725 -0.288172602654 -0.147991806269
    outer loop
      vertex 24.4432506561 10.7589550018 11.857665062
      vertex 24.4356651306 10.7771501541 11.8421058655
      vertex 24.4403514862 10.7787532806 11.8583145142
    endloop
  endfacet
  facet normal -0.712384343147 0.701163172722 0.0296444259584
    outer loop
      vertex 24.3556518555 10.901922226 11.903169632
      vertex 24.3554019928 10.8825502396 11.9020967484
      vertex 24.3731803894 10.9016256332 11.9209661484
    endloop
  endfacet
  facet normal -0.70234400034 0.7102201581 0.0479612201452
    outer loop
      vertex 24.3731803894 10.9016256332 11.9209661484
      vertex 24.3554019928 10.8825502396 11.9020967484
      vertex 24.3737621307 10.8802270889 11.9200963974
    endloop
  endfacet
  facet normal 0.957233548164 -0.282800704241 -0.0610548406839
    outer loop
      vertex 24.4356651306 10.7771501541 11.8421058655
      vertex 24.4347133636 10.7965116501 11.8430643082
      vertex 24.4403514862 10.7787532806 11.8583145142
    endloop
  endfacet
  facet normal 0.821539640427 0.367047607899 -0.436289668083
    outer loop
      vertex 24.4732189178 10.7955913544 11.9194259644
      vertex 24.4622249603 10.8177814484 11.9176568985
      vertex 24.4629478455 10.7986488342 11.9387807846
    endloop
  endfacet
  facet normal 0.298776417971 0.953931927681 -0.0273225530982
    outer loop
      vertex 24.4699420929 11.6500682831 12.139125824
      vertex 24.4240055084 11.6321706772 12.1540260315
      vertex 24.4739952087 11.6280221939 12.1384878159
    endloop
  endfacet
  facet normal 0.516263186932 0.815133392811 0.262735366821
    outer loop
      vertex 24.4439506531 11.6770792007 12.1559686661
      vertex 24.4527797699 11.7097988129 12.1609230042
      vertex 24.436170578 11.6803283691 12.1619434357
    endloop
  endfacet
  facet normal 0.763357162476 -0.447805583477 0.465570658445
    outer loop
      vertex 24.4769268036 10.8203544617 11.9400434494
      vertex 24.4629478455 10.7986488342 11.9387807846
      vertex 24.4622249603 10.8177814484 11.9176568985
    endloop
  endfacet
  facet normal 0.882318973541 0.470442146063 0.0140499603003
    outer loop
      vertex 24.4629478455 10.7986488342 11.9387807846
      vertex 24.4619235992 10.7781066895 11.9400882721
      vertex 24.4732189178 10.7955913544 11.9194259644
    endloop
  endfacet
  facet normal 0.977230131626 0.16319219768 0.13560809195
    outer loop
      vertex 24.4361114502 11.4641523361 12.1361160278
      vertex 24.4387130737 11.4630641937 12.1196327209
      vertex 24.4386463165 11.4837999344 12.137263298
    endloop
  endfacet
  facet normal 0.468545109034 0.784724712372 0.405798763037
    outer loop
      vertex 24.418296814 11.6916618347 12.1784763336
      vertex 24.436170578 11.6803283691 12.1619434357
      vertex 24.4372673035 11.7116384506 12.177479744
    endloop
  endfacet
  facet normal 0.681604802608 0.731287062168 0.0251811444759
    outer loop
      vertex 24.4373626709 11.5045375824 12.1386938095
      vertex 24.4581203461 11.5048494339 12.1193571091
      vertex 24.4384918213 11.5252695084 12.1383552551
    endloop
  endfacet
  facet normal 0.104024767876 0.984817743301 0.138970717788
    outer loop
      vertex 24.4752140045 11.5879259109 12.137761116
      vertex 24.4496765137 11.5975866318 12.1418218613
      vertex 24.4396266937 11.5670251846 12.1385707855
    endloop
  endfacet
  facet normal -0.408269554377 0.911740243435 0.0452294275165
    outer loop
      vertex 24.3556518555 10.901922226 11.903169632
      vertex 24.3443489075 10.9011383057 11.8980693817
      vertex 24.3554019928 10.8825502396 11.9020967484
    endloop
  endfacet
  facet normal -0.351502358913 0.936166584492 0.00618142029271
    outer loop
      vertex 24.3417854309 10.8811006546 11.8969745636
      vertex 24.3554019928 10.8825502396 11.9020967484
      vertex 24.3443489075 10.9011383057 11.8980693817
    endloop
  endfacet
  facet normal -0.702431261539 0.709928393364 0.050911642611
    outer loop
      vertex 24.3554019928 10.8825502396 11.9020967484
      vertex 24.3569107056 10.8622398376 11.902132988
      vertex 24.3737621307 10.8802270889 11.9200963974
    endloop
  endfacet
  facet normal 0.798592805862 0.578147351742 -0.167317613959
    outer loop
      vertex 24.4732189178 10.7955913544 11.9194259644
      vertex 24.4619235992 10.7781066895 11.9400882721
      vertex 24.4769935608 10.7776708603 11.9193983078
    endloop
  endfacet
  facet normal -0.0307733137161 -0.95820337534 -0.28442800045
    outer loop
      vertex 24.3983802795 10.8205118179 11.8413267136
      vertex 24.4173259735 10.8364152908 11.8454389572
      vertex 24.4167079926 10.8186426163 11.8401832581
    endloop
  endfacet
  facet normal 0.461224675179 0.887237608433 0.00901267770678
    outer loop
      vertex 24.4384918213 11.5252695084 12.1383552551
      vertex 24.4754524231 11.5264949799 12.1191539764
      vertex 24.4388847351 11.5460338593 12.1383619308
    endloop
  endfacet
  facet normal -0.925133526325 -0.157809019089 -0.345288604498
    outer loop
      vertex 24.356962204 10.7987947464 11.8608255386
      vertex 24.3646469116 10.8184547424 11.8587913513
      vertex 24.3597106934 10.7978019714 11.842540741
    endloop
  endfacet
  facet normal -0.625097334385 -0.778823554516 0.0518383011222
    outer loop
      vertex 24.3773956299 10.8817167282 11.862074852
      vertex 24.3791351318 10.8612422943 11.8620414734
      vertex 24.3658370972 10.8717260361 11.8720169067
    endloop
  endfacet
  facet normal -0.741192758083 -0.660254359245 0.121233135462
    outer loop
      vertex 24.3560295105 10.8826589584 11.880698204
      vertex 24.3529014587 10.8649587631 11.8874597549
      vertex 24.3417854309 10.8811006546 11.8969745636
    endloop
  endfacet
  facet normal -0.648517012596 -0.624722659588 0.434910625219
    outer loop
      vertex 24.3435573578 10.8638124466 11.8979578018
      vertex 24.3529014587 10.8649587631 11.8874597549
      vertex 24.3579864502 10.842218399 11.8980121613
    endloop
  endfacet
  facet normal -0.719480097294 0.694245517254 0.0192773509771
    outer loop
      vertex 24.3737621307 10.8802270889 11.9200963974
      vertex 24.3569107056 10.8622398376 11.902132988
      vertex 24.3740844727 10.8596105576 11.9198579788
    endloop
  endfacet
  facet normal -0.300571024418 0.953536391258 0.0206255838275
    outer loop
      vertex 24.3569107056 10.8622398376 11.902132988
      vertex 24.3554019928 10.8825502396 11.9020967484
      vertex 24.3435573578 10.8638124466 11.8979578018
    endloop
  endfacet
  facet normal -0.35361507535 0.935237526894 -0.0169468522072
    outer loop
      vertex 24.3417854309 10.8811006546 11.8969745636
      vertex 24.3435573578 10.8638124466 11.8979578018
      vertex 24.3554019928 10.8825502396 11.9020967484
    endloop
  endfacet
  facet normal -0.719847619534 0.671230554581 0.176830261946
    outer loop
      vertex 24.3569107056 10.8622398376 11.902132988
      vertex 24.3579864502 10.842218399 11.8980121613
      vertex 24.3740844727 10.8596105576 11.9198579788
    endloop
  endfacet
  facet normal 0.793576478958 -0.597893953323 -0.112956799567
    outer loop
      vertex 24.4605026245 10.8606004715 11.8986110687
      vertex 24.4597244263 10.8818979263 11.9016017914
      vertex 24.4755096436 10.8623209 11.9188547134
    endloop
  endfacet
  facet normal -0.296805918217 -0.777386307716 -0.554596066475
    outer loop
      vertex 24.3983802795 10.8205118179 11.8413267136
      vertex 24.3965473175 10.8413591385 11.8568992615
      vertex 24.4173259735 10.8364152908 11.8454389572
    endloop
  endfacet
  facet normal -0.913655459881 -0.309856981039 -0.26310133934
    outer loop
      vertex 24.3576469421 10.8189287186 11.8798341751
      vertex 24.363910675 10.8342761993 11.8743963242
      vertex 24.3646469116 10.8184547424 11.8587913513
    endloop
  endfacet
  facet normal -0.732593953609 -0.668892264366 0.126052454114
    outer loop
      vertex 24.3658370972 10.8717260361 11.8720169067
      vertex 24.3529014587 10.8649587631 11.8874597549
      vertex 24.3560295105 10.8826589584 11.880698204
    endloop
  endfacet
  facet normal -0.958132326603 -0.27121964097 -0.0917735621333
    outer loop
      vertex 24.363910675 10.8342761993 11.8743963242
      vertex 24.3579864502 10.842218399 11.8980121613
      vertex 24.3653411865 10.8521280289 11.8753833771
    endloop
  endfacet
  facet normal -0.799063920975 0.601049900055 0.0153561374173
    outer loop
      vertex 24.3740844727 10.8596105576 11.9198579788
      vertex 24.3579864502 10.842218399 11.8980121613
      vertex 24.3743629456 10.838886261 11.9196987152
    endloop
  endfacet
  facet normal -0.314107477665 0.926422119141 0.207553759217
    outer loop
      vertex 24.3435573578 10.8638124466 11.8979578018
      vertex 24.3579864502 10.842218399 11.8980121613
      vertex 24.3569107056 10.8622398376 11.902132988
    endloop
  endfacet
  facet normal -0.796829044819 0.604019701481 -0.0149561502039
    outer loop
      vertex 24.3579864502 10.842218399 11.8980121613
      vertex 24.3588676453 10.8204555511 11.8997135162
      vertex 24.3743629456 10.838886261 11.9196987152
    endloop
  endfacet
  facet normal -0.782874047756 0.621968269348 0.0162386130542
    outer loop
      vertex 24.3743629456 10.838886261 11.9196987152
      vertex 24.3588676453 10.8204555511 11.8997135162
      vertex 24.3747653961 10.8183879852 11.919670105
    endloop
  endfacet
  facet normal -0.326919436455 -0.805768191814 -0.493823170662
    outer loop
      vertex 24.4173259735 10.8364152908 11.8454389572
      vertex 24.3965473175 10.8413591385 11.8568992615
      vertex 24.417514801 10.8584346771 11.8588571548
    endloop
  endfacet
  facet normal -0.615199625492 -0.777577519417 -0.130010128021
    outer loop
      vertex 24.3787593842 10.9017601013 11.8629083633
      vertex 24.3666248322 10.8881912231 11.8702402115
      vertex 24.3580932617 10.9037122726 11.8795852661
    endloop
  endfacet
  facet normal -0.782761931419 0.622178077698 0.0133509570733
    outer loop
      vertex 24.3588676453 10.8204555511 11.8997135162
      vertex 24.3587226868 10.8005104065 11.8991031647
      vertex 24.3747653961 10.8183879852 11.919670105
    endloop
  endfacet
  facet normal -0.779894530773 0.625595927238 0.0198560319841
    outer loop
      vertex 24.3747653961 10.8183879852 11.919670105
      vertex 24.3587226868 10.8005104065 11.8991031647
      vertex 24.375207901 10.7979726791 11.9195737839
    endloop
  endfacet
  facet normal -0.777773559093 0.628339529037 -0.0160529296845
    outer loop
      vertex 24.3587226868 10.8005104065 11.8991031647
      vertex 24.3583126068 10.7795963287 11.8991298676
      vertex 24.375207901 10.7979726791 11.9195737839
    endloop
  endfacet
  facet normal -0.760801017284 0.648608744144 0.0221014712006
    outer loop
      vertex 24.375207901 10.7979726791 11.9195737839
      vertex 24.3583126068 10.7795963287 11.8991298676
      vertex 24.37525177 10.7775993347 11.9189310074
    endloop
  endfacet
  facet normal -0.76112395525 0.647746264935 0.033392611891
    outer loop
      vertex 24.3583126068 10.7795963287 11.8991298676
      vertex 24.3592166901 10.7600069046 11.8991823196
      vertex 24.37525177 10.7775993347 11.9189310074
    endloop
  endfacet
  facet normal -0.111602984369 0.0115100424737 0.993686199188
    outer loop
      vertex 24.4168052673 10.6152391434 11.8594312668
      vertex 24.4361038208 10.613070488 11.8593273163
      vertex 24.4211521149 10.6149520874 11.8767957687
    endloop
  endfacet
  facet normal -0.0561468861997 0.0592967234552 0.996660113335
    outer loop
      vertex 24.4372940063 10.6140851974 11.8775100708
      vertex 24.4211521149 10.6149520874 11.8767957687
      vertex 24.4361038208 10.613070488 11.8593273163
    endloop
  endfacet
  facet normal -0.553084552288 0.569363236427 0.608212888241
    outer loop
      vertex 24.3972873688 10.632973671 11.859416008
      vertex 24.4168052673 10.6152391434 11.8594312668
      vertex 24.416973114 10.63301754 11.8785858154
    endloop
  endfacet
  facet normal 0.982307136059 -0.0542960874736 0.179233431816
    outer loop
      vertex 24.4361038208 10.613070488 11.8593273163
      vertex 24.4396533966 10.6323862076 11.8597831726
      vertex 24.4372940063 10.6140851974 11.8775100708
    endloop
  endfacet
  facet normal -0.548573791981 0.561232686043 0.619745671749
    outer loop
      vertex 24.3773193359 10.6351242065 11.8593950272
      vertex 24.3763542175 10.6536855698 11.8789482117
      vertex 24.3564300537 10.653637886 11.8594207764
    endloop
  endfacet
  facet normal 0.00228326185606 0.000112492518383 0.999997377396
    outer loop
      vertex 24.3763542175 10.6536855698 11.8789482117
      vertex 24.3562870026 10.6536397934 11.879368782
      vertex 24.3564300537 10.653637886 11.8594207764
    endloop
  endfacet
  facet normal -0.0196178629994 0.68783134222 0.725605368614
    outer loop
      vertex 24.3763542175 10.6536855698 11.8789482117
      vertex 24.3773193359 10.6351242065 11.8593950272
      vertex 24.3971767426 10.6535692215 11.8794193268
    endloop
  endfacet
  facet normal -0.0755961760879 0.715089797974 0.694932937622
    outer loop
      vertex 24.3972873688 10.632973671 11.859416008
      vertex 24.3971767426 10.6535692215 11.8794193268
      vertex 24.3773193359 10.6351242065 11.8593950272
    endloop
  endfacet
  facet normal -0.570795893669 0.587472140789 0.573644936085
    outer loop
      vertex 24.416973114 10.63301754 11.8785858154
      vertex 24.3971767426 10.6535692215 11.8794193268
      vertex 24.3972873688 10.632973671 11.859416008
    endloop
  endfacet
  facet normal 0.737793982029 0.161145538092 0.655509054661
    outer loop
      vertex 24.4396533966 10.6323862076 11.8597831726
      vertex 24.4555225372 10.6548204422 11.8783855438
      vertex 24.4365730286 10.6338720322 11.8799304962
    endloop
  endfacet
  facet normal 0.765376210213 0.111497163773 0.633851468563
    outer loop
      vertex 24.4575252533 10.6537237167 11.8584032059
      vertex 24.4555225372 10.6548204422 11.8783855438
      vertex 24.4396533966 10.6323862076 11.8597831726
    endloop
  endfacet
  facet normal -0.996900856495 -0.00715636555105 -0.0783417075872
    outer loop
      vertex 24.3562870026 10.6536397934 11.879368782
      vertex 24.3580608368 10.6743888855 11.8594112396
      vertex 24.3564300537 10.653637886 11.8594207764
    endloop
  endfacet
  facet normal -0.605049431324 0.54735571146 -0.578201413155
    outer loop
      vertex 24.3562870026 10.6536397934 11.879368782
      vertex 24.3763542175 10.6745214462 11.8794927597
      vertex 24.3580608368 10.6743888855 11.8594112396
    endloop
  endfacet
  facet normal 0.993571698666 0.10224673897 0.0485888570547
    outer loop
      vertex 24.4575252533 10.6537237167 11.8584032059
      vertex 24.4584350586 10.6743869781 11.8593816757
      vertex 24.4555225372 10.6548204422 11.8783855438
    endloop
  endfacet
  facet normal 0.989386856556 0.00203984929249 0.145291090012
    outer loop
      vertex 24.4555225372 10.6548204422 11.8783855438
      vertex 24.4584350586 10.6743869781 11.8593816757
      vertex 24.4585113525 10.6751871109 11.8793649673
    endloop
  endfacet
  facet normal -0.996454536915 0.0284501705319 0.0791764259338
    outer loop
      vertex 24.3580608368 10.6743888855 11.8594112396
      vertex 24.3569812775 10.6951446533 11.87936306
      vertex 24.3563423157 10.696018219 11.8594150543
    endloop
  endfacet
  facet normal -0.607150316238 0.556830048561 0.566841065884
    outer loop
      vertex 24.3763542175 10.6745214462 11.8794927597
      vertex 24.3569812775 10.6951446533 11.87936306
      vertex 24.3580608368 10.6743888855 11.8594112396
    endloop
  endfacet
  facet normal 0.999988973141 -0.00392104731873 -0.00257879449055
    outer loop
      vertex 24.4584350586 10.6743869781 11.8593816757
      vertex 24.4583816528 10.6951332092 11.8594055176
      vertex 24.4585113525 10.6751871109 11.8793649673
    endloop
  endfacet
  facet normal 0.999904513359 -0.0124645754695 0.00597100006416
    outer loop
      vertex 24.4585113525 10.6751871109 11.8793649673
      vertex 24.4583816528 10.6951332092 11.8594055176
      vertex 24.4586296082 10.6953125 11.8792104721
    endloop
  endfacet
  facet normal -0.999985277653 -0.00420208415017 -0.00342548172921
    outer loop
      vertex 24.3564147949 10.7174711227 11.8596563339
      vertex 24.3563423157 10.696018219 11.8594150543
      vertex 24.3563270569 10.7153310776 11.8787899017
    endloop
  endfacet
  facet normal -0.99903434515 0.0306203663349 0.0315080434084
    outer loop
      vertex 24.3569812775 10.6951446533 11.87936306
      vertex 24.3563270569 10.7153310776 11.8787899017
      vertex 24.3563423157 10.696018219 11.8594150543
    endloop
  endfacet
  facet normal 0.999788045883 -0.0126641308889 -0.0162323061377
    outer loop
      vertex 24.4583816528 10.6951332092 11.8594055176
      vertex 24.4580459595 10.7158517838 11.859459877
      vertex 24.4586296082 10.6953125 11.8792104721
    endloop
  endfacet
  facet normal 0.999681949615 -0.0248045492917 -0.00455507263541
    outer loop
      vertex 24.4586296082 10.6953125 11.8792104721
      vertex 24.4580459595 10.7158517838 11.859459877
      vertex 24.4585399628 10.7158899307 11.8793764114
    endloop
  endfacet
  facet normal -0.999986708164 -0.000626890803687 -0.00511218933389
    outer loop
      vertex 24.3565254211 10.7391004562 11.8595666885
      vertex 24.3564147949 10.7174711227 11.8596563339
      vertex 24.3564891815 10.7344350815 11.8793296814
    endloop
  endfacet
  facet normal -0.999956548214 -0.0036244885996 -0.00858840998262
    outer loop
      vertex 24.3563270569 10.7153310776 11.8787899017
      vertex 24.3564891815 10.7344350815 11.8793296814
      vertex 24.3564147949 10.7174711227 11.8596563339
    endloop
  endfacet
  facet normal 0.996632933617 -0.0248696766794 -0.0781300142407
    outer loop
      vertex 24.4580459595 10.7158517838 11.859459877
      vertex 24.4564723969 10.7363128662 11.8606805801
      vertex 24.4585399628 10.7158899307 11.8793764114
    endloop
  endfacet
  facet normal 0.995798587799 -0.0896270349622 -0.0187645480037
    outer loop
      vertex 24.4585399628 10.7158899307 11.8793764114
      vertex 24.4564723969 10.7363128662 11.8606805801
      vertex 24.4581756592 10.7363843918 11.8796195984
    endloop
  endfacet
  facet normal -0.999994039536 0.00304867234081 0.00163789093494
    outer loop
      vertex 24.3564891815 10.7587375641 11.8582296371
      vertex 24.3565254211 10.7391004562 11.8595666885
      vertex 24.3565540314 10.7565174103 11.8783073425
    endloop
  endfacet
  facet normal -0.999995172024 -0.00115309085231 -0.00288320751861
    outer loop
      vertex 24.3564891815 10.7344350815 11.8793296814
      vertex 24.3565540314 10.7565174103 11.8783073425
      vertex 24.3565254211 10.7391004562 11.8595666885
    endloop
  endfacet
  facet normal 0.82016569376 -0.379176646471 -0.4284311831
    outer loop
      vertex 24.4564723969 10.7363128662 11.8606805801
      vertex 24.4432506561 10.7589550018 11.857665062
      vertex 24.4547863007 10.7561807632 11.8794822693
    endloop
  endfacet
  facet normal 0.9818546772 -0.0889347270131 -0.167487293482
    outer loop
      vertex 24.4564723969 10.7363128662 11.8606805801
      vertex 24.4547863007 10.7561807632 11.8794822693
      vertex 24.4581756592 10.7363843918 11.8796195984
    endloop
  endfacet
  facet normal -0.981105148792 -0.192170083523 -0.022435259074
    outer loop
      vertex 24.3554019928 10.9235496521 11.8984241486
      vertex 24.3555965424 10.9449720383 11.8999319077
      vertex 24.3590641022 10.9442062378 11.8821392059
    endloop
  endfacet
  facet normal -0.983271956444 -0.179107531905 -0.0331174768507
    outer loop
      vertex 24.3587741852 10.9241123199 11.8800153732
      vertex 24.3554019928 10.9235496521 11.8984241486
      vertex 24.3590641022 10.9442062378 11.8821392059
    endloop
  endfacet
  facet normal 0.803177893162 -0.586556732655 0.104194223881
    outer loop
      vertex 24.4755096436 10.8623209 11.9188547134
      vertex 24.4744148254 10.8416624069 11.9210252762
      vertex 24.4605026245 10.8606004715 11.8986110687
    endloop
  endfacet
  facet normal 0.885197222233 -0.456913590431 -0.0874974653125
    outer loop
      vertex 24.4547863007 10.7561807632 11.8794822693
      vertex 24.4432506561 10.7589550018 11.857665062
      vertex 24.4528999329 10.7783126831 11.880065918
    endloop
  endfacet
  facet normal -0.983171522617 -0.178982988 -0.0365903489292
    outer loop
      vertex 24.3554019928 10.9235496521 11.8984241486
      vertex 24.3587741852 10.9241123199 11.8800153732
      vertex 24.3580932617 10.9037122726 11.8795852661
    endloop
  endfacet
  facet normal -0.765311896801 -0.515371739864 -0.38560295105
    outer loop
      vertex 24.3443489075 10.9011383057 11.8980693817
      vertex 24.3554019928 10.9235496521 11.8984241486
      vertex 24.3580932617 10.9037122726 11.8795852661
    endloop
  endfacet
  facet normal 0.806915402412 -0.582672595978 0.0968514978886
    outer loop
      vertex 24.4584503174 10.8393707275 11.8992977142
      vertex 24.4605026245 10.8606004715 11.8986110687
      vertex 24.4744148254 10.8416624069 11.9210252762
    endloop
  endfacet
  facet normal -0.0139576410875 -0.99131000042 -0.130803704262
    outer loop
      vertex 24.3965473175 10.8413591385 11.8568992615
      vertex 24.3980102539 10.8619041443 11.8595895767
      vertex 24.417514801 10.8584346771 11.8588571548
    endloop
  endfacet
  facet normal 0.778902888298 -0.538380265236 0.32164722681
    outer loop
      vertex 24.4584503174 10.8393707275 11.8992977142
      vertex 24.4744148254 10.8416624069 11.9210252762
      vertex 24.4622249603 10.8177814484 11.9176568985
    endloop
  endfacet
  facet normal -0.659699141979 -0.630394518375 -0.409145206213
    outer loop
      vertex 24.3764896393 10.8396921158 11.8601818085
      vertex 24.3787784576 10.8181400299 11.8437986374
      vertex 24.3646469116 10.8184547424 11.8587913513
    endloop
  endfacet
  facet normal -0.998234927654 -0.022329736501 -0.0550306290388
    outer loop
      vertex 24.3565063477 10.7983045578 11.8799962997
      vertex 24.3576469421 10.8189287186 11.8798341751
      vertex 24.356962204 10.7987947464 11.8608255386
    endloop
  endfacet
  facet normal 0.518922388554 0.848478734493 0.1039391011
    outer loop
      vertex 24.4699420929 11.6500682831 12.139125824
      vertex 24.4745044708 11.6707754135 12.1388721466
      vertex 24.4524326324 11.6600189209 12.1510534286
    endloop
  endfacet
  facet normal 0.732132434845 -0.576732456684 0.362438559532
    outer loop
      vertex 24.4471302032 10.8197650909 11.8972482681
      vertex 24.4584503174 10.8393707275 11.8992977142
      vertex 24.4622249603 10.8177814484 11.9176568985
    endloop
  endfacet
  facet normal 0.68166166544 0.731620788574 0.00827389955521
    outer loop
      vertex 24.4581203461 11.5048494339 12.1193571091
      vertex 24.4373626709 11.5045375824 12.1386938095
      vertex 24.4386463165 11.4837999344 12.137263298
    endloop
  endfacet
  facet normal 0.931334197521 -0.363921135664 0.0133445356041
    outer loop
      vertex 24.4469795227 10.8288106918 11.8800945282
      vertex 24.4478397369 10.8127994537 11.8828830719
      vertex 24.4393730164 10.8196325302 11.8609647751
    endloop
  endfacet
  facet normal -0.897113025188 -0.30561414361 -0.31904271245
    outer loop
      vertex 24.3646469116 10.8184547424 11.8587913513
      vertex 24.356962204 10.7987947464 11.8608255386
      vertex 24.3576469421 10.8189287186 11.8798341751
    endloop
  endfacet
  facet normal -0.997325122356 0.0639587789774 0.0353823229671
    outer loop
      vertex 24.3588676453 10.8204555511 11.8997135162
      vertex 24.3579864502 10.842218399 11.8980121613
      vertex 24.3576469421 10.8189287186 11.8798341751
    endloop
  endfacet
  facet normal 0.893638491631 -0.14476557076 -0.424797862768
    outer loop
      vertex 24.4546337128 10.797791481 11.8807830811
      vertex 24.4478397369 10.8127994537 11.8828830719
      vertex 24.4574184418 10.7983312607 11.8995571136
    endloop
  endfacet
  facet normal 0.900631546974 -0.416933685541 -0.122593231499
    outer loop
      vertex 24.4393730164 10.8196325302 11.8609647751
      vertex 24.436548233 10.8392333984 11.8606262207
      vertex 24.4469795227 10.8288106918 11.8800945282
    endloop
  endfacet
  facet normal 0.867662668228 -0.300485730171 0.396067947149
    outer loop
      vertex 24.4584503174 10.8393707275 11.8992977142
      vertex 24.4469795227 10.8288106918 11.8800945282
      vertex 24.4537830353 10.8432245255 11.8807411194
    endloop
  endfacet
  facet normal -0.735968291759 -0.667452514172 0.113392367959
    outer loop
      vertex 24.3435573578 10.8638124466 11.8979578018
      vertex 24.3417854309 10.8811006546 11.8969745636
      vertex 24.3529014587 10.8649587631 11.8874597549
    endloop
  endfacet
  facet normal -0.689775586128 -0.722624957561 0.0449751019478
    outer loop
      vertex 24.3666248322 10.8881912231 11.8702402115
      vertex 24.3658370972 10.8717260361 11.8720169067
      vertex 24.3560295105 10.8826589584 11.880698204
    endloop
  endfacet
  facet normal -0.00108319532592 -0.979648172855 -0.200719535351
    outer loop
      vertex 24.417514801 10.8584346771 11.8588571548
      vertex 24.3980102539 10.8619041443 11.8595895767
      vertex 24.4159145355 10.880074501 11.8632926941
    endloop
  endfacet
  facet normal 0.760053694248 -0.558637499809 -0.332027852535
    outer loop
      vertex 24.4574184418 10.7983312607 11.8995571136
      vertex 24.4622249603 10.8177814484 11.9176568985
      vertex 24.4732189178 10.7955913544 11.9194259644
    endloop
  endfacet
  facet normal -0.815793812275 -0.433028787374 0.383362144232
    outer loop
      vertex 24.3579864502 10.842218399 11.8980121613
      vertex 24.3529014587 10.8649587631 11.8874597549
      vertex 24.3653411865 10.8521280289 11.8753833771
    endloop
  endfacet
  facet normal -0.747188210487 -0.490232855082 -0.448755532503
    outer loop
      vertex 24.363910675 10.8342761993 11.8743963242
      vertex 24.3764896393 10.8396921158 11.8601818085
      vertex 24.3646469116 10.8184547424 11.8587913513
    endloop
  endfacet
  facet normal -0.651456534863 -0.750313520432 0.112401172519
    outer loop
      vertex 24.3791351318 10.8612422943 11.8620414734
      vertex 24.3653411865 10.8521280289 11.8753833771
      vertex 24.3658370972 10.8717260361 11.8720169067
    endloop
  endfacet
  facet normal 0.777534246445 -0.544510304928 -0.31456169486
    outer loop
      vertex 24.4574184418 10.7983312607 11.8995571136
      vertex 24.4471302032 10.8197650909 11.8972482681
      vertex 24.4622249603 10.8177814484 11.9176568985
    endloop
  endfacet
  facet normal 0.954091906548 -0.221776068211 -0.201305881143
    outer loop
      vertex 24.4750404358 10.7779951096 11.9112901688
      vertex 24.4732189178 10.7955913544 11.9194259644
      vertex 24.4769935608 10.7776708603 11.9193983078
    endloop
  endfacet
  facet normal -0.253185272217 -0.88781940937 -0.38428363204
    outer loop
      vertex 24.4750404358 10.7779951096 11.9112901688
      vertex 24.4611663818 10.7776012421 11.9150762558
      vertex 24.4732189178 10.7955913544 11.9194259644
    endloop
  endfacet
  facet normal -0.763342261314 -0.638748109341 -0.0964856594801
    outer loop
      vertex 24.3764896393 10.8396921158 11.8601818085
      vertex 24.363910675 10.8342761993 11.8743963242
      vertex 24.3653411865 10.8521280289 11.8753833771
    endloop
  endfacet
  facet normal -0.584946453571 -0.563590466976 -0.583269536495
    outer loop
      vertex 24.3787784576 10.8181400299 11.8437986374
      vertex 24.3597106934 10.7978019714 11.842540741
      vertex 24.3646469116 10.8184547424 11.8587913513
    endloop
  endfacet
  facet normal -0.75219476223 -0.645684301853 -0.131509616971
    outer loop
      vertex 24.3417854309 10.8811006546 11.8969745636
      vertex 24.3443489075 10.9011383057 11.8980693817
      vertex 24.3560295105 10.8826589584 11.880698204
    endloop
  endfacet
  facet normal 0.464639246464 -0.81262665987 -0.351778775454
    outer loop
      vertex 24.4159145355 10.880074501 11.8632926941
      vertex 24.4192943573 10.9038047791 11.875497818
      vertex 24.4379730225 10.8820304871 11.8767518997
    endloop
  endfacet
  facet normal 0.372441381216 -0.888419926167 -0.268323361874
    outer loop
      vertex 24.4192943573 10.9038047791 11.875497818
      vertex 24.4372196198 10.900970459 11.8821563721
      vertex 24.4379730225 10.8820304871 11.8767518997
    endloop
  endfacet
  facet normal 0.510906636715 -0.821064710617 -0.254611670971
    outer loop
      vertex 24.4372196198 10.900970459 11.8821563721
      vertex 24.4522838593 10.8806819916 11.8852386475
      vertex 24.4379730225 10.8820304871 11.8767518997
    endloop
  endfacet
  facet normal -0.804720282555 -0.591742634773 -0.0476016625762
    outer loop
      vertex 24.3560295105 10.8826589584 11.880698204
      vertex 24.3443489075 10.9011383057 11.8980693817
      vertex 24.3580932617 10.9037122726 11.8795852661
    endloop
  endfacet
  facet normal -0.998130738735 0.0608766488731 -0.00539109064266
    outer loop
      vertex 24.3587226868 10.8005104065 11.8991031647
      vertex 24.3588676453 10.8204555511 11.8997135162
      vertex 24.3576469421 10.8189287186 11.8798341751
    endloop
  endfacet
  facet normal -0.992511212826 0.108692824841 -0.0557439960539
    outer loop
      vertex 24.3565063477 10.7983045578 11.8799962997
      vertex 24.3587226868 10.8005104065 11.8991031647
      vertex 24.3576469421 10.8189287186 11.8798341751
    endloop
  endfacet
  facet normal -0.993404984474 0.112966679037 -0.0196228548884
    outer loop
      vertex 24.3583126068 10.7795963287 11.8991298676
      vertex 24.3587226868 10.8005104065 11.8991031647
      vertex 24.3565063477 10.7983045578 11.8799962997
    endloop
  endfacet
  facet normal 0.356405049562 -0.932120382786 -0.0642417669296
    outer loop
      vertex 24.4372196198 10.900970459 11.8821563721
      vertex 24.4192943573 10.9038047791 11.875497818
      vertex 24.436290741 10.9209852219 11.8831806183
    endloop
  endfacet
  facet normal 0.289766907692 -0.947251141071 -0.136932209134
    outer loop
      vertex 24.436290741 10.9209852219 11.8831806183
      vertex 24.4192943573 10.9038047791 11.875497818
      vertex 24.4177570343 10.9253454208 11.8781414032
    endloop
  endfacet
  facet normal -0.995287537575 0.0969204753637 -0.00303005217575
    outer loop
      vertex 24.3563861847 10.7781744003 11.8793916702
      vertex 24.3583126068 10.7795963287 11.8991298676
      vertex 24.3565063477 10.7983045578 11.8799962997
    endloop
  endfacet
  facet normal -0.993912696838 0.100289702415 0.0456022284925
    outer loop
      vertex 24.3592166901 10.7600069046 11.8991823196
      vertex 24.3583126068 10.7795963287 11.8991298676
      vertex 24.3563861847 10.7781744003 11.8793916702
    endloop
  endfacet
  facet normal -0.991564691067 0.128839805722 0.0141355209053
    outer loop
      vertex 24.3565540314 10.7565174103 11.8783073425
      vertex 24.3592166901 10.7600069046 11.8991823196
      vertex 24.3563861847 10.7781744003 11.8793916702
    endloop
  endfacet
  facet normal 0.375565856695 -0.837110579014 -0.397738754749
    outer loop
      vertex 24.3956241608 10.9213695526 11.8663225174
      vertex 24.3982276917 10.9432601929 11.8778915405
      vertex 24.4177570343 10.9253454208 11.8781414032
    endloop
  endfacet
  facet normal 0.0461733601987 -0.873756229877 -0.484167397022
    outer loop
      vertex 24.3761558533 10.921453476 11.8653402328
      vertex 24.3776931763 10.9431591034 11.8774490356
      vertex 24.3956241608 10.9213695526 11.8663225174
    endloop
  endfacet
  facet normal 0.088503934443 -0.992642104626 -0.0826357603073
    outer loop
      vertex 24.3982276917 10.9432601929 11.8778915405
      vertex 24.4175872803 10.9454717636 11.8798017502
      vertex 24.4177570343 10.9253454208 11.8781414032
    endloop
  endfacet
  facet normal 0.270463228226 -0.961986005306 -0.0378492213786
    outer loop
      vertex 24.436290741 10.9209852219 11.8831806183
      vertex 24.4177570343 10.9253454208 11.8781414032
      vertex 24.4370956421 10.9430837631 11.8842763901
    endloop
  endfacet
  facet normal 0.232328146696 -0.969182014465 -0.0819134637713
    outer loop
      vertex 24.4370956421 10.9430837631 11.8842763901
      vertex 24.4177570343 10.9253454208 11.8781414032
      vertex 24.4175872803 10.9454717636 11.8798017502
    endloop
  endfacet
  facet normal -0.13999094069 -0.990152657032 0.000502870418131
    outer loop
      vertex 24.3569793701 10.9649877548 11.8824234009
      vertex 24.3759441376 10.9658288956 11.8797416687
      vertex 24.3590641022 10.9442062378 11.8821392059
    endloop
  endfacet
  facet normal -0.239176437259 -0.967723071575 -0.0794145986438
    outer loop
      vertex 24.3776931763 10.9431591034 11.8774490356
      vertex 24.3590641022 10.9442062378 11.8821392059
      vertex 24.3759441376 10.9658288956 11.8797416687
    endloop
  endfacet
  facet normal 0.0210369732231 -0.996013045311 -0.0866920202971
    outer loop
      vertex 24.3982276917 10.9432601929 11.8778915405
      vertex 24.3776931763 10.9431591034 11.8774490356
      vertex 24.3972434998 10.9624872208 11.8795442581
    endloop
  endfacet
  facet normal 0.00664462707937 -0.994851648808 -0.101123936474
    outer loop
      vertex 24.3972434998 10.9624872208 11.8795442581
      vertex 24.3776931763 10.9431591034 11.8774490356
      vertex 24.3759441376 10.9658288956 11.8797416687
    endloop
  endfacet
  facet normal 0.0834859013557 -0.992895066738 -0.0847907662392
    outer loop
      vertex 24.4172954559 10.9669437408 11.8816108704
      vertex 24.4175872803 10.9454717636 11.8798017502
      vertex 24.3972434998 10.9624872208 11.8795442581
    endloop
  endfacet
  facet normal 0.087636038661 -0.992099881172 -0.0897647291422
    outer loop
      vertex 24.3982276917 10.9432601929 11.8778915405
      vertex 24.3972434998 10.9624872208 11.8795442581
      vertex 24.4175872803 10.9454717636 11.8798017502
    endloop
  endfacet
  facet normal 0.224220871925 -0.974521815777 -0.0056763687171
    outer loop
      vertex 24.4370956421 10.9430837631 11.8842763901
      vertex 24.4175872803 10.9454717636 11.8798017502
      vertex 24.4334812164 10.9630622864 11.8835611343
    endloop
  endfacet
  facet normal 0.139266118407 -0.986598610878 -0.0850183591247
    outer loop
      vertex 24.4334812164 10.9630622864 11.8835611343
      vertex 24.4175872803 10.9454717636 11.8798017502
      vertex 24.4172954559 10.9669437408 11.8816108704
    endloop
  endfacet
  facet normal -0.0864257588983 -0.996085584164 -0.0185500308871
    outer loop
      vertex 24.3775691986 10.98640728 11.879983902
      vertex 24.3759441376 10.9658288956 11.8797416687
      vertex 24.3589515686 10.9855451584 11.8815832138
    endloop
  endfacet
  facet normal -0.138780757785 -0.989951014519 0.0271453782916
    outer loop
      vertex 24.3569793701 10.9649877548 11.8824234009
      vertex 24.3589515686 10.9855451584 11.8815832138
      vertex 24.3759441376 10.9658288956 11.8797416687
    endloop
  endfacet
  facet normal 0.00669690547511 -0.994817554951 -0.101455137134
    outer loop
      vertex 24.3972434998 10.9624872208 11.8795442581
      vertex 24.3759441376 10.9658288956 11.8797416687
      vertex 24.3970355988 10.9829521179 11.8816299438
    endloop
  endfacet
  facet normal 0.0851383283734 -0.996356546879 -0.00500490143895
    outer loop
      vertex 24.3970355988 10.9829521179 11.8816299438
      vertex 24.3759441376 10.9658288956 11.8797416687
      vertex 24.3775691986 10.98640728 11.879983902
    endloop
  endfacet
  facet normal 0.0795580595732 -0.991611480713 -0.101868569851
    outer loop
      vertex 24.3970355988 10.9829521179 11.8816299438
      vertex 24.4172954559 10.9669437408 11.8816108704
      vertex 24.3972434998 10.9624872208 11.8795442581
    endloop
  endfacet
  facet normal 0.167052268982 -0.962687253952 -0.21290075779
    outer loop
      vertex 24.4172954559 10.9669437408 11.8816108704
      vertex 24.4339199066 10.9816360474 11.8877449036
      vertex 24.4334812164 10.9630622864 11.8835611343
    endloop
  endfacet
  facet normal -0.0901887863874 -0.989630579948 -0.1117913872
    outer loop
      vertex 24.3589515686 10.9855451584 11.8815832138
      vertex 24.3761692047 11.0050582886 11.8822183609
      vertex 24.3775691986 10.98640728 11.879983902
    endloop
  endfacet
  facet normal 0.114381432533 -0.977197766304 -0.178889349103
    outer loop
      vertex 24.3970355988 10.9829521179 11.8816299438
      vertex 24.3775691986 10.98640728 11.879983902
      vertex 24.3956012726 11.0047073364 11.8854446411
    endloop
  endfacet
  facet normal 0.164683043957 -0.977807581425 -0.129506289959
    outer loop
      vertex 24.3956012726 11.0047073364 11.8854446411
      vertex 24.3775691986 10.98640728 11.879983902
      vertex 24.3761692047 11.0050582886 11.8822183609
    endloop
  endfacet
  facet normal -0.942409455776 0.231929033995 0.240984082222
    outer loop
      vertex 24.4168052673 10.6152391434 11.8594312668
      vertex 24.4211521149 10.6149520874 11.8767957687
      vertex 24.416973114 10.63301754 11.8785858154
    endloop
  endfacet
  facet normal -0.050467658788 0.991113007069 0.123077355325
    outer loop
      vertex 24.4372940063 10.6140851974 11.8775100708
      vertex 24.4365730286 10.6338720322 11.8799304962
      vertex 24.4211521149 10.6149520874 11.8767957687
    endloop
  endfacet
  facet normal -0.063110537827 0.99160528183 0.112854205072
    outer loop
      vertex 24.4365730286 10.6338720322 11.8799304962
      vertex 24.416973114 10.63301754 11.8785858154
      vertex 24.4211521149 10.6149520874 11.8767957687
    endloop
  endfacet
  facet normal 0.988552391529 0.149837240577 -0.0176912602037
    outer loop
      vertex 24.4365730286 10.6338720322 11.8799304962
      vertex 24.4372940063 10.6140851974 11.8775100708
      vertex 24.4396533966 10.6323862076 11.8597831726
    endloop
  endfacet
  facet normal -0.562042117119 0.603256940842 0.565853059292
    outer loop
      vertex 24.416973114 10.63301754 11.8785858154
      vertex 24.4177246094 10.6537685394 11.8987503052
      vertex 24.3971767426 10.6535692215 11.8794193268
    endloop
  endfacet
  facet normal -0.0188560821116 0.717382371426 0.696424424648
    outer loop
      vertex 24.4365730286 10.6338720322 11.8799304962
      vertex 24.4177246094 10.6537685394 11.8987503052
      vertex 24.416973114 10.63301754 11.8785858154
    endloop
  endfacet
  facet normal 0.0347991511226 0.742299318314 0.669164180756
    outer loop
      vertex 24.4380016327 10.6552228928 11.8991107941
      vertex 24.4177246094 10.6537685394 11.8987503052
      vertex 24.4365730286 10.6338720322 11.8799304962
    endloop
  endfacet
  facet normal 0.63889092207 0.550545573235 0.537324786186
    outer loop
      vertex 24.4555225372 10.6548204422 11.8783855438
      vertex 24.4380016327 10.6552228928 11.8991107941
      vertex 24.4365730286 10.6338720322 11.8799304962
    endloop
  endfacet
  facet normal 0.0169701837003 0.736071884632 0.676690638065
    outer loop
      vertex 24.3773784637 10.6730632782 11.896739006
      vertex 24.3562870026 10.6536397934 11.879368782
      vertex 24.3763542175 10.6536855698 11.8789482117
    endloop
  endfacet
  facet normal -0.717648565769 0.100882016122 -0.689059734344
    outer loop
      vertex 24.3773784637 10.6730632782 11.896739006
      vertex 24.3763542175 10.6745214462 11.8794927597
      vertex 24.3562870026 10.6536397934 11.879368782
    endloop
  endfacet
  facet normal -0.0584665760398 0.716068506241 0.695577144623
    outer loop
      vertex 24.3972549438 10.6743545532 11.8996162415
      vertex 24.3773784637 10.6730632782 11.896739006
      vertex 24.3971767426 10.6535692215 11.8794193268
    endloop
  endfacet
  facet normal -0.0204509347677 0.737009227276 0.67557322979
    outer loop
      vertex 24.3763542175 10.6536855698 11.8789482117
      vertex 24.3971767426 10.6535692215 11.8794193268
      vertex 24.3773784637 10.6730632782 11.896739006
    endloop
  endfacet
  facet normal -0.556126952171 0.597095668316 0.578100025654
    outer loop
      vertex 24.4177246094 10.6537685394 11.8987503052
      vertex 24.3972549438 10.6743545532 11.8996162415
      vertex 24.3971767426 10.6535692215 11.8794193268
    endloop
  endfacet
  facet normal 0.609916985035 0.52710801363 0.591741859913
    outer loop
      vertex 24.4555225372 10.6548204422 11.8783855438
      vertex 24.4566383362 10.6745424271 11.8992347717
      vertex 24.4380016327 10.6552228928 11.8991107941
    endloop
  endfacet
  facet normal 0.984946191311 0.0880187004805 0.148774132133
    outer loop
      vertex 24.4566383362 10.6745424271 11.8992347717
      vertex 24.4555225372 10.6548204422 11.8783855438
      vertex 24.4585113525 10.6751871109 11.8793649673
    endloop
  endfacet
  facet normal -0.584828078747 0.600248217583 0.545598983765
    outer loop
      vertex 24.3569812775 10.6951446533 11.87936306
      vertex 24.3763542175 10.6745214462 11.8794927597
      vertex 24.377494812 10.69510746 11.899315834
    endloop
  endfacet
  facet normal -0.998247981071 0.059146463871 0.00164522253908
    outer loop
      vertex 24.3763542175 10.6745214462 11.8794927597
      vertex 24.3773784637 10.6730632782 11.896739006
      vertex 24.377494812 10.69510746 11.899315834
    endloop
  endfacet
  facet normal 0.991639435291 0.0904918238521 0.0919919386506
    outer loop
      vertex 24.4566383362 10.6745424271 11.8992347717
      vertex 24.4585113525 10.6751871109 11.8793649673
      vertex 24.4585781097 10.6951503754 11.8989276886
    endloop
  endfacet
  facet normal 0.999979555607 0.00256368843839 0.00585607299581
    outer loop
      vertex 24.4586296082 10.6953125 11.8792104721
      vertex 24.4585781097 10.6951503754 11.8989276886
      vertex 24.4585113525 10.6751871109 11.8793649673
    endloop
  endfacet
  facet normal -0.996408045292 0.0791730806231 0.0300443451852
    outer loop
      vertex 24.3569812775 10.6951446533 11.87936306
      vertex 24.3577842712 10.7158937454 11.8973426819
      vertex 24.3563270569 10.7153310776 11.8787899017
    endloop
  endfacet
  facet normal -0.600017845631 0.615930259228 0.510498285294
    outer loop
      vertex 24.377494812 10.69510746 11.899315834
      vertex 24.3577842712 10.7158937454 11.8973426819
      vertex 24.3569812775 10.6951446533 11.87936306
    endloop
  endfacet
  facet normal 0.999987125397 0.00264748814516 -0.00433502392843
    outer loop
      vertex 24.4586296082 10.6953125 11.8792104721
      vertex 24.4585399628 10.7158899307 11.8793764114
      vertex 24.4585781097 10.6951503754 11.8989276886
    endloop
  endfacet
  facet normal 0.999998986721 -0.00124194938689 -0.000668445660267
    outer loop
      vertex 24.4585781097 10.6951503754 11.8989276886
      vertex 24.4585399628 10.7158899307 11.8793764114
      vertex 24.4585647583 10.7159032822 11.8993473053
    endloop
  endfacet
  facet normal -0.996924936771 0.0781128183007 -0.00625320523977
    outer loop
      vertex 24.3563270569 10.7153310776 11.8787899017
      vertex 24.3577842712 10.7158937454 11.8973426819
      vertex 24.3564891815 10.7344350815 11.8793296814
    endloop
  endfacet
  facet normal -0.982750058174 0.162168040872 -0.088903285563
    outer loop
      vertex 24.3577842712 10.7158937454 11.8973426819
      vertex 24.3600959778 10.7378902435 11.8992929459
      vertex 24.3564891815 10.7344350815 11.8793296814
    endloop
  endfacet
  facet normal 0.999840974808 -0.00125321641099 -0.0177877545357
    outer loop
      vertex 24.4585399628 10.7158899307 11.8793764114
      vertex 24.4581756592 10.7363843918 11.8796195984
      vertex 24.4585647583 10.7159032822 11.8993473053
    endloop
  endfacet
  facet normal 0.999546706676 -0.0288054030389 0.00875651556998
    outer loop
      vertex 24.4585647583 10.7159032822 11.8993473053
      vertex 24.4581756592 10.7363843918 11.8796195984
      vertex 24.4587688446 10.7372922897 11.8999271393
    endloop
  endfacet
  facet normal -0.984340429306 0.175932273269 -0.0110356900841
    outer loop
      vertex 24.3564891815 10.7344350815 11.8793296814
      vertex 24.3600959778 10.7378902435 11.8992929459
      vertex 24.3565540314 10.7565174103 11.8783073425
    endloop
  endfacet
  facet normal -0.990386962891 0.132797524333 0.0387101434171
    outer loop
      vertex 24.3600959778 10.7378902435 11.8992929459
      vertex 24.3592166901 10.7600069046 11.8991823196
      vertex 24.3565540314 10.7565174103 11.8783073425
    endloop
  endfacet
  facet normal 0.830272853374 0.28227391839 -0.480591744184
    outer loop
      vertex 24.4547863007 10.7561807632 11.8794822693
      vertex 24.4462776184 10.7595701218 11.8987388611
      vertex 24.4587688446 10.7372922897 11.8999271393
    endloop
  endfacet
  facet normal 0.985050141811 -0.0363022349775 -0.168399497867
    outer loop
      vertex 24.4547863007 10.7561807632 11.8794822693
      vertex 24.4587688446 10.7372922897 11.8999271393
      vertex 24.4581756592 10.7363843918 11.8796195984
    endloop
  endfacet
  facet normal 0.016775559634 -0.884822428226 -0.465626269579
    outer loop
      vertex 24.3982276917 10.9432601929 11.8778915405
      vertex 24.3956241608 10.9213695526 11.8663225174
      vertex 24.3776931763 10.9431591034 11.8774490356
    endloop
  endfacet
  facet normal -0.23720484972 -0.965714633465 -0.105494357646
    outer loop
      vertex 24.3587741852 10.9241123199 11.8800153732
      vertex 24.3590641022 10.9442062378 11.8821392059
      vertex 24.3776931763 10.9431591034 11.8774490356
    endloop
  endfacet
  facet normal 0.715831518173 -0.614888131618 0.330904453993
    outer loop
      vertex 24.4574184418 10.7983312607 11.8995571136
      vertex 24.4732189178 10.7955913544 11.9194259644
      vertex 24.4611663818 10.7776012421 11.9150762558
    endloop
  endfacet
  facet normal 0.732273638248 -0.602039933205 0.318313151598
    outer loop
      vertex 24.4471759796 10.7754631042 11.899189949
      vertex 24.4574184418 10.7983312607 11.8995571136
      vertex 24.4611663818 10.7776012421 11.9150762558
    endloop
  endfacet
  facet normal -0.539458930492 -0.718495547771 -0.439031004906
    outer loop
      vertex 24.3761558533 10.921453476 11.8653402328
      vertex 24.3587741852 10.9241123199 11.8800153732
      vertex 24.3776931763 10.9431591034 11.8774490356
    endloop
  endfacet
  facet normal 0.493470966816 -0.839803159237 -0.226311802864
    outer loop
      vertex 24.3984355927 10.9007720947 11.8624238968
      vertex 24.3956241608 10.9213695526 11.8663225174
      vertex 24.4192943573 10.9038047791 11.875497818
    endloop
  endfacet
  facet normal 0.324192881584 -0.945558428764 0.0286044646055
    outer loop
      vertex 24.4762763977 10.7585363388 11.9208335876
      vertex 24.4605083466 10.7579431534 11.9154453278
      vertex 24.4611663818 10.7776012421 11.9150762558
    endloop
  endfacet
  facet normal -0.224678590894 -0.869160652161 0.440544307232
    outer loop
      vertex 24.4750404358 10.7779951096 11.9112901688
      vertex 24.4762763977 10.7585363388 11.9208335876
      vertex 24.4611663818 10.7776012421 11.9150762558
    endloop
  endfacet
  facet normal 0.446651726961 -0.883635699749 -0.140321597457
    outer loop
      vertex 24.4192943573 10.9038047791 11.875497818
      vertex 24.3956241608 10.9213695526 11.8663225174
      vertex 24.4177570343 10.9253454208 11.8781414032
    endloop
  endfacet
  facet normal -0.627182662487 -0.778759479523 -0.0132505167276
    outer loop
      vertex 24.3787593842 10.9017601013 11.8629083633
      vertex 24.3580932617 10.9037122726 11.8795852661
      vertex 24.3761558533 10.921453476 11.8653402328
    endloop
  endfacet
  facet normal 0.896907150745 -0.156290888786 -0.41367945075
    outer loop
      vertex 24.4471302032 10.8197650909 11.8972482681
      vertex 24.4574184418 10.7983312607 11.8995571136
      vertex 24.4478397369 10.8127994537 11.8828830719
    endloop
  endfacet
  facet normal 0.986148774624 -0.143902897835 0.0824775248766
    outer loop
      vertex 24.4528999329 10.7783126831 11.880065918
      vertex 24.4546337128 10.797791481 11.8807830811
      vertex 24.4574184418 10.7983312607 11.8995571136
    endloop
  endfacet
  facet normal 0.849213302135 -0.252123862505 0.463972330093
    outer loop
      vertex 24.4584503174 10.8393707275 11.8992977142
      vertex 24.4471302032 10.8197650909 11.8972482681
      vertex 24.4469795227 10.8288106918 11.8800945282
    endloop
  endfacet
  facet normal -0.742188692093 -0.663398504257 0.0951753631234
    outer loop
      vertex 24.3658370972 10.8717260361 11.8720169067
      vertex 24.3653411865 10.8521280289 11.8753833771
      vertex 24.3529014587 10.8649587631 11.8874597549
    endloop
  endfacet
  facet normal -0.710655212402 -0.702788889408 -0.0325107127428
    outer loop
      vertex 24.3560295105 10.8826589584 11.880698204
      vertex 24.3580932617 10.9037122726 11.8795852661
      vertex 24.3666248322 10.8881912231 11.8702402115
    endloop
  endfacet
  facet normal 0.748626768589 -0.576455175877 0.327501833439
    outer loop
      vertex 24.4537830353 10.8432245255 11.8807411194
      vertex 24.4469795227 10.8288106918 11.8800945282
      vertex 24.436548233 10.8392333984 11.8606262207
    endloop
  endfacet
  facet normal 0.998122036457 0.0214831251651 -0.0573664531112
    outer loop
      vertex 24.4471302032 10.8197650909 11.8972482681
      vertex 24.4478397369 10.8127994537 11.8828830719
      vertex 24.4469795227 10.8288106918 11.8800945282
    endloop
  endfacet
  facet normal 0.937339127064 -0.343001395464 -0.0611997321248
    outer loop
      vertex 24.4393730164 10.8196325302 11.8609647751
      vertex 24.4478397369 10.8127994537 11.8828830719
      vertex 24.4404678345 10.799325943 11.8603334427
    endloop
  endfacet
  facet normal -0.736226201057 -0.660493314266 -0.147375747561
    outer loop
      vertex 24.3764896393 10.8396921158 11.8601818085
      vertex 24.3653411865 10.8521280289 11.8753833771
      vertex 24.3791351318 10.8612422943 11.8620414734
    endloop
  endfacet
  facet normal -0.574282824993 -0.815397322178 -0.0729828178883
    outer loop
      vertex 24.3787593842 10.9017601013 11.8629083633
      vertex 24.3773956299 10.8817167282 11.862074852
      vertex 24.3666248322 10.8881912231 11.8702402115
    endloop
  endfacet
  facet normal 0.759850740433 -0.649635255337 0.0245125330985
    outer loop
      vertex 24.4462776184 10.7595701218 11.8987388611
      vertex 24.4471759796 10.7754631042 11.899189949
      vertex 24.4605083466 10.7579431534 11.9154453278
    endloop
  endfacet
  facet normal 0.752439975739 -0.657590568066 0.037533082068
    outer loop
      vertex 24.4605083466 10.7579431534 11.9154453278
      vertex 24.4471759796 10.7754631042 11.899189949
      vertex 24.4611663818 10.7776012421 11.9150762558
    endloop
  endfacet
  facet normal -0.912249803543 -0.316360771656 -0.26022323966
    outer loop
      vertex 24.3576469421 10.8189287186 11.8798341751
      vertex 24.3579864502 10.842218399 11.8980121613
      vertex 24.363910675 10.8342761993 11.8743963242
    endloop
  endfacet
  facet normal -0.623754620552 -0.779732108116 0.0542958974838
    outer loop
      vertex 24.3666248322 10.8881912231 11.8702402115
      vertex 24.3773956299 10.8817167282 11.862074852
      vertex 24.3658370972 10.8717260361 11.8720169067
    endloop
  endfacet
  facet normal 0.903887569904 -0.417825520039 -0.0917012020946
    outer loop
      vertex 24.4605026245 10.8606004715 11.8986110687
      vertex 24.4522838593 10.8806819916 11.8852386475
      vertex 24.4597244263 10.8818979263 11.9016017914
    endloop
  endfacet
  facet normal 0.928669333458 -0.336511552334 -0.155991062522
    outer loop
      vertex 24.4538822174 10.8621101379 11.8810405731
      vertex 24.4522838593 10.8806819916 11.8852386475
      vertex 24.4605026245 10.8606004715 11.8986110687
    endloop
  endfacet
  facet normal -0.641295075417 -0.766374349594 -0.0375630557537
    outer loop
      vertex 24.3587741852 10.9241123199 11.8800153732
      vertex 24.3761558533 10.921453476 11.8653402328
      vertex 24.3580932617 10.9037122726 11.8795852661
    endloop
  endfacet
  facet normal 0.459303557873 -0.814834237099 -0.353674143553
    outer loop
      vertex 24.4159145355 10.880074501 11.8632926941
      vertex 24.3984355927 10.9007720947 11.8624238968
      vertex 24.4192943573 10.9038047791 11.875497818
    endloop
  endfacet
  facet normal 0.745837152004 -0.457358628511 -0.484303712845
    outer loop
      vertex 24.4372196198 10.900970459 11.8821563721
      vertex 24.4444599152 10.9030637741 11.8961801529
      vertex 24.4522838593 10.8806819916 11.8852386475
    endloop
  endfacet
  facet normal 0.790333926678 -0.3942271173 -0.468996018171
    outer loop
      vertex 24.4597244263 10.8818979263 11.9016017914
      vertex 24.4522838593 10.8806819916 11.8852386475
      vertex 24.4444599152 10.9030637741 11.8961801529
    endloop
  endfacet
  facet normal -0.999699175358 -0.0236010123044 -0.00667637307197
    outer loop
      vertex 24.3563861847 10.7781744003 11.8793916702
      vertex 24.3565063477 10.7983045578 11.8799962997
      vertex 24.356962204 10.7987947464 11.8608255386
    endloop
  endfacet
  facet normal -0.999616503716 -0.000257763284026 -0.0276918429881
    outer loop
      vertex 24.3563899994 10.7781267166 11.8594684601
      vertex 24.3563861847 10.7781744003 11.8793916702
      vertex 24.356962204 10.7987947464 11.8608255386
    endloop
  endfacet
  facet normal 0.679373443127 -0.705436825752 0.202016398311
    outer loop
      vertex 24.4560546875 10.9243497849 11.9012508392
      vertex 24.4444599152 10.9030637741 11.8961801529
      vertex 24.436290741 10.9209852219 11.8831806183
    endloop
  endfacet
  facet normal 0.882722020149 -0.465408325195 -0.0647839829326
    outer loop
      vertex 24.4444599152 10.9030637741 11.8961801529
      vertex 24.4372196198 10.900970459 11.8821563721
      vertex 24.436290741 10.9209852219 11.8831806183
    endloop
  endfacet
  facet normal -0.999970018864 -0.000173017047928 0.00774126546457
    outer loop
      vertex 24.3565540314 10.7565174103 11.8783073425
      vertex 24.3563861847 10.7781744003 11.8793916702
      vertex 24.3563899994 10.7781267166 11.8594684601
    endloop
  endfacet
  facet normal -0.999982535839 0.0026454301551 0.00528425350785
    outer loop
      vertex 24.3564891815 10.7587375641 11.8582296371
      vertex 24.3565540314 10.7565174103 11.8783073425
      vertex 24.3563899994 10.7781267166 11.8594684601
    endloop
  endfacet
  facet normal 0.687378823757 -0.725279211998 -0.0384768098593
    outer loop
      vertex 24.4560546875 10.9243497849 11.9012508392
      vertex 24.4370956421 10.9430837631 11.8842763901
      vertex 24.4550762177 10.9447059631 11.9014034271
    endloop
  endfacet
  facet normal 0.673602879047 -0.738994240761 -0.0121084516868
    outer loop
      vertex 24.436290741 10.9209852219 11.8831806183
      vertex 24.4370956421 10.9430837631 11.8842763901
      vertex 24.4560546875 10.9243497849 11.9012508392
    endloop
  endfacet
  facet normal -0.674493610859 -0.578150033951 0.459130614996
    outer loop
      vertex 24.3423881531 10.9649524689 11.899474144
      vertex 24.3569793701 10.9649877548 11.8824234009
      vertex 24.3555965424 10.9449720383 11.8999319077
    endloop
  endfacet
  facet normal -0.977808058262 -0.186449661851 0.0955404639244
    outer loop
      vertex 24.3569793701 10.9649877548 11.8824234009
      vertex 24.3590641022 10.9442062378 11.8821392059
      vertex 24.3555965424 10.9449720383 11.8999319077
    endloop
  endfacet
  facet normal 0.643755912781 -0.704201936722 -0.299462765455
    outer loop
      vertex 24.4550762177 10.9447059631 11.9014034271
      vertex 24.4370956421 10.9430837631 11.8842763901
      vertex 24.4416675568 10.9658384323 11.8981323242
    endloop
  endfacet
  facet normal 0.852411150932 -0.504837453365 -0.136140972376
    outer loop
      vertex 24.4370956421 10.9430837631 11.8842763901
      vertex 24.4334812164 10.9630622864 11.8835611343
      vertex 24.4416675568 10.9658384323 11.8981323242
    endloop
  endfacet
  facet normal -0.675116539001 -0.576780378819 -0.459936976433
    outer loop
      vertex 24.3423881531 10.9649524689 11.899474144
      vertex 24.3558120728 10.9846076965 11.8994350433
      vertex 24.3569793701 10.9649877548 11.8824234009
    endloop
  endfacet
  facet normal -0.981895089149 -0.168094024062 -0.0873292908072
    outer loop
      vertex 24.3558120728 10.9846076965 11.8994350433
      vertex 24.3589515686 10.9855451584 11.8815832138
      vertex 24.3569793701 10.9649877548 11.8824234009
    endloop
  endfacet
  facet normal 0.36702054739 -0.805387794971 -0.465452969074
    outer loop
      vertex 24.4172954559 10.9669437408 11.8816108704
      vertex 24.3970355988 10.9829521179 11.8816299438
      vertex 24.4180831909 10.9881725311 11.894238472
    endloop
  endfacet
  facet normal -0.137573808432 -0.84902215004 -0.510132133961
    outer loop
      vertex 24.4172954559 10.9669437408 11.8816108704
      vertex 24.4180831909 10.9881725311 11.894238472
      vertex 24.4339199066 10.9816360474 11.8877449036
    endloop
  endfacet
  facet normal 0.86045640707 -0.501050114632 -0.0925391465425
    outer loop
      vertex 24.4334812164 10.9630622864 11.8835611343
      vertex 24.4339199066 10.9816360474 11.8877449036
      vertex 24.4416675568 10.9658384323 11.8981323242
    endloop
  endfacet
  facet normal 0.869438052177 -0.481719076633 -0.109654799104
    outer loop
      vertex 24.4416675568 10.9658384323 11.8981323242
      vertex 24.4339199066 10.9816360474 11.8877449036
      vertex 24.4397201538 10.9855985641 11.8991155624
    endloop
  endfacet
  facet normal -0.979988276958 -0.166625961661 -0.108898214996
    outer loop
      vertex 24.3581218719 11.0056200027 11.8995828629
      vertex 24.3589515686 10.9855451584 11.8815832138
      vertex 24.3558120728 10.9846076965 11.8994350433
    endloop
  endfacet
  facet normal -0.578903853893 -0.618843078613 -0.530945897102
    outer loop
      vertex 24.3589515686 10.9855451584 11.8815832138
      vertex 24.3581218719 11.0056200027 11.8995828629
      vertex 24.3761692047 11.0050582886 11.8822183609
    endloop
  endfacet
  facet normal 0.463165998459 -0.87042850256 -0.166827589273
    outer loop
      vertex 24.4180831909 10.9881725311 11.894238472
      vertex 24.3956012726 11.0047073364 11.8854446411
      vertex 24.4178104401 11.0082807541 11.8979473114
    endloop
  endfacet
  facet normal 0.471595525742 -0.862750172615 -0.182372629642
    outer loop
      vertex 24.3970355988 10.9829521179 11.8816299438
      vertex 24.3956012726 11.0047073364 11.8854446411
      vertex 24.4180831909 10.9881725311 11.894238472
    endloop
  endfacet
  facet normal -0.118228450418 -0.832766294479 -0.540853321552
    outer loop
      vertex 24.4339199066 10.9816360474 11.8877449036
      vertex 24.4180831909 10.9881725311 11.894238472
      vertex 24.4372520447 11.0031995773 11.9012765884
    endloop
  endfacet
  facet normal 0.211562603712 -0.96063631773 -0.180053070188
    outer loop
      vertex 24.4180831909 10.9881725311 11.894238472
      vertex 24.4178104401 11.0082807541 11.8979473114
      vertex 24.4372520447 11.0031995773 11.9012765884
    endloop
  endfacet
  facet normal 0.849436759949 -0.496035933495 -0.180015519261
    outer loop
      vertex 24.4339199066 10.9816360474 11.8877449036
      vertex 24.4372520447 11.0031995773 11.9012765884
      vertex 24.4397201538 10.9855985641 11.8991155624
    endloop
  endfacet
  facet normal -0.601565003395 -0.640655457973 -0.477158367634
    outer loop
      vertex 24.3761692047 11.0050582886 11.8822183609
      vertex 24.3581218719 11.0056200027 11.8995828629
      vertex 24.37682724 11.0271177292 11.8980302811
    endloop
  endfacet
  facet normal -0.187100112438 -0.978007733822 -0.0921650677919
    outer loop
      vertex 24.3581218719 11.0056200027 11.8995828629
      vertex 24.3577098846 11.0262479782 11.9016056061
      vertex 24.37682724 11.0271177292 11.8980302811
    endloop
  endfacet
  facet normal -0.00145533063915 -0.872430562973 -0.488735944033
    outer loop
      vertex 24.3994483948 11.0271663666 11.8980197906
      vertex 24.3956012726 11.0047073364 11.8854446411
      vertex 24.37682724 11.0271177292 11.8980302811
    endloop
  endfacet
  facet normal 0.14423070848 -0.806304693222 -0.573646426201
    outer loop
      vertex 24.3761692047 11.0050582886 11.8822183609
      vertex 24.37682724 11.0271177292 11.8980302811
      vertex 24.3956012726 11.0047073364 11.8854446411
    endloop
  endfacet
  facet normal 0.401936471462 -0.82658213377 -0.393965750933
    outer loop
      vertex 24.3956012726 11.0047073364 11.8854446411
      vertex 24.3994483948 11.0271663666 11.8980197906
      vertex 24.4178104401 11.0082807541 11.8979473114
    endloop
  endfacet
  facet normal 0.0890715569258 -0.991913557053 -0.0904089957476
    outer loop
      vertex 24.3994483948 11.0271663666 11.8980197906
      vertex 24.4176921844 11.0271368027 11.8996553421
      vertex 24.4178104401 11.0082807541 11.8979473114
    endloop
  endfacet
  facet normal 0.196859613061 -0.973630428314 -0.115282505751
    outer loop
      vertex 24.4372520447 11.0031995773 11.9012765884
      vertex 24.4178104401 11.0082807541 11.8979473114
      vertex 24.4362545013 11.0257959366 11.9037504196
    endloop
  endfacet
  facet normal 0.220721408725 -0.971234560013 -0.0893614813685
    outer loop
      vertex 24.4362545013 11.0257959366 11.9037504196
      vertex 24.4178104401 11.0082807541 11.8979473114
      vertex 24.4176921844 11.0271368027 11.8996553421
    endloop
  endfacet
  facet normal -0.127145111561 -0.989808142185 -0.0641400292516
    outer loop
      vertex 24.376832962 11.0490722656 11.8994522095
      vertex 24.37682724 11.0271177292 11.8980302811
      vertex 24.3585605621 11.0463027954 11.9016199112
    endloop
  endfacet
  facet normal -0.184200331569 -0.982851862907 -0.00851451512426
    outer loop
      vertex 24.3577098846 11.0262479782 11.9016056061
      vertex 24.3585605621 11.0463027954 11.9016199112
      vertex 24.37682724 11.0271177292 11.8980302811
    endloop
  endfacet
  facet normal -0.000612497504335 -0.997574448586 -0.0696045979857
    outer loop
      vertex 24.3994483948 11.0271663666 11.8980197906
      vertex 24.37682724 11.0271177292 11.8980302811
      vertex 24.3972644806 11.0478544235 11.8994646072
    endloop
  endfacet
  facet normal 0.00445801625028 -0.997899353504 -0.064629778266
    outer loop
      vertex 24.3972644806 11.0478544235 11.8994646072
      vertex 24.37682724 11.0271177292 11.8980302811
      vertex 24.376832962 11.0490722656 11.8994522095
    endloop
  endfacet
  facet normal 0.0891655385494 -0.993256449699 -0.0741018876433
    outer loop
      vertex 24.4176921844 11.0271368027 11.8996553421
      vertex 24.3994483948 11.0271663666 11.8980197906
      vertex 24.4175739288 11.0459423065 11.9010477066
    endloop
  endfacet
  facet normal 0.0848018676043 -0.993314683437 -0.0783237814903
    outer loop
      vertex 24.4175739288 11.0459423065 11.9010477066
      vertex 24.3994483948 11.0271663666 11.8980197906
      vertex 24.3972644806 11.0478544235 11.8994646072
    endloop
  endfacet
  facet normal 0.219904437661 -0.972755670547 -0.0734061300755
    outer loop
      vertex 24.4175739288 11.0459423065 11.9010477066
      vertex 24.4362545013 11.0257959366 11.9037504196
      vertex 24.4176921844 11.0271368027 11.8996553421
    endloop
  endfacet
  facet normal -0.12959676981 -0.991501748562 -0.0113583859056
    outer loop
      vertex 24.3769226074 11.0699911118 11.8996801376
      vertex 24.376832962 11.0490722656 11.8994522095
      vertex 24.3589763641 11.0669403076 11.9019908905
    endloop
  endfacet
  facet normal -0.120812252164 -0.992468297482 -0.0202746074647
    outer loop
      vertex 24.3585605621 11.0463027954 11.9016199112
      vertex 24.3589763641 11.0669403076 11.9019908905
      vertex 24.376832962 11.0490722656 11.8994522095
    endloop
  endfacet
  facet normal 0.0100911548361 -0.999890208244 -0.0108511550352
    outer loop
      vertex 24.3769226074 11.0699911118 11.8996801376
      vertex 24.397146225 11.0685834885 11.8998689651
      vertex 24.376832962 11.0490722656 11.8994522095
    endloop
  endfacet
  facet normal 0.00176993431523 -0.999808013439 -0.0195126757026
    outer loop
      vertex 24.3972644806 11.0478544235 11.8994646072
      vertex 24.376832962 11.0490722656 11.8994522095
      vertex 24.397146225 11.0685834885 11.8998689651
    endloop
  endfacet
  facet normal 0.144881367683 -0.989244401455 -0.0201230458915
    outer loop
      vertex 24.397146225 11.0685834885 11.8998689651
      vertex 24.4173870087 11.0659399033 11.9027795792
      vertex 24.3972644806 11.0478544235 11.8994646072
    endloop
  endfacet
  facet normal 0.0855363979936 -0.992550492287 -0.0867583081126
    outer loop
      vertex 24.4175739288 11.0459423065 11.9010477066
      vertex 24.3972644806 11.0478544235 11.8994646072
      vertex 24.4173870087 11.0659399033 11.9027795792
    endloop
  endfacet
  facet normal -0.0443086586893 -0.993464946747 -0.105186291039
    outer loop
      vertex 24.3766498566 11.0911874771 11.9019365311
      vertex 24.3769226074 11.0699911118 11.8996801376
      vertex 24.3587284088 11.0875654221 11.9023523331
    endloop
  endfacet
  facet normal -0.130332544446 -0.991344332695 -0.0158057380468
    outer loop
      vertex 24.3589763641 11.0669403076 11.9019908905
      vertex 24.3587284088 11.0875654221 11.9023523331
      vertex 24.3769226074 11.0699911118 11.8996801376
    endloop
  endfacet
  facet normal 0.0138457408175 -0.997784256935 -0.0650761798024
    outer loop
      vertex 24.397146225 11.0685834885 11.8998689651
      vertex 24.3769226074 11.0699911118 11.8996801376
      vertex 24.3961868286 11.0882644653 11.9011392593
    endloop
  endfacet
  facet normal -0.0247830376029 -0.994109749794 -0.105506189167
    outer loop
      vertex 24.3961868286 11.0882644653 11.9011392593
      vertex 24.3769226074 11.0699911118 11.8996801376
      vertex 24.3766498566 11.0911874771 11.9019365311
    endloop
  endfacet
  facet normal 0.157527953386 -0.979179382324 -0.128034070134
    outer loop
      vertex 24.4173870087 11.0659399033 11.9027795792
      vertex 24.397146225 11.0685834885 11.8998689651
      vertex 24.4160404205 11.0876684189 11.9054040909
    endloop
  endfacet
  facet normal 0.211560279131 -0.974618494511 -0.0732190310955
    outer loop
      vertex 24.4160404205 11.0876684189 11.9054040909
      vertex 24.397146225 11.0685834885 11.8998689651
      vertex 24.3961868286 11.0882644653 11.9011392593
    endloop
  endfacet
  facet normal -0.0428338311613 -0.994284391403 -0.097794957459
    outer loop
      vertex 24.3588752747 11.1077489853 11.9043312073
      vertex 24.3766498566 11.0911874771 11.9019365311
      vertex 24.3587284088 11.0875654221 11.9023523331
    endloop
  endfacet
  facet normal 0.0674078166485 0.172810152173 0.98264580965
    outer loop
      vertex 24.4380016327 10.6552228928 11.8991107941
      vertex 24.4208431244 10.6570043564 11.915933609
      vertex 24.4177246094 10.6537685394 11.8987503052
    endloop
  endfacet
  facet normal -0.509143829346 0.674488604069 0.534637868404
    outer loop
      vertex 24.3972549438 10.6743545532 11.8996162415
      vertex 24.4177246094 10.6537685394 11.8987503052
      vertex 24.4177684784 10.6759414673 11.9163589478
    endloop
  endfacet
  facet normal -0.96525400877 0.205560907722 0.16133646667
    outer loop
      vertex 24.4177246094 10.6537685394 11.8987503052
      vertex 24.4208431244 10.6570043564 11.915933609
      vertex 24.4177684784 10.6759414673 11.9163589478
    endloop
  endfacet
  facet normal 0.55364972353 0.623190224171 0.552363932133
    outer loop
      vertex 24.4380016327 10.6552228928 11.8991107941
      vertex 24.4380893707 10.6746759415 11.9162750244
      vertex 24.4208431244 10.6570043564 11.915933609
    endloop
  endfacet
  facet normal 0.563818991184 0.618030071259 0.547856688499
    outer loop
      vertex 24.4380016327 10.6552228928 11.8991107941
      vertex 24.4566383362 10.6745424271 11.8992347717
      vertex 24.4380893707 10.6746759415 11.9162750244
    endloop
  endfacet
  facet normal -0.557580709457 0.645818173885 0.521557867527
    outer loop
      vertex 24.3986339569 10.6937417984 11.9164638519
      vertex 24.377494812 10.69510746 11.899315834
      vertex 24.3972549438 10.6743545532 11.8996162415
    endloop
  endfacet
  facet normal -0.135043889284 0.984220683575 0.114336133003
    outer loop
      vertex 24.377494812 10.69510746 11.899315834
      vertex 24.3773784637 10.6730632782 11.896739006
      vertex 24.3972549438 10.6743545532 11.8996162415
    endloop
  endfacet
  facet normal -0.504074633121 0.669335782528 0.545800685883
    outer loop
      vertex 24.4177684784 10.6759414673 11.9163589478
      vertex 24.3986339569 10.6937417984 11.9164638519
      vertex 24.3972549438 10.6743545532 11.8996162415
    endloop
  endfacet
  facet normal 0.5728110075 0.627656340599 0.527195453644
    outer loop
      vertex 24.4380893707 10.6746759415 11.9162750244
      vertex 24.4566383362 10.6745424271 11.8992347717
      vertex 24.4565544128 10.6952075958 11.9166688919
    endloop
  endfacet
  facet normal 0.989361464977 0.113148845732 0.091439910233
    outer loop
      vertex 24.4585781097 10.6951503754 11.8989276886
      vertex 24.4565544128 10.6952075958 11.9166688919
      vertex 24.4566383362 10.6745424271 11.8992347717
    endloop
  endfacet
  facet normal -0.222256839275 0.967711806297 0.118893861771
    outer loop
      vertex 24.3577842712 10.7158937454 11.8973426819
      vertex 24.377494812 10.69510746 11.899315834
      vertex 24.3757896423 10.7171030045 11.9016265869
    endloop
  endfacet
  facet normal -0.627890408039 0.761051356792 0.162955254316
    outer loop
      vertex 24.3963813782 10.7148790359 11.919131279
      vertex 24.377494812 10.69510746 11.899315834
      vertex 24.3986339569 10.6937417984 11.9164638519
    endloop
  endfacet
  facet normal -0.650323271751 0.748613893986 0.129061460495
    outer loop
      vertex 24.3757896423 10.7171030045 11.9016265869
      vertex 24.377494812 10.69510746 11.899315834
      vertex 24.3963813782 10.7148790359 11.919131279
    endloop
  endfacet
  facet normal 0.993555128574 0.113337829709 0.00165244727395
    outer loop
      vertex 24.4585781097 10.6951503754 11.8989276886
      vertex 24.4585647583 10.7159032822 11.8993473053
      vertex 24.4565544128 10.6952075958 11.9166688919
    endloop
  endfacet
  facet normal 0.997000098228 0.0643827319145 0.0429607890546
    outer loop
      vertex 24.4565544128 10.6952075958 11.9166688919
      vertex 24.4585647583 10.7159032822 11.8993473053
      vertex 24.4573345184 10.7169961929 11.9191274643
    endloop
  endfacet
  facet normal -0.66091388464 0.615115523338 0.429913640022
    outer loop
      vertex 24.3793296814 10.7367677689 11.9191741943
      vertex 24.3600959778 10.7378902435 11.8992929459
      vertex 24.3757896423 10.7171030045 11.9016265869
    endloop
  endfacet
  facet normal -0.22705078125 0.971887648106 0.0623084045947
    outer loop
      vertex 24.3600959778 10.7378902435 11.8992929459
      vertex 24.3577842712 10.7158937454 11.8973426819
      vertex 24.3757896423 10.7171030045 11.9016265869
    endloop
  endfacet
  facet normal -0.600805521011 0.647135198116 0.469306707382
    outer loop
      vertex 24.3963813782 10.7148790359 11.919131279
      vertex 24.3793296814 10.7367677689 11.9191741943
      vertex 24.3757896423 10.7171030045 11.9016265869
    endloop
  endfacet
  facet normal 0.684246897697 -0.505004823208 0.52609539032
    outer loop
      vertex 24.474773407 10.7386274338 11.9202213287
      vertex 24.4573345184 10.7169961929 11.9191274643
      vertex 24.4587688446 10.7372922897 11.8999271393
    endloop
  endfacet
  facet normal 0.997969985008 0.0626893863082 0.0112218176946
    outer loop
      vertex 24.4573345184 10.7169961929 11.9191274643
      vertex 24.4585647583 10.7159032822 11.8993473053
      vertex 24.4587688446 10.7372922897 11.8999271393
    endloop
  endfacet
  facet normal -0.717270076275 0.687506139278 0.113397426903
    outer loop
      vertex 24.3760223389 10.7575893402 11.9191579819
      vertex 24.3600959778 10.7378902435 11.8992929459
      vertex 24.3793296814 10.7367677689 11.9191741943
    endloop
  endfacet
  facet normal -0.766550958157 0.641604363918 0.0272663589567
    outer loop
      vertex 24.3592166901 10.7600069046 11.8991823196
      vertex 24.3600959778 10.7378902435 11.8992929459
      vertex 24.3760223389 10.7575893402 11.9191579819
    endloop
  endfacet
  facet normal 0.723485648632 -0.579778015614 -0.374734550714
    outer loop
      vertex 24.4587688446 10.7372922897 11.8999271393
      vertex 24.4462776184 10.7595701218 11.8987388611
      vertex 24.4605083466 10.7579431534 11.9154453278
    endloop
  endfacet
  facet normal 0.713429629803 -0.587733268738 -0.381559610367
    outer loop
      vertex 24.4587688446 10.7372922897 11.8999271393
      vertex 24.4605083466 10.7579431534 11.9154453278
      vertex 24.474773407 10.7386274338 11.9202213287
    endloop
  endfacet
  facet normal 0.3231998384 -0.946319043636 -0.00470290565863
    outer loop
      vertex 24.4605083466 10.7579431534 11.9154453278
      vertex 24.4762763977 10.7585363388 11.9208335876
      vertex 24.474773407 10.7386274338 11.9202213287
    endloop
  endfacet
  facet normal -0.766346871853 0.642042338848 0.0222289767116
    outer loop
      vertex 24.37525177 10.7775993347 11.9189310074
      vertex 24.3592166901 10.7600069046 11.8991823196
      vertex 24.3760223389 10.7575893402 11.9191579819
    endloop
  endfacet
  facet normal 0.0505255721509 -0.990359723568 -0.128975734115
    outer loop
      vertex 24.3956241608 10.9213695526 11.8663225174
      vertex 24.3787593842 10.9017601013 11.8629083633
      vertex 24.3761558533 10.921453476 11.8653402328
    endloop
  endfacet
  facet normal 0.935795903206 -0.3525416255 -0.000675489485729
    outer loop
      vertex 24.4538822174 10.8621101379 11.8810405731
      vertex 24.4605026245 10.8606004715 11.8986110687
      vertex 24.4537830353 10.8432245255 11.8807411194
    endloop
  endfacet
  facet normal 0.959634125233 -0.262391984463 0.101256005466
    outer loop
      vertex 24.4584503174 10.8393707275 11.8992977142
      vertex 24.4537830353 10.8432245255 11.8807411194
      vertex 24.4605026245 10.8606004715 11.8986110687
    endloop
  endfacet
  facet normal 0.891653776169 0.206875711679 0.402686029673
    outer loop
      vertex 24.4528999329 10.7783126831 11.880065918
      vertex 24.4574184418 10.7983312607 11.8995571136
      vertex 24.4471759796 10.7754631042 11.899189949
    endloop
  endfacet
  facet normal 0.970275819302 -0.235886335373 0.0540599226952
    outer loop
      vertex 24.4762763977 10.7585363388 11.9208335876
      vertex 24.4750404358 10.7779951096 11.9112901688
      vertex 24.4769935608 10.7776708603 11.9193983078
    endloop
  endfacet
  facet normal -0.0149608543143 -0.982815623283 -0.183982789516
    outer loop
      vertex 24.3984355927 10.9007720947 11.8624238968
      vertex 24.3787593842 10.9017601013 11.8629083633
      vertex 24.3956241608 10.9213695526 11.8663225174
    endloop
  endfacet
  facet normal 0.153521969914 -0.984188914299 -0.0883357524872
    outer loop
      vertex 24.3984355927 10.9007720947 11.8624238968
      vertex 24.4159145355 10.880074501 11.8632926941
      vertex 24.3956375122 10.8818130493 11.860285759
    endloop
  endfacet
  facet normal 0.916939556599 0.393226742744 -0.0677835792303
    outer loop
      vertex 24.4547863007 10.7561807632 11.8794822693
      vertex 24.4528999329 10.7783126831 11.880065918
      vertex 24.4462776184 10.7595701218 11.8987388611
    endloop
  endfacet
  facet normal 0.958664536476 0.277686029673 0.0620708577335
    outer loop
      vertex 24.4471759796 10.7754631042 11.899189949
      vertex 24.4462776184 10.7595701218 11.8987388611
      vertex 24.4528999329 10.7783126831 11.880065918
    endloop
  endfacet
  facet normal 0.512292683125 -0.827143847942 -0.23106110096
    outer loop
      vertex 24.4379730225 10.8820304871 11.8767518997
      vertex 24.4522838593 10.8806819916 11.8852386475
      vertex 24.4538822174 10.8621101379 11.8810405731
    endloop
  endfacet
  facet normal 0.607927501202 -0.72214615345 -0.330044031143
    outer loop
      vertex 24.4367008209 10.8606233597 11.8658971786
      vertex 24.4379730225 10.8820304871 11.8767518997
      vertex 24.4538822174 10.8621101379 11.8810405731
    endloop
  endfacet
  facet normal -0.097746565938 -0.994053661823 -0.0479887202382
    outer loop
      vertex 24.3773956299 10.8817167282 11.862074852
      vertex 24.3787593842 10.9017601013 11.8629083633
      vertex 24.3956375122 10.8818130493 11.860285759
    endloop
  endfacet
  facet normal -0.0186922959983 -0.993216216564 -0.114770151675
    outer loop
      vertex 24.3984355927 10.9007720947 11.8624238968
      vertex 24.3956375122 10.8818130493 11.860285759
      vertex 24.3787593842 10.9017601013 11.8629083633
    endloop
  endfacet
  facet normal 0.456847190857 -0.804036855698 -0.380546182394
    outer loop
      vertex 24.4367008209 10.8606233597 11.8658971786
      vertex 24.4159145355 10.880074501 11.8632926941
      vertex 24.4379730225 10.8820304871 11.8767518997
    endloop
  endfacet
  facet normal 0.734245717525 -0.66036349535 -0.157490521669
    outer loop
      vertex 24.436548233 10.8392333984 11.8606262207
      vertex 24.4367008209 10.8606233597 11.8658971786
      vertex 24.4537830353 10.8432245255 11.8807411194
    endloop
  endfacet
  facet normal 0.150889471173 -0.987155437469 -0.0525022372603
    outer loop
      vertex 24.4159145355 10.880074501 11.8632926941
      vertex 24.3980102539 10.8619041443 11.8595895767
      vertex 24.3956375122 10.8818130493 11.860285759
    endloop
  endfacet
  facet normal 0.660778224468 -0.750533819199 -0.00843051448464
    outer loop
      vertex 24.4537830353 10.8432245255 11.8807411194
      vertex 24.4367008209 10.8606233597 11.8658971786
      vertex 24.4538822174 10.8621101379 11.8810405731
    endloop
  endfacet
  facet normal 0.762311160564 -0.496956586838 -0.414627343416
    outer loop
      vertex 24.4546337128 10.797791481 11.8807830811
      vertex 24.4404678345 10.799325943 11.8603334427
      vertex 24.4478397369 10.8127994537 11.8828830719
    endloop
  endfacet
  facet normal -0.0975708961487 -0.995206236839 0.00666698021814
    outer loop
      vertex 24.3956375122 10.8818130493 11.860285759
      vertex 24.3791351318 10.8612422943 11.8620414734
      vertex 24.3773956299 10.8817167282 11.862074852
    endloop
  endfacet
  facet normal -0.129458248615 -0.991398215294 -0.0192388426512
    outer loop
      vertex 24.3980102539 10.8619041443 11.8595895767
      vertex 24.3791351318 10.8612422943 11.8620414734
      vertex 24.3956375122 10.8818130493 11.860285759
    endloop
  endfacet
  facet normal 0.865738987923 -0.498555183411 -0.0440305955708
    outer loop
      vertex 24.4403514862 10.7787532806 11.8583145142
      vertex 24.4404678345 10.799325943 11.8603334427
      vertex 24.4528999329 10.7783126831 11.880065918
    endloop
  endfacet
  facet normal 0.819100499153 -0.571299850941 0.0518730171025
    outer loop
      vertex 24.4528999329 10.7783126831 11.880065918
      vertex 24.4404678345 10.799325943 11.8603334427
      vertex 24.4546337128 10.797791481 11.8807830811
    endloop
  endfacet
  facet normal 0.85867023468 -0.492494821548 -0.141895368695
    outer loop
      vertex 24.4403514862 10.7787532806 11.8583145142
      vertex 24.4528999329 10.7783126831 11.880065918
      vertex 24.4432506561 10.7589550018 11.857665062
    endloop
  endfacet
  facet normal 0.315087229013 -0.924880743027 -0.212874636054
    outer loop
      vertex 24.4159145355 10.880074501 11.8632926941
      vertex 24.4367008209 10.8606233597 11.8658971786
      vertex 24.417514801 10.8584346771 11.8588571548
    endloop
  endfacet
  facet normal -0.169128522277 -0.979949951172 -0.105326317251
    outer loop
      vertex 24.3764896393 10.8396921158 11.8601818085
      vertex 24.3791351318 10.8612422943 11.8620414734
      vertex 24.3965473175 10.8413591385 11.8568992615
    endloop
  endfacet
  facet normal -0.132342562079 -0.981556653976 -0.137956306338
    outer loop
      vertex 24.3980102539 10.8619041443 11.8595895767
      vertex 24.3965473175 10.8413591385 11.8568992615
      vertex 24.3791351318 10.8612422943 11.8620414734
    endloop
  endfacet
  facet normal 0.31289345026 -0.922717154026 -0.225146144629
    outer loop
      vertex 24.417514801 10.8584346771 11.8588571548
      vertex 24.4367008209 10.8606233597 11.8658971786
      vertex 24.436548233 10.8392333984 11.8606262207
    endloop
  endfacet
  facet normal 0.770719766617 -0.634088814259 -0.0626291707158
    outer loop
      vertex 24.4755096436 10.8623209 11.9188547134
      vertex 24.4597244263 10.8818979263 11.9016017914
      vertex 24.4756526947 10.8819570541 11.9209680557
    endloop
  endfacet
  facet normal 0.514967739582 -0.733959615231 -0.442844778299
    outer loop
      vertex 24.4173259735 10.8364152908 11.8454389572
      vertex 24.417514801 10.8584346771 11.8588571548
      vertex 24.436548233 10.8392333984 11.8606262207
    endloop
  endfacet
  facet normal -0.17816825211 -0.79238474369 -0.58342307806
    outer loop
      vertex 24.3764896393 10.8396921158 11.8601818085
      vertex 24.3965473175 10.8413591385 11.8568992615
      vertex 24.3787784576 10.8181400299 11.8437986374
    endloop
  endfacet
  facet normal -0.170629441738 -0.796545147896 -0.580001235008
    outer loop
      vertex 24.3787784576 10.8181400299 11.8437986374
      vertex 24.3965473175 10.8413591385 11.8568992615
      vertex 24.3983802795 10.8205118179 11.8413267136
    endloop
  endfacet
  facet normal -0.987905681133 -0.150518938899 -0.0372339077294
    outer loop
      vertex 24.3563899994 10.7781267166 11.8594684601
      vertex 24.356962204 10.7987947464 11.8608255386
      vertex 24.3597106934 10.7978019714 11.842540741
    endloop
  endfacet
  facet normal -0.990653157234 -0.0444407388568 -0.128962561488
    outer loop
      vertex 24.3571548462 10.7775640488 11.8407859802
      vertex 24.3563899994 10.7781267166 11.8594684601
      vertex 24.3597106934 10.7978019714 11.842540741
    endloop
  endfacet
  facet normal 0.673531770706 -0.668966948986 -0.314385354519
    outer loop
      vertex 24.4597244263 10.8818979263 11.9016017914
      vertex 24.4444599152 10.9030637741 11.8961801529
      vertex 24.4622116089 10.9026193619 11.9138441086
    endloop
  endfacet
  facet normal 0.742746651173 -0.611721873283 -0.272256821394
    outer loop
      vertex 24.4597244263 10.8818979263 11.9016017914
      vertex 24.4622116089 10.9026193619 11.9138441086
      vertex 24.4756526947 10.8819570541 11.9209680557
    endloop
  endfacet
  facet normal 0.477796256542 -0.878434717655 -0.00794569775462
    outer loop
      vertex 24.4622116089 10.9026193619 11.9138441086
      vertex 24.476682663 10.9021549225 11.921710968
      vertex 24.4756526947 10.8819570541 11.9209680557
    endloop
  endfacet
  facet normal -0.999162971973 -0.0408296585083 0.0025023415219
    outer loop
      vertex 24.3564891815 10.7587375641 11.8582296371
      vertex 24.3563899994 10.7781267166 11.8594684601
      vertex 24.3571548462 10.7775640488 11.8407859802
    endloop
  endfacet
  facet normal -0.978000938892 -0.169119730592 0.122117586434
    outer loop
      vertex 24.359621048 10.7566204071 11.8416471481
      vertex 24.3564891815 10.7587375641 11.8582296371
      vertex 24.3571548462 10.7775640488 11.8407859802
    endloop
  endfacet
  facet normal 0.899829030037 -0.41870573163 -0.122446969151
    outer loop
      vertex 24.4325027466 10.8173952103 11.8455457687
      vertex 24.436548233 10.8392333984 11.8606262207
      vertex 24.4393730164 10.8196325302 11.8609647751
    endloop
  endfacet
  facet normal 0.687212467194 -0.695873439312 0.208564564586
    outer loop
      vertex 24.4444599152 10.9030637741 11.8961801529
      vertex 24.4560546875 10.9243497849 11.9012508392
      vertex 24.4622116089 10.9026193619 11.9138441086
    endloop
  endfacet
  facet normal 0.75159996748 -0.640377104282 0.158160209656
    outer loop
      vertex 24.4560546875 10.9243497849 11.9012508392
      vertex 24.4720516205 10.9200496674 11.9210882187
      vertex 24.4622116089 10.9026193619 11.9138441086
    endloop
  endfacet
  facet normal 0.477841377258 -0.873481154442 -0.0932646095753
    outer loop
      vertex 24.4720516205 10.9200496674 11.9210882187
      vertex 24.476682663 10.9021549225 11.921710968
      vertex 24.4622116089 10.9026193619 11.9138441086
    endloop
  endfacet
  facet normal -0.0530424751341 -0.994672954082 -0.0883869379759
    outer loop
      vertex 24.4167079926 10.8186426163 11.8401832581
      vertex 24.3972244263 10.8007898331 11.839635849
      vertex 24.3983802795 10.8205118179 11.8413267136
    endloop
  endfacet
  facet normal -0.990210652351 0.139578357339 0.000831243058201
    outer loop
      vertex 24.3554019928 10.9235496521 11.8984241486
      vertex 24.3579502106 10.9225959778 11.9164962769
      vertex 24.3555965424 10.9449720383 11.8999319077
    endloop
  endfacet
  facet normal 0.755904078484 -0.524688243866 -0.391549795866
    outer loop
      vertex 24.4720516205 10.9200496674 11.9210882187
      vertex 24.4560546875 10.9243497849 11.9012508392
      vertex 24.4594230652 10.9423427582 11.9195308685
    endloop
  endfacet
  facet normal 0.972704589367 -0.226931288838 -0.0484562888741
    outer loop
      vertex 24.4560546875 10.9243497849 11.9012508392
      vertex 24.4550762177 10.9447059631 11.9014034271
      vertex 24.4594230652 10.9423427582 11.9195308685
    endloop
  endfacet
  facet normal -0.709096491337 0.537436485291 0.456447303295
    outer loop
      vertex 24.3423881531 10.9649524689 11.899474144
      vertex 24.3555965424 10.9449720383 11.8999319077
      vertex 24.3565330505 10.9655437469 11.918639183
    endloop
  endfacet
  facet normal -0.983509242535 0.153828024864 0.0951130986214
    outer loop
      vertex 24.3555965424 10.9449720383 11.8999319077
      vertex 24.3588085175 10.9441738129 11.9199743271
      vertex 24.3565330505 10.9655437469 11.918639183
    endloop
  endfacet
  facet normal 0.76762598753 -0.491816520691 -0.410934120417
    outer loop
      vertex 24.4550762177 10.9447059631 11.9014034271
      vertex 24.4416675568 10.9658384323 11.8981323242
      vertex 24.456829071 10.9631624222 11.9195604324
    endloop
  endfacet
  facet normal 0.968748867512 -0.216524541378 -0.121007271111
    outer loop
      vertex 24.4550762177 10.9447059631 11.9014034271
      vertex 24.456829071 10.9631624222 11.9195604324
      vertex 24.4594230652 10.9423427582 11.9195308685
    endloop
  endfacet
  facet normal -0.71023786068 0.509199202061 -0.486084669828
    outer loop
      vertex 24.3423881531 10.9649524689 11.899474144
      vertex 24.3565330505 10.9655437469 11.918639183
      vertex 24.3558120728 10.9846076965 11.8994350433
    endloop
  endfacet
  facet normal -0.999524891376 0.0298320408911 0.00774938659742
    outer loop
      vertex 24.3565330505 10.9655437469 11.918639183
      vertex 24.3563842773 10.9860649109 11.9189853668
      vertex 24.3558120728 10.9846076965 11.8994350433
    endloop
  endfacet
  facet normal 0.797909915447 -0.59299659729 -0.108142577112
    outer loop
      vertex 24.4397201538 10.9855985641 11.8991155624
      vertex 24.4547100067 10.9846811295 11.9191179276
      vertex 24.4416675568 10.9658384323 11.8981323242
    endloop
  endfacet
  facet normal 0.818421840668 -0.570476531982 -0.0688635110855
    outer loop
      vertex 24.456829071 10.9631624222 11.9195604324
      vertex 24.4416675568 10.9658384323 11.8981323242
      vertex 24.4547100067 10.9846811295 11.9191179276
    endloop
  endfacet
  facet normal -0.993810117245 0.0209553707391 -0.10909794271
    outer loop
      vertex 24.3558120728 10.9846076965 11.8994350433
      vertex 24.3563842773 10.9860649109 11.9189853668
      vertex 24.3581218719 11.0056200027 11.8995828629
    endloop
  endfacet
  facet normal -0.996197044849 -0.0871037095785 -0.00209422991611
    outer loop
      vertex 24.3563842773 10.9860649109 11.9189853668
      vertex 24.3563919067 11.0064716339 11.9193887711
      vertex 24.3581218719 11.0056200027 11.8995828629
    endloop
  endfacet
  facet normal 0.712441682816 -0.701717376709 0.00441713444889
    outer loop
      vertex 24.4547100067 10.9846811295 11.9191179276
      vertex 24.4372520447 11.0031995773 11.9012765884
      vertex 24.4560317993 11.0063753128 11.9203233719
    endloop
  endfacet
  facet normal 0.790773570538 -0.584232628345 -0.182618156075
    outer loop
      vertex 24.4397201538 10.9855985641 11.8991155624
      vertex 24.4372520447 11.0031995773 11.9012765884
      vertex 24.4547100067 10.9846811295 11.9191179276
    endloop
  endfacet
  facet normal -0.996184587479 -0.0865218862891 0.0114118214697
    outer loop
      vertex 24.3581218719 11.0056200027 11.8995828629
      vertex 24.3563919067 11.0064716339 11.9193887711
      vertex 24.3577098846 11.0262479782 11.9016056061
    endloop
  endfacet
  facet normal -0.993749320507 -0.107424095273 0.0303696561605
    outer loop
      vertex 24.3563919067 11.0064716339 11.9193887711
      vertex 24.3556537628 11.0279331207 11.9201498032
      vertex 24.3577098846 11.0262479782 11.9016056061
    endloop
  endfacet
  facet normal 0.664120912552 -0.74659705162 -0.0391954779625
    outer loop
      vertex 24.4560317993 11.0063753128 11.9203233719
      vertex 24.4362545013 11.0257959366 11.9037504196
      vertex 24.4556541443 11.0272340775 11.9210824966
    endloop
  endfacet
  facet normal 0.698812067509 -0.70706564188 -0.108258575201
    outer loop
      vertex 24.4372520447 11.0031995773 11.9012765884
      vertex 24.4362545013 11.0257959366 11.9037504196
      vertex 24.4560317993 11.0063753128 11.9203233719
    endloop
  endfacet
  facet normal -0.992597401142 -0.113889530301 -0.0421850308776
    outer loop
      vertex 24.3577098846 11.0262479782 11.9016056061
      vertex 24.3556537628 11.0279331207 11.9201498032
      vertex 24.3585605621 11.0463027954 11.9016199112
    endloop
  endfacet
  facet normal -0.991276979446 -0.12906986475 -0.0266633685678
    outer loop
      vertex 24.3556537628 11.0279331207 11.9201498032
      vertex 24.3563575745 11.0483932495 11.9189710617
      vertex 24.3585605621 11.0463027954 11.9016199112
    endloop
  endfacet
  facet normal 0.507472753525 -0.780123710632 -0.365893930197
    outer loop
      vertex 24.4362545013 11.0257959366 11.9037504196
      vertex 24.4175739288 11.0459423065 11.9010477066
      vertex 24.4393997192 11.048664093 11.9165220261
    endloop
  endfacet
  facet normal 0.618869006634 -0.7189489007 -0.316407382488
    outer loop
      vertex 24.4362545013 11.0257959366 11.9037504196
      vertex 24.4393997192 11.048664093 11.9165220261
      vertex 24.4556541443 11.0272340775 11.9210824966
    endloop
  endfacet
  facet normal 0.34196805954 -0.937806487083 -0.0598065070808
    outer loop
      vertex 24.4393997192 11.048664093 11.9165220261
      vertex 24.4558601379 11.047410965 11.9224443436
      vertex 24.4556541443 11.0272340775 11.9210824966
    endloop
  endfacet
  facet normal -0.991450667381 -0.128564596176 -0.0222864579409
    outer loop
      vertex 24.3585605621 11.0463027954 11.9016199112
      vertex 24.3563575745 11.0483932495 11.9189710617
      vertex 24.3589763641 11.0669403076 11.9019908905
    endloop
  endfacet
  facet normal -0.989157021046 -0.146766200662 -0.00529869133607
    outer loop
      vertex 24.3563575745 11.0483932495 11.9189710617
      vertex 24.3563995361 11.0686683655 11.9194202423
      vertex 24.3589763641 11.0669403076 11.9019908905
    endloop
  endfacet
  facet normal 0.56370985508 -0.823554575443 -0.0631594732404
    outer loop
      vertex 24.4393997192 11.048664093 11.9165220261
      vertex 24.4173870087 11.0659399033 11.9027795792
      vertex 24.4384231567 11.06990242 11.9174823761
    endloop
  endfacet
  facet normal 0.570357322693 -0.817858219147 -0.0761609524488
    outer loop
      vertex 24.4175739288 11.0459423065 11.9010477066
      vertex 24.4173870087 11.0659399033 11.9027795792
      vertex 24.4393997192 11.048664093 11.9165220261
    endloop
  endfacet
  facet normal 0.339343398809 -0.940583348274 -0.0122072054073
    outer loop
      vertex 24.4558601379 11.047410965 11.9224443436
      vertex 24.4393997192 11.048664093 11.9165220261
      vertex 24.4553318024 11.0674619675 11.9225139618
    endloop
  endfacet
  facet normal 0.292253851891 -0.954664051533 -0.0566061213613
    outer loop
      vertex 24.4553318024 11.0674619675 11.9225139618
      vertex 24.4393997192 11.048664093 11.9165220261
      vertex 24.4384231567 11.06990242 11.9174823761
    endloop
  endfacet
  facet normal -0.98933750391 -0.145340844989 0.0093466443941
    outer loop
      vertex 24.3589763641 11.0669403076 11.9019908905
      vertex 24.3563995361 11.0686683655 11.9194202423
      vertex 24.3587284088 11.0875654221 11.9023523331
    endloop
  endfacet
  facet normal -0.990997612476 -0.133874088526 -0.00121477048378
    outer loop
      vertex 24.3563995361 11.0686683655 11.9194202423
      vertex 24.3564167023 11.0893974304 11.9194812775
      vertex 24.3587284088 11.0875654221 11.9023523331
    endloop
  endfacet
  facet normal 0.516202628613 -0.853599309921 -0.0700220614672
    outer loop
      vertex 24.4384231567 11.06990242 11.9174823761
      vertex 24.4160404205 11.0876684189 11.9054040909
      vertex 24.4375762939 11.0900497437 11.9186229706
    endloop
  endfacet
  facet normal 0.550698101521 -0.823935449123 -0.133648753166
    outer loop
      vertex 24.4173870087 11.0659399033 11.9027795792
      vertex 24.4160404205 11.0876684189 11.9054040909
      vertex 24.4384231567 11.06990242 11.9174823761
    endloop
  endfacet
  facet normal 0.291426002979 -0.95530974865 -0.0495390966535
    outer loop
      vertex 24.4553318024 11.0674619675 11.9225139618
      vertex 24.4384231567 11.06990242 11.9174823761
      vertex 24.4545974731 11.0882415771 11.9233675003
    endloop
  endfacet
  facet normal 0.274409025908 -0.959356069565 -0.0658457800746
    outer loop
      vertex 24.4545974731 11.0882415771 11.9233675003
      vertex 24.4384231567 11.06990242 11.9174823761
      vertex 24.4375762939 11.0900497437 11.9186229706
    endloop
  endfacet
  facet normal -0.990513324738 -0.135874450207 -0.0205290541053
    outer loop
      vertex 24.3587284088 11.0875654221 11.9023523331
      vertex 24.3564167023 11.0893974304 11.9194812775
      vertex 24.3588752747 11.1077489853 11.9043312073
    endloop
  endfacet
  facet normal -0.988802492619 -0.148925811052 -0.00952533073723
    outer loop
      vertex 24.3564167023 11.0893974304 11.9194812775
      vertex 24.3565044403 11.1094198227 11.9201793671
      vertex 24.3588752747 11.1077489853 11.9043312073
    endloop
  endfacet
  facet normal 0.407571852207 -0.73380035162 -0.543527603149
    outer loop
      vertex 24.3766498566 11.0911874771 11.9019365311
      vertex 24.3588752747 11.1077489853 11.9043312073
      vertex 24.3770084381 11.1118125916 11.9174127579
    endloop
  endfacet
  facet normal 0.0559822581708 -0.803086817265 -0.593226373196
    outer loop
      vertex 24.3766498566 11.0911874771 11.9019365311
      vertex 24.3978748322 11.1096372604 11.9170446396
      vertex 24.3961868286 11.0882644653 11.9011392593
    endloop
  endfacet
  facet normal 0.0483382456005 -0.799330472946 -0.598944246769
    outer loop
      vertex 24.3770084381 11.1118125916 11.9174127579
      vertex 24.3978748322 11.1096372604 11.9170446396
      vertex 24.3766498566 11.0911874771 11.9019365311
    endloop
  endfacet
  facet normal 0.0687864348292 -0.85687828064 -0.510909080505
    outer loop
      vertex 24.4186820984 11.1090927124 11.918390274
      vertex 24.4160404205 11.0876684189 11.9054040909
      vertex 24.3978748322 11.1096372604 11.9170446396
    endloop
  endfacet
  facet normal 0.188086360693 -0.794971168041 -0.57675331831
    outer loop
      vertex 24.3961868286 11.0882644653 11.9011392593
      vertex 24.3978748322 11.1096372604 11.9170446396
      vertex 24.4160404205 11.0876684189 11.9054040909
    endloop
  endfacet
  facet normal 0.438723355532 -0.791432261467 -0.425625145435
    outer loop
      vertex 24.4160404205 11.0876684189 11.9054040909
      vertex 24.4186820984 11.1090927124 11.918390274
      vertex 24.4375762939 11.0900497437 11.9186229706
    endloop
  endfacet
  facet normal 0.172293320298 -0.972117364407 -0.15906868875
    outer loop
      vertex 24.4186820984 11.1090927124 11.918390274
      vertex 24.4377727509 11.1098451614 11.9218969345
      vertex 24.4375762939 11.0900497437 11.9186229706
    endloop
  endfacet
  facet normal 0.28044578433 -0.947449326515 -0.153915479779
    outer loop
      vertex 24.4377727509 11.1098451614 11.9218969345
      vertex 24.4545974731 11.0882415771 11.9233675003
      vertex 24.4375762939 11.0900497437 11.9186229706
    endloop
  endfacet
  facet normal -0.983967542648 -0.156261622906 -0.0859663262963
    outer loop
      vertex 24.3581733704 11.1290302277 11.9204587936
      vertex 24.3588752747 11.1077489853 11.9043312073
      vertex 24.3565044403 11.1094198227 11.9201793671
    endloop
  endfacet
  facet normal 0.397038966417 -0.725131690502 -0.56262254715
    outer loop
      vertex 24.3588752747 11.1077489853 11.9043312073
      vertex 24.3581733704 11.1290302277 11.9204587936
      vertex 24.3770084381 11.1118125916 11.9174127579
    endloop
  endfacet
  facet normal -0.0702502429485 -0.992628514767 -0.098759688437
    outer loop
      vertex 24.3581733704 11.1290302277 11.9204587936
      vertex 24.3768138885 11.1318416595 11.9194192886
      vertex 24.3770084381 11.1118125916 11.9174127579
    endloop
  endfacet
  facet normal -0.00543976109475 -0.993245363235 -0.115905173123
    outer loop
      vertex 24.3978748322 11.1096372604 11.9170446396
      vertex 24.3770084381 11.1118125916 11.9174127579
      vertex 24.3971977234 11.1308784485 11.9195270538
    endloop
  endfacet
  facet normal 0.00997477583587 -0.99496024847 -0.0997725427151
    outer loop
      vertex 24.3971977234 11.1308784485 11.9195270538
      vertex 24.3770084381 11.1118125916 11.9174127579
      vertex 24.3768138885 11.1318416595 11.9194192886
    endloop
  endfacet
  facet normal 0.0676773637533 -0.986717224121 -0.147678315639
    outer loop
      vertex 24.4186820984 11.1090927124 11.918390274
      vertex 24.3978748322 11.1096372604 11.9170446396
      vertex 24.4176158905 11.1281366348 11.9211673737
    endloop
  endfacet
  facet normal 0.0953204929829 -0.988362669945 -0.118546485901
    outer loop
      vertex 24.4176158905 11.1281366348 11.9211673737
      vertex 24.3978748322 11.1096372604 11.9170446396
      vertex 24.3971977234 11.1308784485 11.9195270538
    endloop
  endfacet
  facet normal 0.172790884972 -0.97322255373 -0.151595413685
    outer loop
      vertex 24.4176158905 11.1281366348 11.9211673737
      vertex 24.4377727509 11.1098451614 11.9218969345
      vertex 24.4186820984 11.1090927124 11.918390274
    endloop
  endfacet
  facet normal -0.141340985894 -0.989917516708 -0.00927774142474
    outer loop
      vertex 24.3770179749 11.1519441605 11.9195785522
      vertex 24.3768138885 11.1318416595 11.9194192886
      vertex 24.3589801788 11.1509723663 11.9221448898
    endloop
  endfacet
  facet normal -0.0673658400774 -0.994603335857 -0.0789051800966
    outer loop
      vertex 24.3581733704 11.1290302277 11.9204587936
      vertex 24.3589801788 11.1509723663 11.9221448898
      vertex 24.3768138885 11.1318416595 11.9194192886
    endloop
  endfacet
  facet normal 0.00588829442859 -0.999901533127 -0.0127384085208
    outer loop
      vertex 24.3971977234 11.1308784485 11.9195270538
      vertex 24.3768138885 11.1318416595 11.9194192886
      vertex 24.3968753815 11.151389122 11.9197864532
    endloop
  endfacet
  facet normal 0.0106872068718 -0.999912381172 -0.00781350489706
    outer loop
      vertex 24.3968753815 11.151389122 11.9197864532
      vertex 24.3768138885 11.1318416595 11.9194192886
      vertex 24.3770179749 11.1519441605 11.9195785522
    endloop
  endfacet
  facet normal 0.0985453948379 -0.98453360796 -0.144852921367
    outer loop
      vertex 24.4176158905 11.1281366348 11.9211673737
      vertex 24.3971977234 11.1308784485 11.9195270538
      vertex 24.4159679413 11.1500711441 11.9242296219
    endloop
  endfacet
  facet normal 0.227672368288 -0.973608136177 -0.0158913843334
    outer loop
      vertex 24.4159679413 11.1500711441 11.9242296219
      vertex 24.3971977234 11.1308784485 11.9195270538
      vertex 24.3968753815 11.151389122 11.9197864532
    endloop
  endfacet
  facet normal -0.143404260278 -0.988306045532 -0.0518302954733
    outer loop
      vertex 24.3589801788 11.1509723663 11.9221448898
      vertex 24.3764972687 11.1717796326 11.9206943512
      vertex 24.3770179749 11.1519441605 11.9195785522
    endloop
  endfacet
  facet normal 0.0126343835145 -0.996823728085 -0.0786311626434
    outer loop
      vertex 24.3968753815 11.151389122 11.9197864532
      vertex 24.3770179749 11.1519441605 11.9195785522
      vertex 24.3964176178 11.1716165543 11.9213762283
    endloop
  endfacet
  facet normal 0.0346208438277 -0.997771680355 -0.0570361465216
    outer loop
      vertex 24.3964176178 11.1716165543 11.9213762283
      vertex 24.3770179749 11.1519441605 11.9195785522
      vertex 24.3764972687 11.1717796326 11.9206943512
    endloop
  endfacet
  facet normal 0.231236666441 -0.969483792782 -0.081429541111
    outer loop
      vertex 24.3964176178 11.1716165543 11.9213762283
      vertex 24.4159679413 11.1500711441 11.9242296219
      vertex 24.3968753815 11.151389122 11.9197864532
    endloop
  endfacet
  facet normal 0.0351712852716 -0.974646687508 -0.220967799425
    outer loop
      vertex 24.3772220612 11.1904840469 11.9249610901
      vertex 24.3964176178 11.1716165543 11.9213762283
      vertex 24.3764972687 11.1717796326 11.9206943512
    endloop
  endfacet
  facet normal 0.0027583015617 0.999754011631 0.0220073293895
    outer loop
      vertex 24.4208431244 10.6570043564 11.915933609
      vertex 24.4380893707 10.6746759415 11.9162750244
      vertex 24.4177684784 10.6759414673 11.9163589478
    endloop
  endfacet
  facet normal -0.172155722976 0.966423869133 0.190754592419
    outer loop
      vertex 24.3986339569 10.6937417984 11.9164638519
      vertex 24.4177684784 10.6759414673 11.9163589478
      vertex 24.4165325165 10.6964607239 11.9201889038
    endloop
  endfacet
  facet normal -0.00927601382136 0.97684943676 0.213726714253
    outer loop
      vertex 24.4380893707 10.6746759415 11.9162750244
      vertex 24.4369468689 10.6965675354 11.9210538864
      vertex 24.4177684784 10.6759414673 11.9163589478
    endloop
  endfacet
  facet normal -0.040626630187 0.981767058372 0.185695871711
    outer loop
      vertex 24.4369468689 10.6965675354 11.9210538864
      vertex 24.4165325165 10.6964607239 11.9201889038
      vertex 24.4177684784 10.6759414673 11.9163589478
    endloop
  endfacet
  facet normal 0.200725227594 0.959238827229 0.198922634125
    outer loop
      vertex 24.4565544128 10.6952075958 11.9166688919
      vertex 24.4369468689 10.6965675354 11.9210538864
      vertex 24.4380893707 10.6746759415 11.9162750244
    endloop
  endfacet
  facet normal -0.480576634407 0.731433212757 0.483788758516
    outer loop
      vertex 24.4190425873 10.7172660828 11.9355993271
      vertex 24.3963813782 10.7148790359 11.919131279
      vertex 24.4165325165 10.6964607239 11.9201889038
    endloop
  endfacet
  facet normal -0.180952146649 0.973172903061 0.142094269395
    outer loop
      vertex 24.3963813782 10.7148790359 11.919131279
      vertex 24.3986339569 10.6937417984 11.9164638519
      vertex 24.4165325165 10.6964607239 11.9201889038
    endloop
  endfacet
  facet normal -0.0310068633407 0.80497443676 0.592498719692
    outer loop
      vertex 24.4369468689 10.6965675354 11.9210538864
      vertex 24.4190425873 10.7172660828 11.9355993271
      vertex 24.4165325165 10.6964607239 11.9201889038
    endloop
  endfacet
  facet normal -0.0597475543618 0.791675150394 0.608013689518
    outer loop
      vertex 24.4391326904 10.7171421051 11.9370203018
      vertex 24.4190425873 10.7172660828 11.9355993271
      vertex 24.4369468689 10.6965675354 11.9210538864
    endloop
  endfacet
  facet normal 0.591073155403 0.605625152588 0.532776415348
    outer loop
      vertex 24.4391326904 10.7171421051 11.9370203018
      vertex 24.4369468689 10.6965675354 11.9210538864
      vertex 24.4573345184 10.7169961929 11.9191274643
    endloop
  endfacet
  facet normal 0.209009408951 0.970885038376 0.117035441101
    outer loop
      vertex 24.4369468689 10.6965675354 11.9210538864
      vertex 24.4565544128 10.6952075958 11.9166688919
      vertex 24.4573345184 10.7169961929 11.9191274643
    endloop
  endfacet
  facet normal -0.571949660778 0.687857151031 0.446907311678
    outer loop
      vertex 24.3963813782 10.7148790359 11.919131279
      vertex 24.4000492096 10.7367324829 11.9363794327
      vertex 24.3793296814 10.7367677689 11.9191741943
    endloop
  endfacet
  facet normal -0.476466298103 0.72726213932 0.494034051895
    outer loop
      vertex 24.4190425873 10.7172660828 11.9355993271
      vertex 24.4000492096 10.7367324829 11.9363794327
      vertex 24.3963813782 10.7148790359 11.919131279
    endloop
  endfacet
  facet normal 0.572305202484 0.586859226227 0.572767913342
    outer loop
      vertex 24.4573345184 10.7169961929 11.9191274643
      vertex 24.4581184387 10.7371091843 11.9379930496
      vertex 24.4391326904 10.7171421051 11.9370203018
    endloop
  endfacet
  facet normal 0.636310517788 0.550124824047 0.540806412697
    outer loop
      vertex 24.474773407 10.7386274338 11.9202213287
      vertex 24.4581184387 10.7371091843 11.9379930496
      vertex 24.4573345184 10.7169961929 11.9191274643
    endloop
  endfacet
  facet normal -0.633086562157 0.762120485306 0.135549932718
    outer loop
      vertex 24.3962535858 10.7584867477 11.9370956421
      vertex 24.3793296814 10.7367677689 11.9191741943
      vertex 24.4000492096 10.7367324829 11.9363794327
    endloop
  endfacet
  facet normal -0.657252550125 0.746485650539 0.103818193078
    outer loop
      vertex 24.3760223389 10.7575893402 11.9191579819
      vertex 24.3793296814 10.7367677689 11.9191741943
      vertex 24.3962535858 10.7584867477 11.9370956421
    endloop
  endfacet
  facet normal 0.653689682484 0.570096611977 0.497674256563
    outer loop
      vertex 24.474773407 10.7386274338 11.9202213287
      vertex 24.4754199982 10.7575798035 11.9360246658
      vertex 24.4581184387 10.7371091843 11.9379930496
    endloop
  endfacet
  facet normal 0.995729804039 0.051301650703 0.0767485871911
    outer loop
      vertex 24.4754199982 10.7575798035 11.9360246658
      vertex 24.474773407 10.7386274338 11.9202213287
      vertex 24.4762763977 10.7585363388 11.9208335876
    endloop
  endfacet
  facet normal -0.96881121397 0.245383068919 0.0345248393714
    outer loop
      vertex 24.3760223389 10.7575893402 11.9191579819
      vertex 24.3796215057 10.7791280746 11.9363985062
      vertex 24.37525177 10.7775993347 11.9189310074
    endloop
  endfacet
  facet normal -0.582481741905 0.679294109344 0.446401804686
    outer loop
      vertex 24.3962535858 10.7584867477 11.9370956421
      vertex 24.3796215057 10.7791280746 11.9363985062
      vertex 24.3760223389 10.7575893402 11.9191579819
    endloop
  endfacet
  facet normal 0.749421954155 0.537720501423 -0.386294484138
    outer loop
      vertex 24.4769935608 10.7776708603 11.9193983078
      vertex 24.4619235992 10.7781066895 11.9400882721
      vertex 24.4754199982 10.7575798035 11.9360246658
    endloop
  endfacet
  facet normal 0.997975409031 0.0541614405811 0.033341538161
    outer loop
      vertex 24.4769935608 10.7776708603 11.9193983078
      vertex 24.4754199982 10.7575798035 11.9360246658
      vertex 24.4762763977 10.7585363388 11.9208335876
    endloop
  endfacet
  facet normal -0.969857156277 0.243478193879 0.00976997800171
    outer loop
      vertex 24.37525177 10.7775993347 11.9189310074
      vertex 24.3796215057 10.7791280746 11.9363985062
      vertex 24.375207901 10.7979726791 11.9195737839
    endloop
  endfacet
  facet normal -0.980875492096 0.182969555259 0.0663735941052
    outer loop
      vertex 24.3796215057 10.7791280746 11.9363985062
      vertex 24.3782806396 10.8000240326 11.9367904663
      vertex 24.375207901 10.7979726791 11.9195737839
    endloop
  endfacet
  facet normal 0.525688230991 -0.742416262627 -0.415295034647
    outer loop
      vertex 24.4325027466 10.8173952103 11.8455457687
      vertex 24.4173259735 10.8364152908 11.8454389572
      vertex 24.436548233 10.8392333984 11.8606262207
    endloop
  endfacet
  facet normal 0.908314943314 -0.413691490889 -0.0618326440454
    outer loop
      vertex 24.4404678345 10.799325943 11.8603334427
      vertex 24.4325027466 10.8173952103 11.8455457687
      vertex 24.4393730164 10.8196325302 11.8609647751
    endloop
  endfacet
  facet normal -0.0426045358181 -0.980851948261 -0.190037801862
    outer loop
      vertex 24.3782138824 10.7974433899 11.8398132324
      vertex 24.3787784576 10.8181400299 11.8437986374
      vertex 24.3972244263 10.8007898331 11.839635849
    endloop
  endfacet
  facet normal -0.135590776801 -0.986435711384 -0.0925186499953
    outer loop
      vertex 24.3983802795 10.8205118179 11.8413267136
      vertex 24.3972244263 10.8007898331 11.839635849
      vertex 24.3787784576 10.8181400299 11.8437986374
    endloop
  endfacet
  facet normal 0.932614386082 -0.333310931921 -0.138326525688
    outer loop
      vertex 24.4347133636 10.7965116501 11.8430643082
      vertex 24.4325027466 10.8173952103 11.8455457687
      vertex 24.4404678345 10.799325943 11.8603334427
    endloop
  endfacet
  facet normal 0.947113215923 -0.319842070341 -0.0260320343077
    outer loop
      vertex 24.4403514862 10.7787532806 11.8583145142
      vertex 24.4347133636 10.7965116501 11.8430643082
      vertex 24.4404678345 10.799325943 11.8603334427
    endloop
  endfacet
  facet normal -0.139527320862 -0.971641004086 -0.190908029675
    outer loop
      vertex 24.3782138824 10.7974433899 11.8398132324
      vertex 24.3597106934 10.7978019714 11.842540741
      vertex 24.3787784576 10.8181400299 11.8437986374
    endloop
  endfacet
  facet normal -0.00621759565547 -0.999850273132 -0.016150014475
    outer loop
      vertex 24.3751564026 10.7781400681 11.8395204544
      vertex 24.3782138824 10.7974433899 11.8398132324
      vertex 24.3965015411 10.7789773941 11.8394012451
    endloop
  endfacet
  facet normal 0.328823834658 -0.908671319485 -0.257276773453
    outer loop
      vertex 24.4173259735 10.8364152908 11.8454389572
      vertex 24.4325027466 10.8173952103 11.8455457687
      vertex 24.4167079926 10.8186426163 11.8401832581
    endloop
  endfacet
  facet normal 0.323696881533 -0.945557117462 -0.0337945707142
    outer loop
      vertex 24.4325027466 10.8173952103 11.8455457687
      vertex 24.4174671173 10.7988567352 11.8397359848
      vertex 24.4167079926 10.8186426163 11.8401832581
    endloop
  endfacet
  facet normal -0.0728421956301 -0.992781817913 -0.0952801555395
    outer loop
      vertex 24.3571548462 10.7775640488 11.8407859802
      vertex 24.3597106934 10.7978019714 11.842540741
      vertex 24.3751564026 10.7781400681 11.8395204544
    endloop
  endfacet
  facet normal -0.145006388426 -0.988702118397 -0.0379638783634
    outer loop
      vertex 24.3782138824 10.7974433899 11.8398132324
      vertex 24.3751564026 10.7781400681 11.8395204544
      vertex 24.3597106934 10.7978019714 11.842540741
    endloop
  endfacet
  facet normal 0.205623760819 -0.969007372856 -0.136907026172
    outer loop
      vertex 24.4347133636 10.7965116501 11.8430643082
      vertex 24.4174671173 10.7988567352 11.8397359848
      vertex 24.4325027466 10.8173952103 11.8455457687
    endloop
  endfacet
  facet normal 0.983939051628 -0.164451614022 0.0694236010313
    outer loop
      vertex 24.4755096436 10.8623209 11.9188547134
      vertex 24.4786911011 10.8611841202 11.938369751
      vertex 24.4744148254 10.8416624069 11.9210252762
    endloop
  endfacet
  facet normal -0.0684820562601 -0.996446490288 0.0490367598832
    outer loop
      vertex 24.3751564026 10.7781400681 11.8395204544
      vertex 24.359621048 10.7566204071 11.8416471481
      vertex 24.3571548462 10.7775640488 11.8407859802
    endloop
  endfacet
  facet normal -0.98869985342 0.149900019169 -0.00160962063819
    outer loop
      vertex 24.3767738342 10.8623142242 11.9401531219
      vertex 24.3765621185 10.882806778 11.938536644
      vertex 24.3737621307 10.8802270889 11.9200963974
    endloop
  endfacet
  facet normal 0.987013339996 -0.160322576761 -0.0100643895566
    outer loop
      vertex 24.4755096436 10.8623209 11.9188547134
      vertex 24.4756526947 10.8819570541 11.9209680557
      vertex 24.4786911011 10.8611841202 11.938369751
    endloop
  endfacet
  facet normal 0.991353392601 -0.124836675823 -0.0404260754585
    outer loop
      vertex 24.4786911011 10.8611841202 11.938369751
      vertex 24.4756526947 10.8819570541 11.9209680557
      vertex 24.4780082703 10.8823375702 11.9397974014
    endloop
  endfacet
  facet normal -0.987426936626 0.15456610918 0.0331265777349
    outer loop
      vertex 24.3737621307 10.8802270889 11.9200963974
      vertex 24.3765621185 10.882806778 11.938536644
      vertex 24.3731803894 10.9016256332 11.9209661484
    endloop
  endfacet
  facet normal -0.984229505062 0.17648281157 0.0120891826227
    outer loop
      vertex 24.3765621185 10.882806778 11.938536644
      vertex 24.3766040802 10.9018468857 11.9400749207
      vertex 24.3731803894 10.9016256332 11.9209661484
    endloop
  endfacet
  facet normal 0.991328120232 -0.123086638749 0.0460244044662
    outer loop
      vertex 24.4756526947 10.8819570541 11.9209680557
      vertex 24.476682663 10.9021549225 11.921710968
      vertex 24.4780082703 10.8823375702 11.9397974014
    endloop
  endfacet
  facet normal 0.998233616352 -0.0577136948705 -0.0141004230827
    outer loop
      vertex 24.4780082703 10.8823375702 11.9397974014
      vertex 24.476682663 10.9021549225 11.921710968
      vertex 24.4776668549 10.9031667709 11.9389810562
    endloop
  endfacet
  facet normal -0.73231446743 0.538254857063 0.41712975502
    outer loop
      vertex 24.3579502106 10.9225959778 11.9164962769
      vertex 24.3731803894 10.9016256332 11.9209661484
      vertex 24.3743152618 10.9223661423 11.938583374
    endloop
  endfacet
  facet normal -0.979544639587 0.176619842649 0.0964247211814
    outer loop
      vertex 24.3731803894 10.9016256332 11.9209661484
      vertex 24.3766040802 10.9018468857 11.9400749207
      vertex 24.3743152618 10.9223661423 11.938583374
    endloop
  endfacet
  facet normal 0.773678719997 0.289136022329 -0.56375670433
    outer loop
      vertex 24.4720516205 10.9200496674 11.9210882187
      vertex 24.4615802765 10.9246730804 11.9400930405
      vertex 24.4776668549 10.9031667709 11.9389810562
    endloop
  endfacet
  facet normal 0.96634465456 -0.0695805922151 -0.247662141919
    outer loop
      vertex 24.4720516205 10.9200496674 11.9210882187
      vertex 24.4776668549 10.9031667709 11.9389810562
      vertex 24.476682663 10.9021549225 11.921710968
    endloop
  endfacet
  facet normal -0.802164673805 0.593686103821 0.0637862309813
    outer loop
      vertex 24.3579502106 10.9225959778 11.9164962769
      vertex 24.3743152618 10.9223661423 11.938583374
      vertex 24.3588085175 10.9441738129 11.9199743271
    endloop
  endfacet
  facet normal -0.777922570705 0.628125727177 0.0171602796763
    outer loop
      vertex 24.375213623 10.9436368942 11.9402770996
      vertex 24.3588085175 10.9441738129 11.9199743271
      vertex 24.3743152618 10.9223661423 11.938583374
    endloop
  endfacet
  facet normal 0.811397433281 0.329645484686 -0.48266762495
    outer loop
      vertex 24.4720516205 10.9200496674 11.9210882187
      vertex 24.4594230652 10.9423427582 11.9195308685
      vertex 24.4615802765 10.9246730804 11.9400930405
    endloop
  endfacet
  facet normal 0.988768517971 0.0231479331851 -0.147651463747
    outer loop
      vertex 24.4594230652 10.9423427582 11.9195308685
      vertex 24.4585971832 10.9448680878 11.938700676
      vertex 24.4615802765 10.9246730804 11.9400930405
    endloop
  endfacet
  facet normal -0.777280509472 0.626547813416 0.0572084970772
    outer loop
      vertex 24.3739242554 10.9640903473 11.9405450821
      vertex 24.3588085175 10.9441738129 11.9199743271
      vertex 24.375213623 10.9436368942 11.9402770996
    endloop
  endfacet
  facet normal -0.783850967884 0.619332909584 0.0447699055076
    outer loop
      vertex 24.3565330505 10.9655437469 11.918639183
      vertex 24.3588085175 10.9441738129 11.9199743271
      vertex 24.3739242554 10.9640903473 11.9405450821
    endloop
  endfacet
  facet normal 0.991984605789 0.0264604873955 -0.123557306826
    outer loop
      vertex 24.4594230652 10.9423427582 11.9195308685
      vertex 24.456829071 10.9631624222 11.9195604324
      vertex 24.4585971832 10.9448680878 11.938700676
    endloop
  endfacet
  facet normal 0.996820569038 -0.0783780366182 -0.0143386106938
    outer loop
      vertex 24.4585971832 10.9448680878 11.938700676
      vertex 24.456829071 10.9631624222 11.9195604324
      vertex 24.458360672 10.9649333954 11.9393634796
    endloop
  endfacet
  facet normal -0.993531167507 0.113193720579 0.009112178348
    outer loop
      vertex 24.3565330505 10.9655437469 11.918639183
      vertex 24.3585948944 10.9864006042 11.9384155273
      vertex 24.3563842773 10.9860649109 11.9189853668
    endloop
  endfacet
  facet normal -0.716918647289 0.539901673794 0.441059917212
    outer loop
      vertex 24.3739242554 10.9640903473 11.9405450821
      vertex 24.3585948944 10.9864006042 11.9384155273
      vertex 24.3565330505 10.9655437469 11.918639183
    endloop
  endfacet
  facet normal 0.991730451584 -0.0852790251374 -0.0959074944258
    outer loop
      vertex 24.456829071 10.9631624222 11.9195604324
      vertex 24.4547100067 10.9846811295 11.9191179276
      vertex 24.458360672 10.9649333954 11.9393634796
    endloop
  endfacet
  facet normal 0.983614623547 -0.180259481072 0.00296765030362
    outer loop
      vertex 24.458360672 10.9649333954 11.9393634796
      vertex 24.4547100067 10.9846811295 11.9191179276
      vertex 24.4584274292 10.9857282639 11.9393854141
    endloop
  endfacet
  facet normal -0.993584752083 0.113074593246 0.00186400499661
    outer loop
      vertex 24.3563842773 10.9860649109 11.9189853668
      vertex 24.3585948944 10.9864006042 11.9384155273
      vertex 24.3563919067 11.0064716339 11.9193887711
    endloop
  endfacet
  facet normal -0.99676400423 0.0455180555582 0.0662545934319
    outer loop
      vertex 24.3585948944 10.9864006042 11.9384155273
      vertex 24.3571414948 11.00872612 11.9390850067
      vertex 24.3563919067 11.0064716339 11.9193887711
    endloop
  endfacet
  facet normal 0.982816398144 -0.177682653069 0.0500086173415
    outer loop
      vertex 24.4547100067 10.9846811295 11.9191179276
      vertex 24.4560317993 11.0063753128 11.9203233719
      vertex 24.4584274292 10.9857282639 11.9393854141
    endloop
  endfacet
  facet normal 0.976661026478 -0.201953440905 0.0731304213405
    outer loop
      vertex 24.4584274292 10.9857282639 11.9393854141
      vertex 24.4560317993 11.0063753128 11.9203233719
      vertex 24.4600505829 11.0067234039 11.9396324158
    endloop
  endfacet
  facet normal -0.658475100994 -0.509824991226 0.553614497185
    outer loop
      vertex 24.3425445557 11.0273103714 11.9377574921
      vertex 24.3556537628 11.0279331207 11.9201498032
      vertex 24.3571414948 11.00872612 11.9390850067
    endloop
  endfacet
  facet normal -0.998470544815 0.0421009734273 0.0358342416584
    outer loop
      vertex 24.3556537628 11.0279331207 11.9201498032
      vertex 24.3563919067 11.0064716339 11.9193887711
      vertex 24.3571414948 11.00872612 11.9390850067
    endloop
  endfacet
  facet normal 0.978620111942 -0.204133063555 -0.0251473672688
    outer loop
      vertex 24.4560317993 11.0063753128 11.9203233719
      vertex 24.4556541443 11.0272340775 11.9210824966
      vertex 24.4600505829 11.0067234039 11.9396324158
    endloop
  endfacet
  facet normal 0.972035884857 -0.234798416495 0.00399784231558
    outer loop
      vertex 24.4600505829 11.0067234039 11.9396324158
      vertex 24.4556541443 11.0272340775 11.9210824966
      vertex 24.4600734711 11.028588295 11.9393548965
    endloop
  endfacet
  facet normal -0.697116553783 -0.500871479511 -0.512987613678
    outer loop
      vertex 24.3425445557 11.0273103714 11.9377574921
      vertex 24.3568248749 11.0476503372 11.9387140274
      vertex 24.3556537628 11.0279331207 11.9201498032
    endloop
  endfacet
  facet normal -0.99904614687 0.0249937754124 -0.035806555301
    outer loop
      vertex 24.3568248749 11.0476503372 11.9387140274
      vertex 24.3563575745 11.0483932495 11.9189710617
      vertex 24.3556537628 11.0279331207 11.9201498032
    endloop
  endfacet
  facet normal 0.971857428551 -0.235494196415 -0.00597275933251
    outer loop
      vertex 24.4556541443 11.0272340775 11.9210824966
      vertex 24.4558601379 11.047410965 11.9224443436
      vertex 24.4600734711 11.028588295 11.9393548965
    endloop
  endfacet
  facet normal 0.98308968544 -0.170462146401 -0.0669127628207
    outer loop
      vertex 24.4600734711 11.028588295 11.9393548965
      vertex 24.4558601379 11.047410965 11.9224443436
      vertex 24.4586391449 11.0485124588 11.9389038086
    endloop
  endfacet
  facet normal -0.999717414379 0.0237203687429 -0.00154349952936
    outer loop
      vertex 24.3563575745 11.0483932495 11.9189710617
      vertex 24.3568248749 11.0476503372 11.9387140274
      vertex 24.3563995361 11.0686683655 11.9194202423
    endloop
  endfacet
  facet normal -0.999513745308 0.0302544925362 -0.00754571100697
    outer loop
      vertex 24.3568248749 11.0476503372 11.9387140274
      vertex 24.357006073 11.0693120956 11.9392976761
      vertex 24.3563995361 11.0686683655 11.9194202423
    endloop
  endfacet
  facet normal 0.985403597355 -0.168151602149 -0.0265487786382
    outer loop
      vertex 24.4558601379 11.047410965 11.9224443436
      vertex 24.4553318024 11.0674619675 11.9225139618
      vertex 24.4586391449 11.0485124588 11.9389038086
    endloop
  endfacet
  facet normal 0.981793582439 -0.189815223217 -0.00718138087541
    outer loop
      vertex 24.4586391449 11.0485124588 11.9389038086
      vertex 24.4553318024 11.0674619675 11.9225139618
      vertex 24.45860672 11.0686998367 11.939499855
    endloop
  endfacet
  facet normal -0.999535262585 0.0304756164551 -0.000737911032047
    outer loop
      vertex 24.3563995361 11.0686683655 11.9194202423
      vertex 24.357006073 11.0693120956 11.9392976761
      vertex 24.3564167023 11.0893974304 11.9194812775
    endloop
  endfacet
  facet normal -0.999554395676 -0.000522620277479 0.0298458281904
    outer loop
      vertex 24.357006073 11.0693120956 11.9392976761
      vertex 24.3563919067 11.0898866653 11.9389686584
      vertex 24.3564167023 11.0893974304 11.9194812775
    endloop
  endfacet
  facet normal 0.980446577072 -0.192132279277 -0.0425399914384
    outer loop
      vertex 24.4553318024 11.0674619675 11.9225139618
      vertex 24.4545974731 11.0882415771 11.9233675003
      vertex 24.45860672 11.0686998367 11.939499855
    endloop
  endfacet
  facet normal 0.967048943043 -0.254328161478 0.0115533983335
    outer loop
      vertex 24.45860672 11.0686998367 11.939499855
      vertex 24.4545974731 11.0882415771 11.9233675003
      vertex 24.4593276978 11.089474678 11.9412975311
    endloop
  endfacet
  facet normal -0.999989211559 -0.00138367142063 -0.00443023443222
    outer loop
      vertex 24.3564167023 11.0893974304 11.9194812775
      vertex 24.3563919067 11.0898866653 11.9389686584
      vertex 24.3565044403 11.1094198227 11.9201793671
    endloop
  endfacet
  facet normal -0.997090101242 0.0519890487194 -0.0557536482811
    outer loop
      vertex 24.3563919067 11.0898866653 11.9389686584
      vertex 24.3575992584 11.1106748581 11.93983078
      vertex 24.3565044403 11.1094198227 11.9201793671
    endloop
  endfacet
  facet normal 0.614284276962 -0.659329950809 -0.433519095182
    outer loop
      vertex 24.4545974731 11.0882415771 11.9233675003
      vertex 24.4377727509 11.1098451614 11.9218969345
      vertex 24.4560108185 11.1101331711 11.939078331
    endloop
  endfacet
  facet normal 0.957093894482 -0.261135458946 -0.125616684556
    outer loop
      vertex 24.4545974731 11.0882415771 11.9233675003
      vertex 24.4560108185 11.1101331711 11.939078331
      vertex 24.4593276978 11.089474678 11.9412975311
    endloop
  endfacet
  facet normal -0.995207905769 0.050081346184 -0.0839828103781
    outer loop
      vertex 24.3565044403 11.1094198227 11.9201793671
      vertex 24.3575992584 11.1106748581 11.93983078
      vertex 24.3581733704 11.1290302277 11.9204587936
    endloop
  endfacet
  facet normal -0.998673737049 -0.0477765463293 0.0191866531968
    outer loop
      vertex 24.3575992584 11.1106748581 11.93983078
      vertex 24.3572101593 11.1320533752 11.9393787384
      vertex 24.3581733704 11.1290302277 11.9204587936
    endloop
  endfacet
  facet normal 0.468312352896 -0.737460196018 -0.486657947302
    outer loop
      vertex 24.4377727509 11.1098451614 11.9218969345
      vertex 24.4176158905 11.1281366348 11.9211673737
      vertex 24.4390029907 11.1317043304 11.9371032715
    endloop
  endfacet
  facet normal 0.616877734661 -0.661953032017 -0.425770014524
    outer loop
      vertex 24.4377727509 11.1098451614 11.9218969345
      vertex 24.4390029907 11.1317043304 11.9371032715
      vertex 24.4560108185 11.1101331711 11.939078331
    endloop
  endfacet
  facet normal 0.320946127176 -0.932131290436 -0.167704597116
    outer loop
      vertex 24.4390029907 11.1317043304 11.9371032715
      vertex 24.4579143524 11.1309423447 11.9434776306
      vertex 24.4560108185 11.1101331711 11.939078331
    endloop
  endfacet
  facet normal -0.997508525848 -0.0573478341103 -0.0410849712789
    outer loop
      vertex 24.3581733704 11.1290302277 11.9204587936
      vertex 24.3572101593 11.1320533752 11.9393787384
      vertex 24.3589801788 11.1509723663 11.9221448898
    endloop
  endfacet
  facet normal -0.989692270756 -0.139089599252 0.0341071709991
    outer loop
      vertex 24.3572101593 11.1320533752 11.9393787384
      vertex 24.3565254211 11.1517124176 11.9394302368
      vertex 24.3589801788 11.1509723663 11.9221448898
    endloop
  endfacet
  facet normal 0.52887648344 -0.845766842365 -0.0704849660397
    outer loop
      vertex 24.4390029907 11.1317043304 11.9371032715
      vertex 24.4159679413 11.1500711441 11.9242296219
      vertex 24.4381504059 11.153676033 11.9384012222
    endloop
  endfacet
  facet normal 0.573437273502 -0.804379582405 -0.155380740762
    outer loop
      vertex 24.4176158905 11.1281366348 11.9211673737
      vertex 24.4159679413 11.1500711441 11.9242296219
      vertex 24.4390029907 11.1317043304 11.9371032715
    endloop
  endfacet
  facet normal 0.314182639122 -0.944074451923 0.100063703954
    outer loop
      vertex 24.4579143524 11.1309423447 11.9434776306
      vertex 24.4390029907 11.1317043304 11.9371032715
      vertex 24.4562988281 11.1506404877 11.9408521652
    endloop
  endfacet
  facet normal 0.14405426383 -0.987502872944 -0.063925281167
    outer loop
      vertex 24.4562988281 11.1506404877 11.9408521652
      vertex 24.4390029907 11.1317043304 11.9371032715
      vertex 24.4381504059 11.153676033 11.9384012222
    endloop
  endfacet
  facet normal -0.983700215816 -0.144292756915 -0.107300803065
    outer loop
      vertex 24.35871315 11.1722536087 11.9397907257
      vertex 24.3589801788 11.1509723663 11.9221448898
      vertex 24.3565254211 11.1517124176 11.9394302368
    endloop
  endfacet
  facet normal -0.631813764572 -0.600559353828 -0.490040630102
    outer loop
      vertex 24.3589801788 11.1509723663 11.9221448898
      vertex 24.35871315 11.1722536087 11.9397907257
      vertex 24.3764972687 11.1717796326 11.9206943512
    endloop
  endfacet
  facet normal 0.522769808769 -0.766620397568 -0.372833549976
    outer loop
      vertex 24.4159679413 11.1500711441 11.9242296219
      vertex 24.3964176178 11.1716165543 11.9213762283
      vertex 24.4185962677 11.1734390259 11.9373865128
    endloop
  endfacet
  facet normal 0.446233004332 -0.800335109234 -0.400424569845
    outer loop
      vertex 24.4159679413 11.1500711441 11.9242296219
      vertex 24.4185962677 11.1734390259 11.9373865128
      vertex 24.4381504059 11.153676033 11.9384012222
    endloop
  endfacet
  facet normal 0.103877626359 -0.993241131306 -0.0517826043069
    outer loop
      vertex 24.4185962677 11.1734390259 11.9373865128
      vertex 24.4389228821 11.1733455658 11.9395074844
      vertex 24.4381504059 11.153676033 11.9384012222
    endloop
  endfacet
  facet normal 0.153560891747 -0.979963421822 -0.126849398017
    outer loop
      vertex 24.4562988281 11.1506404877 11.9408521652
      vertex 24.4381504059 11.153676033 11.9384012222
      vertex 24.456861496 11.1710968018 11.9435882568
    endloop
  endfacet
  facet normal 0.227040737867 -0.972807884216 -0.0457964427769
    outer loop
      vertex 24.456861496 11.1710968018 11.9435882568
      vertex 24.4381504059 11.153676033 11.9384012222
      vertex 24.4389228821 11.1733455658 11.9395074844
    endloop
  endfacet
  facet normal -0.629296302795 -0.777136206627 -0.00674365647137
    outer loop
      vertex 24.3588924408 11.1940393448 11.9398345947
      vertex 24.3772220612 11.1904840469 11.9249610901
      vertex 24.35871315 11.1722536087 11.9397907257
    endloop
  endfacet
  facet normal -0.71743696928 -0.672634363174 -0.181238010526
    outer loop
      vertex 24.3764972687 11.1717796326 11.9206943512
      vertex 24.35871315 11.1722536087 11.9397907257
      vertex 24.3772220612 11.1904840469 11.9249610901
    endloop
  endfacet
  facet normal 0.386475533247 -0.75068384409 -0.535826861858
    outer loop
      vertex 24.3964176178 11.1716165543 11.9213762283
      vertex 24.3772220612 11.1904840469 11.9249610901
      vertex 24.3974761963 11.1934394836 11.9374980927
    endloop
  endfacet
  facet normal 0.4766086936 -0.717980504036 -0.507294893265
    outer loop
      vertex 24.3964176178 11.1716165543 11.9213762283
      vertex 24.3974761963 11.1934394836 11.9374980927
      vertex 24.4185962677 11.1734390259 11.9373865128
    endloop
  endfacet
  facet normal 0.0836693644524 -0.992060720921 -0.0938882008195
    outer loop
      vertex 24.3974761963 11.1934394836 11.9374980927
      vertex 24.4177303314 11.1946668625 11.9393224716
      vertex 24.4185962677 11.1734390259 11.9373865128
    endloop
  endfacet
  facet normal 0.103832401335 -0.994506955147 -0.0132201900706
    outer loop
      vertex 24.4389228821 11.1733455658 11.9395074844
      vertex 24.4185962677 11.1734390259 11.9373865128
      vertex 24.4373588562 11.1924448013 11.9395980835
    endloop
  endfacet
  facet normal 0.0243680886924 -0.995481014252 -0.0917810797691
    outer loop
      vertex 24.4373588562 11.1924448013 11.9395980835
      vertex 24.4185962677 11.1734390259 11.9373865128
      vertex 24.4177303314 11.1946668625 11.9393224716
    endloop
  endfacet
  facet normal 0.220613569021 -0.97530990839 0.0100137051195
    outer loop
      vertex 24.456861496 11.1710968018 11.9435882568
      vertex 24.4389228821 11.1733455658 11.9395074844
      vertex 24.4541091919 11.1928501129 11.9427423477
    endloop
  endfacet
  facet normal 0.183994278312 -0.982729315758 -0.0197287350893
    outer loop
      vertex 24.4541091919 11.1928501129 11.9427423477
      vertex 24.4389228821 11.1733455658 11.9395074844
      vertex 24.4373588562 11.1924448013 11.9395980835
    endloop
  endfacet
  facet normal -0.5162140131 -0.7394567132 -0.432119041681
    outer loop
      vertex 24.3772220612 11.1904840469 11.9249610901
      vertex 24.3588924408 11.1940393448 11.9398345947
      vertex 24.3768196106 11.2138576508 11.9389009476
    endloop
  endfacet
  facet normal -0.110793761909 -0.992404043674 -0.053469017148
    outer loop
      vertex 24.3588924408 11.1940393448 11.9398345947
      vertex 24.3575611115 11.2134418488 11.941028595
      vertex 24.3768196106 11.2138576508 11.9389009476
    endloop
  endfacet
  facet normal 0.413314461708 -0.778916239738 -0.471657335758
    outer loop
      vertex 24.3772220612 11.1904840469 11.9249610901
      vertex 24.3768196106 11.2138576508 11.9389009476
      vertex 24.3974761963 11.1934394836 11.9374980927
    endloop
  endfacet
  facet normal 0.0204293075949 -0.99581438303 -0.0890864506364
    outer loop
      vertex 24.3768196106 11.2138576508 11.9389009476
      vertex 24.3975524902 11.2136764526 11.9393100739
      vertex 24.3974761963 11.1934394836 11.9374980927
    endloop
  endfacet
  facet normal 0.0107914246619 -0.999883413315 -0.0108029628173
    outer loop
      vertex 24.4176311493 11.214715004 11.939538002
      vertex 24.4177303314 11.1946668625 11.9393224716
      vertex 24.3975524902 11.2136764526 11.9393100739
    endloop
  endfacet
  facet normal 0.0840341597795 -0.992520451546 -0.0885517224669
    outer loop
      vertex 24.3974761963 11.1934394836 11.9374980927
      vertex 24.3975524902 11.2136764526 11.9393100739
      vertex 24.4177303314 11.1946668625 11.9393224716
    endloop
  endfacet
  facet normal 0.0276814419776 -0.992210865021 -0.121455162764
    outer loop
      vertex 24.4373588562 11.1924448013 11.9395980835
      vertex 24.4177303314 11.1946668625 11.9393224716
      vertex 24.4387664795 11.2124738693 11.9420890808
    endloop
  endfacet
  facet normal 0.121002547443 -0.992588222027 -0.0112697687
    outer loop
      vertex 24.4387664795 11.2124738693 11.9420890808
      vertex 24.4177303314 11.1946668625 11.9393224716
      vertex 24.4176311493 11.214715004 11.939538002
    endloop
  endfacet
  facet normal 0.180850014091 -0.977467834949 -0.108857050538
    outer loop
      vertex 24.4387664795 11.2124738693 11.9420890808
      vertex 24.4541091919 11.1928501129 11.9427423477
      vertex 24.4373588562 11.1924448013 11.9395980835
    endloop
  endfacet
  facet normal -0.107108853757 -0.993885457516 -0.0268208626658
    outer loop
      vertex 24.3770866394 11.2350320816 11.9394435883
      vertex 24.3768196106 11.2138576508 11.9389009476
      vertex 24.358833313 11.2348670959 11.94140625
    endloop
  endfacet
  facet normal -0.110291860998 -0.99360793829 -0.0240627732128
    outer loop
      vertex 24.3575611115 11.2134418488 11.941028595
      vertex 24.358833313 11.2348670959 11.94140625
      vertex 24.3768196106 11.2138576508 11.9389009476
    endloop
  endfacet
  facet normal 0.000749394472223 -0.999671757221 -0.0256089493632
    outer loop
      vertex 24.3770866394 11.2350320816 11.9394435883
      vertex 24.3974628448 11.2344732285 11.9394445419
      vertex 24.3768196106 11.2138576508 11.9389009476
    endloop
  endfacet
  facet normal 0.0197862926871 -0.999782800674 -0.00654945336282
    outer loop
      vertex 24.3975524902 11.2136764526 11.9393100739
      vertex 24.3768196106 11.2138576508 11.9389009476
      vertex 24.3974628448 11.2344732285 11.9394445419
    endloop
  endfacet
  facet normal 0.0105129228905 -0.999926745892 -0.00600126152858
    outer loop
      vertex 24.4176540375 11.2346973419 11.939658165
      vertex 24.4176311493 11.214715004 11.939538002
      vertex 24.3974628448 11.2344732285 11.9394445419
    endloop
  endfacet
  facet normal 0.0110137406737 -0.999918162823 -0.00651251431555
    outer loop
      vertex 24.3975524902 11.2136764526 11.9393100739
      vertex 24.3974628448 11.2344732285 11.9394445419
      vertex 24.4176311493 11.214715004 11.939538002
    endloop
  endfacet
  facet normal 0.123440667987 -0.991725862026 -0.0352444387972
    outer loop
      vertex 24.4387664795 11.2124738693 11.9420890808
      vertex 24.4176311493 11.214715004 11.939538002
      vertex 24.435716629 11.2342386246 11.9424829483
    endloop
  endfacet
  facet normal 0.154650732875 -0.987952411175 -0.00576415332034
    outer loop
      vertex 24.435716629 11.2342386246 11.9424829483
      vertex 24.4176311493 11.214715004 11.939538002
      vertex 24.4176540375 11.2346973419 11.939658165
    endloop
  endfacet
  facet normal -0.106937937438 -0.994259655476 -0.00345911947079
    outer loop
      vertex 24.3770866394 11.2350320816 11.9394435883
      vertex 24.358833313 11.2348670959 11.94140625
      vertex 24.3767719269 11.2554588318 11.9395484924
    endloop
  endfacet
  facet normal -0.0599733367562 -0.997486054897 0.037745449692
    outer loop
      vertex 24.3767719269 11.2554588318 11.9395484924
      vertex 24.358833313 11.2348670959 11.94140625
      vertex 24.3580493927 11.255947113 11.9406557083
    endloop
  endfacet
  facet normal 0.000345993903466 -0.999940514565 -0.0108999889344
    outer loop
      vertex 24.3974628448 11.2344732285 11.9394445419
      vertex 24.3770866394 11.2350320816 11.9394435883
      vertex 24.396812439 11.2550535202 11.9396686554
    endloop
  endfacet
  facet normal 0.00610125390813 -0.999967694283 -0.00523002026603
    outer loop
      vertex 24.396812439 11.2550535202 11.9396686554
      vertex 24.3770866394 11.2350320816 11.9394435883
      vertex 24.3767719269 11.2554588318 11.9395484924
    endloop
  endfacet
  facet normal 0.00904684793204 -0.991469562054 -0.130023911595
    outer loop
      vertex 24.4176540375 11.2346973419 11.939658165
      vertex 24.3974628448 11.2344732285 11.9394445419
      vertex 24.4163513184 11.2541751862 11.9422006607
    endloop
  endfacet
  facet normal 0.129156976938 -0.991512537003 -0.0148790711537
    outer loop
      vertex 24.4163513184 11.2541751862 11.9422006607
      vertex 24.3974628448 11.2344732285 11.9394445419
      vertex 24.396812439 11.2550535202 11.9396686554
    endloop
  endfacet
  facet normal 0.156452566385 -0.977980017662 -0.138121888041
    outer loop
      vertex 24.4163513184 11.2541751862 11.9422006607
      vertex 24.435716629 11.2342386246 11.9424829483
      vertex 24.4176540375 11.2346973419 11.939658165
    endloop
  endfacet
  facet normal -0.0570704378188 -0.995913386345 -0.0699961483479
    outer loop
      vertex 24.3767719269 11.2554588318 11.9395484924
      vertex 24.3580493927 11.255947113 11.9406557083
      vertex 24.3760280609 11.2751379013 11.9409742355
    endloop
  endfacet
  facet normal -0.131347551942 -0.981494545937 -0.139342486858
    outer loop
      vertex 24.3760280609 11.2751379013 11.9409742355
      vertex 24.3580493927 11.255947113 11.9406557083
      vertex 24.3587150574 11.2757663727 11.9433803558
    endloop
  endfacet
  facet normal 0.00858081225306 -0.9914290905 -0.130363926291
    outer loop
      vertex 24.396812439 11.2550535202 11.9396686554
      vertex 24.3767719269 11.2554588318 11.9395484924
      vertex 24.396314621 11.2750749588 11.9422969818
    endloop
  endfacet
  facet normal 0.0651141777635 -0.995088815689 -0.0745549723506
    outer loop
      vertex 24.396314621 11.2750749588 11.9422969818
      vertex 24.3767719269 11.2554588318 11.9395484924
      vertex 24.3760280609 11.2751379013 11.9409742355
    endloop
  endfacet
  facet normal 0.133229345083 -0.98222130537 -0.132254451513
    outer loop
      vertex 24.396314621 11.2750749588 11.9422969818
      vertex 24.4163513184 11.2541751862 11.9422006607
      vertex 24.396812439 11.2550535202 11.9396686554
    endloop
  endfacet
  facet normal -0.133070617914 0.97659611702 0.168974027038
    outer loop
      vertex 24.4000492096 10.7367324829 11.9363794327
      vertex 24.4190425873 10.7172660828 11.9355993271
      vertex 24.4190483093 10.737947464 11.9391784668
    endloop
  endfacet
  facet normal -0.0707847326994 0.990459084511 0.118238583207
    outer loop
      vertex 24.4391326904 10.7171421051 11.9370203018
      vertex 24.4376010895 10.7361135483 11.9391756058
      vertex 24.4190425873 10.7172660828 11.9355993271
    endloop
  endfacet
  facet normal -0.0167013481259 0.98521643877 0.170498073101
    outer loop
      vertex 24.4376010895 10.7361135483 11.9391756058
      vertex 24.4190483093 10.737947464 11.9391784668
      vertex 24.4190425873 10.7172660828 11.9355993271
    endloop
  endfacet
  facet normal 0.0624141469598 0.992223918438 0.107685670257
    outer loop
      vertex 24.4391326904 10.7171421051 11.9370203018
      vertex 24.4581184387 10.7371091843 11.9379930496
      vertex 24.4376010895 10.7361135483 11.9391756058
    endloop
  endfacet
  facet normal -0.143964201212 0.989196360111 0.0276558548212
    outer loop
      vertex 24.4190483093 10.737947464 11.9391784668
      vertex 24.4167728424 10.7564783096 11.939365387
      vertex 24.4000492096 10.7367324829 11.9363794327
    endloop
  endfacet
  facet normal -0.114886879921 0.99197947979 0.0527035668492
    outer loop
      vertex 24.4167728424 10.7564783096 11.939365387
      vertex 24.3962535858 10.7584867477 11.9370956421
      vertex 24.4000492096 10.7367324829 11.9363794327
    endloop
  endfacet
  facet normal -0.00489670457318 0.998681664467 0.0510971434414
    outer loop
      vertex 24.4376010895 10.7361135483 11.9391756058
      vertex 24.4374217987 10.7571001053 11.9402484894
      vertex 24.4190483093 10.737947464 11.9391784668
    endloop
  endfacet
  facet normal -0.0422646328807 0.99898982048 0.0152666177601
    outer loop
      vertex 24.4374217987 10.7571001053 11.9402484894
      vertex 24.4167728424 10.7564783096 11.939365387
      vertex 24.4190483093 10.737947464 11.9391784668
    endloop
  endfacet
  facet normal 0.0599079318345 0.996927976608 0.0504538565874
    outer loop
      vertex 24.4376010895 10.7361135483 11.9391756058
      vertex 24.4581184387 10.7371091843 11.9379930496
      vertex 24.4374217987 10.7571001053 11.9402484894
    endloop
  endfacet
  facet normal 0.0102756479755 0.994772732258 0.101595170796
    outer loop
      vertex 24.4583110809 10.7581110001 11.9401359558
      vertex 24.4374217987 10.7571001053 11.9402484894
      vertex 24.4581184387 10.7371091843 11.9379930496
    endloop
  endfacet
  facet normal 0.229495182633 0.968067646027 0.100881159306
    outer loop
      vertex 24.4581184387 10.7371091843 11.9379930496
      vertex 24.4754199982 10.7575798035 11.9360246658
      vertex 24.4583110809 10.7581110001 11.9401359558
    endloop
  endfacet
  facet normal -0.169572591782 0.980064034462 0.103535592556
    outer loop
      vertex 24.3796215057 10.7791280746 11.9363985062
      vertex 24.3962535858 10.7584867477 11.9370956421
      vertex 24.3972377777 10.7781524658 11.9393434525
    endloop
  endfacet
  facet normal -0.11933644861 0.987469673157 0.103259280324
    outer loop
      vertex 24.4167728424 10.7564783096 11.939365387
      vertex 24.4165649414 10.7770652771 11.9414930344
      vertex 24.3962535858 10.7584867477 11.9370956421
    endloop
  endfacet
  facet normal -0.115851297975 0.987478673458 0.107071638107
    outer loop
      vertex 24.4165649414 10.7770652771 11.9414930344
      vertex 24.3972377777 10.7781524658 11.9393434525
      vertex 24.3962535858 10.7584867477 11.9370956421
    endloop
  endfacet
  facet normal -0.40032607317 0.788245856762 0.467340946198
    outer loop
      vertex 24.439622879 10.7798347473 11.9548454285
      vertex 24.4165649414 10.7770652771 11.9414930344
      vertex 24.4374217987 10.7571001053 11.9402484894
    endloop
  endfacet
  facet normal -0.0394011959434 0.993888676167 0.103115439415
    outer loop
      vertex 24.4165649414 10.7770652771 11.9414930344
      vertex 24.4167728424 10.7564783096 11.939365387
      vertex 24.4374217987 10.7571001053 11.9402484894
    endloop
  endfacet
  facet normal 0.0307595599443 0.839729726315 0.542132675648
    outer loop
      vertex 24.4583110809 10.7581110001 11.9401359558
      vertex 24.439622879 10.7798347473 11.9548454285
      vertex 24.4374217987 10.7571001053 11.9402484894
    endloop
  endfacet
  facet normal -0.0309784039855 0.8150639534 0.578542232513
    outer loop
      vertex 24.4596672058 10.779955864 11.9556932449
      vertex 24.439622879 10.7798347473 11.9548454285
      vertex 24.4583110809 10.7581110001 11.9401359558
    endloop
  endfacet
  facet normal 0.232301682234 0.971835255623 0.0396510064602
    outer loop
      vertex 24.4754199982 10.7575798035 11.9360246658
      vertex 24.4619235992 10.7781066895 11.9400882721
      vertex 24.4583110809 10.7581110001 11.9401359558
    endloop
  endfacet
  facet normal 0.971268236637 0.161188155413 0.175089791417
    outer loop
      vertex 24.4583110809 10.7581110001 11.9401359558
      vertex 24.4619235992 10.7781066895 11.9400882721
      vertex 24.4596672058 10.779955864 11.9556932449
    endloop
  endfacet
  facet normal 0.240132689476 0.148402914405 0.959329366684
    outer loop
      vertex 24.4596672058 10.779955864 11.9556932449
      vertex 24.4619235992 10.7781066895 11.9400882721
      vertex 24.4724216461 10.7831344604 11.9556026459
    endloop
  endfacet
  facet normal -0.16863077879 0.982492268085 0.0791996270418
    outer loop
      vertex 24.3972377777 10.7781524658 11.9393434525
      vertex 24.3965682983 10.7981519699 11.9408407211
      vertex 24.3796215057 10.7791280746 11.9363985062
    endloop
  endfacet
  facet normal -0.219278231263 0.975125491619 0.0323618501425
    outer loop
      vertex 24.3965682983 10.7981519699 11.9408407211
      vertex 24.3782806396 10.8000240326 11.9367904663
      vertex 24.3796215057 10.7791280746 11.9363985062
    endloop
  endfacet
  facet normal -0.493624985218 0.74720531702 0.444992780685
    outer loop
      vertex 24.4189453125 10.8002033234 11.9568452835
      vertex 24.3965682983 10.7981519699 11.9408407211
      vertex 24.4165649414 10.7770652771 11.9414930344
    endloop
  endfacet
  facet normal -0.114534474909 0.990354180336 0.0779773518443
    outer loop
      vertex 24.3965682983 10.7981519699 11.9408407211
      vertex 24.3972377777 10.7781524658 11.9393434525
      vertex 24.4165649414 10.7770652771 11.9414930344
    endloop
  endfacet
  facet normal -0.396094709635 0.783360242844 0.479015380144
    outer loop
      vertex 24.439622879 10.7798347473 11.9548454285
      vertex 24.4189453125 10.8002033234 11.9568452835
      vertex 24.4165649414 10.7770652771 11.9414930344
    endloop
  endfacet
  facet normal 0.837090015411 -0.541729748249 0.0762184709311
    outer loop
      vertex 24.4619235992 10.7781066895 11.9400882721
      vertex 24.4629478455 10.7986488342 11.9387807846
      vertex 24.4724216461 10.7831344604 11.9556026459
    endloop
  endfacet
  facet normal 0.832571268082 -0.547346770763 0.0850682035089
    outer loop
      vertex 24.4749393463 10.7997493744 11.9568500519
      vertex 24.4724216461 10.7831344604 11.9556026459
      vertex 24.4629478455 10.7986488342 11.9387807846
    endloop
  endfacet
  facet normal -0.62722235918 0.660842835903 0.412163645029
    outer loop
      vertex 24.3986339569 10.8209018707 11.956990242
      vertex 24.3796062469 10.8210363388 11.9390144348
      vertex 24.3965682983 10.7981519699 11.9408407211
    endloop
  endfacet
  facet normal -0.224020808935 0.970549464226 0.0885911732912
    outer loop
      vertex 24.3796062469 10.8210363388 11.9390144348
      vertex 24.3782806396 10.8000240326 11.9367904663
      vertex 24.3965682983 10.7981519699 11.9408407211
    endloop
  endfacet
  facet normal -0.481650024652 0.734665632248 0.477786242962
    outer loop
      vertex 24.4189453125 10.8002033234 11.9568452835
      vertex 24.3986339569 10.8209018707 11.956990242
      vertex 24.3965682983 10.7981519699 11.9408407211
    endloop
  endfacet
  facet normal 0.753389954567 -0.472100883722 0.457738250494
    outer loop
      vertex 24.4629478455 10.7986488342 11.9387807846
      vertex 24.4769268036 10.8203544617 11.9400434494
      vertex 24.4749393463 10.7997493744 11.9568500519
    endloop
  endfacet
  facet normal 0.994582533836 -0.00931662414223 0.103531345725
    outer loop
      vertex 24.4749393463 10.7997493744 11.9568500519
      vertex 24.4769268036 10.8203544617 11.9400434494
      vertex 24.4769935608 10.8194122314 11.9576406479
    endloop
  endfacet
  facet normal -0.981307625771 0.147848531604 0.123191326857
    outer loop
      vertex 24.3796062469 10.8210363388 11.9390144348
      vertex 24.3796844482 10.8414697647 11.9565591812
      vertex 24.3768138885 10.8419322968 11.9378919601
    endloop
  endfacet
  facet normal -0.585712373257 0.616046905518 0.526713609695
    outer loop
      vertex 24.3986339569 10.8209018707 11.956990242
      vertex 24.3796844482 10.8414697647 11.9565591812
      vertex 24.3796062469 10.8210363388 11.9390144348
    endloop
  endfacet
  facet normal 0.999593555927 -0.00227055931464 -0.02841755189
    outer loop
      vertex 24.4769935608 10.8194122314 11.9576406479
      vertex 24.4769268036 10.8203544617 11.9400434494
      vertex 24.4764461517 10.8386116028 11.9569416046
    endloop
  endfacet
  facet normal 0.989563345909 0.117805019021 0.0829841941595
    outer loop
      vertex 24.4786815643 10.8408327103 11.9397287369
      vertex 24.4764461517 10.8386116028 11.9569416046
      vertex 24.4769268036 10.8203544617 11.9400434494
    endloop
  endfacet
  facet normal -0.988278150558 0.151508241892 0.0187504217029
    outer loop
      vertex 24.3768138885 10.8419322968 11.9378919601
      vertex 24.3796844482 10.8414697647 11.9565591812
      vertex 24.3767738342 10.8623142242 11.9401531219
    endloop
  endfacet
  facet normal -0.993714392185 0.0873621851206 0.0699970424175
    outer loop
      vertex 24.3796844482 10.8414697647 11.9565591812
      vertex 24.3784065247 10.861831665 11.9583377838
      vertex 24.3767738342 10.8623142242 11.9401531219
    endloop
  endfacet
  facet normal 0.991284489632 0.13078173995 -0.0158482901752
    outer loop
      vertex 24.4764461517 10.8386116028 11.9569416046
      vertex 24.4786815643 10.8408327103 11.9397287369
      vertex 24.4761390686 10.8603925705 11.9566297531
    endloop
  endfacet
  facet normal 0.990283489227 0.138784378767 -0.00880336761475
    outer loop
      vertex 24.4786911011 10.8611841202 11.938369751
      vertex 24.4761390686 10.8603925705 11.9566297531
      vertex 24.4786815643 10.8408327103 11.9397287369
    endloop
  endfacet
  facet normal -0.995735347271 0.0922067463398 0.00301399175078
    outer loop
      vertex 24.3765621185 10.882806778 11.938536644
      vertex 24.3767738342 10.8623142242 11.9401531219
      vertex 24.3782215118 10.8819551468 11.9564285278
    endloop
  endfacet
  facet normal -0.995994985104 0.0894064679742 0.000674417300615
    outer loop
      vertex 24.3784065247 10.861831665 11.9583377838
      vertex 24.3782215118 10.8819551468 11.9564285278
      vertex 24.3767738342 10.8623142242 11.9401531219
    endloop
  endfacet
  facet normal 0.624454259872 0.644528090954 -0.441180706024
    outer loop
      vertex 24.4780082703 10.8823375702 11.9397974014
      vertex 24.4589595795 10.8815126419 11.958817482
      vertex 24.4761390686 10.8603925705 11.9566297531
    endloop
  endfacet
  facet normal 0.989987909794 0.139339059591 -0.0225526317954
    outer loop
      vertex 24.4780082703 10.8823375702 11.9397974014
      vertex 24.4761390686 10.8603925705 11.9566297531
      vertex 24.4786911011 10.8611841202 11.938369751
    endloop
  endfacet
  facet normal -0.994230687618 0.107024751604 -0.007145578973
    outer loop
      vertex 24.3786506653 10.9033575058 11.9589862823
      vertex 24.3766040802 10.9018468857 11.9400749207
      vertex 24.3782215118 10.8819551468 11.9564285278
    endloop
  endfacet
  facet normal -0.995735883713 0.0921005308628 0.00524647627026
    outer loop
      vertex 24.3765621185 10.882806778 11.938536644
      vertex 24.3782215118 10.8819551468 11.9564285278
      vertex 24.3766040802 10.9018468857 11.9400749207
    endloop
  endfacet
  facet normal 0.643248558044 0.625036597252 0.442222297192
    outer loop
      vertex 24.4780082703 10.8823375702 11.9397974014
      vertex 24.475402832 10.9023237228 11.9566192627
      vertex 24.4589595795 10.8815126419 11.958817482
    endloop
  endfacet
  facet normal 0.991508841515 0.128286361694 -0.0212799198925
    outer loop
      vertex 24.475402832 10.9023237228 11.9566192627
      vertex 24.4780082703 10.8823375702 11.9397974014
      vertex 24.4776668549 10.9031667709 11.9389810562
    endloop
  endfacet
  facet normal -0.988121569157 0.115070447326 0.101855456829
    outer loop
      vertex 24.3766040802 10.9018468857 11.9400749207
      vertex 24.3786506653 10.9033575058 11.9589862823
      vertex 24.3743152618 10.9223661423 11.938583374
    endloop
  endfacet
  facet normal -0.987716972828 0.13204292953 0.083545781672
    outer loop
      vertex 24.3786506653 10.9033575058 11.9589862823
      vertex 24.3767604828 10.9245223999 11.9582386017
      vertex 24.3743152618 10.9223661423 11.938583374
    endloop
  endfacet
  facet normal 0.754923701286 0.209159091115 -0.621564686298
    outer loop
      vertex 24.4581031799 10.9224252701 11.9593229294
      vertex 24.475402832 10.9023237228 11.9566192627
      vertex 24.4615802765 10.9246730804 11.9400930405
    endloop
  endfacet
  facet normal 0.797147452831 0.130498409271 -0.589513480663
    outer loop
      vertex 24.4776668549 10.9031667709 11.9389810562
      vertex 24.4615802765 10.9246730804 11.9400930405
      vertex 24.475402832 10.9023237228 11.9566192627
    endloop
  endfacet
  facet normal -0.992259323597 0.119892477989 -0.0323609858751
    outer loop
      vertex 24.3743152618 10.9223661423 11.938583374
      vertex 24.3767604828 10.9245223999 11.9582386017
      vertex 24.375213623 10.9436368942 11.9402770996
    endloop
  endfacet
  facet normal -0.996870100498 0.0787767842412 0.00664773816243
    outer loop
      vertex 24.3767604828 10.9245223999 11.9582386017
      vertex 24.3767147064 10.9441795349 11.959318161
      vertex 24.375213623 10.9436368942 11.9402770996
    endloop
  endfacet
  facet normal 0.973156929016 0.190975770354 -0.128428518772
    outer loop
      vertex 24.4581031799 10.9224252701 11.9593229294
      vertex 24.4615802765 10.9246730804 11.9400930405
      vertex 24.4552192688 10.9444551468 11.9592037201
    endloop
  endfacet
  facet normal 0.997984170914 -0.0372873432934 0.0513540171087
    outer loop
      vertex 24.4766407013 11.0483980179 12.01541996
      vertex 24.4750614166 11.0295791626 11.9990692139
      vertex 24.476146698 11.0503063202 11.9995698929
    endloop
  endfacet
  facet normal -0.99473464489 0.0802359506488 0.0637585520744
    outer loop
      vertex 24.375213623 10.9436368942 11.9402770996
      vertex 24.3767147064 10.9441795349 11.959318161
      vertex 24.3739242554 10.9640903473 11.9405450821
    endloop
  endfacet
  facet normal -0.989816904068 0.142272815108 0.00457735126838
    outer loop
      vertex 24.3767147064 10.9441795349 11.959318161
      vertex 24.3767166138 10.9642496109 11.95997715
      vertex 24.3739242554 10.9640903473 11.9405450821
    endloop
  endfacet
  facet normal 0.159297645092 0.768576025963 0.619608879089
    outer loop
      vertex 24.4577655792 11.0271530151 12.0006980896
      vertex 24.4750614166 11.0295791626 11.9990692139
      vertex 24.460401535 11.0481290817 12.0170621872
    endloop
  endfacet
  facet normal 0.0865768641233 0.748430013657 0.657538533211
    outer loop
      vertex 24.4766407013 11.0483980179 12.01541996
      vertex 24.460401535 11.0481290817 12.0170621872
      vertex 24.4750614166 11.0295791626 11.9990692139
    endloop
  endfacet
  facet normal -0.716256916523 0.541254878044 0.440476059914
    outer loop
      vertex 24.3585948944 10.9864006042 11.9384155273
      vertex 24.3739242554 10.9640903473 11.9405450821
      vertex 24.3756942749 10.9843635559 11.9593858719
    endloop
  endfacet
  facet normal -0.98872846365 0.142456501722 0.0460667796433
    outer loop
      vertex 24.3739242554 10.9640903473 11.9405450821
      vertex 24.3767166138 10.9642496109 11.95997715
      vertex 24.3756942749 10.9843635559 11.9593858719
    endloop
  endfacet
  facet normal 0.00964181963354 0.787827193737 0.6158208251
    outer loop
      vertex 24.460401535 11.0481290817 12.0170621872
      vertex 24.4401340485 11.0480508804 12.0172491074
      vertex 24.4577655792 11.0271530151 12.0006980896
    endloop
  endfacet
  facet normal 0.00188781763427 0.784693539143 0.619881033897
    outer loop
      vertex 24.4577655792 11.0271530151 12.0006980896
      vertex 24.4401340485 11.0480508804 12.0172491074
      vertex 24.4370059967 11.0271320343 12.0007314682
    endloop
  endfacet
  facet normal -0.776163339615 0.624299407005 0.0884348452091
    outer loop
      vertex 24.3733730316 11.0048036575 11.9593954086
      vertex 24.3585948944 10.9864006042 11.9384155273
      vertex 24.3756942749 10.9843635559 11.9593858719
    endloop
  endfacet
  facet normal -0.785800755024 0.614552795887 0.0695844739676
    outer loop
      vertex 24.3571414948 11.00872612 11.9390850067
      vertex 24.3585948944 10.9864006042 11.9384155273
      vertex 24.3733730316 11.0048036575 11.9593954086
    endloop
  endfacet
  facet normal 0.116354562342 0.978054463863 0.172832459211
    outer loop
      vertex 24.4573116302 11.007818222 11.997335434
      vertex 24.4750614166 11.0295791626 11.9990692139
      vertex 24.4577655792 11.0271530151 12.0006980896
    endloop
  endfacet
  facet normal 0.00167745305225 0.997320711613 0.0731337442994
    outer loop
      vertex 24.4577655792 11.0271530151 12.0006980896
      vertex 24.4370059967 11.0271320343 12.0007314682
      vertex 24.4389591217 11.0073308945 11.9992761612
    endloop
  endfacet
  facet normal -0.21986284852 0.970035552979 0.103398956358
    outer loop
      vertex 24.3425445557 11.0273103714 11.9377574921
      vertex 24.3571414948 11.00872612 11.9390850067
      vertex 24.3567867279 11.0278663635 11.9410448074
    endloop
  endfacet
  facet normal -0.739752173424 0.667852759361 0.0820940807462
    outer loop
      vertex 24.3567867279 11.0278663635 11.9410448074
      vertex 24.3571414948 11.00872612 11.9390850067
      vertex 24.3734645844 11.0261306763 11.9593048096
    endloop
  endfacet
  facet normal -0.780603528023 0.624997675419 -0.00600594189018
    outer loop
      vertex 24.3733730316 11.0048036575 11.9593954086
      vertex 24.3734645844 11.0261306763 11.9593048096
      vertex 24.3571414948 11.00872612 11.9390850067
    endloop
  endfacet
  facet normal 0.108115583658 0.979004442692 0.172804236412
    outer loop
      vertex 24.4573116302 11.007818222 11.997335434
      vertex 24.4577655792 11.0271530151 12.0006980896
      vertex 24.4389591217 11.0073308945 11.9992761612
    endloop
  endfacet
  facet normal -0.0349165387452 0.994729161263 0.0964089781046
    outer loop
      vertex 24.4370059967 11.0271320343 12.0007314682
      vertex 24.416437149 11.0271720886 12.0000133514
      vertex 24.419883728 11.0065393448 11.998134613
    endloop
  endfacet
  facet normal -0.227663114667 0.967000842094 -0.114362850785
    outer loop
      vertex 24.3568248749 11.0476503372 11.9387140274
      vertex 24.3425445557 11.0273103714 11.9377574921
      vertex 24.3567867279 11.0278663635 11.9410448074
    endloop
  endfacet
  facet normal -0.738435029984 0.674323260784 0.00136593752541
    outer loop
      vertex 24.3734855652 11.0472717285 11.9593706131
      vertex 24.3567867279 11.0278663635 11.9410448074
      vertex 24.3734645844 11.0261306763 11.9593048096
    endloop
  endfacet
  facet normal -0.77548545599 0.626853525639 -0.0753457993269
    outer loop
      vertex 24.3568248749 11.0476503372 11.9387140274
      vertex 24.3567867279 11.0278663635 11.9410448074
      vertex 24.3734855652 11.0472717285 11.9593706131
    endloop
  endfacet
  facet normal -0.0562974251807 0.995307087898 0.0787042155862
    outer loop
      vertex 24.4389591217 11.0073308945 11.9992761612
      vertex 24.4370059967 11.0271320343 12.0007314682
      vertex 24.419883728 11.0065393448 11.998134613
    endloop
  endfacet
  facet normal 0.994863808155 -0.073151268065 -0.0699634626508
    outer loop
      vertex 24.4600734711 11.028588295 11.9393548965
      vertex 24.4586391449 11.0485124588 11.9389038086
      vertex 24.460193634 11.0470933914 11.9586877823
    endloop
  endfacet
  facet normal -0.779360771179 0.626489758492 0.0103606563061
    outer loop
      vertex 24.357006073 11.0693120956 11.9392976761
      vertex 24.3568248749 11.0476503372 11.9387140274
      vertex 24.3731498718 11.0673723221 11.9593486786
    endloop
  endfacet
  facet normal -0.778424561024 0.627617359161 0.012315377593
    outer loop
      vertex 24.3734855652 11.0472717285 11.9593706131
      vertex 24.3731498718 11.0673723221 11.9593486786
      vertex 24.3568248749 11.0476503372 11.9387140274
    endloop
  endfacet
  facet normal 0.996941566467 -0.0780526995659 -0.0039058951661
    outer loop
      vertex 24.4586391449 11.0485124588 11.9389038086
      vertex 24.45860672 11.0686998367 11.939499855
      vertex 24.460193634 11.0470933914 11.9586877823
    endloop
  endfacet
  facet normal 0.996203899384 -0.0869562104344 0.00405518338084
    outer loop
      vertex 24.460193634 11.0470933914 11.9586877823
      vertex 24.45860672 11.0686998367 11.939499855
      vertex 24.4604568481 11.0701599121 11.9606275558
    endloop
  endfacet
  facet normal -0.99763250351 0.0624577850103 0.0287813134491
    outer loop
      vertex 24.357006073 11.0693120956 11.9392976761
      vertex 24.3576793671 11.089422226 11.9593191147
      vertex 24.3563919067 11.0898866653 11.9389686584
    endloop
  endfacet
  facet normal -0.701073467731 0.516941785812 0.49118950963
    outer loop
      vertex 24.3731498718 11.0673723221 11.9593486786
      vertex 24.3576793671 11.089422226 11.9593191147
      vertex 24.357006073 11.0693120956 11.9392976761
    endloop
  endfacet
  facet normal 0.886097192764 -0.352491229773 0.300967991352
    outer loop
      vertex 24.4666442871 11.0895986557 11.9595842361
      vertex 24.4604568481 11.0701599121 11.9606275558
      vertex 24.4593276978 11.089474678 11.9412975311
    endloop
  endfacet
  facet normal 0.995981216431 -0.0853385776281 0.0271804071963
    outer loop
      vertex 24.4604568481 11.0701599121 11.9606275558
      vertex 24.45860672 11.0686998367 11.939499855
      vertex 24.4593276978 11.089474678 11.9412975311
    endloop
  endfacet
  facet normal -0.996402800083 0.0642966330051 -0.0552033148706
    outer loop
      vertex 24.3576793671 11.089422226 11.9593191147
      vertex 24.3575992584 11.1106748581 11.93983078
      vertex 24.3563919067 11.0898866653 11.9389686584
    endloop
  endfacet
  facet normal -0.703515529633 0.525116682053 -0.478871971369
    outer loop
      vertex 24.3576793671 11.089422226 11.9593191147
      vertex 24.3723926544 11.1109571457 11.9593925476
      vertex 24.3575992584 11.1106748581 11.93983078
    endloop
  endfacet
  facet normal 0.899676978588 -0.361622750759 -0.244561508298
    outer loop
      vertex 24.4666442871 11.0895986557 11.9595842361
      vertex 24.4593276978 11.089474678 11.9412975311
      vertex 24.4609642029 11.1102657318 11.9594297409
    endloop
  endfacet
  facet normal 0.96327316761 -0.235296413302 -0.129384532571
    outer loop
      vertex 24.4593276978 11.089474678 11.9412975311
      vertex 24.4560108185 11.1101331711 11.939078331
      vertex 24.4609642029 11.1102657318 11.9594297409
    endloop
  endfacet
  facet normal -0.797576129436 0.602858603001 -0.0208295751363
    outer loop
      vertex 24.3728523254 11.1295795441 11.9593572617
      vertex 24.3575992584 11.1106748581 11.93983078
      vertex 24.3723926544 11.1109571457 11.9593925476
    endloop
  endfacet
  facet normal -0.787452340126 0.616374194622 0.00129882979672
    outer loop
      vertex 24.3572101593 11.1320533752 11.9393787384
      vertex 24.3575992584 11.1106748581 11.93983078
      vertex 24.3728523254 11.1295795441 11.9593572617
    endloop
  endfacet
  facet normal 0.795050263405 -0.531289279461 0.29262059927
    outer loop
      vertex 24.4687099457 11.1309680939 11.9596185684
      vertex 24.4609642029 11.1102657318 11.9594297409
      vertex 24.4579143524 11.1309423447 11.9434776306
    endloop
  endfacet
  facet normal 0.970956623554 -0.236070230603 0.0389109514654
    outer loop
      vertex 24.4609642029 11.1102657318 11.9594297409
      vertex 24.4560108185 11.1101331711 11.939078331
      vertex 24.4579143524 11.1309423447 11.9434776306
    endloop
  endfacet
  facet normal -0.998266339302 0.0473995022476 0.0348943397403
    outer loop
      vertex 24.3572101593 11.1320533752 11.9393787384
      vertex 24.3574714661 11.1517381668 11.9593734741
      vertex 24.3565254211 11.1517124176 11.9394302368
    endloop
  endfacet
  facet normal -0.712789237499 0.4967687428 0.495128571987
    outer loop
      vertex 24.3728523254 11.1295795441 11.9593572617
      vertex 24.3574714661 11.1517381668 11.9593734741
      vertex 24.3572101593 11.1320533752 11.9393787384
    endloop
  endfacet
  facet normal 0.794183075428 -0.53164511919 -0.294324159622
    outer loop
      vertex 24.4687099457 11.1309680939 11.9596185684
      vertex 24.4579143524 11.1309423447 11.9434776306
      vertex 24.4610118866 11.1516056061 11.9595441818
    endloop
  endfacet
  facet normal 0.968028664589 -0.246484383941 -0.0465393066406
    outer loop
      vertex 24.4579143524 11.1309423447 11.9434776306
      vertex 24.4562988281 11.1506404877 11.9408521652
      vertex 24.4610118866 11.1516056061 11.9595441818
    endloop
  endfacet
  facet normal -0.993364453316 0.0469863004982 -0.104973182082
    outer loop
      vertex 24.3574714661 11.1517381668 11.9593734741
      vertex 24.35871315 11.1722536087 11.9397907257
      vertex 24.3565254211 11.1517124176 11.9394302368
    endloop
  endfacet
  facet normal -0.754487276077 0.451341152191 -0.476487278938
    outer loop
      vertex 24.3574714661 11.1517381668 11.9593734741
      vertex 24.3705177307 11.1724376678 11.9593296051
      vertex 24.35871315 11.1722536087 11.9397907257
    endloop
  endfacet
  facet normal 0.698127865791 -0.619680523872 0.358627289534
    outer loop
      vertex 24.4716396332 11.1722316742 11.9595804214
      vertex 24.4610118866 11.1516056061 11.9595441818
      vertex 24.456861496 11.1710968018 11.9435882568
    endloop
  endfacet
  facet normal 0.969559431076 -0.244780912995 -0.00607168814167
    outer loop
      vertex 24.4610118866 11.1516056061 11.9595441818
      vertex 24.4562988281 11.1506404877 11.9408521652
      vertex 24.456861496 11.1710968018 11.9435882568
    endloop
  endfacet
  facet normal -0.995826900005 -0.0908764824271 -0.0083782505244
    outer loop
      vertex 24.35871315 11.1722536087 11.9397907257
      vertex 24.3571376801 11.1926555634 11.9589357376
      vertex 24.3588924408 11.1940393448 11.9398345947
    endloop
  endfacet
  facet normal -0.746431350708 0.455532968044 0.485108196735
    outer loop
      vertex 24.3705177307 11.1724376678 11.9593296051
      vertex 24.3571376801 11.1926555634 11.9589357376
      vertex 24.35871315 11.1722536087 11.9397907257
    endloop
  endfacet
  facet normal 0.651643574238 -0.631946384907 -0.419528871775
    outer loop
      vertex 24.4716396332 11.1722316742 11.9595804214
      vertex 24.456861496 11.1710968018 11.9435882568
      vertex 24.4598464966 11.1907091141 11.9596862793
    endloop
  endfacet
  facet normal 0.945718050003 -0.306612282991 -0.107732377946
    outer loop
      vertex 24.456861496 11.1710968018 11.9435882568
      vertex 24.4541091919 11.1928501129 11.9427423477
      vertex 24.4598464966 11.1907091141 11.9596862793
    endloop
  endfacet
  facet normal -0.993453025818 -0.0957766622305 0.0622729770839
    outer loop
      vertex 24.3588924408 11.1940393448 11.9398345947
      vertex 24.3571376801 11.1926555634 11.9589357376
      vertex 24.3575611115 11.2134418488 11.941028595
    endloop
  endfacet
  facet normal -0.999857664108 -0.0152414804325 -0.00723766721785
    outer loop
      vertex 24.3571376801 11.1926555634 11.9589357376
      vertex 24.3572807312 11.2146673203 11.9600038528
      vertex 24.3575611115 11.2134418488 11.941028595
    endloop
  endfacet
  facet normal 0.626375615597 -0.622649550438 -0.469000101089
    outer loop
      vertex 24.4541091919 11.1928501129 11.9427423477
      vertex 24.4387664795 11.2124738693 11.9420890808
      vertex 24.4571323395 11.2114429474 11.9597883224
    endloop
  endfacet
  facet normal 0.944426476955 -0.303977131844 -0.125125944614
    outer loop
      vertex 24.4541091919 11.1928501129 11.9427423477
      vertex 24.4571323395 11.2114429474 11.9597883224
      vertex 24.4598464966 11.1907091141 11.9596862793
    endloop
  endfacet
  facet normal -0.998049676418 -0.0185958743095 -0.0595904737711
    outer loop
      vertex 24.3572807312 11.2146673203 11.9600038528
      vertex 24.358833313 11.2348670959 11.94140625
      vertex 24.3575611115 11.2134418488 11.941028595
    endloop
  endfacet
  facet normal -0.702596783638 0.495775669813 -0.510454952717
    outer loop
      vertex 24.3572807312 11.2146673203 11.9600038528
      vertex 24.3714504242 11.2347421646 11.9594154358
      vertex 24.358833313 11.2348670959 11.94140625
    endloop
  endfacet
  facet normal 0.723007559776 -0.681428551674 -0.113645173609
    outer loop
      vertex 24.435716629 11.2342386246 11.9424829483
      vertex 24.4527072906 11.2319850922 11.9601345062
      vertex 24.4387664795 11.2124738693 11.9420890808
    endloop
  endfacet
  facet normal 0.689583003521 -0.706209719181 -0.160446554422
    outer loop
      vertex 24.4571323395 11.2114429474 11.9597883224
      vertex 24.4387664795 11.2124738693 11.9420890808
      vertex 24.4527072906 11.2319850922 11.9601345062
    endloop
  endfacet
  facet normal -0.998191356659 -0.0459554232657 0.0387569442391
    outer loop
      vertex 24.358833313 11.2348670959 11.94140625
      vertex 24.3572444916 11.2549161911 11.9590082169
      vertex 24.3580493927 11.255947113 11.9406557083
    endloop
  endfacet
  facet normal -0.714209794998 0.496951013803 0.49289354682
    outer loop
      vertex 24.3714504242 11.2347421646 11.9594154358
      vertex 24.3572444916 11.2549161911 11.9590082169
      vertex 24.358833313 11.2348670959 11.94140625
    endloop
  endfacet
  facet normal 0.521252334118 -0.694114863873 -0.496488243341
    outer loop
      vertex 24.435716629 11.2342386246 11.9424829483
      vertex 24.4163513184 11.2541751862 11.9422006607
      vertex 24.4382705688 11.2557563782 11.9597921371
    endloop
  endfacet
  facet normal 0.683643043041 -0.606155097485 -0.406458079815
    outer loop
      vertex 24.435716629 11.2342386246 11.9424829483
      vertex 24.4382705688 11.2557563782 11.9597921371
      vertex 24.4527072906 11.2319850922 11.9601345062
    endloop
  endfacet
  facet normal -0.99836397171 -0.0415811538696 -0.0392482280731
    outer loop
      vertex 24.3580493927 11.255947113 11.9406557083
      vertex 24.3572444916 11.2549161911 11.9590082169
      vertex 24.3587150574 11.2757663727 11.9433803558
    endloop
  endfacet
  facet normal -0.99050372839 -0.134036362171 0.0306041911244
    outer loop
      vertex 24.3572444916 11.2549161911 11.9590082169
      vertex 24.3564834595 11.2757711411 11.9598703384
      vertex 24.3587150574 11.2757663727 11.9433803558
    endloop
  endfacet
  facet normal 0.473298251629 -0.752951323986 -0.457223236561
    outer loop
      vertex 24.4163513184 11.2541751862 11.9422006607
      vertex 24.396314621 11.2750749588 11.9422969818
      vertex 24.4185600281 11.2770624161 11.9574871063
    endloop
  endfacet
  facet normal 0.546730041504 -0.719697833061 -0.427926689386
    outer loop
      vertex 24.4163513184 11.2541751862 11.9422006607
      vertex 24.4185600281 11.2770624161 11.9574871063
      vertex 24.4382705688 11.2557563782 11.9597921371
    endloop
  endfacet
  facet normal 0.115830399096 -0.993268966675 0.000301892461721
    outer loop
      vertex 24.4185600281 11.2770624161 11.9574871063
      vertex 24.4379558563 11.2762002945 11.9597492218
      vertex 24.4382705688 11.2557563782 11.9597921371
    endloop
  endfacet
  facet normal 0.367789238691 -0.929901778698 -0.00370974955149
    outer loop
      vertex 24.4501171112 11.2762975693 11.9645595551
      vertex 24.4382705688 11.2557563782 11.9597921371
      vertex 24.4379558563 11.2762002945 11.9597492218
    endloop
  endfacet
  facet normal -0.989471793175 -0.133921429515 -0.0548696555197
    outer loop
      vertex 24.3575363159 11.295800209 11.9602975845
      vertex 24.3587150574 11.2757663727 11.9433803558
      vertex 24.3564834595 11.2757711411 11.9598703384
    endloop
  endfacet
  facet normal -0.0875923931599 -0.789075791836 -0.608018934727
    outer loop
      vertex 24.3587150574 11.2757663727 11.9433803558
      vertex 24.376750946 11.29733181 11.9579954147
      vertex 24.3760280609 11.2751379013 11.9409742355
    endloop
  endfacet
  facet normal -0.141628876328 -0.760424792767 -0.633794426918
    outer loop
      vertex 24.3575363159 11.295800209 11.9602975845
      vertex 24.376750946 11.29733181 11.9579954147
      vertex 24.3587150574 11.2757663727 11.9433803558
    endloop
  endfacet
  facet normal 0.0253136530519 -0.806303203106 -0.590960562229
    outer loop
      vertex 24.3975505829 11.2971200943 11.9584932327
      vertex 24.396314621 11.2750749588 11.9422969818
      vertex 24.376750946 11.29733181 11.9579954147
    endloop
  endfacet
  facet normal 0.0536015704274 -0.793206989765 -0.606588423252
    outer loop
      vertex 24.3760280609 11.2751379013 11.9409742355
      vertex 24.376750946 11.29733181 11.9579954147
      vertex 24.396314621 11.2750749588 11.9422969818
    endloop
  endfacet
  facet normal 0.453052908182 -0.730363309383 -0.511187374592
    outer loop
      vertex 24.396314621 11.2750749588 11.9422969818
      vertex 24.3975505829 11.2971200943 11.9584932327
      vertex 24.4185600281 11.2770624161 11.9574871063
    endloop
  endfacet
  facet normal 0.045336984098 -0.99421608448 -0.0973598062992
    outer loop
      vertex 24.3975505829 11.2971200943 11.9584932327
      vertex 24.4179439545 11.2972259521 11.9594335556
      vertex 24.4185600281 11.2770624161 11.9574871063
    endloop
  endfacet
  facet normal 0.119496919215 -0.988243043423 -0.0953739956021
    outer loop
      vertex 24.4379558563 11.2762002945 11.9597492218
      vertex 24.4185600281 11.2770624161 11.9574871063
      vertex 24.4364490509 11.2946796417 11.961350441
    endloop
  endfacet
  facet normal 0.115991175175 -0.988309323788 -0.0989483594894
    outer loop
      vertex 24.4364490509 11.2946796417 11.961350441
      vertex 24.4185600281 11.2770624161 11.9574871063
      vertex 24.4179439545 11.2972259521 11.9594335556
    endloop
  endfacet
  facet normal 0.364831060171 -0.924569547176 -0.109861306846
    outer loop
      vertex 24.4364490509 11.2946796417 11.961350441
      vertex 24.4501171112 11.2762975693 11.9645595551
      vertex 24.4379558563 11.2762002945 11.9597492218
    endloop
  endfacet
  facet normal -0.115049242973 -0.990665853024 -0.0731087848544
    outer loop
      vertex 24.3769721985 11.3179559708 11.9594917297
      vertex 24.376750946 11.29733181 11.9579954147
      vertex 24.3584671021 11.3170843124 11.9615764618
    endloop
  endfacet
  facet normal -0.123810894787 -0.990180552006 -0.0649106055498
    outer loop
      vertex 24.3575363159 11.295800209 11.9602975845
      vertex 24.3584671021 11.3170843124 11.9615764618
      vertex 24.376750946 11.29733181 11.9579954147
    endloop
  endfacet
  facet normal 0.0243688318878 -0.998649537563 -0.0458833761513
    outer loop
      vertex 24.3975505829 11.2971200943 11.9584932327
      vertex 24.376750946 11.29733181 11.9579954147
      vertex 24.3972263336 11.3177375793 11.9594326019
    endloop
  endfacet
  facet normal -0.00213131704368 -0.997374534607 -0.0723841488361
    outer loop
      vertex 24.3972263336 11.3177375793 11.9594326019
      vertex 24.376750946 11.29733181 11.9579954147
      vertex 24.3769721985 11.3179559708 11.9594917297
    endloop
  endfacet
  facet normal 0.0459735691547 -0.99882042408 -0.0156259369105
    outer loop
      vertex 24.4179439545 11.2972259521 11.9594335556
      vertex 24.3975505829 11.2971200943 11.9584932327
      vertex 24.4176368713 11.317697525 11.9597396851
    endloop
  endfacet
  facet normal 0.0151176396757 -0.998838663101 -0.0457465052605
    outer loop
      vertex 24.4176368713 11.317697525 11.9597396851
      vertex 24.3975505829 11.2971200943 11.9584932327
      vertex 24.3972263336 11.3177375793 11.9594326019
    endloop
  endfacet
  facet normal 0.112490877509 -0.991082549095 -0.0714224502444
    outer loop
      vertex 24.4364490509 11.2946796417 11.961350441
      vertex 24.4179439545 11.2972259521 11.9594335556
      vertex 24.4350643158 11.3153743744 11.9626846313
    endloop
  endfacet
  facet normal 0.168834120035 -0.985493183136 -0.017269609496
    outer loop
      vertex 24.4350643158 11.3153743744 11.9626846313
      vertex 24.4179439545 11.2972259521 11.9594335556
      vertex 24.4176368713 11.317697525 11.9597396851
    endloop
  endfacet
  facet normal -0.114739924669 -0.991258561611 -0.0651244595647
    outer loop
      vertex 24.3584671021 11.3170843124 11.9615764618
      vertex 24.3759040833 11.3381671906 11.960943222
      vertex 24.3769721985 11.3179559708 11.9594917297
    endloop
  endfacet
  facet normal -0.00221311510541 -0.997886896133 -0.0649369582534
    outer loop
      vertex 24.3972263336 11.3177375793 11.9594326019
      vertex 24.3769721985 11.3179559708 11.9594917297
      vertex 24.396736145 11.3388242722 11.9608058929
    endloop
  endfacet
  facet normal -0.00881981104612 -0.997425556183 -0.0711649805307
    outer loop
      vertex 24.396736145 11.3388242722 11.9608058929
      vertex 24.3769721985 11.3179559708 11.9594917297
      vertex 24.3759040833 11.3381671906 11.960943222
    endloop
  endfacet
  facet normal 0.0151285473257 -0.998382747173 -0.0548000484705
    outer loop
      vertex 24.4176368713 11.317697525 11.9597396851
      vertex 24.3972263336 11.3177375793 11.9594326019
      vertex 24.4171237946 11.3376636505 11.9608278275
    endloop
  endfacet
  facet normal 0.00477940915152 -0.997867405415 -0.0650982409716
    outer loop
      vertex 24.4171237946 11.3376636505 11.9608278275
      vertex 24.3972263336 11.3177375793 11.9594326019
      vertex 24.396736145 11.3388242722 11.9608058929
    endloop
  endfacet
  facet normal 0.280208915472 -0.958098471165 -0.0594164431095
    outer loop
      vertex 24.4171237946 11.3376636505 11.9608278275
      vertex 24.4335975647 11.3367099762 11.9655866623
      vertex 24.4176368713 11.317697525 11.9597396851
    endloop
  endfacet
  facet normal 0.18360838294 -0.972266018391 -0.144868254662
    outer loop
      vertex 24.4350643158 11.3153743744 11.9626846313
      vertex 24.4176368713 11.317697525 11.9597396851
      vertex 24.4335975647 11.3367099762 11.9655866623
    endloop
  endfacet
  facet normal -0.0101039670408 -0.993579804897 -0.112681172788
    outer loop
      vertex 24.3772411346 11.3575944901 11.9631328583
      vertex 24.396736145 11.3388242722 11.9608058929
      vertex 24.3759040833 11.3381671906 11.960943222
    endloop
  endfacet
  facet normal -0.11523001641 0.970396876335 0.212254419923
    outer loop
      vertex 24.4189453125 10.8002033234 11.9568452835
      vertex 24.439622879 10.7798347473 11.9548454285
      vertex 24.4387340546 10.799492836 11.9590396881
    endloop
  endfacet
  facet normal -0.0405072383583 0.983151435852 0.178248077631
    outer loop
      vertex 24.4596672058 10.779955864 11.9556932449
      vertex 24.458574295 10.7987146378 11.9590492249
      vertex 24.439622879 10.7798347473 11.9548454285
    endloop
  endfacet
  facet normal -0.00866912677884 0.977870583534 0.209030970931
    outer loop
      vertex 24.458574295 10.7987146378 11.9590492249
      vertex 24.4387340546 10.799492836 11.9590396881
      vertex 24.439622879 10.7798347473 11.9548454285
    endloop
  endfacet
  facet normal 0.0501146987081 0.983636319637 0.173055067658
    outer loop
      vertex 24.4596672058 10.779955864 11.9556932449
      vertex 24.4724216461 10.7831344604 11.9556026459
      vertex 24.458574295 10.7987146378 11.9590492249
    endloop
  endfacet
  facet normal 0.138480648398 0.98579865694 0.0949954092503
    outer loop
      vertex 24.4749393463 10.7997493744 11.9568500519
      vertex 24.458574295 10.7987146378 11.9590492249
      vertex 24.4724216461 10.7831344604 11.9556026459
    endloop
  endfacet
  facet normal -0.119501560926 0.985039293766 0.124164968729
    outer loop
      vertex 24.3986339569 10.8209018707 11.956990242
      vertex 24.4189453125 10.8002033234 11.9568452835
      vertex 24.4178180695 10.8197412491 11.9591712952
    endloop
  endfacet
  facet normal -0.110838651657 0.993674337864 0.0180576723069
    outer loop
      vertex 24.4387340546 10.799492836 11.9590396881
      vertex 24.437582016 10.8203659058 11.9592905045
      vertex 24.4189453125 10.8002033234 11.9568452835
    endloop
  endfacet
  facet normal -0.00224880198948 0.992970108986 0.118344217539
    outer loop
      vertex 24.437582016 10.8203659058 11.9592905045
      vertex 24.4178180695 10.8197412491 11.9591712952
      vertex 24.4189453125 10.8002033234 11.9568452835
    endloop
  endfacet
  facet normal -0.000865574984346 0.999951481819 0.0098120784387
    outer loop
      vertex 24.458574295 10.7987146378 11.9590492249
      vertex 24.4587650299 10.8194961548 11.9592533112
      vertex 24.4387340546 10.799492836 11.9590396881
    endloop
  endfacet
  facet normal 0.00126516702585 0.99992787838 0.0119455121458
    outer loop
      vertex 24.4587650299 10.8194961548 11.9592533112
      vertex 24.437582016 10.8203659058 11.9592905045
      vertex 24.4387340546 10.799492836 11.9590396881
    endloop
  endfacet
  facet normal 0.133858054876 0.99093991518 0.0109600806609
    outer loop
      vertex 24.458574295 10.7987146378 11.9590492249
      vertex 24.4749393463 10.7997493744 11.9568500519
      vertex 24.4587650299 10.8194961548 11.9592533112
    endloop
  endfacet
  facet normal 0.0877938345075 0.994924128056 0.0491755157709
    outer loop
      vertex 24.4769935608 10.8194122314 11.9576406479
      vertex 24.4587650299 10.8194961548 11.9592533112
      vertex 24.4749393463 10.7997493744 11.9568500519
    endloop
  endfacet
  facet normal -0.137212097645 0.984878003597 0.10577429831
    outer loop
      vertex 24.3796844482 10.8414697647 11.9565591812
      vertex 24.3986339569 10.8209018707 11.956990242
      vertex 24.398519516 10.8415803909 11.959195137
    endloop
  endfacet
  facet normal -0.112994760275 0.993595421314 0.000533026410267
    outer loop
      vertex 24.4178180695 10.8197412491 11.9591712952
      vertex 24.4188404083 10.8394498825 11.9592981339
      vertex 24.3986339569 10.8209018707 11.956990242
    endloop
  endfacet
  facet normal -0.0161630045623 0.994224011898 0.106100924313
    outer loop
      vertex 24.4188404083 10.8394498825 11.9592981339
      vertex 24.398519516 10.8415803909 11.959195137
      vertex 24.3986339569 10.8209018707 11.956990242
    endloop
  endfacet
  facet normal -0.00583764212206 0.999964177608 0.00613253284246
    outer loop
      vertex 24.4178180695 10.8197412491 11.9591712952
      vertex 24.437582016 10.8203659058 11.9592905045
      vertex 24.4188404083 10.8394498825 11.9592981339
    endloop
  endfacet
  facet normal -0.00311265839264 0.999989211559 0.00345644447953
    outer loop
      vertex 24.4389667511 10.8411922455 11.9593667984
      vertex 24.4188404083 10.8394498825 11.9592981339
      vertex 24.437582016 10.8203659058 11.9592905045
    endloop
  endfacet
  facet normal 0.00172630848829 0.999998271465 0.000717379036359
    outer loop
      vertex 24.4587650299 10.8194961548 11.9592533112
      vertex 24.458612442 10.8403997421 11.9592685699
      vertex 24.437582016 10.8203659058 11.9592905045
    endloop
  endfacet
  facet normal 0.00483918190002 0.999980330467 0.00398512696847
    outer loop
      vertex 24.458612442 10.8403997421 11.9592685699
      vertex 24.4389667511 10.8411922455 11.9593667984
      vertex 24.437582016 10.8203659058 11.9592905045
    endloop
  endfacet
  facet normal 0.0882359296083 0.99534535408 -0.0387559458613
    outer loop
      vertex 24.4769935608 10.8194122314 11.9576406479
      vertex 24.4764461517 10.8386116028 11.9569416046
      vertex 24.4587650299 10.8194961548 11.9592533112
    endloop
  endfacet
  facet normal 0.12940633297 0.991591632366 -0.000220760761295
    outer loop
      vertex 24.4764461517 10.8386116028 11.9569416046
      vertex 24.458612442 10.8403997421 11.9592685699
      vertex 24.4587650299 10.8194961548 11.9592533112
    endloop
  endfacet
  facet normal -0.13849824667 0.990251600742 0.0148316435516
    outer loop
      vertex 24.398519516 10.8415803909 11.959195137
      vertex 24.3973197937 10.8612518311 11.9593219757
      vertex 24.3796844482 10.8414697647 11.9565591812
    endloop
  endfacet
  facet normal -0.0545148067176 0.994422912598 0.0902839750051
    outer loop
      vertex 24.3973197937 10.8612518311 11.9593219757
      vertex 24.3784065247 10.861831665 11.9583377838
      vertex 24.3796844482 10.8414697647 11.9565591812
    endloop
  endfacet
  facet normal -0.00593297276646 0.999948382378 0.00824991986156
    outer loop
      vertex 24.4188404083 10.8394498825 11.9592981339
      vertex 24.4176921844 10.8611984253 11.9594707489
      vertex 24.398519516 10.8415803909 11.959195137
    endloop
  endfacet
  facet normal -0.00732051581144 0.999949455261 0.00689389137551
    outer loop
      vertex 24.4176921844 10.8611984253 11.9594707489
      vertex 24.3973197937 10.8612518311 11.9593219757
      vertex 24.398519516 10.8415803909 11.959195137
    endloop
  endfacet
  facet normal -0.00325220450759 0.999993026257 0.00184467434883
    outer loop
      vertex 24.4389667511 10.8411922455 11.9593667984
      vertex 24.4381923676 10.861166954 11.9594011307
      vertex 24.4188404083 10.8394498825 11.9592981339
    endloop
  endfacet
  facet normal 0.00338414078578 0.999964177608 0.00775814382359
    outer loop
      vertex 24.4381923676 10.861166954 11.9594011307
      vertex 24.4176921844 10.8611984253 11.9594707489
      vertex 24.4188404083 10.8394498825 11.9592981339
    endloop
  endfacet
  facet normal 0.00496057840064 0.999987244606 0.000976704410277
    outer loop
      vertex 24.458612442 10.8403997421 11.9592685699
      vertex 24.458190918 10.8607149124 11.9592905045
      vertex 24.4389667511 10.8411922455 11.9593667984
    endloop
  endfacet
  facet normal 0.00549751706421 0.999983727932 0.00150544743519
    outer loop
      vertex 24.458190918 10.8607149124 11.9592905045
      vertex 24.4381923676 10.861166954 11.9594011307
      vertex 24.4389667511 10.8411922455 11.9593667984
    endloop
  endfacet
  facet normal 0.130949005485 0.991259336472 -0.016038691625
    outer loop
      vertex 24.4764461517 10.8386116028 11.9569416046
      vertex 24.4761390686 10.8603925705 11.9566297531
      vertex 24.458612442 10.8403997421 11.9592685699
    endloop
  endfacet
  facet normal 0.146678358316 0.989182293415 -0.00197549676523
    outer loop
      vertex 24.4761390686 10.8603925705 11.9566297531
      vertex 24.458190918 10.8607149124 11.9592905045
      vertex 24.458612442 10.8403997421 11.9592685699
    endloop
  endfacet
  facet normal -0.0532057695091 0.997698903084 0.0420250147581
    outer loop
      vertex 24.3973197937 10.8612518311 11.9593219757
      vertex 24.395816803 10.8819465637 11.9601135254
      vertex 24.3784065247 10.861831665 11.9583377838
    endloop
  endfacet
  facet normal -0.204098299146 0.974748492241 -0.0906048715115
    outer loop
      vertex 24.395816803 10.8819465637 11.9601135254
      vertex 24.3782215118 10.8819551468 11.9564285278
      vertex 24.3784065247 10.861831665 11.9583377838
    endloop
  endfacet
  facet normal -0.00748699204996 0.996840238571 0.0790789276361
    outer loop
      vertex 24.4176921844 10.8611984253 11.9594707489
      vertex 24.415933609 10.8819580078 11.961104393
      vertex 24.3973197937 10.8612518311 11.9593219757
    endloop
  endfacet
  facet normal -0.0491294153035 0.997919976711 0.0417374223471
    outer loop
      vertex 24.415933609 10.8819580078 11.961104393
      vertex 24.395816803 10.8819465637 11.9601135254
      vertex 24.3973197937 10.8612518311 11.9593219757
    endloop
  endfacet
  facet normal 0.00328421615995 0.997691333294 0.0678326264024
    outer loop
      vertex 24.4381923676 10.861166954 11.9594011307
      vertex 24.4374465942 10.8827180862 11.9608688354
      vertex 24.4176921844 10.8611984253 11.9594707489
    endloop
  endfacet
  facet normal 0.0136465905234 0.996914923191 0.0772945433855
    outer loop
      vertex 24.4374465942 10.8827180862 11.9608688354
      vertex 24.415933609 10.8819580078 11.961104393
      vertex 24.4176921844 10.8611984253 11.9594707489
    endloop
  endfacet
  facet normal 0.0060390708968 0.999728262424 -0.0225146301091
    outer loop
      vertex 24.458190918 10.8607149124 11.9592905045
      vertex 24.4589595795 10.8815126419 11.958817482
      vertex 24.4381923676 10.861166954 11.9594011307
    endloop
  endfacet
  facet normal 0.091142334044 0.993745326996 0.0645235702395
    outer loop
      vertex 24.4589595795 10.8815126419 11.958817482
      vertex 24.4374465942 10.8827180862 11.9608688354
      vertex 24.4381923676 10.861166954 11.9594011307
    endloop
  endfacet
  facet normal 0.146922409534 0.989000797272 -0.0170637518167
    outer loop
      vertex 24.4761390686 10.8603925705 11.9566297531
      vertex 24.4589595795 10.8815126419 11.958817482
      vertex 24.458190918 10.8607149124 11.9592905045
    endloop
  endfacet
  facet normal -0.59251999855 0.675094544888 0.439508140087
    outer loop
      vertex 24.3982429504 10.9037132263 11.9764137268
      vertex 24.3786506653 10.9033575058 11.9589862823
      vertex 24.395816803 10.8819465637 11.9601135254
    endloop
  endfacet
  facet normal -0.203743293881 0.972580075264 0.112145870924
    outer loop
      vertex 24.3786506653 10.9033575058 11.9589862823
      vertex 24.3782215118 10.8819551468 11.9564285278
      vertex 24.395816803 10.8819465637 11.9601135254
    endloop
  endfacet
  facet normal -0.0391592681408 0.801913142204 0.596155881882
    outer loop
      vertex 24.415933609 10.8819580078 11.961104393
      vertex 24.3982429504 10.9037132263 11.9764137268
      vertex 24.395816803 10.8819465637 11.9601135254
    endloop
  endfacet
  facet normal -0.0293632335961 0.80605840683 0.591107130051
    outer loop
      vertex 24.4202060699 10.9028511047 11.9765815735
      vertex 24.3982429504 10.9037132263 11.9764137268
      vertex 24.415933609 10.8819580078 11.961104393
    endloop
  endfacet
  facet normal 0.0299228224903 0.80024600029 0.598924875259
    outer loop
      vertex 24.4374465942 10.8827180862 11.9608688354
      vertex 24.4202060699 10.9028511047 11.9765815735
      vertex 24.415933609 10.8819580078 11.961104393
    endloop
  endfacet
  facet normal 0.0972871109843 0.823289215565 0.559222757816
    outer loop
      vertex 24.4395446777 10.9041318893 11.9751663208
      vertex 24.4202060699 10.9028511047 11.9765815735
      vertex 24.4374465942 10.8827180862 11.9608688354
    endloop
  endfacet
  facet normal 0.511549592018 0.690621733665 0.511232495308
    outer loop
      vertex 24.4395446777 10.9041318893 11.9751663208
      vertex 24.4374465942 10.8827180862 11.9608688354
      vertex 24.4582118988 10.9022130966 11.9599189758
    endloop
  endfacet
  facet normal 0.0920525640249 0.994518339634 0.0495946593583
    outer loop
      vertex 24.4374465942 10.8827180862 11.9608688354
      vertex 24.4589595795 10.8815126419 11.958817482
      vertex 24.4582118988 10.9022130966 11.9599189758
    endloop
  endfacet
  facet normal 0.188591435552 0.981006205082 0.0453887730837
    outer loop
      vertex 24.4589595795 10.8815126419 11.958817482
      vertex 24.475402832 10.9023237228 11.9566192627
      vertex 24.4582118988 10.9022130966 11.9599189758
    endloop
  endfacet
  facet normal -0.991948187351 0.0936266407371 0.0852807611227
    outer loop
      vertex 24.3786506653 10.9033575058 11.9589862823
      vertex 24.3786201477 10.9238452911 11.9773244858
      vertex 24.3767604828 10.9245223999 11.9582386017
    endloop
  endfacet
  facet normal -0.545127034187 0.624265491962 0.559579372406
    outer loop
      vertex 24.3982429504 10.9037132263 11.9764137268
      vertex 24.3786201477 10.9238452911 11.9773244858
      vertex 24.3786506653 10.9033575058 11.9589862823
    endloop
  endfacet
  facet normal 0.633992314339 0.772895336151 -0.0262025948614
    outer loop
      vertex 24.4581031799 10.9224252701 11.9593229294
      vertex 24.4395446777 10.9041318893 11.9751663208
      vertex 24.4582118988 10.9022130966 11.9599189758
    endloop
  endfacet
  facet normal -0.113694138825 0.987528085709 0.108912624419
    outer loop
      vertex 24.419883728 11.0065393448 11.998134613
      vertex 24.416437149 11.0271720886 12.0000133514
      vertex 24.3984050751 11.0077409744 11.9957942963
    endloop
  endfacet
  facet normal 0.188233450055 0.981667220592 -0.0299615003169
    outer loop
      vertex 24.475402832 10.9023237228 11.9566192627
      vertex 24.4581031799 10.9224252701 11.9593229294
      vertex 24.4582118988 10.9022130966 11.9599189758
    endloop
  endfacet
  facet normal -0.995443403721 0.0949054211378 0.00923867989331
    outer loop
      vertex 24.3784618378 10.945066452 11.9777297974
      vertex 24.3767147064 10.9441795349 11.959318161
      vertex 24.3786201477 10.9238452911 11.9773244858
    endloop
  endfacet
  facet normal -0.995283722878 0.0967065989971 0.00762873888016
    outer loop
      vertex 24.3767604828 10.9245223999 11.9582386017
      vertex 24.3786201477 10.9238452911 11.9773244858
      vertex 24.3767147064 10.9441795349 11.959318161
    endloop
  endfacet
  facet normal 0.107741005719 0.984989345074 0.134862214327
    outer loop
      vertex 24.4573116302 11.007818222 11.997335434
      vertex 24.4389591217 11.0073308945 11.9992761612
      vertex 24.4373626709 10.9866361618 11.9966173172
    endloop
  endfacet
  facet normal -0.0541907697916 0.99090975523 0.123130977154
    outer loop
      vertex 24.419883728 11.0065393448 11.998134613
      vertex 24.4373626709 10.9866361618 11.9966173172
      vertex 24.4389591217 11.0073308945 11.9992761612
    endloop
  endfacet
  facet normal -0.995509684086 0.0946117565036 0.00301188230515
    outer loop
      vertex 24.3767147064 10.9441795349 11.959318161
      vertex 24.3784618378 10.945066452 11.9777297974
      vertex 24.3767166138 10.9642496109 11.95997715
    endloop
  endfacet
  facet normal -0.992635726929 0.119437359273 -0.020223883912
    outer loop
      vertex 24.3784618378 10.945066452 11.9777297974
      vertex 24.3788433075 10.966588974 11.9772558212
      vertex 24.3767166138 10.9642496109 11.95997715
    endloop
  endfacet
  facet normal 0.816030263901 -0.577879428864 0.0122464913875
    outer loop
      vertex 24.4608287811 11.0268630981 11.9790287018
      vertex 24.4610099792 11.0479822159 11.9788370132
      vertex 24.4750614166 11.0295791626 11.9990692139
    endloop
  endfacet
  facet normal 0.808835685253 -0.587359964848 0.0281626917422
    outer loop
      vertex 24.4750614166 11.0295791626 11.9990692139
      vertex 24.4610099792 11.0479822159 11.9788370132
      vertex 24.476146698 11.0503063202 11.9995698929
    endloop
  endfacet
  facet normal -0.9906488657 0.128237724304 0.0465823709965
    outer loop
      vertex 24.3767166138 10.9642496109 11.95997715
      vertex 24.3788433075 10.966588974 11.9772558212
      vertex 24.3756942749 10.9843635559 11.9593858719
    endloop
  endfacet
  facet normal -0.992277383804 0.0850745290518 0.0902656689286
    outer loop
      vertex 24.3788433075 10.966588974 11.9772558212
      vertex 24.376991272 10.9872779846 11.9776058197
      vertex 24.3756942749 10.9843635559 11.9593858719
    endloop
  endfacet
  facet normal 0.990712344646 0.0676041170955 0.117977902293
    outer loop
      vertex 24.4573116302 11.007818222 11.997335434
      vertex 24.458278656 11.0053310394 11.9788236618
      vertex 24.4608287811 11.0268630981 11.9790287018
    endloop
  endfacet
  facet normal 0.714955329895 -0.433399885893 0.548637747765
    outer loop
      vertex 24.4750614166 11.0295791626 11.9990692139
      vertex 24.4573116302 11.007818222 11.997335434
      vertex 24.4608287811 11.0268630981 11.9790287018
    endloop
  endfacet
  facet normal -0.718600213528 -0.402797788382 0.566893041134
    outer loop
      vertex 24.3610668182 11.0077228546 11.9772415161
      vertex 24.3733730316 11.0048036575 11.9593954086
      vertex 24.376991272 10.9872779846 11.9776058197
    endloop
  endfacet
  facet normal -0.989715456963 0.0884385481477 0.112436451018
    outer loop
      vertex 24.3733730316 11.0048036575 11.9593954086
      vertex 24.3756942749 10.9843635559 11.9593858719
      vertex 24.376991272 10.9872779846 11.9776058197
    endloop
  endfacet
  facet normal -0.486489087343 0.728205323219 0.482747703791
    outer loop
      vertex 24.4373626709 10.9866361618 11.9966173172
      vertex 24.419883728 11.0065393448 11.998134613
      vertex 24.4163837433 10.9854164124 11.9817934036
    endloop
  endfacet
  facet normal -0.119881920516 0.794752895832 0.59497576952
    outer loop
      vertex 24.419883728 11.0065393448 11.998134613
      vertex 24.3984050751 11.0077409744 11.9957942963
      vertex 24.4163837433 10.9854164124 11.9817934036
    endloop
  endfacet
  facet normal -0.822872936726 -0.56822514534 -0.000526888121385
    outer loop
      vertex 24.3602256775 11.0269851685 11.978477478
      vertex 24.3734645844 11.0261306763 11.9593048096
      vertex 24.3610668182 11.0077228546 11.9772415161
    endloop
  endfacet
  facet normal -0.823157727718 -0.567811667919 -0.00112158886623
    outer loop
      vertex 24.3733730316 11.0048036575 11.9593954086
      vertex 24.3610668182 11.0077228546 11.9772415161
      vertex 24.3734645844 11.0261306763 11.9593048096
    endloop
  endfacet
  facet normal -0.070488743484 0.818536281586 0.57011371851
    outer loop
      vertex 24.4163837433 10.9854164124 11.9817934036
      vertex 24.3984050751 11.0077409744 11.9957942963
      vertex 24.3956050873 10.98574543 11.9802331924
    endloop
  endfacet
  facet normal -0.576021850109 0.817103683949 0.0232452265918
    outer loop
      vertex 24.4373626709 10.9866361618 11.9966173172
      vertex 24.4163837433 10.9854164124 11.9817934036
      vertex 24.4368228912 10.9657850266 11.9956436157
    endloop
  endfacet
  facet normal -0.836575090885 -0.546935558319 -0.0316795855761
    outer loop
      vertex 24.360622406 11.0485095978 11.9791173935
      vertex 24.3734855652 11.0472717285 11.9593706131
      vertex 24.3602256775 11.0269851685 11.978477478
    endloop
  endfacet
  facet normal -0.822827398777 -0.56828546524 -0.00258532166481
    outer loop
      vertex 24.3734645844 11.0261306763 11.9593048096
      vertex 24.3602256775 11.0269851685 11.978477478
      vertex 24.3734855652 11.0472717285 11.9593706131
    endloop
  endfacet
  facet normal -0.622232735157 0.776410341263 0.100067123771
    outer loop
      vertex 24.417924881 10.9640016556 11.9802684784
      vertex 24.4368228912 10.9657850266 11.9956436157
      vertex 24.4163837433 10.9854164124 11.9817934036
    endloop
  endfacet
  facet normal -0.0755272135139 0.996060669422 0.046462841332
    outer loop
      vertex 24.4163837433 10.9854164124 11.9817934036
      vertex 24.3956050873 10.98574543 11.9802331924
      vertex 24.3972759247 10.9649562836 11.9793901443
    endloop
  endfacet
  facet normal -0.794557750225 -0.598902106285 0.0999710857868
    outer loop
      vertex 24.3592700958 11.0691642761 11.9774637222
      vertex 24.3731498718 11.0673723221 11.9593486786
      vertex 24.360622406 11.0485095978 11.9791173935
    endloop
  endfacet
  facet normal -0.838234007359 -0.545115411282 0.0145938880742
    outer loop
      vertex 24.3734855652 11.0472717285 11.9593706131
      vertex 24.360622406 11.0485095978 11.9791173935
      vertex 24.3731498718 11.0673723221 11.9593486786
    endloop
  endfacet
  facet normal 0.999162375927 -0.0401268489659 0.00802705157548
    outer loop
      vertex 24.460193634 11.0470933914 11.9586877823
      vertex 24.4604568481 11.0701599121 11.9606275558
      vertex 24.4610099792 11.0479822159 11.9788370132
    endloop
  endfacet
  facet normal 0.98598998785 -0.140137910843 0.090471714735
    outer loop
      vertex 24.4610099792 11.0479822159 11.9788370132
      vertex 24.4604568481 11.0701599121 11.9606275558
      vertex 24.4631958008 11.0688333511 11.9807548523
    endloop
  endfacet
  facet normal -0.990854620934 0.129435151815 -0.038126591593
    outer loop
      vertex 24.3576793671 11.089422226 11.9593191147
      vertex 24.3592700958 11.0691642761 11.9774637222
      vertex 24.3601932526 11.0880241394 11.978975296
    endloop
  endfacet
  facet normal -0.710853755474 -0.495255440474 0.499408662319
    outer loop
      vertex 24.3731498718 11.0673723221 11.9593486786
      vertex 24.3592700958 11.0691642761 11.9774637222
      vertex 24.3576793671 11.089422226 11.9593191147
    endloop
  endfacet
  facet normal 0.932549655437 0.22172871232 0.284934282303
    outer loop
      vertex 24.4666442871 11.0895986557 11.9595842361
      vertex 24.4624538422 11.089507103 11.9770908356
      vertex 24.4604568481 11.0701599121 11.9606275558
    endloop
  endfacet
  facet normal 0.99090218544 -0.134065657854 -0.0118019329384
    outer loop
      vertex 24.4624538422 11.089507103 11.9770908356
      vertex 24.4631958008 11.0688333511 11.9807548523
      vertex 24.4604568481 11.0701599121 11.9606275558
    endloop
  endfacet
  facet normal -0.98805052042 0.132022038102 -0.0795380473137
    outer loop
      vertex 24.3617630005 11.1091213226 11.9780130386
      vertex 24.3576793671 11.089422226 11.9593191147
      vertex 24.3601932526 11.0880241394 11.978975296
    endloop
  endfacet
  facet normal -0.761941254139 -0.383506983519 -0.521888792515
    outer loop
      vertex 24.3576793671 11.089422226 11.9593191147
      vertex 24.3617630005 11.1091213226 11.9780130386
      vertex 24.3723926544 11.1109571457 11.9593925476
    endloop
  endfacet
  facet normal 0.938845932484 0.2260838449 -0.259719848633
    outer loop
      vertex 24.4666442871 11.0895986557 11.9595842361
      vertex 24.4609642029 11.1102657318 11.9594297409
      vertex 24.4624538422 11.089507103 11.9770908356
    endloop
  endfacet
  facet normal 0.994257092476 -0.105432361364 0.0183521956205
    outer loop
      vertex 24.4609642029 11.1102657318 11.9594297409
      vertex 24.4631843567 11.110203743 11.9803771973
      vertex 24.4624538422 11.089507103 11.9770908356
    endloop
  endfacet
  facet normal -0.864539682865 -0.502456247807 -0.0104335388169
    outer loop
      vertex 24.3608798981 11.1318874359 11.9800052643
      vertex 24.3728523254 11.1295795441 11.9593572617
      vertex 24.3617630005 11.1091213226 11.9780130386
    endloop
  endfacet
  facet normal -0.869143307209 -0.494134545326 -0.0205174516886
    outer loop
      vertex 24.3723926544 11.1109571457 11.9593925476
      vertex 24.3617630005 11.1091213226 11.9780130386
      vertex 24.3728523254 11.1295795441 11.9593572617
    endloop
  endfacet
  facet normal 0.883155047894 0.329931646585 0.333440035582
    outer loop
      vertex 24.4687099457 11.1309680939 11.9596185684
      vertex 24.4620800018 11.1309671402 11.9773645401
      vertex 24.4609642029 11.1102657318 11.9594297409
    endloop
  endfacet
  facet normal 0.993739187717 -0.105211906135 -0.0375888571143
    outer loop
      vertex 24.4620800018 11.1309671402 11.9773645401
      vertex 24.4631843567 11.110203743 11.9803771973
      vertex 24.4609642029 11.1102657318 11.9594297409
    endloop
  endfacet
  facet normal -0.991384148598 0.0456544570625 0.122772954404
    outer loop
      vertex 24.3574714661 11.1517381668 11.9593734741
      vertex 24.3608798981 11.1318874359 11.9800052643
      vertex 24.3582801819 11.1530218124 11.980386734
    endloop
  endfacet
  facet normal -0.759496748447 -0.381488978863 0.526906847954
    outer loop
      vertex 24.3728523254 11.1295795441 11.9593572617
      vertex 24.3608798981 11.1318874359 11.9800052643
      vertex 24.3574714661 11.1517381668 11.9593734741
    endloop
  endfacet
  facet normal 0.88397371769 0.330272465944 -0.330923885107
    outer loop
      vertex 24.4687099457 11.1309680939 11.9596185684
      vertex 24.4610118866 11.1516056061 11.9595441818
      vertex 24.4620800018 11.1309671402 11.9773645401
    endloop
  endfacet
  facet normal 0.998917758465 -0.0446035303175 -0.0131845166907
    outer loop
      vertex 24.4610118866 11.1516056061 11.9595441818
      vertex 24.4619140625 11.150885582 11.9795360565
      vertex 24.4620800018 11.1309671402 11.9773645401
    endloop
  endfacet
  facet normal -0.997835993767 0.0415175482631 0.0509868934751
    outer loop
      vertex 24.3572025299 11.1724796295 11.9783821106
      vertex 24.3574714661 11.1517381668 11.9593734741
      vertex 24.3582801819 11.1530218124 11.980386734
    endloop
  endfacet
  facet normal -0.728216767311 -0.509936273098 -0.457892328501
    outer loop
      vertex 24.3574714661 11.1517381668 11.9593734741
      vertex 24.3572025299 11.1724796295 11.9783821106
      vertex 24.3705177307 11.1724376678 11.9593296051
    endloop
  endfacet
  facet normal 0.820155084133 0.384954363108 0.423267960548
    outer loop
      vertex 24.4716396332 11.1722316742 11.9595804214
      vertex 24.4626941681 11.1717395782 11.9780979156
      vertex 24.4610118866 11.1516056061 11.9595441818
    endloop
  endfacet
  facet normal 0.998095095158 -0.0465014763176 0.0405434407294
    outer loop
      vertex 24.4626941681 11.1717395782 11.9780979156
      vertex 24.4619140625 11.150885582 11.9795360565
      vertex 24.4610118866 11.1516056061 11.9595441818
    endloop
  endfacet
  facet normal -0.99973076582 0.018229726702 -0.0143570117652
    outer loop
      vertex 24.3571376801 11.1926555634 11.9589357376
      vertex 24.3572025299 11.1724796295 11.9783821106
      vertex 24.3575153351 11.1931848526 11.9792299271
    endloop
  endfacet
  facet normal -0.717500507832 -0.500371277332 0.48458391428
    outer loop
      vertex 24.3705177307 11.1724376678 11.9593296051
      vertex 24.3572025299 11.1724796295 11.9783821106
      vertex 24.3571376801 11.1926555634 11.9589357376
    endloop
  endfacet
  facet normal 0.77763324976 0.388790637255 -0.494093477726
    outer loop
      vertex 24.4716396332 11.1722316742 11.9595804214
      vertex 24.4598464966 11.1907091141 11.9596862793
      vertex 24.4626941681 11.1717395782 11.9780979156
    endloop
  endfacet
  facet normal 0.979242920876 -0.197665840387 0.0448504276574
    outer loop
      vertex 24.4598464966 11.1907091141 11.9596862793
      vertex 24.4644050598 11.1953420639 11.981218338
      vertex 24.4626941681 11.1717395782 11.9780979156
    endloop
  endfacet
  facet normal -0.999813914299 0.0184596031904 -0.00560204591602
    outer loop
      vertex 24.3571376801 11.1926555634 11.9589357376
      vertex 24.3575153351 11.1931848526 11.9792299271
      vertex 24.3572807312 11.2146673203 11.9600038528
    endloop
  endfacet
  facet normal -0.996059954166 0.0712113380432 -0.0528540350497
    outer loop
      vertex 24.3575153351 11.1931848526 11.9792299271
      vertex 24.3586978912 11.2141485214 11.9802112579
      vertex 24.3572807312 11.2146673203 11.9600038528
    endloop
  endfacet
  facet normal 0.964436411858 -0.231591120362 -0.127389073372
    outer loop
      vertex 24.4598464966 11.1907091141 11.9596862793
      vertex 24.4571323395 11.2114429474 11.9597883224
      vertex 24.4644050598 11.1953420639 11.981218338
    endloop
  endfacet
  facet normal 0.963793337345 -0.177740216255 -0.198773190379
    outer loop
      vertex 24.4644050598 11.1953420639 11.981218338
      vertex 24.4571323395 11.2114429474 11.9597883224
      vertex 24.4593982697 11.218214035 11.9796476364
    endloop
  endfacet
  facet normal -0.997550845146 0.069942548871 0.000638205965515
    outer loop
      vertex 24.3585700989 11.2351779938 11.9785804749
      vertex 24.3572807312 11.2146673203 11.9600038528
      vertex 24.3586978912 11.2141485214 11.9802112579
    endloop
  endfacet
  facet normal -0.717393875122 -0.49332845211 -0.491907596588
    outer loop
      vertex 24.3572807312 11.2146673203 11.9600038528
      vertex 24.3585700989 11.2351779938 11.9785804749
      vertex 24.3714504242 11.2347421646 11.9594154358
    endloop
  endfacet
  facet normal 0.888054907322 0.0196445286274 -0.459317535162
    outer loop
      vertex 24.4527072906 11.2319850922 11.9601345062
      vertex 24.4482650757 11.2397689819 11.9789514542
      vertex 24.4593982697 11.218214035 11.9796476364
    endloop
  endfacet
  facet normal 0.960755646229 -0.181226059794 -0.210013598204
    outer loop
      vertex 24.4527072906 11.2319850922 11.9601345062
      vertex 24.4593982697 11.218214035 11.9796476364
      vertex 24.4571323395 11.2114429474 11.9597883224
    endloop
  endfacet
  facet normal -0.998487234116 0.0140045089647 0.0531709715724
    outer loop
      vertex 24.3572444916 11.2549161911 11.9590082169
      vertex 24.3585700989 11.2351779938 11.9785804749
      vertex 24.3574485779 11.2564201355 11.9792690277
    endloop
  endfacet
  facet normal -0.717091560364 -0.470239549875 0.514445781708
    outer loop
      vertex 24.3714504242 11.2347421646 11.9594154358
      vertex 24.3585700989 11.2351779938 11.9785804749
      vertex 24.3572444916 11.2549161911 11.9590082169
    endloop
  endfacet
  facet normal 0.854732751846 -0.0128727536649 -0.51890873909
    outer loop
      vertex 24.4527072906 11.2319850922 11.9601345062
      vertex 24.4382705688 11.2557563782 11.9597921371
      vertex 24.4482650757 11.2397689819 11.9789514542
    endloop
  endfacet
  facet normal 0.9031021595 -0.426011860371 -0.0540403611958
    outer loop
      vertex 24.4382705688 11.2557563782 11.9597921371
      vertex 24.4464111328 11.2586097717 11.9774112701
      vertex 24.4482650757 11.2397689819 11.9789514542
    endloop
  endfacet
  facet normal -0.99894452095 0.00405855895951 0.0457530096173
    outer loop
      vertex 24.3565235138 11.2765932083 11.9789953232
      vertex 24.3564834595 11.2757711411 11.9598703384
      vertex 24.3574485779 11.2564201355 11.9792690277
    endloop
  endfacet
  facet normal -0.999233365059 0.0128111634403 0.0369932465255
    outer loop
      vertex 24.3572444916 11.2549161911 11.9590082169
      vertex 24.3574485779 11.2564201355 11.9792690277
      vertex 24.3564834595 11.2757711411 11.9598703384
    endloop
  endfacet
  facet normal 0.937840163708 -0.156151726842 0.309955507517
    outer loop
      vertex 24.4534854889 11.2763586044 11.9846687317
      vertex 24.4464111328 11.2586097717 11.9774112701
      vertex 24.4501171112 11.2762975693 11.9645595551
    endloop
  endfacet
  facet normal 0.849815905094 -0.325503051281 0.414560824633
    outer loop
      vertex 24.4382705688 11.2557563782 11.9597921371
      vertex 24.4501171112 11.2762975693 11.9645595551
      vertex 24.4464111328 11.2586097717 11.9774112701
    endloop
  endfacet
  facet normal -0.998621046543 -0.000165312667377 -0.0524974092841
    outer loop
      vertex 24.3564834595 11.2757711411 11.9598703384
      vertex 24.3565235138 11.2765932083 11.9789953232
      vertex 24.3575363159 11.295800209 11.9602975845
    endloop
  endfacet
  facet normal -0.999241113663 -0.0194742437452 -0.0337331369519
    outer loop
      vertex 24.3565235138 11.2765932083 11.9789953232
      vertex 24.3572101593 11.297457695 11.9799041748
      vertex 24.3575363159 11.295800209 11.9602975845
    endloop
  endfacet
  facet normal 0.878250777721 -0.14849075675 -0.454561382532
    outer loop
      vertex 24.4501171112 11.2762975693 11.9645595551
      vertex 24.4415740967 11.2969760895 11.9773330688
      vertex 24.4534854889 11.2763586044 11.9846687317
    endloop
  endfacet
  facet normal 0.784748673439 -0.327270716429 -0.526368141174
    outer loop
      vertex 24.4364490509 11.2946796417 11.961350441
      vertex 24.4415740967 11.2969760895 11.9773330688
      vertex 24.4501171112 11.2762975693 11.9645595551
    endloop
  endfacet
  facet normal -0.998782753944 -0.0204110369086 -0.044904794544
    outer loop
      vertex 24.3575363159 11.295800209 11.9602975845
      vertex 24.3572101593 11.297457695 11.9799041748
      vertex 24.3584671021 11.3170843124 11.9615764618
    endloop
  endfacet
  facet normal -0.99330830574 -0.109001621604 0.0381733998656
    outer loop
      vertex 24.3572101593 11.297457695 11.9799041748
      vertex 24.3564834595 11.3177585602 11.9794168472
      vertex 24.3584671021 11.3170843124 11.9615764618
    endloop
  endfacet
  facet normal 0.94535523653 -0.315149068832 -0.0835737809539
    outer loop
      vertex 24.4364490509 11.2946796417 11.961350441
      vertex 24.4350643158 11.3153743744 11.9626846313
      vertex 24.4415740967 11.2969760895 11.9773330688
    endloop
  endfacet
  facet normal 0.943333685398 -0.322854429483 -0.0767236277461
    outer loop
      vertex 24.4415740967 11.2969760895 11.9773330688
      vertex 24.4350643158 11.3153743744 11.9626846313
      vertex 24.4407711029 11.3184709549 11.9800949097
    endloop
  endfacet
  facet normal -0.993704140186 -0.111049160361 -0.0148396724835
    outer loop
      vertex 24.356760025 11.3388900757 11.979765892
      vertex 24.3584671021 11.3170843124 11.9615764618
      vertex 24.3564834595 11.3177585602 11.9794168472
    endloop
  endfacet
  facet normal -0.605171024799 -0.633994996548 -0.481475234032
    outer loop
      vertex 24.3584671021 11.3170843124 11.9615764618
      vertex 24.356760025 11.3388900757 11.979765892
      vertex 24.3759040833 11.3381671906 11.960943222
    endloop
  endfacet
  facet normal 0.938688397408 -0.327075988054 -0.109019950032
    outer loop
      vertex 24.4350643158 11.3153743744 11.9626846313
      vertex 24.4335975647 11.3367099762 11.9655866623
      vertex 24.4407711029 11.3184709549 11.9800949097
    endloop
  endfacet
  facet normal 0.919900417328 -0.388595491648 -0.0526947751641
    outer loop
      vertex 24.4407711029 11.3184709549 11.9800949097
      vertex 24.4335975647 11.3367099762 11.9655866623
      vertex 24.4393444061 11.338552475 11.9794406891
    endloop
  endfacet
  facet normal -0.143186017871 -0.988211870193 0.0541759803891
    outer loop
      vertex 24.356760025 11.3388900757 11.979765892
      vertex 24.3400173187 11.3609437943 11.9809827805
      vertex 24.3569278717 11.3595476151 11.9786090851
    endloop
  endfacet
  facet normal -0.607955753803 -0.792989373207 0.0394672974944
    outer loop
      vertex 24.3569278717 11.3595476151 11.9786090851
      vertex 24.3772411346 11.3575944901 11.9631328583
      vertex 24.356760025 11.3388900757 11.979765892
    endloop
  endfacet
  facet normal -0.692903339863 -0.709637343884 -0.127670645714
    outer loop
      vertex 24.3759040833 11.3381671906 11.960943222
      vertex 24.356760025 11.3388900757 11.979765892
      vertex 24.3772411346 11.3575944901 11.9631328583
    endloop
  endfacet
  facet normal 0.439386963844 -0.714166939259 -0.544889628887
    outer loop
      vertex 24.396736145 11.3388242722 11.9608058929
      vertex 24.3772411346 11.3575944901 11.9631328583
      vertex 24.3969287872 11.3602705002 11.9772872925
    endloop
  endfacet
  facet normal 0.0345077589154 -0.805979549885 -0.590936660767
    outer loop
      vertex 24.396736145 11.3388242722 11.9608058929
      vertex 24.4175510406 11.359375 11.976764679
      vertex 24.4171237946 11.3376636505 11.9608278275
    endloop
  endfacet
  facet normal 0.00636374345049 -0.792915940285 -0.609297811985
    outer loop
      vertex 24.3969287872 11.3602705002 11.9772872925
      vertex 24.4175510406 11.359375 11.976764679
      vertex 24.396736145 11.3388242722 11.9608058929
    endloop
  endfacet
  facet normal 0.200217738748 -0.815038144588 -0.543714702129
    outer loop
      vertex 24.4385547638 11.3572845459 11.9805297852
      vertex 24.4335975647 11.3367099762 11.9655866623
      vertex 24.4175510406 11.359375 11.976764679
    endloop
  endfacet
  facet normal 0.258551239967 -0.781145274639 -0.568298637867
    outer loop
      vertex 24.4171237946 11.3376636505 11.9608278275
      vertex 24.4175510406 11.359375 11.976764679
      vertex 24.4335975647 11.3367099762 11.9655866623
    endloop
  endfacet
  facet normal 0.919026315212 -0.389388024807 -0.0613804012537
    outer loop
      vertex 24.4335975647 11.3367099762 11.9655866623
      vertex 24.4385547638 11.3572845459 11.9805297852
      vertex 24.4393444061 11.338552475 11.9794406891
    endloop
  endfacet
  facet normal -0.135925158858 -0.99003303051 -0.0368638783693
    outer loop
      vertex 24.3569278717 11.3595476151 11.9786090851
      vertex 24.3400173187 11.3609437943 11.9809827805
      vertex 24.355922699 11.379532814 11.9794912338
    endloop
  endfacet
  facet normal -0.0685167238116 -0.997420310974 0.0214057527483
    outer loop
      vertex 24.355922699 11.379532814 11.9794912338
      vertex 24.3400173187 11.3609437943 11.9809827805
      vertex 24.3394031525 11.3798847198 11.9806184769
    endloop
  endfacet
  facet normal -0.497332185507 -0.71481603384 -0.491628706455
    outer loop
      vertex 24.3772411346 11.3575944901 11.9631328583
      vertex 24.3569278717 11.3595476151 11.9786090851
      vertex 24.3767776489 11.3798828125 11.9787845612
    endloop
  endfacet
  facet normal -0.0345451235771 -0.998506009579 -0.0423368737102
    outer loop
      vertex 24.3569278717 11.3595476151 11.9786090851
      vertex 24.355922699 11.379532814 11.9794912338
      vertex 24.3767776489 11.3798828125 11.9787845612
    endloop
  endfacet
  facet normal 0.451293468475 -0.725853264332 -0.519106149673
    outer loop
      vertex 24.3772411346 11.3575944901 11.9631328583
      vertex 24.3767776489 11.3798828125 11.9787845612
      vertex 24.3969287872 11.3602705002 11.9772872925
    endloop
  endfacet
  facet normal 0.023750603199 -0.994669735432 -0.100339338183
    outer loop
      vertex 24.3767776489 11.3798828125 11.9787845612
      vertex 24.3976612091 11.3795814514 11.9792528152
      vertex 24.3969287872 11.3602705002 11.9772872925
    endloop
  endfacet
  facet normal 0.00208012876101 -0.992251396179 -0.124229207635
    outer loop
      vertex 24.4176540375 11.381029129 11.979475975
      vertex 24.4175510406 11.359375 11.976764679
      vertex 24.3976612091 11.3795814514 11.9792528152
    endloop
  endfacet
  facet normal -0.0207746811211 -0.994565665722 -0.102017492056
    outer loop
      vertex 24.3969287872 11.3602705002 11.9772872925
      vertex 24.3976612091 11.3795814514 11.9792528152
      vertex 24.4175510406 11.359375 11.976764679
    endloop
  endfacet
  facet normal 0.1830855757 -0.980315387249 -0.0739010125399
    outer loop
      vertex 24.4385547638 11.3572845459 11.9805297852
      vertex 24.4175510406 11.359375 11.976764679
      vertex 24.437871933 11.3777751923 11.9819469452
    endloop
  endfacet
  facet normal 0.139783129096 -0.982592225075 -0.12236481905
    outer loop
      vertex 24.437871933 11.3777751923 11.9819469452
      vertex 24.4175510406 11.359375 11.976764679
      vertex 24.4176540375 11.381029129 11.979475975
    endloop
  endfacet
  facet normal -0.0648261159658 -0.989748001099 -0.12726546824
    outer loop
      vertex 24.3394031525 11.3798847198 11.9806184769
      vertex 24.3573532104 11.3998565674 11.9820108414
      vertex 24.355922699 11.379532814 11.9794912338
    endloop
  endfacet
  facet normal -0.132390826941 -0.990704059601 -0.0312747769058
    outer loop
      vertex 24.3767776489 11.4010601044 11.9794530869
      vertex 24.3767776489 11.3798828125 11.9787845612
      vertex 24.3573532104 11.3998565674 11.9820108414
    endloop
  endfacet
  facet normal -0.0357008688152 -0.991460204124 -0.125427722931
    outer loop
      vertex 24.355922699 11.379532814 11.9794912338
      vertex 24.3573532104 11.3998565674 11.9820108414
      vertex 24.3767776489 11.3798828125 11.9787845612
    endloop
  endfacet
  facet normal -0.00268951500766 -0.999498486519 -0.03155240044
    outer loop
      vertex 24.3767776489 11.4010601044 11.9794530869
      vertex 24.3973999023 11.4005823135 11.979382515
      vertex 24.3767776489 11.3798828125 11.9787845612
    endloop
  endfacet
  facet normal 0.022509155795 -0.999725818634 -0.00645433040336
    outer loop
      vertex 24.3976612091 11.3795814514 11.9792528152
      vertex 24.3767776489 11.3798828125 11.9787845612
      vertex 24.3973999023 11.4005823135 11.979382515
    endloop
  endfacet
  facet normal 0.00880574062467 -0.999951779842 -0.00434183701873
    outer loop
      vertex 24.4176826477 11.4007377625 11.9795618057
      vertex 24.4176540375 11.381029129 11.979475975
      vertex 24.3973999023 11.4005823135 11.979382515
    endloop
  endfacet
  facet normal 0.0107043664902 -0.999922811985 -0.00630866456777
    outer loop
      vertex 24.3976612091 11.3795814514 11.9792528152
      vertex 24.3973999023 11.4005823135 11.979382515
      vertex 24.4176540375 11.381029129 11.979475975
    endloop
  endfacet
  facet normal 0.131543859839 -0.989095270634 -0.0662330091
    outer loop
      vertex 24.437871933 11.3777751923 11.9819469452
      vertex 24.4176540375 11.381029129 11.979475975
      vertex 24.4367141724 11.3994007111 11.9832410812
    endloop
  endfacet
  facet normal 0.190080285072 -0.981760382652 -0.00399946700782
    outer loop
      vertex 24.4367141724 11.3994007111 11.9832410812
      vertex 24.4176540375 11.381029129 11.979475975
      vertex 24.4176826477 11.4007377625 11.9795618057
    endloop
  endfacet
  facet normal -0.0917622447014 -0.995780944824 0.000164444179973
    outer loop
      vertex 24.3769683838 11.4217119217 11.979432106
      vertex 24.3767776489 11.4010601044 11.9794530869
      vertex 24.3593330383 11.422003746 11.9810571671
    endloop
  endfacet
  facet normal -0.128587007523 -0.991207718849 0.0311872046441
    outer loop
      vertex 24.3573532104 11.3998565674 11.9820108414
      vertex 24.3593330383 11.422003746 11.9810571671
      vertex 24.3767776489 11.4010601044 11.9794530869
    endloop
  endfacet
  facet normal -0.00104594556615 -0.999998927116 0.00100655958522
    outer loop
      vertex 24.3769683838 11.4217119217 11.979432106
      vertex 24.3972320557 11.4214992523 11.9794111252
      vertex 24.3767776489 11.4010601044 11.9794530869
    endloop
  endfacet
  facet normal -0.00339117832482 -0.99999332428 -0.00134043558501
    outer loop
      vertex 24.3973999023 11.4005823135 11.979382515
      vertex 24.3767776489 11.4010601044 11.9794530869
      vertex 24.3972320557 11.4214992523 11.9794111252
    endloop
  endfacet
  facet normal 0.0365701057017 -0.999329686165 -0.00166019506287
    outer loop
      vertex 24.3972320557 11.4214992523 11.9794111252
      vertex 24.4176311493 11.4204893112 11.9801559448
      vertex 24.3973999023 11.4005823135 11.979382515
    endloop
  endfacet
  facet normal 0.00860451627523 -0.999510228634 -0.030088307336
    outer loop
      vertex 24.4176826477 11.4007377625 11.9795618057
      vertex 24.3973999023 11.4005823135 11.979382515
      vertex 24.4176311493 11.4204893112 11.9801559448
    endloop
  endfacet
  facet normal 0.191757336259 -0.980983495712 -0.030008547008
    outer loop
      vertex 24.4176311493 11.4204893112 11.9801559448
      vertex 24.4367141724 11.3994007111 11.9832410812
      vertex 24.4176826477 11.4007377625 11.9795618057
    endloop
  endfacet
  facet normal -0.0916704311967 -0.995775043964 -0.00535086868331
    outer loop
      vertex 24.3769683838 11.4217119217 11.979432106
      vertex 24.3593330383 11.422003746 11.9810571671
      vertex 24.3765792847 11.4420223236 11.9795770645
    endloop
  endfacet
  facet normal -0.160549297929 -0.984852194786 -0.0654984414577
    outer loop
      vertex 24.3765792847 11.4420223236 11.9795770645
      vertex 24.3593330383 11.422003746 11.9810571671
      vertex 24.3577079773 11.4420824051 11.9826574326
    endloop
  endfacet
  facet normal -0.00174881762359 -0.999973237514 -0.0071035111323
    outer loop
      vertex 24.3765792847 11.4420223236 11.9795770645
      vertex 24.3969745636 11.4424791336 11.9795446396
      vertex 24.3769683838 11.4217119217 11.979432106
    endloop
  endfacet
  facet normal -0.000968696549535 -0.999979376793 -0.00635201158002
    outer loop
      vertex 24.3972320557 11.4214992523 11.9794111252
      vertex 24.3769683838 11.4217119217 11.979432106
      vertex 24.3969745636 11.4424791336 11.9795446396
    endloop
  endfacet
  facet normal 0.0384840667248 -0.998418092728 -0.0409912392497
    outer loop
      vertex 24.4176311493 11.4204893112 11.9801559448
      vertex 24.3972320557 11.4214992523 11.9794111252
      vertex 24.4175319672 11.4409770966 11.9809932709
    endloop
  endfacet
  facet normal 0.070816129446 -0.997463285923 -0.00721703609452
    outer loop
      vertex 24.4175319672 11.4409770966 11.9809932709
      vertex 24.3972320557 11.4214992523 11.9794111252
      vertex 24.3969745636 11.4424791336 11.9795446396
    endloop
  endfacet
  facet normal -0.160335481167 -0.983823239803 -0.0799023061991
    outer loop
      vertex 24.3577079773 11.4420824051 11.9826574326
      vertex 24.3770580292 11.4618883133 11.9811124802
      vertex 24.3765792847 11.4420223236 11.9795770645
    endloop
  endfacet
  facet normal -0.0201150421053 -0.997997164726 -0.0599756501615
    outer loop
      vertex 24.3972053528 11.4631071091 11.9807796478
      vertex 24.3969745636 11.4424791336 11.9795446396
      vertex 24.3770580292 11.4618883133 11.9811124802
    endloop
  endfacet
  facet normal -0.00331273069605 -0.997014939785 -0.0771378278732
    outer loop
      vertex 24.3765792847 11.4420223236 11.9795770645
      vertex 24.3770580292 11.4618883133 11.9811124802
      vertex 24.3969745636 11.4424791336 11.9795446396
    endloop
  endfacet
  facet normal 0.0730610266328 -0.996572434902 -0.0388006716967
    outer loop
      vertex 24.4175319672 11.4409770966 11.9809932709
      vertex 24.3969745636 11.4424791336 11.9795446396
      vertex 24.4173603058 11.4616308212 11.9817848206
    endloop
  endfacet
  facet normal 0.054039105773 -0.996789872646 -0.0590737238526
    outer loop
      vertex 24.4173603058 11.4616308212 11.9817848206
      vertex 24.3969745636 11.4424791336 11.9795446396
      vertex 24.3972053528 11.4631071091 11.9807796478
    endloop
  endfacet
  facet normal -0.105875015259 0.983351528645 0.147683054209
    outer loop
      vertex 24.3786201477 10.9238452911 11.9773244858
      vertex 24.3982429504 10.9037132263 11.9764137268
      vertex 24.3971843719 10.9235286713 11.9792757034
    endloop
  endfacet
  facet normal -0.0458065159619 0.996188282967 0.0742341652513
    outer loop
      vertex 24.417924881 10.9640016556 11.9802684784
      vertex 24.4163837433 10.9854164124 11.9817934036
      vertex 24.3972759247 10.9649562836 11.9793901443
    endloop
  endfacet
  facet normal 0.0104043185711 0.998950362206 0.0446091853082
    outer loop
      vertex 24.417924881 10.9640016556 11.9802684784
      vertex 24.4182929993 10.943564415 11.9793519974
      vertex 24.4374752045 10.9454755783 11.9792375565
    endloop
  endfacet
  facet normal -0.492093205452 0.669399857521 0.556550145149
    outer loop
      vertex 24.4368228912 10.9657850266 11.9956436157
      vertex 24.417924881 10.9640016556 11.9802684784
      vertex 24.4374752045 10.9454755783 11.9792375565
    endloop
  endfacet
  facet normal -0.0427480898798 0.999071121216 0.00542932143435
    outer loop
      vertex 24.417924881 10.9640016556 11.9802684784
      vertex 24.3972759247 10.9649562836 11.9793901443
      vertex 24.3979415894 10.9435710907 11.9793024063
    endloop
  endfacet
  facet normal -0.0819511637092 0.996442735195 0.0196428671479
    outer loop
      vertex 24.3784618378 10.945066452 11.9777297974
      vertex 24.3786201477 10.9238452911 11.9773244858
      vertex 24.3979415894 10.9435710907 11.9793024063
    endloop
  endfacet
  facet normal -0.104485727847 0.994522929192 -0.00262226443738
    outer loop
      vertex 24.3971843719 10.9235286713 11.9792757034
      vertex 24.3979415894 10.9435710907 11.9793024063
      vertex 24.3786201477 10.9238452911 11.9773244858
    endloop
  endfacet
  facet normal -0.00244885520078 0.998991072178 0.0448425263166
    outer loop
      vertex 24.4182929993 10.943564415 11.9793519974
      vertex 24.417924881 10.9640016556 11.9802684784
      vertex 24.3979415894 10.9435710907 11.9793024063
    endloop
  endfacet
  facet normal 0.014156145975 0.996497750282 0.08241225034
    outer loop
      vertex 24.4374752045 10.9454755783 11.9792375565
      vertex 24.4182929993 10.943564415 11.9793519974
      vertex 24.4372673035 10.9243488312 11.9774932861
    endloop
  endfacet
  facet normal 0.0827976837754 0.996459007263 0.014628842473
    outer loop
      vertex 24.416185379 10.92345047 11.9792318344
      vertex 24.4372673035 10.9243488312 11.9774932861
      vertex 24.4182929993 10.943564415 11.9793519974
    endloop
  endfacet
  facet normal -0.00243841251358 0.999980688095 0.00571848032996
    outer loop
      vertex 24.4182929993 10.943564415 11.9793519974
      vertex 24.3979415894 10.9435710907 11.9793024063
      vertex 24.416185379 10.92345047 11.9792318344
    endloop
  endfacet
  facet normal -0.0809709653258 0.996694564819 0.0066093490459
    outer loop
      vertex 24.3979415894 10.9435710907 11.9793024063
      vertex 24.3972759247 10.9649562836 11.9793901443
      vertex 24.3784618378 10.945066452 11.9777297974
    endloop
  endfacet
  facet normal -0.112901858985 0.99331921339 -0.0238762684166
    outer loop
      vertex 24.3972759247 10.9649562836 11.9793901443
      vertex 24.3788433075 10.966588974 11.9772558212
      vertex 24.3784618378 10.945066452 11.9777297974
    endloop
  endfacet
  facet normal 0.00230278773233 0.999996364117 0.00141958217137
    outer loop
      vertex 24.3971843719 10.9235286713 11.9792757034
      vertex 24.416185379 10.92345047 11.9792318344
      vertex 24.3979415894 10.9435710907 11.9793024063
    endloop
  endfacet
  facet normal 0.0863608047366 0.990113735199 0.110528990626
    outer loop
      vertex 24.4372673035 10.9243488312 11.9774932861
      vertex 24.416185379 10.92345047 11.9792318344
      vertex 24.4202060699 10.9028511047 11.9765815735
    endloop
  endfacet
  facet normal 0.0795074552298 0.991274058819 0.105139181018
    outer loop
      vertex 24.4395446777 10.9041318893 11.9751663208
      vertex 24.4372673035 10.9243488312 11.9774932861
      vertex 24.4202060699 10.9028511047 11.9765815735
    endloop
  endfacet
  facet normal 0.00169722782448 0.989741563797 0.142859265208
    outer loop
      vertex 24.416185379 10.92345047 11.9792318344
      vertex 24.3971843719 10.9235286713 11.9792757034
      vertex 24.3982429504 10.9037132263 11.9764137268
    endloop
  endfacet
  facet normal 0.61460930109 0.782562792301 0.0992514193058
    outer loop
      vertex 24.4731388092 11.6901054382 12.137928009
      vertex 24.4637565613 11.7023878098 12.1468544006
      vertex 24.4524173737 11.6713991165 12.1518297195
    endloop
  endfacet
  facet normal 0.506110548973 0.8589605093 -0.0777107030153
    outer loop
      vertex 24.4745044708 11.6707754135 12.1388721466
      vertex 24.4731388092 11.6901054382 12.137928009
      vertex 24.4524173737 11.6713991165 12.1518297195
    endloop
  endfacet
  facet normal -0.119230262935 0.991617143154 0.0497950948775
    outer loop
      vertex 24.3972759247 10.9649562836 11.9793901443
      vertex 24.3956050873 10.98574543 11.9802331924
      vertex 24.3788433075 10.966588974 11.9772558212
    endloop
  endfacet
  facet normal -0.14208304882 0.989416360855 0.0294569656253
    outer loop
      vertex 24.3956050873 10.98574543 11.9802331924
      vertex 24.376991272 10.9872779846 11.9776058197
      vertex 24.3788433075 10.966588974 11.9772558212
    endloop
  endfacet
  facet normal -0.0126808034256 0.991429030895 0.130029648542
    outer loop
      vertex 24.4202060699 10.9028511047 11.9765815735
      vertex 24.416185379 10.92345047 11.9792318344
      vertex 24.3982429504 10.9037132263 11.9764137268
    endloop
  endfacet
  facet normal 0.999156236649 -0.0400864928961 0.00893633440137
    outer loop
      vertex 24.460193634 11.0470933914 11.9586877823
      vertex 24.4610099792 11.0479822159 11.9788370132
      vertex 24.4608287811 11.0268630981 11.9790287018
    endloop
  endfacet
  facet normal 0.808474600315 0.402134865522 -0.429716587067
    outer loop
      vertex 24.4719657898 11.0251512527 11.9584674835
      vertex 24.460193634 11.0470933914 11.9586877823
      vertex 24.4608287811 11.0268630981 11.9790287018
    endloop
  endfacet
  facet normal 0.878666579723 0.468114495277 -0.093882188201
    outer loop
      vertex 24.4719657898 11.0251512527 11.9584674835
      vertex 24.4608287811 11.0268630981 11.9790287018
      vertex 24.4728832245 11.0080862045 11.9601678848
    endloop
  endfacet
  facet normal 0.441570103168 0.827909588814 0.345805644989
    outer loop
      vertex 24.4754524231 11.5264949799 12.1191539764
      vertex 24.4384918213 11.5252695084 12.1383552551
      vertex 24.4581203461 11.5048494339 12.1193571091
    endloop
  endfacet
  facet normal 0.655777096748 0.629103660583 0.417354732752
    outer loop
      vertex 24.4171237946 11.6716718674 12.1760549545
      vertex 24.4212627411 11.6526231766 12.1591033936
      vertex 24.436170578 11.6803283691 12.1619434357
    endloop
  endfacet
  facet normal 0.36680290103 0.713552713394 0.596907198429
    outer loop
      vertex 24.4752140045 11.5879259109 12.137761116
      vertex 24.4396266937 11.5670251846 12.1385707855
      vertex 24.4761562347 11.5669946671 12.119767189
    endloop
  endfacet
  facet normal -0.21869148314 0.963698148727 0.15316618979
    outer loop
      vertex 24.3610668182 11.0077228546 11.9772415161
      vertex 24.376991272 10.9872779846 11.9776058197
      vertex 24.3767471313 11.0063657761 11.9805841446
    endloop
  endfacet
  facet normal -0.490240335464 0.739734649658 0.460930675268
    outer loop
      vertex 24.3984050751 11.0077409744 11.9957942963
      vertex 24.3767471313 11.0063657761 11.9805841446
      vertex 24.3956050873 10.98574543 11.9802331924
    endloop
  endfacet
  facet normal -0.150536775589 0.976490199566 0.1542904526
    outer loop
      vertex 24.3767471313 11.0063657761 11.9805841446
      vertex 24.376991272 10.9872779846 11.9776058197
      vertex 24.3956050873 10.98574543 11.9802331924
    endloop
  endfacet
  facet normal 0.79058778286 0.60422950983 0.0993863195181
    outer loop
      vertex 24.458278656 11.0053310394 11.9788236618
      vertex 24.4728832245 11.0080862045 11.9601678848
      vertex 24.4608287811 11.0268630981 11.9790287018
    endloop
  endfacet
  facet normal 0.709522008896 0.479133069515 0.516730070114
    outer loop
      vertex 24.4728832245 11.0080862045 11.9601678848
      vertex 24.458278656 11.0053310394 11.9788236618
      vertex 24.4583816528 10.9873552322 11.9592847824
    endloop
  endfacet
  facet normal 0.679226815701 0.498847663403 0.538332521915
    outer loop
      vertex 24.4583816528 10.9873552322 11.9592847824
      vertex 24.458278656 11.0053310394 11.9788236618
      vertex 24.4411888123 10.9845504761 11.9796676636
    endloop
  endfacet
  facet normal 0.663516938686 0.66067558527 0.351074069738
    outer loop
      vertex 24.4527797699 11.7097988129 12.1609230042
      vertex 24.4372673035 11.7116384506 12.177479744
      vertex 24.436170578 11.6803283691 12.1619434357
    endloop
  endfacet
  facet normal 0.469070464373 0.883107125759 -0.00973155349493
    outer loop
      vertex 24.4754524231 11.5264949799 12.1191539764
      vertex 24.4755821228 11.5468988419 12.1188602448
      vertex 24.4388847351 11.5460338593 12.1383619308
    endloop
  endfacet
  facet normal 0.746675670147 0.126739293337 0.653002798557
    outer loop
      vertex 24.458278656 11.0053310394 11.9788236618
      vertex 24.4573116302 11.007818222 11.997335434
      vertex 24.4484119415 10.9960803986 11.9892902374
    endloop
  endfacet
  facet normal -0.63870793581 0.62569051981 0.447843253613
    outer loop
      vertex 24.3778209686 11.0279140472 11.9971036911
      vertex 24.3602256775 11.0269851685 11.978477478
      vertex 24.3767471313 11.0063657761 11.9805841446
    endloop
  endfacet
  facet normal -0.213894680142 0.974210739136 0.0718503370881
    outer loop
      vertex 24.3602256775 11.0269851685 11.978477478
      vertex 24.3610668182 11.0077228546 11.9772415161
      vertex 24.3767471313 11.0063657761 11.9805841446
    endloop
  endfacet
  facet normal -0.467321515083 0.712721586227 0.523104727268
    outer loop
      vertex 24.3984050751 11.0077409744 11.9957942963
      vertex 24.3778209686 11.0279140472 11.9971036911
      vertex 24.3767471313 11.0063657761 11.9805841446
    endloop
  endfacet
  facet normal 0.767325699329 0.636449575424 0.0783788412809
    outer loop
      vertex 24.4583816528 10.9873552322 11.9592847824
      vertex 24.4411888123 10.9845504761 11.9796676636
      vertex 24.4564342499 10.9664936066 11.95906353
    endloop
  endfacet
  facet normal 0.762386202812 0.641126573086 0.0878860205412
    outer loop
      vertex 24.4395828247 10.9644203186 11.9788179398
      vertex 24.4564342499 10.9664936066 11.95906353
      vertex 24.4411888123 10.9845504761 11.9796676636
    endloop
  endfacet
  facet normal -0.726744890213 0.686871528625 0.00702553289011
    outer loop
      vertex 24.3602256775 11.0269851685 11.978477478
      vertex 24.3778209686 11.0279140472 11.9971036911
      vertex 24.360622406 11.0485095978 11.9791173935
    endloop
  endfacet
  facet normal -0.699456572533 0.713604271412 -0.0391078554094
    outer loop
      vertex 24.37981987 11.0506658554 11.9978160858
      vertex 24.360622406 11.0485095978 11.9791173935
      vertex 24.3778209686 11.0279140472 11.9971036911
    endloop
  endfacet
  facet normal 0.76220870018 0.646220326424 0.0379097945988
    outer loop
      vertex 24.4564342499 10.9664936066 11.95906353
      vertex 24.4395828247 10.9644203186 11.9788179398
      vertex 24.4552192688 10.9444551468 11.9592037201
    endloop
  endfacet
  facet normal 0.745121896267 0.663431942463 0.0682010352612
    outer loop
      vertex 24.4374752045 10.9454755783 11.9792375565
      vertex 24.4552192688 10.9444551468 11.9592037201
      vertex 24.4395828247 10.9644203186 11.9788179398
    endloop
  endfacet
  facet normal -0.68486148119 0.670130431652 -0.286164164543
    outer loop
      vertex 24.37981987 11.0506658554 11.9978160858
      vertex 24.3739776611 11.0688142776 11.9840955734
      vertex 24.360622406 11.0485095978 11.9791173935
    endloop
  endfacet
  facet normal -0.409707993269 0.911050260067 -0.0461166277528
    outer loop
      vertex 24.3739776611 11.0688142776 11.9840955734
      vertex 24.3592700958 11.0691642761 11.9774637222
      vertex 24.360622406 11.0485095978 11.9791173935
    endloop
  endfacet
  facet normal -0.600071787834 0.719085872173 -0.350470155478
    outer loop
      vertex 24.37981987 11.0506658554 11.9978160858
      vertex 24.3941898346 11.0695524216 12.0006027222
      vertex 24.3739776611 11.0688142776 11.9840955734
    endloop
  endfacet
  facet normal 0.800983786583 -0.596895694733 0.0462654158473
    outer loop
      vertex 24.476146698 11.0503063202 11.9995698929
      vertex 24.4631958008 11.0688333511 11.9807548523
      vertex 24.478094101 11.0708684921 12.0005893707
    endloop
  endfacet
  facet normal 0.808912992477 -0.587121248245 0.0307962987572
    outer loop
      vertex 24.4610099792 11.0479822159 11.9788370132
      vertex 24.4631958008 11.0688333511 11.9807548523
      vertex 24.476146698 11.0503063202 11.9995698929
    endloop
  endfacet
  facet normal -0.679933905602 0.664108335972 0.310885757208
    outer loop
      vertex 24.3779964447 11.0903835297 11.9983072281
      vertex 24.3601932526 11.0880241394 11.978975296
      vertex 24.3739776611 11.0688142776 11.9840955734
    endloop
  endfacet
  facet normal -0.411528110504 0.909867525101 0.0527801625431
    outer loop
      vertex 24.3601932526 11.0880241394 11.978975296
      vertex 24.3592700958 11.0691642761 11.9774637222
      vertex 24.3739776611 11.0688142776 11.9840955734
    endloop
  endfacet
  facet normal -0.579402208328 0.726012170315 0.370404362679
    outer loop
      vertex 24.3941898346 11.0695524216 12.0006027222
      vertex 24.3779964447 11.0903835297 11.9983072281
      vertex 24.3739776611 11.0688142776 11.9840955734
    endloop
  endfacet
  facet normal 0.776975035667 -0.624073088169 0.0827198028564
    outer loop
      vertex 24.4624538422 11.089507103 11.9770908356
      vertex 24.4780654907 11.0894765854 11.9965314865
      vertex 24.4631958008 11.0688333511 11.9807548523
    endloop
  endfacet
  facet normal 0.799313127995 -0.587371349335 0.126859799027
    outer loop
      vertex 24.478094101 11.0708684921 12.0005893707
      vertex 24.4631958008 11.0688333511 11.9807548523
      vertex 24.4780654907 11.0894765854 11.9965314865
    endloop
  endfacet
  facet normal 0.503939211369 -0.844067215919 0.18329179287
    outer loop
      vertex 24.4877948761 11.0896081924 12.0023117065
      vertex 24.478094101 11.0708684921 12.0005893707
      vertex 24.4780654907 11.0894765854 11.9965314865
    endloop
  endfacet
  facet normal -0.738077759743 0.669283628464 -0.0854435861111
    outer loop
      vertex 24.3601932526 11.0880241394 11.978975296
      vertex 24.3779964447 11.0903835297 11.9983072281
      vertex 24.3617630005 11.1091213226 11.9780130386
    endloop
  endfacet
  facet normal -0.808877050877 0.584002375603 0.068258009851
    outer loop
      vertex 24.376909256 11.111410141 11.9992589951
      vertex 24.3617630005 11.1091213226 11.9780130386
      vertex 24.3779964447 11.0903835297 11.9983072281
    endloop
  endfacet
  facet normal 0.793783664703 -0.599468767643 -0.102687038481
    outer loop
      vertex 24.4780654907 11.0894765854 11.9965314865
      vertex 24.4631843567 11.110203743 11.9803771973
      vertex 24.4791088104 11.1089868546 12.0012550354
    endloop
  endfacet
  facet normal 0.777758598328 -0.624459803104 -0.0717043057084
    outer loop
      vertex 24.4624538422 11.089507103 11.9770908356
      vertex 24.4631843567 11.110203743 11.9803771973
      vertex 24.4780654907 11.0894765854 11.9965314865
    endloop
  endfacet
  facet normal 0.500794172287 -0.847006261349 -0.17828501761
    outer loop
      vertex 24.4791088104 11.1089868546 12.0012550354
      vertex 24.4877948761 11.0896081924 12.0023117065
      vertex 24.4780654907 11.0894765854 11.9965314865
    endloop
  endfacet
  facet normal -0.807273983955 0.58438873291 0.0824533775449
    outer loop
      vertex 24.3617630005 11.1091213226 11.9780130386
      vertex 24.376909256 11.111410141 11.9992589951
      vertex 24.3608798981 11.1318874359 11.9800052643
    endloop
  endfacet
  facet normal -0.773155272007 0.634153544903 0.00895451009274
    outer loop
      vertex 24.3771209717 11.131357193 11.9997987747
      vertex 24.3608798981 11.1318874359 11.9800052643
      vertex 24.376909256 11.111410141 11.9992589951
    endloop
  endfacet
  facet normal 0.858687520027 -0.511702358723 0.028573833406
    outer loop
      vertex 24.4620800018 11.1309671402 11.9773645401
      vertex 24.4751529694 11.131690979 11.9992618561
      vertex 24.4631843567 11.110203743 11.9803771973
    endloop
  endfacet
  facet normal 0.794587910175 -0.601073682308 -0.0856767222285
    outer loop
      vertex 24.4791088104 11.1089868546 12.0012550354
      vertex 24.4631843567 11.110203743 11.9803771973
      vertex 24.4751529694 11.131690979 11.9992618561
    endloop
  endfacet
  facet normal -0.772717773914 0.632653772831 0.0515404604375
    outer loop
      vertex 24.3756752014 11.1516046524 11.9996824265
      vertex 24.3608798981 11.1318874359 11.9800052643
      vertex 24.3771209717 11.131357193 11.9997987747
    endloop
  endfacet
  facet normal -0.742529332638 0.661802709103 0.103282891214
    outer loop
      vertex 24.3582801819 11.1530218124 11.980386734
      vertex 24.3608798981 11.1318874359 11.9800052643
      vertex 24.3756752014 11.1516046524 11.9996824265
    endloop
  endfacet
  facet normal 0.855994045734 -0.513123810291 -0.0630721598864
    outer loop
      vertex 24.4620800018 11.1309671402 11.9773645401
      vertex 24.4619140625 11.150885582 11.9795360565
      vertex 24.4751529694 11.131690979 11.9992618561
    endloop
  endfacet
  facet normal 0.834164559841 -0.551448106766 -0.00863094907254
    outer loop
      vertex 24.475522995 11.1532659531 12.0001592636
      vertex 24.4751529694 11.131690979 11.9992618561
      vertex 24.4619140625 11.150885582 11.9795360565
    endloop
  endfacet
  facet normal -0.981236279011 0.189641296864 0.0348072163761
    outer loop
      vertex 24.3582801819 11.1530218124 11.980386734
      vertex 24.3607158661 11.1725387573 11.9965715408
      vertex 24.3572025299 11.1724796295 11.9783821106
    endloop
  endfacet
  facet normal -0.693137228489 0.594977140427 0.406894385815
    outer loop
      vertex 24.3756752014 11.1516046524 11.9996824265
      vertex 24.3607158661 11.1725387573 11.9965715408
      vertex 24.3582801819 11.1530218124 11.980386734
    endloop
  endfacet
  facet normal 0.876829981804 -0.479422599077 -0.0363755151629
    outer loop
      vertex 24.475522995 11.1532659531 12.0001592636
      vertex 24.4626941681 11.1717395782 11.9780979156
      vertex 24.474401474 11.1761522293 11.9998445511
    endloop
  endfacet
  facet normal 0.836308300495 -0.543926179409 0.0687948763371
    outer loop
      vertex 24.4619140625 11.150885582 11.9795360565
      vertex 24.4626941681 11.1717395782 11.9780979156
      vertex 24.475522995 11.1532659531 12.0001592636
    endloop
  endfacet
  facet normal -0.981832027435 0.189620271325 -0.0070686689578
    outer loop
      vertex 24.3607158661 11.1725387573 11.9965715408
      vertex 24.3575153351 11.1931848526 11.9792299271
      vertex 24.3572025299 11.1724796295 11.9783821106
    endloop
  endfacet
  facet normal -0.746163129807 0.562225997448 -0.356570482254
    outer loop
      vertex 24.3607158661 11.1725387573 11.9965715408
      vertex 24.3730220795 11.193441391 11.9996471405
      vertex 24.3575153351 11.1931848526 11.9792299271
    endloop
  endfacet
  facet normal 0.880612075329 -0.473836392164 0.00118908600416
    outer loop
      vertex 24.4626941681 11.1717395782 11.9780979156
      vertex 24.4644050598 11.1953420639 11.981218338
      vertex 24.474401474 11.1761522293 11.9998445511
    endloop
  endfacet
  facet normal 0.86582660675 -0.499219447374 0.033528726548
    outer loop
      vertex 24.4752922058 11.1933889389 12.0002317429
      vertex 24.474401474 11.1761522293 11.9998445511
      vertex 24.4644050598 11.1953420639 11.981218338
    endloop
  endfacet
  facet normal -0.796346962452 0.604611694813 -0.0166193246841
    outer loop
      vertex 24.3575153351 11.1931848526 11.9792299271
      vertex 24.3730220795 11.193441391 11.9996471405
      vertex 24.3586978912 11.2141485214 11.9802112579
    endloop
  endfacet
  facet normal -0.7575314641 0.6474173069 -0.0836476534605
    outer loop
      vertex 24.3762302399 11.2138738632 12.0007610321
      vertex 24.3586978912 11.2141485214 11.9802112579
      vertex 24.3730220795 11.193441391 11.9996471405
    endloop
  endfacet
  facet normal 0.841565310955 -0.519324600697 -0.148559078574
    outer loop
      vertex 24.4593982697 11.218214035 11.9796476364
      vertex 24.4739246368 11.2126550674 12.0015974045
      vertex 24.4644050598 11.1953420639 11.981218338
    endloop
  endfacet
  facet normal 0.868010163307 -0.487149327993 -0.0961449965835
    outer loop
      vertex 24.4752922058 11.1933889389 12.0002317429
      vertex 24.4644050598 11.1953420639 11.981218338
      vertex 24.4739246368 11.2126550674 12.0015974045
    endloop
  endfacet
  facet normal -0.760774493217 0.648993551731 0.00543160084635
    outer loop
      vertex 24.3747425079 11.2341213226 11.9991865158
      vertex 24.3586978912 11.2141485214 11.9802112579
      vertex 24.3762302399 11.2138738632 12.0007610321
    endloop
  endfacet
  facet normal -0.784843206406 0.618188917637 -0.0431695096195
    outer loop
      vertex 24.3585700989 11.2351779938 11.9785804749
      vertex 24.3586978912 11.2141485214 11.9802112579
      vertex 24.3747425079 11.2341213226 11.9991865158
    endloop
  endfacet
  facet normal 0.811092674732 -0.421724796295 -0.405310899019
    outer loop
      vertex 24.4593982697 11.218214035 11.9796476364
      vertex 24.4482650757 11.2397689819 11.9789514542
      vertex 24.4608535767 11.2338199615 11.9974451065
    endloop
  endfacet
  facet normal 0.80419254303 -0.42768278718 -0.412749022245
    outer loop
      vertex 24.4593982697 11.218214035 11.9796476364
      vertex 24.4608535767 11.2338199615 11.9974451065
      vertex 24.4739246368 11.2126550674 12.0015974045
    endloop
  endfacet
  facet normal -0.776910841465 0.626616477966 0.0613298900425
    outer loop
      vertex 24.3574485779 11.2564201355 11.9792690277
      vertex 24.3585700989 11.2351779938 11.9785804749
      vertex 24.3745517731 11.2548856735 12.0003242493
    endloop
  endfacet
  facet normal -0.787011802197 0.615576803684 0.0409584157169
    outer loop
      vertex 24.3747425079 11.2341213226 11.9991865158
      vertex 24.3745517731 11.2548856735 12.0003242493
      vertex 24.3585700989 11.2351779938 11.9785804749
    endloop
  endfacet
  facet normal 0.854484081268 -0.517796933651 -0.0417531169951
    outer loop
      vertex 24.4464111328 11.2586097717 11.9774112701
      vertex 24.459186554 11.254535675 11.9981651306
      vertex 24.4482650757 11.2397689819 11.9789514542
    endloop
  endfacet
  facet normal 0.836257457733 -0.54153239727 -0.0861169993877
    outer loop
      vertex 24.4608535767 11.2338199615 11.9974451065
      vertex 24.4482650757 11.2397689819 11.9789514542
      vertex 24.459186554 11.254535675 11.9981651306
    endloop
  endfacet
  facet normal -0.985577523708 0.163676783442 0.0429744012654
    outer loop
      vertex 24.3574485779 11.2564201355 11.9792690277
      vertex 24.3595867157 11.2762479782 11.9973497391
      vertex 24.3565235138 11.2765932083 11.9789953232
    endloop
  endfacet
  facet normal -0.717288076878 0.55163192749 0.425675988197
    outer loop
      vertex 24.3745517731 11.2548856735 12.0003242493
      vertex 24.3595867157 11.2762479782 11.9973497391
      vertex 24.3574485779 11.2564201355 11.9792690277
    endloop
  endfacet
  facet normal 0.835955023766 -0.536899328232 0.113659061491
    outer loop
      vertex 24.4464111328 11.2586097717 11.9774112701
      vertex 24.4534854889 11.2763586044 11.9846687317
      vertex 24.459186554 11.254535675 11.9981651306
    endloop
  endfacet
  facet normal 0.886800348759 -0.459182560444 0.0523121953011
    outer loop
      vertex 24.459186554 11.254535675 11.9981651306
      vertex 24.4534854889 11.2763586044 11.9846687317
      vertex 24.4623985291 11.2761287689 12.0019083023
    endloop
  endfacet
  facet normal -0.985965847969 0.165025055408 -0.0252595357597
    outer loop
      vertex 24.3595867157 11.2762479782 11.9973497391
      vertex 24.3572101593 11.297457695 11.9799041748
      vertex 24.3565235138 11.2765932083 11.9789953232
    endloop
  endfacet
  facet normal -0.720437526703 0.573048174381 -0.390622019768
    outer loop
      vertex 24.3595867157 11.2762479782 11.9973497391
      vertex 24.3738327026 11.2969722748 12.0011329651
      vertex 24.3572101593 11.297457695 11.9799041748
    endloop
  endfacet
  facet normal 0.76001983881 -0.610905945301 -0.221728980541
    outer loop
      vertex 24.4534854889 11.2763586044 11.9846687317
      vertex 24.4415740967 11.2969760895 11.9773330688
      vertex 24.4570598602 11.296875 11.9965620041
    endloop
  endfacet
  facet normal 0.883506417274 -0.455315321684 -0.110019855201
    outer loop
      vertex 24.4534854889 11.2763586044 11.9846687317
      vertex 24.4570598602 11.296875 11.9965620041
      vertex 24.4623985291 11.2761287689 12.0019083023
    endloop
  endfacet
  facet normal -0.993166208267 0.111986257136 0.0328634791076
    outer loop
      vertex 24.3572101593 11.297457695 11.9799041748
      vertex 24.3586101532 11.3184375763 11.9984769821
      vertex 24.3564834595 11.3177585602 11.9794168472
    endloop
  endfacet
  facet normal -0.712768912315 0.548104047775 0.437655597925
    outer loop
      vertex 24.3738327026 11.2969722748 12.0011329651
      vertex 24.3586101532 11.3184375763 11.9984769821
      vertex 24.3572101593 11.297457695 11.9799041748
    endloop
  endfacet
  facet normal 0.773715734482 -0.624344468117 -0.10750760138
    outer loop
      vertex 24.4570598602 11.296875 11.9965620041
      vertex 24.4407711029 11.3184709549 11.9800949097
      vertex 24.460187912 11.3177175522 12.0040273666
    endloop
  endfacet
  facet normal 0.774476706982 -0.623141288757 -0.10899900645
    outer loop
      vertex 24.4415740967 11.2969760895 11.9773330688
      vertex 24.4407711029 11.3184709549 11.9800949097
      vertex 24.4570598602 11.296875 11.9965620041
    endloop
  endfacet
  facet normal -0.993814408779 0.110489472747 -0.0111818006262
    outer loop
      vertex 24.3564834595 11.3177585602 11.9794168472
      vertex 24.3586101532 11.3184375763 11.9984769821
      vertex 24.356760025 11.3388900757 11.979765892
    endloop
  endfacet
  facet normal -0.997716069221 0.036588203162 0.0567801333964
    outer loop
      vertex 24.3586101532 11.3184375763 11.9984769821
      vertex 24.3574810028 11.3393564224 12.0001497269
      vertex 24.356760025 11.3388900757 11.979765892
    endloop
  endfacet
  facet normal 0.756918847561 -0.652699708939 -0.0325116217136
    outer loop
      vertex 24.4393444061 11.338552475 11.9794406891
      vertex 24.455745697 11.3381681442 11.9984416962
      vertex 24.4407711029 11.3184709549 11.9800949097
    endloop
  endfacet
  facet normal 0.776506006718 -0.630100548267 0.00342910713516
    outer loop
      vertex 24.460187912 11.3177175522 12.0040273666
      vertex 24.4407711029 11.3184709549 11.9800949097
      vertex 24.455745697 11.3381681442 11.9984416962
    endloop
  endfacet
  facet normal -0.676387488842 0.499739378691 0.541073441505
    outer loop
      vertex 24.3400173187 11.3609437943 11.9809827805
      vertex 24.356760025 11.3388900757 11.979765892
      vertex 24.3549861908 11.359246254 11.9994049072
    endloop
  endfacet
  facet normal -0.991686820984 0.0378892682493 0.122969940305
    outer loop
      vertex 24.356760025 11.3388900757 11.979765892
      vertex 24.3574810028 11.3393564224 12.0001497269
      vertex 24.3549861908 11.359246254 11.9994049072
    endloop
  endfacet
  facet normal 0.755849123001 -0.651023924351 -0.0697134286165
    outer loop
      vertex 24.4393444061 11.338552475 11.9794406891
      vertex 24.4385547638 11.3572845459 11.9805297852
      vertex 24.455745697 11.3381681442 11.9984416962
    endloop
  endfacet
  facet normal 0.72105294466 -0.69287955761 0.000796390173491
    outer loop
      vertex 24.4570198059 11.3591785431 11.9997434616
      vertex 24.455745697 11.3381681442 11.9984416962
      vertex 24.4385547638 11.3572845459 11.9805297852
    endloop
  endfacet
  facet normal -0.774710774422 0.631812989712 -0.0252100080252
    outer loop
      vertex 24.3543186188 11.3800563812 11.9977560043
      vertex 24.3400173187 11.3609437943 11.9809827805
      vertex 24.3549861908 11.359246254 11.9994049072
    endloop
  endfacet
  facet normal -0.75420486927 0.656532645226 0.0118278330192
    outer loop
      vertex 24.3394031525 11.3798847198 11.9806184769
      vertex 24.3400173187 11.3609437943 11.9809827805
      vertex 24.3543186188 11.3800563812 11.9977560043
    endloop
  endfacet
  facet normal 0.674290239811 -0.738363683224 0.0123182665557
    outer loop
      vertex 24.4570198059 11.3591785431 11.9997434616
      vertex 24.437871933 11.3777751923 11.9819469452
      vertex 24.4573535919 11.3799648285 11.9997014999
    endloop
  endfacet
  facet normal 0.715597391129 -0.694802641869 -0.0719000473619
    outer loop
      vertex 24.4385547638 11.3572845459 11.9805297852
      vertex 24.437871933 11.3777751923 11.9819469452
      vertex 24.4570198059 11.3591785431 11.9997434616
    endloop
  endfacet
  facet normal -0.639357328415 0.551086783409 -0.536214113235
    outer loop
      vertex 24.3394031525 11.3798847198 11.9806184769
      vertex 24.3543186188 11.3800563812 11.9977560043
      vertex 24.3573532104 11.3998565674 11.9820108414
    endloop
  endfacet
  facet normal -0.992778301239 -0.0628144666553 -0.102203823626
    outer loop
      vertex 24.3543186188 11.3800563812 11.9977560043
      vertex 24.3562679291 11.4007415771 12.0006036758
      vertex 24.3573532104 11.3998565674 11.9820108414
    endloop
  endfacet
  facet normal 0.665386378765 -0.742432117462 -0.0778171643615
    outer loop
      vertex 24.4573535919 11.3799648285 11.9997014999
      vertex 24.4367141724 11.3994007111 11.9832410812
      vertex 24.4566326141 11.4006967545 12.0012283325
    endloop
  endfacet
  facet normal 0.666495203972 -0.741200447083 -0.0800377652049
    outer loop
      vertex 24.437871933 11.3777751923 11.9819469452
      vertex 24.4367141724 11.3994007111 11.9832410812
      vertex 24.4573535919 11.3799648285 11.9997014999
    endloop
  endfacet
  facet normal -0.977241575718 -0.196918398142 -0.0788801759481
    outer loop
      vertex 24.3593330383 11.422003746 11.9810571671
      vertex 24.3573532104 11.3998565674 11.9820108414
      vertex 24.3557376862 11.4221744537 11.9989681244
    endloop
  endfacet
  facet normal -0.997959434986 -0.0568702742457 0.0290290620178
    outer loop
      vertex 24.3562679291 11.4007415771 12.0006036758
      vertex 24.3557376862 11.4221744537 11.9989681244
      vertex 24.3573532104 11.3998565674 11.9820108414
    endloop
  endfacet
  facet normal 0.576799452305 -0.70100903511 -0.419390887022
    outer loop
      vertex 24.4367141724 11.3994007111 11.9832410812
      vertex 24.4176311493 11.4204893112 11.9801559448
      vertex 24.4381008148 11.4214029312 11.9975452423
    endloop
  endfacet
  facet normal 0.596160113811 -0.689770638943 -0.410864412785
    outer loop
      vertex 24.4367141724 11.3994007111 11.9832410812
      vertex 24.4381008148 11.4214029312 11.9975452423
      vertex 24.4566326141 11.4006967545 12.0012283325
    endloop
  endfacet
  facet normal -0.631736159325 -0.629111230373 0.452911138535
    outer loop
      vertex 24.3407974243 11.4422492981 11.9995183945
      vertex 24.3577079773 11.4420824051 11.9826574326
      vertex 24.3557376862 11.4221744537 11.9989681244
    endloop
  endfacet
  facet normal -0.978574097157 -0.19582799077 0.0635931864381
    outer loop
      vertex 24.3577079773 11.4420824051 11.9826574326
      vertex 24.3593330383 11.422003746 11.9810571671
      vertex 24.3557376862 11.4221744537 11.9989681244
    endloop
  endfacet
  facet normal 0.662556946278 -0.746162414551 -0.0652683675289
    outer loop
      vertex 24.4381008148 11.4214029312 11.9975452423
      vertex 24.4175319672 11.4409770966 11.9809932709
      vertex 24.4381504059 11.4422359467 11.9994115829
    endloop
  endfacet
  facet normal 0.646164059639 -0.762427926064 -0.0342882238328
    outer loop
      vertex 24.4176311493 11.4204893112 11.9801559448
      vertex 24.4175319672 11.4409770966 11.9809932709
      vertex 24.4381008148 11.4214029312 11.9975452423
    endloop
  endfacet
  facet normal -0.605738639832 -0.612546622753 -0.507806360722
    outer loop
      vertex 24.3577079773 11.4420824051 11.9826574326
      vertex 24.3407974243 11.4422492981 11.9995183945
      vertex 24.3573246002 11.4628553391 12.0002574921
    endloop
  endfacet
  facet normal -0.581729590893 -0.625850200653 -0.51952111721
    outer loop
      vertex 24.3577079773 11.4420824051 11.9826574326
      vertex 24.3573246002 11.4628553391 12.0002574921
      vertex 24.3770580292 11.4618883133 11.9811124802
    endloop
  endfacet
  facet normal 0.658815085888 -0.751959323883 -0.0228009186685
    outer loop
      vertex 24.4381504059 11.4422359467 11.9994115829
      vertex 24.4173603058 11.4616308212 11.9817848206
      vertex 24.4381256104 11.4630184174 12.0000200272
    endloop
  endfacet
  facet normal 0.6646489501 -0.746375918388 -0.0341288596392
    outer loop
      vertex 24.4175319672 11.4409770966 11.9809932709
      vertex 24.4173603058 11.4616308212 11.9817848206
      vertex 24.4381504059 11.4422359467 11.9994115829
    endloop
  endfacet
  facet normal -0.589311301708 -0.63279402256 -0.502278745174
    outer loop
      vertex 24.3770580292 11.4618883133 11.9811124802
      vertex 24.3573246002 11.4628553391 12.0002574921
      vertex 24.3767356873 11.4833602905 11.9984560013
    endloop
  endfacet
  facet normal -0.156650304794 -0.985725581646 -0.0616912916303
    outer loop
      vertex 24.3573246002 11.4628553391 12.0002574921
      vertex 24.3589916229 11.4844141006 12.0013418198
      vertex 24.3767356873 11.4833602905 11.9984560013
    endloop
  endfacet
  facet normal -0.0300255734473 -0.767906069756 -0.639858365059
    outer loop
      vertex 24.3972377777 11.4843349457 11.9984664917
      vertex 24.3972053528 11.4631071091 11.9807796478
      vertex 24.3767356873 11.4833602905 11.9984560013
    endloop
  endfacet
  facet normal -0.0507756695151 -0.777296483517 -0.627082109451
    outer loop
      vertex 24.3770580292 11.4618883133 11.9811124802
      vertex 24.3767356873 11.4833602905 11.9984560013
      vertex 24.3972053528 11.4631071091 11.9807796478
    endloop
  endfacet
  facet normal 0.0838780254126 -0.790152490139 -0.607143700123
    outer loop
      vertex 24.3972053528 11.4631071091 11.9807796478
      vertex 24.4178562164 11.4837017059 11.998796463
      vertex 24.4173603058 11.4616308212 11.9817848206
    endloop
  endfacet
  facet normal 0.0319381058216 -0.767907083035 -0.639764547348
    outer loop
      vertex 24.3972377777 11.4843349457 11.9984664917
      vertex 24.4178562164 11.4837017059 11.998796463
      vertex 24.3972053528 11.4631071091 11.9807796478
    endloop
  endfacet
  facet normal 0.551786482334 -0.666493058205 -0.501316905022
    outer loop
      vertex 24.4173603058 11.4616308212 11.9817848206
      vertex 24.4178562164 11.4837017059 11.998796463
      vertex 24.4381256104 11.4630184174 12.0000200272
    endloop
  endfacet
  facet normal 0.0982997789979 -0.994449913502 -0.0375040210783
    outer loop
      vertex 24.4178562164 11.4837017059 11.998796463
      vertex 24.4381828308 11.4840593338 12.0008192062
      vertex 24.4381256104 11.4630184174 12.0000200272
    endloop
  endfacet
  facet normal -0.15388046205 -0.982943534851 -0.10071144253
    outer loop
      vertex 24.3767356873 11.4833602905 11.9984560013
      vertex 24.3589916229 11.4844141006 12.0013418198
      vertex 24.3771781921 11.5040855408 12.0005102158
    endloop
  endfacet
  facet normal -0.224722385406 -0.959974825382 -0.167176961899
    outer loop
      vertex 24.3771781921 11.5040855408 12.0005102158
      vertex 24.3589916229 11.4844141006 12.0013418198
      vertex 24.3595142365 11.5039768219 12.0046262741
    endloop
  endfacet
  facet normal -0.0489333160222 -0.997367858887 -0.0535053834319
    outer loop
      vertex 24.397315979 11.5045833588 11.999548912
      vertex 24.3972377777 11.4843349457 11.9984664917
      vertex 24.3771781921 11.5040855408 12.0005102158
    endloop
  endfacet
  facet normal -0.00418396154419 -0.995106399059 -0.0987208113074
    outer loop
      vertex 24.3767356873 11.4833602905 11.9984560013
      vertex 24.3771781921 11.5040855408 12.0005102158
      vertex 24.3972377777 11.4843349457 11.9984664917
    endloop
  endfacet
  facet normal 0.0171027369797 -0.999198138714 -0.0362012051046
    outer loop
      vertex 24.4178562164 11.4837017059 11.998796463
      vertex 24.3972377777 11.4843349457 11.9984664917
      vertex 24.4175338745 11.5042276382 11.9995346069
    endloop
  endfacet
  facet normal 0.000232565464103 -0.998574256897 -0.0533799864352
    outer loop
      vertex 24.4175338745 11.5042276382 11.9995346069
      vertex 24.3972377777 11.4843349457 11.9984664917
      vertex 24.397315979 11.5045833588 11.999548912
    endloop
  endfacet
  facet normal 0.104811199009 -0.993789255619 -0.0373840779066
    outer loop
      vertex 24.4175338745 11.5042276382 11.9995346069
      vertex 24.4359760284 11.5051021576 12.0015125275
      vertex 24.4178562164 11.4837017059 11.998796463
    endloop
  endfacet
  facet normal 0.0981809124351 -0.994236767292 -0.0430547557771
    outer loop
      vertex 24.4381828308 11.4840593338 12.0008192062
      vertex 24.4178562164 11.4837017059 11.998796463
      vertex 24.4359760284 11.5051021576 12.0015125275
    endloop
  endfacet
  facet normal -0.0507874414325 -0.987847685814 -0.146893292665
    outer loop
      vertex 24.3771781921 11.5040855408 12.0005102158
      vertex 24.3974266052 11.5247917175 12.0025482178
      vertex 24.397315979 11.5045833588 11.999548912
    endloop
  endfacet
  facet normal 0.000883662840351 -0.995916068554 -0.0902793481946
    outer loop
      vertex 24.4175338745 11.5042276382 11.9995346069
      vertex 24.397315979 11.5045833588 11.999548912
      vertex 24.4174900055 11.5237855911 12.0013074875
    endloop
  endfacet
  facet normal -0.0537134297192 -0.98769390583 -0.146886497736
    outer loop
      vertex 24.4174900055 11.5237855911 12.0013074875
      vertex 24.397315979 11.5045833588 11.999548912
      vertex 24.3974266052 11.5247917175 12.0025482178
    endloop
  endfacet
  facet normal 0.101983621716 -0.99070340395 -0.0900336056948
    outer loop
      vertex 24.4174900055 11.5237855911 12.0013074875
      vertex 24.4359760284 11.5051021576 12.0015125275
      vertex 24.4175338745 11.5042276382 11.9995346069
    endloop
  endfacet
  facet normal 0.973882615566 0.224230736494 0.0356822572649
    outer loop
      vertex 24.4373626709 10.9866361618 11.9966173172
      vertex 24.4368228912 10.9657850266 11.9956436157
      vertex 24.4411888123 10.9845504761 11.9796676636
    endloop
  endfacet
  facet normal 0.709872543812 0.200026154518 0.67532992363
    outer loop
      vertex 24.4373626709 10.9866361618 11.9966173172
      vertex 24.4484119415 10.9960803986 11.9892902374
      vertex 24.4573116302 11.007818222 11.997335434
    endloop
  endfacet
  facet normal 0.745573461056 0.663522064686 0.0621186569333
    outer loop
      vertex 24.4374752045 10.9454755783 11.9792375565
      vertex 24.4372673035 10.9243488312 11.9774932861
      vertex 24.4552192688 10.9444551468 11.9592037201
    endloop
  endfacet
  facet normal 0.718220829964 0.242386117578 0.652232944965
    outer loop
      vertex 24.4373626709 10.9866361618 11.9966173172
      vertex 24.4411888123 10.9845504761 11.9796676636
      vertex 24.4484119415 10.9960803986 11.9892902374
    endloop
  endfacet
  facet normal 0.659290015697 0.746441066265 -0.0903462618589
    outer loop
      vertex 24.4552192688 10.9444551468 11.9592037201
      vertex 24.4372673035 10.9243488312 11.9774932861
      vertex 24.4581031799 10.9224252701 11.9593229294
    endloop
  endfacet
  facet normal 0.979930460453 0.169277265668 0.105268932879
    outer loop
      vertex 24.4374752045 10.9454755783 11.9792375565
      vertex 24.4395828247 10.9644203186 11.9788179398
      vertex 24.4368228912 10.9657850266 11.9956436157
    endloop
  endfacet
  facet normal -0.116687618196 0.976269543171 0.182432830334
    outer loop
      vertex 24.3778209686 11.0279140472 11.9971036911
      vertex 24.3984050751 11.0077409744 11.9957942963
      vertex 24.3972702026 11.0271711349 11.9992895126
    endloop
  endfacet
  facet normal 0.656524777412 0.754194915295 0.0128522776067
    outer loop
      vertex 24.4372673035 10.9243488312 11.9774932861
      vertex 24.4395446777 10.9041318893 11.9751663208
      vertex 24.4581031799 10.9224252701 11.9593229294
    endloop
  endfacet
  facet normal -0.0371194556355 0.983144581318 0.179022148252
    outer loop
      vertex 24.416437149 11.0271720886 12.0000133514
      vertex 24.3972702026 11.0271711349 11.9992895126
      vertex 24.3984050751 11.0077409744 11.9957942963
    endloop
  endfacet
  facet normal 0.798358082771 -0.418974637985 -0.432532817125
    outer loop
      vertex 24.4719657898 11.0251512527 11.9584674835
      vertex 24.4600734711 11.028588295 11.9393548965
      vertex 24.460193634 11.0470933914 11.9586877823
    endloop
  endfacet
  facet normal 0.848227679729 -0.529583275318 0.007166959811
    outer loop
      vertex 24.4728832245 11.0080862045 11.9601678848
      vertex 24.4600505829 11.0067234039 11.9396324158
      vertex 24.4719657898 11.0251512527 11.9584674835
    endloop
  endfacet
  facet normal 0.8484172225 -0.529273450375 0.00760619202629
    outer loop
      vertex 24.4600734711 11.028588295 11.9393548965
      vertex 24.4719657898 11.0251512527 11.9584674835
      vertex 24.4600505829 11.0067234039 11.9396324158
    endloop
  endfacet
  facet normal 0.996980190277 0.00860364921391 0.0771785527468
    outer loop
      vertex 24.4583816528 10.9873552322 11.9592847824
      vertex 24.4584274292 10.9857282639 11.9393854141
      vertex 24.4600505829 11.0067234039 11.9396324158
    endloop
  endfacet
  facet normal 0.747039496899 -0.433372974396 0.504103004932
    outer loop
      vertex 24.4728832245 11.0080862045 11.9601678848
      vertex 24.4583816528 10.9873552322 11.9592847824
      vertex 24.4600505829 11.0067234039 11.9396324158
    endloop
  endfacet
  facet normal -0.11587768048 0.983248114586 0.140696465969
    outer loop
      vertex 24.3972702026 11.0271711349 11.9992895126
      vertex 24.3973655701 11.0453271866 12.0018987656
      vertex 24.3778209686 11.0279140472 11.9971036911
    endloop
  endfacet
  facet normal -0.229594349861 0.973231911659 0.0103020593524
    outer loop
      vertex 24.3973655701 11.0453271866 12.0018987656
      vertex 24.37981987 11.0506658554 11.9978160858
      vertex 24.3778209686 11.0279140472 11.9971036911
    endloop
  endfacet
  facet normal -0.399586230516 0.768604576588 0.499577671289
    outer loop
      vertex 24.419008255 11.049115181 12.0156126022
      vertex 24.3973655701 11.0453271866 12.0018987656
      vertex 24.416437149 11.0271720886 12.0000133514
    endloop
  endfacet
  facet normal -0.0373487696052 0.989167571068 0.141959652305
    outer loop
      vertex 24.3973655701 11.0453271866 12.0018987656
      vertex 24.3972702026 11.0271711349 11.9992895126
      vertex 24.416437149 11.0271720886 12.0000133514
    endloop
  endfacet
  facet normal -0.0296229589731 0.816316366196 0.576844930649
    outer loop
      vertex 24.4370059967 11.0271320343 12.0007314682
      vertex 24.419008255 11.049115181 12.0156126022
      vertex 24.416437149 11.0271720886 12.0000133514
    endloop
  endfacet
  facet normal -0.0917151048779 0.788148999214 0.608612775803
    outer loop
      vertex 24.4401340485 11.0480508804 12.0172491074
      vertex 24.419008255 11.049115181 12.0156126022
      vertex 24.4370059967 11.0271320343 12.0007314682
    endloop
  endfacet
  facet normal 0.995612800121 0.00989766605198 0.0930439904332
    outer loop
      vertex 24.4564342499 10.9664936066 11.95906353
      vertex 24.4584274292 10.9857282639 11.9393854141
      vertex 24.4583816528 10.9873552322 11.9592847824
    endloop
  endfacet
  facet normal 0.99522203207 0.09758169204 0.00329788238741
    outer loop
      vertex 24.458360672 10.9649333954 11.9393634796
      vertex 24.4584274292 10.9857282639 11.9393854141
      vertex 24.4564342499 10.9664936066 11.95906353
    endloop
  endfacet
  facet normal 0.993369996548 0.101425558329 0.0541192367673
    outer loop
      vertex 24.4552192688 10.9444551468 11.9592037201
      vertex 24.458360672 10.9649333954 11.9393634796
      vertex 24.4564342499 10.9664936066 11.95906353
    endloop
  endfacet
  facet normal 0.986659049988 0.16267991066 -0.0062561603263
    outer loop
      vertex 24.4585971832 10.9448680878 11.938700676
      vertex 24.458360672 10.9649333954 11.9393634796
      vertex 24.4552192688 10.9444551468 11.9592037201
    endloop
  endfacet
  facet normal 0.974238157272 0.163633063436 -0.155190959573
    outer loop
      vertex 24.4585971832 10.9448680878 11.938700676
      vertex 24.4552192688 10.9444551468 11.9592037201
      vertex 24.4615802765 10.9246730804 11.9400930405
    endloop
  endfacet
  facet normal -0.333391875029 0.816565096378 0.471244364977
    outer loop
      vertex 24.3997154236 11.067688942 12.0157632828
      vertex 24.37981987 11.0506658554 11.9978160858
      vertex 24.3973655701 11.0453271866 12.0018987656
    endloop
  endfacet
  facet normal -0.770448803902 0.346574723721 -0.535064995289
    outer loop
      vertex 24.3997154236 11.067688942 12.0157632828
      vertex 24.3941898346 11.0695524216 12.0006027222
      vertex 24.37981987 11.0506658554 11.9978160858
    endloop
  endfacet
  facet normal -0.422395974398 0.789569318295 0.445153832436
    outer loop
      vertex 24.419008255 11.049115181 12.0156126022
      vertex 24.3997154236 11.067688942 12.0157632828
      vertex 24.3973655701 11.0453271866 12.0018987656
    endloop
  endfacet
  facet normal 0.999517798424 -0.0310367550701 -0.000959653116297
    outer loop
      vertex 24.4766407013 11.0483980179 12.01541996
      vertex 24.476146698 11.0503063202 11.9995698929
      vertex 24.4767017365 11.0683803558 12.0180034637
    endloop
  endfacet
  facet normal 0.993097126484 0.0655016079545 0.0973018631339
    outer loop
      vertex 24.478094101 11.0708684921 12.0005893707
      vertex 24.4767017365 11.0683803558 12.0180034637
      vertex 24.476146698 11.0503063202 11.9995698929
    endloop
  endfacet
  facet normal -0.647875368595 0.625530540943 0.434705674648
    outer loop
      vertex 24.3779964447 11.0903835297 11.9983072281
      vertex 24.3941898346 11.0695524216 12.0006027222
      vertex 24.3975753784 11.0895843506 12.0180301666
    endloop
  endfacet
  facet normal -0.93698912859 0.326098978519 0.125342696905
    outer loop
      vertex 24.3941898346 11.0695524216 12.0006027222
      vertex 24.3997154236 11.067688942 12.0157632828
      vertex 24.3975753784 11.0895843506 12.0180301666
    endloop
  endfacet
  facet normal 0.804045081139 0.386566251516 0.451750040054
    outer loop
      vertex 24.4877948761 11.0896081924 12.0023117065
      vertex 24.4804363251 11.0903997421 12.0185422897
      vertex 24.478094101 11.0708684921 12.0005893707
    endloop
  endfacet
  facet normal 0.984225332737 0.054652813822 0.168266430497
    outer loop
      vertex 24.4804363251 11.0903997421 12.0185422897
      vertex 24.4767017365 11.0683803558 12.0180034637
      vertex 24.478094101 11.0708684921 12.0005893707
    endloop
  endfacet
  facet normal -0.707380175591 0.697601437569 0.11386603862
    outer loop
      vertex 24.3953056335 11.109621048 12.0189990997
      vertex 24.3779964447 11.0903835297 11.9983072281
      vertex 24.3975753784 11.0895843506 12.0180301666
    endloop
  endfacet
  facet normal -0.732937812805 0.676834762096 0.0685335844755
    outer loop
      vertex 24.376909256 11.111410141 11.9992589951
      vertex 24.3779964447 11.0903835297 11.9983072281
      vertex 24.3953056335 11.109621048 12.0189990997
    endloop
  endfacet
  facet normal 0.816880524158 -0.450299918652 0.360466629267
    outer loop
      vertex 24.4895401001 11.1101465225 12.0192499161
      vertex 24.4804363251 11.0903997421 12.0185422897
      vertex 24.4791088104 11.1089868546 12.0012550354
    endloop
  endfacet
  facet normal 0.842834770679 0.362731814384 -0.397561490536
    outer loop
      vertex 24.4877948761 11.0896081924 12.0023117065
      vertex 24.4791088104 11.1089868546 12.0012550354
      vertex 24.4804363251 11.0903997421 12.0185422897
    endloop
  endfacet
  facet normal -0.732435464859 0.680420041084 0.0238086991012
    outer loop
      vertex 24.3953514099 11.1300983429 12.0197649002
      vertex 24.376909256 11.111410141 11.9992589951
      vertex 24.3953056335 11.109621048 12.0189990997
    endloop
  endfacet
  facet normal -0.738762676716 0.673885524273 0.0103947231546
    outer loop
      vertex 24.3771209717 11.131357193 11.9997987747
      vertex 24.376909256 11.111410141 11.9992589951
      vertex 24.3953514099 11.1300983429 12.0197649002
    endloop
  endfacet
  facet normal 0.780146479607 -0.478228121996 -0.403322905302
    outer loop
      vertex 24.4895401001 11.1101465225 12.0192499161
      vertex 24.4791088104 11.1089868546 12.0012550354
      vertex 24.4799861908 11.1288471222 12.0194358826
    endloop
  endfacet
  facet normal 0.966077506542 -0.210324212909 -0.14985974133
    outer loop
      vertex 24.4791088104 11.1089868546 12.0012550354
      vertex 24.4751529694 11.131690979 11.9992618561
      vertex 24.4799861908 11.1288471222 12.0194358826
    endloop
  endfacet
  facet normal -0.739125728607 0.671784281731 0.0489795692265
    outer loop
      vertex 24.3946075439 11.1509637833 12.0204677582
      vertex 24.3771209717 11.131357193 11.9997987747
      vertex 24.3953514099 11.1300983429 12.0197649002
    endloop
  endfacet
  facet normal -0.739157319069 0.671753942966 0.048919390887
    outer loop
      vertex 24.3756752014 11.1516046524 11.9996824265
      vertex 24.3771209717 11.131357193 11.9997987747
      vertex 24.3946075439 11.1509637833 12.0204677582
    endloop
  endfacet
  facet normal 0.971942603588 -0.22182585299 -0.0782361999154
    outer loop
      vertex 24.4799861908 11.1288471222 12.0194358826
      vertex 24.4751529694 11.131690979 11.9992618561
      vertex 24.4786987305 11.1498708725 12.0212097168
    endloop
  endfacet
  facet normal 0.988498926163 -0.150850325823 0.0106788305566
    outer loop
      vertex 24.475522995 11.1532659531 12.0001592636
      vertex 24.4786987305 11.1498708725 12.0212097168
      vertex 24.4751529694 11.131690979 11.9992618561
    endloop
  endfacet
  facet normal -0.702769517899 0.576763272285 0.416484236717
    outer loop
      vertex 24.3756752014 11.1516046524 11.9996824265
      vertex 24.3782291412 11.1731805801 12.0183744431
      vertex 24.3607158661 11.1725387573 11.9965715408
    endloop
  endfacet
  facet normal -0.671134829521 0.59778547287 0.438441097736
    outer loop
      vertex 24.3946075439 11.1509637833 12.0204677582
      vertex 24.3782291412 11.1731805801 12.0183744431
      vertex 24.3756752014 11.1516046524 11.9996824265
    endloop
  endfacet
  facet normal 0.988665521145 -0.150035262108 0.00546934455633
    outer loop
      vertex 24.4786987305 11.1498708725 12.0212097168
      vertex 24.475522995 11.1532659531 12.0001592636
      vertex 24.47838974 11.1714277267 12.0183877945
    endloop
  endfacet
  facet normal 0.978949546814 -0.199026465416 -0.0452355444431
    outer loop
      vertex 24.474401474 11.1761522293 11.9998445511
      vertex 24.47838974 11.1714277267 12.0183877945
      vertex 24.475522995 11.1532659531 12.0001592636
    endloop
  endfacet
  facet normal -0.735929250717 0.580900013447 -0.347797721624
    outer loop
      vertex 24.3607158661 11.1725387573 11.9965715408
      vertex 24.3782291412 11.1731805801 12.0183744431
      vertex 24.3730220795 11.193441391 11.9996471405
    endloop
  endfacet
  facet normal -0.950117707253 0.309113562107 -0.0415354296565
    outer loop
      vertex 24.3782291412 11.1731805801 12.0183744431
      vertex 24.3790550232 11.1940526962 12.0181083679
      vertex 24.3730220795 11.193441391 11.9996471405
    endloop
  endfacet
  facet normal 0.987062394619 -0.153118029237 0.0475683249533
    outer loop
      vertex 24.4752922058 11.1933889389 12.0002317429
      vertex 24.4781703949 11.1927452087 12.0189857483
      vertex 24.474401474 11.1761522293 11.9998445511
    endloop
  endfacet
  facet normal 0.978343129158 -0.206381574273 -0.015855576843
    outer loop
      vertex 24.47838974 11.1714277267 12.0183877945
      vertex 24.474401474 11.1761522293 11.9998445511
      vertex 24.4781703949 11.1927452087 12.0189857483
    endloop
  endfacet
  facet normal -0.943546891212 0.30398479104 -0.131576940417
    outer loop
      vertex 24.3790550232 11.1940526962 12.0181083679
      vertex 24.3762302399 11.2138738632 12.0007610321
      vertex 24.3730220795 11.193441391 11.9996471405
    endloop
  endfacet
  facet normal -0.732003688812 0.560967683792 -0.3866340518
    outer loop
      vertex 24.3790550232 11.1940526962 12.0181083679
      vertex 24.3909397125 11.2124233246 12.0209550858
      vertex 24.3762302399 11.2138738632 12.0007610321
    endloop
  endfacet
  facet normal 0.985630989075 -0.148502632976 -0.0804894268513
    outer loop
      vertex 24.4752922058 11.1933889389 12.0002317429
      vertex 24.4739246368 11.2126550674 12.0015974045
      vertex 24.4781703949 11.1927452087 12.0189857483
    endloop
  endfacet
  facet normal 0.979138374329 -0.20036123693 -0.0338140204549
    outer loop
      vertex 24.4781703949 11.1927452087 12.0189857483
      vertex 24.4739246368 11.2126550674 12.0015974045
      vertex 24.4776763916 11.2132997513 12.0200405121
    endloop
  endfacet
  facet normal -0.987999379635 0.141651511192 0.0615803040564
    outer loop
      vertex 24.3762302399 11.2138738632 12.0007610321
      vertex 24.3775806427 11.2339410782 12.0189037323
      vertex 24.3747425079 11.2341213226 11.9991865158
    endloop
  endfacet
  facet normal -0.749044597149 0.515736937523 0.415869772434
    outer loop
      vertex 24.3909397125 11.2124233246 12.0209550858
      vertex 24.3775806427 11.2339410782 12.0189037323
      vertex 24.3762302399 11.2138738632 12.0007610321
    endloop
  endfacet
  facet normal 0.776080191135 -0.502796649933 -0.380650877953
    outer loop
      vertex 24.4739246368 11.2126550674 12.0015974045
      vertex 24.4608535767 11.2338199615 11.9974451065
      vertex 24.475069046 11.2337093353 12.0193033218
    endloop
  endfacet
  facet normal 0.972401440144 -0.201896250248 -0.116932950914
    outer loop
      vertex 24.4739246368 11.2126550674 12.0015974045
      vertex 24.475069046 11.2337093353 12.0193033218
      vertex 24.4776763916 11.2132997513 12.0200405121
    endloop
  endfacet
  facet normal -0.992702960968 0.112291999161 0.043946441263
    outer loop
      vertex 24.3767337799 11.2551031113 12.0196990967
      vertex 24.3745517731 11.2548856735 12.0003242493
      vertex 24.3775806427 11.2339410782 12.0189037323
    endloop
  endfacet
  facet normal -0.989679217339 0.14230184257 0.016888089478
    outer loop
      vertex 24.3747425079 11.2341213226 11.9991865158
      vertex 24.3775806427 11.2339410782 12.0189037323
      vertex 24.3745517731 11.2548856735 12.0003242493
    endloop
  endfacet
  facet normal 0.813680827618 -0.58046489954 -0.0313689373434
    outer loop
      vertex 24.475069046 11.2337093353 12.0193033218
      vertex 24.459186554 11.254535675 11.9981651306
      vertex 24.4750709534 11.2554187775 12.0204792023
    endloop
  endfacet
  facet normal 0.83539634943 -0.542863488197 -0.0860939696431
    outer loop
      vertex 24.4608535767 11.2338199615 11.9974451065
      vertex 24.459186554 11.254535675 11.9981651306
      vertex 24.475069046 11.2337093353 12.0193033218
    endloop
  endfacet
  facet normal -0.724430382252 0.536567509174 0.432777017355
    outer loop
      vertex 24.3595867157 11.2762479782 11.9973497391
      vertex 24.3745517731 11.2548856735 12.0003242493
      vertex 24.3757915497 11.2756328583 12.0187320709
    endloop
  endfacet
  facet normal -0.992861151695 0.112268663943 0.0402799546719
    outer loop
      vertex 24.3745517731 11.2548856735 12.0003242493
      vertex 24.3767337799 11.2551031113 12.0196990967
      vertex 24.3757915497 11.2756328583 12.0187320709
    endloop
  endfacet
  facet normal 0.806762874126 -0.589823246002 0.0352441333234
    outer loop
      vertex 24.4750709534 11.2554187775 12.0204792023
      vertex 24.4623985291 11.2761287689 12.0019083023
      vertex 24.4763221741 11.2754096985 12.0209960938
    endloop
  endfacet
  facet normal 0.814881145954 -0.579254746437 0.0207996368408
    outer loop
      vertex 24.459186554 11.254535675 11.9981651306
      vertex 24.4623985291 11.2761287689 12.0019083023
      vertex 24.4750709534 11.2554187775 12.0204792023
    endloop
  endfacet
  facet normal -0.726099908352 0.561691403389 -0.39658755064
    outer loop
      vertex 24.3595867157 11.2762479782 11.9973497391
      vertex 24.3757915497 11.2756328583 12.0187320709
      vertex 24.3738327026 11.2969722748 12.0011329651
    endloop
  endfacet
  facet normal -0.988174319267 0.149781227112 -0.0328187905252
    outer loop
      vertex 24.3757915497 11.2756328583 12.0187320709
      vertex 24.3766555786 11.2965259552 12.0198545456
      vertex 24.3738327026 11.2969722748 12.0011329651
    endloop
  endfacet
  facet normal 0.797781229019 -0.60083180666 -0.0504604391754
    outer loop
      vertex 24.4570598602 11.296875 11.9965620041
      vertex 24.4743289948 11.2958450317 12.019405365
      vertex 24.4623985291 11.2761287689 12.0019083023
    endloop
  endfacet
  facet normal 0.808048605919 -0.58818924427 -0.0330279655755
    outer loop
      vertex 24.4763221741 11.2754096985 12.0209960938
      vertex 24.4623985291 11.2761287689 12.0019083023
      vertex 24.4743289948 11.2958450317 12.019405365
    endloop
  endfacet
  facet normal -0.715042293072 0.54336220026 0.439854562283
    outer loop
      vertex 24.3586101532 11.3184375763 11.9984769821
      vertex 24.3738327026 11.2969722748 12.0011329651
      vertex 24.3756542206 11.3167295456 12.0195236206
    endloop
  endfacet
  facet normal -0.987914025784 0.147850006819 0.0465425625443
    outer loop
      vertex 24.3738327026 11.2969722748 12.0011329651
      vertex 24.3766555786 11.2965259552 12.0198545456
      vertex 24.3756542206 11.3167295456 12.0195236206
    endloop
  endfacet
  facet normal 0.831866502762 -0.529770255089 -0.165352880955
    outer loop
      vertex 24.4743289948 11.2958450317 12.019405365
      vertex 24.460187912 11.3177175522 12.0040273666
      vertex 24.4733276367 11.3172874451 12.0245256424
    endloop
  endfacet
  facet normal 0.796175837517 -0.59762942791 -0.0945680215955
    outer loop
      vertex 24.4570598602 11.296875 11.9965620041
      vertex 24.460187912 11.3177175522 12.0040273666
      vertex 24.4743289948 11.2958450317 12.019405365
    endloop
  endfacet
  facet normal -0.7774528265 0.622082412243 0.0926311388612
    outer loop
      vertex 24.3735637665 11.3367404938 12.0198907852
      vertex 24.3586101532 11.3184375763 11.9984769821
      vertex 24.3756542206 11.3167295456 12.0195236206
    endloop
  endfacet
  facet normal -0.777933061123 0.621620118618 0.0916979238391
    outer loop
      vertex 24.3574810028 11.3393564224 12.0001497269
      vertex 24.3586101532 11.3184375763 11.9984769821
      vertex 24.3735637665 11.3367404938 12.0198907852
    endloop
  endfacet
  facet normal 0.814899384975 -0.516860067844 -0.262287288904
    outer loop
      vertex 24.4733276367 11.3172874451 12.0245256424
      vertex 24.460187912 11.3177175522 12.0040273666
      vertex 24.4618034363 11.3389539719 12.0173511505
    endloop
  endfacet
  facet normal 0.943849027157 -0.307397693396 -0.121060460806
    outer loop
      vertex 24.460187912 11.3177175522 12.0040273666
      vertex 24.455745697 11.3381681442 11.9984416962
      vertex 24.4618034363 11.3389539719 12.0173511505
    endloop
  endfacet
  facet normal -0.982870340347 0.141585454345 0.11798093468
    outer loop
      vertex 24.3574810028 11.3393564224 12.0001497269
      vertex 24.3580226898 11.3586397171 12.0199785233
      vertex 24.3549861908 11.359246254 11.9994049072
    endloop
  endfacet
  facet normal -0.702467024326 0.505962073803 0.500542163849
    outer loop
      vertex 24.3735637665 11.3367404938 12.0198907852
      vertex 24.3580226898 11.3586397171 12.0199785233
      vertex 24.3574810028 11.3393564224 12.0001497269
    endloop
  endfacet
  facet normal 0.952072739601 -0.303383082151 0.0389383323491
    outer loop
      vertex 24.455745697 11.3381681442 11.9984416962
      vertex 24.4570198059 11.3591785431 11.9997434616
      vertex 24.4618034363 11.3389539719 12.0173511505
    endloop
  endfacet
  facet normal 0.975717544556 -0.214573338628 -0.0439728051424
    outer loop
      vertex 24.4618034363 11.3389539719 12.0173511505
      vertex 24.4570198059 11.3591785431 11.9997434616
      vertex 24.4612522125 11.3596687317 12.0190896988
    endloop
  endfacet
  facet normal -0.994575321674 0.101239897311 0.0238833148032
    outer loop
      vertex 24.3543186188 11.3800563812 11.9977560043
      vertex 24.3549861908 11.359246254 11.9994049072
      vertex 24.3563671112 11.3799762726 12.0178613663
    endloop
  endfacet
  facet normal -0.987622082233 0.143926784396 0.0623517110944
    outer loop
      vertex 24.3580226898 11.3586397171 12.0199785233
      vertex 24.3563671112 11.3799762726 12.0178613663
      vertex 24.3549861908 11.359246254 11.9994049072
    endloop
  endfacet
  facet normal 0.976853907108 -0.213299423456 0.0161168761551
    outer loop
      vertex 24.4570198059 11.3591785431 11.9997434616
      vertex 24.4573535919 11.3799648285 11.9997014999
      vertex 24.4612522125 11.3596687317 12.0190896988
    endloop
  endfacet
  facet normal 0.989779353142 -0.122371375561 -0.0732265412807
    outer loop
      vertex 24.4612522125 11.3596687317 12.0190896988
      vertex 24.4573535919 11.3799648285 11.9997014999
      vertex 24.4597129822 11.3807449341 12.0192518234
    endloop
  endfacet
  facet normal -0.991668820381 0.101355664432 -0.0794984325767
    outer loop
      vertex 24.3543186188 11.3800563812 11.9977560043
      vertex 24.3563671112 11.3799762726 12.0178613663
      vertex 24.3562679291 11.4007415771 12.0006036758
    endloop
  endfacet
  facet normal -0.998331487179 0.0466627627611 -0.0340122692287
    outer loop
      vertex 24.3563671112 11.3799762726 12.0178613663
      vertex 24.3571949005 11.4007501602 12.0204296112
      vertex 24.3562679291 11.4007415771 12.0006036758
    endloop
  endfacet
  facet normal 0.991652190685 -0.121408328414 -0.0434272177517
    outer loop
      vertex 24.4573535919 11.3799648285 11.9997014999
      vertex 24.4566326141 11.4006967545 12.0012283325
      vertex 24.4597129822 11.3807449341 12.0192518234
    endloop
  endfacet
  facet normal 0.992391884327 -0.111270189285 -0.0526997111738
    outer loop
      vertex 24.4597129822 11.3807449341 12.0192518234
      vertex 24.4566326141 11.4006967545 12.0012283325
      vertex 24.4586925507 11.4013118744 12.0198917389
    endloop
  endfacet
  facet normal -0.999200940132 0.0332471430302 0.0221828818321
    outer loop
      vertex 24.3557376862 11.4221744537 11.9989681244
      vertex 24.3562679291 11.4007415771 12.0006036758
      vertex 24.3564243317 11.4209098816 12.0187606812
    endloop
  endfacet
  facet normal -0.998320519924 0.0466918200254 0.034293603152
    outer loop
      vertex 24.3571949005 11.4007501602 12.0204296112
      vertex 24.3564243317 11.4209098816 12.0187606812
      vertex 24.3562679291 11.4007415771 12.0006036758
    endloop
  endfacet
  facet normal 0.645972251892 -0.60047352314 -0.4713293612
    outer loop
      vertex 24.4566326141 11.4006967545 12.0012283325
      vertex 24.4381008148 11.4214029312 11.9975452423
      vertex 24.4568347931 11.4215202332 12.0177907944
    endloop
  endfacet
  facet normal 0.990535378456 -0.111945994198 -0.0794216319919
    outer loop
      vertex 24.4566326141 11.4006967545 12.0012283325
      vertex 24.4568347931 11.4215202332 12.0177907944
      vertex 24.4586925507 11.4013118744 12.0198917389
    endloop
  endfacet
  facet normal -0.68030756712 0.516056239605 0.520449340343
    outer loop
      vertex 24.3407974243 11.4422492981 11.9995183945
      vertex 24.3557376862 11.4221744537 11.9989681244
      vertex 24.3557510376 11.4419517517 12.0189313889
    endloop
  endfacet
  facet normal -0.998948812485 0.032596565783 0.0322285555303
    outer loop
      vertex 24.3557376862 11.4221744537 11.9989681244
      vertex 24.3564243317 11.4209098816 12.0187606812
      vertex 24.3557510376 11.4419517517 12.0189313889
    endloop
  endfacet
  facet normal 0.730690360069 -0.680463552475 -0.0553260222077
    outer loop
      vertex 24.4568347931 11.4215202332 12.0177907944
      vertex 24.4381504059 11.4422359467 11.9994115829
      vertex 24.4575862885 11.4432411194 12.0203638077
    endloop
  endfacet
  facet normal 0.732526242733 -0.678176224232 -0.0590112246573
    outer loop
      vertex 24.4381008148 11.4214029312 11.9975452423
      vertex 24.4381504059 11.4422359467 11.9994115829
      vertex 24.4568347931 11.4215202332 12.0177907944
    endloop
  endfacet
  facet normal -0.672545194626 0.526032626629 -0.520550310612
    outer loop
      vertex 24.3407974243 11.4422492981 11.9995183945
      vertex 24.3557510376 11.4419517517 12.0189313889
      vertex 24.3573246002 11.4628553391 12.0002574921
    endloop
  endfacet
  facet normal -0.998401045799 -0.0428143441677 -0.0369092151523
    outer loop
      vertex 24.3557510376 11.4419517517 12.0189313889
      vertex 24.3564548492 11.4622898102 12.0200519562
      vertex 24.3573246002 11.4628553391 12.0002574921
    endloop
  endfacet
  facet normal 0.700933635235 -0.711951255798 0.042631521821
    outer loop
      vertex 24.4575862885 11.4432411194 12.0203638077
      vertex 24.4381256104 11.4630184174 12.0000200272
      vertex 24.4573612213 11.463637352 12.0189208984
    endloop
  endfacet
  facet normal 0.732481837273 -0.680468857288 -0.0207958053797
    outer loop
      vertex 24.4381504059 11.4422359467 11.9994115829
      vertex 24.4381256104 11.4630184174 12.0000200272
      vertex 24.4575862885 11.4432411194 12.0203638077
    endloop
  endfacet
  facet normal -0.987865746021 -0.131278514862 -0.0829891338944
    outer loop
      vertex 24.3589916229 11.4844141006 12.0013418198
      vertex 24.3573246002 11.4628553391 12.0002574921
      vertex 24.3565425873 11.4833202362 12.0190792084
    endloop
  endfacet
  facet normal -0.999036490917 -0.0438356138766 -0.00214039650746
    outer loop
      vertex 24.3564548492 11.4622898102 12.0200519562
      vertex 24.3565425873 11.4833202362 12.0190792084
      vertex 24.3573246002 11.4628553391 12.0002574921
    endloop
  endfacet
  facet normal 0.711760818958 -0.700833499432 -0.0472115203738
    outer loop
      vertex 24.4573612213 11.463637352 12.0189208984
      vertex 24.4381828308 11.4840593338 12.0008192062
      vertex 24.4578914642 11.4837589264 12.0208148956
    endloop
  endfacet
  facet normal 0.70023816824 -0.713464558125 -0.0251946300268
    outer loop
      vertex 24.4381256104 11.4630184174 12.0000200272
      vertex 24.4381828308 11.4840593338 12.0008192062
      vertex 24.4573612213 11.463637352 12.0189208984
    endloop
  endfacet
  facet normal -0.98239004612 -0.186528205872 -0.0108169205487
    outer loop
      vertex 24.3565158844 11.5035896301 12.0203952789
      vertex 24.3595142365 11.5039768219 12.0046262741
      vertex 24.3565425873 11.4833202362 12.0190792084
    endloop
  endfacet
  facet normal -0.989822030067 -0.133651986718 -0.0488823615015
    outer loop
      vertex 24.3589916229 11.4844141006 12.0013418198
      vertex 24.3565425873 11.4833202362 12.0190792084
      vertex 24.3595142365 11.5039768219 12.0046262741
    endloop
  endfacet
  facet normal 0.616252601147 -0.599736988544 -0.510439276695
    outer loop
      vertex 24.4578914642 11.4837589264 12.0208148956
      vertex 24.4381828308 11.4840593338 12.0008192062
      vertex 24.4391422272 11.5041627884 12.0189151764
    endloop
  endfacet
  facet normal 0.979070365429 -0.172281041741 -0.10835339129
    outer loop
      vertex 24.4381828308 11.4840593338 12.0008192062
      vertex 24.4359760284 11.5051021576 12.0015125275
      vertex 24.4391422272 11.5041627884 12.0189151764
    endloop
  endfacet
  facet normal -0.981703937054 -0.185620948672 -0.0424534194171
    outer loop
      vertex 24.3574485779 11.5243902206 12.0202198029
      vertex 24.3595142365 11.5039768219 12.0046262741
      vertex 24.3565158844 11.5035896301 12.0203952789
    endloop
  endfacet
  facet normal -0.184553742409 -0.776079833508 -0.603025734425
    outer loop
      vertex 24.3595142365 11.5039768219 12.0046262741
      vertex 24.3763179779 11.5259637833 12.0177145004
      vertex 24.3771781921 11.5040855408 12.0005102158
    endloop
  endfacet
  facet normal -0.154424309731 -0.79261547327 -0.589842200279
    outer loop
      vertex 24.3574485779 11.5243902206 12.0202198029
      vertex 24.3763179779 11.5259637833 12.0177145004
      vertex 24.3595142365 11.5039768219 12.0046262741
    endloop
  endfacet
  facet normal -0.474128603935 -0.701061785221 -0.532648563385
    outer loop
      vertex 24.3771781921 11.5040855408 12.0005102158
      vertex 24.3763179779 11.5259637833 12.0177145004
      vertex 24.3974266052 11.5247917175 12.0025482178
    endloop
  endfacet
  facet normal 0.546223759651 -0.64588111639 -0.533364057541
    outer loop
      vertex 24.4359760284 11.5051021576 12.0015125275
      vertex 24.4174900055 11.5237855911 12.0013074875
      vertex 24.4381351471 11.5246219635 12.0194578171
    endloop
  endfacet
  facet normal 0.982964098454 -0.17597450316 -0.053052674979
    outer loop
      vertex 24.4359760284 11.5051021576 12.0015125275
      vertex 24.4381351471 11.5246219635 12.0194578171
      vertex 24.4391422272 11.5041627884 12.0189151764
    endloop
  endfacet
  facet normal -0.102435790002 -0.991495490074 -0.0802722424269
    outer loop
      vertex 24.3764533997 11.5463619232 12.0193519592
      vertex 24.3763179779 11.5259637833 12.0177145004
      vertex 24.3578872681 11.5457220078 12.0212182999
    endloop
  endfacet
  facet normal -0.135479837656 -0.989562451839 -0.0491055473685
    outer loop
      vertex 24.3574485779 11.5243902206 12.0202198029
      vertex 24.3578872681 11.5457220078 12.0212182999
      vertex 24.3763179779 11.5259637833 12.0177145004
    endloop
  endfacet
  facet normal -0.485860913992 -0.715069413185 -0.502608120441
    outer loop
      vertex 24.3974266052 11.5247917175 12.0025482178
      vertex 24.3763179779 11.5259637833 12.0177145004
      vertex 24.3966732025 11.546620369 12.0184030533
    endloop
  endfacet
  facet normal -0.0477501824498 -0.995631098747 -0.0802411735058
    outer loop
      vertex 24.3763179779 11.5259637833 12.0177145004
      vertex 24.3764533997 11.5463619232 12.0193519592
      vertex 24.3966732025 11.546620369 12.0184030533
    endloop
  endfacet
  facet normal -0.0171849913895 -0.782557785511 -0.622340679169
    outer loop
      vertex 24.3974266052 11.5247917175 12.0025482178
      vertex 24.4177951813 11.545249939 12.0183706284
      vertex 24.4174900055 11.5237855911 12.0013074875
    endloop
  endfacet
  facet normal 0.0369170941412 -0.807940423489 -0.588106632233
    outer loop
      vertex 24.3966732025 11.546620369 12.0184030533
      vertex 24.4177951813 11.545249939 12.0183706284
      vertex 24.3974266052 11.5247917175 12.0025482178
    endloop
  endfacet
  facet normal 0.55504655838 -0.6549680233 -0.512776970863
    outer loop
      vertex 24.4174900055 11.5237855911 12.0013074875
      vertex 24.4177951813 11.545249939 12.0183706284
      vertex 24.4381351471 11.5246219635 12.0194578171
    endloop
  endfacet
  facet normal 0.145499557257 -0.985113620758 -0.0915480554104
    outer loop
      vertex 24.4177951813 11.545249939 12.0183706284
      vertex 24.438035965 11.5460119247 12.0214309692
      vertex 24.4381351471 11.5246219635 12.0194578171
    endloop
  endfacet
  facet normal -0.0722400173545 -0.997367918491 -0.00621464056894
    outer loop
      vertex 24.3767871857 11.5667715073 12.0194549561
      vertex 24.3764533997 11.5463619232 12.0193519592
      vertex 24.3580970764 11.5665426254 12.0208072662
    endloop
  endfacet
  facet normal -0.099366478622 -0.99487632513 0.018639203161
    outer loop
      vertex 24.3578872681 11.5457220078 12.0212182999
      vertex 24.3580970764 11.5665426254 12.0208072662
      vertex 24.3764533997 11.5463619232 12.0193519592
    endloop
  endfacet
  facet normal -0.00608017807826 -0.998916268349 -0.0461439341307
    outer loop
      vertex 24.397562027 11.5673618317 12.0193557739
      vertex 24.3966732025 11.546620369 12.0184030533
      vertex 24.3767871857 11.5667715073 12.0194549561
    endloop
  endfacet
  facet normal -0.0469512529671 -0.998880267143 -0.00580869149417
    outer loop
      vertex 24.3764533997 11.5463619232 12.0193519592
      vertex 24.3767871857 11.5667715073 12.0194549561
      vertex 24.3966732025 11.546620369 12.0184030533
    endloop
  endfacet
  facet normal 0.00185764022171 -0.998631894588 -0.0522582419217
    outer loop
      vertex 24.4177951813 11.545249939 12.0183706284
      vertex 24.3966732025 11.546620369 12.0184030533
      vertex 24.4180202484 11.5664367676 12.0194797516
    endloop
  endfacet
  facet normal 0.00811257120222 -0.998929738998 -0.0455363541842
    outer loop
      vertex 24.4180202484 11.5664367676 12.0194797516
      vertex 24.3966732025 11.546620369 12.0184030533
      vertex 24.397562027 11.5673618317 12.0193557739
    endloop
  endfacet
  facet normal 0.0833451449871 -0.996429085732 0.0135148018599
    outer loop
      vertex 24.4387359619 11.5660085678 12.0212182999
      vertex 24.438035965 11.5460119247 12.0214309692
      vertex 24.4180202484 11.5664367676 12.0194797516
    endloop
  endfacet
  facet normal 0.147463724017 -0.98779553175 -0.0501441955566
    outer loop
      vertex 24.4177951813 11.545249939 12.0183706284
      vertex 24.4180202484 11.5664367676 12.0194797516
      vertex 24.438035965 11.5460119247 12.0214309692
    endloop
  endfacet
  facet normal -0.143444240093 -0.989630043507 -0.00749382236972
    outer loop
      vertex 24.3767242432 11.58735466 12.0196199417
      vertex 24.3767871857 11.5667715073 12.0194549561
      vertex 24.3590831757 11.5874509811 12.0221776962
    endloop
  endfacet
  facet normal -0.0728317499161 -0.99497872591 -0.0686504468322
    outer loop
      vertex 24.3580970764 11.5665426254 12.0208072662
      vertex 24.3590831757 11.5874509811 12.0221776962
      vertex 24.3767871857 11.5667715073 12.0194549561
    endloop
  endfacet
  facet normal 0.000585211790167 -0.99990427494 -0.0138218188658
    outer loop
      vertex 24.3967094421 11.5881643295 12.0196428299
      vertex 24.397562027 11.5673618317 12.0193557739
      vertex 24.3767242432 11.58735466 12.0196199417
    endloop
  endfacet
  facet normal -0.00500124553218 -0.99995547533 -0.00799993705004
    outer loop
      vertex 24.3767871857 11.5667715073 12.0194549561
      vertex 24.3767242432 11.58735466 12.0196199417
      vertex 24.397562027 11.5673618317 12.0193557739
    endloop
  endfacet
  facet normal 0.00632820650935 -0.999962329865 -0.00593601213768
    outer loop
      vertex 24.4180202484 11.5664367676 12.0194797516
      vertex 24.397562027 11.5673618317 12.0193557739
      vertex 24.4173088074 11.5871162415 12.0195980072
    endloop
  endfacet
  facet normal -0.00147681264207 -0.999904572964 -0.0137373106554
    outer loop
      vertex 24.4173088074 11.5871162415 12.0195980072
      vertex 24.397562027 11.5673618317 12.0193557739
      vertex 24.3967094421 11.5881643295 12.0196428299
    endloop
  endfacet
  facet normal 0.0842599868774 -0.995900928974 -0.0328881032765
    outer loop
      vertex 24.4387359619 11.5660085678 12.0212182999
      vertex 24.4180202484 11.5664367676 12.0194797516
      vertex 24.4372825623 11.5867128372 12.0217790604
    endloop
  endfacet
  facet normal 0.108733981848 -0.994026184082 -0.00942515861243
    outer loop
      vertex 24.4372825623 11.5867128372 12.0217790604
      vertex 24.4180202484 11.5664367676 12.0194797516
      vertex 24.4173088074 11.5871162415 12.0195980072
    endloop
  endfacet
  facet normal -0.142026096582 -0.983715057373 -0.110151074827
    outer loop
      vertex 24.3590831757 11.5874509811 12.0221776962
      vertex 24.37707901 11.6066684723 12.0217313766
      vertex 24.3767242432 11.58735466 12.0196199417
    endloop
  endfacet
  facet normal -0.00326667469926 -0.994065523148 -0.108733810484
    outer loop
      vertex 24.3767242432 11.58735466 12.0196199417
      vertex 24.37707901 11.6066684723 12.0217313766
      vertex 24.3967094421 11.5881643295 12.0196428299
    endloop
  endfacet
  facet normal 0.0393935851753 -0.987403690815 -0.153238743544
    outer loop
      vertex 24.397228241 11.6099872589 12.0230503082
      vertex 24.3967094421 11.5881643295 12.0196428299
      vertex 24.37707901 11.6066684723 12.0217313766
    endloop
  endfacet
  facet normal -0.0282041020691 -0.987532794476 -0.154865920544
    outer loop
      vertex 24.397228241 11.6099872589 12.0230503082
      vertex 24.4175128937 11.6062927246 12.0218915939
      vertex 24.3967094421 11.5881643295 12.0196428299
    endloop
  endfacet
  facet normal 0.00387966143899 -0.992920637131 -0.118716165423
    outer loop
      vertex 24.4173088074 11.5871162415 12.0195980072
      vertex 24.3967094421 11.5881643295 12.0196428299
      vertex 24.4175128937 11.6062927246 12.0218915939
    endloop
  endfacet
  facet normal 0.110139146447 -0.987020015717 -0.116879560053
    outer loop
      vertex 24.4175128937 11.6062927246 12.0218915939
      vertex 24.4372825623 11.5867128372 12.0217790604
      vertex 24.4173088074 11.5871162415 12.0195980072
    endloop
  endfacet
  facet normal -0.177808761597 0.965049028397 0.192521288991
    outer loop
      vertex 24.3997154236 11.067688942 12.0157632828
      vertex 24.419008255 11.049115181 12.0156126022
      vertex 24.4177379608 11.0686788559 12.0192813873
    endloop
  endfacet
  facet normal -0.0842124149203 0.983673632145 0.159042432904
    outer loop
      vertex 24.4401340485 11.0480508804 12.0172491074
      vertex 24.4366531372 11.0686864853 12.0202875137
      vertex 24.419008255 11.049115181 12.0156126022
    endloop
  endfacet
  facet normal -0.0521007999778 0.980913579464 0.187334001064
    outer loop
      vertex 24.4366531372 11.0686864853 12.0202875137
      vertex 24.4177379608 11.0686788559 12.0192813873
      vertex 24.419008255 11.049115181 12.0156126022
    endloop
  endfacet
  facet normal 0.00976307038218 0.983869850636 0.178619280457
    outer loop
      vertex 24.460401535 11.0481290817 12.0170621872
      vertex 24.458152771 11.0687608719 12.0208301544
      vertex 24.4401340485 11.0480508804 12.0172491074
    endloop
  endfacet
  facet normal -0.02442987822 0.988435804844 0.149659216404
    outer loop
      vertex 24.458152771 11.0687608719 12.0208301544
      vertex 24.4366531372 11.0686864853 12.0202875137
      vertex 24.4401340485 11.0480508804 12.0172491074
    endloop
  endfacet
  facet normal 0.101884387434 0.986545026302 0.127860963345
    outer loop
      vertex 24.4766407013 11.0483980179 12.01541996
      vertex 24.4767017365 11.0683803558 12.0180034637
      vertex 24.460401535 11.0481290817 12.0170621872
    endloop
  endfacet
  facet normal 0.14539539814 0.975955665112 0.162390649319
    outer loop
      vertex 24.4767017365 11.0683803558 12.0180034637
      vertex 24.458152771 11.0687608719 12.0208301544
      vertex 24.460401535 11.0481290817 12.0170621872
    endloop
  endfacet
  facet normal -0.182187452912 0.973061323166 0.141277655959
    outer loop
      vertex 24.4177379608 11.0686788559 12.0192813873
      vertex 24.4169960022 11.0883493423 12.0219984055
      vertex 24.3997154236 11.067688942 12.0157632828
    endloop
  endfacet
  facet normal -0.206092596054 0.971062421799 0.1206798926
    outer loop
      vertex 24.4169960022 11.0883493423 12.0219984055
      vertex 24.3975753784 11.0895843506 12.0180301666
      vertex 24.3997154236 11.067688942 12.0157632828
    endloop
  endfacet
  facet normal -0.408230245113 0.77902007103 0.47589468956
    outer loop
      vertex 24.4394302368 11.0910043716 12.0353765488
      vertex 24.4169960022 11.0883493423 12.0219984055
      vertex 24.4366531372 11.0686864853 12.0202875137
    endloop
  endfacet
  facet normal -0.0525482147932 0.988955676556 0.138583183289
    outer loop
      vertex 24.4169960022 11.0883493423 12.0219984055
      vertex 24.4177379608 11.0686788559 12.0192813873
      vertex 24.4366531372 11.0686864853 12.0202875137
    endloop
  endfacet
  facet normal -0.0190011430532 0.82937335968 0.558371603489
    outer loop
      vertex 24.458152771 11.0687608719 12.0208301544
      vertex 24.4394302368 11.0910043716 12.0353765488
      vertex 24.4366531372 11.0686864853 12.0202875137
    endloop
  endfacet
  facet normal -0.114591926336 0.784481287003 0.609473407269
    outer loop
      vertex 24.4586219788 11.0899295807 12.0373449326
      vertex 24.4394302368 11.0910043716 12.0353765488
      vertex 24.458152771 11.0687608719 12.0208301544
    endloop
  endfacet
  facet normal 0.0897644236684 0.784295976162 0.61385846138
    outer loop
      vertex 24.4586219788 11.0899295807 12.0373449326
      vertex 24.458152771 11.0687608719 12.0208301544
      vertex 24.4757556915 11.0902576447 12.0356407166
    endloop
  endfacet
  facet normal 0.105568245053 0.776387810707 0.621351182461
    outer loop
      vertex 24.4767017365 11.0683803558 12.0180034637
      vertex 24.4757556915 11.0902576447 12.0356407166
      vertex 24.458152771 11.0687608719 12.0208301544
    endloop
  endfacet
  facet normal 0.951213717461 0.258997917175 0.167667925358
    outer loop
      vertex 24.4757556915 11.0902576447 12.0356407166
      vertex 24.4767017365 11.0683803558 12.0180034637
      vertex 24.4804363251 11.0903997421 12.0185422897
    endloop
  endfacet
  facet normal -0.877721488476 0.463422656059 0.12183778733
    outer loop
      vertex 24.3975753784 11.0895843506 12.0180301666
      vertex 24.4022712708 11.1121139526 12.0328474045
      vertex 24.3953056335 11.109621048 12.0189990997
    endloop
  endfacet
  facet normal -0.203328311443 0.83696860075 0.50807595253
    outer loop
      vertex 24.4169960022 11.0883493423 12.0219984055
      vertex 24.4022712708 11.1121139526 12.0328474045
      vertex 24.3975753784 11.0895843506 12.0180301666
    endloop
  endfacet
  facet normal -0.264374196529 0.80490219593 0.531261503696
    outer loop
      vertex 24.4202289581 11.1103601456 12.0375881195
      vertex 24.4022712708 11.1121139526 12.0328474045
      vertex 24.4169960022 11.0883493423 12.0219984055
    endloop
  endfacet
  facet normal -0.40347841382 0.773582279682 0.488646686077
    outer loop
      vertex 24.4394302368 11.0910043716 12.0353765488
      vertex 24.4202289581 11.1103601456 12.0375881195
      vertex 24.4169960022 11.0883493423 12.0219984055
    endloop
  endfacet
  facet normal 0.759302020073 0.535824656487 0.369259297848
    outer loop
      vertex 24.4895401001 11.1101465225 12.0192499161
      vertex 24.4773960114 11.1118154526 12.0376091003
      vertex 24.4804363251 11.0903997421 12.0185422897
    endloop
  endfacet
  facet normal 0.960171997547 0.262037664652 0.0969847664237
    outer loop
      vertex 24.4773960114 11.1118154526 12.0376091003
      vertex 24.4757556915 11.0902576447 12.0356407166
      vertex 24.4804363251 11.0903997421 12.0185422897
    endloop
  endfacet
  facet normal -0.892176687717 0.45144110918 0.0148883573711
    outer loop
      vertex 24.3953056335 11.109621048 12.0189990997
      vertex 24.4022712708 11.1121139526 12.0328474045
      vertex 24.3953514099 11.1300983429 12.0197649002
    endloop
  endfacet
  facet normal -0.950224816799 0.253386110067 0.181295990944
    outer loop
      vertex 24.4022712708 11.1121139526 12.0328474045
      vertex 24.3994102478 11.1334753036 12.037402153
      vertex 24.3953514099 11.1300983429 12.0197649002
    endloop
  endfacet
  facet normal 0.782364487648 0.481613010168 -0.394910991192
    outer loop
      vertex 24.4895401001 11.1101465225 12.0192499161
      vertex 24.4799861908 11.1288471222 12.0194358826
      vertex 24.4773960114 11.1118154526 12.0376091003
    endloop
  endfacet
  facet normal 0.994499146938 0.0641200244427 0.0828257873654
    outer loop
      vertex 24.4799861908 11.1288471222 12.0194358826
      vertex 24.4789829254 11.1316833496 12.0386600494
      vertex 24.4773960114 11.1118154526 12.0376091003
    endloop
  endfacet
  facet normal -0.971841990948 0.231777325273 0.0424542799592
    outer loop
      vertex 24.3953514099 11.1300983429 12.0197649002
      vertex 24.3994102478 11.1334753036 12.037402153
      vertex 24.3946075439 11.1509637833 12.0204677582
    endloop
  endfacet
  facet normal -0.980933666229 0.147417530417 0.12663808465
    outer loop
      vertex 24.3994102478 11.1334753036 12.037402153
      vertex 24.3973293304 11.1517543793 12.0392580032
      vertex 24.3946075439 11.1509637833 12.0204677582
    endloop
  endfacet
  facet normal 0.997399389744 0.0435830913484 -0.0574018247426
    outer loop
      vertex 24.4799861908 11.1288471222 12.0194358826
      vertex 24.4786987305 11.1498708725 12.0212097168
      vertex 24.4789829254 11.1316833496 12.0386600494
    endloop
  endfacet
  facet normal 0.99546200037 -0.0759568437934 0.0573229975998
    outer loop
      vertex 24.4789829254 11.1316833496 12.0386600494
      vertex 24.4786987305 11.1498708725 12.0212097168
      vertex 24.4803848267 11.151761055 12.0418806076
    endloop
  endfacet
  facet normal -0.68556624651 0.571011185646 0.451602786779
    outer loop
      vertex 24.3782291412 11.1731805801 12.0183744431
      vertex 24.3946075439 11.1509637833 12.0204677582
      vertex 24.3966236115 11.1717281342 12.0393104553
    endloop
  endfacet
  facet normal -0.988842010498 0.144720762968 0.0353181138635
    outer loop
      vertex 24.3946075439 11.1509637833 12.0204677582
      vertex 24.3973293304 11.1517543793 12.0392580032
      vertex 24.3966236115 11.1717281342 12.0393104553
    endloop
  endfacet
  facet normal 0.9938326478 -0.0873161926866 -0.0683557912707
    outer loop
      vertex 24.4803848267 11.151761055 12.0418806076
      vertex 24.4786987305 11.1498708725 12.0212097168
      vertex 24.4786491394 11.1729507446 12.0387134552
    endloop
  endfacet
  facet normal 0.999827563763 -0.0136994924396 -0.0125378444791
    outer loop
      vertex 24.47838974 11.1714277267 12.0183877945
      vertex 24.4786491394 11.1729507446 12.0387134552
      vertex 24.4786987305 11.1498708725 12.0212097168
    endloop
  endfacet
  facet normal -0.752002954483 0.65799087286 0.0392367988825
    outer loop
      vertex 24.3955135345 11.1932754517 12.0393266678
      vertex 24.3782291412 11.1731805801 12.0183744431
      vertex 24.3966236115 11.1717281342 12.0393104553
    endloop
  endfacet
  facet normal -0.788861513138 0.613330185413 -0.0390328466892
    outer loop
      vertex 24.3790550232 11.1940526962 12.0181083679
      vertex 24.3782291412 11.1731805801 12.0183744431
      vertex 24.3955135345 11.1932754517 12.0393266678
    endloop
  endfacet
  facet normal 0.999083757401 0.015702476725 -0.0398131683469
    outer loop
      vertex 24.4778213501 11.1937942505 12.0385341644
      vertex 24.4786491394 11.1729507446 12.0387134552
      vertex 24.4781703949 11.1927452087 12.0189857483
    endloop
  endfacet
  facet normal 0.999851167202 -0.0135597018525 -0.0106682311743
    outer loop
      vertex 24.47838974 11.1714277267 12.0183877945
      vertex 24.4781703949 11.1927452087 12.0189857483
      vertex 24.4786491394 11.1729507446 12.0387134552
    endloop
  endfacet
  facet normal -0.818618714809 -0.304043263197 0.487258702517
    outer loop
      vertex 24.381772995 11.2164554596 12.0391740799
      vertex 24.3909397125 11.2124233246 12.0209550858
      vertex 24.3955135345 11.1932754517 12.0393266678
    endloop
  endfacet
  facet normal -0.724307596684 0.57572388649 -0.379368543625
    outer loop
      vertex 24.3790550232 11.1940526962 12.0181083679
      vertex 24.3955135345 11.1932754517 12.0393266678
      vertex 24.3909397125 11.2124233246 12.0209550858
    endloop
  endfacet
  facet normal 0.999593615532 0.016604622826 -0.0231719650328
    outer loop
      vertex 24.4781703949 11.1927452087 12.0189857483
      vertex 24.4776763916 11.2132997513 12.0200405121
      vertex 24.4778213501 11.1937942505 12.0385341644
    endloop
  endfacet
  facet normal 0.999209463596 0.0248751603067 -0.0310106147081
    outer loop
      vertex 24.4778213501 11.1937942505 12.0385341644
      vertex 24.4776763916 11.2132997513 12.0200405121
      vertex 24.477180481 11.2139949799 12.0390939713
    endloop
  endfacet
  facet normal -0.977603018284 0.0216037146747 0.209345728159
    outer loop
      vertex 24.3775806427 11.2339410782 12.0189037323
      vertex 24.381772995 11.2164554596 12.0391740799
      vertex 24.3777523041 11.2351827621 12.0387039185
    endloop
  endfacet
  facet normal -0.801333963871 -0.287024259567 0.524862825871
    outer loop
      vertex 24.3909397125 11.2124233246 12.0209550858
      vertex 24.381772995 11.2164554596 12.0391740799
      vertex 24.3775806427 11.2339410782 12.0189037323
    endloop
  endfacet
  facet normal 0.991619944572 0.0211589187384 -0.127444833517
    outer loop
      vertex 24.4776763916 11.2132997513 12.0200405121
      vertex 24.475069046 11.2337093353 12.0193033218
      vertex 24.477180481 11.2139949799 12.0390939713
    endloop
  endfacet
  facet normal 0.993223309517 -0.115801490843 0.00987386330962
    outer loop
      vertex 24.477180481 11.2139949799 12.0390939713
      vertex 24.475069046 11.2337093353 12.0193033218
      vertex 24.4774208069 11.2347917557 12.0393819809
    endloop
  endfacet
  facet normal -0.992383241653 0.110423743725 -0.0546083785594
    outer loop
      vertex 24.3789958954 11.2560138702 12.0395784378
      vertex 24.3767337799 11.2551031113 12.0196990967
      vertex 24.3777523041 11.2351827621 12.0387039185
    endloop
  endfacet
  facet normal -0.99912071228 0.0111958077177 0.040403611958
    outer loop
      vertex 24.3775806427 11.2339410782 12.0189037323
      vertex 24.3777523041 11.2351827621 12.0387039185
      vertex 24.3767337799 11.2551031113 12.0196990967
    endloop
  endfacet
  facet normal 0.993152201176 -0.116661377251 -0.00623146723956
    outer loop
      vertex 24.475069046 11.2337093353 12.0193033218
      vertex 24.4750709534 11.2554187775 12.0204792023
      vertex 24.4774208069 11.2347917557 12.0393819809
    endloop
  endfacet
  facet normal 0.987351596355 -0.155650869012 0.030159637332
    outer loop
      vertex 24.4774208069 11.2347917557 12.0393819809
      vertex 24.4750709534 11.2554187775 12.0204792023
      vertex 24.4780673981 11.255531311 12.0394649506
    endloop
  endfacet
  facet normal -0.992578446865 0.114787176251 0.0401483513415
    outer loop
      vertex 24.3767337799 11.2551031113 12.0196990967
      vertex 24.3789958954 11.2560138702 12.0395784378
      vertex 24.3757915497 11.2756328583 12.0187320709
    endloop
  endfacet
  facet normal -0.987968504429 0.15462718904 -0.00293700653128
    outer loop
      vertex 24.3789958954 11.2560138702 12.0395784378
      vertex 24.378988266 11.2779493332 12.0391130447
      vertex 24.3757915497 11.2756328583 12.0187320709
    endloop
  endfacet
  facet normal 0.986179888248 -0.155302643776 0.0577088333666
    outer loop
      vertex 24.4750709534 11.2554187775 12.0204792023
      vertex 24.4763221741 11.2754096985 12.0209960938
      vertex 24.4780673981 11.255531311 12.0394649506
    endloop
  endfacet
  facet normal 0.992848038673 -0.117363892496 0.0218747872859
    outer loop
      vertex 24.4780673981 11.255531311 12.0394649506
      vertex 24.4763221741 11.2754096985 12.0209960938
      vertex 24.4785175323 11.2762432098 12.0394124985
    endloop
  endfacet
  facet normal -0.987955212593 0.151238694787 -0.0327314250171
    outer loop
      vertex 24.3757915497 11.2756328583 12.0187320709
      vertex 24.378988266 11.2779493332 12.0391130447
      vertex 24.3766555786 11.2965259552 12.0198545456
    endloop
  endfacet
  facet normal -0.996194958687 0.0675771012902 0.055035751313
    outer loop
      vertex 24.378988266 11.2779493332 12.0391130447
      vertex 24.3778686523 11.2984495163 12.0393037796
      vertex 24.3766555786 11.2965259552 12.0198545456
    endloop
  endfacet
  facet normal 0.988738298416 -0.121799595654 -0.0869564563036
    outer loop
      vertex 24.4763221741 11.2754096985 12.0209960938
      vertex 24.4743289948 11.2958450317 12.019405365
      vertex 24.4785175323 11.2762432098 12.0394124985
    endloop
  endfacet
  facet normal 0.97714215517 -0.212435171008 0.00803108327091
    outer loop
      vertex 24.4785175323 11.2762432098 12.0394124985
      vertex 24.4743289948 11.2958450317 12.019405365
      vertex 24.4786949158 11.2969684601 12.0394449234
    endloop
  endfacet
  facet normal -0.996587693691 0.0669352039695 0.0482978001237
    outer loop
      vertex 24.3766555786 11.2965259552 12.0198545456
      vertex 24.3778686523 11.2984495163 12.0393037796
      vertex 24.3756542206 11.3167295456 12.0195236206
    endloop
  endfacet
  facet normal -0.996616065502 0.0557674206793 0.060385491699
    outer loop
      vertex 24.3778686523 11.2984495163 12.0393037796
      vertex 24.3766345978 11.3189258575 12.0394220352
      vertex 24.3756542206 11.3167295456 12.0195236206
    endloop
  endfacet
  facet normal 0.971307039261 -0.217062801123 -0.0971926897764
    outer loop
      vertex 24.4743289948 11.2958450317 12.019405365
      vertex 24.4733276367 11.3172874451 12.0245256424
      vertex 24.4786949158 11.2969684601 12.0394449234
    endloop
  endfacet
  facet normal 0.959600687027 -0.276850938797 -0.0502008199692
    outer loop
      vertex 24.4786949158 11.2969684601 12.0394449234
      vertex 24.4733276367 11.3172874451 12.0245256424
      vertex 24.4782028198 11.3160943985 12.0412073135
    endloop
  endfacet
  facet normal -0.992652058601 0.0604752488434 0.104807570577
    outer loop
      vertex 24.3756542206 11.3167295456 12.0195236206
      vertex 24.3766345978 11.3189258575 12.0394220352
      vertex 24.3735637665 11.3367404938 12.0198907852
    endloop
  endfacet
  facet normal -0.99303483963 0.0690658539534 0.0954551622272
    outer loop
      vertex 24.3766345978 11.3189258575 12.0394220352
      vertex 24.3746738434 11.3397054672 12.0399494171
      vertex 24.3735637665 11.3367404938 12.0198907852
    endloop
  endfacet
  facet normal 0.80884873867 -0.529980361462 -0.254724472761
    outer loop
      vertex 24.4733276367 11.3172874451 12.0245256424
      vertex 24.4618034363 11.3389539719 12.0173511505
      vertex 24.4765491486 11.3378410339 12.0393209457
    endloop
  endfacet
  facet normal 0.959636449814 -0.276950895786 -0.0489495843649
    outer loop
      vertex 24.4733276367 11.3172874451 12.0245256424
      vertex 24.4765491486 11.3378410339 12.0393209457
      vertex 24.4782028198 11.3160943985 12.0412073135
    endloop
  endfacet
  facet normal -0.808388233185 0.129613548517 0.574202716351
    outer loop
      vertex 24.3746738434 11.3397054672 12.0399494171
      vertex 24.3580226898 11.3586397171 12.0199785233
      vertex 24.3735637665 11.3367404938 12.0198907852
    endloop
  endfacet
  facet normal -0.800889134407 0.109623014927 0.588692903519
    outer loop
      vertex 24.3594741821 11.3603363037 12.0396938324
      vertex 24.3580226898 11.3586397171 12.0199785233
      vertex 24.3746738434 11.3397054672 12.0399494171
    endloop
  endfacet
  facet normal 0.813086867332 -0.581315517426 -0.0310157816857
    outer loop
      vertex 24.4765491486 11.3378410339 12.0393209457
      vertex 24.4612522125 11.3596687317 12.0190896988
      vertex 24.4767150879 11.3586044312 12.0406608582
    endloop
  endfacet
  facet normal 0.8299664855 -0.553585529327 -0.0685469731688
    outer loop
      vertex 24.4618034363 11.3389539719 12.0173511505
      vertex 24.4612522125 11.3596687317 12.0190896988
      vertex 24.4765491486 11.3378410339 12.0393209457
    endloop
  endfacet
  facet normal -0.990767359734 0.11893350631 0.0650757700205
    outer loop
      vertex 24.3563671112 11.3799762726 12.0178613663
      vertex 24.3580226898 11.3586397171 12.0199785233
      vertex 24.3587398529 11.3798017502 12.0375318527
    endloop
  endfacet
  facet normal -0.99668943882 0.0758892446756 0.0291710309684
    outer loop
      vertex 24.3594741821 11.3603363037 12.0396938324
      vertex 24.3587398529 11.3798017502 12.0375318527
      vertex 24.3580226898 11.3586397171 12.0199785233
    endloop
  endfacet
  facet normal 0.807917177677 -0.585863769054 -0.0635101497173
    outer loop
      vertex 24.4597129822 11.3807449341 12.0192518234
      vertex 24.4756069183 11.3790845871 12.0409898758
      vertex 24.4612522125 11.3596687317 12.0190896988
    endloop
  endfacet
  facet normal 0.812841951847 -0.580040454865 -0.0533007010818
    outer loop
      vertex 24.4767150879 11.3586044312 12.0406608582
      vertex 24.4612522125 11.3596687317 12.0190896988
      vertex 24.4756069183 11.3790845871 12.0409898758
    endloop
  endfacet
  facet normal -0.992473781109 0.119936056435 -0.024720184505
    outer loop
      vertex 24.3587398529 11.3798017502 12.0375318527
      vertex 24.3571949005 11.4007501602 12.0204296112
      vertex 24.3563671112 11.3799762726 12.0178613663
    endloop
  endfacet
  facet normal -0.722993254662 0.560323774815 -0.4041261971
    outer loop
      vertex 24.3587398529 11.3798017502 12.0375318527
      vertex 24.3734111786 11.4007587433 12.0413475037
      vertex 24.3571949005 11.4007501602 12.0204296112
    endloop
  endfacet
  facet normal 0.734998643398 -0.502637922764 -0.455117672682
    outer loop
      vertex 24.4756069183 11.3790845871 12.0409898758
      vertex 24.4597129822 11.3807449341 12.0192518234
      vertex 24.4606590271 11.4003505707 12.0383872986
    endloop
  endfacet
  facet normal 0.993307948112 -0.102882310748 -0.0524841807783
    outer loop
      vertex 24.4597129822 11.3807449341 12.0192518234
      vertex 24.4586925507 11.4013118744 12.0198917389
      vertex 24.4606590271 11.4003505707 12.0383872986
    endloop
  endfacet
  facet normal -0.990681231022 0.133535817266 0.0268121939152
    outer loop
      vertex 24.3571949005 11.4007501602 12.0204296112
      vertex 24.3590011597 11.4222173691 12.0381402969
      vertex 24.3564243317 11.4209098816 12.0187606812
    endloop
  endfacet
  facet normal -0.723562896252 0.561096131802 0.402029663324
    outer loop
      vertex 24.3734111786 11.4007587433 12.0413475037
      vertex 24.3590011597 11.4222173691 12.0381402969
      vertex 24.3571949005 11.4007501602 12.0204296112
    endloop
  endfacet
  facet normal 0.994326710701 -0.104760654271 -0.0184286721051
    outer loop
      vertex 24.4606590271 11.4003505707 12.0383872986
      vertex 24.4586925507 11.4013118744 12.0198917389
      vertex 24.4603118896 11.4210214615 12.038728714
    endloop
  endfacet
  facet normal 0.984091937542 -0.161670416594 -0.0736597329378
    outer loop
      vertex 24.4568347931 11.4215202332 12.0177907944
      vertex 24.4603118896 11.4210214615 12.038728714
      vertex 24.4586925507 11.4013118744 12.0198917389
    endloop
  endfacet
  facet normal -0.990451574326 0.133907809854 0.0327785722911
    outer loop
      vertex 24.3564243317 11.4209098816 12.0187606812
      vertex 24.3590011597 11.4222173691 12.0381402969
      vertex 24.3557510376 11.4419517517 12.0189313889
    endloop
  endfacet
  facet normal -0.99197524786 0.11587189883 0.050585180521
    outer loop
      vertex 24.3590011597 11.4222173691 12.0381402969
      vertex 24.3580341339 11.4428300858 12.038860321
      vertex 24.3557510376 11.4419517517 12.0189313889
    endloop
  endfacet
  facet normal 0.644361436367 -0.626386761665 0.438677489758
    outer loop
      vertex 24.4768009186 11.4422636032 12.0408143997
      vertex 24.4603118896 11.4210214615 12.038728714
      vertex 24.4575862885 11.4432411194 12.0203638077
    endloop
  endfacet
  facet normal 0.986326813698 -0.164145946503 0.0146804135293
    outer loop
      vertex 24.4603118896 11.4210214615 12.038728714
      vertex 24.4568347931 11.4215202332 12.0177907944
      vertex 24.4575862885 11.4432411194 12.0203638077
    endloop
  endfacet
  facet normal -0.993247032166 0.112546555698 -0.0281709246337
    outer loop
      vertex 24.3557510376 11.4419517517 12.0189313889
      vertex 24.3580341339 11.4428300858 12.038860321
      vertex 24.3564548492 11.4622898102 12.0200519562
    endloop
  endfacet
  facet normal -0.99649310112 0.0836747512221 -2.07939774555e-06
    outer loop
      vertex 24.3580341339 11.4428300858 12.038860321
      vertex 24.3580493927 11.4640007019 12.0390415192
      vertex 24.3564548492 11.4622898102 12.0200519562
    endloop
  endfacet
  facet normal 0.650512754917 -0.588233947754 -0.480431050062
    outer loop
      vertex 24.4768009186 11.4422636032 12.0408143997
      vertex 24.4575862885 11.4432411194 12.0203638077
      vertex 24.4596328735 11.4630270004 12.0387868881
    endloop
  endfacet
  facet normal 0.99353146553 -0.113519132137 -0.0029326621443
    outer loop
      vertex 24.4575862885 11.4432411194 12.0203638077
      vertex 24.4573612213 11.463637352 12.0189208984
      vertex 24.4596328735 11.4630270004 12.0387868881
    endloop
  endfacet
  facet normal -0.996521055698 0.0829569995403 -0.0079946052283
    outer loop
      vertex 24.3564548492 11.4622898102 12.0200519562
      vertex 24.3580493927 11.4640007019 12.0390415192
      vertex 24.3565425873 11.4833202362 12.0190792084
    endloop
  endfacet
  facet normal -0.998353123665 0.0257405433804 0.0512683801353
    outer loop
      vertex 24.3580493927 11.4640007019 12.0390415192
      vertex 24.3570022583 11.4845228195 12.0393028259
      vertex 24.3565425873 11.4833202362 12.0190792084
    endloop
  endfacet
  facet normal 0.650702178478 -0.599963009357 0.465436398983
    outer loop
      vertex 24.4765071869 11.4837427139 12.0410175323
      vertex 24.4596328735 11.4630270004 12.0387868881
      vertex 24.4578914642 11.4837589264 12.0208148956
    endloop
  endfacet
  facet normal 0.993353486061 -0.114063255489 0.015440355055
    outer loop
      vertex 24.4596328735 11.4630270004 12.0387868881
      vertex 24.4573612213 11.463637352 12.0189208984
      vertex 24.4578914642 11.4837589264 12.0208148956
    endloop
  endfacet
  facet normal -0.999734044075 0.022889982909 0.00280323275365
    outer loop
      vertex 24.3565425873 11.4833202362 12.0190792084
      vertex 24.3570022583 11.4845228195 12.0393028259
      vertex 24.3565158844 11.5035896301 12.0203952789
    endloop
  endfacet
  facet normal -0.999467909336 -0.00651821587235 0.0319589935243
    outer loop
      vertex 24.3570022583 11.4845228195 12.0393028259
      vertex 24.3563461304 11.505153656 12.0387563705
      vertex 24.3565158844 11.5035896301 12.0203952789
    endloop
  endfacet
  facet normal 0.603559553623 -0.623836576939 -0.496531784534
    outer loop
      vertex 24.4578914642 11.4837589264 12.0208148956
      vertex 24.4391422272 11.5041627884 12.0189151764
      vertex 24.4590911865 11.504981041 12.0388669968
    endloop
  endfacet
  facet normal 0.648720741272 -0.597385346889 -0.471478670835
    outer loop
      vertex 24.4578914642 11.4837589264 12.0208148956
      vertex 24.4590911865 11.504981041 12.0388669968
      vertex 24.4765071869 11.4837427139 12.0410175323
    endloop
  endfacet
  facet normal -0.998916149139 -0.0130414282903 -0.0446811169386
    outer loop
      vertex 24.3565158844 11.5035896301 12.0203952789
      vertex 24.3563461304 11.505153656 12.0387563705
      vertex 24.3574485779 11.5243902206 12.0202198029
    endloop
  endfacet
  facet normal -0.99833214283 -0.0577090345323 -0.00160544703249
    outer loop
      vertex 24.3563461304 11.505153656 12.0387563705
      vertex 24.3563423157 11.5252723694 12.0393819809
      vertex 24.3574485779 11.5243902206 12.0202198029
    endloop
  endfacet
  facet normal 0.706465959549 -0.705479025841 -0.0566145554185
    outer loop
      vertex 24.4590911865 11.504981041 12.0388669968
      vertex 24.4381351471 11.5246219635 12.0194578171
      vertex 24.4580516815 11.5262355804 12.0395317078
    endloop
  endfacet
  facet normal 0.705049037933 -0.707140564919 -0.0534608028829
    outer loop
      vertex 24.4391422272 11.5041627884 12.0189151764
      vertex 24.4381351471 11.5246219635 12.0194578171
      vertex 24.4590911865 11.504981041 12.0388669968
    endloop
  endfacet
  facet normal -0.99661886692 -0.0821296796203 -0.00234466115944
    outer loop
      vertex 24.3563270569 11.5460119247 12.0401592255
      vertex 24.3578872681 11.5457220078 12.0212182999
      vertex 24.3563423157 11.5252723694 12.0393819809
    endloop
  endfacet
  facet normal -0.998005151749 -0.0586875490844 -0.0232710503042
    outer loop
      vertex 24.3574485779 11.5243902206 12.0202198029
      vertex 24.3563423157 11.5252723694 12.0393819809
      vertex 24.3578872681 11.5457220078 12.0212182999
    endloop
  endfacet
  facet normal 0.697573363781 -0.714628517628 -0.0519371554255
    outer loop
      vertex 24.4580516815 11.5262355804 12.0395317078
      vertex 24.438035965 11.5460119247 12.0214309692
      vertex 24.4565849304 11.5476284027 12.0396547318
    endloop
  endfacet
  facet normal 0.705471515656 -0.705435276031 -0.0683451741934
    outer loop
      vertex 24.4381351471 11.5246219635 12.0194578171
      vertex 24.438035965 11.5460119247 12.0214309692
      vertex 24.4580516815 11.5262355804 12.0395317078
    endloop
  endfacet
  facet normal -0.995566368103 -0.0937049686909 -0.0081825889647
    outer loop
      vertex 24.3580970764 11.5665426254 12.0208072662
      vertex 24.3578872681 11.5457220078 12.0212182999
      vertex 24.356420517 11.5667409897 12.0386371613
    endloop
  endfacet
  facet normal -0.996625304222 -0.0820708572865 0.00153273181058
    outer loop
      vertex 24.3563270569 11.5460119247 12.0401592255
      vertex 24.356420517 11.5667409897 12.0386371613
      vertex 24.3578872681 11.5457220078 12.0212182999
    endloop
  endfacet
  facet normal 0.707536041737 -0.706352353096 0.0214267708361
    outer loop
      vertex 24.4565849304 11.5476284027 12.0396547318
      vertex 24.4387359619 11.5660085678 12.0212182999
      vertex 24.4566783905 11.5673770905 12.0391492844
    endloop
  endfacet
  facet normal 0.701887726784 -0.711562216282 0.0321376733482
    outer loop
      vertex 24.438035965 11.5460119247 12.0214309692
      vertex 24.4387359619 11.5660085678 12.0212182999
      vertex 24.4565849304 11.5476284027 12.0396547318
    endloop
  endfacet
  facet normal -0.988751828671 -0.149326726794 -0.00844370108098
    outer loop
      vertex 24.3564453125 11.5868301392 12.0396089554
      vertex 24.3590831757 11.5874509811 12.0221776962
      vertex 24.356420517 11.5667409897 12.0386371613
    endloop
  endfacet
  facet normal -0.994150936604 -0.0940710678697 -0.0530527979136
    outer loop
      vertex 24.3580970764 11.5665426254 12.0208072662
      vertex 24.356420517 11.5667409897 12.0386371613
      vertex 24.3590831757 11.5874509811 12.0221776962
    endloop
  endfacet
  facet normal 0.700950920582 -0.710232853889 -0.0650928989053
    outer loop
      vertex 24.4566783905 11.5673770905 12.0391492844
      vertex 24.4372825623 11.5867128372 12.0217790604
      vertex 24.4566402435 11.5872983932 12.0409374237
    endloop
  endfacet
  facet normal 0.702601492405 -0.708278357983 -0.0685044229031
    outer loop
      vertex 24.4387359619 11.5660085678 12.0212182999
      vertex 24.4372825623 11.5867128372 12.0217790604
      vertex 24.4566783905 11.5673770905 12.0391492844
    endloop
  endfacet
  facet normal -0.987103462219 -0.147131294012 -0.0630806833506
    outer loop
      vertex 24.3577747345 11.6078824997 12.0397157669
      vertex 24.3590831757 11.5874509811 12.0221776962
      vertex 24.3564453125 11.5868301392 12.0396089554
    endloop
  endfacet
  facet normal -0.566496133804 -0.642873764038 -0.515553593636
    outer loop
      vertex 24.3590831757 11.5874509811 12.0221776962
      vertex 24.3577747345 11.6078824997 12.0397157669
      vertex 24.37707901 11.6066684723 12.0217313766
    endloop
  endfacet
  facet normal 0.505773663521 -0.69233161211 -0.514655172825
    outer loop
      vertex 24.4372825623 11.5867128372 12.0217790604
      vertex 24.4175128937 11.6062927246 12.0218915939
      vertex 24.4387550354 11.608912468 12.0393571854
    endloop
  endfacet
  facet normal 0.616242229939 -0.636815786362 -0.463369369507
    outer loop
      vertex 24.4372825623 11.5867128372 12.0217790604
      vertex 24.4387550354 11.608912468 12.0393571854
      vertex 24.4566402435 11.5872983932 12.0409374237
    endloop
  endfacet
  facet normal -0.578921794891 -0.654257953167 -0.486616998911
    outer loop
      vertex 24.37707901 11.6066684723 12.0217313766
      vertex 24.3577747345 11.6078824997 12.0397157669
      vertex 24.3767280579 11.6279640198 12.0378808975
    endloop
  endfacet
  facet normal -0.172620654106 -0.982266783714 -0.0731719136238
    outer loop
      vertex 24.3577747345 11.6078824997 12.0397157669
      vertex 24.3580913544 11.6292409897 12.0412511826
      vertex 24.3767280579 11.6279640198 12.0378808975
    endloop
  endfacet
  facet normal -0.0470870323479 -0.79621899128 -0.60317337513
    outer loop
      vertex 24.3972301483 11.6300945282 12.0382823944
      vertex 24.397228241 11.6099872589 12.0230503082
      vertex 24.3767280579 11.6279640198 12.0378808975
    endloop
  endfacet
  facet normal -0.0472110323608 -0.796280384064 -0.60308265686
    outer loop
      vertex 24.37707901 11.6066684723 12.0217313766
      vertex 24.3767280579 11.6279640198 12.0378808975
      vertex 24.397228241 11.6099872589 12.0230503082
    endloop
  endfacet
  facet normal 0.0599642433226 -0.810050666332 -0.583285689354
    outer loop
      vertex 24.397228241 11.6099872589 12.0230503082
      vertex 24.4183654785 11.6285085678 12.0379514694
      vertex 24.4175128937 11.6062927246 12.0218915939
    endloop
  endfacet
  facet normal 0.0328124389052 -0.796677589417 -0.60351318121
    outer loop
      vertex 24.3972301483 11.6300945282 12.0382823944
      vertex 24.4183654785 11.6285085678 12.0379514694
      vertex 24.397228241 11.6099872589 12.0230503082
    endloop
  endfacet
  facet normal 0.517589747906 -0.702725172043 -0.488137483597
    outer loop
      vertex 24.4175128937 11.6062927246 12.0218915939
      vertex 24.4183654785 11.6285085678 12.0379514694
      vertex 24.4387550354 11.608912468 12.0393571854
    endloop
  endfacet
  facet normal 0.15057054162 -0.9848498106 -0.0860195085406
    outer loop
      vertex 24.4183654785 11.6285085678 12.0379514694
      vertex 24.4383811951 11.6295700073 12.0411043167
      vertex 24.4387550354 11.608912468 12.0393571854
    endloop
  endfacet
  facet normal -0.172896787524 -0.982471883297 -0.0696832537651
    outer loop
      vertex 24.3767280579 11.6279640198 12.0378808975
      vertex 24.3580913544 11.6292409897 12.0412511826
      vertex 24.3763751984 11.6493415833 12.0394592285
    endloop
  endfacet
  facet normal -0.0858863070607 -0.996247589588 0.0106911081821
    outer loop
      vertex 24.3763751984 11.6493415833 12.0394592285
      vertex 24.3580913544 11.6292409897 12.0412511826
      vertex 24.3579559326 11.6497020721 12.0410432816
    endloop
  endfacet
  facet normal -0.00810999330133 -0.998600006104 -0.0522704981267
    outer loop
      vertex 24.3972663879 11.6505241394 12.0393514633
      vertex 24.3972301483 11.6300945282 12.0382823944
      vertex 24.3763751984 11.6493415833 12.0394592285
    endloop
  endfacet
  facet normal 0.0118572646752 -0.997201085091 -0.0738202780485
    outer loop
      vertex 24.3767280579 11.6279640198 12.0378808975
      vertex 24.3763751984 11.6493415833 12.0394592285
      vertex 24.3972301483 11.6300945282 12.0382823944
    endloop
  endfacet
  facet normal -0.0104732671753 -0.997590303421 -0.0685845389962
    outer loop
      vertex 24.4183654785 11.6285085678 12.0379514694
      vertex 24.3972301483 11.6300945282 12.0382823944
      vertex 24.4176845551 11.6497945786 12.0394220352
    endloop
  endfacet
  facet normal 0.00531841954216 -0.99861997366 -0.0522477217019
    outer loop
      vertex 24.4176845551 11.6497945786 12.0394220352
      vertex 24.3972301483 11.6300945282 12.0382823944
      vertex 24.3972663879 11.6505241394 12.0393514633
    endloop
  endfacet
  facet normal 0.154427736998 -0.987760663033 -0.0219297036529
    outer loop
      vertex 24.4383811951 11.6295700073 12.0411043167
      vertex 24.4183654785 11.6285085678 12.0379514694
      vertex 24.4373455048 11.6495780945 12.0413866043
    endloop
  endfacet
  facet normal 0.0999531671405 -0.992401182652 -0.0717585012317
    outer loop
      vertex 24.4373455048 11.6495780945 12.0413866043
      vertex 24.4183654785 11.6285085678 12.0379514694
      vertex 24.4176845551 11.6497945786 12.0394220352
    endloop
  endfacet
  facet normal -0.143513396382 -0.989485621452 -0.0179466921836
    outer loop
      vertex 24.3774776459 11.6698303223 12.0396709442
      vertex 24.3763751984 11.6493415833 12.0394592285
      vertex 24.359210968 11.6696691513 12.0423173904
    endloop
  endfacet
  facet normal -0.084145732224 -0.994080901146 -0.0687218010426
    outer loop
      vertex 24.3579559326 11.6497020721 12.0410432816
      vertex 24.359210968 11.6696691513 12.0423173904
      vertex 24.3763751984 11.6493415833 12.0394592285
    endloop
  endfacet
  facet normal -0.00576044945046 -0.999926745892 -0.0106424549595
    outer loop
      vertex 24.3763751984 11.6493415833 12.0394592285
      vertex 24.3774776459 11.6698303223 12.0396709442
      vertex 24.3972663879 11.6505241394 12.0393514633
    endloop
  endfacet
  facet normal -0.00556213548407 -0.999925732613 -0.0108457086608
    outer loop
      vertex 24.3972415924 11.6713495255 12.0395774841
      vertex 24.3972663879 11.6505241394 12.0393514633
      vertex 24.3774776459 11.6698303223 12.0396709442
    endloop
  endfacet
  facet normal 0.00361175765283 -0.999984025955 -0.00435191951692
    outer loop
      vertex 24.4176845551 11.6497945786 12.0394220352
      vertex 24.3972663879 11.6505241394 12.0393514633
      vertex 24.4173660278 11.6702194214 12.0395097733
    endloop
  endfacet
  facet normal -0.00275515438989 -0.999937355518 -0.010849176906
    outer loop
      vertex 24.4173660278 11.6702194214 12.0395097733
      vertex 24.3972663879 11.6505241394 12.0393514633
      vertex 24.3972415924 11.6713495255 12.0395774841
    endloop
  endfacet
  facet normal 0.0995002686977 -0.995013535023 -0.00691506359726
    outer loop
      vertex 24.4373455048 11.6495780945 12.0413866043
      vertex 24.4176845551 11.6497945786 12.0394220352
      vertex 24.4355220795 11.6703262329 12.0413484573
    endloop
  endfacet
  facet normal 0.10072003305 -0.994897663593 -0.00584448361769
    outer loop
      vertex 24.4355220795 11.6703262329 12.0413484573
      vertex 24.4176845551 11.6497945786 12.0394220352
      vertex 24.4173660278 11.6702194214 12.0395097733
    endloop
  endfacet
  facet normal -0.143405035138 -0.982684910297 -0.11732570827
    outer loop
      vertex 24.359210968 11.6696691513 12.0423173904
      vertex 24.3771591187 11.6893463135 12.0420475006
      vertex 24.3774776459 11.6698303223 12.0396709442
    endloop
  endfacet
  facet normal 0.00354669219814 -0.99016559124 -0.139855444431
    outer loop
      vertex 24.3973388672 11.6927709579 12.0426034927
      vertex 24.3972415924 11.6713495255 12.0395774841
      vertex 24.3771591187 11.6893463135 12.0420475006
    endloop
  endfacet
  facet normal -0.013967404142 -0.992597401142 -0.120645388961
    outer loop
      vertex 24.3774776459 11.6698303223 12.0396709442
      vertex 24.3771591187 11.6893463135 12.0420475006
      vertex 24.3972415924 11.6713495255 12.0395774841
    endloop
  endfacet
  facet normal 0.00233208807185 -0.99486976862 -0.10113710165
    outer loop
      vertex 24.4173660278 11.6702194214 12.0395097733
      vertex 24.3972415924 11.6713495255 12.0395774841
      vertex 24.4174919128 11.68953228 12.0414733887
    endloop
  endfacet
  facet normal -0.0330041088164 -0.989609360695 -0.139942854643
    outer loop
      vertex 24.4174919128 11.68953228 12.0414733887
      vertex 24.3972415924 11.6713495255 12.0395774841
      vertex 24.3973388672 11.6927709579 12.0426034927
    endloop
  endfacet
  facet normal 0.0996681973338 -0.989982366562 -0.100005723536
    outer loop
      vertex 24.4174919128 11.68953228 12.0414733887
      vertex 24.4355220795 11.6703262329 12.0413484573
      vertex 24.4173660278 11.6702194214 12.0395097733
    endloop
  endfacet
  facet normal -0.0959763899446 0.973734736443 0.20646828413
    outer loop
      vertex 24.4202289581 11.1103601456 12.0375881195
      vertex 24.4394302368 11.0910043716 12.0353765488
      vertex 24.4382171631 11.110206604 12.0393285751
    endloop
  endfacet
  facet normal -0.10945084691 0.981554448605 0.156752675772
    outer loop
      vertex 24.4586219788 11.0899295807 12.0373449326
      vertex 24.4582805634 11.10978508 12.0404777527
      vertex 24.4394302368 11.0910043716 12.0353765488
    endloop
  endfacet
  facet normal -0.0602603703737 0.976932406425 0.204870074987
    outer loop
      vertex 24.4582805634 11.10978508 12.0404777527
      vertex 24.4382171631 11.110206604 12.0393285751
      vertex 24.4394302368 11.0910043716 12.0353765488
    endloop
  endfacet
  facet normal 0.100713670254 0.983022987843 0.153370603919
    outer loop
      vertex 24.4586219788 11.0899295807 12.0373449326
      vertex 24.4757556915 11.0902576447 12.0356407166
      vertex 24.4582805634 11.10978508 12.0404777527
    endloop
  endfacet
  facet normal 0.158195719123 0.982154905796 0.101714789867
    outer loop
      vertex 24.4773960114 11.1118154526 12.0376091003
      vertex 24.4582805634 11.10978508 12.0404777527
      vertex 24.4757556915 11.0902576447 12.0356407166
    endloop
  endfacet
  facet normal -0.268836677074 0.939007639885 0.214456319809
    outer loop
      vertex 24.4202289581 11.1103601456 12.0375881195
      vertex 24.4165420532 11.1308078766 12.0412025452
      vertex 24.4022712708 11.1121139526 12.0328474045
    endloop
  endfacet
  facet normal -0.245088100433 0.940971136093 0.233463361859
    outer loop
      vertex 24.4165420532 11.1308078766 12.0412025452
      vertex 24.3994102478 11.1334753036 12.037402153
      vertex 24.4022712708 11.1121139526 12.0328474045
    endloop
  endfacet
  facet normal -0.0962453782558 0.978760778904 0.181008592248
    outer loop
      vertex 24.4382171631 11.110206604 12.0393285751
      vertex 24.4373111725 11.1294898987 12.0428056717
      vertex 24.4202289581 11.1103601456 12.0375881195
    endloop
  endfacet
  facet normal -0.0874732881784 0.978136718273 0.188671544194
    outer loop
      vertex 24.4373111725 11.1294898987 12.0428056717
      vertex 24.4165420532 11.1308078766 12.0412025452
      vertex 24.4202289581 11.1103601456 12.0375881195
    endloop
  endfacet
  facet normal -0.387100040913 0.77260941267 0.503217875957
    outer loop
      vertex 24.4591693878 11.1320133209 12.0554008484
      vertex 24.4373111725 11.1294898987 12.0428056717
      vertex 24.4582805634 11.10978508 12.0404777527
    endloop
  endfacet
  facet normal -0.060017183423 0.981858670712 0.179865077138
    outer loop
      vertex 24.4373111725 11.1294898987 12.0428056717
      vertex 24.4382171631 11.110206604 12.0393285751
      vertex 24.4582805634 11.10978508 12.0404777527
    endloop
  endfacet
  facet normal 0.180795118213 0.813206136227 0.553180754185
    outer loop
      vertex 24.4773960114 11.1118154526 12.0376091003
      vertex 24.4591693878 11.1320133209 12.0554008484
      vertex 24.4582805634 11.10978508 12.0404777527
    endloop
  endfacet
  facet normal 0.0868196189404 0.7851126194 0.613237738609
    outer loop
      vertex 24.4772529602 11.1342878342 12.0551776886
      vertex 24.4591693878 11.1320133209 12.0554008484
      vertex 24.4773960114 11.1118154526 12.0376091003
    endloop
  endfacet
  facet normal 0.989460349083 0.117068499327 0.0852241367102
    outer loop
      vertex 24.4772529602 11.1342878342 12.0551776886
      vertex 24.4773960114 11.1118154526 12.0376091003
      vertex 24.4789829254 11.1316833496 12.0386600494
    endloop
  endfacet
  facet normal -0.893509626389 0.425032764673 0.144871488214
    outer loop
      vertex 24.3994102478 11.1334753036 12.037402153
      vertex 24.4030094147 11.1540660858 12.0519866943
      vertex 24.3973293304 11.1517543793 12.0392580032
    endloop
  endfacet
  facet normal -0.261439681053 0.808620274067 0.527050793171
    outer loop
      vertex 24.4165420532 11.1308078766 12.0412025452
      vertex 24.4030094147 11.1540660858 12.0519866943
      vertex 24.3994102478 11.1334753036 12.037402153
    endloop
  endfacet
  facet normal -0.106479622424 0.876978456974 0.468583911657
    outer loop
      vertex 24.4239501953 11.151799202 12.0533180237
      vertex 24.4030094147 11.1540660858 12.0519866943
      vertex 24.4165420532 11.1308078766 12.0412025452
    endloop
  endfacet
  facet normal -0.0975711047649 0.876482963562 0.471441864967
    outer loop
      vertex 24.4373111725 11.1294898987 12.0428056717
      vertex 24.4239501953 11.151799202 12.0533180237
      vertex 24.4165420532 11.1308078766 12.0412025452
    endloop
  endfacet
  facet normal -0.143229469657 0.859443247318 0.490757226944
    outer loop
      vertex 24.4427394867 11.151766777 12.0564308167
      vertex 24.4239501953 11.151799202 12.0533180237
      vertex 24.4373111725 11.1294898987 12.0428056717
    endloop
  endfacet
  facet normal -0.423969298601 0.814938187599 0.395127534866
    outer loop
      vertex 24.4591693878 11.1320133209 12.0554008484
      vertex 24.4427394867 11.151766777 12.0564308167
      vertex 24.4373111725 11.1294898987 12.0428056717
    endloop
  endfacet
  facet normal 0.794887125492 -0.405680805445 0.451195657253
    outer loop
      vertex 24.4875564575 11.1518087387 12.0558795929
      vertex 24.4772529602 11.1342878342 12.0551776886
      vertex 24.4803848267 11.151761055 12.0418806076
    endloop
  endfacet
  facet normal 0.989178657532 0.117462441325 0.0879096165299
    outer loop
      vertex 24.4772529602 11.1342878342 12.0551776886
      vertex 24.4789829254 11.1316833496 12.0386600494
      vertex 24.4803848267 11.151761055 12.0418806076
    endloop
  endfacet
  facet normal -0.910434961319 0.41231366992 0.033250529319
    outer loop
      vertex 24.3973293304 11.1517543793 12.0392580032
      vertex 24.4030094147 11.1540660858 12.0519866943
      vertex 24.3966236115 11.1717281342 12.0393104553
    endloop
  endfacet
  facet normal -0.946474909782 0.295336544514 0.130236655474
    outer loop
      vertex 24.4030094147 11.1540660858 12.0519866943
      vertex 24.4002323151 11.1795034409 12.0543041229
      vertex 24.3966236115 11.1717281342 12.0393104553
    endloop
  endfacet
  facet normal 0.785340368748 -0.40392524004 -0.469132065773
    outer loop
      vertex 24.4875564575 11.1518087387 12.0558795929
      vertex 24.4803848267 11.151761055 12.0418806076
      vertex 24.4766845703 11.1700849533 12.0559682846
    endloop
  endfacet
  facet normal 0.986586987972 0.128952026367 -0.100087195635
    outer loop
      vertex 24.4803848267 11.151761055 12.0418806076
      vertex 24.4786491394 11.1729507446 12.0387134552
      vertex 24.4766845703 11.1700849533 12.0559682846
    endloop
  endfacet
  facet normal -0.567630887032 -0.453176468611 0.687332689762
    outer loop
      vertex 24.3803367615 11.1932611465 12.0583581924
      vertex 24.3955135345 11.1932754517 12.0393266678
      vertex 24.4002323151 11.1795034409 12.0543041229
    endloop
  endfacet
  facet normal -0.964830219746 0.258094131947 0.0499003604054
    outer loop
      vertex 24.3955135345 11.1932754517 12.0393266678
      vertex 24.3966236115 11.1717281342 12.0393104553
      vertex 24.4002323151 11.1795034409 12.0543041229
    endloop
  endfacet
  facet normal 0.972749173641 0.14128665626 -0.183840036392
    outer loop
      vertex 24.4766845703 11.1700849533 12.0559682846
      vertex 24.4786491394 11.1729507446 12.0387134552
      vertex 24.4729595184 11.1921186447 12.052945137
    endloop
  endfacet
  facet normal 0.945329129696 0.323614895344 -0.0403269156814
    outer loop
      vertex 24.4778213501 11.1937942505 12.0385341644
      vertex 24.4729595184 11.1921186447 12.052945137
      vertex 24.4786491394 11.1729507446 12.0387134552
    endloop
  endfacet
  facet normal -0.672386646271 -0.535813808441 -0.510685563087
    outer loop
      vertex 24.3803367615 11.1932611465 12.0583581924
      vertex 24.3956642151 11.2101278305 12.0551996231
      vertex 24.3955135345 11.1932754517 12.0393266678
    endloop
  endfacet
  facet normal -0.756160855293 0.479716777802 0.445075929165
    outer loop
      vertex 24.381772995 11.2164554596 12.0391740799
      vertex 24.3955135345 11.1932754517 12.0393266678
      vertex 24.3956642151 11.2101278305 12.0551996231
    endloop
  endfacet
  facet normal 0.946572184563 0.321800142527 -0.0211122464389
    outer loop
      vertex 24.4778213501 11.1937942505 12.0385341644
      vertex 24.477180481 11.2139949799 12.0390939713
      vertex 24.4729595184 11.1921186447 12.052945137
    endloop
  endfacet
  facet normal 0.954922318459 0.296832799911 -0.00369285349734
    outer loop
      vertex 24.4729595184 11.1921186447 12.052945137
      vertex 24.477180481 11.2139949799 12.0390939713
      vertex 24.4717922211 11.2170820236 12.0563898087
    endloop
  endfacet
  facet normal -0.757520318031 0.652737081051 0.00986405834556
    outer loop
      vertex 24.396194458 11.2333984375 12.0561666489
      vertex 24.381772995 11.2164554596 12.0391740799
      vertex 24.3956642151 11.2101278305 12.0551996231
    endloop
  endfacet
  facet normal -0.688335776329 0.713672637939 0.129866167903
    outer loop
      vertex 24.3777523041 11.2351827621 12.0387039185
      vertex 24.381772995 11.2164554596 12.0391740799
      vertex 24.396194458 11.2333984375 12.0561666489
    endloop
  endfacet
  facet normal 0.953859567642 0.299869418144 0.0151755036786
    outer loop
      vertex 24.477180481 11.2139949799 12.0390939713
      vertex 24.4774208069 11.2347917557 12.0393819809
      vertex 24.4717922211 11.2170820236 12.0563898087
    endloop
  endfacet
  facet normal 0.969864726067 0.0821096003056 0.229391545057
    outer loop
      vertex 24.4717922211 11.2170820236 12.0563898087
      vertex 24.4774208069 11.2347917557 12.0393819809
      vertex 24.4761581421 11.2362985611 12.058506012
    endloop
  endfacet
  facet normal -0.686988055706 0.726592719555 -0.0105089889839
    outer loop
      vertex 24.3777523041 11.2351827621 12.0387039185
      vertex 24.396194458 11.2333984375 12.0561666489
      vertex 24.3789958954 11.2560138702 12.0395784378
    endloop
  endfacet
  facet normal -0.73701775074 0.672524809837 0.0671958550811
    outer loop
      vertex 24.3986625671 11.2558078766 12.0611104965
      vertex 24.3789958954 11.2560138702 12.0395784378
      vertex 24.396194458 11.2333984375 12.0561666489
    endloop
  endfacet
  facet normal 0.997171103954 0.0683094635606 0.0313617438078
    outer loop
      vertex 24.4774208069 11.2347917557 12.0393819809
      vertex 24.4780673981 11.255531311 12.0394649506
      vertex 24.4761581421 11.2362985611 12.058506012
    endloop
  endfacet
  facet normal 0.997458577156 0.0415649600327 0.0578682273626
    outer loop
      vertex 24.4761581421 11.2362985611 12.058506012
      vertex 24.4780673981 11.255531311 12.0394649506
      vertex 24.4773330688 11.2569971085 12.0591278076
    endloop
  endfacet
  facet normal -0.738343477249 0.674219191074 0.0166552085429
    outer loop
      vertex 24.3963375092 11.2758779526 12.0590600967
      vertex 24.3789958954 11.2560138702 12.0395784378
      vertex 24.3986625671 11.2558078766 12.0611104965
    endloop
  endfacet
  facet normal -0.753756642342 0.657011330128 -0.0136772859842
    outer loop
      vertex 24.378988266 11.2779493332 12.0391130447
      vertex 24.3789958954 11.2560138702 12.0395784378
      vertex 24.3963375092 11.2758779526 12.0590600967
    endloop
  endfacet
  facet normal 0.999008536339 0.0389201417565 0.0216128919274
    outer loop
      vertex 24.4780673981 11.255531311 12.0394649506
      vertex 24.4785175323 11.2762432098 12.0394124985
      vertex 24.4773330688 11.2569971085 12.0591278076
    endloop
  endfacet
  facet normal 0.998909533024 0.0179327055812 0.0431059002876
    outer loop
      vertex 24.4773330688 11.2569971085 12.0591278076
      vertex 24.4785175323 11.2762432098 12.0394124985
      vertex 24.478187561 11.2768497467 12.0592508316
    endloop
  endfacet
  facet normal -0.756270289421 0.650812625885 0.067068554461
    outer loop
      vertex 24.3948688507 11.2958164215 12.0594081879
      vertex 24.378988266 11.2779493332 12.0391130447
      vertex 24.3963375092 11.2758779526 12.0590600967
    endloop
  endfacet
  facet normal -0.765801310539 0.641299009323 0.0477907843888
    outer loop
      vertex 24.3778686523 11.2984495163 12.0393037796
      vertex 24.378988266 11.2779493332 12.0391130447
      vertex 24.3948688507 11.2958164215 12.0594081879
    endloop
  endfacet
  facet normal 0.99982047081 0.0168923679739 0.00858397688717
    outer loop
      vertex 24.4785175323 11.2762432098 12.0394124985
      vertex 24.4786949158 11.2969684601 12.0394449234
      vertex 24.478187561 11.2768497467 12.0592508316
    endloop
  endfacet
  facet normal 0.9996265769 -0.00207035429776 0.0272469855845
    outer loop
      vertex 24.478187561 11.2768497467 12.0592508316
      vertex 24.4786949158 11.2969684601 12.0394449234
      vertex 24.4787502289 11.2975273132 12.0587949753
    endloop
  endfacet
  facet normal -0.997714161873 0.0304911956191 0.0603056959808
    outer loop
      vertex 24.3778686523 11.2984495163 12.0393037796
      vertex 24.3773727417 11.3167953491 12.0593614578
      vertex 24.3766345978 11.3189258575 12.0394220352
    endloop
  endfacet
  facet normal -0.668847501278 0.492661565542 0.556711435318
    outer loop
      vertex 24.3948688507 11.2958164215 12.0594081879
      vertex 24.3773727417 11.3167953491 12.0593614578
      vertex 24.3778686523 11.2984495163 12.0393037796
    endloop
  endfacet
  facet normal 0.999654054642 -0.00360981700942 -0.026053134352
    outer loop
      vertex 24.4786949158 11.2969684601 12.0394449234
      vertex 24.4782028198 11.3160943985 12.0412073135
      vertex 24.4787502289 11.2975273132 12.0587949753
    endloop
  endfacet
  facet normal 0.999759614468 -0.0112509448081 -0.018818192184
    outer loop
      vertex 24.4787502289 11.2975273132 12.0587949753
      vertex 24.4782028198 11.3160943985 12.0412073135
      vertex 24.4783687592 11.3185548782 12.0600681305
    endloop
  endfacet
  facet normal -0.991337180138 0.0898262560368 0.095821864903
    outer loop
      vertex 24.3746738434 11.3397054672 12.0399494171
      vertex 24.3766345978 11.3189258575 12.0394220352
      vertex 24.3767547607 11.336892128 12.0599136353
    endloop
  endfacet
  facet normal -0.998934388161 0.0335991829634 0.03164075315
    outer loop
      vertex 24.3773727417 11.3167953491 12.0593614578
      vertex 24.3767547607 11.336892128 12.0599136353
      vertex 24.3766345978 11.3189258575 12.0394220352
    endloop
  endfacet
  facet normal 0.99707120657 -0.0184545665979 -0.0742189511657
    outer loop
      vertex 24.4782028198 11.3160943985 12.0412073135
      vertex 24.4765491486 11.3378410339 12.0393209457
      vertex 24.4783687592 11.3185548782 12.0600681305
    endloop
  endfacet
  facet normal 0.994025468826 -0.107037343085 0.021361771971
    outer loop
      vertex 24.4783687592 11.3185548782 12.0600681305
      vertex 24.4765491486 11.3378410339 12.0393209457
      vertex 24.4787101746 11.338637352 12.0592308044
    endloop
  endfacet
  facet normal -0.692371606827 0.516630351543 0.503700971603
    outer loop
      vertex 24.3594741821 11.3603363037 12.0396938324
      vertex 24.3746738434 11.3397054672 12.0399494171
      vertex 24.3758659363 11.358080864 12.0594625473
    endloop
  endfacet
  facet normal -0.994390964508 0.0980637744069 0.0396249517798
    outer loop
      vertex 24.3746738434 11.3397054672 12.0399494171
      vertex 24.3767547607 11.336892128 12.0599136353
      vertex 24.3758659363 11.358080864 12.0594625473
    endloop
  endfacet
  facet normal 0.994164764881 -0.107867494226 0.000984077807516
    outer loop
      vertex 24.4765491486 11.3378410339 12.0393209457
      vertex 24.4767150879 11.3586044312 12.0406608582
      vertex 24.4787101746 11.338637352 12.0592308044
    endloop
  endfacet
  facet normal 0.994219839573 -0.107362084091 0.000508534314577
    outer loop
      vertex 24.4787101746 11.338637352 12.0592308044
      vertex 24.4767150879 11.3586044312 12.0406608582
      vertex 24.4787368774 11.3592433929 12.0593805313
    endloop
  endfacet
  facet normal -0.770767688751 0.636795341969 0.0202218461782
    outer loop
      vertex 24.3753490448 11.3800649643 12.0595350266
      vertex 24.3594741821 11.3603363037 12.0396938324
      vertex 24.3758659363 11.358080864 12.0594625473
    endloop
  endfacet
  facet normal -0.79780882597 0.60178989172 -0.0367421768606
    outer loop
      vertex 24.3587398529 11.3798017502 12.0375318527
      vertex 24.3594741821 11.3603363037 12.0396938324
      vertex 24.3753490448 11.3800649643 12.0595350266
    endloop
  endfacet
  facet normal 0.992484390736 -0.109084844589 -0.055455006659
    outer loop
      vertex 24.4767150879 11.3586044312 12.0406608582
      vertex 24.4756069183 11.3790845871 12.0409898758
      vertex 24.4787368774 11.3592433929 12.0593805313
    endloop
  endfacet
  facet normal 0.985680699348 -0.168620690703 0.000801597489044
    outer loop
      vertex 24.4787368774 11.3592433929 12.0593805313
      vertex 24.4756069183 11.3790845871 12.0409898758
      vertex 24.4787902832 11.3797740936 12.059595108
    endloop
  endfacet
  facet normal -0.729789972305 0.545962512493 -0.411499112844
    outer loop
      vertex 24.3587398529 11.3798017502 12.0375318527
      vertex 24.3753490448 11.3800649643 12.0595350266
      vertex 24.3734111786 11.4007587433 12.0413475037
    endloop
  endfacet
  facet normal -0.984475016594 0.166861817241 -0.0544619373977
    outer loop
      vertex 24.3753490448 11.3800649643 12.0595350266
      vertex 24.3764724731 11.4007377625 12.0594158173
      vertex 24.3734111786 11.4007587433 12.0413475037
    endloop
  endfacet
  facet normal 0.698824346066 -0.578728199005 -0.420378625393
    outer loop
      vertex 24.4756069183 11.3790845871 12.0409898758
      vertex 24.4606590271 11.4003505707 12.0383872986
      vertex 24.4779434204 11.4006853104 12.0595016479
    endloop
  endfacet
  facet normal 0.984679639339 -0.169928833842 -0.0391182079911
    outer loop
      vertex 24.4756069183 11.3790845871 12.0409898758
      vertex 24.4779434204 11.4006853104 12.0595016479
      vertex 24.4787902832 11.3797740936 12.059595108
    endloop
  endfacet
  facet normal -0.740335464478 0.526057243347 0.418529778719
    outer loop
      vertex 24.3590011597 11.4222173691 12.0381402969
      vertex 24.3734111786 11.4007587433 12.0413475037
      vertex 24.3752536774 11.420419693 12.0595827103
    endloop
  endfacet
  facet normal -0.984042346478 0.166652873158 0.062349550426
    outer loop
      vertex 24.3734111786 11.4007587433 12.0413475037
      vertex 24.3764724731 11.4007377625 12.0594158173
      vertex 24.3752536774 11.420419693 12.0595827103
    endloop
  endfacet
  facet normal 0.753976047039 -0.656679749489 0.0170835163444
    outer loop
      vertex 24.4779434204 11.4006853104 12.0595016479
      vertex 24.4603118896 11.4210214615 12.038728714
      vertex 24.4784164429 11.4220752716 12.0594882965
    endloop
  endfacet
  facet normal 0.773400306702 -0.633484005928 -0.0234512910247
    outer loop
      vertex 24.4606590271 11.4003505707 12.0383872986
      vertex 24.4603118896 11.4210214615 12.038728714
      vertex 24.4779434204 11.4006853104 12.0595016479
    endloop
  endfacet
  facet normal -0.797880113125 0.601730704308 0.036159992218
    outer loop
      vertex 24.3747653961 11.4419059753 12.0602264404
      vertex 24.3590011597 11.4222173691 12.0381402969
      vertex 24.3752536774 11.420419693 12.0595827103
    endloop
  endfacet
  facet normal -0.78720831871 0.613917946815 0.0583759993315
    outer loop
      vertex 24.3580341339 11.4428300858 12.038860321
      vertex 24.3590011597 11.4222173691 12.0381402969
      vertex 24.3747653961 11.4419059753 12.0602264404
    endloop
  endfacet
  facet normal 0.676960647106 -0.566530108452 0.469859480858
    outer loop
      vertex 24.4603118896 11.4210214615 12.038728714
      vertex 24.4768009186 11.4422636032 12.0408143997
      vertex 24.4784164429 11.4220752716 12.0594882965
    endloop
  endfacet
  facet normal 0.993224978447 -0.113395310938 0.0254084616899
    outer loop
      vertex 24.4784164429 11.4220752716 12.0594882965
      vertex 24.4768009186 11.4422636032 12.0408143997
      vertex 24.4789199829 11.4422483444 12.059378624
    endloop
  endfacet
  facet normal -0.786615967751 0.616995275021 -0.0234987977892
    outer loop
      vertex 24.37458992 11.4624242783 12.0592212677
      vertex 24.3580341339 11.4428300858 12.038860321
      vertex 24.3747653961 11.4419059753 12.0602264404
    endloop
  endfacet
  facet normal -0.773573935032 0.633687376976 0.00486611481756
    outer loop
      vertex 24.3580493927 11.4640007019 12.0390415192
      vertex 24.3580341339 11.4428300858 12.038860321
      vertex 24.37458992 11.4624242783 12.0592212677
    endloop
  endfacet
  facet normal 0.647709906101 -0.593617558479 -0.477587819099
    outer loop
      vertex 24.4768009186 11.4422636032 12.0408143997
      vertex 24.4596328735 11.4630270004 12.0387868881
      vertex 24.4784126282 11.4626922607 12.0590085983
    endloop
  endfacet
  facet normal 0.993296504021 -0.113364011049 -0.0225988831371
    outer loop
      vertex 24.4768009186 11.4422636032 12.0408143997
      vertex 24.4784126282 11.4626922607 12.0590085983
      vertex 24.4789199829 11.4422483444 12.059378624
    endloop
  endfacet
  facet normal -0.774196326733 0.632234334946 0.0299966577441
    outer loop
      vertex 24.37449646 11.4830675125 12.0600862503
      vertex 24.3580493927 11.4640007019 12.0390415192
      vertex 24.37458992 11.4624242783 12.0592212677
    endloop
  endfacet
  facet normal -0.765822649002 0.641314208508 0.0472416505218
    outer loop
      vertex 24.3570022583 11.4845228195 12.0393028259
      vertex 24.3580493927 11.4640007019 12.0390415192
      vertex 24.37449646 11.4830675125 12.0600862503
    endloop
  endfacet
  facet normal 0.646396279335 -0.607935726643 0.46107044816
    outer loop
      vertex 24.4596328735 11.4630270004 12.0387868881
      vertex 24.4765071869 11.4837427139 12.0410175323
      vertex 24.4784126282 11.4626922607 12.0590085983
    endloop
  endfacet
  facet normal 0.991187274456 -0.130639791489 0.0219329819083
    outer loop
      vertex 24.4784126282 11.4626922607 12.0590085983
      vertex 24.4765071869 11.4837427139 12.0410175323
      vertex 24.4789524078 11.4835186005 12.0596075058
    endloop
  endfacet
  facet normal -0.999017119408 0.0317496173084 0.0309310462326
    outer loop
      vertex 24.3570022583 11.4845228195 12.0393028259
      vertex 24.3569850922 11.5045595169 12.0582828522
      vertex 24.3563461304 11.505153656 12.0387563705
    endloop
  endfacet
  facet normal -0.676763832569 0.534185051918 0.506593585014
    outer loop
      vertex 24.37449646 11.4830675125 12.0600862503
      vertex 24.3569850922 11.5045595169 12.0582828522
      vertex 24.3570022583 11.4845228195 12.0393028259
    endloop
  endfacet
  facet normal 0.663409948349 -0.568560004234 -0.48644298315
    outer loop
      vertex 24.4765071869 11.4837427139 12.0410175323
      vertex 24.4590911865 11.504981041 12.0388669968
      vertex 24.4775714874 11.503777504 12.0594005585
    endloop
  endfacet
  facet normal 0.989393174648 -0.129342272878 -0.0661193206906
    outer loop
      vertex 24.4765071869 11.4837427139 12.0410175323
      vertex 24.4775714874 11.503777504 12.0594005585
      vertex 24.4789524078 11.4835186005 12.0596075058
    endloop
  endfacet
  facet normal -0.99946552515 0.0326687693596 0.00120515062008
    outer loop
      vertex 24.3563461304 11.505153656 12.0387563705
      vertex 24.3569850922 11.5045595169 12.0582828522
      vertex 24.3563423157 11.5252723694 12.0393819809
    endloop
  endfacet
  facet normal -0.999561786652 0.00160190183669 0.0295572485775
    outer loop
      vertex 24.3569850922 11.5045595169 12.0582828522
      vertex 24.3563728333 11.5253229141 12.0593538284
      vertex 24.3563423157 11.5252723694 12.0393819809
    endloop
  endfacet
  facet normal 0.761641681194 -0.645447969437 -0.0574356652796
    outer loop
      vertex 24.4580516815 11.5262355804 12.0395317078
      vertex 24.4751224518 11.5237131119 12.0594511032
      vertex 24.4590911865 11.504981041 12.0388669968
    endloop
  endfacet
  facet normal 0.742778301239 -0.663056969643 -0.0929293185472
    outer loop
      vertex 24.4775714874 11.503777504 12.0594005585
      vertex 24.4590911865 11.504981041 12.0388669968
      vertex 24.4751224518 11.5237131119 12.0594511032
    endloop
  endfacet
  facet normal -0.999998509884 0.00152977008838 0.000793083745521
    outer loop
      vertex 24.3563423157 11.5252723694 12.0393819809
      vertex 24.3563728333 11.5253229141 12.0593538284
      vertex 24.3563270569 11.5460119247 12.0401592255
    endloop
  endfacet
  facet normal -0.999992728233 -0.00142308010254 0.00353263155557
    outer loop
      vertex 24.3563728333 11.5253229141 12.0593538284
      vertex 24.356300354 11.5456914902 12.059718132
      vertex 24.3563270569 11.5460119247 12.0401592255
    endloop
  endfacet
  facet normal 0.687633991241 -0.525906801224 -0.500581145287
    outer loop
      vertex 24.4751224518 11.5237131119 12.0594511032
      vertex 24.4580516815 11.5262355804 12.0395317078
      vertex 24.459318161 11.5452747345 12.0593099594
    endloop
  endfacet
  facet normal 0.989225506783 -0.129349634051 -0.0685678496957
    outer loop
      vertex 24.4580516815 11.5262355804 12.0395317078
      vertex 24.4565849304 11.5476284027 12.0396547318
      vertex 24.459318161 11.5452747345 12.0593099594
    endloop
  endfacet
  facet normal -0.999969661236 -0.00667147431523 -0.00401866529137
    outer loop
      vertex 24.356420517 11.5667409897 12.0386371613
      vertex 24.3563270569 11.5460119247 12.0401592255
      vertex 24.3562831879 11.5664205551 12.0590286255
    endloop
  endfacet
  facet normal -0.999998688698 -0.00137953471858 0.000874213583302
    outer loop
      vertex 24.356300354 11.5456914902 12.059718132
      vertex 24.3562831879 11.5664205551 12.0590286255
      vertex 24.3563270569 11.5460119247 12.0401592255
    endloop
  endfacet
  facet normal 0.99044239521 -0.133647039533 -0.0340937636793
    outer loop
      vertex 24.459318161 11.5452747345 12.0593099594
      vertex 24.4565849304 11.5476284027 12.0396547318
      vertex 24.4585590363 11.56645298 12.0590867996
    endloop
  endfacet
  facet normal 0.995524525642 -0.0942349433899 0.00712315412238
    outer loop
      vertex 24.4566783905 11.5673770905 12.0391492844
      vertex 24.4585590363 11.56645298 12.0590867996
      vertex 24.4565849304 11.5476284027 12.0396547318
    endloop
  endfacet
  facet normal -0.999976277351 -0.00671017495915 -0.00155861058738
    outer loop
      vertex 24.356420517 11.5667409897 12.0386371613
      vertex 24.3562831879 11.5664205551 12.0590286255
      vertex 24.3564453125 11.5868301392 12.0396089554
    endloop
  endfacet
  facet normal -0.999970018864 -0.00772108882666 -0.000596678932197
    outer loop
      vertex 24.3562831879 11.5664205551 12.0590286255
      vertex 24.3562908173 11.5878505707 12.0596961975
      vertex 24.3564453125 11.5868301392 12.0396089554
    endloop
  endfacet
  facet normal 0.995572447777 -0.093432225287 -0.0102929519489
    outer loop
      vertex 24.4566783905 11.5673770905 12.0391492844
      vertex 24.4566402435 11.5872983932 12.0409374237
      vertex 24.4585590363 11.56645298 12.0590867996
    endloop
  endfacet
  facet normal 0.995230197906 -0.0973114147782 -0.00688397185877
    outer loop
      vertex 24.4585590363 11.56645298 12.0590867996
      vertex 24.4566402435 11.5872983932 12.0409374237
      vertex 24.4584922791 11.5870370865 12.0598602295
    endloop
  endfacet
  facet normal -0.997949540615 -0.0108794132248 -0.0630743131042
    outer loop
      vertex 24.3564453125 11.5868301392 12.0396089554
      vertex 24.3562908173 11.5878505707 12.0596961975
      vertex 24.3577747345 11.6078824997 12.0397157669
    endloop
  endfacet
  facet normal -0.99719274044 -0.0748727545142 0.000810607045423
    outer loop
      vertex 24.3562908173 11.5878505707 12.0596961975
      vertex 24.3562965393 11.609000206 12.0593910217
      vertex 24.3577747345 11.6078824997 12.0397157669
    endloop
  endfacet
  facet normal 0.655930638313 -0.564115941525 -0.501525878906
    outer loop
      vertex 24.4566402435 11.5872983932 12.0409374237
      vertex 24.4387550354 11.608912468 12.0393571854
      vertex 24.4573707581 11.6072969437 12.0595664978
    endloop
  endfacet
  facet normal 0.993884384632 -0.0965343341231 -0.0536187365651
    outer loop
      vertex 24.4566402435 11.5872983932 12.0409374237
      vertex 24.4573707581 11.6072969437 12.0595664978
      vertex 24.4584922791 11.5870370865 12.0598602295
    endloop
  endfacet
  facet normal -0.995032429695 -0.0995464771986 0.000981276971288
    outer loop
      vertex 24.3562793732 11.6290235519 12.0593652725
      vertex 24.3580913544 11.6292409897 12.0412511826
      vertex 24.3562965393 11.609000206 12.0593910217
    endloop
  endfacet
  facet normal -0.996898710728 -0.0760467797518 -0.0202447064221
    outer loop
      vertex 24.3577747345 11.6078824997 12.0397157669
      vertex 24.3562965393 11.609000206 12.0593910217
      vertex 24.3580913544 11.6292409897 12.0412511826
    endloop
  endfacet
  facet normal 0.732874393463 -0.676701903343 -0.0704956203699
    outer loop
      vertex 24.4383811951 11.6295700073 12.0411043167
      vertex 24.4562473297 11.6284065247 12.0603322983
      vertex 24.4387550354 11.608912468 12.0393571854
    endloop
  endfacet
  facet normal 0.736550092697 -0.673383653164 -0.0636270344257
    outer loop
      vertex 24.4573707581 11.6072969437 12.0595664978
      vertex 24.4387550354 11.608912468 12.0393571854
      vertex 24.4562473297 11.6284065247 12.0603322983
    endloop
  endfacet
  facet normal -0.995034456253 -0.0995111018419 -0.001982758753
    outer loop
      vertex 24.3562793732 11.6290235519 12.0593652725
      vertex 24.3563404083 11.6495075226 12.0591630936
      vertex 24.3580913544 11.6292409897 12.0412511826
    endloop
  endfacet
  facet normal -0.996013879776 -0.0888829007745 0.00749524170533
    outer loop
      vertex 24.3579559326 11.6497020721 12.0410432816
      vertex 24.3580913544 11.6292409897 12.0412511826
      vertex 24.3563404083 11.6495075226 12.0591630936
    endloop
  endfacet
  facet normal 0.771124541759 -0.634805798531 -0.0488723739982
    outer loop
      vertex 24.4373455048 11.6495780945 12.0413866043
      vertex 24.4528503418 11.6492156982 12.0601930618
      vertex 24.4383811951 11.6295700073 12.0411043167
    endloop
  endfacet
  facet normal 0.731181144714 -0.672443926334 -0.114861994982
    outer loop
      vertex 24.4562473297 11.6284065247 12.0603322983
      vertex 24.4383811951 11.6295700073 12.0411043167
      vertex 24.4528503418 11.6492156982 12.0601930618
    endloop
  endfacet
  facet normal -0.987597703934 -0.156707078218 -0.00967760197818
    outer loop
      vertex 24.3564567566 11.6701526642 12.0597047806
      vertex 24.359210968 11.6696691513 12.0423173904
      vertex 24.3563404083 11.6495075226 12.0591630936
    endloop
  endfacet
  facet normal -0.993802845478 -0.0878744423389 -0.0680730491877
    outer loop
      vertex 24.3579559326 11.6497020721 12.0410432816
      vertex 24.3563404083 11.6495075226 12.0591630936
      vertex 24.359210968 11.6696691513 12.0423173904
    endloop
  endfacet
  facet normal 0.700481951237 -0.569211065769 -0.430492520332
    outer loop
      vertex 24.4528503418 11.6492156982 12.0601930618
      vertex 24.4373455048 11.6495780945 12.0413866043
      vertex 24.4389915466 11.6700172424 12.0588703156
    endloop
  endfacet
  facet normal 0.977643430233 -0.192072331905 -0.0855659171939
    outer loop
      vertex 24.4373455048 11.6495780945 12.0413866043
      vertex 24.4355220795 11.6703262329 12.0413484573
      vertex 24.4389915466 11.6700172424 12.0588703156
    endloop
  endfacet
  facet normal -0.983690202236 -0.158199325204 -0.0855954810977
    outer loop
      vertex 24.3582267761 11.6907691956 12.0598535538
      vertex 24.359210968 11.6696691513 12.0423173904
      vertex 24.3564567566 11.6701526642 12.0597047806
    endloop
  endfacet
  facet normal -0.56871265173 -0.64543056488 -0.509887516499
    outer loop
      vertex 24.359210968 11.6696691513 12.0423173904
      vertex 24.3582267761 11.6907691956 12.0598535538
      vertex 24.3771591187 11.6893463135 12.0420475006
    endloop
  endfacet
  facet normal 0.568017184734 -0.623433530331 -0.537296116352
    outer loop
      vertex 24.4355220795 11.6703262329 12.0413484573
      vertex 24.4174919128 11.68953228 12.0414733887
      vertex 24.4364147186 11.6906108856 12.0596437454
    endloop
  endfacet
  facet normal 0.973198592663 -0.190427586436 -0.128925666213
    outer loop
      vertex 24.4355220795 11.6703262329 12.0413484573
      vertex 24.4364147186 11.6906108856 12.0596437454
      vertex 24.4389915466 11.6700172424 12.0588703156
    endloop
  endfacet
  facet normal -0.59347319603 -0.66700643301 -0.450435340405
    outer loop
      vertex 24.3771591187 11.6893463135 12.0420475006
      vertex 24.3582267761 11.6907691956 12.0598535538
      vertex 24.3766002655 11.7118520737 12.0577430725
    endloop
  endfacet
  facet normal -0.216810211539 -0.971901476383 -0.0916564464569
    outer loop
      vertex 24.3582267761 11.6907691956 12.0598535538
      vertex 24.3583641052 11.7115011215 12.0617780685
      vertex 24.3766002655 11.7118520737 12.0577430725
    endloop
  endfacet
  facet normal -0.0101969363168 -0.788698077202 -0.614696145058
    outer loop
      vertex 24.3974380493 11.7128744125 12.0582704544
      vertex 24.3973388672 11.6927709579 12.0426034927
      vertex 24.3766002655 11.7118520737 12.0577430725
    endloop
  endfacet
  facet normal -0.0740401521325 -0.818841814995 -0.569224178791
    outer loop
      vertex 24.3771591187 11.6893463135 12.0420475006
      vertex 24.3766002655 11.7118520737 12.0577430725
      vertex 24.3973388672 11.6927709579 12.0426034927
    endloop
  endfacet
  facet normal 0.0515494830906 -0.798726320267 -0.599482178688
    outer loop
      vertex 24.3973388672 11.6927709579 12.0426034927
      vertex 24.4183864594 11.7112493515 12.0578308105
      vertex 24.4174919128 11.68953228 12.0414733887
    endloop
  endfacet
  facet normal 0.0311069320887 -0.788456201553 -0.614303827286
    outer loop
      vertex 24.3974380493 11.7128744125 12.0582704544
      vertex 24.4183864594 11.7112493515 12.0578308105
      vertex 24.3973388672 11.6927709579 12.0426034927
    endloop
  endfacet
  facet normal 0.598885297775 -0.651343405247 -0.46592721343
    outer loop
      vertex 24.4174919128 11.68953228 12.0414733887
      vertex 24.4183864594 11.7112493515 12.0578308105
      vertex 24.4364147186 11.6906108856 12.0596437454
    endloop
  endfacet
  facet normal 0.197475403547 -0.976464152336 -0.0867251381278
    outer loop
      vertex 24.4183864594 11.7112493515 12.0578308105
      vertex 24.436712265 11.7111940384 12.0615320206
      vertex 24.4364147186 11.6906108856 12.0596437454
    endloop
  endfacet
  facet normal -0.184788286686 -0.978389978409 -0.0927701666951
    outer loop
      vertex 24.377571106 11.7333583832 12.0595989227
      vertex 24.3766002655 11.7118520737 12.0577430725
      vertex 24.3595943451 11.7318477631 12.0628509521
    endloop
  endfacet
  facet normal -0.216771528125 -0.974091172218 -0.0644709318876
    outer loop
      vertex 24.3583641052 11.7115011215 12.0617780685
      vertex 24.3595943451 11.7318477631 12.0628509521
      vertex 24.3766002655 11.7118520737 12.0577430725
    endloop
  endfacet
  facet normal -0.00294200493954 -0.998079478741 -0.0618760474026
    outer loop
      vertex 24.3973293304 11.7329902649 12.0595178604
      vertex 24.3974380493 11.7128744125 12.0582704544
      vertex 24.377571106 11.7333583832 12.0595989227
    endloop
  endfacet
  facet normal 0.0210408512503 -0.996157765388 -0.0850118398666
    outer loop
      vertex 24.3766002655 11.7118520737 12.0577430725
      vertex 24.377571106 11.7333583832 12.0595989227
      vertex 24.3974380493 11.7128744125 12.0582704544
    endloop
  endfacet
  facet normal -0.0146940248087 -0.996668815613 -0.0802206173539
    outer loop
      vertex 24.4183864594 11.7112493515 12.0578308105
      vertex 24.3974380493 11.7128744125 12.0582704544
      vertex 24.4176273346 11.7327575684 12.0595731735
    endloop
  endfacet
  facet normal 0.00342949852347 -0.998075842857 -0.0619102567434
    outer loop
      vertex 24.4176273346 11.7327575684 12.0595731735
      vertex 24.3974380493 11.7128744125 12.0582704544
      vertex 24.3973293304 11.7329902649 12.0595178604
    endloop
  endfacet
  facet normal 0.197972372174 -0.980207204819 -0.000907246838324
    outer loop
      vertex 24.436712265 11.7111940384 12.0615320206
      vertex 24.4183864594 11.7112493515 12.0578308105
      vertex 24.4360923767 11.7310600281 12.061425209
    endloop
  endfacet
  facet normal 0.107091553509 -0.990691483021 -0.0840347632766
    outer loop
      vertex 24.4360923767 11.7310600281 12.061425209
      vertex 24.4183864594 11.7112493515 12.0578308105
      vertex 24.4176273346 11.7327575684 12.0595731735
    endloop
  endfacet
  facet normal -0.182235479355 -0.981700599194 -0.055264391005
    outer loop
      vertex 24.3595943451 11.7318477631 12.0628509521
      vertex 24.3764400482 11.7529392242 12.0609111786
      vertex 24.377571106 11.7333583832 12.0595989227
    endloop
  endfacet
  facet normal -0.00281034153886 -0.997623562813 -0.0688425824046
    outer loop
      vertex 24.3973293304 11.7329902649 12.0595178604
      vertex 24.377571106 11.7333583832 12.0595989227
      vertex 24.3954677582 11.7534370422 12.0609340668
    endloop
  endfacet
  facet normal -0.000548426352907 -0.997763812542 -0.0668358057737
    outer loop
      vertex 24.3954677582 11.7534370422 12.0609340668
      vertex 24.377571106 11.7333583832 12.0595989227
      vertex 24.3764400482 11.7529392242 12.0609111786
    endloop
  endfacet
  facet normal 0.00451913429424 -0.987179398537 -0.159550502896
    outer loop
      vertex 24.4176273346 11.7327575684 12.0595731735
      vertex 24.3973293304 11.7329902649 12.0595178604
      vertex 24.4163684845 11.7544603348 12.0630750656
    endloop
  endfacet
  facet normal 0.0978339463472 -0.992170572281 -0.0776280239224
    outer loop
      vertex 24.4163684845 11.7544603348 12.0630750656
      vertex 24.3973293304 11.7329902649 12.0595178604
      vertex 24.3954677582 11.7534370422 12.0609340668
    endloop
  endfacet
  facet normal 0.102890968323 -0.99408942461 -0.0346359685063
    outer loop
      vertex 24.4360923767 11.7310600281 12.061425209
      vertex 24.4176273346 11.7327575684 12.0595731735
      vertex 24.4361801147 11.7517385483 12.0621547699
    endloop
  endfacet
  facet normal -0.0241653788835 -0.987161934376 -0.157883867621
    outer loop
      vertex 24.4361801147 11.7517385483 12.0621547699
      vertex 24.4176273346 11.7327575684 12.0595731735
      vertex 24.4163684845 11.7544603348 12.0630750656
    endloop
  endfacet
  facet normal -0.00344312377274 -0.984230458736 -0.176857545972
    outer loop
      vertex 24.3773136139 11.7720041275 12.0643339157
      vertex 24.3954677582 11.7534370422 12.0609340668
      vertex 24.3764400482 11.7529392242 12.0609111786
    endloop
  endfacet
  facet normal -0.108935058117 0.983867704868 0.141906544566
    outer loop
      vertex 24.4427394867 11.151766777 12.0564308167
      vertex 24.4591693878 11.1320133209 12.0554008484
      vertex 24.4611225128 11.151884079 12.0584831238
    endloop
  endfacet
  facet normal 0.0318364650011 0.987202644348 0.156260505319
    outer loop
      vertex 24.4591693878 11.1320133209 12.0554008484
      vertex 24.4772529602 11.1342878342 12.0551776886
      vertex 24.4611225128 11.151884079 12.0584831238
    endloop
  endfacet
  facet normal 0.00874259043485 0.984196126461 0.176865845919
    outer loop
      vertex 24.478597641 11.1517820358 12.0583095551
      vertex 24.4611225128 11.151884079 12.0584831238
      vertex 24.4772529602 11.1342878342 12.0551776886
    endloop
  endfacet
  facet normal 0.25756534934 0.947511792183 0.189424082637
    outer loop
      vertex 24.4772529602 11.1342878342 12.0551776886
      vertex 24.4875564575 11.1518087387 12.0558795929
      vertex 24.478597641 11.1517820358 12.0583095551
    endloop
  endfacet
  facet normal -0.0881806313992 0.964738070965 0.248001217842
    outer loop
      vertex 24.4239501953 11.151799202 12.0533180237
      vertex 24.4185523987 11.1729354858 12.0582580566
      vertex 24.4030094147 11.1540660858 12.0519866943
    endloop
  endfacet
  facet normal -0.248717457056 0.961751997471 0.114772327244
    outer loop
      vertex 24.4185523987 11.1729354858 12.0582580566
      vertex 24.4002323151 11.1795034409 12.0543041229
      vertex 24.4030094147 11.1540660858 12.0519866943
    endloop
  endfacet
  facet normal -0.161449596286 0.972804546356 0.166088491678
    outer loop
      vertex 24.4427394867 11.151766777 12.0564308167
      vertex 24.4376850128 11.1716947556 12.0589942932
      vertex 24.4239501953 11.151799202 12.0533180237
    endloop
  endfacet
  facet normal -0.0528672486544 0.969319045544 0.240053519607
    outer loop
      vertex 24.4376850128 11.1716947556 12.0589942932
      vertex 24.4185523987 11.1729354858 12.0582580566
      vertex 24.4239501953 11.151799202 12.0533180237
    endloop
  endfacet
  facet normal -0.110681943595 0.993301808834 0.0331815630198
    outer loop
      vertex 24.4611225128 11.151884079 12.0584831238
      vertex 24.4583263397 11.172744751 12.0588684082
      vertex 24.4427394867 11.151766777 12.0564308167
    endloop
  endfacet
  facet normal 0.0123831965029 0.992144107819 0.124485805631
    outer loop
      vertex 24.4583263397 11.172744751 12.0588684082
      vertex 24.4376850128 11.1716947556 12.0589942932
      vertex 24.4427394867 11.151766777 12.0564308167
    endloop
  endfacet
  facet normal 0.0105972941965 0.991721868515 -0.127966567874
    outer loop
      vertex 24.478597641 11.1517820358 12.0583095551
      vertex 24.4766845703 11.1700849533 12.0559682846
      vertex 24.4611225128 11.151884079 12.0584831238
    endloop
  endfacet
  facet normal 0.156423583627 0.987686276436 -0.00272509036586
    outer loop
      vertex 24.4766845703 11.1700849533 12.0559682846
      vertex 24.4583263397 11.172744751 12.0588684082
      vertex 24.4611225128 11.151884079 12.0584831238
    endloop
  endfacet
  facet normal 0.25843796134 0.954451560974 -0.149103984237
    outer loop
      vertex 24.4875564575 11.1518087387 12.0558795929
      vertex 24.4766845703 11.1700849533 12.0559682846
      vertex 24.478597641 11.1517820358 12.0583095551
    endloop
  endfacet
  facet normal 0.0186682213098 0.966051161289 0.257675498724
    outer loop
      vertex 24.3803367615 11.1932611465 12.0583581924
      vertex 24.4002323151 11.1795034409 12.0543041229
      vertex 24.3997631073 11.1957912445 12.0586576462
    endloop
  endfacet
  facet normal -0.231325820088 0.970980525017 0.060706127435
    outer loop
      vertex 24.4185523987 11.1729354858 12.0582580566
      vertex 24.4177112579 11.19343853 12.0593395233
      vertex 24.4002323151 11.1795034409 12.0543041229
    endloop
  endfacet
  facet normal -0.0706051662564 0.963165223598 0.259475857019
    outer loop
      vertex 24.4177112579 11.19343853 12.0593395233
      vertex 24.3997631073 11.1957912445 12.0586576462
      vertex 24.4002323151 11.1795034409 12.0543041229
    endloop
  endfacet
  facet normal -0.0402276031673 0.998808026314 0.0276447124779
    outer loop
      vertex 24.4376850128 11.1716947556 12.0589942932
      vertex 24.4387569427 11.1925315857 12.0596141815
      vertex 24.4185523987 11.1729354858 12.0582580566
    endloop
  endfacet
  facet normal -0.0153271732852 0.998461186886 0.0532942675054
    outer loop
      vertex 24.4387569427 11.1925315857 12.0596141815
      vertex 24.4177112579 11.19343853 12.0593395233
      vertex 24.4185523987 11.1729354858 12.0582580566
    endloop
  endfacet
  facet normal 0.00762831326574 0.999516963959 0.0301276966929
    outer loop
      vertex 24.4376850128 11.1716947556 12.0589942932
      vertex 24.4583263397 11.172744751 12.0588684082
      vertex 24.4387569427 11.1925315857 12.0596141815
    endloop
  endfacet
  facet normal 0.0412452369928 0.999144136906 -0.00313385855407
    outer loop
      vertex 24.4588527679 11.1937894821 12.0587806702
      vertex 24.4387569427 11.1925315857 12.0596141815
      vertex 24.4583263397 11.172744751 12.0588684082
    endloop
  endfacet
  facet normal 0.381672173738 0.924280226231 0.00569393485785
    outer loop
      vertex 24.4588527679 11.1937894821 12.0587806702
      vertex 24.4583263397 11.172744751 12.0588684082
      vertex 24.4729595184 11.1921186447 12.052945137
    endloop
  endfacet
  facet normal 0.176960349083 0.970611393452 -0.163090586662
    outer loop
      vertex 24.4766845703 11.1700849533 12.0559682846
      vertex 24.4729595184 11.1921186447 12.052945137
      vertex 24.4583263397 11.172744751 12.0588684082
    endloop
  endfacet
  facet normal -0.0439729690552 0.973974049091 -0.222353085876
    outer loop
      vertex 24.3956642151 11.2101278305 12.0551996231
      vertex 24.3803367615 11.1932611465 12.0583581924
      vertex 24.3997631073 11.1957912445 12.0586576462
    endloop
  endfacet
  facet normal -0.0447846204042 0.997615456581 0.0525136962533
    outer loop
      vertex 24.4177112579 11.19343853 12.0593395233
      vertex 24.4152736664 11.213924408 12.0603084564
      vertex 24.3997631073 11.1957912445 12.0586576462
    endloop
  endfacet
  facet normal -0.276350200176 0.949285209179 -0.149960383773
    outer loop
      vertex 24.4152736664 11.213924408 12.0603084564
      vertex 24.3956642151 11.2101278305 12.0551996231
      vertex 24.3997631073 11.1957912445 12.0586576462
    endloop
  endfacet
  facet normal -0.018761549145 0.990618348122 0.135363772511
    outer loop
      vertex 24.4387569427 11.1925315857 12.0596141815
      vertex 24.4361915588 11.213552475 12.0624380112
      vertex 24.4177112579 11.19343853 12.0593395233
    endloop
  endfacet
  facet normal -0.102145127952 0.993011116982 0.059121184051
    outer loop
      vertex 24.4361915588 11.213552475 12.0624380112
      vertex 24.4152736664 11.213924408 12.0603084564
      vertex 24.4177112579 11.19343853 12.0593395233
    endloop
  endfacet
  facet normal 0.0512081161141 0.984882950783 0.165479108691
    outer loop
      vertex 24.4588527679 11.1937894821 12.0587806702
      vertex 24.4569072723 11.2136039734 12.0622110367
      vertex 24.4387569427 11.1925315857 12.0596141815
    endloop
  endfacet
  facet normal 0.011188050732 0.991214692593 0.131788834929
    outer loop
      vertex 24.4569072723 11.2136039734 12.0622110367
      vertex 24.4361915588 11.213552475 12.0624380112
      vertex 24.4387569427 11.1925315857 12.0596141815
    endloop
  endfacet
  facet normal 0.385854870081 0.91466075182 0.120464511216
    outer loop
      vertex 24.4569072723 11.2136039734 12.0622110367
      vertex 24.4588527679 11.1937894821 12.0587806702
      vertex 24.4717922211 11.2170820236 12.0563898087
    endloop
  endfacet
  facet normal 0.368764966726 0.922977030277 0.11011711508
    outer loop
      vertex 24.4729595184 11.1921186447 12.052945137
      vertex 24.4717922211 11.2170820236 12.0563898087
      vertex 24.4588527679 11.1937894821 12.0587806702
    endloop
  endfacet
  facet normal -0.515541553497 0.787560284138 0.337588042021
    outer loop
      vertex 24.4193305969 11.2365694046 12.0726709366
      vertex 24.396194458 11.2333984375 12.0561666489
      vertex 24.4152736664 11.213924408 12.0603084564
    endloop
  endfacet
  facet normal -0.245672956109 0.968733012676 0.0346584282815
    outer loop
      vertex 24.396194458 11.2333984375 12.0561666489
      vertex 24.3956642151 11.2101278305 12.0551996231
      vertex 24.4152736664 11.213924408 12.0603084564
    endloop
  endfacet
  facet normal -0.0979054793715 0.880777478218 0.463298618793
    outer loop
      vertex 24.4361915588 11.213552475 12.0624380112
      vertex 24.4193305969 11.2365694046 12.0726709366
      vertex 24.4152736664 11.213924408 12.0603084564
    endloop
  endfacet
  facet normal -0.102079316974 0.879086196423 0.465604245663
    outer loop
      vertex 24.4408111572 11.2355566025 12.07462883
      vertex 24.4193305969 11.2365694046 12.0726709366
      vertex 24.4361915588 11.213552475 12.0624380112
    endloop
  endfacet
  facet normal 0.0107819903642 0.873713254929 0.486321866512
    outer loop
      vertex 24.4569072723 11.2136039734 12.0622110367
      vertex 24.4408111572 11.2355566025 12.07462883
      vertex 24.4361915588 11.213552475 12.0624380112
    endloop
  endfacet
  facet normal 0.0717902705073 0.88979190588 0.450684458017
    outer loop
      vertex 24.4599571228 11.2361097336 12.0733642578
      vertex 24.4408111572 11.2355566025 12.07462883
      vertex 24.4569072723 11.2136039734 12.0622110367
    endloop
  endfacet
  facet normal 0.414482474327 0.791824221611 0.448574066162
    outer loop
      vertex 24.4717922211 11.2170820236 12.0563898087
      vertex 24.4599571228 11.2361097336 12.0733642578
      vertex 24.4569072723 11.2136039734 12.0622110367
    endloop
  endfacet
  facet normal 0.324596315622 0.797098100185 0.509187400341
    outer loop
      vertex 24.4718723297 11.2378606796 12.0696306229
      vertex 24.4599571228 11.2361097336 12.0733642578
      vertex 24.4717922211 11.2170820236 12.0563898087
    endloop
  endfacet
  facet normal 0.892811715603 0.378293305635 0.244502395391
    outer loop
      vertex 24.4718723297 11.2378606796 12.0696306229
      vertex 24.4717922211 11.2170820236 12.0563898087
      vertex 24.4761581421 11.2362985611 12.058506012
    endloop
  endfacet
  facet normal -0.565960645676 0.81598931551 0.117685936391
    outer loop
      vertex 24.396194458 11.2333984375 12.0561666489
      vertex 24.4193305969 11.2365694046 12.0726709366
      vertex 24.3986625671 11.2558078766 12.0611104965
    endloop
  endfacet
  facet normal -0.622086286545 0.752531290054 0.216114223003
    outer loop
      vertex 24.4179477692 11.258143425 12.0777235031
      vertex 24.3986625671 11.2558078766 12.0611104965
      vertex 24.4193305969 11.2365694046 12.0726709366
    endloop
  endfacet
  facet normal 0.928217053413 0.366545170546 0.0637003779411
    outer loop
      vertex 24.4761581421 11.2362985611 12.058506012
      vertex 24.4773330688 11.2569971085 12.0591278076
      vertex 24.4718723297 11.2378606796 12.0696306229
    endloop
  endfacet
  facet normal 0.940465629101 0.328240662813 0.088218614459
    outer loop
      vertex 24.4724063873 11.2545967102 12.0725984573
      vertex 24.4718723297 11.2378606796 12.0696306229
      vertex 24.4773330688 11.2569971085 12.0591278076
    endloop
  endfacet
  facet normal -0.965232312679 0.246622994542 0.0866236612201
    outer loop
      vertex 24.3986625671 11.2558078766 12.0611104965
      vertex 24.4000873566 11.2794971466 12.0750074387
      vertex 24.3963375092 11.2758779526 12.0590600967
    endloop
  endfacet
  facet normal -0.573979318142 0.720905184746 0.3883857131
    outer loop
      vertex 24.4179477692 11.258143425 12.0777235031
      vertex 24.4000873566 11.2794971466 12.0750074387
      vertex 24.3986625671 11.2558078766 12.0611104965
    endloop
  endfacet
  facet normal 0.94057649374 0.329042702913 0.0839451625943
    outer loop
      vertex 24.4724063873 11.2545967102 12.0725984573
      vertex 24.4773330688 11.2569971085 12.0591278076
      vertex 24.4737205505 11.2749099731 12.0740242004
    endloop
  endfacet
  facet normal 0.957864761353 0.283984392881 0.0429879575968
    outer loop
      vertex 24.478187561 11.2768497467 12.0592508316
      vertex 24.4737205505 11.2749099731 12.0740242004
      vertex 24.4773330688 11.2569971085 12.0591278076
    endloop
  endfacet
  facet normal -0.61555737257 -0.462008774281 0.638464570045
    outer loop
      vertex 24.3784370422 11.297832489 12.0785150528
      vertex 24.3948688507 11.2958164215 12.0594081879
      vertex 24.4000873566 11.2794971466 12.0750074387
    endloop
  endfacet
  facet normal -0.966721713543 0.244443237782 0.0754758119583
    outer loop
      vertex 24.3948688507 11.2958164215 12.0594081879
      vertex 24.3963375092 11.2758779526 12.0590600967
      vertex 24.4000873566 11.2794971466 12.0750074387
    endloop
  endfacet
  facet normal 0.955585837364 0.275037825108 0.105876877904
    outer loop
      vertex 24.4737205505 11.2749099731 12.0740242004
      vertex 24.478187561 11.2768497467 12.0592508316
      vertex 24.4756736755 11.2963256836 12.0754823685
    endloop
  endfacet
  facet normal 0.983462095261 0.179673194885 0.0228004064411
    outer loop
      vertex 24.4787502289 11.2975273132 12.0587949753
      vertex 24.4756736755 11.2963256836 12.0754823685
      vertex 24.478187561 11.2768497467 12.0592508316
    endloop
  endfacet
  facet normal -0.998833537102 0.00843041669577 0.0475447177887
    outer loop
      vertex 24.3773727417 11.3167953491 12.0593614578
      vertex 24.3784370422 11.297832489 12.0785150528
      vertex 24.3774642944 11.3182191849 12.0782384872
    endloop
  endfacet
  facet normal -0.660227656364 -0.509574174881 0.551755011082
    outer loop
      vertex 24.3948688507 11.2958164215 12.0594081879
      vertex 24.3784370422 11.297832489 12.0785150528
      vertex 24.3773727417 11.3167953491 12.0593614578
    endloop
  endfacet
  facet normal 0.983315467834 0.181779965758 -0.0068324347958
    outer loop
      vertex 24.4787502289 11.2975273132 12.0587949753
      vertex 24.4783687592 11.3185548782 12.0600681305
      vertex 24.4756736755 11.2963256836 12.0754823685
    endloop
  endfacet
  facet normal 0.984043002129 0.177884966135 -0.00404334254563
    outer loop
      vertex 24.4756736755 11.2963256836 12.0754823685
      vertex 24.4783687592 11.3185548782 12.0600681305
      vertex 24.4750862122 11.3165330887 12.0782728195
    endloop
  endfacet
  facet normal -0.999495685101 0.00718059437349 0.0309321377426
    outer loop
      vertex 24.3773727417 11.3167953491 12.0593614578
      vertex 24.3774642944 11.3182191849 12.0782384872
      vertex 24.3767547607 11.336892128 12.0599136353
    endloop
  endfacet
  facet normal -0.993668794632 0.0967213436961 -0.0571608319879
    outer loop
      vertex 24.3774642944 11.3182191849 12.0782384872
      vertex 24.3786449432 11.3384656906 12.0784025192
      vertex 24.3767547607 11.336892128 12.0599136353
    endloop
  endfacet
  facet normal 0.982275187969 0.16785094142 0.0834354162216
    outer loop
      vertex 24.4750862122 11.3165330887 12.0782728195
      vertex 24.4783687592 11.3185548782 12.0600681305
      vertex 24.4769077301 11.3382806778 12.0784235001
    endloop
  endfacet
  facet normal 0.995557069778 0.0932534858584 0.0130368145183
    outer loop
      vertex 24.4787101746 11.338637352 12.0592308044
      vertex 24.4769077301 11.3382806778 12.0784235001
      vertex 24.4783687592 11.3185548782 12.0600681305
    endloop
  endfacet
  facet normal -0.993695139885 0.104946374893 0.0394492410123
    outer loop
      vertex 24.3767547607 11.336892128 12.0599136353
      vertex 24.3786449432 11.3384656906 12.0784025192
      vertex 24.3758659363 11.358080864 12.0594625473
    endloop
  endfacet
  facet normal -0.99435043335 0.0931065008044 0.0509743988514
    outer loop
      vertex 24.3786449432 11.3384656906 12.0784025192
      vertex 24.3776683807 11.3596143723 12.0795516968
      vertex 24.3758659363 11.358080864 12.0594625473
    endloop
  endfacet
  facet normal 0.99562060833 0.0934651270509 0.00196959357709
    outer loop
      vertex 24.4787101746 11.338637352 12.0592308044
      vertex 24.4787368774 11.3592433929 12.0593805313
      vertex 24.4769077301 11.3382806778 12.0784235001
    endloop
  endfacet
  facet normal 0.99655854702 0.0819409415126 0.0125202462077
    outer loop
      vertex 24.4769077301 11.3382806778 12.0784235001
      vertex 24.4787368774 11.3592433929 12.0593805313
      vertex 24.4771366119 11.3594322205 12.078871727
    endloop
  endfacet
  facet normal -0.995556473732 0.091133326292 0.0237081069499
    outer loop
      vertex 24.3758659363 11.358080864 12.0594625473
      vertex 24.3776683807 11.3596143723 12.0795516968
      vertex 24.3753490448 11.3800649643 12.0595350266
    endloop
  endfacet
  facet normal -0.996485590935 0.0723693594337 0.0421793162823
    outer loop
      vertex 24.3776683807 11.3596143723 12.0795516968
      vertex 24.3767967224 11.3802433014 12.0795726776
      vertex 24.3753490448 11.3800649643 12.0595350266
    endloop
  endfacet
  facet normal 0.996637880802 0.0818595662713 0.00344799784943
    outer loop
      vertex 24.4787368774 11.3592433929 12.0593805313
      vertex 24.4787902832 11.3797740936 12.059595108
      vertex 24.4771366119 11.3594322205 12.078871727
    endloop
  endfacet
  facet normal 0.998221695423 0.047165106982 0.0364543423057
    outer loop
      vertex 24.4771366119 11.3594322205 12.078871727
      vertex 24.4787902832 11.3797740936 12.059595108
      vertex 24.4778957367 11.3801488876 12.0788173676
    endloop
  endfacet
  facet normal -0.998390376568 0.016212368384 -0.0543494224548
    outer loop
      vertex 24.3764724731 11.4007377625 12.0594158173
      vertex 24.3753490448 11.3800649643 12.0595350266
      vertex 24.376789093 11.4007434845 12.0788946152
    endloop
  endfacet
  facet normal -0.997399568558 0.0720420926809 -0.00201166025363
    outer loop
      vertex 24.3767967224 11.3802433014 12.0795726776
      vertex 24.376789093 11.4007434845 12.0788946152
      vertex 24.3753490448 11.3800649643 12.0595350266
    endloop
  endfacet
  facet normal 0.998130679131 0.0456579551101 -0.0406264923513
    outer loop
      vertex 24.4787902832 11.3797740936 12.059595108
      vertex 24.4779434204 11.4006853104 12.0595016479
      vertex 24.4778957367 11.3801488876 12.0788173676
    endloop
  endfacet
  facet normal 0.99976593256 0.0168689657003 -0.0135449431837
    outer loop
      vertex 24.4778957367 11.3801488876 12.0788173676
      vertex 24.4779434204 11.4006853104 12.0595016479
      vertex 24.4776000977 11.4008789062 12.0796937943
    endloop
  endfacet
  facet normal -0.997948050499 0.0162393357605 0.0619352273643
    outer loop
      vertex 24.3764724731 11.4007377625 12.0594158173
      vertex 24.376789093 11.4007434845 12.0788946152
      vertex 24.3752536774 11.420419693 12.0595827103
    endloop
  endfacet
  facet normal -0.997102379799 0.0760031864047 0.00321191316471
    outer loop
      vertex 24.376789093 11.4007434845 12.0788946152
      vertex 24.3767566681 11.4214830399 12.0793457031
      vertex 24.3752536774 11.420419693 12.0595827103
    endloop
  endfacet
  facet normal 0.999575257301 0.0172209963202 0.0235103629529
    outer loop
      vertex 24.4776000977 11.4008789062 12.0796937943
      vertex 24.4779434204 11.4006853104 12.0595016479
      vertex 24.4780902863 11.4209871292 12.0786933899
    endloop
  endfacet
  facet normal 0.999632179737 0.0157247353345 0.0220963265747
    outer loop
      vertex 24.4784164429 11.4220752716 12.0594882965
      vertex 24.4780902863 11.4209871292 12.0786933899
      vertex 24.4779434204 11.4006853104 12.0595016479
    endloop
  endfacet
  facet normal -0.996707499027 0.0771434009075 0.0249617248774
    outer loop
      vertex 24.3752536774 11.420419693 12.0595827103
      vertex 24.3767566681 11.4214830399 12.0793457031
      vertex 24.3747653961 11.4419059753 12.0602264404
    endloop
  endfacet
  facet normal -0.995133638382 0.0984127745032 0.00489660585299
    outer loop
      vertex 24.3767566681 11.4214830399 12.0793457031
      vertex 24.3767032623 11.4418048859 12.0798168182
      vertex 24.3747653961 11.4419059753 12.0602264404
    endloop
  endfacet
  facet normal 0.998905777931 0.0193760488182 -0.0425650626421
    outer loop
      vertex 24.4780902863 11.4209871292 12.0786933899
      vertex 24.4784164429 11.4220752716 12.0594882965
      vertex 24.4772129059 11.441652298 12.0785284042
    endloop
  endfacet
  facet normal 0.99582105875 0.0880121737719 0.0243782978505
    outer loop
      vertex 24.4789199829 11.4422483444 12.059378624
      vertex 24.4772129059 11.441652298 12.0785284042
      vertex 24.4784164429 11.4220752716 12.0594882965
    endloop
  endfacet
  facet normal -0.995133221149 0.0984699651599 0.0036865407601
    outer loop
      vertex 24.37458992 11.4624242783 12.0592212677
      vertex 24.3747653961 11.4419059753 12.0602264404
      vertex 24.3765869141 11.4629878998 12.0794239044
    endloop
  endfacet
  facet normal -0.995138347149 0.0984197184443 0.00364034087397
    outer loop
      vertex 24.3767032623 11.4418048859 12.0798168182
      vertex 24.3765869141 11.4629878998 12.0794239044
      vertex 24.3747653961 11.4419059753 12.0602264404
    endloop
  endfacet
  facet normal 0.995632112026 0.0895736515522 -0.0263299234211
    outer loop
      vertex 24.4789199829 11.4422483444 12.059378624
      vertex 24.4784126282 11.4626922607 12.0590085983
      vertex 24.4772129059 11.441652298 12.0785284042
    endloop
  endfacet
  facet normal 0.99872815609 0.0491180233657 0.0113792903721
    outer loop
      vertex 24.4772129059 11.441652298 12.0785284042
      vertex 24.4784126282 11.4626922607 12.0590085983
      vertex 24.4774227142 11.4632196426 12.0792589188
    endloop
  endfacet
  facet normal -0.995089292526 0.0986037328839 0.00863682013005
    outer loop
      vertex 24.37458992 11.4624242783 12.0592212677
      vertex 24.3765869141 11.4629878998 12.0794239044
      vertex 24.37449646 11.4830675125 12.0600862503
    endloop
  endfacet
  facet normal -0.996777892113 0.072810433805 0.033652830869
    outer loop
      vertex 24.3765869141 11.4629878998 12.0794239044
      vertex 24.3759059906 11.4842624664 12.0799350739
      vertex 24.37449646 11.4830675125 12.0600862503
    endloop
  endfacet
  facet normal 0.998400092125 0.049516633153 0.0273007228971
    outer loop
      vertex 24.4784126282 11.4626922607 12.0590085983
      vertex 24.4789524078 11.4835186005 12.0596075058
      vertex 24.4774227142 11.4632196426 12.0792589188
    endloop
  endfacet
  facet normal 0.997098267078 0.0761114805937 0.00145615183283
    outer loop
      vertex 24.4774227142 11.4632196426 12.0792589188
      vertex 24.4789524078 11.4835186005 12.0596075058
      vertex 24.4774951935 11.4836893082 12.0787010193
    endloop
  endfacet
  facet normal -0.774863481522 0.113823711872 0.621796369553
    outer loop
      vertex 24.3569850922 11.5045595169 12.0582828522
      vertex 24.37449646 11.4830675125 12.0600862503
      vertex 24.3593292236 11.5053548813 12.0785856247
    endloop
  endfacet
  facet normal -0.785733878613 0.0926170349121 0.611591637135
    outer loop
      vertex 24.3759059906 11.4842624664 12.0799350739
      vertex 24.3593292236 11.5053548813 12.0785856247
      vertex 24.37449646 11.4830675125 12.0600862503
    endloop
  endfacet
  facet normal 0.679878532887 0.530091822147 -0.50672262907
    outer loop
      vertex 24.4775714874 11.503777504 12.0594005585
      vertex 24.4605083466 11.5049304962 12.0801830292
      vertex 24.4774951935 11.4836893082 12.0787010193
    endloop
  endfacet
  facet normal 0.99479919672 0.0753098651767 -0.0685783699155
    outer loop
      vertex 24.4775714874 11.503777504 12.0594005585
      vertex 24.4774951935 11.4836893082 12.0787010193
      vertex 24.4789524078 11.4835186005 12.0596075058
    endloop
  endfacet
  facet normal -0.992624819279 0.115988150239 0.035252738744
    outer loop
      vertex 24.3569850922 11.5045595169 12.0582828522
      vertex 24.3593292236 11.5053548813 12.0785856247
      vertex 24.3563728333 11.5253229141 12.0593538284
    endloop
  endfacet
  facet normal -0.993993163109 0.0539135634899 0.095241189003
    outer loop
      vertex 24.3593292236 11.5053548813 12.0785856247
      vertex 24.3572845459 11.5271272659 12.0793504715
      vertex 24.3563728333 11.5253229141 12.0593538284
    endloop
  endfacet
  facet normal 0.772038757801 0.628697693348 -0.0932488590479
    outer loop
      vertex 24.4751224518 11.5237131119 12.0594511032
      vertex 24.4605083466 11.5049304962 12.0801830292
      vertex 24.4775714874 11.503777504 12.0594005585
    endloop
  endfacet
  facet normal 0.795923948288 0.603574514389 -0.0469340793788
    outer loop
      vertex 24.4598007202 11.5256137848 12.0795078278
      vertex 24.4605083466 11.5049304962 12.0801830292
      vertex 24.4751224518 11.5237131119 12.0594511032
    endloop
  endfacet
  facet normal -0.998934626579 0.0459398552775 0.0043759807013
    outer loop
      vertex 24.3563728333 11.5253229141 12.0593538284
      vertex 24.3572845459 11.5271272659 12.0793504715
      vertex 24.356300354 11.5456914902 12.059718132
    endloop
  endfacet
  facet normal -0.998797535896 0.00385620910674 0.0488737002015
    outer loop
      vertex 24.3572845459 11.5271272659 12.0793504715
      vertex 24.3563289642 11.5466146469 12.078827858
      vertex 24.356300354 11.5456914902 12.059718132
    endloop
  endfacet
  facet normal 0.702620863914 0.487638890743 -0.518200933933
    outer loop
      vertex 24.4751224518 11.5237131119 12.0594511032
      vertex 24.459318161 11.5452747345 12.0593099594
      vertex 24.4598007202 11.5256137848 12.0795078278
    endloop
  endfacet
  facet normal 0.9986115098 0.0225047804415 -0.0476292818785
    outer loop
      vertex 24.459318161 11.5452747345 12.0593099594
      vertex 24.4588241577 11.5462694168 12.0791254044
      vertex 24.4598007202 11.5256137848 12.0795078278
    endloop
  endfacet
  facet normal -0.999998509884 0.00153454369865 0.000777283043135
    outer loop
      vertex 24.356300354 11.5456914902 12.059718132
      vertex 24.3563289642 11.5466146469 12.078827858
      vertex 24.3562831879 11.5664205551 12.0590286255
    endloop
  endfacet
  facet normal -0.99999833107 0.000594420998823 0.00171708827838
    outer loop
      vertex 24.3563289642 11.5466146469 12.078827858
      vertex 24.356294632 11.5667934418 12.0793561935
      vertex 24.3562831879 11.5664205551 12.0590286255
    endloop
  endfacet
  facet normal 0.999082863331 0.0230975225568 -0.0360551252961
    outer loop
      vertex 24.459318161 11.5452747345 12.0593099594
      vertex 24.4585590363 11.56645298 12.0590867996
      vertex 24.4588241577 11.5462694168 12.0791254044
    endloop
  endfacet
  facet normal 0.999948740005 -0.0093716531992 -0.00383052136749
    outer loop
      vertex 24.4588241577 11.5462694168 12.0791254044
      vertex 24.4585590363 11.56645298 12.0590867996
      vertex 24.4587478638 11.566778183 12.0793676376
    endloop
  endfacet
  facet normal -0.999999761581 0.000556708720978 -0.000338825571816
    outer loop
      vertex 24.3562831879 11.5664205551 12.0590286255
      vertex 24.356294632 11.5667934418 12.0793561935
      vertex 24.3562908173 11.5878505707 12.0596961975
    endloop
  endfacet
  facet normal -0.999998927116 -0.000989685417153 0.00110496534035
    outer loop
      vertex 24.356294632 11.5667934418 12.0793561935
      vertex 24.3562717438 11.5871925354 12.0797052383
      vertex 24.3562908173 11.5878505707 12.0596961975
    endloop
  endfacet
  facet normal 0.999949634075 -0.00936788320541 -0.00359487533569
    outer loop
      vertex 24.4585590363 11.56645298 12.0590867996
      vertex 24.4584922791 11.5870370865 12.0598602295
      vertex 24.4587478638 11.566778183 12.0793676376
    endloop
  endfacet
  facet normal 0.999954760075 -0.00832667946815 -0.00459752045572
    outer loop
      vertex 24.4587478638 11.566778183 12.0793676376
      vertex 24.4584922791 11.5870370865 12.0598602295
      vertex 24.4586524963 11.5875310898 12.0793733597
    endloop
  endfacet
  facet normal -0.99940341711 -0.0345355570316 0.00022796713165
    outer loop
      vertex 24.3562965393 11.609000206 12.0593910217
      vertex 24.3562908173 11.5878505707 12.0596961975
      vertex 24.3556079865 11.6074800491 12.0793266296
    endloop
  endfacet
  facet normal -0.999461889267 -0.00202949019149 0.0327376462519
    outer loop
      vertex 24.3562717438 11.5871925354 12.0797052383
      vertex 24.3556079865 11.6074800491 12.0793266296
      vertex 24.3562908173 11.5878505707 12.0596961975
    endloop
  endfacet
  facet normal 0.998433053493 -0.00959350075573 -0.0551310256124
    outer loop
      vertex 24.4584922791 11.5870370865 12.0598602295
      vertex 24.4573707581 11.6072969437 12.0595664978
      vertex 24.4586524963 11.5875310898 12.0793733597
    endloop
  endfacet
  facet normal 0.998385369778 -0.0561715327203 -0.00845327414572
    outer loop
      vertex 24.4586524963 11.5875310898 12.0793733597
      vertex 24.4573707581 11.6072969437 12.0595664978
      vertex 24.4584770203 11.6082811356 12.0793771744
    endloop
  endfacet
  facet normal -0.997521042824 -0.0703623071313 0.000945880892687
    outer loop
      vertex 24.3562793732 11.6290235519 12.0593652725
      vertex 24.3562965393 11.609000206 12.0593910217
      vertex 24.354888916 11.6290912628 12.079076767
    endloop
  endfacet
  facet normal -0.998745918274 -0.0370621569455 0.033660069108
    outer loop
      vertex 24.3556079865 11.6074800491 12.0793266296
      vertex 24.354888916 11.6290912628 12.079076767
      vertex 24.3562965393 11.609000206 12.0593910217
    endloop
  endfacet
  facet normal 0.996767759323 -0.0584018826485 -0.0551656223834
    outer loop
      vertex 24.4573707581 11.6072969437 12.0595664978
      vertex 24.4562473297 11.6284065247 12.0603322983
      vertex 24.4584770203 11.6082811356 12.0793771744
    endloop
  endfacet
  facet normal 0.99673050642 -0.0622115619481 -0.0515563488007
    outer loop
      vertex 24.4584770203 11.6082811356 12.0793771744
      vertex 24.4562473297 11.6284065247 12.0603322983
      vertex 24.4574184418 11.6287660599 12.0793933868
    endloop
  endfacet
  facet normal -0.997518122196 -0.0703731775284 -0.0022777528502
    outer loop
      vertex 24.3562793732 11.6290235519 12.0593652725
      vertex 24.354888916 11.6290912628 12.079076767
      vertex 24.3563404083 11.6495075226 12.0591630936
    endloop
  endfacet
  facet normal -0.998525738716 -0.0491366274655 -0.0230631474406
    outer loop
      vertex 24.354888916 11.6290912628 12.079076767
      vertex 24.3553752899 11.650557518 12.0792684555
      vertex 24.3563404083 11.6495075226 12.0591630936
    endloop
  endfacet
  facet normal 0.992223441601 -0.0629871487617 -0.107355579734
    outer loop
      vertex 24.4574184418 11.6287660599 12.0793933868
      vertex 24.4562473297 11.6284065247 12.0603322983
      vertex 24.455286026 11.6481552124 12.0788488388
    endloop
  endfacet
  facet normal 0.980060458183 -0.118906497955 -0.159193992615
    outer loop
      vertex 24.4528503418 11.6492156982 12.0601930618
      vertex 24.455286026 11.6481552124 12.0788488388
      vertex 24.4562473297 11.6284065247 12.0603322983
    endloop
  endfacet
  facet normal -0.998808801174 -0.0483059212565 -0.00689655775204
    outer loop
      vertex 24.3563404083 11.6495075226 12.0591630936
      vertex 24.3553752899 11.650557518 12.0792684555
      vertex 24.3564567566 11.6701526642 12.0597047806
    endloop
  endfacet
  facet normal -0.999030709267 -0.0131503064185 -0.0420079566538
    outer loop
      vertex 24.3553752899 11.650557518 12.0792684555
      vertex 24.3562316895 11.6708621979 12.0790700912
      vertex 24.3564567566 11.6701526642 12.0597047806
    endloop
  endfacet
  facet normal 0.827777862549 -0.0764784440398 -0.555819094181
    outer loop
      vertex 24.4528503418 11.6492156982 12.0601930618
      vertex 24.4402294159 11.6706562042 12.079410553
      vertex 24.455286026 11.6481552124 12.0788488388
    endloop
  endfacet
  facet normal 0.832297980785 -0.0672752410173 -0.550230920315
    outer loop
      vertex 24.4389915466 11.6700172424 12.0588703156
      vertex 24.4402294159 11.6706562042 12.079410553
      vertex 24.4528503418 11.6492156982 12.0601930618
    endloop
  endfacet
  facet normal -0.99621784687 -0.0147161027417 -0.0856356173754
    outer loop
      vertex 24.3564567566 11.6701526642 12.0597047806
      vertex 24.3562316895 11.6708621979 12.0790700912
      vertex 24.3582267761 11.6907691956 12.0598535538
    endloop
  endfacet
  facet normal -0.994894087315 -0.100898258388 -0.00230994587764
    outer loop
      vertex 24.3562316895 11.6708621979 12.0790700912
      vertex 24.3562450409 11.691318512 12.0794067383
      vertex 24.3582267761 11.6907691956 12.0598535538
    endloop
  endfacet
  facet normal 0.989957213402 -0.0635878965259 -0.126258954406
    outer loop
      vertex 24.4389915466 11.6700172424 12.0588703156
      vertex 24.4364147186 11.6906108856 12.0596437454
      vertex 24.4402294159 11.6706562042 12.079410553
    endloop
  endfacet
  facet normal 0.990819334984 -0.103930450976 -0.0864610373974
    outer loop
      vertex 24.4402294159 11.6706562042 12.079410553
      vertex 24.4364147186 11.6906108856 12.0596437454
      vertex 24.438287735 11.6928958893 12.0794010162
    endloop
  endfacet
  facet normal -0.994730889797 -0.101266026497 -0.0159897096455
    outer loop
      vertex 24.3582267761 11.6907691956 12.0598535538
      vertex 24.3562450409 11.691318512 12.0794067383
      vertex 24.3583641052 11.7115011215 12.0617780685
    endloop
  endfacet
  facet normal -0.981548786163 -0.182673588395 0.0565004721284
    outer loop
      vertex 24.3562450409 11.691318512 12.0794067383
      vertex 24.3550033569 11.7122821808 12.0795946121
      vertex 24.3583641052 11.7115011215 12.0617780685
    endloop
  endfacet
  facet normal 0.996483922005 -0.0836848095059 -0.00407510064542
    outer loop
      vertex 24.4381561279 11.7126808167 12.0787973404
      vertex 24.438287735 11.6928958893 12.0794010162
      vertex 24.436712265 11.7111940384 12.0615320206
    endloop
  endfacet
  facet normal 0.995582461357 -0.0937123373151 0.00579485669732
    outer loop
      vertex 24.4364147186 11.6906108856 12.0596437454
      vertex 24.436712265 11.7111940384 12.0615320206
      vertex 24.438287735 11.6928958893 12.0794010162
    endloop
  endfacet
  facet normal -0.979761838913 -0.187844753265 -0.0691453740001
    outer loop
      vertex 24.3583641052 11.7115011215 12.0617780685
      vertex 24.3550033569 11.7122821808 12.0795946121
      vertex 24.3595943451 11.7318477631 12.0628509521
    endloop
  endfacet
  facet normal -0.958329498768 -0.285029172897 0.0190512984991
    outer loop
      vertex 24.3550033569 11.7122821808 12.0795946121
      vertex 24.3546237946 11.7332582474 12.0794687271
      vertex 24.3595943451 11.7318477631 12.0628509521
    endloop
  endfacet
  facet normal 0.993384301662 -0.114797122777 -0.00303752208129
    outer loop
      vertex 24.4381656647 11.7327728271 12.0794115067
      vertex 24.4381561279 11.7126808167 12.0787973404
      vertex 24.4360923767 11.7310600281 12.061425209
    endloop
  endfacet
  facet normal 0.995832026005 -0.085915453732 -0.0306114945561
    outer loop
      vertex 24.436712265 11.7111940384 12.0615320206
      vertex 24.4360923767 11.7310600281 12.061425209
      vertex 24.4381561279 11.7126808167 12.0787973404
    endloop
  endfacet
  facet normal -0.952210962772 -0.292330235243 -0.0885283797979
    outer loop
      vertex 24.3567752838 11.7532567978 12.0785169601
      vertex 24.3595943451 11.7318477631 12.0628509521
      vertex 24.3546237946 11.7332582474 12.0794687271
    endloop
  endfacet
  facet normal -0.602092444897 -0.680052757263 -0.418345421553
    outer loop
      vertex 24.3595943451 11.7318477631 12.0628509521
      vertex 24.3567752838 11.7532567978 12.0785169601
      vertex 24.3764400482 11.7529392242 12.0609111786
    endloop
  endfacet
  facet normal 0.993423700333 -0.114495694637 0.000175567140104
    outer loop
      vertex 24.4360923767 11.7310600281 12.061425209
      vertex 24.4361801147 11.7517385483 12.0621547699
      vertex 24.4381656647 11.7327728271 12.0794115067
    endloop
  endfacet
  facet normal 0.994258224964 -0.106783032417 -0.00692946929485
    outer loop
      vertex 24.4381656647 11.7327728271 12.0794115067
      vertex 24.4361801147 11.7517385483 12.0621547699
      vertex 24.4381027222 11.752737999 12.0801210403
    endloop
  endfacet
  facet normal -0.614344239235 -0.785062670708 -0.0791060626507
    outer loop
      vertex 24.3565444946 11.7747564316 12.0808639526
      vertex 24.3773136139 11.7720041275 12.0643339157
      vertex 24.3567752838 11.7532567978 12.0785169601
    endloop
  endfacet
  facet normal -0.656725227833 -0.736456394196 -0.162308305502
    outer loop
      vertex 24.3764400482 11.7529392242 12.0609111786
      vertex 24.3567752838 11.7532567978 12.0785169601
      vertex 24.3773136139 11.7720041275 12.0643339157
    endloop
  endfacet
  facet normal 0.389327317476 -0.760349273682 -0.519897341728
    outer loop
      vertex 24.3954677582 11.7534370422 12.0609340668
      vertex 24.3773136139 11.7720041275 12.0643339157
      vertex 24.3978824615 11.7752418518 12.0770797729
    endloop
  endfacet
  facet normal 0.0590691007674 -0.802682757378 -0.593473851681
    outer loop
      vertex 24.4182815552 11.7750701904 12.0784540176
      vertex 24.4163684845 11.7544603348 12.0630750656
      vertex 24.3978824615 11.7752418518 12.0770797729
    endloop
  endfacet
  facet normal 0.0535906776786 -0.805337369442 -0.590389490128
    outer loop
      vertex 24.3954677582 11.7534370422 12.0609340668
      vertex 24.3978824615 11.7752418518 12.0770797729
      vertex 24.4163684845 11.7544603348 12.0630750656
    endloop
  endfacet
  facet normal 0.0586630105972 -0.735001027584 -0.675523579121
    outer loop
      vertex 24.4163684845 11.7544603348 12.0630750656
      vertex 24.4356002808 11.7709302902 12.0797472
      vertex 24.4361801147 11.7517385483 12.0621547699
    endloop
  endfacet
  facet normal 0.196670636535 -0.794471621513 -0.574574172497
    outer loop
      vertex 24.4182815552 11.7750701904 12.0784540176
      vertex 24.4356002808 11.7709302902 12.0797472
      vertex 24.4163684845 11.7544603348 12.0630750656
    endloop
  endfacet
  facet normal 0.984661638737 -0.112776406109 -0.133127748966
    outer loop
      vertex 24.4361801147 11.7517385483 12.0621547699
      vertex 24.4356002808 11.7709302902 12.0797472
      vertex 24.4381027222 11.752737999 12.0801210403
    endloop
  endfacet
  facet normal -0.513657510281 -0.722448706627 -0.462843239307
    outer loop
      vertex 24.3773136139 11.7720041275 12.0643339157
      vertex 24.3565444946 11.7747564316 12.0808639526
      vertex 24.3768444061 11.7936439514 12.0785312653
    endloop
  endfacet
  facet normal -0.150860920548 -0.98773920536 -0.0401522777975
    outer loop
      vertex 24.3565444946 11.7747564316 12.0808639526
      vertex 24.3570041656 11.7958850861 12.0816526413
      vertex 24.3768444061 11.7936439514 12.0785312653
    endloop
  endfacet
  facet normal 0.393548041582 -0.764706969261 -0.510238409042
    outer loop
      vertex 24.3773136139 11.7720041275 12.0643339157
      vertex 24.3768444061 11.7936439514 12.0785312653
      vertex 24.3978824615 11.7752418518 12.0770797729
    endloop
  endfacet
  facet normal 0.0257441923022 -0.993836820126 -0.107822313905
    outer loop
      vertex 24.3768444061 11.7936439514 12.0785312653
      vertex 24.3972835541 11.7959718704 12.0793132782
      vertex 24.3978824615 11.7752418518 12.0770797729
    endloop
  endfacet
  facet normal 0.0199004393071 -0.993987500668 -0.107669726014
    outer loop
      vertex 24.3972835541 11.7959718704 12.0793132782
      vertex 24.4166412354 11.7940139771 12.0794887543
      vertex 24.3978824615 11.7752418518 12.0770797729
    endloop
  endfacet
  facet normal 0.0675981938839 -0.995891749859 -0.0602502450347
    outer loop
      vertex 24.4182815552 11.7750701904 12.0784540176
      vertex 24.3978824615 11.7752418518 12.0770797729
      vertex 24.4166412354 11.7940139771 12.0794887543
    endloop
  endfacet
  facet normal 0.104794323444 -0.98590439558 -0.130425155163
    outer loop
      vertex 24.4356002808 11.7709302902 12.0797472
      vertex 24.4182815552 11.7750701904 12.0784540176
      vertex 24.4346923828 11.7938489914 12.0826826096
    endloop
  endfacet
  facet normal 0.174424618483 -0.982267081738 -0.0687560215592
    outer loop
      vertex 24.4346923828 11.7938489914 12.0826826096
      vertex 24.4182815552 11.7750701904 12.0784540176
      vertex 24.4166412354 11.7940139771 12.0794887543
    endloop
  endfacet
  facet normal -0.15012191236 -0.987574994564 -0.0464657731354
    outer loop
      vertex 24.3768444061 11.7936439514 12.0785312653
      vertex 24.3570041656 11.7958850861 12.0816526413
      vertex 24.3768424988 11.8149204254 12.0795326233
    endloop
  endfacet
  facet normal -0.113497495651 -0.993508934975 -0.00763551145792
    outer loop
      vertex 24.3768424988 11.8149204254 12.0795326233
      vertex 24.3570041656 11.7958850861 12.0816526413
      vertex 24.3569602966 11.8169488907 12.0818195343
    endloop
  endfacet
  facet normal 0.00101057533175 -0.999919295311 -0.0126650286838
    outer loop
      vertex 24.3972759247 11.8168287277 12.079577446
      vertex 24.3972835541 11.7959718704 12.0793132782
      vertex 24.3768424988 11.8149204254 12.0795326233
    endloop
  endfacet
  facet normal 0.0328456610441 -0.998355209827 -0.0469895452261
    outer loop
      vertex 24.3768444061 11.7936439514 12.0785312653
      vertex 24.3768424988 11.8149204254 12.0795326233
      vertex 24.3972835541 11.7959718704 12.0793132782
    endloop
  endfacet
  facet normal 0.0161574874073 -0.997390925884 -0.0703582689166
    outer loop
      vertex 24.4166412354 11.7940139771 12.0794887543
      vertex 24.3972835541 11.7959718704 12.0793132782
      vertex 24.4174194336 11.8134651184 12.0808734894
    endloop
  endfacet
  facet normal 0.0663079470396 -0.99771887064 -0.0126610454172
    outer loop
      vertex 24.4174194336 11.8134651184 12.0808734894
      vertex 24.3972835541 11.7959718704 12.0793132782
      vertex 24.3972759247 11.8168287277 12.079577446
    endloop
  endfacet
  facet normal 0.174439877272 -0.982651889324 -0.0629764571786
    outer loop
      vertex 24.4174194336 11.8134651184 12.0808734894
      vertex 24.4346923828 11.7938489914 12.0826826096
      vertex 24.4166412354 11.7940139771 12.0794887543
    endloop
  endfacet
  facet normal -0.112093634903 -0.993468284607 -0.0213496703655
    outer loop
      vertex 24.3768424988 11.8149204254 12.0795326233
      vertex 24.3569602966 11.8169488907 12.0818195343
      vertex 24.3773555756 11.8359422684 12.0799264908
    endloop
  endfacet
  facet normal -0.126695394516 -0.99124199152 -0.0372510664165
    outer loop
      vertex 24.3773555756 11.8359422684 12.0799264908
      vertex 24.3569602966 11.8169488907 12.0818195343
      vertex 24.357875824 11.8371667862 12.0824623108
    endloop
  endfacet
  facet normal -0.00715582445264 -0.99991607666 -0.0108023900539
    outer loop
      vertex 24.3971881866 11.8364562988 12.0797901154
      vertex 24.3972759247 11.8168287277 12.079577446
      vertex 24.3773555756 11.8359422684 12.0799264908
    endloop
  endfacet
  facet normal 0.000444689299911 -0.999824643135 -0.0187220629305
    outer loop
      vertex 24.3768424988 11.8149204254 12.0795326233
      vertex 24.3773555756 11.8359422684 12.0799264908
      vertex 24.3972759247 11.8168287277 12.079577446
    endloop
  endfacet
  facet normal 0.0872249901295 -0.98594969511 -0.142460688949
    outer loop
      vertex 24.4174194336 11.8134651184 12.0808734894
      vertex 24.3972759247 11.8168287277 12.079577446
      vertex 24.4160518646 11.8349018097 12.0838499069
    endloop
  endfacet
  facet normal 0.211294189095 -0.977354466915 -0.0115344244987
    outer loop
      vertex 24.4160518646 11.8349018097 12.0838499069
      vertex 24.3972759247 11.8168287277 12.079577446
      vertex 24.3971881866 11.8364562988 12.0797901154
    endloop
  endfacet
  facet normal -0.117295570672 -0.979661405087 -0.162804409862
    outer loop
      vertex 24.357875824 11.8371667862 12.0824623108
      vertex 24.3769702911 11.8567829132 12.0834360123
      vertex 24.3773555756 11.8359422684 12.0799264908
    endloop
  endfacet
  facet normal -0.0120350504294 -0.978757381439 -0.204668357968
    outer loop
      vertex 24.3971881866 11.8364562988 12.0797901154
      vertex 24.3773555756 11.8359422684 12.0799264908
      vertex 24.3970985413 11.8536081314 12.0833778381
    endloop
  endfacet
  facet normal 0.0234025642276 -0.985774695873 -0.166434988379
    outer loop
      vertex 24.3970985413 11.8536081314 12.0833778381
      vertex 24.3773555756 11.8359422684 12.0799264908
      vertex 24.3769702911 11.8567829132 12.0834360123
    endloop
  endfacet
  facet normal 0.22189950943 -0.954180300236 -0.200750127435
    outer loop
      vertex 24.3970985413 11.8536081314 12.0833778381
      vertex 24.4160518646 11.8349018097 12.0838499069
      vertex 24.3971881866 11.8364562988 12.0797901154
    endloop
  endfacet
  facet normal -0.0982705801725 0.974961102009 0.199483633041
    outer loop
      vertex 24.4408111572 11.2355566025 12.07462883
      vertex 24.4383010864 11.2556562424 12.0784883499
      vertex 24.4193305969 11.2365694046 12.0726709366
    endloop
  endfacet
  facet normal -0.0647639259696 0.970681130886 0.231481581926
    outer loop
      vertex 24.4383010864 11.2556562424 12.0784883499
      vertex 24.4179477692 11.258143425 12.0777235031
      vertex 24.4193305969 11.2365694046 12.0726709366
    endloop
  endfacet
  facet normal 0.070409476757 0.976111650467 0.205544412136
    outer loop
      vertex 24.4599571228 11.2361097336 12.0733642578
      vertex 24.4584197998 11.2555828094 12.0775756836
      vertex 24.4408111572 11.2355566025 12.07462883
    endloop
  endfacet
  facet normal 0.0438843034208 0.982113480568 0.183104529977
    outer loop
      vertex 24.4584197998 11.2555828094 12.0775756836
      vertex 24.4383010864 11.2556562424 12.0784883499
      vertex 24.4408111572 11.2355566025 12.07462883
    endloop
  endfacet
  facet normal 0.31775572896 0.931811749935 0.175379931927
    outer loop
      vertex 24.4718723297 11.2378606796 12.0696306229
      vertex 24.4724063873 11.2545967102 12.0725984573
      vertex 24.4599571228 11.2361097336 12.0733642578
    endloop
  endfacet
  facet normal 0.31896468997 0.93124049902 0.176217705011
    outer loop
      vertex 24.4724063873 11.2545967102 12.0725984573
      vertex 24.4584197998 11.2555828094 12.0775756836
      vertex 24.4599571228 11.2361097336 12.0733642578
    endloop
  endfacet
  facet normal -0.218766272068 0.973986327648 0.0590925700963
    outer loop
      vertex 24.4000873566 11.2794971466 12.0750074387
      vertex 24.4179477692 11.258143425 12.0777235031
      vertex 24.4194030762 11.2782831192 12.0792722702
    endloop
  endfacet
  facet normal -0.0425942093134 0.99822640419 0.0415901429951
    outer loop
      vertex 24.4383010864 11.2556562424 12.0784883499
      vertex 24.4381980896 11.2763624191 12.0793466568
      vertex 24.4179477692 11.258143425 12.0777235031
    endloop
  endfacet
  facet normal -0.01169537846 0.997052192688 0.0758294314146
    outer loop
      vertex 24.4381980896 11.2763624191 12.0793466568
      vertex 24.4194030762 11.2782831192 12.0792722702
      vertex 24.4179477692 11.258143425 12.0777235031
    endloop
  endfacet
  facet normal 0.0450349412858 0.997347414494 0.0571834407747
    outer loop
      vertex 24.4584197998 11.2555828094 12.0775756836
      vertex 24.4584789276 11.2762212753 12.0787563324
      vertex 24.4383010864 11.2556562424 12.0784883499
    endloop
  endfacet
  facet normal 0.0287835840136 0.99873393774 0.0412561297417
    outer loop
      vertex 24.4584789276 11.2762212753 12.0787563324
      vertex 24.4381980896 11.2763624191 12.0793466568
      vertex 24.4383010864 11.2556562424 12.0784883499
    endloop
  endfacet
  facet normal 0.328516662121 0.940458476543 0.0872620791197
    outer loop
      vertex 24.4724063873 11.2545967102 12.0725984573
      vertex 24.4737205505 11.2749099731 12.0740242004
      vertex 24.4584197998 11.2555828094 12.0775756836
    endloop
  endfacet
  facet normal 0.291700333357 0.954900443554 0.0554618649185
    outer loop
      vertex 24.4737205505 11.2749099731 12.0740242004
      vertex 24.4584789276 11.2762212753 12.0787563324
      vertex 24.4584197998 11.2555828094 12.0775756836
    endloop
  endfacet
  facet normal -0.0522220693529 0.967663168907 0.246781006455
    outer loop
      vertex 24.3784370422 11.297832489 12.0785150528
      vertex 24.4000873566 11.2794971466 12.0750074387
      vertex 24.3972415924 11.2970504761 12.0793304443
    endloop
  endfacet
  facet normal -0.221528246999 0.966573357582 0.129078254104
    outer loop
      vertex 24.4194030762 11.2782831192 12.0792722702
      vertex 24.4142913818 11.297410965 12.080655098
      vertex 24.4000873566 11.2794971466 12.0750074387
    endloop
  endfacet
  facet normal -0.0697774738073 0.965934634209 0.249201416969
    outer loop
      vertex 24.4142913818 11.297410965 12.080655098
      vertex 24.3972415924 11.2970504761 12.0793304443
      vertex 24.4000873566 11.2794971466 12.0750074387
    endloop
  endfacet
  facet normal -0.010749084875 0.997725605965 0.06654343009
    outer loop
      vertex 24.4381980896 11.2763624191 12.0793466568
      vertex 24.4368038177 11.2970781326 12.0807132721
      vertex 24.4194030762 11.2782831192 12.0792722702
    endloop
  endfacet
  facet normal -0.00365768116899 0.99731951952 0.0730776414275
    outer loop
      vertex 24.4368038177 11.2970781326 12.0807132721
      vertex 24.4142913818 11.297410965 12.080655098
      vertex 24.4194030762 11.2782831192 12.0792722702
    endloop
  endfacet
  facet normal 0.0285303965211 0.99708622694 0.0707464516163
    outer loop
      vertex 24.4584789276 11.2762212753 12.0787563324
      vertex 24.4582996368 11.29733181 12.0802593231
      vertex 24.4381980896 11.2763624191 12.0793466568
    endloop
  endfacet
  facet normal 0.0218287110329 0.99768871069 0.0643483474851
    outer loop
      vertex 24.4582996368 11.29733181 12.0802593231
      vertex 24.4368038177 11.2970781326 12.0807132721
      vertex 24.4381980896 11.2763624191 12.0793466568
    endloop
  endfacet
  facet normal 0.288113355637 0.953245341778 0.0911812931299
    outer loop
      vertex 24.4737205505 11.2749099731 12.0740242004
      vertex 24.4756736755 11.2963256836 12.0754823685
      vertex 24.4584789276 11.2762212753 12.0787563324
    endloop
  endfacet
  facet normal 0.260951399803 0.963069021702 0.066350646317
    outer loop
      vertex 24.4756736755 11.2963256836 12.0754823685
      vertex 24.4582996368 11.29733181 12.0802593231
      vertex 24.4584789276 11.2762212753 12.0787563324
    endloop
  endfacet
  facet normal -0.0453285761178 0.997737050056 0.0496597699821
    outer loop
      vertex 24.3972415924 11.2970504761 12.0793304443
      vertex 24.3967475891 11.3172369003 12.0803127289
      vertex 24.3784370422 11.297832489 12.0785150528
    endloop
  endfacet
  facet normal -0.106522805989 0.994274735451 -0.00840557180345
    outer loop
      vertex 24.3967475891 11.3172369003 12.0803127289
      vertex 24.3774642944 11.3182191849 12.0782384872
      vertex 24.3784370422 11.297832489 12.0785150528
    endloop
  endfacet
  facet normal -0.388351947069 0.860862612724 0.32878318429
    outer loop
      vertex 24.4202041626 11.3203039169 12.0920658112
      vertex 24.3967475891 11.3172369003 12.0803127289
      vertex 24.4142913818 11.297410965 12.080655098
    endloop
  endfacet
  facet normal -0.0763038545847 0.995813846588 0.0503242127597
    outer loop
      vertex 24.3967475891 11.3172369003 12.0803127289
      vertex 24.3972415924 11.2970504761 12.0793304443
      vertex 24.4142913818 11.297410965 12.080655098
    endloop
  endfacet
  facet normal -0.00888299569488 0.895864486694 0.44423854351
    outer loop
      vertex 24.4368038177 11.2970781326 12.0807132721
      vertex 24.4202041626 11.3203039169 12.0920658112
      vertex 24.4142913818 11.297410965 12.080655098
    endloop
  endfacet
  facet normal -0.108313724399 0.86040365696 0.497969567776
    outer loop
      vertex 24.4430961609 11.3181390762 12.0936946869
      vertex 24.4202041626 11.3203039169 12.0920658112
      vertex 24.4368038177 11.2970781326 12.0807132721
    endloop
  endfacet
  facet normal 0.0241560060531 0.847794055939 0.52977514267
    outer loop
      vertex 24.4582996368 11.29733181 12.0802593231
      vertex 24.4430961609 11.3181390762 12.0936946869
      vertex 24.4368038177 11.2970781326 12.0807132721
    endloop
  endfacet
  facet normal 0.134715244174 0.87438338995 0.466160386801
    outer loop
      vertex 24.4606227875 11.3199949265 12.0919837952
      vertex 24.4430961609 11.3181390762 12.0936946869
      vertex 24.4582996368 11.29733181 12.0802593231
    endloop
  endfacet
  facet normal 0.567836642265 0.705901384354 0.423396795988
    outer loop
      vertex 24.4606227875 11.3199949265 12.0919837952
      vertex 24.4582996368 11.29733181 12.0802593231
      vertex 24.4750862122 11.3165330887 12.0782728195
    endloop
  endfacet
  facet normal 0.256301999092 0.958492219448 0.124907575548
    outer loop
      vertex 24.4582996368 11.29733181 12.0802593231
      vertex 24.4756736755 11.2963256836 12.0754823685
      vertex 24.4750862122 11.3165330887 12.0782728195
    endloop
  endfacet
  facet normal -0.586632311344 0.680539369583 0.439008742571
    outer loop
      vertex 24.3983917236 11.3396205902 12.0961694717
      vertex 24.3786449432 11.3384656906 12.0784025192
      vertex 24.3967475891 11.3172369003 12.0803127289
    endloop
  endfacet
  facet normal -0.10704100877 0.994252979755 0.0018132312689
    outer loop
      vertex 24.3786449432 11.3384656906 12.0784025192
      vertex 24.3774642944 11.3182191849 12.0782384872
      vertex 24.3967475891 11.3172369003 12.0803127289
    endloop
  endfacet
  facet normal -0.323019295931 0.783282876015 0.531155824661
    outer loop
      vertex 24.4202041626 11.3203039169 12.0920658112
      vertex 24.3983917236 11.3396205902 12.0961694717
      vertex 24.3967475891 11.3172369003 12.0803127289
    endloop
  endfacet
  facet normal 0.726805984974 0.670202314854 0.150272756815
    outer loop
      vertex 24.458524704 11.3384933472 12.0984067917
      vertex 24.4606227875 11.3199949265 12.0919837952
      vertex 24.4769077301 11.3382806778 12.0784235001
    endloop
  endfacet
  facet normal 0.678810179234 0.731698036194 0.0619247816503
    outer loop
      vertex 24.4750862122 11.3165330887 12.0782728195
      vertex 24.4769077301 11.3382806778 12.0784235001
      vertex 24.4606227875 11.3199949265 12.0919837952
    endloop
  endfacet
  facet normal -0.664863228798 0.743573069572 0.0711051151156
    outer loop
      vertex 24.3786449432 11.3384656906 12.0784025192
      vertex 24.3983917236 11.3396205902 12.0961694717
      vertex 24.3776683807 11.3596143723 12.0795516968
    endloop
  endfacet
  facet normal -0.690127909184 0.713244259357 0.122499451041
    outer loop
      vertex 24.397277832 11.3605051041 12.0986785889
      vertex 24.3776683807 11.3596143723 12.0795516968
      vertex 24.3983917236 11.3396205902 12.0961694717
    endloop
  endfacet
  facet normal 0.735659062862 0.676984608173 0.0223067235202
    outer loop
      vertex 24.4771366119 11.3594322205 12.078871727
      vertex 24.458524704 11.3384933472 12.0984067917
      vertex 24.4769077301 11.3382806778 12.0784235001
    endloop
  endfacet
  facet normal 0.726069152355 0.687610805035 0.00386879709549
    outer loop
      vertex 24.4582462311 11.3589458466 12.098815918
      vertex 24.458524704 11.3384933472 12.0984067917
      vertex 24.4771366119 11.3594322205 12.078871727
    endloop
  endfacet
  facet normal -0.996452212334 0.0728287324309 0.0421783700585
    outer loop
      vertex 24.3776683807 11.3596143723 12.0795516968
      vertex 24.3781642914 11.3797225952 12.0979824066
      vertex 24.3767967224 11.3802433014 12.0795726776
    endloop
  endfacet
  facet normal -0.57185125351 0.611733555794 0.546596944332
    outer loop
      vertex 24.397277832 11.3605051041 12.0986785889
      vertex 24.3781642914 11.3797225952 12.0979824066
      vertex 24.3776683807 11.3596143723 12.0795516968
    endloop
  endfacet
  facet normal 0.725903272629 0.687747955322 -0.0081974696368
    outer loop
      vertex 24.4582462311 11.3589458466 12.098815918
      vertex 24.4771366119 11.3594322205 12.078871727
      vertex 24.4589195251 11.3795747757 12.0978593826
    endloop
  endfacet
  facet normal 0.708487093449 0.705311775208 0.0241106674075
    outer loop
      vertex 24.4778957367 11.3801488876 12.0788173676
      vertex 24.4589195251 11.3795747757 12.0978593826
      vertex 24.4771366119 11.3594322205 12.078871727
    endloop
  endfacet
  facet normal -0.994978070259 0.10004979372 -0.00293894461356
    outer loop
      vertex 24.376789093 11.4007434845 12.0788946152
      vertex 24.3767967224 11.3802433014 12.0795726776
      vertex 24.3786315918 11.4004001617 12.0972280502
    endloop
  endfacet
  facet normal -0.996881067753 0.0747679397464 -0.0252565145493
    outer loop
      vertex 24.3781642914 11.3797225952 12.0979824066
      vertex 24.3786315918 11.4004001617 12.0972280502
      vertex 24.3767967224 11.3802433014 12.0795726776
    endloop
  endfacet
  facet normal 0.708489120007 0.705446124077 0.0197208020836
    outer loop
      vertex 24.4776000977 11.4008789062 12.0796937943
      vertex 24.4589195251 11.3795747757 12.0978593826
      vertex 24.4778957367 11.3801488876 12.0788173676
    endloop
  endfacet
  facet normal 0.0683254823089 0.853853464127 0.516009628773
    outer loop
      vertex 24.4240055084 11.6321706772 12.1540260315
      vertex 24.4200992584 11.6087036133 12.1401567459
      vertex 24.4509143829 11.6173381805 12.14290905
    endloop
  endfacet
  facet normal -0.994987905025 0.0999259129167 0.00372892897576
    outer loop
      vertex 24.376789093 11.4007434845 12.0788946152
      vertex 24.3786315918 11.4004001617 12.0972280502
      vertex 24.3767566681 11.4214830399 12.0793457031
    endloop
  endfacet
  facet normal -0.996987402439 0.0727188363671 0.0269835945219
    outer loop
      vertex 24.3786315918 11.4004001617 12.0972280502
      vertex 24.3781833649 11.4217338562 12.0989990234
      vertex 24.3767566681 11.4214830399 12.0793457031
    endloop
  endfacet
  facet normal 0.805630624294 0.0328851751983 -0.591504693031
    outer loop
      vertex 24.4579086304 11.7117986679 12.1208457947
      vertex 24.4637565613 11.7023878098 12.1468544006
      vertex 24.4731388092 11.6901054382 12.137928009
    endloop
  endfacet
  facet normal 0.456993341446 0.887882113457 0.0531266070902
    outer loop
      vertex 24.4761562347 11.5669946671 12.119767189
      vertex 24.4396266937 11.5670251846 12.1385707855
      vertex 24.4755821228 11.5468988419 12.1188602448
    endloop
  endfacet
  facet normal -0.997362315655 0.0724565759301 0.00430072797462
    outer loop
      vertex 24.3767566681 11.4214830399 12.0793457031
      vertex 24.3781833649 11.4217338562 12.0989990234
      vertex 24.3767032623 11.4418048859 12.0798168182
    endloop
  endfacet
  facet normal -0.997963368893 0.0113164447248 0.0627776682377
    outer loop
      vertex 24.3781833649 11.4217338562 12.0989990234
      vertex 24.3768768311 11.4425210953 12.0990962982
      vertex 24.3767032623 11.4418048859 12.0798168182
    endloop
  endfacet
  facet normal -0.0749078392982 0.995929896832 0.050124630332
    outer loop
      vertex 24.4200992584 11.6087036133 12.1401567459
      vertex 24.4496765137 11.5975866318 12.1418218613
      vertex 24.4509143829 11.6173381805 12.14290905
    endloop
  endfacet
  facet normal 0.762043774128 -0.623278737068 0.175536036491
    outer loop
      vertex 24.4699420929 11.6500682831 12.139125824
      vertex 24.4585647583 11.6701450348 12.1195611954
      vertex 24.4745044708 11.6707754135 12.1388721466
    endloop
  endfacet
  facet normal -0.999943494797 0.00919984839857 0.00532161956653
    outer loop
      vertex 24.3767032623 11.4418048859 12.0798168182
      vertex 24.3768768311 11.4425210953 12.0990962982
      vertex 24.3765869141 11.4629878998 12.0794239044
    endloop
  endfacet
  facet normal -0.998876452446 0.04043443501 -0.0247157178819
    outer loop
      vertex 24.3768768311 11.4425210953 12.0990962982
      vertex 24.3774204254 11.4630174637 12.0999965668
      vertex 24.3765869141 11.4629878998 12.0794239044
    endloop
  endfacet
  facet normal -0.0672021061182 0.995458900928 0.0674200505018
    outer loop
      vertex 24.398273468 11.4837760925 12.1203403473
      vertex 24.3963432312 11.4630155563 12.118803978
      vertex 24.4172649384 11.4625930786 12.1201877594
    endloop
  endfacet
  facet normal -0.544076919556 0.679151415825 0.492680102587
    outer loop
      vertex 24.4194889069 11.4838266373 12.1373729706
      vertex 24.398273468 11.4837760925 12.1203403473
      vertex 24.4172649384 11.4625930786 12.1201877594
    endloop
  endfacet
  facet normal -0.998504042625 0.0435921549797 0.0330060459673
    outer loop
      vertex 24.3759059906 11.4842624664 12.0799350739
      vertex 24.3765869141 11.4629878998 12.0794239044
      vertex 24.3767700195 11.4837656021 12.0993499756
    endloop
  endfacet
  facet normal -0.998727440834 0.0405070893466 0.0300454609096
    outer loop
      vertex 24.3774204254 11.4630174637 12.0999965668
      vertex 24.3767700195 11.4837656021 12.0993499756
      vertex 24.3765869141 11.4629878998 12.0794239044
    endloop
  endfacet
  facet normal 0.77062869072 -0.636856913567 -0.0233386810869
    outer loop
      vertex 24.4745044708 11.6707754135 12.1388721466
      vertex 24.4585647583 11.6701450348 12.1195611954
      vertex 24.4731388092 11.6901054382 12.137928009
    endloop
  endfacet
  facet normal 0.0246464218944 0.998904824257 0.0397712290287
    outer loop
      vertex 24.4172649384 11.4625930786 12.1201877594
      vertex 24.41771698 11.4414834976 12.1193361282
      vertex 24.4381160736 11.4435138702 12.1189136505
    endloop
  endfacet
  facet normal -0.680862188339 0.534335374832 0.500911533833
    outer loop
      vertex 24.3593292236 11.5053548813 12.0785856247
      vertex 24.3759059906 11.4842624664 12.0799350739
      vertex 24.3762435913 11.5040225983 12.0988893509
    endloop
  endfacet
  facet normal -0.99872815609 0.0438080877066 0.024958236143
    outer loop
      vertex 24.3759059906 11.4842624664 12.0799350739
      vertex 24.3767700195 11.4837656021 12.0993499756
      vertex 24.3762435913 11.5040225983 12.0988893509
    endloop
  endfacet
  facet normal 0.65797829628 0.575157225132 -0.486064523458
    outer loop
      vertex 24.4774951935 11.4836893082 12.0787010193
      vertex 24.4605083466 11.5049304962 12.0801830292
      vertex 24.4595108032 11.4839324951 12.0990695953
    endloop
  endfacet
  facet normal 0.995182454586 0.0915532037616 -0.0350694432855
    outer loop
      vertex 24.4605083466 11.5049304962 12.0801830292
      vertex 24.4587516785 11.5044164658 12.0994749069
      vertex 24.4595108032 11.4839324951 12.0990695953
    endloop
  endfacet
  facet normal -0.76775354147 0.633125722408 0.0985209643841
    outer loop
      vertex 24.3745803833 11.524564743 12.100069046
      vertex 24.3593292236 11.5053548813 12.0785856247
      vertex 24.3762435913 11.5040225983 12.0988893509
    endloop
  endfacet
  facet normal -0.769951701164 0.631069421768 0.0944761261344
    outer loop
      vertex 24.3572845459 11.5271272659 12.0793504715
      vertex 24.3593292236 11.5053548813 12.0785856247
      vertex 24.3745803833 11.524564743 12.100069046
    endloop
  endfacet
  facet normal 0.994900047779 0.0893458127975 0.0468099936843
    outer loop
      vertex 24.4587516785 11.5044164658 12.0994749069
      vertex 24.4605083466 11.5049304962 12.0801830292
      vertex 24.4597415924 11.5250902176 12.0992832184
    endloop
  endfacet
  facet normal 0.999403297901 0.00389686296694 -0.0343192964792
    outer loop
      vertex 24.4598007202 11.5256137848 12.0795078278
      vertex 24.4597415924 11.5250902176 12.0992832184
      vertex 24.4605083466 11.5049304962 12.0801830292
    endloop
  endfacet
  facet normal -0.996813476086 0.0643373504281 0.0471544340253
    outer loop
      vertex 24.3572845459 11.5271272659 12.0793504715
      vertex 24.3576068878 11.5467300415 12.0987119675
      vertex 24.3563289642 11.5466146469 12.078827858
    endloop
  endfacet
  facet normal -0.694263994694 0.51773583889 0.499947071075
    outer loop
      vertex 24.3745803833 11.524564743 12.100069046
      vertex 24.3576068878 11.5467300415 12.0987119675
      vertex 24.3572845459 11.5271272659 12.0793504715
    endloop
  endfacet
  facet normal 0.999331653118 0.00202169152908 0.0364983677864
    outer loop
      vertex 24.4597415924 11.5250902176 12.0992832184
      vertex 24.4598007202 11.5256137848 12.0795078278
      vertex 24.4605045319 11.5459537506 12.098815918
    endloop
  endfacet
  facet normal 0.995407938957 -0.0842178836465 -0.0455019287765
    outer loop
      vertex 24.4588241577 11.5462694168 12.0791254044
      vertex 24.4605045319 11.5459537506 12.098815918
      vertex 24.4598007202 11.5256137848 12.0795078278
    endloop
  endfacet
  facet normal -0.997934222221 0.064155317843 0.00337776378728
    outer loop
      vertex 24.3563289642 11.5466146469 12.078827858
      vertex 24.3576068878 11.5467300415 12.0987119675
      vertex 24.356294632 11.5667934418 12.0793561935
    endloop
  endfacet
  facet normal -0.998106956482 0.00405658595264 0.0613681450486
    outer loop
      vertex 24.3576068878 11.5467300415 12.0987119675
      vertex 24.3563270569 11.5675401688 12.0986318588
      vertex 24.356294632 11.5667934418 12.0793561935
    endloop
  endfacet
  facet normal 0.996373713017 -0.0849542617798 -0.00470994366333
    outer loop
      vertex 24.4588241577 11.5462694168 12.0791254044
      vertex 24.4587478638 11.566778183 12.0793676376
      vertex 24.4605045319 11.5459537506 12.098815918
    endloop
  endfacet
  facet normal 0.997422099113 -0.0690011829138 -0.0196972247213
    outer loop
      vertex 24.4605045319 11.5459537506 12.098815918
      vertex 24.4587478638 11.566778183 12.0793676376
      vertex 24.4601249695 11.5671348572 12.0993757248
    endloop
  endfacet
  facet normal -0.999997854233 0.0017270182725 0.00115144951269
    outer loop
      vertex 24.356294632 11.5667934418 12.0793561935
      vertex 24.3563270569 11.5675401688 12.0986318588
      vertex 24.3562717438 11.5871925354 12.0797052383
    endloop
  endfacet
  facet normal -0.999994456768 0.00331471511163 -0.000377624761313
    outer loop
      vertex 24.3563270569 11.5675401688 12.0986318588
      vertex 24.356338501 11.587972641 12.0997562408
      vertex 24.3562717438 11.5871925354 12.0797052383
    endloop
  endfacet
  facet normal 0.997623562813 -0.0687459781766 -0.00460346462205
    outer loop
      vertex 24.4587478638 11.566778183 12.0793676376
      vertex 24.4586524963 11.5875310898 12.0793733597
      vertex 24.4601249695 11.5671348572 12.0993757248
    endloop
  endfacet
  facet normal 0.997955322266 -0.00892965402454 -0.0632886663079
    outer loop
      vertex 24.4601249695 11.5671348572 12.0993757248
      vertex 24.4586524963 11.5875310898 12.0793733597
      vertex 24.4588050842 11.5878973007 12.0990219116
    endloop
  endfacet
  facet normal -0.696793138981 -0.482155174017 0.531042098999
    outer loop
      vertex 24.3399028778 11.6099157333 12.0993404388
      vertex 24.3556079865 11.6074800491 12.0793266296
      vertex 24.356338501 11.587972641 12.0997562408
    endloop
  endfacet
  facet normal -0.999457478523 0.00459649786353 0.0326138474047
    outer loop
      vertex 24.3556079865 11.6074800491 12.0793266296
      vertex 24.3562717438 11.5871925354 12.0797052383
      vertex 24.356338501 11.587972641 12.0997562408
    endloop
  endfacet
  facet normal 0.999932825565 -0.00792303588241 -0.00845748744905
    outer loop
      vertex 24.4586524963 11.5875310898 12.0793733597
      vertex 24.4584770203 11.6082811356 12.0793771744
      vertex 24.4588050842 11.5878973007 12.0990219116
    endloop
  endfacet
  facet normal 0.998918533325 0.0243912953883 -0.0395838059485
    outer loop
      vertex 24.4588050842 11.5878973007 12.0990219116
      vertex 24.4584770203 11.6082811356 12.0793771744
      vertex 24.4579696655 11.608669281 12.0995254517
    endloop
  endfacet
  facet normal -0.77151453495 -0.632803976536 0.065760307014
    outer loop
      vertex 24.3382816315 11.6290283203 12.0993309021
      vertex 24.354888916 11.6290912628 12.079076767
      vertex 24.3399028778 11.6099157333 12.0993404388
    endloop
  endfacet
  facet normal -0.788229465485 -0.614478051662 0.0333314165473
    outer loop
      vertex 24.3556079865 11.6074800491 12.0793266296
      vertex 24.3399028778 11.6099157333 12.0993404388
      vertex 24.354888916 11.6290912628 12.079076767
    endloop
  endfacet
  facet normal 0.729166805744 0.473370939493 -0.494202077389
    outer loop
      vertex 24.4574184418 11.6287660599 12.0793933868
      vertex 24.4431667328 11.6307229996 12.0993032455
      vertex 24.4579696655 11.608669281 12.0995254517
    endloop
  endfacet
  facet normal 0.998377263546 0.0241467058659 -0.0515731051564
    outer loop
      vertex 24.4574184418 11.6287660599 12.0793933868
      vertex 24.4579696655 11.608669281 12.0995254517
      vertex 24.4584770203 11.6082811356 12.0793771744
    endloop
  endfacet
  facet normal -0.771094620228 -0.632015168667 -0.0772653520107
    outer loop
      vertex 24.3382816315 11.6290283203 12.0993309021
      vertex 24.3401851654 11.6480798721 12.0993375778
      vertex 24.354888916 11.6290912628 12.079076767
    endloop
  endfacet
  facet normal -0.798527479172 -0.601500868797 -0.0234641432762
    outer loop
      vertex 24.3553752899 11.650557518 12.0792684555
      vertex 24.354888916 11.6290912628 12.079076767
      vertex 24.3401851654 11.6480798721 12.0993375778
    endloop
  endfacet
  facet normal 0.847572028637 0.529697775841 -0.0322782099247
    outer loop
      vertex 24.4424190521 11.6507940292 12.0992765427
      vertex 24.4431667328 11.6307229996 12.0993032455
      vertex 24.455286026 11.6481552124 12.0788488388
    endloop
  endfacet
  facet normal 0.813485920429 0.571930170059 -0.105529814959
    outer loop
      vertex 24.4574184418 11.6287660599 12.0793933868
      vertex 24.455286026 11.6481552124 12.0788488388
      vertex 24.4431667328 11.6307229996 12.0993032455
    endloop
  endfacet
  facet normal -0.721148192883 -0.484723836184 -0.494962662458
    outer loop
      vertex 24.3401851654 11.6480798721 12.0993375778
      vertex 24.3555049896 11.6704387665 12.0993766785
      vertex 24.3553752899 11.650557518 12.0792684555
    endloop
  endfacet
  facet normal -0.998518645763 -0.0348621308804 -0.041774250567
    outer loop
      vertex 24.3555049896 11.6704387665 12.0993766785
      vertex 24.3562316895 11.6708621979 12.0790700912
      vertex 24.3553752899 11.650557518 12.0792684555
    endloop
  endfacet
  facet normal 0.760951399803 0.414868086576 -0.498836100101
    outer loop
      vertex 24.455286026 11.6481552124 12.0788488388
      vertex 24.4402294159 11.6706562042 12.079410553
      vertex 24.4424190521 11.6507940292 12.0992765427
    endloop
  endfacet
  facet normal 0.994331777096 -0.00334709975868 -0.106268875301
    outer loop
      vertex 24.4402294159 11.6706562042 12.079410553
      vertex 24.4402656555 11.6709413528 12.0992298126
      vertex 24.4424190521 11.6507940292 12.0992765427
    endloop
  endfacet
  facet normal -0.999360442162 -0.0357374921441 -0.0012405209709
    outer loop
      vertex 24.3562316895 11.6708621979 12.0790700912
      vertex 24.3555049896 11.6704387665 12.0993766785
      vertex 24.3562450409 11.691318512 12.0794067383
    endloop
  endfacet
  facet normal -0.999190926552 -0.0401097387075 0.00294721964747
    outer loop
      vertex 24.3555049896 11.6704387665 12.0993766785
      vertex 24.3554401398 11.6925945282 12.0993642807
      vertex 24.3562450409 11.691318512 12.0794067383
    endloop
  endfacet
  facet normal 0.999833166599 -0.00208930158988 -0.0181468762457
    outer loop
      vertex 24.4402656555 11.6709413528 12.0992298126
      vertex 24.4402294159 11.6706562042 12.079410553
      vertex 24.4399051666 11.690700531 12.0983381271
    endloop
  endfacet
  facet normal 0.99342250824 -0.0747978389263 -0.0867008045316
    outer loop
      vertex 24.438287735 11.6928958893 12.0794010162
      vertex 24.4399051666 11.690700531 12.0983381271
      vertex 24.4402294159 11.6706562042 12.079410553
    endloop
  endfacet
  facet normal -0.68078827858 -0.509257435799 0.526482820511
    outer loop
      vertex 24.339838028 11.7127952576 12.0993375778
      vertex 24.3550033569 11.7122821808 12.0795946121
      vertex 24.3554401398 11.6925945282 12.0993642807
    endloop
  endfacet
  facet normal -0.997605383396 -0.0364771932364 0.0587616972625
    outer loop
      vertex 24.3550033569 11.7122821808 12.0795946121
      vertex 24.3562450409 11.691318512 12.0794067383
      vertex 24.3554401398 11.6925945282 12.0993642807
    endloop
  endfacet
  facet normal 0.995860219002 -0.0877893492579 0.0235688127577
    outer loop
      vertex 24.4399051666 11.690700531 12.0983381271
      vertex 24.438287735 11.6928958893 12.0794010162
      vertex 24.4404621124 11.7120771408 12.0989170074
    endloop
  endfacet
  facet normal 0.909385740757 -0.415769785643 0.012371275574
    outer loop
      vertex 24.4110870361 12.1879911423 12.2383022308
      vertex 24.4019622803 12.1900920868 12.2182817459
      vertex 24.4093589783 12.2075338364 12.2339410782
    endloop
  endfacet
  facet normal -0.813150882721 -0.581768155098 0.0182051509619
    outer loop
      vertex 24.3550033569 11.7122821808 12.0795946121
      vertex 24.3404140472 11.7316150665 12.0993814468
      vertex 24.3546237946 11.7332582474 12.0794687271
    endloop
  endfacet
  facet normal -0.79245865345 -0.60938501358 -0.0256753340364
    outer loop
      vertex 24.339838028 11.7127952576 12.0993375778
      vertex 24.3404140472 11.7316150665 12.0993814468
      vertex 24.3550033569 11.7122821808 12.0795946121
    endloop
  endfacet
  facet normal 0.981642305851 -0.00534846400842 -0.190656200051
    outer loop
      vertex 24.4148025513 12.1684026718 12.2219686508
      vertex 24.4110870361 12.1879911423 12.2383022308
      vertex 24.4151706696 12.1670150757 12.2400684357
    endloop
  endfacet
  facet normal 0.834759950638 -0.334567517042 -0.43731045723
    outer loop
      vertex 24.4148025513 12.1684026718 12.2219686508
      vertex 24.4019622803 12.1900920868 12.2182817459
      vertex 24.4110870361 12.1879911423 12.2383022308
    endloop
  endfacet
  facet normal -0.810697615147 -0.582434058189 -0.0594974868
    outer loop
      vertex 24.3546237946 11.7332582474 12.0794687271
      vertex 24.3414726257 11.7535028458 12.0998420715
      vertex 24.3567752838 11.7532567978 12.0785169601
    endloop
  endfacet
  facet normal -0.814920842648 -0.577274143696 -0.0515612587333
    outer loop
      vertex 24.3404140472 11.7316150665 12.0993814468
      vertex 24.3414726257 11.7535028458 12.0998420715
      vertex 24.3546237946 11.7332582474 12.0794687271
    endloop
  endfacet
  facet normal 0.996044576168 -0.0135252568871 -0.0878193154931
    outer loop
      vertex 24.4166965485 12.149348259 12.2377290726
      vertex 24.4148025513 12.1684026718 12.2219686508
      vertex 24.4151706696 12.1670150757 12.2400684357
    endloop
  endfacet
  facet normal 0.996776461601 -0.0296636354178 -0.07454354316
    outer loop
      vertex 24.4162864685 12.1473350525 12.2188901901
      vertex 24.4148025513 12.1684026718 12.2219686508
      vertex 24.4166965485 12.149348259 12.2377290726
    endloop
  endfacet
  facet normal -0.720330476761 -0.686114370823 0.101838350296
    outer loop
      vertex 24.338394165 11.7743844986 12.0999746323
      vertex 24.3565444946 11.7747564316 12.0808639526
      vertex 24.3414726257 11.7535028458 12.0998420715
    endloop
  endfacet
  facet normal -0.810937345028 -0.582552909851 -0.0548888258636
    outer loop
      vertex 24.3567752838 11.7532567978 12.0785169601
      vertex 24.3414726257 11.7535028458 12.0998420715
      vertex 24.3565444946 11.7747564316 12.0808639526
    endloop
  endfacet
  facet normal 0.972721397877 0.00361311272718 0.231948390603
    outer loop
      vertex 24.4119567871 12.1295099258 12.2402191162
      vertex 24.4162864685 12.1473350525 12.2188901901
      vertex 24.4166965485 12.149348259 12.2377290726
    endloop
  endfacet
  facet normal 0.96989274025 0.238409683108 -0.0496881827712
    outer loop
      vertex 24.4169387817 12.125752449 12.2207345963
      vertex 24.4162864685 12.1473350525 12.2188901901
      vertex 24.4119567871 12.1295099258 12.2402191162
    endloop
  endfacet
  facet normal -0.71069008112 -0.702269673347 -0.04167599231
    outer loop
      vertex 24.3565444946 11.7747564316 12.0808639526
      vertex 24.3387584686 11.7939662933 12.1000032425
      vertex 24.3570041656 11.7958850861 12.0816526413
    endloop
  endfacet
  facet normal -0.725155353546 -0.688432693481 -0.0144966952503
    outer loop
      vertex 24.338394165 11.7743844986 12.0999746323
      vertex 24.3387584686 11.7939662933 12.1000032425
      vertex 24.3565444946 11.7747564316 12.0808639526
    endloop
  endfacet
  facet normal 0.968433082104 0.24914753437 0.00792835094035
    outer loop
      vertex 24.4126739502 12.1067638397 12.2367076874
      vertex 24.4169387817 12.125752449 12.2207345963
      vertex 24.4119567871 12.1295099258 12.2402191162
    endloop
  endfacet
  facet normal 0.97360855341 0.22648075223 0.0281579140574
    outer loop
      vertex 24.4167251587 12.1061697006 12.2192182541
      vertex 24.4169387817 12.125752449 12.2207345963
      vertex 24.4126739502 12.1067638397 12.2367076874
    endloop
  endfacet
  facet normal -0.706595957279 -0.707605183125 -0.00413487013429
    outer loop
      vertex 24.3570041656 11.7958850861 12.0816526413
      vertex 24.338722229 11.8145456314 12.1000175476
      vertex 24.3569602966 11.8169488907 12.0818195343
    endloop
  endfacet
  facet normal -0.7090908885 -0.705116689205 0.000758503389079
    outer loop
      vertex 24.3387584686 11.7939662933 12.1000032425
      vertex 24.338722229 11.8145456314 12.1000175476
      vertex 24.3570041656 11.7958850861 12.0816526413
    endloop
  endfacet
  facet normal 0.972896099091 0.223320528865 -0.0600094087422
    outer loop
      vertex 24.4144115448 12.0882892609 12.2341022491
      vertex 24.4167251587 12.1061697006 12.2192182541
      vertex 24.4126739502 12.1067638397 12.2367076874
    endloop
  endfacet
  facet normal 0.986399948597 0.164117276669 -0.00898026768118
    outer loop
      vertex 24.4169712067 12.0855922699 12.2188653946
      vertex 24.4167251587 12.1061697006 12.2192182541
      vertex 24.4144115448 12.0882892609 12.2341022491
    endloop
  endfacet
  facet normal -0.680796921253 -0.730475127697 -0.0540521219373
    outer loop
      vertex 24.3569602966 11.8169488907 12.0818195343
      vertex 24.3388671875 11.8360652924 12.1000967026
      vertex 24.357875824 11.8371667862 12.0824623108
    endloop
  endfacet
  facet normal -0.706795871258 -0.707379221916 -0.00736296270043
    outer loop
      vertex 24.338722229 11.8145456314 12.1000175476
      vertex 24.3388671875 11.8360652924 12.1000967026
      vertex 24.3569602966 11.8169488907 12.0818195343
    endloop
  endfacet
  facet normal 0.984918355942 0.150281459093 -0.085739530623
    outer loop
      vertex 24.4157867432 12.066740036 12.2373838425
      vertex 24.4169712067 12.0855922699 12.2188653946
      vertex 24.4144115448 12.0882892609 12.2341022491
    endloop
  endfacet
  facet normal 0.996187567711 0.084754370153 -0.0206645056605
    outer loop
      vertex 24.4173774719 12.0649080276 12.2191333771
      vertex 24.4169712067 12.0855922699 12.2188653946
      vertex 24.4157867432 12.066740036 12.2373838425
    endloop
  endfacet
  facet normal -0.629661142826 -0.652383267879 -0.421809107065
    outer loop
      vertex 24.357875824 11.8371667862 12.0824623108
      vertex 24.3388671875 11.8360652924 12.1000967026
      vertex 24.3561267853 11.8575582504 12.0973348618
    endloop
  endfacet
  facet normal -0.269101977348 -0.958619177341 -0.0929160565138
    outer loop
      vertex 24.3388671875 11.8360652924 12.1000967026
      vertex 24.3389434814 11.8572731018 12.1021308899
      vertex 24.3561267853 11.8575582504 12.0973348618
    endloop
  endfacet
  facet normal -0.469722092152 -0.731954157352 -0.493562817574
    outer loop
      vertex 24.357875824 11.8371667862 12.0824623108
      vertex 24.3561267853 11.8575582504 12.0973348618
      vertex 24.3769702911 11.8567829132 12.0834360123
    endloop
  endfacet
  facet normal 0.459275007248 -0.76824015379 -0.445952415466
    outer loop
      vertex 24.4160518646 11.8349018097 12.0838499069
      vertex 24.3970985413 11.8536081314 12.0833778381
      vertex 24.4177188873 11.8572845459 12.0978393555
    endloop
  endfacet
  facet normal 0.995840787888 0.0888312831521 0.0202512424439
    outer loop
      vertex 24.4154033661 12.0463943481 12.2370433807
      vertex 24.4173774719 12.0649080276 12.2191333771
      vertex 24.4157867432 12.066740036 12.2373838425
    endloop
  endfacet
  facet normal 0.992560148239 0.121217884123 -0.0114290900528
    outer loop
      vertex 24.4175987244 12.0441761017 12.2192764282
      vertex 24.4173774719 12.0649080276 12.2191333771
      vertex 24.4154033661 12.0463943481 12.2370433807
    endloop
  endfacet
  facet normal -0.269058346748 -0.958210468292 -0.0971609726548
    outer loop
      vertex 24.3561267853 11.8575582504 12.0973348618
      vertex 24.3389434814 11.8572731018 12.1021308899
      vertex 24.3556919098 11.877374649 12.0994663239
    endloop
  endfacet
  facet normal -0.168006166816 -0.985741913319 -0.00931582413614
    outer loop
      vertex 24.3556919098 11.877374649 12.0994663239
      vertex 24.3389434814 11.8572731018 12.1021308899
      vertex 24.338716507 11.8785085678 12.1023702621
    endloop
  endfacet
  facet normal -0.470413804054 -0.732878029346 -0.491528898478
    outer loop
      vertex 24.3769702911 11.8567829132 12.0834360123
      vertex 24.3561267853 11.8575582504 12.0973348618
      vertex 24.3763217926 11.8785181046 12.0984296799
    endloop
  endfacet
  facet normal -0.0557415708899 -0.992848575115 -0.105567902327
    outer loop
      vertex 24.3561267853 11.8575582504 12.0973348618
      vertex 24.3556919098 11.877374649 12.0994663239
      vertex 24.3763217926 11.8785181046 12.0984296799
    endloop
  endfacet
  facet normal 0.0796046033502 -0.850281655788 -0.520273268223
    outer loop
      vertex 24.3769702911 11.8567829132 12.0834360123
      vertex 24.3979625702 11.8772630692 12.0979328156
      vertex 24.3970985413 11.8536081314 12.0833778381
    endloop
  endfacet
  facet normal 0.0140506932512 -0.822866678238 -0.56806075573
    outer loop
      vertex 24.3763217926 11.8785181046 12.0984296799
      vertex 24.3979625702 11.8772630692 12.0979328156
      vertex 24.3769702911 11.8567829132 12.0834360123
    endloop
  endfacet
  facet normal 0.455799072981 -0.765408456326 -0.454309523106
    outer loop
      vertex 24.3970985413 11.8536081314 12.0833778381
      vertex 24.3979625702 11.8772630692 12.0979328156
      vertex 24.4177188873 11.8572845459 12.0978393555
    endloop
  endfacet
  facet normal 0.0726440921426 -0.994420647621 -0.0764879584312
    outer loop
      vertex 24.3979625702 11.8772630692 12.0979328156
      vertex 24.4183139801 11.8773756027 12.0994281769
      vertex 24.4177188873 11.8572845459 12.0978393555
    endloop
  endfacet
  facet normal 0.992390215397 0.123078614473 0.00364264752716
    outer loop
      vertex 24.4153461456 12.0257139206 12.2368927002
      vertex 24.4175987244 12.0441761017 12.2192764282
      vertex 24.4154033661 12.0463943481 12.2370433807
    endloop
  endfacet
  facet normal 0.992051780224 0.1258264184 0.000979455886409
    outer loop
      vertex 24.4175891876 12.0234909058 12.2191905975
      vertex 24.4175987244 12.0441761017 12.2192764282
      vertex 24.4153461456 12.0257139206 12.2368927002
    endloop
  endfacet
  facet normal -0.168095618486 -0.985738515854 -0.00796786136925
    outer loop
      vertex 24.3556919098 11.877374649 12.0994663239
      vertex 24.338716507 11.8785085678 12.1023702621
      vertex 24.3563194275 11.8978099823 12.099524498
    endloop
  endfacet
  facet normal -0.110877394676 -0.992803096771 0.0452568307519
    outer loop
      vertex 24.3563194275 11.8978099823 12.099524498
      vertex 24.338716507 11.8785085678 12.1023702621
      vertex 24.3384971619 11.8991508484 12.1014537811
    endloop
  endfacet
  facet normal -0.0120573863387 -0.99895042181 -0.0441891252995
    outer loop
      vertex 24.3766403198 11.8995819092 12.099357605
      vertex 24.3763217926 11.8785181046 12.0984296799
      vertex 24.3563194275 11.8978099823 12.099524498
    endloop
  endfacet
  facet normal -0.0504286102951 -0.9987180233 -0.00439157010987
    outer loop
      vertex 24.3556919098 11.877374649 12.0994663239
      vertex 24.3563194275 11.8978099823 12.099524498
      vertex 24.3763217926 11.8785181046 12.0984296799
    endloop
  endfacet
  facet normal -0.0188980288804 -0.997436285019 -0.0690196305513
    outer loop
      vertex 24.3979625702 11.8772630692 12.0979328156
      vertex 24.3763217926 11.8785181046 12.0984296799
      vertex 24.3972015381 11.8987751007 12.0994358063
    endloop
  endfacet
  facet normal 0.00552318012342 -0.999019503593 -0.0439263172448
    outer loop
      vertex 24.3972015381 11.8987751007 12.0994358063
      vertex 24.3763217926 11.8785181046 12.0984296799
      vertex 24.3766403198 11.8995819092 12.099357605
    endloop
  endfacet
  facet normal 0.991911590099 0.126682206988 0.00793569348752
    outer loop
      vertex 24.4153442383 12.0050296783 12.2356119156
      vertex 24.4175891876 12.0234909058 12.2191905975
      vertex 24.4153461456 12.0257139206 12.2368927002
    endloop
  endfacet
  facet normal 0.991666138172 0.128688886762 0.00612088944763
    outer loop
      vertex 24.4176101685 12.0038518906 12.2180948257
      vertex 24.4175891876 12.0234909058 12.2191905975
      vertex 24.4153442383 12.0050296783 12.2356119156
    endloop
  endfacet
  facet normal 0.98965960741 0.131819665432 0.0565455369651
    outer loop
      vertex 24.4153442383 12.0050296783 12.2356119156
      vertex 24.4162750244 11.9831609726 12.2192430496
      vertex 24.4176101685 12.0038518906 12.2180948257
    endloop
  endfacet
  facet normal -0.106633044779 -0.99421107769 -0.0131819471717
    outer loop
      vertex 24.3563194275 11.8978099823 12.099524498
      vertex 24.3384971619 11.8991508484 12.1014537811
      vertex 24.3563594818 11.9182024002 12.0997905731
    endloop
  endfacet
  facet normal -0.209621623158 -0.971377372742 -0.111735343933
    outer loop
      vertex 24.3563594818 11.9182024002 12.0997905731
      vertex 24.3384971619 11.8991508484 12.1014537811
      vertex 24.339756012 11.9188652039 12.1034498215
    endloop
  endfacet
  facet normal -0.0155069166794 -0.999859511852 -0.00635962374508
    outer loop
      vertex 24.3767337799 11.920501709 12.099489212
      vertex 24.3766403198 11.8995819092 12.099357605
      vertex 24.3563594818 11.9182024002 12.0997905731
    endloop
  endfacet
  facet normal -0.00935100205243 -0.999870955944 -0.0130647085607
    outer loop
      vertex 24.3563194275 11.8978099823 12.099524498
      vertex 24.3563594818 11.9182024002 12.0997905731
      vertex 24.3766403198 11.8995819092 12.099357605
    endloop
  endfacet
  facet normal 0.00397295691073 -0.999982774258 -0.00432459870353
    outer loop
      vertex 24.3972015381 11.8987751007 12.0994358063
      vertex 24.3766403198 11.8995819092 12.099357605
      vertex 24.3967018127 11.9190816879 12.099521637
    endloop
  endfacet
  facet normal 0.00207047653385 -0.999978125095 -0.00628184201196
    outer loop
      vertex 24.3967018127 11.9190816879 12.099521637
      vertex 24.3766403198 11.8995819092 12.099357605
      vertex 24.3767337799 11.920501709 12.099489212
    endloop
  endfacet
  facet normal 0.19009667635 0.789839744568 0.58310931921
    outer loop
      vertex 24.4153442383 12.0050296783 12.2356119156
      vertex 24.3981151581 12.0019073486 12.2374534607
      vertex 24.4162750244 11.9831609726 12.2192430496
    endloop
  endfacet
  facet normal 0.113748401403 0.765443384647 0.633370101452
    outer loop
      vertex 24.4162750244 11.9831609726 12.2192430496
      vertex 24.3981151581 12.0019073486 12.2374534607
      vertex 24.3958358765 11.9817123413 12.2210817337
    endloop
  endfacet
  facet normal -0.210842862725 -0.973236739635 -0.0914088487625
    outer loop
      vertex 24.339756012 11.9188652039 12.1034498215
      vertex 24.3563423157 11.9394655228 12.1017913818
      vertex 24.3563594818 11.9182024002 12.0997905731
    endloop
  endfacet
  facet normal -0.101120986044 -0.994801342487 -0.0120332688093
    outer loop
      vertex 24.3764896393 11.9406042099 12.0997571945
      vertex 24.3767337799 11.920501709 12.099489212
      vertex 24.3563423157 11.9394655228 12.1017913818
    endloop
  endfacet
  facet normal -0.0252885445952 -0.995285511017 -0.0936333686113
    outer loop
      vertex 24.3563594818 11.9182024002 12.0997905731
      vertex 24.3563423157 11.9394655228 12.1017913818
      vertex 24.3767337799 11.920501709 12.099489212
    endloop
  endfacet
  facet normal 0.00592846330255 -0.998146176338 -0.0605728402734
    outer loop
      vertex 24.3967018127 11.9190816879 12.099521637
      vertex 24.3767337799 11.920501709 12.099489212
      vertex 24.3966064453 11.9396934509 12.100771904
    endloop
  endfacet
  facet normal 0.0510011091828 -0.998601436615 -0.0139314234257
    outer loop
      vertex 24.3966064453 11.9396934509 12.100771904
      vertex 24.3767337799 11.920501709 12.099489212
      vertex 24.3764896393 11.9406042099 12.0997571945
    endloop
  endfacet
  facet normal 0.0946508944035 0.9926404953 0.0755382850766
    outer loop
      vertex 24.4162750244 11.9831609726 12.2192430496
      vertex 24.3958358765 11.9817123413 12.2210817337
      vertex 24.3974971771 11.9613990784 12.2193775177
    endloop
  endfacet
  facet normal -0.099879257381 -0.986398935318 -0.130542054772
    outer loop
      vertex 24.3774719238 11.9596881866 12.102183342
      vertex 24.3764896393 11.9406042099 12.0997571945
      vertex 24.359210968 11.9603233337 12.1041164398
    endloop
  endfacet
  facet normal -0.10664203018 -0.986455857754 -0.124628812075
    outer loop
      vertex 24.3563423157 11.9394655228 12.1017913818
      vertex 24.359210968 11.9603233337 12.1041164398
      vertex 24.3764896393 11.9406042099 12.0997571945
    endloop
  endfacet
  facet normal 0.0555522069335 -0.990837454796 -0.123105973005
    outer loop
      vertex 24.3774719238 11.9596881866 12.102183342
      vertex 24.3966064453 11.9396934509 12.100771904
      vertex 24.3764896393 11.9406042099 12.0997571945
    endloop
  endfacet
  facet normal -0.136798635125 0.926236271858 0.351244211197
    outer loop
      vertex 24.3983917236 11.3396205902 12.0961694717
      vertex 24.4202041626 11.3203039169 12.0920658112
      vertex 24.4186840057 11.3394832611 12.099114418
    endloop
  endfacet
  facet normal -0.0945128574967 0.955108821392 0.280774831772
    outer loop
      vertex 24.4430961609 11.3181390762 12.0936946869
      vertex 24.4382610321 11.3385305405 12.0992107391
      vertex 24.4202041626 11.3203039169 12.0920658112
    endloop
  endfacet
  facet normal -0.0214704684913 0.93785148859 0.346372008324
    outer loop
      vertex 24.4382610321 11.3385305405 12.0992107391
      vertex 24.4186840057 11.3394832611 12.099114418
      vertex 24.4202041626 11.3203039169 12.0920658112
    endloop
  endfacet
  facet normal 0.1250295192 0.941570460796 0.312750190496
    outer loop
      vertex 24.4606227875 11.3199949265 12.0919837952
      vertex 24.458524704 11.3384933472 12.0984067917
      vertex 24.4430961609 11.3181390762 12.0936946869
    endloop
  endfacet
  facet normal 0.0378951057792 0.966840863228 0.252552479506
    outer loop
      vertex 24.458524704 11.3384933472 12.0984067917
      vertex 24.4382610321 11.3385305405 12.0992107391
      vertex 24.4430961609 11.3181390762 12.0936946869
    endloop
  endfacet
  facet normal -0.143708243966 0.989495933056 0.0156748853624
    outer loop
      vertex 24.4186840057 11.3394832611 12.099114418
      vertex 24.4177246094 11.3593559265 12.0992898941
      vertex 24.3983917236 11.3396205902 12.0961694717
    endloop
  endfacet
  facet normal -0.0364646241069 0.991967618465 0.121122375131
    outer loop
      vertex 24.4177246094 11.3593559265 12.0992898941
      vertex 24.397277832 11.3605051041 12.0986785889
      vertex 24.3983917236 11.3396205902 12.0961694717
    endloop
  endfacet
  facet normal -0.00527893612161 0.99995881319 0.00738072860986
    outer loop
      vertex 24.4382610321 11.3385305405 12.0992107391
      vertex 24.4381809235 11.3592605591 12.099363327
      vertex 24.4186840057 11.3394832611 12.099114418
    endloop
  endfacet
  facet normal -0.0036315235775 0.999952852726 0.00900471024215
    outer loop
      vertex 24.4381809235 11.3592605591 12.099363327
      vertex 24.4177246094 11.3593559265 12.0992898941
      vertex 24.4186840057 11.3394832611 12.099114418
    endloop
  endfacet
  facet normal 0.039599891752 0.999026417732 0.019444912672
    outer loop
      vertex 24.458524704 11.3384933472 12.0984067917
      vertex 24.4582462311 11.3589458466 12.098815918
      vertex 24.4382610321 11.3385305405 12.0992107391
    endloop
  endfacet
  facet normal 0.0271567963064 0.99960488081 0.00725277792662
    outer loop
      vertex 24.4582462311 11.3589458466 12.098815918
      vertex 24.4381809235 11.3592605591 12.099363327
      vertex 24.4382610321 11.3385305405 12.0992107391
    endloop
  endfacet
  facet normal -0.0704253613949 0.996939897537 0.0339286848903
    outer loop
      vertex 24.3781642914 11.3797225952 12.0979824066
      vertex 24.397277832 11.3605051041 12.0986785889
      vertex 24.3968105316 11.3804740906 12.0993251801
    endloop
  endfacet
  facet normal -0.0319989807904 0.998763263226 0.0380525067449
    outer loop
      vertex 24.4177246094 11.3593559265 12.0992898941
      vertex 24.4162998199 11.3800783157 12.1000337601
      vertex 24.397277832 11.3605051041 12.0986785889
    endloop
  endfacet
  facet normal -0.0369867570698 0.998763918877 0.0332052409649
    outer loop
      vertex 24.4162998199 11.3800783157 12.1000337601
      vertex 24.3968105316 11.3804740906 12.0993251801
      vertex 24.397277832 11.3605051041 12.0986785889
    endloop
  endfacet
  facet normal 0.78214609623 -0.623090982437 -0.00226234411821
    outer loop
      vertex 24.4578437805 11.6911535263 12.1187324524
      vertex 24.4731388092 11.6901054382 12.137928009
      vertex 24.4585647583 11.6701450348 12.1195611954
    endloop
  endfacet
  facet normal -0.0656280070543 0.997684955597 -0.0178230069578
    outer loop
      vertex 24.4172649384 11.4625930786 12.1201877594
      vertex 24.3963432312 11.4630155563 12.118803978
      vertex 24.3978881836 11.4428663254 12.1192655563
    endloop
  endfacet
  facet normal 0.0279544685036 0.998578131199 -0.0453901216388
    outer loop
      vertex 24.4582462311 11.3589458466 12.098815918
      vertex 24.4589195251 11.3795747757 12.0978593826
      vertex 24.4381809235 11.3592605591 12.099363327
    endloop
  endfacet
  facet normal -0.00637684809044 0.999161362648 0.0404459163547
    outer loop
      vertex 24.41771698 11.4414834976 12.1193361282
      vertex 24.4172649384 11.4625930786 12.1201877594
      vertex 24.3978881836 11.4428663254 12.1192655563
    endloop
  endfacet
  facet normal -0.0732993036509 0.996585249901 -0.038013856858
    outer loop
      vertex 24.3781642914 11.3797225952 12.0979824066
      vertex 24.3968105316 11.3804740906 12.0993251801
      vertex 24.3786315918 11.4004001617 12.0972280502
    endloop
  endfacet
  facet normal -0.180729359388 0.981603622437 0.0615734010935
    outer loop
      vertex 24.3970870972 11.4005823135 12.1006374359
      vertex 24.3786315918 11.4004001617 12.0972280502
      vertex 24.3968105316 11.3804740906 12.0993251801
    endloop
  endfacet
  facet normal 0.0234214831144 0.999350905418 0.027371481061
    outer loop
      vertex 24.4381160736 11.4435138702 12.1189136505
      vertex 24.41771698 11.4414834976 12.1193361282
      vertex 24.4377651215 11.4220085144 12.1183328629
    endloop
  endfacet
  facet normal -0.0375668741763 0.997206449509 0.0645606666803
    outer loop
      vertex 24.3970870972 11.4005823135 12.1006374359
      vertex 24.3968105316 11.3804740906 12.0993251801
      vertex 24.4162998199 11.3800783157 12.1000337601
    endloop
  endfacet
  facet normal -0.00840835832059 0.997535407543 0.069659344852
    outer loop
      vertex 24.41771698 11.4414834976 12.1193361282
      vertex 24.3978881836 11.4428663254 12.1192655563
      vertex 24.3980426788 11.4222259521 12.1178255081
    endloop
  endfacet
  facet normal -0.0719172433019 0.99739921093 0.00476537225768
    outer loop
      vertex 24.4177417755 11.4215478897 12.1192426682
      vertex 24.41771698 11.4414834976 12.1193361282
      vertex 24.3980426788 11.4222259521 12.1178255081
    endloop
  endfacet
  facet normal -0.127896949649 0.989315509796 0.0699802339077
    outer loop
      vertex 24.3793563843 11.4422883987 12.1168289185
      vertex 24.3980426788 11.4222259521 12.1178255081
      vertex 24.3978881836 11.4428663254 12.1192655563
    endloop
  endfacet
  facet normal 0.0487878955901 0.982369184494 0.180473044515
    outer loop
      vertex 24.4177417755 11.4215478897 12.1192426682
      vertex 24.4189357758 11.4021339417 12.1156167984
      vertex 24.4377651215 11.4220085144 12.1183328629
    endloop
  endfacet
  facet normal -0.0769038647413 0.979227185249 0.187616541982
    outer loop
      vertex 24.3980426788 11.4222259521 12.1178255081
      vertex 24.4189357758 11.4021339417 12.1156167984
      vertex 24.4177417755 11.4215478897 12.1192426682
    endloop
  endfacet
  facet normal -0.18018963933 0.979940772057 0.0851338878274
    outer loop
      vertex 24.3781833649 11.4217338562 12.0989990234
      vertex 24.3786315918 11.4004001617 12.0972280502
      vertex 24.3970870972 11.4005823135 12.1006374359
    endloop
  endfacet
  facet normal 0.782251954079 -0.619967877865 -0.0610059276223
    outer loop
      vertex 24.4578437805 11.6911535263 12.1187324524
      vertex 24.4579086304 11.7117986679 12.1208457947
      vertex 24.4731388092 11.6901054382 12.137928009
    endloop
  endfacet
  facet normal -0.0957082360983 0.988841235638 0.114161789417
    outer loop
      vertex 24.4025592804 11.6935138702 12.1771669388
      vertex 24.4171237946 11.6716718674 12.1760549545
      vertex 24.418296814 11.6916618347 12.1784763336
    endloop
  endfacet
  facet normal -0.0911047160625 0.993239879608 0.0719336569309
    outer loop
      vertex 24.418296814 11.6916618347 12.1784763336
      vertex 24.4174594879 11.7125139236 12.1799097061
      vertex 24.4025592804 11.6935138702 12.1771669388
    endloop
  endfacet
  facet normal -0.988524258137 0.137401595712 0.0627743899822
    outer loop
      vertex 24.3781833649 11.4217338562 12.0989990234
      vertex 24.3793563843 11.4422883987 12.1168289185
      vertex 24.3768768311 11.4425210953 12.0990962982
    endloop
  endfacet
  facet normal 0.688863694668 0.724626839161 0.0195637717843
    outer loop
      vertex 24.4585018158 11.4631891251 12.1000652313
      vertex 24.4381160736 11.4435138702 12.1189136505
      vertex 24.4586448669 11.4422636032 12.0993642807
    endloop
  endfacet
  facet normal 0.688308894634 0.724763274193 0.0308062639087
    outer loop
      vertex 24.4381160736 11.4435138702 12.1189136505
      vertex 24.4377651215 11.4220085144 12.1183328629
      vertex 24.4586448669 11.4422636032 12.0993642807
    endloop
  endfacet
  facet normal 0.676882684231 0.736042201519 0.00846513453871
    outer loop
      vertex 24.4586448669 11.4422636032 12.0993642807
      vertex 24.4377651215 11.4220085144 12.1183328629
      vertex 24.459186554 11.4208984375 12.0986204147
    endloop
  endfacet
  facet normal -0.990127086639 0.138714119792 -0.0201668981463
    outer loop
      vertex 24.3793563843 11.4422883987 12.1168289185
      vertex 24.3774204254 11.4630174637 12.0999965668
      vertex 24.3768768311 11.4425210953 12.0990962982
    endloop
  endfacet
  facet normal -0.627932071686 0.631830990314 -0.454412728548
    outer loop
      vertex 24.3793563843 11.4422883987 12.1168289185
      vertex 24.3963432312 11.4630155563 12.118803978
      vertex 24.3774204254 11.4630174637 12.0999965668
    endloop
  endfacet
  facet normal -0.583975315094 0.629412412643 0.512652695179
    outer loop
      vertex 24.3980426788 11.4222259521 12.1178255081
      vertex 24.3793563843 11.4422883987 12.1168289185
      vertex 24.3781833649 11.4217338562 12.0989990234
    endloop
  endfacet
  facet normal 0.67372739315 0.735919892788 0.0671815127134
    outer loop
      vertex 24.4377651215 11.4220085144 12.1183328629
      vertex 24.4397010803 11.4023628235 12.1147670746
      vertex 24.459186554 11.4208984375 12.0986204147
    endloop
  endfacet
  facet normal -0.995537340641 0.0899922847748 0.0284033156931
    outer loop
      vertex 24.3774204254 11.4630174637 12.0999965668
      vertex 24.3784770966 11.4837751389 12.1182374954
      vertex 24.3767700195 11.4837656021 12.0993499756
    endloop
  endfacet
  facet normal -0.607870876789 0.611549258232 0.506458759308
    outer loop
      vertex 24.3963432312 11.4630155563 12.118803978
      vertex 24.3784770966 11.4837751389 12.1182374954
      vertex 24.3774204254 11.4630174637 12.0999965668
    endloop
  endfacet
  facet normal 0.642587900162 0.766169190407 0.00809562951326
    outer loop
      vertex 24.459186554 11.4208984375 12.0986204147
      vertex 24.4397010803 11.4023628235 12.1147670746
      vertex 24.4581203461 11.4002599716 12.0992965698
    endloop
  endfacet
  facet normal -0.447929859161 0.709673523903 0.543803632259
    outer loop
      vertex 24.4189357758 11.4021339417 12.1156167984
      vertex 24.3980426788 11.4222259521 12.1178255081
      vertex 24.3970870972 11.4005823135 12.1006374359
    endloop
  endfacet
  facet normal -0.997246742249 0.0700520724058 0.0243229717016
    outer loop
      vertex 24.3762435913 11.5040225983 12.0988893509
      vertex 24.3767700195 11.4837656021 12.0993499756
      vertex 24.3775081635 11.5045261383 12.1170663834
    endloop
  endfacet
  facet normal -0.99508523941 0.0899579748511 0.0413869209588
    outer loop
      vertex 24.3784770966 11.4837751389 12.1182374954
      vertex 24.3775081635 11.5045261383 12.1170663834
      vertex 24.3767700195 11.4837656021 12.0993499756
    endloop
  endfacet
  facet normal 0.118760690093 0.990900218487 0.0633455663919
    outer loop
      vertex 24.4372673035 11.7116384506 12.177479744
      vertex 24.4174594879 11.7125139236 12.1799097061
      vertex 24.418296814 11.6916618347 12.1784763336
    endloop
  endfacet
  facet normal 0.118392251432 0.990463256836 0.0704687312245
    outer loop
      vertex 24.4174594879 11.7125139236 12.1799097061
      vertex 24.4372673035 11.7116384506 12.177479744
      vertex 24.4374103546 11.7324943542 12.1789464951
    endloop
  endfacet
  facet normal -0.993849754333 0.0714847743511 0.0845729783177
    outer loop
      vertex 24.3762435913 11.5040225983 12.0988893509
      vertex 24.3775081635 11.5045261383 12.1170663834
      vertex 24.3745803833 11.524564743 12.100069046
    endloop
  endfacet
  facet normal -0.985465466976 0.169875904918 -0.00011029162124
    outer loop
      vertex 24.3775081635 11.5045261383 12.1170663834
      vertex 24.3779678345 11.52526474 12.1197195053
      vertex 24.3745803833 11.524564743 12.100069046
    endloop
  endfacet
  facet normal 0.921773910522 0.286217838526 -0.26155731082
    outer loop
      vertex 24.4527797699 11.7097988129 12.1609230042
      vertex 24.4564495087 11.7160482407 12.1433935165
      vertex 24.4503879547 11.7267103195 12.1531715393
    endloop
  endfacet
  facet normal 0.826055347919 0.561775565147 0.0451741404831
    outer loop
      vertex 24.4372673035 11.7116384506 12.177479744
      vertex 24.4447631836 11.7240867615 12.1674585342
      vertex 24.4374103546 11.7324943542 12.1789464951
    endloop
  endfacet
  facet normal -0.655687451363 0.594289064407 0.465719342232
    outer loop
      vertex 24.3576068878 11.5467300415 12.0987119675
      vertex 24.3745803833 11.524564743 12.100069046
      vertex 24.3764820099 11.546169281 12.1190977097
    endloop
  endfacet
  facet normal -0.98300743103 0.171763017774 0.0647597908974
    outer loop
      vertex 24.3745803833 11.524564743 12.100069046
      vertex 24.3779678345 11.52526474 12.1197195053
      vertex 24.3764820099 11.546169281 12.1190977097
    endloop
  endfacet
  facet normal 0.787835001945 0.346463292837 -0.509194672108
    outer loop
      vertex 24.4564495087 11.7160482407 12.1433935165
      vertex 24.4527797699 11.7097988129 12.1609230042
      vertex 24.4637565613 11.7023878098 12.1468544006
    endloop
  endfacet
  facet normal 0.731566488743 0.674077212811 -0.102129101753
    outer loop
      vertex 24.4527797699 11.7097988129 12.1609230042
      vertex 24.4447631836 11.7240867615 12.1674585342
      vertex 24.4372673035 11.7116384506 12.177479744
    endloop
  endfacet
  facet normal -0.997251927853 0.0417944639921 0.0611702948809
    outer loop
      vertex 24.3576068878 11.5467300415 12.0987119675
      vertex 24.3572044373 11.5667915344 12.1184711456
      vertex 24.3563270569 11.5675401688 12.0986318588
    endloop
  endfacet
  facet normal -0.616029143333 0.555003643036 0.558998227119
    outer loop
      vertex 24.3764820099 11.546169281 12.1190977097
      vertex 24.3572044373 11.5667915344 12.1184711456
      vertex 24.3576068878 11.5467300415 12.0987119675
    endloop
  endfacet
  facet normal 0.865967154503 0.396820068359 -0.304359614849
    outer loop
      vertex 24.4527797699 11.7097988129 12.1609230042
      vertex 24.4503879547 11.7267103195 12.1531715393
      vertex 24.4447631836 11.7240867615 12.1674585342
    endloop
  endfacet
  facet normal -0.993534624577 0.10391702503 0.0457190796733
    outer loop
      vertex 24.4145584106 11.6899986267 12.1595907211
      vertex 24.4154415131 11.670753479 12.1595668793
      vertex 24.4171237946 11.6716718674 12.1760549545
    endloop
  endfacet
  facet normal -0.999024927616 0.0441106297076 0.00186788511928
    outer loop
      vertex 24.3572044373 11.5667915344 12.1184711456
      vertex 24.356338501 11.587972641 12.0997562408
      vertex 24.3563270569 11.5675401688 12.0986318588
    endloop
  endfacet
  facet normal -0.600782036781 0.611097633839 -0.515383899212
    outer loop
      vertex 24.3572044373 11.5667915344 12.1184711456
      vertex 24.3761901855 11.5875244141 12.1196508408
      vertex 24.356338501 11.587972641 12.0997562408
    endloop
  endfacet
  facet normal -0.763434767723 -0.423690795898 0.487497150898
    outer loop
      vertex 24.4025592804 11.6935138702 12.1771669388
      vertex 24.4145584106 11.6899986267 12.1595907211
      vertex 24.4171237946 11.6716718674 12.1760549545
    endloop
  endfacet
  facet normal 0.993052601814 -0.10037048161 -0.061418749392
    outer loop
      vertex 24.4601249695 11.5671348572 12.0993757248
      vertex 24.4588050842 11.5878973007 12.0990219116
      vertex 24.460729599 11.5879116058 12.1180715561
    endloop
  endfacet
  facet normal -0.681397438049 0.53427273035 0.500250101089
    outer loop
      vertex 24.356338501 11.587972641 12.0997562408
      vertex 24.3566608429 11.608341217 12.1192388535
      vertex 24.3399028778 11.6099157333 12.0993404388
    endloop
  endfacet
  facet normal -0.59771835804 0.584055662155 0.549191892147
    outer loop
      vertex 24.3761901855 11.5875244141 12.1196508408
      vertex 24.3566608429 11.608341217 12.1192388535
      vertex 24.356338501 11.587972641 12.0997562408
    endloop
  endfacet
  facet normal 0.994037091732 -0.100455678999 -0.0424139499664
    outer loop
      vertex 24.4588050842 11.5878973007 12.0990219116
      vertex 24.4579696655 11.608669281 12.0995254517
      vertex 24.460729599 11.5879116058 12.1180715561
    endloop
  endfacet
  facet normal 0.993624091148 -0.106520242989 -0.0369406118989
    outer loop
      vertex 24.460729599 11.5879116058 12.1180715561
      vertex 24.4579696655 11.608669281 12.0995254517
      vertex 24.460105896 11.6083068848 12.1193265915
    endloop
  endfacet
  facet normal -0.765478014946 0.643191933632 0.0186429973692
    outer loop
      vertex 24.3553562164 11.6288423538 12.1182804108
      vertex 24.3399028778 11.6099157333 12.0993404388
      vertex 24.3566608429 11.608341217 12.1192388535
    endloop
  endfacet
  facet normal -0.741752624512 0.667746901512 0.062586709857
    outer loop
      vertex 24.3382816315 11.6290283203 12.0993309021
      vertex 24.3399028778 11.6099157333 12.0993404388
      vertex 24.3553562164 11.6288423538 12.1182804108
    endloop
  endfacet
  facet normal 0.710029959679 -0.523181319237 -0.471315979958
    outer loop
      vertex 24.4579696655 11.608669281 12.0995254517
      vertex 24.4431667328 11.6307229996 12.0993032455
      vertex 24.4589519501 11.6289949417 12.1191692352
    endloop
  endfacet
  facet normal 0.992855250835 -0.106114603579 -0.0545727238059
    outer loop
      vertex 24.4579696655 11.608669281 12.0995254517
      vertex 24.4589519501 11.6289949417 12.1191692352
      vertex 24.460105896 11.6083068848 12.1193265915
    endloop
  endfacet
  facet normal -0.740520298481 0.667974472046 -0.0737547054887
    outer loop
      vertex 24.3382816315 11.6290283203 12.0993309021
      vertex 24.3553562164 11.6288423538 12.1182804108
      vertex 24.3401851654 11.6480798721 12.0993375778
    endloop
  endfacet
  facet normal -0.775016546249 0.631845593452 -0.0109748505056
    outer loop
      vertex 24.3567752838 11.65026474 12.1196489334
      vertex 24.3401851654 11.6480798721 12.0993375778
      vertex 24.3553562164 11.6288423538 12.1182804108
    endloop
  endfacet
  facet normal 0.785019278526 -0.618819057941 -0.0284200478345
    outer loop
      vertex 24.4424190521 11.6507940292 12.0992765427
      vertex 24.4583129883 11.6494007111 12.1193752289
      vertex 24.4431667328 11.6307229996 12.0993032455
    endloop
  endfacet
  facet normal 0.783864498138 -0.620167255402 -0.0308053288609
    outer loop
      vertex 24.4589519501 11.6289949417 12.1191692352
      vertex 24.4431667328 11.6307229996 12.0993032455
      vertex 24.4583129883 11.6494007111 12.1193752289
    endloop
  endfacet
  facet normal -0.703584372997 0.522922575474 -0.481166273355
    outer loop
      vertex 24.3401851654 11.6480798721 12.0993375778
      vertex 24.3567752838 11.65026474 12.1196489334
      vertex 24.3555049896 11.6704387665 12.0993766785
    endloop
  endfacet
  facet normal -0.998856425285 0.0440181940794 0.0186623036861
    outer loop
      vertex 24.3567752838 11.65026474 12.1196489334
      vertex 24.35638237 11.6705389023 12.1193284988
      vertex 24.3555049896 11.6704387665 12.0993766785
    endloop
  endfacet
  facet normal 0.742538154125 -0.665267586708 -0.077821277082
    outer loop
      vertex 24.4402656555 11.6709413528 12.0992298126
      vertex 24.4585647583 11.6701450348 12.1195611954
      vertex 24.4424190521 11.6507940292 12.0992765427
    endloop
  endfacet
  facet normal 0.784238934517 -0.620446324348 0.00395592208952
    outer loop
      vertex 24.4583129883 11.6494007111 12.1193752289
      vertex 24.4424190521 11.6507940292 12.0992765427
      vertex 24.4585647583 11.6701450348 12.1195611954
    endloop
  endfacet
  facet normal -0.991486370564 0.130179733038 0.00282939593308
    outer loop
      vertex 24.3554401398 11.6925945282 12.0993642807
      vertex 24.3555049896 11.6704387665 12.0993766785
      vertex 24.3581199646 11.6905851364 12.1197309494
    endloop
  endfacet
  facet normal -0.995402574539 0.043343923986 -0.0854108184576
    outer loop
      vertex 24.35638237 11.6705389023 12.1193284988
      vertex 24.3581199646 11.6905851364 12.1197309494
      vertex 24.3555049896 11.6704387665 12.0993766785
    endloop
  endfacet
  facet normal 0.0635538324714 0.996790468693 0.0486796572804
    outer loop
      vertex 24.4180831909 11.9604282379 12.2180175781
      vertex 24.4162750244 11.9831609726 12.2192430496
      vertex 24.3974971771 11.9613990784 12.2193775177
    endloop
  endfacet
  facet normal 0.743261098862 -0.669000864029 0.000883177330252
    outer loop
      vertex 24.4585647583 11.6701450348 12.1195611954
      vertex 24.4402656555 11.6709413528 12.0992298126
      vertex 24.4578437805 11.6911535263 12.1187324524
    endloop
  endfacet
  facet normal -0.660103261471 0.552338182926 0.509103357792
    outer loop
      vertex 24.339838028 11.7127952576 12.0993375778
      vertex 24.3554401398 11.6925945282 12.0993642807
      vertex 24.3561038971 11.7120246887 12.1180667877
    endloop
  endfacet
  facet normal -0.98902130127 0.121892273426 0.0835411474109
    outer loop
      vertex 24.3554401398 11.6925945282 12.0993642807
      vertex 24.3581199646 11.6905851364 12.1197309494
      vertex 24.3561038971 11.7120246887 12.1180667877
    endloop
  endfacet
  facet normal 0.258933573961 0.964634716511 -0.049328494817
    outer loop
      vertex 24.4335765839 11.9402523041 12.21489048
      vertex 24.4180831909 11.9604282379 12.2180175781
      vertex 24.4172286987 11.9398860931 12.2192974091
    endloop
  endfacet
  facet normal 0.0657210797071 0.997829258442 0.00417962577194
    outer loop
      vertex 24.4180831909 11.9604282379 12.2180175781
      vertex 24.3974971771 11.9613990784 12.2193775177
      vertex 24.3969020844 11.940656662 12.219329834
    endloop
  endfacet
  facet normal -0.754397630692 0.656063556671 -0.0215608049184
    outer loop
      vertex 24.339838028 11.7127952576 12.0993375778
      vertex 24.3561038971 11.7120246887 12.1180667877
      vertex 24.3404140472 11.7316150665 12.0993814468
    endloop
  endfacet
  facet normal -0.787113428116 0.615268826485 0.0435511879623
    outer loop
      vertex 24.356546402 11.7337217331 12.1201686859
      vertex 24.3404140472 11.7316150665 12.0993814468
      vertex 24.3561038971 11.7120246887 12.1180667877
    endloop
  endfacet
  facet normal 0.00394319230691 0.998067200184 -0.0620182603598
    outer loop
      vertex 24.4172286987 11.9398860931 12.2192974091
      vertex 24.4180831909 11.9604282379 12.2180175781
      vertex 24.3969020844 11.940656662 12.219329834
    endloop
  endfacet
  facet normal 0.260491222143 0.965415775776 0.0108054317534
    outer loop
      vertex 24.4180030823 11.9191894531 12.2188568115
      vertex 24.4335765839 11.9402523041 12.21489048
      vertex 24.4172286987 11.9398860931 12.2192974091
    endloop
  endfacet
  facet normal -0.790995597839 0.611294746399 -0.025391055271
    outer loop
      vertex 24.3404140472 11.7316150665 12.0993814468
      vertex 24.356546402 11.7337217331 12.1201686859
      vertex 24.3414726257 11.7535028458 12.0998420715
    endloop
  endfacet
  facet normal -0.843694925308 0.527201592922 0.101179614663
    outer loop
      vertex 24.3542938232 11.7536678314 12.1203918457
      vertex 24.3414726257 11.7535028458 12.0998420715
      vertex 24.356546402 11.7337217331 12.1201686859
    endloop
  endfacet
  facet normal 0.022753117606 0.999532401562 0.0204268991947
    outer loop
      vertex 24.4180030823 11.9191894531 12.2188568115
      vertex 24.4172286987 11.9398860931 12.2192974091
      vertex 24.3972454071 11.9195871353 12.2193374634
    endloop
  endfacet
  facet normal 0.117012478411 0.992934286594 -0.0197371914983
    outer loop
      vertex 24.435880661 11.8998966217 12.217133522
      vertex 24.4180030823 11.9191894531 12.2188568115
      vertex 24.4176654816 11.8983058929 12.2193117142
    endloop
  endfacet
  facet normal -0.987495243549 0.0595752261579 0.14595875144
    outer loop
      vertex 24.3414726257 11.7535028458 12.0998420715
      vertex 24.3393764496 11.7746686935 12.1169528961
      vertex 24.338394165 11.7743844986 12.0999746323
    endloop
  endfacet
  facet normal -0.752869188786 0.473393499851 0.457259893417
    outer loop
      vertex 24.3542938232 11.7536678314 12.1203918457
      vertex 24.3393764496 11.7746686935 12.1169528961
      vertex 24.3414726257 11.7535028458 12.0998420715
    endloop
  endfacet
  facet normal 0.0231379233301 0.999732136726 0.000582857988775
    outer loop
      vertex 24.4180030823 11.9191894531 12.2188568115
      vertex 24.3972454071 11.9195871353 12.2193374634
      vertex 24.3972587585 11.8988456726 12.2193250656
    endloop
  endfacet
  facet normal 0.00122944428585 0.999762535095 -0.0217576604337
    outer loop
      vertex 24.4176654816 11.8983058929 12.2193117142
      vertex 24.4180030823 11.9191894531 12.2188568115
      vertex 24.3972587585 11.8988456726 12.2193250656
    endloop
  endfacet
  facet normal -0.9981777668 0.0574406944215 -0.0184864141047
    outer loop
      vertex 24.338394165 11.7743844986 12.0999746323
      vertex 24.3393764496 11.7746686935 12.1169528961
      vertex 24.3387584686 11.7939662933 12.1000032425
    endloop
  endfacet
  facet normal -0.998236298561 0.0566405206919 -0.017781721428
    outer loop
      vertex 24.3393764496 11.7746686935 12.1169528961
      vertex 24.3399143219 11.7961120605 12.1197004318
      vertex 24.3387584686 11.7939662933 12.1000032425
    endloop
  endfacet
  facet normal 0.120300605893 0.992566645145 0.0184176880866
    outer loop
      vertex 24.435880661 11.8998966217 12.217133522
      vertex 24.4176654816 11.8983058929 12.2193117142
      vertex 24.4356155396 11.8801765442 12.216799736
    endloop
  endfacet
  facet normal 0.135153397918 0.990818619728 0.00346958637238
    outer loop
      vertex 24.4176521301 11.8770875931 12.2192392349
      vertex 24.4356155396 11.8801765442 12.216799736
      vertex 24.4176654816 11.8983058929 12.2193117142
    endloop
  endfacet
  facet normal -0.998269617558 0.0587755478919 0.00179879728239
    outer loop
      vertex 24.3387584686 11.7939662933 12.1000032425
      vertex 24.3399143219 11.7961120605 12.1197004318
      vertex 24.338722229 11.8145456314 12.1000175476
    endloop
  endfacet
  facet normal -0.994082152843 -0.0358344763517 0.102550208569
    outer loop
      vertex 24.3399143219 11.7961120605 12.1197004318
      vertex 24.3378620148 11.8165168762 12.1182394028
      vertex 24.338722229 11.8145456314 12.1000175476
    endloop
  endfacet
  facet normal 0.129299074411 0.991126596928 -0.0308185908943
    outer loop
      vertex 24.4356155396 11.8801765442 12.216799736
      vertex 24.4176521301 11.8770875931 12.2192392349
      vertex 24.4362716675 11.8585615158 12.2173862457
    endloop
  endfacet
  facet normal 0.975672125816 0.160728618503 0.149098083377
    outer loop
      vertex 24.4347286224 11.7751789093 12.1956748962
      vertex 24.4388961792 11.7885923386 12.1828193665
      vertex 24.4373836517 11.7952680588 12.1981935501
    endloop
  endfacet
  facet normal -0.998828291893 -0.0478993803263 -0.00690443255007
    outer loop
      vertex 24.338722229 11.8145456314 12.1000175476
      vertex 24.3378620148 11.8165168762 12.1182394028
      vertex 24.3388671875 11.8360652924 12.1000967026
    endloop
  endfacet
  facet normal -0.998786151409 -0.00232168962248 -0.0492024868727
    outer loop
      vertex 24.3378620148 11.8165168762 12.1182394028
      vertex 24.338886261 11.8373708725 12.119559288
      vertex 24.3388671875 11.8360652924 12.1000967026
    endloop
  endfacet
  facet normal -0.999993503094 0.000743562239222 -0.00352620589547
    outer loop
      vertex 24.3388671875 11.8360652924 12.1000967026
      vertex 24.338886261 11.8373708725 12.119559288
      vertex 24.3389434814 11.8572731018 12.1021308899
    endloop
  endfacet
  facet normal -0.994515836239 -0.0800823047757 0.0672689080238
    outer loop
      vertex 24.338886261 11.8373708725 12.119559288
      vertex 24.3375797272 11.8580141068 12.1184444427
      vertex 24.3389434814 11.8572731018 12.1021308899
    endloop
  endfacet
  facet normal -0.996513545513 -0.082863599062 0.00971725117415
    outer loop
      vertex 24.3389434814 11.8572731018 12.1021308899
      vertex 24.3375797272 11.8580141068 12.1184444427
      vertex 24.338716507 11.8785085678 12.1023702621
    endloop
  endfacet
  facet normal -0.994357407093 0.0493827350438 -0.0938865169883
    outer loop
      vertex 24.3375797272 11.8580141068 12.1184444427
      vertex 24.3395996094 11.8782405853 12.1206617355
      vertex 24.338716507 11.8785085678 12.1023702621
    endloop
  endfacet
  facet normal 0.99595028162 0.0833643972874 -0.0336657501757
    outer loop
      vertex 24.4388961792 11.7885923386 12.1828193665
      vertex 24.4386310577 11.8080873489 12.1781139374
      vertex 24.4373836517 11.7952680588 12.1981935501
    endloop
  endfacet
  facet normal 0.106434881687 0.992617726326 0.058152474463
    outer loop
      vertex 24.4361362457 11.8369150162 12.2173480988
      vertex 24.4177284241 11.8366107941 12.2193040848
      vertex 24.4176864624 11.81665802 12.2181396484
    endloop
  endfacet
  facet normal -0.999762356281 -0.0185512192547 0.0114470738918
    outer loop
      vertex 24.3384971619 11.8991508484 12.1014537811
      vertex 24.338716507 11.8785085678 12.1023702621
      vertex 24.3381958008 11.898979187 12.1178007126
    endloop
  endfacet
  facet normal -0.997020840645 0.0472424663603 0.0609716176987
    outer loop
      vertex 24.3395996094 11.8782405853 12.1206617355
      vertex 24.3381958008 11.898979187 12.1178007126
      vertex 24.338716507 11.8785085678 12.1023702621
    endloop
  endfacet
  facet normal -0.997695505619 -0.017704995349 -0.0655000507832
    outer loop
      vertex 24.3384971619 11.8991508484 12.1014537811
      vertex 24.3381958008 11.898979187 12.1178007126
      vertex 24.339756012 11.9188652039 12.1034498215
    endloop
  endfacet
  facet normal -0.991560339928 0.0549282804132 -0.117435023189
    outer loop
      vertex 24.3381958008 11.898979187 12.1178007126
      vertex 24.3408432007 11.9197092056 12.1212711334
      vertex 24.339756012 11.9188652039 12.1034498215
    endloop
  endfacet
  facet normal 0.179672673345 0.983545660973 -0.0188592113554
    outer loop
      vertex 24.4758644104 11.6082248688 12.1385259628
      vertex 24.4739952087 11.6280221939 12.1384878159
      vertex 24.4509143829 11.6173381805 12.14290905
    endloop
  endfacet
  facet normal -0.99814748764 0.0606878772378 -0.00430388469249
    outer loop
      vertex 24.3407421112 11.9388132095 12.1182537079
      vertex 24.339756012 11.9188652039 12.1034498215
      vertex 24.3408432007 11.9197092056 12.1212711334
    endloop
  endfacet
  facet normal -0.648398697376 -0.59565526247 -0.474103242159
    outer loop
      vertex 24.339756012 11.9188652039 12.1034498215
      vertex 24.3407421112 11.9388132095 12.1182537079
      vertex 24.3563423157 11.9394655228 12.1017913818
    endloop
  endfacet
  facet normal 0.712129175663 0.699114859104 0.0641128867865
    outer loop
      vertex 24.4581203461 11.5048494339 12.1193571091
      vertex 24.4386463165 11.4837999344 12.137263298
      vertex 24.4572544098 11.4839582443 12.1183233261
    endloop
  endfacet
  facet normal 0.46958681941 0.88252145052 0.0253786835819
    outer loop
      vertex 24.4396266937 11.5670251846 12.1385707855
      vertex 24.4388847351 11.5460338593 12.1383619308
      vertex 24.4755821228 11.5468988419 12.1188602448
    endloop
  endfacet
  facet normal -0.721996068954 -0.669674277306 -0.173948451877
    outer loop
      vertex 24.3563423157 11.9394655228 12.1017913818
      vertex 24.3440704346 11.9611406326 12.1206521988
      vertex 24.359210968 11.9603233337 12.1041164398
    endloop
  endfacet
  facet normal -0.717635929585 -0.672950088978 -0.179267495871
    outer loop
      vertex 24.3407421112 11.9388132095 12.1182537079
      vertex 24.3440704346 11.9611406326 12.1206521988
      vertex 24.3563423157 11.9394655228 12.1017913818
    endloop
  endfacet
  facet normal 0.972031474113 -0.111797295511 -0.206533670425
    outer loop
      vertex 24.3974533081 12.2106342316 12.1988191605
      vertex 24.3996009827 12.2109479904 12.2180719376
      vertex 24.4015197754 12.1919469833 12.1996526718
    endloop
  endfacet
  facet normal 0.993588984013 -0.0124128600582 -0.112369053066
    outer loop
      vertex 24.4019622803 12.1900920868 12.2182817459
      vertex 24.4015197754 12.1919469833 12.1996526718
      vertex 24.3996009827 12.2109479904 12.2180719376
    endloop
  endfacet
  facet normal 0.926640152931 0.0153900980949 -0.375634372234
    outer loop
      vertex 24.4015197754 12.1919469833 12.1996526718
      vertex 24.4019622803 12.1900920868 12.2182817459
      vertex 24.4108581543 12.1689252853 12.1992902756
    endloop
  endfacet
  facet normal 0.86234921217 -0.138765439391 -0.486927092075
    outer loop
      vertex 24.4108581543 12.1689252853 12.1992902756
      vertex 24.4019622803 12.1900920868 12.2182817459
      vertex 24.4148025513 12.1684026718 12.2219686508
    endloop
  endfacet
  facet normal -0.688928484917 -0.646953940392 -0.326845705509
    outer loop
      vertex 24.359210968 11.9603233337 12.1041164398
      vertex 24.3440704346 11.9611406326 12.1206521988
      vertex 24.3560752869 11.9821519852 12.1184835434
    endloop
  endfacet
  facet normal -0.174325659871 -0.984685957432 0.00203168415464
    outer loop
      vertex 24.3440704346 11.9611406326 12.1206521988
      vertex 24.3406448364 11.9818992615 12.1212158203
      vertex 24.3560752869 11.9821519852 12.1184835434
    endloop
  endfacet
  facet normal -0.0646987557411 -0.804960012436 -0.589790999889
    outer loop
      vertex 24.359210968 11.9603233337 12.1041164398
      vertex 24.3769493103 11.9810876846 12.1179046631
      vertex 24.3774719238 11.9596881866 12.102183342
    endloop
  endfacet
  facet normal 0.00490066735074 -0.834975361824 -0.550265491009
    outer loop
      vertex 24.3560752869 11.9821519852 12.1184835434
      vertex 24.3769493103 11.9810876846 12.1179046631
      vertex 24.359210968 11.9603233337 12.1041164398
    endloop
  endfacet
  facet normal 0.981233894825 -0.168503656983 -0.0937365591526
    outer loop
      vertex 24.4162864685 12.1473350525 12.2188901901
      vertex 24.4108581543 12.1689252853 12.1992902756
      vertex 24.4148025513 12.1684026718 12.2219686508
    endloop
  endfacet
  facet normal 0.884887516499 -0.433323293924 0.170894637704
    outer loop
      vertex 24.405714035 12.147652626 12.1971750259
      vertex 24.4108581543 12.1689252853 12.1992902756
      vertex 24.4162864685 12.1473350525 12.2188901901
    endloop
  endfacet
  facet normal 0.995182514191 -0.0955598279834 -0.0219120215625
    outer loop
      vertex 24.4149913788 12.1266918182 12.2006692886
      vertex 24.4162864685 12.1473350525 12.2188901901
      vertex 24.4169387817 12.125752449 12.2207345963
    endloop
  endfacet
  facet normal 0.856489241123 -0.412459969521 -0.310327142477
    outer loop
      vertex 24.4149913788 12.1266918182 12.2006692886
      vertex 24.405714035 12.147652626 12.1971750259
      vertex 24.4162864685 12.1473350525 12.2188901901
    endloop
  endfacet
  facet normal 0.995302557945 -0.0967548638582 0.00336550781503
    outer loop
      vertex 24.4167251587 12.1061697006 12.2192182541
      vertex 24.4149913788 12.1266918182 12.2006692886
      vertex 24.4169387817 12.125752449 12.2207345963
    endloop
  endfacet
  facet normal -0.154078006744 -0.986340105534 -0.0582511499524
    outer loop
      vertex 24.3564586639 12.0026407242 12.1196336746
      vertex 24.3560752869 11.9821519852 12.1184835434
      vertex 24.3422088623 11.9999904633 12.1217031479
    endloop
  endfacet
  facet normal -0.174868002534 -0.983712017536 -0.0416161008179
    outer loop
      vertex 24.3406448364 11.9818992615 12.1212158203
      vertex 24.3422088623 11.9999904633 12.1217031479
      vertex 24.3560752869 11.9821519852 12.1184835434
    endloop
  endfacet
  facet normal -0.0240265186876 -0.997176885605 -0.0711407288909
    outer loop
      vertex 24.3769493103 11.9810876846 12.1179046631
      vertex 24.3560752869 11.9821519852 12.1184835434
      vertex 24.37682724 12.0025415421 12.1194381714
    endloop
  endfacet
  facet normal -0.00930912606418 -0.998375117779 -0.0562178604305
    outer loop
      vertex 24.37682724 12.0025415421 12.1194381714
      vertex 24.3560752869 11.9821519852 12.1184835434
      vertex 24.3564586639 12.0026407242 12.1196336746
    endloop
  endfacet
  facet normal 0.998007833958 -0.0480496734381 -0.0408853702247
    outer loop
      vertex 24.4158611298 12.1044368744 12.1997976303
      vertex 24.4149913788 12.1266918182 12.2006692886
      vertex 24.4167251587 12.1061697006 12.2192182541
    endloop
  endfacet
  facet normal 0.998879849911 -0.0455758571625 -0.0127252945676
    outer loop
      vertex 24.4169712067 12.0855922699 12.2188653946
      vertex 24.4158611298 12.1044368744 12.1997976303
      vertex 24.4167251587 12.1061697006 12.2192182541
    endloop
  endfacet
  facet normal 0.999142765999 -0.0284110344946 -0.0301088448614
    outer loop
      vertex 24.4164733887 12.0834913254 12.1991319656
      vertex 24.4158611298 12.1044368744 12.1997976303
      vertex 24.4169712067 12.0855922699 12.2188653946
    endloop
  endfacet
  facet normal 0.999442338943 -0.0272653941065 -0.0192771311849
    outer loop
      vertex 24.4173774719 12.0649080276 12.2191333771
      vertex 24.4164733887 12.0834913254 12.1991319656
      vertex 24.4169712067 12.0855922699 12.2188653946
    endloop
  endfacet
  facet normal -0.175590112805 -0.965992510319 -0.189806759357
    outer loop
      vertex 24.3422088623 11.9999904633 12.1217031479
      vertex 24.3587398529 12.0211658478 12.1228590012
      vertex 24.3564586639 12.0026407242 12.1196336746
    endloop
  endfacet
  facet normal -0.173829331994 -0.984702110291 -0.0120477583259
    outer loop
      vertex 24.3773078918 12.0238189697 12.1196136475
      vertex 24.37682724 12.0025415421 12.1194381714
      vertex 24.3587398529 12.0211658478 12.1228590012
    endloop
  endfacet
  facet normal -0.00861404556781 -0.984963417053 -0.172548219562
    outer loop
      vertex 24.3564586639 12.0026407242 12.1196336746
      vertex 24.3587398529 12.0211658478 12.1228590012
      vertex 24.37682724 12.0025415421 12.1194381714
    endloop
  endfacet
  facet normal 0.998953461647 -0.00273389695212 -0.0456568971276
    outer loop
      vertex 24.417383194 12.0636167526 12.1996593475
      vertex 24.4164733887 12.0834913254 12.1991319656
      vertex 24.4173774719 12.0649080276 12.2191333771
    endloop
  endfacet
  facet normal 0.99994301796 -0.000413594592828 -0.0106685999781
    outer loop
      vertex 24.4175987244 12.0441761017 12.2192764282
      vertex 24.417383194 12.0636167526 12.1996593475
      vertex 24.4173774719 12.0649080276 12.2191333771
    endloop
  endfacet
  facet normal 0.999900877476 0.00270713074133 -0.0138171790168
    outer loop
      vertex 24.4176578522 12.0437517166 12.1996030807
      vertex 24.417383194 12.0636167526 12.1996593475
      vertex 24.4175987244 12.0441761017 12.2192764282
    endloop
  endfacet
  facet normal 0.999995350838 0.00301568605937 0.000473547290312
    outer loop
      vertex 24.4175891876 12.0234909058 12.2191905975
      vertex 24.4176578522 12.0437517166 12.1996030807
      vertex 24.4175987244 12.0441761017 12.2192764282
    endloop
  endfacet
  facet normal 0.999973714352 0.00660568568856 -0.00299722654745
    outer loop
      vertex 24.4177207947 12.0233364105 12.1993379593
      vertex 24.4176578522 12.0437517166 12.1996030807
      vertex 24.4175891876 12.0234909058 12.2191905975
    endloop
  endfacet
  facet normal 0.999977827072 0.00662360340357 -0.000698721560184
    outer loop
      vertex 24.4176101685 12.0038518906 12.2180948257
      vertex 24.4177207947 12.0233364105 12.1993379593
      vertex 24.4175891876 12.0234909058 12.2191905975
    endloop
  endfacet
  facet normal -0.0467882826924 0.994802296162 0.0904395058751
    outer loop
      vertex 24.4179458618 11.587105751 12.1393766403
      vertex 24.4396266937 11.5670251846 12.1385707855
      vertex 24.4496765137 11.5975866318 12.1418218613
    endloop
  endfacet
  facet normal 0.616106033325 0.601055145264 0.509063959122
    outer loop
      vertex 24.4572544098 11.4839582443 12.1183233261
      vertex 24.4386463165 11.4837999344 12.137263298
      vertex 24.4387130737 11.4630641937 12.1196327209
    endloop
  endfacet
  facet normal -0.596064507961 0.641390740871 0.483037292957
    outer loop
      vertex 24.3980426788 11.4222259521 12.1178255081
      vertex 24.3781833649 11.4217338562 12.0989990234
      vertex 24.3970870972 11.4005823135 12.1006374359
    endloop
  endfacet
  facet normal 0.124719545245 0.990127444267 0.063974507153
    outer loop
      vertex 24.4374923706 11.3807535172 12.1006345749
      vertex 24.4589195251 11.3795747757 12.0978593826
      vertex 24.4581203461 11.4002599716 12.0992965698
    endloop
  endfacet
  facet normal 0.521111309528 0.688920199871 0.503817439079
    outer loop
      vertex 24.4397010803 11.4023628235 12.1147670746
      vertex 24.4374923706 11.3807535172 12.1006345749
      vertex 24.4581203461 11.4002599716 12.0992965698
    endloop
  endfacet
  facet normal 0.0402015037835 0.834346711636 0.549772202969
    outer loop
      vertex 24.4397010803 11.4023628235 12.1147670746
      vertex 24.4189357758 11.4021339417 12.1156167984
      vertex 24.4374923706 11.3807535172 12.1006345749
    endloop
  endfacet
  facet normal -0.0047893980518 0.81697756052 0.576649546623
    outer loop
      vertex 24.4374923706 11.3807535172 12.1006345749
      vertex 24.4189357758 11.4021339417 12.1156167984
      vertex 24.4162998199 11.3800783157 12.1000337601
    endloop
  endfacet
  facet normal -0.476672619581 0.743802428246 0.468552231789
    outer loop
      vertex 24.4189357758 11.4021339417 12.1156167984
      vertex 24.3970870972 11.4005823135 12.1006374359
      vertex 24.4162998199 11.3800783157 12.1000337601
    endloop
  endfacet
  facet normal -0.130740523338 0.991335451603 -0.0126850157976
    outer loop
      vertex 24.3963432312 11.4630155563 12.118803978
      vertex 24.3793563843 11.4422883987 12.1168289185
      vertex 24.3978881836 11.4428663254 12.1192655563
    endloop
  endfacet
  facet normal 0.125299796462 0.990616559982 0.0545783080161
    outer loop
      vertex 24.4589195251 11.3795747757 12.0978593826
      vertex 24.4374923706 11.3807535172 12.1006345749
      vertex 24.4381809235 11.3592605591 12.099363327
    endloop
  endfacet
  facet normal -0.0271179974079 0.998920202255 0.037722542882
    outer loop
      vertex 24.4374923706 11.3807535172 12.1006345749
      vertex 24.4162998199 11.3800783157 12.1000337601
      vertex 24.4177246094 11.3593559265 12.0992898941
    endloop
  endfacet
  facet normal -0.00385922915302 0.9982406497 0.059167008847
    outer loop
      vertex 24.4381809235 11.3592605591 12.099363327
      vertex 24.4374923706 11.3807535172 12.1006345749
      vertex 24.4177246094 11.3593559265 12.0992898941
    endloop
  endfacet
  facet normal 0.749619007111 0.661690831184 -0.0153800388798
    outer loop
      vertex 24.4774951935 11.4836893082 12.0787010193
      vertex 24.4595108032 11.4839324951 12.0990695953
      vertex 24.4774227142 11.4632196426 12.0792589188
    endloop
  endfacet
  facet normal 0.739830315113 0.672783374786 0.00369438715279
    outer loop
      vertex 24.4585018158 11.4631891251 12.1000652313
      vertex 24.4774227142 11.4632196426 12.0792589188
      vertex 24.4595108032 11.4839324951 12.0990695953
    endloop
  endfacet
  facet normal -0.105412445962 0.992390096188 0.0636402890086
    outer loop
      vertex 24.3784770966 11.4837751389 12.1182374954
      vertex 24.3963432312 11.4630155563 12.118803978
      vertex 24.398273468 11.4837760925 12.1203403473
    endloop
  endfacet
  facet normal 0.739732444286 0.672674179077 0.0174757502973
    outer loop
      vertex 24.4585018158 11.4631891251 12.1000652313
      vertex 24.4586448669 11.4422636032 12.0993642807
      vertex 24.4774227142 11.4632196426 12.0792589188
    endloop
  endfacet
  facet normal 0.745802044868 0.665500938892 0.0297964885831
    outer loop
      vertex 24.4774227142 11.4632196426 12.0792589188
      vertex 24.4586448669 11.4422636032 12.0993642807
      vertex 24.4772129059 11.441652298 12.0785284042
    endloop
  endfacet
  facet normal 0.746499359608 0.665372610092 0.00423959922045
    outer loop
      vertex 24.4586448669 11.4422636032 12.0993642807
      vertex 24.459186554 11.4208984375 12.0986204147
      vertex 24.4772129059 11.441652298 12.0785284042
    endloop
  endfacet
  facet normal 0.724931120872 0.687865793705 -0.03626999259
    outer loop
      vertex 24.4772129059 11.441652298 12.0785284042
      vertex 24.459186554 11.4208984375 12.0986204147
      vertex 24.4780902863 11.4209871292 12.0786933899
    endloop
  endfacet
  facet normal 0.725352883339 0.688178122044 -0.0165552571416
    outer loop
      vertex 24.4780902863 11.4209871292 12.0786933899
      vertex 24.459186554 11.4208984375 12.0986204147
      vertex 24.4776000977 11.4008789062 12.0796937943
    endloop
  endfacet
  facet normal -0.105588950217 0.994035243988 0.0272928625345
    outer loop
      vertex 24.398273468 11.4837760925 12.1203403473
      vertex 24.3958797455 11.5045337677 12.1206560135
      vertex 24.3784770966 11.4837751389 12.1182374954
    endloop
  endfacet
  facet normal -0.191576212645 0.980381071568 -0.0463839136064
    outer loop
      vertex 24.3958797455 11.5045337677 12.1206560135
      vertex 24.3775081635 11.5045261383 12.1170663834
      vertex 24.3784770966 11.4837751389 12.1182374954
    endloop
  endfacet
  facet normal -0.623151779175 0.776461422443 0.0937524288893
    outer loop
      vertex 24.4164142609 11.505068779 12.1374702454
      vertex 24.398273468 11.4837760925 12.1203403473
      vertex 24.4194889069 11.4838266373 12.1373729706
    endloop
  endfacet
  facet normal -0.629960358143 0.772029101849 0.084385946393
    outer loop
      vertex 24.3958797455 11.5045337677 12.1206560135
      vertex 24.398273468 11.4837760925 12.1203403473
      vertex 24.4164142609 11.505068779 12.1374702454
    endloop
  endfacet
  facet normal -0.583973586559 0.658423542976 0.47481918335
    outer loop
      vertex 24.3985614777 11.5252828598 12.1379976273
      vertex 24.3779678345 11.52526474 12.1197195053
      vertex 24.3958797455 11.5045337677 12.1206560135
    endloop
  endfacet
  facet normal -0.190320253372 0.974307835102 0.120426140726
    outer loop
      vertex 24.3779678345 11.52526474 12.1197195053
      vertex 24.3775081635 11.5045261383 12.1170663834
      vertex 24.3958797455 11.5045337677 12.1206560135
    endloop
  endfacet
  facet normal -0.54215079546 0.677904248238 0.496506124735
    outer loop
      vertex 24.4164142609 11.505068779 12.1374702454
      vertex 24.3985614777 11.5252828598 12.1379976273
      vertex 24.3958797455 11.5045337677 12.1206560135
    endloop
  endfacet
  facet normal -0.662943601608 0.746976912022 0.0503115914762
    outer loop
      vertex 24.3970813751 11.5462017059 12.1380929947
      vertex 24.3779678345 11.52526474 12.1197195053
      vertex 24.3985614777 11.5252828598 12.1379976273
    endloop
  endfacet
  facet normal -0.677646994591 0.734916687012 0.0263051502407
    outer loop
      vertex 24.3764820099 11.546169281 12.1190977097
      vertex 24.3779678345 11.52526474 12.1197195053
      vertex 24.3970813751 11.5462017059 12.1380929947
    endloop
  endfacet
  facet normal -0.0980884283781 0.993274748325 0.0615140683949
    outer loop
      vertex 24.3572044373 11.5667915344 12.1184711456
      vertex 24.3764820099 11.546169281 12.1190977097
      vertex 24.3774299622 11.5669555664 12.1204786301
    endloop
  endfacet
  facet normal -0.677779853344 0.735046446323 0.017922250554
    outer loop
      vertex 24.3764820099 11.546169281 12.1190977097
      vertex 24.3970813751 11.5462017059 12.1380929947
      vertex 24.3774299622 11.5669555664 12.1204786301
    endloop
  endfacet
  facet normal -0.66529083252 0.746575176716 -0.00368805439211
    outer loop
      vertex 24.3974094391 11.5669631958 12.1382827759
      vertex 24.3774299622 11.5669555664 12.1204786301
      vertex 24.3970813751 11.5462017059 12.1380929947
    endloop
  endfacet
  facet normal -0.0989857390523 0.994505882263 -0.0340574011207
    outer loop
      vertex 24.3761901855 11.5875244141 12.1196508408
      vertex 24.3572044373 11.5667915344 12.1184711456
      vertex 24.3774299622 11.5669555664 12.1204786301
    endloop
  endfacet
  facet normal -0.664937317371 0.746193945408 0.0324494242668
    outer loop
      vertex 24.3961906433 11.5877275467 12.1380996704
      vertex 24.3774299622 11.5669555664 12.1204786301
      vertex 24.3974094391 11.5669631958 12.1382827759
    endloop
  endfacet
  facet normal -0.677914500237 0.735054254532 0.0112789114937
    outer loop
      vertex 24.3761901855 11.5875244141 12.1196508408
      vertex 24.3774299622 11.5669555664 12.1204786301
      vertex 24.3961906433 11.5877275467 12.1380996704
    endloop
  endfacet
  facet normal -0.780453443527 0.0448954962194 -0.623599886894
    outer loop
      vertex 24.4171237946 11.6716718674 12.1760549545
      vertex 24.4154415131 11.670753479 12.1595668793
      vertex 24.3992328644 11.6505784988 12.1580305099
    endloop
  endfacet
  facet normal -0.566800534725 0.639757096767 0.519083857536
    outer loop
      vertex 24.3761901855 11.5875244141 12.1196508408
      vertex 24.3779735565 11.6082677841 12.1380615234
      vertex 24.3566608429 11.608341217 12.1192388535
    endloop
  endfacet
  facet normal -0.579334080219 0.633702993393 0.512633025646
    outer loop
      vertex 24.3961906433 11.5877275467 12.1380996704
      vertex 24.3779735565 11.6082677841 12.1380615234
      vertex 24.3761901855 11.5875244141 12.1196508408
    endloop
  endfacet
  facet normal 0.0249006990343 0.749480843544 0.661557614803
    outer loop
      vertex 24.4171237946 11.6716718674 12.1760549545
      vertex 24.3992328644 11.6505784988 12.1580305099
      vertex 24.4212627411 11.6526231766 12.1591033936
    endloop
  endfacet
  facet normal -0.0245712120086 0.969471871853 0.24396827817
    outer loop
      vertex 24.3992328644 11.6505784988 12.1580305099
      vertex 24.4240055084 11.6321706772 12.1540260315
      vertex 24.4212627411 11.6526231766 12.1591033936
    endloop
  endfacet
  facet normal -0.661334693432 0.748640477657 0.0466251149774
    outer loop
      vertex 24.3750629425 11.6290330887 12.1367835999
      vertex 24.3566608429 11.608341217 12.1192388535
      vertex 24.3779735565 11.6082677841 12.1380615234
    endloop
  endfacet
  facet normal -0.684415400028 0.729030787945 0.00947139598429
    outer loop
      vertex 24.3553562164 11.6288423538 12.1182804108
      vertex 24.3566608429 11.608341217 12.1192388535
      vertex 24.3750629425 11.6290330887 12.1367835999
    endloop
  endfacet
  facet normal 0.884557843208 -0.0304783787578 -0.465433716774
    outer loop
      vertex 24.4637565613 11.7023878098 12.1468544006
      vertex 24.4579086304 11.7117986679 12.1208457947
      vertex 24.4564495087 11.7160482407 12.1433935165
    endloop
  endfacet
  facet normal -0.295910984278 0.769709169865 0.565671741962
    outer loop
      vertex 24.4240055084 11.6321706772 12.1540260315
      vertex 24.3992328644 11.6505784988 12.1580305099
      vertex 24.3966503143 11.6283340454 12.1406898499
    endloop
  endfacet
  facet normal -0.684487938881 0.72902315855 0.00122997385915
    outer loop
      vertex 24.3553562164 11.6288423538 12.1182804108
      vertex 24.3750629425 11.6290330887 12.1367835999
      vertex 24.3567752838 11.65026474 12.1196489334
    endloop
  endfacet
  facet normal -0.686851143837 0.726780354977 0.00507549243048
    outer loop
      vertex 24.377538681 11.6505584717 12.1392736435
      vertex 24.3567752838 11.65026474 12.1196489334
      vertex 24.3750629425 11.6290330887 12.1367835999
    endloop
  endfacet
  facet normal -0.0320730619133 0.99734377861 0.0653967112303
    outer loop
      vertex 24.3966503143 11.6283340454 12.1406898499
      vertex 24.3980693817 11.6074943542 12.1393690109
      vertex 24.4200992584 11.6087036133 12.1401567459
    endloop
  endfacet
  facet normal -0.344750642776 0.832126915455 0.434409707785
    outer loop
      vertex 24.4240055084 11.6321706772 12.1540260315
      vertex 24.3966503143 11.6283340454 12.1406898499
      vertex 24.4200992584 11.6087036133 12.1401567459
    endloop
  endfacet
  facet normal -0.983577728271 0.179754808545 0.0162208545953
    outer loop
      vertex 24.3567752838 11.65026474 12.1196489334
      vertex 24.3594818115 11.6705255508 12.1362867355
      vertex 24.35638237 11.6705389023 12.1193284988
    endloop
  endfacet
  facet normal -0.608892202377 0.651006579399 0.453255683184
    outer loop
      vertex 24.377538681 11.6505584717 12.1392736435
      vertex 24.3594818115 11.6705255508 12.1362867355
      vertex 24.3567752838 11.65026474 12.1196489334
    endloop
  endfacet
  facet normal 0.998615860939 0.0406099371612 -0.0334235914052
    outer loop
      vertex 24.4184780121 12.0017299652 12.1985006332
      vertex 24.4177207947 12.0233364105 12.1993379593
      vertex 24.4176101685 12.0038518906 12.2180948257
    endloop
  endfacet
  facet normal -0.0339232645929 0.998889446259 0.0326972305775
    outer loop
      vertex 24.4200992584 11.6087036133 12.1401567459
      vertex 24.3980693817 11.6074943542 12.1393690109
      vertex 24.4179458618 11.587105751 12.1393766403
    endloop
  endfacet
  facet normal -0.980430364609 0.179256394506 -0.0813844501972
    outer loop
      vertex 24.3594818115 11.6705255508 12.1362867355
      vertex 24.3581199646 11.6905851364 12.1197309494
      vertex 24.35638237 11.6705389023 12.1193284988
    endloop
  endfacet
  facet normal -0.596071958542 0.638657391071 -0.48663637042
    outer loop
      vertex 24.3594818115 11.6705255508 12.1362867355
      vertex 24.3776741028 11.6903896332 12.138130188
      vertex 24.3581199646 11.6905851364 12.1197309494
    endloop
  endfacet
  facet normal 0.996812820435 0.0508101470768 0.0615026503801
    outer loop
      vertex 24.4184780121 12.0017299652 12.1985006332
      vertex 24.4176101685 12.0038518906 12.2180948257
      vertex 24.4162750244 11.9831609726 12.2192430496
    endloop
  endfacet
  facet normal 0.689717650414 0.522246003151 -0.501546263695
    outer loop
      vertex 24.4333381653 11.9801425934 12.1996068954
      vertex 24.4184780121 12.0017299652 12.1985006332
      vertex 24.4162750244 11.9831609726 12.2192430496
    endloop
  endfacet
  facet normal -0.6852902174 0.728254556656 0.00475637661293
    outer loop
      vertex 24.3752708435 11.7120485306 12.13601017
      vertex 24.3581199646 11.6905851364 12.1197309494
      vertex 24.3776741028 11.6903896332 12.138130188
    endloop
  endfacet
  facet normal -0.68339663744 0.730007767677 0.00759926112369
    outer loop
      vertex 24.3561038971 11.7120246887 12.1180667877
      vertex 24.3581199646 11.6905851364 12.1197309494
      vertex 24.3752708435 11.7120485306 12.13601017
    endloop
  endfacet
  facet normal 0.756489753723 0.653529822826 -0.0249410849065
    outer loop
      vertex 24.4162750244 11.9831609726 12.2192430496
      vertex 24.4180831909 11.9604282379 12.2180175781
      vertex 24.4333381653 11.9801425934 12.1996068954
    endloop
  endfacet
  facet normal -0.682284533978 0.728885054588 0.0566957108676
    outer loop
      vertex 24.3561038971 11.7120246887 12.1180667877
      vertex 24.3752708435 11.7120485306 12.13601017
      vertex 24.356546402 11.7337217331 12.1201686859
    endloop
  endfacet
  facet normal -0.670153856277 0.741292059422 0.0371468812227
    outer loop
      vertex 24.3776893616 11.73371315 12.1392822266
      vertex 24.356546402 11.7337217331 12.1201686859
      vertex 24.3752708435 11.7120485306 12.13601017
    endloop
  endfacet
  facet normal -0.912777900696 0.394058376551 0.107491798699
    outer loop
      vertex 24.356546402 11.7337217331 12.1201686859
      vertex 24.3608913422 11.7540330887 12.1357736588
      vertex 24.3542938232 11.7536678314 12.1203918457
    endloop
  endfacet
  facet normal -0.616961479187 0.682292521 0.39221855998
    outer loop
      vertex 24.3776893616 11.73371315 12.1392822266
      vertex 24.3608913422 11.7540330887 12.1357736588
      vertex 24.356546402 11.7337217331 12.1201686859
    endloop
  endfacet
  facet normal -0.688084304333 0.612937390804 0.388391137123
    outer loop
      vertex 24.3393764496 11.7746686935 12.1169528961
      vertex 24.3542938232 11.7536678314 12.1203918457
      vertex 24.3563785553 11.7743816376 12.1358575821
    endloop
  endfacet
  facet normal -0.898558080196 0.39017701149 0.200886338949
    outer loop
      vertex 24.3542938232 11.7536678314 12.1203918457
      vertex 24.3608913422 11.7540330887 12.1357736588
      vertex 24.3563785553 11.7743816376 12.1358575821
    endloop
  endfacet
  facet normal -0.742374420166 0.666647136211 0.0667962953448
    outer loop
      vertex 24.3393764496 11.7746686935 12.1169528961
      vertex 24.3563785553 11.7743816376 12.1358575821
      vertex 24.3399143219 11.7961120605 12.1197004318
    endloop
  endfacet
  facet normal -0.68960249424 0.724014818668 -0.0158411599696
    outer loop
      vertex 24.3587799072 11.7951431274 12.1376905441
      vertex 24.3399143219 11.7961120605 12.1197004318
      vertex 24.3563785553 11.7743816376 12.1358575821
    endloop
  endfacet
  facet normal -0.690239191055 0.723564565182 0.0049148099497
    outer loop
      vertex 24.355670929 11.8173055649 12.1348752975
      vertex 24.3399143219 11.7961120605 12.1197004318
      vertex 24.3587799072 11.7951431274 12.1376905441
    endloop
  endfacet
  facet normal -0.682155251503 0.731026351452 0.0162676870823
    outer loop
      vertex 24.3378620148 11.8165168762 12.1182394028
      vertex 24.3399143219 11.7961120605 12.1197004318
      vertex 24.355670929 11.8173055649 12.1348752975
    endloop
  endfacet
  facet normal -0.68227314949 0.730986058712 0.012755275704
    outer loop
      vertex 24.3378620148 11.8165168762 12.1182394028
      vertex 24.355670929 11.8173055649 12.1348752975
      vertex 24.338886261 11.8373708725 12.119559288
    endloop
  endfacet
  facet normal -0.684693813324 0.728642463684 0.0165690165013
    outer loop
      vertex 24.3579425812 11.838051796 12.1374816895
      vertex 24.338886261 11.8373708725 12.119559288
      vertex 24.355670929 11.8173055649 12.1348752975
    endloop
  endfacet
  facet normal -0.68443864584 0.728665173054 0.0243063848466
    outer loop
      vertex 24.3556289673 11.8584575653 12.1359891891
      vertex 24.338886261 11.8373708725 12.119559288
      vertex 24.3579425812 11.838051796 12.1374816895
    endloop
  endfacet
  facet normal -0.696936428547 0.717112720013 0.0053820097819
    outer loop
      vertex 24.3375797272 11.8580141068 12.1184444427
      vertex 24.338886261 11.8373708725 12.119559288
      vertex 24.3556289673 11.8584575653 12.1359891891
    endloop
  endfacet
  facet normal -0.69687217474 0.717138588428 0.00902319140732
    outer loop
      vertex 24.3375797272 11.8580141068 12.1184444427
      vertex 24.3556289673 11.8584575653 12.1359891891
      vertex 24.3395996094 11.8782405853 12.1206617355
    endloop
  endfacet
  facet normal -0.705020964146 0.708843529224 0.022052668035
    outer loop
      vertex 24.3564853668 11.8781328201 12.1374530792
      vertex 24.3395996094 11.8782405853 12.1206617355
      vertex 24.3556289673 11.8584575653 12.1359891891
    endloop
  endfacet
  facet normal -0.704935848713 0.708720088005 0.0279525686055
    outer loop
      vertex 24.3565940857 11.898724556 12.1383733749
      vertex 24.3395996094 11.8782405853 12.1206617355
      vertex 24.3564853668 11.8781328201 12.1374530792
    endloop
  endfacet
  facet normal -0.744501829147 0.666327595711 -0.0415281616151
    outer loop
      vertex 24.3381958008 11.898979187 12.1178007126
      vertex 24.3395996094 11.8782405853 12.1206617355
      vertex 24.3565940857 11.898724556 12.1383733749
    endloop
  endfacet
  facet normal -0.745401084423 0.666415214539 0.0163707770407
    outer loop
      vertex 24.3381958008 11.898979187 12.1178007126
      vertex 24.3565940857 11.898724556 12.1383733749
      vertex 24.3408432007 11.9197092056 12.1212711334
    endloop
  endfacet
  facet normal -0.75792658329 0.651223182678 0.0381536260247
    outer loop
      vertex 24.3569602966 11.9202613831 12.1400613785
      vertex 24.3408432007 11.9197092056 12.1212711334
      vertex 24.3565940857 11.898724556 12.1383733749
    endloop
  endfacet
  facet normal -0.75902736187 0.651058614254 0.000420450232923
    outer loop
      vertex 24.3557033539 11.9402980804 12.1386089325
      vertex 24.3408432007 11.9197092056 12.1212711334
      vertex 24.3569602966 11.9202613831 12.1400613785
    endloop
  endfacet
  facet normal -0.805678486824 0.585741877556 -0.0882532149553
    outer loop
      vertex 24.3407421112 11.9388132095 12.1182537079
      vertex 24.3408432007 11.9197092056 12.1212711334
      vertex 24.3557033539 11.9402980804 12.1386089325
    endloop
  endfacet
  facet normal -0.806430995464 0.588575839996 -0.0569868385792
    outer loop
      vertex 24.3407421112 11.9388132095 12.1182537079
      vertex 24.3557033539 11.9402980804 12.1386089325
      vertex 24.3440704346 11.9611406326 12.1206521988
    endloop
  endfacet
  facet normal -0.832071006298 0.554509043694 -0.0133263533935
    outer loop
      vertex 24.3569374084 11.9604454041 12.1399765015
      vertex 24.3440704346 11.9611406326 12.1206521988
      vertex 24.3557033539 11.9402980804 12.1386089325
    endloop
  endfacet
  facet normal -0.832495987415 0.553927838802 0.010694927536
    outer loop
      vertex 24.3562011719 11.9809560776 12.1392660141
      vertex 24.3440704346 11.9611406326 12.1206521988
      vertex 24.3569374084 11.9604454041 12.1399765015
    endloop
  endfacet
  facet normal -0.753496825695 0.641983568668 0.141773164272
    outer loop
      vertex 24.3406448364 11.9818992615 12.1212158203
      vertex 24.3440704346 11.9611406326 12.1206521988
      vertex 24.3562011719 11.9809560776 12.1392660141
    endloop
  endfacet
  facet normal -0.755400300026 0.65352499485 -0.0477022081614
    outer loop
      vertex 24.3406448364 11.9818992615 12.1212158203
      vertex 24.3562011719 11.9809560776 12.1392660141
      vertex 24.3422088623 11.9999904633 12.1217031479
    endloop
  endfacet
  facet normal -0.761359155178 0.647243440151 -0.0375259146094
    outer loop
      vertex 24.3573417664 12.0026006699 12.1393527985
      vertex 24.3422088623 11.9999904633 12.1217031479
      vertex 24.3562011719 11.9809560776 12.1392660141
    endloop
  endfacet
  facet normal -0.688941895962 0.515321493149 -0.50970852375
    outer loop
      vertex 24.3422088623 11.9999904633 12.1217031479
      vertex 24.3573417664 12.0026006699 12.1393527985
      vertex 24.3587398529 12.0211658478 12.1228590012
    endloop
  endfacet
  facet normal -0.995831668377 0.0165490657091 -0.0896960049868
    outer loop
      vertex 24.3573417664 12.0026006699 12.1393527985
      vertex 24.3592376709 12.023352623 12.1409626007
      vertex 24.3587398529 12.0211658478 12.1228590012
    endloop
  endfacet
  facet normal 0.705661714077 0.700280249119 -0.107930794358
    outer loop
      vertex 24.4333381653 11.9801425934 12.1996068954
      vertex 24.4180831909 11.9604282379 12.2180175781
      vertex 24.4365634918 11.9604473114 12.1993923187
    endloop
  endfacet
  facet normal -0.999598622322 0.0280047934502 0.00428333692253
    outer loop
      vertex 24.3590927124 12.0441064835 12.1389627457
      vertex 24.3587398529 12.0211658478 12.1228590012
      vertex 24.3592376709 12.023352623 12.1409626007
    endloop
  endfacet
  facet normal 0.975775837898 0.217595219612 -0.0226675793529
    outer loop
      vertex 24.4365634918 11.9604473114 12.1993923187
      vertex 24.4335765839 11.9402523041 12.21489048
      vertex 24.4376049042 11.9403076172 12.1968202591
    endloop
  endfacet
  facet normal 0.65056180954 0.645907759666 -0.399465322495
    outer loop
      vertex 24.4365634918 11.9604473114 12.1993923187
      vertex 24.4180831909 11.9604282379 12.2180175781
      vertex 24.4335765839 11.9402523041 12.21489048
    endloop
  endfacet
  facet normal 0.975677371025 0.217585459352 -0.0266507621855
    outer loop
      vertex 24.4335765839 11.9402523041 12.21489048
      vertex 24.4374141693 11.9194784164 12.2002267838
      vertex 24.4376049042 11.9403076172 12.1968202591
    endloop
  endfacet
  facet normal 0.650277733803 0.672045409679 0.35425105691
    outer loop
      vertex 24.4374141693 11.9194784164 12.2002267838
      vertex 24.4335765839 11.9402523041 12.21489048
      vertex 24.4180030823 11.9191894531 12.2188568115
    endloop
  endfacet
  facet normal 0.993379771709 0.11314163357 -0.0198909640312
    outer loop
      vertex 24.4374141693 11.9194784164 12.2002267838
      vertex 24.435880661 11.8998966217 12.217133522
      vertex 24.4380187988 11.8984174728 12.1986207962
    endloop
  endfacet
  facet normal 0.597016513348 0.629755198956 -0.496970444918
    outer loop
      vertex 24.4374141693 11.9194784164 12.2002267838
      vertex 24.4180030823 11.9191894531 12.2188568115
      vertex 24.435880661 11.8998966217 12.217133522
    endloop
  endfacet
  facet normal 0.9931396842 0.115926757455 0.0153142176569
    outer loop
      vertex 24.4356155396 11.8801765442 12.216799736
      vertex 24.4380187988 11.8984174728 12.1986207962
      vertex 24.435880661 11.8998966217 12.217133522
    endloop
  endfacet
  facet normal 0.990495741367 0.137393176556 -0.00642757443711
    outer loop
      vertex 24.4380054474 11.8777246475 12.1996850967
      vertex 24.4380187988 11.8984174728 12.1986207962
      vertex 24.4356155396 11.8801765442 12.216799736
    endloop
  endfacet
  facet normal -0.0477058961987 0.997170627117 0.0580940134823
    outer loop
      vertex 24.3981170654 11.836640358 12.2183675766
      vertex 24.4176864624 11.81665802 12.2181396484
      vertex 24.4177284241 11.8366107941 12.2193040848
    endloop
  endfacet
  facet normal -0.529062271118 0.666111409664 0.525726854801
    outer loop
      vertex 24.4176864624 11.81665802 12.2181396484
      vertex 24.3981170654 11.836640358 12.2183675766
      vertex 24.3967838287 11.8153028488 12.2004680634
    endloop
  endfacet
  facet normal -0.0345633029938 0.997629344463 0.0595067813993
    outer loop
      vertex 24.3967838287 11.8153028488 12.2004680634
      vertex 24.3983020782 11.7940998077 12.1992559433
      vertex 24.4182548523 11.7959089279 12.2000551224
    endloop
  endfacet
  facet normal 0.709478080273 0.704596877098 0.0135684804991
    outer loop
      vertex 24.4581203461 11.4002599716 12.0992965698
      vertex 24.4776000977 11.4008789062 12.0796937943
      vertex 24.459186554 11.4208984375 12.0986204147
    endloop
  endfacet
  facet normal 0.70950460434 0.704371929169 0.0215271357447
    outer loop
      vertex 24.4581203461 11.4002599716 12.0992965698
      vertex 24.4589195251 11.3795747757 12.0978593826
      vertex 24.4776000977 11.4008789062 12.0796937943
    endloop
  endfacet
  facet normal -0.060156378895 0.996486604214 0.0582723170519
    outer loop
      vertex 24.3961906433 11.5877275467 12.1380996704
      vertex 24.4179458618 11.587105751 12.1393766403
      vertex 24.3980693817 11.6074943542 12.1393690109
    endloop
  endfacet
  facet normal 0.0342554152012 0.999408245087 0.00312210503034
    outer loop
      vertex 24.4179458618 11.587105751 12.1393766403
      vertex 24.417640686 11.5660505295 12.1393213272
      vertex 24.4396266937 11.5670251846 12.1385707855
    endloop
  endfacet
  facet normal -0.0673856586218 0.994061172009 0.0854488536716
    outer loop
      vertex 24.3985614777 11.5252828598 12.1379976273
      vertex 24.4164142609 11.505068779 12.1374702454
      vertex 24.4181423187 11.5248298645 12.1392860413
    endloop
  endfacet
  facet normal -0.0584423914552 0.998276352882 -0.00537264812738
    outer loop
      vertex 24.4179458618 11.587105751 12.1393766403
      vertex 24.3961906433 11.5877275467 12.1380996704
      vertex 24.3974094391 11.5669631958 12.1382827759
    endloop
  endfacet
  facet normal -0.0513508617878 0.998678922653 0.00187940569595
    outer loop
      vertex 24.417640686 11.5660505295 12.1393213272
      vertex 24.4179458618 11.587105751 12.1393766403
      vertex 24.3974094391 11.5669631958 12.1382827759
    endloop
  endfacet
  facet normal -0.0657243803144 0.997833549976 0.00291022844613
    outer loop
      vertex 24.4181423187 11.5248298645 12.1392860413
      vertex 24.4176845551 11.5453052521 12.1393156052
      vertex 24.3985614777 11.5252828598 12.1379976273
    endloop
  endfacet
  facet normal -0.0596146322787 0.998182952404 0.00876855291426
    outer loop
      vertex 24.4176845551 11.5453052521 12.1393156052
      vertex 24.3970813751 11.5462017059 12.1380929947
      vertex 24.3985614777 11.5252828598 12.1379976273
    endloop
  endfacet
  facet normal 0.0346096418798 0.999338507652 0.0111662689596
    outer loop
      vertex 24.4396266937 11.5670251846 12.1385707855
      vertex 24.417640686 11.5660505295 12.1393213272
      vertex 24.4388847351 11.5460338593 12.1383619308
    endloop
  endfacet
  facet normal 0.0449449680746 0.998989462852 0.000180472998181
    outer loop
      vertex 24.4176845551 11.5453052521 12.1393156052
      vertex 24.4388847351 11.5460338593 12.1383619308
      vertex 24.417640686 11.5660505295 12.1393213272
    endloop
  endfacet
  facet normal -0.0592540949583 0.998242855072 0.000400612188969
    outer loop
      vertex 24.4176845551 11.5453052521 12.1393156052
      vertex 24.417640686 11.5660505295 12.1393213272
      vertex 24.3970813751 11.5462017059 12.1380929947
    endloop
  endfacet
  facet normal -0.0516386330128 0.998631238937 0.00831270311028
    outer loop
      vertex 24.417640686 11.5660505295 12.1393213272
      vertex 24.3974094391 11.5669631958 12.1382827759
      vertex 24.3970813751 11.5462017059 12.1380929947
    endloop
  endfacet
  facet normal 0.0449789501727 0.998987257481 0.00117220263928
    outer loop
      vertex 24.4388847351 11.5460338593 12.1383619308
      vertex 24.4176845551 11.5453052521 12.1393156052
      vertex 24.4384918213 11.5252695084 12.1383552551
    endloop
  endfacet
  facet normal 0.04570107162 0.998955070972 0.0004207349848
    outer loop
      vertex 24.4181423187 11.5248298645 12.1392860413
      vertex 24.4384918213 11.5252695084 12.1383552551
      vertex 24.4176845551 11.5453052521 12.1393156052
    endloop
  endfacet
  facet normal 0.0453892461956 0.998873531818 -0.0138396052644
    outer loop
      vertex 24.4384918213 11.5252695084 12.1383552551
      vertex 24.4181423187 11.5248298645 12.1392860413
      vertex 24.4373626709 11.5045375824 12.1386938095
    endloop
  endfacet
  facet normal -0.0602684244514 0.994461238384 0.0861079990864
    outer loop
      vertex 24.4164142609 11.505068779 12.1374702454
      vertex 24.4373626709 11.5045375824 12.1386938095
      vertex 24.4181423187 11.5248298645 12.1392860413
    endloop
  endfacet
  facet normal -0.0586341023445 0.998194158077 0.0130580123514
    outer loop
      vertex 24.4373626709 11.5045375824 12.1386938095
      vertex 24.4164142609 11.505068779 12.1374702454
      vertex 24.4194889069 11.4838266373 12.1373729706
    endloop
  endfacet
  facet normal -0.0670246705413 0.996087670326 0.0575939044356
    outer loop
      vertex 24.3779735565 11.6082677841 12.1380615234
      vertex 24.3961906433 11.5877275467 12.1380996704
      vertex 24.3980693817 11.6074943542 12.1393690109
    endloop
  endfacet
  facet normal 0.00561582949013 0.997637331486 0.0684708580375
    outer loop
      vertex 24.4386463165 11.4837999344 12.137263298
      vertex 24.4373626709 11.5045375824 12.1386938095
      vertex 24.4194889069 11.4838266373 12.1373729706
    endloop
  endfacet
  facet normal 0.861794710159 -0.507222771645 0.00591222010553
    outer loop
      vertex 24.4583129883 11.6494007111 12.1193752289
      vertex 24.4585647583 11.6701450348 12.1195611954
      vertex 24.4699420929 11.6500682831 12.139125824
    endloop
  endfacet
  facet normal -0.0673700124025 0.995429992676 0.0676789432764
    outer loop
      vertex 24.3980693817 11.6074943542 12.1393690109
      vertex 24.3966503143 11.6283340454 12.1406898499
      vertex 24.3779735565 11.6082677841 12.1380615234
    endloop
  endfacet
  facet normal -0.17682428658 0.98359310627 -0.0357465259731
    outer loop
      vertex 24.3966503143 11.6283340454 12.1406898499
      vertex 24.3750629425 11.6290330887 12.1367835999
      vertex 24.3779735565 11.6082677841 12.1380615234
    endloop
  endfacet
  facet normal 0.782593131065 -0.601279675961 -0.161278516054
    outer loop
      vertex 24.4739952087 11.6280221939 12.1384878159
      vertex 24.4589519501 11.6289949417 12.1191692352
      vertex 24.4699420929 11.6500682831 12.139125824
    endloop
  endfacet
  facet normal 0.860804319382 -0.507923901081 -0.0320814624429
    outer loop
      vertex 24.4583129883 11.6494007111 12.1193752289
      vertex 24.4699420929 11.6500682831 12.139125824
      vertex 24.4589519501 11.6289949417 12.1191692352
    endloop
  endfacet
  facet normal -0.581459581852 0.673003733158 0.457133203745
    outer loop
      vertex 24.3992328644 11.6505784988 12.1580305099
      vertex 24.377538681 11.6505584717 12.1392736435
      vertex 24.3966503143 11.6283340454 12.1406898499
    endloop
  endfacet
  facet normal -0.180196106434 0.97926646471 0.0925556793809
    outer loop
      vertex 24.377538681 11.6505584717 12.1392736435
      vertex 24.3750629425 11.6290330887 12.1367835999
      vertex 24.3966503143 11.6283340454 12.1406898499
    endloop
  endfacet
  facet normal 0.771137595177 -0.632630825043 -0.071589499712
    outer loop
      vertex 24.4758644104 11.6082248688 12.1385259628
      vertex 24.460105896 11.6083068848 12.1193265915
      vertex 24.4739952087 11.6280221939 12.1384878159
    endloop
  endfacet
  facet normal -0.171890884638 0.985082805157 0.00808616261929
    outer loop
      vertex 24.3594818115 11.6705255508 12.1362867355
      vertex 24.377538681 11.6505584717 12.1392736435
      vertex 24.376832962 11.6705560684 12.1393146515
    endloop
  endfacet
  facet normal -0.579495429993 0.669748902321 -0.464350551367
    outer loop
      vertex 24.3992328644 11.6505784988 12.1580305099
      vertex 24.3963890076 11.6711339951 12.1413183212
      vertex 24.377538681 11.6505584717 12.1392736435
    endloop
  endfacet
  facet normal -0.101758003235 0.994793236256 0.00563107151538
    outer loop
      vertex 24.3963890076 11.6711339951 12.1413183212
      vertex 24.376832962 11.6705560684 12.1393146515
      vertex 24.377538681 11.6505584717 12.1392736435
    endloop
  endfacet
  facet normal -0.614978373051 0.651340126991 -0.444474637508
    outer loop
      vertex 24.3992328644 11.6505784988 12.1580305099
      vertex 24.4154415131 11.670753479 12.1595668793
      vertex 24.3963890076 11.6711339951 12.1413183212
    endloop
  endfacet
  facet normal -0.17164824903 0.98294621706 -0.0659814551473
    outer loop
      vertex 24.3776741028 11.6903896332 12.138130188
      vertex 24.3594818115 11.6705255508 12.1362867355
      vertex 24.376832962 11.6705560684 12.1393146515
    endloop
  endfacet
  facet normal -0.103579439223 0.992581188679 -0.0636700615287
    outer loop
      vertex 24.376832962 11.6705560684 12.1393146515
      vertex 24.3963890076 11.6711339951 12.1413183212
      vertex 24.3776741028 11.6903896332 12.138130188
    endloop
  endfacet
  facet normal -0.157985344529 0.987391471863 -0.00993267633021
    outer loop
      vertex 24.3971405029 11.6917142868 12.1412315369
      vertex 24.3776741028 11.6903896332 12.138130188
      vertex 24.3963890076 11.6711339951 12.1413183212
    endloop
  endfacet
  facet normal -0.691677212715 0.72146910429 0.0326328873634
    outer loop
      vertex 24.4145584106 11.6899986267 12.1595907211
      vertex 24.3963890076 11.6711339951 12.1413183212
      vertex 24.4154415131 11.670753479 12.1595668793
    endloop
  endfacet
  facet normal -0.723776817322 0.68941026926 -0.0293361283839
    outer loop
      vertex 24.3971405029 11.6917142868 12.1412315369
      vertex 24.3963890076 11.6711339951 12.1413183212
      vertex 24.4145584106 11.6899986267 12.1595907211
    endloop
  endfacet
  facet normal -0.152066633105 0.985669732094 0.073013342917
    outer loop
      vertex 24.3971405029 11.6917142868 12.1412315369
      vertex 24.3944988251 11.711687088 12.1423034668
      vertex 24.3776741028 11.6903896332 12.138130188
    endloop
  endfacet
  facet normal -0.309533685446 0.949084043503 -0.0585526078939
    outer loop
      vertex 24.3944988251 11.711687088 12.1423034668
      vertex 24.3752708435 11.7120485306 12.13601017
      vertex 24.3776741028 11.6903896332 12.138130188
    endloop
  endfacet
  facet normal -0.725926339626 0.677806198597 0.1166607216
    outer loop
      vertex 24.4113140106 11.7095775604 12.159485817
      vertex 24.3971405029 11.6917142868 12.1412315369
      vertex 24.4145584106 11.6899986267 12.1595907211
    endloop
  endfacet
  facet normal -0.716516554356 0.685056447983 0.131535843015
    outer loop
      vertex 24.3944988251 11.711687088 12.1423034668
      vertex 24.3971405029 11.6917142868 12.1412315369
      vertex 24.4113140106 11.7095775604 12.159485817
    endloop
  endfacet
  facet normal -0.668264448643 0.609611272812 0.426376223564
    outer loop
      vertex 24.3965873718 11.7328519821 12.1593961716
      vertex 24.3776893616 11.73371315 12.1392822266
      vertex 24.3944988251 11.711687088 12.1423034668
    endloop
  endfacet
  facet normal -0.311077237129 0.944241464138 0.107884138823
    outer loop
      vertex 24.3776893616 11.73371315 12.1392822266
      vertex 24.3752708435 11.7120485306 12.13601017
      vertex 24.3944988251 11.711687088 12.1423034668
    endloop
  endfacet
  facet normal -0.672908484936 0.606542110443 0.4234392941
    outer loop
      vertex 24.4113140106 11.7095775604 12.159485817
      vertex 24.3965873718 11.7328519821 12.1593961716
      vertex 24.3944988251 11.711687088 12.1423034668
    endloop
  endfacet
  facet normal -0.227166026831 0.973657250404 0.0196750052273
    outer loop
      vertex 24.3608913422 11.7540330887 12.1357736588
      vertex 24.3776893616 11.73371315 12.1392822266
      vertex 24.3768138885 11.7535905838 12.1394796371
    endloop
  endfacet
  facet normal -0.64861702919 0.627828598022 -0.430264115334
    outer loop
      vertex 24.3965873718 11.7328519821 12.1593961716
      vertex 24.394575119 11.7535295486 12.1431465149
      vertex 24.3776893616 11.73371315 12.1392822266
    endloop
  endfacet
  facet normal -0.202216282487 0.979163646698 0.0186308156699
    outer loop
      vertex 24.394575119 11.7535295486 12.1431465149
      vertex 24.3768138885 11.7535905838 12.1394796371
      vertex 24.3776893616 11.73371315 12.1392822266
    endloop
  endfacet
  facet normal -0.716792583466 0.580440819263 -0.38638946414
    outer loop
      vertex 24.3965873718 11.7328519821 12.1593961716
      vertex 24.407749176 11.7534780502 12.1594495773
      vertex 24.394575119 11.7535295486 12.1431465149
    endloop
  endfacet
  facet normal -0.228081911802 0.970260202885 0.0810786560178
    outer loop
      vertex 24.3768138885 11.7535905838 12.1394796371
      vertex 24.3765792847 11.7742338181 12.1411495209
      vertex 24.3608913422 11.7540330887 12.1357736588
    endloop
  endfacet
  facet normal -0.253369152546 0.96549642086 0.0601727440953
    outer loop
      vertex 24.3765792847 11.7742338181 12.1411495209
      vertex 24.3563785553 11.7743816376 12.1358575821
      vertex 24.3608913422 11.7540330887 12.1357736588
    endloop
  endfacet
  facet normal -0.640320241451 0.582791447639 0.500343978405
    outer loop
      vertex 24.3948688507 11.772400856 12.1596708298
      vertex 24.3765792847 11.7742338181 12.1411495209
      vertex 24.394575119 11.7535295486 12.1431465149
    endloop
  endfacet
  facet normal -0.201789289713 0.97605317831 0.0812484547496
    outer loop
      vertex 24.3765792847 11.7742338181 12.1411495209
      vertex 24.3768138885 11.7535905838 12.1394796371
      vertex 24.394575119 11.7535295486 12.1431465149
    endloop
  endfacet
  facet normal -0.685881316662 0.552746534348 0.473326593637
    outer loop
      vertex 24.407749176 11.7534780502 12.1594495773
      vertex 24.3948688507 11.772400856 12.1596708298
      vertex 24.394575119 11.7535295486 12.1431465149
    endloop
  endfacet
  facet normal -0.253402471542 0.96574139595 0.0559526048601
    outer loop
      vertex 24.3563785553 11.7743816376 12.1358575821
      vertex 24.3765792847 11.7742338181 12.1411495209
      vertex 24.3587799072 11.7951431274 12.1376905441
    endloop
  endfacet
  facet normal -0.248279646039 0.967327535152 0.0513293407857
    outer loop
      vertex 24.3774490356 11.7961587906 12.1425361633
      vertex 24.3587799072 11.7951431274 12.1376905441
      vertex 24.3765792847 11.7742338181 12.1411495209
    endloop
  endfacet
  facet normal -0.769235789776 0.638888478279 0.00989124644548
    outer loop
      vertex 24.3774490356 11.7961587906 12.1425361633
      vertex 24.3765792847 11.7742338181 12.1411495209
      vertex 24.391418457 11.7929859161 12.1593065262
    endloop
  endfacet
  facet normal -0.712727844715 0.693201124668 0.107196994126
    outer loop
      vertex 24.3948688507 11.772400856 12.1596708298
      vertex 24.391418457 11.7929859161 12.1593065262
      vertex 24.3765792847 11.7742338181 12.1411495209
    endloop
  endfacet
  facet normal -0.253878802061 0.965291440487 -0.0613025054336
    outer loop
      vertex 24.3774490356 11.7961587906 12.1425361633
      vertex 24.3756027222 11.8150472641 12.1408510208
      vertex 24.3587799072 11.7951431274 12.1376905441
    endloop
  endfacet
  facet normal -0.277594745159 0.957137107849 -0.0826418027282
    outer loop
      vertex 24.3756027222 11.8150472641 12.1408510208
      vertex 24.355670929 11.8173055649 12.1348752975
      vertex 24.3587799072 11.7951431274 12.1376905441
    endloop
  endfacet
  facet normal -0.772413551807 0.632496416569 0.0576675124466
    outer loop
      vertex 24.3900508881 11.8156442642 12.159702301
      vertex 24.3774490356 11.7961587906 12.1425361633
      vertex 24.391418457 11.7929859161 12.1593065262
    endloop
  endfacet
  facet normal -0.793127894402 0.608611941338 0.0232293568552
    outer loop
      vertex 24.3756027222 11.8150472641 12.1408510208
      vertex 24.3774490356 11.7961587906 12.1425361633
      vertex 24.3900508881 11.8156442642 12.159702301
    endloop
  endfacet
  facet normal -0.287980020046 0.957604825497 0.00778163177893
    outer loop
      vertex 24.3756027222 11.8150472641 12.1408510208
      vertex 24.3763160706 11.8354740143 12.1412315369
      vertex 24.355670929 11.8173055649 12.1348752975
    endloop
  endfacet
  facet normal -0.212288990617 0.972190022469 0.0988933146
    outer loop
      vertex 24.3763160706 11.8354740143 12.1412315369
      vertex 24.3579425812 11.838051796 12.1374816895
      vertex 24.355670929 11.8173055649 12.1348752975
    endloop
  endfacet
  facet normal -0.793841362 0.607903778553 -0.0163985267282
    outer loop
      vertex 24.3756027222 11.8150472641 12.1408510208
      vertex 24.3900508881 11.8156442642 12.159702301
      vertex 24.3763160706 11.8354740143 12.1412315369
    endloop
  endfacet
  facet normal -0.782026469707 0.622097671032 -0.0378030799329
    outer loop
      vertex 24.3911323547 11.8386440277 12.1596641541
      vertex 24.3763160706 11.8354740143 12.1412315369
      vertex 24.3900508881 11.8156442642 12.159702301
    endloop
  endfacet
  facet normal -0.205826431513 0.977551877499 0.0450307503343
    outer loop
      vertex 24.3763160706 11.8354740143 12.1412315369
      vertex 24.3768157959 11.8564805984 12.1423044205
      vertex 24.3579425812 11.838051796 12.1374816895
    endloop
  endfacet
  facet normal -0.282177656889 0.958604514599 -0.0381200835109
    outer loop
      vertex 24.3768157959 11.8564805984 12.1423044205
      vertex 24.3556289673 11.8584575653 12.1359891891
      vertex 24.3579425812 11.838051796 12.1374816895
    endloop
  endfacet
  facet normal -0.778207838535 0.627860546112 0.0135543579236
    outer loop
      vertex 24.3763160706 11.8354740143 12.1412315369
      vertex 24.3911323547 11.8386440277 12.1596641541
      vertex 24.3768157959 11.8564805984 12.1423044205
    endloop
  endfacet
  facet normal -0.725563466549 0.683186352253 -0.0825474187732
    outer loop
      vertex 24.3931350708 11.8572654724 12.1595411301
      vertex 24.3768157959 11.8564805984 12.1423044205
      vertex 24.3911323547 11.8386440277 12.1596641541
    endloop
  endfacet
  facet normal -0.289771169424 0.955642938614 0.0527183897793
    outer loop
      vertex 24.3768157959 11.8564805984 12.1423044205
      vertex 24.3735561371 11.8777513504 12.1424894333
      vertex 24.3556289673 11.8584575653 12.1359891891
    endloop
  endfacet
  facet normal -0.283688902855 0.957107961178 0.0588634088635
    outer loop
      vertex 24.3735561371 11.8777513504 12.1424894333
      vertex 24.3564853668 11.8781328201 12.1374530792
      vertex 24.3556289673 11.8584575653 12.1359891891
    endloop
  endfacet
  facet normal -0.741854250431 0.659840703011 0.119425594807
    outer loop
      vertex 24.3735561371 11.8777513504 12.1424894333
      vertex 24.3768157959 11.8564805984 12.1423044205
      vertex 24.3892631531 11.8749475479 12.1596412659
    endloop
  endfacet
  facet normal -0.713161170483 0.682489573956 0.160028532147
    outer loop
      vertex 24.3931350708 11.8572654724 12.1595411301
      vertex 24.3892631531 11.8749475479 12.1596412659
      vertex 24.3768157959 11.8564805984 12.1423044205
    endloop
  endfacet
  facet normal -0.684431135654 0.581832826138 0.439345657825
    outer loop
      vertex 24.3759384155 11.8975515366 12.1602430344
      vertex 24.3565940857 11.898724556 12.1383733749
      vertex 24.3735561371 11.8777513504 12.1424894333
    endloop
  endfacet
  facet normal -0.283577382565 0.958058714867 0.0413208007812
    outer loop
      vertex 24.3565940857 11.898724556 12.1383733749
      vertex 24.3564853668 11.8781328201 12.1374530792
      vertex 24.3735561371 11.8777513504 12.1424894333
    endloop
  endfacet
  facet normal -0.700279593468 0.571323752403 0.428015977144
    outer loop
      vertex 24.3892631531 11.8749475479 12.1596412659
      vertex 24.3759384155 11.8975515366 12.1602430344
      vertex 24.3735561371 11.8777513504 12.1424894333
    endloop
  endfacet
  facet normal -0.749490857124 0.66132414341 0.0302300974727
    outer loop
      vertex 24.3736877441 11.9184274673 12.1586465836
      vertex 24.3565940857 11.898724556 12.1383733749
      vertex 24.3759384155 11.8975515366 12.1602430344
    endloop
  endfacet
  facet normal -0.744634985924 0.666298449039 0.039561200887
    outer loop
      vertex 24.3569602966 11.9202613831 12.1400613785
      vertex 24.3565940857 11.898724556 12.1383733749
      vertex 24.3736877441 11.9184274673 12.1586465836
    endloop
  endfacet
  facet normal 0.922985255718 -0.325367152691 -0.205510154366
    outer loop
      vertex 24.403837204 12.0924720764 12.1553258896
      vertex 24.402425766 12.1079292297 12.1610851288
      vertex 24.410320282 12.0974769592 12.1768779755
    endloop
  endfacet
  facet normal 0.978402793407 0.00291933584958 -0.206686794758
    outer loop
      vertex 24.4165458679 12.0537757874 12.153459549
      vertex 24.4145793915 12.0632362366 12.1427230835
      vertex 24.4136314392 12.067492485 12.1590852737
    endloop
  endfacet
  facet normal 0.789350092411 -0.61267977953 -0.0393685661256
    outer loop
      vertex 24.4589519501 11.6289949417 12.1191692352
      vertex 24.4739952087 11.6280221939 12.1384878159
      vertex 24.460105896 11.6083068848 12.1193265915
    endloop
  endfacet
  facet normal -0.744785964489 0.662249267101 0.0819740518928
    outer loop
      vertex 24.3723106384 11.940161705 12.1597881317
      vertex 24.3569602966 11.9202613831 12.1400613785
      vertex 24.3736877441 11.9184274673 12.1586465836
    endloop
  endfacet
  facet normal -0.78692907095 0.617026090622 0.00463776709512
    outer loop
      vertex 24.3557033539 11.9402980804 12.1386089325
      vertex 24.3569602966 11.9202613831 12.1400613785
      vertex 24.3723106384 11.940161705 12.1597881317
    endloop
  endfacet
  facet normal 0.907109737396 -0.33272716403 -0.257768303156
    outer loop
      vertex 24.4100494385 12.0815505981 12.1638011932
      vertex 24.403837204 12.0924720764 12.1553258896
      vertex 24.410320282 12.0974769592 12.1768779755
    endloop
  endfacet
  facet normal 0.996026456356 -0.0254546478391 -0.0853423401713
    outer loop
      vertex 24.4375610352 11.9183149338 12.1599063873
      vertex 24.4358272552 11.9399862289 12.1647224426
      vertex 24.437707901 11.9230356216 12.1814804077
    endloop
  endfacet
  facet normal -0.786887586117 0.617064058781 -0.00631265761331
    outer loop
      vertex 24.3557033539 11.9402980804 12.1386089325
      vertex 24.3723106384 11.940161705 12.1597881317
      vertex 24.3569374084 11.9604454041 12.1399765015
    endloop
  endfacet
  facet normal -0.802486419678 0.596104443073 0.0259816441685
    outer loop
      vertex 24.3714332581 11.962097168 12.1595630646
      vertex 24.3569374084 11.9604454041 12.1399765015
      vertex 24.3723106384 11.940161705 12.1597881317
    endloop
  endfacet
  facet normal -0.506454706192 0.643102109432 0.574389457703
    outer loop
      vertex 24.4176864624 11.81665802 12.2181396484
      vertex 24.3967838287 11.8153028488 12.2004680634
      vertex 24.4182548523 11.7959089279 12.2000551224
    endloop
  endfacet
  facet normal 0.999348759651 0.000849293952342 -0.0360732637346
    outer loop
      vertex 24.4379005432 11.9093980789 12.1391506195
      vertex 24.437171936 11.9295578003 12.1402177811
      vertex 24.4375610352 11.9183149338 12.1599063873
    endloop
  endfacet
  facet normal 0.999671816826 -0.0045863664709 -0.0252042617649
    outer loop
      vertex 24.4387836456 11.813627243 12.1338758469
      vertex 24.4381465912 11.8363771439 12.1200408936
      vertex 24.4384384155 11.8295469284 12.1461133957
    endloop
  endfacet
  facet normal -0.803448021412 0.595318138599 0.00821848306805
    outer loop
      vertex 24.3569374084 11.9604454041 12.1399765015
      vertex 24.3714332581 11.962097168 12.1595630646
      vertex 24.3562011719 11.9809560776 12.1392660141
    endloop
  endfacet
  facet normal -0.806542217731 0.590976119041 0.0153907509521
    outer loop
      vertex 24.3710517883 11.9832229614 12.1595926285
      vertex 24.3562011719 11.9809560776 12.1392660141
      vertex 24.3714332581 11.962097168 12.1595630646
    endloop
  endfacet
  facet normal 0.999972820282 -0.00303380377591 -0.00672324979678
    outer loop
      vertex 24.4381580353 11.8825349808 12.1581830978
      vertex 24.4380378723 11.9002075195 12.157740593
      vertex 24.4381332397 11.8934650421 12.1742324829
    endloop
  endfacet
  facet normal 0.890499293804 0.267552256584 -0.368003726006
    outer loop
      vertex 24.419128418 11.9827003479 12.179605484
      vertex 24.4263896942 11.9736757278 12.1678504944
      vertex 24.4207324982 11.9912929535 12.1624479294
    endloop
  endfacet
  facet normal -0.808935344219 0.58651638031 -0.0402764864266
    outer loop
      vertex 24.3562011719 11.9809560776 12.1392660141
      vertex 24.3710517883 11.9832229614 12.1595926285
      vertex 24.3573417664 12.0026006699 12.1393527985
    endloop
  endfacet
  facet normal -0.827263832092 0.561811625957 -0.00150493520778
    outer loop
      vertex 24.3711910248 12.0042200089 12.1597414017
      vertex 24.3573417664 12.0026006699 12.1393527985
      vertex 24.3710517883 11.9832229614 12.1595926285
    endloop
  endfacet
  facet normal 0.994250714779 -0.0290121529251 -0.103072151542
    outer loop
      vertex 24.4207324982 11.9912929535 12.1624479294
      vertex 24.4193820953 11.9983663559 12.1412992477
      vertex 24.4184589386 12.0126104355 12.1602678299
    endloop
  endfacet
  facet normal -0.0367084145546 0.998666286469 0.0363062620163
    outer loop
      vertex 24.4182548523 11.7959089279 12.2000551224
      vertex 24.3983020782 11.7940998077 12.1992559433
      vertex 24.4156932831 11.7743387222 12.1991767883
    endloop
  endfacet
  facet normal -0.827967226505 0.559850394726 -0.0322140194476
    outer loop
      vertex 24.3573417664 12.0026006699 12.1393527985
      vertex 24.3711910248 12.0042200089 12.1597414017
      vertex 24.3592376709 12.023352623 12.1409626007
    endloop
  endfacet
  facet normal -0.818302214146 0.572546601295 -0.0507137961686
    outer loop
      vertex 24.372713089 12.0241498947 12.1601514816
      vertex 24.3592376709 12.023352623 12.1409626007
      vertex 24.3711910248 12.0042200089 12.1597414017
    endloop
  endfacet
  facet normal 0.937674343586 -0.196667730808 -0.28651112318
    outer loop
      vertex 24.4307117462 11.971206665 12.1848602295
      vertex 24.4334468842 11.9578752518 12.1784791946
      vertex 24.4263896942 11.9736757278 12.1678504944
    endloop
  endfacet
  facet normal -0.818243920803 0.572400867939 -0.053237080574
    outer loop
      vertex 24.3727531433 12.0442581177 12.1583385468
      vertex 24.3592376709 12.023352623 12.1409626007
      vertex 24.372713089 12.0241498947 12.1601514816
    endloop
  endfacet
  facet normal -0.816469728947 0.575242817402 -0.0497279465199
    outer loop
      vertex 24.3590927124 12.0441064835 12.1389627457
      vertex 24.3592376709 12.023352623 12.1409626007
      vertex 24.3727531433 12.0442581177 12.1583385468
    endloop
  endfacet
  facet normal 0.876893043518 -0.341717690229 -0.338064461946
    outer loop
      vertex 24.4100494385 12.0815505981 12.1638011932
      vertex 24.4136314392 12.067492485 12.1590852737
      vertex 24.4065647125 12.076051712 12.1494188309
    endloop
  endfacet
  facet normal 0.999998569489 -0.000286603753921 -0.00167185196187
    outer loop
      vertex 24.4381904602 11.8634366989 12.1599121094
      vertex 24.4381732941 11.8701925278 12.1394271851
      vertex 24.4381580353 11.8825349808 12.1581830978
    endloop
  endfacet
  facet normal 0.999583780766 -0.00902214832604 -0.0274020116776
    outer loop
      vertex 24.4380378723 11.9002075195 12.157740593
      vertex 24.4375610352 11.9183149338 12.1599063873
      vertex 24.4380054474 11.9076919556 12.1768798828
    endloop
  endfacet
  facet normal -0.81678134203 0.575536072254 -0.0403294526041
    outer loop
      vertex 24.3590927124 12.0441064835 12.1389627457
      vertex 24.3727531433 12.0442581177 12.1583385468
      vertex 24.3639221191 12.0666122437 12.1442394257
    endloop
  endfacet
  facet normal -0.928598165512 0.337687700987 0.153858572245
    outer loop
      vertex 24.3705291748 12.0654649734 12.1618852615
      vertex 24.3639221191 12.0666122437 12.1442394257
      vertex 24.3727531433 12.0442581177 12.1583385468
    endloop
  endfacet
  facet normal 0.922168850899 0.17884939909 -0.342954069376
    outer loop
      vertex 24.4348640442 11.9497175217 12.1392059326
      vertex 24.4345989227 11.9597425461 12.1213493347
      vertex 24.4292640686 11.9664592743 12.1359767914
    endloop
  endfacet
  facet normal 0.994617760181 -0.066627137363 -0.0793491825461
    outer loop
      vertex 24.4387836456 11.813627243 12.1338758469
      vertex 24.4409370422 11.7945547104 12.1433076859
      vertex 24.4393424988 11.794678688 12.1196517944
    endloop
  endfacet
  facet normal -0.932787835598 0.353749483824 -0.0690519213676
    outer loop
      vertex 24.3706645966 12.0861234665 12.1582098007
      vertex 24.3639221191 12.0666122437 12.1442394257
      vertex 24.3705291748 12.0654649734 12.1618852615
    endloop
  endfacet
  facet normal -0.888591647148 0.458217203617 0.0210217293352
    outer loop
      vertex 24.3629512787 12.0854902267 12.1432228088
      vertex 24.3639221191 12.0666122437 12.1442394257
      vertex 24.3706645966 12.0861234665 12.1582098007
    endloop
  endfacet
  facet normal 0.996327459812 0.0739210993052 -0.0432114042342
    outer loop
      vertex 24.4401321411 11.7918930054 12.1642313004
      vertex 24.4388961792 11.7885923386 12.1828193665
      vertex 24.440284729 11.7737131119 12.1728019714
    endloop
  endfacet
  facet normal 0.941495120525 0.325892210007 -0.0859139189124
    outer loop
      vertex 24.4442424774 11.7577266693 12.158914566
      vertex 24.4375038147 11.7534418106 12.1795120239
      vertex 24.4440803528 11.7394695282 12.1641960144
    endloop
  endfacet
  facet normal 0.982076585293 -0.163380205631 -0.0939813479781
    outer loop
      vertex 24.4166431427 12.0232639313 12.1391572952
      vertex 24.4193820953 11.9983663559 12.1412992477
      vertex 24.4156417847 12.0022974014 12.1210775375
    endloop
  endfacet
  facet normal -0.864781856537 0.434434533119 -0.251831173897
    outer loop
      vertex 24.3629512787 12.0854902267 12.1432228088
      vertex 24.3706645966 12.0861234665 12.1582098007
      vertex 24.3707904816 12.1007833481 12.1499624252
    endloop
  endfacet
  facet normal -0.980945408344 -0.172805652022 0.0887938141823
    outer loop
      vertex 24.3678531647 12.1072864532 12.1632947922
      vertex 24.3707904816 12.1007833481 12.1499624252
      vertex 24.3706645966 12.0861234665 12.1582098007
    endloop
  endfacet
  facet normal 0.998308956623 0.0120205590501 -0.0568751469254
    outer loop
      vertex 24.4174404144 12.0366783142 12.1600637436
      vertex 24.4165458679 12.0537757874 12.153459549
      vertex 24.4162693024 12.055273056 12.1693439484
    endloop
  endfacet
  facet normal 0.950974225998 -0.265491932631 -0.158625394106
    outer loop
      vertex 24.4365634918 11.9604473114 12.1993923187
      vertex 24.4307117462 11.971206665 12.1848602295
      vertex 24.4333381653 11.9801425934 12.1996068954
    endloop
  endfacet
  facet normal 0.999680638313 -0.0110839270055 -0.0227092728019
    outer loop
      vertex 24.4380054474 11.9076919556 12.1768798828
      vertex 24.437707901 11.9230356216 12.1814804077
      vertex 24.4380378723 11.9122886658 12.1892223358
    endloop
  endfacet
  facet normal 0.633013367653 0.65774077177 0.408253729343
    outer loop
      vertex 24.4375038147 11.7534418106 12.1795120239
      vertex 24.4347286224 11.7751789093 12.1956748962
      vertex 24.4181632996 11.7541799545 12.1985836029
    endloop
  endfacet
  facet normal 0.99996817112 0.00790813099593 0.00103505142033
    outer loop
      vertex 24.4381809235 11.8566684723 12.1794481277
      vertex 24.4380245209 11.85734272 12.1993131638
      vertex 24.4380073547 11.8369989395 12.1988210678
    endloop
  endfacet
  facet normal 0.922273159027 0.254408746958 -0.291012793779
    outer loop
      vertex 24.4503879547 11.7267103195 12.1531715393
      vertex 24.4564495087 11.7160482407 12.1433935165
      vertex 24.4545402527 11.7288646698 12.1356544495
    endloop
  endfacet
  facet normal 0.996374726295 0.0846616923809 -0.00835768971592
    outer loop
      vertex 24.4382362366 11.8307733536 12.1805210114
      vertex 24.4367771149 11.8160257339 12.1991491318
      vertex 24.4386310577 11.8080873489 12.1781139374
    endloop
  endfacet
  facet normal 0.999998569489 -0.000168720842339 -0.00168252410367
    outer loop
      vertex 24.4381580353 11.8825349808 12.1581830978
      vertex 24.4381694794 11.8778753281 12.1795463562
      vertex 24.4381904602 11.8634366989 12.1599121094
    endloop
  endfacet
  facet normal 0.999667167664 -0.0118228215724 -0.022930553183
    outer loop
      vertex 24.437707901 11.9230356216 12.1814804077
      vertex 24.4380054474 11.9076919556 12.1768798828
      vertex 24.4375610352 11.9183149338 12.1599063873
    endloop
  endfacet
  facet normal 0.990161299706 0.127153813839 -0.0584165416658
    outer loop
      vertex 24.4545402527 11.7288646698 12.1356544495
      vertex 24.4563961029 11.7325124741 12.1195268631
      vertex 24.454164505 11.7437009811 12.1317644119
    endloop
  endfacet
  facet normal 0.996860742569 -0.0783241465688 -0.0115766851231
    outer loop
      vertex 24.4381008148 11.8898687363 12.1388130188
      vertex 24.4364395142 11.8988056183 12.1189899445
      vertex 24.4379005432 11.9093980789 12.1391506195
    endloop
  endfacet
  facet normal 0.99690169096 -0.0557660385966 -0.0554725304246
    outer loop
      vertex 24.4358272552 11.9399862289 12.1647224426
      vertex 24.4376049042 11.9403076172 12.1968202591
      vertex 24.437707901 11.9230356216 12.1814804077
    endloop
  endfacet
  facet normal 0.999253332615 0.0242690294981 -0.0300629027188
    outer loop
      vertex 24.4384746552 11.8242559433 12.164525032
      vertex 24.4386310577 11.8080873489 12.1781139374
      vertex 24.4391212463 11.8103027344 12.1551866531
    endloop
  endfacet
  facet normal 0.999960064888 0.00298095005564 -0.00842734519392
    outer loop
      vertex 24.4380054474 11.9076919556 12.1768798828
      vertex 24.4380187988 11.8984174728 12.1986207962
      vertex 24.4381332397 11.8934650421 12.1742324829
    endloop
  endfacet
  facet normal 0.873390257359 -0.478946894407 -0.0883138999343
    outer loop
      vertex 24.3955764771 12.1255836487 12.1607885361
      vertex 24.3953075409 12.1476020813 12.164358139
      vertex 24.4049625397 12.1345233917 12.1795530319
    endloop
  endfacet
  facet normal 0.969530820847 0.238965019584 0.0539045445621
    outer loop
      vertex 24.4375038147 11.7534418106 12.1795120239
      vertex 24.440284729 11.7737131119 12.1728019714
      vertex 24.4347286224 11.7751789093 12.1956748962
    endloop
  endfacet
  facet normal 0.997406005859 0.0234065223485 -0.0680690556765
    outer loop
      vertex 24.4345989227 11.9597425461 12.1213493347
      vertex 24.4348640442 11.9497175217 12.1392059326
      vertex 24.4359016418 11.9402427673 12.1225452423
    endloop
  endfacet
  facet normal 0.997032701969 -0.0647426173091 -0.041644230485
    outer loop
      vertex 24.4184589386 12.0126104355 12.1602678299
      vertex 24.4166431427 12.0232639313 12.1391572952
      vertex 24.4174404144 12.0366783142 12.1600637436
    endloop
  endfacet
  facet normal -0.0134726418182 0.999426722527 0.0310596264899
    outer loop
      vertex 24.4181632996 11.7541799545 12.1985836029
      vertex 24.4156932831 11.7743387222 12.1991767883
      vertex 24.3981361389 11.7536611557 12.1982975006
    endloop
  endfacet
  facet normal -0.122659251094 -0.989098846912 -0.0814752802253
    outer loop
      vertex 24.3966846466 12.1870517731 12.1643028259
      vertex 24.3776493073 12.171998024 12.1654233932
      vertex 24.3796062469 12.1899833679 12.1666622162
    endloop
  endfacet
  facet normal -0.0415433719754 0.9991106987 0.00721156504005
    outer loop
      vertex 24.4156932831 11.7743387222 12.1991767883
      vertex 24.3966083527 11.7743530273 12.1983833313
      vertex 24.3981361389 11.7536611557 12.1982975006
    endloop
  endfacet
  facet normal 0.977438092232 -0.0832858607173 -0.194108769298
    outer loop
      vertex 24.4334468842 11.9578752518 12.1784791946
      vertex 24.4358272552 11.9399862289 12.1647224426
      vertex 24.4308490753 11.9610528946 12.1553974152
    endloop
  endfacet
  facet normal -0.011807622388 0.995576381683 0.0932106822729
    outer loop
      vertex 24.3981361389 11.7536611557 12.1982975006
      vertex 24.4176082611 11.7341632843 12.1967029572
      vertex 24.4181632996 11.7541799545 12.1985836029
    endloop
  endfacet
  facet normal -0.0666385293007 -0.930354833603 -0.360553979874
    outer loop
      vertex 24.3796062469 12.1899833679 12.1666622162
      vertex 24.3950996399 12.2022914886 12.1703224182
      vertex 24.3966846466 12.1870517731 12.1643028259
    endloop
  endfacet
  facet normal 0.772968828678 -0.63444340229 0.000861885491759
    outer loop
      vertex 24.4758644104 11.6082248688 12.1385259628
      vertex 24.4752140045 11.5879259109 12.137761116
      vertex 24.460105896 11.6083068848 12.1193265915
    endloop
  endfacet
  facet normal 0.803998053074 -0.591496407986 -0.0609849691391
    outer loop
      vertex 24.460729599 11.5879116058 12.1180715561
      vertex 24.460105896 11.6083068848 12.1193265915
      vertex 24.4752140045 11.5879259109 12.137761116
    endloop
  endfacet
  facet normal 0.706866025925 -0.520346164703 -0.479145348072
    outer loop
      vertex 24.4761562347 11.5669946671 12.119767189
      vertex 24.460729599 11.5879116058 12.1180715561
      vertex 24.4752140045 11.5879259109 12.137761116
    endloop
  endfacet
  facet normal 0.995267808437 0.0969593822956 0.00639733625576
    outer loop
      vertex 24.4362716675 11.8585615158 12.2173862457
      vertex 24.4361362457 11.8369150162 12.2173480988
      vertex 24.4380245209 11.85734272 12.1993131638
    endloop
  endfacet
  facet normal 0.695838093758 -0.543825626373 -0.469108700752
    outer loop
      vertex 24.4761562347 11.5669946671 12.119767189
      vertex 24.4601249695 11.5671348572 12.0993757248
      vertex 24.460729599 11.5879116058 12.1180715561
    endloop
  endfacet
  facet normal 0.786148786545 -0.618013441563 -0.00543231656775
    outer loop
      vertex 24.4761562347 11.5669946671 12.119767189
      vertex 24.4755821228 11.5468988419 12.1188602448
      vertex 24.4601249695 11.5671348572 12.0993757248
    endloop
  endfacet
  facet normal 0.594730198383 0.615100264549 0.517636597157
    outer loop
      vertex 24.4361362457 11.8369150162 12.2173480988
      vertex 24.4176864624 11.81665802 12.2181396484
      vertex 24.4367771149 11.8160257339 12.1991491318
    endloop
  endfacet
  facet normal 0.59401088953 0.614431083202 0.519254744053
    outer loop
      vertex 24.4182548523 11.7959089279 12.2000551224
      vertex 24.4367771149 11.8160257339 12.1991491318
      vertex 24.4176864624 11.81665802 12.2181396484
    endloop
  endfacet
  facet normal 0.976903855801 0.0141388932243 -0.213211074471
    outer loop
      vertex 24.398443222 12.2072820663 12.1809720993
      vertex 24.3974533081 12.2106342316 12.1988191605
      vertex 24.4015197754 12.1919469833 12.1996526718
    endloop
  endfacet
  facet normal -0.826990425587 -0.542744219303 0.146681904793
    outer loop
      vertex 24.3988304138 11.7138490677 12.1773529053
      vertex 24.4113140106 11.7095775604 12.159485817
      vertex 24.4025592804 11.6935138702 12.1771669388
    endloop
  endfacet
  facet normal -0.830559253693 -0.538911700249 0.140518456697
    outer loop
      vertex 24.4145584106 11.6899986267 12.1595907211
      vertex 24.4025592804 11.6935138702 12.1771669388
      vertex 24.4113140106 11.7095775604 12.159485817
    endloop
  endfacet
  facet normal 0.999966800213 0.00814313348383 0.000226347838179
    outer loop
      vertex 24.4381694794 11.8778753281 12.1795463562
      vertex 24.4380187988 11.8984174728 12.1986207962
      vertex 24.4380054474 11.8777246475 12.1996850967
    endloop
  endfacet
  facet normal 0.956143558025 -0.243487119675 -0.162799045444
    outer loop
      vertex 24.4193820953 11.9983663559 12.1412992477
      vertex 24.4241638184 11.9787664413 12.1469717026
      vertex 24.4174118042 11.9805326462 12.121638298
    endloop
  endfacet
  facet normal 0.989486396313 0.0882771834731 -0.114558972418
    outer loop
      vertex 24.4184589386 12.0126104355 12.1602678299
      vertex 24.4179821014 12.0025310516 12.1786928177
      vertex 24.4207324982 11.9912929535 12.1624479294
    endloop
  endfacet
  facet normal 0.181214913726 0.983420491219 0.00673391623423
    outer loop
      vertex 24.4181632996 11.7541799545 12.1985836029
      vertex 24.4347286224 11.7751789093 12.1956748962
      vertex 24.4156932831 11.7743387222 12.1991767883
    endloop
  endfacet
  facet normal 0.944842219353 0.29573148489 -0.140769645572
    outer loop
      vertex 24.4436073303 11.7764530182 12.1520299911
      vertex 24.4442424774 11.7577266693 12.158914566
      vertex 24.4504184723 11.7611198425 12.1375675201
    endloop
  endfacet
  facet normal -0.701405525208 -0.474878370762 0.531526863575
    outer loop
      vertex 24.3965873718 11.7328519821 12.1593961716
      vertex 24.3988304138 11.7138490677 12.1773529053
      vertex 24.382692337 11.7346363068 12.1779222488
    endloop
  endfacet
  facet normal 0.150053441525 0.986622929573 0.0637111067772
    outer loop
      vertex 24.4758644104 11.6082248688 12.1385259628
      vertex 24.4509143829 11.6173381805 12.14290905
      vertex 24.4496765137 11.5975866318 12.1418218613
    endloop
  endfacet
  facet normal -0.76648068428 -0.419202297926 0.486597150564
    outer loop
      vertex 24.4113140106 11.7095775604 12.159485817
      vertex 24.3988304138 11.7138490677 12.1773529053
      vertex 24.3965873718 11.7328519821 12.1593961716
    endloop
  endfacet
  facet normal 0.991342484951 -0.0869869217277 -0.098353497684
    outer loop
      vertex 24.4168586731 12.0562095642 12.1853065491
      vertex 24.4146728516 12.0726499557 12.178984642
      vertex 24.417383194 12.0636167526 12.1996593475
    endloop
  endfacet
  facet normal 0.937884032726 -0.0154776219279 -0.346603453159
    outer loop
      vertex 24.4263896942 11.9736757278 12.1678504944
      vertex 24.4308490753 11.9610528946 12.1553974152
      vertex 24.4241638184 11.9787664413 12.1469717026
    endloop
  endfacet
  facet normal 0.213927522302 -0.804485142231 -0.554110705853
    outer loop
      vertex 24.4145793915 12.0632362366 12.1427230835
      vertex 24.3975315094 12.0631027222 12.1380977631
      vertex 24.4065647125 12.076051712 12.1494188309
    endloop
  endfacet
  facet normal 0.999984443188 -0.00497697060928 -0.00251203798689
    outer loop
      vertex 24.4380912781 11.8570995331 12.119386673
      vertex 24.4382171631 11.8499393463 12.1410655975
      vertex 24.4381465912 11.8363771439 12.1200408936
    endloop
  endfacet
  facet normal 0.980882704258 0.169506281614 -0.0955864265561
    outer loop
      vertex 24.4436073303 11.7764530182 12.1520299911
      vertex 24.440284729 11.7737131119 12.1728019714
      vertex 24.4442424774 11.7577266693 12.158914566
    endloop
  endfacet
  facet normal -0.709874033928 -0.572005033493 -0.410961151123
    outer loop
      vertex 24.3965873718 11.7328519821 12.1593961716
      vertex 24.382692337 11.7346363068 12.1779222488
      vertex 24.3950939178 11.7535839081 12.1761445999
    endloop
  endfacet
  facet normal -0.273185968399 -0.957840740681 -0.0889414846897
    outer loop
      vertex 24.382692337 11.7346363068 12.1779222488
      vertex 24.3799724579 11.7536220551 12.1804609299
      vertex 24.3950939178 11.7535839081 12.1761445999
    endloop
  endfacet
  facet normal -0.730331897736 -0.55612629652 -0.39665967226
    outer loop
      vertex 24.3965873718 11.7328519821 12.1593961716
      vertex 24.3950939178 11.7535839081 12.1761445999
      vertex 24.407749176 11.7534780502 12.1594495773
    endloop
  endfacet
  facet normal 0.999934136868 0.00190414628014 -0.0113203581423
    outer loop
      vertex 24.4382171631 11.8499393463 12.1410655975
      vertex 24.4382610321 11.8425455093 12.1619853973
      vertex 24.4384384155 11.8295469284 12.1461133957
    endloop
  endfacet
  facet normal 0.985287666321 -0.155543223023 -0.0708131566644
    outer loop
      vertex 24.4376049042 11.9403076172 12.1968202591
      vertex 24.4334468842 11.9578752518 12.1784791946
      vertex 24.4365634918 11.9604473114 12.1993923187
    endloop
  endfacet
  facet normal 0.999873518944 0.0143755013123 0.0068049239926
    outer loop
      vertex 24.4374141693 11.9194784164 12.2002267838
      vertex 24.437707901 11.9230356216 12.1814804077
      vertex 24.4376049042 11.9403076172 12.1968202591
    endloop
  endfacet
  facet normal 0.982941925526 0.059931397438 -0.173877626657
    outer loop
      vertex 24.4436073303 11.7764530182 12.1520299911
      vertex 24.4409370422 11.7945547104 12.1433076859
      vertex 24.4401321411 11.7918930054 12.1642313004
    endloop
  endfacet
  facet normal -0.741058111191 -0.500773906708 0.447278887033
    outer loop
      vertex 24.3948688507 11.772400856 12.1596708298
      vertex 24.3950939178 11.7535839081 12.1761445999
      vertex 24.3800354004 11.7749166489 12.1793746948
    endloop
  endfacet
  facet normal -0.274274885654 -0.960443556309 0.0481815487146
    outer loop
      vertex 24.3950939178 11.7535839081 12.1761445999
      vertex 24.3799724579 11.7536220551 12.1804609299
      vertex 24.3800354004 11.7749166489 12.1793746948
    endloop
  endfacet
  facet normal -0.703673541546 -0.530404865742 0.472772926092
    outer loop
      vertex 24.407749176 11.7534780502 12.1594495773
      vertex 24.3950939178 11.7535839081 12.1761445999
      vertex 24.3948688507 11.772400856 12.1596708298
    endloop
  endfacet
  facet normal 0.883477985859 -0.282694727182 0.373564332724
    outer loop
      vertex 24.413110733 12.1705722809 12.1787405014
      vertex 24.4072570801 12.1562795639 12.1793336868
      vertex 24.4106197357 12.1730585098 12.1676702499
    endloop
  endfacet
  facet normal 0.99779510498 0.0322192311287 0.0580244548619
    outer loop
      vertex 24.4367771149 11.8160257339 12.1991491318
      vertex 24.4382362366 11.8307733536 12.1805210114
      vertex 24.4380073547 11.8369989395 12.1988210678
    endloop
  endfacet
  facet normal 0.999999642372 0.000674071139656 -0.000536461302545
    outer loop
      vertex 24.4381809235 11.8566684723 12.1794481277
      vertex 24.4381904602 11.8634366989 12.1599121094
      vertex 24.4381694794 11.8778753281 12.1795463562
    endloop
  endfacet
  facet normal 0.995752573013 0.0482780188322 -0.0783966481686
    outer loop
      vertex 24.4409370422 11.7945547104 12.1433076859
      vertex 24.4391212463 11.8103027344 12.1551866531
      vertex 24.4401321411 11.7918930054 12.1642313004
    endloop
  endfacet
  facet normal -0.85183519125 -0.522029578686 0.0431500077248
    outer loop
      vertex 24.3798389435 11.7957897186 12.1779699326
      vertex 24.391418457 11.7929859161 12.1593065262
      vertex 24.3800354004 11.7749166489 12.1793746948
    endloop
  endfacet
  facet normal -0.799321293831 -0.583319962025 0.14430269599
    outer loop
      vertex 24.3948688507 11.772400856 12.1596708298
      vertex 24.3800354004 11.7749166489 12.1793746948
      vertex 24.391418457 11.7929859161 12.1593065262
    endloop
  endfacet
  facet normal 0.696175336838 -0.630854725838 -0.34258171916
    outer loop
      vertex 24.4065647125 12.076051712 12.1494188309
      vertex 24.3954429626 12.0840835571 12.1415071487
      vertex 24.403837204 12.0924720764 12.1553258896
    endloop
  endfacet
  facet normal 0.99712318182 -0.0755295753479 0.00637908978388
    outer loop
      vertex 24.4356365204 11.9205942154 12.1207046509
      vertex 24.4359016418 11.9402427673 12.1225452423
      vertex 24.437171936 11.9295578003 12.1402177811
    endloop
  endfacet
  facet normal 0.998998939991 0.0142662236467 -0.0423973798752
    outer loop
      vertex 24.4184589386 12.0126104355 12.1602678299
      vertex 24.4174404144 12.0366783142 12.1600637436
      vertex 24.417755127 12.0227575302 12.1793966293
    endloop
  endfacet
  facet normal -0.866590082645 -0.498844623566 0.013253621757
    outer loop
      vertex 24.3782253265 11.8149337769 12.180264473
      vertex 24.3900508881 11.8156442642 12.159702301
      vertex 24.3798389435 11.7957897186 12.1779699326
    endloop
  endfacet
  facet normal -0.851809084415 -0.522142350674 0.0422916784883
    outer loop
      vertex 24.391418457 11.7929859161 12.1593065262
      vertex 24.3798389435 11.7957897186 12.1779699326
      vertex 24.3900508881 11.8156442642 12.159702301
    endloop
  endfacet
  facet normal 0.999481379986 -0.0111188432202 -0.0302216820419
    outer loop
      vertex 24.4384384155 11.8295469284 12.1461133957
      vertex 24.4391212463 11.8103027344 12.1551866531
      vertex 24.4387836456 11.813627243 12.1338758469
    endloop
  endfacet
  facet normal 0.876750230789 0.461105555296 -0.136713951826
    outer loop
      vertex 24.4447631836 11.7240867615 12.1674585342
      vertex 24.4440803528 11.7394695282 12.1641960144
      vertex 24.4374103546 11.7324943542 12.1789464951
    endloop
  endfacet
  facet normal 0.999994158745 -0.00093592266785 -0.00328515307046
    outer loop
      vertex 24.4382610321 11.8425455093 12.1619853973
      vertex 24.4382171631 11.8499393463 12.1410655975
      vertex 24.4381904602 11.8634366989 12.1599121094
    endloop
  endfacet
  facet normal -0.853865563869 -0.519008636475 -0.0392888002098
    outer loop
      vertex 24.3900508881 11.8156442642 12.159702301
      vertex 24.378868103 11.834813118 12.1795511246
      vertex 24.3911323547 11.8386440277 12.1596641541
    endloop
  endfacet
  facet normal -0.866971075535 -0.498254954815 -0.0101533886045
    outer loop
      vertex 24.3782253265 11.8149337769 12.180264473
      vertex 24.378868103 11.834813118 12.1795511246
      vertex 24.3900508881 11.8156442642 12.159702301
    endloop
  endfacet
  facet normal 0.798101127148 -0.601765871048 -0.0302062425762
    outer loop
      vertex 24.4605045319 11.5459537506 12.098815918
      vertex 24.4601249695 11.5671348572 12.0993757248
      vertex 24.4755821228 11.5468988419 12.1188602448
    endloop
  endfacet
  facet normal 0.970045566559 0.0190576091409 -0.242174401879
    outer loop
      vertex 24.4207324982 11.9912929535 12.1624479294
      vertex 24.4241638184 11.9787664413 12.1469717026
      vertex 24.4193820953 11.9983663559 12.1412992477
    endloop
  endfacet
  facet normal 0.924391031265 -0.0520154386759 -0.377883046865
    outer loop
      vertex 24.4263896942 11.9736757278 12.1678504944
      vertex 24.4334468842 11.9578752518 12.1784791946
      vertex 24.4308490753 11.9610528946 12.1553974152
    endloop
  endfacet
  facet normal -0.792965769768 -0.603818416595 -0.0812931880355
    outer loop
      vertex 24.3911323547 11.8386440277 12.1596641541
      vertex 24.3785762787 11.8562660217 12.1785259247
      vertex 24.3931350708 11.8572654724 12.1595411301
    endloop
  endfacet
  facet normal -0.847395062447 -0.529683291912 0.0368398688734
    outer loop
      vertex 24.378868103 11.834813118 12.1795511246
      vertex 24.3785762787 11.8562660217 12.1785259247
      vertex 24.3911323547 11.8386440277 12.1596641541
    endloop
  endfacet
  facet normal 0.945050656796 0.316192269325 -0.0830763429403
    outer loop
      vertex 24.4440803528 11.7394695282 12.1641960144
      vertex 24.4495735168 11.7427625656 12.1469125748
      vertex 24.4442424774 11.7577266693 12.158914566
    endloop
  endfacet
  facet normal 0.42206504941 -0.702559053898 0.572950184345
    outer loop
      vertex 24.4106197357 12.1730585098 12.1676702499
      vertex 24.4072570801 12.1562795639 12.1793336868
      vertex 24.3964214325 12.1678218842 12.1634111404
    endloop
  endfacet
  facet normal 0.998510420322 0.0248613134027 -0.0485677011311
    outer loop
      vertex 24.4374141693 11.9194784164 12.2002267838
      vertex 24.4380378723 11.9122886658 12.1892223358
      vertex 24.437707901 11.9230356216 12.1814804077
    endloop
  endfacet
  facet normal 0.803385674953 -0.588516414165 0.0906634256244
    outer loop
      vertex 24.4049625397 12.1345233917 12.1795530319
      vertex 24.3953075409 12.1476020813 12.164358139
      vertex 24.4072570801 12.1562795639 12.1793336868
    endloop
  endfacet
  facet normal -0.82264059782 -0.560413718224 0.0959112197161
    outer loop
      vertex 24.3755912781 11.8780126572 12.1791858673
      vertex 24.3892631531 11.8749475479 12.1596412659
      vertex 24.3785762787 11.8562660217 12.1785259247
    endloop
  endfacet
  facet normal -0.778127849102 -0.60550904274 0.166960552335
    outer loop
      vertex 24.3931350708 11.8572654724 12.1595411301
      vertex 24.3785762787 11.8562660217 12.1785259247
      vertex 24.3892631531 11.8749475479 12.1596412659
    endloop
  endfacet
  facet normal 0.819496870041 -0.099340133369 -0.564408063889
    outer loop
      vertex 24.4065647125 12.076051712 12.1494188309
      vertex 24.4136314392 12.067492485 12.1590852737
      vertex 24.4145793915 12.0632362366 12.1427230835
    endloop
  endfacet
  facet normal 0.908464789391 -0.390245944262 -0.149665862322
    outer loop
      vertex 24.410320282 12.0974769592 12.1768779755
      vertex 24.405210495 12.1167984009 12.1723928452
      vertex 24.4109268188 12.1164512634 12.1855669022
    endloop
  endfacet
  facet normal 0.999655842781 0.00531546957791 -0.0256890188903
    outer loop
      vertex 24.4375610352 11.9183149338 12.1599063873
      vertex 24.4380378723 11.9002075195 12.157740593
      vertex 24.4379005432 11.9093980789 12.1391506195
    endloop
  endfacet
  facet normal 0.826039969921 -0.51847589016 -0.220999330282
    outer loop
      vertex 24.4049625397 12.1345233917 12.1795530319
      vertex 24.405210495 12.1167984009 12.1723928452
      vertex 24.3955764771 12.1255836487 12.1607885361
    endloop
  endfacet
  facet normal -0.979787051678 -0.152044668794 0.129998922348
    outer loop
      vertex 24.3759384155 11.8975515366 12.1602430344
      vertex 24.3755912781 11.8780126572 12.1791858673
      vertex 24.3724918365 11.8987560272 12.1814231873
    endloop
  endfacet
  facet normal -0.766905963421 -0.467521965504 0.439634501934
    outer loop
      vertex 24.3892631531 11.8749475479 12.1596412659
      vertex 24.3755912781 11.8780126572 12.1791858673
      vertex 24.3759384155 11.8975515366 12.1602430344
    endloop
  endfacet
  facet normal 0.985527336597 0.032416805625 -0.166388094425
    outer loop
      vertex 24.4545402527 11.7288646698 12.1356544495
      vertex 24.4564495087 11.7160482407 12.1433935165
      vertex 24.4579086304 11.7117986679 12.1208457947
    endloop
  endfacet
  facet normal 0.744876205921 -0.612744629383 -0.264014184475
    outer loop
      vertex 24.3936519623 12.1024942398 12.1472625732
      vertex 24.403837204 12.0924720764 12.1553258896
      vertex 24.3954429626 12.0840835571 12.1415071487
    endloop
  endfacet
  facet normal 0.993896663189 0.0354465767741 0.104465141892
    outer loop
      vertex 24.4049625397 12.1345233917 12.1795530319
      vertex 24.4072570801 12.1562795639 12.1793336868
      vertex 24.405714035 12.147652626 12.1971750259
    endloop
  endfacet
  facet normal 0.98313575983 -0.0561907291412 -0.174030572176
    outer loop
      vertex 24.4358272552 11.9399862289 12.1647224426
      vertex 24.4334468842 11.9578752518 12.1784791946
      vertex 24.4376049042 11.9403076172 12.1968202591
    endloop
  endfacet
  facet normal -0.993519186974 -0.0306421630085 0.109456449747
    outer loop
      vertex 24.3736877441 11.9184274673 12.1586465836
      vertex 24.3759384155 11.8975515366 12.1602430344
      vertex 24.3730392456 11.9192771912 12.1766376495
    endloop
  endfacet
  facet normal -0.987056553364 -0.159996137023 0.0109811266884
    outer loop
      vertex 24.3724918365 11.8987560272 12.1814231873
      vertex 24.3730392456 11.9192771912 12.1766376495
      vertex 24.3759384155 11.8975515366 12.1602430344
    endloop
  endfacet
  facet normal 0.999985456467 0.00394713366404 -0.00366998487152
    outer loop
      vertex 24.4380187988 11.8984174728 12.1986207962
      vertex 24.4381694794 11.8778753281 12.1795463562
      vertex 24.4381332397 11.8934650421 12.1742324829
    endloop
  endfacet
  facet normal 0.999944388866 -0.0022976747714 -0.0102940704674
    outer loop
      vertex 24.4381008148 11.8898687363 12.1388130188
      vertex 24.4379005432 11.9093980789 12.1391506195
      vertex 24.4380378723 11.9002075195 12.157740593
    endloop
  endfacet
  facet normal 0.998947560787 -0.043698232621 -0.0139354420826
    outer loop
      vertex 24.4176578522 12.0437517166 12.1996030807
      vertex 24.4168586731 12.0562095642 12.1853065491
      vertex 24.417383194 12.0636167526 12.1996593475
    endloop
  endfacet
  facet normal 0.999954402447 -0.00196104543284 -0.00934692285955
    outer loop
      vertex 24.4380054474 11.9076919556 12.1768798828
      vertex 24.4381332397 11.8934650421 12.1742324829
      vertex 24.4380378723 11.9002075195 12.157740593
    endloop
  endfacet
  facet normal -0.801649212837 -0.451277077198 0.392055571079
    outer loop
      vertex 24.3597927094 11.9407501221 12.1815137863
      vertex 24.3723106384 11.940161705 12.1597881317
      vertex 24.3730392456 11.9192771912 12.1766376495
    endloop
  endfacet
  facet normal -0.997561454773 -0.0330543294549 0.061470348388
    outer loop
      vertex 24.3723106384 11.940161705 12.1597881317
      vertex 24.3736877441 11.9184274673 12.1586465836
      vertex 24.3730392456 11.9192771912 12.1766376495
    endloop
  endfacet
  facet normal 0.837015390396 -0.187240928411 -0.514145970345
    outer loop
      vertex 24.4292640686 11.9664592743 12.1359767914
      vertex 24.4174118042 11.9805326462 12.121638298
      vertex 24.4241638184 11.9787664413 12.1469717026
    endloop
  endfacet
  facet normal 0.99284529686 -0.1115924716 -0.042488604784
    outer loop
      vertex 24.4164733887 12.0834913254 12.1991319656
      vertex 24.417383194 12.0636167526 12.1996593475
      vertex 24.4146728516 12.0726499557 12.178984642
    endloop
  endfacet
  facet normal 0.915720045567 0.382894158363 -0.121855981648
    outer loop
      vertex 24.4447631836 11.7240867615 12.1674585342
      vertex 24.4503879547 11.7267103195 12.1531715393
      vertex 24.4440803528 11.7394695282 12.1641960144
    endloop
  endfacet
  facet normal 0.999922811985 -0.00892884843051 -0.00863871444017
    outer loop
      vertex 24.4382171631 11.8499393463 12.1410655975
      vertex 24.4384384155 11.8295469284 12.1461133957
      vertex 24.4381465912 11.8363771439 12.1200408936
    endloop
  endfacet
  facet normal -0.859496235847 -0.509605228901 0.0396072268486
    outer loop
      vertex 24.3723106384 11.940161705 12.1597881317
      vertex 24.3598251343 11.9600381851 12.1793012619
      vertex 24.3714332581 11.962097168 12.1595630646
    endloop
  endfacet
  facet normal -0.865773975849 -0.497337698936 0.0555939003825
    outer loop
      vertex 24.3597927094 11.9407501221 12.1815137863
      vertex 24.3598251343 11.9600381851 12.1793012619
      vertex 24.3723106384 11.940161705 12.1597881317
    endloop
  endfacet
  facet normal 0.79938608408 -0.600660860538 0.013728578575
    outer loop
      vertex 24.4755821228 11.5468988419 12.1188602448
      vertex 24.4754524231 11.5264949799 12.1191539764
      vertex 24.4605045319 11.5459537506 12.098815918
    endloop
  endfacet
  facet normal 0.920906722546 0.292317211628 -0.257840037346
    outer loop
      vertex 24.4460906982 11.780175209 12.134393692
      vertex 24.4504184723 11.7611198425 12.1375675201
      vertex 24.4530601501 11.7723875046 12.1193065643
    endloop
  endfacet
  facet normal 0.993579030037 0.00190749985632 -0.113123968244
    outer loop
      vertex 24.4409370422 11.7945547104 12.1433076859
      vertex 24.4387836456 11.813627243 12.1338758469
      vertex 24.4391212463 11.8103027344 12.1551866531
    endloop
  endfacet
  facet normal -0.866161942482 -0.499540030956 0.0149414353073
    outer loop
      vertex 24.3714332581 11.962097168 12.1595630646
      vertex 24.359331131 11.9802532196 12.1800041199
      vertex 24.3710517883 11.9832229614 12.1595926285
    endloop
  endfacet
  facet normal -0.861822187901 -0.507198929787 0.00342590757646
    outer loop
      vertex 24.3598251343 11.9600381851 12.1793012619
      vertex 24.359331131 11.9802532196 12.1800041199
      vertex 24.3714332581 11.962097168 12.1595630646
    endloop
  endfacet
  facet normal 0.846034407616 0.123063012958 -0.518730401993
    outer loop
      vertex 24.4393424988 11.794678688 12.1196517944
      vertex 24.4460906982 11.780175209 12.134393692
      vertex 24.4530601501 11.7723875046 12.1193065643
    endloop
  endfacet
  facet normal 0.999992132187 -0.0015780357644 -0.00363434199244
    outer loop
      vertex 24.4381008148 11.8898687363 12.1388130188
      vertex 24.4381580353 11.8825349808 12.1581830978
      vertex 24.4381732941 11.8701925278 12.1394271851
    endloop
  endfacet
  facet normal 0.999910891056 -0.00958891119808 -0.00928850099444
    outer loop
      vertex 24.4175682068 12.0433511734 12.1798534393
      vertex 24.417755127 12.0227575302 12.1793966293
      vertex 24.4174404144 12.0366783142 12.1600637436
    endloop
  endfacet
  facet normal -0.855556309223 -0.517625451088 -0.00934129115194
    outer loop
      vertex 24.3710517883 11.9832229614 12.1595926285
      vertex 24.3589706421 12.0009641647 12.1798810959
      vertex 24.3711910248 12.0042200089 12.1597414017
    endloop
  endfacet
  facet normal -0.865922152996 -0.499853342772 0.0180412959307
    outer loop
      vertex 24.359331131 11.9802532196 12.1800041199
      vertex 24.3589706421 12.0009641647 12.1798810959
      vertex 24.3710517883 11.9832229614 12.1595926285
    endloop
  endfacet
  facet normal 0.998862326145 -0.0460472516716 -0.0123985987157
    outer loop
      vertex 24.4164142609 12.0445013046 12.1399106979
      vertex 24.4174404144 12.0366783142 12.1600637436
      vertex 24.4166431427 12.0232639313 12.1391572952
    endloop
  endfacet
  facet normal 0.997260689735 0.0279392395169 -0.0684870705009
    outer loop
      vertex 24.4401321411 11.7918930054 12.1642313004
      vertex 24.4391212463 11.8103027344 12.1551866531
      vertex 24.4386310577 11.8080873489 12.1781139374
    endloop
  endfacet
  facet normal 0.785184383392 -0.617798507214 0.0425501614809
    outer loop
      vertex 24.4597415924 11.5250902176 12.0992832184
      vertex 24.4605045319 11.5459537506 12.098815918
      vertex 24.4754524231 11.5264949799 12.1191539764
    endloop
  endfacet
  facet normal 0.986359298229 -0.0877199247479 -0.139285758138
    outer loop
      vertex 24.4162693024 12.055273056 12.1693439484
      vertex 24.4136314392 12.067492485 12.1590852737
      vertex 24.4146728516 12.0726499557 12.178984642
    endloop
  endfacet
  facet normal -0.813493788242 -0.576846957207 -0.0739963874221
    outer loop
      vertex 24.3711910248 12.0042200089 12.1597414017
      vertex 24.3585796356 12.0218095779 12.1797828674
      vertex 24.372713089 12.0241498947 12.1601514816
    endloop
  endfacet
  facet normal -0.853452384472 -0.520843684673 0.0184629186988
    outer loop
      vertex 24.3589706421 12.0009641647 12.1798810959
      vertex 24.3585796356 12.0218095779 12.1797828674
      vertex 24.3711910248 12.0042200089 12.1597414017
    endloop
  endfacet
  facet normal 0.990269422531 0.12410940975 -0.0629544854164
    outer loop
      vertex 24.419128418 11.9827003479 12.179605484
      vertex 24.4207324982 11.9912929535 12.1624479294
      vertex 24.4179821014 12.0025310516 12.1786928177
    endloop
  endfacet
  facet normal 0.996942818165 0.071772582829 -0.0308813787997
    outer loop
      vertex 24.4388961792 11.7885923386 12.1828193665
      vertex 24.4401321411 11.7918930054 12.1642313004
      vertex 24.4386310577 11.8080873489 12.1781139374
    endloop
  endfacet
  facet normal 0.999156951904 0.00950988382101 -0.0399362072349
    outer loop
      vertex 24.4384746552 11.8242559433 12.164525032
      vertex 24.4391212463 11.8103027344 12.1551866531
      vertex 24.4384384155 11.8295469284 12.1461133957
    endloop
  endfacet
  facet normal 0.954281032085 -0.0292028672993 -0.297480911016
    outer loop
      vertex 24.4241638184 11.9787664413 12.1469717026
      vertex 24.4207324982 11.9912929535 12.1624479294
      vertex 24.4263896942 11.9736757278 12.1678504944
    endloop
  endfacet
  facet normal 0.998091340065 -0.0315252952278 -0.0531018152833
    outer loop
      vertex 24.4381847382 11.8158588409 12.1186733246
      vertex 24.4387836456 11.813627243 12.1338758469
      vertex 24.4393424988 11.794678688 12.1196517944
    endloop
  endfacet
  facet normal -0.808859527111 -0.586803972721 0.0375141203403
    outer loop
      vertex 24.3585796356 12.0218095779 12.1797828674
      vertex 24.3574790955 12.0439872742 12.1798820496
      vertex 24.372713089 12.0241498947 12.1601514816
    endloop
  endfacet
  facet normal -0.81443297863 -0.578056454659 0.0504946410656
    outer loop
      vertex 24.3727531433 12.0442581177 12.1583385468
      vertex 24.372713089 12.0241498947 12.1601514816
      vertex 24.3574790955 12.0439872742 12.1798820496
    endloop
  endfacet
  facet normal 0.927126288414 -0.0605553090572 -0.369824111462
    outer loop
      vertex 24.4409370422 11.7945547104 12.1433076859
      vertex 24.4460906982 11.780175209 12.134393692
      vertex 24.4393424988 11.794678688 12.1196517944
    endloop
  endfacet
  facet normal 0.950753390789 0.291714727879 -0.104740224779
    outer loop
      vertex 24.4495735168 11.7427625656 12.1469125748
      vertex 24.4504184723 11.7611198425 12.1375675201
      vertex 24.4442424774 11.7577266693 12.158914566
    endloop
  endfacet
  facet normal 0.999928414822 0.00144579156768 -0.0118799563497
    outer loop
      vertex 24.4384746552 11.8242559433 12.164525032
      vertex 24.4384384155 11.8295469284 12.1461133957
      vertex 24.4382610321 11.8425455093 12.1619853973
    endloop
  endfacet
  facet normal 0.724003314972 -0.447197347879 -0.525198698044
    outer loop
      vertex 24.419128418 11.9827003479 12.179605484
      vertex 24.4333381653 11.9801425934 12.1996068954
      vertex 24.4307117462 11.971206665 12.1848602295
    endloop
  endfacet
  facet normal 0.95181363821 0.305251806974 0.0295322649181
    outer loop
      vertex 24.4375038147 11.7534418106 12.1795120239
      vertex 24.4442424774 11.7577266693 12.158914566
      vertex 24.440284729 11.7737131119 12.1728019714
    endloop
  endfacet
  facet normal -0.785341382027 -0.617740571499 0.0404412150383
    outer loop
      vertex 24.3566093445 12.0664129257 12.1795196533
      vertex 24.3705291748 12.0654649734 12.1618852615
      vertex 24.3574790955 12.0439872742 12.1798820496
    endloop
  endfacet
  facet normal -0.815788626671 -0.578242540359 -0.0111553827301
    outer loop
      vertex 24.3727531433 12.0442581177 12.1583385468
      vertex 24.3574790955 12.0439872742 12.1798820496
      vertex 24.3705291748 12.0654649734 12.1618852615
    endloop
  endfacet
  facet normal 0.955710291862 -0.290248692036 -0.0487185753882
    outer loop
      vertex 24.4158611298 12.1044368744 12.1997976303
      vertex 24.4109268188 12.1164512634 12.1855669022
      vertex 24.4149913788 12.1266918182 12.2006692886
    endloop
  endfacet
  facet normal 0.983030438423 -0.167122274637 -0.0756392478943
    outer loop
      vertex 24.4156417847 12.0022974014 12.1210775375
      vertex 24.4193820953 11.9983663559 12.1412992477
      vertex 24.4174118042 11.9805326462 12.121638298
    endloop
  endfacet
  facet normal 0.987984478474 0.131907731295 -0.0805419161916
    outer loop
      vertex 24.4579086304 11.7117986679 12.1208457947
      vertex 24.4563961029 11.7325124741 12.1195268631
      vertex 24.4545402527 11.7288646698 12.1356544495
    endloop
  endfacet
  facet normal 0.905695199966 -0.388518512249 -0.169615969062
    outer loop
      vertex 24.4049625397 12.1345233917 12.1795530319
      vertex 24.4109268188 12.1164512634 12.1855669022
      vertex 24.405210495 12.1167984009 12.1723928452
    endloop
  endfacet
  facet normal 0.882853984833 -0.282857447863 0.374914050102
    outer loop
      vertex 24.413110733 12.1705722809 12.1787405014
      vertex 24.4106197357 12.1730585098 12.1676702499
      vertex 24.4147014618 12.1821241379 12.1683940887
    endloop
  endfacet
  facet normal -0.456798195839 -0.876648068428 0.151074677706
    outer loop
      vertex 24.3566093445 12.0664129257 12.1795196533
      vertex 24.3432826996 12.0861330032 12.1830654144
      vertex 24.3578510284 12.0852479935 12.1756267548
    endloop
  endfacet
  facet normal -0.799027442932 -0.592879652977 0.10024420917
    outer loop
      vertex 24.3705291748 12.0654649734 12.1618852615
      vertex 24.3578510284 12.0852479935 12.1756267548
      vertex 24.3706645966 12.0861234665 12.1582098007
    endloop
  endfacet
  facet normal -0.784658610821 -0.615319728851 0.0754486694932
    outer loop
      vertex 24.3566093445 12.0664129257 12.1795196533
      vertex 24.3578510284 12.0852479935 12.1756267548
      vertex 24.3705291748 12.0654649734 12.1618852615
    endloop
  endfacet
  facet normal 0.908358454704 -0.322073876858 -0.266745746136
    outer loop
      vertex 24.4100494385 12.0815505981 12.1638011932
      vertex 24.4065647125 12.076051712 12.1494188309
      vertex 24.403837204 12.0924720764 12.1553258896
    endloop
  endfacet
  facet normal 0.994424581528 -0.0971187278628 -0.0410812683403
    outer loop
      vertex 24.4379005432 11.9093980789 12.1391506195
      vertex 24.4356365204 11.9205942154 12.1207046509
      vertex 24.437171936 11.9295578003 12.1402177811
    endloop
  endfacet
  facet normal 0.985624849796 0.168501168489 -0.0122875953093
    outer loop
      vertex 24.4561405182 11.7530269623 12.1195259094
      vertex 24.454164505 11.7437009811 12.1317644119
      vertex 24.4563961029 11.7325124741 12.1195268631
    endloop
  endfacet
  facet normal 0.956022918224 0.182991743088 -0.22920332849
    outer loop
      vertex 24.4460906982 11.780175209 12.134393692
      vertex 24.4409370422 11.7945547104 12.1433076859
      vertex 24.4436073303 11.7764530182 12.1520299911
    endloop
  endfacet
  facet normal -0.453196942806 -0.890955746174 -0.0284674931318
    outer loop
      vertex 24.3578510284 12.0852479935 12.1756267548
      vertex 24.3432826996 12.0861330032 12.1830654144
      vertex 24.3552532196 12.1046609879 12.1775684357
    endloop
  endfacet
  facet normal -0.453205615282 -0.890951097012 -0.0284744780511
    outer loop
      vertex 24.3552532196 12.1046609879 12.1775684357
      vertex 24.3432826996 12.0861330032 12.1830654144
      vertex 24.3408641815 12.1083936691 12.1850070953
    endloop
  endfacet
  facet normal -0.746223568916 -0.664859056473 0.0333590321243
    outer loop
      vertex 24.3552532196 12.1046609879 12.1775684357
      vertex 24.3678531647 12.1072864532 12.1632947922
      vertex 24.3578510284 12.0852479935 12.1756267548
    endloop
  endfacet
  facet normal -0.805842220783 -0.591096580029 -0.0349737890065
    outer loop
      vertex 24.3706645966 12.0861234665 12.1582098007
      vertex 24.3578510284 12.0852479935 12.1756267548
      vertex 24.3678531647 12.1072864532 12.1632947922
    endloop
  endfacet
  facet normal 0.99833470583 0.0327350832522 0.0474993549287
    outer loop
      vertex 24.4581203461 11.5048494339 12.1193571091
      vertex 24.4587516785 11.5044164658 12.0994749069
      vertex 24.4597415924 11.5250902176 12.0992832184
    endloop
  endfacet
  facet normal 0.752720415592 -0.591462910175 -0.28910830617
    outer loop
      vertex 24.3936519623 12.1024942398 12.1472625732
      vertex 24.402425766 12.1079292297 12.1610851288
      vertex 24.403837204 12.0924720764 12.1553258896
    endloop
  endfacet
  facet normal 0.996945142746 0.0229326747358 -0.0746626481414
    outer loop
      vertex 24.4358272552 11.9399862289 12.1647224426
      vertex 24.4375610352 11.9183149338 12.1599063873
      vertex 24.437171936 11.9295578003 12.1402177811
    endloop
  endfacet
  facet normal -0.469222396612 -0.881547212601 0.0520080775023
    outer loop
      vertex 24.3552532196 12.1046609879 12.1775684357
      vertex 24.3408641815 12.1083936691 12.1850070953
      vertex 24.3562793732 12.1233844757 12.1759176254
    endloop
  endfacet
  facet normal -0.553619980812 -0.830154716969 -0.0659400597215
    outer loop
      vertex 24.3562793732 12.1233844757 12.1759176254
      vertex 24.3408641815 12.1083936691 12.1850070953
      vertex 24.3429222107 12.1328163147 12.1855745316
    endloop
  endfacet
  facet normal 0.841835916042 0.252816915512 -0.476860463619
    outer loop
      vertex 24.4112510681 12.1862201691 12.1780509949
      vertex 24.398443222 12.2072820663 12.1809720993
      vertex 24.4015197754 12.1919469833 12.1996526718
    endloop
  endfacet
  facet normal -0.747978508472 -0.663492083549 0.0175052210689
    outer loop
      vertex 24.3552532196 12.1046609879 12.1775684357
      vertex 24.3562793732 12.1233844757 12.1759176254
      vertex 24.3678531647 12.1072864532 12.1632947922
    endloop
  endfacet
  facet normal 0.999240458012 -0.038713965565 -0.00443807058036
    outer loop
      vertex 24.4381847382 11.8158588409 12.1186733246
      vertex 24.4381465912 11.8363771439 12.1200408936
      vertex 24.4387836456 11.813627243 12.1338758469
    endloop
  endfacet
  facet normal 0.947619855404 0.0115186022595 -0.319192528725
    outer loop
      vertex 24.4292640686 11.9664592743 12.1359767914
      vertex 24.4308490753 11.9610528946 12.1553974152
      vertex 24.4348640442 11.9497175217 12.1392059326
    endloop
  endfacet
  facet normal 0.999983370304 -0.00454949215055 -0.00354156037793
    outer loop
      vertex 24.4381732941 11.8701925278 12.1394271851
      vertex 24.4380550385 11.8778486252 12.1193943024
      vertex 24.4381008148 11.8898687363 12.1388130188
    endloop
  endfacet
  facet normal -0.562741935253 -0.825238525867 -0.0479882061481
    outer loop
      vertex 24.3562793732 12.1233844757 12.1759176254
      vertex 24.3429222107 12.1328163147 12.1855745316
      vertex 24.3566951752 12.145529747 12.1769218445
    endloop
  endfacet
  facet normal -0.486080855131 -0.871382534504 0.0664672031999
    outer loop
      vertex 24.3566951752 12.145529747 12.1769218445
      vertex 24.3429222107 12.1328163147 12.1855745316
      vertex 24.3417663574 12.1526966095 12.1847028732
    endloop
  endfacet
  facet normal 0.985473096371 0.117826357484 -0.12231015414
    outer loop
      vertex 24.4112510681 12.1862201691 12.1780509949
      vertex 24.4108581543 12.1689252853 12.1992902756
      vertex 24.413110733 12.1705722809 12.1787405014
    endloop
  endfacet
  facet normal 0.884307324886 0.304544746876 -0.35391113162
    outer loop
      vertex 24.4112510681 12.1862201691 12.1780509949
      vertex 24.4015197754 12.1919469833 12.1996526718
      vertex 24.4108581543 12.1689252853 12.1992902756
    endloop
  endfacet
  facet normal 0.959585726261 0.234662726521 -0.155333966017
    outer loop
      vertex 24.4561405182 11.7530269623 12.1195259094
      vertex 24.4530601501 11.7723875046 12.1193065643
      vertex 24.4504184723 11.7611198425 12.1375675201
    endloop
  endfacet
  facet normal 0.999992251396 0.00171758059878 -0.00354848778807
    outer loop
      vertex 24.4381904602 11.8634366989 12.1599121094
      vertex 24.4381809235 11.8566684723 12.1794481277
      vertex 24.4382610321 11.8425455093 12.1619853973
    endloop
  endfacet
  facet normal -0.454341948032 -0.890591442585 -0.0205005202442
    outer loop
      vertex 24.3566951752 12.145529747 12.1769218445
      vertex 24.3417663574 12.1526966095 12.1847028732
      vertex 24.356502533 12.1669464111 12.1775131226
    endloop
  endfacet
  facet normal -0.379497528076 -0.922315835953 0.0729051306844
    outer loop
      vertex 24.356502533 12.1669464111 12.1775131226
      vertex 24.3417663574 12.1526966095 12.1847028732
      vertex 24.3407001495 12.1706371307 12.1837234497
    endloop
  endfacet
  facet normal 0.999984443188 -0.00460276799276 -0.00314282090403
    outer loop
      vertex 24.4177207947 12.0233364105 12.1993379593
      vertex 24.4175682068 12.0433511734 12.1798534393
      vertex 24.4176578522 12.0437517166 12.1996030807
    endloop
  endfacet
  facet normal 0.99995803833 0.00145907828119 -0.00904386397451
    outer loop
      vertex 24.417755127 12.0227575302 12.1793966293
      vertex 24.4175682068 12.0433511734 12.1798534393
      vertex 24.4177207947 12.0233364105 12.1993379593
    endloop
  endfacet
  facet normal 0.675685763359 -0.495654046535 0.545688390732
    outer loop
      vertex 24.4754524231 11.5264949799 12.1191539764
      vertex 24.4581203461 11.5048494339 12.1193571091
      vertex 24.4597415924 11.5250902176 12.0992832184
    endloop
  endfacet
  facet normal 0.924081206322 0.0711975321174 0.375506103039
    outer loop
      vertex 24.413110733 12.1705722809 12.1787405014
      vertex 24.4108581543 12.1689252853 12.1992902756
      vertex 24.4072570801 12.1562795639 12.1793336868
    endloop
  endfacet
  facet normal -0.351184278727 -0.933853030205 -0.067735530436
    outer loop
      vertex 24.3407001495 12.1706371307 12.1837234497
      vertex 24.3564949036 12.1895084381 12.1791524887
      vertex 24.356502533 12.1669464111 12.1775131226
    endloop
  endfacet
  facet normal -0.474245905876 -0.873270988464 -0.111752271652
    outer loop
      vertex 24.3776493073 12.171998024 12.1654233932
      vertex 24.3564949036 12.1895084381 12.1791524887
      vertex 24.3796062469 12.1899833679 12.1666622162
    endloop
  endfacet
  facet normal -0.506532907486 -0.859965920448 -0.0623143427074
    outer loop
      vertex 24.356502533 12.1669464111 12.1775131226
      vertex 24.3564949036 12.1895084381 12.1791524887
      vertex 24.3776493073 12.171998024 12.1654233932
    endloop
  endfacet
  facet normal 0.99945551157 0.0314034856856 -0.0101227900013
    outer loop
      vertex 24.4179821014 12.0025310516 12.1786928177
      vertex 24.4184589386 12.0126104355 12.1602678299
      vertex 24.417755127 12.0227575302 12.1793966293
    endloop
  endfacet
  facet normal 0.999387145042 0.000704728066921 -0.0349970757961
    outer loop
      vertex 24.4184780121 12.0017299652 12.1985006332
      vertex 24.417755127 12.0227575302 12.1793966293
      vertex 24.4177207947 12.0233364105 12.1993379593
    endloop
  endfacet
  facet normal -0.353229284286 -0.934914767742 -0.0341094732285
    outer loop
      vertex 24.3564949036 12.1895084381 12.1791524887
      vertex 24.3421497345 12.2119579315 12.1853914261
      vertex 24.3572883606 12.2110042572 12.1796369553
    endloop
  endfacet
  facet normal -0.448944807053 -0.816939115524 -0.362020760775
    outer loop
      vertex 24.3796062469 12.1899833679 12.1666622162
      vertex 24.3564949036 12.1895084381 12.1791524887
      vertex 24.3763561249 12.2100753784 12.1773519516
    endloop
  endfacet
  facet normal -0.117659382522 -0.992694556713 -0.0267163552344
    outer loop
      vertex 24.3564949036 12.1895084381 12.1791524887
      vertex 24.3572883606 12.2110042572 12.1796369553
      vertex 24.3763561249 12.2100753784 12.1773519516
    endloop
  endfacet
  facet normal -0.145856082439 -0.882975995541 -0.446183115244
    outer loop
      vertex 24.3796062469 12.1899833679 12.1666622162
      vertex 24.3763561249 12.2100753784 12.1773519516
      vertex 24.3950996399 12.2022914886 12.1703224182
    endloop
  endfacet
  facet normal 0.999625980854 -0.0245385095477 -0.0120713058859
    outer loop
      vertex 24.4179821014 12.0025310516 12.1786928177
      vertex 24.417755127 12.0227575302 12.1793966293
      vertex 24.4184780121 12.0017299652 12.1985006332
    endloop
  endfacet
  facet normal 0.998135924339 -0.0226981136948 -0.0566527172923
    outer loop
      vertex 24.419128418 11.9827003479 12.179605484
      vertex 24.4179821014 12.0025310516 12.1786928177
      vertex 24.4184780121 12.0017299652 12.1985006332
    endloop
  endfacet
  facet normal 0.740597009659 -0.463994950056 -0.486029595137
    outer loop
      vertex 24.4333381653 11.9801425934 12.1996068954
      vertex 24.419128418 11.9827003479 12.179605484
      vertex 24.4184780121 12.0017299652 12.1985006332
    endloop
  endfacet
  facet normal -0.354639858007 -0.934928536415 -0.0118002574891
    outer loop
      vertex 24.3572883606 12.2110042572 12.1796369553
      vertex 24.3421497345 12.2119579315 12.1853914261
      vertex 24.3546218872 12.2279605865 12.1808624268
    endloop
  endfacet
  facet normal -0.103326365352 -0.975249409676 0.195479676127
    outer loop
      vertex 24.3546218872 12.2279605865 12.1808624268
      vertex 24.3421497345 12.2119579315 12.1853914261
      vertex 24.3381767273 12.2322425842 12.1817464828
    endloop
  endfacet
  facet normal -0.104154996574 -0.965751469135 -0.237646356225
    outer loop
      vertex 24.3763561249 12.2100753784 12.1773519516
      vertex 24.3572883606 12.2110042572 12.1796369553
      vertex 24.3752536774 12.2298536301 12.1823377609
    endloop
  endfacet
  facet normal 0.063608944416 -0.994609832764 -0.0818855017424
    outer loop
      vertex 24.3752536774 12.2298536301 12.1823377609
      vertex 24.3572883606 12.2110042572 12.1796369553
      vertex 24.3546218872 12.2279605865 12.1808624268
    endloop
  endfacet
  facet normal -0.112011618912 -0.856529355049 -0.50379639864
    outer loop
      vertex 24.3950996399 12.2022914886 12.1703224182
      vertex 24.3763561249 12.2100753784 12.1773519516
      vertex 24.3923397064 12.2231206894 12.182934761
    endloop
  endfacet
  facet normal 0.131726101041 -0.959450185299 -0.249205976725
    outer loop
      vertex 24.3763561249 12.2100753784 12.1773519516
      vertex 24.3752536774 12.2298536301 12.1823377609
      vertex 24.3923397064 12.2231206894 12.182934761
    endloop
  endfacet
  facet normal 0.822401940823 -0.431788623333 -0.370423555374
    outer loop
      vertex 24.3950996399 12.2022914886 12.1703224182
      vertex 24.3923397064 12.2231206894 12.182934761
      vertex 24.398443222 12.2072820663 12.1809720993
    endloop
  endfacet
  facet normal 0.0265253055841 -0.953941345215 -0.298818290234
    outer loop
      vertex 24.3546218872 12.2279605865 12.1808624268
      vertex 24.3381767273 12.2322425842 12.1817464828
      vertex 24.3560829163 12.2430229187 12.1856212616
    endloop
  endfacet
  facet normal 0.0409216694534 -0.953875303268 -0.297400981188
    outer loop
      vertex 24.3560829163 12.2430229187 12.1856212616
      vertex 24.3752536774 12.2298536301 12.1823377609
      vertex 24.3546218872 12.2279605865 12.1808624268
    endloop
  endfacet
  facet normal 0.993363678455 0.100066393614 0.0567032694817
    outer loop
      vertex 24.4380073547 11.8369989395 12.1988210678
      vertex 24.4361362457 11.8369150162 12.2173480988
      vertex 24.4367771149 11.8160257339 12.1991491318
    endloop
  endfacet
  facet normal 0.0914566293359 0.98651021719 0.135769367218
    outer loop
      vertex 24.4373836517 11.7952680588 12.1981935501
      vertex 24.4182548523 11.7959089279 12.2000551224
      vertex 24.4347286224 11.7751789093 12.1956748962
    endloop
  endfacet
  facet normal 0.0953437313437 0.994515359402 0.0429968312383
    outer loop
      vertex 24.4182548523 11.7959089279 12.2000551224
      vertex 24.4373836517 11.7952680588 12.1981935501
      vertex 24.4367771149 11.8160257339 12.1991491318
    endloop
  endfacet
  facet normal 0.183220654726 0.981133043766 0.0617099814117
    outer loop
      vertex 24.4347286224 11.7751789093 12.1956748962
      vertex 24.4182548523 11.7959089279 12.2000551224
      vertex 24.4156932831 11.7743387222 12.1991767883
    endloop
  endfacet
  facet normal 0.99996650219 0.00815071258694 -0.000786985910963
    outer loop
      vertex 24.4380245209 11.85734272 12.1993131638
      vertex 24.4381694794 11.8778753281 12.1795463562
      vertex 24.4380054474 11.8777246475 12.1996850967
    endloop
  endfacet
  facet normal 0.999969005585 0.00785592850298 -0.000503178744111
    outer loop
      vertex 24.4381809235 11.8566684723 12.1794481277
      vertex 24.4381694794 11.8778753281 12.1795463562
      vertex 24.4380245209 11.85734272 12.1993131638
    endloop
  endfacet
  facet normal -0.0415352322161 0.998313724995 0.0405528023839
    outer loop
      vertex 24.3966083527 11.7743530273 12.1983833313
      vertex 24.4156932831 11.7743387222 12.1991767883
      vertex 24.3983020782 11.7940998077 12.1992559433
    endloop
  endfacet
  facet normal 0.996610581875 0.0782054066658 -0.0255206488073
    outer loop
      vertex 24.4367771149 11.8160257339 12.1991491318
      vertex 24.4373836517 11.7952680588 12.1981935501
      vertex 24.4386310577 11.8080873489 12.1781139374
    endloop
  endfacet
  facet normal 0.697859108448 0.711034417152 0.0861551463604
    outer loop
      vertex 24.4181632996 11.7541799545 12.1985836029
      vertex 24.4176082611 11.7341632843 12.1967029572
      vertex 24.4375038147 11.7534418106 12.1795120239
    endloop
  endfacet
  facet normal 0.666347205639 0.745283901691 0.0230938624591
    outer loop
      vertex 24.4375038147 11.7534418106 12.1795120239
      vertex 24.4176082611 11.7341632843 12.1967029572
      vertex 24.4374103546 11.7324943542 12.1789464951
    endloop
  endfacet
  facet normal -0.487738579512 0.68356782198 0.542997360229
    outer loop
      vertex 24.4176082611 11.7341632843 12.1967029572
      vertex 24.3981361389 11.7536611557 12.1982975006
      vertex 24.3969860077 11.7325162888 12.180680275
    endloop
  endfacet
  facet normal 0.998541414738 0.0326437689364 0.0430047884583
    outer loop
      vertex 24.4572544098 11.4839582443 12.1183233261
      vertex 24.4587516785 11.5044164658 12.0994749069
      vertex 24.4581203461 11.5048494339 12.1193571091
    endloop
  endfacet
  facet normal 0.547734200954 0.659254074097 0.515142023563
    outer loop
      vertex 24.4176082611 11.7341632843 12.1967029572
      vertex 24.4174594879 11.7125139236 12.1799097061
      vertex 24.4374103546 11.7324943542 12.1789464951
    endloop
  endfacet
  facet normal -0.146744385362 0.971219062805 0.187615722418
    outer loop
      vertex 24.3969860077 11.7325162888 12.180680275
      vertex 24.3988304138 11.7138490677 12.1773529053
      vertex 24.4174594879 11.7125139236 12.1799097061
    endloop
  endfacet
  facet normal -0.492982953787 0.689098894596 0.531140744686
    outer loop
      vertex 24.4176082611 11.7341632843 12.1967029572
      vertex 24.3969860077 11.7325162888 12.180680275
      vertex 24.4174594879 11.7125139236 12.1799097061
    endloop
  endfacet
  facet normal 0.274930357933 0.939303815365 0.20523545146
    outer loop
      vertex 24.4240055084 11.6321706772 12.1540260315
      vertex 24.4509143829 11.6173381805 12.14290905
      vertex 24.4739952087 11.6280221939 12.1384878159
    endloop
  endfacet
  facet normal -0.213296532631 0.957969725132 0.1918297261
    outer loop
      vertex 24.382692337 11.7346363068 12.1779222488
      vertex 24.3988304138 11.7138490677 12.1773529053
      vertex 24.3969860077 11.7325162888 12.180680275
    endloop
  endfacet
  facet normal 0.992617487907 0.116281308234 -0.0344850979745
    outer loop
      vertex 24.4595108032 11.4839324951 12.0990695953
      vertex 24.4587516785 11.5044164658 12.0994749069
      vertex 24.4572544098 11.4839582443 12.1183233261
    endloop
  endfacet
  facet normal -0.138313129544 0.989790439606 0.0344139449298
    outer loop
      vertex 24.4174594879 11.7125139236 12.1799097061
      vertex 24.3988304138 11.7138490677 12.1773529053
      vertex 24.4025592804 11.6935138702 12.1771669388
    endloop
  endfacet
  facet normal 0.70247644186 0.710115492344 0.0475696325302
    outer loop
      vertex 24.4387130737 11.4630641937 12.1196327209
      vertex 24.4381160736 11.4435138702 12.1189136505
      vertex 24.4585018158 11.4631891251 12.1000652313
    endloop
  endfacet
  facet normal 0.928173482418 0.328366696835 -0.17512640357
    outer loop
      vertex 24.4495735168 11.7427625656 12.1469125748
      vertex 24.4440803528 11.7394695282 12.1641960144
      vertex 24.4503879547 11.7267103195 12.1531715393
    endloop
  endfacet
  facet normal -0.611600756645 0.623883247375 0.486532837152
    outer loop
      vertex 24.3981361389 11.7536611557 12.1982975006
      vertex 24.3799724579 11.7536220551 12.1804609299
      vertex 24.3969860077 11.7325162888 12.180680275
    endloop
  endfacet
  facet normal -0.20973958075 0.964734911919 0.159046754241
    outer loop
      vertex 24.3799724579 11.7536220551 12.1804609299
      vertex 24.382692337 11.7346363068 12.1779222488
      vertex 24.3969860077 11.7325162888 12.180680275
    endloop
  endfacet
  facet normal 0.966821432114 -0.205248609185 -0.152083143592
    outer loop
      vertex 24.4100494385 12.0815505981 12.1638011932
      vertex 24.410320282 12.0974769592 12.1768779755
      vertex 24.4146728516 12.0726499557 12.178984642
    endloop
  endfacet
  facet normal 0.999984800816 -0.00523104798049 -0.00174277101178
    outer loop
      vertex 24.4382171631 11.8499393463 12.1410655975
      vertex 24.4380912781 11.8570995331 12.119386673
      vertex 24.4381732941 11.8701925278 12.1394271851
    endloop
  endfacet
  facet normal -0.69954764843 0.712496459484 0.0546065047383
    outer loop
      vertex 24.3966083527 11.7743530273 12.1983833313
      vertex 24.3799724579 11.7536220551 12.1804609299
      vertex 24.3981361389 11.7536611557 12.1982975006
    endloop
  endfacet
  facet normal -0.752739369869 0.657346904278 -0.0357562042773
    outer loop
      vertex 24.3800354004 11.7749166489 12.1793746948
      vertex 24.3799724579 11.7536220551 12.1804609299
      vertex 24.3966083527 11.7743530273 12.1983833313
    endloop
  endfacet
  facet normal 0.944659650326 -0.174912840128 -0.277531385422
    outer loop
      vertex 24.4307117462 11.971206665 12.1848602295
      vertex 24.4365634918 11.9604473114 12.1993923187
      vertex 24.4334468842 11.9578752518 12.1784791946
    endloop
  endfacet
  facet normal 0.913721442223 0.406062781811 0.0150393797085
    outer loop
      vertex 24.4374103546 11.7324943542 12.1789464951
      vertex 24.4440803528 11.7394695282 12.1641960144
      vertex 24.4375038147 11.7534418106 12.1795120239
    endloop
  endfacet
  facet normal -0.998816668987 0.0482425279915 0.00615405617282
    outer loop
      vertex 24.3800354004 11.7749166489 12.1793746948
      vertex 24.3806934357 11.7962694168 12.19572258
      vertex 24.3798389435 11.7957897186 12.1779699326
    endloop
  endfacet
  facet normal -0.687471568584 0.586691319942 0.427990883589
    outer loop
      vertex 24.3966083527 11.7743530273 12.1983833313
      vertex 24.3806934357 11.7962694168 12.19572258
      vertex 24.3800354004 11.7749166489 12.1793746948
    endloop
  endfacet
  facet normal 0.996531307697 -0.0410410165787 -0.072394490242
    outer loop
      vertex 24.4162693024 12.055273056 12.1693439484
      vertex 24.4168586731 12.0562095642 12.1853065491
      vertex 24.4175682068 12.0433511734 12.1798534393
    endloop
  endfacet
  facet normal 0.654630422592 -0.733138680458 -0.184300452471
    outer loop
      vertex 24.3954429626 12.0840835571 12.1415071487
      vertex 24.4065647125 12.076051712 12.1494188309
      vertex 24.3975315094 12.0631027222 12.1380977631
    endloop
  endfacet
  facet normal -0.994682252407 0.0503055863082 0.0898694619536
    outer loop
      vertex 24.3798389435 11.7957897186 12.1779699326
      vertex 24.3806934357 11.7962694168 12.19572258
      vertex 24.3782253265 11.8149337769 12.180264473
    endloop
  endfacet
  facet normal -0.991817295551 0.00430011423305 0.127593055367
    outer loop
      vertex 24.3806934357 11.7962694168 12.19572258
      vertex 24.3780956268 11.8165245056 12.1975498199
      vertex 24.3782253265 11.8149337769 12.180264473
    endloop
  endfacet
  facet normal 0.75545078516 -0.59085804224 -0.283162355423
    outer loop
      vertex 24.3936519623 12.1024942398 12.1472625732
      vertex 24.3955764771 12.1255836487 12.1607885361
      vertex 24.402425766 12.1079292297 12.1610851288
    endloop
  endfacet
  facet normal 0.972235023975 -0.028237933293 0.232296600938
    outer loop
      vertex 24.4108581543 12.1689252853 12.1992902756
      vertex 24.405714035 12.147652626 12.1971750259
      vertex 24.4072570801 12.1562795639 12.1793336868
    endloop
  endfacet
  facet normal -0.999435245991 -0.0104387337342 -0.0319410786033
    outer loop
      vertex 24.3782253265 11.8149337769 12.180264473
      vertex 24.3780956268 11.8165245056 12.1975498199
      vertex 24.378868103 11.834813118 12.1795511246
    endloop
  endfacet
  facet normal -0.997794568539 -0.0632580444217 0.0201102495193
    outer loop
      vertex 24.3780956268 11.8165245056 12.1975498199
      vertex 24.3775806427 11.8372163773 12.1990947723
      vertex 24.378868103 11.834813118 12.1795511246
    endloop
  endfacet
  facet normal 0.999984741211 -0.00523477466777 -0.00174847524613
    outer loop
      vertex 24.4380550385 11.8778486252 12.1193943024
      vertex 24.4381732941 11.8701925278 12.1394271851
      vertex 24.4380912781 11.8570995331 12.119386673
    endloop
  endfacet
  facet normal 0.958745419979 0.244994565845 -0.144169777632
    outer loop
      vertex 24.4495735168 11.7427625656 12.1469125748
      vertex 24.4503879547 11.7267103195 12.1531715393
      vertex 24.4545402527 11.7288646698 12.1356544495
    endloop
  endfacet
  facet normal -0.667097210884 -0.523327946663 0.530197262764
    outer loop
      vertex 24.3619480133 11.8589582443 12.1969947815
      vertex 24.3785762787 11.8562660217 12.1785259247
      vertex 24.3775806427 11.8372163773 12.1990947723
    endloop
  endfacet
  facet normal -0.997831404209 -0.0636900067329 0.0166171602905
    outer loop
      vertex 24.3785762787 11.8562660217 12.1785259247
      vertex 24.378868103 11.834813118 12.1795511246
      vertex 24.3775806427 11.8372163773 12.1990947723
    endloop
  endfacet
  facet normal 0.996298313141 -0.0331740379333 -0.0793040767312
    outer loop
      vertex 24.4174404144 12.0366783142 12.1600637436
      vertex 24.4162693024 12.055273056 12.1693439484
      vertex 24.4175682068 12.0433511734 12.1798534393
    endloop
  endfacet
  facet normal 0.609520733356 0.613204419613 0.502458751202
    outer loop
      vertex 24.4585018158 11.4631891251 12.1000652313
      vertex 24.4572544098 11.4839582443 12.1183233261
      vertex 24.4387130737 11.4630641937 12.1196327209
    endloop
  endfacet
  facet normal -0.799829185009 -0.600111603737 -0.0118052978069
    outer loop
      vertex 24.3604354858 11.8787946701 12.1994009018
      vertex 24.3755912781 11.8780126572 12.1791858673
      vertex 24.3619480133 11.8589582443 12.1969947815
    endloop
  endfacet
  facet normal -0.746584415436 -0.660162568092 0.0824444964528
    outer loop
      vertex 24.3785762787 11.8562660217 12.1785259247
      vertex 24.3619480133 11.8589582443 12.1969947815
      vertex 24.3755912781 11.8780126572 12.1791858673
    endloop
  endfacet
  facet normal -0.807739078999 -0.588059306145 0.041759505868
    outer loop
      vertex 24.3593025208 11.8989095688 12.1995286942
      vertex 24.3724918365 11.8987560272 12.1814231873
      vertex 24.3604354858 11.8787946701 12.1994009018
    endloop
  endfacet
  facet normal -0.799911439419 -0.597586214542 0.0550674162805
    outer loop
      vertex 24.3755912781 11.8780126572 12.1791858673
      vertex 24.3604354858 11.8787946701 12.1994009018
      vertex 24.3724918365 11.8987560272 12.1814231873
    endloop
  endfacet
  facet normal 0.833678662777 -0.453026294708 -0.315827637911
    outer loop
      vertex 24.405210495 12.1167984009 12.1723928452
      vertex 24.402425766 12.1079292297 12.1610851288
      vertex 24.3955764771 12.1255836487 12.1607885361
    endloop
  endfacet
  facet normal 0.993522644043 -0.00272929249331 -0.113601773977
    outer loop
      vertex 24.4348640442 11.9497175217 12.1392059326
      vertex 24.437171936 11.9295578003 12.1402177811
      vertex 24.4359016418 11.9402427673 12.1225452423
    endloop
  endfacet
  facet normal -0.852124989033 -0.514234662056 0.097189001739
    outer loop
      vertex 24.3724918365 11.8987560272 12.1814231873
      vertex 24.3603782654 11.9184007645 12.1977834702
      vertex 24.3730392456 11.9192771912 12.1766376495
    endloop
  endfacet
  facet normal -0.808281779289 -0.588740050793 0.00810517556965
    outer loop
      vertex 24.3593025208 11.8989095688 12.1995286942
      vertex 24.3603782654 11.9184007645 12.1977834702
      vertex 24.3724918365 11.8987560272 12.1814231873
    endloop
  endfacet
  facet normal 0.999995410442 -0.00168882263824 0.0025193428155
    outer loop
      vertex 24.4380054474 11.9076919556 12.1768798828
      vertex 24.4380378723 11.9122886658 12.1892223358
      vertex 24.4380187988 11.8984174728 12.1986207962
    endloop
  endfacet
  facet normal 0.981770575047 0.168612003326 -0.0877299830317
    outer loop
      vertex 24.440284729 11.7737131119 12.1728019714
      vertex 24.4436073303 11.7764530182 12.1520299911
      vertex 24.4401321411 11.7918930054 12.1642313004
    endloop
  endfacet
  facet normal -0.978473424911 -0.153804183006 0.13760112226
    outer loop
      vertex 24.3597927094 11.9407501221 12.1815137863
      vertex 24.3603782654 11.9184007645 12.1977834702
      vertex 24.3570556641 11.9399499893 12.1996421814
    endloop
  endfacet
  facet normal -0.788224458694 -0.487511664629 0.375545680523
    outer loop
      vertex 24.3730392456 11.9192771912 12.1766376495
      vertex 24.3603782654 11.9184007645 12.1977834702
      vertex 24.3597927094 11.9407501221 12.1815137863
    endloop
  endfacet
  facet normal 0.965037882328 0.0608058348298 -0.254959851503
    outer loop
      vertex 24.4348640442 11.9497175217 12.1392059326
      vertex 24.4308490753 11.9610528946 12.1553974152
      vertex 24.4358272552 11.9399862289 12.1647224426
    endloop
  endfacet
  facet normal -0.990508973598 -0.13673107326 0.0140192694962
    outer loop
      vertex 24.3598251343 11.9600381851 12.1793012619
      vertex 24.3597927094 11.9407501221 12.1815137863
      vertex 24.3571395874 11.960518837 12.1987066269
    endloop
  endfacet
  facet normal -0.988771855831 -0.149407565594 0.00276136444882
    outer loop
      vertex 24.3570556641 11.9399499893 12.1996421814
      vertex 24.3571395874 11.960518837 12.1987066269
      vertex 24.3597927094 11.9407501221 12.1815137863
    endloop
  endfacet
  facet normal 0.890941560268 -0.295136362314 -0.34513425827
    outer loop
      vertex 24.405714035 12.147652626 12.1971750259
      vertex 24.4149913788 12.1266918182 12.2006692886
      vertex 24.4049625397 12.1345233917 12.1795530319
    endloop
  endfacet
  facet normal 0.950997471809 0.186034202576 -0.246971845627
    outer loop
      vertex 24.4460906982 11.780175209 12.134393692
      vertex 24.4436073303 11.7764530182 12.1520299911
      vertex 24.4504184723 11.7611198425 12.1375675201
    endloop
  endfacet
  facet normal -0.990437090397 -0.136586502194 0.019454786554
    outer loop
      vertex 24.3598251343 11.9600381851 12.1793012619
      vertex 24.3571395874 11.960518837 12.1987066269
      vertex 24.359331131 11.9802532196 12.1800041199
    endloop
  endfacet
  facet normal -0.992247998714 -0.124054588377 0.00737706245854
    outer loop
      vertex 24.3571395874 11.960518837 12.1987066269
      vertex 24.3569164276 11.9818267822 12.199224472
      vertex 24.359331131 11.9802532196 12.1800041199
    endloop
  endfacet
  facet normal 0.931275606155 0.0251716598868 -0.363444775343
    outer loop
      vertex 24.4308490753 11.9610528946 12.1553974152
      vertex 24.4292640686 11.9664592743 12.1359767914
      vertex 24.4241638184 11.9787664413 12.1469717026
    endloop
  endfacet
  facet normal 0.993797004223 -0.0316838473082 -0.10660059005
    outer loop
      vertex 24.4193820953 11.9983663559 12.1412992477
      vertex 24.4166431427 12.0232639313 12.1391572952
      vertex 24.4184589386 12.0126104355 12.1602678299
    endloop
  endfacet
  facet normal -0.992220878601 -0.123181335628 0.018002005294
    outer loop
      vertex 24.359331131 11.9802532196 12.1800041199
      vertex 24.3569164276 11.9818267822 12.199224472
      vertex 24.3589706421 12.0009641647 12.1798810959
    endloop
  endfacet
  facet normal -0.992933690548 -0.117991171777 0.0126794669777
    outer loop
      vertex 24.3569164276 11.9818267822 12.199224472
      vertex 24.3566398621 12.0025882721 12.1993207932
      vertex 24.3589706421 12.0009641647 12.1798810959
    endloop
  endfacet
  facet normal 0.683761179447 -0.064009450376 -0.726893007755
    outer loop
      vertex 24.4112510681 12.1862201691 12.1780509949
      vertex 24.4147014618 12.1821241379 12.1683940887
      vertex 24.412322998 12.184296608 12.1676578522
    endloop
  endfacet
  facet normal 0.717297136784 -0.0545788295567 -0.694626510143
    outer loop
      vertex 24.412322998 12.184296608 12.1676578522
      vertex 24.3950996399 12.2022914886 12.1703224182
      vertex 24.4112510681 12.1862201691 12.1780509949
    endloop
  endfacet
  facet normal -0.992894351482 -0.117443561554 0.0191775579005
    outer loop
      vertex 24.3589706421 12.0009641647 12.1798810959
      vertex 24.3566398621 12.0025882721 12.1993207932
      vertex 24.3585796356 12.0218095779 12.1797828674
    endloop
  endfacet
  facet normal -0.989027321339 -0.141136661172 0.043651226908
    outer loop
      vertex 24.3566398621 12.0025882721 12.1993207932
      vertex 24.3555965424 12.0240936279 12.1999807358
      vertex 24.3585796356 12.0218095779 12.1797828674
    endloop
  endfacet
  facet normal 0.726231694221 -0.4651953578 -0.506143093109
    outer loop
      vertex 24.398443222 12.2072820663 12.1809720993
      vertex 24.4112510681 12.1862201691 12.1780509949
      vertex 24.3950996399 12.2022914886 12.1703224182
    endloop
  endfacet
  facet normal 0.949923157692 0.286172777414 -0.125503286719
    outer loop
      vertex 24.4112510681 12.1862201691 12.1780509949
      vertex 24.413110733 12.1705722809 12.1787405014
      vertex 24.4147014618 12.1821241379 12.1683940887
    endloop
  endfacet
  facet normal -0.726400315762 -0.516646683216 0.453231573105
    outer loop
      vertex 24.3435192108 12.0440969467 12.1994132996
      vertex 24.3574790955 12.0439872742 12.1798820496
      vertex 24.3555965424 12.0240936279 12.1999807358
    endloop
  endfacet
  facet normal -0.9888843894 -0.140573635697 0.0484433397651
    outer loop
      vertex 24.3574790955 12.0439872742 12.1798820496
      vertex 24.3585796356 12.0218095779 12.1797828674
      vertex 24.3555965424 12.0240936279 12.1999807358
    endloop
  endfacet
  facet normal -0.527279734612 -0.849485754967 -0.0187096074224
    outer loop
      vertex 24.3566951752 12.145529747 12.1769218445
      vertex 24.356502533 12.1669464111 12.1775131226
      vertex 24.3771457672 12.1509590149 12.1643476486
    endloop
  endfacet
  facet normal -0.505608141422 -0.860935986042 -0.0561215393245
    outer loop
      vertex 24.3771457672 12.1509590149 12.1643476486
      vertex 24.356502533 12.1669464111 12.1775131226
      vertex 24.3776493073 12.171998024 12.1654233932
    endloop
  endfacet
  facet normal -0.75023150444 -0.538380563259 -0.383795648813
    outer loop
      vertex 24.3435192108 12.0440969467 12.1994132996
      vertex 24.3540401459 12.0647525787 12.1994771957
      vertex 24.3574790955 12.0439872742 12.1798820496
    endloop
  endfacet
  facet normal -0.990567862988 -0.130890890956 0.040533170104
    outer loop
      vertex 24.3540401459 12.0647525787 12.1994771957
      vertex 24.3566093445 12.0664129257 12.1795196533
      vertex 24.3574790955 12.0439872742 12.1798820496
    endloop
  endfacet
  facet normal 0.992387592793 -0.0434023402631 -0.115252234042
    outer loop
      vertex 24.4168586731 12.0562095642 12.1853065491
      vertex 24.4162693024 12.055273056 12.1693439484
      vertex 24.4146728516 12.0726499557 12.178984642
    endloop
  endfacet
  facet normal 0.968805968761 -0.245175436139 -0.0361110083759
    outer loop
      vertex 24.4158611298 12.1044368744 12.1997976303
      vertex 24.4164733887 12.0834913254 12.1991319656
      vertex 24.410320282 12.0974769592 12.1768779755
    endloop
  endfacet
  facet normal -0.831404924393 -0.15150500834 0.534613907337
    outer loop
      vertex 24.3540401459 12.0647525787 12.1994771957
      vertex 24.3432826996 12.0861330032 12.1830654144
      vertex 24.3566093445 12.0664129257 12.1795196533
    endloop
  endfacet
  facet normal -0.879178404808 -0.0420516952872 0.474633574486
    outer loop
      vertex 24.3410835266 12.0887479782 12.1995286942
      vertex 24.3432826996 12.0861330032 12.1830654144
      vertex 24.3540401459 12.0647525787 12.1994771957
    endloop
  endfacet
  facet normal 0.999997675419 -0.000127032908495 -0.00215569674037
    outer loop
      vertex 24.4381732941 11.8701925278 12.1394271851
      vertex 24.4381904602 11.8634366989 12.1599121094
      vertex 24.4382171631 11.8499393463 12.1410655975
    endloop
  endfacet
  facet normal 0.999976873398 -0.000383352540666 -0.00678964145482
    outer loop
      vertex 24.4381580353 11.8825349808 12.1581830978
      vertex 24.4381008148 11.8898687363 12.1388130188
      vertex 24.4380378723 11.9002075195 12.157740593
    endloop
  endfacet
  facet normal -0.988410592079 -0.116590611637 0.0972166731954
    outer loop
      vertex 24.3432826996 12.0861330032 12.1830654144
      vertex 24.3410835266 12.0887479782 12.1995286942
      vertex 24.3408641815 12.1083936691 12.1850070953
    endloop
  endfacet
  facet normal -0.969024598598 -0.193303644657 0.153704509139
    outer loop
      vertex 24.3410835266 12.0887479782 12.1995286942
      vertex 24.3378620148 12.1077985764 12.2005300522
      vertex 24.3408641815 12.1083936691 12.1850070953
    endloop
  endfacet
  facet normal 0.912782132626 -0.367093384266 -0.179084479809
    outer loop
      vertex 24.4109268188 12.1164512634 12.1855669022
      vertex 24.4049625397 12.1345233917 12.1795530319
      vertex 24.4149913788 12.1266918182 12.2006692886
    endloop
  endfacet
  facet normal -0.92062330246 -0.380766808987 -0.0864254310727
    outer loop
      vertex 24.3429222107 12.1328163147 12.1855745316
      vertex 24.3408641815 12.1083936691 12.1850070953
      vertex 24.3369178772 12.1261291504 12.1985740662
    endloop
  endfacet
  facet normal -0.97882527113 -0.192024722695 0.0709057301283
    outer loop
      vertex 24.3378620148 12.1077985764 12.2005300522
      vertex 24.3369178772 12.1261291504 12.1985740662
      vertex 24.3408641815 12.1083936691 12.1850070953
    endloop
  endfacet
  facet normal 0.999829947948 0.00816560536623 -0.0165343545377
    outer loop
      vertex 24.4382362366 11.8307733536 12.1805210114
      vertex 24.4386310577 11.8080873489 12.1781139374
      vertex 24.4384746552 11.8242559433 12.164525032
    endloop
  endfacet
  facet normal 0.995902895927 -0.0492804758251 -0.0758208557963
    outer loop
      vertex 24.4364395142 11.8988056183 12.1189899445
      vertex 24.4381008148 11.8898687363 12.1388130188
      vertex 24.4380550385 11.8778486252 12.1193943024
    endloop
  endfacet
  facet normal -0.941360771656 -0.3302269876 0.0692102238536
    outer loop
      vertex 24.3417663574 12.1526966095 12.1847028732
      vertex 24.3429222107 12.1328163147 12.1855745316
      vertex 24.3369865417 12.1453771591 12.1998624802
    endloop
  endfacet
  facet normal -0.913287878036 -0.406175106764 -0.030446505174
    outer loop
      vertex 24.3369178772 12.1261291504 12.1985740662
      vertex 24.3369865417 12.1453771591 12.1998624802
      vertex 24.3429222107 12.1328163147 12.1855745316
    endloop
  endfacet
  facet normal 0.994472622871 -0.0952636897564 -0.0441472269595
    outer loop
      vertex 24.4356365204 11.9205942154 12.1207046509
      vertex 24.4379005432 11.9093980789 12.1391506195
      vertex 24.4364395142 11.8988056183 12.1189899445
    endloop
  endfacet
  facet normal 0.993459045887 0.00598699459806 -0.114031985402
    outer loop
      vertex 24.437171936 11.9295578003 12.1402177811
      vertex 24.4348640442 11.9497175217 12.1392059326
      vertex 24.4358272552 11.9399862289 12.1647224426
    endloop
  endfacet
  facet normal -0.959584534168 -0.27208545804 0.071882173419
    outer loop
      vertex 24.3407001495 12.1706371307 12.1837234497
      vertex 24.3417663574 12.1526966095 12.1847028732
      vertex 24.3364868164 12.1665410995 12.1996650696
    endloop
  endfacet
  facet normal -0.949837565422 -0.311715781689 0.025335367769
    outer loop
      vertex 24.3369865417 12.1453771591 12.1998624802
      vertex 24.3364868164 12.1665410995 12.1996650696
      vertex 24.3417663574 12.1526966095 12.1847028732
    endloop
  endfacet
  facet normal 0.999869227409 0.00960144773126 -0.0130117340013
    outer loop
      vertex 24.4382610321 11.8425455093 12.1619853973
      vertex 24.4382362366 11.8307733536 12.1805210114
      vertex 24.4384746552 11.8242559433 12.164525032
    endloop
  endfacet
  facet normal 0.999997317791 -3.09772985929e-05 -0.00231403904036
    outer loop
      vertex 24.4381580353 11.8825349808 12.1581830978
      vertex 24.4381332397 11.8934650421 12.1742324829
      vertex 24.4381694794 11.8778753281 12.1795463562
    endloop
  endfacet
  facet normal -0.968703627586 -0.237407714128 -0.072462528944
    outer loop
      vertex 24.338432312 12.1877374649 12.1981964111
      vertex 24.3407001495 12.1706371307 12.1837234497
      vertex 24.3364868164 12.1665410995 12.1996650696
    endloop
  endfacet
  facet normal -0.677398741245 -0.603358447552 -0.42082002759
    outer loop
      vertex 24.3407001495 12.1706371307 12.1837234497
      vertex 24.338432312 12.1877374649 12.1981964111
      vertex 24.3564949036 12.1895084381 12.1791524887
    endloop
  endfacet
  facet normal -0.617914021015 -0.784828126431 -0.0471916384995
    outer loop
      vertex 24.3562793732 12.1233844757 12.1759176254
      vertex 24.3566951752 12.145529747 12.1769218445
      vertex 24.3762512207 12.1266222 12.1603879929
    endloop
  endfacet
  facet normal -0.546869695187 -0.822933375835 -0.153994217515
    outer loop
      vertex 24.3762512207 12.1266222 12.1603879929
      vertex 24.3566951752 12.145529747 12.1769218445
      vertex 24.3771457672 12.1509590149 12.1643476486
    endloop
  endfacet
  facet normal -0.935101926327 -0.351823359728 0.0424818173051
    outer loop
      vertex 24.3421497345 12.2119579315 12.1853914261
      vertex 24.338432312 12.1877374649 12.1981964111
      vertex 24.3362369537 12.2101240158 12.2013282776
    endloop
  endfacet
  facet normal -0.6901922822 -0.678114831448 0.25257652998
    outer loop
      vertex 24.3564949036 12.1895084381 12.1791524887
      vertex 24.338432312 12.1877374649 12.1981964111
      vertex 24.3421497345 12.2119579315 12.1853914261
    endloop
  endfacet
  facet normal -0.621959269047 -0.767608582973 -0.154737606645
    outer loop
      vertex 24.3678531647 12.1072864532 12.1632947922
      vertex 24.3562793732 12.1233844757 12.1759176254
      vertex 24.3762512207 12.1266222 12.1603879929
    endloop
  endfacet
  facet normal -0.969498455524 -0.123012237251 0.21199221909
    outer loop
      vertex 24.3381767273 12.2322425842 12.1817464828
      vertex 24.3421497345 12.2119579315 12.1853914261
      vertex 24.336265564 12.230714798 12.1994419098
    endloop
  endfacet
  facet normal -0.935944139957 -0.350795805454 0.0308368299156
    outer loop
      vertex 24.3362369537 12.2101240158 12.2013282776
      vertex 24.336265564 12.230714798 12.1994419098
      vertex 24.3421497345 12.2119579315 12.1853914261
    endloop
  endfacet
  facet normal 0.932319164276 -0.0161444582045 -0.361275941133
    outer loop
      vertex 24.398443222 12.2072820663 12.1809720993
      vertex 24.3923397064 12.2231206894 12.182934761
      vertex 24.3974533081 12.2106342316 12.1988191605
    endloop
  endfacet
  facet normal 0.96747392416 -0.153229728341 -0.201282918453
    outer loop
      vertex 24.3974533081 12.2106342316 12.1988191605
      vertex 24.3923397064 12.2231206894 12.182934761
      vertex 24.3938026428 12.2298765182 12.20104599
    endloop
  endfacet
  facet normal -0.993428170681 -0.102980323136 -0.0499551258981
    outer loop
      vertex 24.336265564 12.230714798 12.1994419098
      vertex 24.3372554779 12.2499465942 12.199221611
      vertex 24.3381767273 12.2322425842 12.1817464828
    endloop
  endfacet
  facet normal 0.37043172121 -0.618093669415 -0.693354606628
    outer loop
      vertex 24.3752536774 12.2298536301 12.1823377609
      vertex 24.3560829163 12.2430229187 12.1856212616
      vertex 24.3743686676 12.2478532791 12.2019987106
    endloop
  endfacet
  facet normal 0.552914917469 -0.548973798752 -0.626827597618
    outer loop
      vertex 24.3743686676 12.2478532791 12.2019987106
      vertex 24.3938026428 12.2298765182 12.20104599
      vertex 24.3752536774 12.2298536301 12.1823377609
    endloop
  endfacet
  facet normal 0.35379576683 -0.351842820644 -0.8666228652
    outer loop
      vertex 24.3938026428 12.2298765182 12.20104599
      vertex 24.3923397064 12.2231206894 12.182934761
      vertex 24.3752536774 12.2298536301 12.1823377609
    endloop
  endfacet
  facet normal -0.0487796962261 -0.505942225456 -0.861186981201
    outer loop
      vertex 24.3551445007 12.2512607574 12.1997337341
      vertex 24.3560829163 12.2430229187 12.1856212616
      vertex 24.3372554779 12.2499465942 12.199221611
    endloop
  endfacet
  facet normal -0.25457906723 -0.694833338261 -0.67260402441
    outer loop
      vertex 24.3560829163 12.2430229187 12.1856212616
      vertex 24.3381767273 12.2322425842 12.1817464828
      vertex 24.3372554779 12.2499465942 12.199221611
    endloop
  endfacet
  facet normal 0.207676768303 -0.48279723525 -0.850750923157
    outer loop
      vertex 24.3743686676 12.2478532791 12.2019987106
      vertex 24.3560829163 12.2430229187 12.1856212616
      vertex 24.3551445007 12.2512607574 12.1997337341
    endloop
  endfacet
  facet normal 0.257388800383 -0.889292180538 -0.378034949303
    outer loop
      vertex 24.3950996399 12.2022914886 12.1703224182
      vertex 24.412322998 12.184296608 12.1676578522
      vertex 24.3966846466 12.1870517731 12.1643028259
    endloop
  endfacet
  facet normal 0.261364787817 -0.964382588863 0.0406770035625
    outer loop
      vertex 24.4147014618 12.1821241379 12.1683940887
      vertex 24.4106197357 12.1730585098 12.1676702499
      vertex 24.412322998 12.184296608 12.1676578522
    endloop
  endfacet
  facet normal 0.273240864277 -0.961078941822 -0.040824893862
    outer loop
      vertex 24.3964214325 12.1678218842 12.1634111404
      vertex 24.3966846466 12.1870517731 12.1643028259
      vertex 24.4106197357 12.1730585098 12.1676702499
    endloop
  endfacet
  facet normal 0.204258367419 -0.978392601013 0.0320373401046
    outer loop
      vertex 24.412322998 12.184296608 12.1676578522
      vertex 24.4106197357 12.1730585098 12.1676702499
      vertex 24.3966846466 12.1870517731 12.1643028259
    endloop
  endfacet
  facet normal -0.0960283428431 -0.994248509407 -0.0474174246192
    outer loop
      vertex 24.3964214325 12.1678218842 12.1634111404
      vertex 24.3776493073 12.171998024 12.1654233932
      vertex 24.3966846466 12.1870517731 12.1643028259
    endloop
  endfacet
  facet normal 0.799543321133 -0.596280455589 0.0719729587436
    outer loop
      vertex 24.3953075409 12.1476020813 12.164358139
      vertex 24.3964214325 12.1678218842 12.1634111404
      vertex 24.4072570801 12.1562795639 12.1793336868
    endloop
  endfacet
  facet normal -0.0947474464774 -0.994084358215 -0.0530960857868
    outer loop
      vertex 24.3964214325 12.1678218842 12.1634111404
      vertex 24.3771457672 12.1509590149 12.1643476486
      vertex 24.3776493073 12.171998024 12.1654233932
    endloop
  endfacet
  facet normal -0.00798924267292 -0.998893618584 0.0463430210948
    outer loop
      vertex 24.3953075409 12.1476020813 12.164358139
      vertex 24.3771457672 12.1509590149 12.1643476486
      vertex 24.3964214325 12.1678218842 12.1634111404
    endloop
  endfacet
  facet normal 0.0300403125584 -0.986750125885 -0.159442171454
    outer loop
      vertex 24.3953075409 12.1476020813 12.164358139
      vertex 24.3762512207 12.1266222 12.1603879929
      vertex 24.3771457672 12.1509590149 12.1643476486
    endloop
  endfacet
  facet normal 0.0290645118803 -0.986639142036 -0.160307496786
    outer loop
      vertex 24.3955764771 12.1255836487 12.1607885361
      vertex 24.3762512207 12.1266222 12.1603879929
      vertex 24.3953075409 12.1476020813 12.164358139
    endloop
  endfacet
  facet normal 0.0479302294552 -0.814935863018 -0.577565789223
    outer loop
      vertex 24.3762512207 12.1266222 12.1603879929
      vertex 24.3955764771 12.1255836487 12.1607885361
      vertex 24.3806819916 12.1081666946 12.1475687027
    endloop
  endfacet
  facet normal -0.19976747036 0.979494333267 0.026149250567
    outer loop
      vertex 24.3806934357 11.7962694168 12.19572258
      vertex 24.3966083527 11.7743530273 12.1983833313
      vertex 24.3983020782 11.7940998077 12.1992559433
    endloop
  endfacet
  facet normal 0.191598683596 -0.853743851185 -0.484160482883
    outer loop
      vertex 24.3806819916 12.1081666946 12.1475687027
      vertex 24.3955764771 12.1255836487 12.1607885361
      vertex 24.3936519623 12.1024942398 12.1472625732
    endloop
  endfacet
  facet normal 0.96823143959 0.239748343825 0.0710532441735
    outer loop
      vertex 24.4388961792 11.7885923386 12.1828193665
      vertex 24.4347286224 11.7751789093 12.1956748962
      vertex 24.440284729 11.7737131119 12.1728019714
    endloop
  endfacet
  facet normal -0.876436054707 -0.352890402079 -0.327609837055
    outer loop
      vertex 24.3707904816 12.1007833481 12.1499624252
      vertex 24.3678531647 12.1072864532 12.1632947922
      vertex 24.3762512207 12.1266222 12.1603879929
    endloop
  endfacet
  facet normal -0.49356752634 -0.765331625938 -0.413108497858
    outer loop
      vertex 24.3707904816 12.1007833481 12.1499624252
      vertex 24.3762512207 12.1266222 12.1603879929
      vertex 24.3806819916 12.1081666946 12.1475687027
    endloop
  endfacet
  facet normal -0.20458817482 0.976308703423 0.070462629199
    outer loop
      vertex 24.3983020782 11.7940998077 12.1992559433
      vertex 24.3967838287 11.8153028488 12.2004680634
      vertex 24.3806934357 11.7962694168 12.19572258
    endloop
  endfacet
  facet normal -0.160320073366 0.981021523476 0.109060816467
    outer loop
      vertex 24.3967838287 11.8153028488 12.2004680634
      vertex 24.3780956268 11.8165245056 12.1975498199
      vertex 24.3806934357 11.7962694168 12.19572258
    endloop
  endfacet
  facet normal 0.999929130077 0.0116159366444 -0.0026171898935
    outer loop
      vertex 24.4381809235 11.8566684723 12.1794481277
      vertex 24.4380073547 11.8369989395 12.1988210678
      vertex 24.4382362366 11.8307733536 12.1805210114
    endloop
  endfacet
  facet normal 0.994934976101 0.100467123091 0.00326970289461
    outer loop
      vertex 24.4380073547 11.8369989395 12.1988210678
      vertex 24.4380245209 11.85734272 12.1993131638
      vertex 24.4361362457 11.8369150162 12.2173480988
    endloop
  endfacet
  facet normal 0.0999021306634 -0.954801678658 -0.279952377081
    outer loop
      vertex 24.3936519623 12.1024942398 12.1472625732
      vertex 24.3766021729 12.0865650177 12.1408081055
      vertex 24.3806819916 12.1081666946 12.1475687027
    endloop
  endfacet
  facet normal 0.0752976685762 -0.949630141258 -0.304192185402
    outer loop
      vertex 24.3954429626 12.0840835571 12.1415071487
      vertex 24.3766021729 12.0865650177 12.1408081055
      vertex 24.3936519623 12.1024942398 12.1472625732
    endloop
  endfacet
  facet normal -0.189397722483 -0.859004974365 -0.475645840168
    outer loop
      vertex 24.3629512787 12.0854902267 12.1432228088
      vertex 24.3707904816 12.1007833481 12.1499624252
      vertex 24.3766021729 12.0865650177 12.1408081055
    endloop
  endfacet
  facet normal -0.60388302803 0.628837823868 0.489783912897
    outer loop
      vertex 24.3981170654 11.836640358 12.2183675766
      vertex 24.3775806427 11.8372163773 12.1990947723
      vertex 24.3967838287 11.8153028488 12.2004680634
    endloop
  endfacet
  facet normal -0.158761173487 0.984275221825 0.077441714704
    outer loop
      vertex 24.3775806427 11.8372163773 12.1990947723
      vertex 24.3780956268 11.8165245056 12.1975498199
      vertex 24.3967838287 11.8153028488 12.2004680634
    endloop
  endfacet
  facet normal 0.995323956013 0.096589460969 0.000831218494568
    outer loop
      vertex 24.4380245209 11.85734272 12.1993131638
      vertex 24.4380054474 11.8777246475 12.1996850967
      vertex 24.4362716675 11.8585615158 12.2173862457
    endloop
  endfacet
  facet normal -0.45497122407 -0.821752607822 -0.34310901165
    outer loop
      vertex 24.3806819916 12.1081666946 12.1475687027
      vertex 24.3766021729 12.0865650177 12.1408081055
      vertex 24.3707904816 12.1007833481 12.1499624252
    endloop
  endfacet
  facet normal 0.0517565831542 -0.992193341255 -0.113462157547
    outer loop
      vertex 24.3954429626 12.0840835571 12.1415071487
      vertex 24.3771324158 12.0648403168 12.1383514404
      vertex 24.3766021729 12.0865650177 12.1408081055
    endloop
  endfacet
  facet normal -0.300479203463 0.945599496365 0.124715149403
    outer loop
      vertex 24.3619480133 11.8589582443 12.1969947815
      vertex 24.3775806427 11.8372163773 12.1990947723
      vertex 24.3759269714 11.8579978943 12.2013101578
    endloop
  endfacet
  facet normal -0.684464752674 0.728493332863 0.0283807199448
    outer loop
      vertex 24.3965969086 11.8580760956 12.2177743912
      vertex 24.3775806427 11.8372163773 12.1990947723
      vertex 24.3981170654 11.836640358 12.2183675766
    endloop
  endfacet
  facet normal -0.617298066616 0.775609910488 0.131804138422
    outer loop
      vertex 24.3759269714 11.8579978943 12.2013101578
      vertex 24.3775806427 11.8372163773 12.1990947723
      vertex 24.3965969086 11.8580760956 12.2177743912
    endloop
  endfacet
  facet normal 0.00139958760701 -0.987029731274 -0.160531595349
    outer loop
      vertex 24.3975315094 12.0631027222 12.1380977631
      vertex 24.3771324158 12.0648403168 12.1383514404
      vertex 24.3954429626 12.0840835571 12.1415071487
    endloop
  endfacet
  facet normal -0.16914357245 -0.983660101891 0.061670910567
    outer loop
      vertex 24.3766021729 12.0865650177 12.1408081055
      vertex 24.3639221191 12.0666122437 12.1442394257
      vertex 24.3629512787 12.0854902267 12.1432228088
    endloop
  endfacet
  facet normal -0.652518093586 0.624853074551 0.428694248199
    outer loop
      vertex 24.3777008057 11.8789482117 12.2175359726
      vertex 24.3604354858 11.8787946701 12.1994009018
      vertex 24.3759269714 11.8579978943 12.2013101578
    endloop
  endfacet
  facet normal -0.300778180361 0.943743348122 0.137407958508
    outer loop
      vertex 24.3604354858 11.8787946701 12.1994009018
      vertex 24.3619480133 11.8589582443 12.1969947815
      vertex 24.3759269714 11.8579978943 12.2013101578
    endloop
  endfacet
  facet normal -0.543883919716 0.68511736393 0.4845662117
    outer loop
      vertex 24.3965969086 11.8580760956 12.2177743912
      vertex 24.3777008057 11.8789482117 12.2175359726
      vertex 24.3759269714 11.8579978943 12.2013101578
    endloop
  endfacet
  facet normal -0.394798904657 -0.9139752388 -0.0937179177999
    outer loop
      vertex 24.3771324158 12.0648403168 12.1383514404
      vertex 24.3639221191 12.0666122437 12.1442394257
      vertex 24.3766021729 12.0865650177 12.1408081055
    endloop
  endfacet
  facet normal 0.256898254156 -0.951719641685 -0.168026939034
    outer loop
      vertex 24.3975315094 12.0631027222 12.1380977631
      vertex 24.4145793915 12.0632362366 12.1427230835
      vertex 24.4164142609 12.0445013046 12.1399106979
    endloop
  endfacet
  facet normal -0.996991813183 0.0530646443367 0.0564925670624
    outer loop
      vertex 24.3604354858 11.8787946701 12.1994009018
      vertex 24.3601074219 11.8999528885 12.2157621384
      vertex 24.3593025208 11.8989095688 12.1995286942
    endloop
  endfacet
  facet normal -0.633578538895 0.607251107693 0.479399949312
    outer loop
      vertex 24.3777008057 11.8789482117 12.2175359726
      vertex 24.3601074219 11.8999528885 12.2157621384
      vertex 24.3604354858 11.8787946701 12.1994009018
    endloop
  endfacet
  facet normal 0.56914049387 -0.64073741436 -0.515300512314
    outer loop
      vertex 24.3970584869 12.0428543091 12.1213932037
      vertex 24.3975315094 12.0631027222 12.1380977631
      vertex 24.4164142609 12.0445013046 12.1399106979
    endloop
  endfacet
  facet normal 0.0407626405358 -0.802199423313 -0.595663070679
    outer loop
      vertex 24.3771324158 12.0648403168 12.1383514404
      vertex 24.3975315094 12.0631027222 12.1380977631
      vertex 24.3769493103 12.0439167023 12.1228055954
    endloop
  endfacet
  facet normal -0.997206509113 0.0456447191536 -0.0591242834926
    outer loop
      vertex 24.3593025208 11.8989095688 12.1995286942
      vertex 24.3601074219 11.8999528885 12.2157621384
      vertex 24.3603782654 11.9184007645 12.1977834702
    endloop
  endfacet
  facet normal -0.999776005745 0.00581916514784 -0.0203494112939
    outer loop
      vertex 24.3601074219 11.8999528885 12.2157621384
      vertex 24.3605442047 11.9215354919 12.2153301239
      vertex 24.3603782654 11.9184007645 12.1977834702
    endloop
  endfacet
  facet normal -0.0205212160945 -0.7709826231 -0.636525452137
    outer loop
      vertex 24.3769493103 12.0439167023 12.1228055954
      vertex 24.3975315094 12.0631027222 12.1380977631
      vertex 24.3970584869 12.0428543091 12.1213932037
    endloop
  endfacet
  facet normal -0.358005344868 -0.889073073864 -0.285273998976
    outer loop
      vertex 24.3590927124 12.0441064835 12.1389627457
      vertex 24.3639221191 12.0666122437 12.1442394257
      vertex 24.3771324158 12.0648403168 12.1383514404
    endloop
  endfacet
  facet normal -0.987153887749 0.037098698318 0.155405700207
    outer loop
      vertex 24.3603782654 11.9184007645 12.1977834702
      vertex 24.3605442047 11.9215354919 12.2153301239
      vertex 24.3570556641 11.9399499893 12.1996421814
    endloop
  endfacet
  facet normal -0.984818577766 0.16808027029 0.0433756560087
    outer loop
      vertex 24.3605442047 11.9215354919 12.2153301239
      vertex 24.3597698212 11.9414491653 12.2159318924
      vertex 24.3570556641 11.9399499893 12.1996421814
    endloop
  endfacet
  facet normal -0.58280134201 -0.649832606316 -0.487914115191
    outer loop
      vertex 24.3769493103 12.0439167023 12.1228055954
      vertex 24.3590927124 12.0441064835 12.1389627457
      vertex 24.3771324158 12.0648403168 12.1383514404
    endloop
  endfacet
  facet normal 0.694265544415 -0.718458116055 -0.0425819978118
    outer loop
      vertex 24.397146225 12.0221309662 12.1202497482
      vertex 24.3970584869 12.0428543091 12.1213932037
      vertex 24.4166431427 12.0232639313 12.1391572952
    endloop
  endfacet
  facet normal -0.986507356167 0.163315713406 -0.0114532811567
    outer loop
      vertex 24.3570556641 11.9399499893 12.1996421814
      vertex 24.3597698212 11.9414491653 12.2159318924
      vertex 24.3571395874 11.960518837 12.1987066269
    endloop
  endfacet
  facet normal -0.98814868927 0.153482005 -0.00234430166893
    outer loop
      vertex 24.3597698212 11.9414491653 12.2159318924
      vertex 24.3598136902 11.9622488022 12.2158966064
      vertex 24.3571395874 11.960518837 12.1987066269
    endloop
  endfacet
  facet normal 0.689435660839 -0.723590254784 -0.033099770546
    outer loop
      vertex 24.4166431427 12.0232639313 12.1391572952
      vertex 24.3970584869 12.0428543091 12.1213932037
      vertex 24.4164142609 12.0445013046 12.1399106979
    endloop
  endfacet
  facet normal -0.589392662048 -0.656909167767 -0.470198512077
    outer loop
      vertex 24.3587398529 12.0211658478 12.1228590012
      vertex 24.3590927124 12.0441064835 12.1389627457
      vertex 24.3769493103 12.0439167023 12.1228055954
    endloop
  endfacet
  facet normal -0.987800419331 0.155084207654 0.0141143351793
    outer loop
      vertex 24.3571395874 11.960518837 12.1987066269
      vertex 24.3598136902 11.9622488022 12.2158966064
      vertex 24.3569164276 11.9818267822 12.199224472
    endloop
  endfacet
  facet normal -0.991483032703 0.123399525881 0.0416412316263
    outer loop
      vertex 24.3598136902 11.9622488022 12.2158966064
      vertex 24.3589916229 11.9826955795 12.2161912918
      vertex 24.3569164276 11.9818267822 12.199224472
    endloop
  endfacet
  facet normal 0.580938100815 -0.629933714867 -0.515455543995
    outer loop
      vertex 24.4156417847 12.0022974014 12.1210775375
      vertex 24.397146225 12.0221309662 12.1202497482
      vertex 24.4166431427 12.0232639313 12.1391572952
    endloop
  endfacet
  facet normal 0.992291152477 0.116346269846 0.0426821932197
    outer loop
      vertex 24.4572544098 11.4839582443 12.1183233261
      vertex 24.4585018158 11.4631891251 12.1000652313
      vertex 24.4595108032 11.4839324951 12.0990695953
    endloop
  endfacet
  facet normal -0.992423474789 0.122088201344 0.0137865310535
    outer loop
      vertex 24.3569164276 11.9818267822 12.199224472
      vertex 24.3589916229 11.9826955795 12.2161912918
      vertex 24.3566398621 12.0025882721 12.1993207932
    endloop
  endfacet
  facet normal -0.995704948902 0.0753211975098 0.0538363456726
    outer loop
      vertex 24.3589916229 11.9826955795 12.2161912918
      vertex 24.3580932617 12.0031747818 12.2189531326
      vertex 24.3566398621 12.0025882721 12.1993207932
    endloop
  endfacet
  facet normal -0.49519303441 0.643099844456 0.58412873745
    outer loop
      vertex 24.4361114502 11.4641523361 12.1361160278
      vertex 24.4172649384 11.4625930786 12.1201877594
      vertex 24.4381160736 11.4435138702 12.1189136505
    endloop
  endfacet
  facet normal 0.986765623093 0.158118188381 0.0359481498599
    outer loop
      vertex 24.4361114502 11.4641523361 12.1361160278
      vertex 24.4381160736 11.4435138702 12.1189136505
      vertex 24.4387130737 11.4630641937 12.1196327209
    endloop
  endfacet
  facet normal -0.995879769325 0.075238160789 0.0506236031651
    outer loop
      vertex 24.3566398621 12.0025882721 12.1993207932
      vertex 24.3580932617 12.0031747818 12.2189531326
      vertex 24.3555965424 12.0240936279 12.1999807358
    endloop
  endfacet
  facet normal -0.995810449123 0.0408350899816 0.0818172469735
    outer loop
      vertex 24.3580932617 12.0031747818 12.2189531326
      vertex 24.3564453125 12.0233945847 12.2192783356
      vertex 24.3555965424 12.0240936279 12.1999807358
    endloop
  endfacet
  facet normal -0.535997331142 0.682799696922 0.496479064226
    outer loop
      vertex 24.4361114502 11.4641523361 12.1361160278
      vertex 24.4194889069 11.4838266373 12.1373729706
      vertex 24.4172649384 11.4625930786 12.1201877594
    endloop
  endfacet
  facet normal -0.061033628881 -0.985948562622 -0.155500367284
    outer loop
      vertex 24.3970584869 12.0428543091 12.1213932037
      vertex 24.3773078918 12.0238189697 12.1196136475
      vertex 24.3769493103 12.0439167023 12.1228055954
    endloop
  endfacet
  facet normal -0.763623714447 0.465083777905 0.447856962681
    outer loop
      vertex 24.3435192108 12.0440969467 12.1994132996
      vertex 24.3555965424 12.0240936279 12.1999807358
      vertex 24.3555145264 12.0433473587 12.2183866501
    endloop
  endfacet
  facet normal -0.998106598854 0.0422817021608 0.0446713119745
    outer loop
      vertex 24.3555965424 12.0240936279 12.1999807358
      vertex 24.3564453125 12.0233945847 12.2192783356
      vertex 24.3555145264 12.0433473587 12.2183866501
    endloop
  endfacet
  facet normal 0.0366914309561 -0.997800290585 -0.0552112944424
    outer loop
      vertex 24.397146225 12.0221309662 12.1202497482
      vertex 24.3773078918 12.0238189697 12.1196136475
      vertex 24.3970584869 12.0428543091 12.1213932037
    endloop
  endfacet
  facet normal -0.191054165363 -0.969951510429 -0.150639891624
    outer loop
      vertex 24.3587398529 12.0211658478 12.1228590012
      vertex 24.3769493103 12.0439167023 12.1228055954
      vertex 24.3773078918 12.0238189697 12.1196136475
    endloop
  endfacet
  facet normal -0.770867168903 0.502808213234 -0.391085356474
    outer loop
      vertex 24.3435192108 12.0440969467 12.1994132996
      vertex 24.3555145264 12.0433473587 12.2183866501
      vertex 24.3540401459 12.0647525787 12.1994771957
    endloop
  endfacet
  facet normal -0.993615150452 0.109269887209 -0.0280897226185
    outer loop
      vertex 24.3555145264 12.0433473587 12.2183866501
      vertex 24.3562736511 12.0641489029 12.2199420929
      vertex 24.3540401459 12.0647525787 12.1994771957
    endloop
  endfacet
  facet normal 0.088449165225 -0.99523884058 -0.0409441366792
    outer loop
      vertex 24.397146225 12.0221309662 12.1202497482
      vertex 24.4156417847 12.0022974014 12.1210775375
      vertex 24.3972187042 12.0025949478 12.1194524765
    endloop
  endfacet
  facet normal 0.0326846539974 -0.999437570572 -0.00750416796654
    outer loop
      vertex 24.397146225 12.0221309662 12.1202497482
      vertex 24.37682724 12.0025415421 12.1194381714
      vertex 24.3773078918 12.0238189697 12.1196136475
    endloop
  endfacet
  facet normal -0.781868994236 0.457836180925 0.423162966967
    outer loop
      vertex 24.3410835266 12.0887479782 12.1995286942
      vertex 24.3540401459 12.0647525787 12.1994771957
      vertex 24.3551902771 12.0841646194 12.2193832397
    endloop
  endfacet
  facet normal -0.992975890636 0.106874123216 0.0507619380951
    outer loop
      vertex 24.3540401459 12.0647525787 12.1994771957
      vertex 24.3562736511 12.0641489029 12.2199420929
      vertex 24.3551902771 12.0841646194 12.2193832397
    endloop
  endfacet
  facet normal 0.000594244920649 -0.999168038368 -0.0407785512507
    outer loop
      vertex 24.3972187042 12.0025949478 12.1194524765
      vertex 24.37682724 12.0025415421 12.1194381714
      vertex 24.397146225 12.0221309662 12.1202497482
    endloop
  endfacet
  facet normal 0.0879232212901 -0.996120870113 -0.00356115191244
    outer loop
      vertex 24.4156417847 12.0022974014 12.1210775375
      vertex 24.3973789215 11.9826335907 12.119395256
      vertex 24.3972187042 12.0025949478 12.1194524765
    endloop
  endfacet
  facet normal -0.821365475655 0.564165234566 0.0841208398342
    outer loop
      vertex 24.3537158966 12.1056089401 12.2204341888
      vertex 24.3410835266 12.0887479782 12.1995286942
      vertex 24.3551902771 12.0841646194 12.2193832397
    endloop
  endfacet
  facet normal -0.780344843864 0.603547692299 0.163683071733
    outer loop
      vertex 24.3378620148 12.1077985764 12.2005300522
      vertex 24.3410835266 12.0887479782 12.1995286942
      vertex 24.3537158966 12.1056089401 12.2204341888
    endloop
  endfacet
  facet normal 0.109527505934 -0.993843495846 0.0166987795383
    outer loop
      vertex 24.4174118042 11.9805326462 12.121638298
      vertex 24.3973789215 11.9826335907 12.119395256
      vertex 24.4156417847 12.0022974014 12.1210775375
    endloop
  endfacet
  facet normal 0.067198485136 -0.995173215866 -0.0715165734291
    outer loop
      vertex 24.3769493103 11.9810876846 12.1179046631
      vertex 24.37682724 12.0025415421 12.1194381714
      vertex 24.3973789215 11.9826335907 12.119395256
    endloop
  endfacet
  facet normal -0.98532897234 0.167468637228 0.032880384475
    outer loop
      vertex 24.3378620148 12.1077985764 12.2005300522
      vertex 24.3401203156 12.128405571 12.2178630829
      vertex 24.3369178772 12.1261291504 12.1985740662
    endloop
  endfacet
  facet normal -0.743127584457 0.549979388714 0.381161391735
    outer loop
      vertex 24.3537158966 12.1056089401 12.2204341888
      vertex 24.3401203156 12.128405571 12.2178630829
      vertex 24.3378620148 12.1077985764 12.2005300522
    endloop
  endfacet
  facet normal 0.000694077694789 -0.999995648861 -0.00287212547846
    outer loop
      vertex 24.3972187042 12.0025949478 12.1194524765
      vertex 24.3973789215 11.9826335907 12.119395256
      vertex 24.37682724 12.0025415421 12.1194381714
    endloop
  endfacet
  facet normal 0.121439024806 -0.98601937294 -0.114098221064
    outer loop
      vertex 24.4174118042 11.9805326462 12.121638298
      vertex 24.4345989227 11.9597425461 12.1213493347
      vertex 24.4176654816 11.9610681534 12.1194171906
    endloop
  endfacet
  facet normal -0.986325383186 0.164638996124 0.00750208552927
    outer loop
      vertex 24.3369178772 12.1261291504 12.1985740662
      vertex 24.3401203156 12.128405571 12.2178630829
      vertex 24.3369865417 12.1453771591 12.1998624802
    endloop
  endfacet
  facet normal -0.991341292858 0.0650297552347 0.114076890051
    outer loop
      vertex 24.3401203156 12.128405571 12.2178630829
      vertex 24.3377170563 12.1500263214 12.2191543579
      vertex 24.3369865417 12.1453771591 12.1998624802
    endloop
  endfacet
  facet normal 0.118147596717 -0.99059855938 -0.0689608603716
    outer loop
      vertex 24.4174118042 11.9805326462 12.121638298
      vertex 24.3978424072 11.9616880417 12.1179924011
      vertex 24.3973789215 11.9826335907 12.119395256
    endloop
  endfacet
  facet normal 0.0747692063451 -0.990660905838 -0.11401963979
    outer loop
      vertex 24.4176654816 11.9610681534 12.1194171906
      vertex 24.3978424072 11.9616880417 12.1179924011
      vertex 24.4174118042 11.9805326462 12.121638298
    endloop
  endfacet
  facet normal -0.9987885952 0.0434062816203 0.0231786258519
    outer loop
      vertex 24.3369865417 12.1453771591 12.1998624802
      vertex 24.3377170563 12.1500263214 12.2191543579
      vertex 24.3364868164 12.1665410995 12.1996650696
    endloop
  endfacet
  facet normal -0.997764647007 0.00663593504578 0.0664953812957
    outer loop
      vertex 24.3377170563 12.1500263214 12.2191543579
      vertex 24.3363857269 12.169883728 12.2179603577
      vertex 24.3364868164 12.1665410995 12.1996650696
    endloop
  endfacet
  facet normal 0.0674683004618 -0.995390474796 -0.0681603625417
    outer loop
      vertex 24.3769493103 11.9810876846 12.1179046631
      vertex 24.3973789215 11.9826335907 12.119395256
      vertex 24.3978424072 11.9616880417 12.1179924011
    endloop
  endfacet
  facet normal 0.489484369755 -0.697003781796 -0.524014115334
    outer loop
      vertex 24.3774719238 11.9596881866 12.102183342
      vertex 24.3769493103 11.9810876846 12.1179046631
      vertex 24.3978424072 11.9616880417 12.1179924011
    endloop
  endfacet
  facet normal -0.995712041855 -0.0219214875251 -0.0898721590638
    outer loop
      vertex 24.3364868164 12.1665410995 12.1996650696
      vertex 24.3363857269 12.169883728 12.2179603577
      vertex 24.338432312 12.1877374649 12.1981964111
    endloop
  endfacet
  facet normal -0.994775354862 -0.102083101869 -0.00102650676854
    outer loop
      vertex 24.3363857269 12.169883728 12.2179603577
      vertex 24.3362216949 12.1898822784 12.2197599411
      vertex 24.338432312 12.1877374649 12.1981964111
    endloop
  endfacet
  facet normal 0.120860144496 -0.987084686756 -0.105150826275
    outer loop
      vertex 24.4345989227 11.9597425461 12.1213493347
      vertex 24.4185466766 11.9413805008 12.1174278259
      vertex 24.4176654816 11.9610681534 12.1194171906
    endloop
  endfacet
  facet normal 0.280181199312 -0.959109067917 0.0401035174727
    outer loop
      vertex 24.4359016418 11.9402427673 12.1225452423
      vertex 24.4185466766 11.9413805008 12.1174278259
      vertex 24.4345989227 11.9597425461 12.1213493347
    endloop
  endfacet
  facet normal -0.992066204548 -0.0933251231909 0.0842318981886
    outer loop
      vertex 24.338432312 12.1877374649 12.1981964111
      vertex 24.3362216949 12.1898822784 12.2197599411
      vertex 24.3362369537 12.2101240158 12.2013282776
    endloop
  endfacet
  facet normal -0.999900877476 -0.010776264593 0.00905884988606
    outer loop
      vertex 24.3362216949 12.1898822784 12.2197599411
      vertex 24.3360424042 12.2101335526 12.2193717957
      vertex 24.3362369537 12.2101240158 12.2013282776
    endloop
  endfacet
  facet normal 0.0745258778334 -0.991827607155 -0.103556215763
    outer loop
      vertex 24.3978424072 11.9616880417 12.1179924011
      vertex 24.4176654816 11.9610681534 12.1194171906
      vertex 24.4185466766 11.9413805008 12.1174278259
    endloop
  endfacet
  facet normal 0.490815490484 -0.699187457561 -0.51984333992
    outer loop
      vertex 24.3966064453 11.9396934509 12.100771904
      vertex 24.3978424072 11.9616880417 12.1179924011
      vertex 24.4185466766 11.9413805008 12.1174278259
    endloop
  endfacet
  facet normal -0.999182522297 0.0401074327528 -0.00506251258776
    outer loop
      vertex 24.336265564 12.230714798 12.1994419098
      vertex 24.3362369537 12.2101240158 12.2013282776
      vertex 24.3370609283 12.230474472 12.2192869186
    endloop
  endfacet
  facet normal -0.998692810535 -0.0107944374904 -0.0499619543552
    outer loop
      vertex 24.3360424042 12.2101335526 12.2193717957
      vertex 24.3370609283 12.230474472 12.2192869186
      vertex 24.3362369537 12.2101240158 12.2013282776
    endloop
  endfacet
  facet normal 0.97385841608 -0.111857227981 -0.19770629704
    outer loop
      vertex 24.3974533081 12.2106342316 12.1988191605
      vertex 24.3938026428 12.2298765182 12.20104599
      vertex 24.3996009827 12.2109479904 12.2180719376
    endloop
  endfacet
  facet normal 0.965498387814 -0.25076982379 -0.0701953619719
    outer loop
      vertex 24.3996009827 12.2109479904 12.2180719376
      vertex 24.3938026428 12.2298765182 12.20104599
      vertex 24.3984241486 12.2300748825 12.2188949585
    endloop
  endfacet
  facet normal -0.996385633945 0.0671253949404 -0.052055940032
    outer loop
      vertex 24.3372554779 12.2499465942 12.199221611
      vertex 24.336265564 12.230714798 12.1994419098
      vertex 24.3385238647 12.2494792938 12.2184114456
    endloop
  endfacet
  facet normal -0.996071338654 0.0408727265894 -0.0785576254129
    outer loop
      vertex 24.3370609283 12.230474472 12.2192869186
      vertex 24.3385238647 12.2494792938 12.2184114456
      vertex 24.336265564 12.230714798 12.1994419098
    endloop
  endfacet
  facet normal 0.588503181934 -0.465715408325 -0.660888135433
    outer loop
      vertex 24.3938026428 12.2298765182 12.20104599
      vertex 24.3743686676 12.2478532791 12.2019987106
      vertex 24.3924789429 12.2447681427 12.2205057144
    endloop
  endfacet
  facet normal 0.891751766205 -0.235191747546 -0.386605262756
    outer loop
      vertex 24.3938026428 12.2298765182 12.20104599
      vertex 24.3924789429 12.2447681427 12.2205057144
      vertex 24.3984241486 12.2300748825 12.2188949585
    endloop
  endfacet
  facet normal -0.13504332304 -0.0256973672658 -0.990506410599
    outer loop
      vertex 24.3587589264 12.2522573471 12.2191534042
      vertex 24.3551445007 12.2512607574 12.1997337341
      vertex 24.3385238647 12.2494792938 12.2184114456
    endloop
  endfacet
  facet normal -0.0740631520748 0.0291696041822 -0.996826887131
    outer loop
      vertex 24.3372554779 12.2499465942 12.199221611
      vertex 24.3385238647 12.2494792938 12.2184114456
      vertex 24.3551445007 12.2512607574 12.1997337341
    endloop
  endfacet
  facet normal -0.394974827766 -0.548588454723 -0.736916303635
    outer loop
      vertex 24.3765773773 12.2618780136 12.219247818
      vertex 24.3743686676 12.2478532791 12.2019987106
      vertex 24.3587589264 12.2522573471 12.2191534042
    endloop
  endfacet
  facet normal 0.183539792895 -0.0844216793776 -0.979380488396
    outer loop
      vertex 24.3743686676 12.2478532791 12.2019987106
      vertex 24.3551445007 12.2512607574 12.1997337341
      vertex 24.3587589264 12.2522573471 12.2191534042
    endloop
  endfacet
  facet normal 0.639024853706 -0.532852470875 -0.554721057415
    outer loop
      vertex 24.3743686676 12.2478532791 12.2019987106
      vertex 24.3765773773 12.2618780136 12.219247818
      vertex 24.3924789429 12.2447681427 12.2205057144
    endloop
  endfacet
  facet normal 0.491416364908 -0.698936462402 -0.519613087177
    outer loop
      vertex 24.3966064453 11.9396934509 12.100771904
      vertex 24.3774719238 11.9596881866 12.102183342
      vertex 24.3978424072 11.9616880417 12.1179924011
    endloop
  endfacet
  facet normal 0.286945641041 -0.954123079777 -0.0855064243078
    outer loop
      vertex 24.4185466766 11.9413805008 12.1174278259
      vertex 24.4359016418 11.9402427673 12.1225452423
      vertex 24.4356365204 11.9205942154 12.1207046509
    endloop
  endfacet
  facet normal 0.597889900208 -0.70560246706 -0.380332499743
    outer loop
      vertex 24.4162807465 11.9183273315 12.1030817032
      vertex 24.4185466766 11.9413805008 12.1174278259
      vertex 24.4356365204 11.9205942154 12.1207046509
    endloop
  endfacet
  facet normal 0.531523644924 -0.741610348225 -0.409263581038
    outer loop
      vertex 24.4162807465 11.9183273315 12.1030817032
      vertex 24.3966064453 11.9396934509 12.100771904
      vertex 24.4185466766 11.9413805008 12.1174278259
    endloop
  endfacet
  facet normal 0.686052441597 -0.716860294342 -0.124271333218
    outer loop
      vertex 24.4175567627 11.8968915939 12.1005868912
      vertex 24.4162807465 11.9183273315 12.1030817032
      vertex 24.4364395142 11.8988056183 12.1189899445
    endloop
  endfacet
  facet normal 0.665589749813 -0.741699337959 -0.0828994438052
    outer loop
      vertex 24.4364395142 11.8988056183 12.1189899445
      vertex 24.4162807465 11.9183273315 12.1030817032
      vertex 24.4356365204 11.9205942154 12.1207046509
    endloop
  endfacet
  facet normal 0.990478038788 0.133485257626 -0.0336881987751
    outer loop
      vertex 24.4362716675 11.8585615158 12.2173862457
      vertex 24.4380054474 11.8777246475 12.1996850967
      vertex 24.4356155396 11.8801765442 12.216799736
    endloop
  endfacet
  facet normal 0.105619952083 0.994403064251 -0.00263530551456
    outer loop
      vertex 24.4177284241 11.8366107941 12.2193040848
      vertex 24.4361362457 11.8369150162 12.2173480988
      vertex 24.4177112579 11.8567314148 12.2192525864
    endloop
  endfacet
  facet normal 0.99111789465 -0.11031178385 -0.0742744058371
    outer loop
      vertex 24.4360084534 11.8785896301 12.1015052795
      vertex 24.4364395142 11.8988056183 12.1189899445
      vertex 24.4380550385 11.8778486252 12.1193943024
    endloop
  endfacet
  facet normal 0.56152099371 -0.631740450859 -0.534413874149
    outer loop
      vertex 24.4360084534 11.8785896301 12.1015052795
      vertex 24.4175567627 11.8968915939 12.1005868912
      vertex 24.4364395142 11.8988056183 12.1189899445
    endloop
  endfacet
  facet normal -0.0476951152086 0.998858749866 -0.00251590670086
    outer loop
      vertex 24.4177284241 11.8366107941 12.2193040848
      vertex 24.4177112579 11.8567314148 12.2192525864
      vertex 24.3981170654 11.836640358 12.2183675766
    endloop
  endfacet
  facet normal -0.0683781057596 0.997400045395 -0.0227516684681
    outer loop
      vertex 24.4177112579 11.8567314148 12.2192525864
      vertex 24.3965969086 11.8580760956 12.2177743912
      vertex 24.3981170654 11.836640358 12.2183675766
    endloop
  endfacet
  facet normal 0.993401050568 -0.112787179649 -0.0208197385073
    outer loop
      vertex 24.4360084534 11.8785896301 12.1015052795
      vertex 24.4380550385 11.8778486252 12.1193943024
      vertex 24.4363880157 11.8583040237 12.1011037827
    endloop
  endfacet
  facet normal 0.99569773674 -0.0926440060139 -0.00177314155735
    outer loop
      vertex 24.4380912781 11.8570995331 12.119386673
      vertex 24.4363880157 11.8583040237 12.1011037827
      vertex 24.4380550385 11.8778486252 12.1193943024
    endloop
  endfacet
  facet normal 0.995489954948 -0.0937132686377 0.014750608243
    outer loop
      vertex 24.4363880157 11.8583040237 12.1011037827
      vertex 24.4380912781 11.8570995331 12.119386673
      vertex 24.4360790253 11.8372631073 12.1011333466
    endloop
  endfacet
  facet normal 0.994069993496 -0.108739413321 0.000779612979386
    outer loop
      vertex 24.4381465912 11.8363771439 12.1200408936
      vertex 24.4360790253 11.8372631073 12.1011333466
      vertex 24.4380912781 11.8570995331 12.119386673
    endloop
  endfacet
  facet normal 0.994079172611 -0.108279116452 -0.00906508322805
    outer loop
      vertex 24.4381847382 11.8158588409 12.1186733246
      vertex 24.4360790253 11.8372631073 12.1011333466
      vertex 24.4381465912 11.8363771439 12.1200408936
    endloop
  endfacet
  facet normal 0.993201494217 -0.116384647787 -0.00233656191267
    outer loop
      vertex 24.435754776 11.8156251907 12.0979318619
      vertex 24.4360790253 11.8372631073 12.1011333466
      vertex 24.4381847382 11.8158588409 12.1186733246
    endloop
  endfacet
  facet normal -0.0895137637854 0.993544459343 0.0696899965405
    outer loop
      vertex 24.3777008057 11.8789482117 12.2175359726
      vertex 24.3965969086 11.8580760956 12.2177743912
      vertex 24.3976268768 11.8784799576 12.2192983627
    endloop
  endfacet
  facet normal -0.0698095336556 0.99756026268 -0.000451347790658
    outer loop
      vertex 24.4177112579 11.8567314148 12.2192525864
      vertex 24.4176521301 11.8770875931 12.2192392349
      vertex 24.3965969086 11.8580760956 12.2177743912
    endloop
  endfacet
  facet normal -0.00222640880384 0.997228145599 0.0743713155389
    outer loop
      vertex 24.4176521301 11.8770875931 12.2192392349
      vertex 24.3976268768 11.8784799576 12.2192983627
      vertex 24.3965969086 11.8580760956 12.2177743912
    endloop
  endfacet
  facet normal 0.987986624241 -0.116886205971 -0.10109397769
    outer loop
      vertex 24.435754776 11.8156251907 12.0979318619
      vertex 24.4381847382 11.8158588409 12.1186733246
      vertex 24.4380493164 11.7963047028 12.1006164551
    endloop
  endfacet
  facet normal 0.996661663055 -0.063305132091 -0.0515555143356
    outer loop
      vertex 24.4393424988 11.794678688 12.1196517944
      vertex 24.4380493164 11.7963047028 12.1006164551
      vertex 24.4381847382 11.8158588409 12.1186733246
    endloop
  endfacet
  facet normal -0.18212287128 0.980801105499 0.0697170570493
    outer loop
      vertex 24.3601074219 11.8999528885 12.2157621384
      vertex 24.3777008057 11.8789482117 12.2175359726
      vertex 24.3777275085 11.8997144699 12.2190170288
    endloop
  endfacet
  facet normal -0.0881702452898 0.996101200581 0.00289943045937
    outer loop
      vertex 24.3976268768 11.8784799576 12.2192983627
      vertex 24.3972587585 11.8988456726 12.2193250656
      vertex 24.3777008057 11.8789482117 12.2175359726
    endloop
  endfacet
  facet normal -0.0188916232437 0.997290074825 0.0711029469967
    outer loop
      vertex 24.3972587585 11.8988456726 12.2193250656
      vertex 24.3777275085 11.8997144699 12.2190170288
      vertex 24.3777008057 11.8789482117 12.2175359726
    endloop
  endfacet
  facet normal 0.00271520577371 0.999990463257 0.00341758108698
    outer loop
      vertex 24.4176521301 11.8770875931 12.2192392349
      vertex 24.4176654816 11.8983058929 12.2193117142
      vertex 24.3976268768 11.8784799576 12.2192983627
    endloop
  endfacet
  facet normal 0.000619720492978 0.999998986721 0.00129962491337
    outer loop
      vertex 24.4176654816 11.8983058929 12.2193117142
      vertex 24.3972587585 11.8988456726 12.2193250656
      vertex 24.3976268768 11.8784799576 12.2192983627
    endloop
  endfacet
  facet normal 0.996454954147 -0.062925234437 -0.0558384358883
    outer loop
      vertex 24.4391117096 11.7759885788 12.0994119644
      vertex 24.4380493164 11.7963047028 12.1006164551
      vertex 24.4393424988 11.794678688 12.1196517944
    endloop
  endfacet
  facet normal 0.759008705616 -0.446357041597 -0.473994880915
    outer loop
      vertex 24.4530601501 11.7723875046 12.1193065643
      vertex 24.4391117096 11.7759885788 12.0994119644
      vertex 24.4393424988 11.794678688 12.1196517944
    endloop
  endfacet
  facet normal -0.181798234582 0.983260929585 0.0121377399191
    outer loop
      vertex 24.3777275085 11.8997144699 12.2190170288
      vertex 24.3768577576 11.9196176529 12.2191019058
      vertex 24.3601074219 11.8999528885 12.2157621384
    endloop
  endfacet
  facet normal -0.222517758608 0.97463285923 -0.0240122154355
    outer loop
      vertex 24.3768577576 11.9196176529 12.2191019058
      vertex 24.3605442047 11.9215354919 12.2153301239
      vertex 24.3601074219 11.8999528885 12.2157621384
    endloop
  endfacet
  facet normal -0.015796514228 0.999875068665 0.000608005095273
    outer loop
      vertex 24.3972587585 11.8988456726 12.2193250656
      vertex 24.3972454071 11.9195871353 12.2193374634
      vertex 24.3777275085 11.8997144699 12.2190170288
    endloop
  endfacet
  facet normal -0.0115601029247 0.999921798706 0.00476954318583
    outer loop
      vertex 24.3972454071 11.9195871353 12.2193374634
      vertex 24.3768577576 11.9196176529 12.2191019058
      vertex 24.3777275085 11.8997144699 12.2190170288
    endloop
  endfacet
  facet normal 0.774988114834 -0.621188700199 -0.116267137229
    outer loop
      vertex 24.4561405182 11.7530269623 12.1195259094
      vertex 24.4395828247 11.7544212341 12.0991296768
      vertex 24.4530601501 11.7723875046 12.1193065643
    endloop
  endfacet
  facet normal 0.820693075657 -0.570804476738 -0.0253981743008
    outer loop
      vertex 24.4391117096 11.7759885788 12.0994119644
      vertex 24.4530601501 11.7723875046 12.1193065643
      vertex 24.4395828247 11.7544212341 12.0991296768
    endloop
  endfacet
  facet normal 0.779624640942 -0.626172244549 -0.00968416593969
    outer loop
      vertex 24.4563961029 11.7325124741 12.1195268631
      vertex 24.4399204254 11.7337293625 12.099032402
      vertex 24.4561405182 11.7530269623 12.1195259094
    endloop
  endfacet
  facet normal -0.225537374616 0.974231421947 0.00246301433071
    outer loop
      vertex 24.3768577576 11.9196176529 12.2191019058
      vertex 24.3765563965 11.9400472641 12.219083786
      vertex 24.3605442047 11.9215354919 12.2153301239
    endloop
  endfacet
  facet normal -0.187392473221 0.981589913368 0.0369494892657
    outer loop
      vertex 24.3765563965 11.9400472641 12.219083786
      vertex 24.3597698212 11.9414491653 12.2159318924
      vertex 24.3605442047 11.9215354919 12.2153301239
    endloop
  endfacet
  facet normal -0.0115528330207 0.999933242798 -0.000173986525624
    outer loop
      vertex 24.3972454071 11.9195871353 12.2193374634
      vertex 24.3969020844 11.940656662 12.219329834
      vertex 24.3768577576 11.9196176529 12.2191019058
    endloop
  endfacet
  facet normal -0.012113314122 0.999926388264 -0.000708043924533
    outer loop
      vertex 24.3969020844 11.940656662 12.219329834
      vertex 24.3765563965 11.9400472641 12.219083786
      vertex 24.3768577576 11.9196176529 12.2191019058
    endloop
  endfacet
  facet normal 0.776807129383 -0.629544496536 -0.0156336333603
    outer loop
      vertex 24.4395828247 11.7544212341 12.0991296768
      vertex 24.4561405182 11.7530269623 12.1195259094
      vertex 24.4399204254 11.7337293625 12.099032402
    endloop
  endfacet
  facet normal 0.00160985300317 0.999998629093 -0.000388493033824
    outer loop
      vertex 24.4172286987 11.9398860931 12.2192974091
      vertex 24.3969020844 11.940656662 12.219329834
      vertex 24.3972454071 11.9195871353 12.2193374634
    endloop
  endfacet
  facet normal 0.78253442049 -0.622361004353 -0.017512395978
    outer loop
      vertex 24.4579086304 11.7117986679 12.1208457947
      vertex 24.4404621124 11.7120771408 12.0989170074
      vertex 24.4563961029 11.7325124741 12.1195268631
    endloop
  endfacet
  facet normal -0.184638306499 0.982805788517 0.00123734562658
    outer loop
      vertex 24.3765563965 11.9400472641 12.219083786
      vertex 24.3769950867 11.960934639 12.2191925049
      vertex 24.3597698212 11.9414491653 12.2159318924
    endloop
  endfacet
  facet normal -0.188241586089 0.982120573521 -0.0020626236219
    outer loop
      vertex 24.3769950867 11.960934639 12.2191925049
      vertex 24.3598136902 11.9622488022 12.2158966064
      vertex 24.3597698212 11.9414491653 12.2159318924
    endloop
  endfacet
  facet normal -0.0119436085224 0.999916374683 0.0049534579739
    outer loop
      vertex 24.3765563965 11.9400472641 12.219083786
      vertex 24.3969020844 11.940656662 12.219329834
      vertex 24.3769950867 11.960934639 12.2191925049
    endloop
  endfacet
  facet normal -0.00897760968655 0.999957621098 0.00204143929295
    outer loop
      vertex 24.3974971771 11.9613990784 12.2193775177
      vertex 24.3769950867 11.960934639 12.2191925049
      vertex 24.3969020844 11.940656662 12.219329834
    endloop
  endfacet
  facet normal 0.779838979244 -0.625563204288 -0.0228436049074
    outer loop
      vertex 24.4399204254 11.7337293625 12.099032402
      vertex 24.4563961029 11.7325124741 12.1195268631
      vertex 24.4404621124 11.7120771408 12.0989170074
    endloop
  endfacet
  facet normal 0.750884175301 -0.660431802273 0.00167901895475
    outer loop
      vertex 24.4399051666 11.690700531 12.0983381271
      vertex 24.4404621124 11.7120771408 12.0989170074
      vertex 24.4578437805 11.6911535263 12.1187324524
    endloop
  endfacet
  facet normal 0.78146147728 -0.620953798294 -0.0611093342304
    outer loop
      vertex 24.4578437805 11.6911535263 12.1187324524
      vertex 24.4404621124 11.7120771408 12.0989170074
      vertex 24.4579086304 11.7117986679 12.1208457947
    endloop
  endfacet
  facet normal -0.193017542362 0.978783965111 0.0687472298741
    outer loop
      vertex 24.3769950867 11.960934639 12.2191925049
      vertex 24.3756923676 11.981795311 12.2204008102
      vertex 24.3598136902 11.9622488022 12.2158966064
    endloop
  endfacet
  facet normal -0.245549842715 0.969090819359 0.0238387621939
    outer loop
      vertex 24.3756923676 11.981795311 12.2204008102
      vertex 24.3589916229 11.9826955795 12.2161912918
      vertex 24.3598136902 11.9622488022 12.2158966064
    endloop
  endfacet
  facet normal -0.007085070014 0.996425688267 0.0841762274504
    outer loop
      vertex 24.3974971771 11.9613990784 12.2193775177
      vertex 24.3958358765 11.9817123413 12.2210817337
      vertex 24.3769950867 11.960934639 12.2191925049
    endloop
  endfacet
  facet normal -0.033970400691 0.997625827789 0.0599063001573
    outer loop
      vertex 24.3958358765 11.9817123413 12.2210817337
      vertex 24.3756923676 11.981795311 12.2204008102
      vertex 24.3769950867 11.960934639 12.2191925049
    endloop
  endfacet
  facet normal 0.750946760178 -0.660166680813 0.0160912983119
    outer loop
      vertex 24.4399051666 11.690700531 12.0983381271
      vertex 24.4578437805 11.6911535263 12.1187324524
      vertex 24.4402656555 11.6709413528 12.0992298126
    endloop
  endfacet
  facet normal 0.180823042989 -0.981660366058 -0.0603820495307
    outer loop
      vertex 24.3966064453 11.9396934509 12.100771904
      vertex 24.4162807465 11.9183273315 12.1030817032
      vertex 24.3967018127 11.9190816879 12.099521637
    endloop
  endfacet
  facet normal -0.605231106281 0.653942763805 0.453931927681
    outer loop
      vertex 24.3775615692 12.0034160614 12.2371387482
      vertex 24.3580932617 12.0031747818 12.2189531326
      vertex 24.3756923676 11.981795311 12.2204008102
    endloop
  endfacet
  facet normal -0.249096229672 0.958282709122 0.140161812305
    outer loop
      vertex 24.3580932617 12.0031747818 12.2189531326
      vertex 24.3589916229 11.9826955795 12.2161912918
      vertex 24.3756923676 11.981795311 12.2204008102
    endloop
  endfacet
  facet normal -0.0292728617787 0.791620969772 0.610310852528
    outer loop
      vertex 24.3958358765 11.9817123413 12.2210817337
      vertex 24.3775615692 12.0034160614 12.2371387482
      vertex 24.3756923676 11.981795311 12.2204008102
    endloop
  endfacet
  facet normal -0.0577826090157 0.778686642647 0.62474656105
    outer loop
      vertex 24.3981151581 12.0019073486 12.2374534607
      vertex 24.3775615692 12.0034160614 12.2371387482
      vertex 24.3958358765 11.9817123413 12.2210817337
    endloop
  endfacet
  facet normal 0.17921090126 -0.983773350716 -0.00856852438301
    outer loop
      vertex 24.4162807465 11.9183273315 12.1030817032
      vertex 24.3972015381 11.8987751007 12.0994358063
      vertex 24.3967018127 11.9190816879 12.099521637
    endloop
  endfacet
  facet normal 0.0670553818345 -0.990593373775 -0.119282573462
    outer loop
      vertex 24.4175567627 11.8968915939 12.1005868912
      vertex 24.3972015381 11.8987751007 12.0994358063
      vertex 24.4162807465 11.9183273315 12.1030817032
    endloop
  endfacet
  facet normal 0.112073257565 -0.991686403751 -0.0632272958755
    outer loop
      vertex 24.4175567627 11.8968915939 12.1005868912
      vertex 24.4360084534 11.8785896301 12.1015052795
      vertex 24.4183139801 11.8773756027 12.0994281769
    endloop
  endfacet
  facet normal -0.979232430458 0.185068503022 0.0827858969569
    outer loop
      vertex 24.3580932617 12.0031747818 12.2189531326
      vertex 24.3595428467 12.0244588852 12.2361440659
      vertex 24.3564453125 12.0233945847 12.2192783356
    endloop
  endfacet
  facet normal -0.59577190876 0.644158303738 0.479703962803
    outer loop
      vertex 24.3775615692 12.0034160614 12.2371387482
      vertex 24.3595428467 12.0244588852 12.2361440659
      vertex 24.3580932617 12.0031747818 12.2189531326
    endloop
  endfacet
  facet normal 0.0629330724478 -0.99543350935 -0.0717746466398
    outer loop
      vertex 24.4175567627 11.8968915939 12.1005868912
      vertex 24.3979625702 11.8772630692 12.0979328156
      vertex 24.3972015381 11.8987751007 12.0994358063
    endloop
  endfacet
  facet normal 0.0727982223034 -0.995422363281 -0.0619252435863
    outer loop
      vertex 24.4183139801 11.8773756027 12.0994281769
      vertex 24.3979625702 11.8772630692 12.0979328156
      vertex 24.4175567627 11.8968915939 12.1005868912
    endloop
  endfacet
  facet normal -0.982427179813 0.182807609439 0.0376598201692
    outer loop
      vertex 24.3564453125 12.0233945847 12.2192783356
      vertex 24.3595428467 12.0244588852 12.2361440659
      vertex 24.3555145264 12.0433473587 12.2183866501
    endloop
  endfacet
  facet normal -0.985141694546 0.161584749818 0.0581907518208
    outer loop
      vertex 24.3595428467 12.0244588852 12.2361440659
      vertex 24.3584671021 12.0455465317 12.2371797562
      vertex 24.3555145264 12.0433473587 12.2183866501
    endloop
  endfacet
  facet normal 0.167929589748 -0.983109354973 -0.0727711170912
    outer loop
      vertex 24.4177188873 11.8572845459 12.0978393555
      vertex 24.4183139801 11.8773756027 12.0994281769
      vertex 24.4363880157 11.8583040237 12.1011037827
    endloop
  endfacet
  facet normal 0.115082785487 -0.993116438389 -0.0218092650175
    outer loop
      vertex 24.4360084534 11.8785896301 12.1015052795
      vertex 24.4363880157 11.8583040237 12.1011037827
      vertex 24.4183139801 11.8773756027 12.0994281769
    endloop
  endfacet
  facet normal -0.988020181656 0.152341097593 -0.0246648751199
    outer loop
      vertex 24.3555145264 12.0433473587 12.2183866501
      vertex 24.3584671021 12.0455465317 12.2371797562
      vertex 24.3562736511 12.0641489029 12.2199420929
    endloop
  endfacet
  facet normal -0.989035189152 0.14644241333 -0.0190792493522
    outer loop
      vertex 24.3584671021 12.0455465317 12.2371797562
      vertex 24.3588218689 12.0666160583 12.2368307114
      vertex 24.3562736511 12.0641489029 12.2199420929
    endloop
  endfacet
  facet normal 0.172449871898 -0.985010504723 0.00391626823694
    outer loop
      vertex 24.4177188873 11.8572845459 12.0978393555
      vertex 24.4363880157 11.8583040237 12.1011037827
      vertex 24.4360790253 11.8372631073 12.1011333466
    endloop
  endfacet
  facet normal 0.569641768932 -0.715360462666 -0.404682159424
    outer loop
      vertex 24.4160518646 11.8349018097 12.0838499069
      vertex 24.4177188873 11.8572845459 12.0978393555
      vertex 24.4360790253 11.8372631073 12.1011333466
    endloop
  endfacet
  facet normal -0.98653626442 0.156016603112 0.0490412786603
    outer loop
      vertex 24.3562736511 12.0641489029 12.2199420929
      vertex 24.3588218689 12.0666160583 12.2368307114
      vertex 24.3551902771 12.0841646194 12.2193832397
    endloop
  endfacet
  facet normal -0.986183941364 0.159194275737 0.0458090044558
    outer loop
      vertex 24.3588218689 12.0666160583 12.2368307114
      vertex 24.3579177856 12.0864439011 12.2369356155
      vertex 24.3551902771 12.0841646194 12.2193832397
    endloop
  endfacet
  facet normal 0.664877176285 -0.732905864716 -0.144178077579
    outer loop
      vertex 24.4174194336 11.8134651184 12.0808734894
      vertex 24.4160518646 11.8349018097 12.0838499069
      vertex 24.435754776 11.8156251907 12.0979318619
    endloop
  endfacet
  facet normal 0.642925918102 -0.759016275406 -0.102667272091
    outer loop
      vertex 24.435754776 11.8156251907 12.0979318619
      vertex 24.4160518646 11.8349018097 12.0838499069
      vertex 24.4360790253 11.8372631073 12.1011333466
    endloop
  endfacet
  facet normal -0.983775794506 0.162690117955 0.0756115466356
    outer loop
      vertex 24.3551902771 12.0841646194 12.2193832397
      vertex 24.3579177856 12.0864439011 12.2369356155
      vertex 24.3537158966 12.1056089401 12.2204341888
    endloop
  endfacet
  facet normal -0.973903357983 0.226184993982 0.0187768507749
    outer loop
      vertex 24.3579177856 12.0864439011 12.2369356155
      vertex 24.3581485748 12.1064214706 12.2395877838
      vertex 24.3537158966 12.1056089401 12.2204341888
    endloop
  endfacet
  facet normal 0.976763665676 -0.195008903742 -0.0889059156179
    outer loop
      vertex 24.4346923828 11.7938489914 12.0826826096
      vertex 24.435754776 11.8156251907 12.0979318619
      vertex 24.4380493164 11.7963047028 12.1006164551
    endloop
  endfacet
  facet normal 0.580088734627 -0.680250048637 -0.448059022427
    outer loop
      vertex 24.4346923828 11.7938489914 12.0826826096
      vertex 24.4174194336 11.8134651184 12.0808734894
      vertex 24.435754776 11.8156251907 12.0979318619
    endloop
  endfacet
  facet normal -0.764096498489 0.507317841053 0.398478507996
    outer loop
      vertex 24.3401203156 12.128405571 12.2178630829
      vertex 24.3537158966 12.1056089401 12.2204341888
      vertex 24.3549671173 12.1260662079 12.2383871078
    endloop
  endfacet
  facet normal -0.963041722775 0.228897556663 0.141973882914
    outer loop
      vertex 24.3537158966 12.1056089401 12.2204341888
      vertex 24.3581485748 12.1064214706 12.2395877838
      vertex 24.3549671173 12.1260662079 12.2383871078
    endloop
  endfacet
  facet normal 0.979415893555 -0.191902399063 -0.0625941157341
    outer loop
      vertex 24.4391117096 11.7759885788 12.0994119644
      vertex 24.4346923828 11.7938489914 12.0826826096
      vertex 24.4380493164 11.7963047028 12.1006164551
    endloop
  endfacet
  facet normal 0.979511380196 -0.19118565321 -0.0632891133428
    outer loop
      vertex 24.4356002808 11.7709302902 12.0797472
      vertex 24.4346923828 11.7938489914 12.0826826096
      vertex 24.4391117096 11.7759885788 12.0994119644
    endloop
  endfacet
  facet normal -0.81095546484 0.573308169842 0.116914346814
    outer loop
      vertex 24.353351593 12.1469898224 12.2403688431
      vertex 24.3401203156 12.128405571 12.2178630829
      vertex 24.3549671173 12.1260662079 12.2383871078
    endloop
  endfacet
  facet normal -0.807179272175 0.577095091343 0.124188840389
    outer loop
      vertex 24.3377170563 12.1500263214 12.2191543579
      vertex 24.3401203156 12.128405571 12.2178630829
      vertex 24.353351593 12.1469898224 12.2403688431
    endloop
  endfacet
  facet normal 0.983069002628 -0.181676656008 -0.0238519627601
    outer loop
      vertex 24.4395828247 11.7544212341 12.0991296768
      vertex 24.4356002808 11.7709302902 12.0797472
      vertex 24.4391117096 11.7759885788 12.0994119644
    endloop
  endfacet
  facet normal 0.987009882927 -0.0887142419815 -0.133945226669
    outer loop
      vertex 24.4381027222 11.752737999 12.0801210403
      vertex 24.4356002808 11.7709302902 12.0797472
      vertex 24.4395828247 11.7544212341 12.0991296768
    endloop
  endfacet
  facet normal -0.987583994865 0.14622181654 0.0574197620153
    outer loop
      vertex 24.3377170563 12.1500263214 12.2191543579
      vertex 24.3393306732 12.1696472168 12.2377576828
      vertex 24.3363857269 12.169883728 12.2179603577
    endloop
  endfacet
  facet normal -0.7604342103 0.501336216927 0.412797510624
    outer loop
      vertex 24.353351593 12.1469898224 12.2403688431
      vertex 24.3393306732 12.1696472168 12.2377576828
      vertex 24.3377170563 12.1500263214 12.2191543579
    endloop
  endfacet
  facet normal 0.996729254723 -0.0790830850601 -0.0166339464486
    outer loop
      vertex 24.4399204254 11.7337293625 12.099032402
      vertex 24.4381027222 11.752737999 12.0801210403
      vertex 24.4395828247 11.7544212341 12.0991296768
    endloop
  endfacet
  facet normal 0.995977461338 -0.0893813893199 -0.00631646160036
    outer loop
      vertex 24.4381656647 11.7327728271 12.0794115067
      vertex 24.4381027222 11.752737999 12.0801210403
      vertex 24.4399204254 11.7337293625 12.099032402
    endloop
  endfacet
  facet normal -0.988928437233 0.146852940321 0.021326161921
    outer loop
      vertex 24.3363857269 12.169883728 12.2179603577
      vertex 24.3393306732 12.1696472168 12.2377576828
      vertex 24.3362216949 12.1898822784 12.2197599411
    endloop
  endfacet
  facet normal -0.992709577084 0.1050581038 0.05908087641
    outer loop
      vertex 24.3393306732 12.1696472168 12.2377576828
      vertex 24.3382396698 12.1898527145 12.2388114929
      vertex 24.3362216949 12.1898822784 12.2197599411
    endloop
  endfacet
  facet normal 0.995593070984 -0.0902767851949 -0.0253884959966
    outer loop
      vertex 24.4404621124 11.7120771408 12.0989170074
      vertex 24.4381656647 11.7327728271 12.0794115067
      vertex 24.4399204254 11.7337293625 12.099032402
    endloop
  endfacet
  facet normal 0.993501603603 -0.113778427243 -0.00300632719882
    outer loop
      vertex 24.4381561279 11.7126808167 12.0787973404
      vertex 24.4381656647 11.7327728271 12.0794115067
      vertex 24.4404621124 11.7120771408 12.0989170074
    endloop
  endfacet
  facet normal -0.991222202778 0.13205870986 0.00624435255304
    outer loop
      vertex 24.3360424042 12.2101335526 12.2193717957
      vertex 24.3362216949 12.1898822784 12.2197599411
      vertex 24.3384838104 12.2097883224 12.2376804352
    endloop
  endfacet
  facet normal -0.994270205498 0.105343192816 -0.0181527752429
    outer loop
      vertex 24.3382396698 12.1898527145 12.2388114929
      vertex 24.3384838104 12.2097883224 12.2376804352
      vertex 24.3362216949 12.1898822784 12.2197599411
    endloop
  endfacet
  facet normal 0.856937110424 -0.50715816021 -0.0919203013182
    outer loop
      vertex 24.3996009827 12.2109479904 12.2180719376
      vertex 24.4093589783 12.2075338364 12.2339410782
      vertex 24.4019622803 12.1900920868 12.2182817459
    endloop
  endfacet
  facet normal 0.993501663208 -0.113774508238 -0.00313716917299
    outer loop
      vertex 24.4381561279 11.7126808167 12.0787973404
      vertex 24.4404621124 11.7120771408 12.0989170074
      vertex 24.438287735 11.6928958893 12.0794010162
    endloop
  endfacet
  facet normal -0.989856123924 0.132939338684 -0.0501191876829
    outer loop
      vertex 24.3384838104 12.2097883224 12.2376804352
      vertex 24.3370609283 12.230474472 12.2192869186
      vertex 24.3360424042 12.2101335526 12.2193717957
    endloop
  endfacet
  facet normal -0.690681040287 0.563360214233 -0.453414827585
    outer loop
      vertex 24.3384838104 12.2097883224 12.2376804352
      vertex 24.3541927338 12.2309293747 12.2399244308
      vertex 24.3370609283 12.230474472 12.2192869186
    endloop
  endfacet
  facet normal 0.887656807899 -0.454493075609 -0.0741719901562
    outer loop
      vertex 24.3984241486 12.2300748825 12.2188949585
      vertex 24.4056568146 12.2256975174 12.2323064804
      vertex 24.3996009827 12.2109479904 12.2180719376
    endloop
  endfacet
  facet normal 0.856852769852 -0.498969107866 -0.129742562771
    outer loop
      vertex 24.4093589783 12.2075338364 12.2339410782
      vertex 24.3996009827 12.2109479904 12.2180719376
      vertex 24.4056568146 12.2256975174 12.2323064804
    endloop
  endfacet
  facet normal -0.76738089323 0.635078668594 -0.0883266478777
    outer loop
      vertex 24.3370609283 12.230474472 12.2192869186
      vertex 24.3541927338 12.2309293747 12.2399244308
      vertex 24.3385238647 12.2494792938 12.2184114456
    endloop
  endfacet
  facet normal -0.701068162918 0.684117674828 -0.201212465763
    outer loop
      vertex 24.3572845459 12.2489585876 12.2377901077
      vertex 24.3385238647 12.2494792938 12.2184114456
      vertex 24.3541927338 12.2309293747 12.2399244308
    endloop
  endfacet
  facet normal 0.628244936466 0.469399333 -0.620461583138
    outer loop
      vertex 24.3924789429 12.2447681427 12.2205057144
      vertex 24.3764972687 12.2496099472 12.2354955673
      vertex 24.3938541412 12.2303247452 12.2377567291
    endloop
  endfacet
  facet normal 0.510022163391 0.527919590473 -0.679101109505
    outer loop
      vertex 24.4056568146 12.2256975174 12.2323064804
      vertex 24.3924789429 12.2447681427 12.2205057144
      vertex 24.3938541412 12.2303247452 12.2377567291
    endloop
  endfacet
  facet normal 0.859064996243 -0.337746977806 -0.384622246027
    outer loop
      vertex 24.4056568146 12.2256975174 12.2323064804
      vertex 24.3984241486 12.2300748825 12.2188949585
      vertex 24.3924789429 12.2447681427 12.2205057144
    endloop
  endfacet
  facet normal -0.140041917562 0.16182294488 -0.976832449436
    outer loop
      vertex 24.3385238647 12.2494792938 12.2184114456
      vertex 24.3572845459 12.2489585876 12.2377901077
      vertex 24.3587589264 12.2522573471 12.2191534042
    endloop
  endfacet
  facet normal -0.398611664772 0.551387071609 -0.732858121395
    outer loop
      vertex 24.3765773773 12.2618780136 12.219247818
      vertex 24.3587589264 12.2522573471 12.2191534042
      vertex 24.3764972687 12.2496099472 12.2354955673
    endloop
  endfacet
  facet normal -0.012689772062 0.1733058393 -0.984786272049
    outer loop
      vertex 24.3587589264 12.2522573471 12.2191534042
      vertex 24.3572845459 12.2489585876 12.2377901077
      vertex 24.3764972687 12.2496099472 12.2354955673
    endloop
  endfacet
  facet normal 0.628841221333 0.470499932766 -0.619022250175
    outer loop
      vertex 24.3924789429 12.2447681427 12.2205057144
      vertex 24.3765773773 12.2618780136 12.219247818
      vertex 24.3764972687 12.2496099472 12.2354955673
    endloop
  endfacet
  facet normal -0.16924905777 0.98063158989 0.0985721871257
    outer loop
      vertex 24.3595428467 12.0244588852 12.2361440659
      vertex 24.3775615692 12.0034160614 12.2371387482
      vertex 24.3776168823 12.0241556168 12.239233017
    endloop
  endfacet
  facet normal -0.021435637027 0.996216952801 0.0842160061002
    outer loop
      vertex 24.3981151581 12.0019073486 12.2374534607
      vertex 24.3975543976 12.0222549438 12.2391614914
      vertex 24.3775615692 12.0034160614 12.2371387482
    endloop
  endfacet
  facet normal -0.00600707205012 0.994923889637 0.100450783968
    outer loop
      vertex 24.3975543976 12.0222549438 12.2391614914
      vertex 24.3776168823 12.0241556168 12.239233017
      vertex 24.3775615692 12.0034160614 12.2371387482
    endloop
  endfacet
  facet normal 0.120220467448 0.989538669586 0.0797515064478
    outer loop
      vertex 24.3981151581 12.0019073486 12.2374534607
      vertex 24.4153442383 12.0050296783 12.2356119156
      vertex 24.3975543976 12.0222549438 12.2391614914
    endloop
  endfacet
  facet normal 0.137961611152 0.988543510437 0.0612238198519
    outer loop
      vertex 24.4153461456 12.0257139206 12.2368927002
      vertex 24.3975543976 12.0222549438 12.2391614914
      vertex 24.4153442383 12.0050296783 12.2356119156
    endloop
  endfacet
  facet normal -0.168563187122 0.985670268536 0.00636575184762
    outer loop
      vertex 24.3776168823 12.0241556168 12.239233017
      vertex 24.3768844604 12.0441398621 12.2392368317
      vertex 24.3595428467 12.0244588852 12.2361440659
    endloop
  endfacet
  facet normal -0.114952772856 0.991870522499 0.0545780435205
    outer loop
      vertex 24.3768844604 12.0441398621 12.2392368317
      vertex 24.3584671021 12.0455465317 12.2371797562
      vertex 24.3595428467 12.0244588852 12.2361440659
    endloop
  endfacet
  facet normal 0.0030698266346 0.999980568886 0.00542700011283
    outer loop
      vertex 24.3975543976 12.0222549438 12.2391614914
      vertex 24.3972015381 12.0431423187 12.2392759323
      vertex 24.3776168823 12.0241556168 12.239233017
    endloop
  endfacet
  facet normal -0.00193781754933 0.999998092651 0.000261680339463
    outer loop
      vertex 24.3972015381 12.0431423187 12.2392759323
      vertex 24.3768844604 12.0441398621 12.2392368317
      vertex 24.3776168823 12.0241556168 12.239233017
    endloop
  endfacet
  facet normal 0.127123504877 0.991881430149 0.00328693003394
    outer loop
      vertex 24.3975543976 12.0222549438 12.2391614914
      vertex 24.4153461456 12.0257139206 12.2368927002
      vertex 24.3972015381 12.0431423187 12.2392759323
    endloop
  endfacet
  facet normal 0.123072192073 0.992368817329 0.00757138757035
    outer loop
      vertex 24.4154033661 12.0463943481 12.2370433807
      vertex 24.3972015381 12.0431423187 12.2392759323
      vertex 24.4153461456 12.0257139206 12.2368927002
    endloop
  endfacet
  facet normal -0.111162945628 0.99379992485 0.00213698646985
    outer loop
      vertex 24.3768844604 12.0441398621 12.2392368317
      vertex 24.3768520355 12.0649003983 12.2392778397
      vertex 24.3584671021 12.0455465317 12.2371797562
    endloop
  endfacet
  facet normal -0.132724791765 0.990977406502 -0.0186513960361
    outer loop
      vertex 24.3768520355 12.0649003983 12.2392778397
      vertex 24.3588218689 12.0666160583 12.2368307114
      vertex 24.3584671021 12.0455465317 12.2371797562
    endloop
  endfacet
  facet normal -0.0019749130588 0.99999755621 0.00101720355451
    outer loop
      vertex 24.3972015381 12.0431423187 12.2392759323
      vertex 24.3972396851 12.0636940002 12.2392969131
      vertex 24.3768844604 12.0441398621 12.2392368317
    endloop
  endfacet
  facet normal -0.00105263944715 0.999997496605 0.00197726138867
    outer loop
      vertex 24.3972396851 12.0636940002 12.2392969131
      vertex 24.3768520355 12.0649003983 12.2392778397
      vertex 24.3768844604 12.0441398621 12.2392368317
    endloop
  endfacet
  facet normal 0.121961198747 0.992534101009 0.00123963446822
    outer loop
      vertex 24.3972015381 12.0431423187 12.2392759323
      vertex 24.4154033661 12.0463943481 12.2370433807
      vertex 24.3972396851 12.0636940002 12.2392969131
    endloop
  endfacet
  facet normal 0.10561144352 0.994233012199 0.0186272691935
    outer loop
      vertex 24.4157867432 12.066740036 12.2373838425
      vertex 24.3972396851 12.0636940002 12.2392969131
      vertex 24.4154033661 12.0463943481 12.2370433807
    endloop
  endfacet
  facet normal -0.138925626874 0.989078819752 0.0492220632732
    outer loop
      vertex 24.3768520355 12.0649003983 12.2392778397
      vertex 24.3755626678 12.0856523514 12.2401294708
      vertex 24.3588218689 12.0666160583 12.2368307114
    endloop
  endfacet
  facet normal -0.178677156568 0.98381716013 0.0133521752432
    outer loop
      vertex 24.3755626678 12.0856523514 12.2401294708
      vertex 24.3579177856 12.0864439011 12.2369356155
      vertex 24.3588218689 12.0666160583 12.2368307114
    endloop
  endfacet
  facet normal -0.00349991954863 0.999053776264 0.0433508083224
    outer loop
      vertex 24.3972396851 12.0636940002 12.2392969131
      vertex 24.3970375061 12.0857982635 12.2402553558
      vertex 24.3768520355 12.0649003983 12.2392778397
    endloop
  endfacet
  facet normal -0.00557586178184 0.99912917614 0.0413491614163
    outer loop
      vertex 24.3970375061 12.0857982635 12.2402553558
      vertex 24.3755626678 12.0856523514 12.2401294708
      vertex 24.3768520355 12.0649003983 12.2392778397
    endloop
  endfacet
  facet normal 0.109344594181 0.993113577366 0.0420610941947
    outer loop
      vertex 24.3972396851 12.0636940002 12.2392969131
      vertex 24.4157867432 12.066740036 12.2373838425
      vertex 24.3970375061 12.0857982635 12.2402553558
    endloop
  endfacet
  facet normal 0.308631807566 0.937212228775 -0.162418007851
    outer loop
      vertex 24.4144115448 12.0882892609 12.2341022491
      vertex 24.3970375061 12.0857982635 12.2402553558
      vertex 24.4157867432 12.066740036 12.2373838425
    endloop
  endfacet
  facet normal -0.554252505302 0.702520549297 0.446395576
    outer loop
      vertex 24.3779296875 12.1076126099 12.2559509277
      vertex 24.3581485748 12.1064214706 12.2395877838
      vertex 24.3755626678 12.0856523514 12.2401294708
    endloop
  endfacet
  facet normal -0.182191565633 0.97498357296 0.127331376076
    outer loop
      vertex 24.3581485748 12.1064214706 12.2395877838
      vertex 24.3579177856 12.0864439011 12.2369356155
      vertex 24.3755626678 12.0856523514 12.2401294708
    endloop
  endfacet
  facet normal -0.000784813484643 0.811398029327 0.584493517876
    outer loop
      vertex 24.3970375061 12.0857982635 12.2402553558
      vertex 24.3779296875 12.1076126099 12.2559509277
      vertex 24.3755626678 12.0856523514 12.2401294708
    endloop
  endfacet
  facet normal 0.274390935898 0.878279030323 0.391580790281
    outer loop
      vertex 24.3987979889 12.1097373962 12.2503786087
      vertex 24.3779296875 12.1076126099 12.2559509277
      vertex 24.3970375061 12.0857982635 12.2402553558
    endloop
  endfacet
  facet normal 0.620679438114 0.704737246037 0.343660354614
    outer loop
      vertex 24.3987979889 12.1097373962 12.2503786087
      vertex 24.3970375061 12.0857982635 12.2402553558
      vertex 24.4126739502 12.1067638397 12.2367076874
    endloop
  endfacet
  facet normal 0.344799637794 0.933418810368 0.0992094352841
    outer loop
      vertex 24.3970375061 12.0857982635 12.2402553558
      vertex 24.4144115448 12.0882892609 12.2341022491
      vertex 24.4126739502 12.1067638397 12.2367076874
    endloop
  endfacet
  facet normal -0.947055339813 0.291036725044 0.135586977005
    outer loop
      vertex 24.3581485748 12.1064214706 12.2395877838
      vertex 24.3599491119 12.128323555 12.2556505203
      vertex 24.3549671173 12.1260662079 12.2383871078
    endloop
  endfacet
  facet normal -0.547435998917 0.69564729929 0.465175896883
    outer loop
      vertex 24.3779296875 12.1076126099 12.2559509277
      vertex 24.3599491119 12.128323555 12.2556505203
      vertex 24.3581485748 12.1064214706 12.2395877838
    endloop
  endfacet
  facet normal 0.689250171185 0.719003498554 0.0892647653818
    outer loop
      vertex 24.4119567871 12.1295099258 12.2402191162
      vertex 24.3987979889 12.1097373962 12.2503786087
      vertex 24.4126739502 12.1067638397 12.2367076874
    endloop
  endfacet
  facet normal 0.702929913998 0.703245818615 0.106465317309
    outer loop
      vertex 24.3960494995 12.1275854111 12.2558279037
      vertex 24.3987979889 12.1097373962 12.2503786087
      vertex 24.4119567871 12.1295099258 12.2402191162
    endloop
  endfacet
  facet normal -0.952308416367 0.288004785776 0.100806310773
    outer loop
      vertex 24.3549671173 12.1260662079 12.2383871078
      vertex 24.3599491119 12.128323555 12.2556505203
      vertex 24.353351593 12.1469898224 12.2403688431
    endloop
  endfacet
  facet normal -0.943793654442 0.323268681765 0.0689269974828
    outer loop
      vertex 24.3599491119 12.128323555 12.2556505203
      vertex 24.3590240479 12.1488084793 12.257317543
      vertex 24.353351593 12.1469898224 12.2403688431
    endloop
  endfacet
  facet normal 0.694844245911 0.678869903088 0.237333357334
    outer loop
      vertex 24.4119567871 12.1295099258 12.2402191162
      vertex 24.4082832336 12.1478424072 12.2503881454
      vertex 24.3960494995 12.1275854111 12.2558279037
    endloop
  endfacet
  facet normal 0.832751274109 0.537814855576 0.131455421448
    outer loop
      vertex 24.4082832336 12.1478424072 12.2503881454
      vertex 24.4119567871 12.1295099258 12.2402191162
      vertex 24.4166965485 12.149348259 12.2377290726
    endloop
  endfacet
  facet normal -0.680775821209 0.645121872425 0.346932411194
    outer loop
      vertex 24.3393306732 12.1696472168 12.2377576828
      vertex 24.353351593 12.1469898224 12.2403688431
      vertex 24.3576526642 12.1686048508 12.2565317154
    endloop
  endfacet
  facet normal -0.945264995098 0.322019964457 0.052700009197
    outer loop
      vertex 24.353351593 12.1469898224 12.2403688431
      vertex 24.3590240479 12.1488084793 12.257317543
      vertex 24.3576526642 12.1686048508 12.2565317154
    endloop
  endfacet
  facet normal 0.587274610996 0.781724870205 -0.209796890616
    outer loop
      vertex 24.4151706696 12.1670150757 12.2400684357
      vertex 24.3976173401 12.1660718918 12.2535085678
      vertex 24.4082832336 12.1478424072 12.2503881454
    endloop
  endfacet
  facet normal 0.83291387558 0.553401052952 0.00134035258088
    outer loop
      vertex 24.4151706696 12.1670150757 12.2400684357
      vertex 24.4082832336 12.1478424072 12.2503881454
      vertex 24.4166965485 12.149348259 12.2377290726
    endloop
  endfacet
  facet normal -0.71617603302 0.696266710758 0.0480058342218
    outer loop
      vertex 24.3562107086 12.1886367798 12.2564296722
      vertex 24.3393306732 12.1696472168 12.2377576828
      vertex 24.3576526642 12.1686048508 12.2565317154
    endloop
  endfacet
  facet normal -0.700675785542 0.709543883801 0.0748393014073
    outer loop
      vertex 24.3382396698 12.1898527145 12.2388114929
      vertex 24.3393306732 12.1696472168 12.2377576828
      vertex 24.3562107086 12.1886367798 12.2564296722
    endloop
  endfacet
  facet normal 0.591696500778 0.785502493382 -0.181331470609
    outer loop
      vertex 24.4110870361 12.1879911423 12.2383022308
      vertex 24.3976173401 12.1660718918 12.2535085678
      vertex 24.4151706696 12.1670150757 12.2400684357
    endloop
  endfacet
  facet normal 0.578390359879 0.792301237583 -0.194224879146
    outer loop
      vertex 24.3920726776 12.189166069 12.2518949509
      vertex 24.3976173401 12.1660718918 12.2535085678
      vertex 24.4110870361 12.1879911423 12.2383022308
    endloop
  endfacet
  facet normal -0.687162101269 0.711171746254 -0.148468926549
    outer loop
      vertex 24.3570652008 12.2089958191 12.2530050278
      vertex 24.3382396698 12.1898527145 12.2388114929
      vertex 24.3562107086 12.1886367798 12.2564296722
    endloop
  endfacet
  facet normal -0.634103119373 0.771529018879 -0.0515387281775
    outer loop
      vertex 24.3384838104 12.2097883224 12.2376804352
      vertex 24.3382396698 12.1898527145 12.2388114929
      vertex 24.3570652008 12.2089958191 12.2530050278
    endloop
  endfacet
  facet normal 0.325218886137 0.826466858387 -0.459548950195
    outer loop
      vertex 24.3780727386 12.2113847733 12.2434101105
      vertex 24.3570652008 12.2089958191 12.2530050278
      vertex 24.3743515015 12.1893033981 12.2571525574
    endloop
  endfacet
  facet normal 0.182573527098 0.874654471874 -0.449050575495
    outer loop
      vertex 24.3780727386 12.2113847733 12.2434101105
      vertex 24.3920726776 12.189166069 12.2518949509
      vertex 24.3984241486 12.2097864151 12.239982605
    endloop
  endfacet
  facet normal 0.252921402454 0.839948058128 -0.480122953653
    outer loop
      vertex 24.3743515015 12.1893033981 12.2571525574
      vertex 24.3920726776 12.189166069 12.2518949509
      vertex 24.3780727386 12.2113847733 12.2434101105
    endloop
  endfacet
  facet normal 0.570710897446 0.774849891663 -0.271839618683
    outer loop
      vertex 24.3920726776 12.189166069 12.2518949509
      vertex 24.4110870361 12.1879911423 12.2383022308
      vertex 24.3984241486 12.2097864151 12.239982605
    endloop
  endfacet
  facet normal 0.506515085697 0.830928266048 -0.230218797922
    outer loop
      vertex 24.4110870361 12.1879911423 12.2383022308
      vertex 24.4093589783 12.2075338364 12.2339410782
      vertex 24.3984241486 12.2097864151 12.239982605
    endloop
  endfacet
  facet normal -0.585090875626 0.727922081947 -0.357488632202
    outer loop
      vertex 24.3384838104 12.2097883224 12.2376804352
      vertex 24.3570652008 12.2089958191 12.2530050278
      vertex 24.3541927338 12.2309293747 12.2399244308
    endloop
  endfacet
  facet normal -0.812722325325 0.54104334116 -0.216228038073
    outer loop
      vertex 24.3570652008 12.2089958191 12.2530050278
      vertex 24.3604240417 12.2282829285 12.2503423691
      vertex 24.3541927338 12.2309293747 12.2399244308
    endloop
  endfacet
  facet normal 0.409718632698 0.910590946674 -0.0543578416109
    outer loop
      vertex 24.3570652008 12.2089958191 12.2530050278
      vertex 24.3780727386 12.2113847733 12.2434101105
      vertex 24.3604240417 12.2282829285 12.2503423691
    endloop
  endfacet
  facet normal 0.504249572754 0.844551920891 -0.180178791285
    outer loop
      vertex 24.3758220673 12.2316884995 12.2404222488
      vertex 24.3604240417 12.2282829285 12.2503423691
      vertex 24.3780727386 12.2113847733 12.2434101105
    endloop
  endfacet
  facet normal 0.17536264658 0.973832666874 -0.144561037421
    outer loop
      vertex 24.3984241486 12.2097864151 12.239982605
      vertex 24.3938541412 12.2303247452 12.2377567291
      vertex 24.3780727386 12.2113847733 12.2434101105
    endloop
  endfacet
  facet normal 0.156216427684 0.97455739975 -0.160730630159
    outer loop
      vertex 24.3938541412 12.2303247452 12.2377567291
      vertex 24.3758220673 12.2316884995 12.2404222488
      vertex 24.3780727386 12.2113847733 12.2434101105
    endloop
  endfacet
  facet normal 0.503765702248 0.845147192478 -0.178735300899
    outer loop
      vertex 24.4093589783 12.2075338364 12.2339410782
      vertex 24.4056568146 12.2256975174 12.2323064804
      vertex 24.3984241486 12.2097864151 12.239982605
    endloop
  endfacet
  facet normal 0.473956465721 0.857897520065 -0.198436796665
    outer loop
      vertex 24.4056568146 12.2256975174 12.2323064804
      vertex 24.3938541412 12.2303247452 12.2377567291
      vertex 24.3984241486 12.2097864151 12.239982605
    endloop
  endfacet
  facet normal -0.81646746397 0.540167331696 -0.203961148858
    outer loop
      vertex 24.3604240417 12.2282829285 12.2503423691
      vertex 24.3572845459 12.2489585876 12.2377901077
      vertex 24.3541927338 12.2309293747 12.2399244308
    endloop
  endfacet
  facet normal 0.377469986677 0.765031039715 -0.521770000458
    outer loop
      vertex 24.3604240417 12.2282829285 12.2503423691
      vertex 24.3758220673 12.2316884995 12.2404222488
      vertex 24.3572845459 12.2489585876 12.2377901077
    endloop
  endfacet
  facet normal 0.105819731951 0.959827125072 -0.259873092175
    outer loop
      vertex 24.3758220673 12.2316884995 12.2404222488
      vertex 24.3764972687 12.2496099472 12.2354955673
      vertex 24.3572845459 12.2489585876 12.2377901077
    endloop
  endfacet
  facet normal 0.160279661417 0.953290104866 -0.256024241447
    outer loop
      vertex 24.3938541412 12.2303247452 12.2377567291
      vertex 24.3764972687 12.2496099472 12.2354955673
      vertex 24.3758220673 12.2316884995 12.2404222488
    endloop
  endfacet
  facet normal -0.182456716895 0.972567856312 0.144295811653
    outer loop
      vertex 24.3599491119 12.128323555 12.2556505203
      vertex 24.3779296875 12.1076126099 12.2559509277
      vertex 24.3777599335 12.1281070709 12.2589597702
    endloop
  endfacet
  facet normal 0.273245602846 0.930964648724 0.242160305381
    outer loop
      vertex 24.3987979889 12.1097373962 12.2503786087
      vertex 24.3960494995 12.1275854111 12.2558279037
      vertex 24.3779296875 12.1076126099 12.2559509277
    endloop
  endfacet
  facet normal 0.163135275245 0.976333379745 0.141986072063
    outer loop
      vertex 24.3960494995 12.1275854111 12.2558279037
      vertex 24.3777599335 12.1281070709 12.2589597702
      vertex 24.3779296875 12.1076126099 12.2559509277
    endloop
  endfacet
  facet normal -0.182562738657 0.983154892921 -0.00879403483123
    outer loop
      vertex 24.3777599335 12.1281070709 12.2589597702
      vertex 24.3770751953 12.1477966309 12.2586565018
      vertex 24.3599491119 12.128323555 12.2556505203
    endloop
  endfacet
  facet normal -0.0784114450216 0.993343889713 0.0843773856759
    outer loop
      vertex 24.3770751953 12.1477966309 12.2586565018
      vertex 24.3590240479 12.1488084793 12.257317543
      vertex 24.3599491119 12.128323555 12.2556505203
    endloop
  endfacet
  facet normal 0.16393083334 0.978359043598 0.126254558563
    outer loop
      vertex 24.3960494995 12.1275854111 12.2558279037
      vertex 24.3953342438 12.1463661194 12.2583713531
      vertex 24.3777599335 12.1281070709 12.2589597702
    endloop
  endfacet
  facet normal 0.0168650429696 0.999729990959 -0.0159847717732
    outer loop
      vertex 24.3953342438 12.1463661194 12.2583713531
      vertex 24.3770751953 12.1477966309 12.2586565018
      vertex 24.3777599335 12.1281070709 12.2589597702
    endloop
  endfacet
  facet normal 0.530210018158 0.842647790909 0.0939257666469
    outer loop
      vertex 24.3960494995 12.1275854111 12.2558279037
      vertex 24.4082832336 12.1478424072 12.2503881454
      vertex 24.3953342438 12.1463661194 12.2583713531
    endloop
  endfacet
  facet normal -0.0734225288033 0.997252821922 -0.00979692582041
    outer loop
      vertex 24.3770751953 12.1477966309 12.2586565018
      vertex 24.3766536713 12.1685190201 12.2584218979
      vertex 24.3590240479 12.1488084793 12.257317543
    endloop
  endfacet
  facet normal -0.0987903997302 0.994572937489 -0.0326367281377
    outer loop
      vertex 24.3766536713 12.1685190201 12.2584218979
      vertex 24.3576526642 12.1686048508 12.2565317154
      vertex 24.3590240479 12.1488084793 12.257317543
    endloop
  endfacet
  facet normal 0.0336392000318 0.971226334572 -0.235770642757
    outer loop
      vertex 24.3953342438 12.1463661194 12.2583713531
      vertex 24.3976173401 12.1660718918 12.2535085678
      vertex 24.3770751953 12.1477966309 12.2586565018
    endloop
  endfacet
  facet normal 0.229897111654 0.973088383675 -0.0156933199614
    outer loop
      vertex 24.3976173401 12.1660718918 12.2535085678
      vertex 24.3766536713 12.1685190201 12.2584218979
      vertex 24.3770751953 12.1477966309 12.2586565018
    endloop
  endfacet
  facet normal 0.506265521049 0.849077939987 -0.15087017417
    outer loop
      vertex 24.4082832336 12.1478424072 12.2503881454
      vertex 24.3976173401 12.1660718918 12.2535085678
      vertex 24.3953342438 12.1463661194 12.2583713531
    endloop
  endfacet
  facet normal -0.0986437946558 0.993877351284 -0.04977145046
    outer loop
      vertex 24.3766536713 12.1685190201 12.2584218979
      vertex 24.3743515015 12.1893033981 12.2571525574
      vertex 24.3576526642 12.1686048508 12.2565317154
    endloop
  endfacet
  facet normal -0.0398979969323 0.99920129776 -0.00221780478023
    outer loop
      vertex 24.3743515015 12.1893033981 12.2571525574
      vertex 24.3562107086 12.1886367798 12.2564296722
      vertex 24.3576526642 12.1686048508 12.2565317154
    endloop
  endfacet
  facet normal 0.240202262998 0.96264988184 -0.124932073057
    outer loop
      vertex 24.3976173401 12.1660718918 12.2535085678
      vertex 24.3920726776 12.189166069 12.2518949509
      vertex 24.3766536713 12.1685190201 12.2584218979
    endloop
  endfacet
  facet normal 0.28392213583 0.954637765884 -0.0897496789694
    outer loop
      vertex 24.3920726776 12.189166069 12.2518949509
      vertex 24.3743515015 12.1893033981 12.2571525574
      vertex 24.3766536713 12.1685190201 12.2584218979
    endloop
  endfacet
  facet normal -0.0454010888934 0.984815239906 -0.167563825846
    outer loop
      vertex 24.3743515015 12.1893033981 12.2571525574
      vertex 24.3570652008 12.2089958191 12.2530050278
      vertex 24.3562107086 12.1886367798 12.2564296722
    endloop
  endfacet
  facet normal 0.676910042763 0.678485989571 0.285393685102
    outer loop
      vertex 24.4527797699 11.7097988129 12.1609230042
      vertex 24.4439506531 11.6770792007 12.1559686661
      vertex 24.4637565613 11.7023878098 12.1468544006
    endloop
  endfacet
  facet normal 0.47900646925 0.809006214142 0.340678334236
    outer loop
      vertex 24.4439506531 11.6770792007 12.1559686661
      vertex 24.436170578 11.6803283691 12.1619434357
      vertex 24.4212627411 11.6526231766 12.1591033936
    endloop
  endfacet
  facet normal 0.402714431286 0.857743144035 0.319527477026
    outer loop
      vertex 24.4699420929 11.6500682831 12.139125824
      vertex 24.4524326324 11.6600189209 12.1510534286
      vertex 24.4240055084 11.6321706772 12.1540260315
    endloop
  endfacet
  facet normal 0.62768048048 0.767572164536 0.129808261991
    outer loop
      vertex 24.4171237946 11.6716718674 12.1760549545
      vertex 24.436170578 11.6803283691 12.1619434357
      vertex 24.418296814 11.6916618347 12.1784763336
    endloop
  endfacet
  facet normal 0.431944012642 0.901802837849 0.0132673773915
    outer loop
      vertex 24.4439506531 11.6770792007 12.1559686661
      vertex 24.4524173737 11.6713991165 12.1518297195
      vertex 24.4637565613 11.7023878098 12.1468544006
    endloop
  endfacet
  facet normal 0.328166037798 0.926182329655 0.185723856091
    outer loop
      vertex 24.4439506531 11.6770792007 12.1559686661
      vertex 24.4212627411 11.6526231766 12.1591033936
      vertex 24.4524173737 11.6713991165 12.1518297195
    endloop
  endfacet
  facet normal 0.26401758194 0.962305545807 0.0652894601226
    outer loop
      vertex 24.4524173737 11.6713991165 12.1518297195
      vertex 24.4212627411 11.6526231766 12.1591033936
      vertex 24.4524326324 11.6600189209 12.1510534286
    endloop
  endfacet
  facet normal 0.503932654858 0.861785948277 0.0581109113991
    outer loop
      vertex 24.4524173737 11.6713991165 12.1518297195
      vertex 24.4524326324 11.6600189209 12.1510534286
      vertex 24.4745044708 11.6707754135 12.1388721466
    endloop
  endfacet
  facet normal 0.141459107399 0.989061236382 0.0417992249131
    outer loop
      vertex 24.4758644104 11.6082248688 12.1385259628
      vertex 24.4496765137 11.5975866318 12.1418218613
      vertex 24.4752140045 11.5879259109 12.137761116
    endloop
  endfacet
  facet normal -0.0671679824591 0.997310638428 0.0293255671859
    outer loop
      vertex 24.4179458618 11.587105751 12.1393766403
      vertex 24.4496765137 11.5975866318 12.1418218613
      vertex 24.4200992584 11.6087036133 12.1401567459
    endloop
  endfacet
  facet normal 0.961802065372 -0.259228110313 -0.0879636183381
    outer loop
      vertex 24.4109268188 12.1164512634 12.1855669022
      vertex 24.4158611298 12.1044368744 12.1997976303
      vertex 24.410320282 12.0974769592 12.1768779755
    endloop
  endfacet
  facet normal 0.921329259872 -0.353620588779 -0.161569967866
    outer loop
      vertex 24.405210495 12.1167984009 12.1723928452
      vertex 24.410320282 12.0974769592 12.1768779755
      vertex 24.402425766 12.1079292297 12.1610851288
    endloop
  endfacet
  facet normal 0.982073664665 0.168020710349 0.0854422226548
    outer loop
      vertex 24.4395828247 10.9644203186 11.9788179398
      vertex 24.4411888123 10.9845504761 11.9796676636
      vertex 24.4368228912 10.9657850266 11.9956436157
    endloop
  endfacet
  facet normal 0.764366388321 0.171116322279 0.621661663055
    outer loop
      vertex 24.458278656 11.0053310394 11.9788236618
      vertex 24.4484119415 10.9960803986 11.9892902374
      vertex 24.4411888123 10.9845504761 11.9796676636
    endloop
  endfacet
  facet normal 0.042178530246 0.983770608902 0.174402803183
    outer loop
      vertex 24.4397010803 11.4023628235 12.1147670746
      vertex 24.4377651215 11.4220085144 12.1183328629
      vertex 24.4189357758 11.4021339417 12.1156167984
    endloop
  endfacet
  facet normal 0.0454962141812 0.998953819275 0.00462662195787
    outer loop
      vertex 24.4177417755 11.4215478897 12.1192426682
      vertex 24.4377651215 11.4220085144 12.1183328629
      vertex 24.41771698 11.4414834976 12.1193361282
    endloop
  endfacet
  facet normal 0.977938234806 -0.00266202981584 -0.20887722075
    outer loop
      vertex 24.4165458679 12.0537757874 12.153459549
      vertex 24.4136314392 12.067492485 12.1590852737
      vertex 24.4162693024 12.055273056 12.1693439484
    endloop
  endfacet
  facet normal 0.770600497723 -0.0115495733917 -0.63721382618
    outer loop
      vertex 24.4345989227 11.9597425461 12.1213493347
      vertex 24.4174118042 11.9805326462 12.121638298
      vertex 24.4292640686 11.9664592743 12.1359767914
    endloop
  endfacet
  facet normal 0.95096540451 -0.123287215829 -0.283663600683
    outer loop
      vertex 24.4100494385 12.0815505981 12.1638011932
      vertex 24.4146728516 12.0726499557 12.178984642
      vertex 24.4136314392 12.067492485 12.1590852737
    endloop
  endfacet
  facet normal 0.999993622303 0.002767163096 -0.00225070863962
    outer loop
      vertex 24.4382362366 11.8307733536 12.1805210114
      vertex 24.4382610321 11.8425455093 12.1619853973
      vertex 24.4381809235 11.8566684723 12.1794481277
    endloop
  endfacet
  facet normal 0.00563246430829 0.998241126537 0.0590162761509
    outer loop
      vertex 24.4194889069 11.4838266373 12.1373729706
      vertex 24.4361114502 11.4641523361 12.1361160278
      vertex 24.4386463165 11.4837999344 12.137263298
    endloop
  endfacet
  facet normal 0.10028206557 0.994956195354 0.002380941296
    outer loop
      vertex 24.4362716675 11.8585615158 12.2173862457
      vertex 24.4177112579 11.8567314148 12.2192525864
      vertex 24.4361362457 11.8369150162 12.2173480988
    endloop
  endfacet
  facet normal 0.998876154423 0.0398641526699 -0.0256365165114
    outer loop
      vertex 24.4380187988 11.8984174728 12.1986207962
      vertex 24.4380378723 11.9122886658 12.1892223358
      vertex 24.4374141693 11.9194784164 12.2002267838
    endloop
  endfacet
  facet normal 0.998328983784 -0.00569775747135 -0.0575049221516
    outer loop
      vertex 24.4176578522 12.0437517166 12.1996030807
      vertex 24.4175682068 12.0433511734 12.1798534393
      vertex 24.4168586731 12.0562095642 12.1853065491
    endloop
  endfacet
  facet normal 0.990346550941 -0.0847190842032 -0.109710395336
    outer loop
      vertex 24.4145793915 12.0632362366 12.1427230835
      vertex 24.4165458679 12.0537757874 12.153459549
      vertex 24.4164142609 12.0445013046 12.1399106979
    endloop
  endfacet
  facet normal 0.950338959694 0.294292509556 -0.101231269538
    outer loop
      vertex 24.4545402527 11.7288646698 12.1356544495
      vertex 24.454164505 11.7437009811 12.1317644119
      vertex 24.4495735168 11.7427625656 12.1469125748
    endloop
  endfacet
  facet normal 0.97284913063 -0.170915052295 -0.156053230166
    outer loop
      vertex 24.4146728516 12.0726499557 12.178984642
      vertex 24.410320282 12.0974769592 12.1768779755
      vertex 24.4164733887 12.0834913254 12.1991319656
    endloop
  endfacet
  facet normal 0.960533559322 0.249225616455 -0.123538814485
    outer loop
      vertex 24.4561405182 11.7530269623 12.1195259094
      vertex 24.4504184723 11.7611198425 12.1375675201
      vertex 24.454164505 11.7437009811 12.1317644119
    endloop
  endfacet
  facet normal 0.949760138988 0.294422715902 -0.106164485216
    outer loop
      vertex 24.4495735168 11.7427625656 12.1469125748
      vertex 24.454164505 11.7437009811 12.1317644119
      vertex 24.4504184723 11.7611198425 12.1375675201
    endloop
  endfacet
  facet normal 0.0999578535557 0.994991242886 -0.000942781101912
    outer loop
      vertex 24.4177112579 11.8567314148 12.2192525864
      vertex 24.4362716675 11.8585615158 12.2173862457
      vertex 24.4176521301 11.8770875931 12.2192392349
    endloop
  endfacet
  facet normal 0.720679104328 -0.0832152664661 -0.688256382942
    outer loop
      vertex 24.4263896942 11.9736757278 12.1678504944
      vertex 24.419128418 11.9827003479 12.179605484
      vertex 24.4307117462 11.971206665 12.1848602295
    endloop
  endfacet
  facet normal 0.998616874218 -0.0359575934708 -0.0383588299155
    outer loop
      vertex 24.4165458679 12.0537757874 12.153459549
      vertex 24.4174404144 12.0366783142 12.1600637436
      vertex 24.4164142609 12.0445013046 12.1399106979
    endloop
  endfacet
endsolid "PLAG020-R"
