solid B-16-Plag.317
facet normal 0 0 0
outer loop
vertex 1.095771 14.576012 12.679372
vertex 1.075295 14.596764 12.679372
vertex 1.095771 14.596764 12.679372
endloop
endfacet
facet normal 0 0 0
outer loop
vertex 1.116247 14.596764 12.679372
vertex 1.095771 14.576012 12.679372
vertex 1.095771 14.596764 12.679372
endloop
endfacet
facet normal 0 0 0
outer loop
vertex 1.095771 14.596764 12.679372
vertex 1.075295 14.596764 12.679372
vertex 1.095771 14.617517 12.679372
endloop
endfacet
facet normal 0 0 0
outer loop
vertex 1.095771 14.617517 12.679372
vertex 1.075295 14.596764 12.679372
vertex 1.075295 14.617517 12.679372
endloop
endfacet
facet normal 0 0 0
outer loop
vertex 1.116247 14.596764 12.679372
vertex 1.095771 14.596764 12.679372
vertex 1.116247 14.617517 12.679372
endloop
endfacet
facet normal 0 0 0
outer loop
vertex 1.116247 14.617517 12.679372
vertex 1.095771 14.596764 12.679372
vertex 1.095771 14.617517 12.679372
endloop
endfacet
facet normal 0 0 0
outer loop
vertex 1.136723 14.596764 12.679372
vertex 1.116247 14.596764 12.679372
vertex 1.136723 14.617517 12.679372
endloop
endfacet
facet normal 0 0 0
outer loop
vertex 1.136723 14.617517 12.679372
vertex 1.116247 14.596764 12.679372
vertex 1.116247 14.617517 12.679372
endloop
endfacet
facet normal 0 0 0
outer loop
vertex 1.075295 14.638271 12.679372
vertex 1.095771 14.617517 12.679372
vertex 1.075295 14.617517 12.679372
endloop
endfacet
facet normal 0 0 0
outer loop
vertex 1.095771 14.617517 12.679372
vertex 1.116247 14.638271 12.679372
vertex 1.116247 14.617517 12.679372
endloop
endfacet
facet normal 0 0 0
outer loop
vertex 1.136723 14.617517 12.679372
vertex 1.116247 14.617517 12.679372
vertex 1.136723 14.638271 12.679372
endloop
endfacet
facet normal 0 0 0
outer loop
vertex 1.136723 14.638271 12.679372
vertex 1.116247 14.617517 12.679372
vertex 1.116247 14.638271 12.679372
endloop
endfacet
facet normal 0 0 0
outer loop
vertex 1.095771 14.576012 12.679372
vertex 1.116247 14.576012 12.699371
vertex 1.095771 14.576012 12.699371
endloop
endfacet
facet normal 0 0 0
outer loop
vertex 1.054820 14.596764 12.699371
vertex 1.075295 14.596764 12.679372
vertex 1.075295 14.596764 12.699371
endloop
endfacet
facet normal 0 0 0
outer loop
vertex 1.095771 14.576012 12.699371
vertex 1.075295 14.596764 12.679372
vertex 1.095771 14.576012 12.679372
endloop
endfacet
facet normal 0 0 0
outer loop
vertex 1.075295 14.596764 12.699371
vertex 1.075295 14.596764 12.679372
vertex 1.095771 14.576012 12.699371
endloop
endfacet
facet normal 0 0 0
outer loop
vertex 1.095771 14.576012 12.679372
vertex 1.116247 14.596764 12.679372
vertex 1.116247 14.576012 12.699371
endloop
endfacet
facet normal 0 0 0
outer loop
vertex 1.116247 14.576012 12.699371
vertex 1.116247 14.596764 12.679372
vertex 1.136723 14.596764 12.699371
endloop
endfacet
facet normal 0 0 0
outer loop
vertex 1.116247 14.596764 12.679372
vertex 1.136723 14.596764 12.679372
vertex 1.136723 14.596764 12.699371
endloop
endfacet
facet normal 0 0 0
outer loop
vertex 1.054820 14.596764 12.699371
vertex 1.075295 14.617517 12.699371
vertex 1.075295 14.596764 12.679372
endloop
endfacet
facet normal 0 0 0
outer loop
vertex 1.075295 14.617517 12.699371
vertex 1.075295 14.617517 12.679372
vertex 1.075295 14.596764 12.679372
endloop
endfacet
facet normal 0 0 0
outer loop
vertex 1.157199 14.617517 12.699371
vertex 1.136723 14.596764 12.699371
vertex 1.136723 14.617517 12.679372
endloop
endfacet
facet normal 0 0 0
outer loop
vertex 1.136723 14.596764 12.699371
vertex 1.136723 14.596764 12.679372
vertex 1.136723 14.617517 12.679372
endloop
endfacet
facet normal 0 0 0
outer loop
vertex 1.075295 14.617517 12.699371
vertex 1.075295 14.638271 12.679372
vertex 1.075295 14.617517 12.679372
endloop
endfacet
facet normal 0 0 0
outer loop
vertex 1.075295 14.638271 12.679372
vertex 1.075295 14.617517 12.699371
vertex 1.095771 14.617517 12.679372
endloop
endfacet
facet normal 0 0 0
outer loop
vertex 1.095771 14.638271 12.699371
vertex 1.095771 14.617517 12.679372
vertex 1.075295 14.617517 12.699371
endloop
endfacet
facet normal 0 0 0
outer loop
vertex 1.095771 14.617517 12.679372
vertex 1.095771 14.638271 12.699371
vertex 1.116247 14.638271 12.679372
endloop
endfacet
facet normal 0 0 0
outer loop
vertex 1.157199 14.617517 12.699371
vertex 1.136723 14.638271 12.679372
vertex 1.157199 14.638271 12.699371
endloop
endfacet
facet normal 0 0 0
outer loop
vertex 1.136723 14.617517 12.679372
vertex 1.136723 14.638271 12.679372
vertex 1.157199 14.617517 12.699371
endloop
endfacet
facet normal 0 0 0
outer loop
vertex 1.177675 14.638271 12.699371
vertex 1.157199 14.617517 12.699371
vertex 1.157199 14.638271 12.699371
endloop
endfacet
facet normal 0 0 0
outer loop
vertex 1.116247 14.638271 12.679372
vertex 1.095771 14.638271 12.699371
vertex 1.116247 14.638271 12.699371
endloop
endfacet
facet normal 0 0 0
outer loop
vertex 1.136723 14.638271 12.679372
vertex 1.116247 14.638271 12.679372
vertex 1.136723 14.638271 12.699371
endloop
endfacet
facet normal 0 0 0
outer loop
vertex 1.116247 14.638271 12.679372
vertex 1.116247 14.638271 12.699371
vertex 1.136723 14.638271 12.699371
endloop
endfacet
facet normal 0 0 0
outer loop
vertex 1.157199 14.638271 12.699371
vertex 1.136723 14.638271 12.679372
vertex 1.136723 14.638271 12.699371
endloop
endfacet
facet normal 0 0 0
outer loop
vertex 1.034344 14.596764 12.719372
vertex 1.054820 14.596764 12.699371
vertex 1.054820 14.596764 12.719372
endloop
endfacet
facet normal 0 0 0
outer loop
vertex 1.075295 14.576012 12.719372
vertex 1.054820 14.596764 12.719372
vertex 1.075295 14.596764 12.699371
endloop
endfacet
facet normal 0 0 0
outer loop
vertex 1.054820 14.596764 12.719372
vertex 1.054820 14.596764 12.699371
vertex 1.075295 14.596764 12.699371
endloop
endfacet
facet normal 0 0 0
outer loop
vertex 1.075295 14.576012 12.719372
vertex 1.075295 14.596764 12.699371
vertex 1.095771 14.596764 12.719372
endloop
endfacet
facet normal 0 0 0
outer loop
vertex 1.095771 14.576012 12.699371
vertex 1.095771 14.596764 12.719372
vertex 1.075295 14.596764 12.699371
endloop
endfacet
facet normal 0 0 0
outer loop
vertex 1.116247 14.576012 12.699371
vertex 1.095771 14.596764 12.719372
vertex 1.095771 14.576012 12.699371
endloop
endfacet
facet normal 0 0 0
outer loop
vertex 1.116247 14.596764 12.719372
vertex 1.095771 14.596764 12.719372
vertex 1.116247 14.576012 12.699371
endloop
endfacet
facet normal 0 0 0
outer loop
vertex 1.136723 14.596764 12.699371
vertex 1.116247 14.596764 12.719372
vertex 1.116247 14.576012 12.699371
endloop
endfacet
facet normal 0 0 0
outer loop
vertex 1.054820 14.596764 12.699371
vertex 1.034344 14.596764 12.719372
vertex 1.054820 14.617517 12.719372
endloop
endfacet
facet normal 0 0 0
outer loop
vertex 1.054820 14.596764 12.699371
vertex 1.054820 14.617517 12.719372
vertex 1.075295 14.617517 12.699371
endloop
endfacet
facet normal 0 0 0
outer loop
vertex 1.136723 14.596764 12.699371
vertex 1.136723 14.617517 12.719372
vertex 1.116247 14.596764 12.719372
endloop
endfacet
facet normal 0 0 0
outer loop
vertex 1.157199 14.617517 12.699371
vertex 1.136723 14.617517 12.719372
vertex 1.136723 14.596764 12.699371
endloop
endfacet
facet normal 0 0 0
outer loop
vertex 1.075295 14.617517 12.699371
vertex 1.054820 14.617517 12.719372
vertex 1.075295 14.638271 12.719372
endloop
endfacet
facet normal 0 0 0
outer loop
vertex 1.075295 14.617517 12.699371
vertex 1.075295 14.638271 12.719372
vertex 1.095771 14.638271 12.699371
endloop
endfacet
facet normal 0 0 0
outer loop
vertex 1.157199 14.617517 12.699371
vertex 1.157199 14.638271 12.719372
vertex 1.136723 14.617517 12.719372
endloop
endfacet
facet normal 0 0 0
outer loop
vertex 1.177675 14.638271 12.699371
vertex 1.157199 14.638271 12.719372
vertex 1.157199 14.617517 12.699371
endloop
endfacet
facet normal 0 0 0
outer loop
vertex 1.095771 14.638271 12.699371
vertex 1.075295 14.638271 12.719372
vertex 1.095771 14.659023 12.719372
endloop
endfacet
facet normal 0 0 0
outer loop
vertex 1.075295 14.638271 12.719372
vertex 1.075295 14.659023 12.719372
vertex 1.095771 14.659023 12.719372
endloop
endfacet
facet normal 0 0 0
outer loop
vertex 1.095771 14.638271 12.699371
vertex 1.116247 14.659023 12.719372
vertex 1.116247 14.638271 12.699371
endloop
endfacet
facet normal 0 0 0
outer loop
vertex 1.095771 14.659023 12.719372
vertex 1.116247 14.659023 12.719372
vertex 1.095771 14.638271 12.699371
endloop
endfacet
facet normal 0 0 0
outer loop
vertex 1.116247 14.638271 12.699371
vertex 1.136723 14.659023 12.719372
vertex 1.136723 14.638271 12.699371
endloop
endfacet
facet normal 0 0 0
outer loop
vertex 1.116247 14.659023 12.719372
vertex 1.136723 14.659023 12.719372
vertex 1.116247 14.638271 12.699371
endloop
endfacet
facet normal 0 0 0
outer loop
vertex 1.136723 14.638271 12.699371
vertex 1.157199 14.659023 12.719372
vertex 1.157199 14.638271 12.699371
endloop
endfacet
facet normal 0 0 0
outer loop
vertex 1.136723 14.659023 12.719372
vertex 1.157199 14.659023 12.719372
vertex 1.136723 14.638271 12.699371
endloop
endfacet
facet normal 0 0 0
outer loop
vertex 1.177675 14.638271 12.699371
vertex 1.157199 14.659023 12.719372
vertex 1.157199 14.638271 12.719372
endloop
endfacet
facet normal 0 0 0
outer loop
vertex 1.177675 14.638271 12.699371
vertex 1.157199 14.638271 12.699371
vertex 1.157199 14.659023 12.719372
endloop
endfacet
facet normal 0 0 0
outer loop
vertex 1.095771 14.659023 12.719372
vertex 1.116247 14.679777 12.719372
vertex 1.116247 14.659023 12.719372
endloop
endfacet
facet normal 0 0 0
outer loop
vertex 1.136723 14.659023 12.719372
vertex 1.116247 14.659023 12.719372
vertex 1.136723 14.679777 12.719372
endloop
endfacet
facet normal 0 0 0
outer loop
vertex 1.136723 14.679777 12.719372
vertex 1.116247 14.659023 12.719372
vertex 1.116247 14.679777 12.719372
endloop
endfacet
facet normal 0 0 0
outer loop
vertex 1.136723 14.679777 12.719372
vertex 1.157199 14.659023 12.719372
vertex 1.136723 14.659023 12.719372
endloop
endfacet
facet normal 0 0 0
outer loop
vertex 1.075295 14.555258 12.739372
vertex 1.054820 14.576012 12.739372
vertex 1.075295 14.576012 12.719372
endloop
endfacet
facet normal 0 0 0
outer loop
vertex 1.075295 14.576012 12.719372
vertex 1.095771 14.576012 12.739372
vertex 1.075295 14.555258 12.739372
endloop
endfacet
facet normal 0 0 0
outer loop
vertex 1.054820 14.576012 12.739372
vertex 1.054820 14.596764 12.739372
vertex 1.034344 14.596764 12.719372
endloop
endfacet
facet normal 0 0 0
outer loop
vertex 1.054820 14.576012 12.739372
vertex 1.034344 14.596764 12.719372
vertex 1.054820 14.596764 12.719372
endloop
endfacet
facet normal 0 0 0
outer loop
vertex 1.075295 14.576012 12.719372
vertex 1.054820 14.576012 12.739372
vertex 1.054820 14.596764 12.719372
endloop
endfacet
facet normal 0 0 0
outer loop
vertex 1.075295 14.576012 12.719372
vertex 1.095771 14.596764 12.719372
vertex 1.095771 14.576012 12.739372
endloop
endfacet
facet normal 0 0 0
outer loop
vertex 1.116247 14.596764 12.719372
vertex 1.095771 14.576012 12.739372
vertex 1.095771 14.596764 12.719372
endloop
endfacet
facet normal 0 0 0
outer loop
vertex 1.116247 14.576012 12.739372
vertex 1.095771 14.576012 12.739372
vertex 1.116247 14.596764 12.719372
endloop
endfacet
facet normal 0 0 0
outer loop
vertex 1.116247 14.596764 12.719372
vertex 1.136723 14.596764 12.739372
vertex 1.116247 14.576012 12.739372
endloop
endfacet
facet normal 0 0 0
outer loop
vertex 1.034344 14.596764 12.719372
vertex 1.054820 14.596764 12.739372
vertex 1.054820 14.617517 12.719372
endloop
endfacet
facet normal 0 0 0
outer loop
vertex 1.054820 14.596764 12.739372
vertex 1.075295 14.617517 12.739372
vertex 1.054820 14.617517 12.719372
endloop
endfacet
facet normal 0 0 0
outer loop
vertex 1.116247 14.596764 12.719372
vertex 1.136723 14.617517 12.719372
vertex 1.136723 14.596764 12.739372
endloop
endfacet
facet normal 0 0 0
outer loop
vertex 1.136723 14.596764 12.739372
vertex 1.136723 14.617517 12.719372
vertex 1.136723 14.617517 12.739372
endloop
endfacet
facet normal 0 0 0
outer loop
vertex 1.054820 14.617517 12.719372
vertex 1.075295 14.617517 12.739372
vertex 1.075295 14.638271 12.719372
endloop
endfacet
facet normal 0 0 0
outer loop
vertex 1.075295 14.617517 12.739372
vertex 1.095771 14.638271 12.739372
vertex 1.075295 14.638271 12.719372
endloop
endfacet
facet normal 0 0 0
outer loop
vertex 1.136723 14.617517 12.719372
vertex 1.157199 14.638271 12.739372
vertex 1.136723 14.617517 12.739372
endloop
endfacet
facet normal 0 0 0
outer loop
vertex 1.157199 14.638271 12.719372
vertex 1.157199 14.638271 12.739372
vertex 1.136723 14.617517 12.719372
endloop
endfacet
facet normal 0 0 0
outer loop
vertex 1.157199 14.638271 12.719372
vertex 1.177675 14.638271 12.739372
vertex 1.157199 14.638271 12.739372
endloop
endfacet
facet normal 0 0 0
outer loop
vertex 1.095771 14.659023 12.739372
vertex 1.075295 14.638271 12.719372
vertex 1.095771 14.638271 12.739372
endloop
endfacet
facet normal 0 0 0
outer loop
vertex 1.075295 14.659023 12.719372
vertex 1.075295 14.638271 12.719372
vertex 1.095771 14.659023 12.739372
endloop
endfacet
facet normal 0 0 0
outer loop
vertex 1.177675 14.638271 12.739372
vertex 1.157199 14.659023 12.719372
vertex 1.177675 14.659023 12.739372
endloop
endfacet
facet normal 0 0 0
outer loop
vertex 1.157199 14.638271 12.719372
vertex 1.157199 14.659023 12.719372
vertex 1.177675 14.638271 12.739372
endloop
endfacet
facet normal 0 0 0
outer loop
vertex 1.075295 14.659023 12.719372
vertex 1.095771 14.659023 12.739372
vertex 1.095771 14.659023 12.719372
endloop
endfacet
facet normal 0 0 0
outer loop
vertex 1.116247 14.679777 12.719372
vertex 1.095771 14.659023 12.719372
vertex 1.116247 14.659023 12.739372
endloop
endfacet
facet normal 0 0 0
outer loop
vertex 1.095771 14.659023 12.719372
vertex 1.095771 14.659023 12.739372
vertex 1.116247 14.659023 12.739372
endloop
endfacet
facet normal 0 0 0
outer loop
vertex 1.116247 14.679777 12.719372
vertex 1.136723 14.659023 12.739372
vertex 1.136723 14.679777 12.719372
endloop
endfacet
facet normal 0 0 0
outer loop
vertex 1.116247 14.659023 12.739372
vertex 1.136723 14.659023 12.739372
vertex 1.116247 14.679777 12.719372
endloop
endfacet
facet normal 0 0 0
outer loop
vertex 1.136723 14.679777 12.719372
vertex 1.136723 14.659023 12.739372
vertex 1.157199 14.659023 12.719372
endloop
endfacet
facet normal 0 0 0
outer loop
vertex 1.136723 14.659023 12.739372
vertex 1.157199 14.659023 12.739372
vertex 1.157199 14.659023 12.719372
endloop
endfacet
facet normal 0 0 0
outer loop
vertex 1.177675 14.659023 12.739372
vertex 1.157199 14.659023 12.719372
vertex 1.157199 14.659023 12.739372
endloop
endfacet
facet normal 0 0 0
outer loop
vertex 1.054820 14.576012 12.739372
vertex 1.054820 14.576012 12.759372
vertex 1.034344 14.555258 12.759372
endloop
endfacet
facet normal 0 0 0
outer loop
vertex 1.054820 14.576012 12.739372
vertex 1.034344 14.555258 12.759372
vertex 1.034344 14.576012 12.759372
endloop
endfacet
facet normal 0 0 0
outer loop
vertex 1.075295 14.555258 12.739372
vertex 1.075295 14.576012 12.759372
vertex 1.054820 14.576012 12.739372
endloop
endfacet
facet normal 0 0 0
outer loop
vertex 1.075295 14.576012 12.759372
vertex 1.054820 14.576012 12.759372
vertex 1.054820 14.576012 12.739372
endloop
endfacet
facet normal 0 0 0
outer loop
vertex 1.075295 14.555258 12.739372
vertex 1.095771 14.576012 12.739372
vertex 1.075295 14.576012 12.759372
endloop
endfacet
facet normal 0 0 0
outer loop
vertex 1.095771 14.576012 12.739372
vertex 1.095771 14.576012 12.759372
vertex 1.075295 14.576012 12.759372
endloop
endfacet
facet normal 0 0 0
outer loop
vertex 1.116247 14.576012 12.739372
vertex 1.095771 14.576012 12.759372
vertex 1.095771 14.576012 12.739372
endloop
endfacet
facet normal 0 0 0
outer loop
vertex 1.054820 14.576012 12.739372
vertex 1.034344 14.596764 12.759372
vertex 1.054820 14.596764 12.739372
endloop
endfacet
facet normal 0 0 0
outer loop
vertex 1.034344 14.576012 12.759372
vertex 1.034344 14.596764 12.759372
vertex 1.054820 14.576012 12.739372
endloop
endfacet
facet normal 0 0 0
outer loop
vertex 1.116247 14.576012 12.739372
vertex 1.116247 14.596764 12.759372
vertex 1.095771 14.576012 12.759372
endloop
endfacet
facet normal 0 0 0
outer loop
vertex 1.136723 14.596764 12.739372
vertex 1.116247 14.596764 12.759372
vertex 1.116247 14.576012 12.739372
endloop
endfacet
facet normal 0 0 0
outer loop
vertex 1.054820 14.596764 12.739372
vertex 1.034344 14.596764 12.759372
vertex 1.054820 14.617517 12.759372
endloop
endfacet
facet normal 0 0 0
outer loop
vertex 1.034344 14.596764 12.759372
vertex 1.034344 14.617517 12.759372
vertex 1.054820 14.617517 12.759372
endloop
endfacet
facet normal 0 0 0
outer loop
vertex 1.054820 14.596764 12.739372
vertex 1.054820 14.617517 12.759372
vertex 1.075295 14.617517 12.739372
endloop
endfacet
facet normal 0 0 0
outer loop
vertex 1.136723 14.596764 12.739372
vertex 1.136723 14.617517 12.759372
vertex 1.116247 14.596764 12.759372
endloop
endfacet
facet normal 0 0 0
outer loop
vertex 1.136723 14.617517 12.759372
vertex 1.136723 14.596764 12.739372
vertex 1.136723 14.617517 12.739372
endloop
endfacet
facet normal 0 0 0
outer loop
vertex 1.034344 14.617517 12.759372
vertex 1.054820 14.638271 12.759372
vertex 1.054820 14.617517 12.759372
endloop
endfacet
facet normal 0 0 0
outer loop
vertex 1.075295 14.617517 12.739372
vertex 1.054820 14.617517 12.759372
vertex 1.075295 14.638271 12.759372
endloop
endfacet
facet normal 0 0 0
outer loop
vertex 1.054820 14.617517 12.759372
vertex 1.054820 14.638271 12.759372
vertex 1.075295 14.638271 12.759372
endloop
endfacet
facet normal 0 0 0
outer loop
vertex 1.075295 14.617517 12.739372
vertex 1.075295 14.638271 12.759372
vertex 1.095771 14.638271 12.739372
endloop
endfacet
facet normal 0 0 0
outer loop
vertex 1.136723 14.617517 12.739372
vertex 1.157199 14.638271 12.759372
vertex 1.136723 14.617517 12.759372
endloop
endfacet
facet normal 0 0 0
outer loop
vertex 1.157199 14.638271 12.739372
vertex 1.157199 14.638271 12.759372
vertex 1.136723 14.617517 12.739372
endloop
endfacet
facet normal 0 0 0
outer loop
vertex 1.177675 14.638271 12.739372
vertex 1.157199 14.638271 12.759372
vertex 1.157199 14.638271 12.739372
endloop
endfacet
facet normal 0 0 0
outer loop
vertex 1.075295 14.638271 12.759372
vertex 1.095771 14.659023 12.759372
vertex 1.095771 14.638271 12.739372
endloop
endfacet
facet normal 0 0 0
outer loop
vertex 1.095771 14.659023 12.759372
vertex 1.095771 14.659023 12.739372
vertex 1.095771 14.638271 12.739372
endloop
endfacet
facet normal 0 0 0
outer loop
vertex 1.177675 14.659023 12.739372
vertex 1.157199 14.638271 12.759372
vertex 1.177675 14.638271 12.739372
endloop
endfacet
facet normal 0 0 0
outer loop
vertex 1.157199 14.659023 12.759372
vertex 1.157199 14.638271 12.759372
vertex 1.177675 14.659023 12.739372
endloop
endfacet
facet normal 0 0 0
outer loop
vertex 1.116247 14.679777 12.759372
vertex 1.116247 14.659023 12.739372
vertex 1.095771 14.659023 12.759372
endloop
endfacet
facet normal 0 0 0
outer loop
vertex 1.116247 14.659023 12.739372
vertex 1.095771 14.659023 12.739372
vertex 1.095771 14.659023 12.759372
endloop
endfacet
facet normal 0 0 0
outer loop
vertex 1.116247 14.659023 12.739372
vertex 1.136723 14.679777 12.759372
vertex 1.136723 14.659023 12.739372
endloop
endfacet
facet normal 0 0 0
outer loop
vertex 1.116247 14.679777 12.759372
vertex 1.136723 14.679777 12.759372
vertex 1.116247 14.659023 12.739372
endloop
endfacet
facet normal 0 0 0
outer loop
vertex 1.136723 14.659023 12.739372
vertex 1.157199 14.679777 12.759372
vertex 1.157199 14.659023 12.739372
endloop
endfacet
facet normal 0 0 0
outer loop
vertex 1.136723 14.679777 12.759372
vertex 1.157199 14.679777 12.759372
vertex 1.136723 14.659023 12.739372
endloop
endfacet
facet normal 0 0 0
outer loop
vertex 1.177675 14.659023 12.739372
vertex 1.157199 14.679777 12.759372
vertex 1.157199 14.659023 12.759372
endloop
endfacet
facet normal 0 0 0
outer loop
vertex 1.177675 14.659023 12.739372
vertex 1.157199 14.659023 12.739372
vertex 1.157199 14.679777 12.759372
endloop
endfacet
facet normal 0 0 0
outer loop
vertex 1.034344 14.555258 12.759372
vertex 1.034344 14.576012 12.779372
vertex 1.034344 14.576012 12.759372
endloop
endfacet
facet normal 0 0 0
outer loop
vertex 1.034344 14.555258 12.759372
vertex 1.054820 14.576012 12.759372
vertex 1.034344 14.576012 12.779372
endloop
endfacet
facet normal 0 0 0
outer loop
vertex 1.054820 14.576012 12.759372
vertex 1.054820 14.576012 12.779372
vertex 1.034344 14.576012 12.779372
endloop
endfacet
facet normal 0 0 0
outer loop
vertex 1.075295 14.576012 12.759372
vertex 1.075295 14.576012 12.779372
vertex 1.054820 14.576012 12.759372
endloop
endfacet
facet normal 0 0 0
outer loop
vertex 1.054820 14.576012 12.759372
vertex 1.075295 14.576012 12.779372
vertex 1.054820 14.576012 12.779372
endloop
endfacet
facet normal 0 0 0
outer loop
vertex 1.095771 14.576012 12.759372
vertex 1.075295 14.576012 12.779372
vertex 1.075295 14.576012 12.759372
endloop
endfacet
facet normal 0 0 0
outer loop
vertex 1.034344 14.576012 12.759372
vertex 1.034344 14.576012 12.779372
vertex 1.034344 14.596764 12.759372
endloop
endfacet
facet normal 0 0 0
outer loop
vertex 1.034344 14.576012 12.779372
vertex 1.034344 14.596764 12.779372
vertex 1.034344 14.596764 12.759372
endloop
endfacet
facet normal 0 0 0
outer loop
vertex 1.095771 14.596764 12.759372
vertex 1.075295 14.576012 12.779372
vertex 1.095771 14.576012 12.759372
endloop
endfacet
facet normal 0 0 0
outer loop
vertex 1.075295 14.596764 12.779372
vertex 1.075295 14.576012 12.779372
vertex 1.095771 14.596764 12.759372
endloop
endfacet
facet normal 0 0 0
outer loop
vertex 1.095771 14.576012 12.759372
vertex 1.116247 14.596764 12.759372
vertex 1.095771 14.596764 12.759372
endloop
endfacet
facet normal 0 0 0
outer loop
vertex 1.013868 14.617517 12.779372
vertex 1.034344 14.617517 12.759372
vertex 1.034344 14.596764 12.779372
endloop
endfacet
facet normal 0 0 0
outer loop
vertex 1.034344 14.617517 12.759372
vertex 1.034344 14.596764 12.759372
vertex 1.034344 14.596764 12.779372
endloop
endfacet
facet normal 0 0 0
outer loop
vertex 1.095771 14.596764 12.759372
vertex 1.095771 14.617517 12.779372
vertex 1.075295 14.596764 12.779372
endloop
endfacet
facet normal 0 0 0
outer loop
vertex 1.116247 14.596764 12.759372
vertex 1.095771 14.617517 12.779372
vertex 1.095771 14.596764 12.759372
endloop
endfacet
facet normal 0 0 0
outer loop
vertex 1.116247 14.617517 12.779372
vertex 1.095771 14.617517 12.779372
vertex 1.116247 14.596764 12.759372
endloop
endfacet
facet normal 0 0 0
outer loop
vertex 1.136723 14.617517 12.759372
vertex 1.116247 14.617517 12.779372
vertex 1.116247 14.596764 12.759372
endloop
endfacet
facet normal 0 0 0
outer loop
vertex 1.034344 14.617517 12.759372
vertex 1.013868 14.617517 12.779372
vertex 1.034344 14.638271 12.779372
endloop
endfacet
facet normal 0 0 0
outer loop
vertex 1.034344 14.617517 12.759372
vertex 1.034344 14.638271 12.779372
vertex 1.054820 14.638271 12.759372
endloop
endfacet
facet normal 0 0 0
outer loop
vertex 1.136723 14.638271 12.759372
vertex 1.116247 14.617517 12.779372
vertex 1.136723 14.617517 12.759372
endloop
endfacet
facet normal 0 0 0
outer loop
vertex 1.116247 14.638271 12.779372
vertex 1.116247 14.617517 12.779372
vertex 1.136723 14.638271 12.759372
endloop
endfacet
facet normal 0 0 0
outer loop
vertex 1.136723 14.617517 12.759372
vertex 1.157199 14.638271 12.759372
vertex 1.136723 14.638271 12.759372
endloop
endfacet
facet normal 0 0 0
outer loop
vertex 1.054820 14.638271 12.759372
vertex 1.034344 14.638271 12.779372
vertex 1.054820 14.638271 12.779372
endloop
endfacet
facet normal 0 0 0
outer loop
vertex 1.075295 14.659023 12.779372
vertex 1.075295 14.638271 12.759372
vertex 1.054820 14.638271 12.779372
endloop
endfacet
facet normal 0 0 0
outer loop
vertex 1.075295 14.638271 12.759372
vertex 1.054820 14.638271 12.759372
vertex 1.054820 14.638271 12.779372
endloop
endfacet
facet normal 0 0 0
outer loop
vertex 1.075295 14.638271 12.759372
vertex 1.075295 14.659023 12.779372
vertex 1.095771 14.659023 12.759372
endloop
endfacet
facet normal 0 0 0
outer loop
vertex 1.136723 14.638271 12.759372
vertex 1.136723 14.659023 12.779372
vertex 1.116247 14.638271 12.779372
endloop
endfacet
facet normal 0 0 0
outer loop
vertex 1.157199 14.638271 12.759372
vertex 1.136723 14.659023 12.779372
vertex 1.136723 14.638271 12.759372
endloop
endfacet
facet normal 0 0 0
outer loop
vertex 1.157199 14.659023 12.779372
vertex 1.136723 14.659023 12.779372
vertex 1.157199 14.638271 12.759372
endloop
endfacet
facet normal 0 0 0
outer loop
vertex 1.157199 14.659023 12.779372
vertex 1.157199 14.638271 12.759372
vertex 1.157199 14.659023 12.759372
endloop
endfacet
facet normal 0 0 0
outer loop
vertex 1.095771 14.659023 12.759372
vertex 1.075295 14.659023 12.779372
vertex 1.095771 14.679777 12.779372
endloop
endfacet
facet normal 0 0 0
outer loop
vertex 1.075295 14.659023 12.779372
vertex 1.075295 14.679777 12.779372
vertex 1.095771 14.679777 12.779372
endloop
endfacet
facet normal 0 0 0
outer loop
vertex 1.095771 14.659023 12.759372
vertex 1.095771 14.679777 12.779372
vertex 1.116247 14.679777 12.759372
endloop
endfacet
facet normal 0 0 0
outer loop
vertex 1.157199 14.679777 12.759372
vertex 1.136723 14.679777 12.779372
vertex 1.157199 14.659023 12.779372
endloop
endfacet
facet normal 0 0 0
outer loop
vertex 1.157199 14.679777 12.759372
vertex 1.157199 14.659023 12.779372
vertex 1.157199 14.659023 12.759372
endloop
endfacet
facet normal 0 0 0
outer loop
vertex 1.075295 14.679777 12.779372
vertex 1.095771 14.700531 12.779372
vertex 1.095771 14.679777 12.779372
endloop
endfacet
facet normal 0 0 0
outer loop
vertex 1.116247 14.679777 12.759372
vertex 1.095771 14.679777 12.779372
vertex 1.116247 14.700531 12.779372
endloop
endfacet
facet normal 0 0 0
outer loop
vertex 1.095771 14.679777 12.779372
vertex 1.095771 14.700531 12.779372
vertex 1.116247 14.700531 12.779372
endloop
endfacet
facet normal 0 0 0
outer loop
vertex 1.116247 14.679777 12.759372
vertex 1.136723 14.700531 12.779372
vertex 1.136723 14.679777 12.759372
endloop
endfacet
facet normal 0 0 0
outer loop
vertex 1.116247 14.700531 12.779372
vertex 1.136723 14.700531 12.779372
vertex 1.116247 14.679777 12.759372
endloop
endfacet
facet normal 0 0 0
outer loop
vertex 1.157199 14.679777 12.759372
vertex 1.136723 14.700531 12.779372
vertex 1.136723 14.679777 12.779372
endloop
endfacet
facet normal 0 0 0
outer loop
vertex 1.157199 14.679777 12.759372
vertex 1.136723 14.679777 12.759372
vertex 1.136723 14.700531 12.779372
endloop
endfacet
facet normal 0 0 0
outer loop
vertex 1.013868 14.576012 12.799372
vertex 1.034344 14.576012 12.779372
vertex 1.034344 14.576012 12.799372
endloop
endfacet
facet normal 0 0 0
outer loop
vertex 1.054820 14.576012 12.779372
vertex 1.054820 14.576012 12.799372
vertex 1.034344 14.576012 12.779372
endloop
endfacet
facet normal 0 0 0
outer loop
vertex 1.034344 14.576012 12.779372
vertex 1.054820 14.576012 12.799372
vertex 1.034344 14.576012 12.799372
endloop
endfacet
facet normal 0 0 0
outer loop
vertex 1.075295 14.576012 12.779372
vertex 1.054820 14.576012 12.799372
vertex 1.054820 14.576012 12.779372
endloop
endfacet
facet normal 0 0 0
outer loop
vertex 1.034344 14.576012 12.779372
vertex 1.013868 14.596764 12.799372
vertex 1.034344 14.596764 12.779372
endloop
endfacet
facet normal 0 0 0
outer loop
vertex 1.013868 14.576012 12.799372
vertex 1.013868 14.596764 12.799372
vertex 1.034344 14.576012 12.779372
endloop
endfacet
facet normal 0 0 0
outer loop
vertex 1.075295 14.576012 12.779372
vertex 1.075295 14.596764 12.799372
vertex 1.054820 14.576012 12.799372
endloop
endfacet
facet normal 0 0 0
outer loop
vertex 1.075295 14.576012 12.779372
vertex 1.075295 14.596764 12.779372
vertex 1.095771 14.596764 12.799372
endloop
endfacet
facet normal 0 0 0
outer loop
vertex 1.075295 14.576012 12.779372
vertex 1.095771 14.596764 12.799372
vertex 1.075295 14.596764 12.799372
endloop
endfacet
facet normal 0 0 0
outer loop
vertex 1.013868 14.596764 12.799372
vertex 1.034344 14.617517 12.799372
vertex 1.034344 14.596764 12.779372
endloop
endfacet
facet normal 0 0 0
outer loop
vertex 1.013868 14.617517 12.779372
vertex 1.034344 14.596764 12.779372
vertex 1.034344 14.617517 12.799372
endloop
endfacet
facet normal 0 0 0
outer loop
vertex 1.075295 14.596764 12.779372
vertex 1.095771 14.617517 12.779372
vertex 1.095771 14.596764 12.799372
endloop
endfacet
facet normal 0 0 0
outer loop
vertex 1.095771 14.596764 12.799372
vertex 1.095771 14.617517 12.779372
vertex 1.116247 14.617517 12.799372
endloop
endfacet
facet normal 0 0 0
outer loop
vertex 1.095771 14.617517 12.779372
vertex 1.116247 14.617517 12.779372
vertex 1.116247 14.617517 12.799372
endloop
endfacet
facet normal 0 0 0
outer loop
vertex 1.013868 14.617517 12.779372
vertex 1.034344 14.617517 12.799372
vertex 1.034344 14.638271 12.779372
endloop
endfacet
facet normal 0 0 0
outer loop
vertex 1.034344 14.617517 12.799372
vertex 1.054820 14.638271 12.799372
vertex 1.034344 14.638271 12.779372
endloop
endfacet
facet normal 0 0 0
outer loop
vertex 1.136723 14.638271 12.799372
vertex 1.116247 14.617517 12.799372
vertex 1.116247 14.638271 12.779372
endloop
endfacet
facet normal 0 0 0
outer loop
vertex 1.116247 14.617517 12.799372
vertex 1.116247 14.617517 12.779372
vertex 1.116247 14.638271 12.779372
endloop
endfacet
facet normal 0 0 0
outer loop
vertex 1.034344 14.638271 12.779372
vertex 1.054820 14.659023 12.799372
vertex 1.054820 14.638271 12.779372
endloop
endfacet
facet normal 0 0 0
outer loop
vertex 1.034344 14.638271 12.779372
vertex 1.054820 14.638271 12.799372
vertex 1.054820 14.659023 12.799372
endloop
endfacet
facet normal 0 0 0
outer loop
vertex 1.054820 14.638271 12.779372
vertex 1.054820 14.659023 12.799372
vertex 1.075295 14.659023 12.779372
endloop
endfacet
facet normal 0 0 0
outer loop
vertex 1.116247 14.638271 12.779372
vertex 1.136723 14.659023 12.779372
vertex 1.136723 14.638271 12.799372
endloop
endfacet
facet normal 0 0 0
outer loop
vertex 1.136723 14.638271 12.799372
vertex 1.136723 14.659023 12.779372
vertex 1.157199 14.659023 12.799372
endloop
endfacet
facet normal 0 0 0
outer loop
vertex 1.136723 14.659023 12.779372
vertex 1.157199 14.659023 12.779372
vertex 1.157199 14.659023 12.799372
endloop
endfacet
facet normal 0 0 0
outer loop
vertex 1.054820 14.659023 12.799372
vertex 1.075295 14.679777 12.779372
vertex 1.075295 14.659023 12.779372
endloop
endfacet
facet normal 0 0 0
outer loop
vertex 1.054820 14.659023 12.799372
vertex 1.075295 14.659023 12.799372
vertex 1.075295 14.679777 12.779372
endloop
endfacet
facet normal 0 0 0
outer loop
vertex 1.075295 14.659023 12.799372
vertex 1.095771 14.679777 12.799372
vertex 1.075295 14.679777 12.779372
endloop
endfacet
facet normal 0 0 0
outer loop
vertex 1.157199 14.659023 12.779372
vertex 1.136723 14.679777 12.779372
vertex 1.157199 14.679777 12.799372
endloop
endfacet
facet normal 0 0 0
outer loop
vertex 1.157199 14.659023 12.779372
vertex 1.157199 14.679777 12.799372
vertex 1.157199 14.659023 12.799372
endloop
endfacet
facet normal 0 0 0
outer loop
vertex 1.075295 14.679777 12.779372
vertex 1.095771 14.679777 12.799372
vertex 1.095771 14.700531 12.779372
endloop
endfacet
facet normal 0 0 0
outer loop
vertex 1.095771 14.679777 12.799372
vertex 1.116247 14.700531 12.799372
vertex 1.095771 14.700531 12.779372
endloop
endfacet
facet normal 0 0 0
outer loop
vertex 1.157199 14.679777 12.799372
vertex 1.136723 14.700531 12.779372
vertex 1.157199 14.700531 12.799372
endloop
endfacet
facet normal 0 0 0
outer loop
vertex 1.136723 14.679777 12.779372
vertex 1.136723 14.700531 12.779372
vertex 1.157199 14.679777 12.799372
endloop
endfacet
facet normal 0 0 0
outer loop
vertex 1.095771 14.700531 12.779372
vertex 1.116247 14.700531 12.799372
vertex 1.116247 14.700531 12.779372
endloop
endfacet
facet normal 0 0 0
outer loop
vertex 1.136723 14.721285 12.799372
vertex 1.136723 14.700531 12.779372
vertex 1.116247 14.700531 12.799372
endloop
endfacet
facet normal 0 0 0
outer loop
vertex 1.136723 14.700531 12.779372
vertex 1.116247 14.700531 12.779372
vertex 1.116247 14.700531 12.799372
endloop
endfacet
facet normal 0 0 0
outer loop
vertex 1.136723 14.700531 12.779372
vertex 1.136723 14.721285 12.799372
vertex 1.157199 14.700531 12.799372
endloop
endfacet
facet normal 0 0 0
outer loop
vertex 1.013868 14.576012 12.799372
vertex 1.013868 14.555258 12.819372
vertex 1.013868 14.576012 12.819372
endloop
endfacet
facet normal 0 0 0
outer loop
vertex 1.034344 14.576012 12.799372
vertex 1.013868 14.555258 12.819372
vertex 1.013868 14.576012 12.799372
endloop
endfacet
facet normal 0 0 0
outer loop
vertex 1.034344 14.555258 12.819372
vertex 1.013868 14.555258 12.819372
vertex 1.034344 14.576012 12.799372
endloop
endfacet
facet normal 0 0 0
outer loop
vertex 1.054820 14.576012 12.799372
vertex 1.034344 14.555258 12.819372
vertex 1.034344 14.576012 12.799372
endloop
endfacet
facet normal 0 0 0
outer loop
vertex 1.054820 14.555258 12.819372
vertex 1.034344 14.555258 12.819372
vertex 1.054820 14.576012 12.799372
endloop
endfacet
facet normal 0 0 0
outer loop
vertex 1.054820 14.576012 12.799372
vertex 1.075295 14.576012 12.819372
vertex 1.054820 14.555258 12.819372
endloop
endfacet
facet normal 0 0 0
outer loop
vertex 1.013868 14.576012 12.799372
vertex 1.013868 14.576012 12.819372
vertex 1.013868 14.596764 12.799372
endloop
endfacet
facet normal 0 0 0
outer loop
vertex 1.013868 14.576012 12.819372
vertex 1.013868 14.596764 12.819372
vertex 1.013868 14.596764 12.799372
endloop
endfacet
facet normal 0 0 0
outer loop
vertex 1.054820 14.576012 12.799372
vertex 1.075295 14.596764 12.799372
vertex 1.075295 14.576012 12.819372
endloop
endfacet
facet normal 0 0 0
outer loop
vertex 1.075295 14.576012 12.819372
vertex 1.075295 14.596764 12.799372
vertex 1.095771 14.596764 12.819372
endloop
endfacet
facet normal 0 0 0
outer loop
vertex 1.075295 14.596764 12.799372
vertex 1.095771 14.596764 12.799372
vertex 1.095771 14.596764 12.819372
endloop
endfacet
facet normal 0 0 0
outer loop
vertex 1.013868 14.617517 12.819372
vertex 1.013868 14.596764 12.799372
vertex 1.013868 14.596764 12.819372
endloop
endfacet
facet normal 0 0 0
outer loop
vertex 1.013868 14.596764 12.799372
vertex 1.013868 14.617517 12.819372
vertex 1.034344 14.617517 12.799372
endloop
endfacet
facet normal 0 0 0
outer loop
vertex 1.095771 14.596764 12.799372
vertex 1.116247 14.617517 12.819372
vertex 1.095771 14.596764 12.819372
endloop
endfacet
facet normal 0 0 0
outer loop
vertex 1.116247 14.617517 12.799372
vertex 1.116247 14.617517 12.819372
vertex 1.095771 14.596764 12.799372
endloop
endfacet
facet normal 0 0 0
outer loop
vertex 1.034344 14.617517 12.799372
vertex 1.013868 14.617517 12.819372
vertex 1.034344 14.617517 12.819372
endloop
endfacet
facet normal 0 0 0
outer loop
vertex 1.034344 14.617517 12.819372
vertex 1.054820 14.638271 12.799372
vertex 1.034344 14.617517 12.799372
endloop
endfacet
facet normal 0 0 0
outer loop
vertex 1.054820 14.638271 12.819372
vertex 1.054820 14.638271 12.799372
vertex 1.034344 14.617517 12.819372
endloop
endfacet
facet normal 0 0 0
outer loop
vertex 1.136723 14.638271 12.799372
vertex 1.116247 14.638271 12.819372
vertex 1.116247 14.617517 12.799372
endloop
endfacet
facet normal 0 0 0
outer loop
vertex 1.116247 14.638271 12.819372
vertex 1.116247 14.617517 12.819372
vertex 1.116247 14.617517 12.799372
endloop
endfacet
facet normal 0 0 0
outer loop
vertex 1.054820 14.638271 12.799372
vertex 1.054820 14.638271 12.819372
vertex 1.054820 14.659023 12.799372
endloop
endfacet
facet normal 0 0 0
outer loop
vertex 1.054820 14.638271 12.819372
vertex 1.054820 14.659023 12.819372
vertex 1.054820 14.659023 12.799372
endloop
endfacet
facet normal 0 0 0
outer loop
vertex 1.136723 14.638271 12.799372
vertex 1.136723 14.659023 12.819372
vertex 1.116247 14.638271 12.819372
endloop
endfacet
facet normal 0 0 0
outer loop
vertex 1.157199 14.659023 12.799372
vertex 1.136723 14.659023 12.819372
vertex 1.136723 14.638271 12.799372
endloop
endfacet
facet normal 0 0 0
outer loop
vertex 1.054820 14.679777 12.819372
vertex 1.054820 14.659023 12.799372
vertex 1.054820 14.659023 12.819372
endloop
endfacet
facet normal 0 0 0
outer loop
vertex 1.054820 14.659023 12.799372
vertex 1.075295 14.679777 12.819372
vertex 1.075295 14.659023 12.799372
endloop
endfacet
facet normal 0 0 0
outer loop
vertex 1.054820 14.679777 12.819372
vertex 1.075295 14.679777 12.819372
vertex 1.054820 14.659023 12.799372
endloop
endfacet
facet normal 0 0 0
outer loop
vertex 1.075295 14.659023 12.799372
vertex 1.075295 14.679777 12.819372
vertex 1.095771 14.679777 12.799372
endloop
endfacet
facet normal 0 0 0
outer loop
vertex 1.157199 14.679777 12.799372
vertex 1.136723 14.659023 12.819372
vertex 1.157199 14.659023 12.799372
endloop
endfacet
facet normal 0 0 0
outer loop
vertex 1.136723 14.679777 12.819372
vertex 1.136723 14.659023 12.819372
vertex 1.157199 14.679777 12.799372
endloop
endfacet
facet normal 0 0 0
outer loop
vertex 1.095771 14.679777 12.799372
vertex 1.075295 14.679777 12.819372
vertex 1.095771 14.679777 12.819372
endloop
endfacet
facet normal 0 0 0
outer loop
vertex 1.116247 14.700531 12.799372
vertex 1.095771 14.679777 12.799372
vertex 1.116247 14.679777 12.819372
endloop
endfacet
facet normal 0 0 0
outer loop
vertex 1.095771 14.679777 12.799372
vertex 1.095771 14.679777 12.819372
vertex 1.116247 14.679777 12.819372
endloop
endfacet
facet normal 0 0 0
outer loop
vertex 1.116247 14.700531 12.799372
vertex 1.136723 14.679777 12.819372
vertex 1.136723 14.700531 12.799372
endloop
endfacet
facet normal 0 0 0
outer loop
vertex 1.116247 14.679777 12.819372
vertex 1.136723 14.679777 12.819372
vertex 1.116247 14.700531 12.799372
endloop
endfacet
facet normal 0 0 0
outer loop
vertex 1.136723 14.679777 12.819372
vertex 1.157199 14.679777 12.799372
vertex 1.136723 14.700531 12.799372
endloop
endfacet
facet normal 0 0 0
outer loop
vertex 1.157199 14.679777 12.799372
vertex 1.157199 14.700531 12.799372
vertex 1.136723 14.700531 12.799372
endloop
endfacet
facet normal 0 0 0
outer loop
vertex 1.136723 14.721285 12.799372
vertex 1.116247 14.700531 12.799372
vertex 1.136723 14.700531 12.799372
endloop
endfacet
facet normal 0 0 0
outer loop
vertex 1.157199 14.700531 12.799372
vertex 1.136723 14.721285 12.799372
vertex 1.136723 14.700531 12.799372
endloop
endfacet
facet normal 0 0 0
outer loop
vertex 1.013868 14.555258 12.819372
vertex 1.013868 14.576012 12.839372
vertex 0.993392 14.576012 12.839372
endloop
endfacet
facet normal 0 0 0
outer loop
vertex 1.013868 14.555258 12.819372
vertex 0.993392 14.576012 12.839372
vertex 1.013868 14.576012 12.819372
endloop
endfacet
facet normal 0 0 0
outer loop
vertex 1.034344 14.555258 12.819372
vertex 1.013868 14.576012 12.839372
vertex 1.013868 14.555258 12.819372
endloop
endfacet
facet normal 0 0 0
outer loop
vertex 1.034344 14.576012 12.839372
vertex 1.013868 14.576012 12.839372
vertex 1.034344 14.555258 12.819372
endloop
endfacet
facet normal 0 0 0
outer loop
vertex 1.054820 14.555258 12.819372
vertex 1.034344 14.576012 12.839372
vertex 1.034344 14.555258 12.819372
endloop
endfacet
facet normal 0 0 0
outer loop
vertex 1.054820 14.576012 12.839372
vertex 1.034344 14.576012 12.839372
vertex 1.054820 14.555258 12.819372
endloop
endfacet
facet normal 0 0 0
outer loop
vertex 1.075295 14.576012 12.819372
vertex 1.054820 14.576012 12.839372
vertex 1.054820 14.555258 12.819372
endloop
endfacet
facet normal 0 0 0
outer loop
vertex 1.013868 14.576012 12.819372
vertex 0.993392 14.596764 12.839372
vertex 1.013868 14.596764 12.819372
endloop
endfacet
facet normal 0 0 0
outer loop
vertex 0.993392 14.576012 12.839372
vertex 0.993392 14.596764 12.839372
vertex 1.013868 14.576012 12.819372
endloop
endfacet
facet normal 0 0 0
outer loop
vertex 1.075295 14.576012 12.819372
vertex 1.075295 14.596764 12.839372
vertex 1.054820 14.576012 12.839372
endloop
endfacet
facet normal 0 0 0
outer loop
vertex 1.075295 14.576012 12.819372
vertex 1.095771 14.596764 12.819372
vertex 1.075295 14.596764 12.839372
endloop
endfacet
facet normal 0 0 0
outer loop
vertex 1.095771 14.596764 12.819372
vertex 1.095771 14.596764 12.839372
vertex 1.075295 14.596764 12.839372
endloop
endfacet
facet normal 0 0 0
outer loop
vertex 0.993392 14.596764 12.839372
vertex 1.013868 14.617517 12.839372
vertex 1.013868 14.596764 12.819372
endloop
endfacet
facet normal 0 0 0
outer loop
vertex 1.013868 14.617517 12.839372
vertex 1.013868 14.617517 12.819372
vertex 1.013868 14.596764 12.819372
endloop
endfacet
facet normal 0 0 0
outer loop
vertex 1.116247 14.617517 12.819372
vertex 1.095771 14.617517 12.839372
vertex 1.095771 14.596764 12.819372
endloop
endfacet
facet normal 0 0 0
outer loop
vertex 1.095771 14.617517 12.839372
vertex 1.095771 14.596764 12.839372
vertex 1.095771 14.596764 12.819372
endloop
endfacet
facet normal 0 0 0
outer loop
vertex 1.034344 14.638271 12.839372
vertex 1.034344 14.617517 12.819372
vertex 1.013868 14.617517 12.839372
endloop
endfacet
facet normal 0 0 0
outer loop
vertex 1.034344 14.617517 12.819372
vertex 1.013868 14.617517 12.819372
vertex 1.013868 14.617517 12.839372
endloop
endfacet
facet normal 0 0 0
outer loop
vertex 1.034344 14.617517 12.819372
vertex 1.034344 14.638271 12.839372
vertex 1.054820 14.638271 12.819372
endloop
endfacet
facet normal 0 0 0
outer loop
vertex 1.116247 14.617517 12.819372
vertex 1.116247 14.638271 12.839372
vertex 1.095771 14.617517 12.839372
endloop
endfacet
facet normal 0 0 0
outer loop
vertex 1.116247 14.617517 12.819372
vertex 1.116247 14.638271 12.819372
vertex 1.136723 14.638271 12.839372
endloop
endfacet
facet normal 0 0 0
outer loop
vertex 1.116247 14.617517 12.819372
vertex 1.136723 14.638271 12.839372
vertex 1.116247 14.638271 12.839372
endloop
endfacet
facet normal 0 0 0
outer loop
vertex 1.034344 14.638271 12.839372
vertex 1.054820 14.659023 12.839372
vertex 1.054820 14.638271 12.819372
endloop
endfacet
facet normal 0 0 0
outer loop
vertex 1.054820 14.659023 12.839372
vertex 1.054820 14.659023 12.819372
vertex 1.054820 14.638271 12.819372
endloop
endfacet
facet normal 0 0 0
outer loop
vertex 1.116247 14.638271 12.819372
vertex 1.136723 14.659023 12.819372
vertex 1.136723 14.638271 12.839372
endloop
endfacet
facet normal 0 0 0
outer loop
vertex 1.136723 14.638271 12.839372
vertex 1.136723 14.659023 12.819372
vertex 1.136723 14.659023 12.839372
endloop
endfacet
facet normal 0 0 0
outer loop
vertex 1.054820 14.659023 12.819372
vertex 1.054820 14.659023 12.839372
vertex 1.054820 14.679777 12.819372
endloop
endfacet
facet normal 0 0 0
outer loop
vertex 1.054820 14.659023 12.839372
vertex 1.054820 14.679777 12.839372
vertex 1.054820 14.679777 12.819372
endloop
endfacet
facet normal 0 0 0
outer loop
vertex 1.136723 14.679777 12.819372
vertex 1.116247 14.679777 12.839372
vertex 1.136723 14.659023 12.839372
endloop
endfacet
facet normal 0 0 0
outer loop
vertex 1.136723 14.679777 12.819372
vertex 1.136723 14.659023 12.839372
vertex 1.136723 14.659023 12.819372
endloop
endfacet
facet normal 0 0 0
outer loop
vertex 1.075295 14.679777 12.819372
vertex 1.054820 14.679777 12.819372
vertex 1.075295 14.679777 12.839372
endloop
endfacet
facet normal 0 0 0
outer loop
vertex 1.054820 14.679777 12.819372
vertex 1.054820 14.679777 12.839372
vertex 1.075295 14.679777 12.839372
endloop
endfacet
facet normal 0 0 0
outer loop
vertex 1.095771 14.700531 12.839372
vertex 1.095771 14.679777 12.819372
vertex 1.075295 14.679777 12.839372
endloop
endfacet
facet normal 0 0 0
outer loop
vertex 1.095771 14.679777 12.819372
vertex 1.075295 14.679777 12.819372
vertex 1.075295 14.679777 12.839372
endloop
endfacet
facet normal 0 0 0
outer loop
vertex 1.095771 14.679777 12.819372
vertex 1.116247 14.700531 12.839372
vertex 1.116247 14.679777 12.819372
endloop
endfacet
facet normal 0 0 0
outer loop
vertex 1.095771 14.700531 12.839372
vertex 1.116247 14.700531 12.839372
vertex 1.095771 14.679777 12.819372
endloop
endfacet
facet normal 0 0 0
outer loop
vertex 1.136723 14.679777 12.819372
vertex 1.116247 14.700531 12.839372
vertex 1.116247 14.679777 12.839372
endloop
endfacet
facet normal 0 0 0
outer loop
vertex 1.136723 14.679777 12.819372
vertex 1.116247 14.679777 12.819372
vertex 1.116247 14.700531 12.839372
endloop
endfacet
facet normal 0 0 0
outer loop
vertex 1.116247 14.700531 12.839372
vertex 1.095771 14.700531 12.839372
vertex 1.116247 14.721285 12.839372
endloop
endfacet
facet normal 0 0 0
outer loop
vertex 1.116247 14.721285 12.839372
vertex 1.095771 14.700531 12.839372
vertex 1.095771 14.721285 12.839372
endloop
endfacet
facet normal 0 0 0
outer loop
vertex 1.013868 14.555258 12.859372
vertex 0.993392 14.576012 12.859372
vertex 1.013868 14.576012 12.839372
endloop
endfacet
facet normal 0 0 0
outer loop
vertex 0.993392 14.576012 12.859372
vertex 0.993392 14.576012 12.839372
vertex 1.013868 14.576012 12.839372
endloop
endfacet
facet normal 0 0 0
outer loop
vertex 1.034344 14.576012 12.839372
vertex 1.013868 14.555258 12.859372
vertex 1.013868 14.576012 12.839372
endloop
endfacet
facet normal 0 0 0
outer loop
vertex 1.034344 14.555258 12.859372
vertex 1.013868 14.555258 12.859372
vertex 1.034344 14.576012 12.839372
endloop
endfacet
facet normal 0 0 0
outer loop
vertex 1.034344 14.555258 12.859372
vertex 1.034344 14.576012 12.839372
vertex 1.054820 14.576012 12.859372
endloop
endfacet
facet normal 0 0 0
outer loop
vertex 1.034344 14.576012 12.839372
vertex 1.054820 14.576012 12.839372
vertex 1.054820 14.576012 12.859372
endloop
endfacet
facet normal 0 0 0
outer loop
vertex 0.993392 14.576012 12.839372
vertex 0.993392 14.576012 12.859372
vertex 0.993392 14.596764 12.839372
endloop
endfacet
facet normal 0 0 0
outer loop
vertex 0.993392 14.576012 12.859372
vertex 0.993392 14.596764 12.859372
vertex 0.993392 14.596764 12.839372
endloop
endfacet
facet normal 0 0 0
outer loop
vertex 1.054820 14.576012 12.839372
vertex 1.075295 14.596764 12.859372
vertex 1.054820 14.576012 12.859372
endloop
endfacet
facet normal 0 0 0
outer loop
vertex 1.075295 14.596764 12.839372
vertex 1.075295 14.596764 12.859372
vertex 1.054820 14.576012 12.839372
endloop
endfacet
facet normal 0 0 0
outer loop
vertex 1.095771 14.596764 12.839372
vertex 1.095771 14.596764 12.859372
vertex 1.075295 14.596764 12.839372
endloop
endfacet
facet normal 0 0 0
outer loop
vertex 1.075295 14.596764 12.839372
vertex 1.095771 14.596764 12.859372
vertex 1.075295 14.596764 12.859372
endloop
endfacet
facet normal 0 0 0
outer loop
vertex 0.993392 14.596764 12.859372
vertex 1.013868 14.617517 12.839372
vertex 0.993392 14.596764 12.839372
endloop
endfacet
facet normal 0 0 0
outer loop
vertex 1.013868 14.617517 12.859372
vertex 1.013868 14.617517 12.839372
vertex 0.993392 14.596764 12.859372
endloop
endfacet
facet normal 0 0 0
outer loop
vertex 1.116247 14.617517 12.859372
vertex 1.095771 14.596764 12.859372
vertex 1.095771 14.617517 12.839372
endloop
endfacet
facet normal 0 0 0
outer loop
vertex 1.095771 14.596764 12.859372
vertex 1.095771 14.596764 12.839372
vertex 1.095771 14.617517 12.839372
endloop
endfacet
facet normal 0 0 0
outer loop
vertex 1.013868 14.638271 12.859372
vertex 1.013868 14.617517 12.839372
vertex 1.013868 14.617517 12.859372
endloop
endfacet
facet normal 0 0 0
outer loop
vertex 1.013868 14.617517 12.839372
vertex 1.013868 14.638271 12.859372
vertex 1.034344 14.638271 12.839372
endloop
endfacet
facet normal 0 0 0
outer loop
vertex 1.095771 14.617517 12.839372
vertex 1.116247 14.638271 12.839372
vertex 1.116247 14.617517 12.859372
endloop
endfacet
facet normal 0 0 0
outer loop
vertex 1.116247 14.617517 12.859372
vertex 1.116247 14.638271 12.839372
vertex 1.136723 14.638271 12.839372
endloop
endfacet
facet normal 0 0 0
outer loop
vertex 1.116247 14.617517 12.859372
vertex 1.136723 14.638271 12.839372
vertex 1.116247 14.638271 12.859372
endloop
endfacet
facet normal 0 0 0
outer loop
vertex 1.034344 14.638271 12.839372
vertex 1.013868 14.638271 12.859372
vertex 1.034344 14.638271 12.859372
endloop
endfacet
facet normal 0 0 0
outer loop
vertex 1.034344 14.638271 12.859372
vertex 1.054820 14.659023 12.839372
vertex 1.034344 14.638271 12.839372
endloop
endfacet
facet normal 0 0 0
outer loop
vertex 1.054820 14.659023 12.859372
vertex 1.054820 14.659023 12.839372
vertex 1.034344 14.638271 12.859372
endloop
endfacet
facet normal 0 0 0
outer loop
vertex 1.136723 14.638271 12.839372
vertex 1.136723 14.659023 12.859372
vertex 1.116247 14.638271 12.859372
endloop
endfacet
facet normal 0 0 0
outer loop
vertex 1.136723 14.659023 12.859372
vertex 1.136723 14.638271 12.839372
vertex 1.136723 14.659023 12.839372
endloop
endfacet
facet normal 0 0 0
outer loop
vertex 1.054820 14.659023 12.839372
vertex 1.054820 14.659023 12.859372
vertex 1.054820 14.679777 12.839372
endloop
endfacet
facet normal 0 0 0
outer loop
vertex 1.054820 14.659023 12.859372
vertex 1.054820 14.679777 12.859372
vertex 1.054820 14.679777 12.839372
endloop
endfacet
facet normal 0 0 0
outer loop
vertex 1.136723 14.659023 12.839372
vertex 1.116247 14.679777 12.839372
vertex 1.136723 14.679777 12.859372
endloop
endfacet
facet normal 0 0 0
outer loop
vertex 1.136723 14.659023 12.839372
vertex 1.136723 14.679777 12.859372
vertex 1.136723 14.659023 12.859372
endloop
endfacet
facet normal 0 0 0
outer loop
vertex 1.075295 14.679777 12.839372
vertex 1.054820 14.679777 12.839372
vertex 1.075295 14.679777 12.859372
endloop
endfacet
facet normal 0 0 0
outer loop
vertex 1.054820 14.679777 12.839372
vertex 1.054820 14.679777 12.859372
vertex 1.075295 14.679777 12.859372
endloop
endfacet
facet normal 0 0 0
outer loop
vertex 1.075295 14.679777 12.859372
vertex 1.095771 14.700531 12.839372
vertex 1.075295 14.679777 12.839372
endloop
endfacet
facet normal 0 0 0
outer loop
vertex 1.095771 14.700531 12.859372
vertex 1.095771 14.700531 12.839372
vertex 1.075295 14.679777 12.859372
endloop
endfacet
facet normal 0 0 0
outer loop
vertex 1.136723 14.679777 12.859372
vertex 1.116247 14.700531 12.839372
vertex 1.136723 14.700531 12.859372
endloop
endfacet
facet normal 0 0 0
outer loop
vertex 1.116247 14.679777 12.839372
vertex 1.116247 14.700531 12.839372
vertex 1.136723 14.679777 12.859372
endloop
endfacet
facet normal 0 0 0
outer loop
vertex 1.095771 14.700531 12.859372
vertex 1.095771 14.721285 12.839372
vertex 1.095771 14.700531 12.839372
endloop
endfacet
facet normal 0 0 0
outer loop
vertex 1.095771 14.700531 12.859372
vertex 1.116247 14.721285 12.859372
vertex 1.095771 14.721285 12.839372
endloop
endfacet
facet normal 0 0 0
outer loop
vertex 1.136723 14.700531 12.859372
vertex 1.116247 14.700531 12.839372
vertex 1.116247 14.721285 12.859372
endloop
endfacet
facet normal 0 0 0
outer loop
vertex 1.116247 14.700531 12.839372
vertex 1.116247 14.721285 12.839372
vertex 1.116247 14.721285 12.859372
endloop
endfacet
facet normal 0 0 0
outer loop
vertex 1.095771 14.721285 12.839372
vertex 1.116247 14.721285 12.859372
vertex 1.116247 14.721285 12.839372
endloop
endfacet
facet normal 0 0 0
outer loop
vertex 0.972917 14.534504 12.879372
vertex 0.993392 14.534504 12.859372
vertex 0.993392 14.534504 12.879372
endloop
endfacet
facet normal 0 0 0
outer loop
vertex 0.993392 14.534504 12.859372
vertex 0.972917 14.534504 12.879372
vertex 0.993392 14.555258 12.879372
endloop
endfacet
facet normal 0 0 0
outer loop
vertex 0.972917 14.534504 12.879372
vertex 0.972917 14.555258 12.879372
vertex 0.993392 14.555258 12.879372
endloop
endfacet
facet normal 0 0 0
outer loop
vertex 0.993392 14.534504 12.859372
vertex 0.993392 14.555258 12.879372
vertex 0.993392 14.534504 12.879372
endloop
endfacet
facet normal 0 0 0
outer loop
vertex 0.993392 14.534504 12.879372
vertex 0.993392 14.555258 12.879372
vertex 1.013868 14.555258 12.879372
endloop
endfacet
facet normal 0 0 0
outer loop
vertex 1.013868 14.555258 12.879372
vertex 0.993392 14.555258 12.879372
vertex 1.013868 14.555258 12.859372
endloop
endfacet
facet normal 0 0 0
outer loop
vertex 1.034344 14.555258 12.859372
vertex 1.013868 14.555258 12.879372
vertex 1.013868 14.555258 12.859372
endloop
endfacet
facet normal 0 0 0
outer loop
vertex 0.993392 14.576012 12.859372
vertex 0.993392 14.555258 12.879372
vertex 0.972917 14.576012 12.879372
endloop
endfacet
facet normal 0 0 0
outer loop
vertex 0.993392 14.555258 12.879372
vertex 0.972917 14.555258 12.879372
vertex 0.972917 14.576012 12.879372
endloop
endfacet
facet normal 0 0 0
outer loop
vertex 1.013868 14.555258 12.859372
vertex 0.993392 14.555258 12.879372
vertex 0.993392 14.576012 12.859372
endloop
endfacet
facet normal 0 0 0
outer loop
vertex 1.034344 14.555258 12.859372
vertex 1.034344 14.576012 12.879372
vertex 1.013868 14.555258 12.879372
endloop
endfacet
facet normal 0 0 0
outer loop
vertex 1.034344 14.555258 12.859372
vertex 1.054820 14.576012 12.859372
vertex 1.034344 14.576012 12.879372
endloop
endfacet
facet normal 0 0 0
outer loop
vertex 1.054820 14.576012 12.859372
vertex 1.054820 14.576012 12.879372
vertex 1.034344 14.576012 12.879372
endloop
endfacet
facet normal 0 0 0
outer loop
vertex 0.972917 14.576012 12.879372
vertex 0.993392 14.596764 12.879372
vertex 0.993392 14.576012 12.859372
endloop
endfacet
facet normal 0 0 0
outer loop
vertex 0.993392 14.596764 12.879372
vertex 0.993392 14.596764 12.859372
vertex 0.993392 14.576012 12.859372
endloop
endfacet
facet normal 0 0 0
outer loop
vertex 1.075295 14.596764 12.859372
vertex 1.054820 14.596764 12.879372
vertex 1.054820 14.576012 12.859372
endloop
endfacet
facet normal 0 0 0
outer loop
vertex 1.054820 14.596764 12.879372
vertex 1.054820 14.576012 12.879372
vertex 1.054820 14.576012 12.859372
endloop
endfacet
facet normal 0 0 0
outer loop
vertex 0.993392 14.617517 12.879372
vertex 0.993392 14.596764 12.859372
vertex 0.993392 14.596764 12.879372
endloop
endfacet
facet normal 0 0 0
outer loop
vertex 0.993392 14.596764 12.859372
vertex 0.993392 14.617517 12.879372
vertex 1.013868 14.617517 12.859372
endloop
endfacet
facet normal 0 0 0
outer loop
vertex 1.075295 14.596764 12.859372
vertex 1.075295 14.617517 12.879372
vertex 1.054820 14.596764 12.879372
endloop
endfacet
facet normal 0 0 0
outer loop
vertex 1.095771 14.596764 12.859372
vertex 1.075295 14.617517 12.879372
vertex 1.075295 14.596764 12.859372
endloop
endfacet
facet normal 0 0 0
outer loop
vertex 1.095771 14.617517 12.879372
vertex 1.075295 14.617517 12.879372
vertex 1.095771 14.596764 12.859372
endloop
endfacet
facet normal 0 0 0
outer loop
vertex 1.116247 14.617517 12.859372
vertex 1.095771 14.617517 12.879372
vertex 1.095771 14.596764 12.859372
endloop
endfacet
facet normal 0 0 0
outer loop
vertex 0.993392 14.617517 12.879372
vertex 1.013868 14.638271 12.879372
vertex 1.013868 14.617517 12.859372
endloop
endfacet
facet normal 0 0 0
outer loop
vertex 1.013868 14.638271 12.879372
vertex 1.013868 14.638271 12.859372
vertex 1.013868 14.617517 12.859372
endloop
endfacet
facet normal 0 0 0
outer loop
vertex 1.116247 14.617517 12.859372
vertex 1.116247 14.638271 12.879372
vertex 1.095771 14.617517 12.879372
endloop
endfacet
facet normal 0 0 0
outer loop
vertex 1.116247 14.638271 12.879372
vertex 1.116247 14.617517 12.859372
vertex 1.116247 14.638271 12.859372
endloop
endfacet
facet normal 0 0 0
outer loop
vertex 1.034344 14.659023 12.879372
vertex 1.034344 14.638271 12.859372
vertex 1.013868 14.638271 12.879372
endloop
endfacet
facet normal 0 0 0
outer loop
vertex 1.034344 14.638271 12.859372
vertex 1.013868 14.638271 12.859372
vertex 1.013868 14.638271 12.879372
endloop
endfacet
facet normal 0 0 0
outer loop
vertex 1.034344 14.638271 12.859372
vertex 1.034344 14.659023 12.879372
vertex 1.054820 14.659023 12.859372
endloop
endfacet
facet normal 0 0 0
outer loop
vertex 1.116247 14.659023 12.859372
vertex 1.095771 14.659023 12.879372
vertex 1.116247 14.638271 12.879372
endloop
endfacet
facet normal 0 0 0
outer loop
vertex 1.136723 14.659023 12.859372
vertex 1.116247 14.659023 12.859372
vertex 1.116247 14.638271 12.879372
endloop
endfacet
facet normal 0 0 0
outer loop
vertex 1.136723 14.659023 12.859372
vertex 1.116247 14.638271 12.879372
vertex 1.116247 14.638271 12.859372
endloop
endfacet
facet normal 0 0 0
outer loop
vertex 1.034344 14.659023 12.879372
vertex 1.054820 14.679777 12.879372
vertex 1.054820 14.659023 12.859372
endloop
endfacet
facet normal 0 0 0
outer loop
vertex 1.054820 14.679777 12.879372
vertex 1.054820 14.679777 12.859372
vertex 1.054820 14.659023 12.859372
endloop
endfacet
facet normal 0 0 0
outer loop
vertex 1.116247 14.679777 12.859372
vertex 1.095771 14.659023 12.879372
vertex 1.116247 14.659023 12.859372
endloop
endfacet
facet normal 0 0 0
outer loop
vertex 1.095771 14.679777 12.879372
vertex 1.095771 14.659023 12.879372
vertex 1.116247 14.679777 12.859372
endloop
endfacet
facet normal 0 0 0
outer loop
vertex 1.136723 14.659023 12.859372
vertex 1.136723 14.679777 12.859372
vertex 1.116247 14.659023 12.859372
endloop
endfacet
facet normal 0 0 0
outer loop
vertex 1.136723 14.679777 12.859372
vertex 1.116247 14.679777 12.859372
vertex 1.116247 14.659023 12.859372
endloop
endfacet
facet normal 0 0 0
outer loop
vertex 1.054820 14.700531 12.879372
vertex 1.054820 14.679777 12.859372
vertex 1.054820 14.679777 12.879372
endloop
endfacet
facet normal 0 0 0
outer loop
vertex 1.054820 14.679777 12.859372
vertex 1.075295 14.700531 12.879372
vertex 1.075295 14.679777 12.859372
endloop
endfacet
facet normal 0 0 0
outer loop
vertex 1.054820 14.700531 12.879372
vertex 1.075295 14.700531 12.879372
vertex 1.054820 14.679777 12.859372
endloop
endfacet
facet normal 0 0 0
outer loop
vertex 1.075295 14.700531 12.879372
vertex 1.095771 14.679777 12.879372
vertex 1.075295 14.679777 12.859372
endloop
endfacet
facet normal 0 0 0
outer loop
vertex 1.095771 14.700531 12.859372
vertex 1.075295 14.679777 12.859372
vertex 1.095771 14.679777 12.879372
endloop
endfacet
facet normal 0 0 0
outer loop
vertex 1.095771 14.679777 12.879372
vertex 1.116247 14.679777 12.859372
vertex 1.095771 14.700531 12.859372
endloop
endfacet
facet normal 0 0 0
outer loop
vertex 1.116247 14.679777 12.859372
vertex 1.116247 14.700531 12.859372
vertex 1.095771 14.700531 12.859372
endloop
endfacet
facet normal 0 0 0
outer loop
vertex 1.136723 14.679777 12.859372
vertex 1.136723 14.700531 12.859372
vertex 1.116247 14.679777 12.859372
endloop
endfacet
facet normal 0 0 0
outer loop
vertex 1.136723 14.700531 12.859372
vertex 1.116247 14.700531 12.859372
vertex 1.116247 14.679777 12.859372
endloop
endfacet
facet normal 0 0 0
outer loop
vertex 1.054820 14.700531 12.879372
vertex 1.075295 14.721285 12.879372
vertex 1.075295 14.700531 12.879372
endloop
endfacet
facet normal 0 0 0
outer loop
vertex 1.116247 14.721285 12.879372
vertex 1.095771 14.700531 12.859372
vertex 1.116247 14.700531 12.859372
endloop
endfacet
facet normal 0 0 0
outer loop
vertex 1.116247 14.721285 12.879372
vertex 1.116247 14.721285 12.859372
vertex 1.095771 14.700531 12.859372
endloop
endfacet
facet normal 0 0 0
outer loop
vertex 1.136723 14.700531 12.859372
vertex 1.116247 14.721285 12.859372
vertex 1.116247 14.721285 12.879372
endloop
endfacet
facet normal 0 0 0
outer loop
vertex 1.136723 14.700531 12.859372
vertex 1.116247 14.721285 12.879372
vertex 1.116247 14.700531 12.859372
endloop
endfacet
facet normal 0 0 0
outer loop
vertex 0.972917 14.534504 12.879372
vertex 0.972917 14.555258 12.899372
vertex 0.972917 14.555258 12.879372
endloop
endfacet
facet normal 0 0 0
outer loop
vertex 0.993392 14.534504 12.879372
vertex 0.972917 14.555258 12.899372
vertex 0.972917 14.534504 12.879372
endloop
endfacet
facet normal 0 0 0
outer loop
vertex 0.993392 14.555258 12.899372
vertex 0.972917 14.555258 12.899372
vertex 0.993392 14.534504 12.879372
endloop
endfacet
facet normal 0 0 0
outer loop
vertex 0.993392 14.534504 12.879372
vertex 1.013868 14.555258 12.879372
vertex 0.993392 14.555258 12.899372
endloop
endfacet
facet normal 0 0 0
outer loop
vertex 1.013868 14.555258 12.879372
vertex 1.013868 14.555258 12.899372
vertex 0.993392 14.555258 12.899372
endloop
endfacet
facet normal 0 0 0
outer loop
vertex 0.972917 14.555258 12.879372
vertex 0.972917 14.555258 12.899372
vertex 0.972917 14.576012 12.879372
endloop
endfacet
facet normal 0 0 0
outer loop
vertex 0.972917 14.555258 12.899372
vertex 0.972917 14.576012 12.899372
vertex 0.972917 14.576012 12.879372
endloop
endfacet
facet normal 0 0 0
outer loop
vertex 1.013868 14.555258 12.879372
vertex 1.034344 14.576012 12.899372
vertex 1.013868 14.555258 12.899372
endloop
endfacet
facet normal 0 0 0
outer loop
vertex 1.034344 14.576012 12.879372
vertex 1.034344 14.576012 12.899372
vertex 1.013868 14.555258 12.879372
endloop
endfacet
facet normal 0 0 0
outer loop
vertex 1.054820 14.576012 12.879372
vertex 1.034344 14.576012 12.899372
vertex 1.034344 14.576012 12.879372
endloop
endfacet
facet normal 0 0 0
outer loop
vertex 0.972917 14.596764 12.899372
vertex 0.972917 14.576012 12.879372
vertex 0.972917 14.576012 12.899372
endloop
endfacet
facet normal 0 0 0
outer loop
vertex 0.972917 14.576012 12.879372
vertex 0.972917 14.596764 12.899372
vertex 0.993392 14.596764 12.879372
endloop
endfacet
facet normal 0 0 0
outer loop
vertex 1.054820 14.576012 12.879372
vertex 1.054820 14.596764 12.899372
vertex 1.034344 14.576012 12.899372
endloop
endfacet
facet normal 0 0 0
outer loop
vertex 1.054820 14.596764 12.899372
vertex 1.054820 14.576012 12.879372
vertex 1.054820 14.596764 12.879372
endloop
endfacet
facet normal 0 0 0
outer loop
vertex 0.972917 14.596764 12.899372
vertex 0.993392 14.617517 12.899372
vertex 0.993392 14.596764 12.879372
endloop
endfacet
facet normal 0 0 0
outer loop
vertex 0.993392 14.617517 12.899372
vertex 0.993392 14.617517 12.879372
vertex 0.993392 14.596764 12.879372
endloop
endfacet
facet normal 0 0 0
outer loop
vertex 1.054820 14.596764 12.879372
vertex 1.075295 14.617517 12.899372
vertex 1.054820 14.596764 12.899372
endloop
endfacet
facet normal 0 0 0
outer loop
vertex 1.075295 14.617517 12.879372
vertex 1.075295 14.617517 12.899372
vertex 1.054820 14.596764 12.879372
endloop
endfacet
facet normal 0 0 0
outer loop
vertex 1.095771 14.617517 12.879372
vertex 1.075295 14.617517 12.899372
vertex 1.075295 14.617517 12.879372
endloop
endfacet
facet normal 0 0 0
outer loop
vertex 0.993392 14.617517 12.899372
vertex 1.013868 14.638271 12.879372
vertex 0.993392 14.617517 12.879372
endloop
endfacet
facet normal 0 0 0
outer loop
vertex 1.013868 14.638271 12.899372
vertex 1.013868 14.638271 12.879372
vertex 0.993392 14.617517 12.899372
endloop
endfacet
facet normal 0 0 0
outer loop
vertex 1.095771 14.617517 12.879372
vertex 1.095771 14.638271 12.899372
vertex 1.075295 14.617517 12.899372
endloop
endfacet
facet normal 0 0 0
outer loop
vertex 1.116247 14.638271 12.879372
vertex 1.095771 14.638271 12.899372
vertex 1.095771 14.617517 12.879372
endloop
endfacet
facet normal 0 0 0
outer loop
vertex 1.013868 14.659023 12.899372
vertex 1.013868 14.638271 12.879372
vertex 1.013868 14.638271 12.899372
endloop
endfacet
facet normal 0 0 0
outer loop
vertex 1.013868 14.638271 12.879372
vertex 1.013868 14.659023 12.899372
vertex 1.034344 14.659023 12.879372
endloop
endfacet
facet normal 0 0 0
outer loop
vertex 1.116247 14.659023 12.899372
vertex 1.095771 14.638271 12.899372
vertex 1.095771 14.659023 12.879372
endloop
endfacet
facet normal 0 0 0
outer loop
vertex 1.116247 14.638271 12.879372
vertex 1.095771 14.659023 12.879372
vertex 1.095771 14.638271 12.899372
endloop
endfacet
facet normal 0 0 0
outer loop
vertex 1.034344 14.659023 12.879372
vertex 1.013868 14.659023 12.899372
vertex 1.034344 14.659023 12.899372
endloop
endfacet
facet normal 0 0 0
outer loop
vertex 1.034344 14.659023 12.899372
vertex 1.054820 14.679777 12.879372
vertex 1.034344 14.659023 12.879372
endloop
endfacet
facet normal 0 0 0
outer loop
vertex 1.054820 14.679777 12.899372
vertex 1.054820 14.679777 12.879372
vertex 1.034344 14.659023 12.899372
endloop
endfacet
facet normal 0 0 0
outer loop
vertex 1.095771 14.679777 12.879372
vertex 1.075295 14.679777 12.899372
vertex 1.095771 14.659023 12.899372
endloop
endfacet
facet normal 0 0 0
outer loop
vertex 1.116247 14.659023 12.899372
vertex 1.095771 14.679777 12.879372
vertex 1.095771 14.659023 12.899372
endloop
endfacet
facet normal 0 0 0
outer loop
vertex 1.116247 14.659023 12.899372
vertex 1.095771 14.659023 12.879372
vertex 1.095771 14.679777 12.879372
endloop
endfacet
facet normal 0 0 0
outer loop
vertex 1.054820 14.679777 12.879372
vertex 1.054820 14.679777 12.899372
vertex 1.054820 14.700531 12.879372
endloop
endfacet
facet normal 0 0 0
outer loop
vertex 1.054820 14.679777 12.899372
vertex 1.054820 14.700531 12.899372
vertex 1.054820 14.700531 12.879372
endloop
endfacet
facet normal 0 0 0
outer loop
vertex 1.075295 14.700531 12.879372
vertex 1.054820 14.700531 12.899372
vertex 1.075295 14.679777 12.899372
endloop
endfacet
facet normal 0 0 0
outer loop
vertex 1.095771 14.679777 12.879372
vertex 1.075295 14.700531 12.879372
vertex 1.075295 14.679777 12.899372
endloop
endfacet
facet normal 0 0 0
outer loop
vertex 1.075295 14.721285 12.879372
vertex 1.054820 14.700531 12.899372
vertex 1.075295 14.700531 12.879372
endloop
endfacet
facet normal 0 0 0
outer loop
vertex 1.075295 14.721285 12.879372
vertex 1.054820 14.700531 12.879372
vertex 1.054820 14.700531 12.899372
endloop
endfacet
facet normal 0 0 0
outer loop
vertex 0.972917 14.534504 12.919372
vertex 0.952441 14.555258 12.919372
vertex 0.972917 14.555258 12.899372
endloop
endfacet
facet normal 0 0 0
outer loop
vertex 0.993392 14.555258 12.899372
vertex 0.972917 14.534504 12.919372
vertex 0.972917 14.555258 12.899372
endloop
endfacet
facet normal 0 0 0
outer loop
vertex 0.993392 14.534504 12.919372
vertex 0.972917 14.534504 12.919372
vertex 0.993392 14.555258 12.899372
endloop
endfacet
facet normal 0 0 0
outer loop
vertex 0.993392 14.534504 12.919372
vertex 0.993392 14.555258 12.899372
vertex 1.013868 14.555258 12.919372
endloop
endfacet
facet normal 0 0 0
outer loop
vertex 0.993392 14.555258 12.899372
vertex 1.013868 14.555258 12.899372
vertex 1.013868 14.555258 12.919372
endloop
endfacet
facet normal 0 0 0
outer loop
vertex 0.972917 14.555258 12.899372
vertex 0.952441 14.576012 12.919372
vertex 0.972917 14.576012 12.899372
endloop
endfacet
facet normal 0 0 0
outer loop
vertex 0.952441 14.555258 12.919372
vertex 0.952441 14.576012 12.919372
vertex 0.972917 14.555258 12.899372
endloop
endfacet
facet normal 0 0 0
outer loop
vertex 1.013868 14.555258 12.899372
vertex 1.034344 14.576012 12.919372
vertex 1.013868 14.555258 12.919372
endloop
endfacet
facet normal 0 0 0
outer loop
vertex 1.034344 14.576012 12.899372
vertex 1.034344 14.576012 12.919372
vertex 1.013868 14.555258 12.899372
endloop
endfacet
facet normal 0 0 0
outer loop
vertex 0.952441 14.576012 12.919372
vertex 0.972917 14.596764 12.919372
vertex 0.972917 14.576012 12.899372
endloop
endfacet
facet normal 0 0 0
outer loop
vertex 0.972917 14.596764 12.919372
vertex 0.972917 14.596764 12.899372
vertex 0.972917 14.576012 12.899372
endloop
endfacet
facet normal 0 0 0
outer loop
vertex 1.034344 14.576012 12.899372
vertex 1.054820 14.596764 12.919372
vertex 1.034344 14.576012 12.919372
endloop
endfacet
facet normal 0 0 0
outer loop
vertex 1.054820 14.596764 12.899372
vertex 1.054820 14.596764 12.919372
vertex 1.034344 14.576012 12.899372
endloop
endfacet
facet normal 0 0 0
outer loop
vertex 0.972917 14.596764 12.919372
vertex 0.993392 14.617517 12.899372
vertex 0.972917 14.596764 12.899372
endloop
endfacet
facet normal 0 0 0
outer loop
vertex 0.993392 14.617517 12.919372
vertex 0.993392 14.617517 12.899372
vertex 0.972917 14.596764 12.919372
endloop
endfacet
facet normal 0 0 0
outer loop
vertex 1.054820 14.596764 12.899372
vertex 1.075295 14.617517 12.919372
vertex 1.054820 14.596764 12.919372
endloop
endfacet
facet normal 0 0 0
outer loop
vertex 1.075295 14.617517 12.899372
vertex 1.075295 14.617517 12.919372
vertex 1.054820 14.596764 12.899372
endloop
endfacet
facet normal 0 0 0
outer loop
vertex 0.993392 14.617517 12.919372
vertex 1.013868 14.638271 12.899372
vertex 0.993392 14.617517 12.899372
endloop
endfacet
facet normal 0 0 0
outer loop
vertex 1.013868 14.638271 12.919372
vertex 1.013868 14.638271 12.899372
vertex 0.993392 14.617517 12.919372
endloop
endfacet
facet normal 0 0 0
outer loop
vertex 1.075295 14.617517 12.899372
vertex 1.095771 14.638271 12.919372
vertex 1.075295 14.617517 12.919372
endloop
endfacet
facet normal 0 0 0
outer loop
vertex 1.095771 14.638271 12.899372
vertex 1.095771 14.638271 12.919372
vertex 1.075295 14.617517 12.899372
endloop
endfacet
facet normal 0 0 0
outer loop
vertex 1.013868 14.638271 12.899372
vertex 1.013868 14.638271 12.919372
vertex 1.013868 14.659023 12.899372
endloop
endfacet
facet normal 0 0 0
outer loop
vertex 1.013868 14.638271 12.919372
vertex 1.013868 14.659023 12.919372
vertex 1.013868 14.659023 12.899372
endloop
endfacet
facet normal 0 0 0
outer loop
vertex 1.116247 14.659023 12.899372
vertex 1.095771 14.659023 12.919372
vertex 1.095771 14.638271 12.899372
endloop
endfacet
facet normal 0 0 0
outer loop
vertex 1.095771 14.659023 12.919372
vertex 1.095771 14.638271 12.919372
vertex 1.095771 14.638271 12.899372
endloop
endfacet
facet normal 0 0 0
outer loop
vertex 1.034344 14.659023 12.899372
vertex 1.013868 14.659023 12.899372
vertex 1.034344 14.659023 12.919372
endloop
endfacet
facet normal 0 0 0
outer loop
vertex 1.013868 14.659023 12.899372
vertex 1.013868 14.659023 12.919372
vertex 1.034344 14.659023 12.919372
endloop
endfacet
facet normal 0 0 0
outer loop
vertex 1.034344 14.659023 12.919372
vertex 1.054820 14.679777 12.899372
vertex 1.034344 14.659023 12.899372
endloop
endfacet
facet normal 0 0 0
outer loop
vertex 1.054820 14.679777 12.919372
vertex 1.054820 14.679777 12.899372
vertex 1.034344 14.659023 12.919372
endloop
endfacet
facet normal 0 0 0
outer loop
vertex 1.095771 14.659023 12.899372
vertex 1.075295 14.679777 12.899372
vertex 1.095771 14.679777 12.919372
endloop
endfacet
facet normal 0 0 0
outer loop
vertex 1.116247 14.659023 12.899372
vertex 1.095771 14.679777 12.919372
vertex 1.095771 14.659023 12.919372
endloop
endfacet
facet normal 0 0 0
outer loop
vertex 1.116247 14.659023 12.899372
vertex 1.095771 14.659023 12.899372
vertex 1.095771 14.679777 12.919372
endloop
endfacet
facet normal 0 0 0
outer loop
vertex 1.054820 14.679777 12.919372
vertex 1.054820 14.700531 12.899372
vertex 1.054820 14.679777 12.899372
endloop
endfacet
facet normal 0 0 0
outer loop
vertex 1.054820 14.700531 12.899372
vertex 1.054820 14.679777 12.919372
vertex 1.075295 14.679777 12.899372
endloop
endfacet
facet normal 0 0 0
outer loop
vertex 1.075295 14.700531 12.919372
vertex 1.075295 14.679777 12.899372
vertex 1.054820 14.679777 12.919372
endloop
endfacet
facet normal 0 0 0
outer loop
vertex 1.075295 14.679777 12.899372
vertex 1.075295 14.700531 12.919372
vertex 1.095771 14.679777 12.919372
endloop
endfacet
facet normal 0 0 0
outer loop
vertex 0.993392 14.534504 12.919372
vertex 0.993392 14.534504 12.939372
vertex 0.972917 14.534504 12.919372
endloop
endfacet
facet normal 0 0 0
outer loop
vertex 0.972917 14.534504 12.919372
vertex 0.993392 14.534504 12.939372
vertex 0.972917 14.534504 12.939372
endloop
endfacet
facet normal 0 0 0
outer loop
vertex 0.993392 14.534504 12.919372
vertex 1.013868 14.534504 12.939372
vertex 0.993392 14.534504 12.939372
endloop
endfacet
facet normal 0 0 0
outer loop
vertex 0.972917 14.534504 12.939372
vertex 0.952441 14.555258 12.919372
vertex 0.972917 14.534504 12.919372
endloop
endfacet
facet normal 0 0 0
outer loop
vertex 0.952441 14.555258 12.939372
vertex 0.952441 14.555258 12.919372
vertex 0.972917 14.534504 12.939372
endloop
endfacet
facet normal 0 0 0
outer loop
vertex 0.993392 14.534504 12.919372
vertex 1.013868 14.555258 12.919372
vertex 1.013868 14.534504 12.939372
endloop
endfacet
facet normal 0 0 0
outer loop
vertex 1.013868 14.534504 12.939372
vertex 1.013868 14.555258 12.919372
vertex 1.013868 14.555258 12.939372
endloop
endfacet
facet normal 0 0 0
outer loop
vertex 0.952441 14.555258 12.919372
vertex 0.952441 14.555258 12.939372
vertex 0.952441 14.576012 12.919372
endloop
endfacet
facet normal 0 0 0
outer loop
vertex 0.952441 14.555258 12.939372
vertex 0.952441 14.576012 12.939372
vertex 0.952441 14.576012 12.919372
endloop
endfacet
facet normal 0 0 0
outer loop
vertex 1.013868 14.555258 12.919372
vertex 1.034344 14.576012 12.939372
vertex 1.013868 14.555258 12.939372
endloop
endfacet
facet normal 0 0 0
outer loop
vertex 1.034344 14.576012 12.919372
vertex 1.034344 14.576012 12.939372
vertex 1.013868 14.555258 12.919372
endloop
endfacet
facet normal 0 0 0
outer loop
vertex 0.952441 14.576012 12.939372
vertex 0.972917 14.596764 12.919372
vertex 0.952441 14.576012 12.919372
endloop
endfacet
facet normal 0 0 0
outer loop
vertex 0.972917 14.596764 12.939372
vertex 0.972917 14.596764 12.919372
vertex 0.952441 14.576012 12.939372
endloop
endfacet
facet normal 0 0 0
outer loop
vertex 1.034344 14.576012 12.919372
vertex 1.054820 14.596764 12.939372
vertex 1.034344 14.576012 12.939372
endloop
endfacet
facet normal 0 0 0
outer loop
vertex 1.054820 14.596764 12.919372
vertex 1.054820 14.596764 12.939372
vertex 1.034344 14.576012 12.919372
endloop
endfacet
facet normal 0 0 0
outer loop
vertex 0.972917 14.596764 12.939372
vertex 0.993392 14.617517 12.919372
vertex 0.972917 14.596764 12.919372
endloop
endfacet
facet normal 0 0 0
outer loop
vertex 0.993392 14.617517 12.939372
vertex 0.993392 14.617517 12.919372
vertex 0.972917 14.596764 12.939372
endloop
endfacet
facet normal 0 0 0
outer loop
vertex 1.054820 14.596764 12.919372
vertex 1.075295 14.617517 12.939372
vertex 1.054820 14.596764 12.939372
endloop
endfacet
facet normal 0 0 0
outer loop
vertex 1.075295 14.617517 12.919372
vertex 1.075295 14.617517 12.939372
vertex 1.054820 14.596764 12.919372
endloop
endfacet
facet normal 0 0 0
outer loop
vertex 0.993392 14.617517 12.939372
vertex 1.013868 14.638271 12.919372
vertex 0.993392 14.617517 12.919372
endloop
endfacet
facet normal 0 0 0
outer loop
vertex 1.013868 14.638271 12.939372
vertex 1.013868 14.638271 12.919372
vertex 0.993392 14.617517 12.939372
endloop
endfacet
facet normal 0 0 0
outer loop
vertex 1.075295 14.617517 12.919372
vertex 1.095771 14.638271 12.939372
vertex 1.075295 14.617517 12.939372
endloop
endfacet
facet normal 0 0 0
outer loop
vertex 1.095771 14.638271 12.919372
vertex 1.095771 14.638271 12.939372
vertex 1.075295 14.617517 12.919372
endloop
endfacet
facet normal 0 0 0
outer loop
vertex 1.013868 14.638271 12.939372
vertex 1.013868 14.659023 12.919372
vertex 1.013868 14.638271 12.919372
endloop
endfacet
facet normal 0 0 0
outer loop
vertex 1.013868 14.638271 12.939372
vertex 1.034344 14.659023 12.939372
vertex 1.013868 14.659023 12.919372
endloop
endfacet
facet normal 0 0 0
outer loop
vertex 1.095771 14.659023 12.919372
vertex 1.075295 14.659023 12.939372
vertex 1.095771 14.638271 12.939372
endloop
endfacet
facet normal 0 0 0
outer loop
vertex 1.095771 14.659023 12.919372
vertex 1.095771 14.638271 12.939372
vertex 1.095771 14.638271 12.919372
endloop
endfacet
facet normal 0 0 0
outer loop
vertex 1.013868 14.659023 12.919372
vertex 1.034344 14.659023 12.939372
vertex 1.034344 14.659023 12.919372
endloop
endfacet
facet normal 0 0 0
outer loop
vertex 1.034344 14.659023 12.939372
vertex 1.054820 14.679777 12.919372
vertex 1.034344 14.659023 12.919372
endloop
endfacet
facet normal 0 0 0
outer loop
vertex 1.054820 14.679777 12.939372
vertex 1.054820 14.679777 12.919372
vertex 1.034344 14.659023 12.939372
endloop
endfacet
facet normal 0 0 0
outer loop
vertex 1.075295 14.679777 12.919372
vertex 1.054820 14.679777 12.939372
vertex 1.075295 14.659023 12.939372
endloop
endfacet
facet normal 0 0 0
outer loop
vertex 1.075295 14.659023 12.939372
vertex 1.095771 14.659023 12.919372
vertex 1.075295 14.679777 12.919372
endloop
endfacet
facet normal 0 0 0
outer loop
vertex 1.095771 14.659023 12.919372
vertex 1.095771 14.679777 12.919372
vertex 1.075295 14.679777 12.919372
endloop
endfacet
facet normal 0 0 0
outer loop
vertex 1.075295 14.700531 12.919372
vertex 1.054820 14.679777 12.939372
vertex 1.075295 14.679777 12.919372
endloop
endfacet
facet normal 0 0 0
outer loop
vertex 1.075295 14.700531 12.919372
vertex 1.054820 14.679777 12.919372
vertex 1.054820 14.679777 12.939372
endloop
endfacet
facet normal 0 0 0
outer loop
vertex 1.095771 14.679777 12.919372
vertex 1.075295 14.700531 12.919372
vertex 1.075295 14.679777 12.919372
endloop
endfacet
facet normal 0 0 0
outer loop
vertex 0.952441 14.513750 12.959372
vertex 0.931965 14.534504 12.959372
vertex 0.952441 14.534504 12.959372
endloop
endfacet
facet normal 0 0 0
outer loop
vertex 0.972917 14.534504 12.939372
vertex 0.972917 14.534504 12.959372
vertex 0.952441 14.513750 12.959372
endloop
endfacet
facet normal 0 0 0
outer loop
vertex 0.972917 14.534504 12.939372
vertex 0.952441 14.513750 12.959372
vertex 0.952441 14.534504 12.959372
endloop
endfacet
facet normal 0 0 0
outer loop
vertex 0.993392 14.534504 12.939372
vertex 0.993392 14.534504 12.959372
vertex 0.972917 14.534504 12.939372
endloop
endfacet
facet normal 0 0 0
outer loop
vertex 0.972917 14.534504 12.939372
vertex 0.993392 14.534504 12.959372
vertex 0.972917 14.534504 12.959372
endloop
endfacet
facet normal 0 0 0
outer loop
vertex 1.013868 14.534504 12.939372
vertex 0.993392 14.534504 12.959372
vertex 0.993392 14.534504 12.939372
endloop
endfacet
facet normal 0 0 0
outer loop
vertex 0.931965 14.534504 12.959372
vertex 0.911489 14.555258 12.959372
vertex 0.931965 14.555258 12.959372
endloop
endfacet
facet normal 0 0 0
outer loop
vertex 0.952441 14.555258 12.939372
vertex 0.952441 14.534504 12.959372
vertex 0.931965 14.555258 12.959372
endloop
endfacet
facet normal 0 0 0
outer loop
vertex 0.952441 14.534504 12.959372
vertex 0.931965 14.534504 12.959372
vertex 0.931965 14.555258 12.959372
endloop
endfacet
facet normal 0 0 0
outer loop
vertex 0.972917 14.534504 12.939372
vertex 0.952441 14.534504 12.959372
vertex 0.952441 14.555258 12.939372
endloop
endfacet
facet normal 0 0 0
outer loop
vertex 1.013868 14.555258 12.939372
vertex 0.993392 14.534504 12.959372
vertex 1.013868 14.534504 12.939372
endloop
endfacet
facet normal 0 0 0
outer loop
vertex 0.993392 14.555258 12.959372
vertex 0.993392 14.534504 12.959372
vertex 1.013868 14.555258 12.939372
endloop
endfacet
facet normal 0 0 0
outer loop
vertex 0.911489 14.555258 12.959372
vertex 0.931965 14.576012 12.959372
vertex 0.931965 14.555258 12.959372
endloop
endfacet
facet normal 0 0 0
outer loop
vertex 0.952441 14.555258 12.939372
vertex 0.931965 14.576012 12.959372
vertex 0.952441 14.576012 12.939372
endloop
endfacet
facet normal 0 0 0
outer loop
vertex 0.931965 14.555258 12.959372
vertex 0.931965 14.576012 12.959372
vertex 0.952441 14.555258 12.939372
endloop
endfacet
facet normal 0 0 0
outer loop
vertex 1.013868 14.555258 12.939372
vertex 1.013868 14.576012 12.959372
vertex 0.993392 14.555258 12.959372
endloop
endfacet
facet normal 0 0 0
outer loop
vertex 1.034344 14.576012 12.939372
vertex 1.013868 14.576012 12.959372
vertex 1.013868 14.555258 12.939372
endloop
endfacet
facet normal 0 0 0
outer loop
vertex 0.952441 14.576012 12.939372
vertex 0.931965 14.576012 12.959372
vertex 0.952441 14.596764 12.959372
endloop
endfacet
facet normal 0 0 0
outer loop
vertex 0.952441 14.576012 12.939372
vertex 0.952441 14.596764 12.959372
vertex 0.972917 14.596764 12.939372
endloop
endfacet
facet normal 0 0 0
outer loop
vertex 1.034344 14.596764 12.939372
vertex 1.013868 14.576012 12.959372
vertex 1.034344 14.576012 12.939372
endloop
endfacet
facet normal 0 0 0
outer loop
vertex 1.013868 14.596764 12.959372
vertex 1.013868 14.576012 12.959372
vertex 1.034344 14.596764 12.939372
endloop
endfacet
facet normal 0 0 0
outer loop
vertex 1.034344 14.576012 12.939372
vertex 1.054820 14.596764 12.939372
vertex 1.034344 14.596764 12.939372
endloop
endfacet
facet normal 0 0 0
outer loop
vertex 0.972917 14.596764 12.939372
vertex 0.952441 14.596764 12.959372
vertex 0.972917 14.617517 12.959372
endloop
endfacet
facet normal 0 0 0
outer loop
vertex 0.952441 14.596764 12.959372
vertex 0.952441 14.617517 12.959372
vertex 0.972917 14.617517 12.959372
endloop
endfacet
facet normal 0 0 0
outer loop
vertex 0.972917 14.596764 12.939372
vertex 0.972917 14.617517 12.959372
vertex 0.993392 14.617517 12.939372
endloop
endfacet
facet normal 0 0 0
outer loop
vertex 1.034344 14.596764 12.939372
vertex 1.034344 14.617517 12.959372
vertex 1.013868 14.596764 12.959372
endloop
endfacet
facet normal 0 0 0
outer loop
vertex 1.034344 14.617517 12.959372
vertex 1.034344 14.596764 12.939372
vertex 1.054820 14.617517 12.939372
endloop
endfacet
facet normal 0 0 0
outer loop
vertex 1.034344 14.596764 12.939372
vertex 1.054820 14.596764 12.939372
vertex 1.054820 14.617517 12.939372
endloop
endfacet
facet normal 0 0 0
outer loop
vertex 1.054820 14.596764 12.939372
vertex 1.075295 14.617517 12.939372
vertex 1.054820 14.617517 12.939372
endloop
endfacet
facet normal 0 0 0
outer loop
vertex 0.952441 14.617517 12.959372
vertex 0.972917 14.638271 12.959372
vertex 0.972917 14.617517 12.959372
endloop
endfacet
facet normal 0 0 0
outer loop
vertex 0.993392 14.617517 12.939372
vertex 0.972917 14.617517 12.959372
vertex 0.993392 14.638271 12.959372
endloop
endfacet
facet normal 0 0 0
outer loop
vertex 0.972917 14.617517 12.959372
vertex 0.972917 14.638271 12.959372
vertex 0.993392 14.638271 12.959372
endloop
endfacet
facet normal 0 0 0
outer loop
vertex 0.993392 14.617517 12.939372
vertex 0.993392 14.638271 12.959372
vertex 1.013868 14.638271 12.939372
endloop
endfacet
facet normal 0 0 0
outer loop
vertex 1.054820 14.617517 12.939372
vertex 1.054820 14.638271 12.959372
vertex 1.034344 14.617517 12.959372
endloop
endfacet
facet normal 0 0 0
outer loop
vertex 1.054820 14.638271 12.959372
vertex 1.054820 14.617517 12.939372
vertex 1.075295 14.638271 12.939372
endloop
endfacet
facet normal 0 0 0
outer loop
vertex 1.054820 14.617517 12.939372
vertex 1.075295 14.617517 12.939372
vertex 1.075295 14.638271 12.939372
endloop
endfacet
facet normal 0 0 0
outer loop
vertex 1.075295 14.617517 12.939372
vertex 1.095771 14.638271 12.939372
vertex 1.075295 14.638271 12.939372
endloop
endfacet
facet normal 0 0 0
outer loop
vertex 0.972917 14.638271 12.959372
vertex 0.993392 14.659023 12.959372
vertex 0.993392 14.638271 12.959372
endloop
endfacet
facet normal 0 0 0
outer loop
vertex 1.013868 14.638271 12.939372
vertex 0.993392 14.638271 12.959372
vertex 1.013868 14.659023 12.959372
endloop
endfacet
facet normal 0 0 0
outer loop
vertex 0.993392 14.638271 12.959372
vertex 0.993392 14.659023 12.959372
vertex 1.013868 14.659023 12.959372
endloop
endfacet
facet normal 0 0 0
outer loop
vertex 1.013868 14.638271 12.939372
vertex 1.013868 14.659023 12.959372
vertex 1.034344 14.659023 12.939372
endloop
endfacet
facet normal 0 0 0
outer loop
vertex 1.054820 14.659023 12.939372
vertex 1.034344 14.659023 12.959372
vertex 1.054820 14.638271 12.959372
endloop
endfacet
facet normal 0 0 0
outer loop
vertex 1.054820 14.638271 12.959372
vertex 1.075295 14.638271 12.939372
vertex 1.054820 14.659023 12.939372
endloop
endfacet
facet normal 0 0 0
outer loop
vertex 1.075295 14.638271 12.939372
vertex 1.075295 14.659023 12.939372
vertex 1.054820 14.659023 12.939372
endloop
endfacet
facet normal 0 0 0
outer loop
vertex 1.095771 14.638271 12.939372
vertex 1.075295 14.659023 12.939372
vertex 1.075295 14.638271 12.939372
endloop
endfacet
facet normal 0 0 0
outer loop
vertex 0.993392 14.679777 12.959372
vertex 1.013868 14.659023 12.959372
vertex 0.993392 14.659023 12.959372
endloop
endfacet
facet normal 0 0 0
outer loop
vertex 1.034344 14.659023 12.939372
vertex 1.013868 14.659023 12.959372
vertex 1.034344 14.659023 12.959372
endloop
endfacet
facet normal 0 0 0
outer loop
vertex 1.054820 14.679777 12.939372
vertex 1.034344 14.659023 12.959372
vertex 1.054820 14.659023 12.939372
endloop
endfacet
facet normal 0 0 0
outer loop
vertex 1.054820 14.679777 12.939372
vertex 1.034344 14.659023 12.939372
vertex 1.034344 14.659023 12.959372
endloop
endfacet
facet normal 0 0 0
outer loop
vertex 1.075295 14.659023 12.939372
vertex 1.054820 14.679777 12.939372
vertex 1.054820 14.659023 12.939372
endloop
endfacet
facet normal 0 0 0
outer loop
vertex 0.952441 14.513750 12.959372
vertex 0.952441 14.534504 12.979372
vertex 0.931965 14.534504 12.959372
endloop
endfacet
facet normal 0 0 0
outer loop
vertex 0.952441 14.534504 12.979372
vertex 0.931965 14.534504 12.979372
vertex 0.931965 14.534504 12.959372
endloop
endfacet
facet normal 0 0 0
outer loop
vertex 0.952441 14.513750 12.959372
vertex 0.972917 14.534504 12.959372
vertex 0.952441 14.534504 12.979372
endloop
endfacet
facet normal 0 0 0
outer loop
vertex 0.972917 14.534504 12.959372
vertex 0.972917 14.534504 12.979372
vertex 0.952441 14.534504 12.979372
endloop
endfacet
facet normal 0 0 0
outer loop
vertex 0.993392 14.534504 12.959372
vertex 0.972917 14.534504 12.979372
vertex 0.972917 14.534504 12.959372
endloop
endfacet
facet normal 0 0 0
outer loop
vertex 0.931965 14.534504 12.979372
vertex 0.911489 14.555258 12.959372
vertex 0.931965 14.534504 12.959372
endloop
endfacet
facet normal 0 0 0
outer loop
vertex 0.911489 14.555258 12.979372
vertex 0.911489 14.555258 12.959372
vertex 0.931965 14.534504 12.979372
endloop
endfacet
facet normal 0 0 0
outer loop
vertex 0.993392 14.534504 12.959372
vertex 0.993392 14.555258 12.979372
vertex 0.972917 14.534504 12.979372
endloop
endfacet
facet normal 0 0 0
outer loop
vertex 0.993392 14.555258 12.979372
vertex 0.993392 14.534504 12.959372
vertex 0.993392 14.555258 12.959372
endloop
endfacet
facet normal 0 0 0
outer loop
vertex 0.911489 14.555258 12.979372
vertex 0.931965 14.576012 12.959372
vertex 0.911489 14.555258 12.959372
endloop
endfacet
facet normal 0 0 0
outer loop
vertex 0.931965 14.576012 12.979372
vertex 0.931965 14.576012 12.959372
vertex 0.911489 14.555258 12.979372
endloop
endfacet
facet normal 0 0 0
outer loop
vertex 0.993392 14.555258 12.959372
vertex 1.013868 14.576012 12.979372
vertex 0.993392 14.555258 12.979372
endloop
endfacet
facet normal 0 0 0
outer loop
vertex 1.013868 14.576012 12.959372
vertex 1.013868 14.576012 12.979372
vertex 0.993392 14.555258 12.959372
endloop
endfacet
facet normal 0 0 0
outer loop
vertex 0.931965 14.596764 12.979372
vertex 0.931965 14.576012 12.959372
vertex 0.931965 14.576012 12.979372
endloop
endfacet
facet normal 0 0 0
outer loop
vertex 0.931965 14.576012 12.959372
vertex 0.931965 14.596764 12.979372
vertex 0.952441 14.596764 12.959372
endloop
endfacet
facet normal 0 0 0
outer loop
vertex 1.034344 14.596764 12.979372
vertex 1.013868 14.576012 12.979372
vertex 1.013868 14.596764 12.959372
endloop
endfacet
facet normal 0 0 0
outer loop
vertex 1.013868 14.576012 12.979372
vertex 1.013868 14.576012 12.959372
vertex 1.013868 14.596764 12.959372
endloop
endfacet
facet normal 0 0 0
outer loop
vertex 0.931965 14.596764 12.979372
vertex 0.952441 14.617517 12.979372
vertex 0.952441 14.596764 12.959372
endloop
endfacet
facet normal 0 0 0
outer loop
vertex 0.952441 14.617517 12.979372
vertex 0.952441 14.617517 12.959372
vertex 0.952441 14.596764 12.959372
endloop
endfacet
facet normal 0 0 0
outer loop
vertex 1.013868 14.596764 12.959372
vertex 1.034344 14.617517 12.959372
vertex 1.034344 14.596764 12.979372
endloop
endfacet
facet normal 0 0 0
outer loop
vertex 1.034344 14.596764 12.979372
vertex 1.034344 14.617517 12.959372
vertex 1.034344 14.617517 12.979372
endloop
endfacet
facet normal 0 0 0
outer loop
vertex 0.952441 14.617517 12.979372
vertex 0.972917 14.638271 12.959372
vertex 0.952441 14.617517 12.959372
endloop
endfacet
facet normal 0 0 0
outer loop
vertex 0.972917 14.638271 12.979372
vertex 0.972917 14.638271 12.959372
vertex 0.952441 14.617517 12.979372
endloop
endfacet
facet normal 0 0 0
outer loop
vertex 1.054820 14.638271 12.959372
vertex 1.034344 14.638271 12.979372
vertex 1.034344 14.617517 12.959372
endloop
endfacet
facet normal 0 0 0
outer loop
vertex 1.034344 14.638271 12.979372
vertex 1.034344 14.617517 12.979372
vertex 1.034344 14.617517 12.959372
endloop
endfacet
facet normal 0 0 0
outer loop
vertex 0.972917 14.638271 12.979372
vertex 0.993392 14.659023 12.959372
vertex 0.972917 14.638271 12.959372
endloop
endfacet
facet normal 0 0 0
outer loop
vertex 0.993392 14.659023 12.979372
vertex 0.993392 14.659023 12.959372
vertex 0.972917 14.638271 12.979372
endloop
endfacet
facet normal 0 0 0
outer loop
vertex 1.034344 14.659023 12.959372
vertex 1.013868 14.659023 12.979372
vertex 1.034344 14.638271 12.979372
endloop
endfacet
facet normal 0 0 0
outer loop
vertex 1.054820 14.638271 12.959372
vertex 1.034344 14.659023 12.959372
vertex 1.034344 14.638271 12.979372
endloop
endfacet
facet normal 0 0 0
outer loop
vertex 0.993392 14.659023 12.979372
vertex 0.993392 14.679777 12.959372
vertex 0.993392 14.659023 12.959372
endloop
endfacet
facet normal 0 0 0
outer loop
vertex 0.993392 14.679777 12.959372
vertex 0.993392 14.659023 12.979372
vertex 1.013868 14.659023 12.959372
endloop
endfacet
facet normal 0 0 0
outer loop
vertex 1.013868 14.679777 12.979372
vertex 1.013868 14.659023 12.959372
vertex 0.993392 14.659023 12.979372
endloop
endfacet
facet normal 0 0 0
outer loop
vertex 1.034344 14.679777 12.979372
vertex 1.013868 14.659023 12.979372
vertex 1.013868 14.679777 12.979372
endloop
endfacet
facet normal 0 0 0
outer loop
vertex 1.013868 14.679777 12.979372
vertex 1.013868 14.659023 12.979372
vertex 1.013868 14.659023 12.959372
endloop
endfacet
facet normal 0 0 0
outer loop
vertex 1.013868 14.659023 12.959372
vertex 1.013868 14.659023 12.979372
vertex 1.034344 14.659023 12.959372
endloop
endfacet
facet normal 0 0 0
outer loop
vertex 0.952441 14.513750 12.999372
vertex 0.931965 14.534504 12.999372
vertex 0.952441 14.534504 12.979372
endloop
endfacet
facet normal 0 0 0
outer loop
vertex 0.931965 14.534504 12.999372
vertex 0.931965 14.534504 12.979372
vertex 0.952441 14.534504 12.979372
endloop
endfacet
facet normal 0 0 0
outer loop
vertex 0.952441 14.513750 12.999372
vertex 0.952441 14.534504 12.979372
vertex 0.972917 14.534504 12.999372
endloop
endfacet
facet normal 0 0 0
outer loop
vertex 0.952441 14.534504 12.979372
vertex 0.972917 14.534504 12.979372
vertex 0.972917 14.534504 12.999372
endloop
endfacet
facet normal 0 0 0
outer loop
vertex 0.931965 14.534504 12.999372
vertex 0.911489 14.555258 12.979372
vertex 0.931965 14.534504 12.979372
endloop
endfacet
facet normal 0 0 0
outer loop
vertex 0.911489 14.555258 12.999372
vertex 0.911489 14.555258 12.979372
vertex 0.931965 14.534504 12.999372
endloop
endfacet
facet normal 0 0 0
outer loop
vertex 0.972917 14.534504 12.979372
vertex 0.993392 14.555258 12.999372
vertex 0.972917 14.534504 12.999372
endloop
endfacet
facet normal 0 0 0
outer loop
vertex 0.993392 14.555258 12.979372
vertex 0.993392 14.555258 12.999372
vertex 0.972917 14.534504 12.979372
endloop
endfacet
facet normal 0 0 0
outer loop
vertex 0.911489 14.555258 12.999372
vertex 0.931965 14.576012 12.979372
vertex 0.911489 14.555258 12.979372
endloop
endfacet
facet normal 0 0 0
outer loop
vertex 0.931965 14.576012 12.999372
vertex 0.931965 14.576012 12.979372
vertex 0.911489 14.555258 12.999372
endloop
endfacet
facet normal 0 0 0
outer loop
vertex 1.013868 14.576012 12.979372
vertex 0.993392 14.576012 12.999372
vertex 0.993392 14.555258 12.979372
endloop
endfacet
facet normal 0 0 0
outer loop
vertex 0.993392 14.576012 12.999372
vertex 0.993392 14.555258 12.999372
vertex 0.993392 14.555258 12.979372
endloop
endfacet
facet normal 0 0 0
outer loop
vertex 0.931965 14.576012 12.979372
vertex 0.931965 14.576012 12.999372
vertex 0.931965 14.596764 12.979372
endloop
endfacet
facet normal 0 0 0
outer loop
vertex 0.931965 14.576012 12.999372
vertex 0.931965 14.596764 12.999372
vertex 0.931965 14.596764 12.979372
endloop
endfacet
facet normal 0 0 0
outer loop
vertex 1.013868 14.576012 12.979372
vertex 1.013868 14.596764 12.999372
vertex 0.993392 14.576012 12.999372
endloop
endfacet
facet normal 0 0 0
outer loop
vertex 1.034344 14.596764 12.979372
vertex 1.013868 14.596764 12.999372
vertex 1.013868 14.576012 12.979372
endloop
endfacet
facet normal 0 0 0
outer loop
vertex 0.931965 14.617517 12.999372
vertex 0.931965 14.596764 12.979372
vertex 0.931965 14.596764 12.999372
endloop
endfacet
facet normal 0 0 0
outer loop
vertex 0.931965 14.596764 12.979372
vertex 0.931965 14.617517 12.999372
vertex 0.952441 14.617517 12.979372
endloop
endfacet
facet normal 0 0 0
outer loop
vertex 1.034344 14.596764 12.979372
vertex 1.034344 14.617517 12.999372
vertex 1.013868 14.596764 12.999372
endloop
endfacet
facet normal 0 0 0
outer loop
vertex 1.034344 14.617517 12.999372
vertex 1.034344 14.596764 12.979372
vertex 1.034344 14.617517 12.979372
endloop
endfacet
facet normal 0 0 0
outer loop
vertex 0.952441 14.617517 12.979372
vertex 0.931965 14.617517 12.999372
vertex 0.952441 14.617517 12.999372
endloop
endfacet
facet normal 0 0 0
outer loop
vertex 0.952441 14.617517 12.999372
vertex 0.972917 14.638271 12.979372
vertex 0.952441 14.617517 12.979372
endloop
endfacet
facet normal 0 0 0
outer loop
vertex 0.972917 14.638271 12.999372
vertex 0.972917 14.638271 12.979372
vertex 0.952441 14.617517 12.999372
endloop
endfacet
facet normal 0 0 0
outer loop
vertex 1.034344 14.617517 12.979372
vertex 1.034344 14.638271 12.979372
vertex 1.034344 14.617517 12.999372
endloop
endfacet
facet normal 0 0 0
outer loop
vertex 1.034344 14.617517 12.999372
vertex 1.034344 14.638271 12.979372
vertex 1.034344 14.638271 12.999372
endloop
endfacet
facet normal 0 0 0
outer loop
vertex 0.972917 14.638271 12.999372
vertex 0.993392 14.659023 12.979372
vertex 0.972917 14.638271 12.979372
endloop
endfacet
facet normal 0 0 0
outer loop
vertex 0.993392 14.659023 12.999372
vertex 0.993392 14.659023 12.979372
vertex 0.972917 14.638271 12.999372
endloop
endfacet
facet normal 0 0 0
outer loop
vertex 1.034344 14.638271 12.979372
vertex 1.013868 14.659023 12.999372
vertex 1.034344 14.638271 12.999372
endloop
endfacet
facet normal 0 0 0
outer loop
vertex 1.013868 14.659023 12.979372
vertex 1.013868 14.659023 12.999372
vertex 1.034344 14.638271 12.979372
endloop
endfacet
facet normal 0 0 0
outer loop
vertex 1.013868 14.679777 12.979372
vertex 0.993392 14.659023 12.979372
vertex 1.013868 14.659023 12.999372
endloop
endfacet
facet normal 0 0 0
outer loop
vertex 0.993392 14.659023 12.979372
vertex 0.993392 14.659023 12.999372
vertex 1.013868 14.659023 12.999372
endloop
endfacet
facet normal 0 0 0
outer loop
vertex 1.034344 14.679777 12.999372
vertex 1.013868 14.679777 12.979372
vertex 1.034344 14.679777 12.979372
endloop
endfacet
facet normal 0 0 0
outer loop
vertex 1.013868 14.659023 12.979372
vertex 1.013868 14.679777 12.979372
vertex 1.013868 14.659023 12.999372
endloop
endfacet
facet normal 0 0 0
outer loop
vertex 1.054820 14.679777 12.979372
vertex 1.034344 14.679777 12.999372
vertex 1.034344 14.679777 12.979372
endloop
endfacet
facet normal 0 0 0
outer loop
vertex 1.013868 14.679777 12.979372
vertex 1.034344 14.700531 12.999372
vertex 1.034344 14.679777 12.979372
endloop
endfacet
facet normal 0 0 0
outer loop
vertex 1.013868 14.679777 12.979372
vertex 1.034344 14.679777 12.999372
vertex 1.034344 14.700531 12.999372
endloop
endfacet
facet normal 0 0 0
outer loop
vertex 1.054820 14.679777 12.979372
vertex 1.034344 14.700531 12.999372
vertex 1.034344 14.679777 12.999372
endloop
endfacet
facet normal 0 0 0
outer loop
vertex 1.054820 14.679777 12.979372
vertex 1.034344 14.679777 12.979372
vertex 1.034344 14.700531 12.999372
endloop
endfacet
facet normal 0 0 0
outer loop
vertex 0.911489 14.534504 13.019372
vertex 0.891013 14.534504 13.019372
vertex 0.891013 14.534504 12.999372
endloop
endfacet
facet normal 0 0 0
outer loop
vertex 0.931965 14.534504 12.999372
vertex 0.931965 14.534504 13.019372
vertex 0.911489 14.534504 13.019372
endloop
endfacet
facet normal 0 0 0
outer loop
vertex 0.952441 14.513750 13.019372
vertex 0.931965 14.534504 12.999372
vertex 0.952441 14.513750 12.999372
endloop
endfacet
facet normal 0 0 0
outer loop
vertex 0.931965 14.534504 13.019372
vertex 0.931965 14.534504 12.999372
vertex 0.952441 14.513750 13.019372
endloop
endfacet
facet normal 0 0 0
outer loop
vertex 0.952441 14.513750 12.999372
vertex 0.972917 14.534504 13.019372
vertex 0.952441 14.513750 13.019372
endloop
endfacet
facet normal 0 0 0
outer loop
vertex 0.972917 14.534504 12.999372
vertex 0.972917 14.534504 13.019372
vertex 0.952441 14.513750 12.999372
endloop
endfacet
facet normal 0 0 0
outer loop
vertex 0.911489 14.555258 12.999372
vertex 0.911489 14.534504 13.019372
vertex 0.911489 14.555258 13.019372
endloop
endfacet
facet normal 0 0 0
outer loop
vertex 0.911489 14.555258 13.019372
vertex 0.911489 14.534504 13.019372
vertex 0.891013 14.534504 13.019372
endloop
endfacet
facet normal 0 0 0
outer loop
vertex 0.931965 14.534504 12.999372
vertex 0.911489 14.534504 13.019372
vertex 0.911489 14.555258 12.999372
endloop
endfacet
facet normal 0 0 0
outer loop
vertex 0.993392 14.555258 12.999372
vertex 0.972917 14.555258 13.019372
vertex 0.972917 14.534504 12.999372
endloop
endfacet
facet normal 0 0 0
outer loop
vertex 0.972917 14.555258 13.019372
vertex 0.972917 14.534504 13.019372
vertex 0.972917 14.534504 12.999372
endloop
endfacet
facet normal 0 0 0
outer loop
vertex 0.911489 14.555258 12.999372
vertex 0.891013 14.576012 13.019372
vertex 0.911489 14.576012 13.019372
endloop
endfacet
facet normal 0 0 0
outer loop
vertex 0.911489 14.555258 12.999372
vertex 0.911489 14.555258 13.019372
vertex 0.891013 14.576012 13.019372
endloop
endfacet
facet normal 0 0 0
outer loop
vertex 0.911489 14.555258 12.999372
vertex 0.911489 14.576012 13.019372
vertex 0.931965 14.576012 12.999372
endloop
endfacet
facet normal 0 0 0
outer loop
vertex 0.993392 14.555258 12.999372
vertex 0.993392 14.576012 13.019372
vertex 0.972917 14.555258 13.019372
endloop
endfacet
facet normal 0 0 0
outer loop
vertex 0.993392 14.576012 13.019372
vertex 0.993392 14.555258 12.999372
vertex 0.993392 14.576012 12.999372
endloop
endfacet
facet normal 0 0 0
outer loop
vertex 0.891013 14.596764 13.019372
vertex 0.911489 14.576012 13.019372
vertex 0.891013 14.576012 13.019372
endloop
endfacet
facet normal 0 0 0
outer loop
vertex 0.911489 14.576012 13.019372
vertex 0.931965 14.596764 13.019372
vertex 0.931965 14.576012 12.999372
endloop
endfacet
facet normal 0 0 0
outer loop
vertex 0.931965 14.596764 13.019372
vertex 0.931965 14.596764 12.999372
vertex 0.931965 14.576012 12.999372
endloop
endfacet
facet normal 0 0 0
outer loop
vertex 0.993392 14.576012 12.999372
vertex 1.013868 14.596764 13.019372
vertex 0.993392 14.576012 13.019372
endloop
endfacet
facet normal 0 0 0
outer loop
vertex 1.013868 14.596764 12.999372
vertex 1.013868 14.596764 13.019372
vertex 0.993392 14.576012 12.999372
endloop
endfacet
facet normal 0 0 0
outer loop
vertex 0.931965 14.596764 13.019372
vertex 0.931965 14.617517 12.999372
vertex 0.931965 14.596764 12.999372
endloop
endfacet
facet normal 0 0 0
outer loop
vertex 0.931965 14.596764 13.019372
vertex 0.952441 14.617517 13.019372
vertex 0.931965 14.617517 12.999372
endloop
endfacet
facet normal 0 0 0
outer loop
vertex 1.013868 14.596764 12.999372
vertex 1.034344 14.617517 13.019372
vertex 1.013868 14.596764 13.019372
endloop
endfacet
facet normal 0 0 0
outer loop
vertex 1.034344 14.617517 12.999372
vertex 1.034344 14.617517 13.019372
vertex 1.013868 14.596764 12.999372
endloop
endfacet
facet normal 0 0 0
outer loop
vertex 0.931965 14.617517 12.999372
vertex 0.952441 14.638271 13.019372
vertex 0.952441 14.617517 12.999372
endloop
endfacet
facet normal 0 0 0
outer loop
vertex 0.931965 14.617517 12.999372
vertex 0.952441 14.617517 13.019372
vertex 0.952441 14.638271 13.019372
endloop
endfacet
facet normal 0 0 0
outer loop
vertex 0.952441 14.617517 12.999372
vertex 0.952441 14.638271 13.019372
vertex 0.972917 14.638271 12.999372
endloop
endfacet
facet normal 0 0 0
outer loop
vertex 1.034344 14.617517 12.999372
vertex 1.034344 14.638271 12.999372
vertex 1.034344 14.617517 13.019372
endloop
endfacet
facet normal 0 0 0
outer loop
vertex 1.034344 14.617517 13.019372
vertex 1.034344 14.638271 12.999372
vertex 1.034344 14.638271 13.019372
endloop
endfacet
facet normal 0 0 0
outer loop
vertex 0.972917 14.638271 12.999372
vertex 0.952441 14.638271 13.019372
vertex 0.972917 14.659023 13.019372
endloop
endfacet
facet normal 0 0 0
outer loop
vertex 0.972917 14.638271 12.999372
vertex 0.972917 14.659023 13.019372
vertex 0.993392 14.659023 12.999372
endloop
endfacet
facet normal 0 0 0
outer loop
vertex 1.034344 14.638271 12.999372
vertex 1.013868 14.659023 13.019372
vertex 1.034344 14.638271 13.019372
endloop
endfacet
facet normal 0 0 0
outer loop
vertex 1.013868 14.659023 12.999372
vertex 1.013868 14.659023 13.019372
vertex 1.034344 14.638271 12.999372
endloop
endfacet
facet normal 0 0 0
outer loop
vertex 0.993392 14.659023 12.999372
vertex 0.972917 14.659023 13.019372
vertex 0.993392 14.659023 13.019372
endloop
endfacet
facet normal 0 0 0
outer loop
vertex 1.013868 14.659023 12.999372
vertex 0.993392 14.659023 12.999372
vertex 1.013868 14.659023 13.019372
endloop
endfacet
facet normal 0 0 0
outer loop
vertex 0.993392 14.659023 12.999372
vertex 0.993392 14.659023 13.019372
vertex 1.013868 14.659023 13.019372
endloop
endfacet
facet normal 0 0 0
outer loop
vertex 0.870538 14.534504 13.039371
vertex 0.891013 14.534504 13.019372
vertex 0.891013 14.534504 13.039371
endloop
endfacet
facet normal 0 0 0
outer loop
vertex 0.911489 14.513750 13.039371
vertex 0.891013 14.534504 13.039371
vertex 0.911489 14.534504 13.019372
endloop
endfacet
facet normal 0 0 0
outer loop
vertex 0.891013 14.534504 13.039371
vertex 0.891013 14.534504 13.019372
vertex 0.911489 14.534504 13.019372
endloop
endfacet
facet normal 0 0 0
outer loop
vertex 0.931965 14.534504 13.019372
vertex 0.911489 14.513750 13.039371
vertex 0.911489 14.534504 13.019372
endloop
endfacet
facet normal 0 0 0
outer loop
vertex 0.931965 14.513750 13.039371
vertex 0.911489 14.513750 13.039371
vertex 0.931965 14.534504 13.019372
endloop
endfacet
facet normal 0 0 0
outer loop
vertex 0.931965 14.513750 13.039371
vertex 0.931965 14.534504 13.019372
vertex 0.952441 14.534504 13.039371
endloop
endfacet
facet normal 0 0 0
outer loop
vertex 0.952441 14.513750 13.019372
vertex 0.952441 14.534504 13.039371
vertex 0.931965 14.534504 13.019372
endloop
endfacet
facet normal 0 0 0
outer loop
vertex 0.972917 14.534504 13.019372
vertex 0.952441 14.534504 13.039371
vertex 0.952441 14.513750 13.019372
endloop
endfacet
facet normal 0 0 0
outer loop
vertex 0.891013 14.534504 13.019372
vertex 0.870538 14.534504 13.039371
vertex 0.891013 14.555258 13.039371
endloop
endfacet
facet normal 0 0 0
outer loop
vertex 0.891013 14.534504 13.019372
vertex 0.891013 14.555258 13.039371
vertex 0.911489 14.555258 13.019372
endloop
endfacet
facet normal 0 0 0
outer loop
vertex 0.972917 14.534504 13.019372
vertex 0.972917 14.555258 13.039371
vertex 0.952441 14.534504 13.039371
endloop
endfacet
facet normal 0 0 0
outer loop
vertex 0.972917 14.555258 13.039371
vertex 0.972917 14.534504 13.019372
vertex 0.972917 14.555258 13.019372
endloop
endfacet
facet normal 0 0 0
outer loop
vertex 0.891013 14.576012 13.019372
vertex 0.891013 14.555258 13.039371
vertex 0.891013 14.576012 13.039371
endloop
endfacet
facet normal 0 0 0
outer loop
vertex 0.911489 14.555258 13.019372
vertex 0.891013 14.555258 13.039371
vertex 0.891013 14.576012 13.019372
endloop
endfacet
facet normal 0 0 0
outer loop
vertex 0.972917 14.555258 13.019372
vertex 0.993392 14.576012 13.039371
vertex 0.972917 14.555258 13.039371
endloop
endfacet
facet normal 0 0 0
outer loop
vertex 0.993392 14.576012 13.019372
vertex 0.993392 14.576012 13.039371
vertex 0.972917 14.555258 13.019372
endloop
endfacet
facet normal 0 0 0
outer loop
vertex 0.891013 14.576012 13.039371
vertex 0.891013 14.596764 13.019372
vertex 0.891013 14.576012 13.019372
endloop
endfacet
facet normal 0 0 0
outer loop
vertex 0.891013 14.596764 13.019372
vertex 0.891013 14.576012 13.039371
vertex 0.911489 14.576012 13.019372
endloop
endfacet
facet normal 0 0 0
outer loop
vertex 0.911489 14.596764 13.039371
vertex 0.911489 14.576012 13.019372
vertex 0.891013 14.576012 13.039371
endloop
endfacet
facet normal 0 0 0
outer loop
vertex 0.911489 14.576012 13.019372
vertex 0.911489 14.596764 13.039371
vertex 0.931965 14.596764 13.019372
endloop
endfacet
facet normal 0 0 0
outer loop
vertex 0.993392 14.576012 13.019372
vertex 1.013868 14.596764 13.039371
vertex 0.993392 14.576012 13.039371
endloop
endfacet
facet normal 0 0 0
outer loop
vertex 1.013868 14.596764 13.019372
vertex 1.013868 14.596764 13.039371
vertex 0.993392 14.576012 13.019372
endloop
endfacet
facet normal 0 0 0
outer loop
vertex 0.931965 14.596764 13.019372
vertex 0.911489 14.596764 13.039371
vertex 0.931965 14.617517 13.039371
endloop
endfacet
facet normal 0 0 0
outer loop
vertex 0.911489 14.596764 13.039371
vertex 0.911489 14.617517 13.039371
vertex 0.931965 14.617517 13.039371
endloop
endfacet
facet normal 0 0 0
outer loop
vertex 0.931965 14.596764 13.019372
vertex 0.931965 14.617517 13.039371
vertex 0.952441 14.617517 13.019372
endloop
endfacet
facet normal 0 0 0
outer loop
vertex 1.034344 14.617517 13.019372
vertex 1.013868 14.617517 13.039371
vertex 1.013868 14.596764 13.019372
endloop
endfacet
facet normal 0 0 0
outer loop
vertex 1.013868 14.617517 13.039371
vertex 1.013868 14.596764 13.039371
vertex 1.013868 14.596764 13.019372
endloop
endfacet
facet normal 0 0 0
outer loop
vertex 0.931965 14.617517 13.039371
vertex 0.952441 14.638271 13.039371
vertex 0.952441 14.617517 13.019372
endloop
endfacet
facet normal 0 0 0
outer loop
vertex 0.952441 14.638271 13.039371
vertex 0.952441 14.638271 13.019372
vertex 0.952441 14.617517 13.019372
endloop
endfacet
facet normal 0 0 0
outer loop
vertex 1.013868 14.638271 13.019372
vertex 0.993392 14.638271 13.039371
vertex 1.013868 14.617517 13.039371
endloop
endfacet
facet normal 0 0 0
outer loop
vertex 1.013868 14.617517 13.039371
vertex 1.034344 14.617517 13.019372
vertex 1.013868 14.638271 13.019372
endloop
endfacet
facet normal 0 0 0
outer loop
vertex 1.034344 14.617517 13.019372
vertex 1.034344 14.638271 13.019372
vertex 1.013868 14.638271 13.019372
endloop
endfacet
facet normal 0 0 0
outer loop
vertex 0.952441 14.638271 13.039371
vertex 0.972917 14.659023 13.019372
vertex 0.952441 14.638271 13.019372
endloop
endfacet
facet normal 0 0 0
outer loop
vertex 0.972917 14.659023 13.039371
vertex 0.972917 14.659023 13.019372
vertex 0.952441 14.638271 13.039371
endloop
endfacet
facet normal 0 0 0
outer loop
vertex 0.993392 14.659023 13.019372
vertex 0.972917 14.659023 13.039371
vertex 0.993392 14.638271 13.039371
endloop
endfacet
facet normal 0 0 0
outer loop
vertex 0.993392 14.638271 13.039371
vertex 1.013868 14.638271 13.019372
vertex 0.993392 14.659023 13.019372
endloop
endfacet
facet normal 0 0 0
outer loop
vertex 1.013868 14.638271 13.019372
vertex 1.013868 14.659023 13.019372
vertex 0.993392 14.659023 13.019372
endloop
endfacet
facet normal 0 0 0
outer loop
vertex 1.034344 14.638271 13.019372
vertex 1.013868 14.659023 13.019372
vertex 1.013868 14.638271 13.019372
endloop
endfacet
facet normal 0 0 0
outer loop
vertex 0.972917 14.679777 13.039371
vertex 0.972917 14.659023 13.019372
vertex 0.972917 14.659023 13.039371
endloop
endfacet
facet normal 0 0 0
outer loop
vertex 0.993392 14.659023 13.019372
vertex 0.972917 14.679777 13.039371
vertex 0.972917 14.659023 13.039371
endloop
endfacet
facet normal 0 0 0
outer loop
vertex 0.993392 14.659023 13.019372
vertex 0.972917 14.659023 13.019372
vertex 0.972917 14.679777 13.039371
endloop
endfacet
facet normal 0 0 0
outer loop
vertex 0.931965 14.513750 13.039371
vertex 0.911489 14.513750 13.059372
vertex 0.911489 14.513750 13.039371
endloop
endfacet
facet normal 0 0 0
outer loop
vertex 0.891013 14.534504 13.039371
vertex 0.891013 14.534504 13.059372
vertex 0.870538 14.534504 13.039371
endloop
endfacet
facet normal 0 0 0
outer loop
vertex 0.870538 14.534504 13.039371
vertex 0.891013 14.534504 13.059372
vertex 0.870538 14.534504 13.059372
endloop
endfacet
facet normal 0 0 0
outer loop
vertex 0.911489 14.513750 13.059372
vertex 0.891013 14.534504 13.039371
vertex 0.911489 14.513750 13.039371
endloop
endfacet
facet normal 0 0 0
outer loop
vertex 0.891013 14.534504 13.059372
vertex 0.891013 14.534504 13.039371
vertex 0.911489 14.513750 13.059372
endloop
endfacet
facet normal 0 0 0
outer loop
vertex 0.931965 14.513750 13.039371
vertex 0.931965 14.534504 13.059372
vertex 0.911489 14.513750 13.059372
endloop
endfacet
facet normal 0 0 0
outer loop
vertex 0.931965 14.513750 13.039371
vertex 0.952441 14.534504 13.039371
vertex 0.931965 14.534504 13.059372
endloop
endfacet
facet normal 0 0 0
outer loop
vertex 0.952441 14.534504 13.039371
vertex 0.952441 14.534504 13.059372
vertex 0.931965 14.534504 13.059372
endloop
endfacet
facet normal 0 0 0
outer loop
vertex 0.952441 14.534504 13.039371
vertex 0.972917 14.534504 13.059372
vertex 0.952441 14.534504 13.059372
endloop
endfacet
facet normal 0 0 0
outer loop
vertex 0.870538 14.534504 13.059372
vertex 0.891013 14.555258 13.039371
vertex 0.870538 14.534504 13.039371
endloop
endfacet
facet normal 0 0 0
outer loop
vertex 0.891013 14.555258 13.059372
vertex 0.891013 14.555258 13.039371
vertex 0.870538 14.534504 13.059372
endloop
endfacet
facet normal 0 0 0
outer loop
vertex 0.972917 14.555258 13.039371
vertex 0.952441 14.555258 13.059372
vertex 0.952441 14.534504 13.039371
endloop
endfacet
facet normal 0 0 0
outer loop
vertex 0.972917 14.534504 13.059372
vertex 0.952441 14.534504 13.039371
vertex 0.952441 14.555258 13.059372
endloop
endfacet
facet normal 0 0 0
outer loop
vertex 0.891013 14.555258 13.039371
vertex 0.891013 14.555258 13.059372
vertex 0.891013 14.576012 13.039371
endloop
endfacet
facet normal 0 0 0
outer loop
vertex 0.891013 14.555258 13.059372
vertex 0.891013 14.576012 13.059372
vertex 0.891013 14.576012 13.039371
endloop
endfacet
facet normal 0 0 0
outer loop
vertex 0.972917 14.555258 13.039371
vertex 0.972917 14.576012 13.059372
vertex 0.952441 14.555258 13.059372
endloop
endfacet
facet normal 0 0 0
outer loop
vertex 0.993392 14.576012 13.039371
vertex 0.972917 14.576012 13.059372
vertex 0.972917 14.555258 13.039371
endloop
endfacet
facet normal 0 0 0
outer loop
vertex 0.891013 14.576012 13.059372
vertex 0.911489 14.596764 13.039371
vertex 0.891013 14.576012 13.039371
endloop
endfacet
facet normal 0 0 0
outer loop
vertex 0.911489 14.596764 13.059372
vertex 0.911489 14.596764 13.039371
vertex 0.891013 14.576012 13.059372
endloop
endfacet
facet normal 0 0 0
outer loop
vertex 0.993392 14.576012 13.039371
vertex 0.993392 14.596764 13.059372
vertex 0.972917 14.576012 13.059372
endloop
endfacet
facet normal 0 0 0
outer loop
vertex 1.013868 14.596764 13.039371
vertex 0.993392 14.596764 13.059372
vertex 0.993392 14.576012 13.039371
endloop
endfacet
facet normal 0 0 0
outer loop
vertex 0.911489 14.596764 13.059372
vertex 0.911489 14.617517 13.039371
vertex 0.911489 14.596764 13.039371
endloop
endfacet
facet normal 0 0 0
outer loop
vertex 0.911489 14.596764 13.059372
vertex 0.931965 14.617517 13.059372
vertex 0.911489 14.617517 13.039371
endloop
endfacet
facet normal 0 0 0
outer loop
vertex 1.013868 14.596764 13.039371
vertex 1.013868 14.617517 13.059372
vertex 0.993392 14.596764 13.059372
endloop
endfacet
facet normal 0 0 0
outer loop
vertex 1.013868 14.617517 13.059372
vertex 1.013868 14.596764 13.039371
vertex 1.013868 14.617517 13.039371
endloop
endfacet
facet normal 0 0 0
outer loop
vertex 0.911489 14.617517 13.039371
vertex 0.931965 14.617517 13.059372
vertex 0.931965 14.617517 13.039371
endloop
endfacet
facet normal 0 0 0
outer loop
vertex 0.931965 14.617517 13.059372
vertex 0.952441 14.638271 13.039371
vertex 0.931965 14.617517 13.039371
endloop
endfacet
facet normal 0 0 0
outer loop
vertex 0.952441 14.638271 13.059372
vertex 0.952441 14.638271 13.039371
vertex 0.931965 14.617517 13.059372
endloop
endfacet
facet normal 0 0 0
outer loop
vertex 1.013868 14.617517 13.039371
vertex 0.993392 14.638271 13.039371
vertex 1.013868 14.638271 13.059372
endloop
endfacet
facet normal 0 0 0
outer loop
vertex 1.013868 14.617517 13.039371
vertex 1.013868 14.638271 13.059372
vertex 1.013868 14.617517 13.059372
endloop
endfacet
facet normal 0 0 0
outer loop
vertex 0.952441 14.659023 13.059372
vertex 0.952441 14.638271 13.039371
vertex 0.952441 14.638271 13.059372
endloop
endfacet
facet normal 0 0 0
outer loop
vertex 0.952441 14.638271 13.039371
vertex 0.952441 14.659023 13.059372
vertex 0.972917 14.659023 13.039371
endloop
endfacet
facet normal 0 0 0
outer loop
vertex 0.993392 14.638271 13.039371
vertex 0.972917 14.659023 13.059372
vertex 0.993392 14.638271 13.059372
endloop
endfacet
facet normal 0 0 0
outer loop
vertex 0.972917 14.659023 13.039371
vertex 0.972917 14.659023 13.059372
vertex 0.993392 14.638271 13.039371
endloop
endfacet
facet normal 0 0 0
outer loop
vertex 1.013868 14.638271 13.059372
vertex 0.993392 14.638271 13.039371
vertex 0.993392 14.638271 13.059372
endloop
endfacet
facet normal 0 0 0
outer loop
vertex 0.952441 14.659023 13.059372
vertex 0.972917 14.679777 13.039371
vertex 0.972917 14.659023 13.039371
endloop
endfacet
facet normal 0 0 0
outer loop
vertex 0.952441 14.659023 13.059372
vertex 0.972917 14.659023 13.059372
vertex 0.972917 14.679777 13.039371
endloop
endfacet
facet normal 0 0 0
outer loop
vertex 0.972917 14.679777 13.039371
vertex 0.972917 14.659023 13.059372
vertex 0.972917 14.659023 13.039371
endloop
endfacet
facet normal 0 0 0
outer loop
vertex 0.891013 14.492998 13.059372
vertex 0.891013 14.492998 13.079371
vertex 0.870538 14.472244 13.079371
endloop
endfacet
facet normal 0 0 0
outer loop
vertex 0.891013 14.492998 13.059372
vertex 0.870538 14.472244 13.079371
vertex 0.870538 14.492998 13.079371
endloop
endfacet
facet normal 0 0 0
outer loop
vertex 0.891013 14.492998 13.059372
vertex 0.911489 14.492998 13.079371
vertex 0.891013 14.492998 13.079371
endloop
endfacet
facet normal 0 0 0
outer loop
vertex 0.891013 14.492998 13.059372
vertex 0.870538 14.492998 13.079371
vertex 0.891013 14.513750 13.079371
endloop
endfacet
facet normal 0 0 0
outer loop
vertex 0.870538 14.492998 13.079371
vertex 0.870538 14.513750 13.079371
vertex 0.891013 14.513750 13.079371
endloop
endfacet
facet normal 0 0 0
outer loop
vertex 0.891013 14.492998 13.059372
vertex 0.891013 14.513750 13.079371
vertex 0.911489 14.492998 13.079371
endloop
endfacet
facet normal 0 0 0
outer loop
vertex 0.911489 14.513750 13.059372
vertex 0.911489 14.492998 13.079371
vertex 0.891013 14.513750 13.079371
endloop
endfacet
facet normal 0 0 0
outer loop
vertex 0.911489 14.513750 13.059372
vertex 0.931965 14.513750 13.079371
vertex 0.911489 14.492998 13.079371
endloop
endfacet
facet normal 0 0 0
outer loop
vertex 0.870538 14.534504 13.059372
vertex 0.870538 14.513750 13.079371
vertex 0.870538 14.534504 13.079371
endloop
endfacet
facet normal 0 0 0
outer loop
vertex 0.891013 14.534504 13.059372
vertex 0.870538 14.513750 13.079371
vertex 0.870538 14.534504 13.059372
endloop
endfacet
facet normal 0 0 0
outer loop
vertex 0.891013 14.513750 13.079371
vertex 0.870538 14.513750 13.079371
vertex 0.891013 14.534504 13.059372
endloop
endfacet
facet normal 0 0 0
outer loop
vertex 0.911489 14.513750 13.059372
vertex 0.891013 14.513750 13.079371
vertex 0.891013 14.534504 13.059372
endloop
endfacet
facet normal 0 0 0
outer loop
vertex 0.911489 14.513750 13.059372
vertex 0.931965 14.534504 13.059372
vertex 0.931965 14.513750 13.079371
endloop
endfacet
facet normal 0 0 0
outer loop
vertex 0.952441 14.534504 13.059372
vertex 0.931965 14.513750 13.079371
vertex 0.931965 14.534504 13.059372
endloop
endfacet
facet normal 0 0 0
outer loop
vertex 0.952441 14.513750 13.079371
vertex 0.931965 14.513750 13.079371
vertex 0.952441 14.534504 13.059372
endloop
endfacet
facet normal 0 0 0
outer loop
vertex 0.952441 14.513750 13.079371
vertex 0.952441 14.534504 13.059372
vertex 0.972917 14.534504 13.059372
endloop
endfacet
facet normal 0 0 0
outer loop
vertex 0.952441 14.513750 13.079371
vertex 0.972917 14.534504 13.059372
vertex 0.952441 14.534504 13.079371
endloop
endfacet
facet normal 0 0 0
outer loop
vertex 0.870538 14.534504 13.079371
vertex 0.891013 14.555258 13.059372
vertex 0.870538 14.534504 13.059372
endloop
endfacet
facet normal 0 0 0
outer loop
vertex 0.891013 14.555258 13.079371
vertex 0.891013 14.555258 13.059372
vertex 0.870538 14.534504 13.079371
endloop
endfacet
facet normal 0 0 0
outer loop
vertex 0.972917 14.555258 13.079371
vertex 0.952441 14.534504 13.079371
vertex 0.952441 14.555258 13.059372
endloop
endfacet
facet normal 0 0 0
outer loop
vertex 0.972917 14.534504 13.059372
vertex 0.952441 14.555258 13.059372
vertex 0.952441 14.534504 13.079371
endloop
endfacet
facet normal 0 0 0
outer loop
vertex 0.891013 14.555258 13.059372
vertex 0.891013 14.555258 13.079371
vertex 0.891013 14.576012 13.059372
endloop
endfacet
facet normal 0 0 0
outer loop
vertex 0.891013 14.555258 13.079371
vertex 0.891013 14.576012 13.079371
vertex 0.891013 14.576012 13.059372
endloop
endfacet
facet normal 0 0 0
outer loop
vertex 0.952441 14.555258 13.059372
vertex 0.972917 14.576012 13.059372
vertex 0.972917 14.555258 13.079371
endloop
endfacet
facet normal 0 0 0
outer loop
vertex 0.972917 14.576012 13.059372
vertex 0.993392 14.576012 13.079371
vertex 0.972917 14.555258 13.079371
endloop
endfacet
facet normal 0 0 0
outer loop
vertex 0.891013 14.576012 13.079371
vertex 0.911489 14.596764 13.059372
vertex 0.891013 14.576012 13.059372
endloop
endfacet
facet normal 0 0 0
outer loop
vertex 0.911489 14.596764 13.079371
vertex 0.911489 14.596764 13.059372
vertex 0.891013 14.576012 13.079371
endloop
endfacet
facet normal 0 0 0
outer loop
vertex 0.972917 14.576012 13.059372
vertex 0.993392 14.596764 13.059372
vertex 0.993392 14.576012 13.079371
endloop
endfacet
facet normal 0 0 0
outer loop
vertex 0.993392 14.576012 13.079371
vertex 0.993392 14.596764 13.059372
vertex 0.993392 14.596764 13.079371
endloop
endfacet
facet normal 0 0 0
outer loop
vertex 0.911489 14.596764 13.079371
vertex 0.931965 14.617517 13.059372
vertex 0.911489 14.596764 13.059372
endloop
endfacet
facet normal 0 0 0
outer loop
vertex 0.931965 14.617517 13.079371
vertex 0.931965 14.617517 13.059372
vertex 0.911489 14.596764 13.079371
endloop
endfacet
facet normal 0 0 0
outer loop
vertex 1.013868 14.617517 13.059372
vertex 0.993392 14.617517 13.079371
vertex 0.993392 14.596764 13.059372
endloop
endfacet
facet normal 0 0 0
outer loop
vertex 0.993392 14.617517 13.079371
vertex 0.993392 14.596764 13.079371
vertex 0.993392 14.596764 13.059372
endloop
endfacet
facet normal 0 0 0
outer loop
vertex 0.931965 14.617517 13.079371
vertex 0.952441 14.638271 13.059372
vertex 0.931965 14.617517 13.059372
endloop
endfacet
facet normal 0 0 0
outer loop
vertex 0.952441 14.638271 13.079371
vertex 0.952441 14.638271 13.059372
vertex 0.931965 14.617517 13.079371
endloop
endfacet
facet normal 0 0 0
outer loop
vertex 0.972917 14.638271 13.059372
vertex 0.952441 14.638271 13.079371
vertex 0.972917 14.617517 13.079371
endloop
endfacet
facet normal 0 0 0
outer loop
vertex 0.972917 14.638271 13.059372
vertex 0.993392 14.617517 13.079371
vertex 0.993392 14.638271 13.059372
endloop
endfacet
facet normal 0 0 0
outer loop
vertex 0.972917 14.617517 13.079371
vertex 0.993392 14.617517 13.079371
vertex 0.972917 14.638271 13.059372
endloop
endfacet
facet normal 0 0 0
outer loop
vertex 0.993392 14.617517 13.079371
vertex 1.013868 14.617517 13.059372
vertex 0.993392 14.638271 13.059372
endloop
endfacet
facet normal 0 0 0
outer loop
vertex 1.013868 14.617517 13.059372
vertex 1.013868 14.638271 13.059372
vertex 0.993392 14.638271 13.059372
endloop
endfacet
facet normal 0 0 0
outer loop
vertex 0.952441 14.638271 13.079371
vertex 0.952441 14.659023 13.059372
vertex 0.952441 14.638271 13.059372
endloop
endfacet
facet normal 0 0 0
outer loop
vertex 0.972917 14.659023 13.079371
vertex 0.952441 14.659023 13.059372
vertex 0.972917 14.638271 13.059372
endloop
endfacet
facet normal 0 0 0
outer loop
vertex 0.952441 14.638271 13.079371
vertex 0.972917 14.638271 13.059372
vertex 0.952441 14.659023 13.059372
endloop
endfacet
facet normal 0 0 0
outer loop
vertex 0.993392 14.638271 13.059372
vertex 0.972917 14.659023 13.059372
vertex 0.972917 14.659023 13.079371
endloop
endfacet
facet normal 0 0 0
outer loop
vertex 0.993392 14.638271 13.059372
vertex 0.972917 14.659023 13.079371
vertex 0.972917 14.638271 13.059372
endloop
endfacet
facet normal 0 0 0
outer loop
vertex 0.952441 14.659023 13.059372
vertex 0.972917 14.659023 13.079371
vertex 0.972917 14.659023 13.059372
endloop
endfacet
facet normal 0 0 0
outer loop
vertex 0.870538 14.472244 13.079371
vertex 0.870538 14.492998 13.099372
vertex 0.870538 14.492998 13.079371
endloop
endfacet
facet normal 0 0 0
outer loop
vertex 0.870538 14.472244 13.079371
vertex 0.891013 14.492998 13.079371
vertex 0.870538 14.492998 13.099372
endloop
endfacet
facet normal 0 0 0
outer loop
vertex 0.891013 14.492998 13.079371
vertex 0.891013 14.492998 13.099372
vertex 0.870538 14.492998 13.099372
endloop
endfacet
facet normal 0 0 0
outer loop
vertex 0.911489 14.492998 13.079371
vertex 0.891013 14.492998 13.099372
vertex 0.891013 14.492998 13.079371
endloop
endfacet
facet normal 0 0 0
outer loop
vertex 0.870538 14.492998 13.079371
vertex 0.870538 14.492998 13.099372
vertex 0.870538 14.513750 13.079371
endloop
endfacet
facet normal 0 0 0
outer loop
vertex 0.870538 14.492998 13.099372
vertex 0.870538 14.513750 13.099372
vertex 0.870538 14.513750 13.079371
endloop
endfacet
facet normal 0 0 0
outer loop
vertex 0.911489 14.492998 13.079371
vertex 0.911489 14.513750 13.099372
vertex 0.891013 14.492998 13.099372
endloop
endfacet
facet normal 0 0 0
outer loop
vertex 0.911489 14.492998 13.079371
vertex 0.931965 14.513750 13.079371
vertex 0.911489 14.513750 13.099372
endloop
endfacet
facet normal 0 0 0
outer loop
vertex 0.931965 14.513750 13.079371
vertex 0.931965 14.513750 13.099372
vertex 0.911489 14.513750 13.099372
endloop
endfacet
facet normal 0 0 0
outer loop
vertex 0.952441 14.513750 13.079371
vertex 0.931965 14.513750 13.099372
vertex 0.931965 14.513750 13.079371
endloop
endfacet
facet normal 0 0 0
outer loop
vertex 0.870538 14.513750 13.079371
vertex 0.870538 14.513750 13.099372
vertex 0.870538 14.534504 13.079371
endloop
endfacet
facet normal 0 0 0
outer loop
vertex 0.870538 14.513750 13.099372
vertex 0.870538 14.534504 13.099372
vertex 0.870538 14.534504 13.079371
endloop
endfacet
facet normal 0 0 0
outer loop
vertex 0.952441 14.513750 13.079371
vertex 0.952441 14.534504 13.099372
vertex 0.931965 14.513750 13.099372
endloop
endfacet
facet normal 0 0 0
outer loop
vertex 0.952441 14.513750 13.079371
vertex 0.952441 14.534504 13.079371
vertex 0.972917 14.534504 13.099372
endloop
endfacet
facet normal 0 0 0
outer loop
vertex 0.952441 14.513750 13.079371
vertex 0.972917 14.534504 13.099372
vertex 0.952441 14.534504 13.099372
endloop
endfacet
facet normal 0 0 0
outer loop
vertex 0.870538 14.534504 13.099372
vertex 0.891013 14.555258 13.079371
vertex 0.870538 14.534504 13.079371
endloop
endfacet
facet normal 0 0 0
outer loop
vertex 0.891013 14.555258 13.099372
vertex 0.891013 14.555258 13.079371
vertex 0.870538 14.534504 13.099372
endloop
endfacet
facet normal 0 0 0
outer loop
vertex 0.972917 14.555258 13.079371
vertex 0.952441 14.555258 13.099372
vertex 0.952441 14.534504 13.079371
endloop
endfacet
facet normal 0 0 0
outer loop
vertex 0.972917 14.534504 13.099372
vertex 0.952441 14.534504 13.079371
vertex 0.952441 14.555258 13.099372
endloop
endfacet
facet normal 0 0 0
outer loop
vertex 0.891013 14.555258 13.079371
vertex 0.891013 14.555258 13.099372
vertex 0.891013 14.576012 13.079371
endloop
endfacet
facet normal 0 0 0
outer loop
vertex 0.891013 14.555258 13.099372
vertex 0.891013 14.576012 13.099372
vertex 0.891013 14.576012 13.079371
endloop
endfacet
facet normal 0 0 0
outer loop
vertex 0.972917 14.555258 13.079371
vertex 0.972917 14.576012 13.099372
vertex 0.952441 14.555258 13.099372
endloop
endfacet
facet normal 0 0 0
outer loop
vertex 0.993392 14.576012 13.079371
vertex 0.972917 14.576012 13.099372
vertex 0.972917 14.555258 13.079371
endloop
endfacet
facet normal 0 0 0
outer loop
vertex 0.891013 14.576012 13.099372
vertex 0.911489 14.596764 13.079371
vertex 0.891013 14.576012 13.079371
endloop
endfacet
facet normal 0 0 0
outer loop
vertex 0.911489 14.596764 13.099372
vertex 0.911489 14.596764 13.079371
vertex 0.891013 14.576012 13.099372
endloop
endfacet
facet normal 0 0 0
outer loop
vertex 0.993392 14.576012 13.079371
vertex 0.993392 14.596764 13.099372
vertex 0.972917 14.576012 13.099372
endloop
endfacet
facet normal 0 0 0
outer loop
vertex 0.993392 14.596764 13.099372
vertex 0.993392 14.576012 13.079371
vertex 0.993392 14.596764 13.079371
endloop
endfacet
facet normal 0 0 0
outer loop
vertex 0.911489 14.617517 13.099372
vertex 0.911489 14.596764 13.079371
vertex 0.911489 14.596764 13.099372
endloop
endfacet
facet normal 0 0 0
outer loop
vertex 0.911489 14.596764 13.079371
vertex 0.911489 14.617517 13.099372
vertex 0.931965 14.617517 13.079371
endloop
endfacet
facet normal 0 0 0
outer loop
vertex 0.993392 14.617517 13.079371
vertex 0.972917 14.617517 13.099372
vertex 0.993392 14.596764 13.099372
endloop
endfacet
facet normal 0 0 0
outer loop
vertex 0.993392 14.617517 13.079371
vertex 0.993392 14.596764 13.099372
vertex 0.993392 14.596764 13.079371
endloop
endfacet
facet normal 0 0 0
outer loop
vertex 0.911489 14.617517 13.099372
vertex 0.891013 14.638271 13.099372
vertex 0.911489 14.638271 13.099372
endloop
endfacet
facet normal 0 0 0
outer loop
vertex 0.931965 14.617517 13.079371
vertex 0.911489 14.617517 13.099372
vertex 0.931965 14.638271 13.099372
endloop
endfacet
facet normal 0 0 0
outer loop
vertex 0.911489 14.617517 13.099372
vertex 0.911489 14.638271 13.099372
vertex 0.931965 14.638271 13.099372
endloop
endfacet
facet normal 0 0 0
outer loop
vertex 0.931965 14.617517 13.079371
vertex 0.931965 14.638271 13.099372
vertex 0.952441 14.638271 13.079371
endloop
endfacet
facet normal 0 0 0
outer loop
vertex 0.972917 14.617517 13.079371
vertex 0.952441 14.638271 13.079371
vertex 0.972917 14.638271 13.099372
endloop
endfacet
facet normal 0 0 0
outer loop
vertex 0.993392 14.617517 13.079371
vertex 0.972917 14.638271 13.099372
vertex 0.972917 14.617517 13.099372
endloop
endfacet
facet normal 0 0 0
outer loop
vertex 0.993392 14.617517 13.079371
vertex 0.972917 14.617517 13.079371
vertex 0.972917 14.638271 13.099372
endloop
endfacet
facet normal 0 0 0
outer loop
vertex 0.952441 14.638271 13.079371
vertex 0.931965 14.638271 13.099372
vertex 0.952441 14.638271 13.099372
endloop
endfacet
facet normal 0 0 0
outer loop
vertex 0.972917 14.638271 13.099372
vertex 0.952441 14.638271 13.079371
vertex 0.952441 14.638271 13.099372
endloop
endfacet
facet normal 0 0 0
outer loop
vertex 0.870538 14.492998 13.099372
vertex 0.870538 14.513750 13.119371
vertex 0.850062 14.513750 13.119371
endloop
endfacet
facet normal 0 0 0
outer loop
vertex 0.870538 14.492998 13.099372
vertex 0.850062 14.513750 13.119371
vertex 0.870538 14.513750 13.099372
endloop
endfacet
facet normal 0 0 0
outer loop
vertex 0.891013 14.492998 13.099372
vertex 0.870538 14.513750 13.119371
vertex 0.870538 14.492998 13.099372
endloop
endfacet
facet normal 0 0 0
outer loop
vertex 0.891013 14.513750 13.119371
vertex 0.870538 14.513750 13.119371
vertex 0.891013 14.492998 13.099372
endloop
endfacet
facet normal 0 0 0
outer loop
vertex 0.911489 14.513750 13.099372
vertex 0.891013 14.513750 13.119371
vertex 0.891013 14.492998 13.099372
endloop
endfacet
facet normal 0 0 0
outer loop
vertex 0.870538 14.513750 13.099372
vertex 0.850062 14.534504 13.119371
vertex 0.870538 14.534504 13.099372
endloop
endfacet
facet normal 0 0 0
outer loop
vertex 0.850062 14.513750 13.119371
vertex 0.850062 14.534504 13.119371
vertex 0.870538 14.513750 13.099372
endloop
endfacet
facet normal 0 0 0
outer loop
vertex 0.911489 14.513750 13.099372
vertex 0.911489 14.534504 13.119371
vertex 0.891013 14.513750 13.119371
endloop
endfacet
facet normal 0 0 0
outer loop
vertex 0.911489 14.534504 13.119371
vertex 0.911489 14.513750 13.099372
vertex 0.931965 14.534504 13.099372
endloop
endfacet
facet normal 0 0 0
outer loop
vertex 0.911489 14.513750 13.099372
vertex 0.931965 14.513750 13.099372
vertex 0.931965 14.534504 13.099372
endloop
endfacet
facet normal 0 0 0
outer loop
vertex 0.931965 14.513750 13.099372
vertex 0.952441 14.534504 13.099372
vertex 0.931965 14.534504 13.099372
endloop
endfacet
facet normal 0 0 0
outer loop
vertex 0.870538 14.534504 13.099372
vertex 0.850062 14.534504 13.119371
vertex 0.870538 14.555258 13.119371
endloop
endfacet
facet normal 0 0 0
outer loop
vertex 0.850062 14.534504 13.119371
vertex 0.850062 14.555258 13.119371
vertex 0.870538 14.555258 13.119371
endloop
endfacet
facet normal 0 0 0
outer loop
vertex 0.870538 14.534504 13.099372
vertex 0.870538 14.555258 13.119371
vertex 0.891013 14.555258 13.099372
endloop
endfacet
facet normal 0 0 0
outer loop
vertex 0.931965 14.534504 13.099372
vertex 0.931965 14.555258 13.119371
vertex 0.911489 14.534504 13.119371
endloop
endfacet
facet normal 0 0 0
outer loop
vertex 0.952441 14.534504 13.099372
vertex 0.931965 14.555258 13.119371
vertex 0.931965 14.534504 13.099372
endloop
endfacet
facet normal 0 0 0
outer loop
vertex 0.952441 14.555258 13.119371
vertex 0.931965 14.555258 13.119371
vertex 0.952441 14.534504 13.099372
endloop
endfacet
facet normal 0 0 0
outer loop
vertex 0.972917 14.534504 13.099372
vertex 0.952441 14.555258 13.099372
vertex 0.952441 14.555258 13.119371
endloop
endfacet
facet normal 0 0 0
outer loop
vertex 0.972917 14.534504 13.099372
vertex 0.952441 14.555258 13.119371
vertex 0.952441 14.534504 13.099372
endloop
endfacet
facet normal 0 0 0
outer loop
vertex 0.870538 14.555258 13.119371
vertex 0.850062 14.555258 13.119371
vertex 0.870538 14.576012 13.119371
endloop
endfacet
facet normal 0 0 0
outer loop
vertex 0.870538 14.576012 13.119371
vertex 0.850062 14.555258 13.119371
vertex 0.850062 14.576012 13.119371
endloop
endfacet
facet normal 0 0 0
outer loop
vertex 0.891013 14.555258 13.099372
vertex 0.870538 14.576012 13.119371
vertex 0.891013 14.576012 13.099372
endloop
endfacet
facet normal 0 0 0
outer loop
vertex 0.870538 14.555258 13.119371
vertex 0.870538 14.576012 13.119371
vertex 0.891013 14.555258 13.099372
endloop
endfacet
facet normal 0 0 0
outer loop
vertex 0.972917 14.576012 13.099372
vertex 0.952441 14.576012 13.119371
vertex 0.952441 14.555258 13.099372
endloop
endfacet
facet normal 0 0 0
outer loop
vertex 0.952441 14.576012 13.119371
vertex 0.952441 14.555258 13.119371
vertex 0.952441 14.555258 13.099372
endloop
endfacet
facet normal 0 0 0
outer loop
vertex 0.870538 14.596764 13.099372
vertex 0.850062 14.576012 13.119371
vertex 0.870538 14.596764 13.119371
endloop
endfacet
facet normal 0 0 0
outer loop
vertex 0.870538 14.596764 13.099372
vertex 0.870538 14.576012 13.119371
vertex 0.850062 14.576012 13.119371
endloop
endfacet
facet normal 0 0 0
outer loop
vertex 0.870538 14.596764 13.099372
vertex 0.891013 14.596764 13.119371
vertex 0.870538 14.576012 13.119371
endloop
endfacet
facet normal 0 0 0
outer loop
vertex 0.891013 14.576012 13.099372
vertex 0.870538 14.576012 13.119371
vertex 0.891013 14.596764 13.119371
endloop
endfacet
facet normal 0 0 0
outer loop
vertex 0.891013 14.576012 13.099372
vertex 0.891013 14.596764 13.119371
vertex 0.911489 14.596764 13.099372
endloop
endfacet
facet normal 0 0 0
outer loop
vertex 0.972917 14.596764 13.099372
vertex 0.952441 14.576012 13.119371
vertex 0.972917 14.576012 13.099372
endloop
endfacet
facet normal 0 0 0
outer loop
vertex 0.952441 14.596764 13.119371
vertex 0.952441 14.576012 13.119371
vertex 0.972917 14.596764 13.099372
endloop
endfacet
facet normal 0 0 0
outer loop
vertex 0.972917 14.576012 13.099372
vertex 0.993392 14.596764 13.099372
vertex 0.972917 14.596764 13.099372
endloop
endfacet
facet normal 0 0 0
outer loop
vertex 0.870538 14.596764 13.099372
vertex 0.870538 14.596764 13.119371
vertex 0.891013 14.617517 13.119371
endloop
endfacet
facet normal 0 0 0
outer loop
vertex 0.870538 14.596764 13.099372
vertex 0.891013 14.617517 13.119371
vertex 0.891013 14.596764 13.119371
endloop
endfacet
facet normal 0 0 0
outer loop
vertex 0.911489 14.596764 13.099372
vertex 0.891013 14.617517 13.119371
vertex 0.911489 14.617517 13.099372
endloop
endfacet
facet normal 0 0 0
outer loop
vertex 0.891013 14.596764 13.119371
vertex 0.891013 14.617517 13.119371
vertex 0.911489 14.596764 13.099372
endloop
endfacet
facet normal 0 0 0
outer loop
vertex 0.972917 14.596764 13.099372
vertex 0.972917 14.617517 13.119371
vertex 0.952441 14.596764 13.119371
endloop
endfacet
facet normal 0 0 0
outer loop
vertex 0.993392 14.596764 13.099372
vertex 0.972917 14.617517 13.099372
vertex 0.972917 14.617517 13.119371
endloop
endfacet
facet normal 0 0 0
outer loop
vertex 0.993392 14.596764 13.099372
vertex 0.972917 14.617517 13.119371
vertex 0.972917 14.596764 13.099372
endloop
endfacet
facet normal 0 0 0
outer loop
vertex 0.891013 14.638271 13.099372
vertex 0.891013 14.617517 13.119371
vertex 0.891013 14.638271 13.119371
endloop
endfacet
facet normal 0 0 0
outer loop
vertex 0.911489 14.617517 13.099372
vertex 0.891013 14.617517 13.119371
vertex 0.891013 14.638271 13.099372
endloop
endfacet
facet normal 0 0 0
outer loop
vertex 0.972917 14.617517 13.099372
vertex 0.972917 14.638271 13.099372
vertex 0.972917 14.617517 13.119371
endloop
endfacet
facet normal 0 0 0
outer loop
vertex 0.972917 14.617517 13.119371
vertex 0.972917 14.638271 13.099372
vertex 0.972917 14.638271 13.119371
endloop
endfacet
facet normal 0 0 0
outer loop
vertex 0.891013 14.659023 13.119371
vertex 0.891013 14.638271 13.099372
vertex 0.891013 14.638271 13.119371
endloop
endfacet
facet normal 0 0 0
outer loop
vertex 0.891013 14.638271 13.099372
vertex 0.911489 14.659023 13.119371
vertex 0.911489 14.638271 13.099372
endloop
endfacet
facet normal 0 0 0
outer loop
vertex 0.891013 14.659023 13.119371
vertex 0.911489 14.659023 13.119371
vertex 0.891013 14.638271 13.099372
endloop
endfacet
facet normal 0 0 0
outer loop
vertex 0.911489 14.659023 13.119371
vertex 0.931965 14.638271 13.119371
vertex 0.911489 14.638271 13.099372
endloop
endfacet
facet normal 0 0 0
outer loop
vertex 0.931965 14.638271 13.119371
vertex 0.931965 14.638271 13.099372
vertex 0.911489 14.638271 13.099372
endloop
endfacet
facet normal 0 0 0
outer loop
vertex 0.952441 14.638271 13.099372
vertex 0.931965 14.638271 13.099372
vertex 0.952441 14.638271 13.119371
endloop
endfacet
facet normal 0 0 0
outer loop
vertex 0.931965 14.638271 13.099372
vertex 0.931965 14.638271 13.119371
vertex 0.952441 14.638271 13.119371
endloop
endfacet
facet normal 0 0 0
outer loop
vertex 0.972917 14.638271 13.099372
vertex 0.952441 14.638271 13.099372
vertex 0.972917 14.638271 13.119371
endloop
endfacet
facet normal 0 0 0
outer loop
vertex 0.952441 14.638271 13.099372
vertex 0.952441 14.638271 13.119371
vertex 0.972917 14.638271 13.119371
endloop
endfacet
facet normal 0 0 0
outer loop
vertex 0.829586 14.513750 13.139372
vertex 0.850062 14.513750 13.119371
vertex 0.850062 14.513750 13.139372
endloop
endfacet
facet normal 0 0 0
outer loop
vertex 0.870538 14.492998 13.139372
vertex 0.850062 14.513750 13.139372
vertex 0.870538 14.513750 13.119371
endloop
endfacet
facet normal 0 0 0
outer loop
vertex 0.850062 14.513750 13.139372
vertex 0.850062 14.513750 13.119371
vertex 0.870538 14.513750 13.119371
endloop
endfacet
facet normal 0 0 0
outer loop
vertex 0.891013 14.513750 13.119371
vertex 0.870538 14.492998 13.139372
vertex 0.870538 14.513750 13.119371
endloop
endfacet
facet normal 0 0 0
outer loop
vertex 0.891013 14.492998 13.139372
vertex 0.870538 14.492998 13.139372
vertex 0.891013 14.513750 13.119371
endloop
endfacet
facet normal 0 0 0
outer loop
vertex 0.891013 14.513750 13.119371
vertex 0.911489 14.513750 13.139372
vertex 0.891013 14.492998 13.139372
endloop
endfacet
facet normal 0 0 0
outer loop
vertex 0.829586 14.513750 13.139372
vertex 0.850062 14.534504 13.139372
vertex 0.850062 14.513750 13.119371
endloop
endfacet
facet normal 0 0 0
outer loop
vertex 0.850062 14.534504 13.139372
vertex 0.850062 14.534504 13.119371
vertex 0.850062 14.513750 13.119371
endloop
endfacet
facet normal 0 0 0
outer loop
vertex 0.891013 14.513750 13.119371
vertex 0.911489 14.534504 13.119371
vertex 0.911489 14.513750 13.139372
endloop
endfacet
facet normal 0 0 0
outer loop
vertex 0.911489 14.513750 13.139372
vertex 0.911489 14.534504 13.119371
vertex 0.911489 14.534504 13.139372
endloop
endfacet
facet normal 0 0 0
outer loop
vertex 0.850062 14.534504 13.119371
vertex 0.850062 14.534504 13.139372
vertex 0.850062 14.555258 13.119371
endloop
endfacet
facet normal 0 0 0
outer loop
vertex 0.850062 14.534504 13.139372
vertex 0.850062 14.555258 13.139372
vertex 0.850062 14.555258 13.119371
endloop
endfacet
facet normal 0 0 0
outer loop
vertex 0.911489 14.534504 13.119371
vertex 0.931965 14.555258 13.139372
vertex 0.911489 14.534504 13.139372
endloop
endfacet
facet normal 0 0 0
outer loop
vertex 0.931965 14.555258 13.119371
vertex 0.931965 14.555258 13.139372
vertex 0.911489 14.534504 13.119371
endloop
endfacet
facet normal 0 0 0
outer loop
vertex 0.952441 14.555258 13.119371
vertex 0.952441 14.555258 13.139372
vertex 0.931965 14.555258 13.119371
endloop
endfacet
facet normal 0 0 0
outer loop
vertex 0.931965 14.555258 13.119371
vertex 0.952441 14.555258 13.139372
vertex 0.931965 14.555258 13.139372
endloop
endfacet
facet normal 0 0 0
outer loop
vertex 0.850062 14.555258 13.139372
vertex 0.850062 14.576012 13.119371
vertex 0.850062 14.555258 13.119371
endloop
endfacet
facet normal 0 0 0
outer loop
vertex 0.850062 14.555258 13.139372
vertex 0.870538 14.576012 13.139372
vertex 0.850062 14.576012 13.119371
endloop
endfacet
facet normal 0 0 0
outer loop
vertex 0.952441 14.555258 13.119371
vertex 0.952441 14.576012 13.119371
vertex 0.952441 14.555258 13.139372
endloop
endfacet
facet normal 0 0 0
outer loop
vertex 0.952441 14.555258 13.139372
vertex 0.952441 14.576012 13.119371
vertex 0.952441 14.576012 13.139372
endloop
endfacet
facet normal 0 0 0
outer loop
vertex 0.850062 14.576012 13.119371
vertex 0.870538 14.576012 13.139372
vertex 0.870538 14.596764 13.119371
endloop
endfacet
facet normal 0 0 0
outer loop
vertex 0.870538 14.576012 13.139372
vertex 0.891013 14.596764 13.139372
vertex 0.870538 14.596764 13.119371
endloop
endfacet
facet normal 0 0 0
outer loop
vertex 0.952441 14.576012 13.119371
vertex 0.952441 14.596764 13.119371
vertex 0.952441 14.576012 13.139372
endloop
endfacet
facet normal 0 0 0
outer loop
vertex 0.952441 14.576012 13.139372
vertex 0.952441 14.596764 13.119371
vertex 0.952441 14.596764 13.139372
endloop
endfacet
facet normal 0 0 0
outer loop
vertex 0.870538 14.596764 13.119371
vertex 0.891013 14.596764 13.139372
vertex 0.891013 14.617517 13.119371
endloop
endfacet
facet normal 0 0 0
outer loop
vertex 0.891013 14.596764 13.139372
vertex 0.911489 14.617517 13.139372
vertex 0.891013 14.617517 13.119371
endloop
endfacet
facet normal 0 0 0
outer loop
vertex 0.972917 14.617517 13.119371
vertex 0.952441 14.617517 13.139372
vertex 0.952441 14.596764 13.119371
endloop
endfacet
facet normal 0 0 0
outer loop
vertex 0.952441 14.617517 13.139372
vertex 0.952441 14.596764 13.139372
vertex 0.952441 14.596764 13.119371
endloop
endfacet
facet normal 0 0 0
outer loop
vertex 0.911489 14.638271 13.139372
vertex 0.891013 14.617517 13.119371
vertex 0.911489 14.617517 13.139372
endloop
endfacet
facet normal 0 0 0
outer loop
vertex 0.891013 14.638271 13.119371
vertex 0.891013 14.617517 13.119371
vertex 0.911489 14.638271 13.139372
endloop
endfacet
facet normal 0 0 0
outer loop
vertex 0.972917 14.638271 13.119371
vertex 0.952441 14.617517 13.139372
vertex 0.972917 14.617517 13.119371
endloop
endfacet
facet normal 0 0 0
outer loop
vertex 0.952441 14.638271 13.139372
vertex 0.952441 14.617517 13.139372
vertex 0.972917 14.638271 13.119371
endloop
endfacet
facet normal 0 0 0
outer loop
vertex 0.911489 14.638271 13.139372
vertex 0.911489 14.659023 13.119371
vertex 0.891013 14.638271 13.119371
endloop
endfacet
facet normal 0 0 0
outer loop
vertex 0.911489 14.659023 13.119371
vertex 0.891013 14.659023 13.119371
vertex 0.891013 14.638271 13.119371
endloop
endfacet
facet normal 0 0 0
outer loop
vertex 0.911489 14.659023 13.119371
vertex 0.911489 14.638271 13.139372
vertex 0.931965 14.638271 13.119371
endloop
endfacet
facet normal 0 0 0
outer loop
vertex 0.911489 14.638271 13.139372
vertex 0.931965 14.638271 13.139372
vertex 0.931965 14.638271 13.119371
endloop
endfacet
facet normal 0 0 0
outer loop
vertex 0.952441 14.638271 13.119371
vertex 0.931965 14.638271 13.119371
vertex 0.952441 14.638271 13.139372
endloop
endfacet
facet normal 0 0 0
outer loop
vertex 0.931965 14.638271 13.119371
vertex 0.931965 14.638271 13.139372
vertex 0.952441 14.638271 13.139372
endloop
endfacet
facet normal 0 0 0
outer loop
vertex 0.952441 14.638271 13.139372
vertex 0.972917 14.638271 13.119371
vertex 0.952441 14.638271 13.119371
endloop
endfacet
facet normal 0 0 0
outer loop
vertex 0.891013 14.492998 13.139372
vertex 0.891013 14.492998 13.159371
vertex 0.870538 14.492998 13.139372
endloop
endfacet
facet normal 0 0 0
outer loop
vertex 0.870538 14.492998 13.139372
vertex 0.891013 14.492998 13.159371
vertex 0.870538 14.492998 13.159371
endloop
endfacet
facet normal 0 0 0
outer loop
vertex 0.850062 14.513750 13.159371
vertex 0.829586 14.513750 13.139372
vertex 0.850062 14.513750 13.139372
endloop
endfacet
facet normal 0 0 0
outer loop
vertex 0.870538 14.492998 13.159371
vertex 0.850062 14.513750 13.139372
vertex 0.870538 14.492998 13.139372
endloop
endfacet
facet normal 0 0 0
outer loop
vertex 0.850062 14.513750 13.159371
vertex 0.850062 14.513750 13.139372
vertex 0.870538 14.492998 13.159371
endloop
endfacet
facet normal 0 0 0
outer loop
vertex 0.891013 14.492998 13.139372
vertex 0.911489 14.513750 13.159371
vertex 0.891013 14.492998 13.159371
endloop
endfacet
facet normal 0 0 0
outer loop
vertex 0.911489 14.513750 13.139372
vertex 0.911489 14.513750 13.159371
vertex 0.891013 14.492998 13.139372
endloop
endfacet
facet normal 0 0 0
outer loop
vertex 0.829586 14.534504 13.159371
vertex 0.850062 14.534504 13.139372
vertex 0.850062 14.513750 13.159371
endloop
endfacet
facet normal 0 0 0
outer loop
vertex 0.829586 14.513750 13.139372
vertex 0.850062 14.513750 13.159371
vertex 0.850062 14.534504 13.139372
endloop
endfacet
facet normal 0 0 0
outer loop
vertex 0.931965 14.534504 13.159371
vertex 0.911489 14.513750 13.159371
vertex 0.911489 14.534504 13.139372
endloop
endfacet
facet normal 0 0 0
outer loop
vertex 0.911489 14.513750 13.159371
vertex 0.911489 14.513750 13.139372
vertex 0.911489 14.534504 13.139372
endloop
endfacet
facet normal 0 0 0
outer loop
vertex 0.829586 14.534504 13.159371
vertex 0.850062 14.555258 13.159371
vertex 0.850062 14.534504 13.139372
endloop
endfacet
facet normal 0 0 0
outer loop
vertex 0.850062 14.555258 13.159371
vertex 0.850062 14.555258 13.139372
vertex 0.850062 14.534504 13.139372
endloop
endfacet
facet normal 0 0 0
outer loop
vertex 0.911489 14.534504 13.139372
vertex 0.931965 14.555258 13.139372
vertex 0.931965 14.534504 13.159371
endloop
endfacet
facet normal 0 0 0
outer loop
vertex 0.931965 14.534504 13.159371
vertex 0.931965 14.555258 13.139372
vertex 0.952441 14.555258 13.139372
endloop
endfacet
facet normal 0 0 0
outer loop
vertex 0.931965 14.534504 13.159371
vertex 0.952441 14.555258 13.139372
vertex 0.931965 14.555258 13.159371
endloop
endfacet
facet normal 0 0 0
outer loop
vertex 0.850062 14.555258 13.139372
vertex 0.829586 14.576012 13.159371
vertex 0.850062 14.576012 13.159371
endloop
endfacet
facet normal 0 0 0
outer loop
vertex 0.850062 14.555258 13.139372
vertex 0.850062 14.555258 13.159371
vertex 0.829586 14.576012 13.159371
endloop
endfacet
facet normal 0 0 0
outer loop
vertex 0.850062 14.555258 13.139372
vertex 0.850062 14.576012 13.159371
vertex 0.870538 14.576012 13.139372
endloop
endfacet
facet normal 0 0 0
outer loop
vertex 0.952441 14.555258 13.139372
vertex 0.952441 14.576012 13.159371
vertex 0.931965 14.555258 13.159371
endloop
endfacet
facet normal 0 0 0
outer loop
vertex 0.952441 14.576012 13.159371
vertex 0.952441 14.555258 13.139372
vertex 0.952441 14.576012 13.139372
endloop
endfacet
facet normal 0 0 0
outer loop
vertex 0.870538 14.576012 13.139372
vertex 0.850062 14.576012 13.159371
vertex 0.870538 14.576012 13.159371
endloop
endfacet
facet normal 0 0 0
outer loop
vertex 0.870538 14.576012 13.159371
vertex 0.891013 14.596764 13.139372
vertex 0.870538 14.576012 13.139372
endloop
endfacet
facet normal 0 0 0
outer loop
vertex 0.891013 14.596764 13.159371
vertex 0.891013 14.596764 13.139372
vertex 0.870538 14.576012 13.159371
endloop
endfacet
facet normal 0 0 0
outer loop
vertex 0.952441 14.576012 13.139372
vertex 0.952441 14.596764 13.139372
vertex 0.952441 14.576012 13.159371
endloop
endfacet
facet normal 0 0 0
outer loop
vertex 0.952441 14.576012 13.159371
vertex 0.952441 14.596764 13.139372
vertex 0.952441 14.596764 13.159371
endloop
endfacet
facet normal 0 0 0
outer loop
vertex 0.891013 14.617517 13.159371
vertex 0.891013 14.596764 13.139372
vertex 0.891013 14.596764 13.159371
endloop
endfacet
facet normal 0 0 0
outer loop
vertex 0.891013 14.596764 13.139372
vertex 0.891013 14.617517 13.159371
vertex 0.911489 14.617517 13.139372
endloop
endfacet
facet normal 0 0 0
outer loop
vertex 0.952441 14.596764 13.139372
vertex 0.952441 14.617517 13.139372
vertex 0.952441 14.596764 13.159371
endloop
endfacet
facet normal 0 0 0
outer loop
vertex 0.952441 14.596764 13.159371
vertex 0.952441 14.617517 13.139372
vertex 0.952441 14.617517 13.159371
endloop
endfacet
facet normal 0 0 0
outer loop
vertex 0.911489 14.617517 13.139372
vertex 0.891013 14.638271 13.159371
vertex 0.911489 14.638271 13.139372
endloop
endfacet
facet normal 0 0 0
outer loop
vertex 0.891013 14.617517 13.159371
vertex 0.891013 14.638271 13.159371
vertex 0.911489 14.617517 13.139372
endloop
endfacet
facet normal 0 0 0
outer loop
vertex 0.952441 14.617517 13.139372
vertex 0.952441 14.638271 13.139372
vertex 0.952441 14.617517 13.159371
endloop
endfacet
facet normal 0 0 0
outer loop
vertex 0.952441 14.617517 13.159371
vertex 0.952441 14.638271 13.139372
vertex 0.952441 14.638271 13.159371
endloop
endfacet
facet normal 0 0 0
outer loop
vertex 0.911489 14.638271 13.139372
vertex 0.891013 14.638271 13.159371
vertex 0.911489 14.638271 13.159371
endloop
endfacet
facet normal 0 0 0
outer loop
vertex 0.931965 14.638271 13.139372
vertex 0.911489 14.638271 13.139372
vertex 0.931965 14.638271 13.159371
endloop
endfacet
facet normal 0 0 0
outer loop
vertex 0.911489 14.638271 13.139372
vertex 0.911489 14.638271 13.159371
vertex 0.931965 14.638271 13.159371
endloop
endfacet
facet normal 0 0 0
outer loop
vertex 0.952441 14.638271 13.139372
vertex 0.931965 14.638271 13.139372
vertex 0.952441 14.638271 13.159371
endloop
endfacet
facet normal 0 0 0
outer loop
vertex 0.931965 14.638271 13.139372
vertex 0.931965 14.638271 13.159371
vertex 0.952441 14.638271 13.159371
endloop
endfacet
facet normal 0 0 0
outer loop
vertex 0.809110 14.492998 13.179372
vertex 0.788634 14.492998 13.179372
vertex 0.809110 14.513750 13.179372
endloop
endfacet
facet normal 0 0 0
outer loop
vertex 0.809110 14.513750 13.179372
vertex 0.788634 14.492998 13.179372
vertex 0.788634 14.513750 13.179372
endloop
endfacet
facet normal 0 0 0
outer loop
vertex 0.829586 14.513750 13.179372
vertex 0.809110 14.492998 13.179372
vertex 0.809110 14.513750 13.179372
endloop
endfacet
facet normal 0 0 0
outer loop
vertex 0.850062 14.513750 13.159371
vertex 0.870538 14.492998 13.159371
vertex 0.870538 14.513750 13.159371
endloop
endfacet
facet normal 0 0 0
outer loop
vertex 0.891013 14.492998 13.159371
vertex 0.891013 14.513750 13.159371
vertex 0.870538 14.492998 13.159371
endloop
endfacet
facet normal 0 0 0
outer loop
vertex 0.891013 14.513750 13.159371
vertex 0.870538 14.513750 13.159371
vertex 0.870538 14.492998 13.159371
endloop
endfacet
facet normal 0 0 0
outer loop
vertex 0.891013 14.492998 13.159371
vertex 0.911489 14.513750 13.159371
vertex 0.891013 14.513750 13.159371
endloop
endfacet
facet normal 0 0 0
outer loop
vertex 0.788634 14.513750 13.179372
vertex 0.768158 14.534504 13.179372
vertex 0.788634 14.534504 13.179372
endloop
endfacet
facet normal 0 0 0
outer loop
vertex 0.809110 14.513750 13.179372
vertex 0.788634 14.513750 13.179372
vertex 0.809110 14.534504 13.179372
endloop
endfacet
facet normal 0 0 0
outer loop
vertex 0.809110 14.534504 13.179372
vertex 0.788634 14.513750 13.179372
vertex 0.788634 14.534504 13.179372
endloop
endfacet
facet normal 0 0 0
outer loop
vertex 0.829586 14.534504 13.159371
vertex 0.829586 14.513750 13.179372
vertex 0.809110 14.534504 13.179372
endloop
endfacet
facet normal 0 0 0
outer loop
vertex 0.829586 14.513750 13.179372
vertex 0.809110 14.513750 13.179372
vertex 0.809110 14.534504 13.179372
endloop
endfacet
facet normal 0 0 0
outer loop
vertex 0.829586 14.513750 13.179372
vertex 0.829586 14.534504 13.159371
vertex 0.850062 14.534504 13.179372
endloop
endfacet
facet normal 0 0 0
outer loop
vertex 0.850062 14.513750 13.159371
vertex 0.850062 14.534504 13.179372
vertex 0.829586 14.534504 13.159371
endloop
endfacet
facet normal 0 0 0
outer loop
vertex 0.870538 14.513750 13.159371
vertex 0.850062 14.534504 13.179372
vertex 0.850062 14.513750 13.159371
endloop
endfacet
facet normal 0 0 0
outer loop
vertex 0.870538 14.534504 13.179372
vertex 0.850062 14.534504 13.179372
vertex 0.870538 14.513750 13.159371
endloop
endfacet
facet normal 0 0 0
outer loop
vertex 0.870538 14.534504 13.179372
vertex 0.870538 14.513750 13.159371
vertex 0.891013 14.534504 13.159371
endloop
endfacet
facet normal 0 0 0
outer loop
vertex 0.870538 14.513750 13.159371
vertex 0.891013 14.513750 13.159371
vertex 0.891013 14.534504 13.159371
endloop
endfacet
facet normal 0 0 0
outer loop
vertex 0.911489 14.513750 13.159371
vertex 0.911489 14.534504 13.159371
vertex 0.891013 14.513750 13.159371
endloop
endfacet
facet normal 0 0 0
outer loop
vertex 0.911489 14.534504 13.159371
vertex 0.891013 14.534504 13.159371
vertex 0.891013 14.513750 13.159371
endloop
endfacet
facet normal 0 0 0
outer loop
vertex 0.911489 14.513750 13.159371
vertex 0.931965 14.534504 13.159371
vertex 0.911489 14.534504 13.159371
endloop
endfacet
facet normal 0 0 0
outer loop
vertex 0.768158 14.534504 13.179372
vertex 0.788634 14.555258 13.179372
vertex 0.788634 14.534504 13.179372
endloop
endfacet
facet normal 0 0 0
outer loop
vertex 0.809110 14.534504 13.179372
vertex 0.788634 14.534504 13.179372
vertex 0.809110 14.555258 13.179372
endloop
endfacet
facet normal 0 0 0
outer loop
vertex 0.809110 14.555258 13.179372
vertex 0.788634 14.534504 13.179372
vertex 0.788634 14.555258 13.179372
endloop
endfacet
facet normal 0 0 0
outer loop
vertex 0.829586 14.534504 13.159371
vertex 0.809110 14.534504 13.179372
vertex 0.829586 14.555258 13.179372
endloop
endfacet
facet normal 0 0 0
outer loop
vertex 0.809110 14.534504 13.179372
vertex 0.809110 14.555258 13.179372
vertex 0.829586 14.555258 13.179372
endloop
endfacet
facet normal 0 0 0
outer loop
vertex 0.829586 14.534504 13.159371
vertex 0.829586 14.555258 13.179372
vertex 0.850062 14.555258 13.159371
endloop
endfacet
facet normal 0 0 0
outer loop
vertex 0.891013 14.555258 13.159371
vertex 0.870538 14.534504 13.179372
vertex 0.891013 14.534504 13.159371
endloop
endfacet
facet normal 0 0 0
outer loop
vertex 0.870538 14.555258 13.179372
vertex 0.870538 14.534504 13.179372
vertex 0.891013 14.555258 13.159371
endloop
endfacet
facet normal 0 0 0
outer loop
vertex 0.911489 14.534504 13.159371
vertex 0.911489 14.555258 13.159371
vertex 0.891013 14.534504 13.159371
endloop
endfacet
facet normal 0 0 0
outer loop
vertex 0.911489 14.555258 13.159371
vertex 0.891013 14.555258 13.159371
vertex 0.891013 14.534504 13.159371
endloop
endfacet
facet normal 0 0 0
outer loop
vertex 0.931965 14.534504 13.159371
vertex 0.931965 14.555258 13.159371
vertex 0.911489 14.534504 13.159371
endloop
endfacet
facet normal 0 0 0
outer loop
vertex 0.931965 14.555258 13.159371
vertex 0.911489 14.555258 13.159371
vertex 0.911489 14.534504 13.159371
endloop
endfacet
facet normal 0 0 0
outer loop
vertex 0.829586 14.576012 13.159371
vertex 0.809110 14.555258 13.179372
vertex 0.829586 14.576012 13.179372
endloop
endfacet
facet normal 0 0 0
outer loop
vertex 0.829586 14.576012 13.159371
vertex 0.829586 14.555258 13.179372
vertex 0.809110 14.555258 13.179372
endloop
endfacet
facet normal 0 0 0
outer loop
vertex 0.850062 14.555258 13.159371
vertex 0.829586 14.555258 13.179372
vertex 0.829586 14.576012 13.159371
endloop
endfacet
facet normal 0 0 0
outer loop
vertex 0.891013 14.555258 13.159371
vertex 0.891013 14.576012 13.179372
vertex 0.870538 14.555258 13.179372
endloop
endfacet
facet normal 0 0 0
outer loop
vertex 0.891013 14.576012 13.179372
vertex 0.891013 14.555258 13.159371
vertex 0.911489 14.576012 13.159371
endloop
endfacet
facet normal 0 0 0
outer loop
vertex 0.891013 14.555258 13.159371
vertex 0.911489 14.555258 13.159371
vertex 0.911489 14.576012 13.159371
endloop
endfacet
facet normal 0 0 0
outer loop
vertex 0.931965 14.555258 13.159371
vertex 0.931965 14.576012 13.159371
vertex 0.911489 14.555258 13.159371
endloop
endfacet
facet normal 0 0 0
outer loop
vertex 0.931965 14.576012 13.159371
vertex 0.911489 14.576012 13.159371
vertex 0.911489 14.555258 13.159371
endloop
endfacet
facet normal 0 0 0
outer loop
vertex 0.931965 14.555258 13.159371
vertex 0.952441 14.576012 13.159371
vertex 0.931965 14.576012 13.159371
endloop
endfacet
facet normal 0 0 0
outer loop
vertex 0.829586 14.596764 13.179372
vertex 0.829586 14.576012 13.159371
vertex 0.829586 14.576012 13.179372
endloop
endfacet
facet normal 0 0 0
outer loop
vertex 0.829586 14.576012 13.159371
vertex 0.850062 14.596764 13.179372
vertex 0.850062 14.576012 13.159371
endloop
endfacet
facet normal 0 0 0
outer loop
vertex 0.829586 14.596764 13.179372
vertex 0.850062 14.596764 13.179372
vertex 0.829586 14.576012 13.159371
endloop
endfacet
facet normal 0 0 0
outer loop
vertex 0.850062 14.576012 13.159371
vertex 0.870538 14.596764 13.179372
vertex 0.870538 14.576012 13.159371
endloop
endfacet
facet normal 0 0 0
outer loop
vertex 0.850062 14.596764 13.179372
vertex 0.870538 14.596764 13.179372
vertex 0.850062 14.576012 13.159371
endloop
endfacet
facet normal 0 0 0
outer loop
vertex 0.870538 14.576012 13.159371
vertex 0.870538 14.596764 13.179372
vertex 0.891013 14.596764 13.159371
endloop
endfacet
facet normal 0 0 0
outer loop
vertex 0.911489 14.576012 13.159371
vertex 0.911489 14.596764 13.179372
vertex 0.891013 14.576012 13.179372
endloop
endfacet
facet normal 0 0 0
outer loop
vertex 0.911489 14.596764 13.179372
vertex 0.911489 14.576012 13.159371
vertex 0.931965 14.596764 13.159371
endloop
endfacet
facet normal 0 0 0
outer loop
vertex 0.911489 14.576012 13.159371
vertex 0.931965 14.576012 13.159371
vertex 0.931965 14.596764 13.159371
endloop
endfacet
facet normal 0 0 0
outer loop
vertex 0.952441 14.576012 13.159371
vertex 0.952441 14.596764 13.159371
vertex 0.931965 14.576012 13.159371
endloop
endfacet
facet normal 0 0 0
outer loop
vertex 0.952441 14.596764 13.159371
vertex 0.931965 14.596764 13.159371
vertex 0.931965 14.576012 13.159371
endloop
endfacet
facet normal 0 0 0
outer loop
vertex 0.829586 14.596764 13.179372
vertex 0.850062 14.617517 13.179372
vertex 0.850062 14.596764 13.179372
endloop
endfacet
facet normal 0 0 0
outer loop
vertex 0.870538 14.596764 13.179372
vertex 0.850062 14.596764 13.179372
vertex 0.870538 14.617517 13.179372
endloop
endfacet
facet normal 0 0 0
outer loop
vertex 0.870538 14.617517 13.179372
vertex 0.850062 14.596764 13.179372
vertex 0.850062 14.617517 13.179372
endloop
endfacet
facet normal 0 0 0
outer loop
vertex 0.891013 14.596764 13.159371
vertex 0.870538 14.617517 13.179372
vertex 0.891013 14.617517 13.159371
endloop
endfacet
facet normal 0 0 0
outer loop
vertex 0.870538 14.596764 13.179372
vertex 0.870538 14.617517 13.179372
vertex 0.891013 14.596764 13.159371
endloop
endfacet
facet normal 0 0 0
outer loop
vertex 0.931965 14.617517 13.159371
vertex 0.911489 14.596764 13.179372
vertex 0.931965 14.596764 13.159371
endloop
endfacet
facet normal 0 0 0
outer loop
vertex 0.911489 14.617517 13.179372
vertex 0.911489 14.596764 13.179372
vertex 0.931965 14.617517 13.159371
endloop
endfacet
facet normal 0 0 0
outer loop
vertex 0.952441 14.596764 13.159371
vertex 0.952441 14.617517 13.159371
vertex 0.931965 14.596764 13.159371
endloop
endfacet
facet normal 0 0 0
outer loop
vertex 0.952441 14.617517 13.159371
vertex 0.931965 14.617517 13.159371
vertex 0.931965 14.596764 13.159371
endloop
endfacet
facet normal 0 0 0
outer loop
vertex 0.850062 14.617517 13.179372
vertex 0.870538 14.638271 13.179372
vertex 0.870538 14.617517 13.179372
endloop
endfacet
facet normal 0 0 0
outer loop
vertex 0.891013 14.617517 13.159371
vertex 0.870538 14.638271 13.179372
vertex 0.891013 14.638271 13.159371
endloop
endfacet
facet normal 0 0 0
outer loop
vertex 0.870538 14.617517 13.179372
vertex 0.870538 14.638271 13.179372
vertex 0.891013 14.617517 13.159371
endloop
endfacet
facet normal 0 0 0
outer loop
vertex 0.931965 14.638271 13.159371
vertex 0.911489 14.617517 13.179372
vertex 0.931965 14.617517 13.159371
endloop
endfacet
facet normal 0 0 0
outer loop
vertex 0.911489 14.638271 13.179372
vertex 0.911489 14.617517 13.179372
vertex 0.931965 14.638271 13.159371
endloop
endfacet
facet normal 0 0 0
outer loop
vertex 0.952441 14.617517 13.159371
vertex 0.952441 14.638271 13.159371
vertex 0.931965 14.617517 13.159371
endloop
endfacet
facet normal 0 0 0
outer loop
vertex 0.952441 14.638271 13.159371
vertex 0.931965 14.638271 13.159371
vertex 0.931965 14.617517 13.159371
endloop
endfacet
facet normal 0 0 0
outer loop
vertex 0.891013 14.638271 13.159371
vertex 0.870538 14.638271 13.179372
vertex 0.891013 14.638271 13.179372
endloop
endfacet
facet normal 0 0 0
outer loop
vertex 0.911489 14.638271 13.159371
vertex 0.891013 14.638271 13.159371
vertex 0.911489 14.638271 13.179372
endloop
endfacet
facet normal 0 0 0
outer loop
vertex 0.891013 14.638271 13.159371
vertex 0.891013 14.638271 13.179372
vertex 0.911489 14.638271 13.179372
endloop
endfacet
facet normal 0 0 0
outer loop
vertex 0.911489 14.638271 13.179372
vertex 0.931965 14.638271 13.159371
vertex 0.911489 14.638271 13.159371
endloop
endfacet
facet normal 0 0 0
outer loop
vertex 0.788634 14.492998 13.179372
vertex 0.788634 14.513750 13.199371
vertex 0.788634 14.513750 13.179372
endloop
endfacet
facet normal 0 0 0
outer loop
vertex 0.809110 14.492998 13.179372
vertex 0.788634 14.513750 13.199371
vertex 0.788634 14.492998 13.179372
endloop
endfacet
facet normal 0 0 0
outer loop
vertex 0.809110 14.513750 13.199371
vertex 0.788634 14.513750 13.199371
vertex 0.809110 14.492998 13.179372
endloop
endfacet
facet normal 0 0 0
outer loop
vertex 0.809110 14.492998 13.179372
vertex 0.829586 14.513750 13.179372
vertex 0.809110 14.513750 13.199371
endloop
endfacet
facet normal 0 0 0
outer loop
vertex 0.829586 14.513750 13.179372
vertex 0.829586 14.513750 13.199371
vertex 0.809110 14.513750 13.199371
endloop
endfacet
facet normal 0 0 0
outer loop
vertex 0.768158 14.534504 13.179372
vertex 0.788634 14.513750 13.179372
vertex 0.788634 14.534504 13.199371
endloop
endfacet
facet normal 0 0 0
outer loop
vertex 0.788634 14.513750 13.179372
vertex 0.788634 14.513750 13.199371
vertex 0.788634 14.534504 13.199371
endloop
endfacet
facet normal 0 0 0
outer loop
vertex 0.829586 14.513750 13.179372
vertex 0.850062 14.534504 13.199371
vertex 0.829586 14.513750 13.199371
endloop
endfacet
facet normal 0 0 0
outer loop
vertex 0.850062 14.534504 13.179372
vertex 0.850062 14.534504 13.199371
vertex 0.829586 14.513750 13.179372
endloop
endfacet
facet normal 0 0 0
outer loop
vertex 0.870538 14.534504 13.179372
vertex 0.850062 14.534504 13.199371
vertex 0.850062 14.534504 13.179372
endloop
endfacet
facet normal 0 0 0
outer loop
vertex 0.768158 14.555258 13.199371
vertex 0.788634 14.555258 13.179372
vertex 0.788634 14.534504 13.199371
endloop
endfacet
facet normal 0 0 0
outer loop
vertex 0.768158 14.534504 13.179372
vertex 0.788634 14.534504 13.199371
vertex 0.788634 14.555258 13.179372
endloop
endfacet
facet normal 0 0 0
outer loop
vertex 0.870538 14.534504 13.179372
vertex 0.870538 14.555258 13.199371
vertex 0.850062 14.534504 13.199371
endloop
endfacet
facet normal 0 0 0
outer loop
vertex 0.870538 14.555258 13.199371
vertex 0.870538 14.534504 13.179372
vertex 0.870538 14.555258 13.179372
endloop
endfacet
facet normal 0 0 0
outer loop
vertex 0.788634 14.555258 13.179372
vertex 0.768158 14.555258 13.199371
vertex 0.788634 14.555258 13.199371
endloop
endfacet
facet normal 0 0 0
outer loop
vertex 0.809110 14.576012 13.199371
vertex 0.809110 14.555258 13.179372
vertex 0.788634 14.555258 13.199371
endloop
endfacet
facet normal 0 0 0
outer loop
vertex 0.809110 14.555258 13.179372
vertex 0.788634 14.555258 13.179372
vertex 0.788634 14.555258 13.199371
endloop
endfacet
facet normal 0 0 0
outer loop
vertex 0.809110 14.555258 13.179372
vertex 0.809110 14.576012 13.199371
vertex 0.829586 14.576012 13.179372
endloop
endfacet
facet normal 0 0 0
outer loop
vertex 0.870538 14.555258 13.179372
vertex 0.891013 14.576012 13.199371
vertex 0.870538 14.555258 13.199371
endloop
endfacet
facet normal 0 0 0
outer loop
vertex 0.891013 14.576012 13.179372
vertex 0.891013 14.576012 13.199371
vertex 0.870538 14.555258 13.179372
endloop
endfacet
facet normal 0 0 0
outer loop
vertex 0.809110 14.576012 13.199371
vertex 0.829586 14.596764 13.199371
vertex 0.829586 14.576012 13.179372
endloop
endfacet
facet normal 0 0 0
outer loop
vertex 0.829586 14.596764 13.199371
vertex 0.829586 14.596764 13.179372
vertex 0.829586 14.576012 13.179372
endloop
endfacet
facet normal 0 0 0
outer loop
vertex 0.891013 14.576012 13.179372
vertex 0.911489 14.596764 13.199371
vertex 0.891013 14.576012 13.199371
endloop
endfacet
facet normal 0 0 0
outer loop
vertex 0.911489 14.596764 13.179372
vertex 0.911489 14.596764 13.199371
vertex 0.891013 14.576012 13.179372
endloop
endfacet
facet normal 0 0 0
outer loop
vertex 0.829586 14.596764 13.199371
vertex 0.850062 14.617517 13.179372
vertex 0.829586 14.596764 13.179372
endloop
endfacet
facet normal 0 0 0
outer loop
vertex 0.850062 14.617517 13.199371
vertex 0.850062 14.617517 13.179372
vertex 0.829586 14.596764 13.199371
endloop
endfacet
facet normal 0 0 0
outer loop
vertex 0.911489 14.596764 13.179372
vertex 0.911489 14.617517 13.179372
vertex 0.911489 14.596764 13.199371
endloop
endfacet
facet normal 0 0 0
outer loop
vertex 0.911489 14.596764 13.199371
vertex 0.911489 14.617517 13.179372
vertex 0.911489 14.617517 13.199371
endloop
endfacet
facet normal 0 0 0
outer loop
vertex 0.850062 14.617517 13.199371
vertex 0.870538 14.638271 13.179372
vertex 0.850062 14.617517 13.179372
endloop
endfacet
facet normal 0 0 0
outer loop
vertex 0.870538 14.638271 13.199371
vertex 0.870538 14.638271 13.179372
vertex 0.850062 14.617517 13.199371
endloop
endfacet
facet normal 0 0 0
outer loop
vertex 0.911489 14.638271 13.179372
vertex 0.891013 14.638271 13.199371
vertex 0.911489 14.617517 13.199371
endloop
endfacet
facet normal 0 0 0
outer loop
vertex 0.911489 14.638271 13.179372
vertex 0.911489 14.617517 13.199371
vertex 0.911489 14.617517 13.179372
endloop
endfacet
facet normal 0 0 0
outer loop
vertex 0.891013 14.638271 13.179372
vertex 0.870538 14.638271 13.179372
vertex 0.891013 14.638271 13.199371
endloop
endfacet
facet normal 0 0 0
outer loop
vertex 0.870538 14.638271 13.179372
vertex 0.870538 14.638271 13.199371
vertex 0.891013 14.638271 13.199371
endloop
endfacet
facet normal 0 0 0
outer loop
vertex 0.891013 14.638271 13.199371
vertex 0.911489 14.638271 13.179372
vertex 0.891013 14.638271 13.179372
endloop
endfacet
facet normal 0 0 0
outer loop
vertex 0.788634 14.513750 13.199371
vertex 0.788634 14.492998 13.219372
vertex 0.768158 14.513750 13.219372
endloop
endfacet
facet normal 0 0 0
outer loop
vertex 0.788634 14.492998 13.219372
vertex 0.768158 14.492998 13.219372
vertex 0.768158 14.513750 13.219372
endloop
endfacet
facet normal 0 0 0
outer loop
vertex 0.809110 14.513750 13.199371
vertex 0.788634 14.492998 13.219372
vertex 0.788634 14.513750 13.199371
endloop
endfacet
facet normal 0 0 0
outer loop
vertex 0.809110 14.492998 13.219372
vertex 0.788634 14.492998 13.219372
vertex 0.809110 14.513750 13.199371
endloop
endfacet
facet normal 0 0 0
outer loop
vertex 0.809110 14.492998 13.219372
vertex 0.809110 14.513750 13.199371
vertex 0.829586 14.513750 13.199371
endloop
endfacet
facet normal 0 0 0
outer loop
vertex 0.809110 14.492998 13.219372
vertex 0.829586 14.513750 13.199371
vertex 0.809110 14.513750 13.219372
endloop
endfacet
facet normal 0 0 0
outer loop
vertex 0.788634 14.513750 13.199371
vertex 0.768158 14.534504 13.219372
vertex 0.788634 14.534504 13.199371
endloop
endfacet
facet normal 0 0 0
outer loop
vertex 0.768158 14.513750 13.219372
vertex 0.768158 14.534504 13.219372
vertex 0.788634 14.513750 13.199371
endloop
endfacet
facet normal 0 0 0
outer loop
vertex 0.829586 14.513750 13.199371
vertex 0.829586 14.534504 13.219372
vertex 0.809110 14.513750 13.219372
endloop
endfacet
facet normal 0 0 0
outer loop
vertex 0.829586 14.513750 13.199371
vertex 0.850062 14.534504 13.199371
vertex 0.829586 14.534504 13.219372
endloop
endfacet
facet normal 0 0 0
outer loop
vertex 0.850062 14.534504 13.199371
vertex 0.850062 14.534504 13.219372
vertex 0.829586 14.534504 13.219372
endloop
endfacet
facet normal 0 0 0
outer loop
vertex 0.850062 14.534504 13.199371
vertex 0.870538 14.534504 13.219372
vertex 0.850062 14.534504 13.219372
endloop
endfacet
facet normal 0 0 0
outer loop
vertex 0.768158 14.534504 13.219372
vertex 0.788634 14.555258 13.219372
vertex 0.788634 14.534504 13.199371
endloop
endfacet
facet normal 0 0 0
outer loop
vertex 0.768158 14.555258 13.199371
vertex 0.788634 14.534504 13.199371
vertex 0.788634 14.555258 13.219372
endloop
endfacet
facet normal 0 0 0
outer loop
vertex 0.870538 14.555258 13.199371
vertex 0.850062 14.555258 13.219372
vertex 0.850062 14.534504 13.199371
endloop
endfacet
facet normal 0 0 0
outer loop
vertex 0.870538 14.534504 13.219372
vertex 0.850062 14.534504 13.199371
vertex 0.850062 14.555258 13.219372
endloop
endfacet
facet normal 0 0 0
outer loop
vertex 0.768158 14.555258 13.199371
vertex 0.788634 14.576012 13.219372
vertex 0.788634 14.555258 13.199371
endloop
endfacet
facet normal 0 0 0
outer loop
vertex 0.768158 14.555258 13.199371
vertex 0.788634 14.555258 13.219372
vertex 0.788634 14.576012 13.219372
endloop
endfacet
facet normal 0 0 0
outer loop
vertex 0.788634 14.555258 13.199371
vertex 0.788634 14.576012 13.219372
vertex 0.809110 14.576012 13.199371
endloop
endfacet
facet normal 0 0 0
outer loop
vertex 0.870538 14.555258 13.199371
vertex 0.870538 14.576012 13.219372
vertex 0.850062 14.555258 13.219372
endloop
endfacet
facet normal 0 0 0
outer loop
vertex 0.870538 14.555258 13.199371
vertex 0.891013 14.576012 13.199371
vertex 0.870538 14.576012 13.219372
endloop
endfacet
facet normal 0 0 0
outer loop
vertex 0.891013 14.576012 13.199371
vertex 0.891013 14.576012 13.219372
vertex 0.870538 14.576012 13.219372
endloop
endfacet
facet normal 0 0 0
outer loop
vertex 0.809110 14.576012 13.199371
vertex 0.788634 14.576012 13.219372
vertex 0.809110 14.596764 13.219372
endloop
endfacet
facet normal 0 0 0
outer loop
vertex 0.809110 14.576012 13.199371
vertex 0.809110 14.596764 13.219372
vertex 0.829586 14.596764 13.199371
endloop
endfacet
facet normal 0 0 0
outer loop
vertex 0.911489 14.596764 13.199371
vertex 0.891013 14.596764 13.219372
vertex 0.891013 14.576012 13.199371
endloop
endfacet
facet normal 0 0 0
outer loop
vertex 0.891013 14.596764 13.219372
vertex 0.891013 14.576012 13.219372
vertex 0.891013 14.576012 13.199371
endloop
endfacet
facet normal 0 0 0
outer loop
vertex 0.829586 14.596764 13.199371
vertex 0.809110 14.596764 13.219372
vertex 0.829586 14.617517 13.219372
endloop
endfacet
facet normal 0 0 0
outer loop
vertex 0.829586 14.596764 13.199371
vertex 0.829586 14.617517 13.219372
vertex 0.850062 14.617517 13.199371
endloop
endfacet
facet normal 0 0 0
outer loop
vertex 0.911489 14.617517 13.199371
vertex 0.891013 14.596764 13.219372
vertex 0.911489 14.596764 13.199371
endloop
endfacet
facet normal 0 0 0
outer loop
vertex 0.891013 14.617517 13.219372
vertex 0.891013 14.596764 13.219372
vertex 0.911489 14.617517 13.199371
endloop
endfacet
facet normal 0 0 0
outer loop
vertex 0.850062 14.617517 13.199371
vertex 0.829586 14.617517 13.219372
vertex 0.850062 14.638271 13.219372
endloop
endfacet
facet normal 0 0 0
outer loop
vertex 0.850062 14.617517 13.199371
vertex 0.850062 14.638271 13.219372
vertex 0.870538 14.638271 13.199371
endloop
endfacet
facet normal 0 0 0
outer loop
vertex 0.911489 14.638271 13.219372
vertex 0.891013 14.617517 13.219372
vertex 0.891013 14.638271 13.199371
endloop
endfacet
facet normal 0 0 0
outer loop
vertex 0.911489 14.617517 13.199371
vertex 0.891013 14.638271 13.199371
vertex 0.891013 14.617517 13.219372
endloop
endfacet
facet normal 0 0 0
outer loop
vertex 0.870538 14.638271 13.199371
vertex 0.850062 14.638271 13.219372
vertex 0.870538 14.638271 13.219372
endloop
endfacet
facet normal 0 0 0
outer loop
vertex 0.891013 14.638271 13.199371
vertex 0.870538 14.638271 13.199371
vertex 0.891013 14.638271 13.219372
endloop
endfacet
facet normal 0 0 0
outer loop
vertex 0.870538 14.638271 13.199371
vertex 0.870538 14.638271 13.219372
vertex 0.891013 14.638271 13.219372
endloop
endfacet
facet normal 0 0 0
outer loop
vertex 0.911489 14.638271 13.219372
vertex 0.891013 14.638271 13.199371
vertex 0.891013 14.638271 13.219372
endloop
endfacet
facet normal 0 0 0
outer loop
vertex 0.788634 14.472244 13.239372
vertex 0.768158 14.492998 13.239372
vertex 0.788634 14.492998 13.219372
endloop
endfacet
facet normal 0 0 0
outer loop
vertex 0.768158 14.492998 13.239372
vertex 0.768158 14.492998 13.219372
vertex 0.788634 14.492998 13.219372
endloop
endfacet
facet normal 0 0 0
outer loop
vertex 0.788634 14.472244 13.239372
vertex 0.788634 14.492998 13.219372
vertex 0.809110 14.492998 13.239372
endloop
endfacet
facet normal 0 0 0
outer loop
vertex 0.788634 14.492998 13.219372
vertex 0.809110 14.492998 13.219372
vertex 0.809110 14.492998 13.239372
endloop
endfacet
facet normal 0 0 0
outer loop
vertex 0.747683 14.513750 13.239372
vertex 0.768158 14.513750 13.219372
vertex 0.768158 14.492998 13.239372
endloop
endfacet
facet normal 0 0 0
outer loop
vertex 0.768158 14.513750 13.219372
vertex 0.768158 14.492998 13.219372
vertex 0.768158 14.492998 13.239372
endloop
endfacet
facet normal 0 0 0
outer loop
vertex 0.829586 14.513750 13.239372
vertex 0.809110 14.492998 13.239372
vertex 0.809110 14.513750 13.219372
endloop
endfacet
facet normal 0 0 0
outer loop
vertex 0.809110 14.492998 13.239372
vertex 0.809110 14.492998 13.219372
vertex 0.809110 14.513750 13.219372
endloop
endfacet
facet normal 0 0 0
outer loop
vertex 0.747683 14.513750 13.239372
vertex 0.768158 14.534504 13.239372
vertex 0.768158 14.513750 13.219372
endloop
endfacet
facet normal 0 0 0
outer loop
vertex 0.768158 14.534504 13.239372
vertex 0.768158 14.534504 13.219372
vertex 0.768158 14.513750 13.219372
endloop
endfacet
facet normal 0 0 0
outer loop
vertex 0.809110 14.513750 13.219372
vertex 0.829586 14.534504 13.219372
vertex 0.829586 14.513750 13.239372
endloop
endfacet
facet normal 0 0 0
outer loop
vertex 0.829586 14.513750 13.239372
vertex 0.829586 14.534504 13.219372
vertex 0.850062 14.534504 13.239372
endloop
endfacet
facet normal 0 0 0
outer loop
vertex 0.829586 14.534504 13.219372
vertex 0.850062 14.534504 13.219372
vertex 0.850062 14.534504 13.239372
endloop
endfacet
facet normal 0 0 0
outer loop
vertex 0.870538 14.534504 13.219372
vertex 0.850062 14.534504 13.239372
vertex 0.850062 14.534504 13.219372
endloop
endfacet
facet normal 0 0 0
outer loop
vertex 0.768158 14.534504 13.239372
vertex 0.788634 14.555258 13.219372
vertex 0.768158 14.534504 13.219372
endloop
endfacet
facet normal 0 0 0
outer loop
vertex 0.788634 14.555258 13.239372
vertex 0.788634 14.555258 13.219372
vertex 0.768158 14.534504 13.239372
endloop
endfacet
facet normal 0 0 0
outer loop
vertex 0.870538 14.555258 13.239372
vertex 0.850062 14.534504 13.239372
vertex 0.850062 14.555258 13.219372
endloop
endfacet
facet normal 0 0 0
outer loop
vertex 0.870538 14.534504 13.219372
vertex 0.850062 14.555258 13.219372
vertex 0.850062 14.534504 13.239372
endloop
endfacet
facet normal 0 0 0
outer loop
vertex 0.788634 14.555258 13.219372
vertex 0.788634 14.555258 13.239372
vertex 0.788634 14.576012 13.219372
endloop
endfacet
facet normal 0 0 0
outer loop
vertex 0.788634 14.555258 13.239372
vertex 0.788634 14.576012 13.239372
vertex 0.788634 14.576012 13.219372
endloop
endfacet
facet normal 0 0 0
outer loop
vertex 0.850062 14.555258 13.219372
vertex 0.870538 14.576012 13.219372
vertex 0.870538 14.555258 13.239372
endloop
endfacet
facet normal 0 0 0
outer loop
vertex 0.870538 14.555258 13.239372
vertex 0.870538 14.576012 13.219372
vertex 0.891013 14.576012 13.239372
endloop
endfacet
facet normal 0 0 0
outer loop
vertex 0.870538 14.576012 13.219372
vertex 0.891013 14.576012 13.219372
vertex 0.891013 14.576012 13.239372
endloop
endfacet
facet normal 0 0 0
outer loop
vertex 0.809110 14.596764 13.219372
vertex 0.788634 14.576012 13.219372
vertex 0.809110 14.576012 13.239372
endloop
endfacet
facet normal 0 0 0
outer loop
vertex 0.788634 14.576012 13.219372
vertex 0.788634 14.576012 13.239372
vertex 0.809110 14.576012 13.239372
endloop
endfacet
facet normal 0 0 0
outer loop
vertex 0.809110 14.576012 13.239372
vertex 0.829586 14.596764 13.239372
vertex 0.809110 14.596764 13.219372
endloop
endfacet
facet normal 0 0 0
outer loop
vertex 0.891013 14.576012 13.219372
vertex 0.891013 14.596764 13.219372
vertex 0.891013 14.576012 13.239372
endloop
endfacet
facet normal 0 0 0
outer loop
vertex 0.891013 14.576012 13.239372
vertex 0.891013 14.596764 13.219372
vertex 0.891013 14.596764 13.239372
endloop
endfacet
facet normal 0 0 0
outer loop
vertex 0.809110 14.596764 13.219372
vertex 0.829586 14.596764 13.239372
vertex 0.829586 14.617517 13.219372
endloop
endfacet
facet normal 0 0 0
outer loop
vertex 0.829586 14.596764 13.239372
vertex 0.829586 14.617517 13.239372
vertex 0.829586 14.617517 13.219372
endloop
endfacet
facet normal 0 0 0
outer loop
vertex 0.891013 14.617517 13.219372
vertex 0.870538 14.617517 13.239372
vertex 0.891013 14.596764 13.239372
endloop
endfacet
facet normal 0 0 0
outer loop
vertex 0.891013 14.617517 13.219372
vertex 0.891013 14.596764 13.239372
vertex 0.891013 14.596764 13.219372
endloop
endfacet
facet normal 0 0 0
outer loop
vertex 0.829586 14.617517 13.239372
vertex 0.850062 14.638271 13.219372
vertex 0.829586 14.617517 13.219372
endloop
endfacet
facet normal 0 0 0
outer loop
vertex 0.850062 14.638271 13.239372
vertex 0.850062 14.638271 13.219372
vertex 0.829586 14.617517 13.239372
endloop
endfacet
facet normal 0 0 0
outer loop
vertex 0.870538 14.638271 13.219372
vertex 0.850062 14.638271 13.239372
vertex 0.870538 14.617517 13.239372
endloop
endfacet
facet normal 0 0 0
outer loop
vertex 0.891013 14.638271 13.239372
vertex 0.870538 14.638271 13.219372
vertex 0.891013 14.617517 13.219372
endloop
endfacet
facet normal 0 0 0
outer loop
vertex 0.870538 14.617517 13.239372
vertex 0.891013 14.617517 13.219372
vertex 0.870538 14.638271 13.219372
endloop
endfacet
facet normal 0 0 0
outer loop
vertex 0.891013 14.617517 13.219372
vertex 0.911489 14.638271 13.219372
vertex 0.891013 14.638271 13.239372
endloop
endfacet
facet normal 0 0 0
outer loop
vertex 0.911489 14.638271 13.219372
vertex 0.911489 14.638271 13.239372
vertex 0.891013 14.638271 13.239372
endloop
endfacet
facet normal 0 0 0
outer loop
vertex 0.850062 14.638271 13.239372
vertex 0.870538 14.638271 13.219372
vertex 0.850062 14.638271 13.219372
endloop
endfacet
facet normal 0 0 0
outer loop
vertex 0.870538 14.638271 13.219372
vertex 0.891013 14.638271 13.239372
vertex 0.891013 14.638271 13.219372
endloop
endfacet
facet normal 0 0 0
outer loop
vertex 0.911489 14.638271 13.219372
vertex 0.891013 14.638271 13.219372
vertex 0.911489 14.638271 13.239372
endloop
endfacet
facet normal 0 0 0
outer loop
vertex 0.891013 14.638271 13.219372
vertex 0.891013 14.638271 13.239372
vertex 0.911489 14.638271 13.239372
endloop
endfacet
facet normal 0 0 0
outer loop
vertex 0.747683 14.492998 13.259372
vertex 0.768158 14.492998 13.239372
vertex 0.768158 14.492998 13.259372
endloop
endfacet
facet normal 0 0 0
outer loop
vertex 0.788634 14.472244 13.239372
vertex 0.788634 14.492998 13.259372
vertex 0.768158 14.492998 13.239372
endloop
endfacet
facet normal 0 0 0
outer loop
vertex 0.788634 14.492998 13.259372
vertex 0.768158 14.492998 13.259372
vertex 0.768158 14.492998 13.239372
endloop
endfacet
facet normal 0 0 0
outer loop
vertex 0.809110 14.492998 13.239372
vertex 0.788634 14.492998 13.259372
vertex 0.788634 14.472244 13.239372
endloop
endfacet
facet normal 0 0 0
outer loop
vertex 0.747683 14.513750 13.239372
vertex 0.747683 14.492998 13.259372
vertex 0.747683 14.513750 13.259372
endloop
endfacet
facet normal 0 0 0
outer loop
vertex 0.768158 14.492998 13.239372
vertex 0.747683 14.492998 13.259372
vertex 0.747683 14.513750 13.239372
endloop
endfacet
facet normal 0 0 0
outer loop
vertex 0.809110 14.492998 13.239372
vertex 0.809110 14.513750 13.259372
vertex 0.788634 14.492998 13.259372
endloop
endfacet
facet normal 0 0 0
outer loop
vertex 0.829586 14.513750 13.239372
vertex 0.809110 14.513750 13.259372
vertex 0.809110 14.492998 13.239372
endloop
endfacet
facet normal 0 0 0
outer loop
vertex 0.747683 14.534504 13.259372
vertex 0.747683 14.513750 13.239372
vertex 0.747683 14.513750 13.259372
endloop
endfacet
facet normal 0 0 0
outer loop
vertex 0.747683 14.513750 13.239372
vertex 0.747683 14.534504 13.259372
vertex 0.768158 14.534504 13.239372
endloop
endfacet
facet normal 0 0 0
outer loop
vertex 0.829586 14.513750 13.239372
vertex 0.829586 14.534504 13.259372
vertex 0.809110 14.513750 13.259372
endloop
endfacet
facet normal 0 0 0
outer loop
vertex 0.850062 14.534504 13.239372
vertex 0.829586 14.534504 13.259372
vertex 0.829586 14.513750 13.239372
endloop
endfacet
facet normal 0 0 0
outer loop
vertex 0.768158 14.534504 13.239372
vertex 0.747683 14.534504 13.259372
vertex 0.768158 14.555258 13.259372
endloop
endfacet
facet normal 0 0 0
outer loop
vertex 0.768158 14.534504 13.239372
vertex 0.768158 14.555258 13.259372
vertex 0.788634 14.555258 13.239372
endloop
endfacet
facet normal 0 0 0
outer loop
vertex 0.850062 14.534504 13.239372
vertex 0.850062 14.555258 13.259372
vertex 0.829586 14.534504 13.259372
endloop
endfacet
facet normal 0 0 0
outer loop
vertex 0.870538 14.555258 13.239372
vertex 0.850062 14.555258 13.259372
vertex 0.850062 14.534504 13.239372
endloop
endfacet
facet normal 0 0 0
outer loop
vertex 0.768158 14.555258 13.259372
vertex 0.788634 14.576012 13.259372
vertex 0.788634 14.555258 13.239372
endloop
endfacet
facet normal 0 0 0
outer loop
vertex 0.788634 14.576012 13.259372
vertex 0.788634 14.576012 13.239372
vertex 0.788634 14.555258 13.239372
endloop
endfacet
facet normal 0 0 0
outer loop
vertex 0.870538 14.555258 13.239372
vertex 0.870538 14.576012 13.259372
vertex 0.850062 14.555258 13.259372
endloop
endfacet
facet normal 0 0 0
outer loop
vertex 0.891013 14.576012 13.239372
vertex 0.870538 14.576012 13.259372
vertex 0.870538 14.555258 13.239372
endloop
endfacet
facet normal 0 0 0
outer loop
vertex 0.809110 14.596764 13.259372
vertex 0.809110 14.576012 13.239372
vertex 0.788634 14.576012 13.259372
endloop
endfacet
facet normal 0 0 0
outer loop
vertex 0.809110 14.576012 13.239372
vertex 0.788634 14.576012 13.239372
vertex 0.788634 14.576012 13.259372
endloop
endfacet
facet normal 0 0 0
outer loop
vertex 0.809110 14.576012 13.239372
vertex 0.809110 14.596764 13.259372
vertex 0.829586 14.596764 13.239372
endloop
endfacet
facet normal 0 0 0
outer loop
vertex 0.870538 14.596764 13.239372
vertex 0.850062 14.596764 13.259372
vertex 0.870538 14.576012 13.259372
endloop
endfacet
facet normal 0 0 0
outer loop
vertex 0.891013 14.596764 13.259372
vertex 0.870538 14.596764 13.239372
vertex 0.891013 14.576012 13.239372
endloop
endfacet
facet normal 0 0 0
outer loop
vertex 0.870538 14.576012 13.259372
vertex 0.891013 14.576012 13.239372
vertex 0.870538 14.596764 13.239372
endloop
endfacet
facet normal 0 0 0
outer loop
vertex 0.891013 14.596764 13.259372
vertex 0.891013 14.576012 13.239372
vertex 0.891013 14.596764 13.239372
endloop
endfacet
facet normal 0 0 0
outer loop
vertex 0.829586 14.596764 13.239372
vertex 0.809110 14.617517 13.259372
vertex 0.829586 14.617517 13.239372
endloop
endfacet
facet normal 0 0 0
outer loop
vertex 0.809110 14.596764 13.259372
vertex 0.809110 14.617517 13.259372
vertex 0.829586 14.596764 13.239372
endloop
endfacet
facet normal 0 0 0
outer loop
vertex 0.870538 14.617517 13.239372
vertex 0.850062 14.596764 13.259372
vertex 0.870538 14.596764 13.239372
endloop
endfacet
facet normal 0 0 0
outer loop
vertex 0.850062 14.617517 13.259372
vertex 0.850062 14.596764 13.259372
vertex 0.870538 14.617517 13.239372
endloop
endfacet
facet normal 0 0 0
outer loop
vertex 0.870538 14.617517 13.239372
vertex 0.891013 14.596764 13.259372
vertex 0.891013 14.596764 13.239372
endloop
endfacet
facet normal 0 0 0
outer loop
vertex 0.870538 14.617517 13.239372
vertex 0.870538 14.596764 13.239372
vertex 0.891013 14.596764 13.259372
endloop
endfacet
facet normal 0 0 0
outer loop
vertex 0.829586 14.617517 13.239372
vertex 0.809110 14.617517 13.259372
vertex 0.829586 14.617517 13.259372
endloop
endfacet
facet normal 0 0 0
outer loop
vertex 0.850062 14.638271 13.239372
vertex 0.829586 14.617517 13.239372
vertex 0.850062 14.617517 13.259372
endloop
endfacet
facet normal 0 0 0
outer loop
vertex 0.829586 14.617517 13.239372
vertex 0.829586 14.617517 13.259372
vertex 0.850062 14.617517 13.259372
endloop
endfacet
facet normal 0 0 0
outer loop
vertex 0.870538 14.617517 13.239372
vertex 0.850062 14.638271 13.239372
vertex 0.850062 14.617517 13.259372
endloop
endfacet
facet normal 0 0 0
outer loop
vertex 0.788634 14.492998 13.279372
vertex 0.768158 14.492998 13.259372
vertex 0.788634 14.492998 13.259372
endloop
endfacet
facet normal 0 0 0
outer loop
vertex 0.747683 14.492998 13.259372
vertex 0.747683 14.513750 13.279372
vertex 0.747683 14.513750 13.259372
endloop
endfacet
facet normal 0 0 0
outer loop
vertex 0.768158 14.492998 13.259372
vertex 0.747683 14.513750 13.279372
vertex 0.747683 14.492998 13.259372
endloop
endfacet
facet normal 0 0 0
outer loop
vertex 0.768158 14.513750 13.279372
vertex 0.747683 14.513750 13.279372
vertex 0.768158 14.492998 13.259372
endloop
endfacet
facet normal 0 0 0
outer loop
vertex 0.788634 14.492998 13.279372
vertex 0.768158 14.513750 13.279372
vertex 0.768158 14.492998 13.259372
endloop
endfacet
facet normal 0 0 0
outer loop
vertex 0.788634 14.492998 13.259372
vertex 0.809110 14.513750 13.279372
vertex 0.788634 14.492998 13.279372
endloop
endfacet
facet normal 0 0 0
outer loop
vertex 0.809110 14.513750 13.259372
vertex 0.809110 14.513750 13.279372
vertex 0.788634 14.492998 13.259372
endloop
endfacet
facet normal 0 0 0
outer loop
vertex 0.747683 14.513750 13.259372
vertex 0.747683 14.513750 13.279372
vertex 0.747683 14.534504 13.259372
endloop
endfacet
facet normal 0 0 0
outer loop
vertex 0.747683 14.513750 13.279372
vertex 0.747683 14.534504 13.279372
vertex 0.747683 14.534504 13.259372
endloop
endfacet
facet normal 0 0 0
outer loop
vertex 0.829586 14.534504 13.259372
vertex 0.809110 14.534504 13.279372
vertex 0.809110 14.513750 13.259372
endloop
endfacet
facet normal 0 0 0
outer loop
vertex 0.809110 14.534504 13.279372
vertex 0.809110 14.513750 13.279372
vertex 0.809110 14.513750 13.259372
endloop
endfacet
facet normal 0 0 0
outer loop
vertex 0.747683 14.534504 13.279372
vertex 0.768158 14.555258 13.259372
vertex 0.747683 14.534504 13.259372
endloop
endfacet
facet normal 0 0 0
outer loop
vertex 0.768158 14.555258 13.279372
vertex 0.768158 14.555258 13.259372
vertex 0.747683 14.534504 13.279372
endloop
endfacet
facet normal 0 0 0
outer loop
vertex 0.829586 14.534504 13.259372
vertex 0.829586 14.555258 13.279372
vertex 0.809110 14.534504 13.279372
endloop
endfacet
facet normal 0 0 0
outer loop
vertex 0.850062 14.534504 13.279372
vertex 0.829586 14.555258 13.279372
vertex 0.850062 14.555258 13.259372
endloop
endfacet
facet normal 0 0 0
outer loop
vertex 0.829586 14.534504 13.259372
vertex 0.850062 14.555258 13.259372
vertex 0.829586 14.555258 13.279372
endloop
endfacet
facet normal 0 0 0
outer loop
vertex 0.850062 14.534504 13.279372
vertex 0.850062 14.555258 13.259372
vertex 0.850062 14.555258 13.279372
endloop
endfacet
facet normal 0 0 0
outer loop
vertex 0.768158 14.555258 13.279372
vertex 0.788634 14.576012 13.259372
vertex 0.768158 14.555258 13.259372
endloop
endfacet
facet normal 0 0 0
outer loop
vertex 0.788634 14.576012 13.279372
vertex 0.788634 14.576012 13.259372
vertex 0.768158 14.555258 13.279372
endloop
endfacet
facet normal 0 0 0
outer loop
vertex 0.850062 14.555258 13.259372
vertex 0.870538 14.576012 13.279372
vertex 0.850062 14.555258 13.279372
endloop
endfacet
facet normal 0 0 0
outer loop
vertex 0.870538 14.576012 13.259372
vertex 0.870538 14.576012 13.279372
vertex 0.850062 14.555258 13.259372
endloop
endfacet
facet normal 0 0 0
outer loop
vertex 0.788634 14.576012 13.279372
vertex 0.809110 14.596764 13.259372
vertex 0.788634 14.576012 13.259372
endloop
endfacet
facet normal 0 0 0
outer loop
vertex 0.809110 14.596764 13.279372
vertex 0.809110 14.596764 13.259372
vertex 0.788634 14.576012 13.279372
endloop
endfacet
facet normal 0 0 0
outer loop
vertex 0.870538 14.576012 13.259372
vertex 0.850062 14.596764 13.259372
vertex 0.870538 14.596764 13.279372
endloop
endfacet
facet normal 0 0 0
outer loop
vertex 0.870538 14.576012 13.259372
vertex 0.870538 14.596764 13.279372
vertex 0.870538 14.576012 13.279372
endloop
endfacet
facet normal 0 0 0
outer loop
vertex 0.788634 14.617517 13.279372
vertex 0.809110 14.617517 13.259372
vertex 0.809110 14.596764 13.279372
endloop
endfacet
facet normal 0 0 0
outer loop
vertex 0.809110 14.617517 13.259372
vertex 0.809110 14.596764 13.259372
vertex 0.809110 14.596764 13.279372
endloop
endfacet
facet normal 0 0 0
outer loop
vertex 0.870538 14.596764 13.279372
vertex 0.850062 14.596764 13.259372
vertex 0.850062 14.617517 13.279372
endloop
endfacet
facet normal 0 0 0
outer loop
vertex 0.850062 14.596764 13.259372
vertex 0.850062 14.617517 13.259372
vertex 0.850062 14.617517 13.279372
endloop
endfacet
facet normal 0 0 0
outer loop
vertex 0.809110 14.617517 13.259372
vertex 0.788634 14.617517 13.279372
vertex 0.788634 14.638271 13.279372
endloop
endfacet
facet normal 0 0 0
outer loop
vertex 0.809110 14.617517 13.259372
vertex 0.788634 14.638271 13.279372
vertex 0.809110 14.617517 13.279372
endloop
endfacet
facet normal 0 0 0
outer loop
vertex 0.829586 14.638271 13.279372
vertex 0.829586 14.617517 13.259372
vertex 0.809110 14.617517 13.279372
endloop
endfacet
facet normal 0 0 0
outer loop
vertex 0.829586 14.617517 13.259372
vertex 0.809110 14.617517 13.259372
vertex 0.809110 14.617517 13.279372
endloop
endfacet
facet normal 0 0 0
outer loop
vertex 0.829586 14.638271 13.279372
vertex 0.850062 14.617517 13.279372
vertex 0.829586 14.617517 13.259372
endloop
endfacet
facet normal 0 0 0
outer loop
vertex 0.850062 14.617517 13.279372
vertex 0.850062 14.617517 13.259372
vertex 0.829586 14.617517 13.259372
endloop
endfacet
facet normal 0 0 0
outer loop
vertex 0.768158 14.513750 13.279372
vertex 0.768158 14.513750 13.299372
vertex 0.747683 14.513750 13.279372
endloop
endfacet
facet normal 0 0 0
outer loop
vertex 0.747683 14.513750 13.279372
vertex 0.768158 14.513750 13.299372
vertex 0.747683 14.513750 13.299372
endloop
endfacet
facet normal 0 0 0
outer loop
vertex 0.788634 14.492998 13.279372
vertex 0.788634 14.513750 13.299372
vertex 0.768158 14.513750 13.279372
endloop
endfacet
facet normal 0 0 0
outer loop
vertex 0.788634 14.513750 13.299372
vertex 0.768158 14.513750 13.299372
vertex 0.768158 14.513750 13.279372
endloop
endfacet
facet normal 0 0 0
outer loop
vertex 0.809110 14.492998 13.299372
vertex 0.788634 14.513750 13.299372
vertex 0.809110 14.513750 13.279372
endloop
endfacet
facet normal 0 0 0
outer loop
vertex 0.788634 14.492998 13.279372
vertex 0.809110 14.513750 13.279372
vertex 0.788634 14.513750 13.299372
endloop
endfacet
facet normal 0 0 0
outer loop
vertex 0.809110 14.492998 13.299372
vertex 0.809110 14.513750 13.279372
vertex 0.809110 14.513750 13.299372
endloop
endfacet
facet normal 0 0 0
outer loop
vertex 0.747683 14.513750 13.279372
vertex 0.747683 14.513750 13.299372
vertex 0.747683 14.534504 13.279372
endloop
endfacet
facet normal 0 0 0
outer loop
vertex 0.747683 14.513750 13.299372
vertex 0.747683 14.534504 13.299372
vertex 0.747683 14.534504 13.279372
endloop
endfacet
facet normal 0 0 0
outer loop
vertex 0.829586 14.534504 13.299372
vertex 0.809110 14.513750 13.299372
vertex 0.809110 14.534504 13.279372
endloop
endfacet
facet normal 0 0 0
outer loop
vertex 0.809110 14.513750 13.299372
vertex 0.809110 14.513750 13.279372
vertex 0.809110 14.534504 13.279372
endloop
endfacet
facet normal 0 0 0
outer loop
vertex 0.747683 14.534504 13.299372
vertex 0.768158 14.555258 13.279372
vertex 0.747683 14.534504 13.279372
endloop
endfacet
facet normal 0 0 0
outer loop
vertex 0.768158 14.555258 13.299372
vertex 0.768158 14.555258 13.279372
vertex 0.747683 14.534504 13.299372
endloop
endfacet
facet normal 0 0 0
outer loop
vertex 0.809110 14.534504 13.279372
vertex 0.829586 14.555258 13.279372
vertex 0.829586 14.534504 13.299372
endloop
endfacet
facet normal 0 0 0
outer loop
vertex 0.829586 14.534504 13.299372
vertex 0.829586 14.555258 13.279372
vertex 0.850062 14.555258 13.299372
endloop
endfacet
facet normal 0 0 0
outer loop
vertex 0.850062 14.534504 13.279372
vertex 0.850062 14.555258 13.299372
vertex 0.829586 14.555258 13.279372
endloop
endfacet
facet normal 0 0 0
outer loop
vertex 0.850062 14.555258 13.299372
vertex 0.850062 14.534504 13.279372
vertex 0.850062 14.555258 13.279372
endloop
endfacet
facet normal 0 0 0
outer loop
vertex 0.768158 14.555258 13.299372
vertex 0.788634 14.576012 13.279372
vertex 0.768158 14.555258 13.279372
endloop
endfacet
facet normal 0 0 0
outer loop
vertex 0.788634 14.576012 13.299372
vertex 0.788634 14.576012 13.279372
vertex 0.768158 14.555258 13.299372
endloop
endfacet
facet normal 0 0 0
outer loop
vertex 0.850062 14.555258 13.279372
vertex 0.870538 14.576012 13.299372
vertex 0.850062 14.555258 13.299372
endloop
endfacet
facet normal 0 0 0
outer loop
vertex 0.870538 14.576012 13.279372
vertex 0.870538 14.576012 13.299372
vertex 0.850062 14.555258 13.279372
endloop
endfacet
facet normal 0 0 0
outer loop
vertex 0.788634 14.576012 13.299372
vertex 0.809110 14.596764 13.279372
vertex 0.788634 14.576012 13.279372
endloop
endfacet
facet normal 0 0 0
outer loop
vertex 0.809110 14.596764 13.299372
vertex 0.809110 14.596764 13.279372
vertex 0.788634 14.576012 13.299372
endloop
endfacet
facet normal 0 0 0
outer loop
vertex 0.891013 14.596764 13.299372
vertex 0.870538 14.576012 13.299372
vertex 0.870538 14.596764 13.279372
endloop
endfacet
facet normal 0 0 0
outer loop
vertex 0.870538 14.576012 13.299372
vertex 0.870538 14.576012 13.279372
vertex 0.870538 14.596764 13.279372
endloop
endfacet
facet normal 0 0 0
outer loop
vertex 0.788634 14.617517 13.279372
vertex 0.809110 14.596764 13.279372
vertex 0.809110 14.617517 13.299372
endloop
endfacet
facet normal 0 0 0
outer loop
vertex 0.809110 14.596764 13.279372
vertex 0.809110 14.596764 13.299372
vertex 0.809110 14.617517 13.299372
endloop
endfacet
facet normal 0 0 0
outer loop
vertex 0.870538 14.596764 13.279372
vertex 0.850062 14.617517 13.279372
vertex 0.870538 14.617517 13.299372
endloop
endfacet
facet normal 0 0 0
outer loop
vertex 0.870538 14.596764 13.279372
vertex 0.870538 14.617517 13.299372
vertex 0.891013 14.596764 13.299372
endloop
endfacet
facet normal 0 0 0
outer loop
vertex 0.788634 14.638271 13.279372
vertex 0.809110 14.617517 13.299372
vertex 0.809110 14.617517 13.279372
endloop
endfacet
facet normal 0 0 0
outer loop
vertex 0.788634 14.638271 13.279372
vertex 0.788634 14.617517 13.279372
vertex 0.809110 14.617517 13.299372
endloop
endfacet
facet normal 0 0 0
outer loop
vertex 0.829586 14.638271 13.279372
vertex 0.809110 14.617517 13.279372
vertex 0.829586 14.617517 13.299372
endloop
endfacet
facet normal 0 0 0
outer loop
vertex 0.809110 14.617517 13.279372
vertex 0.809110 14.617517 13.299372
vertex 0.829586 14.617517 13.299372
endloop
endfacet
facet normal 0 0 0
outer loop
vertex 0.829586 14.638271 13.279372
vertex 0.829586 14.617517 13.299372
vertex 0.850062 14.617517 13.279372
endloop
endfacet
facet normal 0 0 0
outer loop
vertex 0.829586 14.617517 13.299372
vertex 0.850062 14.617517 13.299372
vertex 0.850062 14.617517 13.279372
endloop
endfacet
facet normal 0 0 0
outer loop
vertex 0.870538 14.617517 13.299372
vertex 0.850062 14.617517 13.279372
vertex 0.850062 14.617517 13.299372
endloop
endfacet
facet normal 0 0 0
outer loop
vertex 0.809110 14.492998 13.299372
vertex 0.809110 14.513750 13.299372
vertex 0.788634 14.513750 13.299372
endloop
endfacet
facet normal 0 0 0
outer loop
vertex 0.747683 14.513750 13.299372
vertex 0.747683 14.534504 13.319372
vertex 0.727207 14.534504 13.319372
endloop
endfacet
facet normal 0 0 0
outer loop
vertex 0.747683 14.513750 13.299372
vertex 0.727207 14.534504 13.319372
vertex 0.747683 14.534504 13.299372
endloop
endfacet
facet normal 0 0 0
outer loop
vertex 0.768158 14.513750 13.299372
vertex 0.747683 14.534504 13.319372
vertex 0.747683 14.513750 13.299372
endloop
endfacet
facet normal 0 0 0
outer loop
vertex 0.768158 14.534504 13.319372
vertex 0.747683 14.534504 13.319372
vertex 0.768158 14.513750 13.299372
endloop
endfacet
facet normal 0 0 0
outer loop
vertex 0.768158 14.534504 13.319372
vertex 0.768158 14.513750 13.299372
vertex 0.788634 14.534504 13.299372
endloop
endfacet
facet normal 0 0 0
outer loop
vertex 0.768158 14.513750 13.299372
vertex 0.788634 14.513750 13.299372
vertex 0.788634 14.534504 13.299372
endloop
endfacet
facet normal 0 0 0
outer loop
vertex 0.809110 14.513750 13.299372
vertex 0.809110 14.534504 13.299372
vertex 0.788634 14.513750 13.299372
endloop
endfacet
facet normal 0 0 0
outer loop
vertex 0.809110 14.534504 13.299372
vertex 0.788634 14.534504 13.299372
vertex 0.788634 14.513750 13.299372
endloop
endfacet
facet normal 0 0 0
outer loop
vertex 0.809110 14.513750 13.299372
vertex 0.829586 14.534504 13.299372
vertex 0.809110 14.534504 13.299372
endloop
endfacet
facet normal 0 0 0
outer loop
vertex 0.747683 14.534504 13.299372
vertex 0.727207 14.534504 13.319372
vertex 0.747683 14.555258 13.319372
endloop
endfacet
facet normal 0 0 0
outer loop
vertex 0.727207 14.534504 13.319372
vertex 0.727207 14.555258 13.319372
vertex 0.747683 14.555258 13.319372
endloop
endfacet
facet normal 0 0 0
outer loop
vertex 0.747683 14.534504 13.299372
vertex 0.747683 14.555258 13.319372
vertex 0.768158 14.555258 13.299372
endloop
endfacet
facet normal 0 0 0
outer loop
vertex 0.788634 14.534504 13.299372
vertex 0.788634 14.555258 13.319372
vertex 0.768158 14.534504 13.319372
endloop
endfacet
facet normal 0 0 0
outer loop
vertex 0.788634 14.555258 13.319372
vertex 0.788634 14.534504 13.299372
vertex 0.809110 14.555258 13.299372
endloop
endfacet
facet normal 0 0 0
outer loop
vertex 0.788634 14.534504 13.299372
vertex 0.809110 14.534504 13.299372
vertex 0.809110 14.555258 13.299372
endloop
endfacet
facet normal 0 0 0
outer loop
vertex 0.829586 14.534504 13.299372
vertex 0.829586 14.555258 13.299372
vertex 0.809110 14.534504 13.299372
endloop
endfacet
facet normal 0 0 0
outer loop
vertex 0.829586 14.555258 13.299372
vertex 0.809110 14.555258 13.299372
vertex 0.809110 14.534504 13.299372
endloop
endfacet
facet normal 0 0 0
outer loop
vertex 0.829586 14.534504 13.299372
vertex 0.850062 14.555258 13.299372
vertex 0.829586 14.555258 13.299372
endloop
endfacet
facet normal 0 0 0
outer loop
vertex 0.747683 14.555258 13.319372
vertex 0.727207 14.555258 13.319372
vertex 0.747683 14.576012 13.319372
endloop
endfacet
facet normal 0 0 0
outer loop
vertex 0.747683 14.576012 13.319372
vertex 0.727207 14.555258 13.319372
vertex 0.727207 14.576012 13.319372
endloop
endfacet
facet normal 0 0 0
outer loop
vertex 0.768158 14.555258 13.299372
vertex 0.747683 14.555258 13.319372
vertex 0.768158 14.576012 13.319372
endloop
endfacet
facet normal 0 0 0
outer loop
vertex 0.747683 14.555258 13.319372
vertex 0.747683 14.576012 13.319372
vertex 0.768158 14.576012 13.319372
endloop
endfacet
facet normal 0 0 0
outer loop
vertex 0.768158 14.555258 13.299372
vertex 0.768158 14.576012 13.319372
vertex 0.788634 14.576012 13.299372
endloop
endfacet
facet normal 0 0 0
outer loop
vertex 0.809110 14.555258 13.299372
vertex 0.809110 14.576012 13.319372
vertex 0.788634 14.555258 13.319372
endloop
endfacet
facet normal 0 0 0
outer loop
vertex 0.809110 14.576012 13.319372
vertex 0.809110 14.555258 13.299372
vertex 0.829586 14.576012 13.299372
endloop
endfacet
facet normal 0 0 0
outer loop
vertex 0.809110 14.555258 13.299372
vertex 0.829586 14.555258 13.299372
vertex 0.829586 14.576012 13.299372
endloop
endfacet
facet normal 0 0 0
outer loop
vertex 0.850062 14.555258 13.299372
vertex 0.850062 14.576012 13.299372
vertex 0.829586 14.555258 13.299372
endloop
endfacet
facet normal 0 0 0
outer loop
vertex 0.850062 14.576012 13.299372
vertex 0.829586 14.576012 13.299372
vertex 0.829586 14.555258 13.299372
endloop
endfacet
facet normal 0 0 0
outer loop
vertex 0.850062 14.555258 13.299372
vertex 0.870538 14.576012 13.299372
vertex 0.850062 14.576012 13.299372
endloop
endfacet
facet normal 0 0 0
outer loop
vertex 0.727207 14.576012 13.319372
vertex 0.747683 14.596764 13.319372
vertex 0.747683 14.576012 13.319372
endloop
endfacet
facet normal 0 0 0
outer loop
vertex 0.768158 14.576012 13.319372
vertex 0.747683 14.576012 13.319372
vertex 0.768158 14.596764 13.319372
endloop
endfacet
facet normal 0 0 0
outer loop
vertex 0.768158 14.596764 13.319372
vertex 0.747683 14.576012 13.319372
vertex 0.747683 14.596764 13.319372
endloop
endfacet
facet normal 0 0 0
outer loop
vertex 0.788634 14.576012 13.299372
vertex 0.768158 14.576012 13.319372
vertex 0.788634 14.596764 13.319372
endloop
endfacet
facet normal 0 0 0
outer loop
vertex 0.768158 14.576012 13.319372
vertex 0.768158 14.596764 13.319372
vertex 0.788634 14.596764 13.319372
endloop
endfacet
facet normal 0 0 0
outer loop
vertex 0.788634 14.576012 13.299372
vertex 0.788634 14.596764 13.319372
vertex 0.809110 14.596764 13.299372
endloop
endfacet
facet normal 0 0 0
outer loop
vertex 0.829586 14.576012 13.299372
vertex 0.829586 14.596764 13.319372
vertex 0.809110 14.576012 13.319372
endloop
endfacet
facet normal 0 0 0
outer loop
vertex 0.829586 14.596764 13.319372
vertex 0.829586 14.576012 13.299372
vertex 0.850062 14.596764 13.299372
endloop
endfacet
facet normal 0 0 0
outer loop
vertex 0.829586 14.576012 13.299372
vertex 0.850062 14.576012 13.299372
vertex 0.850062 14.596764 13.299372
endloop
endfacet
facet normal 0 0 0
outer loop
vertex 0.870538 14.576012 13.299372
vertex 0.870538 14.596764 13.299372
vertex 0.850062 14.576012 13.299372
endloop
endfacet
facet normal 0 0 0
outer loop
vertex 0.870538 14.596764 13.299372
vertex 0.850062 14.596764 13.299372
vertex 0.850062 14.576012 13.299372
endloop
endfacet
facet normal 0 0 0
outer loop
vertex 0.870538 14.576012 13.299372
vertex 0.891013 14.596764 13.299372
vertex 0.870538 14.596764 13.299372
endloop
endfacet
facet normal 0 0 0
outer loop
vertex 0.747683 14.596764 13.319372
vertex 0.768158 14.617517 13.319372
vertex 0.768158 14.596764 13.319372
endloop
endfacet
facet normal 0 0 0
outer loop
vertex 0.788634 14.596764 13.319372
vertex 0.768158 14.596764 13.319372
vertex 0.788634 14.617517 13.319372
endloop
endfacet
facet normal 0 0 0
outer loop
vertex 0.788634 14.617517 13.319372
vertex 0.768158 14.596764 13.319372
vertex 0.768158 14.617517 13.319372
endloop
endfacet
facet normal 0 0 0
outer loop
vertex 0.809110 14.596764 13.299372
vertex 0.788634 14.617517 13.319372
vertex 0.809110 14.617517 13.299372
endloop
endfacet
facet normal 0 0 0
outer loop
vertex 0.788634 14.596764 13.319372
vertex 0.788634 14.617517 13.319372
vertex 0.809110 14.596764 13.299372
endloop
endfacet
facet normal 0 0 0
outer loop
vertex 0.850062 14.596764 13.299372
vertex 0.850062 14.617517 13.319372
vertex 0.829586 14.596764 13.319372
endloop
endfacet
facet normal 0 0 0
outer loop
vertex 0.850062 14.617517 13.319372
vertex 0.850062 14.596764 13.299372
vertex 0.870538 14.617517 13.299372
endloop
endfacet
facet normal 0 0 0
outer loop
vertex 0.850062 14.596764 13.299372
vertex 0.870538 14.596764 13.299372
vertex 0.870538 14.617517 13.299372
endloop
endfacet
facet normal 0 0 0
outer loop
vertex 0.891013 14.596764 13.299372
vertex 0.870538 14.617517 13.299372
vertex 0.870538 14.596764 13.299372
endloop
endfacet
facet normal 0 0 0
outer loop
vertex 0.768158 14.617517 13.319372
vertex 0.788634 14.638271 13.319372
vertex 0.788634 14.617517 13.319372
endloop
endfacet
facet normal 0 0 0
outer loop
vertex 0.809110 14.617517 13.299372
vertex 0.788634 14.617517 13.319372
vertex 0.809110 14.638271 13.319372
endloop
endfacet
facet normal 0 0 0
outer loop
vertex 0.788634 14.617517 13.319372
vertex 0.788634 14.638271 13.319372
vertex 0.809110 14.638271 13.319372
endloop
endfacet
facet normal 0 0 0
outer loop
vertex 0.809110 14.638271 13.319372
vertex 0.829586 14.617517 13.319372
vertex 0.809110 14.617517 13.299372
endloop
endfacet
facet normal 0 0 0
outer loop
vertex 0.829586 14.617517 13.319372
vertex 0.829586 14.617517 13.299372
vertex 0.809110 14.617517 13.299372
endloop
endfacet
facet normal 0 0 0
outer loop
vertex 0.850062 14.617517 13.299372
vertex 0.829586 14.617517 13.299372
vertex 0.850062 14.617517 13.319372
endloop
endfacet
facet normal 0 0 0
outer loop
vertex 0.829586 14.617517 13.299372
vertex 0.829586 14.617517 13.319372
vertex 0.850062 14.617517 13.319372
endloop
endfacet
facet normal 0 0 0
outer loop
vertex 0.850062 14.617517 13.319372
vertex 0.870538 14.617517 13.299372
vertex 0.850062 14.617517 13.299372
endloop
endfacet
facet normal 0 0 0
outer loop
vertex 0.747683 14.513750 13.339372
vertex 0.747683 14.534504 13.339372
vertex 0.727207 14.534504 13.319372
endloop
endfacet
facet normal 0 0 0
outer loop
vertex 0.747683 14.513750 13.339372
vertex 0.727207 14.534504 13.319372
vertex 0.747683 14.534504 13.319372
endloop
endfacet
facet normal 0 0 0
outer loop
vertex 0.747683 14.513750 13.339372
vertex 0.747683 14.534504 13.319372
vertex 0.768158 14.534504 13.339372
endloop
endfacet
facet normal 0 0 0
outer loop
vertex 0.747683 14.534504 13.319372
vertex 0.768158 14.534504 13.319372
vertex 0.768158 14.534504 13.339372
endloop
endfacet
facet normal 0 0 0
outer loop
vertex 0.768158 14.534504 13.319372
vertex 0.788634 14.534504 13.339372
vertex 0.768158 14.534504 13.339372
endloop
endfacet
facet normal 0 0 0
outer loop
vertex 0.747683 14.555258 13.339372
vertex 0.727207 14.534504 13.319372
vertex 0.747683 14.534504 13.339372
endloop
endfacet
facet normal 0 0 0
outer loop
vertex 0.727207 14.555258 13.319372
vertex 0.727207 14.534504 13.319372
vertex 0.747683 14.555258 13.339372
endloop
endfacet
facet normal 0 0 0
outer loop
vertex 0.768158 14.534504 13.319372
vertex 0.788634 14.555258 13.319372
vertex 0.788634 14.534504 13.339372
endloop
endfacet
facet normal 0 0 0
outer loop
vertex 0.788634 14.555258 13.319372
vertex 0.809110 14.555258 13.339372
vertex 0.788634 14.534504 13.339372
endloop
endfacet
facet normal 0 0 0
outer loop
vertex 0.747683 14.576012 13.339372
vertex 0.727207 14.555258 13.319372
vertex 0.747683 14.555258 13.339372
endloop
endfacet
facet normal 0 0 0
outer loop
vertex 0.727207 14.576012 13.319372
vertex 0.727207 14.555258 13.319372
vertex 0.747683 14.576012 13.339372
endloop
endfacet
facet normal 0 0 0
outer loop
vertex 0.788634 14.555258 13.319372
vertex 0.809110 14.576012 13.319372
vertex 0.809110 14.555258 13.339372
endloop
endfacet
facet normal 0 0 0
outer loop
vertex 0.809110 14.576012 13.319372
vertex 0.829586 14.576012 13.339372
vertex 0.809110 14.555258 13.339372
endloop
endfacet
facet normal 0 0 0
outer loop
vertex 0.727207 14.576012 13.319372
vertex 0.747683 14.576012 13.339372
vertex 0.747683 14.596764 13.319372
endloop
endfacet
facet normal 0 0 0
outer loop
vertex 0.747683 14.576012 13.339372
vertex 0.768158 14.596764 13.339372
vertex 0.747683 14.596764 13.319372
endloop
endfacet
facet normal 0 0 0
outer loop
vertex 0.809110 14.576012 13.319372
vertex 0.829586 14.596764 13.319372
vertex 0.829586 14.576012 13.339372
endloop
endfacet
facet normal 0 0 0
outer loop
vertex 0.829586 14.576012 13.339372
vertex 0.829586 14.596764 13.319372
vertex 0.829586 14.596764 13.339372
endloop
endfacet
facet normal 0 0 0
outer loop
vertex 0.747683 14.596764 13.319372
vertex 0.768158 14.596764 13.339372
vertex 0.768158 14.617517 13.319372
endloop
endfacet
facet normal 0 0 0
outer loop
vertex 0.768158 14.617517 13.319372
vertex 0.788634 14.596764 13.339372
vertex 0.788634 14.617517 13.319372
endloop
endfacet
facet normal 0 0 0
outer loop
vertex 0.768158 14.596764 13.339372
vertex 0.788634 14.596764 13.339372
vertex 0.768158 14.617517 13.319372
endloop
endfacet
facet normal 0 0 0
outer loop
vertex 0.788634 14.596764 13.339372
vertex 0.809110 14.617517 13.339372
vertex 0.788634 14.617517 13.319372
endloop
endfacet
facet normal 0 0 0
outer loop
vertex 0.829586 14.617517 13.319372
vertex 0.809110 14.617517 13.339372
vertex 0.829586 14.596764 13.339372
endloop
endfacet
facet normal 0 0 0
outer loop
vertex 0.850062 14.617517 13.319372
vertex 0.829586 14.617517 13.319372
vertex 0.829586 14.596764 13.339372
endloop
endfacet
facet normal 0 0 0
outer loop
vertex 0.850062 14.617517 13.319372
vertex 0.829586 14.596764 13.339372
vertex 0.829586 14.596764 13.319372
endloop
endfacet
facet normal 0 0 0
outer loop
vertex 0.809110 14.617517 13.339372
vertex 0.809110 14.638271 13.319372
vertex 0.788634 14.617517 13.319372
endloop
endfacet
facet normal 0 0 0
outer loop
vertex 0.829586 14.617517 13.319372
vertex 0.809110 14.638271 13.319372
vertex 0.809110 14.617517 13.339372
endloop
endfacet
facet normal 0 0 0
outer loop
vertex 0.747683 14.513750 13.339372
vertex 0.768158 14.534504 13.339372
vertex 0.747683 14.534504 13.339372
endloop
endfacet
facet normal 0 0 0
outer loop
vertex 0.768158 14.534504 13.339372
vertex 0.768158 14.555258 13.339372
vertex 0.747683 14.534504 13.339372
endloop
endfacet
facet normal 0 0 0
outer loop
vertex 0.768158 14.555258 13.339372
vertex 0.747683 14.555258 13.339372
vertex 0.747683 14.534504 13.339372
endloop
endfacet
facet normal 0 0 0
outer loop
vertex 0.788634 14.534504 13.339372
vertex 0.788634 14.555258 13.339372
vertex 0.768158 14.534504 13.339372
endloop
endfacet
facet normal 0 0 0
outer loop
vertex 0.788634 14.555258 13.339372
vertex 0.768158 14.555258 13.339372
vertex 0.768158 14.534504 13.339372
endloop
endfacet
facet normal 0 0 0
outer loop
vertex 0.788634 14.534504 13.339372
vertex 0.809110 14.555258 13.339372
vertex 0.788634 14.555258 13.339372
endloop
endfacet
facet normal 0 0 0
outer loop
vertex 0.768158 14.555258 13.339372
vertex 0.768158 14.576012 13.339372
vertex 0.747683 14.555258 13.339372
endloop
endfacet
facet normal 0 0 0
outer loop
vertex 0.768158 14.576012 13.339372
vertex 0.747683 14.576012 13.339372
vertex 0.747683 14.555258 13.339372
endloop
endfacet
facet normal 0 0 0
outer loop
vertex 0.788634 14.555258 13.339372
vertex 0.788634 14.576012 13.339372
vertex 0.768158 14.555258 13.339372
endloop
endfacet
facet normal 0 0 0
outer loop
vertex 0.788634 14.576012 13.339372
vertex 0.768158 14.576012 13.339372
vertex 0.768158 14.555258 13.339372
endloop
endfacet
facet normal 0 0 0
outer loop
vertex 0.809110 14.555258 13.339372
vertex 0.809110 14.576012 13.339372
vertex 0.788634 14.555258 13.339372
endloop
endfacet
facet normal 0 0 0
outer loop
vertex 0.809110 14.576012 13.339372
vertex 0.788634 14.576012 13.339372
vertex 0.788634 14.555258 13.339372
endloop
endfacet
facet normal 0 0 0
outer loop
vertex 0.809110 14.555258 13.339372
vertex 0.829586 14.576012 13.339372
vertex 0.809110 14.576012 13.339372
endloop
endfacet
facet normal 0 0 0
outer loop
vertex 0.768158 14.596764 13.339372
vertex 0.747683 14.576012 13.339372
vertex 0.768158 14.576012 13.339372
endloop
endfacet
facet normal 0 0 0
outer loop
vertex 0.788634 14.576012 13.339372
vertex 0.788634 14.596764 13.339372
vertex 0.768158 14.576012 13.339372
endloop
endfacet
facet normal 0 0 0
outer loop
vertex 0.788634 14.596764 13.339372
vertex 0.768158 14.596764 13.339372
vertex 0.768158 14.576012 13.339372
endloop
endfacet
facet normal 0 0 0
outer loop
vertex 0.809110 14.576012 13.339372
vertex 0.809110 14.596764 13.339372
vertex 0.788634 14.576012 13.339372
endloop
endfacet
facet normal 0 0 0
outer loop
vertex 0.809110 14.596764 13.339372
vertex 0.788634 14.596764 13.339372
vertex 0.788634 14.576012 13.339372
endloop
endfacet
facet normal 0 0 0
outer loop
vertex 0.829586 14.576012 13.339372
vertex 0.829586 14.596764 13.339372
vertex 0.809110 14.576012 13.339372
endloop
endfacet
facet normal 0 0 0
outer loop
vertex 0.829586 14.596764 13.339372
vertex 0.809110 14.596764 13.339372
vertex 0.809110 14.576012 13.339372
endloop
endfacet
facet normal 0 0 0
outer loop
vertex 0.809110 14.617517 13.339372
vertex 0.788634 14.596764 13.339372
vertex 0.809110 14.596764 13.339372
endloop
endfacet
facet normal 0 0 0
outer loop
vertex 0.829586 14.596764 13.339372
vertex 0.809110 14.617517 13.339372
vertex 0.809110 14.596764 13.339372
endloop
endfacet
endsolid B-16-Plag.317
