solid B-16-Plag.378
facet normal 0 0 0
outer loop
vertex 15.080742 10.487607 13.999372
vertex 15.060266 10.508360 13.999372
vertex 15.080742 10.508360 13.999372
endloop
endfacet
facet normal 0 0 0
outer loop
vertex 15.101217 10.487607 13.999372
vertex 15.080742 10.487607 13.999372
vertex 15.101217 10.508360 13.999372
endloop
endfacet
facet normal 0 0 0
outer loop
vertex 15.101217 10.508360 13.999372
vertex 15.080742 10.487607 13.999372
vertex 15.080742 10.508360 13.999372
endloop
endfacet
facet normal 0 0 0
outer loop
vertex 15.121695 10.487607 13.999372
vertex 15.101217 10.487607 13.999372
vertex 15.121695 10.508360 13.999372
endloop
endfacet
facet normal 0 0 0
outer loop
vertex 15.121695 10.508360 13.999372
vertex 15.101217 10.487607 13.999372
vertex 15.101217 10.508360 13.999372
endloop
endfacet
facet normal 0 0 0
outer loop
vertex 15.142170 10.487607 13.999372
vertex 15.121695 10.487607 13.999372
vertex 15.142170 10.508360 13.999372
endloop
endfacet
facet normal 0 0 0
outer loop
vertex 15.142170 10.508360 13.999372
vertex 15.121695 10.487607 13.999372
vertex 15.121695 10.508360 13.999372
endloop
endfacet
facet normal 0 0 0
outer loop
vertex 15.019316 10.508360 13.999372
vertex 14.998838 10.529113 13.999372
vertex 15.019316 10.529113 13.999372
endloop
endfacet
facet normal 0 0 0
outer loop
vertex 15.039791 10.508360 13.999372
vertex 15.019316 10.508360 13.999372
vertex 15.039791 10.529113 13.999372
endloop
endfacet
facet normal 0 0 0
outer loop
vertex 15.039791 10.529113 13.999372
vertex 15.019316 10.508360 13.999372
vertex 15.019316 10.529113 13.999372
endloop
endfacet
facet normal 0 0 0
outer loop
vertex 15.060266 10.508360 13.999372
vertex 15.039791 10.508360 13.999372
vertex 15.060266 10.529113 13.999372
endloop
endfacet
facet normal 0 0 0
outer loop
vertex 15.060266 10.529113 13.999372
vertex 15.039791 10.508360 13.999372
vertex 15.039791 10.529113 13.999372
endloop
endfacet
facet normal 0 0 0
outer loop
vertex 15.080742 10.508360 13.999372
vertex 15.060266 10.508360 13.999372
vertex 15.080742 10.529113 13.999372
endloop
endfacet
facet normal 0 0 0
outer loop
vertex 15.080742 10.529113 13.999372
vertex 15.060266 10.508360 13.999372
vertex 15.060266 10.529113 13.999372
endloop
endfacet
facet normal 0 0 0
outer loop
vertex 15.101217 10.508360 13.999372
vertex 15.080742 10.508360 13.999372
vertex 15.101217 10.529113 13.999372
endloop
endfacet
facet normal 0 0 0
outer loop
vertex 15.101217 10.529113 13.999372
vertex 15.080742 10.508360 13.999372
vertex 15.080742 10.529113 13.999372
endloop
endfacet
facet normal 0 0 0
outer loop
vertex 15.121695 10.508360 13.999372
vertex 15.101217 10.508360 13.999372
vertex 15.121695 10.529113 13.999372
endloop
endfacet
facet normal 0 0 0
outer loop
vertex 15.121695 10.529113 13.999372
vertex 15.101217 10.508360 13.999372
vertex 15.101217 10.529113 13.999372
endloop
endfacet
facet normal 0 0 0
outer loop
vertex 15.142170 10.508360 13.999372
vertex 15.121695 10.508360 13.999372
vertex 15.142170 10.529113 13.999372
endloop
endfacet
facet normal 0 0 0
outer loop
vertex 15.142170 10.529113 13.999372
vertex 15.121695 10.508360 13.999372
vertex 15.121695 10.529113 13.999372
endloop
endfacet
facet normal 0 0 0
outer loop
vertex 15.162645 10.529113 13.999372
vertex 15.142170 10.508360 13.999372
vertex 15.142170 10.529113 13.999372
endloop
endfacet
facet normal 0 0 0
outer loop
vertex 14.998838 10.529113 13.999372
vertex 14.978363 10.549867 13.999372
vertex 14.998838 10.549867 13.999372
endloop
endfacet
facet normal 0 0 0
outer loop
vertex 15.019316 10.529113 13.999372
vertex 14.998838 10.529113 13.999372
vertex 15.019316 10.549867 13.999372
endloop
endfacet
facet normal 0 0 0
outer loop
vertex 15.019316 10.549867 13.999372
vertex 14.998838 10.529113 13.999372
vertex 14.998838 10.549867 13.999372
endloop
endfacet
facet normal 0 0 0
outer loop
vertex 15.039791 10.529113 13.999372
vertex 15.019316 10.529113 13.999372
vertex 15.039791 10.549867 13.999372
endloop
endfacet
facet normal 0 0 0
outer loop
vertex 15.039791 10.549867 13.999372
vertex 15.019316 10.529113 13.999372
vertex 15.019316 10.549867 13.999372
endloop
endfacet
facet normal 0 0 0
outer loop
vertex 15.060266 10.529113 13.999372
vertex 15.039791 10.529113 13.999372
vertex 15.060266 10.549867 13.999372
endloop
endfacet
facet normal 0 0 0
outer loop
vertex 15.060266 10.549867 13.999372
vertex 15.039791 10.529113 13.999372
vertex 15.039791 10.549867 13.999372
endloop
endfacet
facet normal 0 0 0
outer loop
vertex 15.080742 10.529113 13.999372
vertex 15.060266 10.529113 13.999372
vertex 15.080742 10.549867 13.999372
endloop
endfacet
facet normal 0 0 0
outer loop
vertex 15.080742 10.549867 13.999372
vertex 15.060266 10.529113 13.999372
vertex 15.060266 10.549867 13.999372
endloop
endfacet
facet normal 0 0 0
outer loop
vertex 15.101217 10.529113 13.999372
vertex 15.080742 10.529113 13.999372
vertex 15.101217 10.549867 13.999372
endloop
endfacet
facet normal 0 0 0
outer loop
vertex 15.101217 10.549867 13.999372
vertex 15.080742 10.529113 13.999372
vertex 15.080742 10.549867 13.999372
endloop
endfacet
facet normal 0 0 0
outer loop
vertex 15.121695 10.529113 13.999372
vertex 15.101217 10.529113 13.999372
vertex 15.121695 10.549867 13.999372
endloop
endfacet
facet normal 0 0 0
outer loop
vertex 15.121695 10.549867 13.999372
vertex 15.101217 10.529113 13.999372
vertex 15.101217 10.549867 13.999372
endloop
endfacet
facet normal 0 0 0
outer loop
vertex 15.142170 10.529113 13.999372
vertex 15.121695 10.529113 13.999372
vertex 15.142170 10.549867 13.999372
endloop
endfacet
facet normal 0 0 0
outer loop
vertex 15.142170 10.549867 13.999372
vertex 15.121695 10.529113 13.999372
vertex 15.121695 10.549867 13.999372
endloop
endfacet
facet normal 0 0 0
outer loop
vertex 15.142170 10.549867 13.999372
vertex 15.162645 10.529113 13.999372
vertex 15.142170 10.529113 13.999372
endloop
endfacet
facet normal 0 0 0
outer loop
vertex 14.998838 10.549867 13.999372
vertex 14.978363 10.549867 13.999372
vertex 14.998838 10.570620 13.999372
endloop
endfacet
facet normal 0 0 0
outer loop
vertex 14.998838 10.570620 13.999372
vertex 14.978363 10.549867 13.999372
vertex 14.978363 10.570620 13.999372
endloop
endfacet
facet normal 0 0 0
outer loop
vertex 15.019316 10.549867 13.999372
vertex 14.998838 10.549867 13.999372
vertex 15.019316 10.570620 13.999372
endloop
endfacet
facet normal 0 0 0
outer loop
vertex 15.019316 10.570620 13.999372
vertex 14.998838 10.549867 13.999372
vertex 14.998838 10.570620 13.999372
endloop
endfacet
facet normal 0 0 0
outer loop
vertex 15.039791 10.549867 13.999372
vertex 15.019316 10.549867 13.999372
vertex 15.039791 10.570620 13.999372
endloop
endfacet
facet normal 0 0 0
outer loop
vertex 15.039791 10.570620 13.999372
vertex 15.019316 10.549867 13.999372
vertex 15.019316 10.570620 13.999372
endloop
endfacet
facet normal 0 0 0
outer loop
vertex 15.060266 10.549867 13.999372
vertex 15.039791 10.549867 13.999372
vertex 15.060266 10.570620 13.999372
endloop
endfacet
facet normal 0 0 0
outer loop
vertex 15.060266 10.570620 13.999372
vertex 15.039791 10.549867 13.999372
vertex 15.039791 10.570620 13.999372
endloop
endfacet
facet normal 0 0 0
outer loop
vertex 15.080742 10.549867 13.999372
vertex 15.060266 10.549867 13.999372
vertex 15.080742 10.570620 13.999372
endloop
endfacet
facet normal 0 0 0
outer loop
vertex 15.080742 10.570620 13.999372
vertex 15.060266 10.549867 13.999372
vertex 15.060266 10.570620 13.999372
endloop
endfacet
facet normal 0 0 0
outer loop
vertex 15.101217 10.549867 13.999372
vertex 15.080742 10.549867 13.999372
vertex 15.101217 10.570620 13.999372
endloop
endfacet
facet normal 0 0 0
outer loop
vertex 15.101217 10.570620 13.999372
vertex 15.080742 10.549867 13.999372
vertex 15.080742 10.570620 13.999372
endloop
endfacet
facet normal 0 0 0
outer loop
vertex 15.121695 10.549867 13.999372
vertex 15.101217 10.549867 13.999372
vertex 15.121695 10.570620 13.999372
endloop
endfacet
facet normal 0 0 0
outer loop
vertex 15.121695 10.570620 13.999372
vertex 15.101217 10.549867 13.999372
vertex 15.101217 10.570620 13.999372
endloop
endfacet
facet normal 0 0 0
outer loop
vertex 15.121695 10.570620 13.999372
vertex 15.142170 10.549867 13.999372
vertex 15.121695 10.549867 13.999372
endloop
endfacet
facet normal 0 0 0
outer loop
vertex 15.101217 10.487607 14.019372
vertex 15.080742 10.487607 13.999372
vertex 15.101217 10.487607 13.999372
endloop
endfacet
facet normal 0 0 0
outer loop
vertex 15.121695 10.487607 13.999372
vertex 15.121695 10.487607 14.019372
vertex 15.101217 10.487607 13.999372
endloop
endfacet
facet normal 0 0 0
outer loop
vertex 15.101217 10.487607 13.999372
vertex 15.121695 10.487607 14.019372
vertex 15.101217 10.487607 14.019372
endloop
endfacet
facet normal 0 0 0
outer loop
vertex 15.142170 10.487607 13.999372
vertex 15.121695 10.487607 14.019372
vertex 15.121695 10.487607 13.999372
endloop
endfacet
facet normal 0 0 0
outer loop
vertex 14.998838 10.508360 14.019372
vertex 15.019316 10.508360 13.999372
vertex 15.019316 10.508360 14.019372
endloop
endfacet
facet normal 0 0 0
outer loop
vertex 15.039791 10.508360 13.999372
vertex 15.039791 10.508360 14.019372
vertex 15.019316 10.508360 13.999372
endloop
endfacet
facet normal 0 0 0
outer loop
vertex 15.019316 10.508360 13.999372
vertex 15.039791 10.508360 14.019372
vertex 15.019316 10.508360 14.019372
endloop
endfacet
facet normal 0 0 0
outer loop
vertex 15.060266 10.508360 13.999372
vertex 15.060266 10.508360 14.019372
vertex 15.039791 10.508360 13.999372
endloop
endfacet
facet normal 0 0 0
outer loop
vertex 15.039791 10.508360 13.999372
vertex 15.060266 10.508360 14.019372
vertex 15.039791 10.508360 14.019372
endloop
endfacet
facet normal 0 0 0
outer loop
vertex 15.080742 10.487607 13.999372
vertex 15.080742 10.508360 14.019372
vertex 15.060266 10.508360 13.999372
endloop
endfacet
facet normal 0 0 0
outer loop
vertex 15.080742 10.508360 14.019372
vertex 15.060266 10.508360 14.019372
vertex 15.060266 10.508360 13.999372
endloop
endfacet
facet normal 0 0 0
outer loop
vertex 15.101217 10.487607 14.019372
vertex 15.080742 10.508360 14.019372
vertex 15.080742 10.487607 13.999372
endloop
endfacet
facet normal 0 0 0
outer loop
vertex 15.142170 10.487607 13.999372
vertex 15.142170 10.508360 14.019372
vertex 15.121695 10.487607 14.019372
endloop
endfacet
facet normal 0 0 0
outer loop
vertex 15.142170 10.487607 13.999372
vertex 15.142170 10.508360 13.999372
vertex 15.162645 10.508360 14.019372
endloop
endfacet
facet normal 0 0 0
outer loop
vertex 15.142170 10.487607 13.999372
vertex 15.162645 10.508360 14.019372
vertex 15.142170 10.508360 14.019372
endloop
endfacet
facet normal 0 0 0
outer loop
vertex 14.998838 10.508360 14.019372
vertex 14.978363 10.529113 14.019372
vertex 14.998838 10.529113 13.999372
endloop
endfacet
facet normal 0 0 0
outer loop
vertex 15.019316 10.508360 13.999372
vertex 14.998838 10.508360 14.019372
vertex 14.998838 10.529113 13.999372
endloop
endfacet
facet normal 0 0 0
outer loop
vertex 15.142170 10.508360 13.999372
vertex 15.162645 10.529113 13.999372
vertex 15.162645 10.508360 14.019372
endloop
endfacet
facet normal 0 0 0
outer loop
vertex 15.162645 10.529113 13.999372
vertex 15.183121 10.529113 14.019372
vertex 15.162645 10.508360 14.019372
endloop
endfacet
facet normal 0 0 0
outer loop
vertex 15.183121 10.529113 14.019372
vertex 15.183121 10.508360 14.019372
vertex 15.162645 10.508360 14.019372
endloop
endfacet
facet normal 0 0 0
outer loop
vertex 15.203596 10.508360 14.019372
vertex 15.183121 10.508360 14.019372
vertex 15.203596 10.529113 14.019372
endloop
endfacet
facet normal 0 0 0
outer loop
vertex 15.203596 10.529113 14.019372
vertex 15.183121 10.508360 14.019372
vertex 15.183121 10.529113 14.019372
endloop
endfacet
facet normal 0 0 0
outer loop
vertex 15.224073 10.508360 14.019372
vertex 15.203596 10.508360 14.019372
vertex 15.224073 10.529113 14.019372
endloop
endfacet
facet normal 0 0 0
outer loop
vertex 15.224073 10.529113 14.019372
vertex 15.203596 10.508360 14.019372
vertex 15.203596 10.529113 14.019372
endloop
endfacet
facet normal 0 0 0
outer loop
vertex 14.978363 10.549867 13.999372
vertex 14.978363 10.529113 14.019372
vertex 14.957888 10.549867 14.019372
endloop
endfacet
facet normal 0 0 0
outer loop
vertex 14.978363 10.529113 14.019372
vertex 14.957888 10.529113 14.019372
vertex 14.957888 10.549867 14.019372
endloop
endfacet
facet normal 0 0 0
outer loop
vertex 14.998838 10.529113 13.999372
vertex 14.978363 10.529113 14.019372
vertex 14.978363 10.549867 13.999372
endloop
endfacet
facet normal 0 0 0
outer loop
vertex 15.162645 10.529113 13.999372
vertex 15.142170 10.549867 13.999372
vertex 15.162645 10.549867 14.019372
endloop
endfacet
facet normal 0 0 0
outer loop
vertex 15.162645 10.529113 13.999372
vertex 15.162645 10.549867 14.019372
vertex 15.183121 10.529113 14.019372
endloop
endfacet
facet normal 0 0 0
outer loop
vertex 15.162645 10.549867 14.019372
vertex 15.183121 10.549867 14.019372
vertex 15.183121 10.529113 14.019372
endloop
endfacet
facet normal 0 0 0
outer loop
vertex 15.203596 10.529113 14.019372
vertex 15.183121 10.529113 14.019372
vertex 15.203596 10.549867 14.019372
endloop
endfacet
facet normal 0 0 0
outer loop
vertex 15.203596 10.549867 14.019372
vertex 15.183121 10.529113 14.019372
vertex 15.183121 10.549867 14.019372
endloop
endfacet
facet normal 0 0 0
outer loop
vertex 15.203596 10.549867 14.019372
vertex 15.224073 10.529113 14.019372
vertex 15.203596 10.529113 14.019372
endloop
endfacet
facet normal 0 0 0
outer loop
vertex 14.957888 10.549867 14.019372
vertex 14.937412 10.570620 14.019372
vertex 14.957888 10.570620 14.019372
endloop
endfacet
facet normal 0 0 0
outer loop
vertex 14.978363 10.549867 13.999372
vertex 14.957888 10.570620 14.019372
vertex 14.978363 10.570620 13.999372
endloop
endfacet
facet normal 0 0 0
outer loop
vertex 14.957888 10.549867 14.019372
vertex 14.957888 10.570620 14.019372
vertex 14.978363 10.549867 13.999372
endloop
endfacet
facet normal 0 0 0
outer loop
vertex 15.142170 10.549867 13.999372
vertex 15.121695 10.570620 13.999372
vertex 15.142170 10.570620 14.019372
endloop
endfacet
facet normal 0 0 0
outer loop
vertex 15.142170 10.549867 13.999372
vertex 15.142170 10.570620 14.019372
vertex 15.162645 10.549867 14.019372
endloop
endfacet
facet normal 0 0 0
outer loop
vertex 15.142170 10.570620 14.019372
vertex 15.162645 10.570620 14.019372
vertex 15.162645 10.549867 14.019372
endloop
endfacet
facet normal 0 0 0
outer loop
vertex 15.183121 10.549867 14.019372
vertex 15.162645 10.549867 14.019372
vertex 15.183121 10.570620 14.019372
endloop
endfacet
facet normal 0 0 0
outer loop
vertex 15.183121 10.570620 14.019372
vertex 15.162645 10.549867 14.019372
vertex 15.162645 10.570620 14.019372
endloop
endfacet
facet normal 0 0 0
outer loop
vertex 15.183121 10.570620 14.019372
vertex 15.203596 10.549867 14.019372
vertex 15.183121 10.549867 14.019372
endloop
endfacet
facet normal 0 0 0
outer loop
vertex 14.957888 10.570620 14.019372
vertex 14.937412 10.570620 14.019372
vertex 14.957888 10.591373 14.019372
endloop
endfacet
facet normal 0 0 0
outer loop
vertex 14.957888 10.591373 14.019372
vertex 14.937412 10.570620 14.019372
vertex 14.937412 10.591373 14.019372
endloop
endfacet
facet normal 0 0 0
outer loop
vertex 14.978363 10.570620 13.999372
vertex 14.957888 10.570620 14.019372
vertex 14.978363 10.591373 14.019372
endloop
endfacet
facet normal 0 0 0
outer loop
vertex 14.957888 10.570620 14.019372
vertex 14.957888 10.591373 14.019372
vertex 14.978363 10.591373 14.019372
endloop
endfacet
facet normal 0 0 0
outer loop
vertex 14.978363 10.570620 13.999372
vertex 14.998838 10.591373 14.019372
vertex 14.998838 10.570620 13.999372
endloop
endfacet
facet normal 0 0 0
outer loop
vertex 14.978363 10.591373 14.019372
vertex 14.998838 10.591373 14.019372
vertex 14.978363 10.570620 13.999372
endloop
endfacet
facet normal 0 0 0
outer loop
vertex 14.998838 10.570620 13.999372
vertex 15.019316 10.591373 14.019372
vertex 15.019316 10.570620 13.999372
endloop
endfacet
facet normal 0 0 0
outer loop
vertex 14.998838 10.591373 14.019372
vertex 15.019316 10.591373 14.019372
vertex 14.998838 10.570620 13.999372
endloop
endfacet
facet normal 0 0 0
outer loop
vertex 15.019316 10.570620 13.999372
vertex 15.039791 10.591373 14.019372
vertex 15.039791 10.570620 13.999372
endloop
endfacet
facet normal 0 0 0
outer loop
vertex 15.019316 10.591373 14.019372
vertex 15.039791 10.591373 14.019372
vertex 15.019316 10.570620 13.999372
endloop
endfacet
facet normal 0 0 0
outer loop
vertex 15.039791 10.570620 13.999372
vertex 15.060266 10.591373 14.019372
vertex 15.060266 10.570620 13.999372
endloop
endfacet
facet normal 0 0 0
outer loop
vertex 15.039791 10.591373 14.019372
vertex 15.060266 10.591373 14.019372
vertex 15.039791 10.570620 13.999372
endloop
endfacet
facet normal 0 0 0
outer loop
vertex 15.060266 10.570620 13.999372
vertex 15.080742 10.591373 14.019372
vertex 15.080742 10.570620 13.999372
endloop
endfacet
facet normal 0 0 0
outer loop
vertex 15.060266 10.591373 14.019372
vertex 15.080742 10.591373 14.019372
vertex 15.060266 10.570620 13.999372
endloop
endfacet
facet normal 0 0 0
outer loop
vertex 15.080742 10.570620 13.999372
vertex 15.101217 10.591373 14.019372
vertex 15.101217 10.570620 13.999372
endloop
endfacet
facet normal 0 0 0
outer loop
vertex 15.080742 10.591373 14.019372
vertex 15.101217 10.591373 14.019372
vertex 15.080742 10.570620 13.999372
endloop
endfacet
facet normal 0 0 0
outer loop
vertex 15.101217 10.570620 13.999372
vertex 15.121695 10.591373 14.019372
vertex 15.121695 10.570620 13.999372
endloop
endfacet
facet normal 0 0 0
outer loop
vertex 15.101217 10.591373 14.019372
vertex 15.121695 10.591373 14.019372
vertex 15.101217 10.570620 13.999372
endloop
endfacet
facet normal 0 0 0
outer loop
vertex 15.121695 10.570620 13.999372
vertex 15.121695 10.591373 14.019372
vertex 15.142170 10.570620 14.019372
endloop
endfacet
facet normal 0 0 0
outer loop
vertex 15.121695 10.591373 14.019372
vertex 15.142170 10.591373 14.019372
vertex 15.142170 10.570620 14.019372
endloop
endfacet
facet normal 0 0 0
outer loop
vertex 15.142170 10.591373 14.019372
vertex 15.162645 10.570620 14.019372
vertex 15.142170 10.570620 14.019372
endloop
endfacet
facet normal 0 0 0
outer loop
vertex 14.937412 10.591373 14.019372
vertex 14.957888 10.612126 14.019372
vertex 14.957888 10.591373 14.019372
endloop
endfacet
facet normal 0 0 0
outer loop
vertex 14.978363 10.591373 14.019372
vertex 14.957888 10.591373 14.019372
vertex 14.978363 10.612126 14.019372
endloop
endfacet
facet normal 0 0 0
outer loop
vertex 14.978363 10.612126 14.019372
vertex 14.957888 10.591373 14.019372
vertex 14.957888 10.612126 14.019372
endloop
endfacet
facet normal 0 0 0
outer loop
vertex 14.998838 10.591373 14.019372
vertex 14.978363 10.591373 14.019372
vertex 14.998838 10.612126 14.019372
endloop
endfacet
facet normal 0 0 0
outer loop
vertex 14.998838 10.612126 14.019372
vertex 14.978363 10.591373 14.019372
vertex 14.978363 10.612126 14.019372
endloop
endfacet
facet normal 0 0 0
outer loop
vertex 15.019316 10.591373 14.019372
vertex 14.998838 10.591373 14.019372
vertex 15.019316 10.612126 14.019372
endloop
endfacet
facet normal 0 0 0
outer loop
vertex 15.019316 10.612126 14.019372
vertex 14.998838 10.591373 14.019372
vertex 14.998838 10.612126 14.019372
endloop
endfacet
facet normal 0 0 0
outer loop
vertex 15.039791 10.591373 14.019372
vertex 15.019316 10.591373 14.019372
vertex 15.039791 10.612126 14.019372
endloop
endfacet
facet normal 0 0 0
outer loop
vertex 15.039791 10.612126 14.019372
vertex 15.019316 10.591373 14.019372
vertex 15.019316 10.612126 14.019372
endloop
endfacet
facet normal 0 0 0
outer loop
vertex 15.039791 10.612126 14.019372
vertex 15.060266 10.591373 14.019372
vertex 15.039791 10.591373 14.019372
endloop
endfacet
facet normal 0 0 0
outer loop
vertex 15.019316 10.508360 14.019372
vertex 15.019316 10.508360 14.039371
vertex 14.998838 10.508360 14.019372
endloop
endfacet
facet normal 0 0 0
outer loop
vertex 14.998838 10.508360 14.019372
vertex 15.019316 10.508360 14.039371
vertex 14.998838 10.508360 14.039371
endloop
endfacet
facet normal 0 0 0
outer loop
vertex 15.039791 10.508360 14.019372
vertex 15.039791 10.508360 14.039371
vertex 15.019316 10.508360 14.019372
endloop
endfacet
facet normal 0 0 0
outer loop
vertex 15.019316 10.508360 14.019372
vertex 15.039791 10.508360 14.039371
vertex 15.019316 10.508360 14.039371
endloop
endfacet
facet normal 0 0 0
outer loop
vertex 15.060266 10.508360 14.019372
vertex 15.060266 10.508360 14.039371
vertex 15.039791 10.508360 14.019372
endloop
endfacet
facet normal 0 0 0
outer loop
vertex 15.039791 10.508360 14.019372
vertex 15.060266 10.508360 14.039371
vertex 15.039791 10.508360 14.039371
endloop
endfacet
facet normal 0 0 0
outer loop
vertex 15.080742 10.508360 14.019372
vertex 15.080742 10.508360 14.039371
vertex 15.060266 10.508360 14.019372
endloop
endfacet
facet normal 0 0 0
outer loop
vertex 15.060266 10.508360 14.019372
vertex 15.080742 10.508360 14.039371
vertex 15.060266 10.508360 14.039371
endloop
endfacet
facet normal 0 0 0
outer loop
vertex 15.101217 10.487607 14.019372
vertex 15.101217 10.508360 14.039371
vertex 15.080742 10.508360 14.019372
endloop
endfacet
facet normal 0 0 0
outer loop
vertex 15.101217 10.508360 14.039371
vertex 15.080742 10.508360 14.039371
vertex 15.080742 10.508360 14.019372
endloop
endfacet
facet normal 0 0 0
outer loop
vertex 15.121695 10.487607 14.019372
vertex 15.101217 10.508360 14.039371
vertex 15.101217 10.487607 14.019372
endloop
endfacet
facet normal 0 0 0
outer loop
vertex 15.121695 10.508360 14.039371
vertex 15.101217 10.508360 14.039371
vertex 15.121695 10.487607 14.019372
endloop
endfacet
facet normal 0 0 0
outer loop
vertex 15.121695 10.487607 14.019372
vertex 15.142170 10.508360 14.019372
vertex 15.121695 10.508360 14.039371
endloop
endfacet
facet normal 0 0 0
outer loop
vertex 15.142170 10.508360 14.019372
vertex 15.142170 10.508360 14.039371
vertex 15.121695 10.508360 14.039371
endloop
endfacet
facet normal 0 0 0
outer loop
vertex 15.162645 10.508360 14.019372
vertex 15.162645 10.508360 14.039371
vertex 15.142170 10.508360 14.019372
endloop
endfacet
facet normal 0 0 0
outer loop
vertex 15.142170 10.508360 14.019372
vertex 15.162645 10.508360 14.039371
vertex 15.142170 10.508360 14.039371
endloop
endfacet
facet normal 0 0 0
outer loop
vertex 15.183121 10.508360 14.019372
vertex 15.162645 10.508360 14.039371
vertex 15.162645 10.508360 14.019372
endloop
endfacet
facet normal 0 0 0
outer loop
vertex 14.978363 10.529113 14.039371
vertex 14.957888 10.529113 14.019372
vertex 14.978363 10.529113 14.019372
endloop
endfacet
facet normal 0 0 0
outer loop
vertex 14.998838 10.508360 14.039371
vertex 14.978363 10.529113 14.019372
vertex 14.998838 10.508360 14.019372
endloop
endfacet
facet normal 0 0 0
outer loop
vertex 14.978363 10.529113 14.039371
vertex 14.978363 10.529113 14.019372
vertex 14.998838 10.508360 14.039371
endloop
endfacet
facet normal 0 0 0
outer loop
vertex 15.183121 10.508360 14.019372
vertex 15.183121 10.529113 14.039371
vertex 15.162645 10.508360 14.039371
endloop
endfacet
facet normal 0 0 0
outer loop
vertex 15.203596 10.508360 14.019372
vertex 15.183121 10.529113 14.039371
vertex 15.183121 10.508360 14.019372
endloop
endfacet
facet normal 0 0 0
outer loop
vertex 15.203596 10.529113 14.039371
vertex 15.183121 10.529113 14.039371
vertex 15.203596 10.508360 14.019372
endloop
endfacet
facet normal 0 0 0
outer loop
vertex 15.224073 10.508360 14.019372
vertex 15.203596 10.529113 14.039371
vertex 15.203596 10.508360 14.019372
endloop
endfacet
facet normal 0 0 0
outer loop
vertex 15.224073 10.529113 14.039371
vertex 15.203596 10.529113 14.039371
vertex 15.224073 10.508360 14.019372
endloop
endfacet
facet normal 0 0 0
outer loop
vertex 15.224073 10.529113 14.039371
vertex 15.224073 10.508360 14.019372
vertex 15.224073 10.529113 14.019372
endloop
endfacet
facet normal 0 0 0
outer loop
vertex 14.957888 10.529113 14.019372
vertex 14.957888 10.549867 14.039371
vertex 14.957888 10.549867 14.019372
endloop
endfacet
facet normal 0 0 0
outer loop
vertex 14.978363 10.529113 14.039371
vertex 14.957888 10.549867 14.039371
vertex 14.957888 10.529113 14.019372
endloop
endfacet
facet normal 0 0 0
outer loop
vertex 15.224073 10.529113 14.019372
vertex 15.203596 10.549867 14.019372
vertex 15.224073 10.549867 14.039371
endloop
endfacet
facet normal 0 0 0
outer loop
vertex 15.224073 10.529113 14.019372
vertex 15.224073 10.549867 14.039371
vertex 15.224073 10.529113 14.039371
endloop
endfacet
facet normal 0 0 0
outer loop
vertex 14.937412 10.570620 14.019372
vertex 14.957888 10.549867 14.019372
vertex 14.957888 10.570620 14.039371
endloop
endfacet
facet normal 0 0 0
outer loop
vertex 14.957888 10.549867 14.019372
vertex 14.957888 10.549867 14.039371
vertex 14.957888 10.570620 14.039371
endloop
endfacet
facet normal 0 0 0
outer loop
vertex 15.203596 10.549867 14.019372
vertex 15.183121 10.570620 14.019372
vertex 15.203596 10.570620 14.039371
endloop
endfacet
facet normal 0 0 0
outer loop
vertex 15.203596 10.549867 14.019372
vertex 15.203596 10.570620 14.039371
vertex 15.224073 10.549867 14.039371
endloop
endfacet
facet normal 0 0 0
outer loop
vertex 15.203596 10.570620 14.039371
vertex 15.224073 10.570620 14.039371
vertex 15.224073 10.549867 14.039371
endloop
endfacet
facet normal 0 0 0
outer loop
vertex 14.957888 10.591373 14.039371
vertex 14.937412 10.570620 14.019372
vertex 14.957888 10.570620 14.039371
endloop
endfacet
facet normal 0 0 0
outer loop
vertex 14.937412 10.591373 14.019372
vertex 14.937412 10.570620 14.019372
vertex 14.957888 10.591373 14.039371
endloop
endfacet
facet normal 0 0 0
outer loop
vertex 15.162645 10.570620 14.019372
vertex 15.142170 10.591373 14.019372
vertex 15.162645 10.591373 14.039371
endloop
endfacet
facet normal 0 0 0
outer loop
vertex 15.162645 10.570620 14.019372
vertex 15.183121 10.591373 14.039371
vertex 15.183121 10.570620 14.019372
endloop
endfacet
facet normal 0 0 0
outer loop
vertex 15.162645 10.591373 14.039371
vertex 15.183121 10.591373 14.039371
vertex 15.162645 10.570620 14.019372
endloop
endfacet
facet normal 0 0 0
outer loop
vertex 15.183121 10.570620 14.019372
vertex 15.183121 10.591373 14.039371
vertex 15.203596 10.570620 14.039371
endloop
endfacet
facet normal 0 0 0
outer loop
vertex 15.183121 10.591373 14.039371
vertex 15.203596 10.591373 14.039371
vertex 15.203596 10.570620 14.039371
endloop
endfacet
facet normal 0 0 0
outer loop
vertex 15.224073 10.570620 14.039371
vertex 15.203596 10.570620 14.039371
vertex 15.224073 10.591373 14.039371
endloop
endfacet
facet normal 0 0 0
outer loop
vertex 15.224073 10.591373 14.039371
vertex 15.203596 10.570620 14.039371
vertex 15.203596 10.591373 14.039371
endloop
endfacet
facet normal 0 0 0
outer loop
vertex 15.244549 10.591373 14.039371
vertex 15.224073 10.570620 14.039371
vertex 15.224073 10.591373 14.039371
endloop
endfacet
facet normal 0 0 0
outer loop
vertex 14.937412 10.612126 14.039371
vertex 14.957888 10.612126 14.019372
vertex 14.957888 10.591373 14.039371
endloop
endfacet
facet normal 0 0 0
outer loop
vertex 14.937412 10.591373 14.019372
vertex 14.957888 10.591373 14.039371
vertex 14.957888 10.612126 14.019372
endloop
endfacet
facet normal 0 0 0
outer loop
vertex 15.060266 10.591373 14.019372
vertex 15.039791 10.612126 14.019372
vertex 15.060266 10.612126 14.039371
endloop
endfacet
facet normal 0 0 0
outer loop
vertex 15.060266 10.591373 14.019372
vertex 15.080742 10.612126 14.039371
vertex 15.080742 10.591373 14.019372
endloop
endfacet
facet normal 0 0 0
outer loop
vertex 15.060266 10.612126 14.039371
vertex 15.080742 10.612126 14.039371
vertex 15.060266 10.591373 14.019372
endloop
endfacet
facet normal 0 0 0
outer loop
vertex 15.080742 10.591373 14.019372
vertex 15.101217 10.612126 14.039371
vertex 15.101217 10.591373 14.019372
endloop
endfacet
facet normal 0 0 0
outer loop
vertex 15.080742 10.612126 14.039371
vertex 15.101217 10.612126 14.039371
vertex 15.080742 10.591373 14.019372
endloop
endfacet
facet normal 0 0 0
outer loop
vertex 15.101217 10.591373 14.019372
vertex 15.121695 10.612126 14.039371
vertex 15.121695 10.591373 14.019372
endloop
endfacet
facet normal 0 0 0
outer loop
vertex 15.101217 10.612126 14.039371
vertex 15.121695 10.612126 14.039371
vertex 15.101217 10.591373 14.019372
endloop
endfacet
facet normal 0 0 0
outer loop
vertex 15.121695 10.591373 14.019372
vertex 15.142170 10.612126 14.039371
vertex 15.142170 10.591373 14.019372
endloop
endfacet
facet normal 0 0 0
outer loop
vertex 15.121695 10.612126 14.039371
vertex 15.142170 10.612126 14.039371
vertex 15.121695 10.591373 14.019372
endloop
endfacet
facet normal 0 0 0
outer loop
vertex 15.142170 10.591373 14.019372
vertex 15.142170 10.612126 14.039371
vertex 15.162645 10.591373 14.039371
endloop
endfacet
facet normal 0 0 0
outer loop
vertex 15.142170 10.612126 14.039371
vertex 15.162645 10.612126 14.039371
vertex 15.162645 10.591373 14.039371
endloop
endfacet
facet normal 0 0 0
outer loop
vertex 15.183121 10.591373 14.039371
vertex 15.162645 10.591373 14.039371
vertex 15.183121 10.612126 14.039371
endloop
endfacet
facet normal 0 0 0
outer loop
vertex 15.183121 10.612126 14.039371
vertex 15.162645 10.591373 14.039371
vertex 15.162645 10.612126 14.039371
endloop
endfacet
facet normal 0 0 0
outer loop
vertex 15.183121 10.612126 14.039371
vertex 15.203596 10.591373 14.039371
vertex 15.183121 10.591373 14.039371
endloop
endfacet
facet normal 0 0 0
outer loop
vertex 14.957888 10.612126 14.019372
vertex 14.937412 10.612126 14.039371
vertex 14.957888 10.632880 14.039371
endloop
endfacet
facet normal 0 0 0
outer loop
vertex 14.957888 10.612126 14.019372
vertex 14.978363 10.632880 14.039371
vertex 14.978363 10.612126 14.019372
endloop
endfacet
facet normal 0 0 0
outer loop
vertex 14.957888 10.632880 14.039371
vertex 14.978363 10.632880 14.039371
vertex 14.957888 10.612126 14.019372
endloop
endfacet
facet normal 0 0 0
outer loop
vertex 14.978363 10.612126 14.019372
vertex 14.998838 10.632880 14.039371
vertex 14.998838 10.612126 14.019372
endloop
endfacet
facet normal 0 0 0
outer loop
vertex 14.978363 10.632880 14.039371
vertex 14.998838 10.632880 14.039371
vertex 14.978363 10.612126 14.019372
endloop
endfacet
facet normal 0 0 0
outer loop
vertex 14.998838 10.612126 14.019372
vertex 15.019316 10.632880 14.039371
vertex 15.019316 10.612126 14.019372
endloop
endfacet
facet normal 0 0 0
outer loop
vertex 14.998838 10.632880 14.039371
vertex 15.019316 10.632880 14.039371
vertex 14.998838 10.612126 14.019372
endloop
endfacet
facet normal 0 0 0
outer loop
vertex 15.019316 10.612126 14.019372
vertex 15.039791 10.632880 14.039371
vertex 15.039791 10.612126 14.019372
endloop
endfacet
facet normal 0 0 0
outer loop
vertex 15.019316 10.632880 14.039371
vertex 15.039791 10.632880 14.039371
vertex 15.019316 10.612126 14.019372
endloop
endfacet
facet normal 0 0 0
outer loop
vertex 15.039791 10.612126 14.019372
vertex 15.039791 10.632880 14.039371
vertex 15.060266 10.612126 14.039371
endloop
endfacet
facet normal 0 0 0
outer loop
vertex 15.039791 10.632880 14.039371
vertex 15.060266 10.632880 14.039371
vertex 15.060266 10.612126 14.039371
endloop
endfacet
facet normal 0 0 0
outer loop
vertex 15.080742 10.612126 14.039371
vertex 15.060266 10.612126 14.039371
vertex 15.080742 10.632880 14.039371
endloop
endfacet
facet normal 0 0 0
outer loop
vertex 15.080742 10.632880 14.039371
vertex 15.060266 10.612126 14.039371
vertex 15.060266 10.632880 14.039371
endloop
endfacet
facet normal 0 0 0
outer loop
vertex 15.101217 10.612126 14.039371
vertex 15.080742 10.612126 14.039371
vertex 15.101217 10.632880 14.039371
endloop
endfacet
facet normal 0 0 0
outer loop
vertex 15.101217 10.632880 14.039371
vertex 15.080742 10.612126 14.039371
vertex 15.080742 10.632880 14.039371
endloop
endfacet
facet normal 0 0 0
outer loop
vertex 15.121695 10.612126 14.039371
vertex 15.101217 10.612126 14.039371
vertex 15.121695 10.632880 14.039371
endloop
endfacet
facet normal 0 0 0
outer loop
vertex 15.121695 10.632880 14.039371
vertex 15.101217 10.612126 14.039371
vertex 15.101217 10.632880 14.039371
endloop
endfacet
facet normal 0 0 0
outer loop
vertex 15.121695 10.632880 14.039371
vertex 15.142170 10.612126 14.039371
vertex 15.121695 10.612126 14.039371
endloop
endfacet
facet normal 0 0 0
outer loop
vertex 14.957888 10.632880 14.039371
vertex 14.978363 10.653633 14.039371
vertex 14.978363 10.632880 14.039371
endloop
endfacet
facet normal 0 0 0
outer loop
vertex 14.998838 10.632880 14.039371
vertex 14.978363 10.632880 14.039371
vertex 14.998838 10.653633 14.039371
endloop
endfacet
facet normal 0 0 0
outer loop
vertex 14.998838 10.653633 14.039371
vertex 14.978363 10.632880 14.039371
vertex 14.978363 10.653633 14.039371
endloop
endfacet
facet normal 0 0 0
outer loop
vertex 15.019316 10.632880 14.039371
vertex 14.998838 10.632880 14.039371
vertex 15.019316 10.653633 14.039371
endloop
endfacet
facet normal 0 0 0
outer loop
vertex 15.019316 10.653633 14.039371
vertex 14.998838 10.632880 14.039371
vertex 14.998838 10.653633 14.039371
endloop
endfacet
facet normal 0 0 0
outer loop
vertex 15.039791 10.632880 14.039371
vertex 15.019316 10.632880 14.039371
vertex 15.039791 10.653633 14.039371
endloop
endfacet
facet normal 0 0 0
outer loop
vertex 15.039791 10.653633 14.039371
vertex 15.019316 10.632880 14.039371
vertex 15.019316 10.653633 14.039371
endloop
endfacet
facet normal 0 0 0
outer loop
vertex 15.039791 10.653633 14.039371
vertex 15.060266 10.632880 14.039371
vertex 15.039791 10.632880 14.039371
endloop
endfacet
facet normal 0 0 0
outer loop
vertex 14.978363 10.508360 14.059372
vertex 14.998838 10.508360 14.039371
vertex 14.998838 10.508360 14.059372
endloop
endfacet
facet normal 0 0 0
outer loop
vertex 15.019316 10.508360 14.039371
vertex 15.019316 10.508360 14.059372
vertex 14.998838 10.508360 14.039371
endloop
endfacet
facet normal 0 0 0
outer loop
vertex 14.998838 10.508360 14.039371
vertex 15.019316 10.508360 14.059372
vertex 14.998838 10.508360 14.059372
endloop
endfacet
facet normal 0 0 0
outer loop
vertex 15.039791 10.508360 14.039371
vertex 15.039791 10.508360 14.059372
vertex 15.019316 10.508360 14.039371
endloop
endfacet
facet normal 0 0 0
outer loop
vertex 15.019316 10.508360 14.039371
vertex 15.039791 10.508360 14.059372
vertex 15.019316 10.508360 14.059372
endloop
endfacet
facet normal 0 0 0
outer loop
vertex 15.060266 10.508360 14.039371
vertex 15.060266 10.508360 14.059372
vertex 15.039791 10.508360 14.039371
endloop
endfacet
facet normal 0 0 0
outer loop
vertex 15.039791 10.508360 14.039371
vertex 15.060266 10.508360 14.059372
vertex 15.039791 10.508360 14.059372
endloop
endfacet
facet normal 0 0 0
outer loop
vertex 15.080742 10.508360 14.039371
vertex 15.080742 10.508360 14.059372
vertex 15.060266 10.508360 14.039371
endloop
endfacet
facet normal 0 0 0
outer loop
vertex 15.060266 10.508360 14.039371
vertex 15.080742 10.508360 14.059372
vertex 15.060266 10.508360 14.059372
endloop
endfacet
facet normal 0 0 0
outer loop
vertex 15.101217 10.508360 14.039371
vertex 15.101217 10.508360 14.059372
vertex 15.080742 10.508360 14.039371
endloop
endfacet
facet normal 0 0 0
outer loop
vertex 15.080742 10.508360 14.039371
vertex 15.101217 10.508360 14.059372
vertex 15.080742 10.508360 14.059372
endloop
endfacet
facet normal 0 0 0
outer loop
vertex 15.121695 10.508360 14.039371
vertex 15.121695 10.508360 14.059372
vertex 15.101217 10.508360 14.039371
endloop
endfacet
facet normal 0 0 0
outer loop
vertex 15.101217 10.508360 14.039371
vertex 15.121695 10.508360 14.059372
vertex 15.101217 10.508360 14.059372
endloop
endfacet
facet normal 0 0 0
outer loop
vertex 15.142170 10.508360 14.039371
vertex 15.142170 10.508360 14.059372
vertex 15.121695 10.508360 14.039371
endloop
endfacet
facet normal 0 0 0
outer loop
vertex 15.121695 10.508360 14.039371
vertex 15.142170 10.508360 14.059372
vertex 15.121695 10.508360 14.059372
endloop
endfacet
facet normal 0 0 0
outer loop
vertex 15.162645 10.508360 14.039371
vertex 15.162645 10.508360 14.059372
vertex 15.142170 10.508360 14.039371
endloop
endfacet
facet normal 0 0 0
outer loop
vertex 15.142170 10.508360 14.039371
vertex 15.162645 10.508360 14.059372
vertex 15.142170 10.508360 14.059372
endloop
endfacet
facet normal 0 0 0
outer loop
vertex 15.162645 10.508360 14.039371
vertex 15.183121 10.508360 14.059372
vertex 15.162645 10.508360 14.059372
endloop
endfacet
facet normal 0 0 0
outer loop
vertex 14.978363 10.529113 14.039371
vertex 14.978363 10.508360 14.059372
vertex 14.978363 10.529113 14.059372
endloop
endfacet
facet normal 0 0 0
outer loop
vertex 14.998838 10.508360 14.039371
vertex 14.978363 10.508360 14.059372
vertex 14.978363 10.529113 14.039371
endloop
endfacet
facet normal 0 0 0
outer loop
vertex 15.162645 10.508360 14.039371
vertex 15.183121 10.529113 14.039371
vertex 15.183121 10.508360 14.059372
endloop
endfacet
facet normal 0 0 0
outer loop
vertex 15.183121 10.508360 14.059372
vertex 15.183121 10.529113 14.039371
vertex 15.203596 10.529113 14.059372
endloop
endfacet
facet normal 0 0 0
outer loop
vertex 15.183121 10.529113 14.039371
vertex 15.203596 10.529113 14.039371
vertex 15.203596 10.529113 14.059372
endloop
endfacet
facet normal 0 0 0
outer loop
vertex 15.224073 10.529113 14.039371
vertex 15.224073 10.529113 14.059372
vertex 15.203596 10.529113 14.039371
endloop
endfacet
facet normal 0 0 0
outer loop
vertex 15.203596 10.529113 14.039371
vertex 15.224073 10.529113 14.059372
vertex 15.203596 10.529113 14.059372
endloop
endfacet
facet normal 0 0 0
outer loop
vertex 14.978363 10.529113 14.059372
vertex 14.957888 10.549867 14.039371
vertex 14.978363 10.529113 14.039371
endloop
endfacet
facet normal 0 0 0
outer loop
vertex 14.957888 10.549867 14.059372
vertex 14.957888 10.549867 14.039371
vertex 14.978363 10.529113 14.059372
endloop
endfacet
facet normal 0 0 0
outer loop
vertex 15.244549 10.549867 14.059372
vertex 15.224073 10.529113 14.059372
vertex 15.224073 10.549867 14.039371
endloop
endfacet
facet normal 0 0 0
outer loop
vertex 15.224073 10.529113 14.059372
vertex 15.224073 10.529113 14.039371
vertex 15.224073 10.549867 14.039371
endloop
endfacet
facet normal 0 0 0
outer loop
vertex 14.957888 10.549867 14.039371
vertex 14.957888 10.549867 14.059372
vertex 14.957888 10.570620 14.039371
endloop
endfacet
facet normal 0 0 0
outer loop
vertex 14.957888 10.549867 14.059372
vertex 14.957888 10.570620 14.059372
vertex 14.957888 10.570620 14.039371
endloop
endfacet
facet normal 0 0 0
outer loop
vertex 15.244549 10.549867 14.059372
vertex 15.224073 10.570620 14.039371
vertex 15.244549 10.570620 14.059372
endloop
endfacet
facet normal 0 0 0
outer loop
vertex 15.224073 10.549867 14.039371
vertex 15.224073 10.570620 14.039371
vertex 15.244549 10.549867 14.059372
endloop
endfacet
facet normal 0 0 0
outer loop
vertex 14.957888 10.570620 14.039371
vertex 14.957888 10.570620 14.059372
vertex 14.957888 10.591373 14.039371
endloop
endfacet
facet normal 0 0 0
outer loop
vertex 14.957888 10.570620 14.059372
vertex 14.957888 10.591373 14.059372
vertex 14.957888 10.591373 14.039371
endloop
endfacet
facet normal 0 0 0
outer loop
vertex 15.244549 10.591373 14.039371
vertex 15.224073 10.591373 14.059372
vertex 15.224073 10.570620 14.039371
endloop
endfacet
facet normal 0 0 0
outer loop
vertex 15.244549 10.570620 14.059372
vertex 15.224073 10.570620 14.039371
vertex 15.224073 10.591373 14.059372
endloop
endfacet
facet normal 0 0 0
outer loop
vertex 14.957888 10.591373 14.059372
vertex 14.937412 10.612126 14.039371
vertex 14.957888 10.591373 14.039371
endloop
endfacet
facet normal 0 0 0
outer loop
vertex 14.937412 10.612126 14.059372
vertex 14.937412 10.612126 14.039371
vertex 14.957888 10.591373 14.059372
endloop
endfacet
facet normal 0 0 0
outer loop
vertex 15.203596 10.591373 14.039371
vertex 15.183121 10.612126 14.039371
vertex 15.203596 10.612126 14.059372
endloop
endfacet
facet normal 0 0 0
outer loop
vertex 15.203596 10.591373 14.039371
vertex 15.224073 10.612126 14.059372
vertex 15.224073 10.591373 14.039371
endloop
endfacet
facet normal 0 0 0
outer loop
vertex 15.203596 10.612126 14.059372
vertex 15.224073 10.612126 14.059372
vertex 15.203596 10.591373 14.039371
endloop
endfacet
facet normal 0 0 0
outer loop
vertex 15.244549 10.591373 14.039371
vertex 15.224073 10.612126 14.059372
vertex 15.224073 10.591373 14.059372
endloop
endfacet
facet normal 0 0 0
outer loop
vertex 15.244549 10.591373 14.039371
vertex 15.224073 10.591373 14.039371
vertex 15.224073 10.612126 14.059372
endloop
endfacet
facet normal 0 0 0
outer loop
vertex 14.957888 10.632880 14.039371
vertex 14.937412 10.612126 14.039371
vertex 14.957888 10.612126 14.059372
endloop
endfacet
facet normal 0 0 0
outer loop
vertex 14.937412 10.612126 14.039371
vertex 14.937412 10.612126 14.059372
vertex 14.957888 10.612126 14.059372
endloop
endfacet
facet normal 0 0 0
outer loop
vertex 14.957888 10.612126 14.059372
vertex 14.978363 10.632880 14.059372
vertex 14.957888 10.632880 14.039371
endloop
endfacet
facet normal 0 0 0
outer loop
vertex 15.142170 10.612126 14.039371
vertex 15.121695 10.632880 14.039371
vertex 15.142170 10.632880 14.059372
endloop
endfacet
facet normal 0 0 0
outer loop
vertex 15.142170 10.612126 14.039371
vertex 15.162645 10.632880 14.059372
vertex 15.162645 10.612126 14.039371
endloop
endfacet
facet normal 0 0 0
outer loop
vertex 15.142170 10.632880 14.059372
vertex 15.162645 10.632880 14.059372
vertex 15.142170 10.612126 14.039371
endloop
endfacet
facet normal 0 0 0
outer loop
vertex 15.162645 10.612126 14.039371
vertex 15.183121 10.632880 14.059372
vertex 15.183121 10.612126 14.039371
endloop
endfacet
facet normal 0 0 0
outer loop
vertex 15.162645 10.632880 14.059372
vertex 15.183121 10.632880 14.059372
vertex 15.162645 10.612126 14.039371
endloop
endfacet
facet normal 0 0 0
outer loop
vertex 15.183121 10.612126 14.039371
vertex 15.183121 10.632880 14.059372
vertex 15.203596 10.612126 14.059372
endloop
endfacet
facet normal 0 0 0
outer loop
vertex 15.183121 10.632880 14.059372
vertex 15.203596 10.632880 14.059372
vertex 15.203596 10.612126 14.059372
endloop
endfacet
facet normal 0 0 0
outer loop
vertex 15.224073 10.612126 14.059372
vertex 15.203596 10.612126 14.059372
vertex 15.224073 10.632880 14.059372
endloop
endfacet
facet normal 0 0 0
outer loop
vertex 15.224073 10.632880 14.059372
vertex 15.203596 10.612126 14.059372
vertex 15.203596 10.632880 14.059372
endloop
endfacet
facet normal 0 0 0
outer loop
vertex 14.957888 10.632880 14.039371
vertex 14.978363 10.632880 14.059372
vertex 14.978363 10.653633 14.039371
endloop
endfacet
facet normal 0 0 0
outer loop
vertex 14.978363 10.632880 14.059372
vertex 14.978363 10.653633 14.059372
vertex 14.978363 10.653633 14.039371
endloop
endfacet
facet normal 0 0 0
outer loop
vertex 15.039791 10.653633 14.039371
vertex 15.019316 10.653633 14.059372
vertex 15.039791 10.632880 14.059372
endloop
endfacet
facet normal 0 0 0
outer loop
vertex 15.039791 10.653633 14.039371
vertex 15.039791 10.632880 14.059372
vertex 15.060266 10.632880 14.039371
endloop
endfacet
facet normal 0 0 0
outer loop
vertex 15.060266 10.653633 14.059372
vertex 15.060266 10.632880 14.039371
vertex 15.039791 10.632880 14.059372
endloop
endfacet
facet normal 0 0 0
outer loop
vertex 15.060266 10.632880 14.039371
vertex 15.080742 10.653633 14.059372
vertex 15.080742 10.632880 14.039371
endloop
endfacet
facet normal 0 0 0
outer loop
vertex 15.060266 10.653633 14.059372
vertex 15.080742 10.653633 14.059372
vertex 15.060266 10.632880 14.039371
endloop
endfacet
facet normal 0 0 0
outer loop
vertex 15.080742 10.632880 14.039371
vertex 15.101217 10.653633 14.059372
vertex 15.101217 10.632880 14.039371
endloop
endfacet
facet normal 0 0 0
outer loop
vertex 15.080742 10.653633 14.059372
vertex 15.101217 10.653633 14.059372
vertex 15.080742 10.632880 14.039371
endloop
endfacet
facet normal 0 0 0
outer loop
vertex 15.101217 10.632880 14.039371
vertex 15.121695 10.653633 14.059372
vertex 15.121695 10.632880 14.039371
endloop
endfacet
facet normal 0 0 0
outer loop
vertex 15.101217 10.653633 14.059372
vertex 15.121695 10.653633 14.059372
vertex 15.101217 10.632880 14.039371
endloop
endfacet
facet normal 0 0 0
outer loop
vertex 15.121695 10.632880 14.039371
vertex 15.121695 10.653633 14.059372
vertex 15.142170 10.632880 14.059372
endloop
endfacet
facet normal 0 0 0
outer loop
vertex 15.121695 10.653633 14.059372
vertex 15.142170 10.653633 14.059372
vertex 15.142170 10.632880 14.059372
endloop
endfacet
facet normal 0 0 0
outer loop
vertex 15.142170 10.653633 14.059372
vertex 15.162645 10.632880 14.059372
vertex 15.142170 10.632880 14.059372
endloop
endfacet
facet normal 0 0 0
outer loop
vertex 14.998838 10.653633 14.039371
vertex 14.978363 10.653633 14.039371
vertex 14.998838 10.653633 14.059372
endloop
endfacet
facet normal 0 0 0
outer loop
vertex 14.978363 10.653633 14.039371
vertex 14.978363 10.653633 14.059372
vertex 14.998838 10.653633 14.059372
endloop
endfacet
facet normal 0 0 0
outer loop
vertex 15.019316 10.653633 14.039371
vertex 14.998838 10.653633 14.039371
vertex 15.019316 10.653633 14.059372
endloop
endfacet
facet normal 0 0 0
outer loop
vertex 14.998838 10.653633 14.039371
vertex 14.998838 10.653633 14.059372
vertex 15.019316 10.653633 14.059372
endloop
endfacet
facet normal 0 0 0
outer loop
vertex 15.019316 10.653633 14.059372
vertex 15.039791 10.653633 14.039371
vertex 15.019316 10.653633 14.039371
endloop
endfacet
facet normal 0 0 0
outer loop
vertex 15.019316 10.508360 14.079371
vertex 14.998838 10.508360 14.059372
vertex 15.019316 10.508360 14.059372
endloop
endfacet
facet normal 0 0 0
outer loop
vertex 15.039791 10.508360 14.059372
vertex 15.019316 10.508360 14.079371
vertex 15.019316 10.508360 14.059372
endloop
endfacet
facet normal 0 0 0
outer loop
vertex 15.060266 10.508360 14.079371
vertex 15.039791 10.508360 14.059372
vertex 15.060266 10.508360 14.059372
endloop
endfacet
facet normal 0 0 0
outer loop
vertex 15.080742 10.508360 14.059372
vertex 15.080742 10.508360 14.079371
vertex 15.060266 10.508360 14.059372
endloop
endfacet
facet normal 0 0 0
outer loop
vertex 15.060266 10.508360 14.059372
vertex 15.080742 10.508360 14.079371
vertex 15.060266 10.508360 14.079371
endloop
endfacet
facet normal 0 0 0
outer loop
vertex 15.101217 10.508360 14.059372
vertex 15.101217 10.508360 14.079371
vertex 15.080742 10.508360 14.059372
endloop
endfacet
facet normal 0 0 0
outer loop
vertex 15.080742 10.508360 14.059372
vertex 15.101217 10.508360 14.079371
vertex 15.080742 10.508360 14.079371
endloop
endfacet
facet normal 0 0 0
outer loop
vertex 15.121695 10.508360 14.059372
vertex 15.121695 10.508360 14.079371
vertex 15.101217 10.508360 14.059372
endloop
endfacet
facet normal 0 0 0
outer loop
vertex 15.101217 10.508360 14.059372
vertex 15.121695 10.508360 14.079371
vertex 15.101217 10.508360 14.079371
endloop
endfacet
facet normal 0 0 0
outer loop
vertex 15.142170 10.487607 14.079371
vertex 15.121695 10.508360 14.079371
vertex 15.142170 10.508360 14.059372
endloop
endfacet
facet normal 0 0 0
outer loop
vertex 15.121695 10.508360 14.079371
vertex 15.121695 10.508360 14.059372
vertex 15.142170 10.508360 14.059372
endloop
endfacet
facet normal 0 0 0
outer loop
vertex 15.142170 10.487607 14.079371
vertex 15.142170 10.508360 14.059372
vertex 15.162645 10.508360 14.059372
endloop
endfacet
facet normal 0 0 0
outer loop
vertex 15.142170 10.487607 14.079371
vertex 15.162645 10.508360 14.059372
vertex 15.142170 10.508360 14.079371
endloop
endfacet
facet normal 0 0 0
outer loop
vertex 14.978363 10.508360 14.059372
vertex 14.978363 10.529113 14.079371
vertex 14.978363 10.529113 14.059372
endloop
endfacet
facet normal 0 0 0
outer loop
vertex 14.998838 10.508360 14.059372
vertex 14.978363 10.529113 14.079371
vertex 14.978363 10.508360 14.059372
endloop
endfacet
facet normal 0 0 0
outer loop
vertex 14.998838 10.529113 14.079371
vertex 14.978363 10.529113 14.079371
vertex 14.998838 10.508360 14.059372
endloop
endfacet
facet normal 0 0 0
outer loop
vertex 15.019316 10.508360 14.079371
vertex 14.998838 10.529113 14.079371
vertex 14.998838 10.508360 14.059372
endloop
endfacet
facet normal 0 0 0
outer loop
vertex 15.039791 10.508360 14.059372
vertex 15.039791 10.529113 14.079371
vertex 15.019316 10.508360 14.079371
endloop
endfacet
facet normal 0 0 0
outer loop
vertex 15.060266 10.508360 14.079371
vertex 15.039791 10.529113 14.079371
vertex 15.039791 10.508360 14.059372
endloop
endfacet
facet normal 0 0 0
outer loop
vertex 15.162645 10.508360 14.059372
vertex 15.162645 10.529113 14.079371
vertex 15.142170 10.508360 14.079371
endloop
endfacet
facet normal 0 0 0
outer loop
vertex 15.183121 10.508360 14.059372
vertex 15.162645 10.529113 14.079371
vertex 15.162645 10.508360 14.059372
endloop
endfacet
facet normal 0 0 0
outer loop
vertex 15.183121 10.529113 14.079371
vertex 15.162645 10.529113 14.079371
vertex 15.183121 10.508360 14.059372
endloop
endfacet
facet normal 0 0 0
outer loop
vertex 15.183121 10.508360 14.059372
vertex 15.203596 10.529113 14.059372
vertex 15.183121 10.529113 14.079371
endloop
endfacet
facet normal 0 0 0
outer loop
vertex 15.203596 10.529113 14.059372
vertex 15.203596 10.529113 14.079371
vertex 15.183121 10.529113 14.079371
endloop
endfacet
facet normal 0 0 0
outer loop
vertex 15.224073 10.529113 14.059372
vertex 15.203596 10.529113 14.079371
vertex 15.203596 10.529113 14.059372
endloop
endfacet
facet normal 0 0 0
outer loop
vertex 14.978363 10.529113 14.079371
vertex 14.957888 10.549867 14.059372
vertex 14.978363 10.529113 14.059372
endloop
endfacet
facet normal 0 0 0
outer loop
vertex 14.957888 10.549867 14.079371
vertex 14.957888 10.549867 14.059372
vertex 14.978363 10.529113 14.079371
endloop
endfacet
facet normal 0 0 0
outer loop
vertex 15.224073 10.529113 14.059372
vertex 15.224073 10.549867 14.079371
vertex 15.203596 10.529113 14.079371
endloop
endfacet
facet normal 0 0 0
outer loop
vertex 15.224073 10.529113 14.059372
vertex 15.244549 10.549867 14.059372
vertex 15.224073 10.549867 14.079371
endloop
endfacet
facet normal 0 0 0
outer loop
vertex 15.244549 10.549867 14.059372
vertex 15.244549 10.549867 14.079371
vertex 15.224073 10.549867 14.079371
endloop
endfacet
facet normal 0 0 0
outer loop
vertex 14.937412 10.570620 14.079371
vertex 14.957888 10.570620 14.059372
vertex 14.957888 10.549867 14.079371
endloop
endfacet
facet normal 0 0 0
outer loop
vertex 14.957888 10.570620 14.059372
vertex 14.957888 10.549867 14.059372
vertex 14.957888 10.549867 14.079371
endloop
endfacet
facet normal 0 0 0
outer loop
vertex 15.265024 10.570620 14.079371
vertex 15.244549 10.549867 14.079371
vertex 15.244549 10.570620 14.059372
endloop
endfacet
facet normal 0 0 0
outer loop
vertex 15.244549 10.549867 14.079371
vertex 15.244549 10.549867 14.059372
vertex 15.244549 10.570620 14.059372
endloop
endfacet
facet normal 0 0 0
outer loop
vertex 14.957888 10.570620 14.059372
vertex 14.937412 10.591373 14.079371
vertex 14.957888 10.591373 14.059372
endloop
endfacet
facet normal 0 0 0
outer loop
vertex 14.937412 10.570620 14.079371
vertex 14.937412 10.591373 14.079371
vertex 14.957888 10.570620 14.059372
endloop
endfacet
facet normal 0 0 0
outer loop
vertex 15.244549 10.570620 14.059372
vertex 15.224073 10.591373 14.059372
vertex 15.244549 10.591373 14.079371
endloop
endfacet
facet normal 0 0 0
outer loop
vertex 15.244549 10.570620 14.059372
vertex 15.244549 10.591373 14.079371
vertex 15.265024 10.570620 14.079371
endloop
endfacet
facet normal 0 0 0
outer loop
vertex 15.244549 10.591373 14.079371
vertex 15.265024 10.591373 14.079371
vertex 15.265024 10.570620 14.079371
endloop
endfacet
facet normal 0 0 0
outer loop
vertex 14.937412 10.612126 14.059372
vertex 14.937412 10.591373 14.079371
vertex 14.937412 10.612126 14.079371
endloop
endfacet
facet normal 0 0 0
outer loop
vertex 14.957888 10.591373 14.059372
vertex 14.937412 10.591373 14.079371
vertex 14.937412 10.612126 14.059372
endloop
endfacet
facet normal 0 0 0
outer loop
vertex 15.244549 10.591373 14.079371
vertex 15.224073 10.612126 14.059372
vertex 15.244549 10.612126 14.079371
endloop
endfacet
facet normal 0 0 0
outer loop
vertex 15.224073 10.591373 14.059372
vertex 15.224073 10.612126 14.059372
vertex 15.244549 10.591373 14.079371
endloop
endfacet
facet normal 0 0 0
outer loop
vertex 15.244549 10.612126 14.079371
vertex 15.265024 10.591373 14.079371
vertex 15.244549 10.591373 14.079371
endloop
endfacet
facet normal 0 0 0
outer loop
vertex 14.957888 10.632880 14.079371
vertex 14.957888 10.612126 14.059372
vertex 14.937412 10.612126 14.079371
endloop
endfacet
facet normal 0 0 0
outer loop
vertex 14.957888 10.612126 14.059372
vertex 14.937412 10.612126 14.059372
vertex 14.937412 10.612126 14.079371
endloop
endfacet
facet normal 0 0 0
outer loop
vertex 14.957888 10.612126 14.059372
vertex 14.957888 10.632880 14.079371
vertex 14.978363 10.632880 14.059372
endloop
endfacet
facet normal 0 0 0
outer loop
vertex 15.244549 10.612126 14.079371
vertex 15.224073 10.612126 14.059372
vertex 15.224073 10.632880 14.079371
endloop
endfacet
facet normal 0 0 0
outer loop
vertex 15.224073 10.612126 14.059372
vertex 15.224073 10.632880 14.059372
vertex 15.224073 10.632880 14.079371
endloop
endfacet
facet normal 0 0 0
outer loop
vertex 14.957888 10.632880 14.079371
vertex 14.978363 10.653633 14.079371
vertex 14.978363 10.632880 14.059372
endloop
endfacet
facet normal 0 0 0
outer loop
vertex 14.978363 10.653633 14.079371
vertex 14.978363 10.653633 14.059372
vertex 14.978363 10.632880 14.059372
endloop
endfacet
facet normal 0 0 0
outer loop
vertex 15.039791 10.632880 14.059372
vertex 15.019316 10.653633 14.059372
vertex 15.039791 10.653633 14.079371
endloop
endfacet
facet normal 0 0 0
outer loop
vertex 15.039791 10.632880 14.059372
vertex 15.039791 10.653633 14.079371
vertex 15.060266 10.653633 14.059372
endloop
endfacet
facet normal 0 0 0
outer loop
vertex 15.162645 10.632880 14.059372
vertex 15.142170 10.653633 14.059372
vertex 15.162645 10.653633 14.079371
endloop
endfacet
facet normal 0 0 0
outer loop
vertex 15.162645 10.632880 14.059372
vertex 15.183121 10.653633 14.079371
vertex 15.183121 10.632880 14.059372
endloop
endfacet
facet normal 0 0 0
outer loop
vertex 15.162645 10.653633 14.079371
vertex 15.183121 10.653633 14.079371
vertex 15.162645 10.632880 14.059372
endloop
endfacet
facet normal 0 0 0
outer loop
vertex 15.183121 10.632880 14.059372
vertex 15.203596 10.653633 14.079371
vertex 15.203596 10.632880 14.059372
endloop
endfacet
facet normal 0 0 0
outer loop
vertex 15.183121 10.653633 14.079371
vertex 15.203596 10.653633 14.079371
vertex 15.183121 10.632880 14.059372
endloop
endfacet
facet normal 0 0 0
outer loop
vertex 15.203596 10.653633 14.079371
vertex 15.224073 10.632880 14.079371
vertex 15.203596 10.632880 14.059372
endloop
endfacet
facet normal 0 0 0
outer loop
vertex 15.224073 10.632880 14.079371
vertex 15.224073 10.632880 14.059372
vertex 15.203596 10.632880 14.059372
endloop
endfacet
facet normal 0 0 0
outer loop
vertex 14.998838 10.674386 14.079371
vertex 14.998838 10.653633 14.059372
vertex 14.978363 10.653633 14.079371
endloop
endfacet
facet normal 0 0 0
outer loop
vertex 14.998838 10.653633 14.059372
vertex 14.978363 10.653633 14.059372
vertex 14.978363 10.653633 14.079371
endloop
endfacet
facet normal 0 0 0
outer loop
vertex 14.998838 10.653633 14.059372
vertex 15.019316 10.674386 14.079371
vertex 15.019316 10.653633 14.059372
endloop
endfacet
facet normal 0 0 0
outer loop
vertex 14.998838 10.674386 14.079371
vertex 15.019316 10.674386 14.079371
vertex 14.998838 10.653633 14.059372
endloop
endfacet
facet normal 0 0 0
outer loop
vertex 15.019316 10.653633 14.059372
vertex 15.019316 10.674386 14.079371
vertex 15.039791 10.653633 14.079371
endloop
endfacet
facet normal 0 0 0
outer loop
vertex 15.019316 10.674386 14.079371
vertex 15.039791 10.674386 14.079371
vertex 15.039791 10.653633 14.079371
endloop
endfacet
facet normal 0 0 0
outer loop
vertex 15.060266 10.653633 14.059372
vertex 15.039791 10.653633 14.079371
vertex 15.060266 10.674386 14.079371
endloop
endfacet
facet normal 0 0 0
outer loop
vertex 15.039791 10.653633 14.079371
vertex 15.039791 10.674386 14.079371
vertex 15.060266 10.674386 14.079371
endloop
endfacet
facet normal 0 0 0
outer loop
vertex 15.060266 10.653633 14.059372
vertex 15.080742 10.674386 14.079371
vertex 15.080742 10.653633 14.059372
endloop
endfacet
facet normal 0 0 0
outer loop
vertex 15.060266 10.674386 14.079371
vertex 15.080742 10.674386 14.079371
vertex 15.060266 10.653633 14.059372
endloop
endfacet
facet normal 0 0 0
outer loop
vertex 15.080742 10.653633 14.059372
vertex 15.101217 10.674386 14.079371
vertex 15.101217 10.653633 14.059372
endloop
endfacet
facet normal 0 0 0
outer loop
vertex 15.080742 10.674386 14.079371
vertex 15.101217 10.674386 14.079371
vertex 15.080742 10.653633 14.059372
endloop
endfacet
facet normal 0 0 0
outer loop
vertex 15.101217 10.653633 14.059372
vertex 15.121695 10.674386 14.079371
vertex 15.121695 10.653633 14.059372
endloop
endfacet
facet normal 0 0 0
outer loop
vertex 15.101217 10.674386 14.079371
vertex 15.121695 10.674386 14.079371
vertex 15.101217 10.653633 14.059372
endloop
endfacet
facet normal 0 0 0
outer loop
vertex 15.121695 10.653633 14.059372
vertex 15.142170 10.674386 14.079371
vertex 15.142170 10.653633 14.059372
endloop
endfacet
facet normal 0 0 0
outer loop
vertex 15.121695 10.674386 14.079371
vertex 15.142170 10.674386 14.079371
vertex 15.121695 10.653633 14.059372
endloop
endfacet
facet normal 0 0 0
outer loop
vertex 15.142170 10.653633 14.059372
vertex 15.142170 10.674386 14.079371
vertex 15.162645 10.653633 14.079371
endloop
endfacet
facet normal 0 0 0
outer loop
vertex 15.142170 10.674386 14.079371
vertex 15.162645 10.674386 14.079371
vertex 15.162645 10.653633 14.079371
endloop
endfacet
facet normal 0 0 0
outer loop
vertex 15.162645 10.674386 14.079371
vertex 15.183121 10.653633 14.079371
vertex 15.162645 10.653633 14.079371
endloop
endfacet
facet normal 0 0 0
outer loop
vertex 15.039791 10.508360 14.099372
vertex 15.060266 10.508360 14.079371
vertex 15.060266 10.508360 14.099372
endloop
endfacet
facet normal 0 0 0
outer loop
vertex 15.080742 10.508360 14.079371
vertex 15.060266 10.508360 14.099372
vertex 15.060266 10.508360 14.079371
endloop
endfacet
facet normal 0 0 0
outer loop
vertex 15.121695 10.508360 14.079371
vertex 15.142170 10.487607 14.079371
vertex 15.142170 10.508360 14.079371
endloop
endfacet
facet normal 0 0 0
outer loop
vertex 14.998838 10.529113 14.099372
vertex 14.978363 10.529113 14.079371
vertex 14.998838 10.529113 14.079371
endloop
endfacet
facet normal 0 0 0
outer loop
vertex 15.019316 10.508360 14.079371
vertex 15.019316 10.529113 14.099372
vertex 14.998838 10.529113 14.079371
endloop
endfacet
facet normal 0 0 0
outer loop
vertex 15.019316 10.529113 14.099372
vertex 14.998838 10.529113 14.099372
vertex 14.998838 10.529113 14.079371
endloop
endfacet
facet normal 0 0 0
outer loop
vertex 15.039791 10.508360 14.099372
vertex 15.019316 10.529113 14.099372
vertex 15.039791 10.529113 14.079371
endloop
endfacet
facet normal 0 0 0
outer loop
vertex 15.019316 10.508360 14.079371
vertex 15.039791 10.529113 14.079371
vertex 15.019316 10.529113 14.099372
endloop
endfacet
facet normal 0 0 0
outer loop
vertex 15.060266 10.508360 14.079371
vertex 15.039791 10.508360 14.099372
vertex 15.039791 10.529113 14.079371
endloop
endfacet
facet normal 0 0 0
outer loop
vertex 15.080742 10.508360 14.079371
vertex 15.080742 10.529113 14.099372
vertex 15.060266 10.508360 14.099372
endloop
endfacet
facet normal 0 0 0
outer loop
vertex 15.101217 10.508360 14.079371
vertex 15.080742 10.529113 14.099372
vertex 15.080742 10.508360 14.079371
endloop
endfacet
facet normal 0 0 0
outer loop
vertex 15.101217 10.529113 14.099372
vertex 15.080742 10.529113 14.099372
vertex 15.101217 10.508360 14.079371
endloop
endfacet
facet normal 0 0 0
outer loop
vertex 15.121695 10.508360 14.079371
vertex 15.101217 10.529113 14.099372
vertex 15.101217 10.508360 14.079371
endloop
endfacet
facet normal 0 0 0
outer loop
vertex 15.121695 10.529113 14.099372
vertex 15.101217 10.529113 14.099372
vertex 15.121695 10.508360 14.079371
endloop
endfacet
facet normal 0 0 0
outer loop
vertex 15.142170 10.508360 14.079371
vertex 15.121695 10.529113 14.099372
vertex 15.121695 10.508360 14.079371
endloop
endfacet
facet normal 0 0 0
outer loop
vertex 15.142170 10.529113 14.099372
vertex 15.121695 10.529113 14.099372
vertex 15.142170 10.508360 14.079371
endloop
endfacet
facet normal 0 0 0
outer loop
vertex 15.162645 10.508360 14.099372
vertex 15.142170 10.529113 14.099372
vertex 15.162645 10.529113 14.079371
endloop
endfacet
facet normal 0 0 0
outer loop
vertex 15.142170 10.508360 14.079371
vertex 15.162645 10.529113 14.079371
vertex 15.142170 10.529113 14.099372
endloop
endfacet
facet normal 0 0 0
outer loop
vertex 15.183121 10.529113 14.079371
vertex 15.162645 10.508360 14.099372
vertex 15.162645 10.529113 14.079371
endloop
endfacet
facet normal 0 0 0
outer loop
vertex 15.183121 10.508360 14.099372
vertex 15.162645 10.508360 14.099372
vertex 15.183121 10.529113 14.079371
endloop
endfacet
facet normal 0 0 0
outer loop
vertex 15.203596 10.529113 14.079371
vertex 15.183121 10.508360 14.099372
vertex 15.183121 10.529113 14.079371
endloop
endfacet
facet normal 0 0 0
outer loop
vertex 15.203596 10.508360 14.099372
vertex 15.183121 10.508360 14.099372
vertex 15.203596 10.529113 14.079371
endloop
endfacet
facet normal 0 0 0
outer loop
vertex 15.203596 10.529113 14.079371
vertex 15.224073 10.529113 14.099372
vertex 15.203596 10.508360 14.099372
endloop
endfacet
facet normal 0 0 0
outer loop
vertex 14.978363 10.529113 14.079371
vertex 14.978363 10.549867 14.099372
vertex 14.957888 10.549867 14.079371
endloop
endfacet
facet normal 0 0 0
outer loop
vertex 14.978363 10.549867 14.099372
vertex 14.957888 10.549867 14.099372
vertex 14.957888 10.549867 14.079371
endloop
endfacet
facet normal 0 0 0
outer loop
vertex 14.998838 10.529113 14.099372
vertex 14.978363 10.549867 14.099372
vertex 14.978363 10.529113 14.079371
endloop
endfacet
facet normal 0 0 0
outer loop
vertex 15.203596 10.529113 14.079371
vertex 15.224073 10.549867 14.079371
vertex 15.224073 10.529113 14.099372
endloop
endfacet
facet normal 0 0 0
outer loop
vertex 15.224073 10.529113 14.099372
vertex 15.224073 10.549867 14.079371
vertex 15.244549 10.549867 14.099372
endloop
endfacet
facet normal 0 0 0
outer loop
vertex 15.224073 10.549867 14.079371
vertex 15.244549 10.549867 14.079371
vertex 15.244549 10.549867 14.099372
endloop
endfacet
facet normal 0 0 0
outer loop
vertex 14.937412 10.570620 14.079371
vertex 14.957888 10.549867 14.079371
vertex 14.957888 10.570620 14.099372
endloop
endfacet
facet normal 0 0 0
outer loop
vertex 14.957888 10.549867 14.079371
vertex 14.957888 10.549867 14.099372
vertex 14.957888 10.570620 14.099372
endloop
endfacet
facet normal 0 0 0
outer loop
vertex 15.265024 10.570620 14.079371
vertex 15.244549 10.570620 14.099372
vertex 15.244549 10.549867 14.079371
endloop
endfacet
facet normal 0 0 0
outer loop
vertex 15.244549 10.570620 14.099372
vertex 15.244549 10.549867 14.099372
vertex 15.244549 10.549867 14.079371
endloop
endfacet
facet normal 0 0 0
outer loop
vertex 14.937412 10.570620 14.079371
vertex 14.937412 10.591373 14.099372
vertex 14.937412 10.591373 14.079371
endloop
endfacet
facet normal 0 0 0
outer loop
vertex 14.957888 10.570620 14.099372
vertex 14.937412 10.591373 14.099372
vertex 14.937412 10.570620 14.079371
endloop
endfacet
facet normal 0 0 0
outer loop
vertex 15.265024 10.591373 14.079371
vertex 15.244549 10.570620 14.099372
vertex 15.265024 10.570620 14.079371
endloop
endfacet
facet normal 0 0 0
outer loop
vertex 15.244549 10.591373 14.099372
vertex 15.244549 10.570620 14.099372
vertex 15.265024 10.591373 14.079371
endloop
endfacet
facet normal 0 0 0
outer loop
vertex 14.937412 10.591373 14.079371
vertex 14.937412 10.591373 14.099372
vertex 14.937412 10.612126 14.079371
endloop
endfacet
facet normal 0 0 0
outer loop
vertex 14.937412 10.591373 14.099372
vertex 14.937412 10.612126 14.099372
vertex 14.937412 10.612126 14.079371
endloop
endfacet
facet normal 0 0 0
outer loop
vertex 15.265024 10.591373 14.079371
vertex 15.244549 10.612126 14.079371
vertex 15.244549 10.591373 14.099372
endloop
endfacet
facet normal 0 0 0
outer loop
vertex 15.244549 10.612126 14.079371
vertex 15.244549 10.612126 14.099372
vertex 15.244549 10.591373 14.099372
endloop
endfacet
facet normal 0 0 0
outer loop
vertex 14.937412 10.632880 14.099372
vertex 14.937412 10.612126 14.079371
vertex 14.937412 10.612126 14.099372
endloop
endfacet
facet normal 0 0 0
outer loop
vertex 14.937412 10.612126 14.079371
vertex 14.937412 10.632880 14.099372
vertex 14.957888 10.632880 14.079371
endloop
endfacet
facet normal 0 0 0
outer loop
vertex 15.244549 10.612126 14.079371
vertex 15.224073 10.632880 14.099372
vertex 15.244549 10.612126 14.099372
endloop
endfacet
facet normal 0 0 0
outer loop
vertex 15.224073 10.632880 14.079371
vertex 15.224073 10.632880 14.099372
vertex 15.244549 10.612126 14.079371
endloop
endfacet
facet normal 0 0 0
outer loop
vertex 14.957888 10.632880 14.079371
vertex 14.937412 10.632880 14.099372
vertex 14.957888 10.653633 14.099372
endloop
endfacet
facet normal 0 0 0
outer loop
vertex 14.957888 10.632880 14.079371
vertex 14.957888 10.653633 14.099372
vertex 14.978363 10.653633 14.079371
endloop
endfacet
facet normal 0 0 0
outer loop
vertex 15.224073 10.632880 14.079371
vertex 15.203596 10.653633 14.099372
vertex 15.224073 10.632880 14.099372
endloop
endfacet
facet normal 0 0 0
outer loop
vertex 15.203596 10.653633 14.079371
vertex 15.203596 10.653633 14.099372
vertex 15.224073 10.632880 14.079371
endloop
endfacet
facet normal 0 0 0
outer loop
vertex 14.978363 10.653633 14.079371
vertex 14.957888 10.653633 14.099372
vertex 14.978363 10.653633 14.099372
endloop
endfacet
facet normal 0 0 0
outer loop
vertex 14.998838 10.674386 14.079371
vertex 14.978363 10.653633 14.079371
vertex 14.998838 10.653633 14.099372
endloop
endfacet
facet normal 0 0 0
outer loop
vertex 14.978363 10.653633 14.079371
vertex 14.978363 10.653633 14.099372
vertex 14.998838 10.653633 14.099372
endloop
endfacet
facet normal 0 0 0
outer loop
vertex 14.998838 10.674386 14.079371
vertex 15.019316 10.653633 14.099372
vertex 15.019316 10.674386 14.079371
endloop
endfacet
facet normal 0 0 0
outer loop
vertex 14.998838 10.653633 14.099372
vertex 15.019316 10.653633 14.099372
vertex 14.998838 10.674386 14.079371
endloop
endfacet
facet normal 0 0 0
outer loop
vertex 15.019316 10.674386 14.079371
vertex 15.039791 10.653633 14.099372
vertex 15.039791 10.674386 14.079371
endloop
endfacet
facet normal 0 0 0
outer loop
vertex 15.019316 10.653633 14.099372
vertex 15.039791 10.653633 14.099372
vertex 15.019316 10.674386 14.079371
endloop
endfacet
facet normal 0 0 0
outer loop
vertex 15.039791 10.674386 14.079371
vertex 15.060266 10.653633 14.099372
vertex 15.060266 10.674386 14.079371
endloop
endfacet
facet normal 0 0 0
outer loop
vertex 15.039791 10.653633 14.099372
vertex 15.060266 10.653633 14.099372
vertex 15.039791 10.674386 14.079371
endloop
endfacet
facet normal 0 0 0
outer loop
vertex 15.060266 10.653633 14.099372
vertex 15.080742 10.674386 14.099372
vertex 15.060266 10.674386 14.079371
endloop
endfacet
facet normal 0 0 0
outer loop
vertex 15.183121 10.653633 14.079371
vertex 15.162645 10.674386 14.079371
vertex 15.183121 10.674386 14.099372
endloop
endfacet
facet normal 0 0 0
outer loop
vertex 15.183121 10.674386 14.099372
vertex 15.203596 10.653633 14.099372
vertex 15.183121 10.653633 14.079371
endloop
endfacet
facet normal 0 0 0
outer loop
vertex 15.203596 10.653633 14.099372
vertex 15.203596 10.653633 14.079371
vertex 15.183121 10.653633 14.079371
endloop
endfacet
facet normal 0 0 0
outer loop
vertex 15.060266 10.674386 14.079371
vertex 15.080742 10.674386 14.099372
vertex 15.080742 10.674386 14.079371
endloop
endfacet
facet normal 0 0 0
outer loop
vertex 15.101217 10.674386 14.079371
vertex 15.080742 10.674386 14.079371
vertex 15.101217 10.674386 14.099372
endloop
endfacet
facet normal 0 0 0
outer loop
vertex 15.080742 10.674386 14.079371
vertex 15.080742 10.674386 14.099372
vertex 15.101217 10.674386 14.099372
endloop
endfacet
facet normal 0 0 0
outer loop
vertex 15.121695 10.674386 14.079371
vertex 15.101217 10.674386 14.079371
vertex 15.121695 10.674386 14.099372
endloop
endfacet
facet normal 0 0 0
outer loop
vertex 15.101217 10.674386 14.079371
vertex 15.101217 10.674386 14.099372
vertex 15.121695 10.674386 14.099372
endloop
endfacet
facet normal 0 0 0
outer loop
vertex 15.142170 10.674386 14.079371
vertex 15.121695 10.674386 14.079371
vertex 15.142170 10.674386 14.099372
endloop
endfacet
facet normal 0 0 0
outer loop
vertex 15.121695 10.674386 14.079371
vertex 15.121695 10.674386 14.099372
vertex 15.142170 10.674386 14.099372
endloop
endfacet
facet normal 0 0 0
outer loop
vertex 15.162645 10.674386 14.079371
vertex 15.142170 10.674386 14.079371
vertex 15.162645 10.674386 14.099372
endloop
endfacet
facet normal 0 0 0
outer loop
vertex 15.142170 10.674386 14.079371
vertex 15.142170 10.674386 14.099372
vertex 15.162645 10.674386 14.099372
endloop
endfacet
facet normal 0 0 0
outer loop
vertex 15.183121 10.674386 14.099372
vertex 15.162645 10.674386 14.079371
vertex 15.162645 10.674386 14.099372
endloop
endfacet
facet normal 0 0 0
outer loop
vertex 15.019316 10.529113 14.099372
vertex 15.039791 10.508360 14.099372
vertex 15.039791 10.529113 14.099372
endloop
endfacet
facet normal 0 0 0
outer loop
vertex 15.060266 10.508360 14.099372
vertex 15.060266 10.529113 14.099372
vertex 15.039791 10.508360 14.099372
endloop
endfacet
facet normal 0 0 0
outer loop
vertex 15.060266 10.529113 14.099372
vertex 15.039791 10.529113 14.099372
vertex 15.039791 10.508360 14.099372
endloop
endfacet
facet normal 0 0 0
outer loop
vertex 15.060266 10.508360 14.099372
vertex 15.080742 10.529113 14.119371
vertex 15.060266 10.529113 14.099372
endloop
endfacet
facet normal 0 0 0
outer loop
vertex 15.060266 10.508360 14.099372
vertex 15.080742 10.529113 14.099372
vertex 15.080742 10.529113 14.119371
endloop
endfacet
facet normal 0 0 0
outer loop
vertex 15.101217 10.529113 14.099372
vertex 15.080742 10.529113 14.119371
vertex 15.080742 10.529113 14.099372
endloop
endfacet
facet normal 0 0 0
outer loop
vertex 15.142170 10.529113 14.099372
vertex 15.162645 10.508360 14.099372
vertex 15.162645 10.529113 14.099372
endloop
endfacet
facet normal 0 0 0
outer loop
vertex 15.183121 10.508360 14.099372
vertex 15.183121 10.529113 14.099372
vertex 15.162645 10.508360 14.099372
endloop
endfacet
facet normal 0 0 0
outer loop
vertex 15.183121 10.529113 14.099372
vertex 15.162645 10.529113 14.099372
vertex 15.162645 10.508360 14.099372
endloop
endfacet
facet normal 0 0 0
outer loop
vertex 15.203596 10.508360 14.099372
vertex 15.203596 10.529113 14.099372
vertex 15.183121 10.508360 14.099372
endloop
endfacet
facet normal 0 0 0
outer loop
vertex 15.203596 10.529113 14.099372
vertex 15.183121 10.529113 14.099372
vertex 15.183121 10.508360 14.099372
endloop
endfacet
facet normal 0 0 0
outer loop
vertex 15.203596 10.508360 14.099372
vertex 15.224073 10.529113 14.099372
vertex 15.203596 10.529113 14.099372
endloop
endfacet
facet normal 0 0 0
outer loop
vertex 14.998838 10.529113 14.099372
vertex 14.998838 10.549867 14.119371
vertex 14.978363 10.549867 14.099372
endloop
endfacet
facet normal 0 0 0
outer loop
vertex 15.019316 10.529113 14.099372
vertex 14.998838 10.549867 14.119371
vertex 14.998838 10.529113 14.099372
endloop
endfacet
facet normal 0 0 0
outer loop
vertex 15.019316 10.549867 14.119371
vertex 14.998838 10.549867 14.119371
vertex 15.019316 10.529113 14.099372
endloop
endfacet
facet normal 0 0 0
outer loop
vertex 15.039791 10.529113 14.099372
vertex 15.019316 10.549867 14.119371
vertex 15.019316 10.529113 14.099372
endloop
endfacet
facet normal 0 0 0
outer loop
vertex 15.039791 10.549867 14.119371
vertex 15.019316 10.549867 14.119371
vertex 15.039791 10.529113 14.099372
endloop
endfacet
facet normal 0 0 0
outer loop
vertex 15.060266 10.529113 14.099372
vertex 15.039791 10.549867 14.119371
vertex 15.039791 10.529113 14.099372
endloop
endfacet
facet normal 0 0 0
outer loop
vertex 15.060266 10.549867 14.119371
vertex 15.039791 10.549867 14.119371
vertex 15.060266 10.529113 14.099372
endloop
endfacet
facet normal 0 0 0
outer loop
vertex 15.080742 10.529113 14.119371
vertex 15.060266 10.549867 14.119371
vertex 15.060266 10.529113 14.099372
endloop
endfacet
facet normal 0 0 0
outer loop
vertex 15.101217 10.529113 14.099372
vertex 15.101217 10.549867 14.119371
vertex 15.080742 10.529113 14.119371
endloop
endfacet
facet normal 0 0 0
outer loop
vertex 15.121695 10.529113 14.099372
vertex 15.101217 10.549867 14.119371
vertex 15.101217 10.529113 14.099372
endloop
endfacet
facet normal 0 0 0
outer loop
vertex 15.121695 10.549867 14.119371
vertex 15.101217 10.549867 14.119371
vertex 15.121695 10.529113 14.099372
endloop
endfacet
facet normal 0 0 0
outer loop
vertex 15.142170 10.529113 14.099372
vertex 15.121695 10.549867 14.119371
vertex 15.121695 10.529113 14.099372
endloop
endfacet
facet normal 0 0 0
outer loop
vertex 15.142170 10.549867 14.119371
vertex 15.121695 10.549867 14.119371
vertex 15.142170 10.529113 14.099372
endloop
endfacet
facet normal 0 0 0
outer loop
vertex 15.162645 10.529113 14.099372
vertex 15.142170 10.549867 14.119371
vertex 15.142170 10.529113 14.099372
endloop
endfacet
facet normal 0 0 0
outer loop
vertex 15.162645 10.549867 14.119371
vertex 15.142170 10.549867 14.119371
vertex 15.162645 10.529113 14.099372
endloop
endfacet
facet normal 0 0 0
outer loop
vertex 15.183121 10.529113 14.099372
vertex 15.162645 10.549867 14.119371
vertex 15.162645 10.529113 14.099372
endloop
endfacet
facet normal 0 0 0
outer loop
vertex 15.183121 10.549867 14.119371
vertex 15.162645 10.549867 14.119371
vertex 15.183121 10.529113 14.099372
endloop
endfacet
facet normal 0 0 0
outer loop
vertex 15.203596 10.529113 14.099372
vertex 15.183121 10.549867 14.119371
vertex 15.183121 10.529113 14.099372
endloop
endfacet
facet normal 0 0 0
outer loop
vertex 15.203596 10.549867 14.119371
vertex 15.183121 10.549867 14.119371
vertex 15.203596 10.529113 14.099372
endloop
endfacet
facet normal 0 0 0
outer loop
vertex 15.224073 10.529113 14.099372
vertex 15.203596 10.549867 14.119371
vertex 15.203596 10.529113 14.099372
endloop
endfacet
facet normal 0 0 0
outer loop
vertex 15.224073 10.549867 14.119371
vertex 15.203596 10.549867 14.119371
vertex 15.224073 10.529113 14.099372
endloop
endfacet
facet normal 0 0 0
outer loop
vertex 15.244549 10.549867 14.099372
vertex 15.224073 10.549867 14.119371
vertex 15.224073 10.529113 14.099372
endloop
endfacet
facet normal 0 0 0
outer loop
vertex 14.978363 10.570620 14.119371
vertex 14.957888 10.570620 14.099372
vertex 14.978363 10.549867 14.099372
endloop
endfacet
facet normal 0 0 0
outer loop
vertex 14.957888 10.570620 14.099372
vertex 14.957888 10.549867 14.099372
vertex 14.978363 10.549867 14.099372
endloop
endfacet
facet normal 0 0 0
outer loop
vertex 14.998838 10.549867 14.119371
vertex 14.978363 10.570620 14.119371
vertex 14.978363 10.549867 14.099372
endloop
endfacet
facet normal 0 0 0
outer loop
vertex 15.244549 10.549867 14.099372
vertex 15.244549 10.570620 14.119371
vertex 15.224073 10.549867 14.119371
endloop
endfacet
facet normal 0 0 0
outer loop
vertex 15.244549 10.570620 14.119371
vertex 15.244549 10.549867 14.099372
vertex 15.244549 10.570620 14.099372
endloop
endfacet
facet normal 0 0 0
outer loop
vertex 14.957888 10.570620 14.099372
vertex 14.957888 10.591373 14.119371
vertex 14.937412 10.591373 14.099372
endloop
endfacet
facet normal 0 0 0
outer loop
vertex 14.978363 10.570620 14.119371
vertex 14.957888 10.591373 14.119371
vertex 14.957888 10.570620 14.099372
endloop
endfacet
facet normal 0 0 0
outer loop
vertex 15.244549 10.570620 14.099372
vertex 15.244549 10.591373 14.099372
vertex 15.244549 10.570620 14.119371
endloop
endfacet
facet normal 0 0 0
outer loop
vertex 15.244549 10.570620 14.119371
vertex 15.244549 10.591373 14.099372
vertex 15.244549 10.591373 14.119371
endloop
endfacet
facet normal 0 0 0
outer loop
vertex 14.957888 10.612126 14.119371
vertex 14.937412 10.591373 14.099372
vertex 14.957888 10.591373 14.119371
endloop
endfacet
facet normal 0 0 0
outer loop
vertex 14.937412 10.612126 14.099372
vertex 14.937412 10.591373 14.099372
vertex 14.957888 10.612126 14.119371
endloop
endfacet
facet normal 0 0 0
outer loop
vertex 15.244549 10.591373 14.099372
vertex 15.244549 10.612126 14.099372
vertex 15.244549 10.591373 14.119371
endloop
endfacet
facet normal 0 0 0
outer loop
vertex 15.244549 10.591373 14.119371
vertex 15.244549 10.612126 14.099372
vertex 15.244549 10.612126 14.119371
endloop
endfacet
facet normal 0 0 0
outer loop
vertex 14.937412 10.612126 14.099372
vertex 14.937412 10.632880 14.119371
vertex 14.937412 10.632880 14.099372
endloop
endfacet
facet normal 0 0 0
outer loop
vertex 14.957888 10.612126 14.119371
vertex 14.937412 10.632880 14.119371
vertex 14.937412 10.612126 14.099372
endloop
endfacet
facet normal 0 0 0
outer loop
vertex 15.244549 10.612126 14.099372
vertex 15.224073 10.632880 14.119371
vertex 15.244549 10.612126 14.119371
endloop
endfacet
facet normal 0 0 0
outer loop
vertex 15.224073 10.632880 14.099372
vertex 15.224073 10.632880 14.119371
vertex 15.244549 10.612126 14.099372
endloop
endfacet
facet normal 0 0 0
outer loop
vertex 14.937412 10.632880 14.119371
vertex 14.957888 10.653633 14.099372
vertex 14.937412 10.632880 14.099372
endloop
endfacet
facet normal 0 0 0
outer loop
vertex 14.957888 10.653633 14.119371
vertex 14.957888 10.653633 14.099372
vertex 14.937412 10.632880 14.119371
endloop
endfacet
facet normal 0 0 0
outer loop
vertex 15.224073 10.632880 14.099372
vertex 15.203596 10.653633 14.119371
vertex 15.224073 10.632880 14.119371
endloop
endfacet
facet normal 0 0 0
outer loop
vertex 15.203596 10.653633 14.099372
vertex 15.203596 10.653633 14.119371
vertex 15.224073 10.632880 14.099372
endloop
endfacet
facet normal 0 0 0
outer loop
vertex 14.978363 10.674386 14.119371
vertex 14.978363 10.653633 14.099372
vertex 14.957888 10.653633 14.119371
endloop
endfacet
facet normal 0 0 0
outer loop
vertex 14.978363 10.653633 14.099372
vertex 14.957888 10.653633 14.099372
vertex 14.957888 10.653633 14.119371
endloop
endfacet
facet normal 0 0 0
outer loop
vertex 14.978363 10.653633 14.099372
vertex 14.998838 10.674386 14.119371
vertex 14.998838 10.653633 14.099372
endloop
endfacet
facet normal 0 0 0
outer loop
vertex 14.978363 10.674386 14.119371
vertex 14.998838 10.674386 14.119371
vertex 14.978363 10.653633 14.099372
endloop
endfacet
facet normal 0 0 0
outer loop
vertex 14.998838 10.653633 14.099372
vertex 15.019316 10.674386 14.119371
vertex 15.019316 10.653633 14.099372
endloop
endfacet
facet normal 0 0 0
outer loop
vertex 14.998838 10.674386 14.119371
vertex 15.019316 10.674386 14.119371
vertex 14.998838 10.653633 14.099372
endloop
endfacet
facet normal 0 0 0
outer loop
vertex 15.019316 10.653633 14.099372
vertex 15.039791 10.674386 14.119371
vertex 15.039791 10.653633 14.099372
endloop
endfacet
facet normal 0 0 0
outer loop
vertex 15.019316 10.674386 14.119371
vertex 15.039791 10.674386 14.119371
vertex 15.019316 10.653633 14.099372
endloop
endfacet
facet normal 0 0 0
outer loop
vertex 15.039791 10.653633 14.099372
vertex 15.060266 10.674386 14.119371
vertex 15.060266 10.653633 14.099372
endloop
endfacet
facet normal 0 0 0
outer loop
vertex 15.039791 10.674386 14.119371
vertex 15.060266 10.674386 14.119371
vertex 15.039791 10.653633 14.099372
endloop
endfacet
facet normal 0 0 0
outer loop
vertex 15.060266 10.653633 14.099372
vertex 15.060266 10.674386 14.119371
vertex 15.080742 10.674386 14.099372
endloop
endfacet
facet normal 0 0 0
outer loop
vertex 15.203596 10.653633 14.099372
vertex 15.183121 10.674386 14.119371
vertex 15.203596 10.653633 14.119371
endloop
endfacet
facet normal 0 0 0
outer loop
vertex 15.183121 10.674386 14.099372
vertex 15.183121 10.674386 14.119371
vertex 15.203596 10.653633 14.099372
endloop
endfacet
facet normal 0 0 0
outer loop
vertex 15.080742 10.674386 14.099372
vertex 15.060266 10.674386 14.119371
vertex 15.080742 10.695140 14.119371
endloop
endfacet
facet normal 0 0 0
outer loop
vertex 15.080742 10.674386 14.099372
vertex 15.101217 10.695140 14.119371
vertex 15.101217 10.674386 14.099372
endloop
endfacet
facet normal 0 0 0
outer loop
vertex 15.080742 10.695140 14.119371
vertex 15.101217 10.695140 14.119371
vertex 15.080742 10.674386 14.099372
endloop
endfacet
facet normal 0 0 0
outer loop
vertex 15.101217 10.695140 14.119371
vertex 15.121695 10.674386 14.119371
vertex 15.101217 10.674386 14.099372
endloop
endfacet
facet normal 0 0 0
outer loop
vertex 15.121695 10.674386 14.119371
vertex 15.121695 10.674386 14.099372
vertex 15.101217 10.674386 14.099372
endloop
endfacet
facet normal 0 0 0
outer loop
vertex 15.142170 10.674386 14.099372
vertex 15.121695 10.674386 14.099372
vertex 15.142170 10.674386 14.119371
endloop
endfacet
facet normal 0 0 0
outer loop
vertex 15.121695 10.674386 14.099372
vertex 15.121695 10.674386 14.119371
vertex 15.142170 10.674386 14.119371
endloop
endfacet
facet normal 0 0 0
outer loop
vertex 15.162645 10.674386 14.099372
vertex 15.142170 10.674386 14.099372
vertex 15.162645 10.674386 14.119371
endloop
endfacet
facet normal 0 0 0
outer loop
vertex 15.142170 10.674386 14.099372
vertex 15.142170 10.674386 14.119371
vertex 15.162645 10.674386 14.119371
endloop
endfacet
facet normal 0 0 0
outer loop
vertex 15.183121 10.674386 14.099372
vertex 15.162645 10.674386 14.099372
vertex 15.183121 10.674386 14.119371
endloop
endfacet
facet normal 0 0 0
outer loop
vertex 15.162645 10.674386 14.099372
vertex 15.162645 10.674386 14.119371
vertex 15.183121 10.674386 14.119371
endloop
endfacet
facet normal 0 0 0
outer loop
vertex 15.039791 10.549867 14.139372
vertex 15.019316 10.549867 14.119371
vertex 15.039791 10.549867 14.119371
endloop
endfacet
facet normal 0 0 0
outer loop
vertex 15.060266 10.549867 14.119371
vertex 15.039791 10.549867 14.139372
vertex 15.039791 10.549867 14.119371
endloop
endfacet
facet normal 0 0 0
outer loop
vertex 15.060266 10.549867 14.119371
vertex 15.080742 10.529113 14.119371
vertex 15.080742 10.549867 14.119371
endloop
endfacet
facet normal 0 0 0
outer loop
vertex 15.080742 10.529113 14.119371
vertex 15.101217 10.549867 14.119371
vertex 15.080742 10.549867 14.119371
endloop
endfacet
facet normal 0 0 0
outer loop
vertex 14.998838 10.549867 14.119371
vertex 14.998838 10.570620 14.139372
vertex 14.978363 10.570620 14.119371
endloop
endfacet
facet normal 0 0 0
outer loop
vertex 14.998838 10.570620 14.139372
vertex 14.998838 10.549867 14.119371
vertex 15.019316 10.570620 14.119371
endloop
endfacet
facet normal 0 0 0
outer loop
vertex 14.998838 10.549867 14.119371
vertex 15.019316 10.549867 14.119371
vertex 15.019316 10.570620 14.119371
endloop
endfacet
facet normal 0 0 0
outer loop
vertex 15.039791 10.570620 14.139372
vertex 15.019316 10.549867 14.119371
vertex 15.039791 10.549867 14.139372
endloop
endfacet
facet normal 0 0 0
outer loop
vertex 15.019316 10.570620 14.119371
vertex 15.019316 10.549867 14.119371
vertex 15.039791 10.570620 14.139372
endloop
endfacet
facet normal 0 0 0
outer loop
vertex 15.060266 10.549867 14.119371
vertex 15.060266 10.570620 14.139372
vertex 15.039791 10.549867 14.139372
endloop
endfacet
facet normal 0 0 0
outer loop
vertex 15.080742 10.549867 14.119371
vertex 15.060266 10.570620 14.139372
vertex 15.060266 10.549867 14.119371
endloop
endfacet
facet normal 0 0 0
outer loop
vertex 15.080742 10.570620 14.139372
vertex 15.060266 10.570620 14.139372
vertex 15.080742 10.549867 14.119371
endloop
endfacet
facet normal 0 0 0
outer loop
vertex 15.101217 10.549867 14.119371
vertex 15.080742 10.570620 14.139372
vertex 15.080742 10.549867 14.119371
endloop
endfacet
facet normal 0 0 0
outer loop
vertex 15.101217 10.570620 14.139372
vertex 15.080742 10.570620 14.139372
vertex 15.101217 10.549867 14.119371
endloop
endfacet
facet normal 0 0 0
outer loop
vertex 15.101217 10.570620 14.139372
vertex 15.101217 10.549867 14.119371
vertex 15.121695 10.570620 14.119371
endloop
endfacet
facet normal 0 0 0
outer loop
vertex 15.101217 10.549867 14.119371
vertex 15.121695 10.549867 14.119371
vertex 15.121695 10.570620 14.119371
endloop
endfacet
facet normal 0 0 0
outer loop
vertex 15.142170 10.570620 14.139372
vertex 15.121695 10.570620 14.119371
vertex 15.142170 10.549867 14.119371
endloop
endfacet
facet normal 0 0 0
outer loop
vertex 15.121695 10.570620 14.119371
vertex 15.121695 10.549867 14.119371
vertex 15.142170 10.549867 14.119371
endloop
endfacet
facet normal 0 0 0
outer loop
vertex 15.162645 10.549867 14.119371
vertex 15.142170 10.570620 14.139372
vertex 15.142170 10.549867 14.119371
endloop
endfacet
facet normal 0 0 0
outer loop
vertex 15.162645 10.570620 14.139372
vertex 15.142170 10.570620 14.139372
vertex 15.162645 10.549867 14.119371
endloop
endfacet
facet normal 0 0 0
outer loop
vertex 15.183121 10.549867 14.119371
vertex 15.162645 10.570620 14.139372
vertex 15.162645 10.549867 14.119371
endloop
endfacet
facet normal 0 0 0
outer loop
vertex 15.183121 10.570620 14.139372
vertex 15.162645 10.570620 14.139372
vertex 15.183121 10.549867 14.119371
endloop
endfacet
facet normal 0 0 0
outer loop
vertex 15.203596 10.549867 14.119371
vertex 15.183121 10.570620 14.139372
vertex 15.183121 10.549867 14.119371
endloop
endfacet
facet normal 0 0 0
outer loop
vertex 15.203596 10.570620 14.139372
vertex 15.183121 10.570620 14.139372
vertex 15.203596 10.549867 14.119371
endloop
endfacet
facet normal 0 0 0
outer loop
vertex 15.224073 10.549867 14.119371
vertex 15.203596 10.570620 14.139372
vertex 15.203596 10.549867 14.119371
endloop
endfacet
facet normal 0 0 0
outer loop
vertex 15.224073 10.570620 14.139372
vertex 15.203596 10.570620 14.139372
vertex 15.224073 10.549867 14.119371
endloop
endfacet
facet normal 0 0 0
outer loop
vertex 15.224073 10.549867 14.119371
vertex 15.244549 10.570620 14.119371
vertex 15.224073 10.570620 14.139372
endloop
endfacet
facet normal 0 0 0
outer loop
vertex 15.244549 10.570620 14.119371
vertex 15.244549 10.570620 14.139372
vertex 15.224073 10.570620 14.139372
endloop
endfacet
facet normal 0 0 0
outer loop
vertex 14.957888 10.591373 14.119371
vertex 14.978363 10.570620 14.119371
vertex 14.978363 10.591373 14.119371
endloop
endfacet
facet normal 0 0 0
outer loop
vertex 14.998838 10.570620 14.139372
vertex 14.998838 10.591373 14.119371
vertex 14.978363 10.570620 14.119371
endloop
endfacet
facet normal 0 0 0
outer loop
vertex 14.998838 10.591373 14.119371
vertex 14.978363 10.591373 14.119371
vertex 14.978363 10.570620 14.119371
endloop
endfacet
facet normal 0 0 0
outer loop
vertex 15.019316 10.591373 14.139372
vertex 14.998838 10.591373 14.119371
vertex 15.019316 10.570620 14.119371
endloop
endfacet
facet normal 0 0 0
outer loop
vertex 14.998838 10.570620 14.139372
vertex 15.019316 10.570620 14.119371
vertex 14.998838 10.591373 14.119371
endloop
endfacet
facet normal 0 0 0
outer loop
vertex 15.039791 10.570620 14.139372
vertex 15.019316 10.591373 14.139372
vertex 15.019316 10.570620 14.119371
endloop
endfacet
facet normal 0 0 0
outer loop
vertex 15.121695 10.570620 14.119371
vertex 15.121695 10.591373 14.139372
vertex 15.101217 10.570620 14.139372
endloop
endfacet
facet normal 0 0 0
outer loop
vertex 15.142170 10.570620 14.139372
vertex 15.121695 10.591373 14.139372
vertex 15.121695 10.570620 14.119371
endloop
endfacet
facet normal 0 0 0
outer loop
vertex 15.244549 10.570620 14.119371
vertex 15.244549 10.591373 14.119371
vertex 15.244549 10.570620 14.139372
endloop
endfacet
facet normal 0 0 0
outer loop
vertex 15.244549 10.570620 14.139372
vertex 15.244549 10.591373 14.119371
vertex 15.244549 10.591373 14.139372
endloop
endfacet
facet normal 0 0 0
outer loop
vertex 14.957888 10.591373 14.119371
vertex 14.957888 10.612126 14.139372
vertex 14.957888 10.612126 14.119371
endloop
endfacet
facet normal 0 0 0
outer loop
vertex 14.978363 10.591373 14.119371
vertex 14.957888 10.612126 14.139372
vertex 14.957888 10.591373 14.119371
endloop
endfacet
facet normal 0 0 0
outer loop
vertex 14.978363 10.612126 14.139372
vertex 14.957888 10.612126 14.139372
vertex 14.978363 10.591373 14.119371
endloop
endfacet
facet normal 0 0 0
outer loop
vertex 14.998838 10.591373 14.119371
vertex 14.978363 10.612126 14.139372
vertex 14.978363 10.591373 14.119371
endloop
endfacet
facet normal 0 0 0
outer loop
vertex 14.998838 10.612126 14.139372
vertex 14.978363 10.612126 14.139372
vertex 14.998838 10.591373 14.119371
endloop
endfacet
facet normal 0 0 0
outer loop
vertex 15.019316 10.591373 14.139372
vertex 14.998838 10.612126 14.139372
vertex 14.998838 10.591373 14.119371
endloop
endfacet
facet normal 0 0 0
outer loop
vertex 15.244549 10.591373 14.119371
vertex 15.244549 10.612126 14.119371
vertex 15.244549 10.591373 14.139372
endloop
endfacet
facet normal 0 0 0
outer loop
vertex 15.244549 10.591373 14.139372
vertex 15.244549 10.612126 14.119371
vertex 15.244549 10.612126 14.139372
endloop
endfacet
facet normal 0 0 0
outer loop
vertex 14.937412 10.632880 14.119371
vertex 14.957888 10.612126 14.119371
vertex 14.957888 10.632880 14.139372
endloop
endfacet
facet normal 0 0 0
outer loop
vertex 14.957888 10.612126 14.119371
vertex 14.957888 10.612126 14.139372
vertex 14.957888 10.632880 14.139372
endloop
endfacet
facet normal 0 0 0
outer loop
vertex 15.244549 10.612126 14.119371
vertex 15.224073 10.632880 14.139372
vertex 15.244549 10.612126 14.139372
endloop
endfacet
facet normal 0 0 0
outer loop
vertex 15.224073 10.632880 14.119371
vertex 15.224073 10.632880 14.139372
vertex 15.244549 10.612126 14.119371
endloop
endfacet
facet normal 0 0 0
outer loop
vertex 14.937412 10.632880 14.119371
vertex 14.957888 10.632880 14.139372
vertex 14.957888 10.653633 14.119371
endloop
endfacet
facet normal 0 0 0
outer loop
vertex 14.957888 10.632880 14.139372
vertex 14.957888 10.653633 14.139372
vertex 14.957888 10.653633 14.119371
endloop
endfacet
facet normal 0 0 0
outer loop
vertex 15.224073 10.632880 14.119371
vertex 15.203596 10.653633 14.119371
vertex 15.224073 10.653633 14.139372
endloop
endfacet
facet normal 0 0 0
outer loop
vertex 15.224073 10.632880 14.119371
vertex 15.224073 10.653633 14.139372
vertex 15.224073 10.632880 14.139372
endloop
endfacet
facet normal 0 0 0
outer loop
vertex 14.957888 10.653633 14.139372
vertex 14.978363 10.674386 14.119371
vertex 14.957888 10.653633 14.119371
endloop
endfacet
facet normal 0 0 0
outer loop
vertex 14.978363 10.674386 14.139372
vertex 14.978363 10.674386 14.119371
vertex 14.957888 10.653633 14.139372
endloop
endfacet
facet normal 0 0 0
outer loop
vertex 15.203596 10.653633 14.119371
vertex 15.183121 10.674386 14.119371
vertex 15.203596 10.674386 14.139372
endloop
endfacet
facet normal 0 0 0
outer loop
vertex 15.203596 10.653633 14.119371
vertex 15.203596 10.674386 14.139372
vertex 15.224073 10.653633 14.139372
endloop
endfacet
facet normal 0 0 0
outer loop
vertex 14.998838 10.695140 14.139372
vertex 14.998838 10.674386 14.119371
vertex 14.978363 10.674386 14.139372
endloop
endfacet
facet normal 0 0 0
outer loop
vertex 14.998838 10.674386 14.119371
vertex 14.978363 10.674386 14.119371
vertex 14.978363 10.674386 14.139372
endloop
endfacet
facet normal 0 0 0
outer loop
vertex 14.998838 10.674386 14.119371
vertex 15.019316 10.695140 14.139372
vertex 15.019316 10.674386 14.119371
endloop
endfacet
facet normal 0 0 0
outer loop
vertex 14.998838 10.695140 14.139372
vertex 15.019316 10.695140 14.139372
vertex 14.998838 10.674386 14.119371
endloop
endfacet
facet normal 0 0 0
outer loop
vertex 15.019316 10.674386 14.119371
vertex 15.039791 10.695140 14.139372
vertex 15.039791 10.674386 14.119371
endloop
endfacet
facet normal 0 0 0
outer loop
vertex 15.019316 10.695140 14.139372
vertex 15.039791 10.695140 14.139372
vertex 15.019316 10.674386 14.119371
endloop
endfacet
facet normal 0 0 0
outer loop
vertex 15.039791 10.674386 14.119371
vertex 15.060266 10.695140 14.139372
vertex 15.060266 10.674386 14.119371
endloop
endfacet
facet normal 0 0 0
outer loop
vertex 15.039791 10.695140 14.139372
vertex 15.060266 10.695140 14.139372
vertex 15.039791 10.674386 14.119371
endloop
endfacet
facet normal 0 0 0
outer loop
vertex 15.060266 10.674386 14.119371
vertex 15.060266 10.695140 14.139372
vertex 15.080742 10.695140 14.119371
endloop
endfacet
facet normal 0 0 0
outer loop
vertex 15.121695 10.674386 14.119371
vertex 15.101217 10.695140 14.119371
vertex 15.121695 10.695140 14.139372
endloop
endfacet
facet normal 0 0 0
outer loop
vertex 15.121695 10.674386 14.119371
vertex 15.142170 10.695140 14.139372
vertex 15.142170 10.674386 14.119371
endloop
endfacet
facet normal 0 0 0
outer loop
vertex 15.121695 10.695140 14.139372
vertex 15.142170 10.695140 14.139372
vertex 15.121695 10.674386 14.119371
endloop
endfacet
facet normal 0 0 0
outer loop
vertex 15.142170 10.674386 14.119371
vertex 15.162645 10.695140 14.139372
vertex 15.162645 10.674386 14.119371
endloop
endfacet
facet normal 0 0 0
outer loop
vertex 15.142170 10.695140 14.139372
vertex 15.162645 10.695140 14.139372
vertex 15.142170 10.674386 14.119371
endloop
endfacet
facet normal 0 0 0
outer loop
vertex 15.162645 10.674386 14.119371
vertex 15.183121 10.695140 14.139372
vertex 15.183121 10.674386 14.119371
endloop
endfacet
facet normal 0 0 0
outer loop
vertex 15.162645 10.695140 14.139372
vertex 15.183121 10.695140 14.139372
vertex 15.162645 10.674386 14.119371
endloop
endfacet
facet normal 0 0 0
outer loop
vertex 15.183121 10.674386 14.119371
vertex 15.183121 10.695140 14.139372
vertex 15.203596 10.674386 14.139372
endloop
endfacet
facet normal 0 0 0
outer loop
vertex 15.080742 10.695140 14.119371
vertex 15.060266 10.695140 14.139372
vertex 15.080742 10.715893 14.139372
endloop
endfacet
facet normal 0 0 0
outer loop
vertex 15.080742 10.715893 14.139372
vertex 15.101217 10.695140 14.139372
vertex 15.080742 10.695140 14.119371
endloop
endfacet
facet normal 0 0 0
outer loop
vertex 15.101217 10.695140 14.139372
vertex 15.101217 10.695140 14.119371
vertex 15.080742 10.695140 14.119371
endloop
endfacet
facet normal 0 0 0
outer loop
vertex 15.121695 10.695140 14.139372
vertex 15.101217 10.695140 14.119371
vertex 15.101217 10.695140 14.139372
endloop
endfacet
facet normal 0 0 0
outer loop
vertex 15.039791 10.549867 14.139372
vertex 15.060266 10.570620 14.159371
vertex 15.039791 10.570620 14.139372
endloop
endfacet
facet normal 0 0 0
outer loop
vertex 15.039791 10.549867 14.139372
vertex 15.060266 10.570620 14.139372
vertex 15.060266 10.570620 14.159371
endloop
endfacet
facet normal 0 0 0
outer loop
vertex 15.080742 10.570620 14.139372
vertex 15.080742 10.570620 14.159371
vertex 15.060266 10.570620 14.139372
endloop
endfacet
facet normal 0 0 0
outer loop
vertex 15.060266 10.570620 14.139372
vertex 15.080742 10.570620 14.159371
vertex 15.060266 10.570620 14.159371
endloop
endfacet
facet normal 0 0 0
outer loop
vertex 15.101217 10.570620 14.139372
vertex 15.080742 10.570620 14.159371
vertex 15.080742 10.570620 14.139372
endloop
endfacet
facet normal 0 0 0
outer loop
vertex 15.203596 10.570620 14.159371
vertex 15.183121 10.570620 14.139372
vertex 15.203596 10.570620 14.139372
endloop
endfacet
facet normal 0 0 0
outer loop
vertex 15.224073 10.570620 14.139372
vertex 15.224073 10.570620 14.159371
vertex 15.203596 10.570620 14.139372
endloop
endfacet
facet normal 0 0 0
outer loop
vertex 15.203596 10.570620 14.139372
vertex 15.224073 10.570620 14.159371
vertex 15.203596 10.570620 14.159371
endloop
endfacet
facet normal 0 0 0
outer loop
vertex 15.244549 10.570620 14.139372
vertex 15.224073 10.570620 14.159371
vertex 15.224073 10.570620 14.139372
endloop
endfacet
facet normal 0 0 0
outer loop
vertex 15.019316 10.591373 14.139372
vertex 15.039791 10.570620 14.139372
vertex 15.039791 10.591373 14.139372
endloop
endfacet
facet normal 0 0 0
outer loop
vertex 15.060266 10.591373 14.159371
vertex 15.039791 10.570620 14.139372
vertex 15.060266 10.570620 14.159371
endloop
endfacet
facet normal 0 0 0
outer loop
vertex 15.039791 10.591373 14.139372
vertex 15.039791 10.570620 14.139372
vertex 15.060266 10.591373 14.159371
endloop
endfacet
facet normal 0 0 0
outer loop
vertex 15.101217 10.570620 14.139372
vertex 15.101217 10.591373 14.159371
vertex 15.080742 10.570620 14.159371
endloop
endfacet
facet normal 0 0 0
outer loop
vertex 15.101217 10.570620 14.139372
vertex 15.121695 10.591373 14.139372
vertex 15.101217 10.591373 14.159371
endloop
endfacet
facet normal 0 0 0
outer loop
vertex 15.121695 10.591373 14.139372
vertex 15.121695 10.591373 14.159371
vertex 15.101217 10.591373 14.159371
endloop
endfacet
facet normal 0 0 0
outer loop
vertex 15.142170 10.570620 14.139372
vertex 15.142170 10.591373 14.159371
vertex 15.121695 10.591373 14.139372
endloop
endfacet
facet normal 0 0 0
outer loop
vertex 15.142170 10.591373 14.159371
vertex 15.121695 10.591373 14.159371
vertex 15.121695 10.591373 14.139372
endloop
endfacet
facet normal 0 0 0
outer loop
vertex 15.162645 10.570620 14.139372
vertex 15.142170 10.591373 14.159371
vertex 15.142170 10.570620 14.139372
endloop
endfacet
facet normal 0 0 0
outer loop
vertex 15.162645 10.591373 14.159371
vertex 15.142170 10.591373 14.159371
vertex 15.162645 10.570620 14.139372
endloop
endfacet
facet normal 0 0 0
outer loop
vertex 15.183121 10.570620 14.139372
vertex 15.162645 10.591373 14.159371
vertex 15.162645 10.570620 14.139372
endloop
endfacet
facet normal 0 0 0
outer loop
vertex 15.183121 10.591373 14.159371
vertex 15.162645 10.591373 14.159371
vertex 15.183121 10.570620 14.139372
endloop
endfacet
facet normal 0 0 0
outer loop
vertex 15.203596 10.570620 14.159371
vertex 15.183121 10.591373 14.159371
vertex 15.183121 10.570620 14.139372
endloop
endfacet
facet normal 0 0 0
outer loop
vertex 15.224073 10.591373 14.139372
vertex 15.203596 10.591373 14.159371
vertex 15.224073 10.570620 14.159371
endloop
endfacet
facet normal 0 0 0
outer loop
vertex 15.224073 10.570620 14.159371
vertex 15.244549 10.570620 14.139372
vertex 15.224073 10.591373 14.139372
endloop
endfacet
facet normal 0 0 0
outer loop
vertex 15.244549 10.570620 14.139372
vertex 15.244549 10.591373 14.139372
vertex 15.224073 10.591373 14.139372
endloop
endfacet
facet normal 0 0 0
outer loop
vertex 15.019316 10.591373 14.139372
vertex 15.019316 10.612126 14.159371
vertex 14.998838 10.612126 14.139372
endloop
endfacet
facet normal 0 0 0
outer loop
vertex 15.039791 10.591373 14.139372
vertex 15.019316 10.612126 14.159371
vertex 15.019316 10.591373 14.139372
endloop
endfacet
facet normal 0 0 0
outer loop
vertex 15.039791 10.612126 14.159371
vertex 15.019316 10.612126 14.159371
vertex 15.039791 10.591373 14.139372
endloop
endfacet
facet normal 0 0 0
outer loop
vertex 15.060266 10.591373 14.159371
vertex 15.039791 10.612126 14.159371
vertex 15.039791 10.591373 14.139372
endloop
endfacet
facet normal 0 0 0
outer loop
vertex 15.224073 10.591373 14.139372
vertex 15.224073 10.612126 14.159371
vertex 15.203596 10.591373 14.159371
endloop
endfacet
facet normal 0 0 0
outer loop
vertex 15.224073 10.612126 14.159371
vertex 15.224073 10.591373 14.139372
vertex 15.244549 10.612126 14.139372
endloop
endfacet
facet normal 0 0 0
outer loop
vertex 15.224073 10.591373 14.139372
vertex 15.244549 10.591373 14.139372
vertex 15.244549 10.612126 14.139372
endloop
endfacet
facet normal 0 0 0
outer loop
vertex 14.978363 10.632880 14.159371
vertex 14.957888 10.632880 14.139372
vertex 14.978363 10.612126 14.139372
endloop
endfacet
facet normal 0 0 0
outer loop
vertex 14.957888 10.632880 14.139372
vertex 14.957888 10.612126 14.139372
vertex 14.978363 10.612126 14.139372
endloop
endfacet
facet normal 0 0 0
outer loop
vertex 14.998838 10.612126 14.139372
vertex 14.978363 10.632880 14.159371
vertex 14.978363 10.612126 14.139372
endloop
endfacet
facet normal 0 0 0
outer loop
vertex 14.998838 10.632880 14.159371
vertex 14.978363 10.632880 14.159371
vertex 14.998838 10.612126 14.139372
endloop
endfacet
facet normal 0 0 0
outer loop
vertex 15.019316 10.612126 14.159371
vertex 14.998838 10.632880 14.159371
vertex 14.998838 10.612126 14.139372
endloop
endfacet
facet normal 0 0 0
outer loop
vertex 15.203596 10.632880 14.139372
vertex 15.183121 10.632880 14.159371
vertex 15.203596 10.612126 14.159371
endloop
endfacet
facet normal 0 0 0
outer loop
vertex 15.203596 10.632880 14.139372
vertex 15.224073 10.612126 14.159371
vertex 15.224073 10.632880 14.139372
endloop
endfacet
facet normal 0 0 0
outer loop
vertex 15.203596 10.612126 14.159371
vertex 15.224073 10.612126 14.159371
vertex 15.203596 10.632880 14.139372
endloop
endfacet
facet normal 0 0 0
outer loop
vertex 15.244549 10.612126 14.139372
vertex 15.224073 10.632880 14.139372
vertex 15.224073 10.612126 14.159371
endloop
endfacet
facet normal 0 0 0
outer loop
vertex 14.957888 10.632880 14.139372
vertex 14.957888 10.653633 14.159371
vertex 14.957888 10.653633 14.139372
endloop
endfacet
facet normal 0 0 0
outer loop
vertex 14.978363 10.632880 14.159371
vertex 14.957888 10.653633 14.159371
vertex 14.957888 10.632880 14.139372
endloop
endfacet
facet normal 0 0 0
outer loop
vertex 15.203596 10.632880 14.139372
vertex 15.203596 10.653633 14.159371
vertex 15.183121 10.632880 14.159371
endloop
endfacet
facet normal 0 0 0
outer loop
vertex 15.203596 10.653633 14.159371
vertex 15.203596 10.632880 14.139372
vertex 15.224073 10.653633 14.139372
endloop
endfacet
facet normal 0 0 0
outer loop
vertex 15.203596 10.632880 14.139372
vertex 15.224073 10.632880 14.139372
vertex 15.224073 10.653633 14.139372
endloop
endfacet
facet normal 0 0 0
outer loop
vertex 14.957888 10.653633 14.159371
vertex 14.978363 10.674386 14.139372
vertex 14.957888 10.653633 14.139372
endloop
endfacet
facet normal 0 0 0
outer loop
vertex 14.978363 10.674386 14.159371
vertex 14.978363 10.674386 14.139372
vertex 14.957888 10.653633 14.159371
endloop
endfacet
facet normal 0 0 0
outer loop
vertex 15.203596 10.674386 14.139372
vertex 15.183121 10.674386 14.159371
vertex 15.203596 10.653633 14.159371
endloop
endfacet
facet normal 0 0 0
outer loop
vertex 15.224073 10.653633 14.139372
vertex 15.203596 10.674386 14.139372
vertex 15.203596 10.653633 14.159371
endloop
endfacet
facet normal 0 0 0
outer loop
vertex 14.978363 10.674386 14.159371
vertex 14.998838 10.695140 14.139372
vertex 14.978363 10.674386 14.139372
endloop
endfacet
facet normal 0 0 0
outer loop
vertex 14.998838 10.695140 14.159371
vertex 14.998838 10.695140 14.139372
vertex 14.978363 10.674386 14.159371
endloop
endfacet
facet normal 0 0 0
outer loop
vertex 15.183121 10.695140 14.139372
vertex 15.162645 10.695140 14.159371
vertex 15.183121 10.674386 14.159371
endloop
endfacet
facet normal 0 0 0
outer loop
vertex 15.203596 10.674386 14.139372
vertex 15.183121 10.695140 14.139372
vertex 15.183121 10.674386 14.159371
endloop
endfacet
facet normal 0 0 0
outer loop
vertex 15.019316 10.695140 14.139372
vertex 14.998838 10.695140 14.139372
vertex 15.019316 10.695140 14.159371
endloop
endfacet
facet normal 0 0 0
outer loop
vertex 14.998838 10.695140 14.139372
vertex 14.998838 10.695140 14.159371
vertex 15.019316 10.695140 14.159371
endloop
endfacet
facet normal 0 0 0
outer loop
vertex 15.039791 10.715893 14.159371
vertex 15.039791 10.695140 14.139372
vertex 15.019316 10.695140 14.159371
endloop
endfacet
facet normal 0 0 0
outer loop
vertex 15.039791 10.695140 14.139372
vertex 15.019316 10.695140 14.139372
vertex 15.019316 10.695140 14.159371
endloop
endfacet
facet normal 0 0 0
outer loop
vertex 15.039791 10.695140 14.139372
vertex 15.060266 10.715893 14.159371
vertex 15.060266 10.695140 14.139372
endloop
endfacet
facet normal 0 0 0
outer loop
vertex 15.039791 10.715893 14.159371
vertex 15.060266 10.715893 14.159371
vertex 15.039791 10.695140 14.139372
endloop
endfacet
facet normal 0 0 0
outer loop
vertex 15.060266 10.695140 14.139372
vertex 15.060266 10.715893 14.159371
vertex 15.080742 10.715893 14.139372
endloop
endfacet
facet normal 0 0 0
outer loop
vertex 15.101217 10.695140 14.139372
vertex 15.080742 10.715893 14.159371
vertex 15.101217 10.695140 14.159371
endloop
endfacet
facet normal 0 0 0
outer loop
vertex 15.080742 10.715893 14.139372
vertex 15.080742 10.715893 14.159371
vertex 15.101217 10.695140 14.139372
endloop
endfacet
facet normal 0 0 0
outer loop
vertex 15.121695 10.695140 14.139372
vertex 15.101217 10.695140 14.139372
vertex 15.121695 10.695140 14.159371
endloop
endfacet
facet normal 0 0 0
outer loop
vertex 15.101217 10.695140 14.139372
vertex 15.101217 10.695140 14.159371
vertex 15.121695 10.695140 14.159371
endloop
endfacet
facet normal 0 0 0
outer loop
vertex 15.142170 10.695140 14.139372
vertex 15.121695 10.695140 14.139372
vertex 15.142170 10.695140 14.159371
endloop
endfacet
facet normal 0 0 0
outer loop
vertex 15.121695 10.695140 14.139372
vertex 15.121695 10.695140 14.159371
vertex 15.142170 10.695140 14.159371
endloop
endfacet
facet normal 0 0 0
outer loop
vertex 15.162645 10.695140 14.139372
vertex 15.142170 10.695140 14.139372
vertex 15.162645 10.695140 14.159371
endloop
endfacet
facet normal 0 0 0
outer loop
vertex 15.142170 10.695140 14.139372
vertex 15.142170 10.695140 14.159371
vertex 15.162645 10.695140 14.159371
endloop
endfacet
facet normal 0 0 0
outer loop
vertex 15.162645 10.695140 14.159371
vertex 15.183121 10.695140 14.139372
vertex 15.162645 10.695140 14.139372
endloop
endfacet
facet normal 0 0 0
outer loop
vertex 15.080742 10.715893 14.139372
vertex 15.060266 10.715893 14.159371
vertex 15.080742 10.715893 14.159371
endloop
endfacet
facet normal 0 0 0
outer loop
vertex 15.080742 10.570620 14.159371
vertex 15.080742 10.591373 14.159371
vertex 15.060266 10.570620 14.159371
endloop
endfacet
facet normal 0 0 0
outer loop
vertex 15.080742 10.591373 14.159371
vertex 15.060266 10.591373 14.159371
vertex 15.060266 10.570620 14.159371
endloop
endfacet
facet normal 0 0 0
outer loop
vertex 15.080742 10.570620 14.159371
vertex 15.101217 10.591373 14.159371
vertex 15.080742 10.591373 14.159371
endloop
endfacet
facet normal 0 0 0
outer loop
vertex 15.183121 10.591373 14.159371
vertex 15.203596 10.570620 14.159371
vertex 15.203596 10.591373 14.159371
endloop
endfacet
facet normal 0 0 0
outer loop
vertex 15.224073 10.570620 14.159371
vertex 15.203596 10.591373 14.159371
vertex 15.203596 10.570620 14.159371
endloop
endfacet
facet normal 0 0 0
outer loop
vertex 15.039791 10.612126 14.159371
vertex 15.060266 10.591373 14.159371
vertex 15.060266 10.612126 14.159371
endloop
endfacet
facet normal 0 0 0
outer loop
vertex 15.080742 10.591373 14.159371
vertex 15.080742 10.612126 14.159371
vertex 15.060266 10.591373 14.159371
endloop
endfacet
facet normal 0 0 0
outer loop
vertex 15.080742 10.612126 14.159371
vertex 15.060266 10.612126 14.159371
vertex 15.060266 10.591373 14.159371
endloop
endfacet
facet normal 0 0 0
outer loop
vertex 15.101217 10.591373 14.159371
vertex 15.101217 10.612126 14.159371
vertex 15.080742 10.591373 14.159371
endloop
endfacet
facet normal 0 0 0
outer loop
vertex 15.101217 10.612126 14.159371
vertex 15.080742 10.612126 14.159371
vertex 15.080742 10.591373 14.159371
endloop
endfacet
facet normal 0 0 0
outer loop
vertex 15.121695 10.591373 14.159371
vertex 15.121695 10.612126 14.159371
vertex 15.101217 10.591373 14.159371
endloop
endfacet
facet normal 0 0 0
outer loop
vertex 15.121695 10.612126 14.159371
vertex 15.101217 10.612126 14.159371
vertex 15.101217 10.591373 14.159371
endloop
endfacet
facet normal 0 0 0
outer loop
vertex 15.142170 10.591373 14.159371
vertex 15.142170 10.612126 14.159371
vertex 15.121695 10.591373 14.159371
endloop
endfacet
facet normal 0 0 0
outer loop
vertex 15.142170 10.612126 14.159371
vertex 15.121695 10.612126 14.159371
vertex 15.121695 10.591373 14.159371
endloop
endfacet
facet normal 0 0 0
outer loop
vertex 15.162645 10.591373 14.159371
vertex 15.162645 10.612126 14.159371
vertex 15.142170 10.591373 14.159371
endloop
endfacet
facet normal 0 0 0
outer loop
vertex 15.162645 10.612126 14.159371
vertex 15.142170 10.612126 14.159371
vertex 15.142170 10.591373 14.159371
endloop
endfacet
facet normal 0 0 0
outer loop
vertex 15.183121 10.591373 14.159371
vertex 15.183121 10.612126 14.159371
vertex 15.162645 10.591373 14.159371
endloop
endfacet
facet normal 0 0 0
outer loop
vertex 15.183121 10.612126 14.159371
vertex 15.162645 10.612126 14.159371
vertex 15.162645 10.591373 14.159371
endloop
endfacet
facet normal 0 0 0
outer loop
vertex 15.203596 10.591373 14.159371
vertex 15.203596 10.612126 14.159371
vertex 15.183121 10.591373 14.159371
endloop
endfacet
facet normal 0 0 0
outer loop
vertex 15.203596 10.612126 14.159371
vertex 15.183121 10.612126 14.159371
vertex 15.183121 10.591373 14.159371
endloop
endfacet
facet normal 0 0 0
outer loop
vertex 15.203596 10.591373 14.159371
vertex 15.224073 10.612126 14.159371
vertex 15.203596 10.612126 14.159371
endloop
endfacet
facet normal 0 0 0
outer loop
vertex 14.998838 10.632880 14.159371
vertex 15.019316 10.612126 14.159371
vertex 15.019316 10.632880 14.159371
endloop
endfacet
facet normal 0 0 0
outer loop
vertex 15.039791 10.612126 14.159371
vertex 15.039791 10.632880 14.159371
vertex 15.019316 10.612126 14.159371
endloop
endfacet
facet normal 0 0 0
outer loop
vertex 15.039791 10.632880 14.159371
vertex 15.019316 10.632880 14.159371
vertex 15.019316 10.612126 14.159371
endloop
endfacet
facet normal 0 0 0
outer loop
vertex 15.060266 10.612126 14.159371
vertex 15.060266 10.632880 14.159371
vertex 15.039791 10.612126 14.159371
endloop
endfacet
facet normal 0 0 0
outer loop
vertex 15.060266 10.632880 14.159371
vertex 15.039791 10.632880 14.159371
vertex 15.039791 10.612126 14.159371
endloop
endfacet
facet normal 0 0 0
outer loop
vertex 15.080742 10.612126 14.159371
vertex 15.080742 10.632880 14.159371
vertex 15.060266 10.612126 14.159371
endloop
endfacet
facet normal 0 0 0
outer loop
vertex 15.080742 10.632880 14.159371
vertex 15.060266 10.632880 14.159371
vertex 15.060266 10.612126 14.159371
endloop
endfacet
facet normal 0 0 0
outer loop
vertex 15.101217 10.612126 14.159371
vertex 15.101217 10.632880 14.159371
vertex 15.080742 10.612126 14.159371
endloop
endfacet
facet normal 0 0 0
outer loop
vertex 15.101217 10.632880 14.159371
vertex 15.080742 10.632880 14.159371
vertex 15.080742 10.612126 14.159371
endloop
endfacet
facet normal 0 0 0
outer loop
vertex 15.121695 10.612126 14.159371
vertex 15.121695 10.632880 14.159371
vertex 15.101217 10.612126 14.159371
endloop
endfacet
facet normal 0 0 0
outer loop
vertex 15.121695 10.632880 14.159371
vertex 15.101217 10.632880 14.159371
vertex 15.101217 10.612126 14.159371
endloop
endfacet
facet normal 0 0 0
outer loop
vertex 15.142170 10.612126 14.159371
vertex 15.142170 10.632880 14.159371
vertex 15.121695 10.612126 14.159371
endloop
endfacet
facet normal 0 0 0
outer loop
vertex 15.142170 10.632880 14.159371
vertex 15.121695 10.632880 14.159371
vertex 15.121695 10.612126 14.159371
endloop
endfacet
facet normal 0 0 0
outer loop
vertex 15.162645 10.612126 14.159371
vertex 15.162645 10.632880 14.159371
vertex 15.142170 10.612126 14.159371
endloop
endfacet
facet normal 0 0 0
outer loop
vertex 15.162645 10.632880 14.159371
vertex 15.142170 10.632880 14.159371
vertex 15.142170 10.612126 14.159371
endloop
endfacet
facet normal 0 0 0
outer loop
vertex 15.183121 10.612126 14.159371
vertex 15.183121 10.632880 14.159371
vertex 15.162645 10.612126 14.159371
endloop
endfacet
facet normal 0 0 0
outer loop
vertex 15.183121 10.632880 14.159371
vertex 15.162645 10.632880 14.159371
vertex 15.162645 10.612126 14.159371
endloop
endfacet
facet normal 0 0 0
outer loop
vertex 15.203596 10.612126 14.159371
vertex 15.183121 10.632880 14.159371
vertex 15.183121 10.612126 14.159371
endloop
endfacet
facet normal 0 0 0
outer loop
vertex 14.957888 10.653633 14.159371
vertex 14.978363 10.632880 14.159371
vertex 14.978363 10.653633 14.159371
endloop
endfacet
facet normal 0 0 0
outer loop
vertex 14.998838 10.632880 14.159371
vertex 14.998838 10.653633 14.159371
vertex 14.978363 10.632880 14.159371
endloop
endfacet
facet normal 0 0 0
outer loop
vertex 14.998838 10.653633 14.159371
vertex 14.978363 10.653633 14.159371
vertex 14.978363 10.632880 14.159371
endloop
endfacet
facet normal 0 0 0
outer loop
vertex 15.019316 10.632880 14.159371
vertex 15.019316 10.653633 14.159371
vertex 14.998838 10.632880 14.159371
endloop
endfacet
facet normal 0 0 0
outer loop
vertex 15.019316 10.653633 14.159371
vertex 14.998838 10.653633 14.159371
vertex 14.998838 10.632880 14.159371
endloop
endfacet
facet normal 0 0 0
outer loop
vertex 15.039791 10.632880 14.159371
vertex 15.039791 10.653633 14.159371
vertex 15.019316 10.632880 14.159371
endloop
endfacet
facet normal 0 0 0
outer loop
vertex 15.039791 10.653633 14.159371
vertex 15.019316 10.653633 14.159371
vertex 15.019316 10.632880 14.159371
endloop
endfacet
facet normal 0 0 0
outer loop
vertex 15.060266 10.632880 14.159371
vertex 15.060266 10.653633 14.159371
vertex 15.039791 10.632880 14.159371
endloop
endfacet
facet normal 0 0 0
outer loop
vertex 15.060266 10.653633 14.159371
vertex 15.039791 10.653633 14.159371
vertex 15.039791 10.632880 14.159371
endloop
endfacet
facet normal 0 0 0
outer loop
vertex 15.080742 10.632880 14.159371
vertex 15.080742 10.653633 14.159371
vertex 15.060266 10.632880 14.159371
endloop
endfacet
facet normal 0 0 0
outer loop
vertex 15.080742 10.653633 14.159371
vertex 15.060266 10.653633 14.159371
vertex 15.060266 10.632880 14.159371
endloop
endfacet
facet normal 0 0 0
outer loop
vertex 15.101217 10.632880 14.159371
vertex 15.101217 10.653633 14.159371
vertex 15.080742 10.632880 14.159371
endloop
endfacet
facet normal 0 0 0
outer loop
vertex 15.101217 10.653633 14.159371
vertex 15.080742 10.653633 14.159371
vertex 15.080742 10.632880 14.159371
endloop
endfacet
facet normal 0 0 0
outer loop
vertex 15.121695 10.632880 14.159371
vertex 15.121695 10.653633 14.159371
vertex 15.101217 10.632880 14.159371
endloop
endfacet
facet normal 0 0 0
outer loop
vertex 15.121695 10.653633 14.159371
vertex 15.101217 10.653633 14.159371
vertex 15.101217 10.632880 14.159371
endloop
endfacet
facet normal 0 0 0
outer loop
vertex 15.142170 10.632880 14.159371
vertex 15.142170 10.653633 14.159371
vertex 15.121695 10.632880 14.159371
endloop
endfacet
facet normal 0 0 0
outer loop
vertex 15.142170 10.653633 14.159371
vertex 15.121695 10.653633 14.159371
vertex 15.121695 10.632880 14.159371
endloop
endfacet
facet normal 0 0 0
outer loop
vertex 15.162645 10.632880 14.159371
vertex 15.162645 10.653633 14.159371
vertex 15.142170 10.632880 14.159371
endloop
endfacet
facet normal 0 0 0
outer loop
vertex 15.162645 10.653633 14.159371
vertex 15.142170 10.653633 14.159371
vertex 15.142170 10.632880 14.159371
endloop
endfacet
facet normal 0 0 0
outer loop
vertex 15.183121 10.632880 14.159371
vertex 15.183121 10.653633 14.159371
vertex 15.162645 10.632880 14.159371
endloop
endfacet
facet normal 0 0 0
outer loop
vertex 15.183121 10.653633 14.159371
vertex 15.162645 10.653633 14.159371
vertex 15.162645 10.632880 14.159371
endloop
endfacet
facet normal 0 0 0
outer loop
vertex 15.183121 10.632880 14.159371
vertex 15.203596 10.653633 14.159371
vertex 15.183121 10.653633 14.159371
endloop
endfacet
facet normal 0 0 0
outer loop
vertex 14.978363 10.674386 14.159371
vertex 14.957888 10.653633 14.159371
vertex 14.978363 10.653633 14.159371
endloop
endfacet
facet normal 0 0 0
outer loop
vertex 14.998838 10.674386 14.179372
vertex 14.978363 10.674386 14.159371
vertex 14.998838 10.653633 14.159371
endloop
endfacet
facet normal 0 0 0
outer loop
vertex 14.978363 10.674386 14.159371
vertex 14.978363 10.653633 14.159371
vertex 14.998838 10.653633 14.159371
endloop
endfacet
facet normal 0 0 0
outer loop
vertex 15.019316 10.653633 14.159371
vertex 14.998838 10.674386 14.179372
vertex 14.998838 10.653633 14.159371
endloop
endfacet
facet normal 0 0 0
outer loop
vertex 15.019316 10.674386 14.179372
vertex 14.998838 10.674386 14.179372
vertex 15.019316 10.653633 14.159371
endloop
endfacet
facet normal 0 0 0
outer loop
vertex 15.039791 10.653633 14.159371
vertex 15.019316 10.674386 14.179372
vertex 15.019316 10.653633 14.159371
endloop
endfacet
facet normal 0 0 0
outer loop
vertex 15.039791 10.674386 14.179372
vertex 15.019316 10.674386 14.179372
vertex 15.039791 10.653633 14.159371
endloop
endfacet
facet normal 0 0 0
outer loop
vertex 15.060266 10.653633 14.159371
vertex 15.039791 10.674386 14.179372
vertex 15.039791 10.653633 14.159371
endloop
endfacet
facet normal 0 0 0
outer loop
vertex 15.060266 10.674386 14.179372
vertex 15.039791 10.674386 14.179372
vertex 15.060266 10.653633 14.159371
endloop
endfacet
facet normal 0 0 0
outer loop
vertex 15.080742 10.653633 14.159371
vertex 15.060266 10.674386 14.179372
vertex 15.060266 10.653633 14.159371
endloop
endfacet
facet normal 0 0 0
outer loop
vertex 15.080742 10.674386 14.179372
vertex 15.060266 10.674386 14.179372
vertex 15.080742 10.653633 14.159371
endloop
endfacet
facet normal 0 0 0
outer loop
vertex 15.080742 10.674386 14.179372
vertex 15.080742 10.653633 14.159371
vertex 15.101217 10.674386 14.159371
endloop
endfacet
facet normal 0 0 0
outer loop
vertex 15.080742 10.653633 14.159371
vertex 15.101217 10.653633 14.159371
vertex 15.101217 10.674386 14.159371
endloop
endfacet
facet normal 0 0 0
outer loop
vertex 15.121695 10.653633 14.159371
vertex 15.121695 10.674386 14.159371
vertex 15.101217 10.653633 14.159371
endloop
endfacet
facet normal 0 0 0
outer loop
vertex 15.121695 10.674386 14.159371
vertex 15.101217 10.674386 14.159371
vertex 15.101217 10.653633 14.159371
endloop
endfacet
facet normal 0 0 0
outer loop
vertex 15.142170 10.653633 14.159371
vertex 15.142170 10.674386 14.159371
vertex 15.121695 10.653633 14.159371
endloop
endfacet
facet normal 0 0 0
outer loop
vertex 15.142170 10.674386 14.159371
vertex 15.121695 10.674386 14.159371
vertex 15.121695 10.653633 14.159371
endloop
endfacet
facet normal 0 0 0
outer loop
vertex 15.162645 10.653633 14.159371
vertex 15.162645 10.674386 14.159371
vertex 15.142170 10.653633 14.159371
endloop
endfacet
facet normal 0 0 0
outer loop
vertex 15.162645 10.674386 14.159371
vertex 15.142170 10.674386 14.159371
vertex 15.142170 10.653633 14.159371
endloop
endfacet
facet normal 0 0 0
outer loop
vertex 15.183121 10.653633 14.159371
vertex 15.183121 10.674386 14.159371
vertex 15.162645 10.653633 14.159371
endloop
endfacet
facet normal 0 0 0
outer loop
vertex 15.183121 10.674386 14.159371
vertex 15.162645 10.674386 14.159371
vertex 15.162645 10.653633 14.159371
endloop
endfacet
facet normal 0 0 0
outer loop
vertex 15.203596 10.653633 14.159371
vertex 15.183121 10.674386 14.159371
vertex 15.183121 10.653633 14.159371
endloop
endfacet
facet normal 0 0 0
outer loop
vertex 14.978363 10.674386 14.159371
vertex 14.998838 10.674386 14.179372
vertex 14.998838 10.695140 14.159371
endloop
endfacet
facet normal 0 0 0
outer loop
vertex 14.998838 10.674386 14.179372
vertex 14.998838 10.695140 14.179372
vertex 14.998838 10.695140 14.159371
endloop
endfacet
facet normal 0 0 0
outer loop
vertex 15.101217 10.674386 14.159371
vertex 15.101217 10.695140 14.179372
vertex 15.080742 10.674386 14.179372
endloop
endfacet
facet normal 0 0 0
outer loop
vertex 15.101217 10.695140 14.179372
vertex 15.101217 10.674386 14.159371
vertex 15.121695 10.695140 14.159371
endloop
endfacet
facet normal 0 0 0
outer loop
vertex 15.101217 10.674386 14.159371
vertex 15.121695 10.674386 14.159371
vertex 15.121695 10.695140 14.159371
endloop
endfacet
facet normal 0 0 0
outer loop
vertex 15.142170 10.674386 14.159371
vertex 15.142170 10.695140 14.159371
vertex 15.121695 10.674386 14.159371
endloop
endfacet
facet normal 0 0 0
outer loop
vertex 15.142170 10.695140 14.159371
vertex 15.121695 10.695140 14.159371
vertex 15.121695 10.674386 14.159371
endloop
endfacet
facet normal 0 0 0
outer loop
vertex 15.162645 10.674386 14.159371
vertex 15.162645 10.695140 14.159371
vertex 15.142170 10.674386 14.159371
endloop
endfacet
facet normal 0 0 0
outer loop
vertex 15.162645 10.695140 14.159371
vertex 15.142170 10.695140 14.159371
vertex 15.142170 10.674386 14.159371
endloop
endfacet
facet normal 0 0 0
outer loop
vertex 15.183121 10.674386 14.159371
vertex 15.162645 10.695140 14.159371
vertex 15.162645 10.674386 14.159371
endloop
endfacet
facet normal 0 0 0
outer loop
vertex 14.998838 10.695140 14.159371
vertex 14.978363 10.715893 14.179372
vertex 14.998838 10.715893 14.179372
endloop
endfacet
facet normal 0 0 0
outer loop
vertex 14.998838 10.695140 14.159371
vertex 14.998838 10.695140 14.179372
vertex 14.978363 10.715893 14.179372
endloop
endfacet
facet normal 0 0 0
outer loop
vertex 14.998838 10.695140 14.159371
vertex 15.019316 10.715893 14.179372
vertex 15.019316 10.695140 14.159371
endloop
endfacet
facet normal 0 0 0
outer loop
vertex 14.998838 10.715893 14.179372
vertex 15.019316 10.715893 14.179372
vertex 14.998838 10.695140 14.159371
endloop
endfacet
facet normal 0 0 0
outer loop
vertex 15.019316 10.695140 14.159371
vertex 15.019316 10.715893 14.179372
vertex 15.039791 10.715893 14.159371
endloop
endfacet
facet normal 0 0 0
outer loop
vertex 15.101217 10.695140 14.159371
vertex 15.080742 10.715893 14.179372
vertex 15.101217 10.695140 14.179372
endloop
endfacet
facet normal 0 0 0
outer loop
vertex 15.080742 10.715893 14.159371
vertex 15.080742 10.715893 14.179372
vertex 15.101217 10.695140 14.159371
endloop
endfacet
facet normal 0 0 0
outer loop
vertex 15.101217 10.695140 14.179372
vertex 15.121695 10.695140 14.159371
vertex 15.101217 10.695140 14.159371
endloop
endfacet
facet normal 0 0 0
outer loop
vertex 15.039791 10.715893 14.159371
vertex 15.019316 10.715893 14.179372
vertex 15.039791 10.715893 14.179372
endloop
endfacet
facet normal 0 0 0
outer loop
vertex 15.060266 10.715893 14.159371
vertex 15.039791 10.715893 14.159371
vertex 15.060266 10.715893 14.179372
endloop
endfacet
facet normal 0 0 0
outer loop
vertex 15.039791 10.715893 14.159371
vertex 15.039791 10.715893 14.179372
vertex 15.060266 10.715893 14.179372
endloop
endfacet
facet normal 0 0 0
outer loop
vertex 15.080742 10.715893 14.159371
vertex 15.060266 10.715893 14.159371
vertex 15.080742 10.715893 14.179372
endloop
endfacet
facet normal 0 0 0
outer loop
vertex 15.060266 10.715893 14.159371
vertex 15.060266 10.715893 14.179372
vertex 15.080742 10.715893 14.179372
endloop
endfacet
facet normal 0 0 0
outer loop
vertex 15.019316 10.674386 14.179372
vertex 15.019316 10.695140 14.179372
vertex 14.998838 10.674386 14.179372
endloop
endfacet
facet normal 0 0 0
outer loop
vertex 15.019316 10.695140 14.179372
vertex 14.998838 10.695140 14.179372
vertex 14.998838 10.674386 14.179372
endloop
endfacet
facet normal 0 0 0
outer loop
vertex 15.039791 10.674386 14.179372
vertex 15.039791 10.695140 14.179372
vertex 15.019316 10.674386 14.179372
endloop
endfacet
facet normal 0 0 0
outer loop
vertex 15.039791 10.695140 14.179372
vertex 15.019316 10.695140 14.179372
vertex 15.019316 10.674386 14.179372
endloop
endfacet
facet normal 0 0 0
outer loop
vertex 15.060266 10.674386 14.179372
vertex 15.060266 10.695140 14.179372
vertex 15.039791 10.674386 14.179372
endloop
endfacet
facet normal 0 0 0
outer loop
vertex 15.060266 10.695140 14.179372
vertex 15.039791 10.695140 14.179372
vertex 15.039791 10.674386 14.179372
endloop
endfacet
facet normal 0 0 0
outer loop
vertex 15.080742 10.674386 14.179372
vertex 15.080742 10.695140 14.179372
vertex 15.060266 10.674386 14.179372
endloop
endfacet
facet normal 0 0 0
outer loop
vertex 15.080742 10.695140 14.179372
vertex 15.060266 10.695140 14.179372
vertex 15.060266 10.674386 14.179372
endloop
endfacet
facet normal 0 0 0
outer loop
vertex 15.080742 10.674386 14.179372
vertex 15.101217 10.695140 14.179372
vertex 15.080742 10.695140 14.179372
endloop
endfacet
facet normal 0 0 0
outer loop
vertex 14.978363 10.715893 14.179372
vertex 14.998838 10.695140 14.179372
vertex 14.998838 10.715893 14.179372
endloop
endfacet
facet normal 0 0 0
outer loop
vertex 15.019316 10.695140 14.179372
vertex 15.019316 10.715893 14.179372
vertex 14.998838 10.695140 14.179372
endloop
endfacet
facet normal 0 0 0
outer loop
vertex 15.019316 10.715893 14.179372
vertex 14.998838 10.715893 14.179372
vertex 14.998838 10.695140 14.179372
endloop
endfacet
facet normal 0 0 0
outer loop
vertex 15.039791 10.695140 14.179372
vertex 15.039791 10.715893 14.179372
vertex 15.019316 10.695140 14.179372
endloop
endfacet
facet normal 0 0 0
outer loop
vertex 15.039791 10.715893 14.179372
vertex 15.019316 10.715893 14.179372
vertex 15.019316 10.695140 14.179372
endloop
endfacet
facet normal 0 0 0
outer loop
vertex 15.060266 10.695140 14.179372
vertex 15.060266 10.715893 14.179372
vertex 15.039791 10.695140 14.179372
endloop
endfacet
facet normal 0 0 0
outer loop
vertex 15.060266 10.715893 14.179372
vertex 15.039791 10.715893 14.179372
vertex 15.039791 10.695140 14.179372
endloop
endfacet
facet normal 0 0 0
outer loop
vertex 15.080742 10.695140 14.179372
vertex 15.080742 10.715893 14.179372
vertex 15.060266 10.695140 14.179372
endloop
endfacet
facet normal 0 0 0
outer loop
vertex 15.080742 10.715893 14.179372
vertex 15.060266 10.715893 14.179372
vertex 15.060266 10.695140 14.179372
endloop
endfacet
facet normal 0 0 0
outer loop
vertex 15.101217 10.695140 14.179372
vertex 15.080742 10.715893 14.179372
vertex 15.080742 10.695140 14.179372
endloop
endfacet
endsolid B-16-Plag.378
