solid B-16-Plag.336
facet normal 0 0 0
outer loop
vertex -0.439914 14.285464 13.319372
vertex -0.460389 14.285464 13.319372
vertex -0.439914 14.306217 13.319372
endloop
endfacet
facet normal 0 0 0
outer loop
vertex -0.439914 14.306217 13.319372
vertex -0.460389 14.285464 13.319372
vertex -0.460389 14.306217 13.319372
endloop
endfacet
facet normal 0 0 0
outer loop
vertex -0.419438 14.285464 13.319372
vertex -0.439914 14.285464 13.319372
vertex -0.419438 14.306217 13.319372
endloop
endfacet
facet normal 0 0 0
outer loop
vertex -0.419438 14.306217 13.319372
vertex -0.439914 14.285464 13.319372
vertex -0.439914 14.306217 13.319372
endloop
endfacet
facet normal 0 0 0
outer loop
vertex -0.398962 14.285464 13.319372
vertex -0.419438 14.285464 13.319372
vertex -0.398962 14.306217 13.319372
endloop
endfacet
facet normal 0 0 0
outer loop
vertex -0.398962 14.306217 13.319372
vertex -0.419438 14.285464 13.319372
vertex -0.419438 14.306217 13.319372
endloop
endfacet
facet normal 0 0 0
outer loop
vertex -0.460389 14.306217 13.319372
vertex -0.480865 14.326971 13.319372
vertex -0.460389 14.326971 13.319372
endloop
endfacet
facet normal 0 0 0
outer loop
vertex -0.439914 14.306217 13.319372
vertex -0.460389 14.306217 13.319372
vertex -0.439914 14.326971 13.319372
endloop
endfacet
facet normal 0 0 0
outer loop
vertex -0.439914 14.326971 13.319372
vertex -0.460389 14.306217 13.319372
vertex -0.460389 14.326971 13.319372
endloop
endfacet
facet normal 0 0 0
outer loop
vertex -0.419438 14.306217 13.319372
vertex -0.439914 14.306217 13.319372
vertex -0.419438 14.326971 13.319372
endloop
endfacet
facet normal 0 0 0
outer loop
vertex -0.419438 14.326971 13.319372
vertex -0.439914 14.306217 13.319372
vertex -0.439914 14.326971 13.319372
endloop
endfacet
facet normal 0 0 0
outer loop
vertex -0.398962 14.306217 13.319372
vertex -0.419438 14.306217 13.319372
vertex -0.398962 14.326971 13.319372
endloop
endfacet
facet normal 0 0 0
outer loop
vertex -0.398962 14.326971 13.319372
vertex -0.419438 14.306217 13.319372
vertex -0.419438 14.326971 13.319372
endloop
endfacet
facet normal 0 0 0
outer loop
vertex -0.439914 14.264711 13.339372
vertex -0.460389 14.285464 13.339372
vertex -0.439914 14.285464 13.319372
endloop
endfacet
facet normal 0 0 0
outer loop
vertex -0.460389 14.285464 13.339372
vertex -0.460389 14.285464 13.319372
vertex -0.439914 14.285464 13.319372
endloop
endfacet
facet normal 0 0 0
outer loop
vertex -0.439914 14.264711 13.339372
vertex -0.439914 14.285464 13.319372
vertex -0.419438 14.285464 13.339372
endloop
endfacet
facet normal 0 0 0
outer loop
vertex -0.439914 14.285464 13.319372
vertex -0.419438 14.285464 13.319372
vertex -0.419438 14.285464 13.339372
endloop
endfacet
facet normal 0 0 0
outer loop
vertex -0.398962 14.285464 13.319372
vertex -0.398962 14.285464 13.339372
vertex -0.419438 14.285464 13.319372
endloop
endfacet
facet normal 0 0 0
outer loop
vertex -0.419438 14.285464 13.319372
vertex -0.398962 14.285464 13.339372
vertex -0.419438 14.285464 13.339372
endloop
endfacet
facet normal 0 0 0
outer loop
vertex -0.460389 14.285464 13.319372
vertex -0.460389 14.285464 13.339372
vertex -0.460389 14.306217 13.319372
endloop
endfacet
facet normal 0 0 0
outer loop
vertex -0.460389 14.285464 13.339372
vertex -0.460389 14.306217 13.339372
vertex -0.460389 14.306217 13.319372
endloop
endfacet
facet normal 0 0 0
outer loop
vertex -0.378486 14.306217 13.339372
vertex -0.398962 14.285464 13.339372
vertex -0.398962 14.306217 13.319372
endloop
endfacet
facet normal 0 0 0
outer loop
vertex -0.398962 14.285464 13.339372
vertex -0.398962 14.285464 13.319372
vertex -0.398962 14.306217 13.319372
endloop
endfacet
facet normal 0 0 0
outer loop
vertex -0.460389 14.306217 13.339372
vertex -0.480865 14.326971 13.319372
vertex -0.460389 14.306217 13.319372
endloop
endfacet
facet normal 0 0 0
outer loop
vertex -0.460389 14.306217 13.339372
vertex -0.460389 14.326971 13.319372
vertex -0.480865 14.326971 13.319372
endloop
endfacet
facet normal 0 0 0
outer loop
vertex -0.460389 14.306217 13.339372
vertex -0.439914 14.326971 13.339372
vertex -0.460389 14.326971 13.319372
endloop
endfacet
facet normal 0 0 0
outer loop
vertex -0.378486 14.306217 13.339372
vertex -0.398962 14.326971 13.319372
vertex -0.378486 14.326971 13.339372
endloop
endfacet
facet normal 0 0 0
outer loop
vertex -0.398962 14.306217 13.319372
vertex -0.398962 14.326971 13.319372
vertex -0.378486 14.306217 13.339372
endloop
endfacet
facet normal 0 0 0
outer loop
vertex -0.460389 14.326971 13.319372
vertex -0.439914 14.326971 13.339372
vertex -0.439914 14.326971 13.319372
endloop
endfacet
facet normal 0 0 0
outer loop
vertex -0.419438 14.347725 13.339372
vertex -0.419438 14.326971 13.319372
vertex -0.439914 14.326971 13.339372
endloop
endfacet
facet normal 0 0 0
outer loop
vertex -0.419438 14.326971 13.319372
vertex -0.439914 14.326971 13.319372
vertex -0.439914 14.326971 13.339372
endloop
endfacet
facet normal 0 0 0
outer loop
vertex -0.419438 14.347725 13.339372
vertex -0.398962 14.326971 13.339372
vertex -0.419438 14.326971 13.319372
endloop
endfacet
facet normal 0 0 0
outer loop
vertex -0.398962 14.326971 13.339372
vertex -0.398962 14.326971 13.319372
vertex -0.419438 14.326971 13.319372
endloop
endfacet
facet normal 0 0 0
outer loop
vertex -0.378486 14.326971 13.339372
vertex -0.398962 14.326971 13.319372
vertex -0.398962 14.326971 13.339372
endloop
endfacet
facet normal 0 0 0
outer loop
vertex -0.480865 14.285464 13.359372
vertex -0.460389 14.285464 13.339372
vertex -0.460389 14.285464 13.359372
endloop
endfacet
facet normal 0 0 0
outer loop
vertex -0.439914 14.264711 13.339372
vertex -0.439914 14.285464 13.359372
vertex -0.460389 14.285464 13.339372
endloop
endfacet
facet normal 0 0 0
outer loop
vertex -0.439914 14.285464 13.359372
vertex -0.460389 14.285464 13.359372
vertex -0.460389 14.285464 13.339372
endloop
endfacet
facet normal 0 0 0
outer loop
vertex -0.419438 14.285464 13.339372
vertex -0.439914 14.285464 13.359372
vertex -0.439914 14.264711 13.339372
endloop
endfacet
facet normal 0 0 0
outer loop
vertex -0.460389 14.285464 13.339372
vertex -0.480865 14.306217 13.359372
vertex -0.460389 14.306217 13.339372
endloop
endfacet
facet normal 0 0 0
outer loop
vertex -0.480865 14.285464 13.359372
vertex -0.480865 14.306217 13.359372
vertex -0.460389 14.285464 13.339372
endloop
endfacet
facet normal 0 0 0
outer loop
vertex -0.419438 14.285464 13.339372
vertex -0.419438 14.306217 13.359372
vertex -0.439914 14.285464 13.359372
endloop
endfacet
facet normal 0 0 0
outer loop
vertex -0.419438 14.306217 13.359372
vertex -0.419438 14.285464 13.339372
vertex -0.398962 14.306217 13.339372
endloop
endfacet
facet normal 0 0 0
outer loop
vertex -0.419438 14.285464 13.339372
vertex -0.398962 14.285464 13.339372
vertex -0.398962 14.306217 13.339372
endloop
endfacet
facet normal 0 0 0
outer loop
vertex -0.398962 14.285464 13.339372
vertex -0.378486 14.306217 13.339372
vertex -0.398962 14.306217 13.339372
endloop
endfacet
facet normal 0 0 0
outer loop
vertex -0.460389 14.306217 13.339372
vertex -0.480865 14.306217 13.359372
vertex -0.460389 14.326971 13.359372
endloop
endfacet
facet normal 0 0 0
outer loop
vertex -0.480865 14.306217 13.359372
vertex -0.480865 14.326971 13.359372
vertex -0.460389 14.326971 13.359372
endloop
endfacet
facet normal 0 0 0
outer loop
vertex -0.460389 14.306217 13.339372
vertex -0.460389 14.326971 13.359372
vertex -0.439914 14.326971 13.339372
endloop
endfacet
facet normal 0 0 0
outer loop
vertex -0.398962 14.306217 13.339372
vertex -0.398962 14.326971 13.359372
vertex -0.419438 14.306217 13.359372
endloop
endfacet
facet normal 0 0 0
outer loop
vertex -0.398962 14.326971 13.359372
vertex -0.398962 14.306217 13.339372
vertex -0.378486 14.326971 13.339372
endloop
endfacet
facet normal 0 0 0
outer loop
vertex -0.398962 14.306217 13.339372
vertex -0.378486 14.306217 13.339372
vertex -0.378486 14.326971 13.339372
endloop
endfacet
facet normal 0 0 0
outer loop
vertex -0.378486 14.306217 13.339372
vertex -0.358010 14.326971 13.339372
vertex -0.378486 14.326971 13.339372
endloop
endfacet
facet normal 0 0 0
outer loop
vertex -0.480865 14.326971 13.359372
vertex -0.460389 14.347725 13.359372
vertex -0.460389 14.326971 13.359372
endloop
endfacet
facet normal 0 0 0
outer loop
vertex -0.439914 14.326971 13.339372
vertex -0.460389 14.326971 13.359372
vertex -0.439914 14.347725 13.359372
endloop
endfacet
facet normal 0 0 0
outer loop
vertex -0.460389 14.326971 13.359372
vertex -0.460389 14.347725 13.359372
vertex -0.439914 14.347725 13.359372
endloop
endfacet
facet normal 0 0 0
outer loop
vertex -0.439914 14.326971 13.339372
vertex -0.439914 14.347725 13.359372
vertex -0.419438 14.347725 13.339372
endloop
endfacet
facet normal 0 0 0
outer loop
vertex -0.398962 14.326971 13.339372
vertex -0.419438 14.347725 13.339372
vertex -0.398962 14.347725 13.359372
endloop
endfacet
facet normal 0 0 0
outer loop
vertex -0.378486 14.347725 13.359372
vertex -0.398962 14.326971 13.359372
vertex -0.398962 14.347725 13.359372
endloop
endfacet
facet normal 0 0 0
outer loop
vertex -0.398962 14.347725 13.359372
vertex -0.398962 14.326971 13.359372
vertex -0.398962 14.326971 13.339372
endloop
endfacet
facet normal 0 0 0
outer loop
vertex -0.398962 14.326971 13.339372
vertex -0.398962 14.326971 13.359372
vertex -0.378486 14.326971 13.339372
endloop
endfacet
facet normal 0 0 0
outer loop
vertex -0.460389 14.347725 13.359372
vertex -0.439914 14.368477 13.359372
vertex -0.439914 14.347725 13.359372
endloop
endfacet
facet normal 0 0 0
outer loop
vertex -0.419438 14.347725 13.339372
vertex -0.439914 14.347725 13.359372
vertex -0.419438 14.368477 13.359372
endloop
endfacet
facet normal 0 0 0
outer loop
vertex -0.439914 14.347725 13.359372
vertex -0.439914 14.368477 13.359372
vertex -0.419438 14.368477 13.359372
endloop
endfacet
facet normal 0 0 0
outer loop
vertex -0.419438 14.347725 13.339372
vertex -0.419438 14.368477 13.359372
vertex -0.398962 14.347725 13.359372
endloop
endfacet
facet normal 0 0 0
outer loop
vertex -0.419438 14.368477 13.359372
vertex -0.398962 14.368477 13.359372
vertex -0.398962 14.347725 13.359372
endloop
endfacet
facet normal 0 0 0
outer loop
vertex -0.398962 14.368477 13.359372
vertex -0.378486 14.347725 13.359372
vertex -0.398962 14.347725 13.359372
endloop
endfacet
facet normal 0 0 0
outer loop
vertex -0.460389 14.264711 13.379372
vertex -0.480865 14.285464 13.379372
vertex -0.460389 14.285464 13.359372
endloop
endfacet
facet normal 0 0 0
outer loop
vertex -0.480865 14.285464 13.379372
vertex -0.480865 14.285464 13.359372
vertex -0.460389 14.285464 13.359372
endloop
endfacet
facet normal 0 0 0
outer loop
vertex -0.460389 14.264711 13.379372
vertex -0.460389 14.285464 13.359372
vertex -0.439914 14.285464 13.379372
endloop
endfacet
facet normal 0 0 0
outer loop
vertex -0.460389 14.285464 13.359372
vertex -0.439914 14.285464 13.359372
vertex -0.439914 14.285464 13.379372
endloop
endfacet
facet normal 0 0 0
outer loop
vertex -0.419438 14.285464 13.379372
vertex -0.439914 14.285464 13.379372
vertex -0.439914 14.285464 13.359372
endloop
endfacet
facet normal 0 0 0
outer loop
vertex -0.480865 14.285464 13.359372
vertex -0.480865 14.285464 13.379372
vertex -0.480865 14.306217 13.359372
endloop
endfacet
facet normal 0 0 0
outer loop
vertex -0.480865 14.285464 13.379372
vertex -0.480865 14.306217 13.379372
vertex -0.480865 14.306217 13.359372
endloop
endfacet
facet normal 0 0 0
outer loop
vertex -0.439914 14.285464 13.359372
vertex -0.419438 14.306217 13.359372
vertex -0.419438 14.285464 13.379372
endloop
endfacet
facet normal 0 0 0
outer loop
vertex -0.419438 14.306217 13.359372
vertex -0.398962 14.306217 13.379372
vertex -0.419438 14.285464 13.379372
endloop
endfacet
facet normal 0 0 0
outer loop
vertex -0.480865 14.306217 13.359372
vertex -0.480865 14.306217 13.379372
vertex -0.480865 14.326971 13.359372
endloop
endfacet
facet normal 0 0 0
outer loop
vertex -0.480865 14.306217 13.379372
vertex -0.480865 14.326971 13.379372
vertex -0.480865 14.326971 13.359372
endloop
endfacet
facet normal 0 0 0
outer loop
vertex -0.419438 14.306217 13.359372
vertex -0.398962 14.326971 13.359372
vertex -0.398962 14.306217 13.379372
endloop
endfacet
facet normal 0 0 0
outer loop
vertex -0.398962 14.306217 13.379372
vertex -0.398962 14.326971 13.359372
vertex -0.398962 14.326971 13.379372
endloop
endfacet
facet normal 0 0 0
outer loop
vertex -0.480865 14.326971 13.379372
vertex -0.460389 14.347725 13.359372
vertex -0.480865 14.326971 13.359372
endloop
endfacet
facet normal 0 0 0
outer loop
vertex -0.460389 14.347725 13.379372
vertex -0.460389 14.347725 13.359372
vertex -0.480865 14.326971 13.379372
endloop
endfacet
facet normal 0 0 0
outer loop
vertex -0.398962 14.326971 13.359372
vertex -0.378486 14.347725 13.379372
vertex -0.398962 14.326971 13.379372
endloop
endfacet
facet normal 0 0 0
outer loop
vertex -0.378486 14.347725 13.359372
vertex -0.378486 14.347725 13.379372
vertex -0.398962 14.326971 13.359372
endloop
endfacet
facet normal 0 0 0
outer loop
vertex -0.460389 14.347725 13.379372
vertex -0.439914 14.368477 13.359372
vertex -0.460389 14.347725 13.359372
endloop
endfacet
facet normal 0 0 0
outer loop
vertex -0.439914 14.368477 13.379372
vertex -0.439914 14.368477 13.359372
vertex -0.460389 14.347725 13.379372
endloop
endfacet
facet normal 0 0 0
outer loop
vertex -0.378486 14.347725 13.359372
vertex -0.398962 14.368477 13.379372
vertex -0.378486 14.347725 13.379372
endloop
endfacet
facet normal 0 0 0
outer loop
vertex -0.398962 14.368477 13.359372
vertex -0.398962 14.368477 13.379372
vertex -0.378486 14.347725 13.359372
endloop
endfacet
facet normal 0 0 0
outer loop
vertex -0.419438 14.389231 13.379372
vertex -0.419438 14.368477 13.359372
vertex -0.439914 14.368477 13.379372
endloop
endfacet
facet normal 0 0 0
outer loop
vertex -0.419438 14.368477 13.359372
vertex -0.439914 14.368477 13.359372
vertex -0.439914 14.368477 13.379372
endloop
endfacet
facet normal 0 0 0
outer loop
vertex -0.419438 14.368477 13.359372
vertex -0.398962 14.389231 13.379372
vertex -0.398962 14.368477 13.359372
endloop
endfacet
facet normal 0 0 0
outer loop
vertex -0.419438 14.389231 13.379372
vertex -0.398962 14.389231 13.379372
vertex -0.419438 14.368477 13.359372
endloop
endfacet
facet normal 0 0 0
outer loop
vertex -0.398962 14.368477 13.359372
vertex -0.398962 14.389231 13.379372
vertex -0.398962 14.368477 13.379372
endloop
endfacet
facet normal 0 0 0
outer loop
vertex -0.460389 14.243958 13.399372
vertex -0.480865 14.264711 13.399372
vertex -0.460389 14.264711 13.379372
endloop
endfacet
facet normal 0 0 0
outer loop
vertex -0.460389 14.264711 13.379372
vertex -0.439914 14.264711 13.399372
vertex -0.460389 14.243958 13.399372
endloop
endfacet
facet normal 0 0 0
outer loop
vertex -0.480865 14.264711 13.399372
vertex -0.501341 14.285464 13.399372
vertex -0.480865 14.285464 13.379372
endloop
endfacet
facet normal 0 0 0
outer loop
vertex -0.460389 14.264711 13.379372
vertex -0.480865 14.264711 13.399372
vertex -0.480865 14.285464 13.379372
endloop
endfacet
facet normal 0 0 0
outer loop
vertex -0.460389 14.264711 13.379372
vertex -0.439914 14.285464 13.379372
vertex -0.439914 14.264711 13.399372
endloop
endfacet
facet normal 0 0 0
outer loop
vertex -0.439914 14.264711 13.399372
vertex -0.439914 14.285464 13.379372
vertex -0.419438 14.285464 13.379372
endloop
endfacet
facet normal 0 0 0
outer loop
vertex -0.439914 14.264711 13.399372
vertex -0.419438 14.285464 13.379372
vertex -0.439914 14.285464 13.399372
endloop
endfacet
facet normal 0 0 0
outer loop
vertex -0.480865 14.285464 13.379372
vertex -0.501341 14.306217 13.399372
vertex -0.480865 14.306217 13.379372
endloop
endfacet
facet normal 0 0 0
outer loop
vertex -0.501341 14.285464 13.399372
vertex -0.501341 14.306217 13.399372
vertex -0.480865 14.285464 13.379372
endloop
endfacet
facet normal 0 0 0
outer loop
vertex -0.419438 14.285464 13.379372
vertex -0.419438 14.306217 13.399372
vertex -0.439914 14.285464 13.399372
endloop
endfacet
facet normal 0 0 0
outer loop
vertex -0.398962 14.306217 13.379372
vertex -0.419438 14.306217 13.399372
vertex -0.419438 14.285464 13.379372
endloop
endfacet
facet normal 0 0 0
outer loop
vertex -0.501341 14.306217 13.399372
vertex -0.480865 14.326971 13.399372
vertex -0.480865 14.306217 13.379372
endloop
endfacet
facet normal 0 0 0
outer loop
vertex -0.480865 14.326971 13.399372
vertex -0.480865 14.326971 13.379372
vertex -0.480865 14.306217 13.379372
endloop
endfacet
facet normal 0 0 0
outer loop
vertex -0.398962 14.306217 13.379372
vertex -0.398962 14.326971 13.399372
vertex -0.419438 14.306217 13.399372
endloop
endfacet
facet normal 0 0 0
outer loop
vertex -0.398962 14.326971 13.399372
vertex -0.398962 14.306217 13.379372
vertex -0.398962 14.326971 13.379372
endloop
endfacet
facet normal 0 0 0
outer loop
vertex -0.480865 14.326971 13.399372
vertex -0.460389 14.347725 13.379372
vertex -0.480865 14.326971 13.379372
endloop
endfacet
facet normal 0 0 0
outer loop
vertex -0.460389 14.347725 13.399372
vertex -0.460389 14.347725 13.379372
vertex -0.480865 14.326971 13.399372
endloop
endfacet
facet normal 0 0 0
outer loop
vertex -0.398962 14.326971 13.379372
vertex -0.378486 14.347725 13.399372
vertex -0.398962 14.326971 13.399372
endloop
endfacet
facet normal 0 0 0
outer loop
vertex -0.378486 14.347725 13.379372
vertex -0.378486 14.347725 13.399372
vertex -0.398962 14.326971 13.379372
endloop
endfacet
facet normal 0 0 0
outer loop
vertex -0.460389 14.347725 13.399372
vertex -0.439914 14.368477 13.379372
vertex -0.460389 14.347725 13.379372
endloop
endfacet
facet normal 0 0 0
outer loop
vertex -0.439914 14.368477 13.399372
vertex -0.439914 14.368477 13.379372
vertex -0.460389 14.347725 13.399372
endloop
endfacet
facet normal 0 0 0
outer loop
vertex -0.378486 14.347725 13.379372
vertex -0.398962 14.368477 13.379372
vertex -0.378486 14.368477 13.399372
endloop
endfacet
facet normal 0 0 0
outer loop
vertex -0.378486 14.347725 13.379372
vertex -0.378486 14.368477 13.399372
vertex -0.378486 14.347725 13.399372
endloop
endfacet
facet normal 0 0 0
outer loop
vertex -0.439914 14.368477 13.399372
vertex -0.419438 14.389231 13.379372
vertex -0.439914 14.368477 13.379372
endloop
endfacet
facet normal 0 0 0
outer loop
vertex -0.419438 14.389231 13.399372
vertex -0.419438 14.389231 13.379372
vertex -0.439914 14.368477 13.399372
endloop
endfacet
facet normal 0 0 0
outer loop
vertex -0.378486 14.368477 13.399372
vertex -0.398962 14.389231 13.379372
vertex -0.378486 14.389231 13.399372
endloop
endfacet
facet normal 0 0 0
outer loop
vertex -0.398962 14.368477 13.379372
vertex -0.398962 14.389231 13.379372
vertex -0.378486 14.368477 13.399372
endloop
endfacet
facet normal 0 0 0
outer loop
vertex -0.358010 14.389231 13.399372
vertex -0.378486 14.368477 13.399372
vertex -0.378486 14.389231 13.399372
endloop
endfacet
facet normal 0 0 0
outer loop
vertex -0.398962 14.389231 13.379372
vertex -0.419438 14.389231 13.379372
vertex -0.398962 14.389231 13.399372
endloop
endfacet
facet normal 0 0 0
outer loop
vertex -0.419438 14.389231 13.379372
vertex -0.419438 14.389231 13.399372
vertex -0.398962 14.389231 13.399372
endloop
endfacet
facet normal 0 0 0
outer loop
vertex -0.378486 14.389231 13.399372
vertex -0.398962 14.389231 13.379372
vertex -0.398962 14.389231 13.399372
endloop
endfacet
facet normal 0 0 0
outer loop
vertex -0.480865 14.243958 13.419372
vertex -0.501341 14.264711 13.419372
vertex -0.480865 14.264711 13.399372
endloop
endfacet
facet normal 0 0 0
outer loop
vertex -0.480865 14.243958 13.419372
vertex -0.480865 14.264711 13.399372
vertex -0.460389 14.264711 13.419372
endloop
endfacet
facet normal 0 0 0
outer loop
vertex -0.460389 14.243958 13.399372
vertex -0.460389 14.264711 13.419372
vertex -0.480865 14.264711 13.399372
endloop
endfacet
facet normal 0 0 0
outer loop
vertex -0.460389 14.243958 13.399372
vertex -0.439914 14.264711 13.399372
vertex -0.460389 14.264711 13.419372
endloop
endfacet
facet normal 0 0 0
outer loop
vertex -0.439914 14.264711 13.399372
vertex -0.439914 14.264711 13.419372
vertex -0.460389 14.264711 13.419372
endloop
endfacet
facet normal 0 0 0
outer loop
vertex -0.501341 14.285464 13.399372
vertex -0.501341 14.264711 13.419372
vertex -0.501341 14.285464 13.419372
endloop
endfacet
facet normal 0 0 0
outer loop
vertex -0.480865 14.264711 13.399372
vertex -0.501341 14.264711 13.419372
vertex -0.501341 14.285464 13.399372
endloop
endfacet
facet normal 0 0 0
outer loop
vertex -0.419438 14.285464 13.419372
vertex -0.439914 14.264711 13.419372
vertex -0.439914 14.285464 13.399372
endloop
endfacet
facet normal 0 0 0
outer loop
vertex -0.439914 14.264711 13.419372
vertex -0.439914 14.264711 13.399372
vertex -0.439914 14.285464 13.399372
endloop
endfacet
facet normal 0 0 0
outer loop
vertex -0.501341 14.285464 13.399372
vertex -0.501341 14.285464 13.419372
vertex -0.501341 14.306217 13.399372
endloop
endfacet
facet normal 0 0 0
outer loop
vertex -0.501341 14.285464 13.419372
vertex -0.501341 14.306217 13.419372
vertex -0.501341 14.306217 13.399372
endloop
endfacet
facet normal 0 0 0
outer loop
vertex -0.439914 14.285464 13.399372
vertex -0.419438 14.306217 13.399372
vertex -0.419438 14.285464 13.419372
endloop
endfacet
facet normal 0 0 0
outer loop
vertex -0.419438 14.285464 13.419372
vertex -0.419438 14.306217 13.399372
vertex -0.419438 14.306217 13.419372
endloop
endfacet
facet normal 0 0 0
outer loop
vertex -0.501341 14.306217 13.419372
vertex -0.480865 14.326971 13.399372
vertex -0.501341 14.306217 13.399372
endloop
endfacet
facet normal 0 0 0
outer loop
vertex -0.480865 14.326971 13.419372
vertex -0.480865 14.326971 13.399372
vertex -0.501341 14.306217 13.419372
endloop
endfacet
facet normal 0 0 0
outer loop
vertex -0.419438 14.306217 13.399372
vertex -0.398962 14.326971 13.419372
vertex -0.419438 14.306217 13.419372
endloop
endfacet
facet normal 0 0 0
outer loop
vertex -0.398962 14.326971 13.399372
vertex -0.398962 14.326971 13.419372
vertex -0.419438 14.306217 13.399372
endloop
endfacet
facet normal 0 0 0
outer loop
vertex -0.480865 14.326971 13.419372
vertex -0.460389 14.347725 13.399372
vertex -0.480865 14.326971 13.399372
endloop
endfacet
facet normal 0 0 0
outer loop
vertex -0.460389 14.347725 13.419372
vertex -0.460389 14.347725 13.399372
vertex -0.480865 14.326971 13.419372
endloop
endfacet
facet normal 0 0 0
outer loop
vertex -0.398962 14.326971 13.399372
vertex -0.378486 14.347725 13.419372
vertex -0.398962 14.326971 13.419372
endloop
endfacet
facet normal 0 0 0
outer loop
vertex -0.378486 14.347725 13.399372
vertex -0.378486 14.347725 13.419372
vertex -0.398962 14.326971 13.399372
endloop
endfacet
facet normal 0 0 0
outer loop
vertex -0.460389 14.368477 13.419372
vertex -0.460389 14.347725 13.399372
vertex -0.460389 14.347725 13.419372
endloop
endfacet
facet normal 0 0 0
outer loop
vertex -0.460389 14.347725 13.399372
vertex -0.460389 14.368477 13.419372
vertex -0.439914 14.368477 13.399372
endloop
endfacet
facet normal 0 0 0
outer loop
vertex -0.358010 14.368477 13.419372
vertex -0.378486 14.347725 13.419372
vertex -0.378486 14.368477 13.399372
endloop
endfacet
facet normal 0 0 0
outer loop
vertex -0.378486 14.347725 13.419372
vertex -0.378486 14.347725 13.399372
vertex -0.378486 14.368477 13.399372
endloop
endfacet
facet normal 0 0 0
outer loop
vertex -0.439914 14.368477 13.399372
vertex -0.460389 14.368477 13.419372
vertex -0.439914 14.368477 13.419372
endloop
endfacet
facet normal 0 0 0
outer loop
vertex -0.439914 14.368477 13.419372
vertex -0.419438 14.389231 13.399372
vertex -0.439914 14.368477 13.399372
endloop
endfacet
facet normal 0 0 0
outer loop
vertex -0.419438 14.389231 13.419372
vertex -0.419438 14.389231 13.399372
vertex -0.439914 14.368477 13.419372
endloop
endfacet
facet normal 0 0 0
outer loop
vertex -0.378486 14.389231 13.399372
vertex -0.398962 14.389231 13.419372
vertex -0.378486 14.368477 13.419372
endloop
endfacet
facet normal 0 0 0
outer loop
vertex -0.358010 14.368477 13.419372
vertex -0.378486 14.368477 13.399372
vertex -0.378486 14.368477 13.419372
endloop
endfacet
facet normal 0 0 0
outer loop
vertex -0.378486 14.368477 13.419372
vertex -0.378486 14.368477 13.399372
vertex -0.378486 14.389231 13.399372
endloop
endfacet
facet normal 0 0 0
outer loop
vertex -0.419438 14.409985 13.419372
vertex -0.419438 14.389231 13.399372
vertex -0.419438 14.389231 13.419372
endloop
endfacet
facet normal 0 0 0
outer loop
vertex -0.419438 14.409985 13.419372
vertex -0.398962 14.389231 13.419372
vertex -0.419438 14.389231 13.399372
endloop
endfacet
facet normal 0 0 0
outer loop
vertex -0.398962 14.389231 13.419372
vertex -0.398962 14.389231 13.399372
vertex -0.419438 14.389231 13.399372
endloop
endfacet
facet normal 0 0 0
outer loop
vertex -0.398962 14.389231 13.419372
vertex -0.378486 14.389231 13.399372
vertex -0.398962 14.389231 13.399372
endloop
endfacet
facet normal 0 0 0
outer loop
vertex -0.480865 14.243958 13.439372
vertex -0.501341 14.264711 13.419372
vertex -0.480865 14.243958 13.419372
endloop
endfacet
facet normal 0 0 0
outer loop
vertex -0.501341 14.264711 13.439372
vertex -0.501341 14.264711 13.419372
vertex -0.480865 14.243958 13.439372
endloop
endfacet
facet normal 0 0 0
outer loop
vertex -0.460389 14.264711 13.419372
vertex -0.480865 14.264711 13.439372
vertex -0.480865 14.243958 13.419372
endloop
endfacet
facet normal 0 0 0
outer loop
vertex -0.480865 14.264711 13.439372
vertex -0.480865 14.243958 13.439372
vertex -0.480865 14.243958 13.419372
endloop
endfacet
facet normal 0 0 0
outer loop
vertex -0.521817 14.285464 13.439372
vertex -0.501341 14.285464 13.419372
vertex -0.501341 14.264711 13.439372
endloop
endfacet
facet normal 0 0 0
outer loop
vertex -0.501341 14.285464 13.419372
vertex -0.501341 14.264711 13.419372
vertex -0.501341 14.264711 13.439372
endloop
endfacet
facet normal 0 0 0
outer loop
vertex -0.460389 14.264711 13.419372
vertex -0.460389 14.285464 13.439372
vertex -0.480865 14.264711 13.439372
endloop
endfacet
facet normal 0 0 0
outer loop
vertex -0.439914 14.264711 13.419372
vertex -0.460389 14.285464 13.439372
vertex -0.460389 14.264711 13.419372
endloop
endfacet
facet normal 0 0 0
outer loop
vertex -0.439914 14.285464 13.439372
vertex -0.460389 14.285464 13.439372
vertex -0.439914 14.264711 13.419372
endloop
endfacet
facet normal 0 0 0
outer loop
vertex -0.419438 14.285464 13.419372
vertex -0.439914 14.285464 13.439372
vertex -0.439914 14.264711 13.419372
endloop
endfacet
facet normal 0 0 0
outer loop
vertex -0.501341 14.285464 13.419372
vertex -0.521817 14.306217 13.439372
vertex -0.501341 14.306217 13.419372
endloop
endfacet
facet normal 0 0 0
outer loop
vertex -0.521817 14.285464 13.439372
vertex -0.521817 14.306217 13.439372
vertex -0.501341 14.285464 13.419372
endloop
endfacet
facet normal 0 0 0
outer loop
vertex -0.419438 14.306217 13.419372
vertex -0.439914 14.285464 13.439372
vertex -0.419438 14.285464 13.419372
endloop
endfacet
facet normal 0 0 0
outer loop
vertex -0.439914 14.306217 13.439372
vertex -0.439914 14.285464 13.439372
vertex -0.419438 14.306217 13.419372
endloop
endfacet
facet normal 0 0 0
outer loop
vertex -0.501341 14.306217 13.419372
vertex -0.521817 14.306217 13.439372
vertex -0.501341 14.326971 13.439372
endloop
endfacet
facet normal 0 0 0
outer loop
vertex -0.501341 14.306217 13.419372
vertex -0.501341 14.326971 13.439372
vertex -0.480865 14.326971 13.419372
endloop
endfacet
facet normal 0 0 0
outer loop
vertex -0.419438 14.306217 13.419372
vertex -0.419438 14.326971 13.439372
vertex -0.439914 14.306217 13.439372
endloop
endfacet
facet normal 0 0 0
outer loop
vertex -0.398962 14.326971 13.419372
vertex -0.419438 14.326971 13.439372
vertex -0.419438 14.306217 13.419372
endloop
endfacet
facet normal 0 0 0
outer loop
vertex -0.480865 14.326971 13.419372
vertex -0.501341 14.326971 13.439372
vertex -0.480865 14.347725 13.439372
endloop
endfacet
facet normal 0 0 0
outer loop
vertex -0.480865 14.326971 13.419372
vertex -0.480865 14.347725 13.439372
vertex -0.460389 14.347725 13.419372
endloop
endfacet
facet normal 0 0 0
outer loop
vertex -0.398962 14.326971 13.419372
vertex -0.398962 14.347725 13.439372
vertex -0.419438 14.326971 13.439372
endloop
endfacet
facet normal 0 0 0
outer loop
vertex -0.398962 14.326971 13.419372
vertex -0.378486 14.347725 13.419372
vertex -0.398962 14.347725 13.439372
endloop
endfacet
facet normal 0 0 0
outer loop
vertex -0.378486 14.347725 13.419372
vertex -0.378486 14.347725 13.439372
vertex -0.398962 14.347725 13.439372
endloop
endfacet
facet normal 0 0 0
outer loop
vertex -0.480865 14.347725 13.439372
vertex -0.460389 14.368477 13.439372
vertex -0.460389 14.347725 13.419372
endloop
endfacet
facet normal 0 0 0
outer loop
vertex -0.460389 14.368477 13.439372
vertex -0.460389 14.368477 13.419372
vertex -0.460389 14.347725 13.419372
endloop
endfacet
facet normal 0 0 0
outer loop
vertex -0.378486 14.368477 13.419372
vertex -0.398962 14.368477 13.439372
vertex -0.378486 14.347725 13.439372
endloop
endfacet
facet normal 0 0 0
outer loop
vertex -0.358010 14.368477 13.419372
vertex -0.378486 14.368477 13.419372
vertex -0.378486 14.347725 13.439372
endloop
endfacet
facet normal 0 0 0
outer loop
vertex -0.358010 14.368477 13.419372
vertex -0.378486 14.347725 13.439372
vertex -0.378486 14.347725 13.419372
endloop
endfacet
facet normal 0 0 0
outer loop
vertex -0.460389 14.389231 13.439372
vertex -0.460389 14.368477 13.419372
vertex -0.460389 14.368477 13.439372
endloop
endfacet
facet normal 0 0 0
outer loop
vertex -0.460389 14.368477 13.419372
vertex -0.439914 14.389231 13.439372
vertex -0.439914 14.368477 13.419372
endloop
endfacet
facet normal 0 0 0
outer loop
vertex -0.460389 14.389231 13.439372
vertex -0.439914 14.389231 13.439372
vertex -0.460389 14.368477 13.419372
endloop
endfacet
facet normal 0 0 0
outer loop
vertex -0.439914 14.368477 13.419372
vertex -0.439914 14.389231 13.439372
vertex -0.419438 14.389231 13.419372
endloop
endfacet
facet normal 0 0 0
outer loop
vertex -0.378486 14.368477 13.419372
vertex -0.398962 14.389231 13.419372
vertex -0.398962 14.368477 13.439372
endloop
endfacet
facet normal 0 0 0
outer loop
vertex -0.398962 14.389231 13.419372
vertex -0.398962 14.389231 13.439372
vertex -0.398962 14.368477 13.439372
endloop
endfacet
facet normal 0 0 0
outer loop
vertex -0.460389 14.409985 13.439372
vertex -0.439914 14.389231 13.439372
vertex -0.460389 14.389231 13.439372
endloop
endfacet
facet normal 0 0 0
outer loop
vertex -0.439914 14.389231 13.439372
vertex -0.419438 14.409985 13.419372
vertex -0.419438 14.389231 13.419372
endloop
endfacet
facet normal 0 0 0
outer loop
vertex -0.439914 14.389231 13.439372
vertex -0.419438 14.389231 13.439372
vertex -0.419438 14.409985 13.419372
endloop
endfacet
facet normal 0 0 0
outer loop
vertex -0.419438 14.409985 13.419372
vertex -0.419438 14.389231 13.439372
vertex -0.398962 14.389231 13.419372
endloop
endfacet
facet normal 0 0 0
outer loop
vertex -0.419438 14.389231 13.439372
vertex -0.398962 14.389231 13.439372
vertex -0.398962 14.389231 13.419372
endloop
endfacet
facet normal 0 0 0
outer loop
vertex -0.521817 14.264711 13.459372
vertex -0.501341 14.264711 13.439372
vertex -0.501341 14.264711 13.459372
endloop
endfacet
facet normal 0 0 0
outer loop
vertex -0.480865 14.243958 13.439372
vertex -0.480865 14.264711 13.459372
vertex -0.501341 14.264711 13.439372
endloop
endfacet
facet normal 0 0 0
outer loop
vertex -0.480865 14.264711 13.459372
vertex -0.501341 14.264711 13.459372
vertex -0.501341 14.264711 13.439372
endloop
endfacet
facet normal 0 0 0
outer loop
vertex -0.480865 14.264711 13.459372
vertex -0.480865 14.243958 13.439372
vertex -0.480865 14.264711 13.439372
endloop
endfacet
facet normal 0 0 0
outer loop
vertex -0.521817 14.264711 13.459372
vertex -0.542293 14.285464 13.459372
vertex -0.521817 14.285464 13.439372
endloop
endfacet
facet normal 0 0 0
outer loop
vertex -0.501341 14.264711 13.439372
vertex -0.521817 14.264711 13.459372
vertex -0.521817 14.285464 13.439372
endloop
endfacet
facet normal 0 0 0
outer loop
vertex -0.480865 14.264711 13.439372
vertex -0.460389 14.285464 13.459372
vertex -0.480865 14.264711 13.459372
endloop
endfacet
facet normal 0 0 0
outer loop
vertex -0.460389 14.285464 13.439372
vertex -0.460389 14.285464 13.459372
vertex -0.480865 14.264711 13.439372
endloop
endfacet
facet normal 0 0 0
outer loop
vertex -0.439914 14.285464 13.439372
vertex -0.460389 14.285464 13.459372
vertex -0.460389 14.285464 13.439372
endloop
endfacet
facet normal 0 0 0
outer loop
vertex -0.542293 14.285464 13.459372
vertex -0.521817 14.306217 13.459372
vertex -0.521817 14.285464 13.439372
endloop
endfacet
facet normal 0 0 0
outer loop
vertex -0.521817 14.306217 13.459372
vertex -0.521817 14.306217 13.439372
vertex -0.521817 14.285464 13.439372
endloop
endfacet
facet normal 0 0 0
outer loop
vertex -0.439914 14.306217 13.439372
vertex -0.460389 14.285464 13.459372
vertex -0.439914 14.285464 13.439372
endloop
endfacet
facet normal 0 0 0
outer loop
vertex -0.460389 14.306217 13.459372
vertex -0.460389 14.285464 13.459372
vertex -0.439914 14.306217 13.439372
endloop
endfacet
facet normal 0 0 0
outer loop
vertex -0.521817 14.306217 13.459372
vertex -0.501341 14.326971 13.439372
vertex -0.521817 14.306217 13.439372
endloop
endfacet
facet normal 0 0 0
outer loop
vertex -0.501341 14.326971 13.459372
vertex -0.501341 14.326971 13.439372
vertex -0.521817 14.306217 13.459372
endloop
endfacet
facet normal 0 0 0
outer loop
vertex -0.439914 14.306217 13.439372
vertex -0.439914 14.326971 13.459372
vertex -0.460389 14.306217 13.459372
endloop
endfacet
facet normal 0 0 0
outer loop
vertex -0.439914 14.306217 13.439372
vertex -0.419438 14.326971 13.439372
vertex -0.439914 14.326971 13.459372
endloop
endfacet
facet normal 0 0 0
outer loop
vertex -0.419438 14.326971 13.439372
vertex -0.419438 14.326971 13.459372
vertex -0.439914 14.326971 13.459372
endloop
endfacet
facet normal 0 0 0
outer loop
vertex -0.501341 14.347725 13.459372
vertex -0.501341 14.326971 13.439372
vertex -0.501341 14.326971 13.459372
endloop
endfacet
facet normal 0 0 0
outer loop
vertex -0.501341 14.326971 13.439372
vertex -0.501341 14.347725 13.459372
vertex -0.480865 14.347725 13.439372
endloop
endfacet
facet normal 0 0 0
outer loop
vertex -0.398962 14.347725 13.439372
vertex -0.419438 14.347725 13.459372
vertex -0.419438 14.326971 13.439372
endloop
endfacet
facet normal 0 0 0
outer loop
vertex -0.419438 14.347725 13.459372
vertex -0.419438 14.326971 13.459372
vertex -0.419438 14.326971 13.439372
endloop
endfacet
facet normal 0 0 0
outer loop
vertex -0.480865 14.347725 13.439372
vertex -0.501341 14.347725 13.459372
vertex -0.480865 14.368477 13.459372
endloop
endfacet
facet normal 0 0 0
outer loop
vertex -0.480865 14.347725 13.439372
vertex -0.480865 14.368477 13.459372
vertex -0.460389 14.368477 13.439372
endloop
endfacet
facet normal 0 0 0
outer loop
vertex -0.398962 14.368477 13.439372
vertex -0.419438 14.347725 13.459372
vertex -0.398962 14.347725 13.439372
endloop
endfacet
facet normal 0 0 0
outer loop
vertex -0.419438 14.368477 13.459372
vertex -0.419438 14.347725 13.459372
vertex -0.398962 14.368477 13.439372
endloop
endfacet
facet normal 0 0 0
outer loop
vertex -0.378486 14.347725 13.439372
vertex -0.398962 14.368477 13.439372
vertex -0.398962 14.347725 13.439372
endloop
endfacet
facet normal 0 0 0
outer loop
vertex -0.480865 14.368477 13.459372
vertex -0.460389 14.389231 13.459372
vertex -0.460389 14.368477 13.439372
endloop
endfacet
facet normal 0 0 0
outer loop
vertex -0.460389 14.389231 13.459372
vertex -0.460389 14.389231 13.439372
vertex -0.460389 14.368477 13.439372
endloop
endfacet
facet normal 0 0 0
outer loop
vertex -0.398962 14.368477 13.439372
vertex -0.398962 14.389231 13.459372
vertex -0.419438 14.368477 13.459372
endloop
endfacet
facet normal 0 0 0
outer loop
vertex -0.398962 14.389231 13.459372
vertex -0.398962 14.368477 13.439372
vertex -0.398962 14.389231 13.439372
endloop
endfacet
facet normal 0 0 0
outer loop
vertex -0.460389 14.389231 13.439372
vertex -0.460389 14.389231 13.459372
vertex -0.460389 14.409985 13.439372
endloop
endfacet
facet normal 0 0 0
outer loop
vertex -0.460389 14.389231 13.459372
vertex -0.460389 14.409985 13.459372
vertex -0.460389 14.409985 13.439372
endloop
endfacet
facet normal 0 0 0
outer loop
vertex -0.439914 14.389231 13.439372
vertex -0.460389 14.409985 13.459372
vertex -0.439914 14.389231 13.459372
endloop
endfacet
facet normal 0 0 0
outer loop
vertex -0.460389 14.409985 13.439372
vertex -0.460389 14.409985 13.459372
vertex -0.439914 14.389231 13.439372
endloop
endfacet
facet normal 0 0 0
outer loop
vertex -0.419438 14.409985 13.459372
vertex -0.419438 14.389231 13.439372
vertex -0.439914 14.389231 13.459372
endloop
endfacet
facet normal 0 0 0
outer loop
vertex -0.419438 14.389231 13.439372
vertex -0.439914 14.389231 13.439372
vertex -0.439914 14.389231 13.459372
endloop
endfacet
facet normal 0 0 0
outer loop
vertex -0.419438 14.409985 13.459372
vertex -0.398962 14.389231 13.459372
vertex -0.419438 14.389231 13.439372
endloop
endfacet
facet normal 0 0 0
outer loop
vertex -0.398962 14.389231 13.459372
vertex -0.398962 14.389231 13.439372
vertex -0.419438 14.389231 13.439372
endloop
endfacet
facet normal 0 0 0
outer loop
vertex -0.542293 14.264711 13.479372
vertex -0.521817 14.264711 13.459372
vertex -0.521817 14.264711 13.479372
endloop
endfacet
facet normal 0 0 0
outer loop
vertex -0.501341 14.243958 13.479372
vertex -0.521817 14.264711 13.479372
vertex -0.501341 14.264711 13.459372
endloop
endfacet
facet normal 0 0 0
outer loop
vertex -0.521817 14.264711 13.479372
vertex -0.521817 14.264711 13.459372
vertex -0.501341 14.264711 13.459372
endloop
endfacet
facet normal 0 0 0
outer loop
vertex -0.501341 14.243958 13.479372
vertex -0.501341 14.264711 13.459372
vertex -0.480865 14.264711 13.479372
endloop
endfacet
facet normal 0 0 0
outer loop
vertex -0.501341 14.264711 13.459372
vertex -0.480865 14.264711 13.459372
vertex -0.480865 14.264711 13.479372
endloop
endfacet
facet normal 0 0 0
outer loop
vertex -0.542293 14.285464 13.459372
vertex -0.542293 14.264711 13.479372
vertex -0.542293 14.285464 13.479372
endloop
endfacet
facet normal 0 0 0
outer loop
vertex -0.521817 14.264711 13.459372
vertex -0.542293 14.264711 13.479372
vertex -0.542293 14.285464 13.459372
endloop
endfacet
facet normal 0 0 0
outer loop
vertex -0.480865 14.264711 13.459372
vertex -0.460389 14.285464 13.479372
vertex -0.480865 14.264711 13.479372
endloop
endfacet
facet normal 0 0 0
outer loop
vertex -0.460389 14.285464 13.459372
vertex -0.460389 14.285464 13.479372
vertex -0.480865 14.264711 13.459372
endloop
endfacet
facet normal 0 0 0
outer loop
vertex -0.542293 14.285464 13.479372
vertex -0.521817 14.306217 13.459372
vertex -0.542293 14.285464 13.459372
endloop
endfacet
facet normal 0 0 0
outer loop
vertex -0.521817 14.306217 13.479372
vertex -0.521817 14.306217 13.459372
vertex -0.542293 14.285464 13.479372
endloop
endfacet
facet normal 0 0 0
outer loop
vertex -0.439914 14.306217 13.479372
vertex -0.460389 14.285464 13.479372
vertex -0.460389 14.306217 13.459372
endloop
endfacet
facet normal 0 0 0
outer loop
vertex -0.460389 14.285464 13.479372
vertex -0.460389 14.285464 13.459372
vertex -0.460389 14.306217 13.459372
endloop
endfacet
facet normal 0 0 0
outer loop
vertex -0.521817 14.306217 13.479372
vertex -0.501341 14.326971 13.459372
vertex -0.521817 14.306217 13.459372
endloop
endfacet
facet normal 0 0 0
outer loop
vertex -0.501341 14.326971 13.479372
vertex -0.501341 14.326971 13.459372
vertex -0.521817 14.306217 13.479372
endloop
endfacet
facet normal 0 0 0
outer loop
vertex -0.460389 14.306217 13.459372
vertex -0.439914 14.326971 13.459372
vertex -0.439914 14.306217 13.479372
endloop
endfacet
facet normal 0 0 0
outer loop
vertex -0.439914 14.306217 13.479372
vertex -0.439914 14.326971 13.459372
vertex -0.419438 14.326971 13.479372
endloop
endfacet
facet normal 0 0 0
outer loop
vertex -0.439914 14.326971 13.459372
vertex -0.419438 14.326971 13.459372
vertex -0.419438 14.326971 13.479372
endloop
endfacet
facet normal 0 0 0
outer loop
vertex -0.501341 14.326971 13.459372
vertex -0.501341 14.326971 13.479372
vertex -0.501341 14.347725 13.459372
endloop
endfacet
facet normal 0 0 0
outer loop
vertex -0.501341 14.326971 13.479372
vertex -0.501341 14.347725 13.479372
vertex -0.501341 14.347725 13.459372
endloop
endfacet
facet normal 0 0 0
outer loop
vertex -0.419438 14.326971 13.459372
vertex -0.419438 14.347725 13.459372
vertex -0.419438 14.326971 13.479372
endloop
endfacet
facet normal 0 0 0
outer loop
vertex -0.419438 14.326971 13.479372
vertex -0.419438 14.347725 13.459372
vertex -0.419438 14.347725 13.479372
endloop
endfacet
facet normal 0 0 0
outer loop
vertex -0.501341 14.347725 13.479372
vertex -0.480865 14.368477 13.459372
vertex -0.501341 14.347725 13.459372
endloop
endfacet
facet normal 0 0 0
outer loop
vertex -0.480865 14.368477 13.479372
vertex -0.480865 14.368477 13.459372
vertex -0.501341 14.347725 13.479372
endloop
endfacet
facet normal 0 0 0
outer loop
vertex -0.398962 14.368477 13.479372
vertex -0.419438 14.347725 13.479372
vertex -0.419438 14.368477 13.459372
endloop
endfacet
facet normal 0 0 0
outer loop
vertex -0.419438 14.347725 13.479372
vertex -0.419438 14.347725 13.459372
vertex -0.419438 14.368477 13.459372
endloop
endfacet
facet normal 0 0 0
outer loop
vertex -0.480865 14.368477 13.479372
vertex -0.460389 14.389231 13.459372
vertex -0.480865 14.368477 13.459372
endloop
endfacet
facet normal 0 0 0
outer loop
vertex -0.460389 14.389231 13.479372
vertex -0.460389 14.389231 13.459372
vertex -0.480865 14.368477 13.479372
endloop
endfacet
facet normal 0 0 0
outer loop
vertex -0.419438 14.368477 13.459372
vertex -0.398962 14.389231 13.459372
vertex -0.398962 14.368477 13.479372
endloop
endfacet
facet normal 0 0 0
outer loop
vertex -0.398962 14.368477 13.479372
vertex -0.398962 14.389231 13.459372
vertex -0.398962 14.389231 13.479372
endloop
endfacet
facet normal 0 0 0
outer loop
vertex -0.460389 14.389231 13.459372
vertex -0.460389 14.389231 13.479372
vertex -0.460389 14.409985 13.459372
endloop
endfacet
facet normal 0 0 0
outer loop
vertex -0.460389 14.389231 13.479372
vertex -0.460389 14.409985 13.479372
vertex -0.460389 14.409985 13.459372
endloop
endfacet
facet normal 0 0 0
outer loop
vertex -0.439914 14.389231 13.459372
vertex -0.460389 14.409985 13.459372
vertex -0.439914 14.409985 13.479372
endloop
endfacet
facet normal 0 0 0
outer loop
vertex -0.439914 14.389231 13.459372
vertex -0.439914 14.409985 13.479372
vertex -0.419438 14.409985 13.459372
endloop
endfacet
facet normal 0 0 0
outer loop
vertex -0.398962 14.389231 13.459372
vertex -0.419438 14.409985 13.479372
vertex -0.398962 14.389231 13.479372
endloop
endfacet
facet normal 0 0 0
outer loop
vertex -0.419438 14.409985 13.459372
vertex -0.419438 14.409985 13.479372
vertex -0.398962 14.389231 13.459372
endloop
endfacet
facet normal 0 0 0
outer loop
vertex -0.439914 14.409985 13.479372
vertex -0.460389 14.409985 13.459372
vertex -0.460389 14.409985 13.479372
endloop
endfacet
facet normal 0 0 0
outer loop
vertex -0.439914 14.409985 13.479372
vertex -0.419438 14.430738 13.459372
vertex -0.419438 14.409985 13.459372
endloop
endfacet
facet normal 0 0 0
outer loop
vertex -0.439914 14.409985 13.479372
vertex -0.419438 14.409985 13.479372
vertex -0.419438 14.430738 13.459372
endloop
endfacet
facet normal 0 0 0
outer loop
vertex -0.419438 14.430738 13.459372
vertex -0.419438 14.409985 13.479372
vertex -0.419438 14.409985 13.459372
endloop
endfacet
facet normal 0 0 0
outer loop
vertex -0.501341 14.243958 13.479372
vertex -0.501341 14.223205 13.499372
vertex -0.501341 14.223205 13.479372
endloop
endfacet
facet normal 0 0 0
outer loop
vertex -0.521817 14.243958 13.499372
vertex -0.542293 14.264711 13.499372
vertex -0.521817 14.264711 13.479372
endloop
endfacet
facet normal 0 0 0
outer loop
vertex -0.542293 14.264711 13.499372
vertex -0.542293 14.264711 13.479372
vertex -0.521817 14.264711 13.479372
endloop
endfacet
facet normal 0 0 0
outer loop
vertex -0.521817 14.243958 13.499372
vertex -0.521817 14.264711 13.479372
vertex -0.501341 14.264711 13.499372
endloop
endfacet
facet normal 0 0 0
outer loop
vertex -0.501341 14.243958 13.479372
vertex -0.501341 14.264711 13.499372
vertex -0.521817 14.264711 13.479372
endloop
endfacet
facet normal 0 0 0
outer loop
vertex -0.480865 14.264711 13.479372
vertex -0.501341 14.264711 13.499372
vertex -0.501341 14.243958 13.479372
endloop
endfacet
facet normal 0 0 0
outer loop
vertex -0.562768 14.285464 13.499372
vertex -0.542293 14.285464 13.479372
vertex -0.542293 14.264711 13.499372
endloop
endfacet
facet normal 0 0 0
outer loop
vertex -0.542293 14.285464 13.479372
vertex -0.542293 14.264711 13.479372
vertex -0.542293 14.264711 13.499372
endloop
endfacet
facet normal 0 0 0
outer loop
vertex -0.480865 14.264711 13.479372
vertex -0.480865 14.285464 13.499372
vertex -0.501341 14.264711 13.499372
endloop
endfacet
facet normal 0 0 0
outer loop
vertex -0.460389 14.285464 13.479372
vertex -0.480865 14.285464 13.499372
vertex -0.480865 14.264711 13.479372
endloop
endfacet
facet normal 0 0 0
outer loop
vertex -0.542293 14.285464 13.479372
vertex -0.562768 14.285464 13.499372
vertex -0.542293 14.306217 13.499372
endloop
endfacet
facet normal 0 0 0
outer loop
vertex -0.542293 14.285464 13.479372
vertex -0.542293 14.306217 13.499372
vertex -0.521817 14.306217 13.479372
endloop
endfacet
facet normal 0 0 0
outer loop
vertex -0.460389 14.285464 13.479372
vertex -0.460389 14.306217 13.499372
vertex -0.480865 14.285464 13.499372
endloop
endfacet
facet normal 0 0 0
outer loop
vertex -0.439914 14.306217 13.479372
vertex -0.460389 14.306217 13.499372
vertex -0.460389 14.285464 13.479372
endloop
endfacet
facet normal 0 0 0
outer loop
vertex -0.521817 14.306217 13.479372
vertex -0.542293 14.306217 13.499372
vertex -0.521817 14.326971 13.499372
endloop
endfacet
facet normal 0 0 0
outer loop
vertex -0.542293 14.306217 13.499372
vertex -0.542293 14.326971 13.499372
vertex -0.521817 14.326971 13.499372
endloop
endfacet
facet normal 0 0 0
outer loop
vertex -0.521817 14.306217 13.479372
vertex -0.521817 14.326971 13.499372
vertex -0.501341 14.326971 13.479372
endloop
endfacet
facet normal 0 0 0
outer loop
vertex -0.439914 14.306217 13.479372
vertex -0.439914 14.326971 13.499372
vertex -0.460389 14.306217 13.499372
endloop
endfacet
facet normal 0 0 0
outer loop
vertex -0.419438 14.326971 13.479372
vertex -0.439914 14.326971 13.499372
vertex -0.439914 14.306217 13.479372
endloop
endfacet
facet normal 0 0 0
outer loop
vertex -0.542293 14.326971 13.499372
vertex -0.521817 14.347725 13.499372
vertex -0.521817 14.326971 13.499372
endloop
endfacet
facet normal 0 0 0
outer loop
vertex -0.501341 14.326971 13.479372
vertex -0.521817 14.347725 13.499372
vertex -0.501341 14.347725 13.479372
endloop
endfacet
facet normal 0 0 0
outer loop
vertex -0.521817 14.326971 13.499372
vertex -0.521817 14.347725 13.499372
vertex -0.501341 14.326971 13.479372
endloop
endfacet
facet normal 0 0 0
outer loop
vertex -0.419438 14.326971 13.479372
vertex -0.419438 14.347725 13.499372
vertex -0.439914 14.326971 13.499372
endloop
endfacet
facet normal 0 0 0
outer loop
vertex -0.419438 14.347725 13.499372
vertex -0.419438 14.326971 13.479372
vertex -0.419438 14.347725 13.479372
endloop
endfacet
facet normal 0 0 0
outer loop
vertex -0.501341 14.347725 13.479372
vertex -0.521817 14.347725 13.499372
vertex -0.501341 14.368477 13.499372
endloop
endfacet
facet normal 0 0 0
outer loop
vertex -0.501341 14.347725 13.479372
vertex -0.501341 14.368477 13.499372
vertex -0.480865 14.368477 13.479372
endloop
endfacet
facet normal 0 0 0
outer loop
vertex -0.419438 14.347725 13.479372
vertex -0.398962 14.368477 13.499372
vertex -0.419438 14.347725 13.499372
endloop
endfacet
facet normal 0 0 0
outer loop
vertex -0.398962 14.368477 13.479372
vertex -0.398962 14.368477 13.499372
vertex -0.419438 14.347725 13.479372
endloop
endfacet
facet normal 0 0 0
outer loop
vertex -0.480865 14.368477 13.479372
vertex -0.501341 14.368477 13.499372
vertex -0.480865 14.389231 13.499372
endloop
endfacet
facet normal 0 0 0
outer loop
vertex -0.480865 14.368477 13.479372
vertex -0.480865 14.389231 13.499372
vertex -0.460389 14.389231 13.479372
endloop
endfacet
facet normal 0 0 0
outer loop
vertex -0.419438 14.389231 13.479372
vertex -0.439914 14.389231 13.499372
vertex -0.419438 14.368477 13.499372
endloop
endfacet
facet normal 0 0 0
outer loop
vertex -0.419438 14.389231 13.479372
vertex -0.398962 14.368477 13.499372
vertex -0.398962 14.389231 13.479372
endloop
endfacet
facet normal 0 0 0
outer loop
vertex -0.419438 14.368477 13.499372
vertex -0.398962 14.368477 13.499372
vertex -0.419438 14.389231 13.479372
endloop
endfacet
facet normal 0 0 0
outer loop
vertex -0.398962 14.389231 13.479372
vertex -0.398962 14.368477 13.499372
vertex -0.398962 14.368477 13.479372
endloop
endfacet
facet normal 0 0 0
outer loop
vertex -0.480865 14.389231 13.499372
vertex -0.460389 14.409985 13.499372
vertex -0.460389 14.389231 13.479372
endloop
endfacet
facet normal 0 0 0
outer loop
vertex -0.460389 14.409985 13.499372
vertex -0.460389 14.409985 13.479372
vertex -0.460389 14.389231 13.479372
endloop
endfacet
facet normal 0 0 0
outer loop
vertex -0.419438 14.409985 13.479372
vertex -0.439914 14.389231 13.499372
vertex -0.419438 14.389231 13.479372
endloop
endfacet
facet normal 0 0 0
outer loop
vertex -0.439914 14.409985 13.499372
vertex -0.439914 14.389231 13.499372
vertex -0.419438 14.409985 13.479372
endloop
endfacet
facet normal 0 0 0
outer loop
vertex -0.398962 14.389231 13.479372
vertex -0.419438 14.409985 13.479372
vertex -0.419438 14.389231 13.479372
endloop
endfacet
facet normal 0 0 0
outer loop
vertex -0.439914 14.409985 13.479372
vertex -0.460389 14.409985 13.479372
vertex -0.439914 14.409985 13.499372
endloop
endfacet
facet normal 0 0 0
outer loop
vertex -0.460389 14.409985 13.479372
vertex -0.460389 14.409985 13.499372
vertex -0.439914 14.409985 13.499372
endloop
endfacet
facet normal 0 0 0
outer loop
vertex -0.439914 14.409985 13.499372
vertex -0.419438 14.409985 13.479372
vertex -0.439914 14.409985 13.479372
endloop
endfacet
facet normal 0 0 0
outer loop
vertex -0.542293 14.223205 13.519372
vertex -0.562768 14.243958 13.519372
vertex -0.542293 14.243958 13.519372
endloop
endfacet
facet normal 0 0 0
outer loop
vertex -0.521817 14.243958 13.499372
vertex -0.521817 14.243958 13.519372
vertex -0.542293 14.223205 13.519372
endloop
endfacet
facet normal 0 0 0
outer loop
vertex -0.521817 14.243958 13.499372
vertex -0.542293 14.223205 13.519372
vertex -0.542293 14.243958 13.519372
endloop
endfacet
facet normal 0 0 0
outer loop
vertex -0.562768 14.243958 13.519372
vertex -0.583244 14.264711 13.519372
vertex -0.562768 14.264711 13.519372
endloop
endfacet
facet normal 0 0 0
outer loop
vertex -0.542293 14.264711 13.499372
vertex -0.542293 14.243958 13.519372
vertex -0.562768 14.264711 13.519372
endloop
endfacet
facet normal 0 0 0
outer loop
vertex -0.542293 14.243958 13.519372
vertex -0.562768 14.243958 13.519372
vertex -0.562768 14.264711 13.519372
endloop
endfacet
facet normal 0 0 0
outer loop
vertex -0.521817 14.243958 13.499372
vertex -0.542293 14.243958 13.519372
vertex -0.542293 14.264711 13.499372
endloop
endfacet
facet normal 0 0 0
outer loop
vertex -0.521817 14.243958 13.499372
vertex -0.501341 14.264711 13.519372
vertex -0.521817 14.243958 13.519372
endloop
endfacet
facet normal 0 0 0
outer loop
vertex -0.501341 14.264711 13.499372
vertex -0.501341 14.264711 13.519372
vertex -0.521817 14.243958 13.499372
endloop
endfacet
facet normal 0 0 0
outer loop
vertex -0.562768 14.285464 13.499372
vertex -0.583244 14.264711 13.519372
vertex -0.562768 14.285464 13.519372
endloop
endfacet
facet normal 0 0 0
outer loop
vertex -0.562768 14.285464 13.499372
vertex -0.562768 14.264711 13.519372
vertex -0.583244 14.264711 13.519372
endloop
endfacet
facet normal 0 0 0
outer loop
vertex -0.542293 14.264711 13.499372
vertex -0.562768 14.264711 13.519372
vertex -0.562768 14.285464 13.499372
endloop
endfacet
facet normal 0 0 0
outer loop
vertex -0.501341 14.264711 13.499372
vertex -0.480865 14.285464 13.519372
vertex -0.501341 14.264711 13.519372
endloop
endfacet
facet normal 0 0 0
outer loop
vertex -0.480865 14.285464 13.499372
vertex -0.480865 14.285464 13.519372
vertex -0.501341 14.264711 13.499372
endloop
endfacet
facet normal 0 0 0
outer loop
vertex -0.562768 14.306217 13.519372
vertex -0.562768 14.285464 13.499372
vertex -0.562768 14.285464 13.519372
endloop
endfacet
facet normal 0 0 0
outer loop
vertex -0.562768 14.285464 13.499372
vertex -0.562768 14.306217 13.519372
vertex -0.542293 14.306217 13.499372
endloop
endfacet
facet normal 0 0 0
outer loop
vertex -0.480865 14.285464 13.499372
vertex -0.460389 14.306217 13.519372
vertex -0.480865 14.285464 13.519372
endloop
endfacet
facet normal 0 0 0
outer loop
vertex -0.460389 14.306217 13.499372
vertex -0.460389 14.306217 13.519372
vertex -0.480865 14.285464 13.499372
endloop
endfacet
facet normal 0 0 0
outer loop
vertex -0.562768 14.306217 13.519372
vertex -0.542293 14.326971 13.519372
vertex -0.542293 14.306217 13.499372
endloop
endfacet
facet normal 0 0 0
outer loop
vertex -0.542293 14.326971 13.519372
vertex -0.542293 14.326971 13.499372
vertex -0.542293 14.306217 13.499372
endloop
endfacet
facet normal 0 0 0
outer loop
vertex -0.439914 14.326971 13.499372
vertex -0.460389 14.326971 13.519372
vertex -0.460389 14.306217 13.499372
endloop
endfacet
facet normal 0 0 0
outer loop
vertex -0.460389 14.326971 13.519372
vertex -0.460389 14.306217 13.519372
vertex -0.460389 14.306217 13.499372
endloop
endfacet
facet normal 0 0 0
outer loop
vertex -0.542293 14.326971 13.519372
vertex -0.521817 14.347725 13.499372
vertex -0.542293 14.326971 13.499372
endloop
endfacet
facet normal 0 0 0
outer loop
vertex -0.521817 14.347725 13.519372
vertex -0.521817 14.347725 13.499372
vertex -0.542293 14.326971 13.519372
endloop
endfacet
facet normal 0 0 0
outer loop
vertex -0.439914 14.347725 13.499372
vertex -0.460389 14.326971 13.519372
vertex -0.439914 14.326971 13.499372
endloop
endfacet
facet normal 0 0 0
outer loop
vertex -0.460389 14.347725 13.519372
vertex -0.460389 14.326971 13.519372
vertex -0.439914 14.347725 13.499372
endloop
endfacet
facet normal 0 0 0
outer loop
vertex -0.439914 14.326971 13.499372
vertex -0.419438 14.347725 13.499372
vertex -0.439914 14.347725 13.499372
endloop
endfacet
facet normal 0 0 0
outer loop
vertex -0.521817 14.368477 13.519372
vertex -0.521817 14.347725 13.499372
vertex -0.521817 14.347725 13.519372
endloop
endfacet
facet normal 0 0 0
outer loop
vertex -0.521817 14.347725 13.499372
vertex -0.521817 14.368477 13.519372
vertex -0.501341 14.368477 13.499372
endloop
endfacet
facet normal 0 0 0
outer loop
vertex -0.439914 14.368477 13.499372
vertex -0.460389 14.347725 13.519372
vertex -0.439914 14.347725 13.499372
endloop
endfacet
facet normal 0 0 0
outer loop
vertex -0.460389 14.368477 13.519372
vertex -0.460389 14.347725 13.519372
vertex -0.439914 14.368477 13.499372
endloop
endfacet
facet normal 0 0 0
outer loop
vertex -0.419438 14.347725 13.499372
vertex -0.419438 14.368477 13.499372
vertex -0.439914 14.347725 13.499372
endloop
endfacet
facet normal 0 0 0
outer loop
vertex -0.419438 14.368477 13.499372
vertex -0.439914 14.368477 13.499372
vertex -0.439914 14.347725 13.499372
endloop
endfacet
facet normal 0 0 0
outer loop
vertex -0.419438 14.347725 13.499372
vertex -0.398962 14.368477 13.499372
vertex -0.419438 14.368477 13.499372
endloop
endfacet
facet normal 0 0 0
outer loop
vertex -0.501341 14.368477 13.499372
vertex -0.521817 14.368477 13.519372
vertex -0.501341 14.368477 13.519372
endloop
endfacet
facet normal 0 0 0
outer loop
vertex -0.501341 14.368477 13.519372
vertex -0.480865 14.389231 13.499372
vertex -0.501341 14.368477 13.499372
endloop
endfacet
facet normal 0 0 0
outer loop
vertex -0.480865 14.389231 13.519372
vertex -0.480865 14.389231 13.499372
vertex -0.501341 14.368477 13.519372
endloop
endfacet
facet normal 0 0 0
outer loop
vertex -0.439914 14.389231 13.499372
vertex -0.460389 14.368477 13.519372
vertex -0.439914 14.368477 13.499372
endloop
endfacet
facet normal 0 0 0
outer loop
vertex -0.460389 14.389231 13.519372
vertex -0.460389 14.368477 13.519372
vertex -0.439914 14.389231 13.499372
endloop
endfacet
facet normal 0 0 0
outer loop
vertex -0.419438 14.368477 13.499372
vertex -0.439914 14.389231 13.499372
vertex -0.439914 14.368477 13.499372
endloop
endfacet
facet normal 0 0 0
outer loop
vertex -0.460389 14.409985 13.499372
vertex -0.480865 14.389231 13.499372
vertex -0.460389 14.389231 13.519372
endloop
endfacet
facet normal 0 0 0
outer loop
vertex -0.480865 14.389231 13.499372
vertex -0.480865 14.389231 13.519372
vertex -0.460389 14.389231 13.519372
endloop
endfacet
facet normal 0 0 0
outer loop
vertex -0.460389 14.389231 13.519372
vertex -0.439914 14.389231 13.499372
vertex -0.460389 14.409985 13.499372
endloop
endfacet
facet normal 0 0 0
outer loop
vertex -0.439914 14.389231 13.499372
vertex -0.439914 14.409985 13.499372
vertex -0.460389 14.409985 13.499372
endloop
endfacet
facet normal 0 0 0
outer loop
vertex -0.542293 14.223205 13.539371
vertex -0.562768 14.243958 13.519372
vertex -0.542293 14.223205 13.519372
endloop
endfacet
facet normal 0 0 0
outer loop
vertex -0.562768 14.243958 13.539371
vertex -0.562768 14.243958 13.519372
vertex -0.542293 14.223205 13.539371
endloop
endfacet
facet normal 0 0 0
outer loop
vertex -0.542293 14.223205 13.519372
vertex -0.521817 14.243958 13.539371
vertex -0.542293 14.223205 13.539371
endloop
endfacet
facet normal 0 0 0
outer loop
vertex -0.521817 14.243958 13.519372
vertex -0.521817 14.243958 13.539371
vertex -0.542293 14.223205 13.519372
endloop
endfacet
facet normal 0 0 0
outer loop
vertex -0.583244 14.264711 13.519372
vertex -0.562768 14.243958 13.519372
vertex -0.562768 14.264711 13.539371
endloop
endfacet
facet normal 0 0 0
outer loop
vertex -0.562768 14.243958 13.519372
vertex -0.562768 14.243958 13.539371
vertex -0.562768 14.264711 13.539371
endloop
endfacet
facet normal 0 0 0
outer loop
vertex -0.521817 14.243958 13.519372
vertex -0.501341 14.264711 13.539371
vertex -0.521817 14.243958 13.539371
endloop
endfacet
facet normal 0 0 0
outer loop
vertex -0.501341 14.264711 13.519372
vertex -0.501341 14.264711 13.539371
vertex -0.521817 14.243958 13.519372
endloop
endfacet
facet normal 0 0 0
outer loop
vertex -0.583244 14.264711 13.519372
vertex -0.562768 14.264711 13.539371
vertex -0.562768 14.285464 13.519372
endloop
endfacet
facet normal 0 0 0
outer loop
vertex -0.562768 14.264711 13.539371
vertex -0.562768 14.285464 13.539371
vertex -0.562768 14.285464 13.519372
endloop
endfacet
facet normal 0 0 0
outer loop
vertex -0.501341 14.264711 13.519372
vertex -0.480865 14.285464 13.539371
vertex -0.501341 14.264711 13.539371
endloop
endfacet
facet normal 0 0 0
outer loop
vertex -0.480865 14.285464 13.519372
vertex -0.480865 14.285464 13.539371
vertex -0.501341 14.264711 13.519372
endloop
endfacet
facet normal 0 0 0
outer loop
vertex -0.562768 14.285464 13.539371
vertex -0.562768 14.306217 13.519372
vertex -0.562768 14.285464 13.519372
endloop
endfacet
facet normal 0 0 0
outer loop
vertex -0.562768 14.285464 13.539371
vertex -0.542293 14.306217 13.539371
vertex -0.562768 14.306217 13.519372
endloop
endfacet
facet normal 0 0 0
outer loop
vertex -0.480865 14.285464 13.519372
vertex -0.460389 14.306217 13.539371
vertex -0.480865 14.285464 13.539371
endloop
endfacet
facet normal 0 0 0
outer loop
vertex -0.460389 14.306217 13.519372
vertex -0.460389 14.306217 13.539371
vertex -0.480865 14.285464 13.519372
endloop
endfacet
facet normal 0 0 0
outer loop
vertex -0.562768 14.306217 13.519372
vertex -0.542293 14.306217 13.539371
vertex -0.542293 14.326971 13.519372
endloop
endfacet
facet normal 0 0 0
outer loop
vertex -0.542293 14.306217 13.539371
vertex -0.542293 14.326971 13.539371
vertex -0.542293 14.326971 13.519372
endloop
endfacet
facet normal 0 0 0
outer loop
vertex -0.439914 14.326971 13.539371
vertex -0.460389 14.306217 13.539371
vertex -0.460389 14.326971 13.519372
endloop
endfacet
facet normal 0 0 0
outer loop
vertex -0.460389 14.306217 13.539371
vertex -0.460389 14.306217 13.519372
vertex -0.460389 14.326971 13.519372
endloop
endfacet
facet normal 0 0 0
outer loop
vertex -0.521817 14.347725 13.519372
vertex -0.542293 14.326971 13.519372
vertex -0.521817 14.326971 13.539371
endloop
endfacet
facet normal 0 0 0
outer loop
vertex -0.542293 14.326971 13.519372
vertex -0.542293 14.326971 13.539371
vertex -0.521817 14.326971 13.539371
endloop
endfacet
facet normal 0 0 0
outer loop
vertex -0.521817 14.326971 13.539371
vertex -0.501341 14.347725 13.539371
vertex -0.521817 14.347725 13.519372
endloop
endfacet
facet normal 0 0 0
outer loop
vertex -0.439914 14.326971 13.539371
vertex -0.460389 14.347725 13.519372
vertex -0.439914 14.347725 13.539371
endloop
endfacet
facet normal 0 0 0
outer loop
vertex -0.460389 14.326971 13.519372
vertex -0.460389 14.347725 13.519372
vertex -0.439914 14.326971 13.539371
endloop
endfacet
facet normal 0 0 0
outer loop
vertex -0.419438 14.347725 13.539371
vertex -0.439914 14.326971 13.539371
vertex -0.439914 14.347725 13.539371
endloop
endfacet
facet normal 0 0 0
outer loop
vertex -0.501341 14.368477 13.539371
vertex -0.521817 14.347725 13.519372
vertex -0.501341 14.347725 13.539371
endloop
endfacet
facet normal 0 0 0
outer loop
vertex -0.521817 14.368477 13.519372
vertex -0.521817 14.347725 13.519372
vertex -0.501341 14.368477 13.539371
endloop
endfacet
facet normal 0 0 0
outer loop
vertex -0.439914 14.347725 13.539371
vertex -0.460389 14.368477 13.519372
vertex -0.439914 14.368477 13.539371
endloop
endfacet
facet normal 0 0 0
outer loop
vertex -0.460389 14.347725 13.519372
vertex -0.460389 14.368477 13.519372
vertex -0.439914 14.347725 13.539371
endloop
endfacet
facet normal 0 0 0
outer loop
vertex -0.521817 14.368477 13.519372
vertex -0.501341 14.389231 13.539371
vertex -0.501341 14.368477 13.519372
endloop
endfacet
facet normal 0 0 0
outer loop
vertex -0.521817 14.368477 13.519372
vertex -0.501341 14.368477 13.539371
vertex -0.501341 14.389231 13.539371
endloop
endfacet
facet normal 0 0 0
outer loop
vertex -0.501341 14.368477 13.519372
vertex -0.501341 14.389231 13.539371
vertex -0.480865 14.389231 13.519372
endloop
endfacet
facet normal 0 0 0
outer loop
vertex -0.439914 14.368477 13.539371
vertex -0.460389 14.368477 13.519372
vertex -0.460389 14.389231 13.539371
endloop
endfacet
facet normal 0 0 0
outer loop
vertex -0.460389 14.368477 13.519372
vertex -0.460389 14.389231 13.519372
vertex -0.460389 14.389231 13.539371
endloop
endfacet
facet normal 0 0 0
outer loop
vertex -0.480865 14.389231 13.519372
vertex -0.501341 14.389231 13.539371
vertex -0.480865 14.389231 13.539371
endloop
endfacet
facet normal 0 0 0
outer loop
vertex -0.460389 14.389231 13.519372
vertex -0.480865 14.389231 13.519372
vertex -0.460389 14.389231 13.539371
endloop
endfacet
facet normal 0 0 0
outer loop
vertex -0.480865 14.389231 13.519372
vertex -0.480865 14.389231 13.539371
vertex -0.460389 14.389231 13.539371
endloop
endfacet
facet normal 0 0 0
outer loop
vertex -0.542293 14.223205 13.539371
vertex -0.542293 14.243958 13.559372
vertex -0.562768 14.243958 13.539371
endloop
endfacet
facet normal 0 0 0
outer loop
vertex -0.542293 14.243958 13.559372
vertex -0.562768 14.243958 13.559372
vertex -0.562768 14.243958 13.539371
endloop
endfacet
facet normal 0 0 0
outer loop
vertex -0.521817 14.243958 13.539371
vertex -0.542293 14.243958 13.559372
vertex -0.542293 14.223205 13.539371
endloop
endfacet
facet normal 0 0 0
outer loop
vertex -0.583244 14.264711 13.559372
vertex -0.562768 14.264711 13.539371
vertex -0.562768 14.243958 13.559372
endloop
endfacet
facet normal 0 0 0
outer loop
vertex -0.562768 14.264711 13.539371
vertex -0.562768 14.243958 13.539371
vertex -0.562768 14.243958 13.559372
endloop
endfacet
facet normal 0 0 0
outer loop
vertex -0.521817 14.243958 13.539371
vertex -0.521817 14.264711 13.559372
vertex -0.542293 14.243958 13.559372
endloop
endfacet
facet normal 0 0 0
outer loop
vertex -0.501341 14.264711 13.539371
vertex -0.521817 14.264711 13.559372
vertex -0.521817 14.243958 13.539371
endloop
endfacet
facet normal 0 0 0
outer loop
vertex -0.562768 14.264711 13.539371
vertex -0.583244 14.285464 13.559372
vertex -0.562768 14.285464 13.539371
endloop
endfacet
facet normal 0 0 0
outer loop
vertex -0.583244 14.264711 13.559372
vertex -0.583244 14.285464 13.559372
vertex -0.562768 14.264711 13.539371
endloop
endfacet
facet normal 0 0 0
outer loop
vertex -0.501341 14.264711 13.539371
vertex -0.501341 14.285464 13.559372
vertex -0.521817 14.264711 13.559372
endloop
endfacet
facet normal 0 0 0
outer loop
vertex -0.480865 14.285464 13.539371
vertex -0.501341 14.285464 13.559372
vertex -0.501341 14.264711 13.539371
endloop
endfacet
facet normal 0 0 0
outer loop
vertex -0.562768 14.285464 13.539371
vertex -0.583244 14.285464 13.559372
vertex -0.562768 14.306217 13.559372
endloop
endfacet
facet normal 0 0 0
outer loop
vertex -0.562768 14.285464 13.539371
vertex -0.562768 14.306217 13.559372
vertex -0.542293 14.306217 13.539371
endloop
endfacet
facet normal 0 0 0
outer loop
vertex -0.480865 14.285464 13.539371
vertex -0.480865 14.306217 13.559372
vertex -0.501341 14.285464 13.559372
endloop
endfacet
facet normal 0 0 0
outer loop
vertex -0.460389 14.306217 13.539371
vertex -0.480865 14.306217 13.559372
vertex -0.480865 14.285464 13.539371
endloop
endfacet
facet normal 0 0 0
outer loop
vertex -0.542293 14.306217 13.539371
vertex -0.562768 14.326971 13.559372
vertex -0.542293 14.326971 13.539371
endloop
endfacet
facet normal 0 0 0
outer loop
vertex -0.562768 14.306217 13.559372
vertex -0.562768 14.326971 13.559372
vertex -0.542293 14.306217 13.539371
endloop
endfacet
facet normal 0 0 0
outer loop
vertex -0.460389 14.306217 13.539371
vertex -0.460389 14.326971 13.559372
vertex -0.480865 14.306217 13.559372
endloop
endfacet
facet normal 0 0 0
outer loop
vertex -0.439914 14.326971 13.539371
vertex -0.460389 14.326971 13.559372
vertex -0.460389 14.306217 13.539371
endloop
endfacet
facet normal 0 0 0
outer loop
vertex -0.542293 14.326971 13.539371
vertex -0.562768 14.326971 13.559372
vertex -0.542293 14.347725 13.559372
endloop
endfacet
facet normal 0 0 0
outer loop
vertex -0.542293 14.326971 13.539371
vertex -0.521817 14.347725 13.559372
vertex -0.521817 14.326971 13.539371
endloop
endfacet
facet normal 0 0 0
outer loop
vertex -0.542293 14.347725 13.559372
vertex -0.521817 14.347725 13.559372
vertex -0.542293 14.326971 13.539371
endloop
endfacet
facet normal 0 0 0
outer loop
vertex -0.521817 14.326971 13.539371
vertex -0.521817 14.347725 13.559372
vertex -0.501341 14.347725 13.539371
endloop
endfacet
facet normal 0 0 0
outer loop
vertex -0.460389 14.347725 13.539371
vertex -0.480865 14.347725 13.559372
vertex -0.460389 14.326971 13.559372
endloop
endfacet
facet normal 0 0 0
outer loop
vertex -0.460389 14.326971 13.559372
vertex -0.439914 14.326971 13.539371
vertex -0.460389 14.347725 13.539371
endloop
endfacet
facet normal 0 0 0
outer loop
vertex -0.439914 14.326971 13.539371
vertex -0.439914 14.347725 13.539371
vertex -0.460389 14.347725 13.539371
endloop
endfacet
facet normal 0 0 0
outer loop
vertex -0.542293 14.347725 13.559372
vertex -0.521817 14.368477 13.559372
vertex -0.521817 14.347725 13.559372
endloop
endfacet
facet normal 0 0 0
outer loop
vertex -0.501341 14.347725 13.539371
vertex -0.521817 14.368477 13.559372
vertex -0.501341 14.368477 13.539371
endloop
endfacet
facet normal 0 0 0
outer loop
vertex -0.521817 14.347725 13.559372
vertex -0.521817 14.368477 13.559372
vertex -0.501341 14.347725 13.539371
endloop
endfacet
facet normal 0 0 0
outer loop
vertex -0.460389 14.368477 13.539371
vertex -0.480865 14.347725 13.559372
vertex -0.460389 14.347725 13.539371
endloop
endfacet
facet normal 0 0 0
outer loop
vertex -0.480865 14.368477 13.559372
vertex -0.480865 14.347725 13.559372
vertex -0.460389 14.368477 13.539371
endloop
endfacet
facet normal 0 0 0
outer loop
vertex -0.439914 14.347725 13.539371
vertex -0.439914 14.368477 13.539371
vertex -0.460389 14.347725 13.539371
endloop
endfacet
facet normal 0 0 0
outer loop
vertex -0.439914 14.368477 13.539371
vertex -0.460389 14.368477 13.539371
vertex -0.460389 14.347725 13.539371
endloop
endfacet
facet normal 0 0 0
outer loop
vertex -0.419438 14.347725 13.539371
vertex -0.439914 14.368477 13.539371
vertex -0.439914 14.347725 13.539371
endloop
endfacet
facet normal 0 0 0
outer loop
vertex -0.521817 14.368477 13.559372
vertex -0.501341 14.389231 13.559372
vertex -0.501341 14.368477 13.539371
endloop
endfacet
facet normal 0 0 0
outer loop
vertex -0.501341 14.389231 13.559372
vertex -0.501341 14.389231 13.539371
vertex -0.501341 14.368477 13.539371
endloop
endfacet
facet normal 0 0 0
outer loop
vertex -0.460389 14.389231 13.539371
vertex -0.480865 14.368477 13.559372
vertex -0.460389 14.368477 13.539371
endloop
endfacet
facet normal 0 0 0
outer loop
vertex -0.480865 14.389231 13.559372
vertex -0.480865 14.368477 13.559372
vertex -0.460389 14.389231 13.539371
endloop
endfacet
facet normal 0 0 0
outer loop
vertex -0.439914 14.368477 13.539371
vertex -0.460389 14.389231 13.539371
vertex -0.460389 14.368477 13.539371
endloop
endfacet
facet normal 0 0 0
outer loop
vertex -0.480865 14.389231 13.539371
vertex -0.501341 14.389231 13.539371
vertex -0.480865 14.389231 13.559372
endloop
endfacet
facet normal 0 0 0
outer loop
vertex -0.501341 14.389231 13.539371
vertex -0.501341 14.389231 13.559372
vertex -0.480865 14.389231 13.559372
endloop
endfacet
facet normal 0 0 0
outer loop
vertex -0.480865 14.389231 13.559372
vertex -0.460389 14.389231 13.539371
vertex -0.480865 14.389231 13.539371
endloop
endfacet
facet normal 0 0 0
outer loop
vertex -0.583244 14.223205 13.579371
vertex -0.603720 14.243958 13.579371
vertex -0.583244 14.243958 13.579371
endloop
endfacet
facet normal 0 0 0
outer loop
vertex -0.562768 14.243958 13.559372
vertex -0.562768 14.223205 13.579371
vertex -0.583244 14.243958 13.579371
endloop
endfacet
facet normal 0 0 0
outer loop
vertex -0.562768 14.223205 13.579371
vertex -0.583244 14.223205 13.579371
vertex -0.583244 14.243958 13.579371
endloop
endfacet
facet normal 0 0 0
outer loop
vertex -0.562768 14.223205 13.579371
vertex -0.562768 14.243958 13.559372
vertex -0.542293 14.243958 13.559372
endloop
endfacet
facet normal 0 0 0
outer loop
vertex -0.562768 14.223205 13.579371
vertex -0.542293 14.243958 13.559372
vertex -0.562768 14.243958 13.579371
endloop
endfacet
facet normal 0 0 0
outer loop
vertex -0.624196 14.243958 13.579371
vertex -0.603720 14.264711 13.579371
vertex -0.603720 14.243958 13.579371
endloop
endfacet
facet normal 0 0 0
outer loop
vertex -0.583244 14.264711 13.559372
vertex -0.583244 14.243958 13.579371
vertex -0.603720 14.264711 13.579371
endloop
endfacet
facet normal 0 0 0
outer loop
vertex -0.583244 14.243958 13.579371
vertex -0.603720 14.243958 13.579371
vertex -0.603720 14.264711 13.579371
endloop
endfacet
facet normal 0 0 0
outer loop
vertex -0.562768 14.243958 13.559372
vertex -0.583244 14.243958 13.579371
vertex -0.583244 14.264711 13.559372
endloop
endfacet
facet normal 0 0 0
outer loop
vertex -0.542293 14.243958 13.559372
vertex -0.542293 14.264711 13.579371
vertex -0.562768 14.243958 13.579371
endloop
endfacet
facet normal 0 0 0
outer loop
vertex -0.542293 14.243958 13.559372
vertex -0.521817 14.264711 13.559372
vertex -0.542293 14.264711 13.579371
endloop
endfacet
facet normal 0 0 0
outer loop
vertex -0.521817 14.264711 13.559372
vertex -0.521817 14.264711 13.579371
vertex -0.542293 14.264711 13.579371
endloop
endfacet
facet normal 0 0 0
outer loop
vertex -0.583244 14.264711 13.559372
vertex -0.603720 14.285464 13.579371
vertex -0.583244 14.285464 13.559372
endloop
endfacet
facet normal 0 0 0
outer loop
vertex -0.603720 14.264711 13.579371
vertex -0.603720 14.285464 13.579371
vertex -0.583244 14.264711 13.559372
endloop
endfacet
facet normal 0 0 0
outer loop
vertex -0.521817 14.264711 13.559372
vertex -0.501341 14.285464 13.579371
vertex -0.521817 14.264711 13.579371
endloop
endfacet
facet normal 0 0 0
outer loop
vertex -0.501341 14.285464 13.559372
vertex -0.501341 14.285464 13.579371
vertex -0.521817 14.264711 13.559372
endloop
endfacet
facet normal 0 0 0
outer loop
vertex -0.583244 14.285464 13.559372
vertex -0.603720 14.285464 13.579371
vertex -0.583244 14.306217 13.579371
endloop
endfacet
facet normal 0 0 0
outer loop
vertex -0.583244 14.285464 13.559372
vertex -0.583244 14.306217 13.579371
vertex -0.562768 14.306217 13.559372
endloop
endfacet
facet normal 0 0 0
outer loop
vertex -0.480865 14.306217 13.559372
vertex -0.501341 14.306217 13.579371
vertex -0.501341 14.285464 13.559372
endloop
endfacet
facet normal 0 0 0
outer loop
vertex -0.501341 14.306217 13.579371
vertex -0.501341 14.285464 13.579371
vertex -0.501341 14.285464 13.559372
endloop
endfacet
facet normal 0 0 0
outer loop
vertex -0.583244 14.306217 13.579371
vertex -0.562768 14.326971 13.579371
vertex -0.562768 14.306217 13.559372
endloop
endfacet
facet normal 0 0 0
outer loop
vertex -0.562768 14.326971 13.579371
vertex -0.562768 14.326971 13.559372
vertex -0.562768 14.306217 13.559372
endloop
endfacet
facet normal 0 0 0
outer loop
vertex -0.480865 14.306217 13.559372
vertex -0.480865 14.326971 13.579371
vertex -0.501341 14.306217 13.579371
endloop
endfacet
facet normal 0 0 0
outer loop
vertex -0.460389 14.326971 13.559372
vertex -0.480865 14.326971 13.579371
vertex -0.480865 14.306217 13.559372
endloop
endfacet
facet normal 0 0 0
outer loop
vertex -0.562768 14.326971 13.579371
vertex -0.542293 14.347725 13.559372
vertex -0.562768 14.326971 13.559372
endloop
endfacet
facet normal 0 0 0
outer loop
vertex -0.542293 14.347725 13.579371
vertex -0.542293 14.347725 13.559372
vertex -0.562768 14.326971 13.579371
endloop
endfacet
facet normal 0 0 0
outer loop
vertex -0.460389 14.347725 13.579371
vertex -0.480865 14.326971 13.579371
vertex -0.480865 14.347725 13.559372
endloop
endfacet
facet normal 0 0 0
outer loop
vertex -0.460389 14.326971 13.559372
vertex -0.480865 14.347725 13.559372
vertex -0.480865 14.326971 13.579371
endloop
endfacet
facet normal 0 0 0
outer loop
vertex -0.521817 14.368477 13.559372
vertex -0.542293 14.347725 13.559372
vertex -0.521817 14.347725 13.579371
endloop
endfacet
facet normal 0 0 0
outer loop
vertex -0.542293 14.347725 13.559372
vertex -0.542293 14.347725 13.579371
vertex -0.521817 14.347725 13.579371
endloop
endfacet
facet normal 0 0 0
outer loop
vertex -0.521817 14.368477 13.559372
vertex -0.501341 14.347725 13.579371
vertex -0.501341 14.368477 13.559372
endloop
endfacet
facet normal 0 0 0
outer loop
vertex -0.521817 14.347725 13.579371
vertex -0.501341 14.347725 13.579371
vertex -0.521817 14.368477 13.559372
endloop
endfacet
facet normal 0 0 0
outer loop
vertex -0.501341 14.368477 13.559372
vertex -0.480865 14.347725 13.579371
vertex -0.480865 14.368477 13.559372
endloop
endfacet
facet normal 0 0 0
outer loop
vertex -0.501341 14.347725 13.579371
vertex -0.480865 14.347725 13.579371
vertex -0.501341 14.368477 13.559372
endloop
endfacet
facet normal 0 0 0
outer loop
vertex -0.480865 14.368477 13.559372
vertex -0.480865 14.347725 13.579371
vertex -0.480865 14.347725 13.559372
endloop
endfacet
facet normal 0 0 0
outer loop
vertex -0.480865 14.347725 13.559372
vertex -0.480865 14.347725 13.579371
vertex -0.460389 14.347725 13.579371
endloop
endfacet
facet normal 0 0 0
outer loop
vertex -0.460389 14.347725 13.579371
vertex -0.480865 14.347725 13.579371
vertex -0.460389 14.368477 13.579371
endloop
endfacet
facet normal 0 0 0
outer loop
vertex -0.501341 14.389231 13.559372
vertex -0.521817 14.368477 13.559372
vertex -0.501341 14.368477 13.559372
endloop
endfacet
facet normal 0 0 0
outer loop
vertex -0.480865 14.368477 13.559372
vertex -0.480865 14.389231 13.559372
vertex -0.501341 14.368477 13.559372
endloop
endfacet
facet normal 0 0 0
outer loop
vertex -0.480865 14.389231 13.559372
vertex -0.501341 14.389231 13.559372
vertex -0.501341 14.368477 13.559372
endloop
endfacet
facet normal 0 0 0
outer loop
vertex -0.603720 14.223205 13.599372
vertex -0.583244 14.223205 13.579371
vertex -0.583244 14.223205 13.599372
endloop
endfacet
facet normal 0 0 0
outer loop
vertex -0.562768 14.223205 13.579371
vertex -0.583244 14.223205 13.599372
vertex -0.583244 14.223205 13.579371
endloop
endfacet
facet normal 0 0 0
outer loop
vertex -0.624196 14.223205 13.599372
vertex -0.603720 14.243958 13.599372
vertex -0.603720 14.223205 13.599372
endloop
endfacet
facet normal 0 0 0
outer loop
vertex -0.603720 14.223205 13.599372
vertex -0.603720 14.243958 13.599372
vertex -0.603720 14.243958 13.579371
endloop
endfacet
facet normal 0 0 0
outer loop
vertex -0.603720 14.243958 13.579371
vertex -0.603720 14.243958 13.599372
vertex -0.624196 14.243958 13.579371
endloop
endfacet
facet normal 0 0 0
outer loop
vertex -0.583244 14.223205 13.579371
vertex -0.603720 14.223205 13.599372
vertex -0.603720 14.243958 13.579371
endloop
endfacet
facet normal 0 0 0
outer loop
vertex -0.562768 14.223205 13.579371
vertex -0.562768 14.243958 13.599372
vertex -0.583244 14.223205 13.599372
endloop
endfacet
facet normal 0 0 0
outer loop
vertex -0.562768 14.243958 13.599372
vertex -0.562768 14.223205 13.579371
vertex -0.562768 14.243958 13.579371
endloop
endfacet
facet normal 0 0 0
outer loop
vertex -0.624196 14.264711 13.599372
vertex -0.603720 14.264711 13.579371
vertex -0.603720 14.243958 13.599372
endloop
endfacet
facet normal 0 0 0
outer loop
vertex -0.624196 14.243958 13.579371
vertex -0.603720 14.243958 13.599372
vertex -0.603720 14.264711 13.579371
endloop
endfacet
facet normal 0 0 0
outer loop
vertex -0.562768 14.243958 13.579371
vertex -0.542293 14.264711 13.599372
vertex -0.562768 14.243958 13.599372
endloop
endfacet
facet normal 0 0 0
outer loop
vertex -0.542293 14.264711 13.579371
vertex -0.542293 14.264711 13.599372
vertex -0.562768 14.243958 13.579371
endloop
endfacet
facet normal 0 0 0
outer loop
vertex -0.521817 14.264711 13.579371
vertex -0.542293 14.264711 13.599372
vertex -0.542293 14.264711 13.579371
endloop
endfacet
facet normal 0 0 0
outer loop
vertex -0.624196 14.264711 13.599372
vertex -0.603720 14.285464 13.599372
vertex -0.603720 14.264711 13.579371
endloop
endfacet
facet normal 0 0 0
outer loop
vertex -0.603720 14.285464 13.599372
vertex -0.603720 14.285464 13.579371
vertex -0.603720 14.264711 13.579371
endloop
endfacet
facet normal 0 0 0
outer loop
vertex -0.521817 14.264711 13.579371
vertex -0.521817 14.285464 13.599372
vertex -0.542293 14.264711 13.599372
endloop
endfacet
facet normal 0 0 0
outer loop
vertex -0.501341 14.285464 13.579371
vertex -0.521817 14.285464 13.599372
vertex -0.521817 14.264711 13.579371
endloop
endfacet
facet normal 0 0 0
outer loop
vertex -0.603720 14.285464 13.599372
vertex -0.583244 14.306217 13.579371
vertex -0.603720 14.285464 13.579371
endloop
endfacet
facet normal 0 0 0
outer loop
vertex -0.583244 14.306217 13.599372
vertex -0.583244 14.306217 13.579371
vertex -0.603720 14.285464 13.599372
endloop
endfacet
facet normal 0 0 0
outer loop
vertex -0.501341 14.285464 13.579371
vertex -0.501341 14.306217 13.599372
vertex -0.521817 14.285464 13.599372
endloop
endfacet
facet normal 0 0 0
outer loop
vertex -0.501341 14.306217 13.599372
vertex -0.501341 14.285464 13.579371
vertex -0.501341 14.306217 13.579371
endloop
endfacet
facet normal 0 0 0
outer loop
vertex -0.583244 14.326971 13.599372
vertex -0.583244 14.306217 13.579371
vertex -0.583244 14.306217 13.599372
endloop
endfacet
facet normal 0 0 0
outer loop
vertex -0.583244 14.306217 13.579371
vertex -0.583244 14.326971 13.599372
vertex -0.562768 14.326971 13.579371
endloop
endfacet
facet normal 0 0 0
outer loop
vertex -0.501341 14.306217 13.579371
vertex -0.480865 14.326971 13.599372
vertex -0.501341 14.306217 13.599372
endloop
endfacet
facet normal 0 0 0
outer loop
vertex -0.480865 14.326971 13.579371
vertex -0.480865 14.326971 13.599372
vertex -0.501341 14.306217 13.579371
endloop
endfacet
facet normal 0 0 0
outer loop
vertex -0.562768 14.326971 13.579371
vertex -0.583244 14.326971 13.599372
vertex -0.562768 14.347725 13.599372
endloop
endfacet
facet normal 0 0 0
outer loop
vertex -0.562768 14.326971 13.579371
vertex -0.562768 14.347725 13.599372
vertex -0.542293 14.347725 13.579371
endloop
endfacet
facet normal 0 0 0
outer loop
vertex -0.460389 14.347725 13.579371
vertex -0.480865 14.347725 13.599372
vertex -0.480865 14.326971 13.579371
endloop
endfacet
facet normal 0 0 0
outer loop
vertex -0.480865 14.347725 13.599372
vertex -0.480865 14.326971 13.599372
vertex -0.480865 14.326971 13.579371
endloop
endfacet
facet normal 0 0 0
outer loop
vertex -0.542293 14.347725 13.579371
vertex -0.562768 14.347725 13.599372
vertex -0.542293 14.368477 13.599372
endloop
endfacet
facet normal 0 0 0
outer loop
vertex -0.542293 14.347725 13.579371
vertex -0.521817 14.368477 13.599372
vertex -0.521817 14.347725 13.579371
endloop
endfacet
facet normal 0 0 0
outer loop
vertex -0.542293 14.368477 13.599372
vertex -0.521817 14.368477 13.599372
vertex -0.542293 14.347725 13.579371
endloop
endfacet
facet normal 0 0 0
outer loop
vertex -0.521817 14.347725 13.579371
vertex -0.501341 14.368477 13.599372
vertex -0.501341 14.347725 13.579371
endloop
endfacet
facet normal 0 0 0
outer loop
vertex -0.521817 14.368477 13.599372
vertex -0.501341 14.368477 13.599372
vertex -0.521817 14.347725 13.579371
endloop
endfacet
facet normal 0 0 0
outer loop
vertex -0.501341 14.368477 13.599372
vertex -0.480865 14.347725 13.599372
vertex -0.501341 14.347725 13.579371
endloop
endfacet
facet normal 0 0 0
outer loop
vertex -0.480865 14.347725 13.599372
vertex -0.480865 14.347725 13.579371
vertex -0.501341 14.347725 13.579371
endloop
endfacet
facet normal 0 0 0
outer loop
vertex -0.460389 14.368477 13.579371
vertex -0.480865 14.347725 13.599372
vertex -0.460389 14.347725 13.579371
endloop
endfacet
facet normal 0 0 0
outer loop
vertex -0.460389 14.368477 13.579371
vertex -0.480865 14.347725 13.579371
vertex -0.480865 14.347725 13.599372
endloop
endfacet
facet normal 0 0 0
outer loop
vertex -0.521817 14.368477 13.599372
vertex -0.501341 14.389231 13.599372
vertex -0.501341 14.368477 13.599372
endloop
endfacet
facet normal 0 0 0
outer loop
vertex -0.603720 14.223205 13.619371
vertex -0.624196 14.223205 13.599372
vertex -0.603720 14.223205 13.599372
endloop
endfacet
facet normal 0 0 0
outer loop
vertex -0.583244 14.223205 13.599372
vertex -0.583244 14.223205 13.619371
vertex -0.603720 14.223205 13.599372
endloop
endfacet
facet normal 0 0 0
outer loop
vertex -0.603720 14.223205 13.599372
vertex -0.583244 14.223205 13.619371
vertex -0.603720 14.223205 13.619371
endloop
endfacet
facet normal 0 0 0
outer loop
vertex -0.624196 14.243958 13.619371
vertex -0.603720 14.243958 13.599372
vertex -0.603720 14.223205 13.619371
endloop
endfacet
facet normal 0 0 0
outer loop
vertex -0.624196 14.223205 13.599372
vertex -0.603720 14.223205 13.619371
vertex -0.603720 14.243958 13.599372
endloop
endfacet
facet normal 0 0 0
outer loop
vertex -0.583244 14.223205 13.599372
vertex -0.562768 14.243958 13.619371
vertex -0.583244 14.223205 13.619371
endloop
endfacet
facet normal 0 0 0
outer loop
vertex -0.562768 14.243958 13.599372
vertex -0.562768 14.243958 13.619371
vertex -0.583244 14.223205 13.599372
endloop
endfacet
facet normal 0 0 0
outer loop
vertex -0.624196 14.264711 13.599372
vertex -0.624196 14.243958 13.619371
vertex -0.624196 14.264711 13.619371
endloop
endfacet
facet normal 0 0 0
outer loop
vertex -0.603720 14.243958 13.599372
vertex -0.624196 14.243958 13.619371
vertex -0.624196 14.264711 13.599372
endloop
endfacet
facet normal 0 0 0
outer loop
vertex -0.562768 14.243958 13.599372
vertex -0.542293 14.264711 13.619371
vertex -0.562768 14.243958 13.619371
endloop
endfacet
facet normal 0 0 0
outer loop
vertex -0.542293 14.264711 13.599372
vertex -0.542293 14.264711 13.619371
vertex -0.562768 14.243958 13.599372
endloop
endfacet
facet normal 0 0 0
outer loop
vertex -0.624196 14.285464 13.619371
vertex -0.624196 14.264711 13.599372
vertex -0.624196 14.264711 13.619371
endloop
endfacet
facet normal 0 0 0
outer loop
vertex -0.624196 14.264711 13.599372
vertex -0.624196 14.285464 13.619371
vertex -0.603720 14.285464 13.599372
endloop
endfacet
facet normal 0 0 0
outer loop
vertex -0.521817 14.285464 13.599372
vertex -0.542293 14.285464 13.619371
vertex -0.542293 14.264711 13.599372
endloop
endfacet
facet normal 0 0 0
outer loop
vertex -0.542293 14.285464 13.619371
vertex -0.542293 14.264711 13.619371
vertex -0.542293 14.264711 13.599372
endloop
endfacet
facet normal 0 0 0
outer loop
vertex -0.603720 14.285464 13.599372
vertex -0.624196 14.285464 13.619371
vertex -0.603720 14.306217 13.619371
endloop
endfacet
facet normal 0 0 0
outer loop
vertex -0.603720 14.285464 13.599372
vertex -0.603720 14.306217 13.619371
vertex -0.583244 14.306217 13.599372
endloop
endfacet
facet normal 0 0 0
outer loop
vertex -0.521817 14.285464 13.599372
vertex -0.521817 14.306217 13.619371
vertex -0.542293 14.285464 13.619371
endloop
endfacet
facet normal 0 0 0
outer loop
vertex -0.501341 14.306217 13.599372
vertex -0.521817 14.306217 13.619371
vertex -0.521817 14.285464 13.599372
endloop
endfacet
facet normal 0 0 0
outer loop
vertex -0.603720 14.306217 13.619371
vertex -0.583244 14.326971 13.619371
vertex -0.583244 14.306217 13.599372
endloop
endfacet
facet normal 0 0 0
outer loop
vertex -0.583244 14.326971 13.619371
vertex -0.583244 14.326971 13.599372
vertex -0.583244 14.306217 13.599372
endloop
endfacet
facet normal 0 0 0
outer loop
vertex -0.501341 14.306217 13.599372
vertex -0.501341 14.326971 13.619371
vertex -0.521817 14.306217 13.619371
endloop
endfacet
facet normal 0 0 0
outer loop
vertex -0.501341 14.306217 13.599372
vertex -0.480865 14.326971 13.599372
vertex -0.501341 14.326971 13.619371
endloop
endfacet
facet normal 0 0 0
outer loop
vertex -0.480865 14.326971 13.599372
vertex -0.480865 14.326971 13.619371
vertex -0.501341 14.326971 13.619371
endloop
endfacet
facet normal 0 0 0
outer loop
vertex -0.480865 14.326971 13.599372
vertex -0.460389 14.326971 13.619371
vertex -0.480865 14.326971 13.619371
endloop
endfacet
facet normal 0 0 0
outer loop
vertex -0.583244 14.326971 13.619371
vertex -0.562768 14.347725 13.599372
vertex -0.583244 14.326971 13.599372
endloop
endfacet
facet normal 0 0 0
outer loop
vertex -0.562768 14.347725 13.619371
vertex -0.562768 14.347725 13.599372
vertex -0.583244 14.326971 13.619371
endloop
endfacet
facet normal 0 0 0
outer loop
vertex -0.460389 14.326971 13.619371
vertex -0.480865 14.326971 13.599372
vertex -0.480865 14.347725 13.619371
endloop
endfacet
facet normal 0 0 0
outer loop
vertex -0.480865 14.326971 13.599372
vertex -0.480865 14.347725 13.599372
vertex -0.480865 14.347725 13.619371
endloop
endfacet
facet normal 0 0 0
outer loop
vertex -0.562768 14.368477 13.619371
vertex -0.562768 14.347725 13.599372
vertex -0.562768 14.347725 13.619371
endloop
endfacet
facet normal 0 0 0
outer loop
vertex -0.562768 14.347725 13.599372
vertex -0.562768 14.368477 13.619371
vertex -0.542293 14.368477 13.599372
endloop
endfacet
facet normal 0 0 0
outer loop
vertex -0.480865 14.347725 13.599372
vertex -0.501341 14.368477 13.619371
vertex -0.480865 14.347725 13.619371
endloop
endfacet
facet normal 0 0 0
outer loop
vertex -0.501341 14.368477 13.599372
vertex -0.501341 14.368477 13.619371
vertex -0.480865 14.347725 13.599372
endloop
endfacet
facet normal 0 0 0
outer loop
vertex -0.542293 14.368477 13.599372
vertex -0.562768 14.368477 13.619371
vertex -0.542293 14.389231 13.619371
endloop
endfacet
facet normal 0 0 0
outer loop
vertex -0.542293 14.389231 13.619371
vertex -0.521817 14.368477 13.619371
vertex -0.542293 14.368477 13.599372
endloop
endfacet
facet normal 0 0 0
outer loop
vertex -0.521817 14.368477 13.619371
vertex -0.521817 14.368477 13.599372
vertex -0.542293 14.368477 13.599372
endloop
endfacet
facet normal 0 0 0
outer loop
vertex -0.501341 14.389231 13.599372
vertex -0.521817 14.368477 13.599372
vertex -0.501341 14.368477 13.619371
endloop
endfacet
facet normal 0 0 0
outer loop
vertex -0.521817 14.368477 13.599372
vertex -0.521817 14.368477 13.619371
vertex -0.501341 14.368477 13.619371
endloop
endfacet
facet normal 0 0 0
outer loop
vertex -0.501341 14.389231 13.599372
vertex -0.501341 14.368477 13.619371
vertex -0.501341 14.368477 13.599372
endloop
endfacet
facet normal 0 0 0
outer loop
vertex -0.624196 14.243958 13.619371
vertex -0.624196 14.223205 13.639372
vertex -0.624196 14.243958 13.639372
endloop
endfacet
facet normal 0 0 0
outer loop
vertex -0.624196 14.223205 13.639372
vertex -0.624196 14.243958 13.619371
vertex -0.603720 14.243958 13.639372
endloop
endfacet
facet normal 0 0 0
outer loop
vertex -0.603720 14.223205 13.619371
vertex -0.603720 14.243958 13.639372
vertex -0.624196 14.243958 13.619371
endloop
endfacet
facet normal 0 0 0
outer loop
vertex -0.583244 14.223205 13.619371
vertex -0.603720 14.243958 13.639372
vertex -0.603720 14.223205 13.619371
endloop
endfacet
facet normal 0 0 0
outer loop
vertex -0.583244 14.243958 13.639372
vertex -0.603720 14.243958 13.639372
vertex -0.583244 14.223205 13.619371
endloop
endfacet
facet normal 0 0 0
outer loop
vertex -0.583244 14.223205 13.619371
vertex -0.562768 14.243958 13.619371
vertex -0.583244 14.243958 13.639372
endloop
endfacet
facet normal 0 0 0
outer loop
vertex -0.562768 14.243958 13.619371
vertex -0.562768 14.243958 13.639372
vertex -0.583244 14.243958 13.639372
endloop
endfacet
facet normal 0 0 0
outer loop
vertex -0.624196 14.243958 13.619371
vertex -0.624196 14.243958 13.639372
vertex -0.624196 14.264711 13.619371
endloop
endfacet
facet normal 0 0 0
outer loop
vertex -0.624196 14.243958 13.639372
vertex -0.624196 14.264711 13.639372
vertex -0.624196 14.264711 13.619371
endloop
endfacet
facet normal 0 0 0
outer loop
vertex -0.542293 14.264711 13.619371
vertex -0.562768 14.264711 13.639372
vertex -0.562768 14.243958 13.619371
endloop
endfacet
facet normal 0 0 0
outer loop
vertex -0.562768 14.264711 13.639372
vertex -0.562768 14.243958 13.639372
vertex -0.562768 14.243958 13.619371
endloop
endfacet
facet normal 0 0 0
outer loop
vertex -0.624196 14.264711 13.619371
vertex -0.624196 14.264711 13.639372
vertex -0.624196 14.285464 13.619371
endloop
endfacet
facet normal 0 0 0
outer loop
vertex -0.624196 14.264711 13.639372
vertex -0.624196 14.285464 13.639372
vertex -0.624196 14.285464 13.619371
endloop
endfacet
facet normal 0 0 0
outer loop
vertex -0.542293 14.264711 13.619371
vertex -0.542293 14.285464 13.639372
vertex -0.562768 14.264711 13.639372
endloop
endfacet
facet normal 0 0 0
outer loop
vertex -0.542293 14.285464 13.639372
vertex -0.542293 14.264711 13.619371
vertex -0.542293 14.285464 13.619371
endloop
endfacet
facet normal 0 0 0
outer loop
vertex -0.624196 14.306217 13.639372
vertex -0.624196 14.285464 13.619371
vertex -0.624196 14.285464 13.639372
endloop
endfacet
facet normal 0 0 0
outer loop
vertex -0.624196 14.285464 13.619371
vertex -0.624196 14.306217 13.639372
vertex -0.603720 14.306217 13.619371
endloop
endfacet
facet normal 0 0 0
outer loop
vertex -0.542293 14.285464 13.619371
vertex -0.521817 14.306217 13.639372
vertex -0.542293 14.285464 13.639372
endloop
endfacet
facet normal 0 0 0
outer loop
vertex -0.521817 14.306217 13.619371
vertex -0.521817 14.306217 13.639372
vertex -0.542293 14.285464 13.619371
endloop
endfacet
facet normal 0 0 0
outer loop
vertex -0.521817 14.306217 13.619371
vertex -0.501341 14.306217 13.639372
vertex -0.521817 14.306217 13.639372
endloop
endfacet
facet normal 0 0 0
outer loop
vertex -0.603720 14.306217 13.619371
vertex -0.624196 14.306217 13.639372
vertex -0.603720 14.326971 13.639372
endloop
endfacet
facet normal 0 0 0
outer loop
vertex -0.603720 14.306217 13.619371
vertex -0.603720 14.326971 13.639372
vertex -0.583244 14.326971 13.619371
endloop
endfacet
facet normal 0 0 0
outer loop
vertex -0.521817 14.306217 13.619371
vertex -0.501341 14.326971 13.619371
vertex -0.501341 14.306217 13.639372
endloop
endfacet
facet normal 0 0 0
outer loop
vertex -0.501341 14.306217 13.639372
vertex -0.501341 14.326971 13.619371
vertex -0.480865 14.326971 13.619371
endloop
endfacet
facet normal 0 0 0
outer loop
vertex -0.501341 14.306217 13.639372
vertex -0.480865 14.326971 13.619371
vertex -0.501341 14.326971 13.639372
endloop
endfacet
facet normal 0 0 0
outer loop
vertex -0.583244 14.326971 13.619371
vertex -0.603720 14.326971 13.639372
vertex -0.583244 14.347725 13.639372
endloop
endfacet
facet normal 0 0 0
outer loop
vertex -0.583244 14.326971 13.619371
vertex -0.583244 14.347725 13.639372
vertex -0.562768 14.347725 13.619371
endloop
endfacet
facet normal 0 0 0
outer loop
vertex -0.501341 14.347725 13.619371
vertex -0.521817 14.347725 13.639372
vertex -0.501341 14.326971 13.639372
endloop
endfacet
facet normal 0 0 0
outer loop
vertex -0.501341 14.326971 13.639372
vertex -0.480865 14.326971 13.619371
vertex -0.501341 14.347725 13.619371
endloop
endfacet
facet normal 0 0 0
outer loop
vertex -0.480865 14.326971 13.619371
vertex -0.480865 14.347725 13.619371
vertex -0.501341 14.347725 13.619371
endloop
endfacet
facet normal 0 0 0
outer loop
vertex -0.460389 14.326971 13.619371
vertex -0.480865 14.347725 13.619371
vertex -0.480865 14.326971 13.619371
endloop
endfacet
facet normal 0 0 0
outer loop
vertex -0.583244 14.347725 13.639372
vertex -0.562768 14.368477 13.639372
vertex -0.562768 14.347725 13.619371
endloop
endfacet
facet normal 0 0 0
outer loop
vertex -0.562768 14.368477 13.639372
vertex -0.562768 14.368477 13.619371
vertex -0.562768 14.347725 13.619371
endloop
endfacet
facet normal 0 0 0
outer loop
vertex -0.501341 14.347725 13.619371
vertex -0.501341 14.368477 13.639372
vertex -0.521817 14.347725 13.639372
endloop
endfacet
facet normal 0 0 0
outer loop
vertex -0.480865 14.347725 13.619371
vertex -0.501341 14.368477 13.619371
vertex -0.501341 14.368477 13.639372
endloop
endfacet
facet normal 0 0 0
outer loop
vertex -0.480865 14.347725 13.619371
vertex -0.501341 14.368477 13.639372
vertex -0.501341 14.347725 13.619371
endloop
endfacet
facet normal 0 0 0
outer loop
vertex -0.542293 14.389231 13.619371
vertex -0.562768 14.368477 13.619371
vertex -0.542293 14.368477 13.639372
endloop
endfacet
facet normal 0 0 0
outer loop
vertex -0.562768 14.368477 13.619371
vertex -0.562768 14.368477 13.639372
vertex -0.542293 14.368477 13.639372
endloop
endfacet
facet normal 0 0 0
outer loop
vertex -0.542293 14.389231 13.619371
vertex -0.542293 14.368477 13.639372
vertex -0.521817 14.368477 13.619371
endloop
endfacet
facet normal 0 0 0
outer loop
vertex -0.542293 14.368477 13.639372
vertex -0.521817 14.368477 13.639372
vertex -0.521817 14.368477 13.619371
endloop
endfacet
facet normal 0 0 0
outer loop
vertex -0.501341 14.368477 13.619371
vertex -0.521817 14.368477 13.619371
vertex -0.501341 14.368477 13.639372
endloop
endfacet
facet normal 0 0 0
outer loop
vertex -0.521817 14.368477 13.619371
vertex -0.521817 14.368477 13.639372
vertex -0.501341 14.368477 13.639372
endloop
endfacet
facet normal 0 0 0
outer loop
vertex -0.644672 14.243958 13.659371
vertex -0.624196 14.243958 13.639372
vertex -0.624196 14.223205 13.659371
endloop
endfacet
facet normal 0 0 0
outer loop
vertex -0.624196 14.243958 13.639372
vertex -0.624196 14.223205 13.639372
vertex -0.624196 14.223205 13.659371
endloop
endfacet
facet normal 0 0 0
outer loop
vertex -0.624196 14.223205 13.639372
vertex -0.603720 14.243958 13.659371
vertex -0.624196 14.223205 13.659371
endloop
endfacet
facet normal 0 0 0
outer loop
vertex -0.603720 14.243958 13.639372
vertex -0.603720 14.243958 13.659371
vertex -0.624196 14.223205 13.639372
endloop
endfacet
facet normal 0 0 0
outer loop
vertex -0.583244 14.243958 13.639372
vertex -0.603720 14.243958 13.659371
vertex -0.603720 14.243958 13.639372
endloop
endfacet
facet normal 0 0 0
outer loop
vertex -0.644672 14.243958 13.659371
vertex -0.665147 14.264711 13.659371
vertex -0.644672 14.264711 13.659371
endloop
endfacet
facet normal 0 0 0
outer loop
vertex -0.624196 14.243958 13.639372
vertex -0.644672 14.264711 13.659371
vertex -0.624196 14.264711 13.639372
endloop
endfacet
facet normal 0 0 0
outer loop
vertex -0.644672 14.243958 13.659371
vertex -0.644672 14.264711 13.659371
vertex -0.624196 14.243958 13.639372
endloop
endfacet
facet normal 0 0 0
outer loop
vertex -0.583244 14.243958 13.639372
vertex -0.583244 14.264711 13.659371
vertex -0.603720 14.243958 13.659371
endloop
endfacet
facet normal 0 0 0
outer loop
vertex -0.562768 14.243958 13.639372
vertex -0.583244 14.264711 13.659371
vertex -0.583244 14.243958 13.639372
endloop
endfacet
facet normal 0 0 0
outer loop
vertex -0.562768 14.264711 13.659371
vertex -0.583244 14.264711 13.659371
vertex -0.562768 14.243958 13.639372
endloop
endfacet
facet normal 0 0 0
outer loop
vertex -0.562768 14.264711 13.659371
vertex -0.562768 14.243958 13.639372
vertex -0.562768 14.264711 13.639372
endloop
endfacet
facet normal 0 0 0
outer loop
vertex -0.644672 14.264711 13.659371
vertex -0.665147 14.264711 13.659371
vertex -0.644672 14.285464 13.659371
endloop
endfacet
facet normal 0 0 0
outer loop
vertex -0.644672 14.285464 13.659371
vertex -0.665147 14.264711 13.659371
vertex -0.665147 14.285464 13.659371
endloop
endfacet
facet normal 0 0 0
outer loop
vertex -0.624196 14.264711 13.639372
vertex -0.644672 14.285464 13.659371
vertex -0.624196 14.285464 13.639372
endloop
endfacet
facet normal 0 0 0
outer loop
vertex -0.644672 14.264711 13.659371
vertex -0.644672 14.285464 13.659371
vertex -0.624196 14.264711 13.639372
endloop
endfacet
facet normal 0 0 0
outer loop
vertex -0.562768 14.264711 13.639372
vertex -0.542293 14.285464 13.659371
vertex -0.562768 14.264711 13.659371
endloop
endfacet
facet normal 0 0 0
outer loop
vertex -0.542293 14.285464 13.639372
vertex -0.542293 14.285464 13.659371
vertex -0.562768 14.264711 13.639372
endloop
endfacet
facet normal 0 0 0
outer loop
vertex -0.644672 14.285464 13.659371
vertex -0.624196 14.306217 13.659371
vertex -0.624196 14.285464 13.639372
endloop
endfacet
facet normal 0 0 0
outer loop
vertex -0.624196 14.306217 13.659371
vertex -0.624196 14.306217 13.639372
vertex -0.624196 14.285464 13.639372
endloop
endfacet
facet normal 0 0 0
outer loop
vertex -0.542293 14.285464 13.639372
vertex -0.521817 14.306217 13.659371
vertex -0.542293 14.285464 13.659371
endloop
endfacet
facet normal 0 0 0
outer loop
vertex -0.521817 14.306217 13.639372
vertex -0.521817 14.306217 13.659371
vertex -0.542293 14.285464 13.639372
endloop
endfacet
facet normal 0 0 0
outer loop
vertex -0.501341 14.306217 13.639372
vertex -0.501341 14.306217 13.659371
vertex -0.521817 14.306217 13.639372
endloop
endfacet
facet normal 0 0 0
outer loop
vertex -0.521817 14.306217 13.639372
vertex -0.501341 14.306217 13.659371
vertex -0.521817 14.306217 13.659371
endloop
endfacet
facet normal 0 0 0
outer loop
vertex -0.624196 14.306217 13.659371
vertex -0.603720 14.326971 13.639372
vertex -0.624196 14.306217 13.639372
endloop
endfacet
facet normal 0 0 0
outer loop
vertex -0.603720 14.326971 13.659371
vertex -0.603720 14.326971 13.639372
vertex -0.624196 14.306217 13.659371
endloop
endfacet
facet normal 0 0 0
outer loop
vertex -0.501341 14.326971 13.639372
vertex -0.521817 14.326971 13.659371
vertex -0.501341 14.306217 13.659371
endloop
endfacet
facet normal 0 0 0
outer loop
vertex -0.501341 14.326971 13.639372
vertex -0.501341 14.306217 13.659371
vertex -0.501341 14.306217 13.639372
endloop
endfacet
facet normal 0 0 0
outer loop
vertex -0.603720 14.347725 13.659371
vertex -0.603720 14.326971 13.639372
vertex -0.603720 14.326971 13.659371
endloop
endfacet
facet normal 0 0 0
outer loop
vertex -0.603720 14.326971 13.639372
vertex -0.603720 14.347725 13.659371
vertex -0.583244 14.347725 13.639372
endloop
endfacet
facet normal 0 0 0
outer loop
vertex -0.501341 14.326971 13.639372
vertex -0.521817 14.347725 13.639372
vertex -0.521817 14.326971 13.659371
endloop
endfacet
facet normal 0 0 0
outer loop
vertex -0.521817 14.347725 13.639372
vertex -0.521817 14.347725 13.659371
vertex -0.521817 14.326971 13.659371
endloop
endfacet
facet normal 0 0 0
outer loop
vertex -0.583244 14.347725 13.639372
vertex -0.603720 14.347725 13.659371
vertex -0.583244 14.368477 13.659371
endloop
endfacet
facet normal 0 0 0
outer loop
vertex -0.583244 14.347725 13.639372
vertex -0.583244 14.368477 13.659371
vertex -0.562768 14.368477 13.639372
endloop
endfacet
facet normal 0 0 0
outer loop
vertex -0.521817 14.368477 13.639372
vertex -0.542293 14.368477 13.659371
vertex -0.521817 14.347725 13.659371
endloop
endfacet
facet normal 0 0 0
outer loop
vertex -0.501341 14.368477 13.659371
vertex -0.521817 14.368477 13.639372
vertex -0.501341 14.368477 13.639372
endloop
endfacet
facet normal 0 0 0
outer loop
vertex -0.501341 14.368477 13.639372
vertex -0.521817 14.368477 13.639372
vertex -0.521817 14.347725 13.639372
endloop
endfacet
facet normal 0 0 0
outer loop
vertex -0.521817 14.347725 13.639372
vertex -0.521817 14.368477 13.639372
vertex -0.521817 14.347725 13.659371
endloop
endfacet
facet normal 0 0 0
outer loop
vertex -0.562768 14.368477 13.639372
vertex -0.583244 14.368477 13.659371
vertex -0.562768 14.368477 13.659371
endloop
endfacet
facet normal 0 0 0
outer loop
vertex -0.542293 14.368477 13.639372
vertex -0.562768 14.368477 13.639372
vertex -0.542293 14.368477 13.659371
endloop
endfacet
facet normal 0 0 0
outer loop
vertex -0.562768 14.368477 13.639372
vertex -0.562768 14.368477 13.659371
vertex -0.542293 14.368477 13.659371
endloop
endfacet
facet normal 0 0 0
outer loop
vertex -0.542293 14.368477 13.659371
vertex -0.521817 14.368477 13.639372
vertex -0.542293 14.368477 13.639372
endloop
endfacet
facet normal 0 0 0
outer loop
vertex -0.644672 14.223205 13.679372
vertex -0.624196 14.223205 13.659371
vertex -0.624196 14.223205 13.679372
endloop
endfacet
facet normal 0 0 0
outer loop
vertex -0.644672 14.243958 13.659371
vertex -0.644672 14.223205 13.679372
vertex -0.665147 14.243958 13.679372
endloop
endfacet
facet normal 0 0 0
outer loop
vertex -0.644672 14.223205 13.679372
vertex -0.665147 14.223205 13.679372
vertex -0.665147 14.243958 13.679372
endloop
endfacet
facet normal 0 0 0
outer loop
vertex -0.624196 14.223205 13.659371
vertex -0.644672 14.223205 13.679372
vertex -0.644672 14.243958 13.659371
endloop
endfacet
facet normal 0 0 0
outer loop
vertex -0.624196 14.223205 13.659371
vertex -0.603720 14.243958 13.679372
vertex -0.624196 14.223205 13.679372
endloop
endfacet
facet normal 0 0 0
outer loop
vertex -0.603720 14.243958 13.659371
vertex -0.603720 14.243958 13.679372
vertex -0.624196 14.223205 13.659371
endloop
endfacet
facet normal 0 0 0
outer loop
vertex -0.665147 14.264711 13.659371
vertex -0.665147 14.243958 13.679372
vertex -0.665147 14.264711 13.679372
endloop
endfacet
facet normal 0 0 0
outer loop
vertex -0.644672 14.243958 13.659371
vertex -0.665147 14.243958 13.679372
vertex -0.665147 14.264711 13.659371
endloop
endfacet
facet normal 0 0 0
outer loop
vertex -0.603720 14.243958 13.659371
vertex -0.583244 14.264711 13.679372
vertex -0.603720 14.243958 13.679372
endloop
endfacet
facet normal 0 0 0
outer loop
vertex -0.583244 14.264711 13.659371
vertex -0.583244 14.264711 13.679372
vertex -0.603720 14.243958 13.659371
endloop
endfacet
facet normal 0 0 0
outer loop
vertex -0.562768 14.264711 13.659371
vertex -0.583244 14.264711 13.679372
vertex -0.583244 14.264711 13.659371
endloop
endfacet
facet normal 0 0 0
outer loop
vertex -0.665147 14.264711 13.659371
vertex -0.665147 14.264711 13.679372
vertex -0.665147 14.285464 13.659371
endloop
endfacet
facet normal 0 0 0
outer loop
vertex -0.665147 14.264711 13.679372
vertex -0.665147 14.285464 13.679372
vertex -0.665147 14.285464 13.659371
endloop
endfacet
facet normal 0 0 0
outer loop
vertex -0.562768 14.264711 13.659371
vertex -0.562768 14.285464 13.679372
vertex -0.583244 14.264711 13.679372
endloop
endfacet
facet normal 0 0 0
outer loop
vertex -0.542293 14.285464 13.659371
vertex -0.562768 14.285464 13.679372
vertex -0.562768 14.264711 13.659371
endloop
endfacet
facet normal 0 0 0
outer loop
vertex -0.644672 14.306217 13.679372
vertex -0.644672 14.285464 13.659371
vertex -0.665147 14.285464 13.679372
endloop
endfacet
facet normal 0 0 0
outer loop
vertex -0.644672 14.285464 13.659371
vertex -0.665147 14.285464 13.659371
vertex -0.665147 14.285464 13.679372
endloop
endfacet
facet normal 0 0 0
outer loop
vertex -0.644672 14.285464 13.659371
vertex -0.644672 14.306217 13.679372
vertex -0.624196 14.306217 13.659371
endloop
endfacet
facet normal 0 0 0
outer loop
vertex -0.542293 14.285464 13.659371
vertex -0.542293 14.306217 13.679372
vertex -0.562768 14.285464 13.679372
endloop
endfacet
facet normal 0 0 0
outer loop
vertex -0.542293 14.285464 13.659371
vertex -0.521817 14.306217 13.659371
vertex -0.542293 14.306217 13.679372
endloop
endfacet
facet normal 0 0 0
outer loop
vertex -0.521817 14.306217 13.659371
vertex -0.521817 14.306217 13.679372
vertex -0.542293 14.306217 13.679372
endloop
endfacet
facet normal 0 0 0
outer loop
vertex -0.501341 14.306217 13.659371
vertex -0.521817 14.306217 13.679372
vertex -0.521817 14.306217 13.659371
endloop
endfacet
facet normal 0 0 0
outer loop
vertex -0.624196 14.306217 13.659371
vertex -0.644672 14.306217 13.679372
vertex -0.624196 14.326971 13.679372
endloop
endfacet
facet normal 0 0 0
outer loop
vertex -0.624196 14.306217 13.659371
vertex -0.624196 14.326971 13.679372
vertex -0.603720 14.326971 13.659371
endloop
endfacet
facet normal 0 0 0
outer loop
vertex -0.521817 14.326971 13.659371
vertex -0.542293 14.326971 13.679372
vertex -0.521817 14.306217 13.679372
endloop
endfacet
facet normal 0 0 0
outer loop
vertex -0.501341 14.306217 13.659371
vertex -0.521817 14.326971 13.659371
vertex -0.521817 14.306217 13.679372
endloop
endfacet
facet normal 0 0 0
outer loop
vertex -0.624196 14.326971 13.679372
vertex -0.603720 14.347725 13.679372
vertex -0.603720 14.326971 13.659371
endloop
endfacet
facet normal 0 0 0
outer loop
vertex -0.603720 14.347725 13.679372
vertex -0.603720 14.347725 13.659371
vertex -0.603720 14.326971 13.659371
endloop
endfacet
facet normal 0 0 0
outer loop
vertex -0.521817 14.347725 13.659371
vertex -0.542293 14.326971 13.679372
vertex -0.521817 14.326971 13.659371
endloop
endfacet
facet normal 0 0 0
outer loop
vertex -0.542293 14.347725 13.679372
vertex -0.542293 14.326971 13.679372
vertex -0.521817 14.347725 13.659371
endloop
endfacet
facet normal 0 0 0
outer loop
vertex -0.603720 14.368477 13.679372
vertex -0.603720 14.347725 13.659371
vertex -0.603720 14.347725 13.679372
endloop
endfacet
facet normal 0 0 0
outer loop
vertex -0.603720 14.347725 13.659371
vertex -0.603720 14.368477 13.679372
vertex -0.583244 14.368477 13.659371
endloop
endfacet
facet normal 0 0 0
outer loop
vertex -0.542293 14.368477 13.659371
vertex -0.562768 14.368477 13.679372
vertex -0.542293 14.347725 13.679372
endloop
endfacet
facet normal 0 0 0
outer loop
vertex -0.521817 14.347725 13.659371
vertex -0.542293 14.368477 13.659371
vertex -0.542293 14.347725 13.679372
endloop
endfacet
facet normal 0 0 0
outer loop
vertex -0.583244 14.368477 13.659371
vertex -0.603720 14.368477 13.679372
vertex -0.583244 14.368477 13.679372
endloop
endfacet
facet normal 0 0 0
outer loop
vertex -0.562768 14.389231 13.679372
vertex -0.562768 14.368477 13.659371
vertex -0.583244 14.368477 13.679372
endloop
endfacet
facet normal 0 0 0
outer loop
vertex -0.562768 14.368477 13.659371
vertex -0.583244 14.368477 13.659371
vertex -0.583244 14.368477 13.679372
endloop
endfacet
facet normal 0 0 0
outer loop
vertex -0.542293 14.368477 13.659371
vertex -0.562768 14.389231 13.679372
vertex -0.562768 14.368477 13.679372
endloop
endfacet
facet normal 0 0 0
outer loop
vertex -0.542293 14.368477 13.659371
vertex -0.562768 14.368477 13.659371
vertex -0.562768 14.389231 13.679372
endloop
endfacet
facet normal 0 0 0
outer loop
vertex -0.644672 14.223205 13.699371
vertex -0.665147 14.223205 13.679372
vertex -0.644672 14.223205 13.679372
endloop
endfacet
facet normal 0 0 0
outer loop
vertex -0.624196 14.223205 13.679372
vertex -0.624196 14.223205 13.699371
vertex -0.644672 14.223205 13.679372
endloop
endfacet
facet normal 0 0 0
outer loop
vertex -0.644672 14.223205 13.679372
vertex -0.624196 14.223205 13.699371
vertex -0.644672 14.223205 13.699371
endloop
endfacet
facet normal 0 0 0
outer loop
vertex -0.665147 14.223205 13.679372
vertex -0.665147 14.243958 13.699371
vertex -0.665147 14.243958 13.679372
endloop
endfacet
facet normal 0 0 0
outer loop
vertex -0.644672 14.223205 13.699371
vertex -0.665147 14.243958 13.699371
vertex -0.665147 14.223205 13.679372
endloop
endfacet
facet normal 0 0 0
outer loop
vertex -0.624196 14.223205 13.679372
vertex -0.603720 14.243958 13.699371
vertex -0.624196 14.223205 13.699371
endloop
endfacet
facet normal 0 0 0
outer loop
vertex -0.603720 14.243958 13.679372
vertex -0.603720 14.243958 13.699371
vertex -0.624196 14.223205 13.679372
endloop
endfacet
facet normal 0 0 0
outer loop
vertex -0.665147 14.243958 13.679372
vertex -0.665147 14.243958 13.699371
vertex -0.665147 14.264711 13.679372
endloop
endfacet
facet normal 0 0 0
outer loop
vertex -0.665147 14.243958 13.699371
vertex -0.665147 14.264711 13.699371
vertex -0.665147 14.264711 13.679372
endloop
endfacet
facet normal 0 0 0
outer loop
vertex -0.583244 14.264711 13.679372
vertex -0.603720 14.264711 13.699371
vertex -0.603720 14.243958 13.679372
endloop
endfacet
facet normal 0 0 0
outer loop
vertex -0.603720 14.264711 13.699371
vertex -0.603720 14.243958 13.699371
vertex -0.603720 14.243958 13.679372
endloop
endfacet
facet normal 0 0 0
outer loop
vertex -0.665147 14.264711 13.679372
vertex -0.665147 14.264711 13.699371
vertex -0.665147 14.285464 13.679372
endloop
endfacet
facet normal 0 0 0
outer loop
vertex -0.665147 14.264711 13.699371
vertex -0.665147 14.285464 13.699371
vertex -0.665147 14.285464 13.679372
endloop
endfacet
facet normal 0 0 0
outer loop
vertex -0.583244 14.264711 13.679372
vertex -0.583244 14.285464 13.699371
vertex -0.603720 14.264711 13.699371
endloop
endfacet
facet normal 0 0 0
outer loop
vertex -0.583244 14.264711 13.679372
vertex -0.562768 14.285464 13.679372
vertex -0.583244 14.285464 13.699371
endloop
endfacet
facet normal 0 0 0
outer loop
vertex -0.562768 14.285464 13.679372
vertex -0.562768 14.285464 13.699371
vertex -0.583244 14.285464 13.699371
endloop
endfacet
facet normal 0 0 0
outer loop
vertex -0.665147 14.285464 13.699371
vertex -0.644672 14.306217 13.679372
vertex -0.665147 14.285464 13.679372
endloop
endfacet
facet normal 0 0 0
outer loop
vertex -0.644672 14.306217 13.699371
vertex -0.644672 14.306217 13.679372
vertex -0.665147 14.285464 13.699371
endloop
endfacet
facet normal 0 0 0
outer loop
vertex -0.562768 14.285464 13.679372
vertex -0.542293 14.306217 13.699371
vertex -0.562768 14.285464 13.699371
endloop
endfacet
facet normal 0 0 0
outer loop
vertex -0.542293 14.306217 13.679372
vertex -0.542293 14.306217 13.699371
vertex -0.562768 14.285464 13.679372
endloop
endfacet
facet normal 0 0 0
outer loop
vertex -0.521817 14.306217 13.679372
vertex -0.542293 14.306217 13.699371
vertex -0.542293 14.306217 13.679372
endloop
endfacet
facet normal 0 0 0
outer loop
vertex -0.644672 14.306217 13.699371
vertex -0.624196 14.326971 13.679372
vertex -0.644672 14.306217 13.679372
endloop
endfacet
facet normal 0 0 0
outer loop
vertex -0.624196 14.326971 13.699371
vertex -0.624196 14.326971 13.679372
vertex -0.644672 14.306217 13.699371
endloop
endfacet
facet normal 0 0 0
outer loop
vertex -0.521817 14.306217 13.679372
vertex -0.542293 14.326971 13.679372
vertex -0.542293 14.306217 13.699371
endloop
endfacet
facet normal 0 0 0
outer loop
vertex -0.542293 14.326971 13.679372
vertex -0.542293 14.326971 13.699371
vertex -0.542293 14.306217 13.699371
endloop
endfacet
facet normal 0 0 0
outer loop
vertex -0.624196 14.326971 13.699371
vertex -0.603720 14.347725 13.679372
vertex -0.624196 14.326971 13.679372
endloop
endfacet
facet normal 0 0 0
outer loop
vertex -0.603720 14.347725 13.699371
vertex -0.603720 14.347725 13.679372
vertex -0.624196 14.326971 13.699371
endloop
endfacet
facet normal 0 0 0
outer loop
vertex -0.542293 14.347725 13.679372
vertex -0.562768 14.347725 13.699371
vertex -0.542293 14.326971 13.699371
endloop
endfacet
facet normal 0 0 0
outer loop
vertex -0.542293 14.347725 13.679372
vertex -0.542293 14.326971 13.699371
vertex -0.542293 14.326971 13.679372
endloop
endfacet
facet normal 0 0 0
outer loop
vertex -0.603720 14.347725 13.679372
vertex -0.603720 14.347725 13.699371
vertex -0.603720 14.368477 13.679372
endloop
endfacet
facet normal 0 0 0
outer loop
vertex -0.603720 14.347725 13.699371
vertex -0.603720 14.368477 13.699371
vertex -0.603720 14.368477 13.679372
endloop
endfacet
facet normal 0 0 0
outer loop
vertex -0.583244 14.368477 13.679372
vertex -0.603720 14.368477 13.699371
vertex -0.583244 14.347725 13.699371
endloop
endfacet
facet normal 0 0 0
outer loop
vertex -0.583244 14.347725 13.699371
vertex -0.562768 14.368477 13.699371
vertex -0.583244 14.368477 13.679372
endloop
endfacet
facet normal 0 0 0
outer loop
vertex -0.542293 14.347725 13.679372
vertex -0.562768 14.368477 13.679372
vertex -0.562768 14.347725 13.699371
endloop
endfacet
facet normal 0 0 0
outer loop
vertex -0.562768 14.368477 13.679372
vertex -0.562768 14.368477 13.699371
vertex -0.562768 14.347725 13.699371
endloop
endfacet
facet normal 0 0 0
outer loop
vertex -0.603720 14.368477 13.699371
vertex -0.583244 14.368477 13.679372
vertex -0.603720 14.368477 13.679372
endloop
endfacet
facet normal 0 0 0
outer loop
vertex -0.583244 14.368477 13.679372
vertex -0.562768 14.368477 13.699371
vertex -0.562768 14.389231 13.679372
endloop
endfacet
facet normal 0 0 0
outer loop
vertex -0.562768 14.389231 13.679372
vertex -0.562768 14.368477 13.699371
vertex -0.562768 14.368477 13.679372
endloop
endfacet
facet normal 0 0 0
outer loop
vertex -0.665147 14.223205 13.719372
vertex -0.644672 14.223205 13.699371
vertex -0.644672 14.223205 13.719372
endloop
endfacet
facet normal 0 0 0
outer loop
vertex -0.624196 14.223205 13.699371
vertex -0.644672 14.223205 13.719372
vertex -0.644672 14.223205 13.699371
endloop
endfacet
facet normal 0 0 0
outer loop
vertex -0.665147 14.223205 13.719372
vertex -0.685623 14.243958 13.719372
vertex -0.665147 14.243958 13.699371
endloop
endfacet
facet normal 0 0 0
outer loop
vertex -0.644672 14.223205 13.699371
vertex -0.665147 14.223205 13.719372
vertex -0.665147 14.243958 13.699371
endloop
endfacet
facet normal 0 0 0
outer loop
vertex -0.624196 14.223205 13.699371
vertex -0.624196 14.243958 13.719372
vertex -0.644672 14.223205 13.719372
endloop
endfacet
facet normal 0 0 0
outer loop
vertex -0.603720 14.243958 13.699371
vertex -0.624196 14.243958 13.719372
vertex -0.624196 14.223205 13.699371
endloop
endfacet
facet normal 0 0 0
outer loop
vertex -0.665147 14.243958 13.699371
vertex -0.685623 14.264711 13.719372
vertex -0.665147 14.264711 13.699371
endloop
endfacet
facet normal 0 0 0
outer loop
vertex -0.685623 14.243958 13.719372
vertex -0.685623 14.264711 13.719372
vertex -0.665147 14.243958 13.699371
endloop
endfacet
facet normal 0 0 0
outer loop
vertex -0.603720 14.243958 13.699371
vertex -0.603720 14.264711 13.719372
vertex -0.624196 14.243958 13.719372
endloop
endfacet
facet normal 0 0 0
outer loop
vertex -0.603720 14.264711 13.719372
vertex -0.603720 14.243958 13.699371
vertex -0.603720 14.264711 13.699371
endloop
endfacet
facet normal 0 0 0
outer loop
vertex -0.665147 14.264711 13.699371
vertex -0.685623 14.285464 13.719372
vertex -0.665147 14.285464 13.699371
endloop
endfacet
facet normal 0 0 0
outer loop
vertex -0.685623 14.264711 13.719372
vertex -0.685623 14.285464 13.719372
vertex -0.665147 14.264711 13.699371
endloop
endfacet
facet normal 0 0 0
outer loop
vertex -0.603720 14.264711 13.699371
vertex -0.583244 14.285464 13.719372
vertex -0.603720 14.264711 13.719372
endloop
endfacet
facet normal 0 0 0
outer loop
vertex -0.583244 14.285464 13.699371
vertex -0.583244 14.285464 13.719372
vertex -0.603720 14.264711 13.699371
endloop
endfacet
facet normal 0 0 0
outer loop
vertex -0.562768 14.285464 13.699371
vertex -0.583244 14.285464 13.719372
vertex -0.583244 14.285464 13.699371
endloop
endfacet
facet normal 0 0 0
outer loop
vertex -0.665147 14.285464 13.699371
vertex -0.685623 14.285464 13.719372
vertex -0.665147 14.306217 13.719372
endloop
endfacet
facet normal 0 0 0
outer loop
vertex -0.665147 14.285464 13.699371
vertex -0.665147 14.306217 13.719372
vertex -0.644672 14.306217 13.699371
endloop
endfacet
facet normal 0 0 0
outer loop
vertex -0.562768 14.285464 13.699371
vertex -0.562768 14.306217 13.719372
vertex -0.583244 14.285464 13.719372
endloop
endfacet
facet normal 0 0 0
outer loop
vertex -0.542293 14.306217 13.699371
vertex -0.562768 14.306217 13.719372
vertex -0.562768 14.285464 13.699371
endloop
endfacet
facet normal 0 0 0
outer loop
vertex -0.644672 14.306217 13.699371
vertex -0.665147 14.306217 13.719372
vertex -0.644672 14.326971 13.719372
endloop
endfacet
facet normal 0 0 0
outer loop
vertex -0.644672 14.306217 13.699371
vertex -0.644672 14.326971 13.719372
vertex -0.624196 14.326971 13.699371
endloop
endfacet
facet normal 0 0 0
outer loop
vertex -0.542293 14.306217 13.699371
vertex -0.542293 14.326971 13.719372
vertex -0.562768 14.306217 13.719372
endloop
endfacet
facet normal 0 0 0
outer loop
vertex -0.542293 14.326971 13.719372
vertex -0.542293 14.306217 13.699371
vertex -0.542293 14.326971 13.699371
endloop
endfacet
facet normal 0 0 0
outer loop
vertex -0.624196 14.326971 13.699371
vertex -0.644672 14.326971 13.719372
vertex -0.624196 14.347725 13.719372
endloop
endfacet
facet normal 0 0 0
outer loop
vertex -0.624196 14.326971 13.699371
vertex -0.624196 14.347725 13.719372
vertex -0.603720 14.347725 13.699371
endloop
endfacet
facet normal 0 0 0
outer loop
vertex -0.542293 14.326971 13.699371
vertex -0.562768 14.347725 13.699371
vertex -0.542293 14.347725 13.719372
endloop
endfacet
facet normal 0 0 0
outer loop
vertex -0.542293 14.326971 13.699371
vertex -0.542293 14.347725 13.719372
vertex -0.542293 14.326971 13.719372
endloop
endfacet
facet normal 0 0 0
outer loop
vertex -0.624196 14.347725 13.719372
vertex -0.603720 14.368477 13.699371
vertex -0.603720 14.347725 13.699371
endloop
endfacet
facet normal 0 0 0
outer loop
vertex -0.624196 14.347725 13.719372
vertex -0.603720 14.347725 13.719372
vertex -0.603720 14.368477 13.699371
endloop
endfacet
facet normal 0 0 0
outer loop
vertex -0.603720 14.368477 13.699371
vertex -0.603720 14.347725 13.719372
vertex -0.583244 14.347725 13.699371
endloop
endfacet
facet normal 0 0 0
outer loop
vertex -0.583244 14.368477 13.719372
vertex -0.583244 14.347725 13.699371
vertex -0.603720 14.347725 13.719372
endloop
endfacet
facet normal 0 0 0
outer loop
vertex -0.583244 14.347725 13.699371
vertex -0.583244 14.368477 13.719372
vertex -0.562768 14.368477 13.699371
endloop
endfacet
facet normal 0 0 0
outer loop
vertex -0.542293 14.347725 13.719372
vertex -0.562768 14.347725 13.699371
vertex -0.562768 14.368477 13.719372
endloop
endfacet
facet normal 0 0 0
outer loop
vertex -0.562768 14.347725 13.699371
vertex -0.562768 14.368477 13.699371
vertex -0.562768 14.368477 13.719372
endloop
endfacet
facet normal 0 0 0
outer loop
vertex -0.562768 14.368477 13.699371
vertex -0.583244 14.368477 13.719372
vertex -0.562768 14.368477 13.719372
endloop
endfacet
facet normal 0 0 0
outer loop
vertex -0.685623 14.223205 13.739372
vertex -0.665147 14.223205 13.719372
vertex -0.665147 14.223205 13.739372
endloop
endfacet
facet normal 0 0 0
outer loop
vertex -0.644672 14.223205 13.719372
vertex -0.644672 14.223205 13.739372
vertex -0.665147 14.223205 13.719372
endloop
endfacet
facet normal 0 0 0
outer loop
vertex -0.665147 14.223205 13.719372
vertex -0.644672 14.223205 13.739372
vertex -0.665147 14.223205 13.739372
endloop
endfacet
facet normal 0 0 0
outer loop
vertex -0.685623 14.243958 13.719372
vertex -0.685623 14.223205 13.739372
vertex -0.685623 14.243958 13.739372
endloop
endfacet
facet normal 0 0 0
outer loop
vertex -0.665147 14.223205 13.719372
vertex -0.685623 14.223205 13.739372
vertex -0.685623 14.243958 13.719372
endloop
endfacet
facet normal 0 0 0
outer loop
vertex -0.644672 14.223205 13.719372
vertex -0.624196 14.243958 13.739372
vertex -0.644672 14.223205 13.739372
endloop
endfacet
facet normal 0 0 0
outer loop
vertex -0.624196 14.243958 13.719372
vertex -0.624196 14.243958 13.739372
vertex -0.644672 14.223205 13.719372
endloop
endfacet
facet normal 0 0 0
outer loop
vertex -0.706099 14.264711 13.739372
vertex -0.685623 14.264711 13.719372
vertex -0.685623 14.243958 13.739372
endloop
endfacet
facet normal 0 0 0
outer loop
vertex -0.685623 14.264711 13.719372
vertex -0.685623 14.243958 13.719372
vertex -0.685623 14.243958 13.739372
endloop
endfacet
facet normal 0 0 0
outer loop
vertex -0.624196 14.243958 13.719372
vertex -0.603720 14.264711 13.739372
vertex -0.624196 14.243958 13.739372
endloop
endfacet
facet normal 0 0 0
outer loop
vertex -0.603720 14.264711 13.719372
vertex -0.603720 14.264711 13.739372
vertex -0.624196 14.243958 13.719372
endloop
endfacet
facet normal 0 0 0
outer loop
vertex -0.706099 14.264711 13.739372
vertex -0.685623 14.285464 13.739372
vertex -0.685623 14.264711 13.719372
endloop
endfacet
facet normal 0 0 0
outer loop
vertex -0.685623 14.285464 13.739372
vertex -0.685623 14.285464 13.719372
vertex -0.685623 14.264711 13.719372
endloop
endfacet
facet normal 0 0 0
outer loop
vertex -0.603720 14.264711 13.719372
vertex -0.583244 14.285464 13.739372
vertex -0.603720 14.264711 13.739372
endloop
endfacet
facet normal 0 0 0
outer loop
vertex -0.583244 14.285464 13.719372
vertex -0.583244 14.285464 13.739372
vertex -0.603720 14.264711 13.719372
endloop
endfacet
facet normal 0 0 0
outer loop
vertex -0.685623 14.285464 13.739372
vertex -0.665147 14.306217 13.719372
vertex -0.685623 14.285464 13.719372
endloop
endfacet
facet normal 0 0 0
outer loop
vertex -0.665147 14.306217 13.739372
vertex -0.665147 14.306217 13.719372
vertex -0.685623 14.285464 13.739372
endloop
endfacet
facet normal 0 0 0
outer loop
vertex -0.583244 14.285464 13.719372
vertex -0.562768 14.306217 13.739372
vertex -0.583244 14.285464 13.739372
endloop
endfacet
facet normal 0 0 0
outer loop
vertex -0.562768 14.306217 13.719372
vertex -0.562768 14.306217 13.739372
vertex -0.583244 14.285464 13.719372
endloop
endfacet
facet normal 0 0 0
outer loop
vertex -0.562768 14.306217 13.719372
vertex -0.542293 14.306217 13.739372
vertex -0.562768 14.306217 13.739372
endloop
endfacet
facet normal 0 0 0
outer loop
vertex -0.665147 14.306217 13.739372
vertex -0.644672 14.326971 13.719372
vertex -0.665147 14.306217 13.719372
endloop
endfacet
facet normal 0 0 0
outer loop
vertex -0.644672 14.326971 13.739372
vertex -0.644672 14.326971 13.719372
vertex -0.665147 14.306217 13.739372
endloop
endfacet
facet normal 0 0 0
outer loop
vertex -0.542293 14.326971 13.719372
vertex -0.562768 14.326971 13.739372
vertex -0.562768 14.306217 13.719372
endloop
endfacet
facet normal 0 0 0
outer loop
vertex -0.542293 14.306217 13.739372
vertex -0.562768 14.306217 13.719372
vertex -0.562768 14.326971 13.739372
endloop
endfacet
facet normal 0 0 0
outer loop
vertex -0.644672 14.326971 13.739372
vertex -0.624196 14.347725 13.719372
vertex -0.644672 14.326971 13.719372
endloop
endfacet
facet normal 0 0 0
outer loop
vertex -0.624196 14.347725 13.739372
vertex -0.624196 14.347725 13.719372
vertex -0.644672 14.326971 13.739372
endloop
endfacet
facet normal 0 0 0
outer loop
vertex -0.542293 14.347725 13.719372
vertex -0.562768 14.326971 13.739372
vertex -0.542293 14.326971 13.719372
endloop
endfacet
facet normal 0 0 0
outer loop
vertex -0.562768 14.347725 13.739372
vertex -0.562768 14.326971 13.739372
vertex -0.542293 14.347725 13.719372
endloop
endfacet
facet normal 0 0 0
outer loop
vertex -0.603720 14.368477 13.739372
vertex -0.603720 14.347725 13.719372
vertex -0.624196 14.347725 13.739372
endloop
endfacet
facet normal 0 0 0
outer loop
vertex -0.603720 14.347725 13.719372
vertex -0.624196 14.347725 13.719372
vertex -0.624196 14.347725 13.739372
endloop
endfacet
facet normal 0 0 0
outer loop
vertex -0.603720 14.347725 13.719372
vertex -0.603720 14.368477 13.739372
vertex -0.583244 14.368477 13.719372
endloop
endfacet
facet normal 0 0 0
outer loop
vertex -0.542293 14.368477 13.739372
vertex -0.562768 14.347725 13.739372
vertex -0.562768 14.368477 13.719372
endloop
endfacet
facet normal 0 0 0
outer loop
vertex -0.542293 14.347725 13.719372
vertex -0.562768 14.368477 13.719372
vertex -0.562768 14.347725 13.739372
endloop
endfacet
facet normal 0 0 0
outer loop
vertex -0.583244 14.368477 13.719372
vertex -0.603720 14.368477 13.739372
vertex -0.583244 14.368477 13.739372
endloop
endfacet
facet normal 0 0 0
outer loop
vertex -0.562768 14.368477 13.719372
vertex -0.583244 14.368477 13.719372
vertex -0.562768 14.368477 13.739372
endloop
endfacet
facet normal 0 0 0
outer loop
vertex -0.583244 14.368477 13.719372
vertex -0.583244 14.368477 13.739372
vertex -0.562768 14.368477 13.739372
endloop
endfacet
facet normal 0 0 0
outer loop
vertex -0.542293 14.368477 13.739372
vertex -0.562768 14.368477 13.719372
vertex -0.562768 14.368477 13.739372
endloop
endfacet
facet normal 0 0 0
outer loop
vertex -0.685623 14.223205 13.739372
vertex -0.685623 14.202451 13.759372
vertex -0.685623 14.223205 13.759372
endloop
endfacet
facet normal 0 0 0
outer loop
vertex -0.665147 14.223205 13.739372
vertex -0.685623 14.202451 13.759372
vertex -0.685623 14.223205 13.739372
endloop
endfacet
facet normal 0 0 0
outer loop
vertex -0.665147 14.202451 13.759372
vertex -0.685623 14.202451 13.759372
vertex -0.665147 14.223205 13.739372
endloop
endfacet
facet normal 0 0 0
outer loop
vertex -0.644672 14.223205 13.739372
vertex -0.665147 14.202451 13.759372
vertex -0.665147 14.223205 13.739372
endloop
endfacet
facet normal 0 0 0
outer loop
vertex -0.644672 14.202451 13.759372
vertex -0.665147 14.202451 13.759372
vertex -0.644672 14.223205 13.739372
endloop
endfacet
facet normal 0 0 0
outer loop
vertex -0.644672 14.223205 13.739372
vertex -0.624196 14.223205 13.759372
vertex -0.644672 14.202451 13.759372
endloop
endfacet
facet normal 0 0 0
outer loop
vertex -0.706099 14.243958 13.759372
vertex -0.685623 14.243958 13.739372
vertex -0.685623 14.223205 13.759372
endloop
endfacet
facet normal 0 0 0
outer loop
vertex -0.685623 14.243958 13.739372
vertex -0.685623 14.223205 13.739372
vertex -0.685623 14.223205 13.759372
endloop
endfacet
facet normal 0 0 0
outer loop
vertex -0.644672 14.223205 13.739372
vertex -0.624196 14.243958 13.739372
vertex -0.624196 14.223205 13.759372
endloop
endfacet
facet normal 0 0 0
outer loop
vertex -0.624196 14.243958 13.739372
vertex -0.603720 14.243958 13.759372
vertex -0.624196 14.223205 13.759372
endloop
endfacet
facet normal 0 0 0
outer loop
vertex -0.706099 14.243958 13.759372
vertex -0.685623 14.264711 13.759372
vertex -0.685623 14.243958 13.739372
endloop
endfacet
facet normal 0 0 0
outer loop
vertex -0.706099 14.264711 13.739372
vertex -0.685623 14.243958 13.739372
vertex -0.685623 14.264711 13.759372
endloop
endfacet
facet normal 0 0 0
outer loop
vertex -0.624196 14.243958 13.739372
vertex -0.603720 14.264711 13.739372
vertex -0.603720 14.243958 13.759372
endloop
endfacet
facet normal 0 0 0
outer loop
vertex -0.603720 14.243958 13.759372
vertex -0.603720 14.264711 13.739372
vertex -0.603720 14.264711 13.759372
endloop
endfacet
facet normal 0 0 0
outer loop
vertex -0.706099 14.264711 13.739372
vertex -0.685623 14.264711 13.759372
vertex -0.685623 14.285464 13.739372
endloop
endfacet
facet normal 0 0 0
outer loop
vertex -0.685623 14.264711 13.759372
vertex -0.665147 14.285464 13.759372
vertex -0.685623 14.285464 13.739372
endloop
endfacet
facet normal 0 0 0
outer loop
vertex -0.603720 14.264711 13.739372
vertex -0.583244 14.285464 13.759372
vertex -0.603720 14.264711 13.759372
endloop
endfacet
facet normal 0 0 0
outer loop
vertex -0.583244 14.285464 13.739372
vertex -0.583244 14.285464 13.759372
vertex -0.603720 14.264711 13.739372
endloop
endfacet
facet normal 0 0 0
outer loop
vertex -0.685623 14.285464 13.739372
vertex -0.665147 14.285464 13.759372
vertex -0.665147 14.306217 13.739372
endloop
endfacet
facet normal 0 0 0
outer loop
vertex -0.665147 14.285464 13.759372
vertex -0.644672 14.306217 13.759372
vertex -0.665147 14.306217 13.739372
endloop
endfacet
facet normal 0 0 0
outer loop
vertex -0.562768 14.306217 13.739372
vertex -0.583244 14.306217 13.759372
vertex -0.583244 14.285464 13.739372
endloop
endfacet
facet normal 0 0 0
outer loop
vertex -0.583244 14.306217 13.759372
vertex -0.583244 14.285464 13.759372
vertex -0.583244 14.285464 13.739372
endloop
endfacet
facet normal 0 0 0
outer loop
vertex -0.665147 14.306217 13.739372
vertex -0.644672 14.306217 13.759372
vertex -0.644672 14.326971 13.739372
endloop
endfacet
facet normal 0 0 0
outer loop
vertex -0.644672 14.306217 13.759372
vertex -0.644672 14.326971 13.759372
vertex -0.644672 14.326971 13.739372
endloop
endfacet
facet normal 0 0 0
outer loop
vertex -0.562768 14.306217 13.739372
vertex -0.562768 14.326971 13.759372
vertex -0.583244 14.306217 13.759372
endloop
endfacet
facet normal 0 0 0
outer loop
vertex -0.542293 14.306217 13.739372
vertex -0.562768 14.326971 13.739372
vertex -0.562768 14.326971 13.759372
endloop
endfacet
facet normal 0 0 0
outer loop
vertex -0.542293 14.306217 13.739372
vertex -0.562768 14.326971 13.759372
vertex -0.562768 14.306217 13.739372
endloop
endfacet
facet normal 0 0 0
outer loop
vertex -0.624196 14.347725 13.739372
vertex -0.644672 14.326971 13.739372
vertex -0.624196 14.326971 13.759372
endloop
endfacet
facet normal 0 0 0
outer loop
vertex -0.644672 14.326971 13.739372
vertex -0.644672 14.326971 13.759372
vertex -0.624196 14.326971 13.759372
endloop
endfacet
facet normal 0 0 0
outer loop
vertex -0.624196 14.326971 13.759372
vertex -0.603720 14.347725 13.759372
vertex -0.624196 14.347725 13.739372
endloop
endfacet
facet normal 0 0 0
outer loop
vertex -0.562768 14.347725 13.739372
vertex -0.583244 14.347725 13.759372
vertex -0.562768 14.326971 13.759372
endloop
endfacet
facet normal 0 0 0
outer loop
vertex -0.562768 14.347725 13.739372
vertex -0.562768 14.326971 13.759372
vertex -0.562768 14.326971 13.739372
endloop
endfacet
facet normal 0 0 0
outer loop
vertex -0.624196 14.347725 13.739372
vertex -0.603720 14.347725 13.759372
vertex -0.603720 14.368477 13.739372
endloop
endfacet
facet normal 0 0 0
outer loop
vertex -0.603720 14.347725 13.759372
vertex -0.583244 14.368477 13.759372
vertex -0.603720 14.368477 13.739372
endloop
endfacet
facet normal 0 0 0
outer loop
vertex -0.562768 14.368477 13.739372
vertex -0.583244 14.347725 13.759372
vertex -0.562768 14.347725 13.739372
endloop
endfacet
facet normal 0 0 0
outer loop
vertex -0.583244 14.368477 13.759372
vertex -0.583244 14.347725 13.759372
vertex -0.562768 14.368477 13.739372
endloop
endfacet
facet normal 0 0 0
outer loop
vertex -0.562768 14.347725 13.739372
vertex -0.542293 14.368477 13.739372
vertex -0.562768 14.368477 13.739372
endloop
endfacet
facet normal 0 0 0
outer loop
vertex -0.603720 14.368477 13.739372
vertex -0.583244 14.368477 13.759372
vertex -0.583244 14.368477 13.739372
endloop
endfacet
facet normal 0 0 0
outer loop
vertex -0.583244 14.368477 13.759372
vertex -0.562768 14.368477 13.739372
vertex -0.583244 14.368477 13.739372
endloop
endfacet
facet normal 0 0 0
outer loop
vertex -0.685623 14.202451 13.759372
vertex -0.685623 14.223205 13.779372
vertex -0.706099 14.223205 13.779372
endloop
endfacet
facet normal 0 0 0
outer loop
vertex -0.685623 14.202451 13.759372
vertex -0.706099 14.223205 13.779372
vertex -0.685623 14.223205 13.759372
endloop
endfacet
facet normal 0 0 0
outer loop
vertex -0.665147 14.202451 13.759372
vertex -0.685623 14.223205 13.779372
vertex -0.685623 14.202451 13.759372
endloop
endfacet
facet normal 0 0 0
outer loop
vertex -0.665147 14.223205 13.779372
vertex -0.685623 14.223205 13.779372
vertex -0.665147 14.202451 13.759372
endloop
endfacet
facet normal 0 0 0
outer loop
vertex -0.665147 14.223205 13.779372
vertex -0.665147 14.202451 13.759372
vertex -0.644672 14.223205 13.759372
endloop
endfacet
facet normal 0 0 0
outer loop
vertex -0.665147 14.202451 13.759372
vertex -0.644672 14.202451 13.759372
vertex -0.644672 14.223205 13.759372
endloop
endfacet
facet normal 0 0 0
outer loop
vertex -0.644672 14.202451 13.759372
vertex -0.624196 14.223205 13.759372
vertex -0.644672 14.223205 13.759372
endloop
endfacet
facet normal 0 0 0
outer loop
vertex -0.706099 14.243958 13.759372
vertex -0.706099 14.223205 13.779372
vertex -0.706099 14.243958 13.779372
endloop
endfacet
facet normal 0 0 0
outer loop
vertex -0.685623 14.223205 13.759372
vertex -0.706099 14.223205 13.779372
vertex -0.706099 14.243958 13.759372
endloop
endfacet
facet normal 0 0 0
outer loop
vertex -0.644672 14.223205 13.759372
vertex -0.644672 14.243958 13.779372
vertex -0.665147 14.223205 13.779372
endloop
endfacet
facet normal 0 0 0
outer loop
vertex -0.644672 14.243958 13.779372
vertex -0.644672 14.223205 13.759372
vertex -0.624196 14.243958 13.759372
endloop
endfacet
facet normal 0 0 0
outer loop
vertex -0.644672 14.223205 13.759372
vertex -0.624196 14.223205 13.759372
vertex -0.624196 14.243958 13.759372
endloop
endfacet
facet normal 0 0 0
outer loop
vertex -0.624196 14.223205 13.759372
vertex -0.603720 14.243958 13.759372
vertex -0.624196 14.243958 13.759372
endloop
endfacet
facet normal 0 0 0
outer loop
vertex -0.706099 14.264711 13.779372
vertex -0.706099 14.243958 13.759372
vertex -0.706099 14.243958 13.779372
endloop
endfacet
facet normal 0 0 0
outer loop
vertex -0.706099 14.243958 13.759372
vertex -0.706099 14.264711 13.779372
vertex -0.685623 14.264711 13.759372
endloop
endfacet
facet normal 0 0 0
outer loop
vertex -0.624196 14.264711 13.759372
vertex -0.644672 14.243958 13.779372
vertex -0.624196 14.243958 13.759372
endloop
endfacet
facet normal 0 0 0
outer loop
vertex -0.644672 14.264711 13.779372
vertex -0.644672 14.243958 13.779372
vertex -0.624196 14.264711 13.759372
endloop
endfacet
facet normal 0 0 0
outer loop
vertex -0.603720 14.243958 13.759372
vertex -0.603720 14.264711 13.759372
vertex -0.624196 14.243958 13.759372
endloop
endfacet
facet normal 0 0 0
outer loop
vertex -0.603720 14.264711 13.759372
vertex -0.624196 14.264711 13.759372
vertex -0.624196 14.243958 13.759372
endloop
endfacet
facet normal 0 0 0
outer loop
vertex -0.685623 14.264711 13.759372
vertex -0.706099 14.264711 13.779372
vertex -0.685623 14.285464 13.779372
endloop
endfacet
facet normal 0 0 0
outer loop
vertex -0.706099 14.264711 13.779372
vertex -0.706099 14.285464 13.779372
vertex -0.685623 14.285464 13.779372
endloop
endfacet
facet normal 0 0 0
outer loop
vertex -0.685623 14.264711 13.759372
vertex -0.685623 14.285464 13.779372
vertex -0.665147 14.285464 13.759372
endloop
endfacet
facet normal 0 0 0
outer loop
vertex -0.624196 14.264711 13.759372
vertex -0.624196 14.285464 13.779372
vertex -0.644672 14.264711 13.779372
endloop
endfacet
facet normal 0 0 0
outer loop
vertex -0.603720 14.264711 13.759372
vertex -0.624196 14.285464 13.779372
vertex -0.624196 14.264711 13.759372
endloop
endfacet
facet normal 0 0 0
outer loop
vertex -0.603720 14.285464 13.779372
vertex -0.624196 14.285464 13.779372
vertex -0.603720 14.264711 13.759372
endloop
endfacet
facet normal 0 0 0
outer loop
vertex -0.583244 14.285464 13.759372
vertex -0.603720 14.285464 13.779372
vertex -0.603720 14.264711 13.759372
endloop
endfacet
facet normal 0 0 0
outer loop
vertex -0.685623 14.306217 13.779372
vertex -0.685623 14.285464 13.779372
vertex -0.706099 14.285464 13.779372
endloop
endfacet
facet normal 0 0 0
outer loop
vertex -0.665147 14.285464 13.759372
vertex -0.685623 14.285464 13.779372
vertex -0.665147 14.306217 13.779372
endloop
endfacet
facet normal 0 0 0
outer loop
vertex -0.685623 14.285464 13.779372
vertex -0.685623 14.306217 13.779372
vertex -0.665147 14.306217 13.779372
endloop
endfacet
facet normal 0 0 0
outer loop
vertex -0.665147 14.285464 13.759372
vertex -0.665147 14.306217 13.779372
vertex -0.644672 14.306217 13.759372
endloop
endfacet
facet normal 0 0 0
outer loop
vertex -0.583244 14.306217 13.759372
vertex -0.603720 14.285464 13.779372
vertex -0.583244 14.285464 13.759372
endloop
endfacet
facet normal 0 0 0
outer loop
vertex -0.603720 14.306217 13.779372
vertex -0.603720 14.285464 13.779372
vertex -0.583244 14.306217 13.759372
endloop
endfacet
facet normal 0 0 0
outer loop
vertex -0.685623 14.306217 13.779372
vertex -0.665147 14.326971 13.779372
vertex -0.665147 14.306217 13.779372
endloop
endfacet
facet normal 0 0 0
outer loop
vertex -0.644672 14.306217 13.759372
vertex -0.665147 14.326971 13.779372
vertex -0.644672 14.326971 13.759372
endloop
endfacet
facet normal 0 0 0
outer loop
vertex -0.665147 14.306217 13.779372
vertex -0.665147 14.326971 13.779372
vertex -0.644672 14.306217 13.759372
endloop
endfacet
facet normal 0 0 0
outer loop
vertex -0.583244 14.306217 13.759372
vertex -0.583244 14.326971 13.779372
vertex -0.603720 14.306217 13.779372
endloop
endfacet
facet normal 0 0 0
outer loop
vertex -0.562768 14.326971 13.759372
vertex -0.583244 14.326971 13.779372
vertex -0.583244 14.306217 13.759372
endloop
endfacet
facet normal 0 0 0
outer loop
vertex -0.644672 14.326971 13.759372
vertex -0.665147 14.326971 13.779372
vertex -0.644672 14.347725 13.779372
endloop
endfacet
facet normal 0 0 0
outer loop
vertex -0.665147 14.326971 13.779372
vertex -0.665147 14.347725 13.779372
vertex -0.644672 14.347725 13.779372
endloop
endfacet
facet normal 0 0 0
outer loop
vertex -0.644672 14.326971 13.759372
vertex -0.624196 14.347725 13.779372
vertex -0.624196 14.326971 13.759372
endloop
endfacet
facet normal 0 0 0
outer loop
vertex -0.644672 14.347725 13.779372
vertex -0.624196 14.347725 13.779372
vertex -0.644672 14.326971 13.759372
endloop
endfacet
facet normal 0 0 0
outer loop
vertex -0.624196 14.326971 13.759372
vertex -0.624196 14.347725 13.779372
vertex -0.603720 14.347725 13.759372
endloop
endfacet
facet normal 0 0 0
outer loop
vertex -0.583244 14.347725 13.759372
vertex -0.603720 14.347725 13.779372
vertex -0.583244 14.326971 13.779372
endloop
endfacet
facet normal 0 0 0
outer loop
vertex -0.562768 14.326971 13.759372
vertex -0.583244 14.347725 13.759372
vertex -0.583244 14.326971 13.779372
endloop
endfacet
facet normal 0 0 0
outer loop
vertex -0.644672 14.347725 13.779372
vertex -0.624196 14.368477 13.779372
vertex -0.624196 14.347725 13.779372
endloop
endfacet
facet normal 0 0 0
outer loop
vertex -0.624196 14.347725 13.779372
vertex -0.624196 14.368477 13.779372
vertex -0.624196 14.368477 13.759372
endloop
endfacet
facet normal 0 0 0
outer loop
vertex -0.624196 14.368477 13.759372
vertex -0.603720 14.368477 13.779372
vertex -0.624196 14.347725 13.779372
endloop
endfacet
facet normal 0 0 0
outer loop
vertex -0.603720 14.347725 13.759372
vertex -0.624196 14.347725 13.779372
vertex -0.603720 14.368477 13.779372
endloop
endfacet
facet normal 0 0 0
outer loop
vertex -0.583244 14.368477 13.759372
vertex -0.603720 14.347725 13.759372
vertex -0.583244 14.347725 13.759372
endloop
endfacet
facet normal 0 0 0
outer loop
vertex -0.583244 14.347725 13.759372
vertex -0.603720 14.347725 13.759372
vertex -0.603720 14.347725 13.779372
endloop
endfacet
facet normal 0 0 0
outer loop
vertex -0.603720 14.347725 13.779372
vertex -0.603720 14.347725 13.759372
vertex -0.603720 14.368477 13.779372
endloop
endfacet
facet normal 0 0 0
outer loop
vertex -0.644672 14.368477 13.759372
vertex -0.624196 14.368477 13.779372
vertex -0.624196 14.368477 13.759372
endloop
endfacet
facet normal 0 0 0
outer loop
vertex -0.603720 14.368477 13.779372
vertex -0.624196 14.368477 13.759372
vertex -0.624196 14.368477 13.779372
endloop
endfacet
facet normal 0 0 0
outer loop
vertex -0.685623 14.202451 13.799372
vertex -0.706099 14.223205 13.799372
vertex -0.685623 14.223205 13.779372
endloop
endfacet
facet normal 0 0 0
outer loop
vertex -0.706099 14.223205 13.799372
vertex -0.706099 14.223205 13.779372
vertex -0.685623 14.223205 13.779372
endloop
endfacet
facet normal 0 0 0
outer loop
vertex -0.685623 14.202451 13.799372
vertex -0.685623 14.223205 13.779372
vertex -0.665147 14.223205 13.799372
endloop
endfacet
facet normal 0 0 0
outer loop
vertex -0.685623 14.223205 13.779372
vertex -0.665147 14.223205 13.779372
vertex -0.665147 14.223205 13.799372
endloop
endfacet
facet normal 0 0 0
outer loop
vertex -0.665147 14.223205 13.779372
vertex -0.644672 14.223205 13.799372
vertex -0.665147 14.223205 13.799372
endloop
endfacet
facet normal 0 0 0
outer loop
vertex -0.706099 14.223205 13.779372
vertex -0.706099 14.223205 13.799372
vertex -0.706099 14.243958 13.779372
endloop
endfacet
facet normal 0 0 0
outer loop
vertex -0.706099 14.223205 13.799372
vertex -0.706099 14.243958 13.799372
vertex -0.706099 14.243958 13.779372
endloop
endfacet
facet normal 0 0 0
outer loop
vertex -0.665147 14.223205 13.779372
vertex -0.644672 14.243958 13.779372
vertex -0.644672 14.223205 13.799372
endloop
endfacet
facet normal 0 0 0
outer loop
vertex -0.644672 14.223205 13.799372
vertex -0.644672 14.243958 13.779372
vertex -0.644672 14.243958 13.799372
endloop
endfacet
facet normal 0 0 0
outer loop
vertex -0.706099 14.243958 13.779372
vertex -0.706099 14.243958 13.799372
vertex -0.706099 14.264711 13.779372
endloop
endfacet
facet normal 0 0 0
outer loop
vertex -0.706099 14.243958 13.799372
vertex -0.706099 14.264711 13.799372
vertex -0.706099 14.264711 13.779372
endloop
endfacet
facet normal 0 0 0
outer loop
vertex -0.624196 14.264711 13.799372
vertex -0.644672 14.243958 13.799372
vertex -0.644672 14.264711 13.779372
endloop
endfacet
facet normal 0 0 0
outer loop
vertex -0.644672 14.243958 13.799372
vertex -0.644672 14.243958 13.779372
vertex -0.644672 14.264711 13.779372
endloop
endfacet
facet normal 0 0 0
outer loop
vertex -0.706099 14.264711 13.779372
vertex -0.706099 14.264711 13.799372
vertex -0.706099 14.285464 13.779372
endloop
endfacet
facet normal 0 0 0
outer loop
vertex -0.706099 14.264711 13.799372
vertex -0.706099 14.285464 13.799372
vertex -0.706099 14.285464 13.779372
endloop
endfacet
facet normal 0 0 0
outer loop
vertex -0.644672 14.264711 13.779372
vertex -0.624196 14.285464 13.779372
vertex -0.624196 14.264711 13.799372
endloop
endfacet
facet normal 0 0 0
outer loop
vertex -0.603720 14.285464 13.779372
vertex -0.624196 14.264711 13.799372
vertex -0.624196 14.285464 13.779372
endloop
endfacet
facet normal 0 0 0
outer loop
vertex -0.603720 14.264711 13.799372
vertex -0.624196 14.264711 13.799372
vertex -0.603720 14.285464 13.779372
endloop
endfacet
facet normal 0 0 0
outer loop
vertex -0.603720 14.264711 13.799372
vertex -0.603720 14.285464 13.779372
vertex -0.603720 14.285464 13.799372
endloop
endfacet
facet normal 0 0 0
outer loop
vertex -0.706099 14.285464 13.799372
vertex -0.685623 14.306217 13.779372
vertex -0.706099 14.285464 13.779372
endloop
endfacet
facet normal 0 0 0
outer loop
vertex -0.685623 14.306217 13.799372
vertex -0.685623 14.306217 13.779372
vertex -0.706099 14.285464 13.799372
endloop
endfacet
facet normal 0 0 0
outer loop
vertex -0.603720 14.285464 13.779372
vertex -0.603720 14.306217 13.779372
vertex -0.603720 14.285464 13.799372
endloop
endfacet
facet normal 0 0 0
outer loop
vertex -0.603720 14.285464 13.799372
vertex -0.603720 14.306217 13.779372
vertex -0.603720 14.306217 13.799372
endloop
endfacet
facet normal 0 0 0
outer loop
vertex -0.685623 14.306217 13.799372
vertex -0.665147 14.326971 13.779372
vertex -0.685623 14.306217 13.779372
endloop
endfacet
facet normal 0 0 0
outer loop
vertex -0.665147 14.326971 13.799372
vertex -0.665147 14.326971 13.779372
vertex -0.685623 14.306217 13.799372
endloop
endfacet
facet normal 0 0 0
outer loop
vertex -0.603720 14.306217 13.779372
vertex -0.583244 14.326971 13.799372
vertex -0.603720 14.306217 13.799372
endloop
endfacet
facet normal 0 0 0
outer loop
vertex -0.583244 14.326971 13.779372
vertex -0.583244 14.326971 13.799372
vertex -0.603720 14.306217 13.779372
endloop
endfacet
facet normal 0 0 0
outer loop
vertex -0.665147 14.326971 13.779372
vertex -0.665147 14.326971 13.799372
vertex -0.665147 14.347725 13.779372
endloop
endfacet
facet normal 0 0 0
outer loop
vertex -0.665147 14.326971 13.799372
vertex -0.665147 14.347725 13.799372
vertex -0.665147 14.347725 13.779372
endloop
endfacet
facet normal 0 0 0
outer loop
vertex -0.583244 14.326971 13.779372
vertex -0.603720 14.347725 13.779372
vertex -0.583244 14.347725 13.799372
endloop
endfacet
facet normal 0 0 0
outer loop
vertex -0.562768 14.347725 13.799372
vertex -0.583244 14.326971 13.799372
vertex -0.583244 14.326971 13.779372
endloop
endfacet
facet normal 0 0 0
outer loop
vertex -0.562768 14.347725 13.799372
vertex -0.583244 14.326971 13.779372
vertex -0.583244 14.347725 13.799372
endloop
endfacet
facet normal 0 0 0
outer loop
vertex -0.644672 14.368477 13.799372
vertex -0.644672 14.347725 13.779372
vertex -0.665147 14.347725 13.799372
endloop
endfacet
facet normal 0 0 0
outer loop
vertex -0.644672 14.347725 13.779372
vertex -0.665147 14.347725 13.779372
vertex -0.665147 14.347725 13.799372
endloop
endfacet
facet normal 0 0 0
outer loop
vertex -0.644672 14.368477 13.799372
vertex -0.624196 14.347725 13.799372
vertex -0.644672 14.347725 13.779372
endloop
endfacet
facet normal 0 0 0
outer loop
vertex -0.624196 14.368477 13.779372
vertex -0.644672 14.347725 13.779372
vertex -0.624196 14.347725 13.799372
endloop
endfacet
facet normal 0 0 0
outer loop
vertex -0.624196 14.347725 13.799372
vertex -0.603720 14.368477 13.799372
vertex -0.624196 14.368477 13.779372
endloop
endfacet
facet normal 0 0 0
outer loop
vertex -0.583244 14.347725 13.799372
vertex -0.603720 14.347725 13.779372
vertex -0.603720 14.368477 13.799372
endloop
endfacet
facet normal 0 0 0
outer loop
vertex -0.603720 14.347725 13.779372
vertex -0.603720 14.368477 13.779372
vertex -0.603720 14.368477 13.799372
endloop
endfacet
facet normal 0 0 0
outer loop
vertex -0.644672 14.368477 13.799372
vertex -0.665147 14.389231 13.799372
vertex -0.644672 14.389231 13.799372
endloop
endfacet
facet normal 0 0 0
outer loop
vertex -0.624196 14.368477 13.779372
vertex -0.603720 14.368477 13.799372
vertex -0.603720 14.368477 13.779372
endloop
endfacet
facet normal 0 0 0
outer loop
vertex -0.685623 14.181698 13.819372
vertex -0.706099 14.160945 13.819372
vertex -0.706099 14.181698 13.819372
endloop
endfacet
facet normal 0 0 0
outer loop
vertex -0.685623 14.202451 13.799372
vertex -0.685623 14.181698 13.819372
vertex -0.706099 14.202451 13.819372
endloop
endfacet
facet normal 0 0 0
outer loop
vertex -0.685623 14.181698 13.819372
vertex -0.706099 14.181698 13.819372
vertex -0.706099 14.202451 13.819372
endloop
endfacet
facet normal 0 0 0
outer loop
vertex -0.685623 14.181698 13.819372
vertex -0.685623 14.202451 13.799372
vertex -0.685623 14.202451 13.819372
endloop
endfacet
facet normal 0 0 0
outer loop
vertex -0.706099 14.223205 13.799372
vertex -0.706099 14.202451 13.819372
vertex -0.706099 14.223205 13.819372
endloop
endfacet
facet normal 0 0 0
outer loop
vertex -0.685623 14.202451 13.799372
vertex -0.706099 14.202451 13.819372
vertex -0.706099 14.223205 13.799372
endloop
endfacet
facet normal 0 0 0
outer loop
vertex -0.685623 14.202451 13.799372
vertex -0.665147 14.223205 13.819372
vertex -0.685623 14.202451 13.819372
endloop
endfacet
facet normal 0 0 0
outer loop
vertex -0.665147 14.223205 13.799372
vertex -0.665147 14.223205 13.819372
vertex -0.685623 14.202451 13.799372
endloop
endfacet
facet normal 0 0 0
outer loop
vertex -0.644672 14.223205 13.799372
vertex -0.665147 14.223205 13.819372
vertex -0.665147 14.223205 13.799372
endloop
endfacet
facet normal 0 0 0
outer loop
vertex -0.706099 14.223205 13.799372
vertex -0.706099 14.223205 13.819372
vertex -0.706099 14.243958 13.799372
endloop
endfacet
facet normal 0 0 0
outer loop
vertex -0.706099 14.223205 13.819372
vertex -0.706099 14.243958 13.819372
vertex -0.706099 14.243958 13.799372
endloop
endfacet
facet normal 0 0 0
outer loop
vertex -0.644672 14.243958 13.799372
vertex -0.665147 14.223205 13.819372
vertex -0.644672 14.223205 13.799372
endloop
endfacet
facet normal 0 0 0
outer loop
vertex -0.665147 14.243958 13.819372
vertex -0.665147 14.223205 13.819372
vertex -0.644672 14.243958 13.799372
endloop
endfacet
facet normal 0 0 0
outer loop
vertex -0.706099 14.243958 13.799372
vertex -0.706099 14.243958 13.819372
vertex -0.706099 14.264711 13.799372
endloop
endfacet
facet normal 0 0 0
outer loop
vertex -0.706099 14.243958 13.819372
vertex -0.706099 14.264711 13.819372
vertex -0.706099 14.264711 13.799372
endloop
endfacet
facet normal 0 0 0
outer loop
vertex -0.644672 14.243958 13.799372
vertex -0.644672 14.264711 13.819372
vertex -0.665147 14.243958 13.819372
endloop
endfacet
facet normal 0 0 0
outer loop
vertex -0.624196 14.264711 13.799372
vertex -0.644672 14.264711 13.819372
vertex -0.644672 14.243958 13.799372
endloop
endfacet
facet normal 0 0 0
outer loop
vertex -0.706099 14.264711 13.799372
vertex -0.706099 14.264711 13.819372
vertex -0.706099 14.285464 13.799372
endloop
endfacet
facet normal 0 0 0
outer loop
vertex -0.706099 14.264711 13.819372
vertex -0.706099 14.285464 13.819372
vertex -0.706099 14.285464 13.799372
endloop
endfacet
facet normal 0 0 0
outer loop
vertex -0.624196 14.264711 13.799372
vertex -0.624196 14.285464 13.819372
vertex -0.644672 14.264711 13.819372
endloop
endfacet
facet normal 0 0 0
outer loop
vertex -0.624196 14.285464 13.819372
vertex -0.624196 14.264711 13.799372
vertex -0.603720 14.285464 13.799372
endloop
endfacet
facet normal 0 0 0
outer loop
vertex -0.624196 14.264711 13.799372
vertex -0.603720 14.264711 13.799372
vertex -0.603720 14.285464 13.799372
endloop
endfacet
facet normal 0 0 0
outer loop
vertex -0.706099 14.306217 13.819372
vertex -0.706099 14.285464 13.799372
vertex -0.706099 14.285464 13.819372
endloop
endfacet
facet normal 0 0 0
outer loop
vertex -0.706099 14.285464 13.799372
vertex -0.706099 14.306217 13.819372
vertex -0.685623 14.306217 13.799372
endloop
endfacet
facet normal 0 0 0
outer loop
vertex -0.603720 14.285464 13.799372
vertex -0.603720 14.306217 13.819372
vertex -0.624196 14.285464 13.819372
endloop
endfacet
facet normal 0 0 0
outer loop
vertex -0.603720 14.306217 13.819372
vertex -0.603720 14.285464 13.799372
vertex -0.603720 14.306217 13.799372
endloop
endfacet
facet normal 0 0 0
outer loop
vertex -0.685623 14.306217 13.799372
vertex -0.706099 14.306217 13.819372
vertex -0.685623 14.326971 13.819372
endloop
endfacet
facet normal 0 0 0
outer loop
vertex -0.706099 14.306217 13.819372
vertex -0.706099 14.326971 13.819372
vertex -0.685623 14.326971 13.819372
endloop
endfacet
facet normal 0 0 0
outer loop
vertex -0.685623 14.306217 13.799372
vertex -0.685623 14.326971 13.819372
vertex -0.665147 14.326971 13.799372
endloop
endfacet
facet normal 0 0 0
outer loop
vertex -0.603720 14.306217 13.799372
vertex -0.583244 14.326971 13.819372
vertex -0.603720 14.306217 13.819372
endloop
endfacet
facet normal 0 0 0
outer loop
vertex -0.583244 14.326971 13.799372
vertex -0.583244 14.326971 13.819372
vertex -0.603720 14.306217 13.799372
endloop
endfacet
facet normal 0 0 0
outer loop
vertex -0.685623 14.326971 13.819372
vertex -0.665147 14.347725 13.819372
vertex -0.665147 14.326971 13.799372
endloop
endfacet
facet normal 0 0 0
outer loop
vertex -0.665147 14.347725 13.819372
vertex -0.665147 14.347725 13.799372
vertex -0.665147 14.326971 13.799372
endloop
endfacet
facet normal 0 0 0
outer loop
vertex -0.583244 14.347725 13.799372
vertex -0.603720 14.347725 13.819372
vertex -0.583244 14.326971 13.819372
endloop
endfacet
facet normal 0 0 0
outer loop
vertex -0.562768 14.347725 13.799372
vertex -0.583244 14.347725 13.799372
vertex -0.583244 14.326971 13.819372
endloop
endfacet
facet normal 0 0 0
outer loop
vertex -0.562768 14.347725 13.799372
vertex -0.583244 14.326971 13.819372
vertex -0.583244 14.326971 13.799372
endloop
endfacet
facet normal 0 0 0
outer loop
vertex -0.665147 14.347725 13.819372
vertex -0.644672 14.368477 13.799372
vertex -0.665147 14.347725 13.799372
endloop
endfacet
facet normal 0 0 0
outer loop
vertex -0.644672 14.368477 13.819372
vertex -0.644672 14.368477 13.799372
vertex -0.665147 14.347725 13.819372
endloop
endfacet
facet normal 0 0 0
outer loop
vertex -0.624196 14.347725 13.799372
vertex -0.644672 14.368477 13.819372
vertex -0.624196 14.347725 13.819372
endloop
endfacet
facet normal 0 0 0
outer loop
vertex -0.644672 14.368477 13.799372
vertex -0.644672 14.368477 13.819372
vertex -0.624196 14.347725 13.799372
endloop
endfacet
facet normal 0 0 0
outer loop
vertex -0.624196 14.347725 13.819372
vertex -0.603720 14.368477 13.799372
vertex -0.624196 14.347725 13.799372
endloop
endfacet
facet normal 0 0 0
outer loop
vertex -0.603720 14.368477 13.819372
vertex -0.603720 14.368477 13.799372
vertex -0.624196 14.347725 13.819372
endloop
endfacet
facet normal 0 0 0
outer loop
vertex -0.583244 14.347725 13.799372
vertex -0.603720 14.368477 13.799372
vertex -0.603720 14.347725 13.819372
endloop
endfacet
facet normal 0 0 0
outer loop
vertex -0.603720 14.368477 13.799372
vertex -0.603720 14.368477 13.819372
vertex -0.603720 14.347725 13.819372
endloop
endfacet
facet normal 0 0 0
outer loop
vertex -0.644672 14.368477 13.819372
vertex -0.665147 14.389231 13.799372
vertex -0.644672 14.368477 13.799372
endloop
endfacet
facet normal 0 0 0
outer loop
vertex -0.644672 14.368477 13.819372
vertex -0.644672 14.389231 13.799372
vertex -0.665147 14.389231 13.799372
endloop
endfacet
facet normal 0 0 0
outer loop
vertex -0.644672 14.368477 13.819372
vertex -0.644672 14.368477 13.799372
vertex -0.644672 14.389231 13.799372
endloop
endfacet
facet normal 0 0 0
outer loop
vertex -0.706099 14.140191 13.839372
vertex -0.706099 14.160945 13.819372
vertex -0.706099 14.160945 13.839372
endloop
endfacet
facet normal 0 0 0
outer loop
vertex -0.685623 14.181698 13.839372
vertex -0.706099 14.181698 13.819372
vertex -0.685623 14.181698 13.819372
endloop
endfacet
facet normal 0 0 0
outer loop
vertex -0.706099 14.160945 13.819372
vertex -0.706099 14.181698 13.819372
vertex -0.706099 14.160945 13.839372
endloop
endfacet
facet normal 0 0 0
outer loop
vertex -0.685623 14.181698 13.819372
vertex -0.665147 14.181698 13.839372
vertex -0.685623 14.181698 13.839372
endloop
endfacet
facet normal 0 0 0
outer loop
vertex -0.706099 14.181698 13.819372
vertex -0.706099 14.202451 13.839372
vertex -0.706099 14.202451 13.819372
endloop
endfacet
facet normal 0 0 0
outer loop
vertex -0.685623 14.181698 13.839372
vertex -0.706099 14.202451 13.839372
vertex -0.706099 14.181698 13.819372
endloop
endfacet
facet normal 0 0 0
outer loop
vertex -0.665147 14.181698 13.839372
vertex -0.685623 14.202451 13.819372
vertex -0.665147 14.202451 13.839372
endloop
endfacet
facet normal 0 0 0
outer loop
vertex -0.685623 14.181698 13.819372
vertex -0.685623 14.202451 13.819372
vertex -0.665147 14.181698 13.839372
endloop
endfacet
facet normal 0 0 0
outer loop
vertex -0.706099 14.202451 13.819372
vertex -0.706099 14.202451 13.839372
vertex -0.706099 14.223205 13.819372
endloop
endfacet
facet normal 0 0 0
outer loop
vertex -0.706099 14.202451 13.839372
vertex -0.706099 14.223205 13.839372
vertex -0.706099 14.223205 13.819372
endloop
endfacet
facet normal 0 0 0
outer loop
vertex -0.685623 14.202451 13.819372
vertex -0.665147 14.223205 13.819372
vertex -0.665147 14.202451 13.839372
endloop
endfacet
facet normal 0 0 0
outer loop
vertex -0.665147 14.202451 13.839372
vertex -0.665147 14.223205 13.819372
vertex -0.665147 14.223205 13.839372
endloop
endfacet
facet normal 0 0 0
outer loop
vertex -0.706099 14.223205 13.819372
vertex -0.706099 14.223205 13.839372
vertex -0.706099 14.243958 13.819372
endloop
endfacet
facet normal 0 0 0
outer loop
vertex -0.706099 14.223205 13.839372
vertex -0.706099 14.243958 13.839372
vertex -0.706099 14.243958 13.819372
endloop
endfacet
facet normal 0 0 0
outer loop
vertex -0.644672 14.243958 13.839372
vertex -0.665147 14.223205 13.839372
vertex -0.665147 14.243958 13.819372
endloop
endfacet
facet normal 0 0 0
outer loop
vertex -0.665147 14.223205 13.839372
vertex -0.665147 14.223205 13.819372
vertex -0.665147 14.243958 13.819372
endloop
endfacet
facet normal 0 0 0
outer loop
vertex -0.706099 14.243958 13.819372
vertex -0.706099 14.243958 13.839372
vertex -0.706099 14.264711 13.819372
endloop
endfacet
facet normal 0 0 0
outer loop
vertex -0.706099 14.243958 13.839372
vertex -0.706099 14.264711 13.839372
vertex -0.706099 14.264711 13.819372
endloop
endfacet
facet normal 0 0 0
outer loop
vertex -0.665147 14.243958 13.819372
vertex -0.644672 14.264711 13.819372
vertex -0.644672 14.243958 13.839372
endloop
endfacet
facet normal 0 0 0
outer loop
vertex -0.644672 14.264711 13.819372
vertex -0.624196 14.264711 13.839372
vertex -0.644672 14.243958 13.839372
endloop
endfacet
facet normal 0 0 0
outer loop
vertex -0.706099 14.264711 13.819372
vertex -0.706099 14.264711 13.839372
vertex -0.706099 14.285464 13.819372
endloop
endfacet
facet normal 0 0 0
outer loop
vertex -0.706099 14.264711 13.839372
vertex -0.706099 14.285464 13.839372
vertex -0.706099 14.285464 13.819372
endloop
endfacet
facet normal 0 0 0
outer loop
vertex -0.644672 14.264711 13.819372
vertex -0.624196 14.285464 13.819372
vertex -0.624196 14.264711 13.839372
endloop
endfacet
facet normal 0 0 0
outer loop
vertex -0.624196 14.285464 13.819372
vertex -0.603720 14.285464 13.839372
vertex -0.624196 14.264711 13.839372
endloop
endfacet
facet normal 0 0 0
outer loop
vertex -0.706099 14.285464 13.819372
vertex -0.706099 14.285464 13.839372
vertex -0.706099 14.306217 13.819372
endloop
endfacet
facet normal 0 0 0
outer loop
vertex -0.706099 14.285464 13.839372
vertex -0.706099 14.306217 13.839372
vertex -0.706099 14.306217 13.819372
endloop
endfacet
facet normal 0 0 0
outer loop
vertex -0.624196 14.285464 13.819372
vertex -0.603720 14.306217 13.819372
vertex -0.603720 14.285464 13.839372
endloop
endfacet
facet normal 0 0 0
outer loop
vertex -0.603720 14.306217 13.819372
vertex -0.583244 14.306217 13.839372
vertex -0.603720 14.285464 13.839372
endloop
endfacet
facet normal 0 0 0
outer loop
vertex -0.706099 14.306217 13.839372
vertex -0.706099 14.326971 13.819372
vertex -0.706099 14.306217 13.819372
endloop
endfacet
facet normal 0 0 0
outer loop
vertex -0.706099 14.326971 13.819372
vertex -0.685623 14.306217 13.839372
vertex -0.685623 14.326971 13.819372
endloop
endfacet
facet normal 0 0 0
outer loop
vertex -0.706099 14.306217 13.839372
vertex -0.685623 14.306217 13.839372
vertex -0.706099 14.326971 13.819372
endloop
endfacet
facet normal 0 0 0
outer loop
vertex -0.685623 14.306217 13.839372
vertex -0.665147 14.326971 13.839372
vertex -0.685623 14.326971 13.819372
endloop
endfacet
facet normal 0 0 0
outer loop
vertex -0.603720 14.326971 13.819372
vertex -0.624196 14.326971 13.839372
vertex -0.603720 14.306217 13.839372
endloop
endfacet
facet normal 0 0 0
outer loop
vertex -0.583244 14.306217 13.839372
vertex -0.603720 14.306217 13.819372
vertex -0.603720 14.306217 13.839372
endloop
endfacet
facet normal 0 0 0
outer loop
vertex -0.603720 14.306217 13.839372
vertex -0.603720 14.306217 13.819372
vertex -0.603720 14.326971 13.819372
endloop
endfacet
facet normal 0 0 0
outer loop
vertex -0.603720 14.326971 13.819372
vertex -0.603720 14.306217 13.819372
vertex -0.583244 14.326971 13.819372
endloop
endfacet
facet normal 0 0 0
outer loop
vertex -0.685623 14.326971 13.819372
vertex -0.665147 14.326971 13.839372
vertex -0.665147 14.347725 13.819372
endloop
endfacet
facet normal 0 0 0
outer loop
vertex -0.665147 14.326971 13.839372
vertex -0.665147 14.347725 13.839372
vertex -0.665147 14.347725 13.819372
endloop
endfacet
facet normal 0 0 0
outer loop
vertex -0.644672 14.347725 13.819372
vertex -0.665147 14.347725 13.839372
vertex -0.644672 14.326971 13.839372
endloop
endfacet
facet normal 0 0 0
outer loop
vertex -0.644672 14.347725 13.819372
vertex -0.624196 14.326971 13.839372
vertex -0.624196 14.347725 13.819372
endloop
endfacet
facet normal 0 0 0
outer loop
vertex -0.644672 14.326971 13.839372
vertex -0.624196 14.326971 13.839372
vertex -0.644672 14.347725 13.819372
endloop
endfacet
facet normal 0 0 0
outer loop
vertex -0.603720 14.347725 13.839372
vertex -0.624196 14.347725 13.819372
vertex -0.603720 14.326971 13.819372
endloop
endfacet
facet normal 0 0 0
outer loop
vertex -0.624196 14.326971 13.839372
vertex -0.603720 14.326971 13.819372
vertex -0.624196 14.347725 13.819372
endloop
endfacet
facet normal 0 0 0
outer loop
vertex -0.583244 14.326971 13.819372
vertex -0.603720 14.347725 13.819372
vertex -0.603720 14.347725 13.839372
endloop
endfacet
facet normal 0 0 0
outer loop
vertex -0.583244 14.326971 13.819372
vertex -0.603720 14.347725 13.839372
vertex -0.603720 14.326971 13.819372
endloop
endfacet
facet normal 0 0 0
outer loop
vertex -0.665147 14.347725 13.839372
vertex -0.644672 14.347725 13.819372
vertex -0.665147 14.347725 13.819372
endloop
endfacet
facet normal 0 0 0
outer loop
vertex -0.665147 14.347725 13.819372
vertex -0.644672 14.347725 13.819372
vertex -0.644672 14.368477 13.819372
endloop
endfacet
facet normal 0 0 0
outer loop
vertex -0.644672 14.368477 13.819372
vertex -0.644672 14.347725 13.819372
vertex -0.644672 14.368477 13.839372
endloop
endfacet
facet normal 0 0 0
outer loop
vertex -0.624196 14.347725 13.819372
vertex -0.644672 14.368477 13.819372
vertex -0.644672 14.368477 13.839372
endloop
endfacet
facet normal 0 0 0
outer loop
vertex -0.624196 14.347725 13.819372
vertex -0.644672 14.368477 13.839372
vertex -0.644672 14.347725 13.819372
endloop
endfacet
facet normal 0 0 0
outer loop
vertex -0.624196 14.347725 13.819372
vertex -0.603720 14.347725 13.839372
vertex -0.603720 14.368477 13.819372
endloop
endfacet
facet normal 0 0 0
outer loop
vertex -0.603720 14.368477 13.819372
vertex -0.603720 14.347725 13.839372
vertex -0.603720 14.347725 13.819372
endloop
endfacet
facet normal 0 0 0
outer loop
vertex -0.706099 14.160945 13.839372
vertex -0.706099 14.140191 13.859372
vertex -0.706099 14.140191 13.839372
endloop
endfacet
facet normal 0 0 0
outer loop
vertex -0.685623 14.181698 13.839372
vertex -0.685623 14.202451 13.859372
vertex -0.706099 14.202451 13.839372
endloop
endfacet
facet normal 0 0 0
outer loop
vertex -0.685623 14.202451 13.859372
vertex -0.706099 14.202451 13.859372
vertex -0.706099 14.202451 13.839372
endloop
endfacet
facet normal 0 0 0
outer loop
vertex -0.685623 14.202451 13.859372
vertex -0.685623 14.181698 13.839372
vertex -0.665147 14.202451 13.839372
endloop
endfacet
facet normal 0 0 0
outer loop
vertex -0.685623 14.181698 13.839372
vertex -0.665147 14.181698 13.839372
vertex -0.665147 14.202451 13.839372
endloop
endfacet
facet normal 0 0 0
outer loop
vertex -0.706099 14.202451 13.839372
vertex -0.706099 14.202451 13.859372
vertex -0.706099 14.223205 13.839372
endloop
endfacet
facet normal 0 0 0
outer loop
vertex -0.706099 14.202451 13.859372
vertex -0.706099 14.223205 13.859372
vertex -0.706099 14.223205 13.839372
endloop
endfacet
facet normal 0 0 0
outer loop
vertex -0.665147 14.202451 13.839372
vertex -0.665147 14.223205 13.859372
vertex -0.685623 14.202451 13.859372
endloop
endfacet
facet normal 0 0 0
outer loop
vertex -0.665147 14.202451 13.839372
vertex -0.665147 14.223205 13.839372
vertex -0.665147 14.223205 13.859372
endloop
endfacet
facet normal 0 0 0
outer loop
vertex -0.706099 14.223205 13.839372
vertex -0.706099 14.223205 13.859372
vertex -0.706099 14.243958 13.839372
endloop
endfacet
facet normal 0 0 0
outer loop
vertex -0.706099 14.223205 13.859372
vertex -0.706099 14.243958 13.859372
vertex -0.706099 14.243958 13.839372
endloop
endfacet
facet normal 0 0 0
outer loop
vertex -0.665147 14.223205 13.839372
vertex -0.644672 14.243958 13.859372
vertex -0.665147 14.223205 13.859372
endloop
endfacet
facet normal 0 0 0
outer loop
vertex -0.644672 14.243958 13.839372
vertex -0.644672 14.243958 13.859372
vertex -0.665147 14.223205 13.839372
endloop
endfacet
facet normal 0 0 0
outer loop
vertex -0.706099 14.243958 13.839372
vertex -0.706099 14.243958 13.859372
vertex -0.706099 14.264711 13.839372
endloop
endfacet
facet normal 0 0 0
outer loop
vertex -0.706099 14.243958 13.859372
vertex -0.706099 14.264711 13.859372
vertex -0.706099 14.264711 13.839372
endloop
endfacet
facet normal 0 0 0
outer loop
vertex -0.644672 14.243958 13.839372
vertex -0.624196 14.264711 13.859372
vertex -0.644672 14.243958 13.859372
endloop
endfacet
facet normal 0 0 0
outer loop
vertex -0.624196 14.264711 13.839372
vertex -0.624196 14.264711 13.859372
vertex -0.644672 14.243958 13.839372
endloop
endfacet
facet normal 0 0 0
outer loop
vertex -0.706099 14.264711 13.839372
vertex -0.706099 14.264711 13.859372
vertex -0.706099 14.285464 13.839372
endloop
endfacet
facet normal 0 0 0
outer loop
vertex -0.706099 14.264711 13.859372
vertex -0.706099 14.285464 13.859372
vertex -0.706099 14.285464 13.839372
endloop
endfacet
facet normal 0 0 0
outer loop
vertex -0.603720 14.285464 13.839372
vertex -0.624196 14.285464 13.859372
vertex -0.624196 14.264711 13.839372
endloop
endfacet
facet normal 0 0 0
outer loop
vertex -0.624196 14.285464 13.859372
vertex -0.624196 14.264711 13.859372
vertex -0.624196 14.264711 13.839372
endloop
endfacet
facet normal 0 0 0
outer loop
vertex -0.706099 14.285464 13.839372
vertex -0.706099 14.285464 13.859372
vertex -0.706099 14.306217 13.839372
endloop
endfacet
facet normal 0 0 0
outer loop
vertex -0.706099 14.285464 13.859372
vertex -0.706099 14.306217 13.859372
vertex -0.706099 14.306217 13.839372
endloop
endfacet
facet normal 0 0 0
outer loop
vertex -0.603720 14.285464 13.839372
vertex -0.603720 14.306217 13.859372
vertex -0.624196 14.285464 13.859372
endloop
endfacet
facet normal 0 0 0
outer loop
vertex -0.583244 14.306217 13.839372
vertex -0.603720 14.306217 13.859372
vertex -0.603720 14.285464 13.839372
endloop
endfacet
facet normal 0 0 0
outer loop
vertex -0.685623 14.326971 13.859372
vertex -0.685623 14.306217 13.839372
vertex -0.706099 14.306217 13.859372
endloop
endfacet
facet normal 0 0 0
outer loop
vertex -0.685623 14.306217 13.839372
vertex -0.706099 14.306217 13.839372
vertex -0.706099 14.306217 13.859372
endloop
endfacet
facet normal 0 0 0
outer loop
vertex -0.685623 14.306217 13.839372
vertex -0.685623 14.326971 13.859372
vertex -0.665147 14.326971 13.839372
endloop
endfacet
facet normal 0 0 0
outer loop
vertex -0.603720 14.306217 13.839372
vertex -0.624196 14.326971 13.859372
vertex -0.603720 14.306217 13.859372
endloop
endfacet
facet normal 0 0 0
outer loop
vertex -0.624196 14.326971 13.839372
vertex -0.624196 14.326971 13.859372
vertex -0.603720 14.306217 13.839372
endloop
endfacet
facet normal 0 0 0
outer loop
vertex -0.603720 14.306217 13.859372
vertex -0.583244 14.306217 13.839372
vertex -0.603720 14.306217 13.839372
endloop
endfacet
facet normal 0 0 0
outer loop
vertex -0.706099 14.347725 13.839372
vertex -0.685623 14.347725 13.859372
vertex -0.685623 14.326971 13.859372
endloop
endfacet
facet normal 0 0 0
outer loop
vertex -0.706099 14.347725 13.839372
vertex -0.685623 14.326971 13.859372
vertex -0.706099 14.347725 13.859372
endloop
endfacet
facet normal 0 0 0
outer loop
vertex -0.685623 14.347725 13.859372
vertex -0.665147 14.326971 13.859372
vertex -0.685623 14.326971 13.859372
endloop
endfacet
facet normal 0 0 0
outer loop
vertex -0.685623 14.326971 13.859372
vertex -0.665147 14.326971 13.859372
vertex -0.665147 14.326971 13.839372
endloop
endfacet
facet normal 0 0 0
outer loop
vertex -0.665147 14.326971 13.839372
vertex -0.665147 14.326971 13.859372
vertex -0.665147 14.347725 13.839372
endloop
endfacet
facet normal 0 0 0
outer loop
vertex -0.665147 14.347725 13.839372
vertex -0.665147 14.326971 13.859372
vertex -0.644672 14.326971 13.839372
endloop
endfacet
facet normal 0 0 0
outer loop
vertex -0.665147 14.326971 13.859372
vertex -0.644672 14.326971 13.859372
vertex -0.644672 14.326971 13.839372
endloop
endfacet
facet normal 0 0 0
outer loop
vertex -0.624196 14.326971 13.839372
vertex -0.644672 14.326971 13.839372
vertex -0.624196 14.326971 13.859372
endloop
endfacet
facet normal 0 0 0
outer loop
vertex -0.644672 14.326971 13.839372
vertex -0.644672 14.326971 13.859372
vertex -0.624196 14.326971 13.859372
endloop
endfacet
facet normal 0 0 0
outer loop
vertex -0.706099 14.347725 13.859372
vertex -0.706099 14.368477 13.839372
vertex -0.706099 14.347725 13.839372
endloop
endfacet
facet normal 0 0 0
outer loop
vertex -0.706099 14.347725 13.839372
vertex -0.706099 14.347725 13.859372
vertex -0.685623 14.347725 13.859372
endloop
endfacet
facet normal 0 0 0
outer loop
vertex -0.685623 14.347725 13.859372
vertex -0.706099 14.347725 13.859372
vertex -0.685623 14.368477 13.859372
endloop
endfacet
facet normal 0 0 0
outer loop
vertex -0.706099 14.368477 13.839372
vertex -0.706099 14.389231 13.859372
vertex -0.706099 14.389231 13.839372
endloop
endfacet
facet normal 0 0 0
outer loop
vertex -0.706099 14.409985 13.859372
vertex -0.706099 14.389231 13.839372
vertex -0.706099 14.389231 13.859372
endloop
endfacet
facet normal 0 0 0
outer loop
vertex -0.685623 14.409985 13.859372
vertex -0.706099 14.389231 13.859372
vertex -0.706099 14.389231 13.839372
endloop
endfacet
facet normal 0 0 0
outer loop
vertex -0.685623 14.409985 13.859372
vertex -0.706099 14.389231 13.839372
vertex -0.706099 14.409985 13.859372
endloop
endfacet
facet normal 0 0 0
outer loop
vertex -0.685623 14.202451 13.859372
vertex -0.706099 14.202451 13.879372
vertex -0.706099 14.202451 13.859372
endloop
endfacet
facet normal 0 0 0
outer loop
vertex -0.665147 14.202451 13.879372
vertex -0.665147 14.181698 13.879372
vertex -0.685623 14.181698 13.879372
endloop
endfacet
facet normal 0 0 0
outer loop
vertex -0.706099 14.202451 13.859372
vertex -0.706099 14.202451 13.879372
vertex -0.706099 14.223205 13.859372
endloop
endfacet
facet normal 0 0 0
outer loop
vertex -0.706099 14.202451 13.879372
vertex -0.706099 14.223205 13.879372
vertex -0.706099 14.223205 13.859372
endloop
endfacet
facet normal 0 0 0
outer loop
vertex -0.685623 14.202451 13.859372
vertex -0.685623 14.223205 13.879372
vertex -0.706099 14.202451 13.879372
endloop
endfacet
facet normal 0 0 0
outer loop
vertex -0.665147 14.223205 13.859372
vertex -0.685623 14.223205 13.879372
vertex -0.685623 14.202451 13.859372
endloop
endfacet
facet normal 0 0 0
outer loop
vertex -0.706099 14.223205 13.859372
vertex -0.706099 14.223205 13.879372
vertex -0.706099 14.243958 13.859372
endloop
endfacet
facet normal 0 0 0
outer loop
vertex -0.706099 14.223205 13.879372
vertex -0.706099 14.243958 13.879372
vertex -0.706099 14.243958 13.859372
endloop
endfacet
facet normal 0 0 0
outer loop
vertex -0.665147 14.223205 13.859372
vertex -0.665147 14.243958 13.879372
vertex -0.685623 14.223205 13.879372
endloop
endfacet
facet normal 0 0 0
outer loop
vertex -0.644672 14.243958 13.859372
vertex -0.665147 14.243958 13.879372
vertex -0.665147 14.223205 13.859372
endloop
endfacet
facet normal 0 0 0
outer loop
vertex -0.706099 14.243958 13.859372
vertex -0.706099 14.243958 13.879372
vertex -0.706099 14.264711 13.859372
endloop
endfacet
facet normal 0 0 0
outer loop
vertex -0.706099 14.243958 13.879372
vertex -0.706099 14.264711 13.879372
vertex -0.706099 14.264711 13.859372
endloop
endfacet
facet normal 0 0 0
outer loop
vertex -0.644672 14.243958 13.859372
vertex -0.644672 14.264711 13.879372
vertex -0.665147 14.243958 13.879372
endloop
endfacet
facet normal 0 0 0
outer loop
vertex -0.624196 14.264711 13.859372
vertex -0.644672 14.264711 13.879372
vertex -0.644672 14.243958 13.859372
endloop
endfacet
facet normal 0 0 0
outer loop
vertex -0.706099 14.264711 13.859372
vertex -0.706099 14.264711 13.879372
vertex -0.706099 14.285464 13.859372
endloop
endfacet
facet normal 0 0 0
outer loop
vertex -0.706099 14.264711 13.879372
vertex -0.706099 14.285464 13.879372
vertex -0.706099 14.285464 13.859372
endloop
endfacet
facet normal 0 0 0
outer loop
vertex -0.624196 14.285464 13.859372
vertex -0.644672 14.264711 13.879372
vertex -0.624196 14.264711 13.859372
endloop
endfacet
facet normal 0 0 0
outer loop
vertex -0.644672 14.285464 13.879372
vertex -0.644672 14.264711 13.879372
vertex -0.624196 14.285464 13.859372
endloop
endfacet
facet normal 0 0 0
outer loop
vertex -0.706099 14.285464 13.859372
vertex -0.706099 14.285464 13.879372
vertex -0.706099 14.306217 13.859372
endloop
endfacet
facet normal 0 0 0
outer loop
vertex -0.706099 14.285464 13.879372
vertex -0.706099 14.306217 13.879372
vertex -0.706099 14.306217 13.859372
endloop
endfacet
facet normal 0 0 0
outer loop
vertex -0.624196 14.306217 13.859372
vertex -0.644672 14.285464 13.879372
vertex -0.624196 14.285464 13.859372
endloop
endfacet
facet normal 0 0 0
outer loop
vertex -0.644672 14.306217 13.879372
vertex -0.644672 14.285464 13.879372
vertex -0.624196 14.306217 13.859372
endloop
endfacet
facet normal 0 0 0
outer loop
vertex -0.624196 14.285464 13.859372
vertex -0.603720 14.306217 13.859372
vertex -0.624196 14.306217 13.859372
endloop
endfacet
facet normal 0 0 0
outer loop
vertex -0.706099 14.326971 13.879372
vertex -0.706099 14.306217 13.859372
vertex -0.706099 14.306217 13.879372
endloop
endfacet
facet normal 0 0 0
outer loop
vertex -0.706099 14.306217 13.859372
vertex -0.706099 14.326971 13.879372
vertex -0.685623 14.326971 13.859372
endloop
endfacet
facet normal 0 0 0
outer loop
vertex -0.624196 14.326971 13.859372
vertex -0.644672 14.306217 13.879372
vertex -0.624196 14.306217 13.859372
endloop
endfacet
facet normal 0 0 0
outer loop
vertex -0.644672 14.326971 13.879372
vertex -0.644672 14.306217 13.879372
vertex -0.624196 14.326971 13.859372
endloop
endfacet
facet normal 0 0 0
outer loop
vertex -0.603720 14.306217 13.859372
vertex -0.624196 14.326971 13.859372
vertex -0.624196 14.306217 13.859372
endloop
endfacet
facet normal 0 0 0
outer loop
vertex -0.706099 14.347725 13.859372
vertex -0.685623 14.326971 13.859372
vertex -0.685623 14.347725 13.859372
endloop
endfacet
facet normal 0 0 0
outer loop
vertex -0.685623 14.347725 13.859372
vertex -0.685623 14.326971 13.859372
vertex -0.685623 14.326971 13.879372
endloop
endfacet
facet normal 0 0 0
outer loop
vertex -0.685623 14.326971 13.879372
vertex -0.685623 14.326971 13.859372
vertex -0.706099 14.326971 13.879372
endloop
endfacet
facet normal 0 0 0
outer loop
vertex -0.685623 14.347725 13.859372
vertex -0.685623 14.326971 13.879372
vertex -0.665147 14.326971 13.859372
endloop
endfacet
facet normal 0 0 0
outer loop
vertex -0.665147 14.347725 13.879372
vertex -0.665147 14.326971 13.859372
vertex -0.685623 14.326971 13.879372
endloop
endfacet
facet normal 0 0 0
outer loop
vertex -0.665147 14.326971 13.859372
vertex -0.644672 14.347725 13.879372
vertex -0.644672 14.326971 13.859372
endloop
endfacet
facet normal 0 0 0
outer loop
vertex -0.665147 14.347725 13.879372
vertex -0.644672 14.347725 13.879372
vertex -0.665147 14.326971 13.859372
endloop
endfacet
facet normal 0 0 0
outer loop
vertex -0.624196 14.326971 13.859372
vertex -0.644672 14.347725 13.879372
vertex -0.644672 14.326971 13.879372
endloop
endfacet
facet normal 0 0 0
outer loop
vertex -0.624196 14.326971 13.859372
vertex -0.644672 14.326971 13.859372
vertex -0.644672 14.347725 13.879372
endloop
endfacet
facet normal 0 0 0
outer loop
vertex -0.706099 14.389231 13.859372
vertex -0.685623 14.409985 13.859372
vertex -0.706099 14.409985 13.859372
endloop
endfacet
facet normal 0 0 0
outer loop
vertex -0.685623 14.181698 13.879372
vertex -0.685623 14.181698 13.899372
vertex -0.706099 14.160945 13.899372
endloop
endfacet
facet normal 0 0 0
outer loop
vertex -0.685623 14.181698 13.879372
vertex -0.706099 14.160945 13.899372
vertex -0.706099 14.181698 13.899372
endloop
endfacet
facet normal 0 0 0
outer loop
vertex -0.665147 14.181698 13.879372
vertex -0.665147 14.181698 13.899372
vertex -0.685623 14.181698 13.879372
endloop
endfacet
facet normal 0 0 0
outer loop
vertex -0.685623 14.181698 13.879372
vertex -0.665147 14.181698 13.899372
vertex -0.685623 14.181698 13.899372
endloop
endfacet
facet normal 0 0 0
outer loop
vertex -0.706099 14.202451 13.879372
vertex -0.706099 14.181698 13.899372
vertex -0.706099 14.202451 13.899372
endloop
endfacet
facet normal 0 0 0
outer loop
vertex -0.706099 14.202451 13.879372
vertex -0.685623 14.202451 13.899372
vertex -0.706099 14.181698 13.899372
endloop
endfacet
facet normal 0 0 0
outer loop
vertex -0.685623 14.181698 13.879372
vertex -0.706099 14.181698 13.899372
vertex -0.685623 14.202451 13.899372
endloop
endfacet
facet normal 0 0 0
outer loop
vertex -0.685623 14.202451 13.899372
vertex -0.665147 14.181698 13.899372
vertex -0.685623 14.181698 13.879372
endloop
endfacet
facet normal 0 0 0
outer loop
vertex -0.665147 14.202451 13.879372
vertex -0.685623 14.181698 13.879372
vertex -0.665147 14.181698 13.899372
endloop
endfacet
facet normal 0 0 0
outer loop
vertex -0.665147 14.181698 13.899372
vertex -0.665147 14.181698 13.879372
vertex -0.665147 14.202451 13.879372
endloop
endfacet
facet normal 0 0 0
outer loop
vertex -0.706099 14.202451 13.879372
vertex -0.706099 14.202451 13.899372
vertex -0.706099 14.223205 13.879372
endloop
endfacet
facet normal 0 0 0
outer loop
vertex -0.706099 14.202451 13.899372
vertex -0.706099 14.223205 13.899372
vertex -0.706099 14.223205 13.879372
endloop
endfacet
facet normal 0 0 0
outer loop
vertex -0.706099 14.202451 13.879372
vertex -0.685623 14.223205 13.879372
vertex -0.685623 14.202451 13.899372
endloop
endfacet
facet normal 0 0 0
outer loop
vertex -0.685623 14.223205 13.879372
vertex -0.685623 14.223205 13.899372
vertex -0.685623 14.202451 13.899372
endloop
endfacet
facet normal 0 0 0
outer loop
vertex -0.706099 14.223205 13.879372
vertex -0.706099 14.223205 13.899372
vertex -0.706099 14.243958 13.879372
endloop
endfacet
facet normal 0 0 0
outer loop
vertex -0.706099 14.223205 13.899372
vertex -0.706099 14.243958 13.899372
vertex -0.706099 14.243958 13.879372
endloop
endfacet
facet normal 0 0 0
outer loop
vertex -0.685623 14.223205 13.879372
vertex -0.665147 14.243958 13.899372
vertex -0.685623 14.223205 13.899372
endloop
endfacet
facet normal 0 0 0
outer loop
vertex -0.665147 14.243958 13.879372
vertex -0.665147 14.243958 13.899372
vertex -0.685623 14.223205 13.879372
endloop
endfacet
facet normal 0 0 0
outer loop
vertex -0.706099 14.243958 13.879372
vertex -0.706099 14.243958 13.899372
vertex -0.706099 14.264711 13.879372
endloop
endfacet
facet normal 0 0 0
outer loop
vertex -0.706099 14.243958 13.899372
vertex -0.706099 14.264711 13.899372
vertex -0.706099 14.264711 13.879372
endloop
endfacet
facet normal 0 0 0
outer loop
vertex -0.665147 14.243958 13.879372
vertex -0.644672 14.264711 13.899372
vertex -0.665147 14.243958 13.899372
endloop
endfacet
facet normal 0 0 0
outer loop
vertex -0.644672 14.264711 13.879372
vertex -0.644672 14.264711 13.899372
vertex -0.665147 14.243958 13.879372
endloop
endfacet
facet normal 0 0 0
outer loop
vertex -0.706099 14.264711 13.879372
vertex -0.706099 14.264711 13.899372
vertex -0.706099 14.285464 13.879372
endloop
endfacet
facet normal 0 0 0
outer loop
vertex -0.706099 14.264711 13.899372
vertex -0.706099 14.285464 13.899372
vertex -0.706099 14.285464 13.879372
endloop
endfacet
facet normal 0 0 0
outer loop
vertex -0.644672 14.264711 13.879372
vertex -0.644672 14.285464 13.879372
vertex -0.644672 14.264711 13.899372
endloop
endfacet
facet normal 0 0 0
outer loop
vertex -0.644672 14.264711 13.899372
vertex -0.644672 14.285464 13.879372
vertex -0.644672 14.285464 13.899372
endloop
endfacet
facet normal 0 0 0
outer loop
vertex -0.706099 14.285464 13.879372
vertex -0.706099 14.285464 13.899372
vertex -0.706099 14.306217 13.879372
endloop
endfacet
facet normal 0 0 0
outer loop
vertex -0.706099 14.285464 13.899372
vertex -0.706099 14.306217 13.899372
vertex -0.706099 14.306217 13.879372
endloop
endfacet
facet normal 0 0 0
outer loop
vertex -0.644672 14.285464 13.879372
vertex -0.644672 14.306217 13.879372
vertex -0.644672 14.285464 13.899372
endloop
endfacet
facet normal 0 0 0
outer loop
vertex -0.644672 14.285464 13.899372
vertex -0.644672 14.306217 13.879372
vertex -0.644672 14.306217 13.899372
endloop
endfacet
facet normal 0 0 0
outer loop
vertex -0.706099 14.306217 13.879372
vertex -0.706099 14.306217 13.899372
vertex -0.706099 14.326971 13.879372
endloop
endfacet
facet normal 0 0 0
outer loop
vertex -0.706099 14.306217 13.899372
vertex -0.706099 14.326971 13.899372
vertex -0.706099 14.326971 13.879372
endloop
endfacet
facet normal 0 0 0
outer loop
vertex -0.644672 14.326971 13.879372
vertex -0.665147 14.326971 13.899372
vertex -0.644672 14.306217 13.899372
endloop
endfacet
facet normal 0 0 0
outer loop
vertex -0.644672 14.326971 13.879372
vertex -0.644672 14.306217 13.899372
vertex -0.644672 14.306217 13.879372
endloop
endfacet
facet normal 0 0 0
outer loop
vertex -0.706099 14.347725 13.899372
vertex -0.706099 14.326971 13.879372
vertex -0.706099 14.326971 13.899372
endloop
endfacet
facet normal 0 0 0
outer loop
vertex -0.706099 14.326971 13.879372
vertex -0.685623 14.347725 13.899372
vertex -0.685623 14.326971 13.879372
endloop
endfacet
facet normal 0 0 0
outer loop
vertex -0.706099 14.347725 13.899372
vertex -0.685623 14.347725 13.899372
vertex -0.706099 14.326971 13.879372
endloop
endfacet
facet normal 0 0 0
outer loop
vertex -0.685623 14.347725 13.899372
vertex -0.665147 14.326971 13.899372
vertex -0.685623 14.326971 13.879372
endloop
endfacet
facet normal 0 0 0
outer loop
vertex -0.665147 14.347725 13.879372
vertex -0.685623 14.326971 13.879372
vertex -0.665147 14.326971 13.899372
endloop
endfacet
facet normal 0 0 0
outer loop
vertex -0.665147 14.326971 13.899372
vertex -0.644672 14.326971 13.879372
vertex -0.665147 14.347725 13.879372
endloop
endfacet
facet normal 0 0 0
outer loop
vertex -0.644672 14.326971 13.879372
vertex -0.644672 14.347725 13.879372
vertex -0.665147 14.347725 13.879372
endloop
endfacet
facet normal 0 0 0
outer loop
vertex -0.644672 14.368477 13.879372
vertex -0.665147 14.347725 13.879372
vertex -0.644672 14.347725 13.879372
endloop
endfacet
facet normal 0 0 0
outer loop
vertex -0.706099 14.160945 13.899372
vertex -0.685623 14.181698 13.899372
vertex -0.706099 14.181698 13.899372
endloop
endfacet
facet normal 0 0 0
outer loop
vertex -0.685623 14.181698 13.899372
vertex -0.685623 14.202451 13.899372
vertex -0.706099 14.181698 13.899372
endloop
endfacet
facet normal 0 0 0
outer loop
vertex -0.685623 14.202451 13.899372
vertex -0.706099 14.202451 13.899372
vertex -0.706099 14.181698 13.899372
endloop
endfacet
facet normal 0 0 0
outer loop
vertex -0.665147 14.181698 13.899372
vertex -0.685623 14.202451 13.899372
vertex -0.685623 14.181698 13.899372
endloop
endfacet
facet normal 0 0 0
outer loop
vertex -0.706099 14.202451 13.899372
vertex -0.706099 14.223205 13.919372
vertex -0.706099 14.223205 13.899372
endloop
endfacet
facet normal 0 0 0
outer loop
vertex -0.685623 14.202451 13.899372
vertex -0.706099 14.223205 13.919372
vertex -0.706099 14.202451 13.899372
endloop
endfacet
facet normal 0 0 0
outer loop
vertex -0.685623 14.223205 13.919372
vertex -0.706099 14.223205 13.919372
vertex -0.685623 14.202451 13.899372
endloop
endfacet
facet normal 0 0 0
outer loop
vertex -0.685623 14.223205 13.919372
vertex -0.685623 14.202451 13.899372
vertex -0.685623 14.223205 13.899372
endloop
endfacet
facet normal 0 0 0
outer loop
vertex -0.706099 14.223205 13.899372
vertex -0.706099 14.223205 13.919372
vertex -0.706099 14.243958 13.899372
endloop
endfacet
facet normal 0 0 0
outer loop
vertex -0.706099 14.223205 13.919372
vertex -0.706099 14.243958 13.919372
vertex -0.706099 14.243958 13.899372
endloop
endfacet
facet normal 0 0 0
outer loop
vertex -0.665147 14.243958 13.899372
vertex -0.685623 14.243958 13.919372
vertex -0.685623 14.223205 13.899372
endloop
endfacet
facet normal 0 0 0
outer loop
vertex -0.685623 14.243958 13.919372
vertex -0.685623 14.223205 13.919372
vertex -0.685623 14.223205 13.899372
endloop
endfacet
facet normal 0 0 0
outer loop
vertex -0.706099 14.243958 13.899372
vertex -0.706099 14.243958 13.919372
vertex -0.706099 14.264711 13.899372
endloop
endfacet
facet normal 0 0 0
outer loop
vertex -0.706099 14.243958 13.919372
vertex -0.706099 14.264711 13.919372
vertex -0.706099 14.264711 13.899372
endloop
endfacet
facet normal 0 0 0
outer loop
vertex -0.665147 14.243958 13.899372
vertex -0.665147 14.264711 13.919372
vertex -0.685623 14.243958 13.919372
endloop
endfacet
facet normal 0 0 0
outer loop
vertex -0.644672 14.264711 13.899372
vertex -0.665147 14.264711 13.919372
vertex -0.665147 14.243958 13.899372
endloop
endfacet
facet normal 0 0 0
outer loop
vertex -0.706099 14.264711 13.899372
vertex -0.706099 14.264711 13.919372
vertex -0.706099 14.285464 13.899372
endloop
endfacet
facet normal 0 0 0
outer loop
vertex -0.706099 14.264711 13.919372
vertex -0.706099 14.285464 13.919372
vertex -0.706099 14.285464 13.899372
endloop
endfacet
facet normal 0 0 0
outer loop
vertex -0.644672 14.264711 13.899372
vertex -0.644672 14.285464 13.919372
vertex -0.665147 14.264711 13.919372
endloop
endfacet
facet normal 0 0 0
outer loop
vertex -0.644672 14.285464 13.919372
vertex -0.644672 14.264711 13.899372
vertex -0.644672 14.285464 13.899372
endloop
endfacet
facet normal 0 0 0
outer loop
vertex -0.706099 14.285464 13.899372
vertex -0.706099 14.285464 13.919372
vertex -0.706099 14.306217 13.899372
endloop
endfacet
facet normal 0 0 0
outer loop
vertex -0.706099 14.285464 13.919372
vertex -0.706099 14.306217 13.919372
vertex -0.706099 14.306217 13.899372
endloop
endfacet
facet normal 0 0 0
outer loop
vertex -0.644672 14.285464 13.899372
vertex -0.644672 14.306217 13.899372
vertex -0.644672 14.285464 13.919372
endloop
endfacet
facet normal 0 0 0
outer loop
vertex -0.644672 14.285464 13.919372
vertex -0.644672 14.306217 13.899372
vertex -0.644672 14.306217 13.919372
endloop
endfacet
facet normal 0 0 0
outer loop
vertex -0.706099 14.306217 13.899372
vertex -0.706099 14.306217 13.919372
vertex -0.706099 14.326971 13.899372
endloop
endfacet
facet normal 0 0 0
outer loop
vertex -0.706099 14.306217 13.919372
vertex -0.706099 14.326971 13.919372
vertex -0.706099 14.326971 13.899372
endloop
endfacet
facet normal 0 0 0
outer loop
vertex -0.665147 14.326971 13.899372
vertex -0.685623 14.326971 13.919372
vertex -0.665147 14.306217 13.919372
endloop
endfacet
facet normal 0 0 0
outer loop
vertex -0.665147 14.326971 13.899372
vertex -0.665147 14.306217 13.919372
vertex -0.644672 14.306217 13.899372
endloop
endfacet
facet normal 0 0 0
outer loop
vertex -0.665147 14.306217 13.919372
vertex -0.644672 14.306217 13.919372
vertex -0.644672 14.306217 13.899372
endloop
endfacet
facet normal 0 0 0
outer loop
vertex -0.706099 14.326971 13.919372
vertex -0.706099 14.347725 13.899372
vertex -0.706099 14.326971 13.899372
endloop
endfacet
facet normal 0 0 0
outer loop
vertex -0.706099 14.326971 13.919372
vertex -0.685623 14.347725 13.919372
vertex -0.706099 14.347725 13.899372
endloop
endfacet
facet normal 0 0 0
outer loop
vertex -0.665147 14.326971 13.899372
vertex -0.685623 14.347725 13.899372
vertex -0.685623 14.326971 13.919372
endloop
endfacet
facet normal 0 0 0
outer loop
vertex -0.685623 14.347725 13.899372
vertex -0.685623 14.347725 13.919372
vertex -0.685623 14.326971 13.919372
endloop
endfacet
facet normal 0 0 0
outer loop
vertex -0.706099 14.347725 13.899372
vertex -0.685623 14.368477 13.919372
vertex -0.685623 14.347725 13.899372
endloop
endfacet
facet normal 0 0 0
outer loop
vertex -0.706099 14.347725 13.899372
vertex -0.685623 14.347725 13.919372
vertex -0.685623 14.368477 13.919372
endloop
endfacet
facet normal 0 0 0
outer loop
vertex -0.685623 14.347725 13.899372
vertex -0.685623 14.368477 13.919372
vertex -0.685623 14.347725 13.919372
endloop
endfacet
facet normal 0 0 0
outer loop
vertex -0.706099 14.223205 13.919372
vertex -0.706099 14.202451 13.939372
vertex -0.706099 14.223205 13.939372
endloop
endfacet
facet normal 0 0 0
outer loop
vertex -0.706099 14.202451 13.939372
vertex -0.706099 14.223205 13.919372
vertex -0.685623 14.223205 13.919372
endloop
endfacet
facet normal 0 0 0
outer loop
vertex -0.706099 14.202451 13.939372
vertex -0.685623 14.223205 13.919372
vertex -0.706099 14.223205 13.939372
endloop
endfacet
facet normal 0 0 0
outer loop
vertex -0.706099 14.223205 13.919372
vertex -0.706099 14.223205 13.939372
vertex -0.706099 14.243958 13.919372
endloop
endfacet
facet normal 0 0 0
outer loop
vertex -0.706099 14.223205 13.939372
vertex -0.706099 14.243958 13.939372
vertex -0.706099 14.243958 13.919372
endloop
endfacet
facet normal 0 0 0
outer loop
vertex -0.685623 14.223205 13.919372
vertex -0.685623 14.243958 13.939372
vertex -0.706099 14.223205 13.939372
endloop
endfacet
facet normal 0 0 0
outer loop
vertex -0.685623 14.243958 13.939372
vertex -0.685623 14.223205 13.919372
vertex -0.685623 14.243958 13.919372
endloop
endfacet
facet normal 0 0 0
outer loop
vertex -0.706099 14.243958 13.919372
vertex -0.706099 14.243958 13.939372
vertex -0.706099 14.264711 13.919372
endloop
endfacet
facet normal 0 0 0
outer loop
vertex -0.706099 14.243958 13.939372
vertex -0.706099 14.264711 13.939372
vertex -0.706099 14.264711 13.919372
endloop
endfacet
facet normal 0 0 0
outer loop
vertex -0.685623 14.243958 13.919372
vertex -0.665147 14.264711 13.939372
vertex -0.685623 14.243958 13.939372
endloop
endfacet
facet normal 0 0 0
outer loop
vertex -0.665147 14.264711 13.919372
vertex -0.665147 14.264711 13.939372
vertex -0.685623 14.243958 13.919372
endloop
endfacet
facet normal 0 0 0
outer loop
vertex -0.706099 14.264711 13.919372
vertex -0.706099 14.264711 13.939372
vertex -0.706099 14.285464 13.919372
endloop
endfacet
facet normal 0 0 0
outer loop
vertex -0.706099 14.264711 13.939372
vertex -0.706099 14.285464 13.939372
vertex -0.706099 14.285464 13.919372
endloop
endfacet
facet normal 0 0 0
outer loop
vertex -0.644672 14.285464 13.919372
vertex -0.665147 14.285464 13.939372
vertex -0.665147 14.264711 13.919372
endloop
endfacet
facet normal 0 0 0
outer loop
vertex -0.665147 14.285464 13.939372
vertex -0.665147 14.264711 13.939372
vertex -0.665147 14.264711 13.919372
endloop
endfacet
facet normal 0 0 0
outer loop
vertex -0.706099 14.285464 13.919372
vertex -0.706099 14.285464 13.939372
vertex -0.706099 14.306217 13.919372
endloop
endfacet
facet normal 0 0 0
outer loop
vertex -0.706099 14.285464 13.939372
vertex -0.706099 14.306217 13.939372
vertex -0.706099 14.306217 13.919372
endloop
endfacet
facet normal 0 0 0
outer loop
vertex -0.644672 14.306217 13.919372
vertex -0.665147 14.285464 13.939372
vertex -0.644672 14.285464 13.919372
endloop
endfacet
facet normal 0 0 0
outer loop
vertex -0.665147 14.306217 13.939372
vertex -0.665147 14.285464 13.939372
vertex -0.644672 14.306217 13.919372
endloop
endfacet
facet normal 0 0 0
outer loop
vertex -0.706099 14.306217 13.919372
vertex -0.706099 14.306217 13.939372
vertex -0.706099 14.326971 13.919372
endloop
endfacet
facet normal 0 0 0
outer loop
vertex -0.706099 14.306217 13.939372
vertex -0.706099 14.326971 13.939372
vertex -0.706099 14.326971 13.919372
endloop
endfacet
facet normal 0 0 0
outer loop
vertex -0.665147 14.306217 13.919372
vertex -0.685623 14.326971 13.919372
vertex -0.665147 14.326971 13.939372
endloop
endfacet
facet normal 0 0 0
outer loop
vertex -0.644672 14.306217 13.919372
vertex -0.665147 14.326971 13.939372
vertex -0.665147 14.306217 13.939372
endloop
endfacet
facet normal 0 0 0
outer loop
vertex -0.644672 14.306217 13.919372
vertex -0.665147 14.306217 13.919372
vertex -0.665147 14.326971 13.939372
endloop
endfacet
facet normal 0 0 0
outer loop
vertex -0.706099 14.347725 13.939372
vertex -0.706099 14.326971 13.919372
vertex -0.706099 14.326971 13.939372
endloop
endfacet
facet normal 0 0 0
outer loop
vertex -0.706099 14.347725 13.939372
vertex -0.685623 14.326971 13.939372
vertex -0.706099 14.326971 13.919372
endloop
endfacet
facet normal 0 0 0
outer loop
vertex -0.685623 14.347725 13.919372
vertex -0.706099 14.326971 13.919372
vertex -0.685623 14.326971 13.939372
endloop
endfacet
facet normal 0 0 0
outer loop
vertex -0.685623 14.347725 13.919372
vertex -0.685623 14.326971 13.939372
vertex -0.685623 14.326971 13.919372
endloop
endfacet
facet normal 0 0 0
outer loop
vertex -0.685623 14.326971 13.919372
vertex -0.685623 14.326971 13.939372
vertex -0.665147 14.326971 13.939372
endloop
endfacet
facet normal 0 0 0
outer loop
vertex -0.665147 14.326971 13.939372
vertex -0.685623 14.326971 13.939372
vertex -0.665147 14.347725 13.939372
endloop
endfacet
facet normal 0 0 0
outer loop
vertex -0.685623 14.347725 13.919372
vertex -0.685623 14.368477 13.939372
vertex -0.685623 14.368477 13.919372
endloop
endfacet
facet normal 0 0 0
outer loop
vertex -0.685623 14.368477 13.919372
vertex -0.685623 14.368477 13.939372
vertex -0.706099 14.368477 13.939372
endloop
endfacet
facet normal 0 0 0
outer loop
vertex -0.706099 14.368477 13.939372
vertex -0.685623 14.368477 13.939372
vertex -0.706099 14.347725 13.939372
endloop
endfacet
facet normal 0 0 0
outer loop
vertex -0.665147 14.347725 13.939372
vertex -0.685623 14.368477 13.939372
vertex -0.665147 14.368477 13.939372
endloop
endfacet
facet normal 0 0 0
outer loop
vertex -0.665147 14.368477 13.939372
vertex -0.685623 14.368477 13.939372
vertex -0.685623 14.368477 13.919372
endloop
endfacet
facet normal 0 0 0
outer loop
vertex -0.685623 14.368477 13.919372
vertex -0.706099 14.368477 13.939372
vertex -0.685623 14.389231 13.939372
endloop
endfacet
facet normal 0 0 0
outer loop
vertex -0.685623 14.368477 13.919372
vertex -0.685623 14.389231 13.939372
vertex -0.665147 14.368477 13.939372
endloop
endfacet
facet normal 0 0 0
outer loop
vertex -0.685623 14.389231 13.939372
vertex -0.665147 14.389231 13.939372
vertex -0.665147 14.368477 13.939372
endloop
endfacet
facet normal 0 0 0
outer loop
vertex -0.665147 14.409985 13.939372
vertex -0.685623 14.389231 13.939372
vertex -0.685623 14.409985 13.939372
endloop
endfacet
facet normal 0 0 0
outer loop
vertex -0.685623 14.430738 13.939372
vertex -0.665147 14.409985 13.939372
vertex -0.685623 14.409985 13.939372
endloop
endfacet
facet normal 0 0 0
outer loop
vertex -0.706099 14.202451 13.939372
vertex -0.706099 14.223205 13.939372
vertex -0.706099 14.202451 13.959372
endloop
endfacet
facet normal 0 0 0
outer loop
vertex -0.706099 14.202451 13.959372
vertex -0.706099 14.223205 13.939372
vertex -0.706099 14.223205 13.959372
endloop
endfacet
facet normal 0 0 0
outer loop
vertex -0.706099 14.223205 13.939372
vertex -0.706099 14.223205 13.959372
vertex -0.706099 14.243958 13.939372
endloop
endfacet
facet normal 0 0 0
outer loop
vertex -0.706099 14.223205 13.959372
vertex -0.706099 14.243958 13.959372
vertex -0.706099 14.243958 13.939372
endloop
endfacet
facet normal 0 0 0
outer loop
vertex -0.706099 14.223205 13.939372
vertex -0.685623 14.243958 13.959372
vertex -0.706099 14.223205 13.959372
endloop
endfacet
facet normal 0 0 0
outer loop
vertex -0.685623 14.243958 13.939372
vertex -0.685623 14.243958 13.959372
vertex -0.706099 14.223205 13.939372
endloop
endfacet
facet normal 0 0 0
outer loop
vertex -0.706099 14.243958 13.939372
vertex -0.706099 14.243958 13.959372
vertex -0.706099 14.264711 13.939372
endloop
endfacet
facet normal 0 0 0
outer loop
vertex -0.706099 14.243958 13.959372
vertex -0.706099 14.264711 13.959372
vertex -0.706099 14.264711 13.939372
endloop
endfacet
facet normal 0 0 0
outer loop
vertex -0.665147 14.264711 13.939372
vertex -0.685623 14.264711 13.959372
vertex -0.685623 14.243958 13.939372
endloop
endfacet
facet normal 0 0 0
outer loop
vertex -0.685623 14.264711 13.959372
vertex -0.685623 14.243958 13.959372
vertex -0.685623 14.243958 13.939372
endloop
endfacet
facet normal 0 0 0
outer loop
vertex -0.706099 14.264711 13.939372
vertex -0.706099 14.264711 13.959372
vertex -0.706099 14.285464 13.939372
endloop
endfacet
facet normal 0 0 0
outer loop
vertex -0.706099 14.264711 13.959372
vertex -0.706099 14.285464 13.959372
vertex -0.706099 14.285464 13.939372
endloop
endfacet
facet normal 0 0 0
outer loop
vertex -0.665147 14.264711 13.939372
vertex -0.665147 14.285464 13.959372
vertex -0.685623 14.264711 13.959372
endloop
endfacet
facet normal 0 0 0
outer loop
vertex -0.665147 14.285464 13.959372
vertex -0.665147 14.264711 13.939372
vertex -0.665147 14.285464 13.939372
endloop
endfacet
facet normal 0 0 0
outer loop
vertex -0.706099 14.285464 13.939372
vertex -0.706099 14.285464 13.959372
vertex -0.706099 14.306217 13.939372
endloop
endfacet
facet normal 0 0 0
outer loop
vertex -0.706099 14.285464 13.959372
vertex -0.706099 14.306217 13.959372
vertex -0.706099 14.306217 13.939372
endloop
endfacet
facet normal 0 0 0
outer loop
vertex -0.665147 14.306217 13.939372
vertex -0.685623 14.306217 13.959372
vertex -0.665147 14.285464 13.959372
endloop
endfacet
facet normal 0 0 0
outer loop
vertex -0.665147 14.306217 13.939372
vertex -0.665147 14.285464 13.959372
vertex -0.665147 14.285464 13.939372
endloop
endfacet
facet normal 0 0 0
outer loop
vertex -0.706099 14.306217 13.939372
vertex -0.706099 14.306217 13.959372
vertex -0.706099 14.326971 13.939372
endloop
endfacet
facet normal 0 0 0
outer loop
vertex -0.706099 14.306217 13.959372
vertex -0.706099 14.326971 13.959372
vertex -0.706099 14.326971 13.939372
endloop
endfacet
facet normal 0 0 0
outer loop
vertex -0.665147 14.306217 13.939372
vertex -0.665147 14.326971 13.959372
vertex -0.685623 14.306217 13.959372
endloop
endfacet
facet normal 0 0 0
outer loop
vertex -0.665147 14.326971 13.959372
vertex -0.665147 14.306217 13.939372
vertex -0.665147 14.326971 13.939372
endloop
endfacet
facet normal 0 0 0
outer loop
vertex -0.706099 14.326971 13.959372
vertex -0.706099 14.347725 13.939372
vertex -0.706099 14.326971 13.939372
endloop
endfacet
facet normal 0 0 0
outer loop
vertex -0.706099 14.347725 13.939372
vertex -0.706099 14.326971 13.959372
vertex -0.685623 14.326971 13.939372
endloop
endfacet
facet normal 0 0 0
outer loop
vertex -0.706099 14.326971 13.959372
vertex -0.685623 14.326971 13.959372
vertex -0.685623 14.326971 13.939372
endloop
endfacet
facet normal 0 0 0
outer loop
vertex -0.685623 14.326971 13.959372
vertex -0.665147 14.347725 13.939372
vertex -0.685623 14.326971 13.939372
endloop
endfacet
facet normal 0 0 0
outer loop
vertex -0.665147 14.347725 13.959372
vertex -0.665147 14.347725 13.939372
vertex -0.685623 14.326971 13.959372
endloop
endfacet
facet normal 0 0 0
outer loop
vertex -0.665147 14.326971 13.939372
vertex -0.665147 14.347725 13.939372
vertex -0.665147 14.326971 13.959372
endloop
endfacet
facet normal 0 0 0
outer loop
vertex -0.665147 14.326971 13.959372
vertex -0.665147 14.347725 13.939372
vertex -0.665147 14.347725 13.959372
endloop
endfacet
facet normal 0 0 0
outer loop
vertex -0.665147 14.347725 13.959372
vertex -0.685623 14.368477 13.939372
vertex -0.665147 14.347725 13.939372
endloop
endfacet
facet normal 0 0 0
outer loop
vertex -0.665147 14.347725 13.959372
vertex -0.665147 14.368477 13.939372
vertex -0.685623 14.368477 13.939372
endloop
endfacet
facet normal 0 0 0
outer loop
vertex -0.665147 14.368477 13.939372
vertex -0.665147 14.347725 13.959372
vertex -0.665147 14.347725 13.939372
endloop
endfacet
facet normal 0 0 0
outer loop
vertex -0.685623 14.389231 13.939372
vertex -0.706099 14.368477 13.939372
vertex -0.685623 14.368477 13.939372
endloop
endfacet
facet normal 0 0 0
outer loop
vertex -0.665147 14.368477 13.939372
vertex -0.665147 14.389231 13.939372
vertex -0.685623 14.368477 13.939372
endloop
endfacet
facet normal 0 0 0
outer loop
vertex -0.665147 14.389231 13.939372
vertex -0.685623 14.389231 13.939372
vertex -0.685623 14.368477 13.939372
endloop
endfacet
facet normal 0 0 0
outer loop
vertex -0.665147 14.389231 13.939372
vertex -0.665147 14.409985 13.939372
vertex -0.685623 14.389231 13.939372
endloop
endfacet
facet normal 0 0 0
outer loop
vertex -0.706099 14.223205 13.959372
vertex -0.706099 14.243958 13.979372
vertex -0.706099 14.243958 13.959372
endloop
endfacet
facet normal 0 0 0
outer loop
vertex -0.685623 14.243958 13.959372
vertex -0.706099 14.243958 13.979372
vertex -0.706099 14.223205 13.959372
endloop
endfacet
facet normal 0 0 0
outer loop
vertex -0.706099 14.243958 13.959372
vertex -0.706099 14.243958 13.979372
vertex -0.706099 14.264711 13.959372
endloop
endfacet
facet normal 0 0 0
outer loop
vertex -0.706099 14.243958 13.979372
vertex -0.706099 14.264711 13.979372
vertex -0.706099 14.264711 13.959372
endloop
endfacet
facet normal 0 0 0
outer loop
vertex -0.685623 14.243958 13.959372
vertex -0.685623 14.264711 13.979372
vertex -0.706099 14.243958 13.979372
endloop
endfacet
facet normal 0 0 0
outer loop
vertex -0.685623 14.264711 13.979372
vertex -0.685623 14.243958 13.959372
vertex -0.685623 14.264711 13.959372
endloop
endfacet
facet normal 0 0 0
outer loop
vertex -0.706099 14.264711 13.959372
vertex -0.706099 14.264711 13.979372
vertex -0.706099 14.285464 13.959372
endloop
endfacet
facet normal 0 0 0
outer loop
vertex -0.706099 14.264711 13.979372
vertex -0.706099 14.285464 13.979372
vertex -0.706099 14.285464 13.959372
endloop
endfacet
facet normal 0 0 0
outer loop
vertex -0.665147 14.285464 13.959372
vertex -0.685623 14.285464 13.979372
vertex -0.685623 14.264711 13.959372
endloop
endfacet
facet normal 0 0 0
outer loop
vertex -0.685623 14.285464 13.979372
vertex -0.685623 14.264711 13.979372
vertex -0.685623 14.264711 13.959372
endloop
endfacet
facet normal 0 0 0
outer loop
vertex -0.706099 14.285464 13.959372
vertex -0.706099 14.285464 13.979372
vertex -0.706099 14.306217 13.959372
endloop
endfacet
facet normal 0 0 0
outer loop
vertex -0.706099 14.285464 13.979372
vertex -0.706099 14.306217 13.979372
vertex -0.706099 14.306217 13.959372
endloop
endfacet
facet normal 0 0 0
outer loop
vertex -0.665147 14.285464 13.959372
vertex -0.685623 14.306217 13.959372
vertex -0.685623 14.285464 13.979372
endloop
endfacet
facet normal 0 0 0
outer loop
vertex -0.685623 14.306217 13.959372
vertex -0.685623 14.306217 13.979372
vertex -0.685623 14.285464 13.979372
endloop
endfacet
facet normal 0 0 0
outer loop
vertex -0.706099 14.306217 13.959372
vertex -0.706099 14.306217 13.979372
vertex -0.706099 14.326971 13.959372
endloop
endfacet
facet normal 0 0 0
outer loop
vertex -0.706099 14.306217 13.979372
vertex -0.706099 14.326971 13.979372
vertex -0.706099 14.326971 13.959372
endloop
endfacet
facet normal 0 0 0
outer loop
vertex -0.685623 14.326971 13.959372
vertex -0.706099 14.326971 13.979372
vertex -0.685623 14.306217 13.979372
endloop
endfacet
facet normal 0 0 0
outer loop
vertex -0.665147 14.326971 13.959372
vertex -0.685623 14.326971 13.959372
vertex -0.685623 14.306217 13.979372
endloop
endfacet
facet normal 0 0 0
outer loop
vertex -0.665147 14.326971 13.959372
vertex -0.685623 14.306217 13.979372
vertex -0.685623 14.306217 13.959372
endloop
endfacet
facet normal 0 0 0
outer loop
vertex -0.706099 14.347725 13.979372
vertex -0.706099 14.326971 13.959372
vertex -0.706099 14.326971 13.979372
endloop
endfacet
facet normal 0 0 0
outer loop
vertex -0.685623 14.326971 13.959372
vertex -0.706099 14.347725 13.979372
vertex -0.706099 14.326971 13.979372
endloop
endfacet
facet normal 0 0 0
outer loop
vertex -0.685623 14.326971 13.959372
vertex -0.706099 14.326971 13.959372
vertex -0.706099 14.347725 13.979372
endloop
endfacet
facet normal 0 0 0
outer loop
vertex -0.665147 14.347725 13.959372
vertex -0.685623 14.326971 13.959372
vertex -0.665147 14.326971 13.959372
endloop
endfacet
facet normal 0 0 0
outer loop
vertex -0.706099 14.243958 13.979372
vertex -0.706099 14.223205 13.999372
vertex -0.706099 14.243958 13.999372
endloop
endfacet
facet normal 0 0 0
outer loop
vertex -0.706099 14.243958 13.979372
vertex -0.685623 14.243958 13.999372
vertex -0.706099 14.223205 13.999372
endloop
endfacet
facet normal 0 0 0
outer loop
vertex -0.706099 14.243958 13.979372
vertex -0.706099 14.243958 13.999372
vertex -0.706099 14.264711 13.979372
endloop
endfacet
facet normal 0 0 0
outer loop
vertex -0.706099 14.243958 13.999372
vertex -0.706099 14.264711 13.999372
vertex -0.706099 14.264711 13.979372
endloop
endfacet
facet normal 0 0 0
outer loop
vertex -0.706099 14.243958 13.979372
vertex -0.685623 14.264711 13.979372
vertex -0.685623 14.243958 13.999372
endloop
endfacet
facet normal 0 0 0
outer loop
vertex -0.665147 14.243958 13.999372
vertex -0.685623 14.243958 13.999372
vertex -0.685623 14.264711 13.979372
endloop
endfacet
facet normal 0 0 0
outer loop
vertex -0.665147 14.243958 13.999372
vertex -0.685623 14.264711 13.979372
vertex -0.685623 14.264711 13.999372
endloop
endfacet
facet normal 0 0 0
outer loop
vertex -0.706099 14.264711 13.979372
vertex -0.706099 14.264711 13.999372
vertex -0.706099 14.285464 13.979372
endloop
endfacet
facet normal 0 0 0
outer loop
vertex -0.706099 14.264711 13.999372
vertex -0.706099 14.285464 13.999372
vertex -0.706099 14.285464 13.979372
endloop
endfacet
facet normal 0 0 0
outer loop
vertex -0.665147 14.285464 13.999372
vertex -0.685623 14.264711 13.999372
vertex -0.685623 14.285464 13.979372
endloop
endfacet
facet normal 0 0 0
outer loop
vertex -0.685623 14.264711 13.999372
vertex -0.685623 14.264711 13.979372
vertex -0.685623 14.285464 13.979372
endloop
endfacet
facet normal 0 0 0
outer loop
vertex -0.706099 14.285464 13.979372
vertex -0.706099 14.285464 13.999372
vertex -0.706099 14.306217 13.979372
endloop
endfacet
facet normal 0 0 0
outer loop
vertex -0.706099 14.285464 13.999372
vertex -0.706099 14.306217 13.999372
vertex -0.706099 14.306217 13.979372
endloop
endfacet
facet normal 0 0 0
outer loop
vertex -0.665147 14.285464 13.999372
vertex -0.685623 14.306217 13.979372
vertex -0.665147 14.306217 13.999372
endloop
endfacet
facet normal 0 0 0
outer loop
vertex -0.685623 14.285464 13.979372
vertex -0.685623 14.306217 13.979372
vertex -0.665147 14.285464 13.999372
endloop
endfacet
facet normal 0 0 0
outer loop
vertex -0.665147 14.306217 13.999372
vertex -0.644672 14.285464 13.999372
vertex -0.665147 14.285464 13.999372
endloop
endfacet
facet normal 0 0 0
outer loop
vertex -0.706099 14.306217 13.979372
vertex -0.706099 14.306217 13.999372
vertex -0.706099 14.326971 13.979372
endloop
endfacet
facet normal 0 0 0
outer loop
vertex -0.706099 14.306217 13.999372
vertex -0.706099 14.326971 13.999372
vertex -0.706099 14.326971 13.979372
endloop
endfacet
facet normal 0 0 0
outer loop
vertex -0.685623 14.306217 13.979372
vertex -0.706099 14.326971 13.979372
vertex -0.685623 14.326971 13.999372
endloop
endfacet
facet normal 0 0 0
outer loop
vertex -0.685623 14.306217 13.979372
vertex -0.685623 14.326971 13.999372
vertex -0.665147 14.306217 13.999372
endloop
endfacet
facet normal 0 0 0
outer loop
vertex -0.685623 14.326971 13.999372
vertex -0.665147 14.326971 13.999372
vertex -0.665147 14.306217 13.999372
endloop
endfacet
facet normal 0 0 0
outer loop
vertex -0.706099 14.326971 13.979372
vertex -0.706099 14.326971 13.999372
vertex -0.706099 14.347725 13.979372
endloop
endfacet
facet normal 0 0 0
outer loop
vertex -0.706099 14.326971 13.999372
vertex -0.706099 14.347725 13.999372
vertex -0.706099 14.347725 13.979372
endloop
endfacet
facet normal 0 0 0
outer loop
vertex -0.685623 14.326971 13.999372
vertex -0.706099 14.347725 13.979372
vertex -0.685623 14.347725 13.999372
endloop
endfacet
facet normal 0 0 0
outer loop
vertex -0.706099 14.326971 13.979372
vertex -0.706099 14.347725 13.979372
vertex -0.685623 14.326971 13.999372
endloop
endfacet
facet normal 0 0 0
outer loop
vertex -0.685623 14.347725 13.999372
vertex -0.665147 14.326971 13.999372
vertex -0.685623 14.326971 13.999372
endloop
endfacet
facet normal 0 0 0
outer loop
vertex -0.685623 14.347725 13.999372
vertex -0.706099 14.347725 13.979372
vertex -0.706099 14.347725 13.999372
endloop
endfacet
facet normal 0 0 0
outer loop
vertex -0.706099 14.223205 13.999372
vertex -0.706099 14.243958 14.019372
vertex -0.706099 14.243958 13.999372
endloop
endfacet
facet normal 0 0 0
outer loop
vertex -0.685623 14.243958 13.999372
vertex -0.706099 14.243958 14.019372
vertex -0.706099 14.223205 13.999372
endloop
endfacet
facet normal 0 0 0
outer loop
vertex -0.706099 14.243958 13.999372
vertex -0.706099 14.243958 14.019372
vertex -0.706099 14.264711 13.999372
endloop
endfacet
facet normal 0 0 0
outer loop
vertex -0.706099 14.243958 14.019372
vertex -0.706099 14.264711 14.019372
vertex -0.706099 14.264711 13.999372
endloop
endfacet
facet normal 0 0 0
outer loop
vertex -0.685623 14.264711 13.999372
vertex -0.706099 14.243958 14.019372
vertex -0.685623 14.243958 13.999372
endloop
endfacet
facet normal 0 0 0
outer loop
vertex -0.706099 14.264711 14.019372
vertex -0.706099 14.243958 14.019372
vertex -0.685623 14.264711 13.999372
endloop
endfacet
facet normal 0 0 0
outer loop
vertex -0.665147 14.243958 13.999372
vertex -0.685623 14.264711 13.999372
vertex -0.685623 14.243958 13.999372
endloop
endfacet
facet normal 0 0 0
outer loop
vertex -0.706099 14.264711 13.999372
vertex -0.706099 14.264711 14.019372
vertex -0.706099 14.285464 13.999372
endloop
endfacet
facet normal 0 0 0
outer loop
vertex -0.706099 14.264711 14.019372
vertex -0.706099 14.285464 14.019372
vertex -0.706099 14.285464 13.999372
endloop
endfacet
facet normal 0 0 0
outer loop
vertex -0.685623 14.264711 13.999372
vertex -0.685623 14.285464 14.019372
vertex -0.706099 14.264711 14.019372
endloop
endfacet
facet normal 0 0 0
outer loop
vertex -0.665147 14.285464 13.999372
vertex -0.685623 14.285464 14.019372
vertex -0.685623 14.264711 13.999372
endloop
endfacet
facet normal 0 0 0
outer loop
vertex -0.706099 14.285464 13.999372
vertex -0.706099 14.285464 14.019372
vertex -0.706099 14.306217 13.999372
endloop
endfacet
facet normal 0 0 0
outer loop
vertex -0.706099 14.285464 14.019372
vertex -0.706099 14.306217 14.019372
vertex -0.706099 14.306217 13.999372
endloop
endfacet
facet normal 0 0 0
outer loop
vertex -0.665147 14.285464 13.999372
vertex -0.665147 14.306217 14.019372
vertex -0.685623 14.285464 14.019372
endloop
endfacet
facet normal 0 0 0
outer loop
vertex -0.644672 14.285464 13.999372
vertex -0.665147 14.306217 13.999372
vertex -0.665147 14.306217 14.019372
endloop
endfacet
facet normal 0 0 0
outer loop
vertex -0.644672 14.285464 13.999372
vertex -0.665147 14.306217 14.019372
vertex -0.665147 14.285464 13.999372
endloop
endfacet
facet normal 0 0 0
outer loop
vertex -0.706099 14.306217 14.019372
vertex -0.706099 14.326971 13.999372
vertex -0.706099 14.306217 13.999372
endloop
endfacet
facet normal 0 0 0
outer loop
vertex -0.706099 14.306217 14.019372
vertex -0.685623 14.326971 14.019372
vertex -0.706099 14.326971 13.999372
endloop
endfacet
facet normal 0 0 0
outer loop
vertex -0.665147 14.306217 13.999372
vertex -0.665147 14.326971 13.999372
vertex -0.665147 14.306217 14.019372
endloop
endfacet
facet normal 0 0 0
outer loop
vertex -0.665147 14.306217 14.019372
vertex -0.665147 14.326971 13.999372
vertex -0.665147 14.326971 14.019372
endloop
endfacet
facet normal 0 0 0
outer loop
vertex -0.685623 14.326971 14.019372
vertex -0.685623 14.347725 13.999372
vertex -0.706099 14.326971 13.999372
endloop
endfacet
facet normal 0 0 0
outer loop
vertex -0.685623 14.347725 13.999372
vertex -0.706099 14.347725 13.999372
vertex -0.706099 14.326971 13.999372
endloop
endfacet
facet normal 0 0 0
outer loop
vertex -0.685623 14.347725 13.999372
vertex -0.685623 14.326971 14.019372
vertex -0.665147 14.326971 13.999372
endloop
endfacet
facet normal 0 0 0
outer loop
vertex -0.685623 14.326971 14.019372
vertex -0.665147 14.326971 14.019372
vertex -0.665147 14.326971 13.999372
endloop
endfacet
facet normal 0 0 0
outer loop
vertex -0.706099 14.243958 14.039371
vertex -0.706099 14.264711 14.039371
vertex -0.706099 14.264711 14.019372
endloop
endfacet
facet normal 0 0 0
outer loop
vertex -0.685623 14.264711 14.039371
vertex -0.706099 14.243958 14.039371
vertex -0.706099 14.264711 14.019372
endloop
endfacet
facet normal 0 0 0
outer loop
vertex -0.706099 14.243958 14.039371
vertex -0.706099 14.243958 14.019372
vertex -0.706099 14.264711 14.019372
endloop
endfacet
facet normal 0 0 0
outer loop
vertex -0.706099 14.264711 14.019372
vertex -0.706099 14.264711 14.039371
vertex -0.706099 14.285464 14.019372
endloop
endfacet
facet normal 0 0 0
outer loop
vertex -0.706099 14.264711 14.039371
vertex -0.706099 14.285464 14.039371
vertex -0.706099 14.285464 14.019372
endloop
endfacet
facet normal 0 0 0
outer loop
vertex -0.706099 14.264711 14.019372
vertex -0.685623 14.285464 14.019372
vertex -0.685623 14.264711 14.039371
endloop
endfacet
facet normal 0 0 0
outer loop
vertex -0.685623 14.264711 14.039371
vertex -0.685623 14.285464 14.019372
vertex -0.685623 14.285464 14.039371
endloop
endfacet
facet normal 0 0 0
outer loop
vertex -0.706099 14.285464 14.019372
vertex -0.706099 14.285464 14.039371
vertex -0.706099 14.306217 14.019372
endloop
endfacet
facet normal 0 0 0
outer loop
vertex -0.706099 14.285464 14.039371
vertex -0.706099 14.306217 14.039371
vertex -0.706099 14.306217 14.019372
endloop
endfacet
facet normal 0 0 0
outer loop
vertex -0.685623 14.285464 14.019372
vertex -0.665147 14.306217 14.039371
vertex -0.685623 14.285464 14.039371
endloop
endfacet
facet normal 0 0 0
outer loop
vertex -0.665147 14.306217 14.019372
vertex -0.665147 14.306217 14.039371
vertex -0.685623 14.285464 14.019372
endloop
endfacet
facet normal 0 0 0
outer loop
vertex -0.706099 14.326971 14.039371
vertex -0.706099 14.306217 14.019372
vertex -0.706099 14.306217 14.039371
endloop
endfacet
facet normal 0 0 0
outer loop
vertex -0.706099 14.326971 14.039371
vertex -0.685623 14.306217 14.039371
vertex -0.706099 14.306217 14.019372
endloop
endfacet
facet normal 0 0 0
outer loop
vertex -0.685623 14.326971 14.019372
vertex -0.706099 14.306217 14.019372
vertex -0.685623 14.306217 14.039371
endloop
endfacet
facet normal 0 0 0
outer loop
vertex -0.685623 14.326971 14.019372
vertex -0.665147 14.306217 14.039371
vertex -0.665147 14.326971 14.019372
endloop
endfacet
facet normal 0 0 0
outer loop
vertex -0.685623 14.306217 14.039371
vertex -0.665147 14.306217 14.039371
vertex -0.685623 14.326971 14.019372
endloop
endfacet
facet normal 0 0 0
outer loop
vertex -0.665147 14.326971 14.019372
vertex -0.665147 14.306217 14.039371
vertex -0.665147 14.306217 14.019372
endloop
endfacet
facet normal 0 0 0
outer loop
vertex -0.685623 14.243958 14.059372
vertex -0.706099 14.243958 14.039371
vertex -0.706099 14.243958 14.059372
endloop
endfacet
facet normal 0 0 0
outer loop
vertex -0.706099 14.243958 14.059372
vertex -0.706099 14.243958 14.039371
vertex -0.706099 14.264711 14.039371
endloop
endfacet
facet normal 0 0 0
outer loop
vertex -0.706099 14.264711 14.039371
vertex -0.706099 14.243958 14.039371
vertex -0.685623 14.264711 14.039371
endloop
endfacet
facet normal 0 0 0
outer loop
vertex -0.706099 14.264711 14.039371
vertex -0.706099 14.285464 14.059372
vertex -0.706099 14.285464 14.039371
endloop
endfacet
facet normal 0 0 0
outer loop
vertex -0.685623 14.264711 14.039371
vertex -0.706099 14.285464 14.059372
vertex -0.706099 14.264711 14.039371
endloop
endfacet
facet normal 0 0 0
outer loop
vertex -0.685623 14.285464 14.059372
vertex -0.706099 14.285464 14.059372
vertex -0.685623 14.264711 14.039371
endloop
endfacet
facet normal 0 0 0
outer loop
vertex -0.685623 14.285464 14.059372
vertex -0.685623 14.264711 14.039371
vertex -0.685623 14.285464 14.039371
endloop
endfacet
facet normal 0 0 0
outer loop
vertex -0.706099 14.285464 14.059372
vertex -0.706099 14.306217 14.039371
vertex -0.706099 14.285464 14.039371
endloop
endfacet
facet normal 0 0 0
outer loop
vertex -0.706099 14.306217 14.039371
vertex -0.685623 14.285464 14.059372
vertex -0.685623 14.306217 14.039371
endloop
endfacet
facet normal 0 0 0
outer loop
vertex -0.706099 14.285464 14.059372
vertex -0.685623 14.285464 14.059372
vertex -0.706099 14.306217 14.039371
endloop
endfacet
facet normal 0 0 0
outer loop
vertex -0.665147 14.306217 14.039371
vertex -0.685623 14.306217 14.039371
vertex -0.685623 14.285464 14.059372
endloop
endfacet
facet normal 0 0 0
outer loop
vertex -0.665147 14.306217 14.039371
vertex -0.685623 14.285464 14.059372
vertex -0.685623 14.285464 14.039371
endloop
endfacet
facet normal 0 0 0
outer loop
vertex -0.685623 14.306217 14.039371
vertex -0.706099 14.326971 14.039371
vertex -0.706099 14.306217 14.039371
endloop
endfacet
endsolid B-16-Plag.336
