solid B-16-Plag.218
facet normal 0 0 0
outer loop
vertex 24.561037 5.735096 9.579372
vertex 24.540562 5.735096 9.579372
vertex 24.561037 5.755849 9.579372
endloop
endfacet
facet normal 0 0 0
outer loop
vertex 24.561037 5.755849 9.579372
vertex 24.540562 5.735096 9.579372
vertex 24.540562 5.755849 9.579372
endloop
endfacet
facet normal 0 0 0
outer loop
vertex 24.581514 5.755849 9.579372
vertex 24.561037 5.735096 9.579372
vertex 24.561037 5.755849 9.579372
endloop
endfacet
facet normal 0 0 0
outer loop
vertex 24.540562 5.755849 9.579372
vertex 24.520086 5.755849 9.579372
vertex 24.540562 5.776602 9.579372
endloop
endfacet
facet normal 0 0 0
outer loop
vertex 24.540562 5.776602 9.579372
vertex 24.520086 5.755849 9.579372
vertex 24.520086 5.776602 9.579372
endloop
endfacet
facet normal 0 0 0
outer loop
vertex 24.561037 5.755849 9.579372
vertex 24.540562 5.755849 9.579372
vertex 24.561037 5.776602 9.579372
endloop
endfacet
facet normal 0 0 0
outer loop
vertex 24.561037 5.776602 9.579372
vertex 24.540562 5.755849 9.579372
vertex 24.540562 5.776602 9.579372
endloop
endfacet
facet normal 0 0 0
outer loop
vertex 24.581514 5.755849 9.579372
vertex 24.561037 5.755849 9.579372
vertex 24.581514 5.776602 9.579372
endloop
endfacet
facet normal 0 0 0
outer loop
vertex 24.581514 5.776602 9.579372
vertex 24.561037 5.755849 9.579372
vertex 24.561037 5.776602 9.579372
endloop
endfacet
facet normal 0 0 0
outer loop
vertex 24.540562 5.776602 9.579372
vertex 24.520086 5.776602 9.579372
vertex 24.540562 5.797356 9.579372
endloop
endfacet
facet normal 0 0 0
outer loop
vertex 24.540562 5.797356 9.579372
vertex 24.520086 5.776602 9.579372
vertex 24.520086 5.797356 9.579372
endloop
endfacet
facet normal 0 0 0
outer loop
vertex 24.561037 5.776602 9.579372
vertex 24.540562 5.776602 9.579372
vertex 24.561037 5.797356 9.579372
endloop
endfacet
facet normal 0 0 0
outer loop
vertex 24.561037 5.797356 9.579372
vertex 24.540562 5.776602 9.579372
vertex 24.540562 5.797356 9.579372
endloop
endfacet
facet normal 0 0 0
outer loop
vertex 24.581514 5.776602 9.579372
vertex 24.561037 5.776602 9.579372
vertex 24.581514 5.797356 9.579372
endloop
endfacet
facet normal 0 0 0
outer loop
vertex 24.581514 5.797356 9.579372
vertex 24.561037 5.776602 9.579372
vertex 24.561037 5.797356 9.579372
endloop
endfacet
facet normal 0 0 0
outer loop
vertex 24.540562 5.797356 9.579372
vertex 24.520086 5.797356 9.579372
vertex 24.540562 5.818109 9.579372
endloop
endfacet
facet normal 0 0 0
outer loop
vertex 24.540562 5.818109 9.579372
vertex 24.520086 5.797356 9.579372
vertex 24.520086 5.818109 9.579372
endloop
endfacet
facet normal 0 0 0
outer loop
vertex 24.561037 5.797356 9.579372
vertex 24.540562 5.797356 9.579372
vertex 24.561037 5.818109 9.579372
endloop
endfacet
facet normal 0 0 0
outer loop
vertex 24.561037 5.818109 9.579372
vertex 24.540562 5.797356 9.579372
vertex 24.540562 5.818109 9.579372
endloop
endfacet
facet normal 0 0 0
outer loop
vertex 24.561037 5.818109 9.579372
vertex 24.581514 5.797356 9.579372
vertex 24.561037 5.797356 9.579372
endloop
endfacet
facet normal 0 0 0
outer loop
vertex 24.561037 5.735096 9.599372
vertex 24.540562 5.735096 9.579372
vertex 24.561037 5.735096 9.579372
endloop
endfacet
facet normal 0 0 0
outer loop
vertex 24.561037 5.735096 9.579372
vertex 24.581514 5.735096 9.599372
vertex 24.561037 5.735096 9.599372
endloop
endfacet
facet normal 0 0 0
outer loop
vertex 24.520086 5.755849 9.579372
vertex 24.540562 5.735096 9.579372
vertex 24.540562 5.755849 9.579372
endloop
endfacet
facet normal 0 0 0
outer loop
vertex 24.561037 5.755849 9.599372
vertex 24.540562 5.735096 9.579372
vertex 24.561037 5.735096 9.599372
endloop
endfacet
facet normal 0 0 0
outer loop
vertex 24.540562 5.755849 9.579372
vertex 24.540562 5.735096 9.579372
vertex 24.561037 5.755849 9.599372
endloop
endfacet
facet normal 0 0 0
outer loop
vertex 24.561037 5.735096 9.579372
vertex 24.581514 5.755849 9.579372
vertex 24.581514 5.735096 9.599372
endloop
endfacet
facet normal 0 0 0
outer loop
vertex 24.581514 5.755849 9.579372
vertex 24.601990 5.755849 9.599372
vertex 24.581514 5.735096 9.599372
endloop
endfacet
facet normal 0 0 0
outer loop
vertex 24.601990 5.755849 9.599372
vertex 24.601990 5.735096 9.599372
vertex 24.581514 5.735096 9.599372
endloop
endfacet
facet normal 0 0 0
outer loop
vertex 24.622465 5.735096 9.599372
vertex 24.601990 5.735096 9.599372
vertex 24.622465 5.755849 9.599372
endloop
endfacet
facet normal 0 0 0
outer loop
vertex 24.622465 5.755849 9.599372
vertex 24.601990 5.735096 9.599372
vertex 24.601990 5.755849 9.599372
endloop
endfacet
facet normal 0 0 0
outer loop
vertex 24.540562 5.776602 9.599372
vertex 24.520086 5.776602 9.579372
vertex 24.540562 5.755849 9.579372
endloop
endfacet
facet normal 0 0 0
outer loop
vertex 24.520086 5.776602 9.579372
vertex 24.520086 5.755849 9.579372
vertex 24.540562 5.755849 9.579372
endloop
endfacet
facet normal 0 0 0
outer loop
vertex 24.561037 5.755849 9.599372
vertex 24.540562 5.776602 9.599372
vertex 24.540562 5.755849 9.579372
endloop
endfacet
facet normal 0 0 0
outer loop
vertex 24.601990 5.755849 9.599372
vertex 24.581514 5.776602 9.579372
vertex 24.601990 5.776602 9.599372
endloop
endfacet
facet normal 0 0 0
outer loop
vertex 24.581514 5.755849 9.579372
vertex 24.581514 5.776602 9.579372
vertex 24.601990 5.755849 9.599372
endloop
endfacet
facet normal 0 0 0
outer loop
vertex 24.622465 5.755849 9.599372
vertex 24.601990 5.755849 9.599372
vertex 24.622465 5.776602 9.599372
endloop
endfacet
facet normal 0 0 0
outer loop
vertex 24.622465 5.776602 9.599372
vertex 24.601990 5.755849 9.599372
vertex 24.601990 5.776602 9.599372
endloop
endfacet
facet normal 0 0 0
outer loop
vertex 24.540562 5.797356 9.599372
vertex 24.520086 5.776602 9.579372
vertex 24.540562 5.776602 9.599372
endloop
endfacet
facet normal 0 0 0
outer loop
vertex 24.520086 5.797356 9.579372
vertex 24.520086 5.776602 9.579372
vertex 24.540562 5.797356 9.599372
endloop
endfacet
facet normal 0 0 0
outer loop
vertex 24.601990 5.776602 9.599372
vertex 24.581514 5.797356 9.579372
vertex 24.601990 5.797356 9.599372
endloop
endfacet
facet normal 0 0 0
outer loop
vertex 24.581514 5.776602 9.579372
vertex 24.581514 5.797356 9.579372
vertex 24.601990 5.776602 9.599372
endloop
endfacet
facet normal 0 0 0
outer loop
vertex 24.601990 5.797356 9.599372
vertex 24.622465 5.776602 9.599372
vertex 24.601990 5.776602 9.599372
endloop
endfacet
facet normal 0 0 0
outer loop
vertex 24.540562 5.797356 9.599372
vertex 24.540562 5.818109 9.579372
vertex 24.520086 5.797356 9.579372
endloop
endfacet
facet normal 0 0 0
outer loop
vertex 24.540562 5.818109 9.579372
vertex 24.561037 5.797356 9.599372
vertex 24.561037 5.818109 9.579372
endloop
endfacet
facet normal 0 0 0
outer loop
vertex 24.540562 5.797356 9.599372
vertex 24.561037 5.797356 9.599372
vertex 24.540562 5.818109 9.579372
endloop
endfacet
facet normal 0 0 0
outer loop
vertex 24.561037 5.818109 9.579372
vertex 24.561037 5.797356 9.599372
vertex 24.581514 5.797356 9.579372
endloop
endfacet
facet normal 0 0 0
outer loop
vertex 24.561037 5.797356 9.599372
vertex 24.581514 5.797356 9.599372
vertex 24.581514 5.797356 9.579372
endloop
endfacet
facet normal 0 0 0
outer loop
vertex 24.601990 5.797356 9.599372
vertex 24.581514 5.797356 9.579372
vertex 24.581514 5.797356 9.599372
endloop
endfacet
facet normal 0 0 0
outer loop
vertex 24.561037 5.693589 9.619371
vertex 24.540562 5.714342 9.619371
vertex 24.561037 5.714342 9.619371
endloop
endfacet
facet normal 0 0 0
outer loop
vertex 24.581514 5.693589 9.619371
vertex 24.561037 5.693589 9.619371
vertex 24.581514 5.714342 9.619371
endloop
endfacet
facet normal 0 0 0
outer loop
vertex 24.581514 5.714342 9.619371
vertex 24.561037 5.693589 9.619371
vertex 24.561037 5.714342 9.619371
endloop
endfacet
facet normal 0 0 0
outer loop
vertex 24.601990 5.693589 9.619371
vertex 24.581514 5.693589 9.619371
vertex 24.601990 5.714342 9.619371
endloop
endfacet
facet normal 0 0 0
outer loop
vertex 24.601990 5.714342 9.619371
vertex 24.581514 5.693589 9.619371
vertex 24.581514 5.714342 9.619371
endloop
endfacet
facet normal 0 0 0
outer loop
vertex 24.622465 5.693589 9.619371
vertex 24.601990 5.693589 9.619371
vertex 24.622465 5.714342 9.619371
endloop
endfacet
facet normal 0 0 0
outer loop
vertex 24.622465 5.714342 9.619371
vertex 24.601990 5.693589 9.619371
vertex 24.601990 5.714342 9.619371
endloop
endfacet
facet normal 0 0 0
outer loop
vertex 24.642941 5.714342 9.619371
vertex 24.622465 5.693589 9.619371
vertex 24.622465 5.714342 9.619371
endloop
endfacet
facet normal 0 0 0
outer loop
vertex 24.561037 5.735096 9.599372
vertex 24.561037 5.714342 9.619371
vertex 24.540562 5.735096 9.619371
endloop
endfacet
facet normal 0 0 0
outer loop
vertex 24.561037 5.714342 9.619371
vertex 24.540562 5.714342 9.619371
vertex 24.540562 5.735096 9.619371
endloop
endfacet
facet normal 0 0 0
outer loop
vertex 24.581514 5.735096 9.599372
vertex 24.561037 5.714342 9.619371
vertex 24.561037 5.735096 9.599372
endloop
endfacet
facet normal 0 0 0
outer loop
vertex 24.581514 5.714342 9.619371
vertex 24.561037 5.714342 9.619371
vertex 24.581514 5.735096 9.599372
endloop
endfacet
facet normal 0 0 0
outer loop
vertex 24.601990 5.735096 9.599372
vertex 24.581514 5.714342 9.619371
vertex 24.581514 5.735096 9.599372
endloop
endfacet
facet normal 0 0 0
outer loop
vertex 24.601990 5.714342 9.619371
vertex 24.581514 5.714342 9.619371
vertex 24.601990 5.735096 9.599372
endloop
endfacet
facet normal 0 0 0
outer loop
vertex 24.622465 5.735096 9.599372
vertex 24.601990 5.714342 9.619371
vertex 24.601990 5.735096 9.599372
endloop
endfacet
facet normal 0 0 0
outer loop
vertex 24.622465 5.714342 9.619371
vertex 24.601990 5.714342 9.619371
vertex 24.622465 5.735096 9.599372
endloop
endfacet
facet normal 0 0 0
outer loop
vertex 24.622465 5.735096 9.599372
vertex 24.642941 5.735096 9.619371
vertex 24.622465 5.714342 9.619371
endloop
endfacet
facet normal 0 0 0
outer loop
vertex 24.642941 5.735096 9.619371
vertex 24.642941 5.714342 9.619371
vertex 24.622465 5.714342 9.619371
endloop
endfacet
facet normal 0 0 0
outer loop
vertex 24.540562 5.735096 9.619371
vertex 24.520086 5.755849 9.619371
vertex 24.540562 5.755849 9.619371
endloop
endfacet
facet normal 0 0 0
outer loop
vertex 24.561037 5.735096 9.599372
vertex 24.540562 5.755849 9.619371
vertex 24.561037 5.755849 9.599372
endloop
endfacet
facet normal 0 0 0
outer loop
vertex 24.540562 5.735096 9.619371
vertex 24.540562 5.755849 9.619371
vertex 24.561037 5.735096 9.599372
endloop
endfacet
facet normal 0 0 0
outer loop
vertex 24.642941 5.735096 9.619371
vertex 24.622465 5.755849 9.599372
vertex 24.642941 5.755849 9.619371
endloop
endfacet
facet normal 0 0 0
outer loop
vertex 24.622465 5.735096 9.599372
vertex 24.622465 5.755849 9.599372
vertex 24.642941 5.735096 9.619371
endloop
endfacet
facet normal 0 0 0
outer loop
vertex 24.540562 5.776602 9.599372
vertex 24.540562 5.755849 9.619371
vertex 24.520086 5.776602 9.619371
endloop
endfacet
facet normal 0 0 0
outer loop
vertex 24.540562 5.755849 9.619371
vertex 24.520086 5.755849 9.619371
vertex 24.520086 5.776602 9.619371
endloop
endfacet
facet normal 0 0 0
outer loop
vertex 24.561037 5.755849 9.599372
vertex 24.540562 5.755849 9.619371
vertex 24.540562 5.776602 9.599372
endloop
endfacet
facet normal 0 0 0
outer loop
vertex 24.642941 5.755849 9.619371
vertex 24.622465 5.776602 9.599372
vertex 24.642941 5.776602 9.619371
endloop
endfacet
facet normal 0 0 0
outer loop
vertex 24.622465 5.755849 9.599372
vertex 24.622465 5.776602 9.599372
vertex 24.642941 5.755849 9.619371
endloop
endfacet
facet normal 0 0 0
outer loop
vertex 24.540562 5.776602 9.599372
vertex 24.520086 5.797356 9.619371
vertex 24.540562 5.797356 9.599372
endloop
endfacet
facet normal 0 0 0
outer loop
vertex 24.520086 5.776602 9.619371
vertex 24.520086 5.797356 9.619371
vertex 24.540562 5.776602 9.599372
endloop
endfacet
facet normal 0 0 0
outer loop
vertex 24.622465 5.776602 9.599372
vertex 24.601990 5.797356 9.599372
vertex 24.622465 5.797356 9.619371
endloop
endfacet
facet normal 0 0 0
outer loop
vertex 24.622465 5.776602 9.599372
vertex 24.622465 5.797356 9.619371
vertex 24.642941 5.776602 9.619371
endloop
endfacet
facet normal 0 0 0
outer loop
vertex 24.540562 5.797356 9.599372
vertex 24.520086 5.797356 9.619371
vertex 24.540562 5.818109 9.619371
endloop
endfacet
facet normal 0 0 0
outer loop
vertex 24.520086 5.797356 9.619371
vertex 24.520086 5.818109 9.619371
vertex 24.540562 5.818109 9.619371
endloop
endfacet
facet normal 0 0 0
outer loop
vertex 24.540562 5.797356 9.599372
vertex 24.561037 5.818109 9.619371
vertex 24.561037 5.797356 9.599372
endloop
endfacet
facet normal 0 0 0
outer loop
vertex 24.540562 5.818109 9.619371
vertex 24.561037 5.818109 9.619371
vertex 24.540562 5.797356 9.599372
endloop
endfacet
facet normal 0 0 0
outer loop
vertex 24.561037 5.797356 9.599372
vertex 24.581514 5.818109 9.619371
vertex 24.581514 5.797356 9.599372
endloop
endfacet
facet normal 0 0 0
outer loop
vertex 24.561037 5.818109 9.619371
vertex 24.581514 5.818109 9.619371
vertex 24.561037 5.797356 9.599372
endloop
endfacet
facet normal 0 0 0
outer loop
vertex 24.581514 5.797356 9.599372
vertex 24.601990 5.818109 9.619371
vertex 24.601990 5.797356 9.599372
endloop
endfacet
facet normal 0 0 0
outer loop
vertex 24.581514 5.818109 9.619371
vertex 24.601990 5.818109 9.619371
vertex 24.581514 5.797356 9.599372
endloop
endfacet
facet normal 0 0 0
outer loop
vertex 24.601990 5.797356 9.599372
vertex 24.601990 5.818109 9.619371
vertex 24.622465 5.797356 9.619371
endloop
endfacet
facet normal 0 0 0
outer loop
vertex 24.601990 5.818109 9.619371
vertex 24.622465 5.818109 9.619371
vertex 24.622465 5.797356 9.619371
endloop
endfacet
facet normal 0 0 0
outer loop
vertex 24.520086 5.818109 9.619371
vertex 24.540562 5.838862 9.619371
vertex 24.540562 5.818109 9.619371
endloop
endfacet
facet normal 0 0 0
outer loop
vertex 24.561037 5.818109 9.619371
vertex 24.540562 5.818109 9.619371
vertex 24.561037 5.838862 9.619371
endloop
endfacet
facet normal 0 0 0
outer loop
vertex 24.561037 5.838862 9.619371
vertex 24.540562 5.818109 9.619371
vertex 24.540562 5.838862 9.619371
endloop
endfacet
facet normal 0 0 0
outer loop
vertex 24.581514 5.818109 9.619371
vertex 24.561037 5.818109 9.619371
vertex 24.581514 5.838862 9.619371
endloop
endfacet
facet normal 0 0 0
outer loop
vertex 24.581514 5.838862 9.619371
vertex 24.561037 5.818109 9.619371
vertex 24.561037 5.838862 9.619371
endloop
endfacet
facet normal 0 0 0
outer loop
vertex 24.601990 5.818109 9.619371
vertex 24.581514 5.818109 9.619371
vertex 24.601990 5.838862 9.619371
endloop
endfacet
facet normal 0 0 0
outer loop
vertex 24.601990 5.838862 9.619371
vertex 24.581514 5.818109 9.619371
vertex 24.581514 5.838862 9.619371
endloop
endfacet
facet normal 0 0 0
outer loop
vertex 24.622465 5.818109 9.619371
vertex 24.601990 5.818109 9.619371
vertex 24.622465 5.838862 9.619371
endloop
endfacet
facet normal 0 0 0
outer loop
vertex 24.622465 5.838862 9.619371
vertex 24.601990 5.818109 9.619371
vertex 24.601990 5.838862 9.619371
endloop
endfacet
facet normal 0 0 0
outer loop
vertex 24.561037 5.838862 9.619371
vertex 24.540562 5.838862 9.619371
vertex 24.561037 5.859615 9.619371
endloop
endfacet
facet normal 0 0 0
outer loop
vertex 24.561037 5.859615 9.619371
vertex 24.540562 5.838862 9.619371
vertex 24.540562 5.859615 9.619371
endloop
endfacet
facet normal 0 0 0
outer loop
vertex 24.581514 5.838862 9.619371
vertex 24.561037 5.838862 9.619371
vertex 24.581514 5.859615 9.619371
endloop
endfacet
facet normal 0 0 0
outer loop
vertex 24.581514 5.859615 9.619371
vertex 24.561037 5.838862 9.619371
vertex 24.561037 5.859615 9.619371
endloop
endfacet
facet normal 0 0 0
outer loop
vertex 24.581514 5.859615 9.619371
vertex 24.601990 5.838862 9.619371
vertex 24.581514 5.838862 9.619371
endloop
endfacet
facet normal 0 0 0
outer loop
vertex 24.581514 5.672835 9.639372
vertex 24.561037 5.693589 9.639372
vertex 24.581514 5.693589 9.619371
endloop
endfacet
facet normal 0 0 0
outer loop
vertex 24.561037 5.693589 9.639372
vertex 24.561037 5.693589 9.619371
vertex 24.581514 5.693589 9.619371
endloop
endfacet
facet normal 0 0 0
outer loop
vertex 24.601990 5.693589 9.619371
vertex 24.581514 5.672835 9.639372
vertex 24.581514 5.693589 9.619371
endloop
endfacet
facet normal 0 0 0
outer loop
vertex 24.601990 5.672835 9.639372
vertex 24.581514 5.672835 9.639372
vertex 24.601990 5.693589 9.619371
endloop
endfacet
facet normal 0 0 0
outer loop
vertex 24.601990 5.672835 9.639372
vertex 24.601990 5.693589 9.619371
vertex 24.622465 5.693589 9.639372
endloop
endfacet
facet normal 0 0 0
outer loop
vertex 24.601990 5.693589 9.619371
vertex 24.622465 5.693589 9.619371
vertex 24.622465 5.693589 9.639372
endloop
endfacet
facet normal 0 0 0
outer loop
vertex 24.561037 5.693589 9.639372
vertex 24.540562 5.714342 9.619371
vertex 24.561037 5.693589 9.619371
endloop
endfacet
facet normal 0 0 0
outer loop
vertex 24.540562 5.714342 9.639372
vertex 24.540562 5.714342 9.619371
vertex 24.561037 5.693589 9.639372
endloop
endfacet
facet normal 0 0 0
outer loop
vertex 24.622465 5.693589 9.619371
vertex 24.642941 5.714342 9.639372
vertex 24.622465 5.693589 9.639372
endloop
endfacet
facet normal 0 0 0
outer loop
vertex 24.642941 5.714342 9.619371
vertex 24.642941 5.714342 9.639372
vertex 24.622465 5.693589 9.619371
endloop
endfacet
facet normal 0 0 0
outer loop
vertex 24.520086 5.735096 9.639372
vertex 24.540562 5.735096 9.619371
vertex 24.540562 5.714342 9.639372
endloop
endfacet
facet normal 0 0 0
outer loop
vertex 24.540562 5.735096 9.619371
vertex 24.540562 5.714342 9.619371
vertex 24.540562 5.714342 9.639372
endloop
endfacet
facet normal 0 0 0
outer loop
vertex 24.642941 5.714342 9.619371
vertex 24.642941 5.735096 9.619371
vertex 24.642941 5.714342 9.639372
endloop
endfacet
facet normal 0 0 0
outer loop
vertex 24.642941 5.714342 9.639372
vertex 24.642941 5.735096 9.619371
vertex 24.642941 5.735096 9.639372
endloop
endfacet
facet normal 0 0 0
outer loop
vertex 24.520086 5.755849 9.619371
vertex 24.520086 5.735096 9.639372
vertex 24.520086 5.755849 9.639372
endloop
endfacet
facet normal 0 0 0
outer loop
vertex 24.540562 5.735096 9.619371
vertex 24.520086 5.735096 9.639372
vertex 24.520086 5.755849 9.619371
endloop
endfacet
facet normal 0 0 0
outer loop
vertex 24.642941 5.755849 9.619371
vertex 24.622465 5.755849 9.639372
vertex 24.642941 5.735096 9.639372
endloop
endfacet
facet normal 0 0 0
outer loop
vertex 24.642941 5.755849 9.619371
vertex 24.642941 5.735096 9.639372
vertex 24.642941 5.735096 9.619371
endloop
endfacet
facet normal 0 0 0
outer loop
vertex 24.499611 5.776602 9.639372
vertex 24.520086 5.776602 9.619371
vertex 24.520086 5.755849 9.639372
endloop
endfacet
facet normal 0 0 0
outer loop
vertex 24.520086 5.776602 9.619371
vertex 24.520086 5.755849 9.619371
vertex 24.520086 5.755849 9.639372
endloop
endfacet
facet normal 0 0 0
outer loop
vertex 24.642941 5.776602 9.619371
vertex 24.622465 5.755849 9.639372
vertex 24.642941 5.755849 9.619371
endloop
endfacet
facet normal 0 0 0
outer loop
vertex 24.622465 5.776602 9.639372
vertex 24.622465 5.755849 9.639372
vertex 24.642941 5.776602 9.619371
endloop
endfacet
facet normal 0 0 0
outer loop
vertex 24.520086 5.776602 9.619371
vertex 24.499611 5.797356 9.639372
vertex 24.520086 5.797356 9.619371
endloop
endfacet
facet normal 0 0 0
outer loop
vertex 24.499611 5.776602 9.639372
vertex 24.499611 5.797356 9.639372
vertex 24.520086 5.776602 9.619371
endloop
endfacet
facet normal 0 0 0
outer loop
vertex 24.642941 5.776602 9.619371
vertex 24.622465 5.797356 9.619371
vertex 24.622465 5.776602 9.639372
endloop
endfacet
facet normal 0 0 0
outer loop
vertex 24.622465 5.797356 9.619371
vertex 24.622465 5.797356 9.639372
vertex 24.622465 5.776602 9.639372
endloop
endfacet
facet normal 0 0 0
outer loop
vertex 24.499611 5.797356 9.639372
vertex 24.520086 5.818109 9.639372
vertex 24.520086 5.797356 9.619371
endloop
endfacet
facet normal 0 0 0
outer loop
vertex 24.520086 5.818109 9.639372
vertex 24.520086 5.818109 9.619371
vertex 24.520086 5.797356 9.619371
endloop
endfacet
facet normal 0 0 0
outer loop
vertex 24.622465 5.818109 9.619371
vertex 24.601990 5.818109 9.639372
vertex 24.622465 5.797356 9.639372
endloop
endfacet
facet normal 0 0 0
outer loop
vertex 24.622465 5.818109 9.619371
vertex 24.622465 5.797356 9.639372
vertex 24.622465 5.797356 9.619371
endloop
endfacet
facet normal 0 0 0
outer loop
vertex 24.520086 5.838862 9.639372
vertex 24.520086 5.818109 9.619371
vertex 24.520086 5.818109 9.639372
endloop
endfacet
facet normal 0 0 0
outer loop
vertex 24.520086 5.818109 9.619371
vertex 24.520086 5.838862 9.639372
vertex 24.540562 5.838862 9.619371
endloop
endfacet
facet normal 0 0 0
outer loop
vertex 24.601990 5.838862 9.619371
vertex 24.581514 5.838862 9.639372
vertex 24.601990 5.818109 9.639372
endloop
endfacet
facet normal 0 0 0
outer loop
vertex 24.601990 5.818109 9.639372
vertex 24.622465 5.818109 9.619371
vertex 24.601990 5.838862 9.619371
endloop
endfacet
facet normal 0 0 0
outer loop
vertex 24.622465 5.818109 9.619371
vertex 24.622465 5.838862 9.619371
vertex 24.601990 5.838862 9.619371
endloop
endfacet
facet normal 0 0 0
outer loop
vertex 24.520086 5.838862 9.639372
vertex 24.540562 5.859615 9.639372
vertex 24.540562 5.838862 9.619371
endloop
endfacet
facet normal 0 0 0
outer loop
vertex 24.540562 5.859615 9.639372
vertex 24.540562 5.859615 9.619371
vertex 24.540562 5.838862 9.619371
endloop
endfacet
facet normal 0 0 0
outer loop
vertex 24.561037 5.859615 9.619371
vertex 24.540562 5.859615 9.639372
vertex 24.561037 5.838862 9.639372
endloop
endfacet
facet normal 0 0 0
outer loop
vertex 24.561037 5.859615 9.619371
vertex 24.581514 5.838862 9.639372
vertex 24.581514 5.859615 9.619371
endloop
endfacet
facet normal 0 0 0
outer loop
vertex 24.561037 5.838862 9.639372
vertex 24.581514 5.838862 9.639372
vertex 24.561037 5.859615 9.619371
endloop
endfacet
facet normal 0 0 0
outer loop
vertex 24.601990 5.838862 9.619371
vertex 24.581514 5.859615 9.619371
vertex 24.581514 5.838862 9.639372
endloop
endfacet
facet normal 0 0 0
outer loop
vertex 24.540562 5.859615 9.639372
vertex 24.561037 5.859615 9.619371
vertex 24.540562 5.859615 9.619371
endloop
endfacet
facet normal 0 0 0
outer loop
vertex 24.581514 5.880369 9.619371
vertex 24.561037 5.859615 9.619371
vertex 24.581514 5.859615 9.619371
endloop
endfacet
facet normal 0 0 0
outer loop
vertex 24.601990 5.631329 9.659372
vertex 24.581514 5.652082 9.659372
vertex 24.601990 5.652082 9.659372
endloop
endfacet
facet normal 0 0 0
outer loop
vertex 24.622465 5.652082 9.659372
vertex 24.601990 5.631329 9.659372
vertex 24.601990 5.652082 9.659372
endloop
endfacet
facet normal 0 0 0
outer loop
vertex 24.581514 5.672835 9.639372
vertex 24.581514 5.652082 9.659372
vertex 24.561037 5.672835 9.659372
endloop
endfacet
facet normal 0 0 0
outer loop
vertex 24.581514 5.652082 9.659372
vertex 24.561037 5.652082 9.659372
vertex 24.561037 5.672835 9.659372
endloop
endfacet
facet normal 0 0 0
outer loop
vertex 24.601990 5.672835 9.639372
vertex 24.581514 5.652082 9.659372
vertex 24.581514 5.672835 9.639372
endloop
endfacet
facet normal 0 0 0
outer loop
vertex 24.601990 5.652082 9.659372
vertex 24.581514 5.652082 9.659372
vertex 24.601990 5.672835 9.639372
endloop
endfacet
facet normal 0 0 0
outer loop
vertex 24.601990 5.672835 9.639372
vertex 24.622465 5.672835 9.659372
vertex 24.601990 5.652082 9.659372
endloop
endfacet
facet normal 0 0 0
outer loop
vertex 24.622465 5.672835 9.659372
vertex 24.622465 5.652082 9.659372
vertex 24.601990 5.652082 9.659372
endloop
endfacet
facet normal 0 0 0
outer loop
vertex 24.642941 5.672835 9.659372
vertex 24.622465 5.652082 9.659372
vertex 24.622465 5.672835 9.659372
endloop
endfacet
facet normal 0 0 0
outer loop
vertex 24.561037 5.672835 9.659372
vertex 24.540562 5.693589 9.659372
vertex 24.561037 5.693589 9.639372
endloop
endfacet
facet normal 0 0 0
outer loop
vertex 24.581514 5.672835 9.639372
vertex 24.561037 5.672835 9.659372
vertex 24.561037 5.693589 9.639372
endloop
endfacet
facet normal 0 0 0
outer loop
vertex 24.601990 5.672835 9.639372
vertex 24.622465 5.693589 9.639372
vertex 24.622465 5.672835 9.659372
endloop
endfacet
facet normal 0 0 0
outer loop
vertex 24.622465 5.693589 9.639372
vertex 24.642941 5.693589 9.659372
vertex 24.622465 5.672835 9.659372
endloop
endfacet
facet normal 0 0 0
outer loop
vertex 24.642941 5.693589 9.659372
vertex 24.642941 5.672835 9.659372
vertex 24.622465 5.672835 9.659372
endloop
endfacet
facet normal 0 0 0
outer loop
vertex 24.540562 5.714342 9.639372
vertex 24.540562 5.693589 9.659372
vertex 24.540562 5.714342 9.659372
endloop
endfacet
facet normal 0 0 0
outer loop
vertex 24.561037 5.693589 9.639372
vertex 24.540562 5.693589 9.659372
vertex 24.540562 5.714342 9.639372
endloop
endfacet
facet normal 0 0 0
outer loop
vertex 24.622465 5.693589 9.639372
vertex 24.642941 5.714342 9.639372
vertex 24.642941 5.693589 9.659372
endloop
endfacet
facet normal 0 0 0
outer loop
vertex 24.642941 5.693589 9.659372
vertex 24.642941 5.714342 9.639372
vertex 24.642941 5.714342 9.659372
endloop
endfacet
facet normal 0 0 0
outer loop
vertex 24.520086 5.735096 9.639372
vertex 24.540562 5.714342 9.639372
vertex 24.540562 5.735096 9.659372
endloop
endfacet
facet normal 0 0 0
outer loop
vertex 24.540562 5.714342 9.639372
vertex 24.540562 5.714342 9.659372
vertex 24.540562 5.735096 9.659372
endloop
endfacet
facet normal 0 0 0
outer loop
vertex 24.642941 5.714342 9.639372
vertex 24.642941 5.735096 9.639372
vertex 24.642941 5.714342 9.659372
endloop
endfacet
facet normal 0 0 0
outer loop
vertex 24.642941 5.714342 9.659372
vertex 24.642941 5.735096 9.639372
vertex 24.642941 5.735096 9.659372
endloop
endfacet
facet normal 0 0 0
outer loop
vertex 24.540562 5.755849 9.659372
vertex 24.520086 5.735096 9.639372
vertex 24.540562 5.735096 9.659372
endloop
endfacet
facet normal 0 0 0
outer loop
vertex 24.520086 5.755849 9.639372
vertex 24.520086 5.735096 9.639372
vertex 24.540562 5.755849 9.659372
endloop
endfacet
facet normal 0 0 0
outer loop
vertex 24.642941 5.735096 9.639372
vertex 24.622465 5.755849 9.639372
vertex 24.642941 5.755849 9.659372
endloop
endfacet
facet normal 0 0 0
outer loop
vertex 24.642941 5.735096 9.639372
vertex 24.642941 5.755849 9.659372
vertex 24.642941 5.735096 9.659372
endloop
endfacet
facet normal 0 0 0
outer loop
vertex 24.520086 5.755849 9.639372
vertex 24.520086 5.776602 9.659372
vertex 24.499611 5.776602 9.639372
endloop
endfacet
facet normal 0 0 0
outer loop
vertex 24.540562 5.755849 9.659372
vertex 24.520086 5.776602 9.659372
vertex 24.520086 5.755849 9.639372
endloop
endfacet
facet normal 0 0 0
outer loop
vertex 24.642941 5.755849 9.659372
vertex 24.622465 5.776602 9.639372
vertex 24.642941 5.776602 9.659372
endloop
endfacet
facet normal 0 0 0
outer loop
vertex 24.622465 5.755849 9.639372
vertex 24.622465 5.776602 9.639372
vertex 24.642941 5.755849 9.659372
endloop
endfacet
facet normal 0 0 0
outer loop
vertex 24.520086 5.797356 9.659372
vertex 24.499611 5.776602 9.639372
vertex 24.520086 5.776602 9.659372
endloop
endfacet
facet normal 0 0 0
outer loop
vertex 24.499611 5.797356 9.639372
vertex 24.499611 5.776602 9.639372
vertex 24.520086 5.797356 9.659372
endloop
endfacet
facet normal 0 0 0
outer loop
vertex 24.642941 5.776602 9.659372
vertex 24.622465 5.797356 9.639372
vertex 24.642941 5.797356 9.659372
endloop
endfacet
facet normal 0 0 0
outer loop
vertex 24.622465 5.776602 9.639372
vertex 24.622465 5.797356 9.639372
vertex 24.642941 5.776602 9.659372
endloop
endfacet
facet normal 0 0 0
outer loop
vertex 24.499611 5.797356 9.639372
vertex 24.520086 5.797356 9.659372
vertex 24.520086 5.818109 9.639372
endloop
endfacet
facet normal 0 0 0
outer loop
vertex 24.520086 5.797356 9.659372
vertex 24.520086 5.818109 9.659372
vertex 24.520086 5.818109 9.639372
endloop
endfacet
facet normal 0 0 0
outer loop
vertex 24.622465 5.797356 9.639372
vertex 24.601990 5.818109 9.639372
vertex 24.622465 5.818109 9.659372
endloop
endfacet
facet normal 0 0 0
outer loop
vertex 24.622465 5.797356 9.639372
vertex 24.622465 5.818109 9.659372
vertex 24.642941 5.797356 9.659372
endloop
endfacet
facet normal 0 0 0
outer loop
vertex 24.520086 5.818109 9.639372
vertex 24.520086 5.818109 9.659372
vertex 24.520086 5.838862 9.639372
endloop
endfacet
facet normal 0 0 0
outer loop
vertex 24.520086 5.818109 9.659372
vertex 24.520086 5.838862 9.659372
vertex 24.520086 5.838862 9.639372
endloop
endfacet
facet normal 0 0 0
outer loop
vertex 24.601990 5.818109 9.639372
vertex 24.581514 5.838862 9.639372
vertex 24.601990 5.838862 9.659372
endloop
endfacet
facet normal 0 0 0
outer loop
vertex 24.601990 5.818109 9.639372
vertex 24.601990 5.838862 9.659372
vertex 24.622465 5.818109 9.659372
endloop
endfacet
facet normal 0 0 0
outer loop
vertex 24.601990 5.838862 9.659372
vertex 24.622465 5.838862 9.659372
vertex 24.622465 5.818109 9.659372
endloop
endfacet
facet normal 0 0 0
outer loop
vertex 24.540562 5.859615 9.639372
vertex 24.520086 5.838862 9.639372
vertex 24.540562 5.838862 9.659372
endloop
endfacet
facet normal 0 0 0
outer loop
vertex 24.520086 5.838862 9.639372
vertex 24.520086 5.838862 9.659372
vertex 24.540562 5.838862 9.659372
endloop
endfacet
facet normal 0 0 0
outer loop
vertex 24.540562 5.859615 9.639372
vertex 24.540562 5.838862 9.659372
vertex 24.561037 5.838862 9.639372
endloop
endfacet
facet normal 0 0 0
outer loop
vertex 24.561037 5.859615 9.659372
vertex 24.561037 5.838862 9.639372
vertex 24.540562 5.838862 9.659372
endloop
endfacet
facet normal 0 0 0
outer loop
vertex 24.561037 5.838862 9.639372
vertex 24.581514 5.859615 9.659372
vertex 24.581514 5.838862 9.639372
endloop
endfacet
facet normal 0 0 0
outer loop
vertex 24.561037 5.859615 9.659372
vertex 24.581514 5.859615 9.659372
vertex 24.561037 5.838862 9.639372
endloop
endfacet
facet normal 0 0 0
outer loop
vertex 24.581514 5.838862 9.639372
vertex 24.581514 5.859615 9.659372
vertex 24.601990 5.838862 9.659372
endloop
endfacet
facet normal 0 0 0
outer loop
vertex 24.581514 5.859615 9.659372
vertex 24.601990 5.859615 9.659372
vertex 24.601990 5.838862 9.659372
endloop
endfacet
facet normal 0 0 0
outer loop
vertex 24.601990 5.859615 9.659372
vertex 24.622465 5.838862 9.659372
vertex 24.601990 5.838862 9.659372
endloop
endfacet
facet normal 0 0 0
outer loop
vertex 24.581514 5.652082 9.679372
vertex 24.561037 5.652082 9.659372
vertex 24.581514 5.652082 9.659372
endloop
endfacet
facet normal 0 0 0
outer loop
vertex 24.601990 5.631329 9.659372
vertex 24.601990 5.652082 9.679372
vertex 24.581514 5.652082 9.659372
endloop
endfacet
facet normal 0 0 0
outer loop
vertex 24.601990 5.652082 9.679372
vertex 24.581514 5.652082 9.679372
vertex 24.581514 5.652082 9.659372
endloop
endfacet
facet normal 0 0 0
outer loop
vertex 24.601990 5.631329 9.659372
vertex 24.622465 5.652082 9.659372
vertex 24.601990 5.652082 9.679372
endloop
endfacet
facet normal 0 0 0
outer loop
vertex 24.622465 5.652082 9.659372
vertex 24.622465 5.652082 9.679372
vertex 24.601990 5.652082 9.679372
endloop
endfacet
facet normal 0 0 0
outer loop
vertex 24.561037 5.652082 9.659372
vertex 24.561037 5.672835 9.679372
vertex 24.561037 5.672835 9.659372
endloop
endfacet
facet normal 0 0 0
outer loop
vertex 24.581514 5.652082 9.679372
vertex 24.561037 5.672835 9.679372
vertex 24.561037 5.652082 9.659372
endloop
endfacet
facet normal 0 0 0
outer loop
vertex 24.622465 5.652082 9.659372
vertex 24.642941 5.672835 9.679372
vertex 24.622465 5.652082 9.679372
endloop
endfacet
facet normal 0 0 0
outer loop
vertex 24.642941 5.672835 9.659372
vertex 24.642941 5.672835 9.679372
vertex 24.622465 5.652082 9.659372
endloop
endfacet
facet normal 0 0 0
outer loop
vertex 24.561037 5.672835 9.679372
vertex 24.540562 5.693589 9.659372
vertex 24.561037 5.672835 9.659372
endloop
endfacet
facet normal 0 0 0
outer loop
vertex 24.540562 5.693589 9.679372
vertex 24.540562 5.693589 9.659372
vertex 24.561037 5.672835 9.679372
endloop
endfacet
facet normal 0 0 0
outer loop
vertex 24.642941 5.672835 9.659372
vertex 24.642941 5.693589 9.659372
vertex 24.642941 5.672835 9.679372
endloop
endfacet
facet normal 0 0 0
outer loop
vertex 24.642941 5.672835 9.679372
vertex 24.642941 5.693589 9.659372
vertex 24.642941 5.693589 9.679372
endloop
endfacet
facet normal 0 0 0
outer loop
vertex 24.540562 5.693589 9.659372
vertex 24.540562 5.693589 9.679372
vertex 24.540562 5.714342 9.659372
endloop
endfacet
facet normal 0 0 0
outer loop
vertex 24.540562 5.693589 9.679372
vertex 24.540562 5.714342 9.679372
vertex 24.540562 5.714342 9.659372
endloop
endfacet
facet normal 0 0 0
outer loop
vertex 24.642941 5.693589 9.659372
vertex 24.642941 5.714342 9.659372
vertex 24.642941 5.693589 9.679372
endloop
endfacet
facet normal 0 0 0
outer loop
vertex 24.642941 5.693589 9.679372
vertex 24.642941 5.714342 9.659372
vertex 24.642941 5.714342 9.679372
endloop
endfacet
facet normal 0 0 0
outer loop
vertex 24.540562 5.714342 9.659372
vertex 24.540562 5.714342 9.679372
vertex 24.540562 5.735096 9.659372
endloop
endfacet
facet normal 0 0 0
outer loop
vertex 24.540562 5.714342 9.679372
vertex 24.540562 5.735096 9.679372
vertex 24.540562 5.735096 9.659372
endloop
endfacet
facet normal 0 0 0
outer loop
vertex 24.642941 5.714342 9.659372
vertex 24.642941 5.735096 9.659372
vertex 24.642941 5.714342 9.679372
endloop
endfacet
facet normal 0 0 0
outer loop
vertex 24.642941 5.714342 9.679372
vertex 24.642941 5.735096 9.659372
vertex 24.642941 5.735096 9.679372
endloop
endfacet
facet normal 0 0 0
outer loop
vertex 24.540562 5.735096 9.659372
vertex 24.540562 5.735096 9.679372
vertex 24.540562 5.755849 9.659372
endloop
endfacet
facet normal 0 0 0
outer loop
vertex 24.540562 5.735096 9.679372
vertex 24.540562 5.755849 9.679372
vertex 24.540562 5.755849 9.659372
endloop
endfacet
facet normal 0 0 0
outer loop
vertex 24.642941 5.735096 9.659372
vertex 24.642941 5.755849 9.659372
vertex 24.642941 5.735096 9.679372
endloop
endfacet
facet normal 0 0 0
outer loop
vertex 24.642941 5.735096 9.679372
vertex 24.642941 5.755849 9.659372
vertex 24.642941 5.755849 9.679372
endloop
endfacet
facet normal 0 0 0
outer loop
vertex 24.520086 5.776602 9.659372
vertex 24.540562 5.755849 9.659372
vertex 24.540562 5.776602 9.679372
endloop
endfacet
facet normal 0 0 0
outer loop
vertex 24.540562 5.755849 9.659372
vertex 24.540562 5.755849 9.679372
vertex 24.540562 5.776602 9.679372
endloop
endfacet
facet normal 0 0 0
outer loop
vertex 24.642941 5.755849 9.659372
vertex 24.642941 5.776602 9.659372
vertex 24.642941 5.755849 9.679372
endloop
endfacet
facet normal 0 0 0
outer loop
vertex 24.642941 5.755849 9.679372
vertex 24.642941 5.776602 9.659372
vertex 24.642941 5.776602 9.679372
endloop
endfacet
facet normal 0 0 0
outer loop
vertex 24.540562 5.797356 9.679372
vertex 24.520086 5.776602 9.659372
vertex 24.540562 5.776602 9.679372
endloop
endfacet
facet normal 0 0 0
outer loop
vertex 24.520086 5.797356 9.659372
vertex 24.520086 5.776602 9.659372
vertex 24.540562 5.797356 9.679372
endloop
endfacet
facet normal 0 0 0
outer loop
vertex 24.642941 5.776602 9.659372
vertex 24.642941 5.797356 9.659372
vertex 24.642941 5.776602 9.679372
endloop
endfacet
facet normal 0 0 0
outer loop
vertex 24.642941 5.776602 9.679372
vertex 24.642941 5.797356 9.659372
vertex 24.642941 5.797356 9.679372
endloop
endfacet
facet normal 0 0 0
outer loop
vertex 24.520086 5.797356 9.659372
vertex 24.520086 5.818109 9.679372
vertex 24.520086 5.818109 9.659372
endloop
endfacet
facet normal 0 0 0
outer loop
vertex 24.540562 5.797356 9.679372
vertex 24.520086 5.818109 9.679372
vertex 24.520086 5.797356 9.659372
endloop
endfacet
facet normal 0 0 0
outer loop
vertex 24.642941 5.797356 9.659372
vertex 24.622465 5.818109 9.659372
vertex 24.642941 5.818109 9.679372
endloop
endfacet
facet normal 0 0 0
outer loop
vertex 24.642941 5.797356 9.659372
vertex 24.642941 5.818109 9.679372
vertex 24.642941 5.797356 9.679372
endloop
endfacet
facet normal 0 0 0
outer loop
vertex 24.520086 5.818109 9.679372
vertex 24.520086 5.838862 9.659372
vertex 24.520086 5.818109 9.659372
endloop
endfacet
facet normal 0 0 0
outer loop
vertex 24.520086 5.818109 9.679372
vertex 24.540562 5.838862 9.679372
vertex 24.520086 5.838862 9.659372
endloop
endfacet
facet normal 0 0 0
outer loop
vertex 24.642941 5.818109 9.679372
vertex 24.622465 5.838862 9.659372
vertex 24.642941 5.838862 9.679372
endloop
endfacet
facet normal 0 0 0
outer loop
vertex 24.622465 5.818109 9.659372
vertex 24.622465 5.838862 9.659372
vertex 24.642941 5.818109 9.679372
endloop
endfacet
facet normal 0 0 0
outer loop
vertex 24.520086 5.838862 9.659372
vertex 24.540562 5.859615 9.679372
vertex 24.540562 5.838862 9.659372
endloop
endfacet
facet normal 0 0 0
outer loop
vertex 24.520086 5.838862 9.659372
vertex 24.540562 5.838862 9.679372
vertex 24.540562 5.859615 9.679372
endloop
endfacet
facet normal 0 0 0
outer loop
vertex 24.540562 5.838862 9.659372
vertex 24.540562 5.859615 9.679372
vertex 24.561037 5.859615 9.659372
endloop
endfacet
facet normal 0 0 0
outer loop
vertex 24.622465 5.838862 9.659372
vertex 24.601990 5.859615 9.659372
vertex 24.622465 5.859615 9.679372
endloop
endfacet
facet normal 0 0 0
outer loop
vertex 24.622465 5.838862 9.659372
vertex 24.622465 5.859615 9.679372
vertex 24.642941 5.838862 9.679372
endloop
endfacet
facet normal 0 0 0
outer loop
vertex 24.622465 5.859615 9.679372
vertex 24.642941 5.859615 9.679372
vertex 24.642941 5.838862 9.679372
endloop
endfacet
facet normal 0 0 0
outer loop
vertex 24.561037 5.859615 9.659372
vertex 24.540562 5.859615 9.679372
vertex 24.561037 5.859615 9.679372
endloop
endfacet
facet normal 0 0 0
outer loop
vertex 24.581514 5.880369 9.679372
vertex 24.581514 5.859615 9.659372
vertex 24.561037 5.859615 9.679372
endloop
endfacet
facet normal 0 0 0
outer loop
vertex 24.581514 5.859615 9.659372
vertex 24.561037 5.859615 9.659372
vertex 24.561037 5.859615 9.679372
endloop
endfacet
facet normal 0 0 0
outer loop
vertex 24.581514 5.859615 9.659372
vertex 24.601990 5.880369 9.679372
vertex 24.601990 5.859615 9.659372
endloop
endfacet
facet normal 0 0 0
outer loop
vertex 24.581514 5.880369 9.679372
vertex 24.601990 5.880369 9.679372
vertex 24.581514 5.859615 9.659372
endloop
endfacet
facet normal 0 0 0
outer loop
vertex 24.601990 5.859615 9.659372
vertex 24.601990 5.880369 9.679372
vertex 24.622465 5.859615 9.679372
endloop
endfacet
facet normal 0 0 0
outer loop
vertex 24.581514 5.631329 9.699371
vertex 24.561037 5.652082 9.699371
vertex 24.581514 5.652082 9.679372
endloop
endfacet
facet normal 0 0 0
outer loop
vertex 24.601990 5.652082 9.679372
vertex 24.581514 5.631329 9.699371
vertex 24.581514 5.652082 9.679372
endloop
endfacet
facet normal 0 0 0
outer loop
vertex 24.601990 5.631329 9.699371
vertex 24.581514 5.631329 9.699371
vertex 24.601990 5.652082 9.679372
endloop
endfacet
facet normal 0 0 0
outer loop
vertex 24.622465 5.652082 9.679372
vertex 24.601990 5.631329 9.699371
vertex 24.601990 5.652082 9.679372
endloop
endfacet
facet normal 0 0 0
outer loop
vertex 24.622465 5.631329 9.699371
vertex 24.601990 5.631329 9.699371
vertex 24.622465 5.652082 9.679372
endloop
endfacet
facet normal 0 0 0
outer loop
vertex 24.622465 5.652082 9.679372
vertex 24.642941 5.652082 9.699371
vertex 24.622465 5.631329 9.699371
endloop
endfacet
facet normal 0 0 0
outer loop
vertex 24.561037 5.672835 9.679372
vertex 24.561037 5.652082 9.699371
vertex 24.561037 5.672835 9.699371
endloop
endfacet
facet normal 0 0 0
outer loop
vertex 24.581514 5.652082 9.679372
vertex 24.561037 5.652082 9.699371
vertex 24.561037 5.672835 9.679372
endloop
endfacet
facet normal 0 0 0
outer loop
vertex 24.622465 5.652082 9.679372
vertex 24.642941 5.672835 9.679372
vertex 24.642941 5.652082 9.699371
endloop
endfacet
facet normal 0 0 0
outer loop
vertex 24.642941 5.652082 9.699371
vertex 24.642941 5.672835 9.679372
vertex 24.642941 5.672835 9.699371
endloop
endfacet
facet normal 0 0 0
outer loop
vertex 24.540562 5.693589 9.679372
vertex 24.561037 5.672835 9.679372
vertex 24.561037 5.693589 9.699371
endloop
endfacet
facet normal 0 0 0
outer loop
vertex 24.561037 5.672835 9.679372
vertex 24.561037 5.672835 9.699371
vertex 24.561037 5.693589 9.699371
endloop
endfacet
facet normal 0 0 0
outer loop
vertex 24.642941 5.672835 9.679372
vertex 24.642941 5.693589 9.679372
vertex 24.642941 5.672835 9.699371
endloop
endfacet
facet normal 0 0 0
outer loop
vertex 24.642941 5.672835 9.699371
vertex 24.642941 5.693589 9.679372
vertex 24.642941 5.693589 9.699371
endloop
endfacet
facet normal 0 0 0
outer loop
vertex 24.540562 5.693589 9.679372
vertex 24.540562 5.714342 9.699371
vertex 24.540562 5.714342 9.679372
endloop
endfacet
facet normal 0 0 0
outer loop
vertex 24.561037 5.693589 9.699371
vertex 24.540562 5.714342 9.699371
vertex 24.540562 5.693589 9.679372
endloop
endfacet
facet normal 0 0 0
outer loop
vertex 24.642941 5.693589 9.679372
vertex 24.642941 5.714342 9.679372
vertex 24.642941 5.693589 9.699371
endloop
endfacet
facet normal 0 0 0
outer loop
vertex 24.642941 5.693589 9.699371
vertex 24.642941 5.714342 9.679372
vertex 24.642941 5.714342 9.699371
endloop
endfacet
facet normal 0 0 0
outer loop
vertex 24.540562 5.714342 9.679372
vertex 24.540562 5.714342 9.699371
vertex 24.540562 5.735096 9.679372
endloop
endfacet
facet normal 0 0 0
outer loop
vertex 24.540562 5.714342 9.699371
vertex 24.540562 5.735096 9.699371
vertex 24.540562 5.735096 9.679372
endloop
endfacet
facet normal 0 0 0
outer loop
vertex 24.642941 5.714342 9.679372
vertex 24.642941 5.735096 9.679372
vertex 24.642941 5.714342 9.699371
endloop
endfacet
facet normal 0 0 0
outer loop
vertex 24.642941 5.714342 9.699371
vertex 24.642941 5.735096 9.679372
vertex 24.642941 5.735096 9.699371
endloop
endfacet
facet normal 0 0 0
outer loop
vertex 24.540562 5.735096 9.679372
vertex 24.540562 5.735096 9.699371
vertex 24.540562 5.755849 9.679372
endloop
endfacet
facet normal 0 0 0
outer loop
vertex 24.540562 5.735096 9.699371
vertex 24.540562 5.755849 9.699371
vertex 24.540562 5.755849 9.679372
endloop
endfacet
facet normal 0 0 0
outer loop
vertex 24.642941 5.755849 9.679372
vertex 24.622465 5.755849 9.699371
vertex 24.642941 5.735096 9.699371
endloop
endfacet
facet normal 0 0 0
outer loop
vertex 24.642941 5.755849 9.679372
vertex 24.642941 5.735096 9.699371
vertex 24.642941 5.735096 9.679372
endloop
endfacet
facet normal 0 0 0
outer loop
vertex 24.540562 5.755849 9.679372
vertex 24.540562 5.755849 9.699371
vertex 24.540562 5.776602 9.679372
endloop
endfacet
facet normal 0 0 0
outer loop
vertex 24.540562 5.755849 9.699371
vertex 24.540562 5.776602 9.699371
vertex 24.540562 5.776602 9.679372
endloop
endfacet
facet normal 0 0 0
outer loop
vertex 24.642941 5.776602 9.679372
vertex 24.622465 5.755849 9.699371
vertex 24.642941 5.755849 9.679372
endloop
endfacet
facet normal 0 0 0
outer loop
vertex 24.622465 5.776602 9.699371
vertex 24.622465 5.755849 9.699371
vertex 24.642941 5.776602 9.679372
endloop
endfacet
facet normal 0 0 0
outer loop
vertex 24.540562 5.776602 9.699371
vertex 24.540562 5.797356 9.679372
vertex 24.540562 5.776602 9.679372
endloop
endfacet
facet normal 0 0 0
outer loop
vertex 24.540562 5.776602 9.699371
vertex 24.561037 5.797356 9.699371
vertex 24.540562 5.797356 9.679372
endloop
endfacet
facet normal 0 0 0
outer loop
vertex 24.642941 5.797356 9.679372
vertex 24.622465 5.776602 9.699371
vertex 24.642941 5.776602 9.679372
endloop
endfacet
facet normal 0 0 0
outer loop
vertex 24.622465 5.797356 9.699371
vertex 24.622465 5.776602 9.699371
vertex 24.642941 5.797356 9.679372
endloop
endfacet
facet normal 0 0 0
outer loop
vertex 24.520086 5.818109 9.679372
vertex 24.540562 5.797356 9.679372
vertex 24.540562 5.818109 9.679372
endloop
endfacet
facet normal 0 0 0
outer loop
vertex 24.561037 5.818109 9.699371
vertex 24.540562 5.797356 9.679372
vertex 24.561037 5.797356 9.699371
endloop
endfacet
facet normal 0 0 0
outer loop
vertex 24.540562 5.818109 9.679372
vertex 24.540562 5.797356 9.679372
vertex 24.561037 5.818109 9.699371
endloop
endfacet
facet normal 0 0 0
outer loop
vertex 24.642941 5.818109 9.679372
vertex 24.622465 5.797356 9.699371
vertex 24.642941 5.797356 9.679372
endloop
endfacet
facet normal 0 0 0
outer loop
vertex 24.622465 5.818109 9.699371
vertex 24.622465 5.797356 9.699371
vertex 24.642941 5.818109 9.679372
endloop
endfacet
facet normal 0 0 0
outer loop
vertex 24.540562 5.838862 9.679372
vertex 24.520086 5.818109 9.679372
vertex 24.540562 5.818109 9.679372
endloop
endfacet
facet normal 0 0 0
outer loop
vertex 24.561037 5.838862 9.699371
vertex 24.540562 5.818109 9.679372
vertex 24.561037 5.818109 9.699371
endloop
endfacet
facet normal 0 0 0
outer loop
vertex 24.540562 5.838862 9.679372
vertex 24.540562 5.818109 9.679372
vertex 24.561037 5.838862 9.699371
endloop
endfacet
facet normal 0 0 0
outer loop
vertex 24.622465 5.838862 9.679372
vertex 24.601990 5.838862 9.699371
vertex 24.622465 5.818109 9.699371
endloop
endfacet
facet normal 0 0 0
outer loop
vertex 24.622465 5.818109 9.699371
vertex 24.642941 5.818109 9.679372
vertex 24.622465 5.838862 9.679372
endloop
endfacet
facet normal 0 0 0
outer loop
vertex 24.642941 5.818109 9.679372
vertex 24.642941 5.838862 9.679372
vertex 24.622465 5.838862 9.679372
endloop
endfacet
facet normal 0 0 0
outer loop
vertex 24.561037 5.838862 9.699371
vertex 24.561037 5.859615 9.679372
vertex 24.540562 5.838862 9.679372
endloop
endfacet
facet normal 0 0 0
outer loop
vertex 24.561037 5.859615 9.679372
vertex 24.540562 5.859615 9.679372
vertex 24.540562 5.838862 9.679372
endloop
endfacet
facet normal 0 0 0
outer loop
vertex 24.561037 5.859615 9.679372
vertex 24.581514 5.838862 9.699371
vertex 24.581514 5.859615 9.679372
endloop
endfacet
facet normal 0 0 0
outer loop
vertex 24.561037 5.838862 9.699371
vertex 24.581514 5.838862 9.699371
vertex 24.561037 5.859615 9.679372
endloop
endfacet
facet normal 0 0 0
outer loop
vertex 24.581514 5.859615 9.679372
vertex 24.601990 5.838862 9.699371
vertex 24.601990 5.859615 9.679372
endloop
endfacet
facet normal 0 0 0
outer loop
vertex 24.581514 5.838862 9.699371
vertex 24.601990 5.838862 9.699371
vertex 24.581514 5.859615 9.679372
endloop
endfacet
facet normal 0 0 0
outer loop
vertex 24.601990 5.838862 9.699371
vertex 24.622465 5.838862 9.679372
vertex 24.601990 5.859615 9.679372
endloop
endfacet
facet normal 0 0 0
outer loop
vertex 24.622465 5.838862 9.679372
vertex 24.622465 5.859615 9.679372
vertex 24.601990 5.859615 9.679372
endloop
endfacet
facet normal 0 0 0
outer loop
vertex 24.642941 5.838862 9.679372
vertex 24.642941 5.859615 9.679372
vertex 24.622465 5.838862 9.679372
endloop
endfacet
facet normal 0 0 0
outer loop
vertex 24.642941 5.859615 9.679372
vertex 24.622465 5.859615 9.679372
vertex 24.622465 5.838862 9.679372
endloop
endfacet
facet normal 0 0 0
outer loop
vertex 24.581514 5.880369 9.679372
vertex 24.561037 5.859615 9.679372
vertex 24.581514 5.859615 9.679372
endloop
endfacet
facet normal 0 0 0
outer loop
vertex 24.601990 5.859615 9.679372
vertex 24.601990 5.880369 9.679372
vertex 24.581514 5.859615 9.679372
endloop
endfacet
facet normal 0 0 0
outer loop
vertex 24.601990 5.880369 9.679372
vertex 24.581514 5.880369 9.679372
vertex 24.581514 5.859615 9.679372
endloop
endfacet
facet normal 0 0 0
outer loop
vertex 24.622465 5.859615 9.679372
vertex 24.601990 5.880369 9.679372
vertex 24.601990 5.859615 9.679372
endloop
endfacet
facet normal 0 0 0
outer loop
vertex 24.601990 5.631329 9.699371
vertex 24.581514 5.631329 9.719372
vertex 24.581514 5.631329 9.699371
endloop
endfacet
facet normal 0 0 0
outer loop
vertex 24.622465 5.631329 9.719372
vertex 24.601990 5.631329 9.699371
vertex 24.622465 5.631329 9.699371
endloop
endfacet
facet normal 0 0 0
outer loop
vertex 24.622465 5.631329 9.699371
vertex 24.642941 5.631329 9.719372
vertex 24.622465 5.631329 9.719372
endloop
endfacet
facet normal 0 0 0
outer loop
vertex 24.561037 5.652082 9.699371
vertex 24.581514 5.631329 9.699371
vertex 24.581514 5.652082 9.719372
endloop
endfacet
facet normal 0 0 0
outer loop
vertex 24.581514 5.631329 9.699371
vertex 24.581514 5.631329 9.719372
vertex 24.581514 5.652082 9.719372
endloop
endfacet
facet normal 0 0 0
outer loop
vertex 24.601990 5.631329 9.699371
vertex 24.601990 5.652082 9.719372
vertex 24.581514 5.631329 9.719372
endloop
endfacet
facet normal 0 0 0
outer loop
vertex 24.622465 5.631329 9.719372
vertex 24.601990 5.652082 9.719372
vertex 24.601990 5.631329 9.699371
endloop
endfacet
facet normal 0 0 0
outer loop
vertex 24.622465 5.631329 9.699371
vertex 24.642941 5.652082 9.699371
vertex 24.642941 5.631329 9.719372
endloop
endfacet
facet normal 0 0 0
outer loop
vertex 24.642941 5.631329 9.719372
vertex 24.642941 5.652082 9.699371
vertex 24.642941 5.652082 9.719372
endloop
endfacet
facet normal 0 0 0
outer loop
vertex 24.561037 5.652082 9.699371
vertex 24.561037 5.672835 9.719372
vertex 24.561037 5.672835 9.699371
endloop
endfacet
facet normal 0 0 0
outer loop
vertex 24.581514 5.652082 9.719372
vertex 24.561037 5.672835 9.719372
vertex 24.561037 5.652082 9.699371
endloop
endfacet
facet normal 0 0 0
outer loop
vertex 24.642941 5.652082 9.699371
vertex 24.642941 5.672835 9.699371
vertex 24.642941 5.652082 9.719372
endloop
endfacet
facet normal 0 0 0
outer loop
vertex 24.642941 5.652082 9.719372
vertex 24.642941 5.672835 9.699371
vertex 24.642941 5.672835 9.719372
endloop
endfacet
facet normal 0 0 0
outer loop
vertex 24.561037 5.672835 9.699371
vertex 24.561037 5.672835 9.719372
vertex 24.561037 5.693589 9.699371
endloop
endfacet
facet normal 0 0 0
outer loop
vertex 24.561037 5.672835 9.719372
vertex 24.561037 5.693589 9.719372
vertex 24.561037 5.693589 9.699371
endloop
endfacet
facet normal 0 0 0
outer loop
vertex 24.663416 5.693589 9.719372
vertex 24.642941 5.672835 9.719372
vertex 24.642941 5.693589 9.699371
endloop
endfacet
facet normal 0 0 0
outer loop
vertex 24.642941 5.672835 9.719372
vertex 24.642941 5.672835 9.699371
vertex 24.642941 5.693589 9.699371
endloop
endfacet
facet normal 0 0 0
outer loop
vertex 24.540562 5.714342 9.699371
vertex 24.561037 5.693589 9.699371
vertex 24.561037 5.714342 9.719372
endloop
endfacet
facet normal 0 0 0
outer loop
vertex 24.561037 5.693589 9.699371
vertex 24.561037 5.693589 9.719372
vertex 24.561037 5.714342 9.719372
endloop
endfacet
facet normal 0 0 0
outer loop
vertex 24.663416 5.693589 9.719372
vertex 24.642941 5.714342 9.699371
vertex 24.663416 5.714342 9.719372
endloop
endfacet
facet normal 0 0 0
outer loop
vertex 24.642941 5.693589 9.699371
vertex 24.642941 5.714342 9.699371
vertex 24.663416 5.693589 9.719372
endloop
endfacet
facet normal 0 0 0
outer loop
vertex 24.561037 5.735096 9.719372
vertex 24.540562 5.714342 9.699371
vertex 24.561037 5.714342 9.719372
endloop
endfacet
facet normal 0 0 0
outer loop
vertex 24.540562 5.735096 9.699371
vertex 24.540562 5.714342 9.699371
vertex 24.561037 5.735096 9.719372
endloop
endfacet
facet normal 0 0 0
outer loop
vertex 24.663416 5.714342 9.719372
vertex 24.642941 5.735096 9.699371
vertex 24.663416 5.735096 9.719372
endloop
endfacet
facet normal 0 0 0
outer loop
vertex 24.642941 5.714342 9.699371
vertex 24.642941 5.735096 9.699371
vertex 24.663416 5.714342 9.719372
endloop
endfacet
facet normal 0 0 0
outer loop
vertex 24.540562 5.735096 9.699371
vertex 24.540562 5.755849 9.719372
vertex 24.540562 5.755849 9.699371
endloop
endfacet
facet normal 0 0 0
outer loop
vertex 24.561037 5.735096 9.719372
vertex 24.540562 5.755849 9.719372
vertex 24.540562 5.735096 9.699371
endloop
endfacet
facet normal 0 0 0
outer loop
vertex 24.642941 5.735096 9.699371
vertex 24.622465 5.755849 9.699371
vertex 24.642941 5.755849 9.719372
endloop
endfacet
facet normal 0 0 0
outer loop
vertex 24.642941 5.735096 9.699371
vertex 24.642941 5.755849 9.719372
vertex 24.663416 5.735096 9.719372
endloop
endfacet
facet normal 0 0 0
outer loop
vertex 24.642941 5.755849 9.719372
vertex 24.663416 5.755849 9.719372
vertex 24.663416 5.735096 9.719372
endloop
endfacet
facet normal 0 0 0
outer loop
vertex 24.540562 5.755849 9.699371
vertex 24.540562 5.755849 9.719372
vertex 24.540562 5.776602 9.699371
endloop
endfacet
facet normal 0 0 0
outer loop
vertex 24.540562 5.755849 9.719372
vertex 24.540562 5.776602 9.719372
vertex 24.540562 5.776602 9.699371
endloop
endfacet
facet normal 0 0 0
outer loop
vertex 24.642941 5.755849 9.719372
vertex 24.622465 5.776602 9.699371
vertex 24.642941 5.776602 9.719372
endloop
endfacet
facet normal 0 0 0
outer loop
vertex 24.622465 5.755849 9.699371
vertex 24.622465 5.776602 9.699371
vertex 24.642941 5.755849 9.719372
endloop
endfacet
facet normal 0 0 0
outer loop
vertex 24.642941 5.776602 9.719372
vertex 24.663416 5.755849 9.719372
vertex 24.642941 5.755849 9.719372
endloop
endfacet
facet normal 0 0 0
outer loop
vertex 24.540562 5.797356 9.719372
vertex 24.540562 5.776602 9.699371
vertex 24.540562 5.776602 9.719372
endloop
endfacet
facet normal 0 0 0
outer loop
vertex 24.540562 5.776602 9.699371
vertex 24.540562 5.797356 9.719372
vertex 24.561037 5.797356 9.699371
endloop
endfacet
facet normal 0 0 0
outer loop
vertex 24.642941 5.776602 9.719372
vertex 24.622465 5.797356 9.699371
vertex 24.642941 5.797356 9.719372
endloop
endfacet
facet normal 0 0 0
outer loop
vertex 24.622465 5.776602 9.699371
vertex 24.622465 5.797356 9.699371
vertex 24.642941 5.776602 9.719372
endloop
endfacet
facet normal 0 0 0
outer loop
vertex 24.561037 5.797356 9.699371
vertex 24.540562 5.818109 9.719372
vertex 24.561037 5.818109 9.699371
endloop
endfacet
facet normal 0 0 0
outer loop
vertex 24.540562 5.797356 9.719372
vertex 24.540562 5.818109 9.719372
vertex 24.561037 5.797356 9.699371
endloop
endfacet
facet normal 0 0 0
outer loop
vertex 24.642941 5.797356 9.719372
vertex 24.622465 5.818109 9.699371
vertex 24.642941 5.818109 9.719372
endloop
endfacet
facet normal 0 0 0
outer loop
vertex 24.622465 5.797356 9.699371
vertex 24.622465 5.818109 9.699371
vertex 24.642941 5.797356 9.719372
endloop
endfacet
facet normal 0 0 0
outer loop
vertex 24.561037 5.818109 9.699371
vertex 24.540562 5.838862 9.719372
vertex 24.561037 5.838862 9.699371
endloop
endfacet
facet normal 0 0 0
outer loop
vertex 24.540562 5.818109 9.719372
vertex 24.540562 5.838862 9.719372
vertex 24.561037 5.818109 9.699371
endloop
endfacet
facet normal 0 0 0
outer loop
vertex 24.622465 5.818109 9.699371
vertex 24.601990 5.838862 9.699371
vertex 24.622465 5.838862 9.719372
endloop
endfacet
facet normal 0 0 0
outer loop
vertex 24.622465 5.818109 9.699371
vertex 24.622465 5.838862 9.719372
vertex 24.642941 5.818109 9.719372
endloop
endfacet
facet normal 0 0 0
outer loop
vertex 24.561037 5.838862 9.699371
vertex 24.540562 5.838862 9.719372
vertex 24.561037 5.859615 9.719372
endloop
endfacet
facet normal 0 0 0
outer loop
vertex 24.561037 5.838862 9.699371
vertex 24.581514 5.859615 9.719372
vertex 24.581514 5.838862 9.699371
endloop
endfacet
facet normal 0 0 0
outer loop
vertex 24.561037 5.859615 9.719372
vertex 24.581514 5.859615 9.719372
vertex 24.561037 5.838862 9.699371
endloop
endfacet
facet normal 0 0 0
outer loop
vertex 24.581514 5.859615 9.719372
vertex 24.601990 5.838862 9.719372
vertex 24.581514 5.838862 9.699371
endloop
endfacet
facet normal 0 0 0
outer loop
vertex 24.601990 5.838862 9.719372
vertex 24.601990 5.838862 9.699371
vertex 24.581514 5.838862 9.699371
endloop
endfacet
facet normal 0 0 0
outer loop
vertex 24.622465 5.838862 9.719372
vertex 24.601990 5.838862 9.699371
vertex 24.601990 5.838862 9.719372
endloop
endfacet
facet normal 0 0 0
outer loop
vertex 24.561037 5.631329 9.739372
vertex 24.581514 5.631329 9.719372
vertex 24.581514 5.631329 9.739372
endloop
endfacet
facet normal 0 0 0
outer loop
vertex 24.581514 5.631329 9.719372
vertex 24.601990 5.631329 9.739372
vertex 24.581514 5.631329 9.739372
endloop
endfacet
facet normal 0 0 0
outer loop
vertex 24.601990 5.631329 9.739372
vertex 24.622465 5.631329 9.719372
vertex 24.622465 5.631329 9.739372
endloop
endfacet
facet normal 0 0 0
outer loop
vertex 24.642941 5.610576 9.739372
vertex 24.622465 5.631329 9.739372
vertex 24.642941 5.631329 9.719372
endloop
endfacet
facet normal 0 0 0
outer loop
vertex 24.622465 5.631329 9.739372
vertex 24.622465 5.631329 9.719372
vertex 24.642941 5.631329 9.719372
endloop
endfacet
facet normal 0 0 0
outer loop
vertex 24.642941 5.631329 9.719372
vertex 24.663416 5.631329 9.739372
vertex 24.642941 5.610576 9.739372
endloop
endfacet
facet normal 0 0 0
outer loop
vertex 24.581514 5.631329 9.719372
vertex 24.561037 5.652082 9.739372
vertex 24.581514 5.652082 9.719372
endloop
endfacet
facet normal 0 0 0
outer loop
vertex 24.561037 5.631329 9.739372
vertex 24.561037 5.652082 9.739372
vertex 24.581514 5.631329 9.719372
endloop
endfacet
facet normal 0 0 0
outer loop
vertex 24.581514 5.631329 9.719372
vertex 24.601990 5.652082 9.719372
vertex 24.601990 5.631329 9.739372
endloop
endfacet
facet normal 0 0 0
outer loop
vertex 24.622465 5.631329 9.719372
vertex 24.601990 5.631329 9.739372
vertex 24.601990 5.652082 9.719372
endloop
endfacet
facet normal 0 0 0
outer loop
vertex 24.663416 5.631329 9.739372
vertex 24.642941 5.652082 9.719372
vertex 24.663416 5.652082 9.739372
endloop
endfacet
facet normal 0 0 0
outer loop
vertex 24.642941 5.631329 9.719372
vertex 24.642941 5.652082 9.719372
vertex 24.663416 5.631329 9.739372
endloop
endfacet
facet normal 0 0 0
outer loop
vertex 24.561037 5.652082 9.739372
vertex 24.540562 5.672835 9.739372
vertex 24.561037 5.672835 9.719372
endloop
endfacet
facet normal 0 0 0
outer loop
vertex 24.581514 5.652082 9.719372
vertex 24.561037 5.652082 9.739372
vertex 24.561037 5.672835 9.719372
endloop
endfacet
facet normal 0 0 0
outer loop
vertex 24.663416 5.652082 9.739372
vertex 24.642941 5.672835 9.719372
vertex 24.663416 5.672835 9.739372
endloop
endfacet
facet normal 0 0 0
outer loop
vertex 24.642941 5.652082 9.719372
vertex 24.642941 5.672835 9.719372
vertex 24.663416 5.652082 9.739372
endloop
endfacet
facet normal 0 0 0
outer loop
vertex 24.561037 5.672835 9.719372
vertex 24.540562 5.693589 9.739372
vertex 24.561037 5.693589 9.719372
endloop
endfacet
facet normal 0 0 0
outer loop
vertex 24.540562 5.672835 9.739372
vertex 24.540562 5.693589 9.739372
vertex 24.561037 5.672835 9.719372
endloop
endfacet
facet normal 0 0 0
outer loop
vertex 24.642941 5.672835 9.719372
vertex 24.663416 5.693589 9.719372
vertex 24.663416 5.672835 9.739372
endloop
endfacet
facet normal 0 0 0
outer loop
vertex 24.663416 5.672835 9.739372
vertex 24.663416 5.693589 9.719372
vertex 24.663416 5.693589 9.739372
endloop
endfacet
facet normal 0 0 0
outer loop
vertex 24.561037 5.693589 9.719372
vertex 24.540562 5.714342 9.739372
vertex 24.561037 5.714342 9.719372
endloop
endfacet
facet normal 0 0 0
outer loop
vertex 24.540562 5.693589 9.739372
vertex 24.540562 5.714342 9.739372
vertex 24.561037 5.693589 9.719372
endloop
endfacet
facet normal 0 0 0
outer loop
vertex 24.663416 5.693589 9.719372
vertex 24.663416 5.714342 9.719372
vertex 24.663416 5.693589 9.739372
endloop
endfacet
facet normal 0 0 0
outer loop
vertex 24.663416 5.693589 9.739372
vertex 24.663416 5.714342 9.719372
vertex 24.663416 5.714342 9.739372
endloop
endfacet
facet normal 0 0 0
outer loop
vertex 24.561037 5.714342 9.719372
vertex 24.540562 5.735096 9.739372
vertex 24.561037 5.735096 9.719372
endloop
endfacet
facet normal 0 0 0
outer loop
vertex 24.540562 5.714342 9.739372
vertex 24.540562 5.735096 9.739372
vertex 24.561037 5.714342 9.719372
endloop
endfacet
facet normal 0 0 0
outer loop
vertex 24.663416 5.714342 9.719372
vertex 24.663416 5.735096 9.719372
vertex 24.663416 5.714342 9.739372
endloop
endfacet
facet normal 0 0 0
outer loop
vertex 24.663416 5.714342 9.739372
vertex 24.663416 5.735096 9.719372
vertex 24.663416 5.735096 9.739372
endloop
endfacet
facet normal 0 0 0
outer loop
vertex 24.540562 5.755849 9.719372
vertex 24.540562 5.735096 9.739372
vertex 24.540562 5.755849 9.739372
endloop
endfacet
facet normal 0 0 0
outer loop
vertex 24.561037 5.735096 9.719372
vertex 24.540562 5.735096 9.739372
vertex 24.540562 5.755849 9.719372
endloop
endfacet
facet normal 0 0 0
outer loop
vertex 24.683893 5.755849 9.739372
vertex 24.663416 5.735096 9.739372
vertex 24.663416 5.755849 9.719372
endloop
endfacet
facet normal 0 0 0
outer loop
vertex 24.663416 5.735096 9.739372
vertex 24.663416 5.735096 9.719372
vertex 24.663416 5.755849 9.719372
endloop
endfacet
facet normal 0 0 0
outer loop
vertex 24.540562 5.755849 9.719372
vertex 24.540562 5.755849 9.739372
vertex 24.540562 5.776602 9.719372
endloop
endfacet
facet normal 0 0 0
outer loop
vertex 24.540562 5.755849 9.739372
vertex 24.540562 5.776602 9.739372
vertex 24.540562 5.776602 9.719372
endloop
endfacet
facet normal 0 0 0
outer loop
vertex 24.663416 5.755849 9.719372
vertex 24.642941 5.776602 9.719372
vertex 24.663416 5.776602 9.739372
endloop
endfacet
facet normal 0 0 0
outer loop
vertex 24.663416 5.755849 9.719372
vertex 24.663416 5.776602 9.739372
vertex 24.683893 5.755849 9.739372
endloop
endfacet
facet normal 0 0 0
outer loop
vertex 24.540562 5.776602 9.719372
vertex 24.540562 5.776602 9.739372
vertex 24.540562 5.797356 9.719372
endloop
endfacet
facet normal 0 0 0
outer loop
vertex 24.540562 5.776602 9.739372
vertex 24.540562 5.797356 9.739372
vertex 24.540562 5.797356 9.719372
endloop
endfacet
facet normal 0 0 0
outer loop
vertex 24.663416 5.776602 9.739372
vertex 24.642941 5.797356 9.719372
vertex 24.663416 5.797356 9.739372
endloop
endfacet
facet normal 0 0 0
outer loop
vertex 24.642941 5.776602 9.719372
vertex 24.642941 5.797356 9.719372
vertex 24.663416 5.776602 9.739372
endloop
endfacet
facet normal 0 0 0
outer loop
vertex 24.540562 5.797356 9.719372
vertex 24.540562 5.797356 9.739372
vertex 24.540562 5.818109 9.719372
endloop
endfacet
facet normal 0 0 0
outer loop
vertex 24.540562 5.797356 9.739372
vertex 24.540562 5.818109 9.739372
vertex 24.540562 5.818109 9.719372
endloop
endfacet
facet normal 0 0 0
outer loop
vertex 24.663416 5.797356 9.739372
vertex 24.642941 5.797356 9.719372
vertex 24.642941 5.818109 9.739372
endloop
endfacet
facet normal 0 0 0
outer loop
vertex 24.642941 5.797356 9.719372
vertex 24.642941 5.818109 9.719372
vertex 24.642941 5.818109 9.739372
endloop
endfacet
facet normal 0 0 0
outer loop
vertex 24.540562 5.818109 9.719372
vertex 24.540562 5.818109 9.739372
vertex 24.540562 5.838862 9.719372
endloop
endfacet
facet normal 0 0 0
outer loop
vertex 24.540562 5.818109 9.739372
vertex 24.540562 5.838862 9.739372
vertex 24.540562 5.838862 9.719372
endloop
endfacet
facet normal 0 0 0
outer loop
vertex 24.642941 5.818109 9.719372
vertex 24.622465 5.838862 9.719372
vertex 24.642941 5.838862 9.739372
endloop
endfacet
facet normal 0 0 0
outer loop
vertex 24.642941 5.818109 9.719372
vertex 24.642941 5.838862 9.739372
vertex 24.642941 5.818109 9.739372
endloop
endfacet
facet normal 0 0 0
outer loop
vertex 24.540562 5.859615 9.739372
vertex 24.540562 5.838862 9.719372
vertex 24.540562 5.838862 9.739372
endloop
endfacet
facet normal 0 0 0
outer loop
vertex 24.540562 5.838862 9.719372
vertex 24.540562 5.859615 9.739372
vertex 24.561037 5.859615 9.719372
endloop
endfacet
facet normal 0 0 0
outer loop
vertex 24.601990 5.838862 9.719372
vertex 24.581514 5.859615 9.719372
vertex 24.601990 5.859615 9.739372
endloop
endfacet
facet normal 0 0 0
outer loop
vertex 24.601990 5.859615 9.739372
vertex 24.622465 5.838862 9.739372
vertex 24.601990 5.838862 9.719372
endloop
endfacet
facet normal 0 0 0
outer loop
vertex 24.622465 5.838862 9.739372
vertex 24.622465 5.838862 9.719372
vertex 24.601990 5.838862 9.719372
endloop
endfacet
facet normal 0 0 0
outer loop
vertex 24.642941 5.838862 9.739372
vertex 24.622465 5.838862 9.719372
vertex 24.622465 5.838862 9.739372
endloop
endfacet
facet normal 0 0 0
outer loop
vertex 24.561037 5.859615 9.719372
vertex 24.540562 5.859615 9.739372
vertex 24.561037 5.880369 9.739372
endloop
endfacet
facet normal 0 0 0
outer loop
vertex 24.561037 5.859615 9.719372
vertex 24.581514 5.880369 9.739372
vertex 24.581514 5.859615 9.719372
endloop
endfacet
facet normal 0 0 0
outer loop
vertex 24.561037 5.880369 9.739372
vertex 24.581514 5.880369 9.739372
vertex 24.561037 5.859615 9.719372
endloop
endfacet
facet normal 0 0 0
outer loop
vertex 24.581514 5.859615 9.719372
vertex 24.581514 5.880369 9.739372
vertex 24.601990 5.859615 9.739372
endloop
endfacet
facet normal 0 0 0
outer loop
vertex 24.581514 5.880369 9.739372
vertex 24.601990 5.880369 9.739372
vertex 24.601990 5.859615 9.739372
endloop
endfacet
facet normal 0 0 0
outer loop
vertex 24.601990 5.631329 9.759372
vertex 24.581514 5.631329 9.739372
vertex 24.601990 5.631329 9.739372
endloop
endfacet
facet normal 0 0 0
outer loop
vertex 24.622465 5.631329 9.739372
vertex 24.622465 5.631329 9.759372
vertex 24.601990 5.631329 9.739372
endloop
endfacet
facet normal 0 0 0
outer loop
vertex 24.601990 5.631329 9.739372
vertex 24.622465 5.631329 9.759372
vertex 24.601990 5.631329 9.759372
endloop
endfacet
facet normal 0 0 0
outer loop
vertex 24.642941 5.610576 9.739372
vertex 24.642941 5.631329 9.759372
vertex 24.622465 5.631329 9.739372
endloop
endfacet
facet normal 0 0 0
outer loop
vertex 24.642941 5.631329 9.759372
vertex 24.622465 5.631329 9.759372
vertex 24.622465 5.631329 9.739372
endloop
endfacet
facet normal 0 0 0
outer loop
vertex 24.642941 5.610576 9.739372
vertex 24.663416 5.631329 9.739372
vertex 24.642941 5.631329 9.759372
endloop
endfacet
facet normal 0 0 0
outer loop
vertex 24.663416 5.631329 9.739372
vertex 24.663416 5.631329 9.759372
vertex 24.642941 5.631329 9.759372
endloop
endfacet
facet normal 0 0 0
outer loop
vertex 24.581514 5.652082 9.759372
vertex 24.561037 5.652082 9.739372
vertex 24.581514 5.631329 9.739372
endloop
endfacet
facet normal 0 0 0
outer loop
vertex 24.561037 5.652082 9.739372
vertex 24.561037 5.631329 9.739372
vertex 24.581514 5.631329 9.739372
endloop
endfacet
facet normal 0 0 0
outer loop
vertex 24.601990 5.631329 9.759372
vertex 24.581514 5.652082 9.759372
vertex 24.581514 5.631329 9.739372
endloop
endfacet
facet normal 0 0 0
outer loop
vertex 24.683893 5.652082 9.759372
vertex 24.663416 5.631329 9.759372
vertex 24.663416 5.652082 9.739372
endloop
endfacet
facet normal 0 0 0
outer loop
vertex 24.663416 5.631329 9.759372
vertex 24.663416 5.631329 9.739372
vertex 24.663416 5.652082 9.739372
endloop
endfacet
facet normal 0 0 0
outer loop
vertex 24.540562 5.672835 9.739372
vertex 24.561037 5.652082 9.739372
vertex 24.561037 5.672835 9.739372
endloop
endfacet
facet normal 0 0 0
outer loop
vertex 24.581514 5.672835 9.759372
vertex 24.561037 5.652082 9.739372
vertex 24.581514 5.652082 9.759372
endloop
endfacet
facet normal 0 0 0
outer loop
vertex 24.561037 5.672835 9.739372
vertex 24.561037 5.652082 9.739372
vertex 24.581514 5.672835 9.759372
endloop
endfacet
facet normal 0 0 0
outer loop
vertex 24.683893 5.652082 9.759372
vertex 24.663416 5.672835 9.739372
vertex 24.683893 5.672835 9.759372
endloop
endfacet
facet normal 0 0 0
outer loop
vertex 24.663416 5.652082 9.739372
vertex 24.663416 5.672835 9.739372
vertex 24.683893 5.652082 9.759372
endloop
endfacet
facet normal 0 0 0
outer loop
vertex 24.561037 5.672835 9.739372
vertex 24.561037 5.693589 9.739372
vertex 24.540562 5.672835 9.739372
endloop
endfacet
facet normal 0 0 0
outer loop
vertex 24.561037 5.693589 9.739372
vertex 24.540562 5.693589 9.739372
vertex 24.540562 5.672835 9.739372
endloop
endfacet
facet normal 0 0 0
outer loop
vertex 24.581514 5.693589 9.759372
vertex 24.561037 5.672835 9.739372
vertex 24.581514 5.672835 9.759372
endloop
endfacet
facet normal 0 0 0
outer loop
vertex 24.561037 5.693589 9.739372
vertex 24.561037 5.672835 9.739372
vertex 24.581514 5.693589 9.759372
endloop
endfacet
facet normal 0 0 0
outer loop
vertex 24.683893 5.672835 9.759372
vertex 24.663416 5.693589 9.739372
vertex 24.683893 5.693589 9.759372
endloop
endfacet
facet normal 0 0 0
outer loop
vertex 24.663416 5.672835 9.739372
vertex 24.663416 5.693589 9.739372
vertex 24.683893 5.672835 9.759372
endloop
endfacet
facet normal 0 0 0
outer loop
vertex 24.561037 5.714342 9.759372
vertex 24.540562 5.714342 9.739372
vertex 24.561037 5.693589 9.739372
endloop
endfacet
facet normal 0 0 0
outer loop
vertex 24.540562 5.714342 9.739372
vertex 24.540562 5.693589 9.739372
vertex 24.561037 5.693589 9.739372
endloop
endfacet
facet normal 0 0 0
outer loop
vertex 24.581514 5.693589 9.759372
vertex 24.561037 5.714342 9.759372
vertex 24.561037 5.693589 9.739372
endloop
endfacet
facet normal 0 0 0
outer loop
vertex 24.683893 5.693589 9.759372
vertex 24.663416 5.714342 9.739372
vertex 24.683893 5.714342 9.759372
endloop
endfacet
facet normal 0 0 0
outer loop
vertex 24.663416 5.693589 9.739372
vertex 24.663416 5.714342 9.739372
vertex 24.683893 5.693589 9.759372
endloop
endfacet
facet normal 0 0 0
outer loop
vertex 24.561037 5.735096 9.759372
vertex 24.540562 5.714342 9.739372
vertex 24.561037 5.714342 9.759372
endloop
endfacet
facet normal 0 0 0
outer loop
vertex 24.540562 5.735096 9.739372
vertex 24.540562 5.714342 9.739372
vertex 24.561037 5.735096 9.759372
endloop
endfacet
facet normal 0 0 0
outer loop
vertex 24.683893 5.714342 9.759372
vertex 24.663416 5.735096 9.739372
vertex 24.683893 5.735096 9.759372
endloop
endfacet
facet normal 0 0 0
outer loop
vertex 24.663416 5.714342 9.739372
vertex 24.663416 5.735096 9.739372
vertex 24.683893 5.714342 9.759372
endloop
endfacet
facet normal 0 0 0
outer loop
vertex 24.561037 5.755849 9.759372
vertex 24.540562 5.735096 9.739372
vertex 24.561037 5.735096 9.759372
endloop
endfacet
facet normal 0 0 0
outer loop
vertex 24.540562 5.755849 9.739372
vertex 24.540562 5.735096 9.739372
vertex 24.561037 5.755849 9.759372
endloop
endfacet
facet normal 0 0 0
outer loop
vertex 24.663416 5.735096 9.739372
vertex 24.683893 5.755849 9.739372
vertex 24.683893 5.735096 9.759372
endloop
endfacet
facet normal 0 0 0
outer loop
vertex 24.683893 5.735096 9.759372
vertex 24.683893 5.755849 9.739372
vertex 24.683893 5.755849 9.759372
endloop
endfacet
facet normal 0 0 0
outer loop
vertex 24.561037 5.776602 9.759372
vertex 24.540562 5.755849 9.739372
vertex 24.561037 5.755849 9.759372
endloop
endfacet
facet normal 0 0 0
outer loop
vertex 24.540562 5.776602 9.739372
vertex 24.540562 5.755849 9.739372
vertex 24.561037 5.776602 9.759372
endloop
endfacet
facet normal 0 0 0
outer loop
vertex 24.683893 5.755849 9.739372
vertex 24.663416 5.776602 9.739372
vertex 24.683893 5.776602 9.759372
endloop
endfacet
facet normal 0 0 0
outer loop
vertex 24.683893 5.755849 9.739372
vertex 24.683893 5.776602 9.759372
vertex 24.683893 5.755849 9.759372
endloop
endfacet
facet normal 0 0 0
outer loop
vertex 24.561037 5.797356 9.759372
vertex 24.540562 5.776602 9.739372
vertex 24.561037 5.776602 9.759372
endloop
endfacet
facet normal 0 0 0
outer loop
vertex 24.540562 5.797356 9.739372
vertex 24.540562 5.776602 9.739372
vertex 24.561037 5.797356 9.759372
endloop
endfacet
facet normal 0 0 0
outer loop
vertex 24.683893 5.776602 9.759372
vertex 24.663416 5.797356 9.739372
vertex 24.683893 5.797356 9.759372
endloop
endfacet
facet normal 0 0 0
outer loop
vertex 24.663416 5.776602 9.739372
vertex 24.663416 5.797356 9.739372
vertex 24.683893 5.776602 9.759372
endloop
endfacet
facet normal 0 0 0
outer loop
vertex 24.561037 5.818109 9.759372
vertex 24.540562 5.797356 9.739372
vertex 24.561037 5.797356 9.759372
endloop
endfacet
facet normal 0 0 0
outer loop
vertex 24.540562 5.818109 9.739372
vertex 24.540562 5.797356 9.739372
vertex 24.561037 5.818109 9.759372
endloop
endfacet
facet normal 0 0 0
outer loop
vertex 24.663416 5.797356 9.739372
vertex 24.642941 5.818109 9.739372
vertex 24.663416 5.818109 9.759372
endloop
endfacet
facet normal 0 0 0
outer loop
vertex 24.663416 5.797356 9.739372
vertex 24.663416 5.818109 9.759372
vertex 24.683893 5.797356 9.759372
endloop
endfacet
facet normal 0 0 0
outer loop
vertex 24.663416 5.818109 9.759372
vertex 24.683893 5.818109 9.759372
vertex 24.683893 5.797356 9.759372
endloop
endfacet
facet normal 0 0 0
outer loop
vertex 24.561037 5.838862 9.759372
vertex 24.540562 5.818109 9.739372
vertex 24.561037 5.818109 9.759372
endloop
endfacet
facet normal 0 0 0
outer loop
vertex 24.540562 5.838862 9.739372
vertex 24.540562 5.818109 9.739372
vertex 24.561037 5.838862 9.759372
endloop
endfacet
facet normal 0 0 0
outer loop
vertex 24.663416 5.818109 9.759372
vertex 24.642941 5.838862 9.739372
vertex 24.663416 5.838862 9.759372
endloop
endfacet
facet normal 0 0 0
outer loop
vertex 24.642941 5.818109 9.739372
vertex 24.642941 5.838862 9.739372
vertex 24.663416 5.818109 9.759372
endloop
endfacet
facet normal 0 0 0
outer loop
vertex 24.683893 5.818109 9.759372
vertex 24.663416 5.818109 9.759372
vertex 24.683893 5.838862 9.759372
endloop
endfacet
facet normal 0 0 0
outer loop
vertex 24.683893 5.838862 9.759372
vertex 24.663416 5.818109 9.759372
vertex 24.663416 5.838862 9.759372
endloop
endfacet
facet normal 0 0 0
outer loop
vertex 24.561037 5.838862 9.759372
vertex 24.561037 5.859615 9.739372
vertex 24.540562 5.838862 9.739372
endloop
endfacet
facet normal 0 0 0
outer loop
vertex 24.561037 5.859615 9.739372
vertex 24.540562 5.859615 9.739372
vertex 24.540562 5.838862 9.739372
endloop
endfacet
facet normal 0 0 0
outer loop
vertex 24.561037 5.838862 9.759372
vertex 24.581514 5.859615 9.759372
vertex 24.561037 5.859615 9.739372
endloop
endfacet
facet normal 0 0 0
outer loop
vertex 24.622465 5.838862 9.739372
vertex 24.601990 5.859615 9.739372
vertex 24.622465 5.859615 9.759372
endloop
endfacet
facet normal 0 0 0
outer loop
vertex 24.622465 5.838862 9.739372
vertex 24.642941 5.859615 9.759372
vertex 24.642941 5.838862 9.739372
endloop
endfacet
facet normal 0 0 0
outer loop
vertex 24.622465 5.859615 9.759372
vertex 24.642941 5.859615 9.759372
vertex 24.622465 5.838862 9.739372
endloop
endfacet
facet normal 0 0 0
outer loop
vertex 24.642941 5.838862 9.739372
vertex 24.642941 5.859615 9.759372
vertex 24.663416 5.838862 9.759372
endloop
endfacet
facet normal 0 0 0
outer loop
vertex 24.642941 5.859615 9.759372
vertex 24.663416 5.859615 9.759372
vertex 24.663416 5.838862 9.759372
endloop
endfacet
facet normal 0 0 0
outer loop
vertex 24.663416 5.859615 9.759372
vertex 24.683893 5.838862 9.759372
vertex 24.663416 5.838862 9.759372
endloop
endfacet
facet normal 0 0 0
outer loop
vertex 24.561037 5.880369 9.739372
vertex 24.540562 5.859615 9.739372
vertex 24.561037 5.859615 9.739372
endloop
endfacet
facet normal 0 0 0
outer loop
vertex 24.581514 5.859615 9.759372
vertex 24.581514 5.880369 9.739372
vertex 24.561037 5.859615 9.739372
endloop
endfacet
facet normal 0 0 0
outer loop
vertex 24.581514 5.880369 9.739372
vertex 24.561037 5.880369 9.739372
vertex 24.561037 5.859615 9.739372
endloop
endfacet
facet normal 0 0 0
outer loop
vertex 24.581514 5.859615 9.759372
vertex 24.601990 5.880369 9.759372
vertex 24.581514 5.880369 9.739372
endloop
endfacet
facet normal 0 0 0
outer loop
vertex 24.622465 5.859615 9.759372
vertex 24.601990 5.880369 9.739372
vertex 24.622465 5.880369 9.759372
endloop
endfacet
facet normal 0 0 0
outer loop
vertex 24.601990 5.859615 9.739372
vertex 24.601990 5.880369 9.739372
vertex 24.622465 5.859615 9.759372
endloop
endfacet
facet normal 0 0 0
outer loop
vertex 24.642941 5.859615 9.759372
vertex 24.622465 5.859615 9.759372
vertex 24.642941 5.880369 9.759372
endloop
endfacet
facet normal 0 0 0
outer loop
vertex 24.642941 5.880369 9.759372
vertex 24.622465 5.859615 9.759372
vertex 24.622465 5.880369 9.759372
endloop
endfacet
facet normal 0 0 0
outer loop
vertex 24.642941 5.880369 9.759372
vertex 24.663416 5.859615 9.759372
vertex 24.642941 5.859615 9.759372
endloop
endfacet
facet normal 0 0 0
outer loop
vertex 24.581514 5.880369 9.739372
vertex 24.601990 5.880369 9.759372
vertex 24.601990 5.880369 9.739372
endloop
endfacet
facet normal 0 0 0
outer loop
vertex 24.622465 5.880369 9.759372
vertex 24.601990 5.880369 9.739372
vertex 24.601990 5.880369 9.759372
endloop
endfacet
facet normal 0 0 0
outer loop
vertex 24.642941 5.569069 9.779371
vertex 24.622465 5.589823 9.779371
vertex 24.642941 5.589823 9.779371
endloop
endfacet
facet normal 0 0 0
outer loop
vertex 24.663416 5.569069 9.779371
vertex 24.642941 5.569069 9.779371
vertex 24.663416 5.589823 9.779371
endloop
endfacet
facet normal 0 0 0
outer loop
vertex 24.663416 5.589823 9.779371
vertex 24.642941 5.569069 9.779371
vertex 24.642941 5.589823 9.779371
endloop
endfacet
facet normal 0 0 0
outer loop
vertex 24.683893 5.569069 9.779371
vertex 24.663416 5.569069 9.779371
vertex 24.683893 5.589823 9.779371
endloop
endfacet
facet normal 0 0 0
outer loop
vertex 24.683893 5.589823 9.779371
vertex 24.663416 5.569069 9.779371
vertex 24.663416 5.589823 9.779371
endloop
endfacet
facet normal 0 0 0
outer loop
vertex 24.704369 5.589823 9.779371
vertex 24.683893 5.569069 9.779371
vertex 24.683893 5.589823 9.779371
endloop
endfacet
facet normal 0 0 0
outer loop
vertex 24.622465 5.589823 9.779371
vertex 24.601990 5.610576 9.779371
vertex 24.622465 5.610576 9.779371
endloop
endfacet
facet normal 0 0 0
outer loop
vertex 24.642941 5.589823 9.779371
vertex 24.622465 5.589823 9.779371
vertex 24.642941 5.610576 9.779371
endloop
endfacet
facet normal 0 0 0
outer loop
vertex 24.642941 5.610576 9.779371
vertex 24.622465 5.589823 9.779371
vertex 24.622465 5.610576 9.779371
endloop
endfacet
facet normal 0 0 0
outer loop
vertex 24.663416 5.589823 9.779371
vertex 24.642941 5.589823 9.779371
vertex 24.663416 5.610576 9.779371
endloop
endfacet
facet normal 0 0 0
outer loop
vertex 24.663416 5.610576 9.779371
vertex 24.642941 5.589823 9.779371
vertex 24.642941 5.610576 9.779371
endloop
endfacet
facet normal 0 0 0
outer loop
vertex 24.683893 5.589823 9.779371
vertex 24.663416 5.589823 9.779371
vertex 24.683893 5.610576 9.779371
endloop
endfacet
facet normal 0 0 0
outer loop
vertex 24.683893 5.610576 9.779371
vertex 24.663416 5.589823 9.779371
vertex 24.663416 5.610576 9.779371
endloop
endfacet
facet normal 0 0 0
outer loop
vertex 24.704369 5.589823 9.779371
vertex 24.683893 5.589823 9.779371
vertex 24.704369 5.610576 9.779371
endloop
endfacet
facet normal 0 0 0
outer loop
vertex 24.704369 5.610576 9.779371
vertex 24.683893 5.589823 9.779371
vertex 24.683893 5.610576 9.779371
endloop
endfacet
facet normal 0 0 0
outer loop
vertex 24.601990 5.610576 9.779371
vertex 24.581514 5.631329 9.779371
vertex 24.601990 5.631329 9.759372
endloop
endfacet
facet normal 0 0 0
outer loop
vertex 24.622465 5.631329 9.759372
vertex 24.601990 5.610576 9.779371
vertex 24.601990 5.631329 9.759372
endloop
endfacet
facet normal 0 0 0
outer loop
vertex 24.622465 5.610576 9.779371
vertex 24.601990 5.610576 9.779371
vertex 24.622465 5.631329 9.759372
endloop
endfacet
facet normal 0 0 0
outer loop
vertex 24.642941 5.631329 9.759372
vertex 24.622465 5.610576 9.779371
vertex 24.622465 5.631329 9.759372
endloop
endfacet
facet normal 0 0 0
outer loop
vertex 24.642941 5.610576 9.779371
vertex 24.622465 5.610576 9.779371
vertex 24.642941 5.631329 9.759372
endloop
endfacet
facet normal 0 0 0
outer loop
vertex 24.663416 5.631329 9.759372
vertex 24.642941 5.610576 9.779371
vertex 24.642941 5.631329 9.759372
endloop
endfacet
facet normal 0 0 0
outer loop
vertex 24.663416 5.610576 9.779371
vertex 24.642941 5.610576 9.779371
vertex 24.663416 5.631329 9.759372
endloop
endfacet
facet normal 0 0 0
outer loop
vertex 24.663416 5.631329 9.759372
vertex 24.683893 5.631329 9.779371
vertex 24.663416 5.610576 9.779371
endloop
endfacet
facet normal 0 0 0
outer loop
vertex 24.683893 5.631329 9.779371
vertex 24.683893 5.610576 9.779371
vertex 24.663416 5.610576 9.779371
endloop
endfacet
facet normal 0 0 0
outer loop
vertex 24.704369 5.610576 9.779371
vertex 24.683893 5.610576 9.779371
vertex 24.704369 5.631329 9.779371
endloop
endfacet
facet normal 0 0 0
outer loop
vertex 24.704369 5.631329 9.779371
vertex 24.683893 5.610576 9.779371
vertex 24.683893 5.631329 9.779371
endloop
endfacet
facet normal 0 0 0
outer loop
vertex 24.581514 5.652082 9.759372
vertex 24.581514 5.631329 9.779371
vertex 24.581514 5.652082 9.779371
endloop
endfacet
facet normal 0 0 0
outer loop
vertex 24.601990 5.631329 9.759372
vertex 24.581514 5.631329 9.779371
vertex 24.581514 5.652082 9.759372
endloop
endfacet
facet normal 0 0 0
outer loop
vertex 24.663416 5.631329 9.759372
vertex 24.683893 5.652082 9.759372
vertex 24.683893 5.631329 9.779371
endloop
endfacet
facet normal 0 0 0
outer loop
vertex 24.683893 5.652082 9.759372
vertex 24.704369 5.652082 9.779371
vertex 24.683893 5.631329 9.779371
endloop
endfacet
facet normal 0 0 0
outer loop
vertex 24.704369 5.652082 9.779371
vertex 24.704369 5.631329 9.779371
vertex 24.683893 5.631329 9.779371
endloop
endfacet
facet normal 0 0 0
outer loop
vertex 24.581514 5.652082 9.759372
vertex 24.581514 5.652082 9.779371
vertex 24.581514 5.672835 9.759372
endloop
endfacet
facet normal 0 0 0
outer loop
vertex 24.581514 5.652082 9.779371
vertex 24.581514 5.672835 9.779371
vertex 24.581514 5.672835 9.759372
endloop
endfacet
facet normal 0 0 0
outer loop
vertex 24.704369 5.652082 9.779371
vertex 24.683893 5.672835 9.759372
vertex 24.704369 5.672835 9.779371
endloop
endfacet
facet normal 0 0 0
outer loop
vertex 24.683893 5.652082 9.759372
vertex 24.683893 5.672835 9.759372
vertex 24.704369 5.652082 9.779371
endloop
endfacet
facet normal 0 0 0
outer loop
vertex 24.581514 5.672835 9.759372
vertex 24.581514 5.672835 9.779371
vertex 24.581514 5.693589 9.759372
endloop
endfacet
facet normal 0 0 0
outer loop
vertex 24.581514 5.672835 9.779371
vertex 24.581514 5.693589 9.779371
vertex 24.581514 5.693589 9.759372
endloop
endfacet
facet normal 0 0 0
outer loop
vertex 24.704369 5.672835 9.779371
vertex 24.683893 5.693589 9.759372
vertex 24.704369 5.693589 9.779371
endloop
endfacet
facet normal 0 0 0
outer loop
vertex 24.683893 5.672835 9.759372
vertex 24.683893 5.693589 9.759372
vertex 24.704369 5.672835 9.779371
endloop
endfacet
facet normal 0 0 0
outer loop
vertex 24.561037 5.714342 9.759372
vertex 24.581514 5.693589 9.759372
vertex 24.581514 5.714342 9.779371
endloop
endfacet
facet normal 0 0 0
outer loop
vertex 24.581514 5.693589 9.759372
vertex 24.581514 5.693589 9.779371
vertex 24.581514 5.714342 9.779371
endloop
endfacet
facet normal 0 0 0
outer loop
vertex 24.704369 5.693589 9.779371
vertex 24.683893 5.714342 9.759372
vertex 24.704369 5.714342 9.779371
endloop
endfacet
facet normal 0 0 0
outer loop
vertex 24.683893 5.693589 9.759372
vertex 24.683893 5.714342 9.759372
vertex 24.704369 5.693589 9.779371
endloop
endfacet
facet normal 0 0 0
outer loop
vertex 24.581514 5.735096 9.779371
vertex 24.561037 5.714342 9.759372
vertex 24.581514 5.714342 9.779371
endloop
endfacet
facet normal 0 0 0
outer loop
vertex 24.561037 5.735096 9.759372
vertex 24.561037 5.714342 9.759372
vertex 24.581514 5.735096 9.779371
endloop
endfacet
facet normal 0 0 0
outer loop
vertex 24.704369 5.714342 9.779371
vertex 24.683893 5.714342 9.759372
vertex 24.683893 5.735096 9.779371
endloop
endfacet
facet normal 0 0 0
outer loop
vertex 24.683893 5.714342 9.759372
vertex 24.683893 5.735096 9.759372
vertex 24.683893 5.735096 9.779371
endloop
endfacet
facet normal 0 0 0
outer loop
vertex 24.561037 5.735096 9.759372
vertex 24.561037 5.755849 9.779371
vertex 24.561037 5.755849 9.759372
endloop
endfacet
facet normal 0 0 0
outer loop
vertex 24.581514 5.735096 9.779371
vertex 24.561037 5.755849 9.779371
vertex 24.561037 5.735096 9.759372
endloop
endfacet
facet normal 0 0 0
outer loop
vertex 24.683893 5.735096 9.759372
vertex 24.683893 5.755849 9.759372
vertex 24.683893 5.735096 9.779371
endloop
endfacet
facet normal 0 0 0
outer loop
vertex 24.683893 5.735096 9.779371
vertex 24.683893 5.755849 9.759372
vertex 24.683893 5.755849 9.779371
endloop
endfacet
facet normal 0 0 0
outer loop
vertex 24.561037 5.755849 9.779371
vertex 24.561037 5.776602 9.759372
vertex 24.561037 5.755849 9.759372
endloop
endfacet
facet normal 0 0 0
outer loop
vertex 24.561037 5.755849 9.779371
vertex 24.581514 5.776602 9.779371
vertex 24.561037 5.776602 9.759372
endloop
endfacet
facet normal 0 0 0
outer loop
vertex 24.683893 5.755849 9.759372
vertex 24.683893 5.776602 9.759372
vertex 24.683893 5.755849 9.779371
endloop
endfacet
facet normal 0 0 0
outer loop
vertex 24.683893 5.755849 9.779371
vertex 24.683893 5.776602 9.759372
vertex 24.683893 5.776602 9.779371
endloop
endfacet
facet normal 0 0 0
outer loop
vertex 24.581514 5.797356 9.779371
vertex 24.561037 5.776602 9.759372
vertex 24.581514 5.776602 9.779371
endloop
endfacet
facet normal 0 0 0
outer loop
vertex 24.561037 5.797356 9.759372
vertex 24.561037 5.776602 9.759372
vertex 24.581514 5.797356 9.779371
endloop
endfacet
facet normal 0 0 0
outer loop
vertex 24.683893 5.776602 9.759372
vertex 24.683893 5.797356 9.759372
vertex 24.683893 5.776602 9.779371
endloop
endfacet
facet normal 0 0 0
outer loop
vertex 24.683893 5.776602 9.779371
vertex 24.683893 5.797356 9.759372
vertex 24.683893 5.797356 9.779371
endloop
endfacet
facet normal 0 0 0
outer loop
vertex 24.581514 5.818109 9.779371
vertex 24.561037 5.797356 9.759372
vertex 24.581514 5.797356 9.779371
endloop
endfacet
facet normal 0 0 0
outer loop
vertex 24.561037 5.818109 9.759372
vertex 24.561037 5.797356 9.759372
vertex 24.581514 5.818109 9.779371
endloop
endfacet
facet normal 0 0 0
outer loop
vertex 24.683893 5.818109 9.759372
vertex 24.663416 5.818109 9.779371
vertex 24.683893 5.797356 9.779371
endloop
endfacet
facet normal 0 0 0
outer loop
vertex 24.683893 5.818109 9.759372
vertex 24.683893 5.797356 9.779371
vertex 24.683893 5.797356 9.759372
endloop
endfacet
facet normal 0 0 0
outer loop
vertex 24.581514 5.838862 9.779371
vertex 24.561037 5.818109 9.759372
vertex 24.581514 5.818109 9.779371
endloop
endfacet
facet normal 0 0 0
outer loop
vertex 24.561037 5.838862 9.759372
vertex 24.561037 5.818109 9.759372
vertex 24.581514 5.838862 9.779371
endloop
endfacet
facet normal 0 0 0
outer loop
vertex 24.683893 5.838862 9.759372
vertex 24.663416 5.818109 9.779371
vertex 24.683893 5.818109 9.759372
endloop
endfacet
facet normal 0 0 0
outer loop
vertex 24.663416 5.838862 9.779371
vertex 24.663416 5.818109 9.779371
vertex 24.683893 5.838862 9.759372
endloop
endfacet
facet normal 0 0 0
outer loop
vertex 24.561037 5.838862 9.759372
vertex 24.581514 5.838862 9.779371
vertex 24.581514 5.859615 9.759372
endloop
endfacet
facet normal 0 0 0
outer loop
vertex 24.581514 5.838862 9.779371
vertex 24.601990 5.859615 9.779371
vertex 24.581514 5.859615 9.759372
endloop
endfacet
facet normal 0 0 0
outer loop
vertex 24.622465 5.859615 9.759372
vertex 24.601990 5.859615 9.779371
vertex 24.622465 5.838862 9.779371
endloop
endfacet
facet normal 0 0 0
outer loop
vertex 24.622465 5.859615 9.759372
vertex 24.642941 5.838862 9.779371
vertex 24.642941 5.859615 9.759372
endloop
endfacet
facet normal 0 0 0
outer loop
vertex 24.622465 5.838862 9.779371
vertex 24.642941 5.838862 9.779371
vertex 24.622465 5.859615 9.759372
endloop
endfacet
facet normal 0 0 0
outer loop
vertex 24.642941 5.859615 9.759372
vertex 24.663416 5.838862 9.779371
vertex 24.663416 5.859615 9.759372
endloop
endfacet
facet normal 0 0 0
outer loop
vertex 24.642941 5.838862 9.779371
vertex 24.663416 5.838862 9.779371
vertex 24.642941 5.859615 9.759372
endloop
endfacet
facet normal 0 0 0
outer loop
vertex 24.683893 5.838862 9.759372
vertex 24.663416 5.859615 9.759372
vertex 24.663416 5.838862 9.779371
endloop
endfacet
facet normal 0 0 0
outer loop
vertex 24.581514 5.859615 9.759372
vertex 24.601990 5.859615 9.779371
vertex 24.601990 5.880369 9.759372
endloop
endfacet
facet normal 0 0 0
outer loop
vertex 24.601990 5.859615 9.779371
vertex 24.622465 5.859615 9.759372
vertex 24.601990 5.880369 9.759372
endloop
endfacet
facet normal 0 0 0
outer loop
vertex 24.622465 5.859615 9.759372
vertex 24.622465 5.880369 9.759372
vertex 24.601990 5.880369 9.759372
endloop
endfacet
facet normal 0 0 0
outer loop
vertex 24.622465 5.569069 9.799372
vertex 24.642941 5.569069 9.779371
vertex 24.642941 5.569069 9.799372
endloop
endfacet
facet normal 0 0 0
outer loop
vertex 24.663416 5.569069 9.779371
vertex 24.663416 5.569069 9.799372
vertex 24.642941 5.569069 9.779371
endloop
endfacet
facet normal 0 0 0
outer loop
vertex 24.642941 5.569069 9.779371
vertex 24.663416 5.569069 9.799372
vertex 24.642941 5.569069 9.799372
endloop
endfacet
facet normal 0 0 0
outer loop
vertex 24.683893 5.569069 9.779371
vertex 24.683893 5.569069 9.799372
vertex 24.663416 5.569069 9.779371
endloop
endfacet
facet normal 0 0 0
outer loop
vertex 24.663416 5.569069 9.779371
vertex 24.683893 5.569069 9.799372
vertex 24.663416 5.569069 9.799372
endloop
endfacet
facet normal 0 0 0
outer loop
vertex 24.622465 5.569069 9.799372
vertex 24.601990 5.589823 9.799372
vertex 24.622465 5.589823 9.779371
endloop
endfacet
facet normal 0 0 0
outer loop
vertex 24.642941 5.569069 9.779371
vertex 24.622465 5.569069 9.799372
vertex 24.622465 5.589823 9.779371
endloop
endfacet
facet normal 0 0 0
outer loop
vertex 24.704369 5.589823 9.779371
vertex 24.683893 5.589823 9.799372
vertex 24.683893 5.569069 9.779371
endloop
endfacet
facet normal 0 0 0
outer loop
vertex 24.683893 5.589823 9.799372
vertex 24.683893 5.569069 9.799372
vertex 24.683893 5.569069 9.779371
endloop
endfacet
facet normal 0 0 0
outer loop
vertex 24.601990 5.589823 9.799372
vertex 24.581514 5.610576 9.799372
vertex 24.601990 5.610576 9.779371
endloop
endfacet
facet normal 0 0 0
outer loop
vertex 24.622465 5.589823 9.779371
vertex 24.601990 5.589823 9.799372
vertex 24.601990 5.610576 9.779371
endloop
endfacet
facet normal 0 0 0
outer loop
vertex 24.704369 5.610576 9.779371
vertex 24.683893 5.589823 9.799372
vertex 24.704369 5.589823 9.779371
endloop
endfacet
facet normal 0 0 0
outer loop
vertex 24.683893 5.610576 9.799372
vertex 24.683893 5.589823 9.799372
vertex 24.704369 5.610576 9.779371
endloop
endfacet
facet normal 0 0 0
outer loop
vertex 24.581514 5.631329 9.779371
vertex 24.581514 5.610576 9.799372
vertex 24.581514 5.631329 9.799372
endloop
endfacet
facet normal 0 0 0
outer loop
vertex 24.601990 5.610576 9.779371
vertex 24.581514 5.610576 9.799372
vertex 24.581514 5.631329 9.779371
endloop
endfacet
facet normal 0 0 0
outer loop
vertex 24.704369 5.631329 9.779371
vertex 24.683893 5.610576 9.799372
vertex 24.704369 5.610576 9.779371
endloop
endfacet
facet normal 0 0 0
outer loop
vertex 24.683893 5.631329 9.799372
vertex 24.683893 5.610576 9.799372
vertex 24.704369 5.631329 9.779371
endloop
endfacet
facet normal 0 0 0
outer loop
vertex 24.581514 5.631329 9.779371
vertex 24.581514 5.631329 9.799372
vertex 24.581514 5.652082 9.779371
endloop
endfacet
facet normal 0 0 0
outer loop
vertex 24.581514 5.631329 9.799372
vertex 24.581514 5.652082 9.799372
vertex 24.581514 5.652082 9.779371
endloop
endfacet
facet normal 0 0 0
outer loop
vertex 24.704369 5.652082 9.779371
vertex 24.683893 5.631329 9.799372
vertex 24.704369 5.631329 9.779371
endloop
endfacet
facet normal 0 0 0
outer loop
vertex 24.683893 5.652082 9.799372
vertex 24.683893 5.631329 9.799372
vertex 24.704369 5.652082 9.779371
endloop
endfacet
facet normal 0 0 0
outer loop
vertex 24.561037 5.672835 9.799372
vertex 24.581514 5.672835 9.779371
vertex 24.581514 5.652082 9.799372
endloop
endfacet
facet normal 0 0 0
outer loop
vertex 24.581514 5.672835 9.779371
vertex 24.581514 5.652082 9.779371
vertex 24.581514 5.652082 9.799372
endloop
endfacet
facet normal 0 0 0
outer loop
vertex 24.704369 5.672835 9.779371
vertex 24.683893 5.652082 9.799372
vertex 24.704369 5.652082 9.779371
endloop
endfacet
facet normal 0 0 0
outer loop
vertex 24.683893 5.672835 9.799372
vertex 24.683893 5.652082 9.799372
vertex 24.704369 5.672835 9.779371
endloop
endfacet
facet normal 0 0 0
outer loop
vertex 24.581514 5.672835 9.779371
vertex 24.561037 5.693589 9.799372
vertex 24.581514 5.693589 9.779371
endloop
endfacet
facet normal 0 0 0
outer loop
vertex 24.561037 5.672835 9.799372
vertex 24.561037 5.693589 9.799372
vertex 24.581514 5.672835 9.779371
endloop
endfacet
facet normal 0 0 0
outer loop
vertex 24.704369 5.693589 9.779371
vertex 24.683893 5.672835 9.799372
vertex 24.704369 5.672835 9.779371
endloop
endfacet
facet normal 0 0 0
outer loop
vertex 24.683893 5.693589 9.799372
vertex 24.683893 5.672835 9.799372
vertex 24.704369 5.693589 9.779371
endloop
endfacet
facet normal 0 0 0
outer loop
vertex 24.561037 5.693589 9.799372
vertex 24.581514 5.714342 9.799372
vertex 24.581514 5.693589 9.779371
endloop
endfacet
facet normal 0 0 0
outer loop
vertex 24.581514 5.714342 9.799372
vertex 24.581514 5.714342 9.779371
vertex 24.581514 5.693589 9.779371
endloop
endfacet
facet normal 0 0 0
outer loop
vertex 24.704369 5.714342 9.779371
vertex 24.683893 5.693589 9.799372
vertex 24.704369 5.693589 9.779371
endloop
endfacet
facet normal 0 0 0
outer loop
vertex 24.683893 5.714342 9.799372
vertex 24.683893 5.693589 9.799372
vertex 24.704369 5.714342 9.779371
endloop
endfacet
facet normal 0 0 0
outer loop
vertex 24.561037 5.735096 9.799372
vertex 24.581514 5.735096 9.779371
vertex 24.581514 5.714342 9.799372
endloop
endfacet
facet normal 0 0 0
outer loop
vertex 24.581514 5.735096 9.779371
vertex 24.581514 5.714342 9.779371
vertex 24.581514 5.714342 9.799372
endloop
endfacet
facet normal 0 0 0
outer loop
vertex 24.704369 5.714342 9.779371
vertex 24.683893 5.735096 9.779371
vertex 24.683893 5.714342 9.799372
endloop
endfacet
facet normal 0 0 0
outer loop
vertex 24.683893 5.735096 9.779371
vertex 24.683893 5.735096 9.799372
vertex 24.683893 5.714342 9.799372
endloop
endfacet
facet normal 0 0 0
outer loop
vertex 24.561037 5.755849 9.779371
vertex 24.561037 5.735096 9.799372
vertex 24.561037 5.755849 9.799372
endloop
endfacet
facet normal 0 0 0
outer loop
vertex 24.581514 5.735096 9.779371
vertex 24.561037 5.735096 9.799372
vertex 24.561037 5.755849 9.779371
endloop
endfacet
facet normal 0 0 0
outer loop
vertex 24.683893 5.735096 9.779371
vertex 24.683893 5.755849 9.779371
vertex 24.683893 5.735096 9.799372
endloop
endfacet
facet normal 0 0 0
outer loop
vertex 24.683893 5.735096 9.799372
vertex 24.683893 5.755849 9.779371
vertex 24.683893 5.755849 9.799372
endloop
endfacet
facet normal 0 0 0
outer loop
vertex 24.561037 5.776602 9.799372
vertex 24.561037 5.755849 9.779371
vertex 24.561037 5.755849 9.799372
endloop
endfacet
facet normal 0 0 0
outer loop
vertex 24.561037 5.755849 9.779371
vertex 24.561037 5.776602 9.799372
vertex 24.581514 5.776602 9.779371
endloop
endfacet
facet normal 0 0 0
outer loop
vertex 24.683893 5.776602 9.779371
vertex 24.663416 5.776602 9.799372
vertex 24.683893 5.755849 9.799372
endloop
endfacet
facet normal 0 0 0
outer loop
vertex 24.683893 5.776602 9.779371
vertex 24.683893 5.755849 9.799372
vertex 24.683893 5.755849 9.779371
endloop
endfacet
facet normal 0 0 0
outer loop
vertex 24.581514 5.776602 9.779371
vertex 24.561037 5.797356 9.799372
vertex 24.581514 5.797356 9.779371
endloop
endfacet
facet normal 0 0 0
outer loop
vertex 24.561037 5.776602 9.799372
vertex 24.561037 5.797356 9.799372
vertex 24.581514 5.776602 9.779371
endloop
endfacet
facet normal 0 0 0
outer loop
vertex 24.683893 5.797356 9.779371
vertex 24.663416 5.776602 9.799372
vertex 24.683893 5.776602 9.779371
endloop
endfacet
facet normal 0 0 0
outer loop
vertex 24.663416 5.797356 9.799372
vertex 24.663416 5.776602 9.799372
vertex 24.683893 5.797356 9.779371
endloop
endfacet
facet normal 0 0 0
outer loop
vertex 24.581514 5.797356 9.779371
vertex 24.561037 5.818109 9.799372
vertex 24.581514 5.818109 9.779371
endloop
endfacet
facet normal 0 0 0
outer loop
vertex 24.561037 5.797356 9.799372
vertex 24.561037 5.818109 9.799372
vertex 24.581514 5.797356 9.779371
endloop
endfacet
facet normal 0 0 0
outer loop
vertex 24.683893 5.797356 9.779371
vertex 24.663416 5.818109 9.779371
vertex 24.663416 5.797356 9.799372
endloop
endfacet
facet normal 0 0 0
outer loop
vertex 24.663416 5.818109 9.779371
vertex 24.663416 5.818109 9.799372
vertex 24.663416 5.797356 9.799372
endloop
endfacet
facet normal 0 0 0
outer loop
vertex 24.561037 5.818109 9.799372
vertex 24.581514 5.838862 9.799372
vertex 24.581514 5.818109 9.779371
endloop
endfacet
facet normal 0 0 0
outer loop
vertex 24.581514 5.838862 9.799372
vertex 24.581514 5.838862 9.779371
vertex 24.581514 5.818109 9.779371
endloop
endfacet
facet normal 0 0 0
outer loop
vertex 24.663416 5.838862 9.779371
vertex 24.642941 5.838862 9.799372
vertex 24.663416 5.818109 9.799372
endloop
endfacet
facet normal 0 0 0
outer loop
vertex 24.663416 5.838862 9.779371
vertex 24.663416 5.818109 9.799372
vertex 24.663416 5.818109 9.779371
endloop
endfacet
facet normal 0 0 0
outer loop
vertex 24.581514 5.859615 9.799372
vertex 24.581514 5.838862 9.779371
vertex 24.581514 5.838862 9.799372
endloop
endfacet
facet normal 0 0 0
outer loop
vertex 24.581514 5.859615 9.799372
vertex 24.601990 5.838862 9.799372
vertex 24.581514 5.838862 9.779371
endloop
endfacet
facet normal 0 0 0
outer loop
vertex 24.601990 5.859615 9.779371
vertex 24.581514 5.838862 9.779371
vertex 24.601990 5.838862 9.799372
endloop
endfacet
facet normal 0 0 0
outer loop
vertex 24.601990 5.859615 9.779371
vertex 24.601990 5.838862 9.799372
vertex 24.622465 5.838862 9.779371
endloop
endfacet
facet normal 0 0 0
outer loop
vertex 24.622465 5.859615 9.799372
vertex 24.622465 5.838862 9.779371
vertex 24.601990 5.838862 9.799372
endloop
endfacet
facet normal 0 0 0
outer loop
vertex 24.622465 5.859615 9.799372
vertex 24.642941 5.838862 9.799372
vertex 24.622465 5.838862 9.779371
endloop
endfacet
facet normal 0 0 0
outer loop
vertex 24.642941 5.838862 9.799372
vertex 24.642941 5.838862 9.779371
vertex 24.622465 5.838862 9.779371
endloop
endfacet
facet normal 0 0 0
outer loop
vertex 24.642941 5.838862 9.799372
vertex 24.663416 5.838862 9.779371
vertex 24.642941 5.838862 9.779371
endloop
endfacet
facet normal 0 0 0
outer loop
vertex 24.642941 5.569069 9.799372
vertex 24.642941 5.569069 9.819372
vertex 24.622465 5.569069 9.799372
endloop
endfacet
facet normal 0 0 0
outer loop
vertex 24.622465 5.569069 9.799372
vertex 24.642941 5.569069 9.819372
vertex 24.622465 5.569069 9.819372
endloop
endfacet
facet normal 0 0 0
outer loop
vertex 24.663416 5.569069 9.799372
vertex 24.663416 5.569069 9.819372
vertex 24.642941 5.569069 9.799372
endloop
endfacet
facet normal 0 0 0
outer loop
vertex 24.642941 5.569069 9.799372
vertex 24.663416 5.569069 9.819372
vertex 24.642941 5.569069 9.819372
endloop
endfacet
facet normal 0 0 0
outer loop
vertex 24.683893 5.569069 9.799372
vertex 24.683893 5.569069 9.819372
vertex 24.663416 5.569069 9.799372
endloop
endfacet
facet normal 0 0 0
outer loop
vertex 24.663416 5.569069 9.799372
vertex 24.683893 5.569069 9.819372
vertex 24.663416 5.569069 9.819372
endloop
endfacet
facet normal 0 0 0
outer loop
vertex 24.601990 5.589823 9.799372
vertex 24.622465 5.569069 9.799372
vertex 24.622465 5.589823 9.819372
endloop
endfacet
facet normal 0 0 0
outer loop
vertex 24.622465 5.569069 9.799372
vertex 24.622465 5.569069 9.819372
vertex 24.622465 5.589823 9.819372
endloop
endfacet
facet normal 0 0 0
outer loop
vertex 24.704369 5.589823 9.819372
vertex 24.683893 5.569069 9.819372
vertex 24.683893 5.589823 9.799372
endloop
endfacet
facet normal 0 0 0
outer loop
vertex 24.683893 5.569069 9.819372
vertex 24.683893 5.569069 9.799372
vertex 24.683893 5.589823 9.799372
endloop
endfacet
facet normal 0 0 0
outer loop
vertex 24.601990 5.589823 9.799372
vertex 24.601990 5.610576 9.819372
vertex 24.581514 5.610576 9.799372
endloop
endfacet
facet normal 0 0 0
outer loop
vertex 24.622465 5.589823 9.819372
vertex 24.601990 5.610576 9.819372
vertex 24.601990 5.589823 9.799372
endloop
endfacet
facet normal 0 0 0
outer loop
vertex 24.704369 5.589823 9.819372
vertex 24.683893 5.610576 9.799372
vertex 24.704369 5.610576 9.819372
endloop
endfacet
facet normal 0 0 0
outer loop
vertex 24.683893 5.589823 9.799372
vertex 24.683893 5.610576 9.799372
vertex 24.704369 5.589823 9.819372
endloop
endfacet
facet normal 0 0 0
outer loop
vertex 24.601990 5.631329 9.819372
vertex 24.581514 5.610576 9.799372
vertex 24.601990 5.610576 9.819372
endloop
endfacet
facet normal 0 0 0
outer loop
vertex 24.581514 5.631329 9.799372
vertex 24.581514 5.610576 9.799372
vertex 24.601990 5.631329 9.819372
endloop
endfacet
facet normal 0 0 0
outer loop
vertex 24.704369 5.610576 9.819372
vertex 24.683893 5.631329 9.799372
vertex 24.704369 5.631329 9.819372
endloop
endfacet
facet normal 0 0 0
outer loop
vertex 24.683893 5.610576 9.799372
vertex 24.683893 5.631329 9.799372
vertex 24.704369 5.610576 9.819372
endloop
endfacet
facet normal 0 0 0
outer loop
vertex 24.601990 5.652082 9.819372
vertex 24.581514 5.631329 9.799372
vertex 24.601990 5.631329 9.819372
endloop
endfacet
facet normal 0 0 0
outer loop
vertex 24.581514 5.652082 9.799372
vertex 24.581514 5.631329 9.799372
vertex 24.601990 5.652082 9.819372
endloop
endfacet
facet normal 0 0 0
outer loop
vertex 24.704369 5.631329 9.819372
vertex 24.683893 5.652082 9.799372
vertex 24.704369 5.652082 9.819372
endloop
endfacet
facet normal 0 0 0
outer loop
vertex 24.683893 5.631329 9.799372
vertex 24.683893 5.652082 9.799372
vertex 24.704369 5.631329 9.819372
endloop
endfacet
facet normal 0 0 0
outer loop
vertex 24.581514 5.652082 9.799372
vertex 24.581514 5.672835 9.819372
vertex 24.561037 5.672835 9.799372
endloop
endfacet
facet normal 0 0 0
outer loop
vertex 24.601990 5.652082 9.819372
vertex 24.581514 5.672835 9.819372
vertex 24.581514 5.652082 9.799372
endloop
endfacet
facet normal 0 0 0
outer loop
vertex 24.704369 5.652082 9.819372
vertex 24.683893 5.672835 9.799372
vertex 24.704369 5.672835 9.819372
endloop
endfacet
facet normal 0 0 0
outer loop
vertex 24.683893 5.652082 9.799372
vertex 24.683893 5.672835 9.799372
vertex 24.704369 5.652082 9.819372
endloop
endfacet
facet normal 0 0 0
outer loop
vertex 24.581514 5.693589 9.819372
vertex 24.561037 5.672835 9.799372
vertex 24.581514 5.672835 9.819372
endloop
endfacet
facet normal 0 0 0
outer loop
vertex 24.561037 5.693589 9.799372
vertex 24.561037 5.672835 9.799372
vertex 24.581514 5.693589 9.819372
endloop
endfacet
facet normal 0 0 0
outer loop
vertex 24.704369 5.672835 9.819372
vertex 24.683893 5.693589 9.799372
vertex 24.704369 5.693589 9.819372
endloop
endfacet
facet normal 0 0 0
outer loop
vertex 24.683893 5.672835 9.799372
vertex 24.683893 5.693589 9.799372
vertex 24.704369 5.672835 9.819372
endloop
endfacet
facet normal 0 0 0
outer loop
vertex 24.561037 5.693589 9.799372
vertex 24.581514 5.693589 9.819372
vertex 24.581514 5.714342 9.799372
endloop
endfacet
facet normal 0 0 0
outer loop
vertex 24.581514 5.693589 9.819372
vertex 24.581514 5.714342 9.819372
vertex 24.581514 5.714342 9.799372
endloop
endfacet
facet normal 0 0 0
outer loop
vertex 24.704369 5.693589 9.819372
vertex 24.683893 5.714342 9.799372
vertex 24.704369 5.714342 9.819372
endloop
endfacet
facet normal 0 0 0
outer loop
vertex 24.683893 5.693589 9.799372
vertex 24.683893 5.714342 9.799372
vertex 24.704369 5.693589 9.819372
endloop
endfacet
facet normal 0 0 0
outer loop
vertex 24.561037 5.735096 9.799372
vertex 24.581514 5.714342 9.799372
vertex 24.581514 5.735096 9.819372
endloop
endfacet
facet normal 0 0 0
outer loop
vertex 24.581514 5.714342 9.799372
vertex 24.581514 5.714342 9.819372
vertex 24.581514 5.735096 9.819372
endloop
endfacet
facet normal 0 0 0
outer loop
vertex 24.704369 5.714342 9.819372
vertex 24.683893 5.735096 9.799372
vertex 24.704369 5.735096 9.819372
endloop
endfacet
facet normal 0 0 0
outer loop
vertex 24.683893 5.714342 9.799372
vertex 24.683893 5.735096 9.799372
vertex 24.704369 5.714342 9.819372
endloop
endfacet
facet normal 0 0 0
outer loop
vertex 24.581514 5.755849 9.819372
vertex 24.561037 5.735096 9.799372
vertex 24.581514 5.735096 9.819372
endloop
endfacet
facet normal 0 0 0
outer loop
vertex 24.561037 5.755849 9.799372
vertex 24.561037 5.735096 9.799372
vertex 24.581514 5.755849 9.819372
endloop
endfacet
facet normal 0 0 0
outer loop
vertex 24.704369 5.735096 9.819372
vertex 24.683893 5.735096 9.799372
vertex 24.683893 5.755849 9.819372
endloop
endfacet
facet normal 0 0 0
outer loop
vertex 24.683893 5.735096 9.799372
vertex 24.683893 5.755849 9.799372
vertex 24.683893 5.755849 9.819372
endloop
endfacet
facet normal 0 0 0
outer loop
vertex 24.581514 5.776602 9.819372
vertex 24.561037 5.755849 9.799372
vertex 24.581514 5.755849 9.819372
endloop
endfacet
facet normal 0 0 0
outer loop
vertex 24.561037 5.776602 9.799372
vertex 24.561037 5.755849 9.799372
vertex 24.581514 5.776602 9.819372
endloop
endfacet
facet normal 0 0 0
outer loop
vertex 24.683893 5.755849 9.799372
vertex 24.663416 5.776602 9.799372
vertex 24.683893 5.776602 9.819372
endloop
endfacet
facet normal 0 0 0
outer loop
vertex 24.683893 5.755849 9.799372
vertex 24.683893 5.776602 9.819372
vertex 24.683893 5.755849 9.819372
endloop
endfacet
facet normal 0 0 0
outer loop
vertex 24.581514 5.797356 9.819372
vertex 24.561037 5.776602 9.799372
vertex 24.581514 5.776602 9.819372
endloop
endfacet
facet normal 0 0 0
outer loop
vertex 24.561037 5.797356 9.799372
vertex 24.561037 5.776602 9.799372
vertex 24.581514 5.797356 9.819372
endloop
endfacet
facet normal 0 0 0
outer loop
vertex 24.683893 5.776602 9.819372
vertex 24.663416 5.797356 9.799372
vertex 24.683893 5.797356 9.819372
endloop
endfacet
facet normal 0 0 0
outer loop
vertex 24.663416 5.776602 9.799372
vertex 24.663416 5.797356 9.799372
vertex 24.683893 5.776602 9.819372
endloop
endfacet
facet normal 0 0 0
outer loop
vertex 24.581514 5.818109 9.819372
vertex 24.561037 5.797356 9.799372
vertex 24.581514 5.797356 9.819372
endloop
endfacet
facet normal 0 0 0
outer loop
vertex 24.561037 5.818109 9.799372
vertex 24.561037 5.797356 9.799372
vertex 24.581514 5.818109 9.819372
endloop
endfacet
facet normal 0 0 0
outer loop
vertex 24.683893 5.797356 9.819372
vertex 24.663416 5.818109 9.799372
vertex 24.683893 5.818109 9.819372
endloop
endfacet
facet normal 0 0 0
outer loop
vertex 24.663416 5.797356 9.799372
vertex 24.663416 5.818109 9.799372
vertex 24.683893 5.797356 9.819372
endloop
endfacet
facet normal 0 0 0
outer loop
vertex 24.561037 5.818109 9.799372
vertex 24.581514 5.818109 9.819372
vertex 24.581514 5.838862 9.799372
endloop
endfacet
facet normal 0 0 0
outer loop
vertex 24.581514 5.818109 9.819372
vertex 24.581514 5.838862 9.819372
vertex 24.581514 5.838862 9.799372
endloop
endfacet
facet normal 0 0 0
outer loop
vertex 24.663416 5.818109 9.799372
vertex 24.642941 5.838862 9.799372
vertex 24.663416 5.838862 9.819372
endloop
endfacet
facet normal 0 0 0
outer loop
vertex 24.663416 5.818109 9.799372
vertex 24.663416 5.838862 9.819372
vertex 24.683893 5.818109 9.819372
endloop
endfacet
facet normal 0 0 0
outer loop
vertex 24.581514 5.838862 9.799372
vertex 24.581514 5.838862 9.819372
vertex 24.581514 5.859615 9.799372
endloop
endfacet
facet normal 0 0 0
outer loop
vertex 24.581514 5.838862 9.819372
vertex 24.581514 5.859615 9.819372
vertex 24.581514 5.859615 9.799372
endloop
endfacet
facet normal 0 0 0
outer loop
vertex 24.601990 5.838862 9.799372
vertex 24.581514 5.859615 9.799372
vertex 24.601990 5.859615 9.819372
endloop
endfacet
facet normal 0 0 0
outer loop
vertex 24.601990 5.838862 9.799372
vertex 24.601990 5.859615 9.819372
vertex 24.622465 5.859615 9.799372
endloop
endfacet
facet normal 0 0 0
outer loop
vertex 24.642941 5.838862 9.799372
vertex 24.622465 5.859615 9.799372
vertex 24.642941 5.859615 9.819372
endloop
endfacet
facet normal 0 0 0
outer loop
vertex 24.642941 5.838862 9.799372
vertex 24.642941 5.859615 9.819372
vertex 24.663416 5.838862 9.819372
endloop
endfacet
facet normal 0 0 0
outer loop
vertex 24.642941 5.859615 9.819372
vertex 24.663416 5.859615 9.819372
vertex 24.663416 5.838862 9.819372
endloop
endfacet
facet normal 0 0 0
outer loop
vertex 24.581514 5.859615 9.799372
vertex 24.581514 5.859615 9.819372
vertex 24.601990 5.880369 9.819372
endloop
endfacet
facet normal 0 0 0
outer loop
vertex 24.581514 5.859615 9.799372
vertex 24.601990 5.880369 9.819372
vertex 24.601990 5.859615 9.819372
endloop
endfacet
facet normal 0 0 0
outer loop
vertex 24.622465 5.859615 9.799372
vertex 24.601990 5.859615 9.819372
vertex 24.622465 5.880369 9.819372
endloop
endfacet
facet normal 0 0 0
outer loop
vertex 24.601990 5.859615 9.819372
vertex 24.601990 5.880369 9.819372
vertex 24.622465 5.880369 9.819372
endloop
endfacet
facet normal 0 0 0
outer loop
vertex 24.622465 5.859615 9.799372
vertex 24.622465 5.880369 9.819372
vertex 24.642941 5.859615 9.819372
endloop
endfacet
facet normal 0 0 0
outer loop
vertex 24.642941 5.527562 9.839372
vertex 24.622465 5.527562 9.839372
vertex 24.642941 5.548316 9.839372
endloop
endfacet
facet normal 0 0 0
outer loop
vertex 24.642941 5.548316 9.839372
vertex 24.622465 5.527562 9.839372
vertex 24.622465 5.548316 9.839372
endloop
endfacet
facet normal 0 0 0
outer loop
vertex 24.663416 5.527562 9.839372
vertex 24.642941 5.527562 9.839372
vertex 24.663416 5.548316 9.839372
endloop
endfacet
facet normal 0 0 0
outer loop
vertex 24.663416 5.548316 9.839372
vertex 24.642941 5.527562 9.839372
vertex 24.642941 5.548316 9.839372
endloop
endfacet
facet normal 0 0 0
outer loop
vertex 24.683893 5.527562 9.839372
vertex 24.663416 5.527562 9.839372
vertex 24.683893 5.548316 9.839372
endloop
endfacet
facet normal 0 0 0
outer loop
vertex 24.683893 5.548316 9.839372
vertex 24.663416 5.527562 9.839372
vertex 24.663416 5.548316 9.839372
endloop
endfacet
facet normal 0 0 0
outer loop
vertex 24.704369 5.548316 9.839372
vertex 24.683893 5.527562 9.839372
vertex 24.683893 5.548316 9.839372
endloop
endfacet
facet normal 0 0 0
outer loop
vertex 24.622465 5.548316 9.839372
vertex 24.601990 5.569069 9.839372
vertex 24.622465 5.569069 9.819372
endloop
endfacet
facet normal 0 0 0
outer loop
vertex 24.642941 5.569069 9.819372
vertex 24.622465 5.548316 9.839372
vertex 24.622465 5.569069 9.819372
endloop
endfacet
facet normal 0 0 0
outer loop
vertex 24.642941 5.548316 9.839372
vertex 24.622465 5.548316 9.839372
vertex 24.642941 5.569069 9.819372
endloop
endfacet
facet normal 0 0 0
outer loop
vertex 24.663416 5.569069 9.819372
vertex 24.642941 5.548316 9.839372
vertex 24.642941 5.569069 9.819372
endloop
endfacet
facet normal 0 0 0
outer loop
vertex 24.663416 5.548316 9.839372
vertex 24.642941 5.548316 9.839372
vertex 24.663416 5.569069 9.819372
endloop
endfacet
facet normal 0 0 0
outer loop
vertex 24.683893 5.569069 9.819372
vertex 24.663416 5.548316 9.839372
vertex 24.663416 5.569069 9.819372
endloop
endfacet
facet normal 0 0 0
outer loop
vertex 24.683893 5.548316 9.839372
vertex 24.663416 5.548316 9.839372
vertex 24.683893 5.569069 9.819372
endloop
endfacet
facet normal 0 0 0
outer loop
vertex 24.683893 5.569069 9.819372
vertex 24.704369 5.569069 9.839372
vertex 24.683893 5.548316 9.839372
endloop
endfacet
facet normal 0 0 0
outer loop
vertex 24.704369 5.569069 9.839372
vertex 24.704369 5.548316 9.839372
vertex 24.683893 5.548316 9.839372
endloop
endfacet
facet normal 0 0 0
outer loop
vertex 24.622465 5.569069 9.819372
vertex 24.601990 5.589823 9.839372
vertex 24.622465 5.589823 9.819372
endloop
endfacet
facet normal 0 0 0
outer loop
vertex 24.601990 5.569069 9.839372
vertex 24.601990 5.589823 9.839372
vertex 24.622465 5.569069 9.819372
endloop
endfacet
facet normal 0 0 0
outer loop
vertex 24.683893 5.569069 9.819372
vertex 24.704369 5.589823 9.819372
vertex 24.704369 5.569069 9.839372
endloop
endfacet
facet normal 0 0 0
outer loop
vertex 24.704369 5.569069 9.839372
vertex 24.704369 5.589823 9.819372
vertex 24.704369 5.589823 9.839372
endloop
endfacet
facet normal 0 0 0
outer loop
vertex 24.601990 5.610576 9.819372
vertex 24.601990 5.589823 9.839372
vertex 24.601990 5.610576 9.839372
endloop
endfacet
facet normal 0 0 0
outer loop
vertex 24.622465 5.589823 9.819372
vertex 24.601990 5.589823 9.839372
vertex 24.601990 5.610576 9.819372
endloop
endfacet
facet normal 0 0 0
outer loop
vertex 24.704369 5.589823 9.819372
vertex 24.704369 5.610576 9.819372
vertex 24.704369 5.589823 9.839372
endloop
endfacet
facet normal 0 0 0
outer loop
vertex 24.704369 5.589823 9.839372
vertex 24.704369 5.610576 9.819372
vertex 24.704369 5.610576 9.839372
endloop
endfacet
facet normal 0 0 0
outer loop
vertex 24.581514 5.631329 9.839372
vertex 24.601990 5.631329 9.819372
vertex 24.601990 5.610576 9.839372
endloop
endfacet
facet normal 0 0 0
outer loop
vertex 24.601990 5.631329 9.819372
vertex 24.601990 5.610576 9.819372
vertex 24.601990 5.610576 9.839372
endloop
endfacet
facet normal 0 0 0
outer loop
vertex 24.704369 5.610576 9.819372
vertex 24.704369 5.631329 9.819372
vertex 24.704369 5.610576 9.839372
endloop
endfacet
facet normal 0 0 0
outer loop
vertex 24.704369 5.610576 9.839372
vertex 24.704369 5.631329 9.819372
vertex 24.704369 5.631329 9.839372
endloop
endfacet
facet normal 0 0 0
outer loop
vertex 24.581514 5.631329 9.839372
vertex 24.601990 5.652082 9.839372
vertex 24.601990 5.631329 9.819372
endloop
endfacet
facet normal 0 0 0
outer loop
vertex 24.601990 5.652082 9.839372
vertex 24.601990 5.652082 9.819372
vertex 24.601990 5.631329 9.819372
endloop
endfacet
facet normal 0 0 0
outer loop
vertex 24.704369 5.631329 9.819372
vertex 24.704369 5.652082 9.819372
vertex 24.704369 5.631329 9.839372
endloop
endfacet
facet normal 0 0 0
outer loop
vertex 24.704369 5.631329 9.839372
vertex 24.704369 5.652082 9.819372
vertex 24.704369 5.652082 9.839372
endloop
endfacet
facet normal 0 0 0
outer loop
vertex 24.601990 5.652082 9.839372
vertex 24.581514 5.672835 9.819372
vertex 24.601990 5.652082 9.819372
endloop
endfacet
facet normal 0 0 0
outer loop
vertex 24.581514 5.672835 9.839372
vertex 24.581514 5.672835 9.819372
vertex 24.601990 5.652082 9.839372
endloop
endfacet
facet normal 0 0 0
outer loop
vertex 24.704369 5.652082 9.819372
vertex 24.704369 5.672835 9.819372
vertex 24.704369 5.652082 9.839372
endloop
endfacet
facet normal 0 0 0
outer loop
vertex 24.704369 5.652082 9.839372
vertex 24.704369 5.672835 9.819372
vertex 24.704369 5.672835 9.839372
endloop
endfacet
facet normal 0 0 0
outer loop
vertex 24.581514 5.672835 9.819372
vertex 24.581514 5.672835 9.839372
vertex 24.581514 5.693589 9.819372
endloop
endfacet
facet normal 0 0 0
outer loop
vertex 24.581514 5.672835 9.839372
vertex 24.581514 5.693589 9.839372
vertex 24.581514 5.693589 9.819372
endloop
endfacet
facet normal 0 0 0
outer loop
vertex 24.704369 5.672835 9.819372
vertex 24.704369 5.693589 9.819372
vertex 24.704369 5.672835 9.839372
endloop
endfacet
facet normal 0 0 0
outer loop
vertex 24.704369 5.672835 9.839372
vertex 24.704369 5.693589 9.819372
vertex 24.704369 5.693589 9.839372
endloop
endfacet
facet normal 0 0 0
outer loop
vertex 24.581514 5.693589 9.819372
vertex 24.581514 5.693589 9.839372
vertex 24.581514 5.714342 9.819372
endloop
endfacet
facet normal 0 0 0
outer loop
vertex 24.581514 5.693589 9.839372
vertex 24.581514 5.714342 9.839372
vertex 24.581514 5.714342 9.819372
endloop
endfacet
facet normal 0 0 0
outer loop
vertex 24.704369 5.693589 9.819372
vertex 24.704369 5.714342 9.819372
vertex 24.704369 5.693589 9.839372
endloop
endfacet
facet normal 0 0 0
outer loop
vertex 24.704369 5.693589 9.839372
vertex 24.704369 5.714342 9.819372
vertex 24.704369 5.714342 9.839372
endloop
endfacet
facet normal 0 0 0
outer loop
vertex 24.581514 5.714342 9.819372
vertex 24.581514 5.714342 9.839372
vertex 24.581514 5.735096 9.819372
endloop
endfacet
facet normal 0 0 0
outer loop
vertex 24.581514 5.714342 9.839372
vertex 24.581514 5.735096 9.839372
vertex 24.581514 5.735096 9.819372
endloop
endfacet
facet normal 0 0 0
outer loop
vertex 24.704369 5.714342 9.819372
vertex 24.704369 5.735096 9.819372
vertex 24.704369 5.714342 9.839372
endloop
endfacet
facet normal 0 0 0
outer loop
vertex 24.704369 5.714342 9.839372
vertex 24.704369 5.735096 9.819372
vertex 24.704369 5.735096 9.839372
endloop
endfacet
facet normal 0 0 0
outer loop
vertex 24.581514 5.735096 9.819372
vertex 24.581514 5.735096 9.839372
vertex 24.581514 5.755849 9.819372
endloop
endfacet
facet normal 0 0 0
outer loop
vertex 24.581514 5.735096 9.839372
vertex 24.581514 5.755849 9.839372
vertex 24.581514 5.755849 9.819372
endloop
endfacet
facet normal 0 0 0
outer loop
vertex 24.704369 5.735096 9.819372
vertex 24.683893 5.755849 9.839372
vertex 24.704369 5.735096 9.839372
endloop
endfacet
facet normal 0 0 0
outer loop
vertex 24.683893 5.755849 9.819372
vertex 24.683893 5.755849 9.839372
vertex 24.704369 5.735096 9.819372
endloop
endfacet
facet normal 0 0 0
outer loop
vertex 24.581514 5.755849 9.819372
vertex 24.581514 5.755849 9.839372
vertex 24.581514 5.776602 9.819372
endloop
endfacet
facet normal 0 0 0
outer loop
vertex 24.581514 5.755849 9.839372
vertex 24.581514 5.776602 9.839372
vertex 24.581514 5.776602 9.819372
endloop
endfacet
facet normal 0 0 0
outer loop
vertex 24.683893 5.755849 9.819372
vertex 24.683893 5.776602 9.819372
vertex 24.683893 5.755849 9.839372
endloop
endfacet
facet normal 0 0 0
outer loop
vertex 24.683893 5.755849 9.839372
vertex 24.683893 5.776602 9.819372
vertex 24.683893 5.776602 9.839372
endloop
endfacet
facet normal 0 0 0
outer loop
vertex 24.581514 5.776602 9.839372
vertex 24.581514 5.797356 9.819372
vertex 24.581514 5.776602 9.819372
endloop
endfacet
facet normal 0 0 0
outer loop
vertex 24.581514 5.776602 9.839372
vertex 24.601990 5.797356 9.839372
vertex 24.581514 5.797356 9.819372
endloop
endfacet
facet normal 0 0 0
outer loop
vertex 24.683893 5.776602 9.819372
vertex 24.683893 5.797356 9.819372
vertex 24.683893 5.776602 9.839372
endloop
endfacet
facet normal 0 0 0
outer loop
vertex 24.683893 5.776602 9.839372
vertex 24.683893 5.797356 9.819372
vertex 24.683893 5.797356 9.839372
endloop
endfacet
facet normal 0 0 0
outer loop
vertex 24.601990 5.818109 9.839372
vertex 24.581514 5.797356 9.819372
vertex 24.601990 5.797356 9.839372
endloop
endfacet
facet normal 0 0 0
outer loop
vertex 24.581514 5.818109 9.819372
vertex 24.581514 5.797356 9.819372
vertex 24.601990 5.818109 9.839372
endloop
endfacet
facet normal 0 0 0
outer loop
vertex 24.683893 5.818109 9.819372
vertex 24.663416 5.818109 9.839372
vertex 24.683893 5.797356 9.839372
endloop
endfacet
facet normal 0 0 0
outer loop
vertex 24.683893 5.818109 9.819372
vertex 24.683893 5.797356 9.839372
vertex 24.683893 5.797356 9.819372
endloop
endfacet
facet normal 0 0 0
outer loop
vertex 24.601990 5.838862 9.839372
vertex 24.581514 5.818109 9.819372
vertex 24.601990 5.818109 9.839372
endloop
endfacet
facet normal 0 0 0
outer loop
vertex 24.581514 5.838862 9.819372
vertex 24.581514 5.818109 9.819372
vertex 24.601990 5.838862 9.839372
endloop
endfacet
facet normal 0 0 0
outer loop
vertex 24.642941 5.838862 9.819372
vertex 24.622465 5.838862 9.839372
vertex 24.642941 5.818109 9.839372
endloop
endfacet
facet normal 0 0 0
outer loop
vertex 24.642941 5.838862 9.819372
vertex 24.663416 5.818109 9.839372
vertex 24.663416 5.838862 9.819372
endloop
endfacet
facet normal 0 0 0
outer loop
vertex 24.642941 5.818109 9.839372
vertex 24.663416 5.818109 9.839372
vertex 24.642941 5.838862 9.819372
endloop
endfacet
facet normal 0 0 0
outer loop
vertex 24.683893 5.818109 9.819372
vertex 24.663416 5.838862 9.819372
vertex 24.663416 5.818109 9.839372
endloop
endfacet
facet normal 0 0 0
outer loop
vertex 24.601990 5.838862 9.839372
vertex 24.601990 5.859615 9.819372
vertex 24.581514 5.838862 9.819372
endloop
endfacet
facet normal 0 0 0
outer loop
vertex 24.601990 5.859615 9.819372
vertex 24.581514 5.859615 9.819372
vertex 24.581514 5.838862 9.819372
endloop
endfacet
facet normal 0 0 0
outer loop
vertex 24.601990 5.859615 9.819372
vertex 24.622465 5.838862 9.839372
vertex 24.622465 5.859615 9.819372
endloop
endfacet
facet normal 0 0 0
outer loop
vertex 24.601990 5.838862 9.839372
vertex 24.622465 5.838862 9.839372
vertex 24.601990 5.859615 9.819372
endloop
endfacet
facet normal 0 0 0
outer loop
vertex 24.622465 5.838862 9.839372
vertex 24.642941 5.838862 9.819372
vertex 24.622465 5.859615 9.819372
endloop
endfacet
facet normal 0 0 0
outer loop
vertex 24.642941 5.838862 9.819372
vertex 24.642941 5.859615 9.819372
vertex 24.622465 5.859615 9.819372
endloop
endfacet
facet normal 0 0 0
outer loop
vertex 24.663416 5.838862 9.819372
vertex 24.663416 5.859615 9.819372
vertex 24.642941 5.838862 9.819372
endloop
endfacet
facet normal 0 0 0
outer loop
vertex 24.663416 5.859615 9.819372
vertex 24.642941 5.859615 9.819372
vertex 24.642941 5.838862 9.819372
endloop
endfacet
facet normal 0 0 0
outer loop
vertex 24.601990 5.880369 9.819372
vertex 24.581514 5.859615 9.819372
vertex 24.601990 5.859615 9.819372
endloop
endfacet
facet normal 0 0 0
outer loop
vertex 24.622465 5.859615 9.819372
vertex 24.622465 5.880369 9.819372
vertex 24.601990 5.859615 9.819372
endloop
endfacet
facet normal 0 0 0
outer loop
vertex 24.642941 5.859615 9.819372
vertex 24.622465 5.880369 9.819372
vertex 24.622465 5.859615 9.819372
endloop
endfacet
facet normal 0 0 0
outer loop
vertex 24.642941 5.548316 9.859371
vertex 24.622465 5.548316 9.839372
vertex 24.642941 5.527562 9.839372
endloop
endfacet
facet normal 0 0 0
outer loop
vertex 24.622465 5.548316 9.839372
vertex 24.622465 5.527562 9.839372
vertex 24.642941 5.527562 9.839372
endloop
endfacet
facet normal 0 0 0
outer loop
vertex 24.663416 5.527562 9.839372
vertex 24.642941 5.548316 9.859371
vertex 24.642941 5.527562 9.839372
endloop
endfacet
facet normal 0 0 0
outer loop
vertex 24.663416 5.548316 9.859371
vertex 24.642941 5.548316 9.859371
vertex 24.663416 5.527562 9.839372
endloop
endfacet
facet normal 0 0 0
outer loop
vertex 24.683893 5.527562 9.839372
vertex 24.663416 5.548316 9.859371
vertex 24.663416 5.527562 9.839372
endloop
endfacet
facet normal 0 0 0
outer loop
vertex 24.683893 5.548316 9.859371
vertex 24.663416 5.548316 9.859371
vertex 24.683893 5.527562 9.839372
endloop
endfacet
facet normal 0 0 0
outer loop
vertex 24.683893 5.548316 9.859371
vertex 24.683893 5.527562 9.839372
vertex 24.704369 5.548316 9.839372
endloop
endfacet
facet normal 0 0 0
outer loop
vertex 24.683893 5.527562 9.839372
vertex 24.704369 5.527562 9.839372
vertex 24.704369 5.548316 9.839372
endloop
endfacet
facet normal 0 0 0
outer loop
vertex 24.622465 5.548316 9.839372
vertex 24.622465 5.569069 9.859371
vertex 24.601990 5.569069 9.839372
endloop
endfacet
facet normal 0 0 0
outer loop
vertex 24.642941 5.548316 9.859371
vertex 24.622465 5.569069 9.859371
vertex 24.622465 5.548316 9.839372
endloop
endfacet
facet normal 0 0 0
outer loop
vertex 24.704369 5.548316 9.839372
vertex 24.704369 5.569069 9.859371
vertex 24.683893 5.548316 9.859371
endloop
endfacet
facet normal 0 0 0
outer loop
vertex 24.704369 5.569069 9.859371
vertex 24.704369 5.548316 9.839372
vertex 24.704369 5.569069 9.839372
endloop
endfacet
facet normal 0 0 0
outer loop
vertex 24.601990 5.569069 9.839372
vertex 24.601990 5.589823 9.859371
vertex 24.601990 5.589823 9.839372
endloop
endfacet
facet normal 0 0 0
outer loop
vertex 24.622465 5.569069 9.859371
vertex 24.601990 5.589823 9.859371
vertex 24.601990 5.569069 9.839372
endloop
endfacet
facet normal 0 0 0
outer loop
vertex 24.724844 5.589823 9.859371
vertex 24.704369 5.569069 9.859371
vertex 24.704369 5.589823 9.839372
endloop
endfacet
facet normal 0 0 0
outer loop
vertex 24.704369 5.569069 9.859371
vertex 24.704369 5.569069 9.839372
vertex 24.704369 5.589823 9.839372
endloop
endfacet
facet normal 0 0 0
outer loop
vertex 24.601990 5.589823 9.839372
vertex 24.601990 5.589823 9.859371
vertex 24.601990 5.610576 9.839372
endloop
endfacet
facet normal 0 0 0
outer loop
vertex 24.601990 5.589823 9.859371
vertex 24.601990 5.610576 9.859371
vertex 24.601990 5.610576 9.839372
endloop
endfacet
facet normal 0 0 0
outer loop
vertex 24.724844 5.589823 9.859371
vertex 24.704369 5.589823 9.839372
vertex 24.704369 5.610576 9.859371
endloop
endfacet
facet normal 0 0 0
outer loop
vertex 24.704369 5.589823 9.839372
vertex 24.704369 5.610576 9.839372
vertex 24.704369 5.610576 9.859371
endloop
endfacet
facet normal 0 0 0
outer loop
vertex 24.581514 5.631329 9.839372
vertex 24.601990 5.610576 9.839372
vertex 24.601990 5.631329 9.859371
endloop
endfacet
facet normal 0 0 0
outer loop
vertex 24.601990 5.610576 9.839372
vertex 24.601990 5.610576 9.859371
vertex 24.601990 5.631329 9.859371
endloop
endfacet
facet normal 0 0 0
outer loop
vertex 24.704369 5.610576 9.839372
vertex 24.704369 5.631329 9.839372
vertex 24.704369 5.610576 9.859371
endloop
endfacet
facet normal 0 0 0
outer loop
vertex 24.704369 5.610576 9.859371
vertex 24.704369 5.631329 9.839372
vertex 24.704369 5.631329 9.859371
endloop
endfacet
facet normal 0 0 0
outer loop
vertex 24.581514 5.631329 9.839372
vertex 24.601990 5.631329 9.859371
vertex 24.601990 5.652082 9.839372
endloop
endfacet
facet normal 0 0 0
outer loop
vertex 24.601990 5.631329 9.859371
vertex 24.601990 5.652082 9.859371
vertex 24.601990 5.652082 9.839372
endloop
endfacet
facet normal 0 0 0
outer loop
vertex 24.704369 5.631329 9.839372
vertex 24.704369 5.652082 9.839372
vertex 24.704369 5.631329 9.859371
endloop
endfacet
facet normal 0 0 0
outer loop
vertex 24.704369 5.631329 9.859371
vertex 24.704369 5.652082 9.839372
vertex 24.704369 5.652082 9.859371
endloop
endfacet
facet normal 0 0 0
outer loop
vertex 24.581514 5.672835 9.839372
vertex 24.601990 5.652082 9.839372
vertex 24.601990 5.672835 9.859371
endloop
endfacet
facet normal 0 0 0
outer loop
vertex 24.601990 5.652082 9.839372
vertex 24.601990 5.652082 9.859371
vertex 24.601990 5.672835 9.859371
endloop
endfacet
facet normal 0 0 0
outer loop
vertex 24.704369 5.652082 9.839372
vertex 24.704369 5.672835 9.839372
vertex 24.704369 5.652082 9.859371
endloop
endfacet
facet normal 0 0 0
outer loop
vertex 24.704369 5.652082 9.859371
vertex 24.704369 5.672835 9.839372
vertex 24.704369 5.672835 9.859371
endloop
endfacet
facet normal 0 0 0
outer loop
vertex 24.601990 5.693589 9.859371
vertex 24.581514 5.672835 9.839372
vertex 24.601990 5.672835 9.859371
endloop
endfacet
facet normal 0 0 0
outer loop
vertex 24.581514 5.693589 9.839372
vertex 24.581514 5.672835 9.839372
vertex 24.601990 5.693589 9.859371
endloop
endfacet
facet normal 0 0 0
outer loop
vertex 24.704369 5.672835 9.839372
vertex 24.704369 5.693589 9.839372
vertex 24.704369 5.672835 9.859371
endloop
endfacet
facet normal 0 0 0
outer loop
vertex 24.704369 5.672835 9.859371
vertex 24.704369 5.693589 9.839372
vertex 24.704369 5.693589 9.859371
endloop
endfacet
facet normal 0 0 0
outer loop
vertex 24.601990 5.714342 9.859371
vertex 24.581514 5.693589 9.839372
vertex 24.601990 5.693589 9.859371
endloop
endfacet
facet normal 0 0 0
outer loop
vertex 24.581514 5.714342 9.839372
vertex 24.581514 5.693589 9.839372
vertex 24.601990 5.714342 9.859371
endloop
endfacet
facet normal 0 0 0
outer loop
vertex 24.704369 5.693589 9.839372
vertex 24.704369 5.714342 9.839372
vertex 24.704369 5.693589 9.859371
endloop
endfacet
facet normal 0 0 0
outer loop
vertex 24.704369 5.693589 9.859371
vertex 24.704369 5.714342 9.839372
vertex 24.704369 5.714342 9.859371
endloop
endfacet
facet normal 0 0 0
outer loop
vertex 24.601990 5.735096 9.859371
vertex 24.581514 5.714342 9.839372
vertex 24.601990 5.714342 9.859371
endloop
endfacet
facet normal 0 0 0
outer loop
vertex 24.581514 5.735096 9.839372
vertex 24.581514 5.714342 9.839372
vertex 24.601990 5.735096 9.859371
endloop
endfacet
facet normal 0 0 0
outer loop
vertex 24.704369 5.714342 9.839372
vertex 24.704369 5.735096 9.839372
vertex 24.704369 5.714342 9.859371
endloop
endfacet
facet normal 0 0 0
outer loop
vertex 24.704369 5.714342 9.859371
vertex 24.704369 5.735096 9.839372
vertex 24.704369 5.735096 9.859371
endloop
endfacet
facet normal 0 0 0
outer loop
vertex 24.601990 5.755849 9.859371
vertex 24.581514 5.735096 9.839372
vertex 24.601990 5.735096 9.859371
endloop
endfacet
facet normal 0 0 0
outer loop
vertex 24.581514 5.755849 9.839372
vertex 24.581514 5.735096 9.839372
vertex 24.601990 5.755849 9.859371
endloop
endfacet
facet normal 0 0 0
outer loop
vertex 24.704369 5.735096 9.839372
vertex 24.683893 5.755849 9.859371
vertex 24.704369 5.735096 9.859371
endloop
endfacet
facet normal 0 0 0
outer loop
vertex 24.683893 5.755849 9.839372
vertex 24.683893 5.755849 9.859371
vertex 24.704369 5.735096 9.839372
endloop
endfacet
facet normal 0 0 0
outer loop
vertex 24.601990 5.776602 9.859371
vertex 24.581514 5.755849 9.839372
vertex 24.601990 5.755849 9.859371
endloop
endfacet
facet normal 0 0 0
outer loop
vertex 24.581514 5.776602 9.839372
vertex 24.581514 5.755849 9.839372
vertex 24.601990 5.776602 9.859371
endloop
endfacet
facet normal 0 0 0
outer loop
vertex 24.683893 5.755849 9.839372
vertex 24.683893 5.776602 9.839372
vertex 24.683893 5.755849 9.859371
endloop
endfacet
facet normal 0 0 0
outer loop
vertex 24.683893 5.755849 9.859371
vertex 24.683893 5.776602 9.839372
vertex 24.683893 5.776602 9.859371
endloop
endfacet
facet normal 0 0 0
outer loop
vertex 24.581514 5.776602 9.839372
vertex 24.601990 5.776602 9.859371
vertex 24.601990 5.797356 9.839372
endloop
endfacet
facet normal 0 0 0
outer loop
vertex 24.601990 5.776602 9.859371
vertex 24.622465 5.797356 9.859371
vertex 24.601990 5.797356 9.839372
endloop
endfacet
facet normal 0 0 0
outer loop
vertex 24.683893 5.776602 9.839372
vertex 24.683893 5.797356 9.839372
vertex 24.683893 5.776602 9.859371
endloop
endfacet
facet normal 0 0 0
outer loop
vertex 24.683893 5.776602 9.859371
vertex 24.683893 5.797356 9.839372
vertex 24.683893 5.797356 9.859371
endloop
endfacet
facet normal 0 0 0
outer loop
vertex 24.622465 5.797356 9.859371
vertex 24.622465 5.818109 9.839372
vertex 24.601990 5.797356 9.839372
endloop
endfacet
facet normal 0 0 0
outer loop
vertex 24.622465 5.818109 9.839372
vertex 24.601990 5.818109 9.839372
vertex 24.601990 5.797356 9.839372
endloop
endfacet
facet normal 0 0 0
outer loop
vertex 24.622465 5.797356 9.859371
vertex 24.642941 5.818109 9.859371
vertex 24.622465 5.818109 9.839372
endloop
endfacet
facet normal 0 0 0
outer loop
vertex 24.683893 5.797356 9.839372
vertex 24.663416 5.818109 9.859371
vertex 24.683893 5.797356 9.859371
endloop
endfacet
facet normal 0 0 0
outer loop
vertex 24.663416 5.818109 9.839372
vertex 24.663416 5.818109 9.859371
vertex 24.683893 5.797356 9.839372
endloop
endfacet
facet normal 0 0 0
outer loop
vertex 24.622465 5.818109 9.839372
vertex 24.622465 5.838862 9.839372
vertex 24.601990 5.818109 9.839372
endloop
endfacet
facet normal 0 0 0
outer loop
vertex 24.622465 5.838862 9.839372
vertex 24.601990 5.838862 9.839372
vertex 24.601990 5.818109 9.839372
endloop
endfacet
facet normal 0 0 0
outer loop
vertex 24.622465 5.838862 9.839372
vertex 24.642941 5.818109 9.859371
vertex 24.642941 5.818109 9.839372
endloop
endfacet
facet normal 0 0 0
outer loop
vertex 24.622465 5.838862 9.839372
vertex 24.622465 5.818109 9.839372
vertex 24.642941 5.818109 9.859371
endloop
endfacet
facet normal 0 0 0
outer loop
vertex 24.663416 5.818109 9.839372
vertex 24.642941 5.818109 9.839372
vertex 24.663416 5.818109 9.859371
endloop
endfacet
facet normal 0 0 0
outer loop
vertex 24.642941 5.818109 9.839372
vertex 24.642941 5.818109 9.859371
vertex 24.663416 5.818109 9.859371
endloop
endfacet
facet normal 0 0 0
outer loop
vertex 24.642941 5.548316 9.859371
vertex 24.622465 5.569069 9.879372
vertex 24.622465 5.569069 9.859371
endloop
endfacet
facet normal 0 0 0
outer loop
vertex 24.642941 5.548316 9.859371
vertex 24.642941 5.569069 9.859371
vertex 24.622465 5.569069 9.879372
endloop
endfacet
facet normal 0 0 0
outer loop
vertex 24.663416 5.569069 9.879372
vertex 24.642941 5.569069 9.859371
vertex 24.663416 5.548316 9.859371
endloop
endfacet
facet normal 0 0 0
outer loop
vertex 24.642941 5.569069 9.859371
vertex 24.642941 5.548316 9.859371
vertex 24.663416 5.548316 9.859371
endloop
endfacet
facet normal 0 0 0
outer loop
vertex 24.683893 5.548316 9.859371
vertex 24.663416 5.569069 9.879372
vertex 24.663416 5.548316 9.859371
endloop
endfacet
facet normal 0 0 0
outer loop
vertex 24.683893 5.569069 9.879372
vertex 24.663416 5.569069 9.879372
vertex 24.683893 5.548316 9.859371
endloop
endfacet
facet normal 0 0 0
outer loop
vertex 24.704369 5.569069 9.859371
vertex 24.683893 5.569069 9.879372
vertex 24.683893 5.548316 9.859371
endloop
endfacet
facet normal 0 0 0
outer loop
vertex 24.622465 5.569069 9.879372
vertex 24.601990 5.589823 9.859371
vertex 24.622465 5.569069 9.859371
endloop
endfacet
facet normal 0 0 0
outer loop
vertex 24.601990 5.589823 9.879372
vertex 24.601990 5.589823 9.859371
vertex 24.622465 5.569069 9.879372
endloop
endfacet
facet normal 0 0 0
outer loop
vertex 24.642941 5.569069 9.859371
vertex 24.642941 5.589823 9.879372
vertex 24.622465 5.569069 9.879372
endloop
endfacet
facet normal 0 0 0
outer loop
vertex 24.663416 5.569069 9.879372
vertex 24.642941 5.589823 9.879372
vertex 24.642941 5.569069 9.859371
endloop
endfacet
facet normal 0 0 0
outer loop
vertex 24.704369 5.569069 9.859371
vertex 24.704369 5.589823 9.879372
vertex 24.683893 5.569069 9.879372
endloop
endfacet
facet normal 0 0 0
outer loop
vertex 24.724844 5.589823 9.859371
vertex 24.704369 5.589823 9.879372
vertex 24.704369 5.569069 9.859371
endloop
endfacet
facet normal 0 0 0
outer loop
vertex 24.601990 5.589823 9.859371
vertex 24.601990 5.589823 9.879372
vertex 24.601990 5.610576 9.859371
endloop
endfacet
facet normal 0 0 0
outer loop
vertex 24.601990 5.589823 9.879372
vertex 24.601990 5.610576 9.879372
vertex 24.601990 5.610576 9.859371
endloop
endfacet
facet normal 0 0 0
outer loop
vertex 24.724844 5.610576 9.879372
vertex 24.704369 5.589823 9.879372
vertex 24.704369 5.610576 9.859371
endloop
endfacet
facet normal 0 0 0
outer loop
vertex 24.724844 5.589823 9.859371
vertex 24.704369 5.610576 9.859371
vertex 24.704369 5.589823 9.879372
endloop
endfacet
facet normal 0 0 0
outer loop
vertex 24.601990 5.610576 9.859371
vertex 24.601990 5.610576 9.879372
vertex 24.601990 5.631329 9.859371
endloop
endfacet
facet normal 0 0 0
outer loop
vertex 24.601990 5.610576 9.879372
vertex 24.601990 5.631329 9.879372
vertex 24.601990 5.631329 9.859371
endloop
endfacet
facet normal 0 0 0
outer loop
vertex 24.724844 5.610576 9.879372
vertex 24.704369 5.631329 9.859371
vertex 24.724844 5.631329 9.879372
endloop
endfacet
facet normal 0 0 0
outer loop
vertex 24.704369 5.610576 9.859371
vertex 24.704369 5.631329 9.859371
vertex 24.724844 5.610576 9.879372
endloop
endfacet
facet normal 0 0 0
outer loop
vertex 24.581514 5.652082 9.879372
vertex 24.601990 5.652082 9.859371
vertex 24.601990 5.631329 9.879372
endloop
endfacet
facet normal 0 0 0
outer loop
vertex 24.601990 5.652082 9.859371
vertex 24.601990 5.631329 9.859371
vertex 24.601990 5.631329 9.879372
endloop
endfacet
facet normal 0 0 0
outer loop
vertex 24.724844 5.631329 9.879372
vertex 24.704369 5.631329 9.859371
vertex 24.704369 5.652082 9.879372
endloop
endfacet
facet normal 0 0 0
outer loop
vertex 24.704369 5.631329 9.859371
vertex 24.704369 5.652082 9.859371
vertex 24.704369 5.652082 9.879372
endloop
endfacet
facet normal 0 0 0
outer loop
vertex 24.601990 5.652082 9.859371
vertex 24.581514 5.672835 9.879372
vertex 24.601990 5.672835 9.859371
endloop
endfacet
facet normal 0 0 0
outer loop
vertex 24.581514 5.652082 9.879372
vertex 24.581514 5.672835 9.879372
vertex 24.601990 5.652082 9.859371
endloop
endfacet
facet normal 0 0 0
outer loop
vertex 24.724844 5.672835 9.879372
vertex 24.704369 5.652082 9.879372
vertex 24.704369 5.672835 9.859371
endloop
endfacet
facet normal 0 0 0
outer loop
vertex 24.704369 5.652082 9.879372
vertex 24.704369 5.652082 9.859371
vertex 24.704369 5.672835 9.859371
endloop
endfacet
facet normal 0 0 0
outer loop
vertex 24.601990 5.672835 9.859371
vertex 24.581514 5.693589 9.879372
vertex 24.601990 5.693589 9.859371
endloop
endfacet
facet normal 0 0 0
outer loop
vertex 24.581514 5.672835 9.879372
vertex 24.581514 5.693589 9.879372
vertex 24.601990 5.672835 9.859371
endloop
endfacet
facet normal 0 0 0
outer loop
vertex 24.724844 5.672835 9.879372
vertex 24.704369 5.693589 9.859371
vertex 24.724844 5.693589 9.879372
endloop
endfacet
facet normal 0 0 0
outer loop
vertex 24.704369 5.672835 9.859371
vertex 24.704369 5.693589 9.859371
vertex 24.724844 5.672835 9.879372
endloop
endfacet
facet normal 0 0 0
outer loop
vertex 24.601990 5.693589 9.859371
vertex 24.581514 5.714342 9.879372
vertex 24.601990 5.714342 9.859371
endloop
endfacet
facet normal 0 0 0
outer loop
vertex 24.581514 5.693589 9.879372
vertex 24.581514 5.714342 9.879372
vertex 24.601990 5.693589 9.859371
endloop
endfacet
facet normal 0 0 0
outer loop
vertex 24.724844 5.693589 9.879372
vertex 24.704369 5.693589 9.859371
vertex 24.704369 5.714342 9.879372
endloop
endfacet
facet normal 0 0 0
outer loop
vertex 24.704369 5.693589 9.859371
vertex 24.704369 5.714342 9.859371
vertex 24.704369 5.714342 9.879372
endloop
endfacet
facet normal 0 0 0
outer loop
vertex 24.601990 5.714342 9.859371
vertex 24.581514 5.735096 9.879372
vertex 24.601990 5.735096 9.859371
endloop
endfacet
facet normal 0 0 0
outer loop
vertex 24.581514 5.714342 9.879372
vertex 24.581514 5.735096 9.879372
vertex 24.601990 5.714342 9.859371
endloop
endfacet
facet normal 0 0 0
outer loop
vertex 24.704369 5.714342 9.859371
vertex 24.704369 5.735096 9.859371
vertex 24.704369 5.714342 9.879372
endloop
endfacet
facet normal 0 0 0
outer loop
vertex 24.704369 5.714342 9.879372
vertex 24.704369 5.735096 9.859371
vertex 24.704369 5.735096 9.879372
endloop
endfacet
facet normal 0 0 0
outer loop
vertex 24.601990 5.735096 9.859371
vertex 24.581514 5.755849 9.879372
vertex 24.601990 5.755849 9.859371
endloop
endfacet
facet normal 0 0 0
outer loop
vertex 24.581514 5.735096 9.879372
vertex 24.581514 5.755849 9.879372
vertex 24.601990 5.735096 9.859371
endloop
endfacet
facet normal 0 0 0
outer loop
vertex 24.704369 5.735096 9.859371
vertex 24.683893 5.755849 9.859371
vertex 24.704369 5.755849 9.879372
endloop
endfacet
facet normal 0 0 0
outer loop
vertex 24.704369 5.735096 9.859371
vertex 24.704369 5.755849 9.879372
vertex 24.704369 5.735096 9.879372
endloop
endfacet
facet normal 0 0 0
outer loop
vertex 24.581514 5.755849 9.879372
vertex 24.601990 5.776602 9.879372
vertex 24.601990 5.755849 9.859371
endloop
endfacet
facet normal 0 0 0
outer loop
vertex 24.601990 5.776602 9.879372
vertex 24.601990 5.776602 9.859371
vertex 24.601990 5.755849 9.859371
endloop
endfacet
facet normal 0 0 0
outer loop
vertex 24.704369 5.755849 9.879372
vertex 24.683893 5.755849 9.859371
vertex 24.683893 5.776602 9.879372
endloop
endfacet
facet normal 0 0 0
outer loop
vertex 24.683893 5.755849 9.859371
vertex 24.683893 5.776602 9.859371
vertex 24.683893 5.776602 9.879372
endloop
endfacet
facet normal 0 0 0
outer loop
vertex 24.601990 5.776602 9.879372
vertex 24.622465 5.797356 9.859371
vertex 24.601990 5.776602 9.859371
endloop
endfacet
facet normal 0 0 0
outer loop
vertex 24.622465 5.797356 9.879372
vertex 24.622465 5.797356 9.859371
vertex 24.601990 5.776602 9.879372
endloop
endfacet
facet normal 0 0 0
outer loop
vertex 24.683893 5.797356 9.859371
vertex 24.663416 5.797356 9.879372
vertex 24.683893 5.776602 9.879372
endloop
endfacet
facet normal 0 0 0
outer loop
vertex 24.683893 5.797356 9.859371
vertex 24.683893 5.776602 9.879372
vertex 24.683893 5.776602 9.859371
endloop
endfacet
facet normal 0 0 0
outer loop
vertex 24.642941 5.818109 9.859371
vertex 24.622465 5.797356 9.859371
vertex 24.642941 5.797356 9.879372
endloop
endfacet
facet normal 0 0 0
outer loop
vertex 24.622465 5.797356 9.859371
vertex 24.622465 5.797356 9.879372
vertex 24.642941 5.797356 9.879372
endloop
endfacet
facet normal 0 0 0
outer loop
vertex 24.642941 5.818109 9.859371
vertex 24.663416 5.797356 9.879372
vertex 24.663416 5.818109 9.859371
endloop
endfacet
facet normal 0 0 0
outer loop
vertex 24.642941 5.797356 9.879372
vertex 24.663416 5.797356 9.879372
vertex 24.642941 5.818109 9.859371
endloop
endfacet
facet normal 0 0 0
outer loop
vertex 24.683893 5.797356 9.859371
vertex 24.663416 5.818109 9.859371
vertex 24.663416 5.797356 9.879372
endloop
endfacet
facet normal 0 0 0
outer loop
vertex 24.642941 5.569069 9.899372
vertex 24.663416 5.569069 9.879372
vertex 24.663416 5.569069 9.899372
endloop
endfacet
facet normal 0 0 0
outer loop
vertex 24.683893 5.569069 9.879372
vertex 24.683893 5.569069 9.899372
vertex 24.663416 5.569069 9.879372
endloop
endfacet
facet normal 0 0 0
outer loop
vertex 24.663416 5.569069 9.879372
vertex 24.683893 5.569069 9.899372
vertex 24.663416 5.569069 9.899372
endloop
endfacet
facet normal 0 0 0
outer loop
vertex 24.683893 5.569069 9.879372
vertex 24.704369 5.569069 9.899372
vertex 24.683893 5.569069 9.899372
endloop
endfacet
facet normal 0 0 0
outer loop
vertex 24.622465 5.569069 9.879372
vertex 24.622465 5.589823 9.899372
vertex 24.601990 5.589823 9.879372
endloop
endfacet
facet normal 0 0 0
outer loop
vertex 24.642941 5.569069 9.899372
vertex 24.622465 5.589823 9.899372
vertex 24.642941 5.589823 9.879372
endloop
endfacet
facet normal 0 0 0
outer loop
vertex 24.622465 5.569069 9.879372
vertex 24.642941 5.589823 9.879372
vertex 24.622465 5.589823 9.899372
endloop
endfacet
facet normal 0 0 0
outer loop
vertex 24.663416 5.569069 9.879372
vertex 24.642941 5.569069 9.899372
vertex 24.642941 5.589823 9.879372
endloop
endfacet
facet normal 0 0 0
outer loop
vertex 24.683893 5.569069 9.879372
vertex 24.704369 5.589823 9.879372
vertex 24.704369 5.569069 9.899372
endloop
endfacet
facet normal 0 0 0
outer loop
vertex 24.704369 5.589823 9.879372
vertex 24.724844 5.589823 9.899372
vertex 24.704369 5.569069 9.899372
endloop
endfacet
facet normal 0 0 0
outer loop
vertex 24.622465 5.610576 9.899372
vertex 24.601990 5.589823 9.879372
vertex 24.622465 5.589823 9.899372
endloop
endfacet
facet normal 0 0 0
outer loop
vertex 24.601990 5.610576 9.879372
vertex 24.601990 5.589823 9.879372
vertex 24.622465 5.610576 9.899372
endloop
endfacet
facet normal 0 0 0
outer loop
vertex 24.704369 5.589823 9.879372
vertex 24.724844 5.610576 9.879372
vertex 24.724844 5.589823 9.899372
endloop
endfacet
facet normal 0 0 0
outer loop
vertex 24.724844 5.589823 9.899372
vertex 24.724844 5.610576 9.879372
vertex 24.724844 5.610576 9.899372
endloop
endfacet
facet normal 0 0 0
outer loop
vertex 24.622465 5.631329 9.899372
vertex 24.601990 5.610576 9.879372
vertex 24.622465 5.610576 9.899372
endloop
endfacet
facet normal 0 0 0
outer loop
vertex 24.601990 5.631329 9.879372
vertex 24.601990 5.610576 9.879372
vertex 24.622465 5.631329 9.899372
endloop
endfacet
facet normal 0 0 0
outer loop
vertex 24.724844 5.610576 9.879372
vertex 24.724844 5.631329 9.879372
vertex 24.724844 5.610576 9.899372
endloop
endfacet
facet normal 0 0 0
outer loop
vertex 24.724844 5.610576 9.899372
vertex 24.724844 5.631329 9.879372
vertex 24.724844 5.631329 9.899372
endloop
endfacet
facet normal 0 0 0
outer loop
vertex 24.601990 5.631329 9.879372
vertex 24.601990 5.652082 9.899372
vertex 24.581514 5.652082 9.879372
endloop
endfacet
facet normal 0 0 0
outer loop
vertex 24.622465 5.631329 9.899372
vertex 24.601990 5.652082 9.899372
vertex 24.601990 5.631329 9.879372
endloop
endfacet
facet normal 0 0 0
outer loop
vertex 24.724844 5.631329 9.879372
vertex 24.704369 5.652082 9.879372
vertex 24.724844 5.652082 9.899372
endloop
endfacet
facet normal 0 0 0
outer loop
vertex 24.724844 5.631329 9.879372
vertex 24.724844 5.652082 9.899372
vertex 24.724844 5.631329 9.899372
endloop
endfacet
facet normal 0 0 0
outer loop
vertex 24.601990 5.672835 9.899372
vertex 24.581514 5.652082 9.879372
vertex 24.601990 5.652082 9.899372
endloop
endfacet
facet normal 0 0 0
outer loop
vertex 24.581514 5.672835 9.879372
vertex 24.581514 5.652082 9.879372
vertex 24.601990 5.672835 9.899372
endloop
endfacet
facet normal 0 0 0
outer loop
vertex 24.704369 5.652082 9.879372
vertex 24.724844 5.672835 9.879372
vertex 24.724844 5.652082 9.899372
endloop
endfacet
facet normal 0 0 0
outer loop
vertex 24.724844 5.652082 9.899372
vertex 24.724844 5.672835 9.879372
vertex 24.724844 5.672835 9.899372
endloop
endfacet
facet normal 0 0 0
outer loop
vertex 24.601990 5.693589 9.899372
vertex 24.581514 5.672835 9.879372
vertex 24.601990 5.672835 9.899372
endloop
endfacet
facet normal 0 0 0
outer loop
vertex 24.581514 5.693589 9.879372
vertex 24.581514 5.672835 9.879372
vertex 24.601990 5.693589 9.899372
endloop
endfacet
facet normal 0 0 0
outer loop
vertex 24.724844 5.672835 9.879372
vertex 24.724844 5.693589 9.879372
vertex 24.724844 5.672835 9.899372
endloop
endfacet
facet normal 0 0 0
outer loop
vertex 24.724844 5.672835 9.899372
vertex 24.724844 5.693589 9.879372
vertex 24.724844 5.693589 9.899372
endloop
endfacet
facet normal 0 0 0
outer loop
vertex 24.601990 5.714342 9.899372
vertex 24.581514 5.693589 9.879372
vertex 24.601990 5.693589 9.899372
endloop
endfacet
facet normal 0 0 0
outer loop
vertex 24.581514 5.714342 9.879372
vertex 24.581514 5.693589 9.879372
vertex 24.601990 5.714342 9.899372
endloop
endfacet
facet normal 0 0 0
outer loop
vertex 24.724844 5.693589 9.879372
vertex 24.704369 5.714342 9.899372
vertex 24.724844 5.693589 9.899372
endloop
endfacet
facet normal 0 0 0
outer loop
vertex 24.704369 5.714342 9.879372
vertex 24.704369 5.714342 9.899372
vertex 24.724844 5.693589 9.879372
endloop
endfacet
facet normal 0 0 0
outer loop
vertex 24.601990 5.735096 9.899372
vertex 24.581514 5.714342 9.879372
vertex 24.601990 5.714342 9.899372
endloop
endfacet
facet normal 0 0 0
outer loop
vertex 24.581514 5.735096 9.879372
vertex 24.581514 5.714342 9.879372
vertex 24.601990 5.735096 9.899372
endloop
endfacet
facet normal 0 0 0
outer loop
vertex 24.704369 5.714342 9.879372
vertex 24.704369 5.735096 9.879372
vertex 24.704369 5.714342 9.899372
endloop
endfacet
facet normal 0 0 0
outer loop
vertex 24.704369 5.714342 9.899372
vertex 24.704369 5.735096 9.879372
vertex 24.704369 5.735096 9.899372
endloop
endfacet
facet normal 0 0 0
outer loop
vertex 24.601990 5.755849 9.899372
vertex 24.581514 5.735096 9.879372
vertex 24.601990 5.735096 9.899372
endloop
endfacet
facet normal 0 0 0
outer loop
vertex 24.581514 5.755849 9.879372
vertex 24.581514 5.735096 9.879372
vertex 24.601990 5.755849 9.899372
endloop
endfacet
facet normal 0 0 0
outer loop
vertex 24.704369 5.735096 9.879372
vertex 24.704369 5.755849 9.879372
vertex 24.704369 5.735096 9.899372
endloop
endfacet
facet normal 0 0 0
outer loop
vertex 24.704369 5.735096 9.899372
vertex 24.704369 5.755849 9.879372
vertex 24.704369 5.755849 9.899372
endloop
endfacet
facet normal 0 0 0
outer loop
vertex 24.581514 5.755849 9.879372
vertex 24.601990 5.755849 9.899372
vertex 24.601990 5.776602 9.879372
endloop
endfacet
facet normal 0 0 0
outer loop
vertex 24.601990 5.755849 9.899372
vertex 24.622465 5.776602 9.899372
vertex 24.601990 5.776602 9.879372
endloop
endfacet
facet normal 0 0 0
outer loop
vertex 24.663416 5.776602 9.879372
vertex 24.642941 5.776602 9.899372
vertex 24.663416 5.755849 9.899372
endloop
endfacet
facet normal 0 0 0
outer loop
vertex 24.663416 5.755849 9.899372
vertex 24.683893 5.776602 9.899372
vertex 24.663416 5.776602 9.879372
endloop
endfacet
facet normal 0 0 0
outer loop
vertex 24.704369 5.755849 9.879372
vertex 24.683893 5.776602 9.879372
vertex 24.704369 5.776602 9.899372
endloop
endfacet
facet normal 0 0 0
outer loop
vertex 24.704369 5.755849 9.879372
vertex 24.704369 5.776602 9.899372
vertex 24.704369 5.755849 9.899372
endloop
endfacet
facet normal 0 0 0
outer loop
vertex 24.601990 5.776602 9.879372
vertex 24.622465 5.776602 9.899372
vertex 24.622465 5.797356 9.879372
endloop
endfacet
facet normal 0 0 0
outer loop
vertex 24.622465 5.776602 9.899372
vertex 24.642941 5.797356 9.899372
vertex 24.622465 5.797356 9.879372
endloop
endfacet
facet normal 0 0 0
outer loop
vertex 24.663416 5.797356 9.879372
vertex 24.642941 5.776602 9.899372
vertex 24.663416 5.776602 9.879372
endloop
endfacet
facet normal 0 0 0
outer loop
vertex 24.642941 5.797356 9.899372
vertex 24.642941 5.776602 9.899372
vertex 24.663416 5.797356 9.879372
endloop
endfacet
facet normal 0 0 0
outer loop
vertex 24.663416 5.797356 9.879372
vertex 24.683893 5.776602 9.899372
vertex 24.683893 5.776602 9.879372
endloop
endfacet
facet normal 0 0 0
outer loop
vertex 24.663416 5.797356 9.879372
vertex 24.663416 5.776602 9.879372
vertex 24.683893 5.776602 9.899372
endloop
endfacet
facet normal 0 0 0
outer loop
vertex 24.704369 5.776602 9.899372
vertex 24.683893 5.776602 9.879372
vertex 24.683893 5.776602 9.899372
endloop
endfacet
facet normal 0 0 0
outer loop
vertex 24.622465 5.797356 9.879372
vertex 24.642941 5.797356 9.899372
vertex 24.642941 5.797356 9.879372
endloop
endfacet
facet normal 0 0 0
outer loop
vertex 24.642941 5.797356 9.899372
vertex 24.663416 5.797356 9.879372
vertex 24.642941 5.797356 9.879372
endloop
endfacet
facet normal 0 0 0
outer loop
vertex 24.683893 5.527562 9.919372
vertex 24.663416 5.548316 9.919372
vertex 24.683893 5.548316 9.919372
endloop
endfacet
facet normal 0 0 0
outer loop
vertex 24.704369 5.527562 9.919372
vertex 24.683893 5.527562 9.919372
vertex 24.704369 5.548316 9.919372
endloop
endfacet
facet normal 0 0 0
outer loop
vertex 24.704369 5.548316 9.919372
vertex 24.683893 5.527562 9.919372
vertex 24.683893 5.548316 9.919372
endloop
endfacet
facet normal 0 0 0
outer loop
vertex 24.724844 5.527562 9.919372
vertex 24.704369 5.527562 9.919372
vertex 24.724844 5.548316 9.919372
endloop
endfacet
facet normal 0 0 0
outer loop
vertex 24.724844 5.548316 9.919372
vertex 24.704369 5.527562 9.919372
vertex 24.704369 5.548316 9.919372
endloop
endfacet
facet normal 0 0 0
outer loop
vertex 24.745319 5.548316 9.919372
vertex 24.724844 5.527562 9.919372
vertex 24.724844 5.548316 9.919372
endloop
endfacet
facet normal 0 0 0
outer loop
vertex 24.642941 5.548316 9.919372
vertex 24.663416 5.569069 9.919372
vertex 24.663416 5.548316 9.919372
endloop
endfacet
facet normal 0 0 0
outer loop
vertex 24.663416 5.548316 9.919372
vertex 24.663416 5.569069 9.919372
vertex 24.663416 5.569069 9.899372
endloop
endfacet
facet normal 0 0 0
outer loop
vertex 24.663416 5.569069 9.899372
vertex 24.663416 5.569069 9.919372
vertex 24.642941 5.569069 9.899372
endloop
endfacet
facet normal 0 0 0
outer loop
vertex 24.683893 5.569069 9.899372
vertex 24.663416 5.548316 9.919372
vertex 24.663416 5.569069 9.899372
endloop
endfacet
facet normal 0 0 0
outer loop
vertex 24.683893 5.548316 9.919372
vertex 24.663416 5.548316 9.919372
vertex 24.683893 5.569069 9.899372
endloop
endfacet
facet normal 0 0 0
outer loop
vertex 24.704369 5.569069 9.899372
vertex 24.683893 5.548316 9.919372
vertex 24.683893 5.569069 9.899372
endloop
endfacet
facet normal 0 0 0
outer loop
vertex 24.704369 5.548316 9.919372
vertex 24.683893 5.548316 9.919372
vertex 24.704369 5.569069 9.899372
endloop
endfacet
facet normal 0 0 0
outer loop
vertex 24.704369 5.569069 9.899372
vertex 24.724844 5.569069 9.919372
vertex 24.704369 5.548316 9.919372
endloop
endfacet
facet normal 0 0 0
outer loop
vertex 24.724844 5.569069 9.919372
vertex 24.724844 5.548316 9.919372
vertex 24.704369 5.548316 9.919372
endloop
endfacet
facet normal 0 0 0
outer loop
vertex 24.745319 5.548316 9.919372
vertex 24.724844 5.548316 9.919372
vertex 24.745319 5.569069 9.919372
endloop
endfacet
facet normal 0 0 0
outer loop
vertex 24.745319 5.569069 9.919372
vertex 24.724844 5.548316 9.919372
vertex 24.724844 5.569069 9.919372
endloop
endfacet
facet normal 0 0 0
outer loop
vertex 24.642941 5.569069 9.899372
vertex 24.642941 5.589823 9.919372
vertex 24.622465 5.589823 9.899372
endloop
endfacet
facet normal 0 0 0
outer loop
vertex 24.663416 5.569069 9.919372
vertex 24.642941 5.589823 9.919372
vertex 24.642941 5.569069 9.899372
endloop
endfacet
facet normal 0 0 0
outer loop
vertex 24.704369 5.569069 9.899372
vertex 24.724844 5.589823 9.899372
vertex 24.724844 5.569069 9.919372
endloop
endfacet
facet normal 0 0 0
outer loop
vertex 24.724844 5.589823 9.899372
vertex 24.745319 5.589823 9.919372
vertex 24.724844 5.569069 9.919372
endloop
endfacet
facet normal 0 0 0
outer loop
vertex 24.745319 5.589823 9.919372
vertex 24.745319 5.569069 9.919372
vertex 24.724844 5.569069 9.919372
endloop
endfacet
facet normal 0 0 0
outer loop
vertex 24.642941 5.610576 9.919372
vertex 24.622465 5.589823 9.899372
vertex 24.642941 5.589823 9.919372
endloop
endfacet
facet normal 0 0 0
outer loop
vertex 24.622465 5.610576 9.899372
vertex 24.622465 5.589823 9.899372
vertex 24.642941 5.610576 9.919372
endloop
endfacet
facet normal 0 0 0
outer loop
vertex 24.745319 5.589823 9.919372
vertex 24.724844 5.610576 9.899372
vertex 24.745319 5.610576 9.919372
endloop
endfacet
facet normal 0 0 0
outer loop
vertex 24.724844 5.589823 9.899372
vertex 24.724844 5.610576 9.899372
vertex 24.745319 5.589823 9.919372
endloop
endfacet
facet normal 0 0 0
outer loop
vertex 24.642941 5.631329 9.919372
vertex 24.622465 5.610576 9.899372
vertex 24.642941 5.610576 9.919372
endloop
endfacet
facet normal 0 0 0
outer loop
vertex 24.622465 5.631329 9.899372
vertex 24.622465 5.610576 9.899372
vertex 24.642941 5.631329 9.919372
endloop
endfacet
facet normal 0 0 0
outer loop
vertex 24.745319 5.610576 9.919372
vertex 24.724844 5.631329 9.899372
vertex 24.745319 5.631329 9.919372
endloop
endfacet
facet normal 0 0 0
outer loop
vertex 24.724844 5.610576 9.899372
vertex 24.724844 5.631329 9.899372
vertex 24.745319 5.610576 9.919372
endloop
endfacet
facet normal 0 0 0
outer loop
vertex 24.622465 5.631329 9.899372
vertex 24.622465 5.652082 9.919372
vertex 24.601990 5.652082 9.899372
endloop
endfacet
facet normal 0 0 0
outer loop
vertex 24.642941 5.631329 9.919372
vertex 24.622465 5.652082 9.919372
vertex 24.622465 5.631329 9.899372
endloop
endfacet
facet normal 0 0 0
outer loop
vertex 24.745319 5.631329 9.919372
vertex 24.724844 5.631329 9.899372
vertex 24.724844 5.652082 9.919372
endloop
endfacet
facet normal 0 0 0
outer loop
vertex 24.724844 5.631329 9.899372
vertex 24.724844 5.652082 9.899372
vertex 24.724844 5.652082 9.919372
endloop
endfacet
facet normal 0 0 0
outer loop
vertex 24.622465 5.672835 9.919372
vertex 24.601990 5.652082 9.899372
vertex 24.622465 5.652082 9.919372
endloop
endfacet
facet normal 0 0 0
outer loop
vertex 24.601990 5.672835 9.899372
vertex 24.601990 5.652082 9.899372
vertex 24.622465 5.672835 9.919372
endloop
endfacet
facet normal 0 0 0
outer loop
vertex 24.724844 5.652082 9.899372
vertex 24.724844 5.672835 9.899372
vertex 24.724844 5.652082 9.919372
endloop
endfacet
facet normal 0 0 0
outer loop
vertex 24.724844 5.652082 9.919372
vertex 24.724844 5.672835 9.899372
vertex 24.724844 5.672835 9.919372
endloop
endfacet
facet normal 0 0 0
outer loop
vertex 24.622465 5.693589 9.919372
vertex 24.601990 5.672835 9.899372
vertex 24.622465 5.672835 9.919372
endloop
endfacet
facet normal 0 0 0
outer loop
vertex 24.601990 5.693589 9.899372
vertex 24.601990 5.672835 9.899372
vertex 24.622465 5.693589 9.919372
endloop
endfacet
facet normal 0 0 0
outer loop
vertex 24.724844 5.672835 9.899372
vertex 24.724844 5.693589 9.899372
vertex 24.724844 5.672835 9.919372
endloop
endfacet
facet normal 0 0 0
outer loop
vertex 24.724844 5.672835 9.919372
vertex 24.724844 5.693589 9.899372
vertex 24.724844 5.693589 9.919372
endloop
endfacet
facet normal 0 0 0
outer loop
vertex 24.601990 5.693589 9.899372
vertex 24.601990 5.714342 9.919372
vertex 24.601990 5.714342 9.899372
endloop
endfacet
facet normal 0 0 0
outer loop
vertex 24.622465 5.693589 9.919372
vertex 24.601990 5.714342 9.919372
vertex 24.601990 5.693589 9.899372
endloop
endfacet
facet normal 0 0 0
outer loop
vertex 24.724844 5.693589 9.899372
vertex 24.704369 5.714342 9.919372
vertex 24.724844 5.693589 9.919372
endloop
endfacet
facet normal 0 0 0
outer loop
vertex 24.704369 5.714342 9.899372
vertex 24.704369 5.714342 9.919372
vertex 24.724844 5.693589 9.899372
endloop
endfacet
facet normal 0 0 0
outer loop
vertex 24.601990 5.714342 9.919372
vertex 24.601990 5.735096 9.899372
vertex 24.601990 5.714342 9.899372
endloop
endfacet
facet normal 0 0 0
outer loop
vertex 24.601990 5.714342 9.919372
vertex 24.622465 5.735096 9.919372
vertex 24.601990 5.735096 9.899372
endloop
endfacet
facet normal 0 0 0
outer loop
vertex 24.704369 5.735096 9.899372
vertex 24.683893 5.735096 9.919372
vertex 24.704369 5.714342 9.919372
endloop
endfacet
facet normal 0 0 0
outer loop
vertex 24.704369 5.735096 9.899372
vertex 24.704369 5.714342 9.919372
vertex 24.704369 5.714342 9.899372
endloop
endfacet
facet normal 0 0 0
outer loop
vertex 24.622465 5.755849 9.919372
vertex 24.601990 5.735096 9.899372
vertex 24.622465 5.735096 9.919372
endloop
endfacet
facet normal 0 0 0
outer loop
vertex 24.601990 5.755849 9.899372
vertex 24.601990 5.735096 9.899372
vertex 24.622465 5.755849 9.919372
endloop
endfacet
facet normal 0 0 0
outer loop
vertex 24.663416 5.755849 9.899372
vertex 24.642941 5.755849 9.919372
vertex 24.663416 5.735096 9.919372
endloop
endfacet
facet normal 0 0 0
outer loop
vertex 24.663416 5.755849 9.899372
vertex 24.683893 5.735096 9.919372
vertex 24.683893 5.755849 9.899372
endloop
endfacet
facet normal 0 0 0
outer loop
vertex 24.663416 5.735096 9.919372
vertex 24.683893 5.735096 9.919372
vertex 24.663416 5.755849 9.899372
endloop
endfacet
facet normal 0 0 0
outer loop
vertex 24.683893 5.735096 9.919372
vertex 24.704369 5.735096 9.899372
vertex 24.683893 5.755849 9.899372
endloop
endfacet
facet normal 0 0 0
outer loop
vertex 24.704369 5.735096 9.899372
vertex 24.704369 5.755849 9.899372
vertex 24.683893 5.755849 9.899372
endloop
endfacet
facet normal 0 0 0
outer loop
vertex 24.601990 5.755849 9.899372
vertex 24.622465 5.755849 9.919372
vertex 24.622465 5.776602 9.899372
endloop
endfacet
facet normal 0 0 0
outer loop
vertex 24.622465 5.776602 9.899372
vertex 24.642941 5.755849 9.919372
vertex 24.642941 5.776602 9.899372
endloop
endfacet
facet normal 0 0 0
outer loop
vertex 24.622465 5.755849 9.919372
vertex 24.642941 5.755849 9.919372
vertex 24.622465 5.776602 9.899372
endloop
endfacet
facet normal 0 0 0
outer loop
vertex 24.663416 5.755849 9.899372
vertex 24.642941 5.776602 9.899372
vertex 24.642941 5.755849 9.919372
endloop
endfacet
facet normal 0 0 0
outer loop
vertex 24.683893 5.776602 9.899372
vertex 24.663416 5.755849 9.899372
vertex 24.683893 5.755849 9.899372
endloop
endfacet
facet normal 0 0 0
outer loop
vertex 24.704369 5.755849 9.899372
vertex 24.704369 5.776602 9.899372
vertex 24.683893 5.755849 9.899372
endloop
endfacet
facet normal 0 0 0
outer loop
vertex 24.704369 5.776602 9.899372
vertex 24.683893 5.776602 9.899372
vertex 24.683893 5.755849 9.899372
endloop
endfacet
facet normal 0 0 0
outer loop
vertex 24.642941 5.797356 9.899372
vertex 24.622465 5.776602 9.899372
vertex 24.642941 5.776602 9.899372
endloop
endfacet
facet normal 0 0 0
outer loop
vertex 24.683893 5.527562 9.919372
vertex 24.683893 5.548316 9.939371
vertex 24.663416 5.548316 9.919372
endloop
endfacet
facet normal 0 0 0
outer loop
vertex 24.704369 5.527562 9.919372
vertex 24.683893 5.548316 9.939371
vertex 24.683893 5.527562 9.919372
endloop
endfacet
facet normal 0 0 0
outer loop
vertex 24.704369 5.548316 9.939371
vertex 24.683893 5.548316 9.939371
vertex 24.704369 5.527562 9.919372
endloop
endfacet
facet normal 0 0 0
outer loop
vertex 24.724844 5.527562 9.919372
vertex 24.704369 5.548316 9.939371
vertex 24.704369 5.527562 9.919372
endloop
endfacet
facet normal 0 0 0
outer loop
vertex 24.724844 5.548316 9.939371
vertex 24.704369 5.548316 9.939371
vertex 24.724844 5.527562 9.919372
endloop
endfacet
facet normal 0 0 0
outer loop
vertex 24.745319 5.548316 9.919372
vertex 24.724844 5.548316 9.939371
vertex 24.724844 5.527562 9.919372
endloop
endfacet
facet normal 0 0 0
outer loop
vertex 24.663416 5.569069 9.939371
vertex 24.642941 5.548316 9.919372
vertex 24.663416 5.548316 9.919372
endloop
endfacet
facet normal 0 0 0
outer loop
vertex 24.663416 5.569069 9.939371
vertex 24.663416 5.569069 9.919372
vertex 24.642941 5.548316 9.919372
endloop
endfacet
facet normal 0 0 0
outer loop
vertex 24.683893 5.548316 9.939371
vertex 24.663416 5.569069 9.939371
vertex 24.663416 5.548316 9.919372
endloop
endfacet
facet normal 0 0 0
outer loop
vertex 24.745319 5.548316 9.919372
vertex 24.745319 5.569069 9.939371
vertex 24.724844 5.548316 9.939371
endloop
endfacet
facet normal 0 0 0
outer loop
vertex 24.745319 5.569069 9.939371
vertex 24.745319 5.548316 9.919372
vertex 24.745319 5.569069 9.919372
endloop
endfacet
facet normal 0 0 0
outer loop
vertex 24.642941 5.589823 9.919372
vertex 24.663416 5.569069 9.919372
vertex 24.663416 5.589823 9.939371
endloop
endfacet
facet normal 0 0 0
outer loop
vertex 24.663416 5.569069 9.919372
vertex 24.663416 5.569069 9.939371
vertex 24.663416 5.589823 9.939371
endloop
endfacet
facet normal 0 0 0
outer loop
vertex 24.745319 5.569069 9.919372
vertex 24.745319 5.589823 9.919372
vertex 24.745319 5.569069 9.939371
endloop
endfacet
facet normal 0 0 0
outer loop
vertex 24.745319 5.569069 9.939371
vertex 24.745319 5.589823 9.919372
vertex 24.745319 5.589823 9.939371
endloop
endfacet
facet normal 0 0 0
outer loop
vertex 24.642941 5.589823 9.919372
vertex 24.642941 5.610576 9.939371
vertex 24.642941 5.610576 9.919372
endloop
endfacet
facet normal 0 0 0
outer loop
vertex 24.663416 5.589823 9.939371
vertex 24.642941 5.610576 9.939371
vertex 24.642941 5.589823 9.919372
endloop
endfacet
facet normal 0 0 0
outer loop
vertex 24.765795 5.610576 9.939371
vertex 24.745319 5.589823 9.939371
vertex 24.745319 5.610576 9.919372
endloop
endfacet
facet normal 0 0 0
outer loop
vertex 24.745319 5.589823 9.939371
vertex 24.745319 5.589823 9.919372
vertex 24.745319 5.610576 9.919372
endloop
endfacet
facet normal 0 0 0
outer loop
vertex 24.642941 5.610576 9.919372
vertex 24.642941 5.610576 9.939371
vertex 24.642941 5.631329 9.919372
endloop
endfacet
facet normal 0 0 0
outer loop
vertex 24.642941 5.610576 9.939371
vertex 24.642941 5.631329 9.939371
vertex 24.642941 5.631329 9.919372
endloop
endfacet
facet normal 0 0 0
outer loop
vertex 24.765795 5.610576 9.939371
vertex 24.745319 5.610576 9.919372
vertex 24.745319 5.631329 9.939371
endloop
endfacet
facet normal 0 0 0
outer loop
vertex 24.745319 5.610576 9.919372
vertex 24.745319 5.631329 9.919372
vertex 24.745319 5.631329 9.939371
endloop
endfacet
facet normal 0 0 0
outer loop
vertex 24.622465 5.652082 9.919372
vertex 24.642941 5.631329 9.919372
vertex 24.642941 5.652082 9.939371
endloop
endfacet
facet normal 0 0 0
outer loop
vertex 24.642941 5.631329 9.919372
vertex 24.642941 5.631329 9.939371
vertex 24.642941 5.652082 9.939371
endloop
endfacet
facet normal 0 0 0
outer loop
vertex 24.745319 5.631329 9.919372
vertex 24.724844 5.652082 9.919372
vertex 24.745319 5.652082 9.939371
endloop
endfacet
facet normal 0 0 0
outer loop
vertex 24.745319 5.631329 9.919372
vertex 24.745319 5.652082 9.939371
vertex 24.745319 5.631329 9.939371
endloop
endfacet
facet normal 0 0 0
outer loop
vertex 24.642941 5.672835 9.939371
vertex 24.622465 5.652082 9.919372
vertex 24.642941 5.652082 9.939371
endloop
endfacet
facet normal 0 0 0
outer loop
vertex 24.622465 5.672835 9.919372
vertex 24.622465 5.652082 9.919372
vertex 24.642941 5.672835 9.939371
endloop
endfacet
facet normal 0 0 0
outer loop
vertex 24.745319 5.652082 9.939371
vertex 24.724844 5.672835 9.919372
vertex 24.745319 5.672835 9.939371
endloop
endfacet
facet normal 0 0 0
outer loop
vertex 24.724844 5.652082 9.919372
vertex 24.724844 5.672835 9.919372
vertex 24.745319 5.652082 9.939371
endloop
endfacet
facet normal 0 0 0
outer loop
vertex 24.642941 5.693589 9.939371
vertex 24.622465 5.672835 9.919372
vertex 24.642941 5.672835 9.939371
endloop
endfacet
facet normal 0 0 0
outer loop
vertex 24.622465 5.693589 9.919372
vertex 24.622465 5.672835 9.919372
vertex 24.642941 5.693589 9.939371
endloop
endfacet
facet normal 0 0 0
outer loop
vertex 24.745319 5.672835 9.939371
vertex 24.724844 5.693589 9.919372
vertex 24.745319 5.693589 9.939371
endloop
endfacet
facet normal 0 0 0
outer loop
vertex 24.724844 5.672835 9.919372
vertex 24.724844 5.693589 9.919372
vertex 24.745319 5.672835 9.939371
endloop
endfacet
facet normal 0 0 0
outer loop
vertex 24.601990 5.714342 9.919372
vertex 24.622465 5.693589 9.919372
vertex 24.622465 5.714342 9.919372
endloop
endfacet
facet normal 0 0 0
outer loop
vertex 24.642941 5.714342 9.939371
vertex 24.622465 5.693589 9.919372
vertex 24.642941 5.693589 9.939371
endloop
endfacet
facet normal 0 0 0
outer loop
vertex 24.622465 5.714342 9.919372
vertex 24.622465 5.693589 9.919372
vertex 24.642941 5.714342 9.939371
endloop
endfacet
facet normal 0 0 0
outer loop
vertex 24.724844 5.693589 9.919372
vertex 24.704369 5.714342 9.919372
vertex 24.724844 5.714342 9.939371
endloop
endfacet
facet normal 0 0 0
outer loop
vertex 24.724844 5.693589 9.919372
vertex 24.724844 5.714342 9.939371
vertex 24.745319 5.693589 9.939371
endloop
endfacet
facet normal 0 0 0
outer loop
vertex 24.622465 5.735096 9.919372
vertex 24.601990 5.714342 9.919372
vertex 24.622465 5.714342 9.919372
endloop
endfacet
facet normal 0 0 0
outer loop
vertex 24.642941 5.735096 9.939371
vertex 24.622465 5.714342 9.919372
vertex 24.642941 5.714342 9.939371
endloop
endfacet
facet normal 0 0 0
outer loop
vertex 24.622465 5.735096 9.919372
vertex 24.622465 5.714342 9.919372
vertex 24.642941 5.735096 9.939371
endloop
endfacet
facet normal 0 0 0
outer loop
vertex 24.704369 5.714342 9.919372
vertex 24.683893 5.735096 9.919372
vertex 24.704369 5.735096 9.939371
endloop
endfacet
facet normal 0 0 0
outer loop
vertex 24.704369 5.714342 9.919372
vertex 24.704369 5.735096 9.939371
vertex 24.724844 5.714342 9.939371
endloop
endfacet
facet normal 0 0 0
outer loop
vertex 24.704369 5.735096 9.939371
vertex 24.724844 5.735096 9.939371
vertex 24.724844 5.714342 9.939371
endloop
endfacet
facet normal 0 0 0
outer loop
vertex 24.642941 5.735096 9.939371
vertex 24.642941 5.755849 9.919372
vertex 24.622465 5.735096 9.919372
endloop
endfacet
facet normal 0 0 0
outer loop
vertex 24.642941 5.755849 9.919372
vertex 24.622465 5.755849 9.919372
vertex 24.622465 5.735096 9.919372
endloop
endfacet
facet normal 0 0 0
outer loop
vertex 24.642941 5.755849 9.919372
vertex 24.642941 5.735096 9.939371
vertex 24.663416 5.735096 9.919372
endloop
endfacet
facet normal 0 0 0
outer loop
vertex 24.663416 5.755849 9.939371
vertex 24.663416 5.735096 9.919372
vertex 24.642941 5.735096 9.939371
endloop
endfacet
facet normal 0 0 0
outer loop
vertex 24.663416 5.735096 9.919372
vertex 24.683893 5.755849 9.939371
vertex 24.683893 5.735096 9.919372
endloop
endfacet
facet normal 0 0 0
outer loop
vertex 24.663416 5.755849 9.939371
vertex 24.683893 5.755849 9.939371
vertex 24.663416 5.735096 9.919372
endloop
endfacet
facet normal 0 0 0
outer loop
vertex 24.683893 5.735096 9.919372
vertex 24.683893 5.755849 9.939371
vertex 24.704369 5.735096 9.939371
endloop
endfacet
facet normal 0 0 0
outer loop
vertex 24.704369 5.755849 9.939371
vertex 24.724844 5.735096 9.939371
vertex 24.704369 5.735096 9.939371
endloop
endfacet
facet normal 0 0 0
outer loop
vertex 24.663416 5.548316 9.959372
vertex 24.683893 5.548316 9.939371
vertex 24.683893 5.548316 9.959372
endloop
endfacet
facet normal 0 0 0
outer loop
vertex 24.704369 5.548316 9.939371
vertex 24.704369 5.548316 9.959372
vertex 24.683893 5.548316 9.939371
endloop
endfacet
facet normal 0 0 0
outer loop
vertex 24.683893 5.548316 9.939371
vertex 24.704369 5.548316 9.959372
vertex 24.683893 5.548316 9.959372
endloop
endfacet
facet normal 0 0 0
outer loop
vertex 24.724844 5.548316 9.939371
vertex 24.704369 5.548316 9.959372
vertex 24.704369 5.548316 9.939371
endloop
endfacet
facet normal 0 0 0
outer loop
vertex 24.663416 5.569069 9.939371
vertex 24.663416 5.548316 9.959372
vertex 24.663416 5.569069 9.959372
endloop
endfacet
facet normal 0 0 0
outer loop
vertex 24.683893 5.548316 9.939371
vertex 24.663416 5.548316 9.959372
vertex 24.663416 5.569069 9.939371
endloop
endfacet
facet normal 0 0 0
outer loop
vertex 24.724844 5.548316 9.939371
vertex 24.724844 5.569069 9.959372
vertex 24.704369 5.548316 9.959372
endloop
endfacet
facet normal 0 0 0
outer loop
vertex 24.745319 5.569069 9.939371
vertex 24.724844 5.569069 9.959372
vertex 24.724844 5.548316 9.939371
endloop
endfacet
facet normal 0 0 0
outer loop
vertex 24.642941 5.589823 9.959372
vertex 24.663416 5.589823 9.939371
vertex 24.663416 5.569069 9.959372
endloop
endfacet
facet normal 0 0 0
outer loop
vertex 24.663416 5.589823 9.939371
vertex 24.663416 5.569069 9.939371
vertex 24.663416 5.569069 9.959372
endloop
endfacet
facet normal 0 0 0
outer loop
vertex 24.745319 5.589823 9.939371
vertex 24.724844 5.569069 9.959372
vertex 24.745319 5.569069 9.939371
endloop
endfacet
facet normal 0 0 0
outer loop
vertex 24.724844 5.589823 9.959372
vertex 24.724844 5.569069 9.959372
vertex 24.745319 5.589823 9.939371
endloop
endfacet
facet normal 0 0 0
outer loop
vertex 24.642941 5.610576 9.939371
vertex 24.642941 5.589823 9.959372
vertex 24.642941 5.610576 9.959372
endloop
endfacet
facet normal 0 0 0
outer loop
vertex 24.663416 5.589823 9.939371
vertex 24.642941 5.589823 9.959372
vertex 24.642941 5.610576 9.939371
endloop
endfacet
facet normal 0 0 0
outer loop
vertex 24.745319 5.589823 9.939371
vertex 24.745319 5.610576 9.959372
vertex 24.724844 5.589823 9.959372
endloop
endfacet
facet normal 0 0 0
outer loop
vertex 24.765795 5.610576 9.939371
vertex 24.745319 5.610576 9.959372
vertex 24.745319 5.589823 9.939371
endloop
endfacet
facet normal 0 0 0
outer loop
vertex 24.622465 5.631329 9.959372
vertex 24.642941 5.631329 9.939371
vertex 24.642941 5.610576 9.959372
endloop
endfacet
facet normal 0 0 0
outer loop
vertex 24.642941 5.631329 9.939371
vertex 24.642941 5.610576 9.939371
vertex 24.642941 5.610576 9.959372
endloop
endfacet
facet normal 0 0 0
outer loop
vertex 24.745319 5.631329 9.939371
vertex 24.724844 5.631329 9.959372
vertex 24.745319 5.610576 9.959372
endloop
endfacet
facet normal 0 0 0
outer loop
vertex 24.765795 5.610576 9.939371
vertex 24.745319 5.631329 9.939371
vertex 24.745319 5.610576 9.959372
endloop
endfacet
facet normal 0 0 0
outer loop
vertex 24.622465 5.631329 9.959372
vertex 24.642941 5.652082 9.959372
vertex 24.642941 5.631329 9.939371
endloop
endfacet
facet normal 0 0 0
outer loop
vertex 24.642941 5.652082 9.959372
vertex 24.642941 5.652082 9.939371
vertex 24.642941 5.631329 9.939371
endloop
endfacet
facet normal 0 0 0
outer loop
vertex 24.745319 5.631329 9.939371
vertex 24.745319 5.652082 9.959372
vertex 24.724844 5.631329 9.959372
endloop
endfacet
facet normal 0 0 0
outer loop
vertex 24.745319 5.652082 9.959372
vertex 24.745319 5.631329 9.939371
vertex 24.745319 5.652082 9.939371
endloop
endfacet
facet normal 0 0 0
outer loop
vertex 24.642941 5.652082 9.939371
vertex 24.642941 5.652082 9.959372
vertex 24.642941 5.672835 9.939371
endloop
endfacet
facet normal 0 0 0
outer loop
vertex 24.642941 5.652082 9.959372
vertex 24.642941 5.672835 9.959372
vertex 24.642941 5.672835 9.939371
endloop
endfacet
facet normal 0 0 0
outer loop
vertex 24.745319 5.652082 9.939371
vertex 24.745319 5.672835 9.939371
vertex 24.745319 5.652082 9.959372
endloop
endfacet
facet normal 0 0 0
outer loop
vertex 24.745319 5.652082 9.959372
vertex 24.745319 5.672835 9.939371
vertex 24.745319 5.672835 9.959372
endloop
endfacet
facet normal 0 0 0
outer loop
vertex 24.642941 5.672835 9.939371
vertex 24.642941 5.672835 9.959372
vertex 24.642941 5.693589 9.939371
endloop
endfacet
facet normal 0 0 0
outer loop
vertex 24.642941 5.672835 9.959372
vertex 24.642941 5.693589 9.959372
vertex 24.642941 5.693589 9.939371
endloop
endfacet
facet normal 0 0 0
outer loop
vertex 24.745319 5.693589 9.939371
vertex 24.724844 5.693589 9.959372
vertex 24.745319 5.672835 9.959372
endloop
endfacet
facet normal 0 0 0
outer loop
vertex 24.745319 5.693589 9.939371
vertex 24.745319 5.672835 9.959372
vertex 24.745319 5.672835 9.939371
endloop
endfacet
facet normal 0 0 0
outer loop
vertex 24.622465 5.714342 9.959372
vertex 24.642941 5.714342 9.939371
vertex 24.642941 5.693589 9.959372
endloop
endfacet
facet normal 0 0 0
outer loop
vertex 24.642941 5.714342 9.939371
vertex 24.642941 5.693589 9.939371
vertex 24.642941 5.693589 9.959372
endloop
endfacet
facet normal 0 0 0
outer loop
vertex 24.724844 5.714342 9.939371
vertex 24.704369 5.714342 9.959372
vertex 24.724844 5.693589 9.959372
endloop
endfacet
facet normal 0 0 0
outer loop
vertex 24.724844 5.693589 9.959372
vertex 24.745319 5.693589 9.939371
vertex 24.724844 5.714342 9.939371
endloop
endfacet
facet normal 0 0 0
outer loop
vertex 24.745319 5.693589 9.939371
vertex 24.745319 5.714342 9.939371
vertex 24.724844 5.714342 9.939371
endloop
endfacet
facet normal 0 0 0
outer loop
vertex 24.622465 5.714342 9.959372
vertex 24.642941 5.735096 9.959372
vertex 24.642941 5.714342 9.939371
endloop
endfacet
facet normal 0 0 0
outer loop
vertex 24.642941 5.735096 9.959372
vertex 24.642941 5.735096 9.939371
vertex 24.642941 5.714342 9.939371
endloop
endfacet
facet normal 0 0 0
outer loop
vertex 24.704369 5.735096 9.939371
vertex 24.683893 5.735096 9.959372
vertex 24.704369 5.714342 9.959372
endloop
endfacet
facet normal 0 0 0
outer loop
vertex 24.704369 5.714342 9.959372
vertex 24.724844 5.714342 9.939371
vertex 24.704369 5.735096 9.939371
endloop
endfacet
facet normal 0 0 0
outer loop
vertex 24.745319 5.714342 9.939371
vertex 24.724844 5.735096 9.939371
vertex 24.724844 5.714342 9.939371
endloop
endfacet
facet normal 0 0 0
outer loop
vertex 24.663416 5.755849 9.939371
vertex 24.642941 5.735096 9.939371
vertex 24.663416 5.735096 9.959372
endloop
endfacet
facet normal 0 0 0
outer loop
vertex 24.642941 5.735096 9.939371
vertex 24.642941 5.735096 9.959372
vertex 24.663416 5.735096 9.959372
endloop
endfacet
facet normal 0 0 0
outer loop
vertex 24.663416 5.755849 9.939371
vertex 24.683893 5.735096 9.959372
vertex 24.683893 5.755849 9.939371
endloop
endfacet
facet normal 0 0 0
outer loop
vertex 24.663416 5.735096 9.959372
vertex 24.683893 5.735096 9.959372
vertex 24.663416 5.755849 9.939371
endloop
endfacet
facet normal 0 0 0
outer loop
vertex 24.683893 5.735096 9.959372
vertex 24.704369 5.735096 9.939371
vertex 24.683893 5.755849 9.939371
endloop
endfacet
facet normal 0 0 0
outer loop
vertex 24.704369 5.735096 9.939371
vertex 24.704369 5.755849 9.939371
vertex 24.683893 5.755849 9.939371
endloop
endfacet
facet normal 0 0 0
outer loop
vertex 24.663416 5.548316 9.959372
vertex 24.663416 5.569069 9.979372
vertex 24.663416 5.569069 9.959372
endloop
endfacet
facet normal 0 0 0
outer loop
vertex 24.683893 5.548316 9.959372
vertex 24.663416 5.569069 9.979372
vertex 24.663416 5.548316 9.959372
endloop
endfacet
facet normal 0 0 0
outer loop
vertex 24.683893 5.569069 9.979372
vertex 24.663416 5.569069 9.979372
vertex 24.683893 5.548316 9.959372
endloop
endfacet
facet normal 0 0 0
outer loop
vertex 24.704369 5.548316 9.959372
vertex 24.683893 5.569069 9.979372
vertex 24.683893 5.548316 9.959372
endloop
endfacet
facet normal 0 0 0
outer loop
vertex 24.704369 5.569069 9.979372
vertex 24.683893 5.569069 9.979372
vertex 24.704369 5.548316 9.959372
endloop
endfacet
facet normal 0 0 0
outer loop
vertex 24.704369 5.548316 9.959372
vertex 24.724844 5.569069 9.959372
vertex 24.704369 5.569069 9.979372
endloop
endfacet
facet normal 0 0 0
outer loop
vertex 24.724844 5.569069 9.959372
vertex 24.724844 5.569069 9.979372
vertex 24.704369 5.569069 9.979372
endloop
endfacet
facet normal 0 0 0
outer loop
vertex 24.663416 5.569069 9.979372
vertex 24.642941 5.589823 9.959372
vertex 24.663416 5.569069 9.959372
endloop
endfacet
facet normal 0 0 0
outer loop
vertex 24.642941 5.589823 9.979372
vertex 24.642941 5.589823 9.959372
vertex 24.663416 5.569069 9.979372
endloop
endfacet
facet normal 0 0 0
outer loop
vertex 24.724844 5.569069 9.959372
vertex 24.724844 5.589823 9.959372
vertex 24.724844 5.569069 9.979372
endloop
endfacet
facet normal 0 0 0
outer loop
vertex 24.724844 5.569069 9.979372
vertex 24.724844 5.589823 9.959372
vertex 24.724844 5.589823 9.979372
endloop
endfacet
facet normal 0 0 0
outer loop
vertex 24.642941 5.589823 9.959372
vertex 24.642941 5.589823 9.979372
vertex 24.642941 5.610576 9.959372
endloop
endfacet
facet normal 0 0 0
outer loop
vertex 24.642941 5.589823 9.979372
vertex 24.642941 5.610576 9.979372
vertex 24.642941 5.610576 9.959372
endloop
endfacet
facet normal 0 0 0
outer loop
vertex 24.724844 5.589823 9.959372
vertex 24.745319 5.610576 9.979372
vertex 24.724844 5.589823 9.979372
endloop
endfacet
facet normal 0 0 0
outer loop
vertex 24.745319 5.610576 9.959372
vertex 24.745319 5.610576 9.979372
vertex 24.724844 5.589823 9.959372
endloop
endfacet
facet normal 0 0 0
outer loop
vertex 24.642941 5.610576 9.979372
vertex 24.622465 5.631329 9.959372
vertex 24.642941 5.610576 9.959372
endloop
endfacet
facet normal 0 0 0
outer loop
vertex 24.622465 5.631329 9.979372
vertex 24.622465 5.631329 9.959372
vertex 24.642941 5.610576 9.979372
endloop
endfacet
facet normal 0 0 0
outer loop
vertex 24.745319 5.610576 9.959372
vertex 24.724844 5.631329 9.959372
vertex 24.745319 5.631329 9.979372
endloop
endfacet
facet normal 0 0 0
outer loop
vertex 24.745319 5.610576 9.959372
vertex 24.745319 5.631329 9.979372
vertex 24.745319 5.610576 9.979372
endloop
endfacet
facet normal 0 0 0
outer loop
vertex 24.622465 5.652082 9.979372
vertex 24.622465 5.631329 9.959372
vertex 24.622465 5.631329 9.979372
endloop
endfacet
facet normal 0 0 0
outer loop
vertex 24.622465 5.631329 9.959372
vertex 24.622465 5.652082 9.979372
vertex 24.642941 5.652082 9.959372
endloop
endfacet
facet normal 0 0 0
outer loop
vertex 24.724844 5.631329 9.959372
vertex 24.745319 5.652082 9.959372
vertex 24.745319 5.631329 9.979372
endloop
endfacet
facet normal 0 0 0
outer loop
vertex 24.745319 5.631329 9.979372
vertex 24.745319 5.652082 9.959372
vertex 24.745319 5.652082 9.979372
endloop
endfacet
facet normal 0 0 0
outer loop
vertex 24.642941 5.652082 9.959372
vertex 24.622465 5.672835 9.979372
vertex 24.642941 5.672835 9.959372
endloop
endfacet
facet normal 0 0 0
outer loop
vertex 24.622465 5.652082 9.979372
vertex 24.622465 5.672835 9.979372
vertex 24.642941 5.652082 9.959372
endloop
endfacet
facet normal 0 0 0
outer loop
vertex 24.745319 5.652082 9.959372
vertex 24.745319 5.672835 9.959372
vertex 24.745319 5.652082 9.979372
endloop
endfacet
facet normal 0 0 0
outer loop
vertex 24.745319 5.652082 9.979372
vertex 24.745319 5.672835 9.959372
vertex 24.745319 5.672835 9.979372
endloop
endfacet
facet normal 0 0 0
outer loop
vertex 24.642941 5.672835 9.959372
vertex 24.622465 5.693589 9.979372
vertex 24.642941 5.693589 9.959372
endloop
endfacet
facet normal 0 0 0
outer loop
vertex 24.622465 5.672835 9.979372
vertex 24.622465 5.693589 9.979372
vertex 24.642941 5.672835 9.959372
endloop
endfacet
facet normal 0 0 0
outer loop
vertex 24.745319 5.672835 9.959372
vertex 24.724844 5.693589 9.979372
vertex 24.745319 5.672835 9.979372
endloop
endfacet
facet normal 0 0 0
outer loop
vertex 24.724844 5.693589 9.959372
vertex 24.724844 5.693589 9.979372
vertex 24.745319 5.672835 9.959372
endloop
endfacet
facet normal 0 0 0
outer loop
vertex 24.622465 5.693589 9.979372
vertex 24.642941 5.714342 9.979372
vertex 24.642941 5.693589 9.959372
endloop
endfacet
facet normal 0 0 0
outer loop
vertex 24.622465 5.714342 9.959372
vertex 24.642941 5.693589 9.959372
vertex 24.642941 5.714342 9.979372
endloop
endfacet
facet normal 0 0 0
outer loop
vertex 24.724844 5.693589 9.959372
vertex 24.704369 5.714342 9.979372
vertex 24.724844 5.693589 9.979372
endloop
endfacet
facet normal 0 0 0
outer loop
vertex 24.704369 5.714342 9.959372
vertex 24.704369 5.714342 9.979372
vertex 24.724844 5.693589 9.959372
endloop
endfacet
facet normal 0 0 0
outer loop
vertex 24.622465 5.714342 9.959372
vertex 24.642941 5.714342 9.979372
vertex 24.642941 5.735096 9.959372
endloop
endfacet
facet normal 0 0 0
outer loop
vertex 24.642941 5.714342 9.979372
vertex 24.663416 5.735096 9.979372
vertex 24.642941 5.735096 9.959372
endloop
endfacet
facet normal 0 0 0
outer loop
vertex 24.683893 5.735096 9.959372
vertex 24.663416 5.735096 9.979372
vertex 24.683893 5.714342 9.979372
endloop
endfacet
facet normal 0 0 0
outer loop
vertex 24.683893 5.735096 9.959372
vertex 24.683893 5.714342 9.979372
vertex 24.704369 5.714342 9.959372
endloop
endfacet
facet normal 0 0 0
outer loop
vertex 24.683893 5.714342 9.979372
vertex 24.704369 5.714342 9.979372
vertex 24.704369 5.714342 9.959372
endloop
endfacet
facet normal 0 0 0
outer loop
vertex 24.642941 5.735096 9.959372
vertex 24.663416 5.735096 9.979372
vertex 24.663416 5.735096 9.959372
endloop
endfacet
facet normal 0 0 0
outer loop
vertex 24.663416 5.735096 9.979372
vertex 24.683893 5.735096 9.959372
vertex 24.663416 5.735096 9.959372
endloop
endfacet
facet normal 0 0 0
outer loop
vertex 24.683893 5.569069 9.979372
vertex 24.683893 5.569069 9.999372
vertex 24.663416 5.569069 9.979372
endloop
endfacet
facet normal 0 0 0
outer loop
vertex 24.663416 5.569069 9.979372
vertex 24.683893 5.569069 9.999372
vertex 24.663416 5.569069 9.999372
endloop
endfacet
facet normal 0 0 0
outer loop
vertex 24.704369 5.569069 9.979372
vertex 24.704369 5.569069 9.999372
vertex 24.683893 5.569069 9.979372
endloop
endfacet
facet normal 0 0 0
outer loop
vertex 24.683893 5.569069 9.979372
vertex 24.704369 5.569069 9.999372
vertex 24.683893 5.569069 9.999372
endloop
endfacet
facet normal 0 0 0
outer loop
vertex 24.724844 5.548316 9.999372
vertex 24.704369 5.569069 9.999372
vertex 24.724844 5.569069 9.979372
endloop
endfacet
facet normal 0 0 0
outer loop
vertex 24.704369 5.569069 9.999372
vertex 24.704369 5.569069 9.979372
vertex 24.724844 5.569069 9.979372
endloop
endfacet
facet normal 0 0 0
outer loop
vertex 24.724844 5.569069 9.979372
vertex 24.745319 5.569069 9.999372
vertex 24.724844 5.548316 9.999372
endloop
endfacet
facet normal 0 0 0
outer loop
vertex 24.663416 5.569069 9.999372
vertex 24.642941 5.589823 9.979372
vertex 24.663416 5.569069 9.979372
endloop
endfacet
facet normal 0 0 0
outer loop
vertex 24.642941 5.589823 9.999372
vertex 24.642941 5.589823 9.979372
vertex 24.663416 5.569069 9.999372
endloop
endfacet
facet normal 0 0 0
outer loop
vertex 24.745319 5.569069 9.999372
vertex 24.724844 5.589823 9.979372
vertex 24.745319 5.589823 9.999372
endloop
endfacet
facet normal 0 0 0
outer loop
vertex 24.724844 5.569069 9.979372
vertex 24.724844 5.589823 9.979372
vertex 24.745319 5.569069 9.999372
endloop
endfacet
facet normal 0 0 0
outer loop
vertex 24.765795 5.589823 9.999372
vertex 24.745319 5.569069 9.999372
vertex 24.745319 5.589823 9.999372
endloop
endfacet
facet normal 0 0 0
outer loop
vertex 24.642941 5.589823 9.979372
vertex 24.642941 5.589823 9.999372
vertex 24.642941 5.610576 9.979372
endloop
endfacet
facet normal 0 0 0
outer loop
vertex 24.642941 5.589823 9.999372
vertex 24.642941 5.610576 9.999372
vertex 24.642941 5.610576 9.979372
endloop
endfacet
facet normal 0 0 0
outer loop
vertex 24.724844 5.589823 9.979372
vertex 24.745319 5.610576 9.979372
vertex 24.745319 5.589823 9.999372
endloop
endfacet
facet normal 0 0 0
outer loop
vertex 24.745319 5.610576 9.979372
vertex 24.765795 5.610576 9.999372
vertex 24.745319 5.589823 9.999372
endloop
endfacet
facet normal 0 0 0
outer loop
vertex 24.765795 5.610576 9.999372
vertex 24.765795 5.589823 9.999372
vertex 24.745319 5.589823 9.999372
endloop
endfacet
facet normal 0 0 0
outer loop
vertex 24.622465 5.631329 9.979372
vertex 24.642941 5.610576 9.979372
vertex 24.642941 5.631329 9.999372
endloop
endfacet
facet normal 0 0 0
outer loop
vertex 24.642941 5.610576 9.979372
vertex 24.642941 5.610576 9.999372
vertex 24.642941 5.631329 9.999372
endloop
endfacet
facet normal 0 0 0
outer loop
vertex 24.765795 5.610576 9.999372
vertex 24.745319 5.631329 9.979372
vertex 24.765795 5.631329 9.999372
endloop
endfacet
facet normal 0 0 0
outer loop
vertex 24.745319 5.610576 9.979372
vertex 24.745319 5.631329 9.979372
vertex 24.765795 5.610576 9.999372
endloop
endfacet
facet normal 0 0 0
outer loop
vertex 24.622465 5.631329 9.979372
vertex 24.622465 5.652082 9.999372
vertex 24.622465 5.652082 9.979372
endloop
endfacet
facet normal 0 0 0
outer loop
vertex 24.642941 5.631329 9.999372
vertex 24.622465 5.652082 9.999372
vertex 24.622465 5.631329 9.979372
endloop
endfacet
facet normal 0 0 0
outer loop
vertex 24.765795 5.631329 9.999372
vertex 24.745319 5.631329 9.979372
vertex 24.745319 5.652082 9.999372
endloop
endfacet
facet normal 0 0 0
outer loop
vertex 24.745319 5.631329 9.979372
vertex 24.745319 5.652082 9.979372
vertex 24.745319 5.652082 9.999372
endloop
endfacet
facet normal 0 0 0
outer loop
vertex 24.622465 5.652082 9.999372
vertex 24.622465 5.672835 9.979372
vertex 24.622465 5.652082 9.979372
endloop
endfacet
facet normal 0 0 0
outer loop
vertex 24.622465 5.652082 9.999372
vertex 24.642941 5.672835 9.999372
vertex 24.622465 5.672835 9.979372
endloop
endfacet
facet normal 0 0 0
outer loop
vertex 24.745319 5.652082 9.979372
vertex 24.745319 5.672835 9.979372
vertex 24.745319 5.652082 9.999372
endloop
endfacet
facet normal 0 0 0
outer loop
vertex 24.745319 5.652082 9.999372
vertex 24.745319 5.672835 9.979372
vertex 24.745319 5.672835 9.999372
endloop
endfacet
facet normal 0 0 0
outer loop
vertex 24.642941 5.693589 9.999372
vertex 24.622465 5.672835 9.979372
vertex 24.642941 5.672835 9.999372
endloop
endfacet
facet normal 0 0 0
outer loop
vertex 24.622465 5.693589 9.979372
vertex 24.622465 5.672835 9.979372
vertex 24.642941 5.693589 9.999372
endloop
endfacet
facet normal 0 0 0
outer loop
vertex 24.745319 5.672835 9.979372
vertex 24.724844 5.693589 9.999372
vertex 24.745319 5.672835 9.999372
endloop
endfacet
facet normal 0 0 0
outer loop
vertex 24.724844 5.693589 9.979372
vertex 24.724844 5.693589 9.999372
vertex 24.745319 5.672835 9.979372
endloop
endfacet
facet normal 0 0 0
outer loop
vertex 24.622465 5.693589 9.979372
vertex 24.642941 5.693589 9.999372
vertex 24.642941 5.714342 9.979372
endloop
endfacet
facet normal 0 0 0
outer loop
vertex 24.642941 5.693589 9.999372
vertex 24.642941 5.714342 9.999372
vertex 24.642941 5.714342 9.979372
endloop
endfacet
facet normal 0 0 0
outer loop
vertex 24.724844 5.693589 9.979372
vertex 24.704369 5.714342 9.999372
vertex 24.724844 5.693589 9.999372
endloop
endfacet
facet normal 0 0 0
outer loop
vertex 24.704369 5.714342 9.979372
vertex 24.704369 5.714342 9.999372
vertex 24.724844 5.693589 9.979372
endloop
endfacet
facet normal 0 0 0
outer loop
vertex 24.663416 5.735096 9.979372
vertex 24.642941 5.714342 9.979372
vertex 24.663416 5.714342 9.999372
endloop
endfacet
facet normal 0 0 0
outer loop
vertex 24.642941 5.714342 9.979372
vertex 24.642941 5.714342 9.999372
vertex 24.663416 5.714342 9.999372
endloop
endfacet
facet normal 0 0 0
outer loop
vertex 24.663416 5.735096 9.979372
vertex 24.663416 5.714342 9.999372
vertex 24.683893 5.714342 9.979372
endloop
endfacet
facet normal 0 0 0
outer loop
vertex 24.663416 5.714342 9.999372
vertex 24.683893 5.714342 9.999372
vertex 24.683893 5.714342 9.979372
endloop
endfacet
facet normal 0 0 0
outer loop
vertex 24.704369 5.714342 9.979372
vertex 24.683893 5.714342 9.979372
vertex 24.704369 5.714342 9.999372
endloop
endfacet
facet normal 0 0 0
outer loop
vertex 24.683893 5.714342 9.979372
vertex 24.683893 5.714342 9.999372
vertex 24.704369 5.714342 9.999372
endloop
endfacet
facet normal 0 0 0
outer loop
vertex 24.724844 5.548316 9.999372
vertex 24.724844 5.569069 10.019372
vertex 24.704369 5.569069 9.999372
endloop
endfacet
facet normal 0 0 0
outer loop
vertex 24.724844 5.548316 9.999372
vertex 24.745319 5.569069 9.999372
vertex 24.724844 5.569069 10.019372
endloop
endfacet
facet normal 0 0 0
outer loop
vertex 24.745319 5.569069 9.999372
vertex 24.745319 5.569069 10.019372
vertex 24.724844 5.569069 10.019372
endloop
endfacet
facet normal 0 0 0
outer loop
vertex 24.642941 5.589823 9.999372
vertex 24.663416 5.569069 9.999372
vertex 24.663416 5.589823 9.999372
endloop
endfacet
facet normal 0 0 0
outer loop
vertex 24.683893 5.589823 10.019372
vertex 24.663416 5.589823 9.999372
vertex 24.683893 5.569069 9.999372
endloop
endfacet
facet normal 0 0 0
outer loop
vertex 24.663416 5.589823 9.999372
vertex 24.663416 5.569069 9.999372
vertex 24.683893 5.569069 9.999372
endloop
endfacet
facet normal 0 0 0
outer loop
vertex 24.704369 5.569069 9.999372
vertex 24.683893 5.589823 10.019372
vertex 24.683893 5.569069 9.999372
endloop
endfacet
facet normal 0 0 0
outer loop
vertex 24.704369 5.589823 10.019372
vertex 24.683893 5.589823 10.019372
vertex 24.704369 5.569069 9.999372
endloop
endfacet
facet normal 0 0 0
outer loop
vertex 24.724844 5.569069 10.019372
vertex 24.704369 5.589823 10.019372
vertex 24.704369 5.569069 9.999372
endloop
endfacet
facet normal 0 0 0
outer loop
vertex 24.765795 5.589823 9.999372
vertex 24.745319 5.589823 10.019372
vertex 24.745319 5.569069 9.999372
endloop
endfacet
facet normal 0 0 0
outer loop
vertex 24.745319 5.589823 10.019372
vertex 24.745319 5.569069 10.019372
vertex 24.745319 5.569069 9.999372
endloop
endfacet
facet normal 0 0 0
outer loop
vertex 24.663416 5.589823 9.999372
vertex 24.663416 5.610576 9.999372
vertex 24.642941 5.589823 9.999372
endloop
endfacet
facet normal 0 0 0
outer loop
vertex 24.663416 5.610576 9.999372
vertex 24.642941 5.610576 9.999372
vertex 24.642941 5.589823 9.999372
endloop
endfacet
facet normal 0 0 0
outer loop
vertex 24.683893 5.610576 10.019372
vertex 24.663416 5.589823 9.999372
vertex 24.683893 5.589823 10.019372
endloop
endfacet
facet normal 0 0 0
outer loop
vertex 24.663416 5.610576 9.999372
vertex 24.663416 5.589823 9.999372
vertex 24.683893 5.610576 10.019372
endloop
endfacet
facet normal 0 0 0
outer loop
vertex 24.765795 5.610576 9.999372
vertex 24.745319 5.589823 10.019372
vertex 24.765795 5.589823 9.999372
endloop
endfacet
facet normal 0 0 0
outer loop
vertex 24.745319 5.610576 10.019372
vertex 24.745319 5.589823 10.019372
vertex 24.765795 5.610576 9.999372
endloop
endfacet
facet normal 0 0 0
outer loop
vertex 24.663416 5.631329 10.019372
vertex 24.642941 5.631329 9.999372
vertex 24.663416 5.610576 9.999372
endloop
endfacet
facet normal 0 0 0
outer loop
vertex 24.642941 5.631329 9.999372
vertex 24.642941 5.610576 9.999372
vertex 24.663416 5.610576 9.999372
endloop
endfacet
facet normal 0 0 0
outer loop
vertex 24.683893 5.610576 10.019372
vertex 24.663416 5.631329 10.019372
vertex 24.663416 5.610576 9.999372
endloop
endfacet
facet normal 0 0 0
outer loop
vertex 24.765795 5.631329 9.999372
vertex 24.745319 5.610576 10.019372
vertex 24.765795 5.610576 9.999372
endloop
endfacet
facet normal 0 0 0
outer loop
vertex 24.745319 5.631329 10.019372
vertex 24.745319 5.610576 10.019372
vertex 24.765795 5.631329 9.999372
endloop
endfacet
facet normal 0 0 0
outer loop
vertex 24.622465 5.652082 9.999372
vertex 24.642941 5.631329 9.999372
vertex 24.642941 5.652082 9.999372
endloop
endfacet
facet normal 0 0 0
outer loop
vertex 24.663416 5.652082 10.019372
vertex 24.642941 5.631329 9.999372
vertex 24.663416 5.631329 10.019372
endloop
endfacet
facet normal 0 0 0
outer loop
vertex 24.642941 5.652082 9.999372
vertex 24.642941 5.631329 9.999372
vertex 24.663416 5.652082 10.019372
endloop
endfacet
facet normal 0 0 0
outer loop
vertex 24.765795 5.631329 9.999372
vertex 24.745319 5.652082 9.999372
vertex 24.745319 5.631329 10.019372
endloop
endfacet
facet normal 0 0 0
outer loop
vertex 24.745319 5.652082 9.999372
vertex 24.745319 5.652082 10.019372
vertex 24.745319 5.631329 10.019372
endloop
endfacet
facet normal 0 0 0
outer loop
vertex 24.642941 5.672835 9.999372
vertex 24.622465 5.652082 9.999372
vertex 24.642941 5.652082 9.999372
endloop
endfacet
facet normal 0 0 0
outer loop
vertex 24.663416 5.652082 10.019372
vertex 24.663416 5.672835 9.999372
vertex 24.642941 5.652082 9.999372
endloop
endfacet
facet normal 0 0 0
outer loop
vertex 24.663416 5.672835 9.999372
vertex 24.642941 5.672835 9.999372
vertex 24.642941 5.652082 9.999372
endloop
endfacet
facet normal 0 0 0
outer loop
vertex 24.663416 5.652082 10.019372
vertex 24.683893 5.672835 10.019372
vertex 24.663416 5.672835 9.999372
endloop
endfacet
facet normal 0 0 0
outer loop
vertex 24.724844 5.672835 9.999372
vertex 24.704369 5.672835 10.019372
vertex 24.724844 5.652082 10.019372
endloop
endfacet
facet normal 0 0 0
outer loop
vertex 24.724844 5.672835 9.999372
vertex 24.745319 5.652082 10.019372
vertex 24.745319 5.672835 9.999372
endloop
endfacet
facet normal 0 0 0
outer loop
vertex 24.724844 5.652082 10.019372
vertex 24.745319 5.652082 10.019372
vertex 24.724844 5.672835 9.999372
endloop
endfacet
facet normal 0 0 0
outer loop
vertex 24.745319 5.672835 9.999372
vertex 24.745319 5.652082 10.019372
vertex 24.745319 5.652082 9.999372
endloop
endfacet
facet normal 0 0 0
outer loop
vertex 24.663416 5.672835 9.999372
vertex 24.663416 5.693589 9.999372
vertex 24.642941 5.672835 9.999372
endloop
endfacet
facet normal 0 0 0
outer loop
vertex 24.663416 5.693589 9.999372
vertex 24.642941 5.693589 9.999372
vertex 24.642941 5.672835 9.999372
endloop
endfacet
facet normal 0 0 0
outer loop
vertex 24.683893 5.672835 10.019372
vertex 24.683893 5.693589 9.999372
vertex 24.663416 5.672835 9.999372
endloop
endfacet
facet normal 0 0 0
outer loop
vertex 24.683893 5.693589 9.999372
vertex 24.663416 5.693589 9.999372
vertex 24.663416 5.672835 9.999372
endloop
endfacet
facet normal 0 0 0
outer loop
vertex 24.683893 5.693589 9.999372
vertex 24.704369 5.672835 10.019372
vertex 24.704369 5.693589 9.999372
endloop
endfacet
facet normal 0 0 0
outer loop
vertex 24.683893 5.672835 10.019372
vertex 24.704369 5.672835 10.019372
vertex 24.683893 5.693589 9.999372
endloop
endfacet
facet normal 0 0 0
outer loop
vertex 24.704369 5.672835 10.019372
vertex 24.724844 5.672835 9.999372
vertex 24.704369 5.693589 9.999372
endloop
endfacet
facet normal 0 0 0
outer loop
vertex 24.724844 5.672835 9.999372
vertex 24.724844 5.693589 9.999372
vertex 24.704369 5.693589 9.999372
endloop
endfacet
facet normal 0 0 0
outer loop
vertex 24.745319 5.672835 9.999372
vertex 24.724844 5.693589 9.999372
vertex 24.724844 5.672835 9.999372
endloop
endfacet
facet normal 0 0 0
outer loop
vertex 24.663416 5.693589 9.999372
vertex 24.663416 5.714342 9.999372
vertex 24.642941 5.693589 9.999372
endloop
endfacet
facet normal 0 0 0
outer loop
vertex 24.663416 5.714342 9.999372
vertex 24.642941 5.714342 9.999372
vertex 24.642941 5.693589 9.999372
endloop
endfacet
facet normal 0 0 0
outer loop
vertex 24.683893 5.693589 9.999372
vertex 24.683893 5.714342 9.999372
vertex 24.663416 5.693589 9.999372
endloop
endfacet
facet normal 0 0 0
outer loop
vertex 24.683893 5.714342 9.999372
vertex 24.663416 5.714342 9.999372
vertex 24.663416 5.693589 9.999372
endloop
endfacet
facet normal 0 0 0
outer loop
vertex 24.704369 5.693589 9.999372
vertex 24.704369 5.714342 9.999372
vertex 24.683893 5.693589 9.999372
endloop
endfacet
facet normal 0 0 0
outer loop
vertex 24.704369 5.714342 9.999372
vertex 24.683893 5.714342 9.999372
vertex 24.683893 5.693589 9.999372
endloop
endfacet
facet normal 0 0 0
outer loop
vertex 24.724844 5.693589 9.999372
vertex 24.704369 5.714342 9.999372
vertex 24.704369 5.693589 9.999372
endloop
endfacet
facet normal 0 0 0
outer loop
vertex 24.704369 5.569069 10.039371
vertex 24.724844 5.569069 10.019372
vertex 24.724844 5.569069 10.039371
endloop
endfacet
facet normal 0 0 0
outer loop
vertex 24.745319 5.569069 10.019372
vertex 24.745319 5.569069 10.039371
vertex 24.724844 5.569069 10.019372
endloop
endfacet
facet normal 0 0 0
outer loop
vertex 24.724844 5.569069 10.019372
vertex 24.745319 5.569069 10.039371
vertex 24.724844 5.569069 10.039371
endloop
endfacet
facet normal 0 0 0
outer loop
vertex 24.683893 5.589823 10.019372
vertex 24.683893 5.569069 10.039371
vertex 24.683893 5.589823 10.039371
endloop
endfacet
facet normal 0 0 0
outer loop
vertex 24.704369 5.589823 10.019372
vertex 24.683893 5.569069 10.039371
vertex 24.683893 5.589823 10.019372
endloop
endfacet
facet normal 0 0 0
outer loop
vertex 24.704369 5.569069 10.039371
vertex 24.683893 5.569069 10.039371
vertex 24.704369 5.589823 10.019372
endloop
endfacet
facet normal 0 0 0
outer loop
vertex 24.724844 5.569069 10.019372
vertex 24.704369 5.569069 10.039371
vertex 24.704369 5.589823 10.019372
endloop
endfacet
facet normal 0 0 0
outer loop
vertex 24.745319 5.569069 10.019372
vertex 24.745319 5.589823 10.019372
vertex 24.745319 5.569069 10.039371
endloop
endfacet
facet normal 0 0 0
outer loop
vertex 24.745319 5.569069 10.039371
vertex 24.745319 5.589823 10.019372
vertex 24.745319 5.589823 10.039371
endloop
endfacet
facet normal 0 0 0
outer loop
vertex 24.663416 5.610576 10.039371
vertex 24.683893 5.610576 10.019372
vertex 24.683893 5.589823 10.039371
endloop
endfacet
facet normal 0 0 0
outer loop
vertex 24.683893 5.610576 10.019372
vertex 24.683893 5.589823 10.019372
vertex 24.683893 5.589823 10.039371
endloop
endfacet
facet normal 0 0 0
outer loop
vertex 24.745319 5.589823 10.019372
vertex 24.745319 5.610576 10.019372
vertex 24.745319 5.589823 10.039371
endloop
endfacet
facet normal 0 0 0
outer loop
vertex 24.745319 5.589823 10.039371
vertex 24.745319 5.610576 10.019372
vertex 24.745319 5.610576 10.039371
endloop
endfacet
facet normal 0 0 0
outer loop
vertex 24.663416 5.631329 10.019372
vertex 24.663416 5.610576 10.039371
vertex 24.663416 5.631329 10.039371
endloop
endfacet
facet normal 0 0 0
outer loop
vertex 24.683893 5.610576 10.019372
vertex 24.663416 5.610576 10.039371
vertex 24.663416 5.631329 10.019372
endloop
endfacet
facet normal 0 0 0
outer loop
vertex 24.745319 5.610576 10.019372
vertex 24.745319 5.631329 10.019372
vertex 24.745319 5.610576 10.039371
endloop
endfacet
facet normal 0 0 0
outer loop
vertex 24.745319 5.610576 10.039371
vertex 24.745319 5.631329 10.019372
vertex 24.745319 5.631329 10.039371
endloop
endfacet
facet normal 0 0 0
outer loop
vertex 24.663416 5.631329 10.019372
vertex 24.663416 5.631329 10.039371
vertex 24.663416 5.652082 10.019372
endloop
endfacet
facet normal 0 0 0
outer loop
vertex 24.663416 5.631329 10.039371
vertex 24.663416 5.652082 10.039371
vertex 24.663416 5.652082 10.019372
endloop
endfacet
facet normal 0 0 0
outer loop
vertex 24.745319 5.631329 10.019372
vertex 24.745319 5.652082 10.019372
vertex 24.745319 5.631329 10.039371
endloop
endfacet
facet normal 0 0 0
outer loop
vertex 24.745319 5.631329 10.039371
vertex 24.745319 5.652082 10.019372
vertex 24.745319 5.652082 10.039371
endloop
endfacet
facet normal 0 0 0
outer loop
vertex 24.683893 5.672835 10.019372
vertex 24.663416 5.652082 10.019372
vertex 24.683893 5.652082 10.039371
endloop
endfacet
facet normal 0 0 0
outer loop
vertex 24.663416 5.652082 10.019372
vertex 24.663416 5.652082 10.039371
vertex 24.683893 5.652082 10.039371
endloop
endfacet
facet normal 0 0 0
outer loop
vertex 24.683893 5.652082 10.039371
vertex 24.704369 5.672835 10.039371
vertex 24.683893 5.672835 10.019372
endloop
endfacet
facet normal 0 0 0
outer loop
vertex 24.724844 5.652082 10.019372
vertex 24.704369 5.672835 10.039371
vertex 24.724844 5.652082 10.039371
endloop
endfacet
facet normal 0 0 0
outer loop
vertex 24.704369 5.672835 10.019372
vertex 24.704369 5.672835 10.039371
vertex 24.724844 5.652082 10.019372
endloop
endfacet
facet normal 0 0 0
outer loop
vertex 24.745319 5.652082 10.019372
vertex 24.724844 5.652082 10.019372
vertex 24.745319 5.652082 10.039371
endloop
endfacet
facet normal 0 0 0
outer loop
vertex 24.724844 5.652082 10.019372
vertex 24.724844 5.652082 10.039371
vertex 24.745319 5.652082 10.039371
endloop
endfacet
facet normal 0 0 0
outer loop
vertex 24.683893 5.672835 10.019372
vertex 24.704369 5.672835 10.039371
vertex 24.704369 5.672835 10.019372
endloop
endfacet
facet normal 0 0 0
outer loop
vertex 24.704369 5.569069 10.039371
vertex 24.704369 5.589823 10.039371
vertex 24.683893 5.569069 10.039371
endloop
endfacet
facet normal 0 0 0
outer loop
vertex 24.704369 5.589823 10.039371
vertex 24.683893 5.589823 10.039371
vertex 24.683893 5.569069 10.039371
endloop
endfacet
facet normal 0 0 0
outer loop
vertex 24.724844 5.569069 10.039371
vertex 24.724844 5.589823 10.039371
vertex 24.704369 5.569069 10.039371
endloop
endfacet
facet normal 0 0 0
outer loop
vertex 24.724844 5.589823 10.039371
vertex 24.704369 5.589823 10.039371
vertex 24.704369 5.569069 10.039371
endloop
endfacet
facet normal 0 0 0
outer loop
vertex 24.745319 5.569069 10.039371
vertex 24.745319 5.589823 10.039371
vertex 24.724844 5.569069 10.039371
endloop
endfacet
facet normal 0 0 0
outer loop
vertex 24.745319 5.589823 10.039371
vertex 24.724844 5.589823 10.039371
vertex 24.724844 5.569069 10.039371
endloop
endfacet
facet normal 0 0 0
outer loop
vertex 24.663416 5.610576 10.039371
vertex 24.683893 5.589823 10.039371
vertex 24.683893 5.610576 10.039371
endloop
endfacet
facet normal 0 0 0
outer loop
vertex 24.704369 5.589823 10.039371
vertex 24.704369 5.610576 10.039371
vertex 24.683893 5.589823 10.039371
endloop
endfacet
facet normal 0 0 0
outer loop
vertex 24.704369 5.610576 10.039371
vertex 24.683893 5.610576 10.039371
vertex 24.683893 5.589823 10.039371
endloop
endfacet
facet normal 0 0 0
outer loop
vertex 24.724844 5.589823 10.039371
vertex 24.724844 5.610576 10.039371
vertex 24.704369 5.589823 10.039371
endloop
endfacet
facet normal 0 0 0
outer loop
vertex 24.724844 5.610576 10.039371
vertex 24.704369 5.610576 10.039371
vertex 24.704369 5.589823 10.039371
endloop
endfacet
facet normal 0 0 0
outer loop
vertex 24.745319 5.589823 10.039371
vertex 24.745319 5.610576 10.039371
vertex 24.724844 5.589823 10.039371
endloop
endfacet
facet normal 0 0 0
outer loop
vertex 24.745319 5.610576 10.039371
vertex 24.724844 5.610576 10.039371
vertex 24.724844 5.589823 10.039371
endloop
endfacet
facet normal 0 0 0
outer loop
vertex 24.683893 5.610576 10.039371
vertex 24.683893 5.631329 10.039371
vertex 24.663416 5.610576 10.039371
endloop
endfacet
facet normal 0 0 0
outer loop
vertex 24.683893 5.631329 10.039371
vertex 24.663416 5.631329 10.039371
vertex 24.663416 5.610576 10.039371
endloop
endfacet
facet normal 0 0 0
outer loop
vertex 24.704369 5.610576 10.039371
vertex 24.704369 5.631329 10.039371
vertex 24.683893 5.610576 10.039371
endloop
endfacet
facet normal 0 0 0
outer loop
vertex 24.704369 5.631329 10.039371
vertex 24.683893 5.631329 10.039371
vertex 24.683893 5.610576 10.039371
endloop
endfacet
facet normal 0 0 0
outer loop
vertex 24.724844 5.610576 10.039371
vertex 24.724844 5.631329 10.039371
vertex 24.704369 5.610576 10.039371
endloop
endfacet
facet normal 0 0 0
outer loop
vertex 24.724844 5.631329 10.039371
vertex 24.704369 5.631329 10.039371
vertex 24.704369 5.610576 10.039371
endloop
endfacet
facet normal 0 0 0
outer loop
vertex 24.745319 5.610576 10.039371
vertex 24.745319 5.631329 10.039371
vertex 24.724844 5.610576 10.039371
endloop
endfacet
facet normal 0 0 0
outer loop
vertex 24.745319 5.631329 10.039371
vertex 24.724844 5.631329 10.039371
vertex 24.724844 5.610576 10.039371
endloop
endfacet
facet normal 0 0 0
outer loop
vertex 24.683893 5.631329 10.039371
vertex 24.683893 5.652082 10.039371
vertex 24.663416 5.631329 10.039371
endloop
endfacet
facet normal 0 0 0
outer loop
vertex 24.683893 5.652082 10.039371
vertex 24.663416 5.652082 10.039371
vertex 24.663416 5.631329 10.039371
endloop
endfacet
facet normal 0 0 0
outer loop
vertex 24.704369 5.631329 10.039371
vertex 24.704369 5.652082 10.039371
vertex 24.683893 5.631329 10.039371
endloop
endfacet
facet normal 0 0 0
outer loop
vertex 24.704369 5.652082 10.039371
vertex 24.683893 5.652082 10.039371
vertex 24.683893 5.631329 10.039371
endloop
endfacet
facet normal 0 0 0
outer loop
vertex 24.724844 5.631329 10.039371
vertex 24.724844 5.652082 10.039371
vertex 24.704369 5.631329 10.039371
endloop
endfacet
facet normal 0 0 0
outer loop
vertex 24.724844 5.652082 10.039371
vertex 24.704369 5.652082 10.039371
vertex 24.704369 5.631329 10.039371
endloop
endfacet
facet normal 0 0 0
outer loop
vertex 24.745319 5.631329 10.039371
vertex 24.745319 5.652082 10.039371
vertex 24.724844 5.631329 10.039371
endloop
endfacet
facet normal 0 0 0
outer loop
vertex 24.745319 5.652082 10.039371
vertex 24.724844 5.652082 10.039371
vertex 24.724844 5.631329 10.039371
endloop
endfacet
facet normal 0 0 0
outer loop
vertex 24.704369 5.672835 10.039371
vertex 24.683893 5.652082 10.039371
vertex 24.704369 5.652082 10.039371
endloop
endfacet
facet normal 0 0 0
outer loop
vertex 24.724844 5.652082 10.039371
vertex 24.704369 5.672835 10.039371
vertex 24.704369 5.652082 10.039371
endloop
endfacet
endsolid B-16-Plag.218
