solid B-16-Plag.223
facet normal 0 0 0
outer loop
vertex 11.436050 0.090192 9.659372
vertex 11.415575 0.110945 9.659372
vertex 11.436050 0.110945 9.659372
endloop
endfacet
facet normal 0 0 0
outer loop
vertex 11.456526 0.090192 9.659372
vertex 11.436050 0.090192 9.659372
vertex 11.456526 0.110945 9.659372
endloop
endfacet
facet normal 0 0 0
outer loop
vertex 11.456526 0.110945 9.659372
vertex 11.436050 0.090192 9.659372
vertex 11.436050 0.110945 9.659372
endloop
endfacet
facet normal 0 0 0
outer loop
vertex 11.477001 0.090192 9.659372
vertex 11.456526 0.090192 9.659372
vertex 11.477001 0.110945 9.659372
endloop
endfacet
facet normal 0 0 0
outer loop
vertex 11.477001 0.110945 9.659372
vertex 11.456526 0.090192 9.659372
vertex 11.456526 0.110945 9.659372
endloop
endfacet
facet normal 0 0 0
outer loop
vertex 11.497478 0.090192 9.659372
vertex 11.477001 0.090192 9.659372
vertex 11.497478 0.110945 9.659372
endloop
endfacet
facet normal 0 0 0
outer loop
vertex 11.497478 0.110945 9.659372
vertex 11.477001 0.090192 9.659372
vertex 11.477001 0.110945 9.659372
endloop
endfacet
facet normal 0 0 0
outer loop
vertex 11.517954 0.090192 9.659372
vertex 11.497478 0.090192 9.659372
vertex 11.517954 0.110945 9.659372
endloop
endfacet
facet normal 0 0 0
outer loop
vertex 11.517954 0.110945 9.659372
vertex 11.497478 0.090192 9.659372
vertex 11.497478 0.110945 9.659372
endloop
endfacet
facet normal 0 0 0
outer loop
vertex 11.538429 0.110945 9.659372
vertex 11.517954 0.090192 9.659372
vertex 11.517954 0.110945 9.659372
endloop
endfacet
facet normal 0 0 0
outer loop
vertex 11.395100 0.110945 9.659372
vertex 11.374622 0.110945 9.659372
vertex 11.395100 0.131699 9.659372
endloop
endfacet
facet normal 0 0 0
outer loop
vertex 11.395100 0.131699 9.659372
vertex 11.374622 0.110945 9.659372
vertex 11.374622 0.131699 9.659372
endloop
endfacet
facet normal 0 0 0
outer loop
vertex 11.415575 0.110945 9.659372
vertex 11.395100 0.110945 9.659372
vertex 11.415575 0.131699 9.659372
endloop
endfacet
facet normal 0 0 0
outer loop
vertex 11.415575 0.131699 9.659372
vertex 11.395100 0.110945 9.659372
vertex 11.395100 0.131699 9.659372
endloop
endfacet
facet normal 0 0 0
outer loop
vertex 11.436050 0.110945 9.659372
vertex 11.415575 0.110945 9.659372
vertex 11.436050 0.131699 9.659372
endloop
endfacet
facet normal 0 0 0
outer loop
vertex 11.436050 0.131699 9.659372
vertex 11.415575 0.110945 9.659372
vertex 11.415575 0.131699 9.659372
endloop
endfacet
facet normal 0 0 0
outer loop
vertex 11.456526 0.110945 9.659372
vertex 11.436050 0.110945 9.659372
vertex 11.456526 0.131699 9.659372
endloop
endfacet
facet normal 0 0 0
outer loop
vertex 11.456526 0.131699 9.659372
vertex 11.436050 0.110945 9.659372
vertex 11.436050 0.131699 9.659372
endloop
endfacet
facet normal 0 0 0
outer loop
vertex 11.477001 0.110945 9.659372
vertex 11.456526 0.110945 9.659372
vertex 11.477001 0.131699 9.659372
endloop
endfacet
facet normal 0 0 0
outer loop
vertex 11.477001 0.131699 9.659372
vertex 11.456526 0.110945 9.659372
vertex 11.456526 0.131699 9.659372
endloop
endfacet
facet normal 0 0 0
outer loop
vertex 11.497478 0.110945 9.659372
vertex 11.477001 0.110945 9.659372
vertex 11.497478 0.131699 9.659372
endloop
endfacet
facet normal 0 0 0
outer loop
vertex 11.497478 0.131699 9.659372
vertex 11.477001 0.110945 9.659372
vertex 11.477001 0.131699 9.659372
endloop
endfacet
facet normal 0 0 0
outer loop
vertex 11.517954 0.110945 9.659372
vertex 11.497478 0.110945 9.659372
vertex 11.517954 0.131699 9.659372
endloop
endfacet
facet normal 0 0 0
outer loop
vertex 11.517954 0.131699 9.659372
vertex 11.497478 0.110945 9.659372
vertex 11.497478 0.131699 9.659372
endloop
endfacet
facet normal 0 0 0
outer loop
vertex 11.538429 0.110945 9.659372
vertex 11.517954 0.110945 9.659372
vertex 11.538429 0.131699 9.659372
endloop
endfacet
facet normal 0 0 0
outer loop
vertex 11.538429 0.131699 9.659372
vertex 11.517954 0.110945 9.659372
vertex 11.517954 0.131699 9.659372
endloop
endfacet
facet normal 0 0 0
outer loop
vertex 11.558905 0.110945 9.659372
vertex 11.538429 0.110945 9.659372
vertex 11.558905 0.131699 9.659372
endloop
endfacet
facet normal 0 0 0
outer loop
vertex 11.558905 0.131699 9.659372
vertex 11.538429 0.110945 9.659372
vertex 11.538429 0.131699 9.659372
endloop
endfacet
facet normal 0 0 0
outer loop
vertex 11.579380 0.131699 9.659372
vertex 11.558905 0.110945 9.659372
vertex 11.558905 0.131699 9.659372
endloop
endfacet
facet normal 0 0 0
outer loop
vertex 11.374622 0.131699 9.659372
vertex 11.354147 0.152452 9.659372
vertex 11.374622 0.152452 9.659372
endloop
endfacet
facet normal 0 0 0
outer loop
vertex 11.395100 0.131699 9.659372
vertex 11.374622 0.131699 9.659372
vertex 11.395100 0.152452 9.659372
endloop
endfacet
facet normal 0 0 0
outer loop
vertex 11.395100 0.152452 9.659372
vertex 11.374622 0.131699 9.659372
vertex 11.374622 0.152452 9.659372
endloop
endfacet
facet normal 0 0 0
outer loop
vertex 11.415575 0.131699 9.659372
vertex 11.395100 0.131699 9.659372
vertex 11.415575 0.152452 9.659372
endloop
endfacet
facet normal 0 0 0
outer loop
vertex 11.415575 0.152452 9.659372
vertex 11.395100 0.131699 9.659372
vertex 11.395100 0.152452 9.659372
endloop
endfacet
facet normal 0 0 0
outer loop
vertex 11.436050 0.131699 9.659372
vertex 11.415575 0.131699 9.659372
vertex 11.436050 0.152452 9.659372
endloop
endfacet
facet normal 0 0 0
outer loop
vertex 11.436050 0.152452 9.659372
vertex 11.415575 0.131699 9.659372
vertex 11.415575 0.152452 9.659372
endloop
endfacet
facet normal 0 0 0
outer loop
vertex 11.456526 0.131699 9.659372
vertex 11.436050 0.131699 9.659372
vertex 11.456526 0.152452 9.659372
endloop
endfacet
facet normal 0 0 0
outer loop
vertex 11.456526 0.152452 9.659372
vertex 11.436050 0.131699 9.659372
vertex 11.436050 0.152452 9.659372
endloop
endfacet
facet normal 0 0 0
outer loop
vertex 11.477001 0.131699 9.659372
vertex 11.456526 0.131699 9.659372
vertex 11.477001 0.152452 9.659372
endloop
endfacet
facet normal 0 0 0
outer loop
vertex 11.477001 0.152452 9.659372
vertex 11.456526 0.131699 9.659372
vertex 11.456526 0.152452 9.659372
endloop
endfacet
facet normal 0 0 0
outer loop
vertex 11.497478 0.131699 9.659372
vertex 11.477001 0.131699 9.659372
vertex 11.497478 0.152452 9.659372
endloop
endfacet
facet normal 0 0 0
outer loop
vertex 11.497478 0.152452 9.659372
vertex 11.477001 0.131699 9.659372
vertex 11.477001 0.152452 9.659372
endloop
endfacet
facet normal 0 0 0
outer loop
vertex 11.517954 0.131699 9.659372
vertex 11.497478 0.131699 9.659372
vertex 11.517954 0.152452 9.659372
endloop
endfacet
facet normal 0 0 0
outer loop
vertex 11.517954 0.152452 9.659372
vertex 11.497478 0.131699 9.659372
vertex 11.497478 0.152452 9.659372
endloop
endfacet
facet normal 0 0 0
outer loop
vertex 11.538429 0.131699 9.659372
vertex 11.517954 0.131699 9.659372
vertex 11.538429 0.152452 9.659372
endloop
endfacet
facet normal 0 0 0
outer loop
vertex 11.538429 0.152452 9.659372
vertex 11.517954 0.131699 9.659372
vertex 11.517954 0.152452 9.659372
endloop
endfacet
facet normal 0 0 0
outer loop
vertex 11.558905 0.131699 9.659372
vertex 11.538429 0.131699 9.659372
vertex 11.558905 0.152452 9.659372
endloop
endfacet
facet normal 0 0 0
outer loop
vertex 11.558905 0.152452 9.659372
vertex 11.538429 0.131699 9.659372
vertex 11.538429 0.152452 9.659372
endloop
endfacet
facet normal 0 0 0
outer loop
vertex 11.579380 0.131699 9.659372
vertex 11.558905 0.131699 9.659372
vertex 11.579380 0.152452 9.659372
endloop
endfacet
facet normal 0 0 0
outer loop
vertex 11.579380 0.152452 9.659372
vertex 11.558905 0.131699 9.659372
vertex 11.558905 0.152452 9.659372
endloop
endfacet
facet normal 0 0 0
outer loop
vertex 11.599857 0.152452 9.659372
vertex 11.579380 0.131699 9.659372
vertex 11.579380 0.152452 9.659372
endloop
endfacet
facet normal 0 0 0
outer loop
vertex 11.374622 0.152452 9.659372
vertex 11.354147 0.152452 9.659372
vertex 11.374622 0.173205 9.659372
endloop
endfacet
facet normal 0 0 0
outer loop
vertex 11.374622 0.173205 9.659372
vertex 11.354147 0.152452 9.659372
vertex 11.354147 0.173205 9.659372
endloop
endfacet
facet normal 0 0 0
outer loop
vertex 11.395100 0.152452 9.659372
vertex 11.374622 0.152452 9.659372
vertex 11.395100 0.173205 9.659372
endloop
endfacet
facet normal 0 0 0
outer loop
vertex 11.395100 0.173205 9.659372
vertex 11.374622 0.152452 9.659372
vertex 11.374622 0.173205 9.659372
endloop
endfacet
facet normal 0 0 0
outer loop
vertex 11.415575 0.152452 9.659372
vertex 11.395100 0.152452 9.659372
vertex 11.415575 0.173205 9.659372
endloop
endfacet
facet normal 0 0 0
outer loop
vertex 11.415575 0.173205 9.659372
vertex 11.395100 0.152452 9.659372
vertex 11.395100 0.173205 9.659372
endloop
endfacet
facet normal 0 0 0
outer loop
vertex 11.436050 0.152452 9.659372
vertex 11.415575 0.152452 9.659372
vertex 11.436050 0.173205 9.659372
endloop
endfacet
facet normal 0 0 0
outer loop
vertex 11.436050 0.173205 9.659372
vertex 11.415575 0.152452 9.659372
vertex 11.415575 0.173205 9.659372
endloop
endfacet
facet normal 0 0 0
outer loop
vertex 11.456526 0.152452 9.659372
vertex 11.436050 0.152452 9.659372
vertex 11.456526 0.173205 9.659372
endloop
endfacet
facet normal 0 0 0
outer loop
vertex 11.456526 0.173205 9.659372
vertex 11.436050 0.152452 9.659372
vertex 11.436050 0.173205 9.659372
endloop
endfacet
facet normal 0 0 0
outer loop
vertex 11.477001 0.152452 9.659372
vertex 11.456526 0.152452 9.659372
vertex 11.477001 0.173205 9.659372
endloop
endfacet
facet normal 0 0 0
outer loop
vertex 11.477001 0.173205 9.659372
vertex 11.456526 0.152452 9.659372
vertex 11.456526 0.173205 9.659372
endloop
endfacet
facet normal 0 0 0
outer loop
vertex 11.497478 0.152452 9.659372
vertex 11.477001 0.152452 9.659372
vertex 11.497478 0.173205 9.659372
endloop
endfacet
facet normal 0 0 0
outer loop
vertex 11.497478 0.173205 9.659372
vertex 11.477001 0.152452 9.659372
vertex 11.477001 0.173205 9.659372
endloop
endfacet
facet normal 0 0 0
outer loop
vertex 11.517954 0.152452 9.659372
vertex 11.497478 0.152452 9.659372
vertex 11.517954 0.173205 9.659372
endloop
endfacet
facet normal 0 0 0
outer loop
vertex 11.517954 0.173205 9.659372
vertex 11.497478 0.152452 9.659372
vertex 11.497478 0.173205 9.659372
endloop
endfacet
facet normal 0 0 0
outer loop
vertex 11.538429 0.152452 9.659372
vertex 11.517954 0.152452 9.659372
vertex 11.538429 0.173205 9.659372
endloop
endfacet
facet normal 0 0 0
outer loop
vertex 11.538429 0.173205 9.659372
vertex 11.517954 0.152452 9.659372
vertex 11.517954 0.173205 9.659372
endloop
endfacet
facet normal 0 0 0
outer loop
vertex 11.558905 0.152452 9.659372
vertex 11.538429 0.152452 9.659372
vertex 11.558905 0.173205 9.659372
endloop
endfacet
facet normal 0 0 0
outer loop
vertex 11.558905 0.173205 9.659372
vertex 11.538429 0.152452 9.659372
vertex 11.538429 0.173205 9.659372
endloop
endfacet
facet normal 0 0 0
outer loop
vertex 11.579380 0.152452 9.659372
vertex 11.558905 0.152452 9.659372
vertex 11.579380 0.173205 9.659372
endloop
endfacet
facet normal 0 0 0
outer loop
vertex 11.579380 0.173205 9.659372
vertex 11.558905 0.152452 9.659372
vertex 11.558905 0.173205 9.659372
endloop
endfacet
facet normal 0 0 0
outer loop
vertex 11.599857 0.152452 9.659372
vertex 11.579380 0.152452 9.659372
vertex 11.599857 0.173205 9.659372
endloop
endfacet
facet normal 0 0 0
outer loop
vertex 11.599857 0.173205 9.659372
vertex 11.579380 0.152452 9.659372
vertex 11.579380 0.173205 9.659372
endloop
endfacet
facet normal 0 0 0
outer loop
vertex 11.374622 0.173205 9.659372
vertex 11.354147 0.173205 9.659372
vertex 11.374622 0.193959 9.659372
endloop
endfacet
facet normal 0 0 0
outer loop
vertex 11.374622 0.193959 9.659372
vertex 11.354147 0.173205 9.659372
vertex 11.354147 0.193959 9.659372
endloop
endfacet
facet normal 0 0 0
outer loop
vertex 11.395100 0.173205 9.659372
vertex 11.374622 0.173205 9.659372
vertex 11.395100 0.193959 9.659372
endloop
endfacet
facet normal 0 0 0
outer loop
vertex 11.395100 0.193959 9.659372
vertex 11.374622 0.173205 9.659372
vertex 11.374622 0.193959 9.659372
endloop
endfacet
facet normal 0 0 0
outer loop
vertex 11.415575 0.173205 9.659372
vertex 11.395100 0.173205 9.659372
vertex 11.415575 0.193959 9.659372
endloop
endfacet
facet normal 0 0 0
outer loop
vertex 11.415575 0.193959 9.659372
vertex 11.395100 0.173205 9.659372
vertex 11.395100 0.193959 9.659372
endloop
endfacet
facet normal 0 0 0
outer loop
vertex 11.436050 0.173205 9.659372
vertex 11.415575 0.173205 9.659372
vertex 11.436050 0.193959 9.659372
endloop
endfacet
facet normal 0 0 0
outer loop
vertex 11.436050 0.193959 9.659372
vertex 11.415575 0.173205 9.659372
vertex 11.415575 0.193959 9.659372
endloop
endfacet
facet normal 0 0 0
outer loop
vertex 11.456526 0.173205 9.659372
vertex 11.436050 0.173205 9.659372
vertex 11.456526 0.193959 9.659372
endloop
endfacet
facet normal 0 0 0
outer loop
vertex 11.456526 0.193959 9.659372
vertex 11.436050 0.173205 9.659372
vertex 11.436050 0.193959 9.659372
endloop
endfacet
facet normal 0 0 0
outer loop
vertex 11.477001 0.173205 9.659372
vertex 11.456526 0.173205 9.659372
vertex 11.477001 0.193959 9.659372
endloop
endfacet
facet normal 0 0 0
outer loop
vertex 11.477001 0.193959 9.659372
vertex 11.456526 0.173205 9.659372
vertex 11.456526 0.193959 9.659372
endloop
endfacet
facet normal 0 0 0
outer loop
vertex 11.497478 0.173205 9.659372
vertex 11.477001 0.173205 9.659372
vertex 11.497478 0.193959 9.659372
endloop
endfacet
facet normal 0 0 0
outer loop
vertex 11.497478 0.193959 9.659372
vertex 11.477001 0.173205 9.659372
vertex 11.477001 0.193959 9.659372
endloop
endfacet
facet normal 0 0 0
outer loop
vertex 11.517954 0.173205 9.659372
vertex 11.497478 0.173205 9.659372
vertex 11.517954 0.193959 9.659372
endloop
endfacet
facet normal 0 0 0
outer loop
vertex 11.517954 0.193959 9.659372
vertex 11.497478 0.173205 9.659372
vertex 11.497478 0.193959 9.659372
endloop
endfacet
facet normal 0 0 0
outer loop
vertex 11.538429 0.173205 9.659372
vertex 11.517954 0.173205 9.659372
vertex 11.538429 0.193959 9.659372
endloop
endfacet
facet normal 0 0 0
outer loop
vertex 11.538429 0.193959 9.659372
vertex 11.517954 0.173205 9.659372
vertex 11.517954 0.193959 9.659372
endloop
endfacet
facet normal 0 0 0
outer loop
vertex 11.558905 0.173205 9.659372
vertex 11.538429 0.173205 9.659372
vertex 11.558905 0.193959 9.659372
endloop
endfacet
facet normal 0 0 0
outer loop
vertex 11.558905 0.193959 9.659372
vertex 11.538429 0.173205 9.659372
vertex 11.538429 0.193959 9.659372
endloop
endfacet
facet normal 0 0 0
outer loop
vertex 11.579380 0.173205 9.659372
vertex 11.558905 0.173205 9.659372
vertex 11.579380 0.193959 9.659372
endloop
endfacet
facet normal 0 0 0
outer loop
vertex 11.579380 0.193959 9.659372
vertex 11.558905 0.173205 9.659372
vertex 11.558905 0.193959 9.659372
endloop
endfacet
facet normal 0 0 0
outer loop
vertex 11.599857 0.173205 9.659372
vertex 11.579380 0.173205 9.659372
vertex 11.599857 0.193959 9.659372
endloop
endfacet
facet normal 0 0 0
outer loop
vertex 11.599857 0.193959 9.659372
vertex 11.579380 0.173205 9.659372
vertex 11.579380 0.193959 9.659372
endloop
endfacet
facet normal 0 0 0
outer loop
vertex 11.354147 0.193959 9.659372
vertex 11.374622 0.214712 9.659372
vertex 11.374622 0.193959 9.659372
endloop
endfacet
facet normal 0 0 0
outer loop
vertex 11.395100 0.193959 9.659372
vertex 11.374622 0.193959 9.659372
vertex 11.395100 0.214712 9.659372
endloop
endfacet
facet normal 0 0 0
outer loop
vertex 11.395100 0.214712 9.659372
vertex 11.374622 0.193959 9.659372
vertex 11.374622 0.214712 9.659372
endloop
endfacet
facet normal 0 0 0
outer loop
vertex 11.415575 0.193959 9.659372
vertex 11.395100 0.193959 9.659372
vertex 11.415575 0.214712 9.659372
endloop
endfacet
facet normal 0 0 0
outer loop
vertex 11.415575 0.214712 9.659372
vertex 11.395100 0.193959 9.659372
vertex 11.395100 0.214712 9.659372
endloop
endfacet
facet normal 0 0 0
outer loop
vertex 11.436050 0.193959 9.659372
vertex 11.415575 0.193959 9.659372
vertex 11.436050 0.214712 9.659372
endloop
endfacet
facet normal 0 0 0
outer loop
vertex 11.436050 0.214712 9.659372
vertex 11.415575 0.193959 9.659372
vertex 11.415575 0.214712 9.659372
endloop
endfacet
facet normal 0 0 0
outer loop
vertex 11.456526 0.193959 9.659372
vertex 11.436050 0.193959 9.659372
vertex 11.456526 0.214712 9.659372
endloop
endfacet
facet normal 0 0 0
outer loop
vertex 11.456526 0.214712 9.659372
vertex 11.436050 0.193959 9.659372
vertex 11.436050 0.214712 9.659372
endloop
endfacet
facet normal 0 0 0
outer loop
vertex 11.477001 0.193959 9.659372
vertex 11.456526 0.193959 9.659372
vertex 11.477001 0.214712 9.659372
endloop
endfacet
facet normal 0 0 0
outer loop
vertex 11.477001 0.214712 9.659372
vertex 11.456526 0.193959 9.659372
vertex 11.456526 0.214712 9.659372
endloop
endfacet
facet normal 0 0 0
outer loop
vertex 11.497478 0.193959 9.659372
vertex 11.477001 0.193959 9.659372
vertex 11.497478 0.214712 9.659372
endloop
endfacet
facet normal 0 0 0
outer loop
vertex 11.497478 0.214712 9.659372
vertex 11.477001 0.193959 9.659372
vertex 11.477001 0.214712 9.659372
endloop
endfacet
facet normal 0 0 0
outer loop
vertex 11.517954 0.193959 9.659372
vertex 11.497478 0.193959 9.659372
vertex 11.517954 0.214712 9.659372
endloop
endfacet
facet normal 0 0 0
outer loop
vertex 11.517954 0.214712 9.659372
vertex 11.497478 0.193959 9.659372
vertex 11.497478 0.214712 9.659372
endloop
endfacet
facet normal 0 0 0
outer loop
vertex 11.538429 0.193959 9.659372
vertex 11.517954 0.193959 9.659372
vertex 11.538429 0.214712 9.659372
endloop
endfacet
facet normal 0 0 0
outer loop
vertex 11.538429 0.214712 9.659372
vertex 11.517954 0.193959 9.659372
vertex 11.517954 0.214712 9.659372
endloop
endfacet
facet normal 0 0 0
outer loop
vertex 11.558905 0.193959 9.659372
vertex 11.538429 0.193959 9.659372
vertex 11.558905 0.214712 9.659372
endloop
endfacet
facet normal 0 0 0
outer loop
vertex 11.558905 0.214712 9.659372
vertex 11.538429 0.193959 9.659372
vertex 11.538429 0.214712 9.659372
endloop
endfacet
facet normal 0 0 0
outer loop
vertex 11.579380 0.193959 9.659372
vertex 11.558905 0.193959 9.659372
vertex 11.579380 0.214712 9.659372
endloop
endfacet
facet normal 0 0 0
outer loop
vertex 11.579380 0.214712 9.659372
vertex 11.558905 0.193959 9.659372
vertex 11.558905 0.214712 9.659372
endloop
endfacet
facet normal 0 0 0
outer loop
vertex 11.579380 0.214712 9.659372
vertex 11.599857 0.193959 9.659372
vertex 11.579380 0.193959 9.659372
endloop
endfacet
facet normal 0 0 0
outer loop
vertex 11.436050 0.214712 9.659372
vertex 11.456526 0.235465 9.659372
vertex 11.456526 0.214712 9.659372
endloop
endfacet
facet normal 0 0 0
outer loop
vertex 11.477001 0.214712 9.659372
vertex 11.456526 0.214712 9.659372
vertex 11.477001 0.235465 9.659372
endloop
endfacet
facet normal 0 0 0
outer loop
vertex 11.477001 0.235465 9.659372
vertex 11.456526 0.214712 9.659372
vertex 11.456526 0.235465 9.659372
endloop
endfacet
facet normal 0 0 0
outer loop
vertex 11.497478 0.214712 9.659372
vertex 11.477001 0.214712 9.659372
vertex 11.497478 0.235465 9.659372
endloop
endfacet
facet normal 0 0 0
outer loop
vertex 11.497478 0.235465 9.659372
vertex 11.477001 0.214712 9.659372
vertex 11.477001 0.235465 9.659372
endloop
endfacet
facet normal 0 0 0
outer loop
vertex 11.517954 0.214712 9.659372
vertex 11.497478 0.214712 9.659372
vertex 11.517954 0.235465 9.659372
endloop
endfacet
facet normal 0 0 0
outer loop
vertex 11.517954 0.235465 9.659372
vertex 11.497478 0.214712 9.659372
vertex 11.497478 0.235465 9.659372
endloop
endfacet
facet normal 0 0 0
outer loop
vertex 11.517954 0.235465 9.659372
vertex 11.538429 0.214712 9.659372
vertex 11.517954 0.214712 9.659372
endloop
endfacet
facet normal 0 0 0
outer loop
vertex 11.415575 0.048685 9.679372
vertex 11.395100 0.069439 9.679372
vertex 11.415575 0.069439 9.679372
endloop
endfacet
facet normal 0 0 0
outer loop
vertex 11.436050 0.048685 9.679372
vertex 11.415575 0.048685 9.679372
vertex 11.436050 0.069439 9.679372
endloop
endfacet
facet normal 0 0 0
outer loop
vertex 11.436050 0.069439 9.679372
vertex 11.415575 0.048685 9.679372
vertex 11.415575 0.069439 9.679372
endloop
endfacet
facet normal 0 0 0
outer loop
vertex 11.456526 0.048685 9.679372
vertex 11.436050 0.048685 9.679372
vertex 11.456526 0.069439 9.679372
endloop
endfacet
facet normal 0 0 0
outer loop
vertex 11.456526 0.069439 9.679372
vertex 11.436050 0.048685 9.679372
vertex 11.436050 0.069439 9.679372
endloop
endfacet
facet normal 0 0 0
outer loop
vertex 11.477001 0.048685 9.679372
vertex 11.456526 0.048685 9.679372
vertex 11.477001 0.069439 9.679372
endloop
endfacet
facet normal 0 0 0
outer loop
vertex 11.477001 0.069439 9.679372
vertex 11.456526 0.048685 9.679372
vertex 11.456526 0.069439 9.679372
endloop
endfacet
facet normal 0 0 0
outer loop
vertex 11.497478 0.069439 9.679372
vertex 11.477001 0.048685 9.679372
vertex 11.477001 0.069439 9.679372
endloop
endfacet
facet normal 0 0 0
outer loop
vertex 11.374622 0.069439 9.679372
vertex 11.354147 0.090192 9.679372
vertex 11.374622 0.090192 9.679372
endloop
endfacet
facet normal 0 0 0
outer loop
vertex 11.395100 0.069439 9.679372
vertex 11.374622 0.069439 9.679372
vertex 11.395100 0.090192 9.679372
endloop
endfacet
facet normal 0 0 0
outer loop
vertex 11.395100 0.090192 9.679372
vertex 11.374622 0.069439 9.679372
vertex 11.374622 0.090192 9.679372
endloop
endfacet
facet normal 0 0 0
outer loop
vertex 11.415575 0.069439 9.679372
vertex 11.395100 0.069439 9.679372
vertex 11.415575 0.090192 9.679372
endloop
endfacet
facet normal 0 0 0
outer loop
vertex 11.415575 0.090192 9.679372
vertex 11.395100 0.069439 9.679372
vertex 11.395100 0.090192 9.679372
endloop
endfacet
facet normal 0 0 0
outer loop
vertex 11.436050 0.090192 9.659372
vertex 11.436050 0.069439 9.679372
vertex 11.415575 0.090192 9.679372
endloop
endfacet
facet normal 0 0 0
outer loop
vertex 11.436050 0.069439 9.679372
vertex 11.415575 0.069439 9.679372
vertex 11.415575 0.090192 9.679372
endloop
endfacet
facet normal 0 0 0
outer loop
vertex 11.456526 0.090192 9.659372
vertex 11.436050 0.069439 9.679372
vertex 11.436050 0.090192 9.659372
endloop
endfacet
facet normal 0 0 0
outer loop
vertex 11.456526 0.069439 9.679372
vertex 11.436050 0.069439 9.679372
vertex 11.456526 0.090192 9.659372
endloop
endfacet
facet normal 0 0 0
outer loop
vertex 11.477001 0.090192 9.659372
vertex 11.456526 0.069439 9.679372
vertex 11.456526 0.090192 9.659372
endloop
endfacet
facet normal 0 0 0
outer loop
vertex 11.477001 0.069439 9.679372
vertex 11.456526 0.069439 9.679372
vertex 11.477001 0.090192 9.659372
endloop
endfacet
facet normal 0 0 0
outer loop
vertex 11.497478 0.090192 9.659372
vertex 11.477001 0.069439 9.679372
vertex 11.477001 0.090192 9.659372
endloop
endfacet
facet normal 0 0 0
outer loop
vertex 11.497478 0.069439 9.679372
vertex 11.477001 0.069439 9.679372
vertex 11.497478 0.090192 9.659372
endloop
endfacet
facet normal 0 0 0
outer loop
vertex 11.517954 0.090192 9.659372
vertex 11.497478 0.069439 9.679372
vertex 11.497478 0.090192 9.659372
endloop
endfacet
facet normal 0 0 0
outer loop
vertex 11.517954 0.069439 9.679372
vertex 11.497478 0.069439 9.679372
vertex 11.517954 0.090192 9.659372
endloop
endfacet
facet normal 0 0 0
outer loop
vertex 11.517954 0.090192 9.659372
vertex 11.538429 0.090192 9.679372
vertex 11.517954 0.069439 9.679372
endloop
endfacet
facet normal 0 0 0
outer loop
vertex 11.538429 0.090192 9.679372
vertex 11.538429 0.069439 9.679372
vertex 11.517954 0.069439 9.679372
endloop
endfacet
facet normal 0 0 0
outer loop
vertex 11.558905 0.090192 9.679372
vertex 11.538429 0.069439 9.679372
vertex 11.538429 0.090192 9.679372
endloop
endfacet
facet normal 0 0 0
outer loop
vertex 11.333672 0.090192 9.679372
vertex 11.313196 0.110945 9.679372
vertex 11.333672 0.110945 9.679372
endloop
endfacet
facet normal 0 0 0
outer loop
vertex 11.354147 0.090192 9.679372
vertex 11.333672 0.090192 9.679372
vertex 11.354147 0.110945 9.679372
endloop
endfacet
facet normal 0 0 0
outer loop
vertex 11.354147 0.110945 9.679372
vertex 11.333672 0.090192 9.679372
vertex 11.333672 0.110945 9.679372
endloop
endfacet
facet normal 0 0 0
outer loop
vertex 11.374622 0.110945 9.659372
vertex 11.374622 0.090192 9.679372
vertex 11.354147 0.110945 9.679372
endloop
endfacet
facet normal 0 0 0
outer loop
vertex 11.374622 0.090192 9.679372
vertex 11.354147 0.090192 9.679372
vertex 11.354147 0.110945 9.679372
endloop
endfacet
facet normal 0 0 0
outer loop
vertex 11.395100 0.110945 9.659372
vertex 11.374622 0.090192 9.679372
vertex 11.374622 0.110945 9.659372
endloop
endfacet
facet normal 0 0 0
outer loop
vertex 11.395100 0.090192 9.679372
vertex 11.374622 0.090192 9.679372
vertex 11.395100 0.110945 9.659372
endloop
endfacet
facet normal 0 0 0
outer loop
vertex 11.415575 0.110945 9.659372
vertex 11.395100 0.090192 9.679372
vertex 11.395100 0.110945 9.659372
endloop
endfacet
facet normal 0 0 0
outer loop
vertex 11.415575 0.090192 9.679372
vertex 11.395100 0.090192 9.679372
vertex 11.415575 0.110945 9.659372
endloop
endfacet
facet normal 0 0 0
outer loop
vertex 11.436050 0.090192 9.659372
vertex 11.415575 0.090192 9.679372
vertex 11.415575 0.110945 9.659372
endloop
endfacet
facet normal 0 0 0
outer loop
vertex 11.517954 0.090192 9.659372
vertex 11.538429 0.110945 9.659372
vertex 11.538429 0.090192 9.679372
endloop
endfacet
facet normal 0 0 0
outer loop
vertex 11.558905 0.110945 9.659372
vertex 11.538429 0.090192 9.679372
vertex 11.538429 0.110945 9.659372
endloop
endfacet
facet normal 0 0 0
outer loop
vertex 11.558905 0.090192 9.679372
vertex 11.538429 0.090192 9.679372
vertex 11.558905 0.110945 9.659372
endloop
endfacet
facet normal 0 0 0
outer loop
vertex 11.558905 0.110945 9.659372
vertex 11.579380 0.110945 9.679372
vertex 11.558905 0.090192 9.679372
endloop
endfacet
facet normal 0 0 0
outer loop
vertex 11.579380 0.110945 9.679372
vertex 11.579380 0.090192 9.679372
vertex 11.558905 0.090192 9.679372
endloop
endfacet
facet normal 0 0 0
outer loop
vertex 11.599857 0.110945 9.679372
vertex 11.579380 0.090192 9.679372
vertex 11.579380 0.110945 9.679372
endloop
endfacet
facet normal 0 0 0
outer loop
vertex 11.333672 0.110945 9.679372
vertex 11.313196 0.110945 9.679372
vertex 11.333672 0.131699 9.679372
endloop
endfacet
facet normal 0 0 0
outer loop
vertex 11.333672 0.131699 9.679372
vertex 11.313196 0.110945 9.679372
vertex 11.313196 0.131699 9.679372
endloop
endfacet
facet normal 0 0 0
outer loop
vertex 11.354147 0.110945 9.679372
vertex 11.333672 0.110945 9.679372
vertex 11.354147 0.131699 9.679372
endloop
endfacet
facet normal 0 0 0
outer loop
vertex 11.354147 0.131699 9.679372
vertex 11.333672 0.110945 9.679372
vertex 11.333672 0.131699 9.679372
endloop
endfacet
facet normal 0 0 0
outer loop
vertex 11.374622 0.110945 9.659372
vertex 11.354147 0.131699 9.679372
vertex 11.374622 0.131699 9.659372
endloop
endfacet
facet normal 0 0 0
outer loop
vertex 11.354147 0.110945 9.679372
vertex 11.354147 0.131699 9.679372
vertex 11.374622 0.110945 9.659372
endloop
endfacet
facet normal 0 0 0
outer loop
vertex 11.558905 0.110945 9.659372
vertex 11.579380 0.131699 9.659372
vertex 11.579380 0.110945 9.679372
endloop
endfacet
facet normal 0 0 0
outer loop
vertex 11.579380 0.131699 9.659372
vertex 11.599857 0.131699 9.679372
vertex 11.579380 0.110945 9.679372
endloop
endfacet
facet normal 0 0 0
outer loop
vertex 11.599857 0.131699 9.679372
vertex 11.599857 0.110945 9.679372
vertex 11.579380 0.110945 9.679372
endloop
endfacet
facet normal 0 0 0
outer loop
vertex 11.313196 0.131699 9.679372
vertex 11.292719 0.152452 9.679372
vertex 11.313196 0.152452 9.679372
endloop
endfacet
facet normal 0 0 0
outer loop
vertex 11.333672 0.131699 9.679372
vertex 11.313196 0.131699 9.679372
vertex 11.333672 0.152452 9.679372
endloop
endfacet
facet normal 0 0 0
outer loop
vertex 11.333672 0.152452 9.679372
vertex 11.313196 0.131699 9.679372
vertex 11.313196 0.152452 9.679372
endloop
endfacet
facet normal 0 0 0
outer loop
vertex 11.354147 0.152452 9.659372
vertex 11.354147 0.131699 9.679372
vertex 11.333672 0.152452 9.679372
endloop
endfacet
facet normal 0 0 0
outer loop
vertex 11.354147 0.131699 9.679372
vertex 11.333672 0.131699 9.679372
vertex 11.333672 0.152452 9.679372
endloop
endfacet
facet normal 0 0 0
outer loop
vertex 11.374622 0.131699 9.659372
vertex 11.354147 0.131699 9.679372
vertex 11.354147 0.152452 9.659372
endloop
endfacet
facet normal 0 0 0
outer loop
vertex 11.579380 0.131699 9.659372
vertex 11.599857 0.152452 9.659372
vertex 11.599857 0.131699 9.679372
endloop
endfacet
facet normal 0 0 0
outer loop
vertex 11.599857 0.152452 9.659372
vertex 11.620333 0.152452 9.679372
vertex 11.599857 0.131699 9.679372
endloop
endfacet
facet normal 0 0 0
outer loop
vertex 11.292719 0.152452 9.679372
vertex 11.313196 0.173205 9.679372
vertex 11.313196 0.152452 9.679372
endloop
endfacet
facet normal 0 0 0
outer loop
vertex 11.333672 0.152452 9.679372
vertex 11.313196 0.152452 9.679372
vertex 11.333672 0.173205 9.679372
endloop
endfacet
facet normal 0 0 0
outer loop
vertex 11.333672 0.173205 9.679372
vertex 11.313196 0.152452 9.679372
vertex 11.313196 0.173205 9.679372
endloop
endfacet
facet normal 0 0 0
outer loop
vertex 11.354147 0.152452 9.659372
vertex 11.333672 0.173205 9.679372
vertex 11.354147 0.173205 9.659372
endloop
endfacet
facet normal 0 0 0
outer loop
vertex 11.333672 0.152452 9.679372
vertex 11.333672 0.173205 9.679372
vertex 11.354147 0.152452 9.659372
endloop
endfacet
facet normal 0 0 0
outer loop
vertex 11.620333 0.152452 9.679372
vertex 11.599857 0.173205 9.659372
vertex 11.620333 0.173205 9.679372
endloop
endfacet
facet normal 0 0 0
outer loop
vertex 11.599857 0.152452 9.659372
vertex 11.599857 0.173205 9.659372
vertex 11.620333 0.152452 9.679372
endloop
endfacet
facet normal 0 0 0
outer loop
vertex 11.313196 0.173205 9.679372
vertex 11.292719 0.193959 9.679372
vertex 11.313196 0.193959 9.679372
endloop
endfacet
facet normal 0 0 0
outer loop
vertex 11.333672 0.173205 9.679372
vertex 11.313196 0.173205 9.679372
vertex 11.333672 0.193959 9.679372
endloop
endfacet
facet normal 0 0 0
outer loop
vertex 11.333672 0.193959 9.679372
vertex 11.313196 0.173205 9.679372
vertex 11.313196 0.193959 9.679372
endloop
endfacet
facet normal 0 0 0
outer loop
vertex 11.354147 0.173205 9.659372
vertex 11.333672 0.193959 9.679372
vertex 11.354147 0.193959 9.659372
endloop
endfacet
facet normal 0 0 0
outer loop
vertex 11.333672 0.173205 9.679372
vertex 11.333672 0.193959 9.679372
vertex 11.354147 0.173205 9.659372
endloop
endfacet
facet normal 0 0 0
outer loop
vertex 11.620333 0.173205 9.679372
vertex 11.599857 0.193959 9.659372
vertex 11.620333 0.193959 9.679372
endloop
endfacet
facet normal 0 0 0
outer loop
vertex 11.599857 0.173205 9.659372
vertex 11.599857 0.193959 9.659372
vertex 11.620333 0.173205 9.679372
endloop
endfacet
facet normal 0 0 0
outer loop
vertex 11.292719 0.193959 9.679372
vertex 11.313196 0.214712 9.679372
vertex 11.313196 0.193959 9.679372
endloop
endfacet
facet normal 0 0 0
outer loop
vertex 11.333672 0.193959 9.679372
vertex 11.313196 0.193959 9.679372
vertex 11.333672 0.214712 9.679372
endloop
endfacet
facet normal 0 0 0
outer loop
vertex 11.333672 0.214712 9.679372
vertex 11.313196 0.193959 9.679372
vertex 11.313196 0.214712 9.679372
endloop
endfacet
facet normal 0 0 0
outer loop
vertex 11.354147 0.193959 9.659372
vertex 11.333672 0.193959 9.679372
vertex 11.354147 0.214712 9.679372
endloop
endfacet
facet normal 0 0 0
outer loop
vertex 11.333672 0.193959 9.679372
vertex 11.333672 0.214712 9.679372
vertex 11.354147 0.214712 9.679372
endloop
endfacet
facet normal 0 0 0
outer loop
vertex 11.354147 0.193959 9.659372
vertex 11.354147 0.214712 9.679372
vertex 11.374622 0.214712 9.659372
endloop
endfacet
facet normal 0 0 0
outer loop
vertex 11.599857 0.193959 9.659372
vertex 11.579380 0.214712 9.659372
vertex 11.599857 0.214712 9.679372
endloop
endfacet
facet normal 0 0 0
outer loop
vertex 11.599857 0.193959 9.659372
vertex 11.599857 0.214712 9.679372
vertex 11.620333 0.193959 9.679372
endloop
endfacet
facet normal 0 0 0
outer loop
vertex 11.599857 0.214712 9.679372
vertex 11.620333 0.214712 9.679372
vertex 11.620333 0.193959 9.679372
endloop
endfacet
facet normal 0 0 0
outer loop
vertex 11.313196 0.214712 9.679372
vertex 11.333672 0.235465 9.679372
vertex 11.333672 0.214712 9.679372
endloop
endfacet
facet normal 0 0 0
outer loop
vertex 11.354147 0.214712 9.679372
vertex 11.333672 0.214712 9.679372
vertex 11.354147 0.235465 9.679372
endloop
endfacet
facet normal 0 0 0
outer loop
vertex 11.354147 0.235465 9.679372
vertex 11.333672 0.214712 9.679372
vertex 11.333672 0.235465 9.679372
endloop
endfacet
facet normal 0 0 0
outer loop
vertex 11.374622 0.214712 9.659372
vertex 11.354147 0.214712 9.679372
vertex 11.374622 0.235465 9.679372
endloop
endfacet
facet normal 0 0 0
outer loop
vertex 11.354147 0.214712 9.679372
vertex 11.354147 0.235465 9.679372
vertex 11.374622 0.235465 9.679372
endloop
endfacet
facet normal 0 0 0
outer loop
vertex 11.374622 0.214712 9.659372
vertex 11.395100 0.235465 9.679372
vertex 11.395100 0.214712 9.659372
endloop
endfacet
facet normal 0 0 0
outer loop
vertex 11.374622 0.235465 9.679372
vertex 11.395100 0.235465 9.679372
vertex 11.374622 0.214712 9.659372
endloop
endfacet
facet normal 0 0 0
outer loop
vertex 11.395100 0.214712 9.659372
vertex 11.415575 0.235465 9.679372
vertex 11.415575 0.214712 9.659372
endloop
endfacet
facet normal 0 0 0
outer loop
vertex 11.395100 0.235465 9.679372
vertex 11.415575 0.235465 9.679372
vertex 11.395100 0.214712 9.659372
endloop
endfacet
facet normal 0 0 0
outer loop
vertex 11.415575 0.214712 9.659372
vertex 11.436050 0.235465 9.679372
vertex 11.436050 0.214712 9.659372
endloop
endfacet
facet normal 0 0 0
outer loop
vertex 11.415575 0.235465 9.679372
vertex 11.436050 0.235465 9.679372
vertex 11.415575 0.214712 9.659372
endloop
endfacet
facet normal 0 0 0
outer loop
vertex 11.436050 0.214712 9.659372
vertex 11.436050 0.235465 9.679372
vertex 11.456526 0.235465 9.659372
endloop
endfacet
facet normal 0 0 0
outer loop
vertex 11.538429 0.214712 9.659372
vertex 11.517954 0.235465 9.659372
vertex 11.538429 0.235465 9.679372
endloop
endfacet
facet normal 0 0 0
outer loop
vertex 11.538429 0.214712 9.659372
vertex 11.558905 0.235465 9.679372
vertex 11.558905 0.214712 9.659372
endloop
endfacet
facet normal 0 0 0
outer loop
vertex 11.538429 0.235465 9.679372
vertex 11.558905 0.235465 9.679372
vertex 11.538429 0.214712 9.659372
endloop
endfacet
facet normal 0 0 0
outer loop
vertex 11.558905 0.214712 9.659372
vertex 11.579380 0.235465 9.679372
vertex 11.579380 0.214712 9.659372
endloop
endfacet
facet normal 0 0 0
outer loop
vertex 11.558905 0.235465 9.679372
vertex 11.579380 0.235465 9.679372
vertex 11.558905 0.214712 9.659372
endloop
endfacet
facet normal 0 0 0
outer loop
vertex 11.579380 0.214712 9.659372
vertex 11.579380 0.235465 9.679372
vertex 11.599857 0.214712 9.679372
endloop
endfacet
facet normal 0 0 0
outer loop
vertex 11.579380 0.235465 9.679372
vertex 11.599857 0.235465 9.679372
vertex 11.599857 0.214712 9.679372
endloop
endfacet
facet normal 0 0 0
outer loop
vertex 11.599857 0.235465 9.679372
vertex 11.620333 0.214712 9.679372
vertex 11.599857 0.214712 9.679372
endloop
endfacet
facet normal 0 0 0
outer loop
vertex 11.374622 0.235465 9.679372
vertex 11.395100 0.256219 9.679372
vertex 11.395100 0.235465 9.679372
endloop
endfacet
facet normal 0 0 0
outer loop
vertex 11.415575 0.235465 9.679372
vertex 11.395100 0.235465 9.679372
vertex 11.415575 0.256219 9.679372
endloop
endfacet
facet normal 0 0 0
outer loop
vertex 11.415575 0.256219 9.679372
vertex 11.395100 0.235465 9.679372
vertex 11.395100 0.256219 9.679372
endloop
endfacet
facet normal 0 0 0
outer loop
vertex 11.436050 0.235465 9.679372
vertex 11.415575 0.235465 9.679372
vertex 11.436050 0.256219 9.679372
endloop
endfacet
facet normal 0 0 0
outer loop
vertex 11.436050 0.256219 9.679372
vertex 11.415575 0.235465 9.679372
vertex 11.415575 0.256219 9.679372
endloop
endfacet
facet normal 0 0 0
outer loop
vertex 11.456526 0.235465 9.659372
vertex 11.436050 0.235465 9.679372
vertex 11.456526 0.256219 9.679372
endloop
endfacet
facet normal 0 0 0
outer loop
vertex 11.436050 0.235465 9.679372
vertex 11.436050 0.256219 9.679372
vertex 11.456526 0.256219 9.679372
endloop
endfacet
facet normal 0 0 0
outer loop
vertex 11.456526 0.235465 9.659372
vertex 11.477001 0.256219 9.679372
vertex 11.477001 0.235465 9.659372
endloop
endfacet
facet normal 0 0 0
outer loop
vertex 11.456526 0.256219 9.679372
vertex 11.477001 0.256219 9.679372
vertex 11.456526 0.235465 9.659372
endloop
endfacet
facet normal 0 0 0
outer loop
vertex 11.477001 0.235465 9.659372
vertex 11.497478 0.256219 9.679372
vertex 11.497478 0.235465 9.659372
endloop
endfacet
facet normal 0 0 0
outer loop
vertex 11.477001 0.256219 9.679372
vertex 11.497478 0.256219 9.679372
vertex 11.477001 0.235465 9.659372
endloop
endfacet
facet normal 0 0 0
outer loop
vertex 11.497478 0.235465 9.659372
vertex 11.517954 0.256219 9.679372
vertex 11.517954 0.235465 9.659372
endloop
endfacet
facet normal 0 0 0
outer loop
vertex 11.497478 0.256219 9.679372
vertex 11.517954 0.256219 9.679372
vertex 11.497478 0.235465 9.659372
endloop
endfacet
facet normal 0 0 0
outer loop
vertex 11.517954 0.235465 9.659372
vertex 11.517954 0.256219 9.679372
vertex 11.538429 0.235465 9.679372
endloop
endfacet
facet normal 0 0 0
outer loop
vertex 11.517954 0.256219 9.679372
vertex 11.538429 0.256219 9.679372
vertex 11.538429 0.235465 9.679372
endloop
endfacet
facet normal 0 0 0
outer loop
vertex 11.558905 0.235465 9.679372
vertex 11.538429 0.235465 9.679372
vertex 11.558905 0.256219 9.679372
endloop
endfacet
facet normal 0 0 0
outer loop
vertex 11.558905 0.256219 9.679372
vertex 11.538429 0.235465 9.679372
vertex 11.538429 0.256219 9.679372
endloop
endfacet
facet normal 0 0 0
outer loop
vertex 11.558905 0.256219 9.679372
vertex 11.579380 0.235465 9.679372
vertex 11.558905 0.235465 9.679372
endloop
endfacet
facet normal 0 0 0
outer loop
vertex 11.354147 0.007179 9.699371
vertex 11.333672 0.027932 9.699371
vertex 11.354147 0.027932 9.699371
endloop
endfacet
facet normal 0 0 0
outer loop
vertex 11.374622 0.007179 9.699371
vertex 11.354147 0.007179 9.699371
vertex 11.374622 0.027932 9.699371
endloop
endfacet
facet normal 0 0 0
outer loop
vertex 11.374622 0.027932 9.699371
vertex 11.354147 0.007179 9.699371
vertex 11.354147 0.027932 9.699371
endloop
endfacet
facet normal 0 0 0
outer loop
vertex 11.395100 0.007179 9.699371
vertex 11.374622 0.007179 9.699371
vertex 11.395100 0.027932 9.699371
endloop
endfacet
facet normal 0 0 0
outer loop
vertex 11.395100 0.027932 9.699371
vertex 11.374622 0.007179 9.699371
vertex 11.374622 0.027932 9.699371
endloop
endfacet
facet normal 0 0 0
outer loop
vertex 11.415575 0.007179 9.699371
vertex 11.395100 0.007179 9.699371
vertex 11.415575 0.027932 9.699371
endloop
endfacet
facet normal 0 0 0
outer loop
vertex 11.415575 0.027932 9.699371
vertex 11.395100 0.007179 9.699371
vertex 11.395100 0.027932 9.699371
endloop
endfacet
facet normal 0 0 0
outer loop
vertex 11.436050 0.007179 9.699371
vertex 11.415575 0.007179 9.699371
vertex 11.436050 0.027932 9.699371
endloop
endfacet
facet normal 0 0 0
outer loop
vertex 11.436050 0.027932 9.699371
vertex 11.415575 0.007179 9.699371
vertex 11.415575 0.027932 9.699371
endloop
endfacet
facet normal 0 0 0
outer loop
vertex 11.456526 0.007179 9.699371
vertex 11.436050 0.007179 9.699371
vertex 11.456526 0.027932 9.699371
endloop
endfacet
facet normal 0 0 0
outer loop
vertex 11.456526 0.027932 9.699371
vertex 11.436050 0.007179 9.699371
vertex 11.436050 0.027932 9.699371
endloop
endfacet
facet normal 0 0 0
outer loop
vertex 11.477001 0.027932 9.699371
vertex 11.456526 0.007179 9.699371
vertex 11.456526 0.027932 9.699371
endloop
endfacet
facet normal 0 0 0
outer loop
vertex 11.313196 0.027932 9.699371
vertex 11.292719 0.048685 9.699371
vertex 11.313196 0.048685 9.699371
endloop
endfacet
facet normal 0 0 0
outer loop
vertex 11.333672 0.027932 9.699371
vertex 11.313196 0.027932 9.699371
vertex 11.333672 0.048685 9.699371
endloop
endfacet
facet normal 0 0 0
outer loop
vertex 11.333672 0.048685 9.699371
vertex 11.313196 0.027932 9.699371
vertex 11.313196 0.048685 9.699371
endloop
endfacet
facet normal 0 0 0
outer loop
vertex 11.354147 0.027932 9.699371
vertex 11.333672 0.027932 9.699371
vertex 11.354147 0.048685 9.699371
endloop
endfacet
facet normal 0 0 0
outer loop
vertex 11.354147 0.048685 9.699371
vertex 11.333672 0.027932 9.699371
vertex 11.333672 0.048685 9.699371
endloop
endfacet
facet normal 0 0 0
outer loop
vertex 11.374622 0.027932 9.699371
vertex 11.354147 0.027932 9.699371
vertex 11.374622 0.048685 9.699371
endloop
endfacet
facet normal 0 0 0
outer loop
vertex 11.374622 0.048685 9.699371
vertex 11.354147 0.027932 9.699371
vertex 11.354147 0.048685 9.699371
endloop
endfacet
facet normal 0 0 0
outer loop
vertex 11.395100 0.027932 9.699371
vertex 11.374622 0.027932 9.699371
vertex 11.395100 0.048685 9.699371
endloop
endfacet
facet normal 0 0 0
outer loop
vertex 11.395100 0.048685 9.699371
vertex 11.374622 0.027932 9.699371
vertex 11.374622 0.048685 9.699371
endloop
endfacet
facet normal 0 0 0
outer loop
vertex 11.415575 0.048685 9.679372
vertex 11.415575 0.027932 9.699371
vertex 11.395100 0.048685 9.699371
endloop
endfacet
facet normal 0 0 0
outer loop
vertex 11.415575 0.027932 9.699371
vertex 11.395100 0.027932 9.699371
vertex 11.395100 0.048685 9.699371
endloop
endfacet
facet normal 0 0 0
outer loop
vertex 11.436050 0.048685 9.679372
vertex 11.415575 0.027932 9.699371
vertex 11.415575 0.048685 9.679372
endloop
endfacet
facet normal 0 0 0
outer loop
vertex 11.436050 0.027932 9.699371
vertex 11.415575 0.027932 9.699371
vertex 11.436050 0.048685 9.679372
endloop
endfacet
facet normal 0 0 0
outer loop
vertex 11.456526 0.048685 9.679372
vertex 11.436050 0.027932 9.699371
vertex 11.436050 0.048685 9.679372
endloop
endfacet
facet normal 0 0 0
outer loop
vertex 11.456526 0.027932 9.699371
vertex 11.436050 0.027932 9.699371
vertex 11.456526 0.048685 9.679372
endloop
endfacet
facet normal 0 0 0
outer loop
vertex 11.477001 0.048685 9.679372
vertex 11.456526 0.027932 9.699371
vertex 11.456526 0.048685 9.679372
endloop
endfacet
facet normal 0 0 0
outer loop
vertex 11.477001 0.027932 9.699371
vertex 11.456526 0.027932 9.699371
vertex 11.477001 0.048685 9.679372
endloop
endfacet
facet normal 0 0 0
outer loop
vertex 11.477001 0.048685 9.679372
vertex 11.497478 0.048685 9.699371
vertex 11.477001 0.027932 9.699371
endloop
endfacet
facet normal 0 0 0
outer loop
vertex 11.497478 0.048685 9.699371
vertex 11.497478 0.027932 9.699371
vertex 11.477001 0.027932 9.699371
endloop
endfacet
facet normal 0 0 0
outer loop
vertex 11.517954 0.027932 9.699371
vertex 11.497478 0.027932 9.699371
vertex 11.517954 0.048685 9.699371
endloop
endfacet
facet normal 0 0 0
outer loop
vertex 11.517954 0.048685 9.699371
vertex 11.497478 0.027932 9.699371
vertex 11.497478 0.048685 9.699371
endloop
endfacet
facet normal 0 0 0
outer loop
vertex 11.538429 0.048685 9.699371
vertex 11.517954 0.027932 9.699371
vertex 11.517954 0.048685 9.699371
endloop
endfacet
facet normal 0 0 0
outer loop
vertex 11.292719 0.048685 9.699371
vertex 11.272243 0.069439 9.699371
vertex 11.292719 0.069439 9.699371
endloop
endfacet
facet normal 0 0 0
outer loop
vertex 11.313196 0.048685 9.699371
vertex 11.292719 0.048685 9.699371
vertex 11.313196 0.069439 9.699371
endloop
endfacet
facet normal 0 0 0
outer loop
vertex 11.313196 0.069439 9.699371
vertex 11.292719 0.048685 9.699371
vertex 11.292719 0.069439 9.699371
endloop
endfacet
facet normal 0 0 0
outer loop
vertex 11.333672 0.048685 9.699371
vertex 11.313196 0.048685 9.699371
vertex 11.333672 0.069439 9.699371
endloop
endfacet
facet normal 0 0 0
outer loop
vertex 11.333672 0.069439 9.699371
vertex 11.313196 0.048685 9.699371
vertex 11.313196 0.069439 9.699371
endloop
endfacet
facet normal 0 0 0
outer loop
vertex 11.354147 0.048685 9.699371
vertex 11.333672 0.048685 9.699371
vertex 11.354147 0.069439 9.699371
endloop
endfacet
facet normal 0 0 0
outer loop
vertex 11.354147 0.069439 9.699371
vertex 11.333672 0.048685 9.699371
vertex 11.333672 0.069439 9.699371
endloop
endfacet
facet normal 0 0 0
outer loop
vertex 11.374622 0.069439 9.679372
vertex 11.374622 0.048685 9.699371
vertex 11.354147 0.069439 9.699371
endloop
endfacet
facet normal 0 0 0
outer loop
vertex 11.374622 0.048685 9.699371
vertex 11.354147 0.048685 9.699371
vertex 11.354147 0.069439 9.699371
endloop
endfacet
facet normal 0 0 0
outer loop
vertex 11.395100 0.069439 9.679372
vertex 11.374622 0.048685 9.699371
vertex 11.374622 0.069439 9.679372
endloop
endfacet
facet normal 0 0 0
outer loop
vertex 11.395100 0.048685 9.699371
vertex 11.374622 0.048685 9.699371
vertex 11.395100 0.069439 9.679372
endloop
endfacet
facet normal 0 0 0
outer loop
vertex 11.415575 0.048685 9.679372
vertex 11.395100 0.048685 9.699371
vertex 11.395100 0.069439 9.679372
endloop
endfacet
facet normal 0 0 0
outer loop
vertex 11.477001 0.048685 9.679372
vertex 11.497478 0.069439 9.679372
vertex 11.497478 0.048685 9.699371
endloop
endfacet
facet normal 0 0 0
outer loop
vertex 11.517954 0.069439 9.679372
vertex 11.497478 0.048685 9.699371
vertex 11.497478 0.069439 9.679372
endloop
endfacet
facet normal 0 0 0
outer loop
vertex 11.517954 0.048685 9.699371
vertex 11.497478 0.048685 9.699371
vertex 11.517954 0.069439 9.679372
endloop
endfacet
facet normal 0 0 0
outer loop
vertex 11.538429 0.069439 9.679372
vertex 11.517954 0.048685 9.699371
vertex 11.517954 0.069439 9.679372
endloop
endfacet
facet normal 0 0 0
outer loop
vertex 11.538429 0.048685 9.699371
vertex 11.517954 0.048685 9.699371
vertex 11.538429 0.069439 9.679372
endloop
endfacet
facet normal 0 0 0
outer loop
vertex 11.538429 0.069439 9.679372
vertex 11.558905 0.069439 9.699371
vertex 11.538429 0.048685 9.699371
endloop
endfacet
facet normal 0 0 0
outer loop
vertex 11.272243 0.069439 9.699371
vertex 11.251768 0.090192 9.699371
vertex 11.272243 0.090192 9.699371
endloop
endfacet
facet normal 0 0 0
outer loop
vertex 11.292719 0.069439 9.699371
vertex 11.272243 0.069439 9.699371
vertex 11.292719 0.090192 9.699371
endloop
endfacet
facet normal 0 0 0
outer loop
vertex 11.292719 0.090192 9.699371
vertex 11.272243 0.069439 9.699371
vertex 11.272243 0.090192 9.699371
endloop
endfacet
facet normal 0 0 0
outer loop
vertex 11.313196 0.069439 9.699371
vertex 11.292719 0.069439 9.699371
vertex 11.313196 0.090192 9.699371
endloop
endfacet
facet normal 0 0 0
outer loop
vertex 11.313196 0.090192 9.699371
vertex 11.292719 0.069439 9.699371
vertex 11.292719 0.090192 9.699371
endloop
endfacet
facet normal 0 0 0
outer loop
vertex 11.333672 0.090192 9.679372
vertex 11.333672 0.069439 9.699371
vertex 11.313196 0.090192 9.699371
endloop
endfacet
facet normal 0 0 0
outer loop
vertex 11.333672 0.069439 9.699371
vertex 11.313196 0.069439 9.699371
vertex 11.313196 0.090192 9.699371
endloop
endfacet
facet normal 0 0 0
outer loop
vertex 11.354147 0.090192 9.679372
vertex 11.333672 0.069439 9.699371
vertex 11.333672 0.090192 9.679372
endloop
endfacet
facet normal 0 0 0
outer loop
vertex 11.354147 0.069439 9.699371
vertex 11.333672 0.069439 9.699371
vertex 11.354147 0.090192 9.679372
endloop
endfacet
facet normal 0 0 0
outer loop
vertex 11.374622 0.069439 9.679372
vertex 11.354147 0.069439 9.699371
vertex 11.354147 0.090192 9.679372
endloop
endfacet
facet normal 0 0 0
outer loop
vertex 11.538429 0.069439 9.679372
vertex 11.558905 0.090192 9.679372
vertex 11.558905 0.069439 9.699371
endloop
endfacet
facet normal 0 0 0
outer loop
vertex 11.558905 0.069439 9.699371
vertex 11.558905 0.090192 9.679372
vertex 11.579380 0.090192 9.699371
endloop
endfacet
facet normal 0 0 0
outer loop
vertex 11.558905 0.090192 9.679372
vertex 11.579380 0.090192 9.679372
vertex 11.579380 0.090192 9.699371
endloop
endfacet
facet normal 0 0 0
outer loop
vertex 11.272243 0.090192 9.699371
vertex 11.251768 0.090192 9.699371
vertex 11.272243 0.110945 9.699371
endloop
endfacet
facet normal 0 0 0
outer loop
vertex 11.272243 0.110945 9.699371
vertex 11.251768 0.090192 9.699371
vertex 11.251768 0.110945 9.699371
endloop
endfacet
facet normal 0 0 0
outer loop
vertex 11.292719 0.090192 9.699371
vertex 11.272243 0.090192 9.699371
vertex 11.292719 0.110945 9.699371
endloop
endfacet
facet normal 0 0 0
outer loop
vertex 11.292719 0.110945 9.699371
vertex 11.272243 0.090192 9.699371
vertex 11.272243 0.110945 9.699371
endloop
endfacet
facet normal 0 0 0
outer loop
vertex 11.313196 0.110945 9.679372
vertex 11.313196 0.090192 9.699371
vertex 11.292719 0.110945 9.699371
endloop
endfacet
facet normal 0 0 0
outer loop
vertex 11.313196 0.090192 9.699371
vertex 11.292719 0.090192 9.699371
vertex 11.292719 0.110945 9.699371
endloop
endfacet
facet normal 0 0 0
outer loop
vertex 11.333672 0.090192 9.679372
vertex 11.313196 0.090192 9.699371
vertex 11.313196 0.110945 9.679372
endloop
endfacet
facet normal 0 0 0
outer loop
vertex 11.579380 0.090192 9.679372
vertex 11.599857 0.110945 9.699371
vertex 11.579380 0.090192 9.699371
endloop
endfacet
facet normal 0 0 0
outer loop
vertex 11.599857 0.110945 9.679372
vertex 11.599857 0.110945 9.699371
vertex 11.579380 0.090192 9.679372
endloop
endfacet
facet normal 0 0 0
outer loop
vertex 11.272243 0.110945 9.699371
vertex 11.251768 0.110945 9.699371
vertex 11.272243 0.131699 9.699371
endloop
endfacet
facet normal 0 0 0
outer loop
vertex 11.272243 0.131699 9.699371
vertex 11.251768 0.110945 9.699371
vertex 11.251768 0.131699 9.699371
endloop
endfacet
facet normal 0 0 0
outer loop
vertex 11.292719 0.110945 9.699371
vertex 11.272243 0.110945 9.699371
vertex 11.292719 0.131699 9.699371
endloop
endfacet
facet normal 0 0 0
outer loop
vertex 11.292719 0.131699 9.699371
vertex 11.272243 0.110945 9.699371
vertex 11.272243 0.131699 9.699371
endloop
endfacet
facet normal 0 0 0
outer loop
vertex 11.313196 0.110945 9.679372
vertex 11.292719 0.131699 9.699371
vertex 11.313196 0.131699 9.679372
endloop
endfacet
facet normal 0 0 0
outer loop
vertex 11.292719 0.110945 9.699371
vertex 11.292719 0.131699 9.699371
vertex 11.313196 0.110945 9.679372
endloop
endfacet
facet normal 0 0 0
outer loop
vertex 11.620333 0.131699 9.699371
vertex 11.599857 0.110945 9.699371
vertex 11.599857 0.131699 9.679372
endloop
endfacet
facet normal 0 0 0
outer loop
vertex 11.599857 0.110945 9.699371
vertex 11.599857 0.110945 9.679372
vertex 11.599857 0.131699 9.679372
endloop
endfacet
facet normal 0 0 0
outer loop
vertex 11.272243 0.131699 9.699371
vertex 11.251768 0.131699 9.699371
vertex 11.272243 0.152452 9.699371
endloop
endfacet
facet normal 0 0 0
outer loop
vertex 11.272243 0.152452 9.699371
vertex 11.251768 0.131699 9.699371
vertex 11.251768 0.152452 9.699371
endloop
endfacet
facet normal 0 0 0
outer loop
vertex 11.292719 0.152452 9.679372
vertex 11.292719 0.131699 9.699371
vertex 11.272243 0.152452 9.699371
endloop
endfacet
facet normal 0 0 0
outer loop
vertex 11.292719 0.131699 9.699371
vertex 11.272243 0.131699 9.699371
vertex 11.272243 0.152452 9.699371
endloop
endfacet
facet normal 0 0 0
outer loop
vertex 11.313196 0.131699 9.679372
vertex 11.292719 0.131699 9.699371
vertex 11.292719 0.152452 9.679372
endloop
endfacet
facet normal 0 0 0
outer loop
vertex 11.599857 0.131699 9.679372
vertex 11.620333 0.152452 9.679372
vertex 11.620333 0.131699 9.699371
endloop
endfacet
facet normal 0 0 0
outer loop
vertex 11.620333 0.131699 9.699371
vertex 11.620333 0.152452 9.679372
vertex 11.620333 0.152452 9.699371
endloop
endfacet
facet normal 0 0 0
outer loop
vertex 11.272243 0.152452 9.699371
vertex 11.251768 0.152452 9.699371
vertex 11.272243 0.173205 9.699371
endloop
endfacet
facet normal 0 0 0
outer loop
vertex 11.272243 0.173205 9.699371
vertex 11.251768 0.152452 9.699371
vertex 11.251768 0.173205 9.699371
endloop
endfacet
facet normal 0 0 0
outer loop
vertex 11.292719 0.152452 9.679372
vertex 11.272243 0.152452 9.699371
vertex 11.292719 0.173205 9.699371
endloop
endfacet
facet normal 0 0 0
outer loop
vertex 11.272243 0.152452 9.699371
vertex 11.272243 0.173205 9.699371
vertex 11.292719 0.173205 9.699371
endloop
endfacet
facet normal 0 0 0
outer loop
vertex 11.292719 0.152452 9.679372
vertex 11.292719 0.173205 9.699371
vertex 11.313196 0.173205 9.679372
endloop
endfacet
facet normal 0 0 0
outer loop
vertex 11.620333 0.152452 9.679372
vertex 11.620333 0.173205 9.679372
vertex 11.620333 0.152452 9.699371
endloop
endfacet
facet normal 0 0 0
outer loop
vertex 11.620333 0.152452 9.699371
vertex 11.620333 0.173205 9.679372
vertex 11.620333 0.173205 9.699371
endloop
endfacet
facet normal 0 0 0
outer loop
vertex 11.272243 0.173205 9.699371
vertex 11.251768 0.173205 9.699371
vertex 11.272243 0.193959 9.699371
endloop
endfacet
facet normal 0 0 0
outer loop
vertex 11.272243 0.193959 9.699371
vertex 11.251768 0.173205 9.699371
vertex 11.251768 0.193959 9.699371
endloop
endfacet
facet normal 0 0 0
outer loop
vertex 11.292719 0.193959 9.679372
vertex 11.292719 0.173205 9.699371
vertex 11.272243 0.193959 9.699371
endloop
endfacet
facet normal 0 0 0
outer loop
vertex 11.292719 0.173205 9.699371
vertex 11.272243 0.173205 9.699371
vertex 11.272243 0.193959 9.699371
endloop
endfacet
facet normal 0 0 0
outer loop
vertex 11.313196 0.173205 9.679372
vertex 11.292719 0.173205 9.699371
vertex 11.292719 0.193959 9.679372
endloop
endfacet
facet normal 0 0 0
outer loop
vertex 11.620333 0.173205 9.679372
vertex 11.620333 0.193959 9.679372
vertex 11.620333 0.173205 9.699371
endloop
endfacet
facet normal 0 0 0
outer loop
vertex 11.620333 0.173205 9.699371
vertex 11.620333 0.193959 9.679372
vertex 11.620333 0.193959 9.699371
endloop
endfacet
facet normal 0 0 0
outer loop
vertex 11.251768 0.193959 9.699371
vertex 11.272243 0.214712 9.699371
vertex 11.272243 0.193959 9.699371
endloop
endfacet
facet normal 0 0 0
outer loop
vertex 11.292719 0.193959 9.679372
vertex 11.272243 0.193959 9.699371
vertex 11.292719 0.214712 9.699371
endloop
endfacet
facet normal 0 0 0
outer loop
vertex 11.272243 0.193959 9.699371
vertex 11.272243 0.214712 9.699371
vertex 11.292719 0.214712 9.699371
endloop
endfacet
facet normal 0 0 0
outer loop
vertex 11.292719 0.193959 9.679372
vertex 11.292719 0.214712 9.699371
vertex 11.313196 0.214712 9.679372
endloop
endfacet
facet normal 0 0 0
outer loop
vertex 11.620333 0.193959 9.679372
vertex 11.620333 0.214712 9.679372
vertex 11.620333 0.193959 9.699371
endloop
endfacet
facet normal 0 0 0
outer loop
vertex 11.620333 0.193959 9.699371
vertex 11.620333 0.214712 9.679372
vertex 11.620333 0.214712 9.699371
endloop
endfacet
facet normal 0 0 0
outer loop
vertex 11.272243 0.214712 9.699371
vertex 11.292719 0.235465 9.699371
vertex 11.292719 0.214712 9.699371
endloop
endfacet
facet normal 0 0 0
outer loop
vertex 11.313196 0.214712 9.679372
vertex 11.292719 0.214712 9.699371
vertex 11.313196 0.235465 9.699371
endloop
endfacet
facet normal 0 0 0
outer loop
vertex 11.292719 0.214712 9.699371
vertex 11.292719 0.235465 9.699371
vertex 11.313196 0.235465 9.699371
endloop
endfacet
facet normal 0 0 0
outer loop
vertex 11.313196 0.214712 9.679372
vertex 11.313196 0.235465 9.699371
vertex 11.333672 0.235465 9.679372
endloop
endfacet
facet normal 0 0 0
outer loop
vertex 11.620333 0.214712 9.679372
vertex 11.599857 0.235465 9.679372
vertex 11.620333 0.235465 9.699371
endloop
endfacet
facet normal 0 0 0
outer loop
vertex 11.620333 0.214712 9.679372
vertex 11.620333 0.235465 9.699371
vertex 11.620333 0.214712 9.699371
endloop
endfacet
facet normal 0 0 0
outer loop
vertex 11.333672 0.235465 9.679372
vertex 11.313196 0.235465 9.699371
vertex 11.333672 0.256219 9.699371
endloop
endfacet
facet normal 0 0 0
outer loop
vertex 11.333672 0.235465 9.679372
vertex 11.354147 0.256219 9.699371
vertex 11.354147 0.235465 9.679372
endloop
endfacet
facet normal 0 0 0
outer loop
vertex 11.333672 0.256219 9.699371
vertex 11.354147 0.256219 9.699371
vertex 11.333672 0.235465 9.679372
endloop
endfacet
facet normal 0 0 0
outer loop
vertex 11.354147 0.235465 9.679372
vertex 11.374622 0.256219 9.699371
vertex 11.374622 0.235465 9.679372
endloop
endfacet
facet normal 0 0 0
outer loop
vertex 11.354147 0.256219 9.699371
vertex 11.374622 0.256219 9.699371
vertex 11.354147 0.235465 9.679372
endloop
endfacet
facet normal 0 0 0
outer loop
vertex 11.374622 0.235465 9.679372
vertex 11.374622 0.256219 9.699371
vertex 11.395100 0.256219 9.679372
endloop
endfacet
facet normal 0 0 0
outer loop
vertex 11.579380 0.235465 9.679372
vertex 11.558905 0.256219 9.679372
vertex 11.579380 0.256219 9.699371
endloop
endfacet
facet normal 0 0 0
outer loop
vertex 11.579380 0.235465 9.679372
vertex 11.599857 0.256219 9.699371
vertex 11.599857 0.235465 9.679372
endloop
endfacet
facet normal 0 0 0
outer loop
vertex 11.579380 0.256219 9.699371
vertex 11.599857 0.256219 9.699371
vertex 11.579380 0.235465 9.679372
endloop
endfacet
facet normal 0 0 0
outer loop
vertex 11.599857 0.235465 9.679372
vertex 11.599857 0.256219 9.699371
vertex 11.620333 0.235465 9.699371
endloop
endfacet
facet normal 0 0 0
outer loop
vertex 11.395100 0.256219 9.679372
vertex 11.374622 0.256219 9.699371
vertex 11.395100 0.276972 9.699371
endloop
endfacet
facet normal 0 0 0
outer loop
vertex 11.395100 0.256219 9.679372
vertex 11.415575 0.276972 9.699371
vertex 11.415575 0.256219 9.679372
endloop
endfacet
facet normal 0 0 0
outer loop
vertex 11.395100 0.276972 9.699371
vertex 11.415575 0.276972 9.699371
vertex 11.395100 0.256219 9.679372
endloop
endfacet
facet normal 0 0 0
outer loop
vertex 11.415575 0.256219 9.679372
vertex 11.436050 0.276972 9.699371
vertex 11.436050 0.256219 9.679372
endloop
endfacet
facet normal 0 0 0
outer loop
vertex 11.415575 0.276972 9.699371
vertex 11.436050 0.276972 9.699371
vertex 11.415575 0.256219 9.679372
endloop
endfacet
facet normal 0 0 0
outer loop
vertex 11.436050 0.256219 9.679372
vertex 11.456526 0.276972 9.699371
vertex 11.456526 0.256219 9.679372
endloop
endfacet
facet normal 0 0 0
outer loop
vertex 11.436050 0.276972 9.699371
vertex 11.456526 0.276972 9.699371
vertex 11.436050 0.256219 9.679372
endloop
endfacet
facet normal 0 0 0
outer loop
vertex 11.456526 0.256219 9.679372
vertex 11.477001 0.276972 9.699371
vertex 11.477001 0.256219 9.679372
endloop
endfacet
facet normal 0 0 0
outer loop
vertex 11.456526 0.276972 9.699371
vertex 11.477001 0.276972 9.699371
vertex 11.456526 0.256219 9.679372
endloop
endfacet
facet normal 0 0 0
outer loop
vertex 11.477001 0.256219 9.679372
vertex 11.497478 0.276972 9.699371
vertex 11.497478 0.256219 9.679372
endloop
endfacet
facet normal 0 0 0
outer loop
vertex 11.477001 0.276972 9.699371
vertex 11.497478 0.276972 9.699371
vertex 11.477001 0.256219 9.679372
endloop
endfacet
facet normal 0 0 0
outer loop
vertex 11.497478 0.256219 9.679372
vertex 11.517954 0.276972 9.699371
vertex 11.517954 0.256219 9.679372
endloop
endfacet
facet normal 0 0 0
outer loop
vertex 11.497478 0.276972 9.699371
vertex 11.517954 0.276972 9.699371
vertex 11.497478 0.256219 9.679372
endloop
endfacet
facet normal 0 0 0
outer loop
vertex 11.517954 0.256219 9.679372
vertex 11.538429 0.276972 9.699371
vertex 11.538429 0.256219 9.679372
endloop
endfacet
facet normal 0 0 0
outer loop
vertex 11.517954 0.276972 9.699371
vertex 11.538429 0.276972 9.699371
vertex 11.517954 0.256219 9.679372
endloop
endfacet
facet normal 0 0 0
outer loop
vertex 11.538429 0.256219 9.679372
vertex 11.558905 0.276972 9.699371
vertex 11.558905 0.256219 9.679372
endloop
endfacet
facet normal 0 0 0
outer loop
vertex 11.538429 0.276972 9.699371
vertex 11.558905 0.276972 9.699371
vertex 11.538429 0.256219 9.679372
endloop
endfacet
facet normal 0 0 0
outer loop
vertex 11.558905 0.256219 9.679372
vertex 11.558905 0.276972 9.699371
vertex 11.579380 0.256219 9.699371
endloop
endfacet
facet normal 0 0 0
outer loop
vertex 11.558905 0.276972 9.699371
vertex 11.579380 0.276972 9.699371
vertex 11.579380 0.256219 9.699371
endloop
endfacet
facet normal 0 0 0
outer loop
vertex 11.579380 0.276972 9.699371
vertex 11.599857 0.256219 9.699371
vertex 11.579380 0.256219 9.699371
endloop
endfacet
facet normal 0 0 0
outer loop
vertex 11.477001 0.276972 9.699371
vertex 11.497478 0.297725 9.699371
vertex 11.497478 0.276972 9.699371
endloop
endfacet
facet normal 0 0 0
outer loop
vertex 11.497478 0.297725 9.699371
vertex 11.517954 0.276972 9.699371
vertex 11.497478 0.276972 9.699371
endloop
endfacet
facet normal 0 0 0
outer loop
vertex 11.333672 -0.013575 9.719372
vertex 11.313196 0.007179 9.719372
vertex 11.333672 0.007179 9.719372
endloop
endfacet
facet normal 0 0 0
outer loop
vertex 11.354147 0.007179 9.699371
vertex 11.354147 -0.013575 9.719372
vertex 11.333672 0.007179 9.719372
endloop
endfacet
facet normal 0 0 0
outer loop
vertex 11.354147 -0.013575 9.719372
vertex 11.333672 -0.013575 9.719372
vertex 11.333672 0.007179 9.719372
endloop
endfacet
facet normal 0 0 0
outer loop
vertex 11.374622 0.007179 9.699371
vertex 11.354147 -0.013575 9.719372
vertex 11.354147 0.007179 9.699371
endloop
endfacet
facet normal 0 0 0
outer loop
vertex 11.374622 -0.013575 9.719372
vertex 11.354147 -0.013575 9.719372
vertex 11.374622 0.007179 9.699371
endloop
endfacet
facet normal 0 0 0
outer loop
vertex 11.395100 0.007179 9.699371
vertex 11.374622 -0.013575 9.719372
vertex 11.374622 0.007179 9.699371
endloop
endfacet
facet normal 0 0 0
outer loop
vertex 11.395100 -0.013575 9.719372
vertex 11.374622 -0.013575 9.719372
vertex 11.395100 0.007179 9.699371
endloop
endfacet
facet normal 0 0 0
outer loop
vertex 11.415575 0.007179 9.699371
vertex 11.395100 -0.013575 9.719372
vertex 11.395100 0.007179 9.699371
endloop
endfacet
facet normal 0 0 0
outer loop
vertex 11.415575 -0.013575 9.719372
vertex 11.395100 -0.013575 9.719372
vertex 11.415575 0.007179 9.699371
endloop
endfacet
facet normal 0 0 0
outer loop
vertex 11.436050 0.007179 9.699371
vertex 11.415575 -0.013575 9.719372
vertex 11.415575 0.007179 9.699371
endloop
endfacet
facet normal 0 0 0
outer loop
vertex 11.436050 -0.013575 9.719372
vertex 11.415575 -0.013575 9.719372
vertex 11.436050 0.007179 9.699371
endloop
endfacet
facet normal 0 0 0
outer loop
vertex 11.436050 -0.013575 9.719372
vertex 11.436050 0.007179 9.699371
vertex 11.456526 0.007179 9.719372
endloop
endfacet
facet normal 0 0 0
outer loop
vertex 11.436050 0.007179 9.699371
vertex 11.456526 0.007179 9.699371
vertex 11.456526 0.007179 9.719372
endloop
endfacet
facet normal 0 0 0
outer loop
vertex 11.456526 0.007179 9.699371
vertex 11.477001 0.007179 9.719372
vertex 11.456526 0.007179 9.719372
endloop
endfacet
facet normal 0 0 0
outer loop
vertex 11.292719 0.007179 9.719372
vertex 11.272243 0.027932 9.719372
vertex 11.292719 0.027932 9.719372
endloop
endfacet
facet normal 0 0 0
outer loop
vertex 11.313196 0.027932 9.699371
vertex 11.313196 0.007179 9.719372
vertex 11.292719 0.027932 9.719372
endloop
endfacet
facet normal 0 0 0
outer loop
vertex 11.313196 0.007179 9.719372
vertex 11.292719 0.007179 9.719372
vertex 11.292719 0.027932 9.719372
endloop
endfacet
facet normal 0 0 0
outer loop
vertex 11.333672 0.027932 9.699371
vertex 11.313196 0.007179 9.719372
vertex 11.313196 0.027932 9.699371
endloop
endfacet
facet normal 0 0 0
outer loop
vertex 11.333672 0.007179 9.719372
vertex 11.313196 0.007179 9.719372
vertex 11.333672 0.027932 9.699371
endloop
endfacet
facet normal 0 0 0
outer loop
vertex 11.354147 0.007179 9.699371
vertex 11.333672 0.007179 9.719372
vertex 11.333672 0.027932 9.699371
endloop
endfacet
facet normal 0 0 0
outer loop
vertex 11.456526 0.007179 9.699371
vertex 11.477001 0.027932 9.699371
vertex 11.477001 0.007179 9.719372
endloop
endfacet
facet normal 0 0 0
outer loop
vertex 11.477001 0.007179 9.719372
vertex 11.477001 0.027932 9.699371
vertex 11.497478 0.027932 9.719372
endloop
endfacet
facet normal 0 0 0
outer loop
vertex 11.477001 0.027932 9.699371
vertex 11.497478 0.027932 9.699371
vertex 11.497478 0.027932 9.719372
endloop
endfacet
facet normal 0 0 0
outer loop
vertex 11.517954 0.027932 9.699371
vertex 11.517954 0.027932 9.719372
vertex 11.497478 0.027932 9.699371
endloop
endfacet
facet normal 0 0 0
outer loop
vertex 11.497478 0.027932 9.699371
vertex 11.517954 0.027932 9.719372
vertex 11.497478 0.027932 9.719372
endloop
endfacet
facet normal 0 0 0
outer loop
vertex 11.272243 0.027932 9.719372
vertex 11.251768 0.048685 9.719372
vertex 11.272243 0.048685 9.719372
endloop
endfacet
facet normal 0 0 0
outer loop
vertex 11.292719 0.048685 9.699371
vertex 11.292719 0.027932 9.719372
vertex 11.272243 0.048685 9.719372
endloop
endfacet
facet normal 0 0 0
outer loop
vertex 11.292719 0.027932 9.719372
vertex 11.272243 0.027932 9.719372
vertex 11.272243 0.048685 9.719372
endloop
endfacet
facet normal 0 0 0
outer loop
vertex 11.313196 0.027932 9.699371
vertex 11.292719 0.027932 9.719372
vertex 11.292719 0.048685 9.699371
endloop
endfacet
facet normal 0 0 0
outer loop
vertex 11.517954 0.027932 9.699371
vertex 11.538429 0.048685 9.719372
vertex 11.517954 0.027932 9.719372
endloop
endfacet
facet normal 0 0 0
outer loop
vertex 11.538429 0.048685 9.699371
vertex 11.538429 0.048685 9.719372
vertex 11.517954 0.027932 9.699371
endloop
endfacet
facet normal 0 0 0
outer loop
vertex 11.272243 0.069439 9.699371
vertex 11.272243 0.048685 9.719372
vertex 11.251768 0.069439 9.719372
endloop
endfacet
facet normal 0 0 0
outer loop
vertex 11.272243 0.048685 9.719372
vertex 11.251768 0.048685 9.719372
vertex 11.251768 0.069439 9.719372
endloop
endfacet
facet normal 0 0 0
outer loop
vertex 11.292719 0.048685 9.699371
vertex 11.272243 0.048685 9.719372
vertex 11.272243 0.069439 9.699371
endloop
endfacet
facet normal 0 0 0
outer loop
vertex 11.538429 0.048685 9.699371
vertex 11.558905 0.069439 9.719372
vertex 11.538429 0.048685 9.719372
endloop
endfacet
facet normal 0 0 0
outer loop
vertex 11.558905 0.069439 9.699371
vertex 11.558905 0.069439 9.719372
vertex 11.538429 0.048685 9.699371
endloop
endfacet
facet normal 0 0 0
outer loop
vertex 11.251768 0.069439 9.719372
vertex 11.231293 0.090192 9.719372
vertex 11.251768 0.090192 9.699371
endloop
endfacet
facet normal 0 0 0
outer loop
vertex 11.272243 0.069439 9.699371
vertex 11.251768 0.069439 9.719372
vertex 11.251768 0.090192 9.699371
endloop
endfacet
facet normal 0 0 0
outer loop
vertex 11.558905 0.069439 9.699371
vertex 11.579380 0.090192 9.719372
vertex 11.558905 0.069439 9.719372
endloop
endfacet
facet normal 0 0 0
outer loop
vertex 11.579380 0.090192 9.699371
vertex 11.579380 0.090192 9.719372
vertex 11.558905 0.069439 9.699371
endloop
endfacet
facet normal 0 0 0
outer loop
vertex 11.251768 0.090192 9.699371
vertex 11.231293 0.110945 9.719372
vertex 11.251768 0.110945 9.699371
endloop
endfacet
facet normal 0 0 0
outer loop
vertex 11.231293 0.090192 9.719372
vertex 11.231293 0.110945 9.719372
vertex 11.251768 0.090192 9.699371
endloop
endfacet
facet normal 0 0 0
outer loop
vertex 11.579380 0.090192 9.699371
vertex 11.599857 0.110945 9.719372
vertex 11.579380 0.090192 9.719372
endloop
endfacet
facet normal 0 0 0
outer loop
vertex 11.599857 0.110945 9.699371
vertex 11.599857 0.110945 9.719372
vertex 11.579380 0.090192 9.699371
endloop
endfacet
facet normal 0 0 0
outer loop
vertex 11.251768 0.110945 9.699371
vertex 11.231293 0.131699 9.719372
vertex 11.251768 0.131699 9.699371
endloop
endfacet
facet normal 0 0 0
outer loop
vertex 11.231293 0.110945 9.719372
vertex 11.231293 0.131699 9.719372
vertex 11.251768 0.110945 9.699371
endloop
endfacet
facet normal 0 0 0
outer loop
vertex 11.599857 0.110945 9.699371
vertex 11.620333 0.131699 9.719372
vertex 11.599857 0.110945 9.719372
endloop
endfacet
facet normal 0 0 0
outer loop
vertex 11.620333 0.131699 9.699371
vertex 11.620333 0.131699 9.719372
vertex 11.599857 0.110945 9.699371
endloop
endfacet
facet normal 0 0 0
outer loop
vertex 11.251768 0.131699 9.699371
vertex 11.231293 0.152452 9.719372
vertex 11.251768 0.152452 9.699371
endloop
endfacet
facet normal 0 0 0
outer loop
vertex 11.231293 0.131699 9.719372
vertex 11.231293 0.152452 9.719372
vertex 11.251768 0.131699 9.699371
endloop
endfacet
facet normal 0 0 0
outer loop
vertex 11.620333 0.131699 9.699371
vertex 11.620333 0.152452 9.699371
vertex 11.620333 0.131699 9.719372
endloop
endfacet
facet normal 0 0 0
outer loop
vertex 11.620333 0.131699 9.719372
vertex 11.620333 0.152452 9.699371
vertex 11.620333 0.152452 9.719372
endloop
endfacet
facet normal 0 0 0
outer loop
vertex 11.251768 0.152452 9.699371
vertex 11.231293 0.173205 9.719372
vertex 11.251768 0.173205 9.699371
endloop
endfacet
facet normal 0 0 0
outer loop
vertex 11.231293 0.152452 9.719372
vertex 11.231293 0.173205 9.719372
vertex 11.251768 0.152452 9.699371
endloop
endfacet
facet normal 0 0 0
outer loop
vertex 11.620333 0.152452 9.699371
vertex 11.620333 0.173205 9.699371
vertex 11.620333 0.152452 9.719372
endloop
endfacet
facet normal 0 0 0
outer loop
vertex 11.620333 0.152452 9.719372
vertex 11.620333 0.173205 9.699371
vertex 11.620333 0.173205 9.719372
endloop
endfacet
facet normal 0 0 0
outer loop
vertex 11.231293 0.173205 9.719372
vertex 11.251768 0.193959 9.719372
vertex 11.251768 0.173205 9.699371
endloop
endfacet
facet normal 0 0 0
outer loop
vertex 11.251768 0.193959 9.719372
vertex 11.251768 0.193959 9.699371
vertex 11.251768 0.173205 9.699371
endloop
endfacet
facet normal 0 0 0
outer loop
vertex 11.640808 0.193959 9.719372
vertex 11.620333 0.173205 9.719372
vertex 11.620333 0.193959 9.699371
endloop
endfacet
facet normal 0 0 0
outer loop
vertex 11.620333 0.173205 9.719372
vertex 11.620333 0.173205 9.699371
vertex 11.620333 0.193959 9.699371
endloop
endfacet
facet normal 0 0 0
outer loop
vertex 11.251768 0.214712 9.719372
vertex 11.251768 0.193959 9.699371
vertex 11.251768 0.193959 9.719372
endloop
endfacet
facet normal 0 0 0
outer loop
vertex 11.251768 0.193959 9.699371
vertex 11.251768 0.214712 9.719372
vertex 11.272243 0.214712 9.699371
endloop
endfacet
facet normal 0 0 0
outer loop
vertex 11.640808 0.193959 9.719372
vertex 11.620333 0.214712 9.699371
vertex 11.640808 0.214712 9.719372
endloop
endfacet
facet normal 0 0 0
outer loop
vertex 11.620333 0.193959 9.699371
vertex 11.620333 0.214712 9.699371
vertex 11.640808 0.193959 9.719372
endloop
endfacet
facet normal 0 0 0
outer loop
vertex 11.272243 0.214712 9.699371
vertex 11.251768 0.214712 9.719372
vertex 11.272243 0.235465 9.719372
endloop
endfacet
facet normal 0 0 0
outer loop
vertex 11.272243 0.214712 9.699371
vertex 11.272243 0.235465 9.719372
vertex 11.292719 0.235465 9.699371
endloop
endfacet
facet normal 0 0 0
outer loop
vertex 11.640808 0.214712 9.719372
vertex 11.620333 0.214712 9.699371
vertex 11.620333 0.235465 9.719372
endloop
endfacet
facet normal 0 0 0
outer loop
vertex 11.620333 0.214712 9.699371
vertex 11.620333 0.235465 9.699371
vertex 11.620333 0.235465 9.719372
endloop
endfacet
facet normal 0 0 0
outer loop
vertex 11.292719 0.235465 9.699371
vertex 11.272243 0.235465 9.719372
vertex 11.292719 0.256219 9.719372
endloop
endfacet
facet normal 0 0 0
outer loop
vertex 11.292719 0.235465 9.699371
vertex 11.313196 0.256219 9.719372
vertex 11.313196 0.235465 9.699371
endloop
endfacet
facet normal 0 0 0
outer loop
vertex 11.292719 0.256219 9.719372
vertex 11.313196 0.256219 9.719372
vertex 11.292719 0.235465 9.699371
endloop
endfacet
facet normal 0 0 0
outer loop
vertex 11.313196 0.235465 9.699371
vertex 11.313196 0.256219 9.719372
vertex 11.333672 0.256219 9.699371
endloop
endfacet
facet normal 0 0 0
outer loop
vertex 11.620333 0.235465 9.699371
vertex 11.599857 0.256219 9.699371
vertex 11.620333 0.256219 9.719372
endloop
endfacet
facet normal 0 0 0
outer loop
vertex 11.620333 0.235465 9.699371
vertex 11.620333 0.256219 9.719372
vertex 11.620333 0.235465 9.719372
endloop
endfacet
facet normal 0 0 0
outer loop
vertex 11.292719 0.256219 9.719372
vertex 11.313196 0.276972 9.719372
vertex 11.313196 0.256219 9.719372
endloop
endfacet
facet normal 0 0 0
outer loop
vertex 11.333672 0.256219 9.699371
vertex 11.313196 0.256219 9.719372
vertex 11.333672 0.276972 9.719372
endloop
endfacet
facet normal 0 0 0
outer loop
vertex 11.313196 0.256219 9.719372
vertex 11.313196 0.276972 9.719372
vertex 11.333672 0.276972 9.719372
endloop
endfacet
facet normal 0 0 0
outer loop
vertex 11.333672 0.256219 9.699371
vertex 11.354147 0.276972 9.719372
vertex 11.354147 0.256219 9.699371
endloop
endfacet
facet normal 0 0 0
outer loop
vertex 11.333672 0.276972 9.719372
vertex 11.354147 0.276972 9.719372
vertex 11.333672 0.256219 9.699371
endloop
endfacet
facet normal 0 0 0
outer loop
vertex 11.354147 0.256219 9.699371
vertex 11.374622 0.276972 9.719372
vertex 11.374622 0.256219 9.699371
endloop
endfacet
facet normal 0 0 0
outer loop
vertex 11.354147 0.276972 9.719372
vertex 11.374622 0.276972 9.719372
vertex 11.354147 0.256219 9.699371
endloop
endfacet
facet normal 0 0 0
outer loop
vertex 11.374622 0.256219 9.699371
vertex 11.374622 0.276972 9.719372
vertex 11.395100 0.276972 9.699371
endloop
endfacet
facet normal 0 0 0
outer loop
vertex 11.599857 0.256219 9.699371
vertex 11.579380 0.276972 9.699371
vertex 11.599857 0.276972 9.719372
endloop
endfacet
facet normal 0 0 0
outer loop
vertex 11.599857 0.256219 9.699371
vertex 11.599857 0.276972 9.719372
vertex 11.620333 0.256219 9.719372
endloop
endfacet
facet normal 0 0 0
outer loop
vertex 11.354147 0.276972 9.719372
vertex 11.374622 0.297725 9.719372
vertex 11.374622 0.276972 9.719372
endloop
endfacet
facet normal 0 0 0
outer loop
vertex 11.395100 0.276972 9.699371
vertex 11.374622 0.276972 9.719372
vertex 11.395100 0.297725 9.719372
endloop
endfacet
facet normal 0 0 0
outer loop
vertex 11.374622 0.276972 9.719372
vertex 11.374622 0.297725 9.719372
vertex 11.395100 0.297725 9.719372
endloop
endfacet
facet normal 0 0 0
outer loop
vertex 11.395100 0.276972 9.699371
vertex 11.415575 0.297725 9.719372
vertex 11.415575 0.276972 9.699371
endloop
endfacet
facet normal 0 0 0
outer loop
vertex 11.395100 0.297725 9.719372
vertex 11.415575 0.297725 9.719372
vertex 11.395100 0.276972 9.699371
endloop
endfacet
facet normal 0 0 0
outer loop
vertex 11.415575 0.276972 9.699371
vertex 11.436050 0.297725 9.719372
vertex 11.436050 0.276972 9.699371
endloop
endfacet
facet normal 0 0 0
outer loop
vertex 11.415575 0.297725 9.719372
vertex 11.436050 0.297725 9.719372
vertex 11.415575 0.276972 9.699371
endloop
endfacet
facet normal 0 0 0
outer loop
vertex 11.436050 0.276972 9.699371
vertex 11.456526 0.297725 9.719372
vertex 11.456526 0.276972 9.699371
endloop
endfacet
facet normal 0 0 0
outer loop
vertex 11.436050 0.297725 9.719372
vertex 11.456526 0.297725 9.719372
vertex 11.436050 0.276972 9.699371
endloop
endfacet
facet normal 0 0 0
outer loop
vertex 11.456526 0.276972 9.699371
vertex 11.477001 0.297725 9.719372
vertex 11.477001 0.276972 9.699371
endloop
endfacet
facet normal 0 0 0
outer loop
vertex 11.456526 0.297725 9.719372
vertex 11.477001 0.297725 9.719372
vertex 11.456526 0.276972 9.699371
endloop
endfacet
facet normal 0 0 0
outer loop
vertex 11.477001 0.276972 9.699371
vertex 11.477001 0.297725 9.719372
vertex 11.497478 0.297725 9.699371
endloop
endfacet
facet normal 0 0 0
outer loop
vertex 11.517954 0.276972 9.699371
vertex 11.497478 0.297725 9.699371
vertex 11.517954 0.297725 9.719372
endloop
endfacet
facet normal 0 0 0
outer loop
vertex 11.517954 0.276972 9.699371
vertex 11.538429 0.297725 9.719372
vertex 11.538429 0.276972 9.699371
endloop
endfacet
facet normal 0 0 0
outer loop
vertex 11.517954 0.297725 9.719372
vertex 11.538429 0.297725 9.719372
vertex 11.517954 0.276972 9.699371
endloop
endfacet
facet normal 0 0 0
outer loop
vertex 11.538429 0.276972 9.699371
vertex 11.558905 0.297725 9.719372
vertex 11.558905 0.276972 9.699371
endloop
endfacet
facet normal 0 0 0
outer loop
vertex 11.538429 0.297725 9.719372
vertex 11.558905 0.297725 9.719372
vertex 11.538429 0.276972 9.699371
endloop
endfacet
facet normal 0 0 0
outer loop
vertex 11.558905 0.297725 9.719372
vertex 11.579380 0.276972 9.719372
vertex 11.558905 0.276972 9.699371
endloop
endfacet
facet normal 0 0 0
outer loop
vertex 11.579380 0.276972 9.719372
vertex 11.579380 0.276972 9.699371
vertex 11.558905 0.276972 9.699371
endloop
endfacet
facet normal 0 0 0
outer loop
vertex 11.599857 0.276972 9.719372
vertex 11.579380 0.276972 9.699371
vertex 11.579380 0.276972 9.719372
endloop
endfacet
facet normal 0 0 0
outer loop
vertex 11.497478 0.297725 9.699371
vertex 11.477001 0.297725 9.719372
vertex 11.497478 0.297725 9.719372
endloop
endfacet
facet normal 0 0 0
outer loop
vertex 11.517954 0.297725 9.719372
vertex 11.497478 0.297725 9.699371
vertex 11.497478 0.297725 9.719372
endloop
endfacet
facet normal 0 0 0
outer loop
vertex 11.313196 0.007179 9.719372
vertex 11.313196 0.007179 9.739372
vertex 11.292719 0.007179 9.719372
endloop
endfacet
facet normal 0 0 0
outer loop
vertex 11.292719 0.007179 9.719372
vertex 11.313196 0.007179 9.739372
vertex 11.292719 0.007179 9.739372
endloop
endfacet
facet normal 0 0 0
outer loop
vertex 11.333672 -0.013575 9.719372
vertex 11.333672 0.007179 9.739372
vertex 11.313196 0.007179 9.719372
endloop
endfacet
facet normal 0 0 0
outer loop
vertex 11.333672 0.007179 9.739372
vertex 11.313196 0.007179 9.739372
vertex 11.313196 0.007179 9.719372
endloop
endfacet
facet normal 0 0 0
outer loop
vertex 11.354147 -0.013575 9.719372
vertex 11.333672 0.007179 9.739372
vertex 11.333672 -0.013575 9.719372
endloop
endfacet
facet normal 0 0 0
outer loop
vertex 11.354147 0.007179 9.739372
vertex 11.333672 0.007179 9.739372
vertex 11.354147 -0.013575 9.719372
endloop
endfacet
facet normal 0 0 0
outer loop
vertex 11.374622 -0.013575 9.719372
vertex 11.354147 0.007179 9.739372
vertex 11.354147 -0.013575 9.719372
endloop
endfacet
facet normal 0 0 0
outer loop
vertex 11.374622 0.007179 9.739372
vertex 11.354147 0.007179 9.739372
vertex 11.374622 -0.013575 9.719372
endloop
endfacet
facet normal 0 0 0
outer loop
vertex 11.395100 -0.013575 9.719372
vertex 11.374622 0.007179 9.739372
vertex 11.374622 -0.013575 9.719372
endloop
endfacet
facet normal 0 0 0
outer loop
vertex 11.395100 0.007179 9.739372
vertex 11.374622 0.007179 9.739372
vertex 11.395100 -0.013575 9.719372
endloop
endfacet
facet normal 0 0 0
outer loop
vertex 11.415575 -0.013575 9.719372
vertex 11.395100 0.007179 9.739372
vertex 11.395100 -0.013575 9.719372
endloop
endfacet
facet normal 0 0 0
outer loop
vertex 11.415575 0.007179 9.739372
vertex 11.395100 0.007179 9.739372
vertex 11.415575 -0.013575 9.719372
endloop
endfacet
facet normal 0 0 0
outer loop
vertex 11.436050 -0.013575 9.719372
vertex 11.415575 0.007179 9.739372
vertex 11.415575 -0.013575 9.719372
endloop
endfacet
facet normal 0 0 0
outer loop
vertex 11.436050 0.007179 9.739372
vertex 11.415575 0.007179 9.739372
vertex 11.436050 -0.013575 9.719372
endloop
endfacet
facet normal 0 0 0
outer loop
vertex 11.456526 0.007179 9.719372
vertex 11.436050 0.007179 9.739372
vertex 11.436050 -0.013575 9.719372
endloop
endfacet
facet normal 0 0 0
outer loop
vertex 11.251768 0.027932 9.739372
vertex 11.272243 0.027932 9.719372
vertex 11.272243 0.027932 9.739372
endloop
endfacet
facet normal 0 0 0
outer loop
vertex 11.292719 0.007179 9.739372
vertex 11.272243 0.027932 9.719372
vertex 11.292719 0.007179 9.719372
endloop
endfacet
facet normal 0 0 0
outer loop
vertex 11.272243 0.027932 9.739372
vertex 11.272243 0.027932 9.719372
vertex 11.292719 0.007179 9.739372
endloop
endfacet
facet normal 0 0 0
outer loop
vertex 11.456526 0.007179 9.719372
vertex 11.456526 0.027932 9.739372
vertex 11.436050 0.007179 9.739372
endloop
endfacet
facet normal 0 0 0
outer loop
vertex 11.456526 0.027932 9.739372
vertex 11.456526 0.007179 9.719372
vertex 11.477001 0.027932 9.719372
endloop
endfacet
facet normal 0 0 0
outer loop
vertex 11.456526 0.007179 9.719372
vertex 11.477001 0.007179 9.719372
vertex 11.477001 0.027932 9.719372
endloop
endfacet
facet normal 0 0 0
outer loop
vertex 11.477001 0.007179 9.719372
vertex 11.497478 0.027932 9.719372
vertex 11.477001 0.027932 9.719372
endloop
endfacet
facet normal 0 0 0
outer loop
vertex 11.251768 0.027932 9.739372
vertex 11.231293 0.048685 9.739372
vertex 11.251768 0.048685 9.719372
endloop
endfacet
facet normal 0 0 0
outer loop
vertex 11.272243 0.027932 9.719372
vertex 11.251768 0.027932 9.739372
vertex 11.251768 0.048685 9.719372
endloop
endfacet
facet normal 0 0 0
outer loop
vertex 11.477001 0.027932 9.719372
vertex 11.477001 0.048685 9.739372
vertex 11.456526 0.027932 9.739372
endloop
endfacet
facet normal 0 0 0
outer loop
vertex 11.497478 0.027932 9.719372
vertex 11.477001 0.048685 9.739372
vertex 11.477001 0.027932 9.719372
endloop
endfacet
facet normal 0 0 0
outer loop
vertex 11.497478 0.048685 9.739372
vertex 11.477001 0.048685 9.739372
vertex 11.497478 0.027932 9.719372
endloop
endfacet
facet normal 0 0 0
outer loop
vertex 11.497478 0.048685 9.739372
vertex 11.497478 0.027932 9.719372
vertex 11.517954 0.048685 9.719372
endloop
endfacet
facet normal 0 0 0
outer loop
vertex 11.497478 0.027932 9.719372
vertex 11.517954 0.027932 9.719372
vertex 11.517954 0.048685 9.719372
endloop
endfacet
facet normal 0 0 0
outer loop
vertex 11.517954 0.027932 9.719372
vertex 11.538429 0.048685 9.719372
vertex 11.517954 0.048685 9.719372
endloop
endfacet
facet normal 0 0 0
outer loop
vertex 11.251768 0.048685 9.719372
vertex 11.231293 0.069439 9.739372
vertex 11.251768 0.069439 9.719372
endloop
endfacet
facet normal 0 0 0
outer loop
vertex 11.231293 0.048685 9.739372
vertex 11.231293 0.069439 9.739372
vertex 11.251768 0.048685 9.719372
endloop
endfacet
facet normal 0 0 0
outer loop
vertex 11.517954 0.048685 9.719372
vertex 11.517954 0.069439 9.739372
vertex 11.497478 0.048685 9.739372
endloop
endfacet
facet normal 0 0 0
outer loop
vertex 11.517954 0.069439 9.739372
vertex 11.517954 0.048685 9.719372
vertex 11.538429 0.069439 9.719372
endloop
endfacet
facet normal 0 0 0
outer loop
vertex 11.517954 0.048685 9.719372
vertex 11.538429 0.048685 9.719372
vertex 11.538429 0.069439 9.719372
endloop
endfacet
facet normal 0 0 0
outer loop
vertex 11.538429 0.048685 9.719372
vertex 11.558905 0.069439 9.719372
vertex 11.538429 0.069439 9.719372
endloop
endfacet
facet normal 0 0 0
outer loop
vertex 11.231293 0.069439 9.739372
vertex 11.210817 0.090192 9.739372
vertex 11.231293 0.090192 9.719372
endloop
endfacet
facet normal 0 0 0
outer loop
vertex 11.251768 0.069439 9.719372
vertex 11.231293 0.069439 9.739372
vertex 11.231293 0.090192 9.719372
endloop
endfacet
facet normal 0 0 0
outer loop
vertex 11.538429 0.069439 9.719372
vertex 11.538429 0.090192 9.739372
vertex 11.517954 0.069439 9.739372
endloop
endfacet
facet normal 0 0 0
outer loop
vertex 11.558905 0.069439 9.719372
vertex 11.538429 0.090192 9.739372
vertex 11.538429 0.069439 9.719372
endloop
endfacet
facet normal 0 0 0
outer loop
vertex 11.558905 0.090192 9.739372
vertex 11.538429 0.090192 9.739372
vertex 11.558905 0.069439 9.719372
endloop
endfacet
facet normal 0 0 0
outer loop
vertex 11.579380 0.090192 9.719372
vertex 11.558905 0.090192 9.739372
vertex 11.558905 0.069439 9.719372
endloop
endfacet
facet normal 0 0 0
outer loop
vertex 11.231293 0.090192 9.719372
vertex 11.210817 0.110945 9.739372
vertex 11.231293 0.110945 9.719372
endloop
endfacet
facet normal 0 0 0
outer loop
vertex 11.210817 0.090192 9.739372
vertex 11.210817 0.110945 9.739372
vertex 11.231293 0.090192 9.719372
endloop
endfacet
facet normal 0 0 0
outer loop
vertex 11.579380 0.090192 9.719372
vertex 11.579380 0.110945 9.739372
vertex 11.558905 0.090192 9.739372
endloop
endfacet
facet normal 0 0 0
outer loop
vertex 11.599857 0.110945 9.719372
vertex 11.579380 0.110945 9.739372
vertex 11.579380 0.090192 9.719372
endloop
endfacet
facet normal 0 0 0
outer loop
vertex 11.231293 0.110945 9.719372
vertex 11.210817 0.131699 9.739372
vertex 11.231293 0.131699 9.719372
endloop
endfacet
facet normal 0 0 0
outer loop
vertex 11.210817 0.110945 9.739372
vertex 11.210817 0.131699 9.739372
vertex 11.231293 0.110945 9.719372
endloop
endfacet
facet normal 0 0 0
outer loop
vertex 11.599857 0.110945 9.719372
vertex 11.599857 0.131699 9.739372
vertex 11.579380 0.110945 9.739372
endloop
endfacet
facet normal 0 0 0
outer loop
vertex 11.620333 0.131699 9.719372
vertex 11.599857 0.131699 9.739372
vertex 11.599857 0.110945 9.719372
endloop
endfacet
facet normal 0 0 0
outer loop
vertex 11.231293 0.131699 9.719372
vertex 11.210817 0.152452 9.739372
vertex 11.231293 0.152452 9.719372
endloop
endfacet
facet normal 0 0 0
outer loop
vertex 11.210817 0.131699 9.739372
vertex 11.210817 0.152452 9.739372
vertex 11.231293 0.131699 9.719372
endloop
endfacet
facet normal 0 0 0
outer loop
vertex 11.620333 0.131699 9.719372
vertex 11.620333 0.152452 9.739372
vertex 11.599857 0.131699 9.739372
endloop
endfacet
facet normal 0 0 0
outer loop
vertex 11.620333 0.152452 9.739372
vertex 11.620333 0.131699 9.719372
vertex 11.620333 0.152452 9.719372
endloop
endfacet
facet normal 0 0 0
outer loop
vertex 11.231293 0.152452 9.719372
vertex 11.210817 0.173205 9.739372
vertex 11.231293 0.173205 9.719372
endloop
endfacet
facet normal 0 0 0
outer loop
vertex 11.210817 0.152452 9.739372
vertex 11.210817 0.173205 9.739372
vertex 11.231293 0.152452 9.719372
endloop
endfacet
facet normal 0 0 0
outer loop
vertex 11.620333 0.152452 9.719372
vertex 11.620333 0.173205 9.719372
vertex 11.620333 0.152452 9.739372
endloop
endfacet
facet normal 0 0 0
outer loop
vertex 11.620333 0.152452 9.739372
vertex 11.620333 0.173205 9.719372
vertex 11.620333 0.173205 9.739372
endloop
endfacet
facet normal 0 0 0
outer loop
vertex 11.231293 0.173205 9.719372
vertex 11.210817 0.173205 9.739372
vertex 11.231293 0.193959 9.739372
endloop
endfacet
facet normal 0 0 0
outer loop
vertex 11.231293 0.173205 9.719372
vertex 11.231293 0.193959 9.739372
vertex 11.251768 0.193959 9.719372
endloop
endfacet
facet normal 0 0 0
outer loop
vertex 11.620333 0.173205 9.719372
vertex 11.640808 0.193959 9.739372
vertex 11.620333 0.173205 9.739372
endloop
endfacet
facet normal 0 0 0
outer loop
vertex 11.640808 0.193959 9.719372
vertex 11.640808 0.193959 9.739372
vertex 11.620333 0.173205 9.719372
endloop
endfacet
facet normal 0 0 0
outer loop
vertex 11.231293 0.193959 9.739372
vertex 11.251768 0.214712 9.739372
vertex 11.251768 0.193959 9.719372
endloop
endfacet
facet normal 0 0 0
outer loop
vertex 11.251768 0.214712 9.739372
vertex 11.251768 0.214712 9.719372
vertex 11.251768 0.193959 9.719372
endloop
endfacet
facet normal 0 0 0
outer loop
vertex 11.640808 0.193959 9.719372
vertex 11.640808 0.214712 9.719372
vertex 11.640808 0.193959 9.739372
endloop
endfacet
facet normal 0 0 0
outer loop
vertex 11.640808 0.193959 9.739372
vertex 11.640808 0.214712 9.719372
vertex 11.640808 0.214712 9.739372
endloop
endfacet
facet normal 0 0 0
outer loop
vertex 11.251768 0.235465 9.739372
vertex 11.251768 0.214712 9.719372
vertex 11.251768 0.214712 9.739372
endloop
endfacet
facet normal 0 0 0
outer loop
vertex 11.251768 0.214712 9.719372
vertex 11.251768 0.235465 9.739372
vertex 11.272243 0.235465 9.719372
endloop
endfacet
facet normal 0 0 0
outer loop
vertex 11.640808 0.214712 9.719372
vertex 11.620333 0.235465 9.719372
vertex 11.640808 0.235465 9.739372
endloop
endfacet
facet normal 0 0 0
outer loop
vertex 11.640808 0.214712 9.719372
vertex 11.640808 0.235465 9.739372
vertex 11.640808 0.214712 9.739372
endloop
endfacet
facet normal 0 0 0
outer loop
vertex 11.272243 0.235465 9.719372
vertex 11.251768 0.235465 9.739372
vertex 11.272243 0.256219 9.739372
endloop
endfacet
facet normal 0 0 0
outer loop
vertex 11.272243 0.235465 9.719372
vertex 11.272243 0.256219 9.739372
vertex 11.292719 0.256219 9.719372
endloop
endfacet
facet normal 0 0 0
outer loop
vertex 11.640808 0.235465 9.739372
vertex 11.620333 0.256219 9.719372
vertex 11.640808 0.256219 9.739372
endloop
endfacet
facet normal 0 0 0
outer loop
vertex 11.620333 0.235465 9.719372
vertex 11.620333 0.256219 9.719372
vertex 11.640808 0.235465 9.739372
endloop
endfacet
facet normal 0 0 0
outer loop
vertex 11.661283 0.256219 9.739372
vertex 11.640808 0.235465 9.739372
vertex 11.640808 0.256219 9.739372
endloop
endfacet
facet normal 0 0 0
outer loop
vertex 11.292719 0.256219 9.719372
vertex 11.272243 0.256219 9.739372
vertex 11.292719 0.256219 9.739372
endloop
endfacet
facet normal 0 0 0
outer loop
vertex 11.292719 0.256219 9.739372
vertex 11.313196 0.276972 9.719372
vertex 11.292719 0.256219 9.719372
endloop
endfacet
facet normal 0 0 0
outer loop
vertex 11.313196 0.276972 9.739372
vertex 11.313196 0.276972 9.719372
vertex 11.292719 0.256219 9.739372
endloop
endfacet
facet normal 0 0 0
outer loop
vertex 11.620333 0.256219 9.719372
vertex 11.599857 0.276972 9.719372
vertex 11.620333 0.276972 9.739372
endloop
endfacet
facet normal 0 0 0
outer loop
vertex 11.620333 0.256219 9.719372
vertex 11.620333 0.276972 9.739372
vertex 11.640808 0.256219 9.739372
endloop
endfacet
facet normal 0 0 0
outer loop
vertex 11.620333 0.276972 9.739372
vertex 11.640808 0.276972 9.739372
vertex 11.640808 0.256219 9.739372
endloop
endfacet
facet normal 0 0 0
outer loop
vertex 11.640808 0.276972 9.739372
vertex 11.661283 0.256219 9.739372
vertex 11.640808 0.256219 9.739372
endloop
endfacet
facet normal 0 0 0
outer loop
vertex 11.333672 0.297725 9.739372
vertex 11.333672 0.276972 9.719372
vertex 11.313196 0.276972 9.739372
endloop
endfacet
facet normal 0 0 0
outer loop
vertex 11.333672 0.276972 9.719372
vertex 11.313196 0.276972 9.719372
vertex 11.313196 0.276972 9.739372
endloop
endfacet
facet normal 0 0 0
outer loop
vertex 11.333672 0.276972 9.719372
vertex 11.354147 0.297725 9.739372
vertex 11.354147 0.276972 9.719372
endloop
endfacet
facet normal 0 0 0
outer loop
vertex 11.333672 0.297725 9.739372
vertex 11.354147 0.297725 9.739372
vertex 11.333672 0.276972 9.719372
endloop
endfacet
facet normal 0 0 0
outer loop
vertex 11.354147 0.276972 9.719372
vertex 11.354147 0.297725 9.739372
vertex 11.374622 0.297725 9.719372
endloop
endfacet
facet normal 0 0 0
outer loop
vertex 11.579380 0.276972 9.719372
vertex 11.558905 0.297725 9.719372
vertex 11.579380 0.297725 9.739372
endloop
endfacet
facet normal 0 0 0
outer loop
vertex 11.579380 0.276972 9.719372
vertex 11.599857 0.297725 9.739372
vertex 11.599857 0.276972 9.719372
endloop
endfacet
facet normal 0 0 0
outer loop
vertex 11.579380 0.297725 9.739372
vertex 11.599857 0.297725 9.739372
vertex 11.579380 0.276972 9.719372
endloop
endfacet
facet normal 0 0 0
outer loop
vertex 11.599857 0.276972 9.719372
vertex 11.599857 0.297725 9.739372
vertex 11.620333 0.276972 9.739372
endloop
endfacet
facet normal 0 0 0
outer loop
vertex 11.599857 0.297725 9.739372
vertex 11.620333 0.297725 9.739372
vertex 11.620333 0.276972 9.739372
endloop
endfacet
facet normal 0 0 0
outer loop
vertex 11.620333 0.297725 9.739372
vertex 11.640808 0.276972 9.739372
vertex 11.620333 0.276972 9.739372
endloop
endfacet
facet normal 0 0 0
outer loop
vertex 11.374622 0.297725 9.719372
vertex 11.354147 0.297725 9.739372
vertex 11.374622 0.297725 9.739372
endloop
endfacet
facet normal 0 0 0
outer loop
vertex 11.395100 0.318479 9.739372
vertex 11.395100 0.297725 9.719372
vertex 11.374622 0.297725 9.739372
endloop
endfacet
facet normal 0 0 0
outer loop
vertex 11.395100 0.297725 9.719372
vertex 11.374622 0.297725 9.719372
vertex 11.374622 0.297725 9.739372
endloop
endfacet
facet normal 0 0 0
outer loop
vertex 11.395100 0.297725 9.719372
vertex 11.415575 0.318479 9.739372
vertex 11.415575 0.297725 9.719372
endloop
endfacet
facet normal 0 0 0
outer loop
vertex 11.395100 0.318479 9.739372
vertex 11.415575 0.318479 9.739372
vertex 11.395100 0.297725 9.719372
endloop
endfacet
facet normal 0 0 0
outer loop
vertex 11.415575 0.297725 9.719372
vertex 11.436050 0.318479 9.739372
vertex 11.436050 0.297725 9.719372
endloop
endfacet
facet normal 0 0 0
outer loop
vertex 11.415575 0.318479 9.739372
vertex 11.436050 0.318479 9.739372
vertex 11.415575 0.297725 9.719372
endloop
endfacet
facet normal 0 0 0
outer loop
vertex 11.436050 0.297725 9.719372
vertex 11.456526 0.318479 9.739372
vertex 11.456526 0.297725 9.719372
endloop
endfacet
facet normal 0 0 0
outer loop
vertex 11.436050 0.318479 9.739372
vertex 11.456526 0.318479 9.739372
vertex 11.436050 0.297725 9.719372
endloop
endfacet
facet normal 0 0 0
outer loop
vertex 11.456526 0.297725 9.719372
vertex 11.477001 0.318479 9.739372
vertex 11.477001 0.297725 9.719372
endloop
endfacet
facet normal 0 0 0
outer loop
vertex 11.456526 0.318479 9.739372
vertex 11.477001 0.318479 9.739372
vertex 11.456526 0.297725 9.719372
endloop
endfacet
facet normal 0 0 0
outer loop
vertex 11.477001 0.297725 9.719372
vertex 11.497478 0.318479 9.739372
vertex 11.497478 0.297725 9.719372
endloop
endfacet
facet normal 0 0 0
outer loop
vertex 11.477001 0.318479 9.739372
vertex 11.497478 0.318479 9.739372
vertex 11.477001 0.297725 9.719372
endloop
endfacet
facet normal 0 0 0
outer loop
vertex 11.497478 0.297725 9.719372
vertex 11.517954 0.318479 9.739372
vertex 11.517954 0.297725 9.719372
endloop
endfacet
facet normal 0 0 0
outer loop
vertex 11.497478 0.318479 9.739372
vertex 11.517954 0.318479 9.739372
vertex 11.497478 0.297725 9.719372
endloop
endfacet
facet normal 0 0 0
outer loop
vertex 11.517954 0.297725 9.719372
vertex 11.538429 0.318479 9.739372
vertex 11.538429 0.297725 9.719372
endloop
endfacet
facet normal 0 0 0
outer loop
vertex 11.517954 0.318479 9.739372
vertex 11.538429 0.318479 9.739372
vertex 11.517954 0.297725 9.719372
endloop
endfacet
facet normal 0 0 0
outer loop
vertex 11.538429 0.297725 9.719372
vertex 11.558905 0.318479 9.739372
vertex 11.558905 0.297725 9.719372
endloop
endfacet
facet normal 0 0 0
outer loop
vertex 11.538429 0.318479 9.739372
vertex 11.558905 0.318479 9.739372
vertex 11.538429 0.297725 9.719372
endloop
endfacet
facet normal 0 0 0
outer loop
vertex 11.558905 0.297725 9.719372
vertex 11.558905 0.318479 9.739372
vertex 11.579380 0.297725 9.739372
endloop
endfacet
facet normal 0 0 0
outer loop
vertex 11.558905 0.318479 9.739372
vertex 11.579380 0.318479 9.739372
vertex 11.579380 0.297725 9.739372
endloop
endfacet
facet normal 0 0 0
outer loop
vertex 11.599857 0.297725 9.739372
vertex 11.579380 0.297725 9.739372
vertex 11.599857 0.318479 9.739372
endloop
endfacet
facet normal 0 0 0
outer loop
vertex 11.599857 0.318479 9.739372
vertex 11.579380 0.297725 9.739372
vertex 11.579380 0.318479 9.739372
endloop
endfacet
facet normal 0 0 0
outer loop
vertex 11.599857 0.318479 9.739372
vertex 11.620333 0.297725 9.739372
vertex 11.599857 0.297725 9.739372
endloop
endfacet
facet normal 0 0 0
outer loop
vertex 11.333672 0.007179 9.759372
vertex 11.313196 0.007179 9.739372
vertex 11.333672 0.007179 9.739372
endloop
endfacet
facet normal 0 0 0
outer loop
vertex 11.354147 0.007179 9.739372
vertex 11.354147 0.007179 9.759372
vertex 11.333672 0.007179 9.739372
endloop
endfacet
facet normal 0 0 0
outer loop
vertex 11.333672 0.007179 9.739372
vertex 11.354147 0.007179 9.759372
vertex 11.333672 0.007179 9.759372
endloop
endfacet
facet normal 0 0 0
outer loop
vertex 11.374622 0.007179 9.739372
vertex 11.374622 0.007179 9.759372
vertex 11.354147 0.007179 9.739372
endloop
endfacet
facet normal 0 0 0
outer loop
vertex 11.354147 0.007179 9.739372
vertex 11.374622 0.007179 9.759372
vertex 11.354147 0.007179 9.759372
endloop
endfacet
facet normal 0 0 0
outer loop
vertex 11.395100 0.007179 9.739372
vertex 11.395100 0.007179 9.759372
vertex 11.374622 0.007179 9.739372
endloop
endfacet
facet normal 0 0 0
outer loop
vertex 11.374622 0.007179 9.739372
vertex 11.395100 0.007179 9.759372
vertex 11.374622 0.007179 9.759372
endloop
endfacet
facet normal 0 0 0
outer loop
vertex 11.415575 0.007179 9.739372
vertex 11.415575 0.007179 9.759372
vertex 11.395100 0.007179 9.739372
endloop
endfacet
facet normal 0 0 0
outer loop
vertex 11.395100 0.007179 9.739372
vertex 11.415575 0.007179 9.759372
vertex 11.395100 0.007179 9.759372
endloop
endfacet
facet normal 0 0 0
outer loop
vertex 11.436050 0.007179 9.739372
vertex 11.436050 0.007179 9.759372
vertex 11.415575 0.007179 9.739372
endloop
endfacet
facet normal 0 0 0
outer loop
vertex 11.415575 0.007179 9.739372
vertex 11.436050 0.007179 9.759372
vertex 11.415575 0.007179 9.759372
endloop
endfacet
facet normal 0 0 0
outer loop
vertex 11.436050 0.007179 9.739372
vertex 11.456526 0.007179 9.759372
vertex 11.436050 0.007179 9.759372
endloop
endfacet
facet normal 0 0 0
outer loop
vertex 11.292719 0.007179 9.739372
vertex 11.292719 0.027932 9.759372
vertex 11.272243 0.027932 9.739372
endloop
endfacet
facet normal 0 0 0
outer loop
vertex 11.313196 0.007179 9.739372
vertex 11.292719 0.027932 9.759372
vertex 11.292719 0.007179 9.739372
endloop
endfacet
facet normal 0 0 0
outer loop
vertex 11.313196 0.027932 9.759372
vertex 11.292719 0.027932 9.759372
vertex 11.313196 0.007179 9.739372
endloop
endfacet
facet normal 0 0 0
outer loop
vertex 11.333672 0.007179 9.759372
vertex 11.313196 0.027932 9.759372
vertex 11.313196 0.007179 9.739372
endloop
endfacet
facet normal 0 0 0
outer loop
vertex 11.436050 0.007179 9.739372
vertex 11.456526 0.027932 9.739372
vertex 11.456526 0.007179 9.759372
endloop
endfacet
facet normal 0 0 0
outer loop
vertex 11.456526 0.027932 9.739372
vertex 11.477001 0.027932 9.759372
vertex 11.456526 0.007179 9.759372
endloop
endfacet
facet normal 0 0 0
outer loop
vertex 11.477001 0.027932 9.759372
vertex 11.477001 0.007179 9.759372
vertex 11.456526 0.007179 9.759372
endloop
endfacet
facet normal 0 0 0
outer loop
vertex 11.497478 0.027932 9.759372
vertex 11.477001 0.007179 9.759372
vertex 11.477001 0.027932 9.759372
endloop
endfacet
facet normal 0 0 0
outer loop
vertex 11.231293 0.048685 9.739372
vertex 11.251768 0.027932 9.739372
vertex 11.251768 0.048685 9.739372
endloop
endfacet
facet normal 0 0 0
outer loop
vertex 11.272243 0.048685 9.759372
vertex 11.251768 0.048685 9.739372
vertex 11.272243 0.027932 9.739372
endloop
endfacet
facet normal 0 0 0
outer loop
vertex 11.251768 0.048685 9.739372
vertex 11.251768 0.027932 9.739372
vertex 11.272243 0.027932 9.739372
endloop
endfacet
facet normal 0 0 0
outer loop
vertex 11.292719 0.027932 9.759372
vertex 11.272243 0.048685 9.759372
vertex 11.272243 0.027932 9.739372
endloop
endfacet
facet normal 0 0 0
outer loop
vertex 11.456526 0.027932 9.739372
vertex 11.477001 0.048685 9.739372
vertex 11.477001 0.027932 9.759372
endloop
endfacet
facet normal 0 0 0
outer loop
vertex 11.497478 0.048685 9.739372
vertex 11.477001 0.027932 9.759372
vertex 11.477001 0.048685 9.739372
endloop
endfacet
facet normal 0 0 0
outer loop
vertex 11.497478 0.027932 9.759372
vertex 11.477001 0.027932 9.759372
vertex 11.497478 0.048685 9.739372
endloop
endfacet
facet normal 0 0 0
outer loop
vertex 11.497478 0.048685 9.739372
vertex 11.517954 0.048685 9.759372
vertex 11.497478 0.027932 9.759372
endloop
endfacet
facet normal 0 0 0
outer loop
vertex 11.517954 0.048685 9.759372
vertex 11.517954 0.027932 9.759372
vertex 11.497478 0.027932 9.759372
endloop
endfacet
facet normal 0 0 0
outer loop
vertex 11.538429 0.048685 9.759372
vertex 11.517954 0.027932 9.759372
vertex 11.517954 0.048685 9.759372
endloop
endfacet
facet normal 0 0 0
outer loop
vertex 11.251768 0.048685 9.739372
vertex 11.251768 0.069439 9.739372
vertex 11.231293 0.048685 9.739372
endloop
endfacet
facet normal 0 0 0
outer loop
vertex 11.251768 0.069439 9.739372
vertex 11.231293 0.069439 9.739372
vertex 11.231293 0.048685 9.739372
endloop
endfacet
facet normal 0 0 0
outer loop
vertex 11.272243 0.069439 9.759372
vertex 11.251768 0.048685 9.739372
vertex 11.272243 0.048685 9.759372
endloop
endfacet
facet normal 0 0 0
outer loop
vertex 11.251768 0.069439 9.739372
vertex 11.251768 0.048685 9.739372
vertex 11.272243 0.069439 9.759372
endloop
endfacet
facet normal 0 0 0
outer loop
vertex 11.497478 0.048685 9.739372
vertex 11.517954 0.069439 9.739372
vertex 11.517954 0.048685 9.759372
endloop
endfacet
facet normal 0 0 0
outer loop
vertex 11.517954 0.069439 9.739372
vertex 11.538429 0.069439 9.759372
vertex 11.517954 0.048685 9.759372
endloop
endfacet
facet normal 0 0 0
outer loop
vertex 11.538429 0.069439 9.759372
vertex 11.538429 0.048685 9.759372
vertex 11.517954 0.048685 9.759372
endloop
endfacet
facet normal 0 0 0
outer loop
vertex 11.558905 0.069439 9.759372
vertex 11.538429 0.048685 9.759372
vertex 11.538429 0.069439 9.759372
endloop
endfacet
facet normal 0 0 0
outer loop
vertex 11.210817 0.090192 9.739372
vertex 11.231293 0.069439 9.739372
vertex 11.231293 0.090192 9.739372
endloop
endfacet
facet normal 0 0 0
outer loop
vertex 11.251768 0.090192 9.759372
vertex 11.231293 0.090192 9.739372
vertex 11.251768 0.069439 9.739372
endloop
endfacet
facet normal 0 0 0
outer loop
vertex 11.231293 0.090192 9.739372
vertex 11.231293 0.069439 9.739372
vertex 11.251768 0.069439 9.739372
endloop
endfacet
facet normal 0 0 0
outer loop
vertex 11.272243 0.069439 9.759372
vertex 11.251768 0.090192 9.759372
vertex 11.251768 0.069439 9.739372
endloop
endfacet
facet normal 0 0 0
outer loop
vertex 11.517954 0.069439 9.739372
vertex 11.538429 0.090192 9.739372
vertex 11.538429 0.069439 9.759372
endloop
endfacet
facet normal 0 0 0
outer loop
vertex 11.558905 0.090192 9.739372
vertex 11.538429 0.069439 9.759372
vertex 11.538429 0.090192 9.739372
endloop
endfacet
facet normal 0 0 0
outer loop
vertex 11.558905 0.069439 9.759372
vertex 11.538429 0.069439 9.759372
vertex 11.558905 0.090192 9.739372
endloop
endfacet
facet normal 0 0 0
outer loop
vertex 11.558905 0.090192 9.739372
vertex 11.579380 0.090192 9.759372
vertex 11.558905 0.069439 9.759372
endloop
endfacet
facet normal 0 0 0
outer loop
vertex 11.579380 0.090192 9.759372
vertex 11.579380 0.069439 9.759372
vertex 11.558905 0.069439 9.759372
endloop
endfacet
facet normal 0 0 0
outer loop
vertex 11.599857 0.090192 9.759372
vertex 11.579380 0.069439 9.759372
vertex 11.579380 0.090192 9.759372
endloop
endfacet
facet normal 0 0 0
outer loop
vertex 11.231293 0.090192 9.739372
vertex 11.231293 0.110945 9.739372
vertex 11.210817 0.090192 9.739372
endloop
endfacet
facet normal 0 0 0
outer loop
vertex 11.231293 0.110945 9.739372
vertex 11.210817 0.110945 9.739372
vertex 11.210817 0.090192 9.739372
endloop
endfacet
facet normal 0 0 0
outer loop
vertex 11.251768 0.110945 9.759372
vertex 11.231293 0.090192 9.739372
vertex 11.251768 0.090192 9.759372
endloop
endfacet
facet normal 0 0 0
outer loop
vertex 11.231293 0.110945 9.739372
vertex 11.231293 0.090192 9.739372
vertex 11.251768 0.110945 9.759372
endloop
endfacet
facet normal 0 0 0
outer loop
vertex 11.558905 0.090192 9.739372
vertex 11.579380 0.110945 9.739372
vertex 11.579380 0.090192 9.759372
endloop
endfacet
facet normal 0 0 0
outer loop
vertex 11.579380 0.110945 9.739372
vertex 11.599857 0.110945 9.759372
vertex 11.579380 0.090192 9.759372
endloop
endfacet
facet normal 0 0 0
outer loop
vertex 11.599857 0.110945 9.759372
vertex 11.599857 0.090192 9.759372
vertex 11.579380 0.090192 9.759372
endloop
endfacet
facet normal 0 0 0
outer loop
vertex 11.620333 0.110945 9.759372
vertex 11.599857 0.090192 9.759372
vertex 11.599857 0.110945 9.759372
endloop
endfacet
facet normal 0 0 0
outer loop
vertex 11.231293 0.110945 9.739372
vertex 11.231293 0.131699 9.739372
vertex 11.210817 0.110945 9.739372
endloop
endfacet
facet normal 0 0 0
outer loop
vertex 11.231293 0.131699 9.739372
vertex 11.210817 0.131699 9.739372
vertex 11.210817 0.110945 9.739372
endloop
endfacet
facet normal 0 0 0
outer loop
vertex 11.251768 0.131699 9.759372
vertex 11.231293 0.110945 9.739372
vertex 11.251768 0.110945 9.759372
endloop
endfacet
facet normal 0 0 0
outer loop
vertex 11.231293 0.131699 9.739372
vertex 11.231293 0.110945 9.739372
vertex 11.251768 0.131699 9.759372
endloop
endfacet
facet normal 0 0 0
outer loop
vertex 11.579380 0.110945 9.739372
vertex 11.599857 0.131699 9.739372
vertex 11.599857 0.110945 9.759372
endloop
endfacet
facet normal 0 0 0
outer loop
vertex 11.599857 0.131699 9.739372
vertex 11.620333 0.131699 9.759372
vertex 11.599857 0.110945 9.759372
endloop
endfacet
facet normal 0 0 0
outer loop
vertex 11.620333 0.131699 9.759372
vertex 11.620333 0.110945 9.759372
vertex 11.599857 0.110945 9.759372
endloop
endfacet
facet normal 0 0 0
outer loop
vertex 11.640808 0.131699 9.759372
vertex 11.620333 0.110945 9.759372
vertex 11.620333 0.131699 9.759372
endloop
endfacet
facet normal 0 0 0
outer loop
vertex 11.231293 0.131699 9.739372
vertex 11.231293 0.152452 9.739372
vertex 11.210817 0.131699 9.739372
endloop
endfacet
facet normal 0 0 0
outer loop
vertex 11.231293 0.152452 9.739372
vertex 11.210817 0.152452 9.739372
vertex 11.210817 0.131699 9.739372
endloop
endfacet
facet normal 0 0 0
outer loop
vertex 11.251768 0.152452 9.759372
vertex 11.231293 0.131699 9.739372
vertex 11.251768 0.131699 9.759372
endloop
endfacet
facet normal 0 0 0
outer loop
vertex 11.231293 0.152452 9.739372
vertex 11.231293 0.131699 9.739372
vertex 11.251768 0.152452 9.759372
endloop
endfacet
facet normal 0 0 0
outer loop
vertex 11.599857 0.131699 9.739372
vertex 11.620333 0.152452 9.739372
vertex 11.620333 0.131699 9.759372
endloop
endfacet
facet normal 0 0 0
outer loop
vertex 11.620333 0.152452 9.739372
vertex 11.640808 0.152452 9.759372
vertex 11.620333 0.131699 9.759372
endloop
endfacet
facet normal 0 0 0
outer loop
vertex 11.640808 0.152452 9.759372
vertex 11.640808 0.131699 9.759372
vertex 11.620333 0.131699 9.759372
endloop
endfacet
facet normal 0 0 0
outer loop
vertex 11.661283 0.152452 9.759372
vertex 11.640808 0.131699 9.759372
vertex 11.640808 0.152452 9.759372
endloop
endfacet
facet normal 0 0 0
outer loop
vertex 11.231293 0.152452 9.739372
vertex 11.231293 0.173205 9.739372
vertex 11.210817 0.152452 9.739372
endloop
endfacet
facet normal 0 0 0
outer loop
vertex 11.231293 0.173205 9.739372
vertex 11.210817 0.173205 9.739372
vertex 11.210817 0.152452 9.739372
endloop
endfacet
facet normal 0 0 0
outer loop
vertex 11.251768 0.152452 9.759372
vertex 11.251768 0.173205 9.739372
vertex 11.231293 0.152452 9.739372
endloop
endfacet
facet normal 0 0 0
outer loop
vertex 11.251768 0.173205 9.739372
vertex 11.231293 0.173205 9.739372
vertex 11.231293 0.152452 9.739372
endloop
endfacet
facet normal 0 0 0
outer loop
vertex 11.251768 0.152452 9.759372
vertex 11.272243 0.173205 9.759372
vertex 11.251768 0.173205 9.739372
endloop
endfacet
facet normal 0 0 0
outer loop
vertex 11.640808 0.152452 9.759372
vertex 11.620333 0.173205 9.739372
vertex 11.640808 0.173205 9.759372
endloop
endfacet
facet normal 0 0 0
outer loop
vertex 11.620333 0.152452 9.739372
vertex 11.620333 0.173205 9.739372
vertex 11.640808 0.152452 9.759372
endloop
endfacet
facet normal 0 0 0
outer loop
vertex 11.661283 0.152452 9.759372
vertex 11.640808 0.152452 9.759372
vertex 11.661283 0.173205 9.759372
endloop
endfacet
facet normal 0 0 0
outer loop
vertex 11.661283 0.173205 9.759372
vertex 11.640808 0.152452 9.759372
vertex 11.640808 0.173205 9.759372
endloop
endfacet
facet normal 0 0 0
outer loop
vertex 11.231293 0.193959 9.739372
vertex 11.210817 0.173205 9.739372
vertex 11.231293 0.173205 9.739372
endloop
endfacet
facet normal 0 0 0
outer loop
vertex 11.251768 0.173205 9.739372
vertex 11.251768 0.193959 9.739372
vertex 11.231293 0.173205 9.739372
endloop
endfacet
facet normal 0 0 0
outer loop
vertex 11.251768 0.193959 9.739372
vertex 11.231293 0.193959 9.739372
vertex 11.231293 0.173205 9.739372
endloop
endfacet
facet normal 0 0 0
outer loop
vertex 11.272243 0.193959 9.759372
vertex 11.251768 0.173205 9.739372
vertex 11.272243 0.173205 9.759372
endloop
endfacet
facet normal 0 0 0
outer loop
vertex 11.251768 0.193959 9.739372
vertex 11.251768 0.173205 9.739372
vertex 11.272243 0.193959 9.759372
endloop
endfacet
facet normal 0 0 0
outer loop
vertex 11.620333 0.173205 9.739372
vertex 11.640808 0.193959 9.739372
vertex 11.640808 0.173205 9.759372
endloop
endfacet
facet normal 0 0 0
outer loop
vertex 11.640808 0.193959 9.739372
vertex 11.661283 0.193959 9.759372
vertex 11.640808 0.173205 9.759372
endloop
endfacet
facet normal 0 0 0
outer loop
vertex 11.661283 0.193959 9.759372
vertex 11.661283 0.173205 9.759372
vertex 11.640808 0.173205 9.759372
endloop
endfacet
facet normal 0 0 0
outer loop
vertex 11.681761 0.193959 9.759372
vertex 11.661283 0.173205 9.759372
vertex 11.661283 0.193959 9.759372
endloop
endfacet
facet normal 0 0 0
outer loop
vertex 11.251768 0.214712 9.739372
vertex 11.231293 0.193959 9.739372
vertex 11.251768 0.193959 9.739372
endloop
endfacet
facet normal 0 0 0
outer loop
vertex 11.272243 0.214712 9.759372
vertex 11.251768 0.193959 9.739372
vertex 11.272243 0.193959 9.759372
endloop
endfacet
facet normal 0 0 0
outer loop
vertex 11.251768 0.214712 9.739372
vertex 11.251768 0.193959 9.739372
vertex 11.272243 0.214712 9.759372
endloop
endfacet
facet normal 0 0 0
outer loop
vertex 11.661283 0.193959 9.759372
vertex 11.640808 0.214712 9.739372
vertex 11.661283 0.214712 9.759372
endloop
endfacet
facet normal 0 0 0
outer loop
vertex 11.640808 0.193959 9.739372
vertex 11.640808 0.214712 9.739372
vertex 11.661283 0.193959 9.759372
endloop
endfacet
facet normal 0 0 0
outer loop
vertex 11.681761 0.193959 9.759372
vertex 11.661283 0.193959 9.759372
vertex 11.681761 0.214712 9.759372
endloop
endfacet
facet normal 0 0 0
outer loop
vertex 11.681761 0.214712 9.759372
vertex 11.661283 0.193959 9.759372
vertex 11.661283 0.214712 9.759372
endloop
endfacet
facet normal 0 0 0
outer loop
vertex 11.702236 0.214712 9.759372
vertex 11.681761 0.193959 9.759372
vertex 11.681761 0.214712 9.759372
endloop
endfacet
facet normal 0 0 0
outer loop
vertex 11.272243 0.214712 9.759372
vertex 11.272243 0.235465 9.739372
vertex 11.251768 0.214712 9.739372
endloop
endfacet
facet normal 0 0 0
outer loop
vertex 11.272243 0.235465 9.739372
vertex 11.251768 0.235465 9.739372
vertex 11.251768 0.214712 9.739372
endloop
endfacet
facet normal 0 0 0
outer loop
vertex 11.272243 0.214712 9.759372
vertex 11.292719 0.235465 9.759372
vertex 11.272243 0.235465 9.739372
endloop
endfacet
facet normal 0 0 0
outer loop
vertex 11.661283 0.214712 9.759372
vertex 11.640808 0.235465 9.739372
vertex 11.661283 0.235465 9.759372
endloop
endfacet
facet normal 0 0 0
outer loop
vertex 11.640808 0.214712 9.739372
vertex 11.640808 0.235465 9.739372
vertex 11.661283 0.214712 9.759372
endloop
endfacet
facet normal 0 0 0
outer loop
vertex 11.681761 0.214712 9.759372
vertex 11.661283 0.214712 9.759372
vertex 11.681761 0.235465 9.759372
endloop
endfacet
facet normal 0 0 0
outer loop
vertex 11.681761 0.235465 9.759372
vertex 11.661283 0.214712 9.759372
vertex 11.661283 0.235465 9.759372
endloop
endfacet
facet normal 0 0 0
outer loop
vertex 11.702236 0.214712 9.759372
vertex 11.681761 0.214712 9.759372
vertex 11.702236 0.235465 9.759372
endloop
endfacet
facet normal 0 0 0
outer loop
vertex 11.702236 0.235465 9.759372
vertex 11.681761 0.214712 9.759372
vertex 11.681761 0.235465 9.759372
endloop
endfacet
facet normal 0 0 0
outer loop
vertex 11.272243 0.256219 9.739372
vertex 11.251768 0.235465 9.739372
vertex 11.272243 0.235465 9.739372
endloop
endfacet
facet normal 0 0 0
outer loop
vertex 11.292719 0.235465 9.759372
vertex 11.292719 0.256219 9.739372
vertex 11.272243 0.235465 9.739372
endloop
endfacet
facet normal 0 0 0
outer loop
vertex 11.292719 0.256219 9.739372
vertex 11.272243 0.256219 9.739372
vertex 11.272243 0.235465 9.739372
endloop
endfacet
facet normal 0 0 0
outer loop
vertex 11.292719 0.235465 9.759372
vertex 11.313196 0.256219 9.759372
vertex 11.292719 0.256219 9.739372
endloop
endfacet
facet normal 0 0 0
outer loop
vertex 11.640808 0.235465 9.739372
vertex 11.661283 0.256219 9.739372
vertex 11.661283 0.235465 9.759372
endloop
endfacet
facet normal 0 0 0
outer loop
vertex 11.661283 0.256219 9.739372
vertex 11.681761 0.256219 9.759372
vertex 11.661283 0.235465 9.759372
endloop
endfacet
facet normal 0 0 0
outer loop
vertex 11.681761 0.256219 9.759372
vertex 11.681761 0.235465 9.759372
vertex 11.661283 0.235465 9.759372
endloop
endfacet
facet normal 0 0 0
outer loop
vertex 11.702236 0.235465 9.759372
vertex 11.681761 0.235465 9.759372
vertex 11.702236 0.256219 9.759372
endloop
endfacet
facet normal 0 0 0
outer loop
vertex 11.702236 0.256219 9.759372
vertex 11.681761 0.235465 9.759372
vertex 11.681761 0.256219 9.759372
endloop
endfacet
facet normal 0 0 0
outer loop
vertex 11.292719 0.256219 9.739372
vertex 11.313196 0.256219 9.759372
vertex 11.313196 0.276972 9.739372
endloop
endfacet
facet normal 0 0 0
outer loop
vertex 11.313196 0.256219 9.759372
vertex 11.333672 0.276972 9.759372
vertex 11.313196 0.276972 9.739372
endloop
endfacet
facet normal 0 0 0
outer loop
vertex 11.661283 0.256219 9.739372
vertex 11.640808 0.276972 9.739372
vertex 11.661283 0.276972 9.759372
endloop
endfacet
facet normal 0 0 0
outer loop
vertex 11.661283 0.256219 9.739372
vertex 11.661283 0.276972 9.759372
vertex 11.681761 0.256219 9.759372
endloop
endfacet
facet normal 0 0 0
outer loop
vertex 11.661283 0.276972 9.759372
vertex 11.681761 0.276972 9.759372
vertex 11.681761 0.256219 9.759372
endloop
endfacet
facet normal 0 0 0
outer loop
vertex 11.702236 0.256219 9.759372
vertex 11.681761 0.256219 9.759372
vertex 11.702236 0.276972 9.759372
endloop
endfacet
facet normal 0 0 0
outer loop
vertex 11.702236 0.276972 9.759372
vertex 11.681761 0.256219 9.759372
vertex 11.681761 0.276972 9.759372
endloop
endfacet
facet normal 0 0 0
outer loop
vertex 11.313196 0.276972 9.739372
vertex 11.333672 0.276972 9.759372
vertex 11.333672 0.297725 9.739372
endloop
endfacet
facet normal 0 0 0
outer loop
vertex 11.333672 0.297725 9.739372
vertex 11.354147 0.276972 9.759372
vertex 11.354147 0.297725 9.739372
endloop
endfacet
facet normal 0 0 0
outer loop
vertex 11.333672 0.276972 9.759372
vertex 11.354147 0.276972 9.759372
vertex 11.333672 0.297725 9.739372
endloop
endfacet
facet normal 0 0 0
outer loop
vertex 11.354147 0.276972 9.759372
vertex 11.374622 0.297725 9.759372
vertex 11.354147 0.297725 9.739372
endloop
endfacet
facet normal 0 0 0
outer loop
vertex 11.640808 0.276972 9.739372
vertex 11.620333 0.297725 9.739372
vertex 11.640808 0.297725 9.759372
endloop
endfacet
facet normal 0 0 0
outer loop
vertex 11.640808 0.276972 9.739372
vertex 11.640808 0.297725 9.759372
vertex 11.661283 0.276972 9.759372
endloop
endfacet
facet normal 0 0 0
outer loop
vertex 11.640808 0.297725 9.759372
vertex 11.661283 0.297725 9.759372
vertex 11.661283 0.276972 9.759372
endloop
endfacet
facet normal 0 0 0
outer loop
vertex 11.681761 0.276972 9.759372
vertex 11.661283 0.276972 9.759372
vertex 11.681761 0.297725 9.759372
endloop
endfacet
facet normal 0 0 0
outer loop
vertex 11.681761 0.297725 9.759372
vertex 11.661283 0.276972 9.759372
vertex 11.661283 0.297725 9.759372
endloop
endfacet
facet normal 0 0 0
outer loop
vertex 11.681761 0.297725 9.759372
vertex 11.702236 0.276972 9.759372
vertex 11.681761 0.276972 9.759372
endloop
endfacet
facet normal 0 0 0
outer loop
vertex 11.354147 0.297725 9.739372
vertex 11.374622 0.297725 9.759372
vertex 11.374622 0.297725 9.739372
endloop
endfacet
facet normal 0 0 0
outer loop
vertex 11.395100 0.318479 9.739372
vertex 11.374622 0.297725 9.739372
vertex 11.395100 0.297725 9.759372
endloop
endfacet
facet normal 0 0 0
outer loop
vertex 11.374622 0.297725 9.739372
vertex 11.374622 0.297725 9.759372
vertex 11.395100 0.297725 9.759372
endloop
endfacet
facet normal 0 0 0
outer loop
vertex 11.395100 0.297725 9.759372
vertex 11.415575 0.318479 9.759372
vertex 11.395100 0.318479 9.739372
endloop
endfacet
facet normal 0 0 0
outer loop
vertex 11.620333 0.297725 9.739372
vertex 11.599857 0.318479 9.739372
vertex 11.620333 0.318479 9.759372
endloop
endfacet
facet normal 0 0 0
outer loop
vertex 11.620333 0.297725 9.739372
vertex 11.620333 0.318479 9.759372
vertex 11.640808 0.297725 9.759372
endloop
endfacet
facet normal 0 0 0
outer loop
vertex 11.620333 0.318479 9.759372
vertex 11.640808 0.318479 9.759372
vertex 11.640808 0.297725 9.759372
endloop
endfacet
facet normal 0 0 0
outer loop
vertex 11.661283 0.297725 9.759372
vertex 11.640808 0.297725 9.759372
vertex 11.661283 0.318479 9.759372
endloop
endfacet
facet normal 0 0 0
outer loop
vertex 11.661283 0.318479 9.759372
vertex 11.640808 0.297725 9.759372
vertex 11.640808 0.318479 9.759372
endloop
endfacet
facet normal 0 0 0
outer loop
vertex 11.661283 0.318479 9.759372
vertex 11.681761 0.297725 9.759372
vertex 11.661283 0.297725 9.759372
endloop
endfacet
facet normal 0 0 0
outer loop
vertex 11.395100 0.318479 9.739372
vertex 11.415575 0.318479 9.759372
vertex 11.415575 0.318479 9.739372
endloop
endfacet
facet normal 0 0 0
outer loop
vertex 11.436050 0.318479 9.739372
vertex 11.415575 0.318479 9.739372
vertex 11.436050 0.318479 9.759372
endloop
endfacet
facet normal 0 0 0
outer loop
vertex 11.415575 0.318479 9.739372
vertex 11.415575 0.318479 9.759372
vertex 11.436050 0.318479 9.759372
endloop
endfacet
facet normal 0 0 0
outer loop
vertex 11.456526 0.339232 9.759372
vertex 11.456526 0.318479 9.739372
vertex 11.436050 0.318479 9.759372
endloop
endfacet
facet normal 0 0 0
outer loop
vertex 11.456526 0.318479 9.739372
vertex 11.436050 0.318479 9.739372
vertex 11.436050 0.318479 9.759372
endloop
endfacet
facet normal 0 0 0
outer loop
vertex 11.456526 0.318479 9.739372
vertex 11.477001 0.339232 9.759372
vertex 11.477001 0.318479 9.739372
endloop
endfacet
facet normal 0 0 0
outer loop
vertex 11.456526 0.339232 9.759372
vertex 11.477001 0.339232 9.759372
vertex 11.456526 0.318479 9.739372
endloop
endfacet
facet normal 0 0 0
outer loop
vertex 11.477001 0.318479 9.739372
vertex 11.497478 0.339232 9.759372
vertex 11.497478 0.318479 9.739372
endloop
endfacet
facet normal 0 0 0
outer loop
vertex 11.477001 0.339232 9.759372
vertex 11.497478 0.339232 9.759372
vertex 11.477001 0.318479 9.739372
endloop
endfacet
facet normal 0 0 0
outer loop
vertex 11.497478 0.318479 9.739372
vertex 11.517954 0.339232 9.759372
vertex 11.517954 0.318479 9.739372
endloop
endfacet
facet normal 0 0 0
outer loop
vertex 11.497478 0.339232 9.759372
vertex 11.517954 0.339232 9.759372
vertex 11.497478 0.318479 9.739372
endloop
endfacet
facet normal 0 0 0
outer loop
vertex 11.517954 0.318479 9.739372
vertex 11.538429 0.339232 9.759372
vertex 11.538429 0.318479 9.739372
endloop
endfacet
facet normal 0 0 0
outer loop
vertex 11.517954 0.339232 9.759372
vertex 11.538429 0.339232 9.759372
vertex 11.517954 0.318479 9.739372
endloop
endfacet
facet normal 0 0 0
outer loop
vertex 11.538429 0.318479 9.739372
vertex 11.558905 0.339232 9.759372
vertex 11.558905 0.318479 9.739372
endloop
endfacet
facet normal 0 0 0
outer loop
vertex 11.538429 0.339232 9.759372
vertex 11.558905 0.339232 9.759372
vertex 11.538429 0.318479 9.739372
endloop
endfacet
facet normal 0 0 0
outer loop
vertex 11.558905 0.318479 9.739372
vertex 11.579380 0.339232 9.759372
vertex 11.579380 0.318479 9.739372
endloop
endfacet
facet normal 0 0 0
outer loop
vertex 11.558905 0.339232 9.759372
vertex 11.579380 0.339232 9.759372
vertex 11.558905 0.318479 9.739372
endloop
endfacet
facet normal 0 0 0
outer loop
vertex 11.579380 0.318479 9.739372
vertex 11.599857 0.339232 9.759372
vertex 11.599857 0.318479 9.739372
endloop
endfacet
facet normal 0 0 0
outer loop
vertex 11.579380 0.339232 9.759372
vertex 11.599857 0.339232 9.759372
vertex 11.579380 0.318479 9.739372
endloop
endfacet
facet normal 0 0 0
outer loop
vertex 11.599857 0.318479 9.739372
vertex 11.599857 0.339232 9.759372
vertex 11.620333 0.318479 9.759372
endloop
endfacet
facet normal 0 0 0
outer loop
vertex 11.599857 0.339232 9.759372
vertex 11.620333 0.339232 9.759372
vertex 11.620333 0.318479 9.759372
endloop
endfacet
facet normal 0 0 0
outer loop
vertex 11.620333 0.339232 9.759372
vertex 11.640808 0.318479 9.759372
vertex 11.620333 0.318479 9.759372
endloop
endfacet
facet normal 0 0 0
outer loop
vertex 11.354147 0.007179 9.779371
vertex 11.333672 0.007179 9.759372
vertex 11.354147 0.007179 9.759372
endloop
endfacet
facet normal 0 0 0
outer loop
vertex 11.374622 0.007179 9.759372
vertex 11.374622 0.007179 9.779371
vertex 11.354147 0.007179 9.759372
endloop
endfacet
facet normal 0 0 0
outer loop
vertex 11.354147 0.007179 9.759372
vertex 11.374622 0.007179 9.779371
vertex 11.354147 0.007179 9.779371
endloop
endfacet
facet normal 0 0 0
outer loop
vertex 11.395100 0.007179 9.759372
vertex 11.395100 0.007179 9.779371
vertex 11.374622 0.007179 9.759372
endloop
endfacet
facet normal 0 0 0
outer loop
vertex 11.374622 0.007179 9.759372
vertex 11.395100 0.007179 9.779371
vertex 11.374622 0.007179 9.779371
endloop
endfacet
facet normal 0 0 0
outer loop
vertex 11.415575 0.007179 9.759372
vertex 11.415575 0.007179 9.779371
vertex 11.395100 0.007179 9.759372
endloop
endfacet
facet normal 0 0 0
outer loop
vertex 11.395100 0.007179 9.759372
vertex 11.415575 0.007179 9.779371
vertex 11.395100 0.007179 9.779371
endloop
endfacet
facet normal 0 0 0
outer loop
vertex 11.436050 0.007179 9.759372
vertex 11.436050 0.007179 9.779371
vertex 11.415575 0.007179 9.759372
endloop
endfacet
facet normal 0 0 0
outer loop
vertex 11.415575 0.007179 9.759372
vertex 11.436050 0.007179 9.779371
vertex 11.415575 0.007179 9.779371
endloop
endfacet
facet normal 0 0 0
outer loop
vertex 11.456526 0.007179 9.759372
vertex 11.456526 0.007179 9.779371
vertex 11.436050 0.007179 9.759372
endloop
endfacet
facet normal 0 0 0
outer loop
vertex 11.436050 0.007179 9.759372
vertex 11.456526 0.007179 9.779371
vertex 11.436050 0.007179 9.779371
endloop
endfacet
facet normal 0 0 0
outer loop
vertex 11.477001 0.007179 9.759372
vertex 11.477001 0.007179 9.779371
vertex 11.456526 0.007179 9.759372
endloop
endfacet
facet normal 0 0 0
outer loop
vertex 11.456526 0.007179 9.759372
vertex 11.477001 0.007179 9.779371
vertex 11.456526 0.007179 9.779371
endloop
endfacet
facet normal 0 0 0
outer loop
vertex 11.313196 0.027932 9.779371
vertex 11.292719 0.027932 9.759372
vertex 11.313196 0.027932 9.759372
endloop
endfacet
facet normal 0 0 0
outer loop
vertex 11.333672 0.007179 9.759372
vertex 11.333672 0.027932 9.779371
vertex 11.313196 0.027932 9.759372
endloop
endfacet
facet normal 0 0 0
outer loop
vertex 11.333672 0.027932 9.779371
vertex 11.313196 0.027932 9.779371
vertex 11.313196 0.027932 9.759372
endloop
endfacet
facet normal 0 0 0
outer loop
vertex 11.354147 0.007179 9.779371
vertex 11.333672 0.027932 9.779371
vertex 11.333672 0.007179 9.759372
endloop
endfacet
facet normal 0 0 0
outer loop
vertex 11.477001 0.007179 9.759372
vertex 11.497478 0.027932 9.779371
vertex 11.477001 0.007179 9.779371
endloop
endfacet
facet normal 0 0 0
outer loop
vertex 11.497478 0.027932 9.759372
vertex 11.497478 0.027932 9.779371
vertex 11.477001 0.007179 9.759372
endloop
endfacet
facet normal 0 0 0
outer loop
vertex 11.517954 0.027932 9.759372
vertex 11.517954 0.027932 9.779371
vertex 11.497478 0.027932 9.759372
endloop
endfacet
facet normal 0 0 0
outer loop
vertex 11.497478 0.027932 9.759372
vertex 11.517954 0.027932 9.779371
vertex 11.497478 0.027932 9.779371
endloop
endfacet
facet normal 0 0 0
outer loop
vertex 11.292719 0.027932 9.759372
vertex 11.292719 0.048685 9.779371
vertex 11.272243 0.048685 9.759372
endloop
endfacet
facet normal 0 0 0
outer loop
vertex 11.313196 0.027932 9.779371
vertex 11.292719 0.048685 9.779371
vertex 11.292719 0.027932 9.759372
endloop
endfacet
facet normal 0 0 0
outer loop
vertex 11.517954 0.027932 9.759372
vertex 11.538429 0.048685 9.779371
vertex 11.517954 0.027932 9.779371
endloop
endfacet
facet normal 0 0 0
outer loop
vertex 11.538429 0.048685 9.759372
vertex 11.538429 0.048685 9.779371
vertex 11.517954 0.027932 9.759372
endloop
endfacet
facet normal 0 0 0
outer loop
vertex 11.538429 0.048685 9.759372
vertex 11.558905 0.048685 9.779371
vertex 11.538429 0.048685 9.779371
endloop
endfacet
facet normal 0 0 0
outer loop
vertex 11.272243 0.048685 9.759372
vertex 11.272243 0.069439 9.779371
vertex 11.272243 0.069439 9.759372
endloop
endfacet
facet normal 0 0 0
outer loop
vertex 11.292719 0.048685 9.779371
vertex 11.272243 0.069439 9.779371
vertex 11.272243 0.048685 9.759372
endloop
endfacet
facet normal 0 0 0
outer loop
vertex 11.538429 0.048685 9.759372
vertex 11.558905 0.069439 9.759372
vertex 11.558905 0.048685 9.779371
endloop
endfacet
facet normal 0 0 0
outer loop
vertex 11.558905 0.048685 9.779371
vertex 11.558905 0.069439 9.759372
vertex 11.579380 0.069439 9.779371
endloop
endfacet
facet normal 0 0 0
outer loop
vertex 11.558905 0.069439 9.759372
vertex 11.579380 0.069439 9.759372
vertex 11.579380 0.069439 9.779371
endloop
endfacet
facet normal 0 0 0
outer loop
vertex 11.251768 0.090192 9.759372
vertex 11.272243 0.069439 9.759372
vertex 11.272243 0.090192 9.779371
endloop
endfacet
facet normal 0 0 0
outer loop
vertex 11.272243 0.069439 9.759372
vertex 11.272243 0.069439 9.779371
vertex 11.272243 0.090192 9.779371
endloop
endfacet
facet normal 0 0 0
outer loop
vertex 11.579380 0.069439 9.759372
vertex 11.599857 0.090192 9.779371
vertex 11.579380 0.069439 9.779371
endloop
endfacet
facet normal 0 0 0
outer loop
vertex 11.599857 0.090192 9.759372
vertex 11.599857 0.090192 9.779371
vertex 11.579380 0.069439 9.759372
endloop
endfacet
facet normal 0 0 0
outer loop
vertex 11.599857 0.090192 9.759372
vertex 11.620333 0.090192 9.779371
vertex 11.599857 0.090192 9.779371
endloop
endfacet
facet normal 0 0 0
outer loop
vertex 11.251768 0.090192 9.759372
vertex 11.251768 0.110945 9.779371
vertex 11.251768 0.110945 9.759372
endloop
endfacet
facet normal 0 0 0
outer loop
vertex 11.272243 0.090192 9.779371
vertex 11.251768 0.110945 9.779371
vertex 11.251768 0.090192 9.759372
endloop
endfacet
facet normal 0 0 0
outer loop
vertex 11.599857 0.090192 9.759372
vertex 11.620333 0.110945 9.759372
vertex 11.620333 0.090192 9.779371
endloop
endfacet
facet normal 0 0 0
outer loop
vertex 11.620333 0.110945 9.759372
vertex 11.640808 0.110945 9.779371
vertex 11.620333 0.090192 9.779371
endloop
endfacet
facet normal 0 0 0
outer loop
vertex 11.251768 0.110945 9.759372
vertex 11.251768 0.110945 9.779371
vertex 11.251768 0.131699 9.759372
endloop
endfacet
facet normal 0 0 0
outer loop
vertex 11.251768 0.110945 9.779371
vertex 11.251768 0.131699 9.779371
vertex 11.251768 0.131699 9.759372
endloop
endfacet
facet normal 0 0 0
outer loop
vertex 11.620333 0.110945 9.759372
vertex 11.640808 0.131699 9.759372
vertex 11.640808 0.110945 9.779371
endloop
endfacet
facet normal 0 0 0
outer loop
vertex 11.640808 0.131699 9.759372
vertex 11.661283 0.131699 9.779371
vertex 11.640808 0.110945 9.779371
endloop
endfacet
facet normal 0 0 0
outer loop
vertex 11.251768 0.131699 9.759372
vertex 11.251768 0.131699 9.779371
vertex 11.251768 0.152452 9.759372
endloop
endfacet
facet normal 0 0 0
outer loop
vertex 11.251768 0.131699 9.779371
vertex 11.251768 0.152452 9.779371
vertex 11.251768 0.152452 9.759372
endloop
endfacet
facet normal 0 0 0
outer loop
vertex 11.640808 0.131699 9.759372
vertex 11.661283 0.152452 9.759372
vertex 11.661283 0.131699 9.779371
endloop
endfacet
facet normal 0 0 0
outer loop
vertex 11.661283 0.152452 9.759372
vertex 11.681761 0.152452 9.779371
vertex 11.661283 0.131699 9.779371
endloop
endfacet
facet normal 0 0 0
outer loop
vertex 11.251768 0.152452 9.779371
vertex 11.272243 0.173205 9.759372
vertex 11.251768 0.152452 9.759372
endloop
endfacet
facet normal 0 0 0
outer loop
vertex 11.272243 0.173205 9.779371
vertex 11.272243 0.173205 9.759372
vertex 11.251768 0.152452 9.779371
endloop
endfacet
facet normal 0 0 0
outer loop
vertex 11.681761 0.152452 9.779371
vertex 11.661283 0.173205 9.759372
vertex 11.681761 0.173205 9.779371
endloop
endfacet
facet normal 0 0 0
outer loop
vertex 11.661283 0.152452 9.759372
vertex 11.661283 0.173205 9.759372
vertex 11.681761 0.152452 9.779371
endloop
endfacet
facet normal 0 0 0
outer loop
vertex 11.702236 0.173205 9.779371
vertex 11.681761 0.152452 9.779371
vertex 11.681761 0.173205 9.779371
endloop
endfacet
facet normal 0 0 0
outer loop
vertex 11.272243 0.173205 9.759372
vertex 11.272243 0.173205 9.779371
vertex 11.272243 0.193959 9.759372
endloop
endfacet
facet normal 0 0 0
outer loop
vertex 11.272243 0.173205 9.779371
vertex 11.272243 0.193959 9.779371
vertex 11.272243 0.193959 9.759372
endloop
endfacet
facet normal 0 0 0
outer loop
vertex 11.661283 0.173205 9.759372
vertex 11.681761 0.193959 9.759372
vertex 11.681761 0.173205 9.779371
endloop
endfacet
facet normal 0 0 0
outer loop
vertex 11.681761 0.193959 9.759372
vertex 11.702236 0.193959 9.779371
vertex 11.681761 0.173205 9.779371
endloop
endfacet
facet normal 0 0 0
outer loop
vertex 11.702236 0.193959 9.779371
vertex 11.702236 0.173205 9.779371
vertex 11.681761 0.173205 9.779371
endloop
endfacet
facet normal 0 0 0
outer loop
vertex 11.272243 0.193959 9.779371
vertex 11.272243 0.214712 9.759372
vertex 11.272243 0.193959 9.759372
endloop
endfacet
facet normal 0 0 0
outer loop
vertex 11.272243 0.193959 9.779371
vertex 11.292719 0.214712 9.779371
vertex 11.272243 0.214712 9.759372
endloop
endfacet
facet normal 0 0 0
outer loop
vertex 11.681761 0.193959 9.759372
vertex 11.702236 0.214712 9.759372
vertex 11.702236 0.193959 9.779371
endloop
endfacet
facet normal 0 0 0
outer loop
vertex 11.702236 0.214712 9.759372
vertex 11.722712 0.214712 9.779371
vertex 11.702236 0.193959 9.779371
endloop
endfacet
facet normal 0 0 0
outer loop
vertex 11.722712 0.214712 9.779371
vertex 11.722712 0.193959 9.779371
vertex 11.702236 0.193959 9.779371
endloop
endfacet
facet normal 0 0 0
outer loop
vertex 11.272243 0.214712 9.759372
vertex 11.292719 0.214712 9.779371
vertex 11.292719 0.235465 9.759372
endloop
endfacet
facet normal 0 0 0
outer loop
vertex 11.292719 0.214712 9.779371
vertex 11.313196 0.235465 9.779371
vertex 11.292719 0.235465 9.759372
endloop
endfacet
facet normal 0 0 0
outer loop
vertex 11.722712 0.214712 9.779371
vertex 11.702236 0.235465 9.759372
vertex 11.722712 0.235465 9.779371
endloop
endfacet
facet normal 0 0 0
outer loop
vertex 11.702236 0.214712 9.759372
vertex 11.702236 0.235465 9.759372
vertex 11.722712 0.214712 9.779371
endloop
endfacet
facet normal 0 0 0
outer loop
vertex 11.292719 0.235465 9.759372
vertex 11.313196 0.235465 9.779371
vertex 11.313196 0.256219 9.759372
endloop
endfacet
facet normal 0 0 0
outer loop
vertex 11.313196 0.235465 9.779371
vertex 11.333672 0.256219 9.779371
vertex 11.313196 0.256219 9.759372
endloop
endfacet
facet normal 0 0 0
outer loop
vertex 11.722712 0.235465 9.779371
vertex 11.702236 0.256219 9.759372
vertex 11.722712 0.256219 9.779371
endloop
endfacet
facet normal 0 0 0
outer loop
vertex 11.702236 0.235465 9.759372
vertex 11.702236 0.256219 9.759372
vertex 11.722712 0.235465 9.779371
endloop
endfacet
facet normal 0 0 0
outer loop
vertex 11.313196 0.256219 9.759372
vertex 11.333672 0.256219 9.779371
vertex 11.333672 0.276972 9.759372
endloop
endfacet
facet normal 0 0 0
outer loop
vertex 11.333672 0.256219 9.779371
vertex 11.354147 0.276972 9.779371
vertex 11.333672 0.276972 9.759372
endloop
endfacet
facet normal 0 0 0
outer loop
vertex 11.722712 0.256219 9.779371
vertex 11.702236 0.276972 9.759372
vertex 11.722712 0.276972 9.779371
endloop
endfacet
facet normal 0 0 0
outer loop
vertex 11.702236 0.256219 9.759372
vertex 11.702236 0.276972 9.759372
vertex 11.722712 0.256219 9.779371
endloop
endfacet
facet normal 0 0 0
outer loop
vertex 11.333672 0.276972 9.759372
vertex 11.354147 0.276972 9.779371
vertex 11.354147 0.276972 9.759372
endloop
endfacet
facet normal 0 0 0
outer loop
vertex 11.354147 0.276972 9.779371
vertex 11.374622 0.297725 9.759372
vertex 11.354147 0.276972 9.759372
endloop
endfacet
facet normal 0 0 0
outer loop
vertex 11.374622 0.297725 9.779371
vertex 11.374622 0.297725 9.759372
vertex 11.354147 0.276972 9.779371
endloop
endfacet
facet normal 0 0 0
outer loop
vertex 11.702236 0.276972 9.759372
vertex 11.681761 0.297725 9.759372
vertex 11.702236 0.297725 9.779371
endloop
endfacet
facet normal 0 0 0
outer loop
vertex 11.702236 0.276972 9.759372
vertex 11.702236 0.297725 9.779371
vertex 11.722712 0.276972 9.779371
endloop
endfacet
facet normal 0 0 0
outer loop
vertex 11.395100 0.297725 9.759372
vertex 11.374622 0.297725 9.759372
vertex 11.395100 0.297725 9.779371
endloop
endfacet
facet normal 0 0 0
outer loop
vertex 11.374622 0.297725 9.759372
vertex 11.374622 0.297725 9.779371
vertex 11.395100 0.297725 9.779371
endloop
endfacet
facet normal 0 0 0
outer loop
vertex 11.395100 0.297725 9.779371
vertex 11.415575 0.318479 9.759372
vertex 11.395100 0.297725 9.759372
endloop
endfacet
facet normal 0 0 0
outer loop
vertex 11.415575 0.318479 9.779371
vertex 11.415575 0.318479 9.759372
vertex 11.395100 0.297725 9.779371
endloop
endfacet
facet normal 0 0 0
outer loop
vertex 11.681761 0.297725 9.759372
vertex 11.661283 0.318479 9.759372
vertex 11.681761 0.318479 9.779371
endloop
endfacet
facet normal 0 0 0
outer loop
vertex 11.681761 0.297725 9.759372
vertex 11.681761 0.318479 9.779371
vertex 11.702236 0.297725 9.779371
endloop
endfacet
facet normal 0 0 0
outer loop
vertex 11.436050 0.318479 9.759372
vertex 11.415575 0.318479 9.759372
vertex 11.436050 0.318479 9.779371
endloop
endfacet
facet normal 0 0 0
outer loop
vertex 11.415575 0.318479 9.759372
vertex 11.415575 0.318479 9.779371
vertex 11.436050 0.318479 9.779371
endloop
endfacet
facet normal 0 0 0
outer loop
vertex 11.456526 0.339232 9.759372
vertex 11.436050 0.318479 9.759372
vertex 11.456526 0.318479 9.779371
endloop
endfacet
facet normal 0 0 0
outer loop
vertex 11.436050 0.318479 9.759372
vertex 11.436050 0.318479 9.779371
vertex 11.456526 0.318479 9.779371
endloop
endfacet
facet normal 0 0 0
outer loop
vertex 11.456526 0.318479 9.779371
vertex 11.477001 0.339232 9.779371
vertex 11.456526 0.339232 9.759372
endloop
endfacet
facet normal 0 0 0
outer loop
vertex 11.640808 0.318479 9.759372
vertex 11.620333 0.339232 9.759372
vertex 11.640808 0.339232 9.779371
endloop
endfacet
facet normal 0 0 0
outer loop
vertex 11.640808 0.339232 9.779371
vertex 11.661283 0.318479 9.779371
vertex 11.640808 0.318479 9.759372
endloop
endfacet
facet normal 0 0 0
outer loop
vertex 11.661283 0.318479 9.779371
vertex 11.661283 0.318479 9.759372
vertex 11.640808 0.318479 9.759372
endloop
endfacet
facet normal 0 0 0
outer loop
vertex 11.681761 0.318479 9.779371
vertex 11.661283 0.318479 9.759372
vertex 11.661283 0.318479 9.779371
endloop
endfacet
facet normal 0 0 0
outer loop
vertex 11.456526 0.339232 9.759372
vertex 11.477001 0.339232 9.779371
vertex 11.477001 0.339232 9.759372
endloop
endfacet
facet normal 0 0 0
outer loop
vertex 11.497478 0.339232 9.759372
vertex 11.477001 0.339232 9.759372
vertex 11.497478 0.339232 9.779371
endloop
endfacet
facet normal 0 0 0
outer loop
vertex 11.477001 0.339232 9.759372
vertex 11.477001 0.339232 9.779371
vertex 11.497478 0.339232 9.779371
endloop
endfacet
facet normal 0 0 0
outer loop
vertex 11.517954 0.339232 9.759372
vertex 11.497478 0.339232 9.759372
vertex 11.517954 0.339232 9.779371
endloop
endfacet
facet normal 0 0 0
outer loop
vertex 11.497478 0.339232 9.759372
vertex 11.497478 0.339232 9.779371
vertex 11.517954 0.339232 9.779371
endloop
endfacet
facet normal 0 0 0
outer loop
vertex 11.538429 0.339232 9.759372
vertex 11.517954 0.339232 9.759372
vertex 11.538429 0.339232 9.779371
endloop
endfacet
facet normal 0 0 0
outer loop
vertex 11.517954 0.339232 9.759372
vertex 11.517954 0.339232 9.779371
vertex 11.538429 0.339232 9.779371
endloop
endfacet
facet normal 0 0 0
outer loop
vertex 11.558905 0.339232 9.759372
vertex 11.538429 0.339232 9.759372
vertex 11.558905 0.339232 9.779371
endloop
endfacet
facet normal 0 0 0
outer loop
vertex 11.538429 0.339232 9.759372
vertex 11.538429 0.339232 9.779371
vertex 11.558905 0.339232 9.779371
endloop
endfacet
facet normal 0 0 0
outer loop
vertex 11.579380 0.339232 9.759372
vertex 11.558905 0.339232 9.759372
vertex 11.579380 0.339232 9.779371
endloop
endfacet
facet normal 0 0 0
outer loop
vertex 11.558905 0.339232 9.759372
vertex 11.558905 0.339232 9.779371
vertex 11.579380 0.339232 9.779371
endloop
endfacet
facet normal 0 0 0
outer loop
vertex 11.599857 0.339232 9.759372
vertex 11.579380 0.339232 9.759372
vertex 11.599857 0.339232 9.779371
endloop
endfacet
facet normal 0 0 0
outer loop
vertex 11.579380 0.339232 9.759372
vertex 11.579380 0.339232 9.779371
vertex 11.599857 0.339232 9.779371
endloop
endfacet
facet normal 0 0 0
outer loop
vertex 11.620333 0.339232 9.759372
vertex 11.599857 0.339232 9.759372
vertex 11.620333 0.339232 9.779371
endloop
endfacet
facet normal 0 0 0
outer loop
vertex 11.599857 0.339232 9.759372
vertex 11.599857 0.339232 9.779371
vertex 11.620333 0.339232 9.779371
endloop
endfacet
facet normal 0 0 0
outer loop
vertex 11.640808 0.339232 9.779371
vertex 11.620333 0.339232 9.759372
vertex 11.620333 0.339232 9.779371
endloop
endfacet
facet normal 0 0 0
outer loop
vertex 11.292719 0.027932 9.799372
vertex 11.313196 0.027932 9.779371
vertex 11.313196 0.027932 9.799372
endloop
endfacet
facet normal 0 0 0
outer loop
vertex 11.333672 0.027932 9.779371
vertex 11.333672 0.027932 9.799372
vertex 11.313196 0.027932 9.779371
endloop
endfacet
facet normal 0 0 0
outer loop
vertex 11.313196 0.027932 9.779371
vertex 11.333672 0.027932 9.799372
vertex 11.313196 0.027932 9.799372
endloop
endfacet
facet normal 0 0 0
outer loop
vertex 11.354147 0.007179 9.779371
vertex 11.354147 0.027932 9.799372
vertex 11.333672 0.027932 9.779371
endloop
endfacet
facet normal 0 0 0
outer loop
vertex 11.354147 0.027932 9.799372
vertex 11.333672 0.027932 9.799372
vertex 11.333672 0.027932 9.779371
endloop
endfacet
facet normal 0 0 0
outer loop
vertex 11.374622 0.007179 9.779371
vertex 11.354147 0.027932 9.799372
vertex 11.354147 0.007179 9.779371
endloop
endfacet
facet normal 0 0 0
outer loop
vertex 11.374622 0.027932 9.799372
vertex 11.354147 0.027932 9.799372
vertex 11.374622 0.007179 9.779371
endloop
endfacet
facet normal 0 0 0
outer loop
vertex 11.395100 0.007179 9.779371
vertex 11.374622 0.027932 9.799372
vertex 11.374622 0.007179 9.779371
endloop
endfacet
facet normal 0 0 0
outer loop
vertex 11.395100 0.027932 9.799372
vertex 11.374622 0.027932 9.799372
vertex 11.395100 0.007179 9.779371
endloop
endfacet
facet normal 0 0 0
outer loop
vertex 11.415575 0.007179 9.779371
vertex 11.395100 0.027932 9.799372
vertex 11.395100 0.007179 9.779371
endloop
endfacet
facet normal 0 0 0
outer loop
vertex 11.415575 0.027932 9.799372
vertex 11.395100 0.027932 9.799372
vertex 11.415575 0.007179 9.779371
endloop
endfacet
facet normal 0 0 0
outer loop
vertex 11.436050 0.007179 9.779371
vertex 11.415575 0.027932 9.799372
vertex 11.415575 0.007179 9.779371
endloop
endfacet
facet normal 0 0 0
outer loop
vertex 11.436050 0.027932 9.799372
vertex 11.415575 0.027932 9.799372
vertex 11.436050 0.007179 9.779371
endloop
endfacet
facet normal 0 0 0
outer loop
vertex 11.456526 0.007179 9.779371
vertex 11.436050 0.027932 9.799372
vertex 11.436050 0.007179 9.779371
endloop
endfacet
facet normal 0 0 0
outer loop
vertex 11.456526 0.027932 9.799372
vertex 11.436050 0.027932 9.799372
vertex 11.456526 0.007179 9.779371
endloop
endfacet
facet normal 0 0 0
outer loop
vertex 11.477001 0.007179 9.779371
vertex 11.456526 0.027932 9.799372
vertex 11.456526 0.007179 9.779371
endloop
endfacet
facet normal 0 0 0
outer loop
vertex 11.477001 0.027932 9.799372
vertex 11.456526 0.027932 9.799372
vertex 11.477001 0.007179 9.779371
endloop
endfacet
facet normal 0 0 0
outer loop
vertex 11.477001 0.007179 9.779371
vertex 11.497478 0.027932 9.779371
vertex 11.477001 0.027932 9.799372
endloop
endfacet
facet normal 0 0 0
outer loop
vertex 11.497478 0.027932 9.779371
vertex 11.497478 0.027932 9.799372
vertex 11.477001 0.027932 9.799372
endloop
endfacet
facet normal 0 0 0
outer loop
vertex 11.517954 0.027932 9.779371
vertex 11.497478 0.027932 9.799372
vertex 11.497478 0.027932 9.779371
endloop
endfacet
facet normal 0 0 0
outer loop
vertex 11.292719 0.027932 9.799372
vertex 11.272243 0.048685 9.799372
vertex 11.292719 0.048685 9.779371
endloop
endfacet
facet normal 0 0 0
outer loop
vertex 11.313196 0.027932 9.779371
vertex 11.292719 0.027932 9.799372
vertex 11.292719 0.048685 9.779371
endloop
endfacet
facet normal 0 0 0
outer loop
vertex 11.517954 0.027932 9.779371
vertex 11.517954 0.048685 9.799372
vertex 11.497478 0.027932 9.799372
endloop
endfacet
facet normal 0 0 0
outer loop
vertex 11.517954 0.027932 9.779371
vertex 11.538429 0.048685 9.779371
vertex 11.517954 0.048685 9.799372
endloop
endfacet
facet normal 0 0 0
outer loop
vertex 11.538429 0.048685 9.779371
vertex 11.538429 0.048685 9.799372
vertex 11.517954 0.048685 9.799372
endloop
endfacet
facet normal 0 0 0
outer loop
vertex 11.558905 0.048685 9.779371
vertex 11.538429 0.048685 9.799372
vertex 11.538429 0.048685 9.779371
endloop
endfacet
facet normal 0 0 0
outer loop
vertex 11.272243 0.048685 9.799372
vertex 11.251768 0.069439 9.799372
vertex 11.272243 0.069439 9.779371
endloop
endfacet
facet normal 0 0 0
outer loop
vertex 11.292719 0.048685 9.779371
vertex 11.272243 0.048685 9.799372
vertex 11.272243 0.069439 9.779371
endloop
endfacet
facet normal 0 0 0
outer loop
vertex 11.558905 0.048685 9.779371
vertex 11.558905 0.069439 9.799372
vertex 11.538429 0.048685 9.799372
endloop
endfacet
facet normal 0 0 0
outer loop
vertex 11.579380 0.069439 9.779371
vertex 11.558905 0.069439 9.799372
vertex 11.558905 0.048685 9.779371
endloop
endfacet
facet normal 0 0 0
outer loop
vertex 11.251768 0.069439 9.799372
vertex 11.231293 0.090192 9.799372
vertex 11.251768 0.090192 9.799372
endloop
endfacet
facet normal 0 0 0
outer loop
vertex 11.272243 0.069439 9.779371
vertex 11.251768 0.090192 9.799372
vertex 11.272243 0.090192 9.779371
endloop
endfacet
facet normal 0 0 0
outer loop
vertex 11.251768 0.069439 9.799372
vertex 11.251768 0.090192 9.799372
vertex 11.272243 0.069439 9.779371
endloop
endfacet
facet normal 0 0 0
outer loop
vertex 11.579380 0.069439 9.779371
vertex 11.579380 0.090192 9.799372
vertex 11.558905 0.069439 9.799372
endloop
endfacet
facet normal 0 0 0
outer loop
vertex 11.599857 0.090192 9.779371
vertex 11.579380 0.090192 9.799372
vertex 11.579380 0.069439 9.779371
endloop
endfacet
facet normal 0 0 0
outer loop
vertex 11.251768 0.110945 9.779371
vertex 11.251768 0.090192 9.799372
vertex 11.231293 0.110945 9.799372
endloop
endfacet
facet normal 0 0 0
outer loop
vertex 11.251768 0.090192 9.799372
vertex 11.231293 0.090192 9.799372
vertex 11.231293 0.110945 9.799372
endloop
endfacet
facet normal 0 0 0
outer loop
vertex 11.272243 0.090192 9.779371
vertex 11.251768 0.090192 9.799372
vertex 11.251768 0.110945 9.779371
endloop
endfacet
facet normal 0 0 0
outer loop
vertex 11.599857 0.090192 9.779371
vertex 11.599857 0.110945 9.799372
vertex 11.579380 0.090192 9.799372
endloop
endfacet
facet normal 0 0 0
outer loop
vertex 11.620333 0.090192 9.779371
vertex 11.599857 0.110945 9.799372
vertex 11.599857 0.090192 9.779371
endloop
endfacet
facet normal 0 0 0
outer loop
vertex 11.620333 0.110945 9.799372
vertex 11.599857 0.110945 9.799372
vertex 11.620333 0.090192 9.779371
endloop
endfacet
facet normal 0 0 0
outer loop
vertex 11.640808 0.110945 9.779371
vertex 11.620333 0.110945 9.799372
vertex 11.620333 0.090192 9.779371
endloop
endfacet
facet normal 0 0 0
outer loop
vertex 11.251768 0.110945 9.779371
vertex 11.231293 0.131699 9.799372
vertex 11.251768 0.131699 9.779371
endloop
endfacet
facet normal 0 0 0
outer loop
vertex 11.231293 0.110945 9.799372
vertex 11.231293 0.131699 9.799372
vertex 11.251768 0.110945 9.779371
endloop
endfacet
facet normal 0 0 0
outer loop
vertex 11.640808 0.110945 9.779371
vertex 11.640808 0.131699 9.799372
vertex 11.620333 0.110945 9.799372
endloop
endfacet
facet normal 0 0 0
outer loop
vertex 11.661283 0.131699 9.779371
vertex 11.640808 0.131699 9.799372
vertex 11.640808 0.110945 9.779371
endloop
endfacet
facet normal 0 0 0
outer loop
vertex 11.251768 0.131699 9.779371
vertex 11.231293 0.152452 9.799372
vertex 11.251768 0.152452 9.779371
endloop
endfacet
facet normal 0 0 0
outer loop
vertex 11.231293 0.131699 9.799372
vertex 11.231293 0.152452 9.799372
vertex 11.251768 0.131699 9.779371
endloop
endfacet
facet normal 0 0 0
outer loop
vertex 11.661283 0.131699 9.779371
vertex 11.661283 0.152452 9.799372
vertex 11.640808 0.131699 9.799372
endloop
endfacet
facet normal 0 0 0
outer loop
vertex 11.681761 0.152452 9.779371
vertex 11.661283 0.152452 9.799372
vertex 11.661283 0.131699 9.779371
endloop
endfacet
facet normal 0 0 0
outer loop
vertex 11.251768 0.152452 9.779371
vertex 11.231293 0.152452 9.799372
vertex 11.251768 0.173205 9.799372
endloop
endfacet
facet normal 0 0 0
outer loop
vertex 11.231293 0.152452 9.799372
vertex 11.231293 0.173205 9.799372
vertex 11.251768 0.173205 9.799372
endloop
endfacet
facet normal 0 0 0
outer loop
vertex 11.251768 0.152452 9.779371
vertex 11.251768 0.173205 9.799372
vertex 11.272243 0.173205 9.779371
endloop
endfacet
facet normal 0 0 0
outer loop
vertex 11.681761 0.173205 9.779371
vertex 11.661283 0.152452 9.799372
vertex 11.681761 0.152452 9.779371
endloop
endfacet
facet normal 0 0 0
outer loop
vertex 11.661283 0.173205 9.799372
vertex 11.661283 0.152452 9.799372
vertex 11.681761 0.173205 9.779371
endloop
endfacet
facet normal 0 0 0
outer loop
vertex 11.231293 0.173205 9.799372
vertex 11.251768 0.193959 9.799372
vertex 11.251768 0.173205 9.799372
endloop
endfacet
facet normal 0 0 0
outer loop
vertex 11.272243 0.173205 9.779371
vertex 11.251768 0.193959 9.799372
vertex 11.272243 0.193959 9.779371
endloop
endfacet
facet normal 0 0 0
outer loop
vertex 11.251768 0.173205 9.799372
vertex 11.251768 0.193959 9.799372
vertex 11.272243 0.173205 9.779371
endloop
endfacet
facet normal 0 0 0
outer loop
vertex 11.681761 0.173205 9.779371
vertex 11.681761 0.193959 9.799372
vertex 11.661283 0.173205 9.799372
endloop
endfacet
facet normal 0 0 0
outer loop
vertex 11.681761 0.193959 9.799372
vertex 11.681761 0.173205 9.779371
vertex 11.702236 0.193959 9.779371
endloop
endfacet
facet normal 0 0 0
outer loop
vertex 11.702236 0.173205 9.779371
vertex 11.722712 0.193959 9.779371
vertex 11.702236 0.193959 9.779371
endloop
endfacet
facet normal 0 0 0
outer loop
vertex 11.272243 0.193959 9.779371
vertex 11.251768 0.193959 9.799372
vertex 11.272243 0.214712 9.799372
endloop
endfacet
facet normal 0 0 0
outer loop
vertex 11.272243 0.193959 9.779371
vertex 11.272243 0.214712 9.799372
vertex 11.292719 0.214712 9.779371
endloop
endfacet
facet normal 0 0 0
outer loop
vertex 11.702236 0.193959 9.779371
vertex 11.702236 0.214712 9.799372
vertex 11.681761 0.193959 9.799372
endloop
endfacet
facet normal 0 0 0
outer loop
vertex 11.702236 0.214712 9.799372
vertex 11.702236 0.193959 9.779371
vertex 11.722712 0.214712 9.779371
endloop
endfacet
facet normal 0 0 0
outer loop
vertex 11.292719 0.214712 9.779371
vertex 11.272243 0.214712 9.799372
vertex 11.292719 0.235465 9.799372
endloop
endfacet
facet normal 0 0 0
outer loop
vertex 11.292719 0.214712 9.779371
vertex 11.292719 0.235465 9.799372
vertex 11.313196 0.235465 9.779371
endloop
endfacet
facet normal 0 0 0
outer loop
vertex 11.722712 0.235465 9.779371
vertex 11.702236 0.214712 9.799372
vertex 11.722712 0.214712 9.779371
endloop
endfacet
facet normal 0 0 0
outer loop
vertex 11.702236 0.235465 9.799372
vertex 11.702236 0.214712 9.799372
vertex 11.722712 0.235465 9.779371
endloop
endfacet
facet normal 0 0 0
outer loop
vertex 11.313196 0.235465 9.779371
vertex 11.292719 0.235465 9.799372
vertex 11.313196 0.256219 9.799372
endloop
endfacet
facet normal 0 0 0
outer loop
vertex 11.292719 0.235465 9.799372
vertex 11.292719 0.256219 9.799372
vertex 11.313196 0.256219 9.799372
endloop
endfacet
facet normal 0 0 0
outer loop
vertex 11.313196 0.235465 9.779371
vertex 11.313196 0.256219 9.799372
vertex 11.333672 0.256219 9.779371
endloop
endfacet
facet normal 0 0 0
outer loop
vertex 11.722712 0.256219 9.779371
vertex 11.702236 0.235465 9.799372
vertex 11.722712 0.235465 9.779371
endloop
endfacet
facet normal 0 0 0
outer loop
vertex 11.702236 0.256219 9.799372
vertex 11.702236 0.235465 9.799372
vertex 11.722712 0.256219 9.779371
endloop
endfacet
facet normal 0 0 0
outer loop
vertex 11.292719 0.256219 9.799372
vertex 11.313196 0.276972 9.799372
vertex 11.313196 0.256219 9.799372
endloop
endfacet
facet normal 0 0 0
outer loop
vertex 11.333672 0.256219 9.779371
vertex 11.313196 0.256219 9.799372
vertex 11.333672 0.276972 9.799372
endloop
endfacet
facet normal 0 0 0
outer loop
vertex 11.313196 0.256219 9.799372
vertex 11.313196 0.276972 9.799372
vertex 11.333672 0.276972 9.799372
endloop
endfacet
facet normal 0 0 0
outer loop
vertex 11.333672 0.256219 9.779371
vertex 11.333672 0.276972 9.799372
vertex 11.354147 0.276972 9.779371
endloop
endfacet
facet normal 0 0 0
outer loop
vertex 11.722712 0.276972 9.779371
vertex 11.702236 0.256219 9.799372
vertex 11.722712 0.256219 9.779371
endloop
endfacet
facet normal 0 0 0
outer loop
vertex 11.702236 0.276972 9.799372
vertex 11.702236 0.256219 9.799372
vertex 11.722712 0.276972 9.779371
endloop
endfacet
facet normal 0 0 0
outer loop
vertex 11.313196 0.276972 9.799372
vertex 11.333672 0.297725 9.799372
vertex 11.333672 0.276972 9.799372
endloop
endfacet
facet normal 0 0 0
outer loop
vertex 11.354147 0.276972 9.779371
vertex 11.333672 0.276972 9.799372
vertex 11.354147 0.297725 9.799372
endloop
endfacet
facet normal 0 0 0
outer loop
vertex 11.333672 0.276972 9.799372
vertex 11.333672 0.297725 9.799372
vertex 11.354147 0.297725 9.799372
endloop
endfacet
facet normal 0 0 0
outer loop
vertex 11.354147 0.276972 9.779371
vertex 11.354147 0.297725 9.799372
vertex 11.374622 0.297725 9.779371
endloop
endfacet
facet normal 0 0 0
outer loop
vertex 11.722712 0.276972 9.779371
vertex 11.702236 0.297725 9.779371
vertex 11.702236 0.276972 9.799372
endloop
endfacet
facet normal 0 0 0
outer loop
vertex 11.702236 0.297725 9.779371
vertex 11.702236 0.297725 9.799372
vertex 11.702236 0.276972 9.799372
endloop
endfacet
facet normal 0 0 0
outer loop
vertex 11.374622 0.297725 9.779371
vertex 11.354147 0.297725 9.799372
vertex 11.374622 0.318479 9.799372
endloop
endfacet
facet normal 0 0 0
outer loop
vertex 11.374622 0.297725 9.779371
vertex 11.395100 0.318479 9.799372
vertex 11.395100 0.297725 9.779371
endloop
endfacet
facet normal 0 0 0
outer loop
vertex 11.374622 0.318479 9.799372
vertex 11.395100 0.318479 9.799372
vertex 11.374622 0.297725 9.779371
endloop
endfacet
facet normal 0 0 0
outer loop
vertex 11.395100 0.297725 9.779371
vertex 11.395100 0.318479 9.799372
vertex 11.415575 0.318479 9.779371
endloop
endfacet
facet normal 0 0 0
outer loop
vertex 11.702236 0.297725 9.779371
vertex 11.681761 0.318479 9.799372
vertex 11.702236 0.297725 9.799372
endloop
endfacet
facet normal 0 0 0
outer loop
vertex 11.681761 0.318479 9.779371
vertex 11.681761 0.318479 9.799372
vertex 11.702236 0.297725 9.779371
endloop
endfacet
facet normal 0 0 0
outer loop
vertex 11.374622 0.318479 9.799372
vertex 11.395100 0.339232 9.799372
vertex 11.395100 0.318479 9.799372
endloop
endfacet
facet normal 0 0 0
outer loop
vertex 11.415575 0.318479 9.779371
vertex 11.395100 0.318479 9.799372
vertex 11.415575 0.339232 9.799372
endloop
endfacet
facet normal 0 0 0
outer loop
vertex 11.395100 0.318479 9.799372
vertex 11.395100 0.339232 9.799372
vertex 11.415575 0.339232 9.799372
endloop
endfacet
facet normal 0 0 0
outer loop
vertex 11.415575 0.318479 9.779371
vertex 11.436050 0.339232 9.799372
vertex 11.436050 0.318479 9.779371
endloop
endfacet
facet normal 0 0 0
outer loop
vertex 11.415575 0.339232 9.799372
vertex 11.436050 0.339232 9.799372
vertex 11.415575 0.318479 9.779371
endloop
endfacet
facet normal 0 0 0
outer loop
vertex 11.436050 0.318479 9.779371
vertex 11.456526 0.339232 9.799372
vertex 11.456526 0.318479 9.779371
endloop
endfacet
facet normal 0 0 0
outer loop
vertex 11.436050 0.339232 9.799372
vertex 11.456526 0.339232 9.799372
vertex 11.436050 0.318479 9.779371
endloop
endfacet
facet normal 0 0 0
outer loop
vertex 11.456526 0.318479 9.779371
vertex 11.456526 0.339232 9.799372
vertex 11.477001 0.339232 9.779371
endloop
endfacet
facet normal 0 0 0
outer loop
vertex 11.661283 0.318479 9.779371
vertex 11.640808 0.339232 9.779371
vertex 11.661283 0.339232 9.799372
endloop
endfacet
facet normal 0 0 0
outer loop
vertex 11.661283 0.339232 9.799372
vertex 11.681761 0.318479 9.799372
vertex 11.661283 0.318479 9.779371
endloop
endfacet
facet normal 0 0 0
outer loop
vertex 11.681761 0.318479 9.799372
vertex 11.681761 0.318479 9.779371
vertex 11.661283 0.318479 9.779371
endloop
endfacet
facet normal 0 0 0
outer loop
vertex 11.415575 0.339232 9.799372
vertex 11.436050 0.359985 9.799372
vertex 11.436050 0.339232 9.799372
endloop
endfacet
facet normal 0 0 0
outer loop
vertex 11.456526 0.339232 9.799372
vertex 11.436050 0.339232 9.799372
vertex 11.456526 0.359985 9.799372
endloop
endfacet
facet normal 0 0 0
outer loop
vertex 11.456526 0.359985 9.799372
vertex 11.436050 0.339232 9.799372
vertex 11.436050 0.359985 9.799372
endloop
endfacet
facet normal 0 0 0
outer loop
vertex 11.477001 0.339232 9.779371
vertex 11.456526 0.339232 9.799372
vertex 11.477001 0.359985 9.799372
endloop
endfacet
facet normal 0 0 0
outer loop
vertex 11.456526 0.339232 9.799372
vertex 11.456526 0.359985 9.799372
vertex 11.477001 0.359985 9.799372
endloop
endfacet
facet normal 0 0 0
outer loop
vertex 11.477001 0.339232 9.779371
vertex 11.497478 0.359985 9.799372
vertex 11.497478 0.339232 9.779371
endloop
endfacet
facet normal 0 0 0
outer loop
vertex 11.477001 0.359985 9.799372
vertex 11.497478 0.359985 9.799372
vertex 11.477001 0.339232 9.779371
endloop
endfacet
facet normal 0 0 0
outer loop
vertex 11.497478 0.339232 9.779371
vertex 11.517954 0.359985 9.799372
vertex 11.517954 0.339232 9.779371
endloop
endfacet
facet normal 0 0 0
outer loop
vertex 11.497478 0.359985 9.799372
vertex 11.517954 0.359985 9.799372
vertex 11.497478 0.339232 9.779371
endloop
endfacet
facet normal 0 0 0
outer loop
vertex 11.517954 0.339232 9.779371
vertex 11.538429 0.359985 9.799372
vertex 11.538429 0.339232 9.779371
endloop
endfacet
facet normal 0 0 0
outer loop
vertex 11.517954 0.359985 9.799372
vertex 11.538429 0.359985 9.799372
vertex 11.517954 0.339232 9.779371
endloop
endfacet
facet normal 0 0 0
outer loop
vertex 11.538429 0.339232 9.779371
vertex 11.558905 0.359985 9.799372
vertex 11.558905 0.339232 9.779371
endloop
endfacet
facet normal 0 0 0
outer loop
vertex 11.538429 0.359985 9.799372
vertex 11.558905 0.359985 9.799372
vertex 11.538429 0.339232 9.779371
endloop
endfacet
facet normal 0 0 0
outer loop
vertex 11.558905 0.339232 9.779371
vertex 11.579380 0.359985 9.799372
vertex 11.579380 0.339232 9.779371
endloop
endfacet
facet normal 0 0 0
outer loop
vertex 11.558905 0.359985 9.799372
vertex 11.579380 0.359985 9.799372
vertex 11.558905 0.339232 9.779371
endloop
endfacet
facet normal 0 0 0
outer loop
vertex 11.579380 0.339232 9.779371
vertex 11.599857 0.359985 9.799372
vertex 11.599857 0.339232 9.779371
endloop
endfacet
facet normal 0 0 0
outer loop
vertex 11.579380 0.359985 9.799372
vertex 11.599857 0.359985 9.799372
vertex 11.579380 0.339232 9.779371
endloop
endfacet
facet normal 0 0 0
outer loop
vertex 11.599857 0.339232 9.779371
vertex 11.620333 0.359985 9.799372
vertex 11.620333 0.339232 9.779371
endloop
endfacet
facet normal 0 0 0
outer loop
vertex 11.599857 0.359985 9.799372
vertex 11.620333 0.359985 9.799372
vertex 11.599857 0.339232 9.779371
endloop
endfacet
facet normal 0 0 0
outer loop
vertex 11.620333 0.339232 9.779371
vertex 11.640808 0.359985 9.799372
vertex 11.640808 0.339232 9.779371
endloop
endfacet
facet normal 0 0 0
outer loop
vertex 11.620333 0.359985 9.799372
vertex 11.640808 0.359985 9.799372
vertex 11.620333 0.339232 9.779371
endloop
endfacet
facet normal 0 0 0
outer loop
vertex 11.640808 0.339232 9.779371
vertex 11.640808 0.359985 9.799372
vertex 11.661283 0.339232 9.799372
endloop
endfacet
facet normal 0 0 0
outer loop
vertex 11.517954 0.359985 9.799372
vertex 11.538429 0.380738 9.799372
vertex 11.538429 0.359985 9.799372
endloop
endfacet
facet normal 0 0 0
outer loop
vertex 11.538429 0.380738 9.799372
vertex 11.558905 0.359985 9.799372
vertex 11.538429 0.359985 9.799372
endloop
endfacet
facet normal 0 0 0
outer loop
vertex 11.272243 0.048685 9.799372
vertex 11.292719 0.027932 9.799372
vertex 11.292719 0.048685 9.799372
endloop
endfacet
facet normal 0 0 0
outer loop
vertex 11.313196 0.048685 9.819372
vertex 11.292719 0.048685 9.799372
vertex 11.313196 0.027932 9.799372
endloop
endfacet
facet normal 0 0 0
outer loop
vertex 11.292719 0.048685 9.799372
vertex 11.292719 0.027932 9.799372
vertex 11.313196 0.027932 9.799372
endloop
endfacet
facet normal 0 0 0
outer loop
vertex 11.333672 0.027932 9.799372
vertex 11.313196 0.048685 9.819372
vertex 11.313196 0.027932 9.799372
endloop
endfacet
facet normal 0 0 0
outer loop
vertex 11.333672 0.048685 9.819372
vertex 11.313196 0.048685 9.819372
vertex 11.333672 0.027932 9.799372
endloop
endfacet
facet normal 0 0 0
outer loop
vertex 11.354147 0.027932 9.799372
vertex 11.333672 0.048685 9.819372
vertex 11.333672 0.027932 9.799372
endloop
endfacet
facet normal 0 0 0
outer loop
vertex 11.354147 0.048685 9.819372
vertex 11.333672 0.048685 9.819372
vertex 11.354147 0.027932 9.799372
endloop
endfacet
facet normal 0 0 0
outer loop
vertex 11.374622 0.027932 9.799372
vertex 11.354147 0.048685 9.819372
vertex 11.354147 0.027932 9.799372
endloop
endfacet
facet normal 0 0 0
outer loop
vertex 11.374622 0.048685 9.819372
vertex 11.354147 0.048685 9.819372
vertex 11.374622 0.027932 9.799372
endloop
endfacet
facet normal 0 0 0
outer loop
vertex 11.395100 0.027932 9.799372
vertex 11.374622 0.048685 9.819372
vertex 11.374622 0.027932 9.799372
endloop
endfacet
facet normal 0 0 0
outer loop
vertex 11.395100 0.048685 9.819372
vertex 11.374622 0.048685 9.819372
vertex 11.395100 0.027932 9.799372
endloop
endfacet
facet normal 0 0 0
outer loop
vertex 11.415575 0.027932 9.799372
vertex 11.395100 0.048685 9.819372
vertex 11.395100 0.027932 9.799372
endloop
endfacet
facet normal 0 0 0
outer loop
vertex 11.415575 0.048685 9.819372
vertex 11.395100 0.048685 9.819372
vertex 11.415575 0.027932 9.799372
endloop
endfacet
facet normal 0 0 0
outer loop
vertex 11.436050 0.027932 9.799372
vertex 11.415575 0.048685 9.819372
vertex 11.415575 0.027932 9.799372
endloop
endfacet
facet normal 0 0 0
outer loop
vertex 11.436050 0.048685 9.819372
vertex 11.415575 0.048685 9.819372
vertex 11.436050 0.027932 9.799372
endloop
endfacet
facet normal 0 0 0
outer loop
vertex 11.456526 0.027932 9.799372
vertex 11.436050 0.048685 9.819372
vertex 11.436050 0.027932 9.799372
endloop
endfacet
facet normal 0 0 0
outer loop
vertex 11.456526 0.048685 9.819372
vertex 11.436050 0.048685 9.819372
vertex 11.456526 0.027932 9.799372
endloop
endfacet
facet normal 0 0 0
outer loop
vertex 11.477001 0.027932 9.799372
vertex 11.456526 0.048685 9.819372
vertex 11.456526 0.027932 9.799372
endloop
endfacet
facet normal 0 0 0
outer loop
vertex 11.477001 0.048685 9.819372
vertex 11.456526 0.048685 9.819372
vertex 11.477001 0.027932 9.799372
endloop
endfacet
facet normal 0 0 0
outer loop
vertex 11.497478 0.027932 9.799372
vertex 11.477001 0.048685 9.819372
vertex 11.477001 0.027932 9.799372
endloop
endfacet
facet normal 0 0 0
outer loop
vertex 11.497478 0.048685 9.819372
vertex 11.477001 0.048685 9.819372
vertex 11.497478 0.027932 9.799372
endloop
endfacet
facet normal 0 0 0
outer loop
vertex 11.517954 0.048685 9.799372
vertex 11.497478 0.048685 9.819372
vertex 11.497478 0.027932 9.799372
endloop
endfacet
facet normal 0 0 0
outer loop
vertex 11.251768 0.069439 9.799372
vertex 11.272243 0.048685 9.799372
vertex 11.272243 0.069439 9.799372
endloop
endfacet
facet normal 0 0 0
outer loop
vertex 11.292719 0.069439 9.819372
vertex 11.272243 0.069439 9.799372
vertex 11.292719 0.048685 9.799372
endloop
endfacet
facet normal 0 0 0
outer loop
vertex 11.272243 0.069439 9.799372
vertex 11.272243 0.048685 9.799372
vertex 11.292719 0.048685 9.799372
endloop
endfacet
facet normal 0 0 0
outer loop
vertex 11.313196 0.048685 9.819372
vertex 11.292719 0.069439 9.819372
vertex 11.292719 0.048685 9.799372
endloop
endfacet
facet normal 0 0 0
outer loop
vertex 11.517954 0.048685 9.799372
vertex 11.517954 0.069439 9.819372
vertex 11.497478 0.048685 9.819372
endloop
endfacet
facet normal 0 0 0
outer loop
vertex 11.538429 0.048685 9.799372
vertex 11.517954 0.069439 9.819372
vertex 11.517954 0.048685 9.799372
endloop
endfacet
facet normal 0 0 0
outer loop
vertex 11.538429 0.069439 9.819372
vertex 11.517954 0.069439 9.819372
vertex 11.538429 0.048685 9.799372
endloop
endfacet
facet normal 0 0 0
outer loop
vertex 11.558905 0.069439 9.799372
vertex 11.538429 0.069439 9.819372
vertex 11.538429 0.048685 9.799372
endloop
endfacet
facet normal 0 0 0
outer loop
vertex 11.251768 0.069439 9.799372
vertex 11.251768 0.090192 9.819372
vertex 11.231293 0.090192 9.799372
endloop
endfacet
facet normal 0 0 0
outer loop
vertex 11.272243 0.069439 9.799372
vertex 11.251768 0.090192 9.819372
vertex 11.251768 0.069439 9.799372
endloop
endfacet
facet normal 0 0 0
outer loop
vertex 11.272243 0.090192 9.819372
vertex 11.251768 0.090192 9.819372
vertex 11.272243 0.069439 9.799372
endloop
endfacet
facet normal 0 0 0
outer loop
vertex 11.292719 0.069439 9.819372
vertex 11.272243 0.090192 9.819372
vertex 11.272243 0.069439 9.799372
endloop
endfacet
facet normal 0 0 0
outer loop
vertex 11.558905 0.069439 9.799372
vertex 11.558905 0.090192 9.819372
vertex 11.538429 0.069439 9.819372
endloop
endfacet
facet normal 0 0 0
outer loop
vertex 11.558905 0.069439 9.799372
vertex 11.579380 0.090192 9.799372
vertex 11.558905 0.090192 9.819372
endloop
endfacet
facet normal 0 0 0
outer loop
vertex 11.579380 0.090192 9.799372
vertex 11.579380 0.090192 9.819372
vertex 11.558905 0.090192 9.819372
endloop
endfacet
facet normal 0 0 0
outer loop
vertex 11.251768 0.110945 9.819372
vertex 11.231293 0.090192 9.799372
vertex 11.251768 0.090192 9.819372
endloop
endfacet
facet normal 0 0 0
outer loop
vertex 11.231293 0.110945 9.799372
vertex 11.231293 0.090192 9.799372
vertex 11.251768 0.110945 9.819372
endloop
endfacet
facet normal 0 0 0
outer loop
vertex 11.579380 0.090192 9.799372
vertex 11.599857 0.110945 9.819372
vertex 11.579380 0.090192 9.819372
endloop
endfacet
facet normal 0 0 0
outer loop
vertex 11.599857 0.110945 9.799372
vertex 11.599857 0.110945 9.819372
vertex 11.579380 0.090192 9.799372
endloop
endfacet
facet normal 0 0 0
outer loop
vertex 11.620333 0.110945 9.799372
vertex 11.599857 0.110945 9.819372
vertex 11.599857 0.110945 9.799372
endloop
endfacet
facet normal 0 0 0
outer loop
vertex 11.231293 0.110945 9.799372
vertex 11.231293 0.131699 9.819372
vertex 11.231293 0.131699 9.799372
endloop
endfacet
facet normal 0 0 0
outer loop
vertex 11.251768 0.110945 9.819372
vertex 11.231293 0.131699 9.819372
vertex 11.231293 0.110945 9.799372
endloop
endfacet
facet normal 0 0 0
outer loop
vertex 11.620333 0.110945 9.799372
vertex 11.620333 0.131699 9.819372
vertex 11.599857 0.110945 9.819372
endloop
endfacet
facet normal 0 0 0
outer loop
vertex 11.640808 0.131699 9.799372
vertex 11.620333 0.131699 9.819372
vertex 11.620333 0.110945 9.799372
endloop
endfacet
facet normal 0 0 0
outer loop
vertex 11.231293 0.131699 9.799372
vertex 11.231293 0.131699 9.819372
vertex 11.231293 0.152452 9.799372
endloop
endfacet
facet normal 0 0 0
outer loop
vertex 11.231293 0.131699 9.819372
vertex 11.231293 0.152452 9.819372
vertex 11.231293 0.152452 9.799372
endloop
endfacet
facet normal 0 0 0
outer loop
vertex 11.640808 0.131699 9.799372
vertex 11.640808 0.152452 9.819372
vertex 11.620333 0.131699 9.819372
endloop
endfacet
facet normal 0 0 0
outer loop
vertex 11.640808 0.131699 9.799372
vertex 11.661283 0.152452 9.799372
vertex 11.640808 0.152452 9.819372
endloop
endfacet
facet normal 0 0 0
outer loop
vertex 11.661283 0.152452 9.799372
vertex 11.661283 0.152452 9.819372
vertex 11.640808 0.152452 9.819372
endloop
endfacet
facet normal 0 0 0
outer loop
vertex 11.231293 0.152452 9.819372
vertex 11.231293 0.173205 9.799372
vertex 11.231293 0.152452 9.799372
endloop
endfacet
facet normal 0 0 0
outer loop
vertex 11.231293 0.152452 9.819372
vertex 11.251768 0.173205 9.819372
vertex 11.231293 0.173205 9.799372
endloop
endfacet
facet normal 0 0 0
outer loop
vertex 11.681761 0.173205 9.819372
vertex 11.661283 0.152452 9.819372
vertex 11.661283 0.173205 9.799372
endloop
endfacet
facet normal 0 0 0
outer loop
vertex 11.661283 0.152452 9.819372
vertex 11.661283 0.152452 9.799372
vertex 11.661283 0.173205 9.799372
endloop
endfacet
facet normal 0 0 0
outer loop
vertex 11.231293 0.173205 9.799372
vertex 11.251768 0.173205 9.819372
vertex 11.251768 0.193959 9.799372
endloop
endfacet
facet normal 0 0 0
outer loop
vertex 11.251768 0.173205 9.819372
vertex 11.251768 0.193959 9.819372
vertex 11.251768 0.193959 9.799372
endloop
endfacet
facet normal 0 0 0
outer loop
vertex 11.661283 0.173205 9.799372
vertex 11.681761 0.193959 9.799372
vertex 11.681761 0.173205 9.819372
endloop
endfacet
facet normal 0 0 0
outer loop
vertex 11.681761 0.193959 9.799372
vertex 11.702236 0.193959 9.819372
vertex 11.681761 0.173205 9.819372
endloop
endfacet
facet normal 0 0 0
outer loop
vertex 11.251768 0.214712 9.819372
vertex 11.251768 0.193959 9.799372
vertex 11.251768 0.193959 9.819372
endloop
endfacet
facet normal 0 0 0
outer loop
vertex 11.251768 0.193959 9.799372
vertex 11.251768 0.214712 9.819372
vertex 11.272243 0.214712 9.799372
endloop
endfacet
facet normal 0 0 0
outer loop
vertex 11.681761 0.193959 9.799372
vertex 11.702236 0.214712 9.799372
vertex 11.702236 0.193959 9.819372
endloop
endfacet
facet normal 0 0 0
outer loop
vertex 11.702236 0.214712 9.799372
vertex 11.722712 0.214712 9.819372
vertex 11.702236 0.193959 9.819372
endloop
endfacet
facet normal 0 0 0
outer loop
vertex 11.272243 0.214712 9.799372
vertex 11.251768 0.214712 9.819372
vertex 11.272243 0.235465 9.819372
endloop
endfacet
facet normal 0 0 0
outer loop
vertex 11.272243 0.214712 9.799372
vertex 11.272243 0.235465 9.819372
vertex 11.292719 0.235465 9.799372
endloop
endfacet
facet normal 0 0 0
outer loop
vertex 11.722712 0.214712 9.819372
vertex 11.702236 0.235465 9.799372
vertex 11.722712 0.235465 9.819372
endloop
endfacet
facet normal 0 0 0
outer loop
vertex 11.702236 0.214712 9.799372
vertex 11.702236 0.235465 9.799372
vertex 11.722712 0.214712 9.819372
endloop
endfacet
facet normal 0 0 0
outer loop
vertex 11.272243 0.235465 9.819372
vertex 11.292719 0.256219 9.819372
vertex 11.292719 0.235465 9.799372
endloop
endfacet
facet normal 0 0 0
outer loop
vertex 11.292719 0.256219 9.819372
vertex 11.292719 0.256219 9.799372
vertex 11.292719 0.235465 9.799372
endloop
endfacet
facet normal 0 0 0
outer loop
vertex 11.722712 0.235465 9.819372
vertex 11.702236 0.256219 9.799372
vertex 11.722712 0.256219 9.819372
endloop
endfacet
facet normal 0 0 0
outer loop
vertex 11.702236 0.235465 9.799372
vertex 11.702236 0.256219 9.799372
vertex 11.722712 0.235465 9.819372
endloop
endfacet
facet normal 0 0 0
outer loop
vertex 11.292719 0.256219 9.819372
vertex 11.313196 0.276972 9.799372
vertex 11.292719 0.256219 9.799372
endloop
endfacet
facet normal 0 0 0
outer loop
vertex 11.313196 0.276972 9.819372
vertex 11.313196 0.276972 9.799372
vertex 11.292719 0.256219 9.819372
endloop
endfacet
facet normal 0 0 0
outer loop
vertex 11.722712 0.256219 9.819372
vertex 11.702236 0.276972 9.799372
vertex 11.722712 0.276972 9.819372
endloop
endfacet
facet normal 0 0 0
outer loop
vertex 11.702236 0.256219 9.799372
vertex 11.702236 0.276972 9.799372
vertex 11.722712 0.256219 9.819372
endloop
endfacet
facet normal 0 0 0
outer loop
vertex 11.743187 0.276972 9.819372
vertex 11.722712 0.256219 9.819372
vertex 11.722712 0.276972 9.819372
endloop
endfacet
facet normal 0 0 0
outer loop
vertex 11.313196 0.276972 9.819372
vertex 11.333672 0.297725 9.799372
vertex 11.313196 0.276972 9.799372
endloop
endfacet
facet normal 0 0 0
outer loop
vertex 11.333672 0.297725 9.819372
vertex 11.333672 0.297725 9.799372
vertex 11.313196 0.276972 9.819372
endloop
endfacet
facet normal 0 0 0
outer loop
vertex 11.722712 0.276972 9.819372
vertex 11.702236 0.297725 9.799372
vertex 11.722712 0.297725 9.819372
endloop
endfacet
facet normal 0 0 0
outer loop
vertex 11.702236 0.276972 9.799372
vertex 11.702236 0.297725 9.799372
vertex 11.722712 0.276972 9.819372
endloop
endfacet
facet normal 0 0 0
outer loop
vertex 11.743187 0.276972 9.819372
vertex 11.722712 0.276972 9.819372
vertex 11.743187 0.297725 9.819372
endloop
endfacet
facet normal 0 0 0
outer loop
vertex 11.743187 0.297725 9.819372
vertex 11.722712 0.276972 9.819372
vertex 11.722712 0.297725 9.819372
endloop
endfacet
facet normal 0 0 0
outer loop
vertex 11.354147 0.318479 9.819372
vertex 11.354147 0.297725 9.799372
vertex 11.333672 0.297725 9.819372
endloop
endfacet
facet normal 0 0 0
outer loop
vertex 11.354147 0.297725 9.799372
vertex 11.333672 0.297725 9.799372
vertex 11.333672 0.297725 9.819372
endloop
endfacet
facet normal 0 0 0
outer loop
vertex 11.354147 0.297725 9.799372
vertex 11.354147 0.318479 9.819372
vertex 11.374622 0.318479 9.799372
endloop
endfacet
facet normal 0 0 0
outer loop
vertex 11.702236 0.297725 9.799372
vertex 11.681761 0.318479 9.799372
vertex 11.702236 0.318479 9.819372
endloop
endfacet
facet normal 0 0 0
outer loop
vertex 11.702236 0.297725 9.799372
vertex 11.702236 0.318479 9.819372
vertex 11.722712 0.297725 9.819372
endloop
endfacet
facet normal 0 0 0
outer loop
vertex 11.702236 0.318479 9.819372
vertex 11.722712 0.318479 9.819372
vertex 11.722712 0.297725 9.819372
endloop
endfacet
facet normal 0 0 0
outer loop
vertex 11.743187 0.297725 9.819372
vertex 11.722712 0.297725 9.819372
vertex 11.743187 0.318479 9.819372
endloop
endfacet
facet normal 0 0 0
outer loop
vertex 11.743187 0.318479 9.819372
vertex 11.722712 0.297725 9.819372
vertex 11.722712 0.318479 9.819372
endloop
endfacet
facet normal 0 0 0
outer loop
vertex 11.374622 0.318479 9.799372
vertex 11.354147 0.318479 9.819372
vertex 11.374622 0.339232 9.819372
endloop
endfacet
facet normal 0 0 0
outer loop
vertex 11.374622 0.318479 9.799372
vertex 11.374622 0.339232 9.819372
vertex 11.395100 0.339232 9.799372
endloop
endfacet
facet normal 0 0 0
outer loop
vertex 11.681761 0.318479 9.799372
vertex 11.661283 0.339232 9.799372
vertex 11.681761 0.339232 9.819372
endloop
endfacet
facet normal 0 0 0
outer loop
vertex 11.681761 0.318479 9.799372
vertex 11.681761 0.339232 9.819372
vertex 11.702236 0.318479 9.819372
endloop
endfacet
facet normal 0 0 0
outer loop
vertex 11.681761 0.339232 9.819372
vertex 11.702236 0.339232 9.819372
vertex 11.702236 0.318479 9.819372
endloop
endfacet
facet normal 0 0 0
outer loop
vertex 11.722712 0.318479 9.819372
vertex 11.702236 0.318479 9.819372
vertex 11.722712 0.339232 9.819372
endloop
endfacet
facet normal 0 0 0
outer loop
vertex 11.722712 0.339232 9.819372
vertex 11.702236 0.318479 9.819372
vertex 11.702236 0.339232 9.819372
endloop
endfacet
facet normal 0 0 0
outer loop
vertex 11.722712 0.339232 9.819372
vertex 11.743187 0.318479 9.819372
vertex 11.722712 0.318479 9.819372
endloop
endfacet
facet normal 0 0 0
outer loop
vertex 11.395100 0.339232 9.799372
vertex 11.374622 0.339232 9.819372
vertex 11.395100 0.359985 9.819372
endloop
endfacet
facet normal 0 0 0
outer loop
vertex 11.395100 0.339232 9.799372
vertex 11.415575 0.359985 9.819372
vertex 11.415575 0.339232 9.799372
endloop
endfacet
facet normal 0 0 0
outer loop
vertex 11.395100 0.359985 9.819372
vertex 11.415575 0.359985 9.819372
vertex 11.395100 0.339232 9.799372
endloop
endfacet
facet normal 0 0 0
outer loop
vertex 11.415575 0.339232 9.799372
vertex 11.415575 0.359985 9.819372
vertex 11.436050 0.359985 9.799372
endloop
endfacet
facet normal 0 0 0
outer loop
vertex 11.661283 0.339232 9.799372
vertex 11.640808 0.359985 9.799372
vertex 11.661283 0.359985 9.819372
endloop
endfacet
facet normal 0 0 0
outer loop
vertex 11.661283 0.339232 9.799372
vertex 11.661283 0.359985 9.819372
vertex 11.681761 0.339232 9.819372
endloop
endfacet
facet normal 0 0 0
outer loop
vertex 11.661283 0.359985 9.819372
vertex 11.681761 0.359985 9.819372
vertex 11.681761 0.339232 9.819372
endloop
endfacet
facet normal 0 0 0
outer loop
vertex 11.702236 0.339232 9.819372
vertex 11.681761 0.339232 9.819372
vertex 11.702236 0.359985 9.819372
endloop
endfacet
facet normal 0 0 0
outer loop
vertex 11.702236 0.359985 9.819372
vertex 11.681761 0.339232 9.819372
vertex 11.681761 0.359985 9.819372
endloop
endfacet
facet normal 0 0 0
outer loop
vertex 11.702236 0.359985 9.819372
vertex 11.722712 0.339232 9.819372
vertex 11.702236 0.339232 9.819372
endloop
endfacet
facet normal 0 0 0
outer loop
vertex 11.436050 0.359985 9.799372
vertex 11.415575 0.359985 9.819372
vertex 11.436050 0.359985 9.819372
endloop
endfacet
facet normal 0 0 0
outer loop
vertex 11.456526 0.380738 9.819372
vertex 11.456526 0.359985 9.799372
vertex 11.436050 0.359985 9.819372
endloop
endfacet
facet normal 0 0 0
outer loop
vertex 11.456526 0.359985 9.799372
vertex 11.436050 0.359985 9.799372
vertex 11.436050 0.359985 9.819372
endloop
endfacet
facet normal 0 0 0
outer loop
vertex 11.456526 0.359985 9.799372
vertex 11.477001 0.380738 9.819372
vertex 11.477001 0.359985 9.799372
endloop
endfacet
facet normal 0 0 0
outer loop
vertex 11.456526 0.380738 9.819372
vertex 11.477001 0.380738 9.819372
vertex 11.456526 0.359985 9.799372
endloop
endfacet
facet normal 0 0 0
outer loop
vertex 11.477001 0.359985 9.799372
vertex 11.497478 0.380738 9.819372
vertex 11.497478 0.359985 9.799372
endloop
endfacet
facet normal 0 0 0
outer loop
vertex 11.477001 0.380738 9.819372
vertex 11.497478 0.380738 9.819372
vertex 11.477001 0.359985 9.799372
endloop
endfacet
facet normal 0 0 0
outer loop
vertex 11.497478 0.359985 9.799372
vertex 11.517954 0.380738 9.819372
vertex 11.517954 0.359985 9.799372
endloop
endfacet
facet normal 0 0 0
outer loop
vertex 11.497478 0.380738 9.819372
vertex 11.517954 0.380738 9.819372
vertex 11.497478 0.359985 9.799372
endloop
endfacet
facet normal 0 0 0
outer loop
vertex 11.517954 0.359985 9.799372
vertex 11.517954 0.380738 9.819372
vertex 11.538429 0.380738 9.799372
endloop
endfacet
facet normal 0 0 0
outer loop
vertex 11.558905 0.359985 9.799372
vertex 11.538429 0.380738 9.799372
vertex 11.558905 0.380738 9.819372
endloop
endfacet
facet normal 0 0 0
outer loop
vertex 11.558905 0.359985 9.799372
vertex 11.579380 0.380738 9.819372
vertex 11.579380 0.359985 9.799372
endloop
endfacet
facet normal 0 0 0
outer loop
vertex 11.558905 0.380738 9.819372
vertex 11.579380 0.380738 9.819372
vertex 11.558905 0.359985 9.799372
endloop
endfacet
facet normal 0 0 0
outer loop
vertex 11.579380 0.359985 9.799372
vertex 11.599857 0.380738 9.819372
vertex 11.599857 0.359985 9.799372
endloop
endfacet
facet normal 0 0 0
outer loop
vertex 11.579380 0.380738 9.819372
vertex 11.599857 0.380738 9.819372
vertex 11.579380 0.359985 9.799372
endloop
endfacet
facet normal 0 0 0
outer loop
vertex 11.599857 0.359985 9.799372
vertex 11.620333 0.380738 9.819372
vertex 11.620333 0.359985 9.799372
endloop
endfacet
facet normal 0 0 0
outer loop
vertex 11.599857 0.380738 9.819372
vertex 11.620333 0.380738 9.819372
vertex 11.599857 0.359985 9.799372
endloop
endfacet
facet normal 0 0 0
outer loop
vertex 11.620333 0.359985 9.799372
vertex 11.640808 0.380738 9.819372
vertex 11.640808 0.359985 9.799372
endloop
endfacet
facet normal 0 0 0
outer loop
vertex 11.620333 0.380738 9.819372
vertex 11.640808 0.380738 9.819372
vertex 11.620333 0.359985 9.799372
endloop
endfacet
facet normal 0 0 0
outer loop
vertex 11.640808 0.359985 9.799372
vertex 11.640808 0.380738 9.819372
vertex 11.661283 0.359985 9.819372
endloop
endfacet
facet normal 0 0 0
outer loop
vertex 11.640808 0.380738 9.819372
vertex 11.661283 0.380738 9.819372
vertex 11.661283 0.359985 9.819372
endloop
endfacet
facet normal 0 0 0
outer loop
vertex 11.681761 0.359985 9.819372
vertex 11.661283 0.359985 9.819372
vertex 11.681761 0.380738 9.819372
endloop
endfacet
facet normal 0 0 0
outer loop
vertex 11.681761 0.380738 9.819372
vertex 11.661283 0.359985 9.819372
vertex 11.661283 0.380738 9.819372
endloop
endfacet
facet normal 0 0 0
outer loop
vertex 11.681761 0.380738 9.819372
vertex 11.702236 0.359985 9.819372
vertex 11.681761 0.359985 9.819372
endloop
endfacet
facet normal 0 0 0
outer loop
vertex 11.538429 0.380738 9.799372
vertex 11.517954 0.380738 9.819372
vertex 11.538429 0.401492 9.819372
endloop
endfacet
facet normal 0 0 0
outer loop
vertex 11.538429 0.380738 9.799372
vertex 11.538429 0.401492 9.819372
vertex 11.558905 0.380738 9.819372
endloop
endfacet
facet normal 0 0 0
outer loop
vertex 11.538429 0.401492 9.819372
vertex 11.558905 0.401492 9.819372
vertex 11.558905 0.380738 9.819372
endloop
endfacet
facet normal 0 0 0
outer loop
vertex 11.579380 0.380738 9.819372
vertex 11.558905 0.380738 9.819372
vertex 11.579380 0.401492 9.819372
endloop
endfacet
facet normal 0 0 0
outer loop
vertex 11.579380 0.401492 9.819372
vertex 11.558905 0.380738 9.819372
vertex 11.558905 0.401492 9.819372
endloop
endfacet
facet normal 0 0 0
outer loop
vertex 11.599857 0.380738 9.819372
vertex 11.579380 0.380738 9.819372
vertex 11.599857 0.401492 9.819372
endloop
endfacet
facet normal 0 0 0
outer loop
vertex 11.599857 0.401492 9.819372
vertex 11.579380 0.380738 9.819372
vertex 11.579380 0.401492 9.819372
endloop
endfacet
facet normal 0 0 0
outer loop
vertex 11.620333 0.380738 9.819372
vertex 11.599857 0.380738 9.819372
vertex 11.620333 0.401492 9.819372
endloop
endfacet
facet normal 0 0 0
outer loop
vertex 11.620333 0.401492 9.819372
vertex 11.599857 0.380738 9.819372
vertex 11.599857 0.401492 9.819372
endloop
endfacet
facet normal 0 0 0
outer loop
vertex 11.620333 0.401492 9.819372
vertex 11.640808 0.380738 9.819372
vertex 11.620333 0.380738 9.819372
endloop
endfacet
facet normal 0 0 0
outer loop
vertex 11.333672 0.048685 9.819372
vertex 11.333672 0.048685 9.839372
vertex 11.313196 0.048685 9.819372
endloop
endfacet
facet normal 0 0 0
outer loop
vertex 11.313196 0.048685 9.819372
vertex 11.333672 0.048685 9.839372
vertex 11.313196 0.048685 9.839372
endloop
endfacet
facet normal 0 0 0
outer loop
vertex 11.354147 0.048685 9.819372
vertex 11.354147 0.048685 9.839372
vertex 11.333672 0.048685 9.819372
endloop
endfacet
facet normal 0 0 0
outer loop
vertex 11.333672 0.048685 9.819372
vertex 11.354147 0.048685 9.839372
vertex 11.333672 0.048685 9.839372
endloop
endfacet
facet normal 0 0 0
outer loop
vertex 11.374622 0.048685 9.819372
vertex 11.374622 0.048685 9.839372
vertex 11.354147 0.048685 9.819372
endloop
endfacet
facet normal 0 0 0
outer loop
vertex 11.354147 0.048685 9.819372
vertex 11.374622 0.048685 9.839372
vertex 11.354147 0.048685 9.839372
endloop
endfacet
facet normal 0 0 0
outer loop
vertex 11.395100 0.048685 9.819372
vertex 11.395100 0.048685 9.839372
vertex 11.374622 0.048685 9.819372
endloop
endfacet
facet normal 0 0 0
outer loop
vertex 11.374622 0.048685 9.819372
vertex 11.395100 0.048685 9.839372
vertex 11.374622 0.048685 9.839372
endloop
endfacet
facet normal 0 0 0
outer loop
vertex 11.415575 0.048685 9.819372
vertex 11.415575 0.048685 9.839372
vertex 11.395100 0.048685 9.819372
endloop
endfacet
facet normal 0 0 0
outer loop
vertex 11.395100 0.048685 9.819372
vertex 11.415575 0.048685 9.839372
vertex 11.395100 0.048685 9.839372
endloop
endfacet
facet normal 0 0 0
outer loop
vertex 11.436050 0.048685 9.819372
vertex 11.436050 0.048685 9.839372
vertex 11.415575 0.048685 9.819372
endloop
endfacet
facet normal 0 0 0
outer loop
vertex 11.415575 0.048685 9.819372
vertex 11.436050 0.048685 9.839372
vertex 11.415575 0.048685 9.839372
endloop
endfacet
facet normal 0 0 0
outer loop
vertex 11.456526 0.048685 9.819372
vertex 11.436050 0.048685 9.839372
vertex 11.436050 0.048685 9.819372
endloop
endfacet
facet normal 0 0 0
outer loop
vertex 11.313196 0.048685 9.839372
vertex 11.292719 0.069439 9.819372
vertex 11.313196 0.048685 9.819372
endloop
endfacet
facet normal 0 0 0
outer loop
vertex 11.292719 0.069439 9.839372
vertex 11.292719 0.069439 9.819372
vertex 11.313196 0.048685 9.839372
endloop
endfacet
facet normal 0 0 0
outer loop
vertex 11.456526 0.048685 9.819372
vertex 11.456526 0.069439 9.839372
vertex 11.436050 0.048685 9.839372
endloop
endfacet
facet normal 0 0 0
outer loop
vertex 11.477001 0.048685 9.819372
vertex 11.456526 0.069439 9.839372
vertex 11.456526 0.048685 9.819372
endloop
endfacet
facet normal 0 0 0
outer loop
vertex 11.477001 0.069439 9.839372
vertex 11.456526 0.069439 9.839372
vertex 11.477001 0.048685 9.819372
endloop
endfacet
facet normal 0 0 0
outer loop
vertex 11.497478 0.048685 9.819372
vertex 11.477001 0.069439 9.839372
vertex 11.477001 0.048685 9.819372
endloop
endfacet
facet normal 0 0 0
outer loop
vertex 11.497478 0.069439 9.839372
vertex 11.477001 0.069439 9.839372
vertex 11.497478 0.048685 9.819372
endloop
endfacet
facet normal 0 0 0
outer loop
vertex 11.497478 0.048685 9.819372
vertex 11.517954 0.069439 9.819372
vertex 11.497478 0.069439 9.839372
endloop
endfacet
facet normal 0 0 0
outer loop
vertex 11.517954 0.069439 9.819372
vertex 11.517954 0.069439 9.839372
vertex 11.497478 0.069439 9.839372
endloop
endfacet
facet normal 0 0 0
outer loop
vertex 11.538429 0.069439 9.819372
vertex 11.517954 0.069439 9.839372
vertex 11.517954 0.069439 9.819372
endloop
endfacet
facet normal 0 0 0
outer loop
vertex 11.272243 0.090192 9.839372
vertex 11.251768 0.090192 9.819372
vertex 11.272243 0.090192 9.819372
endloop
endfacet
facet normal 0 0 0
outer loop
vertex 11.292719 0.069439 9.839372
vertex 11.272243 0.090192 9.819372
vertex 11.292719 0.069439 9.819372
endloop
endfacet
facet normal 0 0 0
outer loop
vertex 11.272243 0.090192 9.839372
vertex 11.272243 0.090192 9.819372
vertex 11.292719 0.069439 9.839372
endloop
endfacet
facet normal 0 0 0
outer loop
vertex 11.538429 0.069439 9.819372
vertex 11.538429 0.090192 9.839372
vertex 11.517954 0.069439 9.839372
endloop
endfacet
facet normal 0 0 0
outer loop
vertex 11.538429 0.069439 9.819372
vertex 11.558905 0.090192 9.819372
vertex 11.538429 0.090192 9.839372
endloop
endfacet
facet normal 0 0 0
outer loop
vertex 11.558905 0.090192 9.819372
vertex 11.558905 0.090192 9.839372
vertex 11.538429 0.090192 9.839372
endloop
endfacet
facet normal 0 0 0
outer loop
vertex 11.579380 0.090192 9.819372
vertex 11.558905 0.090192 9.839372
vertex 11.558905 0.090192 9.819372
endloop
endfacet
facet normal 0 0 0
outer loop
vertex 11.251768 0.090192 9.819372
vertex 11.251768 0.110945 9.839372
vertex 11.251768 0.110945 9.819372
endloop
endfacet
facet normal 0 0 0
outer loop
vertex 11.272243 0.090192 9.839372
vertex 11.251768 0.110945 9.839372
vertex 11.251768 0.090192 9.819372
endloop
endfacet
facet normal 0 0 0
outer loop
vertex 11.579380 0.090192 9.819372
vertex 11.579380 0.110945 9.839372
vertex 11.558905 0.090192 9.839372
endloop
endfacet
facet normal 0 0 0
outer loop
vertex 11.579380 0.090192 9.819372
vertex 11.599857 0.110945 9.819372
vertex 11.579380 0.110945 9.839372
endloop
endfacet
facet normal 0 0 0
outer loop
vertex 11.599857 0.110945 9.819372
vertex 11.599857 0.110945 9.839372
vertex 11.579380 0.110945 9.839372
endloop
endfacet
facet normal 0 0 0
outer loop
vertex 11.231293 0.131699 9.819372
vertex 11.251768 0.110945 9.819372
vertex 11.251768 0.131699 9.839372
endloop
endfacet
facet normal 0 0 0
outer loop
vertex 11.251768 0.110945 9.819372
vertex 11.251768 0.110945 9.839372
vertex 11.251768 0.131699 9.839372
endloop
endfacet
facet normal 0 0 0
outer loop
vertex 11.599857 0.110945 9.819372
vertex 11.620333 0.131699 9.839372
vertex 11.599857 0.110945 9.839372
endloop
endfacet
facet normal 0 0 0
outer loop
vertex 11.620333 0.131699 9.819372
vertex 11.620333 0.131699 9.839372
vertex 11.599857 0.110945 9.819372
endloop
endfacet
facet normal 0 0 0
outer loop
vertex 11.620333 0.131699 9.819372
vertex 11.640808 0.131699 9.839372
vertex 11.620333 0.131699 9.839372
endloop
endfacet
facet normal 0 0 0
outer loop
vertex 11.251768 0.152452 9.839372
vertex 11.231293 0.131699 9.819372
vertex 11.251768 0.131699 9.839372
endloop
endfacet
facet normal 0 0 0
outer loop
vertex 11.231293 0.152452 9.819372
vertex 11.231293 0.131699 9.819372
vertex 11.251768 0.152452 9.839372
endloop
endfacet
facet normal 0 0 0
outer loop
vertex 11.620333 0.131699 9.819372
vertex 11.640808 0.152452 9.819372
vertex 11.640808 0.131699 9.839372
endloop
endfacet
facet normal 0 0 0
outer loop
vertex 11.640808 0.131699 9.839372
vertex 11.640808 0.152452 9.819372
vertex 11.661283 0.152452 9.839372
endloop
endfacet
facet normal 0 0 0
outer loop
vertex 11.640808 0.152452 9.819372
vertex 11.661283 0.152452 9.819372
vertex 11.661283 0.152452 9.839372
endloop
endfacet
facet normal 0 0 0
outer loop
vertex 11.231293 0.152452 9.819372
vertex 11.251768 0.152452 9.839372
vertex 11.251768 0.173205 9.819372
endloop
endfacet
facet normal 0 0 0
outer loop
vertex 11.251768 0.152452 9.839372
vertex 11.251768 0.173205 9.839372
vertex 11.251768 0.173205 9.819372
endloop
endfacet
facet normal 0 0 0
outer loop
vertex 11.661283 0.152452 9.819372
vertex 11.681761 0.173205 9.839372
vertex 11.661283 0.152452 9.839372
endloop
endfacet
facet normal 0 0 0
outer loop
vertex 11.681761 0.173205 9.819372
vertex 11.681761 0.173205 9.839372
vertex 11.661283 0.152452 9.819372
endloop
endfacet
facet normal 0 0 0
outer loop
vertex 11.251768 0.173205 9.839372
vertex 11.251768 0.193959 9.819372
vertex 11.251768 0.173205 9.819372
endloop
endfacet
facet normal 0 0 0
outer loop
vertex 11.251768 0.173205 9.839372
vertex 11.272243 0.193959 9.839372
vertex 11.251768 0.193959 9.819372
endloop
endfacet
facet normal 0 0 0
outer loop
vertex 11.681761 0.173205 9.819372
vertex 11.702236 0.193959 9.839372
vertex 11.681761 0.173205 9.839372
endloop
endfacet
facet normal 0 0 0
outer loop
vertex 11.702236 0.193959 9.819372
vertex 11.702236 0.193959 9.839372
vertex 11.681761 0.173205 9.819372
endloop
endfacet
facet normal 0 0 0
outer loop
vertex 11.272243 0.214712 9.839372
vertex 11.251768 0.193959 9.819372
vertex 11.272243 0.193959 9.839372
endloop
endfacet
facet normal 0 0 0
outer loop
vertex 11.251768 0.214712 9.819372
vertex 11.251768 0.193959 9.819372
vertex 11.272243 0.214712 9.839372
endloop
endfacet
facet normal 0 0 0
outer loop
vertex 11.702236 0.193959 9.819372
vertex 11.722712 0.214712 9.839372
vertex 11.702236 0.193959 9.839372
endloop
endfacet
facet normal 0 0 0
outer loop
vertex 11.722712 0.214712 9.819372
vertex 11.722712 0.214712 9.839372
vertex 11.702236 0.193959 9.819372
endloop
endfacet
facet normal 0 0 0
outer loop
vertex 11.251768 0.214712 9.819372
vertex 11.272243 0.214712 9.839372
vertex 11.272243 0.235465 9.819372
endloop
endfacet
facet normal 0 0 0
outer loop
vertex 11.272243 0.214712 9.839372
vertex 11.292719 0.235465 9.839372
vertex 11.272243 0.235465 9.819372
endloop
endfacet
facet normal 0 0 0
outer loop
vertex 11.722712 0.214712 9.819372
vertex 11.722712 0.235465 9.819372
vertex 11.722712 0.214712 9.839372
endloop
endfacet
facet normal 0 0 0
outer loop
vertex 11.722712 0.214712 9.839372
vertex 11.722712 0.235465 9.819372
vertex 11.722712 0.235465 9.839372
endloop
endfacet
facet normal 0 0 0
outer loop
vertex 11.272243 0.235465 9.819372
vertex 11.292719 0.235465 9.839372
vertex 11.292719 0.256219 9.819372
endloop
endfacet
facet normal 0 0 0
outer loop
vertex 11.292719 0.235465 9.839372
vertex 11.292719 0.256219 9.839372
vertex 11.292719 0.256219 9.819372
endloop
endfacet
facet normal 0 0 0
outer loop
vertex 11.743187 0.256219 9.839372
vertex 11.722712 0.235465 9.839372
vertex 11.722712 0.256219 9.819372
endloop
endfacet
facet normal 0 0 0
outer loop
vertex 11.722712 0.235465 9.839372
vertex 11.722712 0.235465 9.819372
vertex 11.722712 0.256219 9.819372
endloop
endfacet
facet normal 0 0 0
outer loop
vertex 11.292719 0.256219 9.839372
vertex 11.313196 0.276972 9.819372
vertex 11.292719 0.256219 9.819372
endloop
endfacet
facet normal 0 0 0
outer loop
vertex 11.313196 0.276972 9.839372
vertex 11.313196 0.276972 9.819372
vertex 11.292719 0.256219 9.839372
endloop
endfacet
facet normal 0 0 0
outer loop
vertex 11.722712 0.256219 9.819372
vertex 11.743187 0.276972 9.819372
vertex 11.743187 0.256219 9.839372
endloop
endfacet
facet normal 0 0 0
outer loop
vertex 11.743187 0.256219 9.839372
vertex 11.743187 0.276972 9.819372
vertex 11.743187 0.276972 9.839372
endloop
endfacet
facet normal 0 0 0
outer loop
vertex 11.313196 0.276972 9.839372
vertex 11.333672 0.297725 9.819372
vertex 11.313196 0.276972 9.819372
endloop
endfacet
facet normal 0 0 0
outer loop
vertex 11.333672 0.297725 9.839372
vertex 11.333672 0.297725 9.819372
vertex 11.313196 0.276972 9.839372
endloop
endfacet
facet normal 0 0 0
outer loop
vertex 11.743187 0.276972 9.819372
vertex 11.743187 0.297725 9.819372
vertex 11.743187 0.276972 9.839372
endloop
endfacet
facet normal 0 0 0
outer loop
vertex 11.743187 0.276972 9.839372
vertex 11.743187 0.297725 9.819372
vertex 11.743187 0.297725 9.839372
endloop
endfacet
facet normal 0 0 0
outer loop
vertex 11.354147 0.318479 9.819372
vertex 11.333672 0.297725 9.819372
vertex 11.354147 0.297725 9.839372
endloop
endfacet
facet normal 0 0 0
outer loop
vertex 11.333672 0.297725 9.819372
vertex 11.333672 0.297725 9.839372
vertex 11.354147 0.297725 9.839372
endloop
endfacet
facet normal 0 0 0
outer loop
vertex 11.354147 0.297725 9.839372
vertex 11.374622 0.318479 9.839372
vertex 11.354147 0.318479 9.819372
endloop
endfacet
facet normal 0 0 0
outer loop
vertex 11.743187 0.297725 9.819372
vertex 11.743187 0.318479 9.819372
vertex 11.743187 0.297725 9.839372
endloop
endfacet
facet normal 0 0 0
outer loop
vertex 11.743187 0.297725 9.839372
vertex 11.743187 0.318479 9.819372
vertex 11.743187 0.318479 9.839372
endloop
endfacet
facet normal 0 0 0
outer loop
vertex 11.354147 0.318479 9.819372
vertex 11.374622 0.318479 9.839372
vertex 11.374622 0.339232 9.819372
endloop
endfacet
facet normal 0 0 0
outer loop
vertex 11.374622 0.318479 9.839372
vertex 11.395100 0.339232 9.839372
vertex 11.374622 0.339232 9.819372
endloop
endfacet
facet normal 0 0 0
outer loop
vertex 11.743187 0.318479 9.819372
vertex 11.722712 0.339232 9.819372
vertex 11.743187 0.339232 9.839372
endloop
endfacet
facet normal 0 0 0
outer loop
vertex 11.743187 0.318479 9.819372
vertex 11.743187 0.339232 9.839372
vertex 11.743187 0.318479 9.839372
endloop
endfacet
facet normal 0 0 0
outer loop
vertex 11.374622 0.339232 9.819372
vertex 11.395100 0.339232 9.839372
vertex 11.395100 0.359985 9.819372
endloop
endfacet
facet normal 0 0 0
outer loop
vertex 11.395100 0.359985 9.819372
vertex 11.415575 0.339232 9.839372
vertex 11.415575 0.359985 9.819372
endloop
endfacet
facet normal 0 0 0
outer loop
vertex 11.395100 0.339232 9.839372
vertex 11.415575 0.339232 9.839372
vertex 11.395100 0.359985 9.819372
endloop
endfacet
facet normal 0 0 0
outer loop
vertex 11.415575 0.339232 9.839372
vertex 11.436050 0.359985 9.839372
vertex 11.415575 0.359985 9.819372
endloop
endfacet
facet normal 0 0 0
outer loop
vertex 11.722712 0.339232 9.819372
vertex 11.702236 0.359985 9.819372
vertex 11.722712 0.359985 9.839372
endloop
endfacet
facet normal 0 0 0
outer loop
vertex 11.722712 0.339232 9.819372
vertex 11.722712 0.359985 9.839372
vertex 11.743187 0.339232 9.839372
endloop
endfacet
facet normal 0 0 0
outer loop
vertex 11.415575 0.359985 9.819372
vertex 11.436050 0.359985 9.839372
vertex 11.436050 0.359985 9.819372
endloop
endfacet
facet normal 0 0 0
outer loop
vertex 11.456526 0.380738 9.819372
vertex 11.436050 0.359985 9.819372
vertex 11.456526 0.359985 9.839372
endloop
endfacet
facet normal 0 0 0
outer loop
vertex 11.436050 0.359985 9.819372
vertex 11.436050 0.359985 9.839372
vertex 11.456526 0.359985 9.839372
endloop
endfacet
facet normal 0 0 0
outer loop
vertex 11.456526 0.359985 9.839372
vertex 11.477001 0.380738 9.839372
vertex 11.456526 0.380738 9.819372
endloop
endfacet
facet normal 0 0 0
outer loop
vertex 11.702236 0.359985 9.819372
vertex 11.681761 0.380738 9.819372
vertex 11.702236 0.380738 9.839372
endloop
endfacet
facet normal 0 0 0
outer loop
vertex 11.702236 0.359985 9.819372
vertex 11.702236 0.380738 9.839372
vertex 11.722712 0.359985 9.839372
endloop
endfacet
facet normal 0 0 0
outer loop
vertex 11.456526 0.380738 9.819372
vertex 11.477001 0.380738 9.839372
vertex 11.477001 0.380738 9.819372
endloop
endfacet
facet normal 0 0 0
outer loop
vertex 11.497478 0.380738 9.819372
vertex 11.477001 0.380738 9.819372
vertex 11.497478 0.380738 9.839372
endloop
endfacet
facet normal 0 0 0
outer loop
vertex 11.477001 0.380738 9.819372
vertex 11.477001 0.380738 9.839372
vertex 11.497478 0.380738 9.839372
endloop
endfacet
facet normal 0 0 0
outer loop
vertex 11.517954 0.380738 9.819372
vertex 11.497478 0.380738 9.819372
vertex 11.517954 0.380738 9.839372
endloop
endfacet
facet normal 0 0 0
outer loop
vertex 11.497478 0.380738 9.819372
vertex 11.497478 0.380738 9.839372
vertex 11.517954 0.380738 9.839372
endloop
endfacet
facet normal 0 0 0
outer loop
vertex 11.538429 0.401492 9.819372
vertex 11.517954 0.380738 9.819372
vertex 11.538429 0.380738 9.839372
endloop
endfacet
facet normal 0 0 0
outer loop
vertex 11.517954 0.380738 9.819372
vertex 11.517954 0.380738 9.839372
vertex 11.538429 0.380738 9.839372
endloop
endfacet
facet normal 0 0 0
outer loop
vertex 11.538429 0.401492 9.819372
vertex 11.558905 0.380738 9.839372
vertex 11.558905 0.401492 9.819372
endloop
endfacet
facet normal 0 0 0
outer loop
vertex 11.538429 0.380738 9.839372
vertex 11.558905 0.380738 9.839372
vertex 11.538429 0.401492 9.819372
endloop
endfacet
facet normal 0 0 0
outer loop
vertex 11.558905 0.401492 9.819372
vertex 11.579380 0.380738 9.839372
vertex 11.579380 0.401492 9.819372
endloop
endfacet
facet normal 0 0 0
outer loop
vertex 11.558905 0.380738 9.839372
vertex 11.579380 0.380738 9.839372
vertex 11.558905 0.401492 9.819372
endloop
endfacet
facet normal 0 0 0
outer loop
vertex 11.579380 0.380738 9.839372
vertex 11.599857 0.401492 9.839372
vertex 11.579380 0.401492 9.819372
endloop
endfacet
facet normal 0 0 0
outer loop
vertex 11.640808 0.380738 9.819372
vertex 11.620333 0.401492 9.839372
vertex 11.640808 0.380738 9.839372
endloop
endfacet
facet normal 0 0 0
outer loop
vertex 11.620333 0.401492 9.819372
vertex 11.620333 0.401492 9.839372
vertex 11.640808 0.380738 9.819372
endloop
endfacet
facet normal 0 0 0
outer loop
vertex 11.661283 0.380738 9.819372
vertex 11.640808 0.380738 9.819372
vertex 11.661283 0.380738 9.839372
endloop
endfacet
facet normal 0 0 0
outer loop
vertex 11.640808 0.380738 9.819372
vertex 11.640808 0.380738 9.839372
vertex 11.661283 0.380738 9.839372
endloop
endfacet
facet normal 0 0 0
outer loop
vertex 11.681761 0.380738 9.819372
vertex 11.661283 0.380738 9.819372
vertex 11.681761 0.380738 9.839372
endloop
endfacet
facet normal 0 0 0
outer loop
vertex 11.661283 0.380738 9.819372
vertex 11.661283 0.380738 9.839372
vertex 11.681761 0.380738 9.839372
endloop
endfacet
facet normal 0 0 0
outer loop
vertex 11.702236 0.380738 9.839372
vertex 11.681761 0.380738 9.819372
vertex 11.681761 0.380738 9.839372
endloop
endfacet
facet normal 0 0 0
outer loop
vertex 11.579380 0.401492 9.819372
vertex 11.599857 0.401492 9.839372
vertex 11.599857 0.401492 9.819372
endloop
endfacet
facet normal 0 0 0
outer loop
vertex 11.620333 0.401492 9.819372
vertex 11.599857 0.401492 9.819372
vertex 11.620333 0.401492 9.839372
endloop
endfacet
facet normal 0 0 0
outer loop
vertex 11.599857 0.401492 9.819372
vertex 11.599857 0.401492 9.839372
vertex 11.620333 0.401492 9.839372
endloop
endfacet
facet normal 0 0 0
outer loop
vertex 11.292719 0.069439 9.839372
vertex 11.313196 0.048685 9.839372
vertex 11.313196 0.069439 9.839372
endloop
endfacet
facet normal 0 0 0
outer loop
vertex 11.333672 0.048685 9.839372
vertex 11.333672 0.069439 9.839372
vertex 11.313196 0.048685 9.839372
endloop
endfacet
facet normal 0 0 0
outer loop
vertex 11.333672 0.069439 9.839372
vertex 11.313196 0.069439 9.839372
vertex 11.313196 0.048685 9.839372
endloop
endfacet
facet normal 0 0 0
outer loop
vertex 11.354147 0.048685 9.839372
vertex 11.354147 0.069439 9.839372
vertex 11.333672 0.048685 9.839372
endloop
endfacet
facet normal 0 0 0
outer loop
vertex 11.354147 0.069439 9.839372
vertex 11.333672 0.069439 9.839372
vertex 11.333672 0.048685 9.839372
endloop
endfacet
facet normal 0 0 0
outer loop
vertex 11.374622 0.048685 9.839372
vertex 11.374622 0.069439 9.839372
vertex 11.354147 0.048685 9.839372
endloop
endfacet
facet normal 0 0 0
outer loop
vertex 11.374622 0.069439 9.839372
vertex 11.354147 0.069439 9.839372
vertex 11.354147 0.048685 9.839372
endloop
endfacet
facet normal 0 0 0
outer loop
vertex 11.395100 0.048685 9.839372
vertex 11.395100 0.069439 9.839372
vertex 11.374622 0.048685 9.839372
endloop
endfacet
facet normal 0 0 0
outer loop
vertex 11.395100 0.069439 9.839372
vertex 11.374622 0.069439 9.839372
vertex 11.374622 0.048685 9.839372
endloop
endfacet
facet normal 0 0 0
outer loop
vertex 11.415575 0.048685 9.839372
vertex 11.415575 0.069439 9.839372
vertex 11.395100 0.048685 9.839372
endloop
endfacet
facet normal 0 0 0
outer loop
vertex 11.415575 0.069439 9.839372
vertex 11.395100 0.069439 9.839372
vertex 11.395100 0.048685 9.839372
endloop
endfacet
facet normal 0 0 0
outer loop
vertex 11.436050 0.048685 9.839372
vertex 11.436050 0.069439 9.839372
vertex 11.415575 0.048685 9.839372
endloop
endfacet
facet normal 0 0 0
outer loop
vertex 11.436050 0.069439 9.839372
vertex 11.415575 0.069439 9.839372
vertex 11.415575 0.048685 9.839372
endloop
endfacet
facet normal 0 0 0
outer loop
vertex 11.436050 0.048685 9.839372
vertex 11.456526 0.069439 9.839372
vertex 11.436050 0.069439 9.839372
endloop
endfacet
facet normal 0 0 0
outer loop
vertex 11.272243 0.090192 9.839372
vertex 11.292719 0.069439 9.839372
vertex 11.292719 0.090192 9.839372
endloop
endfacet
facet normal 0 0 0
outer loop
vertex 11.313196 0.069439 9.839372
vertex 11.313196 0.090192 9.839372
vertex 11.292719 0.069439 9.839372
endloop
endfacet
facet normal 0 0 0
outer loop
vertex 11.313196 0.090192 9.839372
vertex 11.292719 0.090192 9.839372
vertex 11.292719 0.069439 9.839372
endloop
endfacet
facet normal 0 0 0
outer loop
vertex 11.333672 0.090192 9.859371
vertex 11.313196 0.090192 9.839372
vertex 11.333672 0.069439 9.839372
endloop
endfacet
facet normal 0 0 0
outer loop
vertex 11.313196 0.090192 9.839372
vertex 11.313196 0.069439 9.839372
vertex 11.333672 0.069439 9.839372
endloop
endfacet
facet normal 0 0 0
outer loop
vertex 11.354147 0.069439 9.839372
vertex 11.333672 0.090192 9.859371
vertex 11.333672 0.069439 9.839372
endloop
endfacet
facet normal 0 0 0
outer loop
vertex 11.354147 0.090192 9.859371
vertex 11.333672 0.090192 9.859371
vertex 11.354147 0.069439 9.839372
endloop
endfacet
facet normal 0 0 0
outer loop
vertex 11.374622 0.069439 9.839372
vertex 11.354147 0.090192 9.859371
vertex 11.354147 0.069439 9.839372
endloop
endfacet
facet normal 0 0 0
outer loop
vertex 11.374622 0.090192 9.859371
vertex 11.354147 0.090192 9.859371
vertex 11.374622 0.069439 9.839372
endloop
endfacet
facet normal 0 0 0
outer loop
vertex 11.395100 0.069439 9.839372
vertex 11.374622 0.090192 9.859371
vertex 11.374622 0.069439 9.839372
endloop
endfacet
facet normal 0 0 0
outer loop
vertex 11.395100 0.090192 9.859371
vertex 11.374622 0.090192 9.859371
vertex 11.395100 0.069439 9.839372
endloop
endfacet
facet normal 0 0 0
outer loop
vertex 11.415575 0.069439 9.839372
vertex 11.395100 0.090192 9.859371
vertex 11.395100 0.069439 9.839372
endloop
endfacet
facet normal 0 0 0
outer loop
vertex 11.415575 0.090192 9.859371
vertex 11.395100 0.090192 9.859371
vertex 11.415575 0.069439 9.839372
endloop
endfacet
facet normal 0 0 0
outer loop
vertex 11.436050 0.069439 9.839372
vertex 11.415575 0.090192 9.859371
vertex 11.415575 0.069439 9.839372
endloop
endfacet
facet normal 0 0 0
outer loop
vertex 11.436050 0.090192 9.859371
vertex 11.415575 0.090192 9.859371
vertex 11.436050 0.069439 9.839372
endloop
endfacet
facet normal 0 0 0
outer loop
vertex 11.456526 0.069439 9.839372
vertex 11.436050 0.090192 9.859371
vertex 11.436050 0.069439 9.839372
endloop
endfacet
facet normal 0 0 0
outer loop
vertex 11.456526 0.090192 9.859371
vertex 11.436050 0.090192 9.859371
vertex 11.456526 0.069439 9.839372
endloop
endfacet
facet normal 0 0 0
outer loop
vertex 11.477001 0.069439 9.839372
vertex 11.456526 0.090192 9.859371
vertex 11.456526 0.069439 9.839372
endloop
endfacet
facet normal 0 0 0
outer loop
vertex 11.477001 0.090192 9.859371
vertex 11.456526 0.090192 9.859371
vertex 11.477001 0.069439 9.839372
endloop
endfacet
facet normal 0 0 0
outer loop
vertex 11.497478 0.069439 9.839372
vertex 11.477001 0.090192 9.859371
vertex 11.477001 0.069439 9.839372
endloop
endfacet
facet normal 0 0 0
outer loop
vertex 11.497478 0.090192 9.859371
vertex 11.477001 0.090192 9.859371
vertex 11.497478 0.069439 9.839372
endloop
endfacet
facet normal 0 0 0
outer loop
vertex 11.517954 0.069439 9.839372
vertex 11.497478 0.090192 9.859371
vertex 11.497478 0.069439 9.839372
endloop
endfacet
facet normal 0 0 0
outer loop
vertex 11.517954 0.090192 9.859371
vertex 11.497478 0.090192 9.859371
vertex 11.517954 0.069439 9.839372
endloop
endfacet
facet normal 0 0 0
outer loop
vertex 11.517954 0.069439 9.839372
vertex 11.538429 0.090192 9.839372
vertex 11.517954 0.090192 9.859371
endloop
endfacet
facet normal 0 0 0
outer loop
vertex 11.538429 0.090192 9.839372
vertex 11.538429 0.090192 9.859371
vertex 11.517954 0.090192 9.859371
endloop
endfacet
facet normal 0 0 0
outer loop
vertex 11.558905 0.090192 9.839372
vertex 11.538429 0.090192 9.859371
vertex 11.538429 0.090192 9.839372
endloop
endfacet
facet normal 0 0 0
outer loop
vertex 11.251768 0.110945 9.839372
vertex 11.272243 0.090192 9.839372
vertex 11.272243 0.110945 9.839372
endloop
endfacet
facet normal 0 0 0
outer loop
vertex 11.292719 0.110945 9.859371
vertex 11.272243 0.110945 9.839372
vertex 11.292719 0.090192 9.839372
endloop
endfacet
facet normal 0 0 0
outer loop
vertex 11.272243 0.110945 9.839372
vertex 11.272243 0.090192 9.839372
vertex 11.292719 0.090192 9.839372
endloop
endfacet
facet normal 0 0 0
outer loop
vertex 11.313196 0.090192 9.839372
vertex 11.292719 0.110945 9.859371
vertex 11.292719 0.090192 9.839372
endloop
endfacet
facet normal 0 0 0
outer loop
vertex 11.313196 0.110945 9.859371
vertex 11.292719 0.110945 9.859371
vertex 11.313196 0.090192 9.839372
endloop
endfacet
facet normal 0 0 0
outer loop
vertex 11.333672 0.090192 9.859371
vertex 11.313196 0.110945 9.859371
vertex 11.313196 0.090192 9.839372
endloop
endfacet
facet normal 0 0 0
outer loop
vertex 11.558905 0.090192 9.839372
vertex 11.558905 0.110945 9.859371
vertex 11.538429 0.090192 9.859371
endloop
endfacet
facet normal 0 0 0
outer loop
vertex 11.558905 0.090192 9.839372
vertex 11.579380 0.110945 9.839372
vertex 11.558905 0.110945 9.859371
endloop
endfacet
facet normal 0 0 0
outer loop
vertex 11.579380 0.110945 9.839372
vertex 11.579380 0.110945 9.859371
vertex 11.558905 0.110945 9.859371
endloop
endfacet
facet normal 0 0 0
outer loop
vertex 11.599857 0.110945 9.839372
vertex 11.579380 0.110945 9.859371
vertex 11.579380 0.110945 9.839372
endloop
endfacet
facet normal 0 0 0
outer loop
vertex 11.272243 0.110945 9.839372
vertex 11.272243 0.131699 9.839372
vertex 11.251768 0.110945 9.839372
endloop
endfacet
facet normal 0 0 0
outer loop
vertex 11.272243 0.131699 9.839372
vertex 11.251768 0.131699 9.839372
vertex 11.251768 0.110945 9.839372
endloop
endfacet
facet normal 0 0 0
outer loop
vertex 11.292719 0.131699 9.859371
vertex 11.272243 0.110945 9.839372
vertex 11.292719 0.110945 9.859371
endloop
endfacet
facet normal 0 0 0
outer loop
vertex 11.272243 0.131699 9.839372
vertex 11.272243 0.110945 9.839372
vertex 11.292719 0.131699 9.859371
endloop
endfacet
facet normal 0 0 0
outer loop
vertex 11.599857 0.110945 9.839372
vertex 11.599857 0.131699 9.859371
vertex 11.579380 0.110945 9.859371
endloop
endfacet
facet normal 0 0 0
outer loop
vertex 11.599857 0.110945 9.839372
vertex 11.620333 0.131699 9.839372
vertex 11.599857 0.131699 9.859371
endloop
endfacet
facet normal 0 0 0
outer loop
vertex 11.620333 0.131699 9.839372
vertex 11.620333 0.131699 9.859371
vertex 11.599857 0.131699 9.859371
endloop
endfacet
facet normal 0 0 0
outer loop
vertex 11.640808 0.131699 9.839372
vertex 11.620333 0.131699 9.859371
vertex 11.620333 0.131699 9.839372
endloop
endfacet
facet normal 0 0 0
outer loop
vertex 11.272243 0.152452 9.859371
vertex 11.251768 0.152452 9.839372
vertex 11.272243 0.131699 9.839372
endloop
endfacet
facet normal 0 0 0
outer loop
vertex 11.251768 0.152452 9.839372
vertex 11.251768 0.131699 9.839372
vertex 11.272243 0.131699 9.839372
endloop
endfacet
facet normal 0 0 0
outer loop
vertex 11.292719 0.131699 9.859371
vertex 11.272243 0.152452 9.859371
vertex 11.272243 0.131699 9.839372
endloop
endfacet
facet normal 0 0 0
outer loop
vertex 11.640808 0.131699 9.839372
vertex 11.640808 0.152452 9.859371
vertex 11.620333 0.131699 9.859371
endloop
endfacet
facet normal 0 0 0
outer loop
vertex 11.640808 0.131699 9.839372
vertex 11.661283 0.152452 9.839372
vertex 11.640808 0.152452 9.859371
endloop
endfacet
facet normal 0 0 0
outer loop
vertex 11.661283 0.152452 9.839372
vertex 11.661283 0.152452 9.859371
vertex 11.640808 0.152452 9.859371
endloop
endfacet
facet normal 0 0 0
outer loop
vertex 11.272243 0.173205 9.859371
vertex 11.251768 0.152452 9.839372
vertex 11.272243 0.152452 9.859371
endloop
endfacet
facet normal 0 0 0
outer loop
vertex 11.251768 0.173205 9.839372
vertex 11.251768 0.152452 9.839372
vertex 11.272243 0.173205 9.859371
endloop
endfacet
facet normal 0 0 0
outer loop
vertex 11.661283 0.152452 9.839372
vertex 11.681761 0.173205 9.859371
vertex 11.661283 0.152452 9.859371
endloop
endfacet
facet normal 0 0 0
outer loop
vertex 11.681761 0.173205 9.839372
vertex 11.681761 0.173205 9.859371
vertex 11.661283 0.152452 9.839372
endloop
endfacet
facet normal 0 0 0
outer loop
vertex 11.251768 0.173205 9.839372
vertex 11.272243 0.173205 9.859371
vertex 11.272243 0.193959 9.839372
endloop
endfacet
facet normal 0 0 0
outer loop
vertex 11.272243 0.173205 9.859371
vertex 11.272243 0.193959 9.859371
vertex 11.272243 0.193959 9.839372
endloop
endfacet
facet normal 0 0 0
outer loop
vertex 11.681761 0.173205 9.839372
vertex 11.702236 0.193959 9.859371
vertex 11.681761 0.173205 9.859371
endloop
endfacet
facet normal 0 0 0
outer loop
vertex 11.702236 0.193959 9.839372
vertex 11.702236 0.193959 9.859371
vertex 11.681761 0.173205 9.839372
endloop
endfacet
facet normal 0 0 0
outer loop
vertex 11.272243 0.193959 9.859371
vertex 11.272243 0.214712 9.839372
vertex 11.272243 0.193959 9.839372
endloop
endfacet
facet normal 0 0 0
outer loop
vertex 11.272243 0.193959 9.859371
vertex 11.292719 0.214712 9.859371
vertex 11.272243 0.214712 9.839372
endloop
endfacet
facet normal 0 0 0
outer loop
vertex 11.702236 0.193959 9.839372
vertex 11.722712 0.214712 9.859371
vertex 11.702236 0.193959 9.859371
endloop
endfacet
facet normal 0 0 0
outer loop
vertex 11.722712 0.214712 9.839372
vertex 11.722712 0.214712 9.859371
vertex 11.702236 0.193959 9.839372
endloop
endfacet
facet normal 0 0 0
outer loop
vertex 11.272243 0.214712 9.839372
vertex 11.292719 0.214712 9.859371
vertex 11.292719 0.235465 9.839372
endloop
endfacet
facet normal 0 0 0
outer loop
vertex 11.292719 0.214712 9.859371
vertex 11.313196 0.235465 9.859371
vertex 11.292719 0.235465 9.839372
endloop
endfacet
facet normal 0 0 0
outer loop
vertex 11.743187 0.235465 9.859371
vertex 11.722712 0.214712 9.859371
vertex 11.722712 0.235465 9.839372
endloop
endfacet
facet normal 0 0 0
outer loop
vertex 11.722712 0.214712 9.859371
vertex 11.722712 0.214712 9.839372
vertex 11.722712 0.235465 9.839372
endloop
endfacet
facet normal 0 0 0
outer loop
vertex 11.313196 0.256219 9.859371
vertex 11.292719 0.235465 9.839372
vertex 11.313196 0.235465 9.859371
endloop
endfacet
facet normal 0 0 0
outer loop
vertex 11.292719 0.256219 9.839372
vertex 11.292719 0.235465 9.839372
vertex 11.313196 0.256219 9.859371
endloop
endfacet
facet normal 0 0 0
outer loop
vertex 11.722712 0.235465 9.839372
vertex 11.743187 0.256219 9.839372
vertex 11.743187 0.235465 9.859371
endloop
endfacet
facet normal 0 0 0
outer loop
vertex 11.743187 0.256219 9.839372
vertex 11.763662 0.256219 9.859371
vertex 11.743187 0.235465 9.859371
endloop
endfacet
facet normal 0 0 0
outer loop
vertex 11.292719 0.256219 9.839372
vertex 11.313196 0.256219 9.859371
vertex 11.313196 0.276972 9.839372
endloop
endfacet
facet normal 0 0 0
outer loop
vertex 11.313196 0.256219 9.859371
vertex 11.333672 0.276972 9.859371
vertex 11.313196 0.276972 9.839372
endloop
endfacet
facet normal 0 0 0
outer loop
vertex 11.763662 0.256219 9.859371
vertex 11.743187 0.276972 9.839372
vertex 11.763662 0.276972 9.859371
endloop
endfacet
facet normal 0 0 0
outer loop
vertex 11.743187 0.256219 9.839372
vertex 11.743187 0.276972 9.839372
vertex 11.763662 0.256219 9.859371
endloop
endfacet
facet normal 0 0 0
outer loop
vertex 11.313196 0.276972 9.839372
vertex 11.333672 0.276972 9.859371
vertex 11.333672 0.297725 9.839372
endloop
endfacet
facet normal 0 0 0
outer loop
vertex 11.333672 0.276972 9.859371
vertex 11.354147 0.297725 9.859371
vertex 11.333672 0.297725 9.839372
endloop
endfacet
facet normal 0 0 0
outer loop
vertex 11.763662 0.276972 9.859371
vertex 11.743187 0.297725 9.839372
vertex 11.763662 0.297725 9.859371
endloop
endfacet
facet normal 0 0 0
outer loop
vertex 11.743187 0.276972 9.839372
vertex 11.743187 0.297725 9.839372
vertex 11.763662 0.276972 9.859371
endloop
endfacet
facet normal 0 0 0
outer loop
vertex 11.784140 0.276972 9.859371
vertex 11.763662 0.276972 9.859371
vertex 11.784140 0.297725 9.859371
endloop
endfacet
facet normal 0 0 0
outer loop
vertex 11.784140 0.297725 9.859371
vertex 11.763662 0.276972 9.859371
vertex 11.763662 0.297725 9.859371
endloop
endfacet
facet normal 0 0 0
outer loop
vertex 11.333672 0.297725 9.839372
vertex 11.354147 0.297725 9.859371
vertex 11.354147 0.297725 9.839372
endloop
endfacet
facet normal 0 0 0
outer loop
vertex 11.354147 0.297725 9.859371
vertex 11.374622 0.318479 9.839372
vertex 11.354147 0.297725 9.839372
endloop
endfacet
facet normal 0 0 0
outer loop
vertex 11.374622 0.318479 9.859371
vertex 11.374622 0.318479 9.839372
vertex 11.354147 0.297725 9.859371
endloop
endfacet
facet normal 0 0 0
outer loop
vertex 11.763662 0.297725 9.859371
vertex 11.743187 0.318479 9.839372
vertex 11.763662 0.318479 9.859371
endloop
endfacet
facet normal 0 0 0
outer loop
vertex 11.743187 0.297725 9.839372
vertex 11.743187 0.318479 9.839372
vertex 11.763662 0.297725 9.859371
endloop
endfacet
facet normal 0 0 0
outer loop
vertex 11.784140 0.297725 9.859371
vertex 11.763662 0.297725 9.859371
vertex 11.784140 0.318479 9.859371
endloop
endfacet
facet normal 0 0 0
outer loop
vertex 11.784140 0.318479 9.859371
vertex 11.763662 0.297725 9.859371
vertex 11.763662 0.318479 9.859371
endloop
endfacet
facet normal 0 0 0
outer loop
vertex 11.374622 0.318479 9.859371
vertex 11.395100 0.339232 9.839372
vertex 11.374622 0.318479 9.839372
endloop
endfacet
facet normal 0 0 0
outer loop
vertex 11.395100 0.339232 9.859371
vertex 11.395100 0.339232 9.839372
vertex 11.374622 0.318479 9.859371
endloop
endfacet
facet normal 0 0 0
outer loop
vertex 11.763662 0.318479 9.859371
vertex 11.743187 0.339232 9.839372
vertex 11.763662 0.339232 9.859371
endloop
endfacet
facet normal 0 0 0
outer loop
vertex 11.743187 0.318479 9.839372
vertex 11.743187 0.339232 9.839372
vertex 11.763662 0.318479 9.859371
endloop
endfacet
facet normal 0 0 0
outer loop
vertex 11.784140 0.318479 9.859371
vertex 11.763662 0.318479 9.859371
vertex 11.784140 0.339232 9.859371
endloop
endfacet
facet normal 0 0 0
outer loop
vertex 11.784140 0.339232 9.859371
vertex 11.763662 0.318479 9.859371
vertex 11.763662 0.339232 9.859371
endloop
endfacet
facet normal 0 0 0
outer loop
vertex 11.804615 0.339232 9.859371
vertex 11.784140 0.318479 9.859371
vertex 11.784140 0.339232 9.859371
endloop
endfacet
facet normal 0 0 0
outer loop
vertex 11.415575 0.339232 9.839372
vertex 11.395100 0.339232 9.839372
vertex 11.415575 0.339232 9.859371
endloop
endfacet
facet normal 0 0 0
outer loop
vertex 11.395100 0.339232 9.839372
vertex 11.395100 0.339232 9.859371
vertex 11.415575 0.339232 9.859371
endloop
endfacet
facet normal 0 0 0
outer loop
vertex 11.415575 0.339232 9.859371
vertex 11.436050 0.359985 9.839372
vertex 11.415575 0.339232 9.839372
endloop
endfacet
facet normal 0 0 0
outer loop
vertex 11.436050 0.359985 9.859371
vertex 11.436050 0.359985 9.839372
vertex 11.415575 0.339232 9.859371
endloop
endfacet
facet normal 0 0 0
outer loop
vertex 11.743187 0.339232 9.839372
vertex 11.722712 0.359985 9.839372
vertex 11.743187 0.359985 9.859371
endloop
endfacet
facet normal 0 0 0
outer loop
vertex 11.743187 0.339232 9.839372
vertex 11.743187 0.359985 9.859371
vertex 11.763662 0.339232 9.859371
endloop
endfacet
facet normal 0 0 0
outer loop
vertex 11.743187 0.359985 9.859371
vertex 11.763662 0.359985 9.859371
vertex 11.763662 0.339232 9.859371
endloop
endfacet
facet normal 0 0 0
outer loop
vertex 11.784140 0.339232 9.859371
vertex 11.763662 0.339232 9.859371
vertex 11.784140 0.359985 9.859371
endloop
endfacet
facet normal 0 0 0
outer loop
vertex 11.784140 0.359985 9.859371
vertex 11.763662 0.339232 9.859371
vertex 11.763662 0.359985 9.859371
endloop
endfacet
facet normal 0 0 0
outer loop
vertex 11.456526 0.359985 9.839372
vertex 11.436050 0.359985 9.839372
vertex 11.456526 0.359985 9.859371
endloop
endfacet
facet normal 0 0 0
outer loop
vertex 11.436050 0.359985 9.839372
vertex 11.436050 0.359985 9.859371
vertex 11.456526 0.359985 9.859371
endloop
endfacet
facet normal 0 0 0
outer loop
vertex 11.456526 0.359985 9.859371
vertex 11.477001 0.380738 9.839372
vertex 11.456526 0.359985 9.839372
endloop
endfacet
facet normal 0 0 0
outer loop
vertex 11.477001 0.380738 9.859371
vertex 11.477001 0.380738 9.839372
vertex 11.456526 0.359985 9.859371
endloop
endfacet
facet normal 0 0 0
outer loop
vertex 11.722712 0.359985 9.839372
vertex 11.702236 0.380738 9.839372
vertex 11.722712 0.380738 9.859371
endloop
endfacet
facet normal 0 0 0
outer loop
vertex 11.722712 0.359985 9.839372
vertex 11.722712 0.380738 9.859371
vertex 11.743187 0.359985 9.859371
endloop
endfacet
facet normal 0 0 0
outer loop
vertex 11.722712 0.380738 9.859371
vertex 11.743187 0.380738 9.859371
vertex 11.743187 0.359985 9.859371
endloop
endfacet
facet normal 0 0 0
outer loop
vertex 11.763662 0.359985 9.859371
vertex 11.743187 0.359985 9.859371
vertex 11.763662 0.380738 9.859371
endloop
endfacet
facet normal 0 0 0
outer loop
vertex 11.763662 0.380738 9.859371
vertex 11.743187 0.359985 9.859371
vertex 11.743187 0.380738 9.859371
endloop
endfacet
facet normal 0 0 0
outer loop
vertex 11.784140 0.359985 9.859371
vertex 11.763662 0.359985 9.859371
vertex 11.784140 0.380738 9.859371
endloop
endfacet
facet normal 0 0 0
outer loop
vertex 11.784140 0.380738 9.859371
vertex 11.763662 0.359985 9.859371
vertex 11.763662 0.380738 9.859371
endloop
endfacet
facet normal 0 0 0
outer loop
vertex 11.497478 0.380738 9.839372
vertex 11.477001 0.380738 9.839372
vertex 11.497478 0.380738 9.859371
endloop
endfacet
facet normal 0 0 0
outer loop
vertex 11.477001 0.380738 9.839372
vertex 11.477001 0.380738 9.859371
vertex 11.497478 0.380738 9.859371
endloop
endfacet
facet normal 0 0 0
outer loop
vertex 11.517954 0.401492 9.859371
vertex 11.517954 0.380738 9.839372
vertex 11.497478 0.380738 9.859371
endloop
endfacet
facet normal 0 0 0
outer loop
vertex 11.517954 0.380738 9.839372
vertex 11.497478 0.380738 9.839372
vertex 11.497478 0.380738 9.859371
endloop
endfacet
facet normal 0 0 0
outer loop
vertex 11.517954 0.380738 9.839372
vertex 11.538429 0.401492 9.859371
vertex 11.538429 0.380738 9.839372
endloop
endfacet
facet normal 0 0 0
outer loop
vertex 11.517954 0.401492 9.859371
vertex 11.538429 0.401492 9.859371
vertex 11.517954 0.380738 9.839372
endloop
endfacet
facet normal 0 0 0
outer loop
vertex 11.538429 0.380738 9.839372
vertex 11.558905 0.401492 9.859371
vertex 11.558905 0.380738 9.839372
endloop
endfacet
facet normal 0 0 0
outer loop
vertex 11.538429 0.401492 9.859371
vertex 11.558905 0.401492 9.859371
vertex 11.538429 0.380738 9.839372
endloop
endfacet
facet normal 0 0 0
outer loop
vertex 11.558905 0.380738 9.839372
vertex 11.579380 0.401492 9.859371
vertex 11.579380 0.380738 9.839372
endloop
endfacet
facet normal 0 0 0
outer loop
vertex 11.558905 0.401492 9.859371
vertex 11.579380 0.401492 9.859371
vertex 11.558905 0.380738 9.839372
endloop
endfacet
facet normal 0 0 0
outer loop
vertex 11.579380 0.380738 9.839372
vertex 11.579380 0.401492 9.859371
vertex 11.599857 0.401492 9.839372
endloop
endfacet
facet normal 0 0 0
outer loop
vertex 11.640808 0.380738 9.839372
vertex 11.620333 0.401492 9.839372
vertex 11.640808 0.401492 9.859371
endloop
endfacet
facet normal 0 0 0
outer loop
vertex 11.640808 0.380738 9.839372
vertex 11.661283 0.401492 9.859371
vertex 11.661283 0.380738 9.839372
endloop
endfacet
facet normal 0 0 0
outer loop
vertex 11.640808 0.401492 9.859371
vertex 11.661283 0.401492 9.859371
vertex 11.640808 0.380738 9.839372
endloop
endfacet
facet normal 0 0 0
outer loop
vertex 11.661283 0.380738 9.839372
vertex 11.681761 0.401492 9.859371
vertex 11.681761 0.380738 9.839372
endloop
endfacet
facet normal 0 0 0
outer loop
vertex 11.661283 0.401492 9.859371
vertex 11.681761 0.401492 9.859371
vertex 11.661283 0.380738 9.839372
endloop
endfacet
facet normal 0 0 0
outer loop
vertex 11.681761 0.380738 9.839372
vertex 11.702236 0.401492 9.859371
vertex 11.702236 0.380738 9.839372
endloop
endfacet
facet normal 0 0 0
outer loop
vertex 11.681761 0.401492 9.859371
vertex 11.702236 0.401492 9.859371
vertex 11.681761 0.380738 9.839372
endloop
endfacet
facet normal 0 0 0
outer loop
vertex 11.702236 0.380738 9.839372
vertex 11.702236 0.401492 9.859371
vertex 11.722712 0.380738 9.859371
endloop
endfacet
facet normal 0 0 0
outer loop
vertex 11.702236 0.401492 9.859371
vertex 11.722712 0.401492 9.859371
vertex 11.722712 0.380738 9.859371
endloop
endfacet
facet normal 0 0 0
outer loop
vertex 11.743187 0.380738 9.859371
vertex 11.722712 0.380738 9.859371
vertex 11.743187 0.401492 9.859371
endloop
endfacet
facet normal 0 0 0
outer loop
vertex 11.743187 0.401492 9.859371
vertex 11.722712 0.380738 9.859371
vertex 11.722712 0.401492 9.859371
endloop
endfacet
facet normal 0 0 0
outer loop
vertex 11.743187 0.401492 9.859371
vertex 11.763662 0.380738 9.859371
vertex 11.743187 0.380738 9.859371
endloop
endfacet
facet normal 0 0 0
outer loop
vertex 11.538429 0.401492 9.859371
vertex 11.558905 0.422245 9.859371
vertex 11.558905 0.401492 9.859371
endloop
endfacet
facet normal 0 0 0
outer loop
vertex 11.579380 0.401492 9.859371
vertex 11.558905 0.401492 9.859371
vertex 11.579380 0.422245 9.859371
endloop
endfacet
facet normal 0 0 0
outer loop
vertex 11.579380 0.422245 9.859371
vertex 11.558905 0.401492 9.859371
vertex 11.558905 0.422245 9.859371
endloop
endfacet
facet normal 0 0 0
outer loop
vertex 11.599857 0.401492 9.839372
vertex 11.579380 0.401492 9.859371
vertex 11.599857 0.422245 9.859371
endloop
endfacet
facet normal 0 0 0
outer loop
vertex 11.579380 0.401492 9.859371
vertex 11.579380 0.422245 9.859371
vertex 11.599857 0.422245 9.859371
endloop
endfacet
facet normal 0 0 0
outer loop
vertex 11.599857 0.401492 9.839372
vertex 11.620333 0.422245 9.859371
vertex 11.620333 0.401492 9.839372
endloop
endfacet
facet normal 0 0 0
outer loop
vertex 11.599857 0.422245 9.859371
vertex 11.620333 0.422245 9.859371
vertex 11.599857 0.401492 9.839372
endloop
endfacet
facet normal 0 0 0
outer loop
vertex 11.620333 0.401492 9.839372
vertex 11.620333 0.422245 9.859371
vertex 11.640808 0.401492 9.859371
endloop
endfacet
facet normal 0 0 0
outer loop
vertex 11.620333 0.422245 9.859371
vertex 11.640808 0.422245 9.859371
vertex 11.640808 0.401492 9.859371
endloop
endfacet
facet normal 0 0 0
outer loop
vertex 11.661283 0.401492 9.859371
vertex 11.640808 0.401492 9.859371
vertex 11.661283 0.422245 9.859371
endloop
endfacet
facet normal 0 0 0
outer loop
vertex 11.661283 0.422245 9.859371
vertex 11.640808 0.401492 9.859371
vertex 11.640808 0.422245 9.859371
endloop
endfacet
facet normal 0 0 0
outer loop
vertex 11.681761 0.401492 9.859371
vertex 11.661283 0.401492 9.859371
vertex 11.681761 0.422245 9.859371
endloop
endfacet
facet normal 0 0 0
outer loop
vertex 11.681761 0.422245 9.859371
vertex 11.661283 0.401492 9.859371
vertex 11.661283 0.422245 9.859371
endloop
endfacet
facet normal 0 0 0
outer loop
vertex 11.681761 0.422245 9.859371
vertex 11.702236 0.401492 9.859371
vertex 11.681761 0.401492 9.859371
endloop
endfacet
facet normal 0 0 0
outer loop
vertex 11.395100 0.090192 9.879372
vertex 11.374622 0.090192 9.859371
vertex 11.395100 0.090192 9.859371
endloop
endfacet
facet normal 0 0 0
outer loop
vertex 11.415575 0.090192 9.859371
vertex 11.415575 0.090192 9.879372
vertex 11.395100 0.090192 9.859371
endloop
endfacet
facet normal 0 0 0
outer loop
vertex 11.395100 0.090192 9.859371
vertex 11.415575 0.090192 9.879372
vertex 11.395100 0.090192 9.879372
endloop
endfacet
facet normal 0 0 0
outer loop
vertex 11.436050 0.090192 9.859371
vertex 11.415575 0.090192 9.879372
vertex 11.415575 0.090192 9.859371
endloop
endfacet
facet normal 0 0 0
outer loop
vertex 11.313196 0.110945 9.879372
vertex 11.292719 0.110945 9.859371
vertex 11.313196 0.110945 9.859371
endloop
endfacet
facet normal 0 0 0
outer loop
vertex 11.333672 0.090192 9.859371
vertex 11.333672 0.110945 9.879372
vertex 11.313196 0.110945 9.859371
endloop
endfacet
facet normal 0 0 0
outer loop
vertex 11.333672 0.110945 9.879372
vertex 11.313196 0.110945 9.879372
vertex 11.313196 0.110945 9.859371
endloop
endfacet
facet normal 0 0 0
outer loop
vertex 11.354147 0.090192 9.859371
vertex 11.333672 0.110945 9.879372
vertex 11.333672 0.090192 9.859371
endloop
endfacet
facet normal 0 0 0
outer loop
vertex 11.354147 0.110945 9.879372
vertex 11.333672 0.110945 9.879372
vertex 11.354147 0.090192 9.859371
endloop
endfacet
facet normal 0 0 0
outer loop
vertex 11.374622 0.090192 9.859371
vertex 11.354147 0.110945 9.879372
vertex 11.354147 0.090192 9.859371
endloop
endfacet
facet normal 0 0 0
outer loop
vertex 11.374622 0.110945 9.879372
vertex 11.354147 0.110945 9.879372
vertex 11.374622 0.090192 9.859371
endloop
endfacet
facet normal 0 0 0
outer loop
vertex 11.395100 0.090192 9.879372
vertex 11.374622 0.110945 9.879372
vertex 11.374622 0.090192 9.859371
endloop
endfacet
facet normal 0 0 0
outer loop
vertex 11.436050 0.090192 9.859371
vertex 11.436050 0.110945 9.879372
vertex 11.415575 0.090192 9.879372
endloop
endfacet
facet normal 0 0 0
outer loop
vertex 11.456526 0.090192 9.859371
vertex 11.436050 0.110945 9.879372
vertex 11.436050 0.090192 9.859371
endloop
endfacet
facet normal 0 0 0
outer loop
vertex 11.456526 0.110945 9.879372
vertex 11.436050 0.110945 9.879372
vertex 11.456526 0.090192 9.859371
endloop
endfacet
facet normal 0 0 0
outer loop
vertex 11.477001 0.090192 9.859371
vertex 11.456526 0.110945 9.879372
vertex 11.456526 0.090192 9.859371
endloop
endfacet
facet normal 0 0 0
outer loop
vertex 11.477001 0.110945 9.879372
vertex 11.456526 0.110945 9.879372
vertex 11.477001 0.090192 9.859371
endloop
endfacet
facet normal 0 0 0
outer loop
vertex 11.497478 0.090192 9.859371
vertex 11.477001 0.110945 9.879372
vertex 11.477001 0.090192 9.859371
endloop
endfacet
facet normal 0 0 0
outer loop
vertex 11.497478 0.110945 9.879372
vertex 11.477001 0.110945 9.879372
vertex 11.497478 0.090192 9.859371
endloop
endfacet
facet normal 0 0 0
outer loop
vertex 11.497478 0.110945 9.879372
vertex 11.497478 0.090192 9.859371
vertex 11.517954 0.110945 9.859371
endloop
endfacet
facet normal 0 0 0
outer loop
vertex 11.497478 0.090192 9.859371
vertex 11.517954 0.090192 9.859371
vertex 11.517954 0.110945 9.859371
endloop
endfacet
facet normal 0 0 0
outer loop
vertex 11.538429 0.090192 9.859371
vertex 11.538429 0.110945 9.859371
vertex 11.517954 0.090192 9.859371
endloop
endfacet
facet normal 0 0 0
outer loop
vertex 11.538429 0.110945 9.859371
vertex 11.517954 0.110945 9.859371
vertex 11.517954 0.090192 9.859371
endloop
endfacet
facet normal 0 0 0
outer loop
vertex 11.538429 0.090192 9.859371
vertex 11.558905 0.110945 9.859371
vertex 11.538429 0.110945 9.859371
endloop
endfacet
facet normal 0 0 0
outer loop
vertex 11.292719 0.110945 9.859371
vertex 11.292719 0.131699 9.879372
vertex 11.272243 0.131699 9.879372
endloop
endfacet
facet normal 0 0 0
outer loop
vertex 11.292719 0.110945 9.859371
vertex 11.272243 0.131699 9.879372
vertex 11.292719 0.131699 9.859371
endloop
endfacet
facet normal 0 0 0
outer loop
vertex 11.313196 0.110945 9.879372
vertex 11.292719 0.131699 9.879372
vertex 11.292719 0.110945 9.859371
endloop
endfacet
facet normal 0 0 0
outer loop
vertex 11.517954 0.110945 9.859371
vertex 11.517954 0.131699 9.879372
vertex 11.497478 0.110945 9.879372
endloop
endfacet
facet normal 0 0 0
outer loop
vertex 11.538429 0.110945 9.859371
vertex 11.517954 0.131699 9.879372
vertex 11.517954 0.110945 9.859371
endloop
endfacet
facet normal 0 0 0
outer loop
vertex 11.538429 0.131699 9.879372
vertex 11.517954 0.131699 9.879372
vertex 11.538429 0.110945 9.859371
endloop
endfacet
facet normal 0 0 0
outer loop
vertex 11.558905 0.110945 9.859371
vertex 11.538429 0.131699 9.879372
vertex 11.538429 0.110945 9.859371
endloop
endfacet
facet normal 0 0 0
outer loop
vertex 11.558905 0.131699 9.879372
vertex 11.538429 0.131699 9.879372
vertex 11.558905 0.110945 9.859371
endloop
endfacet
facet normal 0 0 0
outer loop
vertex 11.558905 0.131699 9.879372
vertex 11.558905 0.110945 9.859371
vertex 11.579380 0.131699 9.859371
endloop
endfacet
facet normal 0 0 0
outer loop
vertex 11.558905 0.110945 9.859371
vertex 11.579380 0.110945 9.859371
vertex 11.579380 0.131699 9.859371
endloop
endfacet
facet normal 0 0 0
outer loop
vertex 11.579380 0.110945 9.859371
vertex 11.599857 0.131699 9.859371
vertex 11.579380 0.131699 9.859371
endloop
endfacet
facet normal 0 0 0
outer loop
vertex 11.272243 0.152452 9.859371
vertex 11.272243 0.131699 9.879372
vertex 11.272243 0.152452 9.879372
endloop
endfacet
facet normal 0 0 0
outer loop
vertex 11.292719 0.131699 9.859371
vertex 11.272243 0.131699 9.879372
vertex 11.272243 0.152452 9.859371
endloop
endfacet
facet normal 0 0 0
outer loop
vertex 11.579380 0.131699 9.859371
vertex 11.579380 0.152452 9.879372
vertex 11.558905 0.131699 9.879372
endloop
endfacet
facet normal 0 0 0
outer loop
vertex 11.599857 0.131699 9.859371
vertex 11.579380 0.152452 9.879372
vertex 11.579380 0.131699 9.859371
endloop
endfacet
facet normal 0 0 0
outer loop
vertex 11.599857 0.152452 9.879372
vertex 11.579380 0.152452 9.879372
vertex 11.599857 0.131699 9.859371
endloop
endfacet
facet normal 0 0 0
outer loop
vertex 11.599857 0.152452 9.879372
vertex 11.599857 0.131699 9.859371
vertex 11.620333 0.152452 9.859371
endloop
endfacet
facet normal 0 0 0
outer loop
vertex 11.599857 0.131699 9.859371
vertex 11.620333 0.131699 9.859371
vertex 11.620333 0.152452 9.859371
endloop
endfacet
facet normal 0 0 0
outer loop
vertex 11.620333 0.131699 9.859371
vertex 11.640808 0.152452 9.859371
vertex 11.620333 0.152452 9.859371
endloop
endfacet
facet normal 0 0 0
outer loop
vertex 11.251768 0.173205 9.879372
vertex 11.272243 0.173205 9.859371
vertex 11.272243 0.152452 9.879372
endloop
endfacet
facet normal 0 0 0
outer loop
vertex 11.272243 0.173205 9.859371
vertex 11.272243 0.152452 9.859371
vertex 11.272243 0.152452 9.879372
endloop
endfacet
facet normal 0 0 0
outer loop
vertex 11.620333 0.152452 9.859371
vertex 11.620333 0.173205 9.879372
vertex 11.599857 0.152452 9.879372
endloop
endfacet
facet normal 0 0 0
outer loop
vertex 11.640808 0.152452 9.859371
vertex 11.620333 0.173205 9.879372
vertex 11.620333 0.152452 9.859371
endloop
endfacet
facet normal 0 0 0
outer loop
vertex 11.640808 0.173205 9.879372
vertex 11.620333 0.173205 9.879372
vertex 11.640808 0.152452 9.859371
endloop
endfacet
facet normal 0 0 0
outer loop
vertex 11.640808 0.173205 9.879372
vertex 11.640808 0.152452 9.859371
vertex 11.661283 0.173205 9.859371
endloop
endfacet
facet normal 0 0 0
outer loop
vertex 11.640808 0.152452 9.859371
vertex 11.661283 0.152452 9.859371
vertex 11.661283 0.173205 9.859371
endloop
endfacet
facet normal 0 0 0
outer loop
vertex 11.661283 0.152452 9.859371
vertex 11.681761 0.173205 9.859371
vertex 11.661283 0.173205 9.859371
endloop
endfacet
facet normal 0 0 0
outer loop
vertex 11.272243 0.173205 9.859371
vertex 11.251768 0.193959 9.879372
vertex 11.272243 0.193959 9.859371
endloop
endfacet
facet normal 0 0 0
outer loop
vertex 11.251768 0.173205 9.879372
vertex 11.251768 0.193959 9.879372
vertex 11.272243 0.173205 9.859371
endloop
endfacet
facet normal 0 0 0
outer loop
vertex 11.661283 0.173205 9.859371
vertex 11.661283 0.193959 9.879372
vertex 11.640808 0.173205 9.879372
endloop
endfacet
facet normal 0 0 0
outer loop
vertex 11.661283 0.193959 9.879372
vertex 11.661283 0.173205 9.859371
vertex 11.681761 0.193959 9.859371
endloop
endfacet
facet normal 0 0 0
outer loop
vertex 11.661283 0.173205 9.859371
vertex 11.681761 0.173205 9.859371
vertex 11.681761 0.193959 9.859371
endloop
endfacet
facet normal 0 0 0
outer loop
vertex 11.681761 0.173205 9.859371
vertex 11.702236 0.193959 9.859371
vertex 11.681761 0.193959 9.859371
endloop
endfacet
facet normal 0 0 0
outer loop
vertex 11.272243 0.193959 9.859371
vertex 11.251768 0.193959 9.879372
vertex 11.272243 0.214712 9.879372
endloop
endfacet
facet normal 0 0 0
outer loop
vertex 11.251768 0.193959 9.879372
vertex 11.251768 0.214712 9.879372
vertex 11.272243 0.214712 9.879372
endloop
endfacet
facet normal 0 0 0
outer loop
vertex 11.272243 0.193959 9.859371
vertex 11.272243 0.214712 9.879372
vertex 11.292719 0.214712 9.859371
endloop
endfacet
facet normal 0 0 0
outer loop
vertex 11.681761 0.193959 9.859371
vertex 11.681761 0.214712 9.879372
vertex 11.661283 0.193959 9.879372
endloop
endfacet
facet normal 0 0 0
outer loop
vertex 11.681761 0.214712 9.879372
vertex 11.681761 0.193959 9.859371
vertex 11.702236 0.214712 9.859371
endloop
endfacet
facet normal 0 0 0
outer loop
vertex 11.681761 0.193959 9.859371
vertex 11.702236 0.193959 9.859371
vertex 11.702236 0.214712 9.859371
endloop
endfacet
facet normal 0 0 0
outer loop
vertex 11.702236 0.193959 9.859371
vertex 11.722712 0.214712 9.859371
vertex 11.702236 0.214712 9.859371
endloop
endfacet
facet normal 0 0 0
outer loop
vertex 11.251768 0.214712 9.879372
vertex 11.272243 0.235465 9.879372
vertex 11.272243 0.214712 9.879372
endloop
endfacet
facet normal 0 0 0
outer loop
vertex 11.292719 0.214712 9.859371
vertex 11.272243 0.214712 9.879372
vertex 11.292719 0.235465 9.879372
endloop
endfacet
facet normal 0 0 0
outer loop
vertex 11.272243 0.214712 9.879372
vertex 11.272243 0.235465 9.879372
vertex 11.292719 0.235465 9.879372
endloop
endfacet
facet normal 0 0 0
outer loop
vertex 11.292719 0.214712 9.859371
vertex 11.292719 0.235465 9.879372
vertex 11.313196 0.235465 9.859371
endloop
endfacet
facet normal 0 0 0
outer loop
vertex 11.702236 0.214712 9.859371
vertex 11.702236 0.235465 9.879372
vertex 11.681761 0.214712 9.879372
endloop
endfacet
facet normal 0 0 0
outer loop
vertex 11.702236 0.235465 9.879372
vertex 11.702236 0.214712 9.859371
vertex 11.722712 0.235465 9.859371
endloop
endfacet
facet normal 0 0 0
outer loop
vertex 11.702236 0.214712 9.859371
vertex 11.722712 0.214712 9.859371
vertex 11.722712 0.235465 9.859371
endloop
endfacet
facet normal 0 0 0
outer loop
vertex 11.722712 0.214712 9.859371
vertex 11.743187 0.235465 9.859371
vertex 11.722712 0.235465 9.859371
endloop
endfacet
facet normal 0 0 0
outer loop
vertex 11.292719 0.235465 9.879372
vertex 11.272243 0.235465 9.879372
vertex 11.292719 0.256219 9.879372
endloop
endfacet
facet normal 0 0 0
outer loop
vertex 11.292719 0.256219 9.879372
vertex 11.272243 0.235465 9.879372
vertex 11.272243 0.256219 9.879372
endloop
endfacet
facet normal 0 0 0
outer loop
vertex 11.313196 0.235465 9.859371
vertex 11.292719 0.256219 9.879372
vertex 11.313196 0.256219 9.859371
endloop
endfacet
facet normal 0 0 0
outer loop
vertex 11.292719 0.235465 9.879372
vertex 11.292719 0.256219 9.879372
vertex 11.313196 0.235465 9.859371
endloop
endfacet
facet normal 0 0 0
outer loop
vertex 11.722712 0.235465 9.859371
vertex 11.722712 0.256219 9.879372
vertex 11.702236 0.235465 9.879372
endloop
endfacet
facet normal 0 0 0
outer loop
vertex 11.722712 0.256219 9.879372
vertex 11.722712 0.235465 9.859371
vertex 11.743187 0.256219 9.859371
endloop
endfacet
facet normal 0 0 0
outer loop
vertex 11.722712 0.235465 9.859371
vertex 11.743187 0.235465 9.859371
vertex 11.743187 0.256219 9.859371
endloop
endfacet
facet normal 0 0 0
outer loop
vertex 11.743187 0.235465 9.859371
vertex 11.763662 0.256219 9.859371
vertex 11.743187 0.256219 9.859371
endloop
endfacet
facet normal 0 0 0
outer loop
vertex 11.272243 0.256219 9.879372
vertex 11.292719 0.276972 9.879372
vertex 11.292719 0.256219 9.879372
endloop
endfacet
facet normal 0 0 0
outer loop
vertex 11.313196 0.256219 9.859371
vertex 11.292719 0.256219 9.879372
vertex 11.313196 0.276972 9.879372
endloop
endfacet
facet normal 0 0 0
outer loop
vertex 11.292719 0.256219 9.879372
vertex 11.292719 0.276972 9.879372
vertex 11.313196 0.276972 9.879372
endloop
endfacet
facet normal 0 0 0
outer loop
vertex 11.313196 0.256219 9.859371
vertex 11.313196 0.276972 9.879372
vertex 11.333672 0.276972 9.859371
endloop
endfacet
facet normal 0 0 0
outer loop
vertex 11.743187 0.256219 9.859371
vertex 11.743187 0.276972 9.879372
vertex 11.722712 0.256219 9.879372
endloop
endfacet
facet normal 0 0 0
outer loop
vertex 11.743187 0.276972 9.879372
vertex 11.743187 0.256219 9.859371
vertex 11.763662 0.276972 9.859371
endloop
endfacet
facet normal 0 0 0
outer loop
vertex 11.743187 0.256219 9.859371
vertex 11.763662 0.256219 9.859371
vertex 11.763662 0.276972 9.859371
endloop
endfacet
facet normal 0 0 0
outer loop
vertex 11.763662 0.256219 9.859371
vertex 11.784140 0.276972 9.859371
vertex 11.763662 0.276972 9.859371
endloop
endfacet
facet normal 0 0 0
outer loop
vertex 11.292719 0.276972 9.879372
vertex 11.313196 0.297725 9.879372
vertex 11.313196 0.276972 9.879372
endloop
endfacet
facet normal 0 0 0
outer loop
vertex 11.333672 0.276972 9.859371
vertex 11.313196 0.276972 9.879372
vertex 11.333672 0.297725 9.879372
endloop
endfacet
facet normal 0 0 0
outer loop
vertex 11.313196 0.276972 9.879372
vertex 11.313196 0.297725 9.879372
vertex 11.333672 0.297725 9.879372
endloop
endfacet
facet normal 0 0 0
outer loop
vertex 11.333672 0.276972 9.859371
vertex 11.333672 0.297725 9.879372
vertex 11.354147 0.297725 9.859371
endloop
endfacet
facet normal 0 0 0
outer loop
vertex 11.763662 0.276972 9.859371
vertex 11.763662 0.297725 9.879372
vertex 11.743187 0.276972 9.879372
endloop
endfacet
facet normal 0 0 0
outer loop
vertex 11.763662 0.297725 9.879372
vertex 11.763662 0.276972 9.859371
vertex 11.784140 0.297725 9.859371
endloop
endfacet
facet normal 0 0 0
outer loop
vertex 11.313196 0.297725 9.879372
vertex 11.333672 0.318479 9.879372
vertex 11.333672 0.297725 9.879372
endloop
endfacet
facet normal 0 0 0
outer loop
vertex 11.354147 0.297725 9.859371
vertex 11.333672 0.297725 9.879372
vertex 11.354147 0.318479 9.879372
endloop
endfacet
facet normal 0 0 0
outer loop
vertex 11.333672 0.297725 9.879372
vertex 11.333672 0.318479 9.879372
vertex 11.354147 0.318479 9.879372
endloop
endfacet
facet normal 0 0 0
outer loop
vertex 11.354147 0.297725 9.859371
vertex 11.354147 0.318479 9.879372
vertex 11.374622 0.318479 9.859371
endloop
endfacet
facet normal 0 0 0
outer loop
vertex 11.784140 0.318479 9.859371
vertex 11.763662 0.297725 9.879372
vertex 11.784140 0.297725 9.859371
endloop
endfacet
facet normal 0 0 0
outer loop
vertex 11.763662 0.318479 9.879372
vertex 11.763662 0.297725 9.879372
vertex 11.784140 0.318479 9.859371
endloop
endfacet
facet normal 0 0 0
outer loop
vertex 11.784140 0.297725 9.859371
vertex 11.804615 0.318479 9.859371
vertex 11.784140 0.318479 9.859371
endloop
endfacet
facet normal 0 0 0
outer loop
vertex 11.333672 0.318479 9.879372
vertex 11.354147 0.339232 9.879372
vertex 11.354147 0.318479 9.879372
endloop
endfacet
facet normal 0 0 0
outer loop
vertex 11.374622 0.318479 9.859371
vertex 11.354147 0.318479 9.879372
vertex 11.374622 0.339232 9.879372
endloop
endfacet
facet normal 0 0 0
outer loop
vertex 11.354147 0.318479 9.879372
vertex 11.354147 0.339232 9.879372
vertex 11.374622 0.339232 9.879372
endloop
endfacet
facet normal 0 0 0
outer loop
vertex 11.374622 0.318479 9.859371
vertex 11.374622 0.339232 9.879372
vertex 11.395100 0.339232 9.859371
endloop
endfacet
facet normal 0 0 0
outer loop
vertex 11.784140 0.339232 9.859371
vertex 11.763662 0.318479 9.879372
vertex 11.784140 0.318479 9.859371
endloop
endfacet
facet normal 0 0 0
outer loop
vertex 11.763662 0.339232 9.879372
vertex 11.763662 0.318479 9.879372
vertex 11.784140 0.339232 9.859371
endloop
endfacet
facet normal 0 0 0
outer loop
vertex 11.804615 0.318479 9.859371
vertex 11.804615 0.339232 9.859371
vertex 11.784140 0.318479 9.859371
endloop
endfacet
facet normal 0 0 0
outer loop
vertex 11.354147 0.339232 9.879372
vertex 11.374622 0.359985 9.879372
vertex 11.374622 0.339232 9.879372
endloop
endfacet
facet normal 0 0 0
outer loop
vertex 11.395100 0.339232 9.859371
vertex 11.374622 0.339232 9.879372
vertex 11.395100 0.359985 9.879372
endloop
endfacet
facet normal 0 0 0
outer loop
vertex 11.374622 0.339232 9.879372
vertex 11.374622 0.359985 9.879372
vertex 11.395100 0.359985 9.879372
endloop
endfacet
facet normal 0 0 0
outer loop
vertex 11.395100 0.339232 9.859371
vertex 11.415575 0.359985 9.879372
vertex 11.415575 0.339232 9.859371
endloop
endfacet
facet normal 0 0 0
outer loop
vertex 11.395100 0.359985 9.879372
vertex 11.415575 0.359985 9.879372
vertex 11.395100 0.339232 9.859371
endloop
endfacet
facet normal 0 0 0
outer loop
vertex 11.415575 0.339232 9.859371
vertex 11.415575 0.359985 9.879372
vertex 11.436050 0.359985 9.859371
endloop
endfacet
facet normal 0 0 0
outer loop
vertex 11.784140 0.359985 9.859371
vertex 11.763662 0.339232 9.879372
vertex 11.784140 0.339232 9.859371
endloop
endfacet
facet normal 0 0 0
outer loop
vertex 11.763662 0.359985 9.879372
vertex 11.763662 0.339232 9.879372
vertex 11.784140 0.359985 9.859371
endloop
endfacet
facet normal 0 0 0
outer loop
vertex 11.804615 0.339232 9.859371
vertex 11.804615 0.359985 9.859371
vertex 11.784140 0.339232 9.859371
endloop
endfacet
facet normal 0 0 0
outer loop
vertex 11.804615 0.359985 9.859371
vertex 11.784140 0.359985 9.859371
vertex 11.784140 0.339232 9.859371
endloop
endfacet
facet normal 0 0 0
outer loop
vertex 11.374622 0.359985 9.879372
vertex 11.395100 0.380738 9.879372
vertex 11.395100 0.359985 9.879372
endloop
endfacet
facet normal 0 0 0
outer loop
vertex 11.415575 0.359985 9.879372
vertex 11.395100 0.359985 9.879372
vertex 11.415575 0.380738 9.879372
endloop
endfacet
facet normal 0 0 0
outer loop
vertex 11.415575 0.380738 9.879372
vertex 11.395100 0.359985 9.879372
vertex 11.395100 0.380738 9.879372
endloop
endfacet
facet normal 0 0 0
outer loop
vertex 11.436050 0.359985 9.859371
vertex 11.415575 0.359985 9.879372
vertex 11.436050 0.380738 9.879372
endloop
endfacet
facet normal 0 0 0
outer loop
vertex 11.415575 0.359985 9.879372
vertex 11.415575 0.380738 9.879372
vertex 11.436050 0.380738 9.879372
endloop
endfacet
facet normal 0 0 0
outer loop
vertex 11.436050 0.359985 9.859371
vertex 11.456526 0.380738 9.879372
vertex 11.456526 0.359985 9.859371
endloop
endfacet
facet normal 0 0 0
outer loop
vertex 11.436050 0.380738 9.879372
vertex 11.456526 0.380738 9.879372
vertex 11.436050 0.359985 9.859371
endloop
endfacet
facet normal 0 0 0
outer loop
vertex 11.456526 0.359985 9.859371
vertex 11.456526 0.380738 9.879372
vertex 11.477001 0.380738 9.859371
endloop
endfacet
facet normal 0 0 0
outer loop
vertex 11.784140 0.380738 9.859371
vertex 11.763662 0.359985 9.879372
vertex 11.784140 0.359985 9.859371
endloop
endfacet
facet normal 0 0 0
outer loop
vertex 11.763662 0.380738 9.879372
vertex 11.763662 0.359985 9.879372
vertex 11.784140 0.380738 9.859371
endloop
endfacet
facet normal 0 0 0
outer loop
vertex 11.804615 0.359985 9.859371
vertex 11.784140 0.380738 9.859371
vertex 11.784140 0.359985 9.859371
endloop
endfacet
facet normal 0 0 0
outer loop
vertex 11.415575 0.380738 9.879372
vertex 11.436050 0.401492 9.879372
vertex 11.436050 0.380738 9.879372
endloop
endfacet
facet normal 0 0 0
outer loop
vertex 11.456526 0.380738 9.879372
vertex 11.436050 0.380738 9.879372
vertex 11.456526 0.401492 9.879372
endloop
endfacet
facet normal 0 0 0
outer loop
vertex 11.456526 0.401492 9.879372
vertex 11.436050 0.380738 9.879372
vertex 11.436050 0.401492 9.879372
endloop
endfacet
facet normal 0 0 0
outer loop
vertex 11.477001 0.380738 9.859371
vertex 11.456526 0.380738 9.879372
vertex 11.477001 0.401492 9.879372
endloop
endfacet
facet normal 0 0 0
outer loop
vertex 11.456526 0.380738 9.879372
vertex 11.456526 0.401492 9.879372
vertex 11.477001 0.401492 9.879372
endloop
endfacet
facet normal 0 0 0
outer loop
vertex 11.477001 0.380738 9.859371
vertex 11.497478 0.401492 9.879372
vertex 11.497478 0.380738 9.859371
endloop
endfacet
facet normal 0 0 0
outer loop
vertex 11.477001 0.401492 9.879372
vertex 11.497478 0.401492 9.879372
vertex 11.477001 0.380738 9.859371
endloop
endfacet
facet normal 0 0 0
outer loop
vertex 11.497478 0.380738 9.859371
vertex 11.497478 0.401492 9.879372
vertex 11.517954 0.401492 9.859371
endloop
endfacet
facet normal 0 0 0
outer loop
vertex 11.763662 0.380738 9.859371
vertex 11.743187 0.401492 9.859371
vertex 11.763662 0.401492 9.879372
endloop
endfacet
facet normal 0 0 0
outer loop
vertex 11.784140 0.380738 9.859371
vertex 11.763662 0.401492 9.879372
vertex 11.763662 0.380738 9.879372
endloop
endfacet
facet normal 0 0 0
outer loop
vertex 11.784140 0.380738 9.859371
vertex 11.763662 0.380738 9.859371
vertex 11.763662 0.401492 9.879372
endloop
endfacet
facet normal 0 0 0
outer loop
vertex 11.456526 0.401492 9.879372
vertex 11.477001 0.422245 9.879372
vertex 11.477001 0.401492 9.879372
endloop
endfacet
facet normal 0 0 0
outer loop
vertex 11.497478 0.401492 9.879372
vertex 11.477001 0.401492 9.879372
vertex 11.497478 0.422245 9.879372
endloop
endfacet
facet normal 0 0 0
outer loop
vertex 11.497478 0.422245 9.879372
vertex 11.477001 0.401492 9.879372
vertex 11.477001 0.422245 9.879372
endloop
endfacet
facet normal 0 0 0
outer loop
vertex 11.517954 0.401492 9.859371
vertex 11.497478 0.401492 9.879372
vertex 11.517954 0.422245 9.879372
endloop
endfacet
facet normal 0 0 0
outer loop
vertex 11.497478 0.401492 9.879372
vertex 11.497478 0.422245 9.879372
vertex 11.517954 0.422245 9.879372
endloop
endfacet
facet normal 0 0 0
outer loop
vertex 11.517954 0.401492 9.859371
vertex 11.538429 0.422245 9.879372
vertex 11.538429 0.401492 9.859371
endloop
endfacet
facet normal 0 0 0
outer loop
vertex 11.517954 0.422245 9.879372
vertex 11.538429 0.422245 9.879372
vertex 11.517954 0.401492 9.859371
endloop
endfacet
facet normal 0 0 0
outer loop
vertex 11.538429 0.401492 9.859371
vertex 11.538429 0.422245 9.879372
vertex 11.558905 0.422245 9.859371
endloop
endfacet
facet normal 0 0 0
outer loop
vertex 11.702236 0.401492 9.859371
vertex 11.681761 0.422245 9.859371
vertex 11.702236 0.422245 9.879372
endloop
endfacet
facet normal 0 0 0
outer loop
vertex 11.702236 0.401492 9.859371
vertex 11.722712 0.422245 9.879372
vertex 11.722712 0.401492 9.859371
endloop
endfacet
facet normal 0 0 0
outer loop
vertex 11.702236 0.422245 9.879372
vertex 11.722712 0.422245 9.879372
vertex 11.702236 0.401492 9.859371
endloop
endfacet
facet normal 0 0 0
outer loop
vertex 11.722712 0.422245 9.879372
vertex 11.743187 0.401492 9.879372
vertex 11.722712 0.401492 9.859371
endloop
endfacet
facet normal 0 0 0
outer loop
vertex 11.743187 0.401492 9.879372
vertex 11.743187 0.401492 9.859371
vertex 11.722712 0.401492 9.859371
endloop
endfacet
facet normal 0 0 0
outer loop
vertex 11.763662 0.401492 9.879372
vertex 11.743187 0.401492 9.859371
vertex 11.743187 0.401492 9.879372
endloop
endfacet
facet normal 0 0 0
outer loop
vertex 11.517954 0.422245 9.879372
vertex 11.538429 0.442998 9.879372
vertex 11.538429 0.422245 9.879372
endloop
endfacet
facet normal 0 0 0
outer loop
vertex 11.558905 0.422245 9.859371
vertex 11.538429 0.422245 9.879372
vertex 11.558905 0.442998 9.879372
endloop
endfacet
facet normal 0 0 0
outer loop
vertex 11.538429 0.422245 9.879372
vertex 11.538429 0.442998 9.879372
vertex 11.558905 0.442998 9.879372
endloop
endfacet
facet normal 0 0 0
outer loop
vertex 11.558905 0.422245 9.859371
vertex 11.579380 0.442998 9.879372
vertex 11.579380 0.422245 9.859371
endloop
endfacet
facet normal 0 0 0
outer loop
vertex 11.558905 0.442998 9.879372
vertex 11.579380 0.442998 9.879372
vertex 11.558905 0.422245 9.859371
endloop
endfacet
facet normal 0 0 0
outer loop
vertex 11.579380 0.422245 9.859371
vertex 11.599857 0.442998 9.879372
vertex 11.599857 0.422245 9.859371
endloop
endfacet
facet normal 0 0 0
outer loop
vertex 11.579380 0.442998 9.879372
vertex 11.599857 0.442998 9.879372
vertex 11.579380 0.422245 9.859371
endloop
endfacet
facet normal 0 0 0
outer loop
vertex 11.599857 0.422245 9.859371
vertex 11.620333 0.442998 9.879372
vertex 11.620333 0.422245 9.859371
endloop
endfacet
facet normal 0 0 0
outer loop
vertex 11.599857 0.442998 9.879372
vertex 11.620333 0.442998 9.879372
vertex 11.599857 0.422245 9.859371
endloop
endfacet
facet normal 0 0 0
outer loop
vertex 11.620333 0.422245 9.859371
vertex 11.640808 0.442998 9.879372
vertex 11.640808 0.422245 9.859371
endloop
endfacet
facet normal 0 0 0
outer loop
vertex 11.620333 0.442998 9.879372
vertex 11.640808 0.442998 9.879372
vertex 11.620333 0.422245 9.859371
endloop
endfacet
facet normal 0 0 0
outer loop
vertex 11.640808 0.422245 9.859371
vertex 11.661283 0.442998 9.879372
vertex 11.661283 0.422245 9.859371
endloop
endfacet
facet normal 0 0 0
outer loop
vertex 11.640808 0.442998 9.879372
vertex 11.661283 0.442998 9.879372
vertex 11.640808 0.422245 9.859371
endloop
endfacet
facet normal 0 0 0
outer loop
vertex 11.661283 0.422245 9.859371
vertex 11.681761 0.442998 9.879372
vertex 11.681761 0.422245 9.859371
endloop
endfacet
facet normal 0 0 0
outer loop
vertex 11.661283 0.442998 9.879372
vertex 11.681761 0.442998 9.879372
vertex 11.661283 0.422245 9.859371
endloop
endfacet
facet normal 0 0 0
outer loop
vertex 11.681761 0.422245 9.859371
vertex 11.681761 0.442998 9.879372
vertex 11.702236 0.422245 9.879372
endloop
endfacet
facet normal 0 0 0
outer loop
vertex 11.681761 0.442998 9.879372
vertex 11.702236 0.442998 9.879372
vertex 11.702236 0.422245 9.879372
endloop
endfacet
facet normal 0 0 0
outer loop
vertex 11.702236 0.442998 9.879372
vertex 11.722712 0.422245 9.879372
vertex 11.702236 0.422245 9.879372
endloop
endfacet
facet normal 0 0 0
outer loop
vertex 11.395100 0.090192 9.879372
vertex 11.395100 0.110945 9.899372
vertex 11.374622 0.110945 9.879372
endloop
endfacet
facet normal 0 0 0
outer loop
vertex 11.415575 0.090192 9.879372
vertex 11.395100 0.110945 9.899372
vertex 11.395100 0.090192 9.879372
endloop
endfacet
facet normal 0 0 0
outer loop
vertex 11.415575 0.110945 9.899372
vertex 11.395100 0.110945 9.899372
vertex 11.415575 0.090192 9.879372
endloop
endfacet
facet normal 0 0 0
outer loop
vertex 11.415575 0.090192 9.879372
vertex 11.436050 0.110945 9.879372
vertex 11.415575 0.110945 9.899372
endloop
endfacet
facet normal 0 0 0
outer loop
vertex 11.436050 0.110945 9.879372
vertex 11.436050 0.110945 9.899372
vertex 11.415575 0.110945 9.899372
endloop
endfacet
facet normal 0 0 0
outer loop
vertex 11.456526 0.110945 9.879372
vertex 11.456526 0.110945 9.899372
vertex 11.436050 0.110945 9.879372
endloop
endfacet
facet normal 0 0 0
outer loop
vertex 11.436050 0.110945 9.879372
vertex 11.456526 0.110945 9.899372
vertex 11.436050 0.110945 9.899372
endloop
endfacet
facet normal 0 0 0
outer loop
vertex 11.477001 0.110945 9.879372
vertex 11.477001 0.110945 9.899372
vertex 11.456526 0.110945 9.879372
endloop
endfacet
facet normal 0 0 0
outer loop
vertex 11.456526 0.110945 9.879372
vertex 11.477001 0.110945 9.899372
vertex 11.456526 0.110945 9.899372
endloop
endfacet
facet normal 0 0 0
outer loop
vertex 11.497478 0.110945 9.879372
vertex 11.497478 0.110945 9.899372
vertex 11.477001 0.110945 9.879372
endloop
endfacet
facet normal 0 0 0
outer loop
vertex 11.477001 0.110945 9.879372
vertex 11.497478 0.110945 9.899372
vertex 11.477001 0.110945 9.899372
endloop
endfacet
facet normal 0 0 0
outer loop
vertex 11.313196 0.110945 9.879372
vertex 11.313196 0.131699 9.899372
vertex 11.292719 0.131699 9.879372
endloop
endfacet
facet normal 0 0 0
outer loop
vertex 11.333672 0.110945 9.879372
vertex 11.313196 0.131699 9.899372
vertex 11.313196 0.110945 9.879372
endloop
endfacet
facet normal 0 0 0
outer loop
vertex 11.333672 0.131699 9.899372
vertex 11.313196 0.131699 9.899372
vertex 11.333672 0.110945 9.879372
endloop
endfacet
facet normal 0 0 0
outer loop
vertex 11.354147 0.110945 9.879372
vertex 11.333672 0.131699 9.899372
vertex 11.333672 0.110945 9.879372
endloop
endfacet
facet normal 0 0 0
outer loop
vertex 11.354147 0.131699 9.899372
vertex 11.333672 0.131699 9.899372
vertex 11.354147 0.110945 9.879372
endloop
endfacet
facet normal 0 0 0
outer loop
vertex 11.374622 0.110945 9.879372
vertex 11.354147 0.131699 9.899372
vertex 11.354147 0.110945 9.879372
endloop
endfacet
facet normal 0 0 0
outer loop
vertex 11.374622 0.131699 9.899372
vertex 11.354147 0.131699 9.899372
vertex 11.374622 0.110945 9.879372
endloop
endfacet
facet normal 0 0 0
outer loop
vertex 11.395100 0.110945 9.899372
vertex 11.374622 0.131699 9.899372
vertex 11.374622 0.110945 9.879372
endloop
endfacet
facet normal 0 0 0
outer loop
vertex 11.497478 0.110945 9.879372
vertex 11.517954 0.131699 9.899372
vertex 11.497478 0.110945 9.899372
endloop
endfacet
facet normal 0 0 0
outer loop
vertex 11.517954 0.131699 9.879372
vertex 11.517954 0.131699 9.899372
vertex 11.497478 0.110945 9.879372
endloop
endfacet
facet normal 0 0 0
outer loop
vertex 11.538429 0.131699 9.879372
vertex 11.538429 0.131699 9.899372
vertex 11.517954 0.131699 9.879372
endloop
endfacet
facet normal 0 0 0
outer loop
vertex 11.517954 0.131699 9.879372
vertex 11.538429 0.131699 9.899372
vertex 11.517954 0.131699 9.899372
endloop
endfacet
facet normal 0 0 0
outer loop
vertex 11.558905 0.131699 9.879372
vertex 11.558905 0.131699 9.899372
vertex 11.538429 0.131699 9.879372
endloop
endfacet
facet normal 0 0 0
outer loop
vertex 11.538429 0.131699 9.879372
vertex 11.558905 0.131699 9.899372
vertex 11.538429 0.131699 9.899372
endloop
endfacet
facet normal 0 0 0
outer loop
vertex 11.292719 0.152452 9.899372
vertex 11.272243 0.152452 9.879372
vertex 11.292719 0.131699 9.879372
endloop
endfacet
facet normal 0 0 0
outer loop
vertex 11.272243 0.152452 9.879372
vertex 11.272243 0.131699 9.879372
vertex 11.292719 0.131699 9.879372
endloop
endfacet
facet normal 0 0 0
outer loop
vertex 11.313196 0.131699 9.899372
vertex 11.292719 0.152452 9.899372
vertex 11.292719 0.131699 9.879372
endloop
endfacet
facet normal 0 0 0
outer loop
vertex 11.558905 0.131699 9.879372
vertex 11.579380 0.152452 9.899372
vertex 11.558905 0.131699 9.899372
endloop
endfacet
facet normal 0 0 0
outer loop
vertex 11.579380 0.152452 9.879372
vertex 11.579380 0.152452 9.899372
vertex 11.558905 0.131699 9.879372
endloop
endfacet
facet normal 0 0 0
outer loop
vertex 11.599857 0.152452 9.879372
vertex 11.599857 0.152452 9.899372
vertex 11.579380 0.152452 9.879372
endloop
endfacet
facet normal 0 0 0
outer loop
vertex 11.579380 0.152452 9.879372
vertex 11.599857 0.152452 9.899372
vertex 11.579380 0.152452 9.899372
endloop
endfacet
facet normal 0 0 0
outer loop
vertex 11.251768 0.173205 9.879372
vertex 11.272243 0.152452 9.879372
vertex 11.272243 0.173205 9.879372
endloop
endfacet
facet normal 0 0 0
outer loop
vertex 11.292719 0.173205 9.899372
vertex 11.272243 0.152452 9.879372
vertex 11.292719 0.152452 9.899372
endloop
endfacet
facet normal 0 0 0
outer loop
vertex 11.272243 0.173205 9.879372
vertex 11.272243 0.152452 9.879372
vertex 11.292719 0.173205 9.899372
endloop
endfacet
facet normal 0 0 0
outer loop
vertex 11.599857 0.152452 9.879372
vertex 11.620333 0.173205 9.899372
vertex 11.599857 0.152452 9.899372
endloop
endfacet
facet normal 0 0 0
outer loop
vertex 11.620333 0.173205 9.879372
vertex 11.620333 0.173205 9.899372
vertex 11.599857 0.152452 9.879372
endloop
endfacet
facet normal 0 0 0
outer loop
vertex 11.640808 0.173205 9.879372
vertex 11.640808 0.173205 9.899372
vertex 11.620333 0.173205 9.879372
endloop
endfacet
facet normal 0 0 0
outer loop
vertex 11.620333 0.173205 9.879372
vertex 11.640808 0.173205 9.899372
vertex 11.620333 0.173205 9.899372
endloop
endfacet
facet normal 0 0 0
outer loop
vertex 11.272243 0.193959 9.899372
vertex 11.251768 0.193959 9.879372
vertex 11.272243 0.173205 9.879372
endloop
endfacet
facet normal 0 0 0
outer loop
vertex 11.251768 0.193959 9.879372
vertex 11.251768 0.173205 9.879372
vertex 11.272243 0.173205 9.879372
endloop
endfacet
facet normal 0 0 0
outer loop
vertex 11.292719 0.173205 9.899372
vertex 11.272243 0.193959 9.899372
vertex 11.272243 0.173205 9.879372
endloop
endfacet
facet normal 0 0 0
outer loop
vertex 11.640808 0.173205 9.879372
vertex 11.661283 0.193959 9.899372
vertex 11.640808 0.173205 9.899372
endloop
endfacet
facet normal 0 0 0
outer loop
vertex 11.661283 0.193959 9.879372
vertex 11.661283 0.193959 9.899372
vertex 11.640808 0.173205 9.879372
endloop
endfacet
facet normal 0 0 0
outer loop
vertex 11.661283 0.193959 9.879372
vertex 11.681761 0.193959 9.899372
vertex 11.661283 0.193959 9.899372
endloop
endfacet
facet normal 0 0 0
outer loop
vertex 11.272243 0.193959 9.899372
vertex 11.272243 0.214712 9.879372
vertex 11.251768 0.193959 9.879372
endloop
endfacet
facet normal 0 0 0
outer loop
vertex 11.272243 0.193959 9.899372
vertex 11.292719 0.214712 9.899372
vertex 11.272243 0.214712 9.879372
endloop
endfacet
facet normal 0 0 0
outer loop
vertex 11.661283 0.193959 9.879372
vertex 11.681761 0.214712 9.879372
vertex 11.681761 0.193959 9.899372
endloop
endfacet
facet normal 0 0 0
outer loop
vertex 11.681761 0.193959 9.899372
vertex 11.681761 0.214712 9.879372
vertex 11.681761 0.214712 9.899372
endloop
endfacet
facet normal 0 0 0
outer loop
vertex 11.292719 0.235465 9.899372
vertex 11.272243 0.214712 9.879372
vertex 11.292719 0.214712 9.899372
endloop
endfacet
facet normal 0 0 0
outer loop
vertex 11.272243 0.235465 9.879372
vertex 11.272243 0.214712 9.879372
vertex 11.292719 0.235465 9.899372
endloop
endfacet
facet normal 0 0 0
outer loop
vertex 11.681761 0.214712 9.879372
vertex 11.702236 0.235465 9.899372
vertex 11.681761 0.214712 9.899372
endloop
endfacet
facet normal 0 0 0
outer loop
vertex 11.702236 0.235465 9.879372
vertex 11.702236 0.235465 9.899372
vertex 11.681761 0.214712 9.879372
endloop
endfacet
facet normal 0 0 0
outer loop
vertex 11.702236 0.235465 9.879372
vertex 11.722712 0.235465 9.899372
vertex 11.702236 0.235465 9.899372
endloop
endfacet
facet normal 0 0 0
outer loop
vertex 11.292719 0.256219 9.899372
vertex 11.272243 0.235465 9.879372
vertex 11.292719 0.235465 9.899372
endloop
endfacet
facet normal 0 0 0
outer loop
vertex 11.272243 0.256219 9.879372
vertex 11.272243 0.235465 9.879372
vertex 11.292719 0.256219 9.899372
endloop
endfacet
facet normal 0 0 0
outer loop
vertex 11.702236 0.235465 9.879372
vertex 11.722712 0.256219 9.879372
vertex 11.722712 0.235465 9.899372
endloop
endfacet
facet normal 0 0 0
outer loop
vertex 11.722712 0.256219 9.879372
vertex 11.743187 0.256219 9.899372
vertex 11.722712 0.235465 9.899372
endloop
endfacet
facet normal 0 0 0
outer loop
vertex 11.272243 0.256219 9.879372
vertex 11.292719 0.256219 9.899372
vertex 11.292719 0.276972 9.879372
endloop
endfacet
facet normal 0 0 0
outer loop
vertex 11.292719 0.256219 9.899372
vertex 11.292719 0.276972 9.899372
vertex 11.292719 0.276972 9.879372
endloop
endfacet
facet normal 0 0 0
outer loop
vertex 11.722712 0.256219 9.879372
vertex 11.743187 0.276972 9.879372
vertex 11.743187 0.256219 9.899372
endloop
endfacet
facet normal 0 0 0
outer loop
vertex 11.743187 0.276972 9.879372
vertex 11.763662 0.276972 9.899372
vertex 11.743187 0.256219 9.899372
endloop
endfacet
facet normal 0 0 0
outer loop
vertex 11.292719 0.276972 9.899372
vertex 11.313196 0.297725 9.879372
vertex 11.292719 0.276972 9.879372
endloop
endfacet
facet normal 0 0 0
outer loop
vertex 11.313196 0.297725 9.899372
vertex 11.313196 0.297725 9.879372
vertex 11.292719 0.276972 9.899372
endloop
endfacet
facet normal 0 0 0
outer loop
vertex 11.743187 0.276972 9.879372
vertex 11.763662 0.297725 9.879372
vertex 11.763662 0.276972 9.899372
endloop
endfacet
facet normal 0 0 0
outer loop
vertex 11.763662 0.276972 9.899372
vertex 11.763662 0.297725 9.879372
vertex 11.763662 0.297725 9.899372
endloop
endfacet
facet normal 0 0 0
outer loop
vertex 11.313196 0.297725 9.899372
vertex 11.333672 0.318479 9.879372
vertex 11.313196 0.297725 9.879372
endloop
endfacet
facet normal 0 0 0
outer loop
vertex 11.333672 0.318479 9.899372
vertex 11.333672 0.318479 9.879372
vertex 11.313196 0.297725 9.899372
endloop
endfacet
facet normal 0 0 0
outer loop
vertex 11.784140 0.318479 9.899372
vertex 11.763662 0.297725 9.899372
vertex 11.763662 0.318479 9.879372
endloop
endfacet
facet normal 0 0 0
outer loop
vertex 11.763662 0.297725 9.899372
vertex 11.763662 0.297725 9.879372
vertex 11.763662 0.318479 9.879372
endloop
endfacet
facet normal 0 0 0
outer loop
vertex 11.333672 0.318479 9.899372
vertex 11.354147 0.339232 9.879372
vertex 11.333672 0.318479 9.879372
endloop
endfacet
facet normal 0 0 0
outer loop
vertex 11.354147 0.339232 9.899372
vertex 11.354147 0.339232 9.879372
vertex 11.333672 0.318479 9.899372
endloop
endfacet
facet normal 0 0 0
outer loop
vertex 11.784140 0.318479 9.899372
vertex 11.763662 0.339232 9.879372
vertex 11.784140 0.339232 9.899372
endloop
endfacet
facet normal 0 0 0
outer loop
vertex 11.763662 0.318479 9.879372
vertex 11.763662 0.339232 9.879372
vertex 11.784140 0.318479 9.899372
endloop
endfacet
facet normal 0 0 0
outer loop
vertex 11.374622 0.359985 9.879372
vertex 11.354147 0.339232 9.879372
vertex 11.374622 0.339232 9.899372
endloop
endfacet
facet normal 0 0 0
outer loop
vertex 11.354147 0.339232 9.879372
vertex 11.354147 0.339232 9.899372
vertex 11.374622 0.339232 9.899372
endloop
endfacet
facet normal 0 0 0
outer loop
vertex 11.374622 0.339232 9.899372
vertex 11.395100 0.359985 9.899372
vertex 11.374622 0.359985 9.879372
endloop
endfacet
facet normal 0 0 0
outer loop
vertex 11.784140 0.339232 9.899372
vertex 11.763662 0.359985 9.879372
vertex 11.784140 0.359985 9.899372
endloop
endfacet
facet normal 0 0 0
outer loop
vertex 11.763662 0.339232 9.879372
vertex 11.763662 0.359985 9.879372
vertex 11.784140 0.339232 9.899372
endloop
endfacet
facet normal 0 0 0
outer loop
vertex 11.374622 0.359985 9.879372
vertex 11.395100 0.359985 9.899372
vertex 11.395100 0.380738 9.879372
endloop
endfacet
facet normal 0 0 0
outer loop
vertex 11.395100 0.359985 9.899372
vertex 11.415575 0.380738 9.899372
vertex 11.395100 0.380738 9.879372
endloop
endfacet
facet normal 0 0 0
outer loop
vertex 11.784140 0.359985 9.899372
vertex 11.763662 0.380738 9.879372
vertex 11.784140 0.380738 9.899372
endloop
endfacet
facet normal 0 0 0
outer loop
vertex 11.763662 0.359985 9.879372
vertex 11.763662 0.380738 9.879372
vertex 11.784140 0.359985 9.899372
endloop
endfacet
facet normal 0 0 0
outer loop
vertex 11.395100 0.380738 9.879372
vertex 11.415575 0.380738 9.899372
vertex 11.415575 0.380738 9.879372
endloop
endfacet
facet normal 0 0 0
outer loop
vertex 11.415575 0.380738 9.899372
vertex 11.436050 0.401492 9.879372
vertex 11.415575 0.380738 9.879372
endloop
endfacet
facet normal 0 0 0
outer loop
vertex 11.436050 0.401492 9.899372
vertex 11.436050 0.401492 9.879372
vertex 11.415575 0.380738 9.899372
endloop
endfacet
facet normal 0 0 0
outer loop
vertex 11.784140 0.380738 9.899372
vertex 11.763662 0.401492 9.879372
vertex 11.784140 0.401492 9.899372
endloop
endfacet
facet normal 0 0 0
outer loop
vertex 11.763662 0.380738 9.879372
vertex 11.763662 0.401492 9.879372
vertex 11.784140 0.380738 9.899372
endloop
endfacet
facet normal 0 0 0
outer loop
vertex 11.456526 0.401492 9.879372
vertex 11.436050 0.401492 9.879372
vertex 11.456526 0.401492 9.899372
endloop
endfacet
facet normal 0 0 0
outer loop
vertex 11.436050 0.401492 9.879372
vertex 11.436050 0.401492 9.899372
vertex 11.456526 0.401492 9.899372
endloop
endfacet
facet normal 0 0 0
outer loop
vertex 11.456526 0.401492 9.899372
vertex 11.477001 0.422245 9.879372
vertex 11.456526 0.401492 9.879372
endloop
endfacet
facet normal 0 0 0
outer loop
vertex 11.477001 0.422245 9.899372
vertex 11.477001 0.422245 9.879372
vertex 11.456526 0.401492 9.899372
endloop
endfacet
facet normal 0 0 0
outer loop
vertex 11.743187 0.401492 9.879372
vertex 11.722712 0.422245 9.879372
vertex 11.743187 0.422245 9.899372
endloop
endfacet
facet normal 0 0 0
outer loop
vertex 11.743187 0.422245 9.899372
vertex 11.763662 0.401492 9.899372
vertex 11.743187 0.401492 9.879372
endloop
endfacet
facet normal 0 0 0
outer loop
vertex 11.763662 0.401492 9.899372
vertex 11.763662 0.401492 9.879372
vertex 11.743187 0.401492 9.879372
endloop
endfacet
facet normal 0 0 0
outer loop
vertex 11.784140 0.401492 9.899372
vertex 11.763662 0.401492 9.879372
vertex 11.763662 0.401492 9.899372
endloop
endfacet
facet normal 0 0 0
outer loop
vertex 11.497478 0.422245 9.879372
vertex 11.477001 0.422245 9.879372
vertex 11.497478 0.422245 9.899372
endloop
endfacet
facet normal 0 0 0
outer loop
vertex 11.477001 0.422245 9.879372
vertex 11.477001 0.422245 9.899372
vertex 11.497478 0.422245 9.899372
endloop
endfacet
facet normal 0 0 0
outer loop
vertex 11.517954 0.442998 9.899372
vertex 11.517954 0.422245 9.879372
vertex 11.497478 0.422245 9.899372
endloop
endfacet
facet normal 0 0 0
outer loop
vertex 11.517954 0.422245 9.879372
vertex 11.497478 0.422245 9.879372
vertex 11.497478 0.422245 9.899372
endloop
endfacet
facet normal 0 0 0
outer loop
vertex 11.517954 0.422245 9.879372
vertex 11.517954 0.442998 9.899372
vertex 11.538429 0.442998 9.879372
endloop
endfacet
facet normal 0 0 0
outer loop
vertex 11.722712 0.422245 9.879372
vertex 11.702236 0.442998 9.879372
vertex 11.722712 0.442998 9.899372
endloop
endfacet
facet normal 0 0 0
outer loop
vertex 11.722712 0.422245 9.879372
vertex 11.722712 0.442998 9.899372
vertex 11.743187 0.422245 9.899372
endloop
endfacet
facet normal 0 0 0
outer loop
vertex 11.538429 0.442998 9.879372
vertex 11.517954 0.442998 9.899372
vertex 11.538429 0.442998 9.899372
endloop
endfacet
facet normal 0 0 0
outer loop
vertex 11.558905 0.442998 9.879372
vertex 11.538429 0.442998 9.879372
vertex 11.558905 0.442998 9.899372
endloop
endfacet
facet normal 0 0 0
outer loop
vertex 11.538429 0.442998 9.879372
vertex 11.538429 0.442998 9.899372
vertex 11.558905 0.442998 9.899372
endloop
endfacet
facet normal 0 0 0
outer loop
vertex 11.579380 0.442998 9.879372
vertex 11.558905 0.442998 9.879372
vertex 11.579380 0.442998 9.899372
endloop
endfacet
facet normal 0 0 0
outer loop
vertex 11.558905 0.442998 9.879372
vertex 11.558905 0.442998 9.899372
vertex 11.579380 0.442998 9.899372
endloop
endfacet
facet normal 0 0 0
outer loop
vertex 11.599857 0.442998 9.879372
vertex 11.579380 0.442998 9.879372
vertex 11.599857 0.442998 9.899372
endloop
endfacet
facet normal 0 0 0
outer loop
vertex 11.579380 0.442998 9.879372
vertex 11.579380 0.442998 9.899372
vertex 11.599857 0.442998 9.899372
endloop
endfacet
facet normal 0 0 0
outer loop
vertex 11.620333 0.463752 9.899372
vertex 11.620333 0.442998 9.879372
vertex 11.599857 0.442998 9.899372
endloop
endfacet
facet normal 0 0 0
outer loop
vertex 11.620333 0.442998 9.879372
vertex 11.599857 0.442998 9.879372
vertex 11.599857 0.442998 9.899372
endloop
endfacet
facet normal 0 0 0
outer loop
vertex 11.620333 0.442998 9.879372
vertex 11.640808 0.463752 9.899372
vertex 11.640808 0.442998 9.879372
endloop
endfacet
facet normal 0 0 0
outer loop
vertex 11.620333 0.463752 9.899372
vertex 11.640808 0.463752 9.899372
vertex 11.620333 0.442998 9.879372
endloop
endfacet
facet normal 0 0 0
outer loop
vertex 11.640808 0.463752 9.899372
vertex 11.661283 0.442998 9.899372
vertex 11.640808 0.442998 9.879372
endloop
endfacet
facet normal 0 0 0
outer loop
vertex 11.661283 0.442998 9.899372
vertex 11.661283 0.442998 9.879372
vertex 11.640808 0.442998 9.879372
endloop
endfacet
facet normal 0 0 0
outer loop
vertex 11.681761 0.442998 9.879372
vertex 11.661283 0.442998 9.879372
vertex 11.681761 0.442998 9.899372
endloop
endfacet
facet normal 0 0 0
outer loop
vertex 11.661283 0.442998 9.879372
vertex 11.661283 0.442998 9.899372
vertex 11.681761 0.442998 9.899372
endloop
endfacet
facet normal 0 0 0
outer loop
vertex 11.702236 0.442998 9.879372
vertex 11.681761 0.442998 9.879372
vertex 11.702236 0.442998 9.899372
endloop
endfacet
facet normal 0 0 0
outer loop
vertex 11.681761 0.442998 9.879372
vertex 11.681761 0.442998 9.899372
vertex 11.702236 0.442998 9.899372
endloop
endfacet
facet normal 0 0 0
outer loop
vertex 11.722712 0.442998 9.899372
vertex 11.702236 0.442998 9.879372
vertex 11.702236 0.442998 9.899372
endloop
endfacet
facet normal 0 0 0
outer loop
vertex 11.374622 0.131699 9.919372
vertex 11.354147 0.131699 9.899372
vertex 11.374622 0.131699 9.899372
endloop
endfacet
facet normal 0 0 0
outer loop
vertex 11.395100 0.110945 9.899372
vertex 11.395100 0.131699 9.919372
vertex 11.374622 0.131699 9.899372
endloop
endfacet
facet normal 0 0 0
outer loop
vertex 11.395100 0.131699 9.919372
vertex 11.374622 0.131699 9.919372
vertex 11.374622 0.131699 9.899372
endloop
endfacet
facet normal 0 0 0
outer loop
vertex 11.415575 0.110945 9.899372
vertex 11.395100 0.131699 9.919372
vertex 11.395100 0.110945 9.899372
endloop
endfacet
facet normal 0 0 0
outer loop
vertex 11.415575 0.131699 9.919372
vertex 11.395100 0.131699 9.919372
vertex 11.415575 0.110945 9.899372
endloop
endfacet
facet normal 0 0 0
outer loop
vertex 11.436050 0.110945 9.899372
vertex 11.415575 0.131699 9.919372
vertex 11.415575 0.110945 9.899372
endloop
endfacet
facet normal 0 0 0
outer loop
vertex 11.436050 0.131699 9.919372
vertex 11.415575 0.131699 9.919372
vertex 11.436050 0.110945 9.899372
endloop
endfacet
facet normal 0 0 0
outer loop
vertex 11.456526 0.110945 9.899372
vertex 11.436050 0.131699 9.919372
vertex 11.436050 0.110945 9.899372
endloop
endfacet
facet normal 0 0 0
outer loop
vertex 11.456526 0.131699 9.919372
vertex 11.436050 0.131699 9.919372
vertex 11.456526 0.110945 9.899372
endloop
endfacet
facet normal 0 0 0
outer loop
vertex 11.477001 0.110945 9.899372
vertex 11.456526 0.131699 9.919372
vertex 11.456526 0.110945 9.899372
endloop
endfacet
facet normal 0 0 0
outer loop
vertex 11.477001 0.131699 9.919372
vertex 11.456526 0.131699 9.919372
vertex 11.477001 0.110945 9.899372
endloop
endfacet
facet normal 0 0 0
outer loop
vertex 11.497478 0.110945 9.899372
vertex 11.477001 0.131699 9.919372
vertex 11.477001 0.110945 9.899372
endloop
endfacet
facet normal 0 0 0
outer loop
vertex 11.497478 0.131699 9.919372
vertex 11.477001 0.131699 9.919372
vertex 11.497478 0.110945 9.899372
endloop
endfacet
facet normal 0 0 0
outer loop
vertex 11.497478 0.110945 9.899372
vertex 11.517954 0.131699 9.899372
vertex 11.497478 0.131699 9.919372
endloop
endfacet
facet normal 0 0 0
outer loop
vertex 11.517954 0.131699 9.899372
vertex 11.517954 0.131699 9.919372
vertex 11.497478 0.131699 9.919372
endloop
endfacet
facet normal 0 0 0
outer loop
vertex 11.538429 0.131699 9.899372
vertex 11.538429 0.131699 9.919372
vertex 11.517954 0.131699 9.899372
endloop
endfacet
facet normal 0 0 0
outer loop
vertex 11.517954 0.131699 9.899372
vertex 11.538429 0.131699 9.919372
vertex 11.517954 0.131699 9.919372
endloop
endfacet
facet normal 0 0 0
outer loop
vertex 11.558905 0.131699 9.899372
vertex 11.558905 0.131699 9.919372
vertex 11.538429 0.131699 9.899372
endloop
endfacet
facet normal 0 0 0
outer loop
vertex 11.538429 0.131699 9.899372
vertex 11.558905 0.131699 9.919372
vertex 11.538429 0.131699 9.919372
endloop
endfacet
facet normal 0 0 0
outer loop
vertex 11.292719 0.152452 9.899372
vertex 11.313196 0.131699 9.899372
vertex 11.313196 0.152452 9.899372
endloop
endfacet
facet normal 0 0 0
outer loop
vertex 11.333672 0.131699 9.899372
vertex 11.333672 0.152452 9.899372
vertex 11.313196 0.131699 9.899372
endloop
endfacet
facet normal 0 0 0
outer loop
vertex 11.333672 0.152452 9.899372
vertex 11.313196 0.152452 9.899372
vertex 11.313196 0.131699 9.899372
endloop
endfacet
facet normal 0 0 0
outer loop
vertex 11.354147 0.152452 9.919372
vertex 11.333672 0.152452 9.899372
vertex 11.354147 0.131699 9.899372
endloop
endfacet
facet normal 0 0 0
outer loop
vertex 11.333672 0.152452 9.899372
vertex 11.333672 0.131699 9.899372
vertex 11.354147 0.131699 9.899372
endloop
endfacet
facet normal 0 0 0
outer loop
vertex 11.374622 0.131699 9.919372
vertex 11.354147 0.152452 9.919372
vertex 11.354147 0.131699 9.899372
endloop
endfacet
facet normal 0 0 0
outer loop
vertex 11.558905 0.131699 9.899372
vertex 11.579380 0.152452 9.919372
vertex 11.558905 0.131699 9.919372
endloop
endfacet
facet normal 0 0 0
outer loop
vertex 11.579380 0.152452 9.899372
vertex 11.579380 0.152452 9.919372
vertex 11.558905 0.131699 9.899372
endloop
endfacet
facet normal 0 0 0
outer loop
vertex 11.599857 0.152452 9.899372
vertex 11.599857 0.152452 9.919372
vertex 11.579380 0.152452 9.899372
endloop
endfacet
facet normal 0 0 0
outer loop
vertex 11.579380 0.152452 9.899372
vertex 11.599857 0.152452 9.919372
vertex 11.579380 0.152452 9.919372
endloop
endfacet
facet normal 0 0 0
outer loop
vertex 11.313196 0.173205 9.919372
vertex 11.292719 0.173205 9.899372
vertex 11.313196 0.152452 9.899372
endloop
endfacet
facet normal 0 0 0
outer loop
vertex 11.292719 0.173205 9.899372
vertex 11.292719 0.152452 9.899372
vertex 11.313196 0.152452 9.899372
endloop
endfacet
facet normal 0 0 0
outer loop
vertex 11.333672 0.152452 9.899372
vertex 11.313196 0.173205 9.919372
vertex 11.313196 0.152452 9.899372
endloop
endfacet
facet normal 0 0 0
outer loop
vertex 11.333672 0.173205 9.919372
vertex 11.313196 0.173205 9.919372
vertex 11.333672 0.152452 9.899372
endloop
endfacet
facet normal 0 0 0
outer loop
vertex 11.354147 0.152452 9.919372
vertex 11.333672 0.173205 9.919372
vertex 11.333672 0.152452 9.899372
endloop
endfacet
facet normal 0 0 0
outer loop
vertex 11.599857 0.152452 9.899372
vertex 11.620333 0.173205 9.919372
vertex 11.599857 0.152452 9.919372
endloop
endfacet
facet normal 0 0 0
outer loop
vertex 11.620333 0.173205 9.899372
vertex 11.620333 0.173205 9.919372
vertex 11.599857 0.152452 9.899372
endloop
endfacet
facet normal 0 0 0
outer loop
vertex 11.640808 0.173205 9.899372
vertex 11.640808 0.173205 9.919372
vertex 11.620333 0.173205 9.899372
endloop
endfacet
facet normal 0 0 0
outer loop
vertex 11.620333 0.173205 9.899372
vertex 11.640808 0.173205 9.919372
vertex 11.620333 0.173205 9.919372
endloop
endfacet
facet normal 0 0 0
outer loop
vertex 11.272243 0.193959 9.899372
vertex 11.292719 0.173205 9.899372
vertex 11.292719 0.193959 9.899372
endloop
endfacet
facet normal 0 0 0
outer loop
vertex 11.313196 0.193959 9.919372
vertex 11.292719 0.173205 9.899372
vertex 11.313196 0.173205 9.919372
endloop
endfacet
facet normal 0 0 0
outer loop
vertex 11.292719 0.193959 9.899372
vertex 11.292719 0.173205 9.899372
vertex 11.313196 0.193959 9.919372
endloop
endfacet
facet normal 0 0 0
outer loop
vertex 11.640808 0.173205 9.899372
vertex 11.661283 0.193959 9.919372
vertex 11.640808 0.173205 9.919372
endloop
endfacet
facet normal 0 0 0
outer loop
vertex 11.661283 0.193959 9.899372
vertex 11.661283 0.193959 9.919372
vertex 11.640808 0.173205 9.899372
endloop
endfacet
facet normal 0 0 0
outer loop
vertex 11.681761 0.193959 9.899372
vertex 11.661283 0.193959 9.919372
vertex 11.661283 0.193959 9.899372
endloop
endfacet
facet normal 0 0 0
outer loop
vertex 11.292719 0.214712 9.899372
vertex 11.272243 0.193959 9.899372
vertex 11.292719 0.193959 9.899372
endloop
endfacet
facet normal 0 0 0
outer loop
vertex 11.313196 0.214712 9.919372
vertex 11.292719 0.193959 9.899372
vertex 11.313196 0.193959 9.919372
endloop
endfacet
facet normal 0 0 0
outer loop
vertex 11.292719 0.214712 9.899372
vertex 11.292719 0.193959 9.899372
vertex 11.313196 0.214712 9.919372
endloop
endfacet
facet normal 0 0 0
outer loop
vertex 11.681761 0.193959 9.899372
vertex 11.681761 0.214712 9.919372
vertex 11.661283 0.193959 9.919372
endloop
endfacet
facet normal 0 0 0
outer loop
vertex 11.681761 0.193959 9.899372
vertex 11.681761 0.214712 9.899372
vertex 11.702236 0.214712 9.919372
endloop
endfacet
facet normal 0 0 0
outer loop
vertex 11.681761 0.193959 9.899372
vertex 11.702236 0.214712 9.919372
vertex 11.681761 0.214712 9.919372
endloop
endfacet
facet normal 0 0 0
outer loop
vertex 11.313196 0.235465 9.919372
vertex 11.292719 0.214712 9.899372
vertex 11.313196 0.214712 9.919372
endloop
endfacet
facet normal 0 0 0
outer loop
vertex 11.292719 0.235465 9.899372
vertex 11.292719 0.214712 9.899372
vertex 11.313196 0.235465 9.919372
endloop
endfacet
facet normal 0 0 0
outer loop
vertex 11.681761 0.214712 9.899372
vertex 11.702236 0.235465 9.899372
vertex 11.702236 0.214712 9.919372
endloop
endfacet
facet normal 0 0 0
outer loop
vertex 11.702236 0.214712 9.919372
vertex 11.702236 0.235465 9.899372
vertex 11.722712 0.235465 9.919372
endloop
endfacet
facet normal 0 0 0
outer loop
vertex 11.702236 0.235465 9.899372
vertex 11.722712 0.235465 9.899372
vertex 11.722712 0.235465 9.919372
endloop
endfacet
facet normal 0 0 0
outer loop
vertex 11.313196 0.256219 9.919372
vertex 11.292719 0.235465 9.899372
vertex 11.313196 0.235465 9.919372
endloop
endfacet
facet normal 0 0 0
outer loop
vertex 11.292719 0.256219 9.899372
vertex 11.292719 0.235465 9.899372
vertex 11.313196 0.256219 9.919372
endloop
endfacet
facet normal 0 0 0
outer loop
vertex 11.722712 0.235465 9.899372
vertex 11.743187 0.256219 9.919372
vertex 11.722712 0.235465 9.919372
endloop
endfacet
facet normal 0 0 0
outer loop
vertex 11.743187 0.256219 9.899372
vertex 11.743187 0.256219 9.919372
vertex 11.722712 0.235465 9.899372
endloop
endfacet
facet normal 0 0 0
outer loop
vertex 11.743187 0.256219 9.899372
vertex 11.763662 0.256219 9.919372
vertex 11.743187 0.256219 9.919372
endloop
endfacet
facet normal 0 0 0
outer loop
vertex 11.313196 0.256219 9.919372
vertex 11.313196 0.276972 9.899372
vertex 11.292719 0.256219 9.899372
endloop
endfacet
facet normal 0 0 0
outer loop
vertex 11.313196 0.276972 9.899372
vertex 11.292719 0.276972 9.899372
vertex 11.292719 0.256219 9.899372
endloop
endfacet
facet normal 0 0 0
outer loop
vertex 11.313196 0.256219 9.919372
vertex 11.333672 0.276972 9.919372
vertex 11.313196 0.276972 9.899372
endloop
endfacet
facet normal 0 0 0
outer loop
vertex 11.743187 0.256219 9.899372
vertex 11.763662 0.276972 9.899372
vertex 11.763662 0.256219 9.919372
endloop
endfacet
facet normal 0 0 0
outer loop
vertex 11.763662 0.276972 9.899372
vertex 11.784140 0.276972 9.919372
vertex 11.763662 0.256219 9.919372
endloop
endfacet
facet normal 0 0 0
outer loop
vertex 11.313196 0.297725 9.899372
vertex 11.292719 0.276972 9.899372
vertex 11.313196 0.276972 9.899372
endloop
endfacet
facet normal 0 0 0
outer loop
vertex 11.333672 0.276972 9.919372
vertex 11.333672 0.297725 9.899372
vertex 11.313196 0.276972 9.899372
endloop
endfacet
facet normal 0 0 0
outer loop
vertex 11.333672 0.297725 9.899372
vertex 11.313196 0.297725 9.899372
vertex 11.313196 0.276972 9.899372
endloop
endfacet
facet normal 0 0 0
outer loop
vertex 11.333672 0.276972 9.919372
vertex 11.354147 0.297725 9.919372
vertex 11.333672 0.297725 9.899372
endloop
endfacet
facet normal 0 0 0
outer loop
vertex 11.784140 0.276972 9.919372
vertex 11.763662 0.297725 9.899372
vertex 11.784140 0.297725 9.919372
endloop
endfacet
facet normal 0 0 0
outer loop
vertex 11.763662 0.276972 9.899372
vertex 11.763662 0.297725 9.899372
vertex 11.784140 0.276972 9.919372
endloop
endfacet
facet normal 0 0 0
outer loop
vertex 11.333672 0.318479 9.899372
vertex 11.313196 0.297725 9.899372
vertex 11.333672 0.297725 9.899372
endloop
endfacet
facet normal 0 0 0
outer loop
vertex 11.354147 0.318479 9.919372
vertex 11.333672 0.297725 9.899372
vertex 11.354147 0.297725 9.919372
endloop
endfacet
facet normal 0 0 0
outer loop
vertex 11.333672 0.318479 9.899372
vertex 11.333672 0.297725 9.899372
vertex 11.354147 0.318479 9.919372
endloop
endfacet
facet normal 0 0 0
outer loop
vertex 11.763662 0.297725 9.899372
vertex 11.784140 0.318479 9.899372
vertex 11.784140 0.297725 9.919372
endloop
endfacet
facet normal 0 0 0
outer loop
vertex 11.784140 0.318479 9.899372
vertex 11.804615 0.318479 9.919372
vertex 11.784140 0.297725 9.919372
endloop
endfacet
facet normal 0 0 0
outer loop
vertex 11.333672 0.318479 9.899372
vertex 11.354147 0.318479 9.919372
vertex 11.354147 0.339232 9.899372
endloop
endfacet
facet normal 0 0 0
outer loop
vertex 11.354147 0.318479 9.919372
vertex 11.374622 0.339232 9.919372
vertex 11.354147 0.339232 9.899372
endloop
endfacet
facet normal 0 0 0
outer loop
vertex 11.804615 0.318479 9.919372
vertex 11.784140 0.339232 9.899372
vertex 11.804615 0.339232 9.919372
endloop
endfacet
facet normal 0 0 0
outer loop
vertex 11.784140 0.318479 9.899372
vertex 11.784140 0.339232 9.899372
vertex 11.804615 0.318479 9.919372
endloop
endfacet
facet normal 0 0 0
outer loop
vertex 11.354147 0.339232 9.899372
vertex 11.374622 0.339232 9.919372
vertex 11.374622 0.339232 9.899372
endloop
endfacet
facet normal 0 0 0
outer loop
vertex 11.374622 0.339232 9.919372
vertex 11.395100 0.359985 9.899372
vertex 11.374622 0.339232 9.899372
endloop
endfacet
facet normal 0 0 0
outer loop
vertex 11.395100 0.359985 9.919372
vertex 11.395100 0.359985 9.899372
vertex 11.374622 0.339232 9.919372
endloop
endfacet
facet normal 0 0 0
outer loop
vertex 11.804615 0.339232 9.919372
vertex 11.784140 0.359985 9.899372
vertex 11.804615 0.359985 9.919372
endloop
endfacet
facet normal 0 0 0
outer loop
vertex 11.784140 0.339232 9.899372
vertex 11.784140 0.359985 9.899372
vertex 11.804615 0.339232 9.919372
endloop
endfacet
facet normal 0 0 0
outer loop
vertex 11.395100 0.359985 9.919372
vertex 11.415575 0.380738 9.899372
vertex 11.395100 0.359985 9.899372
endloop
endfacet
facet normal 0 0 0
outer loop
vertex 11.415575 0.380738 9.919372
vertex 11.415575 0.380738 9.899372
vertex 11.395100 0.359985 9.919372
endloop
endfacet
facet normal 0 0 0
outer loop
vertex 11.804615 0.359985 9.919372
vertex 11.784140 0.380738 9.899372
vertex 11.804615 0.380738 9.919372
endloop
endfacet
facet normal 0 0 0
outer loop
vertex 11.784140 0.359985 9.899372
vertex 11.784140 0.380738 9.899372
vertex 11.804615 0.359985 9.919372
endloop
endfacet
facet normal 0 0 0
outer loop
vertex 11.825090 0.380738 9.919372
vertex 11.804615 0.359985 9.919372
vertex 11.804615 0.380738 9.919372
endloop
endfacet
facet normal 0 0 0
outer loop
vertex 11.415575 0.380738 9.919372
vertex 11.436050 0.401492 9.899372
vertex 11.415575 0.380738 9.899372
endloop
endfacet
facet normal 0 0 0
outer loop
vertex 11.436050 0.401492 9.919372
vertex 11.436050 0.401492 9.899372
vertex 11.415575 0.380738 9.919372
endloop
endfacet
facet normal 0 0 0
outer loop
vertex 11.804615 0.380738 9.919372
vertex 11.784140 0.401492 9.899372
vertex 11.804615 0.401492 9.919372
endloop
endfacet
facet normal 0 0 0
outer loop
vertex 11.784140 0.380738 9.899372
vertex 11.784140 0.401492 9.899372
vertex 11.804615 0.380738 9.919372
endloop
endfacet
facet normal 0 0 0
outer loop
vertex 11.804615 0.401492 9.919372
vertex 11.825090 0.380738 9.919372
vertex 11.804615 0.380738 9.919372
endloop
endfacet
facet normal 0 0 0
outer loop
vertex 11.456526 0.401492 9.899372
vertex 11.436050 0.401492 9.899372
vertex 11.456526 0.401492 9.919372
endloop
endfacet
facet normal 0 0 0
outer loop
vertex 11.436050 0.401492 9.899372
vertex 11.436050 0.401492 9.919372
vertex 11.456526 0.401492 9.919372
endloop
endfacet
facet normal 0 0 0
outer loop
vertex 11.456526 0.401492 9.919372
vertex 11.477001 0.422245 9.899372
vertex 11.456526 0.401492 9.899372
endloop
endfacet
facet normal 0 0 0
outer loop
vertex 11.477001 0.422245 9.919372
vertex 11.477001 0.422245 9.899372
vertex 11.456526 0.401492 9.919372
endloop
endfacet
facet normal 0 0 0
outer loop
vertex 11.763662 0.401492 9.899372
vertex 11.743187 0.422245 9.899372
vertex 11.763662 0.422245 9.919372
endloop
endfacet
facet normal 0 0 0
outer loop
vertex 11.763662 0.401492 9.899372
vertex 11.784140 0.422245 9.919372
vertex 11.784140 0.401492 9.899372
endloop
endfacet
facet normal 0 0 0
outer loop
vertex 11.763662 0.422245 9.919372
vertex 11.784140 0.422245 9.919372
vertex 11.763662 0.401492 9.899372
endloop
endfacet
facet normal 0 0 0
outer loop
vertex 11.784140 0.401492 9.899372
vertex 11.784140 0.422245 9.919372
vertex 11.804615 0.401492 9.919372
endloop
endfacet
facet normal 0 0 0
outer loop
vertex 11.784140 0.422245 9.919372
vertex 11.804615 0.422245 9.919372
vertex 11.804615 0.401492 9.919372
endloop
endfacet
facet normal 0 0 0
outer loop
vertex 11.497478 0.442998 9.919372
vertex 11.497478 0.422245 9.899372
vertex 11.477001 0.422245 9.919372
endloop
endfacet
facet normal 0 0 0
outer loop
vertex 11.497478 0.422245 9.899372
vertex 11.477001 0.422245 9.899372
vertex 11.477001 0.422245 9.919372
endloop
endfacet
facet normal 0 0 0
outer loop
vertex 11.497478 0.422245 9.899372
vertex 11.497478 0.442998 9.919372
vertex 11.517954 0.442998 9.899372
endloop
endfacet
facet normal 0 0 0
outer loop
vertex 11.743187 0.422245 9.899372
vertex 11.722712 0.442998 9.899372
vertex 11.743187 0.442998 9.919372
endloop
endfacet
facet normal 0 0 0
outer loop
vertex 11.743187 0.422245 9.899372
vertex 11.743187 0.442998 9.919372
vertex 11.763662 0.422245 9.919372
endloop
endfacet
facet normal 0 0 0
outer loop
vertex 11.743187 0.442998 9.919372
vertex 11.763662 0.442998 9.919372
vertex 11.763662 0.422245 9.919372
endloop
endfacet
facet normal 0 0 0
outer loop
vertex 11.763662 0.442998 9.919372
vertex 11.784140 0.422245 9.919372
vertex 11.763662 0.422245 9.919372
endloop
endfacet
facet normal 0 0 0
outer loop
vertex 11.517954 0.442998 9.899372
vertex 11.497478 0.442998 9.919372
vertex 11.517954 0.442998 9.919372
endloop
endfacet
facet normal 0 0 0
outer loop
vertex 11.538429 0.463752 9.919372
vertex 11.538429 0.442998 9.899372
vertex 11.517954 0.442998 9.919372
endloop
endfacet
facet normal 0 0 0
outer loop
vertex 11.538429 0.442998 9.899372
vertex 11.517954 0.442998 9.899372
vertex 11.517954 0.442998 9.919372
endloop
endfacet
facet normal 0 0 0
outer loop
vertex 11.538429 0.442998 9.899372
vertex 11.558905 0.463752 9.919372
vertex 11.558905 0.442998 9.899372
endloop
endfacet
facet normal 0 0 0
outer loop
vertex 11.538429 0.463752 9.919372
vertex 11.558905 0.463752 9.919372
vertex 11.538429 0.442998 9.899372
endloop
endfacet
facet normal 0 0 0
outer loop
vertex 11.558905 0.442998 9.899372
vertex 11.579380 0.463752 9.919372
vertex 11.579380 0.442998 9.899372
endloop
endfacet
facet normal 0 0 0
outer loop
vertex 11.558905 0.463752 9.919372
vertex 11.579380 0.463752 9.919372
vertex 11.558905 0.442998 9.899372
endloop
endfacet
facet normal 0 0 0
outer loop
vertex 11.579380 0.442998 9.899372
vertex 11.599857 0.463752 9.919372
vertex 11.599857 0.442998 9.899372
endloop
endfacet
facet normal 0 0 0
outer loop
vertex 11.579380 0.463752 9.919372
vertex 11.599857 0.463752 9.919372
vertex 11.579380 0.442998 9.899372
endloop
endfacet
facet normal 0 0 0
outer loop
vertex 11.599857 0.442998 9.899372
vertex 11.599857 0.463752 9.919372
vertex 11.620333 0.463752 9.899372
endloop
endfacet
facet normal 0 0 0
outer loop
vertex 11.661283 0.442998 9.899372
vertex 11.640808 0.463752 9.899372
vertex 11.661283 0.463752 9.919372
endloop
endfacet
facet normal 0 0 0
outer loop
vertex 11.661283 0.442998 9.899372
vertex 11.681761 0.463752 9.919372
vertex 11.681761 0.442998 9.899372
endloop
endfacet
facet normal 0 0 0
outer loop
vertex 11.661283 0.463752 9.919372
vertex 11.681761 0.463752 9.919372
vertex 11.661283 0.442998 9.899372
endloop
endfacet
facet normal 0 0 0
outer loop
vertex 11.681761 0.442998 9.899372
vertex 11.702236 0.463752 9.919372
vertex 11.702236 0.442998 9.899372
endloop
endfacet
facet normal 0 0 0
outer loop
vertex 11.681761 0.463752 9.919372
vertex 11.702236 0.463752 9.919372
vertex 11.681761 0.442998 9.899372
endloop
endfacet
facet normal 0 0 0
outer loop
vertex 11.702236 0.442998 9.899372
vertex 11.722712 0.463752 9.919372
vertex 11.722712 0.442998 9.899372
endloop
endfacet
facet normal 0 0 0
outer loop
vertex 11.702236 0.463752 9.919372
vertex 11.722712 0.463752 9.919372
vertex 11.702236 0.442998 9.899372
endloop
endfacet
facet normal 0 0 0
outer loop
vertex 11.722712 0.442998 9.899372
vertex 11.722712 0.463752 9.919372
vertex 11.743187 0.442998 9.919372
endloop
endfacet
facet normal 0 0 0
outer loop
vertex 11.620333 0.463752 9.899372
vertex 11.599857 0.463752 9.919372
vertex 11.620333 0.463752 9.919372
endloop
endfacet
facet normal 0 0 0
outer loop
vertex 11.640808 0.463752 9.899372
vertex 11.620333 0.463752 9.899372
vertex 11.640808 0.463752 9.919372
endloop
endfacet
facet normal 0 0 0
outer loop
vertex 11.620333 0.463752 9.899372
vertex 11.620333 0.463752 9.919372
vertex 11.640808 0.463752 9.919372
endloop
endfacet
facet normal 0 0 0
outer loop
vertex 11.661283 0.463752 9.919372
vertex 11.640808 0.463752 9.899372
vertex 11.640808 0.463752 9.919372
endloop
endfacet
facet normal 0 0 0
outer loop
vertex 11.354147 0.152452 9.919372
vertex 11.374622 0.131699 9.919372
vertex 11.374622 0.152452 9.919372
endloop
endfacet
facet normal 0 0 0
outer loop
vertex 11.395100 0.152452 9.939371
vertex 11.374622 0.152452 9.919372
vertex 11.395100 0.131699 9.919372
endloop
endfacet
facet normal 0 0 0
outer loop
vertex 11.374622 0.152452 9.919372
vertex 11.374622 0.131699 9.919372
vertex 11.395100 0.131699 9.919372
endloop
endfacet
facet normal 0 0 0
outer loop
vertex 11.415575 0.131699 9.919372
vertex 11.395100 0.152452 9.939371
vertex 11.395100 0.131699 9.919372
endloop
endfacet
facet normal 0 0 0
outer loop
vertex 11.415575 0.152452 9.939371
vertex 11.395100 0.152452 9.939371
vertex 11.415575 0.131699 9.919372
endloop
endfacet
facet normal 0 0 0
outer loop
vertex 11.436050 0.131699 9.919372
vertex 11.415575 0.152452 9.939371
vertex 11.415575 0.131699 9.919372
endloop
endfacet
facet normal 0 0 0
outer loop
vertex 11.436050 0.152452 9.939371
vertex 11.415575 0.152452 9.939371
vertex 11.436050 0.131699 9.919372
endloop
endfacet
facet normal 0 0 0
outer loop
vertex 11.456526 0.131699 9.919372
vertex 11.436050 0.152452 9.939371
vertex 11.436050 0.131699 9.919372
endloop
endfacet
facet normal 0 0 0
outer loop
vertex 11.456526 0.152452 9.939371
vertex 11.436050 0.152452 9.939371
vertex 11.456526 0.131699 9.919372
endloop
endfacet
facet normal 0 0 0
outer loop
vertex 11.477001 0.131699 9.919372
vertex 11.456526 0.152452 9.939371
vertex 11.456526 0.131699 9.919372
endloop
endfacet
facet normal 0 0 0
outer loop
vertex 11.477001 0.152452 9.939371
vertex 11.456526 0.152452 9.939371
vertex 11.477001 0.131699 9.919372
endloop
endfacet
facet normal 0 0 0
outer loop
vertex 11.497478 0.131699 9.919372
vertex 11.477001 0.152452 9.939371
vertex 11.477001 0.131699 9.919372
endloop
endfacet
facet normal 0 0 0
outer loop
vertex 11.497478 0.152452 9.939371
vertex 11.477001 0.152452 9.939371
vertex 11.497478 0.131699 9.919372
endloop
endfacet
facet normal 0 0 0
outer loop
vertex 11.517954 0.131699 9.919372
vertex 11.497478 0.152452 9.939371
vertex 11.497478 0.131699 9.919372
endloop
endfacet
facet normal 0 0 0
outer loop
vertex 11.517954 0.152452 9.939371
vertex 11.497478 0.152452 9.939371
vertex 11.517954 0.131699 9.919372
endloop
endfacet
facet normal 0 0 0
outer loop
vertex 11.538429 0.131699 9.919372
vertex 11.517954 0.152452 9.939371
vertex 11.517954 0.131699 9.919372
endloop
endfacet
facet normal 0 0 0
outer loop
vertex 11.538429 0.152452 9.939371
vertex 11.517954 0.152452 9.939371
vertex 11.538429 0.131699 9.919372
endloop
endfacet
facet normal 0 0 0
outer loop
vertex 11.558905 0.131699 9.919372
vertex 11.538429 0.152452 9.939371
vertex 11.538429 0.131699 9.919372
endloop
endfacet
facet normal 0 0 0
outer loop
vertex 11.558905 0.152452 9.939371
vertex 11.538429 0.152452 9.939371
vertex 11.558905 0.131699 9.919372
endloop
endfacet
facet normal 0 0 0
outer loop
vertex 11.558905 0.131699 9.919372
vertex 11.579380 0.152452 9.919372
vertex 11.558905 0.152452 9.939371
endloop
endfacet
facet normal 0 0 0
outer loop
vertex 11.579380 0.152452 9.919372
vertex 11.579380 0.152452 9.939371
vertex 11.558905 0.152452 9.939371
endloop
endfacet
facet normal 0 0 0
outer loop
vertex 11.599857 0.152452 9.919372
vertex 11.579380 0.152452 9.939371
vertex 11.579380 0.152452 9.919372
endloop
endfacet
facet normal 0 0 0
outer loop
vertex 11.354147 0.152452 9.919372
vertex 11.354147 0.173205 9.939371
vertex 11.333672 0.173205 9.919372
endloop
endfacet
facet normal 0 0 0
outer loop
vertex 11.374622 0.152452 9.919372
vertex 11.354147 0.173205 9.939371
vertex 11.354147 0.152452 9.919372
endloop
endfacet
facet normal 0 0 0
outer loop
vertex 11.374622 0.173205 9.939371
vertex 11.354147 0.173205 9.939371
vertex 11.374622 0.152452 9.919372
endloop
endfacet
facet normal 0 0 0
outer loop
vertex 11.395100 0.152452 9.939371
vertex 11.374622 0.173205 9.939371
vertex 11.374622 0.152452 9.919372
endloop
endfacet
facet normal 0 0 0
outer loop
vertex 11.599857 0.152452 9.919372
vertex 11.599857 0.173205 9.939371
vertex 11.579380 0.152452 9.939371
endloop
endfacet
facet normal 0 0 0
outer loop
vertex 11.599857 0.152452 9.919372
vertex 11.620333 0.173205 9.919372
vertex 11.599857 0.173205 9.939371
endloop
endfacet
facet normal 0 0 0
outer loop
vertex 11.620333 0.173205 9.919372
vertex 11.620333 0.173205 9.939371
vertex 11.599857 0.173205 9.939371
endloop
endfacet
facet normal 0 0 0
outer loop
vertex 11.640808 0.173205 9.919372
vertex 11.620333 0.173205 9.939371
vertex 11.620333 0.173205 9.919372
endloop
endfacet
facet normal 0 0 0
outer loop
vertex 11.333672 0.193959 9.939371
vertex 11.313196 0.193959 9.919372
vertex 11.333672 0.173205 9.919372
endloop
endfacet
facet normal 0 0 0
outer loop
vertex 11.313196 0.193959 9.919372
vertex 11.313196 0.173205 9.919372
vertex 11.333672 0.173205 9.919372
endloop
endfacet
facet normal 0 0 0
outer loop
vertex 11.354147 0.173205 9.939371
vertex 11.333672 0.193959 9.939371
vertex 11.333672 0.173205 9.919372
endloop
endfacet
facet normal 0 0 0
outer loop
vertex 11.640808 0.173205 9.919372
vertex 11.640808 0.193959 9.939371
vertex 11.620333 0.173205 9.939371
endloop
endfacet
facet normal 0 0 0
outer loop
vertex 11.640808 0.173205 9.919372
vertex 11.661283 0.193959 9.919372
vertex 11.640808 0.193959 9.939371
endloop
endfacet
facet normal 0 0 0
outer loop
vertex 11.661283 0.193959 9.919372
vertex 11.661283 0.193959 9.939371
vertex 11.640808 0.193959 9.939371
endloop
endfacet
facet normal 0 0 0
outer loop
vertex 11.313196 0.193959 9.919372
vertex 11.313196 0.214712 9.939371
vertex 11.313196 0.214712 9.919372
endloop
endfacet
facet normal 0 0 0
outer loop
vertex 11.333672 0.193959 9.939371
vertex 11.313196 0.214712 9.939371
vertex 11.313196 0.193959 9.919372
endloop
endfacet
facet normal 0 0 0
outer loop
vertex 11.661283 0.193959 9.919372
vertex 11.681761 0.214712 9.939371
vertex 11.661283 0.193959 9.939371
endloop
endfacet
facet normal 0 0 0
outer loop
vertex 11.681761 0.214712 9.919372
vertex 11.681761 0.214712 9.939371
vertex 11.661283 0.193959 9.919372
endloop
endfacet
facet normal 0 0 0
outer loop
vertex 11.702236 0.214712 9.919372
vertex 11.681761 0.214712 9.939371
vertex 11.681761 0.214712 9.919372
endloop
endfacet
facet normal 0 0 0
outer loop
vertex 11.313196 0.214712 9.919372
vertex 11.313196 0.214712 9.939371
vertex 11.313196 0.235465 9.919372
endloop
endfacet
facet normal 0 0 0
outer loop
vertex 11.313196 0.214712 9.939371
vertex 11.313196 0.235465 9.939371
vertex 11.313196 0.235465 9.919372
endloop
endfacet
facet normal 0 0 0
outer loop
vertex 11.702236 0.214712 9.919372
vertex 11.702236 0.235465 9.939371
vertex 11.681761 0.214712 9.939371
endloop
endfacet
facet normal 0 0 0
outer loop
vertex 11.702236 0.214712 9.919372
vertex 11.722712 0.235465 9.919372
vertex 11.702236 0.235465 9.939371
endloop
endfacet
facet normal 0 0 0
outer loop
vertex 11.722712 0.235465 9.919372
vertex 11.722712 0.235465 9.939371
vertex 11.702236 0.235465 9.939371
endloop
endfacet
facet normal 0 0 0
outer loop
vertex 11.313196 0.235465 9.919372
vertex 11.313196 0.235465 9.939371
vertex 11.313196 0.256219 9.919372
endloop
endfacet
facet normal 0 0 0
outer loop
vertex 11.313196 0.235465 9.939371
vertex 11.313196 0.256219 9.939371
vertex 11.313196 0.256219 9.919372
endloop
endfacet
facet normal 0 0 0
outer loop
vertex 11.722712 0.235465 9.919372
vertex 11.743187 0.256219 9.939371
vertex 11.722712 0.235465 9.939371
endloop
endfacet
facet normal 0 0 0
outer loop
vertex 11.743187 0.256219 9.919372
vertex 11.743187 0.256219 9.939371
vertex 11.722712 0.235465 9.919372
endloop
endfacet
facet normal 0 0 0
outer loop
vertex 11.763662 0.256219 9.919372
vertex 11.743187 0.256219 9.939371
vertex 11.743187 0.256219 9.919372
endloop
endfacet
facet normal 0 0 0
outer loop
vertex 11.313196 0.256219 9.939371
vertex 11.333672 0.276972 9.919372
vertex 11.313196 0.256219 9.919372
endloop
endfacet
facet normal 0 0 0
outer loop
vertex 11.333672 0.276972 9.939371
vertex 11.333672 0.276972 9.919372
vertex 11.313196 0.256219 9.939371
endloop
endfacet
facet normal 0 0 0
outer loop
vertex 11.763662 0.256219 9.919372
vertex 11.763662 0.276972 9.939371
vertex 11.743187 0.256219 9.939371
endloop
endfacet
facet normal 0 0 0
outer loop
vertex 11.784140 0.276972 9.919372
vertex 11.763662 0.276972 9.939371
vertex 11.763662 0.256219 9.919372
endloop
endfacet
facet normal 0 0 0
outer loop
vertex 11.333672 0.297725 9.939371
vertex 11.333672 0.276972 9.919372
vertex 11.333672 0.276972 9.939371
endloop
endfacet
facet normal 0 0 0
outer loop
vertex 11.333672 0.276972 9.919372
vertex 11.333672 0.297725 9.939371
vertex 11.354147 0.297725 9.919372
endloop
endfacet
facet normal 0 0 0
outer loop
vertex 11.784140 0.276972 9.919372
vertex 11.784140 0.297725 9.939371
vertex 11.763662 0.276972 9.939371
endloop
endfacet
facet normal 0 0 0
outer loop
vertex 11.784140 0.297725 9.939371
vertex 11.784140 0.276972 9.919372
vertex 11.784140 0.297725 9.919372
endloop
endfacet
facet normal 0 0 0
outer loop
vertex 11.333672 0.297725 9.939371
vertex 11.354147 0.318479 9.939371
vertex 11.354147 0.297725 9.919372
endloop
endfacet
facet normal 0 0 0
outer loop
vertex 11.354147 0.318479 9.939371
vertex 11.354147 0.318479 9.919372
vertex 11.354147 0.297725 9.919372
endloop
endfacet
facet normal 0 0 0
outer loop
vertex 11.784140 0.297725 9.919372
vertex 11.804615 0.318479 9.939371
vertex 11.784140 0.297725 9.939371
endloop
endfacet
facet normal 0 0 0
outer loop
vertex 11.804615 0.318479 9.919372
vertex 11.804615 0.318479 9.939371
vertex 11.784140 0.297725 9.919372
endloop
endfacet
facet normal 0 0 0
outer loop
vertex 11.354147 0.339232 9.939371
vertex 11.354147 0.318479 9.919372
vertex 11.354147 0.318479 9.939371
endloop
endfacet
facet normal 0 0 0
outer loop
vertex 11.354147 0.318479 9.919372
vertex 11.354147 0.339232 9.939371
vertex 11.374622 0.339232 9.919372
endloop
endfacet
facet normal 0 0 0
outer loop
vertex 11.804615 0.318479 9.919372
vertex 11.804615 0.339232 9.919372
vertex 11.804615 0.318479 9.939371
endloop
endfacet
facet normal 0 0 0
outer loop
vertex 11.804615 0.318479 9.939371
vertex 11.804615 0.339232 9.919372
vertex 11.804615 0.339232 9.939371
endloop
endfacet
facet normal 0 0 0
outer loop
vertex 11.374622 0.339232 9.919372
vertex 11.354147 0.339232 9.939371
vertex 11.374622 0.359985 9.939371
endloop
endfacet
facet normal 0 0 0
outer loop
vertex 11.374622 0.339232 9.919372
vertex 11.374622 0.359985 9.939371
vertex 11.395100 0.359985 9.919372
endloop
endfacet
facet normal 0 0 0
outer loop
vertex 11.804615 0.339232 9.919372
vertex 11.804615 0.359985 9.919372
vertex 11.804615 0.339232 9.939371
endloop
endfacet
facet normal 0 0 0
outer loop
vertex 11.804615 0.339232 9.939371
vertex 11.804615 0.359985 9.919372
vertex 11.804615 0.359985 9.939371
endloop
endfacet
facet normal 0 0 0
outer loop
vertex 11.395100 0.359985 9.919372
vertex 11.374622 0.359985 9.939371
vertex 11.395100 0.380738 9.939371
endloop
endfacet
facet normal 0 0 0
outer loop
vertex 11.395100 0.359985 9.919372
vertex 11.395100 0.380738 9.939371
vertex 11.415575 0.380738 9.919372
endloop
endfacet
facet normal 0 0 0
outer loop
vertex 11.804615 0.359985 9.919372
vertex 11.825090 0.380738 9.939371
vertex 11.804615 0.359985 9.939371
endloop
endfacet
facet normal 0 0 0
outer loop
vertex 11.825090 0.380738 9.919372
vertex 11.825090 0.380738 9.939371
vertex 11.804615 0.359985 9.919372
endloop
endfacet
facet normal 0 0 0
outer loop
vertex 11.415575 0.380738 9.919372
vertex 11.395100 0.380738 9.939371
vertex 11.415575 0.401492 9.939371
endloop
endfacet
facet normal 0 0 0
outer loop
vertex 11.415575 0.380738 9.919372
vertex 11.415575 0.401492 9.939371
vertex 11.436050 0.401492 9.919372
endloop
endfacet
facet normal 0 0 0
outer loop
vertex 11.825090 0.380738 9.919372
vertex 11.804615 0.401492 9.919372
vertex 11.825090 0.401492 9.939371
endloop
endfacet
facet normal 0 0 0
outer loop
vertex 11.825090 0.380738 9.919372
vertex 11.825090 0.401492 9.939371
vertex 11.825090 0.380738 9.939371
endloop
endfacet
facet normal 0 0 0
outer loop
vertex 11.436050 0.401492 9.919372
vertex 11.415575 0.401492 9.939371
vertex 11.436050 0.422245 9.939371
endloop
endfacet
facet normal 0 0 0
outer loop
vertex 11.436050 0.401492 9.919372
vertex 11.456526 0.422245 9.939371
vertex 11.456526 0.401492 9.919372
endloop
endfacet
facet normal 0 0 0
outer loop
vertex 11.436050 0.422245 9.939371
vertex 11.456526 0.422245 9.939371
vertex 11.436050 0.401492 9.919372
endloop
endfacet
facet normal 0 0 0
outer loop
vertex 11.456526 0.401492 9.919372
vertex 11.456526 0.422245 9.939371
vertex 11.477001 0.422245 9.919372
endloop
endfacet
facet normal 0 0 0
outer loop
vertex 11.825090 0.401492 9.939371
vertex 11.804615 0.422245 9.919372
vertex 11.825090 0.422245 9.939371
endloop
endfacet
facet normal 0 0 0
outer loop
vertex 11.804615 0.401492 9.919372
vertex 11.804615 0.422245 9.919372
vertex 11.825090 0.401492 9.939371
endloop
endfacet
facet normal 0 0 0
outer loop
vertex 11.436050 0.422245 9.939371
vertex 11.456526 0.442998 9.939371
vertex 11.456526 0.422245 9.939371
endloop
endfacet
facet normal 0 0 0
outer loop
vertex 11.477001 0.422245 9.919372
vertex 11.456526 0.422245 9.939371
vertex 11.477001 0.442998 9.939371
endloop
endfacet
facet normal 0 0 0
outer loop
vertex 11.456526 0.422245 9.939371
vertex 11.456526 0.442998 9.939371
vertex 11.477001 0.442998 9.939371
endloop
endfacet
facet normal 0 0 0
outer loop
vertex 11.477001 0.422245 9.919372
vertex 11.477001 0.442998 9.939371
vertex 11.497478 0.442998 9.919372
endloop
endfacet
facet normal 0 0 0
outer loop
vertex 11.784140 0.422245 9.919372
vertex 11.763662 0.442998 9.919372
vertex 11.784140 0.442998 9.939371
endloop
endfacet
facet normal 0 0 0
outer loop
vertex 11.784140 0.422245 9.919372
vertex 11.804615 0.442998 9.939371
vertex 11.804615 0.422245 9.919372
endloop
endfacet
facet normal 0 0 0
outer loop
vertex 11.784140 0.442998 9.939371
vertex 11.804615 0.442998 9.939371
vertex 11.784140 0.422245 9.919372
endloop
endfacet
facet normal 0 0 0
outer loop
vertex 11.804615 0.422245 9.919372
vertex 11.804615 0.442998 9.939371
vertex 11.825090 0.422245 9.939371
endloop
endfacet
facet normal 0 0 0
outer loop
vertex 11.497478 0.442998 9.919372
vertex 11.477001 0.442998 9.939371
vertex 11.497478 0.463752 9.939371
endloop
endfacet
facet normal 0 0 0
outer loop
vertex 11.497478 0.442998 9.919372
vertex 11.517954 0.463752 9.939371
vertex 11.517954 0.442998 9.919372
endloop
endfacet
facet normal 0 0 0
outer loop
vertex 11.497478 0.463752 9.939371
vertex 11.517954 0.463752 9.939371
vertex 11.497478 0.442998 9.919372
endloop
endfacet
facet normal 0 0 0
outer loop
vertex 11.517954 0.442998 9.919372
vertex 11.517954 0.463752 9.939371
vertex 11.538429 0.463752 9.919372
endloop
endfacet
facet normal 0 0 0
outer loop
vertex 11.743187 0.442998 9.919372
vertex 11.722712 0.463752 9.919372
vertex 11.743187 0.463752 9.939371
endloop
endfacet
facet normal 0 0 0
outer loop
vertex 11.743187 0.442998 9.919372
vertex 11.763662 0.463752 9.939371
vertex 11.763662 0.442998 9.919372
endloop
endfacet
facet normal 0 0 0
outer loop
vertex 11.743187 0.463752 9.939371
vertex 11.763662 0.463752 9.939371
vertex 11.743187 0.442998 9.919372
endloop
endfacet
facet normal 0 0 0
outer loop
vertex 11.763662 0.442998 9.919372
vertex 11.763662 0.463752 9.939371
vertex 11.784140 0.442998 9.939371
endloop
endfacet
facet normal 0 0 0
outer loop
vertex 11.763662 0.463752 9.939371
vertex 11.784140 0.463752 9.939371
vertex 11.784140 0.442998 9.939371
endloop
endfacet
facet normal 0 0 0
outer loop
vertex 11.784140 0.463752 9.939371
vertex 11.804615 0.442998 9.939371
vertex 11.784140 0.442998 9.939371
endloop
endfacet
facet normal 0 0 0
outer loop
vertex 11.538429 0.463752 9.919372
vertex 11.517954 0.463752 9.939371
vertex 11.538429 0.484505 9.939371
endloop
endfacet
facet normal 0 0 0
outer loop
vertex 11.538429 0.463752 9.919372
vertex 11.558905 0.484505 9.939371
vertex 11.558905 0.463752 9.919372
endloop
endfacet
facet normal 0 0 0
outer loop
vertex 11.538429 0.484505 9.939371
vertex 11.558905 0.484505 9.939371
vertex 11.538429 0.463752 9.919372
endloop
endfacet
facet normal 0 0 0
outer loop
vertex 11.558905 0.463752 9.919372
vertex 11.579380 0.484505 9.939371
vertex 11.579380 0.463752 9.919372
endloop
endfacet
facet normal 0 0 0
outer loop
vertex 11.558905 0.484505 9.939371
vertex 11.579380 0.484505 9.939371
vertex 11.558905 0.463752 9.919372
endloop
endfacet
facet normal 0 0 0
outer loop
vertex 11.579380 0.463752 9.919372
vertex 11.599857 0.484505 9.939371
vertex 11.599857 0.463752 9.919372
endloop
endfacet
facet normal 0 0 0
outer loop
vertex 11.579380 0.484505 9.939371
vertex 11.599857 0.484505 9.939371
vertex 11.579380 0.463752 9.919372
endloop
endfacet
facet normal 0 0 0
outer loop
vertex 11.599857 0.463752 9.919372
vertex 11.620333 0.484505 9.939371
vertex 11.620333 0.463752 9.919372
endloop
endfacet
facet normal 0 0 0
outer loop
vertex 11.599857 0.484505 9.939371
vertex 11.620333 0.484505 9.939371
vertex 11.599857 0.463752 9.919372
endloop
endfacet
facet normal 0 0 0
outer loop
vertex 11.620333 0.463752 9.919372
vertex 11.640808 0.484505 9.939371
vertex 11.640808 0.463752 9.919372
endloop
endfacet
facet normal 0 0 0
outer loop
vertex 11.620333 0.484505 9.939371
vertex 11.640808 0.484505 9.939371
vertex 11.620333 0.463752 9.919372
endloop
endfacet
facet normal 0 0 0
outer loop
vertex 11.640808 0.463752 9.919372
vertex 11.661283 0.484505 9.939371
vertex 11.661283 0.463752 9.919372
endloop
endfacet
facet normal 0 0 0
outer loop
vertex 11.640808 0.484505 9.939371
vertex 11.661283 0.484505 9.939371
vertex 11.640808 0.463752 9.919372
endloop
endfacet
facet normal 0 0 0
outer loop
vertex 11.661283 0.463752 9.919372
vertex 11.681761 0.484505 9.939371
vertex 11.681761 0.463752 9.919372
endloop
endfacet
facet normal 0 0 0
outer loop
vertex 11.661283 0.484505 9.939371
vertex 11.681761 0.484505 9.939371
vertex 11.661283 0.463752 9.919372
endloop
endfacet
facet normal 0 0 0
outer loop
vertex 11.681761 0.463752 9.919372
vertex 11.702236 0.484505 9.939371
vertex 11.702236 0.463752 9.919372
endloop
endfacet
facet normal 0 0 0
outer loop
vertex 11.681761 0.484505 9.939371
vertex 11.702236 0.484505 9.939371
vertex 11.681761 0.463752 9.919372
endloop
endfacet
facet normal 0 0 0
outer loop
vertex 11.702236 0.463752 9.919372
vertex 11.722712 0.484505 9.939371
vertex 11.722712 0.463752 9.919372
endloop
endfacet
facet normal 0 0 0
outer loop
vertex 11.702236 0.484505 9.939371
vertex 11.722712 0.484505 9.939371
vertex 11.702236 0.463752 9.919372
endloop
endfacet
facet normal 0 0 0
outer loop
vertex 11.722712 0.463752 9.919372
vertex 11.722712 0.484505 9.939371
vertex 11.743187 0.463752 9.939371
endloop
endfacet
facet normal 0 0 0
outer loop
vertex 11.722712 0.484505 9.939371
vertex 11.743187 0.484505 9.939371
vertex 11.743187 0.463752 9.939371
endloop
endfacet
facet normal 0 0 0
outer loop
vertex 11.763662 0.463752 9.939371
vertex 11.743187 0.463752 9.939371
vertex 11.763662 0.484505 9.939371
endloop
endfacet
facet normal 0 0 0
outer loop
vertex 11.763662 0.484505 9.939371
vertex 11.743187 0.463752 9.939371
vertex 11.743187 0.484505 9.939371
endloop
endfacet
facet normal 0 0 0
outer loop
vertex 11.784140 0.463752 9.939371
vertex 11.763662 0.463752 9.939371
vertex 11.784140 0.484505 9.939371
endloop
endfacet
facet normal 0 0 0
outer loop
vertex 11.784140 0.484505 9.939371
vertex 11.763662 0.463752 9.939371
vertex 11.763662 0.484505 9.939371
endloop
endfacet
facet normal 0 0 0
outer loop
vertex 11.661283 0.484505 9.939371
vertex 11.681761 0.505259 9.939371
vertex 11.681761 0.484505 9.939371
endloop
endfacet
facet normal 0 0 0
outer loop
vertex 11.702236 0.484505 9.939371
vertex 11.681761 0.484505 9.939371
vertex 11.702236 0.505259 9.939371
endloop
endfacet
facet normal 0 0 0
outer loop
vertex 11.702236 0.505259 9.939371
vertex 11.681761 0.484505 9.939371
vertex 11.681761 0.505259 9.939371
endloop
endfacet
facet normal 0 0 0
outer loop
vertex 11.702236 0.505259 9.939371
vertex 11.722712 0.484505 9.939371
vertex 11.702236 0.484505 9.939371
endloop
endfacet
facet normal 0 0 0
outer loop
vertex 11.456526 0.152452 9.959372
vertex 11.436050 0.152452 9.939371
vertex 11.456526 0.152452 9.939371
endloop
endfacet
facet normal 0 0 0
outer loop
vertex 11.477001 0.152452 9.939371
vertex 11.477001 0.152452 9.959372
vertex 11.456526 0.152452 9.939371
endloop
endfacet
facet normal 0 0 0
outer loop
vertex 11.456526 0.152452 9.939371
vertex 11.477001 0.152452 9.959372
vertex 11.456526 0.152452 9.959372
endloop
endfacet
facet normal 0 0 0
outer loop
vertex 11.497478 0.152452 9.939371
vertex 11.497478 0.152452 9.959372
vertex 11.477001 0.152452 9.939371
endloop
endfacet
facet normal 0 0 0
outer loop
vertex 11.477001 0.152452 9.939371
vertex 11.497478 0.152452 9.959372
vertex 11.477001 0.152452 9.959372
endloop
endfacet
facet normal 0 0 0
outer loop
vertex 11.517954 0.152452 9.939371
vertex 11.517954 0.152452 9.959372
vertex 11.497478 0.152452 9.939371
endloop
endfacet
facet normal 0 0 0
outer loop
vertex 11.497478 0.152452 9.939371
vertex 11.517954 0.152452 9.959372
vertex 11.497478 0.152452 9.959372
endloop
endfacet
facet normal 0 0 0
outer loop
vertex 11.538429 0.152452 9.939371
vertex 11.517954 0.152452 9.959372
vertex 11.517954 0.152452 9.939371
endloop
endfacet
facet normal 0 0 0
outer loop
vertex 11.374622 0.173205 9.959372
vertex 11.354147 0.173205 9.939371
vertex 11.374622 0.173205 9.939371
endloop
endfacet
facet normal 0 0 0
outer loop
vertex 11.395100 0.152452 9.939371
vertex 11.395100 0.173205 9.959372
vertex 11.374622 0.173205 9.939371
endloop
endfacet
facet normal 0 0 0
outer loop
vertex 11.395100 0.173205 9.959372
vertex 11.374622 0.173205 9.959372
vertex 11.374622 0.173205 9.939371
endloop
endfacet
facet normal 0 0 0
outer loop
vertex 11.415575 0.152452 9.939371
vertex 11.395100 0.173205 9.959372
vertex 11.395100 0.152452 9.939371
endloop
endfacet
facet normal 0 0 0
outer loop
vertex 11.415575 0.173205 9.959372
vertex 11.395100 0.173205 9.959372
vertex 11.415575 0.152452 9.939371
endloop
endfacet
facet normal 0 0 0
outer loop
vertex 11.436050 0.152452 9.939371
vertex 11.415575 0.173205 9.959372
vertex 11.415575 0.152452 9.939371
endloop
endfacet
facet normal 0 0 0
outer loop
vertex 11.436050 0.173205 9.959372
vertex 11.415575 0.173205 9.959372
vertex 11.436050 0.152452 9.939371
endloop
endfacet
facet normal 0 0 0
outer loop
vertex 11.456526 0.152452 9.959372
vertex 11.436050 0.173205 9.959372
vertex 11.436050 0.152452 9.939371
endloop
endfacet
facet normal 0 0 0
outer loop
vertex 11.538429 0.152452 9.939371
vertex 11.538429 0.173205 9.959372
vertex 11.517954 0.152452 9.959372
endloop
endfacet
facet normal 0 0 0
outer loop
vertex 11.558905 0.152452 9.939371
vertex 11.538429 0.173205 9.959372
vertex 11.538429 0.152452 9.939371
endloop
endfacet
facet normal 0 0 0
outer loop
vertex 11.558905 0.173205 9.959372
vertex 11.538429 0.173205 9.959372
vertex 11.558905 0.152452 9.939371
endloop
endfacet
facet normal 0 0 0
outer loop
vertex 11.579380 0.152452 9.939371
vertex 11.558905 0.173205 9.959372
vertex 11.558905 0.152452 9.939371
endloop
endfacet
facet normal 0 0 0
outer loop
vertex 11.579380 0.173205 9.959372
vertex 11.558905 0.173205 9.959372
vertex 11.579380 0.152452 9.939371
endloop
endfacet
facet normal 0 0 0
outer loop
vertex 11.599857 0.173205 9.939371
vertex 11.579380 0.173205 9.959372
vertex 11.579380 0.152452 9.939371
endloop
endfacet
facet normal 0 0 0
outer loop
vertex 11.354147 0.173205 9.939371
vertex 11.354147 0.193959 9.959372
vertex 11.333672 0.193959 9.939371
endloop
endfacet
facet normal 0 0 0
outer loop
vertex 11.374622 0.173205 9.959372
vertex 11.354147 0.193959 9.959372
vertex 11.354147 0.173205 9.939371
endloop
endfacet
facet normal 0 0 0
outer loop
vertex 11.599857 0.173205 9.939371
vertex 11.599857 0.193959 9.959372
vertex 11.579380 0.173205 9.959372
endloop
endfacet
facet normal 0 0 0
outer loop
vertex 11.620333 0.173205 9.939371
vertex 11.599857 0.193959 9.959372
vertex 11.599857 0.173205 9.939371
endloop
endfacet
facet normal 0 0 0
outer loop
vertex 11.620333 0.193959 9.959372
vertex 11.599857 0.193959 9.959372
vertex 11.620333 0.173205 9.939371
endloop
endfacet
facet normal 0 0 0
outer loop
vertex 11.620333 0.173205 9.939371
vertex 11.640808 0.193959 9.939371
vertex 11.620333 0.193959 9.959372
endloop
endfacet
facet normal 0 0 0
outer loop
vertex 11.640808 0.193959 9.939371
vertex 11.640808 0.193959 9.959372
vertex 11.620333 0.193959 9.959372
endloop
endfacet
facet normal 0 0 0
outer loop
vertex 11.661283 0.193959 9.939371
vertex 11.640808 0.193959 9.959372
vertex 11.640808 0.193959 9.939371
endloop
endfacet
facet normal 0 0 0
outer loop
vertex 11.333672 0.193959 9.939371
vertex 11.333672 0.214712 9.959372
vertex 11.313196 0.214712 9.939371
endloop
endfacet
facet normal 0 0 0
outer loop
vertex 11.354147 0.193959 9.959372
vertex 11.333672 0.214712 9.959372
vertex 11.333672 0.193959 9.939371
endloop
endfacet
facet normal 0 0 0
outer loop
vertex 11.661283 0.193959 9.939371
vertex 11.661283 0.214712 9.959372
vertex 11.640808 0.193959 9.959372
endloop
endfacet
facet normal 0 0 0
outer loop
vertex 11.681761 0.214712 9.939371
vertex 11.661283 0.214712 9.959372
vertex 11.661283 0.193959 9.939371
endloop
endfacet
facet normal 0 0 0
outer loop
vertex 11.333672 0.235465 9.959372
vertex 11.313196 0.214712 9.939371
vertex 11.333672 0.214712 9.959372
endloop
endfacet
facet normal 0 0 0
outer loop
vertex 11.313196 0.235465 9.939371
vertex 11.313196 0.214712 9.939371
vertex 11.333672 0.235465 9.959372
endloop
endfacet
facet normal 0 0 0
outer loop
vertex 11.681761 0.214712 9.939371
vertex 11.681761 0.235465 9.959372
vertex 11.661283 0.214712 9.959372
endloop
endfacet
facet normal 0 0 0
outer loop
vertex 11.681761 0.214712 9.939371
vertex 11.702236 0.235465 9.939371
vertex 11.681761 0.235465 9.959372
endloop
endfacet
facet normal 0 0 0
outer loop
vertex 11.702236 0.235465 9.939371
vertex 11.702236 0.235465 9.959372
vertex 11.681761 0.235465 9.959372
endloop
endfacet
facet normal 0 0 0
outer loop
vertex 11.722712 0.235465 9.939371
vertex 11.702236 0.235465 9.959372
vertex 11.702236 0.235465 9.939371
endloop
endfacet
facet normal 0 0 0
outer loop
vertex 11.333672 0.256219 9.959372
vertex 11.313196 0.235465 9.939371
vertex 11.333672 0.235465 9.959372
endloop
endfacet
facet normal 0 0 0
outer loop
vertex 11.313196 0.256219 9.939371
vertex 11.313196 0.235465 9.939371
vertex 11.333672 0.256219 9.959372
endloop
endfacet
facet normal 0 0 0
outer loop
vertex 11.722712 0.235465 9.939371
vertex 11.722712 0.256219 9.959372
vertex 11.702236 0.235465 9.959372
endloop
endfacet
facet normal 0 0 0
outer loop
vertex 11.743187 0.256219 9.939371
vertex 11.722712 0.256219 9.959372
vertex 11.722712 0.235465 9.939371
endloop
endfacet
facet normal 0 0 0
outer loop
vertex 11.313196 0.256219 9.939371
vertex 11.333672 0.256219 9.959372
vertex 11.333672 0.276972 9.939371
endloop
endfacet
facet normal 0 0 0
outer loop
vertex 11.333672 0.256219 9.959372
vertex 11.333672 0.276972 9.959372
vertex 11.333672 0.276972 9.939371
endloop
endfacet
facet normal 0 0 0
outer loop
vertex 11.743187 0.256219 9.939371
vertex 11.743187 0.276972 9.959372
vertex 11.722712 0.256219 9.959372
endloop
endfacet
facet normal 0 0 0
outer loop
vertex 11.743187 0.256219 9.939371
vertex 11.763662 0.276972 9.939371
vertex 11.743187 0.276972 9.959372
endloop
endfacet
facet normal 0 0 0
outer loop
vertex 11.763662 0.276972 9.939371
vertex 11.763662 0.276972 9.959372
vertex 11.743187 0.276972 9.959372
endloop
endfacet
facet normal 0 0 0
outer loop
vertex 11.333672 0.276972 9.939371
vertex 11.333672 0.276972 9.959372
vertex 11.333672 0.297725 9.939371
endloop
endfacet
facet normal 0 0 0
outer loop
vertex 11.333672 0.276972 9.959372
vertex 11.333672 0.297725 9.959372
vertex 11.333672 0.297725 9.939371
endloop
endfacet
facet normal 0 0 0
outer loop
vertex 11.763662 0.276972 9.939371
vertex 11.784140 0.297725 9.959372
vertex 11.763662 0.276972 9.959372
endloop
endfacet
facet normal 0 0 0
outer loop
vertex 11.784140 0.297725 9.939371
vertex 11.784140 0.297725 9.959372
vertex 11.763662 0.276972 9.939371
endloop
endfacet
facet normal 0 0 0
outer loop
vertex 11.333672 0.297725 9.959372
vertex 11.354147 0.318479 9.939371
vertex 11.333672 0.297725 9.939371
endloop
endfacet
facet normal 0 0 0
outer loop
vertex 11.354147 0.318479 9.959372
vertex 11.354147 0.318479 9.939371
vertex 11.333672 0.297725 9.959372
endloop
endfacet
facet normal 0 0 0
outer loop
vertex 11.784140 0.297725 9.939371
vertex 11.804615 0.318479 9.959372
vertex 11.784140 0.297725 9.959372
endloop
endfacet
facet normal 0 0 0
outer loop
vertex 11.804615 0.318479 9.939371
vertex 11.804615 0.318479 9.959372
vertex 11.784140 0.297725 9.939371
endloop
endfacet
facet normal 0 0 0
outer loop
vertex 11.354147 0.318479 9.959372
vertex 11.354147 0.339232 9.939371
vertex 11.354147 0.318479 9.939371
endloop
endfacet
facet normal 0 0 0
outer loop
vertex 11.354147 0.318479 9.959372
vertex 11.374622 0.339232 9.959372
vertex 11.354147 0.339232 9.939371
endloop
endfacet
facet normal 0 0 0
outer loop
vertex 11.804615 0.318479 9.939371
vertex 11.804615 0.339232 9.939371
vertex 11.804615 0.318479 9.959372
endloop
endfacet
facet normal 0 0 0
outer loop
vertex 11.804615 0.318479 9.959372
vertex 11.804615 0.339232 9.939371
vertex 11.804615 0.339232 9.959372
endloop
endfacet
facet normal 0 0 0
outer loop
vertex 11.354147 0.339232 9.939371
vertex 11.374622 0.339232 9.959372
vertex 11.374622 0.359985 9.939371
endloop
endfacet
facet normal 0 0 0
outer loop
vertex 11.374622 0.339232 9.959372
vertex 11.374622 0.359985 9.959372
vertex 11.374622 0.359985 9.939371
endloop
endfacet
facet normal 0 0 0
outer loop
vertex 11.825090 0.359985 9.959372
vertex 11.804615 0.339232 9.959372
vertex 11.804615 0.359985 9.939371
endloop
endfacet
facet normal 0 0 0
outer loop
vertex 11.804615 0.339232 9.959372
vertex 11.804615 0.339232 9.939371
vertex 11.804615 0.359985 9.939371
endloop
endfacet
facet normal 0 0 0
outer loop
vertex 11.374622 0.359985 9.959372
vertex 11.395100 0.380738 9.939371
vertex 11.374622 0.359985 9.939371
endloop
endfacet
facet normal 0 0 0
outer loop
vertex 11.395100 0.380738 9.959372
vertex 11.395100 0.380738 9.939371
vertex 11.374622 0.359985 9.959372
endloop
endfacet
facet normal 0 0 0
outer loop
vertex 11.804615 0.359985 9.939371
vertex 11.825090 0.380738 9.939371
vertex 11.825090 0.359985 9.959372
endloop
endfacet
facet normal 0 0 0
outer loop
vertex 11.825090 0.359985 9.959372
vertex 11.825090 0.380738 9.939371
vertex 11.825090 0.380738 9.959372
endloop
endfacet
facet normal 0 0 0
outer loop
vertex 11.395100 0.380738 9.959372
vertex 11.415575 0.401492 9.939371
vertex 11.395100 0.380738 9.939371
endloop
endfacet
facet normal 0 0 0
outer loop
vertex 11.415575 0.401492 9.959372
vertex 11.415575 0.401492 9.939371
vertex 11.395100 0.380738 9.959372
endloop
endfacet
facet normal 0 0 0
outer loop
vertex 11.825090 0.380738 9.939371
vertex 11.825090 0.401492 9.939371
vertex 11.825090 0.380738 9.959372
endloop
endfacet
facet normal 0 0 0
outer loop
vertex 11.825090 0.380738 9.959372
vertex 11.825090 0.401492 9.939371
vertex 11.825090 0.401492 9.959372
endloop
endfacet
facet normal 0 0 0
outer loop
vertex 11.415575 0.401492 9.959372
vertex 11.436050 0.422245 9.939371
vertex 11.415575 0.401492 9.939371
endloop
endfacet
facet normal 0 0 0
outer loop
vertex 11.436050 0.422245 9.959372
vertex 11.436050 0.422245 9.939371
vertex 11.415575 0.401492 9.959372
endloop
endfacet
facet normal 0 0 0
outer loop
vertex 11.825090 0.401492 9.939371
vertex 11.825090 0.422245 9.939371
vertex 11.825090 0.401492 9.959372
endloop
endfacet
facet normal 0 0 0
outer loop
vertex 11.825090 0.401492 9.959372
vertex 11.825090 0.422245 9.939371
vertex 11.825090 0.422245 9.959372
endloop
endfacet
facet normal 0 0 0
outer loop
vertex 11.436050 0.422245 9.959372
vertex 11.456526 0.442998 9.939371
vertex 11.436050 0.422245 9.939371
endloop
endfacet
facet normal 0 0 0
outer loop
vertex 11.456526 0.442998 9.959372
vertex 11.456526 0.442998 9.939371
vertex 11.436050 0.422245 9.959372
endloop
endfacet
facet normal 0 0 0
outer loop
vertex 11.825090 0.422245 9.939371
vertex 11.804615 0.442998 9.939371
vertex 11.825090 0.442998 9.959372
endloop
endfacet
facet normal 0 0 0
outer loop
vertex 11.825090 0.422245 9.939371
vertex 11.825090 0.442998 9.959372
vertex 11.825090 0.422245 9.959372
endloop
endfacet
facet normal 0 0 0
outer loop
vertex 11.477001 0.442998 9.939371
vertex 11.456526 0.442998 9.939371
vertex 11.477001 0.442998 9.959372
endloop
endfacet
facet normal 0 0 0
outer loop
vertex 11.456526 0.442998 9.939371
vertex 11.456526 0.442998 9.959372
vertex 11.477001 0.442998 9.959372
endloop
endfacet
facet normal 0 0 0
outer loop
vertex 11.477001 0.442998 9.959372
vertex 11.497478 0.463752 9.939371
vertex 11.477001 0.442998 9.939371
endloop
endfacet
facet normal 0 0 0
outer loop
vertex 11.497478 0.463752 9.959372
vertex 11.497478 0.463752 9.939371
vertex 11.477001 0.442998 9.959372
endloop
endfacet
facet normal 0 0 0
outer loop
vertex 11.804615 0.442998 9.939371
vertex 11.784140 0.463752 9.939371
vertex 11.804615 0.463752 9.959372
endloop
endfacet
facet normal 0 0 0
outer loop
vertex 11.804615 0.442998 9.939371
vertex 11.804615 0.463752 9.959372
vertex 11.825090 0.442998 9.959372
endloop
endfacet
facet normal 0 0 0
outer loop
vertex 11.517954 0.463752 9.939371
vertex 11.497478 0.463752 9.939371
vertex 11.517954 0.463752 9.959372
endloop
endfacet
facet normal 0 0 0
outer loop
vertex 11.497478 0.463752 9.939371
vertex 11.497478 0.463752 9.959372
vertex 11.517954 0.463752 9.959372
endloop
endfacet
facet normal 0 0 0
outer loop
vertex 11.517954 0.463752 9.959372
vertex 11.538429 0.484505 9.939371
vertex 11.517954 0.463752 9.939371
endloop
endfacet
facet normal 0 0 0
outer loop
vertex 11.538429 0.484505 9.959372
vertex 11.538429 0.484505 9.939371
vertex 11.517954 0.463752 9.959372
endloop
endfacet
facet normal 0 0 0
outer loop
vertex 11.804615 0.463752 9.959372
vertex 11.784140 0.463752 9.939371
vertex 11.784140 0.484505 9.959372
endloop
endfacet
facet normal 0 0 0
outer loop
vertex 11.784140 0.463752 9.939371
vertex 11.784140 0.484505 9.939371
vertex 11.784140 0.484505 9.959372
endloop
endfacet
facet normal 0 0 0
outer loop
vertex 11.558905 0.484505 9.939371
vertex 11.538429 0.484505 9.939371
vertex 11.558905 0.484505 9.959372
endloop
endfacet
facet normal 0 0 0
outer loop
vertex 11.538429 0.484505 9.939371
vertex 11.538429 0.484505 9.959372
vertex 11.558905 0.484505 9.959372
endloop
endfacet
facet normal 0 0 0
outer loop
vertex 11.579380 0.484505 9.939371
vertex 11.558905 0.484505 9.939371
vertex 11.579380 0.484505 9.959372
endloop
endfacet
facet normal 0 0 0
outer loop
vertex 11.558905 0.484505 9.939371
vertex 11.558905 0.484505 9.959372
vertex 11.579380 0.484505 9.959372
endloop
endfacet
facet normal 0 0 0
outer loop
vertex 11.599857 0.505259 9.959372
vertex 11.599857 0.484505 9.939371
vertex 11.579380 0.484505 9.959372
endloop
endfacet
facet normal 0 0 0
outer loop
vertex 11.599857 0.484505 9.939371
vertex 11.579380 0.484505 9.939371
vertex 11.579380 0.484505 9.959372
endloop
endfacet
facet normal 0 0 0
outer loop
vertex 11.599857 0.484505 9.939371
vertex 11.620333 0.505259 9.959372
vertex 11.620333 0.484505 9.939371
endloop
endfacet
facet normal 0 0 0
outer loop
vertex 11.599857 0.505259 9.959372
vertex 11.620333 0.505259 9.959372
vertex 11.599857 0.484505 9.939371
endloop
endfacet
facet normal 0 0 0
outer loop
vertex 11.620333 0.484505 9.939371
vertex 11.640808 0.505259 9.959372
vertex 11.640808 0.484505 9.939371
endloop
endfacet
facet normal 0 0 0
outer loop
vertex 11.620333 0.505259 9.959372
vertex 11.640808 0.505259 9.959372
vertex 11.620333 0.484505 9.939371
endloop
endfacet
facet normal 0 0 0
outer loop
vertex 11.640808 0.484505 9.939371
vertex 11.661283 0.505259 9.959372
vertex 11.661283 0.484505 9.939371
endloop
endfacet
facet normal 0 0 0
outer loop
vertex 11.640808 0.505259 9.959372
vertex 11.661283 0.505259 9.959372
vertex 11.640808 0.484505 9.939371
endloop
endfacet
facet normal 0 0 0
outer loop
vertex 11.661283 0.484505 9.939371
vertex 11.661283 0.505259 9.959372
vertex 11.681761 0.505259 9.939371
endloop
endfacet
facet normal 0 0 0
outer loop
vertex 11.722712 0.484505 9.939371
vertex 11.702236 0.505259 9.939371
vertex 11.722712 0.505259 9.959372
endloop
endfacet
facet normal 0 0 0
outer loop
vertex 11.722712 0.484505 9.939371
vertex 11.743187 0.505259 9.959372
vertex 11.743187 0.484505 9.939371
endloop
endfacet
facet normal 0 0 0
outer loop
vertex 11.722712 0.505259 9.959372
vertex 11.743187 0.505259 9.959372
vertex 11.722712 0.484505 9.939371
endloop
endfacet
facet normal 0 0 0
outer loop
vertex 11.743187 0.484505 9.939371
vertex 11.763662 0.505259 9.959372
vertex 11.763662 0.484505 9.939371
endloop
endfacet
facet normal 0 0 0
outer loop
vertex 11.743187 0.505259 9.959372
vertex 11.763662 0.505259 9.959372
vertex 11.743187 0.484505 9.939371
endloop
endfacet
facet normal 0 0 0
outer loop
vertex 11.763662 0.505259 9.959372
vertex 11.784140 0.484505 9.959372
vertex 11.763662 0.484505 9.939371
endloop
endfacet
facet normal 0 0 0
outer loop
vertex 11.784140 0.484505 9.959372
vertex 11.784140 0.484505 9.939371
vertex 11.763662 0.484505 9.939371
endloop
endfacet
facet normal 0 0 0
outer loop
vertex 11.681761 0.505259 9.939371
vertex 11.661283 0.505259 9.959372
vertex 11.681761 0.505259 9.959372
endloop
endfacet
facet normal 0 0 0
outer loop
vertex 11.702236 0.505259 9.939371
vertex 11.681761 0.505259 9.939371
vertex 11.702236 0.505259 9.959372
endloop
endfacet
facet normal 0 0 0
outer loop
vertex 11.681761 0.505259 9.939371
vertex 11.681761 0.505259 9.959372
vertex 11.702236 0.505259 9.959372
endloop
endfacet
facet normal 0 0 0
outer loop
vertex 11.722712 0.505259 9.959372
vertex 11.702236 0.505259 9.939371
vertex 11.702236 0.505259 9.959372
endloop
endfacet
facet normal 0 0 0
outer loop
vertex 11.436050 0.173205 9.959372
vertex 11.456526 0.152452 9.959372
vertex 11.456526 0.173205 9.959372
endloop
endfacet
facet normal 0 0 0
outer loop
vertex 11.477001 0.173205 9.979372
vertex 11.456526 0.173205 9.959372
vertex 11.477001 0.152452 9.959372
endloop
endfacet
facet normal 0 0 0
outer loop
vertex 11.456526 0.173205 9.959372
vertex 11.456526 0.152452 9.959372
vertex 11.477001 0.152452 9.959372
endloop
endfacet
facet normal 0 0 0
outer loop
vertex 11.497478 0.152452 9.959372
vertex 11.477001 0.173205 9.979372
vertex 11.477001 0.152452 9.959372
endloop
endfacet
facet normal 0 0 0
outer loop
vertex 11.497478 0.173205 9.979372
vertex 11.477001 0.173205 9.979372
vertex 11.497478 0.152452 9.959372
endloop
endfacet
facet normal 0 0 0
outer loop
vertex 11.517954 0.152452 9.959372
vertex 11.497478 0.173205 9.979372
vertex 11.497478 0.152452 9.959372
endloop
endfacet
facet normal 0 0 0
outer loop
vertex 11.517954 0.173205 9.979372
vertex 11.497478 0.173205 9.979372
vertex 11.517954 0.152452 9.959372
endloop
endfacet
facet normal 0 0 0
outer loop
vertex 11.517954 0.152452 9.959372
vertex 11.538429 0.173205 9.959372
vertex 11.517954 0.173205 9.979372
endloop
endfacet
facet normal 0 0 0
outer loop
vertex 11.538429 0.173205 9.959372
vertex 11.538429 0.173205 9.979372
vertex 11.517954 0.173205 9.979372
endloop
endfacet
facet normal 0 0 0
outer loop
vertex 11.558905 0.173205 9.959372
vertex 11.558905 0.173205 9.979372
vertex 11.538429 0.173205 9.959372
endloop
endfacet
facet normal 0 0 0
outer loop
vertex 11.538429 0.173205 9.959372
vertex 11.558905 0.173205 9.979372
vertex 11.538429 0.173205 9.979372
endloop
endfacet
facet normal 0 0 0
outer loop
vertex 11.579380 0.173205 9.959372
vertex 11.558905 0.173205 9.979372
vertex 11.558905 0.173205 9.959372
endloop
endfacet
facet normal 0 0 0
outer loop
vertex 11.354147 0.193959 9.959372
vertex 11.374622 0.173205 9.959372
vertex 11.374622 0.193959 9.959372
endloop
endfacet
facet normal 0 0 0
outer loop
vertex 11.395100 0.193959 9.979372
vertex 11.374622 0.193959 9.959372
vertex 11.395100 0.173205 9.959372
endloop
endfacet
facet normal 0 0 0
outer loop
vertex 11.374622 0.193959 9.959372
vertex 11.374622 0.173205 9.959372
vertex 11.395100 0.173205 9.959372
endloop
endfacet
facet normal 0 0 0
outer loop
vertex 11.415575 0.173205 9.959372
vertex 11.395100 0.193959 9.979372
vertex 11.395100 0.173205 9.959372
endloop
endfacet
facet normal 0 0 0
outer loop
vertex 11.415575 0.193959 9.979372
vertex 11.395100 0.193959 9.979372
vertex 11.415575 0.173205 9.959372
endloop
endfacet
facet normal 0 0 0
outer loop
vertex 11.436050 0.173205 9.959372
vertex 11.415575 0.193959 9.979372
vertex 11.415575 0.173205 9.959372
endloop
endfacet
facet normal 0 0 0
outer loop
vertex 11.436050 0.193959 9.979372
vertex 11.415575 0.193959 9.979372
vertex 11.436050 0.173205 9.959372
endloop
endfacet
facet normal 0 0 0
outer loop
vertex 11.456526 0.173205 9.959372
vertex 11.436050 0.193959 9.979372
vertex 11.436050 0.173205 9.959372
endloop
endfacet
facet normal 0 0 0
outer loop
vertex 11.456526 0.193959 9.979372
vertex 11.436050 0.193959 9.979372
vertex 11.456526 0.173205 9.959372
endloop
endfacet
facet normal 0 0 0
outer loop
vertex 11.477001 0.173205 9.979372
vertex 11.456526 0.193959 9.979372
vertex 11.456526 0.173205 9.959372
endloop
endfacet
facet normal 0 0 0
outer loop
vertex 11.579380 0.173205 9.959372
vertex 11.579380 0.193959 9.979372
vertex 11.558905 0.173205 9.979372
endloop
endfacet
facet normal 0 0 0
outer loop
vertex 11.579380 0.173205 9.959372
vertex 11.599857 0.193959 9.959372
vertex 11.579380 0.193959 9.979372
endloop
endfacet
facet normal 0 0 0
outer loop
vertex 11.599857 0.193959 9.959372
vertex 11.599857 0.193959 9.979372
vertex 11.579380 0.193959 9.979372
endloop
endfacet
facet normal 0 0 0
outer loop
vertex 11.620333 0.193959 9.959372
vertex 11.620333 0.193959 9.979372
vertex 11.599857 0.193959 9.959372
endloop
endfacet
facet normal 0 0 0
outer loop
vertex 11.599857 0.193959 9.959372
vertex 11.620333 0.193959 9.979372
vertex 11.599857 0.193959 9.979372
endloop
endfacet
facet normal 0 0 0
outer loop
vertex 11.640808 0.193959 9.959372
vertex 11.620333 0.193959 9.979372
vertex 11.620333 0.193959 9.959372
endloop
endfacet
facet normal 0 0 0
outer loop
vertex 11.333672 0.214712 9.959372
vertex 11.354147 0.193959 9.959372
vertex 11.354147 0.214712 9.959372
endloop
endfacet
facet normal 0 0 0
outer loop
vertex 11.374622 0.214712 9.979372
vertex 11.354147 0.214712 9.959372
vertex 11.374622 0.193959 9.959372
endloop
endfacet
facet normal 0 0 0
outer loop
vertex 11.354147 0.214712 9.959372
vertex 11.354147 0.193959 9.959372
vertex 11.374622 0.193959 9.959372
endloop
endfacet
facet normal 0 0 0
outer loop
vertex 11.395100 0.193959 9.979372
vertex 11.374622 0.214712 9.979372
vertex 11.374622 0.193959 9.959372
endloop
endfacet
facet normal 0 0 0
outer loop
vertex 11.640808 0.193959 9.959372
vertex 11.640808 0.214712 9.979372
vertex 11.620333 0.193959 9.979372
endloop
endfacet
facet normal 0 0 0
outer loop
vertex 11.640808 0.193959 9.959372
vertex 11.661283 0.214712 9.959372
vertex 11.640808 0.214712 9.979372
endloop
endfacet
facet normal 0 0 0
outer loop
vertex 11.661283 0.214712 9.959372
vertex 11.661283 0.214712 9.979372
vertex 11.640808 0.214712 9.979372
endloop
endfacet
facet normal 0 0 0
outer loop
vertex 11.354147 0.214712 9.959372
vertex 11.354147 0.235465 9.959372
vertex 11.333672 0.214712 9.959372
endloop
endfacet
facet normal 0 0 0
outer loop
vertex 11.354147 0.235465 9.959372
vertex 11.333672 0.235465 9.959372
vertex 11.333672 0.214712 9.959372
endloop
endfacet
facet normal 0 0 0
outer loop
vertex 11.374622 0.235465 9.979372
vertex 11.354147 0.214712 9.959372
vertex 11.374622 0.214712 9.979372
endloop
endfacet
facet normal 0 0 0
outer loop
vertex 11.354147 0.235465 9.959372
vertex 11.354147 0.214712 9.959372
vertex 11.374622 0.235465 9.979372
endloop
endfacet
facet normal 0 0 0
outer loop
vertex 11.661283 0.214712 9.959372
vertex 11.681761 0.235465 9.979372
vertex 11.661283 0.214712 9.979372
endloop
endfacet
facet normal 0 0 0
outer loop
vertex 11.681761 0.235465 9.959372
vertex 11.681761 0.235465 9.979372
vertex 11.661283 0.214712 9.959372
endloop
endfacet
facet normal 0 0 0
outer loop
vertex 11.702236 0.235465 9.959372
vertex 11.702236 0.235465 9.979372
vertex 11.681761 0.235465 9.959372
endloop
endfacet
facet normal 0 0 0
outer loop
vertex 11.681761 0.235465 9.959372
vertex 11.702236 0.235465 9.979372
vertex 11.681761 0.235465 9.979372
endloop
endfacet
facet normal 0 0 0
outer loop
vertex 11.354147 0.256219 9.979372
vertex 11.333672 0.256219 9.959372
vertex 11.354147 0.235465 9.959372
endloop
endfacet
facet normal 0 0 0
outer loop
vertex 11.333672 0.256219 9.959372
vertex 11.333672 0.235465 9.959372
vertex 11.354147 0.235465 9.959372
endloop
endfacet
facet normal 0 0 0
outer loop
vertex 11.374622 0.235465 9.979372
vertex 11.354147 0.256219 9.979372
vertex 11.354147 0.235465 9.959372
endloop
endfacet
facet normal 0 0 0
outer loop
vertex 11.702236 0.235465 9.959372
vertex 11.722712 0.256219 9.979372
vertex 11.702236 0.235465 9.979372
endloop
endfacet
facet normal 0 0 0
outer loop
vertex 11.722712 0.256219 9.959372
vertex 11.722712 0.256219 9.979372
vertex 11.702236 0.235465 9.959372
endloop
endfacet
facet normal 0 0 0
outer loop
vertex 11.354147 0.276972 9.979372
vertex 11.333672 0.256219 9.959372
vertex 11.354147 0.256219 9.979372
endloop
endfacet
facet normal 0 0 0
outer loop
vertex 11.333672 0.276972 9.959372
vertex 11.333672 0.256219 9.959372
vertex 11.354147 0.276972 9.979372
endloop
endfacet
facet normal 0 0 0
outer loop
vertex 11.722712 0.256219 9.959372
vertex 11.743187 0.276972 9.979372
vertex 11.722712 0.256219 9.979372
endloop
endfacet
facet normal 0 0 0
outer loop
vertex 11.743187 0.276972 9.959372
vertex 11.743187 0.276972 9.979372
vertex 11.722712 0.256219 9.959372
endloop
endfacet
facet normal 0 0 0
outer loop
vertex 11.763662 0.276972 9.959372
vertex 11.743187 0.276972 9.979372
vertex 11.743187 0.276972 9.959372
endloop
endfacet
facet normal 0 0 0
outer loop
vertex 11.354147 0.297725 9.979372
vertex 11.333672 0.276972 9.959372
vertex 11.354147 0.276972 9.979372
endloop
endfacet
facet normal 0 0 0
outer loop
vertex 11.333672 0.297725 9.959372
vertex 11.333672 0.276972 9.959372
vertex 11.354147 0.297725 9.979372
endloop
endfacet
facet normal 0 0 0
outer loop
vertex 11.763662 0.276972 9.959372
vertex 11.763662 0.297725 9.979372
vertex 11.743187 0.276972 9.979372
endloop
endfacet
facet normal 0 0 0
outer loop
vertex 11.763662 0.276972 9.959372
vertex 11.784140 0.297725 9.959372
vertex 11.763662 0.297725 9.979372
endloop
endfacet
facet normal 0 0 0
outer loop
vertex 11.784140 0.297725 9.959372
vertex 11.784140 0.297725 9.979372
vertex 11.763662 0.297725 9.979372
endloop
endfacet
facet normal 0 0 0
outer loop
vertex 11.333672 0.297725 9.959372
vertex 11.354147 0.297725 9.979372
vertex 11.354147 0.318479 9.959372
endloop
endfacet
facet normal 0 0 0
outer loop
vertex 11.354147 0.297725 9.979372
vertex 11.374622 0.318479 9.979372
vertex 11.354147 0.318479 9.959372
endloop
endfacet
facet normal 0 0 0
outer loop
vertex 11.784140 0.297725 9.959372
vertex 11.804615 0.318479 9.979372
vertex 11.784140 0.297725 9.979372
endloop
endfacet
facet normal 0 0 0
outer loop
vertex 11.804615 0.318479 9.959372
vertex 11.804615 0.318479 9.979372
vertex 11.784140 0.297725 9.959372
endloop
endfacet
facet normal 0 0 0
outer loop
vertex 11.354147 0.318479 9.959372
vertex 11.374622 0.318479 9.979372
vertex 11.374622 0.339232 9.959372
endloop
endfacet
facet normal 0 0 0
outer loop
vertex 11.374622 0.318479 9.979372
vertex 11.374622 0.339232 9.979372
vertex 11.374622 0.339232 9.959372
endloop
endfacet
facet normal 0 0 0
outer loop
vertex 11.825090 0.339232 9.979372
vertex 11.804615 0.318479 9.979372
vertex 11.804615 0.339232 9.959372
endloop
endfacet
facet normal 0 0 0
outer loop
vertex 11.804615 0.318479 9.979372
vertex 11.804615 0.318479 9.959372
vertex 11.804615 0.339232 9.959372
endloop
endfacet
facet normal 0 0 0
outer loop
vertex 11.374622 0.339232 9.979372
vertex 11.374622 0.359985 9.959372
vertex 11.374622 0.339232 9.959372
endloop
endfacet
facet normal 0 0 0
outer loop
vertex 11.374622 0.339232 9.979372
vertex 11.395100 0.359985 9.979372
vertex 11.374622 0.359985 9.959372
endloop
endfacet
facet normal 0 0 0
outer loop
vertex 11.804615 0.339232 9.959372
vertex 11.825090 0.359985 9.959372
vertex 11.825090 0.339232 9.979372
endloop
endfacet
facet normal 0 0 0
outer loop
vertex 11.825090 0.359985 9.959372
vertex 11.845566 0.359985 9.979372
vertex 11.825090 0.339232 9.979372
endloop
endfacet
facet normal 0 0 0
outer loop
vertex 11.374622 0.359985 9.959372
vertex 11.395100 0.359985 9.979372
vertex 11.395100 0.380738 9.959372
endloop
endfacet
facet normal 0 0 0
outer loop
vertex 11.395100 0.359985 9.979372
vertex 11.415575 0.380738 9.979372
vertex 11.395100 0.380738 9.959372
endloop
endfacet
facet normal 0 0 0
outer loop
vertex 11.845566 0.359985 9.979372
vertex 11.825090 0.380738 9.959372
vertex 11.845566 0.380738 9.979372
endloop
endfacet
facet normal 0 0 0
outer loop
vertex 11.825090 0.359985 9.959372
vertex 11.825090 0.380738 9.959372
vertex 11.845566 0.359985 9.979372
endloop
endfacet
facet normal 0 0 0
outer loop
vertex 11.395100 0.380738 9.959372
vertex 11.415575 0.380738 9.979372
vertex 11.415575 0.401492 9.959372
endloop
endfacet
facet normal 0 0 0
outer loop
vertex 11.415575 0.380738 9.979372
vertex 11.415575 0.401492 9.979372
vertex 11.415575 0.401492 9.959372
endloop
endfacet
facet normal 0 0 0
outer loop
vertex 11.845566 0.380738 9.979372
vertex 11.825090 0.401492 9.959372
vertex 11.845566 0.401492 9.979372
endloop
endfacet
facet normal 0 0 0
outer loop
vertex 11.825090 0.380738 9.959372
vertex 11.825090 0.401492 9.959372
vertex 11.845566 0.380738 9.979372
endloop
endfacet
facet normal 0 0 0
outer loop
vertex 11.866043 0.401492 9.979372
vertex 11.845566 0.380738 9.979372
vertex 11.845566 0.401492 9.979372
endloop
endfacet
facet normal 0 0 0
outer loop
vertex 11.415575 0.401492 9.979372
vertex 11.436050 0.422245 9.959372
vertex 11.415575 0.401492 9.959372
endloop
endfacet
facet normal 0 0 0
outer loop
vertex 11.436050 0.422245 9.979372
vertex 11.436050 0.422245 9.959372
vertex 11.415575 0.401492 9.979372
endloop
endfacet
facet normal 0 0 0
outer loop
vertex 11.845566 0.401492 9.979372
vertex 11.825090 0.422245 9.959372
vertex 11.845566 0.422245 9.979372
endloop
endfacet
facet normal 0 0 0
outer loop
vertex 11.825090 0.401492 9.959372
vertex 11.825090 0.422245 9.959372
vertex 11.845566 0.401492 9.979372
endloop
endfacet
facet normal 0 0 0
outer loop
vertex 11.866043 0.401492 9.979372
vertex 11.845566 0.401492 9.979372
vertex 11.866043 0.422245 9.979372
endloop
endfacet
facet normal 0 0 0
outer loop
vertex 11.866043 0.422245 9.979372
vertex 11.845566 0.401492 9.979372
vertex 11.845566 0.422245 9.979372
endloop
endfacet
facet normal 0 0 0
outer loop
vertex 11.436050 0.422245 9.979372
vertex 11.456526 0.442998 9.959372
vertex 11.436050 0.422245 9.959372
endloop
endfacet
facet normal 0 0 0
outer loop
vertex 11.456526 0.442998 9.979372
vertex 11.456526 0.442998 9.959372
vertex 11.436050 0.422245 9.979372
endloop
endfacet
facet normal 0 0 0
outer loop
vertex 11.845566 0.422245 9.979372
vertex 11.825090 0.442998 9.959372
vertex 11.845566 0.442998 9.979372
endloop
endfacet
facet normal 0 0 0
outer loop
vertex 11.825090 0.422245 9.959372
vertex 11.825090 0.442998 9.959372
vertex 11.845566 0.422245 9.979372
endloop
endfacet
facet normal 0 0 0
outer loop
vertex 11.866043 0.422245 9.979372
vertex 11.845566 0.422245 9.979372
vertex 11.866043 0.442998 9.979372
endloop
endfacet
facet normal 0 0 0
outer loop
vertex 11.866043 0.442998 9.979372
vertex 11.845566 0.422245 9.979372
vertex 11.845566 0.442998 9.979372
endloop
endfacet
facet normal 0 0 0
outer loop
vertex 11.477001 0.463752 9.979372
vertex 11.477001 0.442998 9.959372
vertex 11.456526 0.442998 9.979372
endloop
endfacet
facet normal 0 0 0
outer loop
vertex 11.477001 0.442998 9.959372
vertex 11.456526 0.442998 9.959372
vertex 11.456526 0.442998 9.979372
endloop
endfacet
facet normal 0 0 0
outer loop
vertex 11.477001 0.442998 9.959372
vertex 11.477001 0.463752 9.979372
vertex 11.497478 0.463752 9.959372
endloop
endfacet
facet normal 0 0 0
outer loop
vertex 11.825090 0.442998 9.959372
vertex 11.804615 0.463752 9.959372
vertex 11.825090 0.463752 9.979372
endloop
endfacet
facet normal 0 0 0
outer loop
vertex 11.825090 0.442998 9.959372
vertex 11.825090 0.463752 9.979372
vertex 11.845566 0.442998 9.979372
endloop
endfacet
facet normal 0 0 0
outer loop
vertex 11.825090 0.463752 9.979372
vertex 11.845566 0.463752 9.979372
vertex 11.845566 0.442998 9.979372
endloop
endfacet
facet normal 0 0 0
outer loop
vertex 11.866043 0.442998 9.979372
vertex 11.845566 0.442998 9.979372
vertex 11.866043 0.463752 9.979372
endloop
endfacet
facet normal 0 0 0
outer loop
vertex 11.866043 0.463752 9.979372
vertex 11.845566 0.442998 9.979372
vertex 11.845566 0.463752 9.979372
endloop
endfacet
facet normal 0 0 0
outer loop
vertex 11.497478 0.463752 9.959372
vertex 11.477001 0.463752 9.979372
vertex 11.497478 0.484505 9.979372
endloop
endfacet
facet normal 0 0 0
outer loop
vertex 11.497478 0.463752 9.959372
vertex 11.517954 0.484505 9.979372
vertex 11.517954 0.463752 9.959372
endloop
endfacet
facet normal 0 0 0
outer loop
vertex 11.497478 0.484505 9.979372
vertex 11.517954 0.484505 9.979372
vertex 11.497478 0.463752 9.959372
endloop
endfacet
facet normal 0 0 0
outer loop
vertex 11.517954 0.463752 9.959372
vertex 11.517954 0.484505 9.979372
vertex 11.538429 0.484505 9.959372
endloop
endfacet
facet normal 0 0 0
outer loop
vertex 11.804615 0.463752 9.959372
vertex 11.784140 0.484505 9.959372
vertex 11.804615 0.484505 9.979372
endloop
endfacet
facet normal 0 0 0
outer loop
vertex 11.804615 0.463752 9.959372
vertex 11.804615 0.484505 9.979372
vertex 11.825090 0.463752 9.979372
endloop
endfacet
facet normal 0 0 0
outer loop
vertex 11.804615 0.484505 9.979372
vertex 11.825090 0.484505 9.979372
vertex 11.825090 0.463752 9.979372
endloop
endfacet
facet normal 0 0 0
outer loop
vertex 11.845566 0.463752 9.979372
vertex 11.825090 0.463752 9.979372
vertex 11.845566 0.484505 9.979372
endloop
endfacet
facet normal 0 0 0
outer loop
vertex 11.845566 0.484505 9.979372
vertex 11.825090 0.463752 9.979372
vertex 11.825090 0.484505 9.979372
endloop
endfacet
facet normal 0 0 0
outer loop
vertex 11.845566 0.484505 9.979372
vertex 11.866043 0.463752 9.979372
vertex 11.845566 0.463752 9.979372
endloop
endfacet
facet normal 0 0 0
outer loop
vertex 11.538429 0.484505 9.959372
vertex 11.517954 0.484505 9.979372
vertex 11.538429 0.505259 9.979372
endloop
endfacet
facet normal 0 0 0
outer loop
vertex 11.538429 0.484505 9.959372
vertex 11.558905 0.505259 9.979372
vertex 11.558905 0.484505 9.959372
endloop
endfacet
facet normal 0 0 0
outer loop
vertex 11.538429 0.505259 9.979372
vertex 11.558905 0.505259 9.979372
vertex 11.538429 0.484505 9.959372
endloop
endfacet
facet normal 0 0 0
outer loop
vertex 11.558905 0.484505 9.959372
vertex 11.579380 0.505259 9.979372
vertex 11.579380 0.484505 9.959372
endloop
endfacet
facet normal 0 0 0
outer loop
vertex 11.558905 0.505259 9.979372
vertex 11.579380 0.505259 9.979372
vertex 11.558905 0.484505 9.959372
endloop
endfacet
facet normal 0 0 0
outer loop
vertex 11.579380 0.484505 9.959372
vertex 11.579380 0.505259 9.979372
vertex 11.599857 0.505259 9.959372
endloop
endfacet
facet normal 0 0 0
outer loop
vertex 11.784140 0.484505 9.959372
vertex 11.763662 0.505259 9.959372
vertex 11.784140 0.505259 9.979372
endloop
endfacet
facet normal 0 0 0
outer loop
vertex 11.784140 0.484505 9.959372
vertex 11.784140 0.505259 9.979372
vertex 11.804615 0.484505 9.979372
endloop
endfacet
facet normal 0 0 0
outer loop
vertex 11.784140 0.505259 9.979372
vertex 11.804615 0.505259 9.979372
vertex 11.804615 0.484505 9.979372
endloop
endfacet
facet normal 0 0 0
outer loop
vertex 11.825090 0.484505 9.979372
vertex 11.804615 0.484505 9.979372
vertex 11.825090 0.505259 9.979372
endloop
endfacet
facet normal 0 0 0
outer loop
vertex 11.825090 0.505259 9.979372
vertex 11.804615 0.484505 9.979372
vertex 11.804615 0.505259 9.979372
endloop
endfacet
facet normal 0 0 0
outer loop
vertex 11.825090 0.505259 9.979372
vertex 11.845566 0.484505 9.979372
vertex 11.825090 0.484505 9.979372
endloop
endfacet
facet normal 0 0 0
outer loop
vertex 11.599857 0.505259 9.959372
vertex 11.579380 0.505259 9.979372
vertex 11.599857 0.526012 9.979372
endloop
endfacet
facet normal 0 0 0
outer loop
vertex 11.599857 0.505259 9.959372
vertex 11.620333 0.526012 9.979372
vertex 11.620333 0.505259 9.959372
endloop
endfacet
facet normal 0 0 0
outer loop
vertex 11.599857 0.526012 9.979372
vertex 11.620333 0.526012 9.979372
vertex 11.599857 0.505259 9.959372
endloop
endfacet
facet normal 0 0 0
outer loop
vertex 11.620333 0.505259 9.959372
vertex 11.640808 0.526012 9.979372
vertex 11.640808 0.505259 9.959372
endloop
endfacet
facet normal 0 0 0
outer loop
vertex 11.620333 0.526012 9.979372
vertex 11.640808 0.526012 9.979372
vertex 11.620333 0.505259 9.959372
endloop
endfacet
facet normal 0 0 0
outer loop
vertex 11.640808 0.505259 9.959372
vertex 11.661283 0.526012 9.979372
vertex 11.661283 0.505259 9.959372
endloop
endfacet
facet normal 0 0 0
outer loop
vertex 11.640808 0.526012 9.979372
vertex 11.661283 0.526012 9.979372
vertex 11.640808 0.505259 9.959372
endloop
endfacet
facet normal 0 0 0
outer loop
vertex 11.661283 0.505259 9.959372
vertex 11.681761 0.526012 9.979372
vertex 11.681761 0.505259 9.959372
endloop
endfacet
facet normal 0 0 0
outer loop
vertex 11.661283 0.526012 9.979372
vertex 11.681761 0.526012 9.979372
vertex 11.661283 0.505259 9.959372
endloop
endfacet
facet normal 0 0 0
outer loop
vertex 11.681761 0.505259 9.959372
vertex 11.702236 0.526012 9.979372
vertex 11.702236 0.505259 9.959372
endloop
endfacet
facet normal 0 0 0
outer loop
vertex 11.681761 0.526012 9.979372
vertex 11.702236 0.526012 9.979372
vertex 11.681761 0.505259 9.959372
endloop
endfacet
facet normal 0 0 0
outer loop
vertex 11.702236 0.505259 9.959372
vertex 11.722712 0.526012 9.979372
vertex 11.722712 0.505259 9.959372
endloop
endfacet
facet normal 0 0 0
outer loop
vertex 11.702236 0.526012 9.979372
vertex 11.722712 0.526012 9.979372
vertex 11.702236 0.505259 9.959372
endloop
endfacet
facet normal 0 0 0
outer loop
vertex 11.722712 0.505259 9.959372
vertex 11.743187 0.526012 9.979372
vertex 11.743187 0.505259 9.959372
endloop
endfacet
facet normal 0 0 0
outer loop
vertex 11.722712 0.526012 9.979372
vertex 11.743187 0.526012 9.979372
vertex 11.722712 0.505259 9.959372
endloop
endfacet
facet normal 0 0 0
outer loop
vertex 11.743187 0.505259 9.959372
vertex 11.763662 0.526012 9.979372
vertex 11.763662 0.505259 9.959372
endloop
endfacet
facet normal 0 0 0
outer loop
vertex 11.743187 0.526012 9.979372
vertex 11.763662 0.526012 9.979372
vertex 11.743187 0.505259 9.959372
endloop
endfacet
facet normal 0 0 0
outer loop
vertex 11.763662 0.505259 9.959372
vertex 11.763662 0.526012 9.979372
vertex 11.784140 0.505259 9.979372
endloop
endfacet
facet normal 0 0 0
outer loop
vertex 11.456526 0.193959 9.999372
vertex 11.436050 0.193959 9.979372
vertex 11.456526 0.193959 9.979372
endloop
endfacet
facet normal 0 0 0
outer loop
vertex 11.477001 0.173205 9.979372
vertex 11.477001 0.193959 9.999372
vertex 11.456526 0.193959 9.979372
endloop
endfacet
facet normal 0 0 0
outer loop
vertex 11.477001 0.193959 9.999372
vertex 11.456526 0.193959 9.999372
vertex 11.456526 0.193959 9.979372
endloop
endfacet
facet normal 0 0 0
outer loop
vertex 11.497478 0.173205 9.979372
vertex 11.477001 0.193959 9.999372
vertex 11.477001 0.173205 9.979372
endloop
endfacet
facet normal 0 0 0
outer loop
vertex 11.497478 0.193959 9.999372
vertex 11.477001 0.193959 9.999372
vertex 11.497478 0.173205 9.979372
endloop
endfacet
facet normal 0 0 0
outer loop
vertex 11.517954 0.173205 9.979372
vertex 11.497478 0.193959 9.999372
vertex 11.497478 0.173205 9.979372
endloop
endfacet
facet normal 0 0 0
outer loop
vertex 11.517954 0.193959 9.999372
vertex 11.497478 0.193959 9.999372
vertex 11.517954 0.173205 9.979372
endloop
endfacet
facet normal 0 0 0
outer loop
vertex 11.538429 0.173205 9.979372
vertex 11.517954 0.193959 9.999372
vertex 11.517954 0.173205 9.979372
endloop
endfacet
facet normal 0 0 0
outer loop
vertex 11.538429 0.193959 9.999372
vertex 11.517954 0.193959 9.999372
vertex 11.538429 0.173205 9.979372
endloop
endfacet
facet normal 0 0 0
outer loop
vertex 11.558905 0.173205 9.979372
vertex 11.538429 0.193959 9.999372
vertex 11.538429 0.173205 9.979372
endloop
endfacet
facet normal 0 0 0
outer loop
vertex 11.558905 0.193959 9.999372
vertex 11.538429 0.193959 9.999372
vertex 11.558905 0.173205 9.979372
endloop
endfacet
facet normal 0 0 0
outer loop
vertex 11.558905 0.173205 9.979372
vertex 11.579380 0.193959 9.979372
vertex 11.558905 0.193959 9.999372
endloop
endfacet
facet normal 0 0 0
outer loop
vertex 11.579380 0.193959 9.979372
vertex 11.579380 0.193959 9.999372
vertex 11.558905 0.193959 9.999372
endloop
endfacet
facet normal 0 0 0
outer loop
vertex 11.599857 0.193959 9.979372
vertex 11.599857 0.193959 9.999372
vertex 11.579380 0.193959 9.979372
endloop
endfacet
facet normal 0 0 0
outer loop
vertex 11.579380 0.193959 9.979372
vertex 11.599857 0.193959 9.999372
vertex 11.579380 0.193959 9.999372
endloop
endfacet
facet normal 0 0 0
outer loop
vertex 11.620333 0.193959 9.979372
vertex 11.599857 0.193959 9.999372
vertex 11.599857 0.193959 9.979372
endloop
endfacet
facet normal 0 0 0
outer loop
vertex 11.374622 0.214712 9.979372
vertex 11.395100 0.193959 9.979372
vertex 11.395100 0.214712 9.979372
endloop
endfacet
facet normal 0 0 0
outer loop
vertex 11.415575 0.214712 9.999372
vertex 11.395100 0.214712 9.979372
vertex 11.415575 0.193959 9.979372
endloop
endfacet
facet normal 0 0 0
outer loop
vertex 11.395100 0.214712 9.979372
vertex 11.395100 0.193959 9.979372
vertex 11.415575 0.193959 9.979372
endloop
endfacet
facet normal 0 0 0
outer loop
vertex 11.436050 0.193959 9.979372
vertex 11.415575 0.214712 9.999372
vertex 11.415575 0.193959 9.979372
endloop
endfacet
facet normal 0 0 0
outer loop
vertex 11.436050 0.214712 9.999372
vertex 11.415575 0.214712 9.999372
vertex 11.436050 0.193959 9.979372
endloop
endfacet
facet normal 0 0 0
outer loop
vertex 11.456526 0.193959 9.999372
vertex 11.436050 0.214712 9.999372
vertex 11.436050 0.193959 9.979372
endloop
endfacet
facet normal 0 0 0
outer loop
vertex 11.620333 0.193959 9.979372
vertex 11.620333 0.214712 9.999372
vertex 11.599857 0.193959 9.999372
endloop
endfacet
facet normal 0 0 0
outer loop
vertex 11.620333 0.193959 9.979372
vertex 11.640808 0.214712 9.979372
vertex 11.620333 0.214712 9.999372
endloop
endfacet
facet normal 0 0 0
outer loop
vertex 11.640808 0.214712 9.979372
vertex 11.640808 0.214712 9.999372
vertex 11.620333 0.214712 9.999372
endloop
endfacet
facet normal 0 0 0
outer loop
vertex 11.661283 0.214712 9.979372
vertex 11.661283 0.214712 9.999372
vertex 11.640808 0.214712 9.979372
endloop
endfacet
facet normal 0 0 0
outer loop
vertex 11.640808 0.214712 9.979372
vertex 11.661283 0.214712 9.999372
vertex 11.640808 0.214712 9.999372
endloop
endfacet
facet normal 0 0 0
outer loop
vertex 11.374622 0.214712 9.979372
vertex 11.374622 0.235465 9.999372
vertex 11.374622 0.235465 9.979372
endloop
endfacet
facet normal 0 0 0
outer loop
vertex 11.395100 0.214712 9.979372
vertex 11.374622 0.235465 9.999372
vertex 11.374622 0.214712 9.979372
endloop
endfacet
facet normal 0 0 0
outer loop
vertex 11.395100 0.235465 9.999372
vertex 11.374622 0.235465 9.999372
vertex 11.395100 0.214712 9.979372
endloop
endfacet
facet normal 0 0 0
outer loop
vertex 11.415575 0.214712 9.999372
vertex 11.395100 0.235465 9.999372
vertex 11.395100 0.214712 9.979372
endloop
endfacet
facet normal 0 0 0
outer loop
vertex 11.661283 0.214712 9.979372
vertex 11.681761 0.235465 9.999372
vertex 11.661283 0.214712 9.999372
endloop
endfacet
facet normal 0 0 0
outer loop
vertex 11.681761 0.235465 9.979372
vertex 11.681761 0.235465 9.999372
vertex 11.661283 0.214712 9.979372
endloop
endfacet
facet normal 0 0 0
outer loop
vertex 11.702236 0.235465 9.979372
vertex 11.702236 0.235465 9.999372
vertex 11.681761 0.235465 9.979372
endloop
endfacet
facet normal 0 0 0
outer loop
vertex 11.681761 0.235465 9.979372
vertex 11.702236 0.235465 9.999372
vertex 11.681761 0.235465 9.999372
endloop
endfacet
facet normal 0 0 0
outer loop
vertex 11.354147 0.256219 9.979372
vertex 11.374622 0.235465 9.979372
vertex 11.374622 0.256219 9.999372
endloop
endfacet
facet normal 0 0 0
outer loop
vertex 11.374622 0.235465 9.979372
vertex 11.374622 0.235465 9.999372
vertex 11.374622 0.256219 9.999372
endloop
endfacet
facet normal 0 0 0
outer loop
vertex 11.702236 0.235465 9.979372
vertex 11.722712 0.256219 9.999372
vertex 11.702236 0.235465 9.999372
endloop
endfacet
facet normal 0 0 0
outer loop
vertex 11.722712 0.256219 9.979372
vertex 11.722712 0.256219 9.999372
vertex 11.702236 0.235465 9.979372
endloop
endfacet
facet normal 0 0 0
outer loop
vertex 11.374622 0.276972 9.999372
vertex 11.354147 0.256219 9.979372
vertex 11.374622 0.256219 9.999372
endloop
endfacet
facet normal 0 0 0
outer loop
vertex 11.354147 0.276972 9.979372
vertex 11.354147 0.256219 9.979372
vertex 11.374622 0.276972 9.999372
endloop
endfacet
facet normal 0 0 0
outer loop
vertex 11.722712 0.256219 9.979372
vertex 11.743187 0.276972 9.999372
vertex 11.722712 0.256219 9.999372
endloop
endfacet
facet normal 0 0 0
outer loop
vertex 11.743187 0.276972 9.979372
vertex 11.743187 0.276972 9.999372
vertex 11.722712 0.256219 9.979372
endloop
endfacet
facet normal 0 0 0
outer loop
vertex 11.743187 0.276972 9.979372
vertex 11.763662 0.276972 9.999372
vertex 11.743187 0.276972 9.999372
endloop
endfacet
facet normal 0 0 0
outer loop
vertex 11.354147 0.276972 9.979372
vertex 11.354147 0.297725 9.999372
vertex 11.354147 0.297725 9.979372
endloop
endfacet
facet normal 0 0 0
outer loop
vertex 11.374622 0.276972 9.999372
vertex 11.354147 0.297725 9.999372
vertex 11.354147 0.276972 9.979372
endloop
endfacet
facet normal 0 0 0
outer loop
vertex 11.743187 0.276972 9.979372
vertex 11.763662 0.297725 9.979372
vertex 11.763662 0.276972 9.999372
endloop
endfacet
facet normal 0 0 0
outer loop
vertex 11.763662 0.276972 9.999372
vertex 11.763662 0.297725 9.979372
vertex 11.784140 0.297725 9.999372
endloop
endfacet
facet normal 0 0 0
outer loop
vertex 11.763662 0.297725 9.979372
vertex 11.784140 0.297725 9.979372
vertex 11.784140 0.297725 9.999372
endloop
endfacet
facet normal 0 0 0
outer loop
vertex 11.354147 0.297725 9.999372
vertex 11.374622 0.318479 9.979372
vertex 11.354147 0.297725 9.979372
endloop
endfacet
facet normal 0 0 0
outer loop
vertex 11.374622 0.318479 9.999372
vertex 11.374622 0.318479 9.979372
vertex 11.354147 0.297725 9.999372
endloop
endfacet
facet normal 0 0 0
outer loop
vertex 11.784140 0.297725 9.979372
vertex 11.804615 0.318479 9.999372
vertex 11.784140 0.297725 9.999372
endloop
endfacet
facet normal 0 0 0
outer loop
vertex 11.804615 0.318479 9.979372
vertex 11.804615 0.318479 9.999372
vertex 11.784140 0.297725 9.979372
endloop
endfacet
facet normal 0 0 0
outer loop
vertex 11.374622 0.318479 9.979372
vertex 11.374622 0.318479 9.999372
vertex 11.374622 0.339232 9.979372
endloop
endfacet
facet normal 0 0 0
outer loop
vertex 11.374622 0.318479 9.999372
vertex 11.374622 0.339232 9.999372
vertex 11.374622 0.339232 9.979372
endloop
endfacet
facet normal 0 0 0
outer loop
vertex 11.804615 0.318479 9.979372
vertex 11.825090 0.339232 9.999372
vertex 11.804615 0.318479 9.999372
endloop
endfacet
facet normal 0 0 0
outer loop
vertex 11.825090 0.339232 9.979372
vertex 11.825090 0.339232 9.999372
vertex 11.804615 0.318479 9.979372
endloop
endfacet
facet normal 0 0 0
outer loop
vertex 11.374622 0.339232 9.999372
vertex 11.395100 0.359985 9.979372
vertex 11.374622 0.339232 9.979372
endloop
endfacet
facet normal 0 0 0
outer loop
vertex 11.395100 0.359985 9.999372
vertex 11.395100 0.359985 9.979372
vertex 11.374622 0.339232 9.999372
endloop
endfacet
facet normal 0 0 0
outer loop
vertex 11.825090 0.339232 9.979372
vertex 11.845566 0.359985 9.999372
vertex 11.825090 0.339232 9.999372
endloop
endfacet
facet normal 0 0 0
outer loop
vertex 11.845566 0.359985 9.979372
vertex 11.845566 0.359985 9.999372
vertex 11.825090 0.339232 9.979372
endloop
endfacet
facet normal 0 0 0
outer loop
vertex 11.395100 0.359985 9.999372
vertex 11.415575 0.380738 9.979372
vertex 11.395100 0.359985 9.979372
endloop
endfacet
facet normal 0 0 0
outer loop
vertex 11.415575 0.380738 9.999372
vertex 11.415575 0.380738 9.979372
vertex 11.395100 0.359985 9.999372
endloop
endfacet
facet normal 0 0 0
outer loop
vertex 11.866043 0.380738 9.999372
vertex 11.845566 0.359985 9.999372
vertex 11.845566 0.380738 9.979372
endloop
endfacet
facet normal 0 0 0
outer loop
vertex 11.845566 0.359985 9.999372
vertex 11.845566 0.359985 9.979372
vertex 11.845566 0.380738 9.979372
endloop
endfacet
facet normal 0 0 0
outer loop
vertex 11.415575 0.380738 9.999372
vertex 11.415575 0.401492 9.979372
vertex 11.415575 0.380738 9.979372
endloop
endfacet
facet normal 0 0 0
outer loop
vertex 11.415575 0.380738 9.999372
vertex 11.436050 0.401492 9.999372
vertex 11.415575 0.401492 9.979372
endloop
endfacet
facet normal 0 0 0
outer loop
vertex 11.845566 0.380738 9.979372
vertex 11.866043 0.401492 9.979372
vertex 11.866043 0.380738 9.999372
endloop
endfacet
facet normal 0 0 0
outer loop
vertex 11.866043 0.380738 9.999372
vertex 11.866043 0.401492 9.979372
vertex 11.866043 0.401492 9.999372
endloop
endfacet
facet normal 0 0 0
outer loop
vertex 11.415575 0.401492 9.979372
vertex 11.436050 0.401492 9.999372
vertex 11.436050 0.422245 9.979372
endloop
endfacet
facet normal 0 0 0
outer loop
vertex 11.436050 0.401492 9.999372
vertex 11.436050 0.422245 9.999372
vertex 11.436050 0.422245 9.979372
endloop
endfacet
facet normal 0 0 0
outer loop
vertex 11.866043 0.401492 9.979372
vertex 11.866043 0.422245 9.979372
vertex 11.866043 0.401492 9.999372
endloop
endfacet
facet normal 0 0 0
outer loop
vertex 11.866043 0.401492 9.999372
vertex 11.866043 0.422245 9.979372
vertex 11.866043 0.422245 9.999372
endloop
endfacet
facet normal 0 0 0
outer loop
vertex 11.436050 0.422245 9.999372
vertex 11.456526 0.442998 9.979372
vertex 11.436050 0.422245 9.979372
endloop
endfacet
facet normal 0 0 0
outer loop
vertex 11.456526 0.442998 9.999372
vertex 11.456526 0.442998 9.979372
vertex 11.436050 0.422245 9.999372
endloop
endfacet
facet normal 0 0 0
outer loop
vertex 11.866043 0.422245 9.979372
vertex 11.866043 0.442998 9.979372
vertex 11.866043 0.422245 9.999372
endloop
endfacet
facet normal 0 0 0
outer loop
vertex 11.866043 0.422245 9.999372
vertex 11.866043 0.442998 9.979372
vertex 11.866043 0.442998 9.999372
endloop
endfacet
facet normal 0 0 0
outer loop
vertex 11.477001 0.463752 9.979372
vertex 11.456526 0.442998 9.979372
vertex 11.477001 0.442998 9.999372
endloop
endfacet
facet normal 0 0 0
outer loop
vertex 11.456526 0.442998 9.979372
vertex 11.456526 0.442998 9.999372
vertex 11.477001 0.442998 9.999372
endloop
endfacet
facet normal 0 0 0
outer loop
vertex 11.477001 0.442998 9.999372
vertex 11.497478 0.463752 9.999372
vertex 11.477001 0.463752 9.979372
endloop
endfacet
facet normal 0 0 0
outer loop
vertex 11.886518 0.463752 9.999372
vertex 11.866043 0.442998 9.999372
vertex 11.866043 0.463752 9.979372
endloop
endfacet
facet normal 0 0 0
outer loop
vertex 11.866043 0.442998 9.999372
vertex 11.866043 0.442998 9.979372
vertex 11.866043 0.463752 9.979372
endloop
endfacet
facet normal 0 0 0
outer loop
vertex 11.477001 0.463752 9.979372
vertex 11.497478 0.463752 9.999372
vertex 11.497478 0.484505 9.979372
endloop
endfacet
facet normal 0 0 0
outer loop
vertex 11.497478 0.463752 9.999372
vertex 11.517954 0.484505 9.999372
vertex 11.497478 0.484505 9.979372
endloop
endfacet
facet normal 0 0 0
outer loop
vertex 11.866043 0.463752 9.979372
vertex 11.845566 0.484505 9.979372
vertex 11.866043 0.484505 9.999372
endloop
endfacet
facet normal 0 0 0
outer loop
vertex 11.866043 0.463752 9.979372
vertex 11.866043 0.484505 9.999372
vertex 11.886518 0.463752 9.999372
endloop
endfacet
facet normal 0 0 0
outer loop
vertex 11.497478 0.484505 9.979372
vertex 11.517954 0.484505 9.999372
vertex 11.517954 0.484505 9.979372
endloop
endfacet
facet normal 0 0 0
outer loop
vertex 11.538429 0.505259 9.979372
vertex 11.517954 0.484505 9.979372
vertex 11.538429 0.484505 9.999372
endloop
endfacet
facet normal 0 0 0
outer loop
vertex 11.517954 0.484505 9.979372
vertex 11.517954 0.484505 9.999372
vertex 11.538429 0.484505 9.999372
endloop
endfacet
facet normal 0 0 0
outer loop
vertex 11.538429 0.484505 9.999372
vertex 11.558905 0.505259 9.999372
vertex 11.538429 0.505259 9.979372
endloop
endfacet
facet normal 0 0 0
outer loop
vertex 11.845566 0.484505 9.979372
vertex 11.825090 0.505259 9.979372
vertex 11.845566 0.505259 9.999372
endloop
endfacet
facet normal 0 0 0
outer loop
vertex 11.845566 0.484505 9.979372
vertex 11.845566 0.505259 9.999372
vertex 11.866043 0.484505 9.999372
endloop
endfacet
facet normal 0 0 0
outer loop
vertex 11.538429 0.505259 9.979372
vertex 11.558905 0.505259 9.999372
vertex 11.558905 0.505259 9.979372
endloop
endfacet
facet normal 0 0 0
outer loop
vertex 11.579380 0.526012 9.999372
vertex 11.579380 0.505259 9.979372
vertex 11.558905 0.505259 9.999372
endloop
endfacet
facet normal 0 0 0
outer loop
vertex 11.579380 0.505259 9.979372
vertex 11.558905 0.505259 9.979372
vertex 11.558905 0.505259 9.999372
endloop
endfacet
facet normal 0 0 0
outer loop
vertex 11.579380 0.505259 9.979372
vertex 11.579380 0.526012 9.999372
vertex 11.599857 0.526012 9.979372
endloop
endfacet
facet normal 0 0 0
outer loop
vertex 11.784140 0.505259 9.979372
vertex 11.763662 0.526012 9.979372
vertex 11.784140 0.526012 9.999372
endloop
endfacet
facet normal 0 0 0
outer loop
vertex 11.784140 0.505259 9.979372
vertex 11.804615 0.526012 9.999372
vertex 11.804615 0.505259 9.979372
endloop
endfacet
facet normal 0 0 0
outer loop
vertex 11.784140 0.526012 9.999372
vertex 11.804615 0.526012 9.999372
vertex 11.784140 0.505259 9.979372
endloop
endfacet
facet normal 0 0 0
outer loop
vertex 11.804615 0.505259 9.979372
vertex 11.825090 0.526012 9.999372
vertex 11.825090 0.505259 9.979372
endloop
endfacet
facet normal 0 0 0
outer loop
vertex 11.804615 0.526012 9.999372
vertex 11.825090 0.526012 9.999372
vertex 11.804615 0.505259 9.979372
endloop
endfacet
facet normal 0 0 0
outer loop
vertex 11.825090 0.505259 9.979372
vertex 11.825090 0.526012 9.999372
vertex 11.845566 0.505259 9.999372
endloop
endfacet
facet normal 0 0 0
outer loop
vertex 11.599857 0.526012 9.979372
vertex 11.579380 0.526012 9.999372
vertex 11.599857 0.526012 9.999372
endloop
endfacet
facet normal 0 0 0
outer loop
vertex 11.620333 0.526012 9.979372
vertex 11.599857 0.526012 9.979372
vertex 11.620333 0.526012 9.999372
endloop
endfacet
facet normal 0 0 0
outer loop
vertex 11.599857 0.526012 9.979372
vertex 11.599857 0.526012 9.999372
vertex 11.620333 0.526012 9.999372
endloop
endfacet
facet normal 0 0 0
outer loop
vertex 11.640808 0.546765 9.999372
vertex 11.640808 0.526012 9.979372
vertex 11.620333 0.526012 9.999372
endloop
endfacet
facet normal 0 0 0
outer loop
vertex 11.640808 0.526012 9.979372
vertex 11.620333 0.526012 9.979372
vertex 11.620333 0.526012 9.999372
endloop
endfacet
facet normal 0 0 0
outer loop
vertex 11.640808 0.526012 9.979372
vertex 11.661283 0.546765 9.999372
vertex 11.661283 0.526012 9.979372
endloop
endfacet
facet normal 0 0 0
outer loop
vertex 11.640808 0.546765 9.999372
vertex 11.661283 0.546765 9.999372
vertex 11.640808 0.526012 9.979372
endloop
endfacet
facet normal 0 0 0
outer loop
vertex 11.661283 0.526012 9.979372
vertex 11.681761 0.546765 9.999372
vertex 11.681761 0.526012 9.979372
endloop
endfacet
facet normal 0 0 0
outer loop
vertex 11.661283 0.546765 9.999372
vertex 11.681761 0.546765 9.999372
vertex 11.661283 0.526012 9.979372
endloop
endfacet
facet normal 0 0 0
outer loop
vertex 11.681761 0.526012 9.979372
vertex 11.702236 0.546765 9.999372
vertex 11.702236 0.526012 9.979372
endloop
endfacet
facet normal 0 0 0
outer loop
vertex 11.681761 0.546765 9.999372
vertex 11.702236 0.546765 9.999372
vertex 11.681761 0.526012 9.979372
endloop
endfacet
facet normal 0 0 0
outer loop
vertex 11.702236 0.546765 9.999372
vertex 11.722712 0.526012 9.999372
vertex 11.702236 0.526012 9.979372
endloop
endfacet
facet normal 0 0 0
outer loop
vertex 11.722712 0.526012 9.999372
vertex 11.722712 0.526012 9.979372
vertex 11.702236 0.526012 9.979372
endloop
endfacet
facet normal 0 0 0
outer loop
vertex 11.743187 0.546765 9.999372
vertex 11.743187 0.526012 9.979372
vertex 11.722712 0.526012 9.999372
endloop
endfacet
facet normal 0 0 0
outer loop
vertex 11.743187 0.526012 9.979372
vertex 11.722712 0.526012 9.979372
vertex 11.722712 0.526012 9.999372
endloop
endfacet
facet normal 0 0 0
outer loop
vertex 11.743187 0.526012 9.979372
vertex 11.763662 0.546765 9.999372
vertex 11.763662 0.526012 9.979372
endloop
endfacet
facet normal 0 0 0
outer loop
vertex 11.743187 0.546765 9.999372
vertex 11.763662 0.546765 9.999372
vertex 11.743187 0.526012 9.979372
endloop
endfacet
facet normal 0 0 0
outer loop
vertex 11.763662 0.526012 9.979372
vertex 11.763662 0.546765 9.999372
vertex 11.784140 0.526012 9.999372
endloop
endfacet
facet normal 0 0 0
outer loop
vertex 11.436050 0.214712 9.999372
vertex 11.456526 0.193959 9.999372
vertex 11.456526 0.214712 9.999372
endloop
endfacet
facet normal 0 0 0
outer loop
vertex 11.477001 0.193959 9.999372
vertex 11.477001 0.214712 9.999372
vertex 11.456526 0.193959 9.999372
endloop
endfacet
facet normal 0 0 0
outer loop
vertex 11.477001 0.214712 9.999372
vertex 11.456526 0.214712 9.999372
vertex 11.456526 0.193959 9.999372
endloop
endfacet
facet normal 0 0 0
outer loop
vertex 11.497478 0.214712 10.019372
vertex 11.477001 0.214712 9.999372
vertex 11.497478 0.193959 9.999372
endloop
endfacet
facet normal 0 0 0
outer loop
vertex 11.477001 0.214712 9.999372
vertex 11.477001 0.193959 9.999372
vertex 11.497478 0.193959 9.999372
endloop
endfacet
facet normal 0 0 0
outer loop
vertex 11.517954 0.193959 9.999372
vertex 11.497478 0.214712 10.019372
vertex 11.497478 0.193959 9.999372
endloop
endfacet
facet normal 0 0 0
outer loop
vertex 11.517954 0.214712 10.019372
vertex 11.497478 0.214712 10.019372
vertex 11.517954 0.193959 9.999372
endloop
endfacet
facet normal 0 0 0
outer loop
vertex 11.538429 0.193959 9.999372
vertex 11.517954 0.214712 10.019372
vertex 11.517954 0.193959 9.999372
endloop
endfacet
facet normal 0 0 0
outer loop
vertex 11.538429 0.214712 10.019372
vertex 11.517954 0.214712 10.019372
vertex 11.538429 0.193959 9.999372
endloop
endfacet
facet normal 0 0 0
outer loop
vertex 11.538429 0.214712 10.019372
vertex 11.538429 0.193959 9.999372
vertex 11.558905 0.214712 9.999372
endloop
endfacet
facet normal 0 0 0
outer loop
vertex 11.538429 0.193959 9.999372
vertex 11.558905 0.193959 9.999372
vertex 11.558905 0.214712 9.999372
endloop
endfacet
facet normal 0 0 0
outer loop
vertex 11.579380 0.193959 9.999372
vertex 11.579380 0.214712 9.999372
vertex 11.558905 0.193959 9.999372
endloop
endfacet
facet normal 0 0 0
outer loop
vertex 11.579380 0.214712 9.999372
vertex 11.558905 0.214712 9.999372
vertex 11.558905 0.193959 9.999372
endloop
endfacet
facet normal 0 0 0
outer loop
vertex 11.599857 0.193959 9.999372
vertex 11.599857 0.214712 9.999372
vertex 11.579380 0.193959 9.999372
endloop
endfacet
facet normal 0 0 0
outer loop
vertex 11.599857 0.214712 9.999372
vertex 11.579380 0.214712 9.999372
vertex 11.579380 0.193959 9.999372
endloop
endfacet
facet normal 0 0 0
outer loop
vertex 11.599857 0.193959 9.999372
vertex 11.620333 0.214712 9.999372
vertex 11.599857 0.214712 9.999372
endloop
endfacet
facet normal 0 0 0
outer loop
vertex 11.395100 0.235465 9.999372
vertex 11.415575 0.214712 9.999372
vertex 11.415575 0.235465 9.999372
endloop
endfacet
facet normal 0 0 0
outer loop
vertex 11.436050 0.235465 10.019372
vertex 11.415575 0.235465 9.999372
vertex 11.436050 0.214712 9.999372
endloop
endfacet
facet normal 0 0 0
outer loop
vertex 11.415575 0.235465 9.999372
vertex 11.415575 0.214712 9.999372
vertex 11.436050 0.214712 9.999372
endloop
endfacet
facet normal 0 0 0
outer loop
vertex 11.456526 0.214712 9.999372
vertex 11.436050 0.235465 10.019372
vertex 11.436050 0.214712 9.999372
endloop
endfacet
facet normal 0 0 0
outer loop
vertex 11.456526 0.235465 10.019372
vertex 11.436050 0.235465 10.019372
vertex 11.456526 0.214712 9.999372
endloop
endfacet
facet normal 0 0 0
outer loop
vertex 11.477001 0.214712 9.999372
vertex 11.456526 0.235465 10.019372
vertex 11.456526 0.214712 9.999372
endloop
endfacet
facet normal 0 0 0
outer loop
vertex 11.477001 0.235465 10.019372
vertex 11.456526 0.235465 10.019372
vertex 11.477001 0.214712 9.999372
endloop
endfacet
facet normal 0 0 0
outer loop
vertex 11.497478 0.214712 10.019372
vertex 11.477001 0.235465 10.019372
vertex 11.477001 0.214712 9.999372
endloop
endfacet
facet normal 0 0 0
outer loop
vertex 11.558905 0.214712 9.999372
vertex 11.558905 0.235465 10.019372
vertex 11.538429 0.214712 10.019372
endloop
endfacet
facet normal 0 0 0
outer loop
vertex 11.579380 0.214712 9.999372
vertex 11.558905 0.235465 10.019372
vertex 11.558905 0.214712 9.999372
endloop
endfacet
facet normal 0 0 0
outer loop
vertex 11.579380 0.235465 10.019372
vertex 11.558905 0.235465 10.019372
vertex 11.579380 0.214712 9.999372
endloop
endfacet
facet normal 0 0 0
outer loop
vertex 11.599857 0.214712 9.999372
vertex 11.579380 0.235465 10.019372
vertex 11.579380 0.214712 9.999372
endloop
endfacet
facet normal 0 0 0
outer loop
vertex 11.599857 0.235465 10.019372
vertex 11.579380 0.235465 10.019372
vertex 11.599857 0.214712 9.999372
endloop
endfacet
facet normal 0 0 0
outer loop
vertex 11.620333 0.214712 9.999372
vertex 11.599857 0.235465 10.019372
vertex 11.599857 0.214712 9.999372
endloop
endfacet
facet normal 0 0 0
outer loop
vertex 11.620333 0.235465 10.019372
vertex 11.599857 0.235465 10.019372
vertex 11.620333 0.214712 9.999372
endloop
endfacet
facet normal 0 0 0
outer loop
vertex 11.640808 0.214712 9.999372
vertex 11.620333 0.235465 10.019372
vertex 11.620333 0.214712 9.999372
endloop
endfacet
facet normal 0 0 0
outer loop
vertex 11.640808 0.235465 10.019372
vertex 11.620333 0.235465 10.019372
vertex 11.640808 0.214712 9.999372
endloop
endfacet
facet normal 0 0 0
outer loop
vertex 11.661283 0.214712 9.999372
vertex 11.640808 0.235465 10.019372
vertex 11.640808 0.214712 9.999372
endloop
endfacet
facet normal 0 0 0
outer loop
vertex 11.661283 0.235465 10.019372
vertex 11.640808 0.235465 10.019372
vertex 11.661283 0.214712 9.999372
endloop
endfacet
facet normal 0 0 0
outer loop
vertex 11.681761 0.235465 9.999372
vertex 11.661283 0.235465 10.019372
vertex 11.661283 0.214712 9.999372
endloop
endfacet
facet normal 0 0 0
outer loop
vertex 11.395100 0.235465 9.999372
vertex 11.395100 0.256219 9.999372
vertex 11.374622 0.235465 9.999372
endloop
endfacet
facet normal 0 0 0
outer loop
vertex 11.395100 0.256219 9.999372
vertex 11.374622 0.256219 9.999372
vertex 11.374622 0.235465 9.999372
endloop
endfacet
facet normal 0 0 0
outer loop
vertex 11.415575 0.256219 10.019372
vertex 11.395100 0.256219 9.999372
vertex 11.415575 0.235465 9.999372
endloop
endfacet
facet normal 0 0 0
outer loop
vertex 11.395100 0.256219 9.999372
vertex 11.395100 0.235465 9.999372
vertex 11.415575 0.235465 9.999372
endloop
endfacet
facet normal 0 0 0
outer loop
vertex 11.436050 0.235465 10.019372
vertex 11.415575 0.256219 10.019372
vertex 11.415575 0.235465 9.999372
endloop
endfacet
facet normal 0 0 0
outer loop
vertex 11.681761 0.235465 9.999372
vertex 11.681761 0.256219 10.019372
vertex 11.661283 0.235465 10.019372
endloop
endfacet
facet normal 0 0 0
outer loop
vertex 11.702236 0.235465 9.999372
vertex 11.681761 0.256219 10.019372
vertex 11.681761 0.235465 9.999372
endloop
endfacet
facet normal 0 0 0
outer loop
vertex 11.702236 0.256219 10.019372
vertex 11.681761 0.256219 10.019372
vertex 11.702236 0.235465 9.999372
endloop
endfacet
facet normal 0 0 0
outer loop
vertex 11.722712 0.256219 9.999372
vertex 11.702236 0.256219 10.019372
vertex 11.702236 0.235465 9.999372
endloop
endfacet
facet normal 0 0 0
outer loop
vertex 11.395100 0.276972 10.019372
vertex 11.374622 0.276972 9.999372
vertex 11.395100 0.256219 9.999372
endloop
endfacet
facet normal 0 0 0
outer loop
vertex 11.374622 0.276972 9.999372
vertex 11.374622 0.256219 9.999372
vertex 11.395100 0.256219 9.999372
endloop
endfacet
facet normal 0 0 0
outer loop
vertex 11.415575 0.256219 10.019372
vertex 11.395100 0.276972 10.019372
vertex 11.395100 0.256219 9.999372
endloop
endfacet
facet normal 0 0 0
outer loop
vertex 11.722712 0.256219 9.999372
vertex 11.722712 0.276972 10.019372
vertex 11.702236 0.256219 10.019372
endloop
endfacet
facet normal 0 0 0
outer loop
vertex 11.722712 0.256219 9.999372
vertex 11.743187 0.276972 9.999372
vertex 11.722712 0.276972 10.019372
endloop
endfacet
facet normal 0 0 0
outer loop
vertex 11.743187 0.276972 9.999372
vertex 11.743187 0.276972 10.019372
vertex 11.722712 0.276972 10.019372
endloop
endfacet
facet normal 0 0 0
outer loop
vertex 11.763662 0.276972 9.999372
vertex 11.743187 0.276972 10.019372
vertex 11.743187 0.276972 9.999372
endloop
endfacet
facet normal 0 0 0
outer loop
vertex 11.354147 0.297725 9.999372
vertex 11.374622 0.276972 9.999372
vertex 11.374622 0.297725 9.999372
endloop
endfacet
facet normal 0 0 0
outer loop
vertex 11.395100 0.297725 10.019372
vertex 11.374622 0.276972 9.999372
vertex 11.395100 0.276972 10.019372
endloop
endfacet
facet normal 0 0 0
outer loop
vertex 11.374622 0.297725 9.999372
vertex 11.374622 0.276972 9.999372
vertex 11.395100 0.297725 10.019372
endloop
endfacet
facet normal 0 0 0
outer loop
vertex 11.763662 0.276972 9.999372
vertex 11.763662 0.297725 10.019372
vertex 11.743187 0.276972 10.019372
endloop
endfacet
facet normal 0 0 0
outer loop
vertex 11.784140 0.297725 9.999372
vertex 11.763662 0.297725 10.019372
vertex 11.763662 0.276972 9.999372
endloop
endfacet
facet normal 0 0 0
outer loop
vertex 11.374622 0.318479 9.999372
vertex 11.354147 0.297725 9.999372
vertex 11.374622 0.297725 9.999372
endloop
endfacet
facet normal 0 0 0
outer loop
vertex 11.395100 0.318479 10.019372
vertex 11.374622 0.297725 9.999372
vertex 11.395100 0.297725 10.019372
endloop
endfacet
facet normal 0 0 0
outer loop
vertex 11.374622 0.318479 9.999372
vertex 11.374622 0.297725 9.999372
vertex 11.395100 0.318479 10.019372
endloop
endfacet
facet normal 0 0 0
outer loop
vertex 11.784140 0.297725 9.999372
vertex 11.784140 0.318479 10.019372
vertex 11.763662 0.297725 10.019372
endloop
endfacet
facet normal 0 0 0
outer loop
vertex 11.804615 0.318479 9.999372
vertex 11.784140 0.318479 10.019372
vertex 11.784140 0.297725 9.999372
endloop
endfacet
facet normal 0 0 0
outer loop
vertex 11.395100 0.339232 10.019372
vertex 11.374622 0.318479 9.999372
vertex 11.395100 0.318479 10.019372
endloop
endfacet
facet normal 0 0 0
outer loop
vertex 11.374622 0.339232 9.999372
vertex 11.374622 0.318479 9.999372
vertex 11.395100 0.339232 10.019372
endloop
endfacet
facet normal 0 0 0
outer loop
vertex 11.804615 0.318479 9.999372
vertex 11.804615 0.339232 10.019372
vertex 11.784140 0.318479 10.019372
endloop
endfacet
facet normal 0 0 0
outer loop
vertex 11.825090 0.339232 9.999372
vertex 11.804615 0.339232 10.019372
vertex 11.804615 0.318479 9.999372
endloop
endfacet
facet normal 0 0 0
outer loop
vertex 11.374622 0.339232 9.999372
vertex 11.395100 0.339232 10.019372
vertex 11.395100 0.359985 9.999372
endloop
endfacet
facet normal 0 0 0
outer loop
vertex 11.395100 0.339232 10.019372
vertex 11.415575 0.359985 10.019372
vertex 11.395100 0.359985 9.999372
endloop
endfacet
facet normal 0 0 0
outer loop
vertex 11.825090 0.339232 9.999372
vertex 11.825090 0.359985 10.019372
vertex 11.804615 0.339232 10.019372
endloop
endfacet
facet normal 0 0 0
outer loop
vertex 11.845566 0.359985 9.999372
vertex 11.825090 0.359985 10.019372
vertex 11.825090 0.339232 9.999372
endloop
endfacet
facet normal 0 0 0
outer loop
vertex 11.395100 0.359985 9.999372
vertex 11.415575 0.359985 10.019372
vertex 11.415575 0.380738 9.999372
endloop
endfacet
facet normal 0 0 0
outer loop
vertex 11.415575 0.359985 10.019372
vertex 11.436050 0.380738 10.019372
vertex 11.415575 0.380738 9.999372
endloop
endfacet
facet normal 0 0 0
outer loop
vertex 11.845566 0.359985 9.999372
vertex 11.845566 0.380738 10.019372
vertex 11.825090 0.359985 10.019372
endloop
endfacet
facet normal 0 0 0
outer loop
vertex 11.866043 0.380738 9.999372
vertex 11.845566 0.380738 10.019372
vertex 11.845566 0.359985 9.999372
endloop
endfacet
facet normal 0 0 0
outer loop
vertex 11.415575 0.380738 9.999372
vertex 11.436050 0.380738 10.019372
vertex 11.436050 0.401492 9.999372
endloop
endfacet
facet normal 0 0 0
outer loop
vertex 11.436050 0.380738 10.019372
vertex 11.456526 0.401492 10.019372
vertex 11.436050 0.401492 9.999372
endloop
endfacet
facet normal 0 0 0
outer loop
vertex 11.866043 0.380738 9.999372
vertex 11.866043 0.401492 10.019372
vertex 11.845566 0.380738 10.019372
endloop
endfacet
facet normal 0 0 0
outer loop
vertex 11.866043 0.401492 10.019372
vertex 11.866043 0.380738 9.999372
vertex 11.866043 0.401492 9.999372
endloop
endfacet
facet normal 0 0 0
outer loop
vertex 11.456526 0.422245 10.019372
vertex 11.436050 0.401492 9.999372
vertex 11.456526 0.401492 10.019372
endloop
endfacet
facet normal 0 0 0
outer loop
vertex 11.436050 0.422245 9.999372
vertex 11.436050 0.401492 9.999372
vertex 11.456526 0.422245 10.019372
endloop
endfacet
facet normal 0 0 0
outer loop
vertex 11.866043 0.401492 9.999372
vertex 11.866043 0.422245 9.999372
vertex 11.866043 0.401492 10.019372
endloop
endfacet
facet normal 0 0 0
outer loop
vertex 11.866043 0.401492 10.019372
vertex 11.866043 0.422245 9.999372
vertex 11.866043 0.422245 10.019372
endloop
endfacet
facet normal 0 0 0
outer loop
vertex 11.436050 0.422245 9.999372
vertex 11.456526 0.422245 10.019372
vertex 11.456526 0.442998 9.999372
endloop
endfacet
facet normal 0 0 0
outer loop
vertex 11.456526 0.422245 10.019372
vertex 11.477001 0.442998 10.019372
vertex 11.456526 0.442998 9.999372
endloop
endfacet
facet normal 0 0 0
outer loop
vertex 11.886518 0.442998 10.019372
vertex 11.866043 0.422245 10.019372
vertex 11.866043 0.442998 9.999372
endloop
endfacet
facet normal 0 0 0
outer loop
vertex 11.866043 0.422245 10.019372
vertex 11.866043 0.422245 9.999372
vertex 11.866043 0.442998 9.999372
endloop
endfacet
facet normal 0 0 0
outer loop
vertex 11.456526 0.442998 9.999372
vertex 11.477001 0.442998 10.019372
vertex 11.477001 0.442998 9.999372
endloop
endfacet
facet normal 0 0 0
outer loop
vertex 11.477001 0.442998 10.019372
vertex 11.497478 0.463752 9.999372
vertex 11.477001 0.442998 9.999372
endloop
endfacet
facet normal 0 0 0
outer loop
vertex 11.497478 0.463752 10.019372
vertex 11.497478 0.463752 9.999372
vertex 11.477001 0.442998 10.019372
endloop
endfacet
facet normal 0 0 0
outer loop
vertex 11.866043 0.442998 9.999372
vertex 11.886518 0.463752 9.999372
vertex 11.886518 0.442998 10.019372
endloop
endfacet
facet normal 0 0 0
outer loop
vertex 11.886518 0.442998 10.019372
vertex 11.886518 0.463752 9.999372
vertex 11.886518 0.463752 10.019372
endloop
endfacet
facet normal 0 0 0
outer loop
vertex 11.497478 0.463752 10.019372
vertex 11.517954 0.484505 9.999372
vertex 11.497478 0.463752 9.999372
endloop
endfacet
facet normal 0 0 0
outer loop
vertex 11.517954 0.484505 10.019372
vertex 11.517954 0.484505 9.999372
vertex 11.497478 0.463752 10.019372
endloop
endfacet
facet normal 0 0 0
outer loop
vertex 11.886518 0.463752 9.999372
vertex 11.866043 0.484505 9.999372
vertex 11.886518 0.484505 10.019372
endloop
endfacet
facet normal 0 0 0
outer loop
vertex 11.886518 0.463752 9.999372
vertex 11.886518 0.484505 10.019372
vertex 11.886518 0.463752 10.019372
endloop
endfacet
facet normal 0 0 0
outer loop
vertex 11.538429 0.505259 10.019372
vertex 11.538429 0.484505 9.999372
vertex 11.517954 0.484505 10.019372
endloop
endfacet
facet normal 0 0 0
outer loop
vertex 11.538429 0.484505 9.999372
vertex 11.517954 0.484505 9.999372
vertex 11.517954 0.484505 10.019372
endloop
endfacet
facet normal 0 0 0
outer loop
vertex 11.538429 0.484505 9.999372
vertex 11.538429 0.505259 10.019372
vertex 11.558905 0.505259 9.999372
endloop
endfacet
facet normal 0 0 0
outer loop
vertex 11.866043 0.484505 9.999372
vertex 11.845566 0.505259 9.999372
vertex 11.866043 0.505259 10.019372
endloop
endfacet
facet normal 0 0 0
outer loop
vertex 11.866043 0.484505 9.999372
vertex 11.866043 0.505259 10.019372
vertex 11.886518 0.484505 10.019372
endloop
endfacet
facet normal 0 0 0
outer loop
vertex 11.866043 0.505259 10.019372
vertex 11.886518 0.505259 10.019372
vertex 11.886518 0.484505 10.019372
endloop
endfacet
facet normal 0 0 0
outer loop
vertex 11.558905 0.505259 9.999372
vertex 11.538429 0.505259 10.019372
vertex 11.558905 0.505259 10.019372
endloop
endfacet
facet normal 0 0 0
outer loop
vertex 11.558905 0.505259 10.019372
vertex 11.579380 0.526012 9.999372
vertex 11.558905 0.505259 9.999372
endloop
endfacet
facet normal 0 0 0
outer loop
vertex 11.579380 0.526012 10.019372
vertex 11.579380 0.526012 9.999372
vertex 11.558905 0.505259 10.019372
endloop
endfacet
facet normal 0 0 0
outer loop
vertex 11.845566 0.505259 9.999372
vertex 11.825090 0.526012 9.999372
vertex 11.845566 0.526012 10.019372
endloop
endfacet
facet normal 0 0 0
outer loop
vertex 11.845566 0.505259 9.999372
vertex 11.845566 0.526012 10.019372
vertex 11.866043 0.505259 10.019372
endloop
endfacet
facet normal 0 0 0
outer loop
vertex 11.845566 0.526012 10.019372
vertex 11.866043 0.526012 10.019372
vertex 11.866043 0.505259 10.019372
endloop
endfacet
facet normal 0 0 0
outer loop
vertex 11.866043 0.526012 10.019372
vertex 11.886518 0.505259 10.019372
vertex 11.866043 0.505259 10.019372
endloop
endfacet
facet normal 0 0 0
outer loop
vertex 11.599857 0.526012 9.999372
vertex 11.579380 0.526012 9.999372
vertex 11.599857 0.526012 10.019372
endloop
endfacet
facet normal 0 0 0
outer loop
vertex 11.579380 0.526012 9.999372
vertex 11.579380 0.526012 10.019372
vertex 11.599857 0.526012 10.019372
endloop
endfacet
facet normal 0 0 0
outer loop
vertex 11.620333 0.546765 10.019372
vertex 11.620333 0.526012 9.999372
vertex 11.599857 0.526012 10.019372
endloop
endfacet
facet normal 0 0 0
outer loop
vertex 11.620333 0.526012 9.999372
vertex 11.599857 0.526012 9.999372
vertex 11.599857 0.526012 10.019372
endloop
endfacet
facet normal 0 0 0
outer loop
vertex 11.620333 0.526012 9.999372
vertex 11.620333 0.546765 10.019372
vertex 11.640808 0.546765 9.999372
endloop
endfacet
facet normal 0 0 0
outer loop
vertex 11.722712 0.526012 9.999372
vertex 11.702236 0.546765 9.999372
vertex 11.722712 0.546765 10.019372
endloop
endfacet
facet normal 0 0 0
outer loop
vertex 11.722712 0.526012 9.999372
vertex 11.722712 0.546765 10.019372
vertex 11.743187 0.546765 9.999372
endloop
endfacet
facet normal 0 0 0
outer loop
vertex 11.784140 0.526012 9.999372
vertex 11.763662 0.546765 9.999372
vertex 11.784140 0.546765 10.019372
endloop
endfacet
facet normal 0 0 0
outer loop
vertex 11.784140 0.526012 9.999372
vertex 11.804615 0.546765 10.019372
vertex 11.804615 0.526012 9.999372
endloop
endfacet
facet normal 0 0 0
outer loop
vertex 11.784140 0.546765 10.019372
vertex 11.804615 0.546765 10.019372
vertex 11.784140 0.526012 9.999372
endloop
endfacet
facet normal 0 0 0
outer loop
vertex 11.804615 0.526012 9.999372
vertex 11.825090 0.546765 10.019372
vertex 11.825090 0.526012 9.999372
endloop
endfacet
facet normal 0 0 0
outer loop
vertex 11.804615 0.546765 10.019372
vertex 11.825090 0.546765 10.019372
vertex 11.804615 0.526012 9.999372
endloop
endfacet
facet normal 0 0 0
outer loop
vertex 11.825090 0.526012 9.999372
vertex 11.825090 0.546765 10.019372
vertex 11.845566 0.526012 10.019372
endloop
endfacet
facet normal 0 0 0
outer loop
vertex 11.825090 0.546765 10.019372
vertex 11.845566 0.546765 10.019372
vertex 11.845566 0.526012 10.019372
endloop
endfacet
facet normal 0 0 0
outer loop
vertex 11.845566 0.546765 10.019372
vertex 11.866043 0.526012 10.019372
vertex 11.845566 0.526012 10.019372
endloop
endfacet
facet normal 0 0 0
outer loop
vertex 11.640808 0.546765 9.999372
vertex 11.620333 0.546765 10.019372
vertex 11.640808 0.546765 10.019372
endloop
endfacet
facet normal 0 0 0
outer loop
vertex 11.661283 0.546765 9.999372
vertex 11.640808 0.546765 9.999372
vertex 11.661283 0.546765 10.019372
endloop
endfacet
facet normal 0 0 0
outer loop
vertex 11.640808 0.546765 9.999372
vertex 11.640808 0.546765 10.019372
vertex 11.661283 0.546765 10.019372
endloop
endfacet
facet normal 0 0 0
outer loop
vertex 11.681761 0.567518 10.019372
vertex 11.681761 0.546765 9.999372
vertex 11.661283 0.546765 10.019372
endloop
endfacet
facet normal 0 0 0
outer loop
vertex 11.681761 0.546765 9.999372
vertex 11.661283 0.546765 9.999372
vertex 11.661283 0.546765 10.019372
endloop
endfacet
facet normal 0 0 0
outer loop
vertex 11.681761 0.546765 9.999372
vertex 11.702236 0.567518 10.019372
vertex 11.702236 0.546765 9.999372
endloop
endfacet
facet normal 0 0 0
outer loop
vertex 11.681761 0.567518 10.019372
vertex 11.702236 0.567518 10.019372
vertex 11.681761 0.546765 9.999372
endloop
endfacet
facet normal 0 0 0
outer loop
vertex 11.702236 0.546765 9.999372
vertex 11.702236 0.567518 10.019372
vertex 11.722712 0.546765 10.019372
endloop
endfacet
facet normal 0 0 0
outer loop
vertex 11.702236 0.567518 10.019372
vertex 11.722712 0.567518 10.019372
vertex 11.722712 0.546765 10.019372
endloop
endfacet
facet normal 0 0 0
outer loop
vertex 11.743187 0.546765 9.999372
vertex 11.722712 0.546765 10.019372
vertex 11.743187 0.567518 10.019372
endloop
endfacet
facet normal 0 0 0
outer loop
vertex 11.722712 0.546765 10.019372
vertex 11.722712 0.567518 10.019372
vertex 11.743187 0.567518 10.019372
endloop
endfacet
facet normal 0 0 0
outer loop
vertex 11.743187 0.546765 9.999372
vertex 11.763662 0.567518 10.019372
vertex 11.763662 0.546765 9.999372
endloop
endfacet
facet normal 0 0 0
outer loop
vertex 11.743187 0.567518 10.019372
vertex 11.763662 0.567518 10.019372
vertex 11.743187 0.546765 9.999372
endloop
endfacet
facet normal 0 0 0
outer loop
vertex 11.763662 0.546765 9.999372
vertex 11.763662 0.567518 10.019372
vertex 11.784140 0.546765 10.019372
endloop
endfacet
facet normal 0 0 0
outer loop
vertex 11.763662 0.567518 10.019372
vertex 11.784140 0.567518 10.019372
vertex 11.784140 0.546765 10.019372
endloop
endfacet
facet normal 0 0 0
outer loop
vertex 11.804615 0.546765 10.019372
vertex 11.784140 0.546765 10.019372
vertex 11.804615 0.567518 10.019372
endloop
endfacet
facet normal 0 0 0
outer loop
vertex 11.804615 0.567518 10.019372
vertex 11.784140 0.546765 10.019372
vertex 11.784140 0.567518 10.019372
endloop
endfacet
facet normal 0 0 0
outer loop
vertex 11.804615 0.567518 10.019372
vertex 11.825090 0.546765 10.019372
vertex 11.804615 0.546765 10.019372
endloop
endfacet
facet normal 0 0 0
outer loop
vertex 11.497478 0.214712 10.019372
vertex 11.497478 0.235465 10.039371
vertex 11.477001 0.235465 10.019372
endloop
endfacet
facet normal 0 0 0
outer loop
vertex 11.517954 0.214712 10.019372
vertex 11.497478 0.235465 10.039371
vertex 11.497478 0.214712 10.019372
endloop
endfacet
facet normal 0 0 0
outer loop
vertex 11.517954 0.235465 10.039371
vertex 11.497478 0.235465 10.039371
vertex 11.517954 0.214712 10.019372
endloop
endfacet
facet normal 0 0 0
outer loop
vertex 11.538429 0.214712 10.019372
vertex 11.517954 0.235465 10.039371
vertex 11.517954 0.214712 10.019372
endloop
endfacet
facet normal 0 0 0
outer loop
vertex 11.538429 0.235465 10.039371
vertex 11.517954 0.235465 10.039371
vertex 11.538429 0.214712 10.019372
endloop
endfacet
facet normal 0 0 0
outer loop
vertex 11.538429 0.214712 10.019372
vertex 11.558905 0.235465 10.019372
vertex 11.538429 0.235465 10.039371
endloop
endfacet
facet normal 0 0 0
outer loop
vertex 11.558905 0.235465 10.019372
vertex 11.558905 0.235465 10.039371
vertex 11.538429 0.235465 10.039371
endloop
endfacet
facet normal 0 0 0
outer loop
vertex 11.579380 0.235465 10.019372
vertex 11.579380 0.235465 10.039371
vertex 11.558905 0.235465 10.019372
endloop
endfacet
facet normal 0 0 0
outer loop
vertex 11.558905 0.235465 10.019372
vertex 11.579380 0.235465 10.039371
vertex 11.558905 0.235465 10.039371
endloop
endfacet
facet normal 0 0 0
outer loop
vertex 11.599857 0.235465 10.019372
vertex 11.599857 0.235465 10.039371
vertex 11.579380 0.235465 10.019372
endloop
endfacet
facet normal 0 0 0
outer loop
vertex 11.579380 0.235465 10.019372
vertex 11.599857 0.235465 10.039371
vertex 11.579380 0.235465 10.039371
endloop
endfacet
facet normal 0 0 0
outer loop
vertex 11.620333 0.235465 10.019372
vertex 11.599857 0.235465 10.039371
vertex 11.599857 0.235465 10.019372
endloop
endfacet
facet normal 0 0 0
outer loop
vertex 11.415575 0.256219 10.019372
vertex 11.436050 0.235465 10.019372
vertex 11.436050 0.256219 10.019372
endloop
endfacet
facet normal 0 0 0
outer loop
vertex 11.456526 0.256219 10.039371
vertex 11.436050 0.256219 10.019372
vertex 11.456526 0.235465 10.019372
endloop
endfacet
facet normal 0 0 0
outer loop
vertex 11.436050 0.256219 10.019372
vertex 11.436050 0.235465 10.019372
vertex 11.456526 0.235465 10.019372
endloop
endfacet
facet normal 0 0 0
outer loop
vertex 11.477001 0.235465 10.019372
vertex 11.456526 0.256219 10.039371
vertex 11.456526 0.235465 10.019372
endloop
endfacet
facet normal 0 0 0
outer loop
vertex 11.477001 0.256219 10.039371
vertex 11.456526 0.256219 10.039371
vertex 11.477001 0.235465 10.019372
endloop
endfacet
facet normal 0 0 0
outer loop
vertex 11.497478 0.235465 10.039371
vertex 11.477001 0.256219 10.039371
vertex 11.477001 0.235465 10.019372
endloop
endfacet
facet normal 0 0 0
outer loop
vertex 11.620333 0.235465 10.019372
vertex 11.620333 0.256219 10.039371
vertex 11.599857 0.235465 10.039371
endloop
endfacet
facet normal 0 0 0
outer loop
vertex 11.640808 0.235465 10.019372
vertex 11.620333 0.256219 10.039371
vertex 11.620333 0.235465 10.019372
endloop
endfacet
facet normal 0 0 0
outer loop
vertex 11.640808 0.256219 10.039371
vertex 11.620333 0.256219 10.039371
vertex 11.640808 0.235465 10.019372
endloop
endfacet
facet normal 0 0 0
outer loop
vertex 11.661283 0.235465 10.019372
vertex 11.640808 0.256219 10.039371
vertex 11.640808 0.235465 10.019372
endloop
endfacet
facet normal 0 0 0
outer loop
vertex 11.661283 0.256219 10.039371
vertex 11.640808 0.256219 10.039371
vertex 11.661283 0.235465 10.019372
endloop
endfacet
facet normal 0 0 0
outer loop
vertex 11.681761 0.256219 10.019372
vertex 11.661283 0.256219 10.039371
vertex 11.661283 0.235465 10.019372
endloop
endfacet
facet normal 0 0 0
outer loop
vertex 11.395100 0.276972 10.019372
vertex 11.415575 0.256219 10.019372
vertex 11.415575 0.276972 10.019372
endloop
endfacet
facet normal 0 0 0
outer loop
vertex 11.436050 0.276972 10.039371
vertex 11.415575 0.276972 10.019372
vertex 11.436050 0.256219 10.019372
endloop
endfacet
facet normal 0 0 0
outer loop
vertex 11.415575 0.276972 10.019372
vertex 11.415575 0.256219 10.019372
vertex 11.436050 0.256219 10.019372
endloop
endfacet
facet normal 0 0 0
outer loop
vertex 11.456526 0.256219 10.039371
vertex 11.436050 0.276972 10.039371
vertex 11.436050 0.256219 10.019372
endloop
endfacet
facet normal 0 0 0
outer loop
vertex 11.681761 0.256219 10.019372
vertex 11.681761 0.276972 10.039371
vertex 11.661283 0.256219 10.039371
endloop
endfacet
facet normal 0 0 0
outer loop
vertex 11.702236 0.256219 10.019372
vertex 11.681761 0.276972 10.039371
vertex 11.681761 0.256219 10.019372
endloop
endfacet
facet normal 0 0 0
outer loop
vertex 11.702236 0.276972 10.039371
vertex 11.681761 0.276972 10.039371
vertex 11.702236 0.256219 10.019372
endloop
endfacet
facet normal 0 0 0
outer loop
vertex 11.722712 0.276972 10.019372
vertex 11.702236 0.276972 10.039371
vertex 11.702236 0.256219 10.019372
endloop
endfacet
facet normal 0 0 0
outer loop
vertex 11.415575 0.297725 10.039371
vertex 11.395100 0.297725 10.019372
vertex 11.415575 0.276972 10.019372
endloop
endfacet
facet normal 0 0 0
outer loop
vertex 11.395100 0.297725 10.019372
vertex 11.395100 0.276972 10.019372
vertex 11.415575 0.276972 10.019372
endloop
endfacet
facet normal 0 0 0
outer loop
vertex 11.436050 0.276972 10.039371
vertex 11.415575 0.297725 10.039371
vertex 11.415575 0.276972 10.019372
endloop
endfacet
facet normal 0 0 0
outer loop
vertex 11.722712 0.276972 10.019372
vertex 11.722712 0.297725 10.039371
vertex 11.702236 0.276972 10.039371
endloop
endfacet
facet normal 0 0 0
outer loop
vertex 11.743187 0.276972 10.019372
vertex 11.722712 0.297725 10.039371
vertex 11.722712 0.276972 10.019372
endloop
endfacet
facet normal 0 0 0
outer loop
vertex 11.743187 0.297725 10.039371
vertex 11.722712 0.297725 10.039371
vertex 11.743187 0.276972 10.019372
endloop
endfacet
facet normal 0 0 0
outer loop
vertex 11.763662 0.297725 10.019372
vertex 11.743187 0.297725 10.039371
vertex 11.743187 0.276972 10.019372
endloop
endfacet
facet normal 0 0 0
outer loop
vertex 11.395100 0.297725 10.019372
vertex 11.395100 0.318479 10.039371
vertex 11.395100 0.318479 10.019372
endloop
endfacet
facet normal 0 0 0
outer loop
vertex 11.415575 0.297725 10.039371
vertex 11.395100 0.318479 10.039371
vertex 11.395100 0.297725 10.019372
endloop
endfacet
facet normal 0 0 0
outer loop
vertex 11.763662 0.297725 10.019372
vertex 11.763662 0.318479 10.039371
vertex 11.743187 0.297725 10.039371
endloop
endfacet
facet normal 0 0 0
outer loop
vertex 11.784140 0.318479 10.019372
vertex 11.763662 0.318479 10.039371
vertex 11.763662 0.297725 10.019372
endloop
endfacet
facet normal 0 0 0
outer loop
vertex 11.395100 0.318479 10.019372
vertex 11.395100 0.318479 10.039371
vertex 11.395100 0.339232 10.019372
endloop
endfacet
facet normal 0 0 0
outer loop
vertex 11.395100 0.318479 10.039371
vertex 11.395100 0.339232 10.039371
vertex 11.395100 0.339232 10.019372
endloop
endfacet
facet normal 0 0 0
outer loop
vertex 11.784140 0.318479 10.019372
vertex 11.784140 0.339232 10.039371
vertex 11.763662 0.318479 10.039371
endloop
endfacet
facet normal 0 0 0
outer loop
vertex 11.784140 0.318479 10.019372
vertex 11.804615 0.339232 10.019372
vertex 11.784140 0.339232 10.039371
endloop
endfacet
facet normal 0 0 0
outer loop
vertex 11.804615 0.339232 10.019372
vertex 11.804615 0.339232 10.039371
vertex 11.784140 0.339232 10.039371
endloop
endfacet
facet normal 0 0 0
outer loop
vertex 11.395100 0.359985 10.039371
vertex 11.395100 0.339232 10.019372
vertex 11.395100 0.339232 10.039371
endloop
endfacet
facet normal 0 0 0
outer loop
vertex 11.395100 0.339232 10.019372
vertex 11.395100 0.359985 10.039371
vertex 11.415575 0.359985 10.019372
endloop
endfacet
facet normal 0 0 0
outer loop
vertex 11.804615 0.339232 10.019372
vertex 11.825090 0.359985 10.039371
vertex 11.804615 0.339232 10.039371
endloop
endfacet
facet normal 0 0 0
outer loop
vertex 11.825090 0.359985 10.019372
vertex 11.825090 0.359985 10.039371
vertex 11.804615 0.339232 10.019372
endloop
endfacet
facet normal 0 0 0
outer loop
vertex 11.415575 0.359985 10.019372
vertex 11.395100 0.359985 10.039371
vertex 11.415575 0.380738 10.039371
endloop
endfacet
facet normal 0 0 0
outer loop
vertex 11.415575 0.359985 10.019372
vertex 11.415575 0.380738 10.039371
vertex 11.436050 0.380738 10.019372
endloop
endfacet
facet normal 0 0 0
outer loop
vertex 11.825090 0.359985 10.019372
vertex 11.845566 0.380738 10.039371
vertex 11.825090 0.359985 10.039371
endloop
endfacet
facet normal 0 0 0
outer loop
vertex 11.845566 0.380738 10.019372
vertex 11.845566 0.380738 10.039371
vertex 11.825090 0.359985 10.019372
endloop
endfacet
facet normal 0 0 0
outer loop
vertex 11.436050 0.380738 10.019372
vertex 11.415575 0.380738 10.039371
vertex 11.436050 0.401492 10.039371
endloop
endfacet
facet normal 0 0 0
outer loop
vertex 11.415575 0.380738 10.039371
vertex 11.415575 0.401492 10.039371
vertex 11.436050 0.401492 10.039371
endloop
endfacet
facet normal 0 0 0
outer loop
vertex 11.436050 0.380738 10.019372
vertex 11.436050 0.401492 10.039371
vertex 11.456526 0.401492 10.019372
endloop
endfacet
facet normal 0 0 0
outer loop
vertex 11.845566 0.380738 10.019372
vertex 11.866043 0.401492 10.039371
vertex 11.845566 0.380738 10.039371
endloop
endfacet
facet normal 0 0 0
outer loop
vertex 11.866043 0.401492 10.019372
vertex 11.866043 0.401492 10.039371
vertex 11.845566 0.380738 10.019372
endloop
endfacet
facet normal 0 0 0
outer loop
vertex 11.415575 0.401492 10.039371
vertex 11.436050 0.422245 10.039371
vertex 11.436050 0.401492 10.039371
endloop
endfacet
facet normal 0 0 0
outer loop
vertex 11.456526 0.401492 10.019372
vertex 11.436050 0.422245 10.039371
vertex 11.456526 0.422245 10.019372
endloop
endfacet
facet normal 0 0 0
outer loop
vertex 11.436050 0.401492 10.039371
vertex 11.436050 0.422245 10.039371
vertex 11.456526 0.401492 10.019372
endloop
endfacet
facet normal 0 0 0
outer loop
vertex 11.886518 0.422245 10.039371
vertex 11.866043 0.401492 10.039371
vertex 11.866043 0.422245 10.019372
endloop
endfacet
facet normal 0 0 0
outer loop
vertex 11.866043 0.401492 10.039371
vertex 11.866043 0.401492 10.019372
vertex 11.866043 0.422245 10.019372
endloop
endfacet
facet normal 0 0 0
outer loop
vertex 11.456526 0.422245 10.019372
vertex 11.436050 0.422245 10.039371
vertex 11.456526 0.442998 10.039371
endloop
endfacet
facet normal 0 0 0
outer loop
vertex 11.456526 0.422245 10.019372
vertex 11.456526 0.442998 10.039371
vertex 11.477001 0.442998 10.019372
endloop
endfacet
facet normal 0 0 0
outer loop
vertex 11.866043 0.422245 10.019372
vertex 11.886518 0.442998 10.019372
vertex 11.886518 0.422245 10.039371
endloop
endfacet
facet normal 0 0 0
outer loop
vertex 11.886518 0.442998 10.019372
vertex 11.906994 0.442998 10.039371
vertex 11.886518 0.422245 10.039371
endloop
endfacet
facet normal 0 0 0
outer loop
vertex 11.477001 0.442998 10.019372
vertex 11.456526 0.442998 10.039371
vertex 11.477001 0.463752 10.039371
endloop
endfacet
facet normal 0 0 0
outer loop
vertex 11.477001 0.442998 10.019372
vertex 11.477001 0.463752 10.039371
vertex 11.497478 0.463752 10.019372
endloop
endfacet
facet normal 0 0 0
outer loop
vertex 11.906994 0.442998 10.039371
vertex 11.886518 0.463752 10.019372
vertex 11.906994 0.463752 10.039371
endloop
endfacet
facet normal 0 0 0
outer loop
vertex 11.886518 0.442998 10.019372
vertex 11.886518 0.463752 10.019372
vertex 11.906994 0.442998 10.039371
endloop
endfacet
facet normal 0 0 0
outer loop
vertex 11.497478 0.463752 10.019372
vertex 11.477001 0.463752 10.039371
vertex 11.497478 0.484505 10.039371
endloop
endfacet
facet normal 0 0 0
outer loop
vertex 11.497478 0.463752 10.019372
vertex 11.497478 0.484505 10.039371
vertex 11.517954 0.484505 10.019372
endloop
endfacet
facet normal 0 0 0
outer loop
vertex 11.906994 0.463752 10.039371
vertex 11.886518 0.484505 10.019372
vertex 11.906994 0.484505 10.039371
endloop
endfacet
facet normal 0 0 0
outer loop
vertex 11.886518 0.463752 10.019372
vertex 11.886518 0.484505 10.019372
vertex 11.906994 0.463752 10.039371
endloop
endfacet
facet normal 0 0 0
outer loop
vertex 11.517954 0.484505 10.019372
vertex 11.497478 0.484505 10.039371
vertex 11.517954 0.505259 10.039371
endloop
endfacet
facet normal 0 0 0
outer loop
vertex 11.517954 0.484505 10.019372
vertex 11.517954 0.505259 10.039371
vertex 11.538429 0.505259 10.019372
endloop
endfacet
facet normal 0 0 0
outer loop
vertex 11.906994 0.484505 10.039371
vertex 11.886518 0.505259 10.019372
vertex 11.906994 0.505259 10.039371
endloop
endfacet
facet normal 0 0 0
outer loop
vertex 11.886518 0.484505 10.019372
vertex 11.886518 0.505259 10.019372
vertex 11.906994 0.484505 10.039371
endloop
endfacet
facet normal 0 0 0
outer loop
vertex 11.538429 0.505259 10.019372
vertex 11.517954 0.505259 10.039371
vertex 11.538429 0.526012 10.039371
endloop
endfacet
facet normal 0 0 0
outer loop
vertex 11.538429 0.505259 10.019372
vertex 11.558905 0.526012 10.039371
vertex 11.558905 0.505259 10.019372
endloop
endfacet
facet normal 0 0 0
outer loop
vertex 11.538429 0.526012 10.039371
vertex 11.558905 0.526012 10.039371
vertex 11.538429 0.505259 10.019372
endloop
endfacet
facet normal 0 0 0
outer loop
vertex 11.558905 0.505259 10.019372
vertex 11.558905 0.526012 10.039371
vertex 11.579380 0.526012 10.019372
endloop
endfacet
facet normal 0 0 0
outer loop
vertex 11.886518 0.505259 10.019372
vertex 11.866043 0.526012 10.019372
vertex 11.886518 0.526012 10.039371
endloop
endfacet
facet normal 0 0 0
outer loop
vertex 11.886518 0.505259 10.019372
vertex 11.886518 0.526012 10.039371
vertex 11.906994 0.505259 10.039371
endloop
endfacet
facet normal 0 0 0
outer loop
vertex 11.886518 0.526012 10.039371
vertex 11.906994 0.526012 10.039371
vertex 11.906994 0.505259 10.039371
endloop
endfacet
facet normal 0 0 0
outer loop
vertex 11.579380 0.526012 10.019372
vertex 11.558905 0.526012 10.039371
vertex 11.579380 0.546765 10.039371
endloop
endfacet
facet normal 0 0 0
outer loop
vertex 11.579380 0.526012 10.019372
vertex 11.599857 0.546765 10.039371
vertex 11.599857 0.526012 10.019372
endloop
endfacet
facet normal 0 0 0
outer loop
vertex 11.579380 0.546765 10.039371
vertex 11.599857 0.546765 10.039371
vertex 11.579380 0.526012 10.019372
endloop
endfacet
facet normal 0 0 0
outer loop
vertex 11.599857 0.526012 10.019372
vertex 11.599857 0.546765 10.039371
vertex 11.620333 0.546765 10.019372
endloop
endfacet
facet normal 0 0 0
outer loop
vertex 11.866043 0.526012 10.019372
vertex 11.845566 0.546765 10.019372
vertex 11.866043 0.546765 10.039371
endloop
endfacet
facet normal 0 0 0
outer loop
vertex 11.866043 0.526012 10.019372
vertex 11.866043 0.546765 10.039371
vertex 11.886518 0.526012 10.039371
endloop
endfacet
facet normal 0 0 0
outer loop
vertex 11.866043 0.546765 10.039371
vertex 11.886518 0.546765 10.039371
vertex 11.886518 0.526012 10.039371
endloop
endfacet
facet normal 0 0 0
outer loop
vertex 11.886518 0.546765 10.039371
vertex 11.906994 0.526012 10.039371
vertex 11.886518 0.526012 10.039371
endloop
endfacet
facet normal 0 0 0
outer loop
vertex 11.579380 0.546765 10.039371
vertex 11.599857 0.567518 10.039371
vertex 11.599857 0.546765 10.039371
endloop
endfacet
facet normal 0 0 0
outer loop
vertex 11.620333 0.546765 10.019372
vertex 11.599857 0.546765 10.039371
vertex 11.620333 0.567518 10.039371
endloop
endfacet
facet normal 0 0 0
outer loop
vertex 11.599857 0.546765 10.039371
vertex 11.599857 0.567518 10.039371
vertex 11.620333 0.567518 10.039371
endloop
endfacet
facet normal 0 0 0
outer loop
vertex 11.620333 0.546765 10.019372
vertex 11.640808 0.567518 10.039371
vertex 11.640808 0.546765 10.019372
endloop
endfacet
facet normal 0 0 0
outer loop
vertex 11.620333 0.567518 10.039371
vertex 11.640808 0.567518 10.039371
vertex 11.620333 0.546765 10.019372
endloop
endfacet
facet normal 0 0 0
outer loop
vertex 11.640808 0.546765 10.019372
vertex 11.661283 0.567518 10.039371
vertex 11.661283 0.546765 10.019372
endloop
endfacet
facet normal 0 0 0
outer loop
vertex 11.640808 0.567518 10.039371
vertex 11.661283 0.567518 10.039371
vertex 11.640808 0.546765 10.019372
endloop
endfacet
facet normal 0 0 0
outer loop
vertex 11.661283 0.546765 10.019372
vertex 11.661283 0.567518 10.039371
vertex 11.681761 0.567518 10.019372
endloop
endfacet
facet normal 0 0 0
outer loop
vertex 11.825090 0.546765 10.019372
vertex 11.804615 0.567518 10.019372
vertex 11.825090 0.567518 10.039371
endloop
endfacet
facet normal 0 0 0
outer loop
vertex 11.825090 0.546765 10.019372
vertex 11.845566 0.567518 10.039371
vertex 11.845566 0.546765 10.019372
endloop
endfacet
facet normal 0 0 0
outer loop
vertex 11.825090 0.567518 10.039371
vertex 11.845566 0.567518 10.039371
vertex 11.825090 0.546765 10.019372
endloop
endfacet
facet normal 0 0 0
outer loop
vertex 11.845566 0.546765 10.019372
vertex 11.845566 0.567518 10.039371
vertex 11.866043 0.546765 10.039371
endloop
endfacet
facet normal 0 0 0
outer loop
vertex 11.681761 0.567518 10.019372
vertex 11.661283 0.567518 10.039371
vertex 11.681761 0.588272 10.039371
endloop
endfacet
facet normal 0 0 0
outer loop
vertex 11.681761 0.567518 10.019372
vertex 11.702236 0.588272 10.039371
vertex 11.702236 0.567518 10.019372
endloop
endfacet
facet normal 0 0 0
outer loop
vertex 11.681761 0.588272 10.039371
vertex 11.702236 0.588272 10.039371
vertex 11.681761 0.567518 10.019372
endloop
endfacet
facet normal 0 0 0
outer loop
vertex 11.702236 0.567518 10.019372
vertex 11.722712 0.588272 10.039371
vertex 11.722712 0.567518 10.019372
endloop
endfacet
facet normal 0 0 0
outer loop
vertex 11.702236 0.588272 10.039371
vertex 11.722712 0.588272 10.039371
vertex 11.702236 0.567518 10.019372
endloop
endfacet
facet normal 0 0 0
outer loop
vertex 11.722712 0.567518 10.019372
vertex 11.743187 0.588272 10.039371
vertex 11.743187 0.567518 10.019372
endloop
endfacet
facet normal 0 0 0
outer loop
vertex 11.722712 0.588272 10.039371
vertex 11.743187 0.588272 10.039371
vertex 11.722712 0.567518 10.019372
endloop
endfacet
facet normal 0 0 0
outer loop
vertex 11.743187 0.567518 10.019372
vertex 11.763662 0.588272 10.039371
vertex 11.763662 0.567518 10.019372
endloop
endfacet
facet normal 0 0 0
outer loop
vertex 11.743187 0.588272 10.039371
vertex 11.763662 0.588272 10.039371
vertex 11.743187 0.567518 10.019372
endloop
endfacet
facet normal 0 0 0
outer loop
vertex 11.763662 0.567518 10.019372
vertex 11.784140 0.588272 10.039371
vertex 11.784140 0.567518 10.019372
endloop
endfacet
facet normal 0 0 0
outer loop
vertex 11.763662 0.588272 10.039371
vertex 11.784140 0.588272 10.039371
vertex 11.763662 0.567518 10.019372
endloop
endfacet
facet normal 0 0 0
outer loop
vertex 11.784140 0.567518 10.019372
vertex 11.804615 0.588272 10.039371
vertex 11.804615 0.567518 10.019372
endloop
endfacet
facet normal 0 0 0
outer loop
vertex 11.784140 0.588272 10.039371
vertex 11.804615 0.588272 10.039371
vertex 11.784140 0.567518 10.019372
endloop
endfacet
facet normal 0 0 0
outer loop
vertex 11.804615 0.567518 10.019372
vertex 11.804615 0.588272 10.039371
vertex 11.825090 0.567518 10.039371
endloop
endfacet
facet normal 0 0 0
outer loop
vertex 11.477001 0.256219 10.039371
vertex 11.497478 0.235465 10.039371
vertex 11.497478 0.256219 10.039371
endloop
endfacet
facet normal 0 0 0
outer loop
vertex 11.517954 0.235465 10.039371
vertex 11.517954 0.256219 10.039371
vertex 11.497478 0.235465 10.039371
endloop
endfacet
facet normal 0 0 0
outer loop
vertex 11.517954 0.256219 10.039371
vertex 11.497478 0.256219 10.039371
vertex 11.497478 0.235465 10.039371
endloop
endfacet
facet normal 0 0 0
outer loop
vertex 11.538429 0.256219 10.059372
vertex 11.517954 0.256219 10.039371
vertex 11.538429 0.235465 10.039371
endloop
endfacet
facet normal 0 0 0
outer loop
vertex 11.517954 0.256219 10.039371
vertex 11.517954 0.235465 10.039371
vertex 11.538429 0.235465 10.039371
endloop
endfacet
facet normal 0 0 0
outer loop
vertex 11.558905 0.235465 10.039371
vertex 11.538429 0.256219 10.059372
vertex 11.538429 0.235465 10.039371
endloop
endfacet
facet normal 0 0 0
outer loop
vertex 11.558905 0.256219 10.059372
vertex 11.538429 0.256219 10.059372
vertex 11.558905 0.235465 10.039371
endloop
endfacet
facet normal 0 0 0
outer loop
vertex 11.579380 0.235465 10.039371
vertex 11.558905 0.256219 10.059372
vertex 11.558905 0.235465 10.039371
endloop
endfacet
facet normal 0 0 0
outer loop
vertex 11.579380 0.256219 10.059372
vertex 11.558905 0.256219 10.059372
vertex 11.579380 0.235465 10.039371
endloop
endfacet
facet normal 0 0 0
outer loop
vertex 11.599857 0.235465 10.039371
vertex 11.579380 0.256219 10.059372
vertex 11.579380 0.235465 10.039371
endloop
endfacet
facet normal 0 0 0
outer loop
vertex 11.599857 0.256219 10.059372
vertex 11.579380 0.256219 10.059372
vertex 11.599857 0.235465 10.039371
endloop
endfacet
facet normal 0 0 0
outer loop
vertex 11.599857 0.235465 10.039371
vertex 11.620333 0.256219 10.039371
vertex 11.599857 0.256219 10.059372
endloop
endfacet
facet normal 0 0 0
outer loop
vertex 11.620333 0.256219 10.039371
vertex 11.620333 0.256219 10.059372
vertex 11.599857 0.256219 10.059372
endloop
endfacet
facet normal 0 0 0
outer loop
vertex 11.640808 0.256219 10.039371
vertex 11.620333 0.256219 10.059372
vertex 11.620333 0.256219 10.039371
endloop
endfacet
facet normal 0 0 0
outer loop
vertex 11.456526 0.256219 10.039371
vertex 11.456526 0.276972 10.059372
vertex 11.436050 0.276972 10.039371
endloop
endfacet
facet normal 0 0 0
outer loop
vertex 11.477001 0.256219 10.039371
vertex 11.456526 0.276972 10.059372
vertex 11.456526 0.256219 10.039371
endloop
endfacet
facet normal 0 0 0
outer loop
vertex 11.477001 0.276972 10.059372
vertex 11.456526 0.276972 10.059372
vertex 11.477001 0.256219 10.039371
endloop
endfacet
facet normal 0 0 0
outer loop
vertex 11.497478 0.256219 10.039371
vertex 11.477001 0.276972 10.059372
vertex 11.477001 0.256219 10.039371
endloop
endfacet
facet normal 0 0 0
outer loop
vertex 11.497478 0.276972 10.059372
vertex 11.477001 0.276972 10.059372
vertex 11.497478 0.256219 10.039371
endloop
endfacet
facet normal 0 0 0
outer loop
vertex 11.517954 0.256219 10.039371
vertex 11.497478 0.276972 10.059372
vertex 11.497478 0.256219 10.039371
endloop
endfacet
facet normal 0 0 0
outer loop
vertex 11.517954 0.276972 10.059372
vertex 11.497478 0.276972 10.059372
vertex 11.517954 0.256219 10.039371
endloop
endfacet
facet normal 0 0 0
outer loop
vertex 11.538429 0.256219 10.059372
vertex 11.517954 0.276972 10.059372
vertex 11.517954 0.256219 10.039371
endloop
endfacet
facet normal 0 0 0
outer loop
vertex 11.640808 0.256219 10.039371
vertex 11.640808 0.276972 10.059372
vertex 11.620333 0.256219 10.059372
endloop
endfacet
facet normal 0 0 0
outer loop
vertex 11.661283 0.256219 10.039371
vertex 11.640808 0.276972 10.059372
vertex 11.640808 0.256219 10.039371
endloop
endfacet
facet normal 0 0 0
outer loop
vertex 11.661283 0.276972 10.059372
vertex 11.640808 0.276972 10.059372
vertex 11.661283 0.256219 10.039371
endloop
endfacet
facet normal 0 0 0
outer loop
vertex 11.661283 0.256219 10.039371
vertex 11.681761 0.276972 10.039371
vertex 11.661283 0.276972 10.059372
endloop
endfacet
facet normal 0 0 0
outer loop
vertex 11.681761 0.276972 10.039371
vertex 11.681761 0.276972 10.059372
vertex 11.661283 0.276972 10.059372
endloop
endfacet
facet normal 0 0 0
outer loop
vertex 11.702236 0.276972 10.039371
vertex 11.702236 0.276972 10.059372
vertex 11.681761 0.276972 10.039371
endloop
endfacet
facet normal 0 0 0
outer loop
vertex 11.681761 0.276972 10.039371
vertex 11.702236 0.276972 10.059372
vertex 11.681761 0.276972 10.059372
endloop
endfacet
facet normal 0 0 0
outer loop
vertex 11.436050 0.276972 10.039371
vertex 11.436050 0.297725 10.059372
vertex 11.415575 0.297725 10.039371
endloop
endfacet
facet normal 0 0 0
outer loop
vertex 11.456526 0.276972 10.059372
vertex 11.436050 0.297725 10.059372
vertex 11.436050 0.276972 10.039371
endloop
endfacet
facet normal 0 0 0
outer loop
vertex 11.702236 0.276972 10.039371
vertex 11.722712 0.297725 10.059372
vertex 11.702236 0.276972 10.059372
endloop
endfacet
facet normal 0 0 0
outer loop
vertex 11.722712 0.297725 10.039371
vertex 11.722712 0.297725 10.059372
vertex 11.702236 0.276972 10.039371
endloop
endfacet
facet normal 0 0 0
outer loop
vertex 11.743187 0.297725 10.039371
vertex 11.743187 0.297725 10.059372
vertex 11.722712 0.297725 10.039371
endloop
endfacet
facet normal 0 0 0
outer loop
vertex 11.722712 0.297725 10.039371
vertex 11.743187 0.297725 10.059372
vertex 11.722712 0.297725 10.059372
endloop
endfacet
facet normal 0 0 0
outer loop
vertex 11.395100 0.318479 10.039371
vertex 11.415575 0.297725 10.039371
vertex 11.415575 0.318479 10.039371
endloop
endfacet
facet normal 0 0 0
outer loop
vertex 11.436050 0.318479 10.059372
vertex 11.415575 0.297725 10.039371
vertex 11.436050 0.297725 10.059372
endloop
endfacet
facet normal 0 0 0
outer loop
vertex 11.415575 0.318479 10.039371
vertex 11.415575 0.297725 10.039371
vertex 11.436050 0.318479 10.059372
endloop
endfacet
facet normal 0 0 0
outer loop
vertex 11.743187 0.297725 10.039371
vertex 11.763662 0.318479 10.059372
vertex 11.743187 0.297725 10.059372
endloop
endfacet
facet normal 0 0 0
outer loop
vertex 11.763662 0.318479 10.039371
vertex 11.763662 0.318479 10.059372
vertex 11.743187 0.297725 10.039371
endloop
endfacet
facet normal 0 0 0
outer loop
vertex 11.415575 0.339232 10.059372
vertex 11.395100 0.339232 10.039371
vertex 11.415575 0.318479 10.039371
endloop
endfacet
facet normal 0 0 0
outer loop
vertex 11.395100 0.339232 10.039371
vertex 11.395100 0.318479 10.039371
vertex 11.415575 0.318479 10.039371
endloop
endfacet
facet normal 0 0 0
outer loop
vertex 11.436050 0.318479 10.059372
vertex 11.415575 0.339232 10.059372
vertex 11.415575 0.318479 10.039371
endloop
endfacet
facet normal 0 0 0
outer loop
vertex 11.763662 0.318479 10.039371
vertex 11.784140 0.339232 10.059372
vertex 11.763662 0.318479 10.059372
endloop
endfacet
facet normal 0 0 0
outer loop
vertex 11.784140 0.339232 10.039371
vertex 11.784140 0.339232 10.059372
vertex 11.763662 0.318479 10.039371
endloop
endfacet
facet normal 0 0 0
outer loop
vertex 11.804615 0.339232 10.039371
vertex 11.784140 0.339232 10.059372
vertex 11.784140 0.339232 10.039371
endloop
endfacet
facet normal 0 0 0
outer loop
vertex 11.415575 0.359985 10.059372
vertex 11.395100 0.339232 10.039371
vertex 11.415575 0.339232 10.059372
endloop
endfacet
facet normal 0 0 0
outer loop
vertex 11.395100 0.359985 10.039371
vertex 11.395100 0.339232 10.039371
vertex 11.415575 0.359985 10.059372
endloop
endfacet
facet normal 0 0 0
outer loop
vertex 11.804615 0.339232 10.039371
vertex 11.804615 0.359985 10.059372
vertex 11.784140 0.339232 10.059372
endloop
endfacet
facet normal 0 0 0
outer loop
vertex 11.804615 0.339232 10.039371
vertex 11.825090 0.359985 10.039371
vertex 11.804615 0.359985 10.059372
endloop
endfacet
facet normal 0 0 0
outer loop
vertex 11.825090 0.359985 10.039371
vertex 11.825090 0.359985 10.059372
vertex 11.804615 0.359985 10.059372
endloop
endfacet
facet normal 0 0 0
outer loop
vertex 11.395100 0.359985 10.039371
vertex 11.415575 0.359985 10.059372
vertex 11.415575 0.380738 10.039371
endloop
endfacet
facet normal 0 0 0
outer loop
vertex 11.415575 0.359985 10.059372
vertex 11.415575 0.380738 10.059372
vertex 11.415575 0.380738 10.039371
endloop
endfacet
facet normal 0 0 0
outer loop
vertex 11.845566 0.380738 10.039371
vertex 11.825090 0.380738 10.059372
vertex 11.825090 0.359985 10.039371
endloop
endfacet
facet normal 0 0 0
outer loop
vertex 11.825090 0.380738 10.059372
vertex 11.825090 0.359985 10.059372
vertex 11.825090 0.359985 10.039371
endloop
endfacet
facet normal 0 0 0
outer loop
vertex 11.415575 0.380738 10.059372
vertex 11.415575 0.401492 10.039371
vertex 11.415575 0.380738 10.039371
endloop
endfacet
facet normal 0 0 0
outer loop
vertex 11.415575 0.380738 10.059372
vertex 11.436050 0.401492 10.059372
vertex 11.415575 0.401492 10.039371
endloop
endfacet
facet normal 0 0 0
outer loop
vertex 11.845566 0.380738 10.039371
vertex 11.845566 0.401492 10.059372
vertex 11.825090 0.380738 10.059372
endloop
endfacet
facet normal 0 0 0
outer loop
vertex 11.866043 0.401492 10.039371
vertex 11.845566 0.401492 10.059372
vertex 11.845566 0.380738 10.039371
endloop
endfacet
facet normal 0 0 0
outer loop
vertex 11.415575 0.401492 10.039371
vertex 11.436050 0.401492 10.059372
vertex 11.436050 0.422245 10.039371
endloop
endfacet
facet normal 0 0 0
outer loop
vertex 11.436050 0.401492 10.059372
vertex 11.436050 0.422245 10.059372
vertex 11.436050 0.422245 10.039371
endloop
endfacet
facet normal 0 0 0
outer loop
vertex 11.866043 0.401492 10.039371
vertex 11.866043 0.422245 10.059372
vertex 11.845566 0.401492 10.059372
endloop
endfacet
facet normal 0 0 0
outer loop
vertex 11.886518 0.422245 10.039371
vertex 11.866043 0.422245 10.059372
vertex 11.866043 0.401492 10.039371
endloop
endfacet
facet normal 0 0 0
outer loop
vertex 11.436050 0.422245 10.059372
vertex 11.456526 0.442998 10.039371
vertex 11.436050 0.422245 10.039371
endloop
endfacet
facet normal 0 0 0
outer loop
vertex 11.456526 0.442998 10.059372
vertex 11.456526 0.442998 10.039371
vertex 11.436050 0.422245 10.059372
endloop
endfacet
facet normal 0 0 0
outer loop
vertex 11.886518 0.422245 10.039371
vertex 11.886518 0.442998 10.059372
vertex 11.866043 0.422245 10.059372
endloop
endfacet
facet normal 0 0 0
outer loop
vertex 11.906994 0.442998 10.039371
vertex 11.886518 0.442998 10.059372
vertex 11.886518 0.422245 10.039371
endloop
endfacet
facet normal 0 0 0
outer loop
vertex 11.456526 0.442998 10.059372
vertex 11.477001 0.463752 10.039371
vertex 11.456526 0.442998 10.039371
endloop
endfacet
facet normal 0 0 0
outer loop
vertex 11.477001 0.463752 10.059372
vertex 11.477001 0.463752 10.039371
vertex 11.456526 0.442998 10.059372
endloop
endfacet
facet normal 0 0 0
outer loop
vertex 11.906994 0.442998 10.039371
vertex 11.906994 0.463752 10.059372
vertex 11.886518 0.442998 10.059372
endloop
endfacet
facet normal 0 0 0
outer loop
vertex 11.906994 0.463752 10.059372
vertex 11.906994 0.442998 10.039371
vertex 11.906994 0.463752 10.039371
endloop
endfacet
facet normal 0 0 0
outer loop
vertex 11.477001 0.463752 10.059372
vertex 11.497478 0.484505 10.039371
vertex 11.477001 0.463752 10.039371
endloop
endfacet
facet normal 0 0 0
outer loop
vertex 11.497478 0.484505 10.059372
vertex 11.497478 0.484505 10.039371
vertex 11.477001 0.463752 10.059372
endloop
endfacet
facet normal 0 0 0
outer loop
vertex 11.906994 0.463752 10.039371
vertex 11.906994 0.484505 10.039371
vertex 11.906994 0.463752 10.059372
endloop
endfacet
facet normal 0 0 0
outer loop
vertex 11.906994 0.463752 10.059372
vertex 11.906994 0.484505 10.039371
vertex 11.906994 0.484505 10.059372
endloop
endfacet
facet normal 0 0 0
outer loop
vertex 11.497478 0.484505 10.059372
vertex 11.517954 0.505259 10.039371
vertex 11.497478 0.484505 10.039371
endloop
endfacet
facet normal 0 0 0
outer loop
vertex 11.517954 0.505259 10.059372
vertex 11.517954 0.505259 10.039371
vertex 11.497478 0.484505 10.059372
endloop
endfacet
facet normal 0 0 0
outer loop
vertex 11.927469 0.505259 10.059372
vertex 11.906994 0.484505 10.059372
vertex 11.906994 0.505259 10.039371
endloop
endfacet
facet normal 0 0 0
outer loop
vertex 11.906994 0.484505 10.059372
vertex 11.906994 0.484505 10.039371
vertex 11.906994 0.505259 10.039371
endloop
endfacet
facet normal 0 0 0
outer loop
vertex 11.517954 0.505259 10.059372
vertex 11.538429 0.526012 10.039371
vertex 11.517954 0.505259 10.039371
endloop
endfacet
facet normal 0 0 0
outer loop
vertex 11.538429 0.526012 10.059372
vertex 11.538429 0.526012 10.039371
vertex 11.517954 0.505259 10.059372
endloop
endfacet
facet normal 0 0 0
outer loop
vertex 11.927469 0.505259 10.059372
vertex 11.906994 0.526012 10.039371
vertex 11.927469 0.526012 10.059372
endloop
endfacet
facet normal 0 0 0
outer loop
vertex 11.906994 0.505259 10.039371
vertex 11.906994 0.526012 10.039371
vertex 11.927469 0.505259 10.059372
endloop
endfacet
facet normal 0 0 0
outer loop
vertex 11.558905 0.546765 10.059372
vertex 11.558905 0.526012 10.039371
vertex 11.538429 0.526012 10.059372
endloop
endfacet
facet normal 0 0 0
outer loop
vertex 11.558905 0.526012 10.039371
vertex 11.538429 0.526012 10.039371
vertex 11.538429 0.526012 10.059372
endloop
endfacet
facet normal 0 0 0
outer loop
vertex 11.558905 0.526012 10.039371
vertex 11.558905 0.546765 10.059372
vertex 11.579380 0.546765 10.039371
endloop
endfacet
facet normal 0 0 0
outer loop
vertex 11.906994 0.526012 10.039371
vertex 11.886518 0.546765 10.039371
vertex 11.906994 0.546765 10.059372
endloop
endfacet
facet normal 0 0 0
outer loop
vertex 11.906994 0.526012 10.039371
vertex 11.906994 0.546765 10.059372
vertex 11.927469 0.526012 10.059372
endloop
endfacet
facet normal 0 0 0
outer loop
vertex 11.906994 0.546765 10.059372
vertex 11.927469 0.546765 10.059372
vertex 11.927469 0.526012 10.059372
endloop
endfacet
facet normal 0 0 0
outer loop
vertex 11.579380 0.546765 10.039371
vertex 11.558905 0.546765 10.059372
vertex 11.579380 0.546765 10.059372
endloop
endfacet
facet normal 0 0 0
outer loop
vertex 11.579380 0.546765 10.059372
vertex 11.599857 0.567518 10.039371
vertex 11.579380 0.546765 10.039371
endloop
endfacet
facet normal 0 0 0
outer loop
vertex 11.599857 0.567518 10.059372
vertex 11.599857 0.567518 10.039371
vertex 11.579380 0.546765 10.059372
endloop
endfacet
facet normal 0 0 0
outer loop
vertex 11.866043 0.546765 10.039371
vertex 11.845566 0.567518 10.039371
vertex 11.866043 0.567518 10.059372
endloop
endfacet
facet normal 0 0 0
outer loop
vertex 11.866043 0.546765 10.039371
vertex 11.886518 0.567518 10.059372
vertex 11.886518 0.546765 10.039371
endloop
endfacet
facet normal 0 0 0
outer loop
vertex 11.866043 0.567518 10.059372
vertex 11.886518 0.567518 10.059372
vertex 11.866043 0.546765 10.039371
endloop
endfacet
facet normal 0 0 0
outer loop
vertex 11.886518 0.546765 10.039371
vertex 11.886518 0.567518 10.059372
vertex 11.906994 0.546765 10.059372
endloop
endfacet
facet normal 0 0 0
outer loop
vertex 11.886518 0.567518 10.059372
vertex 11.906994 0.567518 10.059372
vertex 11.906994 0.546765 10.059372
endloop
endfacet
facet normal 0 0 0
outer loop
vertex 11.906994 0.567518 10.059372
vertex 11.927469 0.546765 10.059372
vertex 11.906994 0.546765 10.059372
endloop
endfacet
facet normal 0 0 0
outer loop
vertex 11.620333 0.567518 10.039371
vertex 11.599857 0.567518 10.039371
vertex 11.620333 0.567518 10.059372
endloop
endfacet
facet normal 0 0 0
outer loop
vertex 11.599857 0.567518 10.039371
vertex 11.599857 0.567518 10.059372
vertex 11.620333 0.567518 10.059372
endloop
endfacet
facet normal 0 0 0
outer loop
vertex 11.640808 0.588272 10.059372
vertex 11.640808 0.567518 10.039371
vertex 11.620333 0.567518 10.059372
endloop
endfacet
facet normal 0 0 0
outer loop
vertex 11.640808 0.567518 10.039371
vertex 11.620333 0.567518 10.039371
vertex 11.620333 0.567518 10.059372
endloop
endfacet
facet normal 0 0 0
outer loop
vertex 11.640808 0.567518 10.039371
vertex 11.661283 0.588272 10.059372
vertex 11.661283 0.567518 10.039371
endloop
endfacet
facet normal 0 0 0
outer loop
vertex 11.640808 0.588272 10.059372
vertex 11.661283 0.588272 10.059372
vertex 11.640808 0.567518 10.039371
endloop
endfacet
facet normal 0 0 0
outer loop
vertex 11.661283 0.567518 10.039371
vertex 11.661283 0.588272 10.059372
vertex 11.681761 0.588272 10.039371
endloop
endfacet
facet normal 0 0 0
outer loop
vertex 11.825090 0.567518 10.039371
vertex 11.804615 0.588272 10.039371
vertex 11.825090 0.588272 10.059372
endloop
endfacet
facet normal 0 0 0
outer loop
vertex 11.825090 0.567518 10.039371
vertex 11.845566 0.588272 10.059372
vertex 11.845566 0.567518 10.039371
endloop
endfacet
facet normal 0 0 0
outer loop
vertex 11.825090 0.588272 10.059372
vertex 11.845566 0.588272 10.059372
vertex 11.825090 0.567518 10.039371
endloop
endfacet
facet normal 0 0 0
outer loop
vertex 11.845566 0.567518 10.039371
vertex 11.845566 0.588272 10.059372
vertex 11.866043 0.567518 10.059372
endloop
endfacet
facet normal 0 0 0
outer loop
vertex 11.845566 0.588272 10.059372
vertex 11.866043 0.588272 10.059372
vertex 11.866043 0.567518 10.059372
endloop
endfacet
facet normal 0 0 0
outer loop
vertex 11.866043 0.588272 10.059372
vertex 11.886518 0.567518 10.059372
vertex 11.866043 0.567518 10.059372
endloop
endfacet
facet normal 0 0 0
outer loop
vertex 11.681761 0.588272 10.039371
vertex 11.661283 0.588272 10.059372
vertex 11.681761 0.588272 10.059372
endloop
endfacet
facet normal 0 0 0
outer loop
vertex 11.702236 0.609025 10.059372
vertex 11.702236 0.588272 10.039371
vertex 11.681761 0.588272 10.059372
endloop
endfacet
facet normal 0 0 0
outer loop
vertex 11.702236 0.588272 10.039371
vertex 11.681761 0.588272 10.039371
vertex 11.681761 0.588272 10.059372
endloop
endfacet
facet normal 0 0 0
outer loop
vertex 11.702236 0.588272 10.039371
vertex 11.722712 0.609025 10.059372
vertex 11.722712 0.588272 10.039371
endloop
endfacet
facet normal 0 0 0
outer loop
vertex 11.702236 0.609025 10.059372
vertex 11.722712 0.609025 10.059372
vertex 11.702236 0.588272 10.039371
endloop
endfacet
facet normal 0 0 0
outer loop
vertex 11.722712 0.588272 10.039371
vertex 11.743187 0.609025 10.059372
vertex 11.743187 0.588272 10.039371
endloop
endfacet
facet normal 0 0 0
outer loop
vertex 11.722712 0.609025 10.059372
vertex 11.743187 0.609025 10.059372
vertex 11.722712 0.588272 10.039371
endloop
endfacet
facet normal 0 0 0
outer loop
vertex 11.743187 0.588272 10.039371
vertex 11.763662 0.609025 10.059372
vertex 11.763662 0.588272 10.039371
endloop
endfacet
facet normal 0 0 0
outer loop
vertex 11.743187 0.609025 10.059372
vertex 11.763662 0.609025 10.059372
vertex 11.743187 0.588272 10.039371
endloop
endfacet
facet normal 0 0 0
outer loop
vertex 11.763662 0.588272 10.039371
vertex 11.784140 0.609025 10.059372
vertex 11.784140 0.588272 10.039371
endloop
endfacet
facet normal 0 0 0
outer loop
vertex 11.763662 0.609025 10.059372
vertex 11.784140 0.609025 10.059372
vertex 11.763662 0.588272 10.039371
endloop
endfacet
facet normal 0 0 0
outer loop
vertex 11.784140 0.588272 10.039371
vertex 11.804615 0.609025 10.059372
vertex 11.804615 0.588272 10.039371
endloop
endfacet
facet normal 0 0 0
outer loop
vertex 11.784140 0.609025 10.059372
vertex 11.804615 0.609025 10.059372
vertex 11.784140 0.588272 10.039371
endloop
endfacet
facet normal 0 0 0
outer loop
vertex 11.804615 0.588272 10.039371
vertex 11.804615 0.609025 10.059372
vertex 11.825090 0.588272 10.059372
endloop
endfacet
facet normal 0 0 0
outer loop
vertex 11.558905 0.256219 10.059372
vertex 11.558905 0.256219 10.079372
vertex 11.538429 0.256219 10.059372
endloop
endfacet
facet normal 0 0 0
outer loop
vertex 11.538429 0.256219 10.059372
vertex 11.558905 0.256219 10.079372
vertex 11.538429 0.256219 10.079372
endloop
endfacet
facet normal 0 0 0
outer loop
vertex 11.579380 0.256219 10.059372
vertex 11.579380 0.256219 10.079372
vertex 11.558905 0.256219 10.059372
endloop
endfacet
facet normal 0 0 0
outer loop
vertex 11.558905 0.256219 10.059372
vertex 11.579380 0.256219 10.079372
vertex 11.558905 0.256219 10.079372
endloop
endfacet
facet normal 0 0 0
outer loop
vertex 11.599857 0.256219 10.059372
vertex 11.599857 0.256219 10.079372
vertex 11.579380 0.256219 10.059372
endloop
endfacet
facet normal 0 0 0
outer loop
vertex 11.579380 0.256219 10.059372
vertex 11.599857 0.256219 10.079372
vertex 11.579380 0.256219 10.079372
endloop
endfacet
facet normal 0 0 0
outer loop
vertex 11.620333 0.256219 10.059372
vertex 11.599857 0.256219 10.079372
vertex 11.599857 0.256219 10.059372
endloop
endfacet
facet normal 0 0 0
outer loop
vertex 11.497478 0.276972 10.079372
vertex 11.477001 0.276972 10.059372
vertex 11.497478 0.276972 10.059372
endloop
endfacet
facet normal 0 0 0
outer loop
vertex 11.517954 0.276972 10.059372
vertex 11.517954 0.276972 10.079372
vertex 11.497478 0.276972 10.059372
endloop
endfacet
facet normal 0 0 0
outer loop
vertex 11.497478 0.276972 10.059372
vertex 11.517954 0.276972 10.079372
vertex 11.497478 0.276972 10.079372
endloop
endfacet
facet normal 0 0 0
outer loop
vertex 11.538429 0.256219 10.079372
vertex 11.517954 0.276972 10.059372
vertex 11.538429 0.256219 10.059372
endloop
endfacet
facet normal 0 0 0
outer loop
vertex 11.517954 0.276972 10.079372
vertex 11.517954 0.276972 10.059372
vertex 11.538429 0.256219 10.079372
endloop
endfacet
facet normal 0 0 0
outer loop
vertex 11.620333 0.256219 10.059372
vertex 11.620333 0.276972 10.079372
vertex 11.599857 0.256219 10.079372
endloop
endfacet
facet normal 0 0 0
outer loop
vertex 11.620333 0.256219 10.059372
vertex 11.640808 0.276972 10.059372
vertex 11.620333 0.276972 10.079372
endloop
endfacet
facet normal 0 0 0
outer loop
vertex 11.640808 0.276972 10.059372
vertex 11.640808 0.276972 10.079372
vertex 11.620333 0.276972 10.079372
endloop
endfacet
facet normal 0 0 0
outer loop
vertex 11.661283 0.276972 10.059372
vertex 11.661283 0.276972 10.079372
vertex 11.640808 0.276972 10.059372
endloop
endfacet
facet normal 0 0 0
outer loop
vertex 11.640808 0.276972 10.059372
vertex 11.661283 0.276972 10.079372
vertex 11.640808 0.276972 10.079372
endloop
endfacet
facet normal 0 0 0
outer loop
vertex 11.681761 0.276972 10.059372
vertex 11.681761 0.276972 10.079372
vertex 11.661283 0.276972 10.059372
endloop
endfacet
facet normal 0 0 0
outer loop
vertex 11.661283 0.276972 10.059372
vertex 11.681761 0.276972 10.079372
vertex 11.661283 0.276972 10.079372
endloop
endfacet
facet normal 0 0 0
outer loop
vertex 11.702236 0.276972 10.059372
vertex 11.681761 0.276972 10.079372
vertex 11.681761 0.276972 10.059372
endloop
endfacet
facet normal 0 0 0
outer loop
vertex 11.456526 0.276972 10.059372
vertex 11.456526 0.297725 10.079372
vertex 11.436050 0.297725 10.059372
endloop
endfacet
facet normal 0 0 0
outer loop
vertex 11.477001 0.276972 10.059372
vertex 11.456526 0.297725 10.079372
vertex 11.456526 0.276972 10.059372
endloop
endfacet
facet normal 0 0 0
outer loop
vertex 11.477001 0.297725 10.079372
vertex 11.456526 0.297725 10.079372
vertex 11.477001 0.276972 10.059372
endloop
endfacet
facet normal 0 0 0
outer loop
vertex 11.497478 0.276972 10.079372
vertex 11.477001 0.297725 10.079372
vertex 11.477001 0.276972 10.059372
endloop
endfacet
facet normal 0 0 0
outer loop
vertex 11.702236 0.276972 10.059372
vertex 11.702236 0.297725 10.079372
vertex 11.681761 0.276972 10.079372
endloop
endfacet
facet normal 0 0 0
outer loop
vertex 11.702236 0.276972 10.059372
vertex 11.722712 0.297725 10.059372
vertex 11.702236 0.297725 10.079372
endloop
endfacet
facet normal 0 0 0
outer loop
vertex 11.722712 0.297725 10.059372
vertex 11.722712 0.297725 10.079372
vertex 11.702236 0.297725 10.079372
endloop
endfacet
facet normal 0 0 0
outer loop
vertex 11.743187 0.297725 10.059372
vertex 11.722712 0.297725 10.079372
vertex 11.722712 0.297725 10.059372
endloop
endfacet
facet normal 0 0 0
outer loop
vertex 11.436050 0.297725 10.059372
vertex 11.436050 0.318479 10.079372
vertex 11.436050 0.318479 10.059372
endloop
endfacet
facet normal 0 0 0
outer loop
vertex 11.456526 0.297725 10.079372
vertex 11.436050 0.318479 10.079372
vertex 11.436050 0.297725 10.059372
endloop
endfacet
facet normal 0 0 0
outer loop
vertex 11.743187 0.297725 10.059372
vertex 11.743187 0.318479 10.079372
vertex 11.722712 0.297725 10.079372
endloop
endfacet
facet normal 0 0 0
outer loop
vertex 11.763662 0.318479 10.059372
vertex 11.743187 0.318479 10.079372
vertex 11.743187 0.297725 10.059372
endloop
endfacet
facet normal 0 0 0
outer loop
vertex 11.415575 0.339232 10.059372
vertex 11.436050 0.318479 10.059372
vertex 11.436050 0.339232 10.079372
endloop
endfacet
facet normal 0 0 0
outer loop
vertex 11.436050 0.318479 10.059372
vertex 11.436050 0.318479 10.079372
vertex 11.436050 0.339232 10.079372
endloop
endfacet
facet normal 0 0 0
outer loop
vertex 11.763662 0.318479 10.059372
vertex 11.763662 0.339232 10.079372
vertex 11.743187 0.318479 10.079372
endloop
endfacet
facet normal 0 0 0
outer loop
vertex 11.763662 0.318479 10.059372
vertex 11.784140 0.339232 10.059372
vertex 11.763662 0.339232 10.079372
endloop
endfacet
facet normal 0 0 0
outer loop
vertex 11.784140 0.339232 10.059372
vertex 11.784140 0.339232 10.079372
vertex 11.763662 0.339232 10.079372
endloop
endfacet
facet normal 0 0 0
outer loop
vertex 11.415575 0.339232 10.059372
vertex 11.415575 0.359985 10.079372
vertex 11.415575 0.359985 10.059372
endloop
endfacet
facet normal 0 0 0
outer loop
vertex 11.436050 0.339232 10.079372
vertex 11.415575 0.359985 10.079372
vertex 11.415575 0.339232 10.059372
endloop
endfacet
facet normal 0 0 0
outer loop
vertex 11.784140 0.339232 10.059372
vertex 11.804615 0.359985 10.079372
vertex 11.784140 0.339232 10.079372
endloop
endfacet
facet normal 0 0 0
outer loop
vertex 11.804615 0.359985 10.059372
vertex 11.804615 0.359985 10.079372
vertex 11.784140 0.339232 10.059372
endloop
endfacet
facet normal 0 0 0
outer loop
vertex 11.825090 0.359985 10.059372
vertex 11.804615 0.359985 10.079372
vertex 11.804615 0.359985 10.059372
endloop
endfacet
facet normal 0 0 0
outer loop
vertex 11.415575 0.359985 10.059372
vertex 11.415575 0.359985 10.079372
vertex 11.415575 0.380738 10.059372
endloop
endfacet
facet normal 0 0 0
outer loop
vertex 11.415575 0.359985 10.079372
vertex 11.415575 0.380738 10.079372
vertex 11.415575 0.380738 10.059372
endloop
endfacet
facet normal 0 0 0
outer loop
vertex 11.825090 0.359985 10.059372
vertex 11.825090 0.380738 10.079372
vertex 11.804615 0.359985 10.079372
endloop
endfacet
facet normal 0 0 0
outer loop
vertex 11.825090 0.380738 10.079372
vertex 11.825090 0.359985 10.059372
vertex 11.825090 0.380738 10.059372
endloop
endfacet
facet normal 0 0 0
outer loop
vertex 11.415575 0.380738 10.079372
vertex 11.436050 0.401492 10.059372
vertex 11.415575 0.380738 10.059372
endloop
endfacet
facet normal 0 0 0
outer loop
vertex 11.436050 0.401492 10.079372
vertex 11.436050 0.401492 10.059372
vertex 11.415575 0.380738 10.079372
endloop
endfacet
facet normal 0 0 0
outer loop
vertex 11.825090 0.380738 10.059372
vertex 11.845566 0.401492 10.079372
vertex 11.825090 0.380738 10.079372
endloop
endfacet
facet normal 0 0 0
outer loop
vertex 11.845566 0.401492 10.059372
vertex 11.845566 0.401492 10.079372
vertex 11.825090 0.380738 10.059372
endloop
endfacet
facet normal 0 0 0
outer loop
vertex 11.436050 0.401492 10.079372
vertex 11.436050 0.422245 10.059372
vertex 11.436050 0.401492 10.059372
endloop
endfacet
facet normal 0 0 0
outer loop
vertex 11.436050 0.401492 10.079372
vertex 11.456526 0.422245 10.079372
vertex 11.436050 0.422245 10.059372
endloop
endfacet
facet normal 0 0 0
outer loop
vertex 11.845566 0.401492 10.059372
vertex 11.866043 0.422245 10.079372
vertex 11.845566 0.401492 10.079372
endloop
endfacet
facet normal 0 0 0
outer loop
vertex 11.866043 0.422245 10.059372
vertex 11.866043 0.422245 10.079372
vertex 11.845566 0.401492 10.059372
endloop
endfacet
facet normal 0 0 0
outer loop
vertex 11.436050 0.422245 10.059372
vertex 11.456526 0.422245 10.079372
vertex 11.456526 0.442998 10.059372
endloop
endfacet
facet normal 0 0 0
outer loop
vertex 11.456526 0.422245 10.079372
vertex 11.456526 0.442998 10.079372
vertex 11.456526 0.442998 10.059372
endloop
endfacet
facet normal 0 0 0
outer loop
vertex 11.866043 0.422245 10.059372
vertex 11.886518 0.442998 10.079372
vertex 11.866043 0.422245 10.079372
endloop
endfacet
facet normal 0 0 0
outer loop
vertex 11.886518 0.442998 10.059372
vertex 11.886518 0.442998 10.079372
vertex 11.866043 0.422245 10.059372
endloop
endfacet
facet normal 0 0 0
outer loop
vertex 11.456526 0.442998 10.079372
vertex 11.477001 0.463752 10.059372
vertex 11.456526 0.442998 10.059372
endloop
endfacet
facet normal 0 0 0
outer loop
vertex 11.477001 0.463752 10.079372
vertex 11.477001 0.463752 10.059372
vertex 11.456526 0.442998 10.079372
endloop
endfacet
facet normal 0 0 0
outer loop
vertex 11.886518 0.442998 10.059372
vertex 11.906994 0.463752 10.079372
vertex 11.886518 0.442998 10.079372
endloop
endfacet
facet normal 0 0 0
outer loop
vertex 11.906994 0.463752 10.059372
vertex 11.906994 0.463752 10.079372
vertex 11.886518 0.442998 10.059372
endloop
endfacet
facet normal 0 0 0
outer loop
vertex 11.477001 0.463752 10.079372
vertex 11.497478 0.484505 10.059372
vertex 11.477001 0.463752 10.059372
endloop
endfacet
facet normal 0 0 0
outer loop
vertex 11.497478 0.484505 10.079372
vertex 11.497478 0.484505 10.059372
vertex 11.477001 0.463752 10.079372
endloop
endfacet
facet normal 0 0 0
outer loop
vertex 11.906994 0.463752 10.059372
vertex 11.906994 0.484505 10.059372
vertex 11.906994 0.463752 10.079372
endloop
endfacet
facet normal 0 0 0
outer loop
vertex 11.906994 0.463752 10.079372
vertex 11.906994 0.484505 10.059372
vertex 11.906994 0.484505 10.079372
endloop
endfacet
facet normal 0 0 0
outer loop
vertex 11.497478 0.484505 10.079372
vertex 11.517954 0.505259 10.059372
vertex 11.497478 0.484505 10.059372
endloop
endfacet
facet normal 0 0 0
outer loop
vertex 11.517954 0.505259 10.079372
vertex 11.517954 0.505259 10.059372
vertex 11.497478 0.484505 10.079372
endloop
endfacet
facet normal 0 0 0
outer loop
vertex 11.927469 0.505259 10.059372
vertex 11.906994 0.505259 10.079372
vertex 11.906994 0.484505 10.059372
endloop
endfacet
facet normal 0 0 0
outer loop
vertex 11.906994 0.505259 10.079372
vertex 11.906994 0.484505 10.079372
vertex 11.906994 0.484505 10.059372
endloop
endfacet
facet normal 0 0 0
outer loop
vertex 11.517954 0.505259 10.079372
vertex 11.538429 0.526012 10.059372
vertex 11.517954 0.505259 10.059372
endloop
endfacet
facet normal 0 0 0
outer loop
vertex 11.538429 0.526012 10.079372
vertex 11.538429 0.526012 10.059372
vertex 11.517954 0.505259 10.079372
endloop
endfacet
facet normal 0 0 0
outer loop
vertex 11.927469 0.526012 10.059372
vertex 11.906994 0.505259 10.079372
vertex 11.927469 0.505259 10.059372
endloop
endfacet
facet normal 0 0 0
outer loop
vertex 11.906994 0.526012 10.079372
vertex 11.906994 0.505259 10.079372
vertex 11.927469 0.526012 10.059372
endloop
endfacet
facet normal 0 0 0
outer loop
vertex 11.538429 0.526012 10.079372
vertex 11.558905 0.546765 10.059372
vertex 11.538429 0.526012 10.059372
endloop
endfacet
facet normal 0 0 0
outer loop
vertex 11.558905 0.546765 10.079372
vertex 11.558905 0.546765 10.059372
vertex 11.538429 0.526012 10.079372
endloop
endfacet
facet normal 0 0 0
outer loop
vertex 11.927469 0.546765 10.059372
vertex 11.906994 0.526012 10.079372
vertex 11.927469 0.526012 10.059372
endloop
endfacet
facet normal 0 0 0
outer loop
vertex 11.906994 0.546765 10.079372
vertex 11.906994 0.526012 10.079372
vertex 11.927469 0.546765 10.059372
endloop
endfacet
facet normal 0 0 0
outer loop
vertex 11.579380 0.567518 10.079372
vertex 11.579380 0.546765 10.059372
vertex 11.558905 0.546765 10.079372
endloop
endfacet
facet normal 0 0 0
outer loop
vertex 11.579380 0.546765 10.059372
vertex 11.558905 0.546765 10.059372
vertex 11.558905 0.546765 10.079372
endloop
endfacet
facet normal 0 0 0
outer loop
vertex 11.579380 0.546765 10.059372
vertex 11.579380 0.567518 10.079372
vertex 11.599857 0.567518 10.059372
endloop
endfacet
facet normal 0 0 0
outer loop
vertex 11.906994 0.567518 10.059372
vertex 11.886518 0.567518 10.079372
vertex 11.906994 0.546765 10.079372
endloop
endfacet
facet normal 0 0 0
outer loop
vertex 11.927469 0.546765 10.059372
vertex 11.906994 0.567518 10.059372
vertex 11.906994 0.546765 10.079372
endloop
endfacet
facet normal 0 0 0
outer loop
vertex 11.599857 0.567518 10.059372
vertex 11.579380 0.567518 10.079372
vertex 11.599857 0.588272 10.079372
endloop
endfacet
facet normal 0 0 0
outer loop
vertex 11.599857 0.567518 10.059372
vertex 11.620333 0.588272 10.079372
vertex 11.620333 0.567518 10.059372
endloop
endfacet
facet normal 0 0 0
outer loop
vertex 11.599857 0.588272 10.079372
vertex 11.620333 0.588272 10.079372
vertex 11.599857 0.567518 10.059372
endloop
endfacet
facet normal 0 0 0
outer loop
vertex 11.620333 0.567518 10.059372
vertex 11.620333 0.588272 10.079372
vertex 11.640808 0.588272 10.059372
endloop
endfacet
facet normal 0 0 0
outer loop
vertex 11.886518 0.567518 10.059372
vertex 11.866043 0.588272 10.079372
vertex 11.886518 0.567518 10.079372
endloop
endfacet
facet normal 0 0 0
outer loop
vertex 11.866043 0.588272 10.059372
vertex 11.866043 0.588272 10.079372
vertex 11.886518 0.567518 10.059372
endloop
endfacet
facet normal 0 0 0
outer loop
vertex 11.886518 0.567518 10.079372
vertex 11.906994 0.567518 10.059372
vertex 11.886518 0.567518 10.059372
endloop
endfacet
facet normal 0 0 0
outer loop
vertex 11.640808 0.588272 10.059372
vertex 11.620333 0.588272 10.079372
vertex 11.640808 0.588272 10.079372
endloop
endfacet
facet normal 0 0 0
outer loop
vertex 11.661283 0.609025 10.079372
vertex 11.661283 0.588272 10.059372
vertex 11.640808 0.588272 10.079372
endloop
endfacet
facet normal 0 0 0
outer loop
vertex 11.661283 0.588272 10.059372
vertex 11.640808 0.588272 10.059372
vertex 11.640808 0.588272 10.079372
endloop
endfacet
facet normal 0 0 0
outer loop
vertex 11.661283 0.588272 10.059372
vertex 11.681761 0.609025 10.079372
vertex 11.681761 0.588272 10.059372
endloop
endfacet
facet normal 0 0 0
outer loop
vertex 11.661283 0.609025 10.079372
vertex 11.681761 0.609025 10.079372
vertex 11.661283 0.588272 10.059372
endloop
endfacet
facet normal 0 0 0
outer loop
vertex 11.681761 0.588272 10.059372
vertex 11.681761 0.609025 10.079372
vertex 11.702236 0.609025 10.059372
endloop
endfacet
facet normal 0 0 0
outer loop
vertex 11.825090 0.588272 10.059372
vertex 11.804615 0.609025 10.059372
vertex 11.825090 0.609025 10.079372
endloop
endfacet
facet normal 0 0 0
outer loop
vertex 11.825090 0.609025 10.079372
vertex 11.845566 0.588272 10.079372
vertex 11.825090 0.588272 10.059372
endloop
endfacet
facet normal 0 0 0
outer loop
vertex 11.845566 0.588272 10.079372
vertex 11.845566 0.588272 10.059372
vertex 11.825090 0.588272 10.059372
endloop
endfacet
facet normal 0 0 0
outer loop
vertex 11.866043 0.588272 10.059372
vertex 11.845566 0.588272 10.059372
vertex 11.866043 0.588272 10.079372
endloop
endfacet
facet normal 0 0 0
outer loop
vertex 11.845566 0.588272 10.059372
vertex 11.845566 0.588272 10.079372
vertex 11.866043 0.588272 10.079372
endloop
endfacet
facet normal 0 0 0
outer loop
vertex 11.702236 0.609025 10.059372
vertex 11.681761 0.609025 10.079372
vertex 11.702236 0.609025 10.079372
endloop
endfacet
facet normal 0 0 0
outer loop
vertex 11.722712 0.609025 10.059372
vertex 11.702236 0.609025 10.059372
vertex 11.722712 0.609025 10.079372
endloop
endfacet
facet normal 0 0 0
outer loop
vertex 11.702236 0.609025 10.059372
vertex 11.702236 0.609025 10.079372
vertex 11.722712 0.609025 10.079372
endloop
endfacet
facet normal 0 0 0
outer loop
vertex 11.743187 0.609025 10.059372
vertex 11.722712 0.609025 10.059372
vertex 11.743187 0.609025 10.079372
endloop
endfacet
facet normal 0 0 0
outer loop
vertex 11.722712 0.609025 10.059372
vertex 11.722712 0.609025 10.079372
vertex 11.743187 0.609025 10.079372
endloop
endfacet
facet normal 0 0 0
outer loop
vertex 11.763662 0.609025 10.059372
vertex 11.743187 0.609025 10.059372
vertex 11.763662 0.609025 10.079372
endloop
endfacet
facet normal 0 0 0
outer loop
vertex 11.743187 0.609025 10.059372
vertex 11.743187 0.609025 10.079372
vertex 11.763662 0.609025 10.079372
endloop
endfacet
facet normal 0 0 0
outer loop
vertex 11.784140 0.609025 10.059372
vertex 11.763662 0.609025 10.059372
vertex 11.784140 0.609025 10.079372
endloop
endfacet
facet normal 0 0 0
outer loop
vertex 11.763662 0.609025 10.059372
vertex 11.763662 0.609025 10.079372
vertex 11.784140 0.609025 10.079372
endloop
endfacet
facet normal 0 0 0
outer loop
vertex 11.804615 0.609025 10.059372
vertex 11.784140 0.609025 10.059372
vertex 11.804615 0.609025 10.079372
endloop
endfacet
facet normal 0 0 0
outer loop
vertex 11.784140 0.609025 10.059372
vertex 11.784140 0.609025 10.079372
vertex 11.804615 0.609025 10.079372
endloop
endfacet
facet normal 0 0 0
outer loop
vertex 11.825090 0.609025 10.079372
vertex 11.804615 0.609025 10.059372
vertex 11.804615 0.609025 10.079372
endloop
endfacet
facet normal 0 0 0
outer loop
vertex 11.517954 0.276972 10.079372
vertex 11.538429 0.256219 10.079372
vertex 11.538429 0.276972 10.079372
endloop
endfacet
facet normal 0 0 0
outer loop
vertex 11.558905 0.256219 10.079372
vertex 11.558905 0.276972 10.079372
vertex 11.538429 0.256219 10.079372
endloop
endfacet
facet normal 0 0 0
outer loop
vertex 11.558905 0.276972 10.079372
vertex 11.538429 0.276972 10.079372
vertex 11.538429 0.256219 10.079372
endloop
endfacet
facet normal 0 0 0
outer loop
vertex 11.579380 0.256219 10.079372
vertex 11.579380 0.276972 10.079372
vertex 11.558905 0.256219 10.079372
endloop
endfacet
facet normal 0 0 0
outer loop
vertex 11.579380 0.276972 10.079372
vertex 11.558905 0.276972 10.079372
vertex 11.558905 0.256219 10.079372
endloop
endfacet
facet normal 0 0 0
outer loop
vertex 11.599857 0.256219 10.079372
vertex 11.599857 0.276972 10.079372
vertex 11.579380 0.256219 10.079372
endloop
endfacet
facet normal 0 0 0
outer loop
vertex 11.599857 0.276972 10.079372
vertex 11.579380 0.276972 10.079372
vertex 11.579380 0.256219 10.079372
endloop
endfacet
facet normal 0 0 0
outer loop
vertex 11.599857 0.256219 10.079372
vertex 11.620333 0.276972 10.079372
vertex 11.599857 0.276972 10.079372
endloop
endfacet
facet normal 0 0 0
outer loop
vertex 11.477001 0.297725 10.079372
vertex 11.497478 0.276972 10.079372
vertex 11.497478 0.297725 10.079372
endloop
endfacet
facet normal 0 0 0
outer loop
vertex 11.517954 0.297725 10.099372
vertex 11.497478 0.297725 10.079372
vertex 11.517954 0.276972 10.079372
endloop
endfacet
facet normal 0 0 0
outer loop
vertex 11.497478 0.297725 10.079372
vertex 11.497478 0.276972 10.079372
vertex 11.517954 0.276972 10.079372
endloop
endfacet
facet normal 0 0 0
outer loop
vertex 11.538429 0.276972 10.079372
vertex 11.517954 0.297725 10.099372
vertex 11.517954 0.276972 10.079372
endloop
endfacet
facet normal 0 0 0
outer loop
vertex 11.538429 0.297725 10.099372
vertex 11.517954 0.297725 10.099372
vertex 11.538429 0.276972 10.079372
endloop
endfacet
facet normal 0 0 0
outer loop
vertex 11.558905 0.276972 10.079372
vertex 11.538429 0.297725 10.099372
vertex 11.538429 0.276972 10.079372
endloop
endfacet
facet normal 0 0 0
outer loop
vertex 11.558905 0.297725 10.099372
vertex 11.538429 0.297725 10.099372
vertex 11.558905 0.276972 10.079372
endloop
endfacet
facet normal 0 0 0
outer loop
vertex 11.579380 0.276972 10.079372
vertex 11.558905 0.297725 10.099372
vertex 11.558905 0.276972 10.079372
endloop
endfacet
facet normal 0 0 0
outer loop
vertex 11.579380 0.297725 10.099372
vertex 11.558905 0.297725 10.099372
vertex 11.579380 0.276972 10.079372
endloop
endfacet
facet normal 0 0 0
outer loop
vertex 11.599857 0.276972 10.079372
vertex 11.579380 0.297725 10.099372
vertex 11.579380 0.276972 10.079372
endloop
endfacet
facet normal 0 0 0
outer loop
vertex 11.599857 0.297725 10.099372
vertex 11.579380 0.297725 10.099372
vertex 11.599857 0.276972 10.079372
endloop
endfacet
facet normal 0 0 0
outer loop
vertex 11.620333 0.276972 10.079372
vertex 11.599857 0.297725 10.099372
vertex 11.599857 0.276972 10.079372
endloop
endfacet
facet normal 0 0 0
outer loop
vertex 11.620333 0.297725 10.099372
vertex 11.599857 0.297725 10.099372
vertex 11.620333 0.276972 10.079372
endloop
endfacet
facet normal 0 0 0
outer loop
vertex 11.640808 0.276972 10.079372
vertex 11.620333 0.297725 10.099372
vertex 11.620333 0.276972 10.079372
endloop
endfacet
facet normal 0 0 0
outer loop
vertex 11.640808 0.297725 10.099372
vertex 11.620333 0.297725 10.099372
vertex 11.640808 0.276972 10.079372
endloop
endfacet
facet normal 0 0 0
outer loop
vertex 11.661283 0.276972 10.079372
vertex 11.640808 0.297725 10.099372
vertex 11.640808 0.276972 10.079372
endloop
endfacet
facet normal 0 0 0
outer loop
vertex 11.661283 0.297725 10.099372
vertex 11.640808 0.297725 10.099372
vertex 11.661283 0.276972 10.079372
endloop
endfacet
facet normal 0 0 0
outer loop
vertex 11.681761 0.276972 10.079372
vertex 11.661283 0.297725 10.099372
vertex 11.661283 0.276972 10.079372
endloop
endfacet
facet normal 0 0 0
outer loop
vertex 11.681761 0.297725 10.099372
vertex 11.661283 0.297725 10.099372
vertex 11.681761 0.276972 10.079372
endloop
endfacet
facet normal 0 0 0
outer loop
vertex 11.702236 0.297725 10.079372
vertex 11.681761 0.297725 10.099372
vertex 11.681761 0.276972 10.079372
endloop
endfacet
facet normal 0 0 0
outer loop
vertex 11.436050 0.318479 10.079372
vertex 11.456526 0.297725 10.079372
vertex 11.456526 0.318479 10.079372
endloop
endfacet
facet normal 0 0 0
outer loop
vertex 11.477001 0.297725 10.079372
vertex 11.477001 0.318479 10.079372
vertex 11.456526 0.297725 10.079372
endloop
endfacet
facet normal 0 0 0
outer loop
vertex 11.477001 0.318479 10.079372
vertex 11.456526 0.318479 10.079372
vertex 11.456526 0.297725 10.079372
endloop
endfacet
facet normal 0 0 0
outer loop
vertex 11.497478 0.318479 10.099372
vertex 11.477001 0.318479 10.079372
vertex 11.497478 0.297725 10.079372
endloop
endfacet
facet normal 0 0 0
outer loop
vertex 11.477001 0.318479 10.079372
vertex 11.477001 0.297725 10.079372
vertex 11.497478 0.297725 10.079372
endloop
endfacet
facet normal 0 0 0
outer loop
vertex 11.517954 0.297725 10.099372
vertex 11.497478 0.318479 10.099372
vertex 11.497478 0.297725 10.079372
endloop
endfacet
facet normal 0 0 0
outer loop
vertex 11.702236 0.297725 10.079372
vertex 11.702236 0.318479 10.099372
vertex 11.681761 0.297725 10.099372
endloop
endfacet
facet normal 0 0 0
outer loop
vertex 11.722712 0.297725 10.079372
vertex 11.702236 0.318479 10.099372
vertex 11.702236 0.297725 10.079372
endloop
endfacet
facet normal 0 0 0
outer loop
vertex 11.722712 0.318479 10.099372
vertex 11.702236 0.318479 10.099372
vertex 11.722712 0.297725 10.079372
endloop
endfacet
facet normal 0 0 0
outer loop
vertex 11.722712 0.297725 10.079372
vertex 11.743187 0.318479 10.079372
vertex 11.722712 0.318479 10.099372
endloop
endfacet
facet normal 0 0 0
outer loop
vertex 11.743187 0.318479 10.079372
vertex 11.743187 0.318479 10.099372
vertex 11.722712 0.318479 10.099372
endloop
endfacet
facet normal 0 0 0
outer loop
vertex 11.456526 0.339232 10.099372
vertex 11.436050 0.339232 10.079372
vertex 11.456526 0.318479 10.079372
endloop
endfacet
facet normal 0 0 0
outer loop
vertex 11.436050 0.339232 10.079372
vertex 11.436050 0.318479 10.079372
vertex 11.456526 0.318479 10.079372
endloop
endfacet
facet normal 0 0 0
outer loop
vertex 11.477001 0.318479 10.079372
vertex 11.456526 0.339232 10.099372
vertex 11.456526 0.318479 10.079372
endloop
endfacet
facet normal 0 0 0
outer loop
vertex 11.477001 0.339232 10.099372
vertex 11.456526 0.339232 10.099372
vertex 11.477001 0.318479 10.079372
endloop
endfacet
facet normal 0 0 0
outer loop
vertex 11.497478 0.318479 10.099372
vertex 11.477001 0.339232 10.099372
vertex 11.477001 0.318479 10.079372
endloop
endfacet
facet normal 0 0 0
outer loop
vertex 11.743187 0.318479 10.079372
vertex 11.763662 0.339232 10.099372
vertex 11.743187 0.318479 10.099372
endloop
endfacet
facet normal 0 0 0
outer loop
vertex 11.763662 0.339232 10.079372
vertex 11.763662 0.339232 10.099372
vertex 11.743187 0.318479 10.079372
endloop
endfacet
facet normal 0 0 0
outer loop
vertex 11.784140 0.339232 10.079372
vertex 11.763662 0.339232 10.099372
vertex 11.763662 0.339232 10.079372
endloop
endfacet
facet normal 0 0 0
outer loop
vertex 11.436050 0.339232 10.079372
vertex 11.436050 0.359985 10.099372
vertex 11.415575 0.359985 10.079372
endloop
endfacet
facet normal 0 0 0
outer loop
vertex 11.456526 0.339232 10.099372
vertex 11.436050 0.359985 10.099372
vertex 11.436050 0.339232 10.079372
endloop
endfacet
facet normal 0 0 0
outer loop
vertex 11.784140 0.339232 10.079372
vertex 11.784140 0.359985 10.099372
vertex 11.763662 0.339232 10.099372
endloop
endfacet
facet normal 0 0 0
outer loop
vertex 11.784140 0.339232 10.079372
vertex 11.804615 0.359985 10.079372
vertex 11.784140 0.359985 10.099372
endloop
endfacet
facet normal 0 0 0
outer loop
vertex 11.804615 0.359985 10.079372
vertex 11.804615 0.359985 10.099372
vertex 11.784140 0.359985 10.099372
endloop
endfacet
facet normal 0 0 0
outer loop
vertex 11.436050 0.380738 10.099372
vertex 11.415575 0.359985 10.079372
vertex 11.436050 0.359985 10.099372
endloop
endfacet
facet normal 0 0 0
outer loop
vertex 11.415575 0.380738 10.079372
vertex 11.415575 0.359985 10.079372
vertex 11.436050 0.380738 10.099372
endloop
endfacet
facet normal 0 0 0
outer loop
vertex 11.804615 0.359985 10.079372
vertex 11.825090 0.380738 10.099372
vertex 11.804615 0.359985 10.099372
endloop
endfacet
facet normal 0 0 0
outer loop
vertex 11.825090 0.380738 10.079372
vertex 11.825090 0.380738 10.099372
vertex 11.804615 0.359985 10.079372
endloop
endfacet
facet normal 0 0 0
outer loop
vertex 11.415575 0.380738 10.079372
vertex 11.436050 0.380738 10.099372
vertex 11.436050 0.401492 10.079372
endloop
endfacet
facet normal 0 0 0
outer loop
vertex 11.436050 0.380738 10.099372
vertex 11.436050 0.401492 10.099372
vertex 11.436050 0.401492 10.079372
endloop
endfacet
facet normal 0 0 0
outer loop
vertex 11.825090 0.380738 10.079372
vertex 11.845566 0.401492 10.099372
vertex 11.825090 0.380738 10.099372
endloop
endfacet
facet normal 0 0 0
outer loop
vertex 11.845566 0.401492 10.079372
vertex 11.845566 0.401492 10.099372
vertex 11.825090 0.380738 10.079372
endloop
endfacet
facet normal 0 0 0
outer loop
vertex 11.845566 0.401492 10.079372
vertex 11.866043 0.401492 10.099372
vertex 11.845566 0.401492 10.099372
endloop
endfacet
facet normal 0 0 0
outer loop
vertex 11.436050 0.401492 10.099372
vertex 11.456526 0.422245 10.079372
vertex 11.436050 0.401492 10.079372
endloop
endfacet
facet normal 0 0 0
outer loop
vertex 11.456526 0.422245 10.099372
vertex 11.456526 0.422245 10.079372
vertex 11.436050 0.401492 10.099372
endloop
endfacet
facet normal 0 0 0
outer loop
vertex 11.845566 0.401492 10.079372
vertex 11.866043 0.422245 10.079372
vertex 11.866043 0.401492 10.099372
endloop
endfacet
facet normal 0 0 0
outer loop
vertex 11.866043 0.422245 10.079372
vertex 11.886518 0.422245 10.099372
vertex 11.866043 0.401492 10.099372
endloop
endfacet
facet normal 0 0 0
outer loop
vertex 11.456526 0.422245 10.079372
vertex 11.456526 0.422245 10.099372
vertex 11.456526 0.442998 10.079372
endloop
endfacet
facet normal 0 0 0
outer loop
vertex 11.456526 0.422245 10.099372
vertex 11.456526 0.442998 10.099372
vertex 11.456526 0.442998 10.079372
endloop
endfacet
facet normal 0 0 0
outer loop
vertex 11.866043 0.422245 10.079372
vertex 11.886518 0.442998 10.079372
vertex 11.886518 0.422245 10.099372
endloop
endfacet
facet normal 0 0 0
outer loop
vertex 11.886518 0.442998 10.079372
vertex 11.906994 0.442998 10.099372
vertex 11.886518 0.422245 10.099372
endloop
endfacet
facet normal 0 0 0
outer loop
vertex 11.456526 0.442998 10.099372
vertex 11.477001 0.463752 10.079372
vertex 11.456526 0.442998 10.079372
endloop
endfacet
facet normal 0 0 0
outer loop
vertex 11.477001 0.463752 10.099372
vertex 11.477001 0.463752 10.079372
vertex 11.456526 0.442998 10.099372
endloop
endfacet
facet normal 0 0 0
outer loop
vertex 11.886518 0.442998 10.079372
vertex 11.906994 0.463752 10.079372
vertex 11.906994 0.442998 10.099372
endloop
endfacet
facet normal 0 0 0
outer loop
vertex 11.906994 0.442998 10.099372
vertex 11.906994 0.463752 10.079372
vertex 11.906994 0.463752 10.099372
endloop
endfacet
facet normal 0 0 0
outer loop
vertex 11.477001 0.463752 10.099372
vertex 11.497478 0.484505 10.079372
vertex 11.477001 0.463752 10.079372
endloop
endfacet
facet normal 0 0 0
outer loop
vertex 11.497478 0.484505 10.099372
vertex 11.497478 0.484505 10.079372
vertex 11.477001 0.463752 10.099372
endloop
endfacet
facet normal 0 0 0
outer loop
vertex 11.927469 0.484505 10.099372
vertex 11.906994 0.463752 10.099372
vertex 11.906994 0.484505 10.079372
endloop
endfacet
facet normal 0 0 0
outer loop
vertex 11.906994 0.463752 10.099372
vertex 11.906994 0.463752 10.079372
vertex 11.906994 0.484505 10.079372
endloop
endfacet
facet normal 0 0 0
outer loop
vertex 11.497478 0.505259 10.099372
vertex 11.497478 0.484505 10.079372
vertex 11.497478 0.484505 10.099372
endloop
endfacet
facet normal 0 0 0
outer loop
vertex 11.497478 0.484505 10.079372
vertex 11.497478 0.505259 10.099372
vertex 11.517954 0.505259 10.079372
endloop
endfacet
facet normal 0 0 0
outer loop
vertex 11.927469 0.484505 10.099372
vertex 11.906994 0.505259 10.079372
vertex 11.927469 0.505259 10.099372
endloop
endfacet
facet normal 0 0 0
outer loop
vertex 11.906994 0.484505 10.079372
vertex 11.906994 0.505259 10.079372
vertex 11.927469 0.484505 10.099372
endloop
endfacet
facet normal 0 0 0
outer loop
vertex 11.517954 0.505259 10.079372
vertex 11.497478 0.505259 10.099372
vertex 11.517954 0.526012 10.099372
endloop
endfacet
facet normal 0 0 0
outer loop
vertex 11.517954 0.505259 10.079372
vertex 11.517954 0.526012 10.099372
vertex 11.538429 0.526012 10.079372
endloop
endfacet
facet normal 0 0 0
outer loop
vertex 11.927469 0.505259 10.099372
vertex 11.906994 0.526012 10.079372
vertex 11.927469 0.526012 10.099372
endloop
endfacet
facet normal 0 0 0
outer loop
vertex 11.906994 0.505259 10.079372
vertex 11.906994 0.526012 10.079372
vertex 11.927469 0.505259 10.099372
endloop
endfacet
facet normal 0 0 0
outer loop
vertex 11.947945 0.526012 10.099372
vertex 11.927469 0.505259 10.099372
vertex 11.927469 0.526012 10.099372
endloop
endfacet
facet normal 0 0 0
outer loop
vertex 11.538429 0.526012 10.079372
vertex 11.517954 0.526012 10.099372
vertex 11.538429 0.546765 10.099372
endloop
endfacet
facet normal 0 0 0
outer loop
vertex 11.538429 0.526012 10.079372
vertex 11.538429 0.546765 10.099372
vertex 11.558905 0.546765 10.079372
endloop
endfacet
facet normal 0 0 0
outer loop
vertex 11.927469 0.526012 10.099372
vertex 11.906994 0.546765 10.079372
vertex 11.927469 0.546765 10.099372
endloop
endfacet
facet normal 0 0 0
outer loop
vertex 11.906994 0.526012 10.079372
vertex 11.906994 0.546765 10.079372
vertex 11.927469 0.526012 10.099372
endloop
endfacet
facet normal 0 0 0
outer loop
vertex 11.927469 0.546765 10.099372
vertex 11.947945 0.526012 10.099372
vertex 11.927469 0.526012 10.099372
endloop
endfacet
facet normal 0 0 0
outer loop
vertex 11.558905 0.546765 10.079372
vertex 11.538429 0.546765 10.099372
vertex 11.558905 0.567518 10.099372
endloop
endfacet
facet normal 0 0 0
outer loop
vertex 11.558905 0.546765 10.079372
vertex 11.558905 0.567518 10.099372
vertex 11.579380 0.567518 10.079372
endloop
endfacet
facet normal 0 0 0
outer loop
vertex 11.906994 0.546765 10.079372
vertex 11.886518 0.567518 10.079372
vertex 11.906994 0.567518 10.099372
endloop
endfacet
facet normal 0 0 0
outer loop
vertex 11.906994 0.546765 10.079372
vertex 11.906994 0.567518 10.099372
vertex 11.927469 0.546765 10.099372
endloop
endfacet
facet normal 0 0 0
outer loop
vertex 11.906994 0.567518 10.099372
vertex 11.927469 0.567518 10.099372
vertex 11.927469 0.546765 10.099372
endloop
endfacet
facet normal 0 0 0
outer loop
vertex 11.579380 0.567518 10.079372
vertex 11.558905 0.567518 10.099372
vertex 11.579380 0.567518 10.099372
endloop
endfacet
facet normal 0 0 0
outer loop
vertex 11.579380 0.567518 10.099372
vertex 11.599857 0.588272 10.079372
vertex 11.579380 0.567518 10.079372
endloop
endfacet
facet normal 0 0 0
outer loop
vertex 11.599857 0.588272 10.099372
vertex 11.599857 0.588272 10.079372
vertex 11.579380 0.567518 10.099372
endloop
endfacet
facet normal 0 0 0
outer loop
vertex 11.886518 0.567518 10.079372
vertex 11.866043 0.588272 10.079372
vertex 11.886518 0.588272 10.099372
endloop
endfacet
facet normal 0 0 0
outer loop
vertex 11.886518 0.567518 10.079372
vertex 11.886518 0.588272 10.099372
vertex 11.906994 0.567518 10.099372
endloop
endfacet
facet normal 0 0 0
outer loop
vertex 11.886518 0.588272 10.099372
vertex 11.906994 0.588272 10.099372
vertex 11.906994 0.567518 10.099372
endloop
endfacet
facet normal 0 0 0
outer loop
vertex 11.927469 0.567518 10.099372
vertex 11.906994 0.567518 10.099372
vertex 11.927469 0.588272 10.099372
endloop
endfacet
facet normal 0 0 0
outer loop
vertex 11.927469 0.588272 10.099372
vertex 11.906994 0.567518 10.099372
vertex 11.906994 0.588272 10.099372
endloop
endfacet
facet normal 0 0 0
outer loop
vertex 11.620333 0.609025 10.099372
vertex 11.620333 0.588272 10.079372
vertex 11.599857 0.588272 10.099372
endloop
endfacet
facet normal 0 0 0
outer loop
vertex 11.620333 0.588272 10.079372
vertex 11.599857 0.588272 10.079372
vertex 11.599857 0.588272 10.099372
endloop
endfacet
facet normal 0 0 0
outer loop
vertex 11.620333 0.588272 10.079372
vertex 11.640808 0.609025 10.099372
vertex 11.640808 0.588272 10.079372
endloop
endfacet
facet normal 0 0 0
outer loop
vertex 11.620333 0.609025 10.099372
vertex 11.640808 0.609025 10.099372
vertex 11.620333 0.588272 10.079372
endloop
endfacet
facet normal 0 0 0
outer loop
vertex 11.640808 0.588272 10.079372
vertex 11.640808 0.609025 10.099372
vertex 11.661283 0.609025 10.079372
endloop
endfacet
facet normal 0 0 0
outer loop
vertex 11.845566 0.588272 10.079372
vertex 11.825090 0.609025 10.079372
vertex 11.845566 0.609025 10.099372
endloop
endfacet
facet normal 0 0 0
outer loop
vertex 11.845566 0.588272 10.079372
vertex 11.866043 0.609025 10.099372
vertex 11.866043 0.588272 10.079372
endloop
endfacet
facet normal 0 0 0
outer loop
vertex 11.845566 0.609025 10.099372
vertex 11.866043 0.609025 10.099372
vertex 11.845566 0.588272 10.079372
endloop
endfacet
facet normal 0 0 0
outer loop
vertex 11.866043 0.588272 10.079372
vertex 11.866043 0.609025 10.099372
vertex 11.886518 0.588272 10.099372
endloop
endfacet
facet normal 0 0 0
outer loop
vertex 11.866043 0.609025 10.099372
vertex 11.886518 0.609025 10.099372
vertex 11.886518 0.588272 10.099372
endloop
endfacet
facet normal 0 0 0
outer loop
vertex 11.906994 0.588272 10.099372
vertex 11.886518 0.588272 10.099372
vertex 11.906994 0.609025 10.099372
endloop
endfacet
facet normal 0 0 0
outer loop
vertex 11.906994 0.609025 10.099372
vertex 11.886518 0.588272 10.099372
vertex 11.886518 0.609025 10.099372
endloop
endfacet
facet normal 0 0 0
outer loop
vertex 11.906994 0.609025 10.099372
vertex 11.927469 0.588272 10.099372
vertex 11.906994 0.588272 10.099372
endloop
endfacet
facet normal 0 0 0
outer loop
vertex 11.661283 0.609025 10.079372
vertex 11.640808 0.609025 10.099372
vertex 11.661283 0.609025 10.099372
endloop
endfacet
facet normal 0 0 0
outer loop
vertex 11.681761 0.629778 10.099372
vertex 11.681761 0.609025 10.079372
vertex 11.661283 0.609025 10.099372
endloop
endfacet
facet normal 0 0 0
outer loop
vertex 11.681761 0.609025 10.079372
vertex 11.661283 0.609025 10.079372
vertex 11.661283 0.609025 10.099372
endloop
endfacet
facet normal 0 0 0
outer loop
vertex 11.681761 0.609025 10.079372
vertex 11.702236 0.629778 10.099372
vertex 11.702236 0.609025 10.079372
endloop
endfacet
facet normal 0 0 0
outer loop
vertex 11.681761 0.629778 10.099372
vertex 11.702236 0.629778 10.099372
vertex 11.681761 0.609025 10.079372
endloop
endfacet
facet normal 0 0 0
outer loop
vertex 11.702236 0.609025 10.079372
vertex 11.722712 0.629778 10.099372
vertex 11.722712 0.609025 10.079372
endloop
endfacet
facet normal 0 0 0
outer loop
vertex 11.702236 0.629778 10.099372
vertex 11.722712 0.629778 10.099372
vertex 11.702236 0.609025 10.079372
endloop
endfacet
facet normal 0 0 0
outer loop
vertex 11.722712 0.609025 10.079372
vertex 11.743187 0.629778 10.099372
vertex 11.743187 0.609025 10.079372
endloop
endfacet
facet normal 0 0 0
outer loop
vertex 11.722712 0.629778 10.099372
vertex 11.743187 0.629778 10.099372
vertex 11.722712 0.609025 10.079372
endloop
endfacet
facet normal 0 0 0
outer loop
vertex 11.743187 0.609025 10.079372
vertex 11.763662 0.629778 10.099372
vertex 11.763662 0.609025 10.079372
endloop
endfacet
facet normal 0 0 0
outer loop
vertex 11.743187 0.629778 10.099372
vertex 11.763662 0.629778 10.099372
vertex 11.743187 0.609025 10.079372
endloop
endfacet
facet normal 0 0 0
outer loop
vertex 11.763662 0.609025 10.079372
vertex 11.784140 0.629778 10.099372
vertex 11.784140 0.609025 10.079372
endloop
endfacet
facet normal 0 0 0
outer loop
vertex 11.763662 0.629778 10.099372
vertex 11.784140 0.629778 10.099372
vertex 11.763662 0.609025 10.079372
endloop
endfacet
facet normal 0 0 0
outer loop
vertex 11.784140 0.609025 10.079372
vertex 11.804615 0.629778 10.099372
vertex 11.804615 0.609025 10.079372
endloop
endfacet
facet normal 0 0 0
outer loop
vertex 11.784140 0.629778 10.099372
vertex 11.804615 0.629778 10.099372
vertex 11.784140 0.609025 10.079372
endloop
endfacet
facet normal 0 0 0
outer loop
vertex 11.804615 0.609025 10.079372
vertex 11.825090 0.629778 10.099372
vertex 11.825090 0.609025 10.079372
endloop
endfacet
facet normal 0 0 0
outer loop
vertex 11.804615 0.629778 10.099372
vertex 11.825090 0.629778 10.099372
vertex 11.804615 0.609025 10.079372
endloop
endfacet
facet normal 0 0 0
outer loop
vertex 11.825090 0.609025 10.079372
vertex 11.825090 0.629778 10.099372
vertex 11.845566 0.609025 10.099372
endloop
endfacet
facet normal 0 0 0
outer loop
vertex 11.825090 0.629778 10.099372
vertex 11.845566 0.629778 10.099372
vertex 11.845566 0.609025 10.099372
endloop
endfacet
facet normal 0 0 0
outer loop
vertex 11.866043 0.609025 10.099372
vertex 11.845566 0.609025 10.099372
vertex 11.866043 0.629778 10.099372
endloop
endfacet
facet normal 0 0 0
outer loop
vertex 11.866043 0.629778 10.099372
vertex 11.845566 0.609025 10.099372
vertex 11.845566 0.629778 10.099372
endloop
endfacet
facet normal 0 0 0
outer loop
vertex 11.886518 0.609025 10.099372
vertex 11.866043 0.609025 10.099372
vertex 11.886518 0.629778 10.099372
endloop
endfacet
facet normal 0 0 0
outer loop
vertex 11.886518 0.629778 10.099372
vertex 11.866043 0.609025 10.099372
vertex 11.866043 0.629778 10.099372
endloop
endfacet
facet normal 0 0 0
outer loop
vertex 11.886518 0.629778 10.099372
vertex 11.906994 0.609025 10.099372
vertex 11.886518 0.609025 10.099372
endloop
endfacet
facet normal 0 0 0
outer loop
vertex 11.497478 0.318479 10.099372
vertex 11.517954 0.297725 10.099372
vertex 11.517954 0.318479 10.099372
endloop
endfacet
facet normal 0 0 0
outer loop
vertex 11.538429 0.318479 10.119371
vertex 11.517954 0.318479 10.099372
vertex 11.538429 0.297725 10.099372
endloop
endfacet
facet normal 0 0 0
outer loop
vertex 11.517954 0.318479 10.099372
vertex 11.517954 0.297725 10.099372
vertex 11.538429 0.297725 10.099372
endloop
endfacet
facet normal 0 0 0
outer loop
vertex 11.558905 0.297725 10.099372
vertex 11.538429 0.318479 10.119371
vertex 11.538429 0.297725 10.099372
endloop
endfacet
facet normal 0 0 0
outer loop
vertex 11.558905 0.318479 10.119371
vertex 11.538429 0.318479 10.119371
vertex 11.558905 0.297725 10.099372
endloop
endfacet
facet normal 0 0 0
outer loop
vertex 11.579380 0.297725 10.099372
vertex 11.558905 0.318479 10.119371
vertex 11.558905 0.297725 10.099372
endloop
endfacet
facet normal 0 0 0
outer loop
vertex 11.579380 0.318479 10.119371
vertex 11.558905 0.318479 10.119371
vertex 11.579380 0.297725 10.099372
endloop
endfacet
facet normal 0 0 0
outer loop
vertex 11.599857 0.297725 10.099372
vertex 11.579380 0.318479 10.119371
vertex 11.579380 0.297725 10.099372
endloop
endfacet
facet normal 0 0 0
outer loop
vertex 11.599857 0.318479 10.119371
vertex 11.579380 0.318479 10.119371
vertex 11.599857 0.297725 10.099372
endloop
endfacet
facet normal 0 0 0
outer loop
vertex 11.620333 0.297725 10.099372
vertex 11.599857 0.318479 10.119371
vertex 11.599857 0.297725 10.099372
endloop
endfacet
facet normal 0 0 0
outer loop
vertex 11.620333 0.318479 10.119371
vertex 11.599857 0.318479 10.119371
vertex 11.620333 0.297725 10.099372
endloop
endfacet
facet normal 0 0 0
outer loop
vertex 11.640808 0.297725 10.099372
vertex 11.620333 0.318479 10.119371
vertex 11.620333 0.297725 10.099372
endloop
endfacet
facet normal 0 0 0
outer loop
vertex 11.640808 0.318479 10.119371
vertex 11.620333 0.318479 10.119371
vertex 11.640808 0.297725 10.099372
endloop
endfacet
facet normal 0 0 0
outer loop
vertex 11.661283 0.297725 10.099372
vertex 11.640808 0.318479 10.119371
vertex 11.640808 0.297725 10.099372
endloop
endfacet
facet normal 0 0 0
outer loop
vertex 11.661283 0.318479 10.119371
vertex 11.640808 0.318479 10.119371
vertex 11.661283 0.297725 10.099372
endloop
endfacet
facet normal 0 0 0
outer loop
vertex 11.681761 0.297725 10.099372
vertex 11.661283 0.318479 10.119371
vertex 11.661283 0.297725 10.099372
endloop
endfacet
facet normal 0 0 0
outer loop
vertex 11.681761 0.318479 10.119371
vertex 11.661283 0.318479 10.119371
vertex 11.681761 0.297725 10.099372
endloop
endfacet
facet normal 0 0 0
outer loop
vertex 11.702236 0.318479 10.099372
vertex 11.681761 0.318479 10.119371
vertex 11.681761 0.297725 10.099372
endloop
endfacet
facet normal 0 0 0
outer loop
vertex 11.497478 0.318479 10.099372
vertex 11.497478 0.339232 10.119371
vertex 11.477001 0.339232 10.099372
endloop
endfacet
facet normal 0 0 0
outer loop
vertex 11.517954 0.318479 10.099372
vertex 11.497478 0.339232 10.119371
vertex 11.497478 0.318479 10.099372
endloop
endfacet
facet normal 0 0 0
outer loop
vertex 11.517954 0.339232 10.119371
vertex 11.497478 0.339232 10.119371
vertex 11.517954 0.318479 10.099372
endloop
endfacet
facet normal 0 0 0
outer loop
vertex 11.538429 0.318479 10.119371
vertex 11.517954 0.339232 10.119371
vertex 11.517954 0.318479 10.099372
endloop
endfacet
facet normal 0 0 0
outer loop
vertex 11.702236 0.318479 10.099372
vertex 11.702236 0.339232 10.119371
vertex 11.681761 0.318479 10.119371
endloop
endfacet
facet normal 0 0 0
outer loop
vertex 11.722712 0.318479 10.099372
vertex 11.702236 0.339232 10.119371
vertex 11.702236 0.318479 10.099372
endloop
endfacet
facet normal 0 0 0
outer loop
vertex 11.722712 0.339232 10.119371
vertex 11.702236 0.339232 10.119371
vertex 11.722712 0.318479 10.099372
endloop
endfacet
facet normal 0 0 0
outer loop
vertex 11.743187 0.318479 10.099372
vertex 11.722712 0.339232 10.119371
vertex 11.722712 0.318479 10.099372
endloop
endfacet
facet normal 0 0 0
outer loop
vertex 11.743187 0.339232 10.119371
vertex 11.722712 0.339232 10.119371
vertex 11.743187 0.318479 10.099372
endloop
endfacet
facet normal 0 0 0
outer loop
vertex 11.763662 0.339232 10.099372
vertex 11.743187 0.339232 10.119371
vertex 11.743187 0.318479 10.099372
endloop
endfacet
facet normal 0 0 0
outer loop
vertex 11.456526 0.339232 10.099372
vertex 11.456526 0.359985 10.119371
vertex 11.436050 0.359985 10.099372
endloop
endfacet
facet normal 0 0 0
outer loop
vertex 11.477001 0.339232 10.099372
vertex 11.456526 0.359985 10.119371
vertex 11.456526 0.339232 10.099372
endloop
endfacet
facet normal 0 0 0
outer loop
vertex 11.477001 0.359985 10.119371
vertex 11.456526 0.359985 10.119371
vertex 11.477001 0.339232 10.099372
endloop
endfacet
facet normal 0 0 0
outer loop
vertex 11.497478 0.339232 10.119371
vertex 11.477001 0.359985 10.119371
vertex 11.477001 0.339232 10.099372
endloop
endfacet
facet normal 0 0 0
outer loop
vertex 11.763662 0.339232 10.099372
vertex 11.763662 0.359985 10.119371
vertex 11.743187 0.339232 10.119371
endloop
endfacet
facet normal 0 0 0
outer loop
vertex 11.763662 0.339232 10.099372
vertex 11.784140 0.359985 10.099372
vertex 11.763662 0.359985 10.119371
endloop
endfacet
facet normal 0 0 0
outer loop
vertex 11.784140 0.359985 10.099372
vertex 11.784140 0.359985 10.119371
vertex 11.763662 0.359985 10.119371
endloop
endfacet
facet normal 0 0 0
outer loop
vertex 11.804615 0.359985 10.099372
vertex 11.784140 0.359985 10.119371
vertex 11.784140 0.359985 10.099372
endloop
endfacet
facet normal 0 0 0
outer loop
vertex 11.456526 0.380738 10.119371
vertex 11.436050 0.359985 10.099372
vertex 11.456526 0.359985 10.119371
endloop
endfacet
facet normal 0 0 0
outer loop
vertex 11.436050 0.380738 10.099372
vertex 11.436050 0.359985 10.099372
vertex 11.456526 0.380738 10.119371
endloop
endfacet
facet normal 0 0 0
outer loop
vertex 11.804615 0.359985 10.099372
vertex 11.804615 0.380738 10.119371
vertex 11.784140 0.359985 10.119371
endloop
endfacet
facet normal 0 0 0
outer loop
vertex 11.825090 0.380738 10.099372
vertex 11.804615 0.380738 10.119371
vertex 11.804615 0.359985 10.099372
endloop
endfacet
facet normal 0 0 0
outer loop
vertex 11.456526 0.401492 10.119371
vertex 11.436050 0.380738 10.099372
vertex 11.456526 0.380738 10.119371
endloop
endfacet
facet normal 0 0 0
outer loop
vertex 11.436050 0.401492 10.099372
vertex 11.436050 0.380738 10.099372
vertex 11.456526 0.401492 10.119371
endloop
endfacet
facet normal 0 0 0
outer loop
vertex 11.825090 0.380738 10.099372
vertex 11.825090 0.401492 10.119371
vertex 11.804615 0.380738 10.119371
endloop
endfacet
facet normal 0 0 0
outer loop
vertex 11.845566 0.401492 10.099372
vertex 11.825090 0.401492 10.119371
vertex 11.825090 0.380738 10.099372
endloop
endfacet
facet normal 0 0 0
outer loop
vertex 11.436050 0.401492 10.099372
vertex 11.456526 0.401492 10.119371
vertex 11.456526 0.422245 10.099372
endloop
endfacet
facet normal 0 0 0
outer loop
vertex 11.456526 0.401492 10.119371
vertex 11.456526 0.422245 10.119371
vertex 11.456526 0.422245 10.099372
endloop
endfacet
facet normal 0 0 0
outer loop
vertex 11.845566 0.401492 10.099372
vertex 11.845566 0.422245 10.119371
vertex 11.825090 0.401492 10.119371
endloop
endfacet
facet normal 0 0 0
outer loop
vertex 11.866043 0.401492 10.099372
vertex 11.845566 0.422245 10.119371
vertex 11.845566 0.401492 10.099372
endloop
endfacet
facet normal 0 0 0
outer loop
vertex 11.866043 0.422245 10.119371
vertex 11.845566 0.422245 10.119371
vertex 11.866043 0.401492 10.099372
endloop
endfacet
facet normal 0 0 0
outer loop
vertex 11.886518 0.422245 10.099372
vertex 11.866043 0.422245 10.119371
vertex 11.866043 0.401492 10.099372
endloop
endfacet
facet normal 0 0 0
outer loop
vertex 11.456526 0.422245 10.099372
vertex 11.456526 0.422245 10.119371
vertex 11.456526 0.442998 10.099372
endloop
endfacet
facet normal 0 0 0
outer loop
vertex 11.456526 0.422245 10.119371
vertex 11.456526 0.442998 10.119371
vertex 11.456526 0.442998 10.099372
endloop
endfacet
facet normal 0 0 0
outer loop
vertex 11.886518 0.422245 10.099372
vertex 11.886518 0.442998 10.119371
vertex 11.866043 0.422245 10.119371
endloop
endfacet
facet normal 0 0 0
outer loop
vertex 11.906994 0.442998 10.099372
vertex 11.886518 0.442998 10.119371
vertex 11.886518 0.422245 10.099372
endloop
endfacet
facet normal 0 0 0
outer loop
vertex 11.456526 0.442998 10.119371
vertex 11.477001 0.463752 10.099372
vertex 11.456526 0.442998 10.099372
endloop
endfacet
facet normal 0 0 0
outer loop
vertex 11.477001 0.463752 10.119371
vertex 11.477001 0.463752 10.099372
vertex 11.456526 0.442998 10.119371
endloop
endfacet
facet normal 0 0 0
outer loop
vertex 11.906994 0.442998 10.099372
vertex 11.906994 0.463752 10.119371
vertex 11.886518 0.442998 10.119371
endloop
endfacet
facet normal 0 0 0
outer loop
vertex 11.906994 0.463752 10.119371
vertex 11.906994 0.442998 10.099372
vertex 11.906994 0.463752 10.099372
endloop
endfacet
facet normal 0 0 0
outer loop
vertex 11.477001 0.484505 10.119371
vertex 11.477001 0.463752 10.099372
vertex 11.477001 0.463752 10.119371
endloop
endfacet
facet normal 0 0 0
outer loop
vertex 11.477001 0.463752 10.099372
vertex 11.477001 0.484505 10.119371
vertex 11.497478 0.484505 10.099372
endloop
endfacet
facet normal 0 0 0
outer loop
vertex 11.906994 0.463752 10.099372
vertex 11.927469 0.484505 10.119371
vertex 11.906994 0.463752 10.119371
endloop
endfacet
facet normal 0 0 0
outer loop
vertex 11.927469 0.484505 10.099372
vertex 11.927469 0.484505 10.119371
vertex 11.906994 0.463752 10.099372
endloop
endfacet
facet normal 0 0 0
outer loop
vertex 11.477001 0.484505 10.119371
vertex 11.497478 0.505259 10.119371
vertex 11.497478 0.484505 10.099372
endloop
endfacet
facet normal 0 0 0
outer loop
vertex 11.497478 0.505259 10.119371
vertex 11.497478 0.505259 10.099372
vertex 11.497478 0.484505 10.099372
endloop
endfacet
facet normal 0 0 0
outer loop
vertex 11.947945 0.505259 10.119371
vertex 11.927469 0.484505 10.119371
vertex 11.927469 0.505259 10.099372
endloop
endfacet
facet normal 0 0 0
outer loop
vertex 11.927469 0.484505 10.119371
vertex 11.927469 0.484505 10.099372
vertex 11.927469 0.505259 10.099372
endloop
endfacet
facet normal 0 0 0
outer loop
vertex 11.497478 0.505259 10.119371
vertex 11.517954 0.526012 10.099372
vertex 11.497478 0.505259 10.099372
endloop
endfacet
facet normal 0 0 0
outer loop
vertex 11.517954 0.526012 10.119371
vertex 11.517954 0.526012 10.099372
vertex 11.497478 0.505259 10.119371
endloop
endfacet
facet normal 0 0 0
outer loop
vertex 11.927469 0.505259 10.099372
vertex 11.947945 0.526012 10.099372
vertex 11.947945 0.505259 10.119371
endloop
endfacet
facet normal 0 0 0
outer loop
vertex 11.947945 0.505259 10.119371
vertex 11.947945 0.526012 10.099372
vertex 11.947945 0.526012 10.119371
endloop
endfacet
facet normal 0 0 0
outer loop
vertex 11.517954 0.526012 10.119371
vertex 11.538429 0.546765 10.099372
vertex 11.517954 0.526012 10.099372
endloop
endfacet
facet normal 0 0 0
outer loop
vertex 11.538429 0.546765 10.119371
vertex 11.538429 0.546765 10.099372
vertex 11.517954 0.526012 10.119371
endloop
endfacet
facet normal 0 0 0
outer loop
vertex 11.947945 0.526012 10.099372
vertex 11.927469 0.546765 10.099372
vertex 11.947945 0.546765 10.119371
endloop
endfacet
facet normal 0 0 0
outer loop
vertex 11.947945 0.526012 10.099372
vertex 11.947945 0.546765 10.119371
vertex 11.947945 0.526012 10.119371
endloop
endfacet
facet normal 0 0 0
outer loop
vertex 11.538429 0.546765 10.119371
vertex 11.558905 0.567518 10.099372
vertex 11.538429 0.546765 10.099372
endloop
endfacet
facet normal 0 0 0
outer loop
vertex 11.558905 0.567518 10.119371
vertex 11.558905 0.567518 10.099372
vertex 11.538429 0.546765 10.119371
endloop
endfacet
facet normal 0 0 0
outer loop
vertex 11.947945 0.546765 10.119371
vertex 11.927469 0.567518 10.099372
vertex 11.947945 0.567518 10.119371
endloop
endfacet
facet normal 0 0 0
outer loop
vertex 11.927469 0.546765 10.099372
vertex 11.927469 0.567518 10.099372
vertex 11.947945 0.546765 10.119371
endloop
endfacet
facet normal 0 0 0
outer loop
vertex 11.579380 0.588272 10.119371
vertex 11.579380 0.567518 10.099372
vertex 11.558905 0.567518 10.119371
endloop
endfacet
facet normal 0 0 0
outer loop
vertex 11.579380 0.567518 10.099372
vertex 11.558905 0.567518 10.099372
vertex 11.558905 0.567518 10.119371
endloop
endfacet
facet normal 0 0 0
outer loop
vertex 11.579380 0.567518 10.099372
vertex 11.579380 0.588272 10.119371
vertex 11.599857 0.588272 10.099372
endloop
endfacet
facet normal 0 0 0
outer loop
vertex 11.947945 0.567518 10.119371
vertex 11.927469 0.588272 10.099372
vertex 11.947945 0.588272 10.119371
endloop
endfacet
facet normal 0 0 0
outer loop
vertex 11.927469 0.567518 10.099372
vertex 11.927469 0.588272 10.099372
vertex 11.947945 0.567518 10.119371
endloop
endfacet
facet normal 0 0 0
outer loop
vertex 11.599857 0.588272 10.099372
vertex 11.579380 0.588272 10.119371
vertex 11.599857 0.609025 10.119371
endloop
endfacet
facet normal 0 0 0
outer loop
vertex 11.599857 0.588272 10.099372
vertex 11.599857 0.609025 10.119371
vertex 11.620333 0.609025 10.099372
endloop
endfacet
facet normal 0 0 0
outer loop
vertex 11.927469 0.588272 10.099372
vertex 11.906994 0.609025 10.099372
vertex 11.927469 0.609025 10.119371
endloop
endfacet
facet normal 0 0 0
outer loop
vertex 11.927469 0.588272 10.099372
vertex 11.927469 0.609025 10.119371
vertex 11.947945 0.588272 10.119371
endloop
endfacet
facet normal 0 0 0
outer loop
vertex 11.927469 0.609025 10.119371
vertex 11.947945 0.609025 10.119371
vertex 11.947945 0.588272 10.119371
endloop
endfacet
facet normal 0 0 0
outer loop
vertex 11.620333 0.609025 10.099372
vertex 11.599857 0.609025 10.119371
vertex 11.620333 0.609025 10.119371
endloop
endfacet
facet normal 0 0 0
outer loop
vertex 11.640808 0.629778 10.119371
vertex 11.640808 0.609025 10.099372
vertex 11.620333 0.609025 10.119371
endloop
endfacet
facet normal 0 0 0
outer loop
vertex 11.640808 0.609025 10.099372
vertex 11.620333 0.609025 10.099372
vertex 11.620333 0.609025 10.119371
endloop
endfacet
facet normal 0 0 0
outer loop
vertex 11.640808 0.609025 10.099372
vertex 11.661283 0.629778 10.119371
vertex 11.661283 0.609025 10.099372
endloop
endfacet
facet normal 0 0 0
outer loop
vertex 11.640808 0.629778 10.119371
vertex 11.661283 0.629778 10.119371
vertex 11.640808 0.609025 10.099372
endloop
endfacet
facet normal 0 0 0
outer loop
vertex 11.661283 0.609025 10.099372
vertex 11.661283 0.629778 10.119371
vertex 11.681761 0.629778 10.099372
endloop
endfacet
facet normal 0 0 0
outer loop
vertex 11.906994 0.609025 10.099372
vertex 11.886518 0.629778 10.099372
vertex 11.906994 0.629778 10.119371
endloop
endfacet
facet normal 0 0 0
outer loop
vertex 11.906994 0.609025 10.099372
vertex 11.906994 0.629778 10.119371
vertex 11.927469 0.609025 10.119371
endloop
endfacet
facet normal 0 0 0
outer loop
vertex 11.681761 0.629778 10.099372
vertex 11.661283 0.629778 10.119371
vertex 11.681761 0.650532 10.119371
endloop
endfacet
facet normal 0 0 0
outer loop
vertex 11.681761 0.629778 10.099372
vertex 11.702236 0.650532 10.119371
vertex 11.702236 0.629778 10.099372
endloop
endfacet
facet normal 0 0 0
outer loop
vertex 11.681761 0.650532 10.119371
vertex 11.702236 0.650532 10.119371
vertex 11.681761 0.629778 10.099372
endloop
endfacet
facet normal 0 0 0
outer loop
vertex 11.702236 0.629778 10.099372
vertex 11.722712 0.650532 10.119371
vertex 11.722712 0.629778 10.099372
endloop
endfacet
facet normal 0 0 0
outer loop
vertex 11.702236 0.650532 10.119371
vertex 11.722712 0.650532 10.119371
vertex 11.702236 0.629778 10.099372
endloop
endfacet
facet normal 0 0 0
outer loop
vertex 11.722712 0.629778 10.099372
vertex 11.743187 0.650532 10.119371
vertex 11.743187 0.629778 10.099372
endloop
endfacet
facet normal 0 0 0
outer loop
vertex 11.722712 0.650532 10.119371
vertex 11.743187 0.650532 10.119371
vertex 11.722712 0.629778 10.099372
endloop
endfacet
facet normal 0 0 0
outer loop
vertex 11.743187 0.629778 10.099372
vertex 11.763662 0.650532 10.119371
vertex 11.763662 0.629778 10.099372
endloop
endfacet
facet normal 0 0 0
outer loop
vertex 11.743187 0.650532 10.119371
vertex 11.763662 0.650532 10.119371
vertex 11.743187 0.629778 10.099372
endloop
endfacet
facet normal 0 0 0
outer loop
vertex 11.763662 0.629778 10.099372
vertex 11.784140 0.650532 10.119371
vertex 11.784140 0.629778 10.099372
endloop
endfacet
facet normal 0 0 0
outer loop
vertex 11.763662 0.650532 10.119371
vertex 11.784140 0.650532 10.119371
vertex 11.763662 0.629778 10.099372
endloop
endfacet
facet normal 0 0 0
outer loop
vertex 11.784140 0.629778 10.099372
vertex 11.804615 0.650532 10.119371
vertex 11.804615 0.629778 10.099372
endloop
endfacet
facet normal 0 0 0
outer loop
vertex 11.784140 0.650532 10.119371
vertex 11.804615 0.650532 10.119371
vertex 11.784140 0.629778 10.099372
endloop
endfacet
facet normal 0 0 0
outer loop
vertex 11.804615 0.629778 10.099372
vertex 11.825090 0.650532 10.119371
vertex 11.825090 0.629778 10.099372
endloop
endfacet
facet normal 0 0 0
outer loop
vertex 11.804615 0.650532 10.119371
vertex 11.825090 0.650532 10.119371
vertex 11.804615 0.629778 10.099372
endloop
endfacet
facet normal 0 0 0
outer loop
vertex 11.825090 0.629778 10.099372
vertex 11.845566 0.650532 10.119371
vertex 11.845566 0.629778 10.099372
endloop
endfacet
facet normal 0 0 0
outer loop
vertex 11.825090 0.650532 10.119371
vertex 11.845566 0.650532 10.119371
vertex 11.825090 0.629778 10.099372
endloop
endfacet
facet normal 0 0 0
outer loop
vertex 11.845566 0.629778 10.099372
vertex 11.866043 0.650532 10.119371
vertex 11.866043 0.629778 10.099372
endloop
endfacet
facet normal 0 0 0
outer loop
vertex 11.845566 0.650532 10.119371
vertex 11.866043 0.650532 10.119371
vertex 11.845566 0.629778 10.099372
endloop
endfacet
facet normal 0 0 0
outer loop
vertex 11.866043 0.650532 10.119371
vertex 11.886518 0.629778 10.119371
vertex 11.866043 0.629778 10.099372
endloop
endfacet
facet normal 0 0 0
outer loop
vertex 11.886518 0.629778 10.119371
vertex 11.886518 0.629778 10.099372
vertex 11.866043 0.629778 10.099372
endloop
endfacet
facet normal 0 0 0
outer loop
vertex 11.906994 0.629778 10.119371
vertex 11.886518 0.629778 10.099372
vertex 11.886518 0.629778 10.119371
endloop
endfacet
facet normal 0 0 0
outer loop
vertex 11.722712 0.650532 10.119371
vertex 11.743187 0.671285 10.119371
vertex 11.743187 0.650532 10.119371
endloop
endfacet
facet normal 0 0 0
outer loop
vertex 11.763662 0.650532 10.119371
vertex 11.743187 0.650532 10.119371
vertex 11.763662 0.671285 10.119371
endloop
endfacet
facet normal 0 0 0
outer loop
vertex 11.763662 0.671285 10.119371
vertex 11.743187 0.650532 10.119371
vertex 11.743187 0.671285 10.119371
endloop
endfacet
facet normal 0 0 0
outer loop
vertex 11.784140 0.650532 10.119371
vertex 11.763662 0.650532 10.119371
vertex 11.784140 0.671285 10.119371
endloop
endfacet
facet normal 0 0 0
outer loop
vertex 11.784140 0.671285 10.119371
vertex 11.763662 0.650532 10.119371
vertex 11.763662 0.671285 10.119371
endloop
endfacet
facet normal 0 0 0
outer loop
vertex 11.804615 0.650532 10.119371
vertex 11.784140 0.650532 10.119371
vertex 11.804615 0.671285 10.119371
endloop
endfacet
facet normal 0 0 0
outer loop
vertex 11.804615 0.671285 10.119371
vertex 11.784140 0.650532 10.119371
vertex 11.784140 0.671285 10.119371
endloop
endfacet
facet normal 0 0 0
outer loop
vertex 11.804615 0.671285 10.119371
vertex 11.825090 0.650532 10.119371
vertex 11.804615 0.650532 10.119371
endloop
endfacet
facet normal 0 0 0
outer loop
vertex 11.579380 0.318479 10.139372
vertex 11.558905 0.318479 10.119371
vertex 11.579380 0.318479 10.119371
endloop
endfacet
facet normal 0 0 0
outer loop
vertex 11.599857 0.318479 10.119371
vertex 11.599857 0.318479 10.139372
vertex 11.579380 0.318479 10.119371
endloop
endfacet
facet normal 0 0 0
outer loop
vertex 11.579380 0.318479 10.119371
vertex 11.599857 0.318479 10.139372
vertex 11.579380 0.318479 10.139372
endloop
endfacet
facet normal 0 0 0
outer loop
vertex 11.620333 0.318479 10.119371
vertex 11.620333 0.318479 10.139372
vertex 11.599857 0.318479 10.119371
endloop
endfacet
facet normal 0 0 0
outer loop
vertex 11.599857 0.318479 10.119371
vertex 11.620333 0.318479 10.139372
vertex 11.599857 0.318479 10.139372
endloop
endfacet
facet normal 0 0 0
outer loop
vertex 11.640808 0.318479 10.119371
vertex 11.640808 0.318479 10.139372
vertex 11.620333 0.318479 10.119371
endloop
endfacet
facet normal 0 0 0
outer loop
vertex 11.620333 0.318479 10.119371
vertex 11.640808 0.318479 10.139372
vertex 11.620333 0.318479 10.139372
endloop
endfacet
facet normal 0 0 0
outer loop
vertex 11.661283 0.318479 10.119371
vertex 11.661283 0.318479 10.139372
vertex 11.640808 0.318479 10.119371
endloop
endfacet
facet normal 0 0 0
outer loop
vertex 11.640808 0.318479 10.119371
vertex 11.661283 0.318479 10.139372
vertex 11.640808 0.318479 10.139372
endloop
endfacet
facet normal 0 0 0
outer loop
vertex 11.681761 0.318479 10.119371
vertex 11.681761 0.318479 10.139372
vertex 11.661283 0.318479 10.119371
endloop
endfacet
facet normal 0 0 0
outer loop
vertex 11.661283 0.318479 10.119371
vertex 11.681761 0.318479 10.139372
vertex 11.661283 0.318479 10.139372
endloop
endfacet
facet normal 0 0 0
outer loop
vertex 11.681761 0.318479 10.119371
vertex 11.702236 0.318479 10.139372
vertex 11.681761 0.318479 10.139372
endloop
endfacet
facet normal 0 0 0
outer loop
vertex 11.538429 0.318479 10.119371
vertex 11.538429 0.339232 10.139372
vertex 11.517954 0.339232 10.119371
endloop
endfacet
facet normal 0 0 0
outer loop
vertex 11.558905 0.318479 10.119371
vertex 11.538429 0.339232 10.139372
vertex 11.538429 0.318479 10.119371
endloop
endfacet
facet normal 0 0 0
outer loop
vertex 11.558905 0.339232 10.139372
vertex 11.538429 0.339232 10.139372
vertex 11.558905 0.318479 10.119371
endloop
endfacet
facet normal 0 0 0
outer loop
vertex 11.579380 0.318479 10.139372
vertex 11.558905 0.339232 10.139372
vertex 11.558905 0.318479 10.119371
endloop
endfacet
facet normal 0 0 0
outer loop
vertex 11.681761 0.318479 10.119371
vertex 11.702236 0.339232 10.119371
vertex 11.702236 0.318479 10.139372
endloop
endfacet
facet normal 0 0 0
outer loop
vertex 11.722712 0.339232 10.119371
vertex 11.702236 0.318479 10.139372
vertex 11.702236 0.339232 10.119371
endloop
endfacet
facet normal 0 0 0
outer loop
vertex 11.722712 0.318479 10.139372
vertex 11.702236 0.318479 10.139372
vertex 11.722712 0.339232 10.119371
endloop
endfacet
facet normal 0 0 0
outer loop
vertex 11.722712 0.318479 10.139372
vertex 11.722712 0.339232 10.119371
vertex 11.743187 0.339232 10.139372
endloop
endfacet
facet normal 0 0 0
outer loop
vertex 11.722712 0.339232 10.119371
vertex 11.743187 0.339232 10.119371
vertex 11.743187 0.339232 10.139372
endloop
endfacet
facet normal 0 0 0
outer loop
vertex 11.743187 0.339232 10.119371
vertex 11.763662 0.339232 10.139372
vertex 11.743187 0.339232 10.139372
endloop
endfacet
facet normal 0 0 0
outer loop
vertex 11.497478 0.339232 10.119371
vertex 11.497478 0.359985 10.139372
vertex 11.477001 0.359985 10.119371
endloop
endfacet
facet normal 0 0 0
outer loop
vertex 11.517954 0.339232 10.119371
vertex 11.497478 0.359985 10.139372
vertex 11.497478 0.339232 10.119371
endloop
endfacet
facet normal 0 0 0
outer loop
vertex 11.517954 0.359985 10.139372
vertex 11.497478 0.359985 10.139372
vertex 11.517954 0.339232 10.119371
endloop
endfacet
facet normal 0 0 0
outer loop
vertex 11.538429 0.339232 10.139372
vertex 11.517954 0.359985 10.139372
vertex 11.517954 0.339232 10.119371
endloop
endfacet
facet normal 0 0 0
outer loop
vertex 11.743187 0.339232 10.119371
vertex 11.763662 0.359985 10.119371
vertex 11.763662 0.339232 10.139372
endloop
endfacet
facet normal 0 0 0
outer loop
vertex 11.784140 0.359985 10.119371
vertex 11.763662 0.339232 10.139372
vertex 11.763662 0.359985 10.119371
endloop
endfacet
facet normal 0 0 0
outer loop
vertex 11.784140 0.339232 10.139372
vertex 11.763662 0.339232 10.139372
vertex 11.784140 0.359985 10.119371
endloop
endfacet
facet normal 0 0 0
outer loop
vertex 11.784140 0.359985 10.119371
vertex 11.804615 0.359985 10.139372
vertex 11.784140 0.339232 10.139372
endloop
endfacet
facet normal 0 0 0
outer loop
vertex 11.477001 0.380738 10.139372
vertex 11.456526 0.380738 10.119371
vertex 11.477001 0.359985 10.119371
endloop
endfacet
facet normal 0 0 0
outer loop
vertex 11.456526 0.380738 10.119371
vertex 11.456526 0.359985 10.119371
vertex 11.477001 0.359985 10.119371
endloop
endfacet
facet normal 0 0 0
outer loop
vertex 11.497478 0.359985 10.139372
vertex 11.477001 0.380738 10.139372
vertex 11.477001 0.359985 10.119371
endloop
endfacet
facet normal 0 0 0
outer loop
vertex 11.784140 0.359985 10.119371
vertex 11.804615 0.380738 10.119371
vertex 11.804615 0.359985 10.139372
endloop
endfacet
facet normal 0 0 0
outer loop
vertex 11.804615 0.380738 10.119371
vertex 11.825090 0.380738 10.139372
vertex 11.804615 0.359985 10.139372
endloop
endfacet
facet normal 0 0 0
outer loop
vertex 11.825090 0.380738 10.139372
vertex 11.825090 0.359985 10.139372
vertex 11.804615 0.359985 10.139372
endloop
endfacet
facet normal 0 0 0
outer loop
vertex 11.845566 0.380738 10.139372
vertex 11.825090 0.359985 10.139372
vertex 11.825090 0.380738 10.139372
endloop
endfacet
facet normal 0 0 0
outer loop
vertex 11.477001 0.401492 10.139372
vertex 11.456526 0.380738 10.119371
vertex 11.477001 0.380738 10.139372
endloop
endfacet
facet normal 0 0 0
outer loop
vertex 11.456526 0.401492 10.119371
vertex 11.456526 0.380738 10.119371
vertex 11.477001 0.401492 10.139372
endloop
endfacet
facet normal 0 0 0
outer loop
vertex 11.804615 0.380738 10.119371
vertex 11.825090 0.401492 10.119371
vertex 11.825090 0.380738 10.139372
endloop
endfacet
facet normal 0 0 0
outer loop
vertex 11.825090 0.401492 10.119371
vertex 11.845566 0.401492 10.139372
vertex 11.825090 0.380738 10.139372
endloop
endfacet
facet normal 0 0 0
outer loop
vertex 11.845566 0.401492 10.139372
vertex 11.845566 0.380738 10.139372
vertex 11.825090 0.380738 10.139372
endloop
endfacet
facet normal 0 0 0
outer loop
vertex 11.866043 0.401492 10.139372
vertex 11.845566 0.380738 10.139372
vertex 11.845566 0.401492 10.139372
endloop
endfacet
facet normal 0 0 0
outer loop
vertex 11.477001 0.422245 10.139372
vertex 11.456526 0.401492 10.119371
vertex 11.477001 0.401492 10.139372
endloop
endfacet
facet normal 0 0 0
outer loop
vertex 11.456526 0.422245 10.119371
vertex 11.456526 0.401492 10.119371
vertex 11.477001 0.422245 10.139372
endloop
endfacet
facet normal 0 0 0
outer loop
vertex 11.825090 0.401492 10.119371
vertex 11.845566 0.422245 10.119371
vertex 11.845566 0.401492 10.139372
endloop
endfacet
facet normal 0 0 0
outer loop
vertex 11.866043 0.422245 10.119371
vertex 11.845566 0.401492 10.139372
vertex 11.845566 0.422245 10.119371
endloop
endfacet
facet normal 0 0 0
outer loop
vertex 11.866043 0.401492 10.139372
vertex 11.845566 0.401492 10.139372
vertex 11.866043 0.422245 10.119371
endloop
endfacet
facet normal 0 0 0
outer loop
vertex 11.866043 0.422245 10.119371
vertex 11.886518 0.422245 10.139372
vertex 11.866043 0.401492 10.139372
endloop
endfacet
facet normal 0 0 0
outer loop
vertex 11.477001 0.442998 10.139372
vertex 11.456526 0.422245 10.119371
vertex 11.477001 0.422245 10.139372
endloop
endfacet
facet normal 0 0 0
outer loop
vertex 11.456526 0.442998 10.119371
vertex 11.456526 0.422245 10.119371
vertex 11.477001 0.442998 10.139372
endloop
endfacet
facet normal 0 0 0
outer loop
vertex 11.866043 0.422245 10.119371
vertex 11.886518 0.442998 10.119371
vertex 11.886518 0.422245 10.139372
endloop
endfacet
facet normal 0 0 0
outer loop
vertex 11.886518 0.442998 10.119371
vertex 11.906994 0.442998 10.139372
vertex 11.886518 0.422245 10.139372
endloop
endfacet
facet normal 0 0 0
outer loop
vertex 11.456526 0.442998 10.119371
vertex 11.477001 0.442998 10.139372
vertex 11.477001 0.463752 10.119371
endloop
endfacet
facet normal 0 0 0
outer loop
vertex 11.477001 0.442998 10.139372
vertex 11.497478 0.463752 10.139372
vertex 11.477001 0.463752 10.119371
endloop
endfacet
facet normal 0 0 0
outer loop
vertex 11.886518 0.442998 10.119371
vertex 11.906994 0.463752 10.119371
vertex 11.906994 0.442998 10.139372
endloop
endfacet
facet normal 0 0 0
outer loop
vertex 11.906994 0.463752 10.119371
vertex 11.927469 0.463752 10.139372
vertex 11.906994 0.442998 10.139372
endloop
endfacet
facet normal 0 0 0
outer loop
vertex 11.497478 0.484505 10.139372
vertex 11.477001 0.463752 10.119371
vertex 11.497478 0.463752 10.139372
endloop
endfacet
facet normal 0 0 0
outer loop
vertex 11.477001 0.484505 10.119371
vertex 11.477001 0.463752 10.119371
vertex 11.497478 0.484505 10.139372
endloop
endfacet
facet normal 0 0 0
outer loop
vertex 11.906994 0.463752 10.119371
vertex 11.927469 0.484505 10.119371
vertex 11.927469 0.463752 10.139372
endloop
endfacet
facet normal 0 0 0
outer loop
vertex 11.927469 0.484505 10.119371
vertex 11.947945 0.484505 10.139372
vertex 11.927469 0.463752 10.139372
endloop
endfacet
facet normal 0 0 0
outer loop
vertex 11.477001 0.484505 10.119371
vertex 11.497478 0.484505 10.139372
vertex 11.497478 0.505259 10.119371
endloop
endfacet
facet normal 0 0 0
outer loop
vertex 11.497478 0.484505 10.139372
vertex 11.517954 0.505259 10.139372
vertex 11.497478 0.505259 10.119371
endloop
endfacet
facet normal 0 0 0
outer loop
vertex 11.927469 0.484505 10.119371
vertex 11.947945 0.505259 10.119371
vertex 11.947945 0.484505 10.139372
endloop
endfacet
facet normal 0 0 0
outer loop
vertex 11.947945 0.505259 10.119371
vertex 11.968422 0.505259 10.139372
vertex 11.947945 0.484505 10.139372
endloop
endfacet
facet normal 0 0 0
outer loop
vertex 11.497478 0.505259 10.119371
vertex 11.517954 0.505259 10.139372
vertex 11.517954 0.526012 10.119371
endloop
endfacet
facet normal 0 0 0
outer loop
vertex 11.517954 0.505259 10.139372
vertex 11.538429 0.526012 10.139372
vertex 11.517954 0.526012 10.119371
endloop
endfacet
facet normal 0 0 0
outer loop
vertex 11.968422 0.505259 10.139372
vertex 11.947945 0.526012 10.119371
vertex 11.968422 0.526012 10.139372
endloop
endfacet
facet normal 0 0 0
outer loop
vertex 11.947945 0.505259 10.119371
vertex 11.947945 0.526012 10.119371
vertex 11.968422 0.505259 10.139372
endloop
endfacet
facet normal 0 0 0
outer loop
vertex 11.517954 0.526012 10.119371
vertex 11.538429 0.526012 10.139372
vertex 11.538429 0.546765 10.119371
endloop
endfacet
facet normal 0 0 0
outer loop
vertex 11.538429 0.526012 10.139372
vertex 11.558905 0.546765 10.139372
vertex 11.538429 0.546765 10.119371
endloop
endfacet
facet normal 0 0 0
outer loop
vertex 11.968422 0.526012 10.139372
vertex 11.947945 0.546765 10.119371
vertex 11.968422 0.546765 10.139372
endloop
endfacet
facet normal 0 0 0
outer loop
vertex 11.947945 0.526012 10.119371
vertex 11.947945 0.546765 10.119371
vertex 11.968422 0.526012 10.139372
endloop
endfacet
facet normal 0 0 0
outer loop
vertex 11.988897 0.546765 10.139372
vertex 11.968422 0.526012 10.139372
vertex 11.968422 0.546765 10.139372
endloop
endfacet
facet normal 0 0 0
outer loop
vertex 11.538429 0.546765 10.119371
vertex 11.558905 0.546765 10.139372
vertex 11.558905 0.567518 10.119371
endloop
endfacet
facet normal 0 0 0
outer loop
vertex 11.558905 0.546765 10.139372
vertex 11.579380 0.567518 10.139372
vertex 11.558905 0.567518 10.119371
endloop
endfacet
facet normal 0 0 0
outer loop
vertex 11.968422 0.546765 10.139372
vertex 11.947945 0.567518 10.119371
vertex 11.968422 0.567518 10.139372
endloop
endfacet
facet normal 0 0 0
outer loop
vertex 11.947945 0.546765 10.119371
vertex 11.947945 0.567518 10.119371
vertex 11.968422 0.546765 10.139372
endloop
endfacet
facet normal 0 0 0
outer loop
vertex 11.988897 0.546765 10.139372
vertex 11.968422 0.546765 10.139372
vertex 11.988897 0.567518 10.139372
endloop
endfacet
facet normal 0 0 0
outer loop
vertex 11.988897 0.567518 10.139372
vertex 11.968422 0.546765 10.139372
vertex 11.968422 0.567518 10.139372
endloop
endfacet
facet normal 0 0 0
outer loop
vertex 11.558905 0.567518 10.119371
vertex 11.579380 0.567518 10.139372
vertex 11.579380 0.588272 10.119371
endloop
endfacet
facet normal 0 0 0
outer loop
vertex 11.579380 0.567518 10.139372
vertex 11.599857 0.588272 10.139372
vertex 11.579380 0.588272 10.119371
endloop
endfacet
facet normal 0 0 0
outer loop
vertex 11.968422 0.567518 10.139372
vertex 11.947945 0.588272 10.119371
vertex 11.968422 0.588272 10.139372
endloop
endfacet
facet normal 0 0 0
outer loop
vertex 11.947945 0.567518 10.119371
vertex 11.947945 0.588272 10.119371
vertex 11.968422 0.567518 10.139372
endloop
endfacet
facet normal 0 0 0
outer loop
vertex 11.988897 0.567518 10.139372
vertex 11.968422 0.567518 10.139372
vertex 11.988897 0.588272 10.139372
endloop
endfacet
facet normal 0 0 0
outer loop
vertex 11.988897 0.588272 10.139372
vertex 11.968422 0.567518 10.139372
vertex 11.968422 0.588272 10.139372
endloop
endfacet
facet normal 0 0 0
outer loop
vertex 11.579380 0.588272 10.119371
vertex 11.599857 0.588272 10.139372
vertex 11.599857 0.609025 10.119371
endloop
endfacet
facet normal 0 0 0
outer loop
vertex 11.599857 0.609025 10.119371
vertex 11.620333 0.588272 10.139372
vertex 11.620333 0.609025 10.119371
endloop
endfacet
facet normal 0 0 0
outer loop
vertex 11.599857 0.588272 10.139372
vertex 11.620333 0.588272 10.139372
vertex 11.599857 0.609025 10.119371
endloop
endfacet
facet normal 0 0 0
outer loop
vertex 11.620333 0.588272 10.139372
vertex 11.640808 0.609025 10.139372
vertex 11.620333 0.609025 10.119371
endloop
endfacet
facet normal 0 0 0
outer loop
vertex 11.968422 0.588272 10.139372
vertex 11.947945 0.609025 10.119371
vertex 11.968422 0.609025 10.139372
endloop
endfacet
facet normal 0 0 0
outer loop
vertex 11.947945 0.588272 10.119371
vertex 11.947945 0.609025 10.119371
vertex 11.968422 0.588272 10.139372
endloop
endfacet
facet normal 0 0 0
outer loop
vertex 11.968422 0.609025 10.139372
vertex 11.988897 0.588272 10.139372
vertex 11.968422 0.588272 10.139372
endloop
endfacet
facet normal 0 0 0
outer loop
vertex 11.620333 0.609025 10.119371
vertex 11.640808 0.609025 10.139372
vertex 11.640808 0.629778 10.119371
endloop
endfacet
facet normal 0 0 0
outer loop
vertex 11.640808 0.629778 10.119371
vertex 11.661283 0.609025 10.139372
vertex 11.661283 0.629778 10.119371
endloop
endfacet
facet normal 0 0 0
outer loop
vertex 11.640808 0.609025 10.139372
vertex 11.661283 0.609025 10.139372
vertex 11.640808 0.629778 10.119371
endloop
endfacet
facet normal 0 0 0
outer loop
vertex 11.661283 0.609025 10.139372
vertex 11.681761 0.629778 10.139372
vertex 11.661283 0.629778 10.119371
endloop
endfacet
facet normal 0 0 0
outer loop
vertex 11.927469 0.609025 10.119371
vertex 11.906994 0.629778 10.119371
vertex 11.927469 0.629778 10.139372
endloop
endfacet
facet normal 0 0 0
outer loop
vertex 11.927469 0.609025 10.119371
vertex 11.947945 0.629778 10.139372
vertex 11.947945 0.609025 10.119371
endloop
endfacet
facet normal 0 0 0
outer loop
vertex 11.927469 0.629778 10.139372
vertex 11.947945 0.629778 10.139372
vertex 11.927469 0.609025 10.119371
endloop
endfacet
facet normal 0 0 0
outer loop
vertex 11.947945 0.609025 10.119371
vertex 11.947945 0.629778 10.139372
vertex 11.968422 0.609025 10.139372
endloop
endfacet
facet normal 0 0 0
outer loop
vertex 11.947945 0.629778 10.139372
vertex 11.968422 0.629778 10.139372
vertex 11.968422 0.609025 10.139372
endloop
endfacet
facet normal 0 0 0
outer loop
vertex 11.661283 0.629778 10.119371
vertex 11.681761 0.629778 10.139372
vertex 11.681761 0.650532 10.119371
endloop
endfacet
facet normal 0 0 0
outer loop
vertex 11.681761 0.650532 10.119371
vertex 11.702236 0.629778 10.139372
vertex 11.702236 0.650532 10.119371
endloop
endfacet
facet normal 0 0 0
outer loop
vertex 11.681761 0.629778 10.139372
vertex 11.702236 0.629778 10.139372
vertex 11.681761 0.650532 10.119371
endloop
endfacet
facet normal 0 0 0
outer loop
vertex 11.702236 0.629778 10.139372
vertex 11.722712 0.650532 10.139372
vertex 11.702236 0.650532 10.119371
endloop
endfacet
facet normal 0 0 0
outer loop
vertex 11.886518 0.629778 10.119371
vertex 11.866043 0.650532 10.119371
vertex 11.886518 0.650532 10.139372
endloop
endfacet
facet normal 0 0 0
outer loop
vertex 11.886518 0.629778 10.119371
vertex 11.906994 0.650532 10.139372
vertex 11.906994 0.629778 10.119371
endloop
endfacet
facet normal 0 0 0
outer loop
vertex 11.886518 0.650532 10.139372
vertex 11.906994 0.650532 10.139372
vertex 11.886518 0.629778 10.119371
endloop
endfacet
facet normal 0 0 0
outer loop
vertex 11.906994 0.629778 10.119371
vertex 11.906994 0.650532 10.139372
vertex 11.927469 0.629778 10.139372
endloop
endfacet
facet normal 0 0 0
outer loop
vertex 11.906994 0.650532 10.139372
vertex 11.927469 0.650532 10.139372
vertex 11.927469 0.629778 10.139372
endloop
endfacet
facet normal 0 0 0
outer loop
vertex 11.927469 0.650532 10.139372
vertex 11.947945 0.629778 10.139372
vertex 11.927469 0.629778 10.139372
endloop
endfacet
facet normal 0 0 0
outer loop
vertex 11.702236 0.650532 10.119371
vertex 11.722712 0.650532 10.139372
vertex 11.722712 0.650532 10.119371
endloop
endfacet
facet normal 0 0 0
outer loop
vertex 11.743187 0.671285 10.119371
vertex 11.722712 0.650532 10.119371
vertex 11.743187 0.650532 10.139372
endloop
endfacet
facet normal 0 0 0
outer loop
vertex 11.722712 0.650532 10.119371
vertex 11.722712 0.650532 10.139372
vertex 11.743187 0.650532 10.139372
endloop
endfacet
facet normal 0 0 0
outer loop
vertex 11.743187 0.671285 10.119371
vertex 11.763662 0.650532 10.139372
vertex 11.763662 0.671285 10.119371
endloop
endfacet
facet normal 0 0 0
outer loop
vertex 11.743187 0.650532 10.139372
vertex 11.763662 0.650532 10.139372
vertex 11.743187 0.671285 10.119371
endloop
endfacet
facet normal 0 0 0
outer loop
vertex 11.763662 0.650532 10.139372
vertex 11.784140 0.671285 10.139372
vertex 11.763662 0.671285 10.119371
endloop
endfacet
facet normal 0 0 0
outer loop
vertex 11.825090 0.650532 10.119371
vertex 11.804615 0.671285 10.119371
vertex 11.825090 0.671285 10.139372
endloop
endfacet
facet normal 0 0 0
outer loop
vertex 11.825090 0.650532 10.119371
vertex 11.845566 0.671285 10.139372
vertex 11.845566 0.650532 10.119371
endloop
endfacet
facet normal 0 0 0
outer loop
vertex 11.825090 0.671285 10.139372
vertex 11.845566 0.671285 10.139372
vertex 11.825090 0.650532 10.119371
endloop
endfacet
facet normal 0 0 0
outer loop
vertex 11.845566 0.650532 10.119371
vertex 11.866043 0.671285 10.139372
vertex 11.866043 0.650532 10.119371
endloop
endfacet
facet normal 0 0 0
outer loop
vertex 11.845566 0.671285 10.139372
vertex 11.866043 0.671285 10.139372
vertex 11.845566 0.650532 10.119371
endloop
endfacet
facet normal 0 0 0
outer loop
vertex 11.866043 0.650532 10.119371
vertex 11.866043 0.671285 10.139372
vertex 11.886518 0.650532 10.139372
endloop
endfacet
facet normal 0 0 0
outer loop
vertex 11.866043 0.671285 10.139372
vertex 11.886518 0.671285 10.139372
vertex 11.886518 0.650532 10.139372
endloop
endfacet
facet normal 0 0 0
outer loop
vertex 11.906994 0.650532 10.139372
vertex 11.886518 0.650532 10.139372
vertex 11.906994 0.671285 10.139372
endloop
endfacet
facet normal 0 0 0
outer loop
vertex 11.906994 0.671285 10.139372
vertex 11.886518 0.650532 10.139372
vertex 11.886518 0.671285 10.139372
endloop
endfacet
facet normal 0 0 0
outer loop
vertex 11.906994 0.671285 10.139372
vertex 11.927469 0.650532 10.139372
vertex 11.906994 0.650532 10.139372
endloop
endfacet
facet normal 0 0 0
outer loop
vertex 11.763662 0.671285 10.119371
vertex 11.784140 0.671285 10.139372
vertex 11.784140 0.671285 10.119371
endloop
endfacet
facet normal 0 0 0
outer loop
vertex 11.804615 0.671285 10.119371
vertex 11.784140 0.671285 10.119371
vertex 11.804615 0.671285 10.139372
endloop
endfacet
facet normal 0 0 0
outer loop
vertex 11.784140 0.671285 10.119371
vertex 11.784140 0.671285 10.139372
vertex 11.804615 0.671285 10.139372
endloop
endfacet
facet normal 0 0 0
outer loop
vertex 11.825090 0.671285 10.139372
vertex 11.804615 0.671285 10.119371
vertex 11.804615 0.671285 10.139372
endloop
endfacet
facet normal 0 0 0
outer loop
vertex 11.558905 0.339232 10.159372
vertex 11.538429 0.339232 10.139372
vertex 11.558905 0.339232 10.139372
endloop
endfacet
facet normal 0 0 0
outer loop
vertex 11.579380 0.318479 10.139372
vertex 11.579380 0.339232 10.159372
vertex 11.558905 0.339232 10.139372
endloop
endfacet
facet normal 0 0 0
outer loop
vertex 11.579380 0.339232 10.159372
vertex 11.558905 0.339232 10.159372
vertex 11.558905 0.339232 10.139372
endloop
endfacet
facet normal 0 0 0
outer loop
vertex 11.599857 0.318479 10.139372
vertex 11.579380 0.339232 10.159372
vertex 11.579380 0.318479 10.139372
endloop
endfacet
facet normal 0 0 0
outer loop
vertex 11.599857 0.339232 10.159372
vertex 11.579380 0.339232 10.159372
vertex 11.599857 0.318479 10.139372
endloop
endfacet
facet normal 0 0 0
outer loop
vertex 11.620333 0.318479 10.139372
vertex 11.599857 0.339232 10.159372
vertex 11.599857 0.318479 10.139372
endloop
endfacet
facet normal 0 0 0
outer loop
vertex 11.620333 0.339232 10.159372
vertex 11.599857 0.339232 10.159372
vertex 11.620333 0.318479 10.139372
endloop
endfacet
facet normal 0 0 0
outer loop
vertex 11.640808 0.318479 10.139372
vertex 11.620333 0.339232 10.159372
vertex 11.620333 0.318479 10.139372
endloop
endfacet
facet normal 0 0 0
outer loop
vertex 11.640808 0.339232 10.159372
vertex 11.620333 0.339232 10.159372
vertex 11.640808 0.318479 10.139372
endloop
endfacet
facet normal 0 0 0
outer loop
vertex 11.661283 0.318479 10.139372
vertex 11.640808 0.339232 10.159372
vertex 11.640808 0.318479 10.139372
endloop
endfacet
facet normal 0 0 0
outer loop
vertex 11.661283 0.339232 10.159372
vertex 11.640808 0.339232 10.159372
vertex 11.661283 0.318479 10.139372
endloop
endfacet
facet normal 0 0 0
outer loop
vertex 11.681761 0.318479 10.139372
vertex 11.661283 0.339232 10.159372
vertex 11.661283 0.318479 10.139372
endloop
endfacet
facet normal 0 0 0
outer loop
vertex 11.681761 0.339232 10.159372
vertex 11.661283 0.339232 10.159372
vertex 11.681761 0.318479 10.139372
endloop
endfacet
facet normal 0 0 0
outer loop
vertex 11.702236 0.318479 10.139372
vertex 11.681761 0.339232 10.159372
vertex 11.681761 0.318479 10.139372
endloop
endfacet
facet normal 0 0 0
outer loop
vertex 11.702236 0.339232 10.159372
vertex 11.681761 0.339232 10.159372
vertex 11.702236 0.318479 10.139372
endloop
endfacet
facet normal 0 0 0
outer loop
vertex 11.722712 0.318479 10.139372
vertex 11.702236 0.339232 10.159372
vertex 11.702236 0.318479 10.139372
endloop
endfacet
facet normal 0 0 0
outer loop
vertex 11.722712 0.339232 10.159372
vertex 11.702236 0.339232 10.159372
vertex 11.722712 0.318479 10.139372
endloop
endfacet
facet normal 0 0 0
outer loop
vertex 11.743187 0.339232 10.139372
vertex 11.722712 0.339232 10.159372
vertex 11.722712 0.318479 10.139372
endloop
endfacet
facet normal 0 0 0
outer loop
vertex 11.517954 0.359985 10.159372
vertex 11.497478 0.359985 10.139372
vertex 11.517954 0.359985 10.139372
endloop
endfacet
facet normal 0 0 0
outer loop
vertex 11.538429 0.339232 10.139372
vertex 11.538429 0.359985 10.159372
vertex 11.517954 0.359985 10.139372
endloop
endfacet
facet normal 0 0 0
outer loop
vertex 11.538429 0.359985 10.159372
vertex 11.517954 0.359985 10.159372
vertex 11.517954 0.359985 10.139372
endloop
endfacet
facet normal 0 0 0
outer loop
vertex 11.558905 0.339232 10.159372
vertex 11.538429 0.359985 10.159372
vertex 11.538429 0.339232 10.139372
endloop
endfacet
facet normal 0 0 0
outer loop
vertex 11.743187 0.339232 10.139372
vertex 11.743187 0.359985 10.159372
vertex 11.722712 0.339232 10.159372
endloop
endfacet
facet normal 0 0 0
outer loop
vertex 11.763662 0.339232 10.139372
vertex 11.743187 0.359985 10.159372
vertex 11.743187 0.339232 10.139372
endloop
endfacet
facet normal 0 0 0
outer loop
vertex 11.763662 0.359985 10.159372
vertex 11.743187 0.359985 10.159372
vertex 11.763662 0.339232 10.139372
endloop
endfacet
facet normal 0 0 0
outer loop
vertex 11.784140 0.339232 10.139372
vertex 11.763662 0.359985 10.159372
vertex 11.763662 0.339232 10.139372
endloop
endfacet
facet normal 0 0 0
outer loop
vertex 11.784140 0.359985 10.159372
vertex 11.763662 0.359985 10.159372
vertex 11.784140 0.339232 10.139372
endloop
endfacet
facet normal 0 0 0
outer loop
vertex 11.804615 0.359985 10.139372
vertex 11.784140 0.359985 10.159372
vertex 11.784140 0.339232 10.139372
endloop
endfacet
facet normal 0 0 0
outer loop
vertex 11.497478 0.359985 10.139372
vertex 11.497478 0.380738 10.159372
vertex 11.477001 0.380738 10.139372
endloop
endfacet
facet normal 0 0 0
outer loop
vertex 11.517954 0.359985 10.159372
vertex 11.497478 0.380738 10.159372
vertex 11.497478 0.359985 10.139372
endloop
endfacet
facet normal 0 0 0
outer loop
vertex 11.804615 0.359985 10.139372
vertex 11.804615 0.380738 10.159372
vertex 11.784140 0.359985 10.159372
endloop
endfacet
facet normal 0 0 0
outer loop
vertex 11.825090 0.359985 10.139372
vertex 11.804615 0.380738 10.159372
vertex 11.804615 0.359985 10.139372
endloop
endfacet
facet normal 0 0 0
outer loop
vertex 11.825090 0.380738 10.159372
vertex 11.804615 0.380738 10.159372
vertex 11.825090 0.359985 10.139372
endloop
endfacet
facet normal 0 0 0
outer loop
vertex 11.845566 0.380738 10.139372
vertex 11.825090 0.380738 10.159372
vertex 11.825090 0.359985 10.139372
endloop
endfacet
facet normal 0 0 0
outer loop
vertex 11.477001 0.380738 10.139372
vertex 11.477001 0.401492 10.159372
vertex 11.477001 0.401492 10.139372
endloop
endfacet
facet normal 0 0 0
outer loop
vertex 11.497478 0.380738 10.159372
vertex 11.477001 0.401492 10.159372
vertex 11.477001 0.380738 10.139372
endloop
endfacet
facet normal 0 0 0
outer loop
vertex 11.845566 0.380738 10.139372
vertex 11.845566 0.401492 10.159372
vertex 11.825090 0.380738 10.159372
endloop
endfacet
facet normal 0 0 0
outer loop
vertex 11.866043 0.401492 10.139372
vertex 11.845566 0.401492 10.159372
vertex 11.845566 0.380738 10.139372
endloop
endfacet
facet normal 0 0 0
outer loop
vertex 11.477001 0.401492 10.139372
vertex 11.477001 0.401492 10.159372
vertex 11.477001 0.422245 10.139372
endloop
endfacet
facet normal 0 0 0
outer loop
vertex 11.477001 0.401492 10.159372
vertex 11.477001 0.422245 10.159372
vertex 11.477001 0.422245 10.139372
endloop
endfacet
facet normal 0 0 0
outer loop
vertex 11.866043 0.401492 10.139372
vertex 11.866043 0.422245 10.159372
vertex 11.845566 0.401492 10.159372
endloop
endfacet
facet normal 0 0 0
outer loop
vertex 11.886518 0.422245 10.139372
vertex 11.866043 0.422245 10.159372
vertex 11.866043 0.401492 10.139372
endloop
endfacet
facet normal 0 0 0
outer loop
vertex 11.477001 0.422245 10.139372
vertex 11.477001 0.422245 10.159372
vertex 11.477001 0.442998 10.139372
endloop
endfacet
facet normal 0 0 0
outer loop
vertex 11.477001 0.422245 10.159372
vertex 11.477001 0.442998 10.159372
vertex 11.477001 0.442998 10.139372
endloop
endfacet
facet normal 0 0 0
outer loop
vertex 11.886518 0.422245 10.139372
vertex 11.886518 0.442998 10.159372
vertex 11.866043 0.422245 10.159372
endloop
endfacet
facet normal 0 0 0
outer loop
vertex 11.886518 0.422245 10.139372
vertex 11.906994 0.442998 10.139372
vertex 11.886518 0.442998 10.159372
endloop
endfacet
facet normal 0 0 0
outer loop
vertex 11.906994 0.442998 10.139372
vertex 11.906994 0.442998 10.159372
vertex 11.886518 0.442998 10.159372
endloop
endfacet
facet normal 0 0 0
outer loop
vertex 11.477001 0.442998 10.159372
vertex 11.497478 0.463752 10.139372
vertex 11.477001 0.442998 10.139372
endloop
endfacet
facet normal 0 0 0
outer loop
vertex 11.497478 0.463752 10.159372
vertex 11.497478 0.463752 10.139372
vertex 11.477001 0.442998 10.159372
endloop
endfacet
facet normal 0 0 0
outer loop
vertex 11.906994 0.442998 10.139372
vertex 11.927469 0.463752 10.159372
vertex 11.906994 0.442998 10.159372
endloop
endfacet
facet normal 0 0 0
outer loop
vertex 11.927469 0.463752 10.139372
vertex 11.927469 0.463752 10.159372
vertex 11.906994 0.442998 10.139372
endloop
endfacet
facet normal 0 0 0
outer loop
vertex 11.497478 0.463752 10.139372
vertex 11.497478 0.463752 10.159372
vertex 11.497478 0.484505 10.139372
endloop
endfacet
facet normal 0 0 0
outer loop
vertex 11.497478 0.463752 10.159372
vertex 11.497478 0.484505 10.159372
vertex 11.497478 0.484505 10.139372
endloop
endfacet
facet normal 0 0 0
outer loop
vertex 11.927469 0.463752 10.139372
vertex 11.947945 0.484505 10.159372
vertex 11.927469 0.463752 10.159372
endloop
endfacet
facet normal 0 0 0
outer loop
vertex 11.947945 0.484505 10.139372
vertex 11.947945 0.484505 10.159372
vertex 11.927469 0.463752 10.139372
endloop
endfacet
facet normal 0 0 0
outer loop
vertex 11.497478 0.484505 10.159372
vertex 11.517954 0.505259 10.139372
vertex 11.497478 0.484505 10.139372
endloop
endfacet
facet normal 0 0 0
outer loop
vertex 11.517954 0.505259 10.159372
vertex 11.517954 0.505259 10.139372
vertex 11.497478 0.484505 10.159372
endloop
endfacet
facet normal 0 0 0
outer loop
vertex 11.947945 0.484505 10.139372
vertex 11.968422 0.505259 10.159372
vertex 11.947945 0.484505 10.159372
endloop
endfacet
facet normal 0 0 0
outer loop
vertex 11.968422 0.505259 10.139372
vertex 11.968422 0.505259 10.159372
vertex 11.947945 0.484505 10.139372
endloop
endfacet
facet normal 0 0 0
outer loop
vertex 11.517954 0.505259 10.159372
vertex 11.538429 0.526012 10.139372
vertex 11.517954 0.505259 10.139372
endloop
endfacet
facet normal 0 0 0
outer loop
vertex 11.538429 0.526012 10.159372
vertex 11.538429 0.526012 10.139372
vertex 11.517954 0.505259 10.159372
endloop
endfacet
facet normal 0 0 0
outer loop
vertex 11.988897 0.526012 10.159372
vertex 11.968422 0.505259 10.159372
vertex 11.968422 0.526012 10.139372
endloop
endfacet
facet normal 0 0 0
outer loop
vertex 11.968422 0.505259 10.159372
vertex 11.968422 0.505259 10.139372
vertex 11.968422 0.526012 10.139372
endloop
endfacet
facet normal 0 0 0
outer loop
vertex 11.538429 0.526012 10.159372
vertex 11.558905 0.546765 10.139372
vertex 11.538429 0.526012 10.139372
endloop
endfacet
facet normal 0 0 0
outer loop
vertex 11.558905 0.546765 10.159372
vertex 11.558905 0.546765 10.139372
vertex 11.538429 0.526012 10.159372
endloop
endfacet
facet normal 0 0 0
outer loop
vertex 11.968422 0.526012 10.139372
vertex 11.988897 0.546765 10.139372
vertex 11.988897 0.526012 10.159372
endloop
endfacet
facet normal 0 0 0
outer loop
vertex 11.988897 0.526012 10.159372
vertex 11.988897 0.546765 10.139372
vertex 11.988897 0.546765 10.159372
endloop
endfacet
facet normal 0 0 0
outer loop
vertex 11.558905 0.567518 10.159372
vertex 11.558905 0.546765 10.139372
vertex 11.558905 0.546765 10.159372
endloop
endfacet
facet normal 0 0 0
outer loop
vertex 11.558905 0.546765 10.139372
vertex 11.558905 0.567518 10.159372
vertex 11.579380 0.567518 10.139372
endloop
endfacet
facet normal 0 0 0
outer loop
vertex 12.009373 0.567518 10.159372
vertex 11.988897 0.546765 10.159372
vertex 11.988897 0.567518 10.139372
endloop
endfacet
facet normal 0 0 0
outer loop
vertex 11.988897 0.546765 10.159372
vertex 11.988897 0.546765 10.139372
vertex 11.988897 0.567518 10.139372
endloop
endfacet
facet normal 0 0 0
outer loop
vertex 11.579380 0.567518 10.139372
vertex 11.558905 0.567518 10.159372
vertex 11.579380 0.567518 10.159372
endloop
endfacet
facet normal 0 0 0
outer loop
vertex 11.579380 0.567518 10.159372
vertex 11.599857 0.588272 10.139372
vertex 11.579380 0.567518 10.139372
endloop
endfacet
facet normal 0 0 0
outer loop
vertex 11.599857 0.588272 10.159372
vertex 11.599857 0.588272 10.139372
vertex 11.579380 0.567518 10.159372
endloop
endfacet
facet normal 0 0 0
outer loop
vertex 12.009373 0.567518 10.159372
vertex 11.988897 0.588272 10.139372
vertex 12.009373 0.588272 10.159372
endloop
endfacet
facet normal 0 0 0
outer loop
vertex 11.988897 0.567518 10.139372
vertex 11.988897 0.588272 10.139372
vertex 12.009373 0.567518 10.159372
endloop
endfacet
facet normal 0 0 0
outer loop
vertex 11.620333 0.609025 10.159372
vertex 11.620333 0.588272 10.139372
vertex 11.599857 0.588272 10.159372
endloop
endfacet
facet normal 0 0 0
outer loop
vertex 11.620333 0.588272 10.139372
vertex 11.599857 0.588272 10.139372
vertex 11.599857 0.588272 10.159372
endloop
endfacet
facet normal 0 0 0
outer loop
vertex 11.620333 0.588272 10.139372
vertex 11.620333 0.609025 10.159372
vertex 11.640808 0.609025 10.139372
endloop
endfacet
facet normal 0 0 0
outer loop
vertex 11.988897 0.588272 10.139372
vertex 11.968422 0.609025 10.139372
vertex 11.988897 0.609025 10.159372
endloop
endfacet
facet normal 0 0 0
outer loop
vertex 11.988897 0.588272 10.139372
vertex 11.988897 0.609025 10.159372
vertex 12.009373 0.588272 10.159372
endloop
endfacet
facet normal 0 0 0
outer loop
vertex 11.988897 0.609025 10.159372
vertex 12.009373 0.609025 10.159372
vertex 12.009373 0.588272 10.159372
endloop
endfacet
facet normal 0 0 0
outer loop
vertex 11.640808 0.609025 10.139372
vertex 11.620333 0.609025 10.159372
vertex 11.640808 0.629778 10.159372
endloop
endfacet
facet normal 0 0 0
outer loop
vertex 11.640808 0.609025 10.139372
vertex 11.661283 0.629778 10.159372
vertex 11.661283 0.609025 10.139372
endloop
endfacet
facet normal 0 0 0
outer loop
vertex 11.640808 0.629778 10.159372
vertex 11.661283 0.629778 10.159372
vertex 11.640808 0.609025 10.139372
endloop
endfacet
facet normal 0 0 0
outer loop
vertex 11.661283 0.609025 10.139372
vertex 11.661283 0.629778 10.159372
vertex 11.681761 0.629778 10.139372
endloop
endfacet
facet normal 0 0 0
outer loop
vertex 11.988897 0.609025 10.159372
vertex 11.968422 0.629778 10.139372
vertex 11.988897 0.629778 10.159372
endloop
endfacet
facet normal 0 0 0
outer loop
vertex 11.968422 0.609025 10.139372
vertex 11.968422 0.629778 10.139372
vertex 11.988897 0.609025 10.159372
endloop
endfacet
facet normal 0 0 0
outer loop
vertex 12.009373 0.609025 10.159372
vertex 11.988897 0.609025 10.159372
vertex 12.009373 0.629778 10.159372
endloop
endfacet
facet normal 0 0 0
outer loop
vertex 12.009373 0.629778 10.159372
vertex 11.988897 0.609025 10.159372
vertex 11.988897 0.629778 10.159372
endloop
endfacet
facet normal 0 0 0
outer loop
vertex 11.681761 0.629778 10.139372
vertex 11.661283 0.629778 10.159372
vertex 11.681761 0.650532 10.159372
endloop
endfacet
facet normal 0 0 0
outer loop
vertex 11.681761 0.629778 10.139372
vertex 11.702236 0.650532 10.159372
vertex 11.702236 0.629778 10.139372
endloop
endfacet
facet normal 0 0 0
outer loop
vertex 11.681761 0.650532 10.159372
vertex 11.702236 0.650532 10.159372
vertex 11.681761 0.629778 10.139372
endloop
endfacet
facet normal 0 0 0
outer loop
vertex 11.702236 0.629778 10.139372
vertex 11.702236 0.650532 10.159372
vertex 11.722712 0.650532 10.139372
endloop
endfacet
facet normal 0 0 0
outer loop
vertex 11.947945 0.629778 10.139372
vertex 11.927469 0.650532 10.139372
vertex 11.947945 0.650532 10.159372
endloop
endfacet
facet normal 0 0 0
outer loop
vertex 11.947945 0.629778 10.139372
vertex 11.968422 0.650532 10.159372
vertex 11.968422 0.629778 10.139372
endloop
endfacet
facet normal 0 0 0
outer loop
vertex 11.947945 0.650532 10.159372
vertex 11.968422 0.650532 10.159372
vertex 11.947945 0.629778 10.139372
endloop
endfacet
facet normal 0 0 0
outer loop
vertex 11.968422 0.629778 10.139372
vertex 11.968422 0.650532 10.159372
vertex 11.988897 0.629778 10.159372
endloop
endfacet
facet normal 0 0 0
outer loop
vertex 11.968422 0.650532 10.159372
vertex 11.988897 0.650532 10.159372
vertex 11.988897 0.629778 10.159372
endloop
endfacet
facet normal 0 0 0
outer loop
vertex 11.988897 0.650532 10.159372
vertex 12.009373 0.629778 10.159372
vertex 11.988897 0.629778 10.159372
endloop
endfacet
facet normal 0 0 0
outer loop
vertex 11.722712 0.650532 10.139372
vertex 11.702236 0.650532 10.159372
vertex 11.722712 0.671285 10.159372
endloop
endfacet
facet normal 0 0 0
outer loop
vertex 11.722712 0.650532 10.139372
vertex 11.743187 0.671285 10.159372
vertex 11.743187 0.650532 10.139372
endloop
endfacet
facet normal 0 0 0
outer loop
vertex 11.722712 0.671285 10.159372
vertex 11.743187 0.671285 10.159372
vertex 11.722712 0.650532 10.139372
endloop
endfacet
facet normal 0 0 0
outer loop
vertex 11.743187 0.650532 10.139372
vertex 11.763662 0.671285 10.159372
vertex 11.763662 0.650532 10.139372
endloop
endfacet
facet normal 0 0 0
outer loop
vertex 11.743187 0.671285 10.159372
vertex 11.763662 0.671285 10.159372
vertex 11.743187 0.650532 10.139372
endloop
endfacet
facet normal 0 0 0
outer loop
vertex 11.763662 0.650532 10.139372
vertex 11.763662 0.671285 10.159372
vertex 11.784140 0.671285 10.139372
endloop
endfacet
facet normal 0 0 0
outer loop
vertex 11.927469 0.650532 10.139372
vertex 11.906994 0.671285 10.139372
vertex 11.927469 0.671285 10.159372
endloop
endfacet
facet normal 0 0 0
outer loop
vertex 11.927469 0.650532 10.139372
vertex 11.927469 0.671285 10.159372
vertex 11.947945 0.650532 10.159372
endloop
endfacet
facet normal 0 0 0
outer loop
vertex 11.927469 0.671285 10.159372
vertex 11.947945 0.671285 10.159372
vertex 11.947945 0.650532 10.159372
endloop
endfacet
facet normal 0 0 0
outer loop
vertex 11.968422 0.650532 10.159372
vertex 11.947945 0.650532 10.159372
vertex 11.968422 0.671285 10.159372
endloop
endfacet
facet normal 0 0 0
outer loop
vertex 11.968422 0.671285 10.159372
vertex 11.947945 0.650532 10.159372
vertex 11.947945 0.671285 10.159372
endloop
endfacet
facet normal 0 0 0
outer loop
vertex 11.968422 0.671285 10.159372
vertex 11.988897 0.650532 10.159372
vertex 11.968422 0.650532 10.159372
endloop
endfacet
facet normal 0 0 0
outer loop
vertex 11.743187 0.671285 10.159372
vertex 11.763662 0.692038 10.159372
vertex 11.763662 0.671285 10.159372
endloop
endfacet
facet normal 0 0 0
outer loop
vertex 11.784140 0.671285 10.139372
vertex 11.763662 0.671285 10.159372
vertex 11.784140 0.692038 10.159372
endloop
endfacet
facet normal 0 0 0
outer loop
vertex 11.763662 0.671285 10.159372
vertex 11.763662 0.692038 10.159372
vertex 11.784140 0.692038 10.159372
endloop
endfacet
facet normal 0 0 0
outer loop
vertex 11.784140 0.671285 10.139372
vertex 11.804615 0.692038 10.159372
vertex 11.804615 0.671285 10.139372
endloop
endfacet
facet normal 0 0 0
outer loop
vertex 11.784140 0.692038 10.159372
vertex 11.804615 0.692038 10.159372
vertex 11.784140 0.671285 10.139372
endloop
endfacet
facet normal 0 0 0
outer loop
vertex 11.804615 0.671285 10.139372
vertex 11.825090 0.692038 10.159372
vertex 11.825090 0.671285 10.139372
endloop
endfacet
facet normal 0 0 0
outer loop
vertex 11.804615 0.692038 10.159372
vertex 11.825090 0.692038 10.159372
vertex 11.804615 0.671285 10.139372
endloop
endfacet
facet normal 0 0 0
outer loop
vertex 11.825090 0.671285 10.139372
vertex 11.845566 0.692038 10.159372
vertex 11.845566 0.671285 10.139372
endloop
endfacet
facet normal 0 0 0
outer loop
vertex 11.825090 0.692038 10.159372
vertex 11.845566 0.692038 10.159372
vertex 11.825090 0.671285 10.139372
endloop
endfacet
facet normal 0 0 0
outer loop
vertex 11.845566 0.671285 10.139372
vertex 11.866043 0.692038 10.159372
vertex 11.866043 0.671285 10.139372
endloop
endfacet
facet normal 0 0 0
outer loop
vertex 11.845566 0.692038 10.159372
vertex 11.866043 0.692038 10.159372
vertex 11.845566 0.671285 10.139372
endloop
endfacet
facet normal 0 0 0
outer loop
vertex 11.866043 0.671285 10.139372
vertex 11.886518 0.692038 10.159372
vertex 11.886518 0.671285 10.139372
endloop
endfacet
facet normal 0 0 0
outer loop
vertex 11.866043 0.692038 10.159372
vertex 11.886518 0.692038 10.159372
vertex 11.866043 0.671285 10.139372
endloop
endfacet
facet normal 0 0 0
outer loop
vertex 11.886518 0.671285 10.139372
vertex 11.906994 0.692038 10.159372
vertex 11.906994 0.671285 10.139372
endloop
endfacet
facet normal 0 0 0
outer loop
vertex 11.886518 0.692038 10.159372
vertex 11.906994 0.692038 10.159372
vertex 11.886518 0.671285 10.139372
endloop
endfacet
facet normal 0 0 0
outer loop
vertex 11.906994 0.671285 10.139372
vertex 11.906994 0.692038 10.159372
vertex 11.927469 0.671285 10.159372
endloop
endfacet
facet normal 0 0 0
outer loop
vertex 11.906994 0.692038 10.159372
vertex 11.927469 0.692038 10.159372
vertex 11.927469 0.671285 10.159372
endloop
endfacet
facet normal 0 0 0
outer loop
vertex 11.927469 0.692038 10.159372
vertex 11.947945 0.671285 10.159372
vertex 11.927469 0.671285 10.159372
endloop
endfacet
facet normal 0 0 0
outer loop
vertex 11.538429 0.359985 10.159372
vertex 11.558905 0.339232 10.159372
vertex 11.558905 0.359985 10.159372
endloop
endfacet
facet normal 0 0 0
outer loop
vertex 11.579380 0.339232 10.159372
vertex 11.579380 0.359985 10.159372
vertex 11.558905 0.339232 10.159372
endloop
endfacet
facet normal 0 0 0
outer loop
vertex 11.579380 0.359985 10.159372
vertex 11.558905 0.359985 10.159372
vertex 11.558905 0.339232 10.159372
endloop
endfacet
facet normal 0 0 0
outer loop
vertex 11.599857 0.359985 10.179372
vertex 11.579380 0.359985 10.159372
vertex 11.599857 0.339232 10.159372
endloop
endfacet
facet normal 0 0 0
outer loop
vertex 11.579380 0.359985 10.159372
vertex 11.579380 0.339232 10.159372
vertex 11.599857 0.339232 10.159372
endloop
endfacet
facet normal 0 0 0
outer loop
vertex 11.620333 0.339232 10.159372
vertex 11.599857 0.359985 10.179372
vertex 11.599857 0.339232 10.159372
endloop
endfacet
facet normal 0 0 0
outer loop
vertex 11.620333 0.359985 10.179372
vertex 11.599857 0.359985 10.179372
vertex 11.620333 0.339232 10.159372
endloop
endfacet
facet normal 0 0 0
outer loop
vertex 11.640808 0.339232 10.159372
vertex 11.620333 0.359985 10.179372
vertex 11.620333 0.339232 10.159372
endloop
endfacet
facet normal 0 0 0
outer loop
vertex 11.640808 0.359985 10.179372
vertex 11.620333 0.359985 10.179372
vertex 11.640808 0.339232 10.159372
endloop
endfacet
facet normal 0 0 0
outer loop
vertex 11.661283 0.339232 10.159372
vertex 11.640808 0.359985 10.179372
vertex 11.640808 0.339232 10.159372
endloop
endfacet
facet normal 0 0 0
outer loop
vertex 11.661283 0.359985 10.179372
vertex 11.640808 0.359985 10.179372
vertex 11.661283 0.339232 10.159372
endloop
endfacet
facet normal 0 0 0
outer loop
vertex 11.681761 0.339232 10.159372
vertex 11.661283 0.359985 10.179372
vertex 11.661283 0.339232 10.159372
endloop
endfacet
facet normal 0 0 0
outer loop
vertex 11.681761 0.359985 10.179372
vertex 11.661283 0.359985 10.179372
vertex 11.681761 0.339232 10.159372
endloop
endfacet
facet normal 0 0 0
outer loop
vertex 11.702236 0.339232 10.159372
vertex 11.681761 0.359985 10.179372
vertex 11.681761 0.339232 10.159372
endloop
endfacet
facet normal 0 0 0
outer loop
vertex 11.702236 0.359985 10.179372
vertex 11.681761 0.359985 10.179372
vertex 11.702236 0.339232 10.159372
endloop
endfacet
facet normal 0 0 0
outer loop
vertex 11.722712 0.339232 10.159372
vertex 11.702236 0.359985 10.179372
vertex 11.702236 0.339232 10.159372
endloop
endfacet
facet normal 0 0 0
outer loop
vertex 11.722712 0.359985 10.179372
vertex 11.702236 0.359985 10.179372
vertex 11.722712 0.339232 10.159372
endloop
endfacet
facet normal 0 0 0
outer loop
vertex 11.743187 0.359985 10.159372
vertex 11.722712 0.359985 10.179372
vertex 11.722712 0.339232 10.159372
endloop
endfacet
facet normal 0 0 0
outer loop
vertex 11.497478 0.380738 10.159372
vertex 11.517954 0.359985 10.159372
vertex 11.517954 0.380738 10.159372
endloop
endfacet
facet normal 0 0 0
outer loop
vertex 11.538429 0.359985 10.159372
vertex 11.538429 0.380738 10.159372
vertex 11.517954 0.359985 10.159372
endloop
endfacet
facet normal 0 0 0
outer loop
vertex 11.538429 0.380738 10.159372
vertex 11.517954 0.380738 10.159372
vertex 11.517954 0.359985 10.159372
endloop
endfacet
facet normal 0 0 0
outer loop
vertex 11.558905 0.380738 10.179372
vertex 11.538429 0.380738 10.159372
vertex 11.558905 0.359985 10.159372
endloop
endfacet
facet normal 0 0 0
outer loop
vertex 11.538429 0.380738 10.159372
vertex 11.538429 0.359985 10.159372
vertex 11.558905 0.359985 10.159372
endloop
endfacet
facet normal 0 0 0
outer loop
vertex 11.579380 0.359985 10.159372
vertex 11.558905 0.380738 10.179372
vertex 11.558905 0.359985 10.159372
endloop
endfacet
facet normal 0 0 0
outer loop
vertex 11.579380 0.380738 10.179372
vertex 11.558905 0.380738 10.179372
vertex 11.579380 0.359985 10.159372
endloop
endfacet
facet normal 0 0 0
outer loop
vertex 11.599857 0.359985 10.179372
vertex 11.579380 0.380738 10.179372
vertex 11.579380 0.359985 10.159372
endloop
endfacet
facet normal 0 0 0
outer loop
vertex 11.743187 0.359985 10.159372
vertex 11.743187 0.380738 10.179372
vertex 11.722712 0.359985 10.179372
endloop
endfacet
facet normal 0 0 0
outer loop
vertex 11.763662 0.359985 10.159372
vertex 11.743187 0.380738 10.179372
vertex 11.743187 0.359985 10.159372
endloop
endfacet
facet normal 0 0 0
outer loop
vertex 11.763662 0.380738 10.179372
vertex 11.743187 0.380738 10.179372
vertex 11.763662 0.359985 10.159372
endloop
endfacet
facet normal 0 0 0
outer loop
vertex 11.784140 0.359985 10.159372
vertex 11.763662 0.380738 10.179372
vertex 11.763662 0.359985 10.159372
endloop
endfacet
facet normal 0 0 0
outer loop
vertex 11.784140 0.380738 10.179372
vertex 11.763662 0.380738 10.179372
vertex 11.784140 0.359985 10.159372
endloop
endfacet
facet normal 0 0 0
outer loop
vertex 11.804615 0.380738 10.159372
vertex 11.784140 0.380738 10.179372
vertex 11.784140 0.359985 10.159372
endloop
endfacet
facet normal 0 0 0
outer loop
vertex 11.477001 0.401492 10.159372
vertex 11.497478 0.380738 10.159372
vertex 11.497478 0.401492 10.159372
endloop
endfacet
facet normal 0 0 0
outer loop
vertex 11.517954 0.401492 10.179372
vertex 11.497478 0.401492 10.159372
vertex 11.517954 0.380738 10.159372
endloop
endfacet
facet normal 0 0 0
outer loop
vertex 11.497478 0.401492 10.159372
vertex 11.497478 0.380738 10.159372
vertex 11.517954 0.380738 10.159372
endloop
endfacet
facet normal 0 0 0
outer loop
vertex 11.538429 0.380738 10.159372
vertex 11.517954 0.401492 10.179372
vertex 11.517954 0.380738 10.159372
endloop
endfacet
facet normal 0 0 0
outer loop
vertex 11.538429 0.401492 10.179372
vertex 11.517954 0.401492 10.179372
vertex 11.538429 0.380738 10.159372
endloop
endfacet
facet normal 0 0 0
outer loop
vertex 11.558905 0.380738 10.179372
vertex 11.538429 0.401492 10.179372
vertex 11.538429 0.380738 10.159372
endloop
endfacet
facet normal 0 0 0
outer loop
vertex 11.804615 0.380738 10.159372
vertex 11.804615 0.401492 10.179372
vertex 11.784140 0.380738 10.179372
endloop
endfacet
facet normal 0 0 0
outer loop
vertex 11.804615 0.401492 10.179372
vertex 11.804615 0.380738 10.159372
vertex 11.825090 0.401492 10.159372
endloop
endfacet
facet normal 0 0 0
outer loop
vertex 11.804615 0.380738 10.159372
vertex 11.825090 0.380738 10.159372
vertex 11.825090 0.401492 10.159372
endloop
endfacet
facet normal 0 0 0
outer loop
vertex 11.825090 0.380738 10.159372
vertex 11.845566 0.401492 10.159372
vertex 11.825090 0.401492 10.159372
endloop
endfacet
facet normal 0 0 0
outer loop
vertex 11.497478 0.401492 10.159372
vertex 11.497478 0.422245 10.159372
vertex 11.477001 0.401492 10.159372
endloop
endfacet
facet normal 0 0 0
outer loop
vertex 11.497478 0.422245 10.159372
vertex 11.477001 0.422245 10.159372
vertex 11.477001 0.401492 10.159372
endloop
endfacet
facet normal 0 0 0
outer loop
vertex 11.517954 0.422245 10.179372
vertex 11.497478 0.401492 10.159372
vertex 11.517954 0.401492 10.179372
endloop
endfacet
facet normal 0 0 0
outer loop
vertex 11.497478 0.422245 10.159372
vertex 11.497478 0.401492 10.159372
vertex 11.517954 0.422245 10.179372
endloop
endfacet
facet normal 0 0 0
outer loop
vertex 11.825090 0.401492 10.159372
vertex 11.825090 0.422245 10.179372
vertex 11.804615 0.401492 10.179372
endloop
endfacet
facet normal 0 0 0
outer loop
vertex 11.845566 0.401492 10.159372
vertex 11.825090 0.422245 10.179372
vertex 11.825090 0.401492 10.159372
endloop
endfacet
facet normal 0 0 0
outer loop
vertex 11.845566 0.422245 10.179372
vertex 11.825090 0.422245 10.179372
vertex 11.845566 0.401492 10.159372
endloop
endfacet
facet normal 0 0 0
outer loop
vertex 11.866043 0.422245 10.159372
vertex 11.845566 0.422245 10.179372
vertex 11.845566 0.401492 10.159372
endloop
endfacet
facet normal 0 0 0
outer loop
vertex 11.497478 0.442998 10.179372
vertex 11.477001 0.442998 10.159372
vertex 11.497478 0.422245 10.159372
endloop
endfacet
facet normal 0 0 0
outer loop
vertex 11.477001 0.442998 10.159372
vertex 11.477001 0.422245 10.159372
vertex 11.497478 0.422245 10.159372
endloop
endfacet
facet normal 0 0 0
outer loop
vertex 11.517954 0.422245 10.179372
vertex 11.497478 0.442998 10.179372
vertex 11.497478 0.422245 10.159372
endloop
endfacet
facet normal 0 0 0
outer loop
vertex 11.866043 0.422245 10.159372
vertex 11.866043 0.442998 10.179372
vertex 11.845566 0.422245 10.179372
endloop
endfacet
facet normal 0 0 0
outer loop
vertex 11.886518 0.442998 10.159372
vertex 11.866043 0.442998 10.179372
vertex 11.866043 0.422245 10.159372
endloop
endfacet
facet normal 0 0 0
outer loop
vertex 11.477001 0.442998 10.159372
vertex 11.497478 0.442998 10.179372
vertex 11.497478 0.463752 10.159372
endloop
endfacet
facet normal 0 0 0
outer loop
vertex 11.497478 0.442998 10.179372
vertex 11.497478 0.463752 10.179372
vertex 11.497478 0.463752 10.159372
endloop
endfacet
facet normal 0 0 0
outer loop
vertex 11.886518 0.442998 10.159372
vertex 11.886518 0.463752 10.179372
vertex 11.866043 0.442998 10.179372
endloop
endfacet
facet normal 0 0 0
outer loop
vertex 11.906994 0.442998 10.159372
vertex 11.886518 0.463752 10.179372
vertex 11.886518 0.442998 10.159372
endloop
endfacet
facet normal 0 0 0
outer loop
vertex 11.906994 0.463752 10.179372
vertex 11.886518 0.463752 10.179372
vertex 11.906994 0.442998 10.159372
endloop
endfacet
facet normal 0 0 0
outer loop
vertex 11.927469 0.463752 10.159372
vertex 11.906994 0.463752 10.179372
vertex 11.906994 0.442998 10.159372
endloop
endfacet
facet normal 0 0 0
outer loop
vertex 11.497478 0.463752 10.179372
vertex 11.497478 0.484505 10.159372
vertex 11.497478 0.463752 10.159372
endloop
endfacet
facet normal 0 0 0
outer loop
vertex 11.497478 0.463752 10.179372
vertex 11.517954 0.484505 10.179372
vertex 11.497478 0.484505 10.159372
endloop
endfacet
facet normal 0 0 0
outer loop
vertex 11.927469 0.463752 10.159372
vertex 11.927469 0.484505 10.179372
vertex 11.906994 0.463752 10.179372
endloop
endfacet
facet normal 0 0 0
outer loop
vertex 11.947945 0.484505 10.159372
vertex 11.927469 0.484505 10.179372
vertex 11.927469 0.463752 10.159372
endloop
endfacet
facet normal 0 0 0
outer loop
vertex 11.497478 0.484505 10.159372
vertex 11.517954 0.484505 10.179372
vertex 11.517954 0.505259 10.159372
endloop
endfacet
facet normal 0 0 0
outer loop
vertex 11.517954 0.484505 10.179372
vertex 11.517954 0.505259 10.179372
vertex 11.517954 0.505259 10.159372
endloop
endfacet
facet normal 0 0 0
outer loop
vertex 11.947945 0.484505 10.159372
vertex 11.947945 0.505259 10.179372
vertex 11.927469 0.484505 10.179372
endloop
endfacet
facet normal 0 0 0
outer loop
vertex 11.947945 0.484505 10.159372
vertex 11.968422 0.505259 10.159372
vertex 11.947945 0.505259 10.179372
endloop
endfacet
facet normal 0 0 0
outer loop
vertex 11.968422 0.505259 10.159372
vertex 11.968422 0.505259 10.179372
vertex 11.947945 0.505259 10.179372
endloop
endfacet
facet normal 0 0 0
outer loop
vertex 11.517954 0.505259 10.179372
vertex 11.538429 0.526012 10.159372
vertex 11.517954 0.505259 10.159372
endloop
endfacet
facet normal 0 0 0
outer loop
vertex 11.538429 0.526012 10.179372
vertex 11.538429 0.526012 10.159372
vertex 11.517954 0.505259 10.179372
endloop
endfacet
facet normal 0 0 0
outer loop
vertex 11.988897 0.526012 10.159372
vertex 11.968422 0.526012 10.179372
vertex 11.968422 0.505259 10.159372
endloop
endfacet
facet normal 0 0 0
outer loop
vertex 11.968422 0.526012 10.179372
vertex 11.968422 0.505259 10.179372
vertex 11.968422 0.505259 10.159372
endloop
endfacet
facet normal 0 0 0
outer loop
vertex 11.538429 0.546765 10.179372
vertex 11.538429 0.526012 10.159372
vertex 11.538429 0.526012 10.179372
endloop
endfacet
facet normal 0 0 0
outer loop
vertex 11.538429 0.526012 10.159372
vertex 11.538429 0.546765 10.179372
vertex 11.558905 0.546765 10.159372
endloop
endfacet
facet normal 0 0 0
outer loop
vertex 11.988897 0.526012 10.159372
vertex 11.988897 0.546765 10.179372
vertex 11.968422 0.526012 10.179372
endloop
endfacet
facet normal 0 0 0
outer loop
vertex 11.988897 0.546765 10.179372
vertex 11.988897 0.526012 10.159372
vertex 11.988897 0.546765 10.159372
endloop
endfacet
facet normal 0 0 0
outer loop
vertex 11.538429 0.546765 10.179372
vertex 11.558905 0.567518 10.179372
vertex 11.558905 0.546765 10.159372
endloop
endfacet
facet normal 0 0 0
outer loop
vertex 11.558905 0.567518 10.179372
vertex 11.558905 0.567518 10.159372
vertex 11.558905 0.546765 10.159372
endloop
endfacet
facet normal 0 0 0
outer loop
vertex 11.988897 0.546765 10.159372
vertex 12.009373 0.567518 10.179372
vertex 11.988897 0.546765 10.179372
endloop
endfacet
facet normal 0 0 0
outer loop
vertex 12.009373 0.567518 10.159372
vertex 12.009373 0.567518 10.179372
vertex 11.988897 0.546765 10.159372
endloop
endfacet
facet normal 0 0 0
outer loop
vertex 11.579380 0.588272 10.179372
vertex 11.579380 0.567518 10.159372
vertex 11.558905 0.567518 10.179372
endloop
endfacet
facet normal 0 0 0
outer loop
vertex 11.579380 0.567518 10.159372
vertex 11.558905 0.567518 10.159372
vertex 11.558905 0.567518 10.179372
endloop
endfacet
facet normal 0 0 0
outer loop
vertex 11.579380 0.567518 10.159372
vertex 11.579380 0.588272 10.179372
vertex 11.599857 0.588272 10.159372
endloop
endfacet
facet normal 0 0 0
outer loop
vertex 12.009373 0.567518 10.159372
vertex 12.009373 0.588272 10.159372
vertex 12.009373 0.567518 10.179372
endloop
endfacet
facet normal 0 0 0
outer loop
vertex 12.009373 0.567518 10.179372
vertex 12.009373 0.588272 10.159372
vertex 12.009373 0.588272 10.179372
endloop
endfacet
facet normal 0 0 0
outer loop
vertex 11.599857 0.588272 10.159372
vertex 11.579380 0.588272 10.179372
vertex 11.599857 0.609025 10.179372
endloop
endfacet
facet normal 0 0 0
outer loop
vertex 11.599857 0.588272 10.159372
vertex 11.599857 0.609025 10.179372
vertex 11.620333 0.609025 10.159372
endloop
endfacet
facet normal 0 0 0
outer loop
vertex 12.029848 0.609025 10.179372
vertex 12.009373 0.588272 10.179372
vertex 12.009373 0.609025 10.159372
endloop
endfacet
facet normal 0 0 0
outer loop
vertex 12.009373 0.588272 10.179372
vertex 12.009373 0.588272 10.159372
vertex 12.009373 0.609025 10.159372
endloop
endfacet
facet normal 0 0 0
outer loop
vertex 11.620333 0.609025 10.159372
vertex 11.599857 0.609025 10.179372
vertex 11.620333 0.629778 10.179372
endloop
endfacet
facet normal 0 0 0
outer loop
vertex 11.620333 0.609025 10.159372
vertex 11.620333 0.629778 10.179372
vertex 11.640808 0.629778 10.159372
endloop
endfacet
facet normal 0 0 0
outer loop
vertex 12.029848 0.609025 10.179372
vertex 12.009373 0.609025 10.159372
vertex 12.009373 0.629778 10.179372
endloop
endfacet
facet normal 0 0 0
outer loop
vertex 12.009373 0.609025 10.159372
vertex 12.009373 0.629778 10.159372
vertex 12.009373 0.629778 10.179372
endloop
endfacet
facet normal 0 0 0
outer loop
vertex 11.640808 0.629778 10.159372
vertex 11.620333 0.629778 10.179372
vertex 11.640808 0.629778 10.179372
endloop
endfacet
facet normal 0 0 0
outer loop
vertex 11.661283 0.650532 10.179372
vertex 11.661283 0.629778 10.159372
vertex 11.640808 0.629778 10.179372
endloop
endfacet
facet normal 0 0 0
outer loop
vertex 11.661283 0.629778 10.159372
vertex 11.640808 0.629778 10.159372
vertex 11.640808 0.629778 10.179372
endloop
endfacet
facet normal 0 0 0
outer loop
vertex 11.661283 0.629778 10.159372
vertex 11.661283 0.650532 10.179372
vertex 11.681761 0.650532 10.159372
endloop
endfacet
facet normal 0 0 0
outer loop
vertex 12.009373 0.629778 10.159372
vertex 11.988897 0.650532 10.159372
vertex 12.009373 0.650532 10.179372
endloop
endfacet
facet normal 0 0 0
outer loop
vertex 12.009373 0.629778 10.159372
vertex 12.009373 0.650532 10.179372
vertex 12.009373 0.629778 10.179372
endloop
endfacet
facet normal 0 0 0
outer loop
vertex 11.681761 0.650532 10.159372
vertex 11.661283 0.650532 10.179372
vertex 11.681761 0.671285 10.179372
endloop
endfacet
facet normal 0 0 0
outer loop
vertex 11.681761 0.650532 10.159372
vertex 11.702236 0.671285 10.179372
vertex 11.702236 0.650532 10.159372
endloop
endfacet
facet normal 0 0 0
outer loop
vertex 11.681761 0.671285 10.179372
vertex 11.702236 0.671285 10.179372
vertex 11.681761 0.650532 10.159372
endloop
endfacet
facet normal 0 0 0
outer loop
vertex 11.702236 0.650532 10.159372
vertex 11.702236 0.671285 10.179372
vertex 11.722712 0.671285 10.159372
endloop
endfacet
facet normal 0 0 0
outer loop
vertex 11.988897 0.650532 10.159372
vertex 11.968422 0.671285 10.159372
vertex 11.988897 0.671285 10.179372
endloop
endfacet
facet normal 0 0 0
outer loop
vertex 11.988897 0.650532 10.159372
vertex 11.988897 0.671285 10.179372
vertex 12.009373 0.650532 10.179372
endloop
endfacet
facet normal 0 0 0
outer loop
vertex 11.681761 0.671285 10.179372
vertex 11.702236 0.692038 10.179372
vertex 11.702236 0.671285 10.179372
endloop
endfacet
facet normal 0 0 0
outer loop
vertex 11.722712 0.671285 10.159372
vertex 11.702236 0.671285 10.179372
vertex 11.722712 0.692038 10.179372
endloop
endfacet
facet normal 0 0 0
outer loop
vertex 11.702236 0.671285 10.179372
vertex 11.702236 0.692038 10.179372
vertex 11.722712 0.692038 10.179372
endloop
endfacet
facet normal 0 0 0
outer loop
vertex 11.722712 0.671285 10.159372
vertex 11.743187 0.692038 10.179372
vertex 11.743187 0.671285 10.159372
endloop
endfacet
facet normal 0 0 0
outer loop
vertex 11.722712 0.692038 10.179372
vertex 11.743187 0.692038 10.179372
vertex 11.722712 0.671285 10.159372
endloop
endfacet
facet normal 0 0 0
outer loop
vertex 11.743187 0.671285 10.159372
vertex 11.743187 0.692038 10.179372
vertex 11.763662 0.692038 10.159372
endloop
endfacet
facet normal 0 0 0
outer loop
vertex 11.947945 0.671285 10.159372
vertex 11.927469 0.692038 10.159372
vertex 11.947945 0.692038 10.179372
endloop
endfacet
facet normal 0 0 0
outer loop
vertex 11.947945 0.671285 10.159372
vertex 11.968422 0.692038 10.179372
vertex 11.968422 0.671285 10.159372
endloop
endfacet
facet normal 0 0 0
outer loop
vertex 11.947945 0.692038 10.179372
vertex 11.968422 0.692038 10.179372
vertex 11.947945 0.671285 10.159372
endloop
endfacet
facet normal 0 0 0
outer loop
vertex 11.968422 0.671285 10.159372
vertex 11.968422 0.692038 10.179372
vertex 11.988897 0.671285 10.179372
endloop
endfacet
facet normal 0 0 0
outer loop
vertex 11.763662 0.692038 10.159372
vertex 11.743187 0.692038 10.179372
vertex 11.763662 0.712792 10.179372
endloop
endfacet
facet normal 0 0 0
outer loop
vertex 11.763662 0.692038 10.159372
vertex 11.784140 0.712792 10.179372
vertex 11.784140 0.692038 10.159372
endloop
endfacet
facet normal 0 0 0
outer loop
vertex 11.763662 0.712792 10.179372
vertex 11.784140 0.712792 10.179372
vertex 11.763662 0.692038 10.159372
endloop
endfacet
facet normal 0 0 0
outer loop
vertex 11.784140 0.692038 10.159372
vertex 11.804615 0.712792 10.179372
vertex 11.804615 0.692038 10.159372
endloop
endfacet
facet normal 0 0 0
outer loop
vertex 11.784140 0.712792 10.179372
vertex 11.804615 0.712792 10.179372
vertex 11.784140 0.692038 10.159372
endloop
endfacet
facet normal 0 0 0
outer loop
vertex 11.804615 0.692038 10.159372
vertex 11.825090 0.712792 10.179372
vertex 11.825090 0.692038 10.159372
endloop
endfacet
facet normal 0 0 0
outer loop
vertex 11.804615 0.712792 10.179372
vertex 11.825090 0.712792 10.179372
vertex 11.804615 0.692038 10.159372
endloop
endfacet
facet normal 0 0 0
outer loop
vertex 11.825090 0.692038 10.159372
vertex 11.845566 0.712792 10.179372
vertex 11.845566 0.692038 10.159372
endloop
endfacet
facet normal 0 0 0
outer loop
vertex 11.825090 0.712792 10.179372
vertex 11.845566 0.712792 10.179372
vertex 11.825090 0.692038 10.159372
endloop
endfacet
facet normal 0 0 0
outer loop
vertex 11.845566 0.692038 10.159372
vertex 11.866043 0.712792 10.179372
vertex 11.866043 0.692038 10.159372
endloop
endfacet
facet normal 0 0 0
outer loop
vertex 11.845566 0.712792 10.179372
vertex 11.866043 0.712792 10.179372
vertex 11.845566 0.692038 10.159372
endloop
endfacet
facet normal 0 0 0
outer loop
vertex 11.866043 0.692038 10.159372
vertex 11.886518 0.712792 10.179372
vertex 11.886518 0.692038 10.159372
endloop
endfacet
facet normal 0 0 0
outer loop
vertex 11.866043 0.712792 10.179372
vertex 11.886518 0.712792 10.179372
vertex 11.866043 0.692038 10.159372
endloop
endfacet
facet normal 0 0 0
outer loop
vertex 11.886518 0.692038 10.159372
vertex 11.906994 0.712792 10.179372
vertex 11.906994 0.692038 10.159372
endloop
endfacet
facet normal 0 0 0
outer loop
vertex 11.886518 0.712792 10.179372
vertex 11.906994 0.712792 10.179372
vertex 11.886518 0.692038 10.159372
endloop
endfacet
facet normal 0 0 0
outer loop
vertex 11.906994 0.692038 10.159372
vertex 11.927469 0.712792 10.179372
vertex 11.927469 0.692038 10.159372
endloop
endfacet
facet normal 0 0 0
outer loop
vertex 11.906994 0.712792 10.179372
vertex 11.927469 0.712792 10.179372
vertex 11.906994 0.692038 10.159372
endloop
endfacet
facet normal 0 0 0
outer loop
vertex 11.927469 0.692038 10.159372
vertex 11.927469 0.712792 10.179372
vertex 11.947945 0.692038 10.179372
endloop
endfacet
facet normal 0 0 0
outer loop
vertex 11.579380 0.380738 10.179372
vertex 11.599857 0.359985 10.179372
vertex 11.599857 0.380738 10.179372
endloop
endfacet
facet normal 0 0 0
outer loop
vertex 11.620333 0.359985 10.179372
vertex 11.620333 0.380738 10.179372
vertex 11.599857 0.359985 10.179372
endloop
endfacet
facet normal 0 0 0
outer loop
vertex 11.620333 0.380738 10.179372
vertex 11.599857 0.380738 10.179372
vertex 11.599857 0.359985 10.179372
endloop
endfacet
facet normal 0 0 0
outer loop
vertex 11.640808 0.359985 10.179372
vertex 11.640808 0.380738 10.179372
vertex 11.620333 0.359985 10.179372
endloop
endfacet
facet normal 0 0 0
outer loop
vertex 11.640808 0.380738 10.179372
vertex 11.620333 0.380738 10.179372
vertex 11.620333 0.359985 10.179372
endloop
endfacet
facet normal 0 0 0
outer loop
vertex 11.661283 0.359985 10.179372
vertex 11.661283 0.380738 10.179372
vertex 11.640808 0.359985 10.179372
endloop
endfacet
facet normal 0 0 0
outer loop
vertex 11.661283 0.380738 10.179372
vertex 11.640808 0.380738 10.179372
vertex 11.640808 0.359985 10.179372
endloop
endfacet
facet normal 0 0 0
outer loop
vertex 11.681761 0.359985 10.179372
vertex 11.681761 0.380738 10.179372
vertex 11.661283 0.359985 10.179372
endloop
endfacet
facet normal 0 0 0
outer loop
vertex 11.681761 0.380738 10.179372
vertex 11.661283 0.380738 10.179372
vertex 11.661283 0.359985 10.179372
endloop
endfacet
facet normal 0 0 0
outer loop
vertex 11.702236 0.359985 10.179372
vertex 11.702236 0.380738 10.179372
vertex 11.681761 0.359985 10.179372
endloop
endfacet
facet normal 0 0 0
outer loop
vertex 11.702236 0.380738 10.179372
vertex 11.681761 0.380738 10.179372
vertex 11.681761 0.359985 10.179372
endloop
endfacet
facet normal 0 0 0
outer loop
vertex 11.722712 0.359985 10.179372
vertex 11.722712 0.380738 10.179372
vertex 11.702236 0.359985 10.179372
endloop
endfacet
facet normal 0 0 0
outer loop
vertex 11.722712 0.380738 10.179372
vertex 11.702236 0.380738 10.179372
vertex 11.702236 0.359985 10.179372
endloop
endfacet
facet normal 0 0 0
outer loop
vertex 11.722712 0.359985 10.179372
vertex 11.743187 0.380738 10.179372
vertex 11.722712 0.380738 10.179372
endloop
endfacet
facet normal 0 0 0
outer loop
vertex 11.538429 0.401492 10.179372
vertex 11.558905 0.380738 10.179372
vertex 11.558905 0.401492 10.179372
endloop
endfacet
facet normal 0 0 0
outer loop
vertex 11.579380 0.401492 10.199371
vertex 11.558905 0.401492 10.179372
vertex 11.579380 0.380738 10.179372
endloop
endfacet
facet normal 0 0 0
outer loop
vertex 11.558905 0.401492 10.179372
vertex 11.558905 0.380738 10.179372
vertex 11.579380 0.380738 10.179372
endloop
endfacet
facet normal 0 0 0
outer loop
vertex 11.599857 0.380738 10.179372
vertex 11.579380 0.401492 10.199371
vertex 11.579380 0.380738 10.179372
endloop
endfacet
facet normal 0 0 0
outer loop
vertex 11.599857 0.401492 10.199371
vertex 11.579380 0.401492 10.199371
vertex 11.599857 0.380738 10.179372
endloop
endfacet
facet normal 0 0 0
outer loop
vertex 11.620333 0.380738 10.179372
vertex 11.599857 0.401492 10.199371
vertex 11.599857 0.380738 10.179372
endloop
endfacet
facet normal 0 0 0
outer loop
vertex 11.620333 0.401492 10.199371
vertex 11.599857 0.401492 10.199371
vertex 11.620333 0.380738 10.179372
endloop
endfacet
facet normal 0 0 0
outer loop
vertex 11.640808 0.380738 10.179372
vertex 11.620333 0.401492 10.199371
vertex 11.620333 0.380738 10.179372
endloop
endfacet
facet normal 0 0 0
outer loop
vertex 11.640808 0.401492 10.199371
vertex 11.620333 0.401492 10.199371
vertex 11.640808 0.380738 10.179372
endloop
endfacet
facet normal 0 0 0
outer loop
vertex 11.661283 0.380738 10.179372
vertex 11.640808 0.401492 10.199371
vertex 11.640808 0.380738 10.179372
endloop
endfacet
facet normal 0 0 0
outer loop
vertex 11.661283 0.401492 10.199371
vertex 11.640808 0.401492 10.199371
vertex 11.661283 0.380738 10.179372
endloop
endfacet
facet normal 0 0 0
outer loop
vertex 11.681761 0.380738 10.179372
vertex 11.661283 0.401492 10.199371
vertex 11.661283 0.380738 10.179372
endloop
endfacet
facet normal 0 0 0
outer loop
vertex 11.681761 0.401492 10.199371
vertex 11.661283 0.401492 10.199371
vertex 11.681761 0.380738 10.179372
endloop
endfacet
facet normal 0 0 0
outer loop
vertex 11.702236 0.380738 10.179372
vertex 11.681761 0.401492 10.199371
vertex 11.681761 0.380738 10.179372
endloop
endfacet
facet normal 0 0 0
outer loop
vertex 11.702236 0.401492 10.199371
vertex 11.681761 0.401492 10.199371
vertex 11.702236 0.380738 10.179372
endloop
endfacet
facet normal 0 0 0
outer loop
vertex 11.722712 0.380738 10.179372
vertex 11.702236 0.401492 10.199371
vertex 11.702236 0.380738 10.179372
endloop
endfacet
facet normal 0 0 0
outer loop
vertex 11.722712 0.401492 10.199371
vertex 11.702236 0.401492 10.199371
vertex 11.722712 0.380738 10.179372
endloop
endfacet
facet normal 0 0 0
outer loop
vertex 11.743187 0.380738 10.179372
vertex 11.722712 0.401492 10.199371
vertex 11.722712 0.380738 10.179372
endloop
endfacet
facet normal 0 0 0
outer loop
vertex 11.743187 0.401492 10.199371
vertex 11.722712 0.401492 10.199371
vertex 11.743187 0.380738 10.179372
endloop
endfacet
facet normal 0 0 0
outer loop
vertex 11.763662 0.380738 10.179372
vertex 11.743187 0.401492 10.199371
vertex 11.743187 0.380738 10.179372
endloop
endfacet
facet normal 0 0 0
outer loop
vertex 11.763662 0.401492 10.199371
vertex 11.743187 0.401492 10.199371
vertex 11.763662 0.380738 10.179372
endloop
endfacet
facet normal 0 0 0
outer loop
vertex 11.763662 0.401492 10.199371
vertex 11.763662 0.380738 10.179372
vertex 11.784140 0.401492 10.179372
endloop
endfacet
facet normal 0 0 0
outer loop
vertex 11.763662 0.380738 10.179372
vertex 11.784140 0.380738 10.179372
vertex 11.784140 0.401492 10.179372
endloop
endfacet
facet normal 0 0 0
outer loop
vertex 11.784140 0.380738 10.179372
vertex 11.804615 0.401492 10.179372
vertex 11.784140 0.401492 10.179372
endloop
endfacet
facet normal 0 0 0
outer loop
vertex 11.538429 0.401492 10.179372
vertex 11.538429 0.422245 10.179372
vertex 11.517954 0.401492 10.179372
endloop
endfacet
facet normal 0 0 0
outer loop
vertex 11.538429 0.422245 10.179372
vertex 11.517954 0.422245 10.179372
vertex 11.517954 0.401492 10.179372
endloop
endfacet
facet normal 0 0 0
outer loop
vertex 11.558905 0.422245 10.199371
vertex 11.538429 0.422245 10.179372
vertex 11.558905 0.401492 10.179372
endloop
endfacet
facet normal 0 0 0
outer loop
vertex 11.538429 0.422245 10.179372
vertex 11.538429 0.401492 10.179372
vertex 11.558905 0.401492 10.179372
endloop
endfacet
facet normal 0 0 0
outer loop
vertex 11.579380 0.401492 10.199371
vertex 11.558905 0.422245 10.199371
vertex 11.558905 0.401492 10.179372
endloop
endfacet
facet normal 0 0 0
outer loop
vertex 11.784140 0.401492 10.179372
vertex 11.784140 0.422245 10.199371
vertex 11.763662 0.401492 10.199371
endloop
endfacet
facet normal 0 0 0
outer loop
vertex 11.804615 0.401492 10.179372
vertex 11.784140 0.422245 10.199371
vertex 11.784140 0.401492 10.179372
endloop
endfacet
facet normal 0 0 0
outer loop
vertex 11.804615 0.422245 10.199371
vertex 11.784140 0.422245 10.199371
vertex 11.804615 0.401492 10.179372
endloop
endfacet
facet normal 0 0 0
outer loop
vertex 11.825090 0.422245 10.179372
vertex 11.804615 0.422245 10.199371
vertex 11.804615 0.401492 10.179372
endloop
endfacet
facet normal 0 0 0
outer loop
vertex 11.497478 0.442998 10.179372
vertex 11.517954 0.422245 10.179372
vertex 11.517954 0.442998 10.179372
endloop
endfacet
facet normal 0 0 0
outer loop
vertex 11.538429 0.442998 10.199371
vertex 11.517954 0.442998 10.179372
vertex 11.538429 0.422245 10.179372
endloop
endfacet
facet normal 0 0 0
outer loop
vertex 11.517954 0.442998 10.179372
vertex 11.517954 0.422245 10.179372
vertex 11.538429 0.422245 10.179372
endloop
endfacet
facet normal 0 0 0
outer loop
vertex 11.558905 0.422245 10.199371
vertex 11.538429 0.442998 10.199371
vertex 11.538429 0.422245 10.179372
endloop
endfacet
facet normal 0 0 0
outer loop
vertex 11.825090 0.422245 10.179372
vertex 11.825090 0.442998 10.199371
vertex 11.804615 0.422245 10.199371
endloop
endfacet
facet normal 0 0 0
outer loop
vertex 11.845566 0.422245 10.179372
vertex 11.825090 0.442998 10.199371
vertex 11.825090 0.422245 10.179372
endloop
endfacet
facet normal 0 0 0
outer loop
vertex 11.845566 0.442998 10.199371
vertex 11.825090 0.442998 10.199371
vertex 11.845566 0.422245 10.179372
endloop
endfacet
facet normal 0 0 0
outer loop
vertex 11.866043 0.442998 10.179372
vertex 11.845566 0.442998 10.199371
vertex 11.845566 0.422245 10.179372
endloop
endfacet
facet normal 0 0 0
outer loop
vertex 11.517954 0.442998 10.179372
vertex 11.517954 0.463752 10.179372
vertex 11.497478 0.442998 10.179372
endloop
endfacet
facet normal 0 0 0
outer loop
vertex 11.517954 0.463752 10.179372
vertex 11.497478 0.463752 10.179372
vertex 11.497478 0.442998 10.179372
endloop
endfacet
facet normal 0 0 0
outer loop
vertex 11.538429 0.463752 10.199371
vertex 11.517954 0.442998 10.179372
vertex 11.538429 0.442998 10.199371
endloop
endfacet
facet normal 0 0 0
outer loop
vertex 11.517954 0.463752 10.179372
vertex 11.517954 0.442998 10.179372
vertex 11.538429 0.463752 10.199371
endloop
endfacet
facet normal 0 0 0
outer loop
vertex 11.866043 0.442998 10.179372
vertex 11.866043 0.463752 10.199371
vertex 11.845566 0.442998 10.199371
endloop
endfacet
facet normal 0 0 0
outer loop
vertex 11.886518 0.463752 10.179372
vertex 11.866043 0.463752 10.199371
vertex 11.866043 0.442998 10.179372
endloop
endfacet
facet normal 0 0 0
outer loop
vertex 11.517954 0.484505 10.199371
vertex 11.497478 0.463752 10.179372
vertex 11.517954 0.463752 10.179372
endloop
endfacet
facet normal 0 0 0
outer loop
vertex 11.517954 0.484505 10.199371
vertex 11.517954 0.484505 10.179372
vertex 11.497478 0.463752 10.179372
endloop
endfacet
facet normal 0 0 0
outer loop
vertex 11.538429 0.463752 10.199371
vertex 11.517954 0.484505 10.199371
vertex 11.517954 0.463752 10.179372
endloop
endfacet
facet normal 0 0 0
outer loop
vertex 11.886518 0.463752 10.179372
vertex 11.886518 0.484505 10.199371
vertex 11.866043 0.463752 10.199371
endloop
endfacet
facet normal 0 0 0
outer loop
vertex 11.906994 0.463752 10.179372
vertex 11.886518 0.484505 10.199371
vertex 11.886518 0.463752 10.179372
endloop
endfacet
facet normal 0 0 0
outer loop
vertex 11.906994 0.484505 10.199371
vertex 11.886518 0.484505 10.199371
vertex 11.906994 0.463752 10.179372
endloop
endfacet
facet normal 0 0 0
outer loop
vertex 11.927469 0.484505 10.179372
vertex 11.906994 0.484505 10.199371
vertex 11.906994 0.463752 10.179372
endloop
endfacet
facet normal 0 0 0
outer loop
vertex 11.517954 0.484505 10.199371
vertex 11.517954 0.505259 10.179372
vertex 11.517954 0.484505 10.179372
endloop
endfacet
facet normal 0 0 0
outer loop
vertex 11.517954 0.484505 10.199371
vertex 11.538429 0.505259 10.199371
vertex 11.517954 0.505259 10.179372
endloop
endfacet
facet normal 0 0 0
outer loop
vertex 11.927469 0.484505 10.179372
vertex 11.927469 0.505259 10.199371
vertex 11.906994 0.484505 10.199371
endloop
endfacet
facet normal 0 0 0
outer loop
vertex 11.927469 0.484505 10.179372
vertex 11.947945 0.505259 10.179372
vertex 11.927469 0.505259 10.199371
endloop
endfacet
facet normal 0 0 0
outer loop
vertex 11.947945 0.505259 10.179372
vertex 11.947945 0.505259 10.199371
vertex 11.927469 0.505259 10.199371
endloop
endfacet
facet normal 0 0 0
outer loop
vertex 11.968422 0.505259 10.179372
vertex 11.947945 0.505259 10.199371
vertex 11.947945 0.505259 10.179372
endloop
endfacet
facet normal 0 0 0
outer loop
vertex 11.517954 0.505259 10.179372
vertex 11.538429 0.505259 10.199371
vertex 11.538429 0.526012 10.179372
endloop
endfacet
facet normal 0 0 0
outer loop
vertex 11.538429 0.505259 10.199371
vertex 11.538429 0.526012 10.199371
vertex 11.538429 0.526012 10.179372
endloop
endfacet
facet normal 0 0 0
outer loop
vertex 11.968422 0.505259 10.179372
vertex 11.968422 0.526012 10.199371
vertex 11.947945 0.505259 10.199371
endloop
endfacet
facet normal 0 0 0
outer loop
vertex 11.968422 0.526012 10.199371
vertex 11.968422 0.505259 10.179372
vertex 11.968422 0.526012 10.179372
endloop
endfacet
facet normal 0 0 0
outer loop
vertex 11.538429 0.526012 10.199371
vertex 11.538429 0.546765 10.179372
vertex 11.538429 0.526012 10.179372
endloop
endfacet
facet normal 0 0 0
outer loop
vertex 11.538429 0.526012 10.199371
vertex 11.558905 0.546765 10.199371
vertex 11.538429 0.546765 10.179372
endloop
endfacet
facet normal 0 0 0
outer loop
vertex 11.968422 0.526012 10.179372
vertex 11.988897 0.546765 10.199371
vertex 11.968422 0.526012 10.199371
endloop
endfacet
facet normal 0 0 0
outer loop
vertex 11.988897 0.546765 10.179372
vertex 11.988897 0.546765 10.199371
vertex 11.968422 0.526012 10.179372
endloop
endfacet
facet normal 0 0 0
outer loop
vertex 11.538429 0.546765 10.179372
vertex 11.558905 0.546765 10.199371
vertex 11.558905 0.567518 10.179372
endloop
endfacet
facet normal 0 0 0
outer loop
vertex 11.558905 0.546765 10.199371
vertex 11.558905 0.567518 10.199371
vertex 11.558905 0.567518 10.179372
endloop
endfacet
facet normal 0 0 0
outer loop
vertex 11.988897 0.546765 10.179372
vertex 12.009373 0.567518 10.199371
vertex 11.988897 0.546765 10.199371
endloop
endfacet
facet normal 0 0 0
outer loop
vertex 12.009373 0.567518 10.179372
vertex 12.009373 0.567518 10.199371
vertex 11.988897 0.546765 10.179372
endloop
endfacet
facet normal 0 0 0
outer loop
vertex 11.558905 0.567518 10.199371
vertex 11.579380 0.588272 10.179372
vertex 11.558905 0.567518 10.179372
endloop
endfacet
facet normal 0 0 0
outer loop
vertex 11.579380 0.588272 10.199371
vertex 11.579380 0.588272 10.179372
vertex 11.558905 0.567518 10.199371
endloop
endfacet
facet normal 0 0 0
outer loop
vertex 12.009373 0.567518 10.179372
vertex 12.009373 0.588272 10.179372
vertex 12.009373 0.567518 10.199371
endloop
endfacet
facet normal 0 0 0
outer loop
vertex 12.009373 0.567518 10.199371
vertex 12.009373 0.588272 10.179372
vertex 12.009373 0.588272 10.199371
endloop
endfacet
facet normal 0 0 0
outer loop
vertex 11.579380 0.588272 10.199371
vertex 11.599857 0.609025 10.179372
vertex 11.579380 0.588272 10.179372
endloop
endfacet
facet normal 0 0 0
outer loop
vertex 11.599857 0.609025 10.199371
vertex 11.599857 0.609025 10.179372
vertex 11.579380 0.588272 10.199371
endloop
endfacet
facet normal 0 0 0
outer loop
vertex 12.029848 0.609025 10.179372
vertex 12.009373 0.609025 10.199371
vertex 12.009373 0.588272 10.179372
endloop
endfacet
facet normal 0 0 0
outer loop
vertex 12.009373 0.609025 10.199371
vertex 12.009373 0.588272 10.199371
vertex 12.009373 0.588272 10.179372
endloop
endfacet
facet normal 0 0 0
outer loop
vertex 11.599857 0.609025 10.199371
vertex 11.620333 0.629778 10.179372
vertex 11.599857 0.609025 10.179372
endloop
endfacet
facet normal 0 0 0
outer loop
vertex 11.620333 0.629778 10.199371
vertex 11.620333 0.629778 10.179372
vertex 11.599857 0.609025 10.199371
endloop
endfacet
facet normal 0 0 0
outer loop
vertex 12.029848 0.629778 10.199371
vertex 12.009373 0.609025 10.199371
vertex 12.009373 0.629778 10.179372
endloop
endfacet
facet normal 0 0 0
outer loop
vertex 12.029848 0.609025 10.179372
vertex 12.009373 0.629778 10.179372
vertex 12.009373 0.609025 10.199371
endloop
endfacet
facet normal 0 0 0
outer loop
vertex 11.640808 0.650532 10.199371
vertex 11.640808 0.629778 10.179372
vertex 11.620333 0.629778 10.199371
endloop
endfacet
facet normal 0 0 0
outer loop
vertex 11.640808 0.629778 10.179372
vertex 11.620333 0.629778 10.179372
vertex 11.620333 0.629778 10.199371
endloop
endfacet
facet normal 0 0 0
outer loop
vertex 11.640808 0.629778 10.179372
vertex 11.640808 0.650532 10.199371
vertex 11.661283 0.650532 10.179372
endloop
endfacet
facet normal 0 0 0
outer loop
vertex 12.029848 0.629778 10.199371
vertex 12.009373 0.650532 10.179372
vertex 12.029848 0.650532 10.199371
endloop
endfacet
facet normal 0 0 0
outer loop
vertex 12.009373 0.629778 10.179372
vertex 12.009373 0.650532 10.179372
vertex 12.029848 0.629778 10.199371
endloop
endfacet
facet normal 0 0 0
outer loop
vertex 11.661283 0.650532 10.179372
vertex 11.640808 0.650532 10.199371
vertex 11.661283 0.671285 10.199371
endloop
endfacet
facet normal 0 0 0
outer loop
vertex 11.661283 0.650532 10.179372
vertex 11.661283 0.671285 10.199371
vertex 11.681761 0.671285 10.179372
endloop
endfacet
facet normal 0 0 0
outer loop
vertex 12.009373 0.650532 10.179372
vertex 11.988897 0.671285 10.179372
vertex 12.009373 0.671285 10.199371
endloop
endfacet
facet normal 0 0 0
outer loop
vertex 12.009373 0.650532 10.179372
vertex 12.009373 0.671285 10.199371
vertex 12.029848 0.650532 10.199371
endloop
endfacet
facet normal 0 0 0
outer loop
vertex 12.009373 0.671285 10.199371
vertex 12.029848 0.671285 10.199371
vertex 12.029848 0.650532 10.199371
endloop
endfacet
facet normal 0 0 0
outer loop
vertex 11.681761 0.671285 10.179372
vertex 11.661283 0.671285 10.199371
vertex 11.681761 0.692038 10.199371
endloop
endfacet
facet normal 0 0 0
outer loop
vertex 11.681761 0.671285 10.179372
vertex 11.681761 0.692038 10.199371
vertex 11.702236 0.692038 10.179372
endloop
endfacet
facet normal 0 0 0
outer loop
vertex 11.988897 0.671285 10.179372
vertex 11.968422 0.692038 10.179372
vertex 11.988897 0.692038 10.199371
endloop
endfacet
facet normal 0 0 0
outer loop
vertex 11.988897 0.671285 10.179372
vertex 11.988897 0.692038 10.199371
vertex 12.009373 0.671285 10.199371
endloop
endfacet
facet normal 0 0 0
outer loop
vertex 11.988897 0.692038 10.199371
vertex 12.009373 0.692038 10.199371
vertex 12.009373 0.671285 10.199371
endloop
endfacet
facet normal 0 0 0
outer loop
vertex 12.009373 0.692038 10.199371
vertex 12.029848 0.671285 10.199371
vertex 12.009373 0.671285 10.199371
endloop
endfacet
facet normal 0 0 0
outer loop
vertex 11.702236 0.692038 10.179372
vertex 11.681761 0.692038 10.199371
vertex 11.702236 0.692038 10.199371
endloop
endfacet
facet normal 0 0 0
outer loop
vertex 11.722712 0.712792 10.199371
vertex 11.722712 0.692038 10.179372
vertex 11.702236 0.692038 10.199371
endloop
endfacet
facet normal 0 0 0
outer loop
vertex 11.722712 0.692038 10.179372
vertex 11.702236 0.692038 10.179372
vertex 11.702236 0.692038 10.199371
endloop
endfacet
facet normal 0 0 0
outer loop
vertex 11.722712 0.692038 10.179372
vertex 11.743187 0.712792 10.199371
vertex 11.743187 0.692038 10.179372
endloop
endfacet
facet normal 0 0 0
outer loop
vertex 11.722712 0.712792 10.199371
vertex 11.743187 0.712792 10.199371
vertex 11.722712 0.692038 10.179372
endloop
endfacet
facet normal 0 0 0
outer loop
vertex 11.743187 0.692038 10.179372
vertex 11.743187 0.712792 10.199371
vertex 11.763662 0.712792 10.179372
endloop
endfacet
facet normal 0 0 0
outer loop
vertex 11.947945 0.692038 10.179372
vertex 11.927469 0.712792 10.179372
vertex 11.947945 0.712792 10.199371
endloop
endfacet
facet normal 0 0 0
outer loop
vertex 11.947945 0.692038 10.179372
vertex 11.968422 0.712792 10.199371
vertex 11.968422 0.692038 10.179372
endloop
endfacet
facet normal 0 0 0
outer loop
vertex 11.947945 0.712792 10.199371
vertex 11.968422 0.712792 10.199371
vertex 11.947945 0.692038 10.179372
endloop
endfacet
facet normal 0 0 0
outer loop
vertex 11.968422 0.692038 10.179372
vertex 11.968422 0.712792 10.199371
vertex 11.988897 0.692038 10.199371
endloop
endfacet
facet normal 0 0 0
outer loop
vertex 11.968422 0.712792 10.199371
vertex 11.988897 0.712792 10.199371
vertex 11.988897 0.692038 10.199371
endloop
endfacet
facet normal 0 0 0
outer loop
vertex 11.988897 0.712792 10.199371
vertex 12.009373 0.692038 10.199371
vertex 11.988897 0.692038 10.199371
endloop
endfacet
facet normal 0 0 0
outer loop
vertex 11.763662 0.712792 10.179372
vertex 11.743187 0.712792 10.199371
vertex 11.763662 0.712792 10.199371
endloop
endfacet
facet normal 0 0 0
outer loop
vertex 11.784140 0.733545 10.199371
vertex 11.784140 0.712792 10.179372
vertex 11.763662 0.712792 10.199371
endloop
endfacet
facet normal 0 0 0
outer loop
vertex 11.784140 0.712792 10.179372
vertex 11.763662 0.712792 10.179372
vertex 11.763662 0.712792 10.199371
endloop
endfacet
facet normal 0 0 0
outer loop
vertex 11.784140 0.712792 10.179372
vertex 11.804615 0.733545 10.199371
vertex 11.804615 0.712792 10.179372
endloop
endfacet
facet normal 0 0 0
outer loop
vertex 11.784140 0.733545 10.199371
vertex 11.804615 0.733545 10.199371
vertex 11.784140 0.712792 10.179372
endloop
endfacet
facet normal 0 0 0
outer loop
vertex 11.804615 0.712792 10.179372
vertex 11.825090 0.733545 10.199371
vertex 11.825090 0.712792 10.179372
endloop
endfacet
facet normal 0 0 0
outer loop
vertex 11.804615 0.733545 10.199371
vertex 11.825090 0.733545 10.199371
vertex 11.804615 0.712792 10.179372
endloop
endfacet
facet normal 0 0 0
outer loop
vertex 11.825090 0.712792 10.179372
vertex 11.845566 0.733545 10.199371
vertex 11.845566 0.712792 10.179372
endloop
endfacet
facet normal 0 0 0
outer loop
vertex 11.825090 0.733545 10.199371
vertex 11.845566 0.733545 10.199371
vertex 11.825090 0.712792 10.179372
endloop
endfacet
facet normal 0 0 0
outer loop
vertex 11.845566 0.712792 10.179372
vertex 11.866043 0.733545 10.199371
vertex 11.866043 0.712792 10.179372
endloop
endfacet
facet normal 0 0 0
outer loop
vertex 11.845566 0.733545 10.199371
vertex 11.866043 0.733545 10.199371
vertex 11.845566 0.712792 10.179372
endloop
endfacet
facet normal 0 0 0
outer loop
vertex 11.866043 0.712792 10.179372
vertex 11.886518 0.733545 10.199371
vertex 11.886518 0.712792 10.179372
endloop
endfacet
facet normal 0 0 0
outer loop
vertex 11.866043 0.733545 10.199371
vertex 11.886518 0.733545 10.199371
vertex 11.866043 0.712792 10.179372
endloop
endfacet
facet normal 0 0 0
outer loop
vertex 11.886518 0.712792 10.179372
vertex 11.906994 0.733545 10.199371
vertex 11.906994 0.712792 10.179372
endloop
endfacet
facet normal 0 0 0
outer loop
vertex 11.886518 0.733545 10.199371
vertex 11.906994 0.733545 10.199371
vertex 11.886518 0.712792 10.179372
endloop
endfacet
facet normal 0 0 0
outer loop
vertex 11.906994 0.712792 10.179372
vertex 11.927469 0.733545 10.199371
vertex 11.927469 0.712792 10.179372
endloop
endfacet
facet normal 0 0 0
outer loop
vertex 11.906994 0.733545 10.199371
vertex 11.927469 0.733545 10.199371
vertex 11.906994 0.712792 10.179372
endloop
endfacet
facet normal 0 0 0
outer loop
vertex 11.927469 0.712792 10.179372
vertex 11.927469 0.733545 10.199371
vertex 11.947945 0.712792 10.199371
endloop
endfacet
facet normal 0 0 0
outer loop
vertex 11.927469 0.733545 10.199371
vertex 11.947945 0.733545 10.199371
vertex 11.947945 0.712792 10.199371
endloop
endfacet
facet normal 0 0 0
outer loop
vertex 11.947945 0.733545 10.199371
vertex 11.968422 0.712792 10.199371
vertex 11.947945 0.712792 10.199371
endloop
endfacet
facet normal 0 0 0
outer loop
vertex 11.620333 0.401492 10.219372
vertex 11.599857 0.401492 10.199371
vertex 11.620333 0.401492 10.199371
endloop
endfacet
facet normal 0 0 0
outer loop
vertex 11.640808 0.401492 10.199371
vertex 11.640808 0.401492 10.219372
vertex 11.620333 0.401492 10.199371
endloop
endfacet
facet normal 0 0 0
outer loop
vertex 11.620333 0.401492 10.199371
vertex 11.640808 0.401492 10.219372
vertex 11.620333 0.401492 10.219372
endloop
endfacet
facet normal 0 0 0
outer loop
vertex 11.661283 0.401492 10.199371
vertex 11.661283 0.401492 10.219372
vertex 11.640808 0.401492 10.199371
endloop
endfacet
facet normal 0 0 0
outer loop
vertex 11.640808 0.401492 10.199371
vertex 11.661283 0.401492 10.219372
vertex 11.640808 0.401492 10.219372
endloop
endfacet
facet normal 0 0 0
outer loop
vertex 11.681761 0.401492 10.199371
vertex 11.681761 0.401492 10.219372
vertex 11.661283 0.401492 10.199371
endloop
endfacet
facet normal 0 0 0
outer loop
vertex 11.661283 0.401492 10.199371
vertex 11.681761 0.401492 10.219372
vertex 11.661283 0.401492 10.219372
endloop
endfacet
facet normal 0 0 0
outer loop
vertex 11.702236 0.401492 10.199371
vertex 11.702236 0.401492 10.219372
vertex 11.681761 0.401492 10.199371
endloop
endfacet
facet normal 0 0 0
outer loop
vertex 11.681761 0.401492 10.199371
vertex 11.702236 0.401492 10.219372
vertex 11.681761 0.401492 10.219372
endloop
endfacet
facet normal 0 0 0
outer loop
vertex 11.722712 0.401492 10.199371
vertex 11.722712 0.401492 10.219372
vertex 11.702236 0.401492 10.199371
endloop
endfacet
facet normal 0 0 0
outer loop
vertex 11.702236 0.401492 10.199371
vertex 11.722712 0.401492 10.219372
vertex 11.702236 0.401492 10.219372
endloop
endfacet
facet normal 0 0 0
outer loop
vertex 11.743187 0.401492 10.199371
vertex 11.743187 0.401492 10.219372
vertex 11.722712 0.401492 10.199371
endloop
endfacet
facet normal 0 0 0
outer loop
vertex 11.722712 0.401492 10.199371
vertex 11.743187 0.401492 10.219372
vertex 11.722712 0.401492 10.219372
endloop
endfacet
facet normal 0 0 0
outer loop
vertex 11.763662 0.401492 10.199371
vertex 11.763662 0.401492 10.219372
vertex 11.743187 0.401492 10.199371
endloop
endfacet
facet normal 0 0 0
outer loop
vertex 11.743187 0.401492 10.199371
vertex 11.763662 0.401492 10.219372
vertex 11.743187 0.401492 10.219372
endloop
endfacet
facet normal 0 0 0
outer loop
vertex 11.763662 0.401492 10.199371
vertex 11.784140 0.401492 10.219372
vertex 11.763662 0.401492 10.219372
endloop
endfacet
facet normal 0 0 0
outer loop
vertex 11.558905 0.422245 10.199371
vertex 11.579380 0.401492 10.199371
vertex 11.579380 0.422245 10.199371
endloop
endfacet
facet normal 0 0 0
outer loop
vertex 11.599857 0.422245 10.219372
vertex 11.579380 0.422245 10.199371
vertex 11.599857 0.401492 10.199371
endloop
endfacet
facet normal 0 0 0
outer loop
vertex 11.579380 0.422245 10.199371
vertex 11.579380 0.401492 10.199371
vertex 11.599857 0.401492 10.199371
endloop
endfacet
facet normal 0 0 0
outer loop
vertex 11.620333 0.401492 10.219372
vertex 11.599857 0.422245 10.219372
vertex 11.599857 0.401492 10.199371
endloop
endfacet
facet normal 0 0 0
outer loop
vertex 11.763662 0.401492 10.199371
vertex 11.784140 0.422245 10.199371
vertex 11.784140 0.401492 10.219372
endloop
endfacet
facet normal 0 0 0
outer loop
vertex 11.804615 0.422245 10.199371
vertex 11.784140 0.401492 10.219372
vertex 11.784140 0.422245 10.199371
endloop
endfacet
facet normal 0 0 0
outer loop
vertex 11.804615 0.401492 10.219372
vertex 11.784140 0.401492 10.219372
vertex 11.804615 0.422245 10.199371
endloop
endfacet
facet normal 0 0 0
outer loop
vertex 11.804615 0.422245 10.199371
vertex 11.825090 0.422245 10.219372
vertex 11.804615 0.401492 10.219372
endloop
endfacet
facet normal 0 0 0
outer loop
vertex 11.558905 0.422245 10.199371
vertex 11.558905 0.442998 10.219372
vertex 11.538429 0.442998 10.199371
endloop
endfacet
facet normal 0 0 0
outer loop
vertex 11.579380 0.422245 10.199371
vertex 11.558905 0.442998 10.219372
vertex 11.558905 0.422245 10.199371
endloop
endfacet
facet normal 0 0 0
outer loop
vertex 11.579380 0.442998 10.219372
vertex 11.558905 0.442998 10.219372
vertex 11.579380 0.422245 10.199371
endloop
endfacet
facet normal 0 0 0
outer loop
vertex 11.599857 0.422245 10.219372
vertex 11.579380 0.442998 10.219372
vertex 11.579380 0.422245 10.199371
endloop
endfacet
facet normal 0 0 0
outer loop
vertex 11.804615 0.422245 10.199371
vertex 11.825090 0.442998 10.199371
vertex 11.825090 0.422245 10.219372
endloop
endfacet
facet normal 0 0 0
outer loop
vertex 11.845566 0.442998 10.199371
vertex 11.825090 0.422245 10.219372
vertex 11.825090 0.442998 10.199371
endloop
endfacet
facet normal 0 0 0
outer loop
vertex 11.845566 0.422245 10.219372
vertex 11.825090 0.422245 10.219372
vertex 11.845566 0.442998 10.199371
endloop
endfacet
facet normal 0 0 0
outer loop
vertex 11.845566 0.442998 10.199371
vertex 11.866043 0.442998 10.219372
vertex 11.845566 0.422245 10.219372
endloop
endfacet
facet normal 0 0 0
outer loop
vertex 11.866043 0.442998 10.219372
vertex 11.866043 0.422245 10.219372
vertex 11.845566 0.422245 10.219372
endloop
endfacet
facet normal 0 0 0
outer loop
vertex 11.886518 0.442998 10.219372
vertex 11.866043 0.422245 10.219372
vertex 11.866043 0.442998 10.219372
endloop
endfacet
facet normal 0 0 0
outer loop
vertex 11.558905 0.463752 10.219372
vertex 11.538429 0.442998 10.199371
vertex 11.558905 0.442998 10.219372
endloop
endfacet
facet normal 0 0 0
outer loop
vertex 11.538429 0.463752 10.199371
vertex 11.538429 0.442998 10.199371
vertex 11.558905 0.463752 10.219372
endloop
endfacet
facet normal 0 0 0
outer loop
vertex 11.845566 0.442998 10.199371
vertex 11.866043 0.463752 10.199371
vertex 11.866043 0.442998 10.219372
endloop
endfacet
facet normal 0 0 0
outer loop
vertex 11.866043 0.463752 10.199371
vertex 11.886518 0.463752 10.219372
vertex 11.866043 0.442998 10.219372
endloop
endfacet
facet normal 0 0 0
outer loop
vertex 11.886518 0.463752 10.219372
vertex 11.886518 0.442998 10.219372
vertex 11.866043 0.442998 10.219372
endloop
endfacet
facet normal 0 0 0
outer loop
vertex 11.906994 0.463752 10.219372
vertex 11.886518 0.442998 10.219372
vertex 11.886518 0.463752 10.219372
endloop
endfacet
facet normal 0 0 0
outer loop
vertex 11.517954 0.484505 10.199371
vertex 11.538429 0.463752 10.199371
vertex 11.538429 0.484505 10.199371
endloop
endfacet
facet normal 0 0 0
outer loop
vertex 11.558905 0.484505 10.219372
vertex 11.538429 0.463752 10.199371
vertex 11.558905 0.463752 10.219372
endloop
endfacet
facet normal 0 0 0
outer loop
vertex 11.538429 0.484505 10.199371
vertex 11.538429 0.463752 10.199371
vertex 11.558905 0.484505 10.219372
endloop
endfacet
facet normal 0 0 0
outer loop
vertex 11.866043 0.463752 10.199371
vertex 11.886518 0.484505 10.199371
vertex 11.886518 0.463752 10.219372
endloop
endfacet
facet normal 0 0 0
outer loop
vertex 11.906994 0.484505 10.199371
vertex 11.886518 0.463752 10.219372
vertex 11.886518 0.484505 10.199371
endloop
endfacet
facet normal 0 0 0
outer loop
vertex 11.906994 0.463752 10.219372
vertex 11.886518 0.463752 10.219372
vertex 11.906994 0.484505 10.199371
endloop
endfacet
facet normal 0 0 0
outer loop
vertex 11.906994 0.484505 10.199371
vertex 11.927469 0.484505 10.219372
vertex 11.906994 0.463752 10.219372
endloop
endfacet
facet normal 0 0 0
outer loop
vertex 11.927469 0.484505 10.219372
vertex 11.927469 0.463752 10.219372
vertex 11.906994 0.463752 10.219372
endloop
endfacet
facet normal 0 0 0
outer loop
vertex 11.947945 0.484505 10.219372
vertex 11.927469 0.463752 10.219372
vertex 11.927469 0.484505 10.219372
endloop
endfacet
facet normal 0 0 0
outer loop
vertex 11.538429 0.505259 10.199371
vertex 11.517954 0.484505 10.199371
vertex 11.538429 0.484505 10.199371
endloop
endfacet
facet normal 0 0 0
outer loop
vertex 11.558905 0.505259 10.219372
vertex 11.538429 0.484505 10.199371
vertex 11.558905 0.484505 10.219372
endloop
endfacet
facet normal 0 0 0
outer loop
vertex 11.538429 0.505259 10.199371
vertex 11.538429 0.484505 10.199371
vertex 11.558905 0.505259 10.219372
endloop
endfacet
facet normal 0 0 0
outer loop
vertex 11.906994 0.484505 10.199371
vertex 11.927469 0.505259 10.199371
vertex 11.927469 0.484505 10.219372
endloop
endfacet
facet normal 0 0 0
outer loop
vertex 11.947945 0.505259 10.199371
vertex 11.927469 0.484505 10.219372
vertex 11.927469 0.505259 10.199371
endloop
endfacet
facet normal 0 0 0
outer loop
vertex 11.947945 0.484505 10.219372
vertex 11.927469 0.484505 10.219372
vertex 11.947945 0.505259 10.199371
endloop
endfacet
facet normal 0 0 0
outer loop
vertex 11.947945 0.505259 10.199371
vertex 11.968422 0.505259 10.219372
vertex 11.947945 0.484505 10.219372
endloop
endfacet
facet normal 0 0 0
outer loop
vertex 11.968422 0.505259 10.219372
vertex 11.968422 0.484505 10.219372
vertex 11.947945 0.484505 10.219372
endloop
endfacet
facet normal 0 0 0
outer loop
vertex 11.988897 0.505259 10.219372
vertex 11.968422 0.484505 10.219372
vertex 11.968422 0.505259 10.219372
endloop
endfacet
facet normal 0 0 0
outer loop
vertex 11.558905 0.526012 10.219372
vertex 11.538429 0.505259 10.199371
vertex 11.558905 0.505259 10.219372
endloop
endfacet
facet normal 0 0 0
outer loop
vertex 11.538429 0.526012 10.199371
vertex 11.538429 0.505259 10.199371
vertex 11.558905 0.526012 10.219372
endloop
endfacet
facet normal 0 0 0
outer loop
vertex 11.947945 0.505259 10.199371
vertex 11.968422 0.526012 10.199371
vertex 11.968422 0.505259 10.219372
endloop
endfacet
facet normal 0 0 0
outer loop
vertex 11.968422 0.526012 10.199371
vertex 11.988897 0.526012 10.219372
vertex 11.968422 0.505259 10.219372
endloop
endfacet
facet normal 0 0 0
outer loop
vertex 11.988897 0.526012 10.219372
vertex 11.988897 0.505259 10.219372
vertex 11.968422 0.505259 10.219372
endloop
endfacet
facet normal 0 0 0
outer loop
vertex 12.009373 0.526012 10.219372
vertex 11.988897 0.505259 10.219372
vertex 11.988897 0.526012 10.219372
endloop
endfacet
facet normal 0 0 0
outer loop
vertex 11.538429 0.526012 10.199371
vertex 11.558905 0.526012 10.219372
vertex 11.558905 0.546765 10.199371
endloop
endfacet
facet normal 0 0 0
outer loop
vertex 11.558905 0.526012 10.219372
vertex 11.579380 0.546765 10.219372
vertex 11.558905 0.546765 10.199371
endloop
endfacet
facet normal 0 0 0
outer loop
vertex 11.968422 0.526012 10.199371
vertex 11.988897 0.546765 10.199371
vertex 11.988897 0.526012 10.219372
endloop
endfacet
facet normal 0 0 0
outer loop
vertex 11.988897 0.546765 10.199371
vertex 12.009373 0.546765 10.219372
vertex 11.988897 0.526012 10.219372
endloop
endfacet
facet normal 0 0 0
outer loop
vertex 12.009373 0.546765 10.219372
vertex 12.009373 0.526012 10.219372
vertex 11.988897 0.526012 10.219372
endloop
endfacet
facet normal 0 0 0
outer loop
vertex 12.029848 0.546765 10.219372
vertex 12.009373 0.526012 10.219372
vertex 12.009373 0.546765 10.219372
endloop
endfacet
facet normal 0 0 0
outer loop
vertex 11.579380 0.546765 10.219372
vertex 11.579380 0.567518 10.199371
vertex 11.558905 0.546765 10.199371
endloop
endfacet
facet normal 0 0 0
outer loop
vertex 11.579380 0.567518 10.199371
vertex 11.558905 0.567518 10.199371
vertex 11.558905 0.546765 10.199371
endloop
endfacet
facet normal 0 0 0
outer loop
vertex 11.579380 0.546765 10.219372
vertex 11.599857 0.567518 10.219372
vertex 11.579380 0.567518 10.199371
endloop
endfacet
facet normal 0 0 0
outer loop
vertex 11.988897 0.546765 10.199371
vertex 12.009373 0.567518 10.199371
vertex 12.009373 0.546765 10.219372
endloop
endfacet
facet normal 0 0 0
outer loop
vertex 12.009373 0.567518 10.199371
vertex 12.029848 0.567518 10.219372
vertex 12.009373 0.546765 10.219372
endloop
endfacet
facet normal 0 0 0
outer loop
vertex 12.029848 0.567518 10.219372
vertex 12.029848 0.546765 10.219372
vertex 12.009373 0.546765 10.219372
endloop
endfacet
facet normal 0 0 0
outer loop
vertex 12.050323 0.567518 10.219372
vertex 12.029848 0.546765 10.219372
vertex 12.029848 0.567518 10.219372
endloop
endfacet
facet normal 0 0 0
outer loop
vertex 11.579380 0.588272 10.199371
vertex 11.558905 0.567518 10.199371
vertex 11.579380 0.567518 10.199371
endloop
endfacet
facet normal 0 0 0
outer loop
vertex 11.599857 0.588272 10.219372
vertex 11.579380 0.567518 10.199371
vertex 11.599857 0.567518 10.219372
endloop
endfacet
facet normal 0 0 0
outer loop
vertex 11.579380 0.588272 10.199371
vertex 11.579380 0.567518 10.199371
vertex 11.599857 0.588272 10.219372
endloop
endfacet
facet normal 0 0 0
outer loop
vertex 12.029848 0.567518 10.219372
vertex 12.009373 0.588272 10.199371
vertex 12.029848 0.588272 10.219372
endloop
endfacet
facet normal 0 0 0
outer loop
vertex 12.009373 0.567518 10.199371
vertex 12.009373 0.588272 10.199371
vertex 12.029848 0.567518 10.219372
endloop
endfacet
facet normal 0 0 0
outer loop
vertex 12.050323 0.567518 10.219372
vertex 12.029848 0.567518 10.219372
vertex 12.050323 0.588272 10.219372
endloop
endfacet
facet normal 0 0 0
outer loop
vertex 12.050323 0.588272 10.219372
vertex 12.029848 0.567518 10.219372
vertex 12.029848 0.588272 10.219372
endloop
endfacet
facet normal 0 0 0
outer loop
vertex 11.579380 0.588272 10.199371
vertex 11.599857 0.588272 10.219372
vertex 11.599857 0.609025 10.199371
endloop
endfacet
facet normal 0 0 0
outer loop
vertex 11.599857 0.609025 10.199371
vertex 11.620333 0.588272 10.219372
vertex 11.620333 0.609025 10.199371
endloop
endfacet
facet normal 0 0 0
outer loop
vertex 11.599857 0.588272 10.219372
vertex 11.620333 0.588272 10.219372
vertex 11.599857 0.609025 10.199371
endloop
endfacet
facet normal 0 0 0
outer loop
vertex 11.620333 0.588272 10.219372
vertex 11.640808 0.609025 10.219372
vertex 11.620333 0.609025 10.199371
endloop
endfacet
facet normal 0 0 0
outer loop
vertex 12.029848 0.588272 10.219372
vertex 12.009373 0.609025 10.199371
vertex 12.029848 0.609025 10.219372
endloop
endfacet
facet normal 0 0 0
outer loop
vertex 12.009373 0.588272 10.199371
vertex 12.009373 0.609025 10.199371
vertex 12.029848 0.588272 10.219372
endloop
endfacet
facet normal 0 0 0
outer loop
vertex 12.050323 0.588272 10.219372
vertex 12.029848 0.588272 10.219372
vertex 12.050323 0.609025 10.219372
endloop
endfacet
facet normal 0 0 0
outer loop
vertex 12.050323 0.609025 10.219372
vertex 12.029848 0.588272 10.219372
vertex 12.029848 0.609025 10.219372
endloop
endfacet
facet normal 0 0 0
outer loop
vertex 12.070801 0.609025 10.219372
vertex 12.050323 0.588272 10.219372
vertex 12.050323 0.609025 10.219372
endloop
endfacet
facet normal 0 0 0
outer loop
vertex 11.620333 0.629778 10.199371
vertex 11.599857 0.609025 10.199371
vertex 11.620333 0.609025 10.199371
endloop
endfacet
facet normal 0 0 0
outer loop
vertex 11.640808 0.629778 10.219372
vertex 11.620333 0.609025 10.199371
vertex 11.640808 0.609025 10.219372
endloop
endfacet
facet normal 0 0 0
outer loop
vertex 11.620333 0.629778 10.199371
vertex 11.620333 0.609025 10.199371
vertex 11.640808 0.629778 10.219372
endloop
endfacet
facet normal 0 0 0
outer loop
vertex 12.009373 0.609025 10.199371
vertex 12.029848 0.629778 10.199371
vertex 12.029848 0.609025 10.219372
endloop
endfacet
facet normal 0 0 0
outer loop
vertex 12.029848 0.629778 10.199371
vertex 12.050323 0.629778 10.219372
vertex 12.029848 0.609025 10.219372
endloop
endfacet
facet normal 0 0 0
outer loop
vertex 12.050323 0.629778 10.219372
vertex 12.050323 0.609025 10.219372
vertex 12.029848 0.609025 10.219372
endloop
endfacet
facet normal 0 0 0
outer loop
vertex 12.070801 0.609025 10.219372
vertex 12.050323 0.609025 10.219372
vertex 12.070801 0.629778 10.219372
endloop
endfacet
facet normal 0 0 0
outer loop
vertex 12.070801 0.629778 10.219372
vertex 12.050323 0.609025 10.219372
vertex 12.050323 0.629778 10.219372
endloop
endfacet
facet normal 0 0 0
outer loop
vertex 11.620333 0.629778 10.199371
vertex 11.640808 0.629778 10.219372
vertex 11.640808 0.650532 10.199371
endloop
endfacet
facet normal 0 0 0
outer loop
vertex 11.640808 0.629778 10.219372
vertex 11.661283 0.650532 10.219372
vertex 11.640808 0.650532 10.199371
endloop
endfacet
facet normal 0 0 0
outer loop
vertex 12.050323 0.629778 10.219372
vertex 12.029848 0.650532 10.199371
vertex 12.050323 0.650532 10.219372
endloop
endfacet
facet normal 0 0 0
outer loop
vertex 12.029848 0.629778 10.199371
vertex 12.029848 0.650532 10.199371
vertex 12.050323 0.629778 10.219372
endloop
endfacet
facet normal 0 0 0
outer loop
vertex 12.070801 0.629778 10.219372
vertex 12.050323 0.629778 10.219372
vertex 12.070801 0.650532 10.219372
endloop
endfacet
facet normal 0 0 0
outer loop
vertex 12.070801 0.650532 10.219372
vertex 12.050323 0.629778 10.219372
vertex 12.050323 0.650532 10.219372
endloop
endfacet
facet normal 0 0 0
outer loop
vertex 11.640808 0.650532 10.199371
vertex 11.661283 0.650532 10.219372
vertex 11.661283 0.671285 10.199371
endloop
endfacet
facet normal 0 0 0
outer loop
vertex 11.661283 0.650532 10.219372
vertex 11.681761 0.671285 10.219372
vertex 11.661283 0.671285 10.199371
endloop
endfacet
facet normal 0 0 0
outer loop
vertex 12.050323 0.650532 10.219372
vertex 12.029848 0.671285 10.199371
vertex 12.050323 0.671285 10.219372
endloop
endfacet
facet normal 0 0 0
outer loop
vertex 12.029848 0.650532 10.199371
vertex 12.029848 0.671285 10.199371
vertex 12.050323 0.650532 10.219372
endloop
endfacet
facet normal 0 0 0
outer loop
vertex 12.070801 0.650532 10.219372
vertex 12.050323 0.650532 10.219372
vertex 12.070801 0.671285 10.219372
endloop
endfacet
facet normal 0 0 0
outer loop
vertex 12.070801 0.671285 10.219372
vertex 12.050323 0.650532 10.219372
vertex 12.050323 0.671285 10.219372
endloop
endfacet
facet normal 0 0 0
outer loop
vertex 11.661283 0.671285 10.199371
vertex 11.681761 0.671285 10.219372
vertex 11.681761 0.692038 10.199371
endloop
endfacet
facet normal 0 0 0
outer loop
vertex 11.681761 0.692038 10.199371
vertex 11.702236 0.671285 10.219372
vertex 11.702236 0.692038 10.199371
endloop
endfacet
facet normal 0 0 0
outer loop
vertex 11.681761 0.671285 10.219372
vertex 11.702236 0.671285 10.219372
vertex 11.681761 0.692038 10.199371
endloop
endfacet
facet normal 0 0 0
outer loop
vertex 11.702236 0.671285 10.219372
vertex 11.722712 0.692038 10.219372
vertex 11.702236 0.692038 10.199371
endloop
endfacet
facet normal 0 0 0
outer loop
vertex 12.029848 0.671285 10.199371
vertex 12.009373 0.692038 10.199371
vertex 12.029848 0.692038 10.219372
endloop
endfacet
facet normal 0 0 0
outer loop
vertex 12.029848 0.671285 10.199371
vertex 12.029848 0.692038 10.219372
vertex 12.050323 0.671285 10.219372
endloop
endfacet
facet normal 0 0 0
outer loop
vertex 12.029848 0.692038 10.219372
vertex 12.050323 0.692038 10.219372
vertex 12.050323 0.671285 10.219372
endloop
endfacet
facet normal 0 0 0
outer loop
vertex 12.050323 0.692038 10.219372
vertex 12.070801 0.671285 10.219372
vertex 12.050323 0.671285 10.219372
endloop
endfacet
facet normal 0 0 0
outer loop
vertex 11.702236 0.692038 10.199371
vertex 11.722712 0.692038 10.219372
vertex 11.722712 0.712792 10.199371
endloop
endfacet
facet normal 0 0 0
outer loop
vertex 11.722712 0.692038 10.219372
vertex 11.743187 0.712792 10.219372
vertex 11.722712 0.712792 10.199371
endloop
endfacet
facet normal 0 0 0
outer loop
vertex 12.009373 0.692038 10.199371
vertex 11.988897 0.712792 10.199371
vertex 12.009373 0.712792 10.219372
endloop
endfacet
facet normal 0 0 0
outer loop
vertex 12.009373 0.692038 10.199371
vertex 12.009373 0.712792 10.219372
vertex 12.029848 0.692038 10.219372
endloop
endfacet
facet normal 0 0 0
outer loop
vertex 12.009373 0.712792 10.219372
vertex 12.029848 0.712792 10.219372
vertex 12.029848 0.692038 10.219372
endloop
endfacet
facet normal 0 0 0
outer loop
vertex 12.029848 0.712792 10.219372
vertex 12.050323 0.692038 10.219372
vertex 12.029848 0.692038 10.219372
endloop
endfacet
facet normal 0 0 0
outer loop
vertex 11.722712 0.712792 10.199371
vertex 11.743187 0.712792 10.219372
vertex 11.743187 0.712792 10.199371
endloop
endfacet
facet normal 0 0 0
outer loop
vertex 11.763662 0.712792 10.199371
vertex 11.743187 0.712792 10.199371
vertex 11.763662 0.712792 10.219372
endloop
endfacet
facet normal 0 0 0
outer loop
vertex 11.743187 0.712792 10.199371
vertex 11.743187 0.712792 10.219372
vertex 11.763662 0.712792 10.219372
endloop
endfacet
facet normal 0 0 0
outer loop
vertex 11.763662 0.712792 10.219372
vertex 11.784140 0.733545 10.199371
vertex 11.763662 0.712792 10.199371
endloop
endfacet
facet normal 0 0 0
outer loop
vertex 11.784140 0.733545 10.219372
vertex 11.784140 0.733545 10.199371
vertex 11.763662 0.712792 10.219372
endloop
endfacet
facet normal 0 0 0
outer loop
vertex 11.968422 0.712792 10.199371
vertex 11.947945 0.733545 10.199371
vertex 11.968422 0.733545 10.219372
endloop
endfacet
facet normal 0 0 0
outer loop
vertex 11.968422 0.712792 10.199371
vertex 11.988897 0.733545 10.219372
vertex 11.988897 0.712792 10.199371
endloop
endfacet
facet normal 0 0 0
outer loop
vertex 11.968422 0.733545 10.219372
vertex 11.988897 0.733545 10.219372
vertex 11.968422 0.712792 10.199371
endloop
endfacet
facet normal 0 0 0
outer loop
vertex 11.988897 0.712792 10.199371
vertex 11.988897 0.733545 10.219372
vertex 12.009373 0.712792 10.219372
endloop
endfacet
facet normal 0 0 0
outer loop
vertex 11.988897 0.733545 10.219372
vertex 12.009373 0.733545 10.219372
vertex 12.009373 0.712792 10.219372
endloop
endfacet
facet normal 0 0 0
outer loop
vertex 12.009373 0.733545 10.219372
vertex 12.029848 0.712792 10.219372
vertex 12.009373 0.712792 10.219372
endloop
endfacet
facet normal 0 0 0
outer loop
vertex 11.804615 0.733545 10.199371
vertex 11.784140 0.733545 10.199371
vertex 11.804615 0.733545 10.219372
endloop
endfacet
facet normal 0 0 0
outer loop
vertex 11.784140 0.733545 10.199371
vertex 11.784140 0.733545 10.219372
vertex 11.804615 0.733545 10.219372
endloop
endfacet
facet normal 0 0 0
outer loop
vertex 11.825090 0.733545 10.199371
vertex 11.804615 0.733545 10.199371
vertex 11.825090 0.733545 10.219372
endloop
endfacet
facet normal 0 0 0
outer loop
vertex 11.804615 0.733545 10.199371
vertex 11.804615 0.733545 10.219372
vertex 11.825090 0.733545 10.219372
endloop
endfacet
facet normal 0 0 0
outer loop
vertex 11.845566 0.754298 10.219372
vertex 11.845566 0.733545 10.199371
vertex 11.825090 0.733545 10.219372
endloop
endfacet
facet normal 0 0 0
outer loop
vertex 11.845566 0.733545 10.199371
vertex 11.825090 0.733545 10.199371
vertex 11.825090 0.733545 10.219372
endloop
endfacet
facet normal 0 0 0
outer loop
vertex 11.845566 0.733545 10.199371
vertex 11.866043 0.754298 10.219372
vertex 11.866043 0.733545 10.199371
endloop
endfacet
facet normal 0 0 0
outer loop
vertex 11.845566 0.754298 10.219372
vertex 11.866043 0.754298 10.219372
vertex 11.845566 0.733545 10.199371
endloop
endfacet
facet normal 0 0 0
outer loop
vertex 11.866043 0.733545 10.199371
vertex 11.886518 0.754298 10.219372
vertex 11.886518 0.733545 10.199371
endloop
endfacet
facet normal 0 0 0
outer loop
vertex 11.866043 0.754298 10.219372
vertex 11.886518 0.754298 10.219372
vertex 11.866043 0.733545 10.199371
endloop
endfacet
facet normal 0 0 0
outer loop
vertex 11.886518 0.733545 10.199371
vertex 11.906994 0.754298 10.219372
vertex 11.906994 0.733545 10.199371
endloop
endfacet
facet normal 0 0 0
outer loop
vertex 11.886518 0.754298 10.219372
vertex 11.906994 0.754298 10.219372
vertex 11.886518 0.733545 10.199371
endloop
endfacet
facet normal 0 0 0
outer loop
vertex 11.906994 0.733545 10.199371
vertex 11.927469 0.754298 10.219372
vertex 11.927469 0.733545 10.199371
endloop
endfacet
facet normal 0 0 0
outer loop
vertex 11.906994 0.754298 10.219372
vertex 11.927469 0.754298 10.219372
vertex 11.906994 0.733545 10.199371
endloop
endfacet
facet normal 0 0 0
outer loop
vertex 11.927469 0.733545 10.199371
vertex 11.947945 0.754298 10.219372
vertex 11.947945 0.733545 10.199371
endloop
endfacet
facet normal 0 0 0
outer loop
vertex 11.927469 0.754298 10.219372
vertex 11.947945 0.754298 10.219372
vertex 11.927469 0.733545 10.199371
endloop
endfacet
facet normal 0 0 0
outer loop
vertex 11.947945 0.733545 10.199371
vertex 11.947945 0.754298 10.219372
vertex 11.968422 0.733545 10.219372
endloop
endfacet
facet normal 0 0 0
outer loop
vertex 11.599857 0.422245 10.219372
vertex 11.620333 0.401492 10.219372
vertex 11.620333 0.422245 10.219372
endloop
endfacet
facet normal 0 0 0
outer loop
vertex 11.640808 0.401492 10.219372
vertex 11.640808 0.422245 10.219372
vertex 11.620333 0.401492 10.219372
endloop
endfacet
facet normal 0 0 0
outer loop
vertex 11.640808 0.422245 10.219372
vertex 11.620333 0.422245 10.219372
vertex 11.620333 0.401492 10.219372
endloop
endfacet
facet normal 0 0 0
outer loop
vertex 11.661283 0.422245 10.239372
vertex 11.640808 0.422245 10.219372
vertex 11.661283 0.401492 10.219372
endloop
endfacet
facet normal 0 0 0
outer loop
vertex 11.640808 0.422245 10.219372
vertex 11.640808 0.401492 10.219372
vertex 11.661283 0.401492 10.219372
endloop
endfacet
facet normal 0 0 0
outer loop
vertex 11.681761 0.401492 10.219372
vertex 11.661283 0.422245 10.239372
vertex 11.661283 0.401492 10.219372
endloop
endfacet
facet normal 0 0 0
outer loop
vertex 11.681761 0.422245 10.239372
vertex 11.661283 0.422245 10.239372
vertex 11.681761 0.401492 10.219372
endloop
endfacet
facet normal 0 0 0
outer loop
vertex 11.702236 0.401492 10.219372
vertex 11.681761 0.422245 10.239372
vertex 11.681761 0.401492 10.219372
endloop
endfacet
facet normal 0 0 0
outer loop
vertex 11.702236 0.422245 10.239372
vertex 11.681761 0.422245 10.239372
vertex 11.702236 0.401492 10.219372
endloop
endfacet
facet normal 0 0 0
outer loop
vertex 11.722712 0.401492 10.219372
vertex 11.702236 0.422245 10.239372
vertex 11.702236 0.401492 10.219372
endloop
endfacet
facet normal 0 0 0
outer loop
vertex 11.722712 0.422245 10.239372
vertex 11.702236 0.422245 10.239372
vertex 11.722712 0.401492 10.219372
endloop
endfacet
facet normal 0 0 0
outer loop
vertex 11.743187 0.401492 10.219372
vertex 11.722712 0.422245 10.239372
vertex 11.722712 0.401492 10.219372
endloop
endfacet
facet normal 0 0 0
outer loop
vertex 11.743187 0.422245 10.239372
vertex 11.722712 0.422245 10.239372
vertex 11.743187 0.401492 10.219372
endloop
endfacet
facet normal 0 0 0
outer loop
vertex 11.763662 0.401492 10.219372
vertex 11.743187 0.422245 10.239372
vertex 11.743187 0.401492 10.219372
endloop
endfacet
facet normal 0 0 0
outer loop
vertex 11.763662 0.422245 10.239372
vertex 11.743187 0.422245 10.239372
vertex 11.763662 0.401492 10.219372
endloop
endfacet
facet normal 0 0 0
outer loop
vertex 11.784140 0.401492 10.219372
vertex 11.763662 0.422245 10.239372
vertex 11.763662 0.401492 10.219372
endloop
endfacet
facet normal 0 0 0
outer loop
vertex 11.784140 0.422245 10.239372
vertex 11.763662 0.422245 10.239372
vertex 11.784140 0.401492 10.219372
endloop
endfacet
facet normal 0 0 0
outer loop
vertex 11.804615 0.401492 10.219372
vertex 11.784140 0.422245 10.239372
vertex 11.784140 0.401492 10.219372
endloop
endfacet
facet normal 0 0 0
outer loop
vertex 11.804615 0.422245 10.239372
vertex 11.784140 0.422245 10.239372
vertex 11.804615 0.401492 10.219372
endloop
endfacet
facet normal 0 0 0
outer loop
vertex 11.825090 0.422245 10.219372
vertex 11.804615 0.422245 10.239372
vertex 11.804615 0.401492 10.219372
endloop
endfacet
facet normal 0 0 0
outer loop
vertex 11.599857 0.422245 10.219372
vertex 11.599857 0.442998 10.239372
vertex 11.579380 0.442998 10.219372
endloop
endfacet
facet normal 0 0 0
outer loop
vertex 11.620333 0.422245 10.219372
vertex 11.599857 0.442998 10.239372
vertex 11.599857 0.422245 10.219372
endloop
endfacet
facet normal 0 0 0
outer loop
vertex 11.620333 0.442998 10.239372
vertex 11.599857 0.442998 10.239372
vertex 11.620333 0.422245 10.219372
endloop
endfacet
facet normal 0 0 0
outer loop
vertex 11.640808 0.422245 10.219372
vertex 11.620333 0.442998 10.239372
vertex 11.620333 0.422245 10.219372
endloop
endfacet
facet normal 0 0 0
outer loop
vertex 11.640808 0.442998 10.239372
vertex 11.620333 0.442998 10.239372
vertex 11.640808 0.422245 10.219372
endloop
endfacet
facet normal 0 0 0
outer loop
vertex 11.661283 0.422245 10.239372
vertex 11.640808 0.442998 10.239372
vertex 11.640808 0.422245 10.219372
endloop
endfacet
facet normal 0 0 0
outer loop
vertex 11.825090 0.422245 10.219372
vertex 11.825090 0.442998 10.239372
vertex 11.804615 0.422245 10.239372
endloop
endfacet
facet normal 0 0 0
outer loop
vertex 11.845566 0.422245 10.219372
vertex 11.825090 0.442998 10.239372
vertex 11.825090 0.422245 10.219372
endloop
endfacet
facet normal 0 0 0
outer loop
vertex 11.845566 0.442998 10.239372
vertex 11.825090 0.442998 10.239372
vertex 11.845566 0.422245 10.219372
endloop
endfacet
facet normal 0 0 0
outer loop
vertex 11.866043 0.422245 10.219372
vertex 11.845566 0.442998 10.239372
vertex 11.845566 0.422245 10.219372
endloop
endfacet
facet normal 0 0 0
outer loop
vertex 11.866043 0.442998 10.239372
vertex 11.845566 0.442998 10.239372
vertex 11.866043 0.422245 10.219372
endloop
endfacet
facet normal 0 0 0
outer loop
vertex 11.886518 0.442998 10.219372
vertex 11.866043 0.442998 10.239372
vertex 11.866043 0.422245 10.219372
endloop
endfacet
facet normal 0 0 0
outer loop
vertex 11.579380 0.442998 10.219372
vertex 11.579380 0.463752 10.219372
vertex 11.558905 0.442998 10.219372
endloop
endfacet
facet normal 0 0 0
outer loop
vertex 11.579380 0.463752 10.219372
vertex 11.558905 0.463752 10.219372
vertex 11.558905 0.442998 10.219372
endloop
endfacet
facet normal 0 0 0
outer loop
vertex 11.599857 0.463752 10.239372
vertex 11.579380 0.442998 10.219372
vertex 11.599857 0.442998 10.239372
endloop
endfacet
facet normal 0 0 0
outer loop
vertex 11.579380 0.463752 10.219372
vertex 11.579380 0.442998 10.219372
vertex 11.599857 0.463752 10.239372
endloop
endfacet
facet normal 0 0 0
outer loop
vertex 11.886518 0.442998 10.219372
vertex 11.886518 0.463752 10.239372
vertex 11.866043 0.442998 10.239372
endloop
endfacet
facet normal 0 0 0
outer loop
vertex 11.886518 0.442998 10.219372
vertex 11.906994 0.463752 10.219372
vertex 11.886518 0.463752 10.239372
endloop
endfacet
facet normal 0 0 0
outer loop
vertex 11.906994 0.463752 10.219372
vertex 11.906994 0.463752 10.239372
vertex 11.886518 0.463752 10.239372
endloop
endfacet
facet normal 0 0 0
outer loop
vertex 11.927469 0.463752 10.219372
vertex 11.906994 0.463752 10.239372
vertex 11.906994 0.463752 10.219372
endloop
endfacet
facet normal 0 0 0
outer loop
vertex 11.579380 0.484505 10.239372
vertex 11.558905 0.484505 10.219372
vertex 11.579380 0.463752 10.219372
endloop
endfacet
facet normal 0 0 0
outer loop
vertex 11.558905 0.484505 10.219372
vertex 11.558905 0.463752 10.219372
vertex 11.579380 0.463752 10.219372
endloop
endfacet
facet normal 0 0 0
outer loop
vertex 11.599857 0.463752 10.239372
vertex 11.579380 0.484505 10.239372
vertex 11.579380 0.463752 10.219372
endloop
endfacet
facet normal 0 0 0
outer loop
vertex 11.927469 0.463752 10.219372
vertex 11.927469 0.484505 10.239372
vertex 11.906994 0.463752 10.239372
endloop
endfacet
facet normal 0 0 0
outer loop
vertex 11.947945 0.484505 10.219372
vertex 11.927469 0.484505 10.239372
vertex 11.927469 0.463752 10.219372
endloop
endfacet
facet normal 0 0 0
outer loop
vertex 11.579380 0.505259 10.239372
vertex 11.558905 0.484505 10.219372
vertex 11.579380 0.484505 10.239372
endloop
endfacet
facet normal 0 0 0
outer loop
vertex 11.558905 0.505259 10.219372
vertex 11.558905 0.484505 10.219372
vertex 11.579380 0.505259 10.239372
endloop
endfacet
facet normal 0 0 0
outer loop
vertex 11.947945 0.484505 10.219372
vertex 11.947945 0.505259 10.239372
vertex 11.927469 0.484505 10.239372
endloop
endfacet
facet normal 0 0 0
outer loop
vertex 11.947945 0.505259 10.239372
vertex 11.947945 0.484505 10.219372
vertex 11.968422 0.505259 10.219372
endloop
endfacet
facet normal 0 0 0
outer loop
vertex 11.579380 0.526012 10.239372
vertex 11.558905 0.505259 10.219372
vertex 11.579380 0.505259 10.239372
endloop
endfacet
facet normal 0 0 0
outer loop
vertex 11.558905 0.526012 10.219372
vertex 11.558905 0.505259 10.219372
vertex 11.579380 0.526012 10.239372
endloop
endfacet
facet normal 0 0 0
outer loop
vertex 11.968422 0.505259 10.219372
vertex 11.968422 0.526012 10.239372
vertex 11.947945 0.505259 10.239372
endloop
endfacet
facet normal 0 0 0
outer loop
vertex 11.988897 0.505259 10.219372
vertex 11.968422 0.526012 10.239372
vertex 11.968422 0.505259 10.219372
endloop
endfacet
facet normal 0 0 0
outer loop
vertex 11.988897 0.526012 10.239372
vertex 11.968422 0.526012 10.239372
vertex 11.988897 0.505259 10.219372
endloop
endfacet
facet normal 0 0 0
outer loop
vertex 12.009373 0.526012 10.219372
vertex 11.988897 0.526012 10.239372
vertex 11.988897 0.505259 10.219372
endloop
endfacet
facet normal 0 0 0
outer loop
vertex 11.558905 0.526012 10.219372
vertex 11.579380 0.526012 10.239372
vertex 11.579380 0.546765 10.219372
endloop
endfacet
facet normal 0 0 0
outer loop
vertex 11.579380 0.526012 10.239372
vertex 11.579380 0.546765 10.239372
vertex 11.579380 0.546765 10.219372
endloop
endfacet
facet normal 0 0 0
outer loop
vertex 12.009373 0.526012 10.219372
vertex 12.009373 0.546765 10.239372
vertex 11.988897 0.526012 10.239372
endloop
endfacet
facet normal 0 0 0
outer loop
vertex 12.029848 0.546765 10.219372
vertex 12.009373 0.546765 10.239372
vertex 12.009373 0.526012 10.219372
endloop
endfacet
facet normal 0 0 0
outer loop
vertex 11.579380 0.546765 10.239372
vertex 11.599857 0.567518 10.219372
vertex 11.579380 0.546765 10.219372
endloop
endfacet
facet normal 0 0 0
outer loop
vertex 11.599857 0.567518 10.239372
vertex 11.599857 0.567518 10.219372
vertex 11.579380 0.546765 10.239372
endloop
endfacet
facet normal 0 0 0
outer loop
vertex 12.029848 0.546765 10.219372
vertex 12.029848 0.567518 10.239372
vertex 12.009373 0.546765 10.239372
endloop
endfacet
facet normal 0 0 0
outer loop
vertex 12.050323 0.567518 10.219372
vertex 12.029848 0.567518 10.239372
vertex 12.029848 0.546765 10.219372
endloop
endfacet
facet normal 0 0 0
outer loop
vertex 11.599857 0.567518 10.219372
vertex 11.599857 0.567518 10.239372
vertex 11.599857 0.588272 10.219372
endloop
endfacet
facet normal 0 0 0
outer loop
vertex 11.599857 0.567518 10.239372
vertex 11.599857 0.588272 10.239372
vertex 11.599857 0.588272 10.219372
endloop
endfacet
facet normal 0 0 0
outer loop
vertex 12.050323 0.567518 10.219372
vertex 12.050323 0.588272 10.239372
vertex 12.029848 0.567518 10.239372
endloop
endfacet
facet normal 0 0 0
outer loop
vertex 12.050323 0.588272 10.239372
vertex 12.050323 0.567518 10.219372
vertex 12.050323 0.588272 10.219372
endloop
endfacet
facet normal 0 0 0
outer loop
vertex 11.620333 0.609025 10.239372
vertex 11.620333 0.588272 10.219372
vertex 11.599857 0.588272 10.239372
endloop
endfacet
facet normal 0 0 0
outer loop
vertex 11.620333 0.588272 10.219372
vertex 11.599857 0.588272 10.219372
vertex 11.599857 0.588272 10.239372
endloop
endfacet
facet normal 0 0 0
outer loop
vertex 11.620333 0.588272 10.219372
vertex 11.620333 0.609025 10.239372
vertex 11.640808 0.609025 10.219372
endloop
endfacet
facet normal 0 0 0
outer loop
vertex 12.050323 0.588272 10.219372
vertex 12.070801 0.609025 10.239372
vertex 12.050323 0.588272 10.239372
endloop
endfacet
facet normal 0 0 0
outer loop
vertex 12.070801 0.609025 10.219372
vertex 12.070801 0.609025 10.239372
vertex 12.050323 0.588272 10.219372
endloop
endfacet
facet normal 0 0 0
outer loop
vertex 11.620333 0.609025 10.239372
vertex 11.640808 0.629778 10.239372
vertex 11.640808 0.609025 10.219372
endloop
endfacet
facet normal 0 0 0
outer loop
vertex 11.640808 0.629778 10.239372
vertex 11.640808 0.629778 10.219372
vertex 11.640808 0.609025 10.219372
endloop
endfacet
facet normal 0 0 0
outer loop
vertex 12.070801 0.609025 10.219372
vertex 12.070801 0.629778 10.219372
vertex 12.070801 0.609025 10.239372
endloop
endfacet
facet normal 0 0 0
outer loop
vertex 12.070801 0.609025 10.239372
vertex 12.070801 0.629778 10.219372
vertex 12.070801 0.629778 10.239372
endloop
endfacet
facet normal 0 0 0
outer loop
vertex 11.640808 0.650532 10.239372
vertex 11.640808 0.629778 10.219372
vertex 11.640808 0.629778 10.239372
endloop
endfacet
facet normal 0 0 0
outer loop
vertex 11.640808 0.629778 10.219372
vertex 11.640808 0.650532 10.239372
vertex 11.661283 0.650532 10.219372
endloop
endfacet
facet normal 0 0 0
outer loop
vertex 12.070801 0.629778 10.219372
vertex 12.070801 0.650532 10.219372
vertex 12.070801 0.629778 10.239372
endloop
endfacet
facet normal 0 0 0
outer loop
vertex 12.070801 0.629778 10.239372
vertex 12.070801 0.650532 10.219372
vertex 12.070801 0.650532 10.239372
endloop
endfacet
facet normal 0 0 0
outer loop
vertex 11.661283 0.650532 10.219372
vertex 11.640808 0.650532 10.239372
vertex 11.661283 0.671285 10.239372
endloop
endfacet
facet normal 0 0 0
outer loop
vertex 11.661283 0.650532 10.219372
vertex 11.661283 0.671285 10.239372
vertex 11.681761 0.671285 10.219372
endloop
endfacet
facet normal 0 0 0
outer loop
vertex 12.070801 0.650532 10.219372
vertex 12.070801 0.671285 10.219372
vertex 12.070801 0.650532 10.239372
endloop
endfacet
facet normal 0 0 0
outer loop
vertex 12.070801 0.650532 10.239372
vertex 12.070801 0.671285 10.219372
vertex 12.070801 0.671285 10.239372
endloop
endfacet
facet normal 0 0 0
outer loop
vertex 11.681761 0.671285 10.219372
vertex 11.661283 0.671285 10.239372
vertex 11.681761 0.671285 10.239372
endloop
endfacet
facet normal 0 0 0
outer loop
vertex 11.702236 0.692038 10.239372
vertex 11.702236 0.671285 10.219372
vertex 11.681761 0.671285 10.239372
endloop
endfacet
facet normal 0 0 0
outer loop
vertex 11.702236 0.671285 10.219372
vertex 11.681761 0.671285 10.219372
vertex 11.681761 0.671285 10.239372
endloop
endfacet
facet normal 0 0 0
outer loop
vertex 11.702236 0.671285 10.219372
vertex 11.702236 0.692038 10.239372
vertex 11.722712 0.692038 10.219372
endloop
endfacet
facet normal 0 0 0
outer loop
vertex 12.070801 0.671285 10.219372
vertex 12.050323 0.692038 10.219372
vertex 12.070801 0.692038 10.239372
endloop
endfacet
facet normal 0 0 0
outer loop
vertex 12.070801 0.671285 10.219372
vertex 12.070801 0.692038 10.239372
vertex 12.070801 0.671285 10.239372
endloop
endfacet
facet normal 0 0 0
outer loop
vertex 11.722712 0.692038 10.219372
vertex 11.702236 0.692038 10.239372
vertex 11.722712 0.712792 10.239372
endloop
endfacet
facet normal 0 0 0
outer loop
vertex 11.722712 0.692038 10.219372
vertex 11.722712 0.712792 10.239372
vertex 11.743187 0.712792 10.219372
endloop
endfacet
facet normal 0 0 0
outer loop
vertex 12.050323 0.692038 10.219372
vertex 12.029848 0.712792 10.219372
vertex 12.050323 0.712792 10.239372
endloop
endfacet
facet normal 0 0 0
outer loop
vertex 12.050323 0.692038 10.219372
vertex 12.050323 0.712792 10.239372
vertex 12.070801 0.692038 10.239372
endloop
endfacet
facet normal 0 0 0
outer loop
vertex 12.050323 0.712792 10.239372
vertex 12.070801 0.712792 10.239372
vertex 12.070801 0.692038 10.239372
endloop
endfacet
facet normal 0 0 0
outer loop
vertex 11.743187 0.712792 10.219372
vertex 11.722712 0.712792 10.239372
vertex 11.743187 0.712792 10.239372
endloop
endfacet
facet normal 0 0 0
outer loop
vertex 11.763662 0.733545 10.239372
vertex 11.763662 0.712792 10.219372
vertex 11.743187 0.712792 10.239372
endloop
endfacet
facet normal 0 0 0
outer loop
vertex 11.763662 0.712792 10.219372
vertex 11.743187 0.712792 10.219372
vertex 11.743187 0.712792 10.239372
endloop
endfacet
facet normal 0 0 0
outer loop
vertex 11.763662 0.712792 10.219372
vertex 11.763662 0.733545 10.239372
vertex 11.784140 0.733545 10.219372
endloop
endfacet
facet normal 0 0 0
outer loop
vertex 12.029848 0.712792 10.219372
vertex 12.009373 0.733545 10.219372
vertex 12.029848 0.733545 10.239372
endloop
endfacet
facet normal 0 0 0
outer loop
vertex 12.029848 0.712792 10.219372
vertex 12.029848 0.733545 10.239372
vertex 12.050323 0.712792 10.239372
endloop
endfacet
facet normal 0 0 0
outer loop
vertex 12.029848 0.733545 10.239372
vertex 12.050323 0.733545 10.239372
vertex 12.050323 0.712792 10.239372
endloop
endfacet
facet normal 0 0 0
outer loop
vertex 12.050323 0.733545 10.239372
vertex 12.070801 0.712792 10.239372
vertex 12.050323 0.712792 10.239372
endloop
endfacet
facet normal 0 0 0
outer loop
vertex 11.784140 0.733545 10.219372
vertex 11.763662 0.733545 10.239372
vertex 11.784140 0.754298 10.239372
endloop
endfacet
facet normal 0 0 0
outer loop
vertex 11.784140 0.733545 10.219372
vertex 11.804615 0.754298 10.239372
vertex 11.804615 0.733545 10.219372
endloop
endfacet
facet normal 0 0 0
outer loop
vertex 11.784140 0.754298 10.239372
vertex 11.804615 0.754298 10.239372
vertex 11.784140 0.733545 10.219372
endloop
endfacet
facet normal 0 0 0
outer loop
vertex 11.804615 0.733545 10.219372
vertex 11.825090 0.754298 10.239372
vertex 11.825090 0.733545 10.219372
endloop
endfacet
facet normal 0 0 0
outer loop
vertex 11.804615 0.754298 10.239372
vertex 11.825090 0.754298 10.239372
vertex 11.804615 0.733545 10.219372
endloop
endfacet
facet normal 0 0 0
outer loop
vertex 11.825090 0.733545 10.219372
vertex 11.825090 0.754298 10.239372
vertex 11.845566 0.754298 10.219372
endloop
endfacet
facet normal 0 0 0
outer loop
vertex 11.968422 0.733545 10.219372
vertex 11.947945 0.754298 10.219372
vertex 11.968422 0.754298 10.239372
endloop
endfacet
facet normal 0 0 0
outer loop
vertex 11.968422 0.733545 10.219372
vertex 11.988897 0.754298 10.239372
vertex 11.988897 0.733545 10.219372
endloop
endfacet
facet normal 0 0 0
outer loop
vertex 11.968422 0.754298 10.239372
vertex 11.988897 0.754298 10.239372
vertex 11.968422 0.733545 10.219372
endloop
endfacet
facet normal 0 0 0
outer loop
vertex 11.988897 0.733545 10.219372
vertex 12.009373 0.754298 10.239372
vertex 12.009373 0.733545 10.219372
endloop
endfacet
facet normal 0 0 0
outer loop
vertex 11.988897 0.754298 10.239372
vertex 12.009373 0.754298 10.239372
vertex 11.988897 0.733545 10.219372
endloop
endfacet
facet normal 0 0 0
outer loop
vertex 12.009373 0.733545 10.219372
vertex 12.009373 0.754298 10.239372
vertex 12.029848 0.733545 10.239372
endloop
endfacet
facet normal 0 0 0
outer loop
vertex 12.009373 0.754298 10.239372
vertex 12.029848 0.754298 10.239372
vertex 12.029848 0.733545 10.239372
endloop
endfacet
facet normal 0 0 0
outer loop
vertex 12.029848 0.754298 10.239372
vertex 12.050323 0.733545 10.239372
vertex 12.029848 0.733545 10.239372
endloop
endfacet
facet normal 0 0 0
outer loop
vertex 11.845566 0.754298 10.219372
vertex 11.825090 0.754298 10.239372
vertex 11.845566 0.754298 10.239372
endloop
endfacet
facet normal 0 0 0
outer loop
vertex 11.866043 0.754298 10.219372
vertex 11.845566 0.754298 10.219372
vertex 11.866043 0.754298 10.239372
endloop
endfacet
facet normal 0 0 0
outer loop
vertex 11.845566 0.754298 10.219372
vertex 11.845566 0.754298 10.239372
vertex 11.866043 0.754298 10.239372
endloop
endfacet
facet normal 0 0 0
outer loop
vertex 11.886518 0.775052 10.239372
vertex 11.886518 0.754298 10.219372
vertex 11.866043 0.754298 10.239372
endloop
endfacet
facet normal 0 0 0
outer loop
vertex 11.886518 0.754298 10.219372
vertex 11.866043 0.754298 10.219372
vertex 11.866043 0.754298 10.239372
endloop
endfacet
facet normal 0 0 0
outer loop
vertex 11.886518 0.754298 10.219372
vertex 11.906994 0.775052 10.239372
vertex 11.906994 0.754298 10.219372
endloop
endfacet
facet normal 0 0 0
outer loop
vertex 11.886518 0.775052 10.239372
vertex 11.906994 0.775052 10.239372
vertex 11.886518 0.754298 10.219372
endloop
endfacet
facet normal 0 0 0
outer loop
vertex 11.906994 0.754298 10.219372
vertex 11.927469 0.775052 10.239372
vertex 11.927469 0.754298 10.219372
endloop
endfacet
facet normal 0 0 0
outer loop
vertex 11.906994 0.775052 10.239372
vertex 11.927469 0.775052 10.239372
vertex 11.906994 0.754298 10.219372
endloop
endfacet
facet normal 0 0 0
outer loop
vertex 11.927469 0.754298 10.219372
vertex 11.947945 0.775052 10.239372
vertex 11.947945 0.754298 10.219372
endloop
endfacet
facet normal 0 0 0
outer loop
vertex 11.927469 0.775052 10.239372
vertex 11.947945 0.775052 10.239372
vertex 11.927469 0.754298 10.219372
endloop
endfacet
facet normal 0 0 0
outer loop
vertex 11.947945 0.754298 10.219372
vertex 11.947945 0.775052 10.239372
vertex 11.968422 0.754298 10.239372
endloop
endfacet
facet normal 0 0 0
outer loop
vertex 11.947945 0.775052 10.239372
vertex 11.968422 0.775052 10.239372
vertex 11.968422 0.754298 10.239372
endloop
endfacet
facet normal 0 0 0
outer loop
vertex 11.988897 0.754298 10.239372
vertex 11.968422 0.754298 10.239372
vertex 11.988897 0.775052 10.239372
endloop
endfacet
facet normal 0 0 0
outer loop
vertex 11.988897 0.775052 10.239372
vertex 11.968422 0.754298 10.239372
vertex 11.968422 0.775052 10.239372
endloop
endfacet
facet normal 0 0 0
outer loop
vertex 12.009373 0.754298 10.239372
vertex 11.988897 0.754298 10.239372
vertex 12.009373 0.775052 10.239372
endloop
endfacet
facet normal 0 0 0
outer loop
vertex 12.009373 0.775052 10.239372
vertex 11.988897 0.754298 10.239372
vertex 11.988897 0.775052 10.239372
endloop
endfacet
facet normal 0 0 0
outer loop
vertex 12.009373 0.775052 10.239372
vertex 12.029848 0.754298 10.239372
vertex 12.009373 0.754298 10.239372
endloop
endfacet
facet normal 0 0 0
outer loop
vertex 11.640808 0.442998 10.259372
vertex 11.620333 0.442998 10.239372
vertex 11.640808 0.442998 10.239372
endloop
endfacet
facet normal 0 0 0
outer loop
vertex 11.661283 0.422245 10.239372
vertex 11.661283 0.442998 10.259372
vertex 11.640808 0.442998 10.239372
endloop
endfacet
facet normal 0 0 0
outer loop
vertex 11.661283 0.442998 10.259372
vertex 11.640808 0.442998 10.259372
vertex 11.640808 0.442998 10.239372
endloop
endfacet
facet normal 0 0 0
outer loop
vertex 11.681761 0.422245 10.239372
vertex 11.661283 0.442998 10.259372
vertex 11.661283 0.422245 10.239372
endloop
endfacet
facet normal 0 0 0
outer loop
vertex 11.681761 0.442998 10.259372
vertex 11.661283 0.442998 10.259372
vertex 11.681761 0.422245 10.239372
endloop
endfacet
facet normal 0 0 0
outer loop
vertex 11.702236 0.422245 10.239372
vertex 11.681761 0.442998 10.259372
vertex 11.681761 0.422245 10.239372
endloop
endfacet
facet normal 0 0 0
outer loop
vertex 11.702236 0.442998 10.259372
vertex 11.681761 0.442998 10.259372
vertex 11.702236 0.422245 10.239372
endloop
endfacet
facet normal 0 0 0
outer loop
vertex 11.722712 0.422245 10.239372
vertex 11.702236 0.442998 10.259372
vertex 11.702236 0.422245 10.239372
endloop
endfacet
facet normal 0 0 0
outer loop
vertex 11.722712 0.442998 10.259372
vertex 11.702236 0.442998 10.259372
vertex 11.722712 0.422245 10.239372
endloop
endfacet
facet normal 0 0 0
outer loop
vertex 11.743187 0.422245 10.239372
vertex 11.722712 0.442998 10.259372
vertex 11.722712 0.422245 10.239372
endloop
endfacet
facet normal 0 0 0
outer loop
vertex 11.743187 0.442998 10.259372
vertex 11.722712 0.442998 10.259372
vertex 11.743187 0.422245 10.239372
endloop
endfacet
facet normal 0 0 0
outer loop
vertex 11.763662 0.422245 10.239372
vertex 11.743187 0.442998 10.259372
vertex 11.743187 0.422245 10.239372
endloop
endfacet
facet normal 0 0 0
outer loop
vertex 11.763662 0.442998 10.259372
vertex 11.743187 0.442998 10.259372
vertex 11.763662 0.422245 10.239372
endloop
endfacet
facet normal 0 0 0
outer loop
vertex 11.784140 0.422245 10.239372
vertex 11.763662 0.442998 10.259372
vertex 11.763662 0.422245 10.239372
endloop
endfacet
facet normal 0 0 0
outer loop
vertex 11.784140 0.442998 10.259372
vertex 11.763662 0.442998 10.259372
vertex 11.784140 0.422245 10.239372
endloop
endfacet
facet normal 0 0 0
outer loop
vertex 11.804615 0.422245 10.239372
vertex 11.784140 0.442998 10.259372
vertex 11.784140 0.422245 10.239372
endloop
endfacet
facet normal 0 0 0
outer loop
vertex 11.804615 0.442998 10.259372
vertex 11.784140 0.442998 10.259372
vertex 11.804615 0.422245 10.239372
endloop
endfacet
facet normal 0 0 0
outer loop
vertex 11.804615 0.422245 10.239372
vertex 11.825090 0.442998 10.239372
vertex 11.804615 0.442998 10.259372
endloop
endfacet
facet normal 0 0 0
outer loop
vertex 11.825090 0.442998 10.239372
vertex 11.825090 0.442998 10.259372
vertex 11.804615 0.442998 10.259372
endloop
endfacet
facet normal 0 0 0
outer loop
vertex 11.845566 0.442998 10.239372
vertex 11.825090 0.442998 10.259372
vertex 11.825090 0.442998 10.239372
endloop
endfacet
facet normal 0 0 0
outer loop
vertex 11.599857 0.442998 10.239372
vertex 11.599857 0.463752 10.259372
vertex 11.599857 0.463752 10.239372
endloop
endfacet
facet normal 0 0 0
outer loop
vertex 11.620333 0.442998 10.239372
vertex 11.599857 0.463752 10.259372
vertex 11.599857 0.442998 10.239372
endloop
endfacet
facet normal 0 0 0
outer loop
vertex 11.620333 0.463752 10.259372
vertex 11.599857 0.463752 10.259372
vertex 11.620333 0.442998 10.239372
endloop
endfacet
facet normal 0 0 0
outer loop
vertex 11.640808 0.442998 10.259372
vertex 11.620333 0.463752 10.259372
vertex 11.620333 0.442998 10.239372
endloop
endfacet
facet normal 0 0 0
outer loop
vertex 11.845566 0.442998 10.239372
vertex 11.845566 0.463752 10.259372
vertex 11.825090 0.442998 10.259372
endloop
endfacet
facet normal 0 0 0
outer loop
vertex 11.866043 0.442998 10.239372
vertex 11.845566 0.463752 10.259372
vertex 11.845566 0.442998 10.239372
endloop
endfacet
facet normal 0 0 0
outer loop
vertex 11.866043 0.463752 10.259372
vertex 11.845566 0.463752 10.259372
vertex 11.866043 0.442998 10.239372
endloop
endfacet
facet normal 0 0 0
outer loop
vertex 11.886518 0.463752 10.239372
vertex 11.866043 0.463752 10.259372
vertex 11.866043 0.442998 10.239372
endloop
endfacet
facet normal 0 0 0
outer loop
vertex 11.599857 0.463752 10.259372
vertex 11.579380 0.484505 10.239372
vertex 11.599857 0.463752 10.239372
endloop
endfacet
facet normal 0 0 0
outer loop
vertex 11.579380 0.484505 10.259372
vertex 11.579380 0.484505 10.239372
vertex 11.599857 0.463752 10.259372
endloop
endfacet
facet normal 0 0 0
outer loop
vertex 11.886518 0.463752 10.239372
vertex 11.886518 0.484505 10.259372
vertex 11.866043 0.463752 10.259372
endloop
endfacet
facet normal 0 0 0
outer loop
vertex 11.906994 0.463752 10.239372
vertex 11.886518 0.484505 10.259372
vertex 11.886518 0.463752 10.239372
endloop
endfacet
facet normal 0 0 0
outer loop
vertex 11.906994 0.484505 10.259372
vertex 11.886518 0.484505 10.259372
vertex 11.906994 0.463752 10.239372
endloop
endfacet
facet normal 0 0 0
outer loop
vertex 11.927469 0.484505 10.239372
vertex 11.906994 0.484505 10.259372
vertex 11.906994 0.463752 10.239372
endloop
endfacet
facet normal 0 0 0
outer loop
vertex 11.579380 0.484505 10.239372
vertex 11.579380 0.484505 10.259372
vertex 11.579380 0.505259 10.239372
endloop
endfacet
facet normal 0 0 0
outer loop
vertex 11.579380 0.484505 10.259372
vertex 11.579380 0.505259 10.259372
vertex 11.579380 0.505259 10.239372
endloop
endfacet
facet normal 0 0 0
outer loop
vertex 11.927469 0.484505 10.239372
vertex 11.927469 0.505259 10.259372
vertex 11.906994 0.484505 10.259372
endloop
endfacet
facet normal 0 0 0
outer loop
vertex 11.947945 0.505259 10.239372
vertex 11.927469 0.505259 10.259372
vertex 11.927469 0.484505 10.239372
endloop
endfacet
facet normal 0 0 0
outer loop
vertex 11.579380 0.505259 10.239372
vertex 11.579380 0.505259 10.259372
vertex 11.579380 0.526012 10.239372
endloop
endfacet
facet normal 0 0 0
outer loop
vertex 11.579380 0.505259 10.259372
vertex 11.579380 0.526012 10.259372
vertex 11.579380 0.526012 10.239372
endloop
endfacet
facet normal 0 0 0
outer loop
vertex 11.947945 0.505259 10.239372
vertex 11.947945 0.526012 10.259372
vertex 11.927469 0.505259 10.259372
endloop
endfacet
facet normal 0 0 0
outer loop
vertex 11.947945 0.505259 10.239372
vertex 11.968422 0.526012 10.239372
vertex 11.947945 0.526012 10.259372
endloop
endfacet
facet normal 0 0 0
outer loop
vertex 11.968422 0.526012 10.239372
vertex 11.968422 0.526012 10.259372
vertex 11.947945 0.526012 10.259372
endloop
endfacet
facet normal 0 0 0
outer loop
vertex 11.988897 0.526012 10.239372
vertex 11.968422 0.526012 10.259372
vertex 11.968422 0.526012 10.239372
endloop
endfacet
facet normal 0 0 0
outer loop
vertex 11.579380 0.526012 10.239372
vertex 11.579380 0.526012 10.259372
vertex 11.579380 0.546765 10.239372
endloop
endfacet
facet normal 0 0 0
outer loop
vertex 11.579380 0.526012 10.259372
vertex 11.579380 0.546765 10.259372
vertex 11.579380 0.546765 10.239372
endloop
endfacet
facet normal 0 0 0
outer loop
vertex 11.988897 0.526012 10.239372
vertex 11.988897 0.546765 10.259372
vertex 11.968422 0.526012 10.259372
endloop
endfacet
facet normal 0 0 0
outer loop
vertex 12.009373 0.546765 10.239372
vertex 11.988897 0.546765 10.259372
vertex 11.988897 0.526012 10.239372
endloop
endfacet
facet normal 0 0 0
outer loop
vertex 11.579380 0.567518 10.259372
vertex 11.579380 0.546765 10.239372
vertex 11.579380 0.546765 10.259372
endloop
endfacet
facet normal 0 0 0
outer loop
vertex 11.579380 0.546765 10.239372
vertex 11.579380 0.567518 10.259372
vertex 11.599857 0.567518 10.239372
endloop
endfacet
facet normal 0 0 0
outer loop
vertex 12.009373 0.546765 10.239372
vertex 12.009373 0.567518 10.259372
vertex 11.988897 0.546765 10.259372
endloop
endfacet
facet normal 0 0 0
outer loop
vertex 12.029848 0.567518 10.239372
vertex 12.009373 0.567518 10.259372
vertex 12.009373 0.546765 10.239372
endloop
endfacet
facet normal 0 0 0
outer loop
vertex 11.579380 0.567518 10.259372
vertex 11.599857 0.588272 10.259372
vertex 11.599857 0.567518 10.239372
endloop
endfacet
facet normal 0 0 0
outer loop
vertex 11.599857 0.588272 10.259372
vertex 11.599857 0.588272 10.239372
vertex 11.599857 0.567518 10.239372
endloop
endfacet
facet normal 0 0 0
outer loop
vertex 12.029848 0.567518 10.239372
vertex 12.029848 0.588272 10.259372
vertex 12.009373 0.567518 10.259372
endloop
endfacet
facet normal 0 0 0
outer loop
vertex 12.050323 0.588272 10.239372
vertex 12.029848 0.588272 10.259372
vertex 12.029848 0.567518 10.239372
endloop
endfacet
facet normal 0 0 0
outer loop
vertex 11.599857 0.609025 10.259372
vertex 11.599857 0.588272 10.239372
vertex 11.599857 0.588272 10.259372
endloop
endfacet
facet normal 0 0 0
outer loop
vertex 11.599857 0.588272 10.239372
vertex 11.599857 0.609025 10.259372
vertex 11.620333 0.609025 10.239372
endloop
endfacet
facet normal 0 0 0
outer loop
vertex 12.050323 0.609025 10.239372
vertex 12.029848 0.588272 10.259372
vertex 12.050323 0.588272 10.239372
endloop
endfacet
facet normal 0 0 0
outer loop
vertex 12.029848 0.609025 10.259372
vertex 12.029848 0.588272 10.259372
vertex 12.050323 0.609025 10.239372
endloop
endfacet
facet normal 0 0 0
outer loop
vertex 12.050323 0.588272 10.239372
vertex 12.070801 0.609025 10.239372
vertex 12.050323 0.609025 10.239372
endloop
endfacet
facet normal 0 0 0
outer loop
vertex 11.620333 0.609025 10.239372
vertex 11.599857 0.609025 10.259372
vertex 11.620333 0.629778 10.259372
endloop
endfacet
facet normal 0 0 0
outer loop
vertex 11.620333 0.609025 10.239372
vertex 11.620333 0.629778 10.259372
vertex 11.640808 0.629778 10.239372
endloop
endfacet
facet normal 0 0 0
outer loop
vertex 12.050323 0.609025 10.239372
vertex 12.050323 0.629778 10.259372
vertex 12.029848 0.609025 10.259372
endloop
endfacet
facet normal 0 0 0
outer loop
vertex 12.050323 0.629778 10.259372
vertex 12.050323 0.609025 10.239372
vertex 12.070801 0.629778 10.239372
endloop
endfacet
facet normal 0 0 0
outer loop
vertex 12.050323 0.609025 10.239372
vertex 12.070801 0.609025 10.239372
vertex 12.070801 0.629778 10.239372
endloop
endfacet
facet normal 0 0 0
outer loop
vertex 11.620333 0.629778 10.259372
vertex 11.640808 0.650532 10.259372
vertex 11.640808 0.629778 10.239372
endloop
endfacet
facet normal 0 0 0
outer loop
vertex 11.640808 0.650532 10.259372
vertex 11.640808 0.650532 10.239372
vertex 11.640808 0.629778 10.239372
endloop
endfacet
facet normal 0 0 0
outer loop
vertex 12.070801 0.650532 10.239372
vertex 12.050323 0.629778 10.259372
vertex 12.070801 0.629778 10.239372
endloop
endfacet
facet normal 0 0 0
outer loop
vertex 12.050323 0.650532 10.259372
vertex 12.050323 0.629778 10.259372
vertex 12.070801 0.650532 10.239372
endloop
endfacet
facet normal 0 0 0
outer loop
vertex 11.640808 0.671285 10.259372
vertex 11.640808 0.650532 10.239372
vertex 11.640808 0.650532 10.259372
endloop
endfacet
facet normal 0 0 0
outer loop
vertex 11.640808 0.650532 10.239372
vertex 11.640808 0.671285 10.259372
vertex 11.661283 0.671285 10.239372
endloop
endfacet
facet normal 0 0 0
outer loop
vertex 12.070801 0.650532 10.239372
vertex 12.070801 0.671285 10.259372
vertex 12.050323 0.650532 10.259372
endloop
endfacet
facet normal 0 0 0
outer loop
vertex 12.070801 0.671285 10.259372
vertex 12.070801 0.650532 10.239372
vertex 12.070801 0.671285 10.239372
endloop
endfacet
facet normal 0 0 0
outer loop
vertex 11.661283 0.671285 10.239372
vertex 11.640808 0.671285 10.259372
vertex 11.661283 0.692038 10.259372
endloop
endfacet
facet normal 0 0 0
outer loop
vertex 11.661283 0.671285 10.239372
vertex 11.681761 0.692038 10.259372
vertex 11.681761 0.671285 10.239372
endloop
endfacet
facet normal 0 0 0
outer loop
vertex 11.661283 0.692038 10.259372
vertex 11.681761 0.692038 10.259372
vertex 11.661283 0.671285 10.239372
endloop
endfacet
facet normal 0 0 0
outer loop
vertex 11.681761 0.671285 10.239372
vertex 11.681761 0.692038 10.259372
vertex 11.702236 0.692038 10.239372
endloop
endfacet
facet normal 0 0 0
outer loop
vertex 12.070801 0.671285 10.239372
vertex 12.070801 0.692038 10.239372
vertex 12.070801 0.671285 10.259372
endloop
endfacet
facet normal 0 0 0
outer loop
vertex 12.070801 0.671285 10.259372
vertex 12.070801 0.692038 10.239372
vertex 12.070801 0.692038 10.259372
endloop
endfacet
facet normal 0 0 0
outer loop
vertex 11.661283 0.692038 10.259372
vertex 11.681761 0.712792 10.259372
vertex 11.681761 0.692038 10.259372
endloop
endfacet
facet normal 0 0 0
outer loop
vertex 11.702236 0.692038 10.239372
vertex 11.681761 0.692038 10.259372
vertex 11.702236 0.712792 10.259372
endloop
endfacet
facet normal 0 0 0
outer loop
vertex 11.681761 0.692038 10.259372
vertex 11.681761 0.712792 10.259372
vertex 11.702236 0.712792 10.259372
endloop
endfacet
facet normal 0 0 0
outer loop
vertex 11.702236 0.692038 10.239372
vertex 11.702236 0.712792 10.259372
vertex 11.722712 0.712792 10.239372
endloop
endfacet
facet normal 0 0 0
outer loop
vertex 12.070801 0.712792 10.239372
vertex 12.050323 0.712792 10.259372
vertex 12.070801 0.692038 10.259372
endloop
endfacet
facet normal 0 0 0
outer loop
vertex 12.070801 0.712792 10.239372
vertex 12.070801 0.692038 10.259372
vertex 12.070801 0.692038 10.239372
endloop
endfacet
facet normal 0 0 0
outer loop
vertex 11.722712 0.712792 10.239372
vertex 11.702236 0.712792 10.259372
vertex 11.722712 0.733545 10.259372
endloop
endfacet
facet normal 0 0 0
outer loop
vertex 11.722712 0.712792 10.239372
vertex 11.743187 0.733545 10.259372
vertex 11.743187 0.712792 10.239372
endloop
endfacet
facet normal 0 0 0
outer loop
vertex 11.722712 0.733545 10.259372
vertex 11.743187 0.733545 10.259372
vertex 11.722712 0.712792 10.239372
endloop
endfacet
facet normal 0 0 0
outer loop
vertex 11.743187 0.712792 10.239372
vertex 11.743187 0.733545 10.259372
vertex 11.763662 0.733545 10.239372
endloop
endfacet
facet normal 0 0 0
outer loop
vertex 12.070801 0.712792 10.239372
vertex 12.050323 0.733545 10.239372
vertex 12.050323 0.712792 10.259372
endloop
endfacet
facet normal 0 0 0
outer loop
vertex 12.050323 0.733545 10.239372
vertex 12.050323 0.733545 10.259372
vertex 12.050323 0.712792 10.259372
endloop
endfacet
facet normal 0 0 0
outer loop
vertex 11.722712 0.733545 10.259372
vertex 11.743187 0.754298 10.259372
vertex 11.743187 0.733545 10.259372
endloop
endfacet
facet normal 0 0 0
outer loop
vertex 11.763662 0.733545 10.239372
vertex 11.743187 0.733545 10.259372
vertex 11.763662 0.754298 10.259372
endloop
endfacet
facet normal 0 0 0
outer loop
vertex 11.743187 0.733545 10.259372
vertex 11.743187 0.754298 10.259372
vertex 11.763662 0.754298 10.259372
endloop
endfacet
facet normal 0 0 0
outer loop
vertex 11.763662 0.733545 10.239372
vertex 11.763662 0.754298 10.259372
vertex 11.784140 0.754298 10.239372
endloop
endfacet
facet normal 0 0 0
outer loop
vertex 12.050323 0.733545 10.239372
vertex 12.029848 0.754298 10.259372
vertex 12.050323 0.733545 10.259372
endloop
endfacet
facet normal 0 0 0
outer loop
vertex 12.029848 0.754298 10.239372
vertex 12.029848 0.754298 10.259372
vertex 12.050323 0.733545 10.239372
endloop
endfacet
facet normal 0 0 0
outer loop
vertex 11.784140 0.754298 10.239372
vertex 11.763662 0.754298 10.259372
vertex 11.784140 0.775052 10.259372
endloop
endfacet
facet normal 0 0 0
outer loop
vertex 11.784140 0.754298 10.239372
vertex 11.804615 0.775052 10.259372
vertex 11.804615 0.754298 10.239372
endloop
endfacet
facet normal 0 0 0
outer loop
vertex 11.784140 0.775052 10.259372
vertex 11.804615 0.775052 10.259372
vertex 11.784140 0.754298 10.239372
endloop
endfacet
facet normal 0 0 0
outer loop
vertex 11.804615 0.754298 10.239372
vertex 11.825090 0.775052 10.259372
vertex 11.825090 0.754298 10.239372
endloop
endfacet
facet normal 0 0 0
outer loop
vertex 11.804615 0.775052 10.259372
vertex 11.825090 0.775052 10.259372
vertex 11.804615 0.754298 10.239372
endloop
endfacet
facet normal 0 0 0
outer loop
vertex 11.825090 0.754298 10.239372
vertex 11.845566 0.775052 10.259372
vertex 11.845566 0.754298 10.239372
endloop
endfacet
facet normal 0 0 0
outer loop
vertex 11.825090 0.775052 10.259372
vertex 11.845566 0.775052 10.259372
vertex 11.825090 0.754298 10.239372
endloop
endfacet
facet normal 0 0 0
outer loop
vertex 11.845566 0.754298 10.239372
vertex 11.866043 0.775052 10.259372
vertex 11.866043 0.754298 10.239372
endloop
endfacet
facet normal 0 0 0
outer loop
vertex 11.845566 0.775052 10.259372
vertex 11.866043 0.775052 10.259372
vertex 11.845566 0.754298 10.239372
endloop
endfacet
facet normal 0 0 0
outer loop
vertex 11.866043 0.754298 10.239372
vertex 11.866043 0.775052 10.259372
vertex 11.886518 0.775052 10.239372
endloop
endfacet
facet normal 0 0 0
outer loop
vertex 12.029848 0.754298 10.239372
vertex 12.009373 0.775052 10.259372
vertex 12.029848 0.754298 10.259372
endloop
endfacet
facet normal 0 0 0
outer loop
vertex 12.009373 0.775052 10.239372
vertex 12.009373 0.775052 10.259372
vertex 12.029848 0.754298 10.239372
endloop
endfacet
facet normal 0 0 0
outer loop
vertex 11.886518 0.775052 10.239372
vertex 11.866043 0.775052 10.259372
vertex 11.886518 0.775052 10.259372
endloop
endfacet
facet normal 0 0 0
outer loop
vertex 11.906994 0.775052 10.239372
vertex 11.886518 0.775052 10.239372
vertex 11.906994 0.775052 10.259372
endloop
endfacet
facet normal 0 0 0
outer loop
vertex 11.886518 0.775052 10.239372
vertex 11.886518 0.775052 10.259372
vertex 11.906994 0.775052 10.259372
endloop
endfacet
facet normal 0 0 0
outer loop
vertex 11.927469 0.775052 10.239372
vertex 11.906994 0.775052 10.239372
vertex 11.927469 0.775052 10.259372
endloop
endfacet
facet normal 0 0 0
outer loop
vertex 11.906994 0.775052 10.239372
vertex 11.906994 0.775052 10.259372
vertex 11.927469 0.775052 10.259372
endloop
endfacet
facet normal 0 0 0
outer loop
vertex 11.947945 0.775052 10.239372
vertex 11.927469 0.775052 10.239372
vertex 11.947945 0.775052 10.259372
endloop
endfacet
facet normal 0 0 0
outer loop
vertex 11.927469 0.775052 10.239372
vertex 11.927469 0.775052 10.259372
vertex 11.947945 0.775052 10.259372
endloop
endfacet
facet normal 0 0 0
outer loop
vertex 11.968422 0.775052 10.239372
vertex 11.947945 0.775052 10.239372
vertex 11.968422 0.775052 10.259372
endloop
endfacet
facet normal 0 0 0
outer loop
vertex 11.947945 0.775052 10.239372
vertex 11.947945 0.775052 10.259372
vertex 11.968422 0.775052 10.259372
endloop
endfacet
facet normal 0 0 0
outer loop
vertex 11.988897 0.775052 10.239372
vertex 11.968422 0.775052 10.239372
vertex 11.988897 0.775052 10.259372
endloop
endfacet
facet normal 0 0 0
outer loop
vertex 11.968422 0.775052 10.239372
vertex 11.968422 0.775052 10.259372
vertex 11.988897 0.775052 10.259372
endloop
endfacet
facet normal 0 0 0
outer loop
vertex 12.009373 0.775052 10.239372
vertex 11.988897 0.775052 10.239372
vertex 12.009373 0.775052 10.259372
endloop
endfacet
facet normal 0 0 0
outer loop
vertex 11.988897 0.775052 10.239372
vertex 11.988897 0.775052 10.259372
vertex 12.009373 0.775052 10.259372
endloop
endfacet
facet normal 0 0 0
outer loop
vertex 11.743187 0.442998 10.279371
vertex 11.722712 0.442998 10.259372
vertex 11.743187 0.442998 10.259372
endloop
endfacet
facet normal 0 0 0
outer loop
vertex 11.763662 0.442998 10.259372
vertex 11.743187 0.442998 10.279371
vertex 11.743187 0.442998 10.259372
endloop
endfacet
facet normal 0 0 0
outer loop
vertex 11.620333 0.463752 10.259372
vertex 11.640808 0.442998 10.259372
vertex 11.640808 0.463752 10.259372
endloop
endfacet
facet normal 0 0 0
outer loop
vertex 11.661283 0.442998 10.259372
vertex 11.661283 0.463752 10.259372
vertex 11.640808 0.442998 10.259372
endloop
endfacet
facet normal 0 0 0
outer loop
vertex 11.661283 0.463752 10.259372
vertex 11.640808 0.463752 10.259372
vertex 11.640808 0.442998 10.259372
endloop
endfacet
facet normal 0 0 0
outer loop
vertex 11.681761 0.463752 10.279371
vertex 11.661283 0.463752 10.259372
vertex 11.681761 0.442998 10.259372
endloop
endfacet
facet normal 0 0 0
outer loop
vertex 11.661283 0.463752 10.259372
vertex 11.661283 0.442998 10.259372
vertex 11.681761 0.442998 10.259372
endloop
endfacet
facet normal 0 0 0
outer loop
vertex 11.702236 0.442998 10.259372
vertex 11.681761 0.463752 10.279371
vertex 11.681761 0.442998 10.259372
endloop
endfacet
facet normal 0 0 0
outer loop
vertex 11.702236 0.463752 10.279371
vertex 11.681761 0.463752 10.279371
vertex 11.702236 0.442998 10.259372
endloop
endfacet
facet normal 0 0 0
outer loop
vertex 11.722712 0.442998 10.259372
vertex 11.702236 0.463752 10.279371
vertex 11.702236 0.442998 10.259372
endloop
endfacet
facet normal 0 0 0
outer loop
vertex 11.722712 0.463752 10.279371
vertex 11.702236 0.463752 10.279371
vertex 11.722712 0.442998 10.259372
endloop
endfacet
facet normal 0 0 0
outer loop
vertex 11.743187 0.442998 10.279371
vertex 11.722712 0.463752 10.279371
vertex 11.722712 0.442998 10.259372
endloop
endfacet
facet normal 0 0 0
outer loop
vertex 11.763662 0.442998 10.259372
vertex 11.763662 0.463752 10.279371
vertex 11.743187 0.442998 10.279371
endloop
endfacet
facet normal 0 0 0
outer loop
vertex 11.784140 0.442998 10.259372
vertex 11.763662 0.463752 10.279371
vertex 11.763662 0.442998 10.259372
endloop
endfacet
facet normal 0 0 0
outer loop
vertex 11.784140 0.463752 10.279371
vertex 11.763662 0.463752 10.279371
vertex 11.784140 0.442998 10.259372
endloop
endfacet
facet normal 0 0 0
outer loop
vertex 11.804615 0.442998 10.259372
vertex 11.784140 0.463752 10.279371
vertex 11.784140 0.442998 10.259372
endloop
endfacet
facet normal 0 0 0
outer loop
vertex 11.804615 0.463752 10.279371
vertex 11.784140 0.463752 10.279371
vertex 11.804615 0.442998 10.259372
endloop
endfacet
facet normal 0 0 0
outer loop
vertex 11.825090 0.442998 10.259372
vertex 11.804615 0.463752 10.279371
vertex 11.804615 0.442998 10.259372
endloop
endfacet
facet normal 0 0 0
outer loop
vertex 11.825090 0.463752 10.279371
vertex 11.804615 0.463752 10.279371
vertex 11.825090 0.442998 10.259372
endloop
endfacet
facet normal 0 0 0
outer loop
vertex 11.825090 0.442998 10.259372
vertex 11.845566 0.463752 10.259372
vertex 11.825090 0.463752 10.279371
endloop
endfacet
facet normal 0 0 0
outer loop
vertex 11.845566 0.463752 10.259372
vertex 11.845566 0.463752 10.279371
vertex 11.825090 0.463752 10.279371
endloop
endfacet
facet normal 0 0 0
outer loop
vertex 11.866043 0.463752 10.259372
vertex 11.845566 0.463752 10.279371
vertex 11.845566 0.463752 10.259372
endloop
endfacet
facet normal 0 0 0
outer loop
vertex 11.579380 0.484505 10.259372
vertex 11.599857 0.463752 10.259372
vertex 11.599857 0.484505 10.259372
endloop
endfacet
facet normal 0 0 0
outer loop
vertex 11.620333 0.463752 10.259372
vertex 11.620333 0.484505 10.259372
vertex 11.599857 0.463752 10.259372
endloop
endfacet
facet normal 0 0 0
outer loop
vertex 11.620333 0.484505 10.259372
vertex 11.599857 0.484505 10.259372
vertex 11.599857 0.463752 10.259372
endloop
endfacet
facet normal 0 0 0
outer loop
vertex 11.640808 0.484505 10.279371
vertex 11.620333 0.484505 10.259372
vertex 11.640808 0.463752 10.259372
endloop
endfacet
facet normal 0 0 0
outer loop
vertex 11.620333 0.484505 10.259372
vertex 11.620333 0.463752 10.259372
vertex 11.640808 0.463752 10.259372
endloop
endfacet
facet normal 0 0 0
outer loop
vertex 11.661283 0.463752 10.259372
vertex 11.640808 0.484505 10.279371
vertex 11.640808 0.463752 10.259372
endloop
endfacet
facet normal 0 0 0
outer loop
vertex 11.661283 0.484505 10.279371
vertex 11.640808 0.484505 10.279371
vertex 11.661283 0.463752 10.259372
endloop
endfacet
facet normal 0 0 0
outer loop
vertex 11.681761 0.463752 10.279371
vertex 11.661283 0.484505 10.279371
vertex 11.661283 0.463752 10.259372
endloop
endfacet
facet normal 0 0 0
outer loop
vertex 11.866043 0.463752 10.259372
vertex 11.866043 0.484505 10.279371
vertex 11.845566 0.463752 10.279371
endloop
endfacet
facet normal 0 0 0
outer loop
vertex 11.866043 0.463752 10.259372
vertex 11.886518 0.484505 10.259372
vertex 11.866043 0.484505 10.279371
endloop
endfacet
facet normal 0 0 0
outer loop
vertex 11.886518 0.484505 10.259372
vertex 11.886518 0.484505 10.279371
vertex 11.866043 0.484505 10.279371
endloop
endfacet
facet normal 0 0 0
outer loop
vertex 11.906994 0.484505 10.259372
vertex 11.906994 0.484505 10.279371
vertex 11.886518 0.484505 10.259372
endloop
endfacet
facet normal 0 0 0
outer loop
vertex 11.886518 0.484505 10.259372
vertex 11.906994 0.484505 10.279371
vertex 11.886518 0.484505 10.279371
endloop
endfacet
facet normal 0 0 0
outer loop
vertex 11.599857 0.484505 10.259372
vertex 11.599857 0.505259 10.259372
vertex 11.579380 0.484505 10.259372
endloop
endfacet
facet normal 0 0 0
outer loop
vertex 11.599857 0.505259 10.259372
vertex 11.579380 0.505259 10.259372
vertex 11.579380 0.484505 10.259372
endloop
endfacet
facet normal 0 0 0
outer loop
vertex 11.620333 0.505259 10.279371
vertex 11.599857 0.505259 10.259372
vertex 11.620333 0.484505 10.259372
endloop
endfacet
facet normal 0 0 0
outer loop
vertex 11.599857 0.505259 10.259372
vertex 11.599857 0.484505 10.259372
vertex 11.620333 0.484505 10.259372
endloop
endfacet
facet normal 0 0 0
outer loop
vertex 11.640808 0.484505 10.279371
vertex 11.620333 0.505259 10.279371
vertex 11.620333 0.484505 10.259372
endloop
endfacet
facet normal 0 0 0
outer loop
vertex 11.906994 0.484505 10.259372
vertex 11.927469 0.505259 10.279371
vertex 11.906994 0.484505 10.279371
endloop
endfacet
facet normal 0 0 0
outer loop
vertex 11.927469 0.505259 10.259372
vertex 11.927469 0.505259 10.279371
vertex 11.906994 0.484505 10.259372
endloop
endfacet
facet normal 0 0 0
outer loop
vertex 11.599857 0.505259 10.259372
vertex 11.599857 0.526012 10.259372
vertex 11.579380 0.505259 10.259372
endloop
endfacet
facet normal 0 0 0
outer loop
vertex 11.599857 0.526012 10.259372
vertex 11.579380 0.526012 10.259372
vertex 11.579380 0.505259 10.259372
endloop
endfacet
facet normal 0 0 0
outer loop
vertex 11.620333 0.526012 10.279371
vertex 11.599857 0.505259 10.259372
vertex 11.620333 0.505259 10.279371
endloop
endfacet
facet normal 0 0 0
outer loop
vertex 11.599857 0.526012 10.259372
vertex 11.599857 0.505259 10.259372
vertex 11.620333 0.526012 10.279371
endloop
endfacet
facet normal 0 0 0
outer loop
vertex 11.927469 0.505259 10.259372
vertex 11.947945 0.526012 10.279371
vertex 11.927469 0.505259 10.279371
endloop
endfacet
facet normal 0 0 0
outer loop
vertex 11.947945 0.526012 10.259372
vertex 11.947945 0.526012 10.279371
vertex 11.927469 0.505259 10.259372
endloop
endfacet
facet normal 0 0 0
outer loop
vertex 11.968422 0.526012 10.259372
vertex 11.947945 0.526012 10.279371
vertex 11.947945 0.526012 10.259372
endloop
endfacet
facet normal 0 0 0
outer loop
vertex 11.599857 0.526012 10.259372
vertex 11.599857 0.546765 10.259372
vertex 11.579380 0.526012 10.259372
endloop
endfacet
facet normal 0 0 0
outer loop
vertex 11.599857 0.546765 10.259372
vertex 11.579380 0.546765 10.259372
vertex 11.579380 0.526012 10.259372
endloop
endfacet
facet normal 0 0 0
outer loop
vertex 11.620333 0.546765 10.279371
vertex 11.599857 0.526012 10.259372
vertex 11.620333 0.526012 10.279371
endloop
endfacet
facet normal 0 0 0
outer loop
vertex 11.599857 0.546765 10.259372
vertex 11.599857 0.526012 10.259372
vertex 11.620333 0.546765 10.279371
endloop
endfacet
facet normal 0 0 0
outer loop
vertex 11.968422 0.526012 10.259372
vertex 11.968422 0.546765 10.279371
vertex 11.947945 0.526012 10.279371
endloop
endfacet
facet normal 0 0 0
outer loop
vertex 11.968422 0.526012 10.259372
vertex 11.988897 0.546765 10.259372
vertex 11.968422 0.546765 10.279371
endloop
endfacet
facet normal 0 0 0
outer loop
vertex 11.988897 0.546765 10.259372
vertex 11.988897 0.546765 10.279371
vertex 11.968422 0.546765 10.279371
endloop
endfacet
facet normal 0 0 0
outer loop
vertex 11.599857 0.546765 10.259372
vertex 11.599857 0.567518 10.259372
vertex 11.579380 0.546765 10.259372
endloop
endfacet
facet normal 0 0 0
outer loop
vertex 11.599857 0.567518 10.259372
vertex 11.579380 0.567518 10.259372
vertex 11.579380 0.546765 10.259372
endloop
endfacet
facet normal 0 0 0
outer loop
vertex 11.620333 0.567518 10.279371
vertex 11.599857 0.546765 10.259372
vertex 11.620333 0.546765 10.279371
endloop
endfacet
facet normal 0 0 0
outer loop
vertex 11.599857 0.567518 10.259372
vertex 11.599857 0.546765 10.259372
vertex 11.620333 0.567518 10.279371
endloop
endfacet
facet normal 0 0 0
outer loop
vertex 11.988897 0.546765 10.259372
vertex 12.009373 0.567518 10.279371
vertex 11.988897 0.546765 10.279371
endloop
endfacet
facet normal 0 0 0
outer loop
vertex 12.009373 0.567518 10.259372
vertex 12.009373 0.567518 10.279371
vertex 11.988897 0.546765 10.259372
endloop
endfacet
facet normal 0 0 0
outer loop
vertex 11.599857 0.588272 10.259372
vertex 11.579380 0.567518 10.259372
vertex 11.599857 0.567518 10.259372
endloop
endfacet
facet normal 0 0 0
outer loop
vertex 11.620333 0.588272 10.279371
vertex 11.599857 0.567518 10.259372
vertex 11.620333 0.567518 10.279371
endloop
endfacet
facet normal 0 0 0
outer loop
vertex 11.599857 0.588272 10.259372
vertex 11.599857 0.567518 10.259372
vertex 11.620333 0.588272 10.279371
endloop
endfacet
facet normal 0 0 0
outer loop
vertex 12.009373 0.567518 10.259372
vertex 12.029848 0.588272 10.279371
vertex 12.009373 0.567518 10.279371
endloop
endfacet
facet normal 0 0 0
outer loop
vertex 12.029848 0.588272 10.259372
vertex 12.029848 0.588272 10.279371
vertex 12.009373 0.567518 10.259372
endloop
endfacet
facet normal 0 0 0
outer loop
vertex 11.620333 0.588272 10.279371
vertex 11.620333 0.609025 10.259372
vertex 11.599857 0.588272 10.259372
endloop
endfacet
facet normal 0 0 0
outer loop
vertex 11.620333 0.609025 10.259372
vertex 11.599857 0.609025 10.259372
vertex 11.599857 0.588272 10.259372
endloop
endfacet
facet normal 0 0 0
outer loop
vertex 11.620333 0.588272 10.279371
vertex 11.640808 0.609025 10.279371
vertex 11.620333 0.609025 10.259372
endloop
endfacet
facet normal 0 0 0
outer loop
vertex 12.050323 0.609025 10.279371
vertex 12.029848 0.588272 10.279371
vertex 12.029848 0.609025 10.259372
endloop
endfacet
facet normal 0 0 0
outer loop
vertex 12.029848 0.588272 10.279371
vertex 12.029848 0.588272 10.259372
vertex 12.029848 0.609025 10.259372
endloop
endfacet
facet normal 0 0 0
outer loop
vertex 11.620333 0.629778 10.259372
vertex 11.599857 0.609025 10.259372
vertex 11.620333 0.609025 10.259372
endloop
endfacet
facet normal 0 0 0
outer loop
vertex 11.640808 0.629778 10.279371
vertex 11.620333 0.609025 10.259372
vertex 11.640808 0.609025 10.279371
endloop
endfacet
facet normal 0 0 0
outer loop
vertex 11.620333 0.629778 10.259372
vertex 11.620333 0.609025 10.259372
vertex 11.640808 0.629778 10.279371
endloop
endfacet
facet normal 0 0 0
outer loop
vertex 12.029848 0.609025 10.259372
vertex 12.050323 0.629778 10.259372
vertex 12.050323 0.609025 10.279371
endloop
endfacet
facet normal 0 0 0
outer loop
vertex 12.050323 0.629778 10.259372
vertex 12.070801 0.629778 10.279371
vertex 12.050323 0.609025 10.279371
endloop
endfacet
facet normal 0 0 0
outer loop
vertex 11.620333 0.629778 10.259372
vertex 11.640808 0.629778 10.279371
vertex 11.640808 0.650532 10.259372
endloop
endfacet
facet normal 0 0 0
outer loop
vertex 11.640808 0.629778 10.279371
vertex 11.661283 0.650532 10.279371
vertex 11.640808 0.650532 10.259372
endloop
endfacet
facet normal 0 0 0
outer loop
vertex 12.070801 0.629778 10.279371
vertex 12.050323 0.650532 10.259372
vertex 12.070801 0.650532 10.279371
endloop
endfacet
facet normal 0 0 0
outer loop
vertex 12.050323 0.629778 10.259372
vertex 12.050323 0.650532 10.259372
vertex 12.070801 0.629778 10.279371
endloop
endfacet
facet normal 0 0 0
outer loop
vertex 11.661283 0.671285 10.279371
vertex 11.640808 0.650532 10.259372
vertex 11.661283 0.650532 10.279371
endloop
endfacet
facet normal 0 0 0
outer loop
vertex 11.640808 0.671285 10.259372
vertex 11.640808 0.650532 10.259372
vertex 11.661283 0.671285 10.279371
endloop
endfacet
facet normal 0 0 0
outer loop
vertex 12.050323 0.650532 10.259372
vertex 12.070801 0.671285 10.259372
vertex 12.070801 0.650532 10.279371
endloop
endfacet
facet normal 0 0 0
outer loop
vertex 12.070801 0.671285 10.259372
vertex 12.091276 0.671285 10.279371
vertex 12.070801 0.650532 10.279371
endloop
endfacet
facet normal 0 0 0
outer loop
vertex 11.640808 0.671285 10.259372
vertex 11.661283 0.671285 10.279371
vertex 11.661283 0.692038 10.259372
endloop
endfacet
facet normal 0 0 0
outer loop
vertex 11.661283 0.671285 10.279371
vertex 11.681761 0.692038 10.279371
vertex 11.661283 0.692038 10.259372
endloop
endfacet
facet normal 0 0 0
outer loop
vertex 12.091276 0.671285 10.279371
vertex 12.070801 0.692038 10.259372
vertex 12.091276 0.692038 10.279371
endloop
endfacet
facet normal 0 0 0
outer loop
vertex 12.070801 0.671285 10.259372
vertex 12.070801 0.692038 10.259372
vertex 12.091276 0.671285 10.279371
endloop
endfacet
facet normal 0 0 0
outer loop
vertex 11.661283 0.692038 10.259372
vertex 11.681761 0.692038 10.279371
vertex 11.681761 0.712792 10.259372
endloop
endfacet
facet normal 0 0 0
outer loop
vertex 11.681761 0.692038 10.279371
vertex 11.702236 0.712792 10.279371
vertex 11.681761 0.712792 10.259372
endloop
endfacet
facet normal 0 0 0
outer loop
vertex 12.070801 0.692038 10.259372
vertex 12.050323 0.712792 10.259372
vertex 12.070801 0.712792 10.279371
endloop
endfacet
facet normal 0 0 0
outer loop
vertex 12.070801 0.692038 10.259372
vertex 12.070801 0.712792 10.279371
vertex 12.091276 0.692038 10.279371
endloop
endfacet
facet normal 0 0 0
outer loop
vertex 12.070801 0.712792 10.279371
vertex 12.091276 0.712792 10.279371
vertex 12.091276 0.692038 10.279371
endloop
endfacet
facet normal 0 0 0
outer loop
vertex 11.681761 0.712792 10.259372
vertex 11.702236 0.712792 10.279371
vertex 11.702236 0.712792 10.259372
endloop
endfacet
facet normal 0 0 0
outer loop
vertex 11.702236 0.712792 10.279371
vertex 11.722712 0.733545 10.259372
vertex 11.702236 0.712792 10.259372
endloop
endfacet
facet normal 0 0 0
outer loop
vertex 11.722712 0.733545 10.279371
vertex 11.722712 0.733545 10.259372
vertex 11.702236 0.712792 10.279371
endloop
endfacet
facet normal 0 0 0
outer loop
vertex 12.070801 0.712792 10.279371
vertex 12.050323 0.733545 10.259372
vertex 12.070801 0.733545 10.279371
endloop
endfacet
facet normal 0 0 0
outer loop
vertex 12.050323 0.712792 10.259372
vertex 12.050323 0.733545 10.259372
vertex 12.070801 0.712792 10.279371
endloop
endfacet
facet normal 0 0 0
outer loop
vertex 12.091276 0.712792 10.279371
vertex 12.070801 0.712792 10.279371
vertex 12.091276 0.733545 10.279371
endloop
endfacet
facet normal 0 0 0
outer loop
vertex 12.091276 0.733545 10.279371
vertex 12.070801 0.712792 10.279371
vertex 12.070801 0.733545 10.279371
endloop
endfacet
facet normal 0 0 0
outer loop
vertex 11.722712 0.733545 10.279371
vertex 11.743187 0.754298 10.259372
vertex 11.722712 0.733545 10.259372
endloop
endfacet
facet normal 0 0 0
outer loop
vertex 11.743187 0.754298 10.279371
vertex 11.743187 0.754298 10.259372
vertex 11.722712 0.733545 10.279371
endloop
endfacet
facet normal 0 0 0
outer loop
vertex 12.050323 0.733545 10.259372
vertex 12.029848 0.754298 10.259372
vertex 12.050323 0.754298 10.279371
endloop
endfacet
facet normal 0 0 0
outer loop
vertex 12.050323 0.733545 10.259372
vertex 12.050323 0.754298 10.279371
vertex 12.070801 0.733545 10.279371
endloop
endfacet
facet normal 0 0 0
outer loop
vertex 12.050323 0.754298 10.279371
vertex 12.070801 0.754298 10.279371
vertex 12.070801 0.733545 10.279371
endloop
endfacet
facet normal 0 0 0
outer loop
vertex 12.070801 0.754298 10.279371
vertex 12.091276 0.733545 10.279371
vertex 12.070801 0.733545 10.279371
endloop
endfacet
facet normal 0 0 0
outer loop
vertex 11.763662 0.754298 10.259372
vertex 11.743187 0.754298 10.259372
vertex 11.763662 0.754298 10.279371
endloop
endfacet
facet normal 0 0 0
outer loop
vertex 11.743187 0.754298 10.259372
vertex 11.743187 0.754298 10.279371
vertex 11.763662 0.754298 10.279371
endloop
endfacet
facet normal 0 0 0
outer loop
vertex 11.763662 0.754298 10.279371
vertex 11.784140 0.775052 10.259372
vertex 11.763662 0.754298 10.259372
endloop
endfacet
facet normal 0 0 0
outer loop
vertex 11.784140 0.775052 10.279371
vertex 11.784140 0.775052 10.259372
vertex 11.763662 0.754298 10.279371
endloop
endfacet
facet normal 0 0 0
outer loop
vertex 12.029848 0.754298 10.259372
vertex 12.009373 0.775052 10.259372
vertex 12.029848 0.775052 10.279371
endloop
endfacet
facet normal 0 0 0
outer loop
vertex 12.029848 0.754298 10.259372
vertex 12.029848 0.775052 10.279371
vertex 12.050323 0.754298 10.279371
endloop
endfacet
facet normal 0 0 0
outer loop
vertex 12.029848 0.775052 10.279371
vertex 12.050323 0.775052 10.279371
vertex 12.050323 0.754298 10.279371
endloop
endfacet
facet normal 0 0 0
outer loop
vertex 12.050323 0.775052 10.279371
vertex 12.070801 0.754298 10.279371
vertex 12.050323 0.754298 10.279371
endloop
endfacet
facet normal 0 0 0
outer loop
vertex 11.804615 0.795805 10.279371
vertex 11.804615 0.775052 10.259372
vertex 11.784140 0.775052 10.279371
endloop
endfacet
facet normal 0 0 0
outer loop
vertex 11.804615 0.775052 10.259372
vertex 11.784140 0.775052 10.259372
vertex 11.784140 0.775052 10.279371
endloop
endfacet
facet normal 0 0 0
outer loop
vertex 11.804615 0.775052 10.259372
vertex 11.825090 0.795805 10.279371
vertex 11.825090 0.775052 10.259372
endloop
endfacet
facet normal 0 0 0
outer loop
vertex 11.804615 0.795805 10.279371
vertex 11.825090 0.795805 10.279371
vertex 11.804615 0.775052 10.259372
endloop
endfacet
facet normal 0 0 0
outer loop
vertex 11.825090 0.775052 10.259372
vertex 11.845566 0.795805 10.279371
vertex 11.845566 0.775052 10.259372
endloop
endfacet
facet normal 0 0 0
outer loop
vertex 11.825090 0.795805 10.279371
vertex 11.845566 0.795805 10.279371
vertex 11.825090 0.775052 10.259372
endloop
endfacet
facet normal 0 0 0
outer loop
vertex 11.845566 0.775052 10.259372
vertex 11.866043 0.795805 10.279371
vertex 11.866043 0.775052 10.259372
endloop
endfacet
facet normal 0 0 0
outer loop
vertex 11.845566 0.795805 10.279371
vertex 11.866043 0.795805 10.279371
vertex 11.845566 0.775052 10.259372
endloop
endfacet
facet normal 0 0 0
outer loop
vertex 11.866043 0.775052 10.259372
vertex 11.886518 0.795805 10.279371
vertex 11.886518 0.775052 10.259372
endloop
endfacet
facet normal 0 0 0
outer loop
vertex 11.866043 0.795805 10.279371
vertex 11.886518 0.795805 10.279371
vertex 11.866043 0.775052 10.259372
endloop
endfacet
facet normal 0 0 0
outer loop
vertex 11.886518 0.775052 10.259372
vertex 11.906994 0.795805 10.279371
vertex 11.906994 0.775052 10.259372
endloop
endfacet
facet normal 0 0 0
outer loop
vertex 11.886518 0.795805 10.279371
vertex 11.906994 0.795805 10.279371
vertex 11.886518 0.775052 10.259372
endloop
endfacet
facet normal 0 0 0
outer loop
vertex 11.906994 0.775052 10.259372
vertex 11.927469 0.795805 10.279371
vertex 11.927469 0.775052 10.259372
endloop
endfacet
facet normal 0 0 0
outer loop
vertex 11.906994 0.795805 10.279371
vertex 11.927469 0.795805 10.279371
vertex 11.906994 0.775052 10.259372
endloop
endfacet
facet normal 0 0 0
outer loop
vertex 11.927469 0.775052 10.259372
vertex 11.947945 0.795805 10.279371
vertex 11.947945 0.775052 10.259372
endloop
endfacet
facet normal 0 0 0
outer loop
vertex 11.927469 0.795805 10.279371
vertex 11.947945 0.795805 10.279371
vertex 11.927469 0.775052 10.259372
endloop
endfacet
facet normal 0 0 0
outer loop
vertex 11.947945 0.775052 10.259372
vertex 11.968422 0.795805 10.279371
vertex 11.968422 0.775052 10.259372
endloop
endfacet
facet normal 0 0 0
outer loop
vertex 11.947945 0.795805 10.279371
vertex 11.968422 0.795805 10.279371
vertex 11.947945 0.775052 10.259372
endloop
endfacet
facet normal 0 0 0
outer loop
vertex 11.968422 0.775052 10.259372
vertex 11.988897 0.795805 10.279371
vertex 11.988897 0.775052 10.259372
endloop
endfacet
facet normal 0 0 0
outer loop
vertex 11.968422 0.795805 10.279371
vertex 11.988897 0.795805 10.279371
vertex 11.968422 0.775052 10.259372
endloop
endfacet
facet normal 0 0 0
outer loop
vertex 11.988897 0.775052 10.259372
vertex 12.009373 0.795805 10.279371
vertex 12.009373 0.775052 10.259372
endloop
endfacet
facet normal 0 0 0
outer loop
vertex 11.988897 0.795805 10.279371
vertex 12.009373 0.795805 10.279371
vertex 11.988897 0.775052 10.259372
endloop
endfacet
facet normal 0 0 0
outer loop
vertex 12.009373 0.775052 10.259372
vertex 12.009373 0.795805 10.279371
vertex 12.029848 0.775052 10.279371
endloop
endfacet
facet normal 0 0 0
outer loop
vertex 11.825090 0.795805 10.279371
vertex 11.845566 0.816558 10.279371
vertex 11.845566 0.795805 10.279371
endloop
endfacet
facet normal 0 0 0
outer loop
vertex 11.866043 0.795805 10.279371
vertex 11.845566 0.795805 10.279371
vertex 11.866043 0.816558 10.279371
endloop
endfacet
facet normal 0 0 0
outer loop
vertex 11.866043 0.816558 10.279371
vertex 11.845566 0.795805 10.279371
vertex 11.845566 0.816558 10.279371
endloop
endfacet
facet normal 0 0 0
outer loop
vertex 11.886518 0.795805 10.279371
vertex 11.866043 0.795805 10.279371
vertex 11.886518 0.816558 10.279371
endloop
endfacet
facet normal 0 0 0
outer loop
vertex 11.886518 0.816558 10.279371
vertex 11.866043 0.795805 10.279371
vertex 11.866043 0.816558 10.279371
endloop
endfacet
facet normal 0 0 0
outer loop
vertex 11.906994 0.795805 10.279371
vertex 11.886518 0.795805 10.279371
vertex 11.906994 0.816558 10.279371
endloop
endfacet
facet normal 0 0 0
outer loop
vertex 11.906994 0.816558 10.279371
vertex 11.886518 0.795805 10.279371
vertex 11.886518 0.816558 10.279371
endloop
endfacet
facet normal 0 0 0
outer loop
vertex 11.927469 0.795805 10.279371
vertex 11.906994 0.795805 10.279371
vertex 11.927469 0.816558 10.279371
endloop
endfacet
facet normal 0 0 0
outer loop
vertex 11.927469 0.816558 10.279371
vertex 11.906994 0.795805 10.279371
vertex 11.906994 0.816558 10.279371
endloop
endfacet
facet normal 0 0 0
outer loop
vertex 11.947945 0.795805 10.279371
vertex 11.927469 0.795805 10.279371
vertex 11.947945 0.816558 10.279371
endloop
endfacet
facet normal 0 0 0
outer loop
vertex 11.947945 0.816558 10.279371
vertex 11.927469 0.795805 10.279371
vertex 11.927469 0.816558 10.279371
endloop
endfacet
facet normal 0 0 0
outer loop
vertex 11.968422 0.795805 10.279371
vertex 11.947945 0.795805 10.279371
vertex 11.968422 0.816558 10.279371
endloop
endfacet
facet normal 0 0 0
outer loop
vertex 11.968422 0.816558 10.279371
vertex 11.947945 0.795805 10.279371
vertex 11.947945 0.816558 10.279371
endloop
endfacet
facet normal 0 0 0
outer loop
vertex 11.988897 0.795805 10.279371
vertex 11.968422 0.795805 10.279371
vertex 11.988897 0.816558 10.279371
endloop
endfacet
facet normal 0 0 0
outer loop
vertex 11.988897 0.816558 10.279371
vertex 11.968422 0.795805 10.279371
vertex 11.968422 0.816558 10.279371
endloop
endfacet
facet normal 0 0 0
outer loop
vertex 11.988897 0.816558 10.279371
vertex 12.009373 0.795805 10.279371
vertex 11.988897 0.795805 10.279371
endloop
endfacet
facet normal 0 0 0
outer loop
vertex 11.722712 0.463752 10.299372
vertex 11.702236 0.463752 10.279371
vertex 11.722712 0.463752 10.279371
endloop
endfacet
facet normal 0 0 0
outer loop
vertex 11.743187 0.442998 10.279371
vertex 11.743187 0.463752 10.299372
vertex 11.722712 0.463752 10.279371
endloop
endfacet
facet normal 0 0 0
outer loop
vertex 11.743187 0.463752 10.299372
vertex 11.722712 0.463752 10.299372
vertex 11.722712 0.463752 10.279371
endloop
endfacet
facet normal 0 0 0
outer loop
vertex 11.743187 0.442998 10.279371
vertex 11.763662 0.463752 10.279371
vertex 11.743187 0.463752 10.299372
endloop
endfacet
facet normal 0 0 0
outer loop
vertex 11.763662 0.463752 10.279371
vertex 11.763662 0.463752 10.299372
vertex 11.743187 0.463752 10.299372
endloop
endfacet
facet normal 0 0 0
outer loop
vertex 11.784140 0.463752 10.279371
vertex 11.784140 0.463752 10.299372
vertex 11.763662 0.463752 10.279371
endloop
endfacet
facet normal 0 0 0
outer loop
vertex 11.763662 0.463752 10.279371
vertex 11.784140 0.463752 10.299372
vertex 11.763662 0.463752 10.299372
endloop
endfacet
facet normal 0 0 0
outer loop
vertex 11.804615 0.463752 10.279371
vertex 11.804615 0.463752 10.299372
vertex 11.784140 0.463752 10.279371
endloop
endfacet
facet normal 0 0 0
outer loop
vertex 11.784140 0.463752 10.279371
vertex 11.804615 0.463752 10.299372
vertex 11.784140 0.463752 10.299372
endloop
endfacet
facet normal 0 0 0
outer loop
vertex 11.825090 0.463752 10.279371
vertex 11.825090 0.463752 10.299372
vertex 11.804615 0.463752 10.279371
endloop
endfacet
facet normal 0 0 0
outer loop
vertex 11.804615 0.463752 10.279371
vertex 11.825090 0.463752 10.299372
vertex 11.804615 0.463752 10.299372
endloop
endfacet
facet normal 0 0 0
outer loop
vertex 11.845566 0.463752 10.279371
vertex 11.845566 0.463752 10.299372
vertex 11.825090 0.463752 10.279371
endloop
endfacet
facet normal 0 0 0
outer loop
vertex 11.825090 0.463752 10.279371
vertex 11.845566 0.463752 10.299372
vertex 11.825090 0.463752 10.299372
endloop
endfacet
facet normal 0 0 0
outer loop
vertex 11.681761 0.463752 10.279371
vertex 11.681761 0.484505 10.299372
vertex 11.661283 0.484505 10.279371
endloop
endfacet
facet normal 0 0 0
outer loop
vertex 11.702236 0.463752 10.279371
vertex 11.681761 0.484505 10.299372
vertex 11.681761 0.463752 10.279371
endloop
endfacet
facet normal 0 0 0
outer loop
vertex 11.702236 0.484505 10.299372
vertex 11.681761 0.484505 10.299372
vertex 11.702236 0.463752 10.279371
endloop
endfacet
facet normal 0 0 0
outer loop
vertex 11.722712 0.463752 10.299372
vertex 11.702236 0.484505 10.299372
vertex 11.702236 0.463752 10.279371
endloop
endfacet
facet normal 0 0 0
outer loop
vertex 11.845566 0.463752 10.279371
vertex 11.866043 0.484505 10.299372
vertex 11.845566 0.463752 10.299372
endloop
endfacet
facet normal 0 0 0
outer loop
vertex 11.866043 0.484505 10.279371
vertex 11.866043 0.484505 10.299372
vertex 11.845566 0.463752 10.279371
endloop
endfacet
facet normal 0 0 0
outer loop
vertex 11.886518 0.484505 10.279371
vertex 11.886518 0.484505 10.299372
vertex 11.866043 0.484505 10.279371
endloop
endfacet
facet normal 0 0 0
outer loop
vertex 11.866043 0.484505 10.279371
vertex 11.886518 0.484505 10.299372
vertex 11.866043 0.484505 10.299372
endloop
endfacet
facet normal 0 0 0
outer loop
vertex 11.906994 0.484505 10.279371
vertex 11.906994 0.484505 10.299372
vertex 11.886518 0.484505 10.279371
endloop
endfacet
facet normal 0 0 0
outer loop
vertex 11.886518 0.484505 10.279371
vertex 11.906994 0.484505 10.299372
vertex 11.886518 0.484505 10.299372
endloop
endfacet
facet normal 0 0 0
outer loop
vertex 11.620333 0.505259 10.279371
vertex 11.640808 0.484505 10.279371
vertex 11.640808 0.505259 10.279371
endloop
endfacet
facet normal 0 0 0
outer loop
vertex 11.661283 0.505259 10.299372
vertex 11.640808 0.505259 10.279371
vertex 11.661283 0.484505 10.279371
endloop
endfacet
facet normal 0 0 0
outer loop
vertex 11.640808 0.505259 10.279371
vertex 11.640808 0.484505 10.279371
vertex 11.661283 0.484505 10.279371
endloop
endfacet
facet normal 0 0 0
outer loop
vertex 11.681761 0.484505 10.299372
vertex 11.661283 0.505259 10.299372
vertex 11.661283 0.484505 10.279371
endloop
endfacet
facet normal 0 0 0
outer loop
vertex 11.906994 0.484505 10.279371
vertex 11.927469 0.505259 10.299372
vertex 11.906994 0.484505 10.299372
endloop
endfacet
facet normal 0 0 0
outer loop
vertex 11.927469 0.505259 10.279371
vertex 11.927469 0.505259 10.299372
vertex 11.906994 0.484505 10.279371
endloop
endfacet
facet normal 0 0 0
outer loop
vertex 11.640808 0.526012 10.299372
vertex 11.620333 0.526012 10.279371
vertex 11.640808 0.505259 10.279371
endloop
endfacet
facet normal 0 0 0
outer loop
vertex 11.620333 0.526012 10.279371
vertex 11.620333 0.505259 10.279371
vertex 11.640808 0.505259 10.279371
endloop
endfacet
facet normal 0 0 0
outer loop
vertex 11.661283 0.505259 10.299372
vertex 11.640808 0.526012 10.299372
vertex 11.640808 0.505259 10.279371
endloop
endfacet
facet normal 0 0 0
outer loop
vertex 11.927469 0.505259 10.279371
vertex 11.947945 0.526012 10.299372
vertex 11.927469 0.505259 10.299372
endloop
endfacet
facet normal 0 0 0
outer loop
vertex 11.947945 0.526012 10.279371
vertex 11.947945 0.526012 10.299372
vertex 11.927469 0.505259 10.279371
endloop
endfacet
facet normal 0 0 0
outer loop
vertex 11.947945 0.526012 10.279371
vertex 11.968422 0.526012 10.299372
vertex 11.947945 0.526012 10.299372
endloop
endfacet
facet normal 0 0 0
outer loop
vertex 11.620333 0.526012 10.279371
vertex 11.620333 0.546765 10.299372
vertex 11.620333 0.546765 10.279371
endloop
endfacet
facet normal 0 0 0
outer loop
vertex 11.640808 0.526012 10.299372
vertex 11.620333 0.546765 10.299372
vertex 11.620333 0.526012 10.279371
endloop
endfacet
facet normal 0 0 0
outer loop
vertex 11.947945 0.526012 10.279371
vertex 11.968422 0.546765 10.279371
vertex 11.968422 0.526012 10.299372
endloop
endfacet
facet normal 0 0 0
outer loop
vertex 11.968422 0.526012 10.299372
vertex 11.968422 0.546765 10.279371
vertex 11.988897 0.546765 10.299372
endloop
endfacet
facet normal 0 0 0
outer loop
vertex 11.968422 0.546765 10.279371
vertex 11.988897 0.546765 10.279371
vertex 11.988897 0.546765 10.299372
endloop
endfacet
facet normal 0 0 0
outer loop
vertex 11.620333 0.546765 10.279371
vertex 11.620333 0.546765 10.299372
vertex 11.620333 0.567518 10.279371
endloop
endfacet
facet normal 0 0 0
outer loop
vertex 11.620333 0.546765 10.299372
vertex 11.620333 0.567518 10.299372
vertex 11.620333 0.567518 10.279371
endloop
endfacet
facet normal 0 0 0
outer loop
vertex 11.988897 0.546765 10.279371
vertex 12.009373 0.567518 10.299372
vertex 11.988897 0.546765 10.299372
endloop
endfacet
facet normal 0 0 0
outer loop
vertex 12.009373 0.567518 10.279371
vertex 12.009373 0.567518 10.299372
vertex 11.988897 0.546765 10.279371
endloop
endfacet
facet normal 0 0 0
outer loop
vertex 11.620333 0.567518 10.299372
vertex 11.620333 0.588272 10.279371
vertex 11.620333 0.567518 10.279371
endloop
endfacet
facet normal 0 0 0
outer loop
vertex 11.620333 0.567518 10.299372
vertex 11.640808 0.588272 10.299372
vertex 11.620333 0.588272 10.279371
endloop
endfacet
facet normal 0 0 0
outer loop
vertex 12.009373 0.567518 10.279371
vertex 12.029848 0.588272 10.299372
vertex 12.009373 0.567518 10.299372
endloop
endfacet
facet normal 0 0 0
outer loop
vertex 12.029848 0.588272 10.279371
vertex 12.029848 0.588272 10.299372
vertex 12.009373 0.567518 10.279371
endloop
endfacet
facet normal 0 0 0
outer loop
vertex 11.620333 0.588272 10.279371
vertex 11.640808 0.588272 10.299372
vertex 11.640808 0.609025 10.279371
endloop
endfacet
facet normal 0 0 0
outer loop
vertex 11.640808 0.588272 10.299372
vertex 11.640808 0.609025 10.299372
vertex 11.640808 0.609025 10.279371
endloop
endfacet
facet normal 0 0 0
outer loop
vertex 12.029848 0.588272 10.279371
vertex 12.050323 0.609025 10.299372
vertex 12.029848 0.588272 10.299372
endloop
endfacet
facet normal 0 0 0
outer loop
vertex 12.050323 0.609025 10.279371
vertex 12.050323 0.609025 10.299372
vertex 12.029848 0.588272 10.279371
endloop
endfacet
facet normal 0 0 0
outer loop
vertex 11.640808 0.609025 10.279371
vertex 11.640808 0.609025 10.299372
vertex 11.640808 0.629778 10.279371
endloop
endfacet
facet normal 0 0 0
outer loop
vertex 11.640808 0.609025 10.299372
vertex 11.640808 0.629778 10.299372
vertex 11.640808 0.629778 10.279371
endloop
endfacet
facet normal 0 0 0
outer loop
vertex 12.050323 0.609025 10.279371
vertex 12.070801 0.629778 10.299372
vertex 12.050323 0.609025 10.299372
endloop
endfacet
facet normal 0 0 0
outer loop
vertex 12.070801 0.629778 10.279371
vertex 12.070801 0.629778 10.299372
vertex 12.050323 0.609025 10.279371
endloop
endfacet
facet normal 0 0 0
outer loop
vertex 11.640808 0.629778 10.299372
vertex 11.661283 0.650532 10.279371
vertex 11.640808 0.629778 10.279371
endloop
endfacet
facet normal 0 0 0
outer loop
vertex 11.661283 0.650532 10.299372
vertex 11.661283 0.650532 10.279371
vertex 11.640808 0.629778 10.299372
endloop
endfacet
facet normal 0 0 0
outer loop
vertex 12.091276 0.650532 10.299372
vertex 12.070801 0.629778 10.299372
vertex 12.070801 0.650532 10.279371
endloop
endfacet
facet normal 0 0 0
outer loop
vertex 12.070801 0.629778 10.299372
vertex 12.070801 0.629778 10.279371
vertex 12.070801 0.650532 10.279371
endloop
endfacet
facet normal 0 0 0
outer loop
vertex 11.661283 0.650532 10.279371
vertex 11.661283 0.650532 10.299372
vertex 11.661283 0.671285 10.279371
endloop
endfacet
facet normal 0 0 0
outer loop
vertex 11.661283 0.650532 10.299372
vertex 11.661283 0.671285 10.299372
vertex 11.661283 0.671285 10.279371
endloop
endfacet
facet normal 0 0 0
outer loop
vertex 12.070801 0.650532 10.279371
vertex 12.091276 0.671285 10.279371
vertex 12.091276 0.650532 10.299372
endloop
endfacet
facet normal 0 0 0
outer loop
vertex 12.091276 0.650532 10.299372
vertex 12.091276 0.671285 10.279371
vertex 12.091276 0.671285 10.299372
endloop
endfacet
facet normal 0 0 0
outer loop
vertex 11.661283 0.671285 10.299372
vertex 11.681761 0.692038 10.279371
vertex 11.661283 0.671285 10.279371
endloop
endfacet
facet normal 0 0 0
outer loop
vertex 11.681761 0.692038 10.299372
vertex 11.681761 0.692038 10.279371
vertex 11.661283 0.671285 10.299372
endloop
endfacet
facet normal 0 0 0
outer loop
vertex 12.111752 0.692038 10.299372
vertex 12.091276 0.671285 10.299372
vertex 12.091276 0.692038 10.279371
endloop
endfacet
facet normal 0 0 0
outer loop
vertex 12.091276 0.671285 10.299372
vertex 12.091276 0.671285 10.279371
vertex 12.091276 0.692038 10.279371
endloop
endfacet
facet normal 0 0 0
outer loop
vertex 11.681761 0.692038 10.299372
vertex 11.702236 0.712792 10.279371
vertex 11.681761 0.692038 10.279371
endloop
endfacet
facet normal 0 0 0
outer loop
vertex 11.702236 0.712792 10.299372
vertex 11.702236 0.712792 10.279371
vertex 11.681761 0.692038 10.299372
endloop
endfacet
facet normal 0 0 0
outer loop
vertex 12.111752 0.692038 10.299372
vertex 12.091276 0.712792 10.279371
vertex 12.111752 0.712792 10.299372
endloop
endfacet
facet normal 0 0 0
outer loop
vertex 12.091276 0.692038 10.279371
vertex 12.091276 0.712792 10.279371
vertex 12.111752 0.692038 10.299372
endloop
endfacet
facet normal 0 0 0
outer loop
vertex 11.702236 0.712792 10.299372
vertex 11.722712 0.733545 10.279371
vertex 11.702236 0.712792 10.279371
endloop
endfacet
facet normal 0 0 0
outer loop
vertex 11.722712 0.733545 10.299372
vertex 11.722712 0.733545 10.279371
vertex 11.702236 0.712792 10.299372
endloop
endfacet
facet normal 0 0 0
outer loop
vertex 12.111752 0.712792 10.299372
vertex 12.091276 0.733545 10.279371
vertex 12.111752 0.733545 10.299372
endloop
endfacet
facet normal 0 0 0
outer loop
vertex 12.091276 0.712792 10.279371
vertex 12.091276 0.733545 10.279371
vertex 12.111752 0.712792 10.299372
endloop
endfacet
facet normal 0 0 0
outer loop
vertex 11.722712 0.733545 10.299372
vertex 11.743187 0.754298 10.279371
vertex 11.722712 0.733545 10.279371
endloop
endfacet
facet normal 0 0 0
outer loop
vertex 11.743187 0.754298 10.299372
vertex 11.743187 0.754298 10.279371
vertex 11.722712 0.733545 10.299372
endloop
endfacet
facet normal 0 0 0
outer loop
vertex 12.091276 0.733545 10.279371
vertex 12.070801 0.754298 10.279371
vertex 12.091276 0.754298 10.299372
endloop
endfacet
facet normal 0 0 0
outer loop
vertex 12.091276 0.733545 10.279371
vertex 12.091276 0.754298 10.299372
vertex 12.111752 0.733545 10.299372
endloop
endfacet
facet normal 0 0 0
outer loop
vertex 11.763662 0.754298 10.279371
vertex 11.743187 0.754298 10.279371
vertex 11.763662 0.754298 10.299372
endloop
endfacet
facet normal 0 0 0
outer loop
vertex 11.743187 0.754298 10.279371
vertex 11.743187 0.754298 10.299372
vertex 11.763662 0.754298 10.299372
endloop
endfacet
facet normal 0 0 0
outer loop
vertex 11.763662 0.754298 10.299372
vertex 11.784140 0.775052 10.279371
vertex 11.763662 0.754298 10.279371
endloop
endfacet
facet normal 0 0 0
outer loop
vertex 11.784140 0.775052 10.299372
vertex 11.784140 0.775052 10.279371
vertex 11.763662 0.754298 10.299372
endloop
endfacet
facet normal 0 0 0
outer loop
vertex 12.070801 0.754298 10.279371
vertex 12.050323 0.775052 10.279371
vertex 12.070801 0.775052 10.299372
endloop
endfacet
facet normal 0 0 0
outer loop
vertex 12.070801 0.754298 10.279371
vertex 12.070801 0.775052 10.299372
vertex 12.091276 0.754298 10.299372
endloop
endfacet
facet normal 0 0 0
outer loop
vertex 12.070801 0.775052 10.299372
vertex 12.091276 0.775052 10.299372
vertex 12.091276 0.754298 10.299372
endloop
endfacet
facet normal 0 0 0
outer loop
vertex 11.804615 0.795805 10.279371
vertex 11.784140 0.775052 10.279371
vertex 11.804615 0.775052 10.299372
endloop
endfacet
facet normal 0 0 0
outer loop
vertex 11.784140 0.775052 10.279371
vertex 11.784140 0.775052 10.299372
vertex 11.804615 0.775052 10.299372
endloop
endfacet
facet normal 0 0 0
outer loop
vertex 11.804615 0.775052 10.299372
vertex 11.825090 0.795805 10.299372
vertex 11.804615 0.795805 10.279371
endloop
endfacet
facet normal 0 0 0
outer loop
vertex 12.029848 0.775052 10.279371
vertex 12.009373 0.795805 10.279371
vertex 12.029848 0.795805 10.299372
endloop
endfacet
facet normal 0 0 0
outer loop
vertex 12.029848 0.775052 10.279371
vertex 12.050323 0.795805 10.299372
vertex 12.050323 0.775052 10.279371
endloop
endfacet
facet normal 0 0 0
outer loop
vertex 12.029848 0.795805 10.299372
vertex 12.050323 0.795805 10.299372
vertex 12.029848 0.775052 10.279371
endloop
endfacet
facet normal 0 0 0
outer loop
vertex 12.050323 0.775052 10.279371
vertex 12.050323 0.795805 10.299372
vertex 12.070801 0.775052 10.299372
endloop
endfacet
facet normal 0 0 0
outer loop
vertex 12.050323 0.795805 10.299372
vertex 12.070801 0.795805 10.299372
vertex 12.070801 0.775052 10.299372
endloop
endfacet
facet normal 0 0 0
outer loop
vertex 12.070801 0.795805 10.299372
vertex 12.091276 0.775052 10.299372
vertex 12.070801 0.775052 10.299372
endloop
endfacet
facet normal 0 0 0
outer loop
vertex 11.804615 0.795805 10.279371
vertex 11.825090 0.795805 10.299372
vertex 11.825090 0.795805 10.279371
endloop
endfacet
facet normal 0 0 0
outer loop
vertex 11.845566 0.816558 10.279371
vertex 11.825090 0.795805 10.279371
vertex 11.845566 0.795805 10.299372
endloop
endfacet
facet normal 0 0 0
outer loop
vertex 11.825090 0.795805 10.279371
vertex 11.825090 0.795805 10.299372
vertex 11.845566 0.795805 10.299372
endloop
endfacet
facet normal 0 0 0
outer loop
vertex 11.845566 0.795805 10.299372
vertex 11.866043 0.816558 10.299372
vertex 11.845566 0.816558 10.279371
endloop
endfacet
facet normal 0 0 0
outer loop
vertex 12.009373 0.795805 10.279371
vertex 11.988897 0.816558 10.279371
vertex 12.009373 0.816558 10.299372
endloop
endfacet
facet normal 0 0 0
outer loop
vertex 12.009373 0.795805 10.279371
vertex 12.009373 0.816558 10.299372
vertex 12.029848 0.795805 10.299372
endloop
endfacet
facet normal 0 0 0
outer loop
vertex 12.009373 0.816558 10.299372
vertex 12.029848 0.816558 10.299372
vertex 12.029848 0.795805 10.299372
endloop
endfacet
facet normal 0 0 0
outer loop
vertex 12.029848 0.816558 10.299372
vertex 12.050323 0.795805 10.299372
vertex 12.029848 0.795805 10.299372
endloop
endfacet
facet normal 0 0 0
outer loop
vertex 11.845566 0.816558 10.279371
vertex 11.866043 0.816558 10.299372
vertex 11.866043 0.816558 10.279371
endloop
endfacet
facet normal 0 0 0
outer loop
vertex 11.886518 0.816558 10.279371
vertex 11.866043 0.816558 10.279371
vertex 11.886518 0.816558 10.299372
endloop
endfacet
facet normal 0 0 0
outer loop
vertex 11.866043 0.816558 10.279371
vertex 11.866043 0.816558 10.299372
vertex 11.886518 0.816558 10.299372
endloop
endfacet
facet normal 0 0 0
outer loop
vertex 11.906994 0.816558 10.279371
vertex 11.886518 0.816558 10.279371
vertex 11.906994 0.816558 10.299372
endloop
endfacet
facet normal 0 0 0
outer loop
vertex 11.886518 0.816558 10.279371
vertex 11.886518 0.816558 10.299372
vertex 11.906994 0.816558 10.299372
endloop
endfacet
facet normal 0 0 0
outer loop
vertex 11.927469 0.816558 10.279371
vertex 11.906994 0.816558 10.279371
vertex 11.927469 0.816558 10.299372
endloop
endfacet
facet normal 0 0 0
outer loop
vertex 11.906994 0.816558 10.279371
vertex 11.906994 0.816558 10.299372
vertex 11.927469 0.816558 10.299372
endloop
endfacet
facet normal 0 0 0
outer loop
vertex 11.947945 0.816558 10.279371
vertex 11.927469 0.816558 10.279371
vertex 11.947945 0.816558 10.299372
endloop
endfacet
facet normal 0 0 0
outer loop
vertex 11.927469 0.816558 10.279371
vertex 11.927469 0.816558 10.299372
vertex 11.947945 0.816558 10.299372
endloop
endfacet
facet normal 0 0 0
outer loop
vertex 11.968422 0.816558 10.279371
vertex 11.947945 0.816558 10.279371
vertex 11.968422 0.816558 10.299372
endloop
endfacet
facet normal 0 0 0
outer loop
vertex 11.947945 0.816558 10.279371
vertex 11.947945 0.816558 10.299372
vertex 11.968422 0.816558 10.299372
endloop
endfacet
facet normal 0 0 0
outer loop
vertex 11.988897 0.816558 10.279371
vertex 11.968422 0.816558 10.279371
vertex 11.988897 0.816558 10.299372
endloop
endfacet
facet normal 0 0 0
outer loop
vertex 11.968422 0.816558 10.279371
vertex 11.968422 0.816558 10.299372
vertex 11.988897 0.816558 10.299372
endloop
endfacet
facet normal 0 0 0
outer loop
vertex 12.009373 0.816558 10.299372
vertex 11.988897 0.816558 10.279371
vertex 11.988897 0.816558 10.299372
endloop
endfacet
facet normal 0 0 0
outer loop
vertex 11.702236 0.484505 10.319372
vertex 11.681761 0.484505 10.299372
vertex 11.702236 0.484505 10.299372
endloop
endfacet
facet normal 0 0 0
outer loop
vertex 11.722712 0.463752 10.299372
vertex 11.722712 0.484505 10.319372
vertex 11.702236 0.484505 10.299372
endloop
endfacet
facet normal 0 0 0
outer loop
vertex 11.722712 0.484505 10.319372
vertex 11.702236 0.484505 10.319372
vertex 11.702236 0.484505 10.299372
endloop
endfacet
facet normal 0 0 0
outer loop
vertex 11.743187 0.463752 10.299372
vertex 11.722712 0.484505 10.319372
vertex 11.722712 0.463752 10.299372
endloop
endfacet
facet normal 0 0 0
outer loop
vertex 11.743187 0.484505 10.319372
vertex 11.722712 0.484505 10.319372
vertex 11.743187 0.463752 10.299372
endloop
endfacet
facet normal 0 0 0
outer loop
vertex 11.763662 0.463752 10.299372
vertex 11.743187 0.484505 10.319372
vertex 11.743187 0.463752 10.299372
endloop
endfacet
facet normal 0 0 0
outer loop
vertex 11.763662 0.484505 10.319372
vertex 11.743187 0.484505 10.319372
vertex 11.763662 0.463752 10.299372
endloop
endfacet
facet normal 0 0 0
outer loop
vertex 11.784140 0.463752 10.299372
vertex 11.763662 0.484505 10.319372
vertex 11.763662 0.463752 10.299372
endloop
endfacet
facet normal 0 0 0
outer loop
vertex 11.784140 0.484505 10.319372
vertex 11.763662 0.484505 10.319372
vertex 11.784140 0.463752 10.299372
endloop
endfacet
facet normal 0 0 0
outer loop
vertex 11.804615 0.463752 10.299372
vertex 11.784140 0.484505 10.319372
vertex 11.784140 0.463752 10.299372
endloop
endfacet
facet normal 0 0 0
outer loop
vertex 11.804615 0.484505 10.319372
vertex 11.784140 0.484505 10.319372
vertex 11.804615 0.463752 10.299372
endloop
endfacet
facet normal 0 0 0
outer loop
vertex 11.825090 0.463752 10.299372
vertex 11.804615 0.484505 10.319372
vertex 11.804615 0.463752 10.299372
endloop
endfacet
facet normal 0 0 0
outer loop
vertex 11.825090 0.484505 10.319372
vertex 11.804615 0.484505 10.319372
vertex 11.825090 0.463752 10.299372
endloop
endfacet
facet normal 0 0 0
outer loop
vertex 11.825090 0.484505 10.319372
vertex 11.825090 0.463752 10.299372
vertex 11.845566 0.484505 10.299372
endloop
endfacet
facet normal 0 0 0
outer loop
vertex 11.825090 0.463752 10.299372
vertex 11.845566 0.463752 10.299372
vertex 11.845566 0.484505 10.299372
endloop
endfacet
facet normal 0 0 0
outer loop
vertex 11.845566 0.463752 10.299372
vertex 11.866043 0.484505 10.299372
vertex 11.845566 0.484505 10.299372
endloop
endfacet
facet normal 0 0 0
outer loop
vertex 11.681761 0.484505 10.299372
vertex 11.681761 0.505259 10.319372
vertex 11.661283 0.505259 10.299372
endloop
endfacet
facet normal 0 0 0
outer loop
vertex 11.681761 0.505259 10.319372
vertex 11.661283 0.505259 10.319372
vertex 11.661283 0.505259 10.299372
endloop
endfacet
facet normal 0 0 0
outer loop
vertex 11.702236 0.484505 10.319372
vertex 11.681761 0.505259 10.319372
vertex 11.681761 0.484505 10.299372
endloop
endfacet
facet normal 0 0 0
outer loop
vertex 11.845566 0.484505 10.299372
vertex 11.845566 0.505259 10.319372
vertex 11.825090 0.484505 10.319372
endloop
endfacet
facet normal 0 0 0
outer loop
vertex 11.866043 0.484505 10.299372
vertex 11.845566 0.505259 10.319372
vertex 11.845566 0.484505 10.299372
endloop
endfacet
facet normal 0 0 0
outer loop
vertex 11.866043 0.505259 10.319372
vertex 11.845566 0.505259 10.319372
vertex 11.866043 0.484505 10.299372
endloop
endfacet
facet normal 0 0 0
outer loop
vertex 11.886518 0.484505 10.299372
vertex 11.866043 0.505259 10.319372
vertex 11.866043 0.484505 10.299372
endloop
endfacet
facet normal 0 0 0
outer loop
vertex 11.886518 0.505259 10.319372
vertex 11.866043 0.505259 10.319372
vertex 11.886518 0.484505 10.299372
endloop
endfacet
facet normal 0 0 0
outer loop
vertex 11.886518 0.505259 10.319372
vertex 11.886518 0.484505 10.299372
vertex 11.906994 0.505259 10.299372
endloop
endfacet
facet normal 0 0 0
outer loop
vertex 11.886518 0.484505 10.299372
vertex 11.906994 0.484505 10.299372
vertex 11.906994 0.505259 10.299372
endloop
endfacet
facet normal 0 0 0
outer loop
vertex 11.906994 0.484505 10.299372
vertex 11.927469 0.505259 10.299372
vertex 11.906994 0.505259 10.299372
endloop
endfacet
facet normal 0 0 0
outer loop
vertex 11.661283 0.505259 10.319372
vertex 11.640808 0.526012 10.299372
vertex 11.661283 0.505259 10.299372
endloop
endfacet
facet normal 0 0 0
outer loop
vertex 11.640808 0.526012 10.319372
vertex 11.640808 0.526012 10.299372
vertex 11.661283 0.505259 10.319372
endloop
endfacet
facet normal 0 0 0
outer loop
vertex 11.906994 0.505259 10.299372
vertex 11.906994 0.526012 10.319372
vertex 11.886518 0.505259 10.319372
endloop
endfacet
facet normal 0 0 0
outer loop
vertex 11.927469 0.505259 10.299372
vertex 11.906994 0.526012 10.319372
vertex 11.906994 0.505259 10.299372
endloop
endfacet
facet normal 0 0 0
outer loop
vertex 11.927469 0.526012 10.319372
vertex 11.906994 0.526012 10.319372
vertex 11.927469 0.505259 10.299372
endloop
endfacet
facet normal 0 0 0
outer loop
vertex 11.947945 0.526012 10.299372
vertex 11.927469 0.526012 10.319372
vertex 11.927469 0.505259 10.299372
endloop
endfacet
facet normal 0 0 0
outer loop
vertex 11.640808 0.526012 10.319372
vertex 11.620333 0.546765 10.299372
vertex 11.640808 0.526012 10.299372
endloop
endfacet
facet normal 0 0 0
outer loop
vertex 11.620333 0.546765 10.319372
vertex 11.620333 0.546765 10.299372
vertex 11.640808 0.526012 10.319372
endloop
endfacet
facet normal 0 0 0
outer loop
vertex 11.947945 0.526012 10.299372
vertex 11.947945 0.546765 10.319372
vertex 11.927469 0.526012 10.319372
endloop
endfacet
facet normal 0 0 0
outer loop
vertex 11.968422 0.526012 10.299372
vertex 11.947945 0.546765 10.319372
vertex 11.947945 0.526012 10.299372
endloop
endfacet
facet normal 0 0 0
outer loop
vertex 11.968422 0.546765 10.319372
vertex 11.947945 0.546765 10.319372
vertex 11.968422 0.526012 10.299372
endloop
endfacet
facet normal 0 0 0
outer loop
vertex 11.988897 0.546765 10.299372
vertex 11.968422 0.546765 10.319372
vertex 11.968422 0.526012 10.299372
endloop
endfacet
facet normal 0 0 0
outer loop
vertex 11.620333 0.546765 10.299372
vertex 11.620333 0.546765 10.319372
vertex 11.620333 0.567518 10.299372
endloop
endfacet
facet normal 0 0 0
outer loop
vertex 11.620333 0.546765 10.319372
vertex 11.620333 0.567518 10.319372
vertex 11.620333 0.567518 10.299372
endloop
endfacet
facet normal 0 0 0
outer loop
vertex 11.988897 0.546765 10.299372
vertex 11.988897 0.567518 10.319372
vertex 11.968422 0.546765 10.319372
endloop
endfacet
facet normal 0 0 0
outer loop
vertex 12.009373 0.567518 10.299372
vertex 11.988897 0.567518 10.319372
vertex 11.988897 0.546765 10.299372
endloop
endfacet
facet normal 0 0 0
outer loop
vertex 11.620333 0.588272 10.319372
vertex 11.620333 0.567518 10.299372
vertex 11.620333 0.567518 10.319372
endloop
endfacet
facet normal 0 0 0
outer loop
vertex 11.620333 0.567518 10.299372
vertex 11.620333 0.588272 10.319372
vertex 11.640808 0.588272 10.299372
endloop
endfacet
facet normal 0 0 0
outer loop
vertex 12.009373 0.567518 10.299372
vertex 12.009373 0.588272 10.319372
vertex 11.988897 0.567518 10.319372
endloop
endfacet
facet normal 0 0 0
outer loop
vertex 12.029848 0.588272 10.299372
vertex 12.009373 0.588272 10.319372
vertex 12.009373 0.567518 10.299372
endloop
endfacet
facet normal 0 0 0
outer loop
vertex 11.640808 0.588272 10.299372
vertex 11.620333 0.609025 10.319372
vertex 11.640808 0.609025 10.299372
endloop
endfacet
facet normal 0 0 0
outer loop
vertex 11.620333 0.588272 10.319372
vertex 11.620333 0.609025 10.319372
vertex 11.640808 0.588272 10.299372
endloop
endfacet
facet normal 0 0 0
outer loop
vertex 12.029848 0.588272 10.299372
vertex 12.029848 0.609025 10.319372
vertex 12.009373 0.588272 10.319372
endloop
endfacet
facet normal 0 0 0
outer loop
vertex 12.029848 0.588272 10.299372
vertex 12.050323 0.609025 10.299372
vertex 12.029848 0.609025 10.319372
endloop
endfacet
facet normal 0 0 0
outer loop
vertex 12.050323 0.609025 10.299372
vertex 12.050323 0.609025 10.319372
vertex 12.029848 0.609025 10.319372
endloop
endfacet
facet normal 0 0 0
outer loop
vertex 11.620333 0.609025 10.319372
vertex 11.640808 0.629778 10.319372
vertex 11.640808 0.609025 10.299372
endloop
endfacet
facet normal 0 0 0
outer loop
vertex 11.640808 0.629778 10.319372
vertex 11.640808 0.629778 10.299372
vertex 11.640808 0.609025 10.299372
endloop
endfacet
facet normal 0 0 0
outer loop
vertex 12.050323 0.609025 10.299372
vertex 12.070801 0.629778 10.319372
vertex 12.050323 0.609025 10.319372
endloop
endfacet
facet normal 0 0 0
outer loop
vertex 12.070801 0.629778 10.299372
vertex 12.070801 0.629778 10.319372
vertex 12.050323 0.609025 10.299372
endloop
endfacet
facet normal 0 0 0
outer loop
vertex 11.640808 0.650532 10.319372
vertex 11.640808 0.629778 10.299372
vertex 11.640808 0.629778 10.319372
endloop
endfacet
facet normal 0 0 0
outer loop
vertex 11.640808 0.629778 10.299372
vertex 11.640808 0.650532 10.319372
vertex 11.661283 0.650532 10.299372
endloop
endfacet
facet normal 0 0 0
outer loop
vertex 12.070801 0.629778 10.299372
vertex 12.091276 0.650532 10.319372
vertex 12.070801 0.629778 10.319372
endloop
endfacet
facet normal 0 0 0
outer loop
vertex 12.091276 0.650532 10.299372
vertex 12.091276 0.650532 10.319372
vertex 12.070801 0.629778 10.299372
endloop
endfacet
facet normal 0 0 0
outer loop
vertex 11.661283 0.650532 10.299372
vertex 11.640808 0.671285 10.319372
vertex 11.661283 0.671285 10.299372
endloop
endfacet
facet normal 0 0 0
outer loop
vertex 11.640808 0.650532 10.319372
vertex 11.640808 0.671285 10.319372
vertex 11.661283 0.650532 10.299372
endloop
endfacet
facet normal 0 0 0
outer loop
vertex 12.091276 0.650532 10.299372
vertex 12.091276 0.671285 10.299372
vertex 12.091276 0.650532 10.319372
endloop
endfacet
facet normal 0 0 0
outer loop
vertex 12.091276 0.650532 10.319372
vertex 12.091276 0.671285 10.299372
vertex 12.091276 0.671285 10.319372
endloop
endfacet
facet normal 0 0 0
outer loop
vertex 11.661283 0.671285 10.299372
vertex 11.640808 0.671285 10.319372
vertex 11.661283 0.692038 10.319372
endloop
endfacet
facet normal 0 0 0
outer loop
vertex 11.661283 0.671285 10.299372
vertex 11.661283 0.692038 10.319372
vertex 11.681761 0.692038 10.299372
endloop
endfacet
facet normal 0 0 0
outer loop
vertex 12.111752 0.692038 10.299372
vertex 12.091276 0.692038 10.319372
vertex 12.091276 0.671285 10.299372
endloop
endfacet
facet normal 0 0 0
outer loop
vertex 12.091276 0.692038 10.319372
vertex 12.091276 0.671285 10.319372
vertex 12.091276 0.671285 10.299372
endloop
endfacet
facet normal 0 0 0
outer loop
vertex 11.681761 0.692038 10.299372
vertex 11.661283 0.692038 10.319372
vertex 11.681761 0.712792 10.319372
endloop
endfacet
facet normal 0 0 0
outer loop
vertex 11.681761 0.692038 10.299372
vertex 11.681761 0.712792 10.319372
vertex 11.702236 0.712792 10.299372
endloop
endfacet
facet normal 0 0 0
outer loop
vertex 12.111752 0.692038 10.299372
vertex 12.111752 0.712792 10.319372
vertex 12.091276 0.692038 10.319372
endloop
endfacet
facet normal 0 0 0
outer loop
vertex 12.111752 0.712792 10.319372
vertex 12.111752 0.692038 10.299372
vertex 12.111752 0.712792 10.299372
endloop
endfacet
facet normal 0 0 0
outer loop
vertex 11.702236 0.712792 10.299372
vertex 11.681761 0.712792 10.319372
vertex 11.702236 0.733545 10.319372
endloop
endfacet
facet normal 0 0 0
outer loop
vertex 11.702236 0.712792 10.299372
vertex 11.702236 0.733545 10.319372
vertex 11.722712 0.733545 10.299372
endloop
endfacet
facet normal 0 0 0
outer loop
vertex 12.111752 0.712792 10.299372
vertex 12.111752 0.733545 10.299372
vertex 12.111752 0.712792 10.319372
endloop
endfacet
facet normal 0 0 0
outer loop
vertex 12.111752 0.712792 10.319372
vertex 12.111752 0.733545 10.299372
vertex 12.111752 0.733545 10.319372
endloop
endfacet
facet normal 0 0 0
outer loop
vertex 11.722712 0.733545 10.299372
vertex 11.702236 0.733545 10.319372
vertex 11.722712 0.754298 10.319372
endloop
endfacet
facet normal 0 0 0
outer loop
vertex 11.722712 0.733545 10.299372
vertex 11.722712 0.754298 10.319372
vertex 11.743187 0.754298 10.299372
endloop
endfacet
facet normal 0 0 0
outer loop
vertex 12.111752 0.733545 10.299372
vertex 12.091276 0.754298 10.299372
vertex 12.111752 0.754298 10.319372
endloop
endfacet
facet normal 0 0 0
outer loop
vertex 12.111752 0.733545 10.299372
vertex 12.111752 0.754298 10.319372
vertex 12.111752 0.733545 10.319372
endloop
endfacet
facet normal 0 0 0
outer loop
vertex 11.743187 0.754298 10.299372
vertex 11.722712 0.754298 10.319372
vertex 11.743187 0.775052 10.319372
endloop
endfacet
facet normal 0 0 0
outer loop
vertex 11.743187 0.754298 10.299372
vertex 11.763662 0.775052 10.319372
vertex 11.763662 0.754298 10.299372
endloop
endfacet
facet normal 0 0 0
outer loop
vertex 11.743187 0.775052 10.319372
vertex 11.763662 0.775052 10.319372
vertex 11.743187 0.754298 10.299372
endloop
endfacet
facet normal 0 0 0
outer loop
vertex 11.763662 0.754298 10.299372
vertex 11.763662 0.775052 10.319372
vertex 11.784140 0.775052 10.299372
endloop
endfacet
facet normal 0 0 0
outer loop
vertex 12.111752 0.754298 10.319372
vertex 12.091276 0.775052 10.299372
vertex 12.111752 0.775052 10.319372
endloop
endfacet
facet normal 0 0 0
outer loop
vertex 12.091276 0.754298 10.299372
vertex 12.091276 0.775052 10.299372
vertex 12.111752 0.754298 10.319372
endloop
endfacet
facet normal 0 0 0
outer loop
vertex 11.743187 0.775052 10.319372
vertex 11.763662 0.795805 10.319372
vertex 11.763662 0.775052 10.319372
endloop
endfacet
facet normal 0 0 0
outer loop
vertex 11.784140 0.775052 10.299372
vertex 11.763662 0.775052 10.319372
vertex 11.784140 0.795805 10.319372
endloop
endfacet
facet normal 0 0 0
outer loop
vertex 11.763662 0.775052 10.319372
vertex 11.763662 0.795805 10.319372
vertex 11.784140 0.795805 10.319372
endloop
endfacet
facet normal 0 0 0
outer loop
vertex 11.784140 0.775052 10.299372
vertex 11.804615 0.795805 10.319372
vertex 11.804615 0.775052 10.299372
endloop
endfacet
facet normal 0 0 0
outer loop
vertex 11.784140 0.795805 10.319372
vertex 11.804615 0.795805 10.319372
vertex 11.784140 0.775052 10.299372
endloop
endfacet
facet normal 0 0 0
outer loop
vertex 11.804615 0.775052 10.299372
vertex 11.804615 0.795805 10.319372
vertex 11.825090 0.795805 10.299372
endloop
endfacet
facet normal 0 0 0
outer loop
vertex 12.091276 0.775052 10.299372
vertex 12.070801 0.795805 10.299372
vertex 12.091276 0.795805 10.319372
endloop
endfacet
facet normal 0 0 0
outer loop
vertex 12.091276 0.775052 10.299372
vertex 12.091276 0.795805 10.319372
vertex 12.111752 0.775052 10.319372
endloop
endfacet
facet normal 0 0 0
outer loop
vertex 11.784140 0.795805 10.319372
vertex 11.804615 0.816558 10.319372
vertex 11.804615 0.795805 10.319372
endloop
endfacet
facet normal 0 0 0
outer loop
vertex 11.825090 0.795805 10.299372
vertex 11.804615 0.795805 10.319372
vertex 11.825090 0.816558 10.319372
endloop
endfacet
facet normal 0 0 0
outer loop
vertex 11.804615 0.795805 10.319372
vertex 11.804615 0.816558 10.319372
vertex 11.825090 0.816558 10.319372
endloop
endfacet
facet normal 0 0 0
outer loop
vertex 11.825090 0.795805 10.299372
vertex 11.845566 0.816558 10.319372
vertex 11.845566 0.795805 10.299372
endloop
endfacet
facet normal 0 0 0
outer loop
vertex 11.825090 0.816558 10.319372
vertex 11.845566 0.816558 10.319372
vertex 11.825090 0.795805 10.299372
endloop
endfacet
facet normal 0 0 0
outer loop
vertex 11.845566 0.795805 10.299372
vertex 11.845566 0.816558 10.319372
vertex 11.866043 0.816558 10.299372
endloop
endfacet
facet normal 0 0 0
outer loop
vertex 12.050323 0.795805 10.299372
vertex 12.029848 0.816558 10.299372
vertex 12.050323 0.816558 10.319372
endloop
endfacet
facet normal 0 0 0
outer loop
vertex 12.050323 0.795805 10.299372
vertex 12.070801 0.816558 10.319372
vertex 12.070801 0.795805 10.299372
endloop
endfacet
facet normal 0 0 0
outer loop
vertex 12.050323 0.816558 10.319372
vertex 12.070801 0.816558 10.319372
vertex 12.050323 0.795805 10.299372
endloop
endfacet
facet normal 0 0 0
outer loop
vertex 12.070801 0.795805 10.299372
vertex 12.070801 0.816558 10.319372
vertex 12.091276 0.795805 10.319372
endloop
endfacet
facet normal 0 0 0
outer loop
vertex 11.825090 0.816558 10.319372
vertex 11.845566 0.837312 10.319372
vertex 11.845566 0.816558 10.319372
endloop
endfacet
facet normal 0 0 0
outer loop
vertex 11.866043 0.816558 10.299372
vertex 11.845566 0.816558 10.319372
vertex 11.866043 0.837312 10.319372
endloop
endfacet
facet normal 0 0 0
outer loop
vertex 11.845566 0.816558 10.319372
vertex 11.845566 0.837312 10.319372
vertex 11.866043 0.837312 10.319372
endloop
endfacet
facet normal 0 0 0
outer loop
vertex 11.866043 0.816558 10.299372
vertex 11.886518 0.837312 10.319372
vertex 11.886518 0.816558 10.299372
endloop
endfacet
facet normal 0 0 0
outer loop
vertex 11.866043 0.837312 10.319372
vertex 11.886518 0.837312 10.319372
vertex 11.866043 0.816558 10.299372
endloop
endfacet
facet normal 0 0 0
outer loop
vertex 11.886518 0.816558 10.299372
vertex 11.906994 0.837312 10.319372
vertex 11.906994 0.816558 10.299372
endloop
endfacet
facet normal 0 0 0
outer loop
vertex 11.886518 0.837312 10.319372
vertex 11.906994 0.837312 10.319372
vertex 11.886518 0.816558 10.299372
endloop
endfacet
facet normal 0 0 0
outer loop
vertex 11.906994 0.816558 10.299372
vertex 11.927469 0.837312 10.319372
vertex 11.927469 0.816558 10.299372
endloop
endfacet
facet normal 0 0 0
outer loop
vertex 11.906994 0.837312 10.319372
vertex 11.927469 0.837312 10.319372
vertex 11.906994 0.816558 10.299372
endloop
endfacet
facet normal 0 0 0
outer loop
vertex 11.927469 0.816558 10.299372
vertex 11.947945 0.837312 10.319372
vertex 11.947945 0.816558 10.299372
endloop
endfacet
facet normal 0 0 0
outer loop
vertex 11.927469 0.837312 10.319372
vertex 11.947945 0.837312 10.319372
vertex 11.927469 0.816558 10.299372
endloop
endfacet
facet normal 0 0 0
outer loop
vertex 11.947945 0.816558 10.299372
vertex 11.968422 0.837312 10.319372
vertex 11.968422 0.816558 10.299372
endloop
endfacet
facet normal 0 0 0
outer loop
vertex 11.947945 0.837312 10.319372
vertex 11.968422 0.837312 10.319372
vertex 11.947945 0.816558 10.299372
endloop
endfacet
facet normal 0 0 0
outer loop
vertex 11.968422 0.816558 10.299372
vertex 11.988897 0.837312 10.319372
vertex 11.988897 0.816558 10.299372
endloop
endfacet
facet normal 0 0 0
outer loop
vertex 11.968422 0.837312 10.319372
vertex 11.988897 0.837312 10.319372
vertex 11.968422 0.816558 10.299372
endloop
endfacet
facet normal 0 0 0
outer loop
vertex 11.988897 0.816558 10.299372
vertex 12.009373 0.837312 10.319372
vertex 12.009373 0.816558 10.299372
endloop
endfacet
facet normal 0 0 0
outer loop
vertex 11.988897 0.837312 10.319372
vertex 12.009373 0.837312 10.319372
vertex 11.988897 0.816558 10.299372
endloop
endfacet
facet normal 0 0 0
outer loop
vertex 12.009373 0.816558 10.299372
vertex 12.029848 0.837312 10.319372
vertex 12.029848 0.816558 10.299372
endloop
endfacet
facet normal 0 0 0
outer loop
vertex 12.009373 0.837312 10.319372
vertex 12.029848 0.837312 10.319372
vertex 12.009373 0.816558 10.299372
endloop
endfacet
facet normal 0 0 0
outer loop
vertex 12.029848 0.816558 10.299372
vertex 12.029848 0.837312 10.319372
vertex 12.050323 0.816558 10.319372
endloop
endfacet
facet normal 0 0 0
outer loop
vertex 11.722712 0.484505 10.339372
vertex 11.702236 0.484505 10.319372
vertex 11.722712 0.484505 10.319372
endloop
endfacet
facet normal 0 0 0
outer loop
vertex 11.743187 0.484505 10.319372
vertex 11.743187 0.484505 10.339372
vertex 11.722712 0.484505 10.319372
endloop
endfacet
facet normal 0 0 0
outer loop
vertex 11.722712 0.484505 10.319372
vertex 11.743187 0.484505 10.339372
vertex 11.722712 0.484505 10.339372
endloop
endfacet
facet normal 0 0 0
outer loop
vertex 11.763662 0.484505 10.319372
vertex 11.763662 0.484505 10.339372
vertex 11.743187 0.484505 10.319372
endloop
endfacet
facet normal 0 0 0
outer loop
vertex 11.743187 0.484505 10.319372
vertex 11.763662 0.484505 10.339372
vertex 11.743187 0.484505 10.339372
endloop
endfacet
facet normal 0 0 0
outer loop
vertex 11.784140 0.484505 10.319372
vertex 11.784140 0.484505 10.339372
vertex 11.763662 0.484505 10.319372
endloop
endfacet
facet normal 0 0 0
outer loop
vertex 11.763662 0.484505 10.319372
vertex 11.784140 0.484505 10.339372
vertex 11.763662 0.484505 10.339372
endloop
endfacet
facet normal 0 0 0
outer loop
vertex 11.804615 0.484505 10.319372
vertex 11.804615 0.484505 10.339372
vertex 11.784140 0.484505 10.319372
endloop
endfacet
facet normal 0 0 0
outer loop
vertex 11.784140 0.484505 10.319372
vertex 11.804615 0.484505 10.339372
vertex 11.784140 0.484505 10.339372
endloop
endfacet
facet normal 0 0 0
outer loop
vertex 11.825090 0.484505 10.319372
vertex 11.804615 0.484505 10.339372
vertex 11.804615 0.484505 10.319372
endloop
endfacet
facet normal 0 0 0
outer loop
vertex 11.681761 0.505259 10.319372
vertex 11.681761 0.505259 10.339372
vertex 11.661283 0.505259 10.319372
endloop
endfacet
facet normal 0 0 0
outer loop
vertex 11.661283 0.505259 10.319372
vertex 11.681761 0.505259 10.339372
vertex 11.661283 0.505259 10.339372
endloop
endfacet
facet normal 0 0 0
outer loop
vertex 11.702236 0.484505 10.319372
vertex 11.702236 0.505259 10.339372
vertex 11.681761 0.505259 10.319372
endloop
endfacet
facet normal 0 0 0
outer loop
vertex 11.702236 0.505259 10.339372
vertex 11.681761 0.505259 10.339372
vertex 11.681761 0.505259 10.319372
endloop
endfacet
facet normal 0 0 0
outer loop
vertex 11.722712 0.484505 10.339372
vertex 11.702236 0.505259 10.339372
vertex 11.702236 0.484505 10.319372
endloop
endfacet
facet normal 0 0 0
outer loop
vertex 11.825090 0.484505 10.319372
vertex 11.825090 0.505259 10.339372
vertex 11.804615 0.484505 10.339372
endloop
endfacet
facet normal 0 0 0
outer loop
vertex 11.825090 0.484505 10.319372
vertex 11.845566 0.505259 10.319372
vertex 11.825090 0.505259 10.339372
endloop
endfacet
facet normal 0 0 0
outer loop
vertex 11.845566 0.505259 10.319372
vertex 11.845566 0.505259 10.339372
vertex 11.825090 0.505259 10.339372
endloop
endfacet
facet normal 0 0 0
outer loop
vertex 11.866043 0.505259 10.319372
vertex 11.866043 0.505259 10.339372
vertex 11.845566 0.505259 10.319372
endloop
endfacet
facet normal 0 0 0
outer loop
vertex 11.845566 0.505259 10.319372
vertex 11.866043 0.505259 10.339372
vertex 11.845566 0.505259 10.339372
endloop
endfacet
facet normal 0 0 0
outer loop
vertex 11.886518 0.505259 10.319372
vertex 11.886518 0.505259 10.339372
vertex 11.866043 0.505259 10.319372
endloop
endfacet
facet normal 0 0 0
outer loop
vertex 11.866043 0.505259 10.319372
vertex 11.886518 0.505259 10.339372
vertex 11.866043 0.505259 10.339372
endloop
endfacet
facet normal 0 0 0
outer loop
vertex 11.640808 0.526012 10.319372
vertex 11.661283 0.505259 10.319372
vertex 11.661283 0.526012 10.339372
endloop
endfacet
facet normal 0 0 0
outer loop
vertex 11.661283 0.505259 10.319372
vertex 11.661283 0.505259 10.339372
vertex 11.661283 0.526012 10.339372
endloop
endfacet
facet normal 0 0 0
outer loop
vertex 11.886518 0.505259 10.319372
vertex 11.906994 0.526012 10.339372
vertex 11.886518 0.505259 10.339372
endloop
endfacet
facet normal 0 0 0
outer loop
vertex 11.906994 0.526012 10.319372
vertex 11.906994 0.526012 10.339372
vertex 11.886518 0.505259 10.319372
endloop
endfacet
facet normal 0 0 0
outer loop
vertex 11.927469 0.526012 10.319372
vertex 11.927469 0.526012 10.339372
vertex 11.906994 0.526012 10.319372
endloop
endfacet
facet normal 0 0 0
outer loop
vertex 11.906994 0.526012 10.319372
vertex 11.927469 0.526012 10.339372
vertex 11.906994 0.526012 10.339372
endloop
endfacet
facet normal 0 0 0
outer loop
vertex 11.640808 0.526012 10.319372
vertex 11.640808 0.546765 10.339372
vertex 11.620333 0.546765 10.319372
endloop
endfacet
facet normal 0 0 0
outer loop
vertex 11.661283 0.526012 10.339372
vertex 11.640808 0.546765 10.339372
vertex 11.640808 0.526012 10.319372
endloop
endfacet
facet normal 0 0 0
outer loop
vertex 11.927469 0.526012 10.319372
vertex 11.947945 0.546765 10.339372
vertex 11.927469 0.526012 10.339372
endloop
endfacet
facet normal 0 0 0
outer loop
vertex 11.947945 0.546765 10.319372
vertex 11.947945 0.546765 10.339372
vertex 11.927469 0.526012 10.319372
endloop
endfacet
facet normal 0 0 0
outer loop
vertex 11.968422 0.546765 10.319372
vertex 11.968422 0.546765 10.339372
vertex 11.947945 0.546765 10.319372
endloop
endfacet
facet normal 0 0 0
outer loop
vertex 11.947945 0.546765 10.319372
vertex 11.968422 0.546765 10.339372
vertex 11.947945 0.546765 10.339372
endloop
endfacet
facet normal 0 0 0
outer loop
vertex 11.620333 0.546765 10.319372
vertex 11.620333 0.567518 10.339372
vertex 11.620333 0.567518 10.319372
endloop
endfacet
facet normal 0 0 0
outer loop
vertex 11.640808 0.546765 10.339372
vertex 11.620333 0.567518 10.339372
vertex 11.620333 0.546765 10.319372
endloop
endfacet
facet normal 0 0 0
outer loop
vertex 11.968422 0.546765 10.319372
vertex 11.988897 0.567518 10.339372
vertex 11.968422 0.546765 10.339372
endloop
endfacet
facet normal 0 0 0
outer loop
vertex 11.988897 0.567518 10.319372
vertex 11.988897 0.567518 10.339372
vertex 11.968422 0.546765 10.319372
endloop
endfacet
facet normal 0 0 0
outer loop
vertex 11.620333 0.567518 10.319372
vertex 11.620333 0.567518 10.339372
vertex 11.620333 0.588272 10.319372
endloop
endfacet
facet normal 0 0 0
outer loop
vertex 11.620333 0.567518 10.339372
vertex 11.620333 0.588272 10.339372
vertex 11.620333 0.588272 10.319372
endloop
endfacet
facet normal 0 0 0
outer loop
vertex 11.988897 0.567518 10.319372
vertex 12.009373 0.588272 10.339372
vertex 11.988897 0.567518 10.339372
endloop
endfacet
facet normal 0 0 0
outer loop
vertex 12.009373 0.588272 10.319372
vertex 12.009373 0.588272 10.339372
vertex 11.988897 0.567518 10.319372
endloop
endfacet
facet normal 0 0 0
outer loop
vertex 12.009373 0.588272 10.319372
vertex 12.029848 0.588272 10.339372
vertex 12.009373 0.588272 10.339372
endloop
endfacet
facet normal 0 0 0
outer loop
vertex 11.620333 0.588272 10.319372
vertex 11.620333 0.588272 10.339372
vertex 11.620333 0.609025 10.319372
endloop
endfacet
facet normal 0 0 0
outer loop
vertex 11.620333 0.588272 10.339372
vertex 11.620333 0.609025 10.339372
vertex 11.620333 0.609025 10.319372
endloop
endfacet
facet normal 0 0 0
outer loop
vertex 12.009373 0.588272 10.319372
vertex 12.029848 0.609025 10.319372
vertex 12.029848 0.588272 10.339372
endloop
endfacet
facet normal 0 0 0
outer loop
vertex 12.029848 0.588272 10.339372
vertex 12.029848 0.609025 10.319372
vertex 12.050323 0.609025 10.339372
endloop
endfacet
facet normal 0 0 0
outer loop
vertex 12.029848 0.609025 10.319372
vertex 12.050323 0.609025 10.319372
vertex 12.050323 0.609025 10.339372
endloop
endfacet
facet normal 0 0 0
outer loop
vertex 11.620333 0.609025 10.339372
vertex 11.640808 0.629778 10.319372
vertex 11.620333 0.609025 10.319372
endloop
endfacet
facet normal 0 0 0
outer loop
vertex 11.640808 0.629778 10.339372
vertex 11.640808 0.629778 10.319372
vertex 11.620333 0.609025 10.339372
endloop
endfacet
facet normal 0 0 0
outer loop
vertex 12.050323 0.609025 10.319372
vertex 12.070801 0.629778 10.339372
vertex 12.050323 0.609025 10.339372
endloop
endfacet
facet normal 0 0 0
outer loop
vertex 12.070801 0.629778 10.319372
vertex 12.070801 0.629778 10.339372
vertex 12.050323 0.609025 10.319372
endloop
endfacet
facet normal 0 0 0
outer loop
vertex 11.640808 0.629778 10.319372
vertex 11.640808 0.629778 10.339372
vertex 11.640808 0.650532 10.319372
endloop
endfacet
facet normal 0 0 0
outer loop
vertex 11.640808 0.629778 10.339372
vertex 11.640808 0.650532 10.339372
vertex 11.640808 0.650532 10.319372
endloop
endfacet
facet normal 0 0 0
outer loop
vertex 12.070801 0.629778 10.319372
vertex 12.091276 0.650532 10.339372
vertex 12.070801 0.629778 10.339372
endloop
endfacet
facet normal 0 0 0
outer loop
vertex 12.091276 0.650532 10.319372
vertex 12.091276 0.650532 10.339372
vertex 12.070801 0.629778 10.319372
endloop
endfacet
facet normal 0 0 0
outer loop
vertex 11.640808 0.650532 10.319372
vertex 11.640808 0.650532 10.339372
vertex 11.640808 0.671285 10.319372
endloop
endfacet
facet normal 0 0 0
outer loop
vertex 11.640808 0.650532 10.339372
vertex 11.640808 0.671285 10.339372
vertex 11.640808 0.671285 10.319372
endloop
endfacet
facet normal 0 0 0
outer loop
vertex 12.111752 0.671285 10.339372
vertex 12.091276 0.650532 10.339372
vertex 12.091276 0.671285 10.319372
endloop
endfacet
facet normal 0 0 0
outer loop
vertex 12.091276 0.650532 10.339372
vertex 12.091276 0.650532 10.319372
vertex 12.091276 0.671285 10.319372
endloop
endfacet
facet normal 0 0 0
outer loop
vertex 11.640808 0.671285 10.339372
vertex 11.661283 0.692038 10.319372
vertex 11.640808 0.671285 10.319372
endloop
endfacet
facet normal 0 0 0
outer loop
vertex 11.661283 0.692038 10.339372
vertex 11.661283 0.692038 10.319372
vertex 11.640808 0.671285 10.339372
endloop
endfacet
facet normal 0 0 0
outer loop
vertex 12.111752 0.671285 10.339372
vertex 12.091276 0.692038 10.319372
vertex 12.111752 0.692038 10.339372
endloop
endfacet
facet normal 0 0 0
outer loop
vertex 12.091276 0.671285 10.319372
vertex 12.091276 0.692038 10.319372
vertex 12.111752 0.671285 10.339372
endloop
endfacet
facet normal 0 0 0
outer loop
vertex 11.661283 0.692038 10.339372
vertex 11.681761 0.712792 10.319372
vertex 11.661283 0.692038 10.319372
endloop
endfacet
facet normal 0 0 0
outer loop
vertex 11.681761 0.712792 10.339372
vertex 11.681761 0.712792 10.319372
vertex 11.661283 0.692038 10.339372
endloop
endfacet
facet normal 0 0 0
outer loop
vertex 12.091276 0.692038 10.319372
vertex 12.111752 0.712792 10.319372
vertex 12.111752 0.692038 10.339372
endloop
endfacet
facet normal 0 0 0
outer loop
vertex 12.111752 0.712792 10.319372
vertex 12.132227 0.712792 10.339372
vertex 12.111752 0.692038 10.339372
endloop
endfacet
facet normal 0 0 0
outer loop
vertex 11.681761 0.712792 10.339372
vertex 11.702236 0.733545 10.319372
vertex 11.681761 0.712792 10.319372
endloop
endfacet
facet normal 0 0 0
outer loop
vertex 11.702236 0.733545 10.339372
vertex 11.702236 0.733545 10.319372
vertex 11.681761 0.712792 10.339372
endloop
endfacet
facet normal 0 0 0
outer loop
vertex 12.132227 0.712792 10.339372
vertex 12.111752 0.733545 10.319372
vertex 12.132227 0.733545 10.339372
endloop
endfacet
facet normal 0 0 0
outer loop
vertex 12.111752 0.712792 10.319372
vertex 12.111752 0.733545 10.319372
vertex 12.132227 0.712792 10.339372
endloop
endfacet
facet normal 0 0 0
outer loop
vertex 11.702236 0.733545 10.339372
vertex 11.722712 0.754298 10.319372
vertex 11.702236 0.733545 10.319372
endloop
endfacet
facet normal 0 0 0
outer loop
vertex 11.722712 0.754298 10.339372
vertex 11.722712 0.754298 10.319372
vertex 11.702236 0.733545 10.339372
endloop
endfacet
facet normal 0 0 0
outer loop
vertex 12.132227 0.733545 10.339372
vertex 12.111752 0.754298 10.319372
vertex 12.132227 0.754298 10.339372
endloop
endfacet
facet normal 0 0 0
outer loop
vertex 12.111752 0.733545 10.319372
vertex 12.111752 0.754298 10.319372
vertex 12.132227 0.733545 10.339372
endloop
endfacet
facet normal 0 0 0
outer loop
vertex 11.722712 0.754298 10.339372
vertex 11.743187 0.775052 10.319372
vertex 11.722712 0.754298 10.319372
endloop
endfacet
facet normal 0 0 0
outer loop
vertex 11.743187 0.775052 10.339372
vertex 11.743187 0.775052 10.319372
vertex 11.722712 0.754298 10.339372
endloop
endfacet
facet normal 0 0 0
outer loop
vertex 12.132227 0.754298 10.339372
vertex 12.111752 0.775052 10.319372
vertex 12.132227 0.775052 10.339372
endloop
endfacet
facet normal 0 0 0
outer loop
vertex 12.111752 0.754298 10.319372
vertex 12.111752 0.775052 10.319372
vertex 12.132227 0.754298 10.339372
endloop
endfacet
facet normal 0 0 0
outer loop
vertex 11.743187 0.775052 10.339372
vertex 11.763662 0.795805 10.319372
vertex 11.743187 0.775052 10.319372
endloop
endfacet
facet normal 0 0 0
outer loop
vertex 11.763662 0.795805 10.339372
vertex 11.763662 0.795805 10.319372
vertex 11.743187 0.775052 10.339372
endloop
endfacet
facet normal 0 0 0
outer loop
vertex 12.111752 0.775052 10.319372
vertex 12.091276 0.795805 10.319372
vertex 12.111752 0.795805 10.339372
endloop
endfacet
facet normal 0 0 0
outer loop
vertex 12.111752 0.775052 10.319372
vertex 12.111752 0.795805 10.339372
vertex 12.132227 0.775052 10.339372
endloop
endfacet
facet normal 0 0 0
outer loop
vertex 12.111752 0.795805 10.339372
vertex 12.132227 0.795805 10.339372
vertex 12.132227 0.775052 10.339372
endloop
endfacet
facet normal 0 0 0
outer loop
vertex 11.784140 0.795805 10.319372
vertex 11.763662 0.795805 10.319372
vertex 11.784140 0.795805 10.339372
endloop
endfacet
facet normal 0 0 0
outer loop
vertex 11.763662 0.795805 10.319372
vertex 11.763662 0.795805 10.339372
vertex 11.784140 0.795805 10.339372
endloop
endfacet
facet normal 0 0 0
outer loop
vertex 11.784140 0.795805 10.339372
vertex 11.804615 0.816558 10.319372
vertex 11.784140 0.795805 10.319372
endloop
endfacet
facet normal 0 0 0
outer loop
vertex 11.804615 0.816558 10.339372
vertex 11.804615 0.816558 10.319372
vertex 11.784140 0.795805 10.339372
endloop
endfacet
facet normal 0 0 0
outer loop
vertex 12.091276 0.795805 10.319372
vertex 12.070801 0.816558 10.319372
vertex 12.091276 0.816558 10.339372
endloop
endfacet
facet normal 0 0 0
outer loop
vertex 12.091276 0.795805 10.319372
vertex 12.091276 0.816558 10.339372
vertex 12.111752 0.795805 10.339372
endloop
endfacet
facet normal 0 0 0
outer loop
vertex 12.091276 0.816558 10.339372
vertex 12.111752 0.816558 10.339372
vertex 12.111752 0.795805 10.339372
endloop
endfacet
facet normal 0 0 0
outer loop
vertex 12.111752 0.816558 10.339372
vertex 12.132227 0.795805 10.339372
vertex 12.111752 0.795805 10.339372
endloop
endfacet
facet normal 0 0 0
outer loop
vertex 11.825090 0.816558 10.319372
vertex 11.804615 0.816558 10.319372
vertex 11.825090 0.816558 10.339372
endloop
endfacet
facet normal 0 0 0
outer loop
vertex 11.804615 0.816558 10.319372
vertex 11.804615 0.816558 10.339372
vertex 11.825090 0.816558 10.339372
endloop
endfacet
facet normal 0 0 0
outer loop
vertex 11.825090 0.816558 10.339372
vertex 11.845566 0.837312 10.319372
vertex 11.825090 0.816558 10.319372
endloop
endfacet
facet normal 0 0 0
outer loop
vertex 11.845566 0.837312 10.339372
vertex 11.845566 0.837312 10.319372
vertex 11.825090 0.816558 10.339372
endloop
endfacet
facet normal 0 0 0
outer loop
vertex 12.050323 0.816558 10.319372
vertex 12.029848 0.837312 10.319372
vertex 12.050323 0.837312 10.339372
endloop
endfacet
facet normal 0 0 0
outer loop
vertex 12.050323 0.816558 10.319372
vertex 12.070801 0.837312 10.339372
vertex 12.070801 0.816558 10.319372
endloop
endfacet
facet normal 0 0 0
outer loop
vertex 12.050323 0.837312 10.339372
vertex 12.070801 0.837312 10.339372
vertex 12.050323 0.816558 10.319372
endloop
endfacet
facet normal 0 0 0
outer loop
vertex 12.070801 0.816558 10.319372
vertex 12.070801 0.837312 10.339372
vertex 12.091276 0.816558 10.339372
endloop
endfacet
facet normal 0 0 0
outer loop
vertex 12.070801 0.837312 10.339372
vertex 12.091276 0.837312 10.339372
vertex 12.091276 0.816558 10.339372
endloop
endfacet
facet normal 0 0 0
outer loop
vertex 12.091276 0.837312 10.339372
vertex 12.111752 0.816558 10.339372
vertex 12.091276 0.816558 10.339372
endloop
endfacet
facet normal 0 0 0
outer loop
vertex 11.866043 0.837312 10.319372
vertex 11.845566 0.837312 10.319372
vertex 11.866043 0.837312 10.339372
endloop
endfacet
facet normal 0 0 0
outer loop
vertex 11.845566 0.837312 10.319372
vertex 11.845566 0.837312 10.339372
vertex 11.866043 0.837312 10.339372
endloop
endfacet
facet normal 0 0 0
outer loop
vertex 11.886518 0.837312 10.319372
vertex 11.866043 0.837312 10.319372
vertex 11.886518 0.837312 10.339372
endloop
endfacet
facet normal 0 0 0
outer loop
vertex 11.866043 0.837312 10.319372
vertex 11.866043 0.837312 10.339372
vertex 11.886518 0.837312 10.339372
endloop
endfacet
facet normal 0 0 0
outer loop
vertex 11.906994 0.837312 10.319372
vertex 11.886518 0.837312 10.319372
vertex 11.906994 0.837312 10.339372
endloop
endfacet
facet normal 0 0 0
outer loop
vertex 11.886518 0.837312 10.319372
vertex 11.886518 0.837312 10.339372
vertex 11.906994 0.837312 10.339372
endloop
endfacet
facet normal 0 0 0
outer loop
vertex 11.927469 0.858065 10.339372
vertex 11.927469 0.837312 10.319372
vertex 11.906994 0.837312 10.339372
endloop
endfacet
facet normal 0 0 0
outer loop
vertex 11.927469 0.837312 10.319372
vertex 11.906994 0.837312 10.319372
vertex 11.906994 0.837312 10.339372
endloop
endfacet
facet normal 0 0 0
outer loop
vertex 11.927469 0.837312 10.319372
vertex 11.947945 0.858065 10.339372
vertex 11.947945 0.837312 10.319372
endloop
endfacet
facet normal 0 0 0
outer loop
vertex 11.927469 0.858065 10.339372
vertex 11.947945 0.858065 10.339372
vertex 11.927469 0.837312 10.319372
endloop
endfacet
facet normal 0 0 0
outer loop
vertex 11.947945 0.837312 10.319372
vertex 11.968422 0.858065 10.339372
vertex 11.968422 0.837312 10.319372
endloop
endfacet
facet normal 0 0 0
outer loop
vertex 11.947945 0.858065 10.339372
vertex 11.968422 0.858065 10.339372
vertex 11.947945 0.837312 10.319372
endloop
endfacet
facet normal 0 0 0
outer loop
vertex 11.968422 0.837312 10.319372
vertex 11.988897 0.858065 10.339372
vertex 11.988897 0.837312 10.319372
endloop
endfacet
facet normal 0 0 0
outer loop
vertex 11.968422 0.858065 10.339372
vertex 11.988897 0.858065 10.339372
vertex 11.968422 0.837312 10.319372
endloop
endfacet
facet normal 0 0 0
outer loop
vertex 11.988897 0.837312 10.319372
vertex 12.009373 0.858065 10.339372
vertex 12.009373 0.837312 10.319372
endloop
endfacet
facet normal 0 0 0
outer loop
vertex 11.988897 0.858065 10.339372
vertex 12.009373 0.858065 10.339372
vertex 11.988897 0.837312 10.319372
endloop
endfacet
facet normal 0 0 0
outer loop
vertex 12.009373 0.837312 10.319372
vertex 12.029848 0.858065 10.339372
vertex 12.029848 0.837312 10.319372
endloop
endfacet
facet normal 0 0 0
outer loop
vertex 12.009373 0.858065 10.339372
vertex 12.029848 0.858065 10.339372
vertex 12.009373 0.837312 10.319372
endloop
endfacet
facet normal 0 0 0
outer loop
vertex 12.029848 0.837312 10.319372
vertex 12.029848 0.858065 10.339372
vertex 12.050323 0.837312 10.339372
endloop
endfacet
facet normal 0 0 0
outer loop
vertex 11.722712 0.484505 10.339372
vertex 11.722712 0.505259 10.359371
vertex 11.702236 0.505259 10.339372
endloop
endfacet
facet normal 0 0 0
outer loop
vertex 11.743187 0.484505 10.339372
vertex 11.722712 0.505259 10.359371
vertex 11.722712 0.484505 10.339372
endloop
endfacet
facet normal 0 0 0
outer loop
vertex 11.743187 0.505259 10.359371
vertex 11.722712 0.505259 10.359371
vertex 11.743187 0.484505 10.339372
endloop
endfacet
facet normal 0 0 0
outer loop
vertex 11.763662 0.484505 10.339372
vertex 11.743187 0.505259 10.359371
vertex 11.743187 0.484505 10.339372
endloop
endfacet
facet normal 0 0 0
outer loop
vertex 11.763662 0.505259 10.359371
vertex 11.743187 0.505259 10.359371
vertex 11.763662 0.484505 10.339372
endloop
endfacet
facet normal 0 0 0
outer loop
vertex 11.784140 0.484505 10.339372
vertex 11.763662 0.505259 10.359371
vertex 11.763662 0.484505 10.339372
endloop
endfacet
facet normal 0 0 0
outer loop
vertex 11.784140 0.505259 10.359371
vertex 11.763662 0.505259 10.359371
vertex 11.784140 0.484505 10.339372
endloop
endfacet
facet normal 0 0 0
outer loop
vertex 11.804615 0.484505 10.339372
vertex 11.784140 0.505259 10.359371
vertex 11.784140 0.484505 10.339372
endloop
endfacet
facet normal 0 0 0
outer loop
vertex 11.804615 0.505259 10.359371
vertex 11.784140 0.505259 10.359371
vertex 11.804615 0.484505 10.339372
endloop
endfacet
facet normal 0 0 0
outer loop
vertex 11.804615 0.484505 10.339372
vertex 11.825090 0.505259 10.339372
vertex 11.804615 0.505259 10.359371
endloop
endfacet
facet normal 0 0 0
outer loop
vertex 11.825090 0.505259 10.339372
vertex 11.825090 0.505259 10.359371
vertex 11.804615 0.505259 10.359371
endloop
endfacet
facet normal 0 0 0
outer loop
vertex 11.845566 0.505259 10.339372
vertex 11.845566 0.505259 10.359371
vertex 11.825090 0.505259 10.339372
endloop
endfacet
facet normal 0 0 0
outer loop
vertex 11.825090 0.505259 10.339372
vertex 11.845566 0.505259 10.359371
vertex 11.825090 0.505259 10.359371
endloop
endfacet
facet normal 0 0 0
outer loop
vertex 11.866043 0.505259 10.339372
vertex 11.866043 0.505259 10.359371
vertex 11.845566 0.505259 10.339372
endloop
endfacet
facet normal 0 0 0
outer loop
vertex 11.845566 0.505259 10.339372
vertex 11.866043 0.505259 10.359371
vertex 11.845566 0.505259 10.359371
endloop
endfacet
facet normal 0 0 0
outer loop
vertex 11.886518 0.505259 10.339372
vertex 11.866043 0.505259 10.359371
vertex 11.866043 0.505259 10.339372
endloop
endfacet
facet normal 0 0 0
outer loop
vertex 11.681761 0.505259 10.339372
vertex 11.681761 0.526012 10.339372
vertex 11.661283 0.505259 10.339372
endloop
endfacet
facet normal 0 0 0
outer loop
vertex 11.681761 0.526012 10.339372
vertex 11.661283 0.526012 10.339372
vertex 11.661283 0.505259 10.339372
endloop
endfacet
facet normal 0 0 0
outer loop
vertex 11.702236 0.526012 10.359371
vertex 11.681761 0.526012 10.339372
vertex 11.702236 0.505259 10.339372
endloop
endfacet
facet normal 0 0 0
outer loop
vertex 11.681761 0.526012 10.339372
vertex 11.681761 0.505259 10.339372
vertex 11.702236 0.505259 10.339372
endloop
endfacet
facet normal 0 0 0
outer loop
vertex 11.722712 0.505259 10.359371
vertex 11.702236 0.526012 10.359371
vertex 11.702236 0.505259 10.339372
endloop
endfacet
facet normal 0 0 0
outer loop
vertex 11.886518 0.505259 10.339372
vertex 11.886518 0.526012 10.359371
vertex 11.866043 0.505259 10.359371
endloop
endfacet
facet normal 0 0 0
outer loop
vertex 11.886518 0.505259 10.339372
vertex 11.906994 0.526012 10.339372
vertex 11.886518 0.526012 10.359371
endloop
endfacet
facet normal 0 0 0
outer loop
vertex 11.906994 0.526012 10.339372
vertex 11.906994 0.526012 10.359371
vertex 11.886518 0.526012 10.359371
endloop
endfacet
facet normal 0 0 0
outer loop
vertex 11.927469 0.526012 10.339372
vertex 11.927469 0.526012 10.359371
vertex 11.906994 0.526012 10.339372
endloop
endfacet
facet normal 0 0 0
outer loop
vertex 11.906994 0.526012 10.339372
vertex 11.927469 0.526012 10.359371
vertex 11.906994 0.526012 10.359371
endloop
endfacet
facet normal 0 0 0
outer loop
vertex 11.661283 0.526012 10.339372
vertex 11.661283 0.546765 10.359371
vertex 11.640808 0.546765 10.339372
endloop
endfacet
facet normal 0 0 0
outer loop
vertex 11.681761 0.526012 10.339372
vertex 11.661283 0.546765 10.359371
vertex 11.661283 0.526012 10.339372
endloop
endfacet
facet normal 0 0 0
outer loop
vertex 11.681761 0.546765 10.359371
vertex 11.661283 0.546765 10.359371
vertex 11.681761 0.526012 10.339372
endloop
endfacet
facet normal 0 0 0
outer loop
vertex 11.702236 0.526012 10.359371
vertex 11.681761 0.546765 10.359371
vertex 11.681761 0.526012 10.339372
endloop
endfacet
facet normal 0 0 0
outer loop
vertex 11.927469 0.526012 10.339372
vertex 11.947945 0.546765 10.359371
vertex 11.927469 0.526012 10.359371
endloop
endfacet
facet normal 0 0 0
outer loop
vertex 11.947945 0.546765 10.339372
vertex 11.947945 0.546765 10.359371
vertex 11.927469 0.526012 10.339372
endloop
endfacet
facet normal 0 0 0
outer loop
vertex 11.968422 0.546765 10.339372
vertex 11.968422 0.546765 10.359371
vertex 11.947945 0.546765 10.339372
endloop
endfacet
facet normal 0 0 0
outer loop
vertex 11.947945 0.546765 10.339372
vertex 11.968422 0.546765 10.359371
vertex 11.947945 0.546765 10.359371
endloop
endfacet
facet normal 0 0 0
outer loop
vertex 11.640808 0.546765 10.339372
vertex 11.640808 0.567518 10.359371
vertex 11.620333 0.567518 10.339372
endloop
endfacet
facet normal 0 0 0
outer loop
vertex 11.661283 0.546765 10.359371
vertex 11.640808 0.567518 10.359371
vertex 11.640808 0.546765 10.339372
endloop
endfacet
facet normal 0 0 0
outer loop
vertex 11.968422 0.546765 10.339372
vertex 11.988897 0.567518 10.359371
vertex 11.968422 0.546765 10.359371
endloop
endfacet
facet normal 0 0 0
outer loop
vertex 11.988897 0.567518 10.339372
vertex 11.988897 0.567518 10.359371
vertex 11.968422 0.546765 10.339372
endloop
endfacet
facet normal 0 0 0
outer loop
vertex 11.640808 0.588272 10.359371
vertex 11.620333 0.567518 10.339372
vertex 11.640808 0.567518 10.359371
endloop
endfacet
facet normal 0 0 0
outer loop
vertex 11.620333 0.588272 10.339372
vertex 11.620333 0.567518 10.339372
vertex 11.640808 0.588272 10.359371
endloop
endfacet
facet normal 0 0 0
outer loop
vertex 11.988897 0.567518 10.339372
vertex 12.009373 0.588272 10.359371
vertex 11.988897 0.567518 10.359371
endloop
endfacet
facet normal 0 0 0
outer loop
vertex 12.009373 0.588272 10.339372
vertex 12.009373 0.588272 10.359371
vertex 11.988897 0.567518 10.339372
endloop
endfacet
facet normal 0 0 0
outer loop
vertex 12.029848 0.588272 10.339372
vertex 12.029848 0.588272 10.359371
vertex 12.009373 0.588272 10.339372
endloop
endfacet
facet normal 0 0 0
outer loop
vertex 12.009373 0.588272 10.339372
vertex 12.029848 0.588272 10.359371
vertex 12.009373 0.588272 10.359371
endloop
endfacet
facet normal 0 0 0
outer loop
vertex 11.640808 0.609025 10.359371
vertex 11.620333 0.588272 10.339372
vertex 11.640808 0.588272 10.359371
endloop
endfacet
facet normal 0 0 0
outer loop
vertex 11.620333 0.609025 10.339372
vertex 11.620333 0.588272 10.339372
vertex 11.640808 0.609025 10.359371
endloop
endfacet
facet normal 0 0 0
outer loop
vertex 12.029848 0.588272 10.339372
vertex 12.050323 0.609025 10.359371
vertex 12.029848 0.588272 10.359371
endloop
endfacet
facet normal 0 0 0
outer loop
vertex 12.050323 0.609025 10.339372
vertex 12.050323 0.609025 10.359371
vertex 12.029848 0.588272 10.339372
endloop
endfacet
facet normal 0 0 0
outer loop
vertex 11.620333 0.609025 10.339372
vertex 11.640808 0.609025 10.359371
vertex 11.640808 0.629778 10.339372
endloop
endfacet
facet normal 0 0 0
outer loop
vertex 11.640808 0.609025 10.359371
vertex 11.640808 0.629778 10.359371
vertex 11.640808 0.629778 10.339372
endloop
endfacet
facet normal 0 0 0
outer loop
vertex 12.050323 0.609025 10.339372
vertex 12.070801 0.629778 10.359371
vertex 12.050323 0.609025 10.359371
endloop
endfacet
facet normal 0 0 0
outer loop
vertex 12.070801 0.629778 10.339372
vertex 12.070801 0.629778 10.359371
vertex 12.050323 0.609025 10.339372
endloop
endfacet
facet normal 0 0 0
outer loop
vertex 11.640808 0.629778 10.339372
vertex 11.640808 0.629778 10.359371
vertex 11.640808 0.650532 10.339372
endloop
endfacet
facet normal 0 0 0
outer loop
vertex 11.640808 0.629778 10.359371
vertex 11.640808 0.650532 10.359371
vertex 11.640808 0.650532 10.339372
endloop
endfacet
facet normal 0 0 0
outer loop
vertex 12.070801 0.629778 10.339372
vertex 12.091276 0.650532 10.359371
vertex 12.070801 0.629778 10.359371
endloop
endfacet
facet normal 0 0 0
outer loop
vertex 12.091276 0.650532 10.339372
vertex 12.091276 0.650532 10.359371
vertex 12.070801 0.629778 10.339372
endloop
endfacet
facet normal 0 0 0
outer loop
vertex 11.640808 0.650532 10.359371
vertex 11.640808 0.671285 10.339372
vertex 11.640808 0.650532 10.339372
endloop
endfacet
facet normal 0 0 0
outer loop
vertex 11.640808 0.650532 10.359371
vertex 11.661283 0.671285 10.359371
vertex 11.640808 0.671285 10.339372
endloop
endfacet
facet normal 0 0 0
outer loop
vertex 12.091276 0.650532 10.339372
vertex 12.111752 0.671285 10.359371
vertex 12.091276 0.650532 10.359371
endloop
endfacet
facet normal 0 0 0
outer loop
vertex 12.111752 0.671285 10.339372
vertex 12.111752 0.671285 10.359371
vertex 12.091276 0.650532 10.339372
endloop
endfacet
facet normal 0 0 0
outer loop
vertex 11.640808 0.671285 10.339372
vertex 11.661283 0.671285 10.359371
vertex 11.661283 0.692038 10.339372
endloop
endfacet
facet normal 0 0 0
outer loop
vertex 11.661283 0.671285 10.359371
vertex 11.661283 0.692038 10.359371
vertex 11.661283 0.692038 10.339372
endloop
endfacet
facet normal 0 0 0
outer loop
vertex 12.111752 0.671285 10.339372
vertex 12.111752 0.692038 10.339372
vertex 12.111752 0.671285 10.359371
endloop
endfacet
facet normal 0 0 0
outer loop
vertex 12.111752 0.671285 10.359371
vertex 12.111752 0.692038 10.339372
vertex 12.111752 0.692038 10.359371
endloop
endfacet
facet normal 0 0 0
outer loop
vertex 11.661283 0.692038 10.359371
vertex 11.681761 0.712792 10.339372
vertex 11.661283 0.692038 10.339372
endloop
endfacet
facet normal 0 0 0
outer loop
vertex 11.681761 0.712792 10.359371
vertex 11.681761 0.712792 10.339372
vertex 11.661283 0.692038 10.359371
endloop
endfacet
facet normal 0 0 0
outer loop
vertex 12.111752 0.692038 10.339372
vertex 12.132227 0.712792 10.359371
vertex 12.111752 0.692038 10.359371
endloop
endfacet
facet normal 0 0 0
outer loop
vertex 12.132227 0.712792 10.339372
vertex 12.132227 0.712792 10.359371
vertex 12.111752 0.692038 10.339372
endloop
endfacet
facet normal 0 0 0
outer loop
vertex 11.681761 0.712792 10.359371
vertex 11.702236 0.733545 10.339372
vertex 11.681761 0.712792 10.339372
endloop
endfacet
facet normal 0 0 0
outer loop
vertex 11.702236 0.733545 10.359371
vertex 11.702236 0.733545 10.339372
vertex 11.681761 0.712792 10.359371
endloop
endfacet
facet normal 0 0 0
outer loop
vertex 12.132227 0.712792 10.339372
vertex 12.132227 0.733545 10.339372
vertex 12.132227 0.712792 10.359371
endloop
endfacet
facet normal 0 0 0
outer loop
vertex 12.132227 0.712792 10.359371
vertex 12.132227 0.733545 10.339372
vertex 12.132227 0.733545 10.359371
endloop
endfacet
facet normal 0 0 0
outer loop
vertex 11.702236 0.733545 10.359371
vertex 11.722712 0.754298 10.339372
vertex 11.702236 0.733545 10.339372
endloop
endfacet
facet normal 0 0 0
outer loop
vertex 11.722712 0.754298 10.359371
vertex 11.722712 0.754298 10.339372
vertex 11.702236 0.733545 10.359371
endloop
endfacet
facet normal 0 0 0
outer loop
vertex 12.132227 0.733545 10.339372
vertex 12.132227 0.754298 10.339372
vertex 12.132227 0.733545 10.359371
endloop
endfacet
facet normal 0 0 0
outer loop
vertex 12.132227 0.733545 10.359371
vertex 12.132227 0.754298 10.339372
vertex 12.132227 0.754298 10.359371
endloop
endfacet
facet normal 0 0 0
outer loop
vertex 11.722712 0.754298 10.359371
vertex 11.743187 0.775052 10.339372
vertex 11.722712 0.754298 10.339372
endloop
endfacet
facet normal 0 0 0
outer loop
vertex 11.743187 0.775052 10.359371
vertex 11.743187 0.775052 10.339372
vertex 11.722712 0.754298 10.359371
endloop
endfacet
facet normal 0 0 0
outer loop
vertex 12.132227 0.754298 10.339372
vertex 12.132227 0.775052 10.339372
vertex 12.132227 0.754298 10.359371
endloop
endfacet
facet normal 0 0 0
outer loop
vertex 12.132227 0.754298 10.359371
vertex 12.132227 0.775052 10.339372
vertex 12.132227 0.775052 10.359371
endloop
endfacet
facet normal 0 0 0
outer loop
vertex 11.743187 0.775052 10.359371
vertex 11.763662 0.795805 10.339372
vertex 11.743187 0.775052 10.339372
endloop
endfacet
facet normal 0 0 0
outer loop
vertex 11.763662 0.795805 10.359371
vertex 11.763662 0.795805 10.339372
vertex 11.743187 0.775052 10.359371
endloop
endfacet
facet normal 0 0 0
outer loop
vertex 12.132227 0.775052 10.339372
vertex 12.132227 0.795805 10.339372
vertex 12.132227 0.775052 10.359371
endloop
endfacet
facet normal 0 0 0
outer loop
vertex 12.132227 0.775052 10.359371
vertex 12.132227 0.795805 10.339372
vertex 12.132227 0.795805 10.359371
endloop
endfacet
facet normal 0 0 0
outer loop
vertex 11.784140 0.795805 10.339372
vertex 11.763662 0.795805 10.339372
vertex 11.784140 0.795805 10.359371
endloop
endfacet
facet normal 0 0 0
outer loop
vertex 11.763662 0.795805 10.339372
vertex 11.763662 0.795805 10.359371
vertex 11.784140 0.795805 10.359371
endloop
endfacet
facet normal 0 0 0
outer loop
vertex 11.784140 0.795805 10.359371
vertex 11.804615 0.816558 10.339372
vertex 11.784140 0.795805 10.339372
endloop
endfacet
facet normal 0 0 0
outer loop
vertex 11.804615 0.816558 10.359371
vertex 11.804615 0.816558 10.339372
vertex 11.784140 0.795805 10.359371
endloop
endfacet
facet normal 0 0 0
outer loop
vertex 12.132227 0.795805 10.339372
vertex 12.111752 0.816558 10.359371
vertex 12.132227 0.795805 10.359371
endloop
endfacet
facet normal 0 0 0
outer loop
vertex 12.111752 0.816558 10.339372
vertex 12.111752 0.816558 10.359371
vertex 12.132227 0.795805 10.339372
endloop
endfacet
facet normal 0 0 0
outer loop
vertex 11.825090 0.837312 10.359371
vertex 11.825090 0.816558 10.339372
vertex 11.804615 0.816558 10.359371
endloop
endfacet
facet normal 0 0 0
outer loop
vertex 11.825090 0.816558 10.339372
vertex 11.804615 0.816558 10.339372
vertex 11.804615 0.816558 10.359371
endloop
endfacet
facet normal 0 0 0
outer loop
vertex 11.825090 0.816558 10.339372
vertex 11.825090 0.837312 10.359371
vertex 11.845566 0.837312 10.339372
endloop
endfacet
facet normal 0 0 0
outer loop
vertex 12.111752 0.816558 10.339372
vertex 12.091276 0.837312 10.359371
vertex 12.111752 0.816558 10.359371
endloop
endfacet
facet normal 0 0 0
outer loop
vertex 12.091276 0.837312 10.339372
vertex 12.091276 0.837312 10.359371
vertex 12.111752 0.816558 10.339372
endloop
endfacet
facet normal 0 0 0
outer loop
vertex 11.845566 0.837312 10.339372
vertex 11.825090 0.837312 10.359371
vertex 11.845566 0.837312 10.359371
endloop
endfacet
facet normal 0 0 0
outer loop
vertex 11.866043 0.837312 10.339372
vertex 11.845566 0.837312 10.339372
vertex 11.866043 0.837312 10.359371
endloop
endfacet
facet normal 0 0 0
outer loop
vertex 11.845566 0.837312 10.339372
vertex 11.845566 0.837312 10.359371
vertex 11.866043 0.837312 10.359371
endloop
endfacet
facet normal 0 0 0
outer loop
vertex 11.886518 0.858065 10.359371
vertex 11.886518 0.837312 10.339372
vertex 11.866043 0.837312 10.359371
endloop
endfacet
facet normal 0 0 0
outer loop
vertex 11.886518 0.837312 10.339372
vertex 11.866043 0.837312 10.339372
vertex 11.866043 0.837312 10.359371
endloop
endfacet
facet normal 0 0 0
outer loop
vertex 11.886518 0.837312 10.339372
vertex 11.906994 0.858065 10.359371
vertex 11.906994 0.837312 10.339372
endloop
endfacet
facet normal 0 0 0
outer loop
vertex 11.886518 0.858065 10.359371
vertex 11.906994 0.858065 10.359371
vertex 11.886518 0.837312 10.339372
endloop
endfacet
facet normal 0 0 0
outer loop
vertex 11.906994 0.837312 10.339372
vertex 11.906994 0.858065 10.359371
vertex 11.927469 0.858065 10.339372
endloop
endfacet
facet normal 0 0 0
outer loop
vertex 12.050323 0.837312 10.339372
vertex 12.029848 0.858065 10.339372
vertex 12.050323 0.858065 10.359371
endloop
endfacet
facet normal 0 0 0
outer loop
vertex 12.050323 0.858065 10.359371
vertex 12.070801 0.837312 10.359371
vertex 12.050323 0.837312 10.339372
endloop
endfacet
facet normal 0 0 0
outer loop
vertex 12.070801 0.837312 10.359371
vertex 12.070801 0.837312 10.339372
vertex 12.050323 0.837312 10.339372
endloop
endfacet
facet normal 0 0 0
outer loop
vertex 12.091276 0.837312 10.339372
vertex 12.070801 0.837312 10.339372
vertex 12.091276 0.837312 10.359371
endloop
endfacet
facet normal 0 0 0
outer loop
vertex 12.070801 0.837312 10.339372
vertex 12.070801 0.837312 10.359371
vertex 12.091276 0.837312 10.359371
endloop
endfacet
facet normal 0 0 0
outer loop
vertex 11.927469 0.858065 10.339372
vertex 11.906994 0.858065 10.359371
vertex 11.927469 0.858065 10.359371
endloop
endfacet
facet normal 0 0 0
outer loop
vertex 11.947945 0.858065 10.339372
vertex 11.927469 0.858065 10.339372
vertex 11.947945 0.858065 10.359371
endloop
endfacet
facet normal 0 0 0
outer loop
vertex 11.927469 0.858065 10.339372
vertex 11.927469 0.858065 10.359371
vertex 11.947945 0.858065 10.359371
endloop
endfacet
facet normal 0 0 0
outer loop
vertex 11.968422 0.858065 10.339372
vertex 11.947945 0.858065 10.339372
vertex 11.968422 0.858065 10.359371
endloop
endfacet
facet normal 0 0 0
outer loop
vertex 11.947945 0.858065 10.339372
vertex 11.947945 0.858065 10.359371
vertex 11.968422 0.858065 10.359371
endloop
endfacet
facet normal 0 0 0
outer loop
vertex 11.988897 0.858065 10.339372
vertex 11.968422 0.858065 10.339372
vertex 11.988897 0.858065 10.359371
endloop
endfacet
facet normal 0 0 0
outer loop
vertex 11.968422 0.858065 10.339372
vertex 11.968422 0.858065 10.359371
vertex 11.988897 0.858065 10.359371
endloop
endfacet
facet normal 0 0 0
outer loop
vertex 12.009373 0.858065 10.339372
vertex 11.988897 0.858065 10.339372
vertex 12.009373 0.858065 10.359371
endloop
endfacet
facet normal 0 0 0
outer loop
vertex 11.988897 0.858065 10.339372
vertex 11.988897 0.858065 10.359371
vertex 12.009373 0.858065 10.359371
endloop
endfacet
facet normal 0 0 0
outer loop
vertex 12.029848 0.858065 10.339372
vertex 12.009373 0.858065 10.339372
vertex 12.029848 0.858065 10.359371
endloop
endfacet
facet normal 0 0 0
outer loop
vertex 12.009373 0.858065 10.339372
vertex 12.009373 0.858065 10.359371
vertex 12.029848 0.858065 10.359371
endloop
endfacet
facet normal 0 0 0
outer loop
vertex 12.050323 0.858065 10.359371
vertex 12.029848 0.858065 10.339372
vertex 12.029848 0.858065 10.359371
endloop
endfacet
facet normal 0 0 0
outer loop
vertex 11.702236 0.526012 10.359371
vertex 11.722712 0.505259 10.359371
vertex 11.722712 0.526012 10.359371
endloop
endfacet
facet normal 0 0 0
outer loop
vertex 11.743187 0.526012 10.379372
vertex 11.722712 0.526012 10.359371
vertex 11.743187 0.505259 10.359371
endloop
endfacet
facet normal 0 0 0
outer loop
vertex 11.722712 0.526012 10.359371
vertex 11.722712 0.505259 10.359371
vertex 11.743187 0.505259 10.359371
endloop
endfacet
facet normal 0 0 0
outer loop
vertex 11.763662 0.505259 10.359371
vertex 11.743187 0.526012 10.379372
vertex 11.743187 0.505259 10.359371
endloop
endfacet
facet normal 0 0 0
outer loop
vertex 11.763662 0.526012 10.379372
vertex 11.743187 0.526012 10.379372
vertex 11.763662 0.505259 10.359371
endloop
endfacet
facet normal 0 0 0
outer loop
vertex 11.784140 0.505259 10.359371
vertex 11.763662 0.526012 10.379372
vertex 11.763662 0.505259 10.359371
endloop
endfacet
facet normal 0 0 0
outer loop
vertex 11.784140 0.526012 10.379372
vertex 11.763662 0.526012 10.379372
vertex 11.784140 0.505259 10.359371
endloop
endfacet
facet normal 0 0 0
outer loop
vertex 11.804615 0.505259 10.359371
vertex 11.784140 0.526012 10.379372
vertex 11.784140 0.505259 10.359371
endloop
endfacet
facet normal 0 0 0
outer loop
vertex 11.804615 0.526012 10.379372
vertex 11.784140 0.526012 10.379372
vertex 11.804615 0.505259 10.359371
endloop
endfacet
facet normal 0 0 0
outer loop
vertex 11.825090 0.505259 10.359371
vertex 11.804615 0.526012 10.379372
vertex 11.804615 0.505259 10.359371
endloop
endfacet
facet normal 0 0 0
outer loop
vertex 11.825090 0.526012 10.379372
vertex 11.804615 0.526012 10.379372
vertex 11.825090 0.505259 10.359371
endloop
endfacet
facet normal 0 0 0
outer loop
vertex 11.845566 0.505259 10.359371
vertex 11.825090 0.526012 10.379372
vertex 11.825090 0.505259 10.359371
endloop
endfacet
facet normal 0 0 0
outer loop
vertex 11.845566 0.526012 10.379372
vertex 11.825090 0.526012 10.379372
vertex 11.845566 0.505259 10.359371
endloop
endfacet
facet normal 0 0 0
outer loop
vertex 11.845566 0.526012 10.379372
vertex 11.845566 0.505259 10.359371
vertex 11.866043 0.526012 10.359371
endloop
endfacet
facet normal 0 0 0
outer loop
vertex 11.845566 0.505259 10.359371
vertex 11.866043 0.505259 10.359371
vertex 11.866043 0.526012 10.359371
endloop
endfacet
facet normal 0 0 0
outer loop
vertex 11.866043 0.505259 10.359371
vertex 11.886518 0.526012 10.359371
vertex 11.866043 0.526012 10.359371
endloop
endfacet
facet normal 0 0 0
outer loop
vertex 11.702236 0.526012 10.359371
vertex 11.702236 0.546765 10.379372
vertex 11.681761 0.546765 10.359371
endloop
endfacet
facet normal 0 0 0
outer loop
vertex 11.722712 0.526012 10.359371
vertex 11.702236 0.546765 10.379372
vertex 11.702236 0.526012 10.359371
endloop
endfacet
facet normal 0 0 0
outer loop
vertex 11.722712 0.546765 10.379372
vertex 11.702236 0.546765 10.379372
vertex 11.722712 0.526012 10.359371
endloop
endfacet
facet normal 0 0 0
outer loop
vertex 11.743187 0.526012 10.379372
vertex 11.722712 0.546765 10.379372
vertex 11.722712 0.526012 10.359371
endloop
endfacet
facet normal 0 0 0
outer loop
vertex 11.866043 0.526012 10.359371
vertex 11.866043 0.546765 10.379372
vertex 11.845566 0.526012 10.379372
endloop
endfacet
facet normal 0 0 0
outer loop
vertex 11.886518 0.526012 10.359371
vertex 11.866043 0.546765 10.379372
vertex 11.866043 0.526012 10.359371
endloop
endfacet
facet normal 0 0 0
outer loop
vertex 11.886518 0.546765 10.379372
vertex 11.866043 0.546765 10.379372
vertex 11.886518 0.526012 10.359371
endloop
endfacet
facet normal 0 0 0
outer loop
vertex 11.906994 0.526012 10.359371
vertex 11.886518 0.546765 10.379372
vertex 11.886518 0.526012 10.359371
endloop
endfacet
facet normal 0 0 0
outer loop
vertex 11.906994 0.546765 10.379372
vertex 11.886518 0.546765 10.379372
vertex 11.906994 0.526012 10.359371
endloop
endfacet
facet normal 0 0 0
outer loop
vertex 11.927469 0.526012 10.359371
vertex 11.906994 0.546765 10.379372
vertex 11.906994 0.526012 10.359371
endloop
endfacet
facet normal 0 0 0
outer loop
vertex 11.927469 0.546765 10.379372
vertex 11.906994 0.546765 10.379372
vertex 11.927469 0.526012 10.359371
endloop
endfacet
facet normal 0 0 0
outer loop
vertex 11.947945 0.546765 10.359371
vertex 11.927469 0.546765 10.379372
vertex 11.927469 0.526012 10.359371
endloop
endfacet
facet normal 0 0 0
outer loop
vertex 11.640808 0.567518 10.359371
vertex 11.661283 0.546765 10.359371
vertex 11.661283 0.567518 10.359371
endloop
endfacet
facet normal 0 0 0
outer loop
vertex 11.681761 0.567518 10.379372
vertex 11.661283 0.567518 10.359371
vertex 11.681761 0.546765 10.359371
endloop
endfacet
facet normal 0 0 0
outer loop
vertex 11.661283 0.567518 10.359371
vertex 11.661283 0.546765 10.359371
vertex 11.681761 0.546765 10.359371
endloop
endfacet
facet normal 0 0 0
outer loop
vertex 11.702236 0.546765 10.379372
vertex 11.681761 0.567518 10.379372
vertex 11.681761 0.546765 10.359371
endloop
endfacet
facet normal 0 0 0
outer loop
vertex 11.947945 0.546765 10.359371
vertex 11.947945 0.567518 10.379372
vertex 11.927469 0.546765 10.379372
endloop
endfacet
facet normal 0 0 0
outer loop
vertex 11.968422 0.546765 10.359371
vertex 11.947945 0.567518 10.379372
vertex 11.947945 0.546765 10.359371
endloop
endfacet
facet normal 0 0 0
outer loop
vertex 11.968422 0.567518 10.379372
vertex 11.947945 0.567518 10.379372
vertex 11.968422 0.546765 10.359371
endloop
endfacet
facet normal 0 0 0
outer loop
vertex 11.988897 0.567518 10.359371
vertex 11.968422 0.567518 10.379372
vertex 11.968422 0.546765 10.359371
endloop
endfacet
facet normal 0 0 0
outer loop
vertex 11.661283 0.588272 10.379372
vertex 11.640808 0.588272 10.359371
vertex 11.661283 0.567518 10.359371
endloop
endfacet
facet normal 0 0 0
outer loop
vertex 11.640808 0.588272 10.359371
vertex 11.640808 0.567518 10.359371
vertex 11.661283 0.567518 10.359371
endloop
endfacet
facet normal 0 0 0
outer loop
vertex 11.681761 0.567518 10.379372
vertex 11.661283 0.588272 10.379372
vertex 11.661283 0.567518 10.359371
endloop
endfacet
facet normal 0 0 0
outer loop
vertex 11.988897 0.567518 10.359371
vertex 11.988897 0.588272 10.379372
vertex 11.968422 0.567518 10.379372
endloop
endfacet
facet normal 0 0 0
outer loop
vertex 12.009373 0.588272 10.359371
vertex 11.988897 0.588272 10.379372
vertex 11.988897 0.567518 10.359371
endloop
endfacet
facet normal 0 0 0
outer loop
vertex 11.661283 0.609025 10.379372
vertex 11.640808 0.588272 10.359371
vertex 11.661283 0.588272 10.379372
endloop
endfacet
facet normal 0 0 0
outer loop
vertex 11.640808 0.609025 10.359371
vertex 11.640808 0.588272 10.359371
vertex 11.661283 0.609025 10.379372
endloop
endfacet
facet normal 0 0 0
outer loop
vertex 12.009373 0.588272 10.359371
vertex 12.009373 0.609025 10.379372
vertex 11.988897 0.588272 10.379372
endloop
endfacet
facet normal 0 0 0
outer loop
vertex 12.029848 0.588272 10.359371
vertex 12.009373 0.609025 10.379372
vertex 12.009373 0.588272 10.359371
endloop
endfacet
facet normal 0 0 0
outer loop
vertex 12.029848 0.609025 10.379372
vertex 12.009373 0.609025 10.379372
vertex 12.029848 0.588272 10.359371
endloop
endfacet
facet normal 0 0 0
outer loop
vertex 12.050323 0.609025 10.359371
vertex 12.029848 0.609025 10.379372
vertex 12.029848 0.588272 10.359371
endloop
endfacet
facet normal 0 0 0
outer loop
vertex 11.661283 0.629778 10.379372
vertex 11.640808 0.609025 10.359371
vertex 11.661283 0.609025 10.379372
endloop
endfacet
facet normal 0 0 0
outer loop
vertex 11.640808 0.629778 10.359371
vertex 11.640808 0.609025 10.359371
vertex 11.661283 0.629778 10.379372
endloop
endfacet
facet normal 0 0 0
outer loop
vertex 12.050323 0.609025 10.359371
vertex 12.050323 0.629778 10.379372
vertex 12.029848 0.609025 10.379372
endloop
endfacet
facet normal 0 0 0
outer loop
vertex 12.070801 0.629778 10.359371
vertex 12.050323 0.629778 10.379372
vertex 12.050323 0.609025 10.359371
endloop
endfacet
facet normal 0 0 0
outer loop
vertex 11.661283 0.629778 10.379372
vertex 11.661283 0.650532 10.359371
vertex 11.640808 0.629778 10.359371
endloop
endfacet
facet normal 0 0 0
outer loop
vertex 11.661283 0.650532 10.359371
vertex 11.640808 0.650532 10.359371
vertex 11.640808 0.629778 10.359371
endloop
endfacet
facet normal 0 0 0
outer loop
vertex 11.661283 0.629778 10.379372
vertex 11.681761 0.650532 10.379372
vertex 11.661283 0.650532 10.359371
endloop
endfacet
facet normal 0 0 0
outer loop
vertex 12.070801 0.629778 10.359371
vertex 12.070801 0.650532 10.379372
vertex 12.050323 0.629778 10.379372
endloop
endfacet
facet normal 0 0 0
outer loop
vertex 12.070801 0.629778 10.359371
vertex 12.091276 0.650532 10.359371
vertex 12.070801 0.650532 10.379372
endloop
endfacet
facet normal 0 0 0
outer loop
vertex 12.091276 0.650532 10.359371
vertex 12.091276 0.650532 10.379372
vertex 12.070801 0.650532 10.379372
endloop
endfacet
facet normal 0 0 0
outer loop
vertex 11.661283 0.671285 10.359371
vertex 11.640808 0.650532 10.359371
vertex 11.661283 0.650532 10.359371
endloop
endfacet
facet normal 0 0 0
outer loop
vertex 11.681761 0.671285 10.379372
vertex 11.661283 0.650532 10.359371
vertex 11.681761 0.650532 10.379372
endloop
endfacet
facet normal 0 0 0
outer loop
vertex 11.661283 0.671285 10.359371
vertex 11.661283 0.650532 10.359371
vertex 11.681761 0.671285 10.379372
endloop
endfacet
facet normal 0 0 0
outer loop
vertex 12.091276 0.650532 10.359371
vertex 12.111752 0.671285 10.379372
vertex 12.091276 0.650532 10.379372
endloop
endfacet
facet normal 0 0 0
outer loop
vertex 12.111752 0.671285 10.359371
vertex 12.111752 0.671285 10.379372
vertex 12.091276 0.650532 10.359371
endloop
endfacet
facet normal 0 0 0
outer loop
vertex 11.681761 0.692038 10.379372
vertex 11.661283 0.671285 10.359371
vertex 11.681761 0.671285 10.379372
endloop
endfacet
facet normal 0 0 0
outer loop
vertex 11.661283 0.692038 10.359371
vertex 11.661283 0.671285 10.359371
vertex 11.681761 0.692038 10.379372
endloop
endfacet
facet normal 0 0 0
outer loop
vertex 12.111752 0.671285 10.359371
vertex 12.111752 0.692038 10.359371
vertex 12.111752 0.671285 10.379372
endloop
endfacet
facet normal 0 0 0
outer loop
vertex 12.111752 0.671285 10.379372
vertex 12.111752 0.692038 10.359371
vertex 12.111752 0.692038 10.379372
endloop
endfacet
facet normal 0 0 0
outer loop
vertex 11.661283 0.692038 10.359371
vertex 11.681761 0.692038 10.379372
vertex 11.681761 0.712792 10.359371
endloop
endfacet
facet normal 0 0 0
outer loop
vertex 11.681761 0.692038 10.379372
vertex 11.702236 0.712792 10.379372
vertex 11.681761 0.712792 10.359371
endloop
endfacet
facet normal 0 0 0
outer loop
vertex 12.111752 0.692038 10.359371
vertex 12.132227 0.712792 10.379372
vertex 12.111752 0.692038 10.379372
endloop
endfacet
facet normal 0 0 0
outer loop
vertex 12.132227 0.712792 10.359371
vertex 12.132227 0.712792 10.379372
vertex 12.111752 0.692038 10.359371
endloop
endfacet
facet normal 0 0 0
outer loop
vertex 11.681761 0.712792 10.359371
vertex 11.702236 0.712792 10.379372
vertex 11.702236 0.733545 10.359371
endloop
endfacet
facet normal 0 0 0
outer loop
vertex 11.702236 0.712792 10.379372
vertex 11.702236 0.733545 10.379372
vertex 11.702236 0.733545 10.359371
endloop
endfacet
facet normal 0 0 0
outer loop
vertex 12.132227 0.712792 10.359371
vertex 12.132227 0.733545 10.359371
vertex 12.132227 0.712792 10.379372
endloop
endfacet
facet normal 0 0 0
outer loop
vertex 12.132227 0.712792 10.379372
vertex 12.132227 0.733545 10.359371
vertex 12.132227 0.733545 10.379372
endloop
endfacet
facet normal 0 0 0
outer loop
vertex 11.702236 0.733545 10.379372
vertex 11.722712 0.754298 10.359371
vertex 11.702236 0.733545 10.359371
endloop
endfacet
facet normal 0 0 0
outer loop
vertex 11.722712 0.754298 10.379372
vertex 11.722712 0.754298 10.359371
vertex 11.702236 0.733545 10.379372
endloop
endfacet
facet normal 0 0 0
outer loop
vertex 12.152704 0.754298 10.379372
vertex 12.132227 0.733545 10.379372
vertex 12.132227 0.754298 10.359371
endloop
endfacet
facet normal 0 0 0
outer loop
vertex 12.132227 0.733545 10.379372
vertex 12.132227 0.733545 10.359371
vertex 12.132227 0.754298 10.359371
endloop
endfacet
facet normal 0 0 0
outer loop
vertex 11.722712 0.754298 10.379372
vertex 11.743187 0.775052 10.359371
vertex 11.722712 0.754298 10.359371
endloop
endfacet
facet normal 0 0 0
outer loop
vertex 11.743187 0.775052 10.379372
vertex 11.743187 0.775052 10.359371
vertex 11.722712 0.754298 10.379372
endloop
endfacet
facet normal 0 0 0
outer loop
vertex 12.152704 0.754298 10.379372
vertex 12.132227 0.775052 10.359371
vertex 12.152704 0.775052 10.379372
endloop
endfacet
facet normal 0 0 0
outer loop
vertex 12.132227 0.754298 10.359371
vertex 12.132227 0.775052 10.359371
vertex 12.152704 0.754298 10.379372
endloop
endfacet
facet normal 0 0 0
outer loop
vertex 11.743187 0.775052 10.379372
vertex 11.763662 0.795805 10.359371
vertex 11.743187 0.775052 10.359371
endloop
endfacet
facet normal 0 0 0
outer loop
vertex 11.763662 0.795805 10.379372
vertex 11.763662 0.795805 10.359371
vertex 11.743187 0.775052 10.379372
endloop
endfacet
facet normal 0 0 0
outer loop
vertex 12.152704 0.775052 10.379372
vertex 12.132227 0.795805 10.359371
vertex 12.152704 0.795805 10.379372
endloop
endfacet
facet normal 0 0 0
outer loop
vertex 12.132227 0.775052 10.359371
vertex 12.132227 0.795805 10.359371
vertex 12.152704 0.775052 10.379372
endloop
endfacet
facet normal 0 0 0
outer loop
vertex 11.784140 0.816558 10.379372
vertex 11.784140 0.795805 10.359371
vertex 11.763662 0.795805 10.379372
endloop
endfacet
facet normal 0 0 0
outer loop
vertex 11.784140 0.795805 10.359371
vertex 11.763662 0.795805 10.359371
vertex 11.763662 0.795805 10.379372
endloop
endfacet
facet normal 0 0 0
outer loop
vertex 11.784140 0.795805 10.359371
vertex 11.784140 0.816558 10.379372
vertex 11.804615 0.816558 10.359371
endloop
endfacet
facet normal 0 0 0
outer loop
vertex 12.132227 0.795805 10.359371
vertex 12.111752 0.816558 10.359371
vertex 12.132227 0.816558 10.379372
endloop
endfacet
facet normal 0 0 0
outer loop
vertex 12.132227 0.795805 10.359371
vertex 12.132227 0.816558 10.379372
vertex 12.152704 0.795805 10.379372
endloop
endfacet
facet normal 0 0 0
outer loop
vertex 12.132227 0.816558 10.379372
vertex 12.152704 0.816558 10.379372
vertex 12.152704 0.795805 10.379372
endloop
endfacet
facet normal 0 0 0
outer loop
vertex 11.804615 0.816558 10.359371
vertex 11.784140 0.816558 10.379372
vertex 11.804615 0.816558 10.379372
endloop
endfacet
facet normal 0 0 0
outer loop
vertex 11.804615 0.816558 10.379372
vertex 11.825090 0.837312 10.359371
vertex 11.804615 0.816558 10.359371
endloop
endfacet
facet normal 0 0 0
outer loop
vertex 11.825090 0.837312 10.379372
vertex 11.825090 0.837312 10.359371
vertex 11.804615 0.816558 10.379372
endloop
endfacet
facet normal 0 0 0
outer loop
vertex 12.111752 0.816558 10.359371
vertex 12.091276 0.837312 10.359371
vertex 12.111752 0.837312 10.379372
endloop
endfacet
facet normal 0 0 0
outer loop
vertex 12.111752 0.816558 10.359371
vertex 12.111752 0.837312 10.379372
vertex 12.132227 0.816558 10.379372
endloop
endfacet
facet normal 0 0 0
outer loop
vertex 12.111752 0.837312 10.379372
vertex 12.132227 0.837312 10.379372
vertex 12.132227 0.816558 10.379372
endloop
endfacet
facet normal 0 0 0
outer loop
vertex 12.152704 0.816558 10.379372
vertex 12.132227 0.816558 10.379372
vertex 12.152704 0.837312 10.379372
endloop
endfacet
facet normal 0 0 0
outer loop
vertex 12.152704 0.837312 10.379372
vertex 12.132227 0.816558 10.379372
vertex 12.132227 0.837312 10.379372
endloop
endfacet
facet normal 0 0 0
outer loop
vertex 11.845566 0.858065 10.379372
vertex 11.845566 0.837312 10.359371
vertex 11.825090 0.837312 10.379372
endloop
endfacet
facet normal 0 0 0
outer loop
vertex 11.845566 0.837312 10.359371
vertex 11.825090 0.837312 10.359371
vertex 11.825090 0.837312 10.379372
endloop
endfacet
facet normal 0 0 0
outer loop
vertex 11.845566 0.837312 10.359371
vertex 11.866043 0.858065 10.379372
vertex 11.866043 0.837312 10.359371
endloop
endfacet
facet normal 0 0 0
outer loop
vertex 11.845566 0.858065 10.379372
vertex 11.866043 0.858065 10.379372
vertex 11.845566 0.837312 10.359371
endloop
endfacet
facet normal 0 0 0
outer loop
vertex 11.866043 0.837312 10.359371
vertex 11.866043 0.858065 10.379372
vertex 11.886518 0.858065 10.359371
endloop
endfacet
facet normal 0 0 0
outer loop
vertex 12.070801 0.837312 10.359371
vertex 12.050323 0.858065 10.359371
vertex 12.070801 0.858065 10.379372
endloop
endfacet
facet normal 0 0 0
outer loop
vertex 12.070801 0.837312 10.359371
vertex 12.091276 0.858065 10.379372
vertex 12.091276 0.837312 10.359371
endloop
endfacet
facet normal 0 0 0
outer loop
vertex 12.070801 0.858065 10.379372
vertex 12.091276 0.858065 10.379372
vertex 12.070801 0.837312 10.359371
endloop
endfacet
facet normal 0 0 0
outer loop
vertex 12.091276 0.837312 10.359371
vertex 12.091276 0.858065 10.379372
vertex 12.111752 0.837312 10.379372
endloop
endfacet
facet normal 0 0 0
outer loop
vertex 12.091276 0.858065 10.379372
vertex 12.111752 0.858065 10.379372
vertex 12.111752 0.837312 10.379372
endloop
endfacet
facet normal 0 0 0
outer loop
vertex 12.132227 0.837312 10.379372
vertex 12.111752 0.837312 10.379372
vertex 12.132227 0.858065 10.379372
endloop
endfacet
facet normal 0 0 0
outer loop
vertex 12.132227 0.858065 10.379372
vertex 12.111752 0.837312 10.379372
vertex 12.111752 0.858065 10.379372
endloop
endfacet
facet normal 0 0 0
outer loop
vertex 12.132227 0.858065 10.379372
vertex 12.152704 0.837312 10.379372
vertex 12.132227 0.837312 10.379372
endloop
endfacet
facet normal 0 0 0
outer loop
vertex 11.886518 0.858065 10.359371
vertex 11.866043 0.858065 10.379372
vertex 11.886518 0.858065 10.379372
endloop
endfacet
facet normal 0 0 0
outer loop
vertex 11.906994 0.878818 10.379372
vertex 11.906994 0.858065 10.359371
vertex 11.886518 0.858065 10.379372
endloop
endfacet
facet normal 0 0 0
outer loop
vertex 11.906994 0.858065 10.359371
vertex 11.886518 0.858065 10.359371
vertex 11.886518 0.858065 10.379372
endloop
endfacet
facet normal 0 0 0
outer loop
vertex 11.906994 0.858065 10.359371
vertex 11.927469 0.878818 10.379372
vertex 11.927469 0.858065 10.359371
endloop
endfacet
facet normal 0 0 0
outer loop
vertex 11.906994 0.878818 10.379372
vertex 11.927469 0.878818 10.379372
vertex 11.906994 0.858065 10.359371
endloop
endfacet
facet normal 0 0 0
outer loop
vertex 11.927469 0.858065 10.359371
vertex 11.947945 0.878818 10.379372
vertex 11.947945 0.858065 10.359371
endloop
endfacet
facet normal 0 0 0
outer loop
vertex 11.927469 0.878818 10.379372
vertex 11.947945 0.878818 10.379372
vertex 11.927469 0.858065 10.359371
endloop
endfacet
facet normal 0 0 0
outer loop
vertex 11.947945 0.858065 10.359371
vertex 11.968422 0.878818 10.379372
vertex 11.968422 0.858065 10.359371
endloop
endfacet
facet normal 0 0 0
outer loop
vertex 11.947945 0.878818 10.379372
vertex 11.968422 0.878818 10.379372
vertex 11.947945 0.858065 10.359371
endloop
endfacet
facet normal 0 0 0
outer loop
vertex 11.968422 0.858065 10.359371
vertex 11.988897 0.878818 10.379372
vertex 11.988897 0.858065 10.359371
endloop
endfacet
facet normal 0 0 0
outer loop
vertex 11.968422 0.878818 10.379372
vertex 11.988897 0.878818 10.379372
vertex 11.968422 0.858065 10.359371
endloop
endfacet
facet normal 0 0 0
outer loop
vertex 11.988897 0.858065 10.359371
vertex 12.009373 0.878818 10.379372
vertex 12.009373 0.858065 10.359371
endloop
endfacet
facet normal 0 0 0
outer loop
vertex 11.988897 0.878818 10.379372
vertex 12.009373 0.878818 10.379372
vertex 11.988897 0.858065 10.359371
endloop
endfacet
facet normal 0 0 0
outer loop
vertex 12.009373 0.858065 10.359371
vertex 12.029848 0.878818 10.379372
vertex 12.029848 0.858065 10.359371
endloop
endfacet
facet normal 0 0 0
outer loop
vertex 12.009373 0.878818 10.379372
vertex 12.029848 0.878818 10.379372
vertex 12.009373 0.858065 10.359371
endloop
endfacet
facet normal 0 0 0
outer loop
vertex 12.029848 0.858065 10.359371
vertex 12.050323 0.878818 10.379372
vertex 12.050323 0.858065 10.359371
endloop
endfacet
facet normal 0 0 0
outer loop
vertex 12.029848 0.878818 10.379372
vertex 12.050323 0.878818 10.379372
vertex 12.029848 0.858065 10.359371
endloop
endfacet
facet normal 0 0 0
outer loop
vertex 12.050323 0.858065 10.359371
vertex 12.050323 0.878818 10.379372
vertex 12.070801 0.858065 10.379372
endloop
endfacet
facet normal 0 0 0
outer loop
vertex 12.050323 0.878818 10.379372
vertex 12.070801 0.878818 10.379372
vertex 12.070801 0.858065 10.379372
endloop
endfacet
facet normal 0 0 0
outer loop
vertex 12.091276 0.858065 10.379372
vertex 12.070801 0.858065 10.379372
vertex 12.091276 0.878818 10.379372
endloop
endfacet
facet normal 0 0 0
outer loop
vertex 12.091276 0.878818 10.379372
vertex 12.070801 0.858065 10.379372
vertex 12.070801 0.878818 10.379372
endloop
endfacet
facet normal 0 0 0
outer loop
vertex 12.091276 0.878818 10.379372
vertex 12.111752 0.858065 10.379372
vertex 12.091276 0.858065 10.379372
endloop
endfacet
facet normal 0 0 0
outer loop
vertex 11.722712 0.546765 10.379372
vertex 11.743187 0.526012 10.379372
vertex 11.743187 0.546765 10.379372
endloop
endfacet
facet normal 0 0 0
outer loop
vertex 11.763662 0.546765 10.399372
vertex 11.743187 0.546765 10.379372
vertex 11.763662 0.526012 10.379372
endloop
endfacet
facet normal 0 0 0
outer loop
vertex 11.743187 0.546765 10.379372
vertex 11.743187 0.526012 10.379372
vertex 11.763662 0.526012 10.379372
endloop
endfacet
facet normal 0 0 0
outer loop
vertex 11.784140 0.526012 10.379372
vertex 11.763662 0.546765 10.399372
vertex 11.763662 0.526012 10.379372
endloop
endfacet
facet normal 0 0 0
outer loop
vertex 11.784140 0.546765 10.399372
vertex 11.763662 0.546765 10.399372
vertex 11.784140 0.526012 10.379372
endloop
endfacet
facet normal 0 0 0
outer loop
vertex 11.804615 0.526012 10.379372
vertex 11.784140 0.546765 10.399372
vertex 11.784140 0.526012 10.379372
endloop
endfacet
facet normal 0 0 0
outer loop
vertex 11.804615 0.546765 10.399372
vertex 11.784140 0.546765 10.399372
vertex 11.804615 0.526012 10.379372
endloop
endfacet
facet normal 0 0 0
outer loop
vertex 11.825090 0.526012 10.379372
vertex 11.804615 0.546765 10.399372
vertex 11.804615 0.526012 10.379372
endloop
endfacet
facet normal 0 0 0
outer loop
vertex 11.825090 0.546765 10.399372
vertex 11.804615 0.546765 10.399372
vertex 11.825090 0.526012 10.379372
endloop
endfacet
facet normal 0 0 0
outer loop
vertex 11.845566 0.526012 10.379372
vertex 11.825090 0.546765 10.399372
vertex 11.825090 0.526012 10.379372
endloop
endfacet
facet normal 0 0 0
outer loop
vertex 11.845566 0.546765 10.399372
vertex 11.825090 0.546765 10.399372
vertex 11.845566 0.526012 10.379372
endloop
endfacet
facet normal 0 0 0
outer loop
vertex 11.845566 0.526012 10.379372
vertex 11.866043 0.546765 10.379372
vertex 11.845566 0.546765 10.399372
endloop
endfacet
facet normal 0 0 0
outer loop
vertex 11.866043 0.546765 10.379372
vertex 11.866043 0.546765 10.399372
vertex 11.845566 0.546765 10.399372
endloop
endfacet
facet normal 0 0 0
outer loop
vertex 11.886518 0.546765 10.379372
vertex 11.886518 0.546765 10.399372
vertex 11.866043 0.546765 10.379372
endloop
endfacet
facet normal 0 0 0
outer loop
vertex 11.866043 0.546765 10.379372
vertex 11.886518 0.546765 10.399372
vertex 11.866043 0.546765 10.399372
endloop
endfacet
facet normal 0 0 0
outer loop
vertex 11.906994 0.546765 10.379372
vertex 11.906994 0.546765 10.399372
vertex 11.886518 0.546765 10.379372
endloop
endfacet
facet normal 0 0 0
outer loop
vertex 11.886518 0.546765 10.379372
vertex 11.906994 0.546765 10.399372
vertex 11.886518 0.546765 10.399372
endloop
endfacet
facet normal 0 0 0
outer loop
vertex 11.927469 0.546765 10.379372
vertex 11.927469 0.546765 10.399372
vertex 11.906994 0.546765 10.379372
endloop
endfacet
facet normal 0 0 0
outer loop
vertex 11.906994 0.546765 10.379372
vertex 11.927469 0.546765 10.399372
vertex 11.906994 0.546765 10.399372
endloop
endfacet
facet normal 0 0 0
outer loop
vertex 11.927469 0.546765 10.379372
vertex 11.947945 0.546765 10.399372
vertex 11.927469 0.546765 10.399372
endloop
endfacet
facet normal 0 0 0
outer loop
vertex 11.681761 0.567518 10.379372
vertex 11.702236 0.546765 10.379372
vertex 11.702236 0.567518 10.379372
endloop
endfacet
facet normal 0 0 0
outer loop
vertex 11.722712 0.567518 10.399372
vertex 11.702236 0.567518 10.379372
vertex 11.722712 0.546765 10.379372
endloop
endfacet
facet normal 0 0 0
outer loop
vertex 11.702236 0.567518 10.379372
vertex 11.702236 0.546765 10.379372
vertex 11.722712 0.546765 10.379372
endloop
endfacet
facet normal 0 0 0
outer loop
vertex 11.743187 0.546765 10.379372
vertex 11.722712 0.567518 10.399372
vertex 11.722712 0.546765 10.379372
endloop
endfacet
facet normal 0 0 0
outer loop
vertex 11.743187 0.567518 10.399372
vertex 11.722712 0.567518 10.399372
vertex 11.743187 0.546765 10.379372
endloop
endfacet
facet normal 0 0 0
outer loop
vertex 11.763662 0.546765 10.399372
vertex 11.743187 0.567518 10.399372
vertex 11.743187 0.546765 10.379372
endloop
endfacet
facet normal 0 0 0
outer loop
vertex 11.927469 0.546765 10.379372
vertex 11.947945 0.567518 10.379372
vertex 11.947945 0.546765 10.399372
endloop
endfacet
facet normal 0 0 0
outer loop
vertex 11.947945 0.546765 10.399372
vertex 11.947945 0.567518 10.379372
vertex 11.968422 0.567518 10.399372
endloop
endfacet
facet normal 0 0 0
outer loop
vertex 11.947945 0.567518 10.379372
vertex 11.968422 0.567518 10.379372
vertex 11.968422 0.567518 10.399372
endloop
endfacet
facet normal 0 0 0
outer loop
vertex 11.968422 0.567518 10.379372
vertex 11.988897 0.567518 10.399372
vertex 11.968422 0.567518 10.399372
endloop
endfacet
facet normal 0 0 0
outer loop
vertex 11.661283 0.588272 10.379372
vertex 11.681761 0.567518 10.379372
vertex 11.681761 0.588272 10.379372
endloop
endfacet
facet normal 0 0 0
outer loop
vertex 11.702236 0.588272 10.399372
vertex 11.681761 0.588272 10.379372
vertex 11.702236 0.567518 10.379372
endloop
endfacet
facet normal 0 0 0
outer loop
vertex 11.681761 0.588272 10.379372
vertex 11.681761 0.567518 10.379372
vertex 11.702236 0.567518 10.379372
endloop
endfacet
facet normal 0 0 0
outer loop
vertex 11.722712 0.567518 10.399372
vertex 11.702236 0.588272 10.399372
vertex 11.702236 0.567518 10.379372
endloop
endfacet
facet normal 0 0 0
outer loop
vertex 11.968422 0.567518 10.379372
vertex 11.988897 0.588272 10.379372
vertex 11.988897 0.567518 10.399372
endloop
endfacet
facet normal 0 0 0
outer loop
vertex 11.988897 0.588272 10.379372
vertex 12.009373 0.588272 10.399372
vertex 11.988897 0.567518 10.399372
endloop
endfacet
facet normal 0 0 0
outer loop
vertex 11.681761 0.609025 10.399372
vertex 11.661283 0.609025 10.379372
vertex 11.681761 0.588272 10.379372
endloop
endfacet
facet normal 0 0 0
outer loop
vertex 11.661283 0.609025 10.379372
vertex 11.661283 0.588272 10.379372
vertex 11.681761 0.588272 10.379372
endloop
endfacet
facet normal 0 0 0
outer loop
vertex 11.702236 0.588272 10.399372
vertex 11.681761 0.609025 10.399372
vertex 11.681761 0.588272 10.379372
endloop
endfacet
facet normal 0 0 0
outer loop
vertex 11.988897 0.588272 10.379372
vertex 12.009373 0.609025 10.379372
vertex 12.009373 0.588272 10.399372
endloop
endfacet
facet normal 0 0 0
outer loop
vertex 12.009373 0.588272 10.399372
vertex 12.009373 0.609025 10.379372
vertex 12.029848 0.609025 10.399372
endloop
endfacet
facet normal 0 0 0
outer loop
vertex 12.009373 0.609025 10.379372
vertex 12.029848 0.609025 10.379372
vertex 12.029848 0.609025 10.399372
endloop
endfacet
facet normal 0 0 0
outer loop
vertex 12.029848 0.609025 10.379372
vertex 12.050323 0.609025 10.399372
vertex 12.029848 0.609025 10.399372
endloop
endfacet
facet normal 0 0 0
outer loop
vertex 11.681761 0.629778 10.399372
vertex 11.661283 0.609025 10.379372
vertex 11.681761 0.609025 10.399372
endloop
endfacet
facet normal 0 0 0
outer loop
vertex 11.661283 0.629778 10.379372
vertex 11.661283 0.609025 10.379372
vertex 11.681761 0.629778 10.399372
endloop
endfacet
facet normal 0 0 0
outer loop
vertex 12.029848 0.609025 10.379372
vertex 12.050323 0.629778 10.379372
vertex 12.050323 0.609025 10.399372
endloop
endfacet
facet normal 0 0 0
outer loop
vertex 12.050323 0.629778 10.379372
vertex 12.070801 0.629778 10.399372
vertex 12.050323 0.609025 10.399372
endloop
endfacet
facet normal 0 0 0
outer loop
vertex 11.661283 0.629778 10.379372
vertex 11.681761 0.629778 10.399372
vertex 11.681761 0.650532 10.379372
endloop
endfacet
facet normal 0 0 0
outer loop
vertex 11.681761 0.629778 10.399372
vertex 11.681761 0.650532 10.399372
vertex 11.681761 0.650532 10.379372
endloop
endfacet
facet normal 0 0 0
outer loop
vertex 12.050323 0.629778 10.379372
vertex 12.070801 0.650532 10.379372
vertex 12.070801 0.629778 10.399372
endloop
endfacet
facet normal 0 0 0
outer loop
vertex 12.070801 0.629778 10.399372
vertex 12.070801 0.650532 10.379372
vertex 12.091276 0.650532 10.399372
endloop
endfacet
facet normal 0 0 0
outer loop
vertex 12.070801 0.650532 10.379372
vertex 12.091276 0.650532 10.379372
vertex 12.091276 0.650532 10.399372
endloop
endfacet
facet normal 0 0 0
outer loop
vertex 11.681761 0.650532 10.379372
vertex 11.681761 0.650532 10.399372
vertex 11.681761 0.671285 10.379372
endloop
endfacet
facet normal 0 0 0
outer loop
vertex 11.681761 0.650532 10.399372
vertex 11.681761 0.671285 10.399372
vertex 11.681761 0.671285 10.379372
endloop
endfacet
facet normal 0 0 0
outer loop
vertex 12.091276 0.650532 10.379372
vertex 12.111752 0.671285 10.399372
vertex 12.091276 0.650532 10.399372
endloop
endfacet
facet normal 0 0 0
outer loop
vertex 12.111752 0.671285 10.379372
vertex 12.111752 0.671285 10.399372
vertex 12.091276 0.650532 10.379372
endloop
endfacet
facet normal 0 0 0
outer loop
vertex 11.681761 0.671285 10.379372
vertex 11.681761 0.671285 10.399372
vertex 11.681761 0.692038 10.379372
endloop
endfacet
facet normal 0 0 0
outer loop
vertex 11.681761 0.671285 10.399372
vertex 11.681761 0.692038 10.399372
vertex 11.681761 0.692038 10.379372
endloop
endfacet
facet normal 0 0 0
outer loop
vertex 12.132227 0.692038 10.399372
vertex 12.111752 0.671285 10.399372
vertex 12.111752 0.692038 10.379372
endloop
endfacet
facet normal 0 0 0
outer loop
vertex 12.111752 0.671285 10.399372
vertex 12.111752 0.671285 10.379372
vertex 12.111752 0.692038 10.379372
endloop
endfacet
facet normal 0 0 0
outer loop
vertex 11.681761 0.692038 10.399372
vertex 11.702236 0.712792 10.379372
vertex 11.681761 0.692038 10.379372
endloop
endfacet
facet normal 0 0 0
outer loop
vertex 11.702236 0.712792 10.399372
vertex 11.702236 0.712792 10.379372
vertex 11.681761 0.692038 10.399372
endloop
endfacet
facet normal 0 0 0
outer loop
vertex 12.111752 0.692038 10.379372
vertex 12.132227 0.712792 10.379372
vertex 12.132227 0.692038 10.399372
endloop
endfacet
facet normal 0 0 0
outer loop
vertex 12.132227 0.712792 10.379372
vertex 12.152704 0.712792 10.399372
vertex 12.132227 0.692038 10.399372
endloop
endfacet
facet normal 0 0 0
outer loop
vertex 11.702236 0.712792 10.399372
vertex 11.702236 0.733545 10.379372
vertex 11.702236 0.712792 10.379372
endloop
endfacet
facet normal 0 0 0
outer loop
vertex 11.702236 0.712792 10.399372
vertex 11.722712 0.733545 10.399372
vertex 11.702236 0.733545 10.379372
endloop
endfacet
facet normal 0 0 0
outer loop
vertex 12.152704 0.712792 10.399372
vertex 12.132227 0.733545 10.379372
vertex 12.152704 0.733545 10.399372
endloop
endfacet
facet normal 0 0 0
outer loop
vertex 12.132227 0.712792 10.379372
vertex 12.132227 0.733545 10.379372
vertex 12.152704 0.712792 10.399372
endloop
endfacet
facet normal 0 0 0
outer loop
vertex 11.702236 0.733545 10.379372
vertex 11.722712 0.733545 10.399372
vertex 11.722712 0.754298 10.379372
endloop
endfacet
facet normal 0 0 0
outer loop
vertex 11.722712 0.733545 10.399372
vertex 11.722712 0.754298 10.399372
vertex 11.722712 0.754298 10.379372
endloop
endfacet
facet normal 0 0 0
outer loop
vertex 12.132227 0.733545 10.379372
vertex 12.152704 0.754298 10.379372
vertex 12.152704 0.733545 10.399372
endloop
endfacet
facet normal 0 0 0
outer loop
vertex 12.152704 0.754298 10.379372
vertex 12.173180 0.754298 10.399372
vertex 12.152704 0.733545 10.399372
endloop
endfacet
facet normal 0 0 0
outer loop
vertex 11.722712 0.754298 10.399372
vertex 11.743187 0.775052 10.379372
vertex 11.722712 0.754298 10.379372
endloop
endfacet
facet normal 0 0 0
outer loop
vertex 11.743187 0.775052 10.399372
vertex 11.743187 0.775052 10.379372
vertex 11.722712 0.754298 10.399372
endloop
endfacet
facet normal 0 0 0
outer loop
vertex 12.173180 0.754298 10.399372
vertex 12.152704 0.775052 10.379372
vertex 12.173180 0.775052 10.399372
endloop
endfacet
facet normal 0 0 0
outer loop
vertex 12.152704 0.754298 10.379372
vertex 12.152704 0.775052 10.379372
vertex 12.173180 0.754298 10.399372
endloop
endfacet
facet normal 0 0 0
outer loop
vertex 11.743187 0.775052 10.399372
vertex 11.763662 0.795805 10.379372
vertex 11.743187 0.775052 10.379372
endloop
endfacet
facet normal 0 0 0
outer loop
vertex 11.763662 0.795805 10.399372
vertex 11.763662 0.795805 10.379372
vertex 11.743187 0.775052 10.399372
endloop
endfacet
facet normal 0 0 0
outer loop
vertex 12.173180 0.775052 10.399372
vertex 12.152704 0.795805 10.379372
vertex 12.173180 0.795805 10.399372
endloop
endfacet
facet normal 0 0 0
outer loop
vertex 12.152704 0.775052 10.379372
vertex 12.152704 0.795805 10.379372
vertex 12.173180 0.775052 10.399372
endloop
endfacet
facet normal 0 0 0
outer loop
vertex 11.763662 0.795805 10.399372
vertex 11.784140 0.816558 10.379372
vertex 11.763662 0.795805 10.379372
endloop
endfacet
facet normal 0 0 0
outer loop
vertex 11.784140 0.816558 10.399372
vertex 11.784140 0.816558 10.379372
vertex 11.763662 0.795805 10.399372
endloop
endfacet
facet normal 0 0 0
outer loop
vertex 12.173180 0.795805 10.399372
vertex 12.152704 0.816558 10.379372
vertex 12.173180 0.816558 10.399372
endloop
endfacet
facet normal 0 0 0
outer loop
vertex 12.152704 0.795805 10.379372
vertex 12.152704 0.816558 10.379372
vertex 12.173180 0.795805 10.399372
endloop
endfacet
facet normal 0 0 0
outer loop
vertex 12.193655 0.816558 10.399372
vertex 12.173180 0.795805 10.399372
vertex 12.173180 0.816558 10.399372
endloop
endfacet
facet normal 0 0 0
outer loop
vertex 11.804615 0.837312 10.399372
vertex 11.804615 0.816558 10.379372
vertex 11.784140 0.816558 10.399372
endloop
endfacet
facet normal 0 0 0
outer loop
vertex 11.804615 0.816558 10.379372
vertex 11.784140 0.816558 10.379372
vertex 11.784140 0.816558 10.399372
endloop
endfacet
facet normal 0 0 0
outer loop
vertex 11.804615 0.816558 10.379372
vertex 11.804615 0.837312 10.399372
vertex 11.825090 0.837312 10.379372
endloop
endfacet
facet normal 0 0 0
outer loop
vertex 12.173180 0.816558 10.399372
vertex 12.152704 0.837312 10.379372
vertex 12.173180 0.837312 10.399372
endloop
endfacet
facet normal 0 0 0
outer loop
vertex 12.152704 0.816558 10.379372
vertex 12.152704 0.837312 10.379372
vertex 12.173180 0.816558 10.399372
endloop
endfacet
facet normal 0 0 0
outer loop
vertex 12.173180 0.837312 10.399372
vertex 12.193655 0.816558 10.399372
vertex 12.173180 0.816558 10.399372
endloop
endfacet
facet normal 0 0 0
outer loop
vertex 11.825090 0.837312 10.379372
vertex 11.804615 0.837312 10.399372
vertex 11.825090 0.858065 10.399372
endloop
endfacet
facet normal 0 0 0
outer loop
vertex 11.825090 0.837312 10.379372
vertex 11.825090 0.858065 10.399372
vertex 11.845566 0.858065 10.379372
endloop
endfacet
facet normal 0 0 0
outer loop
vertex 12.152704 0.837312 10.379372
vertex 12.132227 0.858065 10.379372
vertex 12.152704 0.858065 10.399372
endloop
endfacet
facet normal 0 0 0
outer loop
vertex 12.152704 0.837312 10.379372
vertex 12.152704 0.858065 10.399372
vertex 12.173180 0.837312 10.399372
endloop
endfacet
facet normal 0 0 0
outer loop
vertex 11.845566 0.858065 10.379372
vertex 11.825090 0.858065 10.399372
vertex 11.845566 0.858065 10.399372
endloop
endfacet
facet normal 0 0 0
outer loop
vertex 11.866043 0.878818 10.399372
vertex 11.866043 0.858065 10.379372
vertex 11.845566 0.858065 10.399372
endloop
endfacet
facet normal 0 0 0
outer loop
vertex 11.866043 0.858065 10.379372
vertex 11.845566 0.858065 10.379372
vertex 11.845566 0.858065 10.399372
endloop
endfacet
facet normal 0 0 0
outer loop
vertex 11.866043 0.858065 10.379372
vertex 11.886518 0.878818 10.399372
vertex 11.886518 0.858065 10.379372
endloop
endfacet
facet normal 0 0 0
outer loop
vertex 11.866043 0.878818 10.399372
vertex 11.886518 0.878818 10.399372
vertex 11.866043 0.858065 10.379372
endloop
endfacet
facet normal 0 0 0
outer loop
vertex 11.886518 0.858065 10.379372
vertex 11.886518 0.878818 10.399372
vertex 11.906994 0.878818 10.379372
endloop
endfacet
facet normal 0 0 0
outer loop
vertex 12.111752 0.858065 10.379372
vertex 12.091276 0.878818 10.379372
vertex 12.111752 0.878818 10.399372
endloop
endfacet
facet normal 0 0 0
outer loop
vertex 12.111752 0.858065 10.379372
vertex 12.132227 0.878818 10.399372
vertex 12.132227 0.858065 10.379372
endloop
endfacet
facet normal 0 0 0
outer loop
vertex 12.111752 0.878818 10.399372
vertex 12.132227 0.878818 10.399372
vertex 12.111752 0.858065 10.379372
endloop
endfacet
facet normal 0 0 0
outer loop
vertex 12.132227 0.858065 10.379372
vertex 12.132227 0.878818 10.399372
vertex 12.152704 0.858065 10.399372
endloop
endfacet
facet normal 0 0 0
outer loop
vertex 11.906994 0.878818 10.379372
vertex 11.886518 0.878818 10.399372
vertex 11.906994 0.878818 10.399372
endloop
endfacet
facet normal 0 0 0
outer loop
vertex 11.927469 0.899572 10.399372
vertex 11.927469 0.878818 10.379372
vertex 11.906994 0.878818 10.399372
endloop
endfacet
facet normal 0 0 0
outer loop
vertex 11.927469 0.878818 10.379372
vertex 11.906994 0.878818 10.379372
vertex 11.906994 0.878818 10.399372
endloop
endfacet
facet normal 0 0 0
outer loop
vertex 11.927469 0.878818 10.379372
vertex 11.947945 0.899572 10.399372
vertex 11.947945 0.878818 10.379372
endloop
endfacet
facet normal 0 0 0
outer loop
vertex 11.927469 0.899572 10.399372
vertex 11.947945 0.899572 10.399372
vertex 11.927469 0.878818 10.379372
endloop
endfacet
facet normal 0 0 0
outer loop
vertex 11.947945 0.878818 10.379372
vertex 11.968422 0.899572 10.399372
vertex 11.968422 0.878818 10.379372
endloop
endfacet
facet normal 0 0 0
outer loop
vertex 11.947945 0.899572 10.399372
vertex 11.968422 0.899572 10.399372
vertex 11.947945 0.878818 10.379372
endloop
endfacet
facet normal 0 0 0
outer loop
vertex 11.968422 0.878818 10.379372
vertex 11.988897 0.899572 10.399372
vertex 11.988897 0.878818 10.379372
endloop
endfacet
facet normal 0 0 0
outer loop
vertex 11.968422 0.899572 10.399372
vertex 11.988897 0.899572 10.399372
vertex 11.968422 0.878818 10.379372
endloop
endfacet
facet normal 0 0 0
outer loop
vertex 11.988897 0.878818 10.379372
vertex 12.009373 0.899572 10.399372
vertex 12.009373 0.878818 10.379372
endloop
endfacet
facet normal 0 0 0
outer loop
vertex 11.988897 0.899572 10.399372
vertex 12.009373 0.899572 10.399372
vertex 11.988897 0.878818 10.379372
endloop
endfacet
facet normal 0 0 0
outer loop
vertex 12.009373 0.878818 10.379372
vertex 12.029848 0.899572 10.399372
vertex 12.029848 0.878818 10.379372
endloop
endfacet
facet normal 0 0 0
outer loop
vertex 12.009373 0.899572 10.399372
vertex 12.029848 0.899572 10.399372
vertex 12.009373 0.878818 10.379372
endloop
endfacet
facet normal 0 0 0
outer loop
vertex 12.029848 0.878818 10.379372
vertex 12.050323 0.899572 10.399372
vertex 12.050323 0.878818 10.379372
endloop
endfacet
facet normal 0 0 0
outer loop
vertex 12.029848 0.899572 10.399372
vertex 12.050323 0.899572 10.399372
vertex 12.029848 0.878818 10.379372
endloop
endfacet
facet normal 0 0 0
outer loop
vertex 12.050323 0.878818 10.379372
vertex 12.070801 0.899572 10.399372
vertex 12.070801 0.878818 10.379372
endloop
endfacet
facet normal 0 0 0
outer loop
vertex 12.050323 0.899572 10.399372
vertex 12.070801 0.899572 10.399372
vertex 12.050323 0.878818 10.379372
endloop
endfacet
facet normal 0 0 0
outer loop
vertex 12.070801 0.878818 10.379372
vertex 12.091276 0.899572 10.399372
vertex 12.091276 0.878818 10.379372
endloop
endfacet
facet normal 0 0 0
outer loop
vertex 12.070801 0.899572 10.399372
vertex 12.091276 0.899572 10.399372
vertex 12.070801 0.878818 10.379372
endloop
endfacet
facet normal 0 0 0
outer loop
vertex 12.091276 0.878818 10.379372
vertex 12.091276 0.899572 10.399372
vertex 12.111752 0.878818 10.399372
endloop
endfacet
facet normal 0 0 0
outer loop
vertex 11.804615 0.546765 10.419372
vertex 11.784140 0.546765 10.399372
vertex 11.804615 0.546765 10.399372
endloop
endfacet
facet normal 0 0 0
outer loop
vertex 11.825090 0.546765 10.399372
vertex 11.825090 0.546765 10.419372
vertex 11.804615 0.546765 10.399372
endloop
endfacet
facet normal 0 0 0
outer loop
vertex 11.804615 0.546765 10.399372
vertex 11.825090 0.546765 10.419372
vertex 11.804615 0.546765 10.419372
endloop
endfacet
facet normal 0 0 0
outer loop
vertex 11.845566 0.546765 10.399372
vertex 11.845566 0.546765 10.419372
vertex 11.825090 0.546765 10.399372
endloop
endfacet
facet normal 0 0 0
outer loop
vertex 11.825090 0.546765 10.399372
vertex 11.845566 0.546765 10.419372
vertex 11.825090 0.546765 10.419372
endloop
endfacet
facet normal 0 0 0
outer loop
vertex 11.866043 0.546765 10.399372
vertex 11.866043 0.546765 10.419372
vertex 11.845566 0.546765 10.399372
endloop
endfacet
facet normal 0 0 0
outer loop
vertex 11.845566 0.546765 10.399372
vertex 11.866043 0.546765 10.419372
vertex 11.845566 0.546765 10.419372
endloop
endfacet
facet normal 0 0 0
outer loop
vertex 11.886518 0.546765 10.399372
vertex 11.886518 0.546765 10.419372
vertex 11.866043 0.546765 10.399372
endloop
endfacet
facet normal 0 0 0
outer loop
vertex 11.866043 0.546765 10.399372
vertex 11.886518 0.546765 10.419372
vertex 11.866043 0.546765 10.419372
endloop
endfacet
facet normal 0 0 0
outer loop
vertex 11.906994 0.546765 10.399372
vertex 11.886518 0.546765 10.419372
vertex 11.886518 0.546765 10.399372
endloop
endfacet
facet normal 0 0 0
outer loop
vertex 11.743187 0.567518 10.419372
vertex 11.722712 0.567518 10.399372
vertex 11.743187 0.567518 10.399372
endloop
endfacet
facet normal 0 0 0
outer loop
vertex 11.763662 0.546765 10.399372
vertex 11.763662 0.567518 10.419372
vertex 11.743187 0.567518 10.399372
endloop
endfacet
facet normal 0 0 0
outer loop
vertex 11.763662 0.567518 10.419372
vertex 11.743187 0.567518 10.419372
vertex 11.743187 0.567518 10.399372
endloop
endfacet
facet normal 0 0 0
outer loop
vertex 11.784140 0.546765 10.399372
vertex 11.763662 0.567518 10.419372
vertex 11.763662 0.546765 10.399372
endloop
endfacet
facet normal 0 0 0
outer loop
vertex 11.784140 0.567518 10.419372
vertex 11.763662 0.567518 10.419372
vertex 11.784140 0.546765 10.399372
endloop
endfacet
facet normal 0 0 0
outer loop
vertex 11.804615 0.546765 10.419372
vertex 11.784140 0.567518 10.419372
vertex 11.784140 0.546765 10.399372
endloop
endfacet
facet normal 0 0 0
outer loop
vertex 11.906994 0.546765 10.399372
vertex 11.906994 0.567518 10.419372
vertex 11.886518 0.546765 10.419372
endloop
endfacet
facet normal 0 0 0
outer loop
vertex 11.927469 0.546765 10.399372
vertex 11.906994 0.567518 10.419372
vertex 11.906994 0.546765 10.399372
endloop
endfacet
facet normal 0 0 0
outer loop
vertex 11.927469 0.567518 10.419372
vertex 11.906994 0.567518 10.419372
vertex 11.927469 0.546765 10.399372
endloop
endfacet
facet normal 0 0 0
outer loop
vertex 11.947945 0.546765 10.399372
vertex 11.927469 0.567518 10.419372
vertex 11.927469 0.546765 10.399372
endloop
endfacet
facet normal 0 0 0
outer loop
vertex 11.947945 0.567518 10.419372
vertex 11.927469 0.567518 10.419372
vertex 11.947945 0.546765 10.399372
endloop
endfacet
facet normal 0 0 0
outer loop
vertex 11.968422 0.567518 10.399372
vertex 11.947945 0.567518 10.419372
vertex 11.947945 0.546765 10.399372
endloop
endfacet
facet normal 0 0 0
outer loop
vertex 11.722712 0.567518 10.399372
vertex 11.722712 0.588272 10.419372
vertex 11.702236 0.588272 10.399372
endloop
endfacet
facet normal 0 0 0
outer loop
vertex 11.743187 0.567518 10.419372
vertex 11.722712 0.588272 10.419372
vertex 11.722712 0.567518 10.399372
endloop
endfacet
facet normal 0 0 0
outer loop
vertex 11.968422 0.567518 10.399372
vertex 11.968422 0.588272 10.419372
vertex 11.947945 0.567518 10.419372
endloop
endfacet
facet normal 0 0 0
outer loop
vertex 11.988897 0.567518 10.399372
vertex 11.968422 0.588272 10.419372
vertex 11.968422 0.567518 10.399372
endloop
endfacet
facet normal 0 0 0
outer loop
vertex 11.988897 0.588272 10.419372
vertex 11.968422 0.588272 10.419372
vertex 11.988897 0.567518 10.399372
endloop
endfacet
facet normal 0 0 0
outer loop
vertex 12.009373 0.588272 10.399372
vertex 11.988897 0.588272 10.419372
vertex 11.988897 0.567518 10.399372
endloop
endfacet
facet normal 0 0 0
outer loop
vertex 11.702236 0.588272 10.399372
vertex 11.702236 0.609025 10.419372
vertex 11.681761 0.609025 10.399372
endloop
endfacet
facet normal 0 0 0
outer loop
vertex 11.722712 0.588272 10.419372
vertex 11.702236 0.609025 10.419372
vertex 11.702236 0.588272 10.399372
endloop
endfacet
facet normal 0 0 0
outer loop
vertex 12.009373 0.588272 10.399372
vertex 12.009373 0.609025 10.419372
vertex 11.988897 0.588272 10.419372
endloop
endfacet
facet normal 0 0 0
outer loop
vertex 12.009373 0.588272 10.399372
vertex 12.029848 0.609025 10.399372
vertex 12.009373 0.609025 10.419372
endloop
endfacet
facet normal 0 0 0
outer loop
vertex 12.029848 0.609025 10.399372
vertex 12.029848 0.609025 10.419372
vertex 12.009373 0.609025 10.419372
endloop
endfacet
facet normal 0 0 0
outer loop
vertex 12.050323 0.609025 10.399372
vertex 12.029848 0.609025 10.419372
vertex 12.029848 0.609025 10.399372
endloop
endfacet
facet normal 0 0 0
outer loop
vertex 11.681761 0.609025 10.399372
vertex 11.681761 0.629778 10.419372
vertex 11.681761 0.629778 10.399372
endloop
endfacet
facet normal 0 0 0
outer loop
vertex 11.702236 0.609025 10.419372
vertex 11.681761 0.629778 10.419372
vertex 11.681761 0.609025 10.399372
endloop
endfacet
facet normal 0 0 0
outer loop
vertex 12.050323 0.609025 10.399372
vertex 12.050323 0.629778 10.419372
vertex 12.029848 0.609025 10.419372
endloop
endfacet
facet normal 0 0 0
outer loop
vertex 12.070801 0.629778 10.399372
vertex 12.050323 0.629778 10.419372
vertex 12.050323 0.609025 10.399372
endloop
endfacet
facet normal 0 0 0
outer loop
vertex 11.681761 0.629778 10.399372
vertex 11.681761 0.629778 10.419372
vertex 11.681761 0.650532 10.399372
endloop
endfacet
facet normal 0 0 0
outer loop
vertex 11.681761 0.629778 10.419372
vertex 11.681761 0.650532 10.419372
vertex 11.681761 0.650532 10.399372
endloop
endfacet
facet normal 0 0 0
outer loop
vertex 12.070801 0.629778 10.399372
vertex 12.070801 0.650532 10.419372
vertex 12.050323 0.629778 10.419372
endloop
endfacet
facet normal 0 0 0
outer loop
vertex 12.070801 0.629778 10.399372
vertex 12.091276 0.650532 10.399372
vertex 12.070801 0.650532 10.419372
endloop
endfacet
facet normal 0 0 0
outer loop
vertex 12.091276 0.650532 10.399372
vertex 12.091276 0.650532 10.419372
vertex 12.070801 0.650532 10.419372
endloop
endfacet
facet normal 0 0 0
outer loop
vertex 11.681761 0.650532 10.419372
vertex 11.681761 0.671285 10.399372
vertex 11.681761 0.650532 10.399372
endloop
endfacet
facet normal 0 0 0
outer loop
vertex 11.681761 0.650532 10.419372
vertex 11.702236 0.671285 10.419372
vertex 11.681761 0.671285 10.399372
endloop
endfacet
facet normal 0 0 0
outer loop
vertex 12.091276 0.650532 10.399372
vertex 12.111752 0.671285 10.419372
vertex 12.091276 0.650532 10.419372
endloop
endfacet
facet normal 0 0 0
outer loop
vertex 12.111752 0.671285 10.399372
vertex 12.111752 0.671285 10.419372
vertex 12.091276 0.650532 10.399372
endloop
endfacet
facet normal 0 0 0
outer loop
vertex 11.702236 0.692038 10.419372
vertex 11.681761 0.671285 10.399372
vertex 11.702236 0.671285 10.419372
endloop
endfacet
facet normal 0 0 0
outer loop
vertex 11.681761 0.692038 10.399372
vertex 11.681761 0.671285 10.399372
vertex 11.702236 0.692038 10.419372
endloop
endfacet
facet normal 0 0 0
outer loop
vertex 12.111752 0.671285 10.399372
vertex 12.132227 0.692038 10.419372
vertex 12.111752 0.671285 10.419372
endloop
endfacet
facet normal 0 0 0
outer loop
vertex 12.132227 0.692038 10.399372
vertex 12.132227 0.692038 10.419372
vertex 12.111752 0.671285 10.399372
endloop
endfacet
facet normal 0 0 0
outer loop
vertex 11.681761 0.692038 10.399372
vertex 11.702236 0.692038 10.419372
vertex 11.702236 0.712792 10.399372
endloop
endfacet
facet normal 0 0 0
outer loop
vertex 11.702236 0.692038 10.419372
vertex 11.702236 0.712792 10.419372
vertex 11.702236 0.712792 10.399372
endloop
endfacet
facet normal 0 0 0
outer loop
vertex 12.132227 0.692038 10.399372
vertex 12.152704 0.712792 10.419372
vertex 12.132227 0.692038 10.419372
endloop
endfacet
facet normal 0 0 0
outer loop
vertex 12.152704 0.712792 10.399372
vertex 12.152704 0.712792 10.419372
vertex 12.132227 0.692038 10.399372
endloop
endfacet
facet normal 0 0 0
outer loop
vertex 11.702236 0.712792 10.419372
vertex 11.722712 0.733545 10.399372
vertex 11.702236 0.712792 10.399372
endloop
endfacet
facet normal 0 0 0
outer loop
vertex 11.722712 0.733545 10.419372
vertex 11.722712 0.733545 10.399372
vertex 11.702236 0.712792 10.419372
endloop
endfacet
facet normal 0 0 0
outer loop
vertex 12.173180 0.733545 10.419372
vertex 12.152704 0.712792 10.419372
vertex 12.152704 0.733545 10.399372
endloop
endfacet
facet normal 0 0 0
outer loop
vertex 12.152704 0.712792 10.419372
vertex 12.152704 0.712792 10.399372
vertex 12.152704 0.733545 10.399372
endloop
endfacet
facet normal 0 0 0
outer loop
vertex 11.722712 0.733545 10.399372
vertex 11.722712 0.733545 10.419372
vertex 11.722712 0.754298 10.399372
endloop
endfacet
facet normal 0 0 0
outer loop
vertex 11.722712 0.733545 10.419372
vertex 11.722712 0.754298 10.419372
vertex 11.722712 0.754298 10.399372
endloop
endfacet
facet normal 0 0 0
outer loop
vertex 12.152704 0.733545 10.399372
vertex 12.173180 0.754298 10.399372
vertex 12.173180 0.733545 10.419372
endloop
endfacet
facet normal 0 0 0
outer loop
vertex 12.173180 0.733545 10.419372
vertex 12.173180 0.754298 10.399372
vertex 12.173180 0.754298 10.419372
endloop
endfacet
facet normal 0 0 0
outer loop
vertex 11.722712 0.754298 10.419372
vertex 11.743187 0.775052 10.399372
vertex 11.722712 0.754298 10.399372
endloop
endfacet
facet normal 0 0 0
outer loop
vertex 11.743187 0.775052 10.419372
vertex 11.743187 0.775052 10.399372
vertex 11.722712 0.754298 10.419372
endloop
endfacet
facet normal 0 0 0
outer loop
vertex 12.193655 0.775052 10.419372
vertex 12.173180 0.754298 10.419372
vertex 12.173180 0.775052 10.399372
endloop
endfacet
facet normal 0 0 0
outer loop
vertex 12.173180 0.754298 10.419372
vertex 12.173180 0.754298 10.399372
vertex 12.173180 0.775052 10.399372
endloop
endfacet
facet normal 0 0 0
outer loop
vertex 11.743187 0.775052 10.419372
vertex 11.763662 0.795805 10.399372
vertex 11.743187 0.775052 10.399372
endloop
endfacet
facet normal 0 0 0
outer loop
vertex 11.763662 0.795805 10.419372
vertex 11.763662 0.795805 10.399372
vertex 11.743187 0.775052 10.419372
endloop
endfacet
facet normal 0 0 0
outer loop
vertex 12.193655 0.775052 10.419372
vertex 12.173180 0.795805 10.399372
vertex 12.193655 0.795805 10.419372
endloop
endfacet
facet normal 0 0 0
outer loop
vertex 12.173180 0.775052 10.399372
vertex 12.173180 0.795805 10.399372
vertex 12.193655 0.775052 10.419372
endloop
endfacet
facet normal 0 0 0
outer loop
vertex 11.763662 0.795805 10.419372
vertex 11.784140 0.816558 10.399372
vertex 11.763662 0.795805 10.399372
endloop
endfacet
facet normal 0 0 0
outer loop
vertex 11.784140 0.816558 10.419372
vertex 11.784140 0.816558 10.399372
vertex 11.763662 0.795805 10.419372
endloop
endfacet
facet normal 0 0 0
outer loop
vertex 12.173180 0.795805 10.399372
vertex 12.193655 0.816558 10.399372
vertex 12.193655 0.795805 10.419372
endloop
endfacet
facet normal 0 0 0
outer loop
vertex 12.193655 0.795805 10.419372
vertex 12.193655 0.816558 10.399372
vertex 12.193655 0.816558 10.419372
endloop
endfacet
facet normal 0 0 0
outer loop
vertex 11.784140 0.816558 10.419372
vertex 11.804615 0.837312 10.399372
vertex 11.784140 0.816558 10.399372
endloop
endfacet
facet normal 0 0 0
outer loop
vertex 11.804615 0.837312 10.419372
vertex 11.804615 0.837312 10.399372
vertex 11.784140 0.816558 10.419372
endloop
endfacet
facet normal 0 0 0
outer loop
vertex 12.193655 0.816558 10.399372
vertex 12.173180 0.837312 10.419372
vertex 12.193655 0.816558 10.419372
endloop
endfacet
facet normal 0 0 0
outer loop
vertex 12.173180 0.837312 10.399372
vertex 12.173180 0.837312 10.419372
vertex 12.193655 0.816558 10.399372
endloop
endfacet
facet normal 0 0 0
outer loop
vertex 11.804615 0.837312 10.419372
vertex 11.825090 0.858065 10.399372
vertex 11.804615 0.837312 10.399372
endloop
endfacet
facet normal 0 0 0
outer loop
vertex 11.825090 0.858065 10.419372
vertex 11.825090 0.858065 10.399372
vertex 11.804615 0.837312 10.419372
endloop
endfacet
facet normal 0 0 0
outer loop
vertex 12.173180 0.837312 10.399372
vertex 12.152704 0.858065 10.419372
vertex 12.173180 0.837312 10.419372
endloop
endfacet
facet normal 0 0 0
outer loop
vertex 12.152704 0.858065 10.399372
vertex 12.152704 0.858065 10.419372
vertex 12.173180 0.837312 10.399372
endloop
endfacet
facet normal 0 0 0
outer loop
vertex 11.845566 0.858065 10.399372
vertex 11.825090 0.858065 10.399372
vertex 11.845566 0.858065 10.419372
endloop
endfacet
facet normal 0 0 0
outer loop
vertex 11.825090 0.858065 10.399372
vertex 11.825090 0.858065 10.419372
vertex 11.845566 0.858065 10.419372
endloop
endfacet
facet normal 0 0 0
outer loop
vertex 11.845566 0.858065 10.419372
vertex 11.866043 0.878818 10.399372
vertex 11.845566 0.858065 10.399372
endloop
endfacet
facet normal 0 0 0
outer loop
vertex 11.866043 0.878818 10.419372
vertex 11.866043 0.878818 10.399372
vertex 11.845566 0.858065 10.419372
endloop
endfacet
facet normal 0 0 0
outer loop
vertex 12.152704 0.858065 10.399372
vertex 12.132227 0.878818 10.399372
vertex 12.152704 0.878818 10.419372
endloop
endfacet
facet normal 0 0 0
outer loop
vertex 12.152704 0.858065 10.399372
vertex 12.152704 0.878818 10.419372
vertex 12.152704 0.858065 10.419372
endloop
endfacet
facet normal 0 0 0
outer loop
vertex 11.886518 0.878818 10.399372
vertex 11.866043 0.878818 10.399372
vertex 11.886518 0.878818 10.419372
endloop
endfacet
facet normal 0 0 0
outer loop
vertex 11.866043 0.878818 10.399372
vertex 11.866043 0.878818 10.419372
vertex 11.886518 0.878818 10.419372
endloop
endfacet
facet normal 0 0 0
outer loop
vertex 11.906994 0.899572 10.419372
vertex 11.906994 0.878818 10.399372
vertex 11.886518 0.878818 10.419372
endloop
endfacet
facet normal 0 0 0
outer loop
vertex 11.906994 0.878818 10.399372
vertex 11.886518 0.878818 10.399372
vertex 11.886518 0.878818 10.419372
endloop
endfacet
facet normal 0 0 0
outer loop
vertex 11.906994 0.878818 10.399372
vertex 11.906994 0.899572 10.419372
vertex 11.927469 0.899572 10.399372
endloop
endfacet
facet normal 0 0 0
outer loop
vertex 12.111752 0.878818 10.399372
vertex 12.091276 0.899572 10.399372
vertex 12.111752 0.899572 10.419372
endloop
endfacet
facet normal 0 0 0
outer loop
vertex 12.111752 0.878818 10.399372
vertex 12.132227 0.899572 10.419372
vertex 12.132227 0.878818 10.399372
endloop
endfacet
facet normal 0 0 0
outer loop
vertex 12.111752 0.899572 10.419372
vertex 12.132227 0.899572 10.419372
vertex 12.111752 0.878818 10.399372
endloop
endfacet
facet normal 0 0 0
outer loop
vertex 12.132227 0.878818 10.399372
vertex 12.132227 0.899572 10.419372
vertex 12.152704 0.878818 10.419372
endloop
endfacet
facet normal 0 0 0
outer loop
vertex 11.927469 0.899572 10.399372
vertex 11.906994 0.899572 10.419372
vertex 11.927469 0.899572 10.419372
endloop
endfacet
facet normal 0 0 0
outer loop
vertex 11.947945 0.899572 10.399372
vertex 11.927469 0.899572 10.399372
vertex 11.947945 0.899572 10.419372
endloop
endfacet
facet normal 0 0 0
outer loop
vertex 11.927469 0.899572 10.399372
vertex 11.927469 0.899572 10.419372
vertex 11.947945 0.899572 10.419372
endloop
endfacet
facet normal 0 0 0
outer loop
vertex 11.968422 0.920325 10.419372
vertex 11.968422 0.899572 10.399372
vertex 11.947945 0.899572 10.419372
endloop
endfacet
facet normal 0 0 0
outer loop
vertex 11.968422 0.899572 10.399372
vertex 11.947945 0.899572 10.399372
vertex 11.947945 0.899572 10.419372
endloop
endfacet
facet normal 0 0 0
outer loop
vertex 11.968422 0.899572 10.399372
vertex 11.988897 0.920325 10.419372
vertex 11.988897 0.899572 10.399372
endloop
endfacet
facet normal 0 0 0
outer loop
vertex 11.968422 0.920325 10.419372
vertex 11.988897 0.920325 10.419372
vertex 11.968422 0.899572 10.399372
endloop
endfacet
facet normal 0 0 0
outer loop
vertex 11.988897 0.899572 10.399372
vertex 12.009373 0.920325 10.419372
vertex 12.009373 0.899572 10.399372
endloop
endfacet
facet normal 0 0 0
outer loop
vertex 11.988897 0.920325 10.419372
vertex 12.009373 0.920325 10.419372
vertex 11.988897 0.899572 10.399372
endloop
endfacet
facet normal 0 0 0
outer loop
vertex 12.009373 0.899572 10.399372
vertex 12.029848 0.920325 10.419372
vertex 12.029848 0.899572 10.399372
endloop
endfacet
facet normal 0 0 0
outer loop
vertex 12.009373 0.920325 10.419372
vertex 12.029848 0.920325 10.419372
vertex 12.009373 0.899572 10.399372
endloop
endfacet
facet normal 0 0 0
outer loop
vertex 12.029848 0.899572 10.399372
vertex 12.050323 0.920325 10.419372
vertex 12.050323 0.899572 10.399372
endloop
endfacet
facet normal 0 0 0
outer loop
vertex 12.029848 0.920325 10.419372
vertex 12.050323 0.920325 10.419372
vertex 12.029848 0.899572 10.399372
endloop
endfacet
facet normal 0 0 0
outer loop
vertex 12.050323 0.899572 10.399372
vertex 12.070801 0.920325 10.419372
vertex 12.070801 0.899572 10.399372
endloop
endfacet
facet normal 0 0 0
outer loop
vertex 12.050323 0.920325 10.419372
vertex 12.070801 0.920325 10.419372
vertex 12.050323 0.899572 10.399372
endloop
endfacet
facet normal 0 0 0
outer loop
vertex 12.070801 0.920325 10.419372
vertex 12.091276 0.899572 10.419372
vertex 12.070801 0.899572 10.399372
endloop
endfacet
facet normal 0 0 0
outer loop
vertex 12.091276 0.899572 10.419372
vertex 12.091276 0.899572 10.399372
vertex 12.070801 0.899572 10.399372
endloop
endfacet
facet normal 0 0 0
outer loop
vertex 12.111752 0.899572 10.419372
vertex 12.091276 0.899572 10.399372
vertex 12.091276 0.899572 10.419372
endloop
endfacet
facet normal 0 0 0
outer loop
vertex 11.784140 0.567518 10.419372
vertex 11.804615 0.546765 10.419372
vertex 11.804615 0.567518 10.419372
endloop
endfacet
facet normal 0 0 0
outer loop
vertex 11.825090 0.546765 10.419372
vertex 11.825090 0.567518 10.419372
vertex 11.804615 0.546765 10.419372
endloop
endfacet
facet normal 0 0 0
outer loop
vertex 11.825090 0.567518 10.419372
vertex 11.804615 0.567518 10.419372
vertex 11.804615 0.546765 10.419372
endloop
endfacet
facet normal 0 0 0
outer loop
vertex 11.845566 0.546765 10.419372
vertex 11.845566 0.567518 10.419372
vertex 11.825090 0.546765 10.419372
endloop
endfacet
facet normal 0 0 0
outer loop
vertex 11.845566 0.567518 10.419372
vertex 11.825090 0.567518 10.419372
vertex 11.825090 0.546765 10.419372
endloop
endfacet
facet normal 0 0 0
outer loop
vertex 11.866043 0.546765 10.419372
vertex 11.866043 0.567518 10.419372
vertex 11.845566 0.546765 10.419372
endloop
endfacet
facet normal 0 0 0
outer loop
vertex 11.866043 0.567518 10.419372
vertex 11.845566 0.567518 10.419372
vertex 11.845566 0.546765 10.419372
endloop
endfacet
facet normal 0 0 0
outer loop
vertex 11.886518 0.546765 10.419372
vertex 11.886518 0.567518 10.419372
vertex 11.866043 0.546765 10.419372
endloop
endfacet
facet normal 0 0 0
outer loop
vertex 11.886518 0.567518 10.419372
vertex 11.866043 0.567518 10.419372
vertex 11.866043 0.546765 10.419372
endloop
endfacet
facet normal 0 0 0
outer loop
vertex 11.886518 0.546765 10.419372
vertex 11.906994 0.567518 10.419372
vertex 11.886518 0.567518 10.419372
endloop
endfacet
facet normal 0 0 0
outer loop
vertex 11.722712 0.588272 10.419372
vertex 11.743187 0.567518 10.419372
vertex 11.743187 0.588272 10.419372
endloop
endfacet
facet normal 0 0 0
outer loop
vertex 11.763662 0.567518 10.419372
vertex 11.763662 0.588272 10.419372
vertex 11.743187 0.567518 10.419372
endloop
endfacet
facet normal 0 0 0
outer loop
vertex 11.763662 0.588272 10.419372
vertex 11.743187 0.588272 10.419372
vertex 11.743187 0.567518 10.419372
endloop
endfacet
facet normal 0 0 0
outer loop
vertex 11.784140 0.567518 10.419372
vertex 11.784140 0.588272 10.419372
vertex 11.763662 0.567518 10.419372
endloop
endfacet
facet normal 0 0 0
outer loop
vertex 11.784140 0.588272 10.419372
vertex 11.763662 0.588272 10.419372
vertex 11.763662 0.567518 10.419372
endloop
endfacet
facet normal 0 0 0
outer loop
vertex 11.804615 0.588272 10.439371
vertex 11.784140 0.588272 10.419372
vertex 11.804615 0.567518 10.419372
endloop
endfacet
facet normal 0 0 0
outer loop
vertex 11.784140 0.588272 10.419372
vertex 11.784140 0.567518 10.419372
vertex 11.804615 0.567518 10.419372
endloop
endfacet
facet normal 0 0 0
outer loop
vertex 11.825090 0.567518 10.419372
vertex 11.804615 0.588272 10.439371
vertex 11.804615 0.567518 10.419372
endloop
endfacet
facet normal 0 0 0
outer loop
vertex 11.825090 0.588272 10.439371
vertex 11.804615 0.588272 10.439371
vertex 11.825090 0.567518 10.419372
endloop
endfacet
facet normal 0 0 0
outer loop
vertex 11.845566 0.567518 10.419372
vertex 11.825090 0.588272 10.439371
vertex 11.825090 0.567518 10.419372
endloop
endfacet
facet normal 0 0 0
outer loop
vertex 11.845566 0.588272 10.439371
vertex 11.825090 0.588272 10.439371
vertex 11.845566 0.567518 10.419372
endloop
endfacet
facet normal 0 0 0
outer loop
vertex 11.866043 0.567518 10.419372
vertex 11.845566 0.588272 10.439371
vertex 11.845566 0.567518 10.419372
endloop
endfacet
facet normal 0 0 0
outer loop
vertex 11.866043 0.588272 10.439371
vertex 11.845566 0.588272 10.439371
vertex 11.866043 0.567518 10.419372
endloop
endfacet
facet normal 0 0 0
outer loop
vertex 11.886518 0.567518 10.419372
vertex 11.866043 0.588272 10.439371
vertex 11.866043 0.567518 10.419372
endloop
endfacet
facet normal 0 0 0
outer loop
vertex 11.886518 0.588272 10.439371
vertex 11.866043 0.588272 10.439371
vertex 11.886518 0.567518 10.419372
endloop
endfacet
facet normal 0 0 0
outer loop
vertex 11.906994 0.567518 10.419372
vertex 11.886518 0.588272 10.439371
vertex 11.886518 0.567518 10.419372
endloop
endfacet
facet normal 0 0 0
outer loop
vertex 11.906994 0.588272 10.439371
vertex 11.886518 0.588272 10.439371
vertex 11.906994 0.567518 10.419372
endloop
endfacet
facet normal 0 0 0
outer loop
vertex 11.906994 0.588272 10.439371
vertex 11.906994 0.567518 10.419372
vertex 11.927469 0.588272 10.419372
endloop
endfacet
facet normal 0 0 0
outer loop
vertex 11.906994 0.567518 10.419372
vertex 11.927469 0.567518 10.419372
vertex 11.927469 0.588272 10.419372
endloop
endfacet
facet normal 0 0 0
outer loop
vertex 11.947945 0.567518 10.419372
vertex 11.947945 0.588272 10.419372
vertex 11.927469 0.567518 10.419372
endloop
endfacet
facet normal 0 0 0
outer loop
vertex 11.947945 0.588272 10.419372
vertex 11.927469 0.588272 10.419372
vertex 11.927469 0.567518 10.419372
endloop
endfacet
facet normal 0 0 0
outer loop
vertex 11.947945 0.567518 10.419372
vertex 11.968422 0.588272 10.419372
vertex 11.947945 0.588272 10.419372
endloop
endfacet
facet normal 0 0 0
outer loop
vertex 11.702236 0.609025 10.419372
vertex 11.722712 0.588272 10.419372
vertex 11.722712 0.609025 10.419372
endloop
endfacet
facet normal 0 0 0
outer loop
vertex 11.743187 0.609025 10.439371
vertex 11.722712 0.609025 10.419372
vertex 11.743187 0.588272 10.419372
endloop
endfacet
facet normal 0 0 0
outer loop
vertex 11.722712 0.609025 10.419372
vertex 11.722712 0.588272 10.419372
vertex 11.743187 0.588272 10.419372
endloop
endfacet
facet normal 0 0 0
outer loop
vertex 11.763662 0.588272 10.419372
vertex 11.743187 0.609025 10.439371
vertex 11.743187 0.588272 10.419372
endloop
endfacet
facet normal 0 0 0
outer loop
vertex 11.763662 0.609025 10.439371
vertex 11.743187 0.609025 10.439371
vertex 11.763662 0.588272 10.419372
endloop
endfacet
facet normal 0 0 0
outer loop
vertex 11.784140 0.588272 10.419372
vertex 11.763662 0.609025 10.439371
vertex 11.763662 0.588272 10.419372
endloop
endfacet
facet normal 0 0 0
outer loop
vertex 11.784140 0.609025 10.439371
vertex 11.763662 0.609025 10.439371
vertex 11.784140 0.588272 10.419372
endloop
endfacet
facet normal 0 0 0
outer loop
vertex 11.804615 0.588272 10.439371
vertex 11.784140 0.609025 10.439371
vertex 11.784140 0.588272 10.419372
endloop
endfacet
facet normal 0 0 0
outer loop
vertex 11.927469 0.588272 10.419372
vertex 11.927469 0.609025 10.439371
vertex 11.906994 0.588272 10.439371
endloop
endfacet
facet normal 0 0 0
outer loop
vertex 11.947945 0.588272 10.419372
vertex 11.927469 0.609025 10.439371
vertex 11.927469 0.588272 10.419372
endloop
endfacet
facet normal 0 0 0
outer loop
vertex 11.947945 0.609025 10.439371
vertex 11.927469 0.609025 10.439371
vertex 11.947945 0.588272 10.419372
endloop
endfacet
facet normal 0 0 0
outer loop
vertex 11.968422 0.588272 10.419372
vertex 11.947945 0.609025 10.439371
vertex 11.947945 0.588272 10.419372
endloop
endfacet
facet normal 0 0 0
outer loop
vertex 11.968422 0.609025 10.439371
vertex 11.947945 0.609025 10.439371
vertex 11.968422 0.588272 10.419372
endloop
endfacet
facet normal 0 0 0
outer loop
vertex 11.968422 0.609025 10.439371
vertex 11.968422 0.588272 10.419372
vertex 11.988897 0.609025 10.419372
endloop
endfacet
facet normal 0 0 0
outer loop
vertex 11.968422 0.588272 10.419372
vertex 11.988897 0.588272 10.419372
vertex 11.988897 0.609025 10.419372
endloop
endfacet
facet normal 0 0 0
outer loop
vertex 11.988897 0.588272 10.419372
vertex 12.009373 0.609025 10.419372
vertex 11.988897 0.609025 10.419372
endloop
endfacet
facet normal 0 0 0
outer loop
vertex 11.681761 0.629778 10.419372
vertex 11.702236 0.609025 10.419372
vertex 11.702236 0.629778 10.419372
endloop
endfacet
facet normal 0 0 0
outer loop
vertex 11.722712 0.629778 10.439371
vertex 11.702236 0.629778 10.419372
vertex 11.722712 0.609025 10.419372
endloop
endfacet
facet normal 0 0 0
outer loop
vertex 11.702236 0.629778 10.419372
vertex 11.702236 0.609025 10.419372
vertex 11.722712 0.609025 10.419372
endloop
endfacet
facet normal 0 0 0
outer loop
vertex 11.743187 0.609025 10.439371
vertex 11.722712 0.629778 10.439371
vertex 11.722712 0.609025 10.419372
endloop
endfacet
facet normal 0 0 0
outer loop
vertex 11.988897 0.609025 10.419372
vertex 11.988897 0.629778 10.439371
vertex 11.968422 0.609025 10.439371
endloop
endfacet
facet normal 0 0 0
outer loop
vertex 12.009373 0.609025 10.419372
vertex 11.988897 0.629778 10.439371
vertex 11.988897 0.609025 10.419372
endloop
endfacet
facet normal 0 0 0
outer loop
vertex 12.009373 0.629778 10.439371
vertex 11.988897 0.629778 10.439371
vertex 12.009373 0.609025 10.419372
endloop
endfacet
facet normal 0 0 0
outer loop
vertex 12.009373 0.629778 10.439371
vertex 12.009373 0.609025 10.419372
vertex 12.029848 0.629778 10.419372
endloop
endfacet
facet normal 0 0 0
outer loop
vertex 12.009373 0.609025 10.419372
vertex 12.029848 0.609025 10.419372
vertex 12.029848 0.629778 10.419372
endloop
endfacet
facet normal 0 0 0
outer loop
vertex 12.029848 0.609025 10.419372
vertex 12.050323 0.629778 10.419372
vertex 12.029848 0.629778 10.419372
endloop
endfacet
facet normal 0 0 0
outer loop
vertex 11.702236 0.650532 10.439371
vertex 11.681761 0.650532 10.419372
vertex 11.702236 0.629778 10.419372
endloop
endfacet
facet normal 0 0 0
outer loop
vertex 11.681761 0.650532 10.419372
vertex 11.681761 0.629778 10.419372
vertex 11.702236 0.629778 10.419372
endloop
endfacet
facet normal 0 0 0
outer loop
vertex 11.722712 0.629778 10.439371
vertex 11.702236 0.650532 10.439371
vertex 11.702236 0.629778 10.419372
endloop
endfacet
facet normal 0 0 0
outer loop
vertex 12.029848 0.629778 10.419372
vertex 12.029848 0.650532 10.439371
vertex 12.009373 0.629778 10.439371
endloop
endfacet
facet normal 0 0 0
outer loop
vertex 12.050323 0.629778 10.419372
vertex 12.029848 0.650532 10.439371
vertex 12.029848 0.629778 10.419372
endloop
endfacet
facet normal 0 0 0
outer loop
vertex 12.050323 0.650532 10.439371
vertex 12.029848 0.650532 10.439371
vertex 12.050323 0.629778 10.419372
endloop
endfacet
facet normal 0 0 0
outer loop
vertex 12.070801 0.650532 10.419372
vertex 12.050323 0.650532 10.439371
vertex 12.050323 0.629778 10.419372
endloop
endfacet
facet normal 0 0 0
outer loop
vertex 11.681761 0.650532 10.419372
vertex 11.702236 0.650532 10.439371
vertex 11.702236 0.671285 10.419372
endloop
endfacet
facet normal 0 0 0
outer loop
vertex 11.702236 0.650532 10.439371
vertex 11.702236 0.671285 10.439371
vertex 11.702236 0.671285 10.419372
endloop
endfacet
facet normal 0 0 0
outer loop
vertex 12.070801 0.650532 10.419372
vertex 12.070801 0.671285 10.439371
vertex 12.050323 0.650532 10.439371
endloop
endfacet
facet normal 0 0 0
outer loop
vertex 12.070801 0.671285 10.439371
vertex 12.070801 0.650532 10.419372
vertex 12.091276 0.671285 10.419372
endloop
endfacet
facet normal 0 0 0
outer loop
vertex 12.070801 0.650532 10.419372
vertex 12.091276 0.650532 10.419372
vertex 12.091276 0.671285 10.419372
endloop
endfacet
facet normal 0 0 0
outer loop
vertex 12.091276 0.650532 10.419372
vertex 12.111752 0.671285 10.419372
vertex 12.091276 0.671285 10.419372
endloop
endfacet
facet normal 0 0 0
outer loop
vertex 11.702236 0.671285 10.419372
vertex 11.702236 0.671285 10.439371
vertex 11.702236 0.692038 10.419372
endloop
endfacet
facet normal 0 0 0
outer loop
vertex 11.702236 0.671285 10.439371
vertex 11.702236 0.692038 10.439371
vertex 11.702236 0.692038 10.419372
endloop
endfacet
facet normal 0 0 0
outer loop
vertex 12.091276 0.671285 10.419372
vertex 12.091276 0.692038 10.439371
vertex 12.070801 0.671285 10.439371
endloop
endfacet
facet normal 0 0 0
outer loop
vertex 12.111752 0.671285 10.419372
vertex 12.091276 0.692038 10.439371
vertex 12.091276 0.671285 10.419372
endloop
endfacet
facet normal 0 0 0
outer loop
vertex 12.111752 0.692038 10.439371
vertex 12.091276 0.692038 10.439371
vertex 12.111752 0.671285 10.419372
endloop
endfacet
facet normal 0 0 0
outer loop
vertex 12.132227 0.692038 10.419372
vertex 12.111752 0.692038 10.439371
vertex 12.111752 0.671285 10.419372
endloop
endfacet
facet normal 0 0 0
outer loop
vertex 11.702236 0.692038 10.419372
vertex 11.702236 0.692038 10.439371
vertex 11.702236 0.712792 10.419372
endloop
endfacet
facet normal 0 0 0
outer loop
vertex 11.702236 0.692038 10.439371
vertex 11.702236 0.712792 10.439371
vertex 11.702236 0.712792 10.419372
endloop
endfacet
facet normal 0 0 0
outer loop
vertex 12.132227 0.692038 10.419372
vertex 12.132227 0.712792 10.439371
vertex 12.111752 0.692038 10.439371
endloop
endfacet
facet normal 0 0 0
outer loop
vertex 12.152704 0.712792 10.419372
vertex 12.132227 0.712792 10.439371
vertex 12.132227 0.692038 10.419372
endloop
endfacet
facet normal 0 0 0
outer loop
vertex 11.702236 0.712792 10.439371
vertex 11.722712 0.733545 10.419372
vertex 11.702236 0.712792 10.419372
endloop
endfacet
facet normal 0 0 0
outer loop
vertex 11.722712 0.733545 10.439371
vertex 11.722712 0.733545 10.419372
vertex 11.702236 0.712792 10.439371
endloop
endfacet
facet normal 0 0 0
outer loop
vertex 12.152704 0.712792 10.419372
vertex 12.152704 0.733545 10.439371
vertex 12.132227 0.712792 10.439371
endloop
endfacet
facet normal 0 0 0
outer loop
vertex 12.173180 0.733545 10.419372
vertex 12.152704 0.733545 10.439371
vertex 12.152704 0.712792 10.419372
endloop
endfacet
facet normal 0 0 0
outer loop
vertex 11.722712 0.733545 10.419372
vertex 11.722712 0.733545 10.439371
vertex 11.722712 0.754298 10.419372
endloop
endfacet
facet normal 0 0 0
outer loop
vertex 11.722712 0.733545 10.439371
vertex 11.722712 0.754298 10.439371
vertex 11.722712 0.754298 10.419372
endloop
endfacet
facet normal 0 0 0
outer loop
vertex 12.173180 0.754298 10.419372
vertex 12.152704 0.733545 10.439371
vertex 12.173180 0.733545 10.419372
endloop
endfacet
facet normal 0 0 0
outer loop
vertex 12.152704 0.754298 10.439371
vertex 12.152704 0.733545 10.439371
vertex 12.173180 0.754298 10.419372
endloop
endfacet
facet normal 0 0 0
outer loop
vertex 11.722712 0.754298 10.439371
vertex 11.743187 0.775052 10.419372
vertex 11.722712 0.754298 10.419372
endloop
endfacet
facet normal 0 0 0
outer loop
vertex 11.743187 0.775052 10.439371
vertex 11.743187 0.775052 10.419372
vertex 11.722712 0.754298 10.439371
endloop
endfacet
facet normal 0 0 0
outer loop
vertex 12.173180 0.754298 10.419372
vertex 12.173180 0.775052 10.439371
vertex 12.152704 0.754298 10.439371
endloop
endfacet
facet normal 0 0 0
outer loop
vertex 12.193655 0.775052 10.419372
vertex 12.173180 0.775052 10.439371
vertex 12.173180 0.754298 10.419372
endloop
endfacet
facet normal 0 0 0
outer loop
vertex 11.743187 0.795805 10.439371
vertex 11.743187 0.775052 10.419372
vertex 11.743187 0.775052 10.439371
endloop
endfacet
facet normal 0 0 0
outer loop
vertex 11.743187 0.775052 10.419372
vertex 11.743187 0.795805 10.439371
vertex 11.763662 0.795805 10.419372
endloop
endfacet
facet normal 0 0 0
outer loop
vertex 12.193655 0.775052 10.419372
vertex 12.193655 0.795805 10.439371
vertex 12.173180 0.775052 10.439371
endloop
endfacet
facet normal 0 0 0
outer loop
vertex 12.193655 0.795805 10.439371
vertex 12.193655 0.775052 10.419372
vertex 12.193655 0.795805 10.419372
endloop
endfacet
facet normal 0 0 0
outer loop
vertex 11.763662 0.795805 10.419372
vertex 11.743187 0.795805 10.439371
vertex 11.763662 0.816558 10.439371
endloop
endfacet
facet normal 0 0 0
outer loop
vertex 11.763662 0.795805 10.419372
vertex 11.763662 0.816558 10.439371
vertex 11.784140 0.816558 10.419372
endloop
endfacet
facet normal 0 0 0
outer loop
vertex 12.193655 0.795805 10.419372
vertex 12.193655 0.816558 10.419372
vertex 12.193655 0.795805 10.439371
endloop
endfacet
facet normal 0 0 0
outer loop
vertex 12.193655 0.795805 10.439371
vertex 12.193655 0.816558 10.419372
vertex 12.193655 0.816558 10.439371
endloop
endfacet
facet normal 0 0 0
outer loop
vertex 11.784140 0.816558 10.419372
vertex 11.763662 0.816558 10.439371
vertex 11.784140 0.837312 10.439371
endloop
endfacet
facet normal 0 0 0
outer loop
vertex 11.784140 0.816558 10.419372
vertex 11.784140 0.837312 10.439371
vertex 11.804615 0.837312 10.419372
endloop
endfacet
facet normal 0 0 0
outer loop
vertex 12.193655 0.816558 10.419372
vertex 12.173180 0.837312 10.419372
vertex 12.193655 0.837312 10.439371
endloop
endfacet
facet normal 0 0 0
outer loop
vertex 12.193655 0.816558 10.419372
vertex 12.193655 0.837312 10.439371
vertex 12.193655 0.816558 10.439371
endloop
endfacet
facet normal 0 0 0
outer loop
vertex 11.804615 0.837312 10.419372
vertex 11.784140 0.837312 10.439371
vertex 11.804615 0.858065 10.439371
endloop
endfacet
facet normal 0 0 0
outer loop
vertex 11.804615 0.837312 10.419372
vertex 11.804615 0.858065 10.439371
vertex 11.825090 0.858065 10.419372
endloop
endfacet
facet normal 0 0 0
outer loop
vertex 12.173180 0.837312 10.419372
vertex 12.152704 0.858065 10.419372
vertex 12.173180 0.858065 10.439371
endloop
endfacet
facet normal 0 0 0
outer loop
vertex 12.173180 0.837312 10.419372
vertex 12.173180 0.858065 10.439371
vertex 12.193655 0.837312 10.439371
endloop
endfacet
facet normal 0 0 0
outer loop
vertex 12.173180 0.858065 10.439371
vertex 12.193655 0.858065 10.439371
vertex 12.193655 0.837312 10.439371
endloop
endfacet
facet normal 0 0 0
outer loop
vertex 11.825090 0.858065 10.419372
vertex 11.804615 0.858065 10.439371
vertex 11.825090 0.878818 10.439371
endloop
endfacet
facet normal 0 0 0
outer loop
vertex 11.825090 0.858065 10.419372
vertex 11.845566 0.878818 10.439371
vertex 11.845566 0.858065 10.419372
endloop
endfacet
facet normal 0 0 0
outer loop
vertex 11.825090 0.878818 10.439371
vertex 11.845566 0.878818 10.439371
vertex 11.825090 0.858065 10.419372
endloop
endfacet
facet normal 0 0 0
outer loop
vertex 11.845566 0.858065 10.419372
vertex 11.845566 0.878818 10.439371
vertex 11.866043 0.878818 10.419372
endloop
endfacet
facet normal 0 0 0
outer loop
vertex 12.173180 0.858065 10.439371
vertex 12.152704 0.878818 10.419372
vertex 12.173180 0.878818 10.439371
endloop
endfacet
facet normal 0 0 0
outer loop
vertex 12.152704 0.858065 10.419372
vertex 12.152704 0.878818 10.419372
vertex 12.173180 0.858065 10.439371
endloop
endfacet
facet normal 0 0 0
outer loop
vertex 12.193655 0.858065 10.439371
vertex 12.173180 0.858065 10.439371
vertex 12.193655 0.878818 10.439371
endloop
endfacet
facet normal 0 0 0
outer loop
vertex 12.193655 0.878818 10.439371
vertex 12.173180 0.858065 10.439371
vertex 12.173180 0.878818 10.439371
endloop
endfacet
facet normal 0 0 0
outer loop
vertex 11.866043 0.878818 10.419372
vertex 11.845566 0.878818 10.439371
vertex 11.866043 0.899572 10.439371
endloop
endfacet
facet normal 0 0 0
outer loop
vertex 11.866043 0.878818 10.419372
vertex 11.886518 0.899572 10.439371
vertex 11.886518 0.878818 10.419372
endloop
endfacet
facet normal 0 0 0
outer loop
vertex 11.866043 0.899572 10.439371
vertex 11.886518 0.899572 10.439371
vertex 11.866043 0.878818 10.419372
endloop
endfacet
facet normal 0 0 0
outer loop
vertex 11.886518 0.878818 10.419372
vertex 11.886518 0.899572 10.439371
vertex 11.906994 0.899572 10.419372
endloop
endfacet
facet normal 0 0 0
outer loop
vertex 12.152704 0.878818 10.419372
vertex 12.132227 0.899572 10.419372
vertex 12.152704 0.899572 10.439371
endloop
endfacet
facet normal 0 0 0
outer loop
vertex 12.152704 0.878818 10.419372
vertex 12.152704 0.899572 10.439371
vertex 12.173180 0.878818 10.439371
endloop
endfacet
facet normal 0 0 0
outer loop
vertex 12.152704 0.899572 10.439371
vertex 12.173180 0.899572 10.439371
vertex 12.173180 0.878818 10.439371
endloop
endfacet
facet normal 0 0 0
outer loop
vertex 12.173180 0.899572 10.439371
vertex 12.193655 0.878818 10.439371
vertex 12.173180 0.878818 10.439371
endloop
endfacet
facet normal 0 0 0
outer loop
vertex 11.866043 0.899572 10.439371
vertex 11.886518 0.920325 10.439371
vertex 11.886518 0.899572 10.439371
endloop
endfacet
facet normal 0 0 0
outer loop
vertex 11.906994 0.899572 10.419372
vertex 11.886518 0.899572 10.439371
vertex 11.906994 0.920325 10.439371
endloop
endfacet
facet normal 0 0 0
outer loop
vertex 11.886518 0.899572 10.439371
vertex 11.886518 0.920325 10.439371
vertex 11.906994 0.920325 10.439371
endloop
endfacet
facet normal 0 0 0
outer loop
vertex 11.906994 0.899572 10.419372
vertex 11.927469 0.920325 10.439371
vertex 11.927469 0.899572 10.419372
endloop
endfacet
facet normal 0 0 0
outer loop
vertex 11.906994 0.920325 10.439371
vertex 11.927469 0.920325 10.439371
vertex 11.906994 0.899572 10.419372
endloop
endfacet
facet normal 0 0 0
outer loop
vertex 11.927469 0.899572 10.419372
vertex 11.947945 0.920325 10.439371
vertex 11.947945 0.899572 10.419372
endloop
endfacet
facet normal 0 0 0
outer loop
vertex 11.927469 0.920325 10.439371
vertex 11.947945 0.920325 10.439371
vertex 11.927469 0.899572 10.419372
endloop
endfacet
facet normal 0 0 0
outer loop
vertex 11.947945 0.899572 10.419372
vertex 11.947945 0.920325 10.439371
vertex 11.968422 0.920325 10.419372
endloop
endfacet
facet normal 0 0 0
outer loop
vertex 12.091276 0.899572 10.419372
vertex 12.070801 0.920325 10.419372
vertex 12.091276 0.920325 10.439371
endloop
endfacet
facet normal 0 0 0
outer loop
vertex 12.091276 0.899572 10.419372
vertex 12.111752 0.920325 10.439371
vertex 12.111752 0.899572 10.419372
endloop
endfacet
facet normal 0 0 0
outer loop
vertex 12.091276 0.920325 10.439371
vertex 12.111752 0.920325 10.439371
vertex 12.091276 0.899572 10.419372
endloop
endfacet
facet normal 0 0 0
outer loop
vertex 12.111752 0.899572 10.419372
vertex 12.132227 0.920325 10.439371
vertex 12.132227 0.899572 10.419372
endloop
endfacet
facet normal 0 0 0
outer loop
vertex 12.111752 0.920325 10.439371
vertex 12.132227 0.920325 10.439371
vertex 12.111752 0.899572 10.419372
endloop
endfacet
facet normal 0 0 0
outer loop
vertex 12.132227 0.899572 10.419372
vertex 12.132227 0.920325 10.439371
vertex 12.152704 0.899572 10.439371
endloop
endfacet
facet normal 0 0 0
outer loop
vertex 12.132227 0.920325 10.439371
vertex 12.152704 0.920325 10.439371
vertex 12.152704 0.899572 10.439371
endloop
endfacet
facet normal 0 0 0
outer loop
vertex 12.152704 0.920325 10.439371
vertex 12.173180 0.899572 10.439371
vertex 12.152704 0.899572 10.439371
endloop
endfacet
facet normal 0 0 0
outer loop
vertex 11.906994 0.920325 10.439371
vertex 11.927469 0.941078 10.439371
vertex 11.927469 0.920325 10.439371
endloop
endfacet
facet normal 0 0 0
outer loop
vertex 11.947945 0.920325 10.439371
vertex 11.927469 0.920325 10.439371
vertex 11.947945 0.941078 10.439371
endloop
endfacet
facet normal 0 0 0
outer loop
vertex 11.947945 0.941078 10.439371
vertex 11.927469 0.920325 10.439371
vertex 11.927469 0.941078 10.439371
endloop
endfacet
facet normal 0 0 0
outer loop
vertex 11.968422 0.920325 10.419372
vertex 11.947945 0.920325 10.439371
vertex 11.968422 0.941078 10.439371
endloop
endfacet
facet normal 0 0 0
outer loop
vertex 11.947945 0.920325 10.439371
vertex 11.947945 0.941078 10.439371
vertex 11.968422 0.941078 10.439371
endloop
endfacet
facet normal 0 0 0
outer loop
vertex 11.968422 0.920325 10.419372
vertex 11.988897 0.941078 10.439371
vertex 11.988897 0.920325 10.419372
endloop
endfacet
facet normal 0 0 0
outer loop
vertex 11.968422 0.941078 10.439371
vertex 11.988897 0.941078 10.439371
vertex 11.968422 0.920325 10.419372
endloop
endfacet
facet normal 0 0 0
outer loop
vertex 11.988897 0.920325 10.419372
vertex 12.009373 0.941078 10.439371
vertex 12.009373 0.920325 10.419372
endloop
endfacet
facet normal 0 0 0
outer loop
vertex 11.988897 0.941078 10.439371
vertex 12.009373 0.941078 10.439371
vertex 11.988897 0.920325 10.419372
endloop
endfacet
facet normal 0 0 0
outer loop
vertex 12.009373 0.920325 10.419372
vertex 12.029848 0.941078 10.439371
vertex 12.029848 0.920325 10.419372
endloop
endfacet
facet normal 0 0 0
outer loop
vertex 12.009373 0.941078 10.439371
vertex 12.029848 0.941078 10.439371
vertex 12.009373 0.920325 10.419372
endloop
endfacet
facet normal 0 0 0
outer loop
vertex 12.029848 0.920325 10.419372
vertex 12.050323 0.941078 10.439371
vertex 12.050323 0.920325 10.419372
endloop
endfacet
facet normal 0 0 0
outer loop
vertex 12.029848 0.941078 10.439371
vertex 12.050323 0.941078 10.439371
vertex 12.029848 0.920325 10.419372
endloop
endfacet
facet normal 0 0 0
outer loop
vertex 12.050323 0.920325 10.419372
vertex 12.070801 0.941078 10.439371
vertex 12.070801 0.920325 10.419372
endloop
endfacet
facet normal 0 0 0
outer loop
vertex 12.050323 0.941078 10.439371
vertex 12.070801 0.941078 10.439371
vertex 12.050323 0.920325 10.419372
endloop
endfacet
facet normal 0 0 0
outer loop
vertex 12.070801 0.920325 10.419372
vertex 12.070801 0.941078 10.439371
vertex 12.091276 0.920325 10.439371
endloop
endfacet
facet normal 0 0 0
outer loop
vertex 12.070801 0.941078 10.439371
vertex 12.091276 0.941078 10.439371
vertex 12.091276 0.920325 10.439371
endloop
endfacet
facet normal 0 0 0
outer loop
vertex 12.111752 0.920325 10.439371
vertex 12.091276 0.920325 10.439371
vertex 12.111752 0.941078 10.439371
endloop
endfacet
facet normal 0 0 0
outer loop
vertex 12.111752 0.941078 10.439371
vertex 12.091276 0.920325 10.439371
vertex 12.091276 0.941078 10.439371
endloop
endfacet
facet normal 0 0 0
outer loop
vertex 12.111752 0.941078 10.439371
vertex 12.132227 0.920325 10.439371
vertex 12.111752 0.920325 10.439371
endloop
endfacet
facet normal 0 0 0
outer loop
vertex 12.009373 0.941078 10.439371
vertex 12.029848 0.961832 10.439371
vertex 12.029848 0.941078 10.439371
endloop
endfacet
facet normal 0 0 0
outer loop
vertex 12.029848 0.961832 10.439371
vertex 12.050323 0.941078 10.439371
vertex 12.029848 0.941078 10.439371
endloop
endfacet
facet normal 0 0 0
outer loop
vertex 11.825090 0.588272 10.439371
vertex 11.825090 0.588272 10.459372
vertex 11.804615 0.588272 10.439371
endloop
endfacet
facet normal 0 0 0
outer loop
vertex 11.804615 0.588272 10.439371
vertex 11.825090 0.588272 10.459372
vertex 11.804615 0.588272 10.459372
endloop
endfacet
facet normal 0 0 0
outer loop
vertex 11.845566 0.588272 10.439371
vertex 11.845566 0.588272 10.459372
vertex 11.825090 0.588272 10.439371
endloop
endfacet
facet normal 0 0 0
outer loop
vertex 11.825090 0.588272 10.439371
vertex 11.845566 0.588272 10.459372
vertex 11.825090 0.588272 10.459372
endloop
endfacet
facet normal 0 0 0
outer loop
vertex 11.866043 0.588272 10.439371
vertex 11.866043 0.588272 10.459372
vertex 11.845566 0.588272 10.439371
endloop
endfacet
facet normal 0 0 0
outer loop
vertex 11.845566 0.588272 10.439371
vertex 11.866043 0.588272 10.459372
vertex 11.845566 0.588272 10.459372
endloop
endfacet
facet normal 0 0 0
outer loop
vertex 11.886518 0.588272 10.439371
vertex 11.886518 0.588272 10.459372
vertex 11.866043 0.588272 10.439371
endloop
endfacet
facet normal 0 0 0
outer loop
vertex 11.866043 0.588272 10.439371
vertex 11.886518 0.588272 10.459372
vertex 11.866043 0.588272 10.459372
endloop
endfacet
facet normal 0 0 0
outer loop
vertex 11.906994 0.588272 10.439371
vertex 11.906994 0.588272 10.459372
vertex 11.886518 0.588272 10.439371
endloop
endfacet
facet normal 0 0 0
outer loop
vertex 11.886518 0.588272 10.439371
vertex 11.906994 0.588272 10.459372
vertex 11.886518 0.588272 10.459372
endloop
endfacet
facet normal 0 0 0
outer loop
vertex 11.906994 0.588272 10.439371
vertex 11.927469 0.588272 10.459372
vertex 11.906994 0.588272 10.459372
endloop
endfacet
facet normal 0 0 0
outer loop
vertex 11.763662 0.609025 10.439371
vertex 11.763662 0.609025 10.459372
vertex 11.743187 0.609025 10.439371
endloop
endfacet
facet normal 0 0 0
outer loop
vertex 11.743187 0.609025 10.439371
vertex 11.763662 0.609025 10.459372
vertex 11.743187 0.609025 10.459372
endloop
endfacet
facet normal 0 0 0
outer loop
vertex 11.784140 0.609025 10.439371
vertex 11.784140 0.609025 10.459372
vertex 11.763662 0.609025 10.439371
endloop
endfacet
facet normal 0 0 0
outer loop
vertex 11.763662 0.609025 10.439371
vertex 11.784140 0.609025 10.459372
vertex 11.763662 0.609025 10.459372
endloop
endfacet
facet normal 0 0 0
outer loop
vertex 11.804615 0.588272 10.459372
vertex 11.784140 0.609025 10.439371
vertex 11.804615 0.588272 10.439371
endloop
endfacet
facet normal 0 0 0
outer loop
vertex 11.784140 0.609025 10.459372
vertex 11.784140 0.609025 10.439371
vertex 11.804615 0.588272 10.459372
endloop
endfacet
facet normal 0 0 0
outer loop
vertex 11.906994 0.588272 10.439371
vertex 11.927469 0.609025 10.439371
vertex 11.927469 0.588272 10.459372
endloop
endfacet
facet normal 0 0 0
outer loop
vertex 11.947945 0.609025 10.439371
vertex 11.927469 0.588272 10.459372
vertex 11.927469 0.609025 10.439371
endloop
endfacet
facet normal 0 0 0
outer loop
vertex 11.947945 0.588272 10.459372
vertex 11.927469 0.588272 10.459372
vertex 11.947945 0.609025 10.439371
endloop
endfacet
facet normal 0 0 0
outer loop
vertex 11.947945 0.588272 10.459372
vertex 11.947945 0.609025 10.439371
vertex 11.968422 0.609025 10.459372
endloop
endfacet
facet normal 0 0 0
outer loop
vertex 11.947945 0.609025 10.439371
vertex 11.968422 0.609025 10.439371
vertex 11.968422 0.609025 10.459372
endloop
endfacet
facet normal 0 0 0
outer loop
vertex 11.968422 0.609025 10.439371
vertex 11.988897 0.609025 10.459372
vertex 11.968422 0.609025 10.459372
endloop
endfacet
facet normal 0 0 0
outer loop
vertex 11.743187 0.609025 10.459372
vertex 11.722712 0.629778 10.439371
vertex 11.743187 0.609025 10.439371
endloop
endfacet
facet normal 0 0 0
outer loop
vertex 11.722712 0.629778 10.459372
vertex 11.722712 0.629778 10.439371
vertex 11.743187 0.609025 10.459372
endloop
endfacet
facet normal 0 0 0
outer loop
vertex 11.968422 0.609025 10.439371
vertex 11.988897 0.629778 10.439371
vertex 11.988897 0.609025 10.459372
endloop
endfacet
facet normal 0 0 0
outer loop
vertex 12.009373 0.629778 10.439371
vertex 11.988897 0.609025 10.459372
vertex 11.988897 0.629778 10.439371
endloop
endfacet
facet normal 0 0 0
outer loop
vertex 12.009373 0.609025 10.459372
vertex 11.988897 0.609025 10.459372
vertex 12.009373 0.629778 10.439371
endloop
endfacet
facet normal 0 0 0
outer loop
vertex 12.009373 0.629778 10.439371
vertex 12.029848 0.629778 10.459372
vertex 12.009373 0.609025 10.459372
endloop
endfacet
facet normal 0 0 0
outer loop
vertex 11.702236 0.650532 10.439371
vertex 11.722712 0.629778 10.439371
vertex 11.722712 0.650532 10.459372
endloop
endfacet
facet normal 0 0 0
outer loop
vertex 11.722712 0.629778 10.439371
vertex 11.722712 0.629778 10.459372
vertex 11.722712 0.650532 10.459372
endloop
endfacet
facet normal 0 0 0
outer loop
vertex 12.009373 0.629778 10.439371
vertex 12.029848 0.650532 10.439371
vertex 12.029848 0.629778 10.459372
endloop
endfacet
facet normal 0 0 0
outer loop
vertex 12.050323 0.650532 10.439371
vertex 12.029848 0.629778 10.459372
vertex 12.029848 0.650532 10.439371
endloop
endfacet
facet normal 0 0 0
outer loop
vertex 12.050323 0.629778 10.459372
vertex 12.029848 0.629778 10.459372
vertex 12.050323 0.650532 10.439371
endloop
endfacet
facet normal 0 0 0
outer loop
vertex 12.050323 0.650532 10.439371
vertex 12.070801 0.650532 10.459372
vertex 12.050323 0.629778 10.459372
endloop
endfacet
facet normal 0 0 0
outer loop
vertex 11.722712 0.671285 10.459372
vertex 11.702236 0.650532 10.439371
vertex 11.722712 0.650532 10.459372
endloop
endfacet
facet normal 0 0 0
outer loop
vertex 11.702236 0.671285 10.439371
vertex 11.702236 0.650532 10.439371
vertex 11.722712 0.671285 10.459372
endloop
endfacet
facet normal 0 0 0
outer loop
vertex 12.050323 0.650532 10.439371
vertex 12.070801 0.671285 10.439371
vertex 12.070801 0.650532 10.459372
endloop
endfacet
facet normal 0 0 0
outer loop
vertex 12.070801 0.671285 10.439371
vertex 12.091276 0.671285 10.459372
vertex 12.070801 0.650532 10.459372
endloop
endfacet
facet normal 0 0 0
outer loop
vertex 11.722712 0.692038 10.459372
vertex 11.702236 0.671285 10.439371
vertex 11.722712 0.671285 10.459372
endloop
endfacet
facet normal 0 0 0
outer loop
vertex 11.702236 0.692038 10.439371
vertex 11.702236 0.671285 10.439371
vertex 11.722712 0.692038 10.459372
endloop
endfacet
facet normal 0 0 0
outer loop
vertex 12.070801 0.671285 10.439371
vertex 12.091276 0.692038 10.439371
vertex 12.091276 0.671285 10.459372
endloop
endfacet
facet normal 0 0 0
outer loop
vertex 12.111752 0.692038 10.439371
vertex 12.091276 0.671285 10.459372
vertex 12.091276 0.692038 10.439371
endloop
endfacet
facet normal 0 0 0
outer loop
vertex 12.111752 0.671285 10.459372
vertex 12.091276 0.671285 10.459372
vertex 12.111752 0.692038 10.439371
endloop
endfacet
facet normal 0 0 0
outer loop
vertex 12.111752 0.692038 10.439371
vertex 12.132227 0.692038 10.459372
vertex 12.111752 0.671285 10.459372
endloop
endfacet
facet normal 0 0 0
outer loop
vertex 11.722712 0.712792 10.459372
vertex 11.702236 0.692038 10.439371
vertex 11.722712 0.692038 10.459372
endloop
endfacet
facet normal 0 0 0
outer loop
vertex 11.702236 0.712792 10.439371
vertex 11.702236 0.692038 10.439371
vertex 11.722712 0.712792 10.459372
endloop
endfacet
facet normal 0 0 0
outer loop
vertex 12.111752 0.692038 10.439371
vertex 12.132227 0.712792 10.439371
vertex 12.132227 0.692038 10.459372
endloop
endfacet
facet normal 0 0 0
outer loop
vertex 12.132227 0.712792 10.439371
vertex 12.152704 0.712792 10.459372
vertex 12.132227 0.692038 10.459372
endloop
endfacet
facet normal 0 0 0
outer loop
vertex 11.702236 0.712792 10.439371
vertex 11.722712 0.712792 10.459372
vertex 11.722712 0.733545 10.439371
endloop
endfacet
facet normal 0 0 0
outer loop
vertex 11.722712 0.712792 10.459372
vertex 11.722712 0.733545 10.459372
vertex 11.722712 0.733545 10.439371
endloop
endfacet
facet normal 0 0 0
outer loop
vertex 12.132227 0.712792 10.439371
vertex 12.152704 0.733545 10.439371
vertex 12.152704 0.712792 10.459372
endloop
endfacet
facet normal 0 0 0
outer loop
vertex 12.152704 0.733545 10.439371
vertex 12.173180 0.733545 10.459372
vertex 12.152704 0.712792 10.459372
endloop
endfacet
facet normal 0 0 0
outer loop
vertex 11.722712 0.733545 10.459372
vertex 11.722712 0.754298 10.439371
vertex 11.722712 0.733545 10.439371
endloop
endfacet
facet normal 0 0 0
outer loop
vertex 11.722712 0.733545 10.459372
vertex 11.743187 0.754298 10.459372
vertex 11.722712 0.754298 10.439371
endloop
endfacet
facet normal 0 0 0
outer loop
vertex 12.173180 0.733545 10.459372
vertex 12.152704 0.754298 10.439371
vertex 12.173180 0.754298 10.459372
endloop
endfacet
facet normal 0 0 0
outer loop
vertex 12.152704 0.733545 10.439371
vertex 12.152704 0.754298 10.439371
vertex 12.173180 0.733545 10.459372
endloop
endfacet
facet normal 0 0 0
outer loop
vertex 12.193655 0.754298 10.459372
vertex 12.173180 0.733545 10.459372
vertex 12.173180 0.754298 10.459372
endloop
endfacet
facet normal 0 0 0
outer loop
vertex 11.722712 0.754298 10.439371
vertex 11.743187 0.754298 10.459372
vertex 11.743187 0.775052 10.439371
endloop
endfacet
facet normal 0 0 0
outer loop
vertex 11.743187 0.754298 10.459372
vertex 11.743187 0.775052 10.459372
vertex 11.743187 0.775052 10.439371
endloop
endfacet
facet normal 0 0 0
outer loop
vertex 12.152704 0.754298 10.439371
vertex 12.173180 0.775052 10.439371
vertex 12.173180 0.754298 10.459372
endloop
endfacet
facet normal 0 0 0
outer loop
vertex 12.173180 0.775052 10.439371
vertex 12.193655 0.775052 10.459372
vertex 12.173180 0.754298 10.459372
endloop
endfacet
facet normal 0 0 0
outer loop
vertex 12.193655 0.775052 10.459372
vertex 12.193655 0.754298 10.459372
vertex 12.173180 0.754298 10.459372
endloop
endfacet
facet normal 0 0 0
outer loop
vertex 12.214130 0.775052 10.459372
vertex 12.193655 0.754298 10.459372
vertex 12.193655 0.775052 10.459372
endloop
endfacet
facet normal 0 0 0
outer loop
vertex 11.743187 0.775052 10.459372
vertex 11.743187 0.795805 10.439371
vertex 11.743187 0.775052 10.439371
endloop
endfacet
facet normal 0 0 0
outer loop
vertex 11.743187 0.775052 10.459372
vertex 11.763662 0.795805 10.459372
vertex 11.743187 0.795805 10.439371
endloop
endfacet
facet normal 0 0 0
outer loop
vertex 12.173180 0.775052 10.439371
vertex 12.193655 0.795805 10.439371
vertex 12.193655 0.775052 10.459372
endloop
endfacet
facet normal 0 0 0
outer loop
vertex 12.193655 0.795805 10.439371
vertex 12.214130 0.795805 10.459372
vertex 12.193655 0.775052 10.459372
endloop
endfacet
facet normal 0 0 0
outer loop
vertex 12.214130 0.795805 10.459372
vertex 12.214130 0.775052 10.459372
vertex 12.193655 0.775052 10.459372
endloop
endfacet
facet normal 0 0 0
outer loop
vertex 11.743187 0.795805 10.439371
vertex 11.763662 0.795805 10.459372
vertex 11.763662 0.816558 10.439371
endloop
endfacet
facet normal 0 0 0
outer loop
vertex 11.763662 0.795805 10.459372
vertex 11.784140 0.816558 10.459372
vertex 11.763662 0.816558 10.439371
endloop
endfacet
facet normal 0 0 0
outer loop
vertex 12.214130 0.795805 10.459372
vertex 12.193655 0.816558 10.439371
vertex 12.214130 0.816558 10.459372
endloop
endfacet
facet normal 0 0 0
outer loop
vertex 12.193655 0.795805 10.439371
vertex 12.193655 0.816558 10.439371
vertex 12.214130 0.795805 10.459372
endloop
endfacet
facet normal 0 0 0
outer loop
vertex 11.763662 0.816558 10.439371
vertex 11.784140 0.816558 10.459372
vertex 11.784140 0.837312 10.439371
endloop
endfacet
facet normal 0 0 0
outer loop
vertex 11.784140 0.816558 10.459372
vertex 11.804615 0.837312 10.459372
vertex 11.784140 0.837312 10.439371
endloop
endfacet
facet normal 0 0 0
outer loop
vertex 12.214130 0.816558 10.459372
vertex 12.193655 0.837312 10.439371
vertex 12.214130 0.837312 10.459372
endloop
endfacet
facet normal 0 0 0
outer loop
vertex 12.193655 0.816558 10.439371
vertex 12.193655 0.837312 10.439371
vertex 12.214130 0.816558 10.459372
endloop
endfacet
facet normal 0 0 0
outer loop
vertex 11.784140 0.837312 10.439371
vertex 11.804615 0.837312 10.459372
vertex 11.804615 0.858065 10.439371
endloop
endfacet
facet normal 0 0 0
outer loop
vertex 11.804615 0.837312 10.459372
vertex 11.825090 0.858065 10.459372
vertex 11.804615 0.858065 10.439371
endloop
endfacet
facet normal 0 0 0
outer loop
vertex 12.214130 0.837312 10.459372
vertex 12.193655 0.858065 10.439371
vertex 12.214130 0.858065 10.459372
endloop
endfacet
facet normal 0 0 0
outer loop
vertex 12.193655 0.837312 10.439371
vertex 12.193655 0.858065 10.439371
vertex 12.214130 0.837312 10.459372
endloop
endfacet
facet normal 0 0 0
outer loop
vertex 11.804615 0.858065 10.439371
vertex 11.825090 0.858065 10.459372
vertex 11.825090 0.878818 10.439371
endloop
endfacet
facet normal 0 0 0
outer loop
vertex 11.825090 0.858065 10.459372
vertex 11.845566 0.878818 10.459372
vertex 11.825090 0.878818 10.439371
endloop
endfacet
facet normal 0 0 0
outer loop
vertex 12.214130 0.858065 10.459372
vertex 12.193655 0.858065 10.439371
vertex 12.193655 0.878818 10.459372
endloop
endfacet
facet normal 0 0 0
outer loop
vertex 12.193655 0.858065 10.439371
vertex 12.193655 0.878818 10.439371
vertex 12.193655 0.878818 10.459372
endloop
endfacet
facet normal 0 0 0
outer loop
vertex 11.825090 0.878818 10.439371
vertex 11.845566 0.878818 10.459372
vertex 11.845566 0.878818 10.439371
endloop
endfacet
facet normal 0 0 0
outer loop
vertex 11.845566 0.878818 10.459372
vertex 11.866043 0.899572 10.439371
vertex 11.845566 0.878818 10.439371
endloop
endfacet
facet normal 0 0 0
outer loop
vertex 11.866043 0.899572 10.459372
vertex 11.866043 0.899572 10.439371
vertex 11.845566 0.878818 10.459372
endloop
endfacet
facet normal 0 0 0
outer loop
vertex 12.193655 0.878818 10.439371
vertex 12.173180 0.899572 10.459372
vertex 12.193655 0.878818 10.459372
endloop
endfacet
facet normal 0 0 0
outer loop
vertex 12.173180 0.899572 10.439371
vertex 12.173180 0.899572 10.459372
vertex 12.193655 0.878818 10.439371
endloop
endfacet
facet normal 0 0 0
outer loop
vertex 11.886518 0.920325 10.439371
vertex 11.866043 0.899572 10.439371
vertex 11.886518 0.899572 10.459372
endloop
endfacet
facet normal 0 0 0
outer loop
vertex 11.866043 0.899572 10.439371
vertex 11.866043 0.899572 10.459372
vertex 11.886518 0.899572 10.459372
endloop
endfacet
facet normal 0 0 0
outer loop
vertex 11.886518 0.899572 10.459372
vertex 11.906994 0.920325 10.459372
vertex 11.886518 0.920325 10.439371
endloop
endfacet
facet normal 0 0 0
outer loop
vertex 12.173180 0.899572 10.439371
vertex 12.152704 0.920325 10.439371
vertex 12.173180 0.920325 10.459372
endloop
endfacet
facet normal 0 0 0
outer loop
vertex 12.173180 0.899572 10.439371
vertex 12.173180 0.920325 10.459372
vertex 12.173180 0.899572 10.459372
endloop
endfacet
facet normal 0 0 0
outer loop
vertex 11.886518 0.920325 10.439371
vertex 11.906994 0.920325 10.459372
vertex 11.906994 0.920325 10.439371
endloop
endfacet
facet normal 0 0 0
outer loop
vertex 11.927469 0.941078 10.439371
vertex 11.906994 0.920325 10.439371
vertex 11.927469 0.920325 10.459372
endloop
endfacet
facet normal 0 0 0
outer loop
vertex 11.906994 0.920325 10.439371
vertex 11.906994 0.920325 10.459372
vertex 11.927469 0.920325 10.459372
endloop
endfacet
facet normal 0 0 0
outer loop
vertex 11.927469 0.941078 10.439371
vertex 11.947945 0.920325 10.459372
vertex 11.947945 0.941078 10.439371
endloop
endfacet
facet normal 0 0 0
outer loop
vertex 11.927469 0.920325 10.459372
vertex 11.947945 0.920325 10.459372
vertex 11.927469 0.941078 10.439371
endloop
endfacet
facet normal 0 0 0
outer loop
vertex 11.947945 0.920325 10.459372
vertex 11.968422 0.941078 10.459372
vertex 11.947945 0.941078 10.439371
endloop
endfacet
facet normal 0 0 0
outer loop
vertex 12.132227 0.920325 10.439371
vertex 12.111752 0.941078 10.439371
vertex 12.132227 0.941078 10.459372
endloop
endfacet
facet normal 0 0 0
outer loop
vertex 12.132227 0.941078 10.459372
vertex 12.152704 0.920325 10.459372
vertex 12.132227 0.920325 10.439371
endloop
endfacet
facet normal 0 0 0
outer loop
vertex 12.152704 0.920325 10.459372
vertex 12.152704 0.920325 10.439371
vertex 12.132227 0.920325 10.439371
endloop
endfacet
facet normal 0 0 0
outer loop
vertex 12.173180 0.920325 10.459372
vertex 12.152704 0.920325 10.439371
vertex 12.152704 0.920325 10.459372
endloop
endfacet
facet normal 0 0 0
outer loop
vertex 11.947945 0.941078 10.439371
vertex 11.968422 0.941078 10.459372
vertex 11.968422 0.941078 10.439371
endloop
endfacet
facet normal 0 0 0
outer loop
vertex 11.988897 0.941078 10.439371
vertex 11.968422 0.941078 10.439371
vertex 11.988897 0.941078 10.459372
endloop
endfacet
facet normal 0 0 0
outer loop
vertex 11.968422 0.941078 10.439371
vertex 11.968422 0.941078 10.459372
vertex 11.988897 0.941078 10.459372
endloop
endfacet
facet normal 0 0 0
outer loop
vertex 12.009373 0.941078 10.439371
vertex 11.988897 0.941078 10.439371
vertex 12.009373 0.941078 10.459372
endloop
endfacet
facet normal 0 0 0
outer loop
vertex 11.988897 0.941078 10.439371
vertex 11.988897 0.941078 10.459372
vertex 12.009373 0.941078 10.459372
endloop
endfacet
facet normal 0 0 0
outer loop
vertex 12.029848 0.961832 10.439371
vertex 12.009373 0.941078 10.439371
vertex 12.029848 0.941078 10.459372
endloop
endfacet
facet normal 0 0 0
outer loop
vertex 12.009373 0.941078 10.439371
vertex 12.009373 0.941078 10.459372
vertex 12.029848 0.941078 10.459372
endloop
endfacet
facet normal 0 0 0
outer loop
vertex 12.029848 0.961832 10.439371
vertex 12.029848 0.941078 10.459372
vertex 12.050323 0.941078 10.439371
endloop
endfacet
facet normal 0 0 0
outer loop
vertex 12.029848 0.941078 10.459372
vertex 12.050323 0.941078 10.459372
vertex 12.050323 0.941078 10.439371
endloop
endfacet
facet normal 0 0 0
outer loop
vertex 12.070801 0.941078 10.439371
vertex 12.050323 0.941078 10.439371
vertex 12.070801 0.941078 10.459372
endloop
endfacet
facet normal 0 0 0
outer loop
vertex 12.050323 0.941078 10.439371
vertex 12.050323 0.941078 10.459372
vertex 12.070801 0.941078 10.459372
endloop
endfacet
facet normal 0 0 0
outer loop
vertex 12.091276 0.941078 10.439371
vertex 12.070801 0.941078 10.439371
vertex 12.091276 0.941078 10.459372
endloop
endfacet
facet normal 0 0 0
outer loop
vertex 12.070801 0.941078 10.439371
vertex 12.070801 0.941078 10.459372
vertex 12.091276 0.941078 10.459372
endloop
endfacet
facet normal 0 0 0
outer loop
vertex 12.111752 0.941078 10.439371
vertex 12.091276 0.941078 10.439371
vertex 12.111752 0.941078 10.459372
endloop
endfacet
facet normal 0 0 0
outer loop
vertex 12.091276 0.941078 10.439371
vertex 12.091276 0.941078 10.459372
vertex 12.111752 0.941078 10.459372
endloop
endfacet
facet normal 0 0 0
outer loop
vertex 12.132227 0.941078 10.459372
vertex 12.111752 0.941078 10.439371
vertex 12.111752 0.941078 10.459372
endloop
endfacet
facet normal 0 0 0
outer loop
vertex 11.784140 0.609025 10.459372
vertex 11.804615 0.588272 10.459372
vertex 11.804615 0.609025 10.459372
endloop
endfacet
facet normal 0 0 0
outer loop
vertex 11.825090 0.588272 10.459372
vertex 11.825090 0.609025 10.459372
vertex 11.804615 0.588272 10.459372
endloop
endfacet
facet normal 0 0 0
outer loop
vertex 11.825090 0.609025 10.459372
vertex 11.804615 0.609025 10.459372
vertex 11.804615 0.588272 10.459372
endloop
endfacet
facet normal 0 0 0
outer loop
vertex 11.845566 0.609025 10.479372
vertex 11.825090 0.609025 10.459372
vertex 11.845566 0.588272 10.459372
endloop
endfacet
facet normal 0 0 0
outer loop
vertex 11.825090 0.609025 10.459372
vertex 11.825090 0.588272 10.459372
vertex 11.845566 0.588272 10.459372
endloop
endfacet
facet normal 0 0 0
outer loop
vertex 11.866043 0.588272 10.459372
vertex 11.845566 0.609025 10.479372
vertex 11.845566 0.588272 10.459372
endloop
endfacet
facet normal 0 0 0
outer loop
vertex 11.866043 0.609025 10.479372
vertex 11.845566 0.609025 10.479372
vertex 11.866043 0.588272 10.459372
endloop
endfacet
facet normal 0 0 0
outer loop
vertex 11.886518 0.588272 10.459372
vertex 11.866043 0.609025 10.479372
vertex 11.866043 0.588272 10.459372
endloop
endfacet
facet normal 0 0 0
outer loop
vertex 11.886518 0.609025 10.479372
vertex 11.866043 0.609025 10.479372
vertex 11.886518 0.588272 10.459372
endloop
endfacet
facet normal 0 0 0
outer loop
vertex 11.906994 0.588272 10.459372
vertex 11.886518 0.609025 10.479372
vertex 11.886518 0.588272 10.459372
endloop
endfacet
facet normal 0 0 0
outer loop
vertex 11.906994 0.609025 10.479372
vertex 11.886518 0.609025 10.479372
vertex 11.906994 0.588272 10.459372
endloop
endfacet
facet normal 0 0 0
outer loop
vertex 11.927469 0.588272 10.459372
vertex 11.906994 0.609025 10.479372
vertex 11.906994 0.588272 10.459372
endloop
endfacet
facet normal 0 0 0
outer loop
vertex 11.927469 0.609025 10.479372
vertex 11.906994 0.609025 10.479372
vertex 11.927469 0.588272 10.459372
endloop
endfacet
facet normal 0 0 0
outer loop
vertex 11.947945 0.588272 10.459372
vertex 11.927469 0.609025 10.479372
vertex 11.927469 0.588272 10.459372
endloop
endfacet
facet normal 0 0 0
outer loop
vertex 11.947945 0.609025 10.479372
vertex 11.927469 0.609025 10.479372
vertex 11.947945 0.588272 10.459372
endloop
endfacet
facet normal 0 0 0
outer loop
vertex 11.968422 0.609025 10.459372
vertex 11.947945 0.609025 10.479372
vertex 11.947945 0.588272 10.459372
endloop
endfacet
facet normal 0 0 0
outer loop
vertex 11.722712 0.629778 10.459372
vertex 11.743187 0.609025 10.459372
vertex 11.743187 0.629778 10.459372
endloop
endfacet
facet normal 0 0 0
outer loop
vertex 11.763662 0.609025 10.459372
vertex 11.763662 0.629778 10.459372
vertex 11.743187 0.609025 10.459372
endloop
endfacet
facet normal 0 0 0
outer loop
vertex 11.763662 0.629778 10.459372
vertex 11.743187 0.629778 10.459372
vertex 11.743187 0.609025 10.459372
endloop
endfacet
facet normal 0 0 0
outer loop
vertex 11.784140 0.629778 10.479372
vertex 11.763662 0.629778 10.459372
vertex 11.784140 0.609025 10.459372
endloop
endfacet
facet normal 0 0 0
outer loop
vertex 11.763662 0.629778 10.459372
vertex 11.763662 0.609025 10.459372
vertex 11.784140 0.609025 10.459372
endloop
endfacet
facet normal 0 0 0
outer loop
vertex 11.804615 0.609025 10.459372
vertex 11.784140 0.629778 10.479372
vertex 11.784140 0.609025 10.459372
endloop
endfacet
facet normal 0 0 0
outer loop
vertex 11.804615 0.629778 10.479372
vertex 11.784140 0.629778 10.479372
vertex 11.804615 0.609025 10.459372
endloop
endfacet
facet normal 0 0 0
outer loop
vertex 11.825090 0.609025 10.459372
vertex 11.804615 0.629778 10.479372
vertex 11.804615 0.609025 10.459372
endloop
endfacet
facet normal 0 0 0
outer loop
vertex 11.825090 0.629778 10.479372
vertex 11.804615 0.629778 10.479372
vertex 11.825090 0.609025 10.459372
endloop
endfacet
facet normal 0 0 0
outer loop
vertex 11.845566 0.609025 10.479372
vertex 11.825090 0.629778 10.479372
vertex 11.825090 0.609025 10.459372
endloop
endfacet
facet normal 0 0 0
outer loop
vertex 11.968422 0.609025 10.459372
vertex 11.968422 0.629778 10.479372
vertex 11.947945 0.609025 10.479372
endloop
endfacet
facet normal 0 0 0
outer loop
vertex 11.988897 0.609025 10.459372
vertex 11.968422 0.629778 10.479372
vertex 11.968422 0.609025 10.459372
endloop
endfacet
facet normal 0 0 0
outer loop
vertex 11.988897 0.629778 10.479372
vertex 11.968422 0.629778 10.479372
vertex 11.988897 0.609025 10.459372
endloop
endfacet
facet normal 0 0 0
outer loop
vertex 12.009373 0.609025 10.459372
vertex 11.988897 0.629778 10.479372
vertex 11.988897 0.609025 10.459372
endloop
endfacet
facet normal 0 0 0
outer loop
vertex 12.009373 0.629778 10.479372
vertex 11.988897 0.629778 10.479372
vertex 12.009373 0.609025 10.459372
endloop
endfacet
facet normal 0 0 0
outer loop
vertex 12.029848 0.629778 10.459372
vertex 12.009373 0.629778 10.479372
vertex 12.009373 0.609025 10.459372
endloop
endfacet
facet normal 0 0 0
outer loop
vertex 11.743187 0.629778 10.459372
vertex 11.743187 0.650532 10.459372
vertex 11.722712 0.629778 10.459372
endloop
endfacet
facet normal 0 0 0
outer loop
vertex 11.743187 0.650532 10.459372
vertex 11.722712 0.650532 10.459372
vertex 11.722712 0.629778 10.459372
endloop
endfacet
facet normal 0 0 0
outer loop
vertex 11.763662 0.650532 10.479372
vertex 11.743187 0.650532 10.459372
vertex 11.763662 0.629778 10.459372
endloop
endfacet
facet normal 0 0 0
outer loop
vertex 11.743187 0.650532 10.459372
vertex 11.743187 0.629778 10.459372
vertex 11.763662 0.629778 10.459372
endloop
endfacet
facet normal 0 0 0
outer loop
vertex 11.784140 0.629778 10.479372
vertex 11.763662 0.650532 10.479372
vertex 11.763662 0.629778 10.459372
endloop
endfacet
facet normal 0 0 0
outer loop
vertex 12.029848 0.629778 10.459372
vertex 12.029848 0.650532 10.479372
vertex 12.009373 0.629778 10.479372
endloop
endfacet
facet normal 0 0 0
outer loop
vertex 12.050323 0.629778 10.459372
vertex 12.029848 0.650532 10.479372
vertex 12.029848 0.629778 10.459372
endloop
endfacet
facet normal 0 0 0
outer loop
vertex 12.050323 0.650532 10.479372
vertex 12.029848 0.650532 10.479372
vertex 12.050323 0.629778 10.459372
endloop
endfacet
facet normal 0 0 0
outer loop
vertex 12.050323 0.629778 10.459372
vertex 12.070801 0.650532 10.459372
vertex 12.050323 0.650532 10.479372
endloop
endfacet
facet normal 0 0 0
outer loop
vertex 12.070801 0.650532 10.459372
vertex 12.070801 0.650532 10.479372
vertex 12.050323 0.650532 10.479372
endloop
endfacet
facet normal 0 0 0
outer loop
vertex 11.743187 0.671285 10.479372
vertex 11.722712 0.671285 10.459372
vertex 11.743187 0.650532 10.459372
endloop
endfacet
facet normal 0 0 0
outer loop
vertex 11.722712 0.671285 10.459372
vertex 11.722712 0.650532 10.459372
vertex 11.743187 0.650532 10.459372
endloop
endfacet
facet normal 0 0 0
outer loop
vertex 11.763662 0.650532 10.479372
vertex 11.743187 0.671285 10.479372
vertex 11.743187 0.650532 10.459372
endloop
endfacet
facet normal 0 0 0
outer loop
vertex 12.070801 0.650532 10.459372
vertex 12.091276 0.671285 10.479372
vertex 12.070801 0.650532 10.479372
endloop
endfacet
facet normal 0 0 0
outer loop
vertex 12.091276 0.671285 10.459372
vertex 12.091276 0.671285 10.479372
vertex 12.070801 0.650532 10.459372
endloop
endfacet
facet normal 0 0 0
outer loop
vertex 12.111752 0.671285 10.459372
vertex 12.091276 0.671285 10.479372
vertex 12.091276 0.671285 10.459372
endloop
endfacet
facet normal 0 0 0
outer loop
vertex 11.743187 0.692038 10.479372
vertex 11.722712 0.671285 10.459372
vertex 11.743187 0.671285 10.479372
endloop
endfacet
facet normal 0 0 0
outer loop
vertex 11.722712 0.692038 10.459372
vertex 11.722712 0.671285 10.459372
vertex 11.743187 0.692038 10.479372
endloop
endfacet
facet normal 0 0 0
outer loop
vertex 12.111752 0.671285 10.459372
vertex 12.111752 0.692038 10.479372
vertex 12.091276 0.671285 10.479372
endloop
endfacet
facet normal 0 0 0
outer loop
vertex 12.132227 0.692038 10.459372
vertex 12.111752 0.692038 10.479372
vertex 12.111752 0.671285 10.459372
endloop
endfacet
facet normal 0 0 0
outer loop
vertex 11.743187 0.712792 10.479372
vertex 11.722712 0.692038 10.459372
vertex 11.743187 0.692038 10.479372
endloop
endfacet
facet normal 0 0 0
outer loop
vertex 11.722712 0.712792 10.459372
vertex 11.722712 0.692038 10.459372
vertex 11.743187 0.712792 10.479372
endloop
endfacet
facet normal 0 0 0
outer loop
vertex 12.132227 0.692038 10.459372
vertex 12.132227 0.712792 10.479372
vertex 12.111752 0.692038 10.479372
endloop
endfacet
facet normal 0 0 0
outer loop
vertex 12.152704 0.712792 10.459372
vertex 12.132227 0.712792 10.479372
vertex 12.132227 0.692038 10.459372
endloop
endfacet
facet normal 0 0 0
outer loop
vertex 11.743187 0.733545 10.479372
vertex 11.722712 0.712792 10.459372
vertex 11.743187 0.712792 10.479372
endloop
endfacet
facet normal 0 0 0
outer loop
vertex 11.722712 0.733545 10.459372
vertex 11.722712 0.712792 10.459372
vertex 11.743187 0.733545 10.479372
endloop
endfacet
facet normal 0 0 0
outer loop
vertex 12.152704 0.712792 10.459372
vertex 12.152704 0.733545 10.479372
vertex 12.132227 0.712792 10.479372
endloop
endfacet
facet normal 0 0 0
outer loop
vertex 12.173180 0.733545 10.459372
vertex 12.152704 0.733545 10.479372
vertex 12.152704 0.712792 10.459372
endloop
endfacet
facet normal 0 0 0
outer loop
vertex 11.722712 0.733545 10.459372
vertex 11.743187 0.733545 10.479372
vertex 11.743187 0.754298 10.459372
endloop
endfacet
facet normal 0 0 0
outer loop
vertex 11.743187 0.733545 10.479372
vertex 11.743187 0.754298 10.479372
vertex 11.743187 0.754298 10.459372
endloop
endfacet
facet normal 0 0 0
outer loop
vertex 12.173180 0.733545 10.459372
vertex 12.173180 0.754298 10.479372
vertex 12.152704 0.733545 10.479372
endloop
endfacet
facet normal 0 0 0
outer loop
vertex 12.193655 0.754298 10.459372
vertex 12.173180 0.754298 10.479372
vertex 12.173180 0.733545 10.459372
endloop
endfacet
facet normal 0 0 0
outer loop
vertex 11.743187 0.754298 10.479372
vertex 11.743187 0.775052 10.459372
vertex 11.743187 0.754298 10.459372
endloop
endfacet
facet normal 0 0 0
outer loop
vertex 11.743187 0.754298 10.479372
vertex 11.763662 0.775052 10.479372
vertex 11.743187 0.775052 10.459372
endloop
endfacet
facet normal 0 0 0
outer loop
vertex 12.193655 0.754298 10.459372
vertex 12.193655 0.775052 10.479372
vertex 12.173180 0.754298 10.479372
endloop
endfacet
facet normal 0 0 0
outer loop
vertex 12.214130 0.775052 10.459372
vertex 12.193655 0.775052 10.479372
vertex 12.193655 0.754298 10.459372
endloop
endfacet
facet normal 0 0 0
outer loop
vertex 11.743187 0.775052 10.459372
vertex 11.763662 0.775052 10.479372
vertex 11.763662 0.795805 10.459372
endloop
endfacet
facet normal 0 0 0
outer loop
vertex 11.763662 0.775052 10.479372
vertex 11.763662 0.795805 10.479372
vertex 11.763662 0.795805 10.459372
endloop
endfacet
facet normal 0 0 0
outer loop
vertex 12.214130 0.795805 10.459372
vertex 12.193655 0.775052 10.479372
vertex 12.214130 0.775052 10.459372
endloop
endfacet
facet normal 0 0 0
outer loop
vertex 12.193655 0.795805 10.479372
vertex 12.193655 0.775052 10.479372
vertex 12.214130 0.795805 10.459372
endloop
endfacet
facet normal 0 0 0
outer loop
vertex 11.763662 0.795805 10.479372
vertex 11.784140 0.816558 10.459372
vertex 11.763662 0.795805 10.459372
endloop
endfacet
facet normal 0 0 0
outer loop
vertex 11.784140 0.816558 10.479372
vertex 11.784140 0.816558 10.459372
vertex 11.763662 0.795805 10.479372
endloop
endfacet
facet normal 0 0 0
outer loop
vertex 12.214130 0.795805 10.459372
vertex 12.214130 0.816558 10.479372
vertex 12.193655 0.795805 10.479372
endloop
endfacet
facet normal 0 0 0
outer loop
vertex 12.214130 0.816558 10.479372
vertex 12.214130 0.795805 10.459372
vertex 12.214130 0.816558 10.459372
endloop
endfacet
facet normal 0 0 0
outer loop
vertex 11.784140 0.816558 10.479372
vertex 11.804615 0.837312 10.459372
vertex 11.784140 0.816558 10.459372
endloop
endfacet
facet normal 0 0 0
outer loop
vertex 11.804615 0.837312 10.479372
vertex 11.804615 0.837312 10.459372
vertex 11.784140 0.816558 10.479372
endloop
endfacet
facet normal 0 0 0
outer loop
vertex 12.214130 0.816558 10.459372
vertex 12.214130 0.837312 10.459372
vertex 12.214130 0.816558 10.479372
endloop
endfacet
facet normal 0 0 0
outer loop
vertex 12.214130 0.816558 10.479372
vertex 12.214130 0.837312 10.459372
vertex 12.214130 0.837312 10.479372
endloop
endfacet
facet normal 0 0 0
outer loop
vertex 11.804615 0.837312 10.479372
vertex 11.825090 0.858065 10.459372
vertex 11.804615 0.837312 10.459372
endloop
endfacet
facet normal 0 0 0
outer loop
vertex 11.825090 0.858065 10.479372
vertex 11.825090 0.858065 10.459372
vertex 11.804615 0.837312 10.479372
endloop
endfacet
facet normal 0 0 0
outer loop
vertex 12.214130 0.837312 10.459372
vertex 12.214130 0.858065 10.459372
vertex 12.214130 0.837312 10.479372
endloop
endfacet
facet normal 0 0 0
outer loop
vertex 12.214130 0.837312 10.479372
vertex 12.214130 0.858065 10.459372
vertex 12.214130 0.858065 10.479372
endloop
endfacet
facet normal 0 0 0
outer loop
vertex 11.825090 0.858065 10.479372
vertex 11.845566 0.878818 10.459372
vertex 11.825090 0.858065 10.459372
endloop
endfacet
facet normal 0 0 0
outer loop
vertex 11.845566 0.878818 10.479372
vertex 11.845566 0.878818 10.459372
vertex 11.825090 0.858065 10.479372
endloop
endfacet
facet normal 0 0 0
outer loop
vertex 12.214130 0.858065 10.459372
vertex 12.193655 0.878818 10.479372
vertex 12.214130 0.858065 10.479372
endloop
endfacet
facet normal 0 0 0
outer loop
vertex 12.193655 0.878818 10.459372
vertex 12.193655 0.878818 10.479372
vertex 12.214130 0.858065 10.459372
endloop
endfacet
facet normal 0 0 0
outer loop
vertex 11.845566 0.878818 10.479372
vertex 11.866043 0.899572 10.459372
vertex 11.845566 0.878818 10.459372
endloop
endfacet
facet normal 0 0 0
outer loop
vertex 11.866043 0.899572 10.479372
vertex 11.866043 0.899572 10.459372
vertex 11.845566 0.878818 10.479372
endloop
endfacet
facet normal 0 0 0
outer loop
vertex 12.193655 0.878818 10.459372
vertex 12.173180 0.899572 10.459372
vertex 12.193655 0.899572 10.479372
endloop
endfacet
facet normal 0 0 0
outer loop
vertex 12.193655 0.878818 10.459372
vertex 12.193655 0.899572 10.479372
vertex 12.193655 0.878818 10.479372
endloop
endfacet
facet normal 0 0 0
outer loop
vertex 11.886518 0.899572 10.459372
vertex 11.866043 0.899572 10.459372
vertex 11.886518 0.899572 10.479372
endloop
endfacet
facet normal 0 0 0
outer loop
vertex 11.866043 0.899572 10.459372
vertex 11.866043 0.899572 10.479372
vertex 11.886518 0.899572 10.479372
endloop
endfacet
facet normal 0 0 0
outer loop
vertex 11.886518 0.899572 10.479372
vertex 11.906994 0.920325 10.459372
vertex 11.886518 0.899572 10.459372
endloop
endfacet
facet normal 0 0 0
outer loop
vertex 11.906994 0.920325 10.479372
vertex 11.906994 0.920325 10.459372
vertex 11.886518 0.899572 10.479372
endloop
endfacet
facet normal 0 0 0
outer loop
vertex 12.193655 0.899572 10.479372
vertex 12.173180 0.899572 10.459372
vertex 12.173180 0.920325 10.479372
endloop
endfacet
facet normal 0 0 0
outer loop
vertex 12.173180 0.899572 10.459372
vertex 12.173180 0.920325 10.459372
vertex 12.173180 0.920325 10.479372
endloop
endfacet
facet normal 0 0 0
outer loop
vertex 11.927469 0.941078 10.479372
vertex 11.927469 0.920325 10.459372
vertex 11.906994 0.920325 10.479372
endloop
endfacet
facet normal 0 0 0
outer loop
vertex 11.927469 0.920325 10.459372
vertex 11.906994 0.920325 10.459372
vertex 11.906994 0.920325 10.479372
endloop
endfacet
facet normal 0 0 0
outer loop
vertex 11.927469 0.920325 10.459372
vertex 11.947945 0.941078 10.479372
vertex 11.947945 0.920325 10.459372
endloop
endfacet
facet normal 0 0 0
outer loop
vertex 11.927469 0.941078 10.479372
vertex 11.947945 0.941078 10.479372
vertex 11.927469 0.920325 10.459372
endloop
endfacet
facet normal 0 0 0
outer loop
vertex 11.947945 0.920325 10.459372
vertex 11.947945 0.941078 10.479372
vertex 11.968422 0.941078 10.459372
endloop
endfacet
facet normal 0 0 0
outer loop
vertex 12.152704 0.920325 10.459372
vertex 12.132227 0.941078 10.459372
vertex 12.152704 0.941078 10.479372
endloop
endfacet
facet normal 0 0 0
outer loop
vertex 12.152704 0.941078 10.479372
vertex 12.173180 0.920325 10.479372
vertex 12.152704 0.920325 10.459372
endloop
endfacet
facet normal 0 0 0
outer loop
vertex 12.173180 0.920325 10.479372
vertex 12.173180 0.920325 10.459372
vertex 12.152704 0.920325 10.459372
endloop
endfacet
facet normal 0 0 0
outer loop
vertex 11.968422 0.941078 10.459372
vertex 11.947945 0.941078 10.479372
vertex 11.968422 0.941078 10.479372
endloop
endfacet
facet normal 0 0 0
outer loop
vertex 11.988897 0.961832 10.479372
vertex 11.988897 0.941078 10.459372
vertex 11.968422 0.941078 10.479372
endloop
endfacet
facet normal 0 0 0
outer loop
vertex 11.988897 0.941078 10.459372
vertex 11.968422 0.941078 10.459372
vertex 11.968422 0.941078 10.479372
endloop
endfacet
facet normal 0 0 0
outer loop
vertex 11.988897 0.941078 10.459372
vertex 12.009373 0.961832 10.479372
vertex 12.009373 0.941078 10.459372
endloop
endfacet
facet normal 0 0 0
outer loop
vertex 11.988897 0.961832 10.479372
vertex 12.009373 0.961832 10.479372
vertex 11.988897 0.941078 10.459372
endloop
endfacet
facet normal 0 0 0
outer loop
vertex 12.009373 0.941078 10.459372
vertex 12.029848 0.961832 10.479372
vertex 12.029848 0.941078 10.459372
endloop
endfacet
facet normal 0 0 0
outer loop
vertex 12.009373 0.961832 10.479372
vertex 12.029848 0.961832 10.479372
vertex 12.009373 0.941078 10.459372
endloop
endfacet
facet normal 0 0 0
outer loop
vertex 12.029848 0.941078 10.459372
vertex 12.050323 0.961832 10.479372
vertex 12.050323 0.941078 10.459372
endloop
endfacet
facet normal 0 0 0
outer loop
vertex 12.029848 0.961832 10.479372
vertex 12.050323 0.961832 10.479372
vertex 12.029848 0.941078 10.459372
endloop
endfacet
facet normal 0 0 0
outer loop
vertex 12.050323 0.941078 10.459372
vertex 12.070801 0.961832 10.479372
vertex 12.070801 0.941078 10.459372
endloop
endfacet
facet normal 0 0 0
outer loop
vertex 12.050323 0.961832 10.479372
vertex 12.070801 0.961832 10.479372
vertex 12.050323 0.941078 10.459372
endloop
endfacet
facet normal 0 0 0
outer loop
vertex 12.070801 0.941078 10.459372
vertex 12.091276 0.961832 10.479372
vertex 12.091276 0.941078 10.459372
endloop
endfacet
facet normal 0 0 0
outer loop
vertex 12.070801 0.961832 10.479372
vertex 12.091276 0.961832 10.479372
vertex 12.070801 0.941078 10.459372
endloop
endfacet
facet normal 0 0 0
outer loop
vertex 12.091276 0.941078 10.459372
vertex 12.111752 0.961832 10.479372
vertex 12.111752 0.941078 10.459372
endloop
endfacet
facet normal 0 0 0
outer loop
vertex 12.091276 0.961832 10.479372
vertex 12.111752 0.961832 10.479372
vertex 12.091276 0.941078 10.459372
endloop
endfacet
facet normal 0 0 0
outer loop
vertex 12.111752 0.961832 10.479372
vertex 12.132227 0.941078 10.479372
vertex 12.111752 0.941078 10.459372
endloop
endfacet
facet normal 0 0 0
outer loop
vertex 12.132227 0.941078 10.479372
vertex 12.132227 0.941078 10.459372
vertex 12.111752 0.941078 10.459372
endloop
endfacet
facet normal 0 0 0
outer loop
vertex 12.152704 0.941078 10.479372
vertex 12.132227 0.941078 10.459372
vertex 12.132227 0.941078 10.479372
endloop
endfacet
facet normal 0 0 0
outer loop
vertex 11.845566 0.609025 10.479372
vertex 11.845566 0.629778 10.499372
vertex 11.825090 0.629778 10.479372
endloop
endfacet
facet normal 0 0 0
outer loop
vertex 11.866043 0.609025 10.479372
vertex 11.845566 0.629778 10.499372
vertex 11.845566 0.609025 10.479372
endloop
endfacet
facet normal 0 0 0
outer loop
vertex 11.866043 0.629778 10.499372
vertex 11.845566 0.629778 10.499372
vertex 11.866043 0.609025 10.479372
endloop
endfacet
facet normal 0 0 0
outer loop
vertex 11.886518 0.609025 10.479372
vertex 11.866043 0.629778 10.499372
vertex 11.866043 0.609025 10.479372
endloop
endfacet
facet normal 0 0 0
outer loop
vertex 11.886518 0.629778 10.499372
vertex 11.866043 0.629778 10.499372
vertex 11.886518 0.609025 10.479372
endloop
endfacet
facet normal 0 0 0
outer loop
vertex 11.906994 0.609025 10.479372
vertex 11.886518 0.629778 10.499372
vertex 11.886518 0.609025 10.479372
endloop
endfacet
facet normal 0 0 0
outer loop
vertex 11.906994 0.629778 10.499372
vertex 11.886518 0.629778 10.499372
vertex 11.906994 0.609025 10.479372
endloop
endfacet
facet normal 0 0 0
outer loop
vertex 11.927469 0.609025 10.479372
vertex 11.906994 0.629778 10.499372
vertex 11.906994 0.609025 10.479372
endloop
endfacet
facet normal 0 0 0
outer loop
vertex 11.927469 0.629778 10.499372
vertex 11.906994 0.629778 10.499372
vertex 11.927469 0.609025 10.479372
endloop
endfacet
facet normal 0 0 0
outer loop
vertex 11.947945 0.609025 10.479372
vertex 11.927469 0.629778 10.499372
vertex 11.927469 0.609025 10.479372
endloop
endfacet
facet normal 0 0 0
outer loop
vertex 11.947945 0.629778 10.499372
vertex 11.927469 0.629778 10.499372
vertex 11.947945 0.609025 10.479372
endloop
endfacet
facet normal 0 0 0
outer loop
vertex 11.947945 0.609025 10.479372
vertex 11.968422 0.629778 10.479372
vertex 11.947945 0.629778 10.499372
endloop
endfacet
facet normal 0 0 0
outer loop
vertex 11.968422 0.629778 10.479372
vertex 11.968422 0.629778 10.499372
vertex 11.947945 0.629778 10.499372
endloop
endfacet
facet normal 0 0 0
outer loop
vertex 11.988897 0.629778 10.479372
vertex 11.988897 0.629778 10.499372
vertex 11.968422 0.629778 10.479372
endloop
endfacet
facet normal 0 0 0
outer loop
vertex 11.968422 0.629778 10.479372
vertex 11.988897 0.629778 10.499372
vertex 11.968422 0.629778 10.499372
endloop
endfacet
facet normal 0 0 0
outer loop
vertex 12.009373 0.629778 10.479372
vertex 12.009373 0.629778 10.499372
vertex 11.988897 0.629778 10.479372
endloop
endfacet
facet normal 0 0 0
outer loop
vertex 11.988897 0.629778 10.479372
vertex 12.009373 0.629778 10.499372
vertex 11.988897 0.629778 10.499372
endloop
endfacet
facet normal 0 0 0
outer loop
vertex 11.763662 0.650532 10.479372
vertex 11.784140 0.629778 10.479372
vertex 11.784140 0.650532 10.479372
endloop
endfacet
facet normal 0 0 0
outer loop
vertex 11.804615 0.650532 10.499372
vertex 11.784140 0.650532 10.479372
vertex 11.804615 0.629778 10.479372
endloop
endfacet
facet normal 0 0 0
outer loop
vertex 11.784140 0.650532 10.479372
vertex 11.784140 0.629778 10.479372
vertex 11.804615 0.629778 10.479372
endloop
endfacet
facet normal 0 0 0
outer loop
vertex 11.825090 0.629778 10.479372
vertex 11.804615 0.650532 10.499372
vertex 11.804615 0.629778 10.479372
endloop
endfacet
facet normal 0 0 0
outer loop
vertex 11.825090 0.650532 10.499372
vertex 11.804615 0.650532 10.499372
vertex 11.825090 0.629778 10.479372
endloop
endfacet
facet normal 0 0 0
outer loop
vertex 11.845566 0.629778 10.499372
vertex 11.825090 0.650532 10.499372
vertex 11.825090 0.629778 10.479372
endloop
endfacet
facet normal 0 0 0
outer loop
vertex 12.009373 0.629778 10.479372
vertex 12.029848 0.650532 10.499372
vertex 12.009373 0.629778 10.499372
endloop
endfacet
facet normal 0 0 0
outer loop
vertex 12.029848 0.650532 10.479372
vertex 12.029848 0.650532 10.499372
vertex 12.009373 0.629778 10.479372
endloop
endfacet
facet normal 0 0 0
outer loop
vertex 12.050323 0.650532 10.479372
vertex 12.050323 0.650532 10.499372
vertex 12.029848 0.650532 10.479372
endloop
endfacet
facet normal 0 0 0
outer loop
vertex 12.029848 0.650532 10.479372
vertex 12.050323 0.650532 10.499372
vertex 12.029848 0.650532 10.499372
endloop
endfacet
facet normal 0 0 0
outer loop
vertex 12.070801 0.650532 10.479372
vertex 12.070801 0.650532 10.499372
vertex 12.050323 0.650532 10.479372
endloop
endfacet
facet normal 0 0 0
outer loop
vertex 12.050323 0.650532 10.479372
vertex 12.070801 0.650532 10.499372
vertex 12.050323 0.650532 10.499372
endloop
endfacet
facet normal 0 0 0
outer loop
vertex 11.743187 0.671285 10.479372
vertex 11.763662 0.650532 10.479372
vertex 11.763662 0.671285 10.479372
endloop
endfacet
facet normal 0 0 0
outer loop
vertex 11.784140 0.671285 10.499372
vertex 11.763662 0.671285 10.479372
vertex 11.784140 0.650532 10.479372
endloop
endfacet
facet normal 0 0 0
outer loop
vertex 11.763662 0.671285 10.479372
vertex 11.763662 0.650532 10.479372
vertex 11.784140 0.650532 10.479372
endloop
endfacet
facet normal 0 0 0
outer loop
vertex 11.804615 0.650532 10.499372
vertex 11.784140 0.671285 10.499372
vertex 11.784140 0.650532 10.479372
endloop
endfacet
facet normal 0 0 0
outer loop
vertex 12.070801 0.650532 10.479372
vertex 12.091276 0.671285 10.499372
vertex 12.070801 0.650532 10.499372
endloop
endfacet
facet normal 0 0 0
outer loop
vertex 12.091276 0.671285 10.479372
vertex 12.091276 0.671285 10.499372
vertex 12.070801 0.650532 10.479372
endloop
endfacet
facet normal 0 0 0
outer loop
vertex 11.763662 0.692038 10.499372
vertex 11.743187 0.692038 10.479372
vertex 11.763662 0.671285 10.479372
endloop
endfacet
facet normal 0 0 0
outer loop
vertex 11.743187 0.692038 10.479372
vertex 11.743187 0.671285 10.479372
vertex 11.763662 0.671285 10.479372
endloop
endfacet
facet normal 0 0 0
outer loop
vertex 11.784140 0.671285 10.499372
vertex 11.763662 0.692038 10.499372
vertex 11.763662 0.671285 10.479372
endloop
endfacet
facet normal 0 0 0
outer loop
vertex 12.091276 0.671285 10.479372
vertex 12.111752 0.692038 10.499372
vertex 12.091276 0.671285 10.499372
endloop
endfacet
facet normal 0 0 0
outer loop
vertex 12.111752 0.692038 10.479372
vertex 12.111752 0.692038 10.499372
vertex 12.091276 0.671285 10.479372
endloop
endfacet
facet normal 0 0 0
outer loop
vertex 12.111752 0.692038 10.479372
vertex 12.132227 0.692038 10.499372
vertex 12.111752 0.692038 10.499372
endloop
endfacet
facet normal 0 0 0
outer loop
vertex 11.763662 0.712792 10.499372
vertex 11.743187 0.692038 10.479372
vertex 11.763662 0.692038 10.499372
endloop
endfacet
facet normal 0 0 0
outer loop
vertex 11.743187 0.712792 10.479372
vertex 11.743187 0.692038 10.479372
vertex 11.763662 0.712792 10.499372
endloop
endfacet
facet normal 0 0 0
outer loop
vertex 12.111752 0.692038 10.479372
vertex 12.132227 0.712792 10.479372
vertex 12.132227 0.692038 10.499372
endloop
endfacet
facet normal 0 0 0
outer loop
vertex 12.132227 0.712792 10.479372
vertex 12.152704 0.712792 10.499372
vertex 12.132227 0.692038 10.499372
endloop
endfacet
facet normal 0 0 0
outer loop
vertex 11.763662 0.733545 10.499372
vertex 11.743187 0.712792 10.479372
vertex 11.763662 0.712792 10.499372
endloop
endfacet
facet normal 0 0 0
outer loop
vertex 11.743187 0.733545 10.479372
vertex 11.743187 0.712792 10.479372
vertex 11.763662 0.733545 10.499372
endloop
endfacet
facet normal 0 0 0
outer loop
vertex 12.132227 0.712792 10.479372
vertex 12.152704 0.733545 10.479372
vertex 12.152704 0.712792 10.499372
endloop
endfacet
facet normal 0 0 0
outer loop
vertex 12.152704 0.733545 10.479372
vertex 12.173180 0.733545 10.499372
vertex 12.152704 0.712792 10.499372
endloop
endfacet
facet normal 0 0 0
outer loop
vertex 11.763662 0.754298 10.499372
vertex 11.743187 0.733545 10.479372
vertex 11.763662 0.733545 10.499372
endloop
endfacet
facet normal 0 0 0
outer loop
vertex 11.743187 0.754298 10.479372
vertex 11.743187 0.733545 10.479372
vertex 11.763662 0.754298 10.499372
endloop
endfacet
facet normal 0 0 0
outer loop
vertex 12.152704 0.733545 10.479372
vertex 12.173180 0.754298 10.479372
vertex 12.173180 0.733545 10.499372
endloop
endfacet
facet normal 0 0 0
outer loop
vertex 12.173180 0.733545 10.499372
vertex 12.173180 0.754298 10.479372
vertex 12.173180 0.754298 10.499372
endloop
endfacet
facet normal 0 0 0
outer loop
vertex 11.743187 0.754298 10.479372
vertex 11.763662 0.754298 10.499372
vertex 11.763662 0.775052 10.479372
endloop
endfacet
facet normal 0 0 0
outer loop
vertex 11.763662 0.754298 10.499372
vertex 11.763662 0.775052 10.499372
vertex 11.763662 0.775052 10.479372
endloop
endfacet
facet normal 0 0 0
outer loop
vertex 12.173180 0.754298 10.479372
vertex 12.193655 0.775052 10.499372
vertex 12.173180 0.754298 10.499372
endloop
endfacet
facet normal 0 0 0
outer loop
vertex 12.193655 0.775052 10.479372
vertex 12.193655 0.775052 10.499372
vertex 12.173180 0.754298 10.479372
endloop
endfacet
facet normal 0 0 0
outer loop
vertex 11.763662 0.775052 10.479372
vertex 11.763662 0.775052 10.499372
vertex 11.763662 0.795805 10.479372
endloop
endfacet
facet normal 0 0 0
outer loop
vertex 11.763662 0.775052 10.499372
vertex 11.763662 0.795805 10.499372
vertex 11.763662 0.795805 10.479372
endloop
endfacet
facet normal 0 0 0
outer loop
vertex 12.193655 0.775052 10.479372
vertex 12.193655 0.795805 10.479372
vertex 12.193655 0.775052 10.499372
endloop
endfacet
facet normal 0 0 0
outer loop
vertex 12.193655 0.775052 10.499372
vertex 12.193655 0.795805 10.479372
vertex 12.193655 0.795805 10.499372
endloop
endfacet
facet normal 0 0 0
outer loop
vertex 11.763662 0.795805 10.499372
vertex 11.784140 0.816558 10.479372
vertex 11.763662 0.795805 10.479372
endloop
endfacet
facet normal 0 0 0
outer loop
vertex 11.784140 0.816558 10.499372
vertex 11.784140 0.816558 10.479372
vertex 11.763662 0.795805 10.499372
endloop
endfacet
facet normal 0 0 0
outer loop
vertex 12.193655 0.795805 10.479372
vertex 12.214130 0.816558 10.499372
vertex 12.193655 0.795805 10.499372
endloop
endfacet
facet normal 0 0 0
outer loop
vertex 12.214130 0.816558 10.479372
vertex 12.214130 0.816558 10.499372
vertex 12.193655 0.795805 10.479372
endloop
endfacet
facet normal 0 0 0
outer loop
vertex 11.784140 0.816558 10.499372
vertex 11.804615 0.837312 10.479372
vertex 11.784140 0.816558 10.479372
endloop
endfacet
facet normal 0 0 0
outer loop
vertex 11.804615 0.837312 10.499372
vertex 11.804615 0.837312 10.479372
vertex 11.784140 0.816558 10.499372
endloop
endfacet
facet normal 0 0 0
outer loop
vertex 12.214130 0.816558 10.479372
vertex 12.214130 0.837312 10.479372
vertex 12.214130 0.816558 10.499372
endloop
endfacet
facet normal 0 0 0
outer loop
vertex 12.214130 0.816558 10.499372
vertex 12.214130 0.837312 10.479372
vertex 12.214130 0.837312 10.499372
endloop
endfacet
facet normal 0 0 0
outer loop
vertex 11.804615 0.837312 10.499372
vertex 11.825090 0.858065 10.479372
vertex 11.804615 0.837312 10.479372
endloop
endfacet
facet normal 0 0 0
outer loop
vertex 11.825090 0.858065 10.499372
vertex 11.825090 0.858065 10.479372
vertex 11.804615 0.837312 10.499372
endloop
endfacet
facet normal 0 0 0
outer loop
vertex 12.214130 0.858065 10.479372
vertex 12.193655 0.858065 10.499372
vertex 12.214130 0.837312 10.499372
endloop
endfacet
facet normal 0 0 0
outer loop
vertex 12.214130 0.858065 10.479372
vertex 12.214130 0.837312 10.499372
vertex 12.214130 0.837312 10.479372
endloop
endfacet
facet normal 0 0 0
outer loop
vertex 11.825090 0.858065 10.499372
vertex 11.845566 0.878818 10.479372
vertex 11.825090 0.858065 10.479372
endloop
endfacet
facet normal 0 0 0
outer loop
vertex 11.845566 0.878818 10.499372
vertex 11.845566 0.878818 10.479372
vertex 11.825090 0.858065 10.499372
endloop
endfacet
facet normal 0 0 0
outer loop
vertex 12.214130 0.858065 10.479372
vertex 12.193655 0.878818 10.479372
vertex 12.193655 0.858065 10.499372
endloop
endfacet
facet normal 0 0 0
outer loop
vertex 12.193655 0.878818 10.479372
vertex 12.193655 0.878818 10.499372
vertex 12.193655 0.858065 10.499372
endloop
endfacet
facet normal 0 0 0
outer loop
vertex 11.845566 0.878818 10.499372
vertex 11.866043 0.899572 10.479372
vertex 11.845566 0.878818 10.479372
endloop
endfacet
facet normal 0 0 0
outer loop
vertex 11.866043 0.899572 10.499372
vertex 11.866043 0.899572 10.479372
vertex 11.845566 0.878818 10.499372
endloop
endfacet
facet normal 0 0 0
outer loop
vertex 12.193655 0.878818 10.479372
vertex 12.193655 0.899572 10.479372
vertex 12.193655 0.878818 10.499372
endloop
endfacet
facet normal 0 0 0
outer loop
vertex 12.193655 0.878818 10.499372
vertex 12.193655 0.899572 10.479372
vertex 12.193655 0.899572 10.499372
endloop
endfacet
facet normal 0 0 0
outer loop
vertex 11.886518 0.920325 10.499372
vertex 11.886518 0.899572 10.479372
vertex 11.866043 0.899572 10.499372
endloop
endfacet
facet normal 0 0 0
outer loop
vertex 11.886518 0.899572 10.479372
vertex 11.866043 0.899572 10.479372
vertex 11.866043 0.899572 10.499372
endloop
endfacet
facet normal 0 0 0
outer loop
vertex 11.886518 0.899572 10.479372
vertex 11.886518 0.920325 10.499372
vertex 11.906994 0.920325 10.479372
endloop
endfacet
facet normal 0 0 0
outer loop
vertex 12.193655 0.899572 10.479372
vertex 12.173180 0.920325 10.499372
vertex 12.193655 0.899572 10.499372
endloop
endfacet
facet normal 0 0 0
outer loop
vertex 12.173180 0.920325 10.479372
vertex 12.173180 0.920325 10.499372
vertex 12.193655 0.899572 10.479372
endloop
endfacet
facet normal 0 0 0
outer loop
vertex 11.906994 0.920325 10.479372
vertex 11.886518 0.920325 10.499372
vertex 11.906994 0.941078 10.499372
endloop
endfacet
facet normal 0 0 0
outer loop
vertex 11.906994 0.920325 10.479372
vertex 11.906994 0.941078 10.499372
vertex 11.927469 0.941078 10.479372
endloop
endfacet
facet normal 0 0 0
outer loop
vertex 12.173180 0.920325 10.479372
vertex 12.152704 0.941078 10.499372
vertex 12.173180 0.920325 10.499372
endloop
endfacet
facet normal 0 0 0
outer loop
vertex 12.152704 0.941078 10.479372
vertex 12.152704 0.941078 10.499372
vertex 12.173180 0.920325 10.479372
endloop
endfacet
facet normal 0 0 0
outer loop
vertex 11.927469 0.941078 10.479372
vertex 11.906994 0.941078 10.499372
vertex 11.927469 0.941078 10.499372
endloop
endfacet
facet normal 0 0 0
outer loop
vertex 11.947945 0.961832 10.499372
vertex 11.947945 0.941078 10.479372
vertex 11.927469 0.941078 10.499372
endloop
endfacet
facet normal 0 0 0
outer loop
vertex 11.947945 0.941078 10.479372
vertex 11.927469 0.941078 10.479372
vertex 11.927469 0.941078 10.499372
endloop
endfacet
facet normal 0 0 0
outer loop
vertex 11.947945 0.941078 10.479372
vertex 11.968422 0.961832 10.499372
vertex 11.968422 0.941078 10.479372
endloop
endfacet
facet normal 0 0 0
outer loop
vertex 11.947945 0.961832 10.499372
vertex 11.968422 0.961832 10.499372
vertex 11.947945 0.941078 10.479372
endloop
endfacet
facet normal 0 0 0
outer loop
vertex 11.968422 0.941078 10.479372
vertex 11.968422 0.961832 10.499372
vertex 11.988897 0.961832 10.479372
endloop
endfacet
facet normal 0 0 0
outer loop
vertex 12.132227 0.941078 10.479372
vertex 12.111752 0.961832 10.479372
vertex 12.132227 0.961832 10.499372
endloop
endfacet
facet normal 0 0 0
outer loop
vertex 12.132227 0.941078 10.479372
vertex 12.152704 0.961832 10.499372
vertex 12.152704 0.941078 10.479372
endloop
endfacet
facet normal 0 0 0
outer loop
vertex 12.132227 0.961832 10.499372
vertex 12.152704 0.961832 10.499372
vertex 12.132227 0.941078 10.479372
endloop
endfacet
facet normal 0 0 0
outer loop
vertex 12.152704 0.941078 10.479372
vertex 12.152704 0.961832 10.499372
vertex 12.152704 0.941078 10.499372
endloop
endfacet
facet normal 0 0 0
outer loop
vertex 11.988897 0.961832 10.479372
vertex 11.968422 0.961832 10.499372
vertex 11.988897 0.982585 10.499372
endloop
endfacet
facet normal 0 0 0
outer loop
vertex 11.988897 0.961832 10.479372
vertex 12.009373 0.982585 10.499372
vertex 12.009373 0.961832 10.479372
endloop
endfacet
facet normal 0 0 0
outer loop
vertex 11.988897 0.982585 10.499372
vertex 12.009373 0.982585 10.499372
vertex 11.988897 0.961832 10.479372
endloop
endfacet
facet normal 0 0 0
outer loop
vertex 12.009373 0.961832 10.479372
vertex 12.029848 0.982585 10.499372
vertex 12.029848 0.961832 10.479372
endloop
endfacet
facet normal 0 0 0
outer loop
vertex 12.009373 0.982585 10.499372
vertex 12.029848 0.982585 10.499372
vertex 12.009373 0.961832 10.479372
endloop
endfacet
facet normal 0 0 0
outer loop
vertex 12.029848 0.961832 10.479372
vertex 12.050323 0.982585 10.499372
vertex 12.050323 0.961832 10.479372
endloop
endfacet
facet normal 0 0 0
outer loop
vertex 12.029848 0.982585 10.499372
vertex 12.050323 0.982585 10.499372
vertex 12.029848 0.961832 10.479372
endloop
endfacet
facet normal 0 0 0
outer loop
vertex 12.050323 0.961832 10.479372
vertex 12.070801 0.982585 10.499372
vertex 12.070801 0.961832 10.479372
endloop
endfacet
facet normal 0 0 0
outer loop
vertex 12.050323 0.982585 10.499372
vertex 12.070801 0.982585 10.499372
vertex 12.050323 0.961832 10.479372
endloop
endfacet
facet normal 0 0 0
outer loop
vertex 12.070801 0.961832 10.479372
vertex 12.091276 0.982585 10.499372
vertex 12.091276 0.961832 10.479372
endloop
endfacet
facet normal 0 0 0
outer loop
vertex 12.070801 0.982585 10.499372
vertex 12.091276 0.982585 10.499372
vertex 12.070801 0.961832 10.479372
endloop
endfacet
facet normal 0 0 0
outer loop
vertex 12.091276 0.961832 10.479372
vertex 12.111752 0.982585 10.499372
vertex 12.111752 0.961832 10.479372
endloop
endfacet
facet normal 0 0 0
outer loop
vertex 12.091276 0.982585 10.499372
vertex 12.111752 0.982585 10.499372
vertex 12.091276 0.961832 10.479372
endloop
endfacet
facet normal 0 0 0
outer loop
vertex 12.111752 0.961832 10.479372
vertex 12.111752 0.982585 10.499372
vertex 12.132227 0.961832 10.499372
endloop
endfacet
facet normal 0 0 0
outer loop
vertex 11.825090 0.650532 10.499372
vertex 11.845566 0.629778 10.499372
vertex 11.845566 0.650532 10.499372
endloop
endfacet
facet normal 0 0 0
outer loop
vertex 11.866043 0.629778 10.499372
vertex 11.866043 0.650532 10.499372
vertex 11.845566 0.629778 10.499372
endloop
endfacet
facet normal 0 0 0
outer loop
vertex 11.866043 0.650532 10.499372
vertex 11.845566 0.650532 10.499372
vertex 11.845566 0.629778 10.499372
endloop
endfacet
facet normal 0 0 0
outer loop
vertex 11.886518 0.650532 10.519372
vertex 11.866043 0.650532 10.499372
vertex 11.886518 0.629778 10.499372
endloop
endfacet
facet normal 0 0 0
outer loop
vertex 11.866043 0.650532 10.499372
vertex 11.866043 0.629778 10.499372
vertex 11.886518 0.629778 10.499372
endloop
endfacet
facet normal 0 0 0
outer loop
vertex 11.906994 0.629778 10.499372
vertex 11.886518 0.650532 10.519372
vertex 11.886518 0.629778 10.499372
endloop
endfacet
facet normal 0 0 0
outer loop
vertex 11.906994 0.650532 10.519372
vertex 11.886518 0.650532 10.519372
vertex 11.906994 0.629778 10.499372
endloop
endfacet
facet normal 0 0 0
outer loop
vertex 11.927469 0.629778 10.499372
vertex 11.906994 0.650532 10.519372
vertex 11.906994 0.629778 10.499372
endloop
endfacet
facet normal 0 0 0
outer loop
vertex 11.927469 0.650532 10.519372
vertex 11.906994 0.650532 10.519372
vertex 11.927469 0.629778 10.499372
endloop
endfacet
facet normal 0 0 0
outer loop
vertex 11.947945 0.629778 10.499372
vertex 11.927469 0.650532 10.519372
vertex 11.927469 0.629778 10.499372
endloop
endfacet
facet normal 0 0 0
outer loop
vertex 11.947945 0.650532 10.519372
vertex 11.927469 0.650532 10.519372
vertex 11.947945 0.629778 10.499372
endloop
endfacet
facet normal 0 0 0
outer loop
vertex 11.968422 0.629778 10.499372
vertex 11.947945 0.650532 10.519372
vertex 11.947945 0.629778 10.499372
endloop
endfacet
facet normal 0 0 0
outer loop
vertex 11.968422 0.650532 10.519372
vertex 11.947945 0.650532 10.519372
vertex 11.968422 0.629778 10.499372
endloop
endfacet
facet normal 0 0 0
outer loop
vertex 11.988897 0.629778 10.499372
vertex 11.968422 0.650532 10.519372
vertex 11.968422 0.629778 10.499372
endloop
endfacet
facet normal 0 0 0
outer loop
vertex 11.988897 0.650532 10.519372
vertex 11.968422 0.650532 10.519372
vertex 11.988897 0.629778 10.499372
endloop
endfacet
facet normal 0 0 0
outer loop
vertex 11.988897 0.650532 10.519372
vertex 11.988897 0.629778 10.499372
vertex 12.009373 0.650532 10.499372
endloop
endfacet
facet normal 0 0 0
outer loop
vertex 11.988897 0.629778 10.499372
vertex 12.009373 0.629778 10.499372
vertex 12.009373 0.650532 10.499372
endloop
endfacet
facet normal 0 0 0
outer loop
vertex 12.009373 0.629778 10.499372
vertex 12.029848 0.650532 10.499372
vertex 12.009373 0.650532 10.499372
endloop
endfacet
facet normal 0 0 0
outer loop
vertex 11.784140 0.671285 10.499372
vertex 11.804615 0.650532 10.499372
vertex 11.804615 0.671285 10.499372
endloop
endfacet
facet normal 0 0 0
outer loop
vertex 11.825090 0.671285 10.519372
vertex 11.804615 0.671285 10.499372
vertex 11.825090 0.650532 10.499372
endloop
endfacet
facet normal 0 0 0
outer loop
vertex 11.804615 0.671285 10.499372
vertex 11.804615 0.650532 10.499372
vertex 11.825090 0.650532 10.499372
endloop
endfacet
facet normal 0 0 0
outer loop
vertex 11.845566 0.650532 10.499372
vertex 11.825090 0.671285 10.519372
vertex 11.825090 0.650532 10.499372
endloop
endfacet
facet normal 0 0 0
outer loop
vertex 11.845566 0.671285 10.519372
vertex 11.825090 0.671285 10.519372
vertex 11.845566 0.650532 10.499372
endloop
endfacet
facet normal 0 0 0
outer loop
vertex 11.866043 0.650532 10.499372
vertex 11.845566 0.671285 10.519372
vertex 11.845566 0.650532 10.499372
endloop
endfacet
facet normal 0 0 0
outer loop
vertex 11.866043 0.671285 10.519372
vertex 11.845566 0.671285 10.519372
vertex 11.866043 0.650532 10.499372
endloop
endfacet
facet normal 0 0 0
outer loop
vertex 11.886518 0.650532 10.519372
vertex 11.866043 0.671285 10.519372
vertex 11.866043 0.650532 10.499372
endloop
endfacet
facet normal 0 0 0
outer loop
vertex 12.009373 0.650532 10.499372
vertex 12.009373 0.671285 10.519372
vertex 11.988897 0.650532 10.519372
endloop
endfacet
facet normal 0 0 0
outer loop
vertex 12.029848 0.650532 10.499372
vertex 12.009373 0.671285 10.519372
vertex 12.009373 0.650532 10.499372
endloop
endfacet
facet normal 0 0 0
outer loop
vertex 12.029848 0.671285 10.519372
vertex 12.009373 0.671285 10.519372
vertex 12.029848 0.650532 10.499372
endloop
endfacet
facet normal 0 0 0
outer loop
vertex 12.050323 0.650532 10.499372
vertex 12.029848 0.671285 10.519372
vertex 12.029848 0.650532 10.499372
endloop
endfacet
facet normal 0 0 0
outer loop
vertex 12.050323 0.671285 10.519372
vertex 12.029848 0.671285 10.519372
vertex 12.050323 0.650532 10.499372
endloop
endfacet
facet normal 0 0 0
outer loop
vertex 12.050323 0.671285 10.519372
vertex 12.050323 0.650532 10.499372
vertex 12.070801 0.671285 10.499372
endloop
endfacet
facet normal 0 0 0
outer loop
vertex 12.050323 0.650532 10.499372
vertex 12.070801 0.650532 10.499372
vertex 12.070801 0.671285 10.499372
endloop
endfacet
facet normal 0 0 0
outer loop
vertex 12.070801 0.650532 10.499372
vertex 12.091276 0.671285 10.499372
vertex 12.070801 0.671285 10.499372
endloop
endfacet
facet normal 0 0 0
outer loop
vertex 11.763662 0.692038 10.499372
vertex 11.784140 0.671285 10.499372
vertex 11.784140 0.692038 10.499372
endloop
endfacet
facet normal 0 0 0
outer loop
vertex 11.804615 0.692038 10.519372
vertex 11.784140 0.692038 10.499372
vertex 11.804615 0.671285 10.499372
endloop
endfacet
facet normal 0 0 0
outer loop
vertex 11.784140 0.692038 10.499372
vertex 11.784140 0.671285 10.499372
vertex 11.804615 0.671285 10.499372
endloop
endfacet
facet normal 0 0 0
outer loop
vertex 11.825090 0.671285 10.519372
vertex 11.804615 0.692038 10.519372
vertex 11.804615 0.671285 10.499372
endloop
endfacet
facet normal 0 0 0
outer loop
vertex 12.070801 0.671285 10.499372
vertex 12.070801 0.692038 10.519372
vertex 12.050323 0.671285 10.519372
endloop
endfacet
facet normal 0 0 0
outer loop
vertex 12.091276 0.671285 10.499372
vertex 12.070801 0.692038 10.519372
vertex 12.070801 0.671285 10.499372
endloop
endfacet
facet normal 0 0 0
outer loop
vertex 12.091276 0.692038 10.519372
vertex 12.070801 0.692038 10.519372
vertex 12.091276 0.671285 10.499372
endloop
endfacet
facet normal 0 0 0
outer loop
vertex 12.111752 0.692038 10.499372
vertex 12.091276 0.692038 10.519372
vertex 12.091276 0.671285 10.499372
endloop
endfacet
facet normal 0 0 0
outer loop
vertex 11.784140 0.712792 10.519372
vertex 11.763662 0.712792 10.499372
vertex 11.784140 0.692038 10.499372
endloop
endfacet
facet normal 0 0 0
outer loop
vertex 11.763662 0.712792 10.499372
vertex 11.763662 0.692038 10.499372
vertex 11.784140 0.692038 10.499372
endloop
endfacet
facet normal 0 0 0
outer loop
vertex 11.804615 0.692038 10.519372
vertex 11.784140 0.712792 10.519372
vertex 11.784140 0.692038 10.499372
endloop
endfacet
facet normal 0 0 0
outer loop
vertex 12.111752 0.692038 10.499372
vertex 12.111752 0.712792 10.519372
vertex 12.091276 0.692038 10.519372
endloop
endfacet
facet normal 0 0 0
outer loop
vertex 12.132227 0.692038 10.499372
vertex 12.111752 0.712792 10.519372
vertex 12.111752 0.692038 10.499372
endloop
endfacet
facet normal 0 0 0
outer loop
vertex 12.132227 0.712792 10.519372
vertex 12.111752 0.712792 10.519372
vertex 12.132227 0.692038 10.499372
endloop
endfacet
facet normal 0 0 0
outer loop
vertex 12.152704 0.712792 10.499372
vertex 12.132227 0.712792 10.519372
vertex 12.132227 0.692038 10.499372
endloop
endfacet
facet normal 0 0 0
outer loop
vertex 11.784140 0.733545 10.519372
vertex 11.763662 0.712792 10.499372
vertex 11.784140 0.712792 10.519372
endloop
endfacet
facet normal 0 0 0
outer loop
vertex 11.763662 0.733545 10.499372
vertex 11.763662 0.712792 10.499372
vertex 11.784140 0.733545 10.519372
endloop
endfacet
facet normal 0 0 0
outer loop
vertex 12.152704 0.712792 10.499372
vertex 12.152704 0.733545 10.519372
vertex 12.132227 0.712792 10.519372
endloop
endfacet
facet normal 0 0 0
outer loop
vertex 12.173180 0.733545 10.499372
vertex 12.152704 0.733545 10.519372
vertex 12.152704 0.712792 10.499372
endloop
endfacet
facet normal 0 0 0
outer loop
vertex 11.763662 0.733545 10.499372
vertex 11.763662 0.754298 10.519372
vertex 11.763662 0.754298 10.499372
endloop
endfacet
facet normal 0 0 0
outer loop
vertex 11.784140 0.733545 10.519372
vertex 11.763662 0.754298 10.519372
vertex 11.763662 0.733545 10.499372
endloop
endfacet
facet normal 0 0 0
outer loop
vertex 12.173180 0.733545 10.499372
vertex 12.173180 0.754298 10.519372
vertex 12.152704 0.733545 10.519372
endloop
endfacet
facet normal 0 0 0
outer loop
vertex 12.173180 0.754298 10.519372
vertex 12.173180 0.733545 10.499372
vertex 12.173180 0.754298 10.499372
endloop
endfacet
facet normal 0 0 0
outer loop
vertex 11.763662 0.754298 10.519372
vertex 11.763662 0.775052 10.499372
vertex 11.763662 0.754298 10.499372
endloop
endfacet
facet normal 0 0 0
outer loop
vertex 11.763662 0.754298 10.519372
vertex 11.784140 0.775052 10.519372
vertex 11.763662 0.775052 10.499372
endloop
endfacet
facet normal 0 0 0
outer loop
vertex 12.173180 0.754298 10.499372
vertex 12.193655 0.775052 10.519372
vertex 12.173180 0.754298 10.519372
endloop
endfacet
facet normal 0 0 0
outer loop
vertex 12.193655 0.775052 10.499372
vertex 12.193655 0.775052 10.519372
vertex 12.173180 0.754298 10.499372
endloop
endfacet
facet normal 0 0 0
outer loop
vertex 11.784140 0.795805 10.519372
vertex 11.763662 0.775052 10.499372
vertex 11.784140 0.775052 10.519372
endloop
endfacet
facet normal 0 0 0
outer loop
vertex 11.763662 0.795805 10.499372
vertex 11.763662 0.775052 10.499372
vertex 11.784140 0.795805 10.519372
endloop
endfacet
facet normal 0 0 0
outer loop
vertex 12.193655 0.775052 10.499372
vertex 12.193655 0.795805 10.499372
vertex 12.193655 0.775052 10.519372
endloop
endfacet
facet normal 0 0 0
outer loop
vertex 12.193655 0.775052 10.519372
vertex 12.193655 0.795805 10.499372
vertex 12.193655 0.795805 10.519372
endloop
endfacet
facet normal 0 0 0
outer loop
vertex 11.763662 0.795805 10.499372
vertex 11.784140 0.795805 10.519372
vertex 11.784140 0.816558 10.499372
endloop
endfacet
facet normal 0 0 0
outer loop
vertex 11.784140 0.795805 10.519372
vertex 11.784140 0.816558 10.519372
vertex 11.784140 0.816558 10.499372
endloop
endfacet
facet normal 0 0 0
outer loop
vertex 12.193655 0.795805 10.499372
vertex 12.214130 0.816558 10.519372
vertex 12.193655 0.795805 10.519372
endloop
endfacet
facet normal 0 0 0
outer loop
vertex 12.214130 0.816558 10.499372
vertex 12.214130 0.816558 10.519372
vertex 12.193655 0.795805 10.499372
endloop
endfacet
facet normal 0 0 0
outer loop
vertex 11.784140 0.816558 10.519372
vertex 11.804615 0.837312 10.499372
vertex 11.784140 0.816558 10.499372
endloop
endfacet
facet normal 0 0 0
outer loop
vertex 11.804615 0.837312 10.519372
vertex 11.804615 0.837312 10.499372
vertex 11.784140 0.816558 10.519372
endloop
endfacet
facet normal 0 0 0
outer loop
vertex 12.214130 0.816558 10.499372
vertex 12.214130 0.837312 10.499372
vertex 12.214130 0.816558 10.519372
endloop
endfacet
facet normal 0 0 0
outer loop
vertex 12.214130 0.816558 10.519372
vertex 12.214130 0.837312 10.499372
vertex 12.214130 0.837312 10.519372
endloop
endfacet
facet normal 0 0 0
outer loop
vertex 11.804615 0.858065 10.519372
vertex 11.804615 0.837312 10.499372
vertex 11.804615 0.837312 10.519372
endloop
endfacet
facet normal 0 0 0
outer loop
vertex 11.804615 0.837312 10.499372
vertex 11.804615 0.858065 10.519372
vertex 11.825090 0.858065 10.499372
endloop
endfacet
facet normal 0 0 0
outer loop
vertex 12.214130 0.837312 10.499372
vertex 12.193655 0.858065 10.499372
vertex 12.214130 0.858065 10.519372
endloop
endfacet
facet normal 0 0 0
outer loop
vertex 12.214130 0.837312 10.499372
vertex 12.214130 0.858065 10.519372
vertex 12.214130 0.837312 10.519372
endloop
endfacet
facet normal 0 0 0
outer loop
vertex 11.825090 0.858065 10.499372
vertex 11.804615 0.858065 10.519372
vertex 11.825090 0.878818 10.519372
endloop
endfacet
facet normal 0 0 0
outer loop
vertex 11.825090 0.858065 10.499372
vertex 11.825090 0.878818 10.519372
vertex 11.845566 0.878818 10.499372
endloop
endfacet
facet normal 0 0 0
outer loop
vertex 12.214130 0.858065 10.519372
vertex 12.193655 0.878818 10.499372
vertex 12.214130 0.878818 10.519372
endloop
endfacet
facet normal 0 0 0
outer loop
vertex 12.193655 0.858065 10.499372
vertex 12.193655 0.878818 10.499372
vertex 12.214130 0.858065 10.519372
endloop
endfacet
facet normal 0 0 0
outer loop
vertex 11.845566 0.878818 10.499372
vertex 11.825090 0.878818 10.519372
vertex 11.845566 0.899572 10.519372
endloop
endfacet
facet normal 0 0 0
outer loop
vertex 11.845566 0.878818 10.499372
vertex 11.845566 0.899572 10.519372
vertex 11.866043 0.899572 10.499372
endloop
endfacet
facet normal 0 0 0
outer loop
vertex 12.214130 0.878818 10.519372
vertex 12.193655 0.878818 10.499372
vertex 12.193655 0.899572 10.519372
endloop
endfacet
facet normal 0 0 0
outer loop
vertex 12.193655 0.878818 10.499372
vertex 12.193655 0.899572 10.499372
vertex 12.193655 0.899572 10.519372
endloop
endfacet
facet normal 0 0 0
outer loop
vertex 11.866043 0.899572 10.499372
vertex 11.845566 0.899572 10.519372
vertex 11.866043 0.920325 10.519372
endloop
endfacet
facet normal 0 0 0
outer loop
vertex 11.866043 0.899572 10.499372
vertex 11.866043 0.920325 10.519372
vertex 11.886518 0.920325 10.499372
endloop
endfacet
facet normal 0 0 0
outer loop
vertex 12.193655 0.899572 10.499372
vertex 12.173180 0.920325 10.499372
vertex 12.193655 0.920325 10.519372
endloop
endfacet
facet normal 0 0 0
outer loop
vertex 12.193655 0.899572 10.499372
vertex 12.193655 0.920325 10.519372
vertex 12.193655 0.899572 10.519372
endloop
endfacet
facet normal 0 0 0
outer loop
vertex 11.886518 0.920325 10.499372
vertex 11.866043 0.920325 10.519372
vertex 11.886518 0.941078 10.519372
endloop
endfacet
facet normal 0 0 0
outer loop
vertex 11.886518 0.920325 10.499372
vertex 11.886518 0.941078 10.519372
vertex 11.906994 0.941078 10.499372
endloop
endfacet
facet normal 0 0 0
outer loop
vertex 12.173180 0.920325 10.499372
vertex 12.152704 0.941078 10.499372
vertex 12.173180 0.941078 10.519372
endloop
endfacet
facet normal 0 0 0
outer loop
vertex 12.173180 0.920325 10.499372
vertex 12.173180 0.941078 10.519372
vertex 12.193655 0.920325 10.519372
endloop
endfacet
facet normal 0 0 0
outer loop
vertex 11.906994 0.941078 10.499372
vertex 11.886518 0.941078 10.519372
vertex 11.906994 0.941078 10.519372
endloop
endfacet
facet normal 0 0 0
outer loop
vertex 11.927469 0.961832 10.519372
vertex 11.927469 0.941078 10.499372
vertex 11.906994 0.941078 10.519372
endloop
endfacet
facet normal 0 0 0
outer loop
vertex 11.927469 0.941078 10.499372
vertex 11.906994 0.941078 10.499372
vertex 11.906994 0.941078 10.519372
endloop
endfacet
facet normal 0 0 0
outer loop
vertex 11.927469 0.941078 10.499372
vertex 11.927469 0.961832 10.519372
vertex 11.947945 0.961832 10.499372
endloop
endfacet
facet normal 0 0 0
outer loop
vertex 12.173180 0.941078 10.519372
vertex 12.152704 0.961832 10.499372
vertex 12.173180 0.961832 10.519372
endloop
endfacet
facet normal 0 0 0
outer loop
vertex 12.152704 0.941078 10.499372
vertex 12.152704 0.961832 10.499372
vertex 12.173180 0.941078 10.519372
endloop
endfacet
facet normal 0 0 0
outer loop
vertex 11.947945 0.961832 10.499372
vertex 11.927469 0.961832 10.519372
vertex 11.947945 0.961832 10.519372
endloop
endfacet
facet normal 0 0 0
outer loop
vertex 11.968422 0.982585 10.519372
vertex 11.968422 0.961832 10.499372
vertex 11.947945 0.961832 10.519372
endloop
endfacet
facet normal 0 0 0
outer loop
vertex 11.968422 0.961832 10.499372
vertex 11.947945 0.961832 10.499372
vertex 11.947945 0.961832 10.519372
endloop
endfacet
facet normal 0 0 0
outer loop
vertex 11.968422 0.961832 10.499372
vertex 11.968422 0.982585 10.519372
vertex 11.988897 0.982585 10.499372
endloop
endfacet
facet normal 0 0 0
outer loop
vertex 12.132227 0.961832 10.499372
vertex 12.111752 0.982585 10.499372
vertex 12.132227 0.982585 10.519372
endloop
endfacet
facet normal 0 0 0
outer loop
vertex 12.132227 0.982585 10.519372
vertex 12.152704 0.961832 10.519372
vertex 12.132227 0.961832 10.499372
endloop
endfacet
facet normal 0 0 0
outer loop
vertex 12.152704 0.961832 10.519372
vertex 12.152704 0.961832 10.499372
vertex 12.132227 0.961832 10.499372
endloop
endfacet
facet normal 0 0 0
outer loop
vertex 12.173180 0.961832 10.519372
vertex 12.152704 0.961832 10.499372
vertex 12.152704 0.961832 10.519372
endloop
endfacet
facet normal 0 0 0
outer loop
vertex 11.988897 0.982585 10.499372
vertex 11.968422 0.982585 10.519372
vertex 11.988897 0.982585 10.519372
endloop
endfacet
facet normal 0 0 0
outer loop
vertex 12.009373 0.982585 10.499372
vertex 11.988897 0.982585 10.499372
vertex 12.009373 0.982585 10.519372
endloop
endfacet
facet normal 0 0 0
outer loop
vertex 11.988897 0.982585 10.499372
vertex 11.988897 0.982585 10.519372
vertex 12.009373 0.982585 10.519372
endloop
endfacet
facet normal 0 0 0
outer loop
vertex 12.029848 1.003338 10.519372
vertex 12.029848 0.982585 10.499372
vertex 12.009373 0.982585 10.519372
endloop
endfacet
facet normal 0 0 0
outer loop
vertex 12.029848 0.982585 10.499372
vertex 12.009373 0.982585 10.499372
vertex 12.009373 0.982585 10.519372
endloop
endfacet
facet normal 0 0 0
outer loop
vertex 12.029848 1.003338 10.519372
vertex 12.050323 0.982585 10.519372
vertex 12.029848 0.982585 10.499372
endloop
endfacet
facet normal 0 0 0
outer loop
vertex 12.050323 0.982585 10.519372
vertex 12.050323 0.982585 10.499372
vertex 12.029848 0.982585 10.499372
endloop
endfacet
facet normal 0 0 0
outer loop
vertex 12.070801 1.003338 10.519372
vertex 12.070801 0.982585 10.499372
vertex 12.050323 0.982585 10.519372
endloop
endfacet
facet normal 0 0 0
outer loop
vertex 12.070801 0.982585 10.499372
vertex 12.050323 0.982585 10.499372
vertex 12.050323 0.982585 10.519372
endloop
endfacet
facet normal 0 0 0
outer loop
vertex 12.070801 0.982585 10.499372
vertex 12.091276 1.003338 10.519372
vertex 12.091276 0.982585 10.499372
endloop
endfacet
facet normal 0 0 0
outer loop
vertex 12.070801 1.003338 10.519372
vertex 12.091276 1.003338 10.519372
vertex 12.070801 0.982585 10.499372
endloop
endfacet
facet normal 0 0 0
outer loop
vertex 12.091276 1.003338 10.519372
vertex 12.111752 0.982585 10.519372
vertex 12.091276 0.982585 10.499372
endloop
endfacet
facet normal 0 0 0
outer loop
vertex 12.111752 0.982585 10.519372
vertex 12.111752 0.982585 10.499372
vertex 12.091276 0.982585 10.499372
endloop
endfacet
facet normal 0 0 0
outer loop
vertex 12.132227 0.982585 10.519372
vertex 12.111752 0.982585 10.499372
vertex 12.111752 0.982585 10.519372
endloop
endfacet
facet normal 0 0 0
outer loop
vertex 11.866043 0.671285 10.519372
vertex 11.886518 0.650532 10.519372
vertex 11.886518 0.671285 10.519372
endloop
endfacet
facet normal 0 0 0
outer loop
vertex 11.906994 0.671285 10.539371
vertex 11.886518 0.671285 10.519372
vertex 11.906994 0.650532 10.519372
endloop
endfacet
facet normal 0 0 0
outer loop
vertex 11.886518 0.671285 10.519372
vertex 11.886518 0.650532 10.519372
vertex 11.906994 0.650532 10.519372
endloop
endfacet
facet normal 0 0 0
outer loop
vertex 11.927469 0.650532 10.519372
vertex 11.906994 0.671285 10.539371
vertex 11.906994 0.650532 10.519372
endloop
endfacet
facet normal 0 0 0
outer loop
vertex 11.927469 0.671285 10.539371
vertex 11.906994 0.671285 10.539371
vertex 11.927469 0.650532 10.519372
endloop
endfacet
facet normal 0 0 0
outer loop
vertex 11.947945 0.650532 10.519372
vertex 11.927469 0.671285 10.539371
vertex 11.927469 0.650532 10.519372
endloop
endfacet
facet normal 0 0 0
outer loop
vertex 11.947945 0.671285 10.539371
vertex 11.927469 0.671285 10.539371
vertex 11.947945 0.650532 10.519372
endloop
endfacet
facet normal 0 0 0
outer loop
vertex 11.968422 0.650532 10.519372
vertex 11.947945 0.671285 10.539371
vertex 11.947945 0.650532 10.519372
endloop
endfacet
facet normal 0 0 0
outer loop
vertex 11.968422 0.671285 10.539371
vertex 11.947945 0.671285 10.539371
vertex 11.968422 0.650532 10.519372
endloop
endfacet
facet normal 0 0 0
outer loop
vertex 11.968422 0.671285 10.539371
vertex 11.968422 0.650532 10.519372
vertex 11.988897 0.671285 10.519372
endloop
endfacet
facet normal 0 0 0
outer loop
vertex 11.968422 0.650532 10.519372
vertex 11.988897 0.650532 10.519372
vertex 11.988897 0.671285 10.519372
endloop
endfacet
facet normal 0 0 0
outer loop
vertex 11.988897 0.650532 10.519372
vertex 12.009373 0.671285 10.519372
vertex 11.988897 0.671285 10.519372
endloop
endfacet
facet normal 0 0 0
outer loop
vertex 11.804615 0.692038 10.519372
vertex 11.825090 0.671285 10.519372
vertex 11.825090 0.692038 10.519372
endloop
endfacet
facet normal 0 0 0
outer loop
vertex 11.845566 0.692038 10.539371
vertex 11.825090 0.692038 10.519372
vertex 11.845566 0.671285 10.519372
endloop
endfacet
facet normal 0 0 0
outer loop
vertex 11.825090 0.692038 10.519372
vertex 11.825090 0.671285 10.519372
vertex 11.845566 0.671285 10.519372
endloop
endfacet
facet normal 0 0 0
outer loop
vertex 11.866043 0.671285 10.519372
vertex 11.845566 0.692038 10.539371
vertex 11.845566 0.671285 10.519372
endloop
endfacet
facet normal 0 0 0
outer loop
vertex 11.866043 0.692038 10.539371
vertex 11.845566 0.692038 10.539371
vertex 11.866043 0.671285 10.519372
endloop
endfacet
facet normal 0 0 0
outer loop
vertex 11.886518 0.671285 10.519372
vertex 11.866043 0.692038 10.539371
vertex 11.866043 0.671285 10.519372
endloop
endfacet
facet normal 0 0 0
outer loop
vertex 11.886518 0.692038 10.539371
vertex 11.866043 0.692038 10.539371
vertex 11.886518 0.671285 10.519372
endloop
endfacet
facet normal 0 0 0
outer loop
vertex 11.906994 0.671285 10.539371
vertex 11.886518 0.692038 10.539371
vertex 11.886518 0.671285 10.519372
endloop
endfacet
facet normal 0 0 0
outer loop
vertex 11.988897 0.671285 10.519372
vertex 11.988897 0.692038 10.539371
vertex 11.968422 0.671285 10.539371
endloop
endfacet
facet normal 0 0 0
outer loop
vertex 12.009373 0.671285 10.519372
vertex 11.988897 0.692038 10.539371
vertex 11.988897 0.671285 10.519372
endloop
endfacet
facet normal 0 0 0
outer loop
vertex 12.009373 0.692038 10.539371
vertex 11.988897 0.692038 10.539371
vertex 12.009373 0.671285 10.519372
endloop
endfacet
facet normal 0 0 0
outer loop
vertex 12.029848 0.671285 10.519372
vertex 12.009373 0.692038 10.539371
vertex 12.009373 0.671285 10.519372
endloop
endfacet
facet normal 0 0 0
outer loop
vertex 12.029848 0.692038 10.539371
vertex 12.009373 0.692038 10.539371
vertex 12.029848 0.671285 10.519372
endloop
endfacet
facet normal 0 0 0
outer loop
vertex 12.050323 0.671285 10.519372
vertex 12.029848 0.692038 10.539371
vertex 12.029848 0.671285 10.519372
endloop
endfacet
facet normal 0 0 0
outer loop
vertex 12.050323 0.692038 10.539371
vertex 12.029848 0.692038 10.539371
vertex 12.050323 0.671285 10.519372
endloop
endfacet
facet normal 0 0 0
outer loop
vertex 12.070801 0.692038 10.519372
vertex 12.050323 0.692038 10.539371
vertex 12.050323 0.671285 10.519372
endloop
endfacet
facet normal 0 0 0
outer loop
vertex 11.804615 0.692038 10.519372
vertex 11.804615 0.712792 10.539371
vertex 11.784140 0.712792 10.519372
endloop
endfacet
facet normal 0 0 0
outer loop
vertex 11.825090 0.692038 10.519372
vertex 11.804615 0.712792 10.539371
vertex 11.804615 0.692038 10.519372
endloop
endfacet
facet normal 0 0 0
outer loop
vertex 11.825090 0.712792 10.539371
vertex 11.804615 0.712792 10.539371
vertex 11.825090 0.692038 10.519372
endloop
endfacet
facet normal 0 0 0
outer loop
vertex 11.845566 0.692038 10.539371
vertex 11.825090 0.712792 10.539371
vertex 11.825090 0.692038 10.519372
endloop
endfacet
facet normal 0 0 0
outer loop
vertex 12.070801 0.692038 10.519372
vertex 12.070801 0.712792 10.539371
vertex 12.050323 0.692038 10.539371
endloop
endfacet
facet normal 0 0 0
outer loop
vertex 12.091276 0.692038 10.519372
vertex 12.070801 0.712792 10.539371
vertex 12.070801 0.692038 10.519372
endloop
endfacet
facet normal 0 0 0
outer loop
vertex 12.091276 0.712792 10.539371
vertex 12.070801 0.712792 10.539371
vertex 12.091276 0.692038 10.519372
endloop
endfacet
facet normal 0 0 0
outer loop
vertex 12.091276 0.692038 10.519372
vertex 12.111752 0.712792 10.519372
vertex 12.091276 0.712792 10.539371
endloop
endfacet
facet normal 0 0 0
outer loop
vertex 12.111752 0.712792 10.519372
vertex 12.111752 0.712792 10.539371
vertex 12.091276 0.712792 10.539371
endloop
endfacet
facet normal 0 0 0
outer loop
vertex 12.132227 0.712792 10.519372
vertex 12.111752 0.712792 10.539371
vertex 12.111752 0.712792 10.519372
endloop
endfacet
facet normal 0 0 0
outer loop
vertex 11.804615 0.733545 10.539371
vertex 11.784140 0.712792 10.519372
vertex 11.804615 0.712792 10.539371
endloop
endfacet
facet normal 0 0 0
outer loop
vertex 11.784140 0.733545 10.519372
vertex 11.784140 0.712792 10.519372
vertex 11.804615 0.733545 10.539371
endloop
endfacet
facet normal 0 0 0
outer loop
vertex 12.132227 0.712792 10.519372
vertex 12.132227 0.733545 10.539371
vertex 12.111752 0.712792 10.539371
endloop
endfacet
facet normal 0 0 0
outer loop
vertex 12.152704 0.733545 10.519372
vertex 12.132227 0.733545 10.539371
vertex 12.132227 0.712792 10.519372
endloop
endfacet
facet normal 0 0 0
outer loop
vertex 11.784140 0.733545 10.519372
vertex 11.784140 0.754298 10.539371
vertex 11.763662 0.754298 10.519372
endloop
endfacet
facet normal 0 0 0
outer loop
vertex 11.804615 0.733545 10.539371
vertex 11.784140 0.754298 10.539371
vertex 11.784140 0.733545 10.519372
endloop
endfacet
facet normal 0 0 0
outer loop
vertex 12.152704 0.733545 10.519372
vertex 12.152704 0.754298 10.539371
vertex 12.132227 0.733545 10.539371
endloop
endfacet
facet normal 0 0 0
outer loop
vertex 12.173180 0.754298 10.519372
vertex 12.152704 0.754298 10.539371
vertex 12.152704 0.733545 10.519372
endloop
endfacet
facet normal 0 0 0
outer loop
vertex 11.763662 0.754298 10.519372
vertex 11.784140 0.754298 10.539371
vertex 11.784140 0.775052 10.519372
endloop
endfacet
facet normal 0 0 0
outer loop
vertex 11.784140 0.754298 10.539371
vertex 11.784140 0.775052 10.539371
vertex 11.784140 0.775052 10.519372
endloop
endfacet
facet normal 0 0 0
outer loop
vertex 12.173180 0.754298 10.519372
vertex 12.173180 0.775052 10.539371
vertex 12.152704 0.754298 10.539371
endloop
endfacet
facet normal 0 0 0
outer loop
vertex 12.193655 0.775052 10.519372
vertex 12.173180 0.775052 10.539371
vertex 12.173180 0.754298 10.519372
endloop
endfacet
facet normal 0 0 0
outer loop
vertex 11.784140 0.775052 10.519372
vertex 11.784140 0.775052 10.539371
vertex 11.784140 0.795805 10.519372
endloop
endfacet
facet normal 0 0 0
outer loop
vertex 11.784140 0.775052 10.539371
vertex 11.784140 0.795805 10.539371
vertex 11.784140 0.795805 10.519372
endloop
endfacet
facet normal 0 0 0
outer loop
vertex 12.193655 0.795805 10.519372
vertex 12.173180 0.775052 10.539371
vertex 12.193655 0.775052 10.519372
endloop
endfacet
facet normal 0 0 0
outer loop
vertex 12.173180 0.795805 10.539371
vertex 12.173180 0.775052 10.539371
vertex 12.193655 0.795805 10.519372
endloop
endfacet
facet normal 0 0 0
outer loop
vertex 11.784140 0.795805 10.539371
vertex 11.784140 0.816558 10.519372
vertex 11.784140 0.795805 10.519372
endloop
endfacet
facet normal 0 0 0
outer loop
vertex 11.784140 0.795805 10.539371
vertex 11.804615 0.816558 10.539371
vertex 11.784140 0.816558 10.519372
endloop
endfacet
facet normal 0 0 0
outer loop
vertex 12.193655 0.795805 10.519372
vertex 12.193655 0.816558 10.539371
vertex 12.173180 0.795805 10.539371
endloop
endfacet
facet normal 0 0 0
outer loop
vertex 12.214130 0.816558 10.519372
vertex 12.193655 0.816558 10.539371
vertex 12.193655 0.795805 10.519372
endloop
endfacet
facet normal 0 0 0
outer loop
vertex 11.784140 0.816558 10.519372
vertex 11.804615 0.816558 10.539371
vertex 11.804615 0.837312 10.519372
endloop
endfacet
facet normal 0 0 0
outer loop
vertex 11.804615 0.816558 10.539371
vertex 11.804615 0.837312 10.539371
vertex 11.804615 0.837312 10.519372
endloop
endfacet
facet normal 0 0 0
outer loop
vertex 12.214130 0.837312 10.519372
vertex 12.193655 0.816558 10.539371
vertex 12.214130 0.816558 10.519372
endloop
endfacet
facet normal 0 0 0
outer loop
vertex 12.193655 0.837312 10.539371
vertex 12.193655 0.816558 10.539371
vertex 12.214130 0.837312 10.519372
endloop
endfacet
facet normal 0 0 0
outer loop
vertex 11.804615 0.837312 10.519372
vertex 11.804615 0.837312 10.539371
vertex 11.804615 0.858065 10.519372
endloop
endfacet
facet normal 0 0 0
outer loop
vertex 11.804615 0.837312 10.539371
vertex 11.804615 0.858065 10.539371
vertex 11.804615 0.858065 10.519372
endloop
endfacet
facet normal 0 0 0
outer loop
vertex 12.214130 0.858065 10.519372
vertex 12.193655 0.837312 10.539371
vertex 12.214130 0.837312 10.519372
endloop
endfacet
facet normal 0 0 0
outer loop
vertex 12.193655 0.858065 10.539371
vertex 12.193655 0.837312 10.539371
vertex 12.214130 0.858065 10.519372
endloop
endfacet
facet normal 0 0 0
outer loop
vertex 11.804615 0.858065 10.539371
vertex 11.825090 0.878818 10.519372
vertex 11.804615 0.858065 10.519372
endloop
endfacet
facet normal 0 0 0
outer loop
vertex 11.825090 0.878818 10.539371
vertex 11.825090 0.878818 10.519372
vertex 11.804615 0.858065 10.539371
endloop
endfacet
facet normal 0 0 0
outer loop
vertex 12.214130 0.878818 10.519372
vertex 12.193655 0.858065 10.539371
vertex 12.214130 0.858065 10.519372
endloop
endfacet
facet normal 0 0 0
outer loop
vertex 12.193655 0.878818 10.539371
vertex 12.193655 0.858065 10.539371
vertex 12.214130 0.878818 10.519372
endloop
endfacet
facet normal 0 0 0
outer loop
vertex 11.825090 0.878818 10.539371
vertex 11.845566 0.899572 10.519372
vertex 11.825090 0.878818 10.519372
endloop
endfacet
facet normal 0 0 0
outer loop
vertex 11.845566 0.899572 10.539371
vertex 11.845566 0.899572 10.519372
vertex 11.825090 0.878818 10.539371
endloop
endfacet
facet normal 0 0 0
outer loop
vertex 12.193655 0.899572 10.519372
vertex 12.173180 0.899572 10.539371
vertex 12.193655 0.878818 10.539371
endloop
endfacet
facet normal 0 0 0
outer loop
vertex 12.214130 0.878818 10.519372
vertex 12.193655 0.899572 10.519372
vertex 12.193655 0.878818 10.539371
endloop
endfacet
facet normal 0 0 0
outer loop
vertex 11.845566 0.899572 10.539371
vertex 11.866043 0.920325 10.519372
vertex 11.845566 0.899572 10.519372
endloop
endfacet
facet normal 0 0 0
outer loop
vertex 11.866043 0.920325 10.539371
vertex 11.866043 0.920325 10.519372
vertex 11.845566 0.899572 10.539371
endloop
endfacet
facet normal 0 0 0
outer loop
vertex 12.193655 0.920325 10.519372
vertex 12.173180 0.899572 10.539371
vertex 12.193655 0.899572 10.519372
endloop
endfacet
facet normal 0 0 0
outer loop
vertex 12.173180 0.920325 10.539371
vertex 12.173180 0.899572 10.539371
vertex 12.193655 0.920325 10.519372
endloop
endfacet
facet normal 0 0 0
outer loop
vertex 11.866043 0.920325 10.539371
vertex 11.886518 0.941078 10.519372
vertex 11.866043 0.920325 10.519372
endloop
endfacet
facet normal 0 0 0
outer loop
vertex 11.886518 0.941078 10.539371
vertex 11.886518 0.941078 10.519372
vertex 11.866043 0.920325 10.539371
endloop
endfacet
facet normal 0 0 0
outer loop
vertex 12.173180 0.941078 10.519372
vertex 12.152704 0.941078 10.539371
vertex 12.173180 0.920325 10.539371
endloop
endfacet
facet normal 0 0 0
outer loop
vertex 12.193655 0.920325 10.519372
vertex 12.173180 0.941078 10.519372
vertex 12.173180 0.920325 10.539371
endloop
endfacet
facet normal 0 0 0
outer loop
vertex 11.906994 0.961832 10.539371
vertex 11.906994 0.941078 10.519372
vertex 11.886518 0.941078 10.539371
endloop
endfacet
facet normal 0 0 0
outer loop
vertex 11.906994 0.941078 10.519372
vertex 11.886518 0.941078 10.519372
vertex 11.886518 0.941078 10.539371
endloop
endfacet
facet normal 0 0 0
outer loop
vertex 11.906994 0.941078 10.519372
vertex 11.906994 0.961832 10.539371
vertex 11.927469 0.961832 10.519372
endloop
endfacet
facet normal 0 0 0
outer loop
vertex 12.152704 0.961832 10.519372
vertex 12.132227 0.961832 10.539371
vertex 12.152704 0.941078 10.539371
endloop
endfacet
facet normal 0 0 0
outer loop
vertex 12.152704 0.941078 10.539371
vertex 12.173180 0.941078 10.519372
vertex 12.152704 0.961832 10.519372
endloop
endfacet
facet normal 0 0 0
outer loop
vertex 12.173180 0.941078 10.519372
vertex 12.173180 0.961832 10.519372
vertex 12.152704 0.961832 10.519372
endloop
endfacet
facet normal 0 0 0
outer loop
vertex 11.927469 0.961832 10.519372
vertex 11.906994 0.961832 10.539371
vertex 11.927469 0.961832 10.539371
endloop
endfacet
facet normal 0 0 0
outer loop
vertex 11.947945 0.961832 10.519372
vertex 11.927469 0.961832 10.519372
vertex 11.947945 0.961832 10.539371
endloop
endfacet
facet normal 0 0 0
outer loop
vertex 11.927469 0.961832 10.519372
vertex 11.927469 0.961832 10.539371
vertex 11.947945 0.961832 10.539371
endloop
endfacet
facet normal 0 0 0
outer loop
vertex 11.947945 0.961832 10.539371
vertex 11.968422 0.982585 10.519372
vertex 11.947945 0.961832 10.519372
endloop
endfacet
facet normal 0 0 0
outer loop
vertex 11.968422 0.982585 10.539371
vertex 11.968422 0.982585 10.519372
vertex 11.947945 0.961832 10.539371
endloop
endfacet
facet normal 0 0 0
outer loop
vertex 12.132227 0.982585 10.519372
vertex 12.111752 0.982585 10.539371
vertex 12.132227 0.961832 10.539371
endloop
endfacet
facet normal 0 0 0
outer loop
vertex 12.152704 0.961832 10.519372
vertex 12.132227 0.982585 10.519372
vertex 12.132227 0.961832 10.539371
endloop
endfacet
facet normal 0 0 0
outer loop
vertex 11.988897 0.982585 10.519372
vertex 11.968422 0.982585 10.519372
vertex 11.988897 0.982585 10.539371
endloop
endfacet
facet normal 0 0 0
outer loop
vertex 11.968422 0.982585 10.519372
vertex 11.968422 0.982585 10.539371
vertex 11.988897 0.982585 10.539371
endloop
endfacet
facet normal 0 0 0
outer loop
vertex 12.009373 1.003338 10.539371
vertex 12.009373 0.982585 10.519372
vertex 11.988897 0.982585 10.539371
endloop
endfacet
facet normal 0 0 0
outer loop
vertex 12.009373 0.982585 10.519372
vertex 11.988897 0.982585 10.519372
vertex 11.988897 0.982585 10.539371
endloop
endfacet
facet normal 0 0 0
outer loop
vertex 12.009373 0.982585 10.519372
vertex 12.009373 1.003338 10.539371
vertex 12.029848 1.003338 10.519372
endloop
endfacet
facet normal 0 0 0
outer loop
vertex 12.050323 0.982585 10.519372
vertex 12.029848 1.003338 10.539371
vertex 12.050323 0.982585 10.539371
endloop
endfacet
facet normal 0 0 0
outer loop
vertex 12.029848 1.003338 10.519372
vertex 12.029848 1.003338 10.539371
vertex 12.050323 0.982585 10.519372
endloop
endfacet
facet normal 0 0 0
outer loop
vertex 12.070801 1.003338 10.519372
vertex 12.050323 0.982585 10.519372
vertex 12.070801 0.982585 10.539371
endloop
endfacet
facet normal 0 0 0
outer loop
vertex 12.050323 0.982585 10.519372
vertex 12.050323 0.982585 10.539371
vertex 12.070801 0.982585 10.539371
endloop
endfacet
facet normal 0 0 0
outer loop
vertex 12.070801 1.003338 10.519372
vertex 12.091276 0.982585 10.539371
vertex 12.091276 1.003338 10.519372
endloop
endfacet
facet normal 0 0 0
outer loop
vertex 12.070801 0.982585 10.539371
vertex 12.091276 0.982585 10.539371
vertex 12.070801 1.003338 10.519372
endloop
endfacet
facet normal 0 0 0
outer loop
vertex 12.091276 1.003338 10.519372
vertex 12.091276 0.982585 10.539371
vertex 12.111752 0.982585 10.519372
endloop
endfacet
facet normal 0 0 0
outer loop
vertex 12.091276 0.982585 10.539371
vertex 12.111752 0.982585 10.539371
vertex 12.111752 0.982585 10.519372
endloop
endfacet
facet normal 0 0 0
outer loop
vertex 12.111752 0.982585 10.539371
vertex 12.132227 0.982585 10.519372
vertex 12.111752 0.982585 10.519372
endloop
endfacet
facet normal 0 0 0
outer loop
vertex 12.029848 1.003338 10.519372
vertex 12.009373 1.003338 10.539371
vertex 12.029848 1.003338 10.539371
endloop
endfacet
facet normal 0 0 0
outer loop
vertex 11.886518 0.692038 10.539371
vertex 11.906994 0.671285 10.539371
vertex 11.906994 0.692038 10.539371
endloop
endfacet
facet normal 0 0 0
outer loop
vertex 11.927469 0.692038 10.559372
vertex 11.906994 0.692038 10.539371
vertex 11.927469 0.671285 10.539371
endloop
endfacet
facet normal 0 0 0
outer loop
vertex 11.906994 0.692038 10.539371
vertex 11.906994 0.671285 10.539371
vertex 11.927469 0.671285 10.539371
endloop
endfacet
facet normal 0 0 0
outer loop
vertex 11.927469 0.692038 10.559372
vertex 11.927469 0.671285 10.539371
vertex 11.947945 0.692038 10.539371
endloop
endfacet
facet normal 0 0 0
outer loop
vertex 11.927469 0.671285 10.539371
vertex 11.947945 0.671285 10.539371
vertex 11.947945 0.692038 10.539371
endloop
endfacet
facet normal 0 0 0
outer loop
vertex 11.968422 0.671285 10.539371
vertex 11.968422 0.692038 10.539371
vertex 11.947945 0.671285 10.539371
endloop
endfacet
facet normal 0 0 0
outer loop
vertex 11.968422 0.692038 10.539371
vertex 11.947945 0.692038 10.539371
vertex 11.947945 0.671285 10.539371
endloop
endfacet
facet normal 0 0 0
outer loop
vertex 11.968422 0.671285 10.539371
vertex 11.988897 0.692038 10.539371
vertex 11.968422 0.692038 10.539371
endloop
endfacet
facet normal 0 0 0
outer loop
vertex 11.825090 0.712792 10.539371
vertex 11.845566 0.692038 10.539371
vertex 11.845566 0.712792 10.539371
endloop
endfacet
facet normal 0 0 0
outer loop
vertex 11.866043 0.692038 10.539371
vertex 11.866043 0.712792 10.539371
vertex 11.845566 0.692038 10.539371
endloop
endfacet
facet normal 0 0 0
outer loop
vertex 11.866043 0.712792 10.539371
vertex 11.845566 0.712792 10.539371
vertex 11.845566 0.692038 10.539371
endloop
endfacet
facet normal 0 0 0
outer loop
vertex 11.886518 0.712792 10.559372
vertex 11.866043 0.712792 10.539371
vertex 11.886518 0.692038 10.539371
endloop
endfacet
facet normal 0 0 0
outer loop
vertex 11.866043 0.712792 10.539371
vertex 11.866043 0.692038 10.539371
vertex 11.886518 0.692038 10.539371
endloop
endfacet
facet normal 0 0 0
outer loop
vertex 11.906994 0.692038 10.539371
vertex 11.886518 0.712792 10.559372
vertex 11.886518 0.692038 10.539371
endloop
endfacet
facet normal 0 0 0
outer loop
vertex 11.906994 0.712792 10.559372
vertex 11.886518 0.712792 10.559372
vertex 11.906994 0.692038 10.539371
endloop
endfacet
facet normal 0 0 0
outer loop
vertex 11.927469 0.692038 10.559372
vertex 11.906994 0.712792 10.559372
vertex 11.906994 0.692038 10.539371
endloop
endfacet
facet normal 0 0 0
outer loop
vertex 11.947945 0.692038 10.539371
vertex 11.947945 0.712792 10.559372
vertex 11.927469 0.692038 10.559372
endloop
endfacet
facet normal 0 0 0
outer loop
vertex 11.968422 0.692038 10.539371
vertex 11.947945 0.712792 10.559372
vertex 11.947945 0.692038 10.539371
endloop
endfacet
facet normal 0 0 0
outer loop
vertex 11.968422 0.712792 10.559372
vertex 11.947945 0.712792 10.559372
vertex 11.968422 0.692038 10.539371
endloop
endfacet
facet normal 0 0 0
outer loop
vertex 11.988897 0.692038 10.539371
vertex 11.968422 0.712792 10.559372
vertex 11.968422 0.692038 10.539371
endloop
endfacet
facet normal 0 0 0
outer loop
vertex 11.988897 0.712792 10.559372
vertex 11.968422 0.712792 10.559372
vertex 11.988897 0.692038 10.539371
endloop
endfacet
facet normal 0 0 0
outer loop
vertex 12.009373 0.692038 10.539371
vertex 11.988897 0.712792 10.559372
vertex 11.988897 0.692038 10.539371
endloop
endfacet
facet normal 0 0 0
outer loop
vertex 12.009373 0.712792 10.559372
vertex 11.988897 0.712792 10.559372
vertex 12.009373 0.692038 10.539371
endloop
endfacet
facet normal 0 0 0
outer loop
vertex 12.029848 0.692038 10.539371
vertex 12.009373 0.712792 10.559372
vertex 12.009373 0.692038 10.539371
endloop
endfacet
facet normal 0 0 0
outer loop
vertex 12.029848 0.712792 10.559372
vertex 12.009373 0.712792 10.559372
vertex 12.029848 0.692038 10.539371
endloop
endfacet
facet normal 0 0 0
outer loop
vertex 12.050323 0.692038 10.539371
vertex 12.029848 0.712792 10.559372
vertex 12.029848 0.692038 10.539371
endloop
endfacet
facet normal 0 0 0
outer loop
vertex 12.050323 0.712792 10.559372
vertex 12.029848 0.712792 10.559372
vertex 12.050323 0.692038 10.539371
endloop
endfacet
facet normal 0 0 0
outer loop
vertex 12.050323 0.692038 10.539371
vertex 12.070801 0.712792 10.539371
vertex 12.050323 0.712792 10.559372
endloop
endfacet
facet normal 0 0 0
outer loop
vertex 12.070801 0.712792 10.539371
vertex 12.070801 0.712792 10.559372
vertex 12.050323 0.712792 10.559372
endloop
endfacet
facet normal 0 0 0
outer loop
vertex 12.091276 0.712792 10.539371
vertex 12.070801 0.712792 10.559372
vertex 12.070801 0.712792 10.539371
endloop
endfacet
facet normal 0 0 0
outer loop
vertex 11.825090 0.712792 10.539371
vertex 11.825090 0.733545 10.539371
vertex 11.804615 0.712792 10.539371
endloop
endfacet
facet normal 0 0 0
outer loop
vertex 11.825090 0.733545 10.539371
vertex 11.804615 0.733545 10.539371
vertex 11.804615 0.712792 10.539371
endloop
endfacet
facet normal 0 0 0
outer loop
vertex 11.845566 0.733545 10.559372
vertex 11.825090 0.733545 10.539371
vertex 11.845566 0.712792 10.539371
endloop
endfacet
facet normal 0 0 0
outer loop
vertex 11.825090 0.733545 10.539371
vertex 11.825090 0.712792 10.539371
vertex 11.845566 0.712792 10.539371
endloop
endfacet
facet normal 0 0 0
outer loop
vertex 11.866043 0.712792 10.539371
vertex 11.845566 0.733545 10.559372
vertex 11.845566 0.712792 10.539371
endloop
endfacet
facet normal 0 0 0
outer loop
vertex 11.866043 0.733545 10.559372
vertex 11.845566 0.733545 10.559372
vertex 11.866043 0.712792 10.539371
endloop
endfacet
facet normal 0 0 0
outer loop
vertex 11.886518 0.712792 10.559372
vertex 11.866043 0.733545 10.559372
vertex 11.866043 0.712792 10.539371
endloop
endfacet
facet normal 0 0 0
outer loop
vertex 12.091276 0.712792 10.539371
vertex 12.091276 0.733545 10.559372
vertex 12.070801 0.712792 10.559372
endloop
endfacet
facet normal 0 0 0
outer loop
vertex 12.111752 0.712792 10.539371
vertex 12.091276 0.733545 10.559372
vertex 12.091276 0.712792 10.539371
endloop
endfacet
facet normal 0 0 0
outer loop
vertex 12.111752 0.733545 10.559372
vertex 12.091276 0.733545 10.559372
vertex 12.111752 0.712792 10.539371
endloop
endfacet
facet normal 0 0 0
outer loop
vertex 12.132227 0.733545 10.539371
vertex 12.111752 0.733545 10.559372
vertex 12.111752 0.712792 10.539371
endloop
endfacet
facet normal 0 0 0
outer loop
vertex 11.784140 0.754298 10.539371
vertex 11.804615 0.733545 10.539371
vertex 11.804615 0.754298 10.539371
endloop
endfacet
facet normal 0 0 0
outer loop
vertex 11.825090 0.754298 10.559372
vertex 11.804615 0.754298 10.539371
vertex 11.825090 0.733545 10.539371
endloop
endfacet
facet normal 0 0 0
outer loop
vertex 11.804615 0.754298 10.539371
vertex 11.804615 0.733545 10.539371
vertex 11.825090 0.733545 10.539371
endloop
endfacet
facet normal 0 0 0
outer loop
vertex 11.845566 0.733545 10.559372
vertex 11.825090 0.754298 10.559372
vertex 11.825090 0.733545 10.539371
endloop
endfacet
facet normal 0 0 0
outer loop
vertex 12.132227 0.733545 10.539371
vertex 12.132227 0.754298 10.559372
vertex 12.111752 0.733545 10.559372
endloop
endfacet
facet normal 0 0 0
outer loop
vertex 12.152704 0.754298 10.539371
vertex 12.132227 0.754298 10.559372
vertex 12.132227 0.733545 10.539371
endloop
endfacet
facet normal 0 0 0
outer loop
vertex 11.804615 0.775052 10.559372
vertex 11.784140 0.775052 10.539371
vertex 11.804615 0.754298 10.539371
endloop
endfacet
facet normal 0 0 0
outer loop
vertex 11.784140 0.775052 10.539371
vertex 11.784140 0.754298 10.539371
vertex 11.804615 0.754298 10.539371
endloop
endfacet
facet normal 0 0 0
outer loop
vertex 11.825090 0.754298 10.559372
vertex 11.804615 0.775052 10.559372
vertex 11.804615 0.754298 10.539371
endloop
endfacet
facet normal 0 0 0
outer loop
vertex 12.152704 0.754298 10.539371
vertex 12.152704 0.775052 10.559372
vertex 12.132227 0.754298 10.559372
endloop
endfacet
facet normal 0 0 0
outer loop
vertex 12.152704 0.754298 10.539371
vertex 12.173180 0.775052 10.539371
vertex 12.152704 0.775052 10.559372
endloop
endfacet
facet normal 0 0 0
outer loop
vertex 12.173180 0.775052 10.539371
vertex 12.173180 0.775052 10.559372
vertex 12.152704 0.775052 10.559372
endloop
endfacet
facet normal 0 0 0
outer loop
vertex 11.804615 0.795805 10.559372
vertex 11.784140 0.775052 10.539371
vertex 11.804615 0.775052 10.559372
endloop
endfacet
facet normal 0 0 0
outer loop
vertex 11.784140 0.795805 10.539371
vertex 11.784140 0.775052 10.539371
vertex 11.804615 0.795805 10.559372
endloop
endfacet
facet normal 0 0 0
outer loop
vertex 12.173180 0.775052 10.539371
vertex 12.173180 0.795805 10.539371
vertex 12.173180 0.775052 10.559372
endloop
endfacet
facet normal 0 0 0
outer loop
vertex 12.173180 0.775052 10.559372
vertex 12.173180 0.795805 10.539371
vertex 12.173180 0.795805 10.559372
endloop
endfacet
facet normal 0 0 0
outer loop
vertex 11.784140 0.795805 10.539371
vertex 11.804615 0.795805 10.559372
vertex 11.804615 0.816558 10.539371
endloop
endfacet
facet normal 0 0 0
outer loop
vertex 11.804615 0.795805 10.559372
vertex 11.804615 0.816558 10.559372
vertex 11.804615 0.816558 10.539371
endloop
endfacet
facet normal 0 0 0
outer loop
vertex 12.193655 0.816558 10.539371
vertex 12.173180 0.816558 10.559372
vertex 12.173180 0.795805 10.539371
endloop
endfacet
facet normal 0 0 0
outer loop
vertex 12.173180 0.816558 10.559372
vertex 12.173180 0.795805 10.559372
vertex 12.173180 0.795805 10.539371
endloop
endfacet
facet normal 0 0 0
outer loop
vertex 11.804615 0.816558 10.539371
vertex 11.804615 0.816558 10.559372
vertex 11.804615 0.837312 10.539371
endloop
endfacet
facet normal 0 0 0
outer loop
vertex 11.804615 0.816558 10.559372
vertex 11.804615 0.837312 10.559372
vertex 11.804615 0.837312 10.539371
endloop
endfacet
facet normal 0 0 0
outer loop
vertex 12.193655 0.837312 10.539371
vertex 12.173180 0.816558 10.559372
vertex 12.193655 0.816558 10.539371
endloop
endfacet
facet normal 0 0 0
outer loop
vertex 12.173180 0.837312 10.559372
vertex 12.173180 0.816558 10.559372
vertex 12.193655 0.837312 10.539371
endloop
endfacet
facet normal 0 0 0
outer loop
vertex 11.804615 0.837312 10.559372
vertex 11.804615 0.858065 10.539371
vertex 11.804615 0.837312 10.539371
endloop
endfacet
facet normal 0 0 0
outer loop
vertex 11.804615 0.837312 10.559372
vertex 11.825090 0.858065 10.559372
vertex 11.804615 0.858065 10.539371
endloop
endfacet
facet normal 0 0 0
outer loop
vertex 12.193655 0.858065 10.539371
vertex 12.173180 0.837312 10.559372
vertex 12.193655 0.837312 10.539371
endloop
endfacet
facet normal 0 0 0
outer loop
vertex 12.173180 0.858065 10.559372
vertex 12.173180 0.837312 10.559372
vertex 12.193655 0.858065 10.539371
endloop
endfacet
facet normal 0 0 0
outer loop
vertex 11.804615 0.858065 10.539371
vertex 11.825090 0.858065 10.559372
vertex 11.825090 0.878818 10.539371
endloop
endfacet
facet normal 0 0 0
outer loop
vertex 11.825090 0.858065 10.559372
vertex 11.825090 0.878818 10.559372
vertex 11.825090 0.878818 10.539371
endloop
endfacet
facet normal 0 0 0
outer loop
vertex 12.193655 0.878818 10.539371
vertex 12.173180 0.858065 10.559372
vertex 12.193655 0.858065 10.539371
endloop
endfacet
facet normal 0 0 0
outer loop
vertex 12.173180 0.878818 10.559372
vertex 12.173180 0.858065 10.559372
vertex 12.193655 0.878818 10.539371
endloop
endfacet
facet normal 0 0 0
outer loop
vertex 11.825090 0.878818 10.559372
vertex 11.845566 0.899572 10.539371
vertex 11.825090 0.878818 10.539371
endloop
endfacet
facet normal 0 0 0
outer loop
vertex 11.845566 0.899572 10.559372
vertex 11.845566 0.899572 10.539371
vertex 11.825090 0.878818 10.559372
endloop
endfacet
facet normal 0 0 0
outer loop
vertex 12.193655 0.878818 10.539371
vertex 12.173180 0.899572 10.539371
vertex 12.173180 0.878818 10.559372
endloop
endfacet
facet normal 0 0 0
outer loop
vertex 12.173180 0.899572 10.539371
vertex 12.173180 0.899572 10.559372
vertex 12.173180 0.878818 10.559372
endloop
endfacet
facet normal 0 0 0
outer loop
vertex 11.845566 0.899572 10.559372
vertex 11.866043 0.920325 10.539371
vertex 11.845566 0.899572 10.539371
endloop
endfacet
facet normal 0 0 0
outer loop
vertex 11.866043 0.920325 10.559372
vertex 11.866043 0.920325 10.539371
vertex 11.845566 0.899572 10.559372
endloop
endfacet
facet normal 0 0 0
outer loop
vertex 12.173180 0.920325 10.539371
vertex 12.152704 0.920325 10.559372
vertex 12.173180 0.899572 10.559372
endloop
endfacet
facet normal 0 0 0
outer loop
vertex 12.173180 0.920325 10.539371
vertex 12.173180 0.899572 10.559372
vertex 12.173180 0.899572 10.539371
endloop
endfacet
facet normal 0 0 0
outer loop
vertex 11.886518 0.941078 10.539371
vertex 11.866043 0.920325 10.539371
vertex 11.886518 0.920325 10.559372
endloop
endfacet
facet normal 0 0 0
outer loop
vertex 11.866043 0.920325 10.539371
vertex 11.866043 0.920325 10.559372
vertex 11.886518 0.920325 10.559372
endloop
endfacet
facet normal 0 0 0
outer loop
vertex 11.886518 0.920325 10.559372
vertex 11.906994 0.941078 10.559372
vertex 11.886518 0.941078 10.539371
endloop
endfacet
facet normal 0 0 0
outer loop
vertex 12.173180 0.920325 10.539371
vertex 12.152704 0.941078 10.539371
vertex 12.152704 0.920325 10.559372
endloop
endfacet
facet normal 0 0 0
outer loop
vertex 12.152704 0.941078 10.539371
vertex 12.152704 0.941078 10.559372
vertex 12.152704 0.920325 10.559372
endloop
endfacet
facet normal 0 0 0
outer loop
vertex 11.886518 0.941078 10.539371
vertex 11.906994 0.941078 10.559372
vertex 11.906994 0.961832 10.539371
endloop
endfacet
facet normal 0 0 0
outer loop
vertex 11.906994 0.941078 10.559372
vertex 11.927469 0.961832 10.559372
vertex 11.906994 0.961832 10.539371
endloop
endfacet
facet normal 0 0 0
outer loop
vertex 12.152704 0.941078 10.539371
vertex 12.132227 0.961832 10.559372
vertex 12.152704 0.941078 10.559372
endloop
endfacet
facet normal 0 0 0
outer loop
vertex 12.132227 0.961832 10.539371
vertex 12.132227 0.961832 10.559372
vertex 12.152704 0.941078 10.539371
endloop
endfacet
facet normal 0 0 0
outer loop
vertex 11.906994 0.961832 10.539371
vertex 11.927469 0.961832 10.559372
vertex 11.927469 0.961832 10.539371
endloop
endfacet
facet normal 0 0 0
outer loop
vertex 11.947945 0.961832 10.539371
vertex 11.927469 0.961832 10.539371
vertex 11.947945 0.961832 10.559372
endloop
endfacet
facet normal 0 0 0
outer loop
vertex 11.927469 0.961832 10.539371
vertex 11.927469 0.961832 10.559372
vertex 11.947945 0.961832 10.559372
endloop
endfacet
facet normal 0 0 0
outer loop
vertex 11.968422 0.982585 10.539371
vertex 11.947945 0.961832 10.539371
vertex 11.968422 0.961832 10.559372
endloop
endfacet
facet normal 0 0 0
outer loop
vertex 11.947945 0.961832 10.539371
vertex 11.947945 0.961832 10.559372
vertex 11.968422 0.961832 10.559372
endloop
endfacet
facet normal 0 0 0
outer loop
vertex 11.968422 0.961832 10.559372
vertex 11.988897 0.982585 10.559372
vertex 11.968422 0.982585 10.539371
endloop
endfacet
facet normal 0 0 0
outer loop
vertex 12.091276 0.982585 10.539371
vertex 12.070801 0.982585 10.559372
vertex 12.091276 0.961832 10.559372
endloop
endfacet
facet normal 0 0 0
outer loop
vertex 12.091276 0.982585 10.539371
vertex 12.111752 0.961832 10.559372
vertex 12.111752 0.982585 10.539371
endloop
endfacet
facet normal 0 0 0
outer loop
vertex 12.091276 0.961832 10.559372
vertex 12.111752 0.961832 10.559372
vertex 12.091276 0.982585 10.539371
endloop
endfacet
facet normal 0 0 0
outer loop
vertex 12.111752 0.982585 10.539371
vertex 12.111752 0.961832 10.559372
vertex 12.132227 0.961832 10.539371
endloop
endfacet
facet normal 0 0 0
outer loop
vertex 12.111752 0.961832 10.559372
vertex 12.132227 0.961832 10.559372
vertex 12.132227 0.961832 10.539371
endloop
endfacet
facet normal 0 0 0
outer loop
vertex 11.968422 0.982585 10.539371
vertex 11.988897 0.982585 10.559372
vertex 11.988897 0.982585 10.539371
endloop
endfacet
facet normal 0 0 0
outer loop
vertex 12.009373 1.003338 10.539371
vertex 11.988897 0.982585 10.539371
vertex 12.009373 0.982585 10.559372
endloop
endfacet
facet normal 0 0 0
outer loop
vertex 11.988897 0.982585 10.539371
vertex 11.988897 0.982585 10.559372
vertex 12.009373 0.982585 10.559372
endloop
endfacet
facet normal 0 0 0
outer loop
vertex 12.009373 1.003338 10.539371
vertex 12.029848 0.982585 10.559372
vertex 12.029848 1.003338 10.539371
endloop
endfacet
facet normal 0 0 0
outer loop
vertex 12.009373 0.982585 10.559372
vertex 12.029848 0.982585 10.559372
vertex 12.009373 1.003338 10.539371
endloop
endfacet
facet normal 0 0 0
outer loop
vertex 12.029848 1.003338 10.539371
vertex 12.029848 0.982585 10.559372
vertex 12.050323 0.982585 10.539371
endloop
endfacet
facet normal 0 0 0
outer loop
vertex 12.029848 0.982585 10.559372
vertex 12.050323 0.982585 10.559372
vertex 12.050323 0.982585 10.539371
endloop
endfacet
facet normal 0 0 0
outer loop
vertex 12.070801 0.982585 10.539371
vertex 12.050323 0.982585 10.539371
vertex 12.070801 0.982585 10.559372
endloop
endfacet
facet normal 0 0 0
outer loop
vertex 12.050323 0.982585 10.539371
vertex 12.050323 0.982585 10.559372
vertex 12.070801 0.982585 10.559372
endloop
endfacet
facet normal 0 0 0
outer loop
vertex 12.070801 0.982585 10.559372
vertex 12.091276 0.982585 10.539371
vertex 12.070801 0.982585 10.539371
endloop
endfacet
facet normal 0 0 0
outer loop
vertex 11.906994 0.712792 10.559372
vertex 11.927469 0.692038 10.559372
vertex 11.927469 0.712792 10.559372
endloop
endfacet
facet normal 0 0 0
outer loop
vertex 11.927469 0.692038 10.559372
vertex 11.947945 0.712792 10.579372
vertex 11.927469 0.712792 10.559372
endloop
endfacet
facet normal 0 0 0
outer loop
vertex 11.927469 0.692038 10.559372
vertex 11.947945 0.712792 10.559372
vertex 11.947945 0.712792 10.579372
endloop
endfacet
facet normal 0 0 0
outer loop
vertex 11.968422 0.712792 10.559372
vertex 11.968422 0.712792 10.579372
vertex 11.947945 0.712792 10.559372
endloop
endfacet
facet normal 0 0 0
outer loop
vertex 11.947945 0.712792 10.559372
vertex 11.968422 0.712792 10.579372
vertex 11.947945 0.712792 10.579372
endloop
endfacet
facet normal 0 0 0
outer loop
vertex 11.988897 0.712792 10.559372
vertex 11.988897 0.712792 10.579372
vertex 11.968422 0.712792 10.559372
endloop
endfacet
facet normal 0 0 0
outer loop
vertex 11.968422 0.712792 10.559372
vertex 11.988897 0.712792 10.579372
vertex 11.968422 0.712792 10.579372
endloop
endfacet
facet normal 0 0 0
outer loop
vertex 12.009373 0.712792 10.559372
vertex 12.009373 0.712792 10.579372
vertex 11.988897 0.712792 10.559372
endloop
endfacet
facet normal 0 0 0
outer loop
vertex 11.988897 0.712792 10.559372
vertex 12.009373 0.712792 10.579372
vertex 11.988897 0.712792 10.579372
endloop
endfacet
facet normal 0 0 0
outer loop
vertex 12.029848 0.712792 10.559372
vertex 12.009373 0.712792 10.579372
vertex 12.009373 0.712792 10.559372
endloop
endfacet
facet normal 0 0 0
outer loop
vertex 11.886518 0.712792 10.559372
vertex 11.886518 0.733545 10.579372
vertex 11.866043 0.733545 10.559372
endloop
endfacet
facet normal 0 0 0
outer loop
vertex 11.906994 0.712792 10.559372
vertex 11.886518 0.733545 10.579372
vertex 11.886518 0.712792 10.559372
endloop
endfacet
facet normal 0 0 0
outer loop
vertex 11.906994 0.733545 10.579372
vertex 11.886518 0.733545 10.579372
vertex 11.906994 0.712792 10.559372
endloop
endfacet
facet normal 0 0 0
outer loop
vertex 11.927469 0.712792 10.559372
vertex 11.906994 0.733545 10.579372
vertex 11.906994 0.712792 10.559372
endloop
endfacet
facet normal 0 0 0
outer loop
vertex 11.927469 0.733545 10.579372
vertex 11.906994 0.733545 10.579372
vertex 11.927469 0.712792 10.559372
endloop
endfacet
facet normal 0 0 0
outer loop
vertex 11.947945 0.712792 10.579372
vertex 11.927469 0.733545 10.579372
vertex 11.927469 0.712792 10.559372
endloop
endfacet
facet normal 0 0 0
outer loop
vertex 12.029848 0.712792 10.559372
vertex 12.029848 0.733545 10.579372
vertex 12.009373 0.712792 10.579372
endloop
endfacet
facet normal 0 0 0
outer loop
vertex 12.050323 0.712792 10.559372
vertex 12.029848 0.733545 10.579372
vertex 12.029848 0.712792 10.559372
endloop
endfacet
facet normal 0 0 0
outer loop
vertex 12.050323 0.733545 10.579372
vertex 12.029848 0.733545 10.579372
vertex 12.050323 0.712792 10.559372
endloop
endfacet
facet normal 0 0 0
outer loop
vertex 12.050323 0.733545 10.579372
vertex 12.050323 0.712792 10.559372
vertex 12.070801 0.733545 10.559372
endloop
endfacet
facet normal 0 0 0
outer loop
vertex 12.050323 0.712792 10.559372
vertex 12.070801 0.712792 10.559372
vertex 12.070801 0.733545 10.559372
endloop
endfacet
facet normal 0 0 0
outer loop
vertex 12.070801 0.712792 10.559372
vertex 12.091276 0.733545 10.559372
vertex 12.070801 0.733545 10.559372
endloop
endfacet
facet normal 0 0 0
outer loop
vertex 11.825090 0.754298 10.559372
vertex 11.845566 0.733545 10.559372
vertex 11.845566 0.754298 10.559372
endloop
endfacet
facet normal 0 0 0
outer loop
vertex 11.866043 0.754298 10.579372
vertex 11.845566 0.754298 10.559372
vertex 11.866043 0.733545 10.559372
endloop
endfacet
facet normal 0 0 0
outer loop
vertex 11.845566 0.754298 10.559372
vertex 11.845566 0.733545 10.559372
vertex 11.866043 0.733545 10.559372
endloop
endfacet
facet normal 0 0 0
outer loop
vertex 11.886518 0.733545 10.579372
vertex 11.866043 0.754298 10.579372
vertex 11.866043 0.733545 10.559372
endloop
endfacet
facet normal 0 0 0
outer loop
vertex 12.070801 0.733545 10.559372
vertex 12.070801 0.754298 10.579372
vertex 12.050323 0.733545 10.579372
endloop
endfacet
facet normal 0 0 0
outer loop
vertex 12.091276 0.733545 10.559372
vertex 12.070801 0.754298 10.579372
vertex 12.070801 0.733545 10.559372
endloop
endfacet
facet normal 0 0 0
outer loop
vertex 12.091276 0.754298 10.579372
vertex 12.070801 0.754298 10.579372
vertex 12.091276 0.733545 10.559372
endloop
endfacet
facet normal 0 0 0
outer loop
vertex 12.091276 0.754298 10.579372
vertex 12.091276 0.733545 10.559372
vertex 12.111752 0.754298 10.559372
endloop
endfacet
facet normal 0 0 0
outer loop
vertex 12.091276 0.733545 10.559372
vertex 12.111752 0.733545 10.559372
vertex 12.111752 0.754298 10.559372
endloop
endfacet
facet normal 0 0 0
outer loop
vertex 12.111752 0.733545 10.559372
vertex 12.132227 0.754298 10.559372
vertex 12.111752 0.754298 10.559372
endloop
endfacet
facet normal 0 0 0
outer loop
vertex 11.804615 0.775052 10.559372
vertex 11.825090 0.754298 10.559372
vertex 11.825090 0.775052 10.559372
endloop
endfacet
facet normal 0 0 0
outer loop
vertex 11.845566 0.775052 10.579372
vertex 11.825090 0.775052 10.559372
vertex 11.845566 0.754298 10.559372
endloop
endfacet
facet normal 0 0 0
outer loop
vertex 11.825090 0.775052 10.559372
vertex 11.825090 0.754298 10.559372
vertex 11.845566 0.754298 10.559372
endloop
endfacet
facet normal 0 0 0
outer loop
vertex 11.866043 0.754298 10.579372
vertex 11.845566 0.775052 10.579372
vertex 11.845566 0.754298 10.559372
endloop
endfacet
facet normal 0 0 0
outer loop
vertex 12.111752 0.754298 10.559372
vertex 12.111752 0.775052 10.579372
vertex 12.091276 0.754298 10.579372
endloop
endfacet
facet normal 0 0 0
outer loop
vertex 12.111752 0.775052 10.579372
vertex 12.111752 0.754298 10.559372
vertex 12.132227 0.775052 10.559372
endloop
endfacet
facet normal 0 0 0
outer loop
vertex 12.111752 0.754298 10.559372
vertex 12.132227 0.754298 10.559372
vertex 12.132227 0.775052 10.559372
endloop
endfacet
facet normal 0 0 0
outer loop
vertex 12.132227 0.754298 10.559372
vertex 12.152704 0.775052 10.559372
vertex 12.132227 0.775052 10.559372
endloop
endfacet
facet normal 0 0 0
outer loop
vertex 11.825090 0.795805 10.579372
vertex 11.804615 0.795805 10.559372
vertex 11.825090 0.775052 10.559372
endloop
endfacet
facet normal 0 0 0
outer loop
vertex 11.804615 0.795805 10.559372
vertex 11.804615 0.775052 10.559372
vertex 11.825090 0.775052 10.559372
endloop
endfacet
facet normal 0 0 0
outer loop
vertex 11.845566 0.775052 10.579372
vertex 11.825090 0.795805 10.579372
vertex 11.825090 0.775052 10.559372
endloop
endfacet
facet normal 0 0 0
outer loop
vertex 12.132227 0.795805 10.559372
vertex 12.111752 0.775052 10.579372
vertex 12.132227 0.775052 10.559372
endloop
endfacet
facet normal 0 0 0
outer loop
vertex 12.111752 0.795805 10.579372
vertex 12.111752 0.775052 10.579372
vertex 12.132227 0.795805 10.559372
endloop
endfacet
facet normal 0 0 0
outer loop
vertex 12.152704 0.775052 10.559372
vertex 12.152704 0.795805 10.559372
vertex 12.132227 0.775052 10.559372
endloop
endfacet
facet normal 0 0 0
outer loop
vertex 12.152704 0.795805 10.559372
vertex 12.132227 0.795805 10.559372
vertex 12.132227 0.775052 10.559372
endloop
endfacet
facet normal 0 0 0
outer loop
vertex 12.173180 0.775052 10.559372
vertex 12.173180 0.795805 10.559372
vertex 12.152704 0.775052 10.559372
endloop
endfacet
facet normal 0 0 0
outer loop
vertex 12.173180 0.795805 10.559372
vertex 12.152704 0.795805 10.559372
vertex 12.152704 0.775052 10.559372
endloop
endfacet
facet normal 0 0 0
outer loop
vertex 11.825090 0.816558 10.579372
vertex 11.804615 0.795805 10.559372
vertex 11.825090 0.795805 10.579372
endloop
endfacet
facet normal 0 0 0
outer loop
vertex 11.804615 0.816558 10.559372
vertex 11.804615 0.795805 10.559372
vertex 11.825090 0.816558 10.579372
endloop
endfacet
facet normal 0 0 0
outer loop
vertex 12.132227 0.795805 10.559372
vertex 12.132227 0.816558 10.579372
vertex 12.111752 0.795805 10.579372
endloop
endfacet
facet normal 0 0 0
outer loop
vertex 12.132227 0.816558 10.579372
vertex 12.132227 0.795805 10.559372
vertex 12.152704 0.816558 10.559372
endloop
endfacet
facet normal 0 0 0
outer loop
vertex 12.132227 0.795805 10.559372
vertex 12.152704 0.795805 10.559372
vertex 12.152704 0.816558 10.559372
endloop
endfacet
facet normal 0 0 0
outer loop
vertex 12.173180 0.795805 10.559372
vertex 12.173180 0.816558 10.559372
vertex 12.152704 0.795805 10.559372
endloop
endfacet
facet normal 0 0 0
outer loop
vertex 12.173180 0.816558 10.559372
vertex 12.152704 0.816558 10.559372
vertex 12.152704 0.795805 10.559372
endloop
endfacet
facet normal 0 0 0
outer loop
vertex 11.825090 0.837312 10.579372
vertex 11.804615 0.816558 10.559372
vertex 11.825090 0.816558 10.579372
endloop
endfacet
facet normal 0 0 0
outer loop
vertex 11.804615 0.837312 10.559372
vertex 11.804615 0.816558 10.559372
vertex 11.825090 0.837312 10.579372
endloop
endfacet
facet normal 0 0 0
outer loop
vertex 12.152704 0.837312 10.559372
vertex 12.132227 0.816558 10.579372
vertex 12.152704 0.816558 10.559372
endloop
endfacet
facet normal 0 0 0
outer loop
vertex 12.132227 0.837312 10.579372
vertex 12.132227 0.816558 10.579372
vertex 12.152704 0.837312 10.559372
endloop
endfacet
facet normal 0 0 0
outer loop
vertex 12.173180 0.816558 10.559372
vertex 12.173180 0.837312 10.559372
vertex 12.152704 0.816558 10.559372
endloop
endfacet
facet normal 0 0 0
outer loop
vertex 12.173180 0.837312 10.559372
vertex 12.152704 0.837312 10.559372
vertex 12.152704 0.816558 10.559372
endloop
endfacet
facet normal 0 0 0
outer loop
vertex 11.804615 0.837312 10.559372
vertex 11.825090 0.837312 10.579372
vertex 11.825090 0.858065 10.559372
endloop
endfacet
facet normal 0 0 0
outer loop
vertex 11.825090 0.837312 10.579372
vertex 11.825090 0.858065 10.579372
vertex 11.825090 0.858065 10.559372
endloop
endfacet
facet normal 0 0 0
outer loop
vertex 12.152704 0.858065 10.559372
vertex 12.132227 0.837312 10.579372
vertex 12.152704 0.837312 10.559372
endloop
endfacet
facet normal 0 0 0
outer loop
vertex 12.132227 0.858065 10.579372
vertex 12.132227 0.837312 10.579372
vertex 12.152704 0.858065 10.559372
endloop
endfacet
facet normal 0 0 0
outer loop
vertex 12.173180 0.837312 10.559372
vertex 12.173180 0.858065 10.559372
vertex 12.152704 0.837312 10.559372
endloop
endfacet
facet normal 0 0 0
outer loop
vertex 12.173180 0.858065 10.559372
vertex 12.152704 0.858065 10.559372
vertex 12.152704 0.837312 10.559372
endloop
endfacet
facet normal 0 0 0
outer loop
vertex 11.825090 0.858065 10.579372
vertex 11.825090 0.878818 10.559372
vertex 11.825090 0.858065 10.559372
endloop
endfacet
facet normal 0 0 0
outer loop
vertex 11.825090 0.858065 10.579372
vertex 11.845566 0.878818 10.579372
vertex 11.825090 0.878818 10.559372
endloop
endfacet
facet normal 0 0 0
outer loop
vertex 12.132227 0.878818 10.559372
vertex 12.111752 0.878818 10.579372
vertex 12.132227 0.858065 10.579372
endloop
endfacet
facet normal 0 0 0
outer loop
vertex 12.132227 0.858065 10.579372
vertex 12.152704 0.858065 10.559372
vertex 12.132227 0.878818 10.559372
endloop
endfacet
facet normal 0 0 0
outer loop
vertex 12.152704 0.858065 10.559372
vertex 12.152704 0.878818 10.559372
vertex 12.132227 0.878818 10.559372
endloop
endfacet
facet normal 0 0 0
outer loop
vertex 12.173180 0.858065 10.559372
vertex 12.173180 0.878818 10.559372
vertex 12.152704 0.858065 10.559372
endloop
endfacet
facet normal 0 0 0
outer loop
vertex 12.173180 0.878818 10.559372
vertex 12.152704 0.878818 10.559372
vertex 12.152704 0.858065 10.559372
endloop
endfacet
facet normal 0 0 0
outer loop
vertex 11.825090 0.878818 10.559372
vertex 11.845566 0.878818 10.579372
vertex 11.845566 0.899572 10.559372
endloop
endfacet
facet normal 0 0 0
outer loop
vertex 11.845566 0.878818 10.579372
vertex 11.866043 0.899572 10.579372
vertex 11.845566 0.899572 10.559372
endloop
endfacet
facet normal 0 0 0
outer loop
vertex 12.111752 0.899572 10.559372
vertex 12.091276 0.899572 10.579372
vertex 12.111752 0.878818 10.579372
endloop
endfacet
facet normal 0 0 0
outer loop
vertex 12.111752 0.878818 10.579372
vertex 12.132227 0.878818 10.559372
vertex 12.111752 0.899572 10.559372
endloop
endfacet
facet normal 0 0 0
outer loop
vertex 12.132227 0.878818 10.559372
vertex 12.132227 0.899572 10.559372
vertex 12.111752 0.899572 10.559372
endloop
endfacet
facet normal 0 0 0
outer loop
vertex 12.152704 0.878818 10.559372
vertex 12.152704 0.899572 10.559372
vertex 12.132227 0.878818 10.559372
endloop
endfacet
facet normal 0 0 0
outer loop
vertex 12.152704 0.899572 10.559372
vertex 12.132227 0.899572 10.559372
vertex 12.132227 0.878818 10.559372
endloop
endfacet
facet normal 0 0 0
outer loop
vertex 12.173180 0.878818 10.559372
vertex 12.173180 0.899572 10.559372
vertex 12.152704 0.878818 10.559372
endloop
endfacet
facet normal 0 0 0
outer loop
vertex 12.173180 0.899572 10.559372
vertex 12.152704 0.899572 10.559372
vertex 12.152704 0.878818 10.559372
endloop
endfacet
facet normal 0 0 0
outer loop
vertex 11.845566 0.899572 10.559372
vertex 11.866043 0.899572 10.579372
vertex 11.866043 0.920325 10.559372
endloop
endfacet
facet normal 0 0 0
outer loop
vertex 11.866043 0.899572 10.579372
vertex 11.886518 0.920325 10.579372
vertex 11.866043 0.920325 10.559372
endloop
endfacet
facet normal 0 0 0
outer loop
vertex 12.111752 0.920325 10.559372
vertex 12.091276 0.899572 10.579372
vertex 12.111752 0.899572 10.559372
endloop
endfacet
facet normal 0 0 0
outer loop
vertex 12.091276 0.920325 10.579372
vertex 12.091276 0.899572 10.579372
vertex 12.111752 0.920325 10.559372
endloop
endfacet
facet normal 0 0 0
outer loop
vertex 12.132227 0.899572 10.559372
vertex 12.132227 0.920325 10.559372
vertex 12.111752 0.899572 10.559372
endloop
endfacet
facet normal 0 0 0
outer loop
vertex 12.132227 0.920325 10.559372
vertex 12.111752 0.920325 10.559372
vertex 12.111752 0.899572 10.559372
endloop
endfacet
facet normal 0 0 0
outer loop
vertex 12.152704 0.899572 10.559372
vertex 12.152704 0.920325 10.559372
vertex 12.132227 0.899572 10.559372
endloop
endfacet
facet normal 0 0 0
outer loop
vertex 12.152704 0.920325 10.559372
vertex 12.132227 0.920325 10.559372
vertex 12.132227 0.899572 10.559372
endloop
endfacet
facet normal 0 0 0
outer loop
vertex 12.173180 0.899572 10.559372
vertex 12.152704 0.920325 10.559372
vertex 12.152704 0.899572 10.559372
endloop
endfacet
facet normal 0 0 0
outer loop
vertex 11.866043 0.920325 10.559372
vertex 11.886518 0.920325 10.579372
vertex 11.886518 0.920325 10.559372
endloop
endfacet
facet normal 0 0 0
outer loop
vertex 11.906994 0.941078 10.559372
vertex 11.886518 0.920325 10.559372
vertex 11.906994 0.920325 10.579372
endloop
endfacet
facet normal 0 0 0
outer loop
vertex 11.886518 0.920325 10.559372
vertex 11.886518 0.920325 10.579372
vertex 11.906994 0.920325 10.579372
endloop
endfacet
facet normal 0 0 0
outer loop
vertex 11.906994 0.920325 10.579372
vertex 11.927469 0.941078 10.579372
vertex 11.906994 0.941078 10.559372
endloop
endfacet
facet normal 0 0 0
outer loop
vertex 12.070801 0.941078 10.559372
vertex 12.050323 0.941078 10.579372
vertex 12.070801 0.920325 10.579372
endloop
endfacet
facet normal 0 0 0
outer loop
vertex 12.070801 0.941078 10.559372
vertex 12.091276 0.920325 10.579372
vertex 12.091276 0.941078 10.559372
endloop
endfacet
facet normal 0 0 0
outer loop
vertex 12.070801 0.920325 10.579372
vertex 12.091276 0.920325 10.579372
vertex 12.070801 0.941078 10.559372
endloop
endfacet
facet normal 0 0 0
outer loop
vertex 12.091276 0.920325 10.579372
vertex 12.111752 0.920325 10.559372
vertex 12.091276 0.941078 10.559372
endloop
endfacet
facet normal 0 0 0
outer loop
vertex 12.111752 0.920325 10.559372
vertex 12.111752 0.941078 10.559372
vertex 12.091276 0.941078 10.559372
endloop
endfacet
facet normal 0 0 0
outer loop
vertex 12.132227 0.920325 10.559372
vertex 12.132227 0.941078 10.559372
vertex 12.111752 0.920325 10.559372
endloop
endfacet
facet normal 0 0 0
outer loop
vertex 12.132227 0.941078 10.559372
vertex 12.111752 0.941078 10.559372
vertex 12.111752 0.920325 10.559372
endloop
endfacet
facet normal 0 0 0
outer loop
vertex 12.152704 0.920325 10.559372
vertex 12.152704 0.941078 10.559372
vertex 12.132227 0.920325 10.559372
endloop
endfacet
facet normal 0 0 0
outer loop
vertex 12.152704 0.941078 10.559372
vertex 12.132227 0.941078 10.559372
vertex 12.132227 0.920325 10.559372
endloop
endfacet
facet normal 0 0 0
outer loop
vertex 11.906994 0.941078 10.559372
vertex 11.927469 0.941078 10.579372
vertex 11.927469 0.961832 10.559372
endloop
endfacet
facet normal 0 0 0
outer loop
vertex 11.927469 0.961832 10.559372
vertex 11.947945 0.941078 10.579372
vertex 11.947945 0.961832 10.559372
endloop
endfacet
facet normal 0 0 0
outer loop
vertex 11.927469 0.941078 10.579372
vertex 11.947945 0.941078 10.579372
vertex 11.927469 0.961832 10.559372
endloop
endfacet
facet normal 0 0 0
outer loop
vertex 11.947945 0.961832 10.559372
vertex 11.968422 0.941078 10.579372
vertex 11.968422 0.961832 10.559372
endloop
endfacet
facet normal 0 0 0
outer loop
vertex 11.947945 0.941078 10.579372
vertex 11.968422 0.941078 10.579372
vertex 11.947945 0.961832 10.559372
endloop
endfacet
facet normal 0 0 0
outer loop
vertex 11.968422 0.961832 10.559372
vertex 11.988897 0.941078 10.579372
vertex 11.988897 0.961832 10.559372
endloop
endfacet
facet normal 0 0 0
outer loop
vertex 11.968422 0.941078 10.579372
vertex 11.988897 0.941078 10.579372
vertex 11.968422 0.961832 10.559372
endloop
endfacet
facet normal 0 0 0
outer loop
vertex 11.988897 0.961832 10.559372
vertex 12.009373 0.941078 10.579372
vertex 12.009373 0.961832 10.559372
endloop
endfacet
facet normal 0 0 0
outer loop
vertex 11.988897 0.941078 10.579372
vertex 12.009373 0.941078 10.579372
vertex 11.988897 0.961832 10.559372
endloop
endfacet
facet normal 0 0 0
outer loop
vertex 12.009373 0.961832 10.559372
vertex 12.029848 0.941078 10.579372
vertex 12.029848 0.961832 10.559372
endloop
endfacet
facet normal 0 0 0
outer loop
vertex 12.009373 0.941078 10.579372
vertex 12.029848 0.941078 10.579372
vertex 12.009373 0.961832 10.559372
endloop
endfacet
facet normal 0 0 0
outer loop
vertex 12.029848 0.961832 10.559372
vertex 12.050323 0.941078 10.579372
vertex 12.050323 0.961832 10.559372
endloop
endfacet
facet normal 0 0 0
outer loop
vertex 12.029848 0.941078 10.579372
vertex 12.050323 0.941078 10.579372
vertex 12.029848 0.961832 10.559372
endloop
endfacet
facet normal 0 0 0
outer loop
vertex 12.050323 0.941078 10.579372
vertex 12.070801 0.941078 10.559372
vertex 12.050323 0.961832 10.559372
endloop
endfacet
facet normal 0 0 0
outer loop
vertex 12.070801 0.941078 10.559372
vertex 12.070801 0.961832 10.559372
vertex 12.050323 0.961832 10.559372
endloop
endfacet
facet normal 0 0 0
outer loop
vertex 12.091276 0.941078 10.559372
vertex 12.091276 0.961832 10.559372
vertex 12.070801 0.941078 10.559372
endloop
endfacet
facet normal 0 0 0
outer loop
vertex 12.091276 0.961832 10.559372
vertex 12.070801 0.961832 10.559372
vertex 12.070801 0.941078 10.559372
endloop
endfacet
facet normal 0 0 0
outer loop
vertex 12.111752 0.941078 10.559372
vertex 12.111752 0.961832 10.559372
vertex 12.091276 0.941078 10.559372
endloop
endfacet
facet normal 0 0 0
outer loop
vertex 12.111752 0.961832 10.559372
vertex 12.091276 0.961832 10.559372
vertex 12.091276 0.941078 10.559372
endloop
endfacet
facet normal 0 0 0
outer loop
vertex 12.132227 0.941078 10.559372
vertex 12.132227 0.961832 10.559372
vertex 12.111752 0.941078 10.559372
endloop
endfacet
facet normal 0 0 0
outer loop
vertex 12.132227 0.961832 10.559372
vertex 12.111752 0.961832 10.559372
vertex 12.111752 0.941078 10.559372
endloop
endfacet
facet normal 0 0 0
outer loop
vertex 12.152704 0.941078 10.559372
vertex 12.132227 0.961832 10.559372
vertex 12.132227 0.941078 10.559372
endloop
endfacet
facet normal 0 0 0
outer loop
vertex 11.988897 0.982585 10.559372
vertex 11.968422 0.961832 10.559372
vertex 11.988897 0.961832 10.559372
endloop
endfacet
facet normal 0 0 0
outer loop
vertex 12.009373 0.961832 10.559372
vertex 12.009373 0.982585 10.559372
vertex 11.988897 0.961832 10.559372
endloop
endfacet
facet normal 0 0 0
outer loop
vertex 12.009373 0.982585 10.559372
vertex 11.988897 0.982585 10.559372
vertex 11.988897 0.961832 10.559372
endloop
endfacet
facet normal 0 0 0
outer loop
vertex 12.029848 0.961832 10.559372
vertex 12.029848 0.982585 10.559372
vertex 12.009373 0.961832 10.559372
endloop
endfacet
facet normal 0 0 0
outer loop
vertex 12.029848 0.982585 10.559372
vertex 12.009373 0.982585 10.559372
vertex 12.009373 0.961832 10.559372
endloop
endfacet
facet normal 0 0 0
outer loop
vertex 12.050323 0.961832 10.559372
vertex 12.050323 0.982585 10.559372
vertex 12.029848 0.961832 10.559372
endloop
endfacet
facet normal 0 0 0
outer loop
vertex 12.050323 0.982585 10.559372
vertex 12.029848 0.982585 10.559372
vertex 12.029848 0.961832 10.559372
endloop
endfacet
facet normal 0 0 0
outer loop
vertex 12.070801 0.961832 10.559372
vertex 12.070801 0.982585 10.559372
vertex 12.050323 0.961832 10.559372
endloop
endfacet
facet normal 0 0 0
outer loop
vertex 12.070801 0.982585 10.559372
vertex 12.050323 0.982585 10.559372
vertex 12.050323 0.961832 10.559372
endloop
endfacet
facet normal 0 0 0
outer loop
vertex 12.091276 0.961832 10.559372
vertex 12.070801 0.982585 10.559372
vertex 12.070801 0.961832 10.559372
endloop
endfacet
facet normal 0 0 0
outer loop
vertex 11.927469 0.733545 10.579372
vertex 11.947945 0.712792 10.579372
vertex 11.947945 0.733545 10.579372
endloop
endfacet
facet normal 0 0 0
outer loop
vertex 11.968422 0.712792 10.579372
vertex 11.968422 0.733545 10.579372
vertex 11.947945 0.712792 10.579372
endloop
endfacet
facet normal 0 0 0
outer loop
vertex 11.968422 0.733545 10.579372
vertex 11.947945 0.733545 10.579372
vertex 11.947945 0.712792 10.579372
endloop
endfacet
facet normal 0 0 0
outer loop
vertex 11.988897 0.712792 10.579372
vertex 11.988897 0.733545 10.579372
vertex 11.968422 0.712792 10.579372
endloop
endfacet
facet normal 0 0 0
outer loop
vertex 11.988897 0.733545 10.579372
vertex 11.968422 0.733545 10.579372
vertex 11.968422 0.712792 10.579372
endloop
endfacet
facet normal 0 0 0
outer loop
vertex 12.009373 0.712792 10.579372
vertex 12.009373 0.733545 10.579372
vertex 11.988897 0.712792 10.579372
endloop
endfacet
facet normal 0 0 0
outer loop
vertex 12.009373 0.733545 10.579372
vertex 11.988897 0.733545 10.579372
vertex 11.988897 0.712792 10.579372
endloop
endfacet
facet normal 0 0 0
outer loop
vertex 12.009373 0.712792 10.579372
vertex 12.029848 0.733545 10.579372
vertex 12.009373 0.733545 10.579372
endloop
endfacet
facet normal 0 0 0
outer loop
vertex 11.866043 0.754298 10.579372
vertex 11.886518 0.733545 10.579372
vertex 11.886518 0.754298 10.579372
endloop
endfacet
facet normal 0 0 0
outer loop
vertex 11.906994 0.733545 10.579372
vertex 11.906994 0.754298 10.579372
vertex 11.886518 0.733545 10.579372
endloop
endfacet
facet normal 0 0 0
outer loop
vertex 11.906994 0.754298 10.579372
vertex 11.886518 0.754298 10.579372
vertex 11.886518 0.733545 10.579372
endloop
endfacet
facet normal 0 0 0
outer loop
vertex 11.927469 0.733545 10.579372
vertex 11.927469 0.754298 10.579372
vertex 11.906994 0.733545 10.579372
endloop
endfacet
facet normal 0 0 0
outer loop
vertex 11.927469 0.754298 10.579372
vertex 11.906994 0.754298 10.579372
vertex 11.906994 0.733545 10.579372
endloop
endfacet
facet normal 0 0 0
outer loop
vertex 11.947945 0.733545 10.579372
vertex 11.947945 0.754298 10.579372
vertex 11.927469 0.733545 10.579372
endloop
endfacet
facet normal 0 0 0
outer loop
vertex 11.947945 0.754298 10.579372
vertex 11.927469 0.754298 10.579372
vertex 11.927469 0.733545 10.579372
endloop
endfacet
facet normal 0 0 0
outer loop
vertex 11.968422 0.733545 10.579372
vertex 11.968422 0.754298 10.579372
vertex 11.947945 0.733545 10.579372
endloop
endfacet
facet normal 0 0 0
outer loop
vertex 11.968422 0.754298 10.579372
vertex 11.947945 0.754298 10.579372
vertex 11.947945 0.733545 10.579372
endloop
endfacet
facet normal 0 0 0
outer loop
vertex 11.988897 0.733545 10.579372
vertex 11.988897 0.754298 10.579372
vertex 11.968422 0.733545 10.579372
endloop
endfacet
facet normal 0 0 0
outer loop
vertex 11.988897 0.754298 10.579372
vertex 11.968422 0.754298 10.579372
vertex 11.968422 0.733545 10.579372
endloop
endfacet
facet normal 0 0 0
outer loop
vertex 12.009373 0.733545 10.579372
vertex 12.009373 0.754298 10.579372
vertex 11.988897 0.733545 10.579372
endloop
endfacet
facet normal 0 0 0
outer loop
vertex 12.009373 0.754298 10.579372
vertex 11.988897 0.754298 10.579372
vertex 11.988897 0.733545 10.579372
endloop
endfacet
facet normal 0 0 0
outer loop
vertex 12.029848 0.733545 10.579372
vertex 12.029848 0.754298 10.579372
vertex 12.009373 0.733545 10.579372
endloop
endfacet
facet normal 0 0 0
outer loop
vertex 12.029848 0.754298 10.579372
vertex 12.009373 0.754298 10.579372
vertex 12.009373 0.733545 10.579372
endloop
endfacet
facet normal 0 0 0
outer loop
vertex 12.050323 0.733545 10.579372
vertex 12.050323 0.754298 10.579372
vertex 12.029848 0.733545 10.579372
endloop
endfacet
facet normal 0 0 0
outer loop
vertex 12.050323 0.754298 10.579372
vertex 12.029848 0.754298 10.579372
vertex 12.029848 0.733545 10.579372
endloop
endfacet
facet normal 0 0 0
outer loop
vertex 12.050323 0.733545 10.579372
vertex 12.070801 0.754298 10.579372
vertex 12.050323 0.754298 10.579372
endloop
endfacet
facet normal 0 0 0
outer loop
vertex 11.845566 0.775052 10.579372
vertex 11.866043 0.754298 10.579372
vertex 11.866043 0.775052 10.579372
endloop
endfacet
facet normal 0 0 0
outer loop
vertex 11.886518 0.754298 10.579372
vertex 11.886518 0.775052 10.579372
vertex 11.866043 0.754298 10.579372
endloop
endfacet
facet normal 0 0 0
outer loop
vertex 11.886518 0.775052 10.579372
vertex 11.866043 0.775052 10.579372
vertex 11.866043 0.754298 10.579372
endloop
endfacet
facet normal 0 0 0
outer loop
vertex 11.906994 0.775052 10.599372
vertex 11.886518 0.775052 10.579372
vertex 11.906994 0.754298 10.579372
endloop
endfacet
facet normal 0 0 0
outer loop
vertex 11.886518 0.775052 10.579372
vertex 11.886518 0.754298 10.579372
vertex 11.906994 0.754298 10.579372
endloop
endfacet
facet normal 0 0 0
outer loop
vertex 11.927469 0.754298 10.579372
vertex 11.906994 0.775052 10.599372
vertex 11.906994 0.754298 10.579372
endloop
endfacet
facet normal 0 0 0
outer loop
vertex 11.927469 0.775052 10.599372
vertex 11.906994 0.775052 10.599372
vertex 11.927469 0.754298 10.579372
endloop
endfacet
facet normal 0 0 0
outer loop
vertex 11.947945 0.754298 10.579372
vertex 11.927469 0.775052 10.599372
vertex 11.927469 0.754298 10.579372
endloop
endfacet
facet normal 0 0 0
outer loop
vertex 11.947945 0.775052 10.599372
vertex 11.927469 0.775052 10.599372
vertex 11.947945 0.754298 10.579372
endloop
endfacet
facet normal 0 0 0
outer loop
vertex 11.968422 0.754298 10.579372
vertex 11.947945 0.775052 10.599372
vertex 11.947945 0.754298 10.579372
endloop
endfacet
facet normal 0 0 0
outer loop
vertex 11.968422 0.775052 10.599372
vertex 11.947945 0.775052 10.599372
vertex 11.968422 0.754298 10.579372
endloop
endfacet
facet normal 0 0 0
outer loop
vertex 11.988897 0.754298 10.579372
vertex 11.968422 0.775052 10.599372
vertex 11.968422 0.754298 10.579372
endloop
endfacet
facet normal 0 0 0
outer loop
vertex 11.988897 0.775052 10.599372
vertex 11.968422 0.775052 10.599372
vertex 11.988897 0.754298 10.579372
endloop
endfacet
facet normal 0 0 0
outer loop
vertex 12.009373 0.754298 10.579372
vertex 11.988897 0.775052 10.599372
vertex 11.988897 0.754298 10.579372
endloop
endfacet
facet normal 0 0 0
outer loop
vertex 12.009373 0.775052 10.599372
vertex 11.988897 0.775052 10.599372
vertex 12.009373 0.754298 10.579372
endloop
endfacet
facet normal 0 0 0
outer loop
vertex 12.009373 0.775052 10.599372
vertex 12.009373 0.754298 10.579372
vertex 12.029848 0.775052 10.579372
endloop
endfacet
facet normal 0 0 0
outer loop
vertex 12.009373 0.754298 10.579372
vertex 12.029848 0.754298 10.579372
vertex 12.029848 0.775052 10.579372
endloop
endfacet
facet normal 0 0 0
outer loop
vertex 12.050323 0.754298 10.579372
vertex 12.050323 0.775052 10.579372
vertex 12.029848 0.754298 10.579372
endloop
endfacet
facet normal 0 0 0
outer loop
vertex 12.050323 0.775052 10.579372
vertex 12.029848 0.775052 10.579372
vertex 12.029848 0.754298 10.579372
endloop
endfacet
facet normal 0 0 0
outer loop
vertex 12.070801 0.754298 10.579372
vertex 12.070801 0.775052 10.579372
vertex 12.050323 0.754298 10.579372
endloop
endfacet
facet normal 0 0 0
outer loop
vertex 12.070801 0.775052 10.579372
vertex 12.050323 0.775052 10.579372
vertex 12.050323 0.754298 10.579372
endloop
endfacet
facet normal 0 0 0
outer loop
vertex 12.091276 0.754298 10.579372
vertex 12.091276 0.775052 10.579372
vertex 12.070801 0.754298 10.579372
endloop
endfacet
facet normal 0 0 0
outer loop
vertex 12.091276 0.775052 10.579372
vertex 12.070801 0.775052 10.579372
vertex 12.070801 0.754298 10.579372
endloop
endfacet
facet normal 0 0 0
outer loop
vertex 12.091276 0.754298 10.579372
vertex 12.111752 0.775052 10.579372
vertex 12.091276 0.775052 10.579372
endloop
endfacet
facet normal 0 0 0
outer loop
vertex 11.825090 0.795805 10.579372
vertex 11.845566 0.775052 10.579372
vertex 11.845566 0.795805 10.579372
endloop
endfacet
facet normal 0 0 0
outer loop
vertex 11.866043 0.795805 10.599372
vertex 11.845566 0.795805 10.579372
vertex 11.866043 0.775052 10.579372
endloop
endfacet
facet normal 0 0 0
outer loop
vertex 11.845566 0.795805 10.579372
vertex 11.845566 0.775052 10.579372
vertex 11.866043 0.775052 10.579372
endloop
endfacet
facet normal 0 0 0
outer loop
vertex 11.886518 0.775052 10.579372
vertex 11.866043 0.795805 10.599372
vertex 11.866043 0.775052 10.579372
endloop
endfacet
facet normal 0 0 0
outer loop
vertex 11.886518 0.795805 10.599372
vertex 11.866043 0.795805 10.599372
vertex 11.886518 0.775052 10.579372
endloop
endfacet
facet normal 0 0 0
outer loop
vertex 11.906994 0.775052 10.599372
vertex 11.886518 0.795805 10.599372
vertex 11.886518 0.775052 10.579372
endloop
endfacet
facet normal 0 0 0
outer loop
vertex 12.029848 0.775052 10.579372
vertex 12.029848 0.795805 10.599372
vertex 12.009373 0.775052 10.599372
endloop
endfacet
facet normal 0 0 0
outer loop
vertex 12.029848 0.795805 10.599372
vertex 12.029848 0.775052 10.579372
vertex 12.050323 0.795805 10.579372
endloop
endfacet
facet normal 0 0 0
outer loop
vertex 12.029848 0.775052 10.579372
vertex 12.050323 0.775052 10.579372
vertex 12.050323 0.795805 10.579372
endloop
endfacet
facet normal 0 0 0
outer loop
vertex 12.070801 0.775052 10.579372
vertex 12.070801 0.795805 10.579372
vertex 12.050323 0.775052 10.579372
endloop
endfacet
facet normal 0 0 0
outer loop
vertex 12.070801 0.795805 10.579372
vertex 12.050323 0.795805 10.579372
vertex 12.050323 0.775052 10.579372
endloop
endfacet
facet normal 0 0 0
outer loop
vertex 12.091276 0.775052 10.579372
vertex 12.091276 0.795805 10.579372
vertex 12.070801 0.775052 10.579372
endloop
endfacet
facet normal 0 0 0
outer loop
vertex 12.091276 0.795805 10.579372
vertex 12.070801 0.795805 10.579372
vertex 12.070801 0.775052 10.579372
endloop
endfacet
facet normal 0 0 0
outer loop
vertex 12.111752 0.775052 10.579372
vertex 12.111752 0.795805 10.579372
vertex 12.091276 0.775052 10.579372
endloop
endfacet
facet normal 0 0 0
outer loop
vertex 12.111752 0.795805 10.579372
vertex 12.091276 0.795805 10.579372
vertex 12.091276 0.775052 10.579372
endloop
endfacet
facet normal 0 0 0
outer loop
vertex 11.845566 0.795805 10.579372
vertex 11.845566 0.816558 10.579372
vertex 11.825090 0.795805 10.579372
endloop
endfacet
facet normal 0 0 0
outer loop
vertex 11.845566 0.816558 10.579372
vertex 11.825090 0.816558 10.579372
vertex 11.825090 0.795805 10.579372
endloop
endfacet
facet normal 0 0 0
outer loop
vertex 11.866043 0.816558 10.599372
vertex 11.845566 0.795805 10.579372
vertex 11.866043 0.795805 10.599372
endloop
endfacet
facet normal 0 0 0
outer loop
vertex 11.845566 0.816558 10.579372
vertex 11.845566 0.795805 10.579372
vertex 11.866043 0.816558 10.599372
endloop
endfacet
facet normal 0 0 0
outer loop
vertex 12.050323 0.795805 10.579372
vertex 12.050323 0.816558 10.599372
vertex 12.029848 0.795805 10.599372
endloop
endfacet
facet normal 0 0 0
outer loop
vertex 12.050323 0.816558 10.599372
vertex 12.050323 0.795805 10.579372
vertex 12.070801 0.816558 10.579372
endloop
endfacet
facet normal 0 0 0
outer loop
vertex 12.050323 0.795805 10.579372
vertex 12.070801 0.795805 10.579372
vertex 12.070801 0.816558 10.579372
endloop
endfacet
facet normal 0 0 0
outer loop
vertex 12.091276 0.795805 10.579372
vertex 12.091276 0.816558 10.579372
vertex 12.070801 0.795805 10.579372
endloop
endfacet
facet normal 0 0 0
outer loop
vertex 12.091276 0.816558 10.579372
vertex 12.070801 0.816558 10.579372
vertex 12.070801 0.795805 10.579372
endloop
endfacet
facet normal 0 0 0
outer loop
vertex 12.111752 0.795805 10.579372
vertex 12.111752 0.816558 10.579372
vertex 12.091276 0.795805 10.579372
endloop
endfacet
facet normal 0 0 0
outer loop
vertex 12.111752 0.816558 10.579372
vertex 12.091276 0.816558 10.579372
vertex 12.091276 0.795805 10.579372
endloop
endfacet
facet normal 0 0 0
outer loop
vertex 12.111752 0.795805 10.579372
vertex 12.132227 0.816558 10.579372
vertex 12.111752 0.816558 10.579372
endloop
endfacet
facet normal 0 0 0
outer loop
vertex 11.845566 0.816558 10.579372
vertex 11.845566 0.837312 10.579372
vertex 11.825090 0.816558 10.579372
endloop
endfacet
facet normal 0 0 0
outer loop
vertex 11.845566 0.837312 10.579372
vertex 11.825090 0.837312 10.579372
vertex 11.825090 0.816558 10.579372
endloop
endfacet
facet normal 0 0 0
outer loop
vertex 11.866043 0.837312 10.599372
vertex 11.845566 0.816558 10.579372
vertex 11.866043 0.816558 10.599372
endloop
endfacet
facet normal 0 0 0
outer loop
vertex 11.845566 0.837312 10.579372
vertex 11.845566 0.816558 10.579372
vertex 11.866043 0.837312 10.599372
endloop
endfacet
facet normal 0 0 0
outer loop
vertex 12.070801 0.837312 10.579372
vertex 12.050323 0.816558 10.599372
vertex 12.070801 0.816558 10.579372
endloop
endfacet
facet normal 0 0 0
outer loop
vertex 12.050323 0.837312 10.599372
vertex 12.050323 0.816558 10.599372
vertex 12.070801 0.837312 10.579372
endloop
endfacet
facet normal 0 0 0
outer loop
vertex 12.091276 0.816558 10.579372
vertex 12.091276 0.837312 10.579372
vertex 12.070801 0.816558 10.579372
endloop
endfacet
facet normal 0 0 0
outer loop
vertex 12.091276 0.837312 10.579372
vertex 12.070801 0.837312 10.579372
vertex 12.070801 0.816558 10.579372
endloop
endfacet
facet normal 0 0 0
outer loop
vertex 12.111752 0.816558 10.579372
vertex 12.111752 0.837312 10.579372
vertex 12.091276 0.816558 10.579372
endloop
endfacet
facet normal 0 0 0
outer loop
vertex 12.111752 0.837312 10.579372
vertex 12.091276 0.837312 10.579372
vertex 12.091276 0.816558 10.579372
endloop
endfacet
facet normal 0 0 0
outer loop
vertex 12.132227 0.816558 10.579372
vertex 12.132227 0.837312 10.579372
vertex 12.111752 0.816558 10.579372
endloop
endfacet
facet normal 0 0 0
outer loop
vertex 12.132227 0.837312 10.579372
vertex 12.111752 0.837312 10.579372
vertex 12.111752 0.816558 10.579372
endloop
endfacet
facet normal 0 0 0
outer loop
vertex 11.845566 0.837312 10.579372
vertex 11.845566 0.858065 10.579372
vertex 11.825090 0.837312 10.579372
endloop
endfacet
facet normal 0 0 0
outer loop
vertex 11.845566 0.858065 10.579372
vertex 11.825090 0.858065 10.579372
vertex 11.825090 0.837312 10.579372
endloop
endfacet
facet normal 0 0 0
outer loop
vertex 11.866043 0.858065 10.599372
vertex 11.845566 0.837312 10.579372
vertex 11.866043 0.837312 10.599372
endloop
endfacet
facet normal 0 0 0
outer loop
vertex 11.845566 0.858065 10.579372
vertex 11.845566 0.837312 10.579372
vertex 11.866043 0.858065 10.599372
endloop
endfacet
facet normal 0 0 0
outer loop
vertex 12.050323 0.858065 10.579372
vertex 12.029848 0.858065 10.599372
vertex 12.050323 0.837312 10.599372
endloop
endfacet
facet normal 0 0 0
outer loop
vertex 12.050323 0.837312 10.599372
vertex 12.070801 0.837312 10.579372
vertex 12.050323 0.858065 10.579372
endloop
endfacet
facet normal 0 0 0
outer loop
vertex 12.070801 0.837312 10.579372
vertex 12.070801 0.858065 10.579372
vertex 12.050323 0.858065 10.579372
endloop
endfacet
facet normal 0 0 0
outer loop
vertex 12.091276 0.837312 10.579372
vertex 12.091276 0.858065 10.579372
vertex 12.070801 0.837312 10.579372
endloop
endfacet
facet normal 0 0 0
outer loop
vertex 12.091276 0.858065 10.579372
vertex 12.070801 0.858065 10.579372
vertex 12.070801 0.837312 10.579372
endloop
endfacet
facet normal 0 0 0
outer loop
vertex 12.111752 0.837312 10.579372
vertex 12.111752 0.858065 10.579372
vertex 12.091276 0.837312 10.579372
endloop
endfacet
facet normal 0 0 0
outer loop
vertex 12.111752 0.858065 10.579372
vertex 12.091276 0.858065 10.579372
vertex 12.091276 0.837312 10.579372
endloop
endfacet
facet normal 0 0 0
outer loop
vertex 12.132227 0.837312 10.579372
vertex 12.132227 0.858065 10.579372
vertex 12.111752 0.837312 10.579372
endloop
endfacet
facet normal 0 0 0
outer loop
vertex 12.132227 0.858065 10.579372
vertex 12.111752 0.858065 10.579372
vertex 12.111752 0.837312 10.579372
endloop
endfacet
facet normal 0 0 0
outer loop
vertex 11.845566 0.878818 10.579372
vertex 11.825090 0.858065 10.579372
vertex 11.845566 0.858065 10.579372
endloop
endfacet
facet normal 0 0 0
outer loop
vertex 11.866043 0.858065 10.599372
vertex 11.866043 0.878818 10.579372
vertex 11.845566 0.858065 10.579372
endloop
endfacet
facet normal 0 0 0
outer loop
vertex 11.866043 0.878818 10.579372
vertex 11.845566 0.878818 10.579372
vertex 11.845566 0.858065 10.579372
endloop
endfacet
facet normal 0 0 0
outer loop
vertex 11.866043 0.858065 10.599372
vertex 11.886518 0.878818 10.599372
vertex 11.866043 0.878818 10.579372
endloop
endfacet
facet normal 0 0 0
outer loop
vertex 12.029848 0.878818 10.579372
vertex 12.009373 0.878818 10.599372
vertex 12.029848 0.858065 10.599372
endloop
endfacet
facet normal 0 0 0
outer loop
vertex 12.029848 0.858065 10.599372
vertex 12.050323 0.858065 10.579372
vertex 12.029848 0.878818 10.579372
endloop
endfacet
facet normal 0 0 0
outer loop
vertex 12.050323 0.858065 10.579372
vertex 12.050323 0.878818 10.579372
vertex 12.029848 0.878818 10.579372
endloop
endfacet
facet normal 0 0 0
outer loop
vertex 12.070801 0.858065 10.579372
vertex 12.070801 0.878818 10.579372
vertex 12.050323 0.858065 10.579372
endloop
endfacet
facet normal 0 0 0
outer loop
vertex 12.070801 0.878818 10.579372
vertex 12.050323 0.878818 10.579372
vertex 12.050323 0.858065 10.579372
endloop
endfacet
facet normal 0 0 0
outer loop
vertex 12.091276 0.858065 10.579372
vertex 12.091276 0.878818 10.579372
vertex 12.070801 0.858065 10.579372
endloop
endfacet
facet normal 0 0 0
outer loop
vertex 12.091276 0.878818 10.579372
vertex 12.070801 0.878818 10.579372
vertex 12.070801 0.858065 10.579372
endloop
endfacet
facet normal 0 0 0
outer loop
vertex 12.111752 0.858065 10.579372
vertex 12.111752 0.878818 10.579372
vertex 12.091276 0.858065 10.579372
endloop
endfacet
facet normal 0 0 0
outer loop
vertex 12.111752 0.878818 10.579372
vertex 12.091276 0.878818 10.579372
vertex 12.091276 0.858065 10.579372
endloop
endfacet
facet normal 0 0 0
outer loop
vertex 12.132227 0.858065 10.579372
vertex 12.111752 0.878818 10.579372
vertex 12.111752 0.858065 10.579372
endloop
endfacet
facet normal 0 0 0
outer loop
vertex 11.866043 0.899572 10.579372
vertex 11.845566 0.878818 10.579372
vertex 11.866043 0.878818 10.579372
endloop
endfacet
facet normal 0 0 0
outer loop
vertex 11.886518 0.878818 10.599372
vertex 11.886518 0.899572 10.579372
vertex 11.866043 0.878818 10.579372
endloop
endfacet
facet normal 0 0 0
outer loop
vertex 11.886518 0.899572 10.579372
vertex 11.866043 0.899572 10.579372
vertex 11.866043 0.878818 10.579372
endloop
endfacet
facet normal 0 0 0
outer loop
vertex 11.886518 0.899572 10.579372
vertex 11.906994 0.878818 10.599372
vertex 11.906994 0.899572 10.579372
endloop
endfacet
facet normal 0 0 0
outer loop
vertex 11.886518 0.878818 10.599372
vertex 11.906994 0.878818 10.599372
vertex 11.886518 0.899572 10.579372
endloop
endfacet
facet normal 0 0 0
outer loop
vertex 11.906994 0.899572 10.579372
vertex 11.927469 0.878818 10.599372
vertex 11.927469 0.899572 10.579372
endloop
endfacet
facet normal 0 0 0
outer loop
vertex 11.906994 0.878818 10.599372
vertex 11.927469 0.878818 10.599372
vertex 11.906994 0.899572 10.579372
endloop
endfacet
facet normal 0 0 0
outer loop
vertex 11.927469 0.899572 10.579372
vertex 11.947945 0.878818 10.599372
vertex 11.947945 0.899572 10.579372
endloop
endfacet
facet normal 0 0 0
outer loop
vertex 11.927469 0.878818 10.599372
vertex 11.947945 0.878818 10.599372
vertex 11.927469 0.899572 10.579372
endloop
endfacet
facet normal 0 0 0
outer loop
vertex 11.947945 0.899572 10.579372
vertex 11.968422 0.878818 10.599372
vertex 11.968422 0.899572 10.579372
endloop
endfacet
facet normal 0 0 0
outer loop
vertex 11.947945 0.878818 10.599372
vertex 11.968422 0.878818 10.599372
vertex 11.947945 0.899572 10.579372
endloop
endfacet
facet normal 0 0 0
outer loop
vertex 11.968422 0.899572 10.579372
vertex 11.988897 0.878818 10.599372
vertex 11.988897 0.899572 10.579372
endloop
endfacet
facet normal 0 0 0
outer loop
vertex 11.968422 0.878818 10.599372
vertex 11.988897 0.878818 10.599372
vertex 11.968422 0.899572 10.579372
endloop
endfacet
facet normal 0 0 0
outer loop
vertex 11.988897 0.899572 10.579372
vertex 12.009373 0.878818 10.599372
vertex 12.009373 0.899572 10.579372
endloop
endfacet
facet normal 0 0 0
outer loop
vertex 11.988897 0.878818 10.599372
vertex 12.009373 0.878818 10.599372
vertex 11.988897 0.899572 10.579372
endloop
endfacet
facet normal 0 0 0
outer loop
vertex 12.009373 0.878818 10.599372
vertex 12.029848 0.878818 10.579372
vertex 12.009373 0.899572 10.579372
endloop
endfacet
facet normal 0 0 0
outer loop
vertex 12.029848 0.878818 10.579372
vertex 12.029848 0.899572 10.579372
vertex 12.009373 0.899572 10.579372
endloop
endfacet
facet normal 0 0 0
outer loop
vertex 12.050323 0.878818 10.579372
vertex 12.050323 0.899572 10.579372
vertex 12.029848 0.878818 10.579372
endloop
endfacet
facet normal 0 0 0
outer loop
vertex 12.050323 0.899572 10.579372
vertex 12.029848 0.899572 10.579372
vertex 12.029848 0.878818 10.579372
endloop
endfacet
facet normal 0 0 0
outer loop
vertex 12.070801 0.878818 10.579372
vertex 12.070801 0.899572 10.579372
vertex 12.050323 0.878818 10.579372
endloop
endfacet
facet normal 0 0 0
outer loop
vertex 12.070801 0.899572 10.579372
vertex 12.050323 0.899572 10.579372
vertex 12.050323 0.878818 10.579372
endloop
endfacet
facet normal 0 0 0
outer loop
vertex 12.091276 0.878818 10.579372
vertex 12.091276 0.899572 10.579372
vertex 12.070801 0.878818 10.579372
endloop
endfacet
facet normal 0 0 0
outer loop
vertex 12.091276 0.899572 10.579372
vertex 12.070801 0.899572 10.579372
vertex 12.070801 0.878818 10.579372
endloop
endfacet
facet normal 0 0 0
outer loop
vertex 12.111752 0.878818 10.579372
vertex 12.091276 0.899572 10.579372
vertex 12.091276 0.878818 10.579372
endloop
endfacet
facet normal 0 0 0
outer loop
vertex 11.886518 0.920325 10.579372
vertex 11.866043 0.899572 10.579372
vertex 11.886518 0.899572 10.579372
endloop
endfacet
facet normal 0 0 0
outer loop
vertex 11.906994 0.899572 10.579372
vertex 11.906994 0.920325 10.579372
vertex 11.886518 0.899572 10.579372
endloop
endfacet
facet normal 0 0 0
outer loop
vertex 11.906994 0.920325 10.579372
vertex 11.886518 0.920325 10.579372
vertex 11.886518 0.899572 10.579372
endloop
endfacet
facet normal 0 0 0
outer loop
vertex 11.927469 0.899572 10.579372
vertex 11.927469 0.920325 10.579372
vertex 11.906994 0.899572 10.579372
endloop
endfacet
facet normal 0 0 0
outer loop
vertex 11.927469 0.920325 10.579372
vertex 11.906994 0.920325 10.579372
vertex 11.906994 0.899572 10.579372
endloop
endfacet
facet normal 0 0 0
outer loop
vertex 11.947945 0.899572 10.579372
vertex 11.947945 0.920325 10.579372
vertex 11.927469 0.899572 10.579372
endloop
endfacet
facet normal 0 0 0
outer loop
vertex 11.947945 0.920325 10.579372
vertex 11.927469 0.920325 10.579372
vertex 11.927469 0.899572 10.579372
endloop
endfacet
facet normal 0 0 0
outer loop
vertex 11.968422 0.899572 10.579372
vertex 11.968422 0.920325 10.579372
vertex 11.947945 0.899572 10.579372
endloop
endfacet
facet normal 0 0 0
outer loop
vertex 11.968422 0.920325 10.579372
vertex 11.947945 0.920325 10.579372
vertex 11.947945 0.899572 10.579372
endloop
endfacet
facet normal 0 0 0
outer loop
vertex 11.988897 0.899572 10.579372
vertex 11.988897 0.920325 10.579372
vertex 11.968422 0.899572 10.579372
endloop
endfacet
facet normal 0 0 0
outer loop
vertex 11.988897 0.920325 10.579372
vertex 11.968422 0.920325 10.579372
vertex 11.968422 0.899572 10.579372
endloop
endfacet
facet normal 0 0 0
outer loop
vertex 12.009373 0.899572 10.579372
vertex 12.009373 0.920325 10.579372
vertex 11.988897 0.899572 10.579372
endloop
endfacet
facet normal 0 0 0
outer loop
vertex 12.009373 0.920325 10.579372
vertex 11.988897 0.920325 10.579372
vertex 11.988897 0.899572 10.579372
endloop
endfacet
facet normal 0 0 0
outer loop
vertex 12.029848 0.899572 10.579372
vertex 12.029848 0.920325 10.579372
vertex 12.009373 0.899572 10.579372
endloop
endfacet
facet normal 0 0 0
outer loop
vertex 12.029848 0.920325 10.579372
vertex 12.009373 0.920325 10.579372
vertex 12.009373 0.899572 10.579372
endloop
endfacet
facet normal 0 0 0
outer loop
vertex 12.050323 0.899572 10.579372
vertex 12.050323 0.920325 10.579372
vertex 12.029848 0.899572 10.579372
endloop
endfacet
facet normal 0 0 0
outer loop
vertex 12.050323 0.920325 10.579372
vertex 12.029848 0.920325 10.579372
vertex 12.029848 0.899572 10.579372
endloop
endfacet
facet normal 0 0 0
outer loop
vertex 12.070801 0.899572 10.579372
vertex 12.070801 0.920325 10.579372
vertex 12.050323 0.899572 10.579372
endloop
endfacet
facet normal 0 0 0
outer loop
vertex 12.070801 0.920325 10.579372
vertex 12.050323 0.920325 10.579372
vertex 12.050323 0.899572 10.579372
endloop
endfacet
facet normal 0 0 0
outer loop
vertex 12.091276 0.899572 10.579372
vertex 12.091276 0.920325 10.579372
vertex 12.070801 0.899572 10.579372
endloop
endfacet
facet normal 0 0 0
outer loop
vertex 12.091276 0.920325 10.579372
vertex 12.070801 0.920325 10.579372
vertex 12.070801 0.899572 10.579372
endloop
endfacet
facet normal 0 0 0
outer loop
vertex 11.927469 0.941078 10.579372
vertex 11.906994 0.920325 10.579372
vertex 11.927469 0.920325 10.579372
endloop
endfacet
facet normal 0 0 0
outer loop
vertex 11.947945 0.920325 10.579372
vertex 11.947945 0.941078 10.579372
vertex 11.927469 0.920325 10.579372
endloop
endfacet
facet normal 0 0 0
outer loop
vertex 11.947945 0.941078 10.579372
vertex 11.927469 0.941078 10.579372
vertex 11.927469 0.920325 10.579372
endloop
endfacet
facet normal 0 0 0
outer loop
vertex 11.968422 0.920325 10.579372
vertex 11.968422 0.941078 10.579372
vertex 11.947945 0.920325 10.579372
endloop
endfacet
facet normal 0 0 0
outer loop
vertex 11.968422 0.941078 10.579372
vertex 11.947945 0.941078 10.579372
vertex 11.947945 0.920325 10.579372
endloop
endfacet
facet normal 0 0 0
outer loop
vertex 11.988897 0.920325 10.579372
vertex 11.988897 0.941078 10.579372
vertex 11.968422 0.920325 10.579372
endloop
endfacet
facet normal 0 0 0
outer loop
vertex 11.988897 0.941078 10.579372
vertex 11.968422 0.941078 10.579372
vertex 11.968422 0.920325 10.579372
endloop
endfacet
facet normal 0 0 0
outer loop
vertex 12.009373 0.920325 10.579372
vertex 12.009373 0.941078 10.579372
vertex 11.988897 0.920325 10.579372
endloop
endfacet
facet normal 0 0 0
outer loop
vertex 12.009373 0.941078 10.579372
vertex 11.988897 0.941078 10.579372
vertex 11.988897 0.920325 10.579372
endloop
endfacet
facet normal 0 0 0
outer loop
vertex 12.029848 0.920325 10.579372
vertex 12.029848 0.941078 10.579372
vertex 12.009373 0.920325 10.579372
endloop
endfacet
facet normal 0 0 0
outer loop
vertex 12.029848 0.941078 10.579372
vertex 12.009373 0.941078 10.579372
vertex 12.009373 0.920325 10.579372
endloop
endfacet
facet normal 0 0 0
outer loop
vertex 12.050323 0.920325 10.579372
vertex 12.050323 0.941078 10.579372
vertex 12.029848 0.920325 10.579372
endloop
endfacet
facet normal 0 0 0
outer loop
vertex 12.050323 0.941078 10.579372
vertex 12.029848 0.941078 10.579372
vertex 12.029848 0.920325 10.579372
endloop
endfacet
facet normal 0 0 0
outer loop
vertex 12.070801 0.920325 10.579372
vertex 12.050323 0.941078 10.579372
vertex 12.050323 0.920325 10.579372
endloop
endfacet
facet normal 0 0 0
outer loop
vertex 11.886518 0.795805 10.599372
vertex 11.906994 0.775052 10.599372
vertex 11.906994 0.795805 10.599372
endloop
endfacet
facet normal 0 0 0
outer loop
vertex 11.927469 0.775052 10.599372
vertex 11.927469 0.795805 10.599372
vertex 11.906994 0.775052 10.599372
endloop
endfacet
facet normal 0 0 0
outer loop
vertex 11.927469 0.795805 10.599372
vertex 11.906994 0.795805 10.599372
vertex 11.906994 0.775052 10.599372
endloop
endfacet
facet normal 0 0 0
outer loop
vertex 11.947945 0.775052 10.599372
vertex 11.947945 0.795805 10.599372
vertex 11.927469 0.775052 10.599372
endloop
endfacet
facet normal 0 0 0
outer loop
vertex 11.947945 0.795805 10.599372
vertex 11.927469 0.795805 10.599372
vertex 11.927469 0.775052 10.599372
endloop
endfacet
facet normal 0 0 0
outer loop
vertex 11.968422 0.775052 10.599372
vertex 11.968422 0.795805 10.599372
vertex 11.947945 0.775052 10.599372
endloop
endfacet
facet normal 0 0 0
outer loop
vertex 11.968422 0.795805 10.599372
vertex 11.947945 0.795805 10.599372
vertex 11.947945 0.775052 10.599372
endloop
endfacet
facet normal 0 0 0
outer loop
vertex 11.988897 0.775052 10.599372
vertex 11.988897 0.795805 10.599372
vertex 11.968422 0.775052 10.599372
endloop
endfacet
facet normal 0 0 0
outer loop
vertex 11.988897 0.795805 10.599372
vertex 11.968422 0.795805 10.599372
vertex 11.968422 0.775052 10.599372
endloop
endfacet
facet normal 0 0 0
outer loop
vertex 12.009373 0.775052 10.599372
vertex 12.009373 0.795805 10.599372
vertex 11.988897 0.775052 10.599372
endloop
endfacet
facet normal 0 0 0
outer loop
vertex 12.009373 0.795805 10.599372
vertex 11.988897 0.795805 10.599372
vertex 11.988897 0.775052 10.599372
endloop
endfacet
facet normal 0 0 0
outer loop
vertex 12.009373 0.775052 10.599372
vertex 12.029848 0.795805 10.599372
vertex 12.009373 0.795805 10.599372
endloop
endfacet
facet normal 0 0 0
outer loop
vertex 11.886518 0.795805 10.599372
vertex 11.886518 0.816558 10.599372
vertex 11.866043 0.795805 10.599372
endloop
endfacet
facet normal 0 0 0
outer loop
vertex 11.886518 0.816558 10.599372
vertex 11.866043 0.816558 10.599372
vertex 11.866043 0.795805 10.599372
endloop
endfacet
facet normal 0 0 0
outer loop
vertex 11.906994 0.795805 10.599372
vertex 11.906994 0.816558 10.599372
vertex 11.886518 0.795805 10.599372
endloop
endfacet
facet normal 0 0 0
outer loop
vertex 11.906994 0.816558 10.599372
vertex 11.886518 0.816558 10.599372
vertex 11.886518 0.795805 10.599372
endloop
endfacet
facet normal 0 0 0
outer loop
vertex 11.927469 0.795805 10.599372
vertex 11.927469 0.816558 10.599372
vertex 11.906994 0.795805 10.599372
endloop
endfacet
facet normal 0 0 0
outer loop
vertex 11.927469 0.816558 10.599372
vertex 11.906994 0.816558 10.599372
vertex 11.906994 0.795805 10.599372
endloop
endfacet
facet normal 0 0 0
outer loop
vertex 11.947945 0.795805 10.599372
vertex 11.947945 0.816558 10.599372
vertex 11.927469 0.795805 10.599372
endloop
endfacet
facet normal 0 0 0
outer loop
vertex 11.947945 0.816558 10.599372
vertex 11.927469 0.816558 10.599372
vertex 11.927469 0.795805 10.599372
endloop
endfacet
facet normal 0 0 0
outer loop
vertex 11.968422 0.795805 10.599372
vertex 11.968422 0.816558 10.599372
vertex 11.947945 0.795805 10.599372
endloop
endfacet
facet normal 0 0 0
outer loop
vertex 11.968422 0.816558 10.599372
vertex 11.947945 0.816558 10.599372
vertex 11.947945 0.795805 10.599372
endloop
endfacet
facet normal 0 0 0
outer loop
vertex 11.988897 0.795805 10.599372
vertex 11.988897 0.816558 10.599372
vertex 11.968422 0.795805 10.599372
endloop
endfacet
facet normal 0 0 0
outer loop
vertex 11.988897 0.816558 10.599372
vertex 11.968422 0.816558 10.599372
vertex 11.968422 0.795805 10.599372
endloop
endfacet
facet normal 0 0 0
outer loop
vertex 12.009373 0.795805 10.599372
vertex 12.009373 0.816558 10.599372
vertex 11.988897 0.795805 10.599372
endloop
endfacet
facet normal 0 0 0
outer loop
vertex 12.009373 0.816558 10.599372
vertex 11.988897 0.816558 10.599372
vertex 11.988897 0.795805 10.599372
endloop
endfacet
facet normal 0 0 0
outer loop
vertex 12.029848 0.795805 10.599372
vertex 12.029848 0.816558 10.599372
vertex 12.009373 0.795805 10.599372
endloop
endfacet
facet normal 0 0 0
outer loop
vertex 12.029848 0.816558 10.599372
vertex 12.009373 0.816558 10.599372
vertex 12.009373 0.795805 10.599372
endloop
endfacet
facet normal 0 0 0
outer loop
vertex 12.029848 0.795805 10.599372
vertex 12.050323 0.816558 10.599372
vertex 12.029848 0.816558 10.599372
endloop
endfacet
facet normal 0 0 0
outer loop
vertex 11.886518 0.816558 10.599372
vertex 11.886518 0.837312 10.599372
vertex 11.866043 0.816558 10.599372
endloop
endfacet
facet normal 0 0 0
outer loop
vertex 11.886518 0.837312 10.599372
vertex 11.866043 0.837312 10.599372
vertex 11.866043 0.816558 10.599372
endloop
endfacet
facet normal 0 0 0
outer loop
vertex 11.906994 0.816558 10.599372
vertex 11.906994 0.837312 10.599372
vertex 11.886518 0.816558 10.599372
endloop
endfacet
facet normal 0 0 0
outer loop
vertex 11.906994 0.837312 10.599372
vertex 11.886518 0.837312 10.599372
vertex 11.886518 0.816558 10.599372
endloop
endfacet
facet normal 0 0 0
outer loop
vertex 11.927469 0.816558 10.599372
vertex 11.927469 0.837312 10.599372
vertex 11.906994 0.816558 10.599372
endloop
endfacet
facet normal 0 0 0
outer loop
vertex 11.927469 0.837312 10.599372
vertex 11.906994 0.837312 10.599372
vertex 11.906994 0.816558 10.599372
endloop
endfacet
facet normal 0 0 0
outer loop
vertex 11.947945 0.816558 10.599372
vertex 11.947945 0.837312 10.599372
vertex 11.927469 0.816558 10.599372
endloop
endfacet
facet normal 0 0 0
outer loop
vertex 11.947945 0.837312 10.599372
vertex 11.927469 0.837312 10.599372
vertex 11.927469 0.816558 10.599372
endloop
endfacet
facet normal 0 0 0
outer loop
vertex 11.968422 0.816558 10.599372
vertex 11.968422 0.837312 10.599372
vertex 11.947945 0.816558 10.599372
endloop
endfacet
facet normal 0 0 0
outer loop
vertex 11.968422 0.837312 10.599372
vertex 11.947945 0.837312 10.599372
vertex 11.947945 0.816558 10.599372
endloop
endfacet
facet normal 0 0 0
outer loop
vertex 11.988897 0.816558 10.599372
vertex 11.988897 0.837312 10.599372
vertex 11.968422 0.816558 10.599372
endloop
endfacet
facet normal 0 0 0
outer loop
vertex 11.988897 0.837312 10.599372
vertex 11.968422 0.837312 10.599372
vertex 11.968422 0.816558 10.599372
endloop
endfacet
facet normal 0 0 0
outer loop
vertex 12.009373 0.816558 10.599372
vertex 12.009373 0.837312 10.599372
vertex 11.988897 0.816558 10.599372
endloop
endfacet
facet normal 0 0 0
outer loop
vertex 12.009373 0.837312 10.599372
vertex 11.988897 0.837312 10.599372
vertex 11.988897 0.816558 10.599372
endloop
endfacet
facet normal 0 0 0
outer loop
vertex 12.029848 0.816558 10.599372
vertex 12.029848 0.837312 10.599372
vertex 12.009373 0.816558 10.599372
endloop
endfacet
facet normal 0 0 0
outer loop
vertex 12.029848 0.837312 10.599372
vertex 12.009373 0.837312 10.599372
vertex 12.009373 0.816558 10.599372
endloop
endfacet
facet normal 0 0 0
outer loop
vertex 12.050323 0.816558 10.599372
vertex 12.050323 0.837312 10.599372
vertex 12.029848 0.816558 10.599372
endloop
endfacet
facet normal 0 0 0
outer loop
vertex 12.050323 0.837312 10.599372
vertex 12.029848 0.837312 10.599372
vertex 12.029848 0.816558 10.599372
endloop
endfacet
facet normal 0 0 0
outer loop
vertex 11.886518 0.837312 10.599372
vertex 11.886518 0.858065 10.599372
vertex 11.866043 0.837312 10.599372
endloop
endfacet
facet normal 0 0 0
outer loop
vertex 11.886518 0.858065 10.599372
vertex 11.866043 0.858065 10.599372
vertex 11.866043 0.837312 10.599372
endloop
endfacet
facet normal 0 0 0
outer loop
vertex 11.906994 0.837312 10.599372
vertex 11.906994 0.858065 10.599372
vertex 11.886518 0.837312 10.599372
endloop
endfacet
facet normal 0 0 0
outer loop
vertex 11.906994 0.858065 10.599372
vertex 11.886518 0.858065 10.599372
vertex 11.886518 0.837312 10.599372
endloop
endfacet
facet normal 0 0 0
outer loop
vertex 11.927469 0.837312 10.599372
vertex 11.927469 0.858065 10.599372
vertex 11.906994 0.837312 10.599372
endloop
endfacet
facet normal 0 0 0
outer loop
vertex 11.927469 0.858065 10.599372
vertex 11.906994 0.858065 10.599372
vertex 11.906994 0.837312 10.599372
endloop
endfacet
facet normal 0 0 0
outer loop
vertex 11.947945 0.837312 10.599372
vertex 11.947945 0.858065 10.599372
vertex 11.927469 0.837312 10.599372
endloop
endfacet
facet normal 0 0 0
outer loop
vertex 11.947945 0.858065 10.599372
vertex 11.927469 0.858065 10.599372
vertex 11.927469 0.837312 10.599372
endloop
endfacet
facet normal 0 0 0
outer loop
vertex 11.968422 0.837312 10.599372
vertex 11.968422 0.858065 10.599372
vertex 11.947945 0.837312 10.599372
endloop
endfacet
facet normal 0 0 0
outer loop
vertex 11.968422 0.858065 10.599372
vertex 11.947945 0.858065 10.599372
vertex 11.947945 0.837312 10.599372
endloop
endfacet
facet normal 0 0 0
outer loop
vertex 11.988897 0.837312 10.599372
vertex 11.988897 0.858065 10.599372
vertex 11.968422 0.837312 10.599372
endloop
endfacet
facet normal 0 0 0
outer loop
vertex 11.988897 0.858065 10.599372
vertex 11.968422 0.858065 10.599372
vertex 11.968422 0.837312 10.599372
endloop
endfacet
facet normal 0 0 0
outer loop
vertex 12.009373 0.837312 10.599372
vertex 12.009373 0.858065 10.599372
vertex 11.988897 0.837312 10.599372
endloop
endfacet
facet normal 0 0 0
outer loop
vertex 12.009373 0.858065 10.599372
vertex 11.988897 0.858065 10.599372
vertex 11.988897 0.837312 10.599372
endloop
endfacet
facet normal 0 0 0
outer loop
vertex 12.029848 0.837312 10.599372
vertex 12.029848 0.858065 10.599372
vertex 12.009373 0.837312 10.599372
endloop
endfacet
facet normal 0 0 0
outer loop
vertex 12.029848 0.858065 10.599372
vertex 12.009373 0.858065 10.599372
vertex 12.009373 0.837312 10.599372
endloop
endfacet
facet normal 0 0 0
outer loop
vertex 12.050323 0.837312 10.599372
vertex 12.029848 0.858065 10.599372
vertex 12.029848 0.837312 10.599372
endloop
endfacet
facet normal 0 0 0
outer loop
vertex 11.886518 0.878818 10.599372
vertex 11.866043 0.858065 10.599372
vertex 11.886518 0.858065 10.599372
endloop
endfacet
facet normal 0 0 0
outer loop
vertex 11.906994 0.858065 10.599372
vertex 11.906994 0.878818 10.599372
vertex 11.886518 0.858065 10.599372
endloop
endfacet
facet normal 0 0 0
outer loop
vertex 11.906994 0.878818 10.599372
vertex 11.886518 0.878818 10.599372
vertex 11.886518 0.858065 10.599372
endloop
endfacet
facet normal 0 0 0
outer loop
vertex 11.927469 0.858065 10.599372
vertex 11.927469 0.878818 10.599372
vertex 11.906994 0.858065 10.599372
endloop
endfacet
facet normal 0 0 0
outer loop
vertex 11.927469 0.878818 10.599372
vertex 11.906994 0.878818 10.599372
vertex 11.906994 0.858065 10.599372
endloop
endfacet
facet normal 0 0 0
outer loop
vertex 11.947945 0.858065 10.599372
vertex 11.947945 0.878818 10.599372
vertex 11.927469 0.858065 10.599372
endloop
endfacet
facet normal 0 0 0
outer loop
vertex 11.947945 0.878818 10.599372
vertex 11.927469 0.878818 10.599372
vertex 11.927469 0.858065 10.599372
endloop
endfacet
facet normal 0 0 0
outer loop
vertex 11.968422 0.858065 10.599372
vertex 11.968422 0.878818 10.599372
vertex 11.947945 0.858065 10.599372
endloop
endfacet
facet normal 0 0 0
outer loop
vertex 11.968422 0.878818 10.599372
vertex 11.947945 0.878818 10.599372
vertex 11.947945 0.858065 10.599372
endloop
endfacet
facet normal 0 0 0
outer loop
vertex 11.988897 0.858065 10.599372
vertex 11.988897 0.878818 10.599372
vertex 11.968422 0.858065 10.599372
endloop
endfacet
facet normal 0 0 0
outer loop
vertex 11.988897 0.878818 10.599372
vertex 11.968422 0.878818 10.599372
vertex 11.968422 0.858065 10.599372
endloop
endfacet
facet normal 0 0 0
outer loop
vertex 12.009373 0.858065 10.599372
vertex 12.009373 0.878818 10.599372
vertex 11.988897 0.858065 10.599372
endloop
endfacet
facet normal 0 0 0
outer loop
vertex 12.009373 0.878818 10.599372
vertex 11.988897 0.878818 10.599372
vertex 11.988897 0.858065 10.599372
endloop
endfacet
facet normal 0 0 0
outer loop
vertex 12.029848 0.858065 10.599372
vertex 12.009373 0.878818 10.599372
vertex 12.009373 0.858065 10.599372
endloop
endfacet
endsolid B-16-Plag.223
