solid B-16-Plag.258
facet normal 0 0 0
outer loop
vertex 4.842843 8.350015 10.659372
vertex 4.863318 8.370768 10.659372
vertex 4.863318 8.350015 10.659372
endloop
endfacet
facet normal 0 0 0
outer loop
vertex 4.842843 8.308508 10.679372
vertex 4.822367 8.329261 10.679372
vertex 4.842843 8.329261 10.679372
endloop
endfacet
facet normal 0 0 0
outer loop
vertex 4.863318 8.308508 10.679372
vertex 4.842843 8.308508 10.679372
vertex 4.863318 8.329261 10.679372
endloop
endfacet
facet normal 0 0 0
outer loop
vertex 4.863318 8.329261 10.679372
vertex 4.842843 8.308508 10.679372
vertex 4.842843 8.329261 10.679372
endloop
endfacet
facet normal 0 0 0
outer loop
vertex 4.883794 8.308508 10.679372
vertex 4.863318 8.308508 10.679372
vertex 4.883794 8.329261 10.679372
endloop
endfacet
facet normal 0 0 0
outer loop
vertex 4.883794 8.329261 10.679372
vertex 4.863318 8.308508 10.679372
vertex 4.863318 8.329261 10.679372
endloop
endfacet
facet normal 0 0 0
outer loop
vertex 4.822367 8.329261 10.679372
vertex 4.801891 8.350015 10.679372
vertex 4.822367 8.350015 10.659372
endloop
endfacet
facet normal 0 0 0
outer loop
vertex 4.842843 8.350015 10.659372
vertex 4.822367 8.329261 10.679372
vertex 4.822367 8.350015 10.659372
endloop
endfacet
facet normal 0 0 0
outer loop
vertex 4.842843 8.329261 10.679372
vertex 4.822367 8.329261 10.679372
vertex 4.842843 8.350015 10.659372
endloop
endfacet
facet normal 0 0 0
outer loop
vertex 4.863318 8.350015 10.659372
vertex 4.842843 8.329261 10.679372
vertex 4.842843 8.350015 10.659372
endloop
endfacet
facet normal 0 0 0
outer loop
vertex 4.863318 8.329261 10.679372
vertex 4.842843 8.329261 10.679372
vertex 4.863318 8.350015 10.659372
endloop
endfacet
facet normal 0 0 0
outer loop
vertex 4.863318 8.350015 10.659372
vertex 4.883794 8.350015 10.679372
vertex 4.863318 8.329261 10.679372
endloop
endfacet
facet normal 0 0 0
outer loop
vertex 4.883794 8.350015 10.679372
vertex 4.883794 8.329261 10.679372
vertex 4.863318 8.329261 10.679372
endloop
endfacet
facet normal 0 0 0
outer loop
vertex 4.822367 8.350015 10.659372
vertex 4.801891 8.350015 10.679372
vertex 4.822367 8.370768 10.679372
endloop
endfacet
facet normal 0 0 0
outer loop
vertex 4.822367 8.350015 10.659372
vertex 4.842843 8.370768 10.679372
vertex 4.842843 8.350015 10.659372
endloop
endfacet
facet normal 0 0 0
outer loop
vertex 4.822367 8.370768 10.679372
vertex 4.842843 8.370768 10.679372
vertex 4.822367 8.350015 10.659372
endloop
endfacet
facet normal 0 0 0
outer loop
vertex 4.842843 8.350015 10.659372
vertex 4.842843 8.370768 10.679372
vertex 4.863318 8.370768 10.659372
endloop
endfacet
facet normal 0 0 0
outer loop
vertex 4.883794 8.350015 10.679372
vertex 4.863318 8.370768 10.659372
vertex 4.883794 8.370768 10.679372
endloop
endfacet
facet normal 0 0 0
outer loop
vertex 4.863318 8.350015 10.659372
vertex 4.863318 8.370768 10.659372
vertex 4.883794 8.350015 10.679372
endloop
endfacet
facet normal 0 0 0
outer loop
vertex 4.842843 8.391521 10.659372
vertex 4.842843 8.370768 10.679372
vertex 4.822367 8.391521 10.679372
endloop
endfacet
facet normal 0 0 0
outer loop
vertex 4.842843 8.370768 10.679372
vertex 4.822367 8.370768 10.679372
vertex 4.822367 8.391521 10.679372
endloop
endfacet
facet normal 0 0 0
outer loop
vertex 4.842843 8.391521 10.659372
vertex 4.863318 8.391521 10.679372
vertex 4.842843 8.370768 10.679372
endloop
endfacet
facet normal 0 0 0
outer loop
vertex 4.863318 8.370768 10.659372
vertex 4.842843 8.370768 10.679372
vertex 4.863318 8.391521 10.679372
endloop
endfacet
facet normal 0 0 0
outer loop
vertex 4.863318 8.370768 10.659372
vertex 4.863318 8.391521 10.679372
vertex 4.883794 8.370768 10.679372
endloop
endfacet
facet normal 0 0 0
outer loop
vertex 4.863318 8.391521 10.679372
vertex 4.883794 8.391521 10.679372
vertex 4.883794 8.370768 10.679372
endloop
endfacet
facet normal 0 0 0
outer loop
vertex 4.842843 8.391521 10.659372
vertex 4.822367 8.391521 10.679372
vertex 4.842843 8.412274 10.679372
endloop
endfacet
facet normal 0 0 0
outer loop
vertex 4.822367 8.391521 10.679372
vertex 4.822367 8.412274 10.679372
vertex 4.842843 8.412274 10.679372
endloop
endfacet
facet normal 0 0 0
outer loop
vertex 4.842843 8.391521 10.659372
vertex 4.842843 8.412274 10.679372
vertex 4.863318 8.391521 10.679372
endloop
endfacet
facet normal 0 0 0
outer loop
vertex 4.842843 8.412274 10.679372
vertex 4.863318 8.412274 10.679372
vertex 4.863318 8.391521 10.679372
endloop
endfacet
facet normal 0 0 0
outer loop
vertex 4.863318 8.412274 10.679372
vertex 4.883794 8.391521 10.679372
vertex 4.863318 8.391521 10.679372
endloop
endfacet
facet normal 0 0 0
outer loop
vertex 4.822367 8.412274 10.679372
vertex 4.801891 8.433027 10.679372
vertex 4.822367 8.433027 10.679372
endloop
endfacet
facet normal 0 0 0
outer loop
vertex 4.842843 8.412274 10.679372
vertex 4.822367 8.412274 10.679372
vertex 4.842843 8.433027 10.679372
endloop
endfacet
facet normal 0 0 0
outer loop
vertex 4.842843 8.433027 10.679372
vertex 4.822367 8.412274 10.679372
vertex 4.822367 8.433027 10.679372
endloop
endfacet
facet normal 0 0 0
outer loop
vertex 4.863318 8.412274 10.679372
vertex 4.842843 8.412274 10.679372
vertex 4.863318 8.433027 10.679372
endloop
endfacet
facet normal 0 0 0
outer loop
vertex 4.863318 8.433027 10.679372
vertex 4.842843 8.412274 10.679372
vertex 4.842843 8.433027 10.679372
endloop
endfacet
facet normal 0 0 0
outer loop
vertex 4.801891 8.433027 10.679372
vertex 4.822367 8.453781 10.679372
vertex 4.822367 8.433027 10.679372
endloop
endfacet
facet normal 0 0 0
outer loop
vertex 4.822367 8.453781 10.679372
vertex 4.842843 8.433027 10.679372
vertex 4.822367 8.433027 10.679372
endloop
endfacet
facet normal 0 0 0
outer loop
vertex 4.863318 8.308508 10.679372
vertex 4.863318 8.308508 10.699371
vertex 4.842843 8.308508 10.679372
endloop
endfacet
facet normal 0 0 0
outer loop
vertex 4.842843 8.308508 10.679372
vertex 4.863318 8.308508 10.699371
vertex 4.842843 8.308508 10.699371
endloop
endfacet
facet normal 0 0 0
outer loop
vertex 4.883794 8.308508 10.679372
vertex 4.883794 8.308508 10.699371
vertex 4.863318 8.308508 10.679372
endloop
endfacet
facet normal 0 0 0
outer loop
vertex 4.863318 8.308508 10.679372
vertex 4.883794 8.308508 10.699371
vertex 4.863318 8.308508 10.699371
endloop
endfacet
facet normal 0 0 0
outer loop
vertex 4.842843 8.308508 10.699371
vertex 4.822367 8.329261 10.679372
vertex 4.842843 8.308508 10.679372
endloop
endfacet
facet normal 0 0 0
outer loop
vertex 4.822367 8.329261 10.699371
vertex 4.822367 8.329261 10.679372
vertex 4.842843 8.308508 10.699371
endloop
endfacet
facet normal 0 0 0
outer loop
vertex 4.904270 8.329261 10.699371
vertex 4.883794 8.308508 10.699371
vertex 4.883794 8.329261 10.679372
endloop
endfacet
facet normal 0 0 0
outer loop
vertex 4.883794 8.308508 10.699371
vertex 4.883794 8.308508 10.679372
vertex 4.883794 8.329261 10.679372
endloop
endfacet
facet normal 0 0 0
outer loop
vertex 4.822367 8.329261 10.699371
vertex 4.801891 8.350015 10.679372
vertex 4.822367 8.329261 10.679372
endloop
endfacet
facet normal 0 0 0
outer loop
vertex 4.801891 8.350015 10.699371
vertex 4.801891 8.350015 10.679372
vertex 4.822367 8.329261 10.699371
endloop
endfacet
facet normal 0 0 0
outer loop
vertex 4.904270 8.329261 10.699371
vertex 4.883794 8.350015 10.679372
vertex 4.904270 8.350015 10.699371
endloop
endfacet
facet normal 0 0 0
outer loop
vertex 4.883794 8.329261 10.679372
vertex 4.883794 8.350015 10.679372
vertex 4.904270 8.329261 10.699371
endloop
endfacet
facet normal 0 0 0
outer loop
vertex 4.801891 8.370768 10.699371
vertex 4.801891 8.350015 10.679372
vertex 4.801891 8.350015 10.699371
endloop
endfacet
facet normal 0 0 0
outer loop
vertex 4.801891 8.350015 10.679372
vertex 4.801891 8.370768 10.699371
vertex 4.822367 8.370768 10.679372
endloop
endfacet
facet normal 0 0 0
outer loop
vertex 4.904270 8.350015 10.699371
vertex 4.883794 8.370768 10.679372
vertex 4.904270 8.370768 10.699371
endloop
endfacet
facet normal 0 0 0
outer loop
vertex 4.883794 8.350015 10.679372
vertex 4.883794 8.370768 10.679372
vertex 4.904270 8.350015 10.699371
endloop
endfacet
facet normal 0 0 0
outer loop
vertex 4.822367 8.370768 10.679372
vertex 4.801891 8.391521 10.699371
vertex 4.822367 8.391521 10.679372
endloop
endfacet
facet normal 0 0 0
outer loop
vertex 4.801891 8.370768 10.699371
vertex 4.801891 8.391521 10.699371
vertex 4.822367 8.370768 10.679372
endloop
endfacet
facet normal 0 0 0
outer loop
vertex 4.904270 8.370768 10.699371
vertex 4.883794 8.391521 10.679372
vertex 4.904270 8.391521 10.699371
endloop
endfacet
facet normal 0 0 0
outer loop
vertex 4.883794 8.370768 10.679372
vertex 4.883794 8.391521 10.679372
vertex 4.904270 8.370768 10.699371
endloop
endfacet
facet normal 0 0 0
outer loop
vertex 4.822367 8.391521 10.679372
vertex 4.801891 8.412274 10.699371
vertex 4.822367 8.412274 10.679372
endloop
endfacet
facet normal 0 0 0
outer loop
vertex 4.801891 8.391521 10.699371
vertex 4.801891 8.412274 10.699371
vertex 4.822367 8.391521 10.679372
endloop
endfacet
facet normal 0 0 0
outer loop
vertex 4.883794 8.391521 10.679372
vertex 4.863318 8.412274 10.679372
vertex 4.883794 8.412274 10.699371
endloop
endfacet
facet normal 0 0 0
outer loop
vertex 4.883794 8.391521 10.679372
vertex 4.883794 8.412274 10.699371
vertex 4.904270 8.391521 10.699371
endloop
endfacet
facet normal 0 0 0
outer loop
vertex 4.801891 8.433027 10.679372
vertex 4.801891 8.412274 10.699371
vertex 4.801891 8.433027 10.699371
endloop
endfacet
facet normal 0 0 0
outer loop
vertex 4.822367 8.412274 10.679372
vertex 4.801891 8.412274 10.699371
vertex 4.801891 8.433027 10.679372
endloop
endfacet
facet normal 0 0 0
outer loop
vertex 4.883794 8.412274 10.699371
vertex 4.863318 8.433027 10.679372
vertex 4.883794 8.433027 10.699371
endloop
endfacet
facet normal 0 0 0
outer loop
vertex 4.863318 8.412274 10.679372
vertex 4.863318 8.433027 10.679372
vertex 4.883794 8.412274 10.699371
endloop
endfacet
facet normal 0 0 0
outer loop
vertex 4.801891 8.433027 10.679372
vertex 4.781415 8.453781 10.699371
vertex 4.801891 8.453781 10.699371
endloop
endfacet
facet normal 0 0 0
outer loop
vertex 4.801891 8.433027 10.679372
vertex 4.801891 8.433027 10.699371
vertex 4.781415 8.453781 10.699371
endloop
endfacet
facet normal 0 0 0
outer loop
vertex 4.801891 8.433027 10.679372
vertex 4.801891 8.453781 10.699371
vertex 4.822367 8.453781 10.679372
endloop
endfacet
facet normal 0 0 0
outer loop
vertex 4.842843 8.433027 10.679372
vertex 4.822367 8.453781 10.679372
vertex 4.842843 8.453781 10.699371
endloop
endfacet
facet normal 0 0 0
outer loop
vertex 4.842843 8.433027 10.679372
vertex 4.863318 8.453781 10.699371
vertex 4.863318 8.433027 10.679372
endloop
endfacet
facet normal 0 0 0
outer loop
vertex 4.842843 8.453781 10.699371
vertex 4.863318 8.453781 10.699371
vertex 4.842843 8.433027 10.679372
endloop
endfacet
facet normal 0 0 0
outer loop
vertex 4.863318 8.433027 10.679372
vertex 4.863318 8.453781 10.699371
vertex 4.883794 8.433027 10.699371
endloop
endfacet
facet normal 0 0 0
outer loop
vertex 4.863318 8.453781 10.699371
vertex 4.883794 8.453781 10.699371
vertex 4.883794 8.433027 10.699371
endloop
endfacet
facet normal 0 0 0
outer loop
vertex 4.801891 8.453781 10.699371
vertex 4.781415 8.453781 10.699371
vertex 4.801891 8.474534 10.699371
endloop
endfacet
facet normal 0 0 0
outer loop
vertex 4.822367 8.453781 10.679372
vertex 4.801891 8.453781 10.699371
vertex 4.822367 8.474534 10.699371
endloop
endfacet
facet normal 0 0 0
outer loop
vertex 4.801891 8.453781 10.699371
vertex 4.801891 8.474534 10.699371
vertex 4.822367 8.474534 10.699371
endloop
endfacet
facet normal 0 0 0
outer loop
vertex 4.822367 8.453781 10.679372
vertex 4.822367 8.474534 10.699371
vertex 4.842843 8.453781 10.699371
endloop
endfacet
facet normal 0 0 0
outer loop
vertex 4.822367 8.474534 10.699371
vertex 4.842843 8.474534 10.699371
vertex 4.842843 8.453781 10.699371
endloop
endfacet
facet normal 0 0 0
outer loop
vertex 4.863318 8.453781 10.699371
vertex 4.842843 8.453781 10.699371
vertex 4.863318 8.474534 10.699371
endloop
endfacet
facet normal 0 0 0
outer loop
vertex 4.863318 8.474534 10.699371
vertex 4.842843 8.453781 10.699371
vertex 4.842843 8.474534 10.699371
endloop
endfacet
facet normal 0 0 0
outer loop
vertex 4.863318 8.474534 10.699371
vertex 4.883794 8.453781 10.699371
vertex 4.863318 8.453781 10.699371
endloop
endfacet
facet normal 0 0 0
outer loop
vertex 4.801891 8.474534 10.699371
vertex 4.781415 8.474534 10.699371
vertex 4.801891 8.495288 10.699371
endloop
endfacet
facet normal 0 0 0
outer loop
vertex 4.801891 8.495288 10.699371
vertex 4.781415 8.474534 10.699371
vertex 4.781415 8.495288 10.699371
endloop
endfacet
facet normal 0 0 0
outer loop
vertex 4.822367 8.474534 10.699371
vertex 4.801891 8.474534 10.699371
vertex 4.822367 8.495288 10.699371
endloop
endfacet
facet normal 0 0 0
outer loop
vertex 4.822367 8.495288 10.699371
vertex 4.801891 8.474534 10.699371
vertex 4.801891 8.495288 10.699371
endloop
endfacet
facet normal 0 0 0
outer loop
vertex 4.842843 8.474534 10.699371
vertex 4.822367 8.474534 10.699371
vertex 4.842843 8.495288 10.699371
endloop
endfacet
facet normal 0 0 0
outer loop
vertex 4.842843 8.495288 10.699371
vertex 4.822367 8.474534 10.699371
vertex 4.822367 8.495288 10.699371
endloop
endfacet
facet normal 0 0 0
outer loop
vertex 4.863318 8.474534 10.699371
vertex 4.842843 8.474534 10.699371
vertex 4.863318 8.495288 10.699371
endloop
endfacet
facet normal 0 0 0
outer loop
vertex 4.863318 8.495288 10.699371
vertex 4.842843 8.474534 10.699371
vertex 4.842843 8.495288 10.699371
endloop
endfacet
facet normal 0 0 0
outer loop
vertex 4.781415 8.495288 10.699371
vertex 4.801891 8.516041 10.699371
vertex 4.801891 8.495288 10.699371
endloop
endfacet
facet normal 0 0 0
outer loop
vertex 4.822367 8.495288 10.699371
vertex 4.801891 8.495288 10.699371
vertex 4.822367 8.516041 10.699371
endloop
endfacet
facet normal 0 0 0
outer loop
vertex 4.822367 8.516041 10.699371
vertex 4.801891 8.495288 10.699371
vertex 4.801891 8.516041 10.699371
endloop
endfacet
facet normal 0 0 0
outer loop
vertex 4.842843 8.495288 10.699371
vertex 4.822367 8.495288 10.699371
vertex 4.842843 8.516041 10.699371
endloop
endfacet
facet normal 0 0 0
outer loop
vertex 4.842843 8.516041 10.699371
vertex 4.822367 8.495288 10.699371
vertex 4.822367 8.516041 10.699371
endloop
endfacet
facet normal 0 0 0
outer loop
vertex 4.863318 8.495288 10.699371
vertex 4.842843 8.495288 10.699371
vertex 4.863318 8.516041 10.699371
endloop
endfacet
facet normal 0 0 0
outer loop
vertex 4.863318 8.516041 10.699371
vertex 4.842843 8.495288 10.699371
vertex 4.842843 8.516041 10.699371
endloop
endfacet
facet normal 0 0 0
outer loop
vertex 4.822367 8.516041 10.699371
vertex 4.801891 8.516041 10.699371
vertex 4.822367 8.536795 10.699371
endloop
endfacet
facet normal 0 0 0
outer loop
vertex 4.822367 8.536795 10.699371
vertex 4.801891 8.516041 10.699371
vertex 4.801891 8.536795 10.699371
endloop
endfacet
facet normal 0 0 0
outer loop
vertex 4.842843 8.516041 10.699371
vertex 4.822367 8.516041 10.699371
vertex 4.842843 8.536795 10.699371
endloop
endfacet
facet normal 0 0 0
outer loop
vertex 4.842843 8.536795 10.699371
vertex 4.822367 8.516041 10.699371
vertex 4.822367 8.536795 10.699371
endloop
endfacet
facet normal 0 0 0
outer loop
vertex 4.842843 8.536795 10.699371
vertex 4.863318 8.516041 10.699371
vertex 4.842843 8.516041 10.699371
endloop
endfacet
facet normal 0 0 0
outer loop
vertex 4.822367 8.329261 10.699371
vertex 4.842843 8.308508 10.699371
vertex 4.842843 8.329261 10.699371
endloop
endfacet
facet normal 0 0 0
outer loop
vertex 4.863318 8.308508 10.699371
vertex 4.863318 8.329261 10.699371
vertex 4.842843 8.308508 10.699371
endloop
endfacet
facet normal 0 0 0
outer loop
vertex 4.863318 8.329261 10.699371
vertex 4.842843 8.329261 10.699371
vertex 4.842843 8.308508 10.699371
endloop
endfacet
facet normal 0 0 0
outer loop
vertex 4.883794 8.308508 10.699371
vertex 4.883794 8.329261 10.699371
vertex 4.863318 8.308508 10.699371
endloop
endfacet
facet normal 0 0 0
outer loop
vertex 4.883794 8.329261 10.699371
vertex 4.863318 8.329261 10.699371
vertex 4.863318 8.308508 10.699371
endloop
endfacet
facet normal 0 0 0
outer loop
vertex 4.883794 8.308508 10.699371
vertex 4.904270 8.329261 10.699371
vertex 4.883794 8.329261 10.699371
endloop
endfacet
facet normal 0 0 0
outer loop
vertex 4.801891 8.350015 10.699371
vertex 4.822367 8.329261 10.699371
vertex 4.822367 8.350015 10.699371
endloop
endfacet
facet normal 0 0 0
outer loop
vertex 4.842843 8.329261 10.699371
vertex 4.842843 8.350015 10.699371
vertex 4.822367 8.329261 10.699371
endloop
endfacet
facet normal 0 0 0
outer loop
vertex 4.842843 8.350015 10.699371
vertex 4.822367 8.350015 10.699371
vertex 4.822367 8.329261 10.699371
endloop
endfacet
facet normal 0 0 0
outer loop
vertex 4.863318 8.329261 10.699371
vertex 4.863318 8.350015 10.699371
vertex 4.842843 8.329261 10.699371
endloop
endfacet
facet normal 0 0 0
outer loop
vertex 4.863318 8.350015 10.699371
vertex 4.842843 8.350015 10.699371
vertex 4.842843 8.329261 10.699371
endloop
endfacet
facet normal 0 0 0
outer loop
vertex 4.883794 8.329261 10.699371
vertex 4.883794 8.350015 10.699371
vertex 4.863318 8.329261 10.699371
endloop
endfacet
facet normal 0 0 0
outer loop
vertex 4.883794 8.350015 10.699371
vertex 4.863318 8.350015 10.699371
vertex 4.863318 8.329261 10.699371
endloop
endfacet
facet normal 0 0 0
outer loop
vertex 4.904270 8.329261 10.699371
vertex 4.904270 8.350015 10.699371
vertex 4.883794 8.329261 10.699371
endloop
endfacet
facet normal 0 0 0
outer loop
vertex 4.904270 8.350015 10.699371
vertex 4.883794 8.350015 10.699371
vertex 4.883794 8.329261 10.699371
endloop
endfacet
facet normal 0 0 0
outer loop
vertex 4.822367 8.350015 10.699371
vertex 4.822367 8.370768 10.699371
vertex 4.801891 8.350015 10.699371
endloop
endfacet
facet normal 0 0 0
outer loop
vertex 4.822367 8.370768 10.699371
vertex 4.801891 8.370768 10.699371
vertex 4.801891 8.350015 10.699371
endloop
endfacet
facet normal 0 0 0
outer loop
vertex 4.842843 8.370768 10.719372
vertex 4.822367 8.370768 10.699371
vertex 4.842843 8.350015 10.699371
endloop
endfacet
facet normal 0 0 0
outer loop
vertex 4.822367 8.370768 10.699371
vertex 4.822367 8.350015 10.699371
vertex 4.842843 8.350015 10.699371
endloop
endfacet
facet normal 0 0 0
outer loop
vertex 4.863318 8.350015 10.699371
vertex 4.842843 8.370768 10.719372
vertex 4.842843 8.350015 10.699371
endloop
endfacet
facet normal 0 0 0
outer loop
vertex 4.863318 8.370768 10.719372
vertex 4.842843 8.370768 10.719372
vertex 4.863318 8.350015 10.699371
endloop
endfacet
facet normal 0 0 0
outer loop
vertex 4.883794 8.350015 10.699371
vertex 4.863318 8.370768 10.719372
vertex 4.863318 8.350015 10.699371
endloop
endfacet
facet normal 0 0 0
outer loop
vertex 4.883794 8.370768 10.719372
vertex 4.863318 8.370768 10.719372
vertex 4.883794 8.350015 10.699371
endloop
endfacet
facet normal 0 0 0
outer loop
vertex 4.904270 8.350015 10.699371
vertex 4.883794 8.370768 10.719372
vertex 4.883794 8.350015 10.699371
endloop
endfacet
facet normal 0 0 0
outer loop
vertex 4.904270 8.370768 10.719372
vertex 4.883794 8.370768 10.719372
vertex 4.904270 8.350015 10.699371
endloop
endfacet
facet normal 0 0 0
outer loop
vertex 4.904270 8.370768 10.719372
vertex 4.904270 8.350015 10.699371
vertex 4.904270 8.370768 10.699371
endloop
endfacet
facet normal 0 0 0
outer loop
vertex 4.822367 8.370768 10.699371
vertex 4.822367 8.391521 10.699371
vertex 4.801891 8.370768 10.699371
endloop
endfacet
facet normal 0 0 0
outer loop
vertex 4.822367 8.391521 10.699371
vertex 4.801891 8.391521 10.699371
vertex 4.801891 8.370768 10.699371
endloop
endfacet
facet normal 0 0 0
outer loop
vertex 4.842843 8.391521 10.719372
vertex 4.822367 8.370768 10.699371
vertex 4.842843 8.370768 10.719372
endloop
endfacet
facet normal 0 0 0
outer loop
vertex 4.822367 8.391521 10.699371
vertex 4.822367 8.370768 10.699371
vertex 4.842843 8.391521 10.719372
endloop
endfacet
facet normal 0 0 0
outer loop
vertex 4.904270 8.370768 10.699371
vertex 4.904270 8.391521 10.699371
vertex 4.904270 8.370768 10.719372
endloop
endfacet
facet normal 0 0 0
outer loop
vertex 4.904270 8.370768 10.719372
vertex 4.904270 8.391521 10.699371
vertex 4.904270 8.391521 10.719372
endloop
endfacet
facet normal 0 0 0
outer loop
vertex 4.822367 8.412274 10.719372
vertex 4.801891 8.412274 10.699371
vertex 4.822367 8.391521 10.699371
endloop
endfacet
facet normal 0 0 0
outer loop
vertex 4.801891 8.412274 10.699371
vertex 4.801891 8.391521 10.699371
vertex 4.822367 8.391521 10.699371
endloop
endfacet
facet normal 0 0 0
outer loop
vertex 4.842843 8.391521 10.719372
vertex 4.822367 8.412274 10.719372
vertex 4.822367 8.391521 10.699371
endloop
endfacet
facet normal 0 0 0
outer loop
vertex 4.904270 8.391521 10.699371
vertex 4.883794 8.412274 10.699371
vertex 4.904270 8.412274 10.719372
endloop
endfacet
facet normal 0 0 0
outer loop
vertex 4.904270 8.391521 10.699371
vertex 4.904270 8.412274 10.719372
vertex 4.904270 8.391521 10.719372
endloop
endfacet
facet normal 0 0 0
outer loop
vertex 4.822367 8.433027 10.719372
vertex 4.801891 8.412274 10.699371
vertex 4.822367 8.412274 10.719372
endloop
endfacet
facet normal 0 0 0
outer loop
vertex 4.801891 8.433027 10.699371
vertex 4.801891 8.412274 10.699371
vertex 4.822367 8.433027 10.719372
endloop
endfacet
facet normal 0 0 0
outer loop
vertex 4.904270 8.412274 10.719372
vertex 4.883794 8.412274 10.699371
vertex 4.883794 8.433027 10.719372
endloop
endfacet
facet normal 0 0 0
outer loop
vertex 4.883794 8.412274 10.699371
vertex 4.883794 8.433027 10.699371
vertex 4.883794 8.433027 10.719372
endloop
endfacet
facet normal 0 0 0
outer loop
vertex 4.801891 8.433027 10.699371
vertex 4.801891 8.453781 10.719372
vertex 4.781415 8.453781 10.699371
endloop
endfacet
facet normal 0 0 0
outer loop
vertex 4.822367 8.433027 10.719372
vertex 4.801891 8.453781 10.719372
vertex 4.801891 8.433027 10.699371
endloop
endfacet
facet normal 0 0 0
outer loop
vertex 4.883794 8.433027 10.699371
vertex 4.883794 8.453781 10.699371
vertex 4.883794 8.433027 10.719372
endloop
endfacet
facet normal 0 0 0
outer loop
vertex 4.883794 8.433027 10.719372
vertex 4.883794 8.453781 10.699371
vertex 4.883794 8.453781 10.719372
endloop
endfacet
facet normal 0 0 0
outer loop
vertex 4.801891 8.453781 10.719372
vertex 4.801891 8.474534 10.699371
vertex 4.781415 8.453781 10.699371
endloop
endfacet
facet normal 0 0 0
outer loop
vertex 4.801891 8.474534 10.699371
vertex 4.781415 8.474534 10.699371
vertex 4.781415 8.453781 10.699371
endloop
endfacet
facet normal 0 0 0
outer loop
vertex 4.801891 8.453781 10.719372
vertex 4.822367 8.474534 10.719372
vertex 4.801891 8.474534 10.699371
endloop
endfacet
facet normal 0 0 0
outer loop
vertex 4.883794 8.453781 10.699371
vertex 4.863318 8.474534 10.699371
vertex 4.883794 8.474534 10.719372
endloop
endfacet
facet normal 0 0 0
outer loop
vertex 4.883794 8.453781 10.699371
vertex 4.883794 8.474534 10.719372
vertex 4.883794 8.453781 10.719372
endloop
endfacet
facet normal 0 0 0
outer loop
vertex 4.801891 8.495288 10.719372
vertex 4.781415 8.495288 10.699371
vertex 4.801891 8.474534 10.699371
endloop
endfacet
facet normal 0 0 0
outer loop
vertex 4.781415 8.495288 10.699371
vertex 4.781415 8.474534 10.699371
vertex 4.801891 8.474534 10.699371
endloop
endfacet
facet normal 0 0 0
outer loop
vertex 4.822367 8.474534 10.719372
vertex 4.801891 8.495288 10.719372
vertex 4.801891 8.474534 10.699371
endloop
endfacet
facet normal 0 0 0
outer loop
vertex 4.883794 8.474534 10.719372
vertex 4.863318 8.495288 10.699371
vertex 4.883794 8.495288 10.719372
endloop
endfacet
facet normal 0 0 0
outer loop
vertex 4.863318 8.474534 10.699371
vertex 4.863318 8.495288 10.699371
vertex 4.883794 8.474534 10.719372
endloop
endfacet
facet normal 0 0 0
outer loop
vertex 4.781415 8.495288 10.699371
vertex 4.801891 8.495288 10.719372
vertex 4.801891 8.516041 10.699371
endloop
endfacet
facet normal 0 0 0
outer loop
vertex 4.801891 8.495288 10.719372
vertex 4.801891 8.516041 10.719372
vertex 4.801891 8.516041 10.699371
endloop
endfacet
facet normal 0 0 0
outer loop
vertex 4.883794 8.495288 10.719372
vertex 4.863318 8.495288 10.699371
vertex 4.863318 8.516041 10.719372
endloop
endfacet
facet normal 0 0 0
outer loop
vertex 4.863318 8.495288 10.699371
vertex 4.863318 8.516041 10.699371
vertex 4.863318 8.516041 10.719372
endloop
endfacet
facet normal 0 0 0
outer loop
vertex 4.801891 8.516041 10.699371
vertex 4.801891 8.516041 10.719372
vertex 4.801891 8.536795 10.699371
endloop
endfacet
facet normal 0 0 0
outer loop
vertex 4.801891 8.516041 10.719372
vertex 4.801891 8.536795 10.719372
vertex 4.801891 8.536795 10.699371
endloop
endfacet
facet normal 0 0 0
outer loop
vertex 4.863318 8.516041 10.699371
vertex 4.842843 8.536795 10.699371
vertex 4.863318 8.536795 10.719372
endloop
endfacet
facet normal 0 0 0
outer loop
vertex 4.863318 8.516041 10.699371
vertex 4.863318 8.536795 10.719372
vertex 4.863318 8.516041 10.719372
endloop
endfacet
facet normal 0 0 0
outer loop
vertex 4.801891 8.557548 10.719372
vertex 4.801891 8.536795 10.699371
vertex 4.801891 8.536795 10.719372
endloop
endfacet
facet normal 0 0 0
outer loop
vertex 4.801891 8.536795 10.699371
vertex 4.822367 8.557548 10.719372
vertex 4.822367 8.536795 10.699371
endloop
endfacet
facet normal 0 0 0
outer loop
vertex 4.801891 8.557548 10.719372
vertex 4.822367 8.557548 10.719372
vertex 4.801891 8.536795 10.699371
endloop
endfacet
facet normal 0 0 0
outer loop
vertex 4.822367 8.536795 10.699371
vertex 4.842843 8.557548 10.719372
vertex 4.842843 8.536795 10.699371
endloop
endfacet
facet normal 0 0 0
outer loop
vertex 4.822367 8.557548 10.719372
vertex 4.842843 8.557548 10.719372
vertex 4.822367 8.536795 10.699371
endloop
endfacet
facet normal 0 0 0
outer loop
vertex 4.842843 8.536795 10.699371
vertex 4.842843 8.557548 10.719372
vertex 4.863318 8.536795 10.719372
endloop
endfacet
facet normal 0 0 0
outer loop
vertex 4.842843 8.557548 10.719372
vertex 4.863318 8.557548 10.719372
vertex 4.863318 8.536795 10.719372
endloop
endfacet
facet normal 0 0 0
outer loop
vertex 4.822367 8.557548 10.719372
vertex 4.801891 8.557548 10.719372
vertex 4.822367 8.578300 10.719372
endloop
endfacet
facet normal 0 0 0
outer loop
vertex 4.822367 8.578300 10.719372
vertex 4.801891 8.557548 10.719372
vertex 4.801891 8.578300 10.719372
endloop
endfacet
facet normal 0 0 0
outer loop
vertex 4.842843 8.557548 10.719372
vertex 4.822367 8.557548 10.719372
vertex 4.842843 8.578300 10.719372
endloop
endfacet
facet normal 0 0 0
outer loop
vertex 4.842843 8.578300 10.719372
vertex 4.822367 8.557548 10.719372
vertex 4.822367 8.578300 10.719372
endloop
endfacet
facet normal 0 0 0
outer loop
vertex 4.863318 8.557548 10.719372
vertex 4.842843 8.557548 10.719372
vertex 4.863318 8.578300 10.719372
endloop
endfacet
facet normal 0 0 0
outer loop
vertex 4.863318 8.578300 10.719372
vertex 4.842843 8.557548 10.719372
vertex 4.842843 8.578300 10.719372
endloop
endfacet
facet normal 0 0 0
outer loop
vertex 4.822367 8.578300 10.719372
vertex 4.801891 8.578300 10.719372
vertex 4.822367 8.599054 10.719372
endloop
endfacet
facet normal 0 0 0
outer loop
vertex 4.822367 8.599054 10.719372
vertex 4.801891 8.578300 10.719372
vertex 4.801891 8.599054 10.719372
endloop
endfacet
facet normal 0 0 0
outer loop
vertex 4.842843 8.578300 10.719372
vertex 4.822367 8.578300 10.719372
vertex 4.842843 8.599054 10.719372
endloop
endfacet
facet normal 0 0 0
outer loop
vertex 4.842843 8.599054 10.719372
vertex 4.822367 8.578300 10.719372
vertex 4.822367 8.599054 10.719372
endloop
endfacet
facet normal 0 0 0
outer loop
vertex 4.842843 8.599054 10.719372
vertex 4.863318 8.578300 10.719372
vertex 4.842843 8.578300 10.719372
endloop
endfacet
facet normal 0 0 0
outer loop
vertex 4.822367 8.599054 10.719372
vertex 4.801891 8.599054 10.719372
vertex 4.822367 8.619807 10.719372
endloop
endfacet
facet normal 0 0 0
outer loop
vertex 4.822367 8.619807 10.719372
vertex 4.801891 8.599054 10.719372
vertex 4.801891 8.619807 10.719372
endloop
endfacet
facet normal 0 0 0
outer loop
vertex 4.842843 8.599054 10.719372
vertex 4.822367 8.599054 10.719372
vertex 4.842843 8.619807 10.719372
endloop
endfacet
facet normal 0 0 0
outer loop
vertex 4.842843 8.619807 10.719372
vertex 4.822367 8.599054 10.719372
vertex 4.822367 8.619807 10.719372
endloop
endfacet
facet normal 0 0 0
outer loop
vertex 4.822367 8.619807 10.719372
vertex 4.801891 8.619807 10.719372
vertex 4.822367 8.640561 10.719372
endloop
endfacet
facet normal 0 0 0
outer loop
vertex 4.822367 8.640561 10.719372
vertex 4.801891 8.619807 10.719372
vertex 4.801891 8.640561 10.719372
endloop
endfacet
facet normal 0 0 0
outer loop
vertex 4.822367 8.640561 10.719372
vertex 4.842843 8.619807 10.719372
vertex 4.822367 8.619807 10.719372
endloop
endfacet
facet normal 0 0 0
outer loop
vertex 4.801891 8.661314 10.719372
vertex 4.822367 8.640561 10.719372
vertex 4.801891 8.640561 10.719372
endloop
endfacet
facet normal 0 0 0
outer loop
vertex 4.863318 8.391521 10.739372
vertex 4.842843 8.391521 10.719372
vertex 4.863318 8.370768 10.719372
endloop
endfacet
facet normal 0 0 0
outer loop
vertex 4.842843 8.391521 10.719372
vertex 4.842843 8.370768 10.719372
vertex 4.863318 8.370768 10.719372
endloop
endfacet
facet normal 0 0 0
outer loop
vertex 4.863318 8.391521 10.739372
vertex 4.863318 8.370768 10.719372
vertex 4.883794 8.391521 10.719372
endloop
endfacet
facet normal 0 0 0
outer loop
vertex 4.863318 8.370768 10.719372
vertex 4.883794 8.370768 10.719372
vertex 4.883794 8.391521 10.719372
endloop
endfacet
facet normal 0 0 0
outer loop
vertex 4.904270 8.370768 10.719372
vertex 4.904270 8.391521 10.719372
vertex 4.883794 8.370768 10.719372
endloop
endfacet
facet normal 0 0 0
outer loop
vertex 4.904270 8.391521 10.719372
vertex 4.883794 8.391521 10.719372
vertex 4.883794 8.370768 10.719372
endloop
endfacet
facet normal 0 0 0
outer loop
vertex 4.842843 8.391521 10.719372
vertex 4.842843 8.412274 10.739372
vertex 4.822367 8.412274 10.719372
endloop
endfacet
facet normal 0 0 0
outer loop
vertex 4.863318 8.391521 10.739372
vertex 4.842843 8.412274 10.739372
vertex 4.842843 8.391521 10.719372
endloop
endfacet
facet normal 0 0 0
outer loop
vertex 4.883794 8.391521 10.719372
vertex 4.883794 8.412274 10.739372
vertex 4.863318 8.391521 10.739372
endloop
endfacet
facet normal 0 0 0
outer loop
vertex 4.883794 8.412274 10.739372
vertex 4.883794 8.391521 10.719372
vertex 4.904270 8.412274 10.719372
endloop
endfacet
facet normal 0 0 0
outer loop
vertex 4.883794 8.391521 10.719372
vertex 4.904270 8.391521 10.719372
vertex 4.904270 8.412274 10.719372
endloop
endfacet
facet normal 0 0 0
outer loop
vertex 4.842843 8.433027 10.739372
vertex 4.822367 8.412274 10.719372
vertex 4.842843 8.412274 10.739372
endloop
endfacet
facet normal 0 0 0
outer loop
vertex 4.822367 8.433027 10.719372
vertex 4.822367 8.412274 10.719372
vertex 4.842843 8.433027 10.739372
endloop
endfacet
facet normal 0 0 0
outer loop
vertex 4.904270 8.433027 10.739372
vertex 4.883794 8.412274 10.739372
vertex 4.883794 8.433027 10.719372
endloop
endfacet
facet normal 0 0 0
outer loop
vertex 4.904270 8.412274 10.719372
vertex 4.883794 8.433027 10.719372
vertex 4.883794 8.412274 10.739372
endloop
endfacet
facet normal 0 0 0
outer loop
vertex 4.801891 8.453781 10.719372
vertex 4.822367 8.433027 10.719372
vertex 4.822367 8.453781 10.719372
endloop
endfacet
facet normal 0 0 0
outer loop
vertex 4.842843 8.453781 10.739372
vertex 4.822367 8.433027 10.719372
vertex 4.842843 8.433027 10.739372
endloop
endfacet
facet normal 0 0 0
outer loop
vertex 4.822367 8.453781 10.719372
vertex 4.822367 8.433027 10.719372
vertex 4.842843 8.453781 10.739372
endloop
endfacet
facet normal 0 0 0
outer loop
vertex 4.904270 8.433027 10.739372
vertex 4.883794 8.453781 10.719372
vertex 4.904270 8.453781 10.739372
endloop
endfacet
facet normal 0 0 0
outer loop
vertex 4.883794 8.433027 10.719372
vertex 4.883794 8.453781 10.719372
vertex 4.904270 8.433027 10.739372
endloop
endfacet
facet normal 0 0 0
outer loop
vertex 4.822367 8.474534 10.739372
vertex 4.801891 8.453781 10.719372
vertex 4.822367 8.453781 10.719372
endloop
endfacet
facet normal 0 0 0
outer loop
vertex 4.822367 8.474534 10.739372
vertex 4.822367 8.474534 10.719372
vertex 4.801891 8.453781 10.719372
endloop
endfacet
facet normal 0 0 0
outer loop
vertex 4.842843 8.453781 10.739372
vertex 4.822367 8.474534 10.739372
vertex 4.822367 8.453781 10.719372
endloop
endfacet
facet normal 0 0 0
outer loop
vertex 4.904270 8.453781 10.739372
vertex 4.883794 8.474534 10.719372
vertex 4.904270 8.474534 10.739372
endloop
endfacet
facet normal 0 0 0
outer loop
vertex 4.883794 8.453781 10.719372
vertex 4.883794 8.474534 10.719372
vertex 4.904270 8.453781 10.739372
endloop
endfacet
facet normal 0 0 0
outer loop
vertex 4.822367 8.474534 10.739372
vertex 4.801891 8.495288 10.719372
vertex 4.822367 8.474534 10.719372
endloop
endfacet
facet normal 0 0 0
outer loop
vertex 4.801891 8.495288 10.739372
vertex 4.801891 8.495288 10.719372
vertex 4.822367 8.474534 10.739372
endloop
endfacet
facet normal 0 0 0
outer loop
vertex 4.904270 8.474534 10.739372
vertex 4.883794 8.495288 10.719372
vertex 4.904270 8.495288 10.739372
endloop
endfacet
facet normal 0 0 0
outer loop
vertex 4.883794 8.474534 10.719372
vertex 4.883794 8.495288 10.719372
vertex 4.904270 8.474534 10.739372
endloop
endfacet
facet normal 0 0 0
outer loop
vertex 4.801891 8.495288 10.739372
vertex 4.801891 8.516041 10.719372
vertex 4.801891 8.495288 10.719372
endloop
endfacet
facet normal 0 0 0
outer loop
vertex 4.801891 8.495288 10.739372
vertex 4.822367 8.516041 10.739372
vertex 4.801891 8.516041 10.719372
endloop
endfacet
facet normal 0 0 0
outer loop
vertex 4.883794 8.495288 10.719372
vertex 4.863318 8.516041 10.719372
vertex 4.883794 8.516041 10.739372
endloop
endfacet
facet normal 0 0 0
outer loop
vertex 4.883794 8.495288 10.719372
vertex 4.883794 8.516041 10.739372
vertex 4.904270 8.495288 10.739372
endloop
endfacet
facet normal 0 0 0
outer loop
vertex 4.801891 8.516041 10.719372
vertex 4.801891 8.536795 10.739372
vertex 4.801891 8.536795 10.719372
endloop
endfacet
facet normal 0 0 0
outer loop
vertex 4.822367 8.516041 10.739372
vertex 4.801891 8.536795 10.739372
vertex 4.801891 8.516041 10.719372
endloop
endfacet
facet normal 0 0 0
outer loop
vertex 4.883794 8.516041 10.739372
vertex 4.863318 8.536795 10.719372
vertex 4.883794 8.536795 10.739372
endloop
endfacet
facet normal 0 0 0
outer loop
vertex 4.863318 8.516041 10.719372
vertex 4.863318 8.536795 10.719372
vertex 4.883794 8.516041 10.739372
endloop
endfacet
facet normal 0 0 0
outer loop
vertex 4.801891 8.536795 10.719372
vertex 4.801891 8.536795 10.739372
vertex 4.801891 8.557548 10.719372
endloop
endfacet
facet normal 0 0 0
outer loop
vertex 4.801891 8.536795 10.739372
vertex 4.801891 8.557548 10.739372
vertex 4.801891 8.557548 10.719372
endloop
endfacet
facet normal 0 0 0
outer loop
vertex 4.883794 8.536795 10.739372
vertex 4.863318 8.557548 10.719372
vertex 4.883794 8.557548 10.739372
endloop
endfacet
facet normal 0 0 0
outer loop
vertex 4.863318 8.536795 10.719372
vertex 4.863318 8.557548 10.719372
vertex 4.883794 8.536795 10.739372
endloop
endfacet
facet normal 0 0 0
outer loop
vertex 4.801891 8.557548 10.719372
vertex 4.801891 8.557548 10.739372
vertex 4.801891 8.578300 10.719372
endloop
endfacet
facet normal 0 0 0
outer loop
vertex 4.801891 8.557548 10.739372
vertex 4.801891 8.578300 10.739372
vertex 4.801891 8.578300 10.719372
endloop
endfacet
facet normal 0 0 0
outer loop
vertex 4.883794 8.557548 10.739372
vertex 4.863318 8.578300 10.719372
vertex 4.883794 8.578300 10.739372
endloop
endfacet
facet normal 0 0 0
outer loop
vertex 4.863318 8.557548 10.719372
vertex 4.863318 8.578300 10.719372
vertex 4.883794 8.557548 10.739372
endloop
endfacet
facet normal 0 0 0
outer loop
vertex 4.781415 8.599054 10.739372
vertex 4.801891 8.599054 10.719372
vertex 4.801891 8.578300 10.739372
endloop
endfacet
facet normal 0 0 0
outer loop
vertex 4.801891 8.599054 10.719372
vertex 4.801891 8.578300 10.719372
vertex 4.801891 8.578300 10.739372
endloop
endfacet
facet normal 0 0 0
outer loop
vertex 4.863318 8.578300 10.719372
vertex 4.842843 8.599054 10.719372
vertex 4.863318 8.599054 10.739372
endloop
endfacet
facet normal 0 0 0
outer loop
vertex 4.863318 8.578300 10.719372
vertex 4.863318 8.599054 10.739372
vertex 4.883794 8.578300 10.739372
endloop
endfacet
facet normal 0 0 0
outer loop
vertex 4.781415 8.599054 10.739372
vertex 4.801891 8.619807 10.739372
vertex 4.801891 8.599054 10.719372
endloop
endfacet
facet normal 0 0 0
outer loop
vertex 4.801891 8.619807 10.739372
vertex 4.801891 8.619807 10.719372
vertex 4.801891 8.599054 10.719372
endloop
endfacet
facet normal 0 0 0
outer loop
vertex 4.863318 8.599054 10.739372
vertex 4.842843 8.619807 10.719372
vertex 4.863318 8.619807 10.739372
endloop
endfacet
facet normal 0 0 0
outer loop
vertex 4.842843 8.599054 10.719372
vertex 4.842843 8.619807 10.719372
vertex 4.863318 8.599054 10.739372
endloop
endfacet
facet normal 0 0 0
outer loop
vertex 4.781415 8.640561 10.739372
vertex 4.801891 8.640561 10.719372
vertex 4.801891 8.619807 10.739372
endloop
endfacet
facet normal 0 0 0
outer loop
vertex 4.801891 8.640561 10.719372
vertex 4.801891 8.619807 10.719372
vertex 4.801891 8.619807 10.739372
endloop
endfacet
facet normal 0 0 0
outer loop
vertex 4.842843 8.619807 10.719372
vertex 4.822367 8.640561 10.719372
vertex 4.842843 8.640561 10.739372
endloop
endfacet
facet normal 0 0 0
outer loop
vertex 4.842843 8.619807 10.719372
vertex 4.842843 8.640561 10.739372
vertex 4.863318 8.619807 10.739372
endloop
endfacet
facet normal 0 0 0
outer loop
vertex 4.842843 8.640561 10.739372
vertex 4.863318 8.640561 10.739372
vertex 4.863318 8.619807 10.739372
endloop
endfacet
facet normal 0 0 0
outer loop
vertex 4.781415 8.640561 10.739372
vertex 4.801891 8.661314 10.739372
vertex 4.801891 8.640561 10.719372
endloop
endfacet
facet normal 0 0 0
outer loop
vertex 4.801891 8.661314 10.739372
vertex 4.801891 8.661314 10.719372
vertex 4.801891 8.640561 10.719372
endloop
endfacet
facet normal 0 0 0
outer loop
vertex 4.822367 8.640561 10.719372
vertex 4.801891 8.661314 10.719372
vertex 4.822367 8.661314 10.739372
endloop
endfacet
facet normal 0 0 0
outer loop
vertex 4.822367 8.640561 10.719372
vertex 4.822367 8.661314 10.739372
vertex 4.842843 8.640561 10.739372
endloop
endfacet
facet normal 0 0 0
outer loop
vertex 4.822367 8.661314 10.739372
vertex 4.842843 8.661314 10.739372
vertex 4.842843 8.640561 10.739372
endloop
endfacet
facet normal 0 0 0
outer loop
vertex 4.842843 8.661314 10.739372
vertex 4.863318 8.640561 10.739372
vertex 4.842843 8.640561 10.739372
endloop
endfacet
facet normal 0 0 0
outer loop
vertex 4.801891 8.661314 10.719372
vertex 4.781415 8.682068 10.739372
vertex 4.801891 8.682068 10.739372
endloop
endfacet
facet normal 0 0 0
outer loop
vertex 4.801891 8.661314 10.719372
vertex 4.801891 8.661314 10.739372
vertex 4.781415 8.682068 10.739372
endloop
endfacet
facet normal 0 0 0
outer loop
vertex 4.801891 8.661314 10.719372
vertex 4.801891 8.682068 10.739372
vertex 4.822367 8.661314 10.739372
endloop
endfacet
facet normal 0 0 0
outer loop
vertex 4.801891 8.682068 10.739372
vertex 4.822367 8.682068 10.739372
vertex 4.822367 8.661314 10.739372
endloop
endfacet
facet normal 0 0 0
outer loop
vertex 4.842843 8.661314 10.739372
vertex 4.822367 8.661314 10.739372
vertex 4.842843 8.682068 10.739372
endloop
endfacet
facet normal 0 0 0
outer loop
vertex 4.842843 8.682068 10.739372
vertex 4.822367 8.661314 10.739372
vertex 4.822367 8.682068 10.739372
endloop
endfacet
facet normal 0 0 0
outer loop
vertex 4.781415 8.682068 10.739372
vertex 4.801891 8.702821 10.739372
vertex 4.801891 8.682068 10.739372
endloop
endfacet
facet normal 0 0 0
outer loop
vertex 4.822367 8.682068 10.739372
vertex 4.801891 8.682068 10.739372
vertex 4.822367 8.702821 10.739372
endloop
endfacet
facet normal 0 0 0
outer loop
vertex 4.822367 8.702821 10.739372
vertex 4.801891 8.682068 10.739372
vertex 4.801891 8.702821 10.739372
endloop
endfacet
facet normal 0 0 0
outer loop
vertex 4.822367 8.702821 10.739372
vertex 4.842843 8.682068 10.739372
vertex 4.822367 8.682068 10.739372
endloop
endfacet
facet normal 0 0 0
outer loop
vertex 4.801891 8.723575 10.739372
vertex 4.822367 8.702821 10.739372
vertex 4.801891 8.702821 10.739372
endloop
endfacet
facet normal 0 0 0
outer loop
vertex 4.842843 8.412274 10.739372
vertex 4.863318 8.391521 10.739372
vertex 4.863318 8.412274 10.739372
endloop
endfacet
facet normal 0 0 0
outer loop
vertex 4.863318 8.391521 10.739372
vertex 4.883794 8.412274 10.739372
vertex 4.863318 8.412274 10.739372
endloop
endfacet
facet normal 0 0 0
outer loop
vertex 4.863318 8.412274 10.739372
vertex 4.863318 8.433027 10.739372
vertex 4.842843 8.412274 10.739372
endloop
endfacet
facet normal 0 0 0
outer loop
vertex 4.863318 8.433027 10.739372
vertex 4.842843 8.433027 10.739372
vertex 4.842843 8.412274 10.739372
endloop
endfacet
facet normal 0 0 0
outer loop
vertex 4.883794 8.412274 10.739372
vertex 4.883794 8.433027 10.739372
vertex 4.863318 8.412274 10.739372
endloop
endfacet
facet normal 0 0 0
outer loop
vertex 4.883794 8.433027 10.739372
vertex 4.863318 8.433027 10.739372
vertex 4.863318 8.412274 10.739372
endloop
endfacet
facet normal 0 0 0
outer loop
vertex 4.883794 8.412274 10.739372
vertex 4.904270 8.433027 10.739372
vertex 4.883794 8.433027 10.739372
endloop
endfacet
facet normal 0 0 0
outer loop
vertex 4.863318 8.433027 10.739372
vertex 4.863318 8.453781 10.739372
vertex 4.842843 8.433027 10.739372
endloop
endfacet
facet normal 0 0 0
outer loop
vertex 4.863318 8.453781 10.739372
vertex 4.842843 8.453781 10.739372
vertex 4.842843 8.433027 10.739372
endloop
endfacet
facet normal 0 0 0
outer loop
vertex 4.883794 8.453781 10.759372
vertex 4.863318 8.453781 10.739372
vertex 4.883794 8.433027 10.739372
endloop
endfacet
facet normal 0 0 0
outer loop
vertex 4.863318 8.453781 10.739372
vertex 4.863318 8.433027 10.739372
vertex 4.883794 8.433027 10.739372
endloop
endfacet
facet normal 0 0 0
outer loop
vertex 4.883794 8.453781 10.759372
vertex 4.883794 8.433027 10.739372
vertex 4.904270 8.453781 10.739372
endloop
endfacet
facet normal 0 0 0
outer loop
vertex 4.883794 8.433027 10.739372
vertex 4.904270 8.433027 10.739372
vertex 4.904270 8.453781 10.739372
endloop
endfacet
facet normal 0 0 0
outer loop
vertex 4.822367 8.474534 10.739372
vertex 4.842843 8.453781 10.739372
vertex 4.842843 8.474534 10.739372
endloop
endfacet
facet normal 0 0 0
outer loop
vertex 4.863318 8.474534 10.759372
vertex 4.842843 8.474534 10.739372
vertex 4.863318 8.453781 10.739372
endloop
endfacet
facet normal 0 0 0
outer loop
vertex 4.842843 8.474534 10.739372
vertex 4.842843 8.453781 10.739372
vertex 4.863318 8.453781 10.739372
endloop
endfacet
facet normal 0 0 0
outer loop
vertex 4.883794 8.453781 10.759372
vertex 4.863318 8.474534 10.759372
vertex 4.863318 8.453781 10.739372
endloop
endfacet
facet normal 0 0 0
outer loop
vertex 4.904270 8.474534 10.739372
vertex 4.883794 8.453781 10.759372
vertex 4.904270 8.453781 10.739372
endloop
endfacet
facet normal 0 0 0
outer loop
vertex 4.883794 8.474534 10.759372
vertex 4.883794 8.453781 10.759372
vertex 4.904270 8.474534 10.739372
endloop
endfacet
facet normal 0 0 0
outer loop
vertex 4.801891 8.495288 10.739372
vertex 4.822367 8.474534 10.739372
vertex 4.822367 8.495288 10.739372
endloop
endfacet
facet normal 0 0 0
outer loop
vertex 4.842843 8.495288 10.759372
vertex 4.822367 8.495288 10.739372
vertex 4.842843 8.474534 10.739372
endloop
endfacet
facet normal 0 0 0
outer loop
vertex 4.822367 8.495288 10.739372
vertex 4.822367 8.474534 10.739372
vertex 4.842843 8.474534 10.739372
endloop
endfacet
facet normal 0 0 0
outer loop
vertex 4.863318 8.474534 10.759372
vertex 4.842843 8.495288 10.759372
vertex 4.842843 8.474534 10.739372
endloop
endfacet
facet normal 0 0 0
outer loop
vertex 4.904270 8.474534 10.739372
vertex 4.904270 8.495288 10.759372
vertex 4.883794 8.474534 10.759372
endloop
endfacet
facet normal 0 0 0
outer loop
vertex 4.904270 8.495288 10.759372
vertex 4.904270 8.474534 10.739372
vertex 4.904270 8.495288 10.739372
endloop
endfacet
facet normal 0 0 0
outer loop
vertex 4.822367 8.516041 10.759372
vertex 4.801891 8.495288 10.739372
vertex 4.822367 8.495288 10.739372
endloop
endfacet
facet normal 0 0 0
outer loop
vertex 4.822367 8.516041 10.759372
vertex 4.822367 8.516041 10.739372
vertex 4.801891 8.495288 10.739372
endloop
endfacet
facet normal 0 0 0
outer loop
vertex 4.842843 8.495288 10.759372
vertex 4.822367 8.516041 10.759372
vertex 4.822367 8.495288 10.739372
endloop
endfacet
facet normal 0 0 0
outer loop
vertex 4.904270 8.495288 10.739372
vertex 4.883794 8.516041 10.739372
vertex 4.904270 8.516041 10.759372
endloop
endfacet
facet normal 0 0 0
outer loop
vertex 4.904270 8.495288 10.739372
vertex 4.904270 8.516041 10.759372
vertex 4.904270 8.495288 10.759372
endloop
endfacet
facet normal 0 0 0
outer loop
vertex 4.801891 8.536795 10.739372
vertex 4.822367 8.516041 10.739372
vertex 4.822367 8.536795 10.759372
endloop
endfacet
facet normal 0 0 0
outer loop
vertex 4.822367 8.516041 10.739372
vertex 4.822367 8.516041 10.759372
vertex 4.822367 8.536795 10.759372
endloop
endfacet
facet normal 0 0 0
outer loop
vertex 4.904270 8.516041 10.759372
vertex 4.883794 8.536795 10.739372
vertex 4.904270 8.536795 10.759372
endloop
endfacet
facet normal 0 0 0
outer loop
vertex 4.883794 8.516041 10.739372
vertex 4.883794 8.536795 10.739372
vertex 4.904270 8.516041 10.759372
endloop
endfacet
facet normal 0 0 0
outer loop
vertex 4.822367 8.557548 10.759372
vertex 4.801891 8.536795 10.739372
vertex 4.822367 8.536795 10.759372
endloop
endfacet
facet normal 0 0 0
outer loop
vertex 4.801891 8.557548 10.739372
vertex 4.801891 8.536795 10.739372
vertex 4.822367 8.557548 10.759372
endloop
endfacet
facet normal 0 0 0
outer loop
vertex 4.904270 8.536795 10.759372
vertex 4.883794 8.557548 10.739372
vertex 4.904270 8.557548 10.759372
endloop
endfacet
facet normal 0 0 0
outer loop
vertex 4.883794 8.536795 10.739372
vertex 4.883794 8.557548 10.739372
vertex 4.904270 8.536795 10.759372
endloop
endfacet
facet normal 0 0 0
outer loop
vertex 4.801891 8.557548 10.739372
vertex 4.801891 8.578300 10.759372
vertex 4.801891 8.578300 10.739372
endloop
endfacet
facet normal 0 0 0
outer loop
vertex 4.822367 8.557548 10.759372
vertex 4.801891 8.578300 10.759372
vertex 4.801891 8.557548 10.739372
endloop
endfacet
facet normal 0 0 0
outer loop
vertex 4.904270 8.557548 10.759372
vertex 4.883794 8.578300 10.739372
vertex 4.904270 8.578300 10.759372
endloop
endfacet
facet normal 0 0 0
outer loop
vertex 4.883794 8.557548 10.739372
vertex 4.883794 8.578300 10.739372
vertex 4.904270 8.557548 10.759372
endloop
endfacet
facet normal 0 0 0
outer loop
vertex 4.781415 8.599054 10.739372
vertex 4.801891 8.578300 10.739372
vertex 4.801891 8.599054 10.759372
endloop
endfacet
facet normal 0 0 0
outer loop
vertex 4.801891 8.578300 10.739372
vertex 4.801891 8.578300 10.759372
vertex 4.801891 8.599054 10.759372
endloop
endfacet
facet normal 0 0 0
outer loop
vertex 4.883794 8.578300 10.739372
vertex 4.863318 8.599054 10.739372
vertex 4.883794 8.599054 10.759372
endloop
endfacet
facet normal 0 0 0
outer loop
vertex 4.883794 8.578300 10.739372
vertex 4.883794 8.599054 10.759372
vertex 4.904270 8.578300 10.759372
endloop
endfacet
facet normal 0 0 0
outer loop
vertex 4.883794 8.599054 10.759372
vertex 4.904270 8.599054 10.759372
vertex 4.904270 8.578300 10.759372
endloop
endfacet
facet normal 0 0 0
outer loop
vertex 4.781415 8.599054 10.739372
vertex 4.801891 8.599054 10.759372
vertex 4.801891 8.619807 10.739372
endloop
endfacet
facet normal 0 0 0
outer loop
vertex 4.801891 8.599054 10.759372
vertex 4.801891 8.619807 10.759372
vertex 4.801891 8.619807 10.739372
endloop
endfacet
facet normal 0 0 0
outer loop
vertex 4.883794 8.599054 10.759372
vertex 4.863318 8.619807 10.739372
vertex 4.883794 8.619807 10.759372
endloop
endfacet
facet normal 0 0 0
outer loop
vertex 4.863318 8.599054 10.739372
vertex 4.863318 8.619807 10.739372
vertex 4.883794 8.599054 10.759372
endloop
endfacet
facet normal 0 0 0
outer loop
vertex 4.904270 8.599054 10.759372
vertex 4.883794 8.599054 10.759372
vertex 4.904270 8.619807 10.759372
endloop
endfacet
facet normal 0 0 0
outer loop
vertex 4.904270 8.619807 10.759372
vertex 4.883794 8.599054 10.759372
vertex 4.883794 8.619807 10.759372
endloop
endfacet
facet normal 0 0 0
outer loop
vertex 4.781415 8.640561 10.739372
vertex 4.801891 8.619807 10.739372
vertex 4.801891 8.640561 10.759372
endloop
endfacet
facet normal 0 0 0
outer loop
vertex 4.801891 8.619807 10.739372
vertex 4.801891 8.619807 10.759372
vertex 4.801891 8.640561 10.759372
endloop
endfacet
facet normal 0 0 0
outer loop
vertex 4.883794 8.619807 10.759372
vertex 4.863318 8.640561 10.739372
vertex 4.883794 8.640561 10.759372
endloop
endfacet
facet normal 0 0 0
outer loop
vertex 4.863318 8.619807 10.739372
vertex 4.863318 8.640561 10.739372
vertex 4.883794 8.619807 10.759372
endloop
endfacet
facet normal 0 0 0
outer loop
vertex 4.883794 8.640561 10.759372
vertex 4.904270 8.619807 10.759372
vertex 4.883794 8.619807 10.759372
endloop
endfacet
facet normal 0 0 0
outer loop
vertex 4.781415 8.640561 10.739372
vertex 4.801891 8.640561 10.759372
vertex 4.801891 8.661314 10.739372
endloop
endfacet
facet normal 0 0 0
outer loop
vertex 4.801891 8.640561 10.759372
vertex 4.801891 8.661314 10.759372
vertex 4.801891 8.661314 10.739372
endloop
endfacet
facet normal 0 0 0
outer loop
vertex 4.863318 8.640561 10.739372
vertex 4.842843 8.661314 10.739372
vertex 4.863318 8.661314 10.759372
endloop
endfacet
facet normal 0 0 0
outer loop
vertex 4.863318 8.640561 10.739372
vertex 4.863318 8.661314 10.759372
vertex 4.883794 8.640561 10.759372
endloop
endfacet
facet normal 0 0 0
outer loop
vertex 4.863318 8.661314 10.759372
vertex 4.883794 8.661314 10.759372
vertex 4.883794 8.640561 10.759372
endloop
endfacet
facet normal 0 0 0
outer loop
vertex 4.781415 8.682068 10.739372
vertex 4.801891 8.661314 10.739372
vertex 4.801891 8.682068 10.759372
endloop
endfacet
facet normal 0 0 0
outer loop
vertex 4.801891 8.661314 10.739372
vertex 4.801891 8.661314 10.759372
vertex 4.801891 8.682068 10.759372
endloop
endfacet
facet normal 0 0 0
outer loop
vertex 4.863318 8.661314 10.759372
vertex 4.842843 8.682068 10.739372
vertex 4.863318 8.682068 10.759372
endloop
endfacet
facet normal 0 0 0
outer loop
vertex 4.842843 8.661314 10.739372
vertex 4.842843 8.682068 10.739372
vertex 4.863318 8.661314 10.759372
endloop
endfacet
facet normal 0 0 0
outer loop
vertex 4.883794 8.661314 10.759372
vertex 4.863318 8.661314 10.759372
vertex 4.883794 8.682068 10.759372
endloop
endfacet
facet normal 0 0 0
outer loop
vertex 4.883794 8.682068 10.759372
vertex 4.863318 8.661314 10.759372
vertex 4.863318 8.682068 10.759372
endloop
endfacet
facet normal 0 0 0
outer loop
vertex 4.781415 8.682068 10.739372
vertex 4.801891 8.682068 10.759372
vertex 4.801891 8.702821 10.739372
endloop
endfacet
facet normal 0 0 0
outer loop
vertex 4.801891 8.682068 10.759372
vertex 4.801891 8.702821 10.759372
vertex 4.801891 8.702821 10.739372
endloop
endfacet
facet normal 0 0 0
outer loop
vertex 4.842843 8.682068 10.739372
vertex 4.822367 8.702821 10.739372
vertex 4.842843 8.702821 10.759372
endloop
endfacet
facet normal 0 0 0
outer loop
vertex 4.842843 8.682068 10.739372
vertex 4.842843 8.702821 10.759372
vertex 4.863318 8.682068 10.759372
endloop
endfacet
facet normal 0 0 0
outer loop
vertex 4.842843 8.702821 10.759372
vertex 4.863318 8.702821 10.759372
vertex 4.863318 8.682068 10.759372
endloop
endfacet
facet normal 0 0 0
outer loop
vertex 4.883794 8.682068 10.759372
vertex 4.863318 8.682068 10.759372
vertex 4.883794 8.702821 10.759372
endloop
endfacet
facet normal 0 0 0
outer loop
vertex 4.883794 8.702821 10.759372
vertex 4.863318 8.682068 10.759372
vertex 4.863318 8.702821 10.759372
endloop
endfacet
facet normal 0 0 0
outer loop
vertex 4.781415 8.723575 10.759372
vertex 4.801891 8.723575 10.739372
vertex 4.801891 8.702821 10.759372
endloop
endfacet
facet normal 0 0 0
outer loop
vertex 4.801891 8.723575 10.739372
vertex 4.801891 8.702821 10.739372
vertex 4.801891 8.702821 10.759372
endloop
endfacet
facet normal 0 0 0
outer loop
vertex 4.822367 8.702821 10.739372
vertex 4.801891 8.723575 10.739372
vertex 4.822367 8.723575 10.759372
endloop
endfacet
facet normal 0 0 0
outer loop
vertex 4.822367 8.702821 10.739372
vertex 4.822367 8.723575 10.759372
vertex 4.842843 8.702821 10.759372
endloop
endfacet
facet normal 0 0 0
outer loop
vertex 4.822367 8.723575 10.759372
vertex 4.842843 8.723575 10.759372
vertex 4.842843 8.702821 10.759372
endloop
endfacet
facet normal 0 0 0
outer loop
vertex 4.863318 8.702821 10.759372
vertex 4.842843 8.702821 10.759372
vertex 4.863318 8.723575 10.759372
endloop
endfacet
facet normal 0 0 0
outer loop
vertex 4.863318 8.723575 10.759372
vertex 4.842843 8.702821 10.759372
vertex 4.842843 8.723575 10.759372
endloop
endfacet
facet normal 0 0 0
outer loop
vertex 4.863318 8.723575 10.759372
vertex 4.883794 8.702821 10.759372
vertex 4.863318 8.702821 10.759372
endloop
endfacet
facet normal 0 0 0
outer loop
vertex 4.801891 8.723575 10.739372
vertex 4.781415 8.723575 10.759372
vertex 4.801891 8.744328 10.759372
endloop
endfacet
facet normal 0 0 0
outer loop
vertex 4.801891 8.723575 10.739372
vertex 4.801891 8.744328 10.759372
vertex 4.822367 8.723575 10.759372
endloop
endfacet
facet normal 0 0 0
outer loop
vertex 4.801891 8.744328 10.759372
vertex 4.822367 8.744328 10.759372
vertex 4.822367 8.723575 10.759372
endloop
endfacet
facet normal 0 0 0
outer loop
vertex 4.842843 8.723575 10.759372
vertex 4.822367 8.723575 10.759372
vertex 4.842843 8.744328 10.759372
endloop
endfacet
facet normal 0 0 0
outer loop
vertex 4.842843 8.744328 10.759372
vertex 4.822367 8.723575 10.759372
vertex 4.822367 8.744328 10.759372
endloop
endfacet
facet normal 0 0 0
outer loop
vertex 4.863318 8.723575 10.759372
vertex 4.842843 8.723575 10.759372
vertex 4.863318 8.744328 10.759372
endloop
endfacet
facet normal 0 0 0
outer loop
vertex 4.863318 8.744328 10.759372
vertex 4.842843 8.723575 10.759372
vertex 4.842843 8.744328 10.759372
endloop
endfacet
facet normal 0 0 0
outer loop
vertex 4.822367 8.744328 10.759372
vertex 4.801891 8.744328 10.759372
vertex 4.822367 8.765080 10.759372
endloop
endfacet
facet normal 0 0 0
outer loop
vertex 4.822367 8.765080 10.759372
vertex 4.801891 8.744328 10.759372
vertex 4.801891 8.765080 10.759372
endloop
endfacet
facet normal 0 0 0
outer loop
vertex 4.842843 8.744328 10.759372
vertex 4.822367 8.744328 10.759372
vertex 4.842843 8.765080 10.759372
endloop
endfacet
facet normal 0 0 0
outer loop
vertex 4.842843 8.765080 10.759372
vertex 4.822367 8.744328 10.759372
vertex 4.822367 8.765080 10.759372
endloop
endfacet
facet normal 0 0 0
outer loop
vertex 4.842843 8.765080 10.759372
vertex 4.863318 8.744328 10.759372
vertex 4.842843 8.744328 10.759372
endloop
endfacet
facet normal 0 0 0
outer loop
vertex 4.822367 8.765080 10.759372
vertex 4.801891 8.765080 10.759372
vertex 4.822367 8.785834 10.759372
endloop
endfacet
facet normal 0 0 0
outer loop
vertex 4.822367 8.785834 10.759372
vertex 4.801891 8.765080 10.759372
vertex 4.801891 8.785834 10.759372
endloop
endfacet
facet normal 0 0 0
outer loop
vertex 4.842843 8.765080 10.759372
vertex 4.822367 8.765080 10.759372
vertex 4.842843 8.785834 10.759372
endloop
endfacet
facet normal 0 0 0
outer loop
vertex 4.842843 8.785834 10.759372
vertex 4.822367 8.765080 10.759372
vertex 4.822367 8.785834 10.759372
endloop
endfacet
facet normal 0 0 0
outer loop
vertex 4.822367 8.785834 10.759372
vertex 4.801891 8.785834 10.759372
vertex 4.822367 8.806587 10.759372
endloop
endfacet
facet normal 0 0 0
outer loop
vertex 4.822367 8.806587 10.759372
vertex 4.801891 8.785834 10.759372
vertex 4.801891 8.806587 10.759372
endloop
endfacet
facet normal 0 0 0
outer loop
vertex 4.822367 8.806587 10.759372
vertex 4.842843 8.785834 10.759372
vertex 4.822367 8.785834 10.759372
endloop
endfacet
facet normal 0 0 0
outer loop
vertex 4.863318 8.474534 10.759372
vertex 4.883794 8.453781 10.759372
vertex 4.883794 8.474534 10.759372
endloop
endfacet
facet normal 0 0 0
outer loop
vertex 4.842843 8.495288 10.759372
vertex 4.863318 8.474534 10.759372
vertex 4.863318 8.495288 10.759372
endloop
endfacet
facet normal 0 0 0
outer loop
vertex 4.883794 8.474534 10.759372
vertex 4.883794 8.495288 10.759372
vertex 4.863318 8.474534 10.759372
endloop
endfacet
facet normal 0 0 0
outer loop
vertex 4.883794 8.495288 10.759372
vertex 4.863318 8.495288 10.759372
vertex 4.863318 8.474534 10.759372
endloop
endfacet
facet normal 0 0 0
outer loop
vertex 4.883794 8.474534 10.759372
vertex 4.904270 8.495288 10.759372
vertex 4.883794 8.495288 10.759372
endloop
endfacet
facet normal 0 0 0
outer loop
vertex 4.822367 8.516041 10.759372
vertex 4.842843 8.495288 10.759372
vertex 4.842843 8.516041 10.759372
endloop
endfacet
facet normal 0 0 0
outer loop
vertex 4.863318 8.495288 10.759372
vertex 4.863318 8.516041 10.759372
vertex 4.842843 8.495288 10.759372
endloop
endfacet
facet normal 0 0 0
outer loop
vertex 4.863318 8.516041 10.759372
vertex 4.842843 8.516041 10.759372
vertex 4.842843 8.495288 10.759372
endloop
endfacet
facet normal 0 0 0
outer loop
vertex 4.883794 8.495288 10.759372
vertex 4.883794 8.516041 10.759372
vertex 4.863318 8.495288 10.759372
endloop
endfacet
facet normal 0 0 0
outer loop
vertex 4.883794 8.516041 10.759372
vertex 4.863318 8.516041 10.759372
vertex 4.863318 8.495288 10.759372
endloop
endfacet
facet normal 0 0 0
outer loop
vertex 4.904270 8.495288 10.759372
vertex 4.904270 8.516041 10.759372
vertex 4.883794 8.495288 10.759372
endloop
endfacet
facet normal 0 0 0
outer loop
vertex 4.904270 8.516041 10.759372
vertex 4.883794 8.516041 10.759372
vertex 4.883794 8.495288 10.759372
endloop
endfacet
facet normal 0 0 0
outer loop
vertex 4.842843 8.536795 10.779372
vertex 4.822367 8.536795 10.759372
vertex 4.842843 8.516041 10.759372
endloop
endfacet
facet normal 0 0 0
outer loop
vertex 4.822367 8.536795 10.759372
vertex 4.822367 8.516041 10.759372
vertex 4.842843 8.516041 10.759372
endloop
endfacet
facet normal 0 0 0
outer loop
vertex 4.863318 8.516041 10.759372
vertex 4.842843 8.536795 10.779372
vertex 4.842843 8.516041 10.759372
endloop
endfacet
facet normal 0 0 0
outer loop
vertex 4.863318 8.536795 10.779372
vertex 4.842843 8.536795 10.779372
vertex 4.863318 8.516041 10.759372
endloop
endfacet
facet normal 0 0 0
outer loop
vertex 4.883794 8.516041 10.759372
vertex 4.863318 8.536795 10.779372
vertex 4.863318 8.516041 10.759372
endloop
endfacet
facet normal 0 0 0
outer loop
vertex 4.883794 8.536795 10.779372
vertex 4.863318 8.536795 10.779372
vertex 4.883794 8.516041 10.759372
endloop
endfacet
facet normal 0 0 0
outer loop
vertex 4.883794 8.536795 10.779372
vertex 4.883794 8.516041 10.759372
vertex 4.904270 8.536795 10.759372
endloop
endfacet
facet normal 0 0 0
outer loop
vertex 4.883794 8.516041 10.759372
vertex 4.904270 8.516041 10.759372
vertex 4.904270 8.536795 10.759372
endloop
endfacet
facet normal 0 0 0
outer loop
vertex 4.822367 8.536795 10.759372
vertex 4.822367 8.557548 10.779372
vertex 4.822367 8.557548 10.759372
endloop
endfacet
facet normal 0 0 0
outer loop
vertex 4.842843 8.536795 10.779372
vertex 4.822367 8.557548 10.779372
vertex 4.822367 8.536795 10.759372
endloop
endfacet
facet normal 0 0 0
outer loop
vertex 4.904270 8.557548 10.759372
vertex 4.883794 8.536795 10.779372
vertex 4.904270 8.536795 10.759372
endloop
endfacet
facet normal 0 0 0
outer loop
vertex 4.883794 8.557548 10.779372
vertex 4.883794 8.536795 10.779372
vertex 4.904270 8.557548 10.759372
endloop
endfacet
facet normal 0 0 0
outer loop
vertex 4.801891 8.578300 10.759372
vertex 4.822367 8.557548 10.759372
vertex 4.822367 8.578300 10.779372
endloop
endfacet
facet normal 0 0 0
outer loop
vertex 4.822367 8.557548 10.759372
vertex 4.822367 8.557548 10.779372
vertex 4.822367 8.578300 10.779372
endloop
endfacet
facet normal 0 0 0
outer loop
vertex 4.904270 8.557548 10.759372
vertex 4.904270 8.578300 10.779372
vertex 4.883794 8.557548 10.779372
endloop
endfacet
facet normal 0 0 0
outer loop
vertex 4.904270 8.578300 10.779372
vertex 4.904270 8.557548 10.759372
vertex 4.904270 8.578300 10.759372
endloop
endfacet
facet normal 0 0 0
outer loop
vertex 4.822367 8.599054 10.779372
vertex 4.801891 8.578300 10.759372
vertex 4.822367 8.578300 10.779372
endloop
endfacet
facet normal 0 0 0
outer loop
vertex 4.801891 8.599054 10.759372
vertex 4.801891 8.578300 10.759372
vertex 4.822367 8.599054 10.779372
endloop
endfacet
facet normal 0 0 0
outer loop
vertex 4.904270 8.599054 10.759372
vertex 4.883794 8.599054 10.779372
vertex 4.904270 8.578300 10.779372
endloop
endfacet
facet normal 0 0 0
outer loop
vertex 4.904270 8.599054 10.759372
vertex 4.904270 8.578300 10.779372
vertex 4.904270 8.578300 10.759372
endloop
endfacet
facet normal 0 0 0
outer loop
vertex 4.822367 8.619807 10.779372
vertex 4.801891 8.599054 10.759372
vertex 4.822367 8.599054 10.779372
endloop
endfacet
facet normal 0 0 0
outer loop
vertex 4.801891 8.619807 10.759372
vertex 4.801891 8.599054 10.759372
vertex 4.822367 8.619807 10.779372
endloop
endfacet
facet normal 0 0 0
outer loop
vertex 4.904270 8.619807 10.759372
vertex 4.883794 8.599054 10.779372
vertex 4.904270 8.599054 10.759372
endloop
endfacet
facet normal 0 0 0
outer loop
vertex 4.883794 8.619807 10.779372
vertex 4.883794 8.599054 10.779372
vertex 4.904270 8.619807 10.759372
endloop
endfacet
facet normal 0 0 0
outer loop
vertex 4.801891 8.619807 10.759372
vertex 4.801891 8.640561 10.779372
vertex 4.801891 8.640561 10.759372
endloop
endfacet
facet normal 0 0 0
outer loop
vertex 4.822367 8.619807 10.779372
vertex 4.801891 8.640561 10.779372
vertex 4.801891 8.619807 10.759372
endloop
endfacet
facet normal 0 0 0
outer loop
vertex 4.904270 8.619807 10.759372
vertex 4.883794 8.640561 10.759372
vertex 4.883794 8.619807 10.779372
endloop
endfacet
facet normal 0 0 0
outer loop
vertex 4.883794 8.640561 10.759372
vertex 4.883794 8.640561 10.779372
vertex 4.883794 8.619807 10.779372
endloop
endfacet
facet normal 0 0 0
outer loop
vertex 4.801891 8.640561 10.779372
vertex 4.801891 8.661314 10.759372
vertex 4.801891 8.640561 10.759372
endloop
endfacet
facet normal 0 0 0
outer loop
vertex 4.801891 8.640561 10.779372
vertex 4.822367 8.661314 10.779372
vertex 4.801891 8.661314 10.759372
endloop
endfacet
facet normal 0 0 0
outer loop
vertex 4.883794 8.640561 10.759372
vertex 4.883794 8.661314 10.759372
vertex 4.883794 8.640561 10.779372
endloop
endfacet
facet normal 0 0 0
outer loop
vertex 4.883794 8.640561 10.779372
vertex 4.883794 8.661314 10.759372
vertex 4.883794 8.661314 10.779372
endloop
endfacet
facet normal 0 0 0
outer loop
vertex 4.801891 8.661314 10.759372
vertex 4.801891 8.682068 10.779372
vertex 4.801891 8.682068 10.759372
endloop
endfacet
facet normal 0 0 0
outer loop
vertex 4.822367 8.661314 10.779372
vertex 4.801891 8.682068 10.779372
vertex 4.801891 8.661314 10.759372
endloop
endfacet
facet normal 0 0 0
outer loop
vertex 4.883794 8.661314 10.759372
vertex 4.883794 8.682068 10.759372
vertex 4.883794 8.661314 10.779372
endloop
endfacet
facet normal 0 0 0
outer loop
vertex 4.883794 8.661314 10.779372
vertex 4.883794 8.682068 10.759372
vertex 4.883794 8.682068 10.779372
endloop
endfacet
facet normal 0 0 0
outer loop
vertex 4.801891 8.682068 10.759372
vertex 4.801891 8.682068 10.779372
vertex 4.801891 8.702821 10.759372
endloop
endfacet
facet normal 0 0 0
outer loop
vertex 4.801891 8.682068 10.779372
vertex 4.801891 8.702821 10.779372
vertex 4.801891 8.702821 10.759372
endloop
endfacet
facet normal 0 0 0
outer loop
vertex 4.883794 8.682068 10.759372
vertex 4.883794 8.702821 10.759372
vertex 4.883794 8.682068 10.779372
endloop
endfacet
facet normal 0 0 0
outer loop
vertex 4.883794 8.682068 10.779372
vertex 4.883794 8.702821 10.759372
vertex 4.883794 8.702821 10.779372
endloop
endfacet
facet normal 0 0 0
outer loop
vertex 4.781415 8.723575 10.759372
vertex 4.801891 8.702821 10.759372
vertex 4.801891 8.723575 10.779372
endloop
endfacet
facet normal 0 0 0
outer loop
vertex 4.801891 8.702821 10.759372
vertex 4.801891 8.702821 10.779372
vertex 4.801891 8.723575 10.779372
endloop
endfacet
facet normal 0 0 0
outer loop
vertex 4.883794 8.702821 10.759372
vertex 4.863318 8.723575 10.759372
vertex 4.883794 8.723575 10.779372
endloop
endfacet
facet normal 0 0 0
outer loop
vertex 4.883794 8.702821 10.759372
vertex 4.883794 8.723575 10.779372
vertex 4.883794 8.702821 10.779372
endloop
endfacet
facet normal 0 0 0
outer loop
vertex 4.781415 8.723575 10.759372
vertex 4.801891 8.723575 10.779372
vertex 4.801891 8.744328 10.759372
endloop
endfacet
facet normal 0 0 0
outer loop
vertex 4.801891 8.723575 10.779372
vertex 4.801891 8.744328 10.779372
vertex 4.801891 8.744328 10.759372
endloop
endfacet
facet normal 0 0 0
outer loop
vertex 4.883794 8.723575 10.779372
vertex 4.863318 8.744328 10.759372
vertex 4.883794 8.744328 10.779372
endloop
endfacet
facet normal 0 0 0
outer loop
vertex 4.863318 8.723575 10.759372
vertex 4.863318 8.744328 10.759372
vertex 4.883794 8.723575 10.779372
endloop
endfacet
facet normal 0 0 0
outer loop
vertex 4.801891 8.744328 10.759372
vertex 4.801891 8.744328 10.779372
vertex 4.801891 8.765080 10.759372
endloop
endfacet
facet normal 0 0 0
outer loop
vertex 4.801891 8.744328 10.779372
vertex 4.801891 8.765080 10.779372
vertex 4.801891 8.765080 10.759372
endloop
endfacet
facet normal 0 0 0
outer loop
vertex 4.863318 8.744328 10.759372
vertex 4.842843 8.765080 10.759372
vertex 4.863318 8.765080 10.779372
endloop
endfacet
facet normal 0 0 0
outer loop
vertex 4.863318 8.744328 10.759372
vertex 4.863318 8.765080 10.779372
vertex 4.883794 8.744328 10.779372
endloop
endfacet
facet normal 0 0 0
outer loop
vertex 4.801891 8.765080 10.759372
vertex 4.801891 8.765080 10.779372
vertex 4.801891 8.785834 10.759372
endloop
endfacet
facet normal 0 0 0
outer loop
vertex 4.801891 8.765080 10.779372
vertex 4.801891 8.785834 10.779372
vertex 4.801891 8.785834 10.759372
endloop
endfacet
facet normal 0 0 0
outer loop
vertex 4.863318 8.765080 10.779372
vertex 4.842843 8.785834 10.759372
vertex 4.863318 8.785834 10.779372
endloop
endfacet
facet normal 0 0 0
outer loop
vertex 4.842843 8.765080 10.759372
vertex 4.842843 8.785834 10.759372
vertex 4.863318 8.765080 10.779372
endloop
endfacet
facet normal 0 0 0
outer loop
vertex 4.781415 8.806587 10.779372
vertex 4.801891 8.806587 10.759372
vertex 4.801891 8.785834 10.779372
endloop
endfacet
facet normal 0 0 0
outer loop
vertex 4.801891 8.806587 10.759372
vertex 4.801891 8.785834 10.759372
vertex 4.801891 8.785834 10.779372
endloop
endfacet
facet normal 0 0 0
outer loop
vertex 4.842843 8.785834 10.759372
vertex 4.822367 8.806587 10.759372
vertex 4.842843 8.806587 10.779372
endloop
endfacet
facet normal 0 0 0
outer loop
vertex 4.842843 8.785834 10.759372
vertex 4.842843 8.806587 10.779372
vertex 4.863318 8.785834 10.779372
endloop
endfacet
facet normal 0 0 0
outer loop
vertex 4.801891 8.806587 10.759372
vertex 4.781415 8.806587 10.779372
vertex 4.801891 8.827341 10.779372
endloop
endfacet
facet normal 0 0 0
outer loop
vertex 4.801891 8.806587 10.759372
vertex 4.822367 8.827341 10.779372
vertex 4.822367 8.806587 10.759372
endloop
endfacet
facet normal 0 0 0
outer loop
vertex 4.801891 8.827341 10.779372
vertex 4.822367 8.827341 10.779372
vertex 4.801891 8.806587 10.759372
endloop
endfacet
facet normal 0 0 0
outer loop
vertex 4.822367 8.806587 10.759372
vertex 4.822367 8.827341 10.779372
vertex 4.842843 8.806587 10.779372
endloop
endfacet
facet normal 0 0 0
outer loop
vertex 4.822367 8.827341 10.779372
vertex 4.842843 8.827341 10.779372
vertex 4.842843 8.806587 10.779372
endloop
endfacet
facet normal 0 0 0
outer loop
vertex 4.822367 8.827341 10.779372
vertex 4.801891 8.827341 10.779372
vertex 4.822367 8.848094 10.779372
endloop
endfacet
facet normal 0 0 0
outer loop
vertex 4.822367 8.848094 10.779372
vertex 4.801891 8.827341 10.779372
vertex 4.801891 8.848094 10.779372
endloop
endfacet
facet normal 0 0 0
outer loop
vertex 4.822367 8.848094 10.779372
vertex 4.842843 8.827341 10.779372
vertex 4.822367 8.827341 10.779372
endloop
endfacet
facet normal 0 0 0
outer loop
vertex 4.801891 8.848094 10.779372
vertex 4.781415 8.868848 10.779372
vertex 4.801891 8.868848 10.779372
endloop
endfacet
facet normal 0 0 0
outer loop
vertex 4.801891 8.868848 10.779372
vertex 4.822367 8.848094 10.779372
vertex 4.801891 8.848094 10.779372
endloop
endfacet
facet normal 0 0 0
outer loop
vertex 4.822367 8.557548 10.779372
vertex 4.842843 8.536795 10.779372
vertex 4.842843 8.557548 10.779372
endloop
endfacet
facet normal 0 0 0
outer loop
vertex 4.863318 8.536795 10.779372
vertex 4.863318 8.557548 10.779372
vertex 4.842843 8.536795 10.779372
endloop
endfacet
facet normal 0 0 0
outer loop
vertex 4.863318 8.557548 10.779372
vertex 4.842843 8.557548 10.779372
vertex 4.842843 8.536795 10.779372
endloop
endfacet
facet normal 0 0 0
outer loop
vertex 4.883794 8.536795 10.779372
vertex 4.883794 8.557548 10.779372
vertex 4.863318 8.536795 10.779372
endloop
endfacet
facet normal 0 0 0
outer loop
vertex 4.883794 8.557548 10.779372
vertex 4.863318 8.557548 10.779372
vertex 4.863318 8.536795 10.779372
endloop
endfacet
facet normal 0 0 0
outer loop
vertex 4.842843 8.557548 10.779372
vertex 4.842843 8.578300 10.779372
vertex 4.822367 8.557548 10.779372
endloop
endfacet
facet normal 0 0 0
outer loop
vertex 4.842843 8.578300 10.779372
vertex 4.822367 8.578300 10.779372
vertex 4.822367 8.557548 10.779372
endloop
endfacet
facet normal 0 0 0
outer loop
vertex 4.863318 8.557548 10.779372
vertex 4.863318 8.578300 10.779372
vertex 4.842843 8.557548 10.779372
endloop
endfacet
facet normal 0 0 0
outer loop
vertex 4.863318 8.578300 10.779372
vertex 4.842843 8.578300 10.779372
vertex 4.842843 8.557548 10.779372
endloop
endfacet
facet normal 0 0 0
outer loop
vertex 4.883794 8.557548 10.779372
vertex 4.883794 8.578300 10.779372
vertex 4.863318 8.557548 10.779372
endloop
endfacet
facet normal 0 0 0
outer loop
vertex 4.883794 8.578300 10.779372
vertex 4.863318 8.578300 10.779372
vertex 4.863318 8.557548 10.779372
endloop
endfacet
facet normal 0 0 0
outer loop
vertex 4.883794 8.557548 10.779372
vertex 4.904270 8.578300 10.779372
vertex 4.883794 8.578300 10.779372
endloop
endfacet
facet normal 0 0 0
outer loop
vertex 4.842843 8.578300 10.779372
vertex 4.842843 8.599054 10.779372
vertex 4.822367 8.578300 10.779372
endloop
endfacet
facet normal 0 0 0
outer loop
vertex 4.842843 8.599054 10.779372
vertex 4.822367 8.599054 10.779372
vertex 4.822367 8.578300 10.779372
endloop
endfacet
facet normal 0 0 0
outer loop
vertex 4.863318 8.578300 10.779372
vertex 4.863318 8.599054 10.779372
vertex 4.842843 8.578300 10.779372
endloop
endfacet
facet normal 0 0 0
outer loop
vertex 4.863318 8.599054 10.779372
vertex 4.842843 8.599054 10.779372
vertex 4.842843 8.578300 10.779372
endloop
endfacet
facet normal 0 0 0
outer loop
vertex 4.883794 8.578300 10.779372
vertex 4.883794 8.599054 10.779372
vertex 4.863318 8.578300 10.779372
endloop
endfacet
facet normal 0 0 0
outer loop
vertex 4.883794 8.599054 10.779372
vertex 4.863318 8.599054 10.779372
vertex 4.863318 8.578300 10.779372
endloop
endfacet
facet normal 0 0 0
outer loop
vertex 4.904270 8.578300 10.779372
vertex 4.883794 8.599054 10.779372
vertex 4.883794 8.578300 10.779372
endloop
endfacet
facet normal 0 0 0
outer loop
vertex 4.842843 8.599054 10.779372
vertex 4.842843 8.619807 10.779372
vertex 4.822367 8.599054 10.779372
endloop
endfacet
facet normal 0 0 0
outer loop
vertex 4.842843 8.619807 10.779372
vertex 4.822367 8.619807 10.779372
vertex 4.822367 8.599054 10.779372
endloop
endfacet
facet normal 0 0 0
outer loop
vertex 4.863318 8.599054 10.779372
vertex 4.863318 8.619807 10.779372
vertex 4.842843 8.599054 10.779372
endloop
endfacet
facet normal 0 0 0
outer loop
vertex 4.863318 8.619807 10.779372
vertex 4.842843 8.619807 10.779372
vertex 4.842843 8.599054 10.779372
endloop
endfacet
facet normal 0 0 0
outer loop
vertex 4.883794 8.599054 10.779372
vertex 4.883794 8.619807 10.779372
vertex 4.863318 8.599054 10.779372
endloop
endfacet
facet normal 0 0 0
outer loop
vertex 4.883794 8.619807 10.779372
vertex 4.863318 8.619807 10.779372
vertex 4.863318 8.599054 10.779372
endloop
endfacet
facet normal 0 0 0
outer loop
vertex 4.801891 8.640561 10.779372
vertex 4.822367 8.619807 10.779372
vertex 4.822367 8.640561 10.779372
endloop
endfacet
facet normal 0 0 0
outer loop
vertex 4.842843 8.619807 10.779372
vertex 4.842843 8.640561 10.779372
vertex 4.822367 8.619807 10.779372
endloop
endfacet
facet normal 0 0 0
outer loop
vertex 4.842843 8.640561 10.779372
vertex 4.822367 8.640561 10.779372
vertex 4.822367 8.619807 10.779372
endloop
endfacet
facet normal 0 0 0
outer loop
vertex 4.863318 8.619807 10.779372
vertex 4.863318 8.640561 10.779372
vertex 4.842843 8.619807 10.779372
endloop
endfacet
facet normal 0 0 0
outer loop
vertex 4.863318 8.640561 10.779372
vertex 4.842843 8.640561 10.779372
vertex 4.842843 8.619807 10.779372
endloop
endfacet
facet normal 0 0 0
outer loop
vertex 4.883794 8.619807 10.779372
vertex 4.883794 8.640561 10.779372
vertex 4.863318 8.619807 10.779372
endloop
endfacet
facet normal 0 0 0
outer loop
vertex 4.883794 8.640561 10.779372
vertex 4.863318 8.640561 10.779372
vertex 4.863318 8.619807 10.779372
endloop
endfacet
facet normal 0 0 0
outer loop
vertex 4.822367 8.661314 10.779372
vertex 4.801891 8.640561 10.779372
vertex 4.822367 8.640561 10.779372
endloop
endfacet
facet normal 0 0 0
outer loop
vertex 4.842843 8.661314 10.799372
vertex 4.822367 8.661314 10.779372
vertex 4.842843 8.640561 10.779372
endloop
endfacet
facet normal 0 0 0
outer loop
vertex 4.822367 8.661314 10.779372
vertex 4.822367 8.640561 10.779372
vertex 4.842843 8.640561 10.779372
endloop
endfacet
facet normal 0 0 0
outer loop
vertex 4.863318 8.640561 10.779372
vertex 4.842843 8.661314 10.799372
vertex 4.842843 8.640561 10.779372
endloop
endfacet
facet normal 0 0 0
outer loop
vertex 4.863318 8.661314 10.799372
vertex 4.842843 8.661314 10.799372
vertex 4.863318 8.640561 10.779372
endloop
endfacet
facet normal 0 0 0
outer loop
vertex 4.863318 8.661314 10.799372
vertex 4.863318 8.640561 10.779372
vertex 4.883794 8.661314 10.779372
endloop
endfacet
facet normal 0 0 0
outer loop
vertex 4.863318 8.640561 10.779372
vertex 4.883794 8.640561 10.779372
vertex 4.883794 8.661314 10.779372
endloop
endfacet
facet normal 0 0 0
outer loop
vertex 4.801891 8.682068 10.779372
vertex 4.822367 8.661314 10.779372
vertex 4.822367 8.682068 10.779372
endloop
endfacet
facet normal 0 0 0
outer loop
vertex 4.842843 8.682068 10.799372
vertex 4.822367 8.661314 10.779372
vertex 4.842843 8.661314 10.799372
endloop
endfacet
facet normal 0 0 0
outer loop
vertex 4.822367 8.682068 10.779372
vertex 4.822367 8.661314 10.779372
vertex 4.842843 8.682068 10.799372
endloop
endfacet
facet normal 0 0 0
outer loop
vertex 4.883794 8.661314 10.779372
vertex 4.883794 8.682068 10.799372
vertex 4.863318 8.661314 10.799372
endloop
endfacet
facet normal 0 0 0
outer loop
vertex 4.883794 8.682068 10.799372
vertex 4.883794 8.661314 10.779372
vertex 4.883794 8.682068 10.779372
endloop
endfacet
facet normal 0 0 0
outer loop
vertex 4.822367 8.682068 10.779372
vertex 4.822367 8.702821 10.779372
vertex 4.801891 8.682068 10.779372
endloop
endfacet
facet normal 0 0 0
outer loop
vertex 4.822367 8.702821 10.779372
vertex 4.801891 8.702821 10.779372
vertex 4.801891 8.682068 10.779372
endloop
endfacet
facet normal 0 0 0
outer loop
vertex 4.842843 8.702821 10.799372
vertex 4.822367 8.682068 10.779372
vertex 4.842843 8.682068 10.799372
endloop
endfacet
facet normal 0 0 0
outer loop
vertex 4.822367 8.702821 10.779372
vertex 4.822367 8.682068 10.779372
vertex 4.842843 8.702821 10.799372
endloop
endfacet
facet normal 0 0 0
outer loop
vertex 4.904270 8.702821 10.799372
vertex 4.883794 8.682068 10.799372
vertex 4.883794 8.702821 10.779372
endloop
endfacet
facet normal 0 0 0
outer loop
vertex 4.883794 8.682068 10.799372
vertex 4.883794 8.682068 10.779372
vertex 4.883794 8.702821 10.779372
endloop
endfacet
facet normal 0 0 0
outer loop
vertex 4.822367 8.723575 10.799372
vertex 4.801891 8.723575 10.779372
vertex 4.822367 8.702821 10.779372
endloop
endfacet
facet normal 0 0 0
outer loop
vertex 4.801891 8.723575 10.779372
vertex 4.801891 8.702821 10.779372
vertex 4.822367 8.702821 10.779372
endloop
endfacet
facet normal 0 0 0
outer loop
vertex 4.842843 8.702821 10.799372
vertex 4.822367 8.723575 10.799372
vertex 4.822367 8.702821 10.779372
endloop
endfacet
facet normal 0 0 0
outer loop
vertex 4.904270 8.702821 10.799372
vertex 4.883794 8.723575 10.779372
vertex 4.904270 8.723575 10.799372
endloop
endfacet
facet normal 0 0 0
outer loop
vertex 4.883794 8.702821 10.779372
vertex 4.883794 8.723575 10.779372
vertex 4.904270 8.702821 10.799372
endloop
endfacet
facet normal 0 0 0
outer loop
vertex 4.822367 8.744328 10.799372
vertex 4.801891 8.723575 10.779372
vertex 4.822367 8.723575 10.799372
endloop
endfacet
facet normal 0 0 0
outer loop
vertex 4.801891 8.744328 10.779372
vertex 4.801891 8.723575 10.779372
vertex 4.822367 8.744328 10.799372
endloop
endfacet
facet normal 0 0 0
outer loop
vertex 4.904270 8.723575 10.799372
vertex 4.883794 8.744328 10.779372
vertex 4.904270 8.744328 10.799372
endloop
endfacet
facet normal 0 0 0
outer loop
vertex 4.883794 8.723575 10.779372
vertex 4.883794 8.744328 10.779372
vertex 4.904270 8.723575 10.799372
endloop
endfacet
facet normal 0 0 0
outer loop
vertex 4.822367 8.765080 10.799372
vertex 4.801891 8.744328 10.779372
vertex 4.822367 8.744328 10.799372
endloop
endfacet
facet normal 0 0 0
outer loop
vertex 4.801891 8.765080 10.779372
vertex 4.801891 8.744328 10.779372
vertex 4.822367 8.765080 10.799372
endloop
endfacet
facet normal 0 0 0
outer loop
vertex 4.883794 8.744328 10.779372
vertex 4.863318 8.765080 10.779372
vertex 4.883794 8.765080 10.799372
endloop
endfacet
facet normal 0 0 0
outer loop
vertex 4.883794 8.744328 10.779372
vertex 4.883794 8.765080 10.799372
vertex 4.904270 8.744328 10.799372
endloop
endfacet
facet normal 0 0 0
outer loop
vertex 4.801891 8.765080 10.779372
vertex 4.801891 8.785834 10.799372
vertex 4.801891 8.785834 10.779372
endloop
endfacet
facet normal 0 0 0
outer loop
vertex 4.822367 8.765080 10.799372
vertex 4.801891 8.785834 10.799372
vertex 4.801891 8.765080 10.779372
endloop
endfacet
facet normal 0 0 0
outer loop
vertex 4.883794 8.765080 10.799372
vertex 4.863318 8.785834 10.779372
vertex 4.883794 8.785834 10.799372
endloop
endfacet
facet normal 0 0 0
outer loop
vertex 4.863318 8.765080 10.779372
vertex 4.863318 8.785834 10.779372
vertex 4.883794 8.765080 10.799372
endloop
endfacet
facet normal 0 0 0
outer loop
vertex 4.904270 8.785834 10.799372
vertex 4.883794 8.765080 10.799372
vertex 4.883794 8.785834 10.799372
endloop
endfacet
facet normal 0 0 0
outer loop
vertex 4.781415 8.806587 10.779372
vertex 4.801891 8.785834 10.779372
vertex 4.801891 8.806587 10.799372
endloop
endfacet
facet normal 0 0 0
outer loop
vertex 4.801891 8.785834 10.779372
vertex 4.801891 8.785834 10.799372
vertex 4.801891 8.806587 10.799372
endloop
endfacet
facet normal 0 0 0
outer loop
vertex 4.863318 8.785834 10.779372
vertex 4.842843 8.806587 10.779372
vertex 4.863318 8.806587 10.799372
endloop
endfacet
facet normal 0 0 0
outer loop
vertex 4.863318 8.785834 10.779372
vertex 4.863318 8.806587 10.799372
vertex 4.883794 8.785834 10.799372
endloop
endfacet
facet normal 0 0 0
outer loop
vertex 4.863318 8.806587 10.799372
vertex 4.883794 8.806587 10.799372
vertex 4.883794 8.785834 10.799372
endloop
endfacet
facet normal 0 0 0
outer loop
vertex 4.883794 8.806587 10.799372
vertex 4.904270 8.785834 10.799372
vertex 4.883794 8.785834 10.799372
endloop
endfacet
facet normal 0 0 0
outer loop
vertex 4.781415 8.806587 10.779372
vertex 4.801891 8.806587 10.799372
vertex 4.801891 8.827341 10.779372
endloop
endfacet
facet normal 0 0 0
outer loop
vertex 4.801891 8.806587 10.799372
vertex 4.801891 8.827341 10.799372
vertex 4.801891 8.827341 10.779372
endloop
endfacet
facet normal 0 0 0
outer loop
vertex 4.863318 8.806587 10.799372
vertex 4.842843 8.827341 10.779372
vertex 4.863318 8.827341 10.799372
endloop
endfacet
facet normal 0 0 0
outer loop
vertex 4.842843 8.806587 10.779372
vertex 4.842843 8.827341 10.779372
vertex 4.863318 8.806587 10.799372
endloop
endfacet
facet normal 0 0 0
outer loop
vertex 4.883794 8.806587 10.799372
vertex 4.863318 8.806587 10.799372
vertex 4.883794 8.827341 10.799372
endloop
endfacet
facet normal 0 0 0
outer loop
vertex 4.883794 8.827341 10.799372
vertex 4.863318 8.806587 10.799372
vertex 4.863318 8.827341 10.799372
endloop
endfacet
facet normal 0 0 0
outer loop
vertex 4.801891 8.827341 10.779372
vertex 4.801891 8.827341 10.799372
vertex 4.801891 8.848094 10.779372
endloop
endfacet
facet normal 0 0 0
outer loop
vertex 4.801891 8.827341 10.799372
vertex 4.801891 8.848094 10.799372
vertex 4.801891 8.848094 10.779372
endloop
endfacet
facet normal 0 0 0
outer loop
vertex 4.842843 8.827341 10.779372
vertex 4.822367 8.848094 10.779372
vertex 4.842843 8.848094 10.799372
endloop
endfacet
facet normal 0 0 0
outer loop
vertex 4.842843 8.827341 10.779372
vertex 4.842843 8.848094 10.799372
vertex 4.863318 8.827341 10.799372
endloop
endfacet
facet normal 0 0 0
outer loop
vertex 4.842843 8.848094 10.799372
vertex 4.863318 8.848094 10.799372
vertex 4.863318 8.827341 10.799372
endloop
endfacet
facet normal 0 0 0
outer loop
vertex 4.883794 8.827341 10.799372
vertex 4.863318 8.827341 10.799372
vertex 4.883794 8.848094 10.799372
endloop
endfacet
facet normal 0 0 0
outer loop
vertex 4.883794 8.848094 10.799372
vertex 4.863318 8.827341 10.799372
vertex 4.863318 8.848094 10.799372
endloop
endfacet
facet normal 0 0 0
outer loop
vertex 4.781415 8.868848 10.779372
vertex 4.801891 8.848094 10.779372
vertex 4.801891 8.868848 10.799372
endloop
endfacet
facet normal 0 0 0
outer loop
vertex 4.801891 8.848094 10.779372
vertex 4.801891 8.848094 10.799372
vertex 4.801891 8.868848 10.799372
endloop
endfacet
facet normal 0 0 0
outer loop
vertex 4.822367 8.848094 10.779372
vertex 4.801891 8.868848 10.779372
vertex 4.822367 8.868848 10.799372
endloop
endfacet
facet normal 0 0 0
outer loop
vertex 4.822367 8.848094 10.779372
vertex 4.822367 8.868848 10.799372
vertex 4.842843 8.848094 10.799372
endloop
endfacet
facet normal 0 0 0
outer loop
vertex 4.822367 8.868848 10.799372
vertex 4.842843 8.868848 10.799372
vertex 4.842843 8.848094 10.799372
endloop
endfacet
facet normal 0 0 0
outer loop
vertex 4.863318 8.848094 10.799372
vertex 4.842843 8.848094 10.799372
vertex 4.863318 8.868848 10.799372
endloop
endfacet
facet normal 0 0 0
outer loop
vertex 4.863318 8.868848 10.799372
vertex 4.842843 8.848094 10.799372
vertex 4.842843 8.868848 10.799372
endloop
endfacet
facet normal 0 0 0
outer loop
vertex 4.883794 8.848094 10.799372
vertex 4.863318 8.848094 10.799372
vertex 4.883794 8.868848 10.799372
endloop
endfacet
facet normal 0 0 0
outer loop
vertex 4.883794 8.868848 10.799372
vertex 4.863318 8.848094 10.799372
vertex 4.863318 8.868848 10.799372
endloop
endfacet
facet normal 0 0 0
outer loop
vertex 4.781415 8.868848 10.779372
vertex 4.801891 8.889601 10.799372
vertex 4.801891 8.868848 10.779372
endloop
endfacet
facet normal 0 0 0
outer loop
vertex 4.781415 8.868848 10.779372
vertex 4.801891 8.868848 10.799372
vertex 4.801891 8.889601 10.799372
endloop
endfacet
facet normal 0 0 0
outer loop
vertex 4.801891 8.868848 10.779372
vertex 4.801891 8.889601 10.799372
vertex 4.822367 8.868848 10.799372
endloop
endfacet
facet normal 0 0 0
outer loop
vertex 4.801891 8.889601 10.799372
vertex 4.822367 8.889601 10.799372
vertex 4.822367 8.868848 10.799372
endloop
endfacet
facet normal 0 0 0
outer loop
vertex 4.842843 8.868848 10.799372
vertex 4.822367 8.868848 10.799372
vertex 4.842843 8.889601 10.799372
endloop
endfacet
facet normal 0 0 0
outer loop
vertex 4.842843 8.889601 10.799372
vertex 4.822367 8.868848 10.799372
vertex 4.822367 8.889601 10.799372
endloop
endfacet
facet normal 0 0 0
outer loop
vertex 4.863318 8.868848 10.799372
vertex 4.842843 8.868848 10.799372
vertex 4.863318 8.889601 10.799372
endloop
endfacet
facet normal 0 0 0
outer loop
vertex 4.863318 8.889601 10.799372
vertex 4.842843 8.868848 10.799372
vertex 4.842843 8.889601 10.799372
endloop
endfacet
facet normal 0 0 0
outer loop
vertex 4.883794 8.868848 10.799372
vertex 4.863318 8.868848 10.799372
vertex 4.883794 8.889601 10.799372
endloop
endfacet
facet normal 0 0 0
outer loop
vertex 4.883794 8.889601 10.799372
vertex 4.863318 8.868848 10.799372
vertex 4.863318 8.889601 10.799372
endloop
endfacet
facet normal 0 0 0
outer loop
vertex 4.801891 8.889601 10.799372
vertex 4.781415 8.910354 10.799372
vertex 4.801891 8.910354 10.799372
endloop
endfacet
facet normal 0 0 0
outer loop
vertex 4.822367 8.889601 10.799372
vertex 4.801891 8.889601 10.799372
vertex 4.822367 8.910354 10.799372
endloop
endfacet
facet normal 0 0 0
outer loop
vertex 4.822367 8.910354 10.799372
vertex 4.801891 8.889601 10.799372
vertex 4.801891 8.910354 10.799372
endloop
endfacet
facet normal 0 0 0
outer loop
vertex 4.842843 8.889601 10.799372
vertex 4.822367 8.889601 10.799372
vertex 4.842843 8.910354 10.799372
endloop
endfacet
facet normal 0 0 0
outer loop
vertex 4.842843 8.910354 10.799372
vertex 4.822367 8.889601 10.799372
vertex 4.822367 8.910354 10.799372
endloop
endfacet
facet normal 0 0 0
outer loop
vertex 4.863318 8.889601 10.799372
vertex 4.842843 8.889601 10.799372
vertex 4.863318 8.910354 10.799372
endloop
endfacet
facet normal 0 0 0
outer loop
vertex 4.863318 8.910354 10.799372
vertex 4.842843 8.889601 10.799372
vertex 4.842843 8.910354 10.799372
endloop
endfacet
facet normal 0 0 0
outer loop
vertex 4.863318 8.910354 10.799372
vertex 4.883794 8.889601 10.799372
vertex 4.863318 8.889601 10.799372
endloop
endfacet
facet normal 0 0 0
outer loop
vertex 4.801891 8.910354 10.799372
vertex 4.781415 8.910354 10.799372
vertex 4.801891 8.931108 10.799372
endloop
endfacet
facet normal 0 0 0
outer loop
vertex 4.801891 8.931108 10.799372
vertex 4.781415 8.910354 10.799372
vertex 4.781415 8.931108 10.799372
endloop
endfacet
facet normal 0 0 0
outer loop
vertex 4.801891 8.931108 10.799372
vertex 4.822367 8.910354 10.799372
vertex 4.801891 8.910354 10.799372
endloop
endfacet
facet normal 0 0 0
outer loop
vertex 4.822367 8.910354 10.799372
vertex 4.842843 8.931108 10.799372
vertex 4.842843 8.910354 10.799372
endloop
endfacet
facet normal 0 0 0
outer loop
vertex 4.842843 8.931108 10.799372
vertex 4.863318 8.910354 10.799372
vertex 4.842843 8.910354 10.799372
endloop
endfacet
facet normal 0 0 0
outer loop
vertex 4.801891 8.931108 10.799372
vertex 4.781415 8.931108 10.799372
vertex 4.801891 8.951860 10.799372
endloop
endfacet
facet normal 0 0 0
outer loop
vertex 4.801891 8.951860 10.799372
vertex 4.781415 8.931108 10.799372
vertex 4.781415 8.951860 10.799372
endloop
endfacet
facet normal 0 0 0
outer loop
vertex 4.822367 8.951860 10.799372
vertex 4.801891 8.931108 10.799372
vertex 4.801891 8.951860 10.799372
endloop
endfacet
facet normal 0 0 0
outer loop
vertex 4.863318 8.661314 10.799372
vertex 4.863318 8.682068 10.799372
vertex 4.842843 8.661314 10.799372
endloop
endfacet
facet normal 0 0 0
outer loop
vertex 4.863318 8.682068 10.799372
vertex 4.842843 8.682068 10.799372
vertex 4.842843 8.661314 10.799372
endloop
endfacet
facet normal 0 0 0
outer loop
vertex 4.863318 8.661314 10.799372
vertex 4.883794 8.682068 10.799372
vertex 4.863318 8.682068 10.799372
endloop
endfacet
facet normal 0 0 0
outer loop
vertex 4.863318 8.682068 10.799372
vertex 4.863318 8.702821 10.799372
vertex 4.842843 8.682068 10.799372
endloop
endfacet
facet normal 0 0 0
outer loop
vertex 4.863318 8.702821 10.799372
vertex 4.842843 8.702821 10.799372
vertex 4.842843 8.682068 10.799372
endloop
endfacet
facet normal 0 0 0
outer loop
vertex 4.883794 8.682068 10.799372
vertex 4.883794 8.702821 10.799372
vertex 4.863318 8.682068 10.799372
endloop
endfacet
facet normal 0 0 0
outer loop
vertex 4.883794 8.702821 10.799372
vertex 4.863318 8.702821 10.799372
vertex 4.863318 8.682068 10.799372
endloop
endfacet
facet normal 0 0 0
outer loop
vertex 4.883794 8.682068 10.799372
vertex 4.904270 8.702821 10.799372
vertex 4.883794 8.702821 10.799372
endloop
endfacet
facet normal 0 0 0
outer loop
vertex 4.822367 8.723575 10.799372
vertex 4.842843 8.702821 10.799372
vertex 4.842843 8.723575 10.799372
endloop
endfacet
facet normal 0 0 0
outer loop
vertex 4.863318 8.702821 10.799372
vertex 4.863318 8.723575 10.799372
vertex 4.842843 8.702821 10.799372
endloop
endfacet
facet normal 0 0 0
outer loop
vertex 4.863318 8.723575 10.799372
vertex 4.842843 8.723575 10.799372
vertex 4.842843 8.702821 10.799372
endloop
endfacet
facet normal 0 0 0
outer loop
vertex 4.883794 8.723575 10.819372
vertex 4.863318 8.723575 10.799372
vertex 4.883794 8.702821 10.799372
endloop
endfacet
facet normal 0 0 0
outer loop
vertex 4.863318 8.723575 10.799372
vertex 4.863318 8.702821 10.799372
vertex 4.883794 8.702821 10.799372
endloop
endfacet
facet normal 0 0 0
outer loop
vertex 4.883794 8.723575 10.819372
vertex 4.883794 8.702821 10.799372
vertex 4.904270 8.723575 10.799372
endloop
endfacet
facet normal 0 0 0
outer loop
vertex 4.883794 8.702821 10.799372
vertex 4.904270 8.702821 10.799372
vertex 4.904270 8.723575 10.799372
endloop
endfacet
facet normal 0 0 0
outer loop
vertex 4.842843 8.744328 10.819372
vertex 4.822367 8.744328 10.799372
vertex 4.842843 8.723575 10.799372
endloop
endfacet
facet normal 0 0 0
outer loop
vertex 4.822367 8.744328 10.799372
vertex 4.822367 8.723575 10.799372
vertex 4.842843 8.723575 10.799372
endloop
endfacet
facet normal 0 0 0
outer loop
vertex 4.863318 8.723575 10.799372
vertex 4.842843 8.744328 10.819372
vertex 4.842843 8.723575 10.799372
endloop
endfacet
facet normal 0 0 0
outer loop
vertex 4.863318 8.744328 10.819372
vertex 4.842843 8.744328 10.819372
vertex 4.863318 8.723575 10.799372
endloop
endfacet
facet normal 0 0 0
outer loop
vertex 4.883794 8.723575 10.819372
vertex 4.863318 8.744328 10.819372
vertex 4.863318 8.723575 10.799372
endloop
endfacet
facet normal 0 0 0
outer loop
vertex 4.904270 8.744328 10.799372
vertex 4.883794 8.723575 10.819372
vertex 4.904270 8.723575 10.799372
endloop
endfacet
facet normal 0 0 0
outer loop
vertex 4.883794 8.744328 10.819372
vertex 4.883794 8.723575 10.819372
vertex 4.904270 8.744328 10.799372
endloop
endfacet
facet normal 0 0 0
outer loop
vertex 4.822367 8.744328 10.799372
vertex 4.822367 8.765080 10.819372
vertex 4.822367 8.765080 10.799372
endloop
endfacet
facet normal 0 0 0
outer loop
vertex 4.842843 8.744328 10.819372
vertex 4.822367 8.765080 10.819372
vertex 4.822367 8.744328 10.799372
endloop
endfacet
facet normal 0 0 0
outer loop
vertex 4.904270 8.765080 10.819372
vertex 4.883794 8.744328 10.819372
vertex 4.883794 8.765080 10.799372
endloop
endfacet
facet normal 0 0 0
outer loop
vertex 4.904270 8.744328 10.799372
vertex 4.883794 8.765080 10.799372
vertex 4.883794 8.744328 10.819372
endloop
endfacet
facet normal 0 0 0
outer loop
vertex 4.801891 8.785834 10.799372
vertex 4.822367 8.765080 10.799372
vertex 4.822367 8.785834 10.819372
endloop
endfacet
facet normal 0 0 0
outer loop
vertex 4.822367 8.765080 10.799372
vertex 4.822367 8.765080 10.819372
vertex 4.822367 8.785834 10.819372
endloop
endfacet
facet normal 0 0 0
outer loop
vertex 4.904270 8.785834 10.799372
vertex 4.883794 8.785834 10.819372
vertex 4.883794 8.765080 10.799372
endloop
endfacet
facet normal 0 0 0
outer loop
vertex 4.904270 8.765080 10.819372
vertex 4.883794 8.765080 10.799372
vertex 4.883794 8.785834 10.819372
endloop
endfacet
facet normal 0 0 0
outer loop
vertex 4.822367 8.806587 10.819372
vertex 4.801891 8.785834 10.799372
vertex 4.822367 8.785834 10.819372
endloop
endfacet
facet normal 0 0 0
outer loop
vertex 4.801891 8.806587 10.799372
vertex 4.801891 8.785834 10.799372
vertex 4.822367 8.806587 10.819372
endloop
endfacet
facet normal 0 0 0
outer loop
vertex 4.904270 8.785834 10.799372
vertex 4.883794 8.806587 10.799372
vertex 4.883794 8.785834 10.819372
endloop
endfacet
facet normal 0 0 0
outer loop
vertex 4.883794 8.806587 10.799372
vertex 4.883794 8.806587 10.819372
vertex 4.883794 8.785834 10.819372
endloop
endfacet
facet normal 0 0 0
outer loop
vertex 4.822367 8.827341 10.819372
vertex 4.801891 8.806587 10.799372
vertex 4.822367 8.806587 10.819372
endloop
endfacet
facet normal 0 0 0
outer loop
vertex 4.801891 8.827341 10.799372
vertex 4.801891 8.806587 10.799372
vertex 4.822367 8.827341 10.819372
endloop
endfacet
facet normal 0 0 0
outer loop
vertex 4.883794 8.806587 10.799372
vertex 4.883794 8.827341 10.799372
vertex 4.883794 8.806587 10.819372
endloop
endfacet
facet normal 0 0 0
outer loop
vertex 4.883794 8.806587 10.819372
vertex 4.883794 8.827341 10.799372
vertex 4.883794 8.827341 10.819372
endloop
endfacet
facet normal 0 0 0
outer loop
vertex 4.801891 8.827341 10.799372
vertex 4.801891 8.848094 10.819372
vertex 4.801891 8.848094 10.799372
endloop
endfacet
facet normal 0 0 0
outer loop
vertex 4.822367 8.827341 10.819372
vertex 4.801891 8.848094 10.819372
vertex 4.801891 8.827341 10.799372
endloop
endfacet
facet normal 0 0 0
outer loop
vertex 4.883794 8.827341 10.799372
vertex 4.883794 8.848094 10.799372
vertex 4.883794 8.827341 10.819372
endloop
endfacet
facet normal 0 0 0
outer loop
vertex 4.883794 8.827341 10.819372
vertex 4.883794 8.848094 10.799372
vertex 4.883794 8.848094 10.819372
endloop
endfacet
facet normal 0 0 0
outer loop
vertex 4.801891 8.848094 10.799372
vertex 4.801891 8.848094 10.819372
vertex 4.801891 8.868848 10.799372
endloop
endfacet
facet normal 0 0 0
outer loop
vertex 4.801891 8.848094 10.819372
vertex 4.801891 8.868848 10.819372
vertex 4.801891 8.868848 10.799372
endloop
endfacet
facet normal 0 0 0
outer loop
vertex 4.883794 8.848094 10.799372
vertex 4.883794 8.868848 10.799372
vertex 4.883794 8.848094 10.819372
endloop
endfacet
facet normal 0 0 0
outer loop
vertex 4.883794 8.848094 10.819372
vertex 4.883794 8.868848 10.799372
vertex 4.883794 8.868848 10.819372
endloop
endfacet
facet normal 0 0 0
outer loop
vertex 4.801891 8.868848 10.799372
vertex 4.801891 8.868848 10.819372
vertex 4.801891 8.889601 10.799372
endloop
endfacet
facet normal 0 0 0
outer loop
vertex 4.801891 8.868848 10.819372
vertex 4.801891 8.889601 10.819372
vertex 4.801891 8.889601 10.799372
endloop
endfacet
facet normal 0 0 0
outer loop
vertex 4.883794 8.868848 10.799372
vertex 4.883794 8.889601 10.799372
vertex 4.883794 8.868848 10.819372
endloop
endfacet
facet normal 0 0 0
outer loop
vertex 4.883794 8.868848 10.819372
vertex 4.883794 8.889601 10.799372
vertex 4.883794 8.889601 10.819372
endloop
endfacet
facet normal 0 0 0
outer loop
vertex 4.781415 8.910354 10.799372
vertex 4.801891 8.889601 10.799372
vertex 4.801891 8.910354 10.819372
endloop
endfacet
facet normal 0 0 0
outer loop
vertex 4.801891 8.889601 10.799372
vertex 4.801891 8.889601 10.819372
vertex 4.801891 8.910354 10.819372
endloop
endfacet
facet normal 0 0 0
outer loop
vertex 4.883794 8.889601 10.799372
vertex 4.863318 8.910354 10.799372
vertex 4.883794 8.910354 10.819372
endloop
endfacet
facet normal 0 0 0
outer loop
vertex 4.883794 8.889601 10.799372
vertex 4.883794 8.910354 10.819372
vertex 4.883794 8.889601 10.819372
endloop
endfacet
facet normal 0 0 0
outer loop
vertex 4.801891 8.931108 10.819372
vertex 4.781415 8.910354 10.799372
vertex 4.801891 8.910354 10.819372
endloop
endfacet
facet normal 0 0 0
outer loop
vertex 4.781415 8.931108 10.799372
vertex 4.781415 8.910354 10.799372
vertex 4.801891 8.931108 10.819372
endloop
endfacet
facet normal 0 0 0
outer loop
vertex 4.822367 8.910354 10.799372
vertex 4.801891 8.931108 10.799372
vertex 4.822367 8.931108 10.819372
endloop
endfacet
facet normal 0 0 0
outer loop
vertex 4.822367 8.910354 10.799372
vertex 4.822367 8.931108 10.819372
vertex 4.842843 8.931108 10.799372
endloop
endfacet
facet normal 0 0 0
outer loop
vertex 4.863318 8.910354 10.799372
vertex 4.842843 8.931108 10.799372
vertex 4.863318 8.931108 10.819372
endloop
endfacet
facet normal 0 0 0
outer loop
vertex 4.863318 8.910354 10.799372
vertex 4.863318 8.931108 10.819372
vertex 4.883794 8.910354 10.819372
endloop
endfacet
facet normal 0 0 0
outer loop
vertex 4.801891 8.951860 10.819372
vertex 4.781415 8.931108 10.799372
vertex 4.801891 8.931108 10.819372
endloop
endfacet
facet normal 0 0 0
outer loop
vertex 4.781415 8.951860 10.799372
vertex 4.781415 8.931108 10.799372
vertex 4.801891 8.951860 10.819372
endloop
endfacet
facet normal 0 0 0
outer loop
vertex 4.801891 8.931108 10.799372
vertex 4.822367 8.951860 10.799372
vertex 4.822367 8.931108 10.819372
endloop
endfacet
facet normal 0 0 0
outer loop
vertex 4.822367 8.951860 10.799372
vertex 4.842843 8.951860 10.819372
vertex 4.822367 8.931108 10.819372
endloop
endfacet
facet normal 0 0 0
outer loop
vertex 4.842843 8.931108 10.799372
vertex 4.822367 8.931108 10.819372
vertex 4.842843 8.951860 10.819372
endloop
endfacet
facet normal 0 0 0
outer loop
vertex 4.842843 8.931108 10.799372
vertex 4.842843 8.951860 10.819372
vertex 4.863318 8.931108 10.819372
endloop
endfacet
facet normal 0 0 0
outer loop
vertex 4.842843 8.951860 10.819372
vertex 4.863318 8.951860 10.819372
vertex 4.863318 8.931108 10.819372
endloop
endfacet
facet normal 0 0 0
outer loop
vertex 4.781415 8.951860 10.799372
vertex 4.801891 8.951860 10.819372
vertex 4.801891 8.951860 10.799372
endloop
endfacet
facet normal 0 0 0
outer loop
vertex 4.801891 8.951860 10.799372
vertex 4.801891 8.951860 10.819372
vertex 4.801891 8.972614 10.819372
endloop
endfacet
facet normal 0 0 0
outer loop
vertex 4.801891 8.972614 10.819372
vertex 4.801891 8.951860 10.819372
vertex 4.781415 8.972614 10.819372
endloop
endfacet
facet normal 0 0 0
outer loop
vertex 4.801891 8.951860 10.799372
vertex 4.822367 8.972614 10.819372
vertex 4.822367 8.951860 10.799372
endloop
endfacet
facet normal 0 0 0
outer loop
vertex 4.801891 8.972614 10.819372
vertex 4.822367 8.972614 10.819372
vertex 4.801891 8.951860 10.799372
endloop
endfacet
facet normal 0 0 0
outer loop
vertex 4.822367 8.951860 10.799372
vertex 4.822367 8.972614 10.819372
vertex 4.842843 8.951860 10.819372
endloop
endfacet
facet normal 0 0 0
outer loop
vertex 4.822367 8.972614 10.819372
vertex 4.842843 8.972614 10.819372
vertex 4.842843 8.951860 10.819372
endloop
endfacet
facet normal 0 0 0
outer loop
vertex 4.863318 8.951860 10.819372
vertex 4.842843 8.951860 10.819372
vertex 4.863318 8.972614 10.819372
endloop
endfacet
facet normal 0 0 0
outer loop
vertex 4.863318 8.972614 10.819372
vertex 4.842843 8.951860 10.819372
vertex 4.842843 8.972614 10.819372
endloop
endfacet
facet normal 0 0 0
outer loop
vertex 4.801891 8.972614 10.819372
vertex 4.781415 8.972614 10.819372
vertex 4.801891 8.993367 10.819372
endloop
endfacet
facet normal 0 0 0
outer loop
vertex 4.801891 8.993367 10.819372
vertex 4.781415 8.972614 10.819372
vertex 4.781415 8.993367 10.819372
endloop
endfacet
facet normal 0 0 0
outer loop
vertex 4.822367 8.972614 10.819372
vertex 4.801891 8.972614 10.819372
vertex 4.822367 8.993367 10.819372
endloop
endfacet
facet normal 0 0 0
outer loop
vertex 4.822367 8.993367 10.819372
vertex 4.801891 8.972614 10.819372
vertex 4.801891 8.993367 10.819372
endloop
endfacet
facet normal 0 0 0
outer loop
vertex 4.842843 8.972614 10.819372
vertex 4.822367 8.972614 10.819372
vertex 4.842843 8.993367 10.819372
endloop
endfacet
facet normal 0 0 0
outer loop
vertex 4.842843 8.993367 10.819372
vertex 4.822367 8.972614 10.819372
vertex 4.822367 8.993367 10.819372
endloop
endfacet
facet normal 0 0 0
outer loop
vertex 4.842843 8.993367 10.819372
vertex 4.863318 8.972614 10.819372
vertex 4.842843 8.972614 10.819372
endloop
endfacet
facet normal 0 0 0
outer loop
vertex 4.801891 8.993367 10.819372
vertex 4.781415 8.993367 10.819372
vertex 4.801891 9.014121 10.819372
endloop
endfacet
facet normal 0 0 0
outer loop
vertex 4.801891 9.014121 10.819372
vertex 4.781415 8.993367 10.819372
vertex 4.781415 9.014121 10.819372
endloop
endfacet
facet normal 0 0 0
outer loop
vertex 4.822367 8.993367 10.819372
vertex 4.801891 8.993367 10.819372
vertex 4.822367 9.014121 10.819372
endloop
endfacet
facet normal 0 0 0
outer loop
vertex 4.822367 9.014121 10.819372
vertex 4.801891 8.993367 10.819372
vertex 4.801891 9.014121 10.819372
endloop
endfacet
facet normal 0 0 0
outer loop
vertex 4.842843 8.993367 10.819372
vertex 4.822367 8.993367 10.819372
vertex 4.842843 9.014121 10.819372
endloop
endfacet
facet normal 0 0 0
outer loop
vertex 4.842843 9.014121 10.819372
vertex 4.822367 8.993367 10.819372
vertex 4.822367 9.014121 10.819372
endloop
endfacet
facet normal 0 0 0
outer loop
vertex 4.781415 9.014121 10.819372
vertex 4.801891 9.034874 10.819372
vertex 4.801891 9.014121 10.819372
endloop
endfacet
facet normal 0 0 0
outer loop
vertex 4.822367 9.014121 10.819372
vertex 4.801891 9.014121 10.819372
vertex 4.822367 9.034874 10.819372
endloop
endfacet
facet normal 0 0 0
outer loop
vertex 4.822367 9.034874 10.819372
vertex 4.801891 9.014121 10.819372
vertex 4.801891 9.034874 10.819372
endloop
endfacet
facet normal 0 0 0
outer loop
vertex 4.822367 9.034874 10.819372
vertex 4.842843 9.014121 10.819372
vertex 4.822367 9.014121 10.819372
endloop
endfacet
facet normal 0 0 0
outer loop
vertex 4.863318 8.744328 10.819372
vertex 4.883794 8.723575 10.819372
vertex 4.883794 8.744328 10.819372
endloop
endfacet
facet normal 0 0 0
outer loop
vertex 4.822367 8.765080 10.819372
vertex 4.842843 8.744328 10.819372
vertex 4.842843 8.765080 10.819372
endloop
endfacet
facet normal 0 0 0
outer loop
vertex 4.863318 8.744328 10.819372
vertex 4.863318 8.765080 10.819372
vertex 4.842843 8.744328 10.819372
endloop
endfacet
facet normal 0 0 0
outer loop
vertex 4.863318 8.765080 10.819372
vertex 4.842843 8.765080 10.819372
vertex 4.842843 8.744328 10.819372
endloop
endfacet
facet normal 0 0 0
outer loop
vertex 4.883794 8.744328 10.819372
vertex 4.883794 8.765080 10.819372
vertex 4.863318 8.744328 10.819372
endloop
endfacet
facet normal 0 0 0
outer loop
vertex 4.883794 8.765080 10.819372
vertex 4.863318 8.765080 10.819372
vertex 4.863318 8.744328 10.819372
endloop
endfacet
facet normal 0 0 0
outer loop
vertex 4.883794 8.744328 10.819372
vertex 4.904270 8.765080 10.819372
vertex 4.883794 8.765080 10.819372
endloop
endfacet
facet normal 0 0 0
outer loop
vertex 4.842843 8.765080 10.819372
vertex 4.842843 8.785834 10.819372
vertex 4.822367 8.765080 10.819372
endloop
endfacet
facet normal 0 0 0
outer loop
vertex 4.842843 8.785834 10.819372
vertex 4.822367 8.785834 10.819372
vertex 4.822367 8.765080 10.819372
endloop
endfacet
facet normal 0 0 0
outer loop
vertex 4.863318 8.765080 10.819372
vertex 4.863318 8.785834 10.819372
vertex 4.842843 8.765080 10.819372
endloop
endfacet
facet normal 0 0 0
outer loop
vertex 4.863318 8.785834 10.819372
vertex 4.842843 8.785834 10.819372
vertex 4.842843 8.765080 10.819372
endloop
endfacet
facet normal 0 0 0
outer loop
vertex 4.883794 8.765080 10.819372
vertex 4.883794 8.785834 10.819372
vertex 4.863318 8.765080 10.819372
endloop
endfacet
facet normal 0 0 0
outer loop
vertex 4.883794 8.785834 10.819372
vertex 4.863318 8.785834 10.819372
vertex 4.863318 8.765080 10.819372
endloop
endfacet
facet normal 0 0 0
outer loop
vertex 4.904270 8.765080 10.819372
vertex 4.883794 8.785834 10.819372
vertex 4.883794 8.765080 10.819372
endloop
endfacet
facet normal 0 0 0
outer loop
vertex 4.842843 8.785834 10.819372
vertex 4.842843 8.806587 10.819372
vertex 4.822367 8.785834 10.819372
endloop
endfacet
facet normal 0 0 0
outer loop
vertex 4.842843 8.806587 10.819372
vertex 4.822367 8.806587 10.819372
vertex 4.822367 8.785834 10.819372
endloop
endfacet
facet normal 0 0 0
outer loop
vertex 4.863318 8.806587 10.839372
vertex 4.842843 8.806587 10.819372
vertex 4.863318 8.785834 10.819372
endloop
endfacet
facet normal 0 0 0
outer loop
vertex 4.842843 8.806587 10.819372
vertex 4.842843 8.785834 10.819372
vertex 4.863318 8.785834 10.819372
endloop
endfacet
facet normal 0 0 0
outer loop
vertex 4.883794 8.785834 10.819372
vertex 4.863318 8.806587 10.839372
vertex 4.863318 8.785834 10.819372
endloop
endfacet
facet normal 0 0 0
outer loop
vertex 4.883794 8.806587 10.839372
vertex 4.863318 8.806587 10.839372
vertex 4.883794 8.785834 10.819372
endloop
endfacet
facet normal 0 0 0
outer loop
vertex 4.883794 8.806587 10.839372
vertex 4.883794 8.785834 10.819372
vertex 4.883794 8.806587 10.819372
endloop
endfacet
facet normal 0 0 0
outer loop
vertex 4.842843 8.827341 10.839372
vertex 4.822367 8.827341 10.819372
vertex 4.842843 8.806587 10.819372
endloop
endfacet
facet normal 0 0 0
outer loop
vertex 4.822367 8.827341 10.819372
vertex 4.822367 8.806587 10.819372
vertex 4.842843 8.806587 10.819372
endloop
endfacet
facet normal 0 0 0
outer loop
vertex 4.863318 8.806587 10.839372
vertex 4.842843 8.827341 10.839372
vertex 4.842843 8.806587 10.819372
endloop
endfacet
facet normal 0 0 0
outer loop
vertex 4.904270 8.827341 10.839372
vertex 4.883794 8.806587 10.839372
vertex 4.883794 8.827341 10.819372
endloop
endfacet
facet normal 0 0 0
outer loop
vertex 4.883794 8.806587 10.839372
vertex 4.883794 8.806587 10.819372
vertex 4.883794 8.827341 10.819372
endloop
endfacet
facet normal 0 0 0
outer loop
vertex 4.801891 8.848094 10.819372
vertex 4.822367 8.827341 10.819372
vertex 4.822367 8.848094 10.819372
endloop
endfacet
facet normal 0 0 0
outer loop
vertex 4.842843 8.848094 10.839372
vertex 4.822367 8.827341 10.819372
vertex 4.842843 8.827341 10.839372
endloop
endfacet
facet normal 0 0 0
outer loop
vertex 4.822367 8.848094 10.819372
vertex 4.822367 8.827341 10.819372
vertex 4.842843 8.848094 10.839372
endloop
endfacet
facet normal 0 0 0
outer loop
vertex 4.904270 8.827341 10.839372
vertex 4.883794 8.848094 10.819372
vertex 4.904270 8.848094 10.839372
endloop
endfacet
facet normal 0 0 0
outer loop
vertex 4.883794 8.827341 10.819372
vertex 4.883794 8.848094 10.819372
vertex 4.904270 8.827341 10.839372
endloop
endfacet
facet normal 0 0 0
outer loop
vertex 4.822367 8.868848 10.839372
vertex 4.801891 8.868848 10.819372
vertex 4.822367 8.848094 10.819372
endloop
endfacet
facet normal 0 0 0
outer loop
vertex 4.801891 8.868848 10.819372
vertex 4.801891 8.848094 10.819372
vertex 4.822367 8.848094 10.819372
endloop
endfacet
facet normal 0 0 0
outer loop
vertex 4.842843 8.848094 10.839372
vertex 4.822367 8.868848 10.839372
vertex 4.822367 8.848094 10.819372
endloop
endfacet
facet normal 0 0 0
outer loop
vertex 4.904270 8.848094 10.839372
vertex 4.883794 8.868848 10.819372
vertex 4.904270 8.868848 10.839372
endloop
endfacet
facet normal 0 0 0
outer loop
vertex 4.883794 8.848094 10.819372
vertex 4.883794 8.868848 10.819372
vertex 4.904270 8.848094 10.839372
endloop
endfacet
facet normal 0 0 0
outer loop
vertex 4.822367 8.868848 10.839372
vertex 4.822367 8.889601 10.819372
vertex 4.801891 8.868848 10.819372
endloop
endfacet
facet normal 0 0 0
outer loop
vertex 4.822367 8.889601 10.819372
vertex 4.801891 8.889601 10.819372
vertex 4.801891 8.868848 10.819372
endloop
endfacet
facet normal 0 0 0
outer loop
vertex 4.822367 8.868848 10.839372
vertex 4.842843 8.889601 10.839372
vertex 4.822367 8.889601 10.819372
endloop
endfacet
facet normal 0 0 0
outer loop
vertex 4.904270 8.868848 10.839372
vertex 4.883794 8.889601 10.819372
vertex 4.904270 8.889601 10.839372
endloop
endfacet
facet normal 0 0 0
outer loop
vertex 4.883794 8.868848 10.819372
vertex 4.883794 8.889601 10.819372
vertex 4.904270 8.868848 10.839372
endloop
endfacet
facet normal 0 0 0
outer loop
vertex 4.822367 8.910354 10.839372
vertex 4.801891 8.910354 10.819372
vertex 4.822367 8.889601 10.819372
endloop
endfacet
facet normal 0 0 0
outer loop
vertex 4.801891 8.910354 10.819372
vertex 4.801891 8.889601 10.819372
vertex 4.822367 8.889601 10.819372
endloop
endfacet
facet normal 0 0 0
outer loop
vertex 4.842843 8.889601 10.839372
vertex 4.822367 8.910354 10.839372
vertex 4.822367 8.889601 10.819372
endloop
endfacet
facet normal 0 0 0
outer loop
vertex 4.904270 8.889601 10.839372
vertex 4.883794 8.910354 10.819372
vertex 4.904270 8.910354 10.839372
endloop
endfacet
facet normal 0 0 0
outer loop
vertex 4.883794 8.889601 10.819372
vertex 4.883794 8.910354 10.819372
vertex 4.904270 8.889601 10.839372
endloop
endfacet
facet normal 0 0 0
outer loop
vertex 4.801891 8.910354 10.819372
vertex 4.801891 8.931108 10.839372
vertex 4.801891 8.931108 10.819372
endloop
endfacet
facet normal 0 0 0
outer loop
vertex 4.822367 8.910354 10.839372
vertex 4.801891 8.931108 10.839372
vertex 4.801891 8.910354 10.819372
endloop
endfacet
facet normal 0 0 0
outer loop
vertex 4.883794 8.910354 10.819372
vertex 4.863318 8.931108 10.819372
vertex 4.883794 8.931108 10.839372
endloop
endfacet
facet normal 0 0 0
outer loop
vertex 4.883794 8.910354 10.819372
vertex 4.883794 8.931108 10.839372
vertex 4.904270 8.910354 10.839372
endloop
endfacet
facet normal 0 0 0
outer loop
vertex 4.883794 8.931108 10.839372
vertex 4.904270 8.931108 10.839372
vertex 4.904270 8.910354 10.839372
endloop
endfacet
facet normal 0 0 0
outer loop
vertex 4.801891 8.931108 10.819372
vertex 4.801891 8.931108 10.839372
vertex 4.801891 8.951860 10.819372
endloop
endfacet
facet normal 0 0 0
outer loop
vertex 4.801891 8.931108 10.839372
vertex 4.801891 8.951860 10.839372
vertex 4.801891 8.951860 10.819372
endloop
endfacet
facet normal 0 0 0
outer loop
vertex 4.883794 8.931108 10.839372
vertex 4.863318 8.951860 10.819372
vertex 4.883794 8.951860 10.839372
endloop
endfacet
facet normal 0 0 0
outer loop
vertex 4.863318 8.931108 10.819372
vertex 4.863318 8.951860 10.819372
vertex 4.883794 8.931108 10.839372
endloop
endfacet
facet normal 0 0 0
outer loop
vertex 4.883794 8.951860 10.839372
vertex 4.904270 8.931108 10.839372
vertex 4.883794 8.931108 10.839372
endloop
endfacet
facet normal 0 0 0
outer loop
vertex 4.781415 8.972614 10.819372
vertex 4.801891 8.951860 10.819372
vertex 4.801891 8.972614 10.839372
endloop
endfacet
facet normal 0 0 0
outer loop
vertex 4.801891 8.951860 10.819372
vertex 4.801891 8.951860 10.839372
vertex 4.801891 8.972614 10.839372
endloop
endfacet
facet normal 0 0 0
outer loop
vertex 4.883794 8.951860 10.839372
vertex 4.863318 8.972614 10.819372
vertex 4.883794 8.972614 10.839372
endloop
endfacet
facet normal 0 0 0
outer loop
vertex 4.863318 8.951860 10.819372
vertex 4.863318 8.972614 10.819372
vertex 4.883794 8.951860 10.839372
endloop
endfacet
facet normal 0 0 0
outer loop
vertex 4.801891 8.993367 10.839372
vertex 4.781415 8.972614 10.819372
vertex 4.801891 8.972614 10.839372
endloop
endfacet
facet normal 0 0 0
outer loop
vertex 4.781415 8.993367 10.819372
vertex 4.781415 8.972614 10.819372
vertex 4.801891 8.993367 10.839372
endloop
endfacet
facet normal 0 0 0
outer loop
vertex 4.863318 8.972614 10.819372
vertex 4.842843 8.993367 10.819372
vertex 4.863318 8.993367 10.839372
endloop
endfacet
facet normal 0 0 0
outer loop
vertex 4.863318 8.972614 10.819372
vertex 4.863318 8.993367 10.839372
vertex 4.883794 8.972614 10.839372
endloop
endfacet
facet normal 0 0 0
outer loop
vertex 4.863318 8.993367 10.839372
vertex 4.883794 8.993367 10.839372
vertex 4.883794 8.972614 10.839372
endloop
endfacet
facet normal 0 0 0
outer loop
vertex 4.801891 9.014121 10.839372
vertex 4.781415 8.993367 10.819372
vertex 4.801891 8.993367 10.839372
endloop
endfacet
facet normal 0 0 0
outer loop
vertex 4.781415 9.014121 10.819372
vertex 4.781415 8.993367 10.819372
vertex 4.801891 9.014121 10.839372
endloop
endfacet
facet normal 0 0 0
outer loop
vertex 4.863318 8.993367 10.839372
vertex 4.842843 9.014121 10.819372
vertex 4.863318 9.014121 10.839372
endloop
endfacet
facet normal 0 0 0
outer loop
vertex 4.842843 8.993367 10.819372
vertex 4.842843 9.014121 10.819372
vertex 4.863318 8.993367 10.839372
endloop
endfacet
facet normal 0 0 0
outer loop
vertex 4.883794 8.993367 10.839372
vertex 4.863318 8.993367 10.839372
vertex 4.883794 9.014121 10.839372
endloop
endfacet
facet normal 0 0 0
outer loop
vertex 4.883794 9.014121 10.839372
vertex 4.863318 8.993367 10.839372
vertex 4.863318 9.014121 10.839372
endloop
endfacet
facet normal 0 0 0
outer loop
vertex 4.781415 9.034874 10.839372
vertex 4.801891 9.034874 10.819372
vertex 4.801891 9.014121 10.839372
endloop
endfacet
facet normal 0 0 0
outer loop
vertex 4.781415 9.014121 10.819372
vertex 4.801891 9.014121 10.839372
vertex 4.801891 9.034874 10.819372
endloop
endfacet
facet normal 0 0 0
outer loop
vertex 4.842843 9.014121 10.819372
vertex 4.822367 9.034874 10.819372
vertex 4.842843 9.034874 10.839372
endloop
endfacet
facet normal 0 0 0
outer loop
vertex 4.842843 9.014121 10.819372
vertex 4.842843 9.034874 10.839372
vertex 4.863318 9.014121 10.839372
endloop
endfacet
facet normal 0 0 0
outer loop
vertex 4.842843 9.034874 10.839372
vertex 4.863318 9.034874 10.839372
vertex 4.863318 9.014121 10.839372
endloop
endfacet
facet normal 0 0 0
outer loop
vertex 4.883794 9.014121 10.839372
vertex 4.863318 9.014121 10.839372
vertex 4.883794 9.034874 10.839372
endloop
endfacet
facet normal 0 0 0
outer loop
vertex 4.883794 9.034874 10.839372
vertex 4.863318 9.014121 10.839372
vertex 4.863318 9.034874 10.839372
endloop
endfacet
facet normal 0 0 0
outer loop
vertex 4.801891 9.034874 10.819372
vertex 4.781415 9.034874 10.839372
vertex 4.801891 9.055627 10.839372
endloop
endfacet
facet normal 0 0 0
outer loop
vertex 4.781415 9.034874 10.839372
vertex 4.781415 9.055627 10.839372
vertex 4.801891 9.055627 10.839372
endloop
endfacet
facet normal 0 0 0
outer loop
vertex 4.801891 9.034874 10.819372
vertex 4.822367 9.055627 10.839372
vertex 4.822367 9.034874 10.819372
endloop
endfacet
facet normal 0 0 0
outer loop
vertex 4.801891 9.055627 10.839372
vertex 4.822367 9.055627 10.839372
vertex 4.801891 9.034874 10.819372
endloop
endfacet
facet normal 0 0 0
outer loop
vertex 4.822367 9.034874 10.819372
vertex 4.822367 9.055627 10.839372
vertex 4.842843 9.034874 10.839372
endloop
endfacet
facet normal 0 0 0
outer loop
vertex 4.822367 9.055627 10.839372
vertex 4.842843 9.055627 10.839372
vertex 4.842843 9.034874 10.839372
endloop
endfacet
facet normal 0 0 0
outer loop
vertex 4.863318 9.034874 10.839372
vertex 4.842843 9.034874 10.839372
vertex 4.863318 9.055627 10.839372
endloop
endfacet
facet normal 0 0 0
outer loop
vertex 4.863318 9.055627 10.839372
vertex 4.842843 9.034874 10.839372
vertex 4.842843 9.055627 10.839372
endloop
endfacet
facet normal 0 0 0
outer loop
vertex 4.863318 9.055627 10.839372
vertex 4.883794 9.034874 10.839372
vertex 4.863318 9.034874 10.839372
endloop
endfacet
facet normal 0 0 0
outer loop
vertex 4.781415 9.055627 10.839372
vertex 4.801891 9.076381 10.839372
vertex 4.801891 9.055627 10.839372
endloop
endfacet
facet normal 0 0 0
outer loop
vertex 4.822367 9.055627 10.839372
vertex 4.801891 9.055627 10.839372
vertex 4.822367 9.076381 10.839372
endloop
endfacet
facet normal 0 0 0
outer loop
vertex 4.822367 9.076381 10.839372
vertex 4.801891 9.055627 10.839372
vertex 4.801891 9.076381 10.839372
endloop
endfacet
facet normal 0 0 0
outer loop
vertex 4.842843 9.055627 10.839372
vertex 4.822367 9.055627 10.839372
vertex 4.842843 9.076381 10.839372
endloop
endfacet
facet normal 0 0 0
outer loop
vertex 4.842843 9.076381 10.839372
vertex 4.822367 9.055627 10.839372
vertex 4.822367 9.076381 10.839372
endloop
endfacet
facet normal 0 0 0
outer loop
vertex 4.863318 9.055627 10.839372
vertex 4.842843 9.055627 10.839372
vertex 4.863318 9.076381 10.839372
endloop
endfacet
facet normal 0 0 0
outer loop
vertex 4.863318 9.076381 10.839372
vertex 4.842843 9.055627 10.839372
vertex 4.842843 9.076381 10.839372
endloop
endfacet
facet normal 0 0 0
outer loop
vertex 4.822367 9.076381 10.839372
vertex 4.801891 9.076381 10.839372
vertex 4.822367 9.097134 10.839372
endloop
endfacet
facet normal 0 0 0
outer loop
vertex 4.822367 9.097134 10.839372
vertex 4.801891 9.076381 10.839372
vertex 4.801891 9.097134 10.839372
endloop
endfacet
facet normal 0 0 0
outer loop
vertex 4.842843 9.076381 10.839372
vertex 4.822367 9.076381 10.839372
vertex 4.842843 9.097134 10.839372
endloop
endfacet
facet normal 0 0 0
outer loop
vertex 4.842843 9.097134 10.839372
vertex 4.822367 9.076381 10.839372
vertex 4.822367 9.097134 10.839372
endloop
endfacet
facet normal 0 0 0
outer loop
vertex 4.842843 9.097134 10.839372
vertex 4.863318 9.076381 10.839372
vertex 4.842843 9.076381 10.839372
endloop
endfacet
facet normal 0 0 0
outer loop
vertex 4.822367 9.097134 10.839372
vertex 4.801891 9.097134 10.839372
vertex 4.822367 9.117887 10.839372
endloop
endfacet
facet normal 0 0 0
outer loop
vertex 4.822367 9.117887 10.839372
vertex 4.801891 9.097134 10.839372
vertex 4.801891 9.117887 10.839372
endloop
endfacet
facet normal 0 0 0
outer loop
vertex 4.822367 9.117887 10.839372
vertex 4.842843 9.097134 10.839372
vertex 4.822367 9.097134 10.839372
endloop
endfacet
facet normal 0 0 0
outer loop
vertex 4.801891 9.138640 10.839372
vertex 4.822367 9.117887 10.839372
vertex 4.801891 9.117887 10.839372
endloop
endfacet
facet normal 0 0 0
outer loop
vertex 4.842843 8.827341 10.839372
vertex 4.863318 8.806587 10.839372
vertex 4.863318 8.827341 10.839372
endloop
endfacet
facet normal 0 0 0
outer loop
vertex 4.883794 8.806587 10.839372
vertex 4.883794 8.827341 10.839372
vertex 4.863318 8.806587 10.839372
endloop
endfacet
facet normal 0 0 0
outer loop
vertex 4.883794 8.827341 10.839372
vertex 4.863318 8.827341 10.839372
vertex 4.863318 8.806587 10.839372
endloop
endfacet
facet normal 0 0 0
outer loop
vertex 4.883794 8.806587 10.839372
vertex 4.904270 8.827341 10.839372
vertex 4.883794 8.827341 10.839372
endloop
endfacet
facet normal 0 0 0
outer loop
vertex 4.863318 8.827341 10.839372
vertex 4.863318 8.848094 10.839372
vertex 4.842843 8.827341 10.839372
endloop
endfacet
facet normal 0 0 0
outer loop
vertex 4.863318 8.848094 10.839372
vertex 4.842843 8.848094 10.839372
vertex 4.842843 8.827341 10.839372
endloop
endfacet
facet normal 0 0 0
outer loop
vertex 4.883794 8.827341 10.839372
vertex 4.883794 8.848094 10.839372
vertex 4.863318 8.827341 10.839372
endloop
endfacet
facet normal 0 0 0
outer loop
vertex 4.883794 8.848094 10.839372
vertex 4.863318 8.848094 10.839372
vertex 4.863318 8.827341 10.839372
endloop
endfacet
facet normal 0 0 0
outer loop
vertex 4.904270 8.827341 10.839372
vertex 4.904270 8.848094 10.839372
vertex 4.883794 8.827341 10.839372
endloop
endfacet
facet normal 0 0 0
outer loop
vertex 4.904270 8.848094 10.839372
vertex 4.883794 8.848094 10.839372
vertex 4.883794 8.827341 10.839372
endloop
endfacet
facet normal 0 0 0
outer loop
vertex 4.822367 8.868848 10.839372
vertex 4.842843 8.848094 10.839372
vertex 4.842843 8.868848 10.839372
endloop
endfacet
facet normal 0 0 0
outer loop
vertex 4.863318 8.848094 10.839372
vertex 4.863318 8.868848 10.839372
vertex 4.842843 8.848094 10.839372
endloop
endfacet
facet normal 0 0 0
outer loop
vertex 4.863318 8.868848 10.839372
vertex 4.842843 8.868848 10.839372
vertex 4.842843 8.848094 10.839372
endloop
endfacet
facet normal 0 0 0
outer loop
vertex 4.883794 8.848094 10.839372
vertex 4.883794 8.868848 10.839372
vertex 4.863318 8.848094 10.839372
endloop
endfacet
facet normal 0 0 0
outer loop
vertex 4.883794 8.868848 10.839372
vertex 4.863318 8.868848 10.839372
vertex 4.863318 8.848094 10.839372
endloop
endfacet
facet normal 0 0 0
outer loop
vertex 4.904270 8.848094 10.839372
vertex 4.904270 8.868848 10.839372
vertex 4.883794 8.848094 10.839372
endloop
endfacet
facet normal 0 0 0
outer loop
vertex 4.904270 8.868848 10.839372
vertex 4.883794 8.868848 10.839372
vertex 4.883794 8.848094 10.839372
endloop
endfacet
facet normal 0 0 0
outer loop
vertex 4.842843 8.889601 10.859372
vertex 4.822367 8.868848 10.839372
vertex 4.842843 8.868848 10.839372
endloop
endfacet
facet normal 0 0 0
outer loop
vertex 4.842843 8.889601 10.859372
vertex 4.842843 8.889601 10.839372
vertex 4.822367 8.868848 10.839372
endloop
endfacet
facet normal 0 0 0
outer loop
vertex 4.863318 8.868848 10.839372
vertex 4.842843 8.889601 10.859372
vertex 4.842843 8.868848 10.839372
endloop
endfacet
facet normal 0 0 0
outer loop
vertex 4.863318 8.889601 10.859372
vertex 4.842843 8.889601 10.859372
vertex 4.863318 8.868848 10.839372
endloop
endfacet
facet normal 0 0 0
outer loop
vertex 4.883794 8.868848 10.839372
vertex 4.863318 8.889601 10.859372
vertex 4.863318 8.868848 10.839372
endloop
endfacet
facet normal 0 0 0
outer loop
vertex 4.883794 8.889601 10.859372
vertex 4.863318 8.889601 10.859372
vertex 4.883794 8.868848 10.839372
endloop
endfacet
facet normal 0 0 0
outer loop
vertex 4.883794 8.889601 10.859372
vertex 4.883794 8.868848 10.839372
vertex 4.904270 8.889601 10.839372
endloop
endfacet
facet normal 0 0 0
outer loop
vertex 4.883794 8.868848 10.839372
vertex 4.904270 8.868848 10.839372
vertex 4.904270 8.889601 10.839372
endloop
endfacet
facet normal 0 0 0
outer loop
vertex 4.822367 8.910354 10.839372
vertex 4.842843 8.889601 10.839372
vertex 4.842843 8.910354 10.859372
endloop
endfacet
facet normal 0 0 0
outer loop
vertex 4.842843 8.889601 10.839372
vertex 4.842843 8.889601 10.859372
vertex 4.842843 8.910354 10.859372
endloop
endfacet
facet normal 0 0 0
outer loop
vertex 4.904270 8.889601 10.839372
vertex 4.904270 8.910354 10.859372
vertex 4.883794 8.889601 10.859372
endloop
endfacet
facet normal 0 0 0
outer loop
vertex 4.904270 8.910354 10.859372
vertex 4.904270 8.889601 10.839372
vertex 4.904270 8.910354 10.839372
endloop
endfacet
facet normal 0 0 0
outer loop
vertex 4.822367 8.910354 10.839372
vertex 4.822367 8.931108 10.859372
vertex 4.801891 8.931108 10.839372
endloop
endfacet
facet normal 0 0 0
outer loop
vertex 4.842843 8.910354 10.859372
vertex 4.822367 8.931108 10.859372
vertex 4.822367 8.910354 10.839372
endloop
endfacet
facet normal 0 0 0
outer loop
vertex 4.904270 8.910354 10.839372
vertex 4.904270 8.931108 10.839372
vertex 4.904270 8.910354 10.859372
endloop
endfacet
facet normal 0 0 0
outer loop
vertex 4.904270 8.910354 10.859372
vertex 4.904270 8.931108 10.839372
vertex 4.904270 8.931108 10.859372
endloop
endfacet
facet normal 0 0 0
outer loop
vertex 4.822367 8.951860 10.859372
vertex 4.801891 8.931108 10.839372
vertex 4.822367 8.931108 10.859372
endloop
endfacet
facet normal 0 0 0
outer loop
vertex 4.801891 8.951860 10.839372
vertex 4.801891 8.931108 10.839372
vertex 4.822367 8.951860 10.859372
endloop
endfacet
facet normal 0 0 0
outer loop
vertex 4.904270 8.931108 10.839372
vertex 4.883794 8.951860 10.839372
vertex 4.904270 8.951860 10.859372
endloop
endfacet
facet normal 0 0 0
outer loop
vertex 4.904270 8.931108 10.839372
vertex 4.904270 8.951860 10.859372
vertex 4.904270 8.931108 10.859372
endloop
endfacet
facet normal 0 0 0
outer loop
vertex 4.801891 8.951860 10.839372
vertex 4.801891 8.972614 10.859372
vertex 4.801891 8.972614 10.839372
endloop
endfacet
facet normal 0 0 0
outer loop
vertex 4.822367 8.951860 10.859372
vertex 4.801891 8.972614 10.859372
vertex 4.801891 8.951860 10.839372
endloop
endfacet
facet normal 0 0 0
outer loop
vertex 4.904270 8.951860 10.859372
vertex 4.883794 8.951860 10.839372
vertex 4.883794 8.972614 10.859372
endloop
endfacet
facet normal 0 0 0
outer loop
vertex 4.883794 8.951860 10.839372
vertex 4.883794 8.972614 10.839372
vertex 4.883794 8.972614 10.859372
endloop
endfacet
facet normal 0 0 0
outer loop
vertex 4.801891 8.972614 10.859372
vertex 4.801891 8.993367 10.839372
vertex 4.801891 8.972614 10.839372
endloop
endfacet
facet normal 0 0 0
outer loop
vertex 4.801891 8.972614 10.859372
vertex 4.822367 8.993367 10.859372
vertex 4.801891 8.993367 10.839372
endloop
endfacet
facet normal 0 0 0
outer loop
vertex 4.883794 8.972614 10.839372
vertex 4.883794 8.993367 10.839372
vertex 4.883794 8.972614 10.859372
endloop
endfacet
facet normal 0 0 0
outer loop
vertex 4.883794 8.972614 10.859372
vertex 4.883794 8.993367 10.839372
vertex 4.883794 8.993367 10.859372
endloop
endfacet
facet normal 0 0 0
outer loop
vertex 4.822367 9.014121 10.859372
vertex 4.801891 8.993367 10.839372
vertex 4.822367 8.993367 10.859372
endloop
endfacet
facet normal 0 0 0
outer loop
vertex 4.801891 9.014121 10.839372
vertex 4.801891 8.993367 10.839372
vertex 4.822367 9.014121 10.859372
endloop
endfacet
facet normal 0 0 0
outer loop
vertex 4.883794 8.993367 10.839372
vertex 4.883794 9.014121 10.839372
vertex 4.883794 8.993367 10.859372
endloop
endfacet
facet normal 0 0 0
outer loop
vertex 4.883794 8.993367 10.859372
vertex 4.883794 9.014121 10.839372
vertex 4.883794 9.014121 10.859372
endloop
endfacet
facet normal 0 0 0
outer loop
vertex 4.781415 9.034874 10.839372
vertex 4.801891 9.014121 10.839372
vertex 4.801891 9.034874 10.839372
endloop
endfacet
facet normal 0 0 0
outer loop
vertex 4.822367 9.034874 10.859372
vertex 4.801891 9.014121 10.839372
vertex 4.822367 9.014121 10.859372
endloop
endfacet
facet normal 0 0 0
outer loop
vertex 4.801891 9.034874 10.839372
vertex 4.801891 9.014121 10.839372
vertex 4.822367 9.034874 10.859372
endloop
endfacet
facet normal 0 0 0
outer loop
vertex 4.883794 9.014121 10.839372
vertex 4.883794 9.034874 10.839372
vertex 4.883794 9.014121 10.859372
endloop
endfacet
facet normal 0 0 0
outer loop
vertex 4.883794 9.014121 10.859372
vertex 4.883794 9.034874 10.839372
vertex 4.883794 9.034874 10.859372
endloop
endfacet
facet normal 0 0 0
outer loop
vertex 4.801891 9.055627 10.859372
vertex 4.781415 9.055627 10.839372
vertex 4.801891 9.034874 10.839372
endloop
endfacet
facet normal 0 0 0
outer loop
vertex 4.781415 9.055627 10.839372
vertex 4.781415 9.034874 10.839372
vertex 4.801891 9.034874 10.839372
endloop
endfacet
facet normal 0 0 0
outer loop
vertex 4.822367 9.034874 10.859372
vertex 4.801891 9.055627 10.859372
vertex 4.801891 9.034874 10.839372
endloop
endfacet
facet normal 0 0 0
outer loop
vertex 4.883794 9.034874 10.839372
vertex 4.863318 9.055627 10.839372
vertex 4.883794 9.055627 10.859372
endloop
endfacet
facet normal 0 0 0
outer loop
vertex 4.883794 9.034874 10.839372
vertex 4.883794 9.055627 10.859372
vertex 4.883794 9.034874 10.859372
endloop
endfacet
facet normal 0 0 0
outer loop
vertex 4.781415 9.055627 10.839372
vertex 4.801891 9.055627 10.859372
vertex 4.801891 9.076381 10.839372
endloop
endfacet
facet normal 0 0 0
outer loop
vertex 4.801891 9.055627 10.859372
vertex 4.801891 9.076381 10.859372
vertex 4.801891 9.076381 10.839372
endloop
endfacet
facet normal 0 0 0
outer loop
vertex 4.883794 9.055627 10.859372
vertex 4.863318 9.055627 10.839372
vertex 4.863318 9.076381 10.859372
endloop
endfacet
facet normal 0 0 0
outer loop
vertex 4.863318 9.055627 10.839372
vertex 4.863318 9.076381 10.839372
vertex 4.863318 9.076381 10.859372
endloop
endfacet
facet normal 0 0 0
outer loop
vertex 4.801891 9.076381 10.839372
vertex 4.801891 9.076381 10.859372
vertex 4.801891 9.097134 10.839372
endloop
endfacet
facet normal 0 0 0
outer loop
vertex 4.801891 9.076381 10.859372
vertex 4.801891 9.097134 10.859372
vertex 4.801891 9.097134 10.839372
endloop
endfacet
facet normal 0 0 0
outer loop
vertex 4.863318 9.076381 10.839372
vertex 4.842843 9.097134 10.839372
vertex 4.863318 9.097134 10.859372
endloop
endfacet
facet normal 0 0 0
outer loop
vertex 4.863318 9.076381 10.839372
vertex 4.863318 9.097134 10.859372
vertex 4.863318 9.076381 10.859372
endloop
endfacet
facet normal 0 0 0
outer loop
vertex 4.801891 9.097134 10.839372
vertex 4.801891 9.097134 10.859372
vertex 4.801891 9.117887 10.839372
endloop
endfacet
facet normal 0 0 0
outer loop
vertex 4.801891 9.097134 10.859372
vertex 4.801891 9.117887 10.859372
vertex 4.801891 9.117887 10.839372
endloop
endfacet
facet normal 0 0 0
outer loop
vertex 4.842843 9.097134 10.839372
vertex 4.822367 9.117887 10.839372
vertex 4.842843 9.117887 10.859372
endloop
endfacet
facet normal 0 0 0
outer loop
vertex 4.842843 9.097134 10.839372
vertex 4.842843 9.117887 10.859372
vertex 4.863318 9.097134 10.859372
endloop
endfacet
facet normal 0 0 0
outer loop
vertex 4.842843 9.117887 10.859372
vertex 4.863318 9.117887 10.859372
vertex 4.863318 9.097134 10.859372
endloop
endfacet
facet normal 0 0 0
outer loop
vertex 4.801891 9.117887 10.839372
vertex 4.801891 9.117887 10.859372
vertex 4.801891 9.138640 10.839372
endloop
endfacet
facet normal 0 0 0
outer loop
vertex 4.801891 9.117887 10.859372
vertex 4.801891 9.138640 10.859372
vertex 4.801891 9.138640 10.839372
endloop
endfacet
facet normal 0 0 0
outer loop
vertex 4.822367 9.117887 10.839372
vertex 4.801891 9.138640 10.839372
vertex 4.822367 9.138640 10.859372
endloop
endfacet
facet normal 0 0 0
outer loop
vertex 4.822367 9.117887 10.839372
vertex 4.822367 9.138640 10.859372
vertex 4.842843 9.117887 10.859372
endloop
endfacet
facet normal 0 0 0
outer loop
vertex 4.822367 9.138640 10.859372
vertex 4.842843 9.138640 10.859372
vertex 4.842843 9.117887 10.859372
endloop
endfacet
facet normal 0 0 0
outer loop
vertex 4.863318 9.117887 10.859372
vertex 4.842843 9.117887 10.859372
vertex 4.863318 9.138640 10.859372
endloop
endfacet
facet normal 0 0 0
outer loop
vertex 4.863318 9.138640 10.859372
vertex 4.842843 9.117887 10.859372
vertex 4.842843 9.138640 10.859372
endloop
endfacet
facet normal 0 0 0
outer loop
vertex 4.801891 9.138640 10.839372
vertex 4.781415 9.159394 10.859372
vertex 4.801891 9.159394 10.859372
endloop
endfacet
facet normal 0 0 0
outer loop
vertex 4.801891 9.138640 10.839372
vertex 4.801891 9.138640 10.859372
vertex 4.781415 9.159394 10.859372
endloop
endfacet
facet normal 0 0 0
outer loop
vertex 4.801891 9.138640 10.839372
vertex 4.801891 9.159394 10.859372
vertex 4.822367 9.138640 10.859372
endloop
endfacet
facet normal 0 0 0
outer loop
vertex 4.801891 9.159394 10.859372
vertex 4.822367 9.159394 10.859372
vertex 4.822367 9.138640 10.859372
endloop
endfacet
facet normal 0 0 0
outer loop
vertex 4.842843 9.138640 10.859372
vertex 4.822367 9.138640 10.859372
vertex 4.842843 9.159394 10.859372
endloop
endfacet
facet normal 0 0 0
outer loop
vertex 4.842843 9.159394 10.859372
vertex 4.822367 9.138640 10.859372
vertex 4.822367 9.159394 10.859372
endloop
endfacet
facet normal 0 0 0
outer loop
vertex 4.863318 9.138640 10.859372
vertex 4.842843 9.138640 10.859372
vertex 4.863318 9.159394 10.859372
endloop
endfacet
facet normal 0 0 0
outer loop
vertex 4.863318 9.159394 10.859372
vertex 4.842843 9.138640 10.859372
vertex 4.842843 9.159394 10.859372
endloop
endfacet
facet normal 0 0 0
outer loop
vertex 4.781415 9.159394 10.859372
vertex 4.801891 9.180147 10.859372
vertex 4.801891 9.159394 10.859372
endloop
endfacet
facet normal 0 0 0
outer loop
vertex 4.822367 9.159394 10.859372
vertex 4.801891 9.159394 10.859372
vertex 4.822367 9.180147 10.859372
endloop
endfacet
facet normal 0 0 0
outer loop
vertex 4.822367 9.180147 10.859372
vertex 4.801891 9.159394 10.859372
vertex 4.801891 9.180147 10.859372
endloop
endfacet
facet normal 0 0 0
outer loop
vertex 4.842843 9.159394 10.859372
vertex 4.822367 9.159394 10.859372
vertex 4.842843 9.180147 10.859372
endloop
endfacet
facet normal 0 0 0
outer loop
vertex 4.842843 9.180147 10.859372
vertex 4.822367 9.159394 10.859372
vertex 4.822367 9.180147 10.859372
endloop
endfacet
facet normal 0 0 0
outer loop
vertex 4.842843 9.180147 10.859372
vertex 4.863318 9.159394 10.859372
vertex 4.842843 9.159394 10.859372
endloop
endfacet
facet normal 0 0 0
outer loop
vertex 4.822367 9.180147 10.859372
vertex 4.801891 9.180147 10.859372
vertex 4.822367 9.200901 10.859372
endloop
endfacet
facet normal 0 0 0
outer loop
vertex 4.822367 9.200901 10.859372
vertex 4.801891 9.180147 10.859372
vertex 4.801891 9.200901 10.859372
endloop
endfacet
facet normal 0 0 0
outer loop
vertex 4.842843 9.180147 10.859372
vertex 4.822367 9.180147 10.859372
vertex 4.842843 9.200901 10.859372
endloop
endfacet
facet normal 0 0 0
outer loop
vertex 4.842843 9.200901 10.859372
vertex 4.822367 9.180147 10.859372
vertex 4.822367 9.200901 10.859372
endloop
endfacet
facet normal 0 0 0
outer loop
vertex 4.801891 9.200901 10.859372
vertex 4.781415 9.221654 10.859372
vertex 4.801891 9.221654 10.859372
endloop
endfacet
facet normal 0 0 0
outer loop
vertex 4.822367 9.200901 10.859372
vertex 4.801891 9.200901 10.859372
vertex 4.822367 9.221654 10.859372
endloop
endfacet
facet normal 0 0 0
outer loop
vertex 4.822367 9.221654 10.859372
vertex 4.801891 9.200901 10.859372
vertex 4.801891 9.221654 10.859372
endloop
endfacet
facet normal 0 0 0
outer loop
vertex 4.822367 9.221654 10.859372
vertex 4.842843 9.200901 10.859372
vertex 4.822367 9.200901 10.859372
endloop
endfacet
facet normal 0 0 0
outer loop
vertex 4.781415 9.242407 10.859372
vertex 4.801891 9.221654 10.859372
vertex 4.781415 9.221654 10.859372
endloop
endfacet
facet normal 0 0 0
outer loop
vertex 4.863318 8.889601 10.859372
vertex 4.863318 8.910354 10.859372
vertex 4.842843 8.889601 10.859372
endloop
endfacet
facet normal 0 0 0
outer loop
vertex 4.863318 8.910354 10.859372
vertex 4.842843 8.910354 10.859372
vertex 4.842843 8.889601 10.859372
endloop
endfacet
facet normal 0 0 0
outer loop
vertex 4.883794 8.889601 10.859372
vertex 4.883794 8.910354 10.859372
vertex 4.863318 8.889601 10.859372
endloop
endfacet
facet normal 0 0 0
outer loop
vertex 4.883794 8.910354 10.859372
vertex 4.863318 8.910354 10.859372
vertex 4.863318 8.889601 10.859372
endloop
endfacet
facet normal 0 0 0
outer loop
vertex 4.883794 8.889601 10.859372
vertex 4.904270 8.910354 10.859372
vertex 4.883794 8.910354 10.859372
endloop
endfacet
facet normal 0 0 0
outer loop
vertex 4.822367 8.931108 10.859372
vertex 4.842843 8.910354 10.859372
vertex 4.842843 8.931108 10.859372
endloop
endfacet
facet normal 0 0 0
outer loop
vertex 4.863318 8.910354 10.859372
vertex 4.863318 8.931108 10.859372
vertex 4.842843 8.910354 10.859372
endloop
endfacet
facet normal 0 0 0
outer loop
vertex 4.863318 8.931108 10.859372
vertex 4.842843 8.931108 10.859372
vertex 4.842843 8.910354 10.859372
endloop
endfacet
facet normal 0 0 0
outer loop
vertex 4.883794 8.910354 10.859372
vertex 4.883794 8.931108 10.859372
vertex 4.863318 8.910354 10.859372
endloop
endfacet
facet normal 0 0 0
outer loop
vertex 4.883794 8.931108 10.859372
vertex 4.863318 8.931108 10.859372
vertex 4.863318 8.910354 10.859372
endloop
endfacet
facet normal 0 0 0
outer loop
vertex 4.904270 8.910354 10.859372
vertex 4.904270 8.931108 10.859372
vertex 4.883794 8.910354 10.859372
endloop
endfacet
facet normal 0 0 0
outer loop
vertex 4.904270 8.931108 10.859372
vertex 4.883794 8.931108 10.859372
vertex 4.883794 8.910354 10.859372
endloop
endfacet
facet normal 0 0 0
outer loop
vertex 4.842843 8.931108 10.859372
vertex 4.842843 8.951860 10.859372
vertex 4.822367 8.931108 10.859372
endloop
endfacet
facet normal 0 0 0
outer loop
vertex 4.842843 8.951860 10.859372
vertex 4.822367 8.951860 10.859372
vertex 4.822367 8.931108 10.859372
endloop
endfacet
facet normal 0 0 0
outer loop
vertex 4.863318 8.931108 10.859372
vertex 4.863318 8.951860 10.859372
vertex 4.842843 8.931108 10.859372
endloop
endfacet
facet normal 0 0 0
outer loop
vertex 4.863318 8.951860 10.859372
vertex 4.842843 8.951860 10.859372
vertex 4.842843 8.931108 10.859372
endloop
endfacet
facet normal 0 0 0
outer loop
vertex 4.883794 8.931108 10.859372
vertex 4.883794 8.951860 10.859372
vertex 4.863318 8.931108 10.859372
endloop
endfacet
facet normal 0 0 0
outer loop
vertex 4.883794 8.951860 10.859372
vertex 4.863318 8.951860 10.859372
vertex 4.863318 8.931108 10.859372
endloop
endfacet
facet normal 0 0 0
outer loop
vertex 4.904270 8.931108 10.859372
vertex 4.904270 8.951860 10.859372
vertex 4.883794 8.931108 10.859372
endloop
endfacet
facet normal 0 0 0
outer loop
vertex 4.904270 8.951860 10.859372
vertex 4.883794 8.951860 10.859372
vertex 4.883794 8.931108 10.859372
endloop
endfacet
facet normal 0 0 0
outer loop
vertex 4.822367 8.951860 10.859372
vertex 4.822367 8.972614 10.879372
vertex 4.801891 8.972614 10.859372
endloop
endfacet
facet normal 0 0 0
outer loop
vertex 4.842843 8.951860 10.859372
vertex 4.822367 8.972614 10.879372
vertex 4.822367 8.951860 10.859372
endloop
endfacet
facet normal 0 0 0
outer loop
vertex 4.842843 8.972614 10.879372
vertex 4.822367 8.972614 10.879372
vertex 4.842843 8.951860 10.859372
endloop
endfacet
facet normal 0 0 0
outer loop
vertex 4.863318 8.951860 10.859372
vertex 4.842843 8.972614 10.879372
vertex 4.842843 8.951860 10.859372
endloop
endfacet
facet normal 0 0 0
outer loop
vertex 4.863318 8.972614 10.879372
vertex 4.842843 8.972614 10.879372
vertex 4.863318 8.951860 10.859372
endloop
endfacet
facet normal 0 0 0
outer loop
vertex 4.883794 8.951860 10.859372
vertex 4.863318 8.972614 10.879372
vertex 4.863318 8.951860 10.859372
endloop
endfacet
facet normal 0 0 0
outer loop
vertex 4.883794 8.972614 10.879372
vertex 4.863318 8.972614 10.879372
vertex 4.883794 8.951860 10.859372
endloop
endfacet
facet normal 0 0 0
outer loop
vertex 4.904270 8.951860 10.859372
vertex 4.883794 8.972614 10.859372
vertex 4.883794 8.972614 10.879372
endloop
endfacet
facet normal 0 0 0
outer loop
vertex 4.904270 8.951860 10.859372
vertex 4.883794 8.972614 10.879372
vertex 4.883794 8.951860 10.859372
endloop
endfacet
facet normal 0 0 0
outer loop
vertex 4.801891 8.972614 10.859372
vertex 4.822367 8.972614 10.879372
vertex 4.822367 8.993367 10.859372
endloop
endfacet
facet normal 0 0 0
outer loop
vertex 4.822367 8.972614 10.879372
vertex 4.822367 8.993367 10.879372
vertex 4.822367 8.993367 10.859372
endloop
endfacet
facet normal 0 0 0
outer loop
vertex 4.883794 8.972614 10.859372
vertex 4.883794 8.993367 10.859372
vertex 4.883794 8.972614 10.879372
endloop
endfacet
facet normal 0 0 0
outer loop
vertex 4.883794 8.972614 10.879372
vertex 4.883794 8.993367 10.859372
vertex 4.883794 8.993367 10.879372
endloop
endfacet
facet normal 0 0 0
outer loop
vertex 4.822367 8.993367 10.859372
vertex 4.822367 8.993367 10.879372
vertex 4.822367 9.014121 10.859372
endloop
endfacet
facet normal 0 0 0
outer loop
vertex 4.822367 8.993367 10.879372
vertex 4.822367 9.014121 10.879372
vertex 4.822367 9.014121 10.859372
endloop
endfacet
facet normal 0 0 0
outer loop
vertex 4.883794 8.993367 10.859372
vertex 4.883794 9.014121 10.859372
vertex 4.883794 8.993367 10.879372
endloop
endfacet
facet normal 0 0 0
outer loop
vertex 4.883794 8.993367 10.879372
vertex 4.883794 9.014121 10.859372
vertex 4.883794 9.014121 10.879372
endloop
endfacet
facet normal 0 0 0
outer loop
vertex 4.822367 9.014121 10.859372
vertex 4.822367 9.014121 10.879372
vertex 4.822367 9.034874 10.859372
endloop
endfacet
facet normal 0 0 0
outer loop
vertex 4.822367 9.014121 10.879372
vertex 4.822367 9.034874 10.879372
vertex 4.822367 9.034874 10.859372
endloop
endfacet
facet normal 0 0 0
outer loop
vertex 4.883794 9.014121 10.859372
vertex 4.883794 9.034874 10.859372
vertex 4.883794 9.014121 10.879372
endloop
endfacet
facet normal 0 0 0
outer loop
vertex 4.883794 9.014121 10.879372
vertex 4.883794 9.034874 10.859372
vertex 4.883794 9.034874 10.879372
endloop
endfacet
facet normal 0 0 0
outer loop
vertex 4.801891 9.055627 10.859372
vertex 4.822367 9.034874 10.859372
vertex 4.822367 9.055627 10.879372
endloop
endfacet
facet normal 0 0 0
outer loop
vertex 4.822367 9.034874 10.859372
vertex 4.822367 9.034874 10.879372
vertex 4.822367 9.055627 10.879372
endloop
endfacet
facet normal 0 0 0
outer loop
vertex 4.883794 9.034874 10.859372
vertex 4.883794 9.055627 10.859372
vertex 4.883794 9.034874 10.879372
endloop
endfacet
facet normal 0 0 0
outer loop
vertex 4.883794 9.034874 10.879372
vertex 4.883794 9.055627 10.859372
vertex 4.883794 9.055627 10.879372
endloop
endfacet
facet normal 0 0 0
outer loop
vertex 4.801891 9.055627 10.859372
vertex 4.801891 9.076381 10.879372
vertex 4.801891 9.076381 10.859372
endloop
endfacet
facet normal 0 0 0
outer loop
vertex 4.822367 9.055627 10.879372
vertex 4.801891 9.076381 10.879372
vertex 4.801891 9.055627 10.859372
endloop
endfacet
facet normal 0 0 0
outer loop
vertex 4.883794 9.055627 10.859372
vertex 4.863318 9.076381 10.859372
vertex 4.883794 9.076381 10.879372
endloop
endfacet
facet normal 0 0 0
outer loop
vertex 4.883794 9.055627 10.859372
vertex 4.883794 9.076381 10.879372
vertex 4.883794 9.055627 10.879372
endloop
endfacet
facet normal 0 0 0
outer loop
vertex 4.801891 9.076381 10.859372
vertex 4.801891 9.076381 10.879372
vertex 4.801891 9.097134 10.859372
endloop
endfacet
facet normal 0 0 0
outer loop
vertex 4.801891 9.076381 10.879372
vertex 4.801891 9.097134 10.879372
vertex 4.801891 9.097134 10.859372
endloop
endfacet
facet normal 0 0 0
outer loop
vertex 4.883794 9.076381 10.879372
vertex 4.863318 9.097134 10.859372
vertex 4.883794 9.097134 10.879372
endloop
endfacet
facet normal 0 0 0
outer loop
vertex 4.863318 9.076381 10.859372
vertex 4.863318 9.097134 10.859372
vertex 4.883794 9.076381 10.879372
endloop
endfacet
facet normal 0 0 0
outer loop
vertex 4.801891 9.097134 10.859372
vertex 4.801891 9.097134 10.879372
vertex 4.801891 9.117887 10.859372
endloop
endfacet
facet normal 0 0 0
outer loop
vertex 4.801891 9.097134 10.879372
vertex 4.801891 9.117887 10.879372
vertex 4.801891 9.117887 10.859372
endloop
endfacet
facet normal 0 0 0
outer loop
vertex 4.883794 9.097134 10.879372
vertex 4.863318 9.117887 10.859372
vertex 4.883794 9.117887 10.879372
endloop
endfacet
facet normal 0 0 0
outer loop
vertex 4.863318 9.097134 10.859372
vertex 4.863318 9.117887 10.859372
vertex 4.883794 9.097134 10.879372
endloop
endfacet
facet normal 0 0 0
outer loop
vertex 4.801891 9.117887 10.859372
vertex 4.801891 9.117887 10.879372
vertex 4.801891 9.138640 10.859372
endloop
endfacet
facet normal 0 0 0
outer loop
vertex 4.801891 9.117887 10.879372
vertex 4.801891 9.138640 10.879372
vertex 4.801891 9.138640 10.859372
endloop
endfacet
facet normal 0 0 0
outer loop
vertex 4.883794 9.117887 10.879372
vertex 4.863318 9.138640 10.859372
vertex 4.883794 9.138640 10.879372
endloop
endfacet
facet normal 0 0 0
outer loop
vertex 4.863318 9.117887 10.859372
vertex 4.863318 9.138640 10.859372
vertex 4.883794 9.117887 10.879372
endloop
endfacet
facet normal 0 0 0
outer loop
vertex 4.781415 9.159394 10.859372
vertex 4.801891 9.138640 10.859372
vertex 4.801891 9.159394 10.879372
endloop
endfacet
facet normal 0 0 0
outer loop
vertex 4.801891 9.138640 10.859372
vertex 4.801891 9.138640 10.879372
vertex 4.801891 9.159394 10.879372
endloop
endfacet
facet normal 0 0 0
outer loop
vertex 4.883794 9.138640 10.879372
vertex 4.863318 9.159394 10.859372
vertex 4.883794 9.159394 10.879372
endloop
endfacet
facet normal 0 0 0
outer loop
vertex 4.863318 9.138640 10.859372
vertex 4.863318 9.159394 10.859372
vertex 4.883794 9.138640 10.879372
endloop
endfacet
facet normal 0 0 0
outer loop
vertex 4.781415 9.159394 10.859372
vertex 4.801891 9.159394 10.879372
vertex 4.801891 9.180147 10.859372
endloop
endfacet
facet normal 0 0 0
outer loop
vertex 4.801891 9.159394 10.879372
vertex 4.801891 9.180147 10.879372
vertex 4.801891 9.180147 10.859372
endloop
endfacet
facet normal 0 0 0
outer loop
vertex 4.863318 9.159394 10.859372
vertex 4.842843 9.180147 10.859372
vertex 4.863318 9.180147 10.879372
endloop
endfacet
facet normal 0 0 0
outer loop
vertex 4.863318 9.159394 10.859372
vertex 4.863318 9.180147 10.879372
vertex 4.883794 9.159394 10.879372
endloop
endfacet
facet normal 0 0 0
outer loop
vertex 4.801891 9.180147 10.859372
vertex 4.801891 9.180147 10.879372
vertex 4.801891 9.200901 10.859372
endloop
endfacet
facet normal 0 0 0
outer loop
vertex 4.801891 9.180147 10.879372
vertex 4.801891 9.200901 10.879372
vertex 4.801891 9.200901 10.859372
endloop
endfacet
facet normal 0 0 0
outer loop
vertex 4.863318 9.180147 10.879372
vertex 4.842843 9.200901 10.859372
vertex 4.863318 9.200901 10.879372
endloop
endfacet
facet normal 0 0 0
outer loop
vertex 4.842843 9.180147 10.859372
vertex 4.842843 9.200901 10.859372
vertex 4.863318 9.180147 10.879372
endloop
endfacet
facet normal 0 0 0
outer loop
vertex 4.801891 9.200901 10.879372
vertex 4.781415 9.221654 10.859372
vertex 4.801891 9.200901 10.859372
endloop
endfacet
facet normal 0 0 0
outer loop
vertex 4.781415 9.221654 10.879372
vertex 4.781415 9.221654 10.859372
vertex 4.801891 9.200901 10.879372
endloop
endfacet
facet normal 0 0 0
outer loop
vertex 4.842843 9.200901 10.859372
vertex 4.822367 9.221654 10.859372
vertex 4.842843 9.221654 10.879372
endloop
endfacet
facet normal 0 0 0
outer loop
vertex 4.842843 9.200901 10.859372
vertex 4.842843 9.221654 10.879372
vertex 4.863318 9.200901 10.879372
endloop
endfacet
facet normal 0 0 0
outer loop
vertex 4.842843 9.221654 10.879372
vertex 4.863318 9.221654 10.879372
vertex 4.863318 9.200901 10.879372
endloop
endfacet
facet normal 0 0 0
outer loop
vertex 4.781415 9.221654 10.859372
vertex 4.781415 9.221654 10.879372
vertex 4.781415 9.242407 10.859372
endloop
endfacet
facet normal 0 0 0
outer loop
vertex 4.781415 9.221654 10.879372
vertex 4.781415 9.242407 10.879372
vertex 4.781415 9.242407 10.859372
endloop
endfacet
facet normal 0 0 0
outer loop
vertex 4.801891 9.221654 10.859372
vertex 4.781415 9.242407 10.859372
vertex 4.801891 9.242407 10.879372
endloop
endfacet
facet normal 0 0 0
outer loop
vertex 4.801891 9.221654 10.859372
vertex 4.822367 9.242407 10.879372
vertex 4.822367 9.221654 10.859372
endloop
endfacet
facet normal 0 0 0
outer loop
vertex 4.801891 9.242407 10.879372
vertex 4.822367 9.242407 10.879372
vertex 4.801891 9.221654 10.859372
endloop
endfacet
facet normal 0 0 0
outer loop
vertex 4.822367 9.221654 10.859372
vertex 4.822367 9.242407 10.879372
vertex 4.842843 9.221654 10.879372
endloop
endfacet
facet normal 0 0 0
outer loop
vertex 4.822367 9.242407 10.879372
vertex 4.842843 9.242407 10.879372
vertex 4.842843 9.221654 10.879372
endloop
endfacet
facet normal 0 0 0
outer loop
vertex 4.863318 9.221654 10.879372
vertex 4.842843 9.221654 10.879372
vertex 4.863318 9.242407 10.879372
endloop
endfacet
facet normal 0 0 0
outer loop
vertex 4.863318 9.242407 10.879372
vertex 4.842843 9.221654 10.879372
vertex 4.842843 9.242407 10.879372
endloop
endfacet
facet normal 0 0 0
outer loop
vertex 4.781415 9.263161 10.879372
vertex 4.781415 9.242407 10.859372
vertex 4.781415 9.242407 10.879372
endloop
endfacet
facet normal 0 0 0
outer loop
vertex 4.781415 9.242407 10.859372
vertex 4.781415 9.263161 10.879372
vertex 4.801891 9.242407 10.879372
endloop
endfacet
facet normal 0 0 0
outer loop
vertex 4.781415 9.263161 10.879372
vertex 4.801891 9.263161 10.879372
vertex 4.801891 9.242407 10.879372
endloop
endfacet
facet normal 0 0 0
outer loop
vertex 4.822367 9.242407 10.879372
vertex 4.801891 9.242407 10.879372
vertex 4.822367 9.263161 10.879372
endloop
endfacet
facet normal 0 0 0
outer loop
vertex 4.822367 9.263161 10.879372
vertex 4.801891 9.242407 10.879372
vertex 4.801891 9.263161 10.879372
endloop
endfacet
facet normal 0 0 0
outer loop
vertex 4.842843 9.242407 10.879372
vertex 4.822367 9.242407 10.879372
vertex 4.842843 9.263161 10.879372
endloop
endfacet
facet normal 0 0 0
outer loop
vertex 4.842843 9.263161 10.879372
vertex 4.822367 9.242407 10.879372
vertex 4.822367 9.263161 10.879372
endloop
endfacet
facet normal 0 0 0
outer loop
vertex 4.842843 9.263161 10.879372
vertex 4.863318 9.242407 10.879372
vertex 4.842843 9.242407 10.879372
endloop
endfacet
facet normal 0 0 0
outer loop
vertex 4.801891 9.263161 10.879372
vertex 4.781415 9.263161 10.879372
vertex 4.801891 9.283914 10.879372
endloop
endfacet
facet normal 0 0 0
outer loop
vertex 4.801891 9.283914 10.879372
vertex 4.781415 9.263161 10.879372
vertex 4.781415 9.283914 10.879372
endloop
endfacet
facet normal 0 0 0
outer loop
vertex 4.822367 9.263161 10.879372
vertex 4.801891 9.263161 10.879372
vertex 4.822367 9.283914 10.879372
endloop
endfacet
facet normal 0 0 0
outer loop
vertex 4.822367 9.283914 10.879372
vertex 4.801891 9.263161 10.879372
vertex 4.801891 9.283914 10.879372
endloop
endfacet
facet normal 0 0 0
outer loop
vertex 4.842843 9.263161 10.879372
vertex 4.822367 9.263161 10.879372
vertex 4.842843 9.283914 10.879372
endloop
endfacet
facet normal 0 0 0
outer loop
vertex 4.842843 9.283914 10.879372
vertex 4.822367 9.263161 10.879372
vertex 4.822367 9.283914 10.879372
endloop
endfacet
facet normal 0 0 0
outer loop
vertex 4.801891 9.283914 10.879372
vertex 4.781415 9.283914 10.879372
vertex 4.801891 9.304667 10.879372
endloop
endfacet
facet normal 0 0 0
outer loop
vertex 4.801891 9.304667 10.879372
vertex 4.781415 9.283914 10.879372
vertex 4.781415 9.304667 10.879372
endloop
endfacet
facet normal 0 0 0
outer loop
vertex 4.822367 9.283914 10.879372
vertex 4.801891 9.283914 10.879372
vertex 4.822367 9.304667 10.879372
endloop
endfacet
facet normal 0 0 0
outer loop
vertex 4.822367 9.304667 10.879372
vertex 4.801891 9.283914 10.879372
vertex 4.801891 9.304667 10.879372
endloop
endfacet
facet normal 0 0 0
outer loop
vertex 4.822367 9.304667 10.879372
vertex 4.842843 9.283914 10.879372
vertex 4.822367 9.283914 10.879372
endloop
endfacet
facet normal 0 0 0
outer loop
vertex 4.842843 8.972614 10.879372
vertex 4.842843 8.993367 10.879372
vertex 4.822367 8.972614 10.879372
endloop
endfacet
facet normal 0 0 0
outer loop
vertex 4.842843 8.993367 10.879372
vertex 4.822367 8.993367 10.879372
vertex 4.822367 8.972614 10.879372
endloop
endfacet
facet normal 0 0 0
outer loop
vertex 4.863318 8.972614 10.879372
vertex 4.863318 8.993367 10.879372
vertex 4.842843 8.972614 10.879372
endloop
endfacet
facet normal 0 0 0
outer loop
vertex 4.863318 8.993367 10.879372
vertex 4.842843 8.993367 10.879372
vertex 4.842843 8.972614 10.879372
endloop
endfacet
facet normal 0 0 0
outer loop
vertex 4.883794 8.972614 10.879372
vertex 4.883794 8.993367 10.879372
vertex 4.863318 8.972614 10.879372
endloop
endfacet
facet normal 0 0 0
outer loop
vertex 4.883794 8.993367 10.879372
vertex 4.863318 8.993367 10.879372
vertex 4.863318 8.972614 10.879372
endloop
endfacet
facet normal 0 0 0
outer loop
vertex 4.842843 8.993367 10.879372
vertex 4.842843 9.014121 10.879372
vertex 4.822367 8.993367 10.879372
endloop
endfacet
facet normal 0 0 0
outer loop
vertex 4.842843 9.014121 10.879372
vertex 4.822367 9.014121 10.879372
vertex 4.822367 8.993367 10.879372
endloop
endfacet
facet normal 0 0 0
outer loop
vertex 4.863318 8.993367 10.879372
vertex 4.863318 9.014121 10.879372
vertex 4.842843 8.993367 10.879372
endloop
endfacet
facet normal 0 0 0
outer loop
vertex 4.863318 9.014121 10.879372
vertex 4.842843 9.014121 10.879372
vertex 4.842843 8.993367 10.879372
endloop
endfacet
facet normal 0 0 0
outer loop
vertex 4.883794 8.993367 10.879372
vertex 4.883794 9.014121 10.879372
vertex 4.863318 8.993367 10.879372
endloop
endfacet
facet normal 0 0 0
outer loop
vertex 4.883794 9.014121 10.879372
vertex 4.863318 9.014121 10.879372
vertex 4.863318 8.993367 10.879372
endloop
endfacet
facet normal 0 0 0
outer loop
vertex 4.842843 9.014121 10.879372
vertex 4.842843 9.034874 10.879372
vertex 4.822367 9.014121 10.879372
endloop
endfacet
facet normal 0 0 0
outer loop
vertex 4.842843 9.034874 10.879372
vertex 4.822367 9.034874 10.879372
vertex 4.822367 9.014121 10.879372
endloop
endfacet
facet normal 0 0 0
outer loop
vertex 4.863318 9.014121 10.879372
vertex 4.863318 9.034874 10.879372
vertex 4.842843 9.014121 10.879372
endloop
endfacet
facet normal 0 0 0
outer loop
vertex 4.863318 9.034874 10.879372
vertex 4.842843 9.034874 10.879372
vertex 4.842843 9.014121 10.879372
endloop
endfacet
facet normal 0 0 0
outer loop
vertex 4.883794 9.014121 10.879372
vertex 4.883794 9.034874 10.879372
vertex 4.863318 9.014121 10.879372
endloop
endfacet
facet normal 0 0 0
outer loop
vertex 4.883794 9.034874 10.879372
vertex 4.863318 9.034874 10.879372
vertex 4.863318 9.014121 10.879372
endloop
endfacet
facet normal 0 0 0
outer loop
vertex 4.842843 9.034874 10.879372
vertex 4.842843 9.055627 10.879372
vertex 4.822367 9.034874 10.879372
endloop
endfacet
facet normal 0 0 0
outer loop
vertex 4.842843 9.055627 10.879372
vertex 4.822367 9.055627 10.879372
vertex 4.822367 9.034874 10.879372
endloop
endfacet
facet normal 0 0 0
outer loop
vertex 4.863318 9.034874 10.879372
vertex 4.863318 9.055627 10.879372
vertex 4.842843 9.034874 10.879372
endloop
endfacet
facet normal 0 0 0
outer loop
vertex 4.863318 9.055627 10.879372
vertex 4.842843 9.055627 10.879372
vertex 4.842843 9.034874 10.879372
endloop
endfacet
facet normal 0 0 0
outer loop
vertex 4.883794 9.034874 10.879372
vertex 4.883794 9.055627 10.879372
vertex 4.863318 9.034874 10.879372
endloop
endfacet
facet normal 0 0 0
outer loop
vertex 4.883794 9.055627 10.879372
vertex 4.863318 9.055627 10.879372
vertex 4.863318 9.034874 10.879372
endloop
endfacet
facet normal 0 0 0
outer loop
vertex 4.801891 9.076381 10.879372
vertex 4.822367 9.055627 10.879372
vertex 4.822367 9.076381 10.879372
endloop
endfacet
facet normal 0 0 0
outer loop
vertex 4.842843 9.055627 10.879372
vertex 4.842843 9.076381 10.879372
vertex 4.822367 9.055627 10.879372
endloop
endfacet
facet normal 0 0 0
outer loop
vertex 4.842843 9.076381 10.879372
vertex 4.822367 9.076381 10.879372
vertex 4.822367 9.055627 10.879372
endloop
endfacet
facet normal 0 0 0
outer loop
vertex 4.863318 9.076381 10.899372
vertex 4.842843 9.076381 10.879372
vertex 4.863318 9.055627 10.879372
endloop
endfacet
facet normal 0 0 0
outer loop
vertex 4.842843 9.076381 10.879372
vertex 4.842843 9.055627 10.879372
vertex 4.863318 9.055627 10.879372
endloop
endfacet
facet normal 0 0 0
outer loop
vertex 4.883794 9.055627 10.879372
vertex 4.863318 9.076381 10.899372
vertex 4.863318 9.055627 10.879372
endloop
endfacet
facet normal 0 0 0
outer loop
vertex 4.883794 9.076381 10.899372
vertex 4.863318 9.076381 10.899372
vertex 4.883794 9.055627 10.879372
endloop
endfacet
facet normal 0 0 0
outer loop
vertex 4.883794 9.076381 10.899372
vertex 4.883794 9.055627 10.879372
vertex 4.883794 9.076381 10.879372
endloop
endfacet
facet normal 0 0 0
outer loop
vertex 4.822367 9.076381 10.879372
vertex 4.822367 9.097134 10.879372
vertex 4.801891 9.076381 10.879372
endloop
endfacet
facet normal 0 0 0
outer loop
vertex 4.822367 9.097134 10.879372
vertex 4.801891 9.097134 10.879372
vertex 4.801891 9.076381 10.879372
endloop
endfacet
facet normal 0 0 0
outer loop
vertex 4.842843 9.097134 10.899372
vertex 4.822367 9.097134 10.879372
vertex 4.842843 9.076381 10.879372
endloop
endfacet
facet normal 0 0 0
outer loop
vertex 4.822367 9.097134 10.879372
vertex 4.822367 9.076381 10.879372
vertex 4.842843 9.076381 10.879372
endloop
endfacet
facet normal 0 0 0
outer loop
vertex 4.863318 9.076381 10.899372
vertex 4.842843 9.097134 10.899372
vertex 4.842843 9.076381 10.879372
endloop
endfacet
facet normal 0 0 0
outer loop
vertex 4.883794 9.076381 10.879372
vertex 4.883794 9.097134 10.879372
vertex 4.883794 9.076381 10.899372
endloop
endfacet
facet normal 0 0 0
outer loop
vertex 4.883794 9.076381 10.899372
vertex 4.883794 9.097134 10.879372
vertex 4.883794 9.097134 10.899372
endloop
endfacet
facet normal 0 0 0
outer loop
vertex 4.822367 9.117887 10.899372
vertex 4.801891 9.117887 10.879372
vertex 4.822367 9.097134 10.879372
endloop
endfacet
facet normal 0 0 0
outer loop
vertex 4.801891 9.117887 10.879372
vertex 4.801891 9.097134 10.879372
vertex 4.822367 9.097134 10.879372
endloop
endfacet
facet normal 0 0 0
outer loop
vertex 4.842843 9.097134 10.899372
vertex 4.822367 9.117887 10.899372
vertex 4.822367 9.097134 10.879372
endloop
endfacet
facet normal 0 0 0
outer loop
vertex 4.883794 9.097134 10.879372
vertex 4.883794 9.117887 10.879372
vertex 4.883794 9.097134 10.899372
endloop
endfacet
facet normal 0 0 0
outer loop
vertex 4.883794 9.097134 10.899372
vertex 4.883794 9.117887 10.879372
vertex 4.883794 9.117887 10.899372
endloop
endfacet
facet normal 0 0 0
outer loop
vertex 4.822367 9.138640 10.899372
vertex 4.801891 9.117887 10.879372
vertex 4.822367 9.117887 10.899372
endloop
endfacet
facet normal 0 0 0
outer loop
vertex 4.801891 9.138640 10.879372
vertex 4.801891 9.117887 10.879372
vertex 4.822367 9.138640 10.899372
endloop
endfacet
facet normal 0 0 0
outer loop
vertex 4.883794 9.117887 10.879372
vertex 4.883794 9.138640 10.879372
vertex 4.883794 9.117887 10.899372
endloop
endfacet
facet normal 0 0 0
outer loop
vertex 4.883794 9.117887 10.899372
vertex 4.883794 9.138640 10.879372
vertex 4.883794 9.138640 10.899372
endloop
endfacet
facet normal 0 0 0
outer loop
vertex 4.822367 9.159394 10.899372
vertex 4.801891 9.138640 10.879372
vertex 4.822367 9.138640 10.899372
endloop
endfacet
facet normal 0 0 0
outer loop
vertex 4.801891 9.159394 10.879372
vertex 4.801891 9.138640 10.879372
vertex 4.822367 9.159394 10.899372
endloop
endfacet
facet normal 0 0 0
outer loop
vertex 4.883794 9.138640 10.879372
vertex 4.883794 9.159394 10.879372
vertex 4.883794 9.138640 10.899372
endloop
endfacet
facet normal 0 0 0
outer loop
vertex 4.883794 9.138640 10.899372
vertex 4.883794 9.159394 10.879372
vertex 4.883794 9.159394 10.899372
endloop
endfacet
facet normal 0 0 0
outer loop
vertex 4.801891 9.159394 10.879372
vertex 4.801891 9.180147 10.899372
vertex 4.801891 9.180147 10.879372
endloop
endfacet
facet normal 0 0 0
outer loop
vertex 4.822367 9.159394 10.899372
vertex 4.801891 9.180147 10.899372
vertex 4.801891 9.159394 10.879372
endloop
endfacet
facet normal 0 0 0
outer loop
vertex 4.883794 9.159394 10.879372
vertex 4.863318 9.180147 10.879372
vertex 4.883794 9.180147 10.899372
endloop
endfacet
facet normal 0 0 0
outer loop
vertex 4.883794 9.159394 10.879372
vertex 4.883794 9.180147 10.899372
vertex 4.883794 9.159394 10.899372
endloop
endfacet
facet normal 0 0 0
outer loop
vertex 4.801891 9.180147 10.879372
vertex 4.801891 9.180147 10.899372
vertex 4.801891 9.200901 10.879372
endloop
endfacet
facet normal 0 0 0
outer loop
vertex 4.801891 9.180147 10.899372
vertex 4.801891 9.200901 10.899372
vertex 4.801891 9.200901 10.879372
endloop
endfacet
facet normal 0 0 0
outer loop
vertex 4.883794 9.180147 10.899372
vertex 4.863318 9.200901 10.879372
vertex 4.883794 9.200901 10.899372
endloop
endfacet
facet normal 0 0 0
outer loop
vertex 4.863318 9.180147 10.879372
vertex 4.863318 9.200901 10.879372
vertex 4.883794 9.180147 10.899372
endloop
endfacet
facet normal 0 0 0
outer loop
vertex 4.781415 9.221654 10.879372
vertex 4.801891 9.200901 10.879372
vertex 4.801891 9.221654 10.899372
endloop
endfacet
facet normal 0 0 0
outer loop
vertex 4.801891 9.200901 10.879372
vertex 4.801891 9.200901 10.899372
vertex 4.801891 9.221654 10.899372
endloop
endfacet
facet normal 0 0 0
outer loop
vertex 4.883794 9.200901 10.899372
vertex 4.863318 9.200901 10.879372
vertex 4.863318 9.221654 10.899372
endloop
endfacet
facet normal 0 0 0
outer loop
vertex 4.863318 9.200901 10.879372
vertex 4.863318 9.221654 10.879372
vertex 4.863318 9.221654 10.899372
endloop
endfacet
facet normal 0 0 0
outer loop
vertex 4.781415 9.221654 10.879372
vertex 4.781415 9.242407 10.899372
vertex 4.781415 9.242407 10.879372
endloop
endfacet
facet normal 0 0 0
outer loop
vertex 4.801891 9.221654 10.899372
vertex 4.781415 9.242407 10.899372
vertex 4.781415 9.221654 10.879372
endloop
endfacet
facet normal 0 0 0
outer loop
vertex 4.863318 9.221654 10.879372
vertex 4.863318 9.242407 10.879372
vertex 4.863318 9.221654 10.899372
endloop
endfacet
facet normal 0 0 0
outer loop
vertex 4.863318 9.221654 10.899372
vertex 4.863318 9.242407 10.879372
vertex 4.863318 9.242407 10.899372
endloop
endfacet
facet normal 0 0 0
outer loop
vertex 4.781415 9.242407 10.879372
vertex 4.781415 9.242407 10.899372
vertex 4.781415 9.263161 10.879372
endloop
endfacet
facet normal 0 0 0
outer loop
vertex 4.781415 9.242407 10.899372
vertex 4.781415 9.263161 10.899372
vertex 4.781415 9.263161 10.879372
endloop
endfacet
facet normal 0 0 0
outer loop
vertex 4.863318 9.242407 10.879372
vertex 4.842843 9.263161 10.879372
vertex 4.863318 9.263161 10.899372
endloop
endfacet
facet normal 0 0 0
outer loop
vertex 4.863318 9.242407 10.879372
vertex 4.863318 9.263161 10.899372
vertex 4.863318 9.242407 10.899372
endloop
endfacet
facet normal 0 0 0
outer loop
vertex 4.781415 9.263161 10.879372
vertex 4.781415 9.263161 10.899372
vertex 4.781415 9.283914 10.879372
endloop
endfacet
facet normal 0 0 0
outer loop
vertex 4.781415 9.263161 10.899372
vertex 4.781415 9.283914 10.899372
vertex 4.781415 9.283914 10.879372
endloop
endfacet
facet normal 0 0 0
outer loop
vertex 4.863318 9.263161 10.899372
vertex 4.842843 9.283914 10.879372
vertex 4.863318 9.283914 10.899372
endloop
endfacet
facet normal 0 0 0
outer loop
vertex 4.842843 9.263161 10.879372
vertex 4.842843 9.283914 10.879372
vertex 4.863318 9.263161 10.899372
endloop
endfacet
facet normal 0 0 0
outer loop
vertex 4.781415 9.283914 10.879372
vertex 4.781415 9.283914 10.899372
vertex 4.781415 9.304667 10.879372
endloop
endfacet
facet normal 0 0 0
outer loop
vertex 4.781415 9.283914 10.899372
vertex 4.781415 9.304667 10.899372
vertex 4.781415 9.304667 10.879372
endloop
endfacet
facet normal 0 0 0
outer loop
vertex 4.842843 9.283914 10.879372
vertex 4.822367 9.304667 10.879372
vertex 4.842843 9.304667 10.899372
endloop
endfacet
facet normal 0 0 0
outer loop
vertex 4.842843 9.283914 10.879372
vertex 4.842843 9.304667 10.899372
vertex 4.863318 9.283914 10.899372
endloop
endfacet
facet normal 0 0 0
outer loop
vertex 4.842843 9.304667 10.899372
vertex 4.863318 9.304667 10.899372
vertex 4.863318 9.283914 10.899372
endloop
endfacet
facet normal 0 0 0
outer loop
vertex 4.781415 9.325420 10.899372
vertex 4.781415 9.304667 10.879372
vertex 4.781415 9.304667 10.899372
endloop
endfacet
facet normal 0 0 0
outer loop
vertex 4.781415 9.304667 10.879372
vertex 4.801891 9.325420 10.899372
vertex 4.801891 9.304667 10.879372
endloop
endfacet
facet normal 0 0 0
outer loop
vertex 4.781415 9.325420 10.899372
vertex 4.801891 9.325420 10.899372
vertex 4.781415 9.304667 10.879372
endloop
endfacet
facet normal 0 0 0
outer loop
vertex 4.801891 9.304667 10.879372
vertex 4.822367 9.325420 10.899372
vertex 4.822367 9.304667 10.879372
endloop
endfacet
facet normal 0 0 0
outer loop
vertex 4.801891 9.325420 10.899372
vertex 4.822367 9.325420 10.899372
vertex 4.801891 9.304667 10.879372
endloop
endfacet
facet normal 0 0 0
outer loop
vertex 4.822367 9.304667 10.879372
vertex 4.822367 9.325420 10.899372
vertex 4.842843 9.304667 10.899372
endloop
endfacet
facet normal 0 0 0
outer loop
vertex 4.822367 9.325420 10.899372
vertex 4.842843 9.325420 10.899372
vertex 4.842843 9.304667 10.899372
endloop
endfacet
facet normal 0 0 0
outer loop
vertex 4.842843 9.325420 10.899372
vertex 4.863318 9.304667 10.899372
vertex 4.842843 9.304667 10.899372
endloop
endfacet
facet normal 0 0 0
outer loop
vertex 4.801891 9.325420 10.899372
vertex 4.781415 9.325420 10.899372
vertex 4.801891 9.346174 10.899372
endloop
endfacet
facet normal 0 0 0
outer loop
vertex 4.801891 9.346174 10.899372
vertex 4.781415 9.325420 10.899372
vertex 4.781415 9.346174 10.899372
endloop
endfacet
facet normal 0 0 0
outer loop
vertex 4.822367 9.325420 10.899372
vertex 4.801891 9.325420 10.899372
vertex 4.822367 9.346174 10.899372
endloop
endfacet
facet normal 0 0 0
outer loop
vertex 4.822367 9.346174 10.899372
vertex 4.801891 9.325420 10.899372
vertex 4.801891 9.346174 10.899372
endloop
endfacet
facet normal 0 0 0
outer loop
vertex 4.842843 9.325420 10.899372
vertex 4.822367 9.325420 10.899372
vertex 4.842843 9.346174 10.899372
endloop
endfacet
facet normal 0 0 0
outer loop
vertex 4.842843 9.346174 10.899372
vertex 4.822367 9.325420 10.899372
vertex 4.822367 9.346174 10.899372
endloop
endfacet
facet normal 0 0 0
outer loop
vertex 4.801891 9.346174 10.899372
vertex 4.781415 9.346174 10.899372
vertex 4.801891 9.366927 10.899372
endloop
endfacet
facet normal 0 0 0
outer loop
vertex 4.801891 9.366927 10.899372
vertex 4.781415 9.346174 10.899372
vertex 4.781415 9.366927 10.899372
endloop
endfacet
facet normal 0 0 0
outer loop
vertex 4.822367 9.346174 10.899372
vertex 4.801891 9.346174 10.899372
vertex 4.822367 9.366927 10.899372
endloop
endfacet
facet normal 0 0 0
outer loop
vertex 4.822367 9.366927 10.899372
vertex 4.801891 9.346174 10.899372
vertex 4.801891 9.366927 10.899372
endloop
endfacet
facet normal 0 0 0
outer loop
vertex 4.822367 9.366927 10.899372
vertex 4.842843 9.346174 10.899372
vertex 4.822367 9.346174 10.899372
endloop
endfacet
facet normal 0 0 0
outer loop
vertex 4.801891 9.366927 10.899372
vertex 4.781415 9.366927 10.899372
vertex 4.801891 9.387680 10.899372
endloop
endfacet
facet normal 0 0 0
outer loop
vertex 4.801891 9.387680 10.899372
vertex 4.781415 9.366927 10.899372
vertex 4.781415 9.387680 10.899372
endloop
endfacet
facet normal 0 0 0
outer loop
vertex 4.822367 9.366927 10.899372
vertex 4.801891 9.366927 10.899372
vertex 4.822367 9.387680 10.899372
endloop
endfacet
facet normal 0 0 0
outer loop
vertex 4.822367 9.387680 10.899372
vertex 4.801891 9.366927 10.899372
vertex 4.801891 9.387680 10.899372
endloop
endfacet
facet normal 0 0 0
outer loop
vertex 4.781415 9.387680 10.899372
vertex 4.801891 9.408434 10.899372
vertex 4.801891 9.387680 10.899372
endloop
endfacet
facet normal 0 0 0
outer loop
vertex 4.822367 9.387680 10.899372
vertex 4.801891 9.387680 10.899372
vertex 4.822367 9.408434 10.899372
endloop
endfacet
facet normal 0 0 0
outer loop
vertex 4.822367 9.408434 10.899372
vertex 4.801891 9.387680 10.899372
vertex 4.801891 9.408434 10.899372
endloop
endfacet
facet normal 0 0 0
outer loop
vertex 4.842843 9.097134 10.899372
vertex 4.863318 9.076381 10.899372
vertex 4.863318 9.097134 10.899372
endloop
endfacet
facet normal 0 0 0
outer loop
vertex 4.883794 9.076381 10.899372
vertex 4.883794 9.097134 10.899372
vertex 4.863318 9.076381 10.899372
endloop
endfacet
facet normal 0 0 0
outer loop
vertex 4.883794 9.097134 10.899372
vertex 4.863318 9.097134 10.899372
vertex 4.863318 9.076381 10.899372
endloop
endfacet
facet normal 0 0 0
outer loop
vertex 4.822367 9.117887 10.899372
vertex 4.842843 9.097134 10.899372
vertex 4.842843 9.117887 10.899372
endloop
endfacet
facet normal 0 0 0
outer loop
vertex 4.863318 9.097134 10.899372
vertex 4.863318 9.117887 10.899372
vertex 4.842843 9.097134 10.899372
endloop
endfacet
facet normal 0 0 0
outer loop
vertex 4.863318 9.117887 10.899372
vertex 4.842843 9.117887 10.899372
vertex 4.842843 9.097134 10.899372
endloop
endfacet
facet normal 0 0 0
outer loop
vertex 4.883794 9.097134 10.899372
vertex 4.883794 9.117887 10.899372
vertex 4.863318 9.097134 10.899372
endloop
endfacet
facet normal 0 0 0
outer loop
vertex 4.883794 9.117887 10.899372
vertex 4.863318 9.117887 10.899372
vertex 4.863318 9.097134 10.899372
endloop
endfacet
facet normal 0 0 0
outer loop
vertex 4.842843 9.117887 10.899372
vertex 4.842843 9.138640 10.899372
vertex 4.822367 9.117887 10.899372
endloop
endfacet
facet normal 0 0 0
outer loop
vertex 4.842843 9.138640 10.899372
vertex 4.822367 9.138640 10.899372
vertex 4.822367 9.117887 10.899372
endloop
endfacet
facet normal 0 0 0
outer loop
vertex 4.863318 9.117887 10.899372
vertex 4.863318 9.138640 10.899372
vertex 4.842843 9.117887 10.899372
endloop
endfacet
facet normal 0 0 0
outer loop
vertex 4.863318 9.138640 10.899372
vertex 4.842843 9.138640 10.899372
vertex 4.842843 9.117887 10.899372
endloop
endfacet
facet normal 0 0 0
outer loop
vertex 4.883794 9.117887 10.899372
vertex 4.883794 9.138640 10.899372
vertex 4.863318 9.117887 10.899372
endloop
endfacet
facet normal 0 0 0
outer loop
vertex 4.883794 9.138640 10.899372
vertex 4.863318 9.138640 10.899372
vertex 4.863318 9.117887 10.899372
endloop
endfacet
facet normal 0 0 0
outer loop
vertex 4.842843 9.159394 10.919372
vertex 4.822367 9.159394 10.899372
vertex 4.842843 9.138640 10.899372
endloop
endfacet
facet normal 0 0 0
outer loop
vertex 4.822367 9.159394 10.899372
vertex 4.822367 9.138640 10.899372
vertex 4.842843 9.138640 10.899372
endloop
endfacet
facet normal 0 0 0
outer loop
vertex 4.863318 9.138640 10.899372
vertex 4.842843 9.159394 10.919372
vertex 4.842843 9.138640 10.899372
endloop
endfacet
facet normal 0 0 0
outer loop
vertex 4.863318 9.159394 10.919372
vertex 4.842843 9.159394 10.919372
vertex 4.863318 9.138640 10.899372
endloop
endfacet
facet normal 0 0 0
outer loop
vertex 4.863318 9.159394 10.919372
vertex 4.863318 9.138640 10.899372
vertex 4.883794 9.159394 10.899372
endloop
endfacet
facet normal 0 0 0
outer loop
vertex 4.863318 9.138640 10.899372
vertex 4.883794 9.138640 10.899372
vertex 4.883794 9.159394 10.899372
endloop
endfacet
facet normal 0 0 0
outer loop
vertex 4.822367 9.159394 10.899372
vertex 4.822367 9.180147 10.919372
vertex 4.801891 9.180147 10.899372
endloop
endfacet
facet normal 0 0 0
outer loop
vertex 4.842843 9.159394 10.919372
vertex 4.822367 9.180147 10.919372
vertex 4.822367 9.159394 10.899372
endloop
endfacet
facet normal 0 0 0
outer loop
vertex 4.883794 9.180147 10.899372
vertex 4.863318 9.159394 10.919372
vertex 4.883794 9.159394 10.899372
endloop
endfacet
facet normal 0 0 0
outer loop
vertex 4.863318 9.180147 10.919372
vertex 4.863318 9.159394 10.919372
vertex 4.883794 9.180147 10.899372
endloop
endfacet
facet normal 0 0 0
outer loop
vertex 4.822367 9.200901 10.919372
vertex 4.801891 9.180147 10.899372
vertex 4.822367 9.180147 10.919372
endloop
endfacet
facet normal 0 0 0
outer loop
vertex 4.801891 9.200901 10.899372
vertex 4.801891 9.180147 10.899372
vertex 4.822367 9.200901 10.919372
endloop
endfacet
facet normal 0 0 0
outer loop
vertex 4.883794 9.180147 10.899372
vertex 4.883794 9.200901 10.919372
vertex 4.863318 9.180147 10.919372
endloop
endfacet
facet normal 0 0 0
outer loop
vertex 4.883794 9.200901 10.919372
vertex 4.883794 9.180147 10.899372
vertex 4.883794 9.200901 10.899372
endloop
endfacet
facet normal 0 0 0
outer loop
vertex 4.822367 9.221654 10.919372
vertex 4.801891 9.200901 10.899372
vertex 4.822367 9.200901 10.919372
endloop
endfacet
facet normal 0 0 0
outer loop
vertex 4.801891 9.221654 10.899372
vertex 4.801891 9.200901 10.899372
vertex 4.822367 9.221654 10.919372
endloop
endfacet
facet normal 0 0 0
outer loop
vertex 4.883794 9.200901 10.899372
vertex 4.863318 9.221654 10.899372
vertex 4.883794 9.221654 10.919372
endloop
endfacet
facet normal 0 0 0
outer loop
vertex 4.883794 9.200901 10.899372
vertex 4.883794 9.221654 10.919372
vertex 4.883794 9.200901 10.919372
endloop
endfacet
facet normal 0 0 0
outer loop
vertex 4.801891 9.221654 10.899372
vertex 4.801891 9.242407 10.919372
vertex 4.781415 9.242407 10.899372
endloop
endfacet
facet normal 0 0 0
outer loop
vertex 4.822367 9.221654 10.919372
vertex 4.801891 9.242407 10.919372
vertex 4.801891 9.221654 10.899372
endloop
endfacet
facet normal 0 0 0
outer loop
vertex 4.883794 9.221654 10.919372
vertex 4.863318 9.242407 10.899372
vertex 4.883794 9.242407 10.919372
endloop
endfacet
facet normal 0 0 0
outer loop
vertex 4.863318 9.221654 10.899372
vertex 4.863318 9.242407 10.899372
vertex 4.883794 9.221654 10.919372
endloop
endfacet
facet normal 0 0 0
outer loop
vertex 4.801891 9.263161 10.919372
vertex 4.781415 9.242407 10.899372
vertex 4.801891 9.242407 10.919372
endloop
endfacet
facet normal 0 0 0
outer loop
vertex 4.781415 9.263161 10.899372
vertex 4.781415 9.242407 10.899372
vertex 4.801891 9.263161 10.919372
endloop
endfacet
facet normal 0 0 0
outer loop
vertex 4.883794 9.242407 10.919372
vertex 4.863318 9.263161 10.899372
vertex 4.883794 9.263161 10.919372
endloop
endfacet
facet normal 0 0 0
outer loop
vertex 4.863318 9.242407 10.899372
vertex 4.863318 9.263161 10.899372
vertex 4.883794 9.242407 10.919372
endloop
endfacet
facet normal 0 0 0
outer loop
vertex 4.801891 9.283914 10.919372
vertex 4.781415 9.263161 10.899372
vertex 4.801891 9.263161 10.919372
endloop
endfacet
facet normal 0 0 0
outer loop
vertex 4.781415 9.283914 10.899372
vertex 4.781415 9.263161 10.899372
vertex 4.801891 9.283914 10.919372
endloop
endfacet
facet normal 0 0 0
outer loop
vertex 4.883794 9.263161 10.919372
vertex 4.863318 9.283914 10.899372
vertex 4.883794 9.283914 10.919372
endloop
endfacet
facet normal 0 0 0
outer loop
vertex 4.863318 9.263161 10.899372
vertex 4.863318 9.283914 10.899372
vertex 4.883794 9.263161 10.919372
endloop
endfacet
facet normal 0 0 0
outer loop
vertex 4.801891 9.304667 10.919372
vertex 4.781415 9.283914 10.899372
vertex 4.801891 9.283914 10.919372
endloop
endfacet
facet normal 0 0 0
outer loop
vertex 4.781415 9.304667 10.899372
vertex 4.781415 9.283914 10.899372
vertex 4.801891 9.304667 10.919372
endloop
endfacet
facet normal 0 0 0
outer loop
vertex 4.883794 9.283914 10.919372
vertex 4.863318 9.283914 10.899372
vertex 4.863318 9.304667 10.919372
endloop
endfacet
facet normal 0 0 0
outer loop
vertex 4.863318 9.283914 10.899372
vertex 4.863318 9.304667 10.899372
vertex 4.863318 9.304667 10.919372
endloop
endfacet
facet normal 0 0 0
outer loop
vertex 4.801891 9.325420 10.919372
vertex 4.781415 9.304667 10.899372
vertex 4.801891 9.304667 10.919372
endloop
endfacet
facet normal 0 0 0
outer loop
vertex 4.781415 9.325420 10.899372
vertex 4.781415 9.304667 10.899372
vertex 4.801891 9.325420 10.919372
endloop
endfacet
facet normal 0 0 0
outer loop
vertex 4.863318 9.304667 10.899372
vertex 4.842843 9.325420 10.899372
vertex 4.863318 9.325420 10.919372
endloop
endfacet
facet normal 0 0 0
outer loop
vertex 4.863318 9.304667 10.899372
vertex 4.863318 9.325420 10.919372
vertex 4.863318 9.304667 10.919372
endloop
endfacet
facet normal 0 0 0
outer loop
vertex 4.801891 9.346174 10.919372
vertex 4.781415 9.325420 10.899372
vertex 4.801891 9.325420 10.919372
endloop
endfacet
facet normal 0 0 0
outer loop
vertex 4.781415 9.346174 10.899372
vertex 4.781415 9.325420 10.899372
vertex 4.801891 9.346174 10.919372
endloop
endfacet
facet normal 0 0 0
outer loop
vertex 4.863318 9.325420 10.919372
vertex 4.842843 9.346174 10.899372
vertex 4.863318 9.346174 10.919372
endloop
endfacet
facet normal 0 0 0
outer loop
vertex 4.842843 9.325420 10.899372
vertex 4.842843 9.346174 10.899372
vertex 4.863318 9.325420 10.919372
endloop
endfacet
facet normal 0 0 0
outer loop
vertex 4.801891 9.366927 10.919372
vertex 4.781415 9.346174 10.899372
vertex 4.801891 9.346174 10.919372
endloop
endfacet
facet normal 0 0 0
outer loop
vertex 4.781415 9.366927 10.899372
vertex 4.781415 9.346174 10.899372
vertex 4.801891 9.366927 10.919372
endloop
endfacet
facet normal 0 0 0
outer loop
vertex 4.842843 9.346174 10.899372
vertex 4.822367 9.366927 10.899372
vertex 4.842843 9.366927 10.919372
endloop
endfacet
facet normal 0 0 0
outer loop
vertex 4.842843 9.346174 10.899372
vertex 4.842843 9.366927 10.919372
vertex 4.863318 9.346174 10.919372
endloop
endfacet
facet normal 0 0 0
outer loop
vertex 4.842843 9.366927 10.919372
vertex 4.863318 9.366927 10.919372
vertex 4.863318 9.346174 10.919372
endloop
endfacet
facet normal 0 0 0
outer loop
vertex 4.801891 9.387680 10.919372
vertex 4.781415 9.366927 10.899372
vertex 4.801891 9.366927 10.919372
endloop
endfacet
facet normal 0 0 0
outer loop
vertex 4.781415 9.387680 10.899372
vertex 4.781415 9.366927 10.899372
vertex 4.801891 9.387680 10.919372
endloop
endfacet
facet normal 0 0 0
outer loop
vertex 4.842843 9.366927 10.919372
vertex 4.822367 9.387680 10.899372
vertex 4.842843 9.387680 10.919372
endloop
endfacet
facet normal 0 0 0
outer loop
vertex 4.822367 9.366927 10.899372
vertex 4.822367 9.387680 10.899372
vertex 4.842843 9.366927 10.919372
endloop
endfacet
facet normal 0 0 0
outer loop
vertex 4.842843 9.387680 10.919372
vertex 4.863318 9.366927 10.919372
vertex 4.842843 9.366927 10.919372
endloop
endfacet
facet normal 0 0 0
outer loop
vertex 4.781415 9.408434 10.919372
vertex 4.801891 9.408434 10.899372
vertex 4.801891 9.387680 10.919372
endloop
endfacet
facet normal 0 0 0
outer loop
vertex 4.781415 9.387680 10.899372
vertex 4.801891 9.387680 10.919372
vertex 4.801891 9.408434 10.899372
endloop
endfacet
facet normal 0 0 0
outer loop
vertex 4.842843 9.387680 10.919372
vertex 4.822367 9.408434 10.899372
vertex 4.842843 9.408434 10.919372
endloop
endfacet
facet normal 0 0 0
outer loop
vertex 4.822367 9.387680 10.899372
vertex 4.822367 9.408434 10.899372
vertex 4.842843 9.387680 10.919372
endloop
endfacet
facet normal 0 0 0
outer loop
vertex 4.801891 9.408434 10.899372
vertex 4.781415 9.408434 10.919372
vertex 4.801891 9.429187 10.919372
endloop
endfacet
facet normal 0 0 0
outer loop
vertex 4.781415 9.408434 10.919372
vertex 4.781415 9.429187 10.919372
vertex 4.801891 9.429187 10.919372
endloop
endfacet
facet normal 0 0 0
outer loop
vertex 4.801891 9.408434 10.899372
vertex 4.822367 9.429187 10.919372
vertex 4.822367 9.408434 10.899372
endloop
endfacet
facet normal 0 0 0
outer loop
vertex 4.801891 9.429187 10.919372
vertex 4.822367 9.429187 10.919372
vertex 4.801891 9.408434 10.899372
endloop
endfacet
facet normal 0 0 0
outer loop
vertex 4.822367 9.408434 10.899372
vertex 4.822367 9.429187 10.919372
vertex 4.842843 9.408434 10.919372
endloop
endfacet
facet normal 0 0 0
outer loop
vertex 4.801891 9.429187 10.919372
vertex 4.781415 9.429187 10.919372
vertex 4.801891 9.449941 10.919372
endloop
endfacet
facet normal 0 0 0
outer loop
vertex 4.801891 9.449941 10.919372
vertex 4.781415 9.429187 10.919372
vertex 4.781415 9.449941 10.919372
endloop
endfacet
facet normal 0 0 0
outer loop
vertex 4.822367 9.429187 10.919372
vertex 4.801891 9.429187 10.919372
vertex 4.822367 9.449941 10.919372
endloop
endfacet
facet normal 0 0 0
outer loop
vertex 4.822367 9.449941 10.919372
vertex 4.801891 9.429187 10.919372
vertex 4.801891 9.449941 10.919372
endloop
endfacet
facet normal 0 0 0
outer loop
vertex 4.781415 9.449941 10.919372
vertex 4.801891 9.470694 10.919372
vertex 4.801891 9.449941 10.919372
endloop
endfacet
facet normal 0 0 0
outer loop
vertex 4.801891 9.470694 10.919372
vertex 4.822367 9.449941 10.919372
vertex 4.801891 9.449941 10.919372
endloop
endfacet
facet normal 0 0 0
outer loop
vertex 4.822367 9.180147 10.919372
vertex 4.842843 9.159394 10.919372
vertex 4.842843 9.180147 10.919372
endloop
endfacet
facet normal 0 0 0
outer loop
vertex 4.863318 9.159394 10.919372
vertex 4.863318 9.180147 10.919372
vertex 4.842843 9.159394 10.919372
endloop
endfacet
facet normal 0 0 0
outer loop
vertex 4.863318 9.180147 10.919372
vertex 4.842843 9.180147 10.919372
vertex 4.842843 9.159394 10.919372
endloop
endfacet
facet normal 0 0 0
outer loop
vertex 4.842843 9.180147 10.919372
vertex 4.842843 9.200901 10.919372
vertex 4.822367 9.180147 10.919372
endloop
endfacet
facet normal 0 0 0
outer loop
vertex 4.842843 9.200901 10.919372
vertex 4.822367 9.200901 10.919372
vertex 4.822367 9.180147 10.919372
endloop
endfacet
facet normal 0 0 0
outer loop
vertex 4.863318 9.180147 10.919372
vertex 4.863318 9.200901 10.919372
vertex 4.842843 9.180147 10.919372
endloop
endfacet
facet normal 0 0 0
outer loop
vertex 4.863318 9.200901 10.919372
vertex 4.842843 9.200901 10.919372
vertex 4.842843 9.180147 10.919372
endloop
endfacet
facet normal 0 0 0
outer loop
vertex 4.863318 9.180147 10.919372
vertex 4.883794 9.200901 10.919372
vertex 4.863318 9.200901 10.919372
endloop
endfacet
facet normal 0 0 0
outer loop
vertex 4.842843 9.200901 10.919372
vertex 4.842843 9.221654 10.919372
vertex 4.822367 9.200901 10.919372
endloop
endfacet
facet normal 0 0 0
outer loop
vertex 4.842843 9.221654 10.919372
vertex 4.822367 9.221654 10.919372
vertex 4.822367 9.200901 10.919372
endloop
endfacet
facet normal 0 0 0
outer loop
vertex 4.863318 9.200901 10.919372
vertex 4.863318 9.221654 10.919372
vertex 4.842843 9.200901 10.919372
endloop
endfacet
facet normal 0 0 0
outer loop
vertex 4.863318 9.221654 10.919372
vertex 4.842843 9.221654 10.919372
vertex 4.842843 9.200901 10.919372
endloop
endfacet
facet normal 0 0 0
outer loop
vertex 4.883794 9.200901 10.919372
vertex 4.883794 9.221654 10.919372
vertex 4.863318 9.200901 10.919372
endloop
endfacet
facet normal 0 0 0
outer loop
vertex 4.883794 9.221654 10.919372
vertex 4.863318 9.221654 10.919372
vertex 4.863318 9.200901 10.919372
endloop
endfacet
facet normal 0 0 0
outer loop
vertex 4.801891 9.242407 10.919372
vertex 4.822367 9.221654 10.919372
vertex 4.822367 9.242407 10.919372
endloop
endfacet
facet normal 0 0 0
outer loop
vertex 4.842843 9.242407 10.939372
vertex 4.822367 9.242407 10.919372
vertex 4.842843 9.221654 10.919372
endloop
endfacet
facet normal 0 0 0
outer loop
vertex 4.822367 9.242407 10.919372
vertex 4.822367 9.221654 10.919372
vertex 4.842843 9.221654 10.919372
endloop
endfacet
facet normal 0 0 0
outer loop
vertex 4.863318 9.221654 10.919372
vertex 4.842843 9.242407 10.939372
vertex 4.842843 9.221654 10.919372
endloop
endfacet
facet normal 0 0 0
outer loop
vertex 4.863318 9.242407 10.939372
vertex 4.842843 9.242407 10.939372
vertex 4.863318 9.221654 10.919372
endloop
endfacet
facet normal 0 0 0
outer loop
vertex 4.883794 9.221654 10.919372
vertex 4.863318 9.242407 10.939372
vertex 4.863318 9.221654 10.919372
endloop
endfacet
facet normal 0 0 0
outer loop
vertex 4.883794 9.242407 10.939372
vertex 4.863318 9.242407 10.939372
vertex 4.883794 9.221654 10.919372
endloop
endfacet
facet normal 0 0 0
outer loop
vertex 4.883794 9.242407 10.939372
vertex 4.883794 9.221654 10.919372
vertex 4.883794 9.242407 10.919372
endloop
endfacet
facet normal 0 0 0
outer loop
vertex 4.822367 9.263161 10.939372
vertex 4.801891 9.263161 10.919372
vertex 4.822367 9.242407 10.919372
endloop
endfacet
facet normal 0 0 0
outer loop
vertex 4.801891 9.263161 10.919372
vertex 4.801891 9.242407 10.919372
vertex 4.822367 9.242407 10.919372
endloop
endfacet
facet normal 0 0 0
outer loop
vertex 4.842843 9.242407 10.939372
vertex 4.822367 9.263161 10.939372
vertex 4.822367 9.242407 10.919372
endloop
endfacet
facet normal 0 0 0
outer loop
vertex 4.904270 9.263161 10.939372
vertex 4.883794 9.242407 10.939372
vertex 4.883794 9.263161 10.919372
endloop
endfacet
facet normal 0 0 0
outer loop
vertex 4.883794 9.242407 10.939372
vertex 4.883794 9.242407 10.919372
vertex 4.883794 9.263161 10.919372
endloop
endfacet
facet normal 0 0 0
outer loop
vertex 4.822367 9.283914 10.939372
vertex 4.801891 9.263161 10.919372
vertex 4.822367 9.263161 10.939372
endloop
endfacet
facet normal 0 0 0
outer loop
vertex 4.801891 9.283914 10.919372
vertex 4.801891 9.263161 10.919372
vertex 4.822367 9.283914 10.939372
endloop
endfacet
facet normal 0 0 0
outer loop
vertex 4.904270 9.263161 10.939372
vertex 4.883794 9.283914 10.919372
vertex 4.904270 9.283914 10.939372
endloop
endfacet
facet normal 0 0 0
outer loop
vertex 4.883794 9.263161 10.919372
vertex 4.883794 9.283914 10.919372
vertex 4.904270 9.263161 10.939372
endloop
endfacet
facet normal 0 0 0
outer loop
vertex 4.822367 9.304667 10.939372
vertex 4.801891 9.283914 10.919372
vertex 4.822367 9.283914 10.939372
endloop
endfacet
facet normal 0 0 0
outer loop
vertex 4.801891 9.304667 10.919372
vertex 4.801891 9.283914 10.919372
vertex 4.822367 9.304667 10.939372
endloop
endfacet
facet normal 0 0 0
outer loop
vertex 4.883794 9.283914 10.919372
vertex 4.863318 9.304667 10.919372
vertex 4.883794 9.304667 10.939372
endloop
endfacet
facet normal 0 0 0
outer loop
vertex 4.883794 9.283914 10.919372
vertex 4.883794 9.304667 10.939372
vertex 4.904270 9.283914 10.939372
endloop
endfacet
facet normal 0 0 0
outer loop
vertex 4.883794 9.304667 10.939372
vertex 4.904270 9.304667 10.939372
vertex 4.904270 9.283914 10.939372
endloop
endfacet
facet normal 0 0 0
outer loop
vertex 4.822367 9.325420 10.939372
vertex 4.801891 9.304667 10.919372
vertex 4.822367 9.304667 10.939372
endloop
endfacet
facet normal 0 0 0
outer loop
vertex 4.801891 9.325420 10.919372
vertex 4.801891 9.304667 10.919372
vertex 4.822367 9.325420 10.939372
endloop
endfacet
facet normal 0 0 0
outer loop
vertex 4.883794 9.304667 10.939372
vertex 4.863318 9.325420 10.919372
vertex 4.883794 9.325420 10.939372
endloop
endfacet
facet normal 0 0 0
outer loop
vertex 4.863318 9.304667 10.919372
vertex 4.863318 9.325420 10.919372
vertex 4.883794 9.304667 10.939372
endloop
endfacet
facet normal 0 0 0
outer loop
vertex 4.904270 9.304667 10.939372
vertex 4.883794 9.304667 10.939372
vertex 4.904270 9.325420 10.939372
endloop
endfacet
facet normal 0 0 0
outer loop
vertex 4.904270 9.325420 10.939372
vertex 4.883794 9.304667 10.939372
vertex 4.883794 9.325420 10.939372
endloop
endfacet
facet normal 0 0 0
outer loop
vertex 4.822367 9.346174 10.939372
vertex 4.801891 9.325420 10.919372
vertex 4.822367 9.325420 10.939372
endloop
endfacet
facet normal 0 0 0
outer loop
vertex 4.801891 9.346174 10.919372
vertex 4.801891 9.325420 10.919372
vertex 4.822367 9.346174 10.939372
endloop
endfacet
facet normal 0 0 0
outer loop
vertex 4.883794 9.325420 10.939372
vertex 4.863318 9.346174 10.919372
vertex 4.883794 9.346174 10.939372
endloop
endfacet
facet normal 0 0 0
outer loop
vertex 4.863318 9.325420 10.919372
vertex 4.863318 9.346174 10.919372
vertex 4.883794 9.325420 10.939372
endloop
endfacet
facet normal 0 0 0
outer loop
vertex 4.883794 9.346174 10.939372
vertex 4.904270 9.325420 10.939372
vertex 4.883794 9.325420 10.939372
endloop
endfacet
facet normal 0 0 0
outer loop
vertex 4.801891 9.346174 10.919372
vertex 4.801891 9.366927 10.939372
vertex 4.801891 9.366927 10.919372
endloop
endfacet
facet normal 0 0 0
outer loop
vertex 4.822367 9.346174 10.939372
vertex 4.801891 9.366927 10.939372
vertex 4.801891 9.346174 10.919372
endloop
endfacet
facet normal 0 0 0
outer loop
vertex 4.883794 9.346174 10.939372
vertex 4.863318 9.366927 10.919372
vertex 4.883794 9.366927 10.939372
endloop
endfacet
facet normal 0 0 0
outer loop
vertex 4.863318 9.346174 10.919372
vertex 4.863318 9.366927 10.919372
vertex 4.883794 9.346174 10.939372
endloop
endfacet
facet normal 0 0 0
outer loop
vertex 4.801891 9.366927 10.919372
vertex 4.801891 9.366927 10.939372
vertex 4.801891 9.387680 10.919372
endloop
endfacet
facet normal 0 0 0
outer loop
vertex 4.801891 9.366927 10.939372
vertex 4.801891 9.387680 10.939372
vertex 4.801891 9.387680 10.919372
endloop
endfacet
facet normal 0 0 0
outer loop
vertex 4.863318 9.366927 10.919372
vertex 4.842843 9.387680 10.919372
vertex 4.863318 9.387680 10.939372
endloop
endfacet
facet normal 0 0 0
outer loop
vertex 4.863318 9.366927 10.919372
vertex 4.863318 9.387680 10.939372
vertex 4.883794 9.366927 10.939372
endloop
endfacet
facet normal 0 0 0
outer loop
vertex 4.863318 9.387680 10.939372
vertex 4.883794 9.387680 10.939372
vertex 4.883794 9.366927 10.939372
endloop
endfacet
facet normal 0 0 0
outer loop
vertex 4.781415 9.408434 10.919372
vertex 4.801891 9.387680 10.919372
vertex 4.801891 9.408434 10.939372
endloop
endfacet
facet normal 0 0 0
outer loop
vertex 4.801891 9.387680 10.919372
vertex 4.801891 9.387680 10.939372
vertex 4.801891 9.408434 10.939372
endloop
endfacet
facet normal 0 0 0
outer loop
vertex 4.863318 9.387680 10.939372
vertex 4.842843 9.408434 10.919372
vertex 4.863318 9.408434 10.939372
endloop
endfacet
facet normal 0 0 0
outer loop
vertex 4.842843 9.387680 10.919372
vertex 4.842843 9.408434 10.919372
vertex 4.863318 9.387680 10.939372
endloop
endfacet
facet normal 0 0 0
outer loop
vertex 4.883794 9.387680 10.939372
vertex 4.863318 9.387680 10.939372
vertex 4.883794 9.408434 10.939372
endloop
endfacet
facet normal 0 0 0
outer loop
vertex 4.883794 9.408434 10.939372
vertex 4.863318 9.387680 10.939372
vertex 4.863318 9.408434 10.939372
endloop
endfacet
facet normal 0 0 0
outer loop
vertex 4.801891 9.429187 10.939372
vertex 4.781415 9.408434 10.919372
vertex 4.801891 9.408434 10.939372
endloop
endfacet
facet normal 0 0 0
outer loop
vertex 4.781415 9.429187 10.919372
vertex 4.781415 9.408434 10.919372
vertex 4.801891 9.429187 10.939372
endloop
endfacet
facet normal 0 0 0
outer loop
vertex 4.842843 9.408434 10.919372
vertex 4.822367 9.429187 10.919372
vertex 4.842843 9.429187 10.939372
endloop
endfacet
facet normal 0 0 0
outer loop
vertex 4.842843 9.408434 10.919372
vertex 4.842843 9.429187 10.939372
vertex 4.863318 9.408434 10.939372
endloop
endfacet
facet normal 0 0 0
outer loop
vertex 4.842843 9.429187 10.939372
vertex 4.863318 9.429187 10.939372
vertex 4.863318 9.408434 10.939372
endloop
endfacet
facet normal 0 0 0
outer loop
vertex 4.883794 9.408434 10.939372
vertex 4.863318 9.408434 10.939372
vertex 4.883794 9.429187 10.939372
endloop
endfacet
facet normal 0 0 0
outer loop
vertex 4.883794 9.429187 10.939372
vertex 4.863318 9.408434 10.939372
vertex 4.863318 9.429187 10.939372
endloop
endfacet
facet normal 0 0 0
outer loop
vertex 4.781415 9.429187 10.919372
vertex 4.781415 9.449941 10.939372
vertex 4.781415 9.449941 10.919372
endloop
endfacet
facet normal 0 0 0
outer loop
vertex 4.801891 9.429187 10.939372
vertex 4.781415 9.449941 10.939372
vertex 4.781415 9.429187 10.919372
endloop
endfacet
facet normal 0 0 0
outer loop
vertex 4.842843 9.429187 10.939372
vertex 4.822367 9.449941 10.919372
vertex 4.842843 9.449941 10.939372
endloop
endfacet
facet normal 0 0 0
outer loop
vertex 4.822367 9.429187 10.919372
vertex 4.822367 9.449941 10.919372
vertex 4.842843 9.429187 10.939372
endloop
endfacet
facet normal 0 0 0
outer loop
vertex 4.863318 9.429187 10.939372
vertex 4.842843 9.429187 10.939372
vertex 4.863318 9.449941 10.939372
endloop
endfacet
facet normal 0 0 0
outer loop
vertex 4.863318 9.449941 10.939372
vertex 4.842843 9.429187 10.939372
vertex 4.842843 9.449941 10.939372
endloop
endfacet
facet normal 0 0 0
outer loop
vertex 4.863318 9.449941 10.939372
vertex 4.883794 9.429187 10.939372
vertex 4.863318 9.429187 10.939372
endloop
endfacet
facet normal 0 0 0
outer loop
vertex 4.781415 9.449941 10.939372
vertex 4.801891 9.470694 10.919372
vertex 4.781415 9.449941 10.919372
endloop
endfacet
facet normal 0 0 0
outer loop
vertex 4.801891 9.470694 10.939372
vertex 4.801891 9.470694 10.919372
vertex 4.781415 9.449941 10.939372
endloop
endfacet
facet normal 0 0 0
outer loop
vertex 4.822367 9.449941 10.919372
vertex 4.801891 9.470694 10.919372
vertex 4.822367 9.470694 10.939372
endloop
endfacet
facet normal 0 0 0
outer loop
vertex 4.822367 9.449941 10.919372
vertex 4.822367 9.470694 10.939372
vertex 4.842843 9.449941 10.939372
endloop
endfacet
facet normal 0 0 0
outer loop
vertex 4.822367 9.470694 10.939372
vertex 4.842843 9.470694 10.939372
vertex 4.842843 9.449941 10.939372
endloop
endfacet
facet normal 0 0 0
outer loop
vertex 4.863318 9.449941 10.939372
vertex 4.842843 9.449941 10.939372
vertex 4.863318 9.470694 10.939372
endloop
endfacet
facet normal 0 0 0
outer loop
vertex 4.863318 9.470694 10.939372
vertex 4.842843 9.449941 10.939372
vertex 4.842843 9.470694 10.939372
endloop
endfacet
facet normal 0 0 0
outer loop
vertex 4.801891 9.470694 10.919372
vertex 4.781415 9.491447 10.939372
vertex 4.801891 9.491447 10.939372
endloop
endfacet
facet normal 0 0 0
outer loop
vertex 4.801891 9.470694 10.919372
vertex 4.801891 9.470694 10.939372
vertex 4.781415 9.491447 10.939372
endloop
endfacet
facet normal 0 0 0
outer loop
vertex 4.801891 9.470694 10.919372
vertex 4.801891 9.491447 10.939372
vertex 4.822367 9.470694 10.939372
endloop
endfacet
facet normal 0 0 0
outer loop
vertex 4.801891 9.491447 10.939372
vertex 4.822367 9.491447 10.939372
vertex 4.822367 9.470694 10.939372
endloop
endfacet
facet normal 0 0 0
outer loop
vertex 4.842843 9.470694 10.939372
vertex 4.822367 9.470694 10.939372
vertex 4.842843 9.491447 10.939372
endloop
endfacet
facet normal 0 0 0
outer loop
vertex 4.842843 9.491447 10.939372
vertex 4.822367 9.470694 10.939372
vertex 4.822367 9.491447 10.939372
endloop
endfacet
facet normal 0 0 0
outer loop
vertex 4.863318 9.470694 10.939372
vertex 4.842843 9.470694 10.939372
vertex 4.863318 9.491447 10.939372
endloop
endfacet
facet normal 0 0 0
outer loop
vertex 4.863318 9.491447 10.939372
vertex 4.842843 9.470694 10.939372
vertex 4.842843 9.491447 10.939372
endloop
endfacet
facet normal 0 0 0
outer loop
vertex 4.801891 9.491447 10.939372
vertex 4.781415 9.491447 10.939372
vertex 4.801891 9.512200 10.939372
endloop
endfacet
facet normal 0 0 0
outer loop
vertex 4.801891 9.512200 10.939372
vertex 4.781415 9.491447 10.939372
vertex 4.781415 9.512200 10.939372
endloop
endfacet
facet normal 0 0 0
outer loop
vertex 4.822367 9.491447 10.939372
vertex 4.801891 9.491447 10.939372
vertex 4.822367 9.512200 10.939372
endloop
endfacet
facet normal 0 0 0
outer loop
vertex 4.822367 9.512200 10.939372
vertex 4.801891 9.491447 10.939372
vertex 4.801891 9.512200 10.939372
endloop
endfacet
facet normal 0 0 0
outer loop
vertex 4.842843 9.491447 10.939372
vertex 4.822367 9.491447 10.939372
vertex 4.842843 9.512200 10.939372
endloop
endfacet
facet normal 0 0 0
outer loop
vertex 4.842843 9.512200 10.939372
vertex 4.822367 9.491447 10.939372
vertex 4.822367 9.512200 10.939372
endloop
endfacet
facet normal 0 0 0
outer loop
vertex 4.842843 9.512200 10.939372
vertex 4.863318 9.491447 10.939372
vertex 4.842843 9.491447 10.939372
endloop
endfacet
facet normal 0 0 0
outer loop
vertex 4.801891 9.512200 10.939372
vertex 4.781415 9.512200 10.939372
vertex 4.801891 9.532953 10.939372
endloop
endfacet
facet normal 0 0 0
outer loop
vertex 4.801891 9.532953 10.939372
vertex 4.781415 9.512200 10.939372
vertex 4.781415 9.532953 10.939372
endloop
endfacet
facet normal 0 0 0
outer loop
vertex 4.822367 9.512200 10.939372
vertex 4.801891 9.512200 10.939372
vertex 4.822367 9.532953 10.939372
endloop
endfacet
facet normal 0 0 0
outer loop
vertex 4.822367 9.532953 10.939372
vertex 4.801891 9.512200 10.939372
vertex 4.801891 9.532953 10.939372
endloop
endfacet
facet normal 0 0 0
outer loop
vertex 4.842843 9.512200 10.939372
vertex 4.822367 9.512200 10.939372
vertex 4.842843 9.532953 10.939372
endloop
endfacet
facet normal 0 0 0
outer loop
vertex 4.842843 9.532953 10.939372
vertex 4.822367 9.512200 10.939372
vertex 4.822367 9.532953 10.939372
endloop
endfacet
facet normal 0 0 0
outer loop
vertex 4.781415 9.532953 10.939372
vertex 4.801891 9.553707 10.939372
vertex 4.801891 9.532953 10.939372
endloop
endfacet
facet normal 0 0 0
outer loop
vertex 4.801891 9.553707 10.939372
vertex 4.822367 9.532953 10.939372
vertex 4.801891 9.532953 10.939372
endloop
endfacet
facet normal 0 0 0
outer loop
vertex 4.822367 9.263161 10.939372
vertex 4.842843 9.242407 10.939372
vertex 4.842843 9.263161 10.939372
endloop
endfacet
facet normal 0 0 0
outer loop
vertex 4.863318 9.242407 10.939372
vertex 4.863318 9.263161 10.939372
vertex 4.842843 9.242407 10.939372
endloop
endfacet
facet normal 0 0 0
outer loop
vertex 4.863318 9.263161 10.939372
vertex 4.842843 9.263161 10.939372
vertex 4.842843 9.242407 10.939372
endloop
endfacet
facet normal 0 0 0
outer loop
vertex 4.883794 9.242407 10.939372
vertex 4.883794 9.263161 10.939372
vertex 4.863318 9.242407 10.939372
endloop
endfacet
facet normal 0 0 0
outer loop
vertex 4.883794 9.263161 10.939372
vertex 4.863318 9.263161 10.939372
vertex 4.863318 9.242407 10.939372
endloop
endfacet
facet normal 0 0 0
outer loop
vertex 4.883794 9.242407 10.939372
vertex 4.904270 9.263161 10.939372
vertex 4.883794 9.263161 10.939372
endloop
endfacet
facet normal 0 0 0
outer loop
vertex 4.842843 9.263161 10.939372
vertex 4.842843 9.283914 10.939372
vertex 4.822367 9.263161 10.939372
endloop
endfacet
facet normal 0 0 0
outer loop
vertex 4.842843 9.283914 10.939372
vertex 4.822367 9.283914 10.939372
vertex 4.822367 9.263161 10.939372
endloop
endfacet
facet normal 0 0 0
outer loop
vertex 4.863318 9.263161 10.939372
vertex 4.863318 9.283914 10.939372
vertex 4.842843 9.263161 10.939372
endloop
endfacet
facet normal 0 0 0
outer loop
vertex 4.863318 9.283914 10.939372
vertex 4.842843 9.283914 10.939372
vertex 4.842843 9.263161 10.939372
endloop
endfacet
facet normal 0 0 0
outer loop
vertex 4.883794 9.263161 10.939372
vertex 4.883794 9.283914 10.939372
vertex 4.863318 9.263161 10.939372
endloop
endfacet
facet normal 0 0 0
outer loop
vertex 4.883794 9.283914 10.939372
vertex 4.863318 9.283914 10.939372
vertex 4.863318 9.263161 10.939372
endloop
endfacet
facet normal 0 0 0
outer loop
vertex 4.904270 9.263161 10.939372
vertex 4.904270 9.283914 10.939372
vertex 4.883794 9.263161 10.939372
endloop
endfacet
facet normal 0 0 0
outer loop
vertex 4.904270 9.283914 10.939372
vertex 4.883794 9.283914 10.939372
vertex 4.883794 9.263161 10.939372
endloop
endfacet
facet normal 0 0 0
outer loop
vertex 4.842843 9.283914 10.939372
vertex 4.842843 9.304667 10.939372
vertex 4.822367 9.283914 10.939372
endloop
endfacet
facet normal 0 0 0
outer loop
vertex 4.842843 9.304667 10.939372
vertex 4.822367 9.304667 10.939372
vertex 4.822367 9.283914 10.939372
endloop
endfacet
facet normal 0 0 0
outer loop
vertex 4.863318 9.283914 10.939372
vertex 4.863318 9.304667 10.939372
vertex 4.842843 9.283914 10.939372
endloop
endfacet
facet normal 0 0 0
outer loop
vertex 4.863318 9.304667 10.939372
vertex 4.842843 9.304667 10.939372
vertex 4.842843 9.283914 10.939372
endloop
endfacet
facet normal 0 0 0
outer loop
vertex 4.883794 9.283914 10.939372
vertex 4.883794 9.304667 10.939372
vertex 4.863318 9.283914 10.939372
endloop
endfacet
facet normal 0 0 0
outer loop
vertex 4.883794 9.304667 10.939372
vertex 4.863318 9.304667 10.939372
vertex 4.863318 9.283914 10.939372
endloop
endfacet
facet normal 0 0 0
outer loop
vertex 4.904270 9.283914 10.939372
vertex 4.904270 9.304667 10.939372
vertex 4.883794 9.283914 10.939372
endloop
endfacet
facet normal 0 0 0
outer loop
vertex 4.904270 9.304667 10.939372
vertex 4.883794 9.304667 10.939372
vertex 4.883794 9.283914 10.939372
endloop
endfacet
facet normal 0 0 0
outer loop
vertex 4.842843 9.325420 10.959372
vertex 4.822367 9.325420 10.939372
vertex 4.842843 9.304667 10.939372
endloop
endfacet
facet normal 0 0 0
outer loop
vertex 4.822367 9.325420 10.939372
vertex 4.822367 9.304667 10.939372
vertex 4.842843 9.304667 10.939372
endloop
endfacet
facet normal 0 0 0
outer loop
vertex 4.863318 9.304667 10.939372
vertex 4.842843 9.325420 10.959372
vertex 4.842843 9.304667 10.939372
endloop
endfacet
facet normal 0 0 0
outer loop
vertex 4.863318 9.325420 10.959372
vertex 4.842843 9.325420 10.959372
vertex 4.863318 9.304667 10.939372
endloop
endfacet
facet normal 0 0 0
outer loop
vertex 4.883794 9.304667 10.939372
vertex 4.863318 9.325420 10.959372
vertex 4.863318 9.304667 10.939372
endloop
endfacet
facet normal 0 0 0
outer loop
vertex 4.883794 9.325420 10.959372
vertex 4.863318 9.325420 10.959372
vertex 4.883794 9.304667 10.939372
endloop
endfacet
facet normal 0 0 0
outer loop
vertex 4.883794 9.325420 10.959372
vertex 4.883794 9.304667 10.939372
vertex 4.904270 9.325420 10.939372
endloop
endfacet
facet normal 0 0 0
outer loop
vertex 4.842843 9.346174 10.959372
vertex 4.822367 9.325420 10.939372
vertex 4.842843 9.325420 10.959372
endloop
endfacet
facet normal 0 0 0
outer loop
vertex 4.822367 9.346174 10.939372
vertex 4.822367 9.325420 10.939372
vertex 4.842843 9.346174 10.959372
endloop
endfacet
facet normal 0 0 0
outer loop
vertex 4.904270 9.325420 10.939372
vertex 4.883794 9.346174 10.939372
vertex 4.883794 9.325420 10.959372
endloop
endfacet
facet normal 0 0 0
outer loop
vertex 4.883794 9.346174 10.939372
vertex 4.883794 9.346174 10.959372
vertex 4.883794 9.325420 10.959372
endloop
endfacet
facet normal 0 0 0
outer loop
vertex 4.801891 9.366927 10.939372
vertex 4.822367 9.346174 10.939372
vertex 4.822367 9.366927 10.939372
endloop
endfacet
facet normal 0 0 0
outer loop
vertex 4.842843 9.366927 10.959372
vertex 4.822367 9.346174 10.939372
vertex 4.842843 9.346174 10.959372
endloop
endfacet
facet normal 0 0 0
outer loop
vertex 4.822367 9.366927 10.939372
vertex 4.822367 9.346174 10.939372
vertex 4.842843 9.366927 10.959372
endloop
endfacet
facet normal 0 0 0
outer loop
vertex 4.883794 9.346174 10.939372
vertex 4.883794 9.366927 10.939372
vertex 4.883794 9.346174 10.959372
endloop
endfacet
facet normal 0 0 0
outer loop
vertex 4.883794 9.346174 10.959372
vertex 4.883794 9.366927 10.939372
vertex 4.883794 9.366927 10.959372
endloop
endfacet
facet normal 0 0 0
outer loop
vertex 4.822367 9.387680 10.959372
vertex 4.801891 9.387680 10.939372
vertex 4.822367 9.366927 10.939372
endloop
endfacet
facet normal 0 0 0
outer loop
vertex 4.801891 9.387680 10.939372
vertex 4.801891 9.366927 10.939372
vertex 4.822367 9.366927 10.939372
endloop
endfacet
facet normal 0 0 0
outer loop
vertex 4.842843 9.366927 10.959372
vertex 4.822367 9.387680 10.959372
vertex 4.822367 9.366927 10.939372
endloop
endfacet
facet normal 0 0 0
outer loop
vertex 4.904270 9.387680 10.959372
vertex 4.883794 9.366927 10.959372
vertex 4.883794 9.387680 10.939372
endloop
endfacet
facet normal 0 0 0
outer loop
vertex 4.883794 9.366927 10.959372
vertex 4.883794 9.366927 10.939372
vertex 4.883794 9.387680 10.939372
endloop
endfacet
facet normal 0 0 0
outer loop
vertex 4.822367 9.408434 10.959372
vertex 4.801891 9.387680 10.939372
vertex 4.822367 9.387680 10.959372
endloop
endfacet
facet normal 0 0 0
outer loop
vertex 4.801891 9.408434 10.939372
vertex 4.801891 9.387680 10.939372
vertex 4.822367 9.408434 10.959372
endloop
endfacet
facet normal 0 0 0
outer loop
vertex 4.904270 9.387680 10.959372
vertex 4.883794 9.408434 10.939372
vertex 4.904270 9.408434 10.959372
endloop
endfacet
facet normal 0 0 0
outer loop
vertex 4.883794 9.387680 10.939372
vertex 4.883794 9.408434 10.939372
vertex 4.904270 9.387680 10.959372
endloop
endfacet
facet normal 0 0 0
outer loop
vertex 4.822367 9.429187 10.959372
vertex 4.801891 9.408434 10.939372
vertex 4.822367 9.408434 10.959372
endloop
endfacet
facet normal 0 0 0
outer loop
vertex 4.801891 9.429187 10.939372
vertex 4.801891 9.408434 10.939372
vertex 4.822367 9.429187 10.959372
endloop
endfacet
facet normal 0 0 0
outer loop
vertex 4.904270 9.408434 10.959372
vertex 4.883794 9.408434 10.939372
vertex 4.883794 9.429187 10.959372
endloop
endfacet
facet normal 0 0 0
outer loop
vertex 4.883794 9.408434 10.939372
vertex 4.883794 9.429187 10.939372
vertex 4.883794 9.429187 10.959372
endloop
endfacet
facet normal 0 0 0
outer loop
vertex 4.801891 9.429187 10.939372
vertex 4.801891 9.449941 10.959372
vertex 4.781415 9.449941 10.939372
endloop
endfacet
facet normal 0 0 0
outer loop
vertex 4.822367 9.429187 10.959372
vertex 4.801891 9.449941 10.959372
vertex 4.801891 9.429187 10.939372
endloop
endfacet
facet normal 0 0 0
outer loop
vertex 4.883794 9.429187 10.939372
vertex 4.863318 9.449941 10.939372
vertex 4.883794 9.449941 10.959372
endloop
endfacet
facet normal 0 0 0
outer loop
vertex 4.883794 9.429187 10.939372
vertex 4.883794 9.449941 10.959372
vertex 4.883794 9.429187 10.959372
endloop
endfacet
facet normal 0 0 0
outer loop
vertex 4.781415 9.449941 10.939372
vertex 4.801891 9.449941 10.959372
vertex 4.801891 9.470694 10.939372
endloop
endfacet
facet normal 0 0 0
outer loop
vertex 4.801891 9.449941 10.959372
vertex 4.801891 9.470694 10.959372
vertex 4.801891 9.470694 10.939372
endloop
endfacet
facet normal 0 0 0
outer loop
vertex 4.883794 9.449941 10.959372
vertex 4.863318 9.470694 10.939372
vertex 4.883794 9.470694 10.959372
endloop
endfacet
facet normal 0 0 0
outer loop
vertex 4.863318 9.449941 10.939372
vertex 4.863318 9.470694 10.939372
vertex 4.883794 9.449941 10.959372
endloop
endfacet
facet normal 0 0 0
outer loop
vertex 4.781415 9.491447 10.939372
vertex 4.801891 9.470694 10.939372
vertex 4.801891 9.491447 10.959372
endloop
endfacet
facet normal 0 0 0
outer loop
vertex 4.801891 9.470694 10.939372
vertex 4.801891 9.470694 10.959372
vertex 4.801891 9.491447 10.959372
endloop
endfacet
facet normal 0 0 0
outer loop
vertex 4.883794 9.470694 10.959372
vertex 4.863318 9.491447 10.939372
vertex 4.883794 9.491447 10.959372
endloop
endfacet
facet normal 0 0 0
outer loop
vertex 4.863318 9.470694 10.939372
vertex 4.863318 9.491447 10.939372
vertex 4.883794 9.470694 10.959372
endloop
endfacet
facet normal 0 0 0
outer loop
vertex 4.801891 9.512200 10.959372
vertex 4.781415 9.491447 10.939372
vertex 4.801891 9.491447 10.959372
endloop
endfacet
facet normal 0 0 0
outer loop
vertex 4.781415 9.512200 10.939372
vertex 4.781415 9.491447 10.939372
vertex 4.801891 9.512200 10.959372
endloop
endfacet
facet normal 0 0 0
outer loop
vertex 4.863318 9.491447 10.939372
vertex 4.842843 9.512200 10.939372
vertex 4.863318 9.512200 10.959372
endloop
endfacet
facet normal 0 0 0
outer loop
vertex 4.863318 9.491447 10.939372
vertex 4.863318 9.512200 10.959372
vertex 4.883794 9.491447 10.959372
endloop
endfacet
facet normal 0 0 0
outer loop
vertex 4.863318 9.512200 10.959372
vertex 4.883794 9.512200 10.959372
vertex 4.883794 9.491447 10.959372
endloop
endfacet
facet normal 0 0 0
outer loop
vertex 4.781415 9.512200 10.939372
vertex 4.781415 9.532953 10.959372
vertex 4.781415 9.532953 10.939372
endloop
endfacet
facet normal 0 0 0
outer loop
vertex 4.801891 9.512200 10.959372
vertex 4.781415 9.532953 10.959372
vertex 4.781415 9.512200 10.939372
endloop
endfacet
facet normal 0 0 0
outer loop
vertex 4.863318 9.512200 10.959372
vertex 4.842843 9.532953 10.939372
vertex 4.863318 9.532953 10.959372
endloop
endfacet
facet normal 0 0 0
outer loop
vertex 4.842843 9.512200 10.939372
vertex 4.842843 9.532953 10.939372
vertex 4.863318 9.512200 10.959372
endloop
endfacet
facet normal 0 0 0
outer loop
vertex 4.863318 9.532953 10.959372
vertex 4.883794 9.512200 10.959372
vertex 4.863318 9.512200 10.959372
endloop
endfacet
facet normal 0 0 0
outer loop
vertex 4.781415 9.553707 10.959372
vertex 4.781415 9.532953 10.939372
vertex 4.781415 9.532953 10.959372
endloop
endfacet
facet normal 0 0 0
outer loop
vertex 4.781415 9.532953 10.939372
vertex 4.781415 9.553707 10.959372
vertex 4.801891 9.553707 10.939372
endloop
endfacet
facet normal 0 0 0
outer loop
vertex 4.822367 9.532953 10.939372
vertex 4.801891 9.553707 10.939372
vertex 4.822367 9.553707 10.959372
endloop
endfacet
facet normal 0 0 0
outer loop
vertex 4.822367 9.532953 10.939372
vertex 4.842843 9.553707 10.959372
vertex 4.842843 9.532953 10.939372
endloop
endfacet
facet normal 0 0 0
outer loop
vertex 4.822367 9.553707 10.959372
vertex 4.842843 9.553707 10.959372
vertex 4.822367 9.532953 10.939372
endloop
endfacet
facet normal 0 0 0
outer loop
vertex 4.842843 9.532953 10.939372
vertex 4.842843 9.553707 10.959372
vertex 4.863318 9.532953 10.959372
endloop
endfacet
facet normal 0 0 0
outer loop
vertex 4.842843 9.553707 10.959372
vertex 4.863318 9.553707 10.959372
vertex 4.863318 9.532953 10.959372
endloop
endfacet
facet normal 0 0 0
outer loop
vertex 4.801891 9.553707 10.939372
vertex 4.781415 9.553707 10.959372
vertex 4.801891 9.574460 10.959372
endloop
endfacet
facet normal 0 0 0
outer loop
vertex 4.781415 9.553707 10.959372
vertex 4.781415 9.574460 10.959372
vertex 4.801891 9.574460 10.959372
endloop
endfacet
facet normal 0 0 0
outer loop
vertex 4.801891 9.553707 10.939372
vertex 4.801891 9.574460 10.959372
vertex 4.822367 9.553707 10.959372
endloop
endfacet
facet normal 0 0 0
outer loop
vertex 4.801891 9.574460 10.959372
vertex 4.822367 9.574460 10.959372
vertex 4.822367 9.553707 10.959372
endloop
endfacet
facet normal 0 0 0
outer loop
vertex 4.842843 9.553707 10.959372
vertex 4.822367 9.553707 10.959372
vertex 4.842843 9.574460 10.959372
endloop
endfacet
facet normal 0 0 0
outer loop
vertex 4.842843 9.574460 10.959372
vertex 4.822367 9.553707 10.959372
vertex 4.822367 9.574460 10.959372
endloop
endfacet
facet normal 0 0 0
outer loop
vertex 4.842843 9.574460 10.959372
vertex 4.863318 9.553707 10.959372
vertex 4.842843 9.553707 10.959372
endloop
endfacet
facet normal 0 0 0
outer loop
vertex 4.801891 9.574460 10.959372
vertex 4.781415 9.574460 10.959372
vertex 4.801891 9.595214 10.959372
endloop
endfacet
facet normal 0 0 0
outer loop
vertex 4.801891 9.595214 10.959372
vertex 4.781415 9.574460 10.959372
vertex 4.781415 9.595214 10.959372
endloop
endfacet
facet normal 0 0 0
outer loop
vertex 4.822367 9.574460 10.959372
vertex 4.801891 9.574460 10.959372
vertex 4.822367 9.595214 10.959372
endloop
endfacet
facet normal 0 0 0
outer loop
vertex 4.822367 9.595214 10.959372
vertex 4.801891 9.574460 10.959372
vertex 4.801891 9.595214 10.959372
endloop
endfacet
facet normal 0 0 0
outer loop
vertex 4.842843 9.574460 10.959372
vertex 4.822367 9.574460 10.959372
vertex 4.842843 9.595214 10.959372
endloop
endfacet
facet normal 0 0 0
outer loop
vertex 4.842843 9.595214 10.959372
vertex 4.822367 9.574460 10.959372
vertex 4.822367 9.595214 10.959372
endloop
endfacet
facet normal 0 0 0
outer loop
vertex 4.801891 9.595214 10.959372
vertex 4.781415 9.595214 10.959372
vertex 4.801891 9.615967 10.959372
endloop
endfacet
facet normal 0 0 0
outer loop
vertex 4.801891 9.615967 10.959372
vertex 4.781415 9.595214 10.959372
vertex 4.781415 9.615967 10.959372
endloop
endfacet
facet normal 0 0 0
outer loop
vertex 4.822367 9.595214 10.959372
vertex 4.801891 9.595214 10.959372
vertex 4.822367 9.615967 10.959372
endloop
endfacet
facet normal 0 0 0
outer loop
vertex 4.822367 9.615967 10.959372
vertex 4.801891 9.595214 10.959372
vertex 4.801891 9.615967 10.959372
endloop
endfacet
facet normal 0 0 0
outer loop
vertex 4.842843 9.595214 10.959372
vertex 4.822367 9.595214 10.959372
vertex 4.842843 9.615967 10.959372
endloop
endfacet
facet normal 0 0 0
outer loop
vertex 4.842843 9.615967 10.959372
vertex 4.822367 9.595214 10.959372
vertex 4.822367 9.615967 10.959372
endloop
endfacet
facet normal 0 0 0
outer loop
vertex 4.801891 9.615967 10.959372
vertex 4.781415 9.615967 10.959372
vertex 4.801891 9.636721 10.959372
endloop
endfacet
facet normal 0 0 0
outer loop
vertex 4.801891 9.636721 10.959372
vertex 4.781415 9.615967 10.959372
vertex 4.781415 9.636721 10.959372
endloop
endfacet
facet normal 0 0 0
outer loop
vertex 4.822367 9.615967 10.959372
vertex 4.801891 9.615967 10.959372
vertex 4.822367 9.636721 10.959372
endloop
endfacet
facet normal 0 0 0
outer loop
vertex 4.822367 9.636721 10.959372
vertex 4.801891 9.615967 10.959372
vertex 4.801891 9.636721 10.959372
endloop
endfacet
facet normal 0 0 0
outer loop
vertex 4.822367 9.636721 10.959372
vertex 4.842843 9.615967 10.959372
vertex 4.822367 9.615967 10.959372
endloop
endfacet
facet normal 0 0 0
outer loop
vertex 4.863318 9.325420 10.959372
vertex 4.863318 9.346174 10.959372
vertex 4.842843 9.325420 10.959372
endloop
endfacet
facet normal 0 0 0
outer loop
vertex 4.863318 9.346174 10.959372
vertex 4.842843 9.346174 10.959372
vertex 4.842843 9.325420 10.959372
endloop
endfacet
facet normal 0 0 0
outer loop
vertex 4.883794 9.325420 10.959372
vertex 4.883794 9.346174 10.959372
vertex 4.863318 9.325420 10.959372
endloop
endfacet
facet normal 0 0 0
outer loop
vertex 4.883794 9.346174 10.959372
vertex 4.863318 9.346174 10.959372
vertex 4.863318 9.325420 10.959372
endloop
endfacet
facet normal 0 0 0
outer loop
vertex 4.863318 9.346174 10.959372
vertex 4.863318 9.366927 10.959372
vertex 4.842843 9.346174 10.959372
endloop
endfacet
facet normal 0 0 0
outer loop
vertex 4.863318 9.366927 10.959372
vertex 4.842843 9.366927 10.959372
vertex 4.842843 9.346174 10.959372
endloop
endfacet
facet normal 0 0 0
outer loop
vertex 4.883794 9.346174 10.959372
vertex 4.883794 9.366927 10.959372
vertex 4.863318 9.346174 10.959372
endloop
endfacet
facet normal 0 0 0
outer loop
vertex 4.883794 9.366927 10.959372
vertex 4.863318 9.366927 10.959372
vertex 4.863318 9.346174 10.959372
endloop
endfacet
facet normal 0 0 0
outer loop
vertex 4.822367 9.387680 10.959372
vertex 4.842843 9.366927 10.959372
vertex 4.842843 9.387680 10.959372
endloop
endfacet
facet normal 0 0 0
outer loop
vertex 4.863318 9.366927 10.959372
vertex 4.863318 9.387680 10.959372
vertex 4.842843 9.366927 10.959372
endloop
endfacet
facet normal 0 0 0
outer loop
vertex 4.863318 9.387680 10.959372
vertex 4.842843 9.387680 10.959372
vertex 4.842843 9.366927 10.959372
endloop
endfacet
facet normal 0 0 0
outer loop
vertex 4.883794 9.366927 10.959372
vertex 4.883794 9.387680 10.959372
vertex 4.863318 9.366927 10.959372
endloop
endfacet
facet normal 0 0 0
outer loop
vertex 4.883794 9.387680 10.959372
vertex 4.863318 9.387680 10.959372
vertex 4.863318 9.366927 10.959372
endloop
endfacet
facet normal 0 0 0
outer loop
vertex 4.883794 9.366927 10.959372
vertex 4.904270 9.387680 10.959372
vertex 4.883794 9.387680 10.959372
endloop
endfacet
facet normal 0 0 0
outer loop
vertex 4.842843 9.387680 10.959372
vertex 4.842843 9.408434 10.959372
vertex 4.822367 9.387680 10.959372
endloop
endfacet
facet normal 0 0 0
outer loop
vertex 4.842843 9.408434 10.959372
vertex 4.822367 9.408434 10.959372
vertex 4.822367 9.387680 10.959372
endloop
endfacet
facet normal 0 0 0
outer loop
vertex 4.863318 9.387680 10.959372
vertex 4.863318 9.408434 10.959372
vertex 4.842843 9.387680 10.959372
endloop
endfacet
facet normal 0 0 0
outer loop
vertex 4.863318 9.408434 10.959372
vertex 4.842843 9.408434 10.959372
vertex 4.842843 9.387680 10.959372
endloop
endfacet
facet normal 0 0 0
outer loop
vertex 4.883794 9.387680 10.959372
vertex 4.883794 9.408434 10.959372
vertex 4.863318 9.387680 10.959372
endloop
endfacet
facet normal 0 0 0
outer loop
vertex 4.883794 9.408434 10.959372
vertex 4.863318 9.408434 10.959372
vertex 4.863318 9.387680 10.959372
endloop
endfacet
facet normal 0 0 0
outer loop
vertex 4.904270 9.387680 10.959372
vertex 4.904270 9.408434 10.959372
vertex 4.883794 9.387680 10.959372
endloop
endfacet
facet normal 0 0 0
outer loop
vertex 4.904270 9.408434 10.959372
vertex 4.883794 9.408434 10.959372
vertex 4.883794 9.387680 10.959372
endloop
endfacet
facet normal 0 0 0
outer loop
vertex 4.842843 9.429187 10.979372
vertex 4.822367 9.429187 10.959372
vertex 4.842843 9.408434 10.959372
endloop
endfacet
facet normal 0 0 0
outer loop
vertex 4.822367 9.429187 10.959372
vertex 4.822367 9.408434 10.959372
vertex 4.842843 9.408434 10.959372
endloop
endfacet
facet normal 0 0 0
outer loop
vertex 4.863318 9.408434 10.959372
vertex 4.842843 9.429187 10.979372
vertex 4.842843 9.408434 10.959372
endloop
endfacet
facet normal 0 0 0
outer loop
vertex 4.863318 9.429187 10.979372
vertex 4.842843 9.429187 10.979372
vertex 4.863318 9.408434 10.959372
endloop
endfacet
facet normal 0 0 0
outer loop
vertex 4.883794 9.408434 10.959372
vertex 4.863318 9.429187 10.979372
vertex 4.863318 9.408434 10.959372
endloop
endfacet
facet normal 0 0 0
outer loop
vertex 4.883794 9.429187 10.979372
vertex 4.863318 9.429187 10.979372
vertex 4.883794 9.408434 10.959372
endloop
endfacet
facet normal 0 0 0
outer loop
vertex 4.904270 9.408434 10.959372
vertex 4.883794 9.429187 10.959372
vertex 4.883794 9.429187 10.979372
endloop
endfacet
facet normal 0 0 0
outer loop
vertex 4.904270 9.408434 10.959372
vertex 4.883794 9.429187 10.979372
vertex 4.883794 9.408434 10.959372
endloop
endfacet
facet normal 0 0 0
outer loop
vertex 4.801891 9.449941 10.959372
vertex 4.822367 9.429187 10.959372
vertex 4.822367 9.449941 10.959372
endloop
endfacet
facet normal 0 0 0
outer loop
vertex 4.842843 9.449941 10.979372
vertex 4.822367 9.429187 10.959372
vertex 4.842843 9.429187 10.979372
endloop
endfacet
facet normal 0 0 0
outer loop
vertex 4.822367 9.449941 10.959372
vertex 4.822367 9.429187 10.959372
vertex 4.842843 9.449941 10.979372
endloop
endfacet
facet normal 0 0 0
outer loop
vertex 4.904270 9.449941 10.979372
vertex 4.883794 9.429187 10.979372
vertex 4.883794 9.449941 10.959372
endloop
endfacet
facet normal 0 0 0
outer loop
vertex 4.883794 9.429187 10.979372
vertex 4.883794 9.429187 10.959372
vertex 4.883794 9.449941 10.959372
endloop
endfacet
facet normal 0 0 0
outer loop
vertex 4.822367 9.470694 10.979372
vertex 4.801891 9.470694 10.959372
vertex 4.822367 9.449941 10.959372
endloop
endfacet
facet normal 0 0 0
outer loop
vertex 4.801891 9.470694 10.959372
vertex 4.801891 9.449941 10.959372
vertex 4.822367 9.449941 10.959372
endloop
endfacet
facet normal 0 0 0
outer loop
vertex 4.842843 9.449941 10.979372
vertex 4.822367 9.470694 10.979372
vertex 4.822367 9.449941 10.959372
endloop
endfacet
facet normal 0 0 0
outer loop
vertex 4.904270 9.449941 10.979372
vertex 4.883794 9.470694 10.959372
vertex 4.904270 9.470694 10.979372
endloop
endfacet
facet normal 0 0 0
outer loop
vertex 4.883794 9.449941 10.959372
vertex 4.883794 9.470694 10.959372
vertex 4.904270 9.449941 10.979372
endloop
endfacet
facet normal 0 0 0
outer loop
vertex 4.822367 9.491447 10.979372
vertex 4.801891 9.470694 10.959372
vertex 4.822367 9.470694 10.979372
endloop
endfacet
facet normal 0 0 0
outer loop
vertex 4.801891 9.491447 10.959372
vertex 4.801891 9.470694 10.959372
vertex 4.822367 9.491447 10.979372
endloop
endfacet
facet normal 0 0 0
outer loop
vertex 4.904270 9.470694 10.979372
vertex 4.883794 9.491447 10.959372
vertex 4.904270 9.491447 10.979372
endloop
endfacet
facet normal 0 0 0
outer loop
vertex 4.883794 9.470694 10.959372
vertex 4.883794 9.491447 10.959372
vertex 4.904270 9.470694 10.979372
endloop
endfacet
facet normal 0 0 0
outer loop
vertex 4.822367 9.512200 10.979372
vertex 4.801891 9.491447 10.959372
vertex 4.822367 9.491447 10.979372
endloop
endfacet
facet normal 0 0 0
outer loop
vertex 4.801891 9.512200 10.959372
vertex 4.801891 9.491447 10.959372
vertex 4.822367 9.512200 10.979372
endloop
endfacet
facet normal 0 0 0
outer loop
vertex 4.904270 9.491447 10.979372
vertex 4.883794 9.491447 10.959372
vertex 4.883794 9.512200 10.979372
endloop
endfacet
facet normal 0 0 0
outer loop
vertex 4.883794 9.491447 10.959372
vertex 4.883794 9.512200 10.959372
vertex 4.883794 9.512200 10.979372
endloop
endfacet
facet normal 0 0 0
outer loop
vertex 4.781415 9.532953 10.959372
vertex 4.801891 9.512200 10.959372
vertex 4.801891 9.532953 10.959372
endloop
endfacet
facet normal 0 0 0
outer loop
vertex 4.822367 9.532953 10.979372
vertex 4.801891 9.512200 10.959372
vertex 4.822367 9.512200 10.979372
endloop
endfacet
facet normal 0 0 0
outer loop
vertex 4.801891 9.532953 10.959372
vertex 4.801891 9.512200 10.959372
vertex 4.822367 9.532953 10.979372
endloop
endfacet
facet normal 0 0 0
outer loop
vertex 4.883794 9.512200 10.959372
vertex 4.863318 9.532953 10.959372
vertex 4.883794 9.532953 10.979372
endloop
endfacet
facet normal 0 0 0
outer loop
vertex 4.883794 9.512200 10.959372
vertex 4.883794 9.532953 10.979372
vertex 4.883794 9.512200 10.979372
endloop
endfacet
facet normal 0 0 0
outer loop
vertex 4.801891 9.532953 10.959372
vertex 4.801891 9.553707 10.959372
vertex 4.781415 9.532953 10.959372
endloop
endfacet
facet normal 0 0 0
outer loop
vertex 4.801891 9.553707 10.959372
vertex 4.781415 9.553707 10.959372
vertex 4.781415 9.532953 10.959372
endloop
endfacet
facet normal 0 0 0
outer loop
vertex 4.822367 9.553707 10.979372
vertex 4.801891 9.532953 10.959372
vertex 4.822367 9.532953 10.979372
endloop
endfacet
facet normal 0 0 0
outer loop
vertex 4.801891 9.553707 10.959372
vertex 4.801891 9.532953 10.959372
vertex 4.822367 9.553707 10.979372
endloop
endfacet
facet normal 0 0 0
outer loop
vertex 4.883794 9.532953 10.979372
vertex 4.863318 9.553707 10.959372
vertex 4.883794 9.553707 10.979372
endloop
endfacet
facet normal 0 0 0
outer loop
vertex 4.863318 9.532953 10.959372
vertex 4.863318 9.553707 10.959372
vertex 4.883794 9.532953 10.979372
endloop
endfacet
facet normal 0 0 0
outer loop
vertex 4.801891 9.574460 10.979372
vertex 4.781415 9.574460 10.959372
vertex 4.801891 9.553707 10.959372
endloop
endfacet
facet normal 0 0 0
outer loop
vertex 4.781415 9.574460 10.959372
vertex 4.781415 9.553707 10.959372
vertex 4.801891 9.553707 10.959372
endloop
endfacet
facet normal 0 0 0
outer loop
vertex 4.822367 9.553707 10.979372
vertex 4.801891 9.574460 10.979372
vertex 4.801891 9.553707 10.959372
endloop
endfacet
facet normal 0 0 0
outer loop
vertex 4.863318 9.553707 10.959372
vertex 4.842843 9.574460 10.959372
vertex 4.863318 9.574460 10.979372
endloop
endfacet
facet normal 0 0 0
outer loop
vertex 4.863318 9.553707 10.959372
vertex 4.863318 9.574460 10.979372
vertex 4.883794 9.553707 10.979372
endloop
endfacet
facet normal 0 0 0
outer loop
vertex 4.863318 9.574460 10.979372
vertex 4.883794 9.574460 10.979372
vertex 4.883794 9.553707 10.979372
endloop
endfacet
facet normal 0 0 0
outer loop
vertex 4.801891 9.595214 10.979372
vertex 4.781415 9.574460 10.959372
vertex 4.801891 9.574460 10.979372
endloop
endfacet
facet normal 0 0 0
outer loop
vertex 4.781415 9.595214 10.959372
vertex 4.781415 9.574460 10.959372
vertex 4.801891 9.595214 10.979372
endloop
endfacet
facet normal 0 0 0
outer loop
vertex 4.863318 9.574460 10.979372
vertex 4.842843 9.595214 10.959372
vertex 4.863318 9.595214 10.979372
endloop
endfacet
facet normal 0 0 0
outer loop
vertex 4.842843 9.574460 10.959372
vertex 4.842843 9.595214 10.959372
vertex 4.863318 9.574460 10.979372
endloop
endfacet
facet normal 0 0 0
outer loop
vertex 4.883794 9.574460 10.979372
vertex 4.863318 9.574460 10.979372
vertex 4.883794 9.595214 10.979372
endloop
endfacet
facet normal 0 0 0
outer loop
vertex 4.883794 9.595214 10.979372
vertex 4.863318 9.574460 10.979372
vertex 4.863318 9.595214 10.979372
endloop
endfacet
facet normal 0 0 0
outer loop
vertex 4.801891 9.615967 10.979372
vertex 4.781415 9.595214 10.959372
vertex 4.801891 9.595214 10.979372
endloop
endfacet
facet normal 0 0 0
outer loop
vertex 4.781415 9.615967 10.959372
vertex 4.781415 9.595214 10.959372
vertex 4.801891 9.615967 10.979372
endloop
endfacet
facet normal 0 0 0
outer loop
vertex 4.863318 9.595214 10.979372
vertex 4.842843 9.615967 10.959372
vertex 4.863318 9.615967 10.979372
endloop
endfacet
facet normal 0 0 0
outer loop
vertex 4.842843 9.595214 10.959372
vertex 4.842843 9.615967 10.959372
vertex 4.863318 9.595214 10.979372
endloop
endfacet
facet normal 0 0 0
outer loop
vertex 4.863318 9.615967 10.979372
vertex 4.883794 9.595214 10.979372
vertex 4.863318 9.595214 10.979372
endloop
endfacet
facet normal 0 0 0
outer loop
vertex 4.801891 9.636721 10.979372
vertex 4.781415 9.615967 10.959372
vertex 4.801891 9.615967 10.979372
endloop
endfacet
facet normal 0 0 0
outer loop
vertex 4.781415 9.636721 10.959372
vertex 4.781415 9.615967 10.959372
vertex 4.801891 9.636721 10.979372
endloop
endfacet
facet normal 0 0 0
outer loop
vertex 4.842843 9.615967 10.959372
vertex 4.822367 9.636721 10.959372
vertex 4.842843 9.636721 10.979372
endloop
endfacet
facet normal 0 0 0
outer loop
vertex 4.842843 9.615967 10.959372
vertex 4.842843 9.636721 10.979372
vertex 4.863318 9.615967 10.979372
endloop
endfacet
facet normal 0 0 0
outer loop
vertex 4.842843 9.636721 10.979372
vertex 4.863318 9.636721 10.979372
vertex 4.863318 9.615967 10.979372
endloop
endfacet
facet normal 0 0 0
outer loop
vertex 4.781415 9.636721 10.959372
vertex 4.801891 9.657474 10.979372
vertex 4.801891 9.636721 10.959372
endloop
endfacet
facet normal 0 0 0
outer loop
vertex 4.781415 9.636721 10.959372
vertex 4.801891 9.636721 10.979372
vertex 4.801891 9.657474 10.979372
endloop
endfacet
facet normal 0 0 0
outer loop
vertex 4.801891 9.636721 10.959372
vertex 4.822367 9.657474 10.979372
vertex 4.822367 9.636721 10.959372
endloop
endfacet
facet normal 0 0 0
outer loop
vertex 4.801891 9.657474 10.979372
vertex 4.822367 9.657474 10.979372
vertex 4.801891 9.636721 10.959372
endloop
endfacet
facet normal 0 0 0
outer loop
vertex 4.822367 9.636721 10.959372
vertex 4.822367 9.657474 10.979372
vertex 4.842843 9.636721 10.979372
endloop
endfacet
facet normal 0 0 0
outer loop
vertex 4.822367 9.657474 10.979372
vertex 4.842843 9.657474 10.979372
vertex 4.842843 9.636721 10.979372
endloop
endfacet
facet normal 0 0 0
outer loop
vertex 4.842843 9.657474 10.979372
vertex 4.863318 9.636721 10.979372
vertex 4.842843 9.636721 10.979372
endloop
endfacet
facet normal 0 0 0
outer loop
vertex 4.822367 9.657474 10.979372
vertex 4.801891 9.657474 10.979372
vertex 4.822367 9.678227 10.979372
endloop
endfacet
facet normal 0 0 0
outer loop
vertex 4.822367 9.678227 10.979372
vertex 4.801891 9.657474 10.979372
vertex 4.801891 9.678227 10.979372
endloop
endfacet
facet normal 0 0 0
outer loop
vertex 4.842843 9.657474 10.979372
vertex 4.822367 9.657474 10.979372
vertex 4.842843 9.678227 10.979372
endloop
endfacet
facet normal 0 0 0
outer loop
vertex 4.842843 9.678227 10.979372
vertex 4.822367 9.657474 10.979372
vertex 4.822367 9.678227 10.979372
endloop
endfacet
facet normal 0 0 0
outer loop
vertex 4.822367 9.678227 10.979372
vertex 4.801891 9.678227 10.979372
vertex 4.822367 9.698980 10.979372
endloop
endfacet
facet normal 0 0 0
outer loop
vertex 4.822367 9.698980 10.979372
vertex 4.801891 9.678227 10.979372
vertex 4.801891 9.698980 10.979372
endloop
endfacet
facet normal 0 0 0
outer loop
vertex 4.822367 9.698980 10.979372
vertex 4.842843 9.678227 10.979372
vertex 4.822367 9.678227 10.979372
endloop
endfacet
facet normal 0 0 0
outer loop
vertex 4.801891 9.719733 10.979372
vertex 4.822367 9.698980 10.979372
vertex 4.801891 9.698980 10.979372
endloop
endfacet
facet normal 0 0 0
outer loop
vertex 4.863318 9.429187 10.979372
vertex 4.863318 9.449941 10.979372
vertex 4.842843 9.429187 10.979372
endloop
endfacet
facet normal 0 0 0
outer loop
vertex 4.863318 9.449941 10.979372
vertex 4.842843 9.449941 10.979372
vertex 4.842843 9.429187 10.979372
endloop
endfacet
facet normal 0 0 0
outer loop
vertex 4.883794 9.429187 10.979372
vertex 4.883794 9.449941 10.979372
vertex 4.863318 9.429187 10.979372
endloop
endfacet
facet normal 0 0 0
outer loop
vertex 4.883794 9.449941 10.979372
vertex 4.863318 9.449941 10.979372
vertex 4.863318 9.429187 10.979372
endloop
endfacet
facet normal 0 0 0
outer loop
vertex 4.883794 9.429187 10.979372
vertex 4.904270 9.449941 10.979372
vertex 4.883794 9.449941 10.979372
endloop
endfacet
facet normal 0 0 0
outer loop
vertex 4.822367 9.470694 10.979372
vertex 4.842843 9.449941 10.979372
vertex 4.842843 9.470694 10.979372
endloop
endfacet
facet normal 0 0 0
outer loop
vertex 4.863318 9.449941 10.979372
vertex 4.863318 9.470694 10.979372
vertex 4.842843 9.449941 10.979372
endloop
endfacet
facet normal 0 0 0
outer loop
vertex 4.863318 9.470694 10.979372
vertex 4.842843 9.470694 10.979372
vertex 4.842843 9.449941 10.979372
endloop
endfacet
facet normal 0 0 0
outer loop
vertex 4.883794 9.449941 10.979372
vertex 4.883794 9.470694 10.979372
vertex 4.863318 9.449941 10.979372
endloop
endfacet
facet normal 0 0 0
outer loop
vertex 4.883794 9.470694 10.979372
vertex 4.863318 9.470694 10.979372
vertex 4.863318 9.449941 10.979372
endloop
endfacet
facet normal 0 0 0
outer loop
vertex 4.904270 9.449941 10.979372
vertex 4.904270 9.470694 10.979372
vertex 4.883794 9.449941 10.979372
endloop
endfacet
facet normal 0 0 0
outer loop
vertex 4.904270 9.470694 10.979372
vertex 4.883794 9.470694 10.979372
vertex 4.883794 9.449941 10.979372
endloop
endfacet
facet normal 0 0 0
outer loop
vertex 4.842843 9.470694 10.979372
vertex 4.842843 9.491447 10.979372
vertex 4.822367 9.470694 10.979372
endloop
endfacet
facet normal 0 0 0
outer loop
vertex 4.842843 9.491447 10.979372
vertex 4.822367 9.491447 10.979372
vertex 4.822367 9.470694 10.979372
endloop
endfacet
facet normal 0 0 0
outer loop
vertex 4.863318 9.491447 10.999372
vertex 4.842843 9.491447 10.979372
vertex 4.863318 9.470694 10.979372
endloop
endfacet
facet normal 0 0 0
outer loop
vertex 4.842843 9.491447 10.979372
vertex 4.842843 9.470694 10.979372
vertex 4.863318 9.470694 10.979372
endloop
endfacet
facet normal 0 0 0
outer loop
vertex 4.883794 9.470694 10.979372
vertex 4.863318 9.491447 10.999372
vertex 4.863318 9.470694 10.979372
endloop
endfacet
facet normal 0 0 0
outer loop
vertex 4.883794 9.491447 10.999372
vertex 4.863318 9.491447 10.999372
vertex 4.883794 9.470694 10.979372
endloop
endfacet
facet normal 0 0 0
outer loop
vertex 4.883794 9.491447 10.999372
vertex 4.883794 9.470694 10.979372
vertex 4.904270 9.491447 10.979372
endloop
endfacet
facet normal 0 0 0
outer loop
vertex 4.883794 9.470694 10.979372
vertex 4.904270 9.470694 10.979372
vertex 4.904270 9.491447 10.979372
endloop
endfacet
facet normal 0 0 0
outer loop
vertex 4.822367 9.491447 10.979372
vertex 4.822367 9.512200 10.999372
vertex 4.822367 9.512200 10.979372
endloop
endfacet
facet normal 0 0 0
outer loop
vertex 4.842843 9.491447 10.979372
vertex 4.822367 9.512200 10.999372
vertex 4.822367 9.491447 10.979372
endloop
endfacet
facet normal 0 0 0
outer loop
vertex 4.842843 9.512200 10.999372
vertex 4.822367 9.512200 10.999372
vertex 4.842843 9.491447 10.979372
endloop
endfacet
facet normal 0 0 0
outer loop
vertex 4.863318 9.491447 10.999372
vertex 4.842843 9.512200 10.999372
vertex 4.842843 9.491447 10.979372
endloop
endfacet
facet normal 0 0 0
outer loop
vertex 4.904270 9.512200 10.999372
vertex 4.883794 9.491447 10.999372
vertex 4.883794 9.512200 10.979372
endloop
endfacet
facet normal 0 0 0
outer loop
vertex 4.904270 9.491447 10.979372
vertex 4.883794 9.512200 10.979372
vertex 4.883794 9.491447 10.999372
endloop
endfacet
facet normal 0 0 0
outer loop
vertex 4.822367 9.512200 10.999372
vertex 4.822367 9.532953 10.979372
vertex 4.822367 9.512200 10.979372
endloop
endfacet
facet normal 0 0 0
outer loop
vertex 4.822367 9.512200 10.999372
vertex 4.842843 9.532953 10.999372
vertex 4.822367 9.532953 10.979372
endloop
endfacet
facet normal 0 0 0
outer loop
vertex 4.904270 9.512200 10.999372
vertex 4.883794 9.532953 10.979372
vertex 4.904270 9.532953 10.999372
endloop
endfacet
facet normal 0 0 0
outer loop
vertex 4.883794 9.512200 10.979372
vertex 4.883794 9.532953 10.979372
vertex 4.904270 9.512200 10.999372
endloop
endfacet
facet normal 0 0 0
outer loop
vertex 4.822367 9.532953 10.979372
vertex 4.822367 9.553707 10.999372
vertex 4.822367 9.553707 10.979372
endloop
endfacet
facet normal 0 0 0
outer loop
vertex 4.842843 9.532953 10.999372
vertex 4.822367 9.553707 10.999372
vertex 4.822367 9.532953 10.979372
endloop
endfacet
facet normal 0 0 0
outer loop
vertex 4.904270 9.532953 10.999372
vertex 4.883794 9.553707 10.979372
vertex 4.904270 9.553707 10.999372
endloop
endfacet
facet normal 0 0 0
outer loop
vertex 4.883794 9.532953 10.979372
vertex 4.883794 9.553707 10.979372
vertex 4.904270 9.532953 10.999372
endloop
endfacet
facet normal 0 0 0
outer loop
vertex 4.801891 9.574460 10.979372
vertex 4.822367 9.553707 10.979372
vertex 4.822367 9.574460 10.999372
endloop
endfacet
facet normal 0 0 0
outer loop
vertex 4.822367 9.553707 10.979372
vertex 4.822367 9.553707 10.999372
vertex 4.822367 9.574460 10.999372
endloop
endfacet
facet normal 0 0 0
outer loop
vertex 4.904270 9.553707 10.999372
vertex 4.883794 9.553707 10.979372
vertex 4.883794 9.574460 10.999372
endloop
endfacet
facet normal 0 0 0
outer loop
vertex 4.883794 9.553707 10.979372
vertex 4.883794 9.574460 10.979372
vertex 4.883794 9.574460 10.999372
endloop
endfacet
facet normal 0 0 0
outer loop
vertex 4.822367 9.595214 10.999372
vertex 4.801891 9.574460 10.979372
vertex 4.822367 9.574460 10.999372
endloop
endfacet
facet normal 0 0 0
outer loop
vertex 4.801891 9.595214 10.979372
vertex 4.801891 9.574460 10.979372
vertex 4.822367 9.595214 10.999372
endloop
endfacet
facet normal 0 0 0
outer loop
vertex 4.883794 9.574460 10.979372
vertex 4.883794 9.595214 10.979372
vertex 4.883794 9.574460 10.999372
endloop
endfacet
facet normal 0 0 0
outer loop
vertex 4.883794 9.574460 10.999372
vertex 4.883794 9.595214 10.979372
vertex 4.883794 9.595214 10.999372
endloop
endfacet
facet normal 0 0 0
outer loop
vertex 4.822367 9.615967 10.999372
vertex 4.801891 9.595214 10.979372
vertex 4.822367 9.595214 10.999372
endloop
endfacet
facet normal 0 0 0
outer loop
vertex 4.801891 9.615967 10.979372
vertex 4.801891 9.595214 10.979372
vertex 4.822367 9.615967 10.999372
endloop
endfacet
facet normal 0 0 0
outer loop
vertex 4.883794 9.595214 10.979372
vertex 4.863318 9.615967 10.979372
vertex 4.883794 9.615967 10.999372
endloop
endfacet
facet normal 0 0 0
outer loop
vertex 4.883794 9.595214 10.979372
vertex 4.883794 9.615967 10.999372
vertex 4.883794 9.595214 10.999372
endloop
endfacet
facet normal 0 0 0
outer loop
vertex 4.822367 9.636721 10.999372
vertex 4.801891 9.615967 10.979372
vertex 4.822367 9.615967 10.999372
endloop
endfacet
facet normal 0 0 0
outer loop
vertex 4.801891 9.636721 10.979372
vertex 4.801891 9.615967 10.979372
vertex 4.822367 9.636721 10.999372
endloop
endfacet
facet normal 0 0 0
outer loop
vertex 4.883794 9.615967 10.999372
vertex 4.863318 9.636721 10.979372
vertex 4.883794 9.636721 10.999372
endloop
endfacet
facet normal 0 0 0
outer loop
vertex 4.863318 9.615967 10.979372
vertex 4.863318 9.636721 10.979372
vertex 4.883794 9.615967 10.999372
endloop
endfacet
facet normal 0 0 0
outer loop
vertex 4.801891 9.636721 10.979372
vertex 4.801891 9.657474 10.999372
vertex 4.801891 9.657474 10.979372
endloop
endfacet
facet normal 0 0 0
outer loop
vertex 4.822367 9.636721 10.999372
vertex 4.801891 9.657474 10.999372
vertex 4.801891 9.636721 10.979372
endloop
endfacet
facet normal 0 0 0
outer loop
vertex 4.863318 9.636721 10.979372
vertex 4.842843 9.657474 10.979372
vertex 4.863318 9.657474 10.999372
endloop
endfacet
facet normal 0 0 0
outer loop
vertex 4.863318 9.636721 10.979372
vertex 4.863318 9.657474 10.999372
vertex 4.883794 9.636721 10.999372
endloop
endfacet
facet normal 0 0 0
outer loop
vertex 4.801891 9.657474 10.979372
vertex 4.801891 9.657474 10.999372
vertex 4.801891 9.678227 10.979372
endloop
endfacet
facet normal 0 0 0
outer loop
vertex 4.801891 9.657474 10.999372
vertex 4.801891 9.678227 10.999372
vertex 4.801891 9.678227 10.979372
endloop
endfacet
facet normal 0 0 0
outer loop
vertex 4.863318 9.657474 10.999372
vertex 4.842843 9.678227 10.979372
vertex 4.863318 9.678227 10.999372
endloop
endfacet
facet normal 0 0 0
outer loop
vertex 4.842843 9.657474 10.979372
vertex 4.842843 9.678227 10.979372
vertex 4.863318 9.657474 10.999372
endloop
endfacet
facet normal 0 0 0
outer loop
vertex 4.801891 9.678227 10.979372
vertex 4.801891 9.678227 10.999372
vertex 4.801891 9.698980 10.979372
endloop
endfacet
facet normal 0 0 0
outer loop
vertex 4.801891 9.678227 10.999372
vertex 4.801891 9.698980 10.999372
vertex 4.801891 9.698980 10.979372
endloop
endfacet
facet normal 0 0 0
outer loop
vertex 4.842843 9.678227 10.979372
vertex 4.822367 9.698980 10.979372
vertex 4.842843 9.698980 10.999372
endloop
endfacet
facet normal 0 0 0
outer loop
vertex 4.842843 9.678227 10.979372
vertex 4.842843 9.698980 10.999372
vertex 4.863318 9.678227 10.999372
endloop
endfacet
facet normal 0 0 0
outer loop
vertex 4.842843 9.698980 10.999372
vertex 4.863318 9.698980 10.999372
vertex 4.863318 9.678227 10.999372
endloop
endfacet
facet normal 0 0 0
outer loop
vertex 4.801891 9.698980 10.979372
vertex 4.801891 9.698980 10.999372
vertex 4.801891 9.719733 10.979372
endloop
endfacet
facet normal 0 0 0
outer loop
vertex 4.801891 9.698980 10.999372
vertex 4.801891 9.719733 10.999372
vertex 4.801891 9.719733 10.979372
endloop
endfacet
facet normal 0 0 0
outer loop
vertex 4.822367 9.698980 10.979372
vertex 4.801891 9.719733 10.979372
vertex 4.822367 9.719733 10.999372
endloop
endfacet
facet normal 0 0 0
outer loop
vertex 4.822367 9.698980 10.979372
vertex 4.822367 9.719733 10.999372
vertex 4.842843 9.698980 10.999372
endloop
endfacet
facet normal 0 0 0
outer loop
vertex 4.822367 9.719733 10.999372
vertex 4.842843 9.719733 10.999372
vertex 4.842843 9.698980 10.999372
endloop
endfacet
facet normal 0 0 0
outer loop
vertex 4.863318 9.698980 10.999372
vertex 4.842843 9.698980 10.999372
vertex 4.863318 9.719733 10.999372
endloop
endfacet
facet normal 0 0 0
outer loop
vertex 4.863318 9.719733 10.999372
vertex 4.842843 9.698980 10.999372
vertex 4.842843 9.719733 10.999372
endloop
endfacet
facet normal 0 0 0
outer loop
vertex 4.801891 9.740487 10.999372
vertex 4.801891 9.719733 10.979372
vertex 4.801891 9.719733 10.999372
endloop
endfacet
facet normal 0 0 0
outer loop
vertex 4.801891 9.719733 10.979372
vertex 4.801891 9.740487 10.999372
vertex 4.822367 9.719733 10.999372
endloop
endfacet
facet normal 0 0 0
outer loop
vertex 4.801891 9.740487 10.999372
vertex 4.822367 9.740487 10.999372
vertex 4.822367 9.719733 10.999372
endloop
endfacet
facet normal 0 0 0
outer loop
vertex 4.842843 9.719733 10.999372
vertex 4.822367 9.719733 10.999372
vertex 4.842843 9.740487 10.999372
endloop
endfacet
facet normal 0 0 0
outer loop
vertex 4.842843 9.740487 10.999372
vertex 4.822367 9.719733 10.999372
vertex 4.822367 9.740487 10.999372
endloop
endfacet
facet normal 0 0 0
outer loop
vertex 4.863318 9.719733 10.999372
vertex 4.842843 9.719733 10.999372
vertex 4.863318 9.740487 10.999372
endloop
endfacet
facet normal 0 0 0
outer loop
vertex 4.863318 9.740487 10.999372
vertex 4.842843 9.719733 10.999372
vertex 4.842843 9.740487 10.999372
endloop
endfacet
facet normal 0 0 0
outer loop
vertex 4.822367 9.740487 10.999372
vertex 4.801891 9.740487 10.999372
vertex 4.822367 9.761240 10.999372
endloop
endfacet
facet normal 0 0 0
outer loop
vertex 4.822367 9.761240 10.999372
vertex 4.801891 9.740487 10.999372
vertex 4.801891 9.761240 10.999372
endloop
endfacet
facet normal 0 0 0
outer loop
vertex 4.842843 9.740487 10.999372
vertex 4.822367 9.740487 10.999372
vertex 4.842843 9.761240 10.999372
endloop
endfacet
facet normal 0 0 0
outer loop
vertex 4.842843 9.761240 10.999372
vertex 4.822367 9.740487 10.999372
vertex 4.822367 9.761240 10.999372
endloop
endfacet
facet normal 0 0 0
outer loop
vertex 4.842843 9.761240 10.999372
vertex 4.863318 9.740487 10.999372
vertex 4.842843 9.740487 10.999372
endloop
endfacet
facet normal 0 0 0
outer loop
vertex 4.822367 9.761240 10.999372
vertex 4.801891 9.761240 10.999372
vertex 4.822367 9.781994 10.999372
endloop
endfacet
facet normal 0 0 0
outer loop
vertex 4.822367 9.781994 10.999372
vertex 4.801891 9.761240 10.999372
vertex 4.801891 9.781994 10.999372
endloop
endfacet
facet normal 0 0 0
outer loop
vertex 4.822367 9.781994 10.999372
vertex 4.842843 9.761240 10.999372
vertex 4.822367 9.761240 10.999372
endloop
endfacet
facet normal 0 0 0
outer loop
vertex 4.822367 9.781994 10.999372
vertex 4.801891 9.781994 10.999372
vertex 4.822367 9.802747 10.999372
endloop
endfacet
facet normal 0 0 0
outer loop
vertex 4.822367 9.802747 10.999372
vertex 4.801891 9.781994 10.999372
vertex 4.801891 9.802747 10.999372
endloop
endfacet
facet normal 0 0 0
outer loop
vertex 4.842843 9.512200 10.999372
vertex 4.863318 9.491447 10.999372
vertex 4.863318 9.512200 10.999372
endloop
endfacet
facet normal 0 0 0
outer loop
vertex 4.883794 9.491447 10.999372
vertex 4.883794 9.512200 10.999372
vertex 4.863318 9.491447 10.999372
endloop
endfacet
facet normal 0 0 0
outer loop
vertex 4.883794 9.512200 10.999372
vertex 4.863318 9.512200 10.999372
vertex 4.863318 9.491447 10.999372
endloop
endfacet
facet normal 0 0 0
outer loop
vertex 4.883794 9.491447 10.999372
vertex 4.904270 9.512200 10.999372
vertex 4.883794 9.512200 10.999372
endloop
endfacet
facet normal 0 0 0
outer loop
vertex 4.842843 9.532953 10.999372
vertex 4.822367 9.512200 10.999372
vertex 4.842843 9.512200 10.999372
endloop
endfacet
facet normal 0 0 0
outer loop
vertex 4.863318 9.512200 10.999372
vertex 4.863318 9.532953 10.999372
vertex 4.842843 9.512200 10.999372
endloop
endfacet
facet normal 0 0 0
outer loop
vertex 4.863318 9.532953 10.999372
vertex 4.842843 9.532953 10.999372
vertex 4.842843 9.512200 10.999372
endloop
endfacet
facet normal 0 0 0
outer loop
vertex 4.883794 9.512200 10.999372
vertex 4.883794 9.532953 10.999372
vertex 4.863318 9.512200 10.999372
endloop
endfacet
facet normal 0 0 0
outer loop
vertex 4.883794 9.532953 10.999372
vertex 4.863318 9.532953 10.999372
vertex 4.863318 9.512200 10.999372
endloop
endfacet
facet normal 0 0 0
outer loop
vertex 4.904270 9.512200 10.999372
vertex 4.904270 9.532953 10.999372
vertex 4.883794 9.512200 10.999372
endloop
endfacet
facet normal 0 0 0
outer loop
vertex 4.904270 9.532953 10.999372
vertex 4.883794 9.532953 10.999372
vertex 4.883794 9.512200 10.999372
endloop
endfacet
facet normal 0 0 0
outer loop
vertex 4.822367 9.553707 10.999372
vertex 4.842843 9.532953 10.999372
vertex 4.842843 9.553707 10.999372
endloop
endfacet
facet normal 0 0 0
outer loop
vertex 4.863318 9.532953 10.999372
vertex 4.863318 9.553707 10.999372
vertex 4.842843 9.532953 10.999372
endloop
endfacet
facet normal 0 0 0
outer loop
vertex 4.863318 9.553707 10.999372
vertex 4.842843 9.553707 10.999372
vertex 4.842843 9.532953 10.999372
endloop
endfacet
facet normal 0 0 0
outer loop
vertex 4.883794 9.532953 10.999372
vertex 4.883794 9.553707 10.999372
vertex 4.863318 9.532953 10.999372
endloop
endfacet
facet normal 0 0 0
outer loop
vertex 4.883794 9.553707 10.999372
vertex 4.863318 9.553707 10.999372
vertex 4.863318 9.532953 10.999372
endloop
endfacet
facet normal 0 0 0
outer loop
vertex 4.904270 9.532953 10.999372
vertex 4.904270 9.553707 10.999372
vertex 4.883794 9.532953 10.999372
endloop
endfacet
facet normal 0 0 0
outer loop
vertex 4.904270 9.553707 10.999372
vertex 4.883794 9.553707 10.999372
vertex 4.883794 9.532953 10.999372
endloop
endfacet
facet normal 0 0 0
outer loop
vertex 4.842843 9.574460 11.019372
vertex 4.822367 9.574460 10.999372
vertex 4.842843 9.553707 10.999372
endloop
endfacet
facet normal 0 0 0
outer loop
vertex 4.822367 9.574460 10.999372
vertex 4.822367 9.553707 10.999372
vertex 4.842843 9.553707 10.999372
endloop
endfacet
facet normal 0 0 0
outer loop
vertex 4.863318 9.553707 10.999372
vertex 4.842843 9.574460 11.019372
vertex 4.842843 9.553707 10.999372
endloop
endfacet
facet normal 0 0 0
outer loop
vertex 4.863318 9.574460 11.019372
vertex 4.842843 9.574460 11.019372
vertex 4.863318 9.553707 10.999372
endloop
endfacet
facet normal 0 0 0
outer loop
vertex 4.863318 9.574460 11.019372
vertex 4.863318 9.553707 10.999372
vertex 4.883794 9.574460 10.999372
endloop
endfacet
facet normal 0 0 0
outer loop
vertex 4.863318 9.553707 10.999372
vertex 4.883794 9.553707 10.999372
vertex 4.883794 9.574460 10.999372
endloop
endfacet
facet normal 0 0 0
outer loop
vertex 4.904270 9.553707 10.999372
vertex 4.883794 9.574460 10.999372
vertex 4.883794 9.553707 10.999372
endloop
endfacet
facet normal 0 0 0
outer loop
vertex 4.822367 9.574460 10.999372
vertex 4.822367 9.595214 11.019372
vertex 4.822367 9.595214 10.999372
endloop
endfacet
facet normal 0 0 0
outer loop
vertex 4.842843 9.574460 11.019372
vertex 4.822367 9.595214 11.019372
vertex 4.822367 9.574460 10.999372
endloop
endfacet
facet normal 0 0 0
outer loop
vertex 4.883794 9.595214 10.999372
vertex 4.863318 9.574460 11.019372
vertex 4.883794 9.574460 10.999372
endloop
endfacet
facet normal 0 0 0
outer loop
vertex 4.863318 9.595214 11.019372
vertex 4.863318 9.574460 11.019372
vertex 4.883794 9.595214 10.999372
endloop
endfacet
facet normal 0 0 0
outer loop
vertex 4.822367 9.595214 10.999372
vertex 4.822367 9.595214 11.019372
vertex 4.822367 9.615967 10.999372
endloop
endfacet
facet normal 0 0 0
outer loop
vertex 4.822367 9.595214 11.019372
vertex 4.822367 9.615967 11.019372
vertex 4.822367 9.615967 10.999372
endloop
endfacet
facet normal 0 0 0
outer loop
vertex 4.883794 9.595214 10.999372
vertex 4.883794 9.615967 11.019372
vertex 4.863318 9.595214 11.019372
endloop
endfacet
facet normal 0 0 0
outer loop
vertex 4.883794 9.615967 11.019372
vertex 4.883794 9.595214 10.999372
vertex 4.883794 9.615967 10.999372
endloop
endfacet
facet normal 0 0 0
outer loop
vertex 4.822367 9.615967 10.999372
vertex 4.822367 9.615967 11.019372
vertex 4.822367 9.636721 10.999372
endloop
endfacet
facet normal 0 0 0
outer loop
vertex 4.822367 9.615967 11.019372
vertex 4.822367 9.636721 11.019372
vertex 4.822367 9.636721 10.999372
endloop
endfacet
facet normal 0 0 0
outer loop
vertex 4.883794 9.636721 10.999372
vertex 4.863318 9.636721 11.019372
vertex 4.883794 9.615967 11.019372
endloop
endfacet
facet normal 0 0 0
outer loop
vertex 4.883794 9.636721 10.999372
vertex 4.883794 9.615967 11.019372
vertex 4.883794 9.615967 10.999372
endloop
endfacet
facet normal 0 0 0
outer loop
vertex 4.822367 9.636721 11.019372
vertex 4.801891 9.657474 10.999372
vertex 4.822367 9.636721 10.999372
endloop
endfacet
facet normal 0 0 0
outer loop
vertex 4.801891 9.657474 11.019372
vertex 4.801891 9.657474 10.999372
vertex 4.822367 9.636721 11.019372
endloop
endfacet
facet normal 0 0 0
outer loop
vertex 4.883794 9.657474 11.019372
vertex 4.863318 9.636721 11.019372
vertex 4.863318 9.657474 10.999372
endloop
endfacet
facet normal 0 0 0
outer loop
vertex 4.883794 9.636721 10.999372
vertex 4.863318 9.657474 10.999372
vertex 4.863318 9.636721 11.019372
endloop
endfacet
facet normal 0 0 0
outer loop
vertex 4.801891 9.657474 10.999372
vertex 4.801891 9.657474 11.019372
vertex 4.801891 9.678227 10.999372
endloop
endfacet
facet normal 0 0 0
outer loop
vertex 4.801891 9.657474 11.019372
vertex 4.801891 9.678227 11.019372
vertex 4.801891 9.678227 10.999372
endloop
endfacet
facet normal 0 0 0
outer loop
vertex 4.883794 9.657474 11.019372
vertex 4.863318 9.678227 10.999372
vertex 4.883794 9.678227 11.019372
endloop
endfacet
facet normal 0 0 0
outer loop
vertex 4.863318 9.657474 10.999372
vertex 4.863318 9.678227 10.999372
vertex 4.883794 9.657474 11.019372
endloop
endfacet
facet normal 0 0 0
outer loop
vertex 4.801891 9.678227 10.999372
vertex 4.801891 9.678227 11.019372
vertex 4.801891 9.698980 10.999372
endloop
endfacet
facet normal 0 0 0
outer loop
vertex 4.801891 9.678227 11.019372
vertex 4.801891 9.698980 11.019372
vertex 4.801891 9.698980 10.999372
endloop
endfacet
facet normal 0 0 0
outer loop
vertex 4.883794 9.678227 11.019372
vertex 4.863318 9.678227 10.999372
vertex 4.863318 9.698980 11.019372
endloop
endfacet
facet normal 0 0 0
outer loop
vertex 4.863318 9.678227 10.999372
vertex 4.863318 9.698980 10.999372
vertex 4.863318 9.698980 11.019372
endloop
endfacet
facet normal 0 0 0
outer loop
vertex 4.801891 9.698980 10.999372
vertex 4.801891 9.698980 11.019372
vertex 4.801891 9.719733 10.999372
endloop
endfacet
facet normal 0 0 0
outer loop
vertex 4.801891 9.698980 11.019372
vertex 4.801891 9.719733 11.019372
vertex 4.801891 9.719733 10.999372
endloop
endfacet
facet normal 0 0 0
outer loop
vertex 4.863318 9.698980 10.999372
vertex 4.863318 9.719733 10.999372
vertex 4.863318 9.698980 11.019372
endloop
endfacet
facet normal 0 0 0
outer loop
vertex 4.863318 9.698980 11.019372
vertex 4.863318 9.719733 10.999372
vertex 4.863318 9.719733 11.019372
endloop
endfacet
facet normal 0 0 0
outer loop
vertex 4.801891 9.719733 10.999372
vertex 4.801891 9.719733 11.019372
vertex 4.801891 9.740487 10.999372
endloop
endfacet
facet normal 0 0 0
outer loop
vertex 4.801891 9.719733 11.019372
vertex 4.801891 9.740487 11.019372
vertex 4.801891 9.740487 10.999372
endloop
endfacet
facet normal 0 0 0
outer loop
vertex 4.863318 9.719733 10.999372
vertex 4.863318 9.740487 10.999372
vertex 4.863318 9.719733 11.019372
endloop
endfacet
facet normal 0 0 0
outer loop
vertex 4.863318 9.719733 11.019372
vertex 4.863318 9.740487 10.999372
vertex 4.863318 9.740487 11.019372
endloop
endfacet
facet normal 0 0 0
outer loop
vertex 4.781415 9.761240 11.019372
vertex 4.801891 9.761240 10.999372
vertex 4.801891 9.740487 11.019372
endloop
endfacet
facet normal 0 0 0
outer loop
vertex 4.801891 9.761240 10.999372
vertex 4.801891 9.740487 10.999372
vertex 4.801891 9.740487 11.019372
endloop
endfacet
facet normal 0 0 0
outer loop
vertex 4.863318 9.740487 10.999372
vertex 4.842843 9.761240 10.999372
vertex 4.863318 9.761240 11.019372
endloop
endfacet
facet normal 0 0 0
outer loop
vertex 4.863318 9.740487 10.999372
vertex 4.863318 9.761240 11.019372
vertex 4.863318 9.740487 11.019372
endloop
endfacet
facet normal 0 0 0
outer loop
vertex 4.801891 9.761240 10.999372
vertex 4.781415 9.781994 11.019372
vertex 4.801891 9.781994 10.999372
endloop
endfacet
facet normal 0 0 0
outer loop
vertex 4.781415 9.761240 11.019372
vertex 4.781415 9.781994 11.019372
vertex 4.801891 9.761240 10.999372
endloop
endfacet
facet normal 0 0 0
outer loop
vertex 4.842843 9.761240 10.999372
vertex 4.822367 9.781994 10.999372
vertex 4.842843 9.781994 11.019372
endloop
endfacet
facet normal 0 0 0
outer loop
vertex 4.842843 9.761240 10.999372
vertex 4.842843 9.781994 11.019372
vertex 4.863318 9.761240 11.019372
endloop
endfacet
facet normal 0 0 0
outer loop
vertex 4.842843 9.781994 11.019372
vertex 4.863318 9.781994 11.019372
vertex 4.863318 9.761240 11.019372
endloop
endfacet
facet normal 0 0 0
outer loop
vertex 4.801891 9.781994 10.999372
vertex 4.781415 9.802747 11.019372
vertex 4.801891 9.802747 10.999372
endloop
endfacet
facet normal 0 0 0
outer loop
vertex 4.781415 9.781994 11.019372
vertex 4.781415 9.802747 11.019372
vertex 4.801891 9.781994 10.999372
endloop
endfacet
facet normal 0 0 0
outer loop
vertex 4.842843 9.781994 11.019372
vertex 4.822367 9.802747 10.999372
vertex 4.842843 9.802747 11.019372
endloop
endfacet
facet normal 0 0 0
outer loop
vertex 4.822367 9.781994 10.999372
vertex 4.822367 9.802747 10.999372
vertex 4.842843 9.781994 11.019372
endloop
endfacet
facet normal 0 0 0
outer loop
vertex 4.842843 9.802747 11.019372
vertex 4.863318 9.781994 11.019372
vertex 4.842843 9.781994 11.019372
endloop
endfacet
facet normal 0 0 0
outer loop
vertex 4.801891 9.802747 10.999372
vertex 4.781415 9.802747 11.019372
vertex 4.801891 9.823501 11.019372
endloop
endfacet
facet normal 0 0 0
outer loop
vertex 4.781415 9.802747 11.019372
vertex 4.781415 9.823501 11.019372
vertex 4.801891 9.823501 11.019372
endloop
endfacet
facet normal 0 0 0
outer loop
vertex 4.801891 9.802747 10.999372
vertex 4.822367 9.823501 11.019372
vertex 4.822367 9.802747 10.999372
endloop
endfacet
facet normal 0 0 0
outer loop
vertex 4.801891 9.823501 11.019372
vertex 4.822367 9.823501 11.019372
vertex 4.801891 9.802747 10.999372
endloop
endfacet
facet normal 0 0 0
outer loop
vertex 4.822367 9.802747 10.999372
vertex 4.822367 9.823501 11.019372
vertex 4.842843 9.802747 11.019372
endloop
endfacet
facet normal 0 0 0
outer loop
vertex 4.822367 9.823501 11.019372
vertex 4.842843 9.823501 11.019372
vertex 4.842843 9.802747 11.019372
endloop
endfacet
facet normal 0 0 0
outer loop
vertex 4.781415 9.823501 11.019372
vertex 4.760940 9.844254 11.019372
vertex 4.781415 9.844254 11.019372
endloop
endfacet
facet normal 0 0 0
outer loop
vertex 4.801891 9.823501 11.019372
vertex 4.781415 9.823501 11.019372
vertex 4.801891 9.844254 11.019372
endloop
endfacet
facet normal 0 0 0
outer loop
vertex 4.801891 9.844254 11.019372
vertex 4.781415 9.823501 11.019372
vertex 4.781415 9.844254 11.019372
endloop
endfacet
facet normal 0 0 0
outer loop
vertex 4.822367 9.823501 11.019372
vertex 4.801891 9.823501 11.019372
vertex 4.822367 9.844254 11.019372
endloop
endfacet
facet normal 0 0 0
outer loop
vertex 4.822367 9.844254 11.019372
vertex 4.801891 9.823501 11.019372
vertex 4.801891 9.844254 11.019372
endloop
endfacet
facet normal 0 0 0
outer loop
vertex 4.822367 9.844254 11.019372
vertex 4.842843 9.823501 11.019372
vertex 4.822367 9.823501 11.019372
endloop
endfacet
facet normal 0 0 0
outer loop
vertex 4.781415 9.844254 11.019372
vertex 4.760940 9.844254 11.019372
vertex 4.781415 9.865006 11.019372
endloop
endfacet
facet normal 0 0 0
outer loop
vertex 4.781415 9.865006 11.019372
vertex 4.760940 9.844254 11.019372
vertex 4.760940 9.865006 11.019372
endloop
endfacet
facet normal 0 0 0
outer loop
vertex 4.801891 9.844254 11.019372
vertex 4.781415 9.844254 11.019372
vertex 4.801891 9.865006 11.019372
endloop
endfacet
facet normal 0 0 0
outer loop
vertex 4.801891 9.865006 11.019372
vertex 4.781415 9.844254 11.019372
vertex 4.781415 9.865006 11.019372
endloop
endfacet
facet normal 0 0 0
outer loop
vertex 4.822367 9.844254 11.019372
vertex 4.801891 9.844254 11.019372
vertex 4.822367 9.865006 11.019372
endloop
endfacet
facet normal 0 0 0
outer loop
vertex 4.822367 9.865006 11.019372
vertex 4.801891 9.844254 11.019372
vertex 4.801891 9.865006 11.019372
endloop
endfacet
facet normal 0 0 0
outer loop
vertex 4.760940 9.865006 11.019372
vertex 4.781415 9.885760 11.019372
vertex 4.781415 9.865006 11.019372
endloop
endfacet
facet normal 0 0 0
outer loop
vertex 4.801891 9.865006 11.019372
vertex 4.781415 9.865006 11.019372
vertex 4.801891 9.885760 11.019372
endloop
endfacet
facet normal 0 0 0
outer loop
vertex 4.801891 9.885760 11.019372
vertex 4.781415 9.865006 11.019372
vertex 4.781415 9.885760 11.019372
endloop
endfacet
facet normal 0 0 0
outer loop
vertex 4.801891 9.885760 11.019372
vertex 4.822367 9.865006 11.019372
vertex 4.801891 9.865006 11.019372
endloop
endfacet
facet normal 0 0 0
outer loop
vertex 4.822367 9.595214 11.019372
vertex 4.842843 9.574460 11.019372
vertex 4.842843 9.595214 11.019372
endloop
endfacet
facet normal 0 0 0
outer loop
vertex 4.863318 9.574460 11.019372
vertex 4.863318 9.595214 11.019372
vertex 4.842843 9.574460 11.019372
endloop
endfacet
facet normal 0 0 0
outer loop
vertex 4.863318 9.595214 11.019372
vertex 4.842843 9.595214 11.019372
vertex 4.842843 9.574460 11.019372
endloop
endfacet
facet normal 0 0 0
outer loop
vertex 4.842843 9.595214 11.019372
vertex 4.842843 9.615967 11.019372
vertex 4.822367 9.595214 11.019372
endloop
endfacet
facet normal 0 0 0
outer loop
vertex 4.842843 9.615967 11.019372
vertex 4.822367 9.615967 11.019372
vertex 4.822367 9.595214 11.019372
endloop
endfacet
facet normal 0 0 0
outer loop
vertex 4.863318 9.595214 11.019372
vertex 4.863318 9.615967 11.019372
vertex 4.842843 9.595214 11.019372
endloop
endfacet
facet normal 0 0 0
outer loop
vertex 4.863318 9.615967 11.019372
vertex 4.842843 9.615967 11.019372
vertex 4.842843 9.595214 11.019372
endloop
endfacet
facet normal 0 0 0
outer loop
vertex 4.863318 9.595214 11.019372
vertex 4.883794 9.615967 11.019372
vertex 4.863318 9.615967 11.019372
endloop
endfacet
facet normal 0 0 0
outer loop
vertex 4.842843 9.615967 11.019372
vertex 4.842843 9.636721 11.019372
vertex 4.822367 9.615967 11.019372
endloop
endfacet
facet normal 0 0 0
outer loop
vertex 4.842843 9.636721 11.019372
vertex 4.822367 9.636721 11.019372
vertex 4.822367 9.615967 11.019372
endloop
endfacet
facet normal 0 0 0
outer loop
vertex 4.863318 9.615967 11.019372
vertex 4.863318 9.636721 11.019372
vertex 4.842843 9.615967 11.019372
endloop
endfacet
facet normal 0 0 0
outer loop
vertex 4.863318 9.636721 11.019372
vertex 4.842843 9.636721 11.019372
vertex 4.842843 9.615967 11.019372
endloop
endfacet
facet normal 0 0 0
outer loop
vertex 4.883794 9.615967 11.019372
vertex 4.863318 9.636721 11.019372
vertex 4.863318 9.615967 11.019372
endloop
endfacet
facet normal 0 0 0
outer loop
vertex 4.801891 9.657474 11.019372
vertex 4.822367 9.636721 11.019372
vertex 4.822367 9.657474 11.019372
endloop
endfacet
facet normal 0 0 0
outer loop
vertex 4.842843 9.636721 11.019372
vertex 4.842843 9.657474 11.019372
vertex 4.822367 9.636721 11.019372
endloop
endfacet
facet normal 0 0 0
outer loop
vertex 4.842843 9.657474 11.019372
vertex 4.822367 9.657474 11.019372
vertex 4.822367 9.636721 11.019372
endloop
endfacet
facet normal 0 0 0
outer loop
vertex 4.863318 9.636721 11.019372
vertex 4.863318 9.657474 11.019372
vertex 4.842843 9.636721 11.019372
endloop
endfacet
facet normal 0 0 0
outer loop
vertex 4.863318 9.657474 11.019372
vertex 4.842843 9.657474 11.019372
vertex 4.842843 9.636721 11.019372
endloop
endfacet
facet normal 0 0 0
outer loop
vertex 4.863318 9.636721 11.019372
vertex 4.883794 9.657474 11.019372
vertex 4.863318 9.657474 11.019372
endloop
endfacet
facet normal 0 0 0
outer loop
vertex 4.822367 9.678227 11.039371
vertex 4.801891 9.678227 11.019372
vertex 4.822367 9.657474 11.019372
endloop
endfacet
facet normal 0 0 0
outer loop
vertex 4.801891 9.678227 11.019372
vertex 4.801891 9.657474 11.019372
vertex 4.822367 9.657474 11.019372
endloop
endfacet
facet normal 0 0 0
outer loop
vertex 4.842843 9.657474 11.019372
vertex 4.822367 9.678227 11.039371
vertex 4.822367 9.657474 11.019372
endloop
endfacet
facet normal 0 0 0
outer loop
vertex 4.842843 9.678227 11.039371
vertex 4.822367 9.678227 11.039371
vertex 4.842843 9.657474 11.019372
endloop
endfacet
facet normal 0 0 0
outer loop
vertex 4.863318 9.657474 11.019372
vertex 4.842843 9.678227 11.039371
vertex 4.842843 9.657474 11.019372
endloop
endfacet
facet normal 0 0 0
outer loop
vertex 4.863318 9.678227 11.039371
vertex 4.842843 9.678227 11.039371
vertex 4.863318 9.657474 11.019372
endloop
endfacet
facet normal 0 0 0
outer loop
vertex 4.863318 9.678227 11.039371
vertex 4.863318 9.657474 11.019372
vertex 4.883794 9.678227 11.019372
endloop
endfacet
facet normal 0 0 0
outer loop
vertex 4.863318 9.657474 11.019372
vertex 4.883794 9.657474 11.019372
vertex 4.883794 9.678227 11.019372
endloop
endfacet
facet normal 0 0 0
outer loop
vertex 4.822367 9.698980 11.039371
vertex 4.801891 9.678227 11.019372
vertex 4.822367 9.678227 11.039371
endloop
endfacet
facet normal 0 0 0
outer loop
vertex 4.801891 9.698980 11.019372
vertex 4.801891 9.678227 11.019372
vertex 4.822367 9.698980 11.039371
endloop
endfacet
facet normal 0 0 0
outer loop
vertex 4.863318 9.698980 11.019372
vertex 4.842843 9.698980 11.039371
vertex 4.863318 9.678227 11.039371
endloop
endfacet
facet normal 0 0 0
outer loop
vertex 4.883794 9.678227 11.019372
vertex 4.863318 9.698980 11.019372
vertex 4.863318 9.678227 11.039371
endloop
endfacet
facet normal 0 0 0
outer loop
vertex 4.822367 9.719733 11.039371
vertex 4.801891 9.698980 11.019372
vertex 4.822367 9.698980 11.039371
endloop
endfacet
facet normal 0 0 0
outer loop
vertex 4.801891 9.719733 11.019372
vertex 4.801891 9.698980 11.019372
vertex 4.822367 9.719733 11.039371
endloop
endfacet
facet normal 0 0 0
outer loop
vertex 4.863318 9.698980 11.019372
vertex 4.863318 9.719733 11.039371
vertex 4.842843 9.698980 11.039371
endloop
endfacet
facet normal 0 0 0
outer loop
vertex 4.883794 9.698980 11.039371
vertex 4.863318 9.719733 11.039371
vertex 4.883794 9.719733 11.039371
endloop
endfacet
facet normal 0 0 0
outer loop
vertex 4.883794 9.719733 11.039371
vertex 4.863318 9.719733 11.039371
vertex 4.863318 9.719733 11.019372
endloop
endfacet
facet normal 0 0 0
outer loop
vertex 4.863318 9.719733 11.019372
vertex 4.863318 9.719733 11.039371
vertex 4.863318 9.698980 11.019372
endloop
endfacet
facet normal 0 0 0
outer loop
vertex 4.822367 9.740487 11.039371
vertex 4.801891 9.719733 11.019372
vertex 4.822367 9.719733 11.039371
endloop
endfacet
facet normal 0 0 0
outer loop
vertex 4.801891 9.740487 11.019372
vertex 4.801891 9.719733 11.019372
vertex 4.822367 9.740487 11.039371
endloop
endfacet
facet normal 0 0 0
outer loop
vertex 4.883794 9.719733 11.039371
vertex 4.863318 9.740487 11.019372
vertex 4.883794 9.740487 11.039371
endloop
endfacet
facet normal 0 0 0
outer loop
vertex 4.863318 9.719733 11.019372
vertex 4.863318 9.740487 11.019372
vertex 4.883794 9.719733 11.039371
endloop
endfacet
facet normal 0 0 0
outer loop
vertex 4.781415 9.761240 11.019372
vertex 4.801891 9.740487 11.019372
vertex 4.801891 9.761240 11.019372
endloop
endfacet
facet normal 0 0 0
outer loop
vertex 4.822367 9.761240 11.039371
vertex 4.801891 9.740487 11.019372
vertex 4.822367 9.740487 11.039371
endloop
endfacet
facet normal 0 0 0
outer loop
vertex 4.801891 9.761240 11.019372
vertex 4.801891 9.740487 11.019372
vertex 4.822367 9.761240 11.039371
endloop
endfacet
facet normal 0 0 0
outer loop
vertex 4.883794 9.740487 11.039371
vertex 4.863318 9.740487 11.019372
vertex 4.863318 9.761240 11.039371
endloop
endfacet
facet normal 0 0 0
outer loop
vertex 4.863318 9.740487 11.019372
vertex 4.863318 9.761240 11.019372
vertex 4.863318 9.761240 11.039371
endloop
endfacet
facet normal 0 0 0
outer loop
vertex 4.801891 9.781994 11.039371
vertex 4.781415 9.781994 11.019372
vertex 4.801891 9.761240 11.019372
endloop
endfacet
facet normal 0 0 0
outer loop
vertex 4.781415 9.781994 11.019372
vertex 4.781415 9.761240 11.019372
vertex 4.801891 9.761240 11.019372
endloop
endfacet
facet normal 0 0 0
outer loop
vertex 4.822367 9.761240 11.039371
vertex 4.801891 9.781994 11.039371
vertex 4.801891 9.761240 11.019372
endloop
endfacet
facet normal 0 0 0
outer loop
vertex 4.883794 9.781994 11.039371
vertex 4.863318 9.761240 11.039371
vertex 4.863318 9.781994 11.019372
endloop
endfacet
facet normal 0 0 0
outer loop
vertex 4.863318 9.761240 11.039371
vertex 4.863318 9.761240 11.019372
vertex 4.863318 9.781994 11.019372
endloop
endfacet
facet normal 0 0 0
outer loop
vertex 4.801891 9.802747 11.039371
vertex 4.781415 9.781994 11.019372
vertex 4.801891 9.781994 11.039371
endloop
endfacet
facet normal 0 0 0
outer loop
vertex 4.781415 9.802747 11.019372
vertex 4.781415 9.781994 11.019372
vertex 4.801891 9.802747 11.039371
endloop
endfacet
facet normal 0 0 0
outer loop
vertex 4.863318 9.781994 11.019372
vertex 4.842843 9.802747 11.019372
vertex 4.863318 9.802747 11.039371
endloop
endfacet
facet normal 0 0 0
outer loop
vertex 4.863318 9.781994 11.019372
vertex 4.863318 9.802747 11.039371
vertex 4.883794 9.781994 11.039371
endloop
endfacet
facet normal 0 0 0
outer loop
vertex 4.801891 9.823501 11.039371
vertex 4.781415 9.802747 11.019372
vertex 4.801891 9.802747 11.039371
endloop
endfacet
facet normal 0 0 0
outer loop
vertex 4.781415 9.823501 11.019372
vertex 4.781415 9.802747 11.019372
vertex 4.801891 9.823501 11.039371
endloop
endfacet
facet normal 0 0 0
outer loop
vertex 4.863318 9.802747 11.039371
vertex 4.842843 9.823501 11.019372
vertex 4.863318 9.823501 11.039371
endloop
endfacet
facet normal 0 0 0
outer loop
vertex 4.842843 9.802747 11.019372
vertex 4.842843 9.823501 11.019372
vertex 4.863318 9.802747 11.039371
endloop
endfacet
facet normal 0 0 0
outer loop
vertex 4.801891 9.844254 11.039371
vertex 4.781415 9.823501 11.019372
vertex 4.801891 9.823501 11.039371
endloop
endfacet
facet normal 0 0 0
outer loop
vertex 4.781415 9.844254 11.019372
vertex 4.781415 9.823501 11.019372
vertex 4.801891 9.844254 11.039371
endloop
endfacet
facet normal 0 0 0
outer loop
vertex 4.842843 9.823501 11.019372
vertex 4.822367 9.844254 11.019372
vertex 4.842843 9.844254 11.039371
endloop
endfacet
facet normal 0 0 0
outer loop
vertex 4.842843 9.823501 11.019372
vertex 4.842843 9.844254 11.039371
vertex 4.863318 9.823501 11.039371
endloop
endfacet
facet normal 0 0 0
outer loop
vertex 4.842843 9.844254 11.039371
vertex 4.863318 9.844254 11.039371
vertex 4.863318 9.823501 11.039371
endloop
endfacet
facet normal 0 0 0
outer loop
vertex 4.781415 9.865006 11.039371
vertex 4.760940 9.865006 11.019372
vertex 4.781415 9.844254 11.019372
endloop
endfacet
facet normal 0 0 0
outer loop
vertex 4.760940 9.865006 11.019372
vertex 4.760940 9.844254 11.019372
vertex 4.781415 9.844254 11.019372
endloop
endfacet
facet normal 0 0 0
outer loop
vertex 4.801891 9.844254 11.039371
vertex 4.781415 9.865006 11.039371
vertex 4.781415 9.844254 11.019372
endloop
endfacet
facet normal 0 0 0
outer loop
vertex 4.842843 9.844254 11.039371
vertex 4.822367 9.865006 11.019372
vertex 4.842843 9.865006 11.039371
endloop
endfacet
facet normal 0 0 0
outer loop
vertex 4.822367 9.844254 11.019372
vertex 4.822367 9.865006 11.019372
vertex 4.842843 9.844254 11.039371
endloop
endfacet
facet normal 0 0 0
outer loop
vertex 4.842843 9.865006 11.039371
vertex 4.863318 9.844254 11.039371
vertex 4.842843 9.844254 11.039371
endloop
endfacet
facet normal 0 0 0
outer loop
vertex 4.760940 9.865006 11.019372
vertex 4.781415 9.865006 11.039371
vertex 4.781415 9.885760 11.019372
endloop
endfacet
facet normal 0 0 0
outer loop
vertex 4.781415 9.865006 11.039371
vertex 4.781415 9.885760 11.039371
vertex 4.781415 9.885760 11.019372
endloop
endfacet
facet normal 0 0 0
outer loop
vertex 4.822367 9.865006 11.019372
vertex 4.801891 9.885760 11.019372
vertex 4.822367 9.885760 11.039371
endloop
endfacet
facet normal 0 0 0
outer loop
vertex 4.822367 9.865006 11.019372
vertex 4.822367 9.885760 11.039371
vertex 4.842843 9.865006 11.039371
endloop
endfacet
facet normal 0 0 0
outer loop
vertex 4.822367 9.885760 11.039371
vertex 4.842843 9.885760 11.039371
vertex 4.842843 9.865006 11.039371
endloop
endfacet
facet normal 0 0 0
outer loop
vertex 4.781415 9.885760 11.019372
vertex 4.760940 9.906513 11.039371
vertex 4.781415 9.906513 11.039371
endloop
endfacet
facet normal 0 0 0
outer loop
vertex 4.781415 9.885760 11.019372
vertex 4.781415 9.885760 11.039371
vertex 4.760940 9.906513 11.039371
endloop
endfacet
facet normal 0 0 0
outer loop
vertex 4.781415 9.885760 11.019372
vertex 4.801891 9.906513 11.039371
vertex 4.801891 9.885760 11.019372
endloop
endfacet
facet normal 0 0 0
outer loop
vertex 4.781415 9.906513 11.039371
vertex 4.801891 9.906513 11.039371
vertex 4.781415 9.885760 11.019372
endloop
endfacet
facet normal 0 0 0
outer loop
vertex 4.801891 9.885760 11.019372
vertex 4.801891 9.906513 11.039371
vertex 4.822367 9.885760 11.039371
endloop
endfacet
facet normal 0 0 0
outer loop
vertex 4.801891 9.906513 11.039371
vertex 4.822367 9.906513 11.039371
vertex 4.822367 9.885760 11.039371
endloop
endfacet
facet normal 0 0 0
outer loop
vertex 4.842843 9.885760 11.039371
vertex 4.822367 9.885760 11.039371
vertex 4.842843 9.906513 11.039371
endloop
endfacet
facet normal 0 0 0
outer loop
vertex 4.842843 9.906513 11.039371
vertex 4.822367 9.885760 11.039371
vertex 4.822367 9.906513 11.039371
endloop
endfacet
facet normal 0 0 0
outer loop
vertex 4.801891 9.906513 11.039371
vertex 4.781415 9.906513 11.039371
vertex 4.801891 9.927267 11.039371
endloop
endfacet
facet normal 0 0 0
outer loop
vertex 4.801891 9.927267 11.039371
vertex 4.781415 9.906513 11.039371
vertex 4.781415 9.927267 11.039371
endloop
endfacet
facet normal 0 0 0
outer loop
vertex 4.822367 9.906513 11.039371
vertex 4.801891 9.906513 11.039371
vertex 4.822367 9.927267 11.039371
endloop
endfacet
facet normal 0 0 0
outer loop
vertex 4.822367 9.927267 11.039371
vertex 4.801891 9.906513 11.039371
vertex 4.801891 9.927267 11.039371
endloop
endfacet
facet normal 0 0 0
outer loop
vertex 4.822367 9.927267 11.039371
vertex 4.842843 9.906513 11.039371
vertex 4.822367 9.906513 11.039371
endloop
endfacet
facet normal 0 0 0
outer loop
vertex 4.801891 9.927267 11.039371
vertex 4.781415 9.927267 11.039371
vertex 4.801891 9.948020 11.039371
endloop
endfacet
facet normal 0 0 0
outer loop
vertex 4.801891 9.948020 11.039371
vertex 4.781415 9.927267 11.039371
vertex 4.781415 9.948020 11.039371
endloop
endfacet
facet normal 0 0 0
outer loop
vertex 4.822367 9.927267 11.039371
vertex 4.801891 9.927267 11.039371
vertex 4.822367 9.948020 11.039371
endloop
endfacet
facet normal 0 0 0
outer loop
vertex 4.822367 9.948020 11.039371
vertex 4.801891 9.927267 11.039371
vertex 4.801891 9.948020 11.039371
endloop
endfacet
facet normal 0 0 0
outer loop
vertex 4.842843 9.678227 11.039371
vertex 4.842843 9.698980 11.039371
vertex 4.822367 9.678227 11.039371
endloop
endfacet
facet normal 0 0 0
outer loop
vertex 4.842843 9.698980 11.039371
vertex 4.822367 9.698980 11.039371
vertex 4.822367 9.678227 11.039371
endloop
endfacet
facet normal 0 0 0
outer loop
vertex 4.863318 9.678227 11.039371
vertex 4.842843 9.698980 11.039371
vertex 4.842843 9.678227 11.039371
endloop
endfacet
facet normal 0 0 0
outer loop
vertex 4.842843 9.698980 11.039371
vertex 4.842843 9.719733 11.039371
vertex 4.822367 9.698980 11.039371
endloop
endfacet
facet normal 0 0 0
outer loop
vertex 4.842843 9.719733 11.039371
vertex 4.822367 9.719733 11.039371
vertex 4.822367 9.698980 11.039371
endloop
endfacet
facet normal 0 0 0
outer loop
vertex 4.842843 9.698980 11.039371
vertex 4.863318 9.719733 11.059372
vertex 4.842843 9.719733 11.039371
endloop
endfacet
facet normal 0 0 0
outer loop
vertex 4.842843 9.698980 11.039371
vertex 4.863318 9.719733 11.039371
vertex 4.863318 9.719733 11.059372
endloop
endfacet
facet normal 0 0 0
outer loop
vertex 4.883794 9.698980 11.039371
vertex 4.883794 9.719733 11.059372
vertex 4.863318 9.719733 11.039371
endloop
endfacet
facet normal 0 0 0
outer loop
vertex 4.883794 9.719733 11.059372
vertex 4.863318 9.719733 11.059372
vertex 4.863318 9.719733 11.039371
endloop
endfacet
facet normal 0 0 0
outer loop
vertex 4.883794 9.719733 11.059372
vertex 4.883794 9.698980 11.039371
vertex 4.883794 9.719733 11.039371
endloop
endfacet
facet normal 0 0 0
outer loop
vertex 4.842843 9.740487 11.059372
vertex 4.822367 9.740487 11.039371
vertex 4.842843 9.719733 11.039371
endloop
endfacet
facet normal 0 0 0
outer loop
vertex 4.822367 9.740487 11.039371
vertex 4.822367 9.719733 11.039371
vertex 4.842843 9.719733 11.039371
endloop
endfacet
facet normal 0 0 0
outer loop
vertex 4.863318 9.719733 11.059372
vertex 4.842843 9.740487 11.059372
vertex 4.842843 9.719733 11.039371
endloop
endfacet
facet normal 0 0 0
outer loop
vertex 4.883794 9.719733 11.039371
vertex 4.883794 9.740487 11.039371
vertex 4.883794 9.719733 11.059372
endloop
endfacet
facet normal 0 0 0
outer loop
vertex 4.883794 9.719733 11.059372
vertex 4.883794 9.740487 11.039371
vertex 4.883794 9.740487 11.059372
endloop
endfacet
facet normal 0 0 0
outer loop
vertex 4.822367 9.740487 11.039371
vertex 4.822367 9.761240 11.059372
vertex 4.822367 9.761240 11.039371
endloop
endfacet
facet normal 0 0 0
outer loop
vertex 4.842843 9.740487 11.059372
vertex 4.822367 9.761240 11.059372
vertex 4.822367 9.740487 11.039371
endloop
endfacet
facet normal 0 0 0
outer loop
vertex 4.883794 9.740487 11.039371
vertex 4.863318 9.761240 11.039371
vertex 4.883794 9.761240 11.059372
endloop
endfacet
facet normal 0 0 0
outer loop
vertex 4.883794 9.740487 11.039371
vertex 4.883794 9.761240 11.059372
vertex 4.883794 9.740487 11.059372
endloop
endfacet
facet normal 0 0 0
outer loop
vertex 4.801891 9.781994 11.039371
vertex 4.822367 9.761240 11.039371
vertex 4.822367 9.781994 11.059372
endloop
endfacet
facet normal 0 0 0
outer loop
vertex 4.822367 9.761240 11.039371
vertex 4.822367 9.761240 11.059372
vertex 4.822367 9.781994 11.059372
endloop
endfacet
facet normal 0 0 0
outer loop
vertex 4.863318 9.761240 11.039371
vertex 4.883794 9.781994 11.039371
vertex 4.883794 9.761240 11.059372
endloop
endfacet
facet normal 0 0 0
outer loop
vertex 4.883794 9.761240 11.059372
vertex 4.883794 9.781994 11.039371
vertex 4.883794 9.781994 11.059372
endloop
endfacet
facet normal 0 0 0
outer loop
vertex 4.822367 9.802747 11.059372
vertex 4.801891 9.781994 11.039371
vertex 4.822367 9.781994 11.059372
endloop
endfacet
facet normal 0 0 0
outer loop
vertex 4.801891 9.802747 11.039371
vertex 4.801891 9.781994 11.039371
vertex 4.822367 9.802747 11.059372
endloop
endfacet
facet normal 0 0 0
outer loop
vertex 4.883794 9.781994 11.039371
vertex 4.863318 9.802747 11.039371
vertex 4.883794 9.802747 11.059372
endloop
endfacet
facet normal 0 0 0
outer loop
vertex 4.883794 9.781994 11.039371
vertex 4.883794 9.802747 11.059372
vertex 4.883794 9.781994 11.059372
endloop
endfacet
facet normal 0 0 0
outer loop
vertex 4.822367 9.823501 11.059372
vertex 4.801891 9.802747 11.039371
vertex 4.822367 9.802747 11.059372
endloop
endfacet
facet normal 0 0 0
outer loop
vertex 4.801891 9.823501 11.039371
vertex 4.801891 9.802747 11.039371
vertex 4.822367 9.823501 11.059372
endloop
endfacet
facet normal 0 0 0
outer loop
vertex 4.883794 9.802747 11.059372
vertex 4.863318 9.823501 11.039371
vertex 4.883794 9.823501 11.059372
endloop
endfacet
facet normal 0 0 0
outer loop
vertex 4.863318 9.802747 11.039371
vertex 4.863318 9.823501 11.039371
vertex 4.883794 9.802747 11.059372
endloop
endfacet
facet normal 0 0 0
outer loop
vertex 4.822367 9.844254 11.059372
vertex 4.801891 9.823501 11.039371
vertex 4.822367 9.823501 11.059372
endloop
endfacet
facet normal 0 0 0
outer loop
vertex 4.801891 9.844254 11.039371
vertex 4.801891 9.823501 11.039371
vertex 4.822367 9.844254 11.059372
endloop
endfacet
facet normal 0 0 0
outer loop
vertex 4.883794 9.823501 11.059372
vertex 4.863318 9.844254 11.039371
vertex 4.883794 9.844254 11.059372
endloop
endfacet
facet normal 0 0 0
outer loop
vertex 4.863318 9.823501 11.039371
vertex 4.863318 9.844254 11.039371
vertex 4.883794 9.823501 11.059372
endloop
endfacet
facet normal 0 0 0
outer loop
vertex 4.801891 9.844254 11.039371
vertex 4.801891 9.865006 11.059372
vertex 4.781415 9.865006 11.039371
endloop
endfacet
facet normal 0 0 0
outer loop
vertex 4.822367 9.844254 11.059372
vertex 4.801891 9.865006 11.059372
vertex 4.801891 9.844254 11.039371
endloop
endfacet
facet normal 0 0 0
outer loop
vertex 4.863318 9.844254 11.039371
vertex 4.842843 9.865006 11.039371
vertex 4.863318 9.865006 11.059372
endloop
endfacet
facet normal 0 0 0
outer loop
vertex 4.863318 9.844254 11.039371
vertex 4.863318 9.865006 11.059372
vertex 4.883794 9.844254 11.059372
endloop
endfacet
facet normal 0 0 0
outer loop
vertex 4.863318 9.865006 11.059372
vertex 4.883794 9.865006 11.059372
vertex 4.883794 9.844254 11.059372
endloop
endfacet
facet normal 0 0 0
outer loop
vertex 4.801891 9.885760 11.059372
vertex 4.781415 9.865006 11.039371
vertex 4.801891 9.865006 11.059372
endloop
endfacet
facet normal 0 0 0
outer loop
vertex 4.781415 9.885760 11.039371
vertex 4.781415 9.865006 11.039371
vertex 4.801891 9.885760 11.059372
endloop
endfacet
facet normal 0 0 0
outer loop
vertex 4.863318 9.865006 11.059372
vertex 4.842843 9.885760 11.039371
vertex 4.863318 9.885760 11.059372
endloop
endfacet
facet normal 0 0 0
outer loop
vertex 4.842843 9.865006 11.039371
vertex 4.842843 9.885760 11.039371
vertex 4.863318 9.865006 11.059372
endloop
endfacet
facet normal 0 0 0
outer loop
vertex 4.883794 9.865006 11.059372
vertex 4.863318 9.865006 11.059372
vertex 4.883794 9.885760 11.059372
endloop
endfacet
facet normal 0 0 0
outer loop
vertex 4.883794 9.885760 11.059372
vertex 4.863318 9.865006 11.059372
vertex 4.863318 9.885760 11.059372
endloop
endfacet
facet normal 0 0 0
outer loop
vertex 4.760940 9.906513 11.039371
vertex 4.781415 9.885760 11.039371
vertex 4.781415 9.906513 11.039371
endloop
endfacet
facet normal 0 0 0
outer loop
vertex 4.801891 9.906513 11.059372
vertex 4.781415 9.885760 11.039371
vertex 4.801891 9.885760 11.059372
endloop
endfacet
facet normal 0 0 0
outer loop
vertex 4.781415 9.906513 11.039371
vertex 4.781415 9.885760 11.039371
vertex 4.801891 9.906513 11.059372
endloop
endfacet
facet normal 0 0 0
outer loop
vertex 4.863318 9.885760 11.059372
vertex 4.842843 9.906513 11.039371
vertex 4.863318 9.906513 11.059372
endloop
endfacet
facet normal 0 0 0
outer loop
vertex 4.842843 9.885760 11.039371
vertex 4.842843 9.906513 11.039371
vertex 4.863318 9.885760 11.059372
endloop
endfacet
facet normal 0 0 0
outer loop
vertex 4.883794 9.885760 11.059372
vertex 4.863318 9.885760 11.059372
vertex 4.883794 9.906513 11.059372
endloop
endfacet
facet normal 0 0 0
outer loop
vertex 4.883794 9.906513 11.059372
vertex 4.863318 9.885760 11.059372
vertex 4.863318 9.906513 11.059372
endloop
endfacet
facet normal 0 0 0
outer loop
vertex 4.781415 9.927267 11.039371
vertex 4.760940 9.906513 11.039371
vertex 4.781415 9.906513 11.039371
endloop
endfacet
facet normal 0 0 0
outer loop
vertex 4.801891 9.927267 11.059372
vertex 4.781415 9.906513 11.039371
vertex 4.801891 9.906513 11.059372
endloop
endfacet
facet normal 0 0 0
outer loop
vertex 4.781415 9.927267 11.039371
vertex 4.781415 9.906513 11.039371
vertex 4.801891 9.927267 11.059372
endloop
endfacet
facet normal 0 0 0
outer loop
vertex 4.842843 9.906513 11.039371
vertex 4.822367 9.927267 11.039371
vertex 4.842843 9.927267 11.059372
endloop
endfacet
facet normal 0 0 0
outer loop
vertex 4.842843 9.906513 11.039371
vertex 4.842843 9.927267 11.059372
vertex 4.863318 9.906513 11.059372
endloop
endfacet
facet normal 0 0 0
outer loop
vertex 4.842843 9.927267 11.059372
vertex 4.863318 9.927267 11.059372
vertex 4.863318 9.906513 11.059372
endloop
endfacet
facet normal 0 0 0
outer loop
vertex 4.863318 9.927267 11.059372
vertex 4.883794 9.906513 11.059372
vertex 4.863318 9.906513 11.059372
endloop
endfacet
facet normal 0 0 0
outer loop
vertex 4.781415 9.927267 11.039371
vertex 4.781415 9.948020 11.059372
vertex 4.781415 9.948020 11.039371
endloop
endfacet
facet normal 0 0 0
outer loop
vertex 4.801891 9.927267 11.059372
vertex 4.781415 9.948020 11.059372
vertex 4.781415 9.927267 11.039371
endloop
endfacet
facet normal 0 0 0
outer loop
vertex 4.842843 9.927267 11.059372
vertex 4.822367 9.948020 11.039371
vertex 4.842843 9.948020 11.059372
endloop
endfacet
facet normal 0 0 0
outer loop
vertex 4.822367 9.927267 11.039371
vertex 4.822367 9.948020 11.039371
vertex 4.842843 9.927267 11.059372
endloop
endfacet
facet normal 0 0 0
outer loop
vertex 4.863318 9.927267 11.059372
vertex 4.842843 9.927267 11.059372
vertex 4.863318 9.948020 11.059372
endloop
endfacet
facet normal 0 0 0
outer loop
vertex 4.863318 9.948020 11.059372
vertex 4.842843 9.927267 11.059372
vertex 4.842843 9.948020 11.059372
endloop
endfacet
facet normal 0 0 0
outer loop
vertex 4.781415 9.968774 11.059372
vertex 4.781415 9.948020 11.039371
vertex 4.781415 9.948020 11.059372
endloop
endfacet
facet normal 0 0 0
outer loop
vertex 4.781415 9.948020 11.039371
vertex 4.801891 9.968774 11.059372
vertex 4.801891 9.948020 11.039371
endloop
endfacet
facet normal 0 0 0
outer loop
vertex 4.781415 9.968774 11.059372
vertex 4.801891 9.968774 11.059372
vertex 4.781415 9.948020 11.039371
endloop
endfacet
facet normal 0 0 0
outer loop
vertex 4.801891 9.948020 11.039371
vertex 4.822367 9.968774 11.059372
vertex 4.822367 9.948020 11.039371
endloop
endfacet
facet normal 0 0 0
outer loop
vertex 4.801891 9.968774 11.059372
vertex 4.822367 9.968774 11.059372
vertex 4.801891 9.948020 11.039371
endloop
endfacet
facet normal 0 0 0
outer loop
vertex 4.822367 9.948020 11.039371
vertex 4.822367 9.968774 11.059372
vertex 4.842843 9.948020 11.059372
endloop
endfacet
facet normal 0 0 0
outer loop
vertex 4.822367 9.968774 11.059372
vertex 4.842843 9.968774 11.059372
vertex 4.842843 9.948020 11.059372
endloop
endfacet
facet normal 0 0 0
outer loop
vertex 4.863318 9.948020 11.059372
vertex 4.842843 9.948020 11.059372
vertex 4.863318 9.968774 11.059372
endloop
endfacet
facet normal 0 0 0
outer loop
vertex 4.863318 9.968774 11.059372
vertex 4.842843 9.948020 11.059372
vertex 4.842843 9.968774 11.059372
endloop
endfacet
facet normal 0 0 0
outer loop
vertex 4.801891 9.968774 11.059372
vertex 4.781415 9.968774 11.059372
vertex 4.801891 9.989527 11.059372
endloop
endfacet
facet normal 0 0 0
outer loop
vertex 4.801891 9.989527 11.059372
vertex 4.781415 9.968774 11.059372
vertex 4.781415 9.989527 11.059372
endloop
endfacet
facet normal 0 0 0
outer loop
vertex 4.822367 9.968774 11.059372
vertex 4.801891 9.968774 11.059372
vertex 4.822367 9.989527 11.059372
endloop
endfacet
facet normal 0 0 0
outer loop
vertex 4.822367 9.989527 11.059372
vertex 4.801891 9.968774 11.059372
vertex 4.801891 9.989527 11.059372
endloop
endfacet
facet normal 0 0 0
outer loop
vertex 4.842843 9.968774 11.059372
vertex 4.822367 9.968774 11.059372
vertex 4.842843 9.989527 11.059372
endloop
endfacet
facet normal 0 0 0
outer loop
vertex 4.842843 9.989527 11.059372
vertex 4.822367 9.968774 11.059372
vertex 4.822367 9.989527 11.059372
endloop
endfacet
facet normal 0 0 0
outer loop
vertex 4.842843 9.989527 11.059372
vertex 4.863318 9.968774 11.059372
vertex 4.842843 9.968774 11.059372
endloop
endfacet
facet normal 0 0 0
outer loop
vertex 4.801891 9.989527 11.059372
vertex 4.781415 9.989527 11.059372
vertex 4.801891 10.010280 11.059372
endloop
endfacet
facet normal 0 0 0
outer loop
vertex 4.801891 10.010280 11.059372
vertex 4.781415 9.989527 11.059372
vertex 4.781415 10.010280 11.059372
endloop
endfacet
facet normal 0 0 0
outer loop
vertex 4.822367 9.989527 11.059372
vertex 4.801891 9.989527 11.059372
vertex 4.822367 10.010280 11.059372
endloop
endfacet
facet normal 0 0 0
outer loop
vertex 4.822367 10.010280 11.059372
vertex 4.801891 9.989527 11.059372
vertex 4.801891 10.010280 11.059372
endloop
endfacet
facet normal 0 0 0
outer loop
vertex 4.842843 9.989527 11.059372
vertex 4.822367 9.989527 11.059372
vertex 4.842843 10.010280 11.059372
endloop
endfacet
facet normal 0 0 0
outer loop
vertex 4.842843 10.010280 11.059372
vertex 4.822367 9.989527 11.059372
vertex 4.822367 10.010280 11.059372
endloop
endfacet
facet normal 0 0 0
outer loop
vertex 4.801891 10.010280 11.059372
vertex 4.781415 10.010280 11.059372
vertex 4.801891 10.031034 11.059372
endloop
endfacet
facet normal 0 0 0
outer loop
vertex 4.801891 10.031034 11.059372
vertex 4.781415 10.010280 11.059372
vertex 4.781415 10.031034 11.059372
endloop
endfacet
facet normal 0 0 0
outer loop
vertex 4.822367 10.010280 11.059372
vertex 4.801891 10.010280 11.059372
vertex 4.822367 10.031034 11.059372
endloop
endfacet
facet normal 0 0 0
outer loop
vertex 4.822367 10.031034 11.059372
vertex 4.801891 10.010280 11.059372
vertex 4.801891 10.031034 11.059372
endloop
endfacet
facet normal 0 0 0
outer loop
vertex 4.842843 10.010280 11.059372
vertex 4.822367 10.010280 11.059372
vertex 4.842843 10.031034 11.059372
endloop
endfacet
facet normal 0 0 0
outer loop
vertex 4.842843 10.031034 11.059372
vertex 4.822367 10.010280 11.059372
vertex 4.822367 10.031034 11.059372
endloop
endfacet
facet normal 0 0 0
outer loop
vertex 4.801891 10.031034 11.059372
vertex 4.781415 10.031034 11.059372
vertex 4.801891 10.051786 11.059372
endloop
endfacet
facet normal 0 0 0
outer loop
vertex 4.801891 10.051786 11.059372
vertex 4.781415 10.031034 11.059372
vertex 4.781415 10.051786 11.059372
endloop
endfacet
facet normal 0 0 0
outer loop
vertex 4.801891 10.051786 11.059372
vertex 4.822367 10.031034 11.059372
vertex 4.801891 10.031034 11.059372
endloop
endfacet
facet normal 0 0 0
outer loop
vertex 4.781415 10.072540 11.059372
vertex 4.801891 10.051786 11.059372
vertex 4.781415 10.051786 11.059372
endloop
endfacet
facet normal 0 0 0
outer loop
vertex 4.842843 9.740487 11.059372
vertex 4.863318 9.719733 11.059372
vertex 4.863318 9.740487 11.059372
endloop
endfacet
facet normal 0 0 0
outer loop
vertex 4.883794 9.719733 11.059372
vertex 4.883794 9.740487 11.059372
vertex 4.863318 9.719733 11.059372
endloop
endfacet
facet normal 0 0 0
outer loop
vertex 4.883794 9.740487 11.059372
vertex 4.863318 9.740487 11.059372
vertex 4.863318 9.719733 11.059372
endloop
endfacet
facet normal 0 0 0
outer loop
vertex 4.822367 9.761240 11.059372
vertex 4.842843 9.740487 11.059372
vertex 4.842843 9.761240 11.059372
endloop
endfacet
facet normal 0 0 0
outer loop
vertex 4.863318 9.740487 11.059372
vertex 4.863318 9.761240 11.059372
vertex 4.842843 9.740487 11.059372
endloop
endfacet
facet normal 0 0 0
outer loop
vertex 4.863318 9.761240 11.059372
vertex 4.842843 9.761240 11.059372
vertex 4.842843 9.740487 11.059372
endloop
endfacet
facet normal 0 0 0
outer loop
vertex 4.883794 9.740487 11.059372
vertex 4.883794 9.761240 11.059372
vertex 4.863318 9.740487 11.059372
endloop
endfacet
facet normal 0 0 0
outer loop
vertex 4.883794 9.761240 11.059372
vertex 4.863318 9.761240 11.059372
vertex 4.863318 9.740487 11.059372
endloop
endfacet
facet normal 0 0 0
outer loop
vertex 4.842843 9.761240 11.059372
vertex 4.842843 9.781994 11.059372
vertex 4.822367 9.761240 11.059372
endloop
endfacet
facet normal 0 0 0
outer loop
vertex 4.842843 9.781994 11.059372
vertex 4.822367 9.781994 11.059372
vertex 4.822367 9.761240 11.059372
endloop
endfacet
facet normal 0 0 0
outer loop
vertex 4.863318 9.761240 11.059372
vertex 4.863318 9.781994 11.059372
vertex 4.842843 9.761240 11.059372
endloop
endfacet
facet normal 0 0 0
outer loop
vertex 4.863318 9.781994 11.059372
vertex 4.842843 9.781994 11.059372
vertex 4.842843 9.761240 11.059372
endloop
endfacet
facet normal 0 0 0
outer loop
vertex 4.883794 9.761240 11.059372
vertex 4.883794 9.781994 11.059372
vertex 4.863318 9.761240 11.059372
endloop
endfacet
facet normal 0 0 0
outer loop
vertex 4.883794 9.781994 11.059372
vertex 4.863318 9.781994 11.059372
vertex 4.863318 9.761240 11.059372
endloop
endfacet
facet normal 0 0 0
outer loop
vertex 4.842843 9.802747 11.079371
vertex 4.822367 9.802747 11.059372
vertex 4.842843 9.781994 11.059372
endloop
endfacet
facet normal 0 0 0
outer loop
vertex 4.822367 9.802747 11.059372
vertex 4.822367 9.781994 11.059372
vertex 4.842843 9.781994 11.059372
endloop
endfacet
facet normal 0 0 0
outer loop
vertex 4.863318 9.781994 11.059372
vertex 4.842843 9.802747 11.079371
vertex 4.842843 9.781994 11.059372
endloop
endfacet
facet normal 0 0 0
outer loop
vertex 4.863318 9.802747 11.079371
vertex 4.842843 9.802747 11.079371
vertex 4.863318 9.781994 11.059372
endloop
endfacet
facet normal 0 0 0
outer loop
vertex 4.863318 9.802747 11.079371
vertex 4.863318 9.781994 11.059372
vertex 4.883794 9.802747 11.059372
endloop
endfacet
facet normal 0 0 0
outer loop
vertex 4.863318 9.781994 11.059372
vertex 4.883794 9.781994 11.059372
vertex 4.883794 9.802747 11.059372
endloop
endfacet
facet normal 0 0 0
outer loop
vertex 4.822367 9.802747 11.059372
vertex 4.822367 9.823501 11.079371
vertex 4.801891 9.823501 11.079371
endloop
endfacet
facet normal 0 0 0
outer loop
vertex 4.822367 9.802747 11.059372
vertex 4.801891 9.823501 11.079371
vertex 4.822367 9.823501 11.059372
endloop
endfacet
facet normal 0 0 0
outer loop
vertex 4.842843 9.802747 11.079371
vertex 4.822367 9.823501 11.079371
vertex 4.822367 9.802747 11.059372
endloop
endfacet
facet normal 0 0 0
outer loop
vertex 4.883794 9.802747 11.059372
vertex 4.883794 9.823501 11.079371
vertex 4.863318 9.802747 11.079371
endloop
endfacet
facet normal 0 0 0
outer loop
vertex 4.883794 9.823501 11.079371
vertex 4.883794 9.802747 11.059372
vertex 4.883794 9.823501 11.059372
endloop
endfacet
facet normal 0 0 0
outer loop
vertex 4.822367 9.823501 11.059372
vertex 4.801891 9.844254 11.079371
vertex 4.822367 9.844254 11.059372
endloop
endfacet
facet normal 0 0 0
outer loop
vertex 4.801891 9.823501 11.079371
vertex 4.801891 9.844254 11.079371
vertex 4.822367 9.823501 11.059372
endloop
endfacet
facet normal 0 0 0
outer loop
vertex 4.883794 9.823501 11.059372
vertex 4.883794 9.844254 11.059372
vertex 4.883794 9.823501 11.079371
endloop
endfacet
facet normal 0 0 0
outer loop
vertex 4.883794 9.823501 11.079371
vertex 4.883794 9.844254 11.059372
vertex 4.883794 9.844254 11.079371
endloop
endfacet
facet normal 0 0 0
outer loop
vertex 4.801891 9.865006 11.059372
vertex 4.801891 9.844254 11.079371
vertex 4.801891 9.865006 11.079371
endloop
endfacet
facet normal 0 0 0
outer loop
vertex 4.822367 9.844254 11.059372
vertex 4.801891 9.844254 11.079371
vertex 4.801891 9.865006 11.059372
endloop
endfacet
facet normal 0 0 0
outer loop
vertex 4.883794 9.844254 11.059372
vertex 4.883794 9.865006 11.059372
vertex 4.883794 9.844254 11.079371
endloop
endfacet
facet normal 0 0 0
outer loop
vertex 4.883794 9.844254 11.079371
vertex 4.883794 9.865006 11.059372
vertex 4.883794 9.865006 11.079371
endloop
endfacet
facet normal 0 0 0
outer loop
vertex 4.801891 9.865006 11.059372
vertex 4.801891 9.865006 11.079371
vertex 4.801891 9.885760 11.059372
endloop
endfacet
facet normal 0 0 0
outer loop
vertex 4.801891 9.865006 11.079371
vertex 4.801891 9.885760 11.079371
vertex 4.801891 9.885760 11.059372
endloop
endfacet
facet normal 0 0 0
outer loop
vertex 4.883794 9.865006 11.059372
vertex 4.883794 9.885760 11.059372
vertex 4.883794 9.865006 11.079371
endloop
endfacet
facet normal 0 0 0
outer loop
vertex 4.883794 9.865006 11.079371
vertex 4.883794 9.885760 11.059372
vertex 4.883794 9.885760 11.079371
endloop
endfacet
facet normal 0 0 0
outer loop
vertex 4.801891 9.885760 11.059372
vertex 4.801891 9.885760 11.079371
vertex 4.801891 9.906513 11.059372
endloop
endfacet
facet normal 0 0 0
outer loop
vertex 4.801891 9.885760 11.079371
vertex 4.801891 9.906513 11.079371
vertex 4.801891 9.906513 11.059372
endloop
endfacet
facet normal 0 0 0
outer loop
vertex 4.883794 9.885760 11.059372
vertex 4.883794 9.906513 11.059372
vertex 4.883794 9.885760 11.079371
endloop
endfacet
facet normal 0 0 0
outer loop
vertex 4.883794 9.885760 11.079371
vertex 4.883794 9.906513 11.059372
vertex 4.883794 9.906513 11.079371
endloop
endfacet
facet normal 0 0 0
outer loop
vertex 4.781415 9.927267 11.079371
vertex 4.801891 9.927267 11.059372
vertex 4.801891 9.906513 11.079371
endloop
endfacet
facet normal 0 0 0
outer loop
vertex 4.801891 9.927267 11.059372
vertex 4.801891 9.906513 11.059372
vertex 4.801891 9.906513 11.079371
endloop
endfacet
facet normal 0 0 0
outer loop
vertex 4.883794 9.906513 11.059372
vertex 4.863318 9.927267 11.059372
vertex 4.883794 9.927267 11.079371
endloop
endfacet
facet normal 0 0 0
outer loop
vertex 4.883794 9.906513 11.059372
vertex 4.883794 9.927267 11.079371
vertex 4.883794 9.906513 11.079371
endloop
endfacet
facet normal 0 0 0
outer loop
vertex 4.781415 9.948020 11.059372
vertex 4.781415 9.927267 11.079371
vertex 4.781415 9.948020 11.079371
endloop
endfacet
facet normal 0 0 0
outer loop
vertex 4.801891 9.927267 11.059372
vertex 4.781415 9.927267 11.079371
vertex 4.781415 9.948020 11.059372
endloop
endfacet
facet normal 0 0 0
outer loop
vertex 4.883794 9.927267 11.079371
vertex 4.863318 9.927267 11.059372
vertex 4.863318 9.948020 11.079371
endloop
endfacet
facet normal 0 0 0
outer loop
vertex 4.863318 9.927267 11.059372
vertex 4.863318 9.948020 11.059372
vertex 4.863318 9.948020 11.079371
endloop
endfacet
facet normal 0 0 0
outer loop
vertex 4.781415 9.948020 11.059372
vertex 4.781415 9.948020 11.079371
vertex 4.781415 9.968774 11.059372
endloop
endfacet
facet normal 0 0 0
outer loop
vertex 4.781415 9.948020 11.079371
vertex 4.781415 9.968774 11.079371
vertex 4.781415 9.968774 11.059372
endloop
endfacet
facet normal 0 0 0
outer loop
vertex 4.863318 9.948020 11.059372
vertex 4.863318 9.968774 11.059372
vertex 4.863318 9.948020 11.079371
endloop
endfacet
facet normal 0 0 0
outer loop
vertex 4.863318 9.948020 11.079371
vertex 4.863318 9.968774 11.059372
vertex 4.863318 9.968774 11.079371
endloop
endfacet
facet normal 0 0 0
outer loop
vertex 4.781415 9.968774 11.059372
vertex 4.781415 9.968774 11.079371
vertex 4.781415 9.989527 11.059372
endloop
endfacet
facet normal 0 0 0
outer loop
vertex 4.781415 9.968774 11.079371
vertex 4.781415 9.989527 11.079371
vertex 4.781415 9.989527 11.059372
endloop
endfacet
facet normal 0 0 0
outer loop
vertex 4.863318 9.968774 11.059372
vertex 4.842843 9.989527 11.059372
vertex 4.863318 9.989527 11.079371
endloop
endfacet
facet normal 0 0 0
outer loop
vertex 4.863318 9.968774 11.059372
vertex 4.863318 9.989527 11.079371
vertex 4.863318 9.968774 11.079371
endloop
endfacet
facet normal 0 0 0
outer loop
vertex 4.781415 9.989527 11.059372
vertex 4.781415 9.989527 11.079371
vertex 4.781415 10.010280 11.059372
endloop
endfacet
facet normal 0 0 0
outer loop
vertex 4.781415 9.989527 11.079371
vertex 4.781415 10.010280 11.079371
vertex 4.781415 10.010280 11.059372
endloop
endfacet
facet normal 0 0 0
outer loop
vertex 4.863318 9.989527 11.079371
vertex 4.842843 10.010280 11.059372
vertex 4.863318 10.010280 11.079371
endloop
endfacet
facet normal 0 0 0
outer loop
vertex 4.842843 9.989527 11.059372
vertex 4.842843 10.010280 11.059372
vertex 4.863318 9.989527 11.079371
endloop
endfacet
facet normal 0 0 0
outer loop
vertex 4.781415 10.010280 11.059372
vertex 4.781415 10.010280 11.079371
vertex 4.781415 10.031034 11.059372
endloop
endfacet
facet normal 0 0 0
outer loop
vertex 4.781415 10.010280 11.079371
vertex 4.781415 10.031034 11.079371
vertex 4.781415 10.031034 11.059372
endloop
endfacet
facet normal 0 0 0
outer loop
vertex 4.863318 10.010280 11.079371
vertex 4.842843 10.010280 11.059372
vertex 4.842843 10.031034 11.079371
endloop
endfacet
facet normal 0 0 0
outer loop
vertex 4.842843 10.010280 11.059372
vertex 4.842843 10.031034 11.059372
vertex 4.842843 10.031034 11.079371
endloop
endfacet
facet normal 0 0 0
outer loop
vertex 4.781415 10.031034 11.059372
vertex 4.781415 10.031034 11.079371
vertex 4.781415 10.051786 11.059372
endloop
endfacet
facet normal 0 0 0
outer loop
vertex 4.781415 10.031034 11.079371
vertex 4.781415 10.051786 11.079371
vertex 4.781415 10.051786 11.059372
endloop
endfacet
facet normal 0 0 0
outer loop
vertex 4.822367 10.031034 11.059372
vertex 4.801891 10.051786 11.059372
vertex 4.822367 10.051786 11.079371
endloop
endfacet
facet normal 0 0 0
outer loop
vertex 4.822367 10.031034 11.059372
vertex 4.842843 10.051786 11.079371
vertex 4.842843 10.031034 11.059372
endloop
endfacet
facet normal 0 0 0
outer loop
vertex 4.822367 10.051786 11.079371
vertex 4.842843 10.051786 11.079371
vertex 4.822367 10.031034 11.059372
endloop
endfacet
facet normal 0 0 0
outer loop
vertex 4.842843 10.031034 11.059372
vertex 4.842843 10.051786 11.079371
vertex 4.842843 10.031034 11.079371
endloop
endfacet
facet normal 0 0 0
outer loop
vertex 4.781415 10.051786 11.059372
vertex 4.781415 10.051786 11.079371
vertex 4.781415 10.072540 11.059372
endloop
endfacet
facet normal 0 0 0
outer loop
vertex 4.781415 10.051786 11.079371
vertex 4.781415 10.072540 11.079371
vertex 4.781415 10.072540 11.059372
endloop
endfacet
facet normal 0 0 0
outer loop
vertex 4.801891 10.051786 11.059372
vertex 4.781415 10.072540 11.059372
vertex 4.801891 10.072540 11.079371
endloop
endfacet
facet normal 0 0 0
outer loop
vertex 4.801891 10.051786 11.059372
vertex 4.801891 10.072540 11.079371
vertex 4.822367 10.051786 11.079371
endloop
endfacet
facet normal 0 0 0
outer loop
vertex 4.801891 10.072540 11.079371
vertex 4.822367 10.072540 11.079371
vertex 4.822367 10.051786 11.079371
endloop
endfacet
facet normal 0 0 0
outer loop
vertex 4.842843 10.051786 11.079371
vertex 4.822367 10.051786 11.079371
vertex 4.842843 10.072540 11.079371
endloop
endfacet
facet normal 0 0 0
outer loop
vertex 4.842843 10.072540 11.079371
vertex 4.822367 10.051786 11.079371
vertex 4.822367 10.072540 11.079371
endloop
endfacet
facet normal 0 0 0
outer loop
vertex 4.781415 10.093293 11.079371
vertex 4.781415 10.072540 11.059372
vertex 4.781415 10.072540 11.079371
endloop
endfacet
facet normal 0 0 0
outer loop
vertex 4.781415 10.072540 11.059372
vertex 4.781415 10.093293 11.079371
vertex 4.801891 10.072540 11.079371
endloop
endfacet
facet normal 0 0 0
outer loop
vertex 4.781415 10.093293 11.079371
vertex 4.801891 10.093293 11.079371
vertex 4.801891 10.072540 11.079371
endloop
endfacet
facet normal 0 0 0
outer loop
vertex 4.822367 10.072540 11.079371
vertex 4.801891 10.072540 11.079371
vertex 4.822367 10.093293 11.079371
endloop
endfacet
facet normal 0 0 0
outer loop
vertex 4.822367 10.093293 11.079371
vertex 4.801891 10.072540 11.079371
vertex 4.801891 10.093293 11.079371
endloop
endfacet
facet normal 0 0 0
outer loop
vertex 4.822367 10.093293 11.079371
vertex 4.842843 10.072540 11.079371
vertex 4.822367 10.072540 11.079371
endloop
endfacet
facet normal 0 0 0
outer loop
vertex 4.781415 10.093293 11.079371
vertex 4.760940 10.114047 11.079371
vertex 4.781415 10.114047 11.079371
endloop
endfacet
facet normal 0 0 0
outer loop
vertex 4.801891 10.093293 11.079371
vertex 4.781415 10.093293 11.079371
vertex 4.801891 10.114047 11.079371
endloop
endfacet
facet normal 0 0 0
outer loop
vertex 4.801891 10.114047 11.079371
vertex 4.781415 10.093293 11.079371
vertex 4.781415 10.114047 11.079371
endloop
endfacet
facet normal 0 0 0
outer loop
vertex 4.822367 10.093293 11.079371
vertex 4.801891 10.093293 11.079371
vertex 4.822367 10.114047 11.079371
endloop
endfacet
facet normal 0 0 0
outer loop
vertex 4.822367 10.114047 11.079371
vertex 4.801891 10.093293 11.079371
vertex 4.801891 10.114047 11.079371
endloop
endfacet
facet normal 0 0 0
outer loop
vertex 4.781415 10.114047 11.079371
vertex 4.760940 10.114047 11.079371
vertex 4.781415 10.134800 11.079371
endloop
endfacet
facet normal 0 0 0
outer loop
vertex 4.781415 10.134800 11.079371
vertex 4.760940 10.114047 11.079371
vertex 4.760940 10.134800 11.079371
endloop
endfacet
facet normal 0 0 0
outer loop
vertex 4.801891 10.114047 11.079371
vertex 4.781415 10.114047 11.079371
vertex 4.801891 10.134800 11.079371
endloop
endfacet
facet normal 0 0 0
outer loop
vertex 4.801891 10.134800 11.079371
vertex 4.781415 10.114047 11.079371
vertex 4.781415 10.134800 11.079371
endloop
endfacet
facet normal 0 0 0
outer loop
vertex 4.801891 10.134800 11.079371
vertex 4.822367 10.114047 11.079371
vertex 4.801891 10.114047 11.079371
endloop
endfacet
facet normal 0 0 0
outer loop
vertex 4.822367 9.823501 11.079371
vertex 4.842843 9.802747 11.079371
vertex 4.842843 9.823501 11.079371
endloop
endfacet
facet normal 0 0 0
outer loop
vertex 4.863318 9.802747 11.079371
vertex 4.863318 9.823501 11.079371
vertex 4.842843 9.802747 11.079371
endloop
endfacet
facet normal 0 0 0
outer loop
vertex 4.863318 9.823501 11.079371
vertex 4.842843 9.823501 11.079371
vertex 4.842843 9.802747 11.079371
endloop
endfacet
facet normal 0 0 0
outer loop
vertex 4.863318 9.802747 11.079371
vertex 4.883794 9.823501 11.079371
vertex 4.863318 9.823501 11.079371
endloop
endfacet
facet normal 0 0 0
outer loop
vertex 4.822367 9.823501 11.079371
vertex 4.822367 9.844254 11.079371
vertex 4.801891 9.823501 11.079371
endloop
endfacet
facet normal 0 0 0
outer loop
vertex 4.822367 9.844254 11.079371
vertex 4.801891 9.844254 11.079371
vertex 4.801891 9.823501 11.079371
endloop
endfacet
facet normal 0 0 0
outer loop
vertex 4.842843 9.823501 11.079371
vertex 4.842843 9.844254 11.079371
vertex 4.822367 9.823501 11.079371
endloop
endfacet
facet normal 0 0 0
outer loop
vertex 4.842843 9.844254 11.079371
vertex 4.822367 9.844254 11.079371
vertex 4.822367 9.823501 11.079371
endloop
endfacet
facet normal 0 0 0
outer loop
vertex 4.863318 9.823501 11.079371
vertex 4.863318 9.844254 11.079371
vertex 4.842843 9.823501 11.079371
endloop
endfacet
facet normal 0 0 0
outer loop
vertex 4.863318 9.844254 11.079371
vertex 4.842843 9.844254 11.079371
vertex 4.842843 9.823501 11.079371
endloop
endfacet
facet normal 0 0 0
outer loop
vertex 4.883794 9.823501 11.079371
vertex 4.883794 9.844254 11.079371
vertex 4.863318 9.823501 11.079371
endloop
endfacet
facet normal 0 0 0
outer loop
vertex 4.883794 9.844254 11.079371
vertex 4.863318 9.844254 11.079371
vertex 4.863318 9.823501 11.079371
endloop
endfacet
facet normal 0 0 0
outer loop
vertex 4.822367 9.844254 11.079371
vertex 4.822367 9.865006 11.079371
vertex 4.801891 9.844254 11.079371
endloop
endfacet
facet normal 0 0 0
outer loop
vertex 4.822367 9.865006 11.079371
vertex 4.801891 9.865006 11.079371
vertex 4.801891 9.844254 11.079371
endloop
endfacet
facet normal 0 0 0
outer loop
vertex 4.842843 9.844254 11.079371
vertex 4.842843 9.865006 11.079371
vertex 4.822367 9.844254 11.079371
endloop
endfacet
facet normal 0 0 0
outer loop
vertex 4.842843 9.865006 11.079371
vertex 4.822367 9.865006 11.079371
vertex 4.822367 9.844254 11.079371
endloop
endfacet
facet normal 0 0 0
outer loop
vertex 4.863318 9.844254 11.079371
vertex 4.863318 9.865006 11.079371
vertex 4.842843 9.844254 11.079371
endloop
endfacet
facet normal 0 0 0
outer loop
vertex 4.863318 9.865006 11.079371
vertex 4.842843 9.865006 11.079371
vertex 4.842843 9.844254 11.079371
endloop
endfacet
facet normal 0 0 0
outer loop
vertex 4.883794 9.844254 11.079371
vertex 4.883794 9.865006 11.079371
vertex 4.863318 9.844254 11.079371
endloop
endfacet
facet normal 0 0 0
outer loop
vertex 4.883794 9.865006 11.079371
vertex 4.863318 9.865006 11.079371
vertex 4.863318 9.844254 11.079371
endloop
endfacet
facet normal 0 0 0
outer loop
vertex 4.822367 9.865006 11.079371
vertex 4.822367 9.885760 11.079371
vertex 4.801891 9.865006 11.079371
endloop
endfacet
facet normal 0 0 0
outer loop
vertex 4.822367 9.885760 11.079371
vertex 4.801891 9.885760 11.079371
vertex 4.801891 9.865006 11.079371
endloop
endfacet
facet normal 0 0 0
outer loop
vertex 4.842843 9.865006 11.079371
vertex 4.842843 9.885760 11.079371
vertex 4.822367 9.865006 11.079371
endloop
endfacet
facet normal 0 0 0
outer loop
vertex 4.842843 9.885760 11.079371
vertex 4.822367 9.885760 11.079371
vertex 4.822367 9.865006 11.079371
endloop
endfacet
facet normal 0 0 0
outer loop
vertex 4.863318 9.865006 11.079371
vertex 4.863318 9.885760 11.079371
vertex 4.842843 9.865006 11.079371
endloop
endfacet
facet normal 0 0 0
outer loop
vertex 4.863318 9.885760 11.079371
vertex 4.842843 9.885760 11.079371
vertex 4.842843 9.865006 11.079371
endloop
endfacet
facet normal 0 0 0
outer loop
vertex 4.883794 9.865006 11.079371
vertex 4.883794 9.885760 11.079371
vertex 4.863318 9.865006 11.079371
endloop
endfacet
facet normal 0 0 0
outer loop
vertex 4.883794 9.885760 11.079371
vertex 4.863318 9.885760 11.079371
vertex 4.863318 9.865006 11.079371
endloop
endfacet
facet normal 0 0 0
outer loop
vertex 4.801891 9.885760 11.079371
vertex 4.801891 9.906513 11.099372
vertex 4.801891 9.906513 11.079371
endloop
endfacet
facet normal 0 0 0
outer loop
vertex 4.822367 9.885760 11.079371
vertex 4.801891 9.906513 11.099372
vertex 4.801891 9.885760 11.079371
endloop
endfacet
facet normal 0 0 0
outer loop
vertex 4.822367 9.906513 11.099372
vertex 4.801891 9.906513 11.099372
vertex 4.822367 9.885760 11.079371
endloop
endfacet
facet normal 0 0 0
outer loop
vertex 4.842843 9.885760 11.079371
vertex 4.822367 9.906513 11.099372
vertex 4.822367 9.885760 11.079371
endloop
endfacet
facet normal 0 0 0
outer loop
vertex 4.842843 9.906513 11.099372
vertex 4.822367 9.906513 11.099372
vertex 4.842843 9.885760 11.079371
endloop
endfacet
facet normal 0 0 0
outer loop
vertex 4.863318 9.885760 11.079371
vertex 4.842843 9.906513 11.099372
vertex 4.842843 9.885760 11.079371
endloop
endfacet
facet normal 0 0 0
outer loop
vertex 4.863318 9.906513 11.099372
vertex 4.842843 9.906513 11.099372
vertex 4.863318 9.885760 11.079371
endloop
endfacet
facet normal 0 0 0
outer loop
vertex 4.863318 9.906513 11.099372
vertex 4.863318 9.885760 11.079371
vertex 4.883794 9.906513 11.079371
endloop
endfacet
facet normal 0 0 0
outer loop
vertex 4.863318 9.885760 11.079371
vertex 4.883794 9.885760 11.079371
vertex 4.883794 9.906513 11.079371
endloop
endfacet
facet normal 0 0 0
outer loop
vertex 4.781415 9.927267 11.079371
vertex 4.801891 9.906513 11.079371
vertex 4.801891 9.927267 11.099372
endloop
endfacet
facet normal 0 0 0
outer loop
vertex 4.801891 9.906513 11.079371
vertex 4.801891 9.906513 11.099372
vertex 4.801891 9.927267 11.099372
endloop
endfacet
facet normal 0 0 0
outer loop
vertex 4.883794 9.927267 11.079371
vertex 4.863318 9.906513 11.099372
vertex 4.883794 9.906513 11.079371
endloop
endfacet
facet normal 0 0 0
outer loop
vertex 4.863318 9.927267 11.099372
vertex 4.863318 9.906513 11.099372
vertex 4.883794 9.927267 11.079371
endloop
endfacet
facet normal 0 0 0
outer loop
vertex 4.801891 9.948020 11.099372
vertex 4.781415 9.927267 11.079371
vertex 4.801891 9.927267 11.099372
endloop
endfacet
facet normal 0 0 0
outer loop
vertex 4.781415 9.948020 11.079371
vertex 4.781415 9.927267 11.079371
vertex 4.801891 9.948020 11.099372
endloop
endfacet
facet normal 0 0 0
outer loop
vertex 4.883794 9.927267 11.079371
vertex 4.863318 9.948020 11.079371
vertex 4.863318 9.927267 11.099372
endloop
endfacet
facet normal 0 0 0
outer loop
vertex 4.863318 9.948020 11.079371
vertex 4.863318 9.948020 11.099372
vertex 4.863318 9.927267 11.099372
endloop
endfacet
facet normal 0 0 0
outer loop
vertex 4.801891 9.968774 11.099372
vertex 4.781415 9.948020 11.079371
vertex 4.801891 9.948020 11.099372
endloop
endfacet
facet normal 0 0 0
outer loop
vertex 4.781415 9.968774 11.079371
vertex 4.781415 9.948020 11.079371
vertex 4.801891 9.968774 11.099372
endloop
endfacet
facet normal 0 0 0
outer loop
vertex 4.883794 9.968774 11.099372
vertex 4.863318 9.948020 11.099372
vertex 4.863318 9.968774 11.079371
endloop
endfacet
facet normal 0 0 0
outer loop
vertex 4.863318 9.948020 11.099372
vertex 4.863318 9.948020 11.079371
vertex 4.863318 9.968774 11.079371
endloop
endfacet
facet normal 0 0 0
outer loop
vertex 4.801891 9.989527 11.099372
vertex 4.781415 9.968774 11.079371
vertex 4.801891 9.968774 11.099372
endloop
endfacet
facet normal 0 0 0
outer loop
vertex 4.781415 9.989527 11.079371
vertex 4.781415 9.968774 11.079371
vertex 4.801891 9.989527 11.099372
endloop
endfacet
facet normal 0 0 0
outer loop
vertex 4.883794 9.968774 11.099372
vertex 4.863318 9.968774 11.079371
vertex 4.863318 9.989527 11.099372
endloop
endfacet
facet normal 0 0 0
outer loop
vertex 4.863318 9.968774 11.079371
vertex 4.863318 9.989527 11.079371
vertex 4.863318 9.989527 11.099372
endloop
endfacet
facet normal 0 0 0
outer loop
vertex 4.781415 9.989527 11.079371
vertex 4.781415 10.010280 11.099372
vertex 4.781415 10.010280 11.079371
endloop
endfacet
facet normal 0 0 0
outer loop
vertex 4.801891 9.989527 11.099372
vertex 4.781415 10.010280 11.099372
vertex 4.781415 9.989527 11.079371
endloop
endfacet
facet normal 0 0 0
outer loop
vertex 4.883794 10.010280 11.099372
vertex 4.863318 9.989527 11.099372
vertex 4.863318 10.010280 11.079371
endloop
endfacet
facet normal 0 0 0
outer loop
vertex 4.863318 9.989527 11.099372
vertex 4.863318 9.989527 11.079371
vertex 4.863318 10.010280 11.079371
endloop
endfacet
facet normal 0 0 0
outer loop
vertex 4.781415 10.010280 11.079371
vertex 4.781415 10.010280 11.099372
vertex 4.781415 10.031034 11.079371
endloop
endfacet
facet normal 0 0 0
outer loop
vertex 4.781415 10.010280 11.099372
vertex 4.781415 10.031034 11.099372
vertex 4.781415 10.031034 11.079371
endloop
endfacet
facet normal 0 0 0
outer loop
vertex 4.863318 10.010280 11.079371
vertex 4.842843 10.031034 11.079371
vertex 4.863318 10.031034 11.099372
endloop
endfacet
facet normal 0 0 0
outer loop
vertex 4.863318 10.010280 11.079371
vertex 4.863318 10.031034 11.099372
vertex 4.883794 10.010280 11.099372
endloop
endfacet
facet normal 0 0 0
outer loop
vertex 4.781415 10.031034 11.079371
vertex 4.781415 10.031034 11.099372
vertex 4.781415 10.051786 11.079371
endloop
endfacet
facet normal 0 0 0
outer loop
vertex 4.781415 10.031034 11.099372
vertex 4.781415 10.051786 11.099372
vertex 4.781415 10.051786 11.079371
endloop
endfacet
facet normal 0 0 0
outer loop
vertex 4.863318 10.031034 11.099372
vertex 4.842843 10.051786 11.079371
vertex 4.863318 10.051786 11.099372
endloop
endfacet
facet normal 0 0 0
outer loop
vertex 4.842843 10.031034 11.079371
vertex 4.842843 10.051786 11.079371
vertex 4.863318 10.031034 11.099372
endloop
endfacet
facet normal 0 0 0
outer loop
vertex 4.781415 10.051786 11.079371
vertex 4.781415 10.051786 11.099372
vertex 4.781415 10.072540 11.079371
endloop
endfacet
facet normal 0 0 0
outer loop
vertex 4.781415 10.051786 11.099372
vertex 4.781415 10.072540 11.099372
vertex 4.781415 10.072540 11.079371
endloop
endfacet
facet normal 0 0 0
outer loop
vertex 4.863318 10.051786 11.099372
vertex 4.842843 10.072540 11.079371
vertex 4.863318 10.072540 11.099372
endloop
endfacet
facet normal 0 0 0
outer loop
vertex 4.842843 10.051786 11.079371
vertex 4.842843 10.072540 11.079371
vertex 4.863318 10.051786 11.099372
endloop
endfacet
facet normal 0 0 0
outer loop
vertex 4.781415 10.072540 11.079371
vertex 4.781415 10.072540 11.099372
vertex 4.781415 10.093293 11.079371
endloop
endfacet
facet normal 0 0 0
outer loop
vertex 4.781415 10.072540 11.099372
vertex 4.781415 10.093293 11.099372
vertex 4.781415 10.093293 11.079371
endloop
endfacet
facet normal 0 0 0
outer loop
vertex 4.842843 10.072540 11.079371
vertex 4.822367 10.093293 11.079371
vertex 4.842843 10.093293 11.099372
endloop
endfacet
facet normal 0 0 0
outer loop
vertex 4.842843 10.072540 11.079371
vertex 4.842843 10.093293 11.099372
vertex 4.863318 10.072540 11.099372
endloop
endfacet
facet normal 0 0 0
outer loop
vertex 4.781415 10.093293 11.099372
vertex 4.760940 10.114047 11.079371
vertex 4.781415 10.093293 11.079371
endloop
endfacet
facet normal 0 0 0
outer loop
vertex 4.760940 10.114047 11.099372
vertex 4.760940 10.114047 11.079371
vertex 4.781415 10.093293 11.099372
endloop
endfacet
facet normal 0 0 0
outer loop
vertex 4.842843 10.093293 11.099372
vertex 4.822367 10.114047 11.079371
vertex 4.842843 10.114047 11.099372
endloop
endfacet
facet normal 0 0 0
outer loop
vertex 4.822367 10.093293 11.079371
vertex 4.822367 10.114047 11.079371
vertex 4.842843 10.093293 11.099372
endloop
endfacet
facet normal 0 0 0
outer loop
vertex 4.760940 10.114047 11.079371
vertex 4.760940 10.114047 11.099372
vertex 4.760940 10.134800 11.079371
endloop
endfacet
facet normal 0 0 0
outer loop
vertex 4.760940 10.114047 11.099372
vertex 4.760940 10.134800 11.099372
vertex 4.760940 10.134800 11.079371
endloop
endfacet
facet normal 0 0 0
outer loop
vertex 4.822367 10.114047 11.079371
vertex 4.801891 10.134800 11.079371
vertex 4.822367 10.134800 11.099372
endloop
endfacet
facet normal 0 0 0
outer loop
vertex 4.822367 10.114047 11.079371
vertex 4.822367 10.134800 11.099372
vertex 4.842843 10.114047 11.099372
endloop
endfacet
facet normal 0 0 0
outer loop
vertex 4.822367 10.134800 11.099372
vertex 4.842843 10.134800 11.099372
vertex 4.842843 10.114047 11.099372
endloop
endfacet
facet normal 0 0 0
outer loop
vertex 4.781415 10.155554 11.099372
vertex 4.781415 10.134800 11.079371
vertex 4.760940 10.134800 11.099372
endloop
endfacet
facet normal 0 0 0
outer loop
vertex 4.781415 10.134800 11.079371
vertex 4.760940 10.134800 11.079371
vertex 4.760940 10.134800 11.099372
endloop
endfacet
facet normal 0 0 0
outer loop
vertex 4.781415 10.134800 11.079371
vertex 4.801891 10.155554 11.099372
vertex 4.801891 10.134800 11.079371
endloop
endfacet
facet normal 0 0 0
outer loop
vertex 4.781415 10.155554 11.099372
vertex 4.801891 10.155554 11.099372
vertex 4.781415 10.134800 11.079371
endloop
endfacet
facet normal 0 0 0
outer loop
vertex 4.801891 10.134800 11.079371
vertex 4.801891 10.155554 11.099372
vertex 4.822367 10.134800 11.099372
endloop
endfacet
facet normal 0 0 0
outer loop
vertex 4.822367 9.906513 11.099372
vertex 4.822367 9.927267 11.099372
vertex 4.801891 9.906513 11.099372
endloop
endfacet
facet normal 0 0 0
outer loop
vertex 4.822367 9.927267 11.099372
vertex 4.801891 9.927267 11.099372
vertex 4.801891 9.906513 11.099372
endloop
endfacet
facet normal 0 0 0
outer loop
vertex 4.842843 9.906513 11.099372
vertex 4.842843 9.927267 11.099372
vertex 4.822367 9.906513 11.099372
endloop
endfacet
facet normal 0 0 0
outer loop
vertex 4.842843 9.927267 11.099372
vertex 4.822367 9.927267 11.099372
vertex 4.822367 9.906513 11.099372
endloop
endfacet
facet normal 0 0 0
outer loop
vertex 4.863318 9.906513 11.099372
vertex 4.863318 9.927267 11.099372
vertex 4.842843 9.906513 11.099372
endloop
endfacet
facet normal 0 0 0
outer loop
vertex 4.863318 9.927267 11.099372
vertex 4.842843 9.927267 11.099372
vertex 4.842843 9.906513 11.099372
endloop
endfacet
facet normal 0 0 0
outer loop
vertex 4.822367 9.927267 11.099372
vertex 4.822367 9.948020 11.099372
vertex 4.801891 9.927267 11.099372
endloop
endfacet
facet normal 0 0 0
outer loop
vertex 4.822367 9.948020 11.099372
vertex 4.801891 9.948020 11.099372
vertex 4.801891 9.927267 11.099372
endloop
endfacet
facet normal 0 0 0
outer loop
vertex 4.842843 9.927267 11.099372
vertex 4.842843 9.948020 11.099372
vertex 4.822367 9.927267 11.099372
endloop
endfacet
facet normal 0 0 0
outer loop
vertex 4.842843 9.948020 11.099372
vertex 4.822367 9.948020 11.099372
vertex 4.822367 9.927267 11.099372
endloop
endfacet
facet normal 0 0 0
outer loop
vertex 4.863318 9.927267 11.099372
vertex 4.863318 9.948020 11.099372
vertex 4.842843 9.927267 11.099372
endloop
endfacet
facet normal 0 0 0
outer loop
vertex 4.863318 9.948020 11.099372
vertex 4.842843 9.948020 11.099372
vertex 4.842843 9.927267 11.099372
endloop
endfacet
facet normal 0 0 0
outer loop
vertex 4.822367 9.948020 11.099372
vertex 4.822367 9.968774 11.099372
vertex 4.801891 9.948020 11.099372
endloop
endfacet
facet normal 0 0 0
outer loop
vertex 4.822367 9.968774 11.099372
vertex 4.801891 9.968774 11.099372
vertex 4.801891 9.948020 11.099372
endloop
endfacet
facet normal 0 0 0
outer loop
vertex 4.842843 9.948020 11.099372
vertex 4.842843 9.968774 11.099372
vertex 4.822367 9.948020 11.099372
endloop
endfacet
facet normal 0 0 0
outer loop
vertex 4.842843 9.968774 11.099372
vertex 4.822367 9.968774 11.099372
vertex 4.822367 9.948020 11.099372
endloop
endfacet
facet normal 0 0 0
outer loop
vertex 4.863318 9.948020 11.099372
vertex 4.863318 9.968774 11.099372
vertex 4.842843 9.948020 11.099372
endloop
endfacet
facet normal 0 0 0
outer loop
vertex 4.863318 9.968774 11.099372
vertex 4.842843 9.968774 11.099372
vertex 4.842843 9.948020 11.099372
endloop
endfacet
facet normal 0 0 0
outer loop
vertex 4.863318 9.948020 11.099372
vertex 4.883794 9.968774 11.099372
vertex 4.863318 9.968774 11.099372
endloop
endfacet
facet normal 0 0 0
outer loop
vertex 4.822367 9.968774 11.099372
vertex 4.822367 9.989527 11.099372
vertex 4.801891 9.968774 11.099372
endloop
endfacet
facet normal 0 0 0
outer loop
vertex 4.822367 9.989527 11.099372
vertex 4.801891 9.989527 11.099372
vertex 4.801891 9.968774 11.099372
endloop
endfacet
facet normal 0 0 0
outer loop
vertex 4.842843 9.989527 11.119371
vertex 4.822367 9.989527 11.099372
vertex 4.842843 9.968774 11.099372
endloop
endfacet
facet normal 0 0 0
outer loop
vertex 4.822367 9.989527 11.099372
vertex 4.822367 9.968774 11.099372
vertex 4.842843 9.968774 11.099372
endloop
endfacet
facet normal 0 0 0
outer loop
vertex 4.863318 9.968774 11.099372
vertex 4.842843 9.989527 11.119371
vertex 4.842843 9.968774 11.099372
endloop
endfacet
facet normal 0 0 0
outer loop
vertex 4.863318 9.989527 11.119371
vertex 4.842843 9.989527 11.119371
vertex 4.863318 9.968774 11.099372
endloop
endfacet
facet normal 0 0 0
outer loop
vertex 4.883794 9.968774 11.099372
vertex 4.863318 9.989527 11.099372
vertex 4.863318 9.989527 11.119371
endloop
endfacet
facet normal 0 0 0
outer loop
vertex 4.883794 9.968774 11.099372
vertex 4.863318 9.989527 11.119371
vertex 4.863318 9.968774 11.099372
endloop
endfacet
facet normal 0 0 0
outer loop
vertex 4.781415 10.010280 11.099372
vertex 4.801891 9.989527 11.099372
vertex 4.801891 10.010280 11.099372
endloop
endfacet
facet normal 0 0 0
outer loop
vertex 4.822367 10.010280 11.119371
vertex 4.801891 10.010280 11.099372
vertex 4.822367 9.989527 11.099372
endloop
endfacet
facet normal 0 0 0
outer loop
vertex 4.801891 10.010280 11.099372
vertex 4.801891 9.989527 11.099372
vertex 4.822367 9.989527 11.099372
endloop
endfacet
facet normal 0 0 0
outer loop
vertex 4.842843 9.989527 11.119371
vertex 4.822367 10.010280 11.119371
vertex 4.822367 9.989527 11.099372
endloop
endfacet
facet normal 0 0 0
outer loop
vertex 4.863318 9.989527 11.099372
vertex 4.883794 10.010280 11.119371
vertex 4.863318 9.989527 11.119371
endloop
endfacet
facet normal 0 0 0
outer loop
vertex 4.883794 10.010280 11.099372
vertex 4.883794 10.010280 11.119371
vertex 4.863318 9.989527 11.099372
endloop
endfacet
facet normal 0 0 0
outer loop
vertex 4.801891 10.010280 11.099372
vertex 4.801891 10.031034 11.099372
vertex 4.781415 10.010280 11.099372
endloop
endfacet
facet normal 0 0 0
outer loop
vertex 4.801891 10.031034 11.099372
vertex 4.781415 10.031034 11.099372
vertex 4.781415 10.010280 11.099372
endloop
endfacet
facet normal 0 0 0
outer loop
vertex 4.822367 10.031034 11.119371
vertex 4.801891 10.010280 11.099372
vertex 4.822367 10.010280 11.119371
endloop
endfacet
facet normal 0 0 0
outer loop
vertex 4.801891 10.031034 11.099372
vertex 4.801891 10.010280 11.099372
vertex 4.822367 10.031034 11.119371
endloop
endfacet
facet normal 0 0 0
outer loop
vertex 4.883794 10.010280 11.099372
vertex 4.863318 10.031034 11.099372
vertex 4.883794 10.031034 11.119371
endloop
endfacet
facet normal 0 0 0
outer loop
vertex 4.883794 10.010280 11.099372
vertex 4.883794 10.031034 11.119371
vertex 4.883794 10.010280 11.119371
endloop
endfacet
facet normal 0 0 0
outer loop
vertex 4.801891 10.031034 11.099372
vertex 4.801891 10.051786 11.099372
vertex 4.781415 10.031034 11.099372
endloop
endfacet
facet normal 0 0 0
outer loop
vertex 4.801891 10.051786 11.099372
vertex 4.781415 10.051786 11.099372
vertex 4.781415 10.031034 11.099372
endloop
endfacet
facet normal 0 0 0
outer loop
vertex 4.822367 10.051786 11.119371
vertex 4.801891 10.031034 11.099372
vertex 4.822367 10.031034 11.119371
endloop
endfacet
facet normal 0 0 0
outer loop
vertex 4.801891 10.051786 11.099372
vertex 4.801891 10.031034 11.099372
vertex 4.822367 10.051786 11.119371
endloop
endfacet
facet normal 0 0 0
outer loop
vertex 4.883794 10.031034 11.119371
vertex 4.863318 10.051786 11.099372
vertex 4.883794 10.051786 11.119371
endloop
endfacet
facet normal 0 0 0
outer loop
vertex 4.863318 10.031034 11.099372
vertex 4.863318 10.051786 11.099372
vertex 4.883794 10.031034 11.119371
endloop
endfacet
facet normal 0 0 0
outer loop
vertex 4.801891 10.051786 11.099372
vertex 4.801891 10.072540 11.099372
vertex 4.781415 10.051786 11.099372
endloop
endfacet
facet normal 0 0 0
outer loop
vertex 4.801891 10.072540 11.099372
vertex 4.781415 10.072540 11.099372
vertex 4.781415 10.051786 11.099372
endloop
endfacet
facet normal 0 0 0
outer loop
vertex 4.822367 10.072540 11.119371
vertex 4.801891 10.051786 11.099372
vertex 4.822367 10.051786 11.119371
endloop
endfacet
facet normal 0 0 0
outer loop
vertex 4.801891 10.072540 11.099372
vertex 4.801891 10.051786 11.099372
vertex 4.822367 10.072540 11.119371
endloop
endfacet
facet normal 0 0 0
outer loop
vertex 4.883794 10.051786 11.119371
vertex 4.863318 10.072540 11.099372
vertex 4.883794 10.072540 11.119371
endloop
endfacet
facet normal 0 0 0
outer loop
vertex 4.863318 10.051786 11.099372
vertex 4.863318 10.072540 11.099372
vertex 4.883794 10.051786 11.119371
endloop
endfacet
facet normal 0 0 0
outer loop
vertex 4.801891 10.093293 11.119371
vertex 4.781415 10.093293 11.099372
vertex 4.801891 10.072540 11.099372
endloop
endfacet
facet normal 0 0 0
outer loop
vertex 4.781415 10.093293 11.099372
vertex 4.781415 10.072540 11.099372
vertex 4.801891 10.072540 11.099372
endloop
endfacet
facet normal 0 0 0
outer loop
vertex 4.822367 10.072540 11.119371
vertex 4.801891 10.093293 11.119371
vertex 4.801891 10.072540 11.099372
endloop
endfacet
facet normal 0 0 0
outer loop
vertex 4.863318 10.072540 11.099372
vertex 4.842843 10.093293 11.099372
vertex 4.863318 10.093293 11.119371
endloop
endfacet
facet normal 0 0 0
outer loop
vertex 4.863318 10.072540 11.099372
vertex 4.863318 10.093293 11.119371
vertex 4.883794 10.072540 11.119371
endloop
endfacet
facet normal 0 0 0
outer loop
vertex 4.863318 10.093293 11.119371
vertex 4.883794 10.093293 11.119371
vertex 4.883794 10.072540 11.119371
endloop
endfacet
facet normal 0 0 0
outer loop
vertex 4.760940 10.114047 11.099372
vertex 4.781415 10.093293 11.099372
vertex 4.781415 10.114047 11.099372
endloop
endfacet
facet normal 0 0 0
outer loop
vertex 4.801891 10.114047 11.119371
vertex 4.781415 10.093293 11.099372
vertex 4.801891 10.093293 11.119371
endloop
endfacet
facet normal 0 0 0
outer loop
vertex 4.781415 10.114047 11.099372
vertex 4.781415 10.093293 11.099372
vertex 4.801891 10.114047 11.119371
endloop
endfacet
facet normal 0 0 0
outer loop
vertex 4.863318 10.093293 11.119371
vertex 4.842843 10.114047 11.099372
vertex 4.863318 10.114047 11.119371
endloop
endfacet
facet normal 0 0 0
outer loop
vertex 4.842843 10.093293 11.099372
vertex 4.842843 10.114047 11.099372
vertex 4.863318 10.093293 11.119371
endloop
endfacet
facet normal 0 0 0
outer loop
vertex 4.883794 10.093293 11.119371
vertex 4.863318 10.093293 11.119371
vertex 4.883794 10.114047 11.119371
endloop
endfacet
facet normal 0 0 0
outer loop
vertex 4.883794 10.114047 11.119371
vertex 4.863318 10.093293 11.119371
vertex 4.863318 10.114047 11.119371
endloop
endfacet
facet normal 0 0 0
outer loop
vertex 4.781415 10.114047 11.099372
vertex 4.781415 10.134800 11.099372
vertex 4.760940 10.114047 11.099372
endloop
endfacet
facet normal 0 0 0
outer loop
vertex 4.781415 10.134800 11.099372
vertex 4.760940 10.134800 11.099372
vertex 4.760940 10.114047 11.099372
endloop
endfacet
facet normal 0 0 0
outer loop
vertex 4.801891 10.134800 11.119371
vertex 4.781415 10.114047 11.099372
vertex 4.801891 10.114047 11.119371
endloop
endfacet
facet normal 0 0 0
outer loop
vertex 4.781415 10.134800 11.099372
vertex 4.781415 10.114047 11.099372
vertex 4.801891 10.134800 11.119371
endloop
endfacet
facet normal 0 0 0
outer loop
vertex 4.863318 10.114047 11.119371
vertex 4.842843 10.134800 11.099372
vertex 4.863318 10.134800 11.119371
endloop
endfacet
facet normal 0 0 0
outer loop
vertex 4.842843 10.114047 11.099372
vertex 4.842843 10.134800 11.099372
vertex 4.863318 10.114047 11.119371
endloop
endfacet
facet normal 0 0 0
outer loop
vertex 4.883794 10.114047 11.119371
vertex 4.863318 10.114047 11.119371
vertex 4.883794 10.134800 11.119371
endloop
endfacet
facet normal 0 0 0
outer loop
vertex 4.883794 10.134800 11.119371
vertex 4.863318 10.114047 11.119371
vertex 4.863318 10.134800 11.119371
endloop
endfacet
facet normal 0 0 0
outer loop
vertex 4.781415 10.155554 11.099372
vertex 4.760940 10.134800 11.099372
vertex 4.781415 10.134800 11.099372
endloop
endfacet
facet normal 0 0 0
outer loop
vertex 4.801891 10.134800 11.119371
vertex 4.801891 10.155554 11.099372
vertex 4.781415 10.134800 11.099372
endloop
endfacet
facet normal 0 0 0
outer loop
vertex 4.801891 10.155554 11.099372
vertex 4.781415 10.155554 11.099372
vertex 4.781415 10.134800 11.099372
endloop
endfacet
facet normal 0 0 0
outer loop
vertex 4.801891 10.155554 11.099372
vertex 4.801891 10.134800 11.119371
vertex 4.822367 10.134800 11.099372
endloop
endfacet
facet normal 0 0 0
outer loop
vertex 4.822367 10.155554 11.119371
vertex 4.822367 10.134800 11.099372
vertex 4.801891 10.134800 11.119371
endloop
endfacet
facet normal 0 0 0
outer loop
vertex 4.822367 10.134800 11.099372
vertex 4.842843 10.155554 11.119371
vertex 4.842843 10.134800 11.099372
endloop
endfacet
facet normal 0 0 0
outer loop
vertex 4.822367 10.155554 11.119371
vertex 4.842843 10.155554 11.119371
vertex 4.822367 10.134800 11.099372
endloop
endfacet
facet normal 0 0 0
outer loop
vertex 4.842843 10.134800 11.099372
vertex 4.842843 10.155554 11.119371
vertex 4.863318 10.134800 11.119371
endloop
endfacet
facet normal 0 0 0
outer loop
vertex 4.842843 10.155554 11.119371
vertex 4.863318 10.155554 11.119371
vertex 4.863318 10.134800 11.119371
endloop
endfacet
facet normal 0 0 0
outer loop
vertex 4.863318 10.155554 11.119371
vertex 4.883794 10.134800 11.119371
vertex 4.863318 10.134800 11.119371
endloop
endfacet
facet normal 0 0 0
outer loop
vertex 4.822367 10.176307 11.119371
vertex 4.842843 10.155554 11.119371
vertex 4.822367 10.155554 11.119371
endloop
endfacet
facet normal 0 0 0
outer loop
vertex 4.822367 10.010280 11.119371
vertex 4.842843 9.989527 11.119371
vertex 4.842843 10.010280 11.119371
endloop
endfacet
facet normal 0 0 0
outer loop
vertex 4.863318 9.989527 11.119371
vertex 4.863318 10.010280 11.119371
vertex 4.842843 9.989527 11.119371
endloop
endfacet
facet normal 0 0 0
outer loop
vertex 4.863318 10.010280 11.119371
vertex 4.842843 10.010280 11.119371
vertex 4.842843 9.989527 11.119371
endloop
endfacet
facet normal 0 0 0
outer loop
vertex 4.863318 9.989527 11.119371
vertex 4.883794 10.010280 11.119371
vertex 4.863318 10.010280 11.119371
endloop
endfacet
facet normal 0 0 0
outer loop
vertex 4.842843 10.010280 11.119371
vertex 4.842843 10.031034 11.119371
vertex 4.822367 10.010280 11.119371
endloop
endfacet
facet normal 0 0 0
outer loop
vertex 4.842843 10.031034 11.119371
vertex 4.822367 10.031034 11.119371
vertex 4.822367 10.010280 11.119371
endloop
endfacet
facet normal 0 0 0
outer loop
vertex 4.863318 10.010280 11.119371
vertex 4.863318 10.031034 11.119371
vertex 4.842843 10.010280 11.119371
endloop
endfacet
facet normal 0 0 0
outer loop
vertex 4.863318 10.031034 11.119371
vertex 4.842843 10.031034 11.119371
vertex 4.842843 10.010280 11.119371
endloop
endfacet
facet normal 0 0 0
outer loop
vertex 4.883794 10.010280 11.119371
vertex 4.883794 10.031034 11.119371
vertex 4.863318 10.010280 11.119371
endloop
endfacet
facet normal 0 0 0
outer loop
vertex 4.883794 10.031034 11.119371
vertex 4.863318 10.031034 11.119371
vertex 4.863318 10.010280 11.119371
endloop
endfacet
facet normal 0 0 0
outer loop
vertex 4.842843 10.031034 11.119371
vertex 4.842843 10.051786 11.119371
vertex 4.822367 10.031034 11.119371
endloop
endfacet
facet normal 0 0 0
outer loop
vertex 4.842843 10.051786 11.119371
vertex 4.822367 10.051786 11.119371
vertex 4.822367 10.031034 11.119371
endloop
endfacet
facet normal 0 0 0
outer loop
vertex 4.863318 10.031034 11.119371
vertex 4.863318 10.051786 11.119371
vertex 4.842843 10.031034 11.119371
endloop
endfacet
facet normal 0 0 0
outer loop
vertex 4.863318 10.051786 11.119371
vertex 4.842843 10.051786 11.119371
vertex 4.842843 10.031034 11.119371
endloop
endfacet
facet normal 0 0 0
outer loop
vertex 4.883794 10.031034 11.119371
vertex 4.883794 10.051786 11.119371
vertex 4.863318 10.031034 11.119371
endloop
endfacet
facet normal 0 0 0
outer loop
vertex 4.883794 10.051786 11.119371
vertex 4.863318 10.051786 11.119371
vertex 4.863318 10.031034 11.119371
endloop
endfacet
facet normal 0 0 0
outer loop
vertex 4.822367 10.051786 11.119371
vertex 4.822367 10.072540 11.139372
vertex 4.801891 10.072540 11.139372
endloop
endfacet
facet normal 0 0 0
outer loop
vertex 4.822367 10.051786 11.119371
vertex 4.801891 10.072540 11.139372
vertex 4.822367 10.072540 11.119371
endloop
endfacet
facet normal 0 0 0
outer loop
vertex 4.842843 10.051786 11.119371
vertex 4.822367 10.072540 11.139372
vertex 4.822367 10.051786 11.119371
endloop
endfacet
facet normal 0 0 0
outer loop
vertex 4.842843 10.072540 11.139372
vertex 4.822367 10.072540 11.139372
vertex 4.842843 10.051786 11.119371
endloop
endfacet
facet normal 0 0 0
outer loop
vertex 4.842843 10.072540 11.139372
vertex 4.842843 10.051786 11.119371
vertex 4.863318 10.072540 11.119371
endloop
endfacet
facet normal 0 0 0
outer loop
vertex 4.842843 10.051786 11.119371
vertex 4.863318 10.051786 11.119371
vertex 4.863318 10.072540 11.119371
endloop
endfacet
facet normal 0 0 0
outer loop
vertex 4.883794 10.051786 11.119371
vertex 4.883794 10.072540 11.119371
vertex 4.863318 10.051786 11.119371
endloop
endfacet
facet normal 0 0 0
outer loop
vertex 4.883794 10.072540 11.119371
vertex 4.863318 10.072540 11.119371
vertex 4.863318 10.051786 11.119371
endloop
endfacet
facet normal 0 0 0
outer loop
vertex 4.801891 10.093293 11.119371
vertex 4.801891 10.072540 11.139372
vertex 4.801891 10.093293 11.139372
endloop
endfacet
facet normal 0 0 0
outer loop
vertex 4.822367 10.072540 11.119371
vertex 4.801891 10.072540 11.139372
vertex 4.801891 10.093293 11.119371
endloop
endfacet
facet normal 0 0 0
outer loop
vertex 4.863318 10.072540 11.119371
vertex 4.863318 10.093293 11.139372
vertex 4.842843 10.072540 11.139372
endloop
endfacet
facet normal 0 0 0
outer loop
vertex 4.863318 10.093293 11.139372
vertex 4.863318 10.072540 11.119371
vertex 4.883794 10.093293 11.119371
endloop
endfacet
facet normal 0 0 0
outer loop
vertex 4.863318 10.072540 11.119371
vertex 4.883794 10.072540 11.119371
vertex 4.883794 10.093293 11.119371
endloop
endfacet
facet normal 0 0 0
outer loop
vertex 4.801891 10.093293 11.119371
vertex 4.801891 10.093293 11.139372
vertex 4.801891 10.114047 11.119371
endloop
endfacet
facet normal 0 0 0
outer loop
vertex 4.801891 10.093293 11.139372
vertex 4.801891 10.114047 11.139372
vertex 4.801891 10.114047 11.119371
endloop
endfacet
facet normal 0 0 0
outer loop
vertex 4.883794 10.114047 11.119371
vertex 4.863318 10.093293 11.139372
vertex 4.883794 10.093293 11.119371
endloop
endfacet
facet normal 0 0 0
outer loop
vertex 4.863318 10.114047 11.139372
vertex 4.863318 10.093293 11.139372
vertex 4.883794 10.114047 11.119371
endloop
endfacet
facet normal 0 0 0
outer loop
vertex 4.801891 10.114047 11.119371
vertex 4.801891 10.114047 11.139372
vertex 4.801891 10.134800 11.119371
endloop
endfacet
facet normal 0 0 0
outer loop
vertex 4.801891 10.114047 11.139372
vertex 4.801891 10.134800 11.139372
vertex 4.801891 10.134800 11.119371
endloop
endfacet
facet normal 0 0 0
outer loop
vertex 4.883794 10.134800 11.119371
vertex 4.863318 10.114047 11.139372
vertex 4.883794 10.114047 11.119371
endloop
endfacet
facet normal 0 0 0
outer loop
vertex 4.863318 10.134800 11.139372
vertex 4.863318 10.114047 11.139372
vertex 4.883794 10.134800 11.119371
endloop
endfacet
facet normal 0 0 0
outer loop
vertex 4.801891 10.155554 11.139372
vertex 4.801891 10.134800 11.119371
vertex 4.801891 10.134800 11.139372
endloop
endfacet
facet normal 0 0 0
outer loop
vertex 4.801891 10.134800 11.119371
vertex 4.801891 10.155554 11.139372
vertex 4.822367 10.155554 11.119371
endloop
endfacet
facet normal 0 0 0
outer loop
vertex 4.863318 10.155554 11.119371
vertex 4.842843 10.155554 11.139372
vertex 4.863318 10.134800 11.139372
endloop
endfacet
facet normal 0 0 0
outer loop
vertex 4.883794 10.134800 11.119371
vertex 4.863318 10.155554 11.119371
vertex 4.863318 10.134800 11.139372
endloop
endfacet
facet normal 0 0 0
outer loop
vertex 4.801891 10.155554 11.139372
vertex 4.822367 10.176307 11.139372
vertex 4.822367 10.155554 11.119371
endloop
endfacet
facet normal 0 0 0
outer loop
vertex 4.822367 10.176307 11.139372
vertex 4.822367 10.176307 11.119371
vertex 4.822367 10.155554 11.119371
endloop
endfacet
facet normal 0 0 0
outer loop
vertex 4.842843 10.155554 11.119371
vertex 4.822367 10.176307 11.139372
vertex 4.842843 10.155554 11.139372
endloop
endfacet
facet normal 0 0 0
outer loop
vertex 4.822367 10.176307 11.119371
vertex 4.822367 10.176307 11.139372
vertex 4.842843 10.155554 11.119371
endloop
endfacet
facet normal 0 0 0
outer loop
vertex 4.842843 10.155554 11.139372
vertex 4.863318 10.155554 11.119371
vertex 4.842843 10.155554 11.119371
endloop
endfacet
facet normal 0 0 0
outer loop
vertex 4.822367 10.072540 11.139372
vertex 4.822367 10.093293 11.139372
vertex 4.801891 10.072540 11.139372
endloop
endfacet
facet normal 0 0 0
outer loop
vertex 4.822367 10.093293 11.139372
vertex 4.801891 10.093293 11.139372
vertex 4.801891 10.072540 11.139372
endloop
endfacet
facet normal 0 0 0
outer loop
vertex 4.842843 10.072540 11.139372
vertex 4.842843 10.093293 11.139372
vertex 4.822367 10.072540 11.139372
endloop
endfacet
facet normal 0 0 0
outer loop
vertex 4.842843 10.093293 11.139372
vertex 4.822367 10.093293 11.139372
vertex 4.822367 10.072540 11.139372
endloop
endfacet
facet normal 0 0 0
outer loop
vertex 4.842843 10.072540 11.139372
vertex 4.863318 10.093293 11.139372
vertex 4.842843 10.093293 11.139372
endloop
endfacet
facet normal 0 0 0
outer loop
vertex 4.822367 10.093293 11.139372
vertex 4.822367 10.114047 11.139372
vertex 4.801891 10.093293 11.139372
endloop
endfacet
facet normal 0 0 0
outer loop
vertex 4.822367 10.114047 11.139372
vertex 4.801891 10.114047 11.139372
vertex 4.801891 10.093293 11.139372
endloop
endfacet
facet normal 0 0 0
outer loop
vertex 4.842843 10.093293 11.139372
vertex 4.842843 10.114047 11.139372
vertex 4.822367 10.093293 11.139372
endloop
endfacet
facet normal 0 0 0
outer loop
vertex 4.842843 10.114047 11.139372
vertex 4.822367 10.114047 11.139372
vertex 4.822367 10.093293 11.139372
endloop
endfacet
facet normal 0 0 0
outer loop
vertex 4.863318 10.093293 11.139372
vertex 4.863318 10.114047 11.139372
vertex 4.842843 10.093293 11.139372
endloop
endfacet
facet normal 0 0 0
outer loop
vertex 4.863318 10.114047 11.139372
vertex 4.842843 10.114047 11.139372
vertex 4.842843 10.093293 11.139372
endloop
endfacet
facet normal 0 0 0
outer loop
vertex 4.822367 10.114047 11.139372
vertex 4.822367 10.134800 11.139372
vertex 4.801891 10.114047 11.139372
endloop
endfacet
facet normal 0 0 0
outer loop
vertex 4.822367 10.134800 11.139372
vertex 4.801891 10.134800 11.139372
vertex 4.801891 10.114047 11.139372
endloop
endfacet
facet normal 0 0 0
outer loop
vertex 4.842843 10.114047 11.139372
vertex 4.842843 10.134800 11.139372
vertex 4.822367 10.114047 11.139372
endloop
endfacet
facet normal 0 0 0
outer loop
vertex 4.842843 10.134800 11.139372
vertex 4.822367 10.134800 11.139372
vertex 4.822367 10.114047 11.139372
endloop
endfacet
facet normal 0 0 0
outer loop
vertex 4.863318 10.114047 11.139372
vertex 4.863318 10.134800 11.139372
vertex 4.842843 10.114047 11.139372
endloop
endfacet
facet normal 0 0 0
outer loop
vertex 4.863318 10.134800 11.139372
vertex 4.842843 10.134800 11.139372
vertex 4.842843 10.114047 11.139372
endloop
endfacet
facet normal 0 0 0
outer loop
vertex 4.822367 10.134800 11.139372
vertex 4.822367 10.155554 11.139372
vertex 4.801891 10.134800 11.139372
endloop
endfacet
facet normal 0 0 0
outer loop
vertex 4.822367 10.155554 11.139372
vertex 4.801891 10.155554 11.139372
vertex 4.801891 10.134800 11.139372
endloop
endfacet
facet normal 0 0 0
outer loop
vertex 4.842843 10.134800 11.139372
vertex 4.842843 10.155554 11.139372
vertex 4.822367 10.134800 11.139372
endloop
endfacet
facet normal 0 0 0
outer loop
vertex 4.842843 10.155554 11.139372
vertex 4.822367 10.155554 11.139372
vertex 4.822367 10.134800 11.139372
endloop
endfacet
facet normal 0 0 0
outer loop
vertex 4.863318 10.134800 11.139372
vertex 4.842843 10.155554 11.139372
vertex 4.842843 10.134800 11.139372
endloop
endfacet
facet normal 0 0 0
outer loop
vertex 4.822367 10.176307 11.139372
vertex 4.801891 10.155554 11.139372
vertex 4.822367 10.155554 11.139372
endloop
endfacet
facet normal 0 0 0
outer loop
vertex 4.842843 10.155554 11.139372
vertex 4.822367 10.176307 11.139372
vertex 4.822367 10.155554 11.139372
endloop
endfacet
endsolid B-16-Plag.258
