solid "OPX080-R"
  facet normal 0 -1 -0
    outer loop
      vertex 4.51784276962 4.04083776474 5.91604804993
      vertex 4.50367498398 4.05519676208 5.91604804993
      vertex 4.51784276962 4.05519676208 5.91604804993
    endloop
  endfacet
  facet normal 0 1 0
    outer loop
      vertex 4.5320110321 4.06955718994 5.95604801178
      vertex 4.51784276962 4.08391714096 5.95604801178
      vertex 4.51784276962 4.06955718994 5.95604801178
    endloop
  endfacet
  facet normal 0 1 0
    outer loop
      vertex 4.51784276962 4.08391714096 5.95604801178
      vertex 4.50367498398 4.08391714096 5.95604801178
      vertex 4.50367498398 4.06955718994 5.95604801178
    endloop
  endfacet
  facet normal 0 1 0
    outer loop
      vertex 4.51784276962 4.06955718994 5.95604801178
      vertex 4.51784276962 4.08391714096 5.95604801178
      vertex 4.50367498398 4.06955718994 5.95604801178
    endloop
  endfacet
  facet normal 0 1 0
    outer loop
      vertex 4.50367498398 4.08391714096 5.95604801178
      vertex 4.48950815201 4.08391714096 5.95604801178
      vertex 4.48950815201 4.06955718994 5.95604801178
    endloop
  endfacet
  facet normal 0 1 0
    outer loop
      vertex 4.50367498398 4.06955718994 5.95604801178
      vertex 4.50367498398 4.08391714096 5.95604801178
      vertex 4.48950815201 4.06955718994 5.95604801178
    endloop
  endfacet
  facet normal 0 1 -0
    outer loop
      vertex 4.48950815201 4.08391714096 5.95604801178
      vertex 4.47533893585 4.06955718994 5.95604801178
      vertex 4.48950815201 4.06955718994 5.95604801178
    endloop
  endfacet
  facet normal 0 1 0
    outer loop
      vertex 4.57451295853 4.04083776474 5.95604801178
      vertex 4.56034612656 4.05519676208 5.95604801178
      vertex 4.56034612656 4.04083776474 5.95604801178
    endloop
  endfacet
  facet normal 0 1 0
    outer loop
      vertex 4.56034612656 4.04083776474 5.95604801178
      vertex 4.56034612656 4.05519676208 5.95604801178
      vertex 4.54617786407 4.05519676208 5.95604801178
    endloop
  endfacet
  facet normal 0 1 0
    outer loop
      vertex 4.54617786407 4.08391714096 5.93604803085
      vertex 4.5320110321 4.09827613831 5.93604803085
      vertex 4.5320110321 4.08391714096 5.93604803085
    endloop
  endfacet
  facet normal 0 1 0
    outer loop
      vertex 4.5320110321 4.08391714096 5.93604803085
      vertex 4.5320110321 4.09827613831 5.93604803085
      vertex 4.51784276962 4.09827613831 5.93604803085
    endloop
  endfacet
  facet normal 0.635582864285 0.450255662203 -0.627139747143
    outer loop
      vertex 4.51784276962 4.08391714096 5.95604801178
      vertex 4.5320110321 4.08391714096 5.93604803085
      vertex 4.51784276962 4.09827613831 5.93604803085
    endloop
  endfacet
  facet normal 0 0.583208024502 -0.812322854996
    outer loop
      vertex 4.50367498398 4.08391714096 5.95604801178
      vertex 4.51784276962 4.08391714096 5.95604801178
      vertex 4.50367498398 4.09827613831 5.93604803085
    endloop
  endfacet
  facet normal 0 0.583208024502 -0.812322854996
    outer loop
      vertex 4.50367498398 4.09827613831 5.93604803085
      vertex 4.51784276962 4.08391714096 5.95604801178
      vertex 4.51784276962 4.09827613831 5.93604803085
    endloop
  endfacet
  facet normal 0 0.583208024502 -0.812322854996
    outer loop
      vertex 4.48950815201 4.08391714096 5.95604801178
      vertex 4.50367498398 4.08391714096 5.95604801178
      vertex 4.48950815201 4.09827613831 5.93604803085
    endloop
  endfacet
  facet normal 0 0.583208024502 -0.812322854996
    outer loop
      vertex 4.48950815201 4.09827613831 5.93604803085
      vertex 4.50367498398 4.08391714096 5.95604801178
      vertex 4.50367498398 4.09827613831 5.93604803085
    endloop
  endfacet
  facet normal 0 1 0
    outer loop
      vertex 4.48950815201 4.09827613831 5.93604803085
      vertex 4.47533893585 4.09827613831 5.93604803085
      vertex 4.47533893585 4.08391714096 5.93604803085
    endloop
  endfacet
  facet normal -0.635557413101 0.450267881155 -0.627156794071
    outer loop
      vertex 4.48950815201 4.08391714096 5.95604801178
      vertex 4.48950815201 4.09827613831 5.93604803085
      vertex 4.47533893585 4.08391714096 5.93604803085
    endloop
  endfacet
  facet normal 0 1 0
    outer loop
      vertex 4.56034612656 4.06955718994 5.93604803085
      vertex 4.54617786407 4.08391714096 5.93604803085
      vertex 4.54617786407 4.06955718994 5.93604803085
    endloop
  endfacet
  facet normal 0 1 0
    outer loop
      vertex 4.54617786407 4.06955718994 5.93604803085
      vertex 4.54617786407 4.08391714096 5.93604803085
      vertex 4.5320110321 4.08391714096 5.93604803085
    endloop
  endfacet
  facet normal 0.635637283325 0.450248777866 -0.627089560032
    outer loop
      vertex 4.5320110321 4.06955718994 5.95604801178
      vertex 4.54617786407 4.06955718994 5.93604803085
      vertex 4.5320110321 4.08391714096 5.93604803085
    endloop
  endfacet
  facet normal 0.635599017143 0.450267136097 -0.627115130424
    outer loop
      vertex 4.5320110321 4.08391714096 5.93604803085
      vertex 4.51784276962 4.08391714096 5.95604801178
      vertex 4.5320110321 4.06955718994 5.95604801178
    endloop
  endfacet
  facet normal -0.63557356596 0.450279355049 -0.627132177353
    outer loop
      vertex 4.47533893585 4.06955718994 5.95604801178
      vertex 4.48950815201 4.08391714096 5.95604801178
      vertex 4.47533893585 4.08391714096 5.93604803085
    endloop
  endfacet
  facet normal 0 0.583232939243 -0.812304973602
    outer loop
      vertex 4.46117210388 4.06955718994 5.95604801178
      vertex 4.47533893585 4.06955718994 5.95604801178
      vertex 4.47533893585 4.08391714096 5.93604803085
    endloop
  endfacet
  facet normal -0.816021084785 -0.578022122383 1.09809318195e-16
    outer loop
      vertex 4.46117210388 4.06955718994 5.95604801178
      vertex 4.47533893585 4.08391714096 5.93604803085
      vertex 4.47533893585 4.06955718994 5.93604803085
    endloop
  endfacet
  facet normal 0 1 0
    outer loop
      vertex 4.57451295853 4.05519676208 5.93604803085
      vertex 4.57451295853 4.06955718994 5.93604803085
      vertex 4.56034612656 4.06955718994 5.93604803085
    endloop
  endfacet
  facet normal 0.635645925999 0.450254917145 -0.627076327801
    outer loop
      vertex 4.56034612656 4.05519676208 5.95604801178
      vertex 4.57451295853 4.05519676208 5.93604803085
      vertex 4.56034612656 4.06955718994 5.93604803085
    endloop
  endfacet
  facet normal 0 -1 -0
    outer loop
      vertex 4.51784276962 3.99775791168 5.93604803085
      vertex 4.50367498398 4.0121178627 5.93604803085
      vertex 4.51784276962 4.0121178627 5.93604803085
    endloop
  endfacet
  facet normal -0 -1 -0
    outer loop
      vertex 4.5320110321 3.99775791168 5.93604803085
      vertex 4.51784276962 3.99775791168 5.93604803085
      vertex 4.5320110321 4.0121178627 5.93604803085
    endloop
  endfacet
  facet normal 0 -1 0
    outer loop
      vertex 4.5320110321 4.0121178627 5.93604803085
      vertex 4.51784276962 3.99775791168 5.93604803085
      vertex 4.51784276962 4.0121178627 5.93604803085
    endloop
  endfacet
  facet normal -0 -1 -0
    outer loop
      vertex 4.54617786407 3.99775791168 5.93604803085
      vertex 4.5320110321 3.99775791168 5.93604803085
      vertex 4.54617786407 4.0121178627 5.93604803085
    endloop
  endfacet
  facet normal 0 -1 0
    outer loop
      vertex 4.54617786407 4.0121178627 5.93604803085
      vertex 4.5320110321 3.99775791168 5.93604803085
      vertex 4.5320110321 4.0121178627 5.93604803085
    endloop
  endfacet
  facet normal -0 -1 -0
    outer loop
      vertex 4.56034612656 3.99775791168 5.93604803085
      vertex 4.54617786407 3.99775791168 5.93604803085
      vertex 4.56034612656 4.0121178627 5.93604803085
    endloop
  endfacet
  facet normal 0 -1 0
    outer loop
      vertex 4.56034612656 4.0121178627 5.93604803085
      vertex 4.54617786407 3.99775791168 5.93604803085
      vertex 4.54617786407 4.0121178627 5.93604803085
    endloop
  endfacet
  facet normal -0 -1 -0
    outer loop
      vertex 4.57451295853 3.99775791168 5.93604803085
      vertex 4.56034612656 3.99775791168 5.93604803085
      vertex 4.57451295853 4.0121178627 5.93604803085
    endloop
  endfacet
  facet normal 0 -1 0
    outer loop
      vertex 4.57451295853 4.0121178627 5.93604803085
      vertex 4.56034612656 3.99775791168 5.93604803085
      vertex 4.56034612656 4.0121178627 5.93604803085
    endloop
  endfacet
  facet normal -0 -1 -0
    outer loop
      vertex 4.58868122101 3.99775791168 5.93604803085
      vertex 4.57451295853 3.99775791168 5.93604803085
      vertex 4.58868122101 4.0121178627 5.93604803085
    endloop
  endfacet
  facet normal 0 -1 0
    outer loop
      vertex 4.58868122101 4.0121178627 5.93604803085
      vertex 4.57451295853 3.99775791168 5.93604803085
      vertex 4.57451295853 4.0121178627 5.93604803085
    endloop
  endfacet
  facet normal 0 -1 0
    outer loop
      vertex 4.60284900665 4.0121178627 5.93604803085
      vertex 4.58868122101 3.99775791168 5.93604803085
      vertex 4.58868122101 4.0121178627 5.93604803085
    endloop
  endfacet
  facet normal 0 -1 -0
    outer loop
      vertex 4.50367498398 4.0121178627 5.93604803085
      vertex 4.48950815201 4.02647781372 5.93604803085
      vertex 4.50367498398 4.02647781372 5.93604803085
    endloop
  endfacet
  facet normal -0 -1 -0
    outer loop
      vertex 4.51784276962 4.0121178627 5.93604803085
      vertex 4.50367498398 4.0121178627 5.93604803085
      vertex 4.51784276962 4.02647781372 5.93604803085
    endloop
  endfacet
  facet normal 0 -1 0
    outer loop
      vertex 4.51784276962 4.02647781372 5.93604803085
      vertex 4.50367498398 4.0121178627 5.93604803085
      vertex 4.50367498398 4.02647781372 5.93604803085
    endloop
  endfacet
  facet normal -0 -1 -0
    outer loop
      vertex 4.5320110321 4.0121178627 5.93604803085
      vertex 4.51784276962 4.0121178627 5.93604803085
      vertex 4.5320110321 4.02647781372 5.93604803085
    endloop
  endfacet
  facet normal 0 -1 0
    outer loop
      vertex 4.5320110321 4.02647781372 5.93604803085
      vertex 4.51784276962 4.0121178627 5.93604803085
      vertex 4.51784276962 4.02647781372 5.93604803085
    endloop
  endfacet
  facet normal -0 -1 -0
    outer loop
      vertex 4.54617786407 4.0121178627 5.93604803085
      vertex 4.5320110321 4.0121178627 5.93604803085
      vertex 4.54617786407 4.02647781372 5.93604803085
    endloop
  endfacet
  facet normal 0 -1 0
    outer loop
      vertex 4.54617786407 4.02647781372 5.93604803085
      vertex 4.5320110321 4.0121178627 5.93604803085
      vertex 4.5320110321 4.02647781372 5.93604803085
    endloop
  endfacet
  facet normal -0 -1 -0
    outer loop
      vertex 4.56034612656 4.0121178627 5.93604803085
      vertex 4.54617786407 4.0121178627 5.93604803085
      vertex 4.56034612656 4.02647781372 5.93604803085
    endloop
  endfacet
  facet normal 0 -1 0
    outer loop
      vertex 4.56034612656 4.02647781372 5.93604803085
      vertex 4.54617786407 4.0121178627 5.93604803085
      vertex 4.54617786407 4.02647781372 5.93604803085
    endloop
  endfacet
  facet normal -0 -1 -0
    outer loop
      vertex 4.57451295853 4.0121178627 5.93604803085
      vertex 4.56034612656 4.0121178627 5.93604803085
      vertex 4.57451295853 4.02647781372 5.93604803085
    endloop
  endfacet
  facet normal 0 -1 0
    outer loop
      vertex 4.57451295853 4.02647781372 5.93604803085
      vertex 4.56034612656 4.0121178627 5.93604803085
      vertex 4.56034612656 4.02647781372 5.93604803085
    endloop
  endfacet
  facet normal -0 -1 -0
    outer loop
      vertex 4.58868122101 4.0121178627 5.93604803085
      vertex 4.57451295853 4.0121178627 5.93604803085
      vertex 4.58868122101 4.02647781372 5.93604803085
    endloop
  endfacet
  facet normal 0 -1 0
    outer loop
      vertex 4.58868122101 4.02647781372 5.93604803085
      vertex 4.57451295853 4.0121178627 5.93604803085
      vertex 4.57451295853 4.02647781372 5.93604803085
    endloop
  endfacet
  facet normal 0 -1 0
    outer loop
      vertex 4.58868122101 4.02647781372 5.93604803085
      vertex 4.60284900665 4.0121178627 5.93604803085
      vertex 4.58868122101 4.0121178627 5.93604803085
    endloop
  endfacet
  facet normal -0 -1 -0
    outer loop
      vertex 4.50367498398 4.02647781372 5.93604803085
      vertex 4.48950815201 4.02647781372 5.93604803085
      vertex 4.50367498398 4.04083776474 5.93604803085
    endloop
  endfacet
  facet normal 0 -1 0
    outer loop
      vertex 4.50367498398 4.04083776474 5.93604803085
      vertex 4.48950815201 4.02647781372 5.93604803085
      vertex 4.48950815201 4.04083776474 5.93604803085
    endloop
  endfacet
  facet normal -0.63561218977 -0.450261265039 0.627106010914
    outer loop
      vertex 4.51784276962 4.04083776474 5.91604804993
      vertex 4.51784276962 4.02647781372 5.93604803085
      vertex 4.50367498398 4.04083776474 5.93604803085
    endloop
  endfacet
  facet normal -0 -1 0
    outer loop
      vertex 4.51784276962 4.02647781372 5.93604803085
      vertex 4.50367498398 4.02647781372 5.93604803085
      vertex 4.50367498398 4.04083776474 5.93604803085
    endloop
  endfacet
  facet normal 0 -0.58323353529 0.812304496765
    outer loop
      vertex 4.5320110321 4.04083776474 5.91604804993
      vertex 4.51784276962 4.02647781372 5.93604803085
      vertex 4.51784276962 4.04083776474 5.91604804993
    endloop
  endfacet
  facet normal 0 -0.58323353529 0.812304496765
    outer loop
      vertex 4.5320110321 4.02647781372 5.93604803085
      vertex 4.51784276962 4.02647781372 5.93604803085
      vertex 4.5320110321 4.04083776474 5.91604804993
    endloop
  endfacet
  facet normal 0.635637640953 -0.450249046087 0.627088963985
    outer loop
      vertex 4.5320110321 4.04083776474 5.91604804993
      vertex 4.54617786407 4.04083776474 5.93604803085
      vertex 4.5320110321 4.02647781372 5.93604803085
    endloop
  endfacet
  facet normal 0 -1 0
    outer loop
      vertex 4.54617786407 4.04083776474 5.93604803085
      vertex 4.54617786407 4.02647781372 5.93604803085
      vertex 4.5320110321 4.02647781372 5.93604803085
    endloop
  endfacet
  facet normal -0 -1 -0
    outer loop
      vertex 4.56034612656 4.02647781372 5.93604803085
      vertex 4.54617786407 4.02647781372 5.93604803085
      vertex 4.56034612656 4.04083776474 5.93604803085
    endloop
  endfacet
  facet normal 0 -1 0
    outer loop
      vertex 4.56034612656 4.04083776474 5.93604803085
      vertex 4.54617786407 4.02647781372 5.93604803085
      vertex 4.54617786407 4.04083776474 5.93604803085
    endloop
  endfacet
  facet normal -0 -1 -0
    outer loop
      vertex 4.57451295853 4.02647781372 5.93604803085
      vertex 4.56034612656 4.02647781372 5.93604803085
      vertex 4.57451295853 4.04083776474 5.93604803085
    endloop
  endfacet
  facet normal 0 -1 0
    outer loop
      vertex 4.57451295853 4.04083776474 5.93604803085
      vertex 4.56034612656 4.02647781372 5.93604803085
      vertex 4.56034612656 4.04083776474 5.93604803085
    endloop
  endfacet
  facet normal -0 -1 -0
    outer loop
      vertex 4.58868122101 4.02647781372 5.93604803085
      vertex 4.57451295853 4.02647781372 5.93604803085
      vertex 4.58868122101 4.04083776474 5.93604803085
    endloop
  endfacet
  facet normal 0 -1 0
    outer loop
      vertex 4.58868122101 4.04083776474 5.93604803085
      vertex 4.57451295853 4.02647781372 5.93604803085
      vertex 4.57451295853 4.04083776474 5.93604803085
    endloop
  endfacet
  facet normal -0.635620713234 -0.450237005949 0.627114772797
    outer loop
      vertex 4.50367498398 4.05519676208 5.91604804993
      vertex 4.50367498398 4.04083776474 5.93604803085
      vertex 4.48950815201 4.05519676208 5.93604803085
    endloop
  endfacet
  facet normal -0 -1 0
    outer loop
      vertex 4.50367498398 4.04083776474 5.93604803085
      vertex 4.48950815201 4.04083776474 5.93604803085
      vertex 4.48950815201 4.05519676208 5.93604803085
    endloop
  endfacet
  facet normal -0.635595202446 -0.450249254704 0.627131819725
    outer loop
      vertex 4.51784276962 4.04083776474 5.91604804993
      vertex 4.50367498398 4.04083776474 5.93604803085
      vertex 4.50367498398 4.05519676208 5.91604804993
    endloop
  endfacet
  facet normal 0 0.583246350288 -0.81229531765
    outer loop
      vertex 4.54617786407 4.05519676208 5.95604801178
      vertex 4.56034612656 4.05519676208 5.95604801178
      vertex 4.54617786407 4.06955718994 5.93604803085
    endloop
  endfacet
  facet normal 0 0.583246350288 -0.81229531765
    outer loop
      vertex 4.54617786407 4.06955718994 5.93604803085
      vertex 4.56034612656 4.05519676208 5.95604801178
      vertex 4.56034612656 4.06955718994 5.93604803085
    endloop
  endfacet
  facet normal 0.635645925999 0.450254917145 -0.627076327801
    outer loop
      vertex 4.54617786407 4.06955718994 5.93604803085
      vertex 4.5320110321 4.06955718994 5.95604801178
      vertex 4.54617786407 4.05519676208 5.95604801178
    endloop
  endfacet
  facet normal 0.635582447052 0.45025536418 -0.627140343189
    outer loop
      vertex 4.58868122101 4.04083776474 5.93604803085
      vertex 4.57451295853 4.05519676208 5.93604803085
      vertex 4.57451295853 4.04083776474 5.95604801178
    endloop
  endfacet
  facet normal 0.635620653629 0.450237005949 -0.627114832401
    outer loop
      vertex 4.57451295853 4.05519676208 5.93604803085
      vertex 4.56034612656 4.05519676208 5.95604801178
      vertex 4.57451295853 4.04083776474 5.95604801178
    endloop
  endfacet
  facet normal -0.635557413101 -0.450267881155 0.627156794071
    outer loop
      vertex 4.48950815201 4.08391714096 5.91604804993
      vertex 4.47533893585 4.08391714096 5.93604803085
      vertex 4.47533893585 4.09827613831 5.91604804993
    endloop
  endfacet
  facet normal 0 -1 -0
    outer loop
      vertex 4.48950815201 4.05519676208 5.93604803085
      vertex 4.47533893585 4.06955718994 5.93604803085
      vertex 4.48950815201 4.06955718994 5.93604803085
    endloop
  endfacet
  facet normal -0.816021025181 -0.578022181988 -0
    outer loop
      vertex 4.50367498398 4.05519676208 5.91604804993
      vertex 4.48950815201 4.06955718994 5.93604803085
      vertex 4.50367498398 4.06955718994 5.91604804993
    endloop
  endfacet
  facet normal -0.816021025181 -0.578022181988 -0
    outer loop
      vertex 4.48950815201 4.05519676208 5.93604803085
      vertex 4.48950815201 4.06955718994 5.93604803085
      vertex 4.50367498398 4.05519676208 5.91604804993
    endloop
  endfacet
  facet normal -1 0 0
    outer loop
      vertex 4.47533893585 4.09827613831 5.91604804993
      vertex 4.47533893585 4.08391714096 5.93604803085
      vertex 4.47533893585 4.09827613831 5.93604803085
    endloop
  endfacet
  facet normal -0.635637283325 -0.450248748064 0.627089560032
    outer loop
      vertex 4.50367498398 4.06955718994 5.91604804993
      vertex 4.48950815201 4.06955718994 5.93604803085
      vertex 4.48950815201 4.08391714096 5.91604804993
    endloop
  endfacet
  facet normal -0 -1 0
    outer loop
      vertex 4.48950815201 4.06955718994 5.93604803085
      vertex 4.47533893585 4.06955718994 5.93604803085
      vertex 4.47533893585 4.08391714096 5.93604803085
    endloop
  endfacet
  facet normal -0.63557356596 -0.450279355049 0.627132177353
    outer loop
      vertex 4.48950815201 4.08391714096 5.91604804993
      vertex 4.48950815201 4.06955718994 5.93604803085
      vertex 4.47533893585 4.08391714096 5.93604803085
    endloop
  endfacet
  facet normal 1 0 0
    outer loop
      vertex 4.57451295853 4.05519676208 5.93604803085
      vertex 4.57451295853 4.06955718994 5.91604804993
      vertex 4.57451295853 4.06955718994 5.93604803085
    endloop
  endfacet
  facet normal 0.602387368679 -0.0789851471782 -0.794286370277
    outer loop
      vertex 4.54550600052 4.08335399628 5.92526102066
      vertex 4.53692483902 4.08978319168 5.92446899414
      vertex 4.54617786407 4.08391714096 5.93604803085
    endloop
  endfacet
  facet normal -0 -0.0247691050172 -0.999693214893
    outer loop
      vertex 4.51784276962 4.09827613831 5.93604803085
      vertex 4.51078176498 4.09802722931 5.9260020256
      vertex 4.50367498398 4.09827613831 5.93604803085
    endloop
  endfacet
  facet normal 0.00296900677495 0.00194779643789 -0.999993681908
    outer loop
      vertex 4.48535490036 4.09826898575 5.9260468483
      vertex 4.49708509445 4.09823417664 5.92604112625
      vertex 4.48950815201 4.09827613831 5.91604804993
    endloop
  endfacet
  facet normal 0 0.00419894466177 -0.999991178513
    outer loop
      vertex 4.48950815201 4.09827613831 5.91604804993
      vertex 4.49708509445 4.09823417664 5.92604112625
      vertex 4.50367498398 4.09827613831 5.91604804993
    endloop
  endfacet
  facet normal 0.635645925999 -0.450254917145 0.627076327801
    outer loop
      vertex 4.56034612656 4.05519676208 5.91604804993
      vertex 4.57451295853 4.06955718994 5.91604804993
      vertex 4.57451295853 4.05519676208 5.93604803085
    endloop
  endfacet
  facet normal 0 -1 0
    outer loop
      vertex 4.57451295853 4.05519676208 5.93604803085
      vertex 4.58868122101 4.04083776474 5.93604803085
      vertex 4.57451295853 4.04083776474 5.93604803085
    endloop
  endfacet
  facet normal -0 -0.0041931392625 -0.999991238117
    outer loop
      vertex 4.50367498398 4.09827613831 5.93604803085
      vertex 4.49708509445 4.09823417664 5.92604112625
      vertex 4.48950815201 4.09827613831 5.93604803085
    endloop
  endfacet
  facet normal 0.714812159538 -0.0807851701975 -0.69463467598
    outer loop
      vertex 4.54550600052 4.08335399628 5.92526102066
      vertex 4.54617786407 4.08391714096 5.93604803085
      vertex 4.55274677277 4.0758099556 5.92446184158
    endloop
  endfacet
  facet normal 0 0.000714551249985 -0.999999761581
    outer loop
      vertex 4.48950815201 4.09827613831 5.91604804993
      vertex 4.47533893585 4.09827613831 5.91604804993
      vertex 4.48535490036 4.09826898575 5.9260468483
    endloop
  endfacet
  facet normal 0.696228682995 -0.208373278379 -0.686910629272
    outer loop
      vertex 4.5320110321 4.09827613831 5.93604803085
      vertex 4.54617786407 4.08391714096 5.93604803085
      vertex 4.53692483902 4.08978319168 5.92446899414
    endloop
  endfacet
  facet normal 0.416208922863 -0.41629576683 -0.808373630047
    outer loop
      vertex 4.5320110321 4.09827613831 5.93604803085
      vertex 4.53692483902 4.08978319168 5.92446899414
      vertex 4.52456998825 4.09681892395 5.92577886581
    endloop
  endfacet
  facet normal 0 -0.596477985382 -0.802629470825
    outer loop
      vertex 4.54617786407 4.06955718994 5.91604804993
      vertex 4.55274677277 4.0758099556 5.92446184158
      vertex 4.56034612656 4.06955718994 5.91604804993
    endloop
  endfacet
  facet normal 0.000713327550329 0 -0.999999761581
    outer loop
      vertex 4.47533893585 4.09827613831 5.93604803085
      vertex 4.48535490036 4.09826898575 5.9260468483
      vertex 4.47533893585 4.09827613831 5.91604804993
    endloop
  endfacet
  facet normal 0 0.024997882545 -0.999687492847
    outer loop
      vertex 4.50367498398 4.09827613831 5.91604804993
      vertex 4.51078176498 4.09802722931 5.9260020256
      vertex 4.51784276962 4.09827613831 5.91604804993
    endloop
  endfacet
  facet normal 0 -0.14049488306 -0.990081429482
    outer loop
      vertex 4.51784276962 4.09827613831 5.93604803085
      vertex 4.5320110321 4.09827613831 5.93604803085
      vertex 4.52456998825 4.09681892395 5.92577886581
    endloop
  endfacet
  facet normal 0.355996459723 0.252120107412 -0.899834394455
    outer loop
      vertex 4.55274677277 4.0758099556 5.92446184158
      vertex 4.56034612656 4.06955718994 5.93604803085
      vertex 4.56449222565 4.07080698013 5.92573308945
    endloop
  endfacet
  facet normal 0.723211944103 0.094557441771 -0.68412232399
    outer loop
      vertex 4.54550600052 4.08335399628 5.92526102066
      vertex 4.55274677277 4.0758099556 5.92446184158
      vertex 4.54617786407 4.08391714096 5.91604804993
    endloop
  endfacet
  facet normal -0 -0.12798269093 -0.991776406765
    outer loop
      vertex 4.57451295853 4.06955718994 5.91604804993
      vertex 4.56034612656 4.06955718994 5.91604804993
      vertex 4.56449222565 4.07080698013 5.92573308945
    endloop
  endfacet
  facet normal 0.863708198071 -0.503992259502 0
    outer loop
      vertex 4.53692483902 4.08978319168 5.92446899414
      vertex 4.5320110321 4.08391714096 5.91604804993
      vertex 4.5320110321 4.09827613831 5.91604804993
    endloop
  endfacet
  facet normal 0.788223385811 -0.615389227867 0
    outer loop
      vertex 4.54617786407 4.06955718994 5.91604804993
      vertex 4.54617786407 4.08391714096 5.91604804993
      vertex 4.55274677277 4.0758099556 5.92446184158
    endloop
  endfacet
  facet normal 0.401591420174 -0.284262388945 -0.870585560799
    outer loop
      vertex 4.56449222565 4.07080698013 5.92573308945
      vertex 4.56034612656 4.06955718994 5.91604804993
      vertex 4.55274677277 4.0758099556 5.92446184158
    endloop
  endfacet
  facet normal 0.0151464268565 0.0141863245517 -0.999784648418
    outer loop
      vertex 4.51078176498 4.09802722931 5.9260020256
      vertex 4.50367498398 4.09827613831 5.91604804993
      vertex 4.49708509445 4.09823417664 5.92604112625
    endloop
  endfacet
  facet normal 0 0.148101136088 -0.988972246647
    outer loop
      vertex 4.5320110321 4.09827613831 5.91604804993
      vertex 4.51784276962 4.09827613831 5.91604804993
      vertex 4.52456998825 4.09681892395 5.92577886581
    endloop
  endfacet
  facet normal 0 0.120283775032 -0.99273955822
    outer loop
      vertex 4.56034612656 4.06955718994 5.93604803085
      vertex 4.57451295853 4.06955718994 5.93604803085
      vertex 4.56449222565 4.07080698013 5.92573308945
    endloop
  endfacet
  facet normal 0.709109961987 -0.0875237211585 -0.699644684792
    outer loop
      vertex 4.56034612656 4.06955718994 5.93604803085
      vertex 4.55274677277 4.0758099556 5.92446184158
      vertex 4.54617786407 4.08391714096 5.93604803085
    endloop
  endfacet
  facet normal 0.0883693918586 0.087497651577 -0.992237389088
    outer loop
      vertex 4.52456998825 4.09681892395 5.92577886581
      vertex 4.51784276962 4.09827613831 5.91604804993
      vertex 4.51078176498 4.09802722931 5.9260020256
    endloop
  endfacet
  facet normal 0.0150657137856 -0.0141135677695 -0.999786913395
    outer loop
      vertex 4.51078176498 4.09802722931 5.9260020256
      vertex 4.49708509445 4.09823417664 5.92604112625
      vertex 4.50367498398 4.09827613831 5.93604803085
    endloop
  endfacet
  facet normal -0 -0.571590423584 -0.820539057255
    outer loop
      vertex 4.54617786407 4.08391714096 5.91604804993
      vertex 4.5320110321 4.08391714096 5.91604804993
      vertex 4.53692483902 4.08978319168 5.92446899414
    endloop
  endfacet
  facet normal 0.123762026429 0 -0.992311954498
    outer loop
      vertex 4.57451295853 4.06955718994 5.91604804993
      vertex 4.56449222565 4.07080698013 5.92573308945
      vertex 4.57451295853 4.06955718994 5.93604803085
    endloop
  endfacet
  facet normal 0.473296672106 0.473193198442 -0.74301981926
    outer loop
      vertex 4.5320110321 4.09827613831 5.91604804993
      vertex 4.52456998825 4.09681892395 5.92577886581
      vertex 4.53692483902 4.08978319168 5.92446899414
    endloop
  endfacet
  facet normal 0.0856228843331 -0.0847777798772 -0.992714166641
    outer loop
      vertex 4.52456998825 4.09681892395 5.92577886581
      vertex 4.51078176498 4.09802722931 5.9260020256
      vertex 4.51784276962 4.09827613831 5.93604803085
    endloop
  endfacet
  facet normal 0.591594874859 0.092100597918 -0.800957560539
    outer loop
      vertex 4.53692483902 4.08978319168 5.92446899414
      vertex 4.54550600052 4.08335399628 5.92526102066
      vertex 4.54617786407 4.08391714096 5.91604804993
    endloop
  endfacet
  facet normal 0.00296710175462 -0.0019465459045 -0.999993681908
    outer loop
      vertex 4.48535490036 4.09826898575 5.9260468483
      vertex 4.48950815201 4.09827613831 5.93604803085
      vertex 4.49708509445 4.09823417664 5.92604112625
    endloop
  endfacet
  facet normal 0 -0.000714382738806 -0.999999761581
    outer loop
      vertex 4.47533893585 4.09827613831 5.93604803085
      vertex 4.48950815201 4.09827613831 5.93604803085
      vertex 4.48535490036 4.09826898575 5.9260468483
    endloop
  endfacet
  facet normal 0 -1 -0
    outer loop
      vertex 4.54617786407 3.96903896332 5.95604801178
      vertex 4.5320110321 3.98339796066 5.95604801178
      vertex 4.54617786407 3.98339796066 5.95604801178
    endloop
  endfacet
  facet normal -0 -1 -0
    outer loop
      vertex 4.56034612656 3.96903896332 5.95604801178
      vertex 4.54617786407 3.96903896332 5.95604801178
      vertex 4.56034612656 3.98339796066 5.95604801178
    endloop
  endfacet
  facet normal 0 -1 0
    outer loop
      vertex 4.56034612656 3.98339796066 5.95604801178
      vertex 4.54617786407 3.96903896332 5.95604801178
      vertex 4.54617786407 3.98339796066 5.95604801178
    endloop
  endfacet
  facet normal 0 -1 0
    outer loop
      vertex 4.57451295853 3.98339796066 5.95604801178
      vertex 4.56034612656 3.96903896332 5.95604801178
      vertex 4.56034612656 3.98339796066 5.95604801178
    endloop
  endfacet
  facet normal -0.63561218977 -0.450261265039 0.627106010914
    outer loop
      vertex 4.51784276962 3.98339796066 5.95604801178
      vertex 4.50367498398 3.99775791168 5.95604801178
      vertex 4.51784276962 3.99775791168 5.93604803085
    endloop
  endfacet
  facet normal 0 -0.58323353529 0.812304496765
    outer loop
      vertex 4.5320110321 3.99775791168 5.93604803085
      vertex 4.51784276962 3.98339796066 5.95604801178
      vertex 4.51784276962 3.99775791168 5.93604803085
    endloop
  endfacet
  facet normal 0 -0.58323353529 0.812304496765
    outer loop
      vertex 4.5320110321 3.98339796066 5.95604801178
      vertex 4.51784276962 3.98339796066 5.95604801178
      vertex 4.5320110321 3.99775791168 5.93604803085
    endloop
  endfacet
  facet normal 0 -0.58323353529 0.812304496765
    outer loop
      vertex 4.54617786407 3.99775791168 5.93604803085
      vertex 4.5320110321 3.98339796066 5.95604801178
      vertex 4.5320110321 3.99775791168 5.93604803085
    endloop
  endfacet
  facet normal 0 -0.58323353529 0.812304496765
    outer loop
      vertex 4.54617786407 3.98339796066 5.95604801178
      vertex 4.5320110321 3.98339796066 5.95604801178
      vertex 4.54617786407 3.99775791168 5.93604803085
    endloop
  endfacet
  facet normal 0 -0.58323353529 0.812304496765
    outer loop
      vertex 4.56034612656 3.99775791168 5.93604803085
      vertex 4.54617786407 3.98339796066 5.95604801178
      vertex 4.54617786407 3.99775791168 5.93604803085
    endloop
  endfacet
  facet normal 0 -0.58323353529 0.812304496765
    outer loop
      vertex 4.56034612656 3.98339796066 5.95604801178
      vertex 4.54617786407 3.98339796066 5.95604801178
      vertex 4.56034612656 3.99775791168 5.93604803085
    endloop
  endfacet
  facet normal 0 -0.58323353529 0.812304496765
    outer loop
      vertex 4.57451295853 3.99775791168 5.93604803085
      vertex 4.56034612656 3.98339796066 5.95604801178
      vertex 4.56034612656 3.99775791168 5.93604803085
    endloop
  endfacet
  facet normal 0 -0.58323353529 0.812304496765
    outer loop
      vertex 4.57451295853 3.98339796066 5.95604801178
      vertex 4.56034612656 3.98339796066 5.95604801178
      vertex 4.57451295853 3.99775791168 5.93604803085
    endloop
  endfacet
  facet normal 0 -0.58323353529 0.812304496765
    outer loop
      vertex 4.58868122101 3.99775791168 5.93604803085
      vertex 4.57451295853 3.98339796066 5.95604801178
      vertex 4.57451295853 3.99775791168 5.93604803085
    endloop
  endfacet
  facet normal 0 -0.58323353529 0.812304496765
    outer loop
      vertex 4.58868122101 3.98339796066 5.95604801178
      vertex 4.57451295853 3.98339796066 5.95604801178
      vertex 4.58868122101 3.99775791168 5.93604803085
    endloop
  endfacet
  facet normal 1 0 0
    outer loop
      vertex 4.58868122101 3.98339796066 5.95604801178
      vertex 4.58868122101 3.99775791168 5.93604803085
      vertex 4.58868122101 3.99775791168 5.95604801178
    endloop
  endfacet
  facet normal -0 -1 -0
    outer loop
      vertex 4.48950815201 3.99775791168 5.95604801178
      vertex 4.47533893585 3.99775791168 5.95604801178
      vertex 4.48950815201 4.0121178627 5.95604801178
    endloop
  endfacet
  facet normal 0 -1 0
    outer loop
      vertex 4.48950815201 4.0121178627 5.95604801178
      vertex 4.47533893585 3.99775791168 5.95604801178
      vertex 4.47533893585 4.0121178627 5.95604801178
    endloop
  endfacet
  facet normal -0.635637283325 -0.450248748064 0.627089560032
    outer loop
      vertex 4.50367498398 4.0121178627 5.93604803085
      vertex 4.50367498398 3.99775791168 5.95604801178
      vertex 4.48950815201 4.0121178627 5.95604801178
    endloop
  endfacet
  facet normal -0 -1 0
    outer loop
      vertex 4.50367498398 3.99775791168 5.95604801178
      vertex 4.48950815201 3.99775791168 5.95604801178
      vertex 4.48950815201 4.0121178627 5.95604801178
    endloop
  endfacet
  facet normal -0.635611772537 -0.450260996819 0.62710660696
    outer loop
      vertex 4.51784276962 3.99775791168 5.93604803085
      vertex 4.50367498398 3.99775791168 5.95604801178
      vertex 4.50367498398 4.0121178627 5.93604803085
    endloop
  endfacet
  facet normal 0.635611772537 0.450260996819 0.62710660696
    outer loop
      vertex 4.60284900665 4.0121178627 5.93604803085
      vertex 4.58868122101 4.0121178627 5.95604801178
      vertex 4.58868122101 3.99775791168 5.93604803085
    endloop
  endfacet
  facet normal 1 0 -0
    outer loop
      vertex 4.58868122101 4.0121178627 5.95604801178
      vertex 4.58868122101 3.99775791168 5.95604801178
      vertex 4.58868122101 3.99775791168 5.93604803085
    endloop
  endfacet
  facet normal 0 -1 -0
    outer loop
      vertex 4.47533893585 4.0121178627 5.95604801178
      vertex 4.46117210388 4.02647781372 5.95604801178
      vertex 4.47533893585 4.02647781372 5.95604801178
    endloop
  endfacet
  facet normal -0.635573983192 -0.45027962327 0.627131521702
    outer loop
      vertex 4.48950815201 4.02647781372 5.93604803085
      vertex 4.48950815201 4.0121178627 5.95604801178
      vertex 4.47533893585 4.02647781372 5.95604801178
    endloop
  endfacet
  facet normal -0 -1 0
    outer loop
      vertex 4.48950815201 4.0121178627 5.95604801178
      vertex 4.47533893585 4.0121178627 5.95604801178
      vertex 4.47533893585 4.02647781372 5.95604801178
    endloop
  endfacet
  facet normal -0.635637700558 -0.450249046087 0.627088963985
    outer loop
      vertex 4.50367498398 4.0121178627 5.93604803085
      vertex 4.48950815201 4.0121178627 5.95604801178
      vertex 4.48950815201 4.02647781372 5.93604803085
    endloop
  endfacet
  facet normal 0.63561218977 0.450261265039 -0.627106010914
    outer loop
      vertex 4.60284900665 4.0121178627 5.93604803085
      vertex 4.58868122101 4.02647781372 5.93604803085
      vertex 4.58868122101 4.0121178627 5.95604801178
    endloop
  endfacet
  facet normal 1 0 0
    outer loop
      vertex 4.58868122101 4.02647781372 5.93604803085
      vertex 4.58868122101 4.02647781372 5.95604801178
      vertex 4.58868122101 4.0121178627 5.95604801178
    endloop
  endfacet
  facet normal -0 -1 -0
    outer loop
      vertex 4.47533893585 4.02647781372 5.95604801178
      vertex 4.46117210388 4.02647781372 5.95604801178
      vertex 4.47533893585 4.04083776474 5.95604801178
    endloop
  endfacet
  facet normal 0 -1 0
    outer loop
      vertex 4.47533893585 4.04083776474 5.95604801178
      vertex 4.46117210388 4.02647781372 5.95604801178
      vertex 4.46117210388 4.04083776474 5.95604801178
    endloop
  endfacet
  facet normal -0.815975189209 -0.578086912632 -0
    outer loop
      vertex 4.48950815201 4.02647781372 5.93604803085
      vertex 4.47533893585 4.04083776474 5.95604801178
      vertex 4.48950815201 4.04083776474 5.93604803085
    endloop
  endfacet
  facet normal -0.815975189209 -0.578086912632 -0
    outer loop
      vertex 4.47533893585 4.02647781372 5.95604801178
      vertex 4.47533893585 4.04083776474 5.95604801178
      vertex 4.48950815201 4.02647781372 5.93604803085
    endloop
  endfacet
  facet normal 0.635599434376 0.450267404318 -0.627114534378
    outer loop
      vertex 4.58868122101 4.04083776474 5.93604803085
      vertex 4.57451295853 4.04083776474 5.95604801178
      vertex 4.58868122101 4.02647781372 5.95604801178
    endloop
  endfacet
  facet normal 1 0 0
    outer loop
      vertex 4.58868122101 4.04083776474 5.93604803085
      vertex 4.58868122101 4.02647781372 5.95604801178
      vertex 4.58868122101 4.02647781372 5.93604803085
    endloop
  endfacet
  facet normal -0 -1 -0
    outer loop
      vertex 4.47533893585 4.04083776474 5.95604801178
      vertex 4.46117210388 4.04083776474 5.95604801178
      vertex 4.47533893585 4.05519676208 5.95604801178
    endloop
  endfacet
  facet normal 0 -1 0
    outer loop
      vertex 4.47533893585 4.05519676208 5.95604801178
      vertex 4.46117210388 4.04083776474 5.95604801178
      vertex 4.46117210388 4.05519676208 5.95604801178
    endloop
  endfacet
  facet normal -0.815975189209 -0.578086912632 -0
    outer loop
      vertex 4.48950815201 4.04083776474 5.93604803085
      vertex 4.47533893585 4.05519676208 5.95604801178
      vertex 4.48950815201 4.05519676208 5.93604803085
    endloop
  endfacet
  facet normal -0.815975189209 -0.578086912632 -0
    outer loop
      vertex 4.47533893585 4.04083776474 5.95604801178
      vertex 4.47533893585 4.05519676208 5.95604801178
      vertex 4.48950815201 4.04083776474 5.93604803085
    endloop
  endfacet
  facet normal 0 -1 0
    outer loop
      vertex 4.57451295853 4.05519676208 5.93604803085
      vertex 4.57451295853 4.04083776474 5.93604803085
      vertex 4.56034612656 4.04083776474 5.93604803085
    endloop
  endfacet
  facet normal 0.635620653629 -0.450237005949 0.627114832401
    outer loop
      vertex 4.56034612656 4.05519676208 5.91604804993
      vertex 4.57451295853 4.05519676208 5.93604803085
      vertex 4.56034612656 4.04083776474 5.93604803085
    endloop
  endfacet
  facet normal -0.635646045208 -0.450254887342 0.627076268196
    outer loop
      vertex 4.47533893585 4.06955718994 5.93604803085
      vertex 4.47533893585 4.05519676208 5.95604801178
      vertex 4.46117210388 4.06955718994 5.95604801178
    endloop
  endfacet
  facet normal -0 -1 0
    outer loop
      vertex 4.47533893585 4.05519676208 5.95604801178
      vertex 4.46117210388 4.05519676208 5.95604801178
      vertex 4.46117210388 4.06955718994 5.95604801178
    endloop
  endfacet
  facet normal -0.635582268238 -0.450285494328 0.627118945122
    outer loop
      vertex 4.48950815201 4.05519676208 5.93604803085
      vertex 4.47533893585 4.05519676208 5.95604801178
      vertex 4.47533893585 4.06955718994 5.93604803085
    endloop
  endfacet
  facet normal 0 -0.583207428455 0.812323272228
    outer loop
      vertex 4.56034612656 4.04083776474 5.93604803085
      vertex 4.54617786407 4.04083776474 5.93604803085
      vertex 4.56034612656 4.05519676208 5.91604804993
    endloop
  endfacet
  facet normal 0 -0.583207428455 0.812323272228
    outer loop
      vertex 4.56034612656 4.05519676208 5.91604804993
      vertex 4.54617786407 4.04083776474 5.93604803085
      vertex 4.54617786407 4.05519676208 5.91604804993
    endloop
  endfacet
  facet normal 0.635620653629 -0.450237005949 0.627114832401
    outer loop
      vertex 4.5320110321 4.04083776474 5.91604804993
      vertex 4.54617786407 4.05519676208 5.91604804993
      vertex 4.54617786407 4.04083776474 5.93604803085
    endloop
  endfacet
  facet normal 0 -1 0
    outer loop
      vertex 4.5320110321 4.09827613831 5.91604804993
      vertex 4.51784276962 4.08391714096 5.91604804993
      vertex 4.51784276962 4.09827613831 5.91604804993
    endloop
  endfacet
  facet normal -0 -1 -0
    outer loop
      vertex 4.5320110321 4.08391714096 5.91604804993
      vertex 4.51784276962 4.08391714096 5.91604804993
      vertex 4.5320110321 4.09827613831 5.91604804993
    endloop
  endfacet
  facet normal 0 -1 0
    outer loop
      vertex 4.51784276962 4.09827613831 5.91604804993
      vertex 4.50367498398 4.08391714096 5.91604804993
      vertex 4.50367498398 4.09827613831 5.91604804993
    endloop
  endfacet
  facet normal -0 -1 -0
    outer loop
      vertex 4.51784276962 4.08391714096 5.91604804993
      vertex 4.50367498398 4.08391714096 5.91604804993
      vertex 4.51784276962 4.09827613831 5.91604804993
    endloop
  endfacet
  facet normal 0 -1 0
    outer loop
      vertex 4.50367498398 4.09827613831 5.91604804993
      vertex 4.48950815201 4.08391714096 5.91604804993
      vertex 4.48950815201 4.09827613831 5.91604804993
    endloop
  endfacet
  facet normal -0 -1 -0
    outer loop
      vertex 4.50367498398 4.08391714096 5.91604804993
      vertex 4.48950815201 4.08391714096 5.91604804993
      vertex 4.50367498398 4.09827613831 5.91604804993
    endloop
  endfacet
  facet normal 0 -1 -0
    outer loop
      vertex 4.48950815201 4.08391714096 5.91604804993
      vertex 4.47533893585 4.09827613831 5.91604804993
      vertex 4.48950815201 4.09827613831 5.91604804993
    endloop
  endfacet
  facet normal 0 -1 0
    outer loop
      vertex 4.54617786407 4.08391714096 5.91604804993
      vertex 4.5320110321 4.06955718994 5.91604804993
      vertex 4.5320110321 4.08391714096 5.91604804993
    endloop
  endfacet
  facet normal -0 -1 -0
    outer loop
      vertex 4.54617786407 4.06955718994 5.91604804993
      vertex 4.5320110321 4.06955718994 5.91604804993
      vertex 4.54617786407 4.08391714096 5.91604804993
    endloop
  endfacet
  facet normal 0 -1 0
    outer loop
      vertex 4.5320110321 4.08391714096 5.91604804993
      vertex 4.51784276962 4.06955718994 5.91604804993
      vertex 4.51784276962 4.08391714096 5.91604804993
    endloop
  endfacet
  facet normal -0 -1 -0
    outer loop
      vertex 4.5320110321 4.06955718994 5.91604804993
      vertex 4.51784276962 4.06955718994 5.91604804993
      vertex 4.5320110321 4.08391714096 5.91604804993
    endloop
  endfacet
  facet normal 0 -1 0
    outer loop
      vertex 4.51784276962 4.08391714096 5.91604804993
      vertex 4.50367498398 4.06955718994 5.91604804993
      vertex 4.50367498398 4.08391714096 5.91604804993
    endloop
  endfacet
  facet normal -0 -1 -0
    outer loop
      vertex 4.51784276962 4.06955718994 5.91604804993
      vertex 4.50367498398 4.06955718994 5.91604804993
      vertex 4.51784276962 4.08391714096 5.91604804993
    endloop
  endfacet
  facet normal 0 -1 -0
    outer loop
      vertex 4.50367498398 4.06955718994 5.91604804993
      vertex 4.48950815201 4.08391714096 5.91604804993
      vertex 4.50367498398 4.08391714096 5.91604804993
    endloop
  endfacet
  facet normal 0 -1 0
    outer loop
      vertex 4.57451295853 4.06955718994 5.91604804993
      vertex 4.56034612656 4.05519676208 5.91604804993
      vertex 4.56034612656 4.06955718994 5.91604804993
    endloop
  endfacet
  facet normal 0 -1 0
    outer loop
      vertex 4.56034612656 4.06955718994 5.91604804993
      vertex 4.54617786407 4.05519676208 5.91604804993
      vertex 4.54617786407 4.06955718994 5.91604804993
    endloop
  endfacet
  facet normal -0 -1 -0
    outer loop
      vertex 4.56034612656 4.05519676208 5.91604804993
      vertex 4.54617786407 4.05519676208 5.91604804993
      vertex 4.56034612656 4.06955718994 5.91604804993
    endloop
  endfacet
  facet normal 0 -1 0
    outer loop
      vertex 4.54617786407 4.06955718994 5.91604804993
      vertex 4.5320110321 4.05519676208 5.91604804993
      vertex 4.5320110321 4.06955718994 5.91604804993
    endloop
  endfacet
  facet normal 0 -1 -0
    outer loop
      vertex 4.54617786407 3.94032001495 5.97604799271
      vertex 4.5320110321 3.9546790123 5.97604799271
      vertex 4.54617786407 3.9546790123 5.97604799271
    endloop
  endfacet
  facet normal -0 -1 -0
    outer loop
      vertex 4.56034612656 3.94032001495 5.97604799271
      vertex 4.54617786407 3.94032001495 5.97604799271
      vertex 4.56034612656 3.9546790123 5.97604799271
    endloop
  endfacet
  facet normal 0 -1 0
    outer loop
      vertex 4.56034612656 3.9546790123 5.97604799271
      vertex 4.54617786407 3.94032001495 5.97604799271
      vertex 4.54617786407 3.9546790123 5.97604799271
    endloop
  endfacet
  facet normal 0 -1 0
    outer loop
      vertex 4.57451295853 3.9546790123 5.97604799271
      vertex 4.56034612656 3.94032001495 5.97604799271
      vertex 4.56034612656 3.9546790123 5.97604799271
    endloop
  endfacet
  facet normal 0 -1 -0
    outer loop
      vertex 4.50367498398 3.9546790123 5.97604799271
      vertex 4.48950815201 3.96903896332 5.97604799271
      vertex 4.50367498398 3.96903896332 5.97604799271
    endloop
  endfacet
  facet normal -0 -1 -0
    outer loop
      vertex 4.51784276962 3.9546790123 5.97604799271
      vertex 4.50367498398 3.9546790123 5.97604799271
      vertex 4.51784276962 3.96903896332 5.97604799271
    endloop
  endfacet
  facet normal 0 -1 0
    outer loop
      vertex 4.51784276962 3.96903896332 5.97604799271
      vertex 4.50367498398 3.9546790123 5.97604799271
      vertex 4.50367498398 3.96903896332 5.97604799271
    endloop
  endfacet
  facet normal -0 -1 -0
    outer loop
      vertex 4.5320110321 3.9546790123 5.97604799271
      vertex 4.51784276962 3.9546790123 5.97604799271
      vertex 4.5320110321 3.96903896332 5.97604799271
    endloop
  endfacet
  facet normal 0 -1 0
    outer loop
      vertex 4.5320110321 3.96903896332 5.97604799271
      vertex 4.51784276962 3.9546790123 5.97604799271
      vertex 4.51784276962 3.96903896332 5.97604799271
    endloop
  endfacet
  facet normal -0.635637640953 -0.450249046087 0.627088963985
    outer loop
      vertex 4.54617786407 3.96903896332 5.95604801178
      vertex 4.54617786407 3.9546790123 5.97604799271
      vertex 4.5320110321 3.96903896332 5.97604799271
    endloop
  endfacet
  facet normal -0 -1 0
    outer loop
      vertex 4.54617786407 3.9546790123 5.97604799271
      vertex 4.5320110321 3.9546790123 5.97604799271
      vertex 4.5320110321 3.96903896332 5.97604799271
    endloop
  endfacet
  facet normal 0 -0.58323353529 0.812304496765
    outer loop
      vertex 4.56034612656 3.96903896332 5.95604801178
      vertex 4.54617786407 3.9546790123 5.97604799271
      vertex 4.54617786407 3.96903896332 5.95604801178
    endloop
  endfacet
  facet normal 0 -0.58323353529 0.812304496765
    outer loop
      vertex 4.56034612656 3.9546790123 5.97604799271
      vertex 4.54617786407 3.9546790123 5.97604799271
      vertex 4.56034612656 3.96903896332 5.95604801178
    endloop
  endfacet
  facet normal 0.635637640953 -0.450249046087 0.627088963985
    outer loop
      vertex 4.56034612656 3.96903896332 5.95604801178
      vertex 4.57451295853 3.96903896332 5.97604799271
      vertex 4.56034612656 3.9546790123 5.97604799271
    endloop
  endfacet
  facet normal 0 -1 0
    outer loop
      vertex 4.57451295853 3.96903896332 5.97604799271
      vertex 4.57451295853 3.9546790123 5.97604799271
      vertex 4.56034612656 3.9546790123 5.97604799271
    endloop
  endfacet
  facet normal 0 -1 0
    outer loop
      vertex 4.58868122101 3.96903896332 5.97604799271
      vertex 4.57451295853 3.9546790123 5.97604799271
      vertex 4.57451295853 3.96903896332 5.97604799271
    endloop
  endfacet
  facet normal 0 -1 -0
    outer loop
      vertex 4.48950815201 3.96903896332 5.97604799271
      vertex 4.47533893585 3.98339796066 5.97604799271
      vertex 4.48950815201 3.98339796066 5.97604799271
    endloop
  endfacet
  facet normal -0 -1 -0
    outer loop
      vertex 4.50367498398 3.96903896332 5.97604799271
      vertex 4.48950815201 3.96903896332 5.97604799271
      vertex 4.50367498398 3.98339796066 5.97604799271
    endloop
  endfacet
  facet normal 0 -1 0
    outer loop
      vertex 4.50367498398 3.98339796066 5.97604799271
      vertex 4.48950815201 3.96903896332 5.97604799271
      vertex 4.48950815201 3.98339796066 5.97604799271
    endloop
  endfacet
  facet normal -0.635595202446 -0.450249254704 0.627131819725
    outer loop
      vertex 4.51784276962 3.98339796066 5.95604801178
      vertex 4.51784276962 3.96903896332 5.97604799271
      vertex 4.50367498398 3.98339796066 5.97604799271
    endloop
  endfacet
  facet normal -0 -1 0
    outer loop
      vertex 4.51784276962 3.96903896332 5.97604799271
      vertex 4.50367498398 3.96903896332 5.97604799271
      vertex 4.50367498398 3.98339796066 5.97604799271
    endloop
  endfacet
  facet normal 0 -0.583207428455 0.812323272228
    outer loop
      vertex 4.5320110321 3.98339796066 5.95604801178
      vertex 4.51784276962 3.96903896332 5.97604799271
      vertex 4.51784276962 3.98339796066 5.95604801178
    endloop
  endfacet
  facet normal 0 -0.583207428455 0.812323272228
    outer loop
      vertex 4.5320110321 3.96903896332 5.97604799271
      vertex 4.51784276962 3.96903896332 5.97604799271
      vertex 4.5320110321 3.98339796066 5.95604801178
    endloop
  endfacet
  facet normal -0.635620653629 -0.450237005949 0.627114832401
    outer loop
      vertex 4.54617786407 3.96903896332 5.95604801178
      vertex 4.5320110321 3.96903896332 5.97604799271
      vertex 4.5320110321 3.98339796066 5.95604801178
    endloop
  endfacet
  facet normal 0.635620653629 -0.450237005949 0.627114832401
    outer loop
      vertex 4.56034612656 3.96903896332 5.95604801178
      vertex 4.57451295853 3.98339796066 5.95604801178
      vertex 4.57451295853 3.96903896332 5.97604799271
    endloop
  endfacet
  facet normal 0 -0.583207428455 0.812323272228
    outer loop
      vertex 4.58868122101 3.98339796066 5.95604801178
      vertex 4.57451295853 3.96903896332 5.97604799271
      vertex 4.57451295853 3.98339796066 5.95604801178
    endloop
  endfacet
  facet normal 0 -0.583207428455 0.812323272228
    outer loop
      vertex 4.58868122101 3.96903896332 5.97604799271
      vertex 4.57451295853 3.96903896332 5.97604799271
      vertex 4.58868122101 3.98339796066 5.95604801178
    endloop
  endfacet
  facet normal 1 0 0
    outer loop
      vertex 4.58868122101 3.96903896332 5.97604799271
      vertex 4.58868122101 3.98339796066 5.95604801178
      vertex 4.58868122101 3.98339796066 5.97604799271
    endloop
  endfacet
  facet normal -0.635637760162 -0.450249016285 0.627088904381
    outer loop
      vertex 4.47533893585 3.98339796066 5.97604799271
      vertex 4.46117210388 3.99775791168 5.97604799271
      vertex 4.47533893585 3.99775791168 5.95604801178
    endloop
  endfacet
  facet normal 0 -0.58323353529 0.812304496765
    outer loop
      vertex 4.48950815201 3.99775791168 5.95604801178
      vertex 4.47533893585 3.98339796066 5.97604799271
      vertex 4.47533893585 3.99775791168 5.95604801178
    endloop
  endfacet
  facet normal 0 -0.58323353529 0.812304496765
    outer loop
      vertex 4.48950815201 3.98339796066 5.97604799271
      vertex 4.47533893585 3.98339796066 5.97604799271
      vertex 4.48950815201 3.99775791168 5.95604801178
    endloop
  endfacet
  facet normal 0 -0.58323353529 0.812304496765
    outer loop
      vertex 4.50367498398 3.99775791168 5.95604801178
      vertex 4.48950815201 3.98339796066 5.97604799271
      vertex 4.48950815201 3.99775791168 5.95604801178
    endloop
  endfacet
  facet normal 0 -0.58323353529 0.812304496765
    outer loop
      vertex 4.50367498398 3.98339796066 5.97604799271
      vertex 4.48950815201 3.98339796066 5.97604799271
      vertex 4.50367498398 3.99775791168 5.95604801178
    endloop
  endfacet
  facet normal -0.63561218977 -0.450261265039 0.627106010914
    outer loop
      vertex 4.51784276962 3.98339796066 5.95604801178
      vertex 4.50367498398 3.98339796066 5.97604799271
      vertex 4.50367498398 3.99775791168 5.95604801178
    endloop
  endfacet
  facet normal 0.635599434376 0.450267404318 -0.627114534378
    outer loop
      vertex 4.58868122101 3.99775791168 5.95604801178
      vertex 4.57451295853 3.99775791168 5.97604799271
      vertex 4.58868122101 3.98339796066 5.97604799271
    endloop
  endfacet
  facet normal 1 0 0
    outer loop
      vertex 4.58868122101 3.99775791168 5.95604801178
      vertex 4.58868122101 3.98339796066 5.97604799271
      vertex 4.58868122101 3.98339796066 5.95604801178
    endloop
  endfacet
  facet normal -0.816021084785 -0.578022122383 -0
    outer loop
      vertex 4.47533893585 3.99775791168 5.95604801178
      vertex 4.46117210388 4.0121178627 5.97604799271
      vertex 4.47533893585 4.0121178627 5.95604801178
    endloop
  endfacet
  facet normal -0.816021084785 -0.578022122383 -0
    outer loop
      vertex 4.46117210388 3.99775791168 5.97604799271
      vertex 4.46117210388 4.0121178627 5.97604799271
      vertex 4.47533893585 3.99775791168 5.95604801178
    endloop
  endfacet
  facet normal 0.81599354744 0.578061044216 -0
    outer loop
      vertex 4.58868122101 4.0121178627 5.95604801178
      vertex 4.57451295853 3.99775791168 5.97604799271
      vertex 4.58868122101 3.99775791168 5.95604801178
    endloop
  endfacet
  facet normal 0.81599354744 0.578061044216 -0
    outer loop
      vertex 4.57451295853 4.0121178627 5.97604799271
      vertex 4.57451295853 3.99775791168 5.97604799271
      vertex 4.58868122101 4.0121178627 5.95604801178
    endloop
  endfacet
  facet normal -1 0 0
    outer loop
      vertex 4.46117210388 4.02647781372 5.95604801178
      vertex 4.46117210388 4.0121178627 5.97604799271
      vertex 4.46117210388 4.02647781372 5.97604799271
    endloop
  endfacet
  facet normal -0.635637760162 -0.450249016285 0.627088904381
    outer loop
      vertex 4.47533893585 4.0121178627 5.95604801178
      vertex 4.46117210388 4.0121178627 5.97604799271
      vertex 4.46117210388 4.02647781372 5.95604801178
    endloop
  endfacet
  facet normal 0.635637640953 0.450249046087 -0.627088963985
    outer loop
      vertex 4.57451295853 4.02647781372 5.95604801178
      vertex 4.56034612656 4.02647781372 5.97604799271
      vertex 4.57451295853 4.0121178627 5.97604799271
    endloop
  endfacet
  facet normal 0.635599434376 0.450267404318 -0.627114534378
    outer loop
      vertex 4.57451295853 4.0121178627 5.97604799271
      vertex 4.58868122101 4.0121178627 5.95604801178
      vertex 4.57451295853 4.02647781372 5.95604801178
    endloop
  endfacet
  facet normal 0 1 0
    outer loop
      vertex 4.58868122101 4.0121178627 5.95604801178
      vertex 4.58868122101 4.02647781372 5.95604801178
      vertex 4.57451295853 4.02647781372 5.95604801178
    endloop
  endfacet
  facet normal -1 0 0
    outer loop
      vertex 4.46117210388 4.02647781372 5.95604801178
      vertex 4.46117210388 4.02647781372 5.97604799271
      vertex 4.46117210388 4.04083776474 5.95604801178
    endloop
  endfacet
  facet normal -1 0 -0
    outer loop
      vertex 4.46117210388 4.02647781372 5.97604799271
      vertex 4.46117210388 4.04083776474 5.97604799271
      vertex 4.46117210388 4.04083776474 5.95604801178
    endloop
  endfacet
  facet normal 0.63559949398 0.450267344713 -0.627114474773
    outer loop
      vertex 4.56034612656 4.04083776474 5.95604801178
      vertex 4.54617786407 4.04083776474 5.97604799271
      vertex 4.56034612656 4.02647781372 5.97604799271
    endloop
  endfacet
  facet normal 0.635637640953 0.450249046087 -0.627088963985
    outer loop
      vertex 4.56034612656 4.02647781372 5.97604799271
      vertex 4.57451295853 4.02647781372 5.95604801178
      vertex 4.56034612656 4.04083776474 5.95604801178
    endloop
  endfacet
  facet normal 0 1 0
    outer loop
      vertex 4.57451295853 4.02647781372 5.95604801178
      vertex 4.57451295853 4.04083776474 5.95604801178
      vertex 4.56034612656 4.04083776474 5.95604801178
    endloop
  endfacet
  facet normal 0 1 0
    outer loop
      vertex 4.58868122101 4.02647781372 5.95604801178
      vertex 4.57451295853 4.04083776474 5.95604801178
      vertex 4.57451295853 4.02647781372 5.95604801178
    endloop
  endfacet
  facet normal -1 0 0
    outer loop
      vertex 4.46117210388 4.04083776474 5.95604801178
      vertex 4.46117210388 4.04083776474 5.97604799271
      vertex 4.46117210388 4.05519676208 5.95604801178
    endloop
  endfacet
  facet normal -1 0 -0
    outer loop
      vertex 4.46117210388 4.04083776474 5.97604799271
      vertex 4.46117210388 4.05519676208 5.97604799271
      vertex 4.46117210388 4.05519676208 5.95604801178
    endloop
  endfacet
  facet normal 0.635582447052 0.45025536418 -0.627140343189
    outer loop
      vertex 4.5320110321 4.05519676208 5.95604801178
      vertex 4.51784276962 4.05519676208 5.97604799271
      vertex 4.5320110321 4.04083776474 5.97604799271
    endloop
  endfacet
  facet normal 0 0.583207428455 -0.812323272228
    outer loop
      vertex 4.5320110321 4.05519676208 5.95604801178
      vertex 4.54617786407 4.04083776474 5.97604799271
      vertex 4.54617786407 4.05519676208 5.95604801178
    endloop
  endfacet
  facet normal 0 0.583207428455 -0.812323272228
    outer loop
      vertex 4.5320110321 4.04083776474 5.97604799271
      vertex 4.54617786407 4.04083776474 5.97604799271
      vertex 4.5320110321 4.05519676208 5.95604801178
    endloop
  endfacet
  facet normal 0.635582566261 0.450255334377 -0.627140283585
    outer loop
      vertex 4.54617786407 4.04083776474 5.97604799271
      vertex 4.56034612656 4.04083776474 5.95604801178
      vertex 4.54617786407 4.05519676208 5.95604801178
    endloop
  endfacet
  facet normal -0 -1 -0
    outer loop
      vertex 4.54617786407 4.05519676208 5.91604804993
      vertex 4.5320110321 4.05519676208 5.91604804993
      vertex 4.54617786407 4.06955718994 5.91604804993
    endloop
  endfacet
  facet normal 0 -1 0
    outer loop
      vertex 4.5320110321 4.06955718994 5.91604804993
      vertex 4.51784276962 4.05519676208 5.91604804993
      vertex 4.51784276962 4.06955718994 5.91604804993
    endloop
  endfacet
  facet normal -1 -0 0
    outer loop
      vertex 4.46117210388 4.05519676208 5.97604799271
      vertex 4.46117210388 4.06955718994 5.95604801178
      vertex 4.46117210388 4.05519676208 5.95604801178
    endloop
  endfacet
  facet normal 0 0.583246350288 -0.81229531765
    outer loop
      vertex 4.46117210388 4.06955718994 5.95604801178
      vertex 4.47533893585 4.05519676208 5.97604799271
      vertex 4.47533893585 4.06955718994 5.95604801178
    endloop
  endfacet
  facet normal 0 0.583246350288 -0.81229531765
    outer loop
      vertex 4.46117210388 4.05519676208 5.97604799271
      vertex 4.47533893585 4.05519676208 5.97604799271
      vertex 4.46117210388 4.06955718994 5.95604801178
    endloop
  endfacet
  facet normal 0 0.583246350288 -0.81229531765
    outer loop
      vertex 4.47533893585 4.06955718994 5.95604801178
      vertex 4.48950815201 4.05519676208 5.97604799271
      vertex 4.48950815201 4.06955718994 5.95604801178
    endloop
  endfacet
  facet normal 0 0.583246350288 -0.81229531765
    outer loop
      vertex 4.47533893585 4.05519676208 5.97604799271
      vertex 4.48950815201 4.05519676208 5.97604799271
      vertex 4.47533893585 4.06955718994 5.95604801178
    endloop
  endfacet
  facet normal 0 0.583246350288 -0.81229531765
    outer loop
      vertex 4.48950815201 4.06955718994 5.95604801178
      vertex 4.50367498398 4.05519676208 5.97604799271
      vertex 4.50367498398 4.06955718994 5.95604801178
    endloop
  endfacet
  facet normal 0 0.583246350288 -0.81229531765
    outer loop
      vertex 4.48950815201 4.05519676208 5.97604799271
      vertex 4.50367498398 4.05519676208 5.97604799271
      vertex 4.48950815201 4.06955718994 5.95604801178
    endloop
  endfacet
  facet normal 0 0.583246350288 -0.81229531765
    outer loop
      vertex 4.50367498398 4.06955718994 5.95604801178
      vertex 4.51784276962 4.05519676208 5.97604799271
      vertex 4.51784276962 4.06955718994 5.95604801178
    endloop
  endfacet
  facet normal 0 0.583246350288 -0.81229531765
    outer loop
      vertex 4.50367498398 4.05519676208 5.97604799271
      vertex 4.51784276962 4.05519676208 5.97604799271
      vertex 4.50367498398 4.06955718994 5.95604801178
    endloop
  endfacet
  facet normal 0.635607719421 0.450273275375 -0.627101898193
    outer loop
      vertex 4.51784276962 4.05519676208 5.97604799271
      vertex 4.5320110321 4.05519676208 5.95604801178
      vertex 4.51784276962 4.06955718994 5.95604801178
    endloop
  endfacet
  facet normal 0 1 0
    outer loop
      vertex 4.5320110321 4.05519676208 5.95604801178
      vertex 4.5320110321 4.06955718994 5.95604801178
      vertex 4.51784276962 4.06955718994 5.95604801178
    endloop
  endfacet
  facet normal 0 1 0
    outer loop
      vertex 4.54617786407 4.05519676208 5.95604801178
      vertex 4.5320110321 4.06955718994 5.95604801178
      vertex 4.5320110321 4.05519676208 5.95604801178
    endloop
  endfacet
  facet normal -0 -1 -0
    outer loop
      vertex 4.5320110321 4.05519676208 5.91604804993
      vertex 4.51784276962 4.05519676208 5.91604804993
      vertex 4.5320110321 4.06955718994 5.91604804993
    endloop
  endfacet
  facet normal 0 -1 0
    outer loop
      vertex 4.51784276962 4.06955718994 5.91604804993
      vertex 4.50367498398 4.05519676208 5.91604804993
      vertex 4.50367498398 4.06955718994 5.91604804993
    endloop
  endfacet
  facet normal -0 -1 -0
    outer loop
      vertex 4.51784276962 4.05519676208 5.91604804993
      vertex 4.50367498398 4.05519676208 5.91604804993
      vertex 4.51784276962 4.06955718994 5.91604804993
    endloop
  endfacet
  facet normal 0 -1 0
    outer loop
      vertex 4.54617786407 4.05519676208 5.91604804993
      vertex 4.5320110321 4.04083776474 5.91604804993
      vertex 4.5320110321 4.05519676208 5.91604804993
    endloop
  endfacet
  facet normal 0 -1 0
    outer loop
      vertex 4.5320110321 4.05519676208 5.91604804993
      vertex 4.51784276962 4.04083776474 5.91604804993
      vertex 4.51784276962 4.05519676208 5.91604804993
    endloop
  endfacet
  facet normal -0 -1 -0
    outer loop
      vertex 4.5320110321 4.04083776474 5.91604804993
      vertex 4.51784276962 4.04083776474 5.91604804993
      vertex 4.5320110321 4.05519676208 5.91604804993
    endloop
  endfacet
  facet normal 0 -1 -0
    outer loop
      vertex 4.51784276962 3.92596006393 5.99604797363
      vertex 4.50367498398 3.94032001495 5.99604797363
      vertex 4.51784276962 3.94032001495 5.99604797363
    endloop
  endfacet
  facet normal -0 -1 -0
    outer loop
      vertex 4.5320110321 3.92596006393 5.99604797363
      vertex 4.51784276962 3.92596006393 5.99604797363
      vertex 4.5320110321 3.94032001495 5.99604797363
    endloop
  endfacet
  facet normal 0 -1 0
    outer loop
      vertex 4.5320110321 3.94032001495 5.99604797363
      vertex 4.51784276962 3.92596006393 5.99604797363
      vertex 4.51784276962 3.94032001495 5.99604797363
    endloop
  endfacet
  facet normal -0.635637640953 -0.450249046087 0.627088963985
    outer loop
      vertex 4.54617786407 3.94032001495 5.97604799271
      vertex 4.54617786407 3.92596006393 5.99604797363
      vertex 4.5320110321 3.94032001495 5.99604797363
    endloop
  endfacet
  facet normal -0 -1 0
    outer loop
      vertex 4.54617786407 3.92596006393 5.99604797363
      vertex 4.5320110321 3.92596006393 5.99604797363
      vertex 4.5320110321 3.94032001495 5.99604797363
    endloop
  endfacet
  facet normal 0 -0.58323353529 0.812304496765
    outer loop
      vertex 4.56034612656 3.94032001495 5.97604799271
      vertex 4.54617786407 3.92596006393 5.99604797363
      vertex 4.54617786407 3.94032001495 5.97604799271
    endloop
  endfacet
  facet normal 0 -0.58323353529 0.812304496765
    outer loop
      vertex 4.56034612656 3.92596006393 5.99604797363
      vertex 4.54617786407 3.92596006393 5.99604797363
      vertex 4.56034612656 3.94032001495 5.97604799271
    endloop
  endfacet
  facet normal 0.635637640953 -0.450249046087 0.627088963985
    outer loop
      vertex 4.56034612656 3.94032001495 5.97604799271
      vertex 4.57451295853 3.94032001495 5.99604797363
      vertex 4.56034612656 3.92596006393 5.99604797363
    endloop
  endfacet
  facet normal 0 -1 0
    outer loop
      vertex 4.57451295853 3.94032001495 5.99604797363
      vertex 4.57451295853 3.92596006393 5.99604797363
      vertex 4.56034612656 3.92596006393 5.99604797363
    endloop
  endfacet
  facet normal -0.635620713234 -0.450237005949 0.627114772797
    outer loop
      vertex 4.50367498398 3.94032001495 5.99604797363
      vertex 4.48950815201 3.9546790123 5.99604797363
      vertex 4.50367498398 3.9546790123 5.97604799271
    endloop
  endfacet
  facet normal 0 -0.583207428455 0.812323272228
    outer loop
      vertex 4.51784276962 3.9546790123 5.97604799271
      vertex 4.50367498398 3.94032001495 5.99604797363
      vertex 4.50367498398 3.9546790123 5.97604799271
    endloop
  endfacet
  facet normal 0 -0.583207428455 0.812323272228
    outer loop
      vertex 4.51784276962 3.94032001495 5.99604797363
      vertex 4.50367498398 3.94032001495 5.99604797363
      vertex 4.51784276962 3.9546790123 5.97604799271
    endloop
  endfacet
  facet normal 0 -0.583207428455 0.812323272228
    outer loop
      vertex 4.5320110321 3.9546790123 5.97604799271
      vertex 4.51784276962 3.94032001495 5.99604797363
      vertex 4.51784276962 3.9546790123 5.97604799271
    endloop
  endfacet
  facet normal 0 -0.583207428455 0.812323272228
    outer loop
      vertex 4.5320110321 3.94032001495 5.99604797363
      vertex 4.51784276962 3.94032001495 5.99604797363
      vertex 4.5320110321 3.9546790123 5.97604799271
    endloop
  endfacet
  facet normal -0.635620653629 -0.450237005949 0.627114832401
    outer loop
      vertex 4.54617786407 3.94032001495 5.97604799271
      vertex 4.5320110321 3.94032001495 5.99604797363
      vertex 4.5320110321 3.9546790123 5.97604799271
    endloop
  endfacet
  facet normal 0.635620653629 -0.450237005949 0.627114832401
    outer loop
      vertex 4.56034612656 3.94032001495 5.97604799271
      vertex 4.57451295853 3.9546790123 5.97604799271
      vertex 4.57451295853 3.94032001495 5.99604797363
    endloop
  endfacet
  facet normal 0.635582447052 -0.45025536418 0.627140343189
    outer loop
      vertex 4.57451295853 3.9546790123 5.97604799271
      vertex 4.58868122101 3.9546790123 5.99604797363
      vertex 4.57451295853 3.94032001495 5.99604797363
    endloop
  endfacet
  facet normal -0.635573983192 -0.45027962327 0.627131521702
    outer loop
      vertex 4.48950815201 3.9546790123 5.99604797363
      vertex 4.47533893585 3.96903896332 5.99604797363
      vertex 4.48950815201 3.96903896332 5.97604799271
    endloop
  endfacet
  facet normal -0.635637700558 -0.450249046087 0.627088963985
    outer loop
      vertex 4.50367498398 3.9546790123 5.97604799271
      vertex 4.48950815201 3.9546790123 5.99604797363
      vertex 4.48950815201 3.96903896332 5.97604799271
    endloop
  endfacet
  facet normal 0.635599434376 -0.450267404318 0.627114534378
    outer loop
      vertex 4.57451295853 3.9546790123 5.97604799271
      vertex 4.58868122101 3.96903896332 5.97604799271
      vertex 4.58868122101 3.9546790123 5.99604797363
    endloop
  endfacet
  facet normal 1 0 0
    outer loop
      vertex 4.58868122101 3.9546790123 5.99604797363
      vertex 4.58868122101 3.96903896332 5.97604799271
      vertex 4.58868122101 3.96903896332 5.99604797363
    endloop
  endfacet
  facet normal -0.635620772839 -0.450236976147 0.627114772797
    outer loop
      vertex 4.47533893585 3.96903896332 5.99604797363
      vertex 4.46117210388 3.98339796066 5.99604797363
      vertex 4.47533893585 3.98339796066 5.97604799271
    endloop
  endfacet
  facet normal -0.635556995869 -0.450267583132 0.627157390118
    outer loop
      vertex 4.48950815201 3.96903896332 5.97604799271
      vertex 4.47533893585 3.96903896332 5.99604797363
      vertex 4.47533893585 3.98339796066 5.97604799271
    endloop
  endfacet
  facet normal 1 -0 0
    outer loop
      vertex 4.58868122101 3.96903896332 5.97604799271
      vertex 4.58868122101 3.98339796066 5.97604799271
      vertex 4.58868122101 3.96903896332 5.99604797363
    endloop
  endfacet
  facet normal 1 0 0
    outer loop
      vertex 4.58868122101 3.96903896332 5.99604797363
      vertex 4.58868122101 3.98339796066 5.97604799271
      vertex 4.58868122101 3.98339796066 5.99604797363
    endloop
  endfacet
  facet normal -0.635599315166 -0.450267463923 0.627114593983
    outer loop
      vertex 4.46117210388 3.98339796066 5.99604797363
      vertex 4.4470038414 3.99775791168 5.99604797363
      vertex 4.46117210388 3.99775791168 5.97604799271
    endloop
  endfacet
  facet normal -0.635637760162 -0.450249016285 0.627088904381
    outer loop
      vertex 4.47533893585 3.98339796066 5.97604799271
      vertex 4.46117210388 3.98339796066 5.99604797363
      vertex 4.46117210388 3.99775791168 5.97604799271
    endloop
  endfacet
  facet normal 0.711842179298 0 -0.702339470387
    outer loop
      vertex 4.58868122101 3.98339796066 5.97604799271
      vertex 4.57451295853 3.99775791168 5.99604797363
      vertex 4.58868122101 3.98339796066 5.99604797363
    endloop
  endfacet
  facet normal 0.711842179298 0 -0.702339470387
    outer loop
      vertex 4.57451295853 3.99775791168 5.97604799271
      vertex 4.57451295853 3.99775791168 5.99604797363
      vertex 4.58868122101 3.98339796066 5.97604799271
    endloop
  endfacet
  facet normal -0.81599342823 -0.57806122303 -0
    outer loop
      vertex 4.46117210388 3.99775791168 5.97604799271
      vertex 4.4470038414 4.0121178627 5.99604797363
      vertex 4.46117210388 4.0121178627 5.97604799271
    endloop
  endfacet
  facet normal -0.81599342823 -0.57806122303 -0
    outer loop
      vertex 4.4470038414 3.99775791168 5.99604797363
      vertex 4.4470038414 4.0121178627 5.99604797363
      vertex 4.46117210388 3.99775791168 5.97604799271
    endloop
  endfacet
  facet normal 0.635637283325 0.450248777866 -0.627089560032
    outer loop
      vertex 4.57451295853 4.0121178627 5.97604799271
      vertex 4.56034612656 4.0121178627 5.99604797363
      vertex 4.57451295853 3.99775791168 5.99604797363
    endloop
  endfacet
  facet normal 1 0 0
    outer loop
      vertex 4.57451295853 4.0121178627 5.97604799271
      vertex 4.57451295853 3.99775791168 5.99604797363
      vertex 4.57451295853 3.99775791168 5.97604799271
    endloop
  endfacet
  facet normal -0.81599342823 -0.57806122303 -0
    outer loop
      vertex 4.46117210388 4.0121178627 5.97604799271
      vertex 4.4470038414 4.02647781372 5.99604797363
      vertex 4.46117210388 4.02647781372 5.97604799271
    endloop
  endfacet
  facet normal -0.81599342823 -0.57806122303 -0
    outer loop
      vertex 4.4470038414 4.0121178627 5.99604797363
      vertex 4.4470038414 4.02647781372 5.99604797363
      vertex 4.46117210388 4.0121178627 5.97604799271
    endloop
  endfacet
  facet normal 0.635637640953 0.450249046087 -0.627088963985
    outer loop
      vertex 4.54617786407 4.02647781372 5.97604799271
      vertex 4.5320110321 4.02647781372 5.99604797363
      vertex 4.54617786407 4.0121178627 5.99604797363
    endloop
  endfacet
  facet normal 0 0.58323353529 -0.812304496765
    outer loop
      vertex 4.54617786407 4.02647781372 5.97604799271
      vertex 4.56034612656 4.0121178627 5.99604797363
      vertex 4.56034612656 4.02647781372 5.97604799271
    endloop
  endfacet
  facet normal 0 0.58323353529 -0.812304496765
    outer loop
      vertex 4.54617786407 4.0121178627 5.99604797363
      vertex 4.56034612656 4.0121178627 5.99604797363
      vertex 4.54617786407 4.02647781372 5.97604799271
    endloop
  endfacet
  facet normal 0.635637640953 0.450249046087 -0.627088963985
    outer loop
      vertex 4.57451295853 4.0121178627 5.97604799271
      vertex 4.56034612656 4.02647781372 5.97604799271
      vertex 4.56034612656 4.0121178627 5.99604797363
    endloop
  endfacet
  facet normal -0.81599342823 -0.57806122303 0
    outer loop
      vertex 4.4470038414 4.02647781372 5.99604797363
      vertex 4.46117210388 4.04083776474 5.97604799271
      vertex 4.46117210388 4.02647781372 5.97604799271
    endloop
  endfacet
  facet normal 0 0.58323353529 -0.812304496765
    outer loop
      vertex 4.4470038414 4.02647781372 5.99604797363
      vertex 4.46117210388 4.02647781372 5.99604797363
      vertex 4.46117210388 4.04083776474 5.97604799271
    endloop
  endfacet
  facet normal -0.635637760162 0.450249016285 -0.627088904381
    outer loop
      vertex 4.46117210388 4.02647781372 5.99604797363
      vertex 4.47533893585 4.04083776474 5.99604797363
      vertex 4.46117210388 4.04083776474 5.97604799271
    endloop
  endfacet
  facet normal 0.635599434376 0.450267404318 -0.627114534378
    outer loop
      vertex 4.5320110321 4.04083776474 5.97604799271
      vertex 4.51784276962 4.04083776474 5.99604797363
      vertex 4.5320110321 4.02647781372 5.99604797363
    endloop
  endfacet
  facet normal 0.635637640953 0.450249046087 -0.627088963985
    outer loop
      vertex 4.5320110321 4.02647781372 5.99604797363
      vertex 4.54617786407 4.02647781372 5.97604799271
      vertex 4.5320110321 4.04083776474 5.97604799271
    endloop
  endfacet
  facet normal 0 1 0
    outer loop
      vertex 4.54617786407 4.02647781372 5.97604799271
      vertex 4.54617786407 4.04083776474 5.97604799271
      vertex 4.5320110321 4.04083776474 5.97604799271
    endloop
  endfacet
  facet normal 0 1 0
    outer loop
      vertex 4.56034612656 4.02647781372 5.97604799271
      vertex 4.54617786407 4.04083776474 5.97604799271
      vertex 4.54617786407 4.02647781372 5.97604799271
    endloop
  endfacet
  facet normal -0.635620772839 0.450236976147 -0.627114772797
    outer loop
      vertex 4.47533893585 4.04083776474 5.99604797363
      vertex 4.47533893585 4.05519676208 5.97604799271
      vertex 4.46117210388 4.04083776474 5.97604799271
    endloop
  endfacet
  facet normal 0 1 0
    outer loop
      vertex 4.47533893585 4.05519676208 5.97604799271
      vertex 4.46117210388 4.05519676208 5.97604799271
      vertex 4.46117210388 4.04083776474 5.97604799271
    endloop
  endfacet
  facet normal 0 0.583207428455 -0.812323272228
    outer loop
      vertex 4.47533893585 4.05519676208 5.97604799271
      vertex 4.48950815201 4.04083776474 5.99604797363
      vertex 4.48950815201 4.05519676208 5.97604799271
    endloop
  endfacet
  facet normal 0 0.583207428455 -0.812323272228
    outer loop
      vertex 4.47533893585 4.04083776474 5.99604797363
      vertex 4.48950815201 4.04083776474 5.99604797363
      vertex 4.47533893585 4.05519676208 5.97604799271
    endloop
  endfacet
  facet normal 0 0.583207428455 -0.812323272228
    outer loop
      vertex 4.48950815201 4.05519676208 5.97604799271
      vertex 4.50367498398 4.04083776474 5.99604797363
      vertex 4.50367498398 4.05519676208 5.97604799271
    endloop
  endfacet
  facet normal 0 0.583207428455 -0.812323272228
    outer loop
      vertex 4.48950815201 4.04083776474 5.99604797363
      vertex 4.50367498398 4.04083776474 5.99604797363
      vertex 4.48950815201 4.05519676208 5.97604799271
    endloop
  endfacet
  facet normal 0 0.583207428455 -0.812323272228
    outer loop
      vertex 4.50367498398 4.05519676208 5.97604799271
      vertex 4.51784276962 4.04083776474 5.99604797363
      vertex 4.51784276962 4.05519676208 5.97604799271
    endloop
  endfacet
  facet normal 0 0.583207428455 -0.812323272228
    outer loop
      vertex 4.50367498398 4.04083776474 5.99604797363
      vertex 4.51784276962 4.04083776474 5.99604797363
      vertex 4.50367498398 4.05519676208 5.97604799271
    endloop
  endfacet
  facet normal 0.635582447052 0.45025536418 -0.627140343189
    outer loop
      vertex 4.5320110321 4.04083776474 5.97604799271
      vertex 4.51784276962 4.05519676208 5.97604799271
      vertex 4.51784276962 4.04083776474 5.99604797363
    endloop
  endfacet
  facet normal -0.635595619678 -0.450249522924 0.627131223679
    outer loop
      vertex 4.51784276962 3.91160106659 6.01604795456
      vertex 4.50367498398 3.92596006393 6.01604795456
      vertex 4.51784276962 3.92596006393 5.99604797363
    endloop
  endfacet
  facet normal 0 -0.583208024502 0.812322854996
    outer loop
      vertex 4.5320110321 3.92596006393 5.99604797363
      vertex 4.51784276962 3.91160106659 6.01604795456
      vertex 4.51784276962 3.92596006393 5.99604797363
    endloop
  endfacet
  facet normal 0 -0.583208024502 0.812322854996
    outer loop
      vertex 4.5320110321 3.91160106659 6.01604795456
      vertex 4.51784276962 3.91160106659 6.01604795456
      vertex 4.5320110321 3.92596006393 5.99604797363
    endloop
  endfacet
  facet normal 0 -0.583208024502 0.812322854996
    outer loop
      vertex 4.54617786407 3.92596006393 5.99604797363
      vertex 4.5320110321 3.91160106659 6.01604795456
      vertex 4.5320110321 3.92596006393 5.99604797363
    endloop
  endfacet
  facet normal 0 -0.583208024502 0.812322854996
    outer loop
      vertex 4.54617786407 3.91160106659 6.01604795456
      vertex 4.5320110321 3.91160106659 6.01604795456
      vertex 4.54617786407 3.92596006393 5.99604797363
    endloop
  endfacet
  facet normal 0 -0.583208024502 0.812322854996
    outer loop
      vertex 4.56034612656 3.92596006393 5.99604797363
      vertex 4.54617786407 3.91160106659 6.01604795456
      vertex 4.54617786407 3.92596006393 5.99604797363
    endloop
  endfacet
  facet normal 0 -0.583208024502 0.812322854996
    outer loop
      vertex 4.56034612656 3.91160106659 6.01604795456
      vertex 4.54617786407 3.91160106659 6.01604795456
      vertex 4.56034612656 3.92596006393 5.99604797363
    endloop
  endfacet
  facet normal 0.635621070862 -0.450237303972 0.62711417675
    outer loop
      vertex 4.56034612656 3.91160106659 6.01604795456
      vertex 4.56034612656 3.92596006393 5.99604797363
      vertex 4.57451295853 3.92596006393 6.01604795456
    endloop
  endfacet
  facet normal 0 0 1
    outer loop
      vertex 4.56034612656 3.92596006393 5.99604797363
      vertex 4.57451295853 3.92596006393 5.99604797363
      vertex 4.57451295853 3.92596006393 6.01604795456
    endloop
  endfacet
  facet normal 0 0 1
    outer loop
      vertex 4.57451295853 3.92596006393 5.99604797363
      vertex 4.58868122101 3.92596006393 6.01604795456
      vertex 4.57451295853 3.92596006393 6.01604795456
    endloop
  endfacet
  facet normal -0.635637700558 -0.450249046087 0.627088963985
    outer loop
      vertex 4.50367498398 3.92596006393 6.01604795456
      vertex 4.48950815201 3.94032001495 6.01604795456
      vertex 4.50367498398 3.94032001495 5.99604797363
    endloop
  endfacet
  facet normal -0.63561218977 -0.450261265039 0.627106010914
    outer loop
      vertex 4.51784276962 3.92596006393 5.99604797363
      vertex 4.50367498398 3.92596006393 6.01604795456
      vertex 4.50367498398 3.94032001495 5.99604797363
    endloop
  endfacet
  facet normal 0.81599354744 -0.578061044216 0
    outer loop
      vertex 4.58868122101 3.92596006393 6.01604795456
      vertex 4.57451295853 3.94032001495 5.99604797363
      vertex 4.58868122101 3.94032001495 6.01604795456
    endloop
  endfacet
  facet normal 0.81599354744 -0.578061044216 0
    outer loop
      vertex 4.57451295853 3.92596006393 5.99604797363
      vertex 4.57451295853 3.94032001495 5.99604797363
      vertex 4.58868122101 3.92596006393 6.01604795456
    endloop
  endfacet
  facet normal -0.635556995869 -0.450267583132 0.627157390118
    outer loop
      vertex 4.48950815201 3.94032001495 6.01604795456
      vertex 4.47533893585 3.9546790123 6.01604795456
      vertex 4.48950815201 3.9546790123 5.99604797363
    endloop
  endfacet
  facet normal -0.635620713234 -0.450237005949 0.627114772797
    outer loop
      vertex 4.50367498398 3.94032001495 5.99604797363
      vertex 4.48950815201 3.94032001495 6.01604795456
      vertex 4.48950815201 3.9546790123 5.99604797363
    endloop
  endfacet
  facet normal 0.635582447052 -0.45025536418 0.627140343189
    outer loop
      vertex 4.57451295853 3.94032001495 5.99604797363
      vertex 4.58868122101 3.9546790123 5.99604797363
      vertex 4.58868122101 3.94032001495 6.01604795456
    endloop
  endfacet
  facet normal 1 0 0
    outer loop
      vertex 4.58868122101 3.94032001495 6.01604795456
      vertex 4.58868122101 3.9546790123 5.99604797363
      vertex 4.58868122101 3.9546790123 6.01604795456
    endloop
  endfacet
  facet normal -0.635637760162 -0.450249016285 0.627088904381
    outer loop
      vertex 4.47533893585 3.9546790123 6.01604795456
      vertex 4.46117210388 3.96903896332 6.01604795456
      vertex 4.47533893585 3.96903896332 5.99604797363
    endloop
  endfacet
  facet normal -0.635573983192 -0.45027962327 0.627131521702
    outer loop
      vertex 4.48950815201 3.9546790123 5.99604797363
      vertex 4.47533893585 3.9546790123 6.01604795456
      vertex 4.47533893585 3.96903896332 5.99604797363
    endloop
  endfacet
  facet normal 0.635599434376 0.450267404318 -0.627114534378
    outer loop
      vertex 4.58868122101 3.96903896332 5.99604797363
      vertex 4.57451295853 3.96903896332 6.01604795456
      vertex 4.58868122101 3.9546790123 6.01604795456
    endloop
  endfacet
  facet normal 1 0 0
    outer loop
      vertex 4.58868122101 3.96903896332 5.99604797363
      vertex 4.58868122101 3.9546790123 6.01604795456
      vertex 4.58868122101 3.9546790123 5.99604797363
    endloop
  endfacet
  facet normal -1 0 0
    outer loop
      vertex 4.46117210388 3.98339796066 5.99604797363
      vertex 4.46117210388 3.96903896332 6.01604795456
      vertex 4.46117210388 3.98339796066 6.01604795456
    endloop
  endfacet
  facet normal -0.635620772839 -0.450236976147 0.627114772797
    outer loop
      vertex 4.47533893585 3.96903896332 5.99604797363
      vertex 4.46117210388 3.96903896332 6.01604795456
      vertex 4.46117210388 3.98339796066 5.99604797363
    endloop
  endfacet
  facet normal 0.81599354744 0.578061044216 -0
    outer loop
      vertex 4.58868122101 3.98339796066 5.99604797363
      vertex 4.57451295853 3.96903896332 6.01604795456
      vertex 4.58868122101 3.96903896332 5.99604797363
    endloop
  endfacet
  facet normal 0.81599354744 0.578061044216 -0
    outer loop
      vertex 4.57451295853 3.98339796066 6.01604795456
      vertex 4.57451295853 3.96903896332 6.01604795456
      vertex 4.58868122101 3.98339796066 5.99604797363
    endloop
  endfacet
  facet normal -0.635599315166 0.450267463923 0.627114593983
    outer loop
      vertex 4.4470038414 3.99775791168 5.99604797363
      vertex 4.46117210388 3.98339796066 5.99604797363
      vertex 4.46117210388 3.99775791168 6.01604795456
    endloop
  endfacet
  facet normal -1 0 0
    outer loop
      vertex 4.46117210388 3.98339796066 5.99604797363
      vertex 4.46117210388 3.98339796066 6.01604795456
      vertex 4.46117210388 3.99775791168 6.01604795456
    endloop
  endfacet
  facet normal 0.635637640953 0.450249046087 -0.627088963985
    outer loop
      vertex 4.57451295853 3.99775791168 5.99604797363
      vertex 4.56034612656 3.99775791168 6.01604795456
      vertex 4.57451295853 3.98339796066 6.01604795456
    endloop
  endfacet
  facet normal 0.635599434376 0.450267404318 -0.627114534378
    outer loop
      vertex 4.58868122101 3.98339796066 5.99604797363
      vertex 4.57451295853 3.99775791168 5.99604797363
      vertex 4.57451295853 3.98339796066 6.01604795456
    endloop
  endfacet
  facet normal -0.81599342823 0.57806122303 0
    outer loop
      vertex 4.46117210388 4.0121178627 6.01604795456
      vertex 4.4470038414 3.99775791168 5.99604797363
      vertex 4.46117210388 3.99775791168 6.01604795456
    endloop
  endfacet
  facet normal -0.81599342823 0.57806122303 0
    outer loop
      vertex 4.4470038414 4.0121178627 5.99604797363
      vertex 4.4470038414 3.99775791168 5.99604797363
      vertex 4.46117210388 4.0121178627 6.01604795456
    endloop
  endfacet
  facet normal 0.635637283325 0.450248777866 -0.627089560032
    outer loop
      vertex 4.54617786407 4.0121178627 5.99604797363
      vertex 4.5320110321 4.0121178627 6.01604795456
      vertex 4.54617786407 3.99775791168 6.01604795456
    endloop
  endfacet
  facet normal 0 0.583232939243 -0.812304973602
    outer loop
      vertex 4.54617786407 4.0121178627 5.99604797363
      vertex 4.56034612656 3.99775791168 6.01604795456
      vertex 4.56034612656 4.0121178627 5.99604797363
    endloop
  endfacet
  facet normal 0 0.583232939243 -0.812304973602
    outer loop
      vertex 4.54617786407 3.99775791168 6.01604795456
      vertex 4.56034612656 3.99775791168 6.01604795456
      vertex 4.54617786407 4.0121178627 5.99604797363
    endloop
  endfacet
  facet normal 0.635637283325 0.450248777866 -0.627089560032
    outer loop
      vertex 4.57451295853 3.99775791168 5.99604797363
      vertex 4.56034612656 4.0121178627 5.99604797363
      vertex 4.56034612656 3.99775791168 6.01604795456
    endloop
  endfacet
  facet normal -0.635599315166 0.450267463923 -0.627114593983
    outer loop
      vertex 4.46117210388 4.0121178627 6.01604795456
      vertex 4.46117210388 4.02647781372 5.99604797363
      vertex 4.4470038414 4.0121178627 5.99604797363
    endloop
  endfacet
  facet normal 0 1 0
    outer loop
      vertex 4.46117210388 4.02647781372 5.99604797363
      vertex 4.4470038414 4.02647781372 5.99604797363
      vertex 4.4470038414 4.0121178627 5.99604797363
    endloop
  endfacet
  facet normal 0 0.58323353529 -0.812304496765
    outer loop
      vertex 4.46117210388 4.02647781372 5.99604797363
      vertex 4.47533893585 4.0121178627 6.01604795456
      vertex 4.47533893585 4.02647781372 5.99604797363
    endloop
  endfacet
  facet normal 0 0.58323353529 -0.812304496765
    outer loop
      vertex 4.46117210388 4.0121178627 6.01604795456
      vertex 4.47533893585 4.0121178627 6.01604795456
      vertex 4.46117210388 4.02647781372 5.99604797363
    endloop
  endfacet
  facet normal 0 0.58323353529 -0.812304496765
    outer loop
      vertex 4.47533893585 4.02647781372 5.99604797363
      vertex 4.48950815201 4.0121178627 6.01604795456
      vertex 4.48950815201 4.02647781372 5.99604797363
    endloop
  endfacet
  facet normal 0 0.58323353529 -0.812304496765
    outer loop
      vertex 4.47533893585 4.0121178627 6.01604795456
      vertex 4.48950815201 4.0121178627 6.01604795456
      vertex 4.47533893585 4.02647781372 5.99604797363
    endloop
  endfacet
  facet normal 0 0.58323353529 -0.812304496765
    outer loop
      vertex 4.48950815201 4.02647781372 5.99604797363
      vertex 4.50367498398 4.0121178627 6.01604795456
      vertex 4.50367498398 4.02647781372 5.99604797363
    endloop
  endfacet
  facet normal 0 0.58323353529 -0.812304496765
    outer loop
      vertex 4.48950815201 4.0121178627 6.01604795456
      vertex 4.50367498398 4.0121178627 6.01604795456
      vertex 4.48950815201 4.02647781372 5.99604797363
    endloop
  endfacet
  facet normal 0 0.58323353529 -0.812304496765
    outer loop
      vertex 4.50367498398 4.02647781372 5.99604797363
      vertex 4.51784276962 4.0121178627 6.01604795456
      vertex 4.51784276962 4.02647781372 5.99604797363
    endloop
  endfacet
  facet normal 0 0.58323353529 -0.812304496765
    outer loop
      vertex 4.50367498398 4.0121178627 6.01604795456
      vertex 4.51784276962 4.0121178627 6.01604795456
      vertex 4.50367498398 4.02647781372 5.99604797363
    endloop
  endfacet
  facet normal 0 0.58323353529 -0.812304496765
    outer loop
      vertex 4.51784276962 4.02647781372 5.99604797363
      vertex 4.5320110321 4.0121178627 6.01604795456
      vertex 4.5320110321 4.02647781372 5.99604797363
    endloop
  endfacet
  facet normal 0 0.58323353529 -0.812304496765
    outer loop
      vertex 4.51784276962 4.0121178627 6.01604795456
      vertex 4.5320110321 4.0121178627 6.01604795456
      vertex 4.51784276962 4.02647781372 5.99604797363
    endloop
  endfacet
  facet normal 0.635637640953 0.450249046087 -0.627088963985
    outer loop
      vertex 4.54617786407 4.0121178627 5.99604797363
      vertex 4.5320110321 4.02647781372 5.99604797363
      vertex 4.5320110321 4.0121178627 6.01604795456
    endloop
  endfacet
  facet normal 0 1 -0
    outer loop
      vertex 4.47533893585 4.04083776474 5.99604797363
      vertex 4.46117210388 4.02647781372 5.99604797363
      vertex 4.47533893585 4.02647781372 5.99604797363
    endloop
  endfacet
  facet normal 0 1 0
    outer loop
      vertex 4.48950815201 4.02647781372 5.99604797363
      vertex 4.48950815201 4.04083776474 5.99604797363
      vertex 4.47533893585 4.02647781372 5.99604797363
    endloop
  endfacet
  facet normal 0 1 0
    outer loop
      vertex 4.48950815201 4.04083776474 5.99604797363
      vertex 4.47533893585 4.04083776474 5.99604797363
      vertex 4.47533893585 4.02647781372 5.99604797363
    endloop
  endfacet
  facet normal 0 1 0
    outer loop
      vertex 4.50367498398 4.02647781372 5.99604797363
      vertex 4.50367498398 4.04083776474 5.99604797363
      vertex 4.48950815201 4.02647781372 5.99604797363
    endloop
  endfacet
  facet normal 0 1 0
    outer loop
      vertex 4.50367498398 4.04083776474 5.99604797363
      vertex 4.48950815201 4.04083776474 5.99604797363
      vertex 4.48950815201 4.02647781372 5.99604797363
    endloop
  endfacet
  facet normal 0 1 0
    outer loop
      vertex 4.51784276962 4.02647781372 5.99604797363
      vertex 4.51784276962 4.04083776474 5.99604797363
      vertex 4.50367498398 4.02647781372 5.99604797363
    endloop
  endfacet
  facet normal 0 1 0
    outer loop
      vertex 4.51784276962 4.04083776474 5.99604797363
      vertex 4.50367498398 4.04083776474 5.99604797363
      vertex 4.50367498398 4.02647781372 5.99604797363
    endloop
  endfacet
  facet normal 0 1 0
    outer loop
      vertex 4.5320110321 4.02647781372 5.99604797363
      vertex 4.51784276962 4.04083776474 5.99604797363
      vertex 4.51784276962 4.02647781372 5.99604797363
    endloop
  endfacet
  facet normal 0 -1 -0
    outer loop
      vertex 4.51784276962 3.86852097511 6.03604793549
      vertex 4.50367498398 3.88288092613 6.03604793549
      vertex 4.51784276962 3.88288092613 6.03604793549
    endloop
  endfacet
  facet normal -0 -1 -0
    outer loop
      vertex 4.5320110321 3.86852097511 6.03604793549
      vertex 4.51784276962 3.86852097511 6.03604793549
      vertex 4.5320110321 3.88288092613 6.03604793549
    endloop
  endfacet
  facet normal 0 -1 0
    outer loop
      vertex 4.5320110321 3.88288092613 6.03604793549
      vertex 4.51784276962 3.86852097511 6.03604793549
      vertex 4.51784276962 3.88288092613 6.03604793549
    endloop
  endfacet
  facet normal -0 -1 -0
    outer loop
      vertex 4.54617786407 3.86852097511 6.03604793549
      vertex 4.5320110321 3.86852097511 6.03604793549
      vertex 4.54617786407 3.88288092613 6.03604793549
    endloop
  endfacet
  facet normal 0 -1 0
    outer loop
      vertex 4.54617786407 3.88288092613 6.03604793549
      vertex 4.5320110321 3.86852097511 6.03604793549
      vertex 4.5320110321 3.88288092613 6.03604793549
    endloop
  endfacet
  facet normal 0 -1 0
    outer loop
      vertex 4.56034612656 3.88288092613 6.03604793549
      vertex 4.54617786407 3.86852097511 6.03604793549
      vertex 4.54617786407 3.88288092613 6.03604793549
    endloop
  endfacet
  facet normal 0 1 0
    outer loop
      vertex 4.46117210388 3.83980202675 6.11604785919
      vertex 4.4470038414 3.85416102409 6.11604785919
      vertex 4.4470038414 3.83980202675 6.11604785919
    endloop
  endfacet
  facet normal -0 -1 -0
    outer loop
      vertex 4.51784276962 3.88288092613 6.03604793549
      vertex 4.50367498398 3.88288092613 6.03604793549
      vertex 4.51784276962 3.89724111557 6.03604793549
    endloop
  endfacet
  facet normal 0 -1 0
    outer loop
      vertex 4.51784276962 3.89724111557 6.03604793549
      vertex 4.50367498398 3.88288092613 6.03604793549
      vertex 4.50367498398 3.89724111557 6.03604793549
    endloop
  endfacet
  facet normal -0 -1 -0
    outer loop
      vertex 4.5320110321 3.88288092613 6.03604793549
      vertex 4.51784276962 3.88288092613 6.03604793549
      vertex 4.5320110321 3.89724111557 6.03604793549
    endloop
  endfacet
  facet normal 0 -1 0
    outer loop
      vertex 4.5320110321 3.89724111557 6.03604793549
      vertex 4.51784276962 3.88288092613 6.03604793549
      vertex 4.51784276962 3.89724111557 6.03604793549
    endloop
  endfacet
  facet normal -0 -1 -0
    outer loop
      vertex 4.54617786407 3.88288092613 6.03604793549
      vertex 4.5320110321 3.88288092613 6.03604793549
      vertex 4.54617786407 3.89724111557 6.03604793549
    endloop
  endfacet
  facet normal 0 -1 0
    outer loop
      vertex 4.54617786407 3.89724111557 6.03604793549
      vertex 4.5320110321 3.88288092613 6.03604793549
      vertex 4.5320110321 3.89724111557 6.03604793549
    endloop
  endfacet
  facet normal -0 -1 -0
    outer loop
      vertex 4.56034612656 3.88288092613 6.03604793549
      vertex 4.54617786407 3.88288092613 6.03604793549
      vertex 4.56034612656 3.89724111557 6.03604793549
    endloop
  endfacet
  facet normal 0 -1 0
    outer loop
      vertex 4.56034612656 3.89724111557 6.03604793549
      vertex 4.54617786407 3.88288092613 6.03604793549
      vertex 4.54617786407 3.89724111557 6.03604793549
    endloop
  endfacet
  facet normal 0 1 -0
    outer loop
      vertex 4.4470038414 3.85416102409 6.11604785919
      vertex 4.43283700943 3.83980202675 6.11604785919
      vertex 4.4470038414 3.83980202675 6.11604785919
    endloop
  endfacet
  facet normal 0 1 0
    outer loop
      vertex 4.50367498398 3.85416102409 6.09604787827
      vertex 4.48950815201 3.86852097511 6.09604787827
      vertex 4.48950815201 3.85416102409 6.09604787827
    endloop
  endfacet
  facet normal 0 1 0
    outer loop
      vertex 4.48950815201 3.86852097511 6.09604787827
      vertex 4.47533893585 3.86852097511 6.09604787827
      vertex 4.47533893585 3.85416102409 6.09604787827
    endloop
  endfacet
  facet normal 0 1 0
    outer loop
      vertex 4.48950815201 3.85416102409 6.09604787827
      vertex 4.48950815201 3.86852097511 6.09604787827
      vertex 4.47533893585 3.85416102409 6.09604787827
    endloop
  endfacet
  facet normal 0 1 0
    outer loop
      vertex 4.47533893585 3.86852097511 6.09604787827
      vertex 4.46117210388 3.86852097511 6.09604787827
      vertex 4.46117210388 3.85416102409 6.09604787827
    endloop
  endfacet
  facet normal -0.635611772537 -0.450260996819 0.62710660696
    outer loop
      vertex 4.51784276962 3.91160106659 6.01604795456
      vertex 4.51784276962 3.89724111557 6.03604793549
      vertex 4.50367498398 3.91160106659 6.03604793549
    endloop
  endfacet
  facet normal -0 -1 0
    outer loop
      vertex 4.51784276962 3.89724111557 6.03604793549
      vertex 4.50367498398 3.89724111557 6.03604793549
      vertex 4.50367498398 3.91160106659 6.03604793549
    endloop
  endfacet
  facet normal 0 -0.583232939243 0.812304973602
    outer loop
      vertex 4.5320110321 3.91160106659 6.01604795456
      vertex 4.51784276962 3.89724111557 6.03604793549
      vertex 4.51784276962 3.91160106659 6.01604795456
    endloop
  endfacet
  facet normal 0 -0.583232939243 0.812304973602
    outer loop
      vertex 4.5320110321 3.89724111557 6.03604793549
      vertex 4.51784276962 3.89724111557 6.03604793549
      vertex 4.5320110321 3.91160106659 6.01604795456
    endloop
  endfacet
  facet normal 0 -0.583232939243 0.812304973602
    outer loop
      vertex 4.54617786407 3.91160106659 6.01604795456
      vertex 4.5320110321 3.89724111557 6.03604793549
      vertex 4.5320110321 3.91160106659 6.01604795456
    endloop
  endfacet
  facet normal 0 -0.583232939243 0.812304973602
    outer loop
      vertex 4.54617786407 3.89724111557 6.03604793549
      vertex 4.5320110321 3.89724111557 6.03604793549
      vertex 4.54617786407 3.91160106659 6.01604795456
    endloop
  endfacet
  facet normal 0 -0.583232939243 0.812304973602
    outer loop
      vertex 4.56034612656 3.91160106659 6.01604795456
      vertex 4.54617786407 3.89724111557 6.03604793549
      vertex 4.54617786407 3.91160106659 6.01604795456
    endloop
  endfacet
  facet normal 0 -0.583232939243 0.812304973602
    outer loop
      vertex 4.56034612656 3.89724111557 6.03604793549
      vertex 4.54617786407 3.89724111557 6.03604793549
      vertex 4.56034612656 3.91160106659 6.01604795456
    endloop
  endfacet
  facet normal 0.635637283325 -0.450248777866 0.627089560032
    outer loop
      vertex 4.56034612656 3.91160106659 6.01604795456
      vertex 4.57451295853 3.91160106659 6.03604793549
      vertex 4.56034612656 3.89724111557 6.03604793549
    endloop
  endfacet
  facet normal 0 1 0
    outer loop
      vertex 4.47533893585 3.85416102409 6.09604787827
      vertex 4.47533893585 3.86852097511 6.09604787827
      vertex 4.46117210388 3.85416102409 6.09604787827
    endloop
  endfacet
  facet normal 0 1 0
    outer loop
      vertex 4.46117210388 3.85416102409 6.09604787827
      vertex 4.46117210388 3.86852097511 6.09604787827
      vertex 4.4470038414 3.86852097511 6.09604787827
    endloop
  endfacet
  facet normal 0.635599076748 0.450267314911 -0.627114892006
    outer loop
      vertex 4.4470038414 3.85416102409 6.11604785919
      vertex 4.46117210388 3.85416102409 6.09604787827
      vertex 4.4470038414 3.86852097511 6.09604787827
    endloop
  endfacet
  facet normal -0 -1 -0
    outer loop
      vertex 4.48950815201 3.91160106659 6.03604793549
      vertex 4.47533893585 3.91160106659 6.03604793549
      vertex 4.48950815201 3.92596006393 6.03604793549
    endloop
  endfacet
  facet normal 0 -1 0
    outer loop
      vertex 4.48950815201 3.92596006393 6.03604793549
      vertex 4.47533893585 3.91160106659 6.03604793549
      vertex 4.47533893585 3.92596006393 6.03604793549
    endloop
  endfacet
  facet normal -0.635621070862 -0.450237303972 0.62711417675
    outer loop
      vertex 4.50367498398 3.92596006393 6.01604795456
      vertex 4.50367498398 3.91160106659 6.03604793549
      vertex 4.48950815201 3.92596006393 6.03604793549
    endloop
  endfacet
  facet normal -0 -1 0
    outer loop
      vertex 4.50367498398 3.91160106659 6.03604793549
      vertex 4.48950815201 3.91160106659 6.03604793549
      vertex 4.48950815201 3.92596006393 6.03604793549
    endloop
  endfacet
  facet normal -0.635595619678 -0.450249522924 0.627131223679
    outer loop
      vertex 4.51784276962 3.91160106659 6.01604795456
      vertex 4.50367498398 3.91160106659 6.03604793549
      vertex 4.50367498398 3.92596006393 6.01604795456
    endloop
  endfacet
  facet normal 0.635621070862 -0.450237303972 0.62711417675
    outer loop
      vertex 4.56034612656 3.91160106659 6.01604795456
      vertex 4.57451295853 3.92596006393 6.01604795456
      vertex 4.57451295853 3.91160106659 6.03604793549
    endloop
  endfacet
  facet normal 0 -0.583208024502 0.812322854996
    outer loop
      vertex 4.58868122101 3.92596006393 6.01604795456
      vertex 4.57451295853 3.91160106659 6.03604793549
      vertex 4.57451295853 3.92596006393 6.01604795456
    endloop
  endfacet
  facet normal 0 -0.583208024502 0.812322854996
    outer loop
      vertex 4.58868122101 3.91160106659 6.03604793549
      vertex 4.57451295853 3.91160106659 6.03604793549
      vertex 4.58868122101 3.92596006393 6.01604795456
    endloop
  endfacet
  facet normal 1 0 0
    outer loop
      vertex 4.58868122101 3.91160106659 6.03604793549
      vertex 4.58868122101 3.92596006393 6.01604795456
      vertex 4.58868122101 3.92596006393 6.03604793549
    endloop
  endfacet
  facet normal 0 -1 0
    outer loop
      vertex 4.4470038414 3.92596006393 6.03604793549
      vertex 4.46117210388 3.94032001495 6.03604793549
      vertex 4.46117210388 3.92596006393 6.03604793549
    endloop
  endfacet
  facet normal -0 -1 -0
    outer loop
      vertex 4.47533893585 3.92596006393 6.03604793549
      vertex 4.46117210388 3.92596006393 6.03604793549
      vertex 4.47533893585 3.94032001495 6.03604793549
    endloop
  endfacet
  facet normal 0 -1 0
    outer loop
      vertex 4.47533893585 3.94032001495 6.03604793549
      vertex 4.46117210388 3.92596006393 6.03604793549
      vertex 4.46117210388 3.94032001495 6.03604793549
    endloop
  endfacet
  facet normal -0.635573983192 -0.45027962327 0.627131521702
    outer loop
      vertex 4.48950815201 3.94032001495 6.01604795456
      vertex 4.48950815201 3.92596006393 6.03604793549
      vertex 4.47533893585 3.94032001495 6.03604793549
    endloop
  endfacet
  facet normal -0 -1 0
    outer loop
      vertex 4.48950815201 3.92596006393 6.03604793549
      vertex 4.47533893585 3.92596006393 6.03604793549
      vertex 4.47533893585 3.94032001495 6.03604793549
    endloop
  endfacet
  facet normal -0.635637700558 -0.450249046087 0.627088963985
    outer loop
      vertex 4.50367498398 3.92596006393 6.01604795456
      vertex 4.48950815201 3.92596006393 6.03604793549
      vertex 4.48950815201 3.94032001495 6.01604795456
    endloop
  endfacet
  facet normal 1 -0 0
    outer loop
      vertex 4.58868122101 3.92596006393 6.01604795456
      vertex 4.58868122101 3.94032001495 6.01604795456
      vertex 4.58868122101 3.92596006393 6.03604793549
    endloop
  endfacet
  facet normal 1 0 0
    outer loop
      vertex 4.58868122101 3.92596006393 6.03604793549
      vertex 4.58868122101 3.94032001495 6.01604795456
      vertex 4.58868122101 3.94032001495 6.03604793549
    endloop
  endfacet
  facet normal -0.635620772839 -0.450236976147 0.627114772797
    outer loop
      vertex 4.47533893585 3.9546790123 6.01604795456
      vertex 4.47533893585 3.94032001495 6.03604793549
      vertex 4.46117210388 3.9546790123 6.03604793549
    endloop
  endfacet
  facet normal -0 -1 0
    outer loop
      vertex 4.47533893585 3.94032001495 6.03604793549
      vertex 4.46117210388 3.94032001495 6.03604793549
      vertex 4.46117210388 3.9546790123 6.03604793549
    endloop
  endfacet
  facet normal -0.635556995869 -0.450267583132 0.627157390118
    outer loop
      vertex 4.48950815201 3.94032001495 6.01604795456
      vertex 4.47533893585 3.94032001495 6.03604793549
      vertex 4.47533893585 3.9546790123 6.01604795456
    endloop
  endfacet
  facet normal 0.635620653629 0.450237005949 -0.627114832401
    outer loop
      vertex 4.57451295853 3.9546790123 6.01604795456
      vertex 4.56034612656 3.9546790123 6.03604793549
      vertex 4.57451295853 3.94032001495 6.03604793549
    endloop
  endfacet
  facet normal 0 0.583207428455 -0.812323272228
    outer loop
      vertex 4.57451295853 3.9546790123 6.01604795456
      vertex 4.58868122101 3.94032001495 6.03604793549
      vertex 4.58868122101 3.9546790123 6.01604795456
    endloop
  endfacet
  facet normal 0 0.583207428455 -0.812323272228
    outer loop
      vertex 4.57451295853 3.94032001495 6.03604793549
      vertex 4.58868122101 3.94032001495 6.03604793549
      vertex 4.57451295853 3.9546790123 6.01604795456
    endloop
  endfacet
  facet normal 1 0 0
    outer loop
      vertex 4.58868122101 3.9546790123 6.01604795456
      vertex 4.58868122101 3.94032001495 6.03604793549
      vertex 4.58868122101 3.94032001495 6.01604795456
    endloop
  endfacet
  facet normal -1 0 0
    outer loop
      vertex 4.46117210388 3.96903896332 6.01604795456
      vertex 4.46117210388 3.9546790123 6.03604793549
      vertex 4.46117210388 3.96903896332 6.03604793549
    endloop
  endfacet
  facet normal -0.635637760162 -0.450249016285 0.627088904381
    outer loop
      vertex 4.47533893585 3.9546790123 6.01604795456
      vertex 4.46117210388 3.9546790123 6.03604793549
      vertex 4.46117210388 3.96903896332 6.01604795456
    endloop
  endfacet
  facet normal 0.63559949398 0.450267344713 -0.627114474773
    outer loop
      vertex 4.56034612656 3.96903896332 6.01604795456
      vertex 4.54617786407 3.96903896332 6.03604793549
      vertex 4.56034612656 3.9546790123 6.03604793549
    endloop
  endfacet
  facet normal 0.635637640953 0.450249046087 -0.627088963985
    outer loop
      vertex 4.56034612656 3.9546790123 6.03604793549
      vertex 4.57451295853 3.9546790123 6.01604795456
      vertex 4.56034612656 3.96903896332 6.01604795456
    endloop
  endfacet
  facet normal 0 1 0
    outer loop
      vertex 4.57451295853 3.9546790123 6.01604795456
      vertex 4.57451295853 3.96903896332 6.01604795456
      vertex 4.56034612656 3.96903896332 6.01604795456
    endloop
  endfacet
  facet normal 0 1 0
    outer loop
      vertex 4.58868122101 3.9546790123 6.01604795456
      vertex 4.57451295853 3.96903896332 6.01604795456
      vertex 4.57451295853 3.9546790123 6.01604795456
    endloop
  endfacet
  facet normal -1 -0 0
    outer loop
      vertex 4.46117210388 3.96903896332 6.03604793549
      vertex 4.46117210388 3.98339796066 6.01604795456
      vertex 4.46117210388 3.96903896332 6.01604795456
    endloop
  endfacet
  facet normal -0.635620772839 0.450236976147 -0.627114772797
    outer loop
      vertex 4.46117210388 3.96903896332 6.03604793549
      vertex 4.47533893585 3.98339796066 6.03604793549
      vertex 4.46117210388 3.98339796066 6.01604795456
    endloop
  endfacet
  facet normal 0.635620653629 0.450237005949 -0.627114832401
    outer loop
      vertex 4.54617786407 3.98339796066 6.01604795456
      vertex 4.5320110321 3.98339796066 6.03604793549
      vertex 4.54617786407 3.96903896332 6.03604793549
    endloop
  endfacet
  facet normal 0.635582566261 0.450255334377 -0.627140283585
    outer loop
      vertex 4.54617786407 3.96903896332 6.03604793549
      vertex 4.56034612656 3.96903896332 6.01604795456
      vertex 4.54617786407 3.98339796066 6.01604795456
    endloop
  endfacet
  facet normal 0 1 0
    outer loop
      vertex 4.56034612656 3.96903896332 6.01604795456
      vertex 4.56034612656 3.98339796066 6.01604795456
      vertex 4.54617786407 3.98339796066 6.01604795456
    endloop
  endfacet
  facet normal 0 1 0
    outer loop
      vertex 4.57451295853 3.96903896332 6.01604795456
      vertex 4.57451295853 3.98339796066 6.01604795456
      vertex 4.56034612656 3.96903896332 6.01604795456
    endloop
  endfacet
  facet normal 0 1 0
    outer loop
      vertex 4.57451295853 3.98339796066 6.01604795456
      vertex 4.56034612656 3.98339796066 6.01604795456
      vertex 4.56034612656 3.96903896332 6.01604795456
    endloop
  endfacet
  facet normal -0.635637760162 0.450249016285 -0.627088904381
    outer loop
      vertex 4.47533893585 3.98339796066 6.03604793549
      vertex 4.47533893585 3.99775791168 6.01604795456
      vertex 4.46117210388 3.98339796066 6.01604795456
    endloop
  endfacet
  facet normal 0 1 0
    outer loop
      vertex 4.47533893585 3.99775791168 6.01604795456
      vertex 4.46117210388 3.99775791168 6.01604795456
      vertex 4.46117210388 3.98339796066 6.01604795456
    endloop
  endfacet
  facet normal 0 0.58323353529 -0.812304496765
    outer loop
      vertex 4.47533893585 3.99775791168 6.01604795456
      vertex 4.48950815201 3.98339796066 6.03604793549
      vertex 4.48950815201 3.99775791168 6.01604795456
    endloop
  endfacet
  facet normal 0 0.58323353529 -0.812304496765
    outer loop
      vertex 4.47533893585 3.98339796066 6.03604793549
      vertex 4.48950815201 3.98339796066 6.03604793549
      vertex 4.47533893585 3.99775791168 6.01604795456
    endloop
  endfacet
  facet normal 0 0.58323353529 -0.812304496765
    outer loop
      vertex 4.48950815201 3.99775791168 6.01604795456
      vertex 4.50367498398 3.98339796066 6.03604793549
      vertex 4.50367498398 3.99775791168 6.01604795456
    endloop
  endfacet
  facet normal 0 0.58323353529 -0.812304496765
    outer loop
      vertex 4.48950815201 3.98339796066 6.03604793549
      vertex 4.50367498398 3.98339796066 6.03604793549
      vertex 4.48950815201 3.99775791168 6.01604795456
    endloop
  endfacet
  facet normal 0 0.58323353529 -0.812304496765
    outer loop
      vertex 4.50367498398 3.99775791168 6.01604795456
      vertex 4.51784276962 3.98339796066 6.03604793549
      vertex 4.51784276962 3.99775791168 6.01604795456
    endloop
  endfacet
  facet normal 0 0.58323353529 -0.812304496765
    outer loop
      vertex 4.50367498398 3.98339796066 6.03604793549
      vertex 4.51784276962 3.98339796066 6.03604793549
      vertex 4.50367498398 3.99775791168 6.01604795456
    endloop
  endfacet
  facet normal 0 0.58323353529 -0.812304496765
    outer loop
      vertex 4.51784276962 3.99775791168 6.01604795456
      vertex 4.5320110321 3.98339796066 6.03604793549
      vertex 4.5320110321 3.99775791168 6.01604795456
    endloop
  endfacet
  facet normal 0 0.58323353529 -0.812304496765
    outer loop
      vertex 4.51784276962 3.98339796066 6.03604793549
      vertex 4.5320110321 3.98339796066 6.03604793549
      vertex 4.51784276962 3.99775791168 6.01604795456
    endloop
  endfacet
  facet normal 0.635637640953 0.450249046087 -0.627088963985
    outer loop
      vertex 4.5320110321 3.98339796066 6.03604793549
      vertex 4.54617786407 3.98339796066 6.01604795456
      vertex 4.5320110321 3.99775791168 6.01604795456
    endloop
  endfacet
  facet normal 0 1 0
    outer loop
      vertex 4.54617786407 3.98339796066 6.01604795456
      vertex 4.54617786407 3.99775791168 6.01604795456
      vertex 4.5320110321 3.99775791168 6.01604795456
    endloop
  endfacet
  facet normal 0 1 0
    outer loop
      vertex 4.56034612656 3.98339796066 6.01604795456
      vertex 4.56034612656 3.99775791168 6.01604795456
      vertex 4.54617786407 3.98339796066 6.01604795456
    endloop
  endfacet
  facet normal 0 1 0
    outer loop
      vertex 4.56034612656 3.99775791168 6.01604795456
      vertex 4.54617786407 3.99775791168 6.01604795456
      vertex 4.54617786407 3.98339796066 6.01604795456
    endloop
  endfacet
  facet normal 0 1 0
    outer loop
      vertex 4.57451295853 3.98339796066 6.01604795456
      vertex 4.56034612656 3.99775791168 6.01604795456
      vertex 4.56034612656 3.98339796066 6.01604795456
    endloop
  endfacet
  facet normal 0 1 0
    outer loop
      vertex 4.47533893585 3.99775791168 6.01604795456
      vertex 4.47533893585 4.0121178627 6.01604795456
      vertex 4.46117210388 3.99775791168 6.01604795456
    endloop
  endfacet
  facet normal 0 1 0
    outer loop
      vertex 4.47533893585 4.0121178627 6.01604795456
      vertex 4.46117210388 4.0121178627 6.01604795456
      vertex 4.46117210388 3.99775791168 6.01604795456
    endloop
  endfacet
  facet normal 0 1 0
    outer loop
      vertex 4.48950815201 3.99775791168 6.01604795456
      vertex 4.48950815201 4.0121178627 6.01604795456
      vertex 4.47533893585 3.99775791168 6.01604795456
    endloop
  endfacet
  facet normal 0 1 0
    outer loop
      vertex 4.48950815201 4.0121178627 6.01604795456
      vertex 4.47533893585 4.0121178627 6.01604795456
      vertex 4.47533893585 3.99775791168 6.01604795456
    endloop
  endfacet
  facet normal 0 1 0
    outer loop
      vertex 4.50367498398 3.99775791168 6.01604795456
      vertex 4.50367498398 4.0121178627 6.01604795456
      vertex 4.48950815201 3.99775791168 6.01604795456
    endloop
  endfacet
  facet normal 0 1 0
    outer loop
      vertex 4.50367498398 4.0121178627 6.01604795456
      vertex 4.48950815201 4.0121178627 6.01604795456
      vertex 4.48950815201 3.99775791168 6.01604795456
    endloop
  endfacet
  facet normal 0 1 0
    outer loop
      vertex 4.51784276962 3.99775791168 6.01604795456
      vertex 4.51784276962 4.0121178627 6.01604795456
      vertex 4.50367498398 3.99775791168 6.01604795456
    endloop
  endfacet
  facet normal 0 1 0
    outer loop
      vertex 4.51784276962 4.0121178627 6.01604795456
      vertex 4.50367498398 4.0121178627 6.01604795456
      vertex 4.50367498398 3.99775791168 6.01604795456
    endloop
  endfacet
  facet normal 0 1 0
    outer loop
      vertex 4.5320110321 3.99775791168 6.01604795456
      vertex 4.5320110321 4.0121178627 6.01604795456
      vertex 4.51784276962 3.99775791168 6.01604795456
    endloop
  endfacet
  facet normal 0 1 0
    outer loop
      vertex 4.5320110321 4.0121178627 6.01604795456
      vertex 4.51784276962 4.0121178627 6.01604795456
      vertex 4.51784276962 3.99775791168 6.01604795456
    endloop
  endfacet
  facet normal 0 1 0
    outer loop
      vertex 4.54617786407 3.99775791168 6.01604795456
      vertex 4.5320110321 4.0121178627 6.01604795456
      vertex 4.5320110321 3.99775791168 6.01604795456
    endloop
  endfacet
  facet normal 0 -1 -0
    outer loop
      vertex 4.51784276962 3.83980202675 6.05604791641
      vertex 4.50367498398 3.85416102409 6.05604791641
      vertex 4.51784276962 3.85416102409 6.05604791641
    endloop
  endfacet
  facet normal -0 -1 -0
    outer loop
      vertex 4.5320110321 3.83980202675 6.05604791641
      vertex 4.51784276962 3.83980202675 6.05604791641
      vertex 4.5320110321 3.85416102409 6.05604791641
    endloop
  endfacet
  facet normal 0 -1 0
    outer loop
      vertex 4.5320110321 3.85416102409 6.05604791641
      vertex 4.51784276962 3.83980202675 6.05604791641
      vertex 4.51784276962 3.85416102409 6.05604791641
    endloop
  endfacet
  facet normal 0 1 0
    outer loop
      vertex 4.5320110321 3.78236198425 6.13604784012
      vertex 4.51784276962 3.79672193527 6.13604784012
      vertex 4.51784276962 3.78236198425 6.13604784012
    endloop
  endfacet
  facet normal 0 -1 0
    outer loop
      vertex 4.54617786407 3.85416102409 6.05604791641
      vertex 4.5320110321 3.83980202675 6.05604791641
      vertex 4.5320110321 3.85416102409 6.05604791641
    endloop
  endfacet
  facet normal 0 1 0
    outer loop
      vertex 4.54617786407 3.76800298691 6.13604784012
      vertex 4.5320110321 3.78236198425 6.13604784012
      vertex 4.5320110321 3.76800298691 6.13604784012
    endloop
  endfacet
  facet normal 0 1 0
    outer loop
      vertex 4.5320110321 3.76800298691 6.13604784012
      vertex 4.5320110321 3.78236198425 6.13604784012
      vertex 4.51784276962 3.78236198425 6.13604784012
    endloop
  endfacet
  facet normal 0 1 0
    outer loop
      vertex 4.54617786407 3.76800298691 6.13604784012
      vertex 4.5320110321 3.76800298691 6.13604784012
      vertex 4.5320110321 3.75364398956 6.13604784012
    endloop
  endfacet
  facet normal -1 -0 0
    outer loop
      vertex 4.4470038414 3.85416102409 6.11604785919
      vertex 4.4470038414 3.86852097511 6.09604787827
      vertex 4.4470038414 3.85416102409 6.09604787827
    endloop
  endfacet
  facet normal 0 0.583207726479 -0.81232303381
    outer loop
      vertex 4.47533893585 3.83980202675 6.11604785919
      vertex 4.48950815201 3.83980202675 6.11604785919
      vertex 4.47533893585 3.85416102409 6.09604787827
    endloop
  endfacet
  facet normal 0 0.583207726479 -0.81232303381
    outer loop
      vertex 4.47533893585 3.85416102409 6.09604787827
      vertex 4.48950815201 3.83980202675 6.11604785919
      vertex 4.48950815201 3.85416102409 6.09604787827
    endloop
  endfacet
  facet normal -0.635612010956 -0.45026114583 0.627106308937
    outer loop
      vertex 4.51784276962 3.86852097511 6.03604793549
      vertex 4.51784276962 3.85416102409 6.05604791641
      vertex 4.50367498398 3.86852097511 6.05604791641
    endloop
  endfacet
  facet normal -0 -1 0
    outer loop
      vertex 4.51784276962 3.85416102409 6.05604791641
      vertex 4.50367498398 3.85416102409 6.05604791641
      vertex 4.50367498398 3.86852097511 6.05604791641
    endloop
  endfacet
  facet normal 0 -0.583233237267 0.812304735184
    outer loop
      vertex 4.5320110321 3.86852097511 6.03604793549
      vertex 4.51784276962 3.85416102409 6.05604791641
      vertex 4.51784276962 3.86852097511 6.03604793549
    endloop
  endfacet
  facet normal 0 -0.583233237267 0.812304735184
    outer loop
      vertex 4.5320110321 3.85416102409 6.05604791641
      vertex 4.51784276962 3.85416102409 6.05604791641
      vertex 4.5320110321 3.86852097511 6.03604793549
    endloop
  endfacet
  facet normal 0 -0.583233237267 0.812304735184
    outer loop
      vertex 4.54617786407 3.86852097511 6.03604793549
      vertex 4.5320110321 3.85416102409 6.05604791641
      vertex 4.5320110321 3.86852097511 6.03604793549
    endloop
  endfacet
  facet normal 0 -0.583233237267 0.812304735184
    outer loop
      vertex 4.54617786407 3.85416102409 6.05604791641
      vertex 4.5320110321 3.85416102409 6.05604791641
      vertex 4.54617786407 3.86852097511 6.03604793549
    endloop
  endfacet
  facet normal 0.635599315166 -0.450267225504 0.627114772797
    outer loop
      vertex 4.54617786407 3.86852097511 6.03604793549
      vertex 4.56034612656 3.86852097511 6.05604791641
      vertex 4.54617786407 3.85416102409 6.05604791641
    endloop
  endfacet
  facet normal 0 1 0
    outer loop
      vertex 4.54617786407 3.75364398956 6.13604784012
      vertex 4.54617786407 3.76800298691 6.13604784012
      vertex 4.5320110321 3.75364398956 6.13604784012
    endloop
  endfacet
  facet normal 0 1 0
    outer loop
      vertex 4.56034612656 3.73928403854 6.13604784012
      vertex 4.54617786407 3.75364398956 6.13604784012
      vertex 4.54617786407 3.73928403854 6.13604784012
    endloop
  endfacet
  facet normal 0 1 0
    outer loop
      vertex 4.54617786407 3.73928403854 6.13604784012
      vertex 4.54617786407 3.75364398956 6.13604784012
      vertex 4.5320110321 3.75364398956 6.13604784012
    endloop
  endfacet
  facet normal 0 0.583207726479 -0.81232303381
    outer loop
      vertex 4.46117210388 3.83980202675 6.11604785919
      vertex 4.47533893585 3.83980202675 6.11604785919
      vertex 4.46117210388 3.85416102409 6.09604787827
    endloop
  endfacet
  facet normal 0 0.583207726479 -0.81232303381
    outer loop
      vertex 4.46117210388 3.85416102409 6.09604787827
      vertex 4.47533893585 3.83980202675 6.11604785919
      vertex 4.47533893585 3.85416102409 6.09604787827
    endloop
  endfacet
  facet normal 0.635582506657 0.450255572796 -0.627140164375
    outer loop
      vertex 4.46117210388 3.85416102409 6.09604787827
      vertex 4.4470038414 3.85416102409 6.11604785919
      vertex 4.46117210388 3.83980202675 6.11604785919
    endloop
  endfacet
  facet normal -1 0 0
    outer loop
      vertex 4.4470038414 3.85416102409 6.11604785919
      vertex 4.4470038414 3.85416102409 6.09604787827
      vertex 4.4470038414 3.83980202675 6.09604787827
    endloop
  endfacet
  facet normal -0.635612010956 -0.45026114583 0.627106308937
    outer loop
      vertex 4.51784276962 3.86852097511 6.03604793549
      vertex 4.50367498398 3.86852097511 6.05604791641
      vertex 4.50367498398 3.88288092613 6.03604793549
    endloop
  endfacet
  facet normal 0.635599315166 -0.450267225504 0.627114772797
    outer loop
      vertex 4.54617786407 3.86852097511 6.03604793549
      vertex 4.56034612656 3.88288092613 6.03604793549
      vertex 4.56034612656 3.86852097511 6.05604791641
    endloop
  endfacet
  facet normal 0.635637462139 -0.450248897076 0.627089262009
    outer loop
      vertex 4.56034612656 3.88288092613 6.03604793549
      vertex 4.57451295853 3.88288092613 6.05604791641
      vertex 4.56034612656 3.86852097511 6.05604791641
    endloop
  endfacet
  facet normal 0 -1 0
    outer loop
      vertex 4.57451295853 3.88288092613 6.05604791641
      vertex 4.57451295853 3.86852097511 6.05604791641
      vertex 4.56034612656 3.86852097511 6.05604791641
    endloop
  endfacet
  facet normal -0.635621011257 -0.450237095356 -0.627114415169
    outer loop
      vertex 4.43283700943 3.83980202675 6.11604785919
      vertex 4.4470038414 3.85416102409 6.11604785919
      vertex 4.4470038414 3.83980202675 6.09604787827
    endloop
  endfacet
  facet normal 0 1 0
    outer loop
      vertex 4.50367498398 3.91160106659 6.07604789734
      vertex 4.48950815201 3.91160106659 6.07604789734
      vertex 4.48950815201 3.89724111557 6.07604789734
    endloop
  endfacet
  facet normal 0 1 0
    outer loop
      vertex 4.50367498398 3.89724111557 6.07604789734
      vertex 4.50367498398 3.91160106659 6.07604789734
      vertex 4.48950815201 3.89724111557 6.07604789734
    endloop
  endfacet
  facet normal 0 1 -0
    outer loop
      vertex 4.48950815201 3.91160106659 6.07604789734
      vertex 4.47533893585 3.89724111557 6.07604789734
      vertex 4.48950815201 3.89724111557 6.07604789734
    endloop
  endfacet
  facet normal 0.816021025181 -0.578022241592 0
    outer loop
      vertex 4.57451295853 3.88288092613 6.05604791641
      vertex 4.56034612656 3.89724111557 6.03604793549
      vertex 4.57451295853 3.89724111557 6.05604791641
    endloop
  endfacet
  facet normal 0.816021025181 -0.578022241592 0
    outer loop
      vertex 4.56034612656 3.88288092613 6.03604793549
      vertex 4.56034612656 3.89724111557 6.03604793549
      vertex 4.57451295853 3.88288092613 6.05604791641
    endloop
  endfacet
  facet normal 0 1 0
    outer loop
      vertex 4.50367498398 3.89724111557 6.07604789734
      vertex 4.48950815201 3.89724111557 6.07604789734
      vertex 4.48950815201 3.88288092613 6.07604789734
    endloop
  endfacet
  facet normal 0 1 0
    outer loop
      vertex 4.50367498398 3.88288092613 6.07604789734
      vertex 4.50367498398 3.89724111557 6.07604789734
      vertex 4.48950815201 3.88288092613 6.07604789734
    endloop
  endfacet
  facet normal 0.635637283325 0.450248777866 0.627089560032
    outer loop
      vertex 4.57451295853 3.91160106659 6.03604793549
      vertex 4.56034612656 3.91160106659 6.05604791641
      vertex 4.56034612656 3.89724111557 6.03604793549
    endloop
  endfacet
  facet normal 0.635637283325 -0.450248777866 -0.627089560032
    outer loop
      vertex 4.57451295853 3.89724111557 6.05604791641
      vertex 4.56034612656 3.89724111557 6.03604793549
      vertex 4.56034612656 3.91160106659 6.05604791641
    endloop
  endfacet
  facet normal 0 1 0
    outer loop
      vertex 4.48950815201 3.89724111557 6.07604789734
      vertex 4.47533893585 3.89724111557 6.07604789734
      vertex 4.47533893585 3.88288092613 6.07604789734
    endloop
  endfacet
  facet normal 0 1 0
    outer loop
      vertex 4.48950815201 3.88288092613 6.07604789734
      vertex 4.48950815201 3.89724111557 6.07604789734
      vertex 4.47533893585 3.88288092613 6.07604789734
    endloop
  endfacet
  facet normal 0.635582923889 0.450255602598 -0.627139687538
    outer loop
      vertex 4.56034612656 3.92596006393 6.03604793549
      vertex 4.54617786407 3.92596006393 6.05604791641
      vertex 4.56034612656 3.91160106659 6.05604791641
    endloop
  endfacet
  facet normal 0.635621070862 0.450237303972 -0.62711417675
    outer loop
      vertex 4.56034612656 3.91160106659 6.05604791641
      vertex 4.57451295853 3.91160106659 6.03604793549
      vertex 4.56034612656 3.92596006393 6.03604793549
    endloop
  endfacet
  facet normal 0 1 0
    outer loop
      vertex 4.57451295853 3.91160106659 6.03604793549
      vertex 4.57451295853 3.92596006393 6.03604793549
      vertex 4.56034612656 3.92596006393 6.03604793549
    endloop
  endfacet
  facet normal 0 1 0
    outer loop
      vertex 4.58868122101 3.91160106659 6.03604793549
      vertex 4.58868122101 3.92596006393 6.03604793549
      vertex 4.57451295853 3.91160106659 6.03604793549
    endloop
  endfacet
  facet normal 0 1 0
    outer loop
      vertex 4.58868122101 3.92596006393 6.03604793549
      vertex 4.57451295853 3.92596006393 6.03604793549
      vertex 4.57451295853 3.91160106659 6.03604793549
    endloop
  endfacet
  facet normal -0.635599315166 0.450267463923 -0.627114593983
    outer loop
      vertex 4.4470038414 3.92596006393 6.03604793549
      vertex 4.46117210388 3.92596006393 6.05604791641
      vertex 4.46117210388 3.94032001495 6.03604793549
    endloop
  endfacet
  facet normal -0.635637760162 0.450249016285 -0.627088904381
    outer loop
      vertex 4.46117210388 3.92596006393 6.05604791641
      vertex 4.47533893585 3.94032001495 6.05604791641
      vertex 4.46117210388 3.94032001495 6.03604793549
    endloop
  endfacet
  facet normal 0.635637640953 0.450249046087 -0.627088963985
    outer loop
      vertex 4.54617786407 3.94032001495 6.03604793549
      vertex 4.5320110321 3.94032001495 6.05604791641
      vertex 4.54617786407 3.92596006393 6.05604791641
    endloop
  endfacet
  facet normal 0.63559949398 0.450267344713 -0.627114474773
    outer loop
      vertex 4.54617786407 3.92596006393 6.05604791641
      vertex 4.56034612656 3.92596006393 6.03604793549
      vertex 4.54617786407 3.94032001495 6.03604793549
    endloop
  endfacet
  facet normal 0 1 0
    outer loop
      vertex 4.56034612656 3.92596006393 6.03604793549
      vertex 4.56034612656 3.94032001495 6.03604793549
      vertex 4.54617786407 3.94032001495 6.03604793549
    endloop
  endfacet
  facet normal 0 1 0
    outer loop
      vertex 4.57451295853 3.92596006393 6.03604793549
      vertex 4.57451295853 3.94032001495 6.03604793549
      vertex 4.56034612656 3.92596006393 6.03604793549
    endloop
  endfacet
  facet normal 0 1 0
    outer loop
      vertex 4.57451295853 3.94032001495 6.03604793549
      vertex 4.56034612656 3.94032001495 6.03604793549
      vertex 4.56034612656 3.92596006393 6.03604793549
    endloop
  endfacet
  facet normal 0 1 0
    outer loop
      vertex 4.58868122101 3.92596006393 6.03604793549
      vertex 4.58868122101 3.94032001495 6.03604793549
      vertex 4.57451295853 3.92596006393 6.03604793549
    endloop
  endfacet
  facet normal 0 1 0
    outer loop
      vertex 4.58868122101 3.94032001495 6.03604793549
      vertex 4.57451295853 3.94032001495 6.03604793549
      vertex 4.57451295853 3.92596006393 6.03604793549
    endloop
  endfacet
  facet normal -0.635620772839 0.450236976147 -0.627114772797
    outer loop
      vertex 4.47533893585 3.94032001495 6.05604791641
      vertex 4.47533893585 3.9546790123 6.03604793549
      vertex 4.46117210388 3.94032001495 6.03604793549
    endloop
  endfacet
  facet normal 0 1 0
    outer loop
      vertex 4.47533893585 3.9546790123 6.03604793549
      vertex 4.46117210388 3.9546790123 6.03604793549
      vertex 4.46117210388 3.94032001495 6.03604793549
    endloop
  endfacet
  facet normal 0 0.583207428455 -0.812323272228
    outer loop
      vertex 4.47533893585 3.9546790123 6.03604793549
      vertex 4.48950815201 3.94032001495 6.05604791641
      vertex 4.48950815201 3.9546790123 6.03604793549
    endloop
  endfacet
  facet normal 0 0.583207428455 -0.812323272228
    outer loop
      vertex 4.47533893585 3.94032001495 6.05604791641
      vertex 4.48950815201 3.94032001495 6.05604791641
      vertex 4.47533893585 3.9546790123 6.03604793549
    endloop
  endfacet
  facet normal 0 0.583207428455 -0.812323272228
    outer loop
      vertex 4.48950815201 3.9546790123 6.03604793549
      vertex 4.50367498398 3.94032001495 6.05604791641
      vertex 4.50367498398 3.9546790123 6.03604793549
    endloop
  endfacet
  facet normal 0 0.583207428455 -0.812323272228
    outer loop
      vertex 4.48950815201 3.94032001495 6.05604791641
      vertex 4.50367498398 3.94032001495 6.05604791641
      vertex 4.48950815201 3.9546790123 6.03604793549
    endloop
  endfacet
  facet normal 0 0.583207428455 -0.812323272228
    outer loop
      vertex 4.50367498398 3.9546790123 6.03604793549
      vertex 4.51784276962 3.94032001495 6.05604791641
      vertex 4.51784276962 3.9546790123 6.03604793549
    endloop
  endfacet
  facet normal 0 0.583207428455 -0.812323272228
    outer loop
      vertex 4.50367498398 3.94032001495 6.05604791641
      vertex 4.51784276962 3.94032001495 6.05604791641
      vertex 4.50367498398 3.9546790123 6.03604793549
    endloop
  endfacet
  facet normal 0 0.583207428455 -0.812323272228
    outer loop
      vertex 4.51784276962 3.9546790123 6.03604793549
      vertex 4.5320110321 3.94032001495 6.05604791641
      vertex 4.5320110321 3.9546790123 6.03604793549
    endloop
  endfacet
  facet normal 0 0.583207428455 -0.812323272228
    outer loop
      vertex 4.51784276962 3.94032001495 6.05604791641
      vertex 4.5320110321 3.94032001495 6.05604791641
      vertex 4.51784276962 3.9546790123 6.03604793549
    endloop
  endfacet
  facet normal 0.635620653629 0.450237005949 -0.627114832401
    outer loop
      vertex 4.5320110321 3.94032001495 6.05604791641
      vertex 4.54617786407 3.94032001495 6.03604793549
      vertex 4.5320110321 3.9546790123 6.03604793549
    endloop
  endfacet
  facet normal 0 1 0
    outer loop
      vertex 4.54617786407 3.94032001495 6.03604793549
      vertex 4.54617786407 3.9546790123 6.03604793549
      vertex 4.5320110321 3.9546790123 6.03604793549
    endloop
  endfacet
  facet normal 0 1 0
    outer loop
      vertex 4.56034612656 3.94032001495 6.03604793549
      vertex 4.56034612656 3.9546790123 6.03604793549
      vertex 4.54617786407 3.94032001495 6.03604793549
    endloop
  endfacet
  facet normal 0 1 0
    outer loop
      vertex 4.56034612656 3.9546790123 6.03604793549
      vertex 4.54617786407 3.9546790123 6.03604793549
      vertex 4.54617786407 3.94032001495 6.03604793549
    endloop
  endfacet
  facet normal 0 1 0
    outer loop
      vertex 4.57451295853 3.94032001495 6.03604793549
      vertex 4.56034612656 3.9546790123 6.03604793549
      vertex 4.56034612656 3.94032001495 6.03604793549
    endloop
  endfacet
  facet normal 0 1 0
    outer loop
      vertex 4.47533893585 3.9546790123 6.03604793549
      vertex 4.47533893585 3.96903896332 6.03604793549
      vertex 4.46117210388 3.9546790123 6.03604793549
    endloop
  endfacet
  facet normal 0 1 0
    outer loop
      vertex 4.47533893585 3.96903896332 6.03604793549
      vertex 4.46117210388 3.96903896332 6.03604793549
      vertex 4.46117210388 3.9546790123 6.03604793549
    endloop
  endfacet
  facet normal 0 1 0
    outer loop
      vertex 4.48950815201 3.9546790123 6.03604793549
      vertex 4.48950815201 3.96903896332 6.03604793549
      vertex 4.47533893585 3.9546790123 6.03604793549
    endloop
  endfacet
  facet normal 0 1 0
    outer loop
      vertex 4.48950815201 3.96903896332 6.03604793549
      vertex 4.47533893585 3.96903896332 6.03604793549
      vertex 4.47533893585 3.9546790123 6.03604793549
    endloop
  endfacet
  facet normal 0 1 0
    outer loop
      vertex 4.50367498398 3.9546790123 6.03604793549
      vertex 4.50367498398 3.96903896332 6.03604793549
      vertex 4.48950815201 3.9546790123 6.03604793549
    endloop
  endfacet
  facet normal 0 1 0
    outer loop
      vertex 4.50367498398 3.96903896332 6.03604793549
      vertex 4.48950815201 3.96903896332 6.03604793549
      vertex 4.48950815201 3.9546790123 6.03604793549
    endloop
  endfacet
  facet normal 0 1 0
    outer loop
      vertex 4.51784276962 3.9546790123 6.03604793549
      vertex 4.51784276962 3.96903896332 6.03604793549
      vertex 4.50367498398 3.9546790123 6.03604793549
    endloop
  endfacet
  facet normal 0 1 0
    outer loop
      vertex 4.51784276962 3.96903896332 6.03604793549
      vertex 4.50367498398 3.96903896332 6.03604793549
      vertex 4.50367498398 3.9546790123 6.03604793549
    endloop
  endfacet
  facet normal 0 1 0
    outer loop
      vertex 4.5320110321 3.9546790123 6.03604793549
      vertex 4.5320110321 3.96903896332 6.03604793549
      vertex 4.51784276962 3.9546790123 6.03604793549
    endloop
  endfacet
  facet normal 0 1 0
    outer loop
      vertex 4.5320110321 3.96903896332 6.03604793549
      vertex 4.51784276962 3.96903896332 6.03604793549
      vertex 4.51784276962 3.9546790123 6.03604793549
    endloop
  endfacet
  facet normal 0 1 0
    outer loop
      vertex 4.54617786407 3.9546790123 6.03604793549
      vertex 4.54617786407 3.96903896332 6.03604793549
      vertex 4.5320110321 3.9546790123 6.03604793549
    endloop
  endfacet
  facet normal 0 1 0
    outer loop
      vertex 4.54617786407 3.96903896332 6.03604793549
      vertex 4.5320110321 3.96903896332 6.03604793549
      vertex 4.5320110321 3.9546790123 6.03604793549
    endloop
  endfacet
  facet normal 0 1 0
    outer loop
      vertex 4.56034612656 3.9546790123 6.03604793549
      vertex 4.54617786407 3.96903896332 6.03604793549
      vertex 4.54617786407 3.9546790123 6.03604793549
    endloop
  endfacet
  facet normal 0 1 -0
    outer loop
      vertex 4.47533893585 3.98339796066 6.03604793549
      vertex 4.46117210388 3.96903896332 6.03604793549
      vertex 4.47533893585 3.96903896332 6.03604793549
    endloop
  endfacet
  facet normal 0 1 0
    outer loop
      vertex 4.48950815201 3.96903896332 6.03604793549
      vertex 4.48950815201 3.98339796066 6.03604793549
      vertex 4.47533893585 3.96903896332 6.03604793549
    endloop
  endfacet
  facet normal 0 1 0
    outer loop
      vertex 4.48950815201 3.98339796066 6.03604793549
      vertex 4.47533893585 3.98339796066 6.03604793549
      vertex 4.47533893585 3.96903896332 6.03604793549
    endloop
  endfacet
  facet normal 0 1 0
    outer loop
      vertex 4.50367498398 3.96903896332 6.03604793549
      vertex 4.50367498398 3.98339796066 6.03604793549
      vertex 4.48950815201 3.96903896332 6.03604793549
    endloop
  endfacet
  facet normal 0 1 0
    outer loop
      vertex 4.50367498398 3.98339796066 6.03604793549
      vertex 4.48950815201 3.98339796066 6.03604793549
      vertex 4.48950815201 3.96903896332 6.03604793549
    endloop
  endfacet
  facet normal 0 1 0
    outer loop
      vertex 4.51784276962 3.96903896332 6.03604793549
      vertex 4.51784276962 3.98339796066 6.03604793549
      vertex 4.50367498398 3.96903896332 6.03604793549
    endloop
  endfacet
  facet normal 0 1 0
    outer loop
      vertex 4.51784276962 3.98339796066 6.03604793549
      vertex 4.50367498398 3.98339796066 6.03604793549
      vertex 4.50367498398 3.96903896332 6.03604793549
    endloop
  endfacet
  facet normal 0 1 0
    outer loop
      vertex 4.5320110321 3.96903896332 6.03604793549
      vertex 4.5320110321 3.98339796066 6.03604793549
      vertex 4.51784276962 3.96903896332 6.03604793549
    endloop
  endfacet
  facet normal 0 1 0
    outer loop
      vertex 4.5320110321 3.98339796066 6.03604793549
      vertex 4.51784276962 3.98339796066 6.03604793549
      vertex 4.51784276962 3.96903896332 6.03604793549
    endloop
  endfacet
  facet normal 0 1 0
    outer loop
      vertex 4.54617786407 3.96903896332 6.03604793549
      vertex 4.5320110321 3.98339796066 6.03604793549
      vertex 4.5320110321 3.96903896332 6.03604793549
    endloop
  endfacet
  facet normal 0 1 0
    outer loop
      vertex 4.54617786407 3.79672193527 6.11604785919
      vertex 4.5320110321 3.81108188629 6.11604785919
      vertex 4.5320110321 3.79672193527 6.11604785919
    endloop
  endfacet
  facet normal 0 1 0
    outer loop
      vertex 4.5320110321 3.79672193527 6.11604785919
      vertex 4.5320110321 3.81108188629 6.11604785919
      vertex 4.51784276962 3.81108188629 6.11604785919
    endloop
  endfacet
  facet normal 0 -1 -0
    outer loop
      vertex 4.50367498398 3.79672193527 6.07604789734
      vertex 4.48950815201 3.81108188629 6.07604789734
      vertex 4.50367498398 3.81108188629 6.07604789734
    endloop
  endfacet
  facet normal -0 -1 -0
    outer loop
      vertex 4.51784276962 3.79672193527 6.07604789734
      vertex 4.50367498398 3.79672193527 6.07604789734
      vertex 4.51784276962 3.81108188629 6.07604789734
    endloop
  endfacet
  facet normal 0 -1 0
    outer loop
      vertex 4.51784276962 3.81108188629 6.07604789734
      vertex 4.50367498398 3.79672193527 6.07604789734
      vertex 4.50367498398 3.81108188629 6.07604789734
    endloop
  endfacet
  facet normal 0.635599255562 0.450267255306 -0.627114832401
    outer loop
      vertex 4.51784276962 3.79672193527 6.13604784012
      vertex 4.5320110321 3.79672193527 6.11604785919
      vertex 4.51784276962 3.81108188629 6.11604785919
    endloop
  endfacet
  facet normal 0 1 0
    outer loop
      vertex 4.54617786407 3.78236198425 6.11604785919
      vertex 4.54617786407 3.79672193527 6.11604785919
      vertex 4.5320110321 3.79672193527 6.11604785919
    endloop
  endfacet
  facet normal 0.635637581348 0.450248986483 -0.627089142799
    outer loop
      vertex 4.5320110321 3.78236198425 6.13604784012
      vertex 4.54617786407 3.78236198425 6.11604785919
      vertex 4.5320110321 3.79672193527 6.11604785919
    endloop
  endfacet
  facet normal 0.635599315166 0.450267344713 -0.627114653587
    outer loop
      vertex 4.5320110321 3.79672193527 6.11604785919
      vertex 4.51784276962 3.79672193527 6.13604784012
      vertex 4.5320110321 3.78236198425 6.13604784012
    endloop
  endfacet
  facet normal 0 -1 -0
    outer loop
      vertex 4.48950815201 3.81108188629 6.07604789734
      vertex 4.47533893585 3.82544207573 6.07604789734
      vertex 4.48950815201 3.82544207573 6.07604789734
    endloop
  endfacet
  facet normal -0 -1 -0
    outer loop
      vertex 4.50367498398 3.81108188629 6.07604789734
      vertex 4.48950815201 3.81108188629 6.07604789734
      vertex 4.50367498398 3.82544207573 6.07604789734
    endloop
  endfacet
  facet normal 0 -1 0
    outer loop
      vertex 4.50367498398 3.82544207573 6.07604789734
      vertex 4.48950815201 3.81108188629 6.07604789734
      vertex 4.48950815201 3.82544207573 6.07604789734
    endloop
  endfacet
  facet normal -0 -1 -0
    outer loop
      vertex 4.51784276962 3.81108188629 6.07604789734
      vertex 4.50367498398 3.81108188629 6.07604789734
      vertex 4.51784276962 3.82544207573 6.07604789734
    endloop
  endfacet
  facet normal 0 -1 0
    outer loop
      vertex 4.51784276962 3.82544207573 6.07604789734
      vertex 4.50367498398 3.81108188629 6.07604789734
      vertex 4.50367498398 3.82544207573 6.07604789734
    endloop
  endfacet
  facet normal 1 0 0
    outer loop
      vertex 4.54617786407 3.78236198425 6.11604785919
      vertex 4.54617786407 3.76800298691 6.13604784012
      vertex 4.54617786407 3.76800298691 6.11604785919
    endloop
  endfacet
  facet normal 0.635620892048 0.450237154961 -0.627114534378
    outer loop
      vertex 4.54617786407 3.78236198425 6.11604785919
      vertex 4.5320110321 3.78236198425 6.13604784012
      vertex 4.54617786407 3.76800298691 6.13604784012
    endloop
  endfacet
  facet normal 1 0 0
    outer loop
      vertex 4.54617786407 3.76800298691 6.11604785919
      vertex 4.54617786407 3.76800298691 6.13604784012
      vertex 4.54617786407 3.75364398956 6.13604784012
    endloop
  endfacet
  facet normal 0.635582745075 0.450255483389 -0.627139985561
    outer loop
      vertex 4.56034612656 3.75364398956 6.11604785919
      vertex 4.54617786407 3.76800298691 6.11604785919
      vertex 4.54617786407 3.75364398956 6.13604784012
    endloop
  endfacet
  facet normal 0 1 0
    outer loop
      vertex 4.50367498398 3.86852097511 6.07604789734
      vertex 4.50367498398 3.88288092613 6.07604789734
      vertex 4.48950815201 3.88288092613 6.07604789734
    endloop
  endfacet
  facet normal 0.635637462139 0.450248897076 -0.627089262009
    outer loop
      vertex 4.48950815201 3.86852097511 6.09604787827
      vertex 4.50367498398 3.86852097511 6.07604789734
      vertex 4.48950815201 3.88288092613 6.07604789734
    endloop
  endfacet
  facet normal -0 -1 -0
    outer loop
      vertex 4.50367498398 3.82544207573 6.07604789734
      vertex 4.48950815201 3.82544207573 6.07604789734
      vertex 4.50367498398 3.83980202675 6.07604789734
    endloop
  endfacet
  facet normal 0 0.583233237267 -0.812304735184
    outer loop
      vertex 4.47533893585 3.86852097511 6.09604787827
      vertex 4.48950815201 3.86852097511 6.09604787827
      vertex 4.47533893585 3.88288092613 6.07604789734
    endloop
  endfacet
  facet normal -0.635612010956 -0.45026114583 0.627106308937
    outer loop
      vertex 4.51784276962 3.83980202675 6.05604791641
      vertex 4.51784276962 3.82544207573 6.07604789734
      vertex 4.50367498398 3.83980202675 6.07604789734
    endloop
  endfacet
  facet normal -0 -1 0
    outer loop
      vertex 4.51784276962 3.82544207573 6.07604789734
      vertex 4.50367498398 3.82544207573 6.07604789734
      vertex 4.50367498398 3.83980202675 6.07604789734
    endloop
  endfacet
  facet normal 0 -0.583233237267 0.812304735184
    outer loop
      vertex 4.5320110321 3.83980202675 6.05604791641
      vertex 4.51784276962 3.82544207573 6.07604789734
      vertex 4.51784276962 3.83980202675 6.05604791641
    endloop
  endfacet
  facet normal 1 0 0
    outer loop
      vertex 4.56034612656 3.75364398956 6.11604785919
      vertex 4.56034612656 3.73928403854 6.13604784012
      vertex 4.56034612656 3.73928403854 6.11604785919
    endloop
  endfacet
  facet normal 0.635599374771 0.450267255306 -0.627114713192
    outer loop
      vertex 4.56034612656 3.75364398956 6.11604785919
      vertex 4.54617786407 3.75364398956 6.13604784012
      vertex 4.56034612656 3.73928403854 6.13604784012
    endloop
  endfacet
  facet normal 0 1 0
    outer loop
      vertex 4.54617786407 3.82544207573 6.09604787827
      vertex 4.5320110321 3.83980202675 6.09604787827
      vertex 4.5320110321 3.82544207573 6.09604787827
    endloop
  endfacet
  facet normal 0 1 0
    outer loop
      vertex 4.5320110321 3.83980202675 6.09604787827
      vertex 4.51784276962 3.83980202675 6.09604787827
      vertex 4.51784276962 3.82544207573 6.09604787827
    endloop
  endfacet
  facet normal 0 0.583233237267 -0.812304735184
    outer loop
      vertex 4.47533893585 3.88288092613 6.07604789734
      vertex 4.48950815201 3.86852097511 6.09604787827
      vertex 4.48950815201 3.88288092613 6.07604789734
    endloop
  endfacet
  facet normal 0.635637462139 0.450248897076 -0.627089262009
    outer loop
      vertex 4.50367498398 3.86852097511 6.07604789734
      vertex 4.48950815201 3.86852097511 6.09604787827
      vertex 4.50367498398 3.85416102409 6.09604787827
    endloop
  endfacet
  facet normal -0.81599342823 -0.57806122303 -0
    outer loop
      vertex 4.4470038414 3.85416102409 6.09604787827
      vertex 4.4470038414 3.86852097511 6.09604787827
      vertex 4.46117210388 3.85416102409 6.07604789734
    endloop
  endfacet
  facet normal -0.635620951653 -0.450237125158 0.627114474773
    outer loop
      vertex 4.47533893585 3.83980202675 6.07604789734
      vertex 4.46117210388 3.83980202675 6.09604787827
      vertex 4.46117210388 3.85416102409 6.07604789734
    endloop
  endfacet
  facet normal -0 -1 0
    outer loop
      vertex 4.46117210388 3.83980202675 6.09604787827
      vertex 4.4470038414 3.83980202675 6.09604787827
      vertex 4.4470038414 3.85416102409 6.09604787827
    endloop
  endfacet
  facet normal -0.63559538126 -0.450249403715 0.627131521702
    outer loop
      vertex 4.51784276962 3.83980202675 6.05604791641
      vertex 4.50367498398 3.83980202675 6.07604789734
      vertex 4.50367498398 3.85416102409 6.05604791641
    endloop
  endfacet
  facet normal 0 1 0
    outer loop
      vertex 4.5320110321 3.82544207573 6.09604787827
      vertex 4.5320110321 3.83980202675 6.09604787827
      vertex 4.51784276962 3.82544207573 6.09604787827
    endloop
  endfacet
  facet normal 0 1 0
    outer loop
      vertex 4.54617786407 3.81108188629 6.09604787827
      vertex 4.54617786407 3.82544207573 6.09604787827
      vertex 4.5320110321 3.82544207573 6.09604787827
    endloop
  endfacet
  facet normal -0.635582506657 -0.450255572796 0.627140164375
    outer loop
      vertex 4.46117210388 3.85416102409 6.07604789734
      vertex 4.46117210388 3.83980202675 6.09604787827
      vertex 4.4470038414 3.85416102409 6.09604787827
    endloop
  endfacet
  facet normal 0.635641694069 0.45025190711 -0.627082824707
    outer loop
      vertex 4.5320110321 3.81108188629 6.11604785919
      vertex 4.54617786407 3.81108188629 6.09604787827
      vertex 4.5320110321 3.82544207573 6.09604787827
    endloop
  endfacet
  facet normal 0 0.583239793777 -0.812300026417
    outer loop
      vertex 4.51784276962 3.81108188629 6.11604785919
      vertex 4.5320110321 3.81108188629 6.11604785919
      vertex 4.51784276962 3.82544207573 6.09604787827
    endloop
  endfacet
  facet normal -0.987141311169 -0.0932299569249 0.129847079515
    outer loop
      vertex 4.47533893585 3.85416102409 6.07604789734
      vertex 4.47338485718 3.86753106117 6.07811689377
      vertex 4.47533893585 3.86852097511 6.05604791641
    endloop
  endfacet
  facet normal 0.635599315166 0.450267225504 -0.627114772797
    outer loop
      vertex 4.56034612656 3.88288092613 6.05604791641
      vertex 4.54617786407 3.88288092613 6.07604789734
      vertex 4.56034612656 3.86852097511 6.07604789734
    endloop
  endfacet
  facet normal 0.635637462139 0.450248897076 -0.627089262009
    outer loop
      vertex 4.56034612656 3.86852097511 6.07604789734
      vertex 4.57451295853 3.86852097511 6.05604791641
      vertex 4.56034612656 3.88288092613 6.05604791641
    endloop
  endfacet
  facet normal 0 1 0
    outer loop
      vertex 4.57451295853 3.86852097511 6.05604791641
      vertex 4.57451295853 3.88288092613 6.05604791641
      vertex 4.56034612656 3.88288092613 6.05604791641
    endloop
  endfacet
  facet normal -0 -0.456295490265 -0.889828324318
    outer loop
      vertex 4.46117210388 3.86852097511 6.09604787827
      vertex 4.46556901932 3.8635699749 6.08639287949
      vertex 4.4470038414 3.86852097511 6.09604787827
    endloop
  endfacet
  facet normal -1 0 0
    outer loop
      vertex 4.47533893585 3.89724111557 6.07604789734
      vertex 4.47533893585 3.88288092613 6.05604791641
      vertex 4.47533893585 3.88288092613 6.07604789734
    endloop
  endfacet
  facet normal -0.128456637263 -0.636837899685 -0.760221242905
    outer loop
      vertex 4.46117210388 3.85416102409 6.07604789734
      vertex 4.4470038414 3.86852097511 6.09604787827
      vertex 4.46556901932 3.8635699749 6.08639287949
    endloop
  endfacet
  facet normal 0.635641813278 0.450251996517 -0.627082645893
    outer loop
      vertex 4.54617786407 3.89724111557 6.05604791641
      vertex 4.5320110321 3.89724111557 6.07604789734
      vertex 4.54617786407 3.88288092613 6.07604789734
    endloop
  endfacet
  facet normal 0.635603666306 0.450270295143 -0.627108156681
    outer loop
      vertex 4.54617786407 3.88288092613 6.07604789734
      vertex 4.56034612656 3.88288092613 6.05604791641
      vertex 4.54617786407 3.89724111557 6.05604791641
    endloop
  endfacet
  facet normal 0 1 0
    outer loop
      vertex 4.56034612656 3.88288092613 6.05604791641
      vertex 4.56034612656 3.89724111557 6.05604791641
      vertex 4.54617786407 3.89724111557 6.05604791641
    endloop
  endfacet
  facet normal 0 1 0
    outer loop
      vertex 4.57451295853 3.88288092613 6.05604791641
      vertex 4.57451295853 3.89724111557 6.05604791641
      vertex 4.56034612656 3.88288092613 6.05604791641
    endloop
  endfacet
  facet normal 0 1 0
    outer loop
      vertex 4.57451295853 3.89724111557 6.05604791641
      vertex 4.56034612656 3.89724111557 6.05604791641
      vertex 4.56034612656 3.88288092613 6.05604791641
    endloop
  endfacet
  facet normal -0.816021084785 -0.578022122383 -0
    outer loop
      vertex 4.46117210388 3.82544207573 6.09604787827
      vertex 4.46117210388 3.83980202675 6.09604787827
      vertex 4.47533893585 3.82544207573 6.07604789734
    endloop
  endfacet
  facet normal -0.816021084785 -0.578022122383 -0
    outer loop
      vertex 4.47533893585 3.82544207573 6.07604789734
      vertex 4.46117210388 3.83980202675 6.09604787827
      vertex 4.47533893585 3.83980202675 6.07604789734
    endloop
  endfacet
  facet normal 0 -1 0
    outer loop
      vertex 4.46117210388 3.83980202675 6.09604787827
      vertex 4.4470038414 3.82544207573 6.09604787827
      vertex 4.4470038414 3.83980202675 6.09604787827
    endloop
  endfacet
  facet normal -0 -1 -0
    outer loop
      vertex 4.46117210388 3.82544207573 6.09604787827
      vertex 4.4470038414 3.82544207573 6.09604787827
      vertex 4.46117210388 3.83980202675 6.09604787827
    endloop
  endfacet
  facet normal 0 0.583208024502 -0.812322854996
    outer loop
      vertex 4.48950815201 3.91160106659 6.07604789734
      vertex 4.50367498398 3.91160106659 6.07604789734
      vertex 4.48950815201 3.92596006393 6.05604791641
    endloop
  endfacet
  facet normal 0.635599017143 0.450267136097 -0.627115130424
    outer loop
      vertex 4.5320110321 3.91160106659 6.05604791641
      vertex 4.51784276962 3.91160106659 6.07604789734
      vertex 4.5320110321 3.89724111557 6.07604789734
    endloop
  endfacet
  facet normal 0.635637283325 0.450248777866 -0.627089560032
    outer loop
      vertex 4.5320110321 3.89724111557 6.07604789734
      vertex 4.54617786407 3.89724111557 6.05604791641
      vertex 4.5320110321 3.91160106659 6.05604791641
    endloop
  endfacet
  facet normal 0 1 0
    outer loop
      vertex 4.54617786407 3.89724111557 6.05604791641
      vertex 4.54617786407 3.91160106659 6.05604791641
      vertex 4.5320110321 3.91160106659 6.05604791641
    endloop
  endfacet
  facet normal 0 1 0
    outer loop
      vertex 4.56034612656 3.89724111557 6.05604791641
      vertex 4.56034612656 3.91160106659 6.05604791641
      vertex 4.54617786407 3.89724111557 6.05604791641
    endloop
  endfacet
  facet normal 0 1 0
    outer loop
      vertex 4.56034612656 3.91160106659 6.05604791641
      vertex 4.54617786407 3.91160106659 6.05604791641
      vertex 4.54617786407 3.89724111557 6.05604791641
    endloop
  endfacet
  facet normal 0 1 0
    outer loop
      vertex 4.57451295853 3.89724111557 6.05604791641
      vertex 4.56034612656 3.91160106659 6.05604791641
      vertex 4.56034612656 3.89724111557 6.05604791641
    endloop
  endfacet
  facet normal 0 1 0
    outer loop
      vertex 4.48950815201 3.92596006393 6.05604791641
      vertex 4.47533893585 3.92596006393 6.05604791641
      vertex 4.47533893585 3.91160106659 6.05604791641
    endloop
  endfacet
  facet normal -0.635557413101 0.450267881155 -0.627156794071
    outer loop
      vertex 4.48950815201 3.91160106659 6.07604789734
      vertex 4.48950815201 3.92596006393 6.05604791641
      vertex 4.47533893585 3.91160106659 6.05604791641
    endloop
  endfacet
  facet normal 0 1 0
    outer loop
      vertex 4.47533893585 3.92596006393 6.05604791641
      vertex 4.46117210388 3.92596006393 6.05604791641
      vertex 4.46117210388 3.91160106659 6.05604791641
    endloop
  endfacet
  facet normal 0 1 0
    outer loop
      vertex 4.47533893585 3.91160106659 6.05604791641
      vertex 4.47533893585 3.92596006393 6.05604791641
      vertex 4.46117210388 3.91160106659 6.05604791641
    endloop
  endfacet
  facet normal 0 1 -0
    outer loop
      vertex 4.46117210388 3.92596006393 6.05604791641
      vertex 4.4470038414 3.91160106659 6.05604791641
      vertex 4.46117210388 3.91160106659 6.05604791641
    endloop
  endfacet
  facet normal 0 0.583208024502 -0.812322854996
    outer loop
      vertex 4.48950815201 3.92596006393 6.05604791641
      vertex 4.50367498398 3.91160106659 6.07604789734
      vertex 4.50367498398 3.92596006393 6.05604791641
    endloop
  endfacet
  facet normal -0.63557356596 0.450279355049 -0.627132177353
    outer loop
      vertex 4.47533893585 3.89724111557 6.07604789734
      vertex 4.48950815201 3.91160106659 6.07604789734
      vertex 4.47533893585 3.91160106659 6.05604791641
    endloop
  endfacet
  facet normal 0 0.583208024502 -0.812322854996
    outer loop
      vertex 4.50367498398 3.92596006393 6.05604791641
      vertex 4.51784276962 3.91160106659 6.07604789734
      vertex 4.51784276962 3.92596006393 6.05604791641
    endloop
  endfacet
  facet normal 0 0.583208024502 -0.812322854996
    outer loop
      vertex 4.50367498398 3.91160106659 6.07604789734
      vertex 4.51784276962 3.91160106659 6.07604789734
      vertex 4.50367498398 3.92596006393 6.05604791641
    endloop
  endfacet
  facet normal 0.635582864285 0.450255662203 -0.627139747143
    outer loop
      vertex 4.51784276962 3.91160106659 6.07604789734
      vertex 4.5320110321 3.91160106659 6.05604791641
      vertex 4.51784276962 3.92596006393 6.05604791641
    endloop
  endfacet
  facet normal 0 1 0
    outer loop
      vertex 4.5320110321 3.91160106659 6.05604791641
      vertex 4.5320110321 3.92596006393 6.05604791641
      vertex 4.51784276962 3.92596006393 6.05604791641
    endloop
  endfacet
  facet normal 0 1 0
    outer loop
      vertex 4.54617786407 3.91160106659 6.05604791641
      vertex 4.54617786407 3.92596006393 6.05604791641
      vertex 4.5320110321 3.91160106659 6.05604791641
    endloop
  endfacet
  facet normal 0 1 0
    outer loop
      vertex 4.54617786407 3.92596006393 6.05604791641
      vertex 4.5320110321 3.92596006393 6.05604791641
      vertex 4.5320110321 3.91160106659 6.05604791641
    endloop
  endfacet
  facet normal 0 1 0
    outer loop
      vertex 4.56034612656 3.91160106659 6.05604791641
      vertex 4.54617786407 3.92596006393 6.05604791641
      vertex 4.54617786407 3.91160106659 6.05604791641
    endloop
  endfacet
  facet normal 0 1 -0
    outer loop
      vertex 4.47533893585 3.94032001495 6.05604791641
      vertex 4.46117210388 3.92596006393 6.05604791641
      vertex 4.47533893585 3.92596006393 6.05604791641
    endloop
  endfacet
  facet normal 0 1 0
    outer loop
      vertex 4.48950815201 3.92596006393 6.05604791641
      vertex 4.48950815201 3.94032001495 6.05604791641
      vertex 4.47533893585 3.92596006393 6.05604791641
    endloop
  endfacet
  facet normal 0 1 0
    outer loop
      vertex 4.48950815201 3.94032001495 6.05604791641
      vertex 4.47533893585 3.94032001495 6.05604791641
      vertex 4.47533893585 3.92596006393 6.05604791641
    endloop
  endfacet
  facet normal 0 1 0
    outer loop
      vertex 4.50367498398 3.92596006393 6.05604791641
      vertex 4.50367498398 3.94032001495 6.05604791641
      vertex 4.48950815201 3.92596006393 6.05604791641
    endloop
  endfacet
  facet normal 0 1 0
    outer loop
      vertex 4.50367498398 3.94032001495 6.05604791641
      vertex 4.48950815201 3.94032001495 6.05604791641
      vertex 4.48950815201 3.92596006393 6.05604791641
    endloop
  endfacet
  facet normal 0 1 0
    outer loop
      vertex 4.51784276962 3.92596006393 6.05604791641
      vertex 4.51784276962 3.94032001495 6.05604791641
      vertex 4.50367498398 3.92596006393 6.05604791641
    endloop
  endfacet
  facet normal 0 1 0
    outer loop
      vertex 4.51784276962 3.94032001495 6.05604791641
      vertex 4.50367498398 3.94032001495 6.05604791641
      vertex 4.50367498398 3.92596006393 6.05604791641
    endloop
  endfacet
  facet normal 0 1 0
    outer loop
      vertex 4.5320110321 3.92596006393 6.05604791641
      vertex 4.5320110321 3.94032001495 6.05604791641
      vertex 4.51784276962 3.92596006393 6.05604791641
    endloop
  endfacet
  facet normal 0 1 0
    outer loop
      vertex 4.5320110321 3.94032001495 6.05604791641
      vertex 4.51784276962 3.94032001495 6.05604791641
      vertex 4.51784276962 3.92596006393 6.05604791641
    endloop
  endfacet
  facet normal 0 1 0
    outer loop
      vertex 4.54617786407 3.92596006393 6.05604791641
      vertex 4.5320110321 3.94032001495 6.05604791641
      vertex 4.5320110321 3.92596006393 6.05604791641
    endloop
  endfacet
  facet normal 0 -1 -0
    outer loop
      vertex 4.48950815201 3.76800298691 6.09604787827
      vertex 4.47533893585 3.78236198425 6.09604787827
      vertex 4.48950815201 3.78236198425 6.09604787827
    endloop
  endfacet
  facet normal -0 -1 -0
    outer loop
      vertex 4.50367498398 3.76800298691 6.09604787827
      vertex 4.48950815201 3.76800298691 6.09604787827
      vertex 4.50367498398 3.78236198425 6.09604787827
    endloop
  endfacet
  facet normal 0 -1 0
    outer loop
      vertex 4.50367498398 3.78236198425 6.09604787827
      vertex 4.48950815201 3.76800298691 6.09604787827
      vertex 4.48950815201 3.78236198425 6.09604787827
    endloop
  endfacet
  facet normal -0 -1 -0
    outer loop
      vertex 4.51784276962 3.76800298691 6.09604787827
      vertex 4.50367498398 3.76800298691 6.09604787827
      vertex 4.51784276962 3.78236198425 6.09604787827
    endloop
  endfacet
  facet normal 0 -1 0
    outer loop
      vertex 4.51784276962 3.78236198425 6.09604787827
      vertex 4.50367498398 3.76800298691 6.09604787827
      vertex 4.50367498398 3.78236198425 6.09604787827
    endloop
  endfacet
  facet normal 0 0.583239793777 -0.812300026417
    outer loop
      vertex 4.51784276962 3.82544207573 6.09604787827
      vertex 4.5320110321 3.81108188629 6.11604785919
      vertex 4.5320110321 3.82544207573 6.09604787827
    endloop
  endfacet
  facet normal 0.635599315166 0.450267225504 -0.627114772797
    outer loop
      vertex 4.56034612656 3.79672193527 6.09604787827
      vertex 4.54617786407 3.81108188629 6.09604787827
      vertex 4.54617786407 3.79672193527 6.11604785919
    endloop
  endfacet
  facet normal 0.635637462139 0.450248897076 -0.627089262009
    outer loop
      vertex 4.54617786407 3.81108188629 6.09604787827
      vertex 4.5320110321 3.81108188629 6.11604785919
      vertex 4.54617786407 3.79672193527 6.11604785919
    endloop
  endfacet
  facet normal 0.815993607044 0.578060984612 -0
    outer loop
      vertex 4.54617786407 3.79672193527 6.11604785919
      vertex 4.54617786407 3.78236198425 6.11604785919
      vertex 4.56034612656 3.79672193527 6.09604787827
    endloop
  endfacet
  facet normal 0 -1 -0
    outer loop
      vertex 4.47533893585 3.78236198425 6.09604787827
      vertex 4.46117210388 3.79672193527 6.09604787827
      vertex 4.47533893585 3.79672193527 6.09604787827
    endloop
  endfacet
  facet normal -0 -1 -0
    outer loop
      vertex 4.48950815201 3.78236198425 6.09604787827
      vertex 4.47533893585 3.78236198425 6.09604787827
      vertex 4.48950815201 3.79672193527 6.09604787827
    endloop
  endfacet
  facet normal 0 -1 0
    outer loop
      vertex 4.48950815201 3.79672193527 6.09604787827
      vertex 4.47533893585 3.78236198425 6.09604787827
      vertex 4.47533893585 3.79672193527 6.09604787827
    endloop
  endfacet
  facet normal -0.635637581348 -0.45024895668 0.627089083195
    outer loop
      vertex 4.50367498398 3.79672193527 6.07604789734
      vertex 4.50367498398 3.78236198425 6.09604787827
      vertex 4.48950815201 3.79672193527 6.09604787827
    endloop
  endfacet
  facet normal -0 -1 0
    outer loop
      vertex 4.50367498398 3.78236198425 6.09604787827
      vertex 4.48950815201 3.78236198425 6.09604787827
      vertex 4.48950815201 3.79672193527 6.09604787827
    endloop
  endfacet
  facet normal 0 -0.58323341608 0.812304615974
    outer loop
      vertex 4.51784276962 3.79672193527 6.07604789734
      vertex 4.50367498398 3.78236198425 6.09604787827
      vertex 4.50367498398 3.79672193527 6.07604789734
    endloop
  endfacet
  facet normal 0 -0.58323341608 0.812304615974
    outer loop
      vertex 4.51784276962 3.78236198425 6.09604787827
      vertex 4.50367498398 3.78236198425 6.09604787827
      vertex 4.51784276962 3.79672193527 6.07604789734
    endloop
  endfacet
  facet normal 0 -1 0
    outer loop
      vertex 4.54617786407 3.75364398956 6.11604785919
      vertex 4.54617786407 3.76800298691 6.11604785919
      vertex 4.56034612656 3.75364398956 6.11604785919
    endloop
  endfacet
  facet normal 1 0 0
    outer loop
      vertex 4.54617786407 3.76800298691 6.09604787827
      vertex 4.54617786407 3.76800298691 6.11604785919
      vertex 4.54617786407 3.75364398956 6.11604785919
    endloop
  endfacet
  facet normal 0 -0.583207726479 0.81232303381
    outer loop
      vertex 4.54617786407 3.75364398956 6.11604785919
      vertex 4.5320110321 3.75364398956 6.11604785919
      vertex 4.54617786407 3.76800298691 6.09604787827
    endloop
  endfacet
  facet normal 0 -1 -0
    outer loop
      vertex 4.46117210388 3.79672193527 6.09604787827
      vertex 4.4470038414 3.81108188629 6.09604787827
      vertex 4.46117210388 3.81108188629 6.09604787827
    endloop
  endfacet
  facet normal -0 -1 -0
    outer loop
      vertex 4.47533893585 3.79672193527 6.09604787827
      vertex 4.46117210388 3.79672193527 6.09604787827
      vertex 4.47533893585 3.81108188629 6.09604787827
    endloop
  endfacet
  facet normal 0 -1 0
    outer loop
      vertex 4.47533893585 3.81108188629 6.09604787827
      vertex 4.46117210388 3.79672193527 6.09604787827
      vertex 4.46117210388 3.81108188629 6.09604787827
    endloop
  endfacet
  facet normal -0.635573804379 -0.450279474258 0.62713187933
    outer loop
      vertex 4.48950815201 3.81108188629 6.07604789734
      vertex 4.48950815201 3.79672193527 6.09604787827
      vertex 4.47533893585 3.81108188629 6.09604787827
    endloop
  endfacet
  facet normal -0 -1 0
    outer loop
      vertex 4.48950815201 3.79672193527 6.09604787827
      vertex 4.47533893585 3.79672193527 6.09604787827
      vertex 4.47533893585 3.81108188629 6.09604787827
    endloop
  endfacet
  facet normal -0.635637462139 -0.450248897076 0.627089262009
    outer loop
      vertex 4.50367498398 3.79672193527 6.07604789734
      vertex 4.48950815201 3.79672193527 6.09604787827
      vertex 4.48950815201 3.81108188629 6.07604789734
    endloop
  endfacet
  facet normal -0 -1 -0
    outer loop
      vertex 4.46117210388 3.81108188629 6.09604787827
      vertex 4.4470038414 3.81108188629 6.09604787827
      vertex 4.46117210388 3.82544207573 6.09604787827
    endloop
  endfacet
  facet normal 0 -1 0
    outer loop
      vertex 4.46117210388 3.82544207573 6.09604787827
      vertex 4.4470038414 3.81108188629 6.09604787827
      vertex 4.4470038414 3.82544207573 6.09604787827
    endloop
  endfacet
  facet normal -0.635641753674 -0.450251877308 0.627082765102
    outer loop
      vertex 4.47533893585 3.82544207573 6.07604789734
      vertex 4.47533893585 3.81108188629 6.09604787827
      vertex 4.46117210388 3.82544207573 6.09604787827
    endloop
  endfacet
  facet normal -0 -1 0
    outer loop
      vertex 4.47533893585 3.81108188629 6.09604787827
      vertex 4.46117210388 3.81108188629 6.09604787827
      vertex 4.46117210388 3.82544207573 6.09604787827
    endloop
  endfacet
  facet normal -0.635578036308 -0.450282484293 0.627125382423
    outer loop
      vertex 4.48950815201 3.81108188629 6.07604789734
      vertex 4.47533893585 3.81108188629 6.09604787827
      vertex 4.47533893585 3.82544207573 6.07604789734
    endloop
  endfacet
  facet normal 0.635599315166 -0.450267225504 -0.627114772797
    outer loop
      vertex 4.56034612656 3.79672193527 6.09604787827
      vertex 4.54617786407 3.79672193527 6.07604789734
      vertex 4.54617786407 3.81108188629 6.09604787827
    endloop
  endfacet
  facet normal 0.985278904438 0.0997020974755 0.138870447874
    outer loop
      vertex 4.54901123047 3.78523397446 6.09204816818
      vertex 4.54617786407 3.78236198425 6.11604785919
      vertex 4.54617786407 3.76800298691 6.09604787827
    endloop
  endfacet
  facet normal 0.711842000484 -0 0.7023396492
    outer loop
      vertex 4.56034612656 3.83980202675 6.05604791641
      vertex 4.56034612656 3.83980202675 6.07604789734
      vertex 4.54617786407 3.82544207573 6.07604789734
    endloop
  endfacet
  facet normal 1 0 -0
    outer loop
      vertex 4.54617786407 3.82544207573 6.09604787827
      vertex 4.54617786407 3.81108188629 6.09604787827
      vertex 4.54617786407 3.82544207573 6.07604789734
    endloop
  endfacet
  facet normal 0 0.583232939243 -0.812304973602
    outer loop
      vertex 4.46117210388 3.89724111557 6.07604789734
      vertex 4.47533893585 3.89724111557 6.07604789734
      vertex 4.46117210388 3.91160106659 6.05604791641
    endloop
  endfacet
  facet normal 0 0.583232939243 -0.812304973602
    outer loop
      vertex 4.46117210388 3.91160106659 6.05604791641
      vertex 4.47533893585 3.89724111557 6.07604789734
      vertex 4.47533893585 3.91160106659 6.05604791641
    endloop
  endfacet
  facet normal 0 0.583232939243 -0.812304973602
    outer loop
      vertex 4.46117210388 3.89724111557 6.07604789734
      vertex 4.46117210388 3.91160106659 6.05604791641
      vertex 4.4470038414 3.91160106659 6.05604791641
    endloop
  endfacet
  facet normal -0.711841464043 0 0.702340185642
    outer loop
      vertex 4.46117210388 3.89724111557 6.07604789734
      vertex 4.4470038414 3.91160106659 6.05604791641
      vertex 4.46117210388 3.89724111557 6.05604791641
    endloop
  endfacet
  facet normal 0 -0.583207726479 0.81232303381
    outer loop
      vertex 4.54617786407 3.76800298691 6.09604787827
      vertex 4.5320110321 3.75364398956 6.11604785919
      vertex 4.5320110321 3.76800298691 6.09604787827
    endloop
  endfacet
  facet normal 1 0 0
    outer loop
      vertex 4.54617786407 3.76800298691 6.11604785919
      vertex 4.54617786407 3.76800298691 6.09604787827
      vertex 4.54617786407 3.78236198425 6.11604785919
    endloop
  endfacet
  facet normal 1 -0 0
    outer loop
      vertex 4.54617786407 3.81108188629 6.07604789734
      vertex 4.54617786407 3.82544207573 6.07604789734
      vertex 4.54617786407 3.81108188629 6.09604787827
    endloop
  endfacet
  facet normal 0.698516249657 -0.494838416576 0.516923546791
    outer loop
      vertex 4.54901123047 3.78523397446 6.09204816818
      vertex 4.54617786407 3.79672193527 6.07604789734
      vertex 4.56034612656 3.79672193527 6.09604787827
    endloop
  endfacet
  facet normal -0.635573804379 -0.450279474258 0.62713187933
    outer loop
      vertex 4.48950815201 3.85416102409 6.05604791641
      vertex 4.47533893585 3.85416102409 6.07604789734
      vertex 4.47533893585 3.86852097511 6.05604791641
    endloop
  endfacet
  facet normal 0 -0.583207726479 0.81232303381
    outer loop
      vertex 4.50367498398 3.83980202675 6.07604789734
      vertex 4.48950815201 3.83980202675 6.07604789734
      vertex 4.50367498398 3.85416102409 6.05604791641
    endloop
  endfacet
  facet normal 0 -0.583207726479 0.81232303381
    outer loop
      vertex 4.50367498398 3.85416102409 6.05604791641
      vertex 4.48950815201 3.83980202675 6.07604789734
      vertex 4.48950815201 3.85416102409 6.05604791641
    endloop
  endfacet
  facet normal 0.63559538126 0.450249403715 -0.627131521702
    outer loop
      vertex 4.51784276962 3.85416102409 6.07604789734
      vertex 4.50367498398 3.85416102409 6.09604787827
      vertex 4.51784276962 3.83980202675 6.09604787827
    endloop
  endfacet
  facet normal 0 -0.583207726479 0.81232303381
    outer loop
      vertex 4.5320110321 3.75364398956 6.11604785919
      vertex 4.51784276962 3.75364398956 6.11604785919
      vertex 4.5320110321 3.76800298691 6.09604787827
    endloop
  endfacet
  facet normal 0 -0.583207726479 0.81232303381
    outer loop
      vertex 4.5320110321 3.76800298691 6.09604787827
      vertex 4.51784276962 3.75364398956 6.11604785919
      vertex 4.51784276962 3.76800298691 6.09604787827
    endloop
  endfacet
  facet normal 0 -1 0
    outer loop
      vertex 4.56034612656 3.75364398956 6.11604785919
      vertex 4.54617786407 3.73928403854 6.11604785919
      vertex 4.54617786407 3.75364398956 6.11604785919
    endloop
  endfacet
  facet normal -0 -1 -0
    outer loop
      vertex 4.56034612656 3.73928403854 6.11604785919
      vertex 4.54617786407 3.73928403854 6.11604785919
      vertex 4.56034612656 3.75364398956 6.11604785919
    endloop
  endfacet
  facet normal 0 -1 0
    outer loop
      vertex 4.54617786407 3.75364398956 6.11604785919
      vertex 4.5320110321 3.73928403854 6.11604785919
      vertex 4.5320110321 3.75364398956 6.11604785919
    endloop
  endfacet
  facet normal -0 -1 -0
    outer loop
      vertex 4.54617786407 3.73928403854 6.11604785919
      vertex 4.5320110321 3.73928403854 6.11604785919
      vertex 4.54617786407 3.75364398956 6.11604785919
    endloop
  endfacet
  facet normal -1 0 0
    outer loop
      vertex 4.47533893585 3.86852097511 6.05604791641
      vertex 4.47533893585 3.88288092613 6.07604789734
      vertex 4.47533893585 3.88288092613 6.05604791641
    endloop
  endfacet
  facet normal -0 -1 0
    outer loop
      vertex 4.48950815201 3.83980202675 6.07604789734
      vertex 4.47533893585 3.83980202675 6.07604789734
      vertex 4.47533893585 3.85416102409 6.07604789734
    endloop
  endfacet
  facet normal -0.635557174683 -0.450267732143 0.627157092094
    outer loop
      vertex 4.48950815201 3.85416102409 6.05604791641
      vertex 4.48950815201 3.83980202675 6.07604789734
      vertex 4.47533893585 3.85416102409 6.07604789734
    endloop
  endfacet
  facet normal 0.635612010956 0.45026114583 -0.627106308937
    outer loop
      vertex 4.50367498398 3.85416102409 6.09604787827
      vertex 4.51784276962 3.85416102409 6.07604789734
      vertex 4.50367498398 3.86852097511 6.07604789734
    endloop
  endfacet
  facet normal 0 1 0
    outer loop
      vertex 4.51784276962 3.85416102409 6.07604789734
      vertex 4.51784276962 3.86852097511 6.07604789734
      vertex 4.50367498398 3.86852097511 6.07604789734
    endloop
  endfacet
  facet normal 0 -1 0
    outer loop
      vertex 4.5320110321 3.75364398956 6.11604785919
      vertex 4.51784276962 3.73928403854 6.11604785919
      vertex 4.51784276962 3.75364398956 6.11604785919
    endloop
  endfacet
  facet normal 0 1 0
    outer loop
      vertex 4.5320110321 3.86852097511 6.07604789734
      vertex 4.51784276962 3.86852097511 6.07604789734
      vertex 4.51784276962 3.85416102409 6.07604789734
    endloop
  endfacet
  facet normal -0 -1 -0
    outer loop
      vertex 4.5320110321 3.73928403854 6.11604785919
      vertex 4.51784276962 3.73928403854 6.11604785919
      vertex 4.5320110321 3.75364398956 6.11604785919
    endloop
  endfacet
  facet normal 0 1 0
    outer loop
      vertex 4.56034612656 3.86852097511 6.07604789734
      vertex 4.54617786407 3.86852097511 6.07604789734
      vertex 4.54617786407 3.85416102409 6.07604789734
    endloop
  endfacet
  facet normal 0 1 0
    outer loop
      vertex 4.56034612656 3.85416102409 6.07604789734
      vertex 4.56034612656 3.86852097511 6.07604789734
      vertex 4.54617786407 3.85416102409 6.07604789734
    endloop
  endfacet
  facet normal 0 1 0
    outer loop
      vertex 4.54617786407 3.86852097511 6.07604789734
      vertex 4.5320110321 3.86852097511 6.07604789734
      vertex 4.5320110321 3.85416102409 6.07604789734
    endloop
  endfacet
  facet normal -0.452044963837 1.87824498425e-05 -0.891995131969
    outer loop
      vertex 4.46556901932 3.8635699749 6.08639287949
      vertex 4.47533893585 3.86852097511 6.09604787827
      vertex 4.47338485718 3.86753106117 6.07811689377
    endloop
  endfacet
  facet normal -0.727027833462 -0.686607956886 5.96483050685e-06
    outer loop
      vertex 4.46556901932 3.8635699749 6.08639287949
      vertex 4.47338485718 3.86753106117 6.07811689377
      vertex 4.47533893585 3.85416102409 6.07604789734
    endloop
  endfacet
  facet normal -0 0 1
    outer loop
      vertex 4.46117210388 3.89724111557 6.07604789734
      vertex 4.46117210388 3.89724111557 6.05604791641
      vertex 4.47533893585 3.89724111557 6.07604789734
    endloop
  endfacet
  facet normal -0.985278725624 0.0997071042657 -0.138868197799
    outer loop
      vertex 4.47533893585 3.86852097511 6.09604787827
      vertex 4.47533893585 3.88288092613 6.07604789734
      vertex 4.47338485718 3.86753106117 6.07811689377
    endloop
  endfacet
  facet normal -6.17304443244e-17 -0.456295490265 -0.889828324318
    outer loop
      vertex 4.46556901932 3.8635699749 6.08639287949
      vertex 4.46117210388 3.86852097511 6.09604787827
      vertex 4.47533893585 3.86852097511 6.09604787827
    endloop
  endfacet
  facet normal 0 -1 -0
    outer loop
      vertex 4.47533893585 3.83980202675 6.07604789734
      vertex 4.46117210388 3.85416102409 6.07604789734
      vertex 4.47533893585 3.85416102409 6.07604789734
    endloop
  endfacet
  facet normal 0 -1 0
    outer loop
      vertex 4.50367498398 3.83980202675 6.07604789734
      vertex 4.48950815201 3.82544207573 6.07604789734
      vertex 4.48950815201 3.83980202675 6.07604789734
    endloop
  endfacet
  facet normal 0 -1 0
    outer loop
      vertex 4.48950815201 3.83980202675 6.07604789734
      vertex 4.47533893585 3.82544207573 6.07604789734
      vertex 4.47533893585 3.83980202675 6.07604789734
    endloop
  endfacet
  facet normal -0 -1 -0
    outer loop
      vertex 4.48950815201 3.82544207573 6.07604789734
      vertex 4.47533893585 3.82544207573 6.07604789734
      vertex 4.48950815201 3.83980202675 6.07604789734
    endloop
  endfacet
  facet normal 0 1 0
    outer loop
      vertex 4.51784276962 3.86852097511 6.07604789734
      vertex 4.51784276962 3.88288092613 6.07604789734
      vertex 4.50367498398 3.86852097511 6.07604789734
    endloop
  endfacet
  facet normal 0 1 0
    outer loop
      vertex 4.51784276962 3.88288092613 6.07604789734
      vertex 4.50367498398 3.88288092613 6.07604789734
      vertex 4.50367498398 3.86852097511 6.07604789734
    endloop
  endfacet
  facet normal 0 1 0
    outer loop
      vertex 4.5320110321 3.86852097511 6.07604789734
      vertex 4.5320110321 3.88288092613 6.07604789734
      vertex 4.51784276962 3.86852097511 6.07604789734
    endloop
  endfacet
  facet normal 0 1 0
    outer loop
      vertex 4.5320110321 3.88288092613 6.07604789734
      vertex 4.51784276962 3.88288092613 6.07604789734
      vertex 4.51784276962 3.86852097511 6.07604789734
    endloop
  endfacet
  facet normal 0 1 0
    outer loop
      vertex 4.54617786407 3.86852097511 6.07604789734
      vertex 4.54617786407 3.88288092613 6.07604789734
      vertex 4.5320110321 3.86852097511 6.07604789734
    endloop
  endfacet
  facet normal 0 1 0
    outer loop
      vertex 4.54617786407 3.88288092613 6.07604789734
      vertex 4.5320110321 3.88288092613 6.07604789734
      vertex 4.5320110321 3.86852097511 6.07604789734
    endloop
  endfacet
  facet normal 0 1 0
    outer loop
      vertex 4.56034612656 3.86852097511 6.07604789734
      vertex 4.54617786407 3.88288092613 6.07604789734
      vertex 4.54617786407 3.86852097511 6.07604789734
    endloop
  endfacet
  facet normal 0 -0.672846138477 -0.739782452583
    outer loop
      vertex 4.46556901932 3.8635699749 6.08639287949
      vertex 4.47533893585 3.85416102409 6.07604789734
      vertex 4.46117210388 3.85416102409 6.07604789734
    endloop
  endfacet
  facet normal -0.635641872883 0.450251936913 0.627082586288
    outer loop
      vertex 4.46117210388 3.89724111557 6.05604791641
      vertex 4.47533893585 3.88288092613 6.05604791641
      vertex 4.47533893585 3.89724111557 6.07604789734
    endloop
  endfacet
  facet normal -0.98994499445 -0.0824998915195 -0.114902660251
    outer loop
      vertex 4.47338485718 3.86753106117 6.07811689377
      vertex 4.47533893585 3.88288092613 6.07604789734
      vertex 4.47533893585 3.86852097511 6.05604791641
    endloop
  endfacet
  facet normal -0.635582685471 0.450255721807 0.627139866352
    outer loop
      vertex 4.4470038414 3.92596006393 6.03604793549
      vertex 4.46117210388 3.91160106659 6.03604793549
      vertex 4.46117210388 3.92596006393 6.05604791641
    endloop
  endfacet
  facet normal -0.635582685471 -0.450255721807 -0.627139866352
    outer loop
      vertex 4.4470038414 3.91160106659 6.05604791641
      vertex 4.46117210388 3.92596006393 6.05604791641
      vertex 4.46117210388 3.91160106659 6.03604793549
    endloop
  endfacet
  facet normal -0.63563734293 -0.450248718262 0.627089500427
    outer loop
      vertex 4.47533893585 3.89724111557 6.03604793549
      vertex 4.46117210388 3.89724111557 6.05604791641
      vertex 4.46117210388 3.91160106659 6.03604793549
    endloop
  endfacet
  facet normal -0.635598897934 -0.450267195702 0.627115249634
    outer loop
      vertex 4.46117210388 3.89724111557 6.05604791641
      vertex 4.4470038414 3.91160106659 6.05604791641
      vertex 4.46117210388 3.91160106659 6.03604793549
    endloop
  endfacet
  facet normal 0 1 0
    outer loop
      vertex 4.51784276962 3.88288092613 6.07604789734
      vertex 4.51784276962 3.89724111557 6.07604789734
      vertex 4.50367498398 3.88288092613 6.07604789734
    endloop
  endfacet
  facet normal 0 1 0
    outer loop
      vertex 4.51784276962 3.89724111557 6.07604789734
      vertex 4.50367498398 3.89724111557 6.07604789734
      vertex 4.50367498398 3.88288092613 6.07604789734
    endloop
  endfacet
  facet normal 0 1 0
    outer loop
      vertex 4.5320110321 3.88288092613 6.07604789734
      vertex 4.5320110321 3.89724111557 6.07604789734
      vertex 4.51784276962 3.88288092613 6.07604789734
    endloop
  endfacet
  facet normal 0 1 0
    outer loop
      vertex 4.5320110321 3.89724111557 6.07604789734
      vertex 4.51784276962 3.89724111557 6.07604789734
      vertex 4.51784276962 3.88288092613 6.07604789734
    endloop
  endfacet
  facet normal 0 1 0
    outer loop
      vertex 4.54617786407 3.88288092613 6.07604789734
      vertex 4.5320110321 3.89724111557 6.07604789734
      vertex 4.5320110321 3.88288092613 6.07604789734
    endloop
  endfacet
  facet normal -0.635641813278 -0.450251966715 0.627082645893
    outer loop
      vertex 4.50367498398 3.88288092613 6.03604793549
      vertex 4.48950815201 3.88288092613 6.05604791641
      vertex 4.48950815201 3.89724111557 6.03604793549
    endloop
  endfacet
  facet normal 0 -0.583239972591 0.812299907207
    outer loop
      vertex 4.48950815201 3.88288092613 6.05604791641
      vertex 4.47533893585 3.88288092613 6.05604791641
      vertex 4.48950815201 3.89724111557 6.03604793549
    endloop
  endfacet
  facet normal 0 -0.583239972591 0.812299907207
    outer loop
      vertex 4.48950815201 3.89724111557 6.03604793549
      vertex 4.47533893585 3.88288092613 6.05604791641
      vertex 4.47533893585 3.89724111557 6.03604793549
    endloop
  endfacet
  facet normal 0 1 0
    outer loop
      vertex 4.51784276962 3.89724111557 6.07604789734
      vertex 4.51784276962 3.91160106659 6.07604789734
      vertex 4.50367498398 3.89724111557 6.07604789734
    endloop
  endfacet
  facet normal 0 1 0
    outer loop
      vertex 4.51784276962 3.91160106659 6.07604789734
      vertex 4.50367498398 3.91160106659 6.07604789734
      vertex 4.50367498398 3.89724111557 6.07604789734
    endloop
  endfacet
  facet normal 0 1 0
    outer loop
      vertex 4.5320110321 3.89724111557 6.07604789734
      vertex 4.51784276962 3.91160106659 6.07604789734
      vertex 4.51784276962 3.89724111557 6.07604789734
    endloop
  endfacet
  facet normal 0 -1 -0
    outer loop
      vertex 4.50367498398 3.72492408752 6.11604785919
      vertex 4.48950815201 3.73928403854 6.11604785919
      vertex 4.50367498398 3.73928403854 6.11604785919
    endloop
  endfacet
  facet normal -0 -1 -0
    outer loop
      vertex 4.51784276962 3.72492408752 6.11604785919
      vertex 4.50367498398 3.72492408752 6.11604785919
      vertex 4.51784276962 3.73928403854 6.11604785919
    endloop
  endfacet
  facet normal 0 -1 0
    outer loop
      vertex 4.51784276962 3.73928403854 6.11604785919
      vertex 4.50367498398 3.72492408752 6.11604785919
      vertex 4.50367498398 3.73928403854 6.11604785919
    endloop
  endfacet
  facet normal -0 -1 -0
    outer loop
      vertex 4.5320110321 3.72492408752 6.11604785919
      vertex 4.51784276962 3.72492408752 6.11604785919
      vertex 4.5320110321 3.73928403854 6.11604785919
    endloop
  endfacet
  facet normal 0 -1 0
    outer loop
      vertex 4.5320110321 3.73928403854 6.11604785919
      vertex 4.51784276962 3.72492408752 6.11604785919
      vertex 4.51784276962 3.73928403854 6.11604785919
    endloop
  endfacet
  facet normal -0 -1 -0
    outer loop
      vertex 4.54617786407 3.72492408752 6.11604785919
      vertex 4.5320110321 3.72492408752 6.11604785919
      vertex 4.54617786407 3.73928403854 6.11604785919
    endloop
  endfacet
  facet normal 0 -1 0
    outer loop
      vertex 4.54617786407 3.73928403854 6.11604785919
      vertex 4.5320110321 3.72492408752 6.11604785919
      vertex 4.5320110321 3.73928403854 6.11604785919
    endloop
  endfacet
  facet normal 0 -1 0
    outer loop
      vertex 4.56034612656 3.73928403854 6.11604785919
      vertex 4.54617786407 3.72492408752 6.11604785919
      vertex 4.54617786407 3.73928403854 6.11604785919
    endloop
  endfacet
  facet normal 0 -1 -0
    outer loop
      vertex 4.47533893585 3.73928403854 6.11604785919
      vertex 4.46117210388 3.75364398956 6.11604785919
      vertex 4.47533893585 3.75364398956 6.11604785919
    endloop
  endfacet
  facet normal -0 -1 -0
    outer loop
      vertex 4.48950815201 3.73928403854 6.11604785919
      vertex 4.47533893585 3.73928403854 6.11604785919
      vertex 4.48950815201 3.75364398956 6.11604785919
    endloop
  endfacet
  facet normal 0 -1 0
    outer loop
      vertex 4.48950815201 3.75364398956 6.11604785919
      vertex 4.47533893585 3.73928403854 6.11604785919
      vertex 4.47533893585 3.75364398956 6.11604785919
    endloop
  endfacet
  facet normal -0 -1 -0
    outer loop
      vertex 4.50367498398 3.73928403854 6.11604785919
      vertex 4.48950815201 3.73928403854 6.11604785919
      vertex 4.50367498398 3.75364398956 6.11604785919
    endloop
  endfacet
  facet normal 0 -1 0
    outer loop
      vertex 4.50367498398 3.75364398956 6.11604785919
      vertex 4.48950815201 3.73928403854 6.11604785919
      vertex 4.48950815201 3.75364398956 6.11604785919
    endloop
  endfacet
  facet normal -0 -1 -0
    outer loop
      vertex 4.51784276962 3.73928403854 6.11604785919
      vertex 4.50367498398 3.73928403854 6.11604785919
      vertex 4.51784276962 3.75364398956 6.11604785919
    endloop
  endfacet
  facet normal 0 -1 0
    outer loop
      vertex 4.51784276962 3.75364398956 6.11604785919
      vertex 4.50367498398 3.73928403854 6.11604785919
      vertex 4.50367498398 3.75364398956 6.11604785919
    endloop
  endfacet
  facet normal 0 1 0
    outer loop
      vertex 4.54617786407 3.85416102409 6.07604789734
      vertex 4.54617786407 3.86852097511 6.07604789734
      vertex 4.5320110321 3.85416102409 6.07604789734
    endloop
  endfacet
  facet normal 0 1 0
    outer loop
      vertex 4.5320110321 3.85416102409 6.07604789734
      vertex 4.5320110321 3.86852097511 6.07604789734
      vertex 4.51784276962 3.85416102409 6.07604789734
    endloop
  endfacet
  facet normal 0 1 0
    outer loop
      vertex 4.56034612656 3.85416102409 6.07604789734
      vertex 4.54617786407 3.85416102409 6.07604789734
      vertex 4.54617786407 3.83980202675 6.07604789734
    endloop
  endfacet
  facet normal 0 1 0
    outer loop
      vertex 4.56034612656 3.83980202675 6.07604789734
      vertex 4.56034612656 3.85416102409 6.07604789734
      vertex 4.54617786407 3.83980202675 6.07604789734
    endloop
  endfacet
  facet normal 0 1 0
    outer loop
      vertex 4.54617786407 3.83980202675 6.07604789734
      vertex 4.54617786407 3.85416102409 6.07604789734
      vertex 4.5320110321 3.85416102409 6.07604789734
    endloop
  endfacet
  facet normal 0.635620892048 0.450237154961 -0.627114534378
    outer loop
      vertex 4.5320110321 3.83980202675 6.09604787827
      vertex 4.54617786407 3.83980202675 6.07604789734
      vertex 4.5320110321 3.85416102409 6.07604789734
    endloop
  endfacet
  facet normal -0 -1 -0
    outer loop
      vertex 4.47533893585 3.75364398956 6.11604785919
      vertex 4.46117210388 3.75364398956 6.11604785919
      vertex 4.47533893585 3.76800298691 6.11604785919
    endloop
  endfacet
  facet normal 0 -1 0
    outer loop
      vertex 4.47533893585 3.76800298691 6.11604785919
      vertex 4.46117210388 3.75364398956 6.11604785919
      vertex 4.46117210388 3.76800298691 6.11604785919
    endloop
  endfacet
  facet normal -0.635557174683 -0.450267732143 0.627157092094
    outer loop
      vertex 4.48950815201 3.76800298691 6.09604787827
      vertex 4.48950815201 3.75364398956 6.11604785919
      vertex 4.47533893585 3.76800298691 6.11604785919
    endloop
  endfacet
  facet normal -0 -1 0
    outer loop
      vertex 4.48950815201 3.75364398956 6.11604785919
      vertex 4.47533893585 3.75364398956 6.11604785919
      vertex 4.47533893585 3.76800298691 6.11604785919
    endloop
  endfacet
  facet normal 0 -0.583207726479 0.81232303381
    outer loop
      vertex 4.50367498398 3.76800298691 6.09604787827
      vertex 4.48950815201 3.75364398956 6.11604785919
      vertex 4.48950815201 3.76800298691 6.09604787827
    endloop
  endfacet
  facet normal 0 -0.583207726479 0.81232303381
    outer loop
      vertex 4.50367498398 3.75364398956 6.11604785919
      vertex 4.48950815201 3.75364398956 6.11604785919
      vertex 4.50367498398 3.76800298691 6.09604787827
    endloop
  endfacet
  facet normal 0 -0.583207726479 0.81232303381
    outer loop
      vertex 4.51784276962 3.76800298691 6.09604787827
      vertex 4.50367498398 3.75364398956 6.11604785919
      vertex 4.50367498398 3.76800298691 6.09604787827
    endloop
  endfacet
  facet normal 0 -0.583207726479 0.81232303381
    outer loop
      vertex 4.51784276962 3.75364398956 6.11604785919
      vertex 4.50367498398 3.75364398956 6.11604785919
      vertex 4.51784276962 3.76800298691 6.09604787827
    endloop
  endfacet
  facet normal 0 0.583207726479 -0.81232303381
    outer loop
      vertex 4.51784276962 3.83980202675 6.09604787827
      vertex 4.5320110321 3.83980202675 6.09604787827
      vertex 4.51784276962 3.85416102409 6.07604789734
    endloop
  endfacet
  facet normal 0 0.583207726479 -0.81232303381
    outer loop
      vertex 4.51784276962 3.85416102409 6.07604789734
      vertex 4.5320110321 3.83980202675 6.09604787827
      vertex 4.5320110321 3.85416102409 6.07604789734
    endloop
  endfacet
  facet normal 0.635637462139 0.450248897076 -0.627089262009
    outer loop
      vertex 4.54617786407 3.83980202675 6.07604789734
      vertex 4.5320110321 3.83980202675 6.09604787827
      vertex 4.54617786407 3.82544207573 6.09604787827
    endloop
  endfacet
  facet normal -0.635637581348 -0.450248986483 0.627089142799
    outer loop
      vertex 4.54617786407 3.78236198425 6.07604789734
      vertex 4.5320110321 3.78236198425 6.09604787827
      vertex 4.5320110321 3.79672193527 6.07604789734
    endloop
  endfacet
  facet normal 1 0 0
    outer loop
      vertex 4.54617786407 3.81108188629 6.07604789734
      vertex 4.54617786407 3.81108188629 6.09604787827
      vertex 4.54617786407 3.79672193527 6.07604789734
    endloop
  endfacet
  facet normal 0 -0.58323341608 0.812304615974
    outer loop
      vertex 4.5320110321 3.78236198425 6.09604787827
      vertex 4.51784276962 3.78236198425 6.09604787827
      vertex 4.5320110321 3.79672193527 6.07604789734
    endloop
  endfacet
  facet normal 0 -0.58323341608 0.812304615974
    outer loop
      vertex 4.5320110321 3.79672193527 6.07604789734
      vertex 4.51784276962 3.78236198425 6.09604787827
      vertex 4.51784276962 3.79672193527 6.07604789734
    endloop
  endfacet
  facet normal -0.635620951653 -0.450237125158 0.627114474773
    outer loop
      vertex 4.47533893585 3.78236198425 6.09604787827
      vertex 4.47533893585 3.76800298691 6.11604785919
      vertex 4.46117210388 3.78236198425 6.11604785919
    endloop
  endfacet
  facet normal -0 -1 0
    outer loop
      vertex 4.47533893585 3.76800298691 6.11604785919
      vertex 4.46117210388 3.76800298691 6.11604785919
      vertex 4.46117210388 3.78236198425 6.11604785919
    endloop
  endfacet
  facet normal -0.635557174683 -0.450267732143 0.627157092094
    outer loop
      vertex 4.48950815201 3.76800298691 6.09604787827
      vertex 4.47533893585 3.76800298691 6.11604785919
      vertex 4.47533893585 3.78236198425 6.09604787827
    endloop
  endfacet
  facet normal 0 0.583226501942 -0.81230956316
    outer loop
      vertex 4.54617786407 3.79672193527 6.07604789734
      vertex 4.54901123047 3.78523397446 6.09204816818
      vertex 4.56034612656 3.79672193527 6.07604789734
    endloop
  endfacet
  facet normal 0.711834967136 -1.02323474493e-05 0.702346742153
    outer loop
      vertex 4.54617786407 3.78236198425 6.11604785919
      vertex 4.54901123047 3.78523397446 6.09204816818
      vertex 4.56034612656 3.79672193527 6.09604787827
    endloop
  endfacet
  facet normal 0 1 0
    outer loop
      vertex 4.54617786407 3.83980202675 6.07604789734
      vertex 4.54617786407 3.82544207573 6.07604789734
      vertex 4.56034612656 3.83980202675 6.07604789734
    endloop
  endfacet
  facet normal -0.635599195957 -0.450267404318 0.627114772797
    outer loop
      vertex 4.46117210388 3.78236198425 6.11604785919
      vertex 4.4470038414 3.79672193527 6.11604785919
      vertex 4.46117210388 3.79672193527 6.09604787827
    endloop
  endfacet
  facet normal -0.635637640953 -0.450248926878 0.627089083195
    outer loop
      vertex 4.47533893585 3.78236198425 6.09604787827
      vertex 4.46117210388 3.78236198425 6.11604785919
      vertex 4.46117210388 3.79672193527 6.09604787827
    endloop
  endfacet
  facet normal 0.711842119694 1.27901475935e-05 0.702339529991
    outer loop
      vertex 4.54617786407 3.78236198425 6.07604789734
      vertex 4.56034612656 3.79672193527 6.07604789734
      vertex 4.54901123047 3.78523397446 6.09204816818
    endloop
  endfacet
  facet normal -0 -1 0
    outer loop
      vertex 4.54617786407 3.76800298691 6.09604787827
      vertex 4.5320110321 3.76800298691 6.09604787827
      vertex 4.5320110321 3.78236198425 6.09604787827
    endloop
  endfacet
  facet normal 1 0 0
    outer loop
      vertex 4.54617786407 3.83980202675 6.07604789734
      vertex 4.54617786407 3.82544207573 6.09604787827
      vertex 4.54617786407 3.82544207573 6.07604789734
    endloop
  endfacet
  facet normal 0.971742928028 -0.137661397457 0.191742181778
    outer loop
      vertex 4.54617786407 3.78236198425 6.07604789734
      vertex 4.54901123047 3.78523397446 6.09204816818
      vertex 4.54617786407 3.76800298691 6.09604787827
    endloop
  endfacet
  facet normal -0.635637581348 -0.450248837471 0.627089142799
    outer loop
      vertex 4.4470038414 3.79672193527 6.11604785919
      vertex 4.43283700943 3.81108188629 6.11604785919
      vertex 4.4470038414 3.81108188629 6.09604787827
    endloop
  endfacet
  facet normal -0.635599076748 -0.450267314911 0.627114892006
    outer loop
      vertex 4.46117210388 3.79672193527 6.09604787827
      vertex 4.4470038414 3.79672193527 6.11604785919
      vertex 4.4470038414 3.81108188629 6.09604787827
    endloop
  endfacet
  facet normal -0.635620892048 -0.450237154961 0.627114534378
    outer loop
      vertex 4.54617786407 3.78236198425 6.07604789734
      vertex 4.54617786407 3.76800298691 6.09604787827
      vertex 4.5320110321 3.78236198425 6.09604787827
    endloop
  endfacet
  facet normal 0 -1 0
    outer loop
      vertex 4.5320110321 3.78236198425 6.09604787827
      vertex 4.51784276962 3.76800298691 6.09604787827
      vertex 4.51784276962 3.78236198425 6.09604787827
    endloop
  endfacet
  facet normal -0.81602114439 -0.578022062778 -0
    outer loop
      vertex 4.4470038414 3.81108188629 6.09604787827
      vertex 4.43283700943 3.82544207573 6.11604785919
      vertex 4.4470038414 3.82544207573 6.09604787827
    endloop
  endfacet
  facet normal -0.81602114439 -0.578022062778 -0
    outer loop
      vertex 4.43283700943 3.81108188629 6.11604785919
      vertex 4.43283700943 3.82544207573 6.11604785919
      vertex 4.4470038414 3.81108188629 6.09604787827
    endloop
  endfacet
  facet normal 0.635616242886 0.450264155865 -0.627099812031
    outer loop
      vertex 4.51784276962 3.82544207573 6.09604787827
      vertex 4.50367498398 3.82544207573 6.11604785919
      vertex 4.51784276962 3.81108188629 6.11604785919
    endloop
  endfacet
  facet normal -0 -1 -0
    outer loop
      vertex 4.5320110321 3.76800298691 6.09604787827
      vertex 4.51784276962 3.76800298691 6.09604787827
      vertex 4.5320110321 3.78236198425 6.09604787827
    endloop
  endfacet
  facet normal 0.816021025181 0.578022241592 -0
    outer loop
      vertex 4.56034612656 3.86852097511 6.07604789734
      vertex 4.56034612656 3.85416102409 6.07604789734
      vertex 4.57451295853 3.86852097511 6.05604791641
    endloop
  endfacet
  facet normal 0.816021025181 0.578022241592 -0
    outer loop
      vertex 4.57451295853 3.86852097511 6.05604791641
      vertex 4.56034612656 3.85416102409 6.07604789734
      vertex 4.57451295853 3.85416102409 6.05604791641
    endloop
  endfacet
  facet normal 1 0 -0
    outer loop
      vertex 4.56034612656 3.85416102409 6.07604789734
      vertex 4.56034612656 3.83980202675 6.07604789734
      vertex 4.56034612656 3.83980202675 6.05604791641
    endloop
  endfacet
  facet normal -0.81602114439 -0.578022062778 -0
    outer loop
      vertex 4.4470038414 3.82544207573 6.09604787827
      vertex 4.43283700943 3.83980202675 6.11604785919
      vertex 4.4470038414 3.83980202675 6.09604787827
    endloop
  endfacet
  facet normal -0.81602114439 -0.578022062778 -0
    outer loop
      vertex 4.43283700943 3.82544207573 6.11604785919
      vertex 4.43283700943 3.83980202675 6.11604785919
      vertex 4.4470038414 3.82544207573 6.09604787827
    endloop
  endfacet
  facet normal 0.635637462139 0.450248897076 -0.627089262009
    outer loop
      vertex 4.50367498398 3.83980202675 6.09604787827
      vertex 4.48950815201 3.83980202675 6.11604785919
      vertex 4.50367498398 3.82544207573 6.11604785919
    endloop
  endfacet
  facet normal 0.635612010956 0.45026114583 -0.627106308937
    outer loop
      vertex 4.50367498398 3.82544207573 6.11604785919
      vertex 4.51784276962 3.82544207573 6.09604787827
      vertex 4.50367498398 3.83980202675 6.09604787827
    endloop
  endfacet
  facet normal 0 1 0
    outer loop
      vertex 4.51784276962 3.82544207573 6.09604787827
      vertex 4.51784276962 3.83980202675 6.09604787827
      vertex 4.50367498398 3.83980202675 6.09604787827
    endloop
  endfacet
  facet normal 0.635620892048 0.450237154961 0.627114534378
    outer loop
      vertex 4.57451295853 3.85416102409 6.05604791641
      vertex 4.56034612656 3.85416102409 6.07604789734
      vertex 4.56034612656 3.83980202675 6.05604791641
    endloop
  endfacet
  facet normal 0 -0.583233237267 0.812304735184
    outer loop
      vertex 4.56034612656 3.83980202675 6.05604791641
      vertex 4.54617786407 3.82544207573 6.07604789734
      vertex 4.54617786407 3.83980202675 6.05604791641
    endloop
  endfacet
  facet normal 0 -0.583233237267 0.812304735184
    outer loop
      vertex 4.54617786407 3.82544207573 6.07604789734
      vertex 4.5320110321 3.82544207573 6.07604789734
      vertex 4.54617786407 3.83980202675 6.05604791641
    endloop
  endfacet
  facet normal -0.635641872883 -0.450251936913 0.627082586288
    outer loop
      vertex 4.47533893585 3.88288092613 6.05604791641
      vertex 4.46117210388 3.89724111557 6.05604791641
      vertex 4.47533893585 3.89724111557 6.03604793549
    endloop
  endfacet
  facet normal -0 -1 0
    outer loop
      vertex 4.50367498398 3.86852097511 6.05604791641
      vertex 4.48950815201 3.86852097511 6.05604791641
      vertex 4.48950815201 3.88288092613 6.05604791641
    endloop
  endfacet
  facet normal -0.635637462139 -0.450248897076 0.627089262009
    outer loop
      vertex 4.50367498398 3.88288092613 6.03604793549
      vertex 4.50367498398 3.86852097511 6.05604791641
      vertex 4.48950815201 3.88288092613 6.05604791641
    endloop
  endfacet
  facet normal 0 -1 0
    outer loop
      vertex 4.48950815201 3.88288092613 6.05604791641
      vertex 4.47533893585 3.86852097511 6.05604791641
      vertex 4.47533893585 3.88288092613 6.05604791641
    endloop
  endfacet
  facet normal -0 -1 -0
    outer loop
      vertex 4.48950815201 3.86852097511 6.05604791641
      vertex 4.47533893585 3.86852097511 6.05604791641
      vertex 4.48950815201 3.88288092613 6.05604791641
    endloop
  endfacet
  facet normal 0 -1 0
    outer loop
      vertex 4.50367498398 3.86852097511 6.05604791641
      vertex 4.48950815201 3.85416102409 6.05604791641
      vertex 4.48950815201 3.86852097511 6.05604791641
    endloop
  endfacet
  facet normal -0 -1 -0
    outer loop
      vertex 4.50367498398 3.85416102409 6.05604791641
      vertex 4.48950815201 3.85416102409 6.05604791641
      vertex 4.50367498398 3.86852097511 6.05604791641
    endloop
  endfacet
  facet normal 0.635620892048 0.450237154961 -0.627114474773
    outer loop
      vertex 4.48950815201 3.83980202675 6.11604785919
      vertex 4.50367498398 3.83980202675 6.09604787827
      vertex 4.48950815201 3.85416102409 6.09604787827
    endloop
  endfacet
  facet normal 0 1 0
    outer loop
      vertex 4.50367498398 3.83980202675 6.09604787827
      vertex 4.50367498398 3.85416102409 6.09604787827
      vertex 4.48950815201 3.85416102409 6.09604787827
    endloop
  endfacet
  facet normal 0 1 0
    outer loop
      vertex 4.51784276962 3.83980202675 6.09604787827
      vertex 4.50367498398 3.85416102409 6.09604787827
      vertex 4.50367498398 3.83980202675 6.09604787827
    endloop
  endfacet
  facet normal 0 -1 -0
    outer loop
      vertex 4.48950815201 3.85416102409 6.05604791641
      vertex 4.47533893585 3.86852097511 6.05604791641
      vertex 4.48950815201 3.86852097511 6.05604791641
    endloop
  endfacet
  facet normal 0 -1 0
    outer loop
      vertex 4.47533893585 3.92596006393 6.03604793549
      vertex 4.46117210388 3.91160106659 6.03604793549
      vertex 4.46117210388 3.92596006393 6.03604793549
    endloop
  endfacet
  facet normal -0 -1 -0
    outer loop
      vertex 4.47533893585 3.91160106659 6.03604793549
      vertex 4.46117210388 3.91160106659 6.03604793549
      vertex 4.47533893585 3.92596006393 6.03604793549
    endloop
  endfacet
  facet normal 0 -1 -0
    outer loop
      vertex 4.46117210388 3.91160106659 6.03604793549
      vertex 4.4470038414 3.92596006393 6.03604793549
      vertex 4.46117210388 3.92596006393 6.03604793549
    endloop
  endfacet
  facet normal 0 -1 0
    outer loop
      vertex 4.50367498398 3.91160106659 6.03604793549
      vertex 4.48950815201 3.89724111557 6.03604793549
      vertex 4.48950815201 3.91160106659 6.03604793549
    endloop
  endfacet
  facet normal -0 -1 -0
    outer loop
      vertex 4.50367498398 3.89724111557 6.03604793549
      vertex 4.48950815201 3.89724111557 6.03604793549
      vertex 4.50367498398 3.91160106659 6.03604793549
    endloop
  endfacet
  facet normal 0 -1 0
    outer loop
      vertex 4.48950815201 3.91160106659 6.03604793549
      vertex 4.47533893585 3.89724111557 6.03604793549
      vertex 4.47533893585 3.91160106659 6.03604793549
    endloop
  endfacet
  facet normal -0 -1 -0
    outer loop
      vertex 4.48950815201 3.89724111557 6.03604793549
      vertex 4.47533893585 3.89724111557 6.03604793549
      vertex 4.48950815201 3.91160106659 6.03604793549
    endloop
  endfacet
  facet normal 0 -1 -0
    outer loop
      vertex 4.51784276962 3.69620490074 6.13604784012
      vertex 4.50367498398 3.71056389809 6.13604784012
      vertex 4.51784276962 3.71056389809 6.13604784012
    endloop
  endfacet
  facet normal -0 -1 -0
    outer loop
      vertex 4.5320110321 3.69620490074 6.13604784012
      vertex 4.51784276962 3.69620490074 6.13604784012
      vertex 4.5320110321 3.71056389809 6.13604784012
    endloop
  endfacet
  facet normal 0 -1 0
    outer loop
      vertex 4.5320110321 3.71056389809 6.13604784012
      vertex 4.51784276962 3.69620490074 6.13604784012
      vertex 4.51784276962 3.71056389809 6.13604784012
    endloop
  endfacet
  facet normal 0 -1 0
    outer loop
      vertex 4.54617786407 3.71056389809 6.13604784012
      vertex 4.5320110321 3.69620490074 6.13604784012
      vertex 4.5320110321 3.71056389809 6.13604784012
    endloop
  endfacet
  facet normal 0 -1 -0
    outer loop
      vertex 4.48950815201 3.71056389809 6.13604784012
      vertex 4.47533893585 3.72492408752 6.13604784012
      vertex 4.48950815201 3.72492408752 6.13604784012
    endloop
  endfacet
  facet normal -0.635641694069 -0.450251877308 0.627082884312
    outer loop
      vertex 4.50367498398 3.72492408752 6.11604785919
      vertex 4.50367498398 3.71056389809 6.13604784012
      vertex 4.48950815201 3.72492408752 6.13604784012
    endloop
  endfacet
  facet normal -0 -1 0
    outer loop
      vertex 4.50367498398 3.71056389809 6.13604784012
      vertex 4.48950815201 3.71056389809 6.13604784012
      vertex 4.48950815201 3.72492408752 6.13604784012
    endloop
  endfacet
  facet normal 0 -0.583239734173 0.812300086021
    outer loop
      vertex 4.51784276962 3.72492408752 6.11604785919
      vertex 4.50367498398 3.71056389809 6.13604784012
      vertex 4.50367498398 3.72492408752 6.11604785919
    endloop
  endfacet
  facet normal 0 -0.583239734173 0.812300086021
    outer loop
      vertex 4.51784276962 3.71056389809 6.13604784012
      vertex 4.50367498398 3.71056389809 6.13604784012
      vertex 4.51784276962 3.72492408752 6.11604785919
    endloop
  endfacet
  facet normal 0 -0.583239734173 0.812300086021
    outer loop
      vertex 4.5320110321 3.72492408752 6.11604785919
      vertex 4.51784276962 3.71056389809 6.13604784012
      vertex 4.51784276962 3.72492408752 6.11604785919
    endloop
  endfacet
  facet normal 0 -0.583239734173 0.812300086021
    outer loop
      vertex 4.5320110321 3.71056389809 6.13604784012
      vertex 4.51784276962 3.71056389809 6.13604784012
      vertex 4.5320110321 3.72492408752 6.11604785919
    endloop
  endfacet
  facet normal 0 -0.583239734173 0.812300086021
    outer loop
      vertex 4.54617786407 3.72492408752 6.11604785919
      vertex 4.5320110321 3.71056389809 6.13604784012
      vertex 4.5320110321 3.72492408752 6.11604785919
    endloop
  endfacet
  facet normal 0 -0.583239734173 0.812300086021
    outer loop
      vertex 4.54617786407 3.71056389809 6.13604784012
      vertex 4.5320110321 3.71056389809 6.13604784012
      vertex 4.54617786407 3.72492408752 6.11604785919
    endloop
  endfacet
  facet normal 0.635603547096 -0.450270175934 0.6271083951
    outer loop
      vertex 4.54617786407 3.72492408752 6.11604785919
      vertex 4.56034612656 3.72492408752 6.13604784012
      vertex 4.54617786407 3.71056389809 6.13604784012
    endloop
  endfacet
  facet normal 0 -1 0
    outer loop
      vertex 4.56034612656 3.72492408752 6.13604784012
      vertex 4.56034612656 3.71056389809 6.13604784012
      vertex 4.54617786407 3.71056389809 6.13604784012
    endloop
  endfacet
  facet normal -0.635637581348 -0.450248897076 0.627089202404
    outer loop
      vertex 4.47533893585 3.72492408752 6.13604784012
      vertex 4.46117210388 3.73928403854 6.13604784012
      vertex 4.47533893585 3.73928403854 6.11604785919
    endloop
  endfacet
  facet normal 0 -0.583233296871 0.812304675579
    outer loop
      vertex 4.48950815201 3.73928403854 6.11604785919
      vertex 4.47533893585 3.72492408752 6.13604784012
      vertex 4.47533893585 3.73928403854 6.11604785919
    endloop
  endfacet
  facet normal 0 -0.583233296871 0.812304675579
    outer loop
      vertex 4.48950815201 3.72492408752 6.13604784012
      vertex 4.47533893585 3.72492408752 6.13604784012
      vertex 4.48950815201 3.73928403854 6.11604785919
    endloop
  endfacet
  facet normal -0.635637521744 -0.450248926878 0.627089202404
    outer loop
      vertex 4.50367498398 3.72492408752 6.11604785919
      vertex 4.48950815201 3.72492408752 6.13604784012
      vertex 4.48950815201 3.73928403854 6.11604785919
    endloop
  endfacet
  facet normal 0.635599374771 -0.450267225504 0.627114713192
    outer loop
      vertex 4.54617786407 3.72492408752 6.11604785919
      vertex 4.56034612656 3.73928403854 6.11604785919
      vertex 4.56034612656 3.72492408752 6.13604784012
    endloop
  endfacet
  facet normal 1 0 0
    outer loop
      vertex 4.56034612656 3.72492408752 6.13604784012
      vertex 4.56034612656 3.73928403854 6.11604785919
      vertex 4.56034612656 3.73928403854 6.13604784012
    endloop
  endfacet
  facet normal -0.635599136353 -0.450267374516 0.627114832401
    outer loop
      vertex 4.46117210388 3.73928403854 6.13604784012
      vertex 4.4470038414 3.75364398956 6.13604784012
      vertex 4.46117210388 3.75364398956 6.11604785919
    endloop
  endfacet
  facet normal -0.635637581348 -0.450248897076 0.627089142799
    outer loop
      vertex 4.47533893585 3.73928403854 6.11604785919
      vertex 4.46117210388 3.73928403854 6.13604784012
      vertex 4.46117210388 3.75364398956 6.11604785919
    endloop
  endfacet
  facet normal 0 -0.583233237267 0.812304735184
    outer loop
      vertex 4.54617786407 3.83980202675 6.05604791641
      vertex 4.5320110321 3.82544207573 6.07604789734
      vertex 4.5320110321 3.83980202675 6.05604791641
    endloop
  endfacet
  facet normal 0 -0.583233237267 0.812304735184
    outer loop
      vertex 4.5320110321 3.82544207573 6.07604789734
      vertex 4.51784276962 3.82544207573 6.07604789734
      vertex 4.5320110321 3.83980202675 6.05604791641
    endloop
  endfacet
  facet normal -0.81599342823 -0.57806122303 -0
    outer loop
      vertex 4.46117210388 3.75364398956 6.11604785919
      vertex 4.4470038414 3.76800298691 6.13604784012
      vertex 4.46117210388 3.76800298691 6.11604785919
    endloop
  endfacet
  facet normal -0.81599342823 -0.57806122303 -0
    outer loop
      vertex 4.4470038414 3.75364398956 6.13604784012
      vertex 4.4470038414 3.76800298691 6.13604784012
      vertex 4.46117210388 3.75364398956 6.11604785919
    endloop
  endfacet
  facet normal 0 -1 0
    outer loop
      vertex 4.54617786407 3.82544207573 6.07604789734
      vertex 4.5320110321 3.81108188629 6.07604789734
      vertex 4.5320110321 3.82544207573 6.07604789734
    endloop
  endfacet
  facet normal -0 -1 -0
    outer loop
      vertex 4.54617786407 3.81108188629 6.07604789734
      vertex 4.5320110321 3.81108188629 6.07604789734
      vertex 4.54617786407 3.82544207573 6.07604789734
    endloop
  endfacet
  facet normal 0 -1 -0
    outer loop
      vertex 4.4470038414 3.76800298691 6.13604784012
      vertex 4.43283700943 3.78236198425 6.13604784012
      vertex 4.4470038414 3.78236198425 6.13604784012
    endloop
  endfacet
  facet normal -0.81599342823 -0.57806122303 -0
    outer loop
      vertex 4.46117210388 3.76800298691 6.11604785919
      vertex 4.4470038414 3.78236198425 6.13604784012
      vertex 4.46117210388 3.78236198425 6.11604785919
    endloop
  endfacet
  facet normal -0.81599342823 -0.57806122303 -0
    outer loop
      vertex 4.4470038414 3.76800298691 6.13604784012
      vertex 4.4470038414 3.78236198425 6.13604784012
      vertex 4.46117210388 3.76800298691 6.11604785919
    endloop
  endfacet
  facet normal 0 -1 0
    outer loop
      vertex 4.5320110321 3.82544207573 6.07604789734
      vertex 4.51784276962 3.81108188629 6.07604789734
      vertex 4.51784276962 3.82544207573 6.07604789734
    endloop
  endfacet
  facet normal -0 -1 -0
    outer loop
      vertex 4.5320110321 3.81108188629 6.07604789734
      vertex 4.51784276962 3.81108188629 6.07604789734
      vertex 4.5320110321 3.82544207573 6.07604789734
    endloop
  endfacet
  facet normal -0.635637700558 -0.450248897076 0.62708902359
    outer loop
      vertex 4.4470038414 3.79672193527 6.11604785919
      vertex 4.4470038414 3.78236198425 6.13604784012
      vertex 4.43283700943 3.79672193527 6.13604784012
    endloop
  endfacet
  facet normal -0 -1 0
    outer loop
      vertex 4.4470038414 3.78236198425 6.13604784012
      vertex 4.43283700943 3.78236198425 6.13604784012
      vertex 4.43283700943 3.79672193527 6.13604784012
    endloop
  endfacet
  facet normal -0.635599195957 -0.450267404318 0.627114772797
    outer loop
      vertex 4.46117210388 3.78236198425 6.11604785919
      vertex 4.4470038414 3.78236198425 6.13604784012
      vertex 4.4470038414 3.79672193527 6.11604785919
    endloop
  endfacet
  facet normal 0 -1 0
    outer loop
      vertex 4.54617786407 3.81108188629 6.07604789734
      vertex 4.5320110321 3.79672193527 6.07604789734
      vertex 4.5320110321 3.81108188629 6.07604789734
    endloop
  endfacet
  facet normal -0 -1 -0
    outer loop
      vertex 4.54617786407 3.79672193527 6.07604789734
      vertex 4.5320110321 3.79672193527 6.07604789734
      vertex 4.54617786407 3.81108188629 6.07604789734
    endloop
  endfacet
  facet normal 0 -1 0
    outer loop
      vertex 4.5320110321 3.81108188629 6.07604789734
      vertex 4.51784276962 3.79672193527 6.07604789734
      vertex 4.51784276962 3.81108188629 6.07604789734
    endloop
  endfacet
  facet normal -0.635637581348 -0.450248837471 -0.627089142799
    outer loop
      vertex 4.43283700943 3.79672193527 6.13604784012
      vertex 4.4470038414 3.81108188629 6.13604784012
      vertex 4.4470038414 3.79672193527 6.11604785919
    endloop
  endfacet
  facet normal -0.635637581348 0.450248837471 0.627089142799
    outer loop
      vertex 4.43283700943 3.81108188629 6.11604785919
      vertex 4.4470038414 3.79672193527 6.11604785919
      vertex 4.4470038414 3.81108188629 6.13604784012
    endloop
  endfacet
  facet normal 0.635612010956 0.45026114583 -0.627106308937
    outer loop
      vertex 4.51784276962 3.81108188629 6.11604785919
      vertex 4.50367498398 3.81108188629 6.13604784012
      vertex 4.51784276962 3.79672193527 6.13604784012
    endloop
  endfacet
  facet normal -0 -1 -0
    outer loop
      vertex 4.5320110321 3.79672193527 6.07604789734
      vertex 4.51784276962 3.79672193527 6.07604789734
      vertex 4.5320110321 3.81108188629 6.07604789734
    endloop
  endfacet
  facet normal 0 -1 0
    outer loop
      vertex 4.56034612656 3.79672193527 6.07604789734
      vertex 4.54617786407 3.78236198425 6.07604789734
      vertex 4.54617786407 3.79672193527 6.07604789734
    endloop
  endfacet
  facet normal 0 -1 -0
    outer loop
      vertex 4.54617786407 3.78236198425 6.07604789734
      vertex 4.5320110321 3.79672193527 6.07604789734
      vertex 4.54617786407 3.79672193527 6.07604789734
    endloop
  endfacet
  facet normal -0.635641872883 0.450251847506 -0.627082705498
    outer loop
      vertex 4.4470038414 3.81108188629 6.13604784012
      vertex 4.4470038414 3.82544207573 6.11604785919
      vertex 4.43283700943 3.81108188629 6.11604785919
    endloop
  endfacet
  facet normal 0 1 0
    outer loop
      vertex 4.4470038414 3.82544207573 6.11604785919
      vertex 4.43283700943 3.82544207573 6.11604785919
      vertex 4.43283700943 3.81108188629 6.11604785919
    endloop
  endfacet
  facet normal 0 0.583239793777 -0.812300026417
    outer loop
      vertex 4.4470038414 3.82544207573 6.11604785919
      vertex 4.46117210388 3.81108188629 6.13604784012
      vertex 4.46117210388 3.82544207573 6.11604785919
    endloop
  endfacet
  facet normal 0 0.583239793777 -0.812300026417
    outer loop
      vertex 4.4470038414 3.81108188629 6.13604784012
      vertex 4.46117210388 3.81108188629 6.13604784012
      vertex 4.4470038414 3.82544207573 6.11604785919
    endloop
  endfacet
  facet normal -0.635641753674 0.450251877308 -0.627082765102
    outer loop
      vertex 4.46117210388 3.81108188629 6.13604784012
      vertex 4.47533893585 3.82544207573 6.13604784012
      vertex 4.46117210388 3.82544207573 6.11604785919
    endloop
  endfacet
  facet normal 0.635578036308 0.450282484293 -0.627125382423
    outer loop
      vertex 4.48950815201 3.82544207573 6.11604785919
      vertex 4.47533893585 3.82544207573 6.13604784012
      vertex 4.48950815201 3.81108188629 6.13604784012
    endloop
  endfacet
  facet normal 0 0.583239793777 -0.812300026417
    outer loop
      vertex 4.48950815201 3.82544207573 6.11604785919
      vertex 4.50367498398 3.81108188629 6.13604784012
      vertex 4.50367498398 3.82544207573 6.11604785919
    endloop
  endfacet
  facet normal 0 0.583239793777 -0.812300026417
    outer loop
      vertex 4.48950815201 3.81108188629 6.13604784012
      vertex 4.50367498398 3.81108188629 6.13604784012
      vertex 4.48950815201 3.82544207573 6.11604785919
    endloop
  endfacet
  facet normal 0.635616242886 0.450264155865 -0.627099812031
    outer loop
      vertex 4.51784276962 3.81108188629 6.11604785919
      vertex 4.50367498398 3.82544207573 6.11604785919
      vertex 4.50367498398 3.81108188629 6.13604784012
    endloop
  endfacet
  facet normal 0 1 0
    outer loop
      vertex 4.4470038414 3.82544207573 6.11604785919
      vertex 4.4470038414 3.83980202675 6.11604785919
      vertex 4.43283700943 3.82544207573 6.11604785919
    endloop
  endfacet
  facet normal 0 1 0
    outer loop
      vertex 4.4470038414 3.83980202675 6.11604785919
      vertex 4.43283700943 3.83980202675 6.11604785919
      vertex 4.43283700943 3.82544207573 6.11604785919
    endloop
  endfacet
  facet normal 0 1 0
    outer loop
      vertex 4.46117210388 3.82544207573 6.11604785919
      vertex 4.46117210388 3.83980202675 6.11604785919
      vertex 4.4470038414 3.82544207573 6.11604785919
    endloop
  endfacet
  facet normal 0 1 0
    outer loop
      vertex 4.46117210388 3.83980202675 6.11604785919
      vertex 4.4470038414 3.83980202675 6.11604785919
      vertex 4.4470038414 3.82544207573 6.11604785919
    endloop
  endfacet
  facet normal -0.635637521744 0.450248867273 -0.627089202404
    outer loop
      vertex 4.47533893585 3.82544207573 6.13604784012
      vertex 4.47533893585 3.83980202675 6.11604785919
      vertex 4.46117210388 3.82544207573 6.11604785919
    endloop
  endfacet
  facet normal 0 1 0
    outer loop
      vertex 4.47533893585 3.83980202675 6.11604785919
      vertex 4.46117210388 3.83980202675 6.11604785919
      vertex 4.46117210388 3.82544207573 6.11604785919
    endloop
  endfacet
  facet normal 0.635573804379 0.450279474258 -0.62713187933
    outer loop
      vertex 4.47533893585 3.82544207573 6.13604784012
      vertex 4.48950815201 3.82544207573 6.11604785919
      vertex 4.47533893585 3.83980202675 6.11604785919
    endloop
  endfacet
  facet normal 0 1 0
    outer loop
      vertex 4.48950815201 3.82544207573 6.11604785919
      vertex 4.48950815201 3.83980202675 6.11604785919
      vertex 4.47533893585 3.83980202675 6.11604785919
    endloop
  endfacet
  facet normal 0 1 0
    outer loop
      vertex 4.50367498398 3.82544207573 6.11604785919
      vertex 4.48950815201 3.83980202675 6.11604785919
      vertex 4.48950815201 3.82544207573 6.11604785919
    endloop
  endfacet
  facet normal 0 -1 -0
    outer loop
      vertex 4.47533893585 3.89724111557 6.03604793549
      vertex 4.46117210388 3.91160106659 6.03604793549
      vertex 4.47533893585 3.91160106659 6.03604793549
    endloop
  endfacet
  facet normal 0 -1 -0
    outer loop
      vertex 4.50367498398 3.88288092613 6.03604793549
      vertex 4.48950815201 3.89724111557 6.03604793549
      vertex 4.50367498398 3.89724111557 6.03604793549
    endloop
  endfacet
  facet normal 0 -1 -0
    outer loop
      vertex 4.54617786407 3.65312600136 6.15604782104
      vertex 4.5320110321 3.6674849987 6.15604782104
      vertex 4.54617786407 3.6674849987 6.15604782104
    endloop
  endfacet
  facet normal 0 -1 0
    outer loop
      vertex 4.56034612656 3.6674849987 6.15604782104
      vertex 4.54617786407 3.65312600136 6.15604782104
      vertex 4.54617786407 3.6674849987 6.15604782104
    endloop
  endfacet
  facet normal 0 -1 -0
    outer loop
      vertex 4.51784276962 3.6674849987 6.15604782104
      vertex 4.50367498398 3.68184494972 6.15604782104
      vertex 4.51784276962 3.68184494972 6.15604782104
    endloop
  endfacet
  facet normal -0 -1 -0
    outer loop
      vertex 4.5320110321 3.6674849987 6.15604782104
      vertex 4.51784276962 3.6674849987 6.15604782104
      vertex 4.5320110321 3.68184494972 6.15604782104
    endloop
  endfacet
  facet normal 0 -1 0
    outer loop
      vertex 4.5320110321 3.68184494972 6.15604782104
      vertex 4.51784276962 3.6674849987 6.15604782104
      vertex 4.51784276962 3.68184494972 6.15604782104
    endloop
  endfacet
  facet normal -0 -1 -0
    outer loop
      vertex 4.54617786407 3.6674849987 6.15604782104
      vertex 4.5320110321 3.6674849987 6.15604782104
      vertex 4.54617786407 3.68184494972 6.15604782104
    endloop
  endfacet
  facet normal 0 -1 0
    outer loop
      vertex 4.54617786407 3.68184494972 6.15604782104
      vertex 4.5320110321 3.6674849987 6.15604782104
      vertex 4.5320110321 3.68184494972 6.15604782104
    endloop
  endfacet
  facet normal 0 -1 0
    outer loop
      vertex 4.54617786407 3.68184494972 6.15604782104
      vertex 4.56034612656 3.6674849987 6.15604782104
      vertex 4.54617786407 3.6674849987 6.15604782104
    endloop
  endfacet
  facet normal 0 -1 -0
    outer loop
      vertex 4.48950815201 3.68184494972 6.15604782104
      vertex 4.47533893585 3.69620490074 6.15604782104
      vertex 4.48950815201 3.69620490074 6.15604782104
    endloop
  endfacet
  facet normal -0 -1 -0
    outer loop
      vertex 4.50367498398 3.68184494972 6.15604782104
      vertex 4.48950815201 3.68184494972 6.15604782104
      vertex 4.50367498398 3.69620490074 6.15604782104
    endloop
  endfacet
  facet normal 0 -1 0
    outer loop
      vertex 4.50367498398 3.69620490074 6.15604782104
      vertex 4.48950815201 3.68184494972 6.15604782104
      vertex 4.48950815201 3.69620490074 6.15604782104
    endloop
  endfacet
  facet normal -0.635612010956 -0.450261175632 0.627106249332
    outer loop
      vertex 4.51784276962 3.69620490074 6.13604784012
      vertex 4.51784276962 3.68184494972 6.15604782104
      vertex 4.50367498398 3.69620490074 6.15604782104
    endloop
  endfacet
  facet normal -0 -1 0
    outer loop
      vertex 4.51784276962 3.68184494972 6.15604782104
      vertex 4.50367498398 3.68184494972 6.15604782104
      vertex 4.50367498398 3.69620490074 6.15604782104
    endloop
  endfacet
  facet normal 0 -0.583233356476 0.812304675579
    outer loop
      vertex 4.5320110321 3.69620490074 6.13604784012
      vertex 4.51784276962 3.68184494972 6.15604782104
      vertex 4.51784276962 3.69620490074 6.13604784012
    endloop
  endfacet
  facet normal 0 -0.583233356476 0.812304675579
    outer loop
      vertex 4.5320110321 3.68184494972 6.15604782104
      vertex 4.51784276962 3.68184494972 6.15604782104
      vertex 4.5320110321 3.69620490074 6.13604784012
    endloop
  endfacet
  facet normal 0.635637521744 -0.450248926878 0.627089202404
    outer loop
      vertex 4.5320110321 3.69620490074 6.13604784012
      vertex 4.54617786407 3.69620490074 6.15604782104
      vertex 4.5320110321 3.68184494972 6.15604782104
    endloop
  endfacet
  facet normal 0 -1 0
    outer loop
      vertex 4.54617786407 3.69620490074 6.15604782104
      vertex 4.54617786407 3.68184494972 6.15604782104
      vertex 4.5320110321 3.68184494972 6.15604782104
    endloop
  endfacet
  facet normal 0 -1 -0
    outer loop
      vertex 4.46117210388 3.69620490074 6.15604782104
      vertex 4.4470038414 3.71056389809 6.15604782104
      vertex 4.46117210388 3.71056389809 6.15604782104
    endloop
  endfacet
  facet normal -0 -1 -0
    outer loop
      vertex 4.47533893585 3.69620490074 6.15604782104
      vertex 4.46117210388 3.69620490074 6.15604782104
      vertex 4.47533893585 3.71056389809 6.15604782104
    endloop
  endfacet
  facet normal 0 -1 0
    outer loop
      vertex 4.47533893585 3.71056389809 6.15604782104
      vertex 4.46117210388 3.69620490074 6.15604782104
      vertex 4.46117210388 3.71056389809 6.15604782104
    endloop
  endfacet
  facet normal -0.635557234287 -0.450267761946 0.62715703249
    outer loop
      vertex 4.48950815201 3.71056389809 6.13604784012
      vertex 4.48950815201 3.69620490074 6.15604782104
      vertex 4.47533893585 3.71056389809 6.15604782104
    endloop
  endfacet
  facet normal -0 -1 0
    outer loop
      vertex 4.48950815201 3.69620490074 6.15604782104
      vertex 4.47533893585 3.69620490074 6.15604782104
      vertex 4.47533893585 3.71056389809 6.15604782104
    endloop
  endfacet
  facet normal 0 -0.583207786083 0.81232303381
    outer loop
      vertex 4.50367498398 3.71056389809 6.13604784012
      vertex 4.48950815201 3.69620490074 6.15604782104
      vertex 4.48950815201 3.71056389809 6.13604784012
    endloop
  endfacet
  facet normal 0 -0.583207786083 0.81232303381
    outer loop
      vertex 4.50367498398 3.69620490074 6.15604782104
      vertex 4.48950815201 3.69620490074 6.15604782104
      vertex 4.50367498398 3.71056389809 6.13604784012
    endloop
  endfacet
  facet normal -0.635595440865 -0.450249403715 0.627131521702
    outer loop
      vertex 4.51784276962 3.69620490074 6.13604784012
      vertex 4.50367498398 3.69620490074 6.15604782104
      vertex 4.50367498398 3.71056389809 6.13604784012
    endloop
  endfacet
  facet normal 0.635620892048 -0.450237184763 0.627114474773
    outer loop
      vertex 4.5320110321 3.69620490074 6.13604784012
      vertex 4.54617786407 3.71056389809 6.13604784012
      vertex 4.54617786407 3.69620490074 6.15604782104
    endloop
  endfacet
  facet normal -1.1129582793e-16 -0.583207786083 0.81232303381
    outer loop
      vertex 4.54617786407 3.69620490074 6.15604782104
      vertex 4.54617786407 3.71056389809 6.13604784012
      vertex 4.56034612656 3.71056389809 6.13604784012
    endloop
  endfacet
  facet normal 0.815993607044 0.578060984612 0
    outer loop
      vertex 4.54617786407 3.69620490074 6.15604782104
      vertex 4.56034612656 3.71056389809 6.13604784012
      vertex 4.54617786407 3.71056389809 6.15604782104
    endloop
  endfacet
  facet normal -0 -1 -0
    outer loop
      vertex 4.46117210388 3.71056389809 6.15604782104
      vertex 4.4470038414 3.71056389809 6.15604782104
      vertex 4.46117210388 3.72492408752 6.15604782104
    endloop
  endfacet
  facet normal 0 -1 0
    outer loop
      vertex 4.46117210388 3.72492408752 6.15604782104
      vertex 4.4470038414 3.71056389809 6.15604782104
      vertex 4.4470038414 3.72492408752 6.15604782104
    endloop
  endfacet
  facet normal -0.635641753674 -0.450251847506 0.627082824707
    outer loop
      vertex 4.47533893585 3.72492408752 6.13604784012
      vertex 4.47533893585 3.71056389809 6.15604782104
      vertex 4.46117210388 3.72492408752 6.15604782104
    endloop
  endfacet
  facet normal -0 -1 0
    outer loop
      vertex 4.47533893585 3.71056389809 6.15604782104
      vertex 4.46117210388 3.71056389809 6.15604782104
      vertex 4.46117210388 3.72492408752 6.15604782104
    endloop
  endfacet
  facet normal -0.635577976704 -0.450282454491 0.627125442028
    outer loop
      vertex 4.48950815201 3.71056389809 6.13604784012
      vertex 4.47533893585 3.71056389809 6.15604782104
      vertex 4.47533893585 3.72492408752 6.13604784012
    endloop
  endfacet
  facet normal 0.815993607044 0.578060984612 -0
    outer loop
      vertex 4.56034612656 3.72492408752 6.13604784012
      vertex 4.54617786407 3.71056389809 6.15604782104
      vertex 4.56034612656 3.71056389809 6.13604784012
    endloop
  endfacet
  facet normal 0.815993607044 0.578060984612 -0
    outer loop
      vertex 4.54617786407 3.72492408752 6.15604782104
      vertex 4.54617786407 3.71056389809 6.15604782104
      vertex 4.56034612656 3.72492408752 6.13604784012
    endloop
  endfacet
  facet normal -0.635599136353 -0.450267344713 0.627114892006
    outer loop
      vertex 4.46117210388 3.73928403854 6.13604784012
      vertex 4.46117210388 3.72492408752 6.15604782104
      vertex 4.4470038414 3.73928403854 6.15604782104
    endloop
  endfacet
  facet normal -0 -1 0
    outer loop
      vertex 4.46117210388 3.72492408752 6.15604782104
      vertex 4.4470038414 3.72492408752 6.15604782104
      vertex 4.4470038414 3.73928403854 6.15604782104
    endloop
  endfacet
  facet normal -0.635637581348 -0.450248897076 0.627089202404
    outer loop
      vertex 4.47533893585 3.72492408752 6.13604784012
      vertex 4.46117210388 3.72492408752 6.15604782104
      vertex 4.46117210388 3.73928403854 6.13604784012
    endloop
  endfacet
  facet normal 0.635637462139 0.450248926878 -0.627089202404
    outer loop
      vertex 4.54617786407 3.73928403854 6.13604784012
      vertex 4.5320110321 3.73928403854 6.15604782104
      vertex 4.54617786407 3.72492408752 6.15604782104
    endloop
  endfacet
  facet normal 0.635599374771 0.450267225504 -0.627114713192
    outer loop
      vertex 4.54617786407 3.72492408752 6.15604782104
      vertex 4.56034612656 3.72492408752 6.13604784012
      vertex 4.54617786407 3.73928403854 6.13604784012
    endloop
  endfacet
  facet normal 0 1 0
    outer loop
      vertex 4.56034612656 3.72492408752 6.13604784012
      vertex 4.56034612656 3.73928403854 6.13604784012
      vertex 4.54617786407 3.73928403854 6.13604784012
    endloop
  endfacet
  facet normal -0.635637640953 -0.450248867273 0.627089083195
    outer loop
      vertex 4.4470038414 3.73928403854 6.15604782104
      vertex 4.43283700943 3.75364398956 6.15604782104
      vertex 4.4470038414 3.75364398956 6.13604784012
    endloop
  endfacet
  facet normal -0.635599136353 -0.450267374516 0.627114832401
    outer loop
      vertex 4.46117210388 3.73928403854 6.13604784012
      vertex 4.4470038414 3.73928403854 6.15604782104
      vertex 4.4470038414 3.75364398956 6.13604784012
    endloop
  endfacet
  facet normal 0.635599255562 0.450267285109 -0.627114772797
    outer loop
      vertex 4.5320110321 3.75364398956 6.13604784012
      vertex 4.51784276962 3.75364398956 6.15604782104
      vertex 4.5320110321 3.73928403854 6.15604782104
    endloop
  endfacet
  facet normal 0.635637521744 0.450248926878 -0.627089202404
    outer loop
      vertex 4.5320110321 3.73928403854 6.15604782104
      vertex 4.54617786407 3.73928403854 6.13604784012
      vertex 4.5320110321 3.75364398956 6.13604784012
    endloop
  endfacet
  facet normal 0 -1 0
    outer loop
      vertex 4.57451295853 3.86852097511 6.05604791641
      vertex 4.56034612656 3.85416102409 6.05604791641
      vertex 4.56034612656 3.86852097511 6.05604791641
    endloop
  endfacet
  facet normal -0 -1 -0
    outer loop
      vertex 4.57451295853 3.85416102409 6.05604791641
      vertex 4.56034612656 3.85416102409 6.05604791641
      vertex 4.57451295853 3.86852097511 6.05604791641
    endloop
  endfacet
  facet normal -0.635621011257 -0.450237095356 -0.627114415169
    outer loop
      vertex 4.43283700943 3.75364398956 6.15604782104
      vertex 4.4470038414 3.76800298691 6.15604782104
      vertex 4.4470038414 3.75364398956 6.13604784012
    endloop
  endfacet
  facet normal -1 0 0
    outer loop
      vertex 4.4470038414 3.76800298691 6.15604782104
      vertex 4.4470038414 3.76800298691 6.13604784012
      vertex 4.4470038414 3.75364398956 6.13604784012
    endloop
  endfacet
  facet normal 0.815993487835 0.578061044216 -0
    outer loop
      vertex 4.5320110321 3.76800298691 6.13604784012
      vertex 4.51784276962 3.75364398956 6.15604782104
      vertex 4.5320110321 3.75364398956 6.13604784012
    endloop
  endfacet
  facet normal 0.815993487835 0.578061044216 -0
    outer loop
      vertex 4.51784276962 3.76800298691 6.15604782104
      vertex 4.51784276962 3.75364398956 6.15604782104
      vertex 4.5320110321 3.76800298691 6.13604784012
    endloop
  endfacet
  facet normal 0 -1 0
    outer loop
      vertex 4.56034612656 3.86852097511 6.05604791641
      vertex 4.56034612656 3.85416102409 6.05604791641
      vertex 4.54617786407 3.85416102409 6.05604791641
    endloop
  endfacet
  facet normal 0 -1 0
    outer loop
      vertex 4.57451295853 3.85416102409 6.05604791641
      vertex 4.56034612656 3.83980202675 6.05604791641
      vertex 4.56034612656 3.85416102409 6.05604791641
    endloop
  endfacet
  facet normal -0.635621011257 0.450237095356 0.627114415169
    outer loop
      vertex 4.43283700943 3.78236198425 6.13604784012
      vertex 4.4470038414 3.76800298691 6.13604784012
      vertex 4.4470038414 3.78236198425 6.15604782104
    endloop
  endfacet
  facet normal -1 0 0
    outer loop
      vertex 4.4470038414 3.76800298691 6.13604784012
      vertex 4.4470038414 3.76800298691 6.15604782104
      vertex 4.4470038414 3.78236198425 6.15604782104
    endloop
  endfacet
  facet normal 0.635620892048 0.450237154961 -0.627114474773
    outer loop
      vertex 4.50367498398 3.78236198425 6.13604784012
      vertex 4.48950815201 3.78236198425 6.15604782104
      vertex 4.50367498398 3.76800298691 6.15604782104
    endloop
  endfacet
  facet normal 0 0.583207726479 -0.81232303381
    outer loop
      vertex 4.50367498398 3.78236198425 6.13604784012
      vertex 4.51784276962 3.76800298691 6.15604782104
      vertex 4.51784276962 3.78236198425 6.13604784012
    endloop
  endfacet
  facet normal 0 0.583207726479 -0.81232303381
    outer loop
      vertex 4.50367498398 3.76800298691 6.15604782104
      vertex 4.51784276962 3.76800298691 6.15604782104
      vertex 4.50367498398 3.78236198425 6.13604784012
    endloop
  endfacet
  facet normal 0.635582625866 0.450255513191 -0.627140045166
    outer loop
      vertex 4.51784276962 3.76800298691 6.15604782104
      vertex 4.5320110321 3.76800298691 6.13604784012
      vertex 4.51784276962 3.78236198425 6.13604784012
    endloop
  endfacet
  facet normal 0 -1 0
    outer loop
      vertex 4.56034612656 3.85416102409 6.05604791641
      vertex 4.54617786407 3.83980202675 6.05604791641
      vertex 4.54617786407 3.85416102409 6.05604791641
    endloop
  endfacet
  facet normal -0 -1 -0
    outer loop
      vertex 4.56034612656 3.83980202675 6.05604791641
      vertex 4.54617786407 3.83980202675 6.05604791641
      vertex 4.56034612656 3.85416102409 6.05604791641
    endloop
  endfacet
  facet normal -0.635637700558 0.450248897076 -0.62708902359
    outer loop
      vertex 4.4470038414 3.78236198425 6.15604782104
      vertex 4.4470038414 3.79672193527 6.13604784012
      vertex 4.43283700943 3.78236198425 6.13604784012
    endloop
  endfacet
  facet normal 0 1 0
    outer loop
      vertex 4.4470038414 3.79672193527 6.13604784012
      vertex 4.43283700943 3.79672193527 6.13604784012
      vertex 4.43283700943 3.78236198425 6.13604784012
    endloop
  endfacet
  facet normal 0 0.58323341608 -0.812304615974
    outer loop
      vertex 4.4470038414 3.79672193527 6.13604784012
      vertex 4.46117210388 3.78236198425 6.15604782104
      vertex 4.46117210388 3.79672193527 6.13604784012
    endloop
  endfacet
  facet normal 0 0.58323341608 -0.812304615974
    outer loop
      vertex 4.4470038414 3.78236198425 6.15604782104
      vertex 4.46117210388 3.78236198425 6.15604782104
      vertex 4.4470038414 3.79672193527 6.13604784012
    endloop
  endfacet
  facet normal 0 0.58323341608 -0.812304615974
    outer loop
      vertex 4.46117210388 3.79672193527 6.13604784012
      vertex 4.47533893585 3.78236198425 6.15604782104
      vertex 4.47533893585 3.79672193527 6.13604784012
    endloop
  endfacet
  facet normal 0 0.58323341608 -0.812304615974
    outer loop
      vertex 4.46117210388 3.78236198425 6.15604782104
      vertex 4.47533893585 3.78236198425 6.15604782104
      vertex 4.46117210388 3.79672193527 6.13604784012
    endloop
  endfacet
  facet normal 0 0.58323341608 -0.812304615974
    outer loop
      vertex 4.47533893585 3.79672193527 6.13604784012
      vertex 4.48950815201 3.78236198425 6.15604782104
      vertex 4.48950815201 3.79672193527 6.13604784012
    endloop
  endfacet
  facet normal 0 0.58323341608 -0.812304615974
    outer loop
      vertex 4.47533893585 3.78236198425 6.15604782104
      vertex 4.48950815201 3.78236198425 6.15604782104
      vertex 4.47533893585 3.79672193527 6.13604784012
    endloop
  endfacet
  facet normal 0.635637581348 0.45024895668 -0.627089083195
    outer loop
      vertex 4.48950815201 3.78236198425 6.15604782104
      vertex 4.50367498398 3.78236198425 6.13604784012
      vertex 4.48950815201 3.79672193527 6.13604784012
    endloop
  endfacet
  facet normal 0 1 0
    outer loop
      vertex 4.50367498398 3.78236198425 6.13604784012
      vertex 4.50367498398 3.79672193527 6.13604784012
      vertex 4.48950815201 3.79672193527 6.13604784012
    endloop
  endfacet
  facet normal 0 1 0
    outer loop
      vertex 4.51784276962 3.78236198425 6.13604784012
      vertex 4.51784276962 3.79672193527 6.13604784012
      vertex 4.50367498398 3.78236198425 6.13604784012
    endloop
  endfacet
  facet normal 0 1 0
    outer loop
      vertex 4.51784276962 3.79672193527 6.13604784012
      vertex 4.50367498398 3.79672193527 6.13604784012
      vertex 4.50367498398 3.78236198425 6.13604784012
    endloop
  endfacet
  facet normal -0 -1 -0
    outer loop
      vertex 4.54617786407 3.83980202675 6.05604791641
      vertex 4.5320110321 3.83980202675 6.05604791641
      vertex 4.54617786407 3.85416102409 6.05604791641
    endloop
  endfacet
  facet normal 0 1 -0
    outer loop
      vertex 4.4470038414 3.81108188629 6.13604784012
      vertex 4.43283700943 3.79672193527 6.13604784012
      vertex 4.4470038414 3.79672193527 6.13604784012
    endloop
  endfacet
  facet normal 0 1 0
    outer loop
      vertex 4.46117210388 3.79672193527 6.13604784012
      vertex 4.46117210388 3.81108188629 6.13604784012
      vertex 4.4470038414 3.79672193527 6.13604784012
    endloop
  endfacet
  facet normal 0 1 0
    outer loop
      vertex 4.46117210388 3.81108188629 6.13604784012
      vertex 4.4470038414 3.81108188629 6.13604784012
      vertex 4.4470038414 3.79672193527 6.13604784012
    endloop
  endfacet
  facet normal 0 1 0
    outer loop
      vertex 4.47533893585 3.79672193527 6.13604784012
      vertex 4.47533893585 3.81108188629 6.13604784012
      vertex 4.46117210388 3.79672193527 6.13604784012
    endloop
  endfacet
  facet normal 0 1 0
    outer loop
      vertex 4.47533893585 3.81108188629 6.13604784012
      vertex 4.46117210388 3.81108188629 6.13604784012
      vertex 4.46117210388 3.79672193527 6.13604784012
    endloop
  endfacet
  facet normal 0 1 0
    outer loop
      vertex 4.48950815201 3.79672193527 6.13604784012
      vertex 4.48950815201 3.81108188629 6.13604784012
      vertex 4.47533893585 3.79672193527 6.13604784012
    endloop
  endfacet
  facet normal 0 1 0
    outer loop
      vertex 4.48950815201 3.81108188629 6.13604784012
      vertex 4.47533893585 3.81108188629 6.13604784012
      vertex 4.47533893585 3.79672193527 6.13604784012
    endloop
  endfacet
  facet normal 0 1 0
    outer loop
      vertex 4.50367498398 3.79672193527 6.13604784012
      vertex 4.50367498398 3.81108188629 6.13604784012
      vertex 4.48950815201 3.79672193527 6.13604784012
    endloop
  endfacet
  facet normal 0 1 0
    outer loop
      vertex 4.50367498398 3.81108188629 6.13604784012
      vertex 4.48950815201 3.81108188629 6.13604784012
      vertex 4.48950815201 3.79672193527 6.13604784012
    endloop
  endfacet
  facet normal 0 1 0
    outer loop
      vertex 4.51784276962 3.79672193527 6.13604784012
      vertex 4.50367498398 3.81108188629 6.13604784012
      vertex 4.50367498398 3.79672193527 6.13604784012
    endloop
  endfacet
  facet normal 0 1 -0
    outer loop
      vertex 4.47533893585 3.82544207573 6.13604784012
      vertex 4.46117210388 3.81108188629 6.13604784012
      vertex 4.47533893585 3.81108188629 6.13604784012
    endloop
  endfacet
  facet normal 0 1 0
    outer loop
      vertex 4.48950815201 3.81108188629 6.13604784012
      vertex 4.47533893585 3.82544207573 6.13604784012
      vertex 4.47533893585 3.81108188629 6.13604784012
    endloop
  endfacet
  facet normal 0 -1 -0
    outer loop
      vertex 4.48950815201 3.63876605034 6.17604780197
      vertex 4.47533893585 3.65312600136 6.17604780197
      vertex 4.48950815201 3.65312600136 6.17604780197
    endloop
  endfacet
  facet normal -0 -1 -0
    outer loop
      vertex 4.50367498398 3.63876605034 6.17604780197
      vertex 4.48950815201 3.63876605034 6.17604780197
      vertex 4.50367498398 3.65312600136 6.17604780197
    endloop
  endfacet
  facet normal 0 -1 0
    outer loop
      vertex 4.50367498398 3.65312600136 6.17604780197
      vertex 4.48950815201 3.63876605034 6.17604780197
      vertex 4.48950815201 3.65312600136 6.17604780197
    endloop
  endfacet
  facet normal -0 -1 -0
    outer loop
      vertex 4.51784276962 3.63876605034 6.17604780197
      vertex 4.50367498398 3.63876605034 6.17604780197
      vertex 4.51784276962 3.65312600136 6.17604780197
    endloop
  endfacet
  facet normal 0 -1 0
    outer loop
      vertex 4.51784276962 3.65312600136 6.17604780197
      vertex 4.50367498398 3.63876605034 6.17604780197
      vertex 4.50367498398 3.65312600136 6.17604780197
    endloop
  endfacet
  facet normal -0 -1 -0
    outer loop
      vertex 4.5320110321 3.63876605034 6.17604780197
      vertex 4.51784276962 3.63876605034 6.17604780197
      vertex 4.5320110321 3.65312600136 6.17604780197
    endloop
  endfacet
  facet normal 0 -1 0
    outer loop
      vertex 4.5320110321 3.65312600136 6.17604780197
      vertex 4.51784276962 3.63876605034 6.17604780197
      vertex 4.51784276962 3.65312600136 6.17604780197
    endloop
  endfacet
  facet normal -0.635637581348 -0.450248986483 0.627089142799
    outer loop
      vertex 4.54617786407 3.65312600136 6.15604782104
      vertex 4.54617786407 3.63876605034 6.17604780197
      vertex 4.5320110321 3.65312600136 6.17604780197
    endloop
  endfacet
  facet normal -0 -1 0
    outer loop
      vertex 4.54617786407 3.63876605034 6.17604780197
      vertex 4.5320110321 3.63876605034 6.17604780197
      vertex 4.5320110321 3.65312600136 6.17604780197
    endloop
  endfacet
  facet normal 1 0 0
    outer loop
      vertex 4.54617786407 3.63876605034 6.17604780197
      vertex 4.54617786407 3.65312600136 6.15604782104
      vertex 4.54617786407 3.65312600136 6.17604780197
    endloop
  endfacet
  facet normal 0 -1 -0
    outer loop
      vertex 4.47533893585 3.65312600136 6.17604780197
      vertex 4.46117210388 3.6674849987 6.17604780197
      vertex 4.47533893585 3.6674849987 6.17604780197
    endloop
  endfacet
  facet normal -0 -1 -0
    outer loop
      vertex 4.48950815201 3.65312600136 6.17604780197
      vertex 4.47533893585 3.65312600136 6.17604780197
      vertex 4.48950815201 3.6674849987 6.17604780197
    endloop
  endfacet
  facet normal 0 -1 0
    outer loop
      vertex 4.48950815201 3.6674849987 6.17604780197
      vertex 4.47533893585 3.65312600136 6.17604780197
      vertex 4.47533893585 3.6674849987 6.17604780197
    endloop
  endfacet
  facet normal -0 -1 -0
    outer loop
      vertex 4.50367498398 3.65312600136 6.17604780197
      vertex 4.48950815201 3.65312600136 6.17604780197
      vertex 4.50367498398 3.6674849987 6.17604780197
    endloop
  endfacet
  facet normal 0 -1 0
    outer loop
      vertex 4.50367498398 3.6674849987 6.17604780197
      vertex 4.48950815201 3.65312600136 6.17604780197
      vertex 4.48950815201 3.6674849987 6.17604780197
    endloop
  endfacet
  facet normal -0.63559538126 -0.450249403715 0.627131521702
    outer loop
      vertex 4.51784276962 3.6674849987 6.15604782104
      vertex 4.51784276962 3.65312600136 6.17604780197
      vertex 4.50367498398 3.6674849987 6.17604780197
    endloop
  endfacet
  facet normal -0 -1 0
    outer loop
      vertex 4.51784276962 3.65312600136 6.17604780197
      vertex 4.50367498398 3.65312600136 6.17604780197
      vertex 4.50367498398 3.6674849987 6.17604780197
    endloop
  endfacet
  facet normal 0 -0.583207726479 0.81232303381
    outer loop
      vertex 4.5320110321 3.6674849987 6.15604782104
      vertex 4.51784276962 3.65312600136 6.17604780197
      vertex 4.51784276962 3.6674849987 6.15604782104
    endloop
  endfacet
  facet normal 0 -0.583207726479 0.81232303381
    outer loop
      vertex 4.5320110321 3.65312600136 6.17604780197
      vertex 4.51784276962 3.65312600136 6.17604780197
      vertex 4.5320110321 3.6674849987 6.15604782104
    endloop
  endfacet
  facet normal -0.635620892048 -0.450237154961 0.627114534378
    outer loop
      vertex 4.54617786407 3.65312600136 6.15604782104
      vertex 4.5320110321 3.65312600136 6.17604780197
      vertex 4.5320110321 3.6674849987 6.15604782104
    endloop
  endfacet
  facet normal 0.635582745075 0.450255483389 0.627139985561
    outer loop
      vertex 4.56034612656 3.6674849987 6.15604782104
      vertex 4.54617786407 3.6674849987 6.17604780197
      vertex 4.54617786407 3.65312600136 6.15604782104
    endloop
  endfacet
  facet normal 1 0 -0
    outer loop
      vertex 4.54617786407 3.6674849987 6.17604780197
      vertex 4.54617786407 3.65312600136 6.17604780197
      vertex 4.54617786407 3.65312600136 6.15604782104
    endloop
  endfacet
  facet normal 0 -1 -0
    outer loop
      vertex 4.46117210388 3.6674849987 6.17604780197
      vertex 4.4470038414 3.68184494972 6.17604780197
      vertex 4.46117210388 3.68184494972 6.17604780197
    endloop
  endfacet
  facet normal -0 -1 -0
    outer loop
      vertex 4.47533893585 3.6674849987 6.17604780197
      vertex 4.46117210388 3.6674849987 6.17604780197
      vertex 4.47533893585 3.68184494972 6.17604780197
    endloop
  endfacet
  facet normal 0 -1 0
    outer loop
      vertex 4.47533893585 3.68184494972 6.17604780197
      vertex 4.46117210388 3.6674849987 6.17604780197
      vertex 4.46117210388 3.68184494972 6.17604780197
    endloop
  endfacet
  facet normal -0.635573804379 -0.450279474258 0.62713187933
    outer loop
      vertex 4.48950815201 3.68184494972 6.15604782104
      vertex 4.48950815201 3.6674849987 6.17604780197
      vertex 4.47533893585 3.68184494972 6.17604780197
    endloop
  endfacet
  facet normal -0 -1 0
    outer loop
      vertex 4.48950815201 3.6674849987 6.17604780197
      vertex 4.47533893585 3.6674849987 6.17604780197
      vertex 4.47533893585 3.68184494972 6.17604780197
    endloop
  endfacet
  facet normal 0 -0.583233237267 0.812304735184
    outer loop
      vertex 4.50367498398 3.68184494972 6.15604782104
      vertex 4.48950815201 3.6674849987 6.17604780197
      vertex 4.48950815201 3.68184494972 6.15604782104
    endloop
  endfacet
  facet normal 0 -0.583233237267 0.812304735184
    outer loop
      vertex 4.50367498398 3.6674849987 6.17604780197
      vertex 4.48950815201 3.6674849987 6.17604780197
      vertex 4.50367498398 3.68184494972 6.15604782104
    endloop
  endfacet
  facet normal -0.635612010956 -0.45026114583 0.627106308937
    outer loop
      vertex 4.51784276962 3.6674849987 6.15604782104
      vertex 4.50367498398 3.6674849987 6.17604780197
      vertex 4.50367498398 3.68184494972 6.15604782104
    endloop
  endfacet
  facet normal 0.635599315166 0.450267225504 -0.627114772797
    outer loop
      vertex 4.56034612656 3.6674849987 6.15604782104
      vertex 4.54617786407 3.68184494972 6.15604782104
      vertex 4.54617786407 3.6674849987 6.17604780197
    endloop
  endfacet
  facet normal 1 0 0
    outer loop
      vertex 4.54617786407 3.68184494972 6.15604782104
      vertex 4.54617786407 3.68184494972 6.17604780197
      vertex 4.54617786407 3.6674849987 6.17604780197
    endloop
  endfacet
  facet normal -0.635599136353 -0.450267374516 0.627114832401
    outer loop
      vertex 4.46117210388 3.69620490074 6.15604782104
      vertex 4.46117210388 3.68184494972 6.17604780197
      vertex 4.4470038414 3.69620490074 6.17604780197
    endloop
  endfacet
  facet normal -0 -1 0
    outer loop
      vertex 4.46117210388 3.68184494972 6.17604780197
      vertex 4.4470038414 3.68184494972 6.17604780197
      vertex 4.4470038414 3.69620490074 6.17604780197
    endloop
  endfacet
  facet normal 0 -0.583233356476 0.812304675579
    outer loop
      vertex 4.47533893585 3.69620490074 6.15604782104
      vertex 4.46117210388 3.68184494972 6.17604780197
      vertex 4.46117210388 3.69620490074 6.15604782104
    endloop
  endfacet
  facet normal 0 -0.583233356476 0.812304675579
    outer loop
      vertex 4.47533893585 3.68184494972 6.17604780197
      vertex 4.46117210388 3.68184494972 6.17604780197
      vertex 4.47533893585 3.69620490074 6.15604782104
    endloop
  endfacet
  facet normal -0.635573804379 -0.450279504061 0.62713176012
    outer loop
      vertex 4.48950815201 3.68184494972 6.15604782104
      vertex 4.47533893585 3.68184494972 6.17604780197
      vertex 4.47533893585 3.69620490074 6.15604782104
    endloop
  endfacet
  facet normal 1 -0 0
    outer loop
      vertex 4.54617786407 3.68184494972 6.15604782104
      vertex 4.54617786407 3.69620490074 6.15604782104
      vertex 4.54617786407 3.68184494972 6.17604780197
    endloop
  endfacet
  facet normal 1 0 0
    outer loop
      vertex 4.54617786407 3.68184494972 6.17604780197
      vertex 4.54617786407 3.69620490074 6.15604782104
      vertex 4.54617786407 3.69620490074 6.17604780197
    endloop
  endfacet
  facet normal -0.635621070862 -0.450237095356 0.627114355564
    outer loop
      vertex 4.4470038414 3.69620490074 6.17604780197
      vertex 4.43283700943 3.71056389809 6.17604780197
      vertex 4.4470038414 3.71056389809 6.15604782104
    endloop
  endfacet
  facet normal -0.635582566261 -0.450255602598 0.627140104771
    outer loop
      vertex 4.46117210388 3.69620490074 6.15604782104
      vertex 4.4470038414 3.69620490074 6.17604780197
      vertex 4.4470038414 3.71056389809 6.15604782104
    endloop
  endfacet
  facet normal 0.635620892048 0.450237184763 -0.627114474773
    outer loop
      vertex 4.54617786407 3.71056389809 6.15604782104
      vertex 4.5320110321 3.71056389809 6.17604780197
      vertex 4.54617786407 3.69620490074 6.17604780197
    endloop
  endfacet
  facet normal 1 0 0
    outer loop
      vertex 4.54617786407 3.71056389809 6.15604782104
      vertex 4.54617786407 3.69620490074 6.17604780197
      vertex 4.54617786407 3.69620490074 6.15604782104
    endloop
  endfacet
  facet normal -0.81602114439 -0.578022062778 -0
    outer loop
      vertex 4.4470038414 3.71056389809 6.15604782104
      vertex 4.43283700943 3.72492408752 6.17604780197
      vertex 4.4470038414 3.72492408752 6.15604782104
    endloop
  endfacet
  facet normal -0.81602114439 -0.578022062778 -0
    outer loop
      vertex 4.43283700943 3.71056389809 6.17604780197
      vertex 4.43283700943 3.72492408752 6.17604780197
      vertex 4.4470038414 3.71056389809 6.15604782104
    endloop
  endfacet
  facet normal 0.635603427887 0.450270235538 -0.627108454704
    outer loop
      vertex 4.5320110321 3.72492408752 6.15604782104
      vertex 4.51784276962 3.72492408752 6.17604780197
      vertex 4.5320110321 3.71056389809 6.17604780197
    endloop
  endfacet
  facet normal 0.635641634464 0.450251877308 -0.627082884312
    outer loop
      vertex 4.5320110321 3.71056389809 6.17604780197
      vertex 4.54617786407 3.71056389809 6.15604782104
      vertex 4.5320110321 3.72492408752 6.15604782104
    endloop
  endfacet
  facet normal 0 1 0
    outer loop
      vertex 4.54617786407 3.71056389809 6.15604782104
      vertex 4.54617786407 3.72492408752 6.15604782104
      vertex 4.5320110321 3.72492408752 6.15604782104
    endloop
  endfacet
  facet normal -0.81602114439 -0.578022062778 -0
    outer loop
      vertex 4.4470038414 3.72492408752 6.15604782104
      vertex 4.43283700943 3.73928403854 6.17604780197
      vertex 4.4470038414 3.73928403854 6.15604782104
    endloop
  endfacet
  facet normal -0.81602114439 -0.578022062778 -0
    outer loop
      vertex 4.43283700943 3.72492408752 6.17604780197
      vertex 4.43283700943 3.73928403854 6.17604780197
      vertex 4.4470038414 3.72492408752 6.15604782104
    endloop
  endfacet
  facet normal 0.635612010956 0.45026114583 -0.627106249332
    outer loop
      vertex 4.51784276962 3.73928403854 6.15604782104
      vertex 4.50367498398 3.73928403854 6.17604780197
      vertex 4.51784276962 3.72492408752 6.17604780197
    endloop
  endfacet
  facet normal 0.635599255562 0.450267285109 -0.627114772797
    outer loop
      vertex 4.51784276962 3.72492408752 6.17604780197
      vertex 4.5320110321 3.72492408752 6.15604782104
      vertex 4.51784276962 3.73928403854 6.15604782104
    endloop
  endfacet
  facet normal 0 1 0
    outer loop
      vertex 4.5320110321 3.72492408752 6.15604782104
      vertex 4.5320110321 3.73928403854 6.15604782104
      vertex 4.51784276962 3.73928403854 6.15604782104
    endloop
  endfacet
  facet normal 0 1 0
    outer loop
      vertex 4.54617786407 3.72492408752 6.15604782104
      vertex 4.5320110321 3.73928403854 6.15604782104
      vertex 4.5320110321 3.72492408752 6.15604782104
    endloop
  endfacet
  facet normal -0.635637640953 -0.450248867273 -0.627089083195
    outer loop
      vertex 4.43283700943 3.73928403854 6.17604780197
      vertex 4.4470038414 3.75364398956 6.17604780197
      vertex 4.4470038414 3.73928403854 6.15604782104
    endloop
  endfacet
  facet normal -0.635637640953 0.450248867273 0.627089083195
    outer loop
      vertex 4.43283700943 3.75364398956 6.15604782104
      vertex 4.4470038414 3.73928403854 6.15604782104
      vertex 4.4470038414 3.75364398956 6.17604780197
    endloop
  endfacet
  facet normal 0.635637581348 0.450248897076 -0.627089142799
    outer loop
      vertex 4.47533893585 3.75364398956 6.15604782104
      vertex 4.46117210388 3.75364398956 6.17604780197
      vertex 4.47533893585 3.73928403854 6.17604780197
    endloop
  endfacet
  facet normal 0 0.583233356476 -0.812304675579
    outer loop
      vertex 4.47533893585 3.75364398956 6.15604782104
      vertex 4.48950815201 3.73928403854 6.17604780197
      vertex 4.48950815201 3.75364398956 6.15604782104
    endloop
  endfacet
  facet normal 0 0.583233356476 -0.812304675579
    outer loop
      vertex 4.47533893585 3.73928403854 6.17604780197
      vertex 4.48950815201 3.73928403854 6.17604780197
      vertex 4.47533893585 3.75364398956 6.15604782104
    endloop
  endfacet
  facet normal 0 0.583233356476 -0.812304675579
    outer loop
      vertex 4.48950815201 3.75364398956 6.15604782104
      vertex 4.50367498398 3.73928403854 6.17604780197
      vertex 4.50367498398 3.75364398956 6.15604782104
    endloop
  endfacet
  facet normal 0 0.583233356476 -0.812304675579
    outer loop
      vertex 4.48950815201 3.73928403854 6.17604780197
      vertex 4.50367498398 3.73928403854 6.17604780197
      vertex 4.48950815201 3.75364398956 6.15604782104
    endloop
  endfacet
  facet normal 0.635612010956 0.450261175632 -0.627106249332
    outer loop
      vertex 4.50367498398 3.73928403854 6.17604780197
      vertex 4.51784276962 3.73928403854 6.15604782104
      vertex 4.50367498398 3.75364398956 6.15604782104
    endloop
  endfacet
  facet normal 0 1 0
    outer loop
      vertex 4.51784276962 3.73928403854 6.15604782104
      vertex 4.51784276962 3.75364398956 6.15604782104
      vertex 4.50367498398 3.75364398956 6.15604782104
    endloop
  endfacet
  facet normal 0 1 0
    outer loop
      vertex 4.5320110321 3.73928403854 6.15604782104
      vertex 4.51784276962 3.75364398956 6.15604782104
      vertex 4.51784276962 3.73928403854 6.15604782104
    endloop
  endfacet
  facet normal -0.635621011257 0.450237095356 -0.627114415169
    outer loop
      vertex 4.43283700943 3.75364398956 6.15604782104
      vertex 4.4470038414 3.75364398956 6.17604780197
      vertex 4.4470038414 3.76800298691 6.15604782104
    endloop
  endfacet
  facet normal 0 0.583207726479 -0.81232303381
    outer loop
      vertex 4.4470038414 3.76800298691 6.15604782104
      vertex 4.46117210388 3.75364398956 6.17604780197
      vertex 4.46117210388 3.76800298691 6.15604782104
    endloop
  endfacet
  facet normal 0 0.583207726479 -0.81232303381
    outer loop
      vertex 4.4470038414 3.75364398956 6.17604780197
      vertex 4.46117210388 3.75364398956 6.17604780197
      vertex 4.4470038414 3.76800298691 6.15604782104
    endloop
  endfacet
  facet normal 0.635620951653 0.450237125158 -0.627114474773
    outer loop
      vertex 4.46117210388 3.75364398956 6.17604780197
      vertex 4.47533893585 3.75364398956 6.15604782104
      vertex 4.46117210388 3.76800298691 6.15604782104
    endloop
  endfacet
  facet normal 0 1 0
    outer loop
      vertex 4.47533893585 3.75364398956 6.15604782104
      vertex 4.47533893585 3.76800298691 6.15604782104
      vertex 4.46117210388 3.76800298691 6.15604782104
    endloop
  endfacet
  facet normal 0 1 0
    outer loop
      vertex 4.48950815201 3.75364398956 6.15604782104
      vertex 4.48950815201 3.76800298691 6.15604782104
      vertex 4.47533893585 3.75364398956 6.15604782104
    endloop
  endfacet
  facet normal 0 1 0
    outer loop
      vertex 4.48950815201 3.76800298691 6.15604782104
      vertex 4.47533893585 3.76800298691 6.15604782104
      vertex 4.47533893585 3.75364398956 6.15604782104
    endloop
  endfacet
  facet normal 0 1 0
    outer loop
      vertex 4.50367498398 3.75364398956 6.15604782104
      vertex 4.50367498398 3.76800298691 6.15604782104
      vertex 4.48950815201 3.75364398956 6.15604782104
    endloop
  endfacet
  facet normal 0 1 0
    outer loop
      vertex 4.50367498398 3.76800298691 6.15604782104
      vertex 4.48950815201 3.76800298691 6.15604782104
      vertex 4.48950815201 3.75364398956 6.15604782104
    endloop
  endfacet
  facet normal 0 1 0
    outer loop
      vertex 4.51784276962 3.75364398956 6.15604782104
      vertex 4.51784276962 3.76800298691 6.15604782104
      vertex 4.50367498398 3.75364398956 6.15604782104
    endloop
  endfacet
  facet normal 0 1 0
    outer loop
      vertex 4.51784276962 3.76800298691 6.15604782104
      vertex 4.50367498398 3.76800298691 6.15604782104
      vertex 4.50367498398 3.75364398956 6.15604782104
    endloop
  endfacet
  facet normal 0 1 0
    outer loop
      vertex 4.46117210388 3.76800298691 6.15604782104
      vertex 4.46117210388 3.78236198425 6.15604782104
      vertex 4.4470038414 3.76800298691 6.15604782104
    endloop
  endfacet
  facet normal 0 1 0
    outer loop
      vertex 4.46117210388 3.78236198425 6.15604782104
      vertex 4.4470038414 3.78236198425 6.15604782104
      vertex 4.4470038414 3.76800298691 6.15604782104
    endloop
  endfacet
  facet normal 0 1 0
    outer loop
      vertex 4.47533893585 3.76800298691 6.15604782104
      vertex 4.47533893585 3.78236198425 6.15604782104
      vertex 4.46117210388 3.76800298691 6.15604782104
    endloop
  endfacet
  facet normal 0 1 0
    outer loop
      vertex 4.47533893585 3.78236198425 6.15604782104
      vertex 4.46117210388 3.78236198425 6.15604782104
      vertex 4.46117210388 3.76800298691 6.15604782104
    endloop
  endfacet
  facet normal 0 1 0
    outer loop
      vertex 4.48950815201 3.76800298691 6.15604782104
      vertex 4.48950815201 3.78236198425 6.15604782104
      vertex 4.47533893585 3.76800298691 6.15604782104
    endloop
  endfacet
  facet normal 0 1 0
    outer loop
      vertex 4.48950815201 3.78236198425 6.15604782104
      vertex 4.47533893585 3.78236198425 6.15604782104
      vertex 4.47533893585 3.76800298691 6.15604782104
    endloop
  endfacet
  facet normal 0 1 0
    outer loop
      vertex 4.50367498398 3.76800298691 6.15604782104
      vertex 4.48950815201 3.78236198425 6.15604782104
      vertex 4.48950815201 3.76800298691 6.15604782104
    endloop
  endfacet
  facet normal 0 -1 -0
    outer loop
      vertex 4.47533893585 3.61004590988 6.1960477829
      vertex 4.46117210388 3.62440609932 6.1960477829
      vertex 4.47533893585 3.62440609932 6.1960477829
    endloop
  endfacet
  facet normal -0 -1 -0
    outer loop
      vertex 4.48950815201 3.61004590988 6.1960477829
      vertex 4.47533893585 3.61004590988 6.1960477829
      vertex 4.48950815201 3.62440609932 6.1960477829
    endloop
  endfacet
  facet normal 0 -1 0
    outer loop
      vertex 4.48950815201 3.62440609932 6.1960477829
      vertex 4.47533893585 3.61004590988 6.1960477829
      vertex 4.47533893585 3.62440609932 6.1960477829
    endloop
  endfacet
  facet normal -0 -1 -0
    outer loop
      vertex 4.50367498398 3.61004590988 6.1960477829
      vertex 4.48950815201 3.61004590988 6.1960477829
      vertex 4.50367498398 3.62440609932 6.1960477829
    endloop
  endfacet
  facet normal 0 -1 0
    outer loop
      vertex 4.50367498398 3.62440609932 6.1960477829
      vertex 4.48950815201 3.61004590988 6.1960477829
      vertex 4.48950815201 3.62440609932 6.1960477829
    endloop
  endfacet
  facet normal -0 -1 -0
    outer loop
      vertex 4.51784276962 3.61004590988 6.1960477829
      vertex 4.50367498398 3.61004590988 6.1960477829
      vertex 4.51784276962 3.62440609932 6.1960477829
    endloop
  endfacet
  facet normal 0 -1 0
    outer loop
      vertex 4.51784276962 3.62440609932 6.1960477829
      vertex 4.50367498398 3.61004590988 6.1960477829
      vertex 4.50367498398 3.62440609932 6.1960477829
    endloop
  endfacet
  facet normal 0 -1 0
    outer loop
      vertex 4.5320110321 3.62440609932 6.1960477829
      vertex 4.51784276962 3.61004590988 6.1960477829
      vertex 4.51784276962 3.62440609932 6.1960477829
    endloop
  endfacet
  facet normal 0 -1 -0
    outer loop
      vertex 4.46117210388 3.62440609932 6.1960477829
      vertex 4.4470038414 3.63876605034 6.1960477829
      vertex 4.46117210388 3.63876605034 6.1960477829
    endloop
  endfacet
  facet normal -0 -1 -0
    outer loop
      vertex 4.47533893585 3.62440609932 6.1960477829
      vertex 4.46117210388 3.62440609932 6.1960477829
      vertex 4.47533893585 3.63876605034 6.1960477829
    endloop
  endfacet
  facet normal 0 -1 0
    outer loop
      vertex 4.47533893585 3.63876605034 6.1960477829
      vertex 4.46117210388 3.62440609932 6.1960477829
      vertex 4.46117210388 3.63876605034 6.1960477829
    endloop
  endfacet
  facet normal -0.635573804379 -0.450279474258 0.62713187933
    outer loop
      vertex 4.48950815201 3.63876605034 6.17604780197
      vertex 4.48950815201 3.62440609932 6.1960477829
      vertex 4.47533893585 3.63876605034 6.1960477829
    endloop
  endfacet
  facet normal -0 -1 0
    outer loop
      vertex 4.48950815201 3.62440609932 6.1960477829
      vertex 4.47533893585 3.62440609932 6.1960477829
      vertex 4.47533893585 3.63876605034 6.1960477829
    endloop
  endfacet
  facet normal 0 -0.583233237267 0.812304735184
    outer loop
      vertex 4.50367498398 3.63876605034 6.17604780197
      vertex 4.48950815201 3.62440609932 6.1960477829
      vertex 4.48950815201 3.63876605034 6.17604780197
    endloop
  endfacet
  facet normal 0 -0.583233237267 0.812304735184
    outer loop
      vertex 4.50367498398 3.62440609932 6.1960477829
      vertex 4.48950815201 3.62440609932 6.1960477829
      vertex 4.50367498398 3.63876605034 6.17604780197
    endloop
  endfacet
  facet normal 0 -0.583233237267 0.812304735184
    outer loop
      vertex 4.51784276962 3.63876605034 6.17604780197
      vertex 4.50367498398 3.62440609932 6.1960477829
      vertex 4.50367498398 3.63876605034 6.17604780197
    endloop
  endfacet
  facet normal 0 -0.583233237267 0.812304735184
    outer loop
      vertex 4.51784276962 3.62440609932 6.1960477829
      vertex 4.50367498398 3.62440609932 6.1960477829
      vertex 4.51784276962 3.63876605034 6.17604780197
    endloop
  endfacet
  facet normal 0 -0.583233237267 0.812304735184
    outer loop
      vertex 4.5320110321 3.63876605034 6.17604780197
      vertex 4.51784276962 3.62440609932 6.1960477829
      vertex 4.51784276962 3.63876605034 6.17604780197
    endloop
  endfacet
  facet normal 0 -0.583233237267 0.812304735184
    outer loop
      vertex 4.5320110321 3.62440609932 6.1960477829
      vertex 4.51784276962 3.62440609932 6.1960477829
      vertex 4.5320110321 3.63876605034 6.17604780197
    endloop
  endfacet
  facet normal -1.11306124674e-16 -0.583233237267 0.812304735184
    outer loop
      vertex 4.5320110321 3.62440609932 6.1960477829
      vertex 4.5320110321 3.63876605034 6.17604780197
      vertex 4.54617786407 3.63876605034 6.17604780197
    endloop
  endfacet
  facet normal 0.816021025181 0.578022241592 0
    outer loop
      vertex 4.5320110321 3.62440609932 6.1960477829
      vertex 4.54617786407 3.63876605034 6.17604780197
      vertex 4.5320110321 3.63876605034 6.1960477829
    endloop
  endfacet
  facet normal -0 -1 -0
    outer loop
      vertex 4.46117210388 3.63876605034 6.1960477829
      vertex 4.4470038414 3.63876605034 6.1960477829
      vertex 4.46117210388 3.65312600136 6.1960477829
    endloop
  endfacet
  facet normal 0 -1 0
    outer loop
      vertex 4.46117210388 3.65312600136 6.1960477829
      vertex 4.4470038414 3.63876605034 6.1960477829
      vertex 4.4470038414 3.65312600136 6.1960477829
    endloop
  endfacet
  facet normal -0.635637640953 -0.450248926878 0.627089083195
    outer loop
      vertex 4.47533893585 3.65312600136 6.17604780197
      vertex 4.47533893585 3.63876605034 6.1960477829
      vertex 4.46117210388 3.65312600136 6.1960477829
    endloop
  endfacet
  facet normal -0 -1 0
    outer loop
      vertex 4.47533893585 3.63876605034 6.1960477829
      vertex 4.46117210388 3.63876605034 6.1960477829
      vertex 4.46117210388 3.65312600136 6.1960477829
    endloop
  endfacet
  facet normal -0.635573863983 -0.450279563665 0.627131700516
    outer loop
      vertex 4.48950815201 3.63876605034 6.17604780197
      vertex 4.47533893585 3.63876605034 6.1960477829
      vertex 4.47533893585 3.65312600136 6.17604780197
    endloop
  endfacet
  facet normal 0.816021025181 0.578022241592 -0
    outer loop
      vertex 4.54617786407 3.65312600136 6.17604780197
      vertex 4.5320110321 3.63876605034 6.1960477829
      vertex 4.54617786407 3.63876605034 6.17604780197
    endloop
  endfacet
  facet normal 0.816021025181 0.578022241592 -0
    outer loop
      vertex 4.5320110321 3.65312600136 6.1960477829
      vertex 4.5320110321 3.63876605034 6.1960477829
      vertex 4.54617786407 3.65312600136 6.17604780197
    endloop
  endfacet
  facet normal 0 -1 -0
    outer loop
      vertex 4.4470038414 3.65312600136 6.1960477829
      vertex 4.43283700943 3.6674849987 6.1960477829
      vertex 4.4470038414 3.6674849987 6.1960477829
    endloop
  endfacet
  facet normal -0.635582506657 -0.450255572796 0.627140164375
    outer loop
      vertex 4.46117210388 3.6674849987 6.17604780197
      vertex 4.46117210388 3.65312600136 6.1960477829
      vertex 4.4470038414 3.6674849987 6.1960477829
    endloop
  endfacet
  facet normal -0 -1 0
    outer loop
      vertex 4.46117210388 3.65312600136 6.1960477829
      vertex 4.4470038414 3.65312600136 6.1960477829
      vertex 4.4470038414 3.6674849987 6.1960477829
    endloop
  endfacet
  facet normal -0.635620951653 -0.450237125158 0.627114474773
    outer loop
      vertex 4.47533893585 3.65312600136 6.17604780197
      vertex 4.46117210388 3.65312600136 6.1960477829
      vertex 4.46117210388 3.6674849987 6.17604780197
    endloop
  endfacet
  facet normal 0.816021025181 0.578022241592 -0
    outer loop
      vertex 4.54617786407 3.6674849987 6.17604780197
      vertex 4.5320110321 3.65312600136 6.1960477829
      vertex 4.54617786407 3.65312600136 6.17604780197
    endloop
  endfacet
  facet normal 0.816021025181 0.578022241592 -0
    outer loop
      vertex 4.5320110321 3.6674849987 6.1960477829
      vertex 4.5320110321 3.65312600136 6.1960477829
      vertex 4.54617786407 3.6674849987 6.17604780197
    endloop
  endfacet
  facet normal -0.635637581348 -0.450248837471 0.627089142799
    outer loop
      vertex 4.4470038414 3.68184494972 6.17604780197
      vertex 4.4470038414 3.6674849987 6.1960477829
      vertex 4.43283700943 3.68184494972 6.1960477829
    endloop
  endfacet
  facet normal -0 -1 0
    outer loop
      vertex 4.4470038414 3.6674849987 6.1960477829
      vertex 4.43283700943 3.6674849987 6.1960477829
      vertex 4.43283700943 3.68184494972 6.1960477829
    endloop
  endfacet
  facet normal -0.635599076748 -0.450267314911 0.627114892006
    outer loop
      vertex 4.46117210388 3.6674849987 6.17604780197
      vertex 4.4470038414 3.6674849987 6.1960477829
      vertex 4.4470038414 3.68184494972 6.17604780197
    endloop
  endfacet
  facet normal 0.816021025181 0.578022241592 -0
    outer loop
      vertex 4.54617786407 3.68184494972 6.17604780197
      vertex 4.5320110321 3.6674849987 6.1960477829
      vertex 4.54617786407 3.6674849987 6.17604780197
    endloop
  endfacet
  facet normal 0.816021025181 0.578022241592 -0
    outer loop
      vertex 4.5320110321 3.68184494972 6.1960477829
      vertex 4.5320110321 3.6674849987 6.1960477829
      vertex 4.54617786407 3.68184494972 6.17604780197
    endloop
  endfacet
  facet normal -0.635637640953 -0.450248867273 -0.627089083195
    outer loop
      vertex 4.43283700943 3.68184494972 6.1960477829
      vertex 4.4470038414 3.69620490074 6.1960477829
      vertex 4.4470038414 3.68184494972 6.17604780197
    endloop
  endfacet
  facet normal -1 0 0
    outer loop
      vertex 4.4470038414 3.69620490074 6.1960477829
      vertex 4.4470038414 3.69620490074 6.17604780197
      vertex 4.4470038414 3.68184494972 6.17604780197
    endloop
  endfacet
  facet normal 0.635599255562 0.450267285109 -0.627114772797
    outer loop
      vertex 4.5320110321 3.69620490074 6.17604780197
      vertex 4.51784276962 3.69620490074 6.1960477829
      vertex 4.5320110321 3.68184494972 6.1960477829
    endloop
  endfacet
  facet normal 0.635637521744 0.450248926878 -0.627089202404
    outer loop
      vertex 4.5320110321 3.68184494972 6.1960477829
      vertex 4.54617786407 3.68184494972 6.17604780197
      vertex 4.5320110321 3.69620490074 6.17604780197
    endloop
  endfacet
  facet normal 0 1 0
    outer loop
      vertex 4.54617786407 3.68184494972 6.17604780197
      vertex 4.54617786407 3.69620490074 6.17604780197
      vertex 4.5320110321 3.69620490074 6.17604780197
    endloop
  endfacet
  facet normal -0.635621070862 0.450237095356 0.627114355564
    outer loop
      vertex 4.43283700943 3.71056389809 6.17604780197
      vertex 4.4470038414 3.69620490074 6.17604780197
      vertex 4.4470038414 3.71056389809 6.1960477829
    endloop
  endfacet
  facet normal -1 0 0
    outer loop
      vertex 4.4470038414 3.69620490074 6.17604780197
      vertex 4.4470038414 3.69620490074 6.1960477829
      vertex 4.4470038414 3.71056389809 6.1960477829
    endloop
  endfacet
  facet normal 0.635557234287 0.450267761946 -0.62715703249
    outer loop
      vertex 4.48950815201 3.71056389809 6.17604780197
      vertex 4.47533893585 3.71056389809 6.1960477829
      vertex 4.48950815201 3.69620490074 6.1960477829
    endloop
  endfacet
  facet normal 0 0.583207786083 -0.81232303381
    outer loop
      vertex 4.48950815201 3.71056389809 6.17604780197
      vertex 4.50367498398 3.69620490074 6.1960477829
      vertex 4.50367498398 3.71056389809 6.17604780197
    endloop
  endfacet
  facet normal 0 0.583207786083 -0.81232303381
    outer loop
      vertex 4.48950815201 3.69620490074 6.1960477829
      vertex 4.50367498398 3.69620490074 6.1960477829
      vertex 4.48950815201 3.71056389809 6.17604780197
    endloop
  endfacet
  facet normal 0 0.583207786083 -0.81232303381
    outer loop
      vertex 4.50367498398 3.71056389809 6.17604780197
      vertex 4.51784276962 3.69620490074 6.1960477829
      vertex 4.51784276962 3.71056389809 6.17604780197
    endloop
  endfacet
  facet normal 0 0.583207786083 -0.81232303381
    outer loop
      vertex 4.50367498398 3.69620490074 6.1960477829
      vertex 4.51784276962 3.69620490074 6.1960477829
      vertex 4.50367498398 3.71056389809 6.17604780197
    endloop
  endfacet
  facet normal 0.635582685471 0.450255542994 -0.627140045166
    outer loop
      vertex 4.51784276962 3.69620490074 6.1960477829
      vertex 4.5320110321 3.69620490074 6.17604780197
      vertex 4.51784276962 3.71056389809 6.17604780197
    endloop
  endfacet
  facet normal 0 1 0
    outer loop
      vertex 4.5320110321 3.69620490074 6.17604780197
      vertex 4.5320110321 3.71056389809 6.17604780197
      vertex 4.51784276962 3.71056389809 6.17604780197
    endloop
  endfacet
  facet normal 0 1 0
    outer loop
      vertex 4.54617786407 3.69620490074 6.17604780197
      vertex 4.5320110321 3.71056389809 6.17604780197
      vertex 4.5320110321 3.69620490074 6.17604780197
    endloop
  endfacet
  facet normal -0.635641813278 0.450251817703 -0.627082765102
    outer loop
      vertex 4.4470038414 3.71056389809 6.1960477829
      vertex 4.4470038414 3.72492408752 6.17604780197
      vertex 4.43283700943 3.71056389809 6.17604780197
    endloop
  endfacet
  facet normal 0 1 0
    outer loop
      vertex 4.4470038414 3.72492408752 6.17604780197
      vertex 4.43283700943 3.72492408752 6.17604780197
      vertex 4.43283700943 3.71056389809 6.17604780197
    endloop
  endfacet
  facet normal 0 0.583239734173 -0.812300086021
    outer loop
      vertex 4.4470038414 3.72492408752 6.17604780197
      vertex 4.46117210388 3.71056389809 6.1960477829
      vertex 4.46117210388 3.72492408752 6.17604780197
    endloop
  endfacet
  facet normal 0 0.583239734173 -0.812300086021
    outer loop
      vertex 4.4470038414 3.71056389809 6.1960477829
      vertex 4.46117210388 3.71056389809 6.1960477829
      vertex 4.4470038414 3.72492408752 6.17604780197
    endloop
  endfacet
  facet normal 0 0.583239734173 -0.812300086021
    outer loop
      vertex 4.46117210388 3.72492408752 6.17604780197
      vertex 4.47533893585 3.71056389809 6.1960477829
      vertex 4.47533893585 3.72492408752 6.17604780197
    endloop
  endfacet
  facet normal 0 0.583239734173 -0.812300086021
    outer loop
      vertex 4.46117210388 3.71056389809 6.1960477829
      vertex 4.47533893585 3.71056389809 6.1960477829
      vertex 4.46117210388 3.72492408752 6.17604780197
    endloop
  endfacet
  facet normal 0.635577976704 0.450282454491 -0.627125442028
    outer loop
      vertex 4.47533893585 3.71056389809 6.1960477829
      vertex 4.48950815201 3.71056389809 6.17604780197
      vertex 4.47533893585 3.72492408752 6.17604780197
    endloop
  endfacet
  facet normal 0 1 0
    outer loop
      vertex 4.48950815201 3.71056389809 6.17604780197
      vertex 4.48950815201 3.72492408752 6.17604780197
      vertex 4.47533893585 3.72492408752 6.17604780197
    endloop
  endfacet
  facet normal 0 1 0
    outer loop
      vertex 4.50367498398 3.71056389809 6.17604780197
      vertex 4.50367498398 3.72492408752 6.17604780197
      vertex 4.48950815201 3.71056389809 6.17604780197
    endloop
  endfacet
  facet normal 0 1 0
    outer loop
      vertex 4.50367498398 3.72492408752 6.17604780197
      vertex 4.48950815201 3.72492408752 6.17604780197
      vertex 4.48950815201 3.71056389809 6.17604780197
    endloop
  endfacet
  facet normal 0 1 0
    outer loop
      vertex 4.51784276962 3.71056389809 6.17604780197
      vertex 4.51784276962 3.72492408752 6.17604780197
      vertex 4.50367498398 3.71056389809 6.17604780197
    endloop
  endfacet
  facet normal 0 1 0
    outer loop
      vertex 4.51784276962 3.72492408752 6.17604780197
      vertex 4.50367498398 3.72492408752 6.17604780197
      vertex 4.50367498398 3.71056389809 6.17604780197
    endloop
  endfacet
  facet normal 0 1 0
    outer loop
      vertex 4.5320110321 3.71056389809 6.17604780197
      vertex 4.51784276962 3.72492408752 6.17604780197
      vertex 4.51784276962 3.71056389809 6.17604780197
    endloop
  endfacet
  facet normal 0 1 0
    outer loop
      vertex 4.4470038414 3.72492408752 6.17604780197
      vertex 4.4470038414 3.73928403854 6.17604780197
      vertex 4.43283700943 3.72492408752 6.17604780197
    endloop
  endfacet
  facet normal 0 1 0
    outer loop
      vertex 4.4470038414 3.73928403854 6.17604780197
      vertex 4.43283700943 3.73928403854 6.17604780197
      vertex 4.43283700943 3.72492408752 6.17604780197
    endloop
  endfacet
  facet normal 0 1 0
    outer loop
      vertex 4.46117210388 3.72492408752 6.17604780197
      vertex 4.46117210388 3.73928403854 6.17604780197
      vertex 4.4470038414 3.72492408752 6.17604780197
    endloop
  endfacet
  facet normal 0 1 0
    outer loop
      vertex 4.46117210388 3.73928403854 6.17604780197
      vertex 4.4470038414 3.73928403854 6.17604780197
      vertex 4.4470038414 3.72492408752 6.17604780197
    endloop
  endfacet
  facet normal 0 1 0
    outer loop
      vertex 4.47533893585 3.72492408752 6.17604780197
      vertex 4.47533893585 3.73928403854 6.17604780197
      vertex 4.46117210388 3.72492408752 6.17604780197
    endloop
  endfacet
  facet normal 0 1 0
    outer loop
      vertex 4.47533893585 3.73928403854 6.17604780197
      vertex 4.46117210388 3.73928403854 6.17604780197
      vertex 4.46117210388 3.72492408752 6.17604780197
    endloop
  endfacet
  facet normal 0 1 0
    outer loop
      vertex 4.48950815201 3.72492408752 6.17604780197
      vertex 4.48950815201 3.73928403854 6.17604780197
      vertex 4.47533893585 3.72492408752 6.17604780197
    endloop
  endfacet
  facet normal 0 1 0
    outer loop
      vertex 4.48950815201 3.73928403854 6.17604780197
      vertex 4.47533893585 3.73928403854 6.17604780197
      vertex 4.47533893585 3.72492408752 6.17604780197
    endloop
  endfacet
  facet normal 0 1 0
    outer loop
      vertex 4.50367498398 3.72492408752 6.17604780197
      vertex 4.50367498398 3.73928403854 6.17604780197
      vertex 4.48950815201 3.72492408752 6.17604780197
    endloop
  endfacet
  facet normal 0 1 0
    outer loop
      vertex 4.50367498398 3.73928403854 6.17604780197
      vertex 4.48950815201 3.73928403854 6.17604780197
      vertex 4.48950815201 3.72492408752 6.17604780197
    endloop
  endfacet
  facet normal 0 1 0
    outer loop
      vertex 4.51784276962 3.72492408752 6.17604780197
      vertex 4.50367498398 3.73928403854 6.17604780197
      vertex 4.50367498398 3.72492408752 6.17604780197
    endloop
  endfacet
  facet normal 0 1 -0
    outer loop
      vertex 4.4470038414 3.75364398956 6.17604780197
      vertex 4.43283700943 3.73928403854 6.17604780197
      vertex 4.4470038414 3.73928403854 6.17604780197
    endloop
  endfacet
  facet normal 0 1 0
    outer loop
      vertex 4.46117210388 3.73928403854 6.17604780197
      vertex 4.46117210388 3.75364398956 6.17604780197
      vertex 4.4470038414 3.73928403854 6.17604780197
    endloop
  endfacet
  facet normal 0 1 0
    outer loop
      vertex 4.46117210388 3.75364398956 6.17604780197
      vertex 4.4470038414 3.75364398956 6.17604780197
      vertex 4.4470038414 3.73928403854 6.17604780197
    endloop
  endfacet
  facet normal 0 1 0
    outer loop
      vertex 4.47533893585 3.73928403854 6.17604780197
      vertex 4.46117210388 3.75364398956 6.17604780197
      vertex 4.46117210388 3.73928403854 6.17604780197
    endloop
  endfacet
  facet normal 0 -1 -0
    outer loop
      vertex 4.47533893585 3.5669670105 6.21604776382
      vertex 4.46117210388 3.58132696152 6.21604776382
      vertex 4.47533893585 3.58132696152 6.21604776382
    endloop
  endfacet
  facet normal -0 -1 -0
    outer loop
      vertex 4.48950815201 3.5669670105 6.21604776382
      vertex 4.47533893585 3.5669670105 6.21604776382
      vertex 4.48950815201 3.58132696152 6.21604776382
    endloop
  endfacet
  facet normal 0 -1 0
    outer loop
      vertex 4.48950815201 3.58132696152 6.21604776382
      vertex 4.47533893585 3.5669670105 6.21604776382
      vertex 4.47533893585 3.58132696152 6.21604776382
    endloop
  endfacet
  facet normal -0 -1 -0
    outer loop
      vertex 4.50367498398 3.5669670105 6.21604776382
      vertex 4.48950815201 3.5669670105 6.21604776382
      vertex 4.50367498398 3.58132696152 6.21604776382
    endloop
  endfacet
  facet normal 0 -1 0
    outer loop
      vertex 4.50367498398 3.58132696152 6.21604776382
      vertex 4.48950815201 3.5669670105 6.21604776382
      vertex 4.48950815201 3.58132696152 6.21604776382
    endloop
  endfacet
  facet normal -0 -1 -0
    outer loop
      vertex 4.51784276962 3.5669670105 6.21604776382
      vertex 4.50367498398 3.5669670105 6.21604776382
      vertex 4.51784276962 3.58132696152 6.21604776382
    endloop
  endfacet
  facet normal 0 -1 0
    outer loop
      vertex 4.51784276962 3.58132696152 6.21604776382
      vertex 4.50367498398 3.5669670105 6.21604776382
      vertex 4.50367498398 3.58132696152 6.21604776382
    endloop
  endfacet
  facet normal -0 -1 -0
    outer loop
      vertex 4.5320110321 3.5669670105 6.21604776382
      vertex 4.51784276962 3.5669670105 6.21604776382
      vertex 4.5320110321 3.58132696152 6.21604776382
    endloop
  endfacet
  facet normal 0 -1 0
    outer loop
      vertex 4.5320110321 3.58132696152 6.21604776382
      vertex 4.51784276962 3.5669670105 6.21604776382
      vertex 4.51784276962 3.58132696152 6.21604776382
    endloop
  endfacet
  facet normal 0 -1 -0
    outer loop
      vertex 4.46117210388 3.58132696152 6.21604776382
      vertex 4.4470038414 3.59568691254 6.21604776382
      vertex 4.46117210388 3.59568691254 6.21604776382
    endloop
  endfacet
  facet normal -0 -1 -0
    outer loop
      vertex 4.47533893585 3.58132696152 6.21604776382
      vertex 4.46117210388 3.58132696152 6.21604776382
      vertex 4.47533893585 3.59568691254 6.21604776382
    endloop
  endfacet
  facet normal 0 -1 0
    outer loop
      vertex 4.47533893585 3.59568691254 6.21604776382
      vertex 4.46117210388 3.58132696152 6.21604776382
      vertex 4.46117210388 3.59568691254 6.21604776382
    endloop
  endfacet
  facet normal -0 -1 -0
    outer loop
      vertex 4.48950815201 3.58132696152 6.21604776382
      vertex 4.47533893585 3.58132696152 6.21604776382
      vertex 4.48950815201 3.59568691254 6.21604776382
    endloop
  endfacet
  facet normal 0 -1 0
    outer loop
      vertex 4.48950815201 3.59568691254 6.21604776382
      vertex 4.47533893585 3.58132696152 6.21604776382
      vertex 4.47533893585 3.59568691254 6.21604776382
    endloop
  endfacet
  facet normal -0 -1 -0
    outer loop
      vertex 4.50367498398 3.58132696152 6.21604776382
      vertex 4.48950815201 3.58132696152 6.21604776382
      vertex 4.50367498398 3.59568691254 6.21604776382
    endloop
  endfacet
  facet normal 0 -1 0
    outer loop
      vertex 4.50367498398 3.59568691254 6.21604776382
      vertex 4.48950815201 3.58132696152 6.21604776382
      vertex 4.48950815201 3.59568691254 6.21604776382
    endloop
  endfacet
  facet normal -0 -1 -0
    outer loop
      vertex 4.51784276962 3.58132696152 6.21604776382
      vertex 4.50367498398 3.58132696152 6.21604776382
      vertex 4.51784276962 3.59568691254 6.21604776382
    endloop
  endfacet
  facet normal 0 -1 0
    outer loop
      vertex 4.51784276962 3.59568691254 6.21604776382
      vertex 4.50367498398 3.58132696152 6.21604776382
      vertex 4.50367498398 3.59568691254 6.21604776382
    endloop
  endfacet
  facet normal -0 -1 -0
    outer loop
      vertex 4.5320110321 3.58132696152 6.21604776382
      vertex 4.51784276962 3.58132696152 6.21604776382
      vertex 4.5320110321 3.59568691254 6.21604776382
    endloop
  endfacet
  facet normal 0 -1 0
    outer loop
      vertex 4.5320110321 3.59568691254 6.21604776382
      vertex 4.51784276962 3.58132696152 6.21604776382
      vertex 4.51784276962 3.59568691254 6.21604776382
    endloop
  endfacet
  facet normal -0 -1 -0
    outer loop
      vertex 4.4470038414 3.59568691254 6.21604776382
      vertex 4.43283700943 3.59568691254 6.21604776382
      vertex 4.4470038414 3.61004590988 6.21604776382
    endloop
  endfacet
  facet normal 0 -1 0
    outer loop
      vertex 4.4470038414 3.61004590988 6.21604776382
      vertex 4.43283700943 3.59568691254 6.21604776382
      vertex 4.43283700943 3.61004590988 6.21604776382
    endloop
  endfacet
  facet normal -0 -1 -0
    outer loop
      vertex 4.46117210388 3.59568691254 6.21604776382
      vertex 4.4470038414 3.59568691254 6.21604776382
      vertex 4.46117210388 3.61004590988 6.21604776382
    endloop
  endfacet
  facet normal 0 -1 0
    outer loop
      vertex 4.46117210388 3.61004590988 6.21604776382
      vertex 4.4470038414 3.59568691254 6.21604776382
      vertex 4.4470038414 3.61004590988 6.21604776382
    endloop
  endfacet
  facet normal -0.635620951653 -0.450237125158 0.627114474773
    outer loop
      vertex 4.47533893585 3.61004590988 6.1960477829
      vertex 4.47533893585 3.59568691254 6.21604776382
      vertex 4.46117210388 3.61004590988 6.21604776382
    endloop
  endfacet
  facet normal -0 -1 0
    outer loop
      vertex 4.47533893585 3.59568691254 6.21604776382
      vertex 4.46117210388 3.59568691254 6.21604776382
      vertex 4.46117210388 3.61004590988 6.21604776382
    endloop
  endfacet
  facet normal 0 -0.583207726479 0.81232303381
    outer loop
      vertex 4.48950815201 3.61004590988 6.1960477829
      vertex 4.47533893585 3.59568691254 6.21604776382
      vertex 4.47533893585 3.61004590988 6.1960477829
    endloop
  endfacet
  facet normal 0 -0.583207726479 0.81232303381
    outer loop
      vertex 4.48950815201 3.59568691254 6.21604776382
      vertex 4.47533893585 3.59568691254 6.21604776382
      vertex 4.48950815201 3.61004590988 6.1960477829
    endloop
  endfacet
  facet normal 0 -0.583207726479 0.81232303381
    outer loop
      vertex 4.50367498398 3.61004590988 6.1960477829
      vertex 4.48950815201 3.59568691254 6.21604776382
      vertex 4.48950815201 3.61004590988 6.1960477829
    endloop
  endfacet
  facet normal 0 -0.583207726479 0.81232303381
    outer loop
      vertex 4.50367498398 3.59568691254 6.21604776382
      vertex 4.48950815201 3.59568691254 6.21604776382
      vertex 4.50367498398 3.61004590988 6.1960477829
    endloop
  endfacet
  facet normal 0 -0.583207726479 0.81232303381
    outer loop
      vertex 4.51784276962 3.61004590988 6.1960477829
      vertex 4.50367498398 3.59568691254 6.21604776382
      vertex 4.50367498398 3.61004590988 6.1960477829
    endloop
  endfacet
  facet normal 0 -0.583207726479 0.81232303381
    outer loop
      vertex 4.51784276962 3.59568691254 6.21604776382
      vertex 4.50367498398 3.59568691254 6.21604776382
      vertex 4.51784276962 3.61004590988 6.1960477829
    endloop
  endfacet
  facet normal 0.635582625866 -0.450255513191 0.627140045166
    outer loop
      vertex 4.51784276962 3.61004590988 6.1960477829
      vertex 4.5320110321 3.61004590988 6.21604776382
      vertex 4.51784276962 3.59568691254 6.21604776382
    endloop
  endfacet
  facet normal 0 -1 0
    outer loop
      vertex 4.5320110321 3.61004590988 6.21604776382
      vertex 4.5320110321 3.59568691254 6.21604776382
      vertex 4.51784276962 3.59568691254 6.21604776382
    endloop
  endfacet
  facet normal -0 -1 -0
    outer loop
      vertex 4.4470038414 3.61004590988 6.21604776382
      vertex 4.43283700943 3.61004590988 6.21604776382
      vertex 4.4470038414 3.62440609932 6.21604776382
    endloop
  endfacet
  facet normal 0 -1 0
    outer loop
      vertex 4.4470038414 3.62440609932 6.21604776382
      vertex 4.43283700943 3.61004590988 6.21604776382
      vertex 4.43283700943 3.62440609932 6.21604776382
    endloop
  endfacet
  facet normal -0.635603368282 -0.450270324945 0.627108454704
    outer loop
      vertex 4.46117210388 3.62440609932 6.1960477829
      vertex 4.46117210388 3.61004590988 6.21604776382
      vertex 4.4470038414 3.62440609932 6.21604776382
    endloop
  endfacet
  facet normal -0 -1 0
    outer loop
      vertex 4.46117210388 3.61004590988 6.21604776382
      vertex 4.4470038414 3.61004590988 6.21604776382
      vertex 4.4470038414 3.62440609932 6.21604776382
    endloop
  endfacet
  facet normal -0.635641753674 -0.450251877308 0.627082765102
    outer loop
      vertex 4.47533893585 3.61004590988 6.1960477829
      vertex 4.46117210388 3.61004590988 6.21604776382
      vertex 4.46117210388 3.62440609932 6.1960477829
    endloop
  endfacet
  facet normal 0.635603487492 -0.450270265341 0.6271083951
    outer loop
      vertex 4.51784276962 3.61004590988 6.1960477829
      vertex 4.5320110321 3.62440609932 6.1960477829
      vertex 4.5320110321 3.61004590988 6.21604776382
    endloop
  endfacet
  facet normal 1 0 0
    outer loop
      vertex 4.5320110321 3.61004590988 6.21604776382
      vertex 4.5320110321 3.62440609932 6.1960477829
      vertex 4.5320110321 3.62440609932 6.21604776382
    endloop
  endfacet
  facet normal -0.635637581348 -0.450248837471 0.627089142799
    outer loop
      vertex 4.4470038414 3.63876605034 6.1960477829
      vertex 4.4470038414 3.62440609932 6.21604776382
      vertex 4.43283700943 3.63876605034 6.21604776382
    endloop
  endfacet
  facet normal -0 -1 0
    outer loop
      vertex 4.4470038414 3.62440609932 6.21604776382
      vertex 4.43283700943 3.62440609932 6.21604776382
      vertex 4.43283700943 3.63876605034 6.21604776382
    endloop
  endfacet
  facet normal -0.635599076748 -0.450267314911 0.627114892006
    outer loop
      vertex 4.46117210388 3.62440609932 6.1960477829
      vertex 4.4470038414 3.62440609932 6.21604776382
      vertex 4.4470038414 3.63876605034 6.1960477829
    endloop
  endfacet
  facet normal 0.635599255562 0.450267255306 -0.627114832401
    outer loop
      vertex 4.5320110321 3.63876605034 6.1960477829
      vertex 4.51784276962 3.63876605034 6.21604776382
      vertex 4.5320110321 3.62440609932 6.21604776382
    endloop
  endfacet
  facet normal 1 0 0
    outer loop
      vertex 4.5320110321 3.63876605034 6.1960477829
      vertex 4.5320110321 3.62440609932 6.21604776382
      vertex 4.5320110321 3.62440609932 6.1960477829
    endloop
  endfacet
  facet normal -0.81602114439 -0.578022062778 -0
    outer loop
      vertex 4.4470038414 3.63876605034 6.1960477829
      vertex 4.43283700943 3.65312600136 6.21604776382
      vertex 4.4470038414 3.65312600136 6.1960477829
    endloop
  endfacet
  facet normal -0.81602114439 -0.578022062778 -0
    outer loop
      vertex 4.43283700943 3.63876605034 6.21604776382
      vertex 4.43283700943 3.65312600136 6.21604776382
      vertex 4.4470038414 3.63876605034 6.1960477829
    endloop
  endfacet
  facet normal 0.63561207056 0.450261205435 -0.627106130123
    outer loop
      vertex 4.51784276962 3.65312600136 6.1960477829
      vertex 4.50367498398 3.65312600136 6.21604776382
      vertex 4.51784276962 3.63876605034 6.21604776382
    endloop
  endfacet
  facet normal 0.635599315166 0.450267344713 -0.627114653587
    outer loop
      vertex 4.51784276962 3.63876605034 6.21604776382
      vertex 4.5320110321 3.63876605034 6.1960477829
      vertex 4.51784276962 3.65312600136 6.1960477829
    endloop
  endfacet
  facet normal 0 1 0
    outer loop
      vertex 4.5320110321 3.63876605034 6.1960477829
      vertex 4.5320110321 3.65312600136 6.1960477829
      vertex 4.51784276962 3.65312600136 6.1960477829
    endloop
  endfacet
  facet normal -0.635621011257 -0.450237095356 -0.627114415169
    outer loop
      vertex 4.43283700943 3.65312600136 6.21604776382
      vertex 4.4470038414 3.6674849987 6.21604776382
      vertex 4.4470038414 3.65312600136 6.1960477829
    endloop
  endfacet
  facet normal -0.635621011257 0.450237095356 0.627114415169
    outer loop
      vertex 4.43283700943 3.6674849987 6.1960477829
      vertex 4.4470038414 3.65312600136 6.1960477829
      vertex 4.4470038414 3.6674849987 6.21604776382
    endloop
  endfacet
  facet normal 0.635620892048 0.450237154961 -0.627114474773
    outer loop
      vertex 4.50367498398 3.6674849987 6.1960477829
      vertex 4.48950815201 3.6674849987 6.21604776382
      vertex 4.50367498398 3.65312600136 6.21604776382
    endloop
  endfacet
  facet normal 0.63559538126 0.450249403715 -0.627131521702
    outer loop
      vertex 4.50367498398 3.65312600136 6.21604776382
      vertex 4.51784276962 3.65312600136 6.1960477829
      vertex 4.50367498398 3.6674849987 6.1960477829
    endloop
  endfacet
  facet normal 0 1 0
    outer loop
      vertex 4.51784276962 3.65312600136 6.1960477829
      vertex 4.51784276962 3.6674849987 6.1960477829
      vertex 4.50367498398 3.6674849987 6.1960477829
    endloop
  endfacet
  facet normal 0 1 0
    outer loop
      vertex 4.5320110321 3.65312600136 6.1960477829
      vertex 4.5320110321 3.6674849987 6.1960477829
      vertex 4.51784276962 3.65312600136 6.1960477829
    endloop
  endfacet
  facet normal 0 1 0
    outer loop
      vertex 4.5320110321 3.6674849987 6.1960477829
      vertex 4.51784276962 3.6674849987 6.1960477829
      vertex 4.51784276962 3.65312600136 6.1960477829
    endloop
  endfacet
  facet normal -0.81602114439 0.578022062778 0
    outer loop
      vertex 4.4470038414 3.68184494972 6.21604776382
      vertex 4.43283700943 3.6674849987 6.1960477829
      vertex 4.4470038414 3.6674849987 6.21604776382
    endloop
  endfacet
  facet normal -0.81602114439 0.578022062778 0
    outer loop
      vertex 4.43283700943 3.68184494972 6.1960477829
      vertex 4.43283700943 3.6674849987 6.1960477829
      vertex 4.4470038414 3.68184494972 6.21604776382
    endloop
  endfacet
  facet normal 0.635573804379 0.450279474258 -0.62713187933
    outer loop
      vertex 4.48950815201 3.68184494972 6.1960477829
      vertex 4.47533893585 3.68184494972 6.21604776382
      vertex 4.48950815201 3.6674849987 6.21604776382
    endloop
  endfacet
  facet normal 0.635637462139 0.450248897076 -0.627089262009
    outer loop
      vertex 4.48950815201 3.6674849987 6.21604776382
      vertex 4.50367498398 3.6674849987 6.1960477829
      vertex 4.48950815201 3.68184494972 6.1960477829
    endloop
  endfacet
  facet normal 0 1 0
    outer loop
      vertex 4.50367498398 3.6674849987 6.1960477829
      vertex 4.50367498398 3.68184494972 6.1960477829
      vertex 4.48950815201 3.68184494972 6.1960477829
    endloop
  endfacet
  facet normal 0 1 0
    outer loop
      vertex 4.51784276962 3.6674849987 6.1960477829
      vertex 4.51784276962 3.68184494972 6.1960477829
      vertex 4.50367498398 3.6674849987 6.1960477829
    endloop
  endfacet
  facet normal 0 1 0
    outer loop
      vertex 4.51784276962 3.68184494972 6.1960477829
      vertex 4.50367498398 3.68184494972 6.1960477829
      vertex 4.50367498398 3.6674849987 6.1960477829
    endloop
  endfacet
  facet normal 0 1 0
    outer loop
      vertex 4.5320110321 3.6674849987 6.1960477829
      vertex 4.5320110321 3.68184494972 6.1960477829
      vertex 4.51784276962 3.6674849987 6.1960477829
    endloop
  endfacet
  facet normal 0 1 0
    outer loop
      vertex 4.5320110321 3.68184494972 6.1960477829
      vertex 4.51784276962 3.68184494972 6.1960477829
      vertex 4.51784276962 3.6674849987 6.1960477829
    endloop
  endfacet
  facet normal -0.635637640953 0.450248867273 -0.627089083195
    outer loop
      vertex 4.43283700943 3.68184494972 6.1960477829
      vertex 4.4470038414 3.68184494972 6.21604776382
      vertex 4.4470038414 3.69620490074 6.1960477829
    endloop
  endfacet
  facet normal 0 0.583233356476 -0.812304675579
    outer loop
      vertex 4.4470038414 3.69620490074 6.1960477829
      vertex 4.46117210388 3.68184494972 6.21604776382
      vertex 4.46117210388 3.69620490074 6.1960477829
    endloop
  endfacet
  facet normal 0 0.583233356476 -0.812304675579
    outer loop
      vertex 4.4470038414 3.68184494972 6.21604776382
      vertex 4.46117210388 3.68184494972 6.21604776382
      vertex 4.4470038414 3.69620490074 6.1960477829
    endloop
  endfacet
  facet normal 0 0.583233356476 -0.812304675579
    outer loop
      vertex 4.46117210388 3.69620490074 6.1960477829
      vertex 4.47533893585 3.68184494972 6.21604776382
      vertex 4.47533893585 3.69620490074 6.1960477829
    endloop
  endfacet
  facet normal 0 0.583233356476 -0.812304675579
    outer loop
      vertex 4.46117210388 3.68184494972 6.21604776382
      vertex 4.47533893585 3.68184494972 6.21604776382
      vertex 4.46117210388 3.69620490074 6.1960477829
    endloop
  endfacet
  facet normal 0.635573804379 0.450279504061 -0.62713176012
    outer loop
      vertex 4.47533893585 3.68184494972 6.21604776382
      vertex 4.48950815201 3.68184494972 6.1960477829
      vertex 4.47533893585 3.69620490074 6.1960477829
    endloop
  endfacet
  facet normal 0 1 0
    outer loop
      vertex 4.48950815201 3.68184494972 6.1960477829
      vertex 4.48950815201 3.69620490074 6.1960477829
      vertex 4.47533893585 3.69620490074 6.1960477829
    endloop
  endfacet
  facet normal 0 1 0
    outer loop
      vertex 4.50367498398 3.68184494972 6.1960477829
      vertex 4.50367498398 3.69620490074 6.1960477829
      vertex 4.48950815201 3.68184494972 6.1960477829
    endloop
  endfacet
  facet normal 0 1 0
    outer loop
      vertex 4.50367498398 3.69620490074 6.1960477829
      vertex 4.48950815201 3.69620490074 6.1960477829
      vertex 4.48950815201 3.68184494972 6.1960477829
    endloop
  endfacet
  facet normal 0 1 0
    outer loop
      vertex 4.51784276962 3.68184494972 6.1960477829
      vertex 4.51784276962 3.69620490074 6.1960477829
      vertex 4.50367498398 3.68184494972 6.1960477829
    endloop
  endfacet
  facet normal 0 1 0
    outer loop
      vertex 4.51784276962 3.69620490074 6.1960477829
      vertex 4.50367498398 3.69620490074 6.1960477829
      vertex 4.50367498398 3.68184494972 6.1960477829
    endloop
  endfacet
  facet normal 0 1 0
    outer loop
      vertex 4.5320110321 3.68184494972 6.1960477829
      vertex 4.51784276962 3.69620490074 6.1960477829
      vertex 4.51784276962 3.68184494972 6.1960477829
    endloop
  endfacet
  facet normal 0 1 0
    outer loop
      vertex 4.46117210388 3.69620490074 6.1960477829
      vertex 4.46117210388 3.71056389809 6.1960477829
      vertex 4.4470038414 3.69620490074 6.1960477829
    endloop
  endfacet
  facet normal 0 1 0
    outer loop
      vertex 4.46117210388 3.71056389809 6.1960477829
      vertex 4.4470038414 3.71056389809 6.1960477829
      vertex 4.4470038414 3.69620490074 6.1960477829
    endloop
  endfacet
  facet normal 0 1 0
    outer loop
      vertex 4.47533893585 3.69620490074 6.1960477829
      vertex 4.47533893585 3.71056389809 6.1960477829
      vertex 4.46117210388 3.69620490074 6.1960477829
    endloop
  endfacet
  facet normal 0 1 0
    outer loop
      vertex 4.47533893585 3.71056389809 6.1960477829
      vertex 4.46117210388 3.71056389809 6.1960477829
      vertex 4.46117210388 3.69620490074 6.1960477829
    endloop
  endfacet
  facet normal 0 1 0
    outer loop
      vertex 4.48950815201 3.69620490074 6.1960477829
      vertex 4.47533893585 3.71056389809 6.1960477829
      vertex 4.47533893585 3.69620490074 6.1960477829
    endloop
  endfacet
  facet normal 0 -1 -0
    outer loop
      vertex 4.47533893585 3.53824806213 6.23604822159
      vertex 4.46117210388 3.55260801315 6.23604822159
      vertex 4.47533893585 3.55260801315 6.23604822159
    endloop
  endfacet
  facet normal -0 -1 -0
    outer loop
      vertex 4.48950815201 3.53824806213 6.23604822159
      vertex 4.47533893585 3.53824806213 6.23604822159
      vertex 4.48950815201 3.55260801315 6.23604822159
    endloop
  endfacet
  facet normal 0 -1 0
    outer loop
      vertex 4.48950815201 3.55260801315 6.23604822159
      vertex 4.47533893585 3.53824806213 6.23604822159
      vertex 4.47533893585 3.55260801315 6.23604822159
    endloop
  endfacet
  facet normal -0 -1 -0
    outer loop
      vertex 4.50367498398 3.53824806213 6.23604822159
      vertex 4.48950815201 3.53824806213 6.23604822159
      vertex 4.50367498398 3.55260801315 6.23604822159
    endloop
  endfacet
  facet normal 0 -1 0
    outer loop
      vertex 4.50367498398 3.55260801315 6.23604822159
      vertex 4.48950815201 3.53824806213 6.23604822159
      vertex 4.48950815201 3.55260801315 6.23604822159
    endloop
  endfacet
  facet normal -0 -1 -0
    outer loop
      vertex 4.51784276962 3.53824806213 6.23604822159
      vertex 4.50367498398 3.53824806213 6.23604822159
      vertex 4.51784276962 3.55260801315 6.23604822159
    endloop
  endfacet
  facet normal 0 -1 0
    outer loop
      vertex 4.51784276962 3.55260801315 6.23604822159
      vertex 4.50367498398 3.53824806213 6.23604822159
      vertex 4.50367498398 3.55260801315 6.23604822159
    endloop
  endfacet
  facet normal -0 -1 -0
    outer loop
      vertex 4.5320110321 3.53824806213 6.23604822159
      vertex 4.51784276962 3.53824806213 6.23604822159
      vertex 4.5320110321 3.55260801315 6.23604822159
    endloop
  endfacet
  facet normal 0 -1 0
    outer loop
      vertex 4.5320110321 3.55260801315 6.23604822159
      vertex 4.51784276962 3.53824806213 6.23604822159
      vertex 4.51784276962 3.55260801315 6.23604822159
    endloop
  endfacet
  facet normal 0 -1 -0
    outer loop
      vertex 4.46117210388 3.55260801315 6.23604822159
      vertex 4.4470038414 3.5669670105 6.23604822159
      vertex 4.46117210388 3.5669670105 6.23604822159
    endloop
  endfacet
  facet normal -0.635623991489 -0.450228571892 0.627117455006
    outer loop
      vertex 4.47533893585 3.5669670105 6.21604776382
      vertex 4.47533893585 3.55260801315 6.23604822159
      vertex 4.46117210388 3.5669670105 6.23604822159
    endloop
  endfacet
  facet normal -0 -1 0
    outer loop
      vertex 4.47533893585 3.55260801315 6.23604822159
      vertex 4.46117210388 3.55260801315 6.23604822159
      vertex 4.46117210388 3.5669670105 6.23604822159
    endloop
  endfacet
  facet normal 0 -0.583198547363 0.812329649925
    outer loop
      vertex 4.48950815201 3.5669670105 6.21604776382
      vertex 4.47533893585 3.55260801315 6.23604822159
      vertex 4.47533893585 3.5669670105 6.21604776382
    endloop
  endfacet
  facet normal 0 -0.583198547363 0.812329649925
    outer loop
      vertex 4.48950815201 3.55260801315 6.23604822159
      vertex 4.47533893585 3.55260801315 6.23604822159
      vertex 4.48950815201 3.5669670105 6.21604776382
    endloop
  endfacet
  facet normal 0 -0.583198547363 0.812329649925
    outer loop
      vertex 4.50367498398 3.5669670105 6.21604776382
      vertex 4.48950815201 3.55260801315 6.23604822159
      vertex 4.48950815201 3.5669670105 6.21604776382
    endloop
  endfacet
  facet normal 0 -0.583198547363 0.812329649925
    outer loop
      vertex 4.50367498398 3.55260801315 6.23604822159
      vertex 4.48950815201 3.55260801315 6.23604822159
      vertex 4.50367498398 3.5669670105 6.21604776382
    endloop
  endfacet
  facet normal 0 -0.583198547363 0.812329649925
    outer loop
      vertex 4.51784276962 3.5669670105 6.21604776382
      vertex 4.50367498398 3.55260801315 6.23604822159
      vertex 4.50367498398 3.5669670105 6.21604776382
    endloop
  endfacet
  facet normal 0 -0.583198547363 0.812329649925
    outer loop
      vertex 4.51784276962 3.55260801315 6.23604822159
      vertex 4.50367498398 3.55260801315 6.23604822159
      vertex 4.51784276962 3.5669670105 6.21604776382
    endloop
  endfacet
  facet normal 0 -0.583198547363 0.812329649925
    outer loop
      vertex 4.5320110321 3.5669670105 6.21604776382
      vertex 4.51784276962 3.55260801315 6.23604822159
      vertex 4.51784276962 3.5669670105 6.21604776382
    endloop
  endfacet
  facet normal 0 -0.583198547363 0.812329649925
    outer loop
      vertex 4.5320110321 3.55260801315 6.23604822159
      vertex 4.51784276962 3.55260801315 6.23604822159
      vertex 4.5320110321 3.5669670105 6.21604776382
    endloop
  endfacet
  facet normal 1 0 0
    outer loop
      vertex 4.5320110321 3.55260801315 6.23604822159
      vertex 4.5320110321 3.5669670105 6.21604776382
      vertex 4.5320110321 3.5669670105 6.23604822159
    endloop
  endfacet
  facet normal 0 -1 -0
    outer loop
      vertex 4.4470038414 3.5669670105 6.23604822159
      vertex 4.43283700943 3.58132696152 6.23604822159
      vertex 4.4470038414 3.58132696152 6.23604822159
    endloop
  endfacet
  facet normal -0.635602176189 -0.450258791447 0.627117931843
    outer loop
      vertex 4.46117210388 3.58132696152 6.21604776382
      vertex 4.46117210388 3.5669670105 6.23604822159
      vertex 4.4470038414 3.58132696152 6.23604822159
    endloop
  endfacet
  facet normal -0 -1 0
    outer loop
      vertex 4.46117210388 3.5669670105 6.23604822159
      vertex 4.4470038414 3.5669670105 6.23604822159
      vertex 4.4470038414 3.58132696152 6.23604822159
    endloop
  endfacet
  facet normal -0.635640621185 -0.450240314007 0.627092242241
    outer loop
      vertex 4.47533893585 3.5669670105 6.21604776382
      vertex 4.46117210388 3.5669670105 6.23604822159
      vertex 4.46117210388 3.58132696152 6.21604776382
    endloop
  endfacet
  facet normal 1 -0 0
    outer loop
      vertex 4.5320110321 3.5669670105 6.21604776382
      vertex 4.5320110321 3.58132696152 6.21604776382
      vertex 4.5320110321 3.5669670105 6.23604822159
    endloop
  endfacet
  facet normal 1 0 0
    outer loop
      vertex 4.5320110321 3.5669670105 6.23604822159
      vertex 4.5320110321 3.58132696152 6.21604776382
      vertex 4.5320110321 3.58132696152 6.23604822159
    endloop
  endfacet
  facet normal -0.635615050793 -0.450252592564 0.627109348774
    outer loop
      vertex 4.43283700943 3.58132696152 6.23604822159
      vertex 4.41866922379 3.59568691254 6.23604822159
      vertex 4.43283700943 3.59568691254 6.21604776382
    endloop
  endfacet
  facet normal 0 -0.583224117756 0.812311291695
    outer loop
      vertex 4.4470038414 3.59568691254 6.21604776382
      vertex 4.43283700943 3.58132696152 6.23604822159
      vertex 4.43283700943 3.59568691254 6.21604776382
    endloop
  endfacet
  facet normal 0 -0.583224117756 0.812311291695
    outer loop
      vertex 4.4470038414 3.58132696152 6.23604822159
      vertex 4.43283700943 3.58132696152 6.23604822159
      vertex 4.4470038414 3.59568691254 6.21604776382
    endloop
  endfacet
  facet normal -0.635602176189 -0.450258791447 0.627117931843
    outer loop
      vertex 4.46117210388 3.58132696152 6.21604776382
      vertex 4.4470038414 3.58132696152 6.23604822159
      vertex 4.4470038414 3.59568691254 6.21604776382
    endloop
  endfacet
  facet normal 0.635602295399 0.45025870204 -0.627117872238
    outer loop
      vertex 4.5320110321 3.59568691254 6.21604776382
      vertex 4.51784276962 3.59568691254 6.23604822159
      vertex 4.5320110321 3.58132696152 6.23604822159
    endloop
  endfacet
  facet normal 1 0 0
    outer loop
      vertex 4.5320110321 3.59568691254 6.21604776382
      vertex 4.5320110321 3.58132696152 6.23604822159
      vertex 4.5320110321 3.58132696152 6.21604776382
    endloop
  endfacet
  facet normal -0.816009163857 -0.578038930893 -0
    outer loop
      vertex 4.43283700943 3.59568691254 6.21604776382
      vertex 4.41866922379 3.61004590988 6.23604822159
      vertex 4.43283700943 3.61004590988 6.21604776382
    endloop
  endfacet
  facet normal -0.816009163857 -0.578038930893 -0
    outer loop
      vertex 4.41866922379 3.59568691254 6.23604822159
      vertex 4.41866922379 3.61004590988 6.23604822159
      vertex 4.43283700943 3.59568691254 6.21604776382
    endloop
  endfacet
  facet normal 0.815999984741 0.578051865101 -0
    outer loop
      vertex 4.5320110321 3.61004590988 6.21604776382
      vertex 4.51784276962 3.59568691254 6.23604822159
      vertex 4.5320110321 3.59568691254 6.21604776382
    endloop
  endfacet
  facet normal 0.815999984741 0.578051865101 -0
    outer loop
      vertex 4.51784276962 3.61004590988 6.23604822159
      vertex 4.51784276962 3.59568691254 6.23604822159
      vertex 4.5320110321 3.61004590988 6.21604776382
    endloop
  endfacet
  facet normal -0.635619282722 -0.450255602598 -0.627102851868
    outer loop
      vertex 4.41866922379 3.61004590988 6.23604822159
      vertex 4.43283700943 3.62440609932 6.23604822159
      vertex 4.43283700943 3.61004590988 6.21604776382
    endloop
  endfacet
  facet normal -1 0 0
    outer loop
      vertex 4.43283700943 3.62440609932 6.23604822159
      vertex 4.43283700943 3.62440609932 6.21604776382
      vertex 4.43283700943 3.61004590988 6.21604776382
    endloop
  endfacet
  facet normal 0.635619282722 0.450255602598 -0.627102851868
    outer loop
      vertex 4.51784276962 3.62440609932 6.21604776382
      vertex 4.50367498398 3.62440609932 6.23604822159
      vertex 4.51784276962 3.61004590988 6.23604822159
    endloop
  endfacet
  facet normal 0.635606527328 0.450261712074 -0.627111375332
    outer loop
      vertex 4.51784276962 3.61004590988 6.23604822159
      vertex 4.5320110321 3.61004590988 6.21604776382
      vertex 4.51784276962 3.62440609932 6.21604776382
    endloop
  endfacet
  facet normal 0 1 0
    outer loop
      vertex 4.5320110321 3.61004590988 6.21604776382
      vertex 4.5320110321 3.62440609932 6.21604776382
      vertex 4.51784276962 3.62440609932 6.21604776382
    endloop
  endfacet
  facet normal -1 -0 0
    outer loop
      vertex 4.43283700943 3.62440609932 6.23604822159
      vertex 4.43283700943 3.63876605034 6.21604776382
      vertex 4.43283700943 3.62440609932 6.21604776382
    endloop
  endfacet
  facet normal -0.63564068079 0.450240284204 -0.627092182636
    outer loop
      vertex 4.43283700943 3.62440609932 6.23604822159
      vertex 4.4470038414 3.63876605034 6.23604822159
      vertex 4.43283700943 3.63876605034 6.21604776382
    endloop
  endfacet
  facet normal 0.635640561581 0.450240343809 -0.627092301846
    outer loop
      vertex 4.50367498398 3.63876605034 6.21604776382
      vertex 4.48950815201 3.63876605034 6.23604822159
      vertex 4.50367498398 3.62440609932 6.23604822159
    endloop
  endfacet
  facet normal 0.635615050793 0.450252592564 -0.627109348774
    outer loop
      vertex 4.50367498398 3.62440609932 6.23604822159
      vertex 4.51784276962 3.62440609932 6.21604776382
      vertex 4.50367498398 3.63876605034 6.21604776382
    endloop
  endfacet
  facet normal 0 1 0
    outer loop
      vertex 4.51784276962 3.62440609932 6.21604776382
      vertex 4.51784276962 3.63876605034 6.21604776382
      vertex 4.50367498398 3.63876605034 6.21604776382
    endloop
  endfacet
  facet normal 0 1 0
    outer loop
      vertex 4.5320110321 3.62440609932 6.21604776382
      vertex 4.51784276962 3.63876605034 6.21604776382
      vertex 4.51784276962 3.62440609932 6.21604776382
    endloop
  endfacet
  facet normal -0.635640799999 0.450240343809 -0.627092063427
    outer loop
      vertex 4.4470038414 3.63876605034 6.23604822159
      vertex 4.4470038414 3.65312600136 6.21604776382
      vertex 4.43283700943 3.63876605034 6.21604776382
    endloop
  endfacet
  facet normal 0 1 0
    outer loop
      vertex 4.4470038414 3.65312600136 6.21604776382
      vertex 4.43283700943 3.65312600136 6.21604776382
      vertex 4.43283700943 3.63876605034 6.21604776382
    endloop
  endfacet
  facet normal 0 0.583224236965 -0.812311172485
    outer loop
      vertex 4.4470038414 3.65312600136 6.21604776382
      vertex 4.46117210388 3.63876605034 6.23604822159
      vertex 4.46117210388 3.65312600136 6.21604776382
    endloop
  endfacet
  facet normal 0 0.583224236965 -0.812311172485
    outer loop
      vertex 4.4470038414 3.63876605034 6.23604822159
      vertex 4.46117210388 3.63876605034 6.23604822159
      vertex 4.4470038414 3.65312600136 6.21604776382
    endloop
  endfacet
  facet normal 0 0.583224236965 -0.812311172485
    outer loop
      vertex 4.46117210388 3.65312600136 6.21604776382
      vertex 4.47533893585 3.63876605034 6.23604822159
      vertex 4.47533893585 3.65312600136 6.21604776382
    endloop
  endfacet
  facet normal 0 0.583224236965 -0.812311172485
    outer loop
      vertex 4.46117210388 3.63876605034 6.23604822159
      vertex 4.47533893585 3.63876605034 6.23604822159
      vertex 4.46117210388 3.65312600136 6.21604776382
    endloop
  endfacet
  facet normal 0 0.583224236965 -0.812311172485
    outer loop
      vertex 4.47533893585 3.65312600136 6.21604776382
      vertex 4.48950815201 3.63876605034 6.23604822159
      vertex 4.48950815201 3.65312600136 6.21604776382
    endloop
  endfacet
  facet normal 0 0.583224236965 -0.812311172485
    outer loop
      vertex 4.47533893585 3.63876605034 6.23604822159
      vertex 4.48950815201 3.63876605034 6.23604822159
      vertex 4.47533893585 3.65312600136 6.21604776382
    endloop
  endfacet
  facet normal 0.635640621185 0.450240403414 -0.627092123032
    outer loop
      vertex 4.48950815201 3.63876605034 6.23604822159
      vertex 4.50367498398 3.63876605034 6.21604776382
      vertex 4.48950815201 3.65312600136 6.21604776382
    endloop
  endfacet
  facet normal 0 1 0
    outer loop
      vertex 4.50367498398 3.63876605034 6.21604776382
      vertex 4.50367498398 3.65312600136 6.21604776382
      vertex 4.48950815201 3.65312600136 6.21604776382
    endloop
  endfacet
  facet normal 0 1 0
    outer loop
      vertex 4.51784276962 3.63876605034 6.21604776382
      vertex 4.50367498398 3.65312600136 6.21604776382
      vertex 4.50367498398 3.63876605034 6.21604776382
    endloop
  endfacet
  facet normal 0 1 -0
    outer loop
      vertex 4.4470038414 3.6674849987 6.21604776382
      vertex 4.43283700943 3.65312600136 6.21604776382
      vertex 4.4470038414 3.65312600136 6.21604776382
    endloop
  endfacet
  facet normal 0 1 0
    outer loop
      vertex 4.46117210388 3.65312600136 6.21604776382
      vertex 4.46117210388 3.6674849987 6.21604776382
      vertex 4.4470038414 3.65312600136 6.21604776382
    endloop
  endfacet
  facet normal 0 1 0
    outer loop
      vertex 4.46117210388 3.6674849987 6.21604776382
      vertex 4.4470038414 3.6674849987 6.21604776382
      vertex 4.4470038414 3.65312600136 6.21604776382
    endloop
  endfacet
  facet normal 0 1 0
    outer loop
      vertex 4.47533893585 3.65312600136 6.21604776382
      vertex 4.47533893585 3.6674849987 6.21604776382
      vertex 4.46117210388 3.65312600136 6.21604776382
    endloop
  endfacet
  facet normal 0 1 0
    outer loop
      vertex 4.47533893585 3.6674849987 6.21604776382
      vertex 4.46117210388 3.6674849987 6.21604776382
      vertex 4.46117210388 3.65312600136 6.21604776382
    endloop
  endfacet
  facet normal 0 1 0
    outer loop
      vertex 4.48950815201 3.65312600136 6.21604776382
      vertex 4.48950815201 3.6674849987 6.21604776382
      vertex 4.47533893585 3.65312600136 6.21604776382
    endloop
  endfacet
  facet normal 0 1 0
    outer loop
      vertex 4.48950815201 3.6674849987 6.21604776382
      vertex 4.47533893585 3.6674849987 6.21604776382
      vertex 4.47533893585 3.65312600136 6.21604776382
    endloop
  endfacet
  facet normal 0 1 0
    outer loop
      vertex 4.50367498398 3.65312600136 6.21604776382
      vertex 4.48950815201 3.6674849987 6.21604776382
      vertex 4.48950815201 3.65312600136 6.21604776382
    endloop
  endfacet
  facet normal 0 1 0
    outer loop
      vertex 4.46117210388 3.6674849987 6.21604776382
      vertex 4.46117210388 3.68184494972 6.21604776382
      vertex 4.4470038414 3.6674849987 6.21604776382
    endloop
  endfacet
  facet normal 0 1 0
    outer loop
      vertex 4.46117210388 3.68184494972 6.21604776382
      vertex 4.4470038414 3.68184494972 6.21604776382
      vertex 4.4470038414 3.6674849987 6.21604776382
    endloop
  endfacet
  facet normal 0 1 0
    outer loop
      vertex 4.47533893585 3.6674849987 6.21604776382
      vertex 4.47533893585 3.68184494972 6.21604776382
      vertex 4.46117210388 3.6674849987 6.21604776382
    endloop
  endfacet
  facet normal 0 1 0
    outer loop
      vertex 4.47533893585 3.68184494972 6.21604776382
      vertex 4.46117210388 3.68184494972 6.21604776382
      vertex 4.46117210388 3.6674849987 6.21604776382
    endloop
  endfacet
  facet normal 0 1 0
    outer loop
      vertex 4.48950815201 3.6674849987 6.21604776382
      vertex 4.47533893585 3.68184494972 6.21604776382
      vertex 4.47533893585 3.6674849987 6.21604776382
    endloop
  endfacet
  facet normal 0 -1 -0
    outer loop
      vertex 4.50367498398 3.50952911377 6.25604820251
      vertex 4.48950815201 3.52388906479 6.25604820251
      vertex 4.50367498398 3.52388906479 6.25604820251
    endloop
  endfacet
  facet normal -0 -1 -0
    outer loop
      vertex 4.51784276962 3.50952911377 6.25604820251
      vertex 4.50367498398 3.50952911377 6.25604820251
      vertex 4.51784276962 3.52388906479 6.25604820251
    endloop
  endfacet
  facet normal 0 -1 0
    outer loop
      vertex 4.51784276962 3.52388906479 6.25604820251
      vertex 4.50367498398 3.50952911377 6.25604820251
      vertex 4.50367498398 3.52388906479 6.25604820251
    endloop
  endfacet
  facet normal 0 1 0
    outer loop
      vertex 4.47533893585 3.49516892433 6.31604814529
      vertex 4.46117210388 3.50952911377 6.31604814529
      vertex 4.46117210388 3.49516892433 6.31604814529
    endloop
  endfacet
  facet normal 0 -0.583207428455 0.812323272228
    outer loop
      vertex 4.48950815201 3.53824806213 6.23604822159
      vertex 4.47533893585 3.52388906479 6.25604820251
      vertex 4.47533893585 3.53824806213 6.23604822159
    endloop
  endfacet
  facet normal 0 -0.583207428455 0.812323272228
    outer loop
      vertex 4.48950815201 3.52388906479 6.25604820251
      vertex 4.47533893585 3.52388906479 6.25604820251
      vertex 4.48950815201 3.53824806213 6.23604822159
    endloop
  endfacet
  facet normal 0 -0.583207428455 0.812323272228
    outer loop
      vertex 4.50367498398 3.53824806213 6.23604822159
      vertex 4.48950815201 3.52388906479 6.25604820251
      vertex 4.48950815201 3.53824806213 6.23604822159
    endloop
  endfacet
  facet normal 0 -0.583207428455 0.812323272228
    outer loop
      vertex 4.50367498398 3.52388906479 6.25604820251
      vertex 4.48950815201 3.52388906479 6.25604820251
      vertex 4.50367498398 3.53824806213 6.23604822159
    endloop
  endfacet
  facet normal 0 -0.583207428455 0.812323272228
    outer loop
      vertex 4.51784276962 3.53824806213 6.23604822159
      vertex 4.50367498398 3.52388906479 6.25604820251
      vertex 4.50367498398 3.53824806213 6.23604822159
    endloop
  endfacet
  facet normal 0 -0.583207428455 0.812323272228
    outer loop
      vertex 4.51784276962 3.52388906479 6.25604820251
      vertex 4.50367498398 3.52388906479 6.25604820251
      vertex 4.51784276962 3.53824806213 6.23604822159
    endloop
  endfacet
  facet normal 0.635582447052 -0.45025536418 0.627140343189
    outer loop
      vertex 4.51784276962 3.52388906479 6.25604820251
      vertex 4.51784276962 3.53824806213 6.23604822159
      vertex 4.5320110321 3.53824806213 6.25604820251
    endloop
  endfacet
  facet normal 0 0 1
    outer loop
      vertex 4.51784276962 3.53824806213 6.23604822159
      vertex 4.5320110321 3.53824806213 6.23604822159
      vertex 4.5320110321 3.53824806213 6.25604820251
    endloop
  endfacet
  facet normal 0 1 -0
    outer loop
      vertex 4.46117210388 3.50952911377 6.31604814529
      vertex 4.4470038414 3.49516892433 6.31604814529
      vertex 4.46117210388 3.49516892433 6.31604814529
    endloop
  endfacet
  facet normal 0 1 0
    outer loop
      vertex 4.47533893585 3.49516892433 6.31604814529
      vertex 4.46117210388 3.49516892433 6.31604814529
      vertex 4.46117210388 3.48080897331 6.31604814529
    endloop
  endfacet
  facet normal 0 1 0
    outer loop
      vertex 4.47533893585 3.48080897331 6.31604814529
      vertex 4.47533893585 3.49516892433 6.31604814529
      vertex 4.46117210388 3.48080897331 6.31604814529
    endloop
  endfacet
  facet normal 0 1 0
    outer loop
      vertex 4.46117210388 3.49516892433 6.31604814529
      vertex 4.4470038414 3.49516892433 6.31604814529
      vertex 4.4470038414 3.48080897331 6.31604814529
    endloop
  endfacet
  facet normal 1 -0 0
    outer loop
      vertex 4.5320110321 3.53824806213 6.23604822159
      vertex 4.5320110321 3.55260801315 6.23604822159
      vertex 4.5320110321 3.53824806213 6.25604820251
    endloop
  endfacet
  facet normal 1 0 0
    outer loop
      vertex 4.5320110321 3.53824806213 6.25604820251
      vertex 4.5320110321 3.55260801315 6.23604822159
      vertex 4.5320110321 3.55260801315 6.25604820251
    endloop
  endfacet
  facet normal -0.635621011257 -0.450237095356 0.627114415169
    outer loop
      vertex 4.4470038414 3.5669670105 6.23604822159
      vertex 4.4470038414 3.55260801315 6.25604820251
      vertex 4.43283700943 3.5669670105 6.25604820251
    endloop
  endfacet
  facet normal -0 -1 0
    outer loop
      vertex 4.4470038414 3.55260801315 6.25604820251
      vertex 4.43283700943 3.55260801315 6.25604820251
      vertex 4.43283700943 3.5669670105 6.25604820251
    endloop
  endfacet
  facet normal -0.635582506657 -0.450255572796 0.627140164375
    outer loop
      vertex 4.46117210388 3.55260801315 6.23604822159
      vertex 4.4470038414 3.55260801315 6.25604820251
      vertex 4.4470038414 3.5669670105 6.23604822159
    endloop
  endfacet
  facet normal 0.635582625866 0.450255513191 -0.627140045166
    outer loop
      vertex 4.5320110321 3.5669670105 6.23604822159
      vertex 4.51784276962 3.5669670105 6.25604820251
      vertex 4.5320110321 3.55260801315 6.25604820251
    endloop
  endfacet
  facet normal 1 0 0
    outer loop
      vertex 4.5320110321 3.5669670105 6.23604822159
      vertex 4.5320110321 3.55260801315 6.25604820251
      vertex 4.5320110321 3.55260801315 6.23604822159
    endloop
  endfacet
  facet normal -0.635612010956 -0.45026114583 0.627106308937
    outer loop
      vertex 4.43283700943 3.5669670105 6.25604820251
      vertex 4.41866922379 3.58132696152 6.25604820251
      vertex 4.43283700943 3.58132696152 6.23604822159
    endloop
  endfacet
  facet normal -0.635637581348 -0.450248837471 0.627089142799
    outer loop
      vertex 4.4470038414 3.5669670105 6.23604822159
      vertex 4.43283700943 3.5669670105 6.25604820251
      vertex 4.43283700943 3.58132696152 6.23604822159
    endloop
  endfacet
  facet normal 0.815993487835 0.578061044216 -0
    outer loop
      vertex 4.5320110321 3.58132696152 6.23604822159
      vertex 4.51784276962 3.5669670105 6.25604820251
      vertex 4.5320110321 3.5669670105 6.23604822159
    endloop
  endfacet
  facet normal 0.815993487835 0.578061044216 -0
    outer loop
      vertex 4.51784276962 3.58132696152 6.25604820251
      vertex 4.51784276962 3.5669670105 6.25604820251
      vertex 4.5320110321 3.58132696152 6.23604822159
    endloop
  endfacet
  facet normal -0.635612010956 -0.45026114583 -0.627106308937
    outer loop
      vertex 4.41866922379 3.58132696152 6.25604820251
      vertex 4.43283700943 3.59568691254 6.25604820251
      vertex 4.43283700943 3.58132696152 6.23604822159
    endloop
  endfacet
  facet normal -0.635612010956 0.45026114583 0.627106308937
    outer loop
      vertex 4.41866922379 3.59568691254 6.23604822159
      vertex 4.43283700943 3.58132696152 6.23604822159
      vertex 4.43283700943 3.59568691254 6.25604820251
    endloop
  endfacet
  facet normal 0.635612010956 0.45026114583 -0.627106308937
    outer loop
      vertex 4.51784276962 3.59568691254 6.23604822159
      vertex 4.50367498398 3.59568691254 6.25604820251
      vertex 4.51784276962 3.58132696152 6.25604820251
    endloop
  endfacet
  facet normal 0.635599255562 0.450267255306 -0.627114832401
    outer loop
      vertex 4.5320110321 3.58132696152 6.23604822159
      vertex 4.51784276962 3.59568691254 6.23604822159
      vertex 4.51784276962 3.58132696152 6.25604820251
    endloop
  endfacet
  facet normal -0.63559538126 0.450249403715 -0.627131521702
    outer loop
      vertex 4.43283700943 3.59568691254 6.25604820251
      vertex 4.43283700943 3.61004590988 6.23604822159
      vertex 4.41866922379 3.59568691254 6.23604822159
    endloop
  endfacet
  facet normal 0 1 0
    outer loop
      vertex 4.43283700943 3.61004590988 6.23604822159
      vertex 4.41866922379 3.61004590988 6.23604822159
      vertex 4.41866922379 3.59568691254 6.23604822159
    endloop
  endfacet
  facet normal -0.635621011257 0.450237095356 -0.627114415169
    outer loop
      vertex 4.43283700943 3.59568691254 6.25604820251
      vertex 4.4470038414 3.61004590988 6.25604820251
      vertex 4.43283700943 3.61004590988 6.23604822159
    endloop
  endfacet
  facet normal 0.635620892048 0.450237154961 -0.627114474773
    outer loop
      vertex 4.50367498398 3.61004590988 6.23604822159
      vertex 4.48950815201 3.61004590988 6.25604820251
      vertex 4.50367498398 3.59568691254 6.25604820251
    endloop
  endfacet
  facet normal 0.63559538126 0.450249403715 -0.627131521702
    outer loop
      vertex 4.50367498398 3.59568691254 6.25604820251
      vertex 4.51784276962 3.59568691254 6.23604822159
      vertex 4.50367498398 3.61004590988 6.23604822159
    endloop
  endfacet
  facet normal 0 1 0
    outer loop
      vertex 4.51784276962 3.59568691254 6.23604822159
      vertex 4.51784276962 3.61004590988 6.23604822159
      vertex 4.50367498398 3.61004590988 6.23604822159
    endloop
  endfacet
  facet normal 0 1 -0
    outer loop
      vertex 4.43283700943 3.62440609932 6.23604822159
      vertex 4.41866922379 3.61004590988 6.23604822159
      vertex 4.43283700943 3.61004590988 6.23604822159
    endloop
  endfacet
  facet normal -0.635641872883 0.450251847506 -0.627082705498
    outer loop
      vertex 4.4470038414 3.61004590988 6.25604820251
      vertex 4.4470038414 3.62440609932 6.23604822159
      vertex 4.43283700943 3.61004590988 6.23604822159
    endloop
  endfacet
  facet normal 0 1 0
    outer loop
      vertex 4.4470038414 3.62440609932 6.23604822159
      vertex 4.43283700943 3.62440609932 6.23604822159
      vertex 4.43283700943 3.61004590988 6.23604822159
    endloop
  endfacet
  facet normal 0 0.583239793777 -0.812300026417
    outer loop
      vertex 4.4470038414 3.62440609932 6.23604822159
      vertex 4.46117210388 3.61004590988 6.25604820251
      vertex 4.46117210388 3.62440609932 6.23604822159
    endloop
  endfacet
  facet normal 0 0.583239793777 -0.812300026417
    outer loop
      vertex 4.4470038414 3.61004590988 6.25604820251
      vertex 4.46117210388 3.61004590988 6.25604820251
      vertex 4.4470038414 3.62440609932 6.23604822159
    endloop
  endfacet
  facet normal 0 0.583239793777 -0.812300026417
    outer loop
      vertex 4.46117210388 3.62440609932 6.23604822159
      vertex 4.47533893585 3.61004590988 6.25604820251
      vertex 4.47533893585 3.62440609932 6.23604822159
    endloop
  endfacet
  facet normal 0 0.583239793777 -0.812300026417
    outer loop
      vertex 4.46117210388 3.61004590988 6.25604820251
      vertex 4.47533893585 3.61004590988 6.25604820251
      vertex 4.46117210388 3.62440609932 6.23604822159
    endloop
  endfacet
  facet normal 0 0.583239793777 -0.812300026417
    outer loop
      vertex 4.47533893585 3.62440609932 6.23604822159
      vertex 4.48950815201 3.61004590988 6.25604820251
      vertex 4.48950815201 3.62440609932 6.23604822159
    endloop
  endfacet
  facet normal 0 0.583239793777 -0.812300026417
    outer loop
      vertex 4.47533893585 3.61004590988 6.25604820251
      vertex 4.48950815201 3.61004590988 6.25604820251
      vertex 4.47533893585 3.62440609932 6.23604822159
    endloop
  endfacet
  facet normal 0.635641694069 0.45025190711 -0.627082765102
    outer loop
      vertex 4.48950815201 3.61004590988 6.25604820251
      vertex 4.50367498398 3.61004590988 6.23604822159
      vertex 4.48950815201 3.62440609932 6.23604822159
    endloop
  endfacet
  facet normal 0 1 0
    outer loop
      vertex 4.50367498398 3.61004590988 6.23604822159
      vertex 4.50367498398 3.62440609932 6.23604822159
      vertex 4.48950815201 3.62440609932 6.23604822159
    endloop
  endfacet
  facet normal 0 1 0
    outer loop
      vertex 4.51784276962 3.61004590988 6.23604822159
      vertex 4.50367498398 3.62440609932 6.23604822159
      vertex 4.50367498398 3.61004590988 6.23604822159
    endloop
  endfacet
  facet normal 0 1 -0
    outer loop
      vertex 4.4470038414 3.63876605034 6.23604822159
      vertex 4.43283700943 3.62440609932 6.23604822159
      vertex 4.4470038414 3.62440609932 6.23604822159
    endloop
  endfacet
  facet normal 0 1 0
    outer loop
      vertex 4.46117210388 3.62440609932 6.23604822159
      vertex 4.46117210388 3.63876605034 6.23604822159
      vertex 4.4470038414 3.62440609932 6.23604822159
    endloop
  endfacet
  facet normal 0 1 0
    outer loop
      vertex 4.46117210388 3.63876605034 6.23604822159
      vertex 4.4470038414 3.63876605034 6.23604822159
      vertex 4.4470038414 3.62440609932 6.23604822159
    endloop
  endfacet
  facet normal 0 1 0
    outer loop
      vertex 4.47533893585 3.62440609932 6.23604822159
      vertex 4.47533893585 3.63876605034 6.23604822159
      vertex 4.46117210388 3.62440609932 6.23604822159
    endloop
  endfacet
  facet normal 0 1 0
    outer loop
      vertex 4.47533893585 3.63876605034 6.23604822159
      vertex 4.46117210388 3.63876605034 6.23604822159
      vertex 4.46117210388 3.62440609932 6.23604822159
    endloop
  endfacet
  facet normal 0 1 0
    outer loop
      vertex 4.48950815201 3.62440609932 6.23604822159
      vertex 4.48950815201 3.63876605034 6.23604822159
      vertex 4.47533893585 3.62440609932 6.23604822159
    endloop
  endfacet
  facet normal 0 1 0
    outer loop
      vertex 4.48950815201 3.63876605034 6.23604822159
      vertex 4.47533893585 3.63876605034 6.23604822159
      vertex 4.47533893585 3.62440609932 6.23604822159
    endloop
  endfacet
  facet normal 0 1 0
    outer loop
      vertex 4.50367498398 3.62440609932 6.23604822159
      vertex 4.48950815201 3.63876605034 6.23604822159
      vertex 4.48950815201 3.62440609932 6.23604822159
    endloop
  endfacet
  facet normal 0 1 0
    outer loop
      vertex 4.50367498398 3.45209002495 6.33604812622
      vertex 4.48950815201 3.46644902229 6.33604812622
      vertex 4.48950815201 3.45209002495 6.33604812622
    endloop
  endfacet
  facet normal 0 1 0
    outer loop
      vertex 4.48950815201 3.46644902229 6.33604812622
      vertex 4.47533893585 3.46644902229 6.33604812622
      vertex 4.47533893585 3.45209002495 6.33604812622
    endloop
  endfacet
  facet normal 0 1 0
    outer loop
      vertex 4.48950815201 3.45209002495 6.33604812622
      vertex 4.48950815201 3.46644902229 6.33604812622
      vertex 4.47533893585 3.45209002495 6.33604812622
    endloop
  endfacet
  facet normal 0 1 0
    outer loop
      vertex 4.50367498398 3.45209002495 6.33604812622
      vertex 4.48950815201 3.45209002495 6.33604812622
      vertex 4.48950815201 3.43773007393 6.33604812622
    endloop
  endfacet
  facet normal 0 1 0
    outer loop
      vertex 4.50367498398 3.43773007393 6.33604812622
      vertex 4.50367498398 3.45209002495 6.33604812622
      vertex 4.48950815201 3.43773007393 6.33604812622
    endloop
  endfacet
  facet normal 0 1 0
    outer loop
      vertex 4.51784276962 3.42336988449 6.33604812622
      vertex 4.50367498398 3.43773007393 6.33604812622
      vertex 4.50367498398 3.42336988449 6.33604812622
    endloop
  endfacet
  facet normal 0 1 0
    outer loop
      vertex 4.46117210388 3.48080897331 6.31604814529
      vertex 4.46117210388 3.49516892433 6.31604814529
      vertex 4.4470038414 3.48080897331 6.31604814529
    endloop
  endfacet
  facet normal 0 1 0
    outer loop
      vertex 4.4470038414 3.49516892433 6.31604814529
      vertex 4.43283700943 3.49516892433 6.31604814529
      vertex 4.43283700943 3.48080897331 6.31604814529
    endloop
  endfacet
  facet normal 0 1 0
    outer loop
      vertex 4.4470038414 3.48080897331 6.31604814529
      vertex 4.4470038414 3.49516892433 6.31604814529
      vertex 4.43283700943 3.48080897331 6.31604814529
    endloop
  endfacet
  facet normal 0 1 -0
    outer loop
      vertex 4.43283700943 3.49516892433 6.31604814529
      vertex 4.41866922379 3.48080897331 6.31604814529
      vertex 4.43283700943 3.48080897331 6.31604814529
    endloop
  endfacet
  facet normal -0.635641634464 -0.450251847506 0.627082943916
    outer loop
      vertex 4.50367498398 3.50952911377 6.25604820251
      vertex 4.50367498398 3.49516892433 6.27604818344
      vertex 4.48950815201 3.50952911377 6.27604818344
    endloop
  endfacet
  facet normal -0 -1 0
    outer loop
      vertex 4.50367498398 3.49516892433 6.27604818344
      vertex 4.48950815201 3.49516892433 6.27604818344
      vertex 4.48950815201 3.50952911377 6.27604818344
    endloop
  endfacet
  facet normal 0 -0.583239614964 0.812300145626
    outer loop
      vertex 4.51784276962 3.50952911377 6.25604820251
      vertex 4.50367498398 3.49516892433 6.27604818344
      vertex 4.50367498398 3.50952911377 6.25604820251
    endloop
  endfacet
  facet normal 0 1 0
    outer loop
      vertex 4.50367498398 3.42336988449 6.33604812622
      vertex 4.50367498398 3.43773007393 6.33604812622
      vertex 4.48950815201 3.43773007393 6.33604812622
    endloop
  endfacet
  facet normal 0 1 0
    outer loop
      vertex 4.46117210388 3.48080897331 6.31604814529
      vertex 4.4470038414 3.48080897331 6.31604814529
      vertex 4.4470038414 3.46644902229 6.31604814529
    endloop
  endfacet
  facet normal 0.635637283325 0.450248748064 -0.627089560032
    outer loop
      vertex 4.50367498398 3.46644902229 6.31604814529
      vertex 4.48950815201 3.48080897331 6.31604814529
      vertex 4.48950815201 3.46644902229 6.33604812622
    endloop
  endfacet
  facet normal 0 0.583232939243 -0.812304973602
    outer loop
      vertex 4.47533893585 3.46644902229 6.33604812622
      vertex 4.48950815201 3.46644902229 6.33604812622
      vertex 4.47533893585 3.48080897331 6.31604814529
    endloop
  endfacet
  facet normal 0 1 0
    outer loop
      vertex 4.4470038414 3.48080897331 6.31604814529
      vertex 4.43283700943 3.48080897331 6.31604814529
      vertex 4.43283700943 3.46644902229 6.31604814529
    endloop
  endfacet
  facet normal 0 1 0
    outer loop
      vertex 4.4470038414 3.46644902229 6.31604814529
      vertex 4.4470038414 3.48080897331 6.31604814529
      vertex 4.43283700943 3.46644902229 6.31604814529
    endloop
  endfacet
  facet normal 0 1 0
    outer loop
      vertex 4.43283700943 3.48080897331 6.31604814529
      vertex 4.41866922379 3.48080897331 6.31604814529
      vertex 4.41866922379 3.46644902229 6.31604814529
    endloop
  endfacet
  facet normal 0 1 0
    outer loop
      vertex 4.43283700943 3.46644902229 6.31604814529
      vertex 4.43283700943 3.48080897331 6.31604814529
      vertex 4.41866922379 3.46644902229 6.31604814529
    endloop
  endfacet
  facet normal 0 1 0
    outer loop
      vertex 4.48950815201 3.52388906479 6.29604816437
      vertex 4.47533893585 3.53824806213 6.29604816437
      vertex 4.47533893585 3.52388906479 6.29604816437
    endloop
  endfacet
  facet normal -0.635637700558 -0.450249046087 0.627088963985
    outer loop
      vertex 4.50367498398 3.50952911377 6.25604820251
      vertex 4.48950815201 3.50952911377 6.27604818344
      vertex 4.48950815201 3.52388906479 6.25604820251
    endloop
  endfacet
  facet normal 0 0.583232939243 -0.812304973602
    outer loop
      vertex 4.47533893585 3.48080897331 6.31604814529
      vertex 4.48950815201 3.46644902229 6.33604812622
      vertex 4.48950815201 3.48080897331 6.31604814529
    endloop
  endfacet
  facet normal 1 0 0
    outer loop
      vertex 4.50367498398 3.46644902229 6.31604814529
      vertex 4.50367498398 3.45209002495 6.33604812622
      vertex 4.50367498398 3.45209002495 6.31604814529
    endloop
  endfacet
  facet normal 0 1 0
    outer loop
      vertex 4.47533893585 3.53824806213 6.29604816437
      vertex 4.46117210388 3.53824806213 6.29604816437
      vertex 4.46117210388 3.52388906479 6.29604816437
    endloop
  endfacet
  facet normal 0 1 0
    outer loop
      vertex 4.47533893585 3.52388906479 6.29604816437
      vertex 4.47533893585 3.53824806213 6.29604816437
      vertex 4.46117210388 3.52388906479 6.29604816437
    endloop
  endfacet
  facet normal 0 1 0
    outer loop
      vertex 4.46117210388 3.53824806213 6.29604816437
      vertex 4.4470038414 3.53824806213 6.29604816437
      vertex 4.4470038414 3.52388906479 6.29604816437
    endloop
  endfacet
  facet normal 0 1 0
    outer loop
      vertex 4.46117210388 3.52388906479 6.29604816437
      vertex 4.46117210388 3.53824806213 6.29604816437
      vertex 4.4470038414 3.52388906479 6.29604816437
    endloop
  endfacet
  facet normal 0.635582447052 0.45025536418 0.627140343189
    outer loop
      vertex 4.5320110321 3.53824806213 6.25604820251
      vertex 4.51784276962 3.53824806213 6.27604818344
      vertex 4.51784276962 3.52388906479 6.25604820251
    endloop
  endfacet
  facet normal 0.635582447052 -0.45025536418 -0.627140343189
    outer loop
      vertex 4.5320110321 3.52388906479 6.27604818344
      vertex 4.51784276962 3.52388906479 6.25604820251
      vertex 4.51784276962 3.53824806213 6.27604818344
    endloop
  endfacet
  facet normal 0 1 -0
    outer loop
      vertex 4.4470038414 3.53824806213 6.29604816437
      vertex 4.43283700943 3.52388906479 6.29604816437
      vertex 4.4470038414 3.52388906479 6.29604816437
    endloop
  endfacet
  facet normal 0 1 0
    outer loop
      vertex 4.48950815201 3.52388906479 6.29604816437
      vertex 4.47533893585 3.52388906479 6.29604816437
      vertex 4.47533893585 3.50952911377 6.29604816437
    endloop
  endfacet
  facet normal 0.63561218977 0.450261265039 -0.627106010914
    outer loop
      vertex 4.51784276962 3.55260801315 6.25604820251
      vertex 4.50367498398 3.55260801315 6.27604818344
      vertex 4.51784276962 3.53824806213 6.27604818344
    endloop
  endfacet
  facet normal 0.635599434376 0.450267404318 -0.627114534378
    outer loop
      vertex 4.51784276962 3.53824806213 6.27604818344
      vertex 4.5320110321 3.53824806213 6.25604820251
      vertex 4.51784276962 3.55260801315 6.25604820251
    endloop
  endfacet
  facet normal 0 1 0
    outer loop
      vertex 4.5320110321 3.53824806213 6.25604820251
      vertex 4.5320110321 3.55260801315 6.25604820251
      vertex 4.51784276962 3.55260801315 6.25604820251
    endloop
  endfacet
  facet normal -1 0 0
    outer loop
      vertex 4.43283700943 3.55260801315 6.25604820251
      vertex 4.43283700943 3.55260801315 6.27604818344
      vertex 4.43283700943 3.5669670105 6.25604820251
    endloop
  endfacet
  facet normal -1 0 -0
    outer loop
      vertex 4.43283700943 3.55260801315 6.27604818344
      vertex 4.43283700943 3.5669670105 6.27604818344
      vertex 4.43283700943 3.5669670105 6.25604820251
    endloop
  endfacet
  facet normal 0.635620892048 0.450237154961 -0.627114474773
    outer loop
      vertex 4.50367498398 3.5669670105 6.25604820251
      vertex 4.48950815201 3.5669670105 6.27604818344
      vertex 4.50367498398 3.55260801315 6.27604818344
    endloop
  endfacet
  facet normal 0.63559538126 0.450249403715 -0.627131521702
    outer loop
      vertex 4.50367498398 3.55260801315 6.27604818344
      vertex 4.51784276962 3.55260801315 6.25604820251
      vertex 4.50367498398 3.5669670105 6.25604820251
    endloop
  endfacet
  facet normal 0 1 0
    outer loop
      vertex 4.51784276962 3.55260801315 6.25604820251
      vertex 4.51784276962 3.5669670105 6.25604820251
      vertex 4.50367498398 3.5669670105 6.25604820251
    endloop
  endfacet
  facet normal 0 1 0
    outer loop
      vertex 4.5320110321 3.55260801315 6.25604820251
      vertex 4.51784276962 3.5669670105 6.25604820251
      vertex 4.51784276962 3.55260801315 6.25604820251
    endloop
  endfacet
  facet normal -0.711853682995 0 0.702327787876
    outer loop
      vertex 4.43283700943 3.5669670105 6.27604818344
      vertex 4.41866922379 3.58132696152 6.25604820251
      vertex 4.43283700943 3.5669670105 6.25604820251
    endloop
  endfacet
  facet normal 0 0.583233237267 -0.812304735184
    outer loop
      vertex 4.43283700943 3.5669670105 6.27604818344
      vertex 4.43283700943 3.58132696152 6.25604820251
      vertex 4.41866922379 3.58132696152 6.25604820251
    endloop
  endfacet
  facet normal -0.635637581348 0.450248837471 -0.627089142799
    outer loop
      vertex 4.43283700943 3.5669670105 6.27604818344
      vertex 4.4470038414 3.58132696152 6.27604818344
      vertex 4.43283700943 3.58132696152 6.25604820251
    endloop
  endfacet
  facet normal 0.635573804379 0.450279474258 -0.62713187933
    outer loop
      vertex 4.48950815201 3.58132696152 6.25604820251
      vertex 4.47533893585 3.58132696152 6.27604818344
      vertex 4.48950815201 3.5669670105 6.27604818344
    endloop
  endfacet
  facet normal 0.635637462139 0.450248897076 -0.627089262009
    outer loop
      vertex 4.48950815201 3.5669670105 6.27604818344
      vertex 4.50367498398 3.5669670105 6.25604820251
      vertex 4.48950815201 3.58132696152 6.25604820251
    endloop
  endfacet
  facet normal 0 1 0
    outer loop
      vertex 4.50367498398 3.5669670105 6.25604820251
      vertex 4.50367498398 3.58132696152 6.25604820251
      vertex 4.48950815201 3.58132696152 6.25604820251
    endloop
  endfacet
  facet normal 0 1 0
    outer loop
      vertex 4.51784276962 3.5669670105 6.25604820251
      vertex 4.51784276962 3.58132696152 6.25604820251
      vertex 4.50367498398 3.5669670105 6.25604820251
    endloop
  endfacet
  facet normal 0 1 0
    outer loop
      vertex 4.51784276962 3.58132696152 6.25604820251
      vertex 4.50367498398 3.58132696152 6.25604820251
      vertex 4.50367498398 3.5669670105 6.25604820251
    endloop
  endfacet
  facet normal 0 1 -0
    outer loop
      vertex 4.43283700943 3.59568691254 6.25604820251
      vertex 4.41866922379 3.58132696152 6.25604820251
      vertex 4.43283700943 3.58132696152 6.25604820251
    endloop
  endfacet
  facet normal -0.81602114439 0.578022062778 0
    outer loop
      vertex 4.4470038414 3.59568691254 6.27604818344
      vertex 4.43283700943 3.58132696152 6.25604820251
      vertex 4.4470038414 3.58132696152 6.27604818344
    endloop
  endfacet
  facet normal -0.81602114439 0.578022062778 0
    outer loop
      vertex 4.43283700943 3.59568691254 6.25604820251
      vertex 4.43283700943 3.58132696152 6.25604820251
      vertex 4.4470038414 3.59568691254 6.27604818344
    endloop
  endfacet
  facet normal 0.635637521744 0.450248867273 -0.627089202404
    outer loop
      vertex 4.47533893585 3.59568691254 6.25604820251
      vertex 4.46117210388 3.59568691254 6.27604818344
      vertex 4.47533893585 3.58132696152 6.27604818344
    endloop
  endfacet
  facet normal 0.635573804379 0.450279474258 -0.62713187933
    outer loop
      vertex 4.47533893585 3.58132696152 6.27604818344
      vertex 4.48950815201 3.58132696152 6.25604820251
      vertex 4.47533893585 3.59568691254 6.25604820251
    endloop
  endfacet
  facet normal 0 1 0
    outer loop
      vertex 4.48950815201 3.58132696152 6.25604820251
      vertex 4.48950815201 3.59568691254 6.25604820251
      vertex 4.47533893585 3.59568691254 6.25604820251
    endloop
  endfacet
  facet normal 0 1 0
    outer loop
      vertex 4.50367498398 3.58132696152 6.25604820251
      vertex 4.50367498398 3.59568691254 6.25604820251
      vertex 4.48950815201 3.58132696152 6.25604820251
    endloop
  endfacet
  facet normal 0 1 0
    outer loop
      vertex 4.50367498398 3.59568691254 6.25604820251
      vertex 4.48950815201 3.59568691254 6.25604820251
      vertex 4.48950815201 3.58132696152 6.25604820251
    endloop
  endfacet
  facet normal 0 1 0
    outer loop
      vertex 4.51784276962 3.58132696152 6.25604820251
      vertex 4.50367498398 3.59568691254 6.25604820251
      vertex 4.50367498398 3.58132696152 6.25604820251
    endloop
  endfacet
  facet normal -0.635621011257 0.450237095356 -0.627114415169
    outer loop
      vertex 4.43283700943 3.59568691254 6.25604820251
      vertex 4.4470038414 3.59568691254 6.27604818344
      vertex 4.4470038414 3.61004590988 6.25604820251
    endloop
  endfacet
  facet normal 0 0.583207726479 -0.81232303381
    outer loop
      vertex 4.4470038414 3.61004590988 6.25604820251
      vertex 4.46117210388 3.59568691254 6.27604818344
      vertex 4.46117210388 3.61004590988 6.25604820251
    endloop
  endfacet
  facet normal 0 0.583207726479 -0.81232303381
    outer loop
      vertex 4.4470038414 3.59568691254 6.27604818344
      vertex 4.46117210388 3.59568691254 6.27604818344
      vertex 4.4470038414 3.61004590988 6.25604820251
    endloop
  endfacet
  facet normal 0.635620951653 0.450237125158 -0.627114474773
    outer loop
      vertex 4.46117210388 3.59568691254 6.27604818344
      vertex 4.47533893585 3.59568691254 6.25604820251
      vertex 4.46117210388 3.61004590988 6.25604820251
    endloop
  endfacet
  facet normal 0 1 0
    outer loop
      vertex 4.47533893585 3.59568691254 6.25604820251
      vertex 4.47533893585 3.61004590988 6.25604820251
      vertex 4.46117210388 3.61004590988 6.25604820251
    endloop
  endfacet
  facet normal 0 1 0
    outer loop
      vertex 4.48950815201 3.59568691254 6.25604820251
      vertex 4.48950815201 3.61004590988 6.25604820251
      vertex 4.47533893585 3.59568691254 6.25604820251
    endloop
  endfacet
  facet normal 0 1 0
    outer loop
      vertex 4.48950815201 3.61004590988 6.25604820251
      vertex 4.47533893585 3.61004590988 6.25604820251
      vertex 4.47533893585 3.59568691254 6.25604820251
    endloop
  endfacet
  facet normal 0 1 0
    outer loop
      vertex 4.50367498398 3.59568691254 6.25604820251
      vertex 4.48950815201 3.61004590988 6.25604820251
      vertex 4.48950815201 3.59568691254 6.25604820251
    endloop
  endfacet
  facet normal 0 -1 -0
    outer loop
      vertex 4.47533893585 3.43773007393 6.29604816437
      vertex 4.46117210388 3.45209002495 6.29604816437
      vertex 4.47533893585 3.45209002495 6.29604816437
    endloop
  endfacet
  facet normal 0.635621070862 0.450237303972 -0.62711417675
    outer loop
      vertex 4.50367498398 3.46644902229 6.31604814529
      vertex 4.48950815201 3.46644902229 6.33604812622
      vertex 4.50367498398 3.45209002495 6.33604812622
    endloop
  endfacet
  facet normal 1 0 0
    outer loop
      vertex 4.50367498398 3.45209002495 6.31604814529
      vertex 4.50367498398 3.45209002495 6.33604812622
      vertex 4.50367498398 3.43773007393 6.33604812622
    endloop
  endfacet
  facet normal 0.635611772537 0.450260996819 -0.62710660696
    outer loop
      vertex 4.51784276962 3.43773007393 6.31604814529
      vertex 4.50367498398 3.45209002495 6.31604814529
      vertex 4.50367498398 3.43773007393 6.33604812622
    endloop
  endfacet
  facet normal 0.635603785515 0.450270473957 -0.627107918262
    outer loop
      vertex 4.5320110321 3.42336988449 6.31604814529
      vertex 4.51784276962 3.43773007393 6.31604814529
      vertex 4.51784276962 3.42336988449 6.33604812622
    endloop
  endfacet
  facet normal 0 -1 -0
    outer loop
      vertex 4.46117210388 3.45209002495 6.29604816437
      vertex 4.4470038414 3.46644902229 6.29604816437
      vertex 4.46117210388 3.46644902229 6.29604816437
    endloop
  endfacet
  facet normal -0 -1 -0
    outer loop
      vertex 4.47533893585 3.45209002495 6.29604816437
      vertex 4.46117210388 3.45209002495 6.29604816437
      vertex 4.47533893585 3.46644902229 6.29604816437
    endloop
  endfacet
  facet normal 0 -1 0
    outer loop
      vertex 4.47533893585 3.46644902229 6.29604816437
      vertex 4.46117210388 3.45209002495 6.29604816437
      vertex 4.46117210388 3.46644902229 6.29604816437
    endloop
  endfacet
  facet normal 0.635616540909 0.450264364481 -0.627099394798
    outer loop
      vertex 4.51784276962 3.43773007393 6.31604814529
      vertex 4.50367498398 3.43773007393 6.33604812622
      vertex 4.51784276962 3.42336988449 6.33604812622
    endloop
  endfacet
  facet normal 0 1 0
    outer loop
      vertex 4.5320110321 3.50952911377 6.29604816437
      vertex 4.51784276962 3.50952911377 6.29604816437
      vertex 4.51784276962 3.49516892433 6.29604816437
    endloop
  endfacet
  facet normal 0 1 0
    outer loop
      vertex 4.5320110321 3.49516892433 6.29604816437
      vertex 4.5320110321 3.50952911377 6.29604816437
      vertex 4.51784276962 3.49516892433 6.29604816437
    endloop
  endfacet
  facet normal 0 1 0
    outer loop
      vertex 4.51784276962 3.50952911377 6.29604816437
      vertex 4.50367498398 3.50952911377 6.29604816437
      vertex 4.50367498398 3.49516892433 6.29604816437
    endloop
  endfacet
  facet normal 0 1 0
    outer loop
      vertex 4.48950815201 3.50952911377 6.29604816437
      vertex 4.48950815201 3.52388906479 6.29604816437
      vertex 4.47533893585 3.50952911377 6.29604816437
    endloop
  endfacet
  facet normal 0 1 0
    outer loop
      vertex 4.47533893585 3.50952911377 6.29604816437
      vertex 4.47533893585 3.52388906479 6.29604816437
      vertex 4.46117210388 3.52388906479 6.29604816437
    endloop
  endfacet
  facet normal 0.635637760162 0.450249016285 -0.627088904381
    outer loop
      vertex 4.46117210388 3.50952911377 6.31604814529
      vertex 4.47533893585 3.50952911377 6.29604816437
      vertex 4.46117210388 3.52388906479 6.29604816437
    endloop
  endfacet
  facet normal 0.635641694069 0.450251817703 -0.627082884312
    outer loop
      vertex 4.47533893585 3.50952911377 6.29604816437
      vertex 4.46117210388 3.50952911377 6.31604814529
      vertex 4.47533893585 3.49516892433 6.31604814529
    endloop
  endfacet
  facet normal -0 -1 -0
    outer loop
      vertex 4.47533893585 3.46644902229 6.29604816437
      vertex 4.46117210388 3.46644902229 6.29604816437
      vertex 4.47533893585 3.48080897331 6.29604816437
    endloop
  endfacet
  facet normal -1 0 0
    outer loop
      vertex 4.43283700943 3.49516892433 6.31604814529
      vertex 4.43283700943 3.49516892433 6.29604816437
      vertex 4.43283700943 3.48080897331 6.29604816437
    endloop
  endfacet
  facet normal 0 1 0
    outer loop
      vertex 4.51784276962 3.49516892433 6.29604816437
      vertex 4.51784276962 3.50952911377 6.29604816437
      vertex 4.50367498398 3.49516892433 6.29604816437
    endloop
  endfacet
  facet normal 0 1 0
    outer loop
      vertex 4.50367498398 3.50952911377 6.29604816437
      vertex 4.48950815201 3.50952911377 6.29604816437
      vertex 4.48950815201 3.49516892433 6.29604816437
    endloop
  endfacet
  facet normal 0 1 0
    outer loop
      vertex 4.50367498398 3.49516892433 6.29604816437
      vertex 4.50367498398 3.50952911377 6.29604816437
      vertex 4.48950815201 3.49516892433 6.29604816437
    endloop
  endfacet
  facet normal -0.63561218977 -0.450261265039 -0.627106010914
    outer loop
      vertex 4.41866922379 3.48080897331 6.31604814529
      vertex 4.43283700943 3.49516892433 6.31604814529
      vertex 4.43283700943 3.48080897331 6.29604816437
    endloop
  endfacet
  facet normal -0.81600266695 -0.578048110008 -0
    outer loop
      vertex 4.41866922379 3.46644902229 6.31604814529
      vertex 4.41866922379 3.48080897331 6.31604814529
      vertex 4.43283700943 3.46644902229 6.29604816437
    endloop
  endfacet
  facet normal -0.81600266695 -0.578048110008 -0
    outer loop
      vertex 4.43283700943 3.46644902229 6.29604816437
      vertex 4.41866922379 3.48080897331 6.31604814529
      vertex 4.43283700943 3.48080897331 6.29604816437
    endloop
  endfacet
  facet normal 0.635573983192 0.45027962327 -0.627131521702
    outer loop
      vertex 4.47533893585 3.53824806213 6.29604816437
      vertex 4.48950815201 3.53824806213 6.27604818344
      vertex 4.47533893585 3.55260801315 6.27604818344
    endloop
  endfacet
  facet normal 0 0.58323353529 -0.812304496765
    outer loop
      vertex 4.46117210388 3.53824806213 6.29604816437
      vertex 4.47533893585 3.53824806213 6.29604816437
      vertex 4.46117210388 3.55260801315 6.27604818344
    endloop
  endfacet
  facet normal 0 0.58323353529 -0.812304496765
    outer loop
      vertex 4.46117210388 3.55260801315 6.27604818344
      vertex 4.47533893585 3.53824806213 6.29604816437
      vertex 4.47533893585 3.55260801315 6.27604818344
    endloop
  endfacet
  facet normal 0 0.58323353529 -0.812304496765
    outer loop
      vertex 4.4470038414 3.53824806213 6.29604816437
      vertex 4.46117210388 3.53824806213 6.29604816437
      vertex 4.4470038414 3.55260801315 6.27604818344
    endloop
  endfacet
  facet normal 0 0.58323353529 -0.812304496765
    outer loop
      vertex 4.4470038414 3.55260801315 6.27604818344
      vertex 4.46117210388 3.53824806213 6.29604816437
      vertex 4.46117210388 3.55260801315 6.27604818344
    endloop
  endfacet
  facet normal 0 1 0
    outer loop
      vertex 4.4470038414 3.55260801315 6.27604818344
      vertex 4.43283700943 3.55260801315 6.27604818344
      vertex 4.43283700943 3.53824806213 6.27604818344
    endloop
  endfacet
  facet normal 0 1 0
    outer loop
      vertex 4.5320110321 3.49516892433 6.29604816437
      vertex 4.51784276962 3.49516892433 6.29604816437
      vertex 4.51784276962 3.48080897331 6.29604816437
    endloop
  endfacet
  facet normal 0 1 0
    outer loop
      vertex 4.5320110321 3.48080897331 6.29604816437
      vertex 4.5320110321 3.49516892433 6.29604816437
      vertex 4.51784276962 3.48080897331 6.29604816437
    endloop
  endfacet
  facet normal 0 1 0
    outer loop
      vertex 4.51784276962 3.49516892433 6.29604816437
      vertex 4.50367498398 3.49516892433 6.29604816437
      vertex 4.50367498398 3.48080897331 6.29604816437
    endloop
  endfacet
  facet normal -0.942260682583 0.0871905833483 -0.323330551386
    outer loop
      vertex 4.45165491104 3.51081609726 6.28828716278
      vertex 4.4470038414 3.49516892433 6.29604816437
      vertex 4.45250177383 3.50974202156 6.30142211914
    endloop
  endfacet
  facet normal -0.942148506641 2.94203560077e-17 0.335195749998
    outer loop
      vertex 4.45165491104 3.51081609726 6.28828716278
      vertex 4.4470038414 3.52388906479 6.29604816437
      vertex 4.4470038414 3.52388906479 6.27604818344
    endloop
  endfacet
  facet normal -0 0 1
    outer loop
      vertex 4.43283700943 3.52388906479 6.29604816437
      vertex 4.4470038414 3.52388906479 6.27604818344
      vertex 4.4470038414 3.52388906479 6.29604816437
    endloop
  endfacet
  facet normal -0.805949687958 -0.591984033585 -0
    outer loop
      vertex 4.46117210388 3.49516892433 6.27604818344
      vertex 4.45525121689 3.50266909599 6.2841091156
      vertex 4.46117210388 3.50952911377 6.27604818344
    endloop
  endfacet
  facet normal 0 1 0
    outer loop
      vertex 4.51784276962 3.48080897331 6.29604816437
      vertex 4.51784276962 3.49516892433 6.29604816437
      vertex 4.50367498398 3.48080897331 6.29604816437
    endloop
  endfacet
  facet normal 0 1 0
    outer loop
      vertex 4.50367498398 3.48080897331 6.29604816437
      vertex 4.50367498398 3.49516892433 6.29604816437
      vertex 4.48950815201 3.49516892433 6.29604816437
    endloop
  endfacet
  facet normal -0.641821324825 -0.432498812675 0.633253633976
    outer loop
      vertex 4.46117210388 3.50952911377 6.27604818344
      vertex 4.45165491104 3.51081609726 6.28828716278
      vertex 4.4470038414 3.52388906479 6.27604818344
    endloop
  endfacet
  facet normal -0.805699706078 -0.589937746525 0.0531173981726
    outer loop
      vertex 4.45165491104 3.51081609726 6.28828716278
      vertex 4.45525121689 3.50266909599 6.2841091156
      vertex 4.4470038414 3.49516892433 6.29604816437
    endloop
  endfacet
  facet normal -0.653427600861 0.396737903357 -0.644694805145
    outer loop
      vertex 4.46117210388 3.50952911377 6.31604814529
      vertex 4.45250177383 3.50974202156 6.30142211914
      vertex 4.4470038414 3.49516892433 6.31604814529
    endloop
  endfacet
  facet normal 0.63561218977 0.450261265039 -0.627106010914
    outer loop
      vertex 4.51784276962 3.52388906479 6.27604818344
      vertex 4.50367498398 3.52388906479 6.29604816437
      vertex 4.51784276962 3.50952911377 6.29604816437
    endloop
  endfacet
  facet normal 0.635637700558 0.450249046087 -0.627088963985
    outer loop
      vertex 4.48950815201 3.48080897331 6.31604814529
      vertex 4.50367498398 3.48080897331 6.29604816437
      vertex 4.48950815201 3.49516892433 6.29604816437
    endloop
  endfacet
  facet normal -0.635637819767 0.450248986483 -0.627088844776
    outer loop
      vertex 4.4470038414 3.53824806213 6.29604816437
      vertex 4.4470038414 3.55260801315 6.27604818344
      vertex 4.43283700943 3.53824806213 6.27604818344
    endloop
  endfacet
  facet normal 0.635637283325 0.450248748064 -0.627089560032
    outer loop
      vertex 4.50367498398 3.48080897331 6.29604816437
      vertex 4.48950815201 3.48080897331 6.31604814529
      vertex 4.50367498398 3.46644902229 6.31604814529
    endloop
  endfacet
  facet normal 0.635556995869 0.450267583132 -0.627157390118
    outer loop
      vertex 4.48950815201 3.53824806213 6.27604818344
      vertex 4.47533893585 3.53824806213 6.29604816437
      vertex 4.48950815201 3.52388906479 6.29604816437
    endloop
  endfacet
  facet normal -0.635620832443 0.450236946344 0.627114713192
    outer loop
      vertex 4.43283700943 3.53824806213 6.27604818344
      vertex 4.4470038414 3.52388906479 6.27604818344
      vertex 4.4470038414 3.53824806213 6.29604816437
    endloop
  endfacet
  facet normal -0.635620832443 -0.450236946344 -0.627114713192
    outer loop
      vertex 4.43283700943 3.52388906479 6.29604816437
      vertex 4.4470038414 3.53824806213 6.29604816437
      vertex 4.4470038414 3.52388906479 6.27604818344
    endloop
  endfacet
  facet normal 0 0.583207428455 -0.812323272228
    outer loop
      vertex 4.48950815201 3.53824806213 6.27604818344
      vertex 4.50367498398 3.52388906479 6.29604816437
      vertex 4.50367498398 3.53824806213 6.27604818344
    endloop
  endfacet
  facet normal 0 0.583207428455 -0.812323272228
    outer loop
      vertex 4.48950815201 3.52388906479 6.29604816437
      vertex 4.50367498398 3.52388906479 6.29604816437
      vertex 4.48950815201 3.53824806213 6.27604818344
    endloop
  endfacet
  facet normal 0.635595202446 0.450249254704 -0.627131819725
    outer loop
      vertex 4.50367498398 3.52388906479 6.29604816437
      vertex 4.51784276962 3.52388906479 6.27604818344
      vertex 4.50367498398 3.53824806213 6.27604818344
    endloop
  endfacet
  facet normal 0 1 0
    outer loop
      vertex 4.51784276962 3.52388906479 6.27604818344
      vertex 4.51784276962 3.53824806213 6.27604818344
      vertex 4.50367498398 3.53824806213 6.27604818344
    endloop
  endfacet
  facet normal 0 1 0
    outer loop
      vertex 4.5320110321 3.52388906479 6.27604818344
      vertex 4.51784276962 3.53824806213 6.27604818344
      vertex 4.51784276962 3.52388906479 6.27604818344
    endloop
  endfacet
  facet normal 0.635573983192 0.45027962327 -0.627131521702
    outer loop
      vertex 4.48950815201 3.49516892433 6.29604816437
      vertex 4.47533893585 3.49516892433 6.31604814529
      vertex 4.48950815201 3.48080897331 6.31604814529
    endloop
  endfacet
  facet normal 0 -0.58323353529 0.812304496765
    outer loop
      vertex 4.48950815201 3.49516892433 6.27604818344
      vertex 4.47533893585 3.48080897331 6.29604816437
      vertex 4.47533893585 3.49516892433 6.27604818344
    endloop
  endfacet
  facet normal 0 -0.58323353529 0.812304496765
    outer loop
      vertex 4.47533893585 3.48080897331 6.29604816437
      vertex 4.46117210388 3.48080897331 6.29604816437
      vertex 4.47533893585 3.49516892433 6.27604818344
    endloop
  endfacet
  facet normal 0 -0.58323353529 0.812304496765
    outer loop
      vertex 4.47533893585 3.49516892433 6.27604818344
      vertex 4.46117210388 3.48080897331 6.29604816437
      vertex 4.46117210388 3.49516892433 6.27604818344
    endloop
  endfacet
  facet normal -0 -1 0
    outer loop
      vertex 4.46117210388 3.48080897331 6.29604816437
      vertex 4.4470038414 3.48080897331 6.29604816437
      vertex 4.4470038414 3.49516892433 6.29604816437
    endloop
  endfacet
  facet normal -0.635599315166 -0.450267463923 0.627114593983
    outer loop
      vertex 4.46117210388 3.49516892433 6.27604818344
      vertex 4.46117210388 3.48080897331 6.29604816437
      vertex 4.4470038414 3.49516892433 6.29604816437
    endloop
  endfacet
  facet normal 0 -1 0
    outer loop
      vertex 4.4470038414 3.49516892433 6.29604816437
      vertex 4.43283700943 3.48080897331 6.29604816437
      vertex 4.43283700943 3.49516892433 6.29604816437
    endloop
  endfacet
  facet normal 0 1 0
    outer loop
      vertex 4.48950815201 3.53824806213 6.27604818344
      vertex 4.48950815201 3.55260801315 6.27604818344
      vertex 4.47533893585 3.55260801315 6.27604818344
    endloop
  endfacet
  facet normal 0 1 0
    outer loop
      vertex 4.50367498398 3.53824806213 6.27604818344
      vertex 4.50367498398 3.55260801315 6.27604818344
      vertex 4.48950815201 3.53824806213 6.27604818344
    endloop
  endfacet
  facet normal 0 1 0
    outer loop
      vertex 4.50367498398 3.55260801315 6.27604818344
      vertex 4.48950815201 3.55260801315 6.27604818344
      vertex 4.48950815201 3.53824806213 6.27604818344
    endloop
  endfacet
  facet normal 0 1 0
    outer loop
      vertex 4.51784276962 3.53824806213 6.27604818344
      vertex 4.50367498398 3.55260801315 6.27604818344
      vertex 4.50367498398 3.53824806213 6.27604818344
    endloop
  endfacet
  facet normal 0 1 0
    outer loop
      vertex 4.4470038414 3.55260801315 6.27604818344
      vertex 4.4470038414 3.5669670105 6.27604818344
      vertex 4.43283700943 3.55260801315 6.27604818344
    endloop
  endfacet
  facet normal 0 1 0
    outer loop
      vertex 4.4470038414 3.5669670105 6.27604818344
      vertex 4.43283700943 3.5669670105 6.27604818344
      vertex 4.43283700943 3.55260801315 6.27604818344
    endloop
  endfacet
  facet normal 0 1 0
    outer loop
      vertex 4.46117210388 3.55260801315 6.27604818344
      vertex 4.46117210388 3.5669670105 6.27604818344
      vertex 4.4470038414 3.55260801315 6.27604818344
    endloop
  endfacet
  facet normal 0 1 0
    outer loop
      vertex 4.46117210388 3.5669670105 6.27604818344
      vertex 4.4470038414 3.5669670105 6.27604818344
      vertex 4.4470038414 3.55260801315 6.27604818344
    endloop
  endfacet
  facet normal 0 1 0
    outer loop
      vertex 4.47533893585 3.55260801315 6.27604818344
      vertex 4.47533893585 3.5669670105 6.27604818344
      vertex 4.46117210388 3.55260801315 6.27604818344
    endloop
  endfacet
  facet normal 0 1 0
    outer loop
      vertex 4.47533893585 3.5669670105 6.27604818344
      vertex 4.46117210388 3.5669670105 6.27604818344
      vertex 4.46117210388 3.55260801315 6.27604818344
    endloop
  endfacet
  facet normal 0 1 0
    outer loop
      vertex 4.48950815201 3.55260801315 6.27604818344
      vertex 4.48950815201 3.5669670105 6.27604818344
      vertex 4.47533893585 3.55260801315 6.27604818344
    endloop
  endfacet
  facet normal 0 1 0
    outer loop
      vertex 4.48950815201 3.5669670105 6.27604818344
      vertex 4.47533893585 3.5669670105 6.27604818344
      vertex 4.47533893585 3.55260801315 6.27604818344
    endloop
  endfacet
  facet normal 0 1 0
    outer loop
      vertex 4.50367498398 3.55260801315 6.27604818344
      vertex 4.48950815201 3.5669670105 6.27604818344
      vertex 4.48950815201 3.55260801315 6.27604818344
    endloop
  endfacet
  facet normal 0 1 -0
    outer loop
      vertex 4.4470038414 3.58132696152 6.27604818344
      vertex 4.43283700943 3.5669670105 6.27604818344
      vertex 4.4470038414 3.5669670105 6.27604818344
    endloop
  endfacet
  facet normal 0 1 0
    outer loop
      vertex 4.46117210388 3.5669670105 6.27604818344
      vertex 4.46117210388 3.58132696152 6.27604818344
      vertex 4.4470038414 3.5669670105 6.27604818344
    endloop
  endfacet
  facet normal 0 1 0
    outer loop
      vertex 4.46117210388 3.58132696152 6.27604818344
      vertex 4.4470038414 3.58132696152 6.27604818344
      vertex 4.4470038414 3.5669670105 6.27604818344
    endloop
  endfacet
  facet normal 0 1 0
    outer loop
      vertex 4.47533893585 3.5669670105 6.27604818344
      vertex 4.47533893585 3.58132696152 6.27604818344
      vertex 4.46117210388 3.5669670105 6.27604818344
    endloop
  endfacet
  facet normal 0 1 0
    outer loop
      vertex 4.47533893585 3.58132696152 6.27604818344
      vertex 4.46117210388 3.58132696152 6.27604818344
      vertex 4.46117210388 3.5669670105 6.27604818344
    endloop
  endfacet
  facet normal 0 1 0
    outer loop
      vertex 4.48950815201 3.5669670105 6.27604818344
      vertex 4.47533893585 3.58132696152 6.27604818344
      vertex 4.47533893585 3.5669670105 6.27604818344
    endloop
  endfacet
  facet normal 0 1 0
    outer loop
      vertex 4.46117210388 3.58132696152 6.27604818344
      vertex 4.46117210388 3.59568691254 6.27604818344
      vertex 4.4470038414 3.58132696152 6.27604818344
    endloop
  endfacet
  facet normal 0 1 0
    outer loop
      vertex 4.46117210388 3.59568691254 6.27604818344
      vertex 4.4470038414 3.59568691254 6.27604818344
      vertex 4.4470038414 3.58132696152 6.27604818344
    endloop
  endfacet
  facet normal 0 1 0
    outer loop
      vertex 4.47533893585 3.58132696152 6.27604818344
      vertex 4.46117210388 3.59568691254 6.27604818344
      vertex 4.46117210388 3.58132696152 6.27604818344
    endloop
  endfacet
  facet normal -0 -1 -0
    outer loop
      vertex 4.47533893585 3.39465093613 6.31604814529
      vertex 4.46117210388 3.39465093613 6.31604814529
      vertex 4.47533893585 3.40901088715 6.31604814529
    endloop
  endfacet
  facet normal 0 -1 0
    outer loop
      vertex 4.47533893585 3.40901088715 6.31604814529
      vertex 4.46117210388 3.39465093613 6.31604814529
      vertex 4.46117210388 3.40901088715 6.31604814529
    endloop
  endfacet
  facet normal -0 -1 -0
    outer loop
      vertex 4.48950815201 3.39465093613 6.31604814529
      vertex 4.47533893585 3.39465093613 6.31604814529
      vertex 4.48950815201 3.40901088715 6.31604814529
    endloop
  endfacet
  facet normal 0 -1 0
    outer loop
      vertex 4.48950815201 3.40901088715 6.31604814529
      vertex 4.47533893585 3.39465093613 6.31604814529
      vertex 4.47533893585 3.40901088715 6.31604814529
    endloop
  endfacet
  facet normal -0 -1 -0
    outer loop
      vertex 4.50367498398 3.39465093613 6.31604814529
      vertex 4.48950815201 3.39465093613 6.31604814529
      vertex 4.50367498398 3.40901088715 6.31604814529
    endloop
  endfacet
  facet normal 0 -1 0
    outer loop
      vertex 4.50367498398 3.40901088715 6.31604814529
      vertex 4.48950815201 3.39465093613 6.31604814529
      vertex 4.48950815201 3.40901088715 6.31604814529
    endloop
  endfacet
  facet normal 0 -1 0
    outer loop
      vertex 4.51784276962 3.40901088715 6.31604814529
      vertex 4.50367498398 3.39465093613 6.31604814529
      vertex 4.50367498398 3.40901088715 6.31604814529
    endloop
  endfacet
  facet normal 0 -1 -0
    outer loop
      vertex 4.46117210388 3.40901088715 6.31604814529
      vertex 4.4470038414 3.42336988449 6.31604814529
      vertex 4.46117210388 3.42336988449 6.31604814529
    endloop
  endfacet
  facet normal -0 -1 -0
    outer loop
      vertex 4.47533893585 3.40901088715 6.31604814529
      vertex 4.46117210388 3.40901088715 6.31604814529
      vertex 4.47533893585 3.42336988449 6.31604814529
    endloop
  endfacet
  facet normal 0 -1 0
    outer loop
      vertex 4.47533893585 3.42336988449 6.31604814529
      vertex 4.46117210388 3.40901088715 6.31604814529
      vertex 4.46117210388 3.42336988449 6.31604814529
    endloop
  endfacet
  facet normal 0.635611772537 -0.450260996819 -0.62710660696
    outer loop
      vertex 4.51784276962 3.43773007393 6.31604814529
      vertex 4.50367498398 3.43773007393 6.29604816437
      vertex 4.50367498398 3.45209002495 6.31604814529
    endloop
  endfacet
  facet normal -0 -1 0
    outer loop
      vertex 4.5320110321 3.42336988449 6.31604814529
      vertex 4.51784276962 3.42336988449 6.31604814529
      vertex 4.51784276962 3.43773007393 6.31604814529
    endloop
  endfacet
  facet normal 0 -1 0
    outer loop
      vertex 4.51784276962 3.43773007393 6.31604814529
      vertex 4.51784276962 3.42336988449 6.31604814529
      vertex 4.50367498398 3.42336988449 6.31604814529
    endloop
  endfacet
  facet normal 0.635616540909 -0.450264364481 0.627099394798
    outer loop
      vertex 4.50367498398 3.43773007393 6.29604816437
      vertex 4.51784276962 3.43773007393 6.31604814529
      vertex 4.50367498398 3.42336988449 6.31604814529
    endloop
  endfacet
  facet normal -0 -1 -0
    outer loop
      vertex 4.51784276962 3.40901088715 6.31604814529
      vertex 4.50367498398 3.40901088715 6.31604814529
      vertex 4.51784276962 3.42336988449 6.31604814529
    endloop
  endfacet
  facet normal 0 -0.583240270615 0.812299728394
    outer loop
      vertex 4.50367498398 3.42336988449 6.31604814529
      vertex 4.48950815201 3.42336988449 6.31604814529
      vertex 4.50367498398 3.43773007393 6.29604816437
    endloop
  endfacet
  facet normal 0 -1 0
    outer loop
      vertex 4.5320110321 3.42336988449 6.31604814529
      vertex 4.51784276962 3.40901088715 6.31604814529
      vertex 4.51784276962 3.42336988449 6.31604814529
    endloop
  endfacet
  facet normal 0 -1 -0
    outer loop
      vertex 4.4470038414 3.42336988449 6.31604814529
      vertex 4.43283700943 3.43773007393 6.31604814529
      vertex 4.4470038414 3.43773007393 6.31604814529
    endloop
  endfacet
  facet normal -0 -1 -0
    outer loop
      vertex 4.46117210388 3.42336988449 6.31604814529
      vertex 4.4470038414 3.42336988449 6.31604814529
      vertex 4.46117210388 3.43773007393 6.31604814529
    endloop
  endfacet
  facet normal 0 -1 0
    outer loop
      vertex 4.46117210388 3.43773007393 6.31604814529
      vertex 4.4470038414 3.42336988449 6.31604814529
      vertex 4.4470038414 3.43773007393 6.31604814529
    endloop
  endfacet
  facet normal -0.635642051697 -0.450252085924 0.627082288265
    outer loop
      vertex 4.47533893585 3.43773007393 6.29604816437
      vertex 4.47533893585 3.42336988449 6.31604814529
      vertex 4.46117210388 3.43773007393 6.31604814529
    endloop
  endfacet
  facet normal -0 -1 0
    outer loop
      vertex 4.47533893585 3.42336988449 6.31604814529
      vertex 4.46117210388 3.42336988449 6.31604814529
      vertex 4.46117210388 3.43773007393 6.31604814529
    endloop
  endfacet
  facet normal 0 -0.583240270615 0.812299728394
    outer loop
      vertex 4.50367498398 3.43773007393 6.29604816437
      vertex 4.48950815201 3.42336988449 6.31604814529
      vertex 4.48950815201 3.43773007393 6.29604816437
    endloop
  endfacet
  facet normal 0 -0.583240270615 0.812299728394
    outer loop
      vertex 4.48950815201 3.42336988449 6.31604814529
      vertex 4.47533893585 3.42336988449 6.31604814529
      vertex 4.48950815201 3.43773007393 6.29604816437
    endloop
  endfacet
  facet normal 0 -0.583240270615 0.812299728394
    outer loop
      vertex 4.48950815201 3.43773007393 6.29604816437
      vertex 4.47533893585 3.42336988449 6.31604814529
      vertex 4.47533893585 3.43773007393 6.29604816437
    endloop
  endfacet
  facet normal 0 -1 0
    outer loop
      vertex 4.51784276962 3.42336988449 6.31604814529
      vertex 4.50367498398 3.40901088715 6.31604814529
      vertex 4.50367498398 3.42336988449 6.31604814529
    endloop
  endfacet
  facet normal 0 -1 0
    outer loop
      vertex 4.50367498398 3.42336988449 6.31604814529
      vertex 4.48950815201 3.40901088715 6.31604814529
      vertex 4.48950815201 3.42336988449 6.31604814529
    endloop
  endfacet
  facet normal -0 -1 -0
    outer loop
      vertex 4.50367498398 3.40901088715 6.31604814529
      vertex 4.48950815201 3.40901088715 6.31604814529
      vertex 4.50367498398 3.42336988449 6.31604814529
    endloop
  endfacet
  facet normal 0 -1 0
    outer loop
      vertex 4.48950815201 3.42336988449 6.31604814529
      vertex 4.47533893585 3.40901088715 6.31604814529
      vertex 4.47533893585 3.42336988449 6.31604814529
    endloop
  endfacet
  facet normal 0 -1 -0
    outer loop
      vertex 4.43283700943 3.43773007393 6.31604814529
      vertex 4.41866922379 3.45209002495 6.31604814529
      vertex 4.43283700943 3.45209002495 6.31604814529
    endloop
  endfacet
  facet normal -0 -1 -0
    outer loop
      vertex 4.4470038414 3.43773007393 6.31604814529
      vertex 4.43283700943 3.43773007393 6.31604814529
      vertex 4.4470038414 3.45209002495 6.31604814529
    endloop
  endfacet
  facet normal 0 -1 0
    outer loop
      vertex 4.4470038414 3.45209002495 6.31604814529
      vertex 4.43283700943 3.43773007393 6.31604814529
      vertex 4.43283700943 3.45209002495 6.31604814529
    endloop
  endfacet
  facet normal -0.635598897934 -0.450267195702 0.627115249634
    outer loop
      vertex 4.46117210388 3.45209002495 6.29604816437
      vertex 4.46117210388 3.43773007393 6.31604814529
      vertex 4.4470038414 3.45209002495 6.31604814529
    endloop
  endfacet
  facet normal -0 -1 0
    outer loop
      vertex 4.46117210388 3.43773007393 6.31604814529
      vertex 4.4470038414 3.43773007393 6.31604814529
      vertex 4.4470038414 3.45209002495 6.31604814529
    endloop
  endfacet
  facet normal -0.63563734293 -0.450248718262 0.627089500427
    outer loop
      vertex 4.47533893585 3.43773007393 6.29604816437
      vertex 4.46117210388 3.43773007393 6.31604814529
      vertex 4.46117210388 3.45209002495 6.29604816437
    endloop
  endfacet
  facet normal -0 -1 -0
    outer loop
      vertex 4.48950815201 3.40901088715 6.31604814529
      vertex 4.47533893585 3.40901088715 6.31604814529
      vertex 4.48950815201 3.42336988449 6.31604814529
    endloop
  endfacet
  facet normal -0.635595619678 -0.450249522924 0.627131223679
    outer loop
      vertex 4.43283700943 3.46644902229 6.29604816437
      vertex 4.43283700943 3.45209002495 6.31604814529
      vertex 4.41866922379 3.46644902229 6.31604814529
    endloop
  endfacet
  facet normal -0 -1 0
    outer loop
      vertex 4.43283700943 3.45209002495 6.31604814529
      vertex 4.41866922379 3.45209002495 6.31604814529
      vertex 4.41866922379 3.46644902229 6.31604814529
    endloop
  endfacet
  facet normal 0 -0.583208024502 0.812322854996
    outer loop
      vertex 4.4470038414 3.46644902229 6.29604816437
      vertex 4.43283700943 3.45209002495 6.31604814529
      vertex 4.43283700943 3.46644902229 6.29604816437
    endloop
  endfacet
  facet normal 0 -0.583208024502 0.812322854996
    outer loop
      vertex 4.4470038414 3.45209002495 6.31604814529
      vertex 4.43283700943 3.45209002495 6.31604814529
      vertex 4.4470038414 3.46644902229 6.29604816437
    endloop
  endfacet
  facet normal -0.635582685471 -0.450255721807 0.627139866352
    outer loop
      vertex 4.46117210388 3.45209002495 6.29604816437
      vertex 4.4470038414 3.45209002495 6.31604814529
      vertex 4.4470038414 3.46644902229 6.29604816437
    endloop
  endfacet
  facet normal 1 0 0
    outer loop
      vertex 4.50367498398 3.45927000046 6.30604791641
      vertex 4.50367498398 3.46644902229 6.29604816437
      vertex 4.50367498398 3.46644902229 6.31604814529
    endloop
  endfacet
  facet normal 0 -0.176715329289 0.984261989594
    outer loop
      vertex 4.51784276962 3.48080897331 6.27604818344
      vertex 4.5320110321 3.48080897331 6.27604818344
      vertex 4.51784276962 3.47841501236 6.2893819809
    endloop
  endfacet
  facet normal 0.425744473934 0.904843449593 0
    outer loop
      vertex 4.50367498398 3.46644902229 6.29604816437
      vertex 4.51784276962 3.47841501236 6.2893819809
      vertex 4.50367498398 3.48080897331 6.29604816437
    endloop
  endfacet
  facet normal 1 0 0
    outer loop
      vertex 4.50367498398 3.43773007393 6.29604816437
      vertex 4.50367498398 3.45209002495 6.29604816437
      vertex 4.50367498398 3.45209002495 6.31604814529
    endloop
  endfacet
  facet normal 1 0 -0
    outer loop
      vertex 4.50367498398 3.45927000046 6.30604791641
      vertex 4.50367498398 3.45209002495 6.31604814529
      vertex 4.50367498398 3.45209002495 6.29604816437
    endloop
  endfacet
  facet normal 1 0 0
    outer loop
      vertex 4.50367498398 3.45209002495 6.31604814529
      vertex 4.50367498398 3.45927000046 6.30604791641
      vertex 4.50367498398 3.46644902229 6.31604814529
    endloop
  endfacet
  facet normal -0 -1 -0
    outer loop
      vertex 4.4470038414 3.48080897331 6.29604816437
      vertex 4.43283700943 3.48080897331 6.29604816437
      vertex 4.4470038414 3.49516892433 6.29604816437
    endloop
  endfacet
  facet normal 0.635577917099 0.450282424688 -0.627125561237
    outer loop
      vertex 4.47533893585 3.49516892433 6.31604814529
      vertex 4.48950815201 3.49516892433 6.29604816437
      vertex 4.47533893585 3.50952911377 6.29604816437
    endloop
  endfacet
  facet normal 1 0 0
    outer loop
      vertex 4.5320110321 3.52388906479 6.27604818344
      vertex 4.5320110321 3.50952911377 6.29604816437
      vertex 4.5320110321 3.50952911377 6.27604818344
    endloop
  endfacet
  facet normal 1 0 0
    outer loop
      vertex 4.50367498398 3.48080897331 6.29604816437
      vertex 4.50367498398 3.46644902229 6.31604814529
      vertex 4.50367498398 3.46644902229 6.29604816437
    endloop
  endfacet
  facet normal 0 0.33798623085 0.941151082516
    outer loop
      vertex 4.51784276962 3.48080897331 6.29604816437
      vertex 4.50367498398 3.48080897331 6.29604816437
      vertex 4.51784276962 3.47841501236 6.2893819809
    endloop
  endfacet
  facet normal 0.166604980826 -1.49945130676e-17 0.986023724079
    outer loop
      vertex 4.51784276962 3.47841501236 6.2893819809
      vertex 4.5320110321 3.48080897331 6.27604818344
      vertex 4.5320110321 3.48080897331 6.29604816437
    endloop
  endfacet
  facet normal 0 0.33798623085 0.941151082516
    outer loop
      vertex 4.5320110321 3.48080897331 6.29604816437
      vertex 4.51784276962 3.48080897331 6.29604816437
      vertex 4.51784276962 3.47841501236 6.2893819809
    endloop
  endfacet
  facet normal 0.599051833153 -0.141497761011 0.78810864687
    outer loop
      vertex 4.50367498398 3.46644902229 6.29604816437
      vertex 4.51784276962 3.48080897331 6.27604818344
      vertex 4.51784276962 3.47841501236 6.2893819809
    endloop
  endfacet
  facet normal 1 0 0
    outer loop
      vertex 4.50367498398 3.46644902229 6.29604816437
      vertex 4.50367498398 3.45927000046 6.30604791641
      vertex 4.50367498398 3.45209002495 6.29604816437
    endloop
  endfacet
  facet normal 0 1 0
    outer loop
      vertex 4.48950815201 3.49516892433 6.29604816437
      vertex 4.48950815201 3.50952911377 6.29604816437
      vertex 4.47533893585 3.50952911377 6.29604816437
    endloop
  endfacet
  facet normal 0 -1 0
    outer loop
      vertex 4.47533893585 3.48080897331 6.29604816437
      vertex 4.46117210388 3.46644902229 6.29604816437
      vertex 4.46117210388 3.48080897331 6.29604816437
    endloop
  endfacet
  facet normal 0 0.58323353529 -0.812304496765
    outer loop
      vertex 4.51784276962 3.50952911377 6.29604816437
      vertex 4.5320110321 3.50952911377 6.29604816437
      vertex 4.51784276962 3.52388906479 6.27604818344
    endloop
  endfacet
  facet normal 0 0.58323353529 -0.812304496765
    outer loop
      vertex 4.51784276962 3.52388906479 6.27604818344
      vertex 4.5320110321 3.50952911377 6.29604816437
      vertex 4.5320110321 3.52388906479 6.27604818344
    endloop
  endfacet
  facet normal 1 0 0
    outer loop
      vertex 4.5320110321 3.50952911377 6.27604818344
      vertex 4.5320110321 3.50952911377 6.29604816437
      vertex 4.5320110321 3.49516892433 6.29604816437
    endloop
  endfacet
  facet normal 0.63564157486 0.450251847506 -0.627082943916
    outer loop
      vertex 4.54617786407 3.49516892433 6.27604818344
      vertex 4.5320110321 3.50952911377 6.27604818344
      vertex 4.5320110321 3.49516892433 6.29604816437
    endloop
  endfacet
  facet normal 0.635637640953 0.450249046087 0.627088963985
    outer loop
      vertex 4.54617786407 3.49516892433 6.27604818344
      vertex 4.5320110321 3.49516892433 6.29604816437
      vertex 4.5320110321 3.48080897331 6.27604818344
    endloop
  endfacet
  facet normal -0.635637700558 -0.450249046087 0.627088963985
    outer loop
      vertex 4.50367498398 3.48080897331 6.27604818344
      vertex 4.48950815201 3.48080897331 6.29604816437
      vertex 4.48950815201 3.49516892433 6.27604818344
    endloop
  endfacet
  facet normal 0 -0.58323353529 0.812304496765
    outer loop
      vertex 4.48950815201 3.48080897331 6.29604816437
      vertex 4.47533893585 3.48080897331 6.29604816437
      vertex 4.48950815201 3.49516892433 6.27604818344
    endloop
  endfacet
  facet normal 1 0 -0
    outer loop
      vertex 4.5320110321 3.49516892433 6.29604816437
      vertex 4.5320110321 3.48080897331 6.29604816437
      vertex 4.5320110321 3.48080897331 6.27604818344
    endloop
  endfacet
  facet normal -0 -0 -1
    outer loop
      vertex 4.4470038414 3.49516892433 6.31604814529
      vertex 4.4470038414 3.49516892433 6.29604816437
      vertex 4.43283700943 3.49516892433 6.31604814529
    endloop
  endfacet
  facet normal -0.935630321503 0 -0.352981418371
    outer loop
      vertex 4.45250177383 3.50974202156 6.30142211914
      vertex 4.4470038414 3.49516892433 6.29604816437
      vertex 4.4470038414 3.49516892433 6.31604814529
    endloop
  endfacet
  facet normal -0.790726304054 -0.611131548882 0.035638872534
    outer loop
      vertex 4.45165491104 3.51081609726 6.28828716278
      vertex 4.46117210388 3.50952911377 6.27604818344
      vertex 4.45525121689 3.50266909599 6.2841091156
    endloop
  endfacet
  facet normal 0 0 -1
    outer loop
      vertex 4.43283700943 3.49516892433 6.29604816437
      vertex 4.43283700943 3.49516892433 6.31604814529
      vertex 4.4470038414 3.49516892433 6.29604816437
    endloop
  endfacet
  facet normal 0 -1 0
    outer loop
      vertex 4.46117210388 3.48080897331 6.29604816437
      vertex 4.4470038414 3.46644902229 6.29604816437
      vertex 4.4470038414 3.48080897331 6.29604816437
    endloop
  endfacet
  facet normal 0 -0.583232939243 0.812304973602
    outer loop
      vertex 4.51784276962 3.48080897331 6.27604818344
      vertex 4.50367498398 3.46644902229 6.29604816437
      vertex 4.50367498398 3.48080897331 6.27604818344
    endloop
  endfacet
  facet normal -0 -1 0
    outer loop
      vertex 4.50367498398 3.46644902229 6.29604816437
      vertex 4.48950815201 3.46644902229 6.29604816437
      vertex 4.48950815201 3.48080897331 6.29604816437
    endloop
  endfacet
  facet normal -0.635637283325 -0.450248748064 0.627089560032
    outer loop
      vertex 4.50367498398 3.48080897331 6.27604818344
      vertex 4.50367498398 3.46644902229 6.29604816437
      vertex 4.48950815201 3.48080897331 6.29604816437
    endloop
  endfacet
  facet normal 0 -1 0
    outer loop
      vertex 4.48950815201 3.48080897331 6.29604816437
      vertex 4.47533893585 3.46644902229 6.29604816437
      vertex 4.47533893585 3.48080897331 6.29604816437
    endloop
  endfacet
  facet normal -0 -1 -0
    outer loop
      vertex 4.48950815201 3.46644902229 6.29604816437
      vertex 4.47533893585 3.46644902229 6.29604816437
      vertex 4.48950815201 3.48080897331 6.29604816437
    endloop
  endfacet
  facet normal 0 -1 0
    outer loop
      vertex 4.50367498398 3.46644902229 6.29604816437
      vertex 4.48950815201 3.45209002495 6.29604816437
      vertex 4.48950815201 3.46644902229 6.29604816437
    endloop
  endfacet
  facet normal -0 -1 -0
    outer loop
      vertex 4.50367498398 3.45209002495 6.29604816437
      vertex 4.48950815201 3.45209002495 6.29604816437
      vertex 4.50367498398 3.46644902229 6.29604816437
    endloop
  endfacet
  facet normal 0 -1 0
    outer loop
      vertex 4.48950815201 3.46644902229 6.29604816437
      vertex 4.47533893585 3.45209002495 6.29604816437
      vertex 4.47533893585 3.46644902229 6.29604816437
    endloop
  endfacet
  facet normal -0.693996191025 0.419915735722 -0.584841966629
    outer loop
      vertex 4.46117210388 3.52388906479 6.29604816437
      vertex 4.45250177383 3.50974202156 6.30142211914
      vertex 4.46117210388 3.50952911377 6.31604814529
    endloop
  endfacet
  facet normal 0 0.934825778008 -0.35510674119
    outer loop
      vertex 4.4470038414 3.52388906479 6.29604816437
      vertex 4.45250177383 3.50974202156 6.30142211914
      vertex 4.46117210388 3.52388906479 6.29604816437
    endloop
  endfacet
  facet normal -0.815779685974 -0.577909767628 0.0228866152465
    outer loop
      vertex 4.46117210388 3.49516892433 6.27604818344
      vertex 4.4470038414 3.49516892433 6.29604816437
      vertex 4.45525121689 3.50266909599 6.2841091156
    endloop
  endfacet
  facet normal -0.93561309576 0.0315700359643 0.351612716913
    outer loop
      vertex 4.45165491104 3.51081609726 6.28828716278
      vertex 4.45250177383 3.50974202156 6.30142211914
      vertex 4.4470038414 3.52388906479 6.29604816437
    endloop
  endfacet
  facet normal -0 -1 -0
    outer loop
      vertex 4.46117210388 3.46644902229 6.29604816437
      vertex 4.4470038414 3.46644902229 6.29604816437
      vertex 4.46117210388 3.48080897331 6.29604816437
    endloop
  endfacet
  facet normal 0 -1 0
    outer loop
      vertex 4.4470038414 3.48080897331 6.29604816437
      vertex 4.43283700943 3.46644902229 6.29604816437
      vertex 4.43283700943 3.48080897331 6.29604816437
    endloop
  endfacet
  facet normal -0 -1 -0
    outer loop
      vertex 4.4470038414 3.46644902229 6.29604816437
      vertex 4.43283700943 3.46644902229 6.29604816437
      vertex 4.4470038414 3.48080897331 6.29604816437
    endloop
  endfacet
  facet normal -0.635637819767 -0.450248986483 0.627088844776
    outer loop
      vertex 4.4470038414 3.53824806213 6.25604820251
      vertex 4.43283700943 3.53824806213 6.27604818344
      vertex 4.43283700943 3.55260801315 6.25604820251
    endloop
  endfacet
  facet normal 0 1 0
    outer loop
      vertex 4.50367498398 3.50952911377 6.29604816437
      vertex 4.50367498398 3.52388906479 6.29604816437
      vertex 4.48950815201 3.50952911377 6.29604816437
    endloop
  endfacet
  facet normal 0 1 0
    outer loop
      vertex 4.50367498398 3.52388906479 6.29604816437
      vertex 4.48950815201 3.52388906479 6.29604816437
      vertex 4.48950815201 3.50952911377 6.29604816437
    endloop
  endfacet
  facet normal 0 1 0
    outer loop
      vertex 4.51784276962 3.50952911377 6.29604816437
      vertex 4.50367498398 3.52388906479 6.29604816437
      vertex 4.50367498398 3.50952911377 6.29604816437
    endloop
  endfacet
  facet normal -1 0 0
    outer loop
      vertex 4.43283700943 3.55260801315 6.25604820251
      vertex 4.43283700943 3.53824806213 6.27604818344
      vertex 4.43283700943 3.55260801315 6.27604818344
    endloop
  endfacet
  facet normal -0.635620772839 -0.450236976147 0.627114772797
    outer loop
      vertex 4.47533893585 3.52388906479 6.25604820251
      vertex 4.46117210388 3.52388906479 6.27604818344
      vertex 4.46117210388 3.53824806213 6.25604820251
    endloop
  endfacet
  facet normal 0 -0.583207428455 0.812323272228
    outer loop
      vertex 4.46117210388 3.52388906479 6.27604818344
      vertex 4.4470038414 3.52388906479 6.27604818344
      vertex 4.46117210388 3.53824806213 6.25604820251
    endloop
  endfacet
  facet normal 0 -0.583207428455 0.812323272228
    outer loop
      vertex 4.46117210388 3.53824806213 6.25604820251
      vertex 4.4470038414 3.52388906479 6.27604818344
      vertex 4.4470038414 3.53824806213 6.25604820251
    endloop
  endfacet
  facet normal -0.635620832443 -0.450236946344 0.627114713192
    outer loop
      vertex 4.4470038414 3.52388906479 6.27604818344
      vertex 4.43283700943 3.53824806213 6.27604818344
      vertex 4.4470038414 3.53824806213 6.25604820251
    endloop
  endfacet
  facet normal 0 -0.58323353529 0.812304496765
    outer loop
      vertex 4.48950815201 3.50952911377 6.27604818344
      vertex 4.47533893585 3.50952911377 6.27604818344
      vertex 4.48950815201 3.52388906479 6.25604820251
    endloop
  endfacet
  facet normal 0 -1 -0
    outer loop
      vertex 4.48950815201 3.36593198776 6.33604812622
      vertex 4.47533893585 3.38029098511 6.33604812622
      vertex 4.48950815201 3.38029098511 6.33604812622
    endloop
  endfacet
  facet normal -0 -1 -0
    outer loop
      vertex 4.50367498398 3.36593198776 6.33604812622
      vertex 4.48950815201 3.36593198776 6.33604812622
      vertex 4.50367498398 3.38029098511 6.33604812622
    endloop
  endfacet
  facet normal 0 -1 0
    outer loop
      vertex 4.50367498398 3.38029098511 6.33604812622
      vertex 4.48950815201 3.36593198776 6.33604812622
      vertex 4.48950815201 3.38029098511 6.33604812622
    endloop
  endfacet
  facet normal -0 -1 -0
    outer loop
      vertex 4.51784276962 3.36593198776 6.33604812622
      vertex 4.50367498398 3.36593198776 6.33604812622
      vertex 4.51784276962 3.38029098511 6.33604812622
    endloop
  endfacet
  facet normal 0 -1 0
    outer loop
      vertex 4.51784276962 3.38029098511 6.33604812622
      vertex 4.50367498398 3.36593198776 6.33604812622
      vertex 4.50367498398 3.38029098511 6.33604812622
    endloop
  endfacet
  facet normal 0 -1 0
    outer loop
      vertex 4.5320110321 3.38029098511 6.33604812622
      vertex 4.51784276962 3.36593198776 6.33604812622
      vertex 4.51784276962 3.38029098511 6.33604812622
    endloop
  endfacet
  facet normal -0 0 1
    outer loop
      vertex 4.4470038414 3.39465093613 6.33604812622
      vertex 4.46117210388 3.39465093613 6.31604814529
      vertex 4.46117210388 3.39465093613 6.33604812622
    endloop
  endfacet
  facet normal -0.63563734293 -0.450248718262 0.627089500427
    outer loop
      vertex 4.47533893585 3.38029098511 6.33604812622
      vertex 4.46117210388 3.39465093613 6.33604812622
      vertex 4.47533893585 3.39465093613 6.31604814529
    endloop
  endfacet
  facet normal 0 0 1
    outer loop
      vertex 4.46117210388 3.39465093613 6.33604812622
      vertex 4.46117210388 3.39465093613 6.31604814529
      vertex 4.47533893585 3.39465093613 6.31604814529
    endloop
  endfacet
  facet normal 0 -0.583232939243 0.812304973602
    outer loop
      vertex 4.48950815201 3.39465093613 6.31604814529
      vertex 4.47533893585 3.38029098511 6.33604812622
      vertex 4.47533893585 3.39465093613 6.31604814529
    endloop
  endfacet
  facet normal 0 -0.583232939243 0.812304973602
    outer loop
      vertex 4.48950815201 3.38029098511 6.33604812622
      vertex 4.47533893585 3.38029098511 6.33604812622
      vertex 4.48950815201 3.39465093613 6.31604814529
    endloop
  endfacet
  facet normal 0 -0.583232939243 0.812304973602
    outer loop
      vertex 4.50367498398 3.39465093613 6.31604814529
      vertex 4.48950815201 3.38029098511 6.33604812622
      vertex 4.48950815201 3.39465093613 6.31604814529
    endloop
  endfacet
  facet normal 0 -0.583232939243 0.812304973602
    outer loop
      vertex 4.50367498398 3.38029098511 6.33604812622
      vertex 4.48950815201 3.38029098511 6.33604812622
      vertex 4.50367498398 3.39465093613 6.31604814529
    endloop
  endfacet
  facet normal 0.635611772537 -0.450260996819 0.62710660696
    outer loop
      vertex 4.50367498398 3.39465093613 6.31604814529
      vertex 4.51784276962 3.39465093613 6.33604812622
      vertex 4.50367498398 3.38029098511 6.33604812622
    endloop
  endfacet
  facet normal 0 -1 0
    outer loop
      vertex 4.51784276962 3.39465093613 6.33604812622
      vertex 4.51784276962 3.38029098511 6.33604812622
      vertex 4.50367498398 3.38029098511 6.33604812622
    endloop
  endfacet
  facet normal -0 -1 -0
    outer loop
      vertex 4.5320110321 3.38029098511 6.33604812622
      vertex 4.51784276962 3.38029098511 6.33604812622
      vertex 4.5320110321 3.39465093613 6.33604812622
    endloop
  endfacet
  facet normal 0 -1 0
    outer loop
      vertex 4.5320110321 3.39465093613 6.33604812622
      vertex 4.51784276962 3.38029098511 6.33604812622
      vertex 4.51784276962 3.39465093613 6.33604812622
    endloop
  endfacet
  facet normal 0 -1 -0
    outer loop
      vertex 4.4470038414 3.39465093613 6.33604812622
      vertex 4.43283700943 3.40901088715 6.33604812622
      vertex 4.4470038414 3.40901088715 6.33604812622
    endloop
  endfacet
  facet normal -0.81599342823 -0.57806122303 -0
    outer loop
      vertex 4.46117210388 3.39465093613 6.31604814529
      vertex 4.4470038414 3.40901088715 6.33604812622
      vertex 4.46117210388 3.40901088715 6.31604814529
    endloop
  endfacet
  facet normal -0.81599342823 -0.57806122303 -0
    outer loop
      vertex 4.4470038414 3.39465093613 6.33604812622
      vertex 4.4470038414 3.40901088715 6.33604812622
      vertex 4.46117210388 3.39465093613 6.31604814529
    endloop
  endfacet
  facet normal 0.63561218977 -0.450261265039 0.627106010914
    outer loop
      vertex 4.50367498398 3.39465093613 6.31604814529
      vertex 4.51784276962 3.40901088715 6.31604814529
      vertex 4.51784276962 3.39465093613 6.33604812622
    endloop
  endfacet
  facet normal 0 -0.58323353529 0.812304496765
    outer loop
      vertex 4.5320110321 3.39465093613 6.33604812622
      vertex 4.51784276962 3.39465093613 6.33604812622
      vertex 4.51784276962 3.40901088715 6.31604814529
    endloop
  endfacet
  facet normal 0.711842179298 0 -0.702339470387
    outer loop
      vertex 4.5320110321 3.39465093613 6.33604812622
      vertex 4.51784276962 3.40901088715 6.31604814529
      vertex 4.51784276962 3.40901088715 6.33604812622
    endloop
  endfacet
  facet normal -0.635620832443 -0.450236946344 0.627114713192
    outer loop
      vertex 4.4470038414 3.42336988449 6.31604814529
      vertex 4.4470038414 3.40901088715 6.33604812622
      vertex 4.43283700943 3.42336988449 6.33604812622
    endloop
  endfacet
  facet normal -0 -1 0
    outer loop
      vertex 4.4470038414 3.40901088715 6.33604812622
      vertex 4.43283700943 3.40901088715 6.33604812622
      vertex 4.43283700943 3.42336988449 6.33604812622
    endloop
  endfacet
  facet normal -0.635582327843 -0.450255423784 0.627140462399
    outer loop
      vertex 4.46117210388 3.40901088715 6.31604814529
      vertex 4.4470038414 3.40901088715 6.33604812622
      vertex 4.4470038414 3.42336988449 6.31604814529
    endloop
  endfacet
  facet normal 0.635582447052 0.45025536418 0.627140343189
    outer loop
      vertex 4.5320110321 3.42336988449 6.31604814529
      vertex 4.51784276962 3.42336988449 6.33604812622
      vertex 4.51784276962 3.40901088715 6.31604814529
    endloop
  endfacet
  facet normal 1 0 -0
    outer loop
      vertex 4.51784276962 3.42336988449 6.33604812622
      vertex 4.51784276962 3.40901088715 6.33604812622
      vertex 4.51784276962 3.40901088715 6.31604814529
    endloop
  endfacet
  facet normal -0.635616540909 -0.450264364481 0.627099394798
    outer loop
      vertex 4.43283700943 3.42336988449 6.33604812622
      vertex 4.41866922379 3.43773007393 6.33604812622
      vertex 4.43283700943 3.43773007393 6.31604814529
    endloop
  endfacet
  facet normal -0.635642170906 -0.450252056122 0.627082228661
    outer loop
      vertex 4.4470038414 3.42336988449 6.31604814529
      vertex 4.43283700943 3.42336988449 6.33604812622
      vertex 4.43283700943 3.43773007393 6.31604814529
    endloop
  endfacet
  facet normal -0 -1 -0
    outer loop
      vertex 4.48950815201 3.45209002495 6.29604816437
      vertex 4.47533893585 3.45209002495 6.29604816437
      vertex 4.48950815201 3.46644902229 6.29604816437
    endloop
  endfacet
  facet normal 0 -1 0
    outer loop
      vertex 4.50367498398 3.45209002495 6.29604816437
      vertex 4.48950815201 3.43773007393 6.29604816437
      vertex 4.48950815201 3.45209002495 6.29604816437
    endloop
  endfacet
  facet normal -1 0 0
    outer loop
      vertex 4.41866922379 3.45209002495 6.31604814529
      vertex 4.41866922379 3.43773007393 6.33604812622
      vertex 4.41866922379 3.45209002495 6.33604812622
    endloop
  endfacet
  facet normal -0.635611772537 -0.450260996819 0.62710660696
    outer loop
      vertex 4.43283700943 3.43773007393 6.31604814529
      vertex 4.41866922379 3.43773007393 6.33604812622
      vertex 4.41866922379 3.45209002495 6.31604814529
    endloop
  endfacet
  facet normal -0 -1 -0
    outer loop
      vertex 4.50367498398 3.43773007393 6.29604816437
      vertex 4.48950815201 3.43773007393 6.29604816437
      vertex 4.50367498398 3.45209002495 6.29604816437
    endloop
  endfacet
  facet normal 0 -1 0
    outer loop
      vertex 4.48950815201 3.45209002495 6.29604816437
      vertex 4.47533893585 3.43773007393 6.29604816437
      vertex 4.47533893585 3.45209002495 6.29604816437
    endloop
  endfacet
  facet normal -1 -0 0
    outer loop
      vertex 4.41866922379 3.45209002495 6.33604812622
      vertex 4.41866922379 3.46644902229 6.31604814529
      vertex 4.41866922379 3.45209002495 6.31604814529
    endloop
  endfacet
  facet normal 0 0.583208024502 -0.812322854996
    outer loop
      vertex 4.41866922379 3.46644902229 6.31604814529
      vertex 4.43283700943 3.45209002495 6.33604812622
      vertex 4.43283700943 3.46644902229 6.31604814529
    endloop
  endfacet
  facet normal 0 0.583208024502 -0.812322854996
    outer loop
      vertex 4.41866922379 3.45209002495 6.33604812622
      vertex 4.43283700943 3.45209002495 6.33604812622
      vertex 4.41866922379 3.46644902229 6.31604814529
    endloop
  endfacet
  facet normal 0 0.583208024502 -0.812322854996
    outer loop
      vertex 4.43283700943 3.46644902229 6.31604814529
      vertex 4.4470038414 3.45209002495 6.33604812622
      vertex 4.4470038414 3.46644902229 6.31604814529
    endloop
  endfacet
  facet normal 0 0.583208024502 -0.812322854996
    outer loop
      vertex 4.43283700943 3.45209002495 6.33604812622
      vertex 4.4470038414 3.45209002495 6.33604812622
      vertex 4.43283700943 3.46644902229 6.31604814529
    endloop
  endfacet
  facet normal 0 0.583208024502 -0.812322854996
    outer loop
      vertex 4.4470038414 3.46644902229 6.31604814529
      vertex 4.46117210388 3.45209002495 6.33604812622
      vertex 4.46117210388 3.46644902229 6.31604814529
    endloop
  endfacet
  facet normal 0 0.583208024502 -0.812322854996
    outer loop
      vertex 4.4470038414 3.45209002495 6.33604812622
      vertex 4.46117210388 3.45209002495 6.33604812622
      vertex 4.4470038414 3.46644902229 6.31604814529
    endloop
  endfacet
  facet normal -0.635621130466 0.45023727417 -0.62711417675
    outer loop
      vertex 4.46117210388 3.45209002495 6.33604812622
      vertex 4.47533893585 3.46644902229 6.33604812622
      vertex 4.46117210388 3.46644902229 6.31604814529
    endloop
  endfacet
  facet normal -0 -1 -0
    outer loop
      vertex 4.48950815201 3.43773007393 6.29604816437
      vertex 4.47533893585 3.43773007393 6.29604816437
      vertex 4.48950815201 3.45209002495 6.29604816437
    endloop
  endfacet
  facet normal 0.815993487835 -0.578061044216 0
    outer loop
      vertex 4.51784276962 3.50952911377 6.25604820251
      vertex 4.51784276962 3.52388906479 6.25604820251
      vertex 4.5320110321 3.50952911377 6.27604818344
    endloop
  endfacet
  facet normal 0 -0.58323353529 0.812304496765
    outer loop
      vertex 4.48950815201 3.52388906479 6.25604820251
      vertex 4.47533893585 3.50952911377 6.27604818344
      vertex 4.47533893585 3.52388906479 6.25604820251
    endloop
  endfacet
  facet normal -0 -1 0
    outer loop
      vertex 4.47533893585 3.50952911377 6.27604818344
      vertex 4.46117210388 3.50952911377 6.27604818344
      vertex 4.46117210388 3.52388906479 6.27604818344
    endloop
  endfacet
  facet normal -0.635637760162 -0.450249016285 0.627088904381
    outer loop
      vertex 4.47533893585 3.52388906479 6.25604820251
      vertex 4.47533893585 3.50952911377 6.27604818344
      vertex 4.46117210388 3.52388906479 6.27604818344
    endloop
  endfacet
  facet normal 0 -1 -0
    outer loop
      vertex 4.46117210388 3.50952911377 6.27604818344
      vertex 4.4470038414 3.52388906479 6.27604818344
      vertex 4.46117210388 3.52388906479 6.27604818344
    endloop
  endfacet
  facet normal 0 1 0
    outer loop
      vertex 4.46117210388 3.46644902229 6.31604814529
      vertex 4.46117210388 3.48080897331 6.31604814529
      vertex 4.4470038414 3.46644902229 6.31604814529
    endloop
  endfacet
  facet normal 0 1 0
    outer loop
      vertex 4.48950815201 3.48080897331 6.31604814529
      vertex 4.47533893585 3.49516892433 6.31604814529
      vertex 4.47533893585 3.48080897331 6.31604814529
    endloop
  endfacet
  facet normal -0.63563734293 0.450248718262 -0.627089500427
    outer loop
      vertex 4.47533893585 3.46644902229 6.33604812622
      vertex 4.47533893585 3.48080897331 6.31604814529
      vertex 4.46117210388 3.46644902229 6.31604814529
    endloop
  endfacet
  facet normal 0 1 0
    outer loop
      vertex 4.47533893585 3.48080897331 6.31604814529
      vertex 4.46117210388 3.48080897331 6.31604814529
      vertex 4.46117210388 3.46644902229 6.31604814529
    endloop
  endfacet
  facet normal 0.815993487835 -0.578061044216 0
    outer loop
      vertex 4.5320110321 3.50952911377 6.27604818344
      vertex 4.51784276962 3.52388906479 6.25604820251
      vertex 4.5320110321 3.52388906479 6.27604818344
    endloop
  endfacet
  facet normal 0 -1 0
    outer loop
      vertex 4.5320110321 3.50952911377 6.27604818344
      vertex 4.54617786407 3.49516892433 6.27604818344
      vertex 4.5320110321 3.49516892433 6.27604818344
    endloop
  endfacet
  facet normal 0 -1 0
    outer loop
      vertex 4.5320110321 3.50952911377 6.27604818344
      vertex 4.5320110321 3.49516892433 6.27604818344
      vertex 4.51784276962 3.49516892433 6.27604818344
    endloop
  endfacet
  facet normal 0 -1 0
    outer loop
      vertex 4.48950815201 3.50952911377 6.27604818344
      vertex 4.47533893585 3.49516892433 6.27604818344
      vertex 4.47533893585 3.50952911377 6.27604818344
    endloop
  endfacet
  facet normal -0 -1 -0
    outer loop
      vertex 4.48950815201 3.49516892433 6.27604818344
      vertex 4.47533893585 3.49516892433 6.27604818344
      vertex 4.48950815201 3.50952911377 6.27604818344
    endloop
  endfacet
  facet normal 0 -1 0
    outer loop
      vertex 4.47533893585 3.50952911377 6.27604818344
      vertex 4.46117210388 3.49516892433 6.27604818344
      vertex 4.46117210388 3.50952911377 6.27604818344
    endloop
  endfacet
  facet normal -0 -1 -0
    outer loop
      vertex 4.47533893585 3.49516892433 6.27604818344
      vertex 4.46117210388 3.49516892433 6.27604818344
      vertex 4.47533893585 3.50952911377 6.27604818344
    endloop
  endfacet
  facet normal -0.635637760162 -0.450249016285 0.627088904381
    outer loop
      vertex 4.47533893585 3.53824806213 6.23604822159
      vertex 4.46117210388 3.53824806213 6.25604820251
      vertex 4.46117210388 3.55260801315 6.23604822159
    endloop
  endfacet
  facet normal -0 -1 0
    outer loop
      vertex 4.46117210388 3.53824806213 6.25604820251
      vertex 4.4470038414 3.53824806213 6.25604820251
      vertex 4.4470038414 3.55260801315 6.25604820251
    endloop
  endfacet
  facet normal -0.635599315166 -0.450267463923 0.627114593983
    outer loop
      vertex 4.46117210388 3.55260801315 6.23604822159
      vertex 4.46117210388 3.53824806213 6.25604820251
      vertex 4.4470038414 3.55260801315 6.25604820251
    endloop
  endfacet
  facet normal 0.635603368282 -0.450270205736 0.627108514309
    outer loop
      vertex 4.51784276962 3.50952911377 6.25604820251
      vertex 4.5320110321 3.50952911377 6.27604818344
      vertex 4.51784276962 3.49516892433 6.27604818344
    endloop
  endfacet
  facet normal 0 -1 -0
    outer loop
      vertex 4.4470038414 3.53824806213 6.25604820251
      vertex 4.43283700943 3.55260801315 6.25604820251
      vertex 4.4470038414 3.55260801315 6.25604820251
    endloop
  endfacet
  facet normal -0.635620772839 -0.450236976147 0.627114772797
    outer loop
      vertex 4.47533893585 3.52388906479 6.25604820251
      vertex 4.46117210388 3.53824806213 6.25604820251
      vertex 4.47533893585 3.53824806213 6.23604822159
    endloop
  endfacet
  facet normal 0 1 0
    outer loop
      vertex 4.47533893585 3.35157203674 6.396048069
      vertex 4.46117210388 3.36593198776 6.396048069
      vertex 4.46117210388 3.35157203674 6.396048069
    endloop
  endfacet
  facet normal 0 1 0
    outer loop
      vertex 4.46117210388 3.36593198776 6.396048069
      vertex 4.4470038414 3.36593198776 6.396048069
      vertex 4.4470038414 3.35157203674 6.396048069
    endloop
  endfacet
  facet normal 0 1 0
    outer loop
      vertex 4.46117210388 3.35157203674 6.396048069
      vertex 4.46117210388 3.36593198776 6.396048069
      vertex 4.4470038414 3.35157203674 6.396048069
    endloop
  endfacet
  facet normal 0 1 -0
    outer loop
      vertex 4.4470038414 3.36593198776 6.396048069
      vertex 4.43283700943 3.35157203674 6.396048069
      vertex 4.4470038414 3.35157203674 6.396048069
    endloop
  endfacet
  facet normal 0 1 0
    outer loop
      vertex 4.48950815201 3.33721208572 6.396048069
      vertex 4.47533893585 3.35157203674 6.396048069
      vertex 4.47533893585 3.33721208572 6.396048069
    endloop
  endfacet
  facet normal 0 1 0
    outer loop
      vertex 4.47533893585 3.35157203674 6.396048069
      vertex 4.46117210388 3.35157203674 6.396048069
      vertex 4.46117210388 3.33721208572 6.396048069
    endloop
  endfacet
  facet normal 0 1 0
    outer loop
      vertex 4.47533893585 3.33721208572 6.396048069
      vertex 4.47533893585 3.35157203674 6.396048069
      vertex 4.46117210388 3.33721208572 6.396048069
    endloop
  endfacet
  facet normal 0 1 0
    outer loop
      vertex 4.47533893585 3.39465093613 6.37604808807
      vertex 4.46117210388 3.39465093613 6.37604808807
      vertex 4.46117210388 3.38029098511 6.37604808807
    endloop
  endfacet
  facet normal 0 1 0
    outer loop
      vertex 4.47533893585 3.38029098511 6.37604808807
      vertex 4.47533893585 3.39465093613 6.37604808807
      vertex 4.46117210388 3.38029098511 6.37604808807
    endloop
  endfacet
  facet normal 0 1 0
    outer loop
      vertex 4.46117210388 3.39465093613 6.37604808807
      vertex 4.4470038414 3.39465093613 6.37604808807
      vertex 4.4470038414 3.38029098511 6.37604808807
    endloop
  endfacet
  facet normal 0 1 0
    outer loop
      vertex 4.46117210388 3.38029098511 6.37604808807
      vertex 4.46117210388 3.39465093613 6.37604808807
      vertex 4.4470038414 3.38029098511 6.37604808807
    endloop
  endfacet
  facet normal 0 1 0
    outer loop
      vertex 4.4470038414 3.39465093613 6.37604808807
      vertex 4.43283700943 3.39465093613 6.37604808807
      vertex 4.43283700943 3.38029098511 6.37604808807
    endloop
  endfacet
  facet normal 0 1 0
    outer loop
      vertex 4.4470038414 3.38029098511 6.37604808807
      vertex 4.4470038414 3.39465093613 6.37604808807
      vertex 4.43283700943 3.38029098511 6.37604808807
    endloop
  endfacet
  facet normal 0 1 0
    outer loop
      vertex 4.47533893585 3.36593198776 6.37604808807
      vertex 4.47533893585 3.38029098511 6.37604808807
      vertex 4.46117210388 3.38029098511 6.37604808807
    endloop
  endfacet
  facet normal 0.635621130466 0.45023727417 -0.62711417675
    outer loop
      vertex 4.46117210388 3.36593198776 6.396048069
      vertex 4.47533893585 3.36593198776 6.37604808807
      vertex 4.46117210388 3.38029098511 6.37604808807
    endloop
  endfacet
  facet normal 0 0.583208024502 -0.812322854996
    outer loop
      vertex 4.4470038414 3.36593198776 6.396048069
      vertex 4.46117210388 3.36593198776 6.396048069
      vertex 4.4470038414 3.38029098511 6.37604808807
    endloop
  endfacet
  facet normal 0 0.583208024502 -0.812322854996
    outer loop
      vertex 4.4470038414 3.38029098511 6.37604808807
      vertex 4.46117210388 3.36593198776 6.396048069
      vertex 4.46117210388 3.38029098511 6.37604808807
    endloop
  endfacet
  facet normal 0 1 0
    outer loop
      vertex 4.50367498398 3.36593198776 6.37604808807
      vertex 4.48950815201 3.36593198776 6.37604808807
      vertex 4.48950815201 3.35157203674 6.37604808807
    endloop
  endfacet
  facet normal -0.635557413101 -0.450267881155 0.627156794071
    outer loop
      vertex 4.48950815201 3.36593198776 6.33604812622
      vertex 4.47533893585 3.36593198776 6.35604810715
      vertex 4.47533893585 3.38029098511 6.33604812622
    endloop
  endfacet
  facet normal 0.635582864285 0.450255662203 0.627139747143
    outer loop
      vertex 4.5320110321 3.38029098511 6.33604812622
      vertex 4.51784276962 3.38029098511 6.35604810715
      vertex 4.51784276962 3.36593198776 6.33604812622
    endloop
  endfacet
  facet normal 1 0 -0
    outer loop
      vertex 4.51784276962 3.38029098511 6.35604810715
      vertex 4.51784276962 3.36593198776 6.35604810715
      vertex 4.51784276962 3.36593198776 6.33604812622
    endloop
  endfacet
  facet normal 0 1 0
    outer loop
      vertex 4.50367498398 3.35157203674 6.37604808807
      vertex 4.50367498398 3.36593198776 6.37604808807
      vertex 4.48950815201 3.35157203674 6.37604808807
    endloop
  endfacet
  facet normal 0 1 0
    outer loop
      vertex 4.48950815201 3.35157203674 6.37604808807
      vertex 4.48950815201 3.36593198776 6.37604808807
      vertex 4.47533893585 3.36593198776 6.37604808807
    endloop
  endfacet
  facet normal 0.63557356596 0.450279355049 -0.627132177353
    outer loop
      vertex 4.47533893585 3.35157203674 6.396048069
      vertex 4.48950815201 3.35157203674 6.37604808807
      vertex 4.47533893585 3.36593198776 6.37604808807
    endloop
  endfacet
  facet normal 0.63563734293 0.450248718262 -0.627089500427
    outer loop
      vertex 4.47533893585 3.36593198776 6.37604808807
      vertex 4.46117210388 3.36593198776 6.396048069
      vertex 4.47533893585 3.35157203674 6.396048069
    endloop
  endfacet
  facet normal 0 1 0
    outer loop
      vertex 4.51784276962 3.33721208572 6.37604808807
      vertex 4.50367498398 3.35157203674 6.37604808807
      vertex 4.50367498398 3.33721208572 6.37604808807
    endloop
  endfacet
  facet normal 0 1 0
    outer loop
      vertex 4.50367498398 3.33721208572 6.37604808807
      vertex 4.50367498398 3.35157203674 6.37604808807
      vertex 4.48950815201 3.35157203674 6.37604808807
    endloop
  endfacet
  facet normal 0.815993487835 0.578061044216 -0
    outer loop
      vertex 4.5320110321 3.39465093613 6.33604812622
      vertex 4.51784276962 3.38029098511 6.35604810715
      vertex 4.5320110321 3.38029098511 6.33604812622
    endloop
  endfacet
  facet normal 0.815993487835 0.578061044216 -0
    outer loop
      vertex 4.51784276962 3.39465093613 6.35604810715
      vertex 4.51784276962 3.38029098511 6.35604810715
      vertex 4.5320110321 3.39465093613 6.33604812622
    endloop
  endfacet
  facet normal 0.635637700558 0.450249046087 -0.627088963985
    outer loop
      vertex 4.48950815201 3.33721208572 6.396048069
      vertex 4.50367498398 3.33721208572 6.37604808807
      vertex 4.48950815201 3.35157203674 6.37604808807
    endloop
  endfacet
  facet normal 0.635573983192 0.45027962327 -0.627131521702
    outer loop
      vertex 4.48950815201 3.35157203674 6.37604808807
      vertex 4.47533893585 3.35157203674 6.396048069
      vertex 4.48950815201 3.33721208572 6.396048069
    endloop
  endfacet
  facet normal 0 1 0
    outer loop
      vertex 4.4470038414 3.42336988449 6.35604810715
      vertex 4.43283700943 3.42336988449 6.35604810715
      vertex 4.43283700943 3.40901088715 6.35604810715
    endloop
  endfacet
  facet normal 0.63561218977 0.450261265039 -0.627106010914
    outer loop
      vertex 4.51784276962 3.40901088715 6.33604812622
      vertex 4.50367498398 3.40901088715 6.35604810715
      vertex 4.51784276962 3.39465093613 6.35604810715
    endloop
  endfacet
  facet normal 0.635599434376 0.450267404318 -0.627114534378
    outer loop
      vertex 4.5320110321 3.39465093613 6.33604812622
      vertex 4.51784276962 3.40901088715 6.33604812622
      vertex 4.51784276962 3.39465093613 6.35604810715
    endloop
  endfacet
  facet normal -0.81600266695 -0.578048110008 -0
    outer loop
      vertex 4.43283700943 3.40901088715 6.33604812622
      vertex 4.41866922379 3.42336988449 6.35604810715
      vertex 4.43283700943 3.42336988449 6.33604812622
    endloop
  endfacet
  facet normal -0.81600266695 -0.578048110008 -0
    outer loop
      vertex 4.41866922379 3.40901088715 6.35604810715
      vertex 4.41866922379 3.42336988449 6.35604810715
      vertex 4.43283700943 3.40901088715 6.33604812622
    endloop
  endfacet
  facet normal 0.635620713234 0.450237005949 -0.627114772797
    outer loop
      vertex 4.50367498398 3.42336988449 6.33604812622
      vertex 4.48950815201 3.42336988449 6.35604810715
      vertex 4.50367498398 3.40901088715 6.35604810715
    endloop
  endfacet
  facet normal 0.635595202446 0.450249254704 -0.627131819725
    outer loop
      vertex 4.50367498398 3.40901088715 6.35604810715
      vertex 4.51784276962 3.40901088715 6.33604812622
      vertex 4.50367498398 3.42336988449 6.33604812622
    endloop
  endfacet
  facet normal 0 1 0
    outer loop
      vertex 4.51784276962 3.40901088715 6.33604812622
      vertex 4.51784276962 3.42336988449 6.33604812622
      vertex 4.50367498398 3.42336988449 6.33604812622
    endloop
  endfacet
  facet normal -0.635616540909 -0.450264364481 -0.627099394798
    outer loop
      vertex 4.41866922379 3.42336988449 6.35604810715
      vertex 4.43283700943 3.43773007393 6.35604810715
      vertex 4.43283700943 3.42336988449 6.33604812622
    endloop
  endfacet
  facet normal -0.635616540909 0.450264364481 0.627099394798
    outer loop
      vertex 4.41866922379 3.43773007393 6.33604812622
      vertex 4.43283700943 3.42336988449 6.33604812622
      vertex 4.43283700943 3.43773007393 6.35604810715
    endloop
  endfacet
  facet normal 0.635642051697 0.450252085924 -0.627082288265
    outer loop
      vertex 4.47533893585 3.43773007393 6.33604812622
      vertex 4.46117210388 3.43773007393 6.35604810715
      vertex 4.47533893585 3.42336988449 6.35604810715
    endloop
  endfacet
  facet normal 0 0.583240270615 -0.812299728394
    outer loop
      vertex 4.47533893585 3.43773007393 6.33604812622
      vertex 4.48950815201 3.42336988449 6.35604810715
      vertex 4.48950815201 3.43773007393 6.33604812622
    endloop
  endfacet
  facet normal 0 0.583240270615 -0.812299728394
    outer loop
      vertex 4.47533893585 3.42336988449 6.35604810715
      vertex 4.48950815201 3.42336988449 6.35604810715
      vertex 4.47533893585 3.43773007393 6.33604812622
    endloop
  endfacet
  facet normal 0.635641992092 0.450252115726 -0.62708234787
    outer loop
      vertex 4.48950815201 3.42336988449 6.35604810715
      vertex 4.50367498398 3.42336988449 6.33604812622
      vertex 4.48950815201 3.43773007393 6.33604812622
    endloop
  endfacet
  facet normal 0 -0.583239614964 0.812300145626
    outer loop
      vertex 4.51784276962 3.49516892433 6.27604818344
      vertex 4.50367498398 3.49516892433 6.27604818344
      vertex 4.51784276962 3.50952911377 6.25604820251
    endloop
  endfacet
  facet normal 0 -1 0
    outer loop
      vertex 4.54617786407 3.49516892433 6.27604818344
      vertex 4.5320110321 3.48080897331 6.27604818344
      vertex 4.5320110321 3.49516892433 6.27604818344
    endloop
  endfacet
  facet normal -0.635611772537 0.450260996819 -0.62710660696
    outer loop
      vertex 4.43283700943 3.43773007393 6.35604810715
      vertex 4.43283700943 3.45209002495 6.33604812622
      vertex 4.41866922379 3.43773007393 6.33604812622
    endloop
  endfacet
  facet normal 0 1 0
    outer loop
      vertex 4.43283700943 3.45209002495 6.33604812622
      vertex 4.41866922379 3.45209002495 6.33604812622
      vertex 4.41866922379 3.43773007393 6.33604812622
    endloop
  endfacet
  facet normal 0 0.583232939243 -0.812304973602
    outer loop
      vertex 4.43283700943 3.45209002495 6.33604812622
      vertex 4.4470038414 3.43773007393 6.35604810715
      vertex 4.4470038414 3.45209002495 6.33604812622
    endloop
  endfacet
  facet normal 0 0.583232939243 -0.812304973602
    outer loop
      vertex 4.43283700943 3.43773007393 6.35604810715
      vertex 4.4470038414 3.43773007393 6.35604810715
      vertex 4.43283700943 3.45209002495 6.33604812622
    endloop
  endfacet
  facet normal 0 0.583232939243 -0.812304973602
    outer loop
      vertex 4.4470038414 3.45209002495 6.33604812622
      vertex 4.46117210388 3.43773007393 6.35604810715
      vertex 4.46117210388 3.45209002495 6.33604812622
    endloop
  endfacet
  facet normal 0 0.583232939243 -0.812304973602
    outer loop
      vertex 4.4470038414 3.43773007393 6.35604810715
      vertex 4.46117210388 3.43773007393 6.35604810715
      vertex 4.4470038414 3.45209002495 6.33604812622
    endloop
  endfacet
  facet normal 0.63563734293 0.450248718262 -0.627089500427
    outer loop
      vertex 4.46117210388 3.43773007393 6.35604810715
      vertex 4.47533893585 3.43773007393 6.33604812622
      vertex 4.46117210388 3.45209002495 6.33604812622
    endloop
  endfacet
  facet normal 0 1 0
    outer loop
      vertex 4.47533893585 3.43773007393 6.33604812622
      vertex 4.47533893585 3.45209002495 6.33604812622
      vertex 4.46117210388 3.45209002495 6.33604812622
    endloop
  endfacet
  facet normal 0 1 0
    outer loop
      vertex 4.48950815201 3.43773007393 6.33604812622
      vertex 4.48950815201 3.45209002495 6.33604812622
      vertex 4.47533893585 3.43773007393 6.33604812622
    endloop
  endfacet
  facet normal 0 1 0
    outer loop
      vertex 4.48950815201 3.45209002495 6.33604812622
      vertex 4.47533893585 3.45209002495 6.33604812622
      vertex 4.47533893585 3.43773007393 6.33604812622
    endloop
  endfacet
  facet normal 0 -1 0
    outer loop
      vertex 4.5320110321 3.49516892433 6.27604818344
      vertex 4.51784276962 3.48080897331 6.27604818344
      vertex 4.51784276962 3.49516892433 6.27604818344
    endloop
  endfacet
  facet normal -0 -1 -0
    outer loop
      vertex 4.5320110321 3.48080897331 6.27604818344
      vertex 4.51784276962 3.48080897331 6.27604818344
      vertex 4.5320110321 3.49516892433 6.27604818344
    endloop
  endfacet
  facet normal 0 1 -0
    outer loop
      vertex 4.47533893585 3.46644902229 6.33604812622
      vertex 4.46117210388 3.45209002495 6.33604812622
      vertex 4.47533893585 3.45209002495 6.33604812622
    endloop
  endfacet
  facet normal 0 -1 0
    outer loop
      vertex 4.51784276962 3.49516892433 6.27604818344
      vertex 4.50367498398 3.48080897331 6.27604818344
      vertex 4.50367498398 3.49516892433 6.27604818344
    endloop
  endfacet
  facet normal -0 -1 -0
    outer loop
      vertex 4.51784276962 3.48080897331 6.27604818344
      vertex 4.50367498398 3.48080897331 6.27604818344
      vertex 4.51784276962 3.49516892433 6.27604818344
    endloop
  endfacet
  facet normal 0 -1 -0
    outer loop
      vertex 4.50367498398 3.48080897331 6.27604818344
      vertex 4.48950815201 3.49516892433 6.27604818344
      vertex 4.50367498398 3.49516892433 6.27604818344
    endloop
  endfacet
  facet normal 0 1 0
    outer loop
      vertex 4.4470038414 3.40901088715 6.35604810715
      vertex 4.4470038414 3.42336988449 6.35604810715
      vertex 4.43283700943 3.40901088715 6.35604810715
    endloop
  endfacet
  facet normal 0 1 0
    outer loop
      vertex 4.43283700943 3.40901088715 6.35604810715
      vertex 4.43283700943 3.42336988449 6.35604810715
      vertex 4.41866922379 3.40901088715 6.35604810715
    endloop
  endfacet
  facet normal 0 0.58323353529 -0.812304496765
    outer loop
      vertex 4.46117210388 3.39465093613 6.37604808807
      vertex 4.47533893585 3.39465093613 6.37604808807
      vertex 4.46117210388 3.40901088715 6.35604810715
    endloop
  endfacet
  facet normal 0 0.58323353529 -0.812304496765
    outer loop
      vertex 4.4470038414 3.39465093613 6.37604808807
      vertex 4.46117210388 3.39465093613 6.37604808807
      vertex 4.4470038414 3.40901088715 6.35604810715
    endloop
  endfacet
  facet normal 0 0.58323353529 -0.812304496765
    outer loop
      vertex 4.4470038414 3.40901088715 6.35604810715
      vertex 4.46117210388 3.39465093613 6.37604808807
      vertex 4.46117210388 3.40901088715 6.35604810715
    endloop
  endfacet
  facet normal 0 0.58323353529 -0.812304496765
    outer loop
      vertex 4.43283700943 3.39465093613 6.37604808807
      vertex 4.4470038414 3.39465093613 6.37604808807
      vertex 4.43283700943 3.40901088715 6.35604810715
    endloop
  endfacet
  facet normal 0 0.58323353529 -0.812304496765
    outer loop
      vertex 4.43283700943 3.40901088715 6.35604810715
      vertex 4.4470038414 3.39465093613 6.37604808807
      vertex 4.4470038414 3.40901088715 6.35604810715
    endloop
  endfacet
  facet normal 0 1 0
    outer loop
      vertex 4.43283700943 3.40901088715 6.35604810715
      vertex 4.41866922379 3.40901088715 6.35604810715
      vertex 4.41866922379 3.39465093613 6.35604810715
    endloop
  endfacet
  facet normal -0.63561218977 0.450261265039 -0.627106010914
    outer loop
      vertex 4.43283700943 3.39465093613 6.37604808807
      vertex 4.43283700943 3.40901088715 6.35604810715
      vertex 4.41866922379 3.39465093613 6.35604810715
    endloop
  endfacet
  facet normal -0.635611772537 0.450260996819 0.62710660696
    outer loop
      vertex 4.41866922379 3.39465093613 6.35604810715
      vertex 4.43283700943 3.38029098511 6.35604810715
      vertex 4.43283700943 3.39465093613 6.37604808807
    endloop
  endfacet
  facet normal 0.81600266695 0.578048110008 -0
    outer loop
      vertex 4.50367498398 3.36593198776 6.37604808807
      vertex 4.50367498398 3.35157203674 6.37604808807
      vertex 4.51784276962 3.36593198776 6.35604810715
    endloop
  endfacet
  facet normal 0.81600266695 0.578048110008 -0
    outer loop
      vertex 4.51784276962 3.36593198776 6.35604810715
      vertex 4.50367498398 3.35157203674 6.37604808807
      vertex 4.51784276962 3.35157203674 6.35604810715
    endloop
  endfacet
  facet normal -0.63563734293 -0.450248718262 0.627089500427
    outer loop
      vertex 4.47533893585 3.35157203674 6.35604810715
      vertex 4.46117210388 3.35157203674 6.37604808807
      vertex 4.46117210388 3.36593198776 6.35604810715
    endloop
  endfacet
  facet normal 0.635621070862 0.450237303972 -0.62711417675
    outer loop
      vertex 4.50367498398 3.38029098511 6.35604810715
      vertex 4.48950815201 3.38029098511 6.37604808807
      vertex 4.50367498398 3.36593198776 6.37604808807
    endloop
  endfacet
  facet normal 0.635595619678 0.450249522924 -0.627131223679
    outer loop
      vertex 4.50367498398 3.36593198776 6.37604808807
      vertex 4.51784276962 3.36593198776 6.35604810715
      vertex 4.50367498398 3.38029098511 6.35604810715
    endloop
  endfacet
  facet normal 0 1 0
    outer loop
      vertex 4.51784276962 3.36593198776 6.35604810715
      vertex 4.51784276962 3.38029098511 6.35604810715
      vertex 4.50367498398 3.38029098511 6.35604810715
    endloop
  endfacet
  facet normal 0 -0.583232939243 0.812304973602
    outer loop
      vertex 4.46117210388 3.35157203674 6.37604808807
      vertex 4.4470038414 3.35157203674 6.37604808807
      vertex 4.46117210388 3.36593198776 6.35604810715
    endloop
  endfacet
  facet normal 0.63557356596 0.450279355049 -0.627132177353
    outer loop
      vertex 4.48950815201 3.39465093613 6.35604810715
      vertex 4.47533893585 3.39465093613 6.37604808807
      vertex 4.48950815201 3.38029098511 6.37604808807
    endloop
  endfacet
  facet normal 0.635637283325 0.450248748064 -0.627089560032
    outer loop
      vertex 4.48950815201 3.38029098511 6.37604808807
      vertex 4.50367498398 3.38029098511 6.35604810715
      vertex 4.48950815201 3.39465093613 6.35604810715
    endloop
  endfacet
  facet normal 0 1 0
    outer loop
      vertex 4.50367498398 3.38029098511 6.35604810715
      vertex 4.50367498398 3.39465093613 6.35604810715
      vertex 4.48950815201 3.39465093613 6.35604810715
    endloop
  endfacet
  facet normal 0 1 0
    outer loop
      vertex 4.51784276962 3.38029098511 6.35604810715
      vertex 4.51784276962 3.39465093613 6.35604810715
      vertex 4.50367498398 3.38029098511 6.35604810715
    endloop
  endfacet
  facet normal 0 1 0
    outer loop
      vertex 4.51784276962 3.39465093613 6.35604810715
      vertex 4.50367498398 3.39465093613 6.35604810715
      vertex 4.50367498398 3.38029098511 6.35604810715
    endloop
  endfacet
  facet normal 0 -0.583232939243 0.812304973602
    outer loop
      vertex 4.46117210388 3.36593198776 6.35604810715
      vertex 4.4470038414 3.35157203674 6.37604808807
      vertex 4.4470038414 3.36593198776 6.35604810715
    endloop
  endfacet
  facet normal 1 0 0
    outer loop
      vertex 4.51784276962 3.35157203674 6.35604810715
      vertex 4.51784276962 3.33721208572 6.37604808807
      vertex 4.51784276962 3.33721208572 6.35604810715
    endloop
  endfacet
  facet normal 0.63561218977 0.450261265039 -0.627106010914
    outer loop
      vertex 4.51784276962 3.35157203674 6.35604810715
      vertex 4.50367498398 3.35157203674 6.37604808807
      vertex 4.51784276962 3.33721208572 6.37604808807
    endloop
  endfacet
  facet normal -0.635573983192 -0.45027962327 0.627131521702
    outer loop
      vertex 4.48950815201 3.33721208572 6.35604810715
      vertex 4.47533893585 3.33721208572 6.37604808807
      vertex 4.47533893585 3.35157203674 6.35604810715
    endloop
  endfacet
  facet normal -0 -1 0
    outer loop
      vertex 4.47533893585 3.33721208572 6.37604808807
      vertex 4.46117210388 3.33721208572 6.37604808807
      vertex 4.46117210388 3.35157203674 6.37604808807
    endloop
  endfacet
  facet normal -0.635637760162 -0.450249016285 0.627088904381
    outer loop
      vertex 4.47533893585 3.35157203674 6.35604810715
      vertex 4.47533893585 3.33721208572 6.37604808807
      vertex 4.46117210388 3.35157203674 6.37604808807
    endloop
  endfacet
  facet normal 0 0.58323353529 -0.812304496765
    outer loop
      vertex 4.46117210388 3.40901088715 6.35604810715
      vertex 4.47533893585 3.39465093613 6.37604808807
      vertex 4.47533893585 3.40901088715 6.35604810715
    endloop
  endfacet
  facet normal 0 -1 0
    outer loop
      vertex 4.46117210388 3.35157203674 6.37604808807
      vertex 4.4470038414 3.33721208572 6.37604808807
      vertex 4.4470038414 3.35157203674 6.37604808807
    endloop
  endfacet
  facet normal 0.635573983192 0.45027962327 -0.627131521702
    outer loop
      vertex 4.47533893585 3.39465093613 6.37604808807
      vertex 4.48950815201 3.39465093613 6.35604810715
      vertex 4.47533893585 3.40901088715 6.35604810715
    endloop
  endfacet
  facet normal 0 1 0
    outer loop
      vertex 4.48950815201 3.39465093613 6.35604810715
      vertex 4.48950815201 3.40901088715 6.35604810715
      vertex 4.47533893585 3.40901088715 6.35604810715
    endloop
  endfacet
  facet normal 0 1 0
    outer loop
      vertex 4.50367498398 3.39465093613 6.35604810715
      vertex 4.50367498398 3.40901088715 6.35604810715
      vertex 4.48950815201 3.39465093613 6.35604810715
    endloop
  endfacet
  facet normal 0 1 0
    outer loop
      vertex 4.50367498398 3.40901088715 6.35604810715
      vertex 4.48950815201 3.40901088715 6.35604810715
      vertex 4.48950815201 3.39465093613 6.35604810715
    endloop
  endfacet
  facet normal 0 1 0
    outer loop
      vertex 4.51784276962 3.39465093613 6.35604810715
      vertex 4.50367498398 3.40901088715 6.35604810715
      vertex 4.50367498398 3.39465093613 6.35604810715
    endloop
  endfacet
  facet normal -0 -1 -0
    outer loop
      vertex 4.46117210388 3.33721208572 6.37604808807
      vertex 4.4470038414 3.33721208572 6.37604808807
      vertex 4.46117210388 3.35157203674 6.37604808807
    endloop
  endfacet
  facet normal 0 1 0
    outer loop
      vertex 4.43283700943 3.42336988449 6.35604810715
      vertex 4.41866922379 3.42336988449 6.35604810715
      vertex 4.41866922379 3.40901088715 6.35604810715
    endloop
  endfacet
  facet normal 0 0 1
    outer loop
      vertex 4.50367498398 3.33721208572 6.35604810715
      vertex 4.51784276962 3.33721208572 6.35604810715
      vertex 4.51784276962 3.33721208572 6.37604808807
    endloop
  endfacet
  facet normal -0.635637819767 -0.450248986483 0.627088844776
    outer loop
      vertex 4.4470038414 3.39465093613 6.33604812622
      vertex 4.43283700943 3.39465093613 6.35604810715
      vertex 4.43283700943 3.40901088715 6.33604812622
    endloop
  endfacet
  facet normal 0 1 0
    outer loop
      vertex 4.46117210388 3.40901088715 6.35604810715
      vertex 4.46117210388 3.42336988449 6.35604810715
      vertex 4.4470038414 3.40901088715 6.35604810715
    endloop
  endfacet
  facet normal 0 1 0
    outer loop
      vertex 4.46117210388 3.42336988449 6.35604810715
      vertex 4.4470038414 3.42336988449 6.35604810715
      vertex 4.4470038414 3.40901088715 6.35604810715
    endloop
  endfacet
  facet normal 0 1 0
    outer loop
      vertex 4.47533893585 3.40901088715 6.35604810715
      vertex 4.47533893585 3.42336988449 6.35604810715
      vertex 4.46117210388 3.40901088715 6.35604810715
    endloop
  endfacet
  facet normal 0 1 0
    outer loop
      vertex 4.47533893585 3.42336988449 6.35604810715
      vertex 4.46117210388 3.42336988449 6.35604810715
      vertex 4.46117210388 3.40901088715 6.35604810715
    endloop
  endfacet
  facet normal 0 1 0
    outer loop
      vertex 4.48950815201 3.40901088715 6.35604810715
      vertex 4.48950815201 3.42336988449 6.35604810715
      vertex 4.47533893585 3.40901088715 6.35604810715
    endloop
  endfacet
  facet normal 0 1 0
    outer loop
      vertex 4.48950815201 3.42336988449 6.35604810715
      vertex 4.47533893585 3.42336988449 6.35604810715
      vertex 4.47533893585 3.40901088715 6.35604810715
    endloop
  endfacet
  facet normal 0 1 0
    outer loop
      vertex 4.50367498398 3.40901088715 6.35604810715
      vertex 4.48950815201 3.42336988449 6.35604810715
      vertex 4.48950815201 3.40901088715 6.35604810715
    endloop
  endfacet
  facet normal 0 1 -0
    outer loop
      vertex 4.43283700943 3.43773007393 6.35604810715
      vertex 4.41866922379 3.42336988449 6.35604810715
      vertex 4.43283700943 3.42336988449 6.35604810715
    endloop
  endfacet
  facet normal 0 1 0
    outer loop
      vertex 4.4470038414 3.42336988449 6.35604810715
      vertex 4.4470038414 3.43773007393 6.35604810715
      vertex 4.43283700943 3.42336988449 6.35604810715
    endloop
  endfacet
  facet normal 0 1 0
    outer loop
      vertex 4.4470038414 3.43773007393 6.35604810715
      vertex 4.43283700943 3.43773007393 6.35604810715
      vertex 4.43283700943 3.42336988449 6.35604810715
    endloop
  endfacet
  facet normal 0 1 0
    outer loop
      vertex 4.46117210388 3.42336988449 6.35604810715
      vertex 4.46117210388 3.43773007393 6.35604810715
      vertex 4.4470038414 3.42336988449 6.35604810715
    endloop
  endfacet
  facet normal 0 1 0
    outer loop
      vertex 4.46117210388 3.43773007393 6.35604810715
      vertex 4.4470038414 3.43773007393 6.35604810715
      vertex 4.4470038414 3.42336988449 6.35604810715
    endloop
  endfacet
  facet normal 0 1 0
    outer loop
      vertex 4.47533893585 3.42336988449 6.35604810715
      vertex 4.46117210388 3.43773007393 6.35604810715
      vertex 4.46117210388 3.42336988449 6.35604810715
    endloop
  endfacet
  facet normal -0 -1 0
    outer loop
      vertex 4.43283700943 3.39465093613 6.35604810715
      vertex 4.41866922379 3.39465093613 6.35604810715
      vertex 4.41866922379 3.40901088715 6.35604810715
    endloop
  endfacet
  facet normal -0.63561218977 -0.450261265039 0.627106010914
    outer loop
      vertex 4.43283700943 3.40901088715 6.33604812622
      vertex 4.43283700943 3.39465093613 6.35604810715
      vertex 4.41866922379 3.40901088715 6.35604810715
    endloop
  endfacet
  facet normal -0.63563734293 -0.450248718262 0.627089500427
    outer loop
      vertex 4.47533893585 3.38029098511 6.33604812622
      vertex 4.46117210388 3.38029098511 6.35604810715
      vertex 4.46117210388 3.39465093613 6.33604812622
    endloop
  endfacet
  facet normal 0 -0.583232939243 0.812304973602
    outer loop
      vertex 4.46117210388 3.38029098511 6.35604810715
      vertex 4.4470038414 3.38029098511 6.35604810715
      vertex 4.46117210388 3.39465093613 6.33604812622
    endloop
  endfacet
  facet normal 0 -0.583232939243 0.812304973602
    outer loop
      vertex 4.46117210388 3.39465093613 6.33604812622
      vertex 4.4470038414 3.38029098511 6.35604810715
      vertex 4.4470038414 3.39465093613 6.33604812622
    endloop
  endfacet
  facet normal -0 -1 0
    outer loop
      vertex 4.4470038414 3.38029098511 6.35604810715
      vertex 4.43283700943 3.38029098511 6.35604810715
      vertex 4.43283700943 3.39465093613 6.35604810715
    endloop
  endfacet
  facet normal -0.635637402534 -0.450248688459 0.627089440823
    outer loop
      vertex 4.4470038414 3.39465093613 6.33604812622
      vertex 4.4470038414 3.38029098511 6.35604810715
      vertex 4.43283700943 3.39465093613 6.35604810715
    endloop
  endfacet
  facet normal 0 -1 -0
    outer loop
      vertex 4.43283700943 3.38029098511 6.35604810715
      vertex 4.41866922379 3.39465093613 6.35604810715
      vertex 4.43283700943 3.39465093613 6.35604810715
    endloop
  endfacet
  facet normal -0 -1 0
    outer loop
      vertex 4.47533893585 3.36593198776 6.35604810715
      vertex 4.46117210388 3.36593198776 6.35604810715
      vertex 4.46117210388 3.38029098511 6.35604810715
    endloop
  endfacet
  facet normal -0.635621130466 -0.45023727417 0.62711417675
    outer loop
      vertex 4.47533893585 3.38029098511 6.33604812622
      vertex 4.47533893585 3.36593198776 6.35604810715
      vertex 4.46117210388 3.38029098511 6.35604810715
    endloop
  endfacet
  facet normal 0 -1 0
    outer loop
      vertex 4.46117210388 3.38029098511 6.35604810715
      vertex 4.4470038414 3.36593198776 6.35604810715
      vertex 4.4470038414 3.38029098511 6.35604810715
    endloop
  endfacet
  facet normal -0 -1 -0
    outer loop
      vertex 4.46117210388 3.36593198776 6.35604810715
      vertex 4.4470038414 3.36593198776 6.35604810715
      vertex 4.46117210388 3.38029098511 6.35604810715
    endloop
  endfacet
  facet normal 0 -1 -0
    outer loop
      vertex 4.4470038414 3.36593198776 6.35604810715
      vertex 4.43283700943 3.38029098511 6.35604810715
      vertex 4.4470038414 3.38029098511 6.35604810715
    endloop
  endfacet
  facet normal 0 1 0
    outer loop
      vertex 4.48950815201 3.36593198776 6.37604808807
      vertex 4.48950815201 3.38029098511 6.37604808807
      vertex 4.47533893585 3.36593198776 6.37604808807
    endloop
  endfacet
  facet normal 0 1 0
    outer loop
      vertex 4.48950815201 3.38029098511 6.37604808807
      vertex 4.47533893585 3.38029098511 6.37604808807
      vertex 4.47533893585 3.36593198776 6.37604808807
    endloop
  endfacet
  facet normal 0 1 0
    outer loop
      vertex 4.50367498398 3.36593198776 6.37604808807
      vertex 4.48950815201 3.38029098511 6.37604808807
      vertex 4.48950815201 3.36593198776 6.37604808807
    endloop
  endfacet
  facet normal 1 0 0
    outer loop
      vertex 4.51784276962 3.35157203674 6.35604810715
      vertex 4.51784276962 3.36593198776 6.33604812622
      vertex 4.51784276962 3.36593198776 6.35604810715
    endloop
  endfacet
  facet normal 0 -0.583232939243 0.812304973602
    outer loop
      vertex 4.51784276962 3.35157203674 6.35604810715
      vertex 4.50367498398 3.35157203674 6.35604810715
      vertex 4.51784276962 3.36593198776 6.33604812622
    endloop
  endfacet
  facet normal 0 -0.583232939243 0.812304973602
    outer loop
      vertex 4.51784276962 3.36593198776 6.33604812622
      vertex 4.50367498398 3.35157203674 6.35604810715
      vertex 4.50367498398 3.36593198776 6.33604812622
    endloop
  endfacet
  facet normal 0 -0.583232939243 0.812304973602
    outer loop
      vertex 4.50367498398 3.35157203674 6.35604810715
      vertex 4.48950815201 3.35157203674 6.35604810715
      vertex 4.50367498398 3.36593198776 6.33604812622
    endloop
  endfacet
  facet normal 0 -0.583232939243 0.812304973602
    outer loop
      vertex 4.50367498398 3.36593198776 6.33604812622
      vertex 4.48950815201 3.35157203674 6.35604810715
      vertex 4.48950815201 3.36593198776 6.33604812622
    endloop
  endfacet
  facet normal -0 -1 0
    outer loop
      vertex 4.48950815201 3.35157203674 6.35604810715
      vertex 4.47533893585 3.35157203674 6.35604810715
      vertex 4.47533893585 3.36593198776 6.35604810715
    endloop
  endfacet
  facet normal 0 1 0
    outer loop
      vertex 4.48950815201 3.38029098511 6.37604808807
      vertex 4.47533893585 3.39465093613 6.37604808807
      vertex 4.47533893585 3.38029098511 6.37604808807
    endloop
  endfacet
  facet normal 0 0.5832452178 0.812296152115
    outer loop
      vertex 4.45712423325 3.34336590767 6.38461923599
      vertex 4.46117210388 3.35157203674 6.396048069
      vertex 4.4470038414 3.35157203674 6.396048069
    endloop
  endfacet
  facet normal -0.700419008732 0.178523302078 0.69104462862
    outer loop
      vertex 4.4470038414 3.36593198776 6.35604810715
      vertex 4.44109296799 3.37479805946 6.36717700958
      vertex 4.43283700943 3.38029098511 6.35604810715
    endloop
  endfacet
  facet normal -0.553929328918 0 0.832563698292
    outer loop
      vertex 4.44109296799 3.37479805946 6.36717700958
      vertex 4.43283700943 3.38029098511 6.37604808807
      vertex 4.43283700943 3.38029098511 6.35604810715
    endloop
  endfacet
  facet normal -0.999784588814 -3.53561436992e-18 0.0207537841052
    outer loop
      vertex 4.44676017761 3.36331009865 6.3831782341
      vertex 4.4470038414 3.35157203674 6.37604808807
      vertex 4.4470038414 3.35157203674 6.396048069
    endloop
  endfacet
  facet normal -0.996055543423 0.0651434734464 0.0602470599115
    outer loop
      vertex 4.4470038414 3.35157203674 6.37604808807
      vertex 4.44676017761 3.36331009865 6.3831782341
      vertex 4.44577503204 3.36718297005 6.37169694901
    endloop
  endfacet
  facet normal -0.64628213644 0.763098537922 0
    outer loop
      vertex 4.45712423325 3.34336590767 6.38461923599
      vertex 4.4470038414 3.35157203674 6.37604808807
      vertex 4.4470038414 3.33721208572 6.37604808807
    endloop
  endfacet
  facet normal -0.992780745029 0.104839786887 -0.0582669898868
    outer loop
      vertex 4.44577503204 3.36718297005 6.37169694901
      vertex 4.44676017761 3.36331009865 6.3831782341
      vertex 4.4470038414 3.38029098511 6.37604808807
    endloop
  endfacet
  facet normal -0.999680399895 0.0147432181984 -0.0205351300538
    outer loop
      vertex 4.4470038414 3.36593198776 6.396048069
      vertex 4.4470038414 3.38029098511 6.37604808807
      vertex 4.44676017761 3.36331009865 6.3831782341
    endloop
  endfacet
  facet normal 0 -0 1
    outer loop
      vertex 4.48950815201 3.33721208572 6.35604810715
      vertex 4.4918680191 3.33721208572 6.36938095093
      vertex 4.47533893585 3.33721208572 6.37604808807
    endloop
  endfacet
  facet normal 0 0 1
    outer loop
      vertex 4.48950815201 3.33721208572 6.396048069
      vertex 4.48714590073 3.33721208572 6.38271522522
      vertex 4.50367498398 3.33721208572 6.37604808807
    endloop
  endfacet
  facet normal -0 0 1
    outer loop
      vertex 4.47533893585 3.33721208572 6.396048069
      vertex 4.48714590073 3.33721208572 6.38271522522
      vertex 4.48950815201 3.33721208572 6.396048069
    endloop
  endfacet
  facet normal 0 0 1
    outer loop
      vertex 4.51784276962 3.33721208572 6.37604808807
      vertex 4.50367498398 3.33721208572 6.37604808807
      vertex 4.50367498398 3.33721208572 6.35604810715
    endloop
  endfacet
  facet normal -0.942623078823 0.333858907223 0
    outer loop
      vertex 4.46117210388 3.35157203674 6.396048069
      vertex 4.45712423325 3.34336590767 6.38461923599
      vertex 4.46117210388 3.33721208572 6.396048069
    endloop
  endfacet
  facet normal -0.629820942879 0 0.776740372181
    outer loop
      vertex 4.45712423325 3.34336590767 6.38461923599
      vertex 4.4470038414 3.35157203674 6.396048069
      vertex 4.4470038414 3.35157203674 6.37604808807
    endloop
  endfacet
  facet normal -0.787642359734 0.603040575981 0.126339226961
    outer loop
      vertex 4.44577503204 3.36718297005 6.37169694901
      vertex 4.4470038414 3.38029098511 6.37604808807
      vertex 4.44109296799 3.37479805946 6.36717700958
    endloop
  endfacet
  facet normal 0 -0.67387264967 0.738847494125
    outer loop
      vertex 4.4470038414 3.35157203674 6.396048069
      vertex 4.43283700943 3.35157203674 6.396048069
      vertex 4.44676017761 3.36331009865 6.3831782341
    endloop
  endfacet
  facet normal -0 0 1
    outer loop
      vertex 4.4918680191 3.33721208572 6.36938095093
      vertex 4.50367498398 3.33721208572 6.35604810715
      vertex 4.50367498398 3.33721208572 6.37604808807
    endloop
  endfacet
  facet normal -0.430503070354 -0.304943472147 0.849515497684
    outer loop
      vertex 4.47533893585 3.33721208572 6.37604808807
      vertex 4.46117210388 3.33721208572 6.396048069
      vertex 4.45712423325 3.34336590767 6.38461923599
    endloop
  endfacet
  facet normal -0.992741465569 -0.0701441541314 0.0976941436529
    outer loop
      vertex 4.4470038414 3.35157203674 6.37604808807
      vertex 4.44577503204 3.36718297005 6.37169694901
      vertex 4.4470038414 3.36593198776 6.35604810715
    endloop
  endfacet
  facet normal 0 0 1
    outer loop
      vertex 4.48950815201 3.33721208572 6.35604810715
      vertex 4.50367498398 3.33721208572 6.35604810715
      vertex 4.4918680191 3.33721208572 6.36938095093
    endloop
  endfacet
  facet normal -1 0 0
    outer loop
      vertex 4.43283700943 3.39465093613 6.37604808807
      vertex 4.43283700943 3.38029098511 6.35604810715
      vertex 4.43283700943 3.38029098511 6.37604808807
    endloop
  endfacet
  facet normal 0 -0 1
    outer loop
      vertex 4.4918680191 3.33721208572 6.36938095093
      vertex 4.50367498398 3.33721208572 6.37604808807
      vertex 4.48714590073 3.33721208572 6.38271522522
    endloop
  endfacet
  facet normal 0 0 1
    outer loop
      vertex 4.47533893585 3.33721208572 6.396048069
      vertex 4.47533893585 3.33721208572 6.37604808807
      vertex 4.48714590073 3.33721208572 6.38271522522
    endloop
  endfacet
  facet normal 0 0.583218038082 0.812315642834
    outer loop
      vertex 4.45712423325 3.34336590767 6.38461923599
      vertex 4.4470038414 3.33721208572 6.37604808807
      vertex 4.46117210388 3.33721208572 6.37604808807
    endloop
  endfacet
  facet normal 0 0 1
    outer loop
      vertex 4.48714590073 3.33721208572 6.38271522522
      vertex 4.47533893585 3.33721208572 6.37604808807
      vertex 4.4918680191 3.33721208572 6.36938095093
    endloop
  endfacet
  facet normal -0.845287024975 -0.0237034223974 0.533786416054
    outer loop
      vertex 4.4470038414 3.36593198776 6.35604810715
      vertex 4.44577503204 3.36718297005 6.37169694901
      vertex 4.44109296799 3.37479805946 6.36717700958
    endloop
  endfacet
  facet normal -0.705973207951 -0.128523230553 -0.696479439735
    outer loop
      vertex 4.4470038414 3.36593198776 6.396048069
      vertex 4.44676017761 3.36331009865 6.3831782341
      vertex 4.43283700943 3.35157203674 6.396048069
    endloop
  endfacet
  facet normal 0 0.583218038082 0.812315642834
    outer loop
      vertex 4.47533893585 3.33721208572 6.37604808807
      vertex 4.45712423325 3.34336590767 6.38461923599
      vertex 4.46117210388 3.33721208572 6.37604808807
    endloop
  endfacet
  facet normal -0 0 1
    outer loop
      vertex 4.46117210388 3.33721208572 6.396048069
      vertex 4.47533893585 3.33721208572 6.37604808807
      vertex 4.47533893585 3.33721208572 6.396048069
    endloop
  endfacet
  facet normal -0 0.526445090771 0.850209116936
    outer loop
      vertex 4.43283700943 3.38029098511 6.37604808807
      vertex 4.44109296799 3.37479805946 6.36717700958
      vertex 4.4470038414 3.38029098511 6.37604808807
    endloop
  endfacet
  facet normal -0.63557356596 -0.450279355049 0.627132177353
    outer loop
      vertex 4.48950815201 3.36593198776 6.33604812622
      vertex 4.48950815201 3.35157203674 6.35604810715
      vertex 4.47533893585 3.36593198776 6.35604810715
    endloop
  endfacet
  facet normal 0 -1 -0
    outer loop
      vertex 4.47533893585 3.35157203674 6.35604810715
      vertex 4.46117210388 3.36593198776 6.35604810715
      vertex 4.47533893585 3.36593198776 6.35604810715
    endloop
  endfacet
  facet normal 0 -1 0
    outer loop
      vertex 4.51784276962 3.35157203674 6.35604810715
      vertex 4.50367498398 3.33721208572 6.35604810715
      vertex 4.50367498398 3.35157203674 6.35604810715
    endloop
  endfacet
  facet normal -0 -1 -0
    outer loop
      vertex 4.51784276962 3.33721208572 6.35604810715
      vertex 4.50367498398 3.33721208572 6.35604810715
      vertex 4.51784276962 3.35157203674 6.35604810715
    endloop
  endfacet
  facet normal 0 -1 0
    outer loop
      vertex 4.50367498398 3.35157203674 6.35604810715
      vertex 4.48950815201 3.33721208572 6.35604810715
      vertex 4.48950815201 3.35157203674 6.35604810715
    endloop
  endfacet
  facet normal -0 -1 -0
    outer loop
      vertex 4.50367498398 3.33721208572 6.35604810715
      vertex 4.48950815201 3.33721208572 6.35604810715
      vertex 4.50367498398 3.35157203674 6.35604810715
    endloop
  endfacet
  facet normal 0 -1 -0
    outer loop
      vertex 4.48950815201 3.33721208572 6.35604810715
      vertex 4.47533893585 3.35157203674 6.35604810715
      vertex 4.48950815201 3.35157203674 6.35604810715
    endloop
  endfacet
endsolid "OPX080-R"
