solid "OPX029-R"
  facet normal 0 -1 -0
    outer loop
      vertex 8.25811576843 14.9111309052 1.05604803562
      vertex 8.24394798279 14.9254903793 1.05604803562
      vertex 8.25811576843 14.9254903793 1.05604803562
    endloop
  endfacet
  facet normal -0 -1 -0
    outer loop
      vertex 8.27228355408 14.9111309052 1.05604803562
      vertex 8.25811576843 14.9111309052 1.05604803562
      vertex 8.27228355408 14.9254903793 1.05604803562
    endloop
  endfacet
  facet normal 0 -1 0
    outer loop
      vertex 8.27228355408 14.9254903793 1.05604803562
      vertex 8.25811576843 14.9111309052 1.05604803562
      vertex 8.25811576843 14.9254903793 1.05604803562
    endloop
  endfacet
  facet normal 0 -1 0
    outer loop
      vertex 8.28645133972 14.9254903793 1.05604803562
      vertex 8.27228355408 14.9111309052 1.05604803562
      vertex 8.27228355408 14.9254903793 1.05604803562
    endloop
  endfacet
  facet normal 0 -1 -0
    outer loop
      vertex 8.17310905457 14.9254903793 1.05604803562
      vertex 8.15894126892 14.9398498535 1.05604803562
      vertex 8.17310905457 14.9398498535 1.05604803562
    endloop
  endfacet
  facet normal -0 -1 -0
    outer loop
      vertex 8.18727684021 14.9254903793 1.05604803562
      vertex 8.17310905457 14.9254903793 1.05604803562
      vertex 8.18727684021 14.9398498535 1.05604803562
    endloop
  endfacet
  facet normal 0 -1 0
    outer loop
      vertex 8.18727684021 14.9398498535 1.05604803562
      vertex 8.17310905457 14.9254903793 1.05604803562
      vertex 8.17310905457 14.9398498535 1.05604803562
    endloop
  endfacet
  facet normal -0 -1 -0
    outer loop
      vertex 8.20144462585 14.9254903793 1.05604803562
      vertex 8.18727684021 14.9254903793 1.05604803562
      vertex 8.20144462585 14.9398498535 1.05604803562
    endloop
  endfacet
  facet normal 0 -1 0
    outer loop
      vertex 8.20144462585 14.9398498535 1.05604803562
      vertex 8.18727684021 14.9254903793 1.05604803562
      vertex 8.18727684021 14.9398498535 1.05604803562
    endloop
  endfacet
  facet normal -0 -1 -0
    outer loop
      vertex 8.2156124115 14.9254903793 1.05604803562
      vertex 8.20144462585 14.9254903793 1.05604803562
      vertex 8.2156124115 14.9398498535 1.05604803562
    endloop
  endfacet
  facet normal 0 -1 0
    outer loop
      vertex 8.2156124115 14.9398498535 1.05604803562
      vertex 8.20144462585 14.9254903793 1.05604803562
      vertex 8.20144462585 14.9398498535 1.05604803562
    endloop
  endfacet
  facet normal -0 -1 -0
    outer loop
      vertex 8.22978019714 14.9254903793 1.05604803562
      vertex 8.2156124115 14.9254903793 1.05604803562
      vertex 8.22978019714 14.9398498535 1.05604803562
    endloop
  endfacet
  facet normal 0 -1 0
    outer loop
      vertex 8.22978019714 14.9398498535 1.05604803562
      vertex 8.2156124115 14.9254903793 1.05604803562
      vertex 8.2156124115 14.9398498535 1.05604803562
    endloop
  endfacet
  facet normal -0 -1 -0
    outer loop
      vertex 8.24394798279 14.9254903793 1.05604803562
      vertex 8.22978019714 14.9254903793 1.05604803562
      vertex 8.24394798279 14.9398498535 1.05604803562
    endloop
  endfacet
  facet normal 0 -1 0
    outer loop
      vertex 8.24394798279 14.9398498535 1.05604803562
      vertex 8.22978019714 14.9254903793 1.05604803562
      vertex 8.22978019714 14.9398498535 1.05604803562
    endloop
  endfacet
  facet normal -0 -1 -0
    outer loop
      vertex 8.25811576843 14.9254903793 1.05604803562
      vertex 8.24394798279 14.9254903793 1.05604803562
      vertex 8.25811576843 14.9398498535 1.05604803562
    endloop
  endfacet
  facet normal 0 -1 0
    outer loop
      vertex 8.25811576843 14.9398498535 1.05604803562
      vertex 8.24394798279 14.9254903793 1.05604803562
      vertex 8.24394798279 14.9398498535 1.05604803562
    endloop
  endfacet
  facet normal -0 -1 -0
    outer loop
      vertex 8.27228355408 14.9254903793 1.05604803562
      vertex 8.25811576843 14.9254903793 1.05604803562
      vertex 8.27228355408 14.9398498535 1.05604803562
    endloop
  endfacet
  facet normal 0 -1 0
    outer loop
      vertex 8.27228355408 14.9398498535 1.05604803562
      vertex 8.25811576843 14.9254903793 1.05604803562
      vertex 8.25811576843 14.9398498535 1.05604803562
    endloop
  endfacet
  facet normal -0 -1 -0
    outer loop
      vertex 8.28645133972 14.9254903793 1.05604803562
      vertex 8.27228355408 14.9254903793 1.05604803562
      vertex 8.28645133972 14.9398498535 1.05604803562
    endloop
  endfacet
  facet normal 0 -1 0
    outer loop
      vertex 8.28645133972 14.9398498535 1.05604803562
      vertex 8.27228355408 14.9254903793 1.05604803562
      vertex 8.27228355408 14.9398498535 1.05604803562
    endloop
  endfacet
  facet normal 0 -1 -0
    outer loop
      vertex 8.24394798279 14.8680515289 1.07604801655
      vertex 8.22978019714 14.8824110031 1.07604801655
      vertex 8.24394798279 14.8824110031 1.07604801655
    endloop
  endfacet
  facet normal 0 -1 0
    outer loop
      vertex 8.25811576843 14.8824110031 1.07604801655
      vertex 8.24394798279 14.8680515289 1.07604801655
      vertex 8.24394798279 14.8824110031 1.07604801655
    endloop
  endfacet
  facet normal 0 -1 -0
    outer loop
      vertex 8.2156124115 14.8824110031 1.07604801655
      vertex 8.20144462585 14.8967695236 1.07604801655
      vertex 8.2156124115 14.8967695236 1.07604801655
    endloop
  endfacet
  facet normal -0 -1 -0
    outer loop
      vertex 8.22978019714 14.8824110031 1.07604801655
      vertex 8.2156124115 14.8824110031 1.07604801655
      vertex 8.22978019714 14.8967695236 1.07604801655
    endloop
  endfacet
  facet normal 0 -1 0
    outer loop
      vertex 8.22978019714 14.8967695236 1.07604801655
      vertex 8.2156124115 14.8824110031 1.07604801655
      vertex 8.2156124115 14.8967695236 1.07604801655
    endloop
  endfacet
  facet normal -0 -1 -0
    outer loop
      vertex 8.24394798279 14.8824110031 1.07604801655
      vertex 8.22978019714 14.8824110031 1.07604801655
      vertex 8.24394798279 14.8967695236 1.07604801655
    endloop
  endfacet
  facet normal 0 -1 0
    outer loop
      vertex 8.24394798279 14.8967695236 1.07604801655
      vertex 8.22978019714 14.8824110031 1.07604801655
      vertex 8.22978019714 14.8967695236 1.07604801655
    endloop
  endfacet
  facet normal -0 -1 -0
    outer loop
      vertex 8.25811576843 14.8824110031 1.07604801655
      vertex 8.24394798279 14.8824110031 1.07604801655
      vertex 8.25811576843 14.8967695236 1.07604801655
    endloop
  endfacet
  facet normal 0 -1 0
    outer loop
      vertex 8.25811576843 14.8967695236 1.07604801655
      vertex 8.24394798279 14.8824110031 1.07604801655
      vertex 8.24394798279 14.8967695236 1.07604801655
    endloop
  endfacet
  facet normal -0 -1 -0
    outer loop
      vertex 8.27228355408 14.8824110031 1.07604801655
      vertex 8.25811576843 14.8824110031 1.07604801655
      vertex 8.27228355408 14.8967695236 1.07604801655
    endloop
  endfacet
  facet normal 0 -1 0
    outer loop
      vertex 8.27228355408 14.8967695236 1.07604801655
      vertex 8.25811576843 14.8824110031 1.07604801655
      vertex 8.25811576843 14.8967695236 1.07604801655
    endloop
  endfacet
  facet normal 0 -1 -0
    outer loop
      vertex 8.1447725296 14.8967695236 1.07604801655
      vertex 8.13060665131 14.9111309052 1.07604801655
      vertex 8.1447725296 14.9111309052 1.07604801655
    endloop
  endfacet
  facet normal -0 -1 -0
    outer loop
      vertex 8.15894126892 14.8967695236 1.07604801655
      vertex 8.1447725296 14.8967695236 1.07604801655
      vertex 8.15894126892 14.9111309052 1.07604801655
    endloop
  endfacet
  facet normal 0 -1 0
    outer loop
      vertex 8.15894126892 14.9111309052 1.07604801655
      vertex 8.1447725296 14.8967695236 1.07604801655
      vertex 8.1447725296 14.9111309052 1.07604801655
    endloop
  endfacet
  facet normal -0 -1 -0
    outer loop
      vertex 8.17310905457 14.8967695236 1.07604801655
      vertex 8.15894126892 14.8967695236 1.07604801655
      vertex 8.17310905457 14.9111309052 1.07604801655
    endloop
  endfacet
  facet normal 0 -1 0
    outer loop
      vertex 8.17310905457 14.9111309052 1.07604801655
      vertex 8.15894126892 14.8967695236 1.07604801655
      vertex 8.15894126892 14.9111309052 1.07604801655
    endloop
  endfacet
  facet normal -0 -1 -0
    outer loop
      vertex 8.18727684021 14.8967695236 1.07604801655
      vertex 8.17310905457 14.8967695236 1.07604801655
      vertex 8.18727684021 14.9111309052 1.07604801655
    endloop
  endfacet
  facet normal 0 -1 0
    outer loop
      vertex 8.18727684021 14.9111309052 1.07604801655
      vertex 8.17310905457 14.8967695236 1.07604801655
      vertex 8.17310905457 14.9111309052 1.07604801655
    endloop
  endfacet
  facet normal -0 -1 -0
    outer loop
      vertex 8.20144462585 14.8967695236 1.07604801655
      vertex 8.18727684021 14.8967695236 1.07604801655
      vertex 8.20144462585 14.9111309052 1.07604801655
    endloop
  endfacet
  facet normal 0 -1 0
    outer loop
      vertex 8.20144462585 14.9111309052 1.07604801655
      vertex 8.18727684021 14.8967695236 1.07604801655
      vertex 8.18727684021 14.9111309052 1.07604801655
    endloop
  endfacet
  facet normal -0 -1 -0
    outer loop
      vertex 8.2156124115 14.8967695236 1.07604801655
      vertex 8.20144462585 14.8967695236 1.07604801655
      vertex 8.2156124115 14.9111309052 1.07604801655
    endloop
  endfacet
  facet normal 0 -1 0
    outer loop
      vertex 8.2156124115 14.9111309052 1.07604801655
      vertex 8.20144462585 14.8967695236 1.07604801655
      vertex 8.20144462585 14.9111309052 1.07604801655
    endloop
  endfacet
  facet normal -0 -1 -0
    outer loop
      vertex 8.22978019714 14.8967695236 1.07604801655
      vertex 8.2156124115 14.8967695236 1.07604801655
      vertex 8.22978019714 14.9111309052 1.07604801655
    endloop
  endfacet
  facet normal 0 -1 0
    outer loop
      vertex 8.22978019714 14.9111309052 1.07604801655
      vertex 8.2156124115 14.8967695236 1.07604801655
      vertex 8.2156124115 14.9111309052 1.07604801655
    endloop
  endfacet
  facet normal -0 -1 -0
    outer loop
      vertex 8.24394798279 14.8967695236 1.07604801655
      vertex 8.22978019714 14.8967695236 1.07604801655
      vertex 8.24394798279 14.9111309052 1.07604801655
    endloop
  endfacet
  facet normal 0 -1 0
    outer loop
      vertex 8.24394798279 14.9111309052 1.07604801655
      vertex 8.22978019714 14.8967695236 1.07604801655
      vertex 8.22978019714 14.9111309052 1.07604801655
    endloop
  endfacet
  facet normal -0.635636806488 -0.450278878212 0.627068400383
    outer loop
      vertex 8.25811576843 14.9111309052 1.05604803562
      vertex 8.25811576843 14.8967695236 1.07604801655
      vertex 8.24394798279 14.9111309052 1.07604801655
    endloop
  endfacet
  facet normal -0 -1 0
    outer loop
      vertex 8.25811576843 14.8967695236 1.07604801655
      vertex 8.24394798279 14.8967695236 1.07604801655
      vertex 8.24394798279 14.9111309052 1.07604801655
    endloop
  endfacet
  facet normal 0 -0.583271682262 0.812277138233
    outer loop
      vertex 8.27228355408 14.9111309052 1.05604803562
      vertex 8.25811576843 14.8967695236 1.07604801655
      vertex 8.25811576843 14.9111309052 1.05604803562
    endloop
  endfacet
  facet normal 0 -0.583271682262 0.812277138233
    outer loop
      vertex 8.27228355408 14.8967695236 1.07604801655
      vertex 8.25811576843 14.8967695236 1.07604801655
      vertex 8.27228355408 14.9111309052 1.05604803562
    endloop
  endfacet
  facet normal 0.635636806488 -0.450278878212 0.627068400383
    outer loop
      vertex 8.27228355408 14.9111309052 1.05604803562
      vertex 8.28645133972 14.9111309052 1.07604801655
      vertex 8.27228355408 14.8967695236 1.07604801655
    endloop
  endfacet
  facet normal 0 -1 -0
    outer loop
      vertex 8.05976772308 14.9111309052 1.07604801655
      vertex 8.04559993744 14.9254903793 1.07604801655
      vertex 8.05976772308 14.9254903793 1.07604801655
    endloop
  endfacet
  facet normal -0 -1 -0
    outer loop
      vertex 8.0739364624 14.9111309052 1.07604801655
      vertex 8.05976772308 14.9111309052 1.07604801655
      vertex 8.0739364624 14.9254903793 1.07604801655
    endloop
  endfacet
  facet normal 0 -1 0
    outer loop
      vertex 8.0739364624 14.9254903793 1.07604801655
      vertex 8.05976772308 14.9111309052 1.07604801655
      vertex 8.05976772308 14.9254903793 1.07604801655
    endloop
  endfacet
  facet normal -0 -1 -0
    outer loop
      vertex 8.08810329437 14.9111309052 1.07604801655
      vertex 8.0739364624 14.9111309052 1.07604801655
      vertex 8.08810329437 14.9254903793 1.07604801655
    endloop
  endfacet
  facet normal 0 -1 0
    outer loop
      vertex 8.08810329437 14.9254903793 1.07604801655
      vertex 8.0739364624 14.9111309052 1.07604801655
      vertex 8.0739364624 14.9254903793 1.07604801655
    endloop
  endfacet
  facet normal -0 -1 -0
    outer loop
      vertex 8.10227108002 14.9111309052 1.07604801655
      vertex 8.08810329437 14.9111309052 1.07604801655
      vertex 8.10227108002 14.9254903793 1.07604801655
    endloop
  endfacet
  facet normal 0 -1 0
    outer loop
      vertex 8.10227108002 14.9254903793 1.07604801655
      vertex 8.08810329437 14.9111309052 1.07604801655
      vertex 8.08810329437 14.9254903793 1.07604801655
    endloop
  endfacet
  facet normal -0 -1 -0
    outer loop
      vertex 8.11643886566 14.9111309052 1.07604801655
      vertex 8.10227108002 14.9111309052 1.07604801655
      vertex 8.11643886566 14.9254903793 1.07604801655
    endloop
  endfacet
  facet normal 0 -1 0
    outer loop
      vertex 8.11643886566 14.9254903793 1.07604801655
      vertex 8.10227108002 14.9111309052 1.07604801655
      vertex 8.10227108002 14.9254903793 1.07604801655
    endloop
  endfacet
  facet normal -0 -1 -0
    outer loop
      vertex 8.13060665131 14.9111309052 1.07604801655
      vertex 8.11643886566 14.9111309052 1.07604801655
      vertex 8.13060665131 14.9254903793 1.07604801655
    endloop
  endfacet
  facet normal 0 -1 0
    outer loop
      vertex 8.13060665131 14.9254903793 1.07604801655
      vertex 8.11643886566 14.9111309052 1.07604801655
      vertex 8.11643886566 14.9254903793 1.07604801655
    endloop
  endfacet
  facet normal -0 -1 -0
    outer loop
      vertex 8.1447725296 14.9111309052 1.07604801655
      vertex 8.13060665131 14.9111309052 1.07604801655
      vertex 8.1447725296 14.9254903793 1.07604801655
    endloop
  endfacet
  facet normal 0 -1 0
    outer loop
      vertex 8.1447725296 14.9254903793 1.07604801655
      vertex 8.13060665131 14.9111309052 1.07604801655
      vertex 8.13060665131 14.9254903793 1.07604801655
    endloop
  endfacet
  facet normal -0 -1 -0
    outer loop
      vertex 8.15894126892 14.9111309052 1.07604801655
      vertex 8.1447725296 14.9111309052 1.07604801655
      vertex 8.15894126892 14.9254903793 1.07604801655
    endloop
  endfacet
  facet normal 0 -1 0
    outer loop
      vertex 8.15894126892 14.9254903793 1.07604801655
      vertex 8.1447725296 14.9111309052 1.07604801655
      vertex 8.1447725296 14.9254903793 1.07604801655
    endloop
  endfacet
  facet normal -0.635603785515 -0.450255423784 0.627118706703
    outer loop
      vertex 8.17310905457 14.9254903793 1.05604803562
      vertex 8.17310905457 14.9111309052 1.07604801655
      vertex 8.15894126892 14.9254903793 1.07604801655
    endloop
  endfacet
  facet normal -0 -1 0
    outer loop
      vertex 8.17310905457 14.9111309052 1.07604801655
      vertex 8.15894126892 14.9111309052 1.07604801655
      vertex 8.15894126892 14.9254903793 1.07604801655
    endloop
  endfacet
  facet normal 0 -0.583220779896 0.81231367588
    outer loop
      vertex 8.18727684021 14.9254903793 1.05604803562
      vertex 8.17310905457 14.9111309052 1.07604801655
      vertex 8.17310905457 14.9254903793 1.05604803562
    endloop
  endfacet
  facet normal 0 -0.583220779896 0.81231367588
    outer loop
      vertex 8.18727684021 14.9111309052 1.07604801655
      vertex 8.17310905457 14.9111309052 1.07604801655
      vertex 8.18727684021 14.9254903793 1.05604803562
    endloop
  endfacet
  facet normal 0 -0.583220779896 0.81231367588
    outer loop
      vertex 8.20144462585 14.9254903793 1.05604803562
      vertex 8.18727684021 14.9111309052 1.07604801655
      vertex 8.18727684021 14.9254903793 1.05604803562
    endloop
  endfacet
  facet normal 0 -0.583220779896 0.81231367588
    outer loop
      vertex 8.20144462585 14.9111309052 1.07604801655
      vertex 8.18727684021 14.9111309052 1.07604801655
      vertex 8.20144462585 14.9254903793 1.05604803562
    endloop
  endfacet
  facet normal 0 -0.583220779896 0.81231367588
    outer loop
      vertex 8.2156124115 14.9254903793 1.05604803562
      vertex 8.20144462585 14.9111309052 1.07604801655
      vertex 8.20144462585 14.9254903793 1.05604803562
    endloop
  endfacet
  facet normal 0 -0.583220779896 0.81231367588
    outer loop
      vertex 8.2156124115 14.9111309052 1.07604801655
      vertex 8.20144462585 14.9111309052 1.07604801655
      vertex 8.2156124115 14.9254903793 1.05604803562
    endloop
  endfacet
  facet normal 0 -0.583220779896 0.81231367588
    outer loop
      vertex 8.22978019714 14.9254903793 1.05604803562
      vertex 8.2156124115 14.9111309052 1.07604801655
      vertex 8.2156124115 14.9254903793 1.05604803562
    endloop
  endfacet
  facet normal 0 -0.583220779896 0.81231367588
    outer loop
      vertex 8.22978019714 14.9111309052 1.07604801655
      vertex 8.2156124115 14.9111309052 1.07604801655
      vertex 8.22978019714 14.9254903793 1.05604803562
    endloop
  endfacet
  facet normal 0 -0.583220779896 0.81231367588
    outer loop
      vertex 8.24394798279 14.9254903793 1.05604803562
      vertex 8.22978019714 14.9111309052 1.07604801655
      vertex 8.22978019714 14.9254903793 1.05604803562
    endloop
  endfacet
  facet normal 0 -0.583220779896 0.81231367588
    outer loop
      vertex 8.24394798279 14.9111309052 1.07604801655
      vertex 8.22978019714 14.9111309052 1.07604801655
      vertex 8.24394798279 14.9254903793 1.05604803562
    endloop
  endfacet
  facet normal -0.635603785515 -0.450255423784 0.627118706703
    outer loop
      vertex 8.25811576843 14.9111309052 1.05604803562
      vertex 8.24394798279 14.9111309052 1.07604801655
      vertex 8.24394798279 14.9254903793 1.05604803562
    endloop
  endfacet
  facet normal 0.635603785515 -0.450255423784 0.627118706703
    outer loop
      vertex 8.27228355408 14.9111309052 1.05604803562
      vertex 8.28645133972 14.9254903793 1.05604803562
      vertex 8.28645133972 14.9111309052 1.07604801655
    endloop
  endfacet
  facet normal 1 0 0
    outer loop
      vertex 8.28645133972 14.9111309052 1.07604801655
      vertex 8.28645133972 14.9254903793 1.05604803562
      vertex 8.28645133972 14.9254903793 1.07604801655
    endloop
  endfacet
  facet normal -0 -1 -0
    outer loop
      vertex 7.97476100922 14.9254903793 1.07604801655
      vertex 7.96059417725 14.9254903793 1.07604801655
      vertex 7.97476100922 14.9398498535 1.07604801655
    endloop
  endfacet
  facet normal 0 -1 0
    outer loop
      vertex 7.97476100922 14.9398498535 1.07604801655
      vertex 7.96059417725 14.9254903793 1.07604801655
      vertex 7.96059417725 14.9398498535 1.07604801655
    endloop
  endfacet
  facet normal -0 -1 -0
    outer loop
      vertex 7.98892879486 14.9254903793 1.07604801655
      vertex 7.97476100922 14.9254903793 1.07604801655
      vertex 7.98892879486 14.9398498535 1.07604801655
    endloop
  endfacet
  facet normal 0 -1 0
    outer loop
      vertex 7.98892879486 14.9398498535 1.07604801655
      vertex 7.97476100922 14.9254903793 1.07604801655
      vertex 7.97476100922 14.9398498535 1.07604801655
    endloop
  endfacet
  facet normal -0 -1 -0
    outer loop
      vertex 8.00309753418 14.9254903793 1.07604801655
      vertex 7.98892879486 14.9254903793 1.07604801655
      vertex 8.00309753418 14.9398498535 1.07604801655
    endloop
  endfacet
  facet normal 0 -1 0
    outer loop
      vertex 8.00309753418 14.9398498535 1.07604801655
      vertex 7.98892879486 14.9254903793 1.07604801655
      vertex 7.98892879486 14.9398498535 1.07604801655
    endloop
  endfacet
  facet normal -0 -1 -0
    outer loop
      vertex 8.01726436615 14.9254903793 1.07604801655
      vertex 8.00309753418 14.9254903793 1.07604801655
      vertex 8.01726436615 14.9398498535 1.07604801655
    endloop
  endfacet
  facet normal 0 -1 0
    outer loop
      vertex 8.01726436615 14.9398498535 1.07604801655
      vertex 8.00309753418 14.9254903793 1.07604801655
      vertex 8.00309753418 14.9398498535 1.07604801655
    endloop
  endfacet
  facet normal -0 -1 -0
    outer loop
      vertex 8.03143215179 14.9254903793 1.07604801655
      vertex 8.01726436615 14.9254903793 1.07604801655
      vertex 8.03143215179 14.9398498535 1.07604801655
    endloop
  endfacet
  facet normal 0 -1 0
    outer loop
      vertex 8.03143215179 14.9398498535 1.07604801655
      vertex 8.01726436615 14.9254903793 1.07604801655
      vertex 8.01726436615 14.9398498535 1.07604801655
    endloop
  endfacet
  facet normal -0 -1 -0
    outer loop
      vertex 8.04559993744 14.9254903793 1.07604801655
      vertex 8.03143215179 14.9254903793 1.07604801655
      vertex 8.04559993744 14.9398498535 1.07604801655
    endloop
  endfacet
  facet normal 0 -1 0
    outer loop
      vertex 8.04559993744 14.9398498535 1.07604801655
      vertex 8.03143215179 14.9254903793 1.07604801655
      vertex 8.03143215179 14.9398498535 1.07604801655
    endloop
  endfacet
  facet normal -0 -1 -0
    outer loop
      vertex 8.05976772308 14.9254903793 1.07604801655
      vertex 8.04559993744 14.9254903793 1.07604801655
      vertex 8.05976772308 14.9398498535 1.07604801655
    endloop
  endfacet
  facet normal 0 -1 0
    outer loop
      vertex 8.05976772308 14.9398498535 1.07604801655
      vertex 8.04559993744 14.9254903793 1.07604801655
      vertex 8.04559993744 14.9398498535 1.07604801655
    endloop
  endfacet
  facet normal -0 -1 -0
    outer loop
      vertex 8.0739364624 14.9254903793 1.07604801655
      vertex 8.05976772308 14.9254903793 1.07604801655
      vertex 8.0739364624 14.9398498535 1.07604801655
    endloop
  endfacet
  facet normal 0 -1 0
    outer loop
      vertex 8.0739364624 14.9398498535 1.07604801655
      vertex 8.05976772308 14.9254903793 1.07604801655
      vertex 8.05976772308 14.9398498535 1.07604801655
    endloop
  endfacet
  facet normal -0 -1 -0
    outer loop
      vertex 8.08810329437 14.9254903793 1.07604801655
      vertex 8.0739364624 14.9254903793 1.07604801655
      vertex 8.08810329437 14.9398498535 1.07604801655
    endloop
  endfacet
  facet normal 0 -1 0
    outer loop
      vertex 8.08810329437 14.9398498535 1.07604801655
      vertex 8.0739364624 14.9254903793 1.07604801655
      vertex 8.0739364624 14.9398498535 1.07604801655
    endloop
  endfacet
  facet normal -0 -1 -0
    outer loop
      vertex 8.10227108002 14.9254903793 1.07604801655
      vertex 8.08810329437 14.9254903793 1.07604801655
      vertex 8.10227108002 14.9398498535 1.07604801655
    endloop
  endfacet
  facet normal 0 -1 0
    outer loop
      vertex 8.10227108002 14.9398498535 1.07604801655
      vertex 8.08810329437 14.9254903793 1.07604801655
      vertex 8.08810329437 14.9398498535 1.07604801655
    endloop
  endfacet
  facet normal -0 -1 -0
    outer loop
      vertex 8.11643886566 14.9254903793 1.07604801655
      vertex 8.10227108002 14.9254903793 1.07604801655
      vertex 8.11643886566 14.9398498535 1.07604801655
    endloop
  endfacet
  facet normal 0 -1 0
    outer loop
      vertex 8.11643886566 14.9398498535 1.07604801655
      vertex 8.10227108002 14.9254903793 1.07604801655
      vertex 8.10227108002 14.9398498535 1.07604801655
    endloop
  endfacet
  facet normal -0.63560372591 -0.450255453587 0.627118766308
    outer loop
      vertex 8.13060665131 14.9398498535 1.05604803562
      vertex 8.13060665131 14.9254903793 1.07604801655
      vertex 8.11643886566 14.9398498535 1.07604801655
    endloop
  endfacet
  facet normal -0 -1 0
    outer loop
      vertex 8.13060665131 14.9254903793 1.07604801655
      vertex 8.11643886566 14.9254903793 1.07604801655
      vertex 8.11643886566 14.9398498535 1.07604801655
    endloop
  endfacet
  facet normal 0 -0.583220779896 0.81231367588
    outer loop
      vertex 8.1447725296 14.9398498535 1.05604803562
      vertex 8.13060665131 14.9254903793 1.07604801655
      vertex 8.13060665131 14.9398498535 1.05604803562
    endloop
  endfacet
  facet normal 0 -0.583220779896 0.81231367588
    outer loop
      vertex 8.1447725296 14.9254903793 1.07604801655
      vertex 8.13060665131 14.9254903793 1.07604801655
      vertex 8.1447725296 14.9398498535 1.05604803562
    endloop
  endfacet
  facet normal 0 -0.583220779896 0.81231367588
    outer loop
      vertex 8.15894126892 14.9398498535 1.05604803562
      vertex 8.1447725296 14.9254903793 1.07604801655
      vertex 8.1447725296 14.9398498535 1.05604803562
    endloop
  endfacet
  facet normal 0 -0.583220779896 0.81231367588
    outer loop
      vertex 8.15894126892 14.9254903793 1.07604801655
      vertex 8.1447725296 14.9254903793 1.07604801655
      vertex 8.15894126892 14.9398498535 1.05604803562
    endloop
  endfacet
  facet normal -0.635603785515 -0.450255423784 0.627118706703
    outer loop
      vertex 8.17310905457 14.9254903793 1.05604803562
      vertex 8.15894126892 14.9254903793 1.07604801655
      vertex 8.15894126892 14.9398498535 1.05604803562
    endloop
  endfacet
  facet normal 1 -0 0
    outer loop
      vertex 8.28645133972 14.9254903793 1.05604803562
      vertex 8.28645133972 14.9398498535 1.05604803562
      vertex 8.28645133972 14.9254903793 1.07604801655
    endloop
  endfacet
  facet normal 1 0 0
    outer loop
      vertex 8.28645133972 14.9254903793 1.07604801655
      vertex 8.28645133972 14.9398498535 1.05604803562
      vertex 8.28645133972 14.9398498535 1.07604801655
    endloop
  endfacet
  facet normal 0 0 -1
    outer loop
      vertex 8.13060665131 14.9398498535 1.05604803562
      vertex 8.11643886566 14.9398498535 1.07604801655
      vertex 8.13060665131 14.9398498535 1.07604801655
    endloop
  endfacet
  facet normal 0 0 -1
    outer loop
      vertex 8.1447725296 14.9398498535 1.05604803562
      vertex 8.13060665131 14.9398498535 1.05604803562
      vertex 8.1447725296 14.9398498535 1.07604801655
    endloop
  endfacet
  facet normal 0 0 -1
    outer loop
      vertex 8.13060665131 14.9398498535 1.05604803562
      vertex 8.13060665131 14.9398498535 1.07604801655
      vertex 8.1447725296 14.9398498535 1.07604801655
    endloop
  endfacet
  facet normal 0 0 -1
    outer loop
      vertex 8.15894126892 14.9398498535 1.05604803562
      vertex 8.1447725296 14.9398498535 1.05604803562
      vertex 8.15894126892 14.9398498535 1.07604801655
    endloop
  endfacet
  facet normal 0 0 -1
    outer loop
      vertex 8.1447725296 14.9398498535 1.05604803562
      vertex 8.1447725296 14.9398498535 1.07604801655
      vertex 8.15894126892 14.9398498535 1.07604801655
    endloop
  endfacet
  facet normal 0 0 -1
    outer loop
      vertex 8.17310905457 14.9398498535 1.05604803562
      vertex 8.15894126892 14.9398498535 1.05604803562
      vertex 8.17310905457 14.9398498535 1.07604801655
    endloop
  endfacet
  facet normal 0 0 -1
    outer loop
      vertex 8.15894126892 14.9398498535 1.05604803562
      vertex 8.15894126892 14.9398498535 1.07604801655
      vertex 8.17310905457 14.9398498535 1.07604801655
    endloop
  endfacet
  facet normal 0 0 -1
    outer loop
      vertex 8.18727684021 14.9398498535 1.05604803562
      vertex 8.17310905457 14.9398498535 1.05604803562
      vertex 8.18727684021 14.9398498535 1.07604801655
    endloop
  endfacet
  facet normal 0 0 -1
    outer loop
      vertex 8.17310905457 14.9398498535 1.05604803562
      vertex 8.17310905457 14.9398498535 1.07604801655
      vertex 8.18727684021 14.9398498535 1.07604801655
    endloop
  endfacet
  facet normal 0 0 -1
    outer loop
      vertex 8.20144462585 14.9398498535 1.05604803562
      vertex 8.18727684021 14.9398498535 1.05604803562
      vertex 8.20144462585 14.9398498535 1.07604801655
    endloop
  endfacet
  facet normal 0 0 -1
    outer loop
      vertex 8.18727684021 14.9398498535 1.05604803562
      vertex 8.18727684021 14.9398498535 1.07604801655
      vertex 8.20144462585 14.9398498535 1.07604801655
    endloop
  endfacet
  facet normal 0 0 -1
    outer loop
      vertex 8.2156124115 14.9398498535 1.05604803562
      vertex 8.20144462585 14.9398498535 1.05604803562
      vertex 8.2156124115 14.9398498535 1.07604801655
    endloop
  endfacet
  facet normal 0 0 -1
    outer loop
      vertex 8.20144462585 14.9398498535 1.05604803562
      vertex 8.20144462585 14.9398498535 1.07604801655
      vertex 8.2156124115 14.9398498535 1.07604801655
    endloop
  endfacet
  facet normal 0 0 -1
    outer loop
      vertex 8.22978019714 14.9398498535 1.05604803562
      vertex 8.2156124115 14.9398498535 1.05604803562
      vertex 8.22978019714 14.9398498535 1.07604801655
    endloop
  endfacet
  facet normal 0 0 -1
    outer loop
      vertex 8.2156124115 14.9398498535 1.05604803562
      vertex 8.2156124115 14.9398498535 1.07604801655
      vertex 8.22978019714 14.9398498535 1.07604801655
    endloop
  endfacet
  facet normal 0 0 -1
    outer loop
      vertex 8.24394798279 14.9398498535 1.05604803562
      vertex 8.22978019714 14.9398498535 1.05604803562
      vertex 8.24394798279 14.9398498535 1.07604801655
    endloop
  endfacet
  facet normal 0 0 -1
    outer loop
      vertex 8.22978019714 14.9398498535 1.05604803562
      vertex 8.22978019714 14.9398498535 1.07604801655
      vertex 8.24394798279 14.9398498535 1.07604801655
    endloop
  endfacet
  facet normal 0 0 -1
    outer loop
      vertex 8.25811576843 14.9398498535 1.05604803562
      vertex 8.24394798279 14.9398498535 1.05604803562
      vertex 8.25811576843 14.9398498535 1.07604801655
    endloop
  endfacet
  facet normal 0 0 -1
    outer loop
      vertex 8.24394798279 14.9398498535 1.05604803562
      vertex 8.24394798279 14.9398498535 1.07604801655
      vertex 8.25811576843 14.9398498535 1.07604801655
    endloop
  endfacet
  facet normal 0 0 -1
    outer loop
      vertex 8.27228355408 14.9398498535 1.05604803562
      vertex 8.25811576843 14.9398498535 1.05604803562
      vertex 8.27228355408 14.9398498535 1.07604801655
    endloop
  endfacet
  facet normal 0 0 -1
    outer loop
      vertex 8.25811576843 14.9398498535 1.05604803562
      vertex 8.25811576843 14.9398498535 1.07604801655
      vertex 8.27228355408 14.9398498535 1.07604801655
    endloop
  endfacet
  facet normal 0 0 -1
    outer loop
      vertex 8.28645133972 14.9398498535 1.05604803562
      vertex 8.27228355408 14.9398498535 1.05604803562
      vertex 8.28645133972 14.9398498535 1.07604801655
    endloop
  endfacet
  facet normal 0 0 -1
    outer loop
      vertex 8.27228355408 14.9398498535 1.05604803562
      vertex 8.27228355408 14.9398498535 1.07604801655
      vertex 8.28645133972 14.9398498535 1.07604801655
    endloop
  endfacet
  facet normal 0 -1 -0
    outer loop
      vertex 8.24394798279 14.8393316269 1.09604799747
      vertex 8.22978019714 14.8536920547 1.09604799747
      vertex 8.24394798279 14.8536920547 1.09604799747
    endloop
  endfacet
  facet normal -0 -1 -0
    outer loop
      vertex 8.25811576843 14.8393316269 1.09604799747
      vertex 8.24394798279 14.8393316269 1.09604799747
      vertex 8.25811576843 14.8536920547 1.09604799747
    endloop
  endfacet
  facet normal 0 -1 0
    outer loop
      vertex 8.25811576843 14.8536920547 1.09604799747
      vertex 8.24394798279 14.8393316269 1.09604799747
      vertex 8.24394798279 14.8536920547 1.09604799747
    endloop
  endfacet
  facet normal 0 -1 -0
    outer loop
      vertex 8.2156124115 14.8536920547 1.09604799747
      vertex 8.20144462585 14.8680515289 1.09604799747
      vertex 8.2156124115 14.8680515289 1.09604799747
    endloop
  endfacet
  facet normal -0 -1 -0
    outer loop
      vertex 8.22978019714 14.8536920547 1.09604799747
      vertex 8.2156124115 14.8536920547 1.09604799747
      vertex 8.22978019714 14.8680515289 1.09604799747
    endloop
  endfacet
  facet normal 0 -1 0
    outer loop
      vertex 8.22978019714 14.8680515289 1.09604799747
      vertex 8.2156124115 14.8536920547 1.09604799747
      vertex 8.2156124115 14.8680515289 1.09604799747
    endloop
  endfacet
  facet normal -0.635603785515 -0.450255334377 0.627118766308
    outer loop
      vertex 8.24394798279 14.8680515289 1.07604801655
      vertex 8.24394798279 14.8536920547 1.09604799747
      vertex 8.22978019714 14.8680515289 1.09604799747
    endloop
  endfacet
  facet normal -0 -1 0
    outer loop
      vertex 8.24394798279 14.8536920547 1.09604799747
      vertex 8.22978019714 14.8536920547 1.09604799747
      vertex 8.22978019714 14.8680515289 1.09604799747
    endloop
  endfacet
  facet normal 0.635603785515 -0.450255334377 0.627118766308
    outer loop
      vertex 8.24394798279 14.8680515289 1.07604801655
      vertex 8.25811576843 14.8680515289 1.09604799747
      vertex 8.24394798279 14.8536920547 1.09604799747
    endloop
  endfacet
  facet normal 0 -1 0
    outer loop
      vertex 8.25811576843 14.8680515289 1.09604799747
      vertex 8.25811576843 14.8536920547 1.09604799747
      vertex 8.24394798279 14.8536920547 1.09604799747
    endloop
  endfacet
  facet normal 0 -1 0
    outer loop
      vertex 8.27228355408 14.8680515289 1.09604799747
      vertex 8.25811576843 14.8536920547 1.09604799747
      vertex 8.25811576843 14.8680515289 1.09604799747
    endloop
  endfacet
  facet normal 0 -1 -0
    outer loop
      vertex 8.1447725296 14.8680515289 1.09604799747
      vertex 8.13060665131 14.8824110031 1.09604799747
      vertex 8.1447725296 14.8824110031 1.09604799747
    endloop
  endfacet
  facet normal -0 -1 -0
    outer loop
      vertex 8.15894126892 14.8680515289 1.09604799747
      vertex 8.1447725296 14.8680515289 1.09604799747
      vertex 8.15894126892 14.8824110031 1.09604799747
    endloop
  endfacet
  facet normal 0 -1 0
    outer loop
      vertex 8.15894126892 14.8824110031 1.09604799747
      vertex 8.1447725296 14.8680515289 1.09604799747
      vertex 8.1447725296 14.8824110031 1.09604799747
    endloop
  endfacet
  facet normal -0 -1 -0
    outer loop
      vertex 8.17310905457 14.8680515289 1.09604799747
      vertex 8.15894126892 14.8680515289 1.09604799747
      vertex 8.17310905457 14.8824110031 1.09604799747
    endloop
  endfacet
  facet normal 0 -1 0
    outer loop
      vertex 8.17310905457 14.8824110031 1.09604799747
      vertex 8.15894126892 14.8680515289 1.09604799747
      vertex 8.15894126892 14.8824110031 1.09604799747
    endloop
  endfacet
  facet normal -0 -1 -0
    outer loop
      vertex 8.18727684021 14.8680515289 1.09604799747
      vertex 8.17310905457 14.8680515289 1.09604799747
      vertex 8.18727684021 14.8824110031 1.09604799747
    endloop
  endfacet
  facet normal 0 -1 0
    outer loop
      vertex 8.18727684021 14.8824110031 1.09604799747
      vertex 8.17310905457 14.8680515289 1.09604799747
      vertex 8.17310905457 14.8824110031 1.09604799747
    endloop
  endfacet
  facet normal -0 -1 -0
    outer loop
      vertex 8.20144462585 14.8680515289 1.09604799747
      vertex 8.18727684021 14.8680515289 1.09604799747
      vertex 8.20144462585 14.8824110031 1.09604799747
    endloop
  endfacet
  facet normal 0 -1 0
    outer loop
      vertex 8.20144462585 14.8824110031 1.09604799747
      vertex 8.18727684021 14.8680515289 1.09604799747
      vertex 8.18727684021 14.8824110031 1.09604799747
    endloop
  endfacet
  facet normal -0.635603785515 -0.450255334377 0.627118766308
    outer loop
      vertex 8.2156124115 14.8824110031 1.07604801655
      vertex 8.2156124115 14.8680515289 1.09604799747
      vertex 8.20144462585 14.8824110031 1.09604799747
    endloop
  endfacet
  facet normal -0 -1 0
    outer loop
      vertex 8.2156124115 14.8680515289 1.09604799747
      vertex 8.20144462585 14.8680515289 1.09604799747
      vertex 8.20144462585 14.8824110031 1.09604799747
    endloop
  endfacet
  facet normal 0 -0.583220660686 0.81231379509
    outer loop
      vertex 8.22978019714 14.8824110031 1.07604801655
      vertex 8.2156124115 14.8680515289 1.09604799747
      vertex 8.2156124115 14.8824110031 1.07604801655
    endloop
  endfacet
  facet normal 0 -0.583220660686 0.81231379509
    outer loop
      vertex 8.22978019714 14.8680515289 1.09604799747
      vertex 8.2156124115 14.8680515289 1.09604799747
      vertex 8.22978019714 14.8824110031 1.07604801655
    endloop
  endfacet
  facet normal -0.635603785515 -0.450255334377 0.627118766308
    outer loop
      vertex 8.24394798279 14.8680515289 1.07604801655
      vertex 8.22978019714 14.8680515289 1.09604799747
      vertex 8.22978019714 14.8824110031 1.07604801655
    endloop
  endfacet
  facet normal 0.635603785515 -0.450255334377 0.627118766308
    outer loop
      vertex 8.24394798279 14.8680515289 1.07604801655
      vertex 8.25811576843 14.8824110031 1.07604801655
      vertex 8.25811576843 14.8680515289 1.09604799747
    endloop
  endfacet
  facet normal 0 -0.583220660686 0.81231379509
    outer loop
      vertex 8.27228355408 14.8824110031 1.07604801655
      vertex 8.25811576843 14.8680515289 1.09604799747
      vertex 8.25811576843 14.8824110031 1.07604801655
    endloop
  endfacet
  facet normal 0 -0.583220660686 0.81231379509
    outer loop
      vertex 8.27228355408 14.8680515289 1.09604799747
      vertex 8.25811576843 14.8680515289 1.09604799747
      vertex 8.27228355408 14.8824110031 1.07604801655
    endloop
  endfacet
  facet normal 1 0 0
    outer loop
      vertex 8.27228355408 14.8680515289 1.09604799747
      vertex 8.27228355408 14.8824110031 1.07604801655
      vertex 8.27228355408 14.8824110031 1.09604799747
    endloop
  endfacet
  facet normal 0 -1 -0
    outer loop
      vertex 8.0739364624 14.8824110031 1.09604799747
      vertex 8.05976772308 14.8967695236 1.09604799747
      vertex 8.0739364624 14.8967695236 1.09604799747
    endloop
  endfacet
  facet normal -0 -1 -0
    outer loop
      vertex 8.08810329437 14.8824110031 1.09604799747
      vertex 8.0739364624 14.8824110031 1.09604799747
      vertex 8.08810329437 14.8967695236 1.09604799747
    endloop
  endfacet
  facet normal 0 -1 0
    outer loop
      vertex 8.08810329437 14.8967695236 1.09604799747
      vertex 8.0739364624 14.8824110031 1.09604799747
      vertex 8.0739364624 14.8967695236 1.09604799747
    endloop
  endfacet
  facet normal -0 -1 -0
    outer loop
      vertex 8.10227108002 14.8824110031 1.09604799747
      vertex 8.08810329437 14.8824110031 1.09604799747
      vertex 8.10227108002 14.8967695236 1.09604799747
    endloop
  endfacet
  facet normal 0 -1 0
    outer loop
      vertex 8.10227108002 14.8967695236 1.09604799747
      vertex 8.08810329437 14.8824110031 1.09604799747
      vertex 8.08810329437 14.8967695236 1.09604799747
    endloop
  endfacet
  facet normal -0 -1 -0
    outer loop
      vertex 8.11643886566 14.8824110031 1.09604799747
      vertex 8.10227108002 14.8824110031 1.09604799747
      vertex 8.11643886566 14.8967695236 1.09604799747
    endloop
  endfacet
  facet normal 0 -1 0
    outer loop
      vertex 8.11643886566 14.8967695236 1.09604799747
      vertex 8.10227108002 14.8824110031 1.09604799747
      vertex 8.10227108002 14.8967695236 1.09604799747
    endloop
  endfacet
  facet normal -0 -1 -0
    outer loop
      vertex 8.13060665131 14.8824110031 1.09604799747
      vertex 8.11643886566 14.8824110031 1.09604799747
      vertex 8.13060665131 14.8967695236 1.09604799747
    endloop
  endfacet
  facet normal 0 -1 0
    outer loop
      vertex 8.13060665131 14.8967695236 1.09604799747
      vertex 8.11643886566 14.8824110031 1.09604799747
      vertex 8.11643886566 14.8967695236 1.09604799747
    endloop
  endfacet
  facet normal -0.635638058186 -0.450218945742 0.627110183239
    outer loop
      vertex 8.1447725296 14.8967695236 1.07604801655
      vertex 8.1447725296 14.8824110031 1.09604799747
      vertex 8.13060665131 14.8967695236 1.09604799747
    endloop
  endfacet
  facet normal -0 -1 0
    outer loop
      vertex 8.1447725296 14.8824110031 1.09604799747
      vertex 8.13060665131 14.8824110031 1.09604799747
      vertex 8.13060665131 14.8967695236 1.09604799747
    endloop
  endfacet
  facet normal 0 -0.583194851875 0.812332332134
    outer loop
      vertex 8.15894126892 14.8967695236 1.07604801655
      vertex 8.1447725296 14.8824110031 1.09604799747
      vertex 8.1447725296 14.8967695236 1.07604801655
    endloop
  endfacet
  facet normal 0 -0.583194851875 0.812332332134
    outer loop
      vertex 8.15894126892 14.8824110031 1.09604799747
      vertex 8.1447725296 14.8824110031 1.09604799747
      vertex 8.15894126892 14.8967695236 1.07604801655
    endloop
  endfacet
  facet normal 0 -0.583194851875 0.812332332134
    outer loop
      vertex 8.17310905457 14.8967695236 1.07604801655
      vertex 8.15894126892 14.8824110031 1.09604799747
      vertex 8.15894126892 14.8967695236 1.07604801655
    endloop
  endfacet
  facet normal 0 -0.583194851875 0.812332332134
    outer loop
      vertex 8.17310905457 14.8824110031 1.09604799747
      vertex 8.15894126892 14.8824110031 1.09604799747
      vertex 8.17310905457 14.8967695236 1.07604801655
    endloop
  endfacet
  facet normal 0 -0.583194851875 0.812332332134
    outer loop
      vertex 8.18727684021 14.8967695236 1.07604801655
      vertex 8.17310905457 14.8824110031 1.09604799747
      vertex 8.17310905457 14.8967695236 1.07604801655
    endloop
  endfacet
  facet normal 0 -0.583194851875 0.812332332134
    outer loop
      vertex 8.18727684021 14.8824110031 1.09604799747
      vertex 8.17310905457 14.8824110031 1.09604799747
      vertex 8.18727684021 14.8967695236 1.07604801655
    endloop
  endfacet
  facet normal 0 -0.583194851875 0.812332332134
    outer loop
      vertex 8.20144462585 14.8967695236 1.07604801655
      vertex 8.18727684021 14.8824110031 1.09604799747
      vertex 8.18727684021 14.8967695236 1.07604801655
    endloop
  endfacet
  facet normal 0 -0.583194851875 0.812332332134
    outer loop
      vertex 8.20144462585 14.8824110031 1.09604799747
      vertex 8.18727684021 14.8824110031 1.09604799747
      vertex 8.20144462585 14.8967695236 1.07604801655
    endloop
  endfacet
  facet normal -0.63558703661 -0.450243443251 0.627144277096
    outer loop
      vertex 8.2156124115 14.8824110031 1.07604801655
      vertex 8.20144462585 14.8824110031 1.09604799747
      vertex 8.20144462585 14.8967695236 1.07604801655
    endloop
  endfacet
  facet normal 0.63558703661 -0.450243443251 0.627144277096
    outer loop
      vertex 8.28645133972 14.8967695236 1.09604799747
      vertex 8.27228355408 14.8824110031 1.09604799747
      vertex 8.27228355408 14.8967695236 1.07604801655
    endloop
  endfacet
  facet normal 1 0 0
    outer loop
      vertex 8.27228355408 14.8824110031 1.09604799747
      vertex 8.27228355408 14.8824110031 1.07604801655
      vertex 8.27228355408 14.8967695236 1.07604801655
    endloop
  endfacet
  facet normal 0 -1 -0
    outer loop
      vertex 7.98892879486 14.8967695236 1.09604799747
      vertex 7.97476100922 14.9111309052 1.09604799747
      vertex 7.98892879486 14.9111309052 1.09604799747
    endloop
  endfacet
  facet normal -0 -1 -0
    outer loop
      vertex 8.00309753418 14.8967695236 1.09604799747
      vertex 7.98892879486 14.8967695236 1.09604799747
      vertex 8.00309753418 14.9111309052 1.09604799747
    endloop
  endfacet
  facet normal 0 -1 0
    outer loop
      vertex 8.00309753418 14.9111309052 1.09604799747
      vertex 7.98892879486 14.8967695236 1.09604799747
      vertex 7.98892879486 14.9111309052 1.09604799747
    endloop
  endfacet
  facet normal -0 -1 -0
    outer loop
      vertex 8.01726436615 14.8967695236 1.09604799747
      vertex 8.00309753418 14.8967695236 1.09604799747
      vertex 8.01726436615 14.9111309052 1.09604799747
    endloop
  endfacet
  facet normal 0 -1 0
    outer loop
      vertex 8.01726436615 14.9111309052 1.09604799747
      vertex 8.00309753418 14.8967695236 1.09604799747
      vertex 8.00309753418 14.9111309052 1.09604799747
    endloop
  endfacet
  facet normal -0 -1 -0
    outer loop
      vertex 8.03143215179 14.8967695236 1.09604799747
      vertex 8.01726436615 14.8967695236 1.09604799747
      vertex 8.03143215179 14.9111309052 1.09604799747
    endloop
  endfacet
  facet normal 0 -1 0
    outer loop
      vertex 8.03143215179 14.9111309052 1.09604799747
      vertex 8.01726436615 14.8967695236 1.09604799747
      vertex 8.01726436615 14.9111309052 1.09604799747
    endloop
  endfacet
  facet normal -0 -1 -0
    outer loop
      vertex 8.04559993744 14.8967695236 1.09604799747
      vertex 8.03143215179 14.8967695236 1.09604799747
      vertex 8.04559993744 14.9111309052 1.09604799747
    endloop
  endfacet
  facet normal 0 -1 0
    outer loop
      vertex 8.04559993744 14.9111309052 1.09604799747
      vertex 8.03143215179 14.8967695236 1.09604799747
      vertex 8.03143215179 14.9111309052 1.09604799747
    endloop
  endfacet
  facet normal -0.635636806488 -0.450278788805 0.627068459988
    outer loop
      vertex 8.05976772308 14.9111309052 1.07604801655
      vertex 8.05976772308 14.8967695236 1.09604799747
      vertex 8.04559993744 14.9111309052 1.09604799747
    endloop
  endfacet
  facet normal -0 -1 0
    outer loop
      vertex 8.05976772308 14.8967695236 1.09604799747
      vertex 8.04559993744 14.8967695236 1.09604799747
      vertex 8.04559993744 14.9111309052 1.09604799747
    endloop
  endfacet
  facet normal 0 -0.583271563053 0.812277197838
    outer loop
      vertex 8.0739364624 14.9111309052 1.07604801655
      vertex 8.05976772308 14.8967695236 1.09604799747
      vertex 8.05976772308 14.9111309052 1.07604801655
    endloop
  endfacet
  facet normal 0 -0.583271563053 0.812277197838
    outer loop
      vertex 8.0739364624 14.8967695236 1.09604799747
      vertex 8.05976772308 14.8967695236 1.09604799747
      vertex 8.0739364624 14.9111309052 1.07604801655
    endloop
  endfacet
  facet normal 0 -0.583271563053 0.812277197838
    outer loop
      vertex 8.08810329437 14.9111309052 1.07604801655
      vertex 8.0739364624 14.8967695236 1.09604799747
      vertex 8.0739364624 14.9111309052 1.07604801655
    endloop
  endfacet
  facet normal 0 -0.583271563053 0.812277197838
    outer loop
      vertex 8.08810329437 14.8967695236 1.09604799747
      vertex 8.0739364624 14.8967695236 1.09604799747
      vertex 8.08810329437 14.9111309052 1.07604801655
    endloop
  endfacet
  facet normal 0 -0.583271563053 0.812277197838
    outer loop
      vertex 8.10227108002 14.9111309052 1.07604801655
      vertex 8.08810329437 14.8967695236 1.09604799747
      vertex 8.08810329437 14.9111309052 1.07604801655
    endloop
  endfacet
  facet normal 0 -0.583271563053 0.812277197838
    outer loop
      vertex 8.10227108002 14.8967695236 1.09604799747
      vertex 8.08810329437 14.8967695236 1.09604799747
      vertex 8.10227108002 14.9111309052 1.07604801655
    endloop
  endfacet
  facet normal 0 -0.583271563053 0.812277197838
    outer loop
      vertex 8.11643886566 14.9111309052 1.07604801655
      vertex 8.10227108002 14.8967695236 1.09604799747
      vertex 8.10227108002 14.9111309052 1.07604801655
    endloop
  endfacet
  facet normal 0 -0.583271563053 0.812277197838
    outer loop
      vertex 8.11643886566 14.8967695236 1.09604799747
      vertex 8.10227108002 14.8967695236 1.09604799747
      vertex 8.11643886566 14.9111309052 1.07604801655
    endloop
  endfacet
  facet normal 0 -0.583271563053 0.812277197838
    outer loop
      vertex 8.13060665131 14.9111309052 1.07604801655
      vertex 8.11643886566 14.8967695236 1.09604799747
      vertex 8.11643886566 14.9111309052 1.07604801655
    endloop
  endfacet
  facet normal 0 -0.583271563053 0.812277197838
    outer loop
      vertex 8.13060665131 14.8967695236 1.09604799747
      vertex 8.11643886566 14.8967695236 1.09604799747
      vertex 8.13060665131 14.9111309052 1.07604801655
    endloop
  endfacet
  facet normal -0.635687887669 -0.450254261494 0.627034306526
    outer loop
      vertex 8.1447725296 14.8967695236 1.07604801655
      vertex 8.13060665131 14.8967695236 1.09604799747
      vertex 8.13060665131 14.9111309052 1.07604801655
    endloop
  endfacet
  facet normal 0.635636866093 -0.450278759003 0.627068400383
    outer loop
      vertex 8.27228355408 14.8967695236 1.07604801655
      vertex 8.28645133972 14.9111309052 1.07604801655
      vertex 8.28645133972 14.8967695236 1.09604799747
    endloop
  endfacet
  facet normal 1 0 0
    outer loop
      vertex 8.28645133972 14.8967695236 1.09604799747
      vertex 8.28645133972 14.9111309052 1.07604801655
      vertex 8.28645133972 14.9111309052 1.09604799747
    endloop
  endfacet
  facet normal -1 0 0
    outer loop
      vertex 7.96059417725 14.9254903793 1.07604801655
      vertex 7.96059417725 14.9111309052 1.09604799747
      vertex 7.96059417725 14.9254903793 1.09604799747
    endloop
  endfacet
  facet normal 0 -0.583220660686 0.81231379509
    outer loop
      vertex 7.97476100922 14.9254903793 1.07604801655
      vertex 7.96059417725 14.9111309052 1.09604799747
      vertex 7.96059417725 14.9254903793 1.07604801655
    endloop
  endfacet
  facet normal 0 -0.583220660686 0.81231379509
    outer loop
      vertex 7.97476100922 14.9111309052 1.09604799747
      vertex 7.96059417725 14.9111309052 1.09604799747
      vertex 7.97476100922 14.9254903793 1.07604801655
    endloop
  endfacet
  facet normal 0 -0.583220660686 0.81231379509
    outer loop
      vertex 7.98892879486 14.9254903793 1.07604801655
      vertex 7.97476100922 14.9111309052 1.09604799747
      vertex 7.97476100922 14.9254903793 1.07604801655
    endloop
  endfacet
  facet normal 0 -0.583220660686 0.81231379509
    outer loop
      vertex 7.98892879486 14.9111309052 1.09604799747
      vertex 7.97476100922 14.9111309052 1.09604799747
      vertex 7.98892879486 14.9254903793 1.07604801655
    endloop
  endfacet
  facet normal 0 -0.583220660686 0.81231379509
    outer loop
      vertex 8.00309753418 14.9254903793 1.07604801655
      vertex 7.98892879486 14.9111309052 1.09604799747
      vertex 7.98892879486 14.9254903793 1.07604801655
    endloop
  endfacet
  facet normal 0 -0.583220660686 0.81231379509
    outer loop
      vertex 8.00309753418 14.9111309052 1.09604799747
      vertex 7.98892879486 14.9111309052 1.09604799747
      vertex 8.00309753418 14.9254903793 1.07604801655
    endloop
  endfacet
  facet normal 0 -0.583220660686 0.81231379509
    outer loop
      vertex 8.01726436615 14.9254903793 1.07604801655
      vertex 8.00309753418 14.9111309052 1.09604799747
      vertex 8.00309753418 14.9254903793 1.07604801655
    endloop
  endfacet
  facet normal 0 -0.583220660686 0.81231379509
    outer loop
      vertex 8.01726436615 14.9111309052 1.09604799747
      vertex 8.00309753418 14.9111309052 1.09604799747
      vertex 8.01726436615 14.9254903793 1.07604801655
    endloop
  endfacet
  facet normal 0 -0.583220660686 0.81231379509
    outer loop
      vertex 8.03143215179 14.9254903793 1.07604801655
      vertex 8.01726436615 14.9111309052 1.09604799747
      vertex 8.01726436615 14.9254903793 1.07604801655
    endloop
  endfacet
  facet normal 0 -0.583220660686 0.81231379509
    outer loop
      vertex 8.03143215179 14.9111309052 1.09604799747
      vertex 8.01726436615 14.9111309052 1.09604799747
      vertex 8.03143215179 14.9254903793 1.07604801655
    endloop
  endfacet
  facet normal 0 -0.583220660686 0.81231379509
    outer loop
      vertex 8.04559993744 14.9254903793 1.07604801655
      vertex 8.03143215179 14.9111309052 1.09604799747
      vertex 8.03143215179 14.9254903793 1.07604801655
    endloop
  endfacet
  facet normal 0 -0.583220660686 0.81231379509
    outer loop
      vertex 8.04559993744 14.9111309052 1.09604799747
      vertex 8.03143215179 14.9111309052 1.09604799747
      vertex 8.04559993744 14.9254903793 1.07604801655
    endloop
  endfacet
  facet normal -0.63560372591 -0.45025536418 0.627118825912
    outer loop
      vertex 8.05976772308 14.9111309052 1.07604801655
      vertex 8.04559993744 14.9111309052 1.09604799747
      vertex 8.04559993744 14.9254903793 1.07604801655
    endloop
  endfacet
  facet normal 1 -0 0
    outer loop
      vertex 8.28645133972 14.9111309052 1.07604801655
      vertex 8.28645133972 14.9254903793 1.07604801655
      vertex 8.28645133972 14.9111309052 1.09604799747
    endloop
  endfacet
  facet normal 1 0 0
    outer loop
      vertex 8.28645133972 14.9111309052 1.09604799747
      vertex 8.28645133972 14.9254903793 1.07604801655
      vertex 8.28645133972 14.9254903793 1.09604799747
    endloop
  endfacet
  facet normal -0.635591089725 -0.450261414051 0.627127289772
    outer loop
      vertex 7.94642591476 14.9398498535 1.09604799747
      vertex 7.96059417725 14.9398498535 1.07604801655
      vertex 7.96059417725 14.9254903793 1.09604799747
    endloop
  endfacet
  facet normal -1 0 0
    outer loop
      vertex 7.96059417725 14.9398498535 1.07604801655
      vertex 7.96059417725 14.9254903793 1.07604801655
      vertex 7.96059417725 14.9254903793 1.09604799747
    endloop
  endfacet
  facet normal 1 -0 0
    outer loop
      vertex 8.28645133972 14.9254903793 1.07604801655
      vertex 8.28645133972 14.9398498535 1.07604801655
      vertex 8.28645133972 14.9254903793 1.09604799747
    endloop
  endfacet
  facet normal 1 0 0
    outer loop
      vertex 8.28645133972 14.9254903793 1.09604799747
      vertex 8.28645133972 14.9398498535 1.07604801655
      vertex 8.28645133972 14.9398498535 1.09604799747
    endloop
  endfacet
  facet normal 0 0 -1
    outer loop
      vertex 7.96059417725 14.9398498535 1.07604801655
      vertex 7.94642591476 14.9398498535 1.09604799747
      vertex 7.96059417725 14.9398498535 1.09604799747
    endloop
  endfacet
  facet normal 0 0 -1
    outer loop
      vertex 7.97476100922 14.9398498535 1.07604801655
      vertex 7.96059417725 14.9398498535 1.07604801655
      vertex 7.97476100922 14.9398498535 1.09604799747
    endloop
  endfacet
  facet normal 0 0 -1
    outer loop
      vertex 7.96059417725 14.9398498535 1.07604801655
      vertex 7.96059417725 14.9398498535 1.09604799747
      vertex 7.97476100922 14.9398498535 1.09604799747
    endloop
  endfacet
  facet normal 0 0 -1
    outer loop
      vertex 7.98892879486 14.9398498535 1.07604801655
      vertex 7.97476100922 14.9398498535 1.07604801655
      vertex 7.98892879486 14.9398498535 1.09604799747
    endloop
  endfacet
  facet normal 0 0 -1
    outer loop
      vertex 7.97476100922 14.9398498535 1.07604801655
      vertex 7.97476100922 14.9398498535 1.09604799747
      vertex 7.98892879486 14.9398498535 1.09604799747
    endloop
  endfacet
  facet normal 0 0 -1
    outer loop
      vertex 8.00309753418 14.9398498535 1.07604801655
      vertex 7.98892879486 14.9398498535 1.07604801655
      vertex 8.00309753418 14.9398498535 1.09604799747
    endloop
  endfacet
  facet normal 0 0 -1
    outer loop
      vertex 7.98892879486 14.9398498535 1.07604801655
      vertex 7.98892879486 14.9398498535 1.09604799747
      vertex 8.00309753418 14.9398498535 1.09604799747
    endloop
  endfacet
  facet normal 0 0 -1
    outer loop
      vertex 8.01726436615 14.9398498535 1.07604801655
      vertex 8.00309753418 14.9398498535 1.07604801655
      vertex 8.01726436615 14.9398498535 1.09604799747
    endloop
  endfacet
  facet normal 0 0 -1
    outer loop
      vertex 8.00309753418 14.9398498535 1.07604801655
      vertex 8.00309753418 14.9398498535 1.09604799747
      vertex 8.01726436615 14.9398498535 1.09604799747
    endloop
  endfacet
  facet normal 0 0 -1
    outer loop
      vertex 8.03143215179 14.9398498535 1.07604801655
      vertex 8.01726436615 14.9398498535 1.07604801655
      vertex 8.03143215179 14.9398498535 1.09604799747
    endloop
  endfacet
  facet normal 0 0 -1
    outer loop
      vertex 8.01726436615 14.9398498535 1.07604801655
      vertex 8.01726436615 14.9398498535 1.09604799747
      vertex 8.03143215179 14.9398498535 1.09604799747
    endloop
  endfacet
  facet normal 0 0 -1
    outer loop
      vertex 8.04559993744 14.9398498535 1.07604801655
      vertex 8.03143215179 14.9398498535 1.07604801655
      vertex 8.04559993744 14.9398498535 1.09604799747
    endloop
  endfacet
  facet normal 0 0 -1
    outer loop
      vertex 8.03143215179 14.9398498535 1.07604801655
      vertex 8.03143215179 14.9398498535 1.09604799747
      vertex 8.04559993744 14.9398498535 1.09604799747
    endloop
  endfacet
  facet normal 0 0 -1
    outer loop
      vertex 8.05976772308 14.9398498535 1.07604801655
      vertex 8.04559993744 14.9398498535 1.07604801655
      vertex 8.05976772308 14.9398498535 1.09604799747
    endloop
  endfacet
  facet normal 0 0 -1
    outer loop
      vertex 8.04559993744 14.9398498535 1.07604801655
      vertex 8.04559993744 14.9398498535 1.09604799747
      vertex 8.05976772308 14.9398498535 1.09604799747
    endloop
  endfacet
  facet normal 0 0 -1
    outer loop
      vertex 8.0739364624 14.9398498535 1.07604801655
      vertex 8.05976772308 14.9398498535 1.07604801655
      vertex 8.0739364624 14.9398498535 1.09604799747
    endloop
  endfacet
  facet normal 0 0 -1
    outer loop
      vertex 8.05976772308 14.9398498535 1.07604801655
      vertex 8.05976772308 14.9398498535 1.09604799747
      vertex 8.0739364624 14.9398498535 1.09604799747
    endloop
  endfacet
  facet normal 0 0 -1
    outer loop
      vertex 8.08810329437 14.9398498535 1.07604801655
      vertex 8.0739364624 14.9398498535 1.07604801655
      vertex 8.08810329437 14.9398498535 1.09604799747
    endloop
  endfacet
  facet normal 0 0 -1
    outer loop
      vertex 8.0739364624 14.9398498535 1.07604801655
      vertex 8.0739364624 14.9398498535 1.09604799747
      vertex 8.08810329437 14.9398498535 1.09604799747
    endloop
  endfacet
  facet normal 0 0 -1
    outer loop
      vertex 8.10227108002 14.9398498535 1.07604801655
      vertex 8.08810329437 14.9398498535 1.07604801655
      vertex 8.10227108002 14.9398498535 1.09604799747
    endloop
  endfacet
  facet normal 0 0 -1
    outer loop
      vertex 8.08810329437 14.9398498535 1.07604801655
      vertex 8.08810329437 14.9398498535 1.09604799747
      vertex 8.10227108002 14.9398498535 1.09604799747
    endloop
  endfacet
  facet normal 0 0 -1
    outer loop
      vertex 8.11643886566 14.9398498535 1.07604801655
      vertex 8.10227108002 14.9398498535 1.07604801655
      vertex 8.11643886566 14.9398498535 1.09604799747
    endloop
  endfacet
  facet normal 0 0 -1
    outer loop
      vertex 8.10227108002 14.9398498535 1.07604801655
      vertex 8.10227108002 14.9398498535 1.09604799747
      vertex 8.11643886566 14.9398498535 1.09604799747
    endloop
  endfacet
  facet normal 0 0 -1
    outer loop
      vertex 8.13060665131 14.9398498535 1.07604801655
      vertex 8.11643886566 14.9398498535 1.07604801655
      vertex 8.13060665131 14.9398498535 1.09604799747
    endloop
  endfacet
  facet normal 0 0 -1
    outer loop
      vertex 8.11643886566 14.9398498535 1.07604801655
      vertex 8.11643886566 14.9398498535 1.09604799747
      vertex 8.13060665131 14.9398498535 1.09604799747
    endloop
  endfacet
  facet normal 0 0 -1
    outer loop
      vertex 8.1447725296 14.9398498535 1.07604801655
      vertex 8.13060665131 14.9398498535 1.07604801655
      vertex 8.1447725296 14.9398498535 1.09604799747
    endloop
  endfacet
  facet normal 0 0 -1
    outer loop
      vertex 8.13060665131 14.9398498535 1.07604801655
      vertex 8.13060665131 14.9398498535 1.09604799747
      vertex 8.1447725296 14.9398498535 1.09604799747
    endloop
  endfacet
  facet normal 0 0 -1
    outer loop
      vertex 8.15894126892 14.9398498535 1.07604801655
      vertex 8.1447725296 14.9398498535 1.07604801655
      vertex 8.15894126892 14.9398498535 1.09604799747
    endloop
  endfacet
  facet normal 0 0 -1
    outer loop
      vertex 8.1447725296 14.9398498535 1.07604801655
      vertex 8.1447725296 14.9398498535 1.09604799747
      vertex 8.15894126892 14.9398498535 1.09604799747
    endloop
  endfacet
  facet normal 0 0 -1
    outer loop
      vertex 8.17310905457 14.9398498535 1.07604801655
      vertex 8.15894126892 14.9398498535 1.07604801655
      vertex 8.17310905457 14.9398498535 1.09604799747
    endloop
  endfacet
  facet normal 0 0 -1
    outer loop
      vertex 8.15894126892 14.9398498535 1.07604801655
      vertex 8.15894126892 14.9398498535 1.09604799747
      vertex 8.17310905457 14.9398498535 1.09604799747
    endloop
  endfacet
  facet normal 0 0 -1
    outer loop
      vertex 8.18727684021 14.9398498535 1.07604801655
      vertex 8.17310905457 14.9398498535 1.07604801655
      vertex 8.18727684021 14.9398498535 1.09604799747
    endloop
  endfacet
  facet normal 0 0 -1
    outer loop
      vertex 8.17310905457 14.9398498535 1.07604801655
      vertex 8.17310905457 14.9398498535 1.09604799747
      vertex 8.18727684021 14.9398498535 1.09604799747
    endloop
  endfacet
  facet normal 0 0 -1
    outer loop
      vertex 8.20144462585 14.9398498535 1.07604801655
      vertex 8.18727684021 14.9398498535 1.07604801655
      vertex 8.20144462585 14.9398498535 1.09604799747
    endloop
  endfacet
  facet normal 0 0 -1
    outer loop
      vertex 8.18727684021 14.9398498535 1.07604801655
      vertex 8.18727684021 14.9398498535 1.09604799747
      vertex 8.20144462585 14.9398498535 1.09604799747
    endloop
  endfacet
  facet normal 0 0 -1
    outer loop
      vertex 8.2156124115 14.9398498535 1.07604801655
      vertex 8.20144462585 14.9398498535 1.07604801655
      vertex 8.2156124115 14.9398498535 1.09604799747
    endloop
  endfacet
  facet normal 0 0 -1
    outer loop
      vertex 8.20144462585 14.9398498535 1.07604801655
      vertex 8.20144462585 14.9398498535 1.09604799747
      vertex 8.2156124115 14.9398498535 1.09604799747
    endloop
  endfacet
  facet normal 0 0 -1
    outer loop
      vertex 8.22978019714 14.9398498535 1.07604801655
      vertex 8.2156124115 14.9398498535 1.07604801655
      vertex 8.22978019714 14.9398498535 1.09604799747
    endloop
  endfacet
  facet normal 0 0 -1
    outer loop
      vertex 8.2156124115 14.9398498535 1.07604801655
      vertex 8.2156124115 14.9398498535 1.09604799747
      vertex 8.22978019714 14.9398498535 1.09604799747
    endloop
  endfacet
  facet normal 0 0 -1
    outer loop
      vertex 8.24394798279 14.9398498535 1.07604801655
      vertex 8.22978019714 14.9398498535 1.07604801655
      vertex 8.24394798279 14.9398498535 1.09604799747
    endloop
  endfacet
  facet normal 0 0 -1
    outer loop
      vertex 8.22978019714 14.9398498535 1.07604801655
      vertex 8.22978019714 14.9398498535 1.09604799747
      vertex 8.24394798279 14.9398498535 1.09604799747
    endloop
  endfacet
  facet normal 0 0 -1
    outer loop
      vertex 8.25811576843 14.9398498535 1.07604801655
      vertex 8.24394798279 14.9398498535 1.07604801655
      vertex 8.25811576843 14.9398498535 1.09604799747
    endloop
  endfacet
  facet normal 0 0 -1
    outer loop
      vertex 8.24394798279 14.9398498535 1.07604801655
      vertex 8.24394798279 14.9398498535 1.09604799747
      vertex 8.25811576843 14.9398498535 1.09604799747
    endloop
  endfacet
  facet normal 0 0 -1
    outer loop
      vertex 8.27228355408 14.9398498535 1.07604801655
      vertex 8.25811576843 14.9398498535 1.07604801655
      vertex 8.27228355408 14.9398498535 1.09604799747
    endloop
  endfacet
  facet normal 0 0 -1
    outer loop
      vertex 8.25811576843 14.9398498535 1.07604801655
      vertex 8.25811576843 14.9398498535 1.09604799747
      vertex 8.27228355408 14.9398498535 1.09604799747
    endloop
  endfacet
  facet normal 0 0 -1
    outer loop
      vertex 8.28645133972 14.9398498535 1.07604801655
      vertex 8.27228355408 14.9398498535 1.07604801655
      vertex 8.28645133972 14.9398498535 1.09604799747
    endloop
  endfacet
  facet normal 0 0 -1
    outer loop
      vertex 8.27228355408 14.9398498535 1.07604801655
      vertex 8.27228355408 14.9398498535 1.09604799747
      vertex 8.28645133972 14.9398498535 1.09604799747
    endloop
  endfacet
  facet normal 0 -1 -0
    outer loop
      vertex 8.2156124115 14.7962532043 1.1160479784
      vertex 8.20144462585 14.8106126785 1.1160479784
      vertex 8.2156124115 14.8106126785 1.1160479784
    endloop
  endfacet
  facet normal -0 -1 -0
    outer loop
      vertex 8.22978019714 14.7962532043 1.1160479784
      vertex 8.2156124115 14.7962532043 1.1160479784
      vertex 8.22978019714 14.8106126785 1.1160479784
    endloop
  endfacet
  facet normal 0 -1 0
    outer loop
      vertex 8.22978019714 14.8106126785 1.1160479784
      vertex 8.2156124115 14.7962532043 1.1160479784
      vertex 8.2156124115 14.8106126785 1.1160479784
    endloop
  endfacet
  facet normal -0 -1 -0
    outer loop
      vertex 8.24394798279 14.7962532043 1.1160479784
      vertex 8.22978019714 14.7962532043 1.1160479784
      vertex 8.24394798279 14.8106126785 1.1160479784
    endloop
  endfacet
  facet normal 0 -1 0
    outer loop
      vertex 8.24394798279 14.8106126785 1.1160479784
      vertex 8.22978019714 14.7962532043 1.1160479784
      vertex 8.22978019714 14.8106126785 1.1160479784
    endloop
  endfacet
  facet normal 0 -1 0
    outer loop
      vertex 8.25811576843 14.8106126785 1.1160479784
      vertex 8.24394798279 14.7962532043 1.1160479784
      vertex 8.24394798279 14.8106126785 1.1160479784
    endloop
  endfacet
  facet normal 0 -1 -0
    outer loop
      vertex 8.20144462585 14.8106126785 1.1160479784
      vertex 8.18727684021 14.8249721527 1.1160479784
      vertex 8.20144462585 14.8249721527 1.1160479784
    endloop
  endfacet
  facet normal -0 -1 -0
    outer loop
      vertex 8.2156124115 14.8106126785 1.1160479784
      vertex 8.20144462585 14.8106126785 1.1160479784
      vertex 8.2156124115 14.8249721527 1.1160479784
    endloop
  endfacet
  facet normal 0 -1 0
    outer loop
      vertex 8.2156124115 14.8249721527 1.1160479784
      vertex 8.20144462585 14.8106126785 1.1160479784
      vertex 8.20144462585 14.8249721527 1.1160479784
    endloop
  endfacet
  facet normal -0 -1 -0
    outer loop
      vertex 8.22978019714 14.8106126785 1.1160479784
      vertex 8.2156124115 14.8106126785 1.1160479784
      vertex 8.22978019714 14.8249721527 1.1160479784
    endloop
  endfacet
  facet normal 0 -1 0
    outer loop
      vertex 8.22978019714 14.8249721527 1.1160479784
      vertex 8.2156124115 14.8106126785 1.1160479784
      vertex 8.2156124115 14.8249721527 1.1160479784
    endloop
  endfacet
  facet normal -0 -1 -0
    outer loop
      vertex 8.24394798279 14.8106126785 1.1160479784
      vertex 8.22978019714 14.8106126785 1.1160479784
      vertex 8.24394798279 14.8249721527 1.1160479784
    endloop
  endfacet
  facet normal 0 -1 0
    outer loop
      vertex 8.24394798279 14.8249721527 1.1160479784
      vertex 8.22978019714 14.8106126785 1.1160479784
      vertex 8.22978019714 14.8249721527 1.1160479784
    endloop
  endfacet
  facet normal -0 -1 -0
    outer loop
      vertex 8.25811576843 14.8106126785 1.1160479784
      vertex 8.24394798279 14.8106126785 1.1160479784
      vertex 8.25811576843 14.8249721527 1.1160479784
    endloop
  endfacet
  facet normal 0 -1 0
    outer loop
      vertex 8.25811576843 14.8249721527 1.1160479784
      vertex 8.24394798279 14.8106126785 1.1160479784
      vertex 8.24394798279 14.8249721527 1.1160479784
    endloop
  endfacet
  facet normal -0 -1 -0
    outer loop
      vertex 8.27228355408 14.8106126785 1.1160479784
      vertex 8.25811576843 14.8106126785 1.1160479784
      vertex 8.27228355408 14.8249721527 1.1160479784
    endloop
  endfacet
  facet normal 0 -1 0
    outer loop
      vertex 8.27228355408 14.8249721527 1.1160479784
      vertex 8.25811576843 14.8106126785 1.1160479784
      vertex 8.25811576843 14.8249721527 1.1160479784
    endloop
  endfacet
  facet normal 0 -1 -0
    outer loop
      vertex 8.1447725296 14.8249721527 1.1160479784
      vertex 8.13060665131 14.8393316269 1.1160479784
      vertex 8.1447725296 14.8393316269 1.1160479784
    endloop
  endfacet
  facet normal -0 -1 -0
    outer loop
      vertex 8.15894126892 14.8249721527 1.1160479784
      vertex 8.1447725296 14.8249721527 1.1160479784
      vertex 8.15894126892 14.8393316269 1.1160479784
    endloop
  endfacet
  facet normal 0 -1 0
    outer loop
      vertex 8.15894126892 14.8393316269 1.1160479784
      vertex 8.1447725296 14.8249721527 1.1160479784
      vertex 8.1447725296 14.8393316269 1.1160479784
    endloop
  endfacet
  facet normal -0 -1 -0
    outer loop
      vertex 8.17310905457 14.8249721527 1.1160479784
      vertex 8.15894126892 14.8249721527 1.1160479784
      vertex 8.17310905457 14.8393316269 1.1160479784
    endloop
  endfacet
  facet normal 0 -1 0
    outer loop
      vertex 8.17310905457 14.8393316269 1.1160479784
      vertex 8.15894126892 14.8249721527 1.1160479784
      vertex 8.15894126892 14.8393316269 1.1160479784
    endloop
  endfacet
  facet normal -0 -1 -0
    outer loop
      vertex 8.18727684021 14.8249721527 1.1160479784
      vertex 8.17310905457 14.8249721527 1.1160479784
      vertex 8.18727684021 14.8393316269 1.1160479784
    endloop
  endfacet
  facet normal 0 -1 0
    outer loop
      vertex 8.18727684021 14.8393316269 1.1160479784
      vertex 8.17310905457 14.8249721527 1.1160479784
      vertex 8.17310905457 14.8393316269 1.1160479784
    endloop
  endfacet
  facet normal -0 -1 -0
    outer loop
      vertex 8.20144462585 14.8249721527 1.1160479784
      vertex 8.18727684021 14.8249721527 1.1160479784
      vertex 8.20144462585 14.8393316269 1.1160479784
    endloop
  endfacet
  facet normal 0 -1 0
    outer loop
      vertex 8.20144462585 14.8393316269 1.1160479784
      vertex 8.18727684021 14.8249721527 1.1160479784
      vertex 8.18727684021 14.8393316269 1.1160479784
    endloop
  endfacet
  facet normal -0 -1 -0
    outer loop
      vertex 8.2156124115 14.8249721527 1.1160479784
      vertex 8.20144462585 14.8249721527 1.1160479784
      vertex 8.2156124115 14.8393316269 1.1160479784
    endloop
  endfacet
  facet normal 0 -1 0
    outer loop
      vertex 8.2156124115 14.8393316269 1.1160479784
      vertex 8.20144462585 14.8249721527 1.1160479784
      vertex 8.20144462585 14.8393316269 1.1160479784
    endloop
  endfacet
  facet normal -0 -1 -0
    outer loop
      vertex 8.22978019714 14.8249721527 1.1160479784
      vertex 8.2156124115 14.8249721527 1.1160479784
      vertex 8.22978019714 14.8393316269 1.1160479784
    endloop
  endfacet
  facet normal 0 -1 0
    outer loop
      vertex 8.22978019714 14.8393316269 1.1160479784
      vertex 8.2156124115 14.8249721527 1.1160479784
      vertex 8.2156124115 14.8393316269 1.1160479784
    endloop
  endfacet
  facet normal -0.635603666306 -0.45025524497 0.627118945122
    outer loop
      vertex 8.24394798279 14.8393316269 1.09604799747
      vertex 8.24394798279 14.8249721527 1.1160479784
      vertex 8.22978019714 14.8393316269 1.1160479784
    endloop
  endfacet
  facet normal -0 -1 0
    outer loop
      vertex 8.24394798279 14.8249721527 1.1160479784
      vertex 8.22978019714 14.8249721527 1.1160479784
      vertex 8.22978019714 14.8393316269 1.1160479784
    endloop
  endfacet
  facet normal 0 -0.583220481873 0.812313914299
    outer loop
      vertex 8.25811576843 14.8393316269 1.09604799747
      vertex 8.24394798279 14.8249721527 1.1160479784
      vertex 8.24394798279 14.8393316269 1.09604799747
    endloop
  endfacet
  facet normal 0 -0.583220481873 0.812313914299
    outer loop
      vertex 8.25811576843 14.8249721527 1.1160479784
      vertex 8.24394798279 14.8249721527 1.1160479784
      vertex 8.25811576843 14.8393316269 1.09604799747
    endloop
  endfacet
  facet normal 0.635603666306 -0.45025524497 0.627118945122
    outer loop
      vertex 8.25811576843 14.8393316269 1.09604799747
      vertex 8.27228355408 14.8393316269 1.1160479784
      vertex 8.25811576843 14.8249721527 1.1160479784
    endloop
  endfacet
  facet normal 0 -1 0
    outer loop
      vertex 8.27228355408 14.8393316269 1.1160479784
      vertex 8.27228355408 14.8249721527 1.1160479784
      vertex 8.25811576843 14.8249721527 1.1160479784
    endloop
  endfacet
  facet normal 0 -1 0
    outer loop
      vertex 8.28645133972 14.8393316269 1.1160479784
      vertex 8.27228355408 14.8249721527 1.1160479784
      vertex 8.27228355408 14.8393316269 1.1160479784
    endloop
  endfacet
  facet normal 0 -1 -0
    outer loop
      vertex 8.0739364624 14.8393316269 1.1160479784
      vertex 8.05976772308 14.8536920547 1.1160479784
      vertex 8.0739364624 14.8536920547 1.1160479784
    endloop
  endfacet
  facet normal -0 -1 -0
    outer loop
      vertex 8.08810329437 14.8393316269 1.1160479784
      vertex 8.0739364624 14.8393316269 1.1160479784
      vertex 8.08810329437 14.8536920547 1.1160479784
    endloop
  endfacet
  facet normal 0 -1 0
    outer loop
      vertex 8.08810329437 14.8536920547 1.1160479784
      vertex 8.0739364624 14.8393316269 1.1160479784
      vertex 8.0739364624 14.8536920547 1.1160479784
    endloop
  endfacet
  facet normal -0 -1 -0
    outer loop
      vertex 8.10227108002 14.8393316269 1.1160479784
      vertex 8.08810329437 14.8393316269 1.1160479784
      vertex 8.10227108002 14.8536920547 1.1160479784
    endloop
  endfacet
  facet normal 0 -1 0
    outer loop
      vertex 8.10227108002 14.8536920547 1.1160479784
      vertex 8.08810329437 14.8393316269 1.1160479784
      vertex 8.08810329437 14.8536920547 1.1160479784
    endloop
  endfacet
  facet normal -0 -1 -0
    outer loop
      vertex 8.11643886566 14.8393316269 1.1160479784
      vertex 8.10227108002 14.8393316269 1.1160479784
      vertex 8.11643886566 14.8536920547 1.1160479784
    endloop
  endfacet
  facet normal 0 -1 0
    outer loop
      vertex 8.11643886566 14.8536920547 1.1160479784
      vertex 8.10227108002 14.8393316269 1.1160479784
      vertex 8.10227108002 14.8536920547 1.1160479784
    endloop
  endfacet
  facet normal -0 -1 -0
    outer loop
      vertex 8.13060665131 14.8393316269 1.1160479784
      vertex 8.11643886566 14.8393316269 1.1160479784
      vertex 8.13060665131 14.8536920547 1.1160479784
    endloop
  endfacet
  facet normal 0 -1 0
    outer loop
      vertex 8.13060665131 14.8536920547 1.1160479784
      vertex 8.11643886566 14.8393316269 1.1160479784
      vertex 8.11643886566 14.8536920547 1.1160479784
    endloop
  endfacet
  facet normal -0 -1 -0
    outer loop
      vertex 8.1447725296 14.8393316269 1.1160479784
      vertex 8.13060665131 14.8393316269 1.1160479784
      vertex 8.1447725296 14.8536920547 1.1160479784
    endloop
  endfacet
  facet normal 0 -1 0
    outer loop
      vertex 8.1447725296 14.8536920547 1.1160479784
      vertex 8.13060665131 14.8393316269 1.1160479784
      vertex 8.13060665131 14.8536920547 1.1160479784
    endloop
  endfacet
  facet normal -0 -1 -0
    outer loop
      vertex 8.15894126892 14.8393316269 1.1160479784
      vertex 8.1447725296 14.8393316269 1.1160479784
      vertex 8.15894126892 14.8536920547 1.1160479784
    endloop
  endfacet
  facet normal 0 -1 0
    outer loop
      vertex 8.15894126892 14.8536920547 1.1160479784
      vertex 8.1447725296 14.8393316269 1.1160479784
      vertex 8.1447725296 14.8536920547 1.1160479784
    endloop
  endfacet
  facet normal -0 -1 -0
    outer loop
      vertex 8.17310905457 14.8393316269 1.1160479784
      vertex 8.15894126892 14.8393316269 1.1160479784
      vertex 8.17310905457 14.8536920547 1.1160479784
    endloop
  endfacet
  facet normal 0 -1 0
    outer loop
      vertex 8.17310905457 14.8536920547 1.1160479784
      vertex 8.15894126892 14.8393316269 1.1160479784
      vertex 8.15894126892 14.8536920547 1.1160479784
    endloop
  endfacet
  facet normal -0 -1 -0
    outer loop
      vertex 8.18727684021 14.8393316269 1.1160479784
      vertex 8.17310905457 14.8393316269 1.1160479784
      vertex 8.18727684021 14.8536920547 1.1160479784
    endloop
  endfacet
  facet normal 0 -1 0
    outer loop
      vertex 8.18727684021 14.8536920547 1.1160479784
      vertex 8.17310905457 14.8393316269 1.1160479784
      vertex 8.17310905457 14.8536920547 1.1160479784
    endloop
  endfacet
  facet normal -0 -1 -0
    outer loop
      vertex 8.20144462585 14.8393316269 1.1160479784
      vertex 8.18727684021 14.8393316269 1.1160479784
      vertex 8.20144462585 14.8536920547 1.1160479784
    endloop
  endfacet
  facet normal 0 -1 0
    outer loop
      vertex 8.20144462585 14.8536920547 1.1160479784
      vertex 8.18727684021 14.8393316269 1.1160479784
      vertex 8.18727684021 14.8536920547 1.1160479784
    endloop
  endfacet
  facet normal -0.635620355606 -0.45026704669 0.627093613148
    outer loop
      vertex 8.2156124115 14.8536920547 1.09604799747
      vertex 8.2156124115 14.8393316269 1.1160479784
      vertex 8.20144462585 14.8536920547 1.1160479784
    endloop
  endfacet
  facet normal -0 -1 0
    outer loop
      vertex 8.2156124115 14.8393316269 1.1160479784
      vertex 8.20144462585 14.8393316269 1.1160479784
      vertex 8.20144462585 14.8536920547 1.1160479784
    endloop
  endfacet
  facet normal 0 -0.58324611187 0.812295496464
    outer loop
      vertex 8.22978019714 14.8536920547 1.09604799747
      vertex 8.2156124115 14.8393316269 1.1160479784
      vertex 8.2156124115 14.8536920547 1.09604799747
    endloop
  endfacet
  facet normal 0 -0.58324611187 0.812295496464
    outer loop
      vertex 8.22978019714 14.8393316269 1.1160479784
      vertex 8.2156124115 14.8393316269 1.1160479784
      vertex 8.22978019714 14.8536920547 1.09604799747
    endloop
  endfacet
  facet normal -0.635620355606 -0.45026704669 0.627093613148
    outer loop
      vertex 8.24394798279 14.8393316269 1.09604799747
      vertex 8.22978019714 14.8393316269 1.1160479784
      vertex 8.22978019714 14.8536920547 1.09604799747
    endloop
  endfacet
  facet normal 0.816002726555 -0.578048110008 0
    outer loop
      vertex 8.27228355408 14.8393316269 1.1160479784
      vertex 8.25811576843 14.8536920547 1.09604799747
      vertex 8.27228355408 14.8536920547 1.1160479784
    endloop
  endfacet
  facet normal 0.816002726555 -0.578048110008 0
    outer loop
      vertex 8.25811576843 14.8393316269 1.09604799747
      vertex 8.25811576843 14.8536920547 1.09604799747
      vertex 8.27228355408 14.8393316269 1.1160479784
    endloop
  endfacet
  facet normal -0 -1 -0
    outer loop
      vertex 8.28645133972 14.8393316269 1.1160479784
      vertex 8.27228355408 14.8393316269 1.1160479784
      vertex 8.28645133972 14.8536920547 1.1160479784
    endloop
  endfacet
  facet normal 0 -1 0
    outer loop
      vertex 8.28645133972 14.8536920547 1.1160479784
      vertex 8.27228355408 14.8393316269 1.1160479784
      vertex 8.27228355408 14.8536920547 1.1160479784
    endloop
  endfacet
  facet normal 0 -1 -0
    outer loop
      vertex 7.97476100922 14.8536920547 1.1160479784
      vertex 7.96059417725 14.8680515289 1.1160479784
      vertex 7.97476100922 14.8680515289 1.1160479784
    endloop
  endfacet
  facet normal -0 -1 -0
    outer loop
      vertex 7.98892879486 14.8536920547 1.1160479784
      vertex 7.97476100922 14.8536920547 1.1160479784
      vertex 7.98892879486 14.8680515289 1.1160479784
    endloop
  endfacet
  facet normal 0 -1 0
    outer loop
      vertex 7.98892879486 14.8680515289 1.1160479784
      vertex 7.97476100922 14.8536920547 1.1160479784
      vertex 7.97476100922 14.8680515289 1.1160479784
    endloop
  endfacet
  facet normal -0 -1 -0
    outer loop
      vertex 8.00309753418 14.8536920547 1.1160479784
      vertex 7.98892879486 14.8536920547 1.1160479784
      vertex 8.00309753418 14.8680515289 1.1160479784
    endloop
  endfacet
  facet normal 0 -1 0
    outer loop
      vertex 8.00309753418 14.8680515289 1.1160479784
      vertex 7.98892879486 14.8536920547 1.1160479784
      vertex 7.98892879486 14.8680515289 1.1160479784
    endloop
  endfacet
  facet normal -0 -1 -0
    outer loop
      vertex 8.01726436615 14.8536920547 1.1160479784
      vertex 8.00309753418 14.8536920547 1.1160479784
      vertex 8.01726436615 14.8680515289 1.1160479784
    endloop
  endfacet
  facet normal 0 -1 0
    outer loop
      vertex 8.01726436615 14.8680515289 1.1160479784
      vertex 8.00309753418 14.8536920547 1.1160479784
      vertex 8.00309753418 14.8680515289 1.1160479784
    endloop
  endfacet
  facet normal -0 -1 -0
    outer loop
      vertex 8.03143215179 14.8536920547 1.1160479784
      vertex 8.01726436615 14.8536920547 1.1160479784
      vertex 8.03143215179 14.8680515289 1.1160479784
    endloop
  endfacet
  facet normal 0 -1 0
    outer loop
      vertex 8.03143215179 14.8680515289 1.1160479784
      vertex 8.01726436615 14.8536920547 1.1160479784
      vertex 8.01726436615 14.8680515289 1.1160479784
    endloop
  endfacet
  facet normal -0 -1 -0
    outer loop
      vertex 8.04559993744 14.8536920547 1.1160479784
      vertex 8.03143215179 14.8536920547 1.1160479784
      vertex 8.04559993744 14.8680515289 1.1160479784
    endloop
  endfacet
  facet normal 0 -1 0
    outer loop
      vertex 8.04559993744 14.8680515289 1.1160479784
      vertex 8.03143215179 14.8536920547 1.1160479784
      vertex 8.03143215179 14.8680515289 1.1160479784
    endloop
  endfacet
  facet normal -0 -1 -0
    outer loop
      vertex 8.05976772308 14.8536920547 1.1160479784
      vertex 8.04559993744 14.8536920547 1.1160479784
      vertex 8.05976772308 14.8680515289 1.1160479784
    endloop
  endfacet
  facet normal 0 -1 0
    outer loop
      vertex 8.05976772308 14.8680515289 1.1160479784
      vertex 8.04559993744 14.8536920547 1.1160479784
      vertex 8.04559993744 14.8680515289 1.1160479784
    endloop
  endfacet
  facet normal -0 -1 -0
    outer loop
      vertex 8.0739364624 14.8536920547 1.1160479784
      vertex 8.05976772308 14.8536920547 1.1160479784
      vertex 8.0739364624 14.8680515289 1.1160479784
    endloop
  endfacet
  facet normal 0 -1 0
    outer loop
      vertex 8.0739364624 14.8680515289 1.1160479784
      vertex 8.05976772308 14.8536920547 1.1160479784
      vertex 8.05976772308 14.8680515289 1.1160479784
    endloop
  endfacet
  facet normal -0 -1 -0
    outer loop
      vertex 8.08810329437 14.8536920547 1.1160479784
      vertex 8.0739364624 14.8536920547 1.1160479784
      vertex 8.08810329437 14.8680515289 1.1160479784
    endloop
  endfacet
  facet normal 0 -1 0
    outer loop
      vertex 8.08810329437 14.8680515289 1.1160479784
      vertex 8.0739364624 14.8536920547 1.1160479784
      vertex 8.0739364624 14.8680515289 1.1160479784
    endloop
  endfacet
  facet normal -0 -1 -0
    outer loop
      vertex 8.10227108002 14.8536920547 1.1160479784
      vertex 8.08810329437 14.8536920547 1.1160479784
      vertex 8.10227108002 14.8680515289 1.1160479784
    endloop
  endfacet
  facet normal 0 -1 0
    outer loop
      vertex 8.10227108002 14.8680515289 1.1160479784
      vertex 8.08810329437 14.8536920547 1.1160479784
      vertex 8.08810329437 14.8680515289 1.1160479784
    endloop
  endfacet
  facet normal -0 -1 -0
    outer loop
      vertex 8.11643886566 14.8536920547 1.1160479784
      vertex 8.10227108002 14.8536920547 1.1160479784
      vertex 8.11643886566 14.8680515289 1.1160479784
    endloop
  endfacet
  facet normal 0 -1 0
    outer loop
      vertex 8.11643886566 14.8680515289 1.1160479784
      vertex 8.10227108002 14.8536920547 1.1160479784
      vertex 8.10227108002 14.8680515289 1.1160479784
    endloop
  endfacet
  facet normal -0 -1 -0
    outer loop
      vertex 8.13060665131 14.8536920547 1.1160479784
      vertex 8.11643886566 14.8536920547 1.1160479784
      vertex 8.13060665131 14.8680515289 1.1160479784
    endloop
  endfacet
  facet normal 0 -1 0
    outer loop
      vertex 8.13060665131 14.8680515289 1.1160479784
      vertex 8.11643886566 14.8536920547 1.1160479784
      vertex 8.11643886566 14.8680515289 1.1160479784
    endloop
  endfacet
  facet normal -0.635654807091 -0.450230807066 0.627084672451
    outer loop
      vertex 8.1447725296 14.8680515289 1.09604799747
      vertex 8.1447725296 14.8536920547 1.1160479784
      vertex 8.13060665131 14.8680515289 1.1160479784
    endloop
  endfacet
  facet normal -0 -1 0
    outer loop
      vertex 8.1447725296 14.8536920547 1.1160479784
      vertex 8.13060665131 14.8536920547 1.1160479784
      vertex 8.13060665131 14.8680515289 1.1160479784
    endloop
  endfacet
  facet normal 0 -0.583220660686 0.81231379509
    outer loop
      vertex 8.15894126892 14.8680515289 1.09604799747
      vertex 8.1447725296 14.8536920547 1.1160479784
      vertex 8.1447725296 14.8680515289 1.09604799747
    endloop
  endfacet
  facet normal 0 -0.583220660686 0.81231379509
    outer loop
      vertex 8.15894126892 14.8536920547 1.1160479784
      vertex 8.1447725296 14.8536920547 1.1160479784
      vertex 8.15894126892 14.8680515289 1.09604799747
    endloop
  endfacet
  facet normal 0 -0.583220660686 0.81231379509
    outer loop
      vertex 8.17310905457 14.8680515289 1.09604799747
      vertex 8.15894126892 14.8536920547 1.1160479784
      vertex 8.15894126892 14.8680515289 1.09604799747
    endloop
  endfacet
  facet normal 0 -0.583220660686 0.81231379509
    outer loop
      vertex 8.17310905457 14.8536920547 1.1160479784
      vertex 8.15894126892 14.8536920547 1.1160479784
      vertex 8.17310905457 14.8680515289 1.09604799747
    endloop
  endfacet
  facet normal 0 -0.583220660686 0.81231379509
    outer loop
      vertex 8.18727684021 14.8680515289 1.09604799747
      vertex 8.17310905457 14.8536920547 1.1160479784
      vertex 8.17310905457 14.8680515289 1.09604799747
    endloop
  endfacet
  facet normal 0 -0.583220660686 0.81231379509
    outer loop
      vertex 8.18727684021 14.8536920547 1.1160479784
      vertex 8.17310905457 14.8536920547 1.1160479784
      vertex 8.18727684021 14.8680515289 1.09604799747
    endloop
  endfacet
  facet normal 0 -0.583220660686 0.81231379509
    outer loop
      vertex 8.20144462585 14.8680515289 1.09604799747
      vertex 8.18727684021 14.8536920547 1.1160479784
      vertex 8.18727684021 14.8680515289 1.09604799747
    endloop
  endfacet
  facet normal 0 -0.583220660686 0.81231379509
    outer loop
      vertex 8.20144462585 14.8536920547 1.1160479784
      vertex 8.18727684021 14.8536920547 1.1160479784
      vertex 8.20144462585 14.8680515289 1.09604799747
    endloop
  endfacet
  facet normal -0.635603785515 -0.450255334377 0.627118766308
    outer loop
      vertex 8.2156124115 14.8536920547 1.09604799747
      vertex 8.20144462585 14.8536920547 1.1160479784
      vertex 8.20144462585 14.8680515289 1.09604799747
    endloop
  endfacet
  facet normal 0.635603785515 -0.450255334377 0.627118766308
    outer loop
      vertex 8.25811576843 14.8536920547 1.09604799747
      vertex 8.27228355408 14.8680515289 1.09604799747
      vertex 8.27228355408 14.8536920547 1.1160479784
    endloop
  endfacet
  facet normal 0.635603785515 -0.450255334377 0.627118766308
    outer loop
      vertex 8.27228355408 14.8680515289 1.09604799747
      vertex 8.28645133972 14.8680515289 1.1160479784
      vertex 8.27228355408 14.8536920547 1.1160479784
    endloop
  endfacet
  facet normal 0 -1 0
    outer loop
      vertex 8.28645133972 14.8680515289 1.1160479784
      vertex 8.28645133972 14.8536920547 1.1160479784
      vertex 8.27228355408 14.8536920547 1.1160479784
    endloop
  endfacet
  facet normal -0 -1 -0
    outer loop
      vertex 7.97476100922 14.8680515289 1.1160479784
      vertex 7.96059417725 14.8680515289 1.1160479784
      vertex 7.97476100922 14.8824110031 1.1160479784
    endloop
  endfacet
  facet normal 0 -1 0
    outer loop
      vertex 7.97476100922 14.8824110031 1.1160479784
      vertex 7.96059417725 14.8680515289 1.1160479784
      vertex 7.96059417725 14.8824110031 1.1160479784
    endloop
  endfacet
  facet normal -0 -1 -0
    outer loop
      vertex 7.98892879486 14.8680515289 1.1160479784
      vertex 7.97476100922 14.8680515289 1.1160479784
      vertex 7.98892879486 14.8824110031 1.1160479784
    endloop
  endfacet
  facet normal 0 -1 0
    outer loop
      vertex 7.98892879486 14.8824110031 1.1160479784
      vertex 7.97476100922 14.8680515289 1.1160479784
      vertex 7.97476100922 14.8824110031 1.1160479784
    endloop
  endfacet
  facet normal -0 -1 -0
    outer loop
      vertex 8.00309753418 14.8680515289 1.1160479784
      vertex 7.98892879486 14.8680515289 1.1160479784
      vertex 8.00309753418 14.8824110031 1.1160479784
    endloop
  endfacet
  facet normal 0 -1 0
    outer loop
      vertex 8.00309753418 14.8824110031 1.1160479784
      vertex 7.98892879486 14.8680515289 1.1160479784
      vertex 7.98892879486 14.8824110031 1.1160479784
    endloop
  endfacet
  facet normal -0 -1 -0
    outer loop
      vertex 8.01726436615 14.8680515289 1.1160479784
      vertex 8.00309753418 14.8680515289 1.1160479784
      vertex 8.01726436615 14.8824110031 1.1160479784
    endloop
  endfacet
  facet normal 0 -1 0
    outer loop
      vertex 8.01726436615 14.8824110031 1.1160479784
      vertex 8.00309753418 14.8680515289 1.1160479784
      vertex 8.00309753418 14.8824110031 1.1160479784
    endloop
  endfacet
  facet normal -0 -1 -0
    outer loop
      vertex 8.03143215179 14.8680515289 1.1160479784
      vertex 8.01726436615 14.8680515289 1.1160479784
      vertex 8.03143215179 14.8824110031 1.1160479784
    endloop
  endfacet
  facet normal 0 -1 0
    outer loop
      vertex 8.03143215179 14.8824110031 1.1160479784
      vertex 8.01726436615 14.8680515289 1.1160479784
      vertex 8.01726436615 14.8824110031 1.1160479784
    endloop
  endfacet
  facet normal -0 -1 -0
    outer loop
      vertex 8.04559993744 14.8680515289 1.1160479784
      vertex 8.03143215179 14.8680515289 1.1160479784
      vertex 8.04559993744 14.8824110031 1.1160479784
    endloop
  endfacet
  facet normal 0 -1 0
    outer loop
      vertex 8.04559993744 14.8824110031 1.1160479784
      vertex 8.03143215179 14.8680515289 1.1160479784
      vertex 8.03143215179 14.8824110031 1.1160479784
    endloop
  endfacet
  facet normal -0 -1 -0
    outer loop
      vertex 8.05976772308 14.8680515289 1.1160479784
      vertex 8.04559993744 14.8680515289 1.1160479784
      vertex 8.05976772308 14.8824110031 1.1160479784
    endloop
  endfacet
  facet normal 0 -1 0
    outer loop
      vertex 8.05976772308 14.8824110031 1.1160479784
      vertex 8.04559993744 14.8680515289 1.1160479784
      vertex 8.04559993744 14.8824110031 1.1160479784
    endloop
  endfacet
  facet normal -0.635578215122 -0.450267612934 0.627135872841
    outer loop
      vertex 8.0739364624 14.8824110031 1.09604799747
      vertex 8.0739364624 14.8680515289 1.1160479784
      vertex 8.05976772308 14.8824110031 1.1160479784
    endloop
  endfacet
  facet normal -0 -1 0
    outer loop
      vertex 8.0739364624 14.8680515289 1.1160479784
      vertex 8.05976772308 14.8680515289 1.1160479784
      vertex 8.05976772308 14.8824110031 1.1160479784
    endloop
  endfacet
  facet normal 0 -0.583220660686 0.81231379509
    outer loop
      vertex 8.08810329437 14.8824110031 1.09604799747
      vertex 8.0739364624 14.8680515289 1.1160479784
      vertex 8.0739364624 14.8824110031 1.09604799747
    endloop
  endfacet
  facet normal 0 -0.583220660686 0.81231379509
    outer loop
      vertex 8.08810329437 14.8680515289 1.1160479784
      vertex 8.0739364624 14.8680515289 1.1160479784
      vertex 8.08810329437 14.8824110031 1.09604799747
    endloop
  endfacet
  facet normal 0 -0.583220660686 0.81231379509
    outer loop
      vertex 8.10227108002 14.8824110031 1.09604799747
      vertex 8.08810329437 14.8680515289 1.1160479784
      vertex 8.08810329437 14.8824110031 1.09604799747
    endloop
  endfacet
  facet normal 0 -0.583220660686 0.81231379509
    outer loop
      vertex 8.10227108002 14.8680515289 1.1160479784
      vertex 8.08810329437 14.8680515289 1.1160479784
      vertex 8.10227108002 14.8824110031 1.09604799747
    endloop
  endfacet
  facet normal 0 -0.583220660686 0.81231379509
    outer loop
      vertex 8.11643886566 14.8824110031 1.09604799747
      vertex 8.10227108002 14.8680515289 1.1160479784
      vertex 8.10227108002 14.8824110031 1.09604799747
    endloop
  endfacet
  facet normal 0 -0.583220660686 0.81231379509
    outer loop
      vertex 8.11643886566 14.8680515289 1.1160479784
      vertex 8.10227108002 14.8680515289 1.1160479784
      vertex 8.11643886566 14.8824110031 1.09604799747
    endloop
  endfacet
  facet normal 0 -0.583220660686 0.81231379509
    outer loop
      vertex 8.13060665131 14.8824110031 1.09604799747
      vertex 8.11643886566 14.8680515289 1.1160479784
      vertex 8.11643886566 14.8824110031 1.09604799747
    endloop
  endfacet
  facet normal 0 -0.583220660686 0.81231379509
    outer loop
      vertex 8.13060665131 14.8680515289 1.1160479784
      vertex 8.11643886566 14.8680515289 1.1160479784
      vertex 8.13060665131 14.8824110031 1.09604799747
    endloop
  endfacet
  facet normal -0.635654807091 -0.450230807066 0.627084672451
    outer loop
      vertex 8.1447725296 14.8680515289 1.09604799747
      vertex 8.13060665131 14.8680515289 1.1160479784
      vertex 8.13060665131 14.8824110031 1.09604799747
    endloop
  endfacet
  facet normal 0.816002726555 -0.578048110008 0
    outer loop
      vertex 8.28645133972 14.8680515289 1.1160479784
      vertex 8.27228355408 14.8824110031 1.09604799747
      vertex 8.28645133972 14.8824110031 1.1160479784
    endloop
  endfacet
  facet normal 0.816002726555 -0.578048110008 0
    outer loop
      vertex 8.27228355408 14.8680515289 1.09604799747
      vertex 8.27228355408 14.8824110031 1.09604799747
      vertex 8.28645133972 14.8680515289 1.1160479784
    endloop
  endfacet
  facet normal -0 -1 -0
    outer loop
      vertex 7.97476100922 14.8824110031 1.1160479784
      vertex 7.96059417725 14.8824110031 1.1160479784
      vertex 7.97476100922 14.8967695236 1.1160479784
    endloop
  endfacet
  facet normal 0 -1 0
    outer loop
      vertex 7.97476100922 14.8967695236 1.1160479784
      vertex 7.96059417725 14.8824110031 1.1160479784
      vertex 7.96059417725 14.8967695236 1.1160479784
    endloop
  endfacet
  facet normal -0.63558703661 -0.450243443251 0.627144277096
    outer loop
      vertex 7.98892879486 14.8967695236 1.09604799747
      vertex 7.98892879486 14.8824110031 1.1160479784
      vertex 7.97476100922 14.8967695236 1.1160479784
    endloop
  endfacet
  facet normal -0 -1 0
    outer loop
      vertex 7.98892879486 14.8824110031 1.1160479784
      vertex 7.97476100922 14.8824110031 1.1160479784
      vertex 7.97476100922 14.8967695236 1.1160479784
    endloop
  endfacet
  facet normal 0 -0.583194851875 0.812332332134
    outer loop
      vertex 8.00309753418 14.8967695236 1.09604799747
      vertex 7.98892879486 14.8824110031 1.1160479784
      vertex 7.98892879486 14.8967695236 1.09604799747
    endloop
  endfacet
  facet normal 0 -0.583194851875 0.812332332134
    outer loop
      vertex 8.00309753418 14.8824110031 1.1160479784
      vertex 7.98892879486 14.8824110031 1.1160479784
      vertex 8.00309753418 14.8967695236 1.09604799747
    endloop
  endfacet
  facet normal 0 -0.583194851875 0.812332332134
    outer loop
      vertex 8.01726436615 14.8967695236 1.09604799747
      vertex 8.00309753418 14.8824110031 1.1160479784
      vertex 8.00309753418 14.8967695236 1.09604799747
    endloop
  endfacet
  facet normal 0 -0.583194851875 0.812332332134
    outer loop
      vertex 8.01726436615 14.8824110031 1.1160479784
      vertex 8.00309753418 14.8824110031 1.1160479784
      vertex 8.01726436615 14.8967695236 1.09604799747
    endloop
  endfacet
  facet normal 0 -0.583194851875 0.812332332134
    outer loop
      vertex 8.03143215179 14.8967695236 1.09604799747
      vertex 8.01726436615 14.8824110031 1.1160479784
      vertex 8.01726436615 14.8967695236 1.09604799747
    endloop
  endfacet
  facet normal 0 -0.583194851875 0.812332332134
    outer loop
      vertex 8.03143215179 14.8824110031 1.1160479784
      vertex 8.01726436615 14.8824110031 1.1160479784
      vertex 8.03143215179 14.8967695236 1.09604799747
    endloop
  endfacet
  facet normal 0 -0.583194851875 0.812332332134
    outer loop
      vertex 8.04559993744 14.8967695236 1.09604799747
      vertex 8.03143215179 14.8824110031 1.1160479784
      vertex 8.03143215179 14.8967695236 1.09604799747
    endloop
  endfacet
  facet normal 0 -0.583194851875 0.812332332134
    outer loop
      vertex 8.04559993744 14.8824110031 1.1160479784
      vertex 8.03143215179 14.8824110031 1.1160479784
      vertex 8.04559993744 14.8967695236 1.09604799747
    endloop
  endfacet
  facet normal 0 -0.583194851875 0.812332332134
    outer loop
      vertex 8.05976772308 14.8967695236 1.09604799747
      vertex 8.04559993744 14.8824110031 1.1160479784
      vertex 8.04559993744 14.8967695236 1.09604799747
    endloop
  endfacet
  facet normal 0 -0.583194851875 0.812332332134
    outer loop
      vertex 8.05976772308 14.8824110031 1.1160479784
      vertex 8.04559993744 14.8824110031 1.1160479784
      vertex 8.05976772308 14.8967695236 1.09604799747
    endloop
  endfacet
  facet normal -0.635561466217 -0.450255721807 0.627161383629
    outer loop
      vertex 8.0739364624 14.8824110031 1.09604799747
      vertex 8.05976772308 14.8824110031 1.1160479784
      vertex 8.05976772308 14.8967695236 1.09604799747
    endloop
  endfacet
  facet normal 0.63558703661 -0.450243443251 0.627144277096
    outer loop
      vertex 8.27228355408 14.8824110031 1.09604799747
      vertex 8.28645133972 14.8967695236 1.09604799747
      vertex 8.28645133972 14.8824110031 1.1160479784
    endloop
  endfacet
  facet normal 1 0 0
    outer loop
      vertex 8.28645133972 14.8824110031 1.1160479784
      vertex 8.28645133972 14.8967695236 1.09604799747
      vertex 8.28645133972 14.8967695236 1.1160479784
    endloop
  endfacet
  facet normal -1 0 0
    outer loop
      vertex 7.96059417725 14.9111309052 1.09604799747
      vertex 7.96059417725 14.8967695236 1.1160479784
      vertex 7.96059417725 14.9111309052 1.1160479784
    endloop
  endfacet
  facet normal 0 -0.583271563053 0.812277197838
    outer loop
      vertex 7.97476100922 14.9111309052 1.09604799747
      vertex 7.96059417725 14.8967695236 1.1160479784
      vertex 7.96059417725 14.9111309052 1.09604799747
    endloop
  endfacet
  facet normal 0 -0.583271563053 0.812277197838
    outer loop
      vertex 7.97476100922 14.8967695236 1.1160479784
      vertex 7.96059417725 14.8967695236 1.1160479784
      vertex 7.97476100922 14.9111309052 1.09604799747
    endloop
  endfacet
  facet normal -0.635636866093 -0.450278759003 0.627068400383
    outer loop
      vertex 7.98892879486 14.8967695236 1.09604799747
      vertex 7.97476100922 14.8967695236 1.1160479784
      vertex 7.97476100922 14.9111309052 1.09604799747
    endloop
  endfacet
  facet normal 1 -0 0
    outer loop
      vertex 8.28645133972 14.8967695236 1.09604799747
      vertex 8.28645133972 14.9111309052 1.09604799747
      vertex 8.28645133972 14.8967695236 1.1160479784
    endloop
  endfacet
  facet normal 1 0 0
    outer loop
      vertex 8.28645133972 14.8967695236 1.1160479784
      vertex 8.28645133972 14.9111309052 1.09604799747
      vertex 8.28645133972 14.9111309052 1.1160479784
    endloop
  endfacet
  facet normal -1 0 0
    outer loop
      vertex 7.96059417725 14.9111309052 1.09604799747
      vertex 7.96059417725 14.9111309052 1.1160479784
      vertex 7.96059417725 14.9254903793 1.09604799747
    endloop
  endfacet
  facet normal -1 0 -0
    outer loop
      vertex 7.96059417725 14.9111309052 1.1160479784
      vertex 7.96059417725 14.9254903793 1.1160479784
      vertex 7.96059417725 14.9254903793 1.09604799747
    endloop
  endfacet
  facet normal 0.635603785515 0.450255334377 -0.627118766308
    outer loop
      vertex 8.28645133972 14.9254903793 1.09604799747
      vertex 8.27228355408 14.9254903793 1.1160479784
      vertex 8.28645133972 14.9111309052 1.1160479784
    endloop
  endfacet
  facet normal 1 0 0
    outer loop
      vertex 8.28645133972 14.9254903793 1.09604799747
      vertex 8.28645133972 14.9111309052 1.1160479784
      vertex 8.28645133972 14.9111309052 1.09604799747
    endloop
  endfacet
  facet normal -0.635591089725 0.450261414051 0.627127289772
    outer loop
      vertex 7.94642591476 14.9398498535 1.09604799747
      vertex 7.96059417725 14.9254903793 1.09604799747
      vertex 7.96059417725 14.9398498535 1.1160479784
    endloop
  endfacet
  facet normal -1 0 0
    outer loop
      vertex 7.96059417725 14.9254903793 1.09604799747
      vertex 7.96059417725 14.9254903793 1.1160479784
      vertex 7.96059417725 14.9398498535 1.1160479784
    endloop
  endfacet
  facet normal 0.816002726555 0.578048110008 -0
    outer loop
      vertex 8.28645133972 14.9398498535 1.09604799747
      vertex 8.27228355408 14.9254903793 1.1160479784
      vertex 8.28645133972 14.9254903793 1.09604799747
    endloop
  endfacet
  facet normal 0.816002726555 0.578048110008 -0
    outer loop
      vertex 8.27228355408 14.9398498535 1.1160479784
      vertex 8.27228355408 14.9254903793 1.1160479784
      vertex 8.28645133972 14.9398498535 1.09604799747
    endloop
  endfacet
  facet normal 0 0 -1
    outer loop
      vertex 7.94642591476 14.9398498535 1.09604799747
      vertex 7.96059417725 14.9398498535 1.1160479784
      vertex 7.96059417725 14.9398498535 1.09604799747
    endloop
  endfacet
  facet normal 0 0 -1
    outer loop
      vertex 7.97476100922 14.9398498535 1.09604799747
      vertex 7.96059417725 14.9398498535 1.09604799747
      vertex 7.97476100922 14.9398498535 1.1160479784
    endloop
  endfacet
  facet normal 0 0 -1
    outer loop
      vertex 7.96059417725 14.9398498535 1.09604799747
      vertex 7.96059417725 14.9398498535 1.1160479784
      vertex 7.97476100922 14.9398498535 1.1160479784
    endloop
  endfacet
  facet normal 0 0 -1
    outer loop
      vertex 7.98892879486 14.9398498535 1.09604799747
      vertex 7.97476100922 14.9398498535 1.09604799747
      vertex 7.98892879486 14.9398498535 1.1160479784
    endloop
  endfacet
  facet normal 0 0 -1
    outer loop
      vertex 7.97476100922 14.9398498535 1.09604799747
      vertex 7.97476100922 14.9398498535 1.1160479784
      vertex 7.98892879486 14.9398498535 1.1160479784
    endloop
  endfacet
  facet normal 0 0 -1
    outer loop
      vertex 8.00309753418 14.9398498535 1.09604799747
      vertex 7.98892879486 14.9398498535 1.09604799747
      vertex 8.00309753418 14.9398498535 1.1160479784
    endloop
  endfacet
  facet normal 0 0 -1
    outer loop
      vertex 7.98892879486 14.9398498535 1.09604799747
      vertex 7.98892879486 14.9398498535 1.1160479784
      vertex 8.00309753418 14.9398498535 1.1160479784
    endloop
  endfacet
  facet normal 0 0 -1
    outer loop
      vertex 8.01726436615 14.9398498535 1.09604799747
      vertex 8.00309753418 14.9398498535 1.09604799747
      vertex 8.01726436615 14.9398498535 1.1160479784
    endloop
  endfacet
  facet normal 0 0 -1
    outer loop
      vertex 8.00309753418 14.9398498535 1.09604799747
      vertex 8.00309753418 14.9398498535 1.1160479784
      vertex 8.01726436615 14.9398498535 1.1160479784
    endloop
  endfacet
  facet normal 0 0 -1
    outer loop
      vertex 8.03143215179 14.9398498535 1.09604799747
      vertex 8.01726436615 14.9398498535 1.09604799747
      vertex 8.03143215179 14.9398498535 1.1160479784
    endloop
  endfacet
  facet normal 0 0 -1
    outer loop
      vertex 8.01726436615 14.9398498535 1.09604799747
      vertex 8.01726436615 14.9398498535 1.1160479784
      vertex 8.03143215179 14.9398498535 1.1160479784
    endloop
  endfacet
  facet normal 0 0 -1
    outer loop
      vertex 8.04559993744 14.9398498535 1.09604799747
      vertex 8.03143215179 14.9398498535 1.09604799747
      vertex 8.04559993744 14.9398498535 1.1160479784
    endloop
  endfacet
  facet normal 0 0 -1
    outer loop
      vertex 8.03143215179 14.9398498535 1.09604799747
      vertex 8.03143215179 14.9398498535 1.1160479784
      vertex 8.04559993744 14.9398498535 1.1160479784
    endloop
  endfacet
  facet normal 0 0 -1
    outer loop
      vertex 8.05976772308 14.9398498535 1.09604799747
      vertex 8.04559993744 14.9398498535 1.09604799747
      vertex 8.05976772308 14.9398498535 1.1160479784
    endloop
  endfacet
  facet normal 0 0 -1
    outer loop
      vertex 8.04559993744 14.9398498535 1.09604799747
      vertex 8.04559993744 14.9398498535 1.1160479784
      vertex 8.05976772308 14.9398498535 1.1160479784
    endloop
  endfacet
  facet normal 0 0 -1
    outer loop
      vertex 8.0739364624 14.9398498535 1.09604799747
      vertex 8.05976772308 14.9398498535 1.09604799747
      vertex 8.0739364624 14.9398498535 1.1160479784
    endloop
  endfacet
  facet normal 0 0 -1
    outer loop
      vertex 8.05976772308 14.9398498535 1.09604799747
      vertex 8.05976772308 14.9398498535 1.1160479784
      vertex 8.0739364624 14.9398498535 1.1160479784
    endloop
  endfacet
  facet normal 0 0 -1
    outer loop
      vertex 8.08810329437 14.9398498535 1.09604799747
      vertex 8.0739364624 14.9398498535 1.09604799747
      vertex 8.08810329437 14.9398498535 1.1160479784
    endloop
  endfacet
  facet normal 0 0 -1
    outer loop
      vertex 8.0739364624 14.9398498535 1.09604799747
      vertex 8.0739364624 14.9398498535 1.1160479784
      vertex 8.08810329437 14.9398498535 1.1160479784
    endloop
  endfacet
  facet normal 0 0 -1
    outer loop
      vertex 8.10227108002 14.9398498535 1.09604799747
      vertex 8.08810329437 14.9398498535 1.09604799747
      vertex 8.10227108002 14.9398498535 1.1160479784
    endloop
  endfacet
  facet normal 0 0 -1
    outer loop
      vertex 8.08810329437 14.9398498535 1.09604799747
      vertex 8.08810329437 14.9398498535 1.1160479784
      vertex 8.10227108002 14.9398498535 1.1160479784
    endloop
  endfacet
  facet normal 0 0 -1
    outer loop
      vertex 8.11643886566 14.9398498535 1.09604799747
      vertex 8.10227108002 14.9398498535 1.09604799747
      vertex 8.11643886566 14.9398498535 1.1160479784
    endloop
  endfacet
  facet normal 0 0 -1
    outer loop
      vertex 8.10227108002 14.9398498535 1.09604799747
      vertex 8.10227108002 14.9398498535 1.1160479784
      vertex 8.11643886566 14.9398498535 1.1160479784
    endloop
  endfacet
  facet normal 0 0 -1
    outer loop
      vertex 8.13060665131 14.9398498535 1.09604799747
      vertex 8.11643886566 14.9398498535 1.09604799747
      vertex 8.13060665131 14.9398498535 1.1160479784
    endloop
  endfacet
  facet normal 0 0 -1
    outer loop
      vertex 8.11643886566 14.9398498535 1.09604799747
      vertex 8.11643886566 14.9398498535 1.1160479784
      vertex 8.13060665131 14.9398498535 1.1160479784
    endloop
  endfacet
  facet normal 0 0 -1
    outer loop
      vertex 8.1447725296 14.9398498535 1.09604799747
      vertex 8.13060665131 14.9398498535 1.09604799747
      vertex 8.1447725296 14.9398498535 1.1160479784
    endloop
  endfacet
  facet normal 0 0 -1
    outer loop
      vertex 8.13060665131 14.9398498535 1.09604799747
      vertex 8.13060665131 14.9398498535 1.1160479784
      vertex 8.1447725296 14.9398498535 1.1160479784
    endloop
  endfacet
  facet normal 0 0 -1
    outer loop
      vertex 8.15894126892 14.9398498535 1.09604799747
      vertex 8.1447725296 14.9398498535 1.09604799747
      vertex 8.15894126892 14.9398498535 1.1160479784
    endloop
  endfacet
  facet normal 0 0 -1
    outer loop
      vertex 8.1447725296 14.9398498535 1.09604799747
      vertex 8.1447725296 14.9398498535 1.1160479784
      vertex 8.15894126892 14.9398498535 1.1160479784
    endloop
  endfacet
  facet normal 0 0 -1
    outer loop
      vertex 8.17310905457 14.9398498535 1.09604799747
      vertex 8.15894126892 14.9398498535 1.09604799747
      vertex 8.17310905457 14.9398498535 1.1160479784
    endloop
  endfacet
  facet normal 0 0 -1
    outer loop
      vertex 8.15894126892 14.9398498535 1.09604799747
      vertex 8.15894126892 14.9398498535 1.1160479784
      vertex 8.17310905457 14.9398498535 1.1160479784
    endloop
  endfacet
  facet normal 0 0 -1
    outer loop
      vertex 8.18727684021 14.9398498535 1.09604799747
      vertex 8.17310905457 14.9398498535 1.09604799747
      vertex 8.18727684021 14.9398498535 1.1160479784
    endloop
  endfacet
  facet normal 0 0 -1
    outer loop
      vertex 8.17310905457 14.9398498535 1.09604799747
      vertex 8.17310905457 14.9398498535 1.1160479784
      vertex 8.18727684021 14.9398498535 1.1160479784
    endloop
  endfacet
  facet normal 0 0 -1
    outer loop
      vertex 8.20144462585 14.9398498535 1.09604799747
      vertex 8.18727684021 14.9398498535 1.09604799747
      vertex 8.20144462585 14.9398498535 1.1160479784
    endloop
  endfacet
  facet normal 0 0 -1
    outer loop
      vertex 8.18727684021 14.9398498535 1.09604799747
      vertex 8.18727684021 14.9398498535 1.1160479784
      vertex 8.20144462585 14.9398498535 1.1160479784
    endloop
  endfacet
  facet normal 0 0 -1
    outer loop
      vertex 8.2156124115 14.9398498535 1.09604799747
      vertex 8.20144462585 14.9398498535 1.09604799747
      vertex 8.2156124115 14.9398498535 1.1160479784
    endloop
  endfacet
  facet normal 0 0 -1
    outer loop
      vertex 8.20144462585 14.9398498535 1.09604799747
      vertex 8.20144462585 14.9398498535 1.1160479784
      vertex 8.2156124115 14.9398498535 1.1160479784
    endloop
  endfacet
  facet normal 0 0 -1
    outer loop
      vertex 8.22978019714 14.9398498535 1.09604799747
      vertex 8.2156124115 14.9398498535 1.09604799747
      vertex 8.22978019714 14.9398498535 1.1160479784
    endloop
  endfacet
  facet normal 0 0 -1
    outer loop
      vertex 8.2156124115 14.9398498535 1.09604799747
      vertex 8.2156124115 14.9398498535 1.1160479784
      vertex 8.22978019714 14.9398498535 1.1160479784
    endloop
  endfacet
  facet normal 0 0 -1
    outer loop
      vertex 8.24394798279 14.9398498535 1.09604799747
      vertex 8.22978019714 14.9398498535 1.09604799747
      vertex 8.24394798279 14.9398498535 1.1160479784
    endloop
  endfacet
  facet normal 0 0 -1
    outer loop
      vertex 8.22978019714 14.9398498535 1.09604799747
      vertex 8.22978019714 14.9398498535 1.1160479784
      vertex 8.24394798279 14.9398498535 1.1160479784
    endloop
  endfacet
  facet normal 0 0 -1
    outer loop
      vertex 8.25811576843 14.9398498535 1.09604799747
      vertex 8.24394798279 14.9398498535 1.09604799747
      vertex 8.25811576843 14.9398498535 1.1160479784
    endloop
  endfacet
  facet normal 0 0 -1
    outer loop
      vertex 8.24394798279 14.9398498535 1.09604799747
      vertex 8.24394798279 14.9398498535 1.1160479784
      vertex 8.25811576843 14.9398498535 1.1160479784
    endloop
  endfacet
  facet normal 0 0 -1
    outer loop
      vertex 8.27228355408 14.9398498535 1.09604799747
      vertex 8.25811576843 14.9398498535 1.09604799747
      vertex 8.27228355408 14.9398498535 1.1160479784
    endloop
  endfacet
  facet normal 0 0 -1
    outer loop
      vertex 8.25811576843 14.9398498535 1.09604799747
      vertex 8.25811576843 14.9398498535 1.1160479784
      vertex 8.27228355408 14.9398498535 1.1160479784
    endloop
  endfacet
  facet normal 0 0 -1
    outer loop
      vertex 8.27228355408 14.9398498535 1.1160479784
      vertex 8.28645133972 14.9398498535 1.09604799747
      vertex 8.27228355408 14.9398498535 1.09604799747
    endloop
  endfacet
  facet normal 0 -1 -0
    outer loop
      vertex 8.22978019714 14.7675333023 1.13604795933
      vertex 8.2156124115 14.7818927765 1.13604795933
      vertex 8.22978019714 14.7818927765 1.13604795933
    endloop
  endfacet
  facet normal -0 -1 -0
    outer loop
      vertex 8.24394798279 14.7675333023 1.13604795933
      vertex 8.22978019714 14.7675333023 1.13604795933
      vertex 8.24394798279 14.7818927765 1.13604795933
    endloop
  endfacet
  facet normal 0 -1 0
    outer loop
      vertex 8.24394798279 14.7818927765 1.13604795933
      vertex 8.22978019714 14.7675333023 1.13604795933
      vertex 8.22978019714 14.7818927765 1.13604795933
    endloop
  endfacet
  facet normal -0 -1 -0
    outer loop
      vertex 8.25811576843 14.7675333023 1.13604795933
      vertex 8.24394798279 14.7675333023 1.13604795933
      vertex 8.25811576843 14.7818927765 1.13604795933
    endloop
  endfacet
  facet normal 0 -1 0
    outer loop
      vertex 8.25811576843 14.7818927765 1.13604795933
      vertex 8.24394798279 14.7675333023 1.13604795933
      vertex 8.24394798279 14.7818927765 1.13604795933
    endloop
  endfacet
  facet normal 0 -1 -0
    outer loop
      vertex 8.15894126892 14.7818927765 1.13604795933
      vertex 8.1447725296 14.7962532043 1.13604795933
      vertex 8.15894126892 14.7962532043 1.13604795933
    endloop
  endfacet
  facet normal -0 -1 -0
    outer loop
      vertex 8.17310905457 14.7818927765 1.13604795933
      vertex 8.15894126892 14.7818927765 1.13604795933
      vertex 8.17310905457 14.7962532043 1.13604795933
    endloop
  endfacet
  facet normal 0 -1 0
    outer loop
      vertex 8.17310905457 14.7962532043 1.13604795933
      vertex 8.15894126892 14.7818927765 1.13604795933
      vertex 8.15894126892 14.7962532043 1.13604795933
    endloop
  endfacet
  facet normal -0 -1 -0
    outer loop
      vertex 8.18727684021 14.7818927765 1.13604795933
      vertex 8.17310905457 14.7818927765 1.13604795933
      vertex 8.18727684021 14.7962532043 1.13604795933
    endloop
  endfacet
  facet normal 0 -1 0
    outer loop
      vertex 8.18727684021 14.7962532043 1.13604795933
      vertex 8.17310905457 14.7818927765 1.13604795933
      vertex 8.17310905457 14.7962532043 1.13604795933
    endloop
  endfacet
  facet normal -0 -1 -0
    outer loop
      vertex 8.20144462585 14.7818927765 1.13604795933
      vertex 8.18727684021 14.7818927765 1.13604795933
      vertex 8.20144462585 14.7962532043 1.13604795933
    endloop
  endfacet
  facet normal 0 -1 0
    outer loop
      vertex 8.20144462585 14.7962532043 1.13604795933
      vertex 8.18727684021 14.7818927765 1.13604795933
      vertex 8.18727684021 14.7962532043 1.13604795933
    endloop
  endfacet
  facet normal -0.635620355606 -0.45026704669 0.627093613148
    outer loop
      vertex 8.2156124115 14.7962532043 1.1160479784
      vertex 8.2156124115 14.7818927765 1.13604795933
      vertex 8.20144462585 14.7962532043 1.13604795933
    endloop
  endfacet
  facet normal -0 -1 0
    outer loop
      vertex 8.2156124115 14.7818927765 1.13604795933
      vertex 8.20144462585 14.7818927765 1.13604795933
      vertex 8.20144462585 14.7962532043 1.13604795933
    endloop
  endfacet
  facet normal 0 -0.58324611187 0.812295496464
    outer loop
      vertex 8.22978019714 14.7962532043 1.1160479784
      vertex 8.2156124115 14.7818927765 1.13604795933
      vertex 8.2156124115 14.7962532043 1.1160479784
    endloop
  endfacet
  facet normal 0 -0.58324611187 0.812295496464
    outer loop
      vertex 8.22978019714 14.7818927765 1.13604795933
      vertex 8.2156124115 14.7818927765 1.13604795933
      vertex 8.22978019714 14.7962532043 1.1160479784
    endloop
  endfacet
  facet normal 0 -0.58324611187 0.812295496464
    outer loop
      vertex 8.24394798279 14.7962532043 1.1160479784
      vertex 8.22978019714 14.7818927765 1.13604795933
      vertex 8.22978019714 14.7962532043 1.1160479784
    endloop
  endfacet
  facet normal 0 -0.58324611187 0.812295496464
    outer loop
      vertex 8.24394798279 14.7818927765 1.13604795933
      vertex 8.22978019714 14.7818927765 1.13604795933
      vertex 8.24394798279 14.7962532043 1.1160479784
    endloop
  endfacet
  facet normal 0.635620355606 -0.45026704669 0.627093613148
    outer loop
      vertex 8.24394798279 14.7962532043 1.1160479784
      vertex 8.25811576843 14.7962532043 1.13604795933
      vertex 8.24394798279 14.7818927765 1.13604795933
    endloop
  endfacet
  facet normal 0 -1 0
    outer loop
      vertex 8.25811576843 14.7962532043 1.13604795933
      vertex 8.25811576843 14.7818927765 1.13604795933
      vertex 8.24394798279 14.7818927765 1.13604795933
    endloop
  endfacet
  facet normal 0 -1 0
    outer loop
      vertex 8.27228355408 14.7962532043 1.13604795933
      vertex 8.25811576843 14.7818927765 1.13604795933
      vertex 8.25811576843 14.7962532043 1.13604795933
    endloop
  endfacet
  facet normal 0 -1 -0
    outer loop
      vertex 8.05976772308 14.7962532043 1.13604795933
      vertex 8.04559993744 14.8106126785 1.13604795933
      vertex 8.05976772308 14.8106126785 1.13604795933
    endloop
  endfacet
  facet normal -0 -1 -0
    outer loop
      vertex 8.0739364624 14.7962532043 1.13604795933
      vertex 8.05976772308 14.7962532043 1.13604795933
      vertex 8.0739364624 14.8106126785 1.13604795933
    endloop
  endfacet
  facet normal 0 -1 0
    outer loop
      vertex 8.0739364624 14.8106126785 1.13604795933
      vertex 8.05976772308 14.7962532043 1.13604795933
      vertex 8.05976772308 14.8106126785 1.13604795933
    endloop
  endfacet
  facet normal -0 -1 -0
    outer loop
      vertex 8.08810329437 14.7962532043 1.13604795933
      vertex 8.0739364624 14.7962532043 1.13604795933
      vertex 8.08810329437 14.8106126785 1.13604795933
    endloop
  endfacet
  facet normal 0 -1 0
    outer loop
      vertex 8.08810329437 14.8106126785 1.13604795933
      vertex 8.0739364624 14.7962532043 1.13604795933
      vertex 8.0739364624 14.8106126785 1.13604795933
    endloop
  endfacet
  facet normal -0 -1 -0
    outer loop
      vertex 8.10227108002 14.7962532043 1.13604795933
      vertex 8.08810329437 14.7962532043 1.13604795933
      vertex 8.10227108002 14.8106126785 1.13604795933
    endloop
  endfacet
  facet normal 0 -1 0
    outer loop
      vertex 8.10227108002 14.8106126785 1.13604795933
      vertex 8.08810329437 14.7962532043 1.13604795933
      vertex 8.08810329437 14.8106126785 1.13604795933
    endloop
  endfacet
  facet normal -0 -1 -0
    outer loop
      vertex 8.11643886566 14.7962532043 1.13604795933
      vertex 8.10227108002 14.7962532043 1.13604795933
      vertex 8.11643886566 14.8106126785 1.13604795933
    endloop
  endfacet
  facet normal 0 -1 0
    outer loop
      vertex 8.11643886566 14.8106126785 1.13604795933
      vertex 8.10227108002 14.7962532043 1.13604795933
      vertex 8.10227108002 14.8106126785 1.13604795933
    endloop
  endfacet
  facet normal -0 -1 -0
    outer loop
      vertex 8.13060665131 14.7962532043 1.13604795933
      vertex 8.11643886566 14.7962532043 1.13604795933
      vertex 8.13060665131 14.8106126785 1.13604795933
    endloop
  endfacet
  facet normal 0 -1 0
    outer loop
      vertex 8.13060665131 14.8106126785 1.13604795933
      vertex 8.11643886566 14.7962532043 1.13604795933
      vertex 8.11643886566 14.8106126785 1.13604795933
    endloop
  endfacet
  facet normal -0 -1 -0
    outer loop
      vertex 8.1447725296 14.7962532043 1.13604795933
      vertex 8.13060665131 14.7962532043 1.13604795933
      vertex 8.1447725296 14.8106126785 1.13604795933
    endloop
  endfacet
  facet normal 0 -1 0
    outer loop
      vertex 8.1447725296 14.8106126785 1.13604795933
      vertex 8.13060665131 14.7962532043 1.13604795933
      vertex 8.13060665131 14.8106126785 1.13604795933
    endloop
  endfacet
  facet normal -0 -1 -0
    outer loop
      vertex 8.15894126892 14.7962532043 1.13604795933
      vertex 8.1447725296 14.7962532043 1.13604795933
      vertex 8.15894126892 14.8106126785 1.13604795933
    endloop
  endfacet
  facet normal 0 -1 0
    outer loop
      vertex 8.15894126892 14.8106126785 1.13604795933
      vertex 8.1447725296 14.7962532043 1.13604795933
      vertex 8.1447725296 14.8106126785 1.13604795933
    endloop
  endfacet
  facet normal -0 -1 -0
    outer loop
      vertex 8.17310905457 14.7962532043 1.13604795933
      vertex 8.15894126892 14.7962532043 1.13604795933
      vertex 8.17310905457 14.8106126785 1.13604795933
    endloop
  endfacet
  facet normal 0 -1 0
    outer loop
      vertex 8.17310905457 14.8106126785 1.13604795933
      vertex 8.15894126892 14.7962532043 1.13604795933
      vertex 8.15894126892 14.8106126785 1.13604795933
    endloop
  endfacet
  facet normal -0 -1 -0
    outer loop
      vertex 8.18727684021 14.7962532043 1.13604795933
      vertex 8.17310905457 14.7962532043 1.13604795933
      vertex 8.18727684021 14.8106126785 1.13604795933
    endloop
  endfacet
  facet normal 0 -1 0
    outer loop
      vertex 8.18727684021 14.8106126785 1.13604795933
      vertex 8.17310905457 14.7962532043 1.13604795933
      vertex 8.17310905457 14.8106126785 1.13604795933
    endloop
  endfacet
  facet normal -0.635603666306 -0.45025524497 0.627118945122
    outer loop
      vertex 8.20144462585 14.8106126785 1.1160479784
      vertex 8.20144462585 14.7962532043 1.13604795933
      vertex 8.18727684021 14.8106126785 1.13604795933
    endloop
  endfacet
  facet normal -0 -1 0
    outer loop
      vertex 8.20144462585 14.7962532043 1.13604795933
      vertex 8.18727684021 14.7962532043 1.13604795933
      vertex 8.18727684021 14.8106126785 1.13604795933
    endloop
  endfacet
  facet normal -0.635603666306 -0.45025524497 0.627118945122
    outer loop
      vertex 8.2156124115 14.7962532043 1.1160479784
      vertex 8.20144462585 14.7962532043 1.13604795933
      vertex 8.20144462585 14.8106126785 1.1160479784
    endloop
  endfacet
  facet normal 0.635603666306 -0.45025524497 0.627118945122
    outer loop
      vertex 8.24394798279 14.7962532043 1.1160479784
      vertex 8.25811576843 14.8106126785 1.1160479784
      vertex 8.25811576843 14.7962532043 1.13604795933
    endloop
  endfacet
  facet normal 0 -0.583220481873 0.812313914299
    outer loop
      vertex 8.27228355408 14.8106126785 1.1160479784
      vertex 8.25811576843 14.7962532043 1.13604795933
      vertex 8.25811576843 14.8106126785 1.1160479784
    endloop
  endfacet
  facet normal 0 -0.583220481873 0.812313914299
    outer loop
      vertex 8.27228355408 14.7962532043 1.13604795933
      vertex 8.25811576843 14.7962532043 1.13604795933
      vertex 8.27228355408 14.8106126785 1.1160479784
    endloop
  endfacet
  facet normal 1 0 0
    outer loop
      vertex 8.27228355408 14.7962532043 1.13604795933
      vertex 8.27228355408 14.8106126785 1.1160479784
      vertex 8.27228355408 14.8106126785 1.13604795933
    endloop
  endfacet
  facet normal 0 -1 -0
    outer loop
      vertex 8.00309753418 14.8106126785 1.13604795933
      vertex 7.98892879486 14.8249721527 1.13604795933
      vertex 8.00309753418 14.8249721527 1.13604795933
    endloop
  endfacet
  facet normal -0 -1 -0
    outer loop
      vertex 8.01726436615 14.8106126785 1.13604795933
      vertex 8.00309753418 14.8106126785 1.13604795933
      vertex 8.01726436615 14.8249721527 1.13604795933
    endloop
  endfacet
  facet normal 0 -1 0
    outer loop
      vertex 8.01726436615 14.8249721527 1.13604795933
      vertex 8.00309753418 14.8106126785 1.13604795933
      vertex 8.00309753418 14.8249721527 1.13604795933
    endloop
  endfacet
  facet normal -0 -1 -0
    outer loop
      vertex 8.03143215179 14.8106126785 1.13604795933
      vertex 8.01726436615 14.8106126785 1.13604795933
      vertex 8.03143215179 14.8249721527 1.13604795933
    endloop
  endfacet
  facet normal 0 -1 0
    outer loop
      vertex 8.03143215179 14.8249721527 1.13604795933
      vertex 8.01726436615 14.8106126785 1.13604795933
      vertex 8.01726436615 14.8249721527 1.13604795933
    endloop
  endfacet
  facet normal -0 -1 -0
    outer loop
      vertex 8.04559993744 14.8106126785 1.13604795933
      vertex 8.03143215179 14.8106126785 1.13604795933
      vertex 8.04559993744 14.8249721527 1.13604795933
    endloop
  endfacet
  facet normal 0 -1 0
    outer loop
      vertex 8.04559993744 14.8249721527 1.13604795933
      vertex 8.03143215179 14.8106126785 1.13604795933
      vertex 8.03143215179 14.8249721527 1.13604795933
    endloop
  endfacet
  facet normal -0 -1 -0
    outer loop
      vertex 8.05976772308 14.8106126785 1.13604795933
      vertex 8.04559993744 14.8106126785 1.13604795933
      vertex 8.05976772308 14.8249721527 1.13604795933
    endloop
  endfacet
  facet normal 0 -1 0
    outer loop
      vertex 8.05976772308 14.8249721527 1.13604795933
      vertex 8.04559993744 14.8106126785 1.13604795933
      vertex 8.04559993744 14.8249721527 1.13604795933
    endloop
  endfacet
  facet normal -0 -1 -0
    outer loop
      vertex 8.0739364624 14.8106126785 1.13604795933
      vertex 8.05976772308 14.8106126785 1.13604795933
      vertex 8.0739364624 14.8249721527 1.13604795933
    endloop
  endfacet
  facet normal 0 -1 0
    outer loop
      vertex 8.0739364624 14.8249721527 1.13604795933
      vertex 8.05976772308 14.8106126785 1.13604795933
      vertex 8.05976772308 14.8249721527 1.13604795933
    endloop
  endfacet
  facet normal -0 -1 -0
    outer loop
      vertex 8.08810329437 14.8106126785 1.13604795933
      vertex 8.0739364624 14.8106126785 1.13604795933
      vertex 8.08810329437 14.8249721527 1.13604795933
    endloop
  endfacet
  facet normal 0 -1 0
    outer loop
      vertex 8.08810329437 14.8249721527 1.13604795933
      vertex 8.0739364624 14.8106126785 1.13604795933
      vertex 8.0739364624 14.8249721527 1.13604795933
    endloop
  endfacet
  facet normal -0 -1 -0
    outer loop
      vertex 8.10227108002 14.8106126785 1.13604795933
      vertex 8.08810329437 14.8106126785 1.13604795933
      vertex 8.10227108002 14.8249721527 1.13604795933
    endloop
  endfacet
  facet normal 0 -1 0
    outer loop
      vertex 8.10227108002 14.8249721527 1.13604795933
      vertex 8.08810329437 14.8106126785 1.13604795933
      vertex 8.08810329437 14.8249721527 1.13604795933
    endloop
  endfacet
  facet normal -0 -1 -0
    outer loop
      vertex 8.11643886566 14.8106126785 1.13604795933
      vertex 8.10227108002 14.8106126785 1.13604795933
      vertex 8.11643886566 14.8249721527 1.13604795933
    endloop
  endfacet
  facet normal 0 -1 0
    outer loop
      vertex 8.11643886566 14.8249721527 1.13604795933
      vertex 8.10227108002 14.8106126785 1.13604795933
      vertex 8.10227108002 14.8249721527 1.13604795933
    endloop
  endfacet
  facet normal -0 -1 -0
    outer loop
      vertex 8.13060665131 14.8106126785 1.13604795933
      vertex 8.11643886566 14.8106126785 1.13604795933
      vertex 8.13060665131 14.8249721527 1.13604795933
    endloop
  endfacet
  facet normal 0 -1 0
    outer loop
      vertex 8.13060665131 14.8249721527 1.13604795933
      vertex 8.11643886566 14.8106126785 1.13604795933
      vertex 8.11643886566 14.8249721527 1.13604795933
    endloop
  endfacet
  facet normal -0.635654807091 -0.450230807066 0.627084672451
    outer loop
      vertex 8.1447725296 14.8249721527 1.1160479784
      vertex 8.1447725296 14.8106126785 1.13604795933
      vertex 8.13060665131 14.8249721527 1.13604795933
    endloop
  endfacet
  facet normal -0 -1 0
    outer loop
      vertex 8.1447725296 14.8106126785 1.13604795933
      vertex 8.13060665131 14.8106126785 1.13604795933
      vertex 8.13060665131 14.8249721527 1.13604795933
    endloop
  endfacet
  facet normal 0 -0.583220660686 0.81231379509
    outer loop
      vertex 8.15894126892 14.8249721527 1.1160479784
      vertex 8.1447725296 14.8106126785 1.13604795933
      vertex 8.1447725296 14.8249721527 1.1160479784
    endloop
  endfacet
  facet normal 0 -0.583220660686 0.81231379509
    outer loop
      vertex 8.15894126892 14.8106126785 1.13604795933
      vertex 8.1447725296 14.8106126785 1.13604795933
      vertex 8.15894126892 14.8249721527 1.1160479784
    endloop
  endfacet
  facet normal 0 -0.583220660686 0.81231379509
    outer loop
      vertex 8.17310905457 14.8249721527 1.1160479784
      vertex 8.15894126892 14.8106126785 1.13604795933
      vertex 8.15894126892 14.8249721527 1.1160479784
    endloop
  endfacet
  facet normal 0 -0.583220660686 0.81231379509
    outer loop
      vertex 8.17310905457 14.8106126785 1.13604795933
      vertex 8.15894126892 14.8106126785 1.13604795933
      vertex 8.17310905457 14.8249721527 1.1160479784
    endloop
  endfacet
  facet normal 0 -0.583220660686 0.81231379509
    outer loop
      vertex 8.18727684021 14.8249721527 1.1160479784
      vertex 8.17310905457 14.8106126785 1.13604795933
      vertex 8.17310905457 14.8249721527 1.1160479784
    endloop
  endfacet
  facet normal 0 -0.583220660686 0.81231379509
    outer loop
      vertex 8.18727684021 14.8106126785 1.13604795933
      vertex 8.17310905457 14.8106126785 1.13604795933
      vertex 8.18727684021 14.8249721527 1.1160479784
    endloop
  endfacet
  facet normal -0.635603785515 -0.450255334377 0.627118766308
    outer loop
      vertex 8.20144462585 14.8106126785 1.1160479784
      vertex 8.18727684021 14.8106126785 1.13604795933
      vertex 8.18727684021 14.8249721527 1.1160479784
    endloop
  endfacet
  facet normal 1 -0 0
    outer loop
      vertex 8.27228355408 14.8106126785 1.1160479784
      vertex 8.27228355408 14.8249721527 1.1160479784
      vertex 8.27228355408 14.8106126785 1.13604795933
    endloop
  endfacet
  facet normal 1 0 0
    outer loop
      vertex 8.27228355408 14.8106126785 1.13604795933
      vertex 8.27228355408 14.8249721527 1.1160479784
      vertex 8.27228355408 14.8249721527 1.13604795933
    endloop
  endfacet
  facet normal 0 -1 -0
    outer loop
      vertex 7.96059417725 14.8249721527 1.13604795933
      vertex 7.94642591476 14.8393316269 1.13604795933
      vertex 7.96059417725 14.8393316269 1.13604795933
    endloop
  endfacet
  facet normal -0 -1 -0
    outer loop
      vertex 7.97476100922 14.8249721527 1.13604795933
      vertex 7.96059417725 14.8249721527 1.13604795933
      vertex 7.97476100922 14.8393316269 1.13604795933
    endloop
  endfacet
  facet normal 0 -1 0
    outer loop
      vertex 7.97476100922 14.8393316269 1.13604795933
      vertex 7.96059417725 14.8249721527 1.13604795933
      vertex 7.96059417725 14.8393316269 1.13604795933
    endloop
  endfacet
  facet normal -0 -1 -0
    outer loop
      vertex 7.98892879486 14.8249721527 1.13604795933
      vertex 7.97476100922 14.8249721527 1.13604795933
      vertex 7.98892879486 14.8393316269 1.13604795933
    endloop
  endfacet
  facet normal 0 -1 0
    outer loop
      vertex 7.98892879486 14.8393316269 1.13604795933
      vertex 7.97476100922 14.8249721527 1.13604795933
      vertex 7.97476100922 14.8393316269 1.13604795933
    endloop
  endfacet
  facet normal -0 -1 -0
    outer loop
      vertex 8.00309753418 14.8249721527 1.13604795933
      vertex 7.98892879486 14.8249721527 1.13604795933
      vertex 8.00309753418 14.8393316269 1.13604795933
    endloop
  endfacet
  facet normal 0 -1 0
    outer loop
      vertex 8.00309753418 14.8393316269 1.13604795933
      vertex 7.98892879486 14.8249721527 1.13604795933
      vertex 7.98892879486 14.8393316269 1.13604795933
    endloop
  endfacet
  facet normal -0 -1 -0
    outer loop
      vertex 8.01726436615 14.8249721527 1.13604795933
      vertex 8.00309753418 14.8249721527 1.13604795933
      vertex 8.01726436615 14.8393316269 1.13604795933
    endloop
  endfacet
  facet normal 0 -1 0
    outer loop
      vertex 8.01726436615 14.8393316269 1.13604795933
      vertex 8.00309753418 14.8249721527 1.13604795933
      vertex 8.00309753418 14.8393316269 1.13604795933
    endloop
  endfacet
  facet normal -0 -1 -0
    outer loop
      vertex 8.03143215179 14.8249721527 1.13604795933
      vertex 8.01726436615 14.8249721527 1.13604795933
      vertex 8.03143215179 14.8393316269 1.13604795933
    endloop
  endfacet
  facet normal 0 -1 0
    outer loop
      vertex 8.03143215179 14.8393316269 1.13604795933
      vertex 8.01726436615 14.8249721527 1.13604795933
      vertex 8.01726436615 14.8393316269 1.13604795933
    endloop
  endfacet
  facet normal -0 -1 -0
    outer loop
      vertex 8.04559993744 14.8249721527 1.13604795933
      vertex 8.03143215179 14.8249721527 1.13604795933
      vertex 8.04559993744 14.8393316269 1.13604795933
    endloop
  endfacet
  facet normal 0 -1 0
    outer loop
      vertex 8.04559993744 14.8393316269 1.13604795933
      vertex 8.03143215179 14.8249721527 1.13604795933
      vertex 8.03143215179 14.8393316269 1.13604795933
    endloop
  endfacet
  facet normal -0 -1 -0
    outer loop
      vertex 8.05976772308 14.8249721527 1.13604795933
      vertex 8.04559993744 14.8249721527 1.13604795933
      vertex 8.05976772308 14.8393316269 1.13604795933
    endloop
  endfacet
  facet normal 0 -1 0
    outer loop
      vertex 8.05976772308 14.8393316269 1.13604795933
      vertex 8.04559993744 14.8249721527 1.13604795933
      vertex 8.04559993744 14.8393316269 1.13604795933
    endloop
  endfacet
  facet normal -0.635578095913 -0.450267523527 0.627136051655
    outer loop
      vertex 8.0739364624 14.8393316269 1.1160479784
      vertex 8.0739364624 14.8249721527 1.13604795933
      vertex 8.05976772308 14.8393316269 1.13604795933
    endloop
  endfacet
  facet normal -0 -1 0
    outer loop
      vertex 8.0739364624 14.8249721527 1.13604795933
      vertex 8.05976772308 14.8249721527 1.13604795933
      vertex 8.05976772308 14.8393316269 1.13604795933
    endloop
  endfacet
  facet normal 0 -0.583220481873 0.812313914299
    outer loop
      vertex 8.08810329437 14.8393316269 1.1160479784
      vertex 8.0739364624 14.8249721527 1.13604795933
      vertex 8.0739364624 14.8393316269 1.1160479784
    endloop
  endfacet
  facet normal 0 -0.583220481873 0.812313914299
    outer loop
      vertex 8.08810329437 14.8249721527 1.13604795933
      vertex 8.0739364624 14.8249721527 1.13604795933
      vertex 8.08810329437 14.8393316269 1.1160479784
    endloop
  endfacet
  facet normal 0 -0.583220481873 0.812313914299
    outer loop
      vertex 8.10227108002 14.8393316269 1.1160479784
      vertex 8.08810329437 14.8249721527 1.13604795933
      vertex 8.08810329437 14.8393316269 1.1160479784
    endloop
  endfacet
  facet normal 0 -0.583220481873 0.812313914299
    outer loop
      vertex 8.10227108002 14.8249721527 1.13604795933
      vertex 8.08810329437 14.8249721527 1.13604795933
      vertex 8.10227108002 14.8393316269 1.1160479784
    endloop
  endfacet
  facet normal 0 -0.583220481873 0.812313914299
    outer loop
      vertex 8.11643886566 14.8393316269 1.1160479784
      vertex 8.10227108002 14.8249721527 1.13604795933
      vertex 8.10227108002 14.8393316269 1.1160479784
    endloop
  endfacet
  facet normal 0 -0.583220481873 0.812313914299
    outer loop
      vertex 8.11643886566 14.8249721527 1.13604795933
      vertex 8.10227108002 14.8249721527 1.13604795933
      vertex 8.11643886566 14.8393316269 1.1160479784
    endloop
  endfacet
  facet normal 0 -0.583220481873 0.812313914299
    outer loop
      vertex 8.13060665131 14.8393316269 1.1160479784
      vertex 8.11643886566 14.8249721527 1.13604795933
      vertex 8.11643886566 14.8393316269 1.1160479784
    endloop
  endfacet
  facet normal 0 -0.583220481873 0.812313914299
    outer loop
      vertex 8.13060665131 14.8249721527 1.13604795933
      vertex 8.11643886566 14.8249721527 1.13604795933
      vertex 8.13060665131 14.8393316269 1.1160479784
    endloop
  endfacet
  facet normal -0.635654687881 -0.450230747461 0.62708479166
    outer loop
      vertex 8.1447725296 14.8249721527 1.1160479784
      vertex 8.13060665131 14.8249721527 1.13604795933
      vertex 8.13060665131 14.8393316269 1.1160479784
    endloop
  endfacet
  facet normal 0.635603666306 0.45025524497 0.627118945122
    outer loop
      vertex 8.28645133972 14.8393316269 1.1160479784
      vertex 8.27228355408 14.8393316269 1.13604795933
      vertex 8.27228355408 14.8249721527 1.1160479784
    endloop
  endfacet
  facet normal 1 0 -0
    outer loop
      vertex 8.27228355408 14.8393316269 1.13604795933
      vertex 8.27228355408 14.8249721527 1.13604795933
      vertex 8.27228355408 14.8249721527 1.1160479784
    endloop
  endfacet
  facet normal -0 -1 -0
    outer loop
      vertex 7.96059417725 14.8393316269 1.13604795933
      vertex 7.94642591476 14.8393316269 1.13604795933
      vertex 7.96059417725 14.8536920547 1.13604795933
    endloop
  endfacet
  facet normal 0 -1 0
    outer loop
      vertex 7.96059417725 14.8536920547 1.13604795933
      vertex 7.94642591476 14.8393316269 1.13604795933
      vertex 7.94642591476 14.8536920547 1.13604795933
    endloop
  endfacet
  facet normal -0.635645747185 -0.450254827738 0.627076625824
    outer loop
      vertex 7.97476100922 14.8536920547 1.1160479784
      vertex 7.97476100922 14.8393316269 1.13604795933
      vertex 7.96059417725 14.8536920547 1.13604795933
    endloop
  endfacet
  facet normal -0 -1 0
    outer loop
      vertex 7.97476100922 14.8393316269 1.13604795933
      vertex 7.96059417725 14.8393316269 1.13604795933
      vertex 7.96059417725 14.8536920547 1.13604795933
    endloop
  endfacet
  facet normal 0 -0.58324611187 0.812295496464
    outer loop
      vertex 7.98892879486 14.8536920547 1.1160479784
      vertex 7.97476100922 14.8393316269 1.13604795933
      vertex 7.97476100922 14.8536920547 1.1160479784
    endloop
  endfacet
  facet normal 0 -0.58324611187 0.812295496464
    outer loop
      vertex 7.98892879486 14.8393316269 1.13604795933
      vertex 7.97476100922 14.8393316269 1.13604795933
      vertex 7.98892879486 14.8536920547 1.1160479784
    endloop
  endfacet
  facet normal 0 -0.58324611187 0.812295496464
    outer loop
      vertex 8.00309753418 14.8536920547 1.1160479784
      vertex 7.98892879486 14.8393316269 1.13604795933
      vertex 7.98892879486 14.8536920547 1.1160479784
    endloop
  endfacet
  facet normal 0 -0.58324611187 0.812295496464
    outer loop
      vertex 8.00309753418 14.8393316269 1.13604795933
      vertex 7.98892879486 14.8393316269 1.13604795933
      vertex 8.00309753418 14.8536920547 1.1160479784
    endloop
  endfacet
  facet normal 0 -0.58324611187 0.812295496464
    outer loop
      vertex 8.01726436615 14.8536920547 1.1160479784
      vertex 8.00309753418 14.8393316269 1.13604795933
      vertex 8.00309753418 14.8536920547 1.1160479784
    endloop
  endfacet
  facet normal 0 -0.58324611187 0.812295496464
    outer loop
      vertex 8.01726436615 14.8393316269 1.13604795933
      vertex 8.00309753418 14.8393316269 1.13604795933
      vertex 8.01726436615 14.8536920547 1.1160479784
    endloop
  endfacet
  facet normal 0 -0.58324611187 0.812295496464
    outer loop
      vertex 8.03143215179 14.8536920547 1.1160479784
      vertex 8.01726436615 14.8393316269 1.13604795933
      vertex 8.01726436615 14.8536920547 1.1160479784
    endloop
  endfacet
  facet normal 0 -0.58324611187 0.812295496464
    outer loop
      vertex 8.03143215179 14.8393316269 1.13604795933
      vertex 8.01726436615 14.8393316269 1.13604795933
      vertex 8.03143215179 14.8536920547 1.1160479784
    endloop
  endfacet
  facet normal 0 -0.58324611187 0.812295496464
    outer loop
      vertex 8.04559993744 14.8536920547 1.1160479784
      vertex 8.03143215179 14.8393316269 1.13604795933
      vertex 8.03143215179 14.8536920547 1.1160479784
    endloop
  endfacet
  facet normal 0 -0.58324611187 0.812295496464
    outer loop
      vertex 8.04559993744 14.8393316269 1.13604795933
      vertex 8.03143215179 14.8393316269 1.13604795933
      vertex 8.04559993744 14.8536920547 1.1160479784
    endloop
  endfacet
  facet normal 0 -0.58324611187 0.812295496464
    outer loop
      vertex 8.05976772308 14.8536920547 1.1160479784
      vertex 8.04559993744 14.8393316269 1.13604795933
      vertex 8.04559993744 14.8536920547 1.1160479784
    endloop
  endfacet
  facet normal 0 -0.58324611187 0.812295496464
    outer loop
      vertex 8.05976772308 14.8393316269 1.13604795933
      vertex 8.04559993744 14.8393316269 1.13604795933
      vertex 8.05976772308 14.8536920547 1.1160479784
    endloop
  endfacet
  facet normal -0.635594785213 -0.450279325247 0.627110719681
    outer loop
      vertex 8.0739364624 14.8393316269 1.1160479784
      vertex 8.05976772308 14.8393316269 1.13604795933
      vertex 8.05976772308 14.8536920547 1.1160479784
    endloop
  endfacet
  facet normal 0.816002726555 0.578048110008 -0
    outer loop
      vertex 8.28645133972 14.8536920547 1.1160479784
      vertex 8.27228355408 14.8393316269 1.13604795933
      vertex 8.28645133972 14.8393316269 1.1160479784
    endloop
  endfacet
  facet normal 0.816002726555 0.578048110008 -0
    outer loop
      vertex 8.27228355408 14.8536920547 1.13604795933
      vertex 8.27228355408 14.8393316269 1.13604795933
      vertex 8.28645133972 14.8536920547 1.1160479784
    endloop
  endfacet
  facet normal -0.635591089725 -0.450261414051 0.627127289772
    outer loop
      vertex 7.96059417725 14.8680515289 1.1160479784
      vertex 7.96059417725 14.8536920547 1.13604795933
      vertex 7.94642591476 14.8680515289 1.13604795933
    endloop
  endfacet
  facet normal -0 -1 0
    outer loop
      vertex 7.96059417725 14.8536920547 1.13604795933
      vertex 7.94642591476 14.8536920547 1.13604795933
      vertex 7.94642591476 14.8680515289 1.13604795933
    endloop
  endfacet
  facet normal -0.635629177094 -0.450243115425 0.627101778984
    outer loop
      vertex 7.97476100922 14.8536920547 1.1160479784
      vertex 7.96059417725 14.8536920547 1.13604795933
      vertex 7.96059417725 14.8680515289 1.1160479784
    endloop
  endfacet
  facet normal 0.816002726555 0.578048110008 -0
    outer loop
      vertex 8.28645133972 14.8680515289 1.1160479784
      vertex 8.27228355408 14.8536920547 1.13604795933
      vertex 8.28645133972 14.8536920547 1.1160479784
    endloop
  endfacet
  facet normal 0.816002726555 0.578048110008 -0
    outer loop
      vertex 8.27228355408 14.8680515289 1.13604795933
      vertex 8.27228355408 14.8536920547 1.13604795933
      vertex 8.28645133972 14.8680515289 1.1160479784
    endloop
  endfacet
  facet normal -0.635591089725 -0.450261414051 -0.627127289772
    outer loop
      vertex 7.94642591476 14.8680515289 1.13604795933
      vertex 7.96059417725 14.8824110031 1.13604795933
      vertex 7.96059417725 14.8680515289 1.1160479784
    endloop
  endfacet
  facet normal -1 0 0
    outer loop
      vertex 7.96059417725 14.8824110031 1.13604795933
      vertex 7.96059417725 14.8824110031 1.1160479784
      vertex 7.96059417725 14.8680515289 1.1160479784
    endloop
  endfacet
  facet normal 0.816002726555 0.578048110008 -0
    outer loop
      vertex 8.28645133972 14.8824110031 1.1160479784
      vertex 8.27228355408 14.8680515289 1.13604795933
      vertex 8.28645133972 14.8680515289 1.1160479784
    endloop
  endfacet
  facet normal 0.816002726555 0.578048110008 -0
    outer loop
      vertex 8.27228355408 14.8824110031 1.13604795933
      vertex 8.27228355408 14.8680515289 1.13604795933
      vertex 8.28645133972 14.8824110031 1.1160479784
    endloop
  endfacet
  facet normal -1 0 0
    outer loop
      vertex 7.96059417725 14.8824110031 1.1160479784
      vertex 7.96059417725 14.8824110031 1.13604795933
      vertex 7.96059417725 14.8967695236 1.1160479784
    endloop
  endfacet
  facet normal -1 0 -0
    outer loop
      vertex 7.96059417725 14.8824110031 1.13604795933
      vertex 7.96059417725 14.8967695236 1.13604795933
      vertex 7.96059417725 14.8967695236 1.1160479784
    endloop
  endfacet
  facet normal 0.63558703661 0.450243443251 -0.627144277096
    outer loop
      vertex 8.27228355408 14.8967695236 1.1160479784
      vertex 8.25811576843 14.8967695236 1.13604795933
      vertex 8.27228355408 14.8824110031 1.13604795933
    endloop
  endfacet
  facet normal 0.63558703661 0.450243443251 -0.627144277096
    outer loop
      vertex 8.27228355408 14.8824110031 1.13604795933
      vertex 8.28645133972 14.8824110031 1.1160479784
      vertex 8.27228355408 14.8967695236 1.1160479784
    endloop
  endfacet
  facet normal 0 1 0
    outer loop
      vertex 8.28645133972 14.8824110031 1.1160479784
      vertex 8.28645133972 14.8967695236 1.1160479784
      vertex 8.27228355408 14.8967695236 1.1160479784
    endloop
  endfacet
  facet normal -1 0 0
    outer loop
      vertex 7.96059417725 14.8967695236 1.1160479784
      vertex 7.96059417725 14.8967695236 1.13604795933
      vertex 7.96059417725 14.9111309052 1.1160479784
    endloop
  endfacet
  facet normal -1 0 -0
    outer loop
      vertex 7.96059417725 14.8967695236 1.13604795933
      vertex 7.96059417725 14.9111309052 1.13604795933
      vertex 7.96059417725 14.9111309052 1.1160479784
    endloop
  endfacet
  facet normal 0.635636866093 0.450278759003 -0.627068400383
    outer loop
      vertex 8.24394798279 14.9111309052 1.1160479784
      vertex 8.22978019714 14.9111309052 1.13604795933
      vertex 8.24394798279 14.8967695236 1.13604795933
    endloop
  endfacet
  facet normal 0 0.583271563053 -0.812277197838
    outer loop
      vertex 8.24394798279 14.9111309052 1.1160479784
      vertex 8.25811576843 14.8967695236 1.13604795933
      vertex 8.25811576843 14.9111309052 1.1160479784
    endloop
  endfacet
  facet normal 0 0.583271563053 -0.812277197838
    outer loop
      vertex 8.24394798279 14.8967695236 1.13604795933
      vertex 8.25811576843 14.8967695236 1.13604795933
      vertex 8.24394798279 14.9111309052 1.1160479784
    endloop
  endfacet
  facet normal 0.635636866093 0.450278759003 -0.627068400383
    outer loop
      vertex 8.25811576843 14.8967695236 1.13604795933
      vertex 8.27228355408 14.8967695236 1.1160479784
      vertex 8.25811576843 14.9111309052 1.1160479784
    endloop
  endfacet
  facet normal 0 1 0
    outer loop
      vertex 8.27228355408 14.8967695236 1.1160479784
      vertex 8.27228355408 14.9111309052 1.1160479784
      vertex 8.25811576843 14.9111309052 1.1160479784
    endloop
  endfacet
  facet normal 0 1 0
    outer loop
      vertex 8.28645133972 14.8967695236 1.1160479784
      vertex 8.28645133972 14.9111309052 1.1160479784
      vertex 8.27228355408 14.8967695236 1.1160479784
    endloop
  endfacet
  facet normal 0 1 0
    outer loop
      vertex 8.28645133972 14.9111309052 1.1160479784
      vertex 8.27228355408 14.9111309052 1.1160479784
      vertex 8.27228355408 14.8967695236 1.1160479784
    endloop
  endfacet
  facet normal -1 0 0
    outer loop
      vertex 7.96059417725 14.9111309052 1.1160479784
      vertex 7.96059417725 14.9111309052 1.13604795933
      vertex 7.96059417725 14.9254903793 1.1160479784
    endloop
  endfacet
  facet normal -1 0 -0
    outer loop
      vertex 7.96059417725 14.9111309052 1.13604795933
      vertex 7.96059417725 14.9254903793 1.13604795933
      vertex 7.96059417725 14.9254903793 1.1160479784
    endloop
  endfacet
  facet normal 0.635603785515 0.450255334377 -0.627118766308
    outer loop
      vertex 8.20144462585 14.9254903793 1.1160479784
      vertex 8.18727684021 14.9254903793 1.13604795933
      vertex 8.20144462585 14.9111309052 1.13604795933
    endloop
  endfacet
  facet normal 0 0.583220660686 -0.81231379509
    outer loop
      vertex 8.20144462585 14.9254903793 1.1160479784
      vertex 8.2156124115 14.9111309052 1.13604795933
      vertex 8.2156124115 14.9254903793 1.1160479784
    endloop
  endfacet
  facet normal 0 0.583220660686 -0.81231379509
    outer loop
      vertex 8.20144462585 14.9111309052 1.13604795933
      vertex 8.2156124115 14.9111309052 1.13604795933
      vertex 8.20144462585 14.9254903793 1.1160479784
    endloop
  endfacet
  facet normal 0 0.583220660686 -0.81231379509
    outer loop
      vertex 8.2156124115 14.9254903793 1.1160479784
      vertex 8.22978019714 14.9111309052 1.13604795933
      vertex 8.22978019714 14.9254903793 1.1160479784
    endloop
  endfacet
  facet normal 0 0.583220660686 -0.81231379509
    outer loop
      vertex 8.2156124115 14.9111309052 1.13604795933
      vertex 8.22978019714 14.9111309052 1.13604795933
      vertex 8.2156124115 14.9254903793 1.1160479784
    endloop
  endfacet
  facet normal 0.635603785515 0.450255334377 -0.627118766308
    outer loop
      vertex 8.22978019714 14.9111309052 1.13604795933
      vertex 8.24394798279 14.9111309052 1.1160479784
      vertex 8.22978019714 14.9254903793 1.1160479784
    endloop
  endfacet
  facet normal 0 1 0
    outer loop
      vertex 8.24394798279 14.9111309052 1.1160479784
      vertex 8.24394798279 14.9254903793 1.1160479784
      vertex 8.22978019714 14.9254903793 1.1160479784
    endloop
  endfacet
  facet normal 0 1 0
    outer loop
      vertex 8.25811576843 14.9111309052 1.1160479784
      vertex 8.25811576843 14.9254903793 1.1160479784
      vertex 8.24394798279 14.9111309052 1.1160479784
    endloop
  endfacet
  facet normal 0 1 0
    outer loop
      vertex 8.25811576843 14.9254903793 1.1160479784
      vertex 8.24394798279 14.9254903793 1.1160479784
      vertex 8.24394798279 14.9111309052 1.1160479784
    endloop
  endfacet
  facet normal 0 1 0
    outer loop
      vertex 8.27228355408 14.9111309052 1.1160479784
      vertex 8.27228355408 14.9254903793 1.1160479784
      vertex 8.25811576843 14.9111309052 1.1160479784
    endloop
  endfacet
  facet normal 0 1 0
    outer loop
      vertex 8.27228355408 14.9254903793 1.1160479784
      vertex 8.25811576843 14.9254903793 1.1160479784
      vertex 8.25811576843 14.9111309052 1.1160479784
    endloop
  endfacet
  facet normal 0 1 0
    outer loop
      vertex 8.28645133972 14.9111309052 1.1160479784
      vertex 8.27228355408 14.9254903793 1.1160479784
      vertex 8.27228355408 14.9111309052 1.1160479784
    endloop
  endfacet
  facet normal -1 0 0
    outer loop
      vertex 7.96059417725 14.9254903793 1.1160479784
      vertex 7.96059417725 14.9254903793 1.13604795933
      vertex 7.96059417725 14.9398498535 1.1160479784
    endloop
  endfacet
  facet normal -1 0 -0
    outer loop
      vertex 7.96059417725 14.9254903793 1.13604795933
      vertex 7.96059417725 14.9398498535 1.13604795933
      vertex 7.96059417725 14.9398498535 1.1160479784
    endloop
  endfacet
  facet normal 0.635603785515 0.450255334377 -0.627118766308
    outer loop
      vertex 8.11643886566 14.9398498535 1.1160479784
      vertex 8.10227108002 14.9398498535 1.13604795933
      vertex 8.11643886566 14.9254903793 1.13604795933
    endloop
  endfacet
  facet normal 0 0.583220660686 -0.81231379509
    outer loop
      vertex 8.11643886566 14.9398498535 1.1160479784
      vertex 8.13060665131 14.9254903793 1.13604795933
      vertex 8.13060665131 14.9398498535 1.1160479784
    endloop
  endfacet
  facet normal 0 0.583220660686 -0.81231379509
    outer loop
      vertex 8.11643886566 14.9254903793 1.13604795933
      vertex 8.13060665131 14.9254903793 1.13604795933
      vertex 8.11643886566 14.9398498535 1.1160479784
    endloop
  endfacet
  facet normal 0 0.583220660686 -0.81231379509
    outer loop
      vertex 8.13060665131 14.9398498535 1.1160479784
      vertex 8.1447725296 14.9254903793 1.13604795933
      vertex 8.1447725296 14.9398498535 1.1160479784
    endloop
  endfacet
  facet normal 0 0.583220660686 -0.81231379509
    outer loop
      vertex 8.13060665131 14.9254903793 1.13604795933
      vertex 8.1447725296 14.9254903793 1.13604795933
      vertex 8.13060665131 14.9398498535 1.1160479784
    endloop
  endfacet
  facet normal 0 0.583220660686 -0.81231379509
    outer loop
      vertex 8.1447725296 14.9398498535 1.1160479784
      vertex 8.15894126892 14.9254903793 1.13604795933
      vertex 8.15894126892 14.9398498535 1.1160479784
    endloop
  endfacet
  facet normal 0 0.583220660686 -0.81231379509
    outer loop
      vertex 8.1447725296 14.9254903793 1.13604795933
      vertex 8.15894126892 14.9254903793 1.13604795933
      vertex 8.1447725296 14.9398498535 1.1160479784
    endloop
  endfacet
  facet normal 0 0.583220660686 -0.81231379509
    outer loop
      vertex 8.15894126892 14.9398498535 1.1160479784
      vertex 8.17310905457 14.9254903793 1.13604795933
      vertex 8.17310905457 14.9398498535 1.1160479784
    endloop
  endfacet
  facet normal 0 0.583220660686 -0.81231379509
    outer loop
      vertex 8.15894126892 14.9254903793 1.13604795933
      vertex 8.17310905457 14.9254903793 1.13604795933
      vertex 8.15894126892 14.9398498535 1.1160479784
    endloop
  endfacet
  facet normal 0 0.583220660686 -0.81231379509
    outer loop
      vertex 8.17310905457 14.9398498535 1.1160479784
      vertex 8.18727684021 14.9254903793 1.13604795933
      vertex 8.18727684021 14.9398498535 1.1160479784
    endloop
  endfacet
  facet normal 0 0.583220660686 -0.81231379509
    outer loop
      vertex 8.17310905457 14.9254903793 1.13604795933
      vertex 8.18727684021 14.9254903793 1.13604795933
      vertex 8.17310905457 14.9398498535 1.1160479784
    endloop
  endfacet
  facet normal 0.635603785515 0.450255334377 -0.627118766308
    outer loop
      vertex 8.18727684021 14.9254903793 1.13604795933
      vertex 8.20144462585 14.9254903793 1.1160479784
      vertex 8.18727684021 14.9398498535 1.1160479784
    endloop
  endfacet
  facet normal 0 1 0
    outer loop
      vertex 8.20144462585 14.9254903793 1.1160479784
      vertex 8.20144462585 14.9398498535 1.1160479784
      vertex 8.18727684021 14.9398498535 1.1160479784
    endloop
  endfacet
  facet normal 0 1 0
    outer loop
      vertex 8.2156124115 14.9254903793 1.1160479784
      vertex 8.2156124115 14.9398498535 1.1160479784
      vertex 8.20144462585 14.9254903793 1.1160479784
    endloop
  endfacet
  facet normal 0 1 0
    outer loop
      vertex 8.2156124115 14.9398498535 1.1160479784
      vertex 8.20144462585 14.9398498535 1.1160479784
      vertex 8.20144462585 14.9254903793 1.1160479784
    endloop
  endfacet
  facet normal 0 1 0
    outer loop
      vertex 8.22978019714 14.9254903793 1.1160479784
      vertex 8.22978019714 14.9398498535 1.1160479784
      vertex 8.2156124115 14.9254903793 1.1160479784
    endloop
  endfacet
  facet normal 0 1 0
    outer loop
      vertex 8.22978019714 14.9398498535 1.1160479784
      vertex 8.2156124115 14.9398498535 1.1160479784
      vertex 8.2156124115 14.9254903793 1.1160479784
    endloop
  endfacet
  facet normal 0 1 0
    outer loop
      vertex 8.24394798279 14.9254903793 1.1160479784
      vertex 8.24394798279 14.9398498535 1.1160479784
      vertex 8.22978019714 14.9254903793 1.1160479784
    endloop
  endfacet
  facet normal 0 1 0
    outer loop
      vertex 8.24394798279 14.9398498535 1.1160479784
      vertex 8.22978019714 14.9398498535 1.1160479784
      vertex 8.22978019714 14.9254903793 1.1160479784
    endloop
  endfacet
  facet normal 0 1 0
    outer loop
      vertex 8.25811576843 14.9254903793 1.1160479784
      vertex 8.25811576843 14.9398498535 1.1160479784
      vertex 8.24394798279 14.9254903793 1.1160479784
    endloop
  endfacet
  facet normal 0 1 0
    outer loop
      vertex 8.25811576843 14.9398498535 1.1160479784
      vertex 8.24394798279 14.9398498535 1.1160479784
      vertex 8.24394798279 14.9254903793 1.1160479784
    endloop
  endfacet
  facet normal 0 1 0
    outer loop
      vertex 8.27228355408 14.9254903793 1.1160479784
      vertex 8.27228355408 14.9398498535 1.1160479784
      vertex 8.25811576843 14.9254903793 1.1160479784
    endloop
  endfacet
  facet normal 0 1 0
    outer loop
      vertex 8.27228355408 14.9398498535 1.1160479784
      vertex 8.25811576843 14.9398498535 1.1160479784
      vertex 8.25811576843 14.9254903793 1.1160479784
    endloop
  endfacet
  facet normal 0 0 -1
    outer loop
      vertex 7.97476100922 14.9398498535 1.1160479784
      vertex 7.96059417725 14.9398498535 1.1160479784
      vertex 7.97476100922 14.9398498535 1.13604795933
    endloop
  endfacet
  facet normal 0 0 -1
    outer loop
      vertex 7.96059417725 14.9398498535 1.1160479784
      vertex 7.96059417725 14.9398498535 1.13604795933
      vertex 7.97476100922 14.9398498535 1.13604795933
    endloop
  endfacet
  facet normal 0 0 -1
    outer loop
      vertex 7.98892879486 14.9398498535 1.1160479784
      vertex 7.97476100922 14.9398498535 1.1160479784
      vertex 7.98892879486 14.9398498535 1.13604795933
    endloop
  endfacet
  facet normal 0 0 -1
    outer loop
      vertex 7.97476100922 14.9398498535 1.1160479784
      vertex 7.97476100922 14.9398498535 1.13604795933
      vertex 7.98892879486 14.9398498535 1.13604795933
    endloop
  endfacet
  facet normal 0 0 -1
    outer loop
      vertex 8.00309753418 14.9398498535 1.1160479784
      vertex 7.98892879486 14.9398498535 1.1160479784
      vertex 8.00309753418 14.9398498535 1.13604795933
    endloop
  endfacet
  facet normal 0 0 -1
    outer loop
      vertex 7.98892879486 14.9398498535 1.1160479784
      vertex 7.98892879486 14.9398498535 1.13604795933
      vertex 8.00309753418 14.9398498535 1.13604795933
    endloop
  endfacet
  facet normal 0 0 -1
    outer loop
      vertex 8.01726436615 14.9398498535 1.1160479784
      vertex 8.00309753418 14.9398498535 1.1160479784
      vertex 8.01726436615 14.9398498535 1.13604795933
    endloop
  endfacet
  facet normal 0 0 -1
    outer loop
      vertex 8.00309753418 14.9398498535 1.1160479784
      vertex 8.00309753418 14.9398498535 1.13604795933
      vertex 8.01726436615 14.9398498535 1.13604795933
    endloop
  endfacet
  facet normal 0 0 -1
    outer loop
      vertex 8.03143215179 14.9398498535 1.1160479784
      vertex 8.01726436615 14.9398498535 1.1160479784
      vertex 8.03143215179 14.9398498535 1.13604795933
    endloop
  endfacet
  facet normal 0 0 -1
    outer loop
      vertex 8.01726436615 14.9398498535 1.1160479784
      vertex 8.01726436615 14.9398498535 1.13604795933
      vertex 8.03143215179 14.9398498535 1.13604795933
    endloop
  endfacet
  facet normal 0 0 -1
    outer loop
      vertex 8.04559993744 14.9398498535 1.1160479784
      vertex 8.03143215179 14.9398498535 1.1160479784
      vertex 8.04559993744 14.9398498535 1.13604795933
    endloop
  endfacet
  facet normal 0 0 -1
    outer loop
      vertex 8.03143215179 14.9398498535 1.1160479784
      vertex 8.03143215179 14.9398498535 1.13604795933
      vertex 8.04559993744 14.9398498535 1.13604795933
    endloop
  endfacet
  facet normal 0 0 -1
    outer loop
      vertex 8.05976772308 14.9398498535 1.1160479784
      vertex 8.04559993744 14.9398498535 1.1160479784
      vertex 8.05976772308 14.9398498535 1.13604795933
    endloop
  endfacet
  facet normal 0 0 -1
    outer loop
      vertex 8.04559993744 14.9398498535 1.1160479784
      vertex 8.04559993744 14.9398498535 1.13604795933
      vertex 8.05976772308 14.9398498535 1.13604795933
    endloop
  endfacet
  facet normal 0 0 -1
    outer loop
      vertex 8.0739364624 14.9398498535 1.1160479784
      vertex 8.05976772308 14.9398498535 1.1160479784
      vertex 8.0739364624 14.9398498535 1.13604795933
    endloop
  endfacet
  facet normal 0 0 -1
    outer loop
      vertex 8.05976772308 14.9398498535 1.1160479784
      vertex 8.05976772308 14.9398498535 1.13604795933
      vertex 8.0739364624 14.9398498535 1.13604795933
    endloop
  endfacet
  facet normal 0 0 -1
    outer loop
      vertex 8.08810329437 14.9398498535 1.1160479784
      vertex 8.0739364624 14.9398498535 1.1160479784
      vertex 8.08810329437 14.9398498535 1.13604795933
    endloop
  endfacet
  facet normal 0 0 -1
    outer loop
      vertex 8.0739364624 14.9398498535 1.1160479784
      vertex 8.0739364624 14.9398498535 1.13604795933
      vertex 8.08810329437 14.9398498535 1.13604795933
    endloop
  endfacet
  facet normal 0 0 -1
    outer loop
      vertex 8.10227108002 14.9398498535 1.1160479784
      vertex 8.08810329437 14.9398498535 1.1160479784
      vertex 8.10227108002 14.9398498535 1.13604795933
    endloop
  endfacet
  facet normal 0 0 -1
    outer loop
      vertex 8.08810329437 14.9398498535 1.1160479784
      vertex 8.08810329437 14.9398498535 1.13604795933
      vertex 8.10227108002 14.9398498535 1.13604795933
    endloop
  endfacet
  facet normal 0 0 -1
    outer loop
      vertex 8.10227108002 14.9398498535 1.13604795933
      vertex 8.11643886566 14.9398498535 1.1160479784
      vertex 8.10227108002 14.9398498535 1.1160479784
    endloop
  endfacet
  facet normal 0 -1 -0
    outer loop
      vertex 8.2156124115 14.7244539261 1.15604805946
      vertex 8.20144462585 14.7388143539 1.15604805946
      vertex 8.2156124115 14.7388143539 1.15604805946
    endloop
  endfacet
  facet normal -0 -1 -0
    outer loop
      vertex 8.22978019714 14.7244539261 1.15604805946
      vertex 8.2156124115 14.7244539261 1.15604805946
      vertex 8.22978019714 14.7388143539 1.15604805946
    endloop
  endfacet
  facet normal 0 -1 0
    outer loop
      vertex 8.22978019714 14.7388143539 1.15604805946
      vertex 8.2156124115 14.7244539261 1.15604805946
      vertex 8.2156124115 14.7388143539 1.15604805946
    endloop
  endfacet
  facet normal -0 -1 -0
    outer loop
      vertex 8.24394798279 14.7244539261 1.15604805946
      vertex 8.22978019714 14.7244539261 1.15604805946
      vertex 8.24394798279 14.7388143539 1.15604805946
    endloop
  endfacet
  facet normal 0 -1 0
    outer loop
      vertex 8.24394798279 14.7388143539 1.15604805946
      vertex 8.22978019714 14.7244539261 1.15604805946
      vertex 8.22978019714 14.7388143539 1.15604805946
    endloop
  endfacet
  facet normal 0 -1 0
    outer loop
      vertex 8.25811576843 14.7388143539 1.15604805946
      vertex 8.24394798279 14.7244539261 1.15604805946
      vertex 8.24394798279 14.7388143539 1.15604805946
    endloop
  endfacet
  facet normal 0 -1 -0
    outer loop
      vertex 8.15894126892 14.7388143539 1.15604805946
      vertex 8.1447725296 14.7531738281 1.15604805946
      vertex 8.15894126892 14.7531738281 1.15604805946
    endloop
  endfacet
  facet normal -0 -1 -0
    outer loop
      vertex 8.17310905457 14.7388143539 1.15604805946
      vertex 8.15894126892 14.7388143539 1.15604805946
      vertex 8.17310905457 14.7531738281 1.15604805946
    endloop
  endfacet
  facet normal 0 -1 0
    outer loop
      vertex 8.17310905457 14.7531738281 1.15604805946
      vertex 8.15894126892 14.7388143539 1.15604805946
      vertex 8.15894126892 14.7531738281 1.15604805946
    endloop
  endfacet
  facet normal -0 -1 -0
    outer loop
      vertex 8.18727684021 14.7388143539 1.15604805946
      vertex 8.17310905457 14.7388143539 1.15604805946
      vertex 8.18727684021 14.7531738281 1.15604805946
    endloop
  endfacet
  facet normal 0 -1 0
    outer loop
      vertex 8.18727684021 14.7531738281 1.15604805946
      vertex 8.17310905457 14.7388143539 1.15604805946
      vertex 8.17310905457 14.7531738281 1.15604805946
    endloop
  endfacet
  facet normal -0 -1 -0
    outer loop
      vertex 8.20144462585 14.7388143539 1.15604805946
      vertex 8.18727684021 14.7388143539 1.15604805946
      vertex 8.20144462585 14.7531738281 1.15604805946
    endloop
  endfacet
  facet normal 0 -1 0
    outer loop
      vertex 8.20144462585 14.7531738281 1.15604805946
      vertex 8.18727684021 14.7388143539 1.15604805946
      vertex 8.18727684021 14.7531738281 1.15604805946
    endloop
  endfacet
  facet normal -0 -1 -0
    outer loop
      vertex 8.2156124115 14.7388143539 1.15604805946
      vertex 8.20144462585 14.7388143539 1.15604805946
      vertex 8.2156124115 14.7531738281 1.15604805946
    endloop
  endfacet
  facet normal 0 -1 0
    outer loop
      vertex 8.2156124115 14.7531738281 1.15604805946
      vertex 8.20144462585 14.7388143539 1.15604805946
      vertex 8.20144462585 14.7531738281 1.15604805946
    endloop
  endfacet
  facet normal -0 -1 -0
    outer loop
      vertex 8.22978019714 14.7388143539 1.15604805946
      vertex 8.2156124115 14.7388143539 1.15604805946
      vertex 8.22978019714 14.7531738281 1.15604805946
    endloop
  endfacet
  facet normal 0 -1 0
    outer loop
      vertex 8.22978019714 14.7531738281 1.15604805946
      vertex 8.2156124115 14.7388143539 1.15604805946
      vertex 8.2156124115 14.7531738281 1.15604805946
    endloop
  endfacet
  facet normal -0 -1 -0
    outer loop
      vertex 8.24394798279 14.7388143539 1.15604805946
      vertex 8.22978019714 14.7388143539 1.15604805946
      vertex 8.24394798279 14.7531738281 1.15604805946
    endloop
  endfacet
  facet normal 0 -1 0
    outer loop
      vertex 8.24394798279 14.7531738281 1.15604805946
      vertex 8.22978019714 14.7388143539 1.15604805946
      vertex 8.22978019714 14.7531738281 1.15604805946
    endloop
  endfacet
  facet normal -0 -1 -0
    outer loop
      vertex 8.25811576843 14.7388143539 1.15604805946
      vertex 8.24394798279 14.7388143539 1.15604805946
      vertex 8.25811576843 14.7531738281 1.15604805946
    endloop
  endfacet
  facet normal 0 -1 0
    outer loop
      vertex 8.25811576843 14.7531738281 1.15604805946
      vertex 8.24394798279 14.7388143539 1.15604805946
      vertex 8.24394798279 14.7531738281 1.15604805946
    endloop
  endfacet
  facet normal 0 -1 -0
    outer loop
      vertex 8.08810329437 14.7531738281 1.15604805946
      vertex 8.0739364624 14.7675333023 1.15604805946
      vertex 8.08810329437 14.7675333023 1.15604805946
    endloop
  endfacet
  facet normal -0 -1 -0
    outer loop
      vertex 8.10227108002 14.7531738281 1.15604805946
      vertex 8.08810329437 14.7531738281 1.15604805946
      vertex 8.10227108002 14.7675333023 1.15604805946
    endloop
  endfacet
  facet normal 0 -1 0
    outer loop
      vertex 8.10227108002 14.7675333023 1.15604805946
      vertex 8.08810329437 14.7531738281 1.15604805946
      vertex 8.08810329437 14.7675333023 1.15604805946
    endloop
  endfacet
  facet normal -0 -1 -0
    outer loop
      vertex 8.11643886566 14.7531738281 1.15604805946
      vertex 8.10227108002 14.7531738281 1.15604805946
      vertex 8.11643886566 14.7675333023 1.15604805946
    endloop
  endfacet
  facet normal 0 -1 0
    outer loop
      vertex 8.11643886566 14.7675333023 1.15604805946
      vertex 8.10227108002 14.7531738281 1.15604805946
      vertex 8.10227108002 14.7675333023 1.15604805946
    endloop
  endfacet
  facet normal -0 -1 -0
    outer loop
      vertex 8.13060665131 14.7531738281 1.15604805946
      vertex 8.11643886566 14.7531738281 1.15604805946
      vertex 8.13060665131 14.7675333023 1.15604805946
    endloop
  endfacet
  facet normal 0 -1 0
    outer loop
      vertex 8.13060665131 14.7675333023 1.15604805946
      vertex 8.11643886566 14.7531738281 1.15604805946
      vertex 8.11643886566 14.7675333023 1.15604805946
    endloop
  endfacet
  facet normal -0 -1 -0
    outer loop
      vertex 8.1447725296 14.7531738281 1.15604805946
      vertex 8.13060665131 14.7531738281 1.15604805946
      vertex 8.1447725296 14.7675333023 1.15604805946
    endloop
  endfacet
  facet normal 0 -1 0
    outer loop
      vertex 8.1447725296 14.7675333023 1.15604805946
      vertex 8.13060665131 14.7531738281 1.15604805946
      vertex 8.13060665131 14.7675333023 1.15604805946
    endloop
  endfacet
  facet normal -0 -1 -0
    outer loop
      vertex 8.15894126892 14.7531738281 1.15604805946
      vertex 8.1447725296 14.7531738281 1.15604805946
      vertex 8.15894126892 14.7675333023 1.15604805946
    endloop
  endfacet
  facet normal 0 -1 0
    outer loop
      vertex 8.15894126892 14.7675333023 1.15604805946
      vertex 8.1447725296 14.7531738281 1.15604805946
      vertex 8.1447725296 14.7675333023 1.15604805946
    endloop
  endfacet
  facet normal -0 -1 -0
    outer loop
      vertex 8.17310905457 14.7531738281 1.15604805946
      vertex 8.15894126892 14.7531738281 1.15604805946
      vertex 8.17310905457 14.7675333023 1.15604805946
    endloop
  endfacet
  facet normal 0 -1 0
    outer loop
      vertex 8.17310905457 14.7675333023 1.15604805946
      vertex 8.15894126892 14.7531738281 1.15604805946
      vertex 8.15894126892 14.7675333023 1.15604805946
    endloop
  endfacet
  facet normal -0 -1 -0
    outer loop
      vertex 8.18727684021 14.7531738281 1.15604805946
      vertex 8.17310905457 14.7531738281 1.15604805946
      vertex 8.18727684021 14.7675333023 1.15604805946
    endloop
  endfacet
  facet normal 0 -1 0
    outer loop
      vertex 8.18727684021 14.7675333023 1.15604805946
      vertex 8.17310905457 14.7531738281 1.15604805946
      vertex 8.17310905457 14.7675333023 1.15604805946
    endloop
  endfacet
  facet normal -0 -1 -0
    outer loop
      vertex 8.20144462585 14.7531738281 1.15604805946
      vertex 8.18727684021 14.7531738281 1.15604805946
      vertex 8.20144462585 14.7675333023 1.15604805946
    endloop
  endfacet
  facet normal 0 -1 0
    outer loop
      vertex 8.20144462585 14.7675333023 1.15604805946
      vertex 8.18727684021 14.7531738281 1.15604805946
      vertex 8.18727684021 14.7675333023 1.15604805946
    endloop
  endfacet
  facet normal -0 -1 -0
    outer loop
      vertex 8.2156124115 14.7531738281 1.15604805946
      vertex 8.20144462585 14.7531738281 1.15604805946
      vertex 8.2156124115 14.7675333023 1.15604805946
    endloop
  endfacet
  facet normal 0 -1 0
    outer loop
      vertex 8.2156124115 14.7675333023 1.15604805946
      vertex 8.20144462585 14.7531738281 1.15604805946
      vertex 8.20144462585 14.7675333023 1.15604805946
    endloop
  endfacet
  facet normal -0.635604321957 -0.450253248215 0.627119719982
    outer loop
      vertex 8.22978019714 14.7675333023 1.13604795933
      vertex 8.22978019714 14.7531738281 1.15604805946
      vertex 8.2156124115 14.7675333023 1.15604805946
    endloop
  endfacet
  facet normal -0 -1 0
    outer loop
      vertex 8.22978019714 14.7531738281 1.15604805946
      vertex 8.2156124115 14.7531738281 1.15604805946
      vertex 8.2156124115 14.7675333023 1.15604805946
    endloop
  endfacet
  facet normal 0 -0.583218276501 0.81231546402
    outer loop
      vertex 8.24394798279 14.7675333023 1.13604795933
      vertex 8.22978019714 14.7531738281 1.15604805946
      vertex 8.22978019714 14.7675333023 1.13604795933
    endloop
  endfacet
  facet normal 0 -0.583218276501 0.81231546402
    outer loop
      vertex 8.24394798279 14.7531738281 1.15604805946
      vertex 8.22978019714 14.7531738281 1.15604805946
      vertex 8.24394798279 14.7675333023 1.13604795933
    endloop
  endfacet
  facet normal 0 -0.583218276501 0.81231546402
    outer loop
      vertex 8.25811576843 14.7675333023 1.13604795933
      vertex 8.24394798279 14.7531738281 1.15604805946
      vertex 8.24394798279 14.7675333023 1.13604795933
    endloop
  endfacet
  facet normal 0 -0.583218276501 0.81231546402
    outer loop
      vertex 8.25811576843 14.7531738281 1.15604805946
      vertex 8.24394798279 14.7531738281 1.15604805946
      vertex 8.25811576843 14.7675333023 1.13604795933
    endloop
  endfacet
  facet normal 0.635604500771 -0.450253158808 0.627119600773
    outer loop
      vertex 8.25811576843 14.7675333023 1.13604795933
      vertex 8.27228355408 14.7675333023 1.15604805946
      vertex 8.25811576843 14.7531738281 1.15604805946
    endloop
  endfacet
  facet normal 0 -1 -0
    outer loop
      vertex 8.01726436615 14.7675333023 1.15604805946
      vertex 8.00309753418 14.7818927765 1.15604805946
      vertex 8.01726436615 14.7818927765 1.15604805946
    endloop
  endfacet
  facet normal -0 -1 -0
    outer loop
      vertex 8.03143215179 14.7675333023 1.15604805946
      vertex 8.01726436615 14.7675333023 1.15604805946
      vertex 8.03143215179 14.7818927765 1.15604805946
    endloop
  endfacet
  facet normal 0 -1 0
    outer loop
      vertex 8.03143215179 14.7818927765 1.15604805946
      vertex 8.01726436615 14.7675333023 1.15604805946
      vertex 8.01726436615 14.7818927765 1.15604805946
    endloop
  endfacet
  facet normal -0 -1 -0
    outer loop
      vertex 8.04559993744 14.7675333023 1.15604805946
      vertex 8.03143215179 14.7675333023 1.15604805946
      vertex 8.04559993744 14.7818927765 1.15604805946
    endloop
  endfacet
  facet normal 0 -1 0
    outer loop
      vertex 8.04559993744 14.7818927765 1.15604805946
      vertex 8.03143215179 14.7675333023 1.15604805946
      vertex 8.03143215179 14.7818927765 1.15604805946
    endloop
  endfacet
  facet normal -0 -1 -0
    outer loop
      vertex 8.05976772308 14.7675333023 1.15604805946
      vertex 8.04559993744 14.7675333023 1.15604805946
      vertex 8.05976772308 14.7818927765 1.15604805946
    endloop
  endfacet
  facet normal 0 -1 0
    outer loop
      vertex 8.05976772308 14.7818927765 1.15604805946
      vertex 8.04559993744 14.7675333023 1.15604805946
      vertex 8.04559993744 14.7818927765 1.15604805946
    endloop
  endfacet
  facet normal -0 -1 -0
    outer loop
      vertex 8.0739364624 14.7675333023 1.15604805946
      vertex 8.05976772308 14.7675333023 1.15604805946
      vertex 8.0739364624 14.7818927765 1.15604805946
    endloop
  endfacet
  facet normal 0 -1 0
    outer loop
      vertex 8.0739364624 14.7818927765 1.15604805946
      vertex 8.05976772308 14.7675333023 1.15604805946
      vertex 8.05976772308 14.7818927765 1.15604805946
    endloop
  endfacet
  facet normal -0 -1 -0
    outer loop
      vertex 8.08810329437 14.7675333023 1.15604805946
      vertex 8.0739364624 14.7675333023 1.15604805946
      vertex 8.08810329437 14.7818927765 1.15604805946
    endloop
  endfacet
  facet normal 0 -1 0
    outer loop
      vertex 8.08810329437 14.7818927765 1.15604805946
      vertex 8.0739364624 14.7675333023 1.15604805946
      vertex 8.0739364624 14.7818927765 1.15604805946
    endloop
  endfacet
  facet normal -0 -1 -0
    outer loop
      vertex 8.10227108002 14.7675333023 1.15604805946
      vertex 8.08810329437 14.7675333023 1.15604805946
      vertex 8.10227108002 14.7818927765 1.15604805946
    endloop
  endfacet
  facet normal 0 -1 0
    outer loop
      vertex 8.10227108002 14.7818927765 1.15604805946
      vertex 8.08810329437 14.7675333023 1.15604805946
      vertex 8.08810329437 14.7818927765 1.15604805946
    endloop
  endfacet
  facet normal -0 -1 -0
    outer loop
      vertex 8.11643886566 14.7675333023 1.15604805946
      vertex 8.10227108002 14.7675333023 1.15604805946
      vertex 8.11643886566 14.7818927765 1.15604805946
    endloop
  endfacet
  facet normal 0 -1 0
    outer loop
      vertex 8.11643886566 14.7818927765 1.15604805946
      vertex 8.10227108002 14.7675333023 1.15604805946
      vertex 8.10227108002 14.7818927765 1.15604805946
    endloop
  endfacet
  facet normal -0 -1 -0
    outer loop
      vertex 8.13060665131 14.7675333023 1.15604805946
      vertex 8.11643886566 14.7675333023 1.15604805946
      vertex 8.13060665131 14.7818927765 1.15604805946
    endloop
  endfacet
  facet normal 0 -1 0
    outer loop
      vertex 8.13060665131 14.7818927765 1.15604805946
      vertex 8.11643886566 14.7675333023 1.15604805946
      vertex 8.11643886566 14.7818927765 1.15604805946
    endloop
  endfacet
  facet normal -0 -1 -0
    outer loop
      vertex 8.1447725296 14.7675333023 1.15604805946
      vertex 8.13060665131 14.7675333023 1.15604805946
      vertex 8.1447725296 14.7818927765 1.15604805946
    endloop
  endfacet
  facet normal 0 -1 0
    outer loop
      vertex 8.1447725296 14.7818927765 1.15604805946
      vertex 8.13060665131 14.7675333023 1.15604805946
      vertex 8.13060665131 14.7818927765 1.15604805946
    endloop
  endfacet
  facet normal -0.635578930378 -0.450265437365 0.627136707306
    outer loop
      vertex 8.15894126892 14.7818927765 1.13604795933
      vertex 8.15894126892 14.7675333023 1.15604805946
      vertex 8.1447725296 14.7818927765 1.15604805946
    endloop
  endfacet
  facet normal -0 -1 0
    outer loop
      vertex 8.15894126892 14.7675333023 1.15604805946
      vertex 8.1447725296 14.7675333023 1.15604805946
      vertex 8.1447725296 14.7818927765 1.15604805946
    endloop
  endfacet
  facet normal 0 -0.583218276501 0.81231546402
    outer loop
      vertex 8.17310905457 14.7818927765 1.13604795933
      vertex 8.15894126892 14.7675333023 1.15604805946
      vertex 8.15894126892 14.7818927765 1.13604795933
    endloop
  endfacet
  facet normal 0 -0.583218276501 0.81231546402
    outer loop
      vertex 8.17310905457 14.7675333023 1.15604805946
      vertex 8.15894126892 14.7675333023 1.15604805946
      vertex 8.17310905457 14.7818927765 1.13604795933
    endloop
  endfacet
  facet normal 0 -0.583218276501 0.81231546402
    outer loop
      vertex 8.18727684021 14.7818927765 1.13604795933
      vertex 8.17310905457 14.7675333023 1.15604805946
      vertex 8.17310905457 14.7818927765 1.13604795933
    endloop
  endfacet
  facet normal 0 -0.583218276501 0.81231546402
    outer loop
      vertex 8.18727684021 14.7675333023 1.15604805946
      vertex 8.17310905457 14.7675333023 1.15604805946
      vertex 8.18727684021 14.7818927765 1.13604795933
    endloop
  endfacet
  facet normal 0 -0.583218276501 0.81231546402
    outer loop
      vertex 8.20144462585 14.7818927765 1.13604795933
      vertex 8.18727684021 14.7675333023 1.15604805946
      vertex 8.18727684021 14.7818927765 1.13604795933
    endloop
  endfacet
  facet normal 0 -0.583218276501 0.81231546402
    outer loop
      vertex 8.20144462585 14.7675333023 1.15604805946
      vertex 8.18727684021 14.7675333023 1.15604805946
      vertex 8.20144462585 14.7818927765 1.13604795933
    endloop
  endfacet
  facet normal 0 -0.583218276501 0.81231546402
    outer loop
      vertex 8.2156124115 14.7818927765 1.13604795933
      vertex 8.20144462585 14.7675333023 1.15604805946
      vertex 8.20144462585 14.7818927765 1.13604795933
    endloop
  endfacet
  facet normal 0 -0.583218276501 0.81231546402
    outer loop
      vertex 8.2156124115 14.7675333023 1.15604805946
      vertex 8.20144462585 14.7675333023 1.15604805946
      vertex 8.2156124115 14.7818927765 1.13604795933
    endloop
  endfacet
  facet normal -0.635604321957 -0.450253248215 0.627119719982
    outer loop
      vertex 8.22978019714 14.7675333023 1.13604795933
      vertex 8.2156124115 14.7675333023 1.15604805946
      vertex 8.2156124115 14.7818927765 1.13604795933
    endloop
  endfacet
  facet normal 0.81600433588 -0.578045785427 0
    outer loop
      vertex 8.27228355408 14.7675333023 1.15604805946
      vertex 8.25811576843 14.7818927765 1.13604795933
      vertex 8.27228355408 14.7818927765 1.15604805946
    endloop
  endfacet
  facet normal 0.81600433588 -0.578045785427 0
    outer loop
      vertex 8.25811576843 14.7675333023 1.13604795933
      vertex 8.25811576843 14.7818927765 1.13604795933
      vertex 8.27228355408 14.7675333023 1.15604805946
    endloop
  endfacet
  facet normal 0 -1 -0
    outer loop
      vertex 7.97476100922 14.7818927765 1.15604805946
      vertex 7.96059417725 14.7962532043 1.15604805946
      vertex 7.97476100922 14.7962532043 1.15604805946
    endloop
  endfacet
  facet normal -0 -1 -0
    outer loop
      vertex 7.98892879486 14.7818927765 1.15604805946
      vertex 7.97476100922 14.7818927765 1.15604805946
      vertex 7.98892879486 14.7962532043 1.15604805946
    endloop
  endfacet
  facet normal 0 -1 0
    outer loop
      vertex 7.98892879486 14.7962532043 1.15604805946
      vertex 7.97476100922 14.7818927765 1.15604805946
      vertex 7.97476100922 14.7962532043 1.15604805946
    endloop
  endfacet
  facet normal -0 -1 -0
    outer loop
      vertex 8.00309753418 14.7818927765 1.15604805946
      vertex 7.98892879486 14.7818927765 1.15604805946
      vertex 8.00309753418 14.7962532043 1.15604805946
    endloop
  endfacet
  facet normal 0 -1 0
    outer loop
      vertex 8.00309753418 14.7962532043 1.15604805946
      vertex 7.98892879486 14.7818927765 1.15604805946
      vertex 7.98892879486 14.7962532043 1.15604805946
    endloop
  endfacet
  facet normal -0 -1 -0
    outer loop
      vertex 8.01726436615 14.7818927765 1.15604805946
      vertex 8.00309753418 14.7818927765 1.15604805946
      vertex 8.01726436615 14.7962532043 1.15604805946
    endloop
  endfacet
  facet normal 0 -1 0
    outer loop
      vertex 8.01726436615 14.7962532043 1.15604805946
      vertex 8.00309753418 14.7818927765 1.15604805946
      vertex 8.00309753418 14.7962532043 1.15604805946
    endloop
  endfacet
  facet normal -0 -1 -0
    outer loop
      vertex 8.03143215179 14.7818927765 1.15604805946
      vertex 8.01726436615 14.7818927765 1.15604805946
      vertex 8.03143215179 14.7962532043 1.15604805946
    endloop
  endfacet
  facet normal 0 -1 0
    outer loop
      vertex 8.03143215179 14.7962532043 1.15604805946
      vertex 8.01726436615 14.7818927765 1.15604805946
      vertex 8.01726436615 14.7962532043 1.15604805946
    endloop
  endfacet
  facet normal -0 -1 -0
    outer loop
      vertex 8.04559993744 14.7818927765 1.15604805946
      vertex 8.03143215179 14.7818927765 1.15604805946
      vertex 8.04559993744 14.7962532043 1.15604805946
    endloop
  endfacet
  facet normal 0 -1 0
    outer loop
      vertex 8.04559993744 14.7962532043 1.15604805946
      vertex 8.03143215179 14.7818927765 1.15604805946
      vertex 8.03143215179 14.7962532043 1.15604805946
    endloop
  endfacet
  facet normal -0.635621011257 -0.450264960527 0.627094388008
    outer loop
      vertex 8.05976772308 14.7962532043 1.13604795933
      vertex 8.05976772308 14.7818927765 1.15604805946
      vertex 8.04559993744 14.7962532043 1.15604805946
    endloop
  endfacet
  facet normal -0 -1 0
    outer loop
      vertex 8.05976772308 14.7818927765 1.15604805946
      vertex 8.04559993744 14.7818927765 1.15604805946
      vertex 8.04559993744 14.7962532043 1.15604805946
    endloop
  endfacet
  facet normal 0 -0.583243787289 0.812297165394
    outer loop
      vertex 8.0739364624 14.7962532043 1.13604795933
      vertex 8.05976772308 14.7818927765 1.15604805946
      vertex 8.05976772308 14.7962532043 1.13604795933
    endloop
  endfacet
  facet normal 0 -0.583243787289 0.812297165394
    outer loop
      vertex 8.0739364624 14.7818927765 1.15604805946
      vertex 8.05976772308 14.7818927765 1.15604805946
      vertex 8.0739364624 14.7962532043 1.13604795933
    endloop
  endfacet
  facet normal 0 -0.583243787289 0.812297165394
    outer loop
      vertex 8.08810329437 14.7962532043 1.13604795933
      vertex 8.0739364624 14.7818927765 1.15604805946
      vertex 8.0739364624 14.7962532043 1.13604795933
    endloop
  endfacet
  facet normal 0 -0.583243787289 0.812297165394
    outer loop
      vertex 8.08810329437 14.7818927765 1.15604805946
      vertex 8.0739364624 14.7818927765 1.15604805946
      vertex 8.08810329437 14.7962532043 1.13604795933
    endloop
  endfacet
  facet normal 0 -0.583243787289 0.812297165394
    outer loop
      vertex 8.10227108002 14.7962532043 1.13604795933
      vertex 8.08810329437 14.7818927765 1.15604805946
      vertex 8.08810329437 14.7962532043 1.13604795933
    endloop
  endfacet
  facet normal 0 -0.583243787289 0.812297165394
    outer loop
      vertex 8.10227108002 14.7818927765 1.15604805946
      vertex 8.08810329437 14.7818927765 1.15604805946
      vertex 8.10227108002 14.7962532043 1.13604795933
    endloop
  endfacet
  facet normal 0 -0.583243787289 0.812297165394
    outer loop
      vertex 8.11643886566 14.7962532043 1.13604795933
      vertex 8.10227108002 14.7818927765 1.15604805946
      vertex 8.10227108002 14.7962532043 1.13604795933
    endloop
  endfacet
  facet normal 0 -0.583243787289 0.812297165394
    outer loop
      vertex 8.11643886566 14.7818927765 1.15604805946
      vertex 8.10227108002 14.7818927765 1.15604805946
      vertex 8.11643886566 14.7962532043 1.13604795933
    endloop
  endfacet
  facet normal 0 -0.583243787289 0.812297165394
    outer loop
      vertex 8.13060665131 14.7962532043 1.13604795933
      vertex 8.11643886566 14.7818927765 1.15604805946
      vertex 8.11643886566 14.7962532043 1.13604795933
    endloop
  endfacet
  facet normal 0 -0.583243787289 0.812297165394
    outer loop
      vertex 8.13060665131 14.7818927765 1.15604805946
      vertex 8.11643886566 14.7818927765 1.15604805946
      vertex 8.13060665131 14.7962532043 1.13604795933
    endloop
  endfacet
  facet normal 0 -0.583243787289 0.812297165394
    outer loop
      vertex 8.1447725296 14.7962532043 1.13604795933
      vertex 8.13060665131 14.7818927765 1.15604805946
      vertex 8.13060665131 14.7962532043 1.13604795933
    endloop
  endfacet
  facet normal 0 -0.583243787289 0.812297165394
    outer loop
      vertex 8.1447725296 14.7818927765 1.15604805946
      vertex 8.13060665131 14.7818927765 1.15604805946
      vertex 8.1447725296 14.7962532043 1.13604795933
    endloop
  endfacet
  facet normal -0.635595500469 -0.45027717948 0.627111434937
    outer loop
      vertex 8.15894126892 14.7818927765 1.13604795933
      vertex 8.1447725296 14.7818927765 1.15604805946
      vertex 8.1447725296 14.7962532043 1.13604795933
    endloop
  endfacet
  facet normal 0.635621130466 -0.450264900923 0.627094328403
    outer loop
      vertex 8.25811576843 14.7818927765 1.13604795933
      vertex 8.27228355408 14.7962532043 1.13604795933
      vertex 8.27228355408 14.7818927765 1.15604805946
    endloop
  endfacet
  facet normal 1 0 0
    outer loop
      vertex 8.27228355408 14.7818927765 1.15604805946
      vertex 8.27228355408 14.7962532043 1.13604795933
      vertex 8.27228355408 14.7962532043 1.15604805946
    endloop
  endfacet
  facet normal -0 -1 -0
    outer loop
      vertex 7.96059417725 14.7962532043 1.15604805946
      vertex 7.94642591476 14.7962532043 1.15604805946
      vertex 7.96059417725 14.8106126785 1.15604805946
    endloop
  endfacet
  facet normal 0 -1 0
    outer loop
      vertex 7.96059417725 14.8106126785 1.15604805946
      vertex 7.94642591476 14.7962532043 1.15604805946
      vertex 7.94642591476 14.8106126785 1.15604805946
    endloop
  endfacet
  facet normal -0 -1 -0
    outer loop
      vertex 7.97476100922 14.7962532043 1.15604805946
      vertex 7.96059417725 14.7962532043 1.15604805946
      vertex 7.97476100922 14.8106126785 1.15604805946
    endloop
  endfacet
  facet normal 0 -1 0
    outer loop
      vertex 7.97476100922 14.8106126785 1.15604805946
      vertex 7.96059417725 14.7962532043 1.15604805946
      vertex 7.96059417725 14.8106126785 1.15604805946
    endloop
  endfacet
  facet normal -0 -1 -0
    outer loop
      vertex 7.98892879486 14.7962532043 1.15604805946
      vertex 7.97476100922 14.7962532043 1.15604805946
      vertex 7.98892879486 14.8106126785 1.15604805946
    endloop
  endfacet
  facet normal 0 -1 0
    outer loop
      vertex 7.98892879486 14.8106126785 1.15604805946
      vertex 7.97476100922 14.7962532043 1.15604805946
      vertex 7.97476100922 14.8106126785 1.15604805946
    endloop
  endfacet
  facet normal -0.635578870773 -0.45026537776 0.627136826515
    outer loop
      vertex 8.00309753418 14.8106126785 1.13604795933
      vertex 8.00309753418 14.7962532043 1.15604805946
      vertex 7.98892879486 14.8106126785 1.15604805946
    endloop
  endfacet
  facet normal -0 -1 0
    outer loop
      vertex 8.00309753418 14.7962532043 1.15604805946
      vertex 7.98892879486 14.7962532043 1.15604805946
      vertex 7.98892879486 14.8106126785 1.15604805946
    endloop
  endfacet
  facet normal 0 -0.583218157291 0.812315523624
    outer loop
      vertex 8.01726436615 14.8106126785 1.13604795933
      vertex 8.00309753418 14.7962532043 1.15604805946
      vertex 8.00309753418 14.8106126785 1.13604795933
    endloop
  endfacet
  facet normal 0 -0.583218157291 0.812315523624
    outer loop
      vertex 8.01726436615 14.7962532043 1.15604805946
      vertex 8.00309753418 14.7962532043 1.15604805946
      vertex 8.01726436615 14.8106126785 1.13604795933
    endloop
  endfacet
  facet normal 0 -0.583218157291 0.812315523624
    outer loop
      vertex 8.03143215179 14.8106126785 1.13604795933
      vertex 8.01726436615 14.7962532043 1.15604805946
      vertex 8.01726436615 14.8106126785 1.13604795933
    endloop
  endfacet
  facet normal 0 -0.583218157291 0.812315523624
    outer loop
      vertex 8.03143215179 14.7962532043 1.15604805946
      vertex 8.01726436615 14.7962532043 1.15604805946
      vertex 8.03143215179 14.8106126785 1.13604795933
    endloop
  endfacet
  facet normal 0 -0.583218157291 0.812315523624
    outer loop
      vertex 8.04559993744 14.8106126785 1.13604795933
      vertex 8.03143215179 14.7962532043 1.15604805946
      vertex 8.03143215179 14.8106126785 1.13604795933
    endloop
  endfacet
  facet normal 0 -0.583218157291 0.812315523624
    outer loop
      vertex 8.04559993744 14.7962532043 1.15604805946
      vertex 8.03143215179 14.7962532043 1.15604805946
      vertex 8.04559993744 14.8106126785 1.13604795933
    endloop
  endfacet
  facet normal -0.635604381561 -0.450253158808 0.627119779587
    outer loop
      vertex 8.05976772308 14.7962532043 1.13604795933
      vertex 8.04559993744 14.7962532043 1.15604805946
      vertex 8.04559993744 14.8106126785 1.13604795933
    endloop
  endfacet
  facet normal 1 -0 0
    outer loop
      vertex 8.27228355408 14.7962532043 1.13604795933
      vertex 8.27228355408 14.8106126785 1.13604795933
      vertex 8.27228355408 14.7962532043 1.15604805946
    endloop
  endfacet
  facet normal 1 0 0
    outer loop
      vertex 8.27228355408 14.7962532043 1.15604805946
      vertex 8.27228355408 14.8106126785 1.13604795933
      vertex 8.27228355408 14.8106126785 1.15604805946
    endloop
  endfacet
  facet normal -0.635591864586 -0.450259298086 0.627128005028
    outer loop
      vertex 7.96059417725 14.8249721527 1.13604795933
      vertex 7.96059417725 14.8106126785 1.15604805946
      vertex 7.94642591476 14.8249721527 1.15604805946
    endloop
  endfacet
  facet normal -0 -1 0
    outer loop
      vertex 7.96059417725 14.8106126785 1.15604805946
      vertex 7.94642591476 14.8106126785 1.15604805946
      vertex 7.94642591476 14.8249721527 1.15604805946
    endloop
  endfacet
  facet normal 0 -0.583218336105 0.812315404415
    outer loop
      vertex 7.97476100922 14.8249721527 1.13604795933
      vertex 7.96059417725 14.8106126785 1.15604805946
      vertex 7.96059417725 14.8249721527 1.13604795933
    endloop
  endfacet
  facet normal 0 -0.583218336105 0.812315404415
    outer loop
      vertex 7.97476100922 14.8106126785 1.15604805946
      vertex 7.96059417725 14.8106126785 1.15604805946
      vertex 7.97476100922 14.8249721527 1.13604795933
    endloop
  endfacet
  facet normal 0 -0.583218336105 0.812315404415
    outer loop
      vertex 7.98892879486 14.8249721527 1.13604795933
      vertex 7.97476100922 14.8106126785 1.15604805946
      vertex 7.97476100922 14.8249721527 1.13604795933
    endloop
  endfacet
  facet normal 0 -0.583218336105 0.812315404415
    outer loop
      vertex 7.98892879486 14.8106126785 1.15604805946
      vertex 7.97476100922 14.8106126785 1.15604805946
      vertex 7.98892879486 14.8249721527 1.13604795933
    endloop
  endfacet
  facet normal -0.635578989983 -0.450265467167 0.627136647701
    outer loop
      vertex 8.00309753418 14.8106126785 1.13604795933
      vertex 7.98892879486 14.8106126785 1.15604805946
      vertex 7.98892879486 14.8249721527 1.13604795933
    endloop
  endfacet
  facet normal 1 -0 0
    outer loop
      vertex 8.27228355408 14.8106126785 1.13604795933
      vertex 8.27228355408 14.8249721527 1.13604795933
      vertex 8.27228355408 14.8106126785 1.15604805946
    endloop
  endfacet
  facet normal 1 0 0
    outer loop
      vertex 8.27228355408 14.8106126785 1.15604805946
      vertex 8.27228355408 14.8249721527 1.13604795933
      vertex 8.27228355408 14.8249721527 1.15604805946
    endloop
  endfacet
  facet normal -1 0 0
    outer loop
      vertex 7.94642591476 14.8393316269 1.13604795933
      vertex 7.94642591476 14.8249721527 1.15604805946
      vertex 7.94642591476 14.8393316269 1.15604805946
    endloop
  endfacet
  facet normal -0.635591745377 -0.450259208679 0.627128183842
    outer loop
      vertex 7.96059417725 14.8249721527 1.13604795933
      vertex 7.94642591476 14.8249721527 1.15604805946
      vertex 7.94642591476 14.8393316269 1.13604795933
    endloop
  endfacet
  facet normal 0.635604441166 0.450253099203 -0.627119719982
    outer loop
      vertex 8.27228355408 14.8393316269 1.13604795933
      vertex 8.25811576843 14.8393316269 1.15604805946
      vertex 8.27228355408 14.8249721527 1.15604805946
    endloop
  endfacet
  facet normal 1 0 0
    outer loop
      vertex 8.27228355408 14.8393316269 1.13604795933
      vertex 8.27228355408 14.8249721527 1.15604805946
      vertex 8.27228355408 14.8249721527 1.13604795933
    endloop
  endfacet
  facet normal -1 0 0
    outer loop
      vertex 7.94642591476 14.8393316269 1.13604795933
      vertex 7.94642591476 14.8393316269 1.15604805946
      vertex 7.94642591476 14.8536920547 1.13604795933
    endloop
  endfacet
  facet normal -1 0 -0
    outer loop
      vertex 7.94642591476 14.8393316269 1.15604805946
      vertex 7.94642591476 14.8536920547 1.15604805946
      vertex 7.94642591476 14.8536920547 1.13604795933
    endloop
  endfacet
  facet normal 0.81600433588 0.578045785427 -0
    outer loop
      vertex 8.27228355408 14.8536920547 1.13604795933
      vertex 8.25811576843 14.8393316269 1.15604805946
      vertex 8.27228355408 14.8393316269 1.13604795933
    endloop
  endfacet
  facet normal 0.81600433588 0.578045785427 -0
    outer loop
      vertex 8.25811576843 14.8536920547 1.15604805946
      vertex 8.25811576843 14.8393316269 1.15604805946
      vertex 8.27228355408 14.8536920547 1.13604795933
    endloop
  endfacet
  facet normal -1 0 0
    outer loop
      vertex 7.94642591476 14.8536920547 1.13604795933
      vertex 7.94642591476 14.8536920547 1.15604805946
      vertex 7.94642591476 14.8680515289 1.13604795933
    endloop
  endfacet
  facet normal -1 0 -0
    outer loop
      vertex 7.94642591476 14.8536920547 1.15604805946
      vertex 7.94642591476 14.8680515289 1.15604805946
      vertex 7.94642591476 14.8680515289 1.13604795933
    endloop
  endfacet
  facet normal 0.81600433588 0.578045785427 -0
    outer loop
      vertex 8.27228355408 14.8680515289 1.13604795933
      vertex 8.25811576843 14.8536920547 1.15604805946
      vertex 8.27228355408 14.8536920547 1.13604795933
    endloop
  endfacet
  facet normal 0.81600433588 0.578045785427 -0
    outer loop
      vertex 8.25811576843 14.8680515289 1.15604805946
      vertex 8.25811576843 14.8536920547 1.15604805946
      vertex 8.27228355408 14.8680515289 1.13604795933
    endloop
  endfacet
  facet normal -0.711830437183 -0 -0.702351331711
    outer loop
      vertex 7.94642591476 14.8680515289 1.15604805946
      vertex 7.96059417725 14.8824110031 1.13604795933
      vertex 7.94642591476 14.8680515289 1.13604795933
    endloop
  endfacet
  facet normal -0.711830437183 -0 -0.702351331711
    outer loop
      vertex 7.96059417725 14.8824110031 1.15604805946
      vertex 7.96059417725 14.8824110031 1.13604795933
      vertex 7.94642591476 14.8680515289 1.15604805946
    endloop
  endfacet
  facet normal 0.635604381561 0.450253278017 -0.627119660378
    outer loop
      vertex 8.22978019714 14.8824110031 1.13604795933
      vertex 8.2156124115 14.8824110031 1.15604805946
      vertex 8.22978019714 14.8680515289 1.15604805946
    endloop
  endfacet
  facet normal 0 0.583218336105 -0.812315404415
    outer loop
      vertex 8.22978019714 14.8824110031 1.13604795933
      vertex 8.24394798279 14.8680515289 1.15604805946
      vertex 8.24394798279 14.8824110031 1.13604795933
    endloop
  endfacet
  facet normal 0 0.583218336105 -0.812315404415
    outer loop
      vertex 8.22978019714 14.8680515289 1.15604805946
      vertex 8.24394798279 14.8680515289 1.15604805946
      vertex 8.22978019714 14.8824110031 1.13604795933
    endloop
  endfacet
  facet normal 0 0.583218336105 -0.812315404415
    outer loop
      vertex 8.24394798279 14.8824110031 1.13604795933
      vertex 8.25811576843 14.8680515289 1.15604805946
      vertex 8.25811576843 14.8824110031 1.13604795933
    endloop
  endfacet
  facet normal 0 0.583218336105 -0.812315404415
    outer loop
      vertex 8.24394798279 14.8680515289 1.15604805946
      vertex 8.25811576843 14.8680515289 1.15604805946
      vertex 8.24394798279 14.8824110031 1.13604795933
    endloop
  endfacet
  facet normal 0.635604560375 0.45025318861 -0.627119541168
    outer loop
      vertex 8.25811576843 14.8680515289 1.15604805946
      vertex 8.27228355408 14.8680515289 1.13604795933
      vertex 8.25811576843 14.8824110031 1.13604795933
    endloop
  endfacet
  facet normal 0 1 0
    outer loop
      vertex 8.27228355408 14.8680515289 1.13604795933
      vertex 8.27228355408 14.8824110031 1.13604795933
      vertex 8.25811576843 14.8824110031 1.13604795933
    endloop
  endfacet
  facet normal -1 -0 0
    outer loop
      vertex 7.96059417725 14.8824110031 1.15604805946
      vertex 7.96059417725 14.8967695236 1.13604795933
      vertex 7.96059417725 14.8824110031 1.13604795933
    endloop
  endfacet
  facet normal -0.635613203049 0.450229108334 -0.627128064632
    outer loop
      vertex 7.96059417725 14.8824110031 1.15604805946
      vertex 7.97476100922 14.8967695236 1.15604805946
      vertex 7.96059417725 14.8967695236 1.13604795933
    endloop
  endfacet
  facet normal 0.635562241077 0.450253605843 -0.627162158489
    outer loop
      vertex 8.15894126892 14.8967695236 1.13604795933
      vertex 8.1447725296 14.8967695236 1.15604805946
      vertex 8.15894126892 14.8824110031 1.15604805946
    endloop
  endfacet
  facet normal 0 0.583192527294 -0.81233394146
    outer loop
      vertex 8.15894126892 14.8967695236 1.13604795933
      vertex 8.17310905457 14.8824110031 1.15604805946
      vertex 8.17310905457 14.8967695236 1.13604795933
    endloop
  endfacet
  facet normal 0 0.583192527294 -0.81233394146
    outer loop
      vertex 8.15894126892 14.8824110031 1.15604805946
      vertex 8.17310905457 14.8824110031 1.15604805946
      vertex 8.15894126892 14.8967695236 1.13604795933
    endloop
  endfacet
  facet normal 0 0.583192527294 -0.81233394146
    outer loop
      vertex 8.17310905457 14.8967695236 1.13604795933
      vertex 8.18727684021 14.8824110031 1.15604805946
      vertex 8.18727684021 14.8967695236 1.13604795933
    endloop
  endfacet
  facet normal 0 0.583192527294 -0.81233394146
    outer loop
      vertex 8.17310905457 14.8824110031 1.15604805946
      vertex 8.18727684021 14.8824110031 1.15604805946
      vertex 8.17310905457 14.8967695236 1.13604795933
    endloop
  endfacet
  facet normal 0 0.583192527294 -0.81233394146
    outer loop
      vertex 8.18727684021 14.8967695236 1.13604795933
      vertex 8.20144462585 14.8824110031 1.15604805946
      vertex 8.20144462585 14.8967695236 1.13604795933
    endloop
  endfacet
  facet normal 0 0.583192527294 -0.81233394146
    outer loop
      vertex 8.18727684021 14.8824110031 1.15604805946
      vertex 8.20144462585 14.8824110031 1.15604805946
      vertex 8.18727684021 14.8967695236 1.13604795933
    endloop
  endfacet
  facet normal 0 0.583192527294 -0.81233394146
    outer loop
      vertex 8.20144462585 14.8967695236 1.13604795933
      vertex 8.2156124115 14.8824110031 1.15604805946
      vertex 8.2156124115 14.8967695236 1.13604795933
    endloop
  endfacet
  facet normal 0 0.583192527294 -0.81233394146
    outer loop
      vertex 8.20144462585 14.8824110031 1.15604805946
      vertex 8.2156124115 14.8824110031 1.15604805946
      vertex 8.20144462585 14.8967695236 1.13604795933
    endloop
  endfacet
  facet normal 0.635587632656 0.45024138689 -0.627145171165
    outer loop
      vertex 8.2156124115 14.8824110031 1.15604805946
      vertex 8.22978019714 14.8824110031 1.13604795933
      vertex 8.2156124115 14.8967695236 1.13604795933
    endloop
  endfacet
  facet normal 0 1 0
    outer loop
      vertex 8.22978019714 14.8824110031 1.13604795933
      vertex 8.22978019714 14.8967695236 1.13604795933
      vertex 8.2156124115 14.8967695236 1.13604795933
    endloop
  endfacet
  facet normal 0 1 0
    outer loop
      vertex 8.24394798279 14.8824110031 1.13604795933
      vertex 8.24394798279 14.8967695236 1.13604795933
      vertex 8.22978019714 14.8824110031 1.13604795933
    endloop
  endfacet
  facet normal 0 1 0
    outer loop
      vertex 8.24394798279 14.8967695236 1.13604795933
      vertex 8.22978019714 14.8967695236 1.13604795933
      vertex 8.22978019714 14.8824110031 1.13604795933
    endloop
  endfacet
  facet normal 0 1 0
    outer loop
      vertex 8.25811576843 14.8824110031 1.13604795933
      vertex 8.25811576843 14.8967695236 1.13604795933
      vertex 8.24394798279 14.8824110031 1.13604795933
    endloop
  endfacet
  facet normal 0 1 0
    outer loop
      vertex 8.25811576843 14.8967695236 1.13604795933
      vertex 8.24394798279 14.8967695236 1.13604795933
      vertex 8.24394798279 14.8824110031 1.13604795933
    endloop
  endfacet
  facet normal 0 1 0
    outer loop
      vertex 8.27228355408 14.8824110031 1.13604795933
      vertex 8.25811576843 14.8967695236 1.13604795933
      vertex 8.25811576843 14.8824110031 1.13604795933
    endloop
  endfacet
  facet normal -0.816022634506 0.578019976616 0
    outer loop
      vertex 7.97476100922 14.9111309052 1.15604805946
      vertex 7.96059417725 14.8967695236 1.13604795933
      vertex 7.97476100922 14.8967695236 1.15604805946
    endloop
  endfacet
  facet normal -0.816022634506 0.578019976616 0
    outer loop
      vertex 7.96059417725 14.9111309052 1.13604795933
      vertex 7.96059417725 14.8967695236 1.13604795933
      vertex 7.97476100922 14.9111309052 1.15604805946
    endloop
  endfacet
  facet normal 0.635663151741 0.450264364481 -0.627052128315
    outer loop
      vertex 8.08810329437 14.9111309052 1.13604795933
      vertex 8.0739364624 14.9111309052 1.15604805946
      vertex 8.08810329437 14.8967695236 1.15604805946
    endloop
  endfacet
  facet normal 0 0.583269298077 -0.812278866768
    outer loop
      vertex 8.08810329437 14.9111309052 1.13604795933
      vertex 8.10227108002 14.8967695236 1.15604805946
      vertex 8.10227108002 14.9111309052 1.13604795933
    endloop
  endfacet
  facet normal 0 0.583269298077 -0.812278866768
    outer loop
      vertex 8.08810329437 14.8967695236 1.15604805946
      vertex 8.10227108002 14.8967695236 1.15604805946
      vertex 8.08810329437 14.9111309052 1.13604795933
    endloop
  endfacet
  facet normal 0 0.583269298077 -0.812278866768
    outer loop
      vertex 8.10227108002 14.9111309052 1.13604795933
      vertex 8.11643886566 14.8967695236 1.15604805946
      vertex 8.11643886566 14.9111309052 1.13604795933
    endloop
  endfacet
  facet normal 0 0.583269298077 -0.812278866768
    outer loop
      vertex 8.10227108002 14.8967695236 1.15604805946
      vertex 8.11643886566 14.8967695236 1.15604805946
      vertex 8.10227108002 14.9111309052 1.13604795933
    endloop
  endfacet
  facet normal 0 0.583269298077 -0.812278866768
    outer loop
      vertex 8.11643886566 14.9111309052 1.13604795933
      vertex 8.13060665131 14.8967695236 1.15604805946
      vertex 8.13060665131 14.9111309052 1.13604795933
    endloop
  endfacet
  facet normal 0 0.583269298077 -0.812278866768
    outer loop
      vertex 8.11643886566 14.8967695236 1.15604805946
      vertex 8.13060665131 14.8967695236 1.15604805946
      vertex 8.11643886566 14.9111309052 1.13604795933
    endloop
  endfacet
  facet normal 0 0.583269298077 -0.812278866768
    outer loop
      vertex 8.13060665131 14.9111309052 1.13604795933
      vertex 8.1447725296 14.8967695236 1.15604805946
      vertex 8.1447725296 14.9111309052 1.13604795933
    endloop
  endfacet
  facet normal 0 0.583269298077 -0.812278866768
    outer loop
      vertex 8.13060665131 14.8967695236 1.15604805946
      vertex 8.1447725296 14.8967695236 1.15604805946
      vertex 8.13060665131 14.9111309052 1.13604795933
    endloop
  endfacet
  facet normal 0.63561207056 0.450288891792 -0.627086281776
    outer loop
      vertex 8.1447725296 14.8967695236 1.15604805946
      vertex 8.15894126892 14.8967695236 1.13604795933
      vertex 8.1447725296 14.9111309052 1.13604795933
    endloop
  endfacet
  facet normal 0 1 0
    outer loop
      vertex 8.15894126892 14.8967695236 1.13604795933
      vertex 8.15894126892 14.9111309052 1.13604795933
      vertex 8.1447725296 14.9111309052 1.13604795933
    endloop
  endfacet
  facet normal 0 1 0
    outer loop
      vertex 8.17310905457 14.8967695236 1.13604795933
      vertex 8.17310905457 14.9111309052 1.13604795933
      vertex 8.15894126892 14.8967695236 1.13604795933
    endloop
  endfacet
  facet normal 0 1 0
    outer loop
      vertex 8.17310905457 14.9111309052 1.13604795933
      vertex 8.15894126892 14.9111309052 1.13604795933
      vertex 8.15894126892 14.8967695236 1.13604795933
    endloop
  endfacet
  facet normal 0 1 0
    outer loop
      vertex 8.18727684021 14.8967695236 1.13604795933
      vertex 8.18727684021 14.9111309052 1.13604795933
      vertex 8.17310905457 14.8967695236 1.13604795933
    endloop
  endfacet
  facet normal 0 1 0
    outer loop
      vertex 8.18727684021 14.9111309052 1.13604795933
      vertex 8.17310905457 14.9111309052 1.13604795933
      vertex 8.17310905457 14.8967695236 1.13604795933
    endloop
  endfacet
  facet normal 0 1 0
    outer loop
      vertex 8.20144462585 14.8967695236 1.13604795933
      vertex 8.20144462585 14.9111309052 1.13604795933
      vertex 8.18727684021 14.8967695236 1.13604795933
    endloop
  endfacet
  facet normal 0 1 0
    outer loop
      vertex 8.20144462585 14.9111309052 1.13604795933
      vertex 8.18727684021 14.9111309052 1.13604795933
      vertex 8.18727684021 14.8967695236 1.13604795933
    endloop
  endfacet
  facet normal 0 1 0
    outer loop
      vertex 8.2156124115 14.8967695236 1.13604795933
      vertex 8.2156124115 14.9111309052 1.13604795933
      vertex 8.20144462585 14.8967695236 1.13604795933
    endloop
  endfacet
  facet normal 0 1 0
    outer loop
      vertex 8.2156124115 14.9111309052 1.13604795933
      vertex 8.20144462585 14.9111309052 1.13604795933
      vertex 8.20144462585 14.8967695236 1.13604795933
    endloop
  endfacet
  facet normal 0 1 0
    outer loop
      vertex 8.22978019714 14.8967695236 1.13604795933
      vertex 8.22978019714 14.9111309052 1.13604795933
      vertex 8.2156124115 14.8967695236 1.13604795933
    endloop
  endfacet
  facet normal 0 1 0
    outer loop
      vertex 8.22978019714 14.9111309052 1.13604795933
      vertex 8.2156124115 14.9111309052 1.13604795933
      vertex 8.2156124115 14.8967695236 1.13604795933
    endloop
  endfacet
  facet normal 0 1 0
    outer loop
      vertex 8.24394798279 14.8967695236 1.13604795933
      vertex 8.22978019714 14.9111309052 1.13604795933
      vertex 8.22978019714 14.8967695236 1.13604795933
    endloop
  endfacet
  facet normal -0.635629951954 0.45024099946 -0.627102553844
    outer loop
      vertex 7.97476100922 14.9111309052 1.15604805946
      vertex 7.97476100922 14.9254903793 1.13604795933
      vertex 7.96059417725 14.9111309052 1.13604795933
    endloop
  endfacet
  facet normal 0 1 0
    outer loop
      vertex 7.97476100922 14.9254903793 1.13604795933
      vertex 7.96059417725 14.9254903793 1.13604795933
      vertex 7.96059417725 14.9111309052 1.13604795933
    endloop
  endfacet
  facet normal 0 0.583218336105 -0.812315404415
    outer loop
      vertex 7.97476100922 14.9254903793 1.13604795933
      vertex 7.98892879486 14.9111309052 1.15604805946
      vertex 7.98892879486 14.9254903793 1.13604795933
    endloop
  endfacet
  facet normal 0 0.583218336105 -0.812315404415
    outer loop
      vertex 7.97476100922 14.9111309052 1.15604805946
      vertex 7.98892879486 14.9111309052 1.15604805946
      vertex 7.97476100922 14.9254903793 1.13604795933
    endloop
  endfacet
  facet normal 0 0.583218336105 -0.812315404415
    outer loop
      vertex 7.98892879486 14.9254903793 1.13604795933
      vertex 8.00309753418 14.9111309052 1.15604805946
      vertex 8.00309753418 14.9254903793 1.13604795933
    endloop
  endfacet
  facet normal 0 0.583218336105 -0.812315404415
    outer loop
      vertex 7.98892879486 14.9111309052 1.15604805946
      vertex 8.00309753418 14.9111309052 1.15604805946
      vertex 7.98892879486 14.9254903793 1.13604795933
    endloop
  endfacet
  facet normal 0 0.583218336105 -0.812315404415
    outer loop
      vertex 8.00309753418 14.9254903793 1.13604795933
      vertex 8.01726436615 14.9111309052 1.15604805946
      vertex 8.01726436615 14.9254903793 1.13604795933
    endloop
  endfacet
  facet normal 0 0.583218336105 -0.812315404415
    outer loop
      vertex 8.00309753418 14.9111309052 1.15604805946
      vertex 8.01726436615 14.9111309052 1.15604805946
      vertex 8.00309753418 14.9254903793 1.13604795933
    endloop
  endfacet
  facet normal 0 0.583218336105 -0.812315404415
    outer loop
      vertex 8.01726436615 14.9254903793 1.13604795933
      vertex 8.03143215179 14.9111309052 1.15604805946
      vertex 8.03143215179 14.9254903793 1.13604795933
    endloop
  endfacet
  facet normal 0 0.583218336105 -0.812315404415
    outer loop
      vertex 8.01726436615 14.9111309052 1.15604805946
      vertex 8.03143215179 14.9111309052 1.15604805946
      vertex 8.01726436615 14.9254903793 1.13604795933
    endloop
  endfacet
  facet normal 0 0.583218336105 -0.812315404415
    outer loop
      vertex 8.03143215179 14.9254903793 1.13604795933
      vertex 8.04559993744 14.9111309052 1.15604805946
      vertex 8.04559993744 14.9254903793 1.13604795933
    endloop
  endfacet
  facet normal 0 0.583218336105 -0.812315404415
    outer loop
      vertex 8.03143215179 14.9111309052 1.15604805946
      vertex 8.04559993744 14.9111309052 1.15604805946
      vertex 8.03143215179 14.9254903793 1.13604795933
    endloop
  endfacet
  facet normal 0 0.583218336105 -0.812315404415
    outer loop
      vertex 8.04559993744 14.9254903793 1.13604795933
      vertex 8.05976772308 14.9111309052 1.15604805946
      vertex 8.05976772308 14.9254903793 1.13604795933
    endloop
  endfacet
  facet normal 0 0.583218336105 -0.812315404415
    outer loop
      vertex 8.04559993744 14.9111309052 1.15604805946
      vertex 8.05976772308 14.9111309052 1.15604805946
      vertex 8.04559993744 14.9254903793 1.13604795933
    endloop
  endfacet
  facet normal 0 0.583218336105 -0.812315404415
    outer loop
      vertex 8.05976772308 14.9254903793 1.13604795933
      vertex 8.0739364624 14.9111309052 1.15604805946
      vertex 8.0739364624 14.9254903793 1.13604795933
    endloop
  endfacet
  facet normal 0 0.583218336105 -0.812315404415
    outer loop
      vertex 8.05976772308 14.9111309052 1.15604805946
      vertex 8.0739364624 14.9111309052 1.15604805946
      vertex 8.05976772308 14.9254903793 1.13604795933
    endloop
  endfacet
  facet normal 0.635630071163 0.450240939856 -0.627102434635
    outer loop
      vertex 8.0739364624 14.9111309052 1.15604805946
      vertex 8.08810329437 14.9111309052 1.13604795933
      vertex 8.0739364624 14.9254903793 1.13604795933
    endloop
  endfacet
  facet normal 0 1 0
    outer loop
      vertex 8.08810329437 14.9111309052 1.13604795933
      vertex 8.08810329437 14.9254903793 1.13604795933
      vertex 8.0739364624 14.9254903793 1.13604795933
    endloop
  endfacet
  facet normal 0 1 0
    outer loop
      vertex 8.10227108002 14.9111309052 1.13604795933
      vertex 8.10227108002 14.9254903793 1.13604795933
      vertex 8.08810329437 14.9111309052 1.13604795933
    endloop
  endfacet
  facet normal 0 1 0
    outer loop
      vertex 8.10227108002 14.9254903793 1.13604795933
      vertex 8.08810329437 14.9254903793 1.13604795933
      vertex 8.08810329437 14.9111309052 1.13604795933
    endloop
  endfacet
  facet normal 0 1 0
    outer loop
      vertex 8.11643886566 14.9111309052 1.13604795933
      vertex 8.11643886566 14.9254903793 1.13604795933
      vertex 8.10227108002 14.9111309052 1.13604795933
    endloop
  endfacet
  facet normal 0 1 0
    outer loop
      vertex 8.11643886566 14.9254903793 1.13604795933
      vertex 8.10227108002 14.9254903793 1.13604795933
      vertex 8.10227108002 14.9111309052 1.13604795933
    endloop
  endfacet
  facet normal 0 1 0
    outer loop
      vertex 8.13060665131 14.9111309052 1.13604795933
      vertex 8.13060665131 14.9254903793 1.13604795933
      vertex 8.11643886566 14.9111309052 1.13604795933
    endloop
  endfacet
  facet normal 0 1 0
    outer loop
      vertex 8.13060665131 14.9254903793 1.13604795933
      vertex 8.11643886566 14.9254903793 1.13604795933
      vertex 8.11643886566 14.9111309052 1.13604795933
    endloop
  endfacet
  facet normal 0 1 0
    outer loop
      vertex 8.1447725296 14.9111309052 1.13604795933
      vertex 8.1447725296 14.9254903793 1.13604795933
      vertex 8.13060665131 14.9111309052 1.13604795933
    endloop
  endfacet
  facet normal 0 1 0
    outer loop
      vertex 8.1447725296 14.9254903793 1.13604795933
      vertex 8.13060665131 14.9254903793 1.13604795933
      vertex 8.13060665131 14.9111309052 1.13604795933
    endloop
  endfacet
  facet normal 0 1 0
    outer loop
      vertex 8.15894126892 14.9111309052 1.13604795933
      vertex 8.15894126892 14.9254903793 1.13604795933
      vertex 8.1447725296 14.9111309052 1.13604795933
    endloop
  endfacet
  facet normal 0 1 0
    outer loop
      vertex 8.15894126892 14.9254903793 1.13604795933
      vertex 8.1447725296 14.9254903793 1.13604795933
      vertex 8.1447725296 14.9111309052 1.13604795933
    endloop
  endfacet
  facet normal 0 1 0
    outer loop
      vertex 8.17310905457 14.9111309052 1.13604795933
      vertex 8.17310905457 14.9254903793 1.13604795933
      vertex 8.15894126892 14.9111309052 1.13604795933
    endloop
  endfacet
  facet normal 0 1 0
    outer loop
      vertex 8.17310905457 14.9254903793 1.13604795933
      vertex 8.15894126892 14.9254903793 1.13604795933
      vertex 8.15894126892 14.9111309052 1.13604795933
    endloop
  endfacet
  facet normal 0 1 0
    outer loop
      vertex 8.18727684021 14.9111309052 1.13604795933
      vertex 8.18727684021 14.9254903793 1.13604795933
      vertex 8.17310905457 14.9111309052 1.13604795933
    endloop
  endfacet
  facet normal 0 1 0
    outer loop
      vertex 8.18727684021 14.9254903793 1.13604795933
      vertex 8.17310905457 14.9254903793 1.13604795933
      vertex 8.17310905457 14.9111309052 1.13604795933
    endloop
  endfacet
  facet normal 0 1 0
    outer loop
      vertex 8.20144462585 14.9111309052 1.13604795933
      vertex 8.18727684021 14.9254903793 1.13604795933
      vertex 8.18727684021 14.9111309052 1.13604795933
    endloop
  endfacet
  facet normal 0 1 0
    outer loop
      vertex 7.97476100922 14.9254903793 1.13604795933
      vertex 7.97476100922 14.9398498535 1.13604795933
      vertex 7.96059417725 14.9254903793 1.13604795933
    endloop
  endfacet
  facet normal 0 1 0
    outer loop
      vertex 7.97476100922 14.9398498535 1.13604795933
      vertex 7.96059417725 14.9398498535 1.13604795933
      vertex 7.96059417725 14.9254903793 1.13604795933
    endloop
  endfacet
  facet normal 0 1 0
    outer loop
      vertex 7.98892879486 14.9254903793 1.13604795933
      vertex 7.98892879486 14.9398498535 1.13604795933
      vertex 7.97476100922 14.9254903793 1.13604795933
    endloop
  endfacet
  facet normal 0 1 0
    outer loop
      vertex 7.98892879486 14.9398498535 1.13604795933
      vertex 7.97476100922 14.9398498535 1.13604795933
      vertex 7.97476100922 14.9254903793 1.13604795933
    endloop
  endfacet
  facet normal 0 1 0
    outer loop
      vertex 8.00309753418 14.9254903793 1.13604795933
      vertex 8.00309753418 14.9398498535 1.13604795933
      vertex 7.98892879486 14.9254903793 1.13604795933
    endloop
  endfacet
  facet normal 0 1 0
    outer loop
      vertex 8.00309753418 14.9398498535 1.13604795933
      vertex 7.98892879486 14.9398498535 1.13604795933
      vertex 7.98892879486 14.9254903793 1.13604795933
    endloop
  endfacet
  facet normal 0 1 0
    outer loop
      vertex 8.01726436615 14.9254903793 1.13604795933
      vertex 8.01726436615 14.9398498535 1.13604795933
      vertex 8.00309753418 14.9254903793 1.13604795933
    endloop
  endfacet
  facet normal 0 1 0
    outer loop
      vertex 8.01726436615 14.9398498535 1.13604795933
      vertex 8.00309753418 14.9398498535 1.13604795933
      vertex 8.00309753418 14.9254903793 1.13604795933
    endloop
  endfacet
  facet normal 0 1 0
    outer loop
      vertex 8.03143215179 14.9254903793 1.13604795933
      vertex 8.03143215179 14.9398498535 1.13604795933
      vertex 8.01726436615 14.9254903793 1.13604795933
    endloop
  endfacet
  facet normal 0 1 0
    outer loop
      vertex 8.03143215179 14.9398498535 1.13604795933
      vertex 8.01726436615 14.9398498535 1.13604795933
      vertex 8.01726436615 14.9254903793 1.13604795933
    endloop
  endfacet
  facet normal 0 1 0
    outer loop
      vertex 8.04559993744 14.9254903793 1.13604795933
      vertex 8.04559993744 14.9398498535 1.13604795933
      vertex 8.03143215179 14.9254903793 1.13604795933
    endloop
  endfacet
  facet normal 0 1 0
    outer loop
      vertex 8.04559993744 14.9398498535 1.13604795933
      vertex 8.03143215179 14.9398498535 1.13604795933
      vertex 8.03143215179 14.9254903793 1.13604795933
    endloop
  endfacet
  facet normal 0 1 0
    outer loop
      vertex 8.05976772308 14.9254903793 1.13604795933
      vertex 8.05976772308 14.9398498535 1.13604795933
      vertex 8.04559993744 14.9254903793 1.13604795933
    endloop
  endfacet
  facet normal 0 1 0
    outer loop
      vertex 8.05976772308 14.9398498535 1.13604795933
      vertex 8.04559993744 14.9398498535 1.13604795933
      vertex 8.04559993744 14.9254903793 1.13604795933
    endloop
  endfacet
  facet normal 0 1 0
    outer loop
      vertex 8.0739364624 14.9254903793 1.13604795933
      vertex 8.0739364624 14.9398498535 1.13604795933
      vertex 8.05976772308 14.9254903793 1.13604795933
    endloop
  endfacet
  facet normal 0 1 0
    outer loop
      vertex 8.0739364624 14.9398498535 1.13604795933
      vertex 8.05976772308 14.9398498535 1.13604795933
      vertex 8.05976772308 14.9254903793 1.13604795933
    endloop
  endfacet
  facet normal 0 1 0
    outer loop
      vertex 8.08810329437 14.9254903793 1.13604795933
      vertex 8.08810329437 14.9398498535 1.13604795933
      vertex 8.0739364624 14.9254903793 1.13604795933
    endloop
  endfacet
  facet normal 0 1 0
    outer loop
      vertex 8.08810329437 14.9398498535 1.13604795933
      vertex 8.0739364624 14.9398498535 1.13604795933
      vertex 8.0739364624 14.9254903793 1.13604795933
    endloop
  endfacet
  facet normal 0 1 0
    outer loop
      vertex 8.10227108002 14.9254903793 1.13604795933
      vertex 8.10227108002 14.9398498535 1.13604795933
      vertex 8.08810329437 14.9254903793 1.13604795933
    endloop
  endfacet
  facet normal 0 1 0
    outer loop
      vertex 8.10227108002 14.9398498535 1.13604795933
      vertex 8.08810329437 14.9398498535 1.13604795933
      vertex 8.08810329437 14.9254903793 1.13604795933
    endloop
  endfacet
  facet normal 0 1 0
    outer loop
      vertex 8.11643886566 14.9254903793 1.13604795933
      vertex 8.10227108002 14.9398498535 1.13604795933
      vertex 8.10227108002 14.9254903793 1.13604795933
    endloop
  endfacet
  facet normal 0 -1 -0
    outer loop
      vertex 8.24394798279 14.6813764572 1.17604804039
      vertex 8.22978019714 14.6957349777 1.17604804039
      vertex 8.24394798279 14.6957349777 1.17604804039
    endloop
  endfacet
  facet normal 0 -1 -0
    outer loop
      vertex 8.18727684021 14.6957349777 1.17604804039
      vertex 8.17310905457 14.7100944519 1.17604804039
      vertex 8.18727684021 14.7100944519 1.17604804039
    endloop
  endfacet
  facet normal -0 -1 -0
    outer loop
      vertex 8.20144462585 14.6957349777 1.17604804039
      vertex 8.18727684021 14.6957349777 1.17604804039
      vertex 8.20144462585 14.7100944519 1.17604804039
    endloop
  endfacet
  facet normal 0 -1 0
    outer loop
      vertex 8.20144462585 14.7100944519 1.17604804039
      vertex 8.18727684021 14.6957349777 1.17604804039
      vertex 8.18727684021 14.7100944519 1.17604804039
    endloop
  endfacet
  facet normal -0 -1 -0
    outer loop
      vertex 8.2156124115 14.6957349777 1.17604804039
      vertex 8.20144462585 14.6957349777 1.17604804039
      vertex 8.2156124115 14.7100944519 1.17604804039
    endloop
  endfacet
  facet normal 0 -1 0
    outer loop
      vertex 8.2156124115 14.7100944519 1.17604804039
      vertex 8.20144462585 14.6957349777 1.17604804039
      vertex 8.20144462585 14.7100944519 1.17604804039
    endloop
  endfacet
  facet normal -0 -1 -0
    outer loop
      vertex 8.22978019714 14.6957349777 1.17604804039
      vertex 8.2156124115 14.6957349777 1.17604804039
      vertex 8.22978019714 14.7100944519 1.17604804039
    endloop
  endfacet
  facet normal 0 -1 0
    outer loop
      vertex 8.22978019714 14.7100944519 1.17604804039
      vertex 8.2156124115 14.6957349777 1.17604804039
      vertex 8.2156124115 14.7100944519 1.17604804039
    endloop
  endfacet
  facet normal -0 -1 -0
    outer loop
      vertex 8.24394798279 14.6957349777 1.17604804039
      vertex 8.22978019714 14.6957349777 1.17604804039
      vertex 8.24394798279 14.7100944519 1.17604804039
    endloop
  endfacet
  facet normal 0 -1 0
    outer loop
      vertex 8.24394798279 14.7100944519 1.17604804039
      vertex 8.22978019714 14.6957349777 1.17604804039
      vertex 8.22978019714 14.7100944519 1.17604804039
    endloop
  endfacet
  facet normal 0 -1 0
    outer loop
      vertex 8.25811576843 14.7100944519 1.17604804039
      vertex 8.24394798279 14.6957349777 1.17604804039
      vertex 8.24394798279 14.7100944519 1.17604804039
    endloop
  endfacet
  facet normal 0 -1 -0
    outer loop
      vertex 8.08810329437 14.7100944519 1.17604804039
      vertex 8.0739364624 14.7244539261 1.17604804039
      vertex 8.08810329437 14.7244539261 1.17604804039
    endloop
  endfacet
  facet normal -0 -1 -0
    outer loop
      vertex 8.10227108002 14.7100944519 1.17604804039
      vertex 8.08810329437 14.7100944519 1.17604804039
      vertex 8.10227108002 14.7244539261 1.17604804039
    endloop
  endfacet
  facet normal 0 -1 0
    outer loop
      vertex 8.10227108002 14.7244539261 1.17604804039
      vertex 8.08810329437 14.7100944519 1.17604804039
      vertex 8.08810329437 14.7244539261 1.17604804039
    endloop
  endfacet
  facet normal -0 -1 -0
    outer loop
      vertex 8.11643886566 14.7100944519 1.17604804039
      vertex 8.10227108002 14.7100944519 1.17604804039
      vertex 8.11643886566 14.7244539261 1.17604804039
    endloop
  endfacet
  facet normal 0 -1 0
    outer loop
      vertex 8.11643886566 14.7244539261 1.17604804039
      vertex 8.10227108002 14.7100944519 1.17604804039
      vertex 8.10227108002 14.7244539261 1.17604804039
    endloop
  endfacet
  facet normal -0 -1 -0
    outer loop
      vertex 8.13060665131 14.7100944519 1.17604804039
      vertex 8.11643886566 14.7100944519 1.17604804039
      vertex 8.13060665131 14.7244539261 1.17604804039
    endloop
  endfacet
  facet normal 0 -1 0
    outer loop
      vertex 8.13060665131 14.7244539261 1.17604804039
      vertex 8.11643886566 14.7100944519 1.17604804039
      vertex 8.11643886566 14.7244539261 1.17604804039
    endloop
  endfacet
  facet normal -0 -1 -0
    outer loop
      vertex 8.1447725296 14.7100944519 1.17604804039
      vertex 8.13060665131 14.7100944519 1.17604804039
      vertex 8.1447725296 14.7244539261 1.17604804039
    endloop
  endfacet
  facet normal 0 -1 0
    outer loop
      vertex 8.1447725296 14.7244539261 1.17604804039
      vertex 8.13060665131 14.7100944519 1.17604804039
      vertex 8.13060665131 14.7244539261 1.17604804039
    endloop
  endfacet
  facet normal -0 -1 -0
    outer loop
      vertex 8.15894126892 14.7100944519 1.17604804039
      vertex 8.1447725296 14.7100944519 1.17604804039
      vertex 8.15894126892 14.7244539261 1.17604804039
    endloop
  endfacet
  facet normal 0 -1 0
    outer loop
      vertex 8.15894126892 14.7244539261 1.17604804039
      vertex 8.1447725296 14.7100944519 1.17604804039
      vertex 8.1447725296 14.7244539261 1.17604804039
    endloop
  endfacet
  facet normal -0 -1 -0
    outer loop
      vertex 8.17310905457 14.7100944519 1.17604804039
      vertex 8.15894126892 14.7100944519 1.17604804039
      vertex 8.17310905457 14.7244539261 1.17604804039
    endloop
  endfacet
  facet normal 0 -1 0
    outer loop
      vertex 8.17310905457 14.7244539261 1.17604804039
      vertex 8.15894126892 14.7100944519 1.17604804039
      vertex 8.15894126892 14.7244539261 1.17604804039
    endloop
  endfacet
  facet normal -0 -1 -0
    outer loop
      vertex 8.18727684021 14.7100944519 1.17604804039
      vertex 8.17310905457 14.7100944519 1.17604804039
      vertex 8.18727684021 14.7244539261 1.17604804039
    endloop
  endfacet
  facet normal 0 -1 0
    outer loop
      vertex 8.18727684021 14.7244539261 1.17604804039
      vertex 8.17310905457 14.7100944519 1.17604804039
      vertex 8.17310905457 14.7244539261 1.17604804039
    endloop
  endfacet
  facet normal -0 -1 -0
    outer loop
      vertex 8.20144462585 14.7100944519 1.17604804039
      vertex 8.18727684021 14.7100944519 1.17604804039
      vertex 8.20144462585 14.7244539261 1.17604804039
    endloop
  endfacet
  facet normal 0 -1 0
    outer loop
      vertex 8.20144462585 14.7244539261 1.17604804039
      vertex 8.18727684021 14.7100944519 1.17604804039
      vertex 8.18727684021 14.7244539261 1.17604804039
    endloop
  endfacet
  facet normal -0.63560372591 -0.450255274773 0.627118885517
    outer loop
      vertex 8.2156124115 14.7244539261 1.15604805946
      vertex 8.2156124115 14.7100944519 1.17604804039
      vertex 8.20144462585 14.7244539261 1.17604804039
    endloop
  endfacet
  facet normal -0 -1 0
    outer loop
      vertex 8.2156124115 14.7100944519 1.17604804039
      vertex 8.20144462585 14.7100944519 1.17604804039
      vertex 8.20144462585 14.7244539261 1.17604804039
    endloop
  endfacet
  facet normal 0 -0.583220541477 0.812313854694
    outer loop
      vertex 8.22978019714 14.7244539261 1.15604805946
      vertex 8.2156124115 14.7100944519 1.17604804039
      vertex 8.2156124115 14.7244539261 1.15604805946
    endloop
  endfacet
  facet normal 0 -0.583220541477 0.812313854694
    outer loop
      vertex 8.22978019714 14.7100944519 1.17604804039
      vertex 8.2156124115 14.7100944519 1.17604804039
      vertex 8.22978019714 14.7244539261 1.15604805946
    endloop
  endfacet
  facet normal 0 -0.583220541477 0.812313854694
    outer loop
      vertex 8.24394798279 14.7244539261 1.15604805946
      vertex 8.22978019714 14.7100944519 1.17604804039
      vertex 8.22978019714 14.7244539261 1.15604805946
    endloop
  endfacet
  facet normal 0 -0.583220541477 0.812313854694
    outer loop
      vertex 8.24394798279 14.7100944519 1.17604804039
      vertex 8.22978019714 14.7100944519 1.17604804039
      vertex 8.24394798279 14.7244539261 1.15604805946
    endloop
  endfacet
  facet normal 0.63560372591 -0.450255274773 0.627118885517
    outer loop
      vertex 8.24394798279 14.7244539261 1.15604805946
      vertex 8.25811576843 14.7244539261 1.17604804039
      vertex 8.24394798279 14.7100944519 1.17604804039
    endloop
  endfacet
  facet normal 0 -1 0
    outer loop
      vertex 8.25811576843 14.7244539261 1.17604804039
      vertex 8.25811576843 14.7100944519 1.17604804039
      vertex 8.24394798279 14.7100944519 1.17604804039
    endloop
  endfacet
  facet normal 0 -1 -0
    outer loop
      vertex 8.01726436615 14.7244539261 1.17604804039
      vertex 8.00309753418 14.7388143539 1.17604804039
      vertex 8.01726436615 14.7388143539 1.17604804039
    endloop
  endfacet
  facet normal -0 -1 -0
    outer loop
      vertex 8.03143215179 14.7244539261 1.17604804039
      vertex 8.01726436615 14.7244539261 1.17604804039
      vertex 8.03143215179 14.7388143539 1.17604804039
    endloop
  endfacet
  facet normal 0 -1 0
    outer loop
      vertex 8.03143215179 14.7388143539 1.17604804039
      vertex 8.01726436615 14.7244539261 1.17604804039
      vertex 8.01726436615 14.7388143539 1.17604804039
    endloop
  endfacet
  facet normal -0 -1 -0
    outer loop
      vertex 8.04559993744 14.7244539261 1.17604804039
      vertex 8.03143215179 14.7244539261 1.17604804039
      vertex 8.04559993744 14.7388143539 1.17604804039
    endloop
  endfacet
  facet normal 0 -1 0
    outer loop
      vertex 8.04559993744 14.7388143539 1.17604804039
      vertex 8.03143215179 14.7244539261 1.17604804039
      vertex 8.03143215179 14.7388143539 1.17604804039
    endloop
  endfacet
  facet normal -0 -1 -0
    outer loop
      vertex 8.05976772308 14.7244539261 1.17604804039
      vertex 8.04559993744 14.7244539261 1.17604804039
      vertex 8.05976772308 14.7388143539 1.17604804039
    endloop
  endfacet
  facet normal 0 -1 0
    outer loop
      vertex 8.05976772308 14.7388143539 1.17604804039
      vertex 8.04559993744 14.7244539261 1.17604804039
      vertex 8.04559993744 14.7388143539 1.17604804039
    endloop
  endfacet
  facet normal -0 -1 -0
    outer loop
      vertex 8.0739364624 14.7244539261 1.17604804039
      vertex 8.05976772308 14.7244539261 1.17604804039
      vertex 8.0739364624 14.7388143539 1.17604804039
    endloop
  endfacet
  facet normal 0 -1 0
    outer loop
      vertex 8.0739364624 14.7388143539 1.17604804039
      vertex 8.05976772308 14.7244539261 1.17604804039
      vertex 8.05976772308 14.7388143539 1.17604804039
    endloop
  endfacet
  facet normal -0 -1 -0
    outer loop
      vertex 8.08810329437 14.7244539261 1.17604804039
      vertex 8.0739364624 14.7244539261 1.17604804039
      vertex 8.08810329437 14.7388143539 1.17604804039
    endloop
  endfacet
  facet normal 0 -1 0
    outer loop
      vertex 8.08810329437 14.7388143539 1.17604804039
      vertex 8.0739364624 14.7244539261 1.17604804039
      vertex 8.0739364624 14.7388143539 1.17604804039
    endloop
  endfacet
  facet normal -0 -1 -0
    outer loop
      vertex 8.10227108002 14.7244539261 1.17604804039
      vertex 8.08810329437 14.7244539261 1.17604804039
      vertex 8.10227108002 14.7388143539 1.17604804039
    endloop
  endfacet
  facet normal 0 -1 0
    outer loop
      vertex 8.10227108002 14.7388143539 1.17604804039
      vertex 8.08810329437 14.7244539261 1.17604804039
      vertex 8.08810329437 14.7388143539 1.17604804039
    endloop
  endfacet
  facet normal -0 -1 -0
    outer loop
      vertex 8.11643886566 14.7244539261 1.17604804039
      vertex 8.10227108002 14.7244539261 1.17604804039
      vertex 8.11643886566 14.7388143539 1.17604804039
    endloop
  endfacet
  facet normal 0 -1 0
    outer loop
      vertex 8.11643886566 14.7388143539 1.17604804039
      vertex 8.10227108002 14.7244539261 1.17604804039
      vertex 8.10227108002 14.7388143539 1.17604804039
    endloop
  endfacet
  facet normal -0 -1 -0
    outer loop
      vertex 8.13060665131 14.7244539261 1.17604804039
      vertex 8.11643886566 14.7244539261 1.17604804039
      vertex 8.13060665131 14.7388143539 1.17604804039
    endloop
  endfacet
  facet normal 0 -1 0
    outer loop
      vertex 8.13060665131 14.7388143539 1.17604804039
      vertex 8.11643886566 14.7244539261 1.17604804039
      vertex 8.11643886566 14.7388143539 1.17604804039
    endloop
  endfacet
  facet normal -0 -1 -0
    outer loop
      vertex 8.1447725296 14.7244539261 1.17604804039
      vertex 8.13060665131 14.7244539261 1.17604804039
      vertex 8.1447725296 14.7388143539 1.17604804039
    endloop
  endfacet
  facet normal 0 -1 0
    outer loop
      vertex 8.1447725296 14.7388143539 1.17604804039
      vertex 8.13060665131 14.7244539261 1.17604804039
      vertex 8.13060665131 14.7388143539 1.17604804039
    endloop
  endfacet
  facet normal -0.635594785213 -0.450279325247 0.627110660076
    outer loop
      vertex 8.15894126892 14.7388143539 1.15604805946
      vertex 8.15894126892 14.7244539261 1.17604804039
      vertex 8.1447725296 14.7388143539 1.17604804039
    endloop
  endfacet
  facet normal -0 -1 0
    outer loop
      vertex 8.15894126892 14.7244539261 1.17604804039
      vertex 8.1447725296 14.7244539261 1.17604804039
      vertex 8.1447725296 14.7388143539 1.17604804039
    endloop
  endfacet
  facet normal 0 -0.58324611187 0.812295496464
    outer loop
      vertex 8.17310905457 14.7388143539 1.15604805946
      vertex 8.15894126892 14.7244539261 1.17604804039
      vertex 8.15894126892 14.7388143539 1.15604805946
    endloop
  endfacet
  facet normal 0 -0.58324611187 0.812295496464
    outer loop
      vertex 8.17310905457 14.7244539261 1.17604804039
      vertex 8.15894126892 14.7244539261 1.17604804039
      vertex 8.17310905457 14.7388143539 1.15604805946
    endloop
  endfacet
  facet normal 0 -0.58324611187 0.812295496464
    outer loop
      vertex 8.18727684021 14.7388143539 1.15604805946
      vertex 8.17310905457 14.7244539261 1.17604804039
      vertex 8.17310905457 14.7388143539 1.15604805946
    endloop
  endfacet
  facet normal 0 -0.58324611187 0.812295496464
    outer loop
      vertex 8.18727684021 14.7244539261 1.17604804039
      vertex 8.17310905457 14.7244539261 1.17604804039
      vertex 8.18727684021 14.7388143539 1.15604805946
    endloop
  endfacet
  facet normal 0 -0.58324611187 0.812295496464
    outer loop
      vertex 8.20144462585 14.7388143539 1.15604805946
      vertex 8.18727684021 14.7244539261 1.17604804039
      vertex 8.18727684021 14.7388143539 1.15604805946
    endloop
  endfacet
  facet normal 0 -0.58324611187 0.812295496464
    outer loop
      vertex 8.20144462585 14.7244539261 1.17604804039
      vertex 8.18727684021 14.7244539261 1.17604804039
      vertex 8.20144462585 14.7388143539 1.15604805946
    endloop
  endfacet
  facet normal -0.635620355606 -0.45026704669 0.627093613148
    outer loop
      vertex 8.2156124115 14.7244539261 1.15604805946
      vertex 8.20144462585 14.7244539261 1.17604804039
      vertex 8.20144462585 14.7388143539 1.15604805946
    endloop
  endfacet
  facet normal 0.635620355606 -0.45026704669 0.627093613148
    outer loop
      vertex 8.24394798279 14.7244539261 1.15604805946
      vertex 8.25811576843 14.7388143539 1.15604805946
      vertex 8.25811576843 14.7244539261 1.17604804039
    endloop
  endfacet
  facet normal 1 0 0
    outer loop
      vertex 8.25811576843 14.7244539261 1.17604804039
      vertex 8.25811576843 14.7388143539 1.15604805946
      vertex 8.25811576843 14.7388143539 1.17604804039
    endloop
  endfacet
  facet normal 0 -1 -0
    outer loop
      vertex 7.97476100922 14.7388143539 1.17604804039
      vertex 7.96059417725 14.7531738281 1.17604804039
      vertex 7.97476100922 14.7531738281 1.17604804039
    endloop
  endfacet
  facet normal -0 -1 -0
    outer loop
      vertex 7.98892879486 14.7388143539 1.17604804039
      vertex 7.97476100922 14.7388143539 1.17604804039
      vertex 7.98892879486 14.7531738281 1.17604804039
    endloop
  endfacet
  facet normal 0 -1 0
    outer loop
      vertex 7.98892879486 14.7531738281 1.17604804039
      vertex 7.97476100922 14.7388143539 1.17604804039
      vertex 7.97476100922 14.7531738281 1.17604804039
    endloop
  endfacet
  facet normal -0 -1 -0
    outer loop
      vertex 8.00309753418 14.7388143539 1.17604804039
      vertex 7.98892879486 14.7388143539 1.17604804039
      vertex 8.00309753418 14.7531738281 1.17604804039
    endloop
  endfacet
  facet normal 0 -1 0
    outer loop
      vertex 8.00309753418 14.7531738281 1.17604804039
      vertex 7.98892879486 14.7388143539 1.17604804039
      vertex 7.98892879486 14.7531738281 1.17604804039
    endloop
  endfacet
  facet normal -0 -1 -0
    outer loop
      vertex 8.01726436615 14.7388143539 1.17604804039
      vertex 8.00309753418 14.7388143539 1.17604804039
      vertex 8.01726436615 14.7531738281 1.17604804039
    endloop
  endfacet
  facet normal 0 -1 0
    outer loop
      vertex 8.01726436615 14.7531738281 1.17604804039
      vertex 8.00309753418 14.7388143539 1.17604804039
      vertex 8.00309753418 14.7531738281 1.17604804039
    endloop
  endfacet
  facet normal -0 -1 -0
    outer loop
      vertex 8.03143215179 14.7388143539 1.17604804039
      vertex 8.01726436615 14.7388143539 1.17604804039
      vertex 8.03143215179 14.7531738281 1.17604804039
    endloop
  endfacet
  facet normal 0 -1 0
    outer loop
      vertex 8.03143215179 14.7531738281 1.17604804039
      vertex 8.01726436615 14.7388143539 1.17604804039
      vertex 8.01726436615 14.7531738281 1.17604804039
    endloop
  endfacet
  facet normal -0 -1 -0
    outer loop
      vertex 8.04559993744 14.7388143539 1.17604804039
      vertex 8.03143215179 14.7388143539 1.17604804039
      vertex 8.04559993744 14.7531738281 1.17604804039
    endloop
  endfacet
  facet normal 0 -1 0
    outer loop
      vertex 8.04559993744 14.7531738281 1.17604804039
      vertex 8.03143215179 14.7388143539 1.17604804039
      vertex 8.03143215179 14.7531738281 1.17604804039
    endloop
  endfacet
  facet normal -0 -1 -0
    outer loop
      vertex 8.05976772308 14.7388143539 1.17604804039
      vertex 8.04559993744 14.7388143539 1.17604804039
      vertex 8.05976772308 14.7531738281 1.17604804039
    endloop
  endfacet
  facet normal 0 -1 0
    outer loop
      vertex 8.05976772308 14.7531738281 1.17604804039
      vertex 8.04559993744 14.7388143539 1.17604804039
      vertex 8.04559993744 14.7531738281 1.17604804039
    endloop
  endfacet
  facet normal -0 -1 -0
    outer loop
      vertex 8.0739364624 14.7388143539 1.17604804039
      vertex 8.05976772308 14.7388143539 1.17604804039
      vertex 8.0739364624 14.7531738281 1.17604804039
    endloop
  endfacet
  facet normal 0 -1 0
    outer loop
      vertex 8.0739364624 14.7531738281 1.17604804039
      vertex 8.05976772308 14.7388143539 1.17604804039
      vertex 8.05976772308 14.7531738281 1.17604804039
    endloop
  endfacet
  facet normal -0.635629296303 -0.450243026018 0.627101778984
    outer loop
      vertex 8.08810329437 14.7531738281 1.15604805946
      vertex 8.08810329437 14.7388143539 1.17604804039
      vertex 8.0739364624 14.7531738281 1.17604804039
    endloop
  endfacet
  facet normal -0 -1 0
    outer loop
      vertex 8.08810329437 14.7388143539 1.17604804039
      vertex 8.0739364624 14.7388143539 1.17604804039
      vertex 8.0739364624 14.7531738281 1.17604804039
    endloop
  endfacet
  facet normal 0 -0.583220541477 0.812313854694
    outer loop
      vertex 8.10227108002 14.7531738281 1.15604805946
      vertex 8.08810329437 14.7388143539 1.17604804039
      vertex 8.08810329437 14.7531738281 1.15604805946
    endloop
  endfacet
  facet normal 0 -0.583220541477 0.812313854694
    outer loop
      vertex 8.10227108002 14.7388143539 1.17604804039
      vertex 8.08810329437 14.7388143539 1.17604804039
      vertex 8.10227108002 14.7531738281 1.15604805946
    endloop
  endfacet
  facet normal 0 -0.583220541477 0.812313854694
    outer loop
      vertex 8.11643886566 14.7531738281 1.15604805946
      vertex 8.10227108002 14.7388143539 1.17604804039
      vertex 8.10227108002 14.7531738281 1.15604805946
    endloop
  endfacet
  facet normal 0 -0.583220541477 0.812313854694
    outer loop
      vertex 8.11643886566 14.7388143539 1.17604804039
      vertex 8.10227108002 14.7388143539 1.17604804039
      vertex 8.11643886566 14.7531738281 1.15604805946
    endloop
  endfacet
  facet normal 0 -0.583220541477 0.812313854694
    outer loop
      vertex 8.13060665131 14.7531738281 1.15604805946
      vertex 8.11643886566 14.7388143539 1.17604804039
      vertex 8.11643886566 14.7531738281 1.15604805946
    endloop
  endfacet
  facet normal 0 -0.583220541477 0.812313854694
    outer loop
      vertex 8.13060665131 14.7388143539 1.17604804039
      vertex 8.11643886566 14.7388143539 1.17604804039
      vertex 8.13060665131 14.7531738281 1.15604805946
    endloop
  endfacet
  facet normal 0 -0.583220541477 0.812313854694
    outer loop
      vertex 8.1447725296 14.7531738281 1.15604805946
      vertex 8.13060665131 14.7388143539 1.17604804039
      vertex 8.13060665131 14.7531738281 1.15604805946
    endloop
  endfacet
  facet normal 0 -0.583220541477 0.812313854694
    outer loop
      vertex 8.1447725296 14.7388143539 1.17604804039
      vertex 8.13060665131 14.7388143539 1.17604804039
      vertex 8.1447725296 14.7531738281 1.15604805946
    endloop
  endfacet
  facet normal -0.635578155518 -0.450267553329 0.627135932446
    outer loop
      vertex 8.15894126892 14.7388143539 1.15604805946
      vertex 8.1447725296 14.7388143539 1.17604804039
      vertex 8.1447725296 14.7531738281 1.15604805946
    endloop
  endfacet
  facet normal 1 -0 0
    outer loop
      vertex 8.25811576843 14.7388143539 1.15604805946
      vertex 8.25811576843 14.7531738281 1.15604805946
      vertex 8.25811576843 14.7388143539 1.17604804039
    endloop
  endfacet
  facet normal 1 0 0
    outer loop
      vertex 8.25811576843 14.7388143539 1.17604804039
      vertex 8.25811576843 14.7531738281 1.15604805946
      vertex 8.25811576843 14.7531738281 1.17604804039
    endloop
  endfacet
  facet normal 0 -1 -0
    outer loop
      vertex 7.96059417725 14.7531738281 1.17604804039
      vertex 7.94642591476 14.7675333023 1.17604804039
      vertex 7.96059417725 14.7675333023 1.17604804039
    endloop
  endfacet
  facet normal -0 -1 -0
    outer loop
      vertex 7.97476100922 14.7531738281 1.17604804039
      vertex 7.96059417725 14.7531738281 1.17604804039
      vertex 7.97476100922 14.7675333023 1.17604804039
    endloop
  endfacet
  facet normal 0 -1 0
    outer loop
      vertex 7.97476100922 14.7675333023 1.17604804039
      vertex 7.96059417725 14.7531738281 1.17604804039
      vertex 7.96059417725 14.7675333023 1.17604804039
    endloop
  endfacet
  facet normal -0 -1 -0
    outer loop
      vertex 7.98892879486 14.7531738281 1.17604804039
      vertex 7.97476100922 14.7531738281 1.17604804039
      vertex 7.98892879486 14.7675333023 1.17604804039
    endloop
  endfacet
  facet normal 0 -1 0
    outer loop
      vertex 7.98892879486 14.7675333023 1.17604804039
      vertex 7.97476100922 14.7531738281 1.17604804039
      vertex 7.97476100922 14.7675333023 1.17604804039
    endloop
  endfacet
  facet normal -0 -1 -0
    outer loop
      vertex 8.00309753418 14.7531738281 1.17604804039
      vertex 7.98892879486 14.7531738281 1.17604804039
      vertex 8.00309753418 14.7675333023 1.17604804039
    endloop
  endfacet
  facet normal 0 -1 0
    outer loop
      vertex 8.00309753418 14.7675333023 1.17604804039
      vertex 7.98892879486 14.7531738281 1.17604804039
      vertex 7.98892879486 14.7675333023 1.17604804039
    endloop
  endfacet
  facet normal -0.635629296303 -0.450242996216 0.627101778984
    outer loop
      vertex 8.01726436615 14.7675333023 1.15604805946
      vertex 8.01726436615 14.7531738281 1.17604804039
      vertex 8.00309753418 14.7675333023 1.17604804039
    endloop
  endfacet
  facet normal -0 -1 0
    outer loop
      vertex 8.01726436615 14.7531738281 1.17604804039
      vertex 8.00309753418 14.7531738281 1.17604804039
      vertex 8.00309753418 14.7675333023 1.17604804039
    endloop
  endfacet
  facet normal 0 -0.583220541477 0.812313854694
    outer loop
      vertex 8.03143215179 14.7675333023 1.15604805946
      vertex 8.01726436615 14.7531738281 1.17604804039
      vertex 8.01726436615 14.7675333023 1.15604805946
    endloop
  endfacet
  facet normal 0 -0.583220541477 0.812313854694
    outer loop
      vertex 8.03143215179 14.7531738281 1.17604804039
      vertex 8.01726436615 14.7531738281 1.17604804039
      vertex 8.03143215179 14.7675333023 1.15604805946
    endloop
  endfacet
  facet normal 0 -0.583220541477 0.812313854694
    outer loop
      vertex 8.04559993744 14.7675333023 1.15604805946
      vertex 8.03143215179 14.7531738281 1.17604804039
      vertex 8.03143215179 14.7675333023 1.15604805946
    endloop
  endfacet
  facet normal 0 -0.583220541477 0.812313854694
    outer loop
      vertex 8.04559993744 14.7531738281 1.17604804039
      vertex 8.03143215179 14.7531738281 1.17604804039
      vertex 8.04559993744 14.7675333023 1.15604805946
    endloop
  endfacet
  facet normal 0 -0.583220541477 0.812313854694
    outer loop
      vertex 8.05976772308 14.7675333023 1.15604805946
      vertex 8.04559993744 14.7531738281 1.17604804039
      vertex 8.04559993744 14.7675333023 1.15604805946
    endloop
  endfacet
  facet normal 0 -0.583220541477 0.812313854694
    outer loop
      vertex 8.05976772308 14.7531738281 1.17604804039
      vertex 8.04559993744 14.7531738281 1.17604804039
      vertex 8.05976772308 14.7675333023 1.15604805946
    endloop
  endfacet
  facet normal 0 -0.583220541477 0.812313854694
    outer loop
      vertex 8.0739364624 14.7675333023 1.15604805946
      vertex 8.05976772308 14.7531738281 1.17604804039
      vertex 8.05976772308 14.7675333023 1.15604805946
    endloop
  endfacet
  facet normal 0 -0.583220541477 0.812313854694
    outer loop
      vertex 8.0739364624 14.7531738281 1.17604804039
      vertex 8.05976772308 14.7531738281 1.17604804039
      vertex 8.0739364624 14.7675333023 1.15604805946
    endloop
  endfacet
  facet normal -0.635629296303 -0.450243026018 0.627101778984
    outer loop
      vertex 8.08810329437 14.7531738281 1.15604805946
      vertex 8.0739364624 14.7531738281 1.17604804039
      vertex 8.0739364624 14.7675333023 1.15604805946
    endloop
  endfacet
  facet normal 0.711842119694 -0 0.702339529991
    outer loop
      vertex 8.25811576843 14.7531738281 1.15604805946
      vertex 8.27228355408 14.7675333023 1.17604804039
      vertex 8.25811576843 14.7531738281 1.17604804039
    endloop
  endfacet
  facet normal 0.711842119694 -0 0.702339529991
    outer loop
      vertex 8.27228355408 14.7675333023 1.15604805946
      vertex 8.27228355408 14.7675333023 1.17604804039
      vertex 8.25811576843 14.7531738281 1.15604805946
    endloop
  endfacet
  facet normal -0 -1 -0
    outer loop
      vertex 7.96059417725 14.7675333023 1.17604804039
      vertex 7.94642591476 14.7675333023 1.17604804039
      vertex 7.96059417725 14.7818927765 1.17604804039
    endloop
  endfacet
  facet normal 0 -1 0
    outer loop
      vertex 7.96059417725 14.7818927765 1.17604804039
      vertex 7.94642591476 14.7675333023 1.17604804039
      vertex 7.94642591476 14.7818927765 1.17604804039
    endloop
  endfacet
  facet normal -0.635629177094 -0.450243085623 0.627101838589
    outer loop
      vertex 7.97476100922 14.7818927765 1.15604805946
      vertex 7.97476100922 14.7675333023 1.17604804039
      vertex 7.96059417725 14.7818927765 1.17604804039
    endloop
  endfacet
  facet normal -0 -1 0
    outer loop
      vertex 7.97476100922 14.7675333023 1.17604804039
      vertex 7.96059417725 14.7675333023 1.17604804039
      vertex 7.96059417725 14.7818927765 1.17604804039
    endloop
  endfacet
  facet normal 0 -0.583220541477 0.812313854694
    outer loop
      vertex 7.98892879486 14.7818927765 1.15604805946
      vertex 7.97476100922 14.7675333023 1.17604804039
      vertex 7.97476100922 14.7818927765 1.15604805946
    endloop
  endfacet
  facet normal 0 -0.583220541477 0.812313854694
    outer loop
      vertex 7.98892879486 14.7675333023 1.17604804039
      vertex 7.97476100922 14.7675333023 1.17604804039
      vertex 7.98892879486 14.7818927765 1.15604805946
    endloop
  endfacet
  facet normal 0 -0.583220541477 0.812313854694
    outer loop
      vertex 8.00309753418 14.7818927765 1.15604805946
      vertex 7.98892879486 14.7675333023 1.17604804039
      vertex 7.98892879486 14.7818927765 1.15604805946
    endloop
  endfacet
  facet normal 0 -0.583220541477 0.812313854694
    outer loop
      vertex 8.00309753418 14.7675333023 1.17604804039
      vertex 7.98892879486 14.7675333023 1.17604804039
      vertex 8.00309753418 14.7818927765 1.15604805946
    endloop
  endfacet
  facet normal -0.635629296303 -0.450242996216 0.627101778984
    outer loop
      vertex 8.01726436615 14.7675333023 1.15604805946
      vertex 8.00309753418 14.7675333023 1.17604804039
      vertex 8.00309753418 14.7818927765 1.15604805946
    endloop
  endfacet
  facet normal 1 -0 0
    outer loop
      vertex 8.27228355408 14.7675333023 1.15604805946
      vertex 8.27228355408 14.7818927765 1.15604805946
      vertex 8.27228355408 14.7675333023 1.17604804039
    endloop
  endfacet
  facet normal 1 0 0
    outer loop
      vertex 8.27228355408 14.7675333023 1.17604804039
      vertex 8.27228355408 14.7818927765 1.15604805946
      vertex 8.27228355408 14.7818927765 1.17604804039
    endloop
  endfacet
  facet normal -1 0 0
    outer loop
      vertex 7.94642591476 14.7962532043 1.15604805946
      vertex 7.94642591476 14.7818927765 1.17604804039
      vertex 7.94642591476 14.7962532043 1.17604804039
    endloop
  endfacet
  facet normal 0 -0.58324611187 0.812295496464
    outer loop
      vertex 7.96059417725 14.7962532043 1.15604805946
      vertex 7.94642591476 14.7818927765 1.17604804039
      vertex 7.94642591476 14.7962532043 1.15604805946
    endloop
  endfacet
  facet normal 0 -0.58324611187 0.812295496464
    outer loop
      vertex 7.96059417725 14.7818927765 1.17604804039
      vertex 7.94642591476 14.7818927765 1.17604804039
      vertex 7.96059417725 14.7962532043 1.15604805946
    endloop
  endfacet
  facet normal -0.635645747185 -0.450254827738 0.627076625824
    outer loop
      vertex 7.97476100922 14.7818927765 1.15604805946
      vertex 7.96059417725 14.7818927765 1.17604804039
      vertex 7.96059417725 14.7962532043 1.15604805946
    endloop
  endfacet
  facet normal 0.635620355606 0.45026704669 -0.627093613148
    outer loop
      vertex 8.27228355408 14.7962532043 1.15604805946
      vertex 8.25811576843 14.7962532043 1.17604804039
      vertex 8.27228355408 14.7818927765 1.17604804039
    endloop
  endfacet
  facet normal 1 0 0
    outer loop
      vertex 8.27228355408 14.7962532043 1.15604805946
      vertex 8.27228355408 14.7818927765 1.17604804039
      vertex 8.27228355408 14.7818927765 1.15604805946
    endloop
  endfacet
  facet normal -1 0 0
    outer loop
      vertex 7.94642591476 14.7962532043 1.15604805946
      vertex 7.94642591476 14.7962532043 1.17604804039
      vertex 7.94642591476 14.8106126785 1.15604805946
    endloop
  endfacet
  facet normal -1 0 -0
    outer loop
      vertex 7.94642591476 14.7962532043 1.17604804039
      vertex 7.94642591476 14.8106126785 1.17604804039
      vertex 7.94642591476 14.8106126785 1.15604805946
    endloop
  endfacet
  facet normal 0.816002726555 0.578048110008 -0
    outer loop
      vertex 8.27228355408 14.8106126785 1.15604805946
      vertex 8.25811576843 14.7962532043 1.17604804039
      vertex 8.27228355408 14.7962532043 1.15604805946
    endloop
  endfacet
  facet normal 0.816002726555 0.578048110008 -0
    outer loop
      vertex 8.25811576843 14.8106126785 1.17604804039
      vertex 8.25811576843 14.7962532043 1.17604804039
      vertex 8.27228355408 14.8106126785 1.15604805946
    endloop
  endfacet
  facet normal -1 0 0
    outer loop
      vertex 7.94642591476 14.8106126785 1.15604805946
      vertex 7.94642591476 14.8106126785 1.17604804039
      vertex 7.94642591476 14.8249721527 1.15604805946
    endloop
  endfacet
  facet normal -1 0 -0
    outer loop
      vertex 7.94642591476 14.8106126785 1.17604804039
      vertex 7.94642591476 14.8249721527 1.17604804039
      vertex 7.94642591476 14.8249721527 1.15604805946
    endloop
  endfacet
  facet normal 0.635603785515 0.450255334377 -0.627118766308
    outer loop
      vertex 8.25811576843 14.8249721527 1.15604805946
      vertex 8.24394798279 14.8249721527 1.17604804039
      vertex 8.25811576843 14.8106126785 1.17604804039
    endloop
  endfacet
  facet normal 0.635603785515 0.450255334377 -0.627118766308
    outer loop
      vertex 8.25811576843 14.8106126785 1.17604804039
      vertex 8.27228355408 14.8106126785 1.15604805946
      vertex 8.25811576843 14.8249721527 1.15604805946
    endloop
  endfacet
  facet normal 0 1 0
    outer loop
      vertex 8.27228355408 14.8106126785 1.15604805946
      vertex 8.27228355408 14.8249721527 1.15604805946
      vertex 8.25811576843 14.8249721527 1.15604805946
    endloop
  endfacet
  facet normal -1 0 0
    outer loop
      vertex 7.94642591476 14.8249721527 1.15604805946
      vertex 7.94642591476 14.8249721527 1.17604804039
      vertex 7.94642591476 14.8393316269 1.15604805946
    endloop
  endfacet
  facet normal -1 0 -0
    outer loop
      vertex 7.94642591476 14.8249721527 1.17604804039
      vertex 7.94642591476 14.8393316269 1.17604804039
      vertex 7.94642591476 14.8393316269 1.15604805946
    endloop
  endfacet
  facet normal 0.635603487492 0.450255334377 -0.627119064331
    outer loop
      vertex 8.22978019714 14.8393316269 1.15604805946
      vertex 8.2156124115 14.8393316269 1.17604804039
      vertex 8.22978019714 14.8249721527 1.17604804039
    endloop
  endfacet
  facet normal 0 0.583220481873 -0.812313914299
    outer loop
      vertex 8.22978019714 14.8393316269 1.15604805946
      vertex 8.24394798279 14.8249721527 1.17604804039
      vertex 8.24394798279 14.8393316269 1.15604805946
    endloop
  endfacet
  facet normal 0 0.583220481873 -0.812313914299
    outer loop
      vertex 8.22978019714 14.8249721527 1.17604804039
      vertex 8.24394798279 14.8249721527 1.17604804039
      vertex 8.22978019714 14.8393316269 1.15604805946
    endloop
  endfacet
  facet normal 0.635603666306 0.45025524497 -0.627118945122
    outer loop
      vertex 8.24394798279 14.8249721527 1.17604804039
      vertex 8.25811576843 14.8249721527 1.15604805946
      vertex 8.24394798279 14.8393316269 1.15604805946
    endloop
  endfacet
  facet normal 0 1 0
    outer loop
      vertex 8.25811576843 14.8249721527 1.15604805946
      vertex 8.25811576843 14.8393316269 1.15604805946
      vertex 8.24394798279 14.8393316269 1.15604805946
    endloop
  endfacet
  facet normal 0 1 0
    outer loop
      vertex 8.27228355408 14.8249721527 1.15604805946
      vertex 8.25811576843 14.8393316269 1.15604805946
      vertex 8.25811576843 14.8249721527 1.15604805946
    endloop
  endfacet
  facet normal -1 0 0
    outer loop
      vertex 7.94642591476 14.8393316269 1.15604805946
      vertex 7.94642591476 14.8393316269 1.17604804039
      vertex 7.94642591476 14.8536920547 1.15604805946
    endloop
  endfacet
  facet normal -1 0 -0
    outer loop
      vertex 7.94642591476 14.8393316269 1.17604804039
      vertex 7.94642591476 14.8536920547 1.17604804039
      vertex 7.94642591476 14.8536920547 1.15604805946
    endloop
  endfacet
  facet normal 0.635620355606 0.45026704669 -0.627093613148
    outer loop
      vertex 8.17310905457 14.8536920547 1.15604805946
      vertex 8.15894126892 14.8536920547 1.17604804039
      vertex 8.17310905457 14.8393316269 1.17604804039
    endloop
  endfacet
  facet normal 0 0.58324611187 -0.812295496464
    outer loop
      vertex 8.17310905457 14.8536920547 1.15604805946
      vertex 8.18727684021 14.8393316269 1.17604804039
      vertex 8.18727684021 14.8536920547 1.15604805946
    endloop
  endfacet
  facet normal 0 0.58324611187 -0.812295496464
    outer loop
      vertex 8.17310905457 14.8393316269 1.17604804039
      vertex 8.18727684021 14.8393316269 1.17604804039
      vertex 8.17310905457 14.8536920547 1.15604805946
    endloop
  endfacet
  facet normal 0 0.58324611187 -0.812295496464
    outer loop
      vertex 8.18727684021 14.8536920547 1.15604805946
      vertex 8.20144462585 14.8393316269 1.17604804039
      vertex 8.20144462585 14.8536920547 1.15604805946
    endloop
  endfacet
  facet normal 0 0.58324611187 -0.812295496464
    outer loop
      vertex 8.18727684021 14.8393316269 1.17604804039
      vertex 8.20144462585 14.8393316269 1.17604804039
      vertex 8.18727684021 14.8536920547 1.15604805946
    endloop
  endfacet
  facet normal 0 0.58324611187 -0.812295496464
    outer loop
      vertex 8.20144462585 14.8536920547 1.15604805946
      vertex 8.2156124115 14.8393316269 1.17604804039
      vertex 8.2156124115 14.8536920547 1.15604805946
    endloop
  endfacet
  facet normal 0 0.58324611187 -0.812295496464
    outer loop
      vertex 8.20144462585 14.8393316269 1.17604804039
      vertex 8.2156124115 14.8393316269 1.17604804039
      vertex 8.20144462585 14.8536920547 1.15604805946
    endloop
  endfacet
  facet normal 0.635620176792 0.450267106295 -0.627093732357
    outer loop
      vertex 8.2156124115 14.8393316269 1.17604804039
      vertex 8.22978019714 14.8393316269 1.15604805946
      vertex 8.2156124115 14.8536920547 1.15604805946
    endloop
  endfacet
  facet normal 0 1 0
    outer loop
      vertex 8.22978019714 14.8393316269 1.15604805946
      vertex 8.22978019714 14.8536920547 1.15604805946
      vertex 8.2156124115 14.8536920547 1.15604805946
    endloop
  endfacet
  facet normal 0 1 0
    outer loop
      vertex 8.24394798279 14.8393316269 1.15604805946
      vertex 8.24394798279 14.8536920547 1.15604805946
      vertex 8.22978019714 14.8393316269 1.15604805946
    endloop
  endfacet
  facet normal 0 1 0
    outer loop
      vertex 8.24394798279 14.8536920547 1.15604805946
      vertex 8.22978019714 14.8536920547 1.15604805946
      vertex 8.22978019714 14.8393316269 1.15604805946
    endloop
  endfacet
  facet normal 0 1 0
    outer loop
      vertex 8.25811576843 14.8393316269 1.15604805946
      vertex 8.25811576843 14.8536920547 1.15604805946
      vertex 8.24394798279 14.8393316269 1.15604805946
    endloop
  endfacet
  facet normal 0 1 0
    outer loop
      vertex 8.25811576843 14.8536920547 1.15604805946
      vertex 8.24394798279 14.8536920547 1.15604805946
      vertex 8.24394798279 14.8393316269 1.15604805946
    endloop
  endfacet
  facet normal -1 0 0
    outer loop
      vertex 7.94642591476 14.8536920547 1.15604805946
      vertex 7.94642591476 14.8536920547 1.17604804039
      vertex 7.94642591476 14.8680515289 1.15604805946
    endloop
  endfacet
  facet normal -1 0 -0
    outer loop
      vertex 7.94642591476 14.8536920547 1.17604804039
      vertex 7.94642591476 14.8680515289 1.17604804039
      vertex 7.94642591476 14.8680515289 1.15604805946
    endloop
  endfacet
  facet normal 0.635603785515 0.450255334377 -0.627118766308
    outer loop
      vertex 8.11643886566 14.8680515289 1.15604805946
      vertex 8.10227108002 14.8680515289 1.17604804039
      vertex 8.11643886566 14.8536920547 1.17604804039
    endloop
  endfacet
  facet normal 0 0.583220660686 -0.81231379509
    outer loop
      vertex 8.11643886566 14.8680515289 1.15604805946
      vertex 8.13060665131 14.8536920547 1.17604804039
      vertex 8.13060665131 14.8680515289 1.15604805946
    endloop
  endfacet
  facet normal 0 0.583220660686 -0.81231379509
    outer loop
      vertex 8.11643886566 14.8536920547 1.17604804039
      vertex 8.13060665131 14.8536920547 1.17604804039
      vertex 8.11643886566 14.8680515289 1.15604805946
    endloop
  endfacet
  facet normal 0 0.583220660686 -0.81231379509
    outer loop
      vertex 8.13060665131 14.8680515289 1.15604805946
      vertex 8.1447725296 14.8536920547 1.17604804039
      vertex 8.1447725296 14.8680515289 1.15604805946
    endloop
  endfacet
  facet normal 0 0.583220660686 -0.81231379509
    outer loop
      vertex 8.13060665131 14.8536920547 1.17604804039
      vertex 8.1447725296 14.8536920547 1.17604804039
      vertex 8.13060665131 14.8680515289 1.15604805946
    endloop
  endfacet
  facet normal 0 0.583220660686 -0.81231379509
    outer loop
      vertex 8.1447725296 14.8680515289 1.15604805946
      vertex 8.15894126892 14.8536920547 1.17604804039
      vertex 8.15894126892 14.8680515289 1.15604805946
    endloop
  endfacet
  facet normal 0 0.583220660686 -0.81231379509
    outer loop
      vertex 8.1447725296 14.8536920547 1.17604804039
      vertex 8.15894126892 14.8536920547 1.17604804039
      vertex 8.1447725296 14.8680515289 1.15604805946
    endloop
  endfacet
  facet normal 0.635603785515 0.450255334377 -0.627118766308
    outer loop
      vertex 8.15894126892 14.8536920547 1.17604804039
      vertex 8.17310905457 14.8536920547 1.15604805946
      vertex 8.15894126892 14.8680515289 1.15604805946
    endloop
  endfacet
  facet normal 0 1 0
    outer loop
      vertex 8.17310905457 14.8536920547 1.15604805946
      vertex 8.17310905457 14.8680515289 1.15604805946
      vertex 8.15894126892 14.8680515289 1.15604805946
    endloop
  endfacet
  facet normal 0 1 0
    outer loop
      vertex 8.18727684021 14.8536920547 1.15604805946
      vertex 8.18727684021 14.8680515289 1.15604805946
      vertex 8.17310905457 14.8536920547 1.15604805946
    endloop
  endfacet
  facet normal 0 1 0
    outer loop
      vertex 8.18727684021 14.8680515289 1.15604805946
      vertex 8.17310905457 14.8680515289 1.15604805946
      vertex 8.17310905457 14.8536920547 1.15604805946
    endloop
  endfacet
  facet normal 0 1 0
    outer loop
      vertex 8.20144462585 14.8536920547 1.15604805946
      vertex 8.20144462585 14.8680515289 1.15604805946
      vertex 8.18727684021 14.8536920547 1.15604805946
    endloop
  endfacet
  facet normal 0 1 0
    outer loop
      vertex 8.20144462585 14.8680515289 1.15604805946
      vertex 8.18727684021 14.8680515289 1.15604805946
      vertex 8.18727684021 14.8536920547 1.15604805946
    endloop
  endfacet
  facet normal 0 1 0
    outer loop
      vertex 8.2156124115 14.8536920547 1.15604805946
      vertex 8.2156124115 14.8680515289 1.15604805946
      vertex 8.20144462585 14.8536920547 1.15604805946
    endloop
  endfacet
  facet normal 0 1 0
    outer loop
      vertex 8.2156124115 14.8680515289 1.15604805946
      vertex 8.20144462585 14.8680515289 1.15604805946
      vertex 8.20144462585 14.8536920547 1.15604805946
    endloop
  endfacet
  facet normal 0 1 0
    outer loop
      vertex 8.22978019714 14.8536920547 1.15604805946
      vertex 8.22978019714 14.8680515289 1.15604805946
      vertex 8.2156124115 14.8536920547 1.15604805946
    endloop
  endfacet
  facet normal 0 1 0
    outer loop
      vertex 8.22978019714 14.8680515289 1.15604805946
      vertex 8.2156124115 14.8680515289 1.15604805946
      vertex 8.2156124115 14.8536920547 1.15604805946
    endloop
  endfacet
  facet normal 0 1 0
    outer loop
      vertex 8.24394798279 14.8536920547 1.15604805946
      vertex 8.24394798279 14.8680515289 1.15604805946
      vertex 8.22978019714 14.8536920547 1.15604805946
    endloop
  endfacet
  facet normal 0 1 0
    outer loop
      vertex 8.24394798279 14.8680515289 1.15604805946
      vertex 8.22978019714 14.8680515289 1.15604805946
      vertex 8.22978019714 14.8536920547 1.15604805946
    endloop
  endfacet
  facet normal 0 1 0
    outer loop
      vertex 8.25811576843 14.8536920547 1.15604805946
      vertex 8.25811576843 14.8680515289 1.15604805946
      vertex 8.24394798279 14.8536920547 1.15604805946
    endloop
  endfacet
  facet normal 0 1 0
    outer loop
      vertex 8.25811576843 14.8680515289 1.15604805946
      vertex 8.24394798279 14.8680515289 1.15604805946
      vertex 8.24394798279 14.8536920547 1.15604805946
    endloop
  endfacet
  facet normal -0.711830437183 -0 -0.702351331711
    outer loop
      vertex 7.94642591476 14.8680515289 1.17604804039
      vertex 7.96059417725 14.8824110031 1.15604805946
      vertex 7.94642591476 14.8680515289 1.15604805946
    endloop
  endfacet
  facet normal -0.711830437183 -0 -0.702351331711
    outer loop
      vertex 7.96059417725 14.8824110031 1.17604804039
      vertex 7.96059417725 14.8824110031 1.15604805946
      vertex 7.94642591476 14.8680515289 1.17604804039
    endloop
  endfacet
  facet normal 0.635603785515 0.450255334377 -0.627118766308
    outer loop
      vertex 7.98892879486 14.8824110031 1.15604805946
      vertex 7.97476100922 14.8824110031 1.17604804039
      vertex 7.98892879486 14.8680515289 1.17604804039
    endloop
  endfacet
  facet normal 0 0.583220660686 -0.81231379509
    outer loop
      vertex 7.98892879486 14.8824110031 1.15604805946
      vertex 8.00309753418 14.8680515289 1.17604804039
      vertex 8.00309753418 14.8824110031 1.15604805946
    endloop
  endfacet
  facet normal 0 0.583220660686 -0.81231379509
    outer loop
      vertex 7.98892879486 14.8680515289 1.17604804039
      vertex 8.00309753418 14.8680515289 1.17604804039
      vertex 7.98892879486 14.8824110031 1.15604805946
    endloop
  endfacet
  facet normal 0 0.583220660686 -0.81231379509
    outer loop
      vertex 8.00309753418 14.8824110031 1.15604805946
      vertex 8.01726436615 14.8680515289 1.17604804039
      vertex 8.01726436615 14.8824110031 1.15604805946
    endloop
  endfacet
  facet normal 0 0.583220660686 -0.81231379509
    outer loop
      vertex 8.00309753418 14.8680515289 1.17604804039
      vertex 8.01726436615 14.8680515289 1.17604804039
      vertex 8.00309753418 14.8824110031 1.15604805946
    endloop
  endfacet
  facet normal 0 0.583220660686 -0.81231379509
    outer loop
      vertex 8.01726436615 14.8824110031 1.15604805946
      vertex 8.03143215179 14.8680515289 1.17604804039
      vertex 8.03143215179 14.8824110031 1.15604805946
    endloop
  endfacet
  facet normal 0 0.583220660686 -0.81231379509
    outer loop
      vertex 8.01726436615 14.8680515289 1.17604804039
      vertex 8.03143215179 14.8680515289 1.17604804039
      vertex 8.01726436615 14.8824110031 1.15604805946
    endloop
  endfacet
  facet normal 0 0.583220660686 -0.81231379509
    outer loop
      vertex 8.03143215179 14.8824110031 1.15604805946
      vertex 8.04559993744 14.8680515289 1.17604804039
      vertex 8.04559993744 14.8824110031 1.15604805946
    endloop
  endfacet
  facet normal 0 0.583220660686 -0.81231379509
    outer loop
      vertex 8.03143215179 14.8680515289 1.17604804039
      vertex 8.04559993744 14.8680515289 1.17604804039
      vertex 8.03143215179 14.8824110031 1.15604805946
    endloop
  endfacet
  facet normal 0 0.583220660686 -0.81231379509
    outer loop
      vertex 8.04559993744 14.8824110031 1.15604805946
      vertex 8.05976772308 14.8680515289 1.17604804039
      vertex 8.05976772308 14.8824110031 1.15604805946
    endloop
  endfacet
  facet normal 0 0.583220660686 -0.81231379509
    outer loop
      vertex 8.04559993744 14.8680515289 1.17604804039
      vertex 8.05976772308 14.8680515289 1.17604804039
      vertex 8.04559993744 14.8824110031 1.15604805946
    endloop
  endfacet
  facet normal 0 0.583220660686 -0.81231379509
    outer loop
      vertex 8.05976772308 14.8824110031 1.15604805946
      vertex 8.0739364624 14.8680515289 1.17604804039
      vertex 8.0739364624 14.8824110031 1.15604805946
    endloop
  endfacet
  facet normal 0 0.583220660686 -0.81231379509
    outer loop
      vertex 8.05976772308 14.8680515289 1.17604804039
      vertex 8.0739364624 14.8680515289 1.17604804039
      vertex 8.05976772308 14.8824110031 1.15604805946
    endloop
  endfacet
  facet normal 0 0.583220660686 -0.81231379509
    outer loop
      vertex 8.0739364624 14.8824110031 1.15604805946
      vertex 8.08810329437 14.8680515289 1.17604804039
      vertex 8.08810329437 14.8824110031 1.15604805946
    endloop
  endfacet
  facet normal 0 0.583220660686 -0.81231379509
    outer loop
      vertex 8.0739364624 14.8680515289 1.17604804039
      vertex 8.08810329437 14.8680515289 1.17604804039
      vertex 8.0739364624 14.8824110031 1.15604805946
    endloop
  endfacet
  facet normal 0 0.583220660686 -0.81231379509
    outer loop
      vertex 8.08810329437 14.8824110031 1.15604805946
      vertex 8.10227108002 14.8680515289 1.17604804039
      vertex 8.10227108002 14.8824110031 1.15604805946
    endloop
  endfacet
  facet normal 0 0.583220660686 -0.81231379509
    outer loop
      vertex 8.08810329437 14.8680515289 1.17604804039
      vertex 8.10227108002 14.8680515289 1.17604804039
      vertex 8.08810329437 14.8824110031 1.15604805946
    endloop
  endfacet
  facet normal 0.635603785515 0.450255334377 -0.627118766308
    outer loop
      vertex 8.10227108002 14.8680515289 1.17604804039
      vertex 8.11643886566 14.8680515289 1.15604805946
      vertex 8.10227108002 14.8824110031 1.15604805946
    endloop
  endfacet
  facet normal 0 1 0
    outer loop
      vertex 8.11643886566 14.8680515289 1.15604805946
      vertex 8.11643886566 14.8824110031 1.15604805946
      vertex 8.10227108002 14.8824110031 1.15604805946
    endloop
  endfacet
  facet normal 0 1 0
    outer loop
      vertex 8.13060665131 14.8680515289 1.15604805946
      vertex 8.13060665131 14.8824110031 1.15604805946
      vertex 8.11643886566 14.8680515289 1.15604805946
    endloop
  endfacet
  facet normal 0 1 0
    outer loop
      vertex 8.13060665131 14.8824110031 1.15604805946
      vertex 8.11643886566 14.8824110031 1.15604805946
      vertex 8.11643886566 14.8680515289 1.15604805946
    endloop
  endfacet
  facet normal 0 1 0
    outer loop
      vertex 8.1447725296 14.8680515289 1.15604805946
      vertex 8.1447725296 14.8824110031 1.15604805946
      vertex 8.13060665131 14.8680515289 1.15604805946
    endloop
  endfacet
  facet normal 0 1 0
    outer loop
      vertex 8.1447725296 14.8824110031 1.15604805946
      vertex 8.13060665131 14.8824110031 1.15604805946
      vertex 8.13060665131 14.8680515289 1.15604805946
    endloop
  endfacet
  facet normal 0 1 0
    outer loop
      vertex 8.15894126892 14.8680515289 1.15604805946
      vertex 8.15894126892 14.8824110031 1.15604805946
      vertex 8.1447725296 14.8680515289 1.15604805946
    endloop
  endfacet
  facet normal 0 1 0
    outer loop
      vertex 8.15894126892 14.8824110031 1.15604805946
      vertex 8.1447725296 14.8824110031 1.15604805946
      vertex 8.1447725296 14.8680515289 1.15604805946
    endloop
  endfacet
  facet normal 0 1 0
    outer loop
      vertex 8.17310905457 14.8680515289 1.15604805946
      vertex 8.17310905457 14.8824110031 1.15604805946
      vertex 8.15894126892 14.8680515289 1.15604805946
    endloop
  endfacet
  facet normal 0 1 0
    outer loop
      vertex 8.17310905457 14.8824110031 1.15604805946
      vertex 8.15894126892 14.8824110031 1.15604805946
      vertex 8.15894126892 14.8680515289 1.15604805946
    endloop
  endfacet
  facet normal 0 1 0
    outer loop
      vertex 8.18727684021 14.8680515289 1.15604805946
      vertex 8.18727684021 14.8824110031 1.15604805946
      vertex 8.17310905457 14.8680515289 1.15604805946
    endloop
  endfacet
  facet normal 0 1 0
    outer loop
      vertex 8.18727684021 14.8824110031 1.15604805946
      vertex 8.17310905457 14.8824110031 1.15604805946
      vertex 8.17310905457 14.8680515289 1.15604805946
    endloop
  endfacet
  facet normal 0 1 0
    outer loop
      vertex 8.20144462585 14.8680515289 1.15604805946
      vertex 8.20144462585 14.8824110031 1.15604805946
      vertex 8.18727684021 14.8680515289 1.15604805946
    endloop
  endfacet
  facet normal 0 1 0
    outer loop
      vertex 8.20144462585 14.8824110031 1.15604805946
      vertex 8.18727684021 14.8824110031 1.15604805946
      vertex 8.18727684021 14.8680515289 1.15604805946
    endloop
  endfacet
  facet normal 0 1 0
    outer loop
      vertex 8.2156124115 14.8680515289 1.15604805946
      vertex 8.2156124115 14.8824110031 1.15604805946
      vertex 8.20144462585 14.8680515289 1.15604805946
    endloop
  endfacet
  facet normal 0 1 0
    outer loop
      vertex 8.2156124115 14.8824110031 1.15604805946
      vertex 8.20144462585 14.8824110031 1.15604805946
      vertex 8.20144462585 14.8680515289 1.15604805946
    endloop
  endfacet
  facet normal 0 1 0
    outer loop
      vertex 8.22978019714 14.8680515289 1.15604805946
      vertex 8.2156124115 14.8824110031 1.15604805946
      vertex 8.2156124115 14.8680515289 1.15604805946
    endloop
  endfacet
  facet normal -0.635612428188 0.450231254101 -0.627127289772
    outer loop
      vertex 7.97476100922 14.8967695236 1.15604805946
      vertex 7.96059417725 14.8824110031 1.15604805946
      vertex 7.97476100922 14.8824110031 1.17604804039
    endloop
  endfacet
  facet normal 0 0 -1
    outer loop
      vertex 7.96059417725 14.8824110031 1.15604805946
      vertex 7.96059417725 14.8824110031 1.17604804039
      vertex 7.97476100922 14.8824110031 1.17604804039
    endloop
  endfacet
  facet normal 0.63558703661 0.450243443251 -0.627144277096
    outer loop
      vertex 7.97476100922 14.8824110031 1.17604804039
      vertex 7.98892879486 14.8824110031 1.15604805946
      vertex 7.97476100922 14.8967695236 1.15604805946
    endloop
  endfacet
  facet normal 0 1 0
    outer loop
      vertex 7.98892879486 14.8824110031 1.15604805946
      vertex 7.98892879486 14.8967695236 1.15604805946
      vertex 7.97476100922 14.8967695236 1.15604805946
    endloop
  endfacet
  facet normal 0 1 0
    outer loop
      vertex 8.00309753418 14.8824110031 1.15604805946
      vertex 8.00309753418 14.8967695236 1.15604805946
      vertex 7.98892879486 14.8824110031 1.15604805946
    endloop
  endfacet
  facet normal 0 1 0
    outer loop
      vertex 8.00309753418 14.8967695236 1.15604805946
      vertex 7.98892879486 14.8967695236 1.15604805946
      vertex 7.98892879486 14.8824110031 1.15604805946
    endloop
  endfacet
  facet normal 0 1 0
    outer loop
      vertex 8.01726436615 14.8824110031 1.15604805946
      vertex 8.01726436615 14.8967695236 1.15604805946
      vertex 8.00309753418 14.8824110031 1.15604805946
    endloop
  endfacet
  facet normal 0 1 0
    outer loop
      vertex 8.01726436615 14.8967695236 1.15604805946
      vertex 8.00309753418 14.8967695236 1.15604805946
      vertex 8.00309753418 14.8824110031 1.15604805946
    endloop
  endfacet
  facet normal 0 1 0
    outer loop
      vertex 8.03143215179 14.8824110031 1.15604805946
      vertex 8.03143215179 14.8967695236 1.15604805946
      vertex 8.01726436615 14.8824110031 1.15604805946
    endloop
  endfacet
  facet normal 0 1 0
    outer loop
      vertex 8.03143215179 14.8967695236 1.15604805946
      vertex 8.01726436615 14.8967695236 1.15604805946
      vertex 8.01726436615 14.8824110031 1.15604805946
    endloop
  endfacet
  facet normal 0 1 0
    outer loop
      vertex 8.04559993744 14.8824110031 1.15604805946
      vertex 8.04559993744 14.8967695236 1.15604805946
      vertex 8.03143215179 14.8824110031 1.15604805946
    endloop
  endfacet
  facet normal 0 1 0
    outer loop
      vertex 8.04559993744 14.8967695236 1.15604805946
      vertex 8.03143215179 14.8967695236 1.15604805946
      vertex 8.03143215179 14.8824110031 1.15604805946
    endloop
  endfacet
  facet normal 0 1 0
    outer loop
      vertex 8.05976772308 14.8824110031 1.15604805946
      vertex 8.05976772308 14.8967695236 1.15604805946
      vertex 8.04559993744 14.8824110031 1.15604805946
    endloop
  endfacet
  facet normal 0 1 0
    outer loop
      vertex 8.05976772308 14.8967695236 1.15604805946
      vertex 8.04559993744 14.8967695236 1.15604805946
      vertex 8.04559993744 14.8824110031 1.15604805946
    endloop
  endfacet
  facet normal 0 1 0
    outer loop
      vertex 8.0739364624 14.8824110031 1.15604805946
      vertex 8.0739364624 14.8967695236 1.15604805946
      vertex 8.05976772308 14.8824110031 1.15604805946
    endloop
  endfacet
  facet normal 0 1 0
    outer loop
      vertex 8.0739364624 14.8967695236 1.15604805946
      vertex 8.05976772308 14.8967695236 1.15604805946
      vertex 8.05976772308 14.8824110031 1.15604805946
    endloop
  endfacet
  facet normal 0 1 0
    outer loop
      vertex 8.08810329437 14.8824110031 1.15604805946
      vertex 8.08810329437 14.8967695236 1.15604805946
      vertex 8.0739364624 14.8824110031 1.15604805946
    endloop
  endfacet
  facet normal 0 1 0
    outer loop
      vertex 8.08810329437 14.8967695236 1.15604805946
      vertex 8.0739364624 14.8967695236 1.15604805946
      vertex 8.0739364624 14.8824110031 1.15604805946
    endloop
  endfacet
  facet normal 0 1 0
    outer loop
      vertex 8.10227108002 14.8824110031 1.15604805946
      vertex 8.10227108002 14.8967695236 1.15604805946
      vertex 8.08810329437 14.8824110031 1.15604805946
    endloop
  endfacet
  facet normal 0 1 0
    outer loop
      vertex 8.10227108002 14.8967695236 1.15604805946
      vertex 8.08810329437 14.8967695236 1.15604805946
      vertex 8.08810329437 14.8824110031 1.15604805946
    endloop
  endfacet
  facet normal 0 1 0
    outer loop
      vertex 8.11643886566 14.8824110031 1.15604805946
      vertex 8.11643886566 14.8967695236 1.15604805946
      vertex 8.10227108002 14.8824110031 1.15604805946
    endloop
  endfacet
  facet normal 0 1 0
    outer loop
      vertex 8.11643886566 14.8967695236 1.15604805946
      vertex 8.10227108002 14.8967695236 1.15604805946
      vertex 8.10227108002 14.8824110031 1.15604805946
    endloop
  endfacet
  facet normal 0 1 0
    outer loop
      vertex 8.13060665131 14.8824110031 1.15604805946
      vertex 8.13060665131 14.8967695236 1.15604805946
      vertex 8.11643886566 14.8824110031 1.15604805946
    endloop
  endfacet
  facet normal 0 1 0
    outer loop
      vertex 8.13060665131 14.8967695236 1.15604805946
      vertex 8.11643886566 14.8967695236 1.15604805946
      vertex 8.11643886566 14.8824110031 1.15604805946
    endloop
  endfacet
  facet normal 0 1 0
    outer loop
      vertex 8.1447725296 14.8824110031 1.15604805946
      vertex 8.1447725296 14.8967695236 1.15604805946
      vertex 8.13060665131 14.8824110031 1.15604805946
    endloop
  endfacet
  facet normal 0 1 0
    outer loop
      vertex 8.1447725296 14.8967695236 1.15604805946
      vertex 8.13060665131 14.8967695236 1.15604805946
      vertex 8.13060665131 14.8824110031 1.15604805946
    endloop
  endfacet
  facet normal 0 1 0
    outer loop
      vertex 8.15894126892 14.8824110031 1.15604805946
      vertex 8.1447725296 14.8967695236 1.15604805946
      vertex 8.1447725296 14.8824110031 1.15604805946
    endloop
  endfacet
  facet normal 0 1 0
    outer loop
      vertex 7.98892879486 14.8967695236 1.15604805946
      vertex 7.98892879486 14.9111309052 1.15604805946
      vertex 7.97476100922 14.8967695236 1.15604805946
    endloop
  endfacet
  facet normal 0 1 0
    outer loop
      vertex 7.98892879486 14.9111309052 1.15604805946
      vertex 7.97476100922 14.9111309052 1.15604805946
      vertex 7.97476100922 14.8967695236 1.15604805946
    endloop
  endfacet
  facet normal 0 1 0
    outer loop
      vertex 8.00309753418 14.8967695236 1.15604805946
      vertex 8.00309753418 14.9111309052 1.15604805946
      vertex 7.98892879486 14.8967695236 1.15604805946
    endloop
  endfacet
  facet normal 0 1 0
    outer loop
      vertex 8.00309753418 14.9111309052 1.15604805946
      vertex 7.98892879486 14.9111309052 1.15604805946
      vertex 7.98892879486 14.8967695236 1.15604805946
    endloop
  endfacet
  facet normal 0 1 0
    outer loop
      vertex 8.01726436615 14.8967695236 1.15604805946
      vertex 8.01726436615 14.9111309052 1.15604805946
      vertex 8.00309753418 14.8967695236 1.15604805946
    endloop
  endfacet
  facet normal 0 1 0
    outer loop
      vertex 8.01726436615 14.9111309052 1.15604805946
      vertex 8.00309753418 14.9111309052 1.15604805946
      vertex 8.00309753418 14.8967695236 1.15604805946
    endloop
  endfacet
  facet normal 0 1 0
    outer loop
      vertex 8.03143215179 14.8967695236 1.15604805946
      vertex 8.03143215179 14.9111309052 1.15604805946
      vertex 8.01726436615 14.8967695236 1.15604805946
    endloop
  endfacet
  facet normal 0 1 0
    outer loop
      vertex 8.03143215179 14.9111309052 1.15604805946
      vertex 8.01726436615 14.9111309052 1.15604805946
      vertex 8.01726436615 14.8967695236 1.15604805946
    endloop
  endfacet
  facet normal 0 1 0
    outer loop
      vertex 8.04559993744 14.8967695236 1.15604805946
      vertex 8.04559993744 14.9111309052 1.15604805946
      vertex 8.03143215179 14.8967695236 1.15604805946
    endloop
  endfacet
  facet normal 0 1 0
    outer loop
      vertex 8.04559993744 14.9111309052 1.15604805946
      vertex 8.03143215179 14.9111309052 1.15604805946
      vertex 8.03143215179 14.8967695236 1.15604805946
    endloop
  endfacet
  facet normal 0 1 0
    outer loop
      vertex 8.05976772308 14.8967695236 1.15604805946
      vertex 8.05976772308 14.9111309052 1.15604805946
      vertex 8.04559993744 14.8967695236 1.15604805946
    endloop
  endfacet
  facet normal 0 1 0
    outer loop
      vertex 8.05976772308 14.9111309052 1.15604805946
      vertex 8.04559993744 14.9111309052 1.15604805946
      vertex 8.04559993744 14.8967695236 1.15604805946
    endloop
  endfacet
  facet normal 0 1 0
    outer loop
      vertex 8.0739364624 14.8967695236 1.15604805946
      vertex 8.0739364624 14.9111309052 1.15604805946
      vertex 8.05976772308 14.8967695236 1.15604805946
    endloop
  endfacet
  facet normal 0 1 0
    outer loop
      vertex 8.0739364624 14.9111309052 1.15604805946
      vertex 8.05976772308 14.9111309052 1.15604805946
      vertex 8.05976772308 14.8967695236 1.15604805946
    endloop
  endfacet
  facet normal 0 1 0
    outer loop
      vertex 8.08810329437 14.8967695236 1.15604805946
      vertex 8.0739364624 14.9111309052 1.15604805946
      vertex 8.0739364624 14.8967695236 1.15604805946
    endloop
  endfacet
  facet normal 0 -1 -0
    outer loop
      vertex 8.18727684021 14.6382961273 1.19604802132
      vertex 8.17310905457 14.6526556015 1.19604802132
      vertex 8.18727684021 14.6526556015 1.19604802132
    endloop
  endfacet
  facet normal -0 -1 -0
    outer loop
      vertex 8.20144462585 14.6382961273 1.19604802132
      vertex 8.18727684021 14.6382961273 1.19604802132
      vertex 8.20144462585 14.6526556015 1.19604802132
    endloop
  endfacet
  facet normal 0 -1 0
    outer loop
      vertex 8.20144462585 14.6526556015 1.19604802132
      vertex 8.18727684021 14.6382961273 1.19604802132
      vertex 8.18727684021 14.6526556015 1.19604802132
    endloop
  endfacet
  facet normal -0 -1 -0
    outer loop
      vertex 8.2156124115 14.6382961273 1.19604802132
      vertex 8.20144462585 14.6382961273 1.19604802132
      vertex 8.2156124115 14.6526556015 1.19604802132
    endloop
  endfacet
  facet normal 0 -1 0
    outer loop
      vertex 8.2156124115 14.6526556015 1.19604802132
      vertex 8.20144462585 14.6382961273 1.19604802132
      vertex 8.20144462585 14.6526556015 1.19604802132
    endloop
  endfacet
  facet normal -0 -1 -0
    outer loop
      vertex 8.22978019714 14.6382961273 1.19604802132
      vertex 8.2156124115 14.6382961273 1.19604802132
      vertex 8.22978019714 14.6526556015 1.19604802132
    endloop
  endfacet
  facet normal 0 -1 0
    outer loop
      vertex 8.22978019714 14.6526556015 1.19604802132
      vertex 8.2156124115 14.6382961273 1.19604802132
      vertex 8.2156124115 14.6526556015 1.19604802132
    endloop
  endfacet
  facet normal -0 -1 -0
    outer loop
      vertex 8.24394798279 14.6382961273 1.19604802132
      vertex 8.22978019714 14.6382961273 1.19604802132
      vertex 8.24394798279 14.6526556015 1.19604802132
    endloop
  endfacet
  facet normal 0 -1 0
    outer loop
      vertex 8.24394798279 14.6526556015 1.19604802132
      vertex 8.22978019714 14.6382961273 1.19604802132
      vertex 8.22978019714 14.6526556015 1.19604802132
    endloop
  endfacet
  facet normal 0 -1 0
    outer loop
      vertex 8.25811576843 14.6526556015 1.19604802132
      vertex 8.24394798279 14.6382961273 1.19604802132
      vertex 8.24394798279 14.6526556015 1.19604802132
    endloop
  endfacet
  facet normal 0 -1 -0
    outer loop
      vertex 8.1447725296 14.6526556015 1.19604802132
      vertex 8.13060665131 14.6670160294 1.19604802132
      vertex 8.1447725296 14.6670160294 1.19604802132
    endloop
  endfacet
  facet normal -0 -1 -0
    outer loop
      vertex 8.15894126892 14.6526556015 1.19604802132
      vertex 8.1447725296 14.6526556015 1.19604802132
      vertex 8.15894126892 14.6670160294 1.19604802132
    endloop
  endfacet
  facet normal 0 -1 0
    outer loop
      vertex 8.15894126892 14.6670160294 1.19604802132
      vertex 8.1447725296 14.6526556015 1.19604802132
      vertex 8.1447725296 14.6670160294 1.19604802132
    endloop
  endfacet
  facet normal -0 -1 -0
    outer loop
      vertex 8.17310905457 14.6526556015 1.19604802132
      vertex 8.15894126892 14.6526556015 1.19604802132
      vertex 8.17310905457 14.6670160294 1.19604802132
    endloop
  endfacet
  facet normal 0 -1 0
    outer loop
      vertex 8.17310905457 14.6670160294 1.19604802132
      vertex 8.15894126892 14.6526556015 1.19604802132
      vertex 8.15894126892 14.6670160294 1.19604802132
    endloop
  endfacet
  facet normal -0 -1 -0
    outer loop
      vertex 8.18727684021 14.6526556015 1.19604802132
      vertex 8.17310905457 14.6526556015 1.19604802132
      vertex 8.18727684021 14.6670160294 1.19604802132
    endloop
  endfacet
  facet normal 0 -1 0
    outer loop
      vertex 8.18727684021 14.6670160294 1.19604802132
      vertex 8.17310905457 14.6526556015 1.19604802132
      vertex 8.17310905457 14.6670160294 1.19604802132
    endloop
  endfacet
  facet normal -0 -1 -0
    outer loop
      vertex 8.20144462585 14.6526556015 1.19604802132
      vertex 8.18727684021 14.6526556015 1.19604802132
      vertex 8.20144462585 14.6670160294 1.19604802132
    endloop
  endfacet
  facet normal 0 -1 0
    outer loop
      vertex 8.20144462585 14.6670160294 1.19604802132
      vertex 8.18727684021 14.6526556015 1.19604802132
      vertex 8.18727684021 14.6670160294 1.19604802132
    endloop
  endfacet
  facet normal -0 -1 -0
    outer loop
      vertex 8.2156124115 14.6526556015 1.19604802132
      vertex 8.20144462585 14.6526556015 1.19604802132
      vertex 8.2156124115 14.6670160294 1.19604802132
    endloop
  endfacet
  facet normal 0 -1 0
    outer loop
      vertex 8.2156124115 14.6670160294 1.19604802132
      vertex 8.20144462585 14.6526556015 1.19604802132
      vertex 8.20144462585 14.6670160294 1.19604802132
    endloop
  endfacet
  facet normal -0 -1 -0
    outer loop
      vertex 8.22978019714 14.6526556015 1.19604802132
      vertex 8.2156124115 14.6526556015 1.19604802132
      vertex 8.22978019714 14.6670160294 1.19604802132
    endloop
  endfacet
  facet normal 0 -1 0
    outer loop
      vertex 8.22978019714 14.6670160294 1.19604802132
      vertex 8.2156124115 14.6526556015 1.19604802132
      vertex 8.2156124115 14.6670160294 1.19604802132
    endloop
  endfacet
  facet normal -0 -1 -0
    outer loop
      vertex 8.24394798279 14.6526556015 1.19604802132
      vertex 8.22978019714 14.6526556015 1.19604802132
      vertex 8.24394798279 14.6670160294 1.19604802132
    endloop
  endfacet
  facet normal 0 -1 0
    outer loop
      vertex 8.24394798279 14.6670160294 1.19604802132
      vertex 8.22978019714 14.6526556015 1.19604802132
      vertex 8.22978019714 14.6670160294 1.19604802132
    endloop
  endfacet
  facet normal -0 -1 -0
    outer loop
      vertex 8.25811576843 14.6526556015 1.19604802132
      vertex 8.24394798279 14.6526556015 1.19604802132
      vertex 8.25811576843 14.6670160294 1.19604802132
    endloop
  endfacet
  facet normal 0 -1 0
    outer loop
      vertex 8.25811576843 14.6670160294 1.19604802132
      vertex 8.24394798279 14.6526556015 1.19604802132
      vertex 8.24394798279 14.6670160294 1.19604802132
    endloop
  endfacet
  facet normal 0 -1 -0
    outer loop
      vertex 8.05976772308 14.6670160294 1.19604802132
      vertex 8.04559993744 14.6813764572 1.19604802132
      vertex 8.05976772308 14.6813764572 1.19604802132
    endloop
  endfacet
  facet normal -0 -1 -0
    outer loop
      vertex 8.0739364624 14.6670160294 1.19604802132
      vertex 8.05976772308 14.6670160294 1.19604802132
      vertex 8.0739364624 14.6813764572 1.19604802132
    endloop
  endfacet
  facet normal 0 -1 0
    outer loop
      vertex 8.0739364624 14.6813764572 1.19604802132
      vertex 8.05976772308 14.6670160294 1.19604802132
      vertex 8.05976772308 14.6813764572 1.19604802132
    endloop
  endfacet
  facet normal -0 -1 -0
    outer loop
      vertex 8.08810329437 14.6670160294 1.19604802132
      vertex 8.0739364624 14.6670160294 1.19604802132
      vertex 8.08810329437 14.6813764572 1.19604802132
    endloop
  endfacet
  facet normal 0 -1 0
    outer loop
      vertex 8.08810329437 14.6813764572 1.19604802132
      vertex 8.0739364624 14.6670160294 1.19604802132
      vertex 8.0739364624 14.6813764572 1.19604802132
    endloop
  endfacet
  facet normal -0 -1 -0
    outer loop
      vertex 8.10227108002 14.6670160294 1.19604802132
      vertex 8.08810329437 14.6670160294 1.19604802132
      vertex 8.10227108002 14.6813764572 1.19604802132
    endloop
  endfacet
  facet normal 0 -1 0
    outer loop
      vertex 8.10227108002 14.6813764572 1.19604802132
      vertex 8.08810329437 14.6670160294 1.19604802132
      vertex 8.08810329437 14.6813764572 1.19604802132
    endloop
  endfacet
  facet normal -0 -1 -0
    outer loop
      vertex 8.11643886566 14.6670160294 1.19604802132
      vertex 8.10227108002 14.6670160294 1.19604802132
      vertex 8.11643886566 14.6813764572 1.19604802132
    endloop
  endfacet
  facet normal 0 -1 0
    outer loop
      vertex 8.11643886566 14.6813764572 1.19604802132
      vertex 8.10227108002 14.6670160294 1.19604802132
      vertex 8.10227108002 14.6813764572 1.19604802132
    endloop
  endfacet
  facet normal -0 -1 -0
    outer loop
      vertex 8.13060665131 14.6670160294 1.19604802132
      vertex 8.11643886566 14.6670160294 1.19604802132
      vertex 8.13060665131 14.6813764572 1.19604802132
    endloop
  endfacet
  facet normal 0 -1 0
    outer loop
      vertex 8.13060665131 14.6813764572 1.19604802132
      vertex 8.11643886566 14.6670160294 1.19604802132
      vertex 8.11643886566 14.6813764572 1.19604802132
    endloop
  endfacet
  facet normal -0 -1 -0
    outer loop
      vertex 8.1447725296 14.6670160294 1.19604802132
      vertex 8.13060665131 14.6670160294 1.19604802132
      vertex 8.1447725296 14.6813764572 1.19604802132
    endloop
  endfacet
  facet normal 0 -1 0
    outer loop
      vertex 8.1447725296 14.6813764572 1.19604802132
      vertex 8.13060665131 14.6670160294 1.19604802132
      vertex 8.13060665131 14.6813764572 1.19604802132
    endloop
  endfacet
  facet normal -0 -1 -0
    outer loop
      vertex 8.15894126892 14.6670160294 1.19604802132
      vertex 8.1447725296 14.6670160294 1.19604802132
      vertex 8.15894126892 14.6813764572 1.19604802132
    endloop
  endfacet
  facet normal 0 -1 0
    outer loop
      vertex 8.15894126892 14.6813764572 1.19604802132
      vertex 8.1447725296 14.6670160294 1.19604802132
      vertex 8.1447725296 14.6813764572 1.19604802132
    endloop
  endfacet
  facet normal -0 -1 -0
    outer loop
      vertex 8.17310905457 14.6670160294 1.19604802132
      vertex 8.15894126892 14.6670160294 1.19604802132
      vertex 8.17310905457 14.6813764572 1.19604802132
    endloop
  endfacet
  facet normal 0 -1 0
    outer loop
      vertex 8.17310905457 14.6813764572 1.19604802132
      vertex 8.15894126892 14.6670160294 1.19604802132
      vertex 8.15894126892 14.6813764572 1.19604802132
    endloop
  endfacet
  facet normal -0 -1 -0
    outer loop
      vertex 8.18727684021 14.6670160294 1.19604802132
      vertex 8.17310905457 14.6670160294 1.19604802132
      vertex 8.18727684021 14.6813764572 1.19604802132
    endloop
  endfacet
  facet normal 0 -1 0
    outer loop
      vertex 8.18727684021 14.6813764572 1.19604802132
      vertex 8.17310905457 14.6670160294 1.19604802132
      vertex 8.17310905457 14.6813764572 1.19604802132
    endloop
  endfacet
  facet normal -0 -1 -0
    outer loop
      vertex 8.20144462585 14.6670160294 1.19604802132
      vertex 8.18727684021 14.6670160294 1.19604802132
      vertex 8.20144462585 14.6813764572 1.19604802132
    endloop
  endfacet
  facet normal 0 -1 0
    outer loop
      vertex 8.20144462585 14.6813764572 1.19604802132
      vertex 8.18727684021 14.6670160294 1.19604802132
      vertex 8.18727684021 14.6813764572 1.19604802132
    endloop
  endfacet
  facet normal -0 -1 -0
    outer loop
      vertex 8.2156124115 14.6670160294 1.19604802132
      vertex 8.20144462585 14.6670160294 1.19604802132
      vertex 8.2156124115 14.6813764572 1.19604802132
    endloop
  endfacet
  facet normal 0 -1 0
    outer loop
      vertex 8.2156124115 14.6813764572 1.19604802132
      vertex 8.20144462585 14.6670160294 1.19604802132
      vertex 8.20144462585 14.6813764572 1.19604802132
    endloop
  endfacet
  facet normal -0 -1 -0
    outer loop
      vertex 8.22978019714 14.6670160294 1.19604802132
      vertex 8.2156124115 14.6670160294 1.19604802132
      vertex 8.22978019714 14.6813764572 1.19604802132
    endloop
  endfacet
  facet normal 0 -1 0
    outer loop
      vertex 8.22978019714 14.6813764572 1.19604802132
      vertex 8.2156124115 14.6670160294 1.19604802132
      vertex 8.2156124115 14.6813764572 1.19604802132
    endloop
  endfacet
  facet normal -0.635620296001 -0.450266987085 0.627093672752
    outer loop
      vertex 8.24394798279 14.6813764572 1.17604804039
      vertex 8.24394798279 14.6670160294 1.19604802132
      vertex 8.22978019714 14.6813764572 1.19604802132
    endloop
  endfacet
  facet normal -0 -1 0
    outer loop
      vertex 8.24394798279 14.6670160294 1.19604802132
      vertex 8.22978019714 14.6670160294 1.19604802132
      vertex 8.22978019714 14.6813764572 1.19604802132
    endloop
  endfacet
  facet normal 0.635620296001 -0.450266987085 0.627093672752
    outer loop
      vertex 8.24394798279 14.6813764572 1.17604804039
      vertex 8.25811576843 14.6813764572 1.19604802132
      vertex 8.24394798279 14.6670160294 1.19604802132
    endloop
  endfacet
  facet normal 0 -1 0
    outer loop
      vertex 8.25811576843 14.6813764572 1.19604802132
      vertex 8.25811576843 14.6670160294 1.19604802132
      vertex 8.24394798279 14.6670160294 1.19604802132
    endloop
  endfacet
  facet normal 0 -1 -0
    outer loop
      vertex 7.98892879486 14.6813764572 1.19604802132
      vertex 7.97476100922 14.6957349777 1.19604802132
      vertex 7.98892879486 14.6957349777 1.19604802132
    endloop
  endfacet
  facet normal -0 -1 -0
    outer loop
      vertex 8.00309753418 14.6813764572 1.19604802132
      vertex 7.98892879486 14.6813764572 1.19604802132
      vertex 8.00309753418 14.6957349777 1.19604802132
    endloop
  endfacet
  facet normal 0 -1 0
    outer loop
      vertex 8.00309753418 14.6957349777 1.19604802132
      vertex 7.98892879486 14.6813764572 1.19604802132
      vertex 7.98892879486 14.6957349777 1.19604802132
    endloop
  endfacet
  facet normal -0 -1 -0
    outer loop
      vertex 8.01726436615 14.6813764572 1.19604802132
      vertex 8.00309753418 14.6813764572 1.19604802132
      vertex 8.01726436615 14.6957349777 1.19604802132
    endloop
  endfacet
  facet normal 0 -1 0
    outer loop
      vertex 8.01726436615 14.6957349777 1.19604802132
      vertex 8.00309753418 14.6813764572 1.19604802132
      vertex 8.00309753418 14.6957349777 1.19604802132
    endloop
  endfacet
  facet normal -0 -1 -0
    outer loop
      vertex 8.03143215179 14.6813764572 1.19604802132
      vertex 8.01726436615 14.6813764572 1.19604802132
      vertex 8.03143215179 14.6957349777 1.19604802132
    endloop
  endfacet
  facet normal 0 -1 0
    outer loop
      vertex 8.03143215179 14.6957349777 1.19604802132
      vertex 8.01726436615 14.6813764572 1.19604802132
      vertex 8.01726436615 14.6957349777 1.19604802132
    endloop
  endfacet
  facet normal -0 -1 -0
    outer loop
      vertex 8.04559993744 14.6813764572 1.19604802132
      vertex 8.03143215179 14.6813764572 1.19604802132
      vertex 8.04559993744 14.6957349777 1.19604802132
    endloop
  endfacet
  facet normal 0 -1 0
    outer loop
      vertex 8.04559993744 14.6957349777 1.19604802132
      vertex 8.03143215179 14.6813764572 1.19604802132
      vertex 8.03143215179 14.6957349777 1.19604802132
    endloop
  endfacet
  facet normal -0 -1 -0
    outer loop
      vertex 8.05976772308 14.6813764572 1.19604802132
      vertex 8.04559993744 14.6813764572 1.19604802132
      vertex 8.05976772308 14.6957349777 1.19604802132
    endloop
  endfacet
  facet normal 0 -1 0
    outer loop
      vertex 8.05976772308 14.6957349777 1.19604802132
      vertex 8.04559993744 14.6813764572 1.19604802132
      vertex 8.04559993744 14.6957349777 1.19604802132
    endloop
  endfacet
  facet normal -0 -1 -0
    outer loop
      vertex 8.0739364624 14.6813764572 1.19604802132
      vertex 8.05976772308 14.6813764572 1.19604802132
      vertex 8.0739364624 14.6957349777 1.19604802132
    endloop
  endfacet
  facet normal 0 -1 0
    outer loop
      vertex 8.0739364624 14.6957349777 1.19604802132
      vertex 8.05976772308 14.6813764572 1.19604802132
      vertex 8.05976772308 14.6957349777 1.19604802132
    endloop
  endfacet
  facet normal -0 -1 -0
    outer loop
      vertex 8.08810329437 14.6813764572 1.19604802132
      vertex 8.0739364624 14.6813764572 1.19604802132
      vertex 8.08810329437 14.6957349777 1.19604802132
    endloop
  endfacet
  facet normal 0 -1 0
    outer loop
      vertex 8.08810329437 14.6957349777 1.19604802132
      vertex 8.0739364624 14.6813764572 1.19604802132
      vertex 8.0739364624 14.6957349777 1.19604802132
    endloop
  endfacet
  facet normal -0 -1 -0
    outer loop
      vertex 8.10227108002 14.6813764572 1.19604802132
      vertex 8.08810329437 14.6813764572 1.19604802132
      vertex 8.10227108002 14.6957349777 1.19604802132
    endloop
  endfacet
  facet normal 0 -1 0
    outer loop
      vertex 8.10227108002 14.6957349777 1.19604802132
      vertex 8.08810329437 14.6813764572 1.19604802132
      vertex 8.08810329437 14.6957349777 1.19604802132
    endloop
  endfacet
  facet normal -0 -1 -0
    outer loop
      vertex 8.11643886566 14.6813764572 1.19604802132
      vertex 8.10227108002 14.6813764572 1.19604802132
      vertex 8.11643886566 14.6957349777 1.19604802132
    endloop
  endfacet
  facet normal 0 -1 0
    outer loop
      vertex 8.11643886566 14.6957349777 1.19604802132
      vertex 8.10227108002 14.6813764572 1.19604802132
      vertex 8.10227108002 14.6957349777 1.19604802132
    endloop
  endfacet
  facet normal -0 -1 -0
    outer loop
      vertex 8.13060665131 14.6813764572 1.19604802132
      vertex 8.11643886566 14.6813764572 1.19604802132
      vertex 8.13060665131 14.6957349777 1.19604802132
    endloop
  endfacet
  facet normal 0 -1 0
    outer loop
      vertex 8.13060665131 14.6957349777 1.19604802132
      vertex 8.11643886566 14.6813764572 1.19604802132
      vertex 8.11643886566 14.6957349777 1.19604802132
    endloop
  endfacet
  facet normal -0 -1 -0
    outer loop
      vertex 8.1447725296 14.6813764572 1.19604802132
      vertex 8.13060665131 14.6813764572 1.19604802132
      vertex 8.1447725296 14.6957349777 1.19604802132
    endloop
  endfacet
  facet normal 0 -1 0
    outer loop
      vertex 8.1447725296 14.6957349777 1.19604802132
      vertex 8.13060665131 14.6813764572 1.19604802132
      vertex 8.13060665131 14.6957349777 1.19604802132
    endloop
  endfacet
  facet normal -0 -1 -0
    outer loop
      vertex 8.15894126892 14.6813764572 1.19604802132
      vertex 8.1447725296 14.6813764572 1.19604802132
      vertex 8.15894126892 14.6957349777 1.19604802132
    endloop
  endfacet
  facet normal 0 -1 0
    outer loop
      vertex 8.15894126892 14.6957349777 1.19604802132
      vertex 8.1447725296 14.6813764572 1.19604802132
      vertex 8.1447725296 14.6957349777 1.19604802132
    endloop
  endfacet
  facet normal -0 -1 -0
    outer loop
      vertex 8.17310905457 14.6813764572 1.19604802132
      vertex 8.15894126892 14.6813764572 1.19604802132
      vertex 8.17310905457 14.6957349777 1.19604802132
    endloop
  endfacet
  facet normal 0 -1 0
    outer loop
      vertex 8.17310905457 14.6957349777 1.19604802132
      vertex 8.15894126892 14.6813764572 1.19604802132
      vertex 8.15894126892 14.6957349777 1.19604802132
    endloop
  endfacet
  facet normal -0.635587155819 -0.450243532658 0.627144098282
    outer loop
      vertex 8.18727684021 14.6957349777 1.17604804039
      vertex 8.18727684021 14.6813764572 1.19604802132
      vertex 8.17310905457 14.6957349777 1.19604802132
    endloop
  endfacet
  facet normal -0 -1 0
    outer loop
      vertex 8.18727684021 14.6813764572 1.19604802132
      vertex 8.17310905457 14.6813764572 1.19604802132
      vertex 8.17310905457 14.6957349777 1.19604802132
    endloop
  endfacet
  facet normal 0 -0.583194971085 0.812332212925
    outer loop
      vertex 8.20144462585 14.6957349777 1.17604804039
      vertex 8.18727684021 14.6813764572 1.19604802132
      vertex 8.18727684021 14.6957349777 1.17604804039
    endloop
  endfacet
  facet normal 0 -0.583194971085 0.812332212925
    outer loop
      vertex 8.20144462585 14.6813764572 1.19604802132
      vertex 8.18727684021 14.6813764572 1.19604802132
      vertex 8.20144462585 14.6957349777 1.17604804039
    endloop
  endfacet
  facet normal 0 -0.583194971085 0.812332212925
    outer loop
      vertex 8.2156124115 14.6957349777 1.17604804039
      vertex 8.20144462585 14.6813764572 1.19604802132
      vertex 8.20144462585 14.6957349777 1.17604804039
    endloop
  endfacet
  facet normal 0 -0.583194971085 0.812332212925
    outer loop
      vertex 8.2156124115 14.6813764572 1.19604802132
      vertex 8.20144462585 14.6813764572 1.19604802132
      vertex 8.2156124115 14.6957349777 1.17604804039
    endloop
  endfacet
  facet normal 0 -0.583194971085 0.812332212925
    outer loop
      vertex 8.22978019714 14.6957349777 1.17604804039
      vertex 8.2156124115 14.6813764572 1.19604802132
      vertex 8.2156124115 14.6957349777 1.17604804039
    endloop
  endfacet
  facet normal 0 -0.583194971085 0.812332212925
    outer loop
      vertex 8.22978019714 14.6813764572 1.19604802132
      vertex 8.2156124115 14.6813764572 1.19604802132
      vertex 8.22978019714 14.6957349777 1.17604804039
    endloop
  endfacet
  facet normal -0.635587155819 -0.450243532658 0.627144098282
    outer loop
      vertex 8.24394798279 14.6813764572 1.17604804039
      vertex 8.22978019714 14.6813764572 1.19604802132
      vertex 8.22978019714 14.6957349777 1.17604804039
    endloop
  endfacet
  facet normal 0.816002726555 -0.578048110008 0
    outer loop
      vertex 8.25811576843 14.6813764572 1.19604802132
      vertex 8.24394798279 14.6957349777 1.17604804039
      vertex 8.25811576843 14.6957349777 1.19604802132
    endloop
  endfacet
  facet normal 0.816002726555 -0.578048110008 0
    outer loop
      vertex 8.24394798279 14.6813764572 1.17604804039
      vertex 8.24394798279 14.6957349777 1.17604804039
      vertex 8.25811576843 14.6813764572 1.19604802132
    endloop
  endfacet
  facet normal 0 -1 -0
    outer loop
      vertex 7.96059417725 14.6957349777 1.19604802132
      vertex 7.94642591476 14.7100944519 1.19604802132
      vertex 7.96059417725 14.7100944519 1.19604802132
    endloop
  endfacet
  facet normal -0 -1 -0
    outer loop
      vertex 7.97476100922 14.6957349777 1.19604802132
      vertex 7.96059417725 14.6957349777 1.19604802132
      vertex 7.97476100922 14.7100944519 1.19604802132
    endloop
  endfacet
  facet normal 0 -1 0
    outer loop
      vertex 7.97476100922 14.7100944519 1.19604802132
      vertex 7.96059417725 14.6957349777 1.19604802132
      vertex 7.96059417725 14.7100944519 1.19604802132
    endloop
  endfacet
  facet normal -0 -1 -0
    outer loop
      vertex 7.98892879486 14.6957349777 1.19604802132
      vertex 7.97476100922 14.6957349777 1.19604802132
      vertex 7.98892879486 14.7100944519 1.19604802132
    endloop
  endfacet
  facet normal 0 -1 0
    outer loop
      vertex 7.98892879486 14.7100944519 1.19604802132
      vertex 7.97476100922 14.6957349777 1.19604802132
      vertex 7.97476100922 14.7100944519 1.19604802132
    endloop
  endfacet
  facet normal -0 -1 -0
    outer loop
      vertex 8.00309753418 14.6957349777 1.19604802132
      vertex 7.98892879486 14.6957349777 1.19604802132
      vertex 8.00309753418 14.7100944519 1.19604802132
    endloop
  endfacet
  facet normal 0 -1 0
    outer loop
      vertex 8.00309753418 14.7100944519 1.19604802132
      vertex 7.98892879486 14.6957349777 1.19604802132
      vertex 7.98892879486 14.7100944519 1.19604802132
    endloop
  endfacet
  facet normal -0 -1 -0
    outer loop
      vertex 8.01726436615 14.6957349777 1.19604802132
      vertex 8.00309753418 14.6957349777 1.19604802132
      vertex 8.01726436615 14.7100944519 1.19604802132
    endloop
  endfacet
  facet normal 0 -1 0
    outer loop
      vertex 8.01726436615 14.7100944519 1.19604802132
      vertex 8.00309753418 14.6957349777 1.19604802132
      vertex 8.00309753418 14.7100944519 1.19604802132
    endloop
  endfacet
  facet normal -0 -1 -0
    outer loop
      vertex 8.03143215179 14.6957349777 1.19604802132
      vertex 8.01726436615 14.6957349777 1.19604802132
      vertex 8.03143215179 14.7100944519 1.19604802132
    endloop
  endfacet
  facet normal 0 -1 0
    outer loop
      vertex 8.03143215179 14.7100944519 1.19604802132
      vertex 8.01726436615 14.6957349777 1.19604802132
      vertex 8.01726436615 14.7100944519 1.19604802132
    endloop
  endfacet
  facet normal -0 -1 -0
    outer loop
      vertex 8.04559993744 14.6957349777 1.19604802132
      vertex 8.03143215179 14.6957349777 1.19604802132
      vertex 8.04559993744 14.7100944519 1.19604802132
    endloop
  endfacet
  facet normal 0 -1 0
    outer loop
      vertex 8.04559993744 14.7100944519 1.19604802132
      vertex 8.03143215179 14.6957349777 1.19604802132
      vertex 8.03143215179 14.7100944519 1.19604802132
    endloop
  endfacet
  facet normal -0 -1 -0
    outer loop
      vertex 8.05976772308 14.6957349777 1.19604802132
      vertex 8.04559993744 14.6957349777 1.19604802132
      vertex 8.05976772308 14.7100944519 1.19604802132
    endloop
  endfacet
  facet normal 0 -1 0
    outer loop
      vertex 8.05976772308 14.7100944519 1.19604802132
      vertex 8.04559993744 14.6957349777 1.19604802132
      vertex 8.04559993744 14.7100944519 1.19604802132
    endloop
  endfacet
  facet normal -0 -1 -0
    outer loop
      vertex 8.0739364624 14.6957349777 1.19604802132
      vertex 8.05976772308 14.6957349777 1.19604802132
      vertex 8.0739364624 14.7100944519 1.19604802132
    endloop
  endfacet
  facet normal 0 -1 0
    outer loop
      vertex 8.0739364624 14.7100944519 1.19604802132
      vertex 8.05976772308 14.6957349777 1.19604802132
      vertex 8.05976772308 14.7100944519 1.19604802132
    endloop
  endfacet
  facet normal -0.635629296303 -0.450243026018 0.627101778984
    outer loop
      vertex 8.08810329437 14.7100944519 1.17604804039
      vertex 8.08810329437 14.6957349777 1.19604802132
      vertex 8.0739364624 14.7100944519 1.19604802132
    endloop
  endfacet
  facet normal -0 -1 0
    outer loop
      vertex 8.08810329437 14.6957349777 1.19604802132
      vertex 8.0739364624 14.6957349777 1.19604802132
      vertex 8.0739364624 14.7100944519 1.19604802132
    endloop
  endfacet
  facet normal 0 -0.583220541477 0.812313854694
    outer loop
      vertex 8.10227108002 14.7100944519 1.17604804039
      vertex 8.08810329437 14.6957349777 1.19604802132
      vertex 8.08810329437 14.7100944519 1.17604804039
    endloop
  endfacet
  facet normal 0 -0.583220541477 0.812313854694
    outer loop
      vertex 8.10227108002 14.6957349777 1.19604802132
      vertex 8.08810329437 14.6957349777 1.19604802132
      vertex 8.10227108002 14.7100944519 1.17604804039
    endloop
  endfacet
  facet normal 0 -0.583220541477 0.812313854694
    outer loop
      vertex 8.11643886566 14.7100944519 1.17604804039
      vertex 8.10227108002 14.6957349777 1.19604802132
      vertex 8.10227108002 14.7100944519 1.17604804039
    endloop
  endfacet
  facet normal 0 -0.583220541477 0.812313854694
    outer loop
      vertex 8.11643886566 14.6957349777 1.19604802132
      vertex 8.10227108002 14.6957349777 1.19604802132
      vertex 8.11643886566 14.7100944519 1.17604804039
    endloop
  endfacet
  facet normal 0 -0.583220541477 0.812313854694
    outer loop
      vertex 8.13060665131 14.7100944519 1.17604804039
      vertex 8.11643886566 14.6957349777 1.19604802132
      vertex 8.11643886566 14.7100944519 1.17604804039
    endloop
  endfacet
  facet normal 0 -0.583220541477 0.812313854694
    outer loop
      vertex 8.13060665131 14.6957349777 1.19604802132
      vertex 8.11643886566 14.6957349777 1.19604802132
      vertex 8.13060665131 14.7100944519 1.17604804039
    endloop
  endfacet
  facet normal 0 -0.583220541477 0.812313854694
    outer loop
      vertex 8.1447725296 14.7100944519 1.17604804039
      vertex 8.13060665131 14.6957349777 1.19604802132
      vertex 8.13060665131 14.7100944519 1.17604804039
    endloop
  endfacet
  facet normal 0 -0.583220541477 0.812313854694
    outer loop
      vertex 8.1447725296 14.6957349777 1.19604802132
      vertex 8.13060665131 14.6957349777 1.19604802132
      vertex 8.1447725296 14.7100944519 1.17604804039
    endloop
  endfacet
  facet normal 0 -0.583220541477 0.812313854694
    outer loop
      vertex 8.15894126892 14.7100944519 1.17604804039
      vertex 8.1447725296 14.6957349777 1.19604802132
      vertex 8.1447725296 14.7100944519 1.17604804039
    endloop
  endfacet
  facet normal 0 -0.583220541477 0.812313854694
    outer loop
      vertex 8.15894126892 14.6957349777 1.19604802132
      vertex 8.1447725296 14.6957349777 1.19604802132
      vertex 8.15894126892 14.7100944519 1.17604804039
    endloop
  endfacet
  facet normal 0 -0.583220541477 0.812313854694
    outer loop
      vertex 8.17310905457 14.7100944519 1.17604804039
      vertex 8.15894126892 14.6957349777 1.19604802132
      vertex 8.15894126892 14.7100944519 1.17604804039
    endloop
  endfacet
  facet normal 0 -0.583220541477 0.812313854694
    outer loop
      vertex 8.17310905457 14.6957349777 1.19604802132
      vertex 8.15894126892 14.6957349777 1.19604802132
      vertex 8.17310905457 14.7100944519 1.17604804039
    endloop
  endfacet
  facet normal -0.63560372591 -0.450255274773 0.627118885517
    outer loop
      vertex 8.18727684021 14.6957349777 1.17604804039
      vertex 8.17310905457 14.6957349777 1.19604802132
      vertex 8.17310905457 14.7100944519 1.17604804039
    endloop
  endfacet
  facet normal 0.63560372591 -0.450255274773 0.627118885517
    outer loop
      vertex 8.24394798279 14.6957349777 1.17604804039
      vertex 8.25811576843 14.7100944519 1.17604804039
      vertex 8.25811576843 14.6957349777 1.19604802132
    endloop
  endfacet
  facet normal 1 0 0
    outer loop
      vertex 8.25811576843 14.6957349777 1.19604802132
      vertex 8.25811576843 14.7100944519 1.17604804039
      vertex 8.25811576843 14.7100944519 1.19604802132
    endloop
  endfacet
  facet normal -0 -1 -0
    outer loop
      vertex 7.96059417725 14.7100944519 1.19604802132
      vertex 7.94642591476 14.7100944519 1.19604802132
      vertex 7.96059417725 14.7244539261 1.19604802132
    endloop
  endfacet
  facet normal 0 -1 0
    outer loop
      vertex 7.96059417725 14.7244539261 1.19604802132
      vertex 7.94642591476 14.7100944519 1.19604802132
      vertex 7.94642591476 14.7244539261 1.19604802132
    endloop
  endfacet
  facet normal -0 -1 -0
    outer loop
      vertex 7.97476100922 14.7100944519 1.19604802132
      vertex 7.96059417725 14.7100944519 1.19604802132
      vertex 7.97476100922 14.7244539261 1.19604802132
    endloop
  endfacet
  facet normal 0 -1 0
    outer loop
      vertex 7.97476100922 14.7244539261 1.19604802132
      vertex 7.96059417725 14.7100944519 1.19604802132
      vertex 7.96059417725 14.7244539261 1.19604802132
    endloop
  endfacet
  facet normal -0 -1 -0
    outer loop
      vertex 7.98892879486 14.7100944519 1.19604802132
      vertex 7.97476100922 14.7100944519 1.19604802132
      vertex 7.98892879486 14.7244539261 1.19604802132
    endloop
  endfacet
  facet normal 0 -1 0
    outer loop
      vertex 7.98892879486 14.7244539261 1.19604802132
      vertex 7.97476100922 14.7100944519 1.19604802132
      vertex 7.97476100922 14.7244539261 1.19604802132
    endloop
  endfacet
  facet normal -0 -1 -0
    outer loop
      vertex 8.00309753418 14.7100944519 1.19604802132
      vertex 7.98892879486 14.7100944519 1.19604802132
      vertex 8.00309753418 14.7244539261 1.19604802132
    endloop
  endfacet
  facet normal 0 -1 0
    outer loop
      vertex 8.00309753418 14.7244539261 1.19604802132
      vertex 7.98892879486 14.7100944519 1.19604802132
      vertex 7.98892879486 14.7244539261 1.19604802132
    endloop
  endfacet
  facet normal -0.635629296303 -0.450242996216 0.627101778984
    outer loop
      vertex 8.01726436615 14.7244539261 1.17604804039
      vertex 8.01726436615 14.7100944519 1.19604802132
      vertex 8.00309753418 14.7244539261 1.19604802132
    endloop
  endfacet
  facet normal -0 -1 0
    outer loop
      vertex 8.01726436615 14.7100944519 1.19604802132
      vertex 8.00309753418 14.7100944519 1.19604802132
      vertex 8.00309753418 14.7244539261 1.19604802132
    endloop
  endfacet
  facet normal 0 -0.583220541477 0.812313854694
    outer loop
      vertex 8.03143215179 14.7244539261 1.17604804039
      vertex 8.01726436615 14.7100944519 1.19604802132
      vertex 8.01726436615 14.7244539261 1.17604804039
    endloop
  endfacet
  facet normal 0 -0.583220541477 0.812313854694
    outer loop
      vertex 8.03143215179 14.7100944519 1.19604802132
      vertex 8.01726436615 14.7100944519 1.19604802132
      vertex 8.03143215179 14.7244539261 1.17604804039
    endloop
  endfacet
  facet normal 0 -0.583220541477 0.812313854694
    outer loop
      vertex 8.04559993744 14.7244539261 1.17604804039
      vertex 8.03143215179 14.7100944519 1.19604802132
      vertex 8.03143215179 14.7244539261 1.17604804039
    endloop
  endfacet
  facet normal 0 -0.583220541477 0.812313854694
    outer loop
      vertex 8.04559993744 14.7100944519 1.19604802132
      vertex 8.03143215179 14.7100944519 1.19604802132
      vertex 8.04559993744 14.7244539261 1.17604804039
    endloop
  endfacet
  facet normal 0 -0.583220541477 0.812313854694
    outer loop
      vertex 8.05976772308 14.7244539261 1.17604804039
      vertex 8.04559993744 14.7100944519 1.19604802132
      vertex 8.04559993744 14.7244539261 1.17604804039
    endloop
  endfacet
  facet normal 0 -0.583220541477 0.812313854694
    outer loop
      vertex 8.05976772308 14.7100944519 1.19604802132
      vertex 8.04559993744 14.7100944519 1.19604802132
      vertex 8.05976772308 14.7244539261 1.17604804039
    endloop
  endfacet
  facet normal 0 -0.583220541477 0.812313854694
    outer loop
      vertex 8.0739364624 14.7244539261 1.17604804039
      vertex 8.05976772308 14.7100944519 1.19604802132
      vertex 8.05976772308 14.7244539261 1.17604804039
    endloop
  endfacet
  facet normal 0 -0.583220541477 0.812313854694
    outer loop
      vertex 8.0739364624 14.7100944519 1.19604802132
      vertex 8.05976772308 14.7100944519 1.19604802132
      vertex 8.0739364624 14.7244539261 1.17604804039
    endloop
  endfacet
  facet normal -0.635629296303 -0.450243026018 0.627101778984
    outer loop
      vertex 8.08810329437 14.7100944519 1.17604804039
      vertex 8.0739364624 14.7100944519 1.19604802132
      vertex 8.0739364624 14.7244539261 1.17604804039
    endloop
  endfacet
  facet normal 1 -0 0
    outer loop
      vertex 8.25811576843 14.7100944519 1.17604804039
      vertex 8.25811576843 14.7244539261 1.17604804039
      vertex 8.25811576843 14.7100944519 1.19604802132
    endloop
  endfacet
  facet normal 1 0 0
    outer loop
      vertex 8.25811576843 14.7100944519 1.19604802132
      vertex 8.25811576843 14.7244539261 1.17604804039
      vertex 8.25811576843 14.7244539261 1.19604802132
    endloop
  endfacet
  facet normal -0 -1 -0
    outer loop
      vertex 7.96059417725 14.7244539261 1.19604802132
      vertex 7.94642591476 14.7244539261 1.19604802132
      vertex 7.96059417725 14.7388143539 1.19604802132
    endloop
  endfacet
  facet normal 0 -1 0
    outer loop
      vertex 7.96059417725 14.7388143539 1.19604802132
      vertex 7.94642591476 14.7244539261 1.19604802132
      vertex 7.94642591476 14.7388143539 1.19604802132
    endloop
  endfacet
  facet normal -0.635645747185 -0.45025485754 0.627076625824
    outer loop
      vertex 7.97476100922 14.7388143539 1.17604804039
      vertex 7.97476100922 14.7244539261 1.19604802132
      vertex 7.96059417725 14.7388143539 1.19604802132
    endloop
  endfacet
  facet normal -0 -1 0
    outer loop
      vertex 7.97476100922 14.7244539261 1.19604802132
      vertex 7.96059417725 14.7244539261 1.19604802132
      vertex 7.96059417725 14.7388143539 1.19604802132
    endloop
  endfacet
  facet normal 0 -0.58324611187 0.812295496464
    outer loop
      vertex 7.98892879486 14.7388143539 1.17604804039
      vertex 7.97476100922 14.7244539261 1.19604802132
      vertex 7.97476100922 14.7388143539 1.17604804039
    endloop
  endfacet
  facet normal 0 -0.58324611187 0.812295496464
    outer loop
      vertex 7.98892879486 14.7244539261 1.19604802132
      vertex 7.97476100922 14.7244539261 1.19604802132
      vertex 7.98892879486 14.7388143539 1.17604804039
    endloop
  endfacet
  facet normal 0 -0.58324611187 0.812295496464
    outer loop
      vertex 8.00309753418 14.7388143539 1.17604804039
      vertex 7.98892879486 14.7244539261 1.19604802132
      vertex 7.98892879486 14.7388143539 1.17604804039
    endloop
  endfacet
  facet normal 0 -0.58324611187 0.812295496464
    outer loop
      vertex 8.00309753418 14.7244539261 1.19604802132
      vertex 7.98892879486 14.7244539261 1.19604802132
      vertex 8.00309753418 14.7388143539 1.17604804039
    endloop
  endfacet
  facet normal -0.635645925999 -0.450254768133 0.627076506615
    outer loop
      vertex 8.01726436615 14.7244539261 1.17604804039
      vertex 8.00309753418 14.7244539261 1.19604802132
      vertex 8.00309753418 14.7388143539 1.17604804039
    endloop
  endfacet
  facet normal 1 -0 0
    outer loop
      vertex 8.25811576843 14.7244539261 1.17604804039
      vertex 8.25811576843 14.7388143539 1.17604804039
      vertex 8.25811576843 14.7244539261 1.19604802132
    endloop
  endfacet
  facet normal 1 0 0
    outer loop
      vertex 8.25811576843 14.7244539261 1.19604802132
      vertex 8.25811576843 14.7388143539 1.17604804039
      vertex 8.25811576843 14.7388143539 1.19604802132
    endloop
  endfacet
  facet normal -0.635591030121 -0.450261384249 0.627127349377
    outer loop
      vertex 7.96059417725 14.7531738281 1.17604804039
      vertex 7.96059417725 14.7388143539 1.19604802132
      vertex 7.94642591476 14.7531738281 1.19604802132
    endloop
  endfacet
  facet normal -0 -1 0
    outer loop
      vertex 7.96059417725 14.7388143539 1.19604802132
      vertex 7.94642591476 14.7388143539 1.19604802132
      vertex 7.94642591476 14.7531738281 1.19604802132
    endloop
  endfacet
  facet normal -0.635629177094 -0.450243085623 0.627101838589
    outer loop
      vertex 7.97476100922 14.7388143539 1.17604804039
      vertex 7.96059417725 14.7388143539 1.19604802132
      vertex 7.96059417725 14.7531738281 1.17604804039
    endloop
  endfacet
  facet normal 1 -0 0
    outer loop
      vertex 8.25811576843 14.7388143539 1.17604804039
      vertex 8.25811576843 14.7531738281 1.17604804039
      vertex 8.25811576843 14.7388143539 1.19604802132
    endloop
  endfacet
  facet normal 1 0 0
    outer loop
      vertex 8.25811576843 14.7388143539 1.19604802132
      vertex 8.25811576843 14.7531738281 1.17604804039
      vertex 8.25811576843 14.7531738281 1.19604802132
    endloop
  endfacet
  facet normal -1 0 0
    outer loop
      vertex 7.94642591476 14.7675333023 1.17604804039
      vertex 7.94642591476 14.7531738281 1.19604802132
      vertex 7.94642591476 14.7675333023 1.19604802132
    endloop
  endfacet
  facet normal -0.635591030121 -0.450261384249 0.627127349377
    outer loop
      vertex 7.96059417725 14.7531738281 1.17604804039
      vertex 7.94642591476 14.7531738281 1.19604802132
      vertex 7.94642591476 14.7675333023 1.17604804039
    endloop
  endfacet
  facet normal 0.63560372591 0.450255274773 -0.627118885517
    outer loop
      vertex 8.25811576843 14.7675333023 1.17604804039
      vertex 8.24394798279 14.7675333023 1.19604802132
      vertex 8.25811576843 14.7531738281 1.19604802132
    endloop
  endfacet
  facet normal 0 0.583220541477 -0.812313854694
    outer loop
      vertex 8.27228355408 14.7675333023 1.17604804039
      vertex 8.25811576843 14.7675333023 1.17604804039
      vertex 8.25811576843 14.7531738281 1.19604802132
    endloop
  endfacet
  facet normal 0.711842119694 0 0.702339529991
    outer loop
      vertex 8.27228355408 14.7675333023 1.17604804039
      vertex 8.25811576843 14.7531738281 1.19604802132
      vertex 8.25811576843 14.7531738281 1.17604804039
    endloop
  endfacet
  facet normal -1 0 0
    outer loop
      vertex 7.94642591476 14.7675333023 1.17604804039
      vertex 7.94642591476 14.7675333023 1.19604802132
      vertex 7.94642591476 14.7818927765 1.17604804039
    endloop
  endfacet
  facet normal -1 0 -0
    outer loop
      vertex 7.94642591476 14.7675333023 1.19604802132
      vertex 7.94642591476 14.7818927765 1.19604802132
      vertex 7.94642591476 14.7818927765 1.17604804039
    endloop
  endfacet
  facet normal 0.816002726555 0.578048110008 -0
    outer loop
      vertex 8.25811576843 14.7818927765 1.17604804039
      vertex 8.24394798279 14.7675333023 1.19604802132
      vertex 8.25811576843 14.7675333023 1.17604804039
    endloop
  endfacet
  facet normal 0.816002726555 0.578048110008 -0
    outer loop
      vertex 8.24394798279 14.7818927765 1.19604802132
      vertex 8.24394798279 14.7675333023 1.19604802132
      vertex 8.25811576843 14.7818927765 1.17604804039
    endloop
  endfacet
  facet normal 0 1 0
    outer loop
      vertex 8.27228355408 14.7675333023 1.17604804039
      vertex 8.27228355408 14.7818927765 1.17604804039
      vertex 8.25811576843 14.7675333023 1.17604804039
    endloop
  endfacet
  facet normal 0 1 0
    outer loop
      vertex 8.27228355408 14.7818927765 1.17604804039
      vertex 8.25811576843 14.7818927765 1.17604804039
      vertex 8.25811576843 14.7675333023 1.17604804039
    endloop
  endfacet
  facet normal -1 -0 0
    outer loop
      vertex 7.94642591476 14.7818927765 1.19604802132
      vertex 7.94642591476 14.7962532043 1.17604804039
      vertex 7.94642591476 14.7818927765 1.17604804039
    endloop
  endfacet
  facet normal -0.635607659817 0.450273126364 -0.627102077007
    outer loop
      vertex 7.94642591476 14.7818927765 1.19604802132
      vertex 7.96059417725 14.7962532043 1.19604802132
      vertex 7.94642591476 14.7962532043 1.17604804039
    endloop
  endfacet
  facet normal 0.635620355606 0.45026704669 -0.627093613148
    outer loop
      vertex 8.18727684021 14.7962532043 1.17604804039
      vertex 8.17310905457 14.7962532043 1.19604802132
      vertex 8.18727684021 14.7818927765 1.19604802132
    endloop
  endfacet
  facet normal 0 0.58324611187 -0.812295496464
    outer loop
      vertex 8.18727684021 14.7962532043 1.17604804039
      vertex 8.20144462585 14.7818927765 1.19604802132
      vertex 8.20144462585 14.7962532043 1.17604804039
    endloop
  endfacet
  facet normal 0 0.58324611187 -0.812295496464
    outer loop
      vertex 8.18727684021 14.7818927765 1.19604802132
      vertex 8.20144462585 14.7818927765 1.19604802132
      vertex 8.18727684021 14.7962532043 1.17604804039
    endloop
  endfacet
  facet normal 0 0.58324611187 -0.812295496464
    outer loop
      vertex 8.20144462585 14.7962532043 1.17604804039
      vertex 8.2156124115 14.7818927765 1.19604802132
      vertex 8.2156124115 14.7962532043 1.17604804039
    endloop
  endfacet
  facet normal 0 0.58324611187 -0.812295496464
    outer loop
      vertex 8.20144462585 14.7818927765 1.19604802132
      vertex 8.2156124115 14.7818927765 1.19604802132
      vertex 8.20144462585 14.7962532043 1.17604804039
    endloop
  endfacet
  facet normal -0.635620176792 0.450267106295 -0.627093732357
    outer loop
      vertex 8.2156124115 14.7818927765 1.19604802132
      vertex 8.22978019714 14.7962532043 1.19604802132
      vertex 8.2156124115 14.7962532043 1.17604804039
    endloop
  endfacet
  facet normal 0.635620355606 0.45026704669 -0.627093613148
    outer loop
      vertex 8.24394798279 14.7962532043 1.17604804039
      vertex 8.22978019714 14.7962532043 1.19604802132
      vertex 8.24394798279 14.7818927765 1.19604802132
    endloop
  endfacet
  facet normal 0.635620355606 0.45026704669 -0.627093613148
    outer loop
      vertex 8.24394798279 14.7818927765 1.19604802132
      vertex 8.25811576843 14.7818927765 1.17604804039
      vertex 8.24394798279 14.7962532043 1.17604804039
    endloop
  endfacet
  facet normal 0 1 0
    outer loop
      vertex 8.25811576843 14.7818927765 1.17604804039
      vertex 8.25811576843 14.7962532043 1.17604804039
      vertex 8.24394798279 14.7962532043 1.17604804039
    endloop
  endfacet
  facet normal 0 1 0
    outer loop
      vertex 8.27228355408 14.7818927765 1.17604804039
      vertex 8.25811576843 14.7962532043 1.17604804039
      vertex 8.25811576843 14.7818927765 1.17604804039
    endloop
  endfacet
  facet normal -0.81599354744 0.578060984612 0
    outer loop
      vertex 7.96059417725 14.8106126785 1.19604802132
      vertex 7.94642591476 14.7962532043 1.17604804039
      vertex 7.96059417725 14.7962532043 1.19604802132
    endloop
  endfacet
  facet normal -0.81599354744 0.578060984612 0
    outer loop
      vertex 7.94642591476 14.8106126785 1.17604804039
      vertex 7.94642591476 14.7962532043 1.17604804039
      vertex 7.96059417725 14.8106126785 1.19604802132
    endloop
  endfacet
  facet normal 0.635603666306 0.450255274773 -0.627118945122
    outer loop
      vertex 8.13060665131 14.8106126785 1.17604804039
      vertex 8.11643886566 14.8106126785 1.19604802132
      vertex 8.13060665131 14.7962532043 1.19604802132
    endloop
  endfacet
  facet normal 0 0.583220481873 -0.812313914299
    outer loop
      vertex 8.13060665131 14.8106126785 1.17604804039
      vertex 8.1447725296 14.7962532043 1.19604802132
      vertex 8.1447725296 14.8106126785 1.17604804039
    endloop
  endfacet
  facet normal 0 0.583220481873 -0.812313914299
    outer loop
      vertex 8.13060665131 14.7962532043 1.19604802132
      vertex 8.1447725296 14.7962532043 1.19604802132
      vertex 8.13060665131 14.8106126785 1.17604804039
    endloop
  endfacet
  facet normal 0 0.583220481873 -0.812313914299
    outer loop
      vertex 8.1447725296 14.8106126785 1.17604804039
      vertex 8.15894126892 14.7962532043 1.19604802132
      vertex 8.15894126892 14.8106126785 1.17604804039
    endloop
  endfacet
  facet normal 0 0.583220481873 -0.812313914299
    outer loop
      vertex 8.1447725296 14.7962532043 1.19604802132
      vertex 8.15894126892 14.7962532043 1.19604802132
      vertex 8.1447725296 14.8106126785 1.17604804039
    endloop
  endfacet
  facet normal 0 0.583220481873 -0.812313914299
    outer loop
      vertex 8.15894126892 14.8106126785 1.17604804039
      vertex 8.17310905457 14.7962532043 1.19604802132
      vertex 8.17310905457 14.8106126785 1.17604804039
    endloop
  endfacet
  facet normal 0 0.583220481873 -0.812313914299
    outer loop
      vertex 8.15894126892 14.7962532043 1.19604802132
      vertex 8.17310905457 14.7962532043 1.19604802132
      vertex 8.15894126892 14.8106126785 1.17604804039
    endloop
  endfacet
  facet normal 0.635603666306 0.45025524497 -0.627118945122
    outer loop
      vertex 8.17310905457 14.7962532043 1.19604802132
      vertex 8.18727684021 14.7962532043 1.17604804039
      vertex 8.17310905457 14.8106126785 1.17604804039
    endloop
  endfacet
  facet normal 0 1 0
    outer loop
      vertex 8.18727684021 14.7962532043 1.17604804039
      vertex 8.18727684021 14.8106126785 1.17604804039
      vertex 8.17310905457 14.8106126785 1.17604804039
    endloop
  endfacet
  facet normal 0 1 0
    outer loop
      vertex 8.20144462585 14.7962532043 1.17604804039
      vertex 8.20144462585 14.8106126785 1.17604804039
      vertex 8.18727684021 14.7962532043 1.17604804039
    endloop
  endfacet
  facet normal 0 1 0
    outer loop
      vertex 8.20144462585 14.8106126785 1.17604804039
      vertex 8.18727684021 14.8106126785 1.17604804039
      vertex 8.18727684021 14.7962532043 1.17604804039
    endloop
  endfacet
  facet normal 0 1 0
    outer loop
      vertex 8.2156124115 14.7962532043 1.17604804039
      vertex 8.2156124115 14.8106126785 1.17604804039
      vertex 8.20144462585 14.7962532043 1.17604804039
    endloop
  endfacet
  facet normal 0 1 0
    outer loop
      vertex 8.2156124115 14.8106126785 1.17604804039
      vertex 8.20144462585 14.8106126785 1.17604804039
      vertex 8.20144462585 14.7962532043 1.17604804039
    endloop
  endfacet
  facet normal -0.635603487492 0.450255334377 -0.627119064331
    outer loop
      vertex 8.22978019714 14.7962532043 1.19604802132
      vertex 8.22978019714 14.8106126785 1.17604804039
      vertex 8.2156124115 14.7962532043 1.17604804039
    endloop
  endfacet
  facet normal 0 1 0
    outer loop
      vertex 8.22978019714 14.8106126785 1.17604804039
      vertex 8.2156124115 14.8106126785 1.17604804039
      vertex 8.2156124115 14.7962532043 1.17604804039
    endloop
  endfacet
  facet normal 0.635603666306 0.45025524497 -0.627118945122
    outer loop
      vertex 8.22978019714 14.7962532043 1.19604802132
      vertex 8.24394798279 14.7962532043 1.17604804039
      vertex 8.22978019714 14.8106126785 1.17604804039
    endloop
  endfacet
  facet normal 0 1 0
    outer loop
      vertex 8.24394798279 14.7962532043 1.17604804039
      vertex 8.24394798279 14.8106126785 1.17604804039
      vertex 8.22978019714 14.8106126785 1.17604804039
    endloop
  endfacet
  facet normal 0 1 0
    outer loop
      vertex 8.25811576843 14.7962532043 1.17604804039
      vertex 8.25811576843 14.8106126785 1.17604804039
      vertex 8.24394798279 14.7962532043 1.17604804039
    endloop
  endfacet
  facet normal 0 1 0
    outer loop
      vertex 8.25811576843 14.8106126785 1.17604804039
      vertex 8.24394798279 14.8106126785 1.17604804039
      vertex 8.24394798279 14.7962532043 1.17604804039
    endloop
  endfacet
  facet normal -0.81599354744 0.578060984612 0
    outer loop
      vertex 7.96059417725 14.8249721527 1.19604802132
      vertex 7.94642591476 14.8106126785 1.17604804039
      vertex 7.96059417725 14.8106126785 1.19604802132
    endloop
  endfacet
  facet normal -0.81599354744 0.578060984612 0
    outer loop
      vertex 7.94642591476 14.8249721527 1.17604804039
      vertex 7.94642591476 14.8106126785 1.17604804039
      vertex 7.96059417725 14.8249721527 1.19604802132
    endloop
  endfacet
  facet normal 0.635578215122 0.450267612934 -0.627135872841
    outer loop
      vertex 8.0739364624 14.8249721527 1.17604804039
      vertex 8.05976772308 14.8249721527 1.19604802132
      vertex 8.0739364624 14.8106126785 1.19604802132
    endloop
  endfacet
  facet normal 0 0.583220660686 -0.81231379509
    outer loop
      vertex 8.0739364624 14.8249721527 1.17604804039
      vertex 8.08810329437 14.8106126785 1.19604802132
      vertex 8.08810329437 14.8249721527 1.17604804039
    endloop
  endfacet
  facet normal 0 0.583220660686 -0.81231379509
    outer loop
      vertex 8.0739364624 14.8106126785 1.19604802132
      vertex 8.08810329437 14.8106126785 1.19604802132
      vertex 8.0739364624 14.8249721527 1.17604804039
    endloop
  endfacet
  facet normal 0 0.583220660686 -0.81231379509
    outer loop
      vertex 8.08810329437 14.8249721527 1.17604804039
      vertex 8.10227108002 14.8106126785 1.19604802132
      vertex 8.10227108002 14.8249721527 1.17604804039
    endloop
  endfacet
  facet normal 0 0.583220660686 -0.81231379509
    outer loop
      vertex 8.08810329437 14.8106126785 1.19604802132
      vertex 8.10227108002 14.8106126785 1.19604802132
      vertex 8.08810329437 14.8249721527 1.17604804039
    endloop
  endfacet
  facet normal 0 0.583220660686 -0.81231379509
    outer loop
      vertex 8.10227108002 14.8249721527 1.17604804039
      vertex 8.11643886566 14.8106126785 1.19604802132
      vertex 8.11643886566 14.8249721527 1.17604804039
    endloop
  endfacet
  facet normal 0 0.583220660686 -0.81231379509
    outer loop
      vertex 8.10227108002 14.8106126785 1.19604802132
      vertex 8.11643886566 14.8106126785 1.19604802132
      vertex 8.10227108002 14.8249721527 1.17604804039
    endloop
  endfacet
  facet normal 0.635603785515 0.450255334377 -0.627118825912
    outer loop
      vertex 8.11643886566 14.8106126785 1.19604802132
      vertex 8.13060665131 14.8106126785 1.17604804039
      vertex 8.11643886566 14.8249721527 1.17604804039
    endloop
  endfacet
  facet normal 0 1 0
    outer loop
      vertex 8.13060665131 14.8106126785 1.17604804039
      vertex 8.13060665131 14.8249721527 1.17604804039
      vertex 8.11643886566 14.8249721527 1.17604804039
    endloop
  endfacet
  facet normal 0 1 0
    outer loop
      vertex 8.1447725296 14.8106126785 1.17604804039
      vertex 8.1447725296 14.8249721527 1.17604804039
      vertex 8.13060665131 14.8106126785 1.17604804039
    endloop
  endfacet
  facet normal 0 1 0
    outer loop
      vertex 8.1447725296 14.8249721527 1.17604804039
      vertex 8.13060665131 14.8249721527 1.17604804039
      vertex 8.13060665131 14.8106126785 1.17604804039
    endloop
  endfacet
  facet normal 0 1 0
    outer loop
      vertex 8.15894126892 14.8106126785 1.17604804039
      vertex 8.15894126892 14.8249721527 1.17604804039
      vertex 8.1447725296 14.8106126785 1.17604804039
    endloop
  endfacet
  facet normal 0 1 0
    outer loop
      vertex 8.15894126892 14.8249721527 1.17604804039
      vertex 8.1447725296 14.8249721527 1.17604804039
      vertex 8.1447725296 14.8106126785 1.17604804039
    endloop
  endfacet
  facet normal 0 1 0
    outer loop
      vertex 8.17310905457 14.8106126785 1.17604804039
      vertex 8.17310905457 14.8249721527 1.17604804039
      vertex 8.15894126892 14.8106126785 1.17604804039
    endloop
  endfacet
  facet normal 0 1 0
    outer loop
      vertex 8.17310905457 14.8249721527 1.17604804039
      vertex 8.15894126892 14.8249721527 1.17604804039
      vertex 8.15894126892 14.8106126785 1.17604804039
    endloop
  endfacet
  facet normal 0 1 0
    outer loop
      vertex 8.18727684021 14.8106126785 1.17604804039
      vertex 8.18727684021 14.8249721527 1.17604804039
      vertex 8.17310905457 14.8106126785 1.17604804039
    endloop
  endfacet
  facet normal 0 1 0
    outer loop
      vertex 8.18727684021 14.8249721527 1.17604804039
      vertex 8.17310905457 14.8249721527 1.17604804039
      vertex 8.17310905457 14.8106126785 1.17604804039
    endloop
  endfacet
  facet normal 0 1 0
    outer loop
      vertex 8.20144462585 14.8106126785 1.17604804039
      vertex 8.20144462585 14.8249721527 1.17604804039
      vertex 8.18727684021 14.8106126785 1.17604804039
    endloop
  endfacet
  facet normal 0 1 0
    outer loop
      vertex 8.20144462585 14.8249721527 1.17604804039
      vertex 8.18727684021 14.8249721527 1.17604804039
      vertex 8.18727684021 14.8106126785 1.17604804039
    endloop
  endfacet
  facet normal 0 1 0
    outer loop
      vertex 8.2156124115 14.8106126785 1.17604804039
      vertex 8.2156124115 14.8249721527 1.17604804039
      vertex 8.20144462585 14.8106126785 1.17604804039
    endloop
  endfacet
  facet normal 0 1 0
    outer loop
      vertex 8.2156124115 14.8249721527 1.17604804039
      vertex 8.20144462585 14.8249721527 1.17604804039
      vertex 8.20144462585 14.8106126785 1.17604804039
    endloop
  endfacet
  facet normal 0 1 0
    outer loop
      vertex 8.22978019714 14.8106126785 1.17604804039
      vertex 8.22978019714 14.8249721527 1.17604804039
      vertex 8.2156124115 14.8106126785 1.17604804039
    endloop
  endfacet
  facet normal 0 1 0
    outer loop
      vertex 8.22978019714 14.8249721527 1.17604804039
      vertex 8.2156124115 14.8249721527 1.17604804039
      vertex 8.2156124115 14.8106126785 1.17604804039
    endloop
  endfacet
  facet normal 0 1 0
    outer loop
      vertex 8.24394798279 14.8106126785 1.17604804039
      vertex 8.24394798279 14.8249721527 1.17604804039
      vertex 8.22978019714 14.8106126785 1.17604804039
    endloop
  endfacet
  facet normal 0 1 0
    outer loop
      vertex 8.24394798279 14.8249721527 1.17604804039
      vertex 8.22978019714 14.8249721527 1.17604804039
      vertex 8.22978019714 14.8106126785 1.17604804039
    endloop
  endfacet
  facet normal 0 1 0
    outer loop
      vertex 8.25811576843 14.8106126785 1.17604804039
      vertex 8.24394798279 14.8249721527 1.17604804039
      vertex 8.24394798279 14.8106126785 1.17604804039
    endloop
  endfacet
  facet normal -0.635590970516 0.450261354446 -0.627127408981
    outer loop
      vertex 7.96059417725 14.8249721527 1.19604802132
      vertex 7.96059417725 14.8393316269 1.17604804039
      vertex 7.94642591476 14.8249721527 1.17604804039
    endloop
  endfacet
  facet normal 0 1 0
    outer loop
      vertex 7.96059417725 14.8393316269 1.17604804039
      vertex 7.94642591476 14.8393316269 1.17604804039
      vertex 7.94642591476 14.8249721527 1.17604804039
    endloop
  endfacet
  facet normal 0 0.583220481873 -0.812313914299
    outer loop
      vertex 7.96059417725 14.8393316269 1.17604804039
      vertex 7.97476100922 14.8249721527 1.19604802132
      vertex 7.97476100922 14.8393316269 1.17604804039
    endloop
  endfacet
  facet normal 0 0.583220481873 -0.812313914299
    outer loop
      vertex 7.96059417725 14.8249721527 1.19604802132
      vertex 7.97476100922 14.8249721527 1.19604802132
      vertex 7.96059417725 14.8393316269 1.17604804039
    endloop
  endfacet
  facet normal 0 0.583220481873 -0.812313914299
    outer loop
      vertex 7.97476100922 14.8393316269 1.17604804039
      vertex 7.98892879486 14.8249721527 1.19604802132
      vertex 7.98892879486 14.8393316269 1.17604804039
    endloop
  endfacet
  facet normal 0 0.583220481873 -0.812313914299
    outer loop
      vertex 7.97476100922 14.8249721527 1.19604802132
      vertex 7.98892879486 14.8249721527 1.19604802132
      vertex 7.97476100922 14.8393316269 1.17604804039
    endloop
  endfacet
  facet normal 0 0.583220481873 -0.812313914299
    outer loop
      vertex 7.98892879486 14.8393316269 1.17604804039
      vertex 8.00309753418 14.8249721527 1.19604802132
      vertex 8.00309753418 14.8393316269 1.17604804039
    endloop
  endfacet
  facet normal 0 0.583220481873 -0.812313914299
    outer loop
      vertex 7.98892879486 14.8249721527 1.19604802132
      vertex 8.00309753418 14.8249721527 1.19604802132
      vertex 7.98892879486 14.8393316269 1.17604804039
    endloop
  endfacet
  facet normal 0 0.583220481873 -0.812313914299
    outer loop
      vertex 8.00309753418 14.8393316269 1.17604804039
      vertex 8.01726436615 14.8249721527 1.19604802132
      vertex 8.01726436615 14.8393316269 1.17604804039
    endloop
  endfacet
  facet normal 0 0.583220481873 -0.812313914299
    outer loop
      vertex 8.00309753418 14.8249721527 1.19604802132
      vertex 8.01726436615 14.8249721527 1.19604802132
      vertex 8.00309753418 14.8393316269 1.17604804039
    endloop
  endfacet
  facet normal 0 0.583220481873 -0.812313914299
    outer loop
      vertex 8.01726436615 14.8393316269 1.17604804039
      vertex 8.03143215179 14.8249721527 1.19604802132
      vertex 8.03143215179 14.8393316269 1.17604804039
    endloop
  endfacet
  facet normal 0 0.583220481873 -0.812313914299
    outer loop
      vertex 8.01726436615 14.8249721527 1.19604802132
      vertex 8.03143215179 14.8249721527 1.19604802132
      vertex 8.01726436615 14.8393316269 1.17604804039
    endloop
  endfacet
  facet normal 0 0.583220481873 -0.812313914299
    outer loop
      vertex 8.03143215179 14.8393316269 1.17604804039
      vertex 8.04559993744 14.8249721527 1.19604802132
      vertex 8.04559993744 14.8393316269 1.17604804039
    endloop
  endfacet
  facet normal 0 0.583220481873 -0.812313914299
    outer loop
      vertex 8.03143215179 14.8249721527 1.19604802132
      vertex 8.04559993744 14.8249721527 1.19604802132
      vertex 8.03143215179 14.8393316269 1.17604804039
    endloop
  endfacet
  facet normal 0 0.583220481873 -0.812313914299
    outer loop
      vertex 8.04559993744 14.8393316269 1.17604804039
      vertex 8.05976772308 14.8249721527 1.19604802132
      vertex 8.05976772308 14.8393316269 1.17604804039
    endloop
  endfacet
  facet normal 0 0.583220481873 -0.812313914299
    outer loop
      vertex 8.04559993744 14.8249721527 1.19604802132
      vertex 8.05976772308 14.8249721527 1.19604802132
      vertex 8.04559993744 14.8393316269 1.17604804039
    endloop
  endfacet
  facet normal 0.635578095913 0.450267523527 -0.627136051655
    outer loop
      vertex 8.05976772308 14.8249721527 1.19604802132
      vertex 8.0739364624 14.8249721527 1.17604804039
      vertex 8.05976772308 14.8393316269 1.17604804039
    endloop
  endfacet
  facet normal 0 1 0
    outer loop
      vertex 8.0739364624 14.8249721527 1.17604804039
      vertex 8.0739364624 14.8393316269 1.17604804039
      vertex 8.05976772308 14.8393316269 1.17604804039
    endloop
  endfacet
  facet normal 0 1 0
    outer loop
      vertex 8.08810329437 14.8249721527 1.17604804039
      vertex 8.08810329437 14.8393316269 1.17604804039
      vertex 8.0739364624 14.8249721527 1.17604804039
    endloop
  endfacet
  facet normal 0 1 0
    outer loop
      vertex 8.08810329437 14.8393316269 1.17604804039
      vertex 8.0739364624 14.8393316269 1.17604804039
      vertex 8.0739364624 14.8249721527 1.17604804039
    endloop
  endfacet
  facet normal 0 1 0
    outer loop
      vertex 8.10227108002 14.8249721527 1.17604804039
      vertex 8.10227108002 14.8393316269 1.17604804039
      vertex 8.08810329437 14.8249721527 1.17604804039
    endloop
  endfacet
  facet normal 0 1 0
    outer loop
      vertex 8.10227108002 14.8393316269 1.17604804039
      vertex 8.08810329437 14.8393316269 1.17604804039
      vertex 8.08810329437 14.8249721527 1.17604804039
    endloop
  endfacet
  facet normal 0 1 0
    outer loop
      vertex 8.11643886566 14.8249721527 1.17604804039
      vertex 8.11643886566 14.8393316269 1.17604804039
      vertex 8.10227108002 14.8249721527 1.17604804039
    endloop
  endfacet
  facet normal 0 1 0
    outer loop
      vertex 8.11643886566 14.8393316269 1.17604804039
      vertex 8.10227108002 14.8393316269 1.17604804039
      vertex 8.10227108002 14.8249721527 1.17604804039
    endloop
  endfacet
  facet normal 0 1 0
    outer loop
      vertex 8.13060665131 14.8249721527 1.17604804039
      vertex 8.13060665131 14.8393316269 1.17604804039
      vertex 8.11643886566 14.8249721527 1.17604804039
    endloop
  endfacet
  facet normal 0 1 0
    outer loop
      vertex 8.13060665131 14.8393316269 1.17604804039
      vertex 8.11643886566 14.8393316269 1.17604804039
      vertex 8.11643886566 14.8249721527 1.17604804039
    endloop
  endfacet
  facet normal 0 1 0
    outer loop
      vertex 8.1447725296 14.8249721527 1.17604804039
      vertex 8.1447725296 14.8393316269 1.17604804039
      vertex 8.13060665131 14.8249721527 1.17604804039
    endloop
  endfacet
  facet normal 0 1 0
    outer loop
      vertex 8.1447725296 14.8393316269 1.17604804039
      vertex 8.13060665131 14.8393316269 1.17604804039
      vertex 8.13060665131 14.8249721527 1.17604804039
    endloop
  endfacet
  facet normal 0 1 0
    outer loop
      vertex 8.15894126892 14.8249721527 1.17604804039
      vertex 8.15894126892 14.8393316269 1.17604804039
      vertex 8.1447725296 14.8249721527 1.17604804039
    endloop
  endfacet
  facet normal 0 1 0
    outer loop
      vertex 8.15894126892 14.8393316269 1.17604804039
      vertex 8.1447725296 14.8393316269 1.17604804039
      vertex 8.1447725296 14.8249721527 1.17604804039
    endloop
  endfacet
  facet normal 0 1 0
    outer loop
      vertex 8.17310905457 14.8249721527 1.17604804039
      vertex 8.17310905457 14.8393316269 1.17604804039
      vertex 8.15894126892 14.8249721527 1.17604804039
    endloop
  endfacet
  facet normal 0 1 0
    outer loop
      vertex 8.17310905457 14.8393316269 1.17604804039
      vertex 8.15894126892 14.8393316269 1.17604804039
      vertex 8.15894126892 14.8249721527 1.17604804039
    endloop
  endfacet
  facet normal 0 1 0
    outer loop
      vertex 8.18727684021 14.8249721527 1.17604804039
      vertex 8.18727684021 14.8393316269 1.17604804039
      vertex 8.17310905457 14.8249721527 1.17604804039
    endloop
  endfacet
  facet normal 0 1 0
    outer loop
      vertex 8.18727684021 14.8393316269 1.17604804039
      vertex 8.17310905457 14.8393316269 1.17604804039
      vertex 8.17310905457 14.8249721527 1.17604804039
    endloop
  endfacet
  facet normal 0 1 0
    outer loop
      vertex 8.20144462585 14.8249721527 1.17604804039
      vertex 8.20144462585 14.8393316269 1.17604804039
      vertex 8.18727684021 14.8249721527 1.17604804039
    endloop
  endfacet
  facet normal 0 1 0
    outer loop
      vertex 8.20144462585 14.8393316269 1.17604804039
      vertex 8.18727684021 14.8393316269 1.17604804039
      vertex 8.18727684021 14.8249721527 1.17604804039
    endloop
  endfacet
  facet normal 0 1 0
    outer loop
      vertex 8.2156124115 14.8249721527 1.17604804039
      vertex 8.2156124115 14.8393316269 1.17604804039
      vertex 8.20144462585 14.8249721527 1.17604804039
    endloop
  endfacet
  facet normal 0 1 0
    outer loop
      vertex 8.2156124115 14.8393316269 1.17604804039
      vertex 8.20144462585 14.8393316269 1.17604804039
      vertex 8.20144462585 14.8249721527 1.17604804039
    endloop
  endfacet
  facet normal 0 1 0
    outer loop
      vertex 8.22978019714 14.8249721527 1.17604804039
      vertex 8.2156124115 14.8393316269 1.17604804039
      vertex 8.2156124115 14.8249721527 1.17604804039
    endloop
  endfacet
  facet normal 0 1 0
    outer loop
      vertex 7.96059417725 14.8393316269 1.17604804039
      vertex 7.96059417725 14.8536920547 1.17604804039
      vertex 7.94642591476 14.8393316269 1.17604804039
    endloop
  endfacet
  facet normal 0 1 0
    outer loop
      vertex 7.96059417725 14.8536920547 1.17604804039
      vertex 7.94642591476 14.8536920547 1.17604804039
      vertex 7.94642591476 14.8393316269 1.17604804039
    endloop
  endfacet
  facet normal 0 1 0
    outer loop
      vertex 7.97476100922 14.8393316269 1.17604804039
      vertex 7.97476100922 14.8536920547 1.17604804039
      vertex 7.96059417725 14.8393316269 1.17604804039
    endloop
  endfacet
  facet normal 0 1 0
    outer loop
      vertex 7.97476100922 14.8536920547 1.17604804039
      vertex 7.96059417725 14.8536920547 1.17604804039
      vertex 7.96059417725 14.8393316269 1.17604804039
    endloop
  endfacet
  facet normal 0 1 0
    outer loop
      vertex 7.98892879486 14.8393316269 1.17604804039
      vertex 7.98892879486 14.8536920547 1.17604804039
      vertex 7.97476100922 14.8393316269 1.17604804039
    endloop
  endfacet
  facet normal 0 1 0
    outer loop
      vertex 7.98892879486 14.8536920547 1.17604804039
      vertex 7.97476100922 14.8536920547 1.17604804039
      vertex 7.97476100922 14.8393316269 1.17604804039
    endloop
  endfacet
  facet normal 0 1 0
    outer loop
      vertex 8.00309753418 14.8393316269 1.17604804039
      vertex 8.00309753418 14.8536920547 1.17604804039
      vertex 7.98892879486 14.8393316269 1.17604804039
    endloop
  endfacet
  facet normal 0 1 0
    outer loop
      vertex 8.00309753418 14.8536920547 1.17604804039
      vertex 7.98892879486 14.8536920547 1.17604804039
      vertex 7.98892879486 14.8393316269 1.17604804039
    endloop
  endfacet
  facet normal 0 1 0
    outer loop
      vertex 8.01726436615 14.8393316269 1.17604804039
      vertex 8.01726436615 14.8536920547 1.17604804039
      vertex 8.00309753418 14.8393316269 1.17604804039
    endloop
  endfacet
  facet normal 0 1 0
    outer loop
      vertex 8.01726436615 14.8536920547 1.17604804039
      vertex 8.00309753418 14.8536920547 1.17604804039
      vertex 8.00309753418 14.8393316269 1.17604804039
    endloop
  endfacet
  facet normal 0 1 0
    outer loop
      vertex 8.03143215179 14.8393316269 1.17604804039
      vertex 8.03143215179 14.8536920547 1.17604804039
      vertex 8.01726436615 14.8393316269 1.17604804039
    endloop
  endfacet
  facet normal 0 1 0
    outer loop
      vertex 8.03143215179 14.8536920547 1.17604804039
      vertex 8.01726436615 14.8536920547 1.17604804039
      vertex 8.01726436615 14.8393316269 1.17604804039
    endloop
  endfacet
  facet normal 0 1 0
    outer loop
      vertex 8.04559993744 14.8393316269 1.17604804039
      vertex 8.04559993744 14.8536920547 1.17604804039
      vertex 8.03143215179 14.8393316269 1.17604804039
    endloop
  endfacet
  facet normal 0 1 0
    outer loop
      vertex 8.04559993744 14.8536920547 1.17604804039
      vertex 8.03143215179 14.8536920547 1.17604804039
      vertex 8.03143215179 14.8393316269 1.17604804039
    endloop
  endfacet
  facet normal 0 1 0
    outer loop
      vertex 8.05976772308 14.8393316269 1.17604804039
      vertex 8.05976772308 14.8536920547 1.17604804039
      vertex 8.04559993744 14.8393316269 1.17604804039
    endloop
  endfacet
  facet normal 0 1 0
    outer loop
      vertex 8.05976772308 14.8536920547 1.17604804039
      vertex 8.04559993744 14.8536920547 1.17604804039
      vertex 8.04559993744 14.8393316269 1.17604804039
    endloop
  endfacet
  facet normal 0 1 0
    outer loop
      vertex 8.0739364624 14.8393316269 1.17604804039
      vertex 8.0739364624 14.8536920547 1.17604804039
      vertex 8.05976772308 14.8393316269 1.17604804039
    endloop
  endfacet
  facet normal 0 1 0
    outer loop
      vertex 8.0739364624 14.8536920547 1.17604804039
      vertex 8.05976772308 14.8536920547 1.17604804039
      vertex 8.05976772308 14.8393316269 1.17604804039
    endloop
  endfacet
  facet normal 0 1 0
    outer loop
      vertex 8.08810329437 14.8393316269 1.17604804039
      vertex 8.08810329437 14.8536920547 1.17604804039
      vertex 8.0739364624 14.8393316269 1.17604804039
    endloop
  endfacet
  facet normal 0 1 0
    outer loop
      vertex 8.08810329437 14.8536920547 1.17604804039
      vertex 8.0739364624 14.8536920547 1.17604804039
      vertex 8.0739364624 14.8393316269 1.17604804039
    endloop
  endfacet
  facet normal 0 1 0
    outer loop
      vertex 8.10227108002 14.8393316269 1.17604804039
      vertex 8.10227108002 14.8536920547 1.17604804039
      vertex 8.08810329437 14.8393316269 1.17604804039
    endloop
  endfacet
  facet normal 0 1 0
    outer loop
      vertex 8.10227108002 14.8536920547 1.17604804039
      vertex 8.08810329437 14.8536920547 1.17604804039
      vertex 8.08810329437 14.8393316269 1.17604804039
    endloop
  endfacet
  facet normal 0 1 0
    outer loop
      vertex 8.11643886566 14.8393316269 1.17604804039
      vertex 8.11643886566 14.8536920547 1.17604804039
      vertex 8.10227108002 14.8393316269 1.17604804039
    endloop
  endfacet
  facet normal 0 1 0
    outer loop
      vertex 8.11643886566 14.8536920547 1.17604804039
      vertex 8.10227108002 14.8536920547 1.17604804039
      vertex 8.10227108002 14.8393316269 1.17604804039
    endloop
  endfacet
  facet normal 0 1 0
    outer loop
      vertex 8.13060665131 14.8393316269 1.17604804039
      vertex 8.13060665131 14.8536920547 1.17604804039
      vertex 8.11643886566 14.8393316269 1.17604804039
    endloop
  endfacet
  facet normal 0 1 0
    outer loop
      vertex 8.13060665131 14.8536920547 1.17604804039
      vertex 8.11643886566 14.8536920547 1.17604804039
      vertex 8.11643886566 14.8393316269 1.17604804039
    endloop
  endfacet
  facet normal 0 1 0
    outer loop
      vertex 8.1447725296 14.8393316269 1.17604804039
      vertex 8.1447725296 14.8536920547 1.17604804039
      vertex 8.13060665131 14.8393316269 1.17604804039
    endloop
  endfacet
  facet normal 0 1 0
    outer loop
      vertex 8.1447725296 14.8536920547 1.17604804039
      vertex 8.13060665131 14.8536920547 1.17604804039
      vertex 8.13060665131 14.8393316269 1.17604804039
    endloop
  endfacet
  facet normal 0 1 0
    outer loop
      vertex 8.15894126892 14.8393316269 1.17604804039
      vertex 8.15894126892 14.8536920547 1.17604804039
      vertex 8.1447725296 14.8393316269 1.17604804039
    endloop
  endfacet
  facet normal 0 1 0
    outer loop
      vertex 8.15894126892 14.8536920547 1.17604804039
      vertex 8.1447725296 14.8536920547 1.17604804039
      vertex 8.1447725296 14.8393316269 1.17604804039
    endloop
  endfacet
  facet normal 0 1 0
    outer loop
      vertex 8.17310905457 14.8393316269 1.17604804039
      vertex 8.15894126892 14.8536920547 1.17604804039
      vertex 8.15894126892 14.8393316269 1.17604804039
    endloop
  endfacet
  facet normal 0 1 0
    outer loop
      vertex 7.96059417725 14.8536920547 1.17604804039
      vertex 7.96059417725 14.8680515289 1.17604804039
      vertex 7.94642591476 14.8536920547 1.17604804039
    endloop
  endfacet
  facet normal 0 1 0
    outer loop
      vertex 7.96059417725 14.8680515289 1.17604804039
      vertex 7.94642591476 14.8680515289 1.17604804039
      vertex 7.94642591476 14.8536920547 1.17604804039
    endloop
  endfacet
  facet normal 0 1 0
    outer loop
      vertex 7.97476100922 14.8536920547 1.17604804039
      vertex 7.97476100922 14.8680515289 1.17604804039
      vertex 7.96059417725 14.8536920547 1.17604804039
    endloop
  endfacet
  facet normal 0 1 0
    outer loop
      vertex 7.97476100922 14.8680515289 1.17604804039
      vertex 7.96059417725 14.8680515289 1.17604804039
      vertex 7.96059417725 14.8536920547 1.17604804039
    endloop
  endfacet
  facet normal 0 1 0
    outer loop
      vertex 7.98892879486 14.8536920547 1.17604804039
      vertex 7.98892879486 14.8680515289 1.17604804039
      vertex 7.97476100922 14.8536920547 1.17604804039
    endloop
  endfacet
  facet normal 0 1 0
    outer loop
      vertex 7.98892879486 14.8680515289 1.17604804039
      vertex 7.97476100922 14.8680515289 1.17604804039
      vertex 7.97476100922 14.8536920547 1.17604804039
    endloop
  endfacet
  facet normal 0 1 0
    outer loop
      vertex 8.00309753418 14.8536920547 1.17604804039
      vertex 8.00309753418 14.8680515289 1.17604804039
      vertex 7.98892879486 14.8536920547 1.17604804039
    endloop
  endfacet
  facet normal 0 1 0
    outer loop
      vertex 8.00309753418 14.8680515289 1.17604804039
      vertex 7.98892879486 14.8680515289 1.17604804039
      vertex 7.98892879486 14.8536920547 1.17604804039
    endloop
  endfacet
  facet normal 0 1 0
    outer loop
      vertex 8.01726436615 14.8536920547 1.17604804039
      vertex 8.01726436615 14.8680515289 1.17604804039
      vertex 8.00309753418 14.8536920547 1.17604804039
    endloop
  endfacet
  facet normal 0 1 0
    outer loop
      vertex 8.01726436615 14.8680515289 1.17604804039
      vertex 8.00309753418 14.8680515289 1.17604804039
      vertex 8.00309753418 14.8536920547 1.17604804039
    endloop
  endfacet
  facet normal 0 1 0
    outer loop
      vertex 8.03143215179 14.8536920547 1.17604804039
      vertex 8.03143215179 14.8680515289 1.17604804039
      vertex 8.01726436615 14.8536920547 1.17604804039
    endloop
  endfacet
  facet normal 0 1 0
    outer loop
      vertex 8.03143215179 14.8680515289 1.17604804039
      vertex 8.01726436615 14.8680515289 1.17604804039
      vertex 8.01726436615 14.8536920547 1.17604804039
    endloop
  endfacet
  facet normal 0 1 0
    outer loop
      vertex 8.04559993744 14.8536920547 1.17604804039
      vertex 8.04559993744 14.8680515289 1.17604804039
      vertex 8.03143215179 14.8536920547 1.17604804039
    endloop
  endfacet
  facet normal 0 1 0
    outer loop
      vertex 8.04559993744 14.8680515289 1.17604804039
      vertex 8.03143215179 14.8680515289 1.17604804039
      vertex 8.03143215179 14.8536920547 1.17604804039
    endloop
  endfacet
  facet normal 0 1 0
    outer loop
      vertex 8.05976772308 14.8536920547 1.17604804039
      vertex 8.05976772308 14.8680515289 1.17604804039
      vertex 8.04559993744 14.8536920547 1.17604804039
    endloop
  endfacet
  facet normal 0 1 0
    outer loop
      vertex 8.05976772308 14.8680515289 1.17604804039
      vertex 8.04559993744 14.8680515289 1.17604804039
      vertex 8.04559993744 14.8536920547 1.17604804039
    endloop
  endfacet
  facet normal 0 1 0
    outer loop
      vertex 8.0739364624 14.8536920547 1.17604804039
      vertex 8.0739364624 14.8680515289 1.17604804039
      vertex 8.05976772308 14.8536920547 1.17604804039
    endloop
  endfacet
  facet normal 0 1 0
    outer loop
      vertex 8.0739364624 14.8680515289 1.17604804039
      vertex 8.05976772308 14.8680515289 1.17604804039
      vertex 8.05976772308 14.8536920547 1.17604804039
    endloop
  endfacet
  facet normal 0 1 0
    outer loop
      vertex 8.08810329437 14.8536920547 1.17604804039
      vertex 8.08810329437 14.8680515289 1.17604804039
      vertex 8.0739364624 14.8536920547 1.17604804039
    endloop
  endfacet
  facet normal 0 1 0
    outer loop
      vertex 8.08810329437 14.8680515289 1.17604804039
      vertex 8.0739364624 14.8680515289 1.17604804039
      vertex 8.0739364624 14.8536920547 1.17604804039
    endloop
  endfacet
  facet normal 0 1 0
    outer loop
      vertex 8.10227108002 14.8536920547 1.17604804039
      vertex 8.10227108002 14.8680515289 1.17604804039
      vertex 8.08810329437 14.8536920547 1.17604804039
    endloop
  endfacet
  facet normal 0 1 0
    outer loop
      vertex 8.10227108002 14.8680515289 1.17604804039
      vertex 8.08810329437 14.8680515289 1.17604804039
      vertex 8.08810329437 14.8536920547 1.17604804039
    endloop
  endfacet
  facet normal 0 1 0
    outer loop
      vertex 8.11643886566 14.8536920547 1.17604804039
      vertex 8.10227108002 14.8680515289 1.17604804039
      vertex 8.10227108002 14.8536920547 1.17604804039
    endloop
  endfacet
  facet normal 0 1 -0
    outer loop
      vertex 7.96059417725 14.8824110031 1.17604804039
      vertex 7.94642591476 14.8680515289 1.17604804039
      vertex 7.96059417725 14.8680515289 1.17604804039
    endloop
  endfacet
  facet normal 0 1 0
    outer loop
      vertex 7.97476100922 14.8680515289 1.17604804039
      vertex 7.97476100922 14.8824110031 1.17604804039
      vertex 7.96059417725 14.8680515289 1.17604804039
    endloop
  endfacet
  facet normal 0 1 0
    outer loop
      vertex 7.97476100922 14.8824110031 1.17604804039
      vertex 7.96059417725 14.8824110031 1.17604804039
      vertex 7.96059417725 14.8680515289 1.17604804039
    endloop
  endfacet
  facet normal 0 1 0
    outer loop
      vertex 7.98892879486 14.8680515289 1.17604804039
      vertex 7.97476100922 14.8824110031 1.17604804039
      vertex 7.97476100922 14.8680515289 1.17604804039
    endloop
  endfacet
  facet normal 0 -1 -0
    outer loop
      vertex 8.2156124115 14.5808572769 1.21604800224
      vertex 8.20144462585 14.5952167511 1.21604800224
      vertex 8.2156124115 14.5952167511 1.21604800224
    endloop
  endfacet
  facet normal -0 -1 -0
    outer loop
      vertex 8.22978019714 14.5808572769 1.21604800224
      vertex 8.2156124115 14.5808572769 1.21604800224
      vertex 8.22978019714 14.5952167511 1.21604800224
    endloop
  endfacet
  facet normal 0 -1 0
    outer loop
      vertex 8.22978019714 14.5952167511 1.21604800224
      vertex 8.2156124115 14.5808572769 1.21604800224
      vertex 8.2156124115 14.5952167511 1.21604800224
    endloop
  endfacet
  facet normal 0 -1 0
    outer loop
      vertex 8.24394798279 14.5952167511 1.21604800224
      vertex 8.22978019714 14.5808572769 1.21604800224
      vertex 8.22978019714 14.5952167511 1.21604800224
    endloop
  endfacet
  facet normal 0 -1 -0
    outer loop
      vertex 8.18727684021 14.5952167511 1.21604800224
      vertex 8.17310905457 14.609577179 1.21604800224
      vertex 8.18727684021 14.609577179 1.21604800224
    endloop
  endfacet
  facet normal -0 -1 -0
    outer loop
      vertex 8.20144462585 14.5952167511 1.21604800224
      vertex 8.18727684021 14.5952167511 1.21604800224
      vertex 8.20144462585 14.609577179 1.21604800224
    endloop
  endfacet
  facet normal 0 -1 0
    outer loop
      vertex 8.20144462585 14.609577179 1.21604800224
      vertex 8.18727684021 14.5952167511 1.21604800224
      vertex 8.18727684021 14.609577179 1.21604800224
    endloop
  endfacet
  facet normal -0 -1 -0
    outer loop
      vertex 8.2156124115 14.5952167511 1.21604800224
      vertex 8.20144462585 14.5952167511 1.21604800224
      vertex 8.2156124115 14.609577179 1.21604800224
    endloop
  endfacet
  facet normal 0 -1 0
    outer loop
      vertex 8.2156124115 14.609577179 1.21604800224
      vertex 8.20144462585 14.5952167511 1.21604800224
      vertex 8.20144462585 14.609577179 1.21604800224
    endloop
  endfacet
  facet normal -0 -1 -0
    outer loop
      vertex 8.22978019714 14.5952167511 1.21604800224
      vertex 8.2156124115 14.5952167511 1.21604800224
      vertex 8.22978019714 14.609577179 1.21604800224
    endloop
  endfacet
  facet normal 0 -1 0
    outer loop
      vertex 8.22978019714 14.609577179 1.21604800224
      vertex 8.2156124115 14.5952167511 1.21604800224
      vertex 8.2156124115 14.609577179 1.21604800224
    endloop
  endfacet
  facet normal -0 -1 -0
    outer loop
      vertex 8.24394798279 14.5952167511 1.21604800224
      vertex 8.22978019714 14.5952167511 1.21604800224
      vertex 8.24394798279 14.609577179 1.21604800224
    endloop
  endfacet
  facet normal 0 -1 0
    outer loop
      vertex 8.24394798279 14.609577179 1.21604800224
      vertex 8.22978019714 14.5952167511 1.21604800224
      vertex 8.22978019714 14.609577179 1.21604800224
    endloop
  endfacet
  facet normal 0 -1 -0
    outer loop
      vertex 8.11643886566 14.609577179 1.21604800224
      vertex 8.10227108002 14.6239366531 1.21604800224
      vertex 8.11643886566 14.6239366531 1.21604800224
    endloop
  endfacet
  facet normal -0 -1 -0
    outer loop
      vertex 8.13060665131 14.609577179 1.21604800224
      vertex 8.11643886566 14.609577179 1.21604800224
      vertex 8.13060665131 14.6239366531 1.21604800224
    endloop
  endfacet
  facet normal 0 -1 0
    outer loop
      vertex 8.13060665131 14.6239366531 1.21604800224
      vertex 8.11643886566 14.609577179 1.21604800224
      vertex 8.11643886566 14.6239366531 1.21604800224
    endloop
  endfacet
  facet normal -0 -1 -0
    outer loop
      vertex 8.1447725296 14.609577179 1.21604800224
      vertex 8.13060665131 14.609577179 1.21604800224
      vertex 8.1447725296 14.6239366531 1.21604800224
    endloop
  endfacet
  facet normal 0 -1 0
    outer loop
      vertex 8.1447725296 14.6239366531 1.21604800224
      vertex 8.13060665131 14.609577179 1.21604800224
      vertex 8.13060665131 14.6239366531 1.21604800224
    endloop
  endfacet
  facet normal -0 -1 -0
    outer loop
      vertex 8.15894126892 14.609577179 1.21604800224
      vertex 8.1447725296 14.609577179 1.21604800224
      vertex 8.15894126892 14.6239366531 1.21604800224
    endloop
  endfacet
  facet normal 0 -1 0
    outer loop
      vertex 8.15894126892 14.6239366531 1.21604800224
      vertex 8.1447725296 14.609577179 1.21604800224
      vertex 8.1447725296 14.6239366531 1.21604800224
    endloop
  endfacet
  facet normal -0 -1 -0
    outer loop
      vertex 8.17310905457 14.609577179 1.21604800224
      vertex 8.15894126892 14.609577179 1.21604800224
      vertex 8.17310905457 14.6239366531 1.21604800224
    endloop
  endfacet
  facet normal 0 -1 0
    outer loop
      vertex 8.17310905457 14.6239366531 1.21604800224
      vertex 8.15894126892 14.609577179 1.21604800224
      vertex 8.15894126892 14.6239366531 1.21604800224
    endloop
  endfacet
  facet normal -0 -1 -0
    outer loop
      vertex 8.18727684021 14.609577179 1.21604800224
      vertex 8.17310905457 14.609577179 1.21604800224
      vertex 8.18727684021 14.6239366531 1.21604800224
    endloop
  endfacet
  facet normal 0 -1 0
    outer loop
      vertex 8.18727684021 14.6239366531 1.21604800224
      vertex 8.17310905457 14.609577179 1.21604800224
      vertex 8.17310905457 14.6239366531 1.21604800224
    endloop
  endfacet
  facet normal -0 -1 -0
    outer loop
      vertex 8.20144462585 14.609577179 1.21604800224
      vertex 8.18727684021 14.609577179 1.21604800224
      vertex 8.20144462585 14.6239366531 1.21604800224
    endloop
  endfacet
  facet normal 0 -1 0
    outer loop
      vertex 8.20144462585 14.6239366531 1.21604800224
      vertex 8.18727684021 14.609577179 1.21604800224
      vertex 8.18727684021 14.6239366531 1.21604800224
    endloop
  endfacet
  facet normal -0 -1 -0
    outer loop
      vertex 8.2156124115 14.609577179 1.21604800224
      vertex 8.20144462585 14.609577179 1.21604800224
      vertex 8.2156124115 14.6239366531 1.21604800224
    endloop
  endfacet
  facet normal 0 -1 0
    outer loop
      vertex 8.2156124115 14.6239366531 1.21604800224
      vertex 8.20144462585 14.609577179 1.21604800224
      vertex 8.20144462585 14.6239366531 1.21604800224
    endloop
  endfacet
  facet normal -0 -1 -0
    outer loop
      vertex 8.22978019714 14.609577179 1.21604800224
      vertex 8.2156124115 14.609577179 1.21604800224
      vertex 8.22978019714 14.6239366531 1.21604800224
    endloop
  endfacet
  facet normal 0 -1 0
    outer loop
      vertex 8.22978019714 14.6239366531 1.21604800224
      vertex 8.2156124115 14.609577179 1.21604800224
      vertex 8.2156124115 14.6239366531 1.21604800224
    endloop
  endfacet
  facet normal -0 -1 -0
    outer loop
      vertex 8.24394798279 14.609577179 1.21604800224
      vertex 8.22978019714 14.609577179 1.21604800224
      vertex 8.24394798279 14.6239366531 1.21604800224
    endloop
  endfacet
  facet normal 0 -1 0
    outer loop
      vertex 8.24394798279 14.6239366531 1.21604800224
      vertex 8.22978019714 14.609577179 1.21604800224
      vertex 8.22978019714 14.6239366531 1.21604800224
    endloop
  endfacet
  facet normal 0 -1 -0
    outer loop
      vertex 8.05976772308 14.6239366531 1.21604800224
      vertex 8.04559993744 14.6382961273 1.21604800224
      vertex 8.05976772308 14.6382961273 1.21604800224
    endloop
  endfacet
  facet normal -0 -1 -0
    outer loop
      vertex 8.0739364624 14.6239366531 1.21604800224
      vertex 8.05976772308 14.6239366531 1.21604800224
      vertex 8.0739364624 14.6382961273 1.21604800224
    endloop
  endfacet
  facet normal 0 -1 0
    outer loop
      vertex 8.0739364624 14.6382961273 1.21604800224
      vertex 8.05976772308 14.6239366531 1.21604800224
      vertex 8.05976772308 14.6382961273 1.21604800224
    endloop
  endfacet
  facet normal -0 -1 -0
    outer loop
      vertex 8.08810329437 14.6239366531 1.21604800224
      vertex 8.0739364624 14.6239366531 1.21604800224
      vertex 8.08810329437 14.6382961273 1.21604800224
    endloop
  endfacet
  facet normal 0 -1 0
    outer loop
      vertex 8.08810329437 14.6382961273 1.21604800224
      vertex 8.0739364624 14.6239366531 1.21604800224
      vertex 8.0739364624 14.6382961273 1.21604800224
    endloop
  endfacet
  facet normal -0 -1 -0
    outer loop
      vertex 8.10227108002 14.6239366531 1.21604800224
      vertex 8.08810329437 14.6239366531 1.21604800224
      vertex 8.10227108002 14.6382961273 1.21604800224
    endloop
  endfacet
  facet normal 0 -1 0
    outer loop
      vertex 8.10227108002 14.6382961273 1.21604800224
      vertex 8.08810329437 14.6239366531 1.21604800224
      vertex 8.08810329437 14.6382961273 1.21604800224
    endloop
  endfacet
  facet normal -0 -1 -0
    outer loop
      vertex 8.11643886566 14.6239366531 1.21604800224
      vertex 8.10227108002 14.6239366531 1.21604800224
      vertex 8.11643886566 14.6382961273 1.21604800224
    endloop
  endfacet
  facet normal 0 -1 0
    outer loop
      vertex 8.11643886566 14.6382961273 1.21604800224
      vertex 8.10227108002 14.6239366531 1.21604800224
      vertex 8.10227108002 14.6382961273 1.21604800224
    endloop
  endfacet
  facet normal -0 -1 -0
    outer loop
      vertex 8.13060665131 14.6239366531 1.21604800224
      vertex 8.11643886566 14.6239366531 1.21604800224
      vertex 8.13060665131 14.6382961273 1.21604800224
    endloop
  endfacet
  facet normal 0 -1 0
    outer loop
      vertex 8.13060665131 14.6382961273 1.21604800224
      vertex 8.11643886566 14.6239366531 1.21604800224
      vertex 8.11643886566 14.6382961273 1.21604800224
    endloop
  endfacet
  facet normal -0 -1 -0
    outer loop
      vertex 8.1447725296 14.6239366531 1.21604800224
      vertex 8.13060665131 14.6239366531 1.21604800224
      vertex 8.1447725296 14.6382961273 1.21604800224
    endloop
  endfacet
  facet normal 0 -1 0
    outer loop
      vertex 8.1447725296 14.6382961273 1.21604800224
      vertex 8.13060665131 14.6239366531 1.21604800224
      vertex 8.13060665131 14.6382961273 1.21604800224
    endloop
  endfacet
  facet normal -0 -1 -0
    outer loop
      vertex 8.15894126892 14.6239366531 1.21604800224
      vertex 8.1447725296 14.6239366531 1.21604800224
      vertex 8.15894126892 14.6382961273 1.21604800224
    endloop
  endfacet
  facet normal 0 -1 0
    outer loop
      vertex 8.15894126892 14.6382961273 1.21604800224
      vertex 8.1447725296 14.6239366531 1.21604800224
      vertex 8.1447725296 14.6382961273 1.21604800224
    endloop
  endfacet
  facet normal -0 -1 -0
    outer loop
      vertex 8.17310905457 14.6239366531 1.21604800224
      vertex 8.15894126892 14.6239366531 1.21604800224
      vertex 8.17310905457 14.6382961273 1.21604800224
    endloop
  endfacet
  facet normal 0 -1 0
    outer loop
      vertex 8.17310905457 14.6382961273 1.21604800224
      vertex 8.15894126892 14.6239366531 1.21604800224
      vertex 8.15894126892 14.6382961273 1.21604800224
    endloop
  endfacet
  facet normal -0.635603666306 -0.45025524497 0.627118945122
    outer loop
      vertex 8.18727684021 14.6382961273 1.19604802132
      vertex 8.18727684021 14.6239366531 1.21604800224
      vertex 8.17310905457 14.6382961273 1.21604800224
    endloop
  endfacet
  facet normal -0 -1 0
    outer loop
      vertex 8.18727684021 14.6239366531 1.21604800224
      vertex 8.17310905457 14.6239366531 1.21604800224
      vertex 8.17310905457 14.6382961273 1.21604800224
    endloop
  endfacet
  facet normal 0 -0.583220481873 0.812313914299
    outer loop
      vertex 8.20144462585 14.6382961273 1.19604802132
      vertex 8.18727684021 14.6239366531 1.21604800224
      vertex 8.18727684021 14.6382961273 1.19604802132
    endloop
  endfacet
  facet normal 0 -0.583220481873 0.812313914299
    outer loop
      vertex 8.20144462585 14.6239366531 1.21604800224
      vertex 8.18727684021 14.6239366531 1.21604800224
      vertex 8.20144462585 14.6382961273 1.19604802132
    endloop
  endfacet
  facet normal 0 -0.583220481873 0.812313914299
    outer loop
      vertex 8.2156124115 14.6382961273 1.19604802132
      vertex 8.20144462585 14.6239366531 1.21604800224
      vertex 8.20144462585 14.6382961273 1.19604802132
    endloop
  endfacet
  facet normal 0 -0.583220481873 0.812313914299
    outer loop
      vertex 8.2156124115 14.6239366531 1.21604800224
      vertex 8.20144462585 14.6239366531 1.21604800224
      vertex 8.2156124115 14.6382961273 1.19604802132
    endloop
  endfacet
  facet normal 0 -0.583220481873 0.812313914299
    outer loop
      vertex 8.22978019714 14.6382961273 1.19604802132
      vertex 8.2156124115 14.6239366531 1.21604800224
      vertex 8.2156124115 14.6382961273 1.19604802132
    endloop
  endfacet
  facet normal 0 -0.583220481873 0.812313914299
    outer loop
      vertex 8.22978019714 14.6239366531 1.21604800224
      vertex 8.2156124115 14.6239366531 1.21604800224
      vertex 8.22978019714 14.6382961273 1.19604802132
    endloop
  endfacet
  facet normal 0 -0.583220481873 0.812313914299
    outer loop
      vertex 8.24394798279 14.6382961273 1.19604802132
      vertex 8.22978019714 14.6239366531 1.21604800224
      vertex 8.22978019714 14.6382961273 1.19604802132
    endloop
  endfacet
  facet normal 0 -0.583220481873 0.812313914299
    outer loop
      vertex 8.24394798279 14.6239366531 1.21604800224
      vertex 8.22978019714 14.6239366531 1.21604800224
      vertex 8.24394798279 14.6382961273 1.19604802132
    endloop
  endfacet
  facet normal 1 0 0
    outer loop
      vertex 8.24394798279 14.6239366531 1.21604800224
      vertex 8.24394798279 14.6382961273 1.19604802132
      vertex 8.24394798279 14.6382961273 1.21604800224
    endloop
  endfacet
  facet normal 0 -1 -0
    outer loop
      vertex 7.97476100922 14.6382961273 1.21604800224
      vertex 7.96059417725 14.6526556015 1.21604800224
      vertex 7.97476100922 14.6526556015 1.21604800224
    endloop
  endfacet
  facet normal -0 -1 -0
    outer loop
      vertex 7.98892879486 14.6382961273 1.21604800224
      vertex 7.97476100922 14.6382961273 1.21604800224
      vertex 7.98892879486 14.6526556015 1.21604800224
    endloop
  endfacet
  facet normal 0 -1 0
    outer loop
      vertex 7.98892879486 14.6526556015 1.21604800224
      vertex 7.97476100922 14.6382961273 1.21604800224
      vertex 7.97476100922 14.6526556015 1.21604800224
    endloop
  endfacet
  facet normal -0 -1 -0
    outer loop
      vertex 8.00309753418 14.6382961273 1.21604800224
      vertex 7.98892879486 14.6382961273 1.21604800224
      vertex 8.00309753418 14.6526556015 1.21604800224
    endloop
  endfacet
  facet normal 0 -1 0
    outer loop
      vertex 8.00309753418 14.6526556015 1.21604800224
      vertex 7.98892879486 14.6382961273 1.21604800224
      vertex 7.98892879486 14.6526556015 1.21604800224
    endloop
  endfacet
  facet normal -0 -1 -0
    outer loop
      vertex 8.01726436615 14.6382961273 1.21604800224
      vertex 8.00309753418 14.6382961273 1.21604800224
      vertex 8.01726436615 14.6526556015 1.21604800224
    endloop
  endfacet
  facet normal 0 -1 0
    outer loop
      vertex 8.01726436615 14.6526556015 1.21604800224
      vertex 8.00309753418 14.6382961273 1.21604800224
      vertex 8.00309753418 14.6526556015 1.21604800224
    endloop
  endfacet
  facet normal -0 -1 -0
    outer loop
      vertex 8.03143215179 14.6382961273 1.21604800224
      vertex 8.01726436615 14.6382961273 1.21604800224
      vertex 8.03143215179 14.6526556015 1.21604800224
    endloop
  endfacet
  facet normal 0 -1 0
    outer loop
      vertex 8.03143215179 14.6526556015 1.21604800224
      vertex 8.01726436615 14.6382961273 1.21604800224
      vertex 8.01726436615 14.6526556015 1.21604800224
    endloop
  endfacet
  facet normal -0 -1 -0
    outer loop
      vertex 8.04559993744 14.6382961273 1.21604800224
      vertex 8.03143215179 14.6382961273 1.21604800224
      vertex 8.04559993744 14.6526556015 1.21604800224
    endloop
  endfacet
  facet normal 0 -1 0
    outer loop
      vertex 8.04559993744 14.6526556015 1.21604800224
      vertex 8.03143215179 14.6382961273 1.21604800224
      vertex 8.03143215179 14.6526556015 1.21604800224
    endloop
  endfacet
  facet normal -0 -1 -0
    outer loop
      vertex 8.05976772308 14.6382961273 1.21604800224
      vertex 8.04559993744 14.6382961273 1.21604800224
      vertex 8.05976772308 14.6526556015 1.21604800224
    endloop
  endfacet
  facet normal 0 -1 0
    outer loop
      vertex 8.05976772308 14.6526556015 1.21604800224
      vertex 8.04559993744 14.6382961273 1.21604800224
      vertex 8.04559993744 14.6526556015 1.21604800224
    endloop
  endfacet
  facet normal -0 -1 -0
    outer loop
      vertex 8.0739364624 14.6382961273 1.21604800224
      vertex 8.05976772308 14.6382961273 1.21604800224
      vertex 8.0739364624 14.6526556015 1.21604800224
    endloop
  endfacet
  facet normal 0 -1 0
    outer loop
      vertex 8.0739364624 14.6526556015 1.21604800224
      vertex 8.05976772308 14.6382961273 1.21604800224
      vertex 8.05976772308 14.6526556015 1.21604800224
    endloop
  endfacet
  facet normal -0 -1 -0
    outer loop
      vertex 8.08810329437 14.6382961273 1.21604800224
      vertex 8.0739364624 14.6382961273 1.21604800224
      vertex 8.08810329437 14.6526556015 1.21604800224
    endloop
  endfacet
  facet normal 0 -1 0
    outer loop
      vertex 8.08810329437 14.6526556015 1.21604800224
      vertex 8.0739364624 14.6382961273 1.21604800224
      vertex 8.0739364624 14.6526556015 1.21604800224
    endloop
  endfacet
  facet normal -0 -1 -0
    outer loop
      vertex 8.10227108002 14.6382961273 1.21604800224
      vertex 8.08810329437 14.6382961273 1.21604800224
      vertex 8.10227108002 14.6526556015 1.21604800224
    endloop
  endfacet
  facet normal 0 -1 0
    outer loop
      vertex 8.10227108002 14.6526556015 1.21604800224
      vertex 8.08810329437 14.6382961273 1.21604800224
      vertex 8.08810329437 14.6526556015 1.21604800224
    endloop
  endfacet
  facet normal -0 -1 -0
    outer loop
      vertex 8.11643886566 14.6382961273 1.21604800224
      vertex 8.10227108002 14.6382961273 1.21604800224
      vertex 8.11643886566 14.6526556015 1.21604800224
    endloop
  endfacet
  facet normal 0 -1 0
    outer loop
      vertex 8.11643886566 14.6526556015 1.21604800224
      vertex 8.10227108002 14.6382961273 1.21604800224
      vertex 8.10227108002 14.6526556015 1.21604800224
    endloop
  endfacet
  facet normal -0 -1 -0
    outer loop
      vertex 8.13060665131 14.6382961273 1.21604800224
      vertex 8.11643886566 14.6382961273 1.21604800224
      vertex 8.13060665131 14.6526556015 1.21604800224
    endloop
  endfacet
  facet normal 0 -1 0
    outer loop
      vertex 8.13060665131 14.6526556015 1.21604800224
      vertex 8.11643886566 14.6382961273 1.21604800224
      vertex 8.11643886566 14.6526556015 1.21604800224
    endloop
  endfacet
  facet normal -0.635654807091 -0.450230807066 0.627084672451
    outer loop
      vertex 8.1447725296 14.6526556015 1.19604802132
      vertex 8.1447725296 14.6382961273 1.21604800224
      vertex 8.13060665131 14.6526556015 1.21604800224
    endloop
  endfacet
  facet normal -0 -1 0
    outer loop
      vertex 8.1447725296 14.6382961273 1.21604800224
      vertex 8.13060665131 14.6382961273 1.21604800224
      vertex 8.13060665131 14.6526556015 1.21604800224
    endloop
  endfacet
  facet normal 0 -0.583220660686 0.81231379509
    outer loop
      vertex 8.15894126892 14.6526556015 1.19604802132
      vertex 8.1447725296 14.6382961273 1.21604800224
      vertex 8.1447725296 14.6526556015 1.19604802132
    endloop
  endfacet
  facet normal 0 -0.583220660686 0.81231379509
    outer loop
      vertex 8.15894126892 14.6382961273 1.21604800224
      vertex 8.1447725296 14.6382961273 1.21604800224
      vertex 8.15894126892 14.6526556015 1.19604802132
    endloop
  endfacet
  facet normal 0 -0.583220660686 0.81231379509
    outer loop
      vertex 8.17310905457 14.6526556015 1.19604802132
      vertex 8.15894126892 14.6382961273 1.21604800224
      vertex 8.15894126892 14.6526556015 1.19604802132
    endloop
  endfacet
  facet normal 0 -0.583220660686 0.81231379509
    outer loop
      vertex 8.17310905457 14.6382961273 1.21604800224
      vertex 8.15894126892 14.6382961273 1.21604800224
      vertex 8.17310905457 14.6526556015 1.19604802132
    endloop
  endfacet
  facet normal -0.635603785515 -0.450255334377 0.627118766308
    outer loop
      vertex 8.18727684021 14.6382961273 1.19604802132
      vertex 8.17310905457 14.6382961273 1.21604800224
      vertex 8.17310905457 14.6526556015 1.19604802132
    endloop
  endfacet
  facet normal 0.711842179298 -0 0.702339410782
    outer loop
      vertex 8.24394798279 14.6382961273 1.19604802132
      vertex 8.25811576843 14.6526556015 1.21604800224
      vertex 8.24394798279 14.6382961273 1.21604800224
    endloop
  endfacet
  facet normal 0.711842179298 -0 0.702339410782
    outer loop
      vertex 8.25811576843 14.6526556015 1.19604802132
      vertex 8.25811576843 14.6526556015 1.21604800224
      vertex 8.24394798279 14.6382961273 1.19604802132
    endloop
  endfacet
  facet normal -0 -1 -0
    outer loop
      vertex 7.96059417725 14.6526556015 1.21604800224
      vertex 7.94642591476 14.6526556015 1.21604800224
      vertex 7.96059417725 14.6670160294 1.21604800224
    endloop
  endfacet
  facet normal 0 -1 0
    outer loop
      vertex 7.96059417725 14.6670160294 1.21604800224
      vertex 7.94642591476 14.6526556015 1.21604800224
      vertex 7.94642591476 14.6670160294 1.21604800224
    endloop
  endfacet
  facet normal -0 -1 -0
    outer loop
      vertex 7.97476100922 14.6526556015 1.21604800224
      vertex 7.96059417725 14.6526556015 1.21604800224
      vertex 7.97476100922 14.6670160294 1.21604800224
    endloop
  endfacet
  facet normal 0 -1 0
    outer loop
      vertex 7.97476100922 14.6670160294 1.21604800224
      vertex 7.96059417725 14.6526556015 1.21604800224
      vertex 7.96059417725 14.6670160294 1.21604800224
    endloop
  endfacet
  facet normal -0 -1 -0
    outer loop
      vertex 7.98892879486 14.6526556015 1.21604800224
      vertex 7.97476100922 14.6526556015 1.21604800224
      vertex 7.98892879486 14.6670160294 1.21604800224
    endloop
  endfacet
  facet normal 0 -1 0
    outer loop
      vertex 7.98892879486 14.6670160294 1.21604800224
      vertex 7.97476100922 14.6526556015 1.21604800224
      vertex 7.97476100922 14.6670160294 1.21604800224
    endloop
  endfacet
  facet normal -0 -1 -0
    outer loop
      vertex 8.00309753418 14.6526556015 1.21604800224
      vertex 7.98892879486 14.6526556015 1.21604800224
      vertex 8.00309753418 14.6670160294 1.21604800224
    endloop
  endfacet
  facet normal 0 -1 0
    outer loop
      vertex 8.00309753418 14.6670160294 1.21604800224
      vertex 7.98892879486 14.6526556015 1.21604800224
      vertex 7.98892879486 14.6670160294 1.21604800224
    endloop
  endfacet
  facet normal -0 -1 -0
    outer loop
      vertex 8.01726436615 14.6526556015 1.21604800224
      vertex 8.00309753418 14.6526556015 1.21604800224
      vertex 8.01726436615 14.6670160294 1.21604800224
    endloop
  endfacet
  facet normal 0 -1 0
    outer loop
      vertex 8.01726436615 14.6670160294 1.21604800224
      vertex 8.00309753418 14.6526556015 1.21604800224
      vertex 8.00309753418 14.6670160294 1.21604800224
    endloop
  endfacet
  facet normal -0 -1 -0
    outer loop
      vertex 8.03143215179 14.6526556015 1.21604800224
      vertex 8.01726436615 14.6526556015 1.21604800224
      vertex 8.03143215179 14.6670160294 1.21604800224
    endloop
  endfacet
  facet normal 0 -1 0
    outer loop
      vertex 8.03143215179 14.6670160294 1.21604800224
      vertex 8.01726436615 14.6526556015 1.21604800224
      vertex 8.01726436615 14.6670160294 1.21604800224
    endloop
  endfacet
  facet normal -0 -1 -0
    outer loop
      vertex 8.04559993744 14.6526556015 1.21604800224
      vertex 8.03143215179 14.6526556015 1.21604800224
      vertex 8.04559993744 14.6670160294 1.21604800224
    endloop
  endfacet
  facet normal 0 -1 0
    outer loop
      vertex 8.04559993744 14.6670160294 1.21604800224
      vertex 8.03143215179 14.6526556015 1.21604800224
      vertex 8.03143215179 14.6670160294 1.21604800224
    endloop
  endfacet
  facet normal -0.635620236397 -0.450267076492 0.627093672752
    outer loop
      vertex 8.05976772308 14.6670160294 1.19604802132
      vertex 8.05976772308 14.6526556015 1.21604800224
      vertex 8.04559993744 14.6670160294 1.21604800224
    endloop
  endfacet
  facet normal -0 -1 0
    outer loop
      vertex 8.05976772308 14.6526556015 1.21604800224
      vertex 8.04559993744 14.6526556015 1.21604800224
      vertex 8.04559993744 14.6670160294 1.21604800224
    endloop
  endfacet
  facet normal 0 -0.58324611187 0.812295496464
    outer loop
      vertex 8.0739364624 14.6670160294 1.19604802132
      vertex 8.05976772308 14.6526556015 1.21604800224
      vertex 8.05976772308 14.6670160294 1.19604802132
    endloop
  endfacet
  facet normal 0 -0.58324611187 0.812295496464
    outer loop
      vertex 8.0739364624 14.6526556015 1.21604800224
      vertex 8.05976772308 14.6526556015 1.21604800224
      vertex 8.0739364624 14.6670160294 1.19604802132
    endloop
  endfacet
  facet normal 0 -0.58324611187 0.812295496464
    outer loop
      vertex 8.08810329437 14.6670160294 1.19604802132
      vertex 8.0739364624 14.6526556015 1.21604800224
      vertex 8.0739364624 14.6670160294 1.19604802132
    endloop
  endfacet
  facet normal 0 -0.58324611187 0.812295496464
    outer loop
      vertex 8.08810329437 14.6526556015 1.21604800224
      vertex 8.0739364624 14.6526556015 1.21604800224
      vertex 8.08810329437 14.6670160294 1.19604802132
    endloop
  endfacet
  facet normal 0 -0.58324611187 0.812295496464
    outer loop
      vertex 8.10227108002 14.6670160294 1.19604802132
      vertex 8.08810329437 14.6526556015 1.21604800224
      vertex 8.08810329437 14.6670160294 1.19604802132
    endloop
  endfacet
  facet normal 0 -0.58324611187 0.812295496464
    outer loop
      vertex 8.10227108002 14.6526556015 1.21604800224
      vertex 8.08810329437 14.6526556015 1.21604800224
      vertex 8.10227108002 14.6670160294 1.19604802132
    endloop
  endfacet
  facet normal 0 -0.58324611187 0.812295496464
    outer loop
      vertex 8.11643886566 14.6670160294 1.19604802132
      vertex 8.10227108002 14.6526556015 1.21604800224
      vertex 8.10227108002 14.6670160294 1.19604802132
    endloop
  endfacet
  facet normal 0 -0.58324611187 0.812295496464
    outer loop
      vertex 8.11643886566 14.6526556015 1.21604800224
      vertex 8.10227108002 14.6526556015 1.21604800224
      vertex 8.11643886566 14.6670160294 1.19604802132
    endloop
  endfacet
  facet normal 0 -0.58324611187 0.812295496464
    outer loop
      vertex 8.13060665131 14.6670160294 1.19604802132
      vertex 8.11643886566 14.6526556015 1.21604800224
      vertex 8.11643886566 14.6670160294 1.19604802132
    endloop
  endfacet
  facet normal 0 -0.58324611187 0.812295496464
    outer loop
      vertex 8.13060665131 14.6526556015 1.21604800224
      vertex 8.11643886566 14.6526556015 1.21604800224
      vertex 8.13060665131 14.6670160294 1.19604802132
    endloop
  endfacet
  facet normal -0.635671377182 -0.450242549181 0.627059459686
    outer loop
      vertex 8.1447725296 14.6526556015 1.19604802132
      vertex 8.13060665131 14.6526556015 1.21604800224
      vertex 8.13060665131 14.6670160294 1.19604802132
    endloop
  endfacet
  facet normal 1 -0 0
    outer loop
      vertex 8.25811576843 14.6526556015 1.19604802132
      vertex 8.25811576843 14.6670160294 1.19604802132
      vertex 8.25811576843 14.6526556015 1.21604800224
    endloop
  endfacet
  facet normal 1 0 0
    outer loop
      vertex 8.25811576843 14.6526556015 1.21604800224
      vertex 8.25811576843 14.6670160294 1.19604802132
      vertex 8.25811576843 14.6670160294 1.21604800224
    endloop
  endfacet
  facet normal 0 -1 -0
    outer loop
      vertex 7.94642591476 14.6670160294 1.21604800224
      vertex 7.93225908279 14.6813764572 1.21604800224
      vertex 7.94642591476 14.6813764572 1.21604800224
    endloop
  endfacet
  facet normal -0 -1 -0
    outer loop
      vertex 7.96059417725 14.6670160294 1.21604800224
      vertex 7.94642591476 14.6670160294 1.21604800224
      vertex 7.96059417725 14.6813764572 1.21604800224
    endloop
  endfacet
  facet normal 0 -1 0
    outer loop
      vertex 7.96059417725 14.6813764572 1.21604800224
      vertex 7.94642591476 14.6670160294 1.21604800224
      vertex 7.94642591476 14.6813764572 1.21604800224
    endloop
  endfacet
  facet normal -0 -1 -0
    outer loop
      vertex 7.97476100922 14.6670160294 1.21604800224
      vertex 7.96059417725 14.6670160294 1.21604800224
      vertex 7.97476100922 14.6813764572 1.21604800224
    endloop
  endfacet
  facet normal 0 -1 0
    outer loop
      vertex 7.97476100922 14.6813764572 1.21604800224
      vertex 7.96059417725 14.6670160294 1.21604800224
      vertex 7.96059417725 14.6813764572 1.21604800224
    endloop
  endfacet
  facet normal -0.635620296001 -0.450266987085 0.627093672752
    outer loop
      vertex 7.98892879486 14.6813764572 1.19604802132
      vertex 7.98892879486 14.6670160294 1.21604800224
      vertex 7.97476100922 14.6813764572 1.21604800224
    endloop
  endfacet
  facet normal -0 -1 0
    outer loop
      vertex 7.98892879486 14.6670160294 1.21604800224
      vertex 7.97476100922 14.6670160294 1.21604800224
      vertex 7.97476100922 14.6813764572 1.21604800224
    endloop
  endfacet
  facet normal 0 -0.583245992661 0.812295556068
    outer loop
      vertex 8.00309753418 14.6813764572 1.19604802132
      vertex 7.98892879486 14.6670160294 1.21604800224
      vertex 7.98892879486 14.6813764572 1.19604802132
    endloop
  endfacet
  facet normal 0 -0.583245992661 0.812295556068
    outer loop
      vertex 8.00309753418 14.6670160294 1.21604800224
      vertex 7.98892879486 14.6670160294 1.21604800224
      vertex 8.00309753418 14.6813764572 1.19604802132
    endloop
  endfacet
  facet normal 0 -0.583245992661 0.812295556068
    outer loop
      vertex 8.01726436615 14.6813764572 1.19604802132
      vertex 8.00309753418 14.6670160294 1.21604800224
      vertex 8.00309753418 14.6813764572 1.19604802132
    endloop
  endfacet
  facet normal 0 -0.583245992661 0.812295556068
    outer loop
      vertex 8.01726436615 14.6670160294 1.21604800224
      vertex 8.00309753418 14.6670160294 1.21604800224
      vertex 8.01726436615 14.6813764572 1.19604802132
    endloop
  endfacet
  facet normal 0 -0.583245992661 0.812295556068
    outer loop
      vertex 8.03143215179 14.6813764572 1.19604802132
      vertex 8.01726436615 14.6670160294 1.21604800224
      vertex 8.01726436615 14.6813764572 1.19604802132
    endloop
  endfacet
  facet normal 0 -0.583245992661 0.812295556068
    outer loop
      vertex 8.03143215179 14.6670160294 1.21604800224
      vertex 8.01726436615 14.6670160294 1.21604800224
      vertex 8.03143215179 14.6813764572 1.19604802132
    endloop
  endfacet
  facet normal 0 -0.583245992661 0.812295556068
    outer loop
      vertex 8.04559993744 14.6813764572 1.19604802132
      vertex 8.03143215179 14.6670160294 1.21604800224
      vertex 8.03143215179 14.6813764572 1.19604802132
    endloop
  endfacet
  facet normal 0 -0.583245992661 0.812295556068
    outer loop
      vertex 8.04559993744 14.6670160294 1.21604800224
      vertex 8.03143215179 14.6670160294 1.21604800224
      vertex 8.04559993744 14.6813764572 1.19604802132
    endloop
  endfacet
  facet normal -0.635620176792 -0.45026704669 0.627093732357
    outer loop
      vertex 8.05976772308 14.6670160294 1.19604802132
      vertex 8.04559993744 14.6670160294 1.21604800224
      vertex 8.04559993744 14.6813764572 1.19604802132
    endloop
  endfacet
  facet normal 1 -0 0
    outer loop
      vertex 8.25811576843 14.6670160294 1.19604802132
      vertex 8.25811576843 14.6813764572 1.19604802132
      vertex 8.25811576843 14.6670160294 1.21604800224
    endloop
  endfacet
  facet normal 1 0 0
    outer loop
      vertex 8.25811576843 14.6670160294 1.21604800224
      vertex 8.25811576843 14.6813764572 1.19604802132
      vertex 8.25811576843 14.6813764572 1.21604800224
    endloop
  endfacet
  facet normal -0 -1 -0
    outer loop
      vertex 7.94642591476 14.6813764572 1.21604800224
      vertex 7.93225908279 14.6813764572 1.21604800224
      vertex 7.94642591476 14.6957349777 1.21604800224
    endloop
  endfacet
  facet normal 0 -1 0
    outer loop
      vertex 7.94642591476 14.6957349777 1.21604800224
      vertex 7.93225908279 14.6813764572 1.21604800224
      vertex 7.93225908279 14.6957349777 1.21604800224
    endloop
  endfacet
  facet normal -0.63557446003 -0.450249612331 0.627152621746
    outer loop
      vertex 7.96059417725 14.6957349777 1.19604802132
      vertex 7.96059417725 14.6813764572 1.21604800224
      vertex 7.94642591476 14.6957349777 1.21604800224
    endloop
  endfacet
  facet normal -0 -1 0
    outer loop
      vertex 7.96059417725 14.6813764572 1.21604800224
      vertex 7.94642591476 14.6813764572 1.21604800224
      vertex 7.94642591476 14.6957349777 1.21604800224
    endloop
  endfacet
  facet normal 0 -0.583194971085 0.812332212925
    outer loop
      vertex 7.97476100922 14.6957349777 1.19604802132
      vertex 7.96059417725 14.6813764572 1.21604800224
      vertex 7.96059417725 14.6957349777 1.19604802132
    endloop
  endfacet
  facet normal 0 -0.583194971085 0.812332212925
    outer loop
      vertex 7.97476100922 14.6813764572 1.21604800224
      vertex 7.96059417725 14.6813764572 1.21604800224
      vertex 7.97476100922 14.6957349777 1.19604802132
    endloop
  endfacet
  facet normal -0.635587155819 -0.450243532658 0.627144098282
    outer loop
      vertex 7.98892879486 14.6813764572 1.19604802132
      vertex 7.97476100922 14.6813764572 1.21604800224
      vertex 7.97476100922 14.6957349777 1.19604802132
    endloop
  endfacet
  facet normal 1 -0 0
    outer loop
      vertex 8.25811576843 14.6813764572 1.19604802132
      vertex 8.25811576843 14.6957349777 1.19604802132
      vertex 8.25811576843 14.6813764572 1.21604800224
    endloop
  endfacet
  facet normal 1 0 0
    outer loop
      vertex 8.25811576843 14.6813764572 1.21604800224
      vertex 8.25811576843 14.6957349777 1.19604802132
      vertex 8.25811576843 14.6957349777 1.21604800224
    endloop
  endfacet
  facet normal -0.635629177094 -0.450243085623 0.627101838589
    outer loop
      vertex 7.94642591476 14.7100944519 1.19604802132
      vertex 7.94642591476 14.6957349777 1.21604800224
      vertex 7.93225908279 14.7100944519 1.21604800224
    endloop
  endfacet
  facet normal -0 -1 0
    outer loop
      vertex 7.94642591476 14.6957349777 1.21604800224
      vertex 7.93225908279 14.6957349777 1.21604800224
      vertex 7.93225908279 14.7100944519 1.21604800224
    endloop
  endfacet
  facet normal -0.635591030121 -0.450261384249 0.627127349377
    outer loop
      vertex 7.96059417725 14.6957349777 1.19604802132
      vertex 7.94642591476 14.6957349777 1.21604800224
      vertex 7.94642591476 14.7100944519 1.19604802132
    endloop
  endfacet
  facet normal 0.63560372591 0.450255274773 -0.627118885517
    outer loop
      vertex 8.25811576843 14.7100944519 1.19604802132
      vertex 8.24394798279 14.7100944519 1.21604800224
      vertex 8.25811576843 14.6957349777 1.21604800224
    endloop
  endfacet
  facet normal 1 0 0
    outer loop
      vertex 8.25811576843 14.7100944519 1.19604802132
      vertex 8.25811576843 14.6957349777 1.21604800224
      vertex 8.25811576843 14.6957349777 1.19604802132
    endloop
  endfacet
  facet normal -0.816020965576 -0.578022301197 -0
    outer loop
      vertex 7.94642591476 14.7100944519 1.19604802132
      vertex 7.93225908279 14.7244539261 1.21604800224
      vertex 7.94642591476 14.7244539261 1.19604802132
    endloop
  endfacet
  facet normal -0.816020965576 -0.578022301197 -0
    outer loop
      vertex 7.93225908279 14.7100944519 1.21604800224
      vertex 7.93225908279 14.7244539261 1.21604800224
      vertex 7.94642591476 14.7100944519 1.19604802132
    endloop
  endfacet
  facet normal 0.63560372591 0.450255274773 -0.627118885517
    outer loop
      vertex 8.24394798279 14.7244539261 1.19604802132
      vertex 8.22978019714 14.7244539261 1.21604800224
      vertex 8.24394798279 14.7100944519 1.21604800224
    endloop
  endfacet
  facet normal 0.63560372591 0.450255274773 -0.627118885517
    outer loop
      vertex 8.24394798279 14.7100944519 1.21604800224
      vertex 8.25811576843 14.7100944519 1.19604802132
      vertex 8.24394798279 14.7244539261 1.19604802132
    endloop
  endfacet
  facet normal 0 1 0
    outer loop
      vertex 8.25811576843 14.7100944519 1.19604802132
      vertex 8.25811576843 14.7244539261 1.19604802132
      vertex 8.24394798279 14.7244539261 1.19604802132
    endloop
  endfacet
  facet normal -0.635645747185 -0.45025485754 -0.627076625824
    outer loop
      vertex 7.93225908279 14.7244539261 1.21604800224
      vertex 7.94642591476 14.7388143539 1.21604800224
      vertex 7.94642591476 14.7244539261 1.19604802132
    endloop
  endfacet
  facet normal -1 0 0
    outer loop
      vertex 7.94642591476 14.7388143539 1.21604800224
      vertex 7.94642591476 14.7388143539 1.19604802132
      vertex 7.94642591476 14.7244539261 1.19604802132
    endloop
  endfacet
  facet normal 0.635620355606 0.45026704669 -0.627093613148
    outer loop
      vertex 8.20144462585 14.7388143539 1.19604802132
      vertex 8.18727684021 14.7388143539 1.21604800224
      vertex 8.20144462585 14.7244539261 1.21604800224
    endloop
  endfacet
  facet normal 0 0.58324611187 -0.812295496464
    outer loop
      vertex 8.20144462585 14.7388143539 1.19604802132
      vertex 8.2156124115 14.7244539261 1.21604800224
      vertex 8.2156124115 14.7388143539 1.19604802132
    endloop
  endfacet
  facet normal 0 0.58324611187 -0.812295496464
    outer loop
      vertex 8.20144462585 14.7244539261 1.21604800224
      vertex 8.2156124115 14.7244539261 1.21604800224
      vertex 8.20144462585 14.7388143539 1.19604802132
    endloop
  endfacet
  facet normal 0 0.58324611187 -0.812295496464
    outer loop
      vertex 8.2156124115 14.7388143539 1.19604802132
      vertex 8.22978019714 14.7244539261 1.21604800224
      vertex 8.22978019714 14.7388143539 1.19604802132
    endloop
  endfacet
  facet normal 0 0.58324611187 -0.812295496464
    outer loop
      vertex 8.2156124115 14.7244539261 1.21604800224
      vertex 8.22978019714 14.7244539261 1.21604800224
      vertex 8.2156124115 14.7388143539 1.19604802132
    endloop
  endfacet
  facet normal 0.635620355606 0.45026704669 -0.627093613148
    outer loop
      vertex 8.22978019714 14.7244539261 1.21604800224
      vertex 8.24394798279 14.7244539261 1.19604802132
      vertex 8.22978019714 14.7388143539 1.19604802132
    endloop
  endfacet
  facet normal 0 1 0
    outer loop
      vertex 8.24394798279 14.7244539261 1.19604802132
      vertex 8.24394798279 14.7388143539 1.19604802132
      vertex 8.22978019714 14.7388143539 1.19604802132
    endloop
  endfacet
  facet normal 0 1 0
    outer loop
      vertex 8.25811576843 14.7244539261 1.19604802132
      vertex 8.25811576843 14.7388143539 1.19604802132
      vertex 8.24394798279 14.7244539261 1.19604802132
    endloop
  endfacet
  facet normal 0 1 0
    outer loop
      vertex 8.25811576843 14.7388143539 1.19604802132
      vertex 8.24394798279 14.7388143539 1.19604802132
      vertex 8.24394798279 14.7244539261 1.19604802132
    endloop
  endfacet
  facet normal -1 0 0
    outer loop
      vertex 7.94642591476 14.7388143539 1.19604802132
      vertex 7.94642591476 14.7388143539 1.21604800224
      vertex 7.94642591476 14.7531738281 1.19604802132
    endloop
  endfacet
  facet normal -1 0 -0
    outer loop
      vertex 7.94642591476 14.7388143539 1.21604800224
      vertex 7.94642591476 14.7531738281 1.21604800224
      vertex 7.94642591476 14.7531738281 1.19604802132
    endloop
  endfacet
  facet normal 0.63560372591 0.450255274773 -0.627118885517
    outer loop
      vertex 8.17310905457 14.7531738281 1.19604802132
      vertex 8.15894126892 14.7531738281 1.21604800224
      vertex 8.17310905457 14.7388143539 1.21604800224
    endloop
  endfacet
  facet normal 0 0.583220541477 -0.812313854694
    outer loop
      vertex 8.17310905457 14.7531738281 1.19604802132
      vertex 8.18727684021 14.7388143539 1.21604800224
      vertex 8.18727684021 14.7531738281 1.19604802132
    endloop
  endfacet
  facet normal 0 0.583220541477 -0.812313854694
    outer loop
      vertex 8.17310905457 14.7388143539 1.21604800224
      vertex 8.18727684021 14.7388143539 1.21604800224
      vertex 8.17310905457 14.7531738281 1.19604802132
    endloop
  endfacet
  facet normal 0.63560372591 0.450255274773 -0.627118885517
    outer loop
      vertex 8.18727684021 14.7388143539 1.21604800224
      vertex 8.20144462585 14.7388143539 1.19604802132
      vertex 8.18727684021 14.7531738281 1.19604802132
    endloop
  endfacet
  facet normal 0 1 0
    outer loop
      vertex 8.20144462585 14.7388143539 1.19604802132
      vertex 8.20144462585 14.7531738281 1.19604802132
      vertex 8.18727684021 14.7531738281 1.19604802132
    endloop
  endfacet
  facet normal 0 1 0
    outer loop
      vertex 8.2156124115 14.7388143539 1.19604802132
      vertex 8.2156124115 14.7531738281 1.19604802132
      vertex 8.20144462585 14.7388143539 1.19604802132
    endloop
  endfacet
  facet normal 0 1 0
    outer loop
      vertex 8.2156124115 14.7531738281 1.19604802132
      vertex 8.20144462585 14.7531738281 1.19604802132
      vertex 8.20144462585 14.7388143539 1.19604802132
    endloop
  endfacet
  facet normal 0 1 0
    outer loop
      vertex 8.22978019714 14.7388143539 1.19604802132
      vertex 8.22978019714 14.7531738281 1.19604802132
      vertex 8.2156124115 14.7388143539 1.19604802132
    endloop
  endfacet
  facet normal 0 1 0
    outer loop
      vertex 8.22978019714 14.7531738281 1.19604802132
      vertex 8.2156124115 14.7531738281 1.19604802132
      vertex 8.2156124115 14.7388143539 1.19604802132
    endloop
  endfacet
  facet normal 0 1 0
    outer loop
      vertex 8.24394798279 14.7388143539 1.19604802132
      vertex 8.24394798279 14.7531738281 1.19604802132
      vertex 8.22978019714 14.7388143539 1.19604802132
    endloop
  endfacet
  facet normal 0 1 0
    outer loop
      vertex 8.24394798279 14.7531738281 1.19604802132
      vertex 8.22978019714 14.7531738281 1.19604802132
      vertex 8.22978019714 14.7388143539 1.19604802132
    endloop
  endfacet
  facet normal 0 1 0
    outer loop
      vertex 8.25811576843 14.7388143539 1.19604802132
      vertex 8.25811576843 14.7531738281 1.19604802132
      vertex 8.24394798279 14.7388143539 1.19604802132
    endloop
  endfacet
  facet normal 0 1 0
    outer loop
      vertex 8.25811576843 14.7531738281 1.19604802132
      vertex 8.24394798279 14.7531738281 1.19604802132
      vertex 8.24394798279 14.7388143539 1.19604802132
    endloop
  endfacet
  facet normal -1 -0 0
    outer loop
      vertex 7.94642591476 14.7531738281 1.21604800224
      vertex 7.94642591476 14.7675333023 1.19604802132
      vertex 7.94642591476 14.7531738281 1.19604802132
    endloop
  endfacet
  facet normal -0.635591030121 0.450261384249 -0.627127349377
    outer loop
      vertex 7.94642591476 14.7531738281 1.21604800224
      vertex 7.96059417725 14.7675333023 1.21604800224
      vertex 7.94642591476 14.7675333023 1.19604802132
    endloop
  endfacet
  facet normal 0.63560372591 0.450255304575 -0.627118885517
    outer loop
      vertex 8.13060665131 14.7675333023 1.19604802132
      vertex 8.11643886566 14.7675333023 1.21604800224
      vertex 8.13060665131 14.7531738281 1.21604800224
    endloop
  endfacet
  facet normal 0 0.583220541477 -0.812313854694
    outer loop
      vertex 8.13060665131 14.7675333023 1.19604802132
      vertex 8.1447725296 14.7531738281 1.21604800224
      vertex 8.1447725296 14.7675333023 1.19604802132
    endloop
  endfacet
  facet normal 0 0.583220541477 -0.812313854694
    outer loop
      vertex 8.13060665131 14.7531738281 1.21604800224
      vertex 8.1447725296 14.7531738281 1.21604800224
      vertex 8.13060665131 14.7675333023 1.19604802132
    endloop
  endfacet
  facet normal 0 0.583220541477 -0.812313854694
    outer loop
      vertex 8.1447725296 14.7675333023 1.19604802132
      vertex 8.15894126892 14.7531738281 1.21604800224
      vertex 8.15894126892 14.7675333023 1.19604802132
    endloop
  endfacet
  facet normal 0 0.583220541477 -0.812313854694
    outer loop
      vertex 8.1447725296 14.7531738281 1.21604800224
      vertex 8.15894126892 14.7531738281 1.21604800224
      vertex 8.1447725296 14.7675333023 1.19604802132
    endloop
  endfacet
  facet normal 0.63560372591 0.450255274773 -0.627118885517
    outer loop
      vertex 8.15894126892 14.7531738281 1.21604800224
      vertex 8.17310905457 14.7531738281 1.19604802132
      vertex 8.15894126892 14.7675333023 1.19604802132
    endloop
  endfacet
  facet normal 0 1 0
    outer loop
      vertex 8.17310905457 14.7531738281 1.19604802132
      vertex 8.17310905457 14.7675333023 1.19604802132
      vertex 8.15894126892 14.7675333023 1.19604802132
    endloop
  endfacet
  facet normal 0 1 0
    outer loop
      vertex 8.18727684021 14.7531738281 1.19604802132
      vertex 8.18727684021 14.7675333023 1.19604802132
      vertex 8.17310905457 14.7531738281 1.19604802132
    endloop
  endfacet
  facet normal 0 1 0
    outer loop
      vertex 8.18727684021 14.7675333023 1.19604802132
      vertex 8.17310905457 14.7675333023 1.19604802132
      vertex 8.17310905457 14.7531738281 1.19604802132
    endloop
  endfacet
  facet normal 0 1 0
    outer loop
      vertex 8.20144462585 14.7531738281 1.19604802132
      vertex 8.20144462585 14.7675333023 1.19604802132
      vertex 8.18727684021 14.7531738281 1.19604802132
    endloop
  endfacet
  facet normal 0 1 0
    outer loop
      vertex 8.20144462585 14.7675333023 1.19604802132
      vertex 8.18727684021 14.7675333023 1.19604802132
      vertex 8.18727684021 14.7531738281 1.19604802132
    endloop
  endfacet
  facet normal 0 1 0
    outer loop
      vertex 8.2156124115 14.7531738281 1.19604802132
      vertex 8.2156124115 14.7675333023 1.19604802132
      vertex 8.20144462585 14.7531738281 1.19604802132
    endloop
  endfacet
  facet normal 0 1 0
    outer loop
      vertex 8.2156124115 14.7675333023 1.19604802132
      vertex 8.20144462585 14.7675333023 1.19604802132
      vertex 8.20144462585 14.7531738281 1.19604802132
    endloop
  endfacet
  facet normal 0 1 0
    outer loop
      vertex 8.22978019714 14.7531738281 1.19604802132
      vertex 8.22978019714 14.7675333023 1.19604802132
      vertex 8.2156124115 14.7531738281 1.19604802132
    endloop
  endfacet
  facet normal 0 1 0
    outer loop
      vertex 8.22978019714 14.7675333023 1.19604802132
      vertex 8.2156124115 14.7675333023 1.19604802132
      vertex 8.2156124115 14.7531738281 1.19604802132
    endloop
  endfacet
  facet normal 0 1 0
    outer loop
      vertex 8.24394798279 14.7531738281 1.19604802132
      vertex 8.24394798279 14.7675333023 1.19604802132
      vertex 8.22978019714 14.7531738281 1.19604802132
    endloop
  endfacet
  facet normal 0 1 0
    outer loop
      vertex 8.24394798279 14.7675333023 1.19604802132
      vertex 8.22978019714 14.7675333023 1.19604802132
      vertex 8.22978019714 14.7531738281 1.19604802132
    endloop
  endfacet
  facet normal 0 1 0
    outer loop
      vertex 8.25811576843 14.7531738281 1.19604802132
      vertex 8.24394798279 14.7675333023 1.19604802132
      vertex 8.24394798279 14.7531738281 1.19604802132
    endloop
  endfacet
  facet normal -0.635591030121 0.450261384249 -0.627127349377
    outer loop
      vertex 7.96059417725 14.7675333023 1.21604800224
      vertex 7.96059417725 14.7818927765 1.19604802132
      vertex 7.94642591476 14.7675333023 1.19604802132
    endloop
  endfacet
  facet normal 0 1 0
    outer loop
      vertex 7.96059417725 14.7818927765 1.19604802132
      vertex 7.94642591476 14.7818927765 1.19604802132
      vertex 7.94642591476 14.7675333023 1.19604802132
    endloop
  endfacet
  facet normal -0.635629177094 0.450243085623 -0.627101838589
    outer loop
      vertex 7.96059417725 14.7675333023 1.21604800224
      vertex 7.97476100922 14.7818927765 1.21604800224
      vertex 7.96059417725 14.7818927765 1.19604802132
    endloop
  endfacet
  facet normal 0.635578155518 0.450267553329 -0.627135932446
    outer loop
      vertex 8.0739364624 14.7818927765 1.19604802132
      vertex 8.05976772308 14.7818927765 1.21604800224
      vertex 8.0739364624 14.7675333023 1.21604800224
    endloop
  endfacet
  facet normal 0 0.583220541477 -0.812313854694
    outer loop
      vertex 8.0739364624 14.7818927765 1.19604802132
      vertex 8.08810329437 14.7675333023 1.21604800224
      vertex 8.08810329437 14.7818927765 1.19604802132
    endloop
  endfacet
  facet normal 0 0.583220541477 -0.812313854694
    outer loop
      vertex 8.0739364624 14.7675333023 1.21604800224
      vertex 8.08810329437 14.7675333023 1.21604800224
      vertex 8.0739364624 14.7818927765 1.19604802132
    endloop
  endfacet
  facet normal 0 0.583220541477 -0.812313854694
    outer loop
      vertex 8.08810329437 14.7818927765 1.19604802132
      vertex 8.10227108002 14.7675333023 1.21604800224
      vertex 8.10227108002 14.7818927765 1.19604802132
    endloop
  endfacet
  facet normal 0 0.583220541477 -0.812313854694
    outer loop
      vertex 8.08810329437 14.7675333023 1.21604800224
      vertex 8.10227108002 14.7675333023 1.21604800224
      vertex 8.08810329437 14.7818927765 1.19604802132
    endloop
  endfacet
  facet normal 0 0.583220541477 -0.812313854694
    outer loop
      vertex 8.10227108002 14.7818927765 1.19604802132
      vertex 8.11643886566 14.7675333023 1.21604800224
      vertex 8.11643886566 14.7818927765 1.19604802132
    endloop
  endfacet
  facet normal 0 0.583220541477 -0.812313854694
    outer loop
      vertex 8.10227108002 14.7675333023 1.21604800224
      vertex 8.11643886566 14.7675333023 1.21604800224
      vertex 8.10227108002 14.7818927765 1.19604802132
    endloop
  endfacet
  facet normal 0.63560372591 0.450255304575 -0.627118885517
    outer loop
      vertex 8.11643886566 14.7675333023 1.21604800224
      vertex 8.13060665131 14.7675333023 1.19604802132
      vertex 8.11643886566 14.7818927765 1.19604802132
    endloop
  endfacet
  facet normal 0 1 0
    outer loop
      vertex 8.13060665131 14.7675333023 1.19604802132
      vertex 8.13060665131 14.7818927765 1.19604802132
      vertex 8.11643886566 14.7818927765 1.19604802132
    endloop
  endfacet
  facet normal 0 1 0
    outer loop
      vertex 8.1447725296 14.7675333023 1.19604802132
      vertex 8.1447725296 14.7818927765 1.19604802132
      vertex 8.13060665131 14.7675333023 1.19604802132
    endloop
  endfacet
  facet normal 0 1 0
    outer loop
      vertex 8.1447725296 14.7818927765 1.19604802132
      vertex 8.13060665131 14.7818927765 1.19604802132
      vertex 8.13060665131 14.7675333023 1.19604802132
    endloop
  endfacet
  facet normal 0 1 0
    outer loop
      vertex 8.15894126892 14.7675333023 1.19604802132
      vertex 8.15894126892 14.7818927765 1.19604802132
      vertex 8.1447725296 14.7675333023 1.19604802132
    endloop
  endfacet
  facet normal 0 1 0
    outer loop
      vertex 8.15894126892 14.7818927765 1.19604802132
      vertex 8.1447725296 14.7818927765 1.19604802132
      vertex 8.1447725296 14.7675333023 1.19604802132
    endloop
  endfacet
  facet normal 0 1 0
    outer loop
      vertex 8.17310905457 14.7675333023 1.19604802132
      vertex 8.17310905457 14.7818927765 1.19604802132
      vertex 8.15894126892 14.7675333023 1.19604802132
    endloop
  endfacet
  facet normal 0 1 0
    outer loop
      vertex 8.17310905457 14.7818927765 1.19604802132
      vertex 8.15894126892 14.7818927765 1.19604802132
      vertex 8.15894126892 14.7675333023 1.19604802132
    endloop
  endfacet
  facet normal 0 1 0
    outer loop
      vertex 8.18727684021 14.7675333023 1.19604802132
      vertex 8.18727684021 14.7818927765 1.19604802132
      vertex 8.17310905457 14.7675333023 1.19604802132
    endloop
  endfacet
  facet normal 0 1 0
    outer loop
      vertex 8.18727684021 14.7818927765 1.19604802132
      vertex 8.17310905457 14.7818927765 1.19604802132
      vertex 8.17310905457 14.7675333023 1.19604802132
    endloop
  endfacet
  facet normal 0 1 0
    outer loop
      vertex 8.20144462585 14.7675333023 1.19604802132
      vertex 8.20144462585 14.7818927765 1.19604802132
      vertex 8.18727684021 14.7675333023 1.19604802132
    endloop
  endfacet
  facet normal 0 1 0
    outer loop
      vertex 8.20144462585 14.7818927765 1.19604802132
      vertex 8.18727684021 14.7818927765 1.19604802132
      vertex 8.18727684021 14.7675333023 1.19604802132
    endloop
  endfacet
  facet normal 0 1 0
    outer loop
      vertex 8.2156124115 14.7675333023 1.19604802132
      vertex 8.2156124115 14.7818927765 1.19604802132
      vertex 8.20144462585 14.7675333023 1.19604802132
    endloop
  endfacet
  facet normal 0 1 0
    outer loop
      vertex 8.2156124115 14.7818927765 1.19604802132
      vertex 8.20144462585 14.7818927765 1.19604802132
      vertex 8.20144462585 14.7675333023 1.19604802132
    endloop
  endfacet
  facet normal 0 1 0
    outer loop
      vertex 8.22978019714 14.7675333023 1.19604802132
      vertex 8.22978019714 14.7818927765 1.19604802132
      vertex 8.2156124115 14.7675333023 1.19604802132
    endloop
  endfacet
  facet normal 0 1 0
    outer loop
      vertex 8.22978019714 14.7818927765 1.19604802132
      vertex 8.2156124115 14.7818927765 1.19604802132
      vertex 8.2156124115 14.7675333023 1.19604802132
    endloop
  endfacet
  facet normal 0 1 0
    outer loop
      vertex 8.24394798279 14.7675333023 1.19604802132
      vertex 8.24394798279 14.7818927765 1.19604802132
      vertex 8.22978019714 14.7675333023 1.19604802132
    endloop
  endfacet
  facet normal 0 1 0
    outer loop
      vertex 8.24394798279 14.7818927765 1.19604802132
      vertex 8.22978019714 14.7818927765 1.19604802132
      vertex 8.22978019714 14.7675333023 1.19604802132
    endloop
  endfacet
  facet normal 0 1 -0
    outer loop
      vertex 7.96059417725 14.7962532043 1.19604802132
      vertex 7.94642591476 14.7818927765 1.19604802132
      vertex 7.96059417725 14.7818927765 1.19604802132
    endloop
  endfacet
  facet normal -0.635645747185 0.450254827738 -0.627076625824
    outer loop
      vertex 7.97476100922 14.7818927765 1.21604800224
      vertex 7.97476100922 14.7962532043 1.19604802132
      vertex 7.96059417725 14.7818927765 1.19604802132
    endloop
  endfacet
  facet normal 0 1 0
    outer loop
      vertex 7.97476100922 14.7962532043 1.19604802132
      vertex 7.96059417725 14.7962532043 1.19604802132
      vertex 7.96059417725 14.7818927765 1.19604802132
    endloop
  endfacet
  facet normal 0 0.58324611187 -0.812295496464
    outer loop
      vertex 7.97476100922 14.7962532043 1.19604802132
      vertex 7.98892879486 14.7818927765 1.21604800224
      vertex 7.98892879486 14.7962532043 1.19604802132
    endloop
  endfacet
  facet normal 0 0.58324611187 -0.812295496464
    outer loop
      vertex 7.97476100922 14.7818927765 1.21604800224
      vertex 7.98892879486 14.7818927765 1.21604800224
      vertex 7.97476100922 14.7962532043 1.19604802132
    endloop
  endfacet
  facet normal 0 0.58324611187 -0.812295496464
    outer loop
      vertex 7.98892879486 14.7962532043 1.19604802132
      vertex 8.00309753418 14.7818927765 1.21604800224
      vertex 8.00309753418 14.7962532043 1.19604802132
    endloop
  endfacet
  facet normal 0 0.58324611187 -0.812295496464
    outer loop
      vertex 7.98892879486 14.7818927765 1.21604800224
      vertex 8.00309753418 14.7818927765 1.21604800224
      vertex 7.98892879486 14.7962532043 1.19604802132
    endloop
  endfacet
  facet normal 0 0.58324611187 -0.812295496464
    outer loop
      vertex 8.00309753418 14.7962532043 1.19604802132
      vertex 8.01726436615 14.7818927765 1.21604800224
      vertex 8.01726436615 14.7962532043 1.19604802132
    endloop
  endfacet
  facet normal 0 0.58324611187 -0.812295496464
    outer loop
      vertex 8.00309753418 14.7818927765 1.21604800224
      vertex 8.01726436615 14.7818927765 1.21604800224
      vertex 8.00309753418 14.7962532043 1.19604802132
    endloop
  endfacet
  facet normal 0 0.58324611187 -0.812295496464
    outer loop
      vertex 8.01726436615 14.7962532043 1.19604802132
      vertex 8.03143215179 14.7818927765 1.21604800224
      vertex 8.03143215179 14.7962532043 1.19604802132
    endloop
  endfacet
  facet normal 0 0.58324611187 -0.812295496464
    outer loop
      vertex 8.01726436615 14.7818927765 1.21604800224
      vertex 8.03143215179 14.7818927765 1.21604800224
      vertex 8.01726436615 14.7962532043 1.19604802132
    endloop
  endfacet
  facet normal 0 0.58324611187 -0.812295496464
    outer loop
      vertex 8.03143215179 14.7962532043 1.19604802132
      vertex 8.04559993744 14.7818927765 1.21604800224
      vertex 8.04559993744 14.7962532043 1.19604802132
    endloop
  endfacet
  facet normal 0 0.58324611187 -0.812295496464
    outer loop
      vertex 8.03143215179 14.7818927765 1.21604800224
      vertex 8.04559993744 14.7818927765 1.21604800224
      vertex 8.03143215179 14.7962532043 1.19604802132
    endloop
  endfacet
  facet normal 0 0.58324611187 -0.812295496464
    outer loop
      vertex 8.04559993744 14.7962532043 1.19604802132
      vertex 8.05976772308 14.7818927765 1.21604800224
      vertex 8.05976772308 14.7962532043 1.19604802132
    endloop
  endfacet
  facet normal 0 0.58324611187 -0.812295496464
    outer loop
      vertex 8.04559993744 14.7818927765 1.21604800224
      vertex 8.05976772308 14.7818927765 1.21604800224
      vertex 8.04559993744 14.7962532043 1.19604802132
    endloop
  endfacet
  facet normal 0.635594785213 0.450279325247 -0.627110719681
    outer loop
      vertex 8.05976772308 14.7818927765 1.21604800224
      vertex 8.0739364624 14.7818927765 1.19604802132
      vertex 8.05976772308 14.7962532043 1.19604802132
    endloop
  endfacet
  facet normal 0 1 0
    outer loop
      vertex 8.0739364624 14.7818927765 1.19604802132
      vertex 8.0739364624 14.7962532043 1.19604802132
      vertex 8.05976772308 14.7962532043 1.19604802132
    endloop
  endfacet
  facet normal 0 1 0
    outer loop
      vertex 8.08810329437 14.7818927765 1.19604802132
      vertex 8.08810329437 14.7962532043 1.19604802132
      vertex 8.0739364624 14.7818927765 1.19604802132
    endloop
  endfacet
  facet normal 0 1 0
    outer loop
      vertex 8.08810329437 14.7962532043 1.19604802132
      vertex 8.0739364624 14.7962532043 1.19604802132
      vertex 8.0739364624 14.7818927765 1.19604802132
    endloop
  endfacet
  facet normal 0 1 0
    outer loop
      vertex 8.10227108002 14.7818927765 1.19604802132
      vertex 8.10227108002 14.7962532043 1.19604802132
      vertex 8.08810329437 14.7818927765 1.19604802132
    endloop
  endfacet
  facet normal 0 1 0
    outer loop
      vertex 8.10227108002 14.7962532043 1.19604802132
      vertex 8.08810329437 14.7962532043 1.19604802132
      vertex 8.08810329437 14.7818927765 1.19604802132
    endloop
  endfacet
  facet normal 0 1 0
    outer loop
      vertex 8.11643886566 14.7818927765 1.19604802132
      vertex 8.11643886566 14.7962532043 1.19604802132
      vertex 8.10227108002 14.7818927765 1.19604802132
    endloop
  endfacet
  facet normal 0 1 0
    outer loop
      vertex 8.11643886566 14.7962532043 1.19604802132
      vertex 8.10227108002 14.7962532043 1.19604802132
      vertex 8.10227108002 14.7818927765 1.19604802132
    endloop
  endfacet
  facet normal 0 1 0
    outer loop
      vertex 8.13060665131 14.7818927765 1.19604802132
      vertex 8.13060665131 14.7962532043 1.19604802132
      vertex 8.11643886566 14.7818927765 1.19604802132
    endloop
  endfacet
  facet normal 0 1 0
    outer loop
      vertex 8.13060665131 14.7962532043 1.19604802132
      vertex 8.11643886566 14.7962532043 1.19604802132
      vertex 8.11643886566 14.7818927765 1.19604802132
    endloop
  endfacet
  facet normal 0 1 0
    outer loop
      vertex 8.1447725296 14.7818927765 1.19604802132
      vertex 8.1447725296 14.7962532043 1.19604802132
      vertex 8.13060665131 14.7818927765 1.19604802132
    endloop
  endfacet
  facet normal 0 1 0
    outer loop
      vertex 8.1447725296 14.7962532043 1.19604802132
      vertex 8.13060665131 14.7962532043 1.19604802132
      vertex 8.13060665131 14.7818927765 1.19604802132
    endloop
  endfacet
  facet normal 0 1 0
    outer loop
      vertex 8.15894126892 14.7818927765 1.19604802132
      vertex 8.15894126892 14.7962532043 1.19604802132
      vertex 8.1447725296 14.7818927765 1.19604802132
    endloop
  endfacet
  facet normal 0 1 0
    outer loop
      vertex 8.15894126892 14.7962532043 1.19604802132
      vertex 8.1447725296 14.7962532043 1.19604802132
      vertex 8.1447725296 14.7818927765 1.19604802132
    endloop
  endfacet
  facet normal 0 1 0
    outer loop
      vertex 8.17310905457 14.7818927765 1.19604802132
      vertex 8.17310905457 14.7962532043 1.19604802132
      vertex 8.15894126892 14.7818927765 1.19604802132
    endloop
  endfacet
  facet normal 0 1 0
    outer loop
      vertex 8.17310905457 14.7962532043 1.19604802132
      vertex 8.15894126892 14.7962532043 1.19604802132
      vertex 8.15894126892 14.7818927765 1.19604802132
    endloop
  endfacet
  facet normal 0 1 0
    outer loop
      vertex 8.18727684021 14.7818927765 1.19604802132
      vertex 8.17310905457 14.7962532043 1.19604802132
      vertex 8.17310905457 14.7818927765 1.19604802132
    endloop
  endfacet
  facet normal 0 1 -0
    outer loop
      vertex 8.22978019714 14.7962532043 1.19604802132
      vertex 8.2156124115 14.7818927765 1.19604802132
      vertex 8.22978019714 14.7818927765 1.19604802132
    endloop
  endfacet
  facet normal 0 1 0
    outer loop
      vertex 8.24394798279 14.7818927765 1.19604802132
      vertex 8.22978019714 14.7962532043 1.19604802132
      vertex 8.22978019714 14.7818927765 1.19604802132
    endloop
  endfacet
  facet normal 0 1 0
    outer loop
      vertex 7.97476100922 14.7962532043 1.19604802132
      vertex 7.97476100922 14.8106126785 1.19604802132
      vertex 7.96059417725 14.7962532043 1.19604802132
    endloop
  endfacet
  facet normal 0 1 0
    outer loop
      vertex 7.97476100922 14.8106126785 1.19604802132
      vertex 7.96059417725 14.8106126785 1.19604802132
      vertex 7.96059417725 14.7962532043 1.19604802132
    endloop
  endfacet
  facet normal 0 1 0
    outer loop
      vertex 7.98892879486 14.7962532043 1.19604802132
      vertex 7.98892879486 14.8106126785 1.19604802132
      vertex 7.97476100922 14.7962532043 1.19604802132
    endloop
  endfacet
  facet normal 0 1 0
    outer loop
      vertex 7.98892879486 14.8106126785 1.19604802132
      vertex 7.97476100922 14.8106126785 1.19604802132
      vertex 7.97476100922 14.7962532043 1.19604802132
    endloop
  endfacet
  facet normal 0 1 0
    outer loop
      vertex 8.00309753418 14.7962532043 1.19604802132
      vertex 8.00309753418 14.8106126785 1.19604802132
      vertex 7.98892879486 14.7962532043 1.19604802132
    endloop
  endfacet
  facet normal 0 1 0
    outer loop
      vertex 8.00309753418 14.8106126785 1.19604802132
      vertex 7.98892879486 14.8106126785 1.19604802132
      vertex 7.98892879486 14.7962532043 1.19604802132
    endloop
  endfacet
  facet normal 0 1 0
    outer loop
      vertex 8.01726436615 14.7962532043 1.19604802132
      vertex 8.01726436615 14.8106126785 1.19604802132
      vertex 8.00309753418 14.7962532043 1.19604802132
    endloop
  endfacet
  facet normal 0 1 0
    outer loop
      vertex 8.01726436615 14.8106126785 1.19604802132
      vertex 8.00309753418 14.8106126785 1.19604802132
      vertex 8.00309753418 14.7962532043 1.19604802132
    endloop
  endfacet
  facet normal 0 1 0
    outer loop
      vertex 8.03143215179 14.7962532043 1.19604802132
      vertex 8.03143215179 14.8106126785 1.19604802132
      vertex 8.01726436615 14.7962532043 1.19604802132
    endloop
  endfacet
  facet normal 0 1 0
    outer loop
      vertex 8.03143215179 14.8106126785 1.19604802132
      vertex 8.01726436615 14.8106126785 1.19604802132
      vertex 8.01726436615 14.7962532043 1.19604802132
    endloop
  endfacet
  facet normal 0 1 0
    outer loop
      vertex 8.04559993744 14.7962532043 1.19604802132
      vertex 8.04559993744 14.8106126785 1.19604802132
      vertex 8.03143215179 14.7962532043 1.19604802132
    endloop
  endfacet
  facet normal 0 1 0
    outer loop
      vertex 8.04559993744 14.8106126785 1.19604802132
      vertex 8.03143215179 14.8106126785 1.19604802132
      vertex 8.03143215179 14.7962532043 1.19604802132
    endloop
  endfacet
  facet normal 0 1 0
    outer loop
      vertex 8.05976772308 14.7962532043 1.19604802132
      vertex 8.05976772308 14.8106126785 1.19604802132
      vertex 8.04559993744 14.7962532043 1.19604802132
    endloop
  endfacet
  facet normal 0 1 0
    outer loop
      vertex 8.05976772308 14.8106126785 1.19604802132
      vertex 8.04559993744 14.8106126785 1.19604802132
      vertex 8.04559993744 14.7962532043 1.19604802132
    endloop
  endfacet
  facet normal 0 1 0
    outer loop
      vertex 8.0739364624 14.7962532043 1.19604802132
      vertex 8.0739364624 14.8106126785 1.19604802132
      vertex 8.05976772308 14.7962532043 1.19604802132
    endloop
  endfacet
  facet normal 0 1 0
    outer loop
      vertex 8.0739364624 14.8106126785 1.19604802132
      vertex 8.05976772308 14.8106126785 1.19604802132
      vertex 8.05976772308 14.7962532043 1.19604802132
    endloop
  endfacet
  facet normal 0 1 0
    outer loop
      vertex 8.08810329437 14.7962532043 1.19604802132
      vertex 8.08810329437 14.8106126785 1.19604802132
      vertex 8.0739364624 14.7962532043 1.19604802132
    endloop
  endfacet
  facet normal 0 1 0
    outer loop
      vertex 8.08810329437 14.8106126785 1.19604802132
      vertex 8.0739364624 14.8106126785 1.19604802132
      vertex 8.0739364624 14.7962532043 1.19604802132
    endloop
  endfacet
  facet normal 0 1 0
    outer loop
      vertex 8.10227108002 14.7962532043 1.19604802132
      vertex 8.10227108002 14.8106126785 1.19604802132
      vertex 8.08810329437 14.7962532043 1.19604802132
    endloop
  endfacet
  facet normal 0 1 0
    outer loop
      vertex 8.10227108002 14.8106126785 1.19604802132
      vertex 8.08810329437 14.8106126785 1.19604802132
      vertex 8.08810329437 14.7962532043 1.19604802132
    endloop
  endfacet
  facet normal 0 1 0
    outer loop
      vertex 8.11643886566 14.7962532043 1.19604802132
      vertex 8.11643886566 14.8106126785 1.19604802132
      vertex 8.10227108002 14.7962532043 1.19604802132
    endloop
  endfacet
  facet normal 0 1 0
    outer loop
      vertex 8.11643886566 14.8106126785 1.19604802132
      vertex 8.10227108002 14.8106126785 1.19604802132
      vertex 8.10227108002 14.7962532043 1.19604802132
    endloop
  endfacet
  facet normal 0 1 0
    outer loop
      vertex 8.13060665131 14.7962532043 1.19604802132
      vertex 8.11643886566 14.8106126785 1.19604802132
      vertex 8.11643886566 14.7962532043 1.19604802132
    endloop
  endfacet
  facet normal 0 1 0
    outer loop
      vertex 7.97476100922 14.8106126785 1.19604802132
      vertex 7.97476100922 14.8249721527 1.19604802132
      vertex 7.96059417725 14.8106126785 1.19604802132
    endloop
  endfacet
  facet normal 0 1 0
    outer loop
      vertex 7.97476100922 14.8249721527 1.19604802132
      vertex 7.96059417725 14.8249721527 1.19604802132
      vertex 7.96059417725 14.8106126785 1.19604802132
    endloop
  endfacet
  facet normal 0 1 0
    outer loop
      vertex 7.98892879486 14.8106126785 1.19604802132
      vertex 7.98892879486 14.8249721527 1.19604802132
      vertex 7.97476100922 14.8106126785 1.19604802132
    endloop
  endfacet
  facet normal 0 1 0
    outer loop
      vertex 7.98892879486 14.8249721527 1.19604802132
      vertex 7.97476100922 14.8249721527 1.19604802132
      vertex 7.97476100922 14.8106126785 1.19604802132
    endloop
  endfacet
  facet normal 0 1 0
    outer loop
      vertex 8.00309753418 14.8106126785 1.19604802132
      vertex 8.00309753418 14.8249721527 1.19604802132
      vertex 7.98892879486 14.8106126785 1.19604802132
    endloop
  endfacet
  facet normal 0 1 0
    outer loop
      vertex 8.00309753418 14.8249721527 1.19604802132
      vertex 7.98892879486 14.8249721527 1.19604802132
      vertex 7.98892879486 14.8106126785 1.19604802132
    endloop
  endfacet
  facet normal 0 1 0
    outer loop
      vertex 8.01726436615 14.8106126785 1.19604802132
      vertex 8.01726436615 14.8249721527 1.19604802132
      vertex 8.00309753418 14.8106126785 1.19604802132
    endloop
  endfacet
  facet normal 0 1 0
    outer loop
      vertex 8.01726436615 14.8249721527 1.19604802132
      vertex 8.00309753418 14.8249721527 1.19604802132
      vertex 8.00309753418 14.8106126785 1.19604802132
    endloop
  endfacet
  facet normal 0 1 0
    outer loop
      vertex 8.03143215179 14.8106126785 1.19604802132
      vertex 8.03143215179 14.8249721527 1.19604802132
      vertex 8.01726436615 14.8106126785 1.19604802132
    endloop
  endfacet
  facet normal 0 1 0
    outer loop
      vertex 8.03143215179 14.8249721527 1.19604802132
      vertex 8.01726436615 14.8249721527 1.19604802132
      vertex 8.01726436615 14.8106126785 1.19604802132
    endloop
  endfacet
  facet normal 0 1 0
    outer loop
      vertex 8.04559993744 14.8106126785 1.19604802132
      vertex 8.04559993744 14.8249721527 1.19604802132
      vertex 8.03143215179 14.8106126785 1.19604802132
    endloop
  endfacet
  facet normal 0 1 0
    outer loop
      vertex 8.04559993744 14.8249721527 1.19604802132
      vertex 8.03143215179 14.8249721527 1.19604802132
      vertex 8.03143215179 14.8106126785 1.19604802132
    endloop
  endfacet
  facet normal 0 1 0
    outer loop
      vertex 8.05976772308 14.8106126785 1.19604802132
      vertex 8.05976772308 14.8249721527 1.19604802132
      vertex 8.04559993744 14.8106126785 1.19604802132
    endloop
  endfacet
  facet normal 0 1 0
    outer loop
      vertex 8.05976772308 14.8249721527 1.19604802132
      vertex 8.04559993744 14.8249721527 1.19604802132
      vertex 8.04559993744 14.8106126785 1.19604802132
    endloop
  endfacet
  facet normal 0 1 0
    outer loop
      vertex 8.0739364624 14.8106126785 1.19604802132
      vertex 8.05976772308 14.8249721527 1.19604802132
      vertex 8.05976772308 14.8106126785 1.19604802132
    endloop
  endfacet
  facet normal 0 -1 -0
    outer loop
      vertex 8.2156124115 14.5521383286 1.23604798317
      vertex 8.20144462585 14.5664978027 1.23604798317
      vertex 8.2156124115 14.5664978027 1.23604798317
    endloop
  endfacet
  facet normal 0 -1 0
    outer loop
      vertex 8.22978019714 14.5664978027 1.23604798317
      vertex 8.2156124115 14.5521383286 1.23604798317
      vertex 8.2156124115 14.5664978027 1.23604798317
    endloop
  endfacet
  facet normal 0 -1 -0
    outer loop
      vertex 8.15894126892 14.5664978027 1.23604798317
      vertex 8.1447725296 14.5808572769 1.23604798317
      vertex 8.15894126892 14.5808572769 1.23604798317
    endloop
  endfacet
  facet normal 0 -1 0
    outer loop
      vertex 8.17310905457 14.5808572769 1.23604798317
      vertex 8.15894126892 14.5664978027 1.23604798317
      vertex 8.15894126892 14.5808572769 1.23604798317
    endloop
  endfacet
  facet normal 0 -1 -0
    outer loop
      vertex 8.18727684021 14.5664978027 1.23604798317
      vertex 8.17310905457 14.5808572769 1.23604798317
      vertex 8.18727684021 14.5808572769 1.23604798317
    endloop
  endfacet
  facet normal -0 -1 -0
    outer loop
      vertex 8.20144462585 14.5664978027 1.23604798317
      vertex 8.18727684021 14.5664978027 1.23604798317
      vertex 8.20144462585 14.5808572769 1.23604798317
    endloop
  endfacet
  facet normal 0 -1 0
    outer loop
      vertex 8.20144462585 14.5808572769 1.23604798317
      vertex 8.18727684021 14.5664978027 1.23604798317
      vertex 8.18727684021 14.5808572769 1.23604798317
    endloop
  endfacet
  facet normal -0.635603785515 -0.450255334377 0.627118766308
    outer loop
      vertex 8.2156124115 14.5808572769 1.21604800224
      vertex 8.2156124115 14.5664978027 1.23604798317
      vertex 8.20144462585 14.5808572769 1.23604798317
    endloop
  endfacet
  facet normal -0 -1 0
    outer loop
      vertex 8.2156124115 14.5664978027 1.23604798317
      vertex 8.20144462585 14.5664978027 1.23604798317
      vertex 8.20144462585 14.5808572769 1.23604798317
    endloop
  endfacet
  facet normal 0 -0.583220660686 0.81231379509
    outer loop
      vertex 8.22978019714 14.5808572769 1.21604800224
      vertex 8.2156124115 14.5664978027 1.23604798317
      vertex 8.2156124115 14.5808572769 1.21604800224
    endloop
  endfacet
  facet normal 0 -0.583220660686 0.81231379509
    outer loop
      vertex 8.22978019714 14.5664978027 1.23604798317
      vertex 8.2156124115 14.5664978027 1.23604798317
      vertex 8.22978019714 14.5808572769 1.21604800224
    endloop
  endfacet
  facet normal 0.635603785515 -0.450255334377 0.627118766308
    outer loop
      vertex 8.22978019714 14.5808572769 1.21604800224
      vertex 8.24394798279 14.5808572769 1.23604798317
      vertex 8.22978019714 14.5664978027 1.23604798317
    endloop
  endfacet
  facet normal 0 -1 0
    outer loop
      vertex 8.24394798279 14.5808572769 1.23604798317
      vertex 8.24394798279 14.5664978027 1.23604798317
      vertex 8.22978019714 14.5664978027 1.23604798317
    endloop
  endfacet
  facet normal 0 -1 -0
    outer loop
      vertex 8.10227108002 14.5808572769 1.23604798317
      vertex 8.08810329437 14.5952167511 1.23604798317
      vertex 8.10227108002 14.5952167511 1.23604798317
    endloop
  endfacet
  facet normal -0 -1 -0
    outer loop
      vertex 8.11643886566 14.5808572769 1.23604798317
      vertex 8.10227108002 14.5808572769 1.23604798317
      vertex 8.11643886566 14.5952167511 1.23604798317
    endloop
  endfacet
  facet normal 0 -1 0
    outer loop
      vertex 8.11643886566 14.5952167511 1.23604798317
      vertex 8.10227108002 14.5808572769 1.23604798317
      vertex 8.10227108002 14.5952167511 1.23604798317
    endloop
  endfacet
  facet normal -0 -1 -0
    outer loop
      vertex 8.13060665131 14.5808572769 1.23604798317
      vertex 8.11643886566 14.5808572769 1.23604798317
      vertex 8.13060665131 14.5952167511 1.23604798317
    endloop
  endfacet
  facet normal 0 -1 0
    outer loop
      vertex 8.13060665131 14.5952167511 1.23604798317
      vertex 8.11643886566 14.5808572769 1.23604798317
      vertex 8.11643886566 14.5952167511 1.23604798317
    endloop
  endfacet
  facet normal -0 -1 -0
    outer loop
      vertex 8.1447725296 14.5808572769 1.23604798317
      vertex 8.13060665131 14.5808572769 1.23604798317
      vertex 8.1447725296 14.5952167511 1.23604798317
    endloop
  endfacet
  facet normal 0 -1 0
    outer loop
      vertex 8.1447725296 14.5952167511 1.23604798317
      vertex 8.13060665131 14.5808572769 1.23604798317
      vertex 8.13060665131 14.5952167511 1.23604798317
    endloop
  endfacet
  facet normal -0 -1 -0
    outer loop
      vertex 8.15894126892 14.5808572769 1.23604798317
      vertex 8.1447725296 14.5808572769 1.23604798317
      vertex 8.15894126892 14.5952167511 1.23604798317
    endloop
  endfacet
  facet normal 0 -1 0
    outer loop
      vertex 8.15894126892 14.5952167511 1.23604798317
      vertex 8.1447725296 14.5808572769 1.23604798317
      vertex 8.1447725296 14.5952167511 1.23604798317
    endloop
  endfacet
  facet normal -0 -1 -0
    outer loop
      vertex 8.17310905457 14.5808572769 1.23604798317
      vertex 8.15894126892 14.5808572769 1.23604798317
      vertex 8.17310905457 14.5952167511 1.23604798317
    endloop
  endfacet
  facet normal 0 -1 0
    outer loop
      vertex 8.17310905457 14.5952167511 1.23604798317
      vertex 8.15894126892 14.5808572769 1.23604798317
      vertex 8.15894126892 14.5952167511 1.23604798317
    endloop
  endfacet
  facet normal -0.635603785515 -0.450255334377 0.627118766308
    outer loop
      vertex 8.18727684021 14.5952167511 1.21604800224
      vertex 8.18727684021 14.5808572769 1.23604798317
      vertex 8.17310905457 14.5952167511 1.23604798317
    endloop
  endfacet
  facet normal -0 -1 0
    outer loop
      vertex 8.18727684021 14.5808572769 1.23604798317
      vertex 8.17310905457 14.5808572769 1.23604798317
      vertex 8.17310905457 14.5952167511 1.23604798317
    endloop
  endfacet
  facet normal 0 -0.583220660686 0.81231379509
    outer loop
      vertex 8.20144462585 14.5952167511 1.21604800224
      vertex 8.18727684021 14.5808572769 1.23604798317
      vertex 8.18727684021 14.5952167511 1.21604800224
    endloop
  endfacet
  facet normal 0 -0.583220660686 0.81231379509
    outer loop
      vertex 8.20144462585 14.5808572769 1.23604798317
      vertex 8.18727684021 14.5808572769 1.23604798317
      vertex 8.20144462585 14.5952167511 1.21604800224
    endloop
  endfacet
  facet normal -0.635603785515 -0.450255334377 0.627118766308
    outer loop
      vertex 8.2156124115 14.5808572769 1.21604800224
      vertex 8.20144462585 14.5808572769 1.23604798317
      vertex 8.20144462585 14.5952167511 1.21604800224
    endloop
  endfacet
  facet normal 0.635603785515 -0.450255334377 0.627118766308
    outer loop
      vertex 8.22978019714 14.5808572769 1.21604800224
      vertex 8.24394798279 14.5952167511 1.21604800224
      vertex 8.24394798279 14.5808572769 1.23604798317
    endloop
  endfacet
  facet normal 1 0 0
    outer loop
      vertex 8.24394798279 14.5808572769 1.23604798317
      vertex 8.24394798279 14.5952167511 1.21604800224
      vertex 8.24394798279 14.5952167511 1.23604798317
    endloop
  endfacet
  facet normal 0 -1 -0
    outer loop
      vertex 8.04559993744 14.5952167511 1.23604798317
      vertex 8.03143215179 14.609577179 1.23604798317
      vertex 8.04559993744 14.609577179 1.23604798317
    endloop
  endfacet
  facet normal -0 -1 -0
    outer loop
      vertex 8.05976772308 14.5952167511 1.23604798317
      vertex 8.04559993744 14.5952167511 1.23604798317
      vertex 8.05976772308 14.609577179 1.23604798317
    endloop
  endfacet
  facet normal 0 -1 0
    outer loop
      vertex 8.05976772308 14.609577179 1.23604798317
      vertex 8.04559993744 14.5952167511 1.23604798317
      vertex 8.04559993744 14.609577179 1.23604798317
    endloop
  endfacet
  facet normal -0 -1 -0
    outer loop
      vertex 8.0739364624 14.5952167511 1.23604798317
      vertex 8.05976772308 14.5952167511 1.23604798317
      vertex 8.0739364624 14.609577179 1.23604798317
    endloop
  endfacet
  facet normal 0 -1 0
    outer loop
      vertex 8.0739364624 14.609577179 1.23604798317
      vertex 8.05976772308 14.5952167511 1.23604798317
      vertex 8.05976772308 14.609577179 1.23604798317
    endloop
  endfacet
  facet normal -0 -1 -0
    outer loop
      vertex 8.08810329437 14.5952167511 1.23604798317
      vertex 8.0739364624 14.5952167511 1.23604798317
      vertex 8.08810329437 14.609577179 1.23604798317
    endloop
  endfacet
  facet normal 0 -1 0
    outer loop
      vertex 8.08810329437 14.609577179 1.23604798317
      vertex 8.0739364624 14.5952167511 1.23604798317
      vertex 8.0739364624 14.609577179 1.23604798317
    endloop
  endfacet
  facet normal -0 -1 -0
    outer loop
      vertex 8.10227108002 14.5952167511 1.23604798317
      vertex 8.08810329437 14.5952167511 1.23604798317
      vertex 8.10227108002 14.609577179 1.23604798317
    endloop
  endfacet
  facet normal 0 -1 0
    outer loop
      vertex 8.10227108002 14.609577179 1.23604798317
      vertex 8.08810329437 14.5952167511 1.23604798317
      vertex 8.08810329437 14.609577179 1.23604798317
    endloop
  endfacet
  facet normal -0.635620355606 -0.45026704669 0.627093613148
    outer loop
      vertex 8.11643886566 14.609577179 1.21604800224
      vertex 8.11643886566 14.5952167511 1.23604798317
      vertex 8.10227108002 14.609577179 1.23604798317
    endloop
  endfacet
  facet normal -0 -1 0
    outer loop
      vertex 8.11643886566 14.5952167511 1.23604798317
      vertex 8.10227108002 14.5952167511 1.23604798317
      vertex 8.10227108002 14.609577179 1.23604798317
    endloop
  endfacet
  facet normal 0 -0.58324611187 0.812295496464
    outer loop
      vertex 8.13060665131 14.609577179 1.21604800224
      vertex 8.11643886566 14.5952167511 1.23604798317
      vertex 8.11643886566 14.609577179 1.21604800224
    endloop
  endfacet
  facet normal 0 -0.58324611187 0.812295496464
    outer loop
      vertex 8.13060665131 14.5952167511 1.23604798317
      vertex 8.11643886566 14.5952167511 1.23604798317
      vertex 8.13060665131 14.609577179 1.21604800224
    endloop
  endfacet
  facet normal 0 -0.58324611187 0.812295496464
    outer loop
      vertex 8.1447725296 14.609577179 1.21604800224
      vertex 8.13060665131 14.5952167511 1.23604798317
      vertex 8.13060665131 14.609577179 1.21604800224
    endloop
  endfacet
  facet normal 0 -0.58324611187 0.812295496464
    outer loop
      vertex 8.1447725296 14.5952167511 1.23604798317
      vertex 8.13060665131 14.5952167511 1.23604798317
      vertex 8.1447725296 14.609577179 1.21604800224
    endloop
  endfacet
  facet normal 0 -0.58324611187 0.812295496464
    outer loop
      vertex 8.15894126892 14.609577179 1.21604800224
      vertex 8.1447725296 14.5952167511 1.23604798317
      vertex 8.1447725296 14.609577179 1.21604800224
    endloop
  endfacet
  facet normal 0 -0.58324611187 0.812295496464
    outer loop
      vertex 8.15894126892 14.5952167511 1.23604798317
      vertex 8.1447725296 14.5952167511 1.23604798317
      vertex 8.15894126892 14.609577179 1.21604800224
    endloop
  endfacet
  facet normal 0 -0.58324611187 0.812295496464
    outer loop
      vertex 8.17310905457 14.609577179 1.21604800224
      vertex 8.15894126892 14.5952167511 1.23604798317
      vertex 8.15894126892 14.609577179 1.21604800224
    endloop
  endfacet
  facet normal 0 -0.58324611187 0.812295496464
    outer loop
      vertex 8.17310905457 14.5952167511 1.23604798317
      vertex 8.15894126892 14.5952167511 1.23604798317
      vertex 8.17310905457 14.609577179 1.21604800224
    endloop
  endfacet
  facet normal -0.635620355606 -0.45026704669 0.627093613148
    outer loop
      vertex 8.18727684021 14.5952167511 1.21604800224
      vertex 8.17310905457 14.5952167511 1.23604798317
      vertex 8.17310905457 14.609577179 1.21604800224
    endloop
  endfacet
  facet normal 1 -0 0
    outer loop
      vertex 8.24394798279 14.5952167511 1.21604800224
      vertex 8.24394798279 14.609577179 1.21604800224
      vertex 8.24394798279 14.5952167511 1.23604798317
    endloop
  endfacet
  facet normal 1 0 0
    outer loop
      vertex 8.24394798279 14.5952167511 1.23604798317
      vertex 8.24394798279 14.609577179 1.21604800224
      vertex 8.24394798279 14.609577179 1.23604798317
    endloop
  endfacet
  facet normal 0 -1 -0
    outer loop
      vertex 7.98892879486 14.609577179 1.23604798317
      vertex 7.97476100922 14.6239366531 1.23604798317
      vertex 7.98892879486 14.6239366531 1.23604798317
    endloop
  endfacet
  facet normal -0 -1 -0
    outer loop
      vertex 8.00309753418 14.609577179 1.23604798317
      vertex 7.98892879486 14.609577179 1.23604798317
      vertex 8.00309753418 14.6239366531 1.23604798317
    endloop
  endfacet
  facet normal 0 -1 0
    outer loop
      vertex 8.00309753418 14.6239366531 1.23604798317
      vertex 7.98892879486 14.609577179 1.23604798317
      vertex 7.98892879486 14.6239366531 1.23604798317
    endloop
  endfacet
  facet normal -0 -1 -0
    outer loop
      vertex 8.01726436615 14.609577179 1.23604798317
      vertex 8.00309753418 14.609577179 1.23604798317
      vertex 8.01726436615 14.6239366531 1.23604798317
    endloop
  endfacet
  facet normal 0 -1 0
    outer loop
      vertex 8.01726436615 14.6239366531 1.23604798317
      vertex 8.00309753418 14.609577179 1.23604798317
      vertex 8.00309753418 14.6239366531 1.23604798317
    endloop
  endfacet
  facet normal -0 -1 -0
    outer loop
      vertex 8.03143215179 14.609577179 1.23604798317
      vertex 8.01726436615 14.609577179 1.23604798317
      vertex 8.03143215179 14.6239366531 1.23604798317
    endloop
  endfacet
  facet normal 0 -1 0
    outer loop
      vertex 8.03143215179 14.6239366531 1.23604798317
      vertex 8.01726436615 14.609577179 1.23604798317
      vertex 8.01726436615 14.6239366531 1.23604798317
    endloop
  endfacet
  facet normal -0 -1 -0
    outer loop
      vertex 8.04559993744 14.609577179 1.23604798317
      vertex 8.03143215179 14.609577179 1.23604798317
      vertex 8.04559993744 14.6239366531 1.23604798317
    endloop
  endfacet
  facet normal 0 -1 0
    outer loop
      vertex 8.04559993744 14.6239366531 1.23604798317
      vertex 8.03143215179 14.609577179 1.23604798317
      vertex 8.03143215179 14.6239366531 1.23604798317
    endloop
  endfacet
  facet normal -0.635603606701 -0.450255274773 0.627119004726
    outer loop
      vertex 8.05976772308 14.6239366531 1.21604800224
      vertex 8.05976772308 14.609577179 1.23604798317
      vertex 8.04559993744 14.6239366531 1.23604798317
    endloop
  endfacet
  facet normal -0 -1 0
    outer loop
      vertex 8.05976772308 14.609577179 1.23604798317
      vertex 8.04559993744 14.609577179 1.23604798317
      vertex 8.04559993744 14.6239366531 1.23604798317
    endloop
  endfacet
  facet normal 0 -0.583220481873 0.812313914299
    outer loop
      vertex 8.0739364624 14.6239366531 1.21604800224
      vertex 8.05976772308 14.609577179 1.23604798317
      vertex 8.05976772308 14.6239366531 1.21604800224
    endloop
  endfacet
  facet normal 0 -0.583220481873 0.812313914299
    outer loop
      vertex 8.0739364624 14.609577179 1.23604798317
      vertex 8.05976772308 14.609577179 1.23604798317
      vertex 8.0739364624 14.6239366531 1.21604800224
    endloop
  endfacet
  facet normal 0 -0.583220481873 0.812313914299
    outer loop
      vertex 8.08810329437 14.6239366531 1.21604800224
      vertex 8.0739364624 14.609577179 1.23604798317
      vertex 8.0739364624 14.6239366531 1.21604800224
    endloop
  endfacet
  facet normal 0 -0.583220481873 0.812313914299
    outer loop
      vertex 8.08810329437 14.609577179 1.23604798317
      vertex 8.0739364624 14.609577179 1.23604798317
      vertex 8.08810329437 14.6239366531 1.21604800224
    endloop
  endfacet
  facet normal 0 -0.583220481873 0.812313914299
    outer loop
      vertex 8.10227108002 14.6239366531 1.21604800224
      vertex 8.08810329437 14.609577179 1.23604798317
      vertex 8.08810329437 14.6239366531 1.21604800224
    endloop
  endfacet
  facet normal 0 -0.583220481873 0.812313914299
    outer loop
      vertex 8.10227108002 14.609577179 1.23604798317
      vertex 8.08810329437 14.609577179 1.23604798317
      vertex 8.10227108002 14.6239366531 1.21604800224
    endloop
  endfacet
  facet normal -0.635603666306 -0.45025524497 0.627118945122
    outer loop
      vertex 8.11643886566 14.609577179 1.21604800224
      vertex 8.10227108002 14.609577179 1.23604798317
      vertex 8.10227108002 14.6239366531 1.21604800224
    endloop
  endfacet
  facet normal 0.635603666306 -0.45025524497 0.627118945122
    outer loop
      vertex 8.25811576843 14.6239366531 1.23604798317
      vertex 8.24394798279 14.609577179 1.23604798317
      vertex 8.24394798279 14.6239366531 1.21604800224
    endloop
  endfacet
  facet normal 1 0 0
    outer loop
      vertex 8.24394798279 14.609577179 1.23604798317
      vertex 8.24394798279 14.609577179 1.21604800224
      vertex 8.24394798279 14.6239366531 1.21604800224
    endloop
  endfacet
  facet normal -0 -1 -0
    outer loop
      vertex 7.94642591476 14.6239366531 1.23604798317
      vertex 7.93225908279 14.6239366531 1.23604798317
      vertex 7.94642591476 14.6382961273 1.23604798317
    endloop
  endfacet
  facet normal 0 -1 0
    outer loop
      vertex 7.94642591476 14.6382961273 1.23604798317
      vertex 7.93225908279 14.6239366531 1.23604798317
      vertex 7.93225908279 14.6382961273 1.23604798317
    endloop
  endfacet
  facet normal -0 -1 -0
    outer loop
      vertex 7.96059417725 14.6239366531 1.23604798317
      vertex 7.94642591476 14.6239366531 1.23604798317
      vertex 7.96059417725 14.6382961273 1.23604798317
    endloop
  endfacet
  facet normal 0 -1 0
    outer loop
      vertex 7.96059417725 14.6382961273 1.23604798317
      vertex 7.94642591476 14.6239366531 1.23604798317
      vertex 7.94642591476 14.6382961273 1.23604798317
    endloop
  endfacet
  facet normal -0.635629117489 -0.45024305582 0.627101957798
    outer loop
      vertex 7.97476100922 14.6382961273 1.21604800224
      vertex 7.97476100922 14.6239366531 1.23604798317
      vertex 7.96059417725 14.6382961273 1.23604798317
    endloop
  endfacet
  facet normal -0 -1 0
    outer loop
      vertex 7.97476100922 14.6239366531 1.23604798317
      vertex 7.96059417725 14.6239366531 1.23604798317
      vertex 7.96059417725 14.6382961273 1.23604798317
    endloop
  endfacet
  facet normal 0 -0.583220481873 0.812313914299
    outer loop
      vertex 7.98892879486 14.6382961273 1.21604800224
      vertex 7.97476100922 14.6239366531 1.23604798317
      vertex 7.97476100922 14.6382961273 1.21604800224
    endloop
  endfacet
  facet normal 0 -0.583220481873 0.812313914299
    outer loop
      vertex 7.98892879486 14.6239366531 1.23604798317
      vertex 7.97476100922 14.6239366531 1.23604798317
      vertex 7.98892879486 14.6382961273 1.21604800224
    endloop
  endfacet
  facet normal 0 -0.583220481873 0.812313914299
    outer loop
      vertex 8.00309753418 14.6382961273 1.21604800224
      vertex 7.98892879486 14.6239366531 1.23604798317
      vertex 7.98892879486 14.6382961273 1.21604800224
    endloop
  endfacet
  facet normal 0 -0.583220481873 0.812313914299
    outer loop
      vertex 8.00309753418 14.6239366531 1.23604798317
      vertex 7.98892879486 14.6239366531 1.23604798317
      vertex 8.00309753418 14.6382961273 1.21604800224
    endloop
  endfacet
  facet normal 0 -0.583220481873 0.812313914299
    outer loop
      vertex 8.01726436615 14.6382961273 1.21604800224
      vertex 8.00309753418 14.6239366531 1.23604798317
      vertex 8.00309753418 14.6382961273 1.21604800224
    endloop
  endfacet
  facet normal 0 -0.583220481873 0.812313914299
    outer loop
      vertex 8.01726436615 14.6239366531 1.23604798317
      vertex 8.00309753418 14.6239366531 1.23604798317
      vertex 8.01726436615 14.6382961273 1.21604800224
    endloop
  endfacet
  facet normal 0 -0.583220481873 0.812313914299
    outer loop
      vertex 8.03143215179 14.6382961273 1.21604800224
      vertex 8.01726436615 14.6239366531 1.23604798317
      vertex 8.01726436615 14.6382961273 1.21604800224
    endloop
  endfacet
  facet normal 0 -0.583220481873 0.812313914299
    outer loop
      vertex 8.03143215179 14.6239366531 1.23604798317
      vertex 8.01726436615 14.6239366531 1.23604798317
      vertex 8.03143215179 14.6382961273 1.21604800224
    endloop
  endfacet
  facet normal 0 -0.583220481873 0.812313914299
    outer loop
      vertex 8.04559993744 14.6382961273 1.21604800224
      vertex 8.03143215179 14.6239366531 1.23604798317
      vertex 8.03143215179 14.6382961273 1.21604800224
    endloop
  endfacet
  facet normal 0 -0.583220481873 0.812313914299
    outer loop
      vertex 8.04559993744 14.6239366531 1.23604798317
      vertex 8.03143215179 14.6239366531 1.23604798317
      vertex 8.04559993744 14.6382961273 1.21604800224
    endloop
  endfacet
  facet normal -0.635603606701 -0.450255274773 0.627119004726
    outer loop
      vertex 8.05976772308 14.6239366531 1.21604800224
      vertex 8.04559993744 14.6239366531 1.23604798317
      vertex 8.04559993744 14.6382961273 1.21604800224
    endloop
  endfacet
  facet normal 0.816002726555 -0.578048110008 0
    outer loop
      vertex 8.25811576843 14.6239366531 1.23604798317
      vertex 8.24394798279 14.6382961273 1.21604800224
      vertex 8.25811576843 14.6382961273 1.23604798317
    endloop
  endfacet
  facet normal 0.816002726555 -0.578048110008 0
    outer loop
      vertex 8.24394798279 14.6239366531 1.21604800224
      vertex 8.24394798279 14.6382961273 1.21604800224
      vertex 8.25811576843 14.6239366531 1.23604798317
    endloop
  endfacet
  facet normal -0.635629177094 -0.450243115425 0.627101778984
    outer loop
      vertex 7.94642591476 14.6526556015 1.21604800224
      vertex 7.94642591476 14.6382961273 1.23604798317
      vertex 7.93225908279 14.6526556015 1.23604798317
    endloop
  endfacet
  facet normal -0 -1 0
    outer loop
      vertex 7.94642591476 14.6382961273 1.23604798317
      vertex 7.93225908279 14.6382961273 1.23604798317
      vertex 7.93225908279 14.6526556015 1.23604798317
    endloop
  endfacet
  facet normal 0 -0.583220660686 0.81231379509
    outer loop
      vertex 7.96059417725 14.6526556015 1.21604800224
      vertex 7.94642591476 14.6382961273 1.23604798317
      vertex 7.94642591476 14.6526556015 1.21604800224
    endloop
  endfacet
  facet normal 0 -0.583220660686 0.81231379509
    outer loop
      vertex 7.96059417725 14.6382961273 1.23604798317
      vertex 7.94642591476 14.6382961273 1.23604798317
      vertex 7.96059417725 14.6526556015 1.21604800224
    endloop
  endfacet
  facet normal -0.635629177094 -0.450243115425 0.627101778984
    outer loop
      vertex 7.97476100922 14.6382961273 1.21604800224
      vertex 7.96059417725 14.6382961273 1.23604798317
      vertex 7.96059417725 14.6526556015 1.21604800224
    endloop
  endfacet
  facet normal 0.635603785515 -0.450255334377 0.627118766308
    outer loop
      vertex 8.24394798279 14.6382961273 1.21604800224
      vertex 8.25811576843 14.6526556015 1.21604800224
      vertex 8.25811576843 14.6382961273 1.23604798317
    endloop
  endfacet
  facet normal 1 0 0
    outer loop
      vertex 8.25811576843 14.6382961273 1.23604798317
      vertex 8.25811576843 14.6526556015 1.21604800224
      vertex 8.25811576843 14.6526556015 1.23604798317
    endloop
  endfacet
  facet normal -0.816020965576 -0.578022301197 -0
    outer loop
      vertex 7.94642591476 14.6526556015 1.21604800224
      vertex 7.93225908279 14.6670160294 1.23604798317
      vertex 7.94642591476 14.6670160294 1.21604800224
    endloop
  endfacet
  facet normal -0.816020965576 -0.578022301197 -0
    outer loop
      vertex 7.93225908279 14.6526556015 1.23604798317
      vertex 7.93225908279 14.6670160294 1.23604798317
      vertex 7.94642591476 14.6526556015 1.21604800224
    endloop
  endfacet
  facet normal 0.635620355606 0.45026704669 -0.627093613148
    outer loop
      vertex 8.25811576843 14.6670160294 1.21604800224
      vertex 8.24394798279 14.6670160294 1.23604798317
      vertex 8.25811576843 14.6526556015 1.23604798317
    endloop
  endfacet
  facet normal 1 0 0
    outer loop
      vertex 8.25811576843 14.6670160294 1.21604800224
      vertex 8.25811576843 14.6526556015 1.23604798317
      vertex 8.25811576843 14.6526556015 1.21604800224
    endloop
  endfacet
  facet normal -1 0 0
    outer loop
      vertex 7.93225908279 14.6813764572 1.21604800224
      vertex 7.93225908279 14.6670160294 1.23604798317
      vertex 7.93225908279 14.6813764572 1.23604798317
    endloop
  endfacet
  facet normal -0.63564568758 -0.450254797935 0.627076685429
    outer loop
      vertex 7.94642591476 14.6670160294 1.21604800224
      vertex 7.93225908279 14.6670160294 1.23604798317
      vertex 7.93225908279 14.6813764572 1.21604800224
    endloop
  endfacet
  facet normal 0.635620296001 0.450266987085 -0.627093672752
    outer loop
      vertex 8.24394798279 14.6813764572 1.21604800224
      vertex 8.22978019714 14.6813764572 1.23604798317
      vertex 8.24394798279 14.6670160294 1.23604798317
    endloop
  endfacet
  facet normal 0.635620296001 0.450266987085 -0.627093672752
    outer loop
      vertex 8.24394798279 14.6670160294 1.23604798317
      vertex 8.25811576843 14.6670160294 1.21604800224
      vertex 8.24394798279 14.6813764572 1.21604800224
    endloop
  endfacet
  facet normal 0 1 0
    outer loop
      vertex 8.25811576843 14.6670160294 1.21604800224
      vertex 8.25811576843 14.6813764572 1.21604800224
      vertex 8.24394798279 14.6813764572 1.21604800224
    endloop
  endfacet
  facet normal -1 0 0
    outer loop
      vertex 7.93225908279 14.6813764572 1.21604800224
      vertex 7.93225908279 14.6813764572 1.23604798317
      vertex 7.93225908279 14.6957349777 1.21604800224
    endloop
  endfacet
  facet normal -1 0 -0
    outer loop
      vertex 7.93225908279 14.6813764572 1.23604798317
      vertex 7.93225908279 14.6957349777 1.23604798317
      vertex 7.93225908279 14.6957349777 1.21604800224
    endloop
  endfacet
  facet normal 0.635586977005 0.450243622065 -0.627144217491
    outer loop
      vertex 8.22978019714 14.6957349777 1.21604800224
      vertex 8.2156124115 14.6957349777 1.23604798317
      vertex 8.22978019714 14.6813764572 1.23604798317
    endloop
  endfacet
  facet normal 0.635587155819 0.450243532658 -0.627144098282
    outer loop
      vertex 8.22978019714 14.6813764572 1.23604798317
      vertex 8.24394798279 14.6813764572 1.21604800224
      vertex 8.22978019714 14.6957349777 1.21604800224
    endloop
  endfacet
  facet normal 0 1 0
    outer loop
      vertex 8.24394798279 14.6813764572 1.21604800224
      vertex 8.24394798279 14.6957349777 1.21604800224
      vertex 8.22978019714 14.6957349777 1.21604800224
    endloop
  endfacet
  facet normal 0 1 0
    outer loop
      vertex 8.25811576843 14.6813764572 1.21604800224
      vertex 8.25811576843 14.6957349777 1.21604800224
      vertex 8.24394798279 14.6813764572 1.21604800224
    endloop
  endfacet
  facet normal 0 1 0
    outer loop
      vertex 8.25811576843 14.6957349777 1.21604800224
      vertex 8.24394798279 14.6957349777 1.21604800224
      vertex 8.24394798279 14.6813764572 1.21604800224
    endloop
  endfacet
  facet normal -1 -0 0
    outer loop
      vertex 7.93225908279 14.6957349777 1.23604798317
      vertex 7.93225908279 14.7100944519 1.21604800224
      vertex 7.93225908279 14.6957349777 1.21604800224
    endloop
  endfacet
  facet normal -0.635629177094 0.450243085623 -0.627101838589
    outer loop
      vertex 7.93225908279 14.6957349777 1.23604798317
      vertex 7.94642591476 14.7100944519 1.23604798317
      vertex 7.93225908279 14.7100944519 1.21604800224
    endloop
  endfacet
  facet normal 0.63560372591 0.450255274773 -0.627118885517
    outer loop
      vertex 8.18727684021 14.7100944519 1.21604800224
      vertex 8.17310905457 14.7100944519 1.23604798317
      vertex 8.18727684021 14.6957349777 1.23604798317
    endloop
  endfacet
  facet normal 0 0.583220541477 -0.812313854694
    outer loop
      vertex 8.18727684021 14.7100944519 1.21604800224
      vertex 8.20144462585 14.6957349777 1.23604798317
      vertex 8.20144462585 14.7100944519 1.21604800224
    endloop
  endfacet
  facet normal 0 0.583220541477 -0.812313854694
    outer loop
      vertex 8.18727684021 14.6957349777 1.23604798317
      vertex 8.20144462585 14.6957349777 1.23604798317
      vertex 8.18727684021 14.7100944519 1.21604800224
    endloop
  endfacet
  facet normal 0 0.583220541477 -0.812313854694
    outer loop
      vertex 8.20144462585 14.7100944519 1.21604800224
      vertex 8.2156124115 14.6957349777 1.23604798317
      vertex 8.2156124115 14.7100944519 1.21604800224
    endloop
  endfacet
  facet normal 0 0.583220541477 -0.812313854694
    outer loop
      vertex 8.20144462585 14.6957349777 1.23604798317
      vertex 8.2156124115 14.6957349777 1.23604798317
      vertex 8.20144462585 14.7100944519 1.21604800224
    endloop
  endfacet
  facet normal 0.635603547096 0.45025536418 -0.627118945122
    outer loop
      vertex 8.2156124115 14.6957349777 1.23604798317
      vertex 8.22978019714 14.6957349777 1.21604800224
      vertex 8.2156124115 14.7100944519 1.21604800224
    endloop
  endfacet
  facet normal 0 1 0
    outer loop
      vertex 8.22978019714 14.6957349777 1.21604800224
      vertex 8.22978019714 14.7100944519 1.21604800224
      vertex 8.2156124115 14.7100944519 1.21604800224
    endloop
  endfacet
  facet normal 0 1 0
    outer loop
      vertex 8.24394798279 14.6957349777 1.21604800224
      vertex 8.24394798279 14.7100944519 1.21604800224
      vertex 8.22978019714 14.6957349777 1.21604800224
    endloop
  endfacet
  facet normal 0 1 0
    outer loop
      vertex 8.24394798279 14.7100944519 1.21604800224
      vertex 8.22978019714 14.7100944519 1.21604800224
      vertex 8.22978019714 14.6957349777 1.21604800224
    endloop
  endfacet
  facet normal 0 1 0
    outer loop
      vertex 8.25811576843 14.6957349777 1.21604800224
      vertex 8.24394798279 14.7100944519 1.21604800224
      vertex 8.24394798279 14.6957349777 1.21604800224
    endloop
  endfacet
  facet normal -0.816020965576 0.578022301197 0
    outer loop
      vertex 7.94642591476 14.7244539261 1.23604798317
      vertex 7.93225908279 14.7100944519 1.21604800224
      vertex 7.94642591476 14.7100944519 1.23604798317
    endloop
  endfacet
  facet normal -0.816020965576 0.578022301197 0
    outer loop
      vertex 7.93225908279 14.7244539261 1.21604800224
      vertex 7.93225908279 14.7100944519 1.21604800224
      vertex 7.94642591476 14.7244539261 1.23604798317
    endloop
  endfacet
  facet normal 0.635578155518 0.450267553329 -0.62713599205
    outer loop
      vertex 8.15894126892 14.7244539261 1.21604800224
      vertex 8.1447725296 14.7244539261 1.23604798317
      vertex 8.15894126892 14.7100944519 1.23604798317
    endloop
  endfacet
  facet normal 0 0.583220541477 -0.812313854694
    outer loop
      vertex 8.15894126892 14.7244539261 1.21604800224
      vertex 8.17310905457 14.7100944519 1.23604798317
      vertex 8.17310905457 14.7244539261 1.21604800224
    endloop
  endfacet
  facet normal 0 0.583220541477 -0.812313854694
    outer loop
      vertex 8.15894126892 14.7100944519 1.23604798317
      vertex 8.17310905457 14.7100944519 1.23604798317
      vertex 8.15894126892 14.7244539261 1.21604800224
    endloop
  endfacet
  facet normal 0.63560372591 0.450255274773 -0.627118885517
    outer loop
      vertex 8.17310905457 14.7100944519 1.23604798317
      vertex 8.18727684021 14.7100944519 1.21604800224
      vertex 8.17310905457 14.7244539261 1.21604800224
    endloop
  endfacet
  facet normal 0 1 0
    outer loop
      vertex 8.18727684021 14.7100944519 1.21604800224
      vertex 8.18727684021 14.7244539261 1.21604800224
      vertex 8.17310905457 14.7244539261 1.21604800224
    endloop
  endfacet
  facet normal 0 1 0
    outer loop
      vertex 8.20144462585 14.7100944519 1.21604800224
      vertex 8.20144462585 14.7244539261 1.21604800224
      vertex 8.18727684021 14.7100944519 1.21604800224
    endloop
  endfacet
  facet normal 0 1 0
    outer loop
      vertex 8.20144462585 14.7244539261 1.21604800224
      vertex 8.18727684021 14.7244539261 1.21604800224
      vertex 8.18727684021 14.7100944519 1.21604800224
    endloop
  endfacet
  facet normal 0 1 0
    outer loop
      vertex 8.2156124115 14.7100944519 1.21604800224
      vertex 8.2156124115 14.7244539261 1.21604800224
      vertex 8.20144462585 14.7100944519 1.21604800224
    endloop
  endfacet
  facet normal 0 1 0
    outer loop
      vertex 8.2156124115 14.7244539261 1.21604800224
      vertex 8.20144462585 14.7244539261 1.21604800224
      vertex 8.20144462585 14.7100944519 1.21604800224
    endloop
  endfacet
  facet normal 0 1 0
    outer loop
      vertex 8.22978019714 14.7100944519 1.21604800224
      vertex 8.22978019714 14.7244539261 1.21604800224
      vertex 8.2156124115 14.7100944519 1.21604800224
    endloop
  endfacet
  facet normal 0 1 0
    outer loop
      vertex 8.22978019714 14.7244539261 1.21604800224
      vertex 8.2156124115 14.7244539261 1.21604800224
      vertex 8.2156124115 14.7100944519 1.21604800224
    endloop
  endfacet
  facet normal 0 1 0
    outer loop
      vertex 8.24394798279 14.7100944519 1.21604800224
      vertex 8.22978019714 14.7244539261 1.21604800224
      vertex 8.22978019714 14.7100944519 1.21604800224
    endloop
  endfacet
  facet normal -0.635645747185 0.45025485754 -0.627076625824
    outer loop
      vertex 7.93225908279 14.7244539261 1.21604800224
      vertex 7.94642591476 14.7244539261 1.23604798317
      vertex 7.94642591476 14.7388143539 1.21604800224
    endloop
  endfacet
  facet normal -0.635607659817 0.450273156166 -0.627102077007
    outer loop
      vertex 7.94642591476 14.7244539261 1.23604798317
      vertex 7.96059417725 14.7388143539 1.23604798317
      vertex 7.94642591476 14.7388143539 1.21604800224
    endloop
  endfacet
  facet normal 0.635620296001 0.450267076492 -0.627093613148
    outer loop
      vertex 8.10227108002 14.7388143539 1.21604800224
      vertex 8.08810329437 14.7388143539 1.23604798317
      vertex 8.10227108002 14.7244539261 1.23604798317
    endloop
  endfacet
  facet normal 0 0.58324611187 -0.812295496464
    outer loop
      vertex 8.10227108002 14.7388143539 1.21604800224
      vertex 8.11643886566 14.7244539261 1.23604798317
      vertex 8.11643886566 14.7388143539 1.21604800224
    endloop
  endfacet
  facet normal 0 0.58324611187 -0.812295496464
    outer loop
      vertex 8.10227108002 14.7244539261 1.23604798317
      vertex 8.11643886566 14.7244539261 1.23604798317
      vertex 8.10227108002 14.7388143539 1.21604800224
    endloop
  endfacet
  facet normal 0 0.58324611187 -0.812295496464
    outer loop
      vertex 8.11643886566 14.7388143539 1.21604800224
      vertex 8.13060665131 14.7244539261 1.23604798317
      vertex 8.13060665131 14.7388143539 1.21604800224
    endloop
  endfacet
  facet normal 0 0.58324611187 -0.812295496464
    outer loop
      vertex 8.11643886566 14.7244539261 1.23604798317
      vertex 8.13060665131 14.7244539261 1.23604798317
      vertex 8.11643886566 14.7388143539 1.21604800224
    endloop
  endfacet
  facet normal 0 0.58324611187 -0.812295496464
    outer loop
      vertex 8.13060665131 14.7388143539 1.21604800224
      vertex 8.1447725296 14.7244539261 1.23604798317
      vertex 8.1447725296 14.7388143539 1.21604800224
    endloop
  endfacet
  facet normal 0 0.58324611187 -0.812295496464
    outer loop
      vertex 8.13060665131 14.7244539261 1.23604798317
      vertex 8.1447725296 14.7244539261 1.23604798317
      vertex 8.13060665131 14.7388143539 1.21604800224
    endloop
  endfacet
  facet normal 0.635594785213 0.450279325247 -0.627110660076
    outer loop
      vertex 8.1447725296 14.7244539261 1.23604798317
      vertex 8.15894126892 14.7244539261 1.21604800224
      vertex 8.1447725296 14.7388143539 1.21604800224
    endloop
  endfacet
  facet normal 0 1 0
    outer loop
      vertex 8.15894126892 14.7244539261 1.21604800224
      vertex 8.15894126892 14.7388143539 1.21604800224
      vertex 8.1447725296 14.7388143539 1.21604800224
    endloop
  endfacet
  facet normal 0 1 0
    outer loop
      vertex 8.17310905457 14.7244539261 1.21604800224
      vertex 8.17310905457 14.7388143539 1.21604800224
      vertex 8.15894126892 14.7244539261 1.21604800224
    endloop
  endfacet
  facet normal 0 1 0
    outer loop
      vertex 8.17310905457 14.7388143539 1.21604800224
      vertex 8.15894126892 14.7388143539 1.21604800224
      vertex 8.15894126892 14.7244539261 1.21604800224
    endloop
  endfacet
  facet normal 0 1 0
    outer loop
      vertex 8.18727684021 14.7244539261 1.21604800224
      vertex 8.18727684021 14.7388143539 1.21604800224
      vertex 8.17310905457 14.7244539261 1.21604800224
    endloop
  endfacet
  facet normal 0 1 0
    outer loop
      vertex 8.18727684021 14.7388143539 1.21604800224
      vertex 8.17310905457 14.7388143539 1.21604800224
      vertex 8.17310905457 14.7244539261 1.21604800224
    endloop
  endfacet
  facet normal 0 1 0
    outer loop
      vertex 8.20144462585 14.7244539261 1.21604800224
      vertex 8.18727684021 14.7388143539 1.21604800224
      vertex 8.18727684021 14.7244539261 1.21604800224
    endloop
  endfacet
  facet normal -0.635591030121 0.450261384249 -0.627127349377
    outer loop
      vertex 7.96059417725 14.7388143539 1.23604798317
      vertex 7.96059417725 14.7531738281 1.21604800224
      vertex 7.94642591476 14.7388143539 1.21604800224
    endloop
  endfacet
  facet normal 0 1 0
    outer loop
      vertex 7.96059417725 14.7531738281 1.21604800224
      vertex 7.94642591476 14.7531738281 1.21604800224
      vertex 7.94642591476 14.7388143539 1.21604800224
    endloop
  endfacet
  facet normal -0.635629177094 0.450243085623 -0.627101838589
    outer loop
      vertex 7.96059417725 14.7388143539 1.23604798317
      vertex 7.97476100922 14.7531738281 1.23604798317
      vertex 7.96059417725 14.7531738281 1.21604800224
    endloop
  endfacet
  facet normal 0.63560372591 0.450255274773 -0.627118885517
    outer loop
      vertex 7.98892879486 14.7531738281 1.21604800224
      vertex 7.97476100922 14.7531738281 1.23604798317
      vertex 7.98892879486 14.7388143539 1.23604798317
    endloop
  endfacet
  facet normal 0 0.583220541477 -0.812313854694
    outer loop
      vertex 7.98892879486 14.7531738281 1.21604800224
      vertex 8.00309753418 14.7388143539 1.23604798317
      vertex 8.00309753418 14.7531738281 1.21604800224
    endloop
  endfacet
  facet normal 0 0.583220541477 -0.812313854694
    outer loop
      vertex 7.98892879486 14.7388143539 1.23604798317
      vertex 8.00309753418 14.7388143539 1.23604798317
      vertex 7.98892879486 14.7531738281 1.21604800224
    endloop
  endfacet
  facet normal 0 0.583220541477 -0.812313854694
    outer loop
      vertex 8.00309753418 14.7531738281 1.21604800224
      vertex 8.01726436615 14.7388143539 1.23604798317
      vertex 8.01726436615 14.7531738281 1.21604800224
    endloop
  endfacet
  facet normal 0 0.583220541477 -0.812313854694
    outer loop
      vertex 8.00309753418 14.7388143539 1.23604798317
      vertex 8.01726436615 14.7388143539 1.23604798317
      vertex 8.00309753418 14.7531738281 1.21604800224
    endloop
  endfacet
  facet normal 0 0.583220541477 -0.812313854694
    outer loop
      vertex 8.01726436615 14.7531738281 1.21604800224
      vertex 8.03143215179 14.7388143539 1.23604798317
      vertex 8.03143215179 14.7531738281 1.21604800224
    endloop
  endfacet
  facet normal 0 0.583220541477 -0.812313854694
    outer loop
      vertex 8.01726436615 14.7388143539 1.23604798317
      vertex 8.03143215179 14.7388143539 1.23604798317
      vertex 8.01726436615 14.7531738281 1.21604800224
    endloop
  endfacet
  facet normal 0 0.583220541477 -0.812313854694
    outer loop
      vertex 8.03143215179 14.7531738281 1.21604800224
      vertex 8.04559993744 14.7388143539 1.23604798317
      vertex 8.04559993744 14.7531738281 1.21604800224
    endloop
  endfacet
  facet normal 0 0.583220541477 -0.812313854694
    outer loop
      vertex 8.03143215179 14.7388143539 1.23604798317
      vertex 8.04559993744 14.7388143539 1.23604798317
      vertex 8.03143215179 14.7531738281 1.21604800224
    endloop
  endfacet
  facet normal 0 0.583220541477 -0.812313854694
    outer loop
      vertex 8.04559993744 14.7531738281 1.21604800224
      vertex 8.05976772308 14.7388143539 1.23604798317
      vertex 8.05976772308 14.7531738281 1.21604800224
    endloop
  endfacet
  facet normal 0 0.583220541477 -0.812313854694
    outer loop
      vertex 8.04559993744 14.7388143539 1.23604798317
      vertex 8.05976772308 14.7388143539 1.23604798317
      vertex 8.04559993744 14.7531738281 1.21604800224
    endloop
  endfacet
  facet normal 0 0.583220541477 -0.812313854694
    outer loop
      vertex 8.05976772308 14.7531738281 1.21604800224
      vertex 8.0739364624 14.7388143539 1.23604798317
      vertex 8.0739364624 14.7531738281 1.21604800224
    endloop
  endfacet
  facet normal 0 0.583220541477 -0.812313854694
    outer loop
      vertex 8.05976772308 14.7388143539 1.23604798317
      vertex 8.0739364624 14.7388143539 1.23604798317
      vertex 8.05976772308 14.7531738281 1.21604800224
    endloop
  endfacet
  facet normal 0 0.583220541477 -0.812313854694
    outer loop
      vertex 8.0739364624 14.7531738281 1.21604800224
      vertex 8.08810329437 14.7388143539 1.23604798317
      vertex 8.08810329437 14.7531738281 1.21604800224
    endloop
  endfacet
  facet normal 0 0.583220541477 -0.812313854694
    outer loop
      vertex 8.0739364624 14.7388143539 1.23604798317
      vertex 8.08810329437 14.7388143539 1.23604798317
      vertex 8.0739364624 14.7531738281 1.21604800224
    endloop
  endfacet
  facet normal 0.63560372591 0.450255304575 -0.627118885517
    outer loop
      vertex 8.08810329437 14.7388143539 1.23604798317
      vertex 8.10227108002 14.7388143539 1.21604800224
      vertex 8.08810329437 14.7531738281 1.21604800224
    endloop
  endfacet
  facet normal 0 1 0
    outer loop
      vertex 8.10227108002 14.7388143539 1.21604800224
      vertex 8.10227108002 14.7531738281 1.21604800224
      vertex 8.08810329437 14.7531738281 1.21604800224
    endloop
  endfacet
  facet normal 0 1 0
    outer loop
      vertex 8.11643886566 14.7388143539 1.21604800224
      vertex 8.11643886566 14.7531738281 1.21604800224
      vertex 8.10227108002 14.7388143539 1.21604800224
    endloop
  endfacet
  facet normal 0 1 0
    outer loop
      vertex 8.11643886566 14.7531738281 1.21604800224
      vertex 8.10227108002 14.7531738281 1.21604800224
      vertex 8.10227108002 14.7388143539 1.21604800224
    endloop
  endfacet
  facet normal 0 1 0
    outer loop
      vertex 8.13060665131 14.7388143539 1.21604800224
      vertex 8.13060665131 14.7531738281 1.21604800224
      vertex 8.11643886566 14.7388143539 1.21604800224
    endloop
  endfacet
  facet normal 0 1 0
    outer loop
      vertex 8.13060665131 14.7531738281 1.21604800224
      vertex 8.11643886566 14.7531738281 1.21604800224
      vertex 8.11643886566 14.7388143539 1.21604800224
    endloop
  endfacet
  facet normal 0 1 0
    outer loop
      vertex 8.1447725296 14.7388143539 1.21604800224
      vertex 8.1447725296 14.7531738281 1.21604800224
      vertex 8.13060665131 14.7388143539 1.21604800224
    endloop
  endfacet
  facet normal 0 1 0
    outer loop
      vertex 8.1447725296 14.7531738281 1.21604800224
      vertex 8.13060665131 14.7531738281 1.21604800224
      vertex 8.13060665131 14.7388143539 1.21604800224
    endloop
  endfacet
  facet normal 0 1 0
    outer loop
      vertex 8.15894126892 14.7388143539 1.21604800224
      vertex 8.15894126892 14.7531738281 1.21604800224
      vertex 8.1447725296 14.7388143539 1.21604800224
    endloop
  endfacet
  facet normal 0 1 0
    outer loop
      vertex 8.15894126892 14.7531738281 1.21604800224
      vertex 8.1447725296 14.7531738281 1.21604800224
      vertex 8.1447725296 14.7388143539 1.21604800224
    endloop
  endfacet
  facet normal 0 1 0
    outer loop
      vertex 8.17310905457 14.7388143539 1.21604800224
      vertex 8.15894126892 14.7531738281 1.21604800224
      vertex 8.15894126892 14.7388143539 1.21604800224
    endloop
  endfacet
  facet normal 0 1 -0
    outer loop
      vertex 7.96059417725 14.7675333023 1.21604800224
      vertex 7.94642591476 14.7531738281 1.21604800224
      vertex 7.96059417725 14.7531738281 1.21604800224
    endloop
  endfacet
  facet normal -0.635629177094 0.450243085623 -0.627101838589
    outer loop
      vertex 7.97476100922 14.7531738281 1.23604798317
      vertex 7.97476100922 14.7675333023 1.21604800224
      vertex 7.96059417725 14.7531738281 1.21604800224
    endloop
  endfacet
  facet normal 0 1 0
    outer loop
      vertex 7.97476100922 14.7675333023 1.21604800224
      vertex 7.96059417725 14.7675333023 1.21604800224
      vertex 7.96059417725 14.7531738281 1.21604800224
    endloop
  endfacet
  facet normal 0.63560372591 0.450255274773 -0.627118885517
    outer loop
      vertex 7.97476100922 14.7531738281 1.23604798317
      vertex 7.98892879486 14.7531738281 1.21604800224
      vertex 7.97476100922 14.7675333023 1.21604800224
    endloop
  endfacet
  facet normal 0 1 0
    outer loop
      vertex 7.98892879486 14.7531738281 1.21604800224
      vertex 7.98892879486 14.7675333023 1.21604800224
      vertex 7.97476100922 14.7675333023 1.21604800224
    endloop
  endfacet
  facet normal 0 1 0
    outer loop
      vertex 8.00309753418 14.7531738281 1.21604800224
      vertex 8.00309753418 14.7675333023 1.21604800224
      vertex 7.98892879486 14.7531738281 1.21604800224
    endloop
  endfacet
  facet normal 0 1 0
    outer loop
      vertex 8.00309753418 14.7675333023 1.21604800224
      vertex 7.98892879486 14.7675333023 1.21604800224
      vertex 7.98892879486 14.7531738281 1.21604800224
    endloop
  endfacet
  facet normal 0 1 0
    outer loop
      vertex 8.01726436615 14.7531738281 1.21604800224
      vertex 8.01726436615 14.7675333023 1.21604800224
      vertex 8.00309753418 14.7531738281 1.21604800224
    endloop
  endfacet
  facet normal 0 1 0
    outer loop
      vertex 8.01726436615 14.7675333023 1.21604800224
      vertex 8.00309753418 14.7675333023 1.21604800224
      vertex 8.00309753418 14.7531738281 1.21604800224
    endloop
  endfacet
  facet normal 0 1 0
    outer loop
      vertex 8.03143215179 14.7531738281 1.21604800224
      vertex 8.03143215179 14.7675333023 1.21604800224
      vertex 8.01726436615 14.7531738281 1.21604800224
    endloop
  endfacet
  facet normal 0 1 0
    outer loop
      vertex 8.03143215179 14.7675333023 1.21604800224
      vertex 8.01726436615 14.7675333023 1.21604800224
      vertex 8.01726436615 14.7531738281 1.21604800224
    endloop
  endfacet
  facet normal 0 1 0
    outer loop
      vertex 8.04559993744 14.7531738281 1.21604800224
      vertex 8.04559993744 14.7675333023 1.21604800224
      vertex 8.03143215179 14.7531738281 1.21604800224
    endloop
  endfacet
  facet normal 0 1 0
    outer loop
      vertex 8.04559993744 14.7675333023 1.21604800224
      vertex 8.03143215179 14.7675333023 1.21604800224
      vertex 8.03143215179 14.7531738281 1.21604800224
    endloop
  endfacet
  facet normal 0 1 0
    outer loop
      vertex 8.05976772308 14.7531738281 1.21604800224
      vertex 8.05976772308 14.7675333023 1.21604800224
      vertex 8.04559993744 14.7531738281 1.21604800224
    endloop
  endfacet
  facet normal 0 1 0
    outer loop
      vertex 8.05976772308 14.7675333023 1.21604800224
      vertex 8.04559993744 14.7675333023 1.21604800224
      vertex 8.04559993744 14.7531738281 1.21604800224
    endloop
  endfacet
  facet normal 0 1 0
    outer loop
      vertex 8.0739364624 14.7531738281 1.21604800224
      vertex 8.0739364624 14.7675333023 1.21604800224
      vertex 8.05976772308 14.7531738281 1.21604800224
    endloop
  endfacet
  facet normal 0 1 0
    outer loop
      vertex 8.0739364624 14.7675333023 1.21604800224
      vertex 8.05976772308 14.7675333023 1.21604800224
      vertex 8.05976772308 14.7531738281 1.21604800224
    endloop
  endfacet
  facet normal 0 1 0
    outer loop
      vertex 8.08810329437 14.7531738281 1.21604800224
      vertex 8.08810329437 14.7675333023 1.21604800224
      vertex 8.0739364624 14.7531738281 1.21604800224
    endloop
  endfacet
  facet normal 0 1 0
    outer loop
      vertex 8.08810329437 14.7675333023 1.21604800224
      vertex 8.0739364624 14.7675333023 1.21604800224
      vertex 8.0739364624 14.7531738281 1.21604800224
    endloop
  endfacet
  facet normal 0 1 0
    outer loop
      vertex 8.10227108002 14.7531738281 1.21604800224
      vertex 8.10227108002 14.7675333023 1.21604800224
      vertex 8.08810329437 14.7531738281 1.21604800224
    endloop
  endfacet
  facet normal 0 1 0
    outer loop
      vertex 8.10227108002 14.7675333023 1.21604800224
      vertex 8.08810329437 14.7675333023 1.21604800224
      vertex 8.08810329437 14.7531738281 1.21604800224
    endloop
  endfacet
  facet normal 0 1 0
    outer loop
      vertex 8.11643886566 14.7531738281 1.21604800224
      vertex 8.11643886566 14.7675333023 1.21604800224
      vertex 8.10227108002 14.7531738281 1.21604800224
    endloop
  endfacet
  facet normal 0 1 0
    outer loop
      vertex 8.11643886566 14.7675333023 1.21604800224
      vertex 8.10227108002 14.7675333023 1.21604800224
      vertex 8.10227108002 14.7531738281 1.21604800224
    endloop
  endfacet
  facet normal 0 1 0
    outer loop
      vertex 8.13060665131 14.7531738281 1.21604800224
      vertex 8.11643886566 14.7675333023 1.21604800224
      vertex 8.11643886566 14.7531738281 1.21604800224
    endloop
  endfacet
  facet normal 0 1 -0
    outer loop
      vertex 7.97476100922 14.7818927765 1.21604800224
      vertex 7.96059417725 14.7675333023 1.21604800224
      vertex 7.97476100922 14.7675333023 1.21604800224
    endloop
  endfacet
  facet normal 0 1 0
    outer loop
      vertex 7.98892879486 14.7675333023 1.21604800224
      vertex 7.98892879486 14.7818927765 1.21604800224
      vertex 7.97476100922 14.7675333023 1.21604800224
    endloop
  endfacet
  facet normal 0 1 0
    outer loop
      vertex 7.98892879486 14.7818927765 1.21604800224
      vertex 7.97476100922 14.7818927765 1.21604800224
      vertex 7.97476100922 14.7675333023 1.21604800224
    endloop
  endfacet
  facet normal 0 1 0
    outer loop
      vertex 8.00309753418 14.7675333023 1.21604800224
      vertex 8.00309753418 14.7818927765 1.21604800224
      vertex 7.98892879486 14.7675333023 1.21604800224
    endloop
  endfacet
  facet normal 0 1 0
    outer loop
      vertex 8.00309753418 14.7818927765 1.21604800224
      vertex 7.98892879486 14.7818927765 1.21604800224
      vertex 7.98892879486 14.7675333023 1.21604800224
    endloop
  endfacet
  facet normal 0 1 0
    outer loop
      vertex 8.01726436615 14.7675333023 1.21604800224
      vertex 8.01726436615 14.7818927765 1.21604800224
      vertex 8.00309753418 14.7675333023 1.21604800224
    endloop
  endfacet
  facet normal 0 1 0
    outer loop
      vertex 8.01726436615 14.7818927765 1.21604800224
      vertex 8.00309753418 14.7818927765 1.21604800224
      vertex 8.00309753418 14.7675333023 1.21604800224
    endloop
  endfacet
  facet normal 0 1 0
    outer loop
      vertex 8.03143215179 14.7675333023 1.21604800224
      vertex 8.03143215179 14.7818927765 1.21604800224
      vertex 8.01726436615 14.7675333023 1.21604800224
    endloop
  endfacet
  facet normal 0 1 0
    outer loop
      vertex 8.03143215179 14.7818927765 1.21604800224
      vertex 8.01726436615 14.7818927765 1.21604800224
      vertex 8.01726436615 14.7675333023 1.21604800224
    endloop
  endfacet
  facet normal 0 1 0
    outer loop
      vertex 8.04559993744 14.7675333023 1.21604800224
      vertex 8.04559993744 14.7818927765 1.21604800224
      vertex 8.03143215179 14.7675333023 1.21604800224
    endloop
  endfacet
  facet normal 0 1 0
    outer loop
      vertex 8.04559993744 14.7818927765 1.21604800224
      vertex 8.03143215179 14.7818927765 1.21604800224
      vertex 8.03143215179 14.7675333023 1.21604800224
    endloop
  endfacet
  facet normal 0 1 0
    outer loop
      vertex 8.05976772308 14.7675333023 1.21604800224
      vertex 8.05976772308 14.7818927765 1.21604800224
      vertex 8.04559993744 14.7675333023 1.21604800224
    endloop
  endfacet
  facet normal 0 1 0
    outer loop
      vertex 8.05976772308 14.7818927765 1.21604800224
      vertex 8.04559993744 14.7818927765 1.21604800224
      vertex 8.04559993744 14.7675333023 1.21604800224
    endloop
  endfacet
  facet normal 0 1 0
    outer loop
      vertex 8.0739364624 14.7675333023 1.21604800224
      vertex 8.05976772308 14.7818927765 1.21604800224
      vertex 8.05976772308 14.7675333023 1.21604800224
    endloop
  endfacet
  facet normal 0 -1 -0
    outer loop
      vertex 8.20144462585 14.5377779007 1.2560479641
      vertex 8.18727684021 14.5521383286 1.2560479641
      vertex 8.20144462585 14.5521383286 1.2560479641
    endloop
  endfacet
  facet normal -0.635620296001 -0.450267106295 0.627093553543
    outer loop
      vertex 8.2156124115 14.5521383286 1.23604798317
      vertex 8.2156124115 14.5377779007 1.2560479641
      vertex 8.20144462585 14.5521383286 1.2560479641
    endloop
  endfacet
  facet normal -0 -1 0
    outer loop
      vertex 8.2156124115 14.5377779007 1.2560479641
      vertex 8.20144462585 14.5377779007 1.2560479641
      vertex 8.20144462585 14.5521383286 1.2560479641
    endloop
  endfacet
  facet normal 0.635620117188 -0.450267165899 0.627093672752
    outer loop
      vertex 8.2156124115 14.5521383286 1.23604798317
      vertex 8.22978019714 14.5521383286 1.2560479641
      vertex 8.2156124115 14.5377779007 1.2560479641
    endloop
  endfacet
  facet normal 0 -1 0
    outer loop
      vertex 8.22978019714 14.5521383286 1.2560479641
      vertex 8.22978019714 14.5377779007 1.2560479641
      vertex 8.2156124115 14.5377779007 1.2560479641
    endloop
  endfacet
  facet normal 0 -1 -0
    outer loop
      vertex 8.13060665131 14.5521383286 1.2560479641
      vertex 8.11643886566 14.5664978027 1.2560479641
      vertex 8.13060665131 14.5664978027 1.2560479641
    endloop
  endfacet
  facet normal -0 -1 -0
    outer loop
      vertex 8.1447725296 14.5521383286 1.2560479641
      vertex 8.13060665131 14.5521383286 1.2560479641
      vertex 8.1447725296 14.5664978027 1.2560479641
    endloop
  endfacet
  facet normal 0 -1 0
    outer loop
      vertex 8.1447725296 14.5664978027 1.2560479641
      vertex 8.13060665131 14.5521383286 1.2560479641
      vertex 8.13060665131 14.5664978027 1.2560479641
    endloop
  endfacet
  facet normal -0.635578215122 -0.450267672539 0.627135872841
    outer loop
      vertex 8.15894126892 14.5664978027 1.23604798317
      vertex 8.15894126892 14.5521383286 1.2560479641
      vertex 8.1447725296 14.5664978027 1.2560479641
    endloop
  endfacet
  facet normal -0 -1 0
    outer loop
      vertex 8.15894126892 14.5521383286 1.2560479641
      vertex 8.1447725296 14.5521383286 1.2560479641
      vertex 8.1447725296 14.5664978027 1.2560479641
    endloop
  endfacet
  facet normal 0.635603785515 -0.450255393982 0.627118766308
    outer loop
      vertex 8.15894126892 14.5664978027 1.23604798317
      vertex 8.17310905457 14.5664978027 1.2560479641
      vertex 8.15894126892 14.5521383286 1.2560479641
    endloop
  endfacet
  facet normal 0 -1 0
    outer loop
      vertex 8.17310905457 14.5664978027 1.2560479641
      vertex 8.17310905457 14.5521383286 1.2560479641
      vertex 8.15894126892 14.5521383286 1.2560479641
    endloop
  endfacet
  facet normal -0.635603785515 -0.450255393982 0.627118766308
    outer loop
      vertex 8.18727684021 14.5664978027 1.23604798317
      vertex 8.18727684021 14.5521383286 1.2560479641
      vertex 8.17310905457 14.5664978027 1.2560479641
    endloop
  endfacet
  facet normal -0 -1 0
    outer loop
      vertex 8.18727684021 14.5521383286 1.2560479641
      vertex 8.17310905457 14.5521383286 1.2560479641
      vertex 8.17310905457 14.5664978027 1.2560479641
    endloop
  endfacet
  facet normal 0 -0.583220720291 0.812313735485
    outer loop
      vertex 8.20144462585 14.5664978027 1.23604798317
      vertex 8.18727684021 14.5521383286 1.2560479641
      vertex 8.18727684021 14.5664978027 1.23604798317
    endloop
  endfacet
  facet normal 0 -0.583220720291 0.812313735485
    outer loop
      vertex 8.20144462585 14.5521383286 1.2560479641
      vertex 8.18727684021 14.5521383286 1.2560479641
      vertex 8.20144462585 14.5664978027 1.23604798317
    endloop
  endfacet
  facet normal -0.635603785515 -0.450255393982 0.627118766308
    outer loop
      vertex 8.2156124115 14.5521383286 1.23604798317
      vertex 8.20144462585 14.5521383286 1.2560479641
      vertex 8.20144462585 14.5664978027 1.23604798317
    endloop
  endfacet
  facet normal 0.635603606701 -0.450255453587 0.627118885517
    outer loop
      vertex 8.2156124115 14.5521383286 1.23604798317
      vertex 8.22978019714 14.5664978027 1.23604798317
      vertex 8.22978019714 14.5521383286 1.2560479641
    endloop
  endfacet
  facet normal -1.11299573404e-16 -0.583220720291 0.812313735485
    outer loop
      vertex 8.22978019714 14.5521383286 1.2560479641
      vertex 8.22978019714 14.5664978027 1.23604798317
      vertex 8.24394798279 14.5664978027 1.23604798317
    endloop
  endfacet
  facet normal 0.81600266695 0.578048169613 0
    outer loop
      vertex 8.22978019714 14.5521383286 1.2560479641
      vertex 8.24394798279 14.5664978027 1.23604798317
      vertex 8.22978019714 14.5664978027 1.2560479641
    endloop
  endfacet
  facet normal 0 -1 -0
    outer loop
      vertex 8.0739364624 14.5664978027 1.2560479641
      vertex 8.05976772308 14.5808572769 1.2560479641
      vertex 8.0739364624 14.5808572769 1.2560479641
    endloop
  endfacet
  facet normal -0 -1 -0
    outer loop
      vertex 8.08810329437 14.5664978027 1.2560479641
      vertex 8.0739364624 14.5664978027 1.2560479641
      vertex 8.08810329437 14.5808572769 1.2560479641
    endloop
  endfacet
  facet normal 0 -1 0
    outer loop
      vertex 8.08810329437 14.5808572769 1.2560479641
      vertex 8.0739364624 14.5664978027 1.2560479641
      vertex 8.0739364624 14.5808572769 1.2560479641
    endloop
  endfacet
  facet normal -0.63560372591 -0.450255393982 0.627118766308
    outer loop
      vertex 8.10227108002 14.5808572769 1.23604798317
      vertex 8.10227108002 14.5664978027 1.2560479641
      vertex 8.08810329437 14.5808572769 1.2560479641
    endloop
  endfacet
  facet normal -0 -1 0
    outer loop
      vertex 8.10227108002 14.5664978027 1.2560479641
      vertex 8.08810329437 14.5664978027 1.2560479641
      vertex 8.08810329437 14.5808572769 1.2560479641
    endloop
  endfacet
  facet normal 0 -0.583220720291 0.812313735485
    outer loop
      vertex 8.11643886566 14.5808572769 1.23604798317
      vertex 8.10227108002 14.5664978027 1.2560479641
      vertex 8.10227108002 14.5808572769 1.23604798317
    endloop
  endfacet
  facet normal 0 -0.583220720291 0.812313735485
    outer loop
      vertex 8.11643886566 14.5664978027 1.2560479641
      vertex 8.10227108002 14.5664978027 1.2560479641
      vertex 8.11643886566 14.5808572769 1.23604798317
    endloop
  endfacet
  facet normal 0 -0.583220720291 0.812313735485
    outer loop
      vertex 8.13060665131 14.5808572769 1.23604798317
      vertex 8.11643886566 14.5664978027 1.2560479641
      vertex 8.11643886566 14.5808572769 1.23604798317
    endloop
  endfacet
  facet normal 0 -0.583220720291 0.812313735485
    outer loop
      vertex 8.13060665131 14.5664978027 1.2560479641
      vertex 8.11643886566 14.5664978027 1.2560479641
      vertex 8.13060665131 14.5808572769 1.23604798317
    endloop
  endfacet
  facet normal 0 -0.583220720291 0.812313735485
    outer loop
      vertex 8.1447725296 14.5808572769 1.23604798317
      vertex 8.13060665131 14.5664978027 1.2560479641
      vertex 8.13060665131 14.5808572769 1.23604798317
    endloop
  endfacet
  facet normal 0 -0.583220720291 0.812313735485
    outer loop
      vertex 8.1447725296 14.5664978027 1.2560479641
      vertex 8.13060665131 14.5664978027 1.2560479641
      vertex 8.1447725296 14.5808572769 1.23604798317
    endloop
  endfacet
  facet normal -0.635578215122 -0.450267672539 0.627135872841
    outer loop
      vertex 8.15894126892 14.5664978027 1.23604798317
      vertex 8.1447725296 14.5664978027 1.2560479641
      vertex 8.1447725296 14.5808572769 1.23604798317
    endloop
  endfacet
  facet normal 0.635603785515 -0.450255393982 0.627118766308
    outer loop
      vertex 8.15894126892 14.5664978027 1.23604798317
      vertex 8.17310905457 14.5808572769 1.23604798317
      vertex 8.17310905457 14.5664978027 1.2560479641
    endloop
  endfacet
  facet normal -0.635603785515 -0.450255393982 0.627118766308
    outer loop
      vertex 8.18727684021 14.5664978027 1.23604798317
      vertex 8.17310905457 14.5664978027 1.2560479641
      vertex 8.17310905457 14.5808572769 1.23604798317
    endloop
  endfacet
  facet normal 0.635603785515 0.450255393982 0.627118766308
    outer loop
      vertex 8.24394798279 14.5664978027 1.23604798317
      vertex 8.24394798279 14.5808572769 1.2560479641
      vertex 8.22978019714 14.5664978027 1.2560479641
    endloop
  endfacet
  facet normal 1 0 0
    outer loop
      vertex 8.24394798279 14.5808572769 1.2560479641
      vertex 8.24394798279 14.5664978027 1.23604798317
      vertex 8.24394798279 14.5808572769 1.23604798317
    endloop
  endfacet
  facet normal 0 -1 -0
    outer loop
      vertex 8.00309753418 14.5808572769 1.2560479641
      vertex 7.98892879486 14.5952167511 1.2560479641
      vertex 8.00309753418 14.5952167511 1.2560479641
    endloop
  endfacet
  facet normal -0 -1 -0
    outer loop
      vertex 8.01726436615 14.5808572769 1.2560479641
      vertex 8.00309753418 14.5808572769 1.2560479641
      vertex 8.01726436615 14.5952167511 1.2560479641
    endloop
  endfacet
  facet normal 0 -1 0
    outer loop
      vertex 8.01726436615 14.5952167511 1.2560479641
      vertex 8.00309753418 14.5808572769 1.2560479641
      vertex 8.00309753418 14.5952167511 1.2560479641
    endloop
  endfacet
  facet normal -0 -1 -0
    outer loop
      vertex 8.03143215179 14.5808572769 1.2560479641
      vertex 8.01726436615 14.5808572769 1.2560479641
      vertex 8.03143215179 14.5952167511 1.2560479641
    endloop
  endfacet
  facet normal 0 -1 0
    outer loop
      vertex 8.03143215179 14.5952167511 1.2560479641
      vertex 8.01726436615 14.5808572769 1.2560479641
      vertex 8.01726436615 14.5952167511 1.2560479641
    endloop
  endfacet
  facet normal -0.635603785515 -0.450255393982 0.627118766308
    outer loop
      vertex 8.04559993744 14.5952167511 1.23604798317
      vertex 8.04559993744 14.5808572769 1.2560479641
      vertex 8.03143215179 14.5952167511 1.2560479641
    endloop
  endfacet
  facet normal -0 -1 0
    outer loop
      vertex 8.04559993744 14.5808572769 1.2560479641
      vertex 8.03143215179 14.5808572769 1.2560479641
      vertex 8.03143215179 14.5952167511 1.2560479641
    endloop
  endfacet
  facet normal 0 -0.583220720291 0.812313735485
    outer loop
      vertex 8.05976772308 14.5952167511 1.23604798317
      vertex 8.04559993744 14.5808572769 1.2560479641
      vertex 8.04559993744 14.5952167511 1.23604798317
    endloop
  endfacet
  facet normal 0 -0.583220720291 0.812313735485
    outer loop
      vertex 8.05976772308 14.5808572769 1.2560479641
      vertex 8.04559993744 14.5808572769 1.2560479641
      vertex 8.05976772308 14.5952167511 1.23604798317
    endloop
  endfacet
  facet normal 0 -0.583220720291 0.812313735485
    outer loop
      vertex 8.0739364624 14.5952167511 1.23604798317
      vertex 8.05976772308 14.5808572769 1.2560479641
      vertex 8.05976772308 14.5952167511 1.23604798317
    endloop
  endfacet
  facet normal 0 -0.583220720291 0.812313735485
    outer loop
      vertex 8.0739364624 14.5808572769 1.2560479641
      vertex 8.05976772308 14.5808572769 1.2560479641
      vertex 8.0739364624 14.5952167511 1.23604798317
    endloop
  endfacet
  facet normal 0 -0.583220720291 0.812313735485
    outer loop
      vertex 8.08810329437 14.5952167511 1.23604798317
      vertex 8.0739364624 14.5808572769 1.2560479641
      vertex 8.0739364624 14.5952167511 1.23604798317
    endloop
  endfacet
  facet normal 0 -0.583220720291 0.812313735485
    outer loop
      vertex 8.08810329437 14.5808572769 1.2560479641
      vertex 8.0739364624 14.5808572769 1.2560479641
      vertex 8.08810329437 14.5952167511 1.23604798317
    endloop
  endfacet
  facet normal -0.63560372591 -0.450255393982 0.627118766308
    outer loop
      vertex 8.10227108002 14.5808572769 1.23604798317
      vertex 8.08810329437 14.5808572769 1.2560479641
      vertex 8.08810329437 14.5952167511 1.23604798317
    endloop
  endfacet
  facet normal 1 -0 0
    outer loop
      vertex 8.24394798279 14.5808572769 1.23604798317
      vertex 8.24394798279 14.5952167511 1.23604798317
      vertex 8.24394798279 14.5808572769 1.2560479641
    endloop
  endfacet
  facet normal 1 0 0
    outer loop
      vertex 8.24394798279 14.5808572769 1.2560479641
      vertex 8.24394798279 14.5952167511 1.23604798317
      vertex 8.24394798279 14.5952167511 1.2560479641
    endloop
  endfacet
  facet normal 0 -1 -0
    outer loop
      vertex 7.94642591476 14.5952167511 1.2560479641
      vertex 7.93225908279 14.609577179 1.2560479641
      vertex 7.94642591476 14.609577179 1.2560479641
    endloop
  endfacet
  facet normal -0 -1 -0
    outer loop
      vertex 7.96059417725 14.5952167511 1.2560479641
      vertex 7.94642591476 14.5952167511 1.2560479641
      vertex 7.96059417725 14.609577179 1.2560479641
    endloop
  endfacet
  facet normal 0 -1 0
    outer loop
      vertex 7.96059417725 14.609577179 1.2560479641
      vertex 7.94642591476 14.5952167511 1.2560479641
      vertex 7.94642591476 14.609577179 1.2560479641
    endloop
  endfacet
  facet normal -0 -1 -0
    outer loop
      vertex 7.97476100922 14.5952167511 1.2560479641
      vertex 7.96059417725 14.5952167511 1.2560479641
      vertex 7.97476100922 14.609577179 1.2560479641
    endloop
  endfacet
  facet normal 0 -1 0
    outer loop
      vertex 7.97476100922 14.609577179 1.2560479641
      vertex 7.96059417725 14.5952167511 1.2560479641
      vertex 7.96059417725 14.609577179 1.2560479641
    endloop
  endfacet
  facet normal -0.635620296001 -0.450267106295 0.627093553543
    outer loop
      vertex 7.98892879486 14.609577179 1.23604798317
      vertex 7.98892879486 14.5952167511 1.2560479641
      vertex 7.97476100922 14.609577179 1.2560479641
    endloop
  endfacet
  facet normal -0 -1 0
    outer loop
      vertex 7.98892879486 14.5952167511 1.2560479641
      vertex 7.97476100922 14.5952167511 1.2560479641
      vertex 7.97476100922 14.609577179 1.2560479641
    endloop
  endfacet
  facet normal 0 -0.583246171474 0.812295436859
    outer loop
      vertex 8.00309753418 14.609577179 1.23604798317
      vertex 7.98892879486 14.5952167511 1.2560479641
      vertex 7.98892879486 14.609577179 1.23604798317
    endloop
  endfacet
  facet normal 0 -0.583246171474 0.812295436859
    outer loop
      vertex 8.00309753418 14.5952167511 1.2560479641
      vertex 7.98892879486 14.5952167511 1.2560479641
      vertex 8.00309753418 14.609577179 1.23604798317
    endloop
  endfacet
  facet normal 0 -0.583246171474 0.812295436859
    outer loop
      vertex 8.01726436615 14.609577179 1.23604798317
      vertex 8.00309753418 14.5952167511 1.2560479641
      vertex 8.00309753418 14.609577179 1.23604798317
    endloop
  endfacet
  facet normal 0 -0.583246171474 0.812295436859
    outer loop
      vertex 8.01726436615 14.5952167511 1.2560479641
      vertex 8.00309753418 14.5952167511 1.2560479641
      vertex 8.01726436615 14.609577179 1.23604798317
    endloop
  endfacet
  facet normal 0 -0.583246171474 0.812295436859
    outer loop
      vertex 8.03143215179 14.609577179 1.23604798317
      vertex 8.01726436615 14.5952167511 1.2560479641
      vertex 8.01726436615 14.609577179 1.23604798317
    endloop
  endfacet
  facet normal 0 -0.583246171474 0.812295436859
    outer loop
      vertex 8.03143215179 14.5952167511 1.2560479641
      vertex 8.01726436615 14.5952167511 1.2560479641
      vertex 8.03143215179 14.609577179 1.23604798317
    endloop
  endfacet
  facet normal -0.635620296001 -0.450267106295 0.627093553543
    outer loop
      vertex 8.04559993744 14.5952167511 1.23604798317
      vertex 8.03143215179 14.5952167511 1.2560479641
      vertex 8.03143215179 14.609577179 1.23604798317
    endloop
  endfacet
  facet normal 1 -0 0
    outer loop
      vertex 8.24394798279 14.5952167511 1.23604798317
      vertex 8.24394798279 14.609577179 1.23604798317
      vertex 8.24394798279 14.5952167511 1.2560479641
    endloop
  endfacet
  facet normal 1 0 0
    outer loop
      vertex 8.24394798279 14.5952167511 1.2560479641
      vertex 8.24394798279 14.609577179 1.23604798317
      vertex 8.24394798279 14.609577179 1.2560479641
    endloop
  endfacet
  facet normal -1 0 0
    outer loop
      vertex 7.93225908279 14.6239366531 1.23604798317
      vertex 7.93225908279 14.609577179 1.2560479641
      vertex 7.93225908279 14.6239366531 1.2560479641
    endloop
  endfacet
  facet normal 0 -0.583220541477 0.812313854694
    outer loop
      vertex 7.94642591476 14.6239366531 1.23604798317
      vertex 7.93225908279 14.609577179 1.2560479641
      vertex 7.93225908279 14.6239366531 1.23604798317
    endloop
  endfacet
  facet normal 0 -0.583220541477 0.812313854694
    outer loop
      vertex 7.94642591476 14.609577179 1.2560479641
      vertex 7.93225908279 14.609577179 1.2560479641
      vertex 7.94642591476 14.6239366531 1.23604798317
    endloop
  endfacet
  facet normal 0 -0.583220541477 0.812313854694
    outer loop
      vertex 7.96059417725 14.6239366531 1.23604798317
      vertex 7.94642591476 14.609577179 1.2560479641
      vertex 7.94642591476 14.6239366531 1.23604798317
    endloop
  endfacet
  facet normal 0 -0.583220541477 0.812313854694
    outer loop
      vertex 7.96059417725 14.609577179 1.2560479641
      vertex 7.94642591476 14.609577179 1.2560479641
      vertex 7.96059417725 14.6239366531 1.23604798317
    endloop
  endfacet
  facet normal 0 -0.583220541477 0.812313854694
    outer loop
      vertex 7.97476100922 14.6239366531 1.23604798317
      vertex 7.96059417725 14.609577179 1.2560479641
      vertex 7.96059417725 14.6239366531 1.23604798317
    endloop
  endfacet
  facet normal 0 -0.583220541477 0.812313854694
    outer loop
      vertex 7.97476100922 14.609577179 1.2560479641
      vertex 7.96059417725 14.609577179 1.2560479641
      vertex 7.97476100922 14.6239366531 1.23604798317
    endloop
  endfacet
  facet normal -0.635603666306 -0.450255304575 0.627118945122
    outer loop
      vertex 7.98892879486 14.609577179 1.23604798317
      vertex 7.97476100922 14.609577179 1.2560479641
      vertex 7.97476100922 14.6239366531 1.23604798317
    endloop
  endfacet
  facet normal 0.635603666306 0.450255304575 0.627118945122
    outer loop
      vertex 8.25811576843 14.6239366531 1.23604798317
      vertex 8.24394798279 14.6239366531 1.2560479641
      vertex 8.24394798279 14.609577179 1.23604798317
    endloop
  endfacet
  facet normal 1 0 -0
    outer loop
      vertex 8.24394798279 14.6239366531 1.2560479641
      vertex 8.24394798279 14.609577179 1.2560479641
      vertex 8.24394798279 14.609577179 1.23604798317
    endloop
  endfacet
  facet normal -1 0 0
    outer loop
      vertex 7.93225908279 14.6239366531 1.23604798317
      vertex 7.93225908279 14.6239366531 1.2560479641
      vertex 7.93225908279 14.6382961273 1.23604798317
    endloop
  endfacet
  facet normal -1 0 -0
    outer loop
      vertex 7.93225908279 14.6239366531 1.2560479641
      vertex 7.93225908279 14.6382961273 1.2560479641
      vertex 7.93225908279 14.6382961273 1.23604798317
    endloop
  endfacet
  facet normal 0.81600266695 0.578048169613 -0
    outer loop
      vertex 8.25811576843 14.6382961273 1.23604798317
      vertex 8.24394798279 14.6239366531 1.2560479641
      vertex 8.25811576843 14.6239366531 1.23604798317
    endloop
  endfacet
  facet normal 0.81600266695 0.578048169613 -0
    outer loop
      vertex 8.24394798279 14.6382961273 1.2560479641
      vertex 8.24394798279 14.6239366531 1.2560479641
      vertex 8.25811576843 14.6382961273 1.23604798317
    endloop
  endfacet
  facet normal -1 0 0
    outer loop
      vertex 7.93225908279 14.6382961273 1.23604798317
      vertex 7.93225908279 14.6382961273 1.2560479641
      vertex 7.93225908279 14.6526556015 1.23604798317
    endloop
  endfacet
  facet normal -1 0 -0
    outer loop
      vertex 7.93225908279 14.6382961273 1.2560479641
      vertex 7.93225908279 14.6526556015 1.2560479641
      vertex 7.93225908279 14.6526556015 1.23604798317
    endloop
  endfacet
  facet normal 0.81600266695 0.578048169613 -0
    outer loop
      vertex 8.25811576843 14.6526556015 1.23604798317
      vertex 8.24394798279 14.6382961273 1.2560479641
      vertex 8.25811576843 14.6382961273 1.23604798317
    endloop
  endfacet
  facet normal 0.81600266695 0.578048169613 -0
    outer loop
      vertex 8.24394798279 14.6526556015 1.2560479641
      vertex 8.24394798279 14.6382961273 1.2560479641
      vertex 8.25811576843 14.6526556015 1.23604798317
    endloop
  endfacet
  facet normal -1 0 0
    outer loop
      vertex 7.93225908279 14.6526556015 1.23604798317
      vertex 7.93225908279 14.6526556015 1.2560479641
      vertex 7.93225908279 14.6670160294 1.23604798317
    endloop
  endfacet
  facet normal -1 0 -0
    outer loop
      vertex 7.93225908279 14.6526556015 1.2560479641
      vertex 7.93225908279 14.6670160294 1.2560479641
      vertex 7.93225908279 14.6670160294 1.23604798317
    endloop
  endfacet
  facet normal 0.635620117188 0.450267165899 -0.627093672752
    outer loop
      vertex 8.22978019714 14.6670160294 1.23604798317
      vertex 8.2156124115 14.6670160294 1.2560479641
      vertex 8.22978019714 14.6526556015 1.2560479641
    endloop
  endfacet
  facet normal 0 0.583246171474 -0.812295436859
    outer loop
      vertex 8.22978019714 14.6670160294 1.23604798317
      vertex 8.24394798279 14.6526556015 1.2560479641
      vertex 8.24394798279 14.6670160294 1.23604798317
    endloop
  endfacet
  facet normal 0 0.583246171474 -0.812295436859
    outer loop
      vertex 8.22978019714 14.6526556015 1.2560479641
      vertex 8.24394798279 14.6526556015 1.2560479641
      vertex 8.22978019714 14.6670160294 1.23604798317
    endloop
  endfacet
  facet normal 0.635620296001 0.450267106295 -0.627093553543
    outer loop
      vertex 8.25811576843 14.6526556015 1.23604798317
      vertex 8.24394798279 14.6670160294 1.23604798317
      vertex 8.24394798279 14.6526556015 1.2560479641
    endloop
  endfacet
  facet normal -1 0 0
    outer loop
      vertex 7.93225908279 14.6670160294 1.23604798317
      vertex 7.93225908279 14.6670160294 1.2560479641
      vertex 7.93225908279 14.6813764572 1.23604798317
    endloop
  endfacet
  facet normal -1 0 -0
    outer loop
      vertex 7.93225908279 14.6670160294 1.2560479641
      vertex 7.93225908279 14.6813764572 1.2560479641
      vertex 7.93225908279 14.6813764572 1.23604798317
    endloop
  endfacet
  facet normal 0.635620236397 0.45026704669 -0.627093672752
    outer loop
      vertex 8.17310905457 14.6813764572 1.23604798317
      vertex 8.15894126892 14.6813764572 1.2560479641
      vertex 8.17310905457 14.6670160294 1.2560479641
    endloop
  endfacet
  facet normal 0 0.583246052265 -0.812295496464
    outer loop
      vertex 8.17310905457 14.6813764572 1.23604798317
      vertex 8.18727684021 14.6670160294 1.2560479641
      vertex 8.18727684021 14.6813764572 1.23604798317
    endloop
  endfacet
  facet normal 0 0.583246052265 -0.812295496464
    outer loop
      vertex 8.17310905457 14.6670160294 1.2560479641
      vertex 8.18727684021 14.6670160294 1.2560479641
      vertex 8.17310905457 14.6813764572 1.23604798317
    endloop
  endfacet
  facet normal 0 0.583246052265 -0.812295496464
    outer loop
      vertex 8.18727684021 14.6813764572 1.23604798317
      vertex 8.20144462585 14.6670160294 1.2560479641
      vertex 8.20144462585 14.6813764572 1.23604798317
    endloop
  endfacet
  facet normal 0 0.583246052265 -0.812295496464
    outer loop
      vertex 8.18727684021 14.6670160294 1.2560479641
      vertex 8.20144462585 14.6670160294 1.2560479641
      vertex 8.18727684021 14.6813764572 1.23604798317
    endloop
  endfacet
  facet normal 0 0.583246052265 -0.812295496464
    outer loop
      vertex 8.20144462585 14.6813764572 1.23604798317
      vertex 8.2156124115 14.6670160294 1.2560479641
      vertex 8.2156124115 14.6813764572 1.23604798317
    endloop
  endfacet
  facet normal 0 0.583246052265 -0.812295496464
    outer loop
      vertex 8.20144462585 14.6670160294 1.2560479641
      vertex 8.2156124115 14.6670160294 1.2560479641
      vertex 8.20144462585 14.6813764572 1.23604798317
    endloop
  endfacet
  facet normal 0.635620117188 0.450267136097 -0.627093791962
    outer loop
      vertex 8.2156124115 14.6670160294 1.2560479641
      vertex 8.22978019714 14.6670160294 1.23604798317
      vertex 8.2156124115 14.6813764572 1.23604798317
    endloop
  endfacet
  facet normal 0 1 0
    outer loop
      vertex 8.22978019714 14.6670160294 1.23604798317
      vertex 8.22978019714 14.6813764572 1.23604798317
      vertex 8.2156124115 14.6813764572 1.23604798317
    endloop
  endfacet
  facet normal 0 1 0
    outer loop
      vertex 8.24394798279 14.6670160294 1.23604798317
      vertex 8.22978019714 14.6813764572 1.23604798317
      vertex 8.22978019714 14.6670160294 1.23604798317
    endloop
  endfacet
  facet normal -1 0 0
    outer loop
      vertex 7.93225908279 14.6813764572 1.23604798317
      vertex 7.93225908279 14.6813764572 1.2560479641
      vertex 7.93225908279 14.6957349777 1.23604798317
    endloop
  endfacet
  facet normal -1 0 -0
    outer loop
      vertex 7.93225908279 14.6813764572 1.2560479641
      vertex 7.93225908279 14.6957349777 1.2560479641
      vertex 7.93225908279 14.6957349777 1.23604798317
    endloop
  endfacet
  facet normal 0.635587096214 0.450243592262 -0.627144098282
    outer loop
      vertex 8.13060665131 14.6957349777 1.23604798317
      vertex 8.11643886566 14.6957349777 1.2560479641
      vertex 8.13060665131 14.6813764572 1.2560479641
    endloop
  endfacet
  facet normal 0 0.583195090294 -0.81233215332
    outer loop
      vertex 8.13060665131 14.6957349777 1.23604798317
      vertex 8.1447725296 14.6813764572 1.2560479641
      vertex 8.1447725296 14.6957349777 1.23604798317
    endloop
  endfacet
  facet normal 0 0.583195090294 -0.81233215332
    outer loop
      vertex 8.13060665131 14.6813764572 1.2560479641
      vertex 8.1447725296 14.6813764572 1.2560479641
      vertex 8.13060665131 14.6957349777 1.23604798317
    endloop
  endfacet
  facet normal 0 0.583195090294 -0.81233215332
    outer loop
      vertex 8.1447725296 14.6957349777 1.23604798317
      vertex 8.15894126892 14.6813764572 1.2560479641
      vertex 8.15894126892 14.6957349777 1.23604798317
    endloop
  endfacet
  facet normal 0 0.583195090294 -0.81233215332
    outer loop
      vertex 8.1447725296 14.6813764572 1.2560479641
      vertex 8.15894126892 14.6813764572 1.2560479641
      vertex 8.1447725296 14.6957349777 1.23604798317
    endloop
  endfacet
  facet normal 0.635587155819 0.450243592262 -0.627144098282
    outer loop
      vertex 8.15894126892 14.6813764572 1.2560479641
      vertex 8.17310905457 14.6813764572 1.23604798317
      vertex 8.15894126892 14.6957349777 1.23604798317
    endloop
  endfacet
  facet normal 0 1 0
    outer loop
      vertex 8.17310905457 14.6813764572 1.23604798317
      vertex 8.17310905457 14.6957349777 1.23604798317
      vertex 8.15894126892 14.6957349777 1.23604798317
    endloop
  endfacet
  facet normal 0 1 0
    outer loop
      vertex 8.18727684021 14.6813764572 1.23604798317
      vertex 8.18727684021 14.6957349777 1.23604798317
      vertex 8.17310905457 14.6813764572 1.23604798317
    endloop
  endfacet
  facet normal 0 1 0
    outer loop
      vertex 8.18727684021 14.6957349777 1.23604798317
      vertex 8.17310905457 14.6957349777 1.23604798317
      vertex 8.17310905457 14.6813764572 1.23604798317
    endloop
  endfacet
  facet normal 0 1 0
    outer loop
      vertex 8.20144462585 14.6813764572 1.23604798317
      vertex 8.20144462585 14.6957349777 1.23604798317
      vertex 8.18727684021 14.6813764572 1.23604798317
    endloop
  endfacet
  facet normal 0 1 0
    outer loop
      vertex 8.20144462585 14.6957349777 1.23604798317
      vertex 8.18727684021 14.6957349777 1.23604798317
      vertex 8.18727684021 14.6813764572 1.23604798317
    endloop
  endfacet
  facet normal 0 1 0
    outer loop
      vertex 8.2156124115 14.6813764572 1.23604798317
      vertex 8.2156124115 14.6957349777 1.23604798317
      vertex 8.20144462585 14.6813764572 1.23604798317
    endloop
  endfacet
  facet normal 0 1 0
    outer loop
      vertex 8.2156124115 14.6957349777 1.23604798317
      vertex 8.20144462585 14.6957349777 1.23604798317
      vertex 8.20144462585 14.6813764572 1.23604798317
    endloop
  endfacet
  facet normal 0 1 0
    outer loop
      vertex 8.22978019714 14.6813764572 1.23604798317
      vertex 8.2156124115 14.6957349777 1.23604798317
      vertex 8.2156124115 14.6813764572 1.23604798317
    endloop
  endfacet
  facet normal -0.711865663528 -0 -0.702315628529
    outer loop
      vertex 7.93225908279 14.6957349777 1.2560479641
      vertex 7.94642591476 14.7100944519 1.23604798317
      vertex 7.93225908279 14.6957349777 1.23604798317
    endloop
  endfacet
  facet normal -0.711865663528 -0 -0.702315628529
    outer loop
      vertex 7.94642591476 14.7100944519 1.2560479641
      vertex 7.94642591476 14.7100944519 1.23604798317
      vertex 7.93225908279 14.6957349777 1.2560479641
    endloop
  endfacet
  facet normal 0.635603666306 0.450255393982 -0.627118885517
    outer loop
      vertex 8.05976772308 14.7100944519 1.23604798317
      vertex 8.04559993744 14.7100944519 1.2560479641
      vertex 8.05976772308 14.6957349777 1.2560479641
    endloop
  endfacet
  facet normal 0 0.583220601082 -0.81231379509
    outer loop
      vertex 8.05976772308 14.7100944519 1.23604798317
      vertex 8.0739364624 14.6957349777 1.2560479641
      vertex 8.0739364624 14.7100944519 1.23604798317
    endloop
  endfacet
  facet normal 0 0.583220601082 -0.81231379509
    outer loop
      vertex 8.05976772308 14.6957349777 1.2560479641
      vertex 8.0739364624 14.6957349777 1.2560479641
      vertex 8.05976772308 14.7100944519 1.23604798317
    endloop
  endfacet
  facet normal 0 0.583220601082 -0.81231379509
    outer loop
      vertex 8.0739364624 14.7100944519 1.23604798317
      vertex 8.08810329437 14.6957349777 1.2560479641
      vertex 8.08810329437 14.7100944519 1.23604798317
    endloop
  endfacet
  facet normal 0 0.583220601082 -0.81231379509
    outer loop
      vertex 8.0739364624 14.6957349777 1.2560479641
      vertex 8.08810329437 14.6957349777 1.2560479641
      vertex 8.0739364624 14.7100944519 1.23604798317
    endloop
  endfacet
  facet normal 0 0.583220601082 -0.81231379509
    outer loop
      vertex 8.08810329437 14.7100944519 1.23604798317
      vertex 8.10227108002 14.6957349777 1.2560479641
      vertex 8.10227108002 14.7100944519 1.23604798317
    endloop
  endfacet
  facet normal 0 0.583220601082 -0.81231379509
    outer loop
      vertex 8.08810329437 14.6957349777 1.2560479641
      vertex 8.10227108002 14.6957349777 1.2560479641
      vertex 8.08810329437 14.7100944519 1.23604798317
    endloop
  endfacet
  facet normal 0 0.583220601082 -0.81231379509
    outer loop
      vertex 8.10227108002 14.7100944519 1.23604798317
      vertex 8.11643886566 14.6957349777 1.2560479641
      vertex 8.11643886566 14.7100944519 1.23604798317
    endloop
  endfacet
  facet normal 0 0.583220601082 -0.81231379509
    outer loop
      vertex 8.10227108002 14.6957349777 1.2560479641
      vertex 8.11643886566 14.6957349777 1.2560479641
      vertex 8.10227108002 14.7100944519 1.23604798317
    endloop
  endfacet
  facet normal 0.635603666306 0.45025536418 -0.627118885517
    outer loop
      vertex 8.11643886566 14.6957349777 1.2560479641
      vertex 8.13060665131 14.6957349777 1.23604798317
      vertex 8.11643886566 14.7100944519 1.23604798317
    endloop
  endfacet
  facet normal 0 1 0
    outer loop
      vertex 8.13060665131 14.6957349777 1.23604798317
      vertex 8.13060665131 14.7100944519 1.23604798317
      vertex 8.11643886566 14.7100944519 1.23604798317
    endloop
  endfacet
  facet normal 0 1 0
    outer loop
      vertex 8.1447725296 14.6957349777 1.23604798317
      vertex 8.1447725296 14.7100944519 1.23604798317
      vertex 8.13060665131 14.6957349777 1.23604798317
    endloop
  endfacet
  facet normal 0 1 0
    outer loop
      vertex 8.1447725296 14.7100944519 1.23604798317
      vertex 8.13060665131 14.7100944519 1.23604798317
      vertex 8.13060665131 14.6957349777 1.23604798317
    endloop
  endfacet
  facet normal 0 1 0
    outer loop
      vertex 8.15894126892 14.6957349777 1.23604798317
      vertex 8.15894126892 14.7100944519 1.23604798317
      vertex 8.1447725296 14.6957349777 1.23604798317
    endloop
  endfacet
  facet normal 0 1 0
    outer loop
      vertex 8.15894126892 14.7100944519 1.23604798317
      vertex 8.1447725296 14.7100944519 1.23604798317
      vertex 8.1447725296 14.6957349777 1.23604798317
    endloop
  endfacet
  facet normal 0 1 0
    outer loop
      vertex 8.17310905457 14.6957349777 1.23604798317
      vertex 8.17310905457 14.7100944519 1.23604798317
      vertex 8.15894126892 14.6957349777 1.23604798317
    endloop
  endfacet
  facet normal 0 1 0
    outer loop
      vertex 8.17310905457 14.7100944519 1.23604798317
      vertex 8.15894126892 14.7100944519 1.23604798317
      vertex 8.15894126892 14.6957349777 1.23604798317
    endloop
  endfacet
  facet normal 0 1 0
    outer loop
      vertex 8.18727684021 14.6957349777 1.23604798317
      vertex 8.17310905457 14.7100944519 1.23604798317
      vertex 8.17310905457 14.6957349777 1.23604798317
    endloop
  endfacet
  facet normal -1 -0 0
    outer loop
      vertex 7.94642591476 14.7100944519 1.2560479641
      vertex 7.94642591476 14.7244539261 1.23604798317
      vertex 7.94642591476 14.7100944519 1.23604798317
    endloop
  endfacet
  facet normal -0.635591030121 0.450261443853 -0.627127349377
    outer loop
      vertex 7.94642591476 14.7100944519 1.2560479641
      vertex 7.96059417725 14.7244539261 1.2560479641
      vertex 7.94642591476 14.7244539261 1.23604798317
    endloop
  endfacet
  facet normal 0.63560372591 0.450255334377 -0.627118825912
    outer loop
      vertex 8.03143215179 14.7244539261 1.23604798317
      vertex 8.01726436615 14.7244539261 1.2560479641
      vertex 8.03143215179 14.7100944519 1.2560479641
    endloop
  endfacet
  facet normal 0 0.583220601082 -0.81231379509
    outer loop
      vertex 8.03143215179 14.7244539261 1.23604798317
      vertex 8.04559993744 14.7100944519 1.2560479641
      vertex 8.04559993744 14.7244539261 1.23604798317
    endloop
  endfacet
  facet normal 0 0.583220601082 -0.81231379509
    outer loop
      vertex 8.03143215179 14.7100944519 1.2560479641
      vertex 8.04559993744 14.7100944519 1.2560479641
      vertex 8.03143215179 14.7244539261 1.23604798317
    endloop
  endfacet
  facet normal 0.635603606701 0.45025536418 -0.627118885517
    outer loop
      vertex 8.04559993744 14.7100944519 1.2560479641
      vertex 8.05976772308 14.7100944519 1.23604798317
      vertex 8.04559993744 14.7244539261 1.23604798317
    endloop
  endfacet
  facet normal 0 1 0
    outer loop
      vertex 8.05976772308 14.7100944519 1.23604798317
      vertex 8.05976772308 14.7244539261 1.23604798317
      vertex 8.04559993744 14.7244539261 1.23604798317
    endloop
  endfacet
  facet normal 0 1 0
    outer loop
      vertex 8.0739364624 14.7100944519 1.23604798317
      vertex 8.0739364624 14.7244539261 1.23604798317
      vertex 8.05976772308 14.7100944519 1.23604798317
    endloop
  endfacet
  facet normal 0 1 0
    outer loop
      vertex 8.0739364624 14.7244539261 1.23604798317
      vertex 8.05976772308 14.7244539261 1.23604798317
      vertex 8.05976772308 14.7100944519 1.23604798317
    endloop
  endfacet
  facet normal 0 1 0
    outer loop
      vertex 8.08810329437 14.7100944519 1.23604798317
      vertex 8.08810329437 14.7244539261 1.23604798317
      vertex 8.0739364624 14.7100944519 1.23604798317
    endloop
  endfacet
  facet normal 0 1 0
    outer loop
      vertex 8.08810329437 14.7244539261 1.23604798317
      vertex 8.0739364624 14.7244539261 1.23604798317
      vertex 8.0739364624 14.7100944519 1.23604798317
    endloop
  endfacet
  facet normal 0 1 0
    outer loop
      vertex 8.10227108002 14.7100944519 1.23604798317
      vertex 8.10227108002 14.7244539261 1.23604798317
      vertex 8.08810329437 14.7100944519 1.23604798317
    endloop
  endfacet
  facet normal 0 1 0
    outer loop
      vertex 8.10227108002 14.7244539261 1.23604798317
      vertex 8.08810329437 14.7244539261 1.23604798317
      vertex 8.08810329437 14.7100944519 1.23604798317
    endloop
  endfacet
  facet normal 0 1 0
    outer loop
      vertex 8.11643886566 14.7100944519 1.23604798317
      vertex 8.11643886566 14.7244539261 1.23604798317
      vertex 8.10227108002 14.7100944519 1.23604798317
    endloop
  endfacet
  facet normal 0 1 0
    outer loop
      vertex 8.11643886566 14.7244539261 1.23604798317
      vertex 8.10227108002 14.7244539261 1.23604798317
      vertex 8.10227108002 14.7100944519 1.23604798317
    endloop
  endfacet
  facet normal 0 1 0
    outer loop
      vertex 8.13060665131 14.7100944519 1.23604798317
      vertex 8.13060665131 14.7244539261 1.23604798317
      vertex 8.11643886566 14.7100944519 1.23604798317
    endloop
  endfacet
  facet normal 0 1 0
    outer loop
      vertex 8.13060665131 14.7244539261 1.23604798317
      vertex 8.11643886566 14.7244539261 1.23604798317
      vertex 8.11643886566 14.7100944519 1.23604798317
    endloop
  endfacet
  facet normal 0 1 0
    outer loop
      vertex 8.1447725296 14.7100944519 1.23604798317
      vertex 8.1447725296 14.7244539261 1.23604798317
      vertex 8.13060665131 14.7100944519 1.23604798317
    endloop
  endfacet
  facet normal 0 1 0
    outer loop
      vertex 8.1447725296 14.7244539261 1.23604798317
      vertex 8.13060665131 14.7244539261 1.23604798317
      vertex 8.13060665131 14.7100944519 1.23604798317
    endloop
  endfacet
  facet normal 0 1 0
    outer loop
      vertex 8.15894126892 14.7100944519 1.23604798317
      vertex 8.1447725296 14.7244539261 1.23604798317
      vertex 8.1447725296 14.7100944519 1.23604798317
    endloop
  endfacet
  facet normal -0.635607600212 0.450273185968 -0.627102077007
    outer loop
      vertex 7.94642591476 14.7244539261 1.23604798317
      vertex 7.96059417725 14.7244539261 1.2560479641
      vertex 7.96059417725 14.7388143539 1.23604798317
    endloop
  endfacet
  facet normal 0 0.583246171474 -0.812295436859
    outer loop
      vertex 7.96059417725 14.7388143539 1.23604798317
      vertex 7.97476100922 14.7244539261 1.2560479641
      vertex 7.97476100922 14.7388143539 1.23604798317
    endloop
  endfacet
  facet normal 0 0.583246171474 -0.812295436859
    outer loop
      vertex 7.96059417725 14.7244539261 1.2560479641
      vertex 7.97476100922 14.7244539261 1.2560479641
      vertex 7.96059417725 14.7388143539 1.23604798317
    endloop
  endfacet
  facet normal 0 0.583246171474 -0.812295436859
    outer loop
      vertex 7.97476100922 14.7388143539 1.23604798317
      vertex 7.98892879486 14.7244539261 1.2560479641
      vertex 7.98892879486 14.7388143539 1.23604798317
    endloop
  endfacet
  facet normal 0 0.583246171474 -0.812295436859
    outer loop
      vertex 7.97476100922 14.7244539261 1.2560479641
      vertex 7.98892879486 14.7244539261 1.2560479641
      vertex 7.97476100922 14.7388143539 1.23604798317
    endloop
  endfacet
  facet normal 0 0.583246171474 -0.812295436859
    outer loop
      vertex 7.98892879486 14.7388143539 1.23604798317
      vertex 8.00309753418 14.7244539261 1.2560479641
      vertex 8.00309753418 14.7388143539 1.23604798317
    endloop
  endfacet
  facet normal 0 0.583246171474 -0.812295436859
    outer loop
      vertex 7.98892879486 14.7244539261 1.2560479641
      vertex 8.00309753418 14.7244539261 1.2560479641
      vertex 7.98892879486 14.7388143539 1.23604798317
    endloop
  endfacet
  facet normal 0 0.583246171474 -0.812295436859
    outer loop
      vertex 8.00309753418 14.7388143539 1.23604798317
      vertex 8.01726436615 14.7244539261 1.2560479641
      vertex 8.01726436615 14.7388143539 1.23604798317
    endloop
  endfacet
  facet normal 0 0.583246171474 -0.812295436859
    outer loop
      vertex 8.00309753418 14.7244539261 1.2560479641
      vertex 8.01726436615 14.7244539261 1.2560479641
      vertex 8.00309753418 14.7388143539 1.23604798317
    endloop
  endfacet
  facet normal 0.635620296001 0.450267106295 -0.627093553543
    outer loop
      vertex 8.01726436615 14.7244539261 1.2560479641
      vertex 8.03143215179 14.7244539261 1.23604798317
      vertex 8.01726436615 14.7388143539 1.23604798317
    endloop
  endfacet
  facet normal 0 1 0
    outer loop
      vertex 8.03143215179 14.7244539261 1.23604798317
      vertex 8.03143215179 14.7388143539 1.23604798317
      vertex 8.01726436615 14.7388143539 1.23604798317
    endloop
  endfacet
  facet normal 0 1 0
    outer loop
      vertex 8.04559993744 14.7244539261 1.23604798317
      vertex 8.04559993744 14.7388143539 1.23604798317
      vertex 8.03143215179 14.7244539261 1.23604798317
    endloop
  endfacet
  facet normal 0 1 0
    outer loop
      vertex 8.04559993744 14.7388143539 1.23604798317
      vertex 8.03143215179 14.7388143539 1.23604798317
      vertex 8.03143215179 14.7244539261 1.23604798317
    endloop
  endfacet
  facet normal 0 1 0
    outer loop
      vertex 8.05976772308 14.7244539261 1.23604798317
      vertex 8.05976772308 14.7388143539 1.23604798317
      vertex 8.04559993744 14.7244539261 1.23604798317
    endloop
  endfacet
  facet normal 0 1 0
    outer loop
      vertex 8.05976772308 14.7388143539 1.23604798317
      vertex 8.04559993744 14.7388143539 1.23604798317
      vertex 8.04559993744 14.7244539261 1.23604798317
    endloop
  endfacet
  facet normal 0 1 0
    outer loop
      vertex 8.0739364624 14.7244539261 1.23604798317
      vertex 8.0739364624 14.7388143539 1.23604798317
      vertex 8.05976772308 14.7244539261 1.23604798317
    endloop
  endfacet
  facet normal 0 1 0
    outer loop
      vertex 8.0739364624 14.7388143539 1.23604798317
      vertex 8.05976772308 14.7388143539 1.23604798317
      vertex 8.05976772308 14.7244539261 1.23604798317
    endloop
  endfacet
  facet normal 0 1 0
    outer loop
      vertex 8.08810329437 14.7244539261 1.23604798317
      vertex 8.08810329437 14.7388143539 1.23604798317
      vertex 8.0739364624 14.7244539261 1.23604798317
    endloop
  endfacet
  facet normal 0 1 0
    outer loop
      vertex 8.08810329437 14.7388143539 1.23604798317
      vertex 8.0739364624 14.7388143539 1.23604798317
      vertex 8.0739364624 14.7244539261 1.23604798317
    endloop
  endfacet
  facet normal 0 1 0
    outer loop
      vertex 8.10227108002 14.7244539261 1.23604798317
      vertex 8.08810329437 14.7388143539 1.23604798317
      vertex 8.08810329437 14.7244539261 1.23604798317
    endloop
  endfacet
  facet normal 0 1 -0
    outer loop
      vertex 7.97476100922 14.7531738281 1.23604798317
      vertex 7.96059417725 14.7388143539 1.23604798317
      vertex 7.97476100922 14.7388143539 1.23604798317
    endloop
  endfacet
  facet normal 0 1 0
    outer loop
      vertex 7.98892879486 14.7388143539 1.23604798317
      vertex 7.97476100922 14.7531738281 1.23604798317
      vertex 7.97476100922 14.7388143539 1.23604798317
    endloop
  endfacet
  facet normal 0 -1 -0
    outer loop
      vertex 8.11643886566 14.5234184265 1.27604794502
      vertex 8.10227108002 14.5377779007 1.27604794502
      vertex 8.11643886566 14.5377779007 1.27604794502
    endloop
  endfacet
  facet normal 0 1 0
    outer loop
      vertex 8.18727684021 14.5521383286 1.31604802608
      vertex 8.17310905457 14.5521383286 1.31604802608
      vertex 8.17310905457 14.5377779007 1.31604802608
    endloop
  endfacet
  facet normal 0 -1 0
    outer loop
      vertex 8.13060665131 14.5377779007 1.27604794502
      vertex 8.11643886566 14.5234184265 1.27604794502
      vertex 8.11643886566 14.5377779007 1.27604794502
    endloop
  endfacet
  facet normal 0 1 0
    outer loop
      vertex 8.18727684021 14.5377779007 1.31604802608
      vertex 8.18727684021 14.5521383286 1.31604802608
      vertex 8.17310905457 14.5377779007 1.31604802608
    endloop
  endfacet
  facet normal 0 1 0
    outer loop
      vertex 8.17310905457 14.5521383286 1.31604802608
      vertex 8.15894126892 14.5521383286 1.31604802608
      vertex 8.15894126892 14.5377779007 1.31604802608
    endloop
  endfacet
  facet normal 0 1 0
    outer loop
      vertex 8.17310905457 14.5377779007 1.31604802608
      vertex 8.17310905457 14.5521383286 1.31604802608
      vertex 8.15894126892 14.5377779007 1.31604802608
    endloop
  endfacet
  facet normal 0 1 0
    outer loop
      vertex 8.15894126892 14.5521383286 1.31604802608
      vertex 8.1447725296 14.5521383286 1.31604802608
      vertex 8.1447725296 14.5377779007 1.31604802608
    endloop
  endfacet
  facet normal 0 1 0
    outer loop
      vertex 8.15894126892 14.5377779007 1.31604802608
      vertex 8.15894126892 14.5521383286 1.31604802608
      vertex 8.1447725296 14.5377779007 1.31604802608
    endloop
  endfacet
  facet normal 0 1 0
    outer loop
      vertex 8.1447725296 14.5377779007 1.31604802608
      vertex 8.1447725296 14.5521383286 1.31604802608
      vertex 8.13060665131 14.5377779007 1.31604802608
    endloop
  endfacet
  facet normal 0 1 0
    outer loop
      vertex 8.15894126892 14.5234184265 1.31604802608
      vertex 8.17310905457 14.5377779007 1.31604802608
      vertex 8.15894126892 14.5377779007 1.31604802608
    endloop
  endfacet
  facet normal 0 1 0
    outer loop
      vertex 8.15894126892 14.5377779007 1.31604802608
      vertex 8.1447725296 14.5377779007 1.31604802608
      vertex 8.1447725296 14.5234184265 1.31604802608
    endloop
  endfacet
  facet normal 0 1 0
    outer loop
      vertex 8.15894126892 14.5234184265 1.31604802608
      vertex 8.15894126892 14.5377779007 1.31604802608
      vertex 8.1447725296 14.5234184265 1.31604802608
    endloop
  endfacet
  facet normal 0 1 0
    outer loop
      vertex 8.1447725296 14.5377779007 1.31604802608
      vertex 8.13060665131 14.5377779007 1.31604802608
      vertex 8.13060665131 14.5234184265 1.31604802608
    endloop
  endfacet
  facet normal 0 1 0
    outer loop
      vertex 8.1447725296 14.5234184265 1.31604802608
      vertex 8.1447725296 14.5377779007 1.31604802608
      vertex 8.13060665131 14.5234184265 1.31604802608
    endloop
  endfacet
  facet normal 0 1 0
    outer loop
      vertex 8.13060665131 14.5377779007 1.31604802608
      vertex 8.11643886566 14.5377779007 1.31604802608
      vertex 8.11643886566 14.5234184265 1.31604802608
    endloop
  endfacet
  facet normal 0 -0.583220303059 0.812314033508
    outer loop
      vertex 8.22978019714 14.5377779007 1.2560479641
      vertex 8.2156124115 14.5234184265 1.27604794502
      vertex 8.2156124115 14.5377779007 1.2560479641
    endloop
  endfacet
  facet normal 0 -0.583220303059 0.812314033508
    outer loop
      vertex 8.22978019714 14.5234184265 1.27604794502
      vertex 8.2156124115 14.5234184265 1.27604794502
      vertex 8.22978019714 14.5377779007 1.2560479641
    endloop
  endfacet
  facet normal 0.635603606701 -0.450255155563 0.627119123936
    outer loop
      vertex 8.22978019714 14.5377779007 1.2560479641
      vertex 8.24394798279 14.5377779007 1.27604794502
      vertex 8.22978019714 14.5234184265 1.27604794502
    endloop
  endfacet
  facet normal 0 -1 -0
    outer loop
      vertex 8.03143215179 14.5377779007 1.27604794502
      vertex 8.01726436615 14.5521383286 1.27604794502
      vertex 8.03143215179 14.5521383286 1.27604794502
    endloop
  endfacet
  facet normal -0 -1 -0
    outer loop
      vertex 8.04559993744 14.5377779007 1.27604794502
      vertex 8.03143215179 14.5377779007 1.27604794502
      vertex 8.04559993744 14.5521383286 1.27604794502
    endloop
  endfacet
  facet normal 0 -1 0
    outer loop
      vertex 8.04559993744 14.5521383286 1.27604794502
      vertex 8.03143215179 14.5377779007 1.27604794502
      vertex 8.03143215179 14.5521383286 1.27604794502
    endloop
  endfacet
  facet normal -0 -1 -0
    outer loop
      vertex 8.05976772308 14.5377779007 1.27604794502
      vertex 8.04559993744 14.5377779007 1.27604794502
      vertex 8.05976772308 14.5521383286 1.27604794502
    endloop
  endfacet
  facet normal 0 -1 0
    outer loop
      vertex 8.05976772308 14.5521383286 1.27604794502
      vertex 8.04559993744 14.5377779007 1.27604794502
      vertex 8.04559993744 14.5521383286 1.27604794502
    endloop
  endfacet
  facet normal -0 -1 -0
    outer loop
      vertex 8.0739364624 14.5377779007 1.27604794502
      vertex 8.05976772308 14.5377779007 1.27604794502
      vertex 8.0739364624 14.5521383286 1.27604794502
    endloop
  endfacet
  facet normal 0 -1 0
    outer loop
      vertex 8.0739364624 14.5521383286 1.27604794502
      vertex 8.05976772308 14.5377779007 1.27604794502
      vertex 8.05976772308 14.5521383286 1.27604794502
    endloop
  endfacet
  facet normal -0 -1 -0
    outer loop
      vertex 8.08810329437 14.5377779007 1.27604794502
      vertex 8.0739364624 14.5377779007 1.27604794502
      vertex 8.08810329437 14.5521383286 1.27604794502
    endloop
  endfacet
  facet normal 0 -1 0
    outer loop
      vertex 8.08810329437 14.5521383286 1.27604794502
      vertex 8.0739364624 14.5377779007 1.27604794502
      vertex 8.0739364624 14.5521383286 1.27604794502
    endloop
  endfacet
  facet normal -0 -1 -0
    outer loop
      vertex 8.10227108002 14.5377779007 1.27604794502
      vertex 8.08810329437 14.5377779007 1.27604794502
      vertex 8.10227108002 14.5521383286 1.27604794502
    endloop
  endfacet
  facet normal 0 -1 0
    outer loop
      vertex 8.10227108002 14.5521383286 1.27604794502
      vertex 8.08810329437 14.5377779007 1.27604794502
      vertex 8.08810329437 14.5521383286 1.27604794502
    endloop
  endfacet
  facet normal -0 -1 -0
    outer loop
      vertex 8.11643886566 14.5377779007 1.27604794502
      vertex 8.10227108002 14.5377779007 1.27604794502
      vertex 8.11643886566 14.5521383286 1.27604794502
    endloop
  endfacet
  facet normal 0 -1 0
    outer loop
      vertex 8.11643886566 14.5521383286 1.27604794502
      vertex 8.10227108002 14.5377779007 1.27604794502
      vertex 8.10227108002 14.5521383286 1.27604794502
    endloop
  endfacet
  facet normal -0.635620296001 -0.45026704669 0.627093613148
    outer loop
      vertex 8.13060665131 14.5521383286 1.2560479641
      vertex 8.13060665131 14.5377779007 1.27604794502
      vertex 8.11643886566 14.5521383286 1.27604794502
    endloop
  endfacet
  facet normal -0 -1 0
    outer loop
      vertex 8.13060665131 14.5377779007 1.27604794502
      vertex 8.11643886566 14.5377779007 1.27604794502
      vertex 8.11643886566 14.5521383286 1.27604794502
    endloop
  endfacet
  facet normal 0 -0.58324611187 0.812295496464
    outer loop
      vertex 8.1447725296 14.5521383286 1.2560479641
      vertex 8.13060665131 14.5377779007 1.27604794502
      vertex 8.13060665131 14.5521383286 1.2560479641
    endloop
  endfacet
  facet normal 0 1 0
    outer loop
      vertex 8.13060665131 14.5234184265 1.31604802608
      vertex 8.13060665131 14.5377779007 1.31604802608
      vertex 8.11643886566 14.5234184265 1.31604802608
    endloop
  endfacet
  facet normal 0 1 0
    outer loop
      vertex 8.11643886566 14.5234184265 1.31604802608
      vertex 8.11643886566 14.5377779007 1.31604802608
      vertex 8.10227108002 14.5234184265 1.31604802608
    endloop
  endfacet
  facet normal 0 1 0
    outer loop
      vertex 8.13060665131 14.5090589523 1.31604802608
      vertex 8.1447725296 14.5234184265 1.31604802608
      vertex 8.13060665131 14.5234184265 1.31604802608
    endloop
  endfacet
  facet normal 0 1 0
    outer loop
      vertex 8.11643886566 14.5234184265 1.31604802608
      vertex 8.13060665131 14.5090589523 1.31604802608
      vertex 8.13060665131 14.5234184265 1.31604802608
    endloop
  endfacet
  facet normal 0 1 0
    outer loop
      vertex 8.2156124115 14.5521383286 1.29604804516
      vertex 8.20144462585 14.5521383286 1.29604804516
      vertex 8.20144462585 14.5377779007 1.29604804516
    endloop
  endfacet
  facet normal 0 1 0
    outer loop
      vertex 8.2156124115 14.5377779007 1.29604804516
      vertex 8.2156124115 14.5521383286 1.29604804516
      vertex 8.20144462585 14.5377779007 1.29604804516
    endloop
  endfacet
  facet normal 0.816002607346 0.578048229218 -0
    outer loop
      vertex 8.18727684021 14.5521383286 1.31604802608
      vertex 8.18727684021 14.5377779007 1.31604802608
      vertex 8.20144462585 14.5521383286 1.29604804516
    endloop
  endfacet
  facet normal 0.816002607346 0.578048229218 -0
    outer loop
      vertex 8.20144462585 14.5521383286 1.29604804516
      vertex 8.18727684021 14.5377779007 1.31604802608
      vertex 8.20144462585 14.5377779007 1.29604804516
    endloop
  endfacet
  facet normal 0.816002726555 -0.578048110008 0
    outer loop
      vertex 8.24394798279 14.5377779007 1.27604794502
      vertex 8.22978019714 14.5521383286 1.2560479641
      vertex 8.24394798279 14.5521383286 1.27604794502
    endloop
  endfacet
  facet normal 0.816002726555 -0.578048110008 0
    outer loop
      vertex 8.22978019714 14.5377779007 1.2560479641
      vertex 8.22978019714 14.5521383286 1.2560479641
      vertex 8.24394798279 14.5377779007 1.27604794502
    endloop
  endfacet
  facet normal 0 -1 -0
    outer loop
      vertex 7.97476100922 14.5521383286 1.27604794502
      vertex 7.96059417725 14.5664978027 1.27604794502
      vertex 7.97476100922 14.5664978027 1.27604794502
    endloop
  endfacet
  facet normal -0 -1 -0
    outer loop
      vertex 7.98892879486 14.5521383286 1.27604794502
      vertex 7.97476100922 14.5521383286 1.27604794502
      vertex 7.98892879486 14.5664978027 1.27604794502
    endloop
  endfacet
  facet normal 0 -1 0
    outer loop
      vertex 7.98892879486 14.5664978027 1.27604794502
      vertex 7.97476100922 14.5521383286 1.27604794502
      vertex 7.97476100922 14.5664978027 1.27604794502
    endloop
  endfacet
  facet normal -0 -1 -0
    outer loop
      vertex 8.00309753418 14.5521383286 1.27604794502
      vertex 7.98892879486 14.5521383286 1.27604794502
      vertex 8.00309753418 14.5664978027 1.27604794502
    endloop
  endfacet
  facet normal 0 -1 0
    outer loop
      vertex 8.00309753418 14.5664978027 1.27604794502
      vertex 7.98892879486 14.5521383286 1.27604794502
      vertex 7.98892879486 14.5664978027 1.27604794502
    endloop
  endfacet
  facet normal -0 -1 -0
    outer loop
      vertex 8.01726436615 14.5521383286 1.27604794502
      vertex 8.00309753418 14.5521383286 1.27604794502
      vertex 8.01726436615 14.5664978027 1.27604794502
    endloop
  endfacet
  facet normal 0 -1 0
    outer loop
      vertex 8.01726436615 14.5664978027 1.27604794502
      vertex 8.00309753418 14.5521383286 1.27604794502
      vertex 8.00309753418 14.5664978027 1.27604794502
    endloop
  endfacet
  facet normal -0 -1 -0
    outer loop
      vertex 8.03143215179 14.5521383286 1.27604794502
      vertex 8.01726436615 14.5521383286 1.27604794502
      vertex 8.03143215179 14.5664978027 1.27604794502
    endloop
  endfacet
  facet normal 0 -1 0
    outer loop
      vertex 8.03143215179 14.5664978027 1.27604794502
      vertex 8.01726436615 14.5521383286 1.27604794502
      vertex 8.01726436615 14.5664978027 1.27604794502
    endloop
  endfacet
  facet normal -0 -1 -0
    outer loop
      vertex 8.04559993744 14.5521383286 1.27604794502
      vertex 8.03143215179 14.5521383286 1.27604794502
      vertex 8.04559993744 14.5664978027 1.27604794502
    endloop
  endfacet
  facet normal 0 -1 0
    outer loop
      vertex 8.04559993744 14.5664978027 1.27604794502
      vertex 8.03143215179 14.5521383286 1.27604794502
      vertex 8.03143215179 14.5664978027 1.27604794502
    endloop
  endfacet
  facet normal -0 -1 -0
    outer loop
      vertex 8.05976772308 14.5521383286 1.27604794502
      vertex 8.04559993744 14.5521383286 1.27604794502
      vertex 8.05976772308 14.5664978027 1.27604794502
    endloop
  endfacet
  facet normal 0 -1 0
    outer loop
      vertex 8.05976772308 14.5664978027 1.27604794502
      vertex 8.04559993744 14.5521383286 1.27604794502
      vertex 8.04559993744 14.5664978027 1.27604794502
    endloop
  endfacet
  facet normal -0.635578215122 -0.450267612934 0.627135872841
    outer loop
      vertex 8.0739364624 14.5664978027 1.2560479641
      vertex 8.0739364624 14.5521383286 1.27604794502
      vertex 8.05976772308 14.5664978027 1.27604794502
    endloop
  endfacet
  facet normal -0 -1 0
    outer loop
      vertex 8.0739364624 14.5521383286 1.27604794502
      vertex 8.05976772308 14.5521383286 1.27604794502
      vertex 8.05976772308 14.5664978027 1.27604794502
    endloop
  endfacet
  facet normal 0 -0.583220660686 0.81231379509
    outer loop
      vertex 8.08810329437 14.5664978027 1.2560479641
      vertex 8.0739364624 14.5521383286 1.27604794502
      vertex 8.0739364624 14.5664978027 1.2560479641
    endloop
  endfacet
  facet normal 0 -0.583220660686 0.81231379509
    outer loop
      vertex 8.08810329437 14.5521383286 1.27604794502
      vertex 8.0739364624 14.5521383286 1.27604794502
      vertex 8.08810329437 14.5664978027 1.2560479641
    endloop
  endfacet
  facet normal 0 -0.583220660686 0.81231379509
    outer loop
      vertex 8.10227108002 14.5664978027 1.2560479641
      vertex 8.08810329437 14.5521383286 1.27604794502
      vertex 8.08810329437 14.5664978027 1.2560479641
    endloop
  endfacet
  facet normal 0 -0.583220660686 0.81231379509
    outer loop
      vertex 8.10227108002 14.5521383286 1.27604794502
      vertex 8.08810329437 14.5521383286 1.27604794502
      vertex 8.10227108002 14.5664978027 1.2560479641
    endloop
  endfacet
  facet normal 0 -0.583220660686 0.81231379509
    outer loop
      vertex 8.11643886566 14.5664978027 1.2560479641
      vertex 8.10227108002 14.5521383286 1.27604794502
      vertex 8.10227108002 14.5664978027 1.2560479641
    endloop
  endfacet
  facet normal 0 -0.583220660686 0.81231379509
    outer loop
      vertex 8.11643886566 14.5521383286 1.27604794502
      vertex 8.10227108002 14.5521383286 1.27604794502
      vertex 8.11643886566 14.5664978027 1.2560479641
    endloop
  endfacet
  facet normal -0.635603785515 -0.450255334377 0.627118825912
    outer loop
      vertex 8.13060665131 14.5521383286 1.2560479641
      vertex 8.11643886566 14.5521383286 1.27604794502
      vertex 8.11643886566 14.5664978027 1.2560479641
    endloop
  endfacet
  facet normal 0.816002726555 -0.578048110008 0
    outer loop
      vertex 8.24394798279 14.5521383286 1.27604794502
      vertex 8.22978019714 14.5664978027 1.2560479641
      vertex 8.24394798279 14.5664978027 1.27604794502
    endloop
  endfacet
  facet normal 0.816002726555 -0.578048110008 0
    outer loop
      vertex 8.22978019714 14.5521383286 1.2560479641
      vertex 8.22978019714 14.5664978027 1.2560479641
      vertex 8.24394798279 14.5521383286 1.27604794502
    endloop
  endfacet
  facet normal 0 -1 -0
    outer loop
      vertex 7.96059417725 14.5664978027 1.27604794502
      vertex 7.94642591476 14.5808572769 1.27604794502
      vertex 7.96059417725 14.5808572769 1.27604794502
    endloop
  endfacet
  facet normal -0 -1 -0
    outer loop
      vertex 7.97476100922 14.5664978027 1.27604794502
      vertex 7.96059417725 14.5664978027 1.27604794502
      vertex 7.97476100922 14.5808572769 1.27604794502
    endloop
  endfacet
  facet normal 0 -1 0
    outer loop
      vertex 7.97476100922 14.5808572769 1.27604794502
      vertex 7.96059417725 14.5664978027 1.27604794502
      vertex 7.96059417725 14.5808572769 1.27604794502
    endloop
  endfacet
  facet normal -0 -1 -0
    outer loop
      vertex 7.98892879486 14.5664978027 1.27604794502
      vertex 7.97476100922 14.5664978027 1.27604794502
      vertex 7.98892879486 14.5808572769 1.27604794502
    endloop
  endfacet
  facet normal 0 -1 0
    outer loop
      vertex 7.98892879486 14.5808572769 1.27604794502
      vertex 7.97476100922 14.5664978027 1.27604794502
      vertex 7.97476100922 14.5808572769 1.27604794502
    endloop
  endfacet
  facet normal -0.635578215122 -0.450267612934 0.627135872841
    outer loop
      vertex 8.00309753418 14.5808572769 1.2560479641
      vertex 8.00309753418 14.5664978027 1.27604794502
      vertex 7.98892879486 14.5808572769 1.27604794502
    endloop
  endfacet
  facet normal -0 -1 0
    outer loop
      vertex 8.00309753418 14.5664978027 1.27604794502
      vertex 7.98892879486 14.5664978027 1.27604794502
      vertex 7.98892879486 14.5808572769 1.27604794502
    endloop
  endfacet
  facet normal 0 -0.583220660686 0.81231379509
    outer loop
      vertex 8.01726436615 14.5808572769 1.2560479641
      vertex 8.00309753418 14.5664978027 1.27604794502
      vertex 8.00309753418 14.5808572769 1.2560479641
    endloop
  endfacet
  facet normal 0 -0.583220660686 0.81231379509
    outer loop
      vertex 8.01726436615 14.5664978027 1.27604794502
      vertex 8.00309753418 14.5664978027 1.27604794502
      vertex 8.01726436615 14.5808572769 1.2560479641
    endloop
  endfacet
  facet normal 0 -0.583220660686 0.81231379509
    outer loop
      vertex 8.03143215179 14.5808572769 1.2560479641
      vertex 8.01726436615 14.5664978027 1.27604794502
      vertex 8.01726436615 14.5808572769 1.2560479641
    endloop
  endfacet
  facet normal 0 -0.583220660686 0.81231379509
    outer loop
      vertex 8.03143215179 14.5664978027 1.27604794502
      vertex 8.01726436615 14.5664978027 1.27604794502
      vertex 8.03143215179 14.5808572769 1.2560479641
    endloop
  endfacet
  facet normal 0 -0.583220660686 0.81231379509
    outer loop
      vertex 8.04559993744 14.5808572769 1.2560479641
      vertex 8.03143215179 14.5664978027 1.27604794502
      vertex 8.03143215179 14.5808572769 1.2560479641
    endloop
  endfacet
  facet normal 0 -0.583220660686 0.81231379509
    outer loop
      vertex 8.04559993744 14.5664978027 1.27604794502
      vertex 8.03143215179 14.5664978027 1.27604794502
      vertex 8.04559993744 14.5808572769 1.2560479641
    endloop
  endfacet
  facet normal 0 -0.583220660686 0.81231379509
    outer loop
      vertex 8.05976772308 14.5808572769 1.2560479641
      vertex 8.04559993744 14.5664978027 1.27604794502
      vertex 8.04559993744 14.5808572769 1.2560479641
    endloop
  endfacet
  facet normal 0 -0.583220660686 0.81231379509
    outer loop
      vertex 8.05976772308 14.5664978027 1.27604794502
      vertex 8.04559993744 14.5664978027 1.27604794502
      vertex 8.05976772308 14.5808572769 1.2560479641
    endloop
  endfacet
  facet normal -0.635578215122 -0.450267612934 0.627135872841
    outer loop
      vertex 8.0739364624 14.5664978027 1.2560479641
      vertex 8.05976772308 14.5664978027 1.27604794502
      vertex 8.05976772308 14.5808572769 1.2560479641
    endloop
  endfacet
  facet normal 0.635603785515 -0.450255334377 0.627118766308
    outer loop
      vertex 8.22978019714 14.5664978027 1.2560479641
      vertex 8.24394798279 14.5808572769 1.2560479641
      vertex 8.24394798279 14.5664978027 1.27604794502
    endloop
  endfacet
  facet normal 1 0 0
    outer loop
      vertex 8.24394798279 14.5664978027 1.27604794502
      vertex 8.24394798279 14.5808572769 1.2560479641
      vertex 8.24394798279 14.5808572769 1.27604794502
    endloop
  endfacet
  facet normal -0.635629177094 -0.450243115425 0.627101778984
    outer loop
      vertex 7.94642591476 14.5808572769 1.27604794502
      vertex 7.93225908279 14.5952167511 1.27604794502
      vertex 7.94642591476 14.5952167511 1.2560479641
    endloop
  endfacet
  facet normal 0 -0.583220660686 0.81231379509
    outer loop
      vertex 7.96059417725 14.5952167511 1.2560479641
      vertex 7.94642591476 14.5808572769 1.27604794502
      vertex 7.94642591476 14.5952167511 1.2560479641
    endloop
  endfacet
  facet normal 0 -0.583220660686 0.81231379509
    outer loop
      vertex 7.96059417725 14.5808572769 1.27604794502
      vertex 7.94642591476 14.5808572769 1.27604794502
      vertex 7.96059417725 14.5952167511 1.2560479641
    endloop
  endfacet
  facet normal 0 -0.583220660686 0.81231379509
    outer loop
      vertex 7.97476100922 14.5952167511 1.2560479641
      vertex 7.96059417725 14.5808572769 1.27604794502
      vertex 7.96059417725 14.5952167511 1.2560479641
    endloop
  endfacet
  facet normal 0 -0.583220660686 0.81231379509
    outer loop
      vertex 7.97476100922 14.5808572769 1.27604794502
      vertex 7.96059417725 14.5808572769 1.27604794502
      vertex 7.97476100922 14.5952167511 1.2560479641
    endloop
  endfacet
  facet normal 0 -0.583220660686 0.81231379509
    outer loop
      vertex 7.98892879486 14.5952167511 1.2560479641
      vertex 7.97476100922 14.5808572769 1.27604794502
      vertex 7.97476100922 14.5952167511 1.2560479641
    endloop
  endfacet
  facet normal 0 -0.583220660686 0.81231379509
    outer loop
      vertex 7.98892879486 14.5808572769 1.27604794502
      vertex 7.97476100922 14.5808572769 1.27604794502
      vertex 7.98892879486 14.5952167511 1.2560479641
    endloop
  endfacet
  facet normal -0.635578215122 -0.450267612934 0.627135872841
    outer loop
      vertex 8.00309753418 14.5808572769 1.2560479641
      vertex 7.98892879486 14.5808572769 1.27604794502
      vertex 7.98892879486 14.5952167511 1.2560479641
    endloop
  endfacet
  facet normal 0.635603785515 0.450255334377 -0.627118766308
    outer loop
      vertex 8.24394798279 14.5952167511 1.2560479641
      vertex 8.22978019714 14.5952167511 1.27604794502
      vertex 8.24394798279 14.5808572769 1.27604794502
    endloop
  endfacet
  facet normal 1 0 0
    outer loop
      vertex 8.24394798279 14.5952167511 1.2560479641
      vertex 8.24394798279 14.5808572769 1.27604794502
      vertex 8.24394798279 14.5808572769 1.2560479641
    endloop
  endfacet
  facet normal -1 0 0
    outer loop
      vertex 7.93225908279 14.609577179 1.2560479641
      vertex 7.93225908279 14.5952167511 1.27604794502
      vertex 7.93225908279 14.609577179 1.27604794502
    endloop
  endfacet
  facet normal -0.635645747185 -0.450254827738 0.627076625824
    outer loop
      vertex 7.94642591476 14.5952167511 1.2560479641
      vertex 7.93225908279 14.5952167511 1.27604794502
      vertex 7.93225908279 14.609577179 1.2560479641
    endloop
  endfacet
  facet normal 0.816002726555 0.578048110008 -0
    outer loop
      vertex 8.24394798279 14.609577179 1.2560479641
      vertex 8.22978019714 14.5952167511 1.27604794502
      vertex 8.24394798279 14.5952167511 1.2560479641
    endloop
  endfacet
  facet normal 0.816002726555 0.578048110008 -0
    outer loop
      vertex 8.22978019714 14.609577179 1.27604794502
      vertex 8.22978019714 14.5952167511 1.27604794502
      vertex 8.24394798279 14.609577179 1.2560479641
    endloop
  endfacet
  facet normal -1 0 0
    outer loop
      vertex 7.93225908279 14.609577179 1.2560479641
      vertex 7.93225908279 14.609577179 1.27604794502
      vertex 7.93225908279 14.6239366531 1.2560479641
    endloop
  endfacet
  facet normal -1 0 -0
    outer loop
      vertex 7.93225908279 14.609577179 1.27604794502
      vertex 7.93225908279 14.6239366531 1.27604794502
      vertex 7.93225908279 14.6239366531 1.2560479641
    endloop
  endfacet
  facet normal 0.816002726555 0.578048110008 -0
    outer loop
      vertex 8.24394798279 14.6239366531 1.2560479641
      vertex 8.22978019714 14.609577179 1.27604794502
      vertex 8.24394798279 14.609577179 1.2560479641
    endloop
  endfacet
  facet normal 0.816002726555 0.578048110008 -0
    outer loop
      vertex 8.22978019714 14.6239366531 1.27604794502
      vertex 8.22978019714 14.609577179 1.27604794502
      vertex 8.24394798279 14.6239366531 1.2560479641
    endloop
  endfacet
  facet normal -1 0 0
    outer loop
      vertex 7.93225908279 14.6239366531 1.2560479641
      vertex 7.93225908279 14.6239366531 1.27604794502
      vertex 7.93225908279 14.6382961273 1.2560479641
    endloop
  endfacet
  facet normal -1 0 -0
    outer loop
      vertex 7.93225908279 14.6239366531 1.27604794502
      vertex 7.93225908279 14.6382961273 1.27604794502
      vertex 7.93225908279 14.6382961273 1.2560479641
    endloop
  endfacet
  facet normal 0.635603487492 0.450255334377 -0.627119064331
    outer loop
      vertex 8.22978019714 14.6382961273 1.2560479641
      vertex 8.2156124115 14.6382961273 1.27604794502
      vertex 8.22978019714 14.6239366531 1.27604794502
    endloop
  endfacet
  facet normal 0.635603666306 0.45025524497 -0.627118945122
    outer loop
      vertex 8.22978019714 14.6239366531 1.27604794502
      vertex 8.24394798279 14.6239366531 1.2560479641
      vertex 8.22978019714 14.6382961273 1.2560479641
    endloop
  endfacet
  facet normal 0 1 0
    outer loop
      vertex 8.24394798279 14.6239366531 1.2560479641
      vertex 8.24394798279 14.6382961273 1.2560479641
      vertex 8.22978019714 14.6382961273 1.2560479641
    endloop
  endfacet
  facet normal -1 0 0
    outer loop
      vertex 7.93225908279 14.6382961273 1.2560479641
      vertex 7.93225908279 14.6382961273 1.27604794502
      vertex 7.93225908279 14.6526556015 1.2560479641
    endloop
  endfacet
  facet normal -1 0 -0
    outer loop
      vertex 7.93225908279 14.6382961273 1.27604794502
      vertex 7.93225908279 14.6526556015 1.27604794502
      vertex 7.93225908279 14.6526556015 1.2560479641
    endloop
  endfacet
  facet normal 0.635603785515 0.450255334377 -0.627118766308
    outer loop
      vertex 8.18727684021 14.6526556015 1.2560479641
      vertex 8.17310905457 14.6526556015 1.27604794502
      vertex 8.18727684021 14.6382961273 1.27604794502
    endloop
  endfacet
  facet normal 0 0.583220660686 -0.81231379509
    outer loop
      vertex 8.18727684021 14.6526556015 1.2560479641
      vertex 8.20144462585 14.6382961273 1.27604794502
      vertex 8.20144462585 14.6526556015 1.2560479641
    endloop
  endfacet
  facet normal 0 0.583220660686 -0.81231379509
    outer loop
      vertex 8.18727684021 14.6382961273 1.27604794502
      vertex 8.20144462585 14.6382961273 1.27604794502
      vertex 8.18727684021 14.6526556015 1.2560479641
    endloop
  endfacet
  facet normal 0 0.583220660686 -0.81231379509
    outer loop
      vertex 8.20144462585 14.6526556015 1.2560479641
      vertex 8.2156124115 14.6382961273 1.27604794502
      vertex 8.2156124115 14.6526556015 1.2560479641
    endloop
  endfacet
  facet normal 0 0.583220660686 -0.81231379509
    outer loop
      vertex 8.20144462585 14.6382961273 1.27604794502
      vertex 8.2156124115 14.6382961273 1.27604794502
      vertex 8.20144462585 14.6526556015 1.2560479641
    endloop
  endfacet
  facet normal 0.635603606701 0.450255393982 -0.627118885517
    outer loop
      vertex 8.2156124115 14.6382961273 1.27604794502
      vertex 8.22978019714 14.6382961273 1.2560479641
      vertex 8.2156124115 14.6526556015 1.2560479641
    endloop
  endfacet
  facet normal 0 1 0
    outer loop
      vertex 8.22978019714 14.6382961273 1.2560479641
      vertex 8.22978019714 14.6526556015 1.2560479641
      vertex 8.2156124115 14.6526556015 1.2560479641
    endloop
  endfacet
  facet normal 0 1 0
    outer loop
      vertex 8.24394798279 14.6382961273 1.2560479641
      vertex 8.24394798279 14.6526556015 1.2560479641
      vertex 8.22978019714 14.6382961273 1.2560479641
    endloop
  endfacet
  facet normal 0 1 0
    outer loop
      vertex 8.24394798279 14.6526556015 1.2560479641
      vertex 8.22978019714 14.6526556015 1.2560479641
      vertex 8.22978019714 14.6382961273 1.2560479641
    endloop
  endfacet
  facet normal -1 0 0
    outer loop
      vertex 7.93225908279 14.6526556015 1.2560479641
      vertex 7.93225908279 14.6526556015 1.27604794502
      vertex 7.93225908279 14.6670160294 1.2560479641
    endloop
  endfacet
  facet normal -1 0 -0
    outer loop
      vertex 7.93225908279 14.6526556015 1.27604794502
      vertex 7.93225908279 14.6670160294 1.27604794502
      vertex 7.93225908279 14.6670160294 1.2560479641
    endloop
  endfacet
  facet normal 0.635594785213 0.450279325247 -0.627110719681
    outer loop
      vertex 8.15894126892 14.6670160294 1.2560479641
      vertex 8.1447725296 14.6670160294 1.27604794502
      vertex 8.15894126892 14.6526556015 1.27604794502
    endloop
  endfacet
  facet normal 0 0.58324611187 -0.812295496464
    outer loop
      vertex 8.15894126892 14.6670160294 1.2560479641
      vertex 8.17310905457 14.6526556015 1.27604794502
      vertex 8.17310905457 14.6670160294 1.2560479641
    endloop
  endfacet
  facet normal 0 0.58324611187 -0.812295496464
    outer loop
      vertex 8.15894126892 14.6526556015 1.27604794502
      vertex 8.17310905457 14.6526556015 1.27604794502
      vertex 8.15894126892 14.6670160294 1.2560479641
    endloop
  endfacet
  facet normal 0.635620355606 0.45026704669 -0.627093613148
    outer loop
      vertex 8.17310905457 14.6526556015 1.27604794502
      vertex 8.18727684021 14.6526556015 1.2560479641
      vertex 8.17310905457 14.6670160294 1.2560479641
    endloop
  endfacet
  facet normal 0 1 0
    outer loop
      vertex 8.18727684021 14.6526556015 1.2560479641
      vertex 8.18727684021 14.6670160294 1.2560479641
      vertex 8.17310905457 14.6670160294 1.2560479641
    endloop
  endfacet
  facet normal 0 1 0
    outer loop
      vertex 8.20144462585 14.6526556015 1.2560479641
      vertex 8.20144462585 14.6670160294 1.2560479641
      vertex 8.18727684021 14.6526556015 1.2560479641
    endloop
  endfacet
  facet normal 0 1 0
    outer loop
      vertex 8.20144462585 14.6670160294 1.2560479641
      vertex 8.18727684021 14.6670160294 1.2560479641
      vertex 8.18727684021 14.6526556015 1.2560479641
    endloop
  endfacet
  facet normal 0 1 0
    outer loop
      vertex 8.2156124115 14.6526556015 1.2560479641
      vertex 8.2156124115 14.6670160294 1.2560479641
      vertex 8.20144462585 14.6526556015 1.2560479641
    endloop
  endfacet
  facet normal 0 1 0
    outer loop
      vertex 8.2156124115 14.6670160294 1.2560479641
      vertex 8.20144462585 14.6670160294 1.2560479641
      vertex 8.20144462585 14.6526556015 1.2560479641
    endloop
  endfacet
  facet normal 0 1 0
    outer loop
      vertex 8.22978019714 14.6526556015 1.2560479641
      vertex 8.2156124115 14.6670160294 1.2560479641
      vertex 8.2156124115 14.6526556015 1.2560479641
    endloop
  endfacet
  facet normal -1 -0 0
    outer loop
      vertex 7.93225908279 14.6670160294 1.27604794502
      vertex 7.93225908279 14.6813764572 1.2560479641
      vertex 7.93225908279 14.6670160294 1.2560479641
    endloop
  endfacet
  facet normal -0.63564568758 0.450254797935 -0.627076685429
    outer loop
      vertex 7.93225908279 14.6670160294 1.27604794502
      vertex 7.94642591476 14.6813764572 1.27604794502
      vertex 7.93225908279 14.6813764572 1.2560479641
    endloop
  endfacet
  facet normal 0.635620176792 0.45026704669 -0.627093732357
    outer loop
      vertex 8.05976772308 14.6813764572 1.2560479641
      vertex 8.04559993744 14.6813764572 1.27604794502
      vertex 8.05976772308 14.6670160294 1.27604794502
    endloop
  endfacet
  facet normal -0.635594725609 0.450279265642 -0.627110779285
    outer loop
      vertex 8.05976772308 14.6670160294 1.27604794502
      vertex 8.0739364624 14.6813764572 1.27604794502
      vertex 8.05976772308 14.6813764572 1.2560479641
    endloop
  endfacet
  facet normal 0.635645806789 0.450254738331 -0.627076625824
    outer loop
      vertex 8.08810329437 14.6813764572 1.2560479641
      vertex 8.0739364624 14.6813764572 1.27604794502
      vertex 8.08810329437 14.6670160294 1.27604794502
    endloop
  endfacet
  facet normal 0 0.583245992661 -0.812295556068
    outer loop
      vertex 8.08810329437 14.6813764572 1.2560479641
      vertex 8.10227108002 14.6670160294 1.27604794502
      vertex 8.10227108002 14.6813764572 1.2560479641
    endloop
  endfacet
  facet normal 0 0.583245992661 -0.812295556068
    outer loop
      vertex 8.08810329437 14.6670160294 1.27604794502
      vertex 8.10227108002 14.6670160294 1.27604794502
      vertex 8.08810329437 14.6813764572 1.2560479641
    endloop
  endfacet
  facet normal 0 0.583245992661 -0.812295556068
    outer loop
      vertex 8.10227108002 14.6813764572 1.2560479641
      vertex 8.11643886566 14.6670160294 1.27604794502
      vertex 8.11643886566 14.6813764572 1.2560479641
    endloop
  endfacet
  facet normal 0 0.583245992661 -0.812295556068
    outer loop
      vertex 8.10227108002 14.6670160294 1.27604794502
      vertex 8.11643886566 14.6670160294 1.27604794502
      vertex 8.10227108002 14.6813764572 1.2560479641
    endloop
  endfacet
  facet normal 0 0.583245992661 -0.812295556068
    outer loop
      vertex 8.11643886566 14.6813764572 1.2560479641
      vertex 8.13060665131 14.6670160294 1.27604794502
      vertex 8.13060665131 14.6813764572 1.2560479641
    endloop
  endfacet
  facet normal 0 0.583245992661 -0.812295556068
    outer loop
      vertex 8.11643886566 14.6670160294 1.27604794502
      vertex 8.13060665131 14.6670160294 1.27604794502
      vertex 8.11643886566 14.6813764572 1.2560479641
    endloop
  endfacet
  facet normal 0 0.583245992661 -0.812295556068
    outer loop
      vertex 8.13060665131 14.6813764572 1.2560479641
      vertex 8.1447725296 14.6670160294 1.27604794502
      vertex 8.1447725296 14.6813764572 1.2560479641
    endloop
  endfacet
  facet normal 0 0.583245992661 -0.812295556068
    outer loop
      vertex 8.13060665131 14.6670160294 1.27604794502
      vertex 8.1447725296 14.6670160294 1.27604794502
      vertex 8.13060665131 14.6813764572 1.2560479641
    endloop
  endfacet
  facet normal 0.635594725609 0.450279265642 -0.627110779285
    outer loop
      vertex 8.1447725296 14.6670160294 1.27604794502
      vertex 8.15894126892 14.6670160294 1.2560479641
      vertex 8.1447725296 14.6813764572 1.2560479641
    endloop
  endfacet
  facet normal 0 1 0
    outer loop
      vertex 8.15894126892 14.6670160294 1.2560479641
      vertex 8.15894126892 14.6813764572 1.2560479641
      vertex 8.1447725296 14.6813764572 1.2560479641
    endloop
  endfacet
  facet normal 0 1 0
    outer loop
      vertex 8.17310905457 14.6670160294 1.2560479641
      vertex 8.15894126892 14.6813764572 1.2560479641
      vertex 8.15894126892 14.6670160294 1.2560479641
    endloop
  endfacet
  facet normal -0.635612547398 0.450231343508 -0.627127110958
    outer loop
      vertex 7.94642591476 14.6813764572 1.27604794502
      vertex 7.94642591476 14.6957349777 1.2560479641
      vertex 7.93225908279 14.6813764572 1.2560479641
    endloop
  endfacet
  facet normal 0 1 0
    outer loop
      vertex 7.94642591476 14.6957349777 1.2560479641
      vertex 7.93225908279 14.6957349777 1.2560479641
      vertex 7.93225908279 14.6813764572 1.2560479641
    endloop
  endfacet
  facet normal -0.63557446003 0.450249612331 -0.627152621746
    outer loop
      vertex 7.94642591476 14.6813764572 1.27604794502
      vertex 7.96059417725 14.6957349777 1.27604794502
      vertex 7.94642591476 14.6957349777 1.2560479641
    endloop
  endfacet
  facet normal 0.635561585426 0.450255811214 -0.627161204815
    outer loop
      vertex 8.00309753418 14.6957349777 1.2560479641
      vertex 7.98892879486 14.6957349777 1.27604794502
      vertex 8.00309753418 14.6813764572 1.27604794502
    endloop
  endfacet
  facet normal -0.635612726212 0.450231254101 -0.627126991749
    outer loop
      vertex 8.00309753418 14.6813764572 1.27604794502
      vertex 8.01726436615 14.6957349777 1.27604794502
      vertex 8.00309753418 14.6957349777 1.2560479641
    endloop
  endfacet
  facet normal 0.635587155819 0.450243532658 -0.627144098282
    outer loop
      vertex 8.03143215179 14.6957349777 1.2560479641
      vertex 8.01726436615 14.6957349777 1.27604794502
      vertex 8.03143215179 14.6813764572 1.27604794502
    endloop
  endfacet
  facet normal 0 0.583194971085 -0.812332212925
    outer loop
      vertex 8.03143215179 14.6957349777 1.2560479641
      vertex 8.04559993744 14.6813764572 1.27604794502
      vertex 8.04559993744 14.6957349777 1.2560479641
    endloop
  endfacet
  facet normal 0 0.583194971085 -0.812332212925
    outer loop
      vertex 8.03143215179 14.6813764572 1.27604794502
      vertex 8.04559993744 14.6813764572 1.27604794502
      vertex 8.03143215179 14.6957349777 1.2560479641
    endloop
  endfacet
  facet normal 0.63558703661 0.45024356246 -0.627144157887
    outer loop
      vertex 8.04559993744 14.6813764572 1.27604794502
      vertex 8.05976772308 14.6813764572 1.2560479641
      vertex 8.04559993744 14.6957349777 1.2560479641
    endloop
  endfacet
  facet normal 0 1 0
    outer loop
      vertex 8.05976772308 14.6813764572 1.2560479641
      vertex 8.05976772308 14.6957349777 1.2560479641
      vertex 8.04559993744 14.6957349777 1.2560479641
    endloop
  endfacet
  facet normal -0.635561585426 0.450255811214 -0.627161204815
    outer loop
      vertex 8.0739364624 14.6813764572 1.27604794502
      vertex 8.0739364624 14.6957349777 1.2560479641
      vertex 8.05976772308 14.6813764572 1.2560479641
    endloop
  endfacet
  facet normal 0 1 0
    outer loop
      vertex 8.0739364624 14.6957349777 1.2560479641
      vertex 8.05976772308 14.6957349777 1.2560479641
      vertex 8.05976772308 14.6813764572 1.2560479641
    endloop
  endfacet
  facet normal 0.635612666607 0.450231254101 -0.627127051353
    outer loop
      vertex 8.0739364624 14.6813764572 1.27604794502
      vertex 8.08810329437 14.6813764572 1.2560479641
      vertex 8.0739364624 14.6957349777 1.2560479641
    endloop
  endfacet
  facet normal 0 1 0
    outer loop
      vertex 8.08810329437 14.6813764572 1.2560479641
      vertex 8.08810329437 14.6957349777 1.2560479641
      vertex 8.0739364624 14.6957349777 1.2560479641
    endloop
  endfacet
  facet normal 0 1 0
    outer loop
      vertex 8.10227108002 14.6813764572 1.2560479641
      vertex 8.10227108002 14.6957349777 1.2560479641
      vertex 8.08810329437 14.6813764572 1.2560479641
    endloop
  endfacet
  facet normal 0 1 0
    outer loop
      vertex 8.10227108002 14.6957349777 1.2560479641
      vertex 8.08810329437 14.6957349777 1.2560479641
      vertex 8.08810329437 14.6813764572 1.2560479641
    endloop
  endfacet
  facet normal 0 1 0
    outer loop
      vertex 8.11643886566 14.6813764572 1.2560479641
      vertex 8.11643886566 14.6957349777 1.2560479641
      vertex 8.10227108002 14.6813764572 1.2560479641
    endloop
  endfacet
  facet normal 0 1 0
    outer loop
      vertex 8.11643886566 14.6957349777 1.2560479641
      vertex 8.10227108002 14.6957349777 1.2560479641
      vertex 8.10227108002 14.6813764572 1.2560479641
    endloop
  endfacet
  facet normal 0 1 0
    outer loop
      vertex 8.13060665131 14.6813764572 1.2560479641
      vertex 8.11643886566 14.6957349777 1.2560479641
      vertex 8.11643886566 14.6813764572 1.2560479641
    endloop
  endfacet
  facet normal 0 1 -0
    outer loop
      vertex 7.94642591476 14.7100944519 1.2560479641
      vertex 7.93225908279 14.6957349777 1.2560479641
      vertex 7.94642591476 14.6957349777 1.2560479641
    endloop
  endfacet
  facet normal -0.635591030121 0.450261384249 -0.627127349377
    outer loop
      vertex 7.96059417725 14.6957349777 1.27604794502
      vertex 7.96059417725 14.7100944519 1.2560479641
      vertex 7.94642591476 14.6957349777 1.2560479641
    endloop
  endfacet
  facet normal 0 1 0
    outer loop
      vertex 7.96059417725 14.7100944519 1.2560479641
      vertex 7.94642591476 14.7100944519 1.2560479641
      vertex 7.94642591476 14.6957349777 1.2560479641
    endloop
  endfacet
  facet normal -0.635629177094 0.450243085623 -0.627101838589
    outer loop
      vertex 7.96059417725 14.6957349777 1.27604794502
      vertex 7.97476100922 14.7100944519 1.27604794502
      vertex 7.96059417725 14.7100944519 1.2560479641
    endloop
  endfacet
  facet normal 0.63560372591 0.450255274773 -0.627118885517
    outer loop
      vertex 7.98892879486 14.7100944519 1.2560479641
      vertex 7.97476100922 14.7100944519 1.27604794502
      vertex 7.98892879486 14.6957349777 1.27604794502
    endloop
  endfacet
  facet normal 0.635578155518 0.450267553329 -0.627135932446
    outer loop
      vertex 7.98892879486 14.6957349777 1.27604794502
      vertex 8.00309753418 14.6957349777 1.2560479641
      vertex 7.98892879486 14.7100944519 1.2560479641
    endloop
  endfacet
  facet normal 0 1 0
    outer loop
      vertex 8.00309753418 14.6957349777 1.2560479641
      vertex 8.00309753418 14.7100944519 1.2560479641
      vertex 7.98892879486 14.7100944519 1.2560479641
    endloop
  endfacet
  facet normal -0.635629296303 0.450242996216 -0.627101778984
    outer loop
      vertex 8.01726436615 14.6957349777 1.27604794502
      vertex 8.01726436615 14.7100944519 1.2560479641
      vertex 8.00309753418 14.6957349777 1.2560479641
    endloop
  endfacet
  facet normal 0 1 0
    outer loop
      vertex 8.01726436615 14.7100944519 1.2560479641
      vertex 8.00309753418 14.7100944519 1.2560479641
      vertex 8.00309753418 14.6957349777 1.2560479641
    endloop
  endfacet
  facet normal 0.63560372591 0.450255274773 -0.627118885517
    outer loop
      vertex 8.01726436615 14.6957349777 1.27604794502
      vertex 8.03143215179 14.6957349777 1.2560479641
      vertex 8.01726436615 14.7100944519 1.2560479641
    endloop
  endfacet
  facet normal 0 1 0
    outer loop
      vertex 8.03143215179 14.6957349777 1.2560479641
      vertex 8.03143215179 14.7100944519 1.2560479641
      vertex 8.01726436615 14.7100944519 1.2560479641
    endloop
  endfacet
  facet normal 0 1 0
    outer loop
      vertex 8.04559993744 14.6957349777 1.2560479641
      vertex 8.04559993744 14.7100944519 1.2560479641
      vertex 8.03143215179 14.6957349777 1.2560479641
    endloop
  endfacet
  facet normal 0 1 0
    outer loop
      vertex 8.04559993744 14.7100944519 1.2560479641
      vertex 8.03143215179 14.7100944519 1.2560479641
      vertex 8.03143215179 14.6957349777 1.2560479641
    endloop
  endfacet
  facet normal 0 1 0
    outer loop
      vertex 8.05976772308 14.6957349777 1.2560479641
      vertex 8.04559993744 14.7100944519 1.2560479641
      vertex 8.04559993744 14.6957349777 1.2560479641
    endloop
  endfacet
  facet normal 0 1 -0
    outer loop
      vertex 7.96059417725 14.7244539261 1.2560479641
      vertex 7.94642591476 14.7100944519 1.2560479641
      vertex 7.96059417725 14.7100944519 1.2560479641
    endloop
  endfacet
  facet normal -0.635629117489 0.450243085623 -0.627101898193
    outer loop
      vertex 7.97476100922 14.7100944519 1.27604794502
      vertex 7.97476100922 14.7244539261 1.2560479641
      vertex 7.96059417725 14.7100944519 1.2560479641
    endloop
  endfacet
  facet normal 0 1 0
    outer loop
      vertex 7.97476100922 14.7244539261 1.2560479641
      vertex 7.96059417725 14.7244539261 1.2560479641
      vertex 7.96059417725 14.7100944519 1.2560479641
    endloop
  endfacet
  facet normal 0.63560372591 0.450255274773 -0.627118885517
    outer loop
      vertex 7.97476100922 14.7100944519 1.27604794502
      vertex 7.98892879486 14.7100944519 1.2560479641
      vertex 7.97476100922 14.7244539261 1.2560479641
    endloop
  endfacet
  facet normal 0 1 0
    outer loop
      vertex 7.98892879486 14.7100944519 1.2560479641
      vertex 7.98892879486 14.7244539261 1.2560479641
      vertex 7.97476100922 14.7244539261 1.2560479641
    endloop
  endfacet
  facet normal 0 1 0
    outer loop
      vertex 8.00309753418 14.7100944519 1.2560479641
      vertex 8.00309753418 14.7244539261 1.2560479641
      vertex 7.98892879486 14.7100944519 1.2560479641
    endloop
  endfacet
  facet normal 0 1 0
    outer loop
      vertex 8.00309753418 14.7244539261 1.2560479641
      vertex 7.98892879486 14.7244539261 1.2560479641
      vertex 7.98892879486 14.7100944519 1.2560479641
    endloop
  endfacet
  facet normal 0 1 0
    outer loop
      vertex 8.01726436615 14.7100944519 1.2560479641
      vertex 8.01726436615 14.7244539261 1.2560479641
      vertex 8.00309753418 14.7100944519 1.2560479641
    endloop
  endfacet
  facet normal 0 1 0
    outer loop
      vertex 8.01726436615 14.7244539261 1.2560479641
      vertex 8.00309753418 14.7244539261 1.2560479641
      vertex 8.00309753418 14.7100944519 1.2560479641
    endloop
  endfacet
  facet normal 0 1 0
    outer loop
      vertex 8.03143215179 14.7100944519 1.2560479641
      vertex 8.01726436615 14.7244539261 1.2560479641
      vertex 8.01726436615 14.7100944519 1.2560479641
    endloop
  endfacet
  facet normal 0 -1 -0
    outer loop
      vertex 8.04559993744 14.5090589523 1.29604804516
      vertex 8.03143215179 14.5234184265 1.29604804516
      vertex 8.04559993744 14.5234184265 1.29604804516
    endloop
  endfacet
  facet normal -0 -1 -0
    outer loop
      vertex 8.05976772308 14.5090589523 1.29604804516
      vertex 8.04559993744 14.5090589523 1.29604804516
      vertex 8.05976772308 14.5234184265 1.29604804516
    endloop
  endfacet
  facet normal 0 -1 0
    outer loop
      vertex 8.05976772308 14.5234184265 1.29604804516
      vertex 8.04559993744 14.5090589523 1.29604804516
      vertex 8.04559993744 14.5234184265 1.29604804516
    endloop
  endfacet
  facet normal -0 -1 -0
    outer loop
      vertex 8.0739364624 14.5090589523 1.29604804516
      vertex 8.05976772308 14.5090589523 1.29604804516
      vertex 8.0739364624 14.5234184265 1.29604804516
    endloop
  endfacet
  facet normal 0 -1 0
    outer loop
      vertex 8.0739364624 14.5234184265 1.29604804516
      vertex 8.05976772308 14.5090589523 1.29604804516
      vertex 8.05976772308 14.5234184265 1.29604804516
    endloop
  endfacet
  facet normal -0 -1 -0
    outer loop
      vertex 8.08810329437 14.5090589523 1.29604804516
      vertex 8.0739364624 14.5090589523 1.29604804516
      vertex 8.08810329437 14.5234184265 1.29604804516
    endloop
  endfacet
  facet normal 0 -1 0
    outer loop
      vertex 8.08810329437 14.5234184265 1.29604804516
      vertex 8.0739364624 14.5090589523 1.29604804516
      vertex 8.0739364624 14.5234184265 1.29604804516
    endloop
  endfacet
  facet normal -0 -1 -0
    outer loop
      vertex 8.10227108002 14.5090589523 1.29604804516
      vertex 8.08810329437 14.5090589523 1.29604804516
      vertex 8.10227108002 14.5234184265 1.29604804516
    endloop
  endfacet
  facet normal 0 -1 0
    outer loop
      vertex 8.10227108002 14.5234184265 1.29604804516
      vertex 8.08810329437 14.5090589523 1.29604804516
      vertex 8.08810329437 14.5234184265 1.29604804516
    endloop
  endfacet
  facet normal 0 1 0
    outer loop
      vertex 8.2156124115 14.5377779007 1.29604804516
      vertex 8.20144462585 14.5377779007 1.29604804516
      vertex 8.20144462585 14.5234184265 1.29604804516
    endloop
  endfacet
  facet normal 0 1 0
    outer loop
      vertex 8.2156124115 14.5234184265 1.29604804516
      vertex 8.2156124115 14.5377779007 1.29604804516
      vertex 8.20144462585 14.5234184265 1.29604804516
    endloop
  endfacet
  facet normal -0 1 0
    outer loop
      vertex 8.18727684021 14.5234184265 1.29604804516
      vertex 8.20144462585 14.5234184265 1.29604804516
      vertex 8.20144462585 14.5377779007 1.29604804516
    endloop
  endfacet
  facet normal 0.635603547096 0.450255274773 0.627119064331
    outer loop
      vertex 8.18727684021 14.5377779007 1.31604802608
      vertex 8.18727684021 14.5234184265 1.29604804516
      vertex 8.20144462585 14.5377779007 1.29604804516
    endloop
  endfacet
  facet normal 0 0.583220422268 0.812313973904
    outer loop
      vertex 8.18727684021 14.5377779007 1.31604802608
      vertex 8.17310905457 14.5377779007 1.31604802608
      vertex 8.18727684021 14.5234184265 1.29604804516
    endloop
  endfacet
  facet normal 0.270868778229 0.369330108166 0.88894623518
    outer loop
      vertex 8.14357662201 14.5177621841 1.30331099033
      vertex 8.15425109863 14.5215835571 1.30467998981
      vertex 8.1447725296 14.5234184265 1.31604802608
    endloop
  endfacet
  facet normal 0.142131686211 0.101203508675 0.984660565853
    outer loop
      vertex 8.17310905457 14.5234184265 1.29604804516
      vertex 8.15425109863 14.5215835571 1.30467998981
      vertex 8.1508731842 14.5197944641 1.29201698303
    endloop
  endfacet
  facet normal -0 0 1
    outer loop
      vertex 8.17310905457 14.5234184265 1.29604804516
      vertex 8.17310905457 14.5234184265 1.27604794502
      vertex 8.18727684021 14.5234184265 1.29604804516
    endloop
  endfacet
  facet normal 0 -0 1
    outer loop
      vertex 8.18727684021 14.5234184265 1.27604794502
      vertex 8.18727684021 14.5234184265 1.29604804516
      vertex 8.17310905457 14.5234184265 1.27604794502
    endloop
  endfacet
  facet normal 0.648850500584 -0 0.760915875435
    outer loop
      vertex 8.13060665131 14.5090589523 1.29604804516
      vertex 8.13738632202 14.514840126 1.30785298347
      vertex 8.13060665131 14.5090589523 1.31604802608
    endloop
  endfacet
  facet normal 0 0.583220422268 0.812313973904
    outer loop
      vertex 8.18727684021 14.5234184265 1.29604804516
      vertex 8.17310905457 14.5377779007 1.31604802608
      vertex 8.17310905457 14.5234184265 1.29604804516
    endloop
  endfacet
  facet normal 0.635603547096 0.450255274773 0.627119064331
    outer loop
      vertex 8.17310905457 14.5234184265 1.29604804516
      vertex 8.17310905457 14.5377779007 1.31604802608
      vertex 8.15894126892 14.5234184265 1.31604802608
    endloop
  endfacet
  facet normal 0 1 0
    outer loop
      vertex 8.18727684021 14.5090589523 1.29604804516
      vertex 8.20144462585 14.5234184265 1.29604804516
      vertex 8.18727684021 14.5234184265 1.29604804516
    endloop
  endfacet
  facet normal -0.635603964329 0.450255602598 0.62711840868
    outer loop
      vertex 8.13060665131 14.5090589523 1.31604802608
      vertex 8.11643886566 14.5234184265 1.31604802608
      vertex 8.11643886566 14.5090589523 1.29604804516
    endloop
  endfacet
  facet normal 0 0 1
    outer loop
      vertex 8.22978019714 14.5234184265 1.27604794502
      vertex 8.2156124115 14.5234184265 1.29604804516
      vertex 8.2156124115 14.5234184265 1.27604794502
    endloop
  endfacet
  facet normal 0 -1 -0
    outer loop
      vertex 8.00309753418 14.5234184265 1.29604804516
      vertex 7.98892879486 14.5377779007 1.29604804516
      vertex 8.00309753418 14.5377779007 1.29604804516
    endloop
  endfacet
  facet normal -0 -1 -0
    outer loop
      vertex 8.01726436615 14.5234184265 1.29604804516
      vertex 8.00309753418 14.5234184265 1.29604804516
      vertex 8.01726436615 14.5377779007 1.29604804516
    endloop
  endfacet
  facet normal 0 -1 0
    outer loop
      vertex 8.01726436615 14.5377779007 1.29604804516
      vertex 8.00309753418 14.5234184265 1.29604804516
      vertex 8.00309753418 14.5377779007 1.29604804516
    endloop
  endfacet
  facet normal -0.635604381561 -0.450252979994 0.627119898796
    outer loop
      vertex 8.03143215179 14.5377779007 1.27604794502
      vertex 8.03143215179 14.5234184265 1.29604804516
      vertex 8.01726436615 14.5377779007 1.29604804516
    endloop
  endfacet
  facet normal -0 -1 0
    outer loop
      vertex 8.03143215179 14.5234184265 1.29604804516
      vertex 8.01726436615 14.5234184265 1.29604804516
      vertex 8.01726436615 14.5377779007 1.29604804516
    endloop
  endfacet
  facet normal 0 -0.583217918873 0.812315702438
    outer loop
      vertex 8.04559993744 14.5377779007 1.27604794502
      vertex 8.03143215179 14.5234184265 1.29604804516
      vertex 8.03143215179 14.5377779007 1.27604794502
    endloop
  endfacet
  facet normal 0 -0.583217918873 0.812315702438
    outer loop
      vertex 8.04559993744 14.5234184265 1.29604804516
      vertex 8.03143215179 14.5234184265 1.29604804516
      vertex 8.04559993744 14.5377779007 1.27604794502
    endloop
  endfacet
  facet normal 0 -0.583217918873 0.812315702438
    outer loop
      vertex 8.05976772308 14.5377779007 1.27604794502
      vertex 8.04559993744 14.5234184265 1.29604804516
      vertex 8.04559993744 14.5377779007 1.27604794502
    endloop
  endfacet
  facet normal 0 -0.583217918873 0.812315702438
    outer loop
      vertex 8.05976772308 14.5234184265 1.29604804516
      vertex 8.04559993744 14.5234184265 1.29604804516
      vertex 8.05976772308 14.5377779007 1.27604794502
    endloop
  endfacet
  facet normal 0 -0.583217918873 0.812315702438
    outer loop
      vertex 8.0739364624 14.5377779007 1.27604794502
      vertex 8.05976772308 14.5234184265 1.29604804516
      vertex 8.05976772308 14.5377779007 1.27604794502
    endloop
  endfacet
  facet normal 0 -0.583217918873 0.812315702438
    outer loop
      vertex 8.0739364624 14.5234184265 1.29604804516
      vertex 8.05976772308 14.5234184265 1.29604804516
      vertex 8.0739364624 14.5377779007 1.27604794502
    endloop
  endfacet
  facet normal 0 -0.583217918873 0.812315702438
    outer loop
      vertex 8.08810329437 14.5377779007 1.27604794502
      vertex 8.0739364624 14.5234184265 1.29604804516
      vertex 8.0739364624 14.5377779007 1.27604794502
    endloop
  endfacet
  facet normal 0 -0.583217918873 0.812315702438
    outer loop
      vertex 8.08810329437 14.5234184265 1.29604804516
      vertex 8.0739364624 14.5234184265 1.29604804516
      vertex 8.08810329437 14.5377779007 1.27604794502
    endloop
  endfacet
  facet normal 0 -0.583217918873 0.812315702438
    outer loop
      vertex 8.10227108002 14.5377779007 1.27604794502
      vertex 8.08810329437 14.5234184265 1.29604804516
      vertex 8.08810329437 14.5377779007 1.27604794502
    endloop
  endfacet
  facet normal 0 -0.583217918873 0.812315702438
    outer loop
      vertex 8.10227108002 14.5234184265 1.29604804516
      vertex 8.08810329437 14.5234184265 1.29604804516
      vertex 8.10227108002 14.5377779007 1.27604794502
    endloop
  endfacet
  facet normal -0.635604381561 -0.450252979994 0.627119898796
    outer loop
      vertex 8.11643886566 14.5234184265 1.27604794502
      vertex 8.10227108002 14.5234184265 1.29604804516
      vertex 8.10227108002 14.5377779007 1.27604794502
    endloop
  endfacet
  facet normal 0.635604202747 0.450253069401 0.627120018005
    outer loop
      vertex 8.22978019714 14.5234184265 1.27604794502
      vertex 8.22978019714 14.5377779007 1.29604804516
      vertex 8.2156124115 14.5234184265 1.29604804516
    endloop
  endfacet
  facet normal 0.635604381561 0.450252979994 0.627119898796
    outer loop
      vertex 8.24394798279 14.5377779007 1.27604794502
      vertex 8.22978019714 14.5377779007 1.29604804516
      vertex 8.22978019714 14.5234184265 1.27604794502
    endloop
  endfacet
  facet normal -0.635621130466 -0.450264841318 0.627094388008
    outer loop
      vertex 7.98892879486 14.5377779007 1.29604804516
      vertex 7.97476100922 14.5521383286 1.29604804516
      vertex 7.98892879486 14.5521383286 1.27604794502
    endloop
  endfacet
  facet normal 0 0 1
    outer loop
      vertex 7.97476100922 14.5521383286 1.29604804516
      vertex 7.97476100922 14.5521383286 1.27604794502
      vertex 7.98892879486 14.5521383286 1.27604794502
    endloop
  endfacet
  facet normal 0 -0.583243727684 0.812297165394
    outer loop
      vertex 8.00309753418 14.5521383286 1.27604794502
      vertex 7.98892879486 14.5377779007 1.29604804516
      vertex 7.98892879486 14.5521383286 1.27604794502
    endloop
  endfacet
  facet normal 0 -0.583243727684 0.812297165394
    outer loop
      vertex 8.00309753418 14.5377779007 1.29604804516
      vertex 7.98892879486 14.5377779007 1.29604804516
      vertex 8.00309753418 14.5521383286 1.27604794502
    endloop
  endfacet
  facet normal 0 -0.583243727684 0.812297165394
    outer loop
      vertex 8.01726436615 14.5521383286 1.27604794502
      vertex 8.00309753418 14.5377779007 1.29604804516
      vertex 8.00309753418 14.5521383286 1.27604794502
    endloop
  endfacet
  facet normal 0 -0.583243727684 0.812297165394
    outer loop
      vertex 8.01726436615 14.5377779007 1.29604804516
      vertex 8.00309753418 14.5377779007 1.29604804516
      vertex 8.01726436615 14.5521383286 1.27604794502
    endloop
  endfacet
  facet normal -0.635621130466 -0.450264841318 0.627094388008
    outer loop
      vertex 8.03143215179 14.5377779007 1.27604794502
      vertex 8.01726436615 14.5377779007 1.29604804516
      vertex 8.01726436615 14.5521383286 1.27604794502
    endloop
  endfacet
  facet normal 0.81600433588 0.578045725822 -0
    outer loop
      vertex 8.24394798279 14.5521383286 1.27604794502
      vertex 8.22978019714 14.5377779007 1.29604804516
      vertex 8.24394798279 14.5377779007 1.27604794502
    endloop
  endfacet
  facet normal 0.81600433588 0.578045725822 -0
    outer loop
      vertex 8.22978019714 14.5521383286 1.29604804516
      vertex 8.22978019714 14.5377779007 1.29604804516
      vertex 8.24394798279 14.5521383286 1.27604794502
    endloop
  endfacet
  facet normal -0.711865782738 0 0.702315568924
    outer loop
      vertex 7.97476100922 14.5521383286 1.29604804516
      vertex 7.96059417725 14.5664978027 1.27604794502
      vertex 7.97476100922 14.5521383286 1.27604794502
    endloop
  endfacet
  facet normal -0.711865782738 0 0.702315568924
    outer loop
      vertex 7.96059417725 14.5664978027 1.29604804516
      vertex 7.96059417725 14.5664978027 1.27604794502
      vertex 7.97476100922 14.5521383286 1.29604804516
    endloop
  endfacet
  facet normal 0.81600433588 0.578045725822 -0
    outer loop
      vertex 8.24394798279 14.5664978027 1.27604794502
      vertex 8.22978019714 14.5521383286 1.29604804516
      vertex 8.24394798279 14.5521383286 1.27604794502
    endloop
  endfacet
  facet normal 0.81600433588 0.578045725822 -0
    outer loop
      vertex 8.22978019714 14.5664978027 1.29604804516
      vertex 8.22978019714 14.5521383286 1.29604804516
      vertex 8.24394798279 14.5664978027 1.27604794502
    endloop
  endfacet
  facet normal -0.635591864586 0.450259238482 0.627128064632
    outer loop
      vertex 7.94642591476 14.5808572769 1.27604794502
      vertex 7.96059417725 14.5664978027 1.27604794502
      vertex 7.96059417725 14.5808572769 1.29604804516
    endloop
  endfacet
  facet normal -1 0 0
    outer loop
      vertex 7.96059417725 14.5664978027 1.27604794502
      vertex 7.96059417725 14.5664978027 1.29604804516
      vertex 7.96059417725 14.5808572769 1.29604804516
    endloop
  endfacet
  facet normal 0.635604441166 0.450253218412 -0.627119660378
    outer loop
      vertex 8.22978019714 14.5808572769 1.27604794502
      vertex 8.2156124115 14.5808572769 1.29604804516
      vertex 8.22978019714 14.5664978027 1.29604804516
    endloop
  endfacet
  facet normal 0.635604560375 0.450253129005 -0.627119541168
    outer loop
      vertex 8.22978019714 14.5664978027 1.29604804516
      vertex 8.24394798279 14.5664978027 1.27604794502
      vertex 8.22978019714 14.5808572769 1.27604794502
    endloop
  endfacet
  facet normal 0 1 0
    outer loop
      vertex 8.24394798279 14.5664978027 1.27604794502
      vertex 8.24394798279 14.5808572769 1.27604794502
      vertex 8.22978019714 14.5808572769 1.27604794502
    endloop
  endfacet
  facet normal 0 1 0
    outer loop
      vertex 7.93225908279 14.5952167511 1.27604794502
      vertex 7.94642591476 14.5808572769 1.27604794502
      vertex 7.94642591476 14.5952167511 1.27604794502
    endloop
  endfacet
  facet normal -0.81599521637 0.57805866003 0
    outer loop
      vertex 7.96059417725 14.5952167511 1.29604804516
      vertex 7.94642591476 14.5808572769 1.27604794502
      vertex 7.96059417725 14.5808572769 1.29604804516
    endloop
  endfacet
  facet normal -0.81599521637 0.57805866003 0
    outer loop
      vertex 7.94642591476 14.5952167511 1.27604794502
      vertex 7.94642591476 14.5808572769 1.27604794502
      vertex 7.96059417725 14.5952167511 1.29604804516
    endloop
  endfacet
  facet normal 0.816004216671 0.578045904636 -0
    outer loop
      vertex 8.22978019714 14.5952167511 1.27604794502
      vertex 8.2156124115 14.5808572769 1.29604804516
      vertex 8.22978019714 14.5808572769 1.27604794502
    endloop
  endfacet
  facet normal 0.816004216671 0.578045904636 -0
    outer loop
      vertex 8.2156124115 14.5952167511 1.29604804516
      vertex 8.2156124115 14.5808572769 1.29604804516
      vertex 8.22978019714 14.5952167511 1.27604794502
    endloop
  endfacet
  facet normal 0 1 0
    outer loop
      vertex 8.24394798279 14.5808572769 1.27604794502
      vertex 8.22978019714 14.5952167511 1.27604794502
      vertex 8.22978019714 14.5808572769 1.27604794502
    endloop
  endfacet
  facet normal -0.635646522045 0.450252652168 0.627077400684
    outer loop
      vertex 7.94642591476 14.609577179 1.29604804516
      vertex 7.93225908279 14.609577179 1.27604794502
      vertex 7.94642591476 14.5952167511 1.27604794502
    endloop
  endfacet
  facet normal 0 1 0
    outer loop
      vertex 7.93225908279 14.609577179 1.27604794502
      vertex 7.93225908279 14.5952167511 1.27604794502
      vertex 7.94642591476 14.5952167511 1.27604794502
    endloop
  endfacet
  facet normal -0.635608434677 0.450270950794 0.627102851868
    outer loop
      vertex 7.96059417725 14.5952167511 1.29604804516
      vertex 7.94642591476 14.609577179 1.29604804516
      vertex 7.94642591476 14.5952167511 1.27604794502
    endloop
  endfacet
  facet normal 0.635595560074 0.450277119875 -0.627111494541
    outer loop
      vertex 8.15894126892 14.609577179 1.27604794502
      vertex 8.1447725296 14.609577179 1.29604804516
      vertex 8.15894126892 14.5952167511 1.29604804516
    endloop
  endfacet
  facet normal 0 0.583243727684 -0.812297165394
    outer loop
      vertex 8.15894126892 14.609577179 1.27604794502
      vertex 8.17310905457 14.5952167511 1.29604804516
      vertex 8.17310905457 14.609577179 1.27604794502
    endloop
  endfacet
  facet normal 0 0.583243727684 -0.812297165394
    outer loop
      vertex 8.15894126892 14.5952167511 1.29604804516
      vertex 8.17310905457 14.5952167511 1.29604804516
      vertex 8.15894126892 14.609577179 1.27604794502
    endloop
  endfacet
  facet normal 0 0.583243727684 -0.812297165394
    outer loop
      vertex 8.17310905457 14.609577179 1.27604794502
      vertex 8.18727684021 14.5952167511 1.29604804516
      vertex 8.18727684021 14.609577179 1.27604794502
    endloop
  endfacet
  facet normal 0 0.583243727684 -0.812297165394
    outer loop
      vertex 8.17310905457 14.5952167511 1.29604804516
      vertex 8.18727684021 14.5952167511 1.29604804516
      vertex 8.17310905457 14.609577179 1.27604794502
    endloop
  endfacet
  facet normal 0 0.583243727684 -0.812297165394
    outer loop
      vertex 8.18727684021 14.609577179 1.27604794502
      vertex 8.20144462585 14.5952167511 1.29604804516
      vertex 8.20144462585 14.609577179 1.27604794502
    endloop
  endfacet
  facet normal 0 0.583243727684 -0.812297165394
    outer loop
      vertex 8.18727684021 14.5952167511 1.29604804516
      vertex 8.20144462585 14.5952167511 1.29604804516
      vertex 8.18727684021 14.609577179 1.27604794502
    endloop
  endfacet
  facet normal 0 0.583243727684 -0.812297165394
    outer loop
      vertex 8.20144462585 14.609577179 1.27604794502
      vertex 8.2156124115 14.5952167511 1.29604804516
      vertex 8.2156124115 14.609577179 1.27604794502
    endloop
  endfacet
  facet normal 0 0.583243727684 -0.812297165394
    outer loop
      vertex 8.20144462585 14.5952167511 1.29604804516
      vertex 8.2156124115 14.5952167511 1.29604804516
      vertex 8.20144462585 14.609577179 1.27604794502
    endloop
  endfacet
  facet normal 0.635620951653 0.450264930725 -0.627094507217
    outer loop
      vertex 8.2156124115 14.5952167511 1.29604804516
      vertex 8.22978019714 14.5952167511 1.27604794502
      vertex 8.2156124115 14.609577179 1.27604794502
    endloop
  endfacet
  facet normal 0 1 0
    outer loop
      vertex 8.22978019714 14.5952167511 1.27604794502
      vertex 8.22978019714 14.609577179 1.27604794502
      vertex 8.2156124115 14.609577179 1.27604794502
    endloop
  endfacet
  facet normal -0.816022634506 0.578019917011 0
    outer loop
      vertex 7.94642591476 14.6239366531 1.29604804516
      vertex 7.93225908279 14.609577179 1.27604794502
      vertex 7.94642591476 14.609577179 1.29604804516
    endloop
  endfacet
  facet normal -0.816022634506 0.578019917011 0
    outer loop
      vertex 7.93225908279 14.6239366531 1.27604794502
      vertex 7.93225908279 14.609577179 1.27604794502
      vertex 7.94642591476 14.6239366531 1.29604804516
    endloop
  endfacet
  facet normal 0.635604441166 0.450253069401 -0.627119719982
    outer loop
      vertex 8.10227108002 14.6239366531 1.27604794502
      vertex 8.08810329437 14.6239366531 1.29604804516
      vertex 8.10227108002 14.609577179 1.29604804516
    endloop
  endfacet
  facet normal 0 0.583218097687 -0.812315583229
    outer loop
      vertex 8.10227108002 14.6239366531 1.27604794502
      vertex 8.11643886566 14.609577179 1.29604804516
      vertex 8.11643886566 14.6239366531 1.27604794502
    endloop
  endfacet
  facet normal 0 0.583218097687 -0.812315583229
    outer loop
      vertex 8.10227108002 14.609577179 1.29604804516
      vertex 8.11643886566 14.609577179 1.29604804516
      vertex 8.10227108002 14.6239366531 1.27604794502
    endloop
  endfacet
  facet normal 0 0.583218097687 -0.812315583229
    outer loop
      vertex 8.11643886566 14.6239366531 1.27604794502
      vertex 8.13060665131 14.609577179 1.29604804516
      vertex 8.13060665131 14.6239366531 1.27604794502
    endloop
  endfacet
  facet normal 0 0.583218097687 -0.812315583229
    outer loop
      vertex 8.11643886566 14.609577179 1.29604804516
      vertex 8.13060665131 14.609577179 1.29604804516
      vertex 8.11643886566 14.6239366531 1.27604794502
    endloop
  endfacet
  facet normal 0 0.583218097687 -0.812315583229
    outer loop
      vertex 8.13060665131 14.6239366531 1.27604794502
      vertex 8.1447725296 14.609577179 1.29604804516
      vertex 8.1447725296 14.6239366531 1.27604794502
    endloop
  endfacet
  facet normal 0 0.583218097687 -0.812315583229
    outer loop
      vertex 8.13060665131 14.609577179 1.29604804516
      vertex 8.1447725296 14.609577179 1.29604804516
      vertex 8.13060665131 14.6239366531 1.27604794502
    endloop
  endfacet
  facet normal 0.635578930378 0.450265347958 -0.627136826515
    outer loop
      vertex 8.1447725296 14.609577179 1.29604804516
      vertex 8.15894126892 14.609577179 1.27604794502
      vertex 8.1447725296 14.6239366531 1.27604794502
    endloop
  endfacet
  facet normal 0 1 0
    outer loop
      vertex 8.15894126892 14.609577179 1.27604794502
      vertex 8.15894126892 14.6239366531 1.27604794502
      vertex 8.1447725296 14.6239366531 1.27604794502
    endloop
  endfacet
  facet normal 0 1 0
    outer loop
      vertex 8.17310905457 14.609577179 1.27604794502
      vertex 8.17310905457 14.6239366531 1.27604794502
      vertex 8.15894126892 14.609577179 1.27604794502
    endloop
  endfacet
  facet normal 0 1 0
    outer loop
      vertex 8.17310905457 14.6239366531 1.27604794502
      vertex 8.15894126892 14.6239366531 1.27604794502
      vertex 8.15894126892 14.609577179 1.27604794502
    endloop
  endfacet
  facet normal 0 1 0
    outer loop
      vertex 8.18727684021 14.609577179 1.27604794502
      vertex 8.18727684021 14.6239366531 1.27604794502
      vertex 8.17310905457 14.609577179 1.27604794502
    endloop
  endfacet
  facet normal 0 1 0
    outer loop
      vertex 8.18727684021 14.6239366531 1.27604794502
      vertex 8.17310905457 14.6239366531 1.27604794502
      vertex 8.17310905457 14.609577179 1.27604794502
    endloop
  endfacet
  facet normal 0 1 0
    outer loop
      vertex 8.20144462585 14.609577179 1.27604794502
      vertex 8.20144462585 14.6239366531 1.27604794502
      vertex 8.18727684021 14.609577179 1.27604794502
    endloop
  endfacet
  facet normal 0 1 0
    outer loop
      vertex 8.20144462585 14.6239366531 1.27604794502
      vertex 8.18727684021 14.6239366531 1.27604794502
      vertex 8.18727684021 14.609577179 1.27604794502
    endloop
  endfacet
  facet normal 0 1 0
    outer loop
      vertex 8.2156124115 14.609577179 1.27604794502
      vertex 8.2156124115 14.6239366531 1.27604794502
      vertex 8.20144462585 14.609577179 1.27604794502
    endloop
  endfacet
  facet normal 0 1 0
    outer loop
      vertex 8.2156124115 14.6239366531 1.27604794502
      vertex 8.20144462585 14.6239366531 1.27604794502
      vertex 8.20144462585 14.609577179 1.27604794502
    endloop
  endfacet
  facet normal 0 1 0
    outer loop
      vertex 8.22978019714 14.609577179 1.27604794502
      vertex 8.22978019714 14.6239366531 1.27604794502
      vertex 8.2156124115 14.609577179 1.27604794502
    endloop
  endfacet
  facet normal 0 1 0
    outer loop
      vertex 8.22978019714 14.6239366531 1.27604794502
      vertex 8.2156124115 14.6239366531 1.27604794502
      vertex 8.2156124115 14.609577179 1.27604794502
    endloop
  endfacet
  facet normal -0.635629892349 0.450240850449 -0.627102732658
    outer loop
      vertex 7.94642591476 14.6239366531 1.29604804516
      vertex 7.94642591476 14.6382961273 1.27604794502
      vertex 7.93225908279 14.6239366531 1.27604794502
    endloop
  endfacet
  facet normal 0 1 0
    outer loop
      vertex 7.94642591476 14.6382961273 1.27604794502
      vertex 7.93225908279 14.6382961273 1.27604794502
      vertex 7.93225908279 14.6239366531 1.27604794502
    endloop
  endfacet
  facet normal -0.635591745377 0.450259149075 -0.627128183842
    outer loop
      vertex 7.94642591476 14.6239366531 1.29604804516
      vertex 7.96059417725 14.6382961273 1.29604804516
      vertex 7.94642591476 14.6382961273 1.27604794502
    endloop
  endfacet
  facet normal 0.635604381561 0.450253099203 -0.627119779587
    outer loop
      vertex 8.05976772308 14.6382961273 1.27604794502
      vertex 8.04559993744 14.6382961273 1.29604804516
      vertex 8.05976772308 14.6239366531 1.29604804516
    endloop
  endfacet
  facet normal 0 0.583218097687 -0.812315583229
    outer loop
      vertex 8.05976772308 14.6382961273 1.27604794502
      vertex 8.0739364624 14.6239366531 1.29604804516
      vertex 8.0739364624 14.6382961273 1.27604794502
    endloop
  endfacet
  facet normal 0 0.583218097687 -0.812315583229
    outer loop
      vertex 8.05976772308 14.6239366531 1.29604804516
      vertex 8.0739364624 14.6239366531 1.29604804516
      vertex 8.05976772308 14.6382961273 1.27604794502
    endloop
  endfacet
  facet normal 0 0.583218097687 -0.812315583229
    outer loop
      vertex 8.0739364624 14.6382961273 1.27604794502
      vertex 8.08810329437 14.6239366531 1.29604804516
      vertex 8.08810329437 14.6382961273 1.27604794502
    endloop
  endfacet
  facet normal 0 0.583218097687 -0.812315583229
    outer loop
      vertex 8.0739364624 14.6239366531 1.29604804516
      vertex 8.08810329437 14.6239366531 1.29604804516
      vertex 8.0739364624 14.6382961273 1.27604794502
    endloop
  endfacet
  facet normal 0.635604441166 0.450253069401 -0.627119719982
    outer loop
      vertex 8.08810329437 14.6239366531 1.29604804516
      vertex 8.10227108002 14.6239366531 1.27604794502
      vertex 8.08810329437 14.6382961273 1.27604794502
    endloop
  endfacet
  facet normal 0 1 0
    outer loop
      vertex 8.10227108002 14.6239366531 1.27604794502
      vertex 8.10227108002 14.6382961273 1.27604794502
      vertex 8.08810329437 14.6382961273 1.27604794502
    endloop
  endfacet
  facet normal 0 1 0
    outer loop
      vertex 8.11643886566 14.6239366531 1.27604794502
      vertex 8.11643886566 14.6382961273 1.27604794502
      vertex 8.10227108002 14.6239366531 1.27604794502
    endloop
  endfacet
  facet normal 0 1 0
    outer loop
      vertex 8.11643886566 14.6382961273 1.27604794502
      vertex 8.10227108002 14.6382961273 1.27604794502
      vertex 8.10227108002 14.6239366531 1.27604794502
    endloop
  endfacet
  facet normal 0 1 0
    outer loop
      vertex 8.13060665131 14.6239366531 1.27604794502
      vertex 8.13060665131 14.6382961273 1.27604794502
      vertex 8.11643886566 14.6239366531 1.27604794502
    endloop
  endfacet
  facet normal 0 1 0
    outer loop
      vertex 8.13060665131 14.6382961273 1.27604794502
      vertex 8.11643886566 14.6382961273 1.27604794502
      vertex 8.11643886566 14.6239366531 1.27604794502
    endloop
  endfacet
  facet normal 0 1 0
    outer loop
      vertex 8.1447725296 14.6239366531 1.27604794502
      vertex 8.1447725296 14.6382961273 1.27604794502
      vertex 8.13060665131 14.6239366531 1.27604794502
    endloop
  endfacet
  facet normal 0 1 0
    outer loop
      vertex 8.1447725296 14.6382961273 1.27604794502
      vertex 8.13060665131 14.6382961273 1.27604794502
      vertex 8.13060665131 14.6239366531 1.27604794502
    endloop
  endfacet
  facet normal 0 1 0
    outer loop
      vertex 8.15894126892 14.6239366531 1.27604794502
      vertex 8.15894126892 14.6382961273 1.27604794502
      vertex 8.1447725296 14.6239366531 1.27604794502
    endloop
  endfacet
  facet normal 0 1 0
    outer loop
      vertex 8.15894126892 14.6382961273 1.27604794502
      vertex 8.1447725296 14.6382961273 1.27604794502
      vertex 8.1447725296 14.6239366531 1.27604794502
    endloop
  endfacet
  facet normal 0 1 0
    outer loop
      vertex 8.17310905457 14.6239366531 1.27604794502
      vertex 8.17310905457 14.6382961273 1.27604794502
      vertex 8.15894126892 14.6239366531 1.27604794502
    endloop
  endfacet
  facet normal 0 1 0
    outer loop
      vertex 8.17310905457 14.6382961273 1.27604794502
      vertex 8.15894126892 14.6382961273 1.27604794502
      vertex 8.15894126892 14.6239366531 1.27604794502
    endloop
  endfacet
  facet normal 0 1 0
    outer loop
      vertex 8.18727684021 14.6239366531 1.27604794502
      vertex 8.18727684021 14.6382961273 1.27604794502
      vertex 8.17310905457 14.6239366531 1.27604794502
    endloop
  endfacet
  facet normal 0 1 0
    outer loop
      vertex 8.18727684021 14.6382961273 1.27604794502
      vertex 8.17310905457 14.6382961273 1.27604794502
      vertex 8.17310905457 14.6239366531 1.27604794502
    endloop
  endfacet
  facet normal 0 1 0
    outer loop
      vertex 8.20144462585 14.6239366531 1.27604794502
      vertex 8.20144462585 14.6382961273 1.27604794502
      vertex 8.18727684021 14.6239366531 1.27604794502
    endloop
  endfacet
  facet normal 0 1 0
    outer loop
      vertex 8.20144462585 14.6382961273 1.27604794502
      vertex 8.18727684021 14.6382961273 1.27604794502
      vertex 8.18727684021 14.6239366531 1.27604794502
    endloop
  endfacet
  facet normal 0 1 0
    outer loop
      vertex 8.2156124115 14.6239366531 1.27604794502
      vertex 8.2156124115 14.6382961273 1.27604794502
      vertex 8.20144462585 14.6239366531 1.27604794502
    endloop
  endfacet
  facet normal 0 1 0
    outer loop
      vertex 8.2156124115 14.6382961273 1.27604794502
      vertex 8.20144462585 14.6382961273 1.27604794502
      vertex 8.20144462585 14.6239366531 1.27604794502
    endloop
  endfacet
  facet normal 0 1 0
    outer loop
      vertex 8.22978019714 14.6239366531 1.27604794502
      vertex 8.2156124115 14.6382961273 1.27604794502
      vertex 8.2156124115 14.6239366531 1.27604794502
    endloop
  endfacet
  facet normal 0 1 0
    outer loop
      vertex 7.94642591476 14.6382961273 1.27604794502
      vertex 7.94642591476 14.6526556015 1.27604794502
      vertex 7.93225908279 14.6382961273 1.27604794502
    endloop
  endfacet
  facet normal 0 1 0
    outer loop
      vertex 7.94642591476 14.6526556015 1.27604794502
      vertex 7.93225908279 14.6526556015 1.27604794502
      vertex 7.93225908279 14.6382961273 1.27604794502
    endloop
  endfacet
  facet normal -0.635591864586 0.450259238482 -0.627128064632
    outer loop
      vertex 7.96059417725 14.6382961273 1.29604804516
      vertex 7.96059417725 14.6526556015 1.27604794502
      vertex 7.94642591476 14.6382961273 1.27604794502
    endloop
  endfacet
  facet normal 0 1 0
    outer loop
      vertex 7.96059417725 14.6526556015 1.27604794502
      vertex 7.94642591476 14.6526556015 1.27604794502
      vertex 7.94642591476 14.6382961273 1.27604794502
    endloop
  endfacet
  facet normal -0.635630011559 0.450240939856 -0.627102553844
    outer loop
      vertex 7.96059417725 14.6382961273 1.29604804516
      vertex 7.97476100922 14.6526556015 1.29604804516
      vertex 7.96059417725 14.6526556015 1.27604794502
    endloop
  endfacet
  facet normal 0.635604560375 0.450253129005 -0.627119541168
    outer loop
      vertex 7.98892879486 14.6526556015 1.27604794502
      vertex 7.97476100922 14.6526556015 1.29604804516
      vertex 7.98892879486 14.6382961273 1.29604804516
    endloop
  endfacet
  facet normal 0 0.583218276501 -0.81231546402
    outer loop
      vertex 7.98892879486 14.6526556015 1.27604794502
      vertex 8.00309753418 14.6382961273 1.29604804516
      vertex 8.00309753418 14.6526556015 1.27604794502
    endloop
  endfacet
  facet normal 0 0.583218276501 -0.81231546402
    outer loop
      vertex 7.98892879486 14.6382961273 1.29604804516
      vertex 8.00309753418 14.6382961273 1.29604804516
      vertex 7.98892879486 14.6526556015 1.27604794502
    endloop
  endfacet
  facet normal 0 0.583218276501 -0.81231546402
    outer loop
      vertex 8.00309753418 14.6526556015 1.27604794502
      vertex 8.01726436615 14.6382961273 1.29604804516
      vertex 8.01726436615 14.6526556015 1.27604794502
    endloop
  endfacet
  facet normal 0 0.583218276501 -0.81231546402
    outer loop
      vertex 8.00309753418 14.6382961273 1.29604804516
      vertex 8.01726436615 14.6382961273 1.29604804516
      vertex 8.00309753418 14.6526556015 1.27604794502
    endloop
  endfacet
  facet normal 0 0.583218276501 -0.81231546402
    outer loop
      vertex 8.01726436615 14.6526556015 1.27604794502
      vertex 8.03143215179 14.6382961273 1.29604804516
      vertex 8.03143215179 14.6526556015 1.27604794502
    endloop
  endfacet
  facet normal 0 0.583218276501 -0.81231546402
    outer loop
      vertex 8.01726436615 14.6382961273 1.29604804516
      vertex 8.03143215179 14.6382961273 1.29604804516
      vertex 8.01726436615 14.6526556015 1.27604794502
    endloop
  endfacet
  facet normal 0 0.583218276501 -0.81231546402
    outer loop
      vertex 8.03143215179 14.6526556015 1.27604794502
      vertex 8.04559993744 14.6382961273 1.29604804516
      vertex 8.04559993744 14.6526556015 1.27604794502
    endloop
  endfacet
  facet normal 0 0.583218276501 -0.81231546402
    outer loop
      vertex 8.03143215179 14.6382961273 1.29604804516
      vertex 8.04559993744 14.6382961273 1.29604804516
      vertex 8.03143215179 14.6526556015 1.27604794502
    endloop
  endfacet
  facet normal 0.635604500771 0.45025318861 -0.627119600773
    outer loop
      vertex 8.04559993744 14.6382961273 1.29604804516
      vertex 8.05976772308 14.6382961273 1.27604794502
      vertex 8.04559993744 14.6526556015 1.27604794502
    endloop
  endfacet
  facet normal 0 1 0
    outer loop
      vertex 8.05976772308 14.6382961273 1.27604794502
      vertex 8.05976772308 14.6526556015 1.27604794502
      vertex 8.04559993744 14.6526556015 1.27604794502
    endloop
  endfacet
  facet normal 0 1 0
    outer loop
      vertex 8.0739364624 14.6382961273 1.27604794502
      vertex 8.0739364624 14.6526556015 1.27604794502
      vertex 8.05976772308 14.6382961273 1.27604794502
    endloop
  endfacet
  facet normal 0 1 0
    outer loop
      vertex 8.0739364624 14.6526556015 1.27604794502
      vertex 8.05976772308 14.6526556015 1.27604794502
      vertex 8.05976772308 14.6382961273 1.27604794502
    endloop
  endfacet
  facet normal 0 1 0
    outer loop
      vertex 8.08810329437 14.6382961273 1.27604794502
      vertex 8.08810329437 14.6526556015 1.27604794502
      vertex 8.0739364624 14.6382961273 1.27604794502
    endloop
  endfacet
  facet normal 0 1 0
    outer loop
      vertex 8.08810329437 14.6526556015 1.27604794502
      vertex 8.0739364624 14.6526556015 1.27604794502
      vertex 8.0739364624 14.6382961273 1.27604794502
    endloop
  endfacet
  facet normal 0 1 0
    outer loop
      vertex 8.10227108002 14.6382961273 1.27604794502
      vertex 8.10227108002 14.6526556015 1.27604794502
      vertex 8.08810329437 14.6382961273 1.27604794502
    endloop
  endfacet
  facet normal 0 1 0
    outer loop
      vertex 8.10227108002 14.6526556015 1.27604794502
      vertex 8.08810329437 14.6526556015 1.27604794502
      vertex 8.08810329437 14.6382961273 1.27604794502
    endloop
  endfacet
  facet normal 0 1 0
    outer loop
      vertex 8.11643886566 14.6382961273 1.27604794502
      vertex 8.11643886566 14.6526556015 1.27604794502
      vertex 8.10227108002 14.6382961273 1.27604794502
    endloop
  endfacet
  facet normal 0 1 0
    outer loop
      vertex 8.11643886566 14.6526556015 1.27604794502
      vertex 8.10227108002 14.6526556015 1.27604794502
      vertex 8.10227108002 14.6382961273 1.27604794502
    endloop
  endfacet
  facet normal 0 1 0
    outer loop
      vertex 8.13060665131 14.6382961273 1.27604794502
      vertex 8.13060665131 14.6526556015 1.27604794502
      vertex 8.11643886566 14.6382961273 1.27604794502
    endloop
  endfacet
  facet normal 0 1 0
    outer loop
      vertex 8.13060665131 14.6526556015 1.27604794502
      vertex 8.11643886566 14.6526556015 1.27604794502
      vertex 8.11643886566 14.6382961273 1.27604794502
    endloop
  endfacet
  facet normal 0 1 0
    outer loop
      vertex 8.1447725296 14.6382961273 1.27604794502
      vertex 8.1447725296 14.6526556015 1.27604794502
      vertex 8.13060665131 14.6382961273 1.27604794502
    endloop
  endfacet
  facet normal 0 1 0
    outer loop
      vertex 8.1447725296 14.6526556015 1.27604794502
      vertex 8.13060665131 14.6526556015 1.27604794502
      vertex 8.13060665131 14.6382961273 1.27604794502
    endloop
  endfacet
  facet normal 0 1 0
    outer loop
      vertex 8.15894126892 14.6382961273 1.27604794502
      vertex 8.15894126892 14.6526556015 1.27604794502
      vertex 8.1447725296 14.6382961273 1.27604794502
    endloop
  endfacet
  facet normal 0 1 0
    outer loop
      vertex 8.15894126892 14.6526556015 1.27604794502
      vertex 8.1447725296 14.6526556015 1.27604794502
      vertex 8.1447725296 14.6382961273 1.27604794502
    endloop
  endfacet
  facet normal 0 1 0
    outer loop
      vertex 8.17310905457 14.6382961273 1.27604794502
      vertex 8.17310905457 14.6526556015 1.27604794502
      vertex 8.15894126892 14.6382961273 1.27604794502
    endloop
  endfacet
  facet normal 0 1 0
    outer loop
      vertex 8.17310905457 14.6526556015 1.27604794502
      vertex 8.15894126892 14.6526556015 1.27604794502
      vertex 8.15894126892 14.6382961273 1.27604794502
    endloop
  endfacet
  facet normal 0 1 0
    outer loop
      vertex 8.18727684021 14.6382961273 1.27604794502
      vertex 8.17310905457 14.6526556015 1.27604794502
      vertex 8.17310905457 14.6382961273 1.27604794502
    endloop
  endfacet
  facet normal 0 1 0
    outer loop
      vertex 7.94642591476 14.6526556015 1.27604794502
      vertex 7.94642591476 14.6670160294 1.27604794502
      vertex 7.93225908279 14.6526556015 1.27604794502
    endloop
  endfacet
  facet normal 0 1 0
    outer loop
      vertex 7.94642591476 14.6670160294 1.27604794502
      vertex 7.93225908279 14.6670160294 1.27604794502
      vertex 7.93225908279 14.6526556015 1.27604794502
    endloop
  endfacet
  facet normal 0 1 0
    outer loop
      vertex 7.96059417725 14.6526556015 1.27604794502
      vertex 7.96059417725 14.6670160294 1.27604794502
      vertex 7.94642591476 14.6526556015 1.27604794502
    endloop
  endfacet
  facet normal 0 1 0
    outer loop
      vertex 7.96059417725 14.6670160294 1.27604794502
      vertex 7.94642591476 14.6670160294 1.27604794502
      vertex 7.94642591476 14.6526556015 1.27604794502
    endloop
  endfacet
  facet normal -0.635646522045 0.450252652168 -0.627077400684
    outer loop
      vertex 7.97476100922 14.6526556015 1.29604804516
      vertex 7.97476100922 14.6670160294 1.27604794502
      vertex 7.96059417725 14.6526556015 1.27604794502
    endloop
  endfacet
  facet normal 0 1 0
    outer loop
      vertex 7.97476100922 14.6670160294 1.27604794502
      vertex 7.96059417725 14.6670160294 1.27604794502
      vertex 7.96059417725 14.6526556015 1.27604794502
    endloop
  endfacet
  facet normal 0.635621130466 0.450264841318 -0.627094388008
    outer loop
      vertex 7.97476100922 14.6526556015 1.29604804516
      vertex 7.98892879486 14.6526556015 1.27604794502
      vertex 7.97476100922 14.6670160294 1.27604794502
    endloop
  endfacet
  facet normal 0 1 0
    outer loop
      vertex 7.98892879486 14.6526556015 1.27604794502
      vertex 7.98892879486 14.6670160294 1.27604794502
      vertex 7.97476100922 14.6670160294 1.27604794502
    endloop
  endfacet
  facet normal 0 1 0
    outer loop
      vertex 8.00309753418 14.6526556015 1.27604794502
      vertex 8.00309753418 14.6670160294 1.27604794502
      vertex 7.98892879486 14.6526556015 1.27604794502
    endloop
  endfacet
  facet normal 0 1 0
    outer loop
      vertex 8.00309753418 14.6670160294 1.27604794502
      vertex 7.98892879486 14.6670160294 1.27604794502
      vertex 7.98892879486 14.6526556015 1.27604794502
    endloop
  endfacet
  facet normal 0 1 0
    outer loop
      vertex 8.01726436615 14.6526556015 1.27604794502
      vertex 8.01726436615 14.6670160294 1.27604794502
      vertex 8.00309753418 14.6526556015 1.27604794502
    endloop
  endfacet
  facet normal 0 1 0
    outer loop
      vertex 8.01726436615 14.6670160294 1.27604794502
      vertex 8.00309753418 14.6670160294 1.27604794502
      vertex 8.00309753418 14.6526556015 1.27604794502
    endloop
  endfacet
  facet normal 0 1 0
    outer loop
      vertex 8.03143215179 14.6526556015 1.27604794502
      vertex 8.03143215179 14.6670160294 1.27604794502
      vertex 8.01726436615 14.6526556015 1.27604794502
    endloop
  endfacet
  facet normal 0 1 0
    outer loop
      vertex 8.03143215179 14.6670160294 1.27604794502
      vertex 8.01726436615 14.6670160294 1.27604794502
      vertex 8.01726436615 14.6526556015 1.27604794502
    endloop
  endfacet
  facet normal 0 1 0
    outer loop
      vertex 8.04559993744 14.6526556015 1.27604794502
      vertex 8.04559993744 14.6670160294 1.27604794502
      vertex 8.03143215179 14.6526556015 1.27604794502
    endloop
  endfacet
  facet normal 0 1 0
    outer loop
      vertex 8.04559993744 14.6670160294 1.27604794502
      vertex 8.03143215179 14.6670160294 1.27604794502
      vertex 8.03143215179 14.6526556015 1.27604794502
    endloop
  endfacet
  facet normal 0 1 0
    outer loop
      vertex 8.05976772308 14.6526556015 1.27604794502
      vertex 8.05976772308 14.6670160294 1.27604794502
      vertex 8.04559993744 14.6526556015 1.27604794502
    endloop
  endfacet
  facet normal 0 1 0
    outer loop
      vertex 8.05976772308 14.6670160294 1.27604794502
      vertex 8.04559993744 14.6670160294 1.27604794502
      vertex 8.04559993744 14.6526556015 1.27604794502
    endloop
  endfacet
  facet normal 0 1 0
    outer loop
      vertex 8.0739364624 14.6526556015 1.27604794502
      vertex 8.0739364624 14.6670160294 1.27604794502
      vertex 8.05976772308 14.6526556015 1.27604794502
    endloop
  endfacet
  facet normal 0 1 0
    outer loop
      vertex 8.0739364624 14.6670160294 1.27604794502
      vertex 8.05976772308 14.6670160294 1.27604794502
      vertex 8.05976772308 14.6526556015 1.27604794502
    endloop
  endfacet
  facet normal 0 1 0
    outer loop
      vertex 8.08810329437 14.6526556015 1.27604794502
      vertex 8.08810329437 14.6670160294 1.27604794502
      vertex 8.0739364624 14.6526556015 1.27604794502
    endloop
  endfacet
  facet normal 0 1 0
    outer loop
      vertex 8.08810329437 14.6670160294 1.27604794502
      vertex 8.0739364624 14.6670160294 1.27604794502
      vertex 8.0739364624 14.6526556015 1.27604794502
    endloop
  endfacet
  facet normal 0 1 0
    outer loop
      vertex 8.10227108002 14.6526556015 1.27604794502
      vertex 8.10227108002 14.6670160294 1.27604794502
      vertex 8.08810329437 14.6526556015 1.27604794502
    endloop
  endfacet
  facet normal 0 1 0
    outer loop
      vertex 8.10227108002 14.6670160294 1.27604794502
      vertex 8.08810329437 14.6670160294 1.27604794502
      vertex 8.08810329437 14.6526556015 1.27604794502
    endloop
  endfacet
  facet normal 0 1 0
    outer loop
      vertex 8.11643886566 14.6526556015 1.27604794502
      vertex 8.11643886566 14.6670160294 1.27604794502
      vertex 8.10227108002 14.6526556015 1.27604794502
    endloop
  endfacet
  facet normal 0 1 0
    outer loop
      vertex 8.11643886566 14.6670160294 1.27604794502
      vertex 8.10227108002 14.6670160294 1.27604794502
      vertex 8.10227108002 14.6526556015 1.27604794502
    endloop
  endfacet
  facet normal 0 1 0
    outer loop
      vertex 8.13060665131 14.6526556015 1.27604794502
      vertex 8.13060665131 14.6670160294 1.27604794502
      vertex 8.11643886566 14.6526556015 1.27604794502
    endloop
  endfacet
  facet normal 0 1 0
    outer loop
      vertex 8.13060665131 14.6670160294 1.27604794502
      vertex 8.11643886566 14.6670160294 1.27604794502
      vertex 8.11643886566 14.6526556015 1.27604794502
    endloop
  endfacet
  facet normal 0 1 0
    outer loop
      vertex 8.1447725296 14.6526556015 1.27604794502
      vertex 8.1447725296 14.6670160294 1.27604794502
      vertex 8.13060665131 14.6526556015 1.27604794502
    endloop
  endfacet
  facet normal 0 1 0
    outer loop
      vertex 8.1447725296 14.6670160294 1.27604794502
      vertex 8.13060665131 14.6670160294 1.27604794502
      vertex 8.13060665131 14.6526556015 1.27604794502
    endloop
  endfacet
  facet normal 0 1 0
    outer loop
      vertex 8.15894126892 14.6526556015 1.27604794502
      vertex 8.1447725296 14.6670160294 1.27604794502
      vertex 8.1447725296 14.6526556015 1.27604794502
    endloop
  endfacet
  facet normal 0 1 -0
    outer loop
      vertex 7.94642591476 14.6813764572 1.27604794502
      vertex 7.93225908279 14.6670160294 1.27604794502
      vertex 7.94642591476 14.6670160294 1.27604794502
    endloop
  endfacet
  facet normal 0 1 0
    outer loop
      vertex 7.96059417725 14.6670160294 1.27604794502
      vertex 7.96059417725 14.6813764572 1.27604794502
      vertex 7.94642591476 14.6670160294 1.27604794502
    endloop
  endfacet
  facet normal 0 1 0
    outer loop
      vertex 7.96059417725 14.6813764572 1.27604794502
      vertex 7.94642591476 14.6813764572 1.27604794502
      vertex 7.94642591476 14.6670160294 1.27604794502
    endloop
  endfacet
  facet normal 0 1 0
    outer loop
      vertex 7.97476100922 14.6670160294 1.27604794502
      vertex 7.97476100922 14.6813764572 1.27604794502
      vertex 7.96059417725 14.6670160294 1.27604794502
    endloop
  endfacet
  facet normal 0 1 0
    outer loop
      vertex 7.97476100922 14.6813764572 1.27604794502
      vertex 7.96059417725 14.6813764572 1.27604794502
      vertex 7.96059417725 14.6670160294 1.27604794502
    endloop
  endfacet
  facet normal 0 1 0
    outer loop
      vertex 7.98892879486 14.6670160294 1.27604794502
      vertex 7.98892879486 14.6813764572 1.27604794502
      vertex 7.97476100922 14.6670160294 1.27604794502
    endloop
  endfacet
  facet normal 0 1 0
    outer loop
      vertex 7.98892879486 14.6813764572 1.27604794502
      vertex 7.97476100922 14.6813764572 1.27604794502
      vertex 7.97476100922 14.6670160294 1.27604794502
    endloop
  endfacet
  facet normal 0 1 0
    outer loop
      vertex 8.00309753418 14.6670160294 1.27604794502
      vertex 8.00309753418 14.6813764572 1.27604794502
      vertex 7.98892879486 14.6670160294 1.27604794502
    endloop
  endfacet
  facet normal 0 1 0
    outer loop
      vertex 8.00309753418 14.6813764572 1.27604794502
      vertex 7.98892879486 14.6813764572 1.27604794502
      vertex 7.98892879486 14.6670160294 1.27604794502
    endloop
  endfacet
  facet normal 0 1 0
    outer loop
      vertex 8.01726436615 14.6670160294 1.27604794502
      vertex 8.01726436615 14.6813764572 1.27604794502
      vertex 8.00309753418 14.6670160294 1.27604794502
    endloop
  endfacet
  facet normal 0 1 0
    outer loop
      vertex 8.01726436615 14.6813764572 1.27604794502
      vertex 8.00309753418 14.6813764572 1.27604794502
      vertex 8.00309753418 14.6670160294 1.27604794502
    endloop
  endfacet
  facet normal 0 1 0
    outer loop
      vertex 8.03143215179 14.6670160294 1.27604794502
      vertex 8.03143215179 14.6813764572 1.27604794502
      vertex 8.01726436615 14.6670160294 1.27604794502
    endloop
  endfacet
  facet normal 0 1 0
    outer loop
      vertex 8.03143215179 14.6813764572 1.27604794502
      vertex 8.01726436615 14.6813764572 1.27604794502
      vertex 8.01726436615 14.6670160294 1.27604794502
    endloop
  endfacet
  facet normal 0 1 0
    outer loop
      vertex 8.04559993744 14.6670160294 1.27604794502
      vertex 8.04559993744 14.6813764572 1.27604794502
      vertex 8.03143215179 14.6670160294 1.27604794502
    endloop
  endfacet
  facet normal 0 1 0
    outer loop
      vertex 8.04559993744 14.6813764572 1.27604794502
      vertex 8.03143215179 14.6813764572 1.27604794502
      vertex 8.03143215179 14.6670160294 1.27604794502
    endloop
  endfacet
  facet normal 0 1 0
    outer loop
      vertex 8.05976772308 14.6670160294 1.27604794502
      vertex 8.04559993744 14.6813764572 1.27604794502
      vertex 8.04559993744 14.6670160294 1.27604794502
    endloop
  endfacet
  facet normal 0 1 -0
    outer loop
      vertex 8.0739364624 14.6813764572 1.27604794502
      vertex 8.05976772308 14.6670160294 1.27604794502
      vertex 8.0739364624 14.6670160294 1.27604794502
    endloop
  endfacet
  facet normal 0 1 0
    outer loop
      vertex 8.08810329437 14.6670160294 1.27604794502
      vertex 8.0739364624 14.6813764572 1.27604794502
      vertex 8.0739364624 14.6670160294 1.27604794502
    endloop
  endfacet
  facet normal 0 1 -0
    outer loop
      vertex 7.96059417725 14.6957349777 1.27604794502
      vertex 7.94642591476 14.6813764572 1.27604794502
      vertex 7.96059417725 14.6813764572 1.27604794502
    endloop
  endfacet
  facet normal 0 1 0
    outer loop
      vertex 7.97476100922 14.6813764572 1.27604794502
      vertex 7.97476100922 14.6957349777 1.27604794502
      vertex 7.96059417725 14.6813764572 1.27604794502
    endloop
  endfacet
  facet normal 0 1 0
    outer loop
      vertex 7.97476100922 14.6957349777 1.27604794502
      vertex 7.96059417725 14.6957349777 1.27604794502
      vertex 7.96059417725 14.6813764572 1.27604794502
    endloop
  endfacet
  facet normal 0 1 0
    outer loop
      vertex 7.98892879486 14.6813764572 1.27604794502
      vertex 7.98892879486 14.6957349777 1.27604794502
      vertex 7.97476100922 14.6813764572 1.27604794502
    endloop
  endfacet
  facet normal 0 1 0
    outer loop
      vertex 7.98892879486 14.6957349777 1.27604794502
      vertex 7.97476100922 14.6957349777 1.27604794502
      vertex 7.97476100922 14.6813764572 1.27604794502
    endloop
  endfacet
  facet normal 0 1 0
    outer loop
      vertex 8.00309753418 14.6813764572 1.27604794502
      vertex 7.98892879486 14.6957349777 1.27604794502
      vertex 7.98892879486 14.6813764572 1.27604794502
    endloop
  endfacet
  facet normal 0 1 -0
    outer loop
      vertex 8.01726436615 14.6957349777 1.27604794502
      vertex 8.00309753418 14.6813764572 1.27604794502
      vertex 8.01726436615 14.6813764572 1.27604794502
    endloop
  endfacet
  facet normal 0 1 0
    outer loop
      vertex 8.03143215179 14.6813764572 1.27604794502
      vertex 8.01726436615 14.6957349777 1.27604794502
      vertex 8.01726436615 14.6813764572 1.27604794502
    endloop
  endfacet
  facet normal 0 1 -0
    outer loop
      vertex 7.97476100922 14.7100944519 1.27604794502
      vertex 7.96059417725 14.6957349777 1.27604794502
      vertex 7.97476100922 14.6957349777 1.27604794502
    endloop
  endfacet
  facet normal 0 1 0
    outer loop
      vertex 7.98892879486 14.6957349777 1.27604794502
      vertex 7.97476100922 14.7100944519 1.27604794502
      vertex 7.97476100922 14.6957349777 1.27604794502
    endloop
  endfacet
  facet normal 0 0.583221077919 0.812313437462
    outer loop
      vertex 8.11643886566 14.5234184265 1.31604802608
      vertex 8.10227108002 14.5234184265 1.31604802608
      vertex 8.11643886566 14.5090589523 1.29604804516
    endloop
  endfacet
  facet normal 0.572995662689 0.287088811398 0.76763010025
    outer loop
      vertex 8.1447725296 14.5234184265 1.31604802608
      vertex 8.13738632202 14.514840126 1.30785298347
      vertex 8.14357662201 14.5177621841 1.30331099033
    endloop
  endfacet
  facet normal 0 0.159344404936 0.987223029137
    outer loop
      vertex 8.15894126892 14.5234184265 1.31604802608
      vertex 8.1447725296 14.5234184265 1.31604802608
      vertex 8.15425109863 14.5215835571 1.30467998981
    endloop
  endfacet
  facet normal 3.81609683998e-17 -0.221309885383 0.975203514099
    outer loop
      vertex 8.1508731842 14.5197944641 1.29201698303
      vertex 8.1447725296 14.5234184265 1.27604794502
      vertex 8.15894126892 14.5234184265 1.27604794502
    endloop
  endfacet
  facet normal 0.331624567509 0.04467799142 0.942352890968
    outer loop
      vertex 8.15425109863 14.5215835571 1.30467998981
      vertex 8.14357662201 14.5177621841 1.30331099033
      vertex 8.1508731842 14.5197944641 1.29201698303
    endloop
  endfacet
  facet normal 0.182267725468 -0.129115834832 0.974734604359
    outer loop
      vertex 8.17310905457 14.5234184265 1.29604804516
      vertex 8.1508731842 14.5197944641 1.29201698303
      vertex 8.15894126892 14.5234184265 1.27604794502
    endloop
  endfacet
  facet normal 0 0 1
    outer loop
      vertex 8.03143215179 14.5234184265 1.31604802608
      vertex 8.01726436615 14.5234184265 1.29604804516
      vertex 8.03143215179 14.5234184265 1.29604804516
    endloop
  endfacet
  facet normal -0.635603964329 0.450255602598 0.62711840868
    outer loop
      vertex 8.04559993744 14.5090589523 1.29604804516
      vertex 8.04559993744 14.5234184265 1.31604802608
      vertex 8.03143215179 14.5234184265 1.29604804516
    endloop
  endfacet
  facet normal 0 0 1
    outer loop
      vertex 8.04559993744 14.5234184265 1.31604802608
      vertex 8.03143215179 14.5234184265 1.31604802608
      vertex 8.03143215179 14.5234184265 1.29604804516
    endloop
  endfacet
  facet normal 0 0.583221077919 0.812313437462
    outer loop
      vertex 8.05976772308 14.5090589523 1.29604804516
      vertex 8.04559993744 14.5234184265 1.31604802608
      vertex 8.04559993744 14.5090589523 1.29604804516
    endloop
  endfacet
  facet normal 0 0.583221077919 0.812313437462
    outer loop
      vertex 8.05976772308 14.5234184265 1.31604802608
      vertex 8.04559993744 14.5234184265 1.31604802608
      vertex 8.05976772308 14.5090589523 1.29604804516
    endloop
  endfacet
  facet normal 0 0.583221077919 0.812313437462
    outer loop
      vertex 8.0739364624 14.5090589523 1.29604804516
      vertex 8.05976772308 14.5234184265 1.31604802608
      vertex 8.05976772308 14.5090589523 1.29604804516
    endloop
  endfacet
  facet normal 0 0.583221077919 0.812313437462
    outer loop
      vertex 8.0739364624 14.5234184265 1.31604802608
      vertex 8.05976772308 14.5234184265 1.31604802608
      vertex 8.0739364624 14.5090589523 1.29604804516
    endloop
  endfacet
  facet normal 0 0.583221077919 0.812313437462
    outer loop
      vertex 8.08810329437 14.5090589523 1.29604804516
      vertex 8.0739364624 14.5234184265 1.31604802608
      vertex 8.0739364624 14.5090589523 1.29604804516
    endloop
  endfacet
  facet normal 0 0.583221077919 0.812313437462
    outer loop
      vertex 8.08810329437 14.5234184265 1.31604802608
      vertex 8.0739364624 14.5234184265 1.31604802608
      vertex 8.08810329437 14.5090589523 1.29604804516
    endloop
  endfacet
  facet normal 0 0.583221077919 0.812313437462
    outer loop
      vertex 8.10227108002 14.5090589523 1.29604804516
      vertex 8.08810329437 14.5234184265 1.31604802608
      vertex 8.08810329437 14.5090589523 1.29604804516
    endloop
  endfacet
  facet normal 0 0.583221077919 0.812313437462
    outer loop
      vertex 8.10227108002 14.5234184265 1.31604802608
      vertex 8.08810329437 14.5234184265 1.31604802608
      vertex 8.10227108002 14.5090589523 1.29604804516
    endloop
  endfacet
  facet normal 0 0.583221077919 0.812313437462
    outer loop
      vertex 8.11643886566 14.5090589523 1.29604804516
      vertex 8.10227108002 14.5234184265 1.31604802608
      vertex 8.10227108002 14.5090589523 1.29604804516
    endloop
  endfacet
  facet normal 0 0 1
    outer loop
      vertex 8.13060665131 14.5090589523 1.31604802608
      vertex 8.11643886566 14.5090589523 1.29604804516
      vertex 8.13060665131 14.5090589523 1.29604804516
    endloop
  endfacet
  facet normal 0 0 1
    outer loop
      vertex 8.20144462585 14.5234184265 1.27604794502
      vertex 8.2156124115 14.5234184265 1.29604804516
      vertex 8.20144462585 14.5234184265 1.29604804516
    endloop
  endfacet
  facet normal 0 -0 1
    outer loop
      vertex 8.17310905457 14.5234184265 1.27604794502
      vertex 8.17310905457 14.5234184265 1.29604804516
      vertex 8.15894126892 14.5234184265 1.27604794502
    endloop
  endfacet
  facet normal 0.48672491312 0.159917622805 0.858792901039
    outer loop
      vertex 8.13060665131 14.5090589523 1.29604804516
      vertex 8.1508731842 14.5197944641 1.29201698303
      vertex 8.14357662201 14.5177621841 1.30331099033
    endloop
  endfacet
  facet normal 0.385892748833 -0.341875851154 0.856859207153
    outer loop
      vertex 8.13060665131 14.5090589523 1.29604804516
      vertex 8.1447725296 14.5234184265 1.27604794502
      vertex 8.1508731842 14.5197944641 1.29201698303
    endloop
  endfacet
  facet normal 0.708797752857 0.0931023582816 0.699240803719
    outer loop
      vertex 8.1447725296 14.5234184265 1.31604802608
      vertex 8.13060665131 14.5090589523 1.31604802608
      vertex 8.13738632202 14.514840126 1.30785298347
    endloop
  endfacet
  facet normal -1 0 -0
    outer loop
      vertex 8.18727684021 14.5090589523 1.29604804516
      vertex 8.18727684021 14.5234184265 1.29604804516
      vertex 8.18727684021 14.5234184265 1.27604794502
    endloop
  endfacet
  facet normal 0.500485360622 0.131616681814 0.85568189621
    outer loop
      vertex 8.13060665131 14.5090589523 1.29604804516
      vertex 8.14357662201 14.5177621841 1.30331099033
      vertex 8.13738632202 14.514840126 1.30785298347
    endloop
  endfacet
  facet normal 0.141798302531 0.100448518991 0.984785914421
    outer loop
      vertex 8.15894126892 14.5234184265 1.31604802608
      vertex 8.15425109863 14.5215835571 1.30467998981
      vertex 8.17310905457 14.5234184265 1.29604804516
    endloop
  endfacet
  facet normal 0 -0 1
    outer loop
      vertex 8.2156124115 14.5234184265 1.27604794502
      vertex 8.2156124115 14.5234184265 1.29604804516
      vertex 8.20144462585 14.5234184265 1.27604794502
    endloop
  endfacet
  facet normal -0.635577976704 0.450267553329 0.627136170864
    outer loop
      vertex 8.00309753418 14.5234184265 1.29604804516
      vertex 8.00309753418 14.5377779007 1.31604802608
      vertex 7.98892879486 14.5377779007 1.29604804516
    endloop
  endfacet
  facet normal 0 0.583220422268 0.812313973904
    outer loop
      vertex 8.01726436615 14.5234184265 1.29604804516
      vertex 8.00309753418 14.5377779007 1.31604802608
      vertex 8.00309753418 14.5234184265 1.29604804516
    endloop
  endfacet
  facet normal 0 0.583220422268 0.812313973904
    outer loop
      vertex 8.01726436615 14.5377779007 1.31604802608
      vertex 8.00309753418 14.5377779007 1.31604802608
      vertex 8.01726436615 14.5234184265 1.29604804516
    endloop
  endfacet
  facet normal -0.635603547096 0.450255274773 0.627119064331
    outer loop
      vertex 8.03143215179 14.5234184265 1.31604802608
      vertex 8.01726436615 14.5377779007 1.31604802608
      vertex 8.01726436615 14.5234184265 1.29604804516
    endloop
  endfacet
  facet normal 0 0 1
    outer loop
      vertex 8.18727684021 14.5234184265 1.27604794502
      vertex 8.20144462585 14.5234184265 1.27604794502
      vertex 8.20144462585 14.5234184265 1.29604804516
    endloop
  endfacet
  facet normal 0.635604798794 -0.450253278017 0.62711918354
    outer loop
      vertex 8.18727684021 14.5090589523 1.29604804516
      vertex 8.18727684021 14.5234184265 1.27604794502
      vertex 8.20144462585 14.5234184265 1.29604804516
    endloop
  endfacet
  facet normal 0 -0.583218634129 0.812315225601
    outer loop
      vertex 8.1447725296 14.5234184265 1.27604794502
      vertex 8.13060665131 14.5090589523 1.29604804516
      vertex 8.13060665131 14.5234184265 1.27604794502
    endloop
  endfacet
  facet normal 0 -0.583218634129 0.812315225601
    outer loop
      vertex 8.13060665131 14.5090589523 1.29604804516
      vertex 8.11643886566 14.5090589523 1.29604804516
      vertex 8.13060665131 14.5234184265 1.27604794502
    endloop
  endfacet
  facet normal 0 -0.583218634129 0.812315225601
    outer loop
      vertex 8.13060665131 14.5234184265 1.27604794502
      vertex 8.11643886566 14.5090589523 1.29604804516
      vertex 8.11643886566 14.5234184265 1.27604794502
    endloop
  endfacet
  facet normal -0 -1 0
    outer loop
      vertex 8.11643886566 14.5090589523 1.29604804516
      vertex 8.10227108002 14.5090589523 1.29604804516
      vertex 8.10227108002 14.5234184265 1.29604804516
    endloop
  endfacet
  facet normal -0.635604798794 -0.450253278017 0.62711918354
    outer loop
      vertex 8.11643886566 14.5234184265 1.27604794502
      vertex 8.11643886566 14.5090589523 1.29604804516
      vertex 8.10227108002 14.5234184265 1.29604804516
    endloop
  endfacet
  facet normal 0 1 0
    outer loop
      vertex 8.2156124115 14.5234184265 1.29604804516
      vertex 8.22978019714 14.5377779007 1.29604804516
      vertex 8.2156124115 14.5377779007 1.29604804516
    endloop
  endfacet
  facet normal -0.635620296001 0.450267165899 0.627093553543
    outer loop
      vertex 7.98892879486 14.5377779007 1.29604804516
      vertex 7.98892879486 14.5521383286 1.31604802608
      vertex 7.97476100922 14.5521383286 1.29604804516
    endloop
  endfacet
  facet normal -0.635594725609 0.450279444456 0.627110660076
    outer loop
      vertex 8.00309753418 14.5377779007 1.31604802608
      vertex 7.98892879486 14.5521383286 1.31604802608
      vertex 7.98892879486 14.5377779007 1.29604804516
    endloop
  endfacet
  facet normal -0.635620355606 -0.45026704669 0.627093613148
    outer loop
      vertex 8.20144462585 14.5377779007 1.2560479641
      vertex 8.18727684021 14.5377779007 1.27604794502
      vertex 8.18727684021 14.5521383286 1.2560479641
    endloop
  endfacet
  facet normal 0 -0.58324611187 0.812295496464
    outer loop
      vertex 8.18727684021 14.5377779007 1.27604794502
      vertex 8.17310905457 14.5377779007 1.27604794502
      vertex 8.18727684021 14.5521383286 1.2560479641
    endloop
  endfacet
  facet normal 0 -0.58324611187 0.812295496464
    outer loop
      vertex 8.18727684021 14.5521383286 1.2560479641
      vertex 8.17310905457 14.5377779007 1.27604794502
      vertex 8.17310905457 14.5521383286 1.2560479641
    endloop
  endfacet
  facet normal 0 -0.58324611187 0.812295496464
    outer loop
      vertex 8.17310905457 14.5377779007 1.27604794502
      vertex 8.15894126892 14.5377779007 1.27604794502
      vertex 8.17310905457 14.5521383286 1.2560479641
    endloop
  endfacet
  facet normal 0 1 0
    outer loop
      vertex 8.22978019714 14.5377779007 1.29604804516
      vertex 8.22978019714 14.5521383286 1.29604804516
      vertex 8.2156124115 14.5377779007 1.29604804516
    endloop
  endfacet
  facet normal 0 1 0
    outer loop
      vertex 8.22978019714 14.5521383286 1.29604804516
      vertex 8.2156124115 14.5521383286 1.29604804516
      vertex 8.2156124115 14.5377779007 1.29604804516
    endloop
  endfacet
  facet normal -0.635629177094 0.450243234634 0.627101719379
    outer loop
      vertex 7.97476100922 14.5521383286 1.29604804516
      vertex 7.97476100922 14.5664978027 1.31604802608
      vertex 7.96059417725 14.5664978027 1.29604804516
    endloop
  endfacet
  facet normal -0.635603785515 0.450255423784 0.627118706703
    outer loop
      vertex 7.98892879486 14.5521383286 1.31604802608
      vertex 7.97476100922 14.5664978027 1.31604802608
      vertex 7.97476100922 14.5521383286 1.29604804516
    endloop
  endfacet
  facet normal 0.635603785515 0.450255423784 -0.627118706703
    outer loop
      vertex 8.17310905457 14.5664978027 1.29604804516
      vertex 8.15894126892 14.5664978027 1.31604802608
      vertex 8.17310905457 14.5521383286 1.31604802608
    endloop
  endfacet
  facet normal 0 0.583220779896 -0.81231367588
    outer loop
      vertex 8.17310905457 14.5664978027 1.29604804516
      vertex 8.18727684021 14.5521383286 1.31604802608
      vertex 8.18727684021 14.5664978027 1.29604804516
    endloop
  endfacet
  facet normal 0 0.583220779896 -0.81231367588
    outer loop
      vertex 8.17310905457 14.5521383286 1.31604802608
      vertex 8.18727684021 14.5521383286 1.31604802608
      vertex 8.17310905457 14.5664978027 1.29604804516
    endloop
  endfacet
  facet normal 0.635603785515 0.450255423784 -0.627118706703
    outer loop
      vertex 8.18727684021 14.5521383286 1.31604802608
      vertex 8.20144462585 14.5521383286 1.29604804516
      vertex 8.18727684021 14.5664978027 1.29604804516
    endloop
  endfacet
  facet normal 0 1 0
    outer loop
      vertex 8.20144462585 14.5521383286 1.29604804516
      vertex 8.20144462585 14.5664978027 1.29604804516
      vertex 8.18727684021 14.5664978027 1.29604804516
    endloop
  endfacet
  facet normal 0 1 0
    outer loop
      vertex 8.2156124115 14.5521383286 1.29604804516
      vertex 8.2156124115 14.5664978027 1.29604804516
      vertex 8.20144462585 14.5521383286 1.29604804516
    endloop
  endfacet
  facet normal 0 1 0
    outer loop
      vertex 8.2156124115 14.5664978027 1.29604804516
      vertex 8.20144462585 14.5664978027 1.29604804516
      vertex 8.20144462585 14.5521383286 1.29604804516
    endloop
  endfacet
  facet normal 0 1 0
    outer loop
      vertex 8.22978019714 14.5521383286 1.29604804516
      vertex 8.22978019714 14.5664978027 1.29604804516
      vertex 8.2156124115 14.5521383286 1.29604804516
    endloop
  endfacet
  facet normal 0 1 0
    outer loop
      vertex 8.22978019714 14.5664978027 1.29604804516
      vertex 8.2156124115 14.5664978027 1.29604804516
      vertex 8.2156124115 14.5521383286 1.29604804516
    endloop
  endfacet
  facet normal -0.816020905972 0.578022420406 0
    outer loop
      vertex 7.97476100922 14.5808572769 1.31604802608
      vertex 7.96059417725 14.5664978027 1.29604804516
      vertex 7.97476100922 14.5664978027 1.31604802608
    endloop
  endfacet
  facet normal -0.816020905972 0.578022420406 0
    outer loop
      vertex 7.96059417725 14.5808572769 1.29604804516
      vertex 7.96059417725 14.5664978027 1.29604804516
      vertex 7.97476100922 14.5808572769 1.31604802608
    endloop
  endfacet
  facet normal 0.63560372591 0.450255453587 -0.627118766308
    outer loop
      vertex 8.13060665131 14.5808572769 1.29604804516
      vertex 8.11643886566 14.5808572769 1.31604802608
      vertex 8.13060665131 14.5664978027 1.31604802608
    endloop
  endfacet
  facet normal 0 0.583220779896 -0.81231367588
    outer loop
      vertex 8.13060665131 14.5808572769 1.29604804516
      vertex 8.1447725296 14.5664978027 1.31604802608
      vertex 8.1447725296 14.5808572769 1.29604804516
    endloop
  endfacet
  facet normal 0 0.583220779896 -0.81231367588
    outer loop
      vertex 8.13060665131 14.5664978027 1.31604802608
      vertex 8.1447725296 14.5664978027 1.31604802608
      vertex 8.13060665131 14.5808572769 1.29604804516
    endloop
  endfacet
  facet normal 0 0.583220779896 -0.81231367588
    outer loop
      vertex 8.1447725296 14.5808572769 1.29604804516
      vertex 8.15894126892 14.5664978027 1.31604802608
      vertex 8.15894126892 14.5808572769 1.29604804516
    endloop
  endfacet
  facet normal 0 0.583220779896 -0.81231367588
    outer loop
      vertex 8.1447725296 14.5664978027 1.31604802608
      vertex 8.15894126892 14.5664978027 1.31604802608
      vertex 8.1447725296 14.5808572769 1.29604804516
    endloop
  endfacet
  facet normal 0.635603785515 0.450255423784 -0.627118706703
    outer loop
      vertex 8.15894126892 14.5664978027 1.31604802608
      vertex 8.17310905457 14.5664978027 1.29604804516
      vertex 8.15894126892 14.5808572769 1.29604804516
    endloop
  endfacet
  facet normal 0 1 0
    outer loop
      vertex 8.17310905457 14.5664978027 1.29604804516
      vertex 8.17310905457 14.5808572769 1.29604804516
      vertex 8.15894126892 14.5808572769 1.29604804516
    endloop
  endfacet
  facet normal 0 1 0
    outer loop
      vertex 8.18727684021 14.5664978027 1.29604804516
      vertex 8.18727684021 14.5808572769 1.29604804516
      vertex 8.17310905457 14.5664978027 1.29604804516
    endloop
  endfacet
  facet normal 0 1 0
    outer loop
      vertex 8.18727684021 14.5808572769 1.29604804516
      vertex 8.17310905457 14.5808572769 1.29604804516
      vertex 8.17310905457 14.5664978027 1.29604804516
    endloop
  endfacet
  facet normal 0 1 0
    outer loop
      vertex 8.20144462585 14.5664978027 1.29604804516
      vertex 8.20144462585 14.5808572769 1.29604804516
      vertex 8.18727684021 14.5664978027 1.29604804516
    endloop
  endfacet
  facet normal 0 1 0
    outer loop
      vertex 8.20144462585 14.5808572769 1.29604804516
      vertex 8.18727684021 14.5808572769 1.29604804516
      vertex 8.18727684021 14.5664978027 1.29604804516
    endloop
  endfacet
  facet normal 0 1 0
    outer loop
      vertex 8.2156124115 14.5664978027 1.29604804516
      vertex 8.2156124115 14.5808572769 1.29604804516
      vertex 8.20144462585 14.5664978027 1.29604804516
    endloop
  endfacet
  facet normal 0 1 0
    outer loop
      vertex 8.2156124115 14.5808572769 1.29604804516
      vertex 8.20144462585 14.5808572769 1.29604804516
      vertex 8.20144462585 14.5664978027 1.29604804516
    endloop
  endfacet
  facet normal 0 1 0
    outer loop
      vertex 8.22978019714 14.5664978027 1.29604804516
      vertex 8.2156124115 14.5808572769 1.29604804516
      vertex 8.2156124115 14.5664978027 1.29604804516
    endloop
  endfacet
  facet normal -0.816020905972 0.578022420406 0
    outer loop
      vertex 7.97476100922 14.5952167511 1.31604802608
      vertex 7.96059417725 14.5808572769 1.29604804516
      vertex 7.97476100922 14.5808572769 1.31604802608
    endloop
  endfacet
  facet normal -0.816020905972 0.578022420406 0
    outer loop
      vertex 7.96059417725 14.5952167511 1.29604804516
      vertex 7.96059417725 14.5808572769 1.29604804516
      vertex 7.97476100922 14.5952167511 1.31604802608
    endloop
  endfacet
  facet normal 0.635603785515 0.450255423784 -0.627118706703
    outer loop
      vertex 8.04559993744 14.5952167511 1.29604804516
      vertex 8.03143215179 14.5952167511 1.31604802608
      vertex 8.04559993744 14.5808572769 1.31604802608
    endloop
  endfacet
  facet normal 0 0.583220779896 -0.81231367588
    outer loop
      vertex 8.04559993744 14.5952167511 1.29604804516
      vertex 8.05976772308 14.5808572769 1.31604802608
      vertex 8.05976772308 14.5952167511 1.29604804516
    endloop
  endfacet
  facet normal 0 0.583220779896 -0.81231367588
    outer loop
      vertex 8.04559993744 14.5808572769 1.31604802608
      vertex 8.05976772308 14.5808572769 1.31604802608
      vertex 8.04559993744 14.5952167511 1.29604804516
    endloop
  endfacet
  facet normal 0 0.583220779896 -0.81231367588
    outer loop
      vertex 8.05976772308 14.5952167511 1.29604804516
      vertex 8.0739364624 14.5808572769 1.31604802608
      vertex 8.0739364624 14.5952167511 1.29604804516
    endloop
  endfacet
  facet normal 0 0.583220779896 -0.81231367588
    outer loop
      vertex 8.05976772308 14.5808572769 1.31604802608
      vertex 8.0739364624 14.5808572769 1.31604802608
      vertex 8.05976772308 14.5952167511 1.29604804516
    endloop
  endfacet
  facet normal 0 0.583220779896 -0.81231367588
    outer loop
      vertex 8.0739364624 14.5952167511 1.29604804516
      vertex 8.08810329437 14.5808572769 1.31604802608
      vertex 8.08810329437 14.5952167511 1.29604804516
    endloop
  endfacet
  facet normal 0 0.583220779896 -0.81231367588
    outer loop
      vertex 8.0739364624 14.5808572769 1.31604802608
      vertex 8.08810329437 14.5808572769 1.31604802608
      vertex 8.0739364624 14.5952167511 1.29604804516
    endloop
  endfacet
  facet normal 0 0.583220779896 -0.81231367588
    outer loop
      vertex 8.08810329437 14.5952167511 1.29604804516
      vertex 8.10227108002 14.5808572769 1.31604802608
      vertex 8.10227108002 14.5952167511 1.29604804516
    endloop
  endfacet
  facet normal 0 0.583220779896 -0.81231367588
    outer loop
      vertex 8.08810329437 14.5808572769 1.31604802608
      vertex 8.10227108002 14.5808572769 1.31604802608
      vertex 8.08810329437 14.5952167511 1.29604804516
    endloop
  endfacet
  facet normal 0 0.583220779896 -0.81231367588
    outer loop
      vertex 8.10227108002 14.5952167511 1.29604804516
      vertex 8.11643886566 14.5808572769 1.31604802608
      vertex 8.11643886566 14.5952167511 1.29604804516
    endloop
  endfacet
  facet normal 0 0.583220779896 -0.81231367588
    outer loop
      vertex 8.10227108002 14.5808572769 1.31604802608
      vertex 8.11643886566 14.5808572769 1.31604802608
      vertex 8.10227108002 14.5952167511 1.29604804516
    endloop
  endfacet
  facet normal 0.63560372591 0.450255453587 -0.627118766308
    outer loop
      vertex 8.11643886566 14.5808572769 1.31604802608
      vertex 8.13060665131 14.5808572769 1.29604804516
      vertex 8.11643886566 14.5952167511 1.29604804516
    endloop
  endfacet
  facet normal 0 1 0
    outer loop
      vertex 8.13060665131 14.5808572769 1.29604804516
      vertex 8.13060665131 14.5952167511 1.29604804516
      vertex 8.11643886566 14.5952167511 1.29604804516
    endloop
  endfacet
  facet normal 0 1 0
    outer loop
      vertex 8.1447725296 14.5808572769 1.29604804516
      vertex 8.1447725296 14.5952167511 1.29604804516
      vertex 8.13060665131 14.5808572769 1.29604804516
    endloop
  endfacet
  facet normal 0 1 0
    outer loop
      vertex 8.1447725296 14.5952167511 1.29604804516
      vertex 8.13060665131 14.5952167511 1.29604804516
      vertex 8.13060665131 14.5808572769 1.29604804516
    endloop
  endfacet
  facet normal 0 1 0
    outer loop
      vertex 8.15894126892 14.5808572769 1.29604804516
      vertex 8.15894126892 14.5952167511 1.29604804516
      vertex 8.1447725296 14.5808572769 1.29604804516
    endloop
  endfacet
  facet normal 0 1 0
    outer loop
      vertex 8.15894126892 14.5952167511 1.29604804516
      vertex 8.1447725296 14.5952167511 1.29604804516
      vertex 8.1447725296 14.5808572769 1.29604804516
    endloop
  endfacet
  facet normal 0 1 0
    outer loop
      vertex 8.17310905457 14.5808572769 1.29604804516
      vertex 8.17310905457 14.5952167511 1.29604804516
      vertex 8.15894126892 14.5808572769 1.29604804516
    endloop
  endfacet
  facet normal 0 1 0
    outer loop
      vertex 8.17310905457 14.5952167511 1.29604804516
      vertex 8.15894126892 14.5952167511 1.29604804516
      vertex 8.15894126892 14.5808572769 1.29604804516
    endloop
  endfacet
  facet normal 0 1 0
    outer loop
      vertex 8.18727684021 14.5808572769 1.29604804516
      vertex 8.18727684021 14.5952167511 1.29604804516
      vertex 8.17310905457 14.5808572769 1.29604804516
    endloop
  endfacet
  facet normal 0 1 0
    outer loop
      vertex 8.18727684021 14.5952167511 1.29604804516
      vertex 8.17310905457 14.5952167511 1.29604804516
      vertex 8.17310905457 14.5808572769 1.29604804516
    endloop
  endfacet
  facet normal 0 1 0
    outer loop
      vertex 8.20144462585 14.5808572769 1.29604804516
      vertex 8.20144462585 14.5952167511 1.29604804516
      vertex 8.18727684021 14.5808572769 1.29604804516
    endloop
  endfacet
  facet normal 0 1 0
    outer loop
      vertex 8.20144462585 14.5952167511 1.29604804516
      vertex 8.18727684021 14.5952167511 1.29604804516
      vertex 8.18727684021 14.5808572769 1.29604804516
    endloop
  endfacet
  facet normal 0 1 0
    outer loop
      vertex 8.2156124115 14.5808572769 1.29604804516
      vertex 8.2156124115 14.5952167511 1.29604804516
      vertex 8.20144462585 14.5808572769 1.29604804516
    endloop
  endfacet
  facet normal 0 1 0
    outer loop
      vertex 8.2156124115 14.5952167511 1.29604804516
      vertex 8.20144462585 14.5952167511 1.29604804516
      vertex 8.20144462585 14.5808572769 1.29604804516
    endloop
  endfacet
  facet normal 0 1 0
    outer loop
      vertex 7.94642591476 14.609577179 1.29604804516
      vertex 7.96059417725 14.5952167511 1.29604804516
      vertex 7.96059417725 14.609577179 1.29604804516
    endloop
  endfacet
  facet normal -0.63564568758 0.450254946947 -0.627076566219
    outer loop
      vertex 7.97476100922 14.5952167511 1.31604802608
      vertex 7.97476100922 14.609577179 1.29604804516
      vertex 7.96059417725 14.5952167511 1.29604804516
    endloop
  endfacet
  facet normal 0 1 0
    outer loop
      vertex 7.97476100922 14.609577179 1.29604804516
      vertex 7.96059417725 14.609577179 1.29604804516
      vertex 7.96059417725 14.5952167511 1.29604804516
    endloop
  endfacet
  facet normal 0 0.583246231079 -0.812295436859
    outer loop
      vertex 7.97476100922 14.609577179 1.29604804516
      vertex 7.98892879486 14.5952167511 1.31604802608
      vertex 7.98892879486 14.609577179 1.29604804516
    endloop
  endfacet
  facet normal 0 0.583246231079 -0.812295436859
    outer loop
      vertex 7.97476100922 14.5952167511 1.31604802608
      vertex 7.98892879486 14.5952167511 1.31604802608
      vertex 7.97476100922 14.609577179 1.29604804516
    endloop
  endfacet
  facet normal 0 0.583246231079 -0.812295436859
    outer loop
      vertex 7.98892879486 14.609577179 1.29604804516
      vertex 8.00309753418 14.5952167511 1.31604802608
      vertex 8.00309753418 14.609577179 1.29604804516
    endloop
  endfacet
  facet normal 0 0.583246231079 -0.812295436859
    outer loop
      vertex 7.98892879486 14.5952167511 1.31604802608
      vertex 8.00309753418 14.5952167511 1.31604802608
      vertex 7.98892879486 14.609577179 1.29604804516
    endloop
  endfacet
  facet normal 0 0.583246231079 -0.812295436859
    outer loop
      vertex 8.00309753418 14.609577179 1.29604804516
      vertex 8.01726436615 14.5952167511 1.31604802608
      vertex 8.01726436615 14.609577179 1.29604804516
    endloop
  endfacet
  facet normal 0 0.583246231079 -0.812295436859
    outer loop
      vertex 8.00309753418 14.5952167511 1.31604802608
      vertex 8.01726436615 14.5952167511 1.31604802608
      vertex 8.00309753418 14.609577179 1.29604804516
    endloop
  endfacet
  facet normal 0 0.583246231079 -0.812295436859
    outer loop
      vertex 8.01726436615 14.609577179 1.29604804516
      vertex 8.03143215179 14.5952167511 1.31604802608
      vertex 8.03143215179 14.609577179 1.29604804516
    endloop
  endfacet
  facet normal 0 0.583246231079 -0.812295436859
    outer loop
      vertex 8.01726436615 14.5952167511 1.31604802608
      vertex 8.03143215179 14.5952167511 1.31604802608
      vertex 8.01726436615 14.609577179 1.29604804516
    endloop
  endfacet
  facet normal 0.635620296001 0.450267165899 -0.627093553543
    outer loop
      vertex 8.03143215179 14.5952167511 1.31604802608
      vertex 8.04559993744 14.5952167511 1.29604804516
      vertex 8.03143215179 14.609577179 1.29604804516
    endloop
  endfacet
  facet normal 0 1 0
    outer loop
      vertex 8.04559993744 14.5952167511 1.29604804516
      vertex 8.04559993744 14.609577179 1.29604804516
      vertex 8.03143215179 14.609577179 1.29604804516
    endloop
  endfacet
  facet normal 0 1 0
    outer loop
      vertex 8.05976772308 14.5952167511 1.29604804516
      vertex 8.05976772308 14.609577179 1.29604804516
      vertex 8.04559993744 14.5952167511 1.29604804516
    endloop
  endfacet
  facet normal 0 1 0
    outer loop
      vertex 8.05976772308 14.609577179 1.29604804516
      vertex 8.04559993744 14.609577179 1.29604804516
      vertex 8.04559993744 14.5952167511 1.29604804516
    endloop
  endfacet
  facet normal 0 1 0
    outer loop
      vertex 8.0739364624 14.5952167511 1.29604804516
      vertex 8.0739364624 14.609577179 1.29604804516
      vertex 8.05976772308 14.5952167511 1.29604804516
    endloop
  endfacet
  facet normal 0 1 0
    outer loop
      vertex 8.0739364624 14.609577179 1.29604804516
      vertex 8.05976772308 14.609577179 1.29604804516
      vertex 8.05976772308 14.5952167511 1.29604804516
    endloop
  endfacet
  facet normal 0 1 0
    outer loop
      vertex 8.08810329437 14.5952167511 1.29604804516
      vertex 8.08810329437 14.609577179 1.29604804516
      vertex 8.0739364624 14.5952167511 1.29604804516
    endloop
  endfacet
  facet normal 0 1 0
    outer loop
      vertex 8.08810329437 14.609577179 1.29604804516
      vertex 8.0739364624 14.609577179 1.29604804516
      vertex 8.0739364624 14.5952167511 1.29604804516
    endloop
  endfacet
  facet normal 0 1 0
    outer loop
      vertex 8.10227108002 14.5952167511 1.29604804516
      vertex 8.10227108002 14.609577179 1.29604804516
      vertex 8.08810329437 14.5952167511 1.29604804516
    endloop
  endfacet
  facet normal 0 1 0
    outer loop
      vertex 8.10227108002 14.609577179 1.29604804516
      vertex 8.08810329437 14.609577179 1.29604804516
      vertex 8.08810329437 14.5952167511 1.29604804516
    endloop
  endfacet
  facet normal 0 1 0
    outer loop
      vertex 8.11643886566 14.5952167511 1.29604804516
      vertex 8.11643886566 14.609577179 1.29604804516
      vertex 8.10227108002 14.5952167511 1.29604804516
    endloop
  endfacet
  facet normal 0 1 0
    outer loop
      vertex 8.11643886566 14.609577179 1.29604804516
      vertex 8.10227108002 14.609577179 1.29604804516
      vertex 8.10227108002 14.5952167511 1.29604804516
    endloop
  endfacet
  facet normal 0 1 0
    outer loop
      vertex 8.13060665131 14.5952167511 1.29604804516
      vertex 8.13060665131 14.609577179 1.29604804516
      vertex 8.11643886566 14.5952167511 1.29604804516
    endloop
  endfacet
  facet normal 0 1 0
    outer loop
      vertex 8.13060665131 14.609577179 1.29604804516
      vertex 8.11643886566 14.609577179 1.29604804516
      vertex 8.11643886566 14.5952167511 1.29604804516
    endloop
  endfacet
  facet normal 0 1 0
    outer loop
      vertex 8.1447725296 14.5952167511 1.29604804516
      vertex 8.1447725296 14.609577179 1.29604804516
      vertex 8.13060665131 14.5952167511 1.29604804516
    endloop
  endfacet
  facet normal 0 1 0
    outer loop
      vertex 8.1447725296 14.609577179 1.29604804516
      vertex 8.13060665131 14.609577179 1.29604804516
      vertex 8.13060665131 14.5952167511 1.29604804516
    endloop
  endfacet
  facet normal 0 1 0
    outer loop
      vertex 8.15894126892 14.5952167511 1.29604804516
      vertex 8.1447725296 14.609577179 1.29604804516
      vertex 8.1447725296 14.5952167511 1.29604804516
    endloop
  endfacet
  facet normal 0 1 0
    outer loop
      vertex 7.96059417725 14.609577179 1.29604804516
      vertex 7.96059417725 14.6239366531 1.29604804516
      vertex 7.94642591476 14.609577179 1.29604804516
    endloop
  endfacet
  facet normal 0 1 0
    outer loop
      vertex 7.96059417725 14.6239366531 1.29604804516
      vertex 7.94642591476 14.6239366531 1.29604804516
      vertex 7.94642591476 14.609577179 1.29604804516
    endloop
  endfacet
  facet normal 0 1 0
    outer loop
      vertex 7.97476100922 14.609577179 1.29604804516
      vertex 7.97476100922 14.6239366531 1.29604804516
      vertex 7.96059417725 14.609577179 1.29604804516
    endloop
  endfacet
  facet normal 0 1 0
    outer loop
      vertex 7.97476100922 14.6239366531 1.29604804516
      vertex 7.96059417725 14.6239366531 1.29604804516
      vertex 7.96059417725 14.609577179 1.29604804516
    endloop
  endfacet
  facet normal 0 1 0
    outer loop
      vertex 7.98892879486 14.609577179 1.29604804516
      vertex 7.98892879486 14.6239366531 1.29604804516
      vertex 7.97476100922 14.609577179 1.29604804516
    endloop
  endfacet
  facet normal 0 1 0
    outer loop
      vertex 7.98892879486 14.6239366531 1.29604804516
      vertex 7.97476100922 14.6239366531 1.29604804516
      vertex 7.97476100922 14.609577179 1.29604804516
    endloop
  endfacet
  facet normal 0 1 0
    outer loop
      vertex 8.00309753418 14.609577179 1.29604804516
      vertex 8.00309753418 14.6239366531 1.29604804516
      vertex 7.98892879486 14.609577179 1.29604804516
    endloop
  endfacet
  facet normal 0 1 0
    outer loop
      vertex 8.00309753418 14.6239366531 1.29604804516
      vertex 7.98892879486 14.6239366531 1.29604804516
      vertex 7.98892879486 14.609577179 1.29604804516
    endloop
  endfacet
  facet normal 0 1 0
    outer loop
      vertex 8.01726436615 14.609577179 1.29604804516
      vertex 8.01726436615 14.6239366531 1.29604804516
      vertex 8.00309753418 14.609577179 1.29604804516
    endloop
  endfacet
  facet normal 0 1 0
    outer loop
      vertex 8.01726436615 14.6239366531 1.29604804516
      vertex 8.00309753418 14.6239366531 1.29604804516
      vertex 8.00309753418 14.609577179 1.29604804516
    endloop
  endfacet
  facet normal 0 1 0
    outer loop
      vertex 8.03143215179 14.609577179 1.29604804516
      vertex 8.03143215179 14.6239366531 1.29604804516
      vertex 8.01726436615 14.609577179 1.29604804516
    endloop
  endfacet
  facet normal 0 1 0
    outer loop
      vertex 8.03143215179 14.6239366531 1.29604804516
      vertex 8.01726436615 14.6239366531 1.29604804516
      vertex 8.01726436615 14.609577179 1.29604804516
    endloop
  endfacet
  facet normal 0 1 0
    outer loop
      vertex 8.04559993744 14.609577179 1.29604804516
      vertex 8.04559993744 14.6239366531 1.29604804516
      vertex 8.03143215179 14.609577179 1.29604804516
    endloop
  endfacet
  facet normal 0 1 0
    outer loop
      vertex 8.04559993744 14.6239366531 1.29604804516
      vertex 8.03143215179 14.6239366531 1.29604804516
      vertex 8.03143215179 14.609577179 1.29604804516
    endloop
  endfacet
  facet normal 0 1 0
    outer loop
      vertex 8.05976772308 14.609577179 1.29604804516
      vertex 8.05976772308 14.6239366531 1.29604804516
      vertex 8.04559993744 14.609577179 1.29604804516
    endloop
  endfacet
  facet normal 0 1 0
    outer loop
      vertex 8.05976772308 14.6239366531 1.29604804516
      vertex 8.04559993744 14.6239366531 1.29604804516
      vertex 8.04559993744 14.609577179 1.29604804516
    endloop
  endfacet
  facet normal 0 1 0
    outer loop
      vertex 8.0739364624 14.609577179 1.29604804516
      vertex 8.0739364624 14.6239366531 1.29604804516
      vertex 8.05976772308 14.609577179 1.29604804516
    endloop
  endfacet
  facet normal 0 1 0
    outer loop
      vertex 8.0739364624 14.6239366531 1.29604804516
      vertex 8.05976772308 14.6239366531 1.29604804516
      vertex 8.05976772308 14.609577179 1.29604804516
    endloop
  endfacet
  facet normal 0 1 0
    outer loop
      vertex 8.08810329437 14.609577179 1.29604804516
      vertex 8.08810329437 14.6239366531 1.29604804516
      vertex 8.0739364624 14.609577179 1.29604804516
    endloop
  endfacet
  facet normal 0 1 0
    outer loop
      vertex 8.08810329437 14.6239366531 1.29604804516
      vertex 8.0739364624 14.6239366531 1.29604804516
      vertex 8.0739364624 14.609577179 1.29604804516
    endloop
  endfacet
  facet normal 0 1 0
    outer loop
      vertex 8.10227108002 14.609577179 1.29604804516
      vertex 8.08810329437 14.6239366531 1.29604804516
      vertex 8.08810329437 14.609577179 1.29604804516
    endloop
  endfacet
  facet normal 0 1 -0
    outer loop
      vertex 7.96059417725 14.6382961273 1.29604804516
      vertex 7.94642591476 14.6239366531 1.29604804516
      vertex 7.96059417725 14.6239366531 1.29604804516
    endloop
  endfacet
  facet normal 0 1 0
    outer loop
      vertex 7.97476100922 14.6239366531 1.29604804516
      vertex 7.97476100922 14.6382961273 1.29604804516
      vertex 7.96059417725 14.6239366531 1.29604804516
    endloop
  endfacet
  facet normal 0 1 0
    outer loop
      vertex 7.97476100922 14.6382961273 1.29604804516
      vertex 7.96059417725 14.6382961273 1.29604804516
      vertex 7.96059417725 14.6239366531 1.29604804516
    endloop
  endfacet
  facet normal 0 1 0
    outer loop
      vertex 7.98892879486 14.6239366531 1.29604804516
      vertex 7.98892879486 14.6382961273 1.29604804516
      vertex 7.97476100922 14.6239366531 1.29604804516
    endloop
  endfacet
  facet normal 0 1 0
    outer loop
      vertex 7.98892879486 14.6382961273 1.29604804516
      vertex 7.97476100922 14.6382961273 1.29604804516
      vertex 7.97476100922 14.6239366531 1.29604804516
    endloop
  endfacet
  facet normal 0 1 0
    outer loop
      vertex 8.00309753418 14.6239366531 1.29604804516
      vertex 8.00309753418 14.6382961273 1.29604804516
      vertex 7.98892879486 14.6239366531 1.29604804516
    endloop
  endfacet
  facet normal 0 1 0
    outer loop
      vertex 8.00309753418 14.6382961273 1.29604804516
      vertex 7.98892879486 14.6382961273 1.29604804516
      vertex 7.98892879486 14.6239366531 1.29604804516
    endloop
  endfacet
  facet normal 0 1 0
    outer loop
      vertex 8.01726436615 14.6239366531 1.29604804516
      vertex 8.01726436615 14.6382961273 1.29604804516
      vertex 8.00309753418 14.6239366531 1.29604804516
    endloop
  endfacet
  facet normal 0 1 0
    outer loop
      vertex 8.01726436615 14.6382961273 1.29604804516
      vertex 8.00309753418 14.6382961273 1.29604804516
      vertex 8.00309753418 14.6239366531 1.29604804516
    endloop
  endfacet
  facet normal 0 1 0
    outer loop
      vertex 8.03143215179 14.6239366531 1.29604804516
      vertex 8.03143215179 14.6382961273 1.29604804516
      vertex 8.01726436615 14.6239366531 1.29604804516
    endloop
  endfacet
  facet normal 0 1 0
    outer loop
      vertex 8.03143215179 14.6382961273 1.29604804516
      vertex 8.01726436615 14.6382961273 1.29604804516
      vertex 8.01726436615 14.6239366531 1.29604804516
    endloop
  endfacet
  facet normal 0 1 0
    outer loop
      vertex 8.04559993744 14.6239366531 1.29604804516
      vertex 8.04559993744 14.6382961273 1.29604804516
      vertex 8.03143215179 14.6239366531 1.29604804516
    endloop
  endfacet
  facet normal 0 1 0
    outer loop
      vertex 8.04559993744 14.6382961273 1.29604804516
      vertex 8.03143215179 14.6382961273 1.29604804516
      vertex 8.03143215179 14.6239366531 1.29604804516
    endloop
  endfacet
  facet normal 0 1 0
    outer loop
      vertex 8.05976772308 14.6239366531 1.29604804516
      vertex 8.04559993744 14.6382961273 1.29604804516
      vertex 8.04559993744 14.6239366531 1.29604804516
    endloop
  endfacet
  facet normal 0 1 -0
    outer loop
      vertex 7.97476100922 14.6526556015 1.29604804516
      vertex 7.96059417725 14.6382961273 1.29604804516
      vertex 7.97476100922 14.6382961273 1.29604804516
    endloop
  endfacet
  facet normal 0 1 0
    outer loop
      vertex 7.98892879486 14.6382961273 1.29604804516
      vertex 7.97476100922 14.6526556015 1.29604804516
      vertex 7.97476100922 14.6382961273 1.29604804516
    endloop
  endfacet
  facet normal 0 -0.58324611187 0.812295496464
    outer loop
      vertex 8.17310905457 14.5521383286 1.2560479641
      vertex 8.15894126892 14.5377779007 1.27604794502
      vertex 8.15894126892 14.5521383286 1.2560479641
    endloop
  endfacet
  facet normal 0 -0.58324611187 0.812295496464
    outer loop
      vertex 8.15894126892 14.5377779007 1.27604794502
      vertex 8.1447725296 14.5377779007 1.27604794502
      vertex 8.15894126892 14.5521383286 1.2560479641
    endloop
  endfacet
  facet normal 0 1 0
    outer loop
      vertex 8.01726436615 14.5377779007 1.31604802608
      vertex 8.03143215179 14.5234184265 1.31604802608
      vertex 8.03143215179 14.5377779007 1.31604802608
    endloop
  endfacet
  facet normal 0 1 0
    outer loop
      vertex 8.04559993744 14.5234184265 1.31604802608
      vertex 8.04559993744 14.5377779007 1.31604802608
      vertex 8.03143215179 14.5234184265 1.31604802608
    endloop
  endfacet
  facet normal 0 1 0
    outer loop
      vertex 8.04559993744 14.5377779007 1.31604802608
      vertex 8.03143215179 14.5377779007 1.31604802608
      vertex 8.03143215179 14.5234184265 1.31604802608
    endloop
  endfacet
  facet normal 0 1 0
    outer loop
      vertex 8.05976772308 14.5234184265 1.31604802608
      vertex 8.05976772308 14.5377779007 1.31604802608
      vertex 8.04559993744 14.5234184265 1.31604802608
    endloop
  endfacet
  facet normal 0 1 0
    outer loop
      vertex 8.05976772308 14.5377779007 1.31604802608
      vertex 8.04559993744 14.5377779007 1.31604802608
      vertex 8.04559993744 14.5234184265 1.31604802608
    endloop
  endfacet
  facet normal 0 1 0
    outer loop
      vertex 8.0739364624 14.5234184265 1.31604802608
      vertex 8.0739364624 14.5377779007 1.31604802608
      vertex 8.05976772308 14.5234184265 1.31604802608
    endloop
  endfacet
  facet normal 0 1 0
    outer loop
      vertex 8.0739364624 14.5377779007 1.31604802608
      vertex 8.05976772308 14.5377779007 1.31604802608
      vertex 8.05976772308 14.5234184265 1.31604802608
    endloop
  endfacet
  facet normal 0 1 0
    outer loop
      vertex 8.08810329437 14.5234184265 1.31604802608
      vertex 8.08810329437 14.5377779007 1.31604802608
      vertex 8.0739364624 14.5234184265 1.31604802608
    endloop
  endfacet
  facet normal 0 1 0
    outer loop
      vertex 8.08810329437 14.5377779007 1.31604802608
      vertex 8.0739364624 14.5377779007 1.31604802608
      vertex 8.0739364624 14.5234184265 1.31604802608
    endloop
  endfacet
  facet normal 0 1 0
    outer loop
      vertex 8.10227108002 14.5234184265 1.31604802608
      vertex 8.10227108002 14.5377779007 1.31604802608
      vertex 8.08810329437 14.5234184265 1.31604802608
    endloop
  endfacet
  facet normal 0 1 0
    outer loop
      vertex 8.10227108002 14.5377779007 1.31604802608
      vertex 8.08810329437 14.5377779007 1.31604802608
      vertex 8.08810329437 14.5234184265 1.31604802608
    endloop
  endfacet
  facet normal 0 -0.58324611187 0.812295496464
    outer loop
      vertex 8.15894126892 14.5521383286 1.2560479641
      vertex 8.1447725296 14.5377779007 1.27604794502
      vertex 8.1447725296 14.5521383286 1.2560479641
    endloop
  endfacet
  facet normal 0 1 0
    outer loop
      vertex 8.11643886566 14.5377779007 1.31604802608
      vertex 8.10227108002 14.5377779007 1.31604802608
      vertex 8.10227108002 14.5234184265 1.31604802608
    endloop
  endfacet
  facet normal 0 -0.58324611187 0.812295496464
    outer loop
      vertex 8.1447725296 14.5377779007 1.27604794502
      vertex 8.13060665131 14.5377779007 1.27604794502
      vertex 8.1447725296 14.5521383286 1.2560479641
    endloop
  endfacet
  facet normal 0 -0.583220303059 0.812314033508
    outer loop
      vertex 8.2156124115 14.5234184265 1.27604794502
      vertex 8.20144462585 14.5234184265 1.27604794502
      vertex 8.2156124115 14.5377779007 1.2560479641
    endloop
  endfacet
  facet normal 0 -0.583220303059 0.812314033508
    outer loop
      vertex 8.2156124115 14.5377779007 1.2560479641
      vertex 8.20144462585 14.5234184265 1.27604794502
      vertex 8.20144462585 14.5377779007 1.2560479641
    endloop
  endfacet
  facet normal -0 -1 0
    outer loop
      vertex 8.20144462585 14.5234184265 1.27604794502
      vertex 8.18727684021 14.5234184265 1.27604794502
      vertex 8.18727684021 14.5377779007 1.27604794502
    endloop
  endfacet
  facet normal -0.635603606701 -0.450255155563 0.627119123936
    outer loop
      vertex 8.20144462585 14.5377779007 1.2560479641
      vertex 8.20144462585 14.5234184265 1.27604794502
      vertex 8.18727684021 14.5377779007 1.27604794502
    endloop
  endfacet
  facet normal 0 -1 0
    outer loop
      vertex 8.18727684021 14.5377779007 1.27604794502
      vertex 8.17310905457 14.5234184265 1.27604794502
      vertex 8.17310905457 14.5377779007 1.27604794502
    endloop
  endfacet
  facet normal -0 -1 -0
    outer loop
      vertex 8.18727684021 14.5234184265 1.27604794502
      vertex 8.17310905457 14.5234184265 1.27604794502
      vertex 8.18727684021 14.5377779007 1.27604794502
    endloop
  endfacet
  facet normal 0 1 0
    outer loop
      vertex 7.98892879486 14.5521383286 1.31604802608
      vertex 8.00309753418 14.5377779007 1.31604802608
      vertex 8.00309753418 14.5521383286 1.31604802608
    endloop
  endfacet
  facet normal 0 1 0
    outer loop
      vertex 8.01726436615 14.5377779007 1.31604802608
      vertex 8.01726436615 14.5521383286 1.31604802608
      vertex 8.00309753418 14.5377779007 1.31604802608
    endloop
  endfacet
  facet normal 0 1 0
    outer loop
      vertex 8.01726436615 14.5521383286 1.31604802608
      vertex 8.00309753418 14.5521383286 1.31604802608
      vertex 8.00309753418 14.5377779007 1.31604802608
    endloop
  endfacet
  facet normal 0 1 0
    outer loop
      vertex 8.03143215179 14.5377779007 1.31604802608
      vertex 8.03143215179 14.5521383286 1.31604802608
      vertex 8.01726436615 14.5377779007 1.31604802608
    endloop
  endfacet
  facet normal 0 1 0
    outer loop
      vertex 8.03143215179 14.5521383286 1.31604802608
      vertex 8.01726436615 14.5521383286 1.31604802608
      vertex 8.01726436615 14.5377779007 1.31604802608
    endloop
  endfacet
  facet normal 0 1 0
    outer loop
      vertex 8.04559993744 14.5377779007 1.31604802608
      vertex 8.04559993744 14.5521383286 1.31604802608
      vertex 8.03143215179 14.5377779007 1.31604802608
    endloop
  endfacet
  facet normal 0 1 0
    outer loop
      vertex 8.04559993744 14.5521383286 1.31604802608
      vertex 8.03143215179 14.5521383286 1.31604802608
      vertex 8.03143215179 14.5377779007 1.31604802608
    endloop
  endfacet
  facet normal 0 1 0
    outer loop
      vertex 8.05976772308 14.5377779007 1.31604802608
      vertex 8.05976772308 14.5521383286 1.31604802608
      vertex 8.04559993744 14.5377779007 1.31604802608
    endloop
  endfacet
  facet normal 0 1 0
    outer loop
      vertex 8.05976772308 14.5521383286 1.31604802608
      vertex 8.04559993744 14.5521383286 1.31604802608
      vertex 8.04559993744 14.5377779007 1.31604802608
    endloop
  endfacet
  facet normal 0 1 0
    outer loop
      vertex 8.0739364624 14.5377779007 1.31604802608
      vertex 8.0739364624 14.5521383286 1.31604802608
      vertex 8.05976772308 14.5377779007 1.31604802608
    endloop
  endfacet
  facet normal 0 1 0
    outer loop
      vertex 8.0739364624 14.5521383286 1.31604802608
      vertex 8.05976772308 14.5521383286 1.31604802608
      vertex 8.05976772308 14.5377779007 1.31604802608
    endloop
  endfacet
  facet normal 0 1 0
    outer loop
      vertex 8.08810329437 14.5377779007 1.31604802608
      vertex 8.08810329437 14.5521383286 1.31604802608
      vertex 8.0739364624 14.5377779007 1.31604802608
    endloop
  endfacet
  facet normal 0 1 0
    outer loop
      vertex 8.08810329437 14.5521383286 1.31604802608
      vertex 8.0739364624 14.5521383286 1.31604802608
      vertex 8.0739364624 14.5377779007 1.31604802608
    endloop
  endfacet
  facet normal 0 1 0
    outer loop
      vertex 8.10227108002 14.5377779007 1.31604802608
      vertex 8.10227108002 14.5521383286 1.31604802608
      vertex 8.08810329437 14.5377779007 1.31604802608
    endloop
  endfacet
  facet normal 0 1 0
    outer loop
      vertex 8.10227108002 14.5521383286 1.31604802608
      vertex 8.08810329437 14.5521383286 1.31604802608
      vertex 8.08810329437 14.5377779007 1.31604802608
    endloop
  endfacet
  facet normal 0 1 0
    outer loop
      vertex 8.11643886566 14.5377779007 1.31604802608
      vertex 8.11643886566 14.5521383286 1.31604802608
      vertex 8.10227108002 14.5377779007 1.31604802608
    endloop
  endfacet
  facet normal 0 1 0
    outer loop
      vertex 8.11643886566 14.5521383286 1.31604802608
      vertex 8.10227108002 14.5521383286 1.31604802608
      vertex 8.10227108002 14.5377779007 1.31604802608
    endloop
  endfacet
  facet normal 0 1 0
    outer loop
      vertex 8.13060665131 14.5377779007 1.31604802608
      vertex 8.13060665131 14.5521383286 1.31604802608
      vertex 8.11643886566 14.5377779007 1.31604802608
    endloop
  endfacet
  facet normal 0 1 0
    outer loop
      vertex 8.13060665131 14.5521383286 1.31604802608
      vertex 8.11643886566 14.5521383286 1.31604802608
      vertex 8.11643886566 14.5377779007 1.31604802608
    endloop
  endfacet
  facet normal 0 -1 0
    outer loop
      vertex 8.17310905457 14.5377779007 1.27604794502
      vertex 8.15894126892 14.5234184265 1.27604794502
      vertex 8.15894126892 14.5377779007 1.27604794502
    endloop
  endfacet
  facet normal 0 1 0
    outer loop
      vertex 8.1447725296 14.5521383286 1.31604802608
      vertex 8.13060665131 14.5521383286 1.31604802608
      vertex 8.13060665131 14.5377779007 1.31604802608
    endloop
  endfacet
  facet normal -0 -1 -0
    outer loop
      vertex 8.17310905457 14.5234184265 1.27604794502
      vertex 8.15894126892 14.5234184265 1.27604794502
      vertex 8.17310905457 14.5377779007 1.27604794502
    endloop
  endfacet
  facet normal 0 -1 0
    outer loop
      vertex 8.15894126892 14.5377779007 1.27604794502
      vertex 8.1447725296 14.5234184265 1.27604794502
      vertex 8.1447725296 14.5377779007 1.27604794502
    endloop
  endfacet
  facet normal -0 -1 -0
    outer loop
      vertex 8.15894126892 14.5234184265 1.27604794502
      vertex 8.1447725296 14.5234184265 1.27604794502
      vertex 8.15894126892 14.5377779007 1.27604794502
    endloop
  endfacet
  facet normal 0 -1 0
    outer loop
      vertex 8.1447725296 14.5377779007 1.27604794502
      vertex 8.13060665131 14.5234184265 1.27604794502
      vertex 8.13060665131 14.5377779007 1.27604794502
    endloop
  endfacet
  facet normal -0 -1 -0
    outer loop
      vertex 8.1447725296 14.5234184265 1.27604794502
      vertex 8.13060665131 14.5234184265 1.27604794502
      vertex 8.1447725296 14.5377779007 1.27604794502
    endloop
  endfacet
  facet normal -0 -1 -0
    outer loop
      vertex 8.13060665131 14.5234184265 1.27604794502
      vertex 8.11643886566 14.5234184265 1.27604794502
      vertex 8.13060665131 14.5377779007 1.27604794502
    endloop
  endfacet
  facet normal 0 1 0
    outer loop
      vertex 7.97476100922 14.5664978027 1.31604802608
      vertex 7.98892879486 14.5521383286 1.31604802608
      vertex 7.98892879486 14.5664978027 1.31604802608
    endloop
  endfacet
  facet normal 0 1 0
    outer loop
      vertex 8.00309753418 14.5521383286 1.31604802608
      vertex 8.00309753418 14.5664978027 1.31604802608
      vertex 7.98892879486 14.5521383286 1.31604802608
    endloop
  endfacet
  facet normal 0 1 0
    outer loop
      vertex 8.00309753418 14.5664978027 1.31604802608
      vertex 7.98892879486 14.5664978027 1.31604802608
      vertex 7.98892879486 14.5521383286 1.31604802608
    endloop
  endfacet
  facet normal 0 1 0
    outer loop
      vertex 8.01726436615 14.5521383286 1.31604802608
      vertex 8.01726436615 14.5664978027 1.31604802608
      vertex 8.00309753418 14.5521383286 1.31604802608
    endloop
  endfacet
  facet normal 0 1 0
    outer loop
      vertex 8.01726436615 14.5664978027 1.31604802608
      vertex 8.00309753418 14.5664978027 1.31604802608
      vertex 8.00309753418 14.5521383286 1.31604802608
    endloop
  endfacet
  facet normal 0 1 0
    outer loop
      vertex 8.03143215179 14.5521383286 1.31604802608
      vertex 8.03143215179 14.5664978027 1.31604802608
      vertex 8.01726436615 14.5521383286 1.31604802608
    endloop
  endfacet
  facet normal 0 1 0
    outer loop
      vertex 8.03143215179 14.5664978027 1.31604802608
      vertex 8.01726436615 14.5664978027 1.31604802608
      vertex 8.01726436615 14.5521383286 1.31604802608
    endloop
  endfacet
  facet normal 0 1 0
    outer loop
      vertex 8.04559993744 14.5521383286 1.31604802608
      vertex 8.04559993744 14.5664978027 1.31604802608
      vertex 8.03143215179 14.5521383286 1.31604802608
    endloop
  endfacet
  facet normal 0 1 0
    outer loop
      vertex 8.04559993744 14.5664978027 1.31604802608
      vertex 8.03143215179 14.5664978027 1.31604802608
      vertex 8.03143215179 14.5521383286 1.31604802608
    endloop
  endfacet
  facet normal 0 1 0
    outer loop
      vertex 8.05976772308 14.5521383286 1.31604802608
      vertex 8.05976772308 14.5664978027 1.31604802608
      vertex 8.04559993744 14.5521383286 1.31604802608
    endloop
  endfacet
  facet normal 0 1 0
    outer loop
      vertex 8.05976772308 14.5664978027 1.31604802608
      vertex 8.04559993744 14.5664978027 1.31604802608
      vertex 8.04559993744 14.5521383286 1.31604802608
    endloop
  endfacet
  facet normal 0 1 0
    outer loop
      vertex 8.0739364624 14.5521383286 1.31604802608
      vertex 8.0739364624 14.5664978027 1.31604802608
      vertex 8.05976772308 14.5521383286 1.31604802608
    endloop
  endfacet
  facet normal 0 1 0
    outer loop
      vertex 8.0739364624 14.5664978027 1.31604802608
      vertex 8.05976772308 14.5664978027 1.31604802608
      vertex 8.05976772308 14.5521383286 1.31604802608
    endloop
  endfacet
  facet normal 0 1 0
    outer loop
      vertex 8.08810329437 14.5521383286 1.31604802608
      vertex 8.08810329437 14.5664978027 1.31604802608
      vertex 8.0739364624 14.5521383286 1.31604802608
    endloop
  endfacet
  facet normal 0 1 0
    outer loop
      vertex 8.08810329437 14.5664978027 1.31604802608
      vertex 8.0739364624 14.5664978027 1.31604802608
      vertex 8.0739364624 14.5521383286 1.31604802608
    endloop
  endfacet
  facet normal 0 1 0
    outer loop
      vertex 8.10227108002 14.5521383286 1.31604802608
      vertex 8.10227108002 14.5664978027 1.31604802608
      vertex 8.08810329437 14.5521383286 1.31604802608
    endloop
  endfacet
  facet normal 0 1 0
    outer loop
      vertex 8.10227108002 14.5664978027 1.31604802608
      vertex 8.08810329437 14.5664978027 1.31604802608
      vertex 8.08810329437 14.5521383286 1.31604802608
    endloop
  endfacet
  facet normal 0 1 0
    outer loop
      vertex 8.11643886566 14.5521383286 1.31604802608
      vertex 8.11643886566 14.5664978027 1.31604802608
      vertex 8.10227108002 14.5521383286 1.31604802608
    endloop
  endfacet
  facet normal 0 1 0
    outer loop
      vertex 8.11643886566 14.5664978027 1.31604802608
      vertex 8.10227108002 14.5664978027 1.31604802608
      vertex 8.10227108002 14.5521383286 1.31604802608
    endloop
  endfacet
  facet normal 0 1 0
    outer loop
      vertex 8.13060665131 14.5521383286 1.31604802608
      vertex 8.13060665131 14.5664978027 1.31604802608
      vertex 8.11643886566 14.5521383286 1.31604802608
    endloop
  endfacet
  facet normal 0 1 0
    outer loop
      vertex 8.13060665131 14.5664978027 1.31604802608
      vertex 8.11643886566 14.5664978027 1.31604802608
      vertex 8.11643886566 14.5521383286 1.31604802608
    endloop
  endfacet
  facet normal 0 1 0
    outer loop
      vertex 8.1447725296 14.5521383286 1.31604802608
      vertex 8.1447725296 14.5664978027 1.31604802608
      vertex 8.13060665131 14.5521383286 1.31604802608
    endloop
  endfacet
  facet normal 0 1 0
    outer loop
      vertex 8.1447725296 14.5664978027 1.31604802608
      vertex 8.13060665131 14.5664978027 1.31604802608
      vertex 8.13060665131 14.5521383286 1.31604802608
    endloop
  endfacet
  facet normal 0 1 0
    outer loop
      vertex 8.15894126892 14.5521383286 1.31604802608
      vertex 8.15894126892 14.5664978027 1.31604802608
      vertex 8.1447725296 14.5521383286 1.31604802608
    endloop
  endfacet
  facet normal 0 1 0
    outer loop
      vertex 8.15894126892 14.5664978027 1.31604802608
      vertex 8.1447725296 14.5664978027 1.31604802608
      vertex 8.1447725296 14.5521383286 1.31604802608
    endloop
  endfacet
  facet normal 0 1 0
    outer loop
      vertex 8.17310905457 14.5521383286 1.31604802608
      vertex 8.15894126892 14.5664978027 1.31604802608
      vertex 8.15894126892 14.5521383286 1.31604802608
    endloop
  endfacet
  facet normal 0 1 0
    outer loop
      vertex 7.98892879486 14.5664978027 1.31604802608
      vertex 7.98892879486 14.5808572769 1.31604802608
      vertex 7.97476100922 14.5664978027 1.31604802608
    endloop
  endfacet
  facet normal 0 1 0
    outer loop
      vertex 7.98892879486 14.5808572769 1.31604802608
      vertex 7.97476100922 14.5808572769 1.31604802608
      vertex 7.97476100922 14.5664978027 1.31604802608
    endloop
  endfacet
  facet normal 0 1 0
    outer loop
      vertex 8.00309753418 14.5664978027 1.31604802608
      vertex 8.00309753418 14.5808572769 1.31604802608
      vertex 7.98892879486 14.5664978027 1.31604802608
    endloop
  endfacet
  facet normal 0 1 0
    outer loop
      vertex 8.00309753418 14.5808572769 1.31604802608
      vertex 7.98892879486 14.5808572769 1.31604802608
      vertex 7.98892879486 14.5664978027 1.31604802608
    endloop
  endfacet
  facet normal 0 1 0
    outer loop
      vertex 8.01726436615 14.5664978027 1.31604802608
      vertex 8.01726436615 14.5808572769 1.31604802608
      vertex 8.00309753418 14.5664978027 1.31604802608
    endloop
  endfacet
  facet normal 0 1 0
    outer loop
      vertex 8.01726436615 14.5808572769 1.31604802608
      vertex 8.00309753418 14.5808572769 1.31604802608
      vertex 8.00309753418 14.5664978027 1.31604802608
    endloop
  endfacet
  facet normal 0 1 0
    outer loop
      vertex 8.03143215179 14.5664978027 1.31604802608
      vertex 8.03143215179 14.5808572769 1.31604802608
      vertex 8.01726436615 14.5664978027 1.31604802608
    endloop
  endfacet
  facet normal 0 1 0
    outer loop
      vertex 8.03143215179 14.5808572769 1.31604802608
      vertex 8.01726436615 14.5808572769 1.31604802608
      vertex 8.01726436615 14.5664978027 1.31604802608
    endloop
  endfacet
  facet normal 0 1 0
    outer loop
      vertex 8.04559993744 14.5664978027 1.31604802608
      vertex 8.04559993744 14.5808572769 1.31604802608
      vertex 8.03143215179 14.5664978027 1.31604802608
    endloop
  endfacet
  facet normal 0 1 0
    outer loop
      vertex 8.04559993744 14.5808572769 1.31604802608
      vertex 8.03143215179 14.5808572769 1.31604802608
      vertex 8.03143215179 14.5664978027 1.31604802608
    endloop
  endfacet
  facet normal 0 1 0
    outer loop
      vertex 8.05976772308 14.5664978027 1.31604802608
      vertex 8.05976772308 14.5808572769 1.31604802608
      vertex 8.04559993744 14.5664978027 1.31604802608
    endloop
  endfacet
  facet normal 0 1 0
    outer loop
      vertex 8.05976772308 14.5808572769 1.31604802608
      vertex 8.04559993744 14.5808572769 1.31604802608
      vertex 8.04559993744 14.5664978027 1.31604802608
    endloop
  endfacet
  facet normal 0 1 0
    outer loop
      vertex 8.0739364624 14.5664978027 1.31604802608
      vertex 8.0739364624 14.5808572769 1.31604802608
      vertex 8.05976772308 14.5664978027 1.31604802608
    endloop
  endfacet
  facet normal 0 1 0
    outer loop
      vertex 8.0739364624 14.5808572769 1.31604802608
      vertex 8.05976772308 14.5808572769 1.31604802608
      vertex 8.05976772308 14.5664978027 1.31604802608
    endloop
  endfacet
  facet normal 0 1 0
    outer loop
      vertex 8.08810329437 14.5664978027 1.31604802608
      vertex 8.08810329437 14.5808572769 1.31604802608
      vertex 8.0739364624 14.5664978027 1.31604802608
    endloop
  endfacet
  facet normal 0 1 0
    outer loop
      vertex 8.08810329437 14.5808572769 1.31604802608
      vertex 8.0739364624 14.5808572769 1.31604802608
      vertex 8.0739364624 14.5664978027 1.31604802608
    endloop
  endfacet
  facet normal 0 1 0
    outer loop
      vertex 8.10227108002 14.5664978027 1.31604802608
      vertex 8.10227108002 14.5808572769 1.31604802608
      vertex 8.08810329437 14.5664978027 1.31604802608
    endloop
  endfacet
  facet normal 0 1 0
    outer loop
      vertex 8.10227108002 14.5808572769 1.31604802608
      vertex 8.08810329437 14.5808572769 1.31604802608
      vertex 8.08810329437 14.5664978027 1.31604802608
    endloop
  endfacet
  facet normal 0 1 0
    outer loop
      vertex 8.11643886566 14.5664978027 1.31604802608
      vertex 8.11643886566 14.5808572769 1.31604802608
      vertex 8.10227108002 14.5664978027 1.31604802608
    endloop
  endfacet
  facet normal 0 1 0
    outer loop
      vertex 8.11643886566 14.5808572769 1.31604802608
      vertex 8.10227108002 14.5808572769 1.31604802608
      vertex 8.10227108002 14.5664978027 1.31604802608
    endloop
  endfacet
  facet normal 0 1 0
    outer loop
      vertex 8.13060665131 14.5664978027 1.31604802608
      vertex 8.11643886566 14.5808572769 1.31604802608
      vertex 8.11643886566 14.5664978027 1.31604802608
    endloop
  endfacet
  facet normal 0 1 0
    outer loop
      vertex 7.98892879486 14.5808572769 1.31604802608
      vertex 7.98892879486 14.5952167511 1.31604802608
      vertex 7.97476100922 14.5808572769 1.31604802608
    endloop
  endfacet
  facet normal 0 1 0
    outer loop
      vertex 7.98892879486 14.5952167511 1.31604802608
      vertex 7.97476100922 14.5952167511 1.31604802608
      vertex 7.97476100922 14.5808572769 1.31604802608
    endloop
  endfacet
  facet normal 0 1 0
    outer loop
      vertex 8.00309753418 14.5808572769 1.31604802608
      vertex 8.00309753418 14.5952167511 1.31604802608
      vertex 7.98892879486 14.5808572769 1.31604802608
    endloop
  endfacet
  facet normal 0 1 0
    outer loop
      vertex 8.00309753418 14.5952167511 1.31604802608
      vertex 7.98892879486 14.5952167511 1.31604802608
      vertex 7.98892879486 14.5808572769 1.31604802608
    endloop
  endfacet
  facet normal 0 1 0
    outer loop
      vertex 8.01726436615 14.5808572769 1.31604802608
      vertex 8.01726436615 14.5952167511 1.31604802608
      vertex 8.00309753418 14.5808572769 1.31604802608
    endloop
  endfacet
  facet normal 0 1 0
    outer loop
      vertex 8.01726436615 14.5952167511 1.31604802608
      vertex 8.00309753418 14.5952167511 1.31604802608
      vertex 8.00309753418 14.5808572769 1.31604802608
    endloop
  endfacet
  facet normal 0 1 0
    outer loop
      vertex 8.03143215179 14.5808572769 1.31604802608
      vertex 8.03143215179 14.5952167511 1.31604802608
      vertex 8.01726436615 14.5808572769 1.31604802608
    endloop
  endfacet
  facet normal 0 1 0
    outer loop
      vertex 8.03143215179 14.5952167511 1.31604802608
      vertex 8.01726436615 14.5952167511 1.31604802608
      vertex 8.01726436615 14.5808572769 1.31604802608
    endloop
  endfacet
  facet normal 0 1 0
    outer loop
      vertex 8.04559993744 14.5808572769 1.31604802608
      vertex 8.03143215179 14.5952167511 1.31604802608
      vertex 8.03143215179 14.5808572769 1.31604802608
    endloop
  endfacet
endsolid "OPX029-R"
